stable_id,crop,year,production_mt,area_ha,area_type,yield_mt_ha,sif_annual_mean,n_months,sif_season_window
VN.ADM1.00002,cassava,2001,60900.0,6600.0,planted,9.227272727272727,0.20035469983333334,12,"months [1, 2, 3, 4, 5, 6, 7, 8, 9, 10, 11, 12] (researched, unverified)"
VN.ADM1.00002,cassava,2002,67800.0,7100.0,planted,9.549295774647888,0.192354985,12,"months [1, 2, 3, 4, 5, 6, 7, 8, 9, 10, 11, 12] (researched, unverified)"
VN.ADM1.00002,cassava,2003,70200.0,6900.0,planted,10.173913043478262,0.20806967583333333,12,"months [1, 2, 3, 4, 5, 6, 7, 8, 9, 10, 11, 12] (researched, unverified)"
VN.ADM1.00002,cassava,2004,70500.0,7100.0,planted,9.929577464788732,0.18482638058333334,12,"months [1, 2, 3, 4, 5, 6, 7, 8, 9, 10, 11, 12] (researched, unverified)"
VN.ADM1.00002,cassava,2005,56200.0,5700.0,planted,9.859649122807017,0.19429126433333332,12,"months [1, 2, 3, 4, 5, 6, 7, 8, 9, 10, 11, 12] (researched, unverified)"
VN.ADM1.00002,cassava,2006,59300.0,5900.0,planted,10.05084745762712,0.18808094825,12,"months [1, 2, 3, 4, 5, 6, 7, 8, 9, 10, 11, 12] (researched, unverified)"
VN.ADM1.00002,cassava,2007,59500.0,5800.0,planted,10.258620689655173,0.19750269883333335,12,"months [1, 2, 3, 4, 5, 6, 7, 8, 9, 10, 11, 12] (researched, unverified)"
VN.ADM1.00002,cassava,2008,67300.0,6300.0,planted,10.682539682539682,0.19901310366666666,12,"months [1, 2, 3, 4, 5, 6, 7, 8, 9, 10, 11, 12] (researched, unverified)"
VN.ADM1.00002,cassava,2009,77500.0,6000.0,planted,12.916666666666666,0.20395096591666664,12,"months [1, 2, 3, 4, 5, 6, 7, 8, 9, 10, 11, 12] (researched, unverified)"
VN.ADM1.00002,cassava,2010,79500.0,6100.0,planted,13.032786885245901,0.20186605166666668,12,"months [1, 2, 3, 4, 5, 6, 7, 8, 9, 10, 11, 12] (researched, unverified)"
VN.ADM1.00002,cassava,2011,80600.0,6200.0,planted,13.0,0.18774624458333333,12,"months [1, 2, 3, 4, 5, 6, 7, 8, 9, 10, 11, 12] (researched, unverified)"
VN.ADM1.00002,cassava,2012,82800.0,6300.0,planted,13.142857142857142,0.17489425033333336,12,"months [1, 2, 3, 4, 5, 6, 7, 8, 9, 10, 11, 12] (researched, unverified)"
VN.ADM1.00002,cassava,2013,88900.0,6800.0,planted,13.073529411764707,0.18869491666666668,12,"months [1, 2, 3, 4, 5, 6, 7, 8, 9, 10, 11, 12] (researched, unverified)"
VN.ADM1.00002,cassava,2014,85900.0,6600.0,planted,13.015151515151516,0.19272424058333334,12,"months [1, 2, 3, 4, 5, 6, 7, 8, 9, 10, 11, 12] (researched, unverified)"
VN.ADM1.00002,cassava,2015,82200.0,6400.0,planted,12.84375,0.20786976658333334,12,"months [1, 2, 3, 4, 5, 6, 7, 8, 9, 10, 11, 12] (researched, unverified)"
VN.ADM1.00002,cassava,2016,75000.0,5800.0,planted,12.931034482758621,0.21167639291666665,12,"months [1, 2, 3, 4, 5, 6, 7, 8, 9, 10, 11, 12] (researched, unverified)"
VN.ADM1.00003,cassava,2001,4700.0,,,,0.20425248416666666,12,"months [1, 2, 3, 4, 5, 6, 7, 8, 9, 10, 11, 12] (researched, unverified)"
VN.ADM1.00003,cassava,2002,4900.0,,,,0.20805856416666668,12,"months [1, 2, 3, 4, 5, 6, 7, 8, 9, 10, 11, 12] (researched, unverified)"
VN.ADM1.00003,cassava,2003,4400.0,,,,0.20622054,12,"months [1, 2, 3, 4, 5, 6, 7, 8, 9, 10, 11, 12] (researched, unverified)"
VN.ADM1.00003,cassava,2004,3700.0,,,,0.20076412749999997,12,"months [1, 2, 3, 4, 5, 6, 7, 8, 9, 10, 11, 12] (researched, unverified)"
VN.ADM1.00003,cassava,2005,3700.0,,,,0.20645564000000002,12,"months [1, 2, 3, 4, 5, 6, 7, 8, 9, 10, 11, 12] (researched, unverified)"
VN.ADM1.00003,cassava,2006,2100.0,,,,0.20409325833333333,12,"months [1, 2, 3, 4, 5, 6, 7, 8, 9, 10, 11, 12] (researched, unverified)"
VN.ADM1.00003,cassava,2007,2500.0,,,,0.21806742999999998,12,"months [1, 2, 3, 4, 5, 6, 7, 8, 9, 10, 11, 12] (researched, unverified)"
VN.ADM1.00003,cassava,2008,2200.0,,,,0.20976442916666668,12,"months [1, 2, 3, 4, 5, 6, 7, 8, 9, 10, 11, 12] (researched, unverified)"
VN.ADM1.00003,cassava,2009,15000.0,,,,0.21978035166666665,12,"months [1, 2, 3, 4, 5, 6, 7, 8, 9, 10, 11, 12] (researched, unverified)"
VN.ADM1.00004,cassava,2001,82600.0,11500.0,planted,7.182608695652174,0.16383197641666666,12,"months [1, 2, 3, 4, 5, 6, 7, 8, 9, 10, 11, 12] (researched, unverified)"
VN.ADM1.00004,cassava,2002,104900.0,12600.0,planted,8.325396825396826,0.15275410733333333,12,"months [1, 2, 3, 4, 5, 6, 7, 8, 9, 10, 11, 12] (researched, unverified)"
VN.ADM1.00004,cassava,2003,161700.0,14900.0,planted,10.85234899328859,0.16021817541666666,12,"months [1, 2, 3, 4, 5, 6, 7, 8, 9, 10, 11, 12] (researched, unverified)"
VN.ADM1.00004,cassava,2004,212600.0,17700.0,planted,12.01129943502825,0.14701407275,12,"months [1, 2, 3, 4, 5, 6, 7, 8, 9, 10, 11, 12] (researched, unverified)"
VN.ADM1.00004,cassava,2005,299000.0,20000.0,planted,14.95,0.14099977025000002,12,"months [1, 2, 3, 4, 5, 6, 7, 8, 9, 10, 11, 12] (researched, unverified)"
VN.ADM1.00004,cassava,2006,359600.0,22500.0,planted,15.982222222222223,0.15557928000000001,12,"months [1, 2, 3, 4, 5, 6, 7, 8, 9, 10, 11, 12] (researched, unverified)"
VN.ADM1.00004,cassava,2007,379500.0,23200.0,planted,16.357758620689655,0.149720612,12,"months [1, 2, 3, 4, 5, 6, 7, 8, 9, 10, 11, 12] (researched, unverified)"
VN.ADM1.00004,cassava,2008,385100.0,23300.0,planted,16.527896995708154,0.150382765,12,"months [1, 2, 3, 4, 5, 6, 7, 8, 9, 10, 11, 12] (researched, unverified)"
VN.ADM1.00004,cassava,2009,385500.0,22600.0,planted,17.057522123893804,0.15874387941666668,12,"months [1, 2, 3, 4, 5, 6, 7, 8, 9, 10, 11, 12] (researched, unverified)"
VN.ADM1.00004,cassava,2010,382300.0,22800.0,planted,16.767543859649123,0.15898891941666668,12,"months [1, 2, 3, 4, 5, 6, 7, 8, 9, 10, 11, 12] (researched, unverified)"
VN.ADM1.00004,cassava,2011,417400.0,24200.0,planted,17.24793388429752,0.13430053849999998,12,"months [1, 2, 3, 4, 5, 6, 7, 8, 9, 10, 11, 12] (researched, unverified)"
VN.ADM1.00004,cassava,2012,406100.0,24000.0,planted,16.920833333333334,0.16520875533333332,12,"months [1, 2, 3, 4, 5, 6, 7, 8, 9, 10, 11, 12] (researched, unverified)"
VN.ADM1.00004,cassava,2013,407400.0,23800.0,planted,17.11764705882353,0.15951555916666668,12,"months [1, 2, 3, 4, 5, 6, 7, 8, 9, 10, 11, 12] (researched, unverified)"
VN.ADM1.00004,cassava,2014,429200.0,24600.0,planted,17.447154471544714,0.15623525958333334,12,"months [1, 2, 3, 4, 5, 6, 7, 8, 9, 10, 11, 12] (researched, unverified)"
VN.ADM1.00004,cassava,2015,454700.0,26100.0,planted,17.421455938697317,0.17703395441666667,12,"months [1, 2, 3, 4, 5, 6, 7, 8, 9, 10, 11, 12] (researched, unverified)"
VN.ADM1.00004,cassava,2016,479800.0,27000.0,planted,17.77037037037037,0.16122101633333333,12,"months [1, 2, 3, 4, 5, 6, 7, 8, 9, 10, 11, 12] (researched, unverified)"
VN.ADM1.00005,cassava,2001,13000.0,1600.0,planted,8.125,0.17185542941666668,12,"months [1, 2, 3, 4, 5, 6, 7, 8, 9, 10, 11, 12] (researched, unverified)"
VN.ADM1.00005,cassava,2002,12800.0,1600.0,planted,8.0,0.16768465566666668,12,"months [1, 2, 3, 4, 5, 6, 7, 8, 9, 10, 11, 12] (researched, unverified)"
VN.ADM1.00005,cassava,2003,14400.0,1700.0,planted,8.470588235294118,0.17877669133333332,12,"months [1, 2, 3, 4, 5, 6, 7, 8, 9, 10, 11, 12] (researched, unverified)"
VN.ADM1.00005,cassava,2004,20600.0,2300.0,planted,8.956521739130435,0.16075380041666668,12,"months [1, 2, 3, 4, 5, 6, 7, 8, 9, 10, 11, 12] (researched, unverified)"
VN.ADM1.00005,cassava,2005,21600.0,2200.0,planted,9.818181818181818,0.17131007875,12,"months [1, 2, 3, 4, 5, 6, 7, 8, 9, 10, 11, 12] (researched, unverified)"
VN.ADM1.00005,cassava,2006,19400.0,2000.0,planted,9.7,0.16948421466666666,12,"months [1, 2, 3, 4, 5, 6, 7, 8, 9, 10, 11, 12] (researched, unverified)"
VN.ADM1.00005,cassava,2007,20700.0,2100.0,planted,9.857142857142858,0.1841354015,12,"months [1, 2, 3, 4, 5, 6, 7, 8, 9, 10, 11, 12] (researched, unverified)"
VN.ADM1.00005,cassava,2008,21600.0,2100.0,planted,10.285714285714286,0.17849887516666665,12,"months [1, 2, 3, 4, 5, 6, 7, 8, 9, 10, 11, 12] (researched, unverified)"
VN.ADM1.00005,cassava,2009,20600.0,2100.0,planted,9.80952380952381,0.17995998324999998,12,"months [1, 2, 3, 4, 5, 6, 7, 8, 9, 10, 11, 12] (researched, unverified)"
VN.ADM1.00005,cassava,2010,22700.0,2300.0,planted,9.869565217391305,0.17574039283333331,12,"months [1, 2, 3, 4, 5, 6, 7, 8, 9, 10, 11, 12] (researched, unverified)"
VN.ADM1.00005,cassava,2011,33600.0,2600.0,planted,12.923076923076923,0.17708398133333333,12,"months [1, 2, 3, 4, 5, 6, 7, 8, 9, 10, 11, 12] (researched, unverified)"
VN.ADM1.00005,cassava,2012,32200.0,2700.0,planted,11.925925925925926,0.162274208,12,"months [1, 2, 3, 4, 5, 6, 7, 8, 9, 10, 11, 12] (researched, unverified)"
VN.ADM1.00005,cassava,2013,40800.0,3000.0,planted,13.6,0.17798697233333335,12,"months [1, 2, 3, 4, 5, 6, 7, 8, 9, 10, 11, 12] (researched, unverified)"
VN.ADM1.00005,cassava,2014,45100.0,3200.0,planted,14.09375,0.18737078958333334,12,"months [1, 2, 3, 4, 5, 6, 7, 8, 9, 10, 11, 12] (researched, unverified)"
VN.ADM1.00005,cassava,2015,59900.0,4000.0,planted,14.975,0.19038044708333335,12,"months [1, 2, 3, 4, 5, 6, 7, 8, 9, 10, 11, 12] (researched, unverified)"
VN.ADM1.00005,cassava,2016,51900.0,3500.0,planted,14.82857142857143,0.199421057,12,"months [1, 2, 3, 4, 5, 6, 7, 8, 9, 10, 11, 12] (researched, unverified)"
VN.ADM1.00006,cassava,2001,3500.0,300.0,planted,11.666666666666666,0.15306222458333332,12,"months [1, 2, 3, 4, 5, 6, 7, 8, 9, 10, 11, 12] (researched, unverified)"
VN.ADM1.00006,cassava,2002,2800.0,200.0,planted,14.0,0.16059871333333334,12,"months [1, 2, 3, 4, 5, 6, 7, 8, 9, 10, 11, 12] (researched, unverified)"
VN.ADM1.00006,cassava,2003,2100.0,200.0,planted,10.5,0.15099680716666666,12,"months [1, 2, 3, 4, 5, 6, 7, 8, 9, 10, 11, 12] (researched, unverified)"
VN.ADM1.00006,cassava,2004,1800.0,100.0,planted,18.0,0.13566007883333334,12,"months [1, 2, 3, 4, 5, 6, 7, 8, 9, 10, 11, 12] (researched, unverified)"
VN.ADM1.00006,cassava,2005,2400.0,200.0,planted,12.0,0.13774895875,12,"months [1, 2, 3, 4, 5, 6, 7, 8, 9, 10, 11, 12] (researched, unverified)"
VN.ADM1.00006,cassava,2006,3000.0,200.0,planted,15.0,0.143166278,12,"months [1, 2, 3, 4, 5, 6, 7, 8, 9, 10, 11, 12] (researched, unverified)"
VN.ADM1.00006,cassava,2007,3000.0,200.0,planted,15.0,0.15350995666666667,12,"months [1, 2, 3, 4, 5, 6, 7, 8, 9, 10, 11, 12] (researched, unverified)"
VN.ADM1.00006,cassava,2008,2800.0,200.0,planted,14.0,0.15119112283333333,12,"months [1, 2, 3, 4, 5, 6, 7, 8, 9, 10, 11, 12] (researched, unverified)"
VN.ADM1.00006,cassava,2009,3100.0,200.0,planted,15.5,0.1641416445,12,"months [1, 2, 3, 4, 5, 6, 7, 8, 9, 10, 11, 12] (researched, unverified)"
VN.ADM1.00006,cassava,2010,3100.0,200.0,planted,15.5,0.16826623249999997,12,"months [1, 2, 3, 4, 5, 6, 7, 8, 9, 10, 11, 12] (researched, unverified)"
VN.ADM1.00006,cassava,2011,3200.0,,,,0.16634612916666666,12,"months [1, 2, 3, 4, 5, 6, 7, 8, 9, 10, 11, 12] (researched, unverified)"
VN.ADM1.00006,cassava,2012,3200.0,200.0,planted,16.0,0.17063251000000002,12,"months [1, 2, 3, 4, 5, 6, 7, 8, 9, 10, 11, 12] (researched, unverified)"
VN.ADM1.00006,cassava,2013,2700.0,200.0,planted,13.5,0.164953075,12,"months [1, 2, 3, 4, 5, 6, 7, 8, 9, 10, 11, 12] (researched, unverified)"
VN.ADM1.00006,cassava,2014,2900.0,200.0,planted,14.5,0.16813242916666668,12,"months [1, 2, 3, 4, 5, 6, 7, 8, 9, 10, 11, 12] (researched, unverified)"
VN.ADM1.00006,cassava,2015,3000.0,200.0,planted,15.0,0.16735420950000002,12,"months [1, 2, 3, 4, 5, 6, 7, 8, 9, 10, 11, 12] (researched, unverified)"
VN.ADM1.00006,cassava,2016,20400.0,200.0,planted,102.0,0.16348984833333333,12,"months [1, 2, 3, 4, 5, 6, 7, 8, 9, 10, 11, 12] (researched, unverified)"
VN.ADM1.00007,cassava,2001,50500.0,4400.0,planted,11.477272727272727,0.23695249916666664,12,"months [1, 2, 3, 4, 5, 6, 7, 8, 9, 10, 11, 12] (researched, unverified)"
VN.ADM1.00007,cassava,2002,266400.0,12600.0,planted,21.142857142857142,0.21690561500000002,12,"months [1, 2, 3, 4, 5, 6, 7, 8, 9, 10, 11, 12] (researched, unverified)"
VN.ADM1.00007,cassava,2003,374900.0,16500.0,planted,22.721212121212123,0.23234150583333335,12,"months [1, 2, 3, 4, 5, 6, 7, 8, 9, 10, 11, 12] (researched, unverified)"
VN.ADM1.00007,cassava,2004,419700.0,17700.0,planted,23.71186440677966,0.21360271249999999,12,"months [1, 2, 3, 4, 5, 6, 7, 8, 9, 10, 11, 12] (researched, unverified)"
VN.ADM1.00007,cassava,2005,677200.0,28600.0,planted,23.678321678321677,0.19576247258333335,12,"months [1, 2, 3, 4, 5, 6, 7, 8, 9, 10, 11, 12] (researched, unverified)"
VN.ADM1.00007,cassava,2006,986800.0,44500.0,planted,22.175280898876405,0.23264318250000002,12,"months [1, 2, 3, 4, 5, 6, 7, 8, 9, 10, 11, 12] (researched, unverified)"
VN.ADM1.00007,cassava,2007,875600.0,41000.0,planted,21.35609756097561,0.22013889,12,"months [1, 2, 3, 4, 5, 6, 7, 8, 9, 10, 11, 12] (researched, unverified)"
VN.ADM1.00007,cassava,2008,950600.0,47100.0,planted,20.182590233545646,0.22711863,12,"months [1, 2, 3, 4, 5, 6, 7, 8, 9, 10, 11, 12] (researched, unverified)"
VN.ADM1.00007,cassava,2009,745800.0,41300.0,planted,18.058111380145277,0.2343067375,12,"months [1, 2, 3, 4, 5, 6, 7, 8, 9, 10, 11, 12] (researched, unverified)"
VN.ADM1.00007,cassava,2010,759600.0,40600.0,planted,18.70935960591133,0.22856795249999998,12,"months [1, 2, 3, 4, 5, 6, 7, 8, 9, 10, 11, 12] (researched, unverified)"
VN.ADM1.00007,cassava,2011,936200.0,49700.0,planted,18.83702213279678,0.2201660275,12,"months [1, 2, 3, 4, 5, 6, 7, 8, 9, 10, 11, 12] (researched, unverified)"
VN.ADM1.00007,cassava,2012,867900.0,48500.0,planted,17.894845360824743,0.23705065916666668,12,"months [1, 2, 3, 4, 5, 6, 7, 8, 9, 10, 11, 12] (researched, unverified)"
VN.ADM1.00007,cassava,2013,918800.0,50400.0,planted,18.23015873015873,0.22668766166666665,12,"months [1, 2, 3, 4, 5, 6, 7, 8, 9, 10, 11, 12] (researched, unverified)"
VN.ADM1.00007,cassava,2014,933000.0,51600.0,planted,18.08139534883721,0.22423322,12,"months [1, 2, 3, 4, 5, 6, 7, 8, 9, 10, 11, 12] (researched, unverified)"
VN.ADM1.00007,cassava,2015,1011900.0,53600.0,planted,18.878731343283583,0.22571111416666667,12,"months [1, 2, 3, 4, 5, 6, 7, 8, 9, 10, 11, 12] (researched, unverified)"
VN.ADM1.00007,cassava,2016,954000.0,51300.0,planted,18.596491228070175,0.21924616333333335,12,"months [1, 2, 3, 4, 5, 6, 7, 8, 9, 10, 11, 12] (researched, unverified)"
VN.ADM1.00008,cassava,2001,424300.0,22800.0,planted,18.609649122807017,0.2418800175,12,"months [1, 2, 3, 4, 5, 6, 7, 8, 9, 10, 11, 12] (researched, unverified)"
VN.ADM1.00008,cassava,2002,389800.0,21200.0,planted,18.38679245283019,0.22837515833333333,12,"months [1, 2, 3, 4, 5, 6, 7, 8, 9, 10, 11, 12] (researched, unverified)"
VN.ADM1.00008,cassava,2003,478900.0,24500.0,planted,19.546938775510203,0.2408662016666667,12,"months [1, 2, 3, 4, 5, 6, 7, 8, 9, 10, 11, 12] (researched, unverified)"
VN.ADM1.00008,cassava,2004,518400.0,25500.0,planted,20.32941176470588,0.22336017916666664,12,"months [1, 2, 3, 4, 5, 6, 7, 8, 9, 10, 11, 12] (researched, unverified)"
VN.ADM1.00008,cassava,2005,586200.0,26800.0,planted,21.87313432835821,0.21647027916666664,12,"months [1, 2, 3, 4, 5, 6, 7, 8, 9, 10, 11, 12] (researched, unverified)"
VN.ADM1.00008,cassava,2006,575200.0,25800.0,planted,22.294573643410853,0.2368975675,12,"months [1, 2, 3, 4, 5, 6, 7, 8, 9, 10, 11, 12] (researched, unverified)"
VN.ADM1.00008,cassava,2007,633900.0,26700.0,planted,23.741573033707866,0.22976014749999998,12,"months [1, 2, 3, 4, 5, 6, 7, 8, 9, 10, 11, 12] (researched, unverified)"
VN.ADM1.00008,cassava,2008,750900.0,31200.0,planted,24.067307692307693,0.2359850891666667,12,"months [1, 2, 3, 4, 5, 6, 7, 8, 9, 10, 11, 12] (researched, unverified)"
VN.ADM1.00008,cassava,2009,500500.0,24600.0,planted,20.34552845528455,0.23902348333333334,12,"months [1, 2, 3, 4, 5, 6, 7, 8, 9, 10, 11, 12] (researched, unverified)"
VN.ADM1.00008,cassava,2010,574100.0,24000.0,planted,23.920833333333334,0.23962981000000003,12,"months [1, 2, 3, 4, 5, 6, 7, 8, 9, 10, 11, 12] (researched, unverified)"
VN.ADM1.00008,cassava,2011,620500.0,25600.0,planted,24.23828125,0.23086407750000001,12,"months [1, 2, 3, 4, 5, 6, 7, 8, 9, 10, 11, 12] (researched, unverified)"
VN.ADM1.00008,cassava,2012,578800.0,23200.0,planted,24.948275862068964,0.25143914500000003,12,"months [1, 2, 3, 4, 5, 6, 7, 8, 9, 10, 11, 12] (researched, unverified)"
VN.ADM1.00008,cassava,2013,579200.0,23100.0,planted,25.073593073593074,0.23626680749999998,12,"months [1, 2, 3, 4, 5, 6, 7, 8, 9, 10, 11, 12] (researched, unverified)"
VN.ADM1.00008,cassava,2014,593700.0,23600.0,planted,25.156779661016948,0.23883135416666668,12,"months [1, 2, 3, 4, 5, 6, 7, 8, 9, 10, 11, 12] (researched, unverified)"
VN.ADM1.00008,cassava,2015,617900.0,24400.0,planted,25.32377049180328,0.24531393083333333,12,"months [1, 2, 3, 4, 5, 6, 7, 8, 9, 10, 11, 12] (researched, unverified)"
VN.ADM1.00008,cassava,2016,488700.0,24400.0,planted,20.028688524590162,0.24073702333333333,12,"months [1, 2, 3, 4, 5, 6, 7, 8, 9, 10, 11, 12] (researched, unverified)"
VN.ADM1.00010,cassava,2001,318900.0,32100.0,planted,9.934579439252337,0.24129370166666667,12,"months [1, 2, 3, 4, 5, 6, 7, 8, 9, 10, 11, 12] (researched, unverified)"
VN.ADM1.00010,cassava,2002,439800.0,39800.0,planted,11.050251256281408,0.22046678666666666,12,"months [1, 2, 3, 4, 5, 6, 7, 8, 9, 10, 11, 12] (researched, unverified)"
VN.ADM1.00010,cassava,2003,559800.0,47700.0,planted,11.735849056603774,0.23819663416666667,12,"months [1, 2, 3, 4, 5, 6, 7, 8, 9, 10, 11, 12] (researched, unverified)"
VN.ADM1.00010,cassava,2004,630200.0,51700.0,planted,12.189555125725338,0.21894804416666666,12,"months [1, 2, 3, 4, 5, 6, 7, 8, 9, 10, 11, 12] (researched, unverified)"
VN.ADM1.00010,cassava,2005,755700.0,59600.0,planted,12.679530201342281,0.20189975208333333,12,"months [1, 2, 3, 4, 5, 6, 7, 8, 9, 10, 11, 12] (researched, unverified)"
VN.ADM1.00010,cassava,2006,1053800.0,79700.0,planted,13.222082810539524,0.23734218333333335,12,"months [1, 2, 3, 4, 5, 6, 7, 8, 9, 10, 11, 12] (researched, unverified)"
VN.ADM1.00010,cassava,2007,1186900.0,86800.0,planted,13.673963133640553,0.22585375500000002,12,"months [1, 2, 3, 4, 5, 6, 7, 8, 9, 10, 11, 12] (researched, unverified)"
VN.ADM1.00010,cassava,2008,1374100.0,98600.0,planted,13.936105476673427,0.23959935,12,"months [1, 2, 3, 4, 5, 6, 7, 8, 9, 10, 11, 12] (researched, unverified)"
VN.ADM1.00010,cassava,2009,1359200.0,93700.0,planted,14.505869797225186,0.23137716333333333,12,"months [1, 2, 3, 4, 5, 6, 7, 8, 9, 10, 11, 12] (researched, unverified)"
VN.ADM1.00010,cassava,2010,1396700.0,90400.0,planted,15.450221238938052,0.22605363666666667,12,"months [1, 2, 3, 4, 5, 6, 7, 8, 9, 10, 11, 12] (researched, unverified)"
VN.ADM1.00010,cassava,2011,1645700.0,105100.0,planted,15.658420551855375,0.21533385666666668,12,"months [1, 2, 3, 4, 5, 6, 7, 8, 9, 10, 11, 12] (researched, unverified)"
VN.ADM1.00010,cassava,2012,1585000.0,98300.0,planted,16.12410986775178,0.23310440916666667,12,"months [1, 2, 3, 4, 5, 6, 7, 8, 9, 10, 11, 12] (researched, unverified)"
VN.ADM1.00010,cassava,2013,1550200.0,94200.0,planted,16.45647558386412,0.22444375916666667,12,"months [1, 2, 3, 4, 5, 6, 7, 8, 9, 10, 11, 12] (researched, unverified)"
VN.ADM1.00010,cassava,2014,1687500.0,99600.0,planted,16.94277108433735,0.22879902,12,"months [1, 2, 3, 4, 5, 6, 7, 8, 9, 10, 11, 12] (researched, unverified)"
VN.ADM1.00010,cassava,2015,1772900.0,103200.0,planted,17.17926356589147,0.23241023083333334,12,"months [1, 2, 3, 4, 5, 6, 7, 8, 9, 10, 11, 12] (researched, unverified)"
VN.ADM1.00010,cassava,2016,1789400.0,103900.0,planted,17.2223291626564,0.2159117425,12,"months [1, 2, 3, 4, 5, 6, 7, 8, 9, 10, 11, 12] (researched, unverified)"
VN.ADM1.00011,cassava,2001,33300.0,3600.0,planted,9.25,0.13186755925000002,12,"months [1, 2, 3, 4, 5, 6, 7, 8, 9, 10, 11, 12] (researched, unverified)"
VN.ADM1.00011,cassava,2002,32000.0,3400.0,planted,9.411764705882353,0.13396752983333335,12,"months [1, 2, 3, 4, 5, 6, 7, 8, 9, 10, 11, 12] (researched, unverified)"
VN.ADM1.00011,cassava,2003,28700.0,3000.0,planted,9.566666666666666,0.14614888775,12,"months [1, 2, 3, 4, 5, 6, 7, 8, 9, 10, 11, 12] (researched, unverified)"
VN.ADM1.00011,cassava,2004,33000.0,3200.0,planted,10.3125,0.13037076566666667,12,"months [1, 2, 3, 4, 5, 6, 7, 8, 9, 10, 11, 12] (researched, unverified)"
VN.ADM1.00011,cassava,2005,36600.0,3400.0,planted,10.764705882352942,0.13716470525,12,"months [1, 2, 3, 4, 5, 6, 7, 8, 9, 10, 11, 12] (researched, unverified)"
VN.ADM1.00011,cassava,2006,50800.0,4700.0,planted,10.808510638297872,0.13486721599999998,12,"months [1, 2, 3, 4, 5, 6, 7, 8, 9, 10, 11, 12] (researched, unverified)"
VN.ADM1.00011,cassava,2007,54100.0,4500.0,planted,12.022222222222222,0.14023934224999998,12,"months [1, 2, 3, 4, 5, 6, 7, 8, 9, 10, 11, 12] (researched, unverified)"
VN.ADM1.00011,cassava,2008,67700.0,5400.0,planted,12.537037037037036,0.1369907125,12,"months [1, 2, 3, 4, 5, 6, 7, 8, 9, 10, 11, 12] (researched, unverified)"
VN.ADM1.00011,cassava,2009,62900.0,4800.0,planted,13.104166666666666,0.15427361958333333,12,"months [1, 2, 3, 4, 5, 6, 7, 8, 9, 10, 11, 12] (researched, unverified)"
VN.ADM1.00011,cassava,2010,70100.0,5200.0,planted,13.48076923076923,0.14837683783333333,12,"months [1, 2, 3, 4, 5, 6, 7, 8, 9, 10, 11, 12] (researched, unverified)"
VN.ADM1.00011,cassava,2011,80400.0,5700.0,planted,14.105263157894736,0.13574468533333334,12,"months [1, 2, 3, 4, 5, 6, 7, 8, 9, 10, 11, 12] (researched, unverified)"
VN.ADM1.00011,cassava,2012,81100.0,5800.0,planted,13.982758620689655,0.13877575716666665,12,"months [1, 2, 3, 4, 5, 6, 7, 8, 9, 10, 11, 12] (researched, unverified)"
VN.ADM1.00011,cassava,2013,82300.0,5900.0,planted,13.94915254237288,0.14162904333333334,12,"months [1, 2, 3, 4, 5, 6, 7, 8, 9, 10, 11, 12] (researched, unverified)"
VN.ADM1.00011,cassava,2014,82900.0,5700.0,planted,14.543859649122806,0.14908356441666668,12,"months [1, 2, 3, 4, 5, 6, 7, 8, 9, 10, 11, 12] (researched, unverified)"
VN.ADM1.00011,cassava,2015,71700.0,5000.0,planted,14.34,0.14870526366666667,12,"months [1, 2, 3, 4, 5, 6, 7, 8, 9, 10, 11, 12] (researched, unverified)"
VN.ADM1.00011,cassava,2016,63200.0,4300.0,planted,14.69767441860465,0.14875025666666666,12,"months [1, 2, 3, 4, 5, 6, 7, 8, 9, 10, 11, 12] (researched, unverified)"
VN.ADM1.00013,cassava,2001,67700.0,9300.0,planted,7.279569892473118,0.18260100933333334,12,"months [1, 2, 3, 4, 5, 6, 7, 8, 9, 10, 11, 12] (researched, unverified)"
VN.ADM1.00013,cassava,2002,68500.0,8900.0,planted,7.696629213483146,0.18128567083333333,12,"months [1, 2, 3, 4, 5, 6, 7, 8, 9, 10, 11, 12] (researched, unverified)"
VN.ADM1.00013,cassava,2003,87300.0,9900.0,planted,8.818181818181818,0.19349339633333332,12,"months [1, 2, 3, 4, 5, 6, 7, 8, 9, 10, 11, 12] (researched, unverified)"
VN.ADM1.00013,cassava,2004,99400.0,10400.0,planted,9.557692307692308,0.16975432016666667,12,"months [1, 2, 3, 4, 5, 6, 7, 8, 9, 10, 11, 12] (researched, unverified)"
VN.ADM1.00013,cassava,2005,103900.0,10900.0,planted,9.53211009174312,0.16824855866666666,12,"months [1, 2, 3, 4, 5, 6, 7, 8, 9, 10, 11, 12] (researched, unverified)"
VN.ADM1.00013,cassava,2006,107800.0,11400.0,planted,9.456140350877194,0.18386537516666668,12,"months [1, 2, 3, 4, 5, 6, 7, 8, 9, 10, 11, 12] (researched, unverified)"
VN.ADM1.00013,cassava,2007,111700.0,11600.0,planted,9.629310344827585,0.1828467625,12,"months [1, 2, 3, 4, 5, 6, 7, 8, 9, 10, 11, 12] (researched, unverified)"
VN.ADM1.00013,cassava,2008,179100.0,15600.0,planted,11.48076923076923,0.17916792625,12,"months [1, 2, 3, 4, 5, 6, 7, 8, 9, 10, 11, 12] (researched, unverified)"
VN.ADM1.00013,cassava,2009,161400.0,13500.0,planted,11.955555555555556,0.19255612283333334,12,"months [1, 2, 3, 4, 5, 6, 7, 8, 9, 10, 11, 12] (researched, unverified)"
VN.ADM1.00013,cassava,2010,162200.0,13400.0,planted,12.104477611940299,0.1828288525,12,"months [1, 2, 3, 4, 5, 6, 7, 8, 9, 10, 11, 12] (researched, unverified)"
VN.ADM1.00013,cassava,2011,184700.0,14700.0,planted,12.564625850340136,0.16925897416666666,12,"months [1, 2, 3, 4, 5, 6, 7, 8, 9, 10, 11, 12] (researched, unverified)"
VN.ADM1.00013,cassava,2012,185900.0,14400.0,planted,12.909722222222221,0.17968571058333335,12,"months [1, 2, 3, 4, 5, 6, 7, 8, 9, 10, 11, 12] (researched, unverified)"
VN.ADM1.00013,cassava,2013,186900.0,14300.0,planted,13.06993006993007,0.179982224,12,"months [1, 2, 3, 4, 5, 6, 7, 8, 9, 10, 11, 12] (researched, unverified)"
VN.ADM1.00013,cassava,2014,194500.0,14400.0,planted,13.506944444444445,0.18709064,12,"months [1, 2, 3, 4, 5, 6, 7, 8, 9, 10, 11, 12] (researched, unverified)"
VN.ADM1.00013,cassava,2015,184500.0,13500.0,planted,13.666666666666666,0.19770320500000002,12,"months [1, 2, 3, 4, 5, 6, 7, 8, 9, 10, 11, 12] (researched, unverified)"
VN.ADM1.00013,cassava,2016,176400.0,12800.0,planted,13.78125,0.19435629866666668,12,"months [1, 2, 3, 4, 5, 6, 7, 8, 9, 10, 11, 12] (researched, unverified)"
VN.ADM1.00015,cassava,2001,60700.0,6600.0,planted,9.196969696969697,0.18520289166666667,12,"months [1, 2, 3, 4, 5, 6, 7, 8, 9, 10, 11, 12] (researched, unverified)"
VN.ADM1.00015,cassava,2002,59800.0,6300.0,planted,9.492063492063492,0.18425035316666669,12,"months [1, 2, 3, 4, 5, 6, 7, 8, 9, 10, 11, 12] (researched, unverified)"
VN.ADM1.00015,cassava,2003,60100.0,6100.0,planted,9.852459016393443,0.19654528466666665,12,"months [1, 2, 3, 4, 5, 6, 7, 8, 9, 10, 11, 12] (researched, unverified)"
VN.ADM1.00015,cassava,2004,59700.0,6000.0,planted,9.95,0.18148851391666668,12,"months [1, 2, 3, 4, 5, 6, 7, 8, 9, 10, 11, 12] (researched, unverified)"
VN.ADM1.00015,cassava,2005,64200.0,6300.0,planted,10.19047619047619,0.18992282824999998,12,"months [1, 2, 3, 4, 5, 6, 7, 8, 9, 10, 11, 12] (researched, unverified)"
VN.ADM1.00015,cassava,2006,88200.0,7800.0,planted,11.307692307692308,0.18556077916666666,12,"months [1, 2, 3, 4, 5, 6, 7, 8, 9, 10, 11, 12] (researched, unverified)"
VN.ADM1.00015,cassava,2007,84400.0,7400.0,planted,11.405405405405405,0.18483843408333334,12,"months [1, 2, 3, 4, 5, 6, 7, 8, 9, 10, 11, 12] (researched, unverified)"
VN.ADM1.00015,cassava,2008,114100.0,10100.0,planted,11.297029702970297,0.18507556891666666,12,"months [1, 2, 3, 4, 5, 6, 7, 8, 9, 10, 11, 12] (researched, unverified)"
VN.ADM1.00015,cassava,2009,88100.0,8400.0,planted,10.488095238095237,0.19120780424999997,12,"months [1, 2, 3, 4, 5, 6, 7, 8, 9, 10, 11, 12] (researched, unverified)"
VN.ADM1.00015,cassava,2010,94900.0,8800.0,planted,10.784090909090908,0.19230286833333332,12,"months [1, 2, 3, 4, 5, 6, 7, 8, 9, 10, 11, 12] (researched, unverified)"
VN.ADM1.00015,cassava,2011,80700.0,6400.0,planted,12.609375,0.17293764625,12,"months [1, 2, 3, 4, 5, 6, 7, 8, 9, 10, 11, 12] (researched, unverified)"
VN.ADM1.00015,cassava,2012,104100.0,9900.0,planted,10.515151515151516,0.17513783808333336,12,"months [1, 2, 3, 4, 5, 6, 7, 8, 9, 10, 11, 12] (researched, unverified)"
VN.ADM1.00015,cassava,2013,95800.0,9300.0,planted,10.301075268817204,0.18438794233333333,12,"months [1, 2, 3, 4, 5, 6, 7, 8, 9, 10, 11, 12] (researched, unverified)"
VN.ADM1.00015,cassava,2014,93900.0,9200.0,planted,10.206521739130435,0.18405559000000002,12,"months [1, 2, 3, 4, 5, 6, 7, 8, 9, 10, 11, 12] (researched, unverified)"
VN.ADM1.00015,cassava,2015,96100.0,9200.0,planted,10.445652173913043,0.19815125,12,"months [1, 2, 3, 4, 5, 6, 7, 8, 9, 10, 11, 12] (researched, unverified)"
VN.ADM1.00015,cassava,2016,97400.0,9400.0,planted,10.361702127659575,0.202902865,12,"months [1, 2, 3, 4, 5, 6, 7, 8, 9, 10, 11, 12] (researched, unverified)"
VN.ADM1.00020,cassava,2001,141900.0,14700.0,planted,9.653061224489797,0.17670963833333334,12,"months [1, 2, 3, 4, 5, 6, 7, 8, 9, 10, 11, 12] (researched, unverified)"
VN.ADM1.00020,cassava,2002,182300.0,15500.0,planted,11.761290322580646,0.18135919133333334,12,"months [1, 2, 3, 4, 5, 6, 7, 8, 9, 10, 11, 12] (researched, unverified)"
VN.ADM1.00020,cassava,2003,225700.0,16500.0,planted,13.67878787878788,0.19008603083333334,12,"months [1, 2, 3, 4, 5, 6, 7, 8, 9, 10, 11, 12] (researched, unverified)"
VN.ADM1.00020,cassava,2004,263600.0,17000.0,planted,15.505882352941176,0.17225468433333332,12,"months [1, 2, 3, 4, 5, 6, 7, 8, 9, 10, 11, 12] (researched, unverified)"
VN.ADM1.00020,cassava,2005,290400.0,18300.0,planted,15.868852459016393,0.18176248091666666,12,"months [1, 2, 3, 4, 5, 6, 7, 8, 9, 10, 11, 12] (researched, unverified)"
VN.ADM1.00020,cassava,2006,320700.0,19500.0,planted,16.446153846153845,0.17917711625,12,"months [1, 2, 3, 4, 5, 6, 7, 8, 9, 10, 11, 12] (researched, unverified)"
VN.ADM1.00020,cassava,2007,352100.0,21200.0,planted,16.608490566037737,0.17451541166666665,12,"months [1, 2, 3, 4, 5, 6, 7, 8, 9, 10, 11, 12] (researched, unverified)"
VN.ADM1.00020,cassava,2008,393300.0,24000.0,planted,16.3875,0.18348607266666664,12,"months [1, 2, 3, 4, 5, 6, 7, 8, 9, 10, 11, 12] (researched, unverified)"
VN.ADM1.00020,cassava,2009,344100.0,21300.0,planted,16.154929577464788,0.18447898250000003,12,"months [1, 2, 3, 4, 5, 6, 7, 8, 9, 10, 11, 12] (researched, unverified)"
VN.ADM1.00020,cassava,2010,349200.0,21400.0,planted,16.317757009345794,0.18192075333333335,12,"months [1, 2, 3, 4, 5, 6, 7, 8, 9, 10, 11, 12] (researched, unverified)"
VN.ADM1.00020,cassava,2011,396500.0,25000.0,planted,15.86,0.16237936691666668,12,"months [1, 2, 3, 4, 5, 6, 7, 8, 9, 10, 11, 12] (researched, unverified)"
VN.ADM1.00020,cassava,2012,419200.0,25500.0,planted,16.43921568627451,0.17199901008333332,12,"months [1, 2, 3, 4, 5, 6, 7, 8, 9, 10, 11, 12] (researched, unverified)"
VN.ADM1.00020,cassava,2013,439900.0,26100.0,planted,16.8544061302682,0.17826052366666667,12,"months [1, 2, 3, 4, 5, 6, 7, 8, 9, 10, 11, 12] (researched, unverified)"
VN.ADM1.00020,cassava,2014,431300.0,25600.0,planted,16.84765625,0.17576733375,12,"months [1, 2, 3, 4, 5, 6, 7, 8, 9, 10, 11, 12] (researched, unverified)"
VN.ADM1.00020,cassava,2015,420300.0,24700.0,planted,17.016194331983804,0.19174383333333334,12,"months [1, 2, 3, 4, 5, 6, 7, 8, 9, 10, 11, 12] (researched, unverified)"
VN.ADM1.00020,cassava,2016,402400.0,23600.0,planted,17.050847457627118,0.19003606333333334,12,"months [1, 2, 3, 4, 5, 6, 7, 8, 9, 10, 11, 12] (researched, unverified)"
VN.ADM1.00021,cassava,2001,3800.0,400.0,planted,9.5,0.15013573166666666,12,"months [1, 2, 3, 4, 5, 6, 7, 8, 9, 10, 11, 12] (researched, unverified)"
VN.ADM1.00021,cassava,2002,14600.0,1200.0,planted,12.166666666666666,0.14649359333333334,12,"months [1, 2, 3, 4, 5, 6, 7, 8, 9, 10, 11, 12] (researched, unverified)"
VN.ADM1.00021,cassava,2003,9100.0,700.0,planted,13.0,0.14005198283333334,12,"months [1, 2, 3, 4, 5, 6, 7, 8, 9, 10, 11, 12] (researched, unverified)"
VN.ADM1.00021,cassava,2004,8600.0,1800.0,planted,4.777777777777778,0.13230708833333335,12,"months [1, 2, 3, 4, 5, 6, 7, 8, 9, 10, 11, 12] (researched, unverified)"
VN.ADM1.00021,cassava,2005,8500.0,1500.0,planted,5.666666666666667,0.12803032133333334,12,"months [1, 2, 3, 4, 5, 6, 7, 8, 9, 10, 11, 12] (researched, unverified)"
VN.ADM1.00021,cassava,2006,6500.0,1100.0,planted,5.909090909090909,0.13063123541666666,12,"months [1, 2, 3, 4, 5, 6, 7, 8, 9, 10, 11, 12] (researched, unverified)"
VN.ADM1.00021,cassava,2007,11300.0,1000.0,planted,11.3,0.12854201291666667,12,"months [1, 2, 3, 4, 5, 6, 7, 8, 9, 10, 11, 12] (researched, unverified)"
VN.ADM1.00021,cassava,2008,19400.0,1000.0,planted,19.4,0.13192283866666668,12,"months [1, 2, 3, 4, 5, 6, 7, 8, 9, 10, 11, 12] (researched, unverified)"
VN.ADM1.00021,cassava,2009,18900.0,900.0,planted,21.0,0.137035887,12,"months [1, 2, 3, 4, 5, 6, 7, 8, 9, 10, 11, 12] (researched, unverified)"
VN.ADM1.00021,cassava,2010,15400.0,800.0,planted,19.25,0.13919971458333333,12,"months [1, 2, 3, 4, 5, 6, 7, 8, 9, 10, 11, 12] (researched, unverified)"
VN.ADM1.00021,cassava,2011,3200.0,,,,0.14445927466666666,12,"months [1, 2, 3, 4, 5, 6, 7, 8, 9, 10, 11, 12] (researched, unverified)"
VN.ADM1.00021,cassava,2012,12300.0,500.0,planted,24.6,0.15317858683333332,12,"months [1, 2, 3, 4, 5, 6, 7, 8, 9, 10, 11, 12] (researched, unverified)"
VN.ADM1.00021,cassava,2013,15600.0,700.0,planted,22.285714285714285,0.14056796358333334,12,"months [1, 2, 3, 4, 5, 6, 7, 8, 9, 10, 11, 12] (researched, unverified)"
VN.ADM1.00021,cassava,2014,20700.0,700.0,planted,29.571428571428573,0.14600749075,12,"months [1, 2, 3, 4, 5, 6, 7, 8, 9, 10, 11, 12] (researched, unverified)"
VN.ADM1.00021,cassava,2015,25800.0,900.0,planted,28.666666666666668,0.15007765433333334,12,"months [1, 2, 3, 4, 5, 6, 7, 8, 9, 10, 11, 12] (researched, unverified)"
VN.ADM1.00021,cassava,2016,2900.0,700.0,planted,4.142857142857143,0.14118820083333333,12,"months [1, 2, 3, 4, 5, 6, 7, 8, 9, 10, 11, 12] (researched, unverified)"
VN.ADM1.00022,cassava,2001,51800.0,6900.0,planted,7.507246376811594,0.22480672166666668,12,"months [1, 2, 3, 4, 5, 6, 7, 8, 9, 10, 11, 12] (researched, unverified)"
VN.ADM1.00022,cassava,2002,71100.0,9800.0,planted,7.255102040816326,0.21876449916666665,12,"months [1, 2, 3, 4, 5, 6, 7, 8, 9, 10, 11, 12] (researched, unverified)"
VN.ADM1.00022,cassava,2003,69000.0,9900.0,planted,6.96969696969697,0.23557824500000002,12,"months [1, 2, 3, 4, 5, 6, 7, 8, 9, 10, 11, 12] (researched, unverified)"
VN.ADM1.00022,cassava,2004,92300.0,12300.0,planted,7.504065040650406,0.21170886708333334,12,"months [1, 2, 3, 4, 5, 6, 7, 8, 9, 10, 11, 12] (researched, unverified)"
VN.ADM1.00022,cassava,2005,93900.0,12700.0,planted,7.393700787401575,0.21498027116666665,12,"months [1, 2, 3, 4, 5, 6, 7, 8, 9, 10, 11, 12] (researched, unverified)"
VN.ADM1.00022,cassava,2006,92500.0,12100.0,planted,7.644628099173554,0.21848073,12,"months [1, 2, 3, 4, 5, 6, 7, 8, 9, 10, 11, 12] (researched, unverified)"
VN.ADM1.00022,cassava,2007,103500.0,12900.0,planted,8.023255813953488,0.19931803483333332,12,"months [1, 2, 3, 4, 5, 6, 7, 8, 9, 10, 11, 12] (researched, unverified)"
VN.ADM1.00022,cassava,2008,98300.0,12800.0,planted,7.6796875,0.21401500466666667,12,"months [1, 2, 3, 4, 5, 6, 7, 8, 9, 10, 11, 12] (researched, unverified)"
VN.ADM1.00022,cassava,2009,108000.0,13400.0,planted,8.059701492537313,0.216177767,12,"months [1, 2, 3, 4, 5, 6, 7, 8, 9, 10, 11, 12] (researched, unverified)"
VN.ADM1.00022,cassava,2010,101400.0,12600.0,planted,8.047619047619047,0.21371897166666667,12,"months [1, 2, 3, 4, 5, 6, 7, 8, 9, 10, 11, 12] (researched, unverified)"
VN.ADM1.00022,cassava,2011,91600.0,11600.0,planted,7.896551724137931,0.210133975,12,"months [1, 2, 3, 4, 5, 6, 7, 8, 9, 10, 11, 12] (researched, unverified)"
VN.ADM1.00022,cassava,2012,90000.0,11400.0,planted,7.894736842105263,0.20959648716666668,12,"months [1, 2, 3, 4, 5, 6, 7, 8, 9, 10, 11, 12] (researched, unverified)"
VN.ADM1.00022,cassava,2013,94100.0,11700.0,planted,8.042735042735043,0.22081200166666667,12,"months [1, 2, 3, 4, 5, 6, 7, 8, 9, 10, 11, 12] (researched, unverified)"
VN.ADM1.00022,cassava,2014,93500.0,11600.0,planted,8.060344827586206,0.21946554166666665,12,"months [1, 2, 3, 4, 5, 6, 7, 8, 9, 10, 11, 12] (researched, unverified)"
VN.ADM1.00022,cassava,2015,98600.0,12100.0,planted,8.148760330578513,0.22537586333333334,12,"months [1, 2, 3, 4, 5, 6, 7, 8, 9, 10, 11, 12] (researched, unverified)"
VN.ADM1.00022,cassava,2016,96900.0,11800.0,planted,8.211864406779661,0.22400082666666665,12,"months [1, 2, 3, 4, 5, 6, 7, 8, 9, 10, 11, 12] (researched, unverified)"
VN.ADM1.00023,cassava,2005,13700.0,,,,0.23427498833333335,12,"months [1, 2, 3, 4, 5, 6, 7, 8, 9, 10, 11, 12] (researched, unverified)"
VN.ADM1.00023,cassava,2010,48700.0,,,,0.26137053416666667,12,"months [1, 2, 3, 4, 5, 6, 7, 8, 9, 10, 11, 12] (researched, unverified)"
VN.ADM1.00023,cassava,2011,80200.0,,,,0.24005447333333332,12,"months [1, 2, 3, 4, 5, 6, 7, 8, 9, 10, 11, 12] (researched, unverified)"
VN.ADM1.00024,cassava,2001,35000.0,4500.0,planted,7.777777777777778,0.18057719274999998,12,"months [1, 2, 3, 4, 5, 6, 7, 8, 9, 10, 11, 12] (researched, unverified)"
VN.ADM1.00024,cassava,2002,37200.0,4500.0,planted,8.266666666666667,0.17577351041666667,12,"months [1, 2, 3, 4, 5, 6, 7, 8, 9, 10, 11, 12] (researched, unverified)"
VN.ADM1.00024,cassava,2003,36100.0,4200.0,planted,8.595238095238095,0.19298752125,12,"months [1, 2, 3, 4, 5, 6, 7, 8, 9, 10, 11, 12] (researched, unverified)"
VN.ADM1.00024,cassava,2004,34300.0,4500.0,planted,7.622222222222222,0.1681483821666667,12,"months [1, 2, 3, 4, 5, 6, 7, 8, 9, 10, 11, 12] (researched, unverified)"
VN.ADM1.00024,cassava,2005,40700.0,4600.0,planted,8.847826086956522,0.18391632958333334,12,"months [1, 2, 3, 4, 5, 6, 7, 8, 9, 10, 11, 12] (researched, unverified)"
VN.ADM1.00024,cassava,2006,42300.0,4700.0,planted,9.0,0.17897806258333335,12,"months [1, 2, 3, 4, 5, 6, 7, 8, 9, 10, 11, 12] (researched, unverified)"
VN.ADM1.00024,cassava,2007,48900.0,5100.0,planted,9.588235294117647,0.18884941641666667,12,"months [1, 2, 3, 4, 5, 6, 7, 8, 9, 10, 11, 12] (researched, unverified)"
VN.ADM1.00024,cassava,2008,44400.0,5100.0,planted,8.705882352941176,0.18543707283333333,12,"months [1, 2, 3, 4, 5, 6, 7, 8, 9, 10, 11, 12] (researched, unverified)"
VN.ADM1.00024,cassava,2009,45900.0,4800.0,planted,9.5625,0.19932838966666666,12,"months [1, 2, 3, 4, 5, 6, 7, 8, 9, 10, 11, 12] (researched, unverified)"
VN.ADM1.00024,cassava,2010,50100.0,5100.0,planted,9.823529411764707,0.19407455575,12,"months [1, 2, 3, 4, 5, 6, 7, 8, 9, 10, 11, 12] (researched, unverified)"
VN.ADM1.00024,cassava,2011,58500.0,5900.0,planted,9.915254237288135,0.1853946373333333,12,"months [1, 2, 3, 4, 5, 6, 7, 8, 9, 10, 11, 12] (researched, unverified)"
VN.ADM1.00024,cassava,2012,61800.0,6000.0,planted,10.3,0.18212361166666666,12,"months [1, 2, 3, 4, 5, 6, 7, 8, 9, 10, 11, 12] (researched, unverified)"
VN.ADM1.00024,cassava,2013,56500.0,5500.0,planted,10.272727272727273,0.19246269375,12,"months [1, 2, 3, 4, 5, 6, 7, 8, 9, 10, 11, 12] (researched, unverified)"
VN.ADM1.00024,cassava,2014,51800.0,5000.0,planted,10.36,0.19129596766666668,12,"months [1, 2, 3, 4, 5, 6, 7, 8, 9, 10, 11, 12] (researched, unverified)"
VN.ADM1.00024,cassava,2015,45200.0,4500.0,planted,10.044444444444444,0.20556769491666668,12,"months [1, 2, 3, 4, 5, 6, 7, 8, 9, 10, 11, 12] (researched, unverified)"
VN.ADM1.00024,cassava,2016,39100.0,3900.0,planted,10.025641025641026,0.20510721983333333,12,"months [1, 2, 3, 4, 5, 6, 7, 8, 9, 10, 11, 12] (researched, unverified)"
VN.ADM1.00025,cassava,2001,4400.0,700.0,planted,6.285714285714286,0.1325813725,12,"months [1, 2, 3, 4, 5, 6, 7, 8, 9, 10, 11, 12] (researched, unverified)"
VN.ADM1.00025,cassava,2002,3700.0,600.0,planted,6.166666666666667,0.13054993283333333,12,"months [1, 2, 3, 4, 5, 6, 7, 8, 9, 10, 11, 12] (researched, unverified)"
VN.ADM1.00025,cassava,2003,11000.0,1400.0,planted,7.857142857142857,0.14388872616666668,12,"months [1, 2, 3, 4, 5, 6, 7, 8, 9, 10, 11, 12] (researched, unverified)"
VN.ADM1.00025,cassava,2004,5600.0,800.0,planted,7.0,0.14448173791666666,12,"months [1, 2, 3, 4, 5, 6, 7, 8, 9, 10, 11, 12] (researched, unverified)"
VN.ADM1.00025,cassava,2005,7100.0,800.0,planted,8.875,0.13039699208333333,12,"months [1, 2, 3, 4, 5, 6, 7, 8, 9, 10, 11, 12] (researched, unverified)"
VN.ADM1.00025,cassava,2006,6100.0,700.0,planted,8.714285714285714,0.14869874291666665,12,"months [1, 2, 3, 4, 5, 6, 7, 8, 9, 10, 11, 12] (researched, unverified)"
VN.ADM1.00025,cassava,2007,8600.0,900.0,planted,9.555555555555555,0.15024186041666668,12,"months [1, 2, 3, 4, 5, 6, 7, 8, 9, 10, 11, 12] (researched, unverified)"
VN.ADM1.00025,cassava,2008,23100.0,1500.0,planted,15.4,0.13988341166666665,12,"months [1, 2, 3, 4, 5, 6, 7, 8, 9, 10, 11, 12] (researched, unverified)"
VN.ADM1.00025,cassava,2009,194900.0,1000.0,planted,194.9,0.15348205716666666,12,"months [1, 2, 3, 4, 5, 6, 7, 8, 9, 10, 11, 12] (researched, unverified)"
VN.ADM1.00025,cassava,2010,8700.0,900.0,planted,9.666666666666666,0.14712578783333333,12,"months [1, 2, 3, 4, 5, 6, 7, 8, 9, 10, 11, 12] (researched, unverified)"
VN.ADM1.00025,cassava,2011,15400.0,,,,0.14733056708333334,12,"months [1, 2, 3, 4, 5, 6, 7, 8, 9, 10, 11, 12] (researched, unverified)"
VN.ADM1.00025,cassava,2012,20900.0,1300.0,planted,16.076923076923077,0.1669437115,12,"months [1, 2, 3, 4, 5, 6, 7, 8, 9, 10, 11, 12] (researched, unverified)"
VN.ADM1.00025,cassava,2013,23200.0,1300.0,planted,17.846153846153847,0.165380385,12,"months [1, 2, 3, 4, 5, 6, 7, 8, 9, 10, 11, 12] (researched, unverified)"
VN.ADM1.00025,cassava,2014,21600.0,1300.0,planted,16.615384615384617,0.17453066333333334,12,"months [1, 2, 3, 4, 5, 6, 7, 8, 9, 10, 11, 12] (researched, unverified)"
VN.ADM1.00025,cassava,2015,17900.0,1200.0,planted,14.916666666666666,0.17793733133333334,12,"months [1, 2, 3, 4, 5, 6, 7, 8, 9, 10, 11, 12] (researched, unverified)"
VN.ADM1.00025,cassava,2016,215000.0,1200.0,planted,179.16666666666666,0.16642774033333332,12,"months [1, 2, 3, 4, 5, 6, 7, 8, 9, 10, 11, 12] (researched, unverified)"
VN.ADM1.00027,cassava,2001,80600.0,12800.0,planted,6.296875,0.19945694208333334,12,"months [1, 2, 3, 4, 5, 6, 7, 8, 9, 10, 11, 12] (researched, unverified)"
VN.ADM1.00027,cassava,2002,98400.0,12800.0,planted,7.6875,0.20038994958333334,12,"months [1, 2, 3, 4, 5, 6, 7, 8, 9, 10, 11, 12] (researched, unverified)"
VN.ADM1.00027,cassava,2003,173000.0,14400.0,planted,12.01388888888889,0.19831905449999998,12,"months [1, 2, 3, 4, 5, 6, 7, 8, 9, 10, 11, 12] (researched, unverified)"
VN.ADM1.00027,cassava,2004,231300.0,16200.0,planted,14.277777777777779,0.18134681666666666,12,"months [1, 2, 3, 4, 5, 6, 7, 8, 9, 10, 11, 12] (researched, unverified)"
VN.ADM1.00027,cassava,2005,284800.0,17800.0,planted,16.0,0.17074601825,12,"months [1, 2, 3, 4, 5, 6, 7, 8, 9, 10, 11, 12] (researched, unverified)"
VN.ADM1.00027,cassava,2006,352300.0,18900.0,planted,18.64021164021164,0.19027413,12,"months [1, 2, 3, 4, 5, 6, 7, 8, 9, 10, 11, 12] (researched, unverified)"
VN.ADM1.00027,cassava,2007,357600.0,20300.0,planted,17.61576354679803,0.18077823333333332,12,"months [1, 2, 3, 4, 5, 6, 7, 8, 9, 10, 11, 12] (researched, unverified)"
VN.ADM1.00027,cassava,2008,423900.0,23400.0,planted,18.115384615384617,0.18633230450000002,12,"months [1, 2, 3, 4, 5, 6, 7, 8, 9, 10, 11, 12] (researched, unverified)"
VN.ADM1.00027,cassava,2009,428000.0,22700.0,planted,18.854625550660792,0.2000925975,12,"months [1, 2, 3, 4, 5, 6, 7, 8, 9, 10, 11, 12] (researched, unverified)"
VN.ADM1.00027,cassava,2010,422100.0,20700.0,planted,20.391304347826086,0.17736163075,12,"months [1, 2, 3, 4, 5, 6, 7, 8, 9, 10, 11, 12] (researched, unverified)"
VN.ADM1.00027,cassava,2011,513100.0,24800.0,planted,20.68951612903226,0.16933398641666667,12,"months [1, 2, 3, 4, 5, 6, 7, 8, 9, 10, 11, 12] (researched, unverified)"
VN.ADM1.00027,cassava,2012,482300.0,23100.0,planted,20.87878787878788,0.19813994608333332,12,"months [1, 2, 3, 4, 5, 6, 7, 8, 9, 10, 11, 12] (researched, unverified)"
VN.ADM1.00027,cassava,2013,471800.0,22000.0,planted,21.445454545454545,0.1908758375,12,"months [1, 2, 3, 4, 5, 6, 7, 8, 9, 10, 11, 12] (researched, unverified)"
VN.ADM1.00027,cassava,2014,438300.0,20500.0,planted,21.380487804878047,0.19653377416666665,12,"months [1, 2, 3, 4, 5, 6, 7, 8, 9, 10, 11, 12] (researched, unverified)"
VN.ADM1.00027,cassava,2015,450100.0,21500.0,planted,20.934883720930234,0.19705763899999998,12,"months [1, 2, 3, 4, 5, 6, 7, 8, 9, 10, 11, 12] (researched, unverified)"
VN.ADM1.00027,cassava,2016,479900.0,22400.0,planted,21.424107142857142,0.19285296033333332,12,"months [1, 2, 3, 4, 5, 6, 7, 8, 9, 10, 11, 12] (researched, unverified)"
VN.ADM1.00028,cassava,2001,223100.0,21800.0,planted,10.23394495412844,0.19124285250000003,12,"months [1, 2, 3, 4, 5, 6, 7, 8, 9, 10, 11, 12] (researched, unverified)"
VN.ADM1.00028,cassava,2002,280000.0,24600.0,planted,11.382113821138212,0.17628988533333334,12,"months [1, 2, 3, 4, 5, 6, 7, 8, 9, 10, 11, 12] (researched, unverified)"
VN.ADM1.00028,cassava,2003,351800.0,27000.0,planted,13.02962962962963,0.18299191533333334,12,"months [1, 2, 3, 4, 5, 6, 7, 8, 9, 10, 11, 12] (researched, unverified)"
VN.ADM1.00028,cassava,2004,431800.0,27900.0,planted,15.476702508960573,0.16344387066666666,12,"months [1, 2, 3, 4, 5, 6, 7, 8, 9, 10, 11, 12] (researched, unverified)"
VN.ADM1.00028,cassava,2005,480300.0,29900.0,planted,16.06354515050167,0.16190239625,12,"months [1, 2, 3, 4, 5, 6, 7, 8, 9, 10, 11, 12] (researched, unverified)"
VN.ADM1.00028,cassava,2006,549800.0,32300.0,planted,17.021671826625386,0.18092366116666667,12,"months [1, 2, 3, 4, 5, 6, 7, 8, 9, 10, 11, 12] (researched, unverified)"
VN.ADM1.00028,cassava,2007,575900.0,32500.0,planted,17.72,0.1780016836666667,12,"months [1, 2, 3, 4, 5, 6, 7, 8, 9, 10, 11, 12] (researched, unverified)"
VN.ADM1.00028,cassava,2008,646300.0,34400.0,planted,18.787790697674417,0.172693277,12,"months [1, 2, 3, 4, 5, 6, 7, 8, 9, 10, 11, 12] (researched, unverified)"
VN.ADM1.00028,cassava,2009,600700.0,33400.0,planted,17.98502994011976,0.18510276166666664,12,"months [1, 2, 3, 4, 5, 6, 7, 8, 9, 10, 11, 12] (researched, unverified)"
VN.ADM1.00028,cassava,2010,628700.0,32600.0,planted,19.28527607361963,0.17844651450000001,12,"months [1, 2, 3, 4, 5, 6, 7, 8, 9, 10, 11, 12] (researched, unverified)"
VN.ADM1.00028,cassava,2011,685100.0,35000.0,planted,19.574285714285715,0.16226079791666667,12,"months [1, 2, 3, 4, 5, 6, 7, 8, 9, 10, 11, 12] (researched, unverified)"
VN.ADM1.00028,cassava,2012,710600.0,35100.0,planted,20.245014245014247,0.19797378916666666,12,"months [1, 2, 3, 4, 5, 6, 7, 8, 9, 10, 11, 12] (researched, unverified)"
VN.ADM1.00028,cassava,2013,709300.0,34300.0,planted,20.67930029154519,0.18379504125,12,"months [1, 2, 3, 4, 5, 6, 7, 8, 9, 10, 11, 12] (researched, unverified)"
VN.ADM1.00028,cassava,2014,683900.0,32800.0,planted,20.850609756097562,0.1846063865833333,12,"months [1, 2, 3, 4, 5, 6, 7, 8, 9, 10, 11, 12] (researched, unverified)"
VN.ADM1.00028,cassava,2015,711900.0,33400.0,planted,21.31437125748503,0.20036814833333336,12,"months [1, 2, 3, 4, 5, 6, 7, 8, 9, 10, 11, 12] (researched, unverified)"
VN.ADM1.00028,cassava,2016,694200.0,32400.0,planted,21.425925925925927,0.19020775208333332,12,"months [1, 2, 3, 4, 5, 6, 7, 8, 9, 10, 11, 12] (researched, unverified)"
VN.ADM1.00029,cassava,2001,90600.0,7200.0,planted,12.583333333333334,0.21206609416666666,12,"months [1, 2, 3, 4, 5, 6, 7, 8, 9, 10, 11, 12] (researched, unverified)"
VN.ADM1.00029,cassava,2002,103000.0,8300.0,planted,12.409638554216867,0.19726957916666665,12,"months [1, 2, 3, 4, 5, 6, 7, 8, 9, 10, 11, 12] (researched, unverified)"
VN.ADM1.00029,cassava,2003,149900.0,9100.0,planted,16.47252747252747,0.21227695700000002,12,"months [1, 2, 3, 4, 5, 6, 7, 8, 9, 10, 11, 12] (researched, unverified)"
VN.ADM1.00029,cassava,2004,167700.0,10200.0,planted,16.441176470588236,0.19112198,12,"months [1, 2, 3, 4, 5, 6, 7, 8, 9, 10, 11, 12] (researched, unverified)"
VN.ADM1.00029,cassava,2005,255100.0,16500.0,planted,15.460606060606061,0.165913005,12,"months [1, 2, 3, 4, 5, 6, 7, 8, 9, 10, 11, 12] (researched, unverified)"
VN.ADM1.00029,cassava,2006,232900.0,15400.0,planted,15.123376623376624,0.21195575,12,"months [1, 2, 3, 4, 5, 6, 7, 8, 9, 10, 11, 12] (researched, unverified)"
VN.ADM1.00029,cassava,2007,271000.0,18100.0,planted,14.972375690607734,0.2018668025,12,"months [1, 2, 3, 4, 5, 6, 7, 8, 9, 10, 11, 12] (researched, unverified)"
VN.ADM1.00029,cassava,2008,359600.0,23000.0,planted,15.634782608695652,0.2041689575,12,"months [1, 2, 3, 4, 5, 6, 7, 8, 9, 10, 11, 12] (researched, unverified)"
VN.ADM1.00029,cassava,2009,262400.0,20400.0,planted,12.862745098039216,0.21538872583333335,12,"months [1, 2, 3, 4, 5, 6, 7, 8, 9, 10, 11, 12] (researched, unverified)"
VN.ADM1.00029,cassava,2010,288100.0,21400.0,planted,13.462616822429906,0.2064628575,12,"months [1, 2, 3, 4, 5, 6, 7, 8, 9, 10, 11, 12] (researched, unverified)"
VN.ADM1.00029,cassava,2011,400600.0,24600.0,planted,16.284552845528456,0.19636457,12,"months [1, 2, 3, 4, 5, 6, 7, 8, 9, 10, 11, 12] (researched, unverified)"
VN.ADM1.00029,cassava,2012,425900.0,25400.0,planted,16.76771653543307,0.21816896,12,"months [1, 2, 3, 4, 5, 6, 7, 8, 9, 10, 11, 12] (researched, unverified)"
VN.ADM1.00029,cassava,2013,499700.0,28500.0,planted,17.533333333333335,0.21173737250000002,12,"months [1, 2, 3, 4, 5, 6, 7, 8, 9, 10, 11, 12] (researched, unverified)"
VN.ADM1.00029,cassava,2014,469300.0,25500.0,planted,18.40392156862745,0.17914928466666669,12,"months [1, 2, 3, 4, 5, 6, 7, 8, 9, 10, 11, 12] (researched, unverified)"
VN.ADM1.00029,cassava,2015,521900.0,28800.0,planted,18.12152777777778,0.19869569583333332,12,"months [1, 2, 3, 4, 5, 6, 7, 8, 9, 10, 11, 12] (researched, unverified)"
VN.ADM1.00029,cassava,2016,617700.0,30600.0,planted,20.186274509803923,0.19904154533333332,12,"months [1, 2, 3, 4, 5, 6, 7, 8, 9, 10, 11, 12] (researched, unverified)"
VN.ADM1.00030,cassava,2001,126700.0,11500.0,planted,11.017391304347827,0.2221922975,12,"months [1, 2, 3, 4, 5, 6, 7, 8, 9, 10, 11, 12] (researched, unverified)"
VN.ADM1.00030,cassava,2002,160500.0,12600.0,planted,12.738095238095237,0.20180963908333335,12,"months [1, 2, 3, 4, 5, 6, 7, 8, 9, 10, 11, 12] (researched, unverified)"
VN.ADM1.00030,cassava,2003,163200.0,12600.0,planted,12.952380952380953,0.21608612441666666,12,"months [1, 2, 3, 4, 5, 6, 7, 8, 9, 10, 11, 12] (researched, unverified)"
VN.ADM1.00030,cassava,2004,182800.0,13300.0,planted,13.74436090225564,0.19429471583333333,12,"months [1, 2, 3, 4, 5, 6, 7, 8, 9, 10, 11, 12] (researched, unverified)"
VN.ADM1.00030,cassava,2005,180200.0,13200.0,planted,13.651515151515152,0.18719003983333335,12,"months [1, 2, 3, 4, 5, 6, 7, 8, 9, 10, 11, 12] (researched, unverified)"
VN.ADM1.00030,cassava,2006,191200.0,13500.0,planted,14.162962962962963,0.2057313525,12,"months [1, 2, 3, 4, 5, 6, 7, 8, 9, 10, 11, 12] (researched, unverified)"
VN.ADM1.00030,cassava,2007,199300.0,14100.0,planted,14.134751773049645,0.20213928366666667,12,"months [1, 2, 3, 4, 5, 6, 7, 8, 9, 10, 11, 12] (researched, unverified)"
VN.ADM1.00030,cassava,2008,199800.0,13900.0,planted,14.37410071942446,0.19976946875,12,"months [1, 2, 3, 4, 5, 6, 7, 8, 9, 10, 11, 12] (researched, unverified)"
VN.ADM1.00030,cassava,2009,195900.0,14200.0,planted,13.795774647887324,0.21114612416666667,12,"months [1, 2, 3, 4, 5, 6, 7, 8, 9, 10, 11, 12] (researched, unverified)"
VN.ADM1.00030,cassava,2010,189700.0,13900.0,planted,13.647482014388489,0.21142152216666665,12,"months [1, 2, 3, 4, 5, 6, 7, 8, 9, 10, 11, 12] (researched, unverified)"
VN.ADM1.00030,cassava,2011,214600.0,15100.0,planted,14.211920529801324,0.18086132475000002,12,"months [1, 2, 3, 4, 5, 6, 7, 8, 9, 10, 11, 12] (researched, unverified)"
VN.ADM1.00030,cassava,2012,217000.0,14300.0,planted,15.174825174825175,0.21774197333333334,12,"months [1, 2, 3, 4, 5, 6, 7, 8, 9, 10, 11, 12] (researched, unverified)"
VN.ADM1.00030,cassava,2013,210000.0,13300.0,planted,15.789473684210526,0.20508711208333333,12,"months [1, 2, 3, 4, 5, 6, 7, 8, 9, 10, 11, 12] (researched, unverified)"
VN.ADM1.00030,cassava,2014,214100.0,12600.0,planted,16.99206349206349,0.20760890583333333,12,"months [1, 2, 3, 4, 5, 6, 7, 8, 9, 10, 11, 12] (researched, unverified)"
VN.ADM1.00030,cassava,2015,229200.0,12800.0,planted,17.90625,0.22996807466666666,12,"months [1, 2, 3, 4, 5, 6, 7, 8, 9, 10, 11, 12] (researched, unverified)"
VN.ADM1.00030,cassava,2016,233100.0,12600.0,planted,18.5,0.20398233833333335,12,"months [1, 2, 3, 4, 5, 6, 7, 8, 9, 10, 11, 12] (researched, unverified)"
VN.ADM1.00032,cassava,2001,142800.0,16200.0,planted,8.814814814814815,0.20703762699999997,12,"months [1, 2, 3, 4, 5, 6, 7, 8, 9, 10, 11, 12] (researched, unverified)"
VN.ADM1.00032,cassava,2002,159100.0,17200.0,planted,9.25,0.19681099833333335,12,"months [1, 2, 3, 4, 5, 6, 7, 8, 9, 10, 11, 12] (researched, unverified)"
VN.ADM1.00032,cassava,2003,183000.0,17900.0,planted,10.223463687150838,0.21464838466666666,12,"months [1, 2, 3, 4, 5, 6, 7, 8, 9, 10, 11, 12] (researched, unverified)"
VN.ADM1.00032,cassava,2004,199100.0,18100.0,planted,11.0,0.19138335291666667,12,"months [1, 2, 3, 4, 5, 6, 7, 8, 9, 10, 11, 12] (researched, unverified)"
VN.ADM1.00032,cassava,2005,192300.0,17800.0,planted,10.803370786516854,0.19147337499999997,12,"months [1, 2, 3, 4, 5, 6, 7, 8, 9, 10, 11, 12] (researched, unverified)"
VN.ADM1.00032,cassava,2006,201000.0,18000.0,planted,11.166666666666666,0.19209385,12,"months [1, 2, 3, 4, 5, 6, 7, 8, 9, 10, 11, 12] (researched, unverified)"
VN.ADM1.00032,cassava,2007,210600.0,18600.0,planted,11.32258064516129,0.18724715425000002,12,"months [1, 2, 3, 4, 5, 6, 7, 8, 9, 10, 11, 12] (researched, unverified)"
VN.ADM1.00032,cassava,2008,270400.0,23700.0,planted,11.40928270042194,0.1935372805,12,"months [1, 2, 3, 4, 5, 6, 7, 8, 9, 10, 11, 12] (researched, unverified)"
VN.ADM1.00032,cassava,2009,267900.0,22300.0,planted,12.013452914798206,0.19339685133333331,12,"months [1, 2, 3, 4, 5, 6, 7, 8, 9, 10, 11, 12] (researched, unverified)"
VN.ADM1.00032,cassava,2010,295100.0,24600.0,planted,11.995934959349594,0.1899472438333333,12,"months [1, 2, 3, 4, 5, 6, 7, 8, 9, 10, 11, 12] (researched, unverified)"
VN.ADM1.00032,cassava,2011,351500.0,28500.0,planted,12.333333333333334,0.18079232775,12,"months [1, 2, 3, 4, 5, 6, 7, 8, 9, 10, 11, 12] (researched, unverified)"
VN.ADM1.00032,cassava,2012,352600.0,28100.0,planted,12.548042704626335,0.183365122,12,"months [1, 2, 3, 4, 5, 6, 7, 8, 9, 10, 11, 12] (researched, unverified)"
VN.ADM1.00032,cassava,2013,345900.0,28000.0,planted,12.353571428571428,0.1882683550833333,12,"months [1, 2, 3, 4, 5, 6, 7, 8, 9, 10, 11, 12] (researched, unverified)"
VN.ADM1.00032,cassava,2014,371300.0,30500.0,planted,12.173770491803278,0.19262734541666668,12,"months [1, 2, 3, 4, 5, 6, 7, 8, 9, 10, 11, 12] (researched, unverified)"
VN.ADM1.00032,cassava,2015,359500.0,31200.0,planted,11.522435897435898,0.19481827291666667,12,"months [1, 2, 3, 4, 5, 6, 7, 8, 9, 10, 11, 12] (researched, unverified)"
VN.ADM1.00032,cassava,2016,386500.0,32800.0,planted,11.783536585365853,0.19228004158333334,12,"months [1, 2, 3, 4, 5, 6, 7, 8, 9, 10, 11, 12] (researched, unverified)"
VN.ADM1.00033,cassava,2001,476300.0,23100.0,planted,20.61904761904762,0.2720650275,12,"months [1, 2, 3, 4, 5, 6, 7, 8, 9, 10, 11, 12] (researched, unverified)"
VN.ADM1.00033,cassava,2002,664300.0,31600.0,planted,21.022151898734176,0.2516775333333333,12,"months [1, 2, 3, 4, 5, 6, 7, 8, 9, 10, 11, 12] (researched, unverified)"
VN.ADM1.00033,cassava,2003,663400.0,31600.0,planted,20.99367088607595,0.26139051583333334,12,"months [1, 2, 3, 4, 5, 6, 7, 8, 9, 10, 11, 12] (researched, unverified)"
VN.ADM1.00033,cassava,2004,661500.0,31500.0,planted,21.0,0.23617437666666666,12,"months [1, 2, 3, 4, 5, 6, 7, 8, 9, 10, 11, 12] (researched, unverified)"
VN.ADM1.00033,cassava,2005,611600.0,28600.0,planted,21.384615384615383,0.22521547916666665,12,"months [1, 2, 3, 4, 5, 6, 7, 8, 9, 10, 11, 12] (researched, unverified)"
VN.ADM1.00033,cassava,2006,630600.0,29900.0,planted,21.090301003344482,0.250163655,12,"months [1, 2, 3, 4, 5, 6, 7, 8, 9, 10, 11, 12] (researched, unverified)"
VN.ADM1.00033,cassava,2007,673900.0,31600.0,planted,21.325949367088608,0.24537622416666668,12,"months [1, 2, 3, 4, 5, 6, 7, 8, 9, 10, 11, 12] (researched, unverified)"
VN.ADM1.00033,cassava,2008,684400.0,32500.0,planted,21.05846153846154,0.25104329333333336,12,"months [1, 2, 3, 4, 5, 6, 7, 8, 9, 10, 11, 12] (researched, unverified)"
VN.ADM1.00033,cassava,2009,561609.0,27000.0,planted,20.800333333333334,0.26313000583333335,12,"months [1, 2, 3, 4, 5, 6, 7, 8, 9, 10, 11, 12] (researched, unverified)"
VN.ADM1.00033,cassava,2010,581900.0,26900.0,planted,21.63197026022305,0.262026955,12,"months [1, 2, 3, 4, 5, 6, 7, 8, 9, 10, 11, 12] (researched, unverified)"
VN.ADM1.00033,cassava,2011,605700.0,28100.0,planted,21.555160142348754,0.25002213,12,"months [1, 2, 3, 4, 5, 6, 7, 8, 9, 10, 11, 12] (researched, unverified)"
VN.ADM1.00033,cassava,2012,582300.0,27100.0,planted,21.487084870848708,0.27710829249999996,12,"months [1, 2, 3, 4, 5, 6, 7, 8, 9, 10, 11, 12] (researched, unverified)"
VN.ADM1.00033,cassava,2013,514700.0,23400.0,planted,21.995726495726494,0.26748355416666664,12,"months [1, 2, 3, 4, 5, 6, 7, 8, 9, 10, 11, 12] (researched, unverified)"
VN.ADM1.00033,cassava,2014,514300.0,23300.0,planted,22.07296137339056,0.25941456916666666,12,"months [1, 2, 3, 4, 5, 6, 7, 8, 9, 10, 11, 12] (researched, unverified)"
VN.ADM1.00033,cassava,2015,500800.0,22500.0,planted,22.25777777777778,0.2800168883333333,12,"months [1, 2, 3, 4, 5, 6, 7, 8, 9, 10, 11, 12] (researched, unverified)"
VN.ADM1.00033,cassava,2016,2024000.001,21800.0,planted,92.84403674311926,0.2641691408333333,12,"months [1, 2, 3, 4, 5, 6, 7, 8, 9, 10, 11, 12] (researched, unverified)"
VN.ADM1.00034,cassava,2001,538700.0,25400.0,planted,21.208661417322833,0.20826240666666665,12,"months [1, 2, 3, 4, 5, 6, 7, 8, 9, 10, 11, 12] (researched, unverified)"
VN.ADM1.00034,cassava,2002,682300.0,31700.0,planted,21.52365930599369,0.19934641583333335,12,"months [1, 2, 3, 4, 5, 6, 7, 8, 9, 10, 11, 12] (researched, unverified)"
VN.ADM1.00034,cassava,2003,800100.0,35600.0,planted,22.474719101123597,0.20573462833333334,12,"months [1, 2, 3, 4, 5, 6, 7, 8, 9, 10, 11, 12] (researched, unverified)"
VN.ADM1.00034,cassava,2004,898700.0,38600.0,planted,23.28238341968912,0.19806434416666666,12,"months [1, 2, 3, 4, 5, 6, 7, 8, 9, 10, 11, 12] (researched, unverified)"
VN.ADM1.00034,cassava,2005,1071800.0,43300.0,planted,24.752886836027713,0.18573223958333332,12,"months [1, 2, 3, 4, 5, 6, 7, 8, 9, 10, 11, 12] (researched, unverified)"
VN.ADM1.00034,cassava,2006,1120700.0,45100.0,planted,24.84922394678492,0.20834624000000002,12,"months [1, 2, 3, 4, 5, 6, 7, 8, 9, 10, 11, 12] (researched, unverified)"
VN.ADM1.00034,cassava,2007,1125900.0,44500.0,planted,25.30112359550562,0.206269735,12,"months [1, 2, 3, 4, 5, 6, 7, 8, 9, 10, 11, 12] (researched, unverified)"
VN.ADM1.00034,cassava,2008,1248600.0,47600.0,planted,26.23109243697479,0.21119251333333333,12,"months [1, 2, 3, 4, 5, 6, 7, 8, 9, 10, 11, 12] (researched, unverified)"
VN.ADM1.00034,cassava,2009,469400.0,46000.0,planted,10.204347826086957,0.21243569166666665,12,"months [1, 2, 3, 4, 5, 6, 7, 8, 9, 10, 11, 12] (researched, unverified)"
VN.ADM1.00034,cassava,2010,1150700.0,40100.0,planted,28.69576059850374,0.22345233166666667,12,"months [1, 2, 3, 4, 5, 6, 7, 8, 9, 10, 11, 12] (researched, unverified)"
VN.ADM1.00034,cassava,2011,1325900.0,45700.0,planted,29.01312910284464,0.22747259500000003,12,"months [1, 2, 3, 4, 5, 6, 7, 8, 9, 10, 11, 12] (researched, unverified)"
VN.ADM1.00034,cassava,2012,1317300.0,45400.0,planted,29.015418502202643,0.23440436583333332,12,"months [1, 2, 3, 4, 5, 6, 7, 8, 9, 10, 11, 12] (researched, unverified)"
VN.ADM1.00034,cassava,2013,1347000.0,45700.0,planted,29.474835886214443,0.22890211583333334,12,"months [1, 2, 3, 4, 5, 6, 7, 8, 9, 10, 11, 12] (researched, unverified)"
VN.ADM1.00034,cassava,2014,1603400.0,50500.0,planted,31.750495049504952,0.23458888,12,"months [1, 2, 3, 4, 5, 6, 7, 8, 9, 10, 11, 12] (researched, unverified)"
VN.ADM1.00034,cassava,2015,1868300.0,57600.0,planted,32.435763888888886,0.2414534025,12,"months [1, 2, 3, 4, 5, 6, 7, 8, 9, 10, 11, 12] (researched, unverified)"
VN.ADM1.00034,cassava,2016,403600.0,61600.0,planted,6.5519480519480515,0.2361957575,12,"months [1, 2, 3, 4, 5, 6, 7, 8, 9, 10, 11, 12] (researched, unverified)"
VN.ADM1.00036,cassava,2001,94900.0,11900.0,planted,7.974789915966387,0.22401009675000003,12,"months [1, 2, 3, 4, 5, 6, 7, 8, 9, 10, 11, 12] (researched, unverified)"
VN.ADM1.00036,cassava,2002,111400.0,13600.0,planted,8.191176470588236,0.22187858000000002,12,"months [1, 2, 3, 4, 5, 6, 7, 8, 9, 10, 11, 12] (researched, unverified)"
VN.ADM1.00036,cassava,2003,129600.0,15200.0,planted,8.526315789473685,0.23511813266666667,12,"months [1, 2, 3, 4, 5, 6, 7, 8, 9, 10, 11, 12] (researched, unverified)"
VN.ADM1.00036,cassava,2004,124300.0,14500.0,planted,8.572413793103449,0.20948973375000002,12,"months [1, 2, 3, 4, 5, 6, 7, 8, 9, 10, 11, 12] (researched, unverified)"
VN.ADM1.00036,cassava,2005,126000.0,15100.0,planted,8.344370860927153,0.19898278283333334,12,"months [1, 2, 3, 4, 5, 6, 7, 8, 9, 10, 11, 12] (researched, unverified)"
VN.ADM1.00036,cassava,2006,142800.0,14500.0,planted,9.848275862068965,0.2201536145,12,"months [1, 2, 3, 4, 5, 6, 7, 8, 9, 10, 11, 12] (researched, unverified)"
VN.ADM1.00036,cassava,2007,160800.0,15200.0,planted,10.578947368421053,0.21643784,12,"months [1, 2, 3, 4, 5, 6, 7, 8, 9, 10, 11, 12] (researched, unverified)"
VN.ADM1.00036,cassava,2008,210600.0,16900.0,planted,12.461538461538462,0.21994996266666667,12,"months [1, 2, 3, 4, 5, 6, 7, 8, 9, 10, 11, 12] (researched, unverified)"
VN.ADM1.00036,cassava,2009,195400.0,15600.0,planted,12.525641025641026,0.22778763458333331,12,"months [1, 2, 3, 4, 5, 6, 7, 8, 9, 10, 11, 12] (researched, unverified)"
VN.ADM1.00036,cassava,2010,172600.0,15300.0,planted,11.281045751633988,0.21293551791666665,12,"months [1, 2, 3, 4, 5, 6, 7, 8, 9, 10, 11, 12] (researched, unverified)"
VN.ADM1.00036,cassava,2011,203100.0,16300.0,planted,12.460122699386503,0.19660654249999998,12,"months [1, 2, 3, 4, 5, 6, 7, 8, 9, 10, 11, 12] (researched, unverified)"
VN.ADM1.00036,cassava,2012,218900.0,16800.0,planted,13.029761904761905,0.21687847525,12,"months [1, 2, 3, 4, 5, 6, 7, 8, 9, 10, 11, 12] (researched, unverified)"
VN.ADM1.00036,cassava,2013,215900.0,16100.0,planted,13.409937888198758,0.21714542916666668,12,"months [1, 2, 3, 4, 5, 6, 7, 8, 9, 10, 11, 12] (researched, unverified)"
VN.ADM1.00036,cassava,2014,259700.0,18000.0,planted,14.427777777777777,0.22443696000000002,12,"months [1, 2, 3, 4, 5, 6, 7, 8, 9, 10, 11, 12] (researched, unverified)"
VN.ADM1.00036,cassava,2015,261900.0,17800.0,planted,14.713483146067416,0.2383243975,12,"months [1, 2, 3, 4, 5, 6, 7, 8, 9, 10, 11, 12] (researched, unverified)"
VN.ADM1.00036,cassava,2016,269500.0,18000.0,planted,14.972222222222221,0.231609845,12,"months [1, 2, 3, 4, 5, 6, 7, 8, 9, 10, 11, 12] (researched, unverified)"
VN.ADM1.00037,cassava,2001,66000.0,7700.0,planted,8.571428571428571,0.20168721416666668,12,"months [1, 2, 3, 4, 5, 6, 7, 8, 9, 10, 11, 12] (researched, unverified)"
VN.ADM1.00037,cassava,2002,126200.0,12300.0,planted,10.260162601626016,0.17961649666666668,12,"months [1, 2, 3, 4, 5, 6, 7, 8, 9, 10, 11, 12] (researched, unverified)"
VN.ADM1.00037,cassava,2003,165100.0,16100.0,planted,10.254658385093167,0.18783452283333332,12,"months [1, 2, 3, 4, 5, 6, 7, 8, 9, 10, 11, 12] (researched, unverified)"
VN.ADM1.00037,cassava,2004,191000.0,16700.0,planted,11.437125748502995,0.17828734033333335,12,"months [1, 2, 3, 4, 5, 6, 7, 8, 9, 10, 11, 12] (researched, unverified)"
VN.ADM1.00037,cassava,2005,216900.0,18900.0,planted,11.476190476190476,0.17150631925,12,"months [1, 2, 3, 4, 5, 6, 7, 8, 9, 10, 11, 12] (researched, unverified)"
VN.ADM1.00037,cassava,2006,308500.0,21400.0,planted,14.41588785046729,0.193681742,12,"months [1, 2, 3, 4, 5, 6, 7, 8, 9, 10, 11, 12] (researched, unverified)"
VN.ADM1.00037,cassava,2007,383100.0,25700.0,planted,14.906614785992218,0.19252883416666666,12,"months [1, 2, 3, 4, 5, 6, 7, 8, 9, 10, 11, 12] (researched, unverified)"
VN.ADM1.00037,cassava,2008,467400.0,30200.0,planted,15.47682119205298,0.19918164416666664,12,"months [1, 2, 3, 4, 5, 6, 7, 8, 9, 10, 11, 12] (researched, unverified)"
VN.ADM1.00037,cassava,2009,434500.0,25700.0,planted,16.90661478599222,0.20065422916666667,12,"months [1, 2, 3, 4, 5, 6, 7, 8, 9, 10, 11, 12] (researched, unverified)"
VN.ADM1.00037,cassava,2010,481700.0,25700.0,planted,18.7431906614786,0.20221530499999998,12,"months [1, 2, 3, 4, 5, 6, 7, 8, 9, 10, 11, 12] (researched, unverified)"
VN.ADM1.00037,cassava,2011,584500.0,31400.0,planted,18.61464968152866,0.19434167416666667,12,"months [1, 2, 3, 4, 5, 6, 7, 8, 9, 10, 11, 12] (researched, unverified)"
VN.ADM1.00037,cassava,2012,511400.0,32800.0,planted,15.591463414634147,0.20617239083333336,12,"months [1, 2, 3, 4, 5, 6, 7, 8, 9, 10, 11, 12] (researched, unverified)"
VN.ADM1.00037,cassava,2013,501200.0,32200.0,planted,15.565217391304348,0.1963732916666667,12,"months [1, 2, 3, 4, 5, 6, 7, 8, 9, 10, 11, 12] (researched, unverified)"
VN.ADM1.00037,cassava,2014,521300.0,32700.0,planted,15.941896024464832,0.2009459075,12,"months [1, 2, 3, 4, 5, 6, 7, 8, 9, 10, 11, 12] (researched, unverified)"
VN.ADM1.00037,cassava,2015,521400.0,30900.0,planted,16.87378640776699,0.19646940916666666,12,"months [1, 2, 3, 4, 5, 6, 7, 8, 9, 10, 11, 12] (researched, unverified)"
VN.ADM1.00037,cassava,2016,495100.0,31200.0,planted,15.868589743589743,0.20123032083333334,12,"months [1, 2, 3, 4, 5, 6, 7, 8, 9, 10, 11, 12] (researched, unverified)"
VN.ADM1.00039,cassava,2001,92500.0,8500.0,planted,10.882352941176471,0.1457709553333333,12,"months [1, 2, 3, 4, 5, 6, 7, 8, 9, 10, 11, 12] (researched, unverified)"
VN.ADM1.00039,cassava,2002,89700.0,8000.0,planted,11.2125,0.1434809125,12,"months [1, 2, 3, 4, 5, 6, 7, 8, 9, 10, 11, 12] (researched, unverified)"
VN.ADM1.00039,cassava,2003,88300.0,7800.0,planted,11.320512820512821,0.15960047158333332,12,"months [1, 2, 3, 4, 5, 6, 7, 8, 9, 10, 11, 12] (researched, unverified)"
VN.ADM1.00039,cassava,2004,91600.0,8000.0,planted,11.45,0.14536000433333332,12,"months [1, 2, 3, 4, 5, 6, 7, 8, 9, 10, 11, 12] (researched, unverified)"
VN.ADM1.00039,cassava,2005,88800.0,7700.0,planted,11.532467532467532,0.15042832875,12,"months [1, 2, 3, 4, 5, 6, 7, 8, 9, 10, 11, 12] (researched, unverified)"
VN.ADM1.00039,cassava,2006,90200.0,7800.0,planted,11.564102564102564,0.15116508658333333,12,"months [1, 2, 3, 4, 5, 6, 7, 8, 9, 10, 11, 12] (researched, unverified)"
VN.ADM1.00039,cassava,2007,88600.0,7500.0,planted,11.813333333333333,0.15225221,12,"months [1, 2, 3, 4, 5, 6, 7, 8, 9, 10, 11, 12] (researched, unverified)"
VN.ADM1.00039,cassava,2008,87900.0,7300.0,planted,12.04109589041096,0.14906923108333334,12,"months [1, 2, 3, 4, 5, 6, 7, 8, 9, 10, 11, 12] (researched, unverified)"
VN.ADM1.00039,cassava,2009,87900.0,7300.0,planted,12.04109589041096,0.1595092155,12,"months [1, 2, 3, 4, 5, 6, 7, 8, 9, 10, 11, 12] (researched, unverified)"
VN.ADM1.00039,cassava,2010,96300.0,7600.0,planted,12.671052631578947,0.15373252841666665,12,"months [1, 2, 3, 4, 5, 6, 7, 8, 9, 10, 11, 12] (researched, unverified)"
VN.ADM1.00039,cassava,2011,105000.0,8100.0,planted,12.962962962962964,0.14135243125,12,"months [1, 2, 3, 4, 5, 6, 7, 8, 9, 10, 11, 12] (researched, unverified)"
VN.ADM1.00039,cassava,2012,122000.0,9200.0,planted,13.26086956521739,0.14425996575,12,"months [1, 2, 3, 4, 5, 6, 7, 8, 9, 10, 11, 12] (researched, unverified)"
VN.ADM1.00039,cassava,2013,116600.0,8700.0,planted,13.402298850574713,0.141911121,12,"months [1, 2, 3, 4, 5, 6, 7, 8, 9, 10, 11, 12] (researched, unverified)"
VN.ADM1.00039,cassava,2014,116500.0,8600.0,planted,13.546511627906977,0.15167961533333332,12,"months [1, 2, 3, 4, 5, 6, 7, 8, 9, 10, 11, 12] (researched, unverified)"
VN.ADM1.00039,cassava,2015,115100.0,8300.0,planted,13.867469879518072,0.16503350333333333,12,"months [1, 2, 3, 4, 5, 6, 7, 8, 9, 10, 11, 12] (researched, unverified)"
VN.ADM1.00039,cassava,2016,115000.0,8300.0,planted,13.855421686746988,0.16194434916666667,12,"months [1, 2, 3, 4, 5, 6, 7, 8, 9, 10, 11, 12] (researched, unverified)"
VN.ADM1.00002,groundnuts_in_shell,2001,6300.0,5200.0,planted,1.2115384615384615,0.2212612162,10,"months [2, 3, 4, 5, 6, 7, 8, 9, 10, 11] (researched, unverified)"
VN.ADM1.00002,groundnuts_in_shell,2002,5300.0,4900.0,planted,1.0816326530612246,0.21098460000000002,10,"months [2, 3, 4, 5, 6, 7, 8, 9, 10, 11] (researched, unverified)"
VN.ADM1.00002,groundnuts_in_shell,2003,4600.0,4300.0,planted,1.069767441860465,0.22666967040000002,10,"months [2, 3, 4, 5, 6, 7, 8, 9, 10, 11] (researched, unverified)"
VN.ADM1.00002,groundnuts_in_shell,2004,5000.0,4300.0,planted,1.1627906976744187,0.20104915480000002,10,"months [2, 3, 4, 5, 6, 7, 8, 9, 10, 11] (researched, unverified)"
VN.ADM1.00002,groundnuts_in_shell,2005,5200.0,4200.0,planted,1.2380952380952381,0.214865446,10,"months [2, 3, 4, 5, 6, 7, 8, 9, 10, 11] (researched, unverified)"
VN.ADM1.00002,groundnuts_in_shell,2006,4600.0,3900.0,planted,1.1794871794871795,0.205223769,10,"months [2, 3, 4, 5, 6, 7, 8, 9, 10, 11] (researched, unverified)"
VN.ADM1.00002,groundnuts_in_shell,2007,5600.0,4300.0,planted,1.302325581395349,0.220277024,10,"months [2, 3, 4, 5, 6, 7, 8, 9, 10, 11] (researched, unverified)"
VN.ADM1.00002,groundnuts_in_shell,2008,7300.0,4500.0,planted,1.6222222222222222,0.2164339482,10,"months [2, 3, 4, 5, 6, 7, 8, 9, 10, 11] (researched, unverified)"
VN.ADM1.00002,groundnuts_in_shell,2009,7100.0,4500.0,planted,1.5777777777777777,0.2255939954,10,"months [2, 3, 4, 5, 6, 7, 8, 9, 10, 11] (researched, unverified)"
VN.ADM1.00002,groundnuts_in_shell,2010,6800.0,4300.0,planted,1.5813953488372092,0.22452599759999997,10,"months [2, 3, 4, 5, 6, 7, 8, 9, 10, 11] (researched, unverified)"
VN.ADM1.00002,groundnuts_in_shell,2011,6600.0,4200.0,planted,1.5714285714285714,0.208059995,10,"months [2, 3, 4, 5, 6, 7, 8, 9, 10, 11] (researched, unverified)"
VN.ADM1.00002,groundnuts_in_shell,2012,6700.0,4300.0,planted,1.558139534883721,0.19527303759999998,10,"months [2, 3, 4, 5, 6, 7, 8, 9, 10, 11] (researched, unverified)"
VN.ADM1.00002,groundnuts_in_shell,2013,6700.0,4300.0,planted,1.558139534883721,0.20597240499999997,10,"months [2, 3, 4, 5, 6, 7, 8, 9, 10, 11] (researched, unverified)"
VN.ADM1.00002,groundnuts_in_shell,2014,6700.0,4400.0,planted,1.5227272727272727,0.204592139,10,"months [2, 3, 4, 5, 6, 7, 8, 9, 10, 11] (researched, unverified)"
VN.ADM1.00002,groundnuts_in_shell,2015,6400.0,4100.0,planted,1.5609756097560976,0.226035792,10,"months [2, 3, 4, 5, 6, 7, 8, 9, 10, 11] (researched, unverified)"
VN.ADM1.00004,groundnuts_in_shell,2001,11800.0,9900.0,planted,1.1919191919191918,0.185691259,10,"months [2, 3, 4, 5, 6, 7, 8, 9, 10, 11] (researched, unverified)"
VN.ADM1.00004,groundnuts_in_shell,2002,13400.0,10500.0,planted,1.276190476190476,0.17477589840000002,10,"months [2, 3, 4, 5, 6, 7, 8, 9, 10, 11] (researched, unverified)"
VN.ADM1.00004,groundnuts_in_shell,2003,14000.0,10100.0,planted,1.386138613861386,0.1864423224,10,"months [2, 3, 4, 5, 6, 7, 8, 9, 10, 11] (researched, unverified)"
VN.ADM1.00004,groundnuts_in_shell,2004,15600.0,11000.0,planted,1.4181818181818182,0.1702086626,10,"months [2, 3, 4, 5, 6, 7, 8, 9, 10, 11] (researched, unverified)"
VN.ADM1.00004,groundnuts_in_shell,2005,14500.0,10600.0,planted,1.3679245283018868,0.1635925911,10,"months [2, 3, 4, 5, 6, 7, 8, 9, 10, 11] (researched, unverified)"
VN.ADM1.00004,groundnuts_in_shell,2006,16700.0,10700.0,planted,1.560747663551402,0.183541334,10,"months [2, 3, 4, 5, 6, 7, 8, 9, 10, 11] (researched, unverified)"
VN.ADM1.00004,groundnuts_in_shell,2007,18200.0,11200.0,planted,1.625,0.175183883,10,"months [2, 3, 4, 5, 6, 7, 8, 9, 10, 11] (researched, unverified)"
VN.ADM1.00004,groundnuts_in_shell,2008,14700.0,10000.0,planted,1.47,0.1745645414,10,"months [2, 3, 4, 5, 6, 7, 8, 9, 10, 11] (researched, unverified)"
VN.ADM1.00004,groundnuts_in_shell,2009,20700.0,11000.0,planted,1.8818181818181818,0.1831632475,10,"months [2, 3, 4, 5, 6, 7, 8, 9, 10, 11] (researched, unverified)"
VN.ADM1.00004,groundnuts_in_shell,2010,19000.0,10500.0,planted,1.8095238095238095,0.17929951900000002,10,"months [2, 3, 4, 5, 6, 7, 8, 9, 10, 11] (researched, unverified)"
VN.ADM1.00004,groundnuts_in_shell,2011,15400.0,9500.0,planted,1.6210526315789473,0.15966876089999998,10,"months [2, 3, 4, 5, 6, 7, 8, 9, 10, 11] (researched, unverified)"
VN.ADM1.00004,groundnuts_in_shell,2012,18000.0,9800.0,planted,1.836734693877551,0.18919029319999997,10,"months [2, 3, 4, 5, 6, 7, 8, 9, 10, 11] (researched, unverified)"
VN.ADM1.00004,groundnuts_in_shell,2013,19600.0,9700.0,planted,2.020618556701031,0.18508771,10,"months [2, 3, 4, 5, 6, 7, 8, 9, 10, 11] (researched, unverified)"
VN.ADM1.00004,groundnuts_in_shell,2014,17500.0,9500.0,planted,1.8421052631578947,0.1817756994,10,"months [2, 3, 4, 5, 6, 7, 8, 9, 10, 11] (researched, unverified)"
VN.ADM1.00004,groundnuts_in_shell,2015,16000.0,8000.0,planted,2.0,0.200132699,10,"months [2, 3, 4, 5, 6, 7, 8, 9, 10, 11] (researched, unverified)"
VN.ADM1.00006,groundnuts_in_shell,2001,2500.0,1700.0,planted,1.4705882352941178,0.1429843535,10,"months [2, 3, 4, 5, 6, 7, 8, 9, 10, 11] (researched, unverified)"
VN.ADM1.00006,groundnuts_in_shell,2002,3800.0,2100.0,planted,1.8095238095238095,0.1526052065,10,"months [2, 3, 4, 5, 6, 7, 8, 9, 10, 11] (researched, unverified)"
VN.ADM1.00006,groundnuts_in_shell,2003,6800.0,2400.0,planted,2.8333333333333335,0.1468433932,10,"months [2, 3, 4, 5, 6, 7, 8, 9, 10, 11] (researched, unverified)"
VN.ADM1.00006,groundnuts_in_shell,2004,10000.0,2800.0,planted,3.5714285714285716,0.1294010366,10,"months [2, 3, 4, 5, 6, 7, 8, 9, 10, 11] (researched, unverified)"
VN.ADM1.00006,groundnuts_in_shell,2005,13600.0,3600.0,planted,3.7777777777777777,0.1307771725,10,"months [2, 3, 4, 5, 6, 7, 8, 9, 10, 11] (researched, unverified)"
VN.ADM1.00006,groundnuts_in_shell,2006,13800.0,3400.0,planted,4.0588235294117645,0.139858487,10,"months [2, 3, 4, 5, 6, 7, 8, 9, 10, 11] (researched, unverified)"
VN.ADM1.00006,groundnuts_in_shell,2007,15400.0,3900.0,planted,3.948717948717949,0.151272326,10,"months [2, 3, 4, 5, 6, 7, 8, 9, 10, 11] (researched, unverified)"
VN.ADM1.00006,groundnuts_in_shell,2008,17200.0,4100.0,planted,4.195121951219512,0.150752581,10,"months [2, 3, 4, 5, 6, 7, 8, 9, 10, 11] (researched, unverified)"
VN.ADM1.00006,groundnuts_in_shell,2009,17900.0,4300.0,planted,4.162790697674419,0.1641944694,10,"months [2, 3, 4, 5, 6, 7, 8, 9, 10, 11] (researched, unverified)"
VN.ADM1.00006,groundnuts_in_shell,2010,19300.0,4400.0,planted,4.386363636363637,0.16731754299999999,10,"months [2, 3, 4, 5, 6, 7, 8, 9, 10, 11] (researched, unverified)"
VN.ADM1.00006,groundnuts_in_shell,2011,21000.0,4500.0,planted,4.666666666666667,0.163852162,10,"months [2, 3, 4, 5, 6, 7, 8, 9, 10, 11] (researched, unverified)"
VN.ADM1.00006,groundnuts_in_shell,2012,22100.0,4700.0,planted,4.702127659574468,0.16790508499999998,10,"months [2, 3, 4, 5, 6, 7, 8, 9, 10, 11] (researched, unverified)"
VN.ADM1.00006,groundnuts_in_shell,2013,23600.0,4600.0,planted,5.130434782608695,0.165514356,10,"months [2, 3, 4, 5, 6, 7, 8, 9, 10, 11] (researched, unverified)"
VN.ADM1.00006,groundnuts_in_shell,2014,23600.0,4600.0,planted,5.130434782608695,0.168250745,10,"months [2, 3, 4, 5, 6, 7, 8, 9, 10, 11] (researched, unverified)"
VN.ADM1.00006,groundnuts_in_shell,2015,24400.0,4700.0,planted,5.191489361702128,0.16356023739999997,10,"months [2, 3, 4, 5, 6, 7, 8, 9, 10, 11] (researched, unverified)"
VN.ADM1.00007,groundnuts_in_shell,2001,23700.0,17400.0,planted,1.3620689655172413,0.245967701,10,"months [2, 3, 4, 5, 6, 7, 8, 9, 10, 11] (researched, unverified)"
VN.ADM1.00007,groundnuts_in_shell,2002,23600.0,20300.0,planted,1.1625615763546797,0.2176035214,10,"months [2, 3, 4, 5, 6, 7, 8, 9, 10, 11] (researched, unverified)"
VN.ADM1.00007,groundnuts_in_shell,2003,29800.0,19600.0,planted,1.5204081632653061,0.23688341899999998,10,"months [2, 3, 4, 5, 6, 7, 8, 9, 10, 11] (researched, unverified)"
VN.ADM1.00007,groundnuts_in_shell,2004,14000.0,20600.0,planted,0.6796116504854369,0.2184569925,10,"months [2, 3, 4, 5, 6, 7, 8, 9, 10, 11] (researched, unverified)"
VN.ADM1.00007,groundnuts_in_shell,2005,29600.0,20600.0,planted,1.4368932038834952,0.20329279100000003,10,"months [2, 3, 4, 5, 6, 7, 8, 9, 10, 11] (researched, unverified)"
VN.ADM1.00007,groundnuts_in_shell,2006,29500.0,19400.0,planted,1.5206185567010309,0.239805894,10,"months [2, 3, 4, 5, 6, 7, 8, 9, 10, 11] (researched, unverified)"
VN.ADM1.00007,groundnuts_in_shell,2007,30200.0,18200.0,planted,1.6593406593406594,0.226937881,10,"months [2, 3, 4, 5, 6, 7, 8, 9, 10, 11] (researched, unverified)"
VN.ADM1.00007,groundnuts_in_shell,2008,28200.0,16900.0,planted,1.668639053254438,0.233640749,10,"months [2, 3, 4, 5, 6, 7, 8, 9, 10, 11] (researched, unverified)"
VN.ADM1.00007,groundnuts_in_shell,2009,27800.0,15500.0,planted,1.793548387096774,0.238757719,10,"months [2, 3, 4, 5, 6, 7, 8, 9, 10, 11] (researched, unverified)"
VN.ADM1.00007,groundnuts_in_shell,2010,28100.0,15600.0,planted,1.8012820512820513,0.23268520499999998,10,"months [2, 3, 4, 5, 6, 7, 8, 9, 10, 11] (researched, unverified)"
VN.ADM1.00007,groundnuts_in_shell,2011,27700.0,15100.0,planted,1.8344370860927153,0.2299300005,10,"months [2, 3, 4, 5, 6, 7, 8, 9, 10, 11] (researched, unverified)"
VN.ADM1.00007,groundnuts_in_shell,2012,22200.0,14200.0,planted,1.5633802816901408,0.24512879199999998,10,"months [2, 3, 4, 5, 6, 7, 8, 9, 10, 11] (researched, unverified)"
VN.ADM1.00007,groundnuts_in_shell,2013,18200.0,11200.0,planted,1.625,0.228387515,10,"months [2, 3, 4, 5, 6, 7, 8, 9, 10, 11] (researched, unverified)"
VN.ADM1.00007,groundnuts_in_shell,2014,19200.0,11600.0,planted,1.6551724137931034,0.235454178,10,"months [2, 3, 4, 5, 6, 7, 8, 9, 10, 11] (researched, unverified)"
VN.ADM1.00007,groundnuts_in_shell,2015,17200.0,11400.0,planted,1.5087719298245614,0.229245346,10,"months [2, 3, 4, 5, 6, 7, 8, 9, 10, 11] (researched, unverified)"
VN.ADM1.00011,groundnuts_in_shell,2001,12200.0,7800.0,planted,1.564102564102564,0.15239088039999998,10,"months [2, 3, 4, 5, 6, 7, 8, 9, 10, 11] (researched, unverified)"
VN.ADM1.00011,groundnuts_in_shell,2002,12600.0,8300.0,planted,1.5180722891566265,0.1523419648,10,"months [2, 3, 4, 5, 6, 7, 8, 9, 10, 11] (researched, unverified)"
VN.ADM1.00011,groundnuts_in_shell,2003,13100.0,8100.0,planted,1.617283950617284,0.1666533218,10,"months [2, 3, 4, 5, 6, 7, 8, 9, 10, 11] (researched, unverified)"
VN.ADM1.00011,groundnuts_in_shell,2004,16900.0,9200.0,planted,1.8369565217391304,0.1483168772,10,"months [2, 3, 4, 5, 6, 7, 8, 9, 10, 11] (researched, unverified)"
VN.ADM1.00011,groundnuts_in_shell,2005,20600.0,10900.0,planted,1.889908256880734,0.158481546,10,"months [2, 3, 4, 5, 6, 7, 8, 9, 10, 11] (researched, unverified)"
VN.ADM1.00011,groundnuts_in_shell,2006,16600.0,9700.0,planted,1.711340206185567,0.15115159679999998,10,"months [2, 3, 4, 5, 6, 7, 8, 9, 10, 11] (researched, unverified)"
VN.ADM1.00011,groundnuts_in_shell,2007,19100.0,10100.0,planted,1.891089108910891,0.1607889518,10,"months [2, 3, 4, 5, 6, 7, 8, 9, 10, 11] (researched, unverified)"
VN.ADM1.00011,groundnuts_in_shell,2008,25800.0,12600.0,planted,2.0476190476190474,0.1545806258,10,"months [2, 3, 4, 5, 6, 7, 8, 9, 10, 11] (researched, unverified)"
VN.ADM1.00011,groundnuts_in_shell,2009,23100.0,11200.0,planted,2.0625,0.176522709,10,"months [2, 3, 4, 5, 6, 7, 8, 9, 10, 11] (researched, unverified)"
VN.ADM1.00011,groundnuts_in_shell,2010,25500.0,11500.0,planted,2.217391304347826,0.171819875,10,"months [2, 3, 4, 5, 6, 7, 8, 9, 10, 11] (researched, unverified)"
VN.ADM1.00011,groundnuts_in_shell,2011,26500.0,11600.0,planted,2.2844827586206895,0.1547024626,10,"months [2, 3, 4, 5, 6, 7, 8, 9, 10, 11] (researched, unverified)"
VN.ADM1.00011,groundnuts_in_shell,2012,28300.0,11800.0,planted,2.3983050847457625,0.1603799973,10,"months [2, 3, 4, 5, 6, 7, 8, 9, 10, 11] (researched, unverified)"
VN.ADM1.00011,groundnuts_in_shell,2013,28800.0,11700.0,planted,2.4615384615384617,0.1619931213,10,"months [2, 3, 4, 5, 6, 7, 8, 9, 10, 11] (researched, unverified)"
VN.ADM1.00011,groundnuts_in_shell,2014,28200.0,11400.0,planted,2.473684210526316,0.1658234716,10,"months [2, 3, 4, 5, 6, 7, 8, 9, 10, 11] (researched, unverified)"
VN.ADM1.00011,groundnuts_in_shell,2015,28900.0,11700.0,planted,2.47008547008547,0.1679581353,10,"months [2, 3, 4, 5, 6, 7, 8, 9, 10, 11] (researched, unverified)"
VN.ADM1.00012,groundnuts_in_shell,2001,22900.0,9900.0,planted,2.313131313131313,0.1494844985,10,"months [2, 3, 4, 5, 6, 7, 8, 9, 10, 11] (researched, unverified)"
VN.ADM1.00012,groundnuts_in_shell,2002,26400.0,10300.0,planted,2.563106796116505,0.1579438516,10,"months [2, 3, 4, 5, 6, 7, 8, 9, 10, 11] (researched, unverified)"
VN.ADM1.00012,groundnuts_in_shell,2003,29600.0,10600.0,planted,2.792452830188679,0.1582749315,10,"months [2, 3, 4, 5, 6, 7, 8, 9, 10, 11] (researched, unverified)"
VN.ADM1.00012,groundnuts_in_shell,2004,33100.0,11600.0,planted,2.853448275862069,0.1438956976,10,"months [2, 3, 4, 5, 6, 7, 8, 9, 10, 11] (researched, unverified)"
VN.ADM1.00012,groundnuts_in_shell,2005,34000.0,12100.0,planted,2.809917355371901,0.1451826873,10,"months [2, 3, 4, 5, 6, 7, 8, 9, 10, 11] (researched, unverified)"
VN.ADM1.00012,groundnuts_in_shell,2006,35700.0,12100.0,planted,2.950413223140496,0.1531544309,10,"months [2, 3, 4, 5, 6, 7, 8, 9, 10, 11] (researched, unverified)"
VN.ADM1.00012,groundnuts_in_shell,2007,34300.0,11900.0,planted,2.8823529411764706,0.14784595220000002,10,"months [2, 3, 4, 5, 6, 7, 8, 9, 10, 11] (researched, unverified)"
VN.ADM1.00012,groundnuts_in_shell,2008,37000.0,11700.0,planted,3.1623931623931623,0.154744436,10,"months [2, 3, 4, 5, 6, 7, 8, 9, 10, 11] (researched, unverified)"
VN.ADM1.00012,groundnuts_in_shell,2009,32400.0,11200.0,planted,2.892857142857143,0.1573032208,10,"months [2, 3, 4, 5, 6, 7, 8, 9, 10, 11] (researched, unverified)"
VN.ADM1.00012,groundnuts_in_shell,2010,34300.0,11000.0,planted,3.118181818181818,0.1440510099,10,"months [2, 3, 4, 5, 6, 7, 8, 9, 10, 11] (researched, unverified)"
VN.ADM1.00012,groundnuts_in_shell,2011,36500.0,11200.0,planted,3.2589285714285716,0.1470678625,10,"months [2, 3, 4, 5, 6, 7, 8, 9, 10, 11] (researched, unverified)"
VN.ADM1.00012,groundnuts_in_shell,2012,36000.0,11000.0,planted,3.272727272727273,0.15374771140000001,10,"months [2, 3, 4, 5, 6, 7, 8, 9, 10, 11] (researched, unverified)"
VN.ADM1.00012,groundnuts_in_shell,2013,37500.0,11200.0,planted,3.3482142857142856,0.1465476433,10,"months [2, 3, 4, 5, 6, 7, 8, 9, 10, 11] (researched, unverified)"
VN.ADM1.00012,groundnuts_in_shell,2014,30700.0,10100.0,planted,3.0396039603960396,0.16177959749999998,10,"months [2, 3, 4, 5, 6, 7, 8, 9, 10, 11] (researched, unverified)"
VN.ADM1.00012,groundnuts_in_shell,2015,29700.0,9900.0,planted,3.0,0.1599307861,10,"months [2, 3, 4, 5, 6, 7, 8, 9, 10, 11] (researched, unverified)"
VN.ADM1.00013,groundnuts_in_shell,2001,9300.0,7800.0,planted,1.1923076923076923,0.15135720079999998,10,"months [2, 3, 4, 5, 6, 7, 8, 9, 10, 11] (researched, unverified)"
VN.ADM1.00013,groundnuts_in_shell,2002,8300.0,7900.0,planted,1.0506329113924051,0.15666441150000002,10,"months [2, 3, 4, 5, 6, 7, 8, 9, 10, 11] (researched, unverified)"
VN.ADM1.00013,groundnuts_in_shell,2003,8600.0,7500.0,planted,1.1466666666666667,0.165186814,10,"months [2, 3, 4, 5, 6, 7, 8, 9, 10, 11] (researched, unverified)"
VN.ADM1.00013,groundnuts_in_shell,2004,11500.0,8000.0,planted,1.4375,0.14914704439999998,10,"months [2, 3, 4, 5, 6, 7, 8, 9, 10, 11] (researched, unverified)"
VN.ADM1.00013,groundnuts_in_shell,2005,12000.0,8800.0,planted,1.3636363636363635,0.1538331193,10,"months [2, 3, 4, 5, 6, 7, 8, 9, 10, 11] (researched, unverified)"
VN.ADM1.00013,groundnuts_in_shell,2006,11500.0,8000.0,planted,1.4375,0.1598032484,10,"months [2, 3, 4, 5, 6, 7, 8, 9, 10, 11] (researched, unverified)"
VN.ADM1.00013,groundnuts_in_shell,2007,12300.0,7800.0,planted,1.5769230769230769,0.1610352504,10,"months [2, 3, 4, 5, 6, 7, 8, 9, 10, 11] (researched, unverified)"
VN.ADM1.00013,groundnuts_in_shell,2008,24600.0,13200.0,planted,1.8636363636363635,0.14785316939999998,10,"months [2, 3, 4, 5, 6, 7, 8, 9, 10, 11] (researched, unverified)"
VN.ADM1.00013,groundnuts_in_shell,2009,22400.0,12000.0,planted,1.8666666666666667,0.1628165356,10,"months [2, 3, 4, 5, 6, 7, 8, 9, 10, 11] (researched, unverified)"
VN.ADM1.00013,groundnuts_in_shell,2010,21300.0,11400.0,planted,1.868421052631579,0.15564606379999998,10,"months [2, 3, 4, 5, 6, 7, 8, 9, 10, 11] (researched, unverified)"
VN.ADM1.00013,groundnuts_in_shell,2011,19600.0,10200.0,planted,1.9215686274509804,0.14878737120000002,10,"months [2, 3, 4, 5, 6, 7, 8, 9, 10, 11] (researched, unverified)"
VN.ADM1.00013,groundnuts_in_shell,2012,16300.0,9500.0,planted,1.7157894736842105,0.15078790879999998,10,"months [2, 3, 4, 5, 6, 7, 8, 9, 10, 11] (researched, unverified)"
VN.ADM1.00013,groundnuts_in_shell,2013,17200.0,9300.0,planted,1.8494623655913978,0.1463011708,10,"months [2, 3, 4, 5, 6, 7, 8, 9, 10, 11] (researched, unverified)"
VN.ADM1.00013,groundnuts_in_shell,2014,16100.0,8500.0,planted,1.8941176470588235,0.1544807078,10,"months [2, 3, 4, 5, 6, 7, 8, 9, 10, 11] (researched, unverified)"
VN.ADM1.00013,groundnuts_in_shell,2015,16900.0,8400.0,planted,2.011904761904762,0.164550701,10,"months [2, 3, 4, 5, 6, 7, 8, 9, 10, 11] (researched, unverified)"
VN.ADM1.00015,groundnuts_in_shell,2001,6500.0,5600.0,planted,1.1607142857142858,0.2064591408,10,"months [2, 3, 4, 5, 6, 7, 8, 9, 10, 11] (researched, unverified)"
VN.ADM1.00015,groundnuts_in_shell,2002,6500.0,5200.0,planted,1.25,0.20329691300000002,10,"months [2, 3, 4, 5, 6, 7, 8, 9, 10, 11] (researched, unverified)"
VN.ADM1.00015,groundnuts_in_shell,2003,7300.0,5600.0,planted,1.3035714285714286,0.221741486,10,"months [2, 3, 4, 5, 6, 7, 8, 9, 10, 11] (researched, unverified)"
VN.ADM1.00015,groundnuts_in_shell,2004,9300.0,6500.0,planted,1.4307692307692308,0.19946493729999998,10,"months [2, 3, 4, 5, 6, 7, 8, 9, 10, 11] (researched, unverified)"
VN.ADM1.00015,groundnuts_in_shell,2005,11300.0,7100.0,planted,1.591549295774648,0.211425858,10,"months [2, 3, 4, 5, 6, 7, 8, 9, 10, 11] (researched, unverified)"
VN.ADM1.00015,groundnuts_in_shell,2006,12600.0,7800.0,planted,1.6153846153846154,0.20390310679999998,10,"months [2, 3, 4, 5, 6, 7, 8, 9, 10, 11] (researched, unverified)"
VN.ADM1.00015,groundnuts_in_shell,2007,15300.0,8400.0,planted,1.8214285714285714,0.208411681,10,"months [2, 3, 4, 5, 6, 7, 8, 9, 10, 11] (researched, unverified)"
VN.ADM1.00015,groundnuts_in_shell,2008,17800.0,10000.0,planted,1.78,0.20549254279999998,10,"months [2, 3, 4, 5, 6, 7, 8, 9, 10, 11] (researched, unverified)"
VN.ADM1.00015,groundnuts_in_shell,2009,21200.0,11200.0,planted,1.8928571428571428,0.21550257560000002,10,"months [2, 3, 4, 5, 6, 7, 8, 9, 10, 11] (researched, unverified)"
VN.ADM1.00015,groundnuts_in_shell,2010,22400.0,11600.0,planted,1.9310344827586208,0.21835642649999998,10,"months [2, 3, 4, 5, 6, 7, 8, 9, 10, 11] (researched, unverified)"
VN.ADM1.00015,groundnuts_in_shell,2011,23600.0,11900.0,planted,1.9831932773109244,0.195238801,10,"months [2, 3, 4, 5, 6, 7, 8, 9, 10, 11] (researched, unverified)"
VN.ADM1.00015,groundnuts_in_shell,2012,25400.0,12000.0,planted,2.1166666666666667,0.1969937156,10,"months [2, 3, 4, 5, 6, 7, 8, 9, 10, 11] (researched, unverified)"
VN.ADM1.00015,groundnuts_in_shell,2013,28000.0,12600.0,planted,2.2222222222222223,0.2048127396,10,"months [2, 3, 4, 5, 6, 7, 8, 9, 10, 11] (researched, unverified)"
VN.ADM1.00015,groundnuts_in_shell,2014,27700.0,12600.0,planted,2.1984126984126986,0.2027483845,10,"months [2, 3, 4, 5, 6, 7, 8, 9, 10, 11] (researched, unverified)"
VN.ADM1.00015,groundnuts_in_shell,2015,29500.0,13000.0,planted,2.269230769230769,0.22177684649999999,10,"months [2, 3, 4, 5, 6, 7, 8, 9, 10, 11] (researched, unverified)"
VN.ADM1.00025,groundnuts_in_shell,2001,11200.0,5100.0,planted,2.196078431372549,0.1330280956,10,"months [2, 3, 4, 5, 6, 7, 8, 9, 10, 11] (researched, unverified)"
VN.ADM1.00025,groundnuts_in_shell,2002,17000.0,6800.0,planted,2.5,0.1322800939,10,"months [2, 3, 4, 5, 6, 7, 8, 9, 10, 11] (researched, unverified)"
VN.ADM1.00025,groundnuts_in_shell,2003,14300.0,6600.0,planted,2.1666666666666665,0.14127651400000002,10,"months [2, 3, 4, 5, 6, 7, 8, 9, 10, 11] (researched, unverified)"
VN.ADM1.00025,groundnuts_in_shell,2004,21000.0,8700.0,planted,2.413793103448276,0.13553237550000002,10,"months [2, 3, 4, 5, 6, 7, 8, 9, 10, 11] (researched, unverified)"
VN.ADM1.00025,groundnuts_in_shell,2005,22900.0,8800.0,planted,2.602272727272727,0.130237315,10,"months [2, 3, 4, 5, 6, 7, 8, 9, 10, 11] (researched, unverified)"
VN.ADM1.00025,groundnuts_in_shell,2006,18400.0,7200.0,planted,2.5555555555555554,0.149066188,10,"months [2, 3, 4, 5, 6, 7, 8, 9, 10, 11] (researched, unverified)"
VN.ADM1.00025,groundnuts_in_shell,2007,23000.0,7800.0,planted,2.948717948717949,0.1594178594,10,"months [2, 3, 4, 5, 6, 7, 8, 9, 10, 11] (researched, unverified)"
VN.ADM1.00025,groundnuts_in_shell,2008,22000.0,8200.0,planted,2.682926829268293,0.1444591715,10,"months [2, 3, 4, 5, 6, 7, 8, 9, 10, 11] (researched, unverified)"
VN.ADM1.00025,groundnuts_in_shell,2009,19800.0,6800.0,planted,2.911764705882353,0.1642385968,10,"months [2, 3, 4, 5, 6, 7, 8, 9, 10, 11] (researched, unverified)"
VN.ADM1.00025,groundnuts_in_shell,2010,16500.0,5100.0,planted,3.235294117647059,0.16026262,10,"months [2, 3, 4, 5, 6, 7, 8, 9, 10, 11] (researched, unverified)"
VN.ADM1.00025,groundnuts_in_shell,2011,15100.0,6200.0,planted,2.435483870967742,0.1514549434,10,"months [2, 3, 4, 5, 6, 7, 8, 9, 10, 11] (researched, unverified)"
VN.ADM1.00025,groundnuts_in_shell,2012,20200.0,7000.0,planted,2.8857142857142857,0.18261746809999999,10,"months [2, 3, 4, 5, 6, 7, 8, 9, 10, 11] (researched, unverified)"
VN.ADM1.00025,groundnuts_in_shell,2013,23800.0,8100.0,planted,2.9382716049382718,0.1703506134,10,"months [2, 3, 4, 5, 6, 7, 8, 9, 10, 11] (researched, unverified)"
VN.ADM1.00025,groundnuts_in_shell,2014,21400.0,6800.0,planted,3.1470588235294117,0.1860660196,10,"months [2, 3, 4, 5, 6, 7, 8, 9, 10, 11] (researched, unverified)"
VN.ADM1.00025,groundnuts_in_shell,2015,20300.0,6000.0,planted,3.3833333333333333,0.1871311306,10,"months [2, 3, 4, 5, 6, 7, 8, 9, 10, 11] (researched, unverified)"
VN.ADM1.00027,groundnuts_in_shell,2001,62600.0,44000.0,planted,1.4227272727272726,0.21043545300000002,10,"months [2, 3, 4, 5, 6, 7, 8, 9, 10, 11] (researched, unverified)"
VN.ADM1.00027,groundnuts_in_shell,2002,73800.0,42100.0,planted,1.7529691211401426,0.21194049399999998,10,"months [2, 3, 4, 5, 6, 7, 8, 9, 10, 11] (researched, unverified)"
VN.ADM1.00027,groundnuts_in_shell,2003,70000.0,42500.0,planted,1.6470588235294117,0.210742444,10,"months [2, 3, 4, 5, 6, 7, 8, 9, 10, 11] (researched, unverified)"
VN.ADM1.00027,groundnuts_in_shell,2004,86100.0,45500.0,planted,1.8923076923076922,0.190287513,10,"months [2, 3, 4, 5, 6, 7, 8, 9, 10, 11] (researched, unverified)"
VN.ADM1.00027,groundnuts_in_shell,2005,81300.0,48900.0,planted,1.6625766871165644,0.180136495,10,"months [2, 3, 4, 5, 6, 7, 8, 9, 10, 11] (researched, unverified)"
VN.ADM1.00027,groundnuts_in_shell,2006,83400.0,43600.0,planted,1.9128440366972477,0.20162939149999998,10,"months [2, 3, 4, 5, 6, 7, 8, 9, 10, 11] (researched, unverified)"
VN.ADM1.00027,groundnuts_in_shell,2007,89900.0,44900.0,planted,2.002227171492205,0.19627791,10,"months [2, 3, 4, 5, 6, 7, 8, 9, 10, 11] (researched, unverified)"
VN.ADM1.00027,groundnuts_in_shell,2008,96600.0,44000.0,planted,2.1954545454545453,0.2004027606,10,"months [2, 3, 4, 5, 6, 7, 8, 9, 10, 11] (researched, unverified)"
VN.ADM1.00027,groundnuts_in_shell,2009,96000.0,43700.0,planted,2.196796338672769,0.212281091,10,"months [2, 3, 4, 5, 6, 7, 8, 9, 10, 11] (researched, unverified)"
VN.ADM1.00027,groundnuts_in_shell,2010,87100.0,41300.0,planted,2.108958837772397,0.1862997116,10,"months [2, 3, 4, 5, 6, 7, 8, 9, 10, 11] (researched, unverified)"
VN.ADM1.00027,groundnuts_in_shell,2011,81500.0,38500.0,planted,2.116883116883117,0.183204304,10,"months [2, 3, 4, 5, 6, 7, 8, 9, 10, 11] (researched, unverified)"
VN.ADM1.00027,groundnuts_in_shell,2012,75500.0,37200.0,planted,2.0295698924731185,0.2123865515,10,"months [2, 3, 4, 5, 6, 7, 8, 9, 10, 11] (researched, unverified)"
VN.ADM1.00027,groundnuts_in_shell,2013,85300.0,36900.0,planted,2.3116531165311653,0.2029667695,10,"months [2, 3, 4, 5, 6, 7, 8, 9, 10, 11] (researched, unverified)"
VN.ADM1.00027,groundnuts_in_shell,2014,74800.0,35400.0,planted,2.1129943502824857,0.2081373278,10,"months [2, 3, 4, 5, 6, 7, 8, 9, 10, 11] (researched, unverified)"
VN.ADM1.00027,groundnuts_in_shell,2015,74200.0,32200.0,planted,2.3043478260869565,0.20959066489999997,10,"months [2, 3, 4, 5, 6, 7, 8, 9, 10, 11] (researched, unverified)"
VN.ADM1.00028,groundnuts_in_shell,2001,21100.0,13900.0,planted,1.5179856115107915,0.23259372100000003,10,"months [2, 3, 4, 5, 6, 7, 8, 9, 10, 11] (researched, unverified)"
VN.ADM1.00028,groundnuts_in_shell,2002,20700.0,12500.0,planted,1.656,0.210460789,10,"months [2, 3, 4, 5, 6, 7, 8, 9, 10, 11] (researched, unverified)"
VN.ADM1.00028,groundnuts_in_shell,2003,22200.0,12300.0,planted,1.8048780487804879,0.225217681,10,"months [2, 3, 4, 5, 6, 7, 8, 9, 10, 11] (researched, unverified)"
VN.ADM1.00028,groundnuts_in_shell,2004,23500.0,13400.0,planted,1.7537313432835822,0.20198720259999997,10,"months [2, 3, 4, 5, 6, 7, 8, 9, 10, 11] (researched, unverified)"
VN.ADM1.00028,groundnuts_in_shell,2005,26800.0,13600.0,planted,1.9705882352941178,0.20202559199999998,10,"months [2, 3, 4, 5, 6, 7, 8, 9, 10, 11] (researched, unverified)"
VN.ADM1.00028,groundnuts_in_shell,2006,27400.0,12900.0,planted,2.124031007751938,0.22569874799999998,10,"months [2, 3, 4, 5, 6, 7, 8, 9, 10, 11] (researched, unverified)"
VN.ADM1.00028,groundnuts_in_shell,2007,29800.0,13800.0,planted,2.1594202898550723,0.22005247040000003,10,"months [2, 3, 4, 5, 6, 7, 8, 9, 10, 11] (researched, unverified)"
VN.ADM1.00028,groundnuts_in_shell,2008,34200.0,14800.0,planted,2.310810810810811,0.213890351,10,"months [2, 3, 4, 5, 6, 7, 8, 9, 10, 11] (researched, unverified)"
VN.ADM1.00028,groundnuts_in_shell,2009,33600.0,14300.0,planted,2.3496503496503496,0.223742426,10,"months [2, 3, 4, 5, 6, 7, 8, 9, 10, 11] (researched, unverified)"
VN.ADM1.00028,groundnuts_in_shell,2010,34500.0,13800.0,planted,2.5,0.21685540259999997,10,"months [2, 3, 4, 5, 6, 7, 8, 9, 10, 11] (researched, unverified)"
VN.ADM1.00028,groundnuts_in_shell,2011,35800.0,14500.0,planted,2.4689655172413794,0.20374416700000003,10,"months [2, 3, 4, 5, 6, 7, 8, 9, 10, 11] (researched, unverified)"
VN.ADM1.00028,groundnuts_in_shell,2012,37900.0,14800.0,planted,2.560810810810811,0.238044236,10,"months [2, 3, 4, 5, 6, 7, 8, 9, 10, 11] (researched, unverified)"
VN.ADM1.00028,groundnuts_in_shell,2013,42900.0,16100.0,planted,2.6645962732919255,0.222823316,10,"months [2, 3, 4, 5, 6, 7, 8, 9, 10, 11] (researched, unverified)"
VN.ADM1.00028,groundnuts_in_shell,2014,38300.0,14800.0,planted,2.5878378378378377,0.226336887,10,"months [2, 3, 4, 5, 6, 7, 8, 9, 10, 11] (researched, unverified)"
VN.ADM1.00028,groundnuts_in_shell,2015,40700.0,14700.0,planted,2.7687074829931975,0.23876806999999997,10,"months [2, 3, 4, 5, 6, 7, 8, 9, 10, 11] (researched, unverified)"
VN.ADM1.00030,groundnuts_in_shell,2001,9500.0,8600.0,planted,1.1046511627906976,0.251106939,10,"months [2, 3, 4, 5, 6, 7, 8, 9, 10, 11] (researched, unverified)"
VN.ADM1.00030,groundnuts_in_shell,2002,10200.0,8700.0,planted,1.1724137931034482,0.22361772700000002,10,"months [2, 3, 4, 5, 6, 7, 8, 9, 10, 11] (researched, unverified)"
VN.ADM1.00030,groundnuts_in_shell,2003,10700.0,8300.0,planted,1.2891566265060241,0.24635025800000002,10,"months [2, 3, 4, 5, 6, 7, 8, 9, 10, 11] (researched, unverified)"
VN.ADM1.00030,groundnuts_in_shell,2004,10700.0,8500.0,planted,1.2588235294117647,0.21894369399999997,10,"months [2, 3, 4, 5, 6, 7, 8, 9, 10, 11] (researched, unverified)"
VN.ADM1.00030,groundnuts_in_shell,2005,12800.0,8900.0,planted,1.4382022471910112,0.2127561395,10,"months [2, 3, 4, 5, 6, 7, 8, 9, 10, 11] (researched, unverified)"
VN.ADM1.00030,groundnuts_in_shell,2006,15100.0,9600.0,planted,1.5729166666666667,0.23389020600000002,10,"months [2, 3, 4, 5, 6, 7, 8, 9, 10, 11] (researched, unverified)"
VN.ADM1.00030,groundnuts_in_shell,2007,16900.0,10600.0,planted,1.5943396226415094,0.2316319396,10,"months [2, 3, 4, 5, 6, 7, 8, 9, 10, 11] (researched, unverified)"
VN.ADM1.00030,groundnuts_in_shell,2008,14200.0,10400.0,planted,1.3653846153846154,0.2270259524,10,"months [2, 3, 4, 5, 6, 7, 8, 9, 10, 11] (researched, unverified)"
VN.ADM1.00030,groundnuts_in_shell,2009,14300.0,10300.0,planted,1.3883495145631068,0.23680786999999998,10,"months [2, 3, 4, 5, 6, 7, 8, 9, 10, 11] (researched, unverified)"
VN.ADM1.00030,groundnuts_in_shell,2010,16800.0,9900.0,planted,1.696969696969697,0.2343846724,10,"months [2, 3, 4, 5, 6, 7, 8, 9, 10, 11] (researched, unverified)"
VN.ADM1.00030,groundnuts_in_shell,2011,14400.0,10000.0,planted,1.44,0.210496191,10,"months [2, 3, 4, 5, 6, 7, 8, 9, 10, 11] (researched, unverified)"
VN.ADM1.00030,groundnuts_in_shell,2012,18100.0,9900.0,planted,1.8282828282828283,0.24357278999999998,10,"months [2, 3, 4, 5, 6, 7, 8, 9, 10, 11] (researched, unverified)"
VN.ADM1.00030,groundnuts_in_shell,2013,21400.0,10800.0,planted,1.9814814814814814,0.23083636400000002,10,"months [2, 3, 4, 5, 6, 7, 8, 9, 10, 11] (researched, unverified)"
VN.ADM1.00030,groundnuts_in_shell,2014,18800.0,10200.0,planted,1.8431372549019607,0.235691645,10,"months [2, 3, 4, 5, 6, 7, 8, 9, 10, 11] (researched, unverified)"
VN.ADM1.00030,groundnuts_in_shell,2015,19100.0,9700.0,planted,1.9690721649484537,0.254552485,10,"months [2, 3, 4, 5, 6, 7, 8, 9, 10, 11] (researched, unverified)"
VN.ADM1.00034,groundnuts_in_shell,2001,50300.0,18900.0,planted,2.6613756613756614,0.21806341699999998,10,"months [2, 3, 4, 5, 6, 7, 8, 9, 10, 11] (researched, unverified)"
VN.ADM1.00034,groundnuts_in_shell,2002,62400.0,21200.0,planted,2.943396226415094,0.20806283900000003,10,"months [2, 3, 4, 5, 6, 7, 8, 9, 10, 11] (researched, unverified)"
VN.ADM1.00034,groundnuts_in_shell,2003,54000.0,19800.0,planted,2.727272727272727,0.214438115,10,"months [2, 3, 4, 5, 6, 7, 8, 9, 10, 11] (researched, unverified)"
VN.ADM1.00034,groundnuts_in_shell,2004,74800.0,25300.0,planted,2.9565217391304346,0.20557245100000002,10,"months [2, 3, 4, 5, 6, 7, 8, 9, 10, 11] (researched, unverified)"
VN.ADM1.00034,groundnuts_in_shell,2005,70100.0,23400.0,planted,2.9957264957264957,0.192794912,10,"months [2, 3, 4, 5, 6, 7, 8, 9, 10, 11] (researched, unverified)"
VN.ADM1.00034,groundnuts_in_shell,2006,64000.0,20900.0,planted,3.062200956937799,0.217512636,10,"months [2, 3, 4, 5, 6, 7, 8, 9, 10, 11] (researched, unverified)"
VN.ADM1.00034,groundnuts_in_shell,2007,70600.0,21300.0,planted,3.3145539906103285,0.2162512,10,"months [2, 3, 4, 5, 6, 7, 8, 9, 10, 11] (researched, unverified)"
VN.ADM1.00034,groundnuts_in_shell,2008,73400.0,21700.0,planted,3.3824884792626726,0.222362628,10,"months [2, 3, 4, 5, 6, 7, 8, 9, 10, 11] (researched, unverified)"
VN.ADM1.00034,groundnuts_in_shell,2009,59100.0,18200.0,planted,3.2472527472527473,0.22471189799999997,10,"months [2, 3, 4, 5, 6, 7, 8, 9, 10, 11] (researched, unverified)"
VN.ADM1.00034,groundnuts_in_shell,2010,44200.0,14700.0,planted,3.006802721088435,0.234176428,10,"months [2, 3, 4, 5, 6, 7, 8, 9, 10, 11] (researched, unverified)"
VN.ADM1.00034,groundnuts_in_shell,2011,34700.0,12000.0,planted,2.8916666666666666,0.23881251099999998,10,"months [2, 3, 4, 5, 6, 7, 8, 9, 10, 11] (researched, unverified)"
VN.ADM1.00034,groundnuts_in_shell,2012,29600.0,9400.0,planted,3.148936170212766,0.246414443,10,"months [2, 3, 4, 5, 6, 7, 8, 9, 10, 11] (researched, unverified)"
VN.ADM1.00034,groundnuts_in_shell,2013,23200.0,6600.0,planted,3.515151515151515,0.24190643500000003,10,"months [2, 3, 4, 5, 6, 7, 8, 9, 10, 11] (researched, unverified)"
VN.ADM1.00034,groundnuts_in_shell,2014,23400.0,6700.0,planted,3.4925373134328357,0.2465196,10,"months [2, 3, 4, 5, 6, 7, 8, 9, 10, 11] (researched, unverified)"
VN.ADM1.00034,groundnuts_in_shell,2015,20900.0,5900.0,planted,3.542372881355932,0.252697415,10,"months [2, 3, 4, 5, 6, 7, 8, 9, 10, 11] (researched, unverified)"
VN.ADM1.00036,groundnuts_in_shell,2001,24700.0,16200.0,planted,1.5246913580246915,0.225389119,10,"months [2, 3, 4, 5, 6, 7, 8, 9, 10, 11] (researched, unverified)"
VN.ADM1.00036,groundnuts_in_shell,2002,27100.0,16800.0,planted,1.6130952380952381,0.22538731100000003,10,"months [2, 3, 4, 5, 6, 7, 8, 9, 10, 11] (researched, unverified)"
VN.ADM1.00036,groundnuts_in_shell,2003,27500.0,16800.0,planted,1.6369047619047619,0.235339402,10,"months [2, 3, 4, 5, 6, 7, 8, 9, 10, 11] (researched, unverified)"
VN.ADM1.00036,groundnuts_in_shell,2004,28900.0,18000.0,planted,1.6055555555555556,0.2097184955,10,"months [2, 3, 4, 5, 6, 7, 8, 9, 10, 11] (researched, unverified)"
VN.ADM1.00036,groundnuts_in_shell,2005,29300.0,18400.0,planted,1.5923913043478262,0.19959516900000002,10,"months [2, 3, 4, 5, 6, 7, 8, 9, 10, 11] (researched, unverified)"
VN.ADM1.00036,groundnuts_in_shell,2006,23600.0,16200.0,planted,1.4567901234567902,0.2214768499,10,"months [2, 3, 4, 5, 6, 7, 8, 9, 10, 11] (researched, unverified)"
VN.ADM1.00036,groundnuts_in_shell,2007,29400.0,16800.0,planted,1.75,0.220141564,10,"months [2, 3, 4, 5, 6, 7, 8, 9, 10, 11] (researched, unverified)"
VN.ADM1.00036,groundnuts_in_shell,2008,28800.0,15600.0,planted,1.8461538461538463,0.2223989551,10,"months [2, 3, 4, 5, 6, 7, 8, 9, 10, 11] (researched, unverified)"
VN.ADM1.00036,groundnuts_in_shell,2009,27400.0,16100.0,planted,1.7018633540372672,0.2280015814,10,"months [2, 3, 4, 5, 6, 7, 8, 9, 10, 11] (researched, unverified)"
VN.ADM1.00036,groundnuts_in_shell,2010,27200.0,15000.0,planted,1.8133333333333332,0.21105148599999998,10,"months [2, 3, 4, 5, 6, 7, 8, 9, 10, 11] (researched, unverified)"
VN.ADM1.00036,groundnuts_in_shell,2011,27400.0,14700.0,planted,1.8639455782312926,0.20211217159999997,10,"months [2, 3, 4, 5, 6, 7, 8, 9, 10, 11] (researched, unverified)"
VN.ADM1.00036,groundnuts_in_shell,2012,25600.0,14100.0,planted,1.8156028368794326,0.22373256270000003,10,"months [2, 3, 4, 5, 6, 7, 8, 9, 10, 11] (researched, unverified)"
VN.ADM1.00036,groundnuts_in_shell,2013,27600.0,13500.0,planted,2.0444444444444443,0.217674475,10,"months [2, 3, 4, 5, 6, 7, 8, 9, 10, 11] (researched, unverified)"
VN.ADM1.00036,groundnuts_in_shell,2014,21100.0,12700.0,planted,1.6614173228346456,0.2262599655,10,"months [2, 3, 4, 5, 6, 7, 8, 9, 10, 11] (researched, unverified)"
VN.ADM1.00036,groundnuts_in_shell,2015,23600.0,12800.0,planted,1.84375,0.23717158600000002,10,"months [2, 3, 4, 5, 6, 7, 8, 9, 10, 11] (researched, unverified)"
VN.ADM1.00037,groundnuts_in_shell,2001,5600.0,7900.0,planted,0.7088607594936709,0.23066092,10,"months [2, 3, 4, 5, 6, 7, 8, 9, 10, 11] (researched, unverified)"
VN.ADM1.00037,groundnuts_in_shell,2002,5500.0,7100.0,planted,0.7746478873239436,0.20121824840000002,10,"months [2, 3, 4, 5, 6, 7, 8, 9, 10, 11] (researched, unverified)"
VN.ADM1.00037,groundnuts_in_shell,2003,6500.0,7800.0,planted,0.8333333333333334,0.211107449,10,"months [2, 3, 4, 5, 6, 7, 8, 9, 10, 11] (researched, unverified)"
VN.ADM1.00037,groundnuts_in_shell,2004,6100.0,7300.0,planted,0.8356164383561644,0.20432046939999998,10,"months [2, 3, 4, 5, 6, 7, 8, 9, 10, 11] (researched, unverified)"
VN.ADM1.00037,groundnuts_in_shell,2005,8600.0,8200.0,planted,1.048780487804878,0.18922371600000001,10,"months [2, 3, 4, 5, 6, 7, 8, 9, 10, 11] (researched, unverified)"
VN.ADM1.00037,groundnuts_in_shell,2006,6500.0,7000.0,planted,0.9285714285714286,0.21372305900000002,10,"months [2, 3, 4, 5, 6, 7, 8, 9, 10, 11] (researched, unverified)"
VN.ADM1.00037,groundnuts_in_shell,2007,6700.0,6700.0,planted,1.0,0.213458091,10,"months [2, 3, 4, 5, 6, 7, 8, 9, 10, 11] (researched, unverified)"
VN.ADM1.00037,groundnuts_in_shell,2008,6000.0,5700.0,planted,1.0526315789473684,0.22492112999999997,10,"months [2, 3, 4, 5, 6, 7, 8, 9, 10, 11] (researched, unverified)"
VN.ADM1.00037,groundnuts_in_shell,2009,7000.0,6400.0,planted,1.09375,0.22322848299999998,10,"months [2, 3, 4, 5, 6, 7, 8, 9, 10, 11] (researched, unverified)"
VN.ADM1.00037,groundnuts_in_shell,2010,6500.0,5300.0,planted,1.2264150943396226,0.227429405,10,"months [2, 3, 4, 5, 6, 7, 8, 9, 10, 11] (researched, unverified)"
VN.ADM1.00037,groundnuts_in_shell,2011,5800.0,5200.0,planted,1.1153846153846154,0.21940484200000002,10,"months [2, 3, 4, 5, 6, 7, 8, 9, 10, 11] (researched, unverified)"
VN.ADM1.00037,groundnuts_in_shell,2012,8300.0,5600.0,planted,1.4821428571428572,0.23273458900000002,10,"months [2, 3, 4, 5, 6, 7, 8, 9, 10, 11] (researched, unverified)"
VN.ADM1.00037,groundnuts_in_shell,2013,9000.0,5900.0,planted,1.5254237288135593,0.223395034,10,"months [2, 3, 4, 5, 6, 7, 8, 9, 10, 11] (researched, unverified)"
VN.ADM1.00037,groundnuts_in_shell,2014,9100.0,6000.0,planted,1.5166666666666666,0.225808136,10,"months [2, 3, 4, 5, 6, 7, 8, 9, 10, 11] (researched, unverified)"
VN.ADM1.00037,groundnuts_in_shell,2015,6400.0,5300.0,planted,1.2075471698113207,0.213620164,10,"months [2, 3, 4, 5, 6, 7, 8, 9, 10, 11] (researched, unverified)"
VN.ADM1.00039,groundnuts_in_shell,2001,12800.0,10400.0,planted,1.2307692307692308,0.1629633624,10,"months [2, 3, 4, 5, 6, 7, 8, 9, 10, 11] (researched, unverified)"
VN.ADM1.00039,groundnuts_in_shell,2002,11900.0,9800.0,planted,1.2142857142857142,0.1603209718,10,"months [2, 3, 4, 5, 6, 7, 8, 9, 10, 11] (researched, unverified)"
VN.ADM1.00039,groundnuts_in_shell,2003,13400.0,9700.0,planted,1.3814432989690721,0.17965261800000001,10,"months [2, 3, 4, 5, 6, 7, 8, 9, 10, 11] (researched, unverified)"
VN.ADM1.00039,groundnuts_in_shell,2004,15500.0,10100.0,planted,1.5346534653465347,0.1609678805,10,"months [2, 3, 4, 5, 6, 7, 8, 9, 10, 11] (researched, unverified)"
VN.ADM1.00039,groundnuts_in_shell,2005,15600.0,10100.0,planted,1.5445544554455446,0.1695361807,10,"months [2, 3, 4, 5, 6, 7, 8, 9, 10, 11] (researched, unverified)"
VN.ADM1.00039,groundnuts_in_shell,2006,12700.0,8400.0,planted,1.5119047619047619,0.1689399444,10,"months [2, 3, 4, 5, 6, 7, 8, 9, 10, 11] (researched, unverified)"
VN.ADM1.00039,groundnuts_in_shell,2007,16100.0,10100.0,planted,1.5940594059405941,0.1726204186,10,"months [2, 3, 4, 5, 6, 7, 8, 9, 10, 11] (researched, unverified)"
VN.ADM1.00039,groundnuts_in_shell,2008,19000.0,10900.0,planted,1.7431192660550459,0.1660830411,10,"months [2, 3, 4, 5, 6, 7, 8, 9, 10, 11] (researched, unverified)"
VN.ADM1.00039,groundnuts_in_shell,2009,17300.0,9700.0,planted,1.7835051546391754,0.17798001889999998,10,"months [2, 3, 4, 5, 6, 7, 8, 9, 10, 11] (researched, unverified)"
VN.ADM1.00039,groundnuts_in_shell,2010,16300.0,9100.0,planted,1.7912087912087913,0.1737542466,10,"months [2, 3, 4, 5, 6, 7, 8, 9, 10, 11] (researched, unverified)"
VN.ADM1.00039,groundnuts_in_shell,2011,16900.0,9000.0,planted,1.8777777777777778,0.15882236119999998,10,"months [2, 3, 4, 5, 6, 7, 8, 9, 10, 11] (researched, unverified)"
VN.ADM1.00039,groundnuts_in_shell,2012,15600.0,8300.0,planted,1.8795180722891567,0.16450181,10,"months [2, 3, 4, 5, 6, 7, 8, 9, 10, 11] (researched, unverified)"
VN.ADM1.00039,groundnuts_in_shell,2013,15800.0,8500.0,planted,1.8588235294117648,0.1596860526,10,"months [2, 3, 4, 5, 6, 7, 8, 9, 10, 11] (researched, unverified)"
VN.ADM1.00039,groundnuts_in_shell,2014,14900.0,7900.0,planted,1.8860759493670887,0.1687356294,10,"months [2, 3, 4, 5, 6, 7, 8, 9, 10, 11] (researched, unverified)"
VN.ADM1.00039,groundnuts_in_shell,2015,14000.0,7300.0,planted,1.917808219178082,0.1852963846,10,"months [2, 3, 4, 5, 6, 7, 8, 9, 10, 11] (researched, unverified)"
VN.ADM1.00001,maize_corn,2001,41500.0,7200.0,planted,5.763888888888889,0.139411042575,12,"months [1, 2, 3, 4, 5, 6, 7, 8, 9, 10, 11, 12] (researched, unverified)"
VN.ADM1.00001,maize_corn,2002,45500.0,7700.0,planted,5.909090909090909,0.15334348222333333,12,"months [1, 2, 3, 4, 5, 6, 7, 8, 9, 10, 11, 12] (researched, unverified)"
VN.ADM1.00001,maize_corn,2003,62500.0,9100.0,planted,6.868131868131868,0.16930621999999998,12,"months [1, 2, 3, 4, 5, 6, 7, 8, 9, 10, 11, 12] (researched, unverified)"
VN.ADM1.00001,maize_corn,2004,72300.0,9600.0,planted,7.53125,0.16777945925,12,"months [1, 2, 3, 4, 5, 6, 7, 8, 9, 10, 11, 12] (researched, unverified)"
VN.ADM1.00001,maize_corn,2005,76800.0,9800.0,planted,7.836734693877551,0.16550114391666668,12,"months [1, 2, 3, 4, 5, 6, 7, 8, 9, 10, 11, 12] (researched, unverified)"
VN.ADM1.00001,maize_corn,2006,76000.0,10000.0,planted,7.6,0.161190584,12,"months [1, 2, 3, 4, 5, 6, 7, 8, 9, 10, 11, 12] (researched, unverified)"
VN.ADM1.00001,maize_corn,2007,80100.0,10500.0,planted,7.628571428571429,0.17555687925,12,"months [1, 2, 3, 4, 5, 6, 7, 8, 9, 10, 11, 12] (researched, unverified)"
VN.ADM1.00001,maize_corn,2008,85600.0,11500.0,planted,7.443478260869565,0.16807357941666667,12,"months [1, 2, 3, 4, 5, 6, 7, 8, 9, 10, 11, 12] (researched, unverified)"
VN.ADM1.00001,maize_corn,2009,65100.0,9200.0,planted,7.076086956521739,0.18411094149999999,12,"months [1, 2, 3, 4, 5, 6, 7, 8, 9, 10, 11, 12] (researched, unverified)"
VN.ADM1.00001,maize_corn,2010,68400.0,9800.0,planted,6.979591836734694,0.20834333549999998,12,"months [1, 2, 3, 4, 5, 6, 7, 8, 9, 10, 11, 12] (researched, unverified)"
VN.ADM1.00001,maize_corn,2011,76800.0,10400.0,planted,7.384615384615385,0.18381382775,12,"months [1, 2, 3, 4, 5, 6, 7, 8, 9, 10, 11, 12] (researched, unverified)"
VN.ADM1.00001,maize_corn,2012,75800.0,10700.0,planted,7.08411214953271,0.22452683791666664,12,"months [1, 2, 3, 4, 5, 6, 7, 8, 9, 10, 11, 12] (researched, unverified)"
VN.ADM1.00001,maize_corn,2013,81900.0,11300.0,planted,7.247787610619469,0.20121199674999998,12,"months [1, 2, 3, 4, 5, 6, 7, 8, 9, 10, 11, 12] (researched, unverified)"
VN.ADM1.00001,maize_corn,2014,77500.0,9600.0,planted,8.072916666666666,0.21642461324999998,12,"months [1, 2, 3, 4, 5, 6, 7, 8, 9, 10, 11, 12] (researched, unverified)"
VN.ADM1.00001,maize_corn,2015,63700.0,8600.0,planted,7.406976744186046,0.22682152916666665,12,"months [1, 2, 3, 4, 5, 6, 7, 8, 9, 10, 11, 12] (researched, unverified)"
VN.ADM1.00001,maize_corn,2016,60900.0,8100.0,planted,7.518518518518518,0.21870205958333333,12,"months [1, 2, 3, 4, 5, 6, 7, 8, 9, 10, 11, 12] (researched, unverified)"
VN.ADM1.00002,maize_corn,2001,53800.0,19900.0,planted,2.7035175879396984,0.19647104066666668,12,"months [1, 2, 3, 4, 5, 6, 7, 8, 9, 10, 11, 12] (researched, unverified)"
VN.ADM1.00002,maize_corn,2002,65500.0,22700.0,planted,2.8854625550660793,0.18951123199999997,12,"months [1, 2, 3, 4, 5, 6, 7, 8, 9, 10, 11, 12] (researched, unverified)"
VN.ADM1.00002,maize_corn,2003,78700.0,26600.0,planted,2.9586466165413534,0.20478449283333333,12,"months [1, 2, 3, 4, 5, 6, 7, 8, 9, 10, 11, 12] (researched, unverified)"
VN.ADM1.00002,maize_corn,2004,90800.0,29500.0,planted,3.077966101694915,0.18184309583333336,12,"months [1, 2, 3, 4, 5, 6, 7, 8, 9, 10, 11, 12] (researched, unverified)"
VN.ADM1.00002,maize_corn,2005,94900.0,30500.0,planted,3.1114754098360655,0.19144756141666666,12,"months [1, 2, 3, 4, 5, 6, 7, 8, 9, 10, 11, 12] (researched, unverified)"
VN.ADM1.00002,maize_corn,2006,89200.0,29500.0,planted,3.023728813559322,0.18508174875000002,12,"months [1, 2, 3, 4, 5, 6, 7, 8, 9, 10, 11, 12] (researched, unverified)"
VN.ADM1.00002,maize_corn,2007,130400.0,33900.0,planted,3.8466076696165192,0.1935262195,12,"months [1, 2, 3, 4, 5, 6, 7, 8, 9, 10, 11, 12] (researched, unverified)"
VN.ADM1.00002,maize_corn,2008,143000.0,37300.0,planted,3.8337801608579087,0.19557512166666666,12,"months [1, 2, 3, 4, 5, 6, 7, 8, 9, 10, 11, 12] (researched, unverified)"
VN.ADM1.00002,maize_corn,2009,123700.0,33400.0,planted,3.7035928143712575,0.20244414366666666,12,"months [1, 2, 3, 4, 5, 6, 7, 8, 9, 10, 11, 12] (researched, unverified)"
VN.ADM1.00002,maize_corn,2010,132500.0,33800.0,planted,3.9201183431952664,0.19911282125,12,"months [1, 2, 3, 4, 5, 6, 7, 8, 9, 10, 11, 12] (researched, unverified)"
VN.ADM1.00002,maize_corn,2011,145100.0,35500.0,planted,4.087323943661972,0.18563769125,12,"months [1, 2, 3, 4, 5, 6, 7, 8, 9, 10, 11, 12] (researched, unverified)"
VN.ADM1.00002,maize_corn,2012,138200.0,34400.0,planted,4.017441860465116,0.1731542175,12,"months [1, 2, 3, 4, 5, 6, 7, 8, 9, 10, 11, 12] (researched, unverified)"
VN.ADM1.00002,maize_corn,2013,148500.0,35400.0,planted,4.194915254237288,0.1841515554166667,12,"months [1, 2, 3, 4, 5, 6, 7, 8, 9, 10, 11, 12] (researched, unverified)"
VN.ADM1.00002,maize_corn,2014,143300.0,36100.0,planted,3.9695290858725762,0.18796132075000002,12,"months [1, 2, 3, 4, 5, 6, 7, 8, 9, 10, 11, 12] (researched, unverified)"
VN.ADM1.00002,maize_corn,2015,155700.0,37400.0,planted,4.163101604278075,0.202304017,12,"months [1, 2, 3, 4, 5, 6, 7, 8, 9, 10, 11, 12] (researched, unverified)"
VN.ADM1.00002,maize_corn,2016,152600.0,36500.0,planted,4.1808219178082195,0.205865585,12,"months [1, 2, 3, 4, 5, 6, 7, 8, 9, 10, 11, 12] (researched, unverified)"
VN.ADM1.00003,maize_corn,2001,3100.0,1000.0,planted,3.1,0.20425248249999997,12,"months [1, 2, 3, 4, 5, 6, 7, 8, 9, 10, 11, 12] (researched, unverified)"
VN.ADM1.00003,maize_corn,2002,3400.0,1100.0,planted,3.090909090909091,0.2080585625,12,"months [1, 2, 3, 4, 5, 6, 7, 8, 9, 10, 11, 12] (researched, unverified)"
VN.ADM1.00003,maize_corn,2003,2600.0,800.0,planted,3.25,0.20622054,12,"months [1, 2, 3, 4, 5, 6, 7, 8, 9, 10, 11, 12] (researched, unverified)"
VN.ADM1.00003,maize_corn,2004,2800.0,800.0,planted,3.5,0.20076412749999997,12,"months [1, 2, 3, 4, 5, 6, 7, 8, 9, 10, 11, 12] (researched, unverified)"
VN.ADM1.00003,maize_corn,2005,2900.0,800.0,planted,3.625,0.20645563749999998,12,"months [1, 2, 3, 4, 5, 6, 7, 8, 9, 10, 11, 12] (researched, unverified)"
VN.ADM1.00003,maize_corn,2006,1900.0,700.0,planted,2.7142857142857144,0.20409325749999999,12,"months [1, 2, 3, 4, 5, 6, 7, 8, 9, 10, 11, 12] (researched, unverified)"
VN.ADM1.00003,maize_corn,2007,2300.0,700.0,planted,3.2857142857142856,0.2180674275,12,"months [1, 2, 3, 4, 5, 6, 7, 8, 9, 10, 11, 12] (researched, unverified)"
VN.ADM1.00003,maize_corn,2008,2100.0,700.0,planted,3.0,0.20976443,12,"months [1, 2, 3, 4, 5, 6, 7, 8, 9, 10, 11, 12] (researched, unverified)"
VN.ADM1.00003,maize_corn,2009,3100.0,900.0,planted,3.4444444444444446,0.2197803575,12,"months [1, 2, 3, 4, 5, 6, 7, 8, 9, 10, 11, 12] (researched, unverified)"
VN.ADM1.00003,maize_corn,2010,3500.0,900.0,planted,3.888888888888889,0.22259559250000002,12,"months [1, 2, 3, 4, 5, 6, 7, 8, 9, 10, 11, 12] (researched, unverified)"
VN.ADM1.00003,maize_corn,2011,3900.0,1000.0,planted,3.9,0.21752141666666666,12,"months [1, 2, 3, 4, 5, 6, 7, 8, 9, 10, 11, 12] (researched, unverified)"
VN.ADM1.00003,maize_corn,2012,3400.0,900.0,planted,3.7777777777777777,0.22300412333333333,12,"months [1, 2, 3, 4, 5, 6, 7, 8, 9, 10, 11, 12] (researched, unverified)"
VN.ADM1.00003,maize_corn,2013,2600.0,700.0,planted,3.7142857142857144,0.21990852833333333,12,"months [1, 2, 3, 4, 5, 6, 7, 8, 9, 10, 11, 12] (researched, unverified)"
VN.ADM1.00003,maize_corn,2014,2700.0,700.0,planted,3.857142857142857,0.21530536916666665,12,"months [1, 2, 3, 4, 5, 6, 7, 8, 9, 10, 11, 12] (researched, unverified)"
VN.ADM1.00003,maize_corn,2015,2600.0,700.0,planted,3.7142857142857144,0.22745954833333334,12,"months [1, 2, 3, 4, 5, 6, 7, 8, 9, 10, 11, 12] (researched, unverified)"
VN.ADM1.00003,maize_corn,2016,2300.0,600.0,planted,3.8333333333333335,0.21254148833333333,12,"months [1, 2, 3, 4, 5, 6, 7, 8, 9, 10, 11, 12] (researched, unverified)"
VN.ADM1.00004,maize_corn,2001,17000.0,6600.0,planted,2.5757575757575757,0.17158870283333336,12,"months [1, 2, 3, 4, 5, 6, 7, 8, 9, 10, 11, 12] (researched, unverified)"
VN.ADM1.00004,maize_corn,2002,18500.0,6700.0,planted,2.7611940298507465,0.1613474515,12,"months [1, 2, 3, 4, 5, 6, 7, 8, 9, 10, 11, 12] (researched, unverified)"
VN.ADM1.00004,maize_corn,2003,19000.0,6700.0,planted,2.8358208955223883,0.16980681891666669,12,"months [1, 2, 3, 4, 5, 6, 7, 8, 9, 10, 11, 12] (researched, unverified)"
VN.ADM1.00004,maize_corn,2004,25800.0,7900.0,planted,3.2658227848101267,0.15712502958333333,12,"months [1, 2, 3, 4, 5, 6, 7, 8, 9, 10, 11, 12] (researched, unverified)"
VN.ADM1.00004,maize_corn,2005,25700.0,8800.0,planted,2.9204545454545454,0.14874109408333333,12,"months [1, 2, 3, 4, 5, 6, 7, 8, 9, 10, 11, 12] (researched, unverified)"
VN.ADM1.00004,maize_corn,2006,32300.0,9500.0,planted,3.4,0.16563671533333332,12,"months [1, 2, 3, 4, 5, 6, 7, 8, 9, 10, 11, 12] (researched, unverified)"
VN.ADM1.00004,maize_corn,2007,32000.0,9700.0,planted,3.2989690721649483,0.158636457,12,"months [1, 2, 3, 4, 5, 6, 7, 8, 9, 10, 11, 12] (researched, unverified)"
VN.ADM1.00004,maize_corn,2008,34300.0,10500.0,planted,3.2666666666666666,0.15868212833333334,12,"months [1, 2, 3, 4, 5, 6, 7, 8, 9, 10, 11, 12] (researched, unverified)"
VN.ADM1.00004,maize_corn,2009,34400.0,9500.0,planted,3.6210526315789475,0.16713904616666667,12,"months [1, 2, 3, 4, 5, 6, 7, 8, 9, 10, 11, 12] (researched, unverified)"
VN.ADM1.00004,maize_corn,2010,33400.0,9700.0,planted,3.443298969072165,0.1664156341666667,12,"months [1, 2, 3, 4, 5, 6, 7, 8, 9, 10, 11, 12] (researched, unverified)"
VN.ADM1.00004,maize_corn,2011,35100.0,9900.0,planted,3.5454545454545454,0.14207520341666666,12,"months [1, 2, 3, 4, 5, 6, 7, 8, 9, 10, 11, 12] (researched, unverified)"
VN.ADM1.00004,maize_corn,2012,38100.0,10100.0,planted,3.772277227722772,0.17341677916666667,12,"months [1, 2, 3, 4, 5, 6, 7, 8, 9, 10, 11, 12] (researched, unverified)"
VN.ADM1.00004,maize_corn,2013,37700.0,9700.0,planted,3.88659793814433,0.16769912274999998,12,"months [1, 2, 3, 4, 5, 6, 7, 8, 9, 10, 11, 12] (researched, unverified)"
VN.ADM1.00004,maize_corn,2014,38800.0,9900.0,planted,3.919191919191919,0.16527467916666666,12,"months [1, 2, 3, 4, 5, 6, 7, 8, 9, 10, 11, 12] (researched, unverified)"
VN.ADM1.00004,maize_corn,2015,41300.0,10200.0,planted,4.049019607843137,0.18466153,12,"months [1, 2, 3, 4, 5, 6, 7, 8, 9, 10, 11, 12] (researched, unverified)"
VN.ADM1.00004,maize_corn,2016,44200.0,10600.0,planted,4.169811320754717,0.17063960416666668,12,"months [1, 2, 3, 4, 5, 6, 7, 8, 9, 10, 11, 12] (researched, unverified)"
VN.ADM1.00005,maize_corn,2001,78800.0,32300.0,planted,2.4396284829721364,0.17463936516666667,12,"months [1, 2, 3, 4, 5, 6, 7, 8, 9, 10, 11, 12] (researched, unverified)"
VN.ADM1.00005,maize_corn,2002,80500.0,32300.0,planted,2.4922600619195046,0.17017454666666668,12,"months [1, 2, 3, 4, 5, 6, 7, 8, 9, 10, 11, 12] (researched, unverified)"
VN.ADM1.00005,maize_corn,2003,86200.0,33200.0,planted,2.5963855421686746,0.18091833116666667,12,"months [1, 2, 3, 4, 5, 6, 7, 8, 9, 10, 11, 12] (researched, unverified)"
VN.ADM1.00005,maize_corn,2004,88900.0,34400.0,planted,2.5843023255813953,0.16305151308333332,12,"months [1, 2, 3, 4, 5, 6, 7, 8, 9, 10, 11, 12] (researched, unverified)"
VN.ADM1.00005,maize_corn,2005,96100.0,35200.0,planted,2.7301136363636362,0.1727952765,12,"months [1, 2, 3, 4, 5, 6, 7, 8, 9, 10, 11, 12] (researched, unverified)"
VN.ADM1.00005,maize_corn,2006,80300.0,35400.0,planted,2.268361581920904,0.171090818,12,"months [1, 2, 3, 4, 5, 6, 7, 8, 9, 10, 11, 12] (researched, unverified)"
VN.ADM1.00005,maize_corn,2007,109100.0,37200.0,planted,2.932795698924731,0.1854249345,12,"months [1, 2, 3, 4, 5, 6, 7, 8, 9, 10, 11, 12] (researched, unverified)"
VN.ADM1.00005,maize_corn,2008,112700.0,38400.0,planted,2.9348958333333335,0.1800581495,12,"months [1, 2, 3, 4, 5, 6, 7, 8, 9, 10, 11, 12] (researched, unverified)"
VN.ADM1.00005,maize_corn,2009,109700.0,37200.0,planted,2.9489247311827955,0.18128531391666666,12,"months [1, 2, 3, 4, 5, 6, 7, 8, 9, 10, 11, 12] (researched, unverified)"
VN.ADM1.00005,maize_corn,2010,116200.0,38500.0,planted,3.018181818181818,0.17699315983333333,12,"months [1, 2, 3, 4, 5, 6, 7, 8, 9, 10, 11, 12] (researched, unverified)"
VN.ADM1.00005,maize_corn,2011,124800.0,39000.0,planted,3.2,0.17691006116666666,12,"months [1, 2, 3, 4, 5, 6, 7, 8, 9, 10, 11, 12] (researched, unverified)"
VN.ADM1.00005,maize_corn,2012,127000.0,39300.0,planted,3.231552162849873,0.16286335675,12,"months [1, 2, 3, 4, 5, 6, 7, 8, 9, 10, 11, 12] (researched, unverified)"
VN.ADM1.00005,maize_corn,2013,131300.0,38800.0,planted,3.384020618556701,0.17878952,12,"months [1, 2, 3, 4, 5, 6, 7, 8, 9, 10, 11, 12] (researched, unverified)"
VN.ADM1.00005,maize_corn,2014,128100.0,39000.0,planted,3.2846153846153845,0.18713633908333335,12,"months [1, 2, 3, 4, 5, 6, 7, 8, 9, 10, 11, 12] (researched, unverified)"
VN.ADM1.00005,maize_corn,2015,133500.0,39900.0,planted,3.345864661654135,0.19151218908333334,12,"months [1, 2, 3, 4, 5, 6, 7, 8, 9, 10, 11, 12] (researched, unverified)"
VN.ADM1.00005,maize_corn,2016,137500.0,40100.0,planted,3.428927680798005,0.19924535583333333,12,"months [1, 2, 3, 4, 5, 6, 7, 8, 9, 10, 11, 12] (researched, unverified)"
VN.ADM1.00007,maize_corn,2001,219800.0,56900.0,planted,3.8629173989455183,0.23343997166666666,12,"months [1, 2, 3, 4, 5, 6, 7, 8, 9, 10, 11, 12] (researched, unverified)"
VN.ADM1.00007,maize_corn,2002,337900.0,90000.0,planted,3.7544444444444443,0.21121399833333332,12,"months [1, 2, 3, 4, 5, 6, 7, 8, 9, 10, 11, 12] (researched, unverified)"
VN.ADM1.00007,maize_corn,2003,531000.0,113700.0,planted,4.670184696569921,0.22591034166666665,12,"months [1, 2, 3, 4, 5, 6, 7, 8, 9, 10, 11, 12] (researched, unverified)"
VN.ADM1.00007,maize_corn,2004,497100.0,131900.0,planted,3.7687642153146323,0.20716854208333335,12,"months [1, 2, 3, 4, 5, 6, 7, 8, 9, 10, 11, 12] (researched, unverified)"
VN.ADM1.00007,maize_corn,2005,653900.0,152600.0,planted,4.285058977719528,0.19087457333333332,12,"months [1, 2, 3, 4, 5, 6, 7, 8, 9, 10, 11, 12] (researched, unverified)"
VN.ADM1.00007,maize_corn,2006,704400.0,144700.0,planted,4.868002764340014,0.2297733091666667,12,"months [1, 2, 3, 4, 5, 6, 7, 8, 9, 10, 11, 12] (researched, unverified)"
VN.ADM1.00007,maize_corn,2007,734900.0,149400.0,planted,4.9190093708166,0.21549450666666667,12,"months [1, 2, 3, 4, 5, 6, 7, 8, 9, 10, 11, 12] (researched, unverified)"
VN.ADM1.00007,maize_corn,2008,783100.0,151800.0,planted,5.158761528326746,0.223622185,12,"months [1, 2, 3, 4, 5, 6, 7, 8, 9, 10, 11, 12] (researched, unverified)"
VN.ADM1.00007,maize_corn,2009,802600.0,160300.0,planted,5.006862133499688,0.23130771416666665,12,"months [1, 2, 3, 4, 5, 6, 7, 8, 9, 10, 11, 12] (researched, unverified)"
VN.ADM1.00007,maize_corn,2010,865900.0,155700.0,planted,5.561335902376364,0.22487492666666667,12,"months [1, 2, 3, 4, 5, 6, 7, 8, 9, 10, 11, 12] (researched, unverified)"
VN.ADM1.00007,maize_corn,2011,898100.0,157800.0,planted,5.691381495564005,0.2188413925,12,"months [1, 2, 3, 4, 5, 6, 7, 8, 9, 10, 11, 12] (researched, unverified)"
VN.ADM1.00007,maize_corn,2012,917300.0,168700.0,planted,5.437462951985774,0.23445986833333332,12,"months [1, 2, 3, 4, 5, 6, 7, 8, 9, 10, 11, 12] (researched, unverified)"
VN.ADM1.00007,maize_corn,2013,979800.0,175300.0,planted,5.589275527666857,0.22087287666666666,12,"months [1, 2, 3, 4, 5, 6, 7, 8, 9, 10, 11, 12] (researched, unverified)"
VN.ADM1.00007,maize_corn,2014,1005800.0,174900.0,planted,5.75071469411092,0.2233679858333333,12,"months [1, 2, 3, 4, 5, 6, 7, 8, 9, 10, 11, 12] (researched, unverified)"
VN.ADM1.00007,maize_corn,2015,977700.0,169400.0,planted,5.7715466351829985,0.22292345083333331,12,"months [1, 2, 3, 4, 5, 6, 7, 8, 9, 10, 11, 12] (researched, unverified)"
VN.ADM1.00007,maize_corn,2016,947900.0,164100.0,planted,5.776355880560634,0.21526218916666665,12,"months [1, 2, 3, 4, 5, 6, 7, 8, 9, 10, 11, 12] (researched, unverified)"
VN.ADM1.00008,maize_corn,2001,288600.0,82500.0,planted,3.498181818181818,0.23646375583333334,12,"months [1, 2, 3, 4, 5, 6, 7, 8, 9, 10, 11, 12] (researched, unverified)"
VN.ADM1.00008,maize_corn,2002,313600.0,86900.0,planted,3.6087456846950516,0.2241045975,12,"months [1, 2, 3, 4, 5, 6, 7, 8, 9, 10, 11, 12] (researched, unverified)"
VN.ADM1.00008,maize_corn,2003,338100.0,87300.0,planted,3.872852233676976,0.2368555516666667,12,"months [1, 2, 3, 4, 5, 6, 7, 8, 9, 10, 11, 12] (researched, unverified)"
VN.ADM1.00008,maize_corn,2004,328500.0,84000.0,planted,3.9107142857142856,0.21929262000000002,12,"months [1, 2, 3, 4, 5, 6, 7, 8, 9, 10, 11, 12] (researched, unverified)"
VN.ADM1.00008,maize_corn,2005,368600.0,78200.0,planted,4.713554987212277,0.2129598225,12,"months [1, 2, 3, 4, 5, 6, 7, 8, 9, 10, 11, 12] (researched, unverified)"
VN.ADM1.00008,maize_corn,2006,366100.0,75700.0,planted,4.836195508586526,0.23116464583333332,12,"months [1, 2, 3, 4, 5, 6, 7, 8, 9, 10, 11, 12] (researched, unverified)"
VN.ADM1.00008,maize_corn,2007,389200.0,77500.0,planted,5.021935483870967,0.22371197083333336,12,"months [1, 2, 3, 4, 5, 6, 7, 8, 9, 10, 11, 12] (researched, unverified)"
VN.ADM1.00008,maize_corn,2008,394800.0,75600.0,planted,5.222222222222222,0.22962602666666665,12,"months [1, 2, 3, 4, 5, 6, 7, 8, 9, 10, 11, 12] (researched, unverified)"
VN.ADM1.00008,maize_corn,2009,394900.0,73300.0,planted,5.387448840381992,0.23290133166666668,12,"months [1, 2, 3, 4, 5, 6, 7, 8, 9, 10, 11, 12] (researched, unverified)"
VN.ADM1.00008,maize_corn,2010,359600.0,65800.0,planted,5.4650455927051675,0.23316241000000001,12,"months [1, 2, 3, 4, 5, 6, 7, 8, 9, 10, 11, 12] (researched, unverified)"
VN.ADM1.00008,maize_corn,2011,380500.0,67100.0,planted,5.670640834575261,0.2247472225,12,"months [1, 2, 3, 4, 5, 6, 7, 8, 9, 10, 11, 12] (researched, unverified)"
VN.ADM1.00008,maize_corn,2012,396700.0,67400.0,planted,5.885756676557864,0.24277932666666666,12,"months [1, 2, 3, 4, 5, 6, 7, 8, 9, 10, 11, 12] (researched, unverified)"
VN.ADM1.00008,maize_corn,2013,411900.0,67900.0,planted,6.0662739322533135,0.22845277833333333,12,"months [1, 2, 3, 4, 5, 6, 7, 8, 9, 10, 11, 12] (researched, unverified)"
VN.ADM1.00008,maize_corn,2014,426900.0,68100.0,planted,6.2687224669603525,0.23132591083333334,12,"months [1, 2, 3, 4, 5, 6, 7, 8, 9, 10, 11, 12] (researched, unverified)"
VN.ADM1.00008,maize_corn,2015,441700.0,67600.0,planted,6.534023668639053,0.23695959583333334,12,"months [1, 2, 3, 4, 5, 6, 7, 8, 9, 10, 11, 12] (researched, unverified)"
VN.ADM1.00008,maize_corn,2016,437100.0,65900.0,planted,6.632776934749621,0.23530302833333336,12,"months [1, 2, 3, 4, 5, 6, 7, 8, 9, 10, 11, 12] (researched, unverified)"
VN.ADM1.00009,maize_corn,2001,12300.0,2700.0,planted,4.555555555555555,0.17438132916666668,12,"months [1, 2, 3, 4, 5, 6, 7, 8, 9, 10, 11, 12] (researched, unverified)"
VN.ADM1.00009,maize_corn,2002,18000.0,3800.0,planted,4.7368421052631575,0.18391234433333334,12,"months [1, 2, 3, 4, 5, 6, 7, 8, 9, 10, 11, 12] (researched, unverified)"
VN.ADM1.00009,maize_corn,2003,24100.0,4900.0,planted,4.918367346938775,0.187521594,12,"months [1, 2, 3, 4, 5, 6, 7, 8, 9, 10, 11, 12] (researched, unverified)"
VN.ADM1.00009,maize_corn,2004,29400.0,4700.0,planted,6.25531914893617,0.18066297166666667,12,"months [1, 2, 3, 4, 5, 6, 7, 8, 9, 10, 11, 12] (researched, unverified)"
VN.ADM1.00009,maize_corn,2005,35800.0,5600.0,planted,6.392857142857143,0.18296578866666668,12,"months [1, 2, 3, 4, 5, 6, 7, 8, 9, 10, 11, 12] (researched, unverified)"
VN.ADM1.00009,maize_corn,2006,36100.0,5000.0,planted,7.22,0.17710578058333334,12,"months [1, 2, 3, 4, 5, 6, 7, 8, 9, 10, 11, 12] (researched, unverified)"
VN.ADM1.00009,maize_corn,2007,32400.0,4500.0,planted,7.2,0.19160446941666667,12,"months [1, 2, 3, 4, 5, 6, 7, 8, 9, 10, 11, 12] (researched, unverified)"
VN.ADM1.00009,maize_corn,2008,38800.0,5100.0,planted,7.607843137254902,0.18528753541666668,12,"months [1, 2, 3, 4, 5, 6, 7, 8, 9, 10, 11, 12] (researched, unverified)"
VN.ADM1.00009,maize_corn,2009,31100.0,4200.0,planted,7.404761904761905,0.18811258966666666,12,"months [1, 2, 3, 4, 5, 6, 7, 8, 9, 10, 11, 12] (researched, unverified)"
VN.ADM1.00009,maize_corn,2010,25000.0,3700.0,planted,6.756756756756757,0.2102588675,12,"months [1, 2, 3, 4, 5, 6, 7, 8, 9, 10, 11, 12] (researched, unverified)"
VN.ADM1.00009,maize_corn,2011,31600.0,4900.0,planted,6.448979591836735,0.1887583975,12,"months [1, 2, 3, 4, 5, 6, 7, 8, 9, 10, 11, 12] (researched, unverified)"
VN.ADM1.00009,maize_corn,2012,33400.0,4600.0,planted,7.260869565217392,0.2200292486666667,12,"months [1, 2, 3, 4, 5, 6, 7, 8, 9, 10, 11, 12] (researched, unverified)"
VN.ADM1.00009,maize_corn,2013,39000.0,5100.0,planted,7.647058823529412,0.20680892416666666,12,"months [1, 2, 3, 4, 5, 6, 7, 8, 9, 10, 11, 12] (researched, unverified)"
VN.ADM1.00009,maize_corn,2014,36400.0,4700.0,planted,7.74468085106383,0.21046298041666667,12,"months [1, 2, 3, 4, 5, 6, 7, 8, 9, 10, 11, 12] (researched, unverified)"
VN.ADM1.00009,maize_corn,2015,35300.0,4600.0,planted,7.673913043478261,0.22055513583333333,12,"months [1, 2, 3, 4, 5, 6, 7, 8, 9, 10, 11, 12] (researched, unverified)"
VN.ADM1.00009,maize_corn,2016,37400.0,4800.0,planted,7.791666666666667,0.21867843541666665,12,"months [1, 2, 3, 4, 5, 6, 7, 8, 9, 10, 11, 12] (researched, unverified)"
VN.ADM1.00010,maize_corn,2001,101100.0,33000.0,planted,3.0636363636363635,0.2524292725,12,"months [1, 2, 3, 4, 5, 6, 7, 8, 9, 10, 11, 12] (researched, unverified)"
VN.ADM1.00010,maize_corn,2002,129300.0,43300.0,planted,2.9861431870669746,0.2264841275,12,"months [1, 2, 3, 4, 5, 6, 7, 8, 9, 10, 11, 12] (researched, unverified)"
VN.ADM1.00010,maize_corn,2003,184300.0,53900.0,planted,3.419294990723562,0.2454200475,12,"months [1, 2, 3, 4, 5, 6, 7, 8, 9, 10, 11, 12] (researched, unverified)"
VN.ADM1.00010,maize_corn,2004,186800.0,61100.0,planted,3.0572831423895255,0.22521419166666667,12,"months [1, 2, 3, 4, 5, 6, 7, 8, 9, 10, 11, 12] (researched, unverified)"
VN.ADM1.00010,maize_corn,2005,223000.0,65700.0,planted,3.3942161339421615,0.20294798541666667,12,"months [1, 2, 3, 4, 5, 6, 7, 8, 9, 10, 11, 12] (researched, unverified)"
VN.ADM1.00010,maize_corn,2006,226600.0,63500.0,planted,3.568503937007874,0.25168113666666664,12,"months [1, 2, 3, 4, 5, 6, 7, 8, 9, 10, 11, 12] (researched, unverified)"
VN.ADM1.00010,maize_corn,2007,234700.0,66300.0,planted,3.539969834087481,0.23579327166666667,12,"months [1, 2, 3, 4, 5, 6, 7, 8, 9, 10, 11, 12] (researched, unverified)"
VN.ADM1.00010,maize_corn,2008,222400.0,63400.0,planted,3.5078864353312302,0.24979380916666669,12,"months [1, 2, 3, 4, 5, 6, 7, 8, 9, 10, 11, 12] (researched, unverified)"
VN.ADM1.00010,maize_corn,2009,236800.0,65400.0,planted,3.620795107033639,0.24566040166666667,12,"months [1, 2, 3, 4, 5, 6, 7, 8, 9, 10, 11, 12] (researched, unverified)"
VN.ADM1.00010,maize_corn,2010,247100.0,64900.0,planted,3.8073959938366717,0.23598548166666666,12,"months [1, 2, 3, 4, 5, 6, 7, 8, 9, 10, 11, 12] (researched, unverified)"
VN.ADM1.00010,maize_corn,2011,233900.0,58000.0,planted,4.0327586206896555,0.22901517583333333,12,"months [1, 2, 3, 4, 5, 6, 7, 8, 9, 10, 11, 12] (researched, unverified)"
VN.ADM1.00010,maize_corn,2012,234600.0,60500.0,planted,3.8776859504132233,0.248384385,12,"months [1, 2, 3, 4, 5, 6, 7, 8, 9, 10, 11, 12] (researched, unverified)"
VN.ADM1.00010,maize_corn,2013,239100.0,59900.0,planted,3.991652754590985,0.23816378416666664,12,"months [1, 2, 3, 4, 5, 6, 7, 8, 9, 10, 11, 12] (researched, unverified)"
VN.ADM1.00010,maize_corn,2014,241600.0,59300.0,planted,4.074198988195615,0.23641186916666668,12,"months [1, 2, 3, 4, 5, 6, 7, 8, 9, 10, 11, 12] (researched, unverified)"
VN.ADM1.00010,maize_corn,2015,243500.0,58000.0,planted,4.198275862068965,0.2426518,12,"months [1, 2, 3, 4, 5, 6, 7, 8, 9, 10, 11, 12] (researched, unverified)"
VN.ADM1.00010,maize_corn,2016,242800.0,58400.0,planted,4.157534246575342,0.22405935750000003,12,"months [1, 2, 3, 4, 5, 6, 7, 8, 9, 10, 11, 12] (researched, unverified)"
VN.ADM1.00011,maize_corn,2001,29200.0,11500.0,planted,2.5391304347826087,0.12886551675,12,"months [1, 2, 3, 4, 5, 6, 7, 8, 9, 10, 11, 12] (researched, unverified)"
VN.ADM1.00011,maize_corn,2002,25400.0,9100.0,planted,2.791208791208791,0.131492969,12,"months [1, 2, 3, 4, 5, 6, 7, 8, 9, 10, 11, 12] (researched, unverified)"
VN.ADM1.00011,maize_corn,2003,35500.0,12600.0,planted,2.8174603174603177,0.14297794058333332,12,"months [1, 2, 3, 4, 5, 6, 7, 8, 9, 10, 11, 12] (researched, unverified)"
VN.ADM1.00011,maize_corn,2004,53300.0,16200.0,planted,3.2901234567901234,0.12847531058333334,12,"months [1, 2, 3, 4, 5, 6, 7, 8, 9, 10, 11, 12] (researched, unverified)"
VN.ADM1.00011,maize_corn,2005,51100.0,15700.0,planted,3.254777070063694,0.13464441891666667,12,"months [1, 2, 3, 4, 5, 6, 7, 8, 9, 10, 11, 12] (researched, unverified)"
VN.ADM1.00011,maize_corn,2006,50200.0,16100.0,planted,3.1180124223602483,0.13265624774999998,12,"months [1, 2, 3, 4, 5, 6, 7, 8, 9, 10, 11, 12] (researched, unverified)"
VN.ADM1.00011,maize_corn,2007,58700.0,16700.0,planted,3.5149700598802394,0.13818353941666667,12,"months [1, 2, 3, 4, 5, 6, 7, 8, 9, 10, 11, 12] (researched, unverified)"
VN.ADM1.00011,maize_corn,2008,60800.0,18100.0,planted,3.3591160220994474,0.1342600325,12,"months [1, 2, 3, 4, 5, 6, 7, 8, 9, 10, 11, 12] (researched, unverified)"
VN.ADM1.00011,maize_corn,2009,49700.0,14400.0,planted,3.451388888888889,0.15172572483333333,12,"months [1, 2, 3, 4, 5, 6, 7, 8, 9, 10, 11, 12] (researched, unverified)"
VN.ADM1.00011,maize_corn,2010,55600.0,14900.0,planted,3.7315436241610738,0.14552806541666666,12,"months [1, 2, 3, 4, 5, 6, 7, 8, 9, 10, 11, 12] (researched, unverified)"
VN.ADM1.00011,maize_corn,2011,53200.0,13600.0,planted,3.911764705882353,0.13400456458333335,12,"months [1, 2, 3, 4, 5, 6, 7, 8, 9, 10, 11, 12] (researched, unverified)"
VN.ADM1.00011,maize_corn,2012,52100.0,12900.0,planted,4.038759689922481,0.1361971455,12,"months [1, 2, 3, 4, 5, 6, 7, 8, 9, 10, 11, 12] (researched, unverified)"
VN.ADM1.00011,maize_corn,2013,53600.0,13100.0,planted,4.091603053435114,0.13838098758333334,12,"months [1, 2, 3, 4, 5, 6, 7, 8, 9, 10, 11, 12] (researched, unverified)"
VN.ADM1.00011,maize_corn,2014,57000.0,13800.0,planted,4.130434782608695,0.14672066958333332,12,"months [1, 2, 3, 4, 5, 6, 7, 8, 9, 10, 11, 12] (researched, unverified)"
VN.ADM1.00011,maize_corn,2015,59800.0,14300.0,planted,4.181818181818182,0.14620715083333333,12,"months [1, 2, 3, 4, 5, 6, 7, 8, 9, 10, 11, 12] (researched, unverified)"
VN.ADM1.00011,maize_corn,2016,58500.0,13800.0,planted,4.239130434782608,0.14565789591666667,12,"months [1, 2, 3, 4, 5, 6, 7, 8, 9, 10, 11, 12] (researched, unverified)"
VN.ADM1.00012,maize_corn,2001,44200.0,14000.0,planted,3.157142857142857,0.13410898683333333,12,"months [1, 2, 3, 4, 5, 6, 7, 8, 9, 10, 11, 12] (researched, unverified)"
VN.ADM1.00012,maize_corn,2002,44800.0,13700.0,planted,3.27007299270073,0.14206597575,12,"months [1, 2, 3, 4, 5, 6, 7, 8, 9, 10, 11, 12] (researched, unverified)"
VN.ADM1.00012,maize_corn,2003,50500.0,14600.0,planted,3.458904109589041,0.14252080275,12,"months [1, 2, 3, 4, 5, 6, 7, 8, 9, 10, 11, 12] (researched, unverified)"
VN.ADM1.00012,maize_corn,2004,55900.0,14700.0,planted,3.802721088435374,0.12903037883333332,12,"months [1, 2, 3, 4, 5, 6, 7, 8, 9, 10, 11, 12] (researched, unverified)"
VN.ADM1.00012,maize_corn,2005,63800.0,16800.0,planted,3.7976190476190474,0.12880246366666667,12,"months [1, 2, 3, 4, 5, 6, 7, 8, 9, 10, 11, 12] (researched, unverified)"
VN.ADM1.00012,maize_corn,2006,69400.0,17600.0,planted,3.9431818181818183,0.1381300755,12,"months [1, 2, 3, 4, 5, 6, 7, 8, 9, 10, 11, 12] (researched, unverified)"
VN.ADM1.00012,maize_corn,2007,82000.0,20200.0,planted,4.0594059405940595,0.13217447000000002,12,"months [1, 2, 3, 4, 5, 6, 7, 8, 9, 10, 11, 12] (researched, unverified)"
VN.ADM1.00012,maize_corn,2008,83700.0,19900.0,planted,4.206030150753769,0.13951055358333334,12,"months [1, 2, 3, 4, 5, 6, 7, 8, 9, 10, 11, 12] (researched, unverified)"
VN.ADM1.00012,maize_corn,2009,65900.0,16500.0,planted,3.993939393939394,0.1424804675,12,"months [1, 2, 3, 4, 5, 6, 7, 8, 9, 10, 11, 12] (researched, unverified)"
VN.ADM1.00012,maize_corn,2010,85400.0,20500.0,planted,4.1658536585365855,0.13042883708333333,12,"months [1, 2, 3, 4, 5, 6, 7, 8, 9, 10, 11, 12] (researched, unverified)"
VN.ADM1.00012,maize_corn,2011,91100.0,21000.0,planted,4.338095238095238,0.13166043725,12,"months [1, 2, 3, 4, 5, 6, 7, 8, 9, 10, 11, 12] (researched, unverified)"
VN.ADM1.00012,maize_corn,2012,83200.0,19400.0,planted,4.288659793814433,0.13895229358333333,12,"months [1, 2, 3, 4, 5, 6, 7, 8, 9, 10, 11, 12] (researched, unverified)"
VN.ADM1.00012,maize_corn,2013,81700.0,18700.0,planted,4.3689839572192515,0.13314394941666666,12,"months [1, 2, 3, 4, 5, 6, 7, 8, 9, 10, 11, 12] (researched, unverified)"
VN.ADM1.00012,maize_corn,2014,83700.0,19300.0,planted,4.33678756476684,0.14683144950000002,12,"months [1, 2, 3, 4, 5, 6, 7, 8, 9, 10, 11, 12] (researched, unverified)"
VN.ADM1.00012,maize_corn,2015,88200.0,19900.0,planted,4.432160804020101,0.14507553108333335,12,"months [1, 2, 3, 4, 5, 6, 7, 8, 9, 10, 11, 12] (researched, unverified)"
VN.ADM1.00012,maize_corn,2016,87800.0,19400.0,planted,4.525773195876289,0.14434223825,12,"months [1, 2, 3, 4, 5, 6, 7, 8, 9, 10, 11, 12] (researched, unverified)"
VN.ADM1.00013,maize_corn,2001,142600.0,47400.0,planted,3.0084388185654007,0.14256952533333334,12,"months [1, 2, 3, 4, 5, 6, 7, 8, 9, 10, 11, 12] (researched, unverified)"
VN.ADM1.00013,maize_corn,2002,147700.0,48300.0,planted,3.0579710144927534,0.14697405025,12,"months [1, 2, 3, 4, 5, 6, 7, 8, 9, 10, 11, 12] (researched, unverified)"
VN.ADM1.00013,maize_corn,2003,165700.0,52000.0,planted,3.1865384615384613,0.15485028933333334,12,"months [1, 2, 3, 4, 5, 6, 7, 8, 9, 10, 11, 12] (researched, unverified)"
VN.ADM1.00013,maize_corn,2004,187300.0,53300.0,planted,3.5140712945590993,0.13997115858333334,12,"months [1, 2, 3, 4, 5, 6, 7, 8, 9, 10, 11, 12] (researched, unverified)"
VN.ADM1.00013,maize_corn,2005,186300.0,56400.0,planted,3.3031914893617023,0.14165248733333333,12,"months [1, 2, 3, 4, 5, 6, 7, 8, 9, 10, 11, 12] (researched, unverified)"
VN.ADM1.00013,maize_corn,2006,191900.0,53400.0,planted,3.593632958801498,0.1496078645,12,"months [1, 2, 3, 4, 5, 6, 7, 8, 9, 10, 11, 12] (researched, unverified)"
VN.ADM1.00013,maize_corn,2007,214000.0,56300.0,planted,3.8010657193605684,0.14848017308333333,12,"months [1, 2, 3, 4, 5, 6, 7, 8, 9, 10, 11, 12] (researched, unverified)"
VN.ADM1.00013,maize_corn,2008,252100.0,61800.0,planted,4.0792880258899675,0.14040237991666668,12,"months [1, 2, 3, 4, 5, 6, 7, 8, 9, 10, 11, 12] (researched, unverified)"
VN.ADM1.00013,maize_corn,2009,208000.0,52400.0,planted,3.969465648854962,0.15323502583333334,12,"months [1, 2, 3, 4, 5, 6, 7, 8, 9, 10, 11, 12] (researched, unverified)"
VN.ADM1.00013,maize_corn,2010,258400.0,60900.0,planted,4.2430213464696225,0.14548331191666666,12,"months [1, 2, 3, 4, 5, 6, 7, 8, 9, 10, 11, 12] (researched, unverified)"
VN.ADM1.00013,maize_corn,2011,266200.0,61100.0,planted,4.356792144026187,0.13800005866666668,12,"months [1, 2, 3, 4, 5, 6, 7, 8, 9, 10, 11, 12] (researched, unverified)"
VN.ADM1.00013,maize_corn,2012,243300.0,56700.0,planted,4.291005291005291,0.140678105,12,"months [1, 2, 3, 4, 5, 6, 7, 8, 9, 10, 11, 12] (researched, unverified)"
VN.ADM1.00013,maize_corn,2013,253400.0,57600.0,planted,4.399305555555555,0.1387416233333333,12,"months [1, 2, 3, 4, 5, 6, 7, 8, 9, 10, 11, 12] (researched, unverified)"
VN.ADM1.00013,maize_corn,2014,250200.0,57800.0,planted,4.328719723183391,0.14749296958333333,12,"months [1, 2, 3, 4, 5, 6, 7, 8, 9, 10, 11, 12] (researched, unverified)"
VN.ADM1.00013,maize_corn,2015,265200.0,60000.0,planted,4.42,0.15571327066666665,12,"months [1, 2, 3, 4, 5, 6, 7, 8, 9, 10, 11, 12] (researched, unverified)"
VN.ADM1.00013,maize_corn,2016,261300.0,57900.0,planted,4.512953367875648,0.15315354191666666,12,"months [1, 2, 3, 4, 5, 6, 7, 8, 9, 10, 11, 12] (researched, unverified)"
VN.ADM1.00015,maize_corn,2001,123900.0,55800.0,planted,2.2204301075268815,0.16740231141666664,12,"months [1, 2, 3, 4, 5, 6, 7, 8, 9, 10, 11, 12] (researched, unverified)"
VN.ADM1.00015,maize_corn,2002,135500.0,58000.0,planted,2.336206896551724,0.17100099033333335,12,"months [1, 2, 3, 4, 5, 6, 7, 8, 9, 10, 11, 12] (researched, unverified)"
VN.ADM1.00015,maize_corn,2003,141000.0,59200.0,planted,2.3817567567567566,0.17843198333333332,12,"months [1, 2, 3, 4, 5, 6, 7, 8, 9, 10, 11, 12] (researched, unverified)"
VN.ADM1.00015,maize_corn,2004,145600.0,58000.0,planted,2.510344827586207,0.166707155,12,"months [1, 2, 3, 4, 5, 6, 7, 8, 9, 10, 11, 12] (researched, unverified)"
VN.ADM1.00015,maize_corn,2005,152500.0,58700.0,planted,2.597955706984668,0.17275861983333332,12,"months [1, 2, 3, 4, 5, 6, 7, 8, 9, 10, 11, 12] (researched, unverified)"
VN.ADM1.00015,maize_corn,2006,146900.0,57800.0,planted,2.541522491349481,0.17093282483333336,12,"months [1, 2, 3, 4, 5, 6, 7, 8, 9, 10, 11, 12] (researched, unverified)"
VN.ADM1.00015,maize_corn,2007,163900.0,61000.0,planted,2.6868852459016392,0.17103212108333332,12,"months [1, 2, 3, 4, 5, 6, 7, 8, 9, 10, 11, 12] (researched, unverified)"
VN.ADM1.00015,maize_corn,2008,178400.0,62600.0,planted,2.8498402555910545,0.17080512699999997,12,"months [1, 2, 3, 4, 5, 6, 7, 8, 9, 10, 11, 12] (researched, unverified)"
VN.ADM1.00015,maize_corn,2009,185200.0,61600.0,planted,3.0064935064935066,0.17653160783333333,12,"months [1, 2, 3, 4, 5, 6, 7, 8, 9, 10, 11, 12] (researched, unverified)"
VN.ADM1.00015,maize_corn,2010,207000.0,64300.0,planted,3.2192846034214617,0.17444817199999998,12,"months [1, 2, 3, 4, 5, 6, 7, 8, 9, 10, 11, 12] (researched, unverified)"
VN.ADM1.00015,maize_corn,2011,227700.0,66400.0,planted,3.4292168674698793,0.1618044956666667,12,"months [1, 2, 3, 4, 5, 6, 7, 8, 9, 10, 11, 12] (researched, unverified)"
VN.ADM1.00015,maize_corn,2012,229100.0,66600.0,planted,3.43993993993994,0.16311442933333334,12,"months [1, 2, 3, 4, 5, 6, 7, 8, 9, 10, 11, 12] (researched, unverified)"
VN.ADM1.00015,maize_corn,2013,247900.0,68800.0,planted,3.6031976744186047,0.174967379,12,"months [1, 2, 3, 4, 5, 6, 7, 8, 9, 10, 11, 12] (researched, unverified)"
VN.ADM1.00015,maize_corn,2014,246400.0,70100.0,planted,3.514978601997147,0.17659176158333334,12,"months [1, 2, 3, 4, 5, 6, 7, 8, 9, 10, 11, 12] (researched, unverified)"
VN.ADM1.00015,maize_corn,2015,267500.0,69400.0,planted,3.854466858789625,0.18650353333333333,12,"months [1, 2, 3, 4, 5, 6, 7, 8, 9, 10, 11, 12] (researched, unverified)"
VN.ADM1.00015,maize_corn,2016,265600.0,71900.0,planted,3.694019471488178,0.19302110666666664,12,"months [1, 2, 3, 4, 5, 6, 7, 8, 9, 10, 11, 12] (researched, unverified)"
VN.ADM1.00016,maize_corn,2001,22800.0,6400.0,planted,3.5625,0.10845685820833333,12,"months [1, 2, 3, 4, 5, 6, 7, 8, 9, 10, 11, 12] (researched, unverified)"
VN.ADM1.00016,maize_corn,2002,32700.0,8400.0,planted,3.892857142857143,0.11861601199999999,12,"months [1, 2, 3, 4, 5, 6, 7, 8, 9, 10, 11, 12] (researched, unverified)"
VN.ADM1.00016,maize_corn,2003,51900.0,12600.0,planted,4.119047619047619,0.12151827666666666,12,"months [1, 2, 3, 4, 5, 6, 7, 8, 9, 10, 11, 12] (researched, unverified)"
VN.ADM1.00016,maize_corn,2004,53100.0,12300.0,planted,4.317073170731708,0.10514878466666666,12,"months [1, 2, 3, 4, 5, 6, 7, 8, 9, 10, 11, 12] (researched, unverified)"
VN.ADM1.00016,maize_corn,2005,53200.0,12000.0,planted,4.433333333333334,0.11866892558333332,12,"months [1, 2, 3, 4, 5, 6, 7, 8, 9, 10, 11, 12] (researched, unverified)"
VN.ADM1.00016,maize_corn,2006,52200.0,11600.0,planted,4.5,0.11452702708333333,12,"months [1, 2, 3, 4, 5, 6, 7, 8, 9, 10, 11, 12] (researched, unverified)"
VN.ADM1.00016,maize_corn,2007,64600.0,13700.0,planted,4.7153284671532845,0.1133406285,12,"months [1, 2, 3, 4, 5, 6, 7, 8, 9, 10, 11, 12] (researched, unverified)"
VN.ADM1.00016,maize_corn,2008,68700.0,13600.0,planted,5.051470588235294,0.11361629041666667,12,"months [1, 2, 3, 4, 5, 6, 7, 8, 9, 10, 11, 12] (researched, unverified)"
VN.ADM1.00016,maize_corn,2009,54600.0,10800.0,planted,5.055555555555555,0.12097472183333334,12,"months [1, 2, 3, 4, 5, 6, 7, 8, 9, 10, 11, 12] (researched, unverified)"
VN.ADM1.00016,maize_corn,2010,71100.0,13300.0,planted,5.345864661654136,0.11259828241666665,12,"months [1, 2, 3, 4, 5, 6, 7, 8, 9, 10, 11, 12] (researched, unverified)"
VN.ADM1.00016,maize_corn,2011,71400.0,12900.0,planted,5.534883720930233,0.11498465208333332,12,"months [1, 2, 3, 4, 5, 6, 7, 8, 9, 10, 11, 12] (researched, unverified)"
VN.ADM1.00016,maize_corn,2012,64600.0,11400.0,planted,5.666666666666667,0.112996933625,12,"months [1, 2, 3, 4, 5, 6, 7, 8, 9, 10, 11, 12] (researched, unverified)"
VN.ADM1.00016,maize_corn,2013,66900.0,12600.0,planted,5.309523809523809,0.10776883766666667,12,"months [1, 2, 3, 4, 5, 6, 7, 8, 9, 10, 11, 12] (researched, unverified)"
VN.ADM1.00016,maize_corn,2014,68000.0,12500.0,planted,5.44,0.12618424366666667,12,"months [1, 2, 3, 4, 5, 6, 7, 8, 9, 10, 11, 12] (researched, unverified)"
VN.ADM1.00016,maize_corn,2015,70500.0,12500.0,planted,5.64,0.12664610908333332,12,"months [1, 2, 3, 4, 5, 6, 7, 8, 9, 10, 11, 12] (researched, unverified)"
VN.ADM1.00016,maize_corn,2016,69800.0,12300.0,planted,5.67479674796748,0.11333716433333334,12,"months [1, 2, 3, 4, 5, 6, 7, 8, 9, 10, 11, 12] (researched, unverified)"
VN.ADM1.00018,maize_corn,2001,11700.0,3800.0,planted,3.0789473684210527,0.18334927791666666,12,"months [1, 2, 3, 4, 5, 6, 7, 8, 9, 10, 11, 12] (researched, unverified)"
VN.ADM1.00018,maize_corn,2002,13900.0,4000.0,planted,3.475,0.19708120333333334,12,"months [1, 2, 3, 4, 5, 6, 7, 8, 9, 10, 11, 12] (researched, unverified)"
VN.ADM1.00018,maize_corn,2003,15200.0,4100.0,planted,3.707317073170732,0.1830862525,12,"months [1, 2, 3, 4, 5, 6, 7, 8, 9, 10, 11, 12] (researched, unverified)"
VN.ADM1.00018,maize_corn,2004,22300.0,5600.0,planted,3.982142857142857,0.18659862666666668,12,"months [1, 2, 3, 4, 5, 6, 7, 8, 9, 10, 11, 12] (researched, unverified)"
VN.ADM1.00018,maize_corn,2005,21300.0,5400.0,planted,3.9444444444444446,0.1855614366666667,12,"months [1, 2, 3, 4, 5, 6, 7, 8, 9, 10, 11, 12] (researched, unverified)"
VN.ADM1.00018,maize_corn,2006,19200.0,4900.0,planted,3.9183673469387754,0.18568057000000002,12,"months [1, 2, 3, 4, 5, 6, 7, 8, 9, 10, 11, 12] (researched, unverified)"
VN.ADM1.00018,maize_corn,2007,21700.0,5400.0,planted,4.018518518518518,0.1869507258333333,12,"months [1, 2, 3, 4, 5, 6, 7, 8, 9, 10, 11, 12] (researched, unverified)"
VN.ADM1.00018,maize_corn,2008,27400.0,6800.0,planted,4.029411764705882,0.18759475616666665,12,"months [1, 2, 3, 4, 5, 6, 7, 8, 9, 10, 11, 12] (researched, unverified)"
VN.ADM1.00018,maize_corn,2009,29700.0,7000.0,planted,4.242857142857143,0.1983482625,12,"months [1, 2, 3, 4, 5, 6, 7, 8, 9, 10, 11, 12] (researched, unverified)"
VN.ADM1.00018,maize_corn,2010,27600.0,6500.0,planted,4.246153846153846,0.20699015916666666,12,"months [1, 2, 3, 4, 5, 6, 7, 8, 9, 10, 11, 12] (researched, unverified)"
VN.ADM1.00018,maize_corn,2011,27300.0,6500.0,planted,4.2,0.19336015333333334,12,"months [1, 2, 3, 4, 5, 6, 7, 8, 9, 10, 11, 12] (researched, unverified)"
VN.ADM1.00018,maize_corn,2012,29900.0,7100.0,planted,4.211267605633803,0.20726524625,12,"months [1, 2, 3, 4, 5, 6, 7, 8, 9, 10, 11, 12] (researched, unverified)"
VN.ADM1.00018,maize_corn,2013,32500.0,7600.0,planted,4.276315789473684,0.19591862333333332,12,"months [1, 2, 3, 4, 5, 6, 7, 8, 9, 10, 11, 12] (researched, unverified)"
VN.ADM1.00018,maize_corn,2014,33500.0,7500.0,planted,4.466666666666667,0.19774837166666667,12,"months [1, 2, 3, 4, 5, 6, 7, 8, 9, 10, 11, 12] (researched, unverified)"
VN.ADM1.00018,maize_corn,2015,36200.0,8100.0,planted,4.469135802469136,0.21326675208333334,12,"months [1, 2, 3, 4, 5, 6, 7, 8, 9, 10, 11, 12] (researched, unverified)"
VN.ADM1.00018,maize_corn,2016,36600.0,8300.0,planted,4.409638554216867,0.20183703666666666,12,"months [1, 2, 3, 4, 5, 6, 7, 8, 9, 10, 11, 12] (researched, unverified)"
VN.ADM1.00019,maize_corn,2001,3600.0,1100.0,planted,3.272727272727273,0.14577662783333334,12,"months [1, 2, 3, 4, 5, 6, 7, 8, 9, 10, 11, 12] (researched, unverified)"
VN.ADM1.00019,maize_corn,2002,3800.0,1200.0,planted,3.1666666666666665,0.13447749408333334,12,"months [1, 2, 3, 4, 5, 6, 7, 8, 9, 10, 11, 12] (researched, unverified)"
VN.ADM1.00019,maize_corn,2003,4400.0,1400.0,planted,3.142857142857143,0.13469514533333335,12,"months [1, 2, 3, 4, 5, 6, 7, 8, 9, 10, 11, 12] (researched, unverified)"
VN.ADM1.00019,maize_corn,2004,3100.0,900.0,planted,3.4444444444444446,0.1241684875,12,"months [1, 2, 3, 4, 5, 6, 7, 8, 9, 10, 11, 12] (researched, unverified)"
VN.ADM1.00019,maize_corn,2005,3300.0,1000.0,planted,3.3,0.11664052000000001,12,"months [1, 2, 3, 4, 5, 6, 7, 8, 9, 10, 11, 12] (researched, unverified)"
VN.ADM1.00019,maize_corn,2006,4100.0,1200.0,planted,3.4166666666666665,0.12943780824999998,12,"months [1, 2, 3, 4, 5, 6, 7, 8, 9, 10, 11, 12] (researched, unverified)"
VN.ADM1.00019,maize_corn,2007,3700.0,1100.0,planted,3.3636363636363638,0.13046810758333335,12,"months [1, 2, 3, 4, 5, 6, 7, 8, 9, 10, 11, 12] (researched, unverified)"
VN.ADM1.00019,maize_corn,2008,2500.0,700.0,planted,3.5714285714285716,0.1319382925,12,"months [1, 2, 3, 4, 5, 6, 7, 8, 9, 10, 11, 12] (researched, unverified)"
VN.ADM1.00019,maize_corn,2009,4100.0,1200.0,planted,3.4166666666666665,0.13787915175,12,"months [1, 2, 3, 4, 5, 6, 7, 8, 9, 10, 11, 12] (researched, unverified)"
VN.ADM1.00019,maize_corn,2010,3100.0,900.0,planted,3.4444444444444446,0.13267653283333333,12,"months [1, 2, 3, 4, 5, 6, 7, 8, 9, 10, 11, 12] (researched, unverified)"
VN.ADM1.00019,maize_corn,2011,2300.0,600.0,planted,3.8333333333333335,0.13447800000000001,12,"months [1, 2, 3, 4, 5, 6, 7, 8, 9, 10, 11, 12] (researched, unverified)"
VN.ADM1.00019,maize_corn,2012,2600.0,800.0,planted,3.25,0.14373961716666667,12,"months [1, 2, 3, 4, 5, 6, 7, 8, 9, 10, 11, 12] (researched, unverified)"
VN.ADM1.00019,maize_corn,2013,3500.0,1100.0,planted,3.1818181818181817,0.13962398708333332,12,"months [1, 2, 3, 4, 5, 6, 7, 8, 9, 10, 11, 12] (researched, unverified)"
VN.ADM1.00019,maize_corn,2014,4500.0,1400.0,planted,3.2142857142857144,0.13498620333333333,12,"months [1, 2, 3, 4, 5, 6, 7, 8, 9, 10, 11, 12] (researched, unverified)"
VN.ADM1.00019,maize_corn,2015,3200.0,900.0,planted,3.5555555555555554,0.13777493708333333,12,"months [1, 2, 3, 4, 5, 6, 7, 8, 9, 10, 11, 12] (researched, unverified)"
VN.ADM1.00019,maize_corn,2016,1800.0,500.0,planted,3.6,0.1285854095,12,"months [1, 2, 3, 4, 5, 6, 7, 8, 9, 10, 11, 12] (researched, unverified)"
VN.ADM1.00020,maize_corn,2001,65500.0,33700.0,planted,1.943620178041543,0.16723164533333335,12,"months [1, 2, 3, 4, 5, 6, 7, 8, 9, 10, 11, 12] (researched, unverified)"
VN.ADM1.00020,maize_corn,2002,74600.0,34800.0,planted,2.1436781609195403,0.17457461875,12,"months [1, 2, 3, 4, 5, 6, 7, 8, 9, 10, 11, 12] (researched, unverified)"
VN.ADM1.00020,maize_corn,2003,83600.0,36100.0,planted,2.3157894736842106,0.18049207758333333,12,"months [1, 2, 3, 4, 5, 6, 7, 8, 9, 10, 11, 12] (researched, unverified)"
VN.ADM1.00020,maize_corn,2004,91300.0,36900.0,planted,2.4742547425474255,0.166165176,12,"months [1, 2, 3, 4, 5, 6, 7, 8, 9, 10, 11, 12] (researched, unverified)"
VN.ADM1.00020,maize_corn,2005,98000.0,38900.0,planted,2.519280205655527,0.17363468983333333,12,"months [1, 2, 3, 4, 5, 6, 7, 8, 9, 10, 11, 12] (researched, unverified)"
VN.ADM1.00020,maize_corn,2006,100900.0,39400.0,planted,2.5609137055837565,0.17325827908333333,12,"months [1, 2, 3, 4, 5, 6, 7, 8, 9, 10, 11, 12] (researched, unverified)"
VN.ADM1.00020,maize_corn,2007,115700.0,42400.0,planted,2.7287735849056602,0.16711846716666667,12,"months [1, 2, 3, 4, 5, 6, 7, 8, 9, 10, 11, 12] (researched, unverified)"
VN.ADM1.00020,maize_corn,2008,126000.0,46200.0,planted,2.727272727272727,0.1758679875,12,"months [1, 2, 3, 4, 5, 6, 7, 8, 9, 10, 11, 12] (researched, unverified)"
VN.ADM1.00020,maize_corn,2009,142000.0,48100.0,planted,2.952182952182952,0.17603537716666665,12,"months [1, 2, 3, 4, 5, 6, 7, 8, 9, 10, 11, 12] (researched, unverified)"
VN.ADM1.00020,maize_corn,2010,166300.0,53700.0,planted,3.09683426443203,0.17466457283333334,12,"months [1, 2, 3, 4, 5, 6, 7, 8, 9, 10, 11, 12] (researched, unverified)"
VN.ADM1.00020,maize_corn,2011,182800.0,57600.0,planted,3.173611111111111,0.15857330449999998,12,"months [1, 2, 3, 4, 5, 6, 7, 8, 9, 10, 11, 12] (researched, unverified)"
VN.ADM1.00020,maize_corn,2012,191100.0,58400.0,planted,3.2722602739726026,0.16803274541666666,12,"months [1, 2, 3, 4, 5, 6, 7, 8, 9, 10, 11, 12] (researched, unverified)"
VN.ADM1.00020,maize_corn,2013,206700.0,61400.0,planted,3.3664495114006514,0.17452037791666666,12,"months [1, 2, 3, 4, 5, 6, 7, 8, 9, 10, 11, 12] (researched, unverified)"
VN.ADM1.00020,maize_corn,2014,201300.0,67600.0,planted,2.977810650887574,0.17115792583333334,12,"months [1, 2, 3, 4, 5, 6, 7, 8, 9, 10, 11, 12] (researched, unverified)"
VN.ADM1.00020,maize_corn,2015,226200.0,65000.0,planted,3.48,0.1869741445833333,12,"months [1, 2, 3, 4, 5, 6, 7, 8, 9, 10, 11, 12] (researched, unverified)"
VN.ADM1.00020,maize_corn,2016,234100.0,66200.0,planted,3.5362537764350455,0.17971191833333333,12,"months [1, 2, 3, 4, 5, 6, 7, 8, 9, 10, 11, 12] (researched, unverified)"
VN.ADM1.00021,maize_corn,2002,0.0,100.0,planted,0.0,0.1494203695,12,"months [1, 2, 3, 4, 5, 6, 7, 8, 9, 10, 11, 12] (researched, unverified)"
VN.ADM1.00021,maize_corn,2003,400.0,200.0,planted,2.0,0.14228103083333335,12,"months [1, 2, 3, 4, 5, 6, 7, 8, 9, 10, 11, 12] (researched, unverified)"
VN.ADM1.00021,maize_corn,2004,200.0,100.0,planted,2.0,0.1345890325,12,"months [1, 2, 3, 4, 5, 6, 7, 8, 9, 10, 11, 12] (researched, unverified)"
VN.ADM1.00021,maize_corn,2006,100.0,,,,0.13248912166666668,12,"months [1, 2, 3, 4, 5, 6, 7, 8, 9, 10, 11, 12] (researched, unverified)"
VN.ADM1.00021,maize_corn,2008,100.0,,,,0.13377860166666666,12,"months [1, 2, 3, 4, 5, 6, 7, 8, 9, 10, 11, 12] (researched, unverified)"
VN.ADM1.00021,maize_corn,2009,200.0,100.0,planted,2.0,0.13861437916666666,12,"months [1, 2, 3, 4, 5, 6, 7, 8, 9, 10, 11, 12] (researched, unverified)"
VN.ADM1.00021,maize_corn,2010,200.0,,,,0.14075601833333332,12,"months [1, 2, 3, 4, 5, 6, 7, 8, 9, 10, 11, 12] (researched, unverified)"
VN.ADM1.00021,maize_corn,2011,300.0,100.0,planted,3.0,0.14650880033333333,12,"months [1, 2, 3, 4, 5, 6, 7, 8, 9, 10, 11, 12] (researched, unverified)"
VN.ADM1.00021,maize_corn,2012,300.0,100.0,planted,3.0,0.1547035625,12,"months [1, 2, 3, 4, 5, 6, 7, 8, 9, 10, 11, 12] (researched, unverified)"
VN.ADM1.00021,maize_corn,2013,700.0,100.0,planted,7.0,0.14214319041666665,12,"months [1, 2, 3, 4, 5, 6, 7, 8, 9, 10, 11, 12] (researched, unverified)"
VN.ADM1.00021,maize_corn,2014,700.0,100.0,planted,7.0,0.147374411,12,"months [1, 2, 3, 4, 5, 6, 7, 8, 9, 10, 11, 12] (researched, unverified)"
VN.ADM1.00021,maize_corn,2015,1300.0,100.0,planted,13.0,0.151607009,12,"months [1, 2, 3, 4, 5, 6, 7, 8, 9, 10, 11, 12] (researched, unverified)"
VN.ADM1.00021,maize_corn,2016,1200.0,200.0,planted,6.0,0.1422991125,12,"months [1, 2, 3, 4, 5, 6, 7, 8, 9, 10, 11, 12] (researched, unverified)"
VN.ADM1.00022,maize_corn,2001,47500.0,32100.0,planted,1.4797507788161994,0.21490085216666666,12,"months [1, 2, 3, 4, 5, 6, 7, 8, 9, 10, 11, 12] (researched, unverified)"
VN.ADM1.00022,maize_corn,2002,55000.0,33800.0,planted,1.6272189349112427,0.20688713166666664,12,"months [1, 2, 3, 4, 5, 6, 7, 8, 9, 10, 11, 12] (researched, unverified)"
VN.ADM1.00022,maize_corn,2003,61100.0,36900.0,planted,1.6558265582655827,0.22660842299999998,12,"months [1, 2, 3, 4, 5, 6, 7, 8, 9, 10, 11, 12] (researched, unverified)"
VN.ADM1.00022,maize_corn,2004,70500.0,39600.0,planted,1.7803030303030303,0.20148251541666665,12,"months [1, 2, 3, 4, 5, 6, 7, 8, 9, 10, 11, 12] (researched, unverified)"
VN.ADM1.00022,maize_corn,2005,78000.0,41500.0,planted,1.8795180722891567,0.20318502575,12,"months [1, 2, 3, 4, 5, 6, 7, 8, 9, 10, 11, 12] (researched, unverified)"
VN.ADM1.00022,maize_corn,2006,84400.0,43400.0,planted,1.944700460829493,0.20214463416666664,12,"months [1, 2, 3, 4, 5, 6, 7, 8, 9, 10, 11, 12] (researched, unverified)"
VN.ADM1.00022,maize_corn,2007,94000.0,45100.0,planted,2.084257206208426,0.18567949791666669,12,"months [1, 2, 3, 4, 5, 6, 7, 8, 9, 10, 11, 12] (researched, unverified)"
VN.ADM1.00022,maize_corn,2008,104500.0,47100.0,planted,2.218683651804671,0.20140961916666666,12,"months [1, 2, 3, 4, 5, 6, 7, 8, 9, 10, 11, 12] (researched, unverified)"
VN.ADM1.00022,maize_corn,2009,110000.0,48200.0,planted,2.2821576763485476,0.20470112,12,"months [1, 2, 3, 4, 5, 6, 7, 8, 9, 10, 11, 12] (researched, unverified)"
VN.ADM1.00022,maize_corn,2010,117500.0,48500.0,planted,2.422680412371134,0.20373523991666667,12,"months [1, 2, 3, 4, 5, 6, 7, 8, 9, 10, 11, 12] (researched, unverified)"
VN.ADM1.00022,maize_corn,2011,123700.0,49800.0,planted,2.4839357429718874,0.19696210483333332,12,"months [1, 2, 3, 4, 5, 6, 7, 8, 9, 10, 11, 12] (researched, unverified)"
VN.ADM1.00022,maize_corn,2012,131000.0,50600.0,planted,2.588932806324111,0.19942019166666666,12,"months [1, 2, 3, 4, 5, 6, 7, 8, 9, 10, 11, 12] (researched, unverified)"
VN.ADM1.00022,maize_corn,2013,131500.0,50500.0,planted,2.603960396039604,0.20623631541666665,12,"months [1, 2, 3, 4, 5, 6, 7, 8, 9, 10, 11, 12] (researched, unverified)"
VN.ADM1.00022,maize_corn,2014,138200.0,52000.0,planted,2.6576923076923076,0.20430511041666666,12,"months [1, 2, 3, 4, 5, 6, 7, 8, 9, 10, 11, 12] (researched, unverified)"
VN.ADM1.00022,maize_corn,2015,142200.0,52400.0,planted,2.713740458015267,0.21367399833333334,12,"months [1, 2, 3, 4, 5, 6, 7, 8, 9, 10, 11, 12] (researched, unverified)"
VN.ADM1.00022,maize_corn,2016,148400.0,52800.0,planted,2.8106060606060606,0.20934299041666668,12,"months [1, 2, 3, 4, 5, 6, 7, 8, 9, 10, 11, 12] (researched, unverified)"
VN.ADM1.00023,maize_corn,2001,42600.0,13200.0,planted,3.227272727272727,0.224440435,12,"months [1, 2, 3, 4, 5, 6, 7, 8, 9, 10, 11, 12] (researched, unverified)"
VN.ADM1.00023,maize_corn,2002,40000.0,15900.0,planted,2.5157232704402515,0.20294534916666665,12,"months [1, 2, 3, 4, 5, 6, 7, 8, 9, 10, 11, 12] (researched, unverified)"
VN.ADM1.00023,maize_corn,2003,69400.0,16400.0,planted,4.2317073170731705,0.2169707683333333,12,"months [1, 2, 3, 4, 5, 6, 7, 8, 9, 10, 11, 12] (researched, unverified)"
VN.ADM1.00023,maize_corn,2004,65900.0,16200.0,planted,4.067901234567901,0.21190671583333331,12,"months [1, 2, 3, 4, 5, 6, 7, 8, 9, 10, 11, 12] (researched, unverified)"
VN.ADM1.00023,maize_corn,2005,86200.0,18300.0,planted,4.7103825136612025,0.1923189,12,"months [1, 2, 3, 4, 5, 6, 7, 8, 9, 10, 11, 12] (researched, unverified)"
VN.ADM1.00023,maize_corn,2006,83300.0,19400.0,planted,4.293814432989691,0.22021986333333332,12,"months [1, 2, 3, 4, 5, 6, 7, 8, 9, 10, 11, 12] (researched, unverified)"
VN.ADM1.00023,maize_corn,2007,87300.0,19900.0,planted,4.386934673366834,0.21133855499999998,12,"months [1, 2, 3, 4, 5, 6, 7, 8, 9, 10, 11, 12] (researched, unverified)"
VN.ADM1.00023,maize_corn,2008,73700.0,18400.0,planted,4.005434782608695,0.20881070999999998,12,"months [1, 2, 3, 4, 5, 6, 7, 8, 9, 10, 11, 12] (researched, unverified)"
VN.ADM1.00023,maize_corn,2009,77800.0,17900.0,planted,4.346368715083799,0.21664997916666665,12,"months [1, 2, 3, 4, 5, 6, 7, 8, 9, 10, 11, 12] (researched, unverified)"
VN.ADM1.00023,maize_corn,2010,71200.0,16200.0,planted,4.395061728395062,0.21254731166666666,12,"months [1, 2, 3, 4, 5, 6, 7, 8, 9, 10, 11, 12] (researched, unverified)"
VN.ADM1.00023,maize_corn,2011,78400.0,16800.0,planted,4.666666666666667,0.21235497916666668,12,"months [1, 2, 3, 4, 5, 6, 7, 8, 9, 10, 11, 12] (researched, unverified)"
VN.ADM1.00023,maize_corn,2012,88100.0,17700.0,planted,4.977401129943503,0.22171847,12,"months [1, 2, 3, 4, 5, 6, 7, 8, 9, 10, 11, 12] (researched, unverified)"
VN.ADM1.00023,maize_corn,2013,84000.0,16500.0,planted,5.090909090909091,0.21786837333333334,12,"months [1, 2, 3, 4, 5, 6, 7, 8, 9, 10, 11, 12] (researched, unverified)"
VN.ADM1.00023,maize_corn,2014,79100.0,15400.0,planted,5.136363636363637,0.22378484416666666,12,"months [1, 2, 3, 4, 5, 6, 7, 8, 9, 10, 11, 12] (researched, unverified)"
VN.ADM1.00023,maize_corn,2015,74300.0,13900.0,planted,5.345323741007194,0.21876744916666668,12,"months [1, 2, 3, 4, 5, 6, 7, 8, 9, 10, 11, 12] (researched, unverified)"
VN.ADM1.00023,maize_corn,2016,69300.0,12800.0,planted,5.4140625,0.21572169333333333,12,"months [1, 2, 3, 4, 5, 6, 7, 8, 9, 10, 11, 12] (researched, unverified)"
VN.ADM1.00024,maize_corn,2001,56200.0,13800.0,planted,4.072463768115942,0.1835822016666667,12,"months [1, 2, 3, 4, 5, 6, 7, 8, 9, 10, 11, 12] (researched, unverified)"
VN.ADM1.00024,maize_corn,2002,57400.0,13900.0,planted,4.129496402877698,0.17869696933333334,12,"months [1, 2, 3, 4, 5, 6, 7, 8, 9, 10, 11, 12] (researched, unverified)"
VN.ADM1.00024,maize_corn,2003,61700.0,15000.0,planted,4.113333333333333,0.19565729416666666,12,"months [1, 2, 3, 4, 5, 6, 7, 8, 9, 10, 11, 12] (researched, unverified)"
VN.ADM1.00024,maize_corn,2004,74100.0,17600.0,planted,4.2102272727272725,0.17014926533333333,12,"months [1, 2, 3, 4, 5, 6, 7, 8, 9, 10, 11, 12] (researched, unverified)"
VN.ADM1.00024,maize_corn,2005,79800.0,18400.0,planted,4.336956521739131,0.18624503708333331,12,"months [1, 2, 3, 4, 5, 6, 7, 8, 9, 10, 11, 12] (researched, unverified)"
VN.ADM1.00024,maize_corn,2006,70200.0,17700.0,planted,3.9661016949152543,0.18138968958333335,12,"months [1, 2, 3, 4, 5, 6, 7, 8, 9, 10, 11, 12] (researched, unverified)"
VN.ADM1.00024,maize_corn,2007,89000.0,19100.0,planted,4.659685863874346,0.1911555455,12,"months [1, 2, 3, 4, 5, 6, 7, 8, 9, 10, 11, 12] (researched, unverified)"
VN.ADM1.00024,maize_corn,2008,94900.0,20700.0,planted,4.584541062801932,0.18795007583333334,12,"months [1, 2, 3, 4, 5, 6, 7, 8, 9, 10, 11, 12] (researched, unverified)"
VN.ADM1.00024,maize_corn,2009,93400.0,20200.0,planted,4.623762376237623,0.20173177408333334,12,"months [1, 2, 3, 4, 5, 6, 7, 8, 9, 10, 11, 12] (researched, unverified)"
VN.ADM1.00024,maize_corn,2010,97200.0,20200.0,planted,4.811881188118812,0.19680275449999998,12,"months [1, 2, 3, 4, 5, 6, 7, 8, 9, 10, 11, 12] (researched, unverified)"
VN.ADM1.00024,maize_corn,2011,100700.0,20900.0,planted,4.818181818181818,0.18743811191666668,12,"months [1, 2, 3, 4, 5, 6, 7, 8, 9, 10, 11, 12] (researched, unverified)"
VN.ADM1.00024,maize_corn,2012,103800.0,21800.0,planted,4.761467889908257,0.18268562224999998,12,"months [1, 2, 3, 4, 5, 6, 7, 8, 9, 10, 11, 12] (researched, unverified)"
VN.ADM1.00024,maize_corn,2013,105400.0,22000.0,planted,4.790909090909091,0.19260188725000002,12,"months [1, 2, 3, 4, 5, 6, 7, 8, 9, 10, 11, 12] (researched, unverified)"
VN.ADM1.00024,maize_corn,2014,98400.0,21600.0,planted,4.555555555555555,0.19261102916666664,12,"months [1, 2, 3, 4, 5, 6, 7, 8, 9, 10, 11, 12] (researched, unverified)"
VN.ADM1.00024,maize_corn,2015,104400.0,22100.0,planted,4.723981900452489,0.20776869125,12,"months [1, 2, 3, 4, 5, 6, 7, 8, 9, 10, 11, 12] (researched, unverified)"
VN.ADM1.00024,maize_corn,2016,108200.0,22200.0,planted,4.873873873873874,0.20690945833333332,12,"months [1, 2, 3, 4, 5, 6, 7, 8, 9, 10, 11, 12] (researched, unverified)"
VN.ADM1.00025,maize_corn,2001,8900.0,1900.0,planted,4.684210526315789,0.13262774166666666,12,"months [1, 2, 3, 4, 5, 6, 7, 8, 9, 10, 11, 12] (researched, unverified)"
VN.ADM1.00025,maize_corn,2002,5200.0,1300.0,planted,4.0,0.13054299258333332,12,"months [1, 2, 3, 4, 5, 6, 7, 8, 9, 10, 11, 12] (researched, unverified)"
VN.ADM1.00025,maize_corn,2003,10800.0,2400.0,planted,4.5,0.14385937575,12,"months [1, 2, 3, 4, 5, 6, 7, 8, 9, 10, 11, 12] (researched, unverified)"
VN.ADM1.00025,maize_corn,2004,10000.0,2200.0,planted,4.545454545454546,0.14446071133333335,12,"months [1, 2, 3, 4, 5, 6, 7, 8, 9, 10, 11, 12] (researched, unverified)"
VN.ADM1.00025,maize_corn,2005,14500.0,3200.0,planted,4.53125,0.13031050675,12,"months [1, 2, 3, 4, 5, 6, 7, 8, 9, 10, 11, 12] (researched, unverified)"
VN.ADM1.00025,maize_corn,2006,22300.0,4600.0,planted,4.8478260869565215,0.14866651533333333,12,"months [1, 2, 3, 4, 5, 6, 7, 8, 9, 10, 11, 12] (researched, unverified)"
VN.ADM1.00025,maize_corn,2007,26600.0,4600.0,planted,5.782608695652174,0.15010163033333332,12,"months [1, 2, 3, 4, 5, 6, 7, 8, 9, 10, 11, 12] (researched, unverified)"
VN.ADM1.00025,maize_corn,2008,27600.0,5100.0,planted,5.411764705882353,0.13979672533333334,12,"months [1, 2, 3, 4, 5, 6, 7, 8, 9, 10, 11, 12] (researched, unverified)"
VN.ADM1.00025,maize_corn,2009,19500.0,4000.0,planted,4.875,0.15335580125,12,"months [1, 2, 3, 4, 5, 6, 7, 8, 9, 10, 11, 12] (researched, unverified)"
VN.ADM1.00025,maize_corn,2010,28500.0,5200.0,planted,5.480769230769231,0.14684229875000002,12,"months [1, 2, 3, 4, 5, 6, 7, 8, 9, 10, 11, 12] (researched, unverified)"
VN.ADM1.00025,maize_corn,2011,25900.0,4900.0,planted,5.285714285714286,0.14725729208333335,12,"months [1, 2, 3, 4, 5, 6, 7, 8, 9, 10, 11, 12] (researched, unverified)"
VN.ADM1.00025,maize_corn,2012,23800.0,4000.0,planted,5.95,0.16664205,12,"months [1, 2, 3, 4, 5, 6, 7, 8, 9, 10, 11, 12] (researched, unverified)"
VN.ADM1.00025,maize_corn,2013,22400.0,3900.0,planted,5.743589743589744,0.16525570833333333,12,"months [1, 2, 3, 4, 5, 6, 7, 8, 9, 10, 11, 12] (researched, unverified)"
VN.ADM1.00025,maize_corn,2014,29200.0,4200.0,planted,6.9523809523809526,0.17426247575,12,"months [1, 2, 3, 4, 5, 6, 7, 8, 9, 10, 11, 12] (researched, unverified)"
VN.ADM1.00025,maize_corn,2015,29000.0,4200.0,planted,6.904761904761905,0.17760359208333334,12,"months [1, 2, 3, 4, 5, 6, 7, 8, 9, 10, 11, 12] (researched, unverified)"
VN.ADM1.00025,maize_corn,2016,11700.0,2400.0,planted,4.875,0.16610839208333333,12,"months [1, 2, 3, 4, 5, 6, 7, 8, 9, 10, 11, 12] (researched, unverified)"
VN.ADM1.00027,maize_corn,2001,96300.0,36300.0,planted,2.652892561983471,0.19088347616666668,12,"months [1, 2, 3, 4, 5, 6, 7, 8, 9, 10, 11, 12] (researched, unverified)"
VN.ADM1.00027,maize_corn,2002,106500.0,37900.0,planted,2.8100263852242744,0.1922815775,12,"months [1, 2, 3, 4, 5, 6, 7, 8, 9, 10, 11, 12] (researched, unverified)"
VN.ADM1.00027,maize_corn,2003,152600.0,49800.0,planted,3.0642570281124497,0.19091757399999998,12,"months [1, 2, 3, 4, 5, 6, 7, 8, 9, 10, 11, 12] (researched, unverified)"
VN.ADM1.00027,maize_corn,2004,245900.0,69400.0,planted,3.543227665706052,0.17460077083333334,12,"months [1, 2, 3, 4, 5, 6, 7, 8, 9, 10, 11, 12] (researched, unverified)"
VN.ADM1.00027,maize_corn,2005,251300.0,75500.0,planted,3.328476821192053,0.16414500408333332,12,"months [1, 2, 3, 4, 5, 6, 7, 8, 9, 10, 11, 12] (researched, unverified)"
VN.ADM1.00027,maize_corn,2006,251500.0,74900.0,planted,3.35781041388518,0.18305124408333331,12,"months [1, 2, 3, 4, 5, 6, 7, 8, 9, 10, 11, 12] (researched, unverified)"
VN.ADM1.00027,maize_corn,2007,231300.0,68200.0,planted,3.3914956011730206,0.17492821916666668,12,"months [1, 2, 3, 4, 5, 6, 7, 8, 9, 10, 11, 12] (researched, unverified)"
VN.ADM1.00027,maize_corn,2008,247700.0,71200.0,planted,3.478932584269663,0.17918969908333335,12,"months [1, 2, 3, 4, 5, 6, 7, 8, 9, 10, 11, 12] (researched, unverified)"
VN.ADM1.00027,maize_corn,2009,205000.0,60500.0,planted,3.3884297520661155,0.19247038791666668,12,"months [1, 2, 3, 4, 5, 6, 7, 8, 9, 10, 11, 12] (researched, unverified)"
VN.ADM1.00027,maize_corn,2010,262400.0,71000.0,planted,3.695774647887324,0.17063093291666667,12,"months [1, 2, 3, 4, 5, 6, 7, 8, 9, 10, 11, 12] (researched, unverified)"
VN.ADM1.00027,maize_corn,2011,236400.0,66600.0,planted,3.5495495495495497,0.1624392145,12,"months [1, 2, 3, 4, 5, 6, 7, 8, 9, 10, 11, 12] (researched, unverified)"
VN.ADM1.00027,maize_corn,2012,219200.0,62200.0,planted,3.5241157556270095,0.19089727541666668,12,"months [1, 2, 3, 4, 5, 6, 7, 8, 9, 10, 11, 12] (researched, unverified)"
VN.ADM1.00027,maize_corn,2013,257300.0,63900.0,planted,4.02660406885759,0.18334862625,12,"months [1, 2, 3, 4, 5, 6, 7, 8, 9, 10, 11, 12] (researched, unverified)"
VN.ADM1.00027,maize_corn,2014,218000.0,64000.0,planted,3.40625,0.18939540333333335,12,"months [1, 2, 3, 4, 5, 6, 7, 8, 9, 10, 11, 12] (researched, unverified)"
VN.ADM1.00027,maize_corn,2015,267700.0,67600.0,planted,3.960059171597633,0.19048466216666668,12,"months [1, 2, 3, 4, 5, 6, 7, 8, 9, 10, 11, 12] (researched, unverified)"
VN.ADM1.00027,maize_corn,2016,285600.0,68300.0,planted,4.181551976573939,0.18532814916666665,12,"months [1, 2, 3, 4, 5, 6, 7, 8, 9, 10, 11, 12] (researched, unverified)"
VN.ADM1.00028,maize_corn,2001,43400.0,12100.0,planted,3.5867768595041323,0.19041820666666665,12,"months [1, 2, 3, 4, 5, 6, 7, 8, 9, 10, 11, 12] (researched, unverified)"
VN.ADM1.00028,maize_corn,2002,53600.0,14300.0,planted,3.7482517482517483,0.17546430416666667,12,"months [1, 2, 3, 4, 5, 6, 7, 8, 9, 10, 11, 12] (researched, unverified)"
VN.ADM1.00028,maize_corn,2003,62500.0,15300.0,planted,4.084967320261438,0.18207507416666668,12,"months [1, 2, 3, 4, 5, 6, 7, 8, 9, 10, 11, 12] (researched, unverified)"
VN.ADM1.00028,maize_corn,2004,70900.0,16700.0,planted,4.245508982035928,0.16288957883333335,12,"months [1, 2, 3, 4, 5, 6, 7, 8, 9, 10, 11, 12] (researched, unverified)"
VN.ADM1.00028,maize_corn,2005,80200.0,17400.0,planted,4.609195402298851,0.16114367316666667,12,"months [1, 2, 3, 4, 5, 6, 7, 8, 9, 10, 11, 12] (researched, unverified)"
VN.ADM1.00028,maize_corn,2006,86900.0,18000.0,planted,4.8277777777777775,0.18010263166666665,12,"months [1, 2, 3, 4, 5, 6, 7, 8, 9, 10, 11, 12] (researched, unverified)"
VN.ADM1.00028,maize_corn,2007,91700.0,18400.0,planted,4.983695652173913,0.1773288709166667,12,"months [1, 2, 3, 4, 5, 6, 7, 8, 9, 10, 11, 12] (researched, unverified)"
VN.ADM1.00028,maize_corn,2008,95400.0,18800.0,planted,5.074468085106383,0.17223569233333333,12,"months [1, 2, 3, 4, 5, 6, 7, 8, 9, 10, 11, 12] (researched, unverified)"
VN.ADM1.00028,maize_corn,2009,88700.0,18700.0,planted,4.74331550802139,0.18429782833333333,12,"months [1, 2, 3, 4, 5, 6, 7, 8, 9, 10, 11, 12] (researched, unverified)"
VN.ADM1.00028,maize_corn,2010,92200.0,18100.0,planted,5.093922651933702,0.17757186,12,"months [1, 2, 3, 4, 5, 6, 7, 8, 9, 10, 11, 12] (researched, unverified)"
VN.ADM1.00028,maize_corn,2011,96300.0,18200.0,planted,5.291208791208791,0.1618199175,12,"months [1, 2, 3, 4, 5, 6, 7, 8, 9, 10, 11, 12] (researched, unverified)"
VN.ADM1.00028,maize_corn,2012,101300.0,18900.0,planted,5.35978835978836,0.197258925,12,"months [1, 2, 3, 4, 5, 6, 7, 8, 9, 10, 11, 12] (researched, unverified)"
VN.ADM1.00028,maize_corn,2013,103400.0,19000.0,planted,5.442105263157894,0.18310069916666669,12,"months [1, 2, 3, 4, 5, 6, 7, 8, 9, 10, 11, 12] (researched, unverified)"
VN.ADM1.00028,maize_corn,2014,104100.0,18800.0,planted,5.537234042553192,0.18395456391666665,12,"months [1, 2, 3, 4, 5, 6, 7, 8, 9, 10, 11, 12] (researched, unverified)"
VN.ADM1.00028,maize_corn,2015,106100.0,18900.0,planted,5.613756613756614,0.19964170783333335,12,"months [1, 2, 3, 4, 5, 6, 7, 8, 9, 10, 11, 12] (researched, unverified)"
VN.ADM1.00028,maize_corn,2016,108200.0,18800.0,planted,5.75531914893617,0.18942691925,12,"months [1, 2, 3, 4, 5, 6, 7, 8, 9, 10, 11, 12] (researched, unverified)"
VN.ADM1.00029,maize_corn,2001,10800.0,10100.0,planted,1.0693069306930694,0.2195786825,12,"months [1, 2, 3, 4, 5, 6, 7, 8, 9, 10, 11, 12] (researched, unverified)"
VN.ADM1.00029,maize_corn,2002,9200.0,10300.0,planted,0.8932038834951457,0.2017567625,12,"months [1, 2, 3, 4, 5, 6, 7, 8, 9, 10, 11, 12] (researched, unverified)"
VN.ADM1.00029,maize_corn,2003,17300.0,10700.0,planted,1.6168224299065421,0.21545600458333333,12,"months [1, 2, 3, 4, 5, 6, 7, 8, 9, 10, 11, 12] (researched, unverified)"
VN.ADM1.00029,maize_corn,2004,18500.0,10800.0,planted,1.712962962962963,0.1981444725,12,"months [1, 2, 3, 4, 5, 6, 7, 8, 9, 10, 11, 12] (researched, unverified)"
VN.ADM1.00029,maize_corn,2005,20500.0,11400.0,planted,1.7982456140350878,0.17450207333333334,12,"months [1, 2, 3, 4, 5, 6, 7, 8, 9, 10, 11, 12] (researched, unverified)"
VN.ADM1.00029,maize_corn,2006,26000.0,12500.0,planted,2.08,0.21497832833333333,12,"months [1, 2, 3, 4, 5, 6, 7, 8, 9, 10, 11, 12] (researched, unverified)"
VN.ADM1.00029,maize_corn,2007,26800.0,11700.0,planted,2.2905982905982905,0.204337055,12,"months [1, 2, 3, 4, 5, 6, 7, 8, 9, 10, 11, 12] (researched, unverified)"
VN.ADM1.00029,maize_corn,2008,27900.0,12100.0,planted,2.3057851239669422,0.20919260333333334,12,"months [1, 2, 3, 4, 5, 6, 7, 8, 9, 10, 11, 12] (researched, unverified)"
VN.ADM1.00029,maize_corn,2009,27200.0,12600.0,planted,2.1587301587301586,0.21807153333333332,12,"months [1, 2, 3, 4, 5, 6, 7, 8, 9, 10, 11, 12] (researched, unverified)"
VN.ADM1.00029,maize_corn,2010,29300.0,12900.0,planted,2.2713178294573644,0.21028617866666666,12,"months [1, 2, 3, 4, 5, 6, 7, 8, 9, 10, 11, 12] (researched, unverified)"
VN.ADM1.00029,maize_corn,2011,34300.0,12900.0,planted,2.6589147286821704,0.20154661833333334,12,"months [1, 2, 3, 4, 5, 6, 7, 8, 9, 10, 11, 12] (researched, unverified)"
VN.ADM1.00029,maize_corn,2012,36800.0,12600.0,planted,2.9206349206349205,0.22235650250000003,12,"months [1, 2, 3, 4, 5, 6, 7, 8, 9, 10, 11, 12] (researched, unverified)"
VN.ADM1.00029,maize_corn,2013,37300.0,13000.0,planted,2.8692307692307693,0.21497165083333333,12,"months [1, 2, 3, 4, 5, 6, 7, 8, 9, 10, 11, 12] (researched, unverified)"
VN.ADM1.00029,maize_corn,2014,36900.0,12900.0,planted,2.86046511627907,0.19100352833333334,12,"months [1, 2, 3, 4, 5, 6, 7, 8, 9, 10, 11, 12] (researched, unverified)"
VN.ADM1.00029,maize_corn,2015,36700.0,12000.0,planted,3.058333333333333,0.20377995583333333,12,"months [1, 2, 3, 4, 5, 6, 7, 8, 9, 10, 11, 12] (researched, unverified)"
VN.ADM1.00029,maize_corn,2016,37200.0,12200.0,planted,3.0491803278688523,0.2044602786666667,12,"months [1, 2, 3, 4, 5, 6, 7, 8, 9, 10, 11, 12] (researched, unverified)"
VN.ADM1.00030,maize_corn,2001,38000.0,10100.0,planted,3.762376237623762,0.2514746233333333,12,"months [1, 2, 3, 4, 5, 6, 7, 8, 9, 10, 11, 12] (researched, unverified)"
VN.ADM1.00030,maize_corn,2002,39200.0,10600.0,planted,3.69811320754717,0.22960972166666668,12,"months [1, 2, 3, 4, 5, 6, 7, 8, 9, 10, 11, 12] (researched, unverified)"
VN.ADM1.00030,maize_corn,2003,46300.0,11400.0,planted,4.06140350877193,0.24739931,12,"months [1, 2, 3, 4, 5, 6, 7, 8, 9, 10, 11, 12] (researched, unverified)"
VN.ADM1.00030,maize_corn,2004,47500.0,11500.0,planted,4.130434782608695,0.221937615,12,"months [1, 2, 3, 4, 5, 6, 7, 8, 9, 10, 11, 12] (researched, unverified)"
VN.ADM1.00030,maize_corn,2005,48000.0,11300.0,planted,4.247787610619469,0.21460996624999998,12,"months [1, 2, 3, 4, 5, 6, 7, 8, 9, 10, 11, 12] (researched, unverified)"
VN.ADM1.00030,maize_corn,2006,53000.0,12400.0,planted,4.274193548387097,0.23767319458333333,12,"months [1, 2, 3, 4, 5, 6, 7, 8, 9, 10, 11, 12] (researched, unverified)"
VN.ADM1.00030,maize_corn,2007,55800.0,12500.0,planted,4.464,0.23023251416666668,12,"months [1, 2, 3, 4, 5, 6, 7, 8, 9, 10, 11, 12] (researched, unverified)"
VN.ADM1.00030,maize_corn,2008,58800.0,13200.0,planted,4.454545454545454,0.22688050875,12,"months [1, 2, 3, 4, 5, 6, 7, 8, 9, 10, 11, 12] (researched, unverified)"
VN.ADM1.00030,maize_corn,2009,55000.0,13400.0,planted,4.104477611940299,0.23933060416666666,12,"months [1, 2, 3, 4, 5, 6, 7, 8, 9, 10, 11, 12] (researched, unverified)"
VN.ADM1.00030,maize_corn,2010,60400.0,13900.0,planted,4.345323741007194,0.24211617633333335,12,"months [1, 2, 3, 4, 5, 6, 7, 8, 9, 10, 11, 12] (researched, unverified)"
VN.ADM1.00030,maize_corn,2011,60100.0,13900.0,planted,4.323741007194244,0.20568534875,12,"months [1, 2, 3, 4, 5, 6, 7, 8, 9, 10, 11, 12] (researched, unverified)"
VN.ADM1.00030,maize_corn,2012,62100.0,14000.0,planted,4.435714285714286,0.25150212083333334,12,"months [1, 2, 3, 4, 5, 6, 7, 8, 9, 10, 11, 12] (researched, unverified)"
VN.ADM1.00030,maize_corn,2013,58500.0,13200.0,planted,4.431818181818182,0.23338388833333334,12,"months [1, 2, 3, 4, 5, 6, 7, 8, 9, 10, 11, 12] (researched, unverified)"
VN.ADM1.00030,maize_corn,2014,61700.0,13800.0,planted,4.471014492753623,0.23635011333333333,12,"months [1, 2, 3, 4, 5, 6, 7, 8, 9, 10, 11, 12] (researched, unverified)"
VN.ADM1.00030,maize_corn,2015,59500.0,13500.0,planted,4.407407407407407,0.26335029791666664,12,"months [1, 2, 3, 4, 5, 6, 7, 8, 9, 10, 11, 12] (researched, unverified)"
VN.ADM1.00030,maize_corn,2016,60800.0,13100.0,planted,4.641221374045801,0.234520115,12,"months [1, 2, 3, 4, 5, 6, 7, 8, 9, 10, 11, 12] (researched, unverified)"
VN.ADM1.00032,maize_corn,2001,151600.0,55200.0,planted,2.746376811594203,0.20861448333333332,12,"months [1, 2, 3, 4, 5, 6, 7, 8, 9, 10, 11, 12] (researched, unverified)"
VN.ADM1.00032,maize_corn,2002,196100.0,64900.0,planted,3.021571648690293,0.20102707791666666,12,"months [1, 2, 3, 4, 5, 6, 7, 8, 9, 10, 11, 12] (researched, unverified)"
VN.ADM1.00032,maize_corn,2003,200900.0,64600.0,planted,3.109907120743034,0.21550980116666665,12,"months [1, 2, 3, 4, 5, 6, 7, 8, 9, 10, 11, 12] (researched, unverified)"
VN.ADM1.00032,maize_corn,2004,217800.0,68200.0,planted,3.193548387096774,0.19365880591666665,12,"months [1, 2, 3, 4, 5, 6, 7, 8, 9, 10, 11, 12] (researched, unverified)"
VN.ADM1.00032,maize_corn,2005,228000.0,80900.0,planted,2.818294190358467,0.1889210395833333,12,"months [1, 2, 3, 4, 5, 6, 7, 8, 9, 10, 11, 12] (researched, unverified)"
VN.ADM1.00032,maize_corn,2006,269000.0,82400.0,planted,3.2645631067961167,0.19605592666666669,12,"months [1, 2, 3, 4, 5, 6, 7, 8, 9, 10, 11, 12] (researched, unverified)"
VN.ADM1.00032,maize_corn,2007,444000.0,117800.0,planted,3.769100169779287,0.19516438133333333,12,"months [1, 2, 3, 4, 5, 6, 7, 8, 9, 10, 11, 12] (researched, unverified)"
VN.ADM1.00032,maize_corn,2008,503500.0,132300.0,planted,3.8057445200302342,0.19831799733333333,12,"months [1, 2, 3, 4, 5, 6, 7, 8, 9, 10, 11, 12] (researched, unverified)"
VN.ADM1.00032,maize_corn,2009,514200.0,132100.0,planted,3.8925056775170326,0.19599528508333333,12,"months [1, 2, 3, 4, 5, 6, 7, 8, 9, 10, 11, 12] (researched, unverified)"
VN.ADM1.00032,maize_corn,2010,417400.0,132700.0,planted,3.145440844009043,0.191084311,12,"months [1, 2, 3, 4, 5, 6, 7, 8, 9, 10, 11, 12] (researched, unverified)"
VN.ADM1.00032,maize_corn,2011,506700.0,127500.0,planted,3.9741176470588235,0.18013496399999998,12,"months [1, 2, 3, 4, 5, 6, 7, 8, 9, 10, 11, 12] (researched, unverified)"
VN.ADM1.00032,maize_corn,2012,667300.0,168700.0,planted,3.955542382928275,0.1862439259166667,12,"months [1, 2, 3, 4, 5, 6, 7, 8, 9, 10, 11, 12] (researched, unverified)"
VN.ADM1.00032,maize_corn,2013,654700.0,162800.0,planted,4.021498771498772,0.19087081333333333,12,"months [1, 2, 3, 4, 5, 6, 7, 8, 9, 10, 11, 12] (researched, unverified)"
VN.ADM1.00032,maize_corn,2014,657700.0,162500.0,planted,4.047384615384615,0.19633434333333333,12,"months [1, 2, 3, 4, 5, 6, 7, 8, 9, 10, 11, 12] (researched, unverified)"
VN.ADM1.00032,maize_corn,2015,588700.0,159900.0,planted,3.681676047529706,0.19931594500000002,12,"months [1, 2, 3, 4, 5, 6, 7, 8, 9, 10, 11, 12] (researched, unverified)"
VN.ADM1.00032,maize_corn,2016,598600.0,152400.0,planted,3.9278215223097113,0.19674757075000002,12,"months [1, 2, 3, 4, 5, 6, 7, 8, 9, 10, 11, 12] (researched, unverified)"
VN.ADM1.00033,maize_corn,2001,19700.0,7900.0,planted,2.4936708860759493,0.26764358250000003,12,"months [1, 2, 3, 4, 5, 6, 7, 8, 9, 10, 11, 12] (researched, unverified)"
VN.ADM1.00033,maize_corn,2002,21200.0,8100.0,planted,2.617283950617284,0.2458584475,12,"months [1, 2, 3, 4, 5, 6, 7, 8, 9, 10, 11, 12] (researched, unverified)"
VN.ADM1.00033,maize_corn,2003,24900.0,8900.0,planted,2.797752808988764,0.2570409125,12,"months [1, 2, 3, 4, 5, 6, 7, 8, 9, 10, 11, 12] (researched, unverified)"
VN.ADM1.00033,maize_corn,2004,23100.0,8200.0,planted,2.817073170731707,0.2292697925,12,"months [1, 2, 3, 4, 5, 6, 7, 8, 9, 10, 11, 12] (researched, unverified)"
VN.ADM1.00033,maize_corn,2005,26200.0,8600.0,planted,3.046511627906977,0.21978765583333335,12,"months [1, 2, 3, 4, 5, 6, 7, 8, 9, 10, 11, 12] (researched, unverified)"
VN.ADM1.00033,maize_corn,2006,23400.0,7800.0,planted,3.0,0.24574867583333335,12,"months [1, 2, 3, 4, 5, 6, 7, 8, 9, 10, 11, 12] (researched, unverified)"
VN.ADM1.00033,maize_corn,2007,21600.0,6900.0,planted,3.130434782608696,0.2394263925,12,"months [1, 2, 3, 4, 5, 6, 7, 8, 9, 10, 11, 12] (researched, unverified)"
VN.ADM1.00033,maize_corn,2008,19500.0,6200.0,planted,3.1451612903225805,0.24371051583333334,12,"months [1, 2, 3, 4, 5, 6, 7, 8, 9, 10, 11, 12] (researched, unverified)"
VN.ADM1.00033,maize_corn,2009,24500.0,7900.0,planted,3.1012658227848102,0.25882472916666666,12,"months [1, 2, 3, 4, 5, 6, 7, 8, 9, 10, 11, 12] (researched, unverified)"
VN.ADM1.00033,maize_corn,2010,22200.0,7200.0,planted,3.0833333333333335,0.257999465,12,"months [1, 2, 3, 4, 5, 6, 7, 8, 9, 10, 11, 12] (researched, unverified)"
VN.ADM1.00033,maize_corn,2011,17700.0,5800.0,planted,3.0517241379310347,0.24620750416666667,12,"months [1, 2, 3, 4, 5, 6, 7, 8, 9, 10, 11, 12] (researched, unverified)"
VN.ADM1.00033,maize_corn,2012,19700.0,5900.0,planted,3.3389830508474576,0.27678657749999996,12,"months [1, 2, 3, 4, 5, 6, 7, 8, 9, 10, 11, 12] (researched, unverified)"
VN.ADM1.00033,maize_corn,2013,20200.0,5700.0,planted,3.543859649122807,0.26365378833333336,12,"months [1, 2, 3, 4, 5, 6, 7, 8, 9, 10, 11, 12] (researched, unverified)"
VN.ADM1.00033,maize_corn,2014,19100.0,5300.0,planted,3.6037735849056602,0.2589798616666667,12,"months [1, 2, 3, 4, 5, 6, 7, 8, 9, 10, 11, 12] (researched, unverified)"
VN.ADM1.00033,maize_corn,2015,19400.0,5300.0,planted,3.660377358490566,0.28221342833333335,12,"months [1, 2, 3, 4, 5, 6, 7, 8, 9, 10, 11, 12] (researched, unverified)"
VN.ADM1.00033,maize_corn,2016,18000.0,4900.0,planted,3.673469387755102,0.263640485,12,"months [1, 2, 3, 4, 5, 6, 7, 8, 9, 10, 11, 12] (researched, unverified)"
VN.ADM1.00034,maize_corn,2001,28900.0,7400.0,planted,3.9054054054054053,0.20826240666666665,12,"months [1, 2, 3, 4, 5, 6, 7, 8, 9, 10, 11, 12] (researched, unverified)"
VN.ADM1.00034,maize_corn,2002,28900.0,6800.0,planted,4.25,0.19934641416666665,12,"months [1, 2, 3, 4, 5, 6, 7, 8, 9, 10, 11, 12] (researched, unverified)"
VN.ADM1.00034,maize_corn,2003,34100.0,8100.0,planted,4.209876543209877,0.20573462750000002,12,"months [1, 2, 3, 4, 5, 6, 7, 8, 9, 10, 11, 12] (researched, unverified)"
VN.ADM1.00034,maize_corn,2004,29400.0,6700.0,planted,4.388059701492537,0.198064345,12,"months [1, 2, 3, 4, 5, 6, 7, 8, 9, 10, 11, 12] (researched, unverified)"
VN.ADM1.00034,maize_corn,2005,36700.0,7900.0,planted,4.6455696202531644,0.18573223625000002,12,"months [1, 2, 3, 4, 5, 6, 7, 8, 9, 10, 11, 12] (researched, unverified)"
VN.ADM1.00034,maize_corn,2006,35000.0,7800.0,planted,4.487179487179487,0.20834624166666668,12,"months [1, 2, 3, 4, 5, 6, 7, 8, 9, 10, 11, 12] (researched, unverified)"
VN.ADM1.00034,maize_corn,2007,33700.0,7100.0,planted,4.746478873239437,0.206269735,12,"months [1, 2, 3, 4, 5, 6, 7, 8, 9, 10, 11, 12] (researched, unverified)"
VN.ADM1.00034,maize_corn,2008,30900.0,6300.0,planted,4.904761904761905,0.211192515,12,"months [1, 2, 3, 4, 5, 6, 7, 8, 9, 10, 11, 12] (researched, unverified)"
VN.ADM1.00034,maize_corn,2009,35800.0,7300.0,planted,4.904109589041096,0.212435695,12,"months [1, 2, 3, 4, 5, 6, 7, 8, 9, 10, 11, 12] (researched, unverified)"
VN.ADM1.00034,maize_corn,2010,30000.0,5900.0,planted,5.084745762711864,0.22345232583333333,12,"months [1, 2, 3, 4, 5, 6, 7, 8, 9, 10, 11, 12] (researched, unverified)"
VN.ADM1.00034,maize_corn,2011,26100.0,5200.0,planted,5.019230769230769,0.22747259833333333,12,"months [1, 2, 3, 4, 5, 6, 7, 8, 9, 10, 11, 12] (researched, unverified)"
VN.ADM1.00034,maize_corn,2012,26300.0,5200.0,planted,5.0576923076923075,0.23440436583333332,12,"months [1, 2, 3, 4, 5, 6, 7, 8, 9, 10, 11, 12] (researched, unverified)"
VN.ADM1.00034,maize_corn,2013,27000.0,5100.0,planted,5.294117647058823,0.22890211416666664,12,"months [1, 2, 3, 4, 5, 6, 7, 8, 9, 10, 11, 12] (researched, unverified)"
VN.ADM1.00034,maize_corn,2014,27700.0,5200.0,planted,5.326923076923077,0.23458887750000001,12,"months [1, 2, 3, 4, 5, 6, 7, 8, 9, 10, 11, 12] (researched, unverified)"
VN.ADM1.00034,maize_corn,2015,27600.0,5000.0,planted,5.52,0.24145340083333333,12,"months [1, 2, 3, 4, 5, 6, 7, 8, 9, 10, 11, 12] (researched, unverified)"
VN.ADM1.00034,maize_corn,2016,24500.0,4400.0,planted,5.568181818181818,0.2361957583333333,12,"months [1, 2, 3, 4, 5, 6, 7, 8, 9, 10, 11, 12] (researched, unverified)"
VN.ADM1.00036,maize_corn,2001,140000.0,44300.0,planted,3.160270880361174,0.18763929175000002,12,"months [1, 2, 3, 4, 5, 6, 7, 8, 9, 10, 11, 12] (researched, unverified)"
VN.ADM1.00036,maize_corn,2002,155600.0,49500.0,planted,3.1434343434343432,0.189363198,12,"months [1, 2, 3, 4, 5, 6, 7, 8, 9, 10, 11, 12] (researched, unverified)"
VN.ADM1.00036,maize_corn,2003,188400.0,54100.0,planted,3.4824399260628467,0.19597830841666666,12,"months [1, 2, 3, 4, 5, 6, 7, 8, 9, 10, 11, 12] (researched, unverified)"
VN.ADM1.00036,maize_corn,2004,245900.0,63700.0,planted,3.8602825745682887,0.17849136833333334,12,"months [1, 2, 3, 4, 5, 6, 7, 8, 9, 10, 11, 12] (researched, unverified)"
VN.ADM1.00036,maize_corn,2005,244200.0,65300.0,planted,3.7396630934150075,0.16657797283333334,12,"months [1, 2, 3, 4, 5, 6, 7, 8, 9, 10, 11, 12] (researched, unverified)"
VN.ADM1.00036,maize_corn,2006,233000.0,63800.0,planted,3.652037617554859,0.18486913500000002,12,"months [1, 2, 3, 4, 5, 6, 7, 8, 9, 10, 11, 12] (researched, unverified)"
VN.ADM1.00036,maize_corn,2007,234500.0,59400.0,planted,3.9478114478114477,0.18181539624999998,12,"months [1, 2, 3, 4, 5, 6, 7, 8, 9, 10, 11, 12] (researched, unverified)"
VN.ADM1.00036,maize_corn,2008,231400.0,60700.0,planted,3.812191103789127,0.18621753658333332,12,"months [1, 2, 3, 4, 5, 6, 7, 8, 9, 10, 11, 12] (researched, unverified)"
VN.ADM1.00036,maize_corn,2009,207800.0,53700.0,planted,3.8696461824953445,0.19134876833333334,12,"months [1, 2, 3, 4, 5, 6, 7, 8, 9, 10, 11, 12] (researched, unverified)"
VN.ADM1.00036,maize_corn,2010,215900.0,54400.0,planted,3.96875,0.17733759741666666,12,"months [1, 2, 3, 4, 5, 6, 7, 8, 9, 10, 11, 12] (researched, unverified)"
VN.ADM1.00036,maize_corn,2011,214000.0,52800.0,planted,4.053030303030303,0.16807521908333334,12,"months [1, 2, 3, 4, 5, 6, 7, 8, 9, 10, 11, 12] (researched, unverified)"
VN.ADM1.00036,maize_corn,2012,199600.0,49100.0,planted,4.065173116089613,0.1868870106666667,12,"months [1, 2, 3, 4, 5, 6, 7, 8, 9, 10, 11, 12] (researched, unverified)"
VN.ADM1.00036,maize_corn,2013,218500.0,52000.0,planted,4.201923076923077,0.18170385600000002,12,"months [1, 2, 3, 4, 5, 6, 7, 8, 9, 10, 11, 12] (researched, unverified)"
VN.ADM1.00036,maize_corn,2014,221300.0,54700.0,planted,4.045703839122487,0.19240227666666665,12,"months [1, 2, 3, 4, 5, 6, 7, 8, 9, 10, 11, 12] (researched, unverified)"
VN.ADM1.00036,maize_corn,2015,245500.0,56800.0,planted,4.322183098591549,0.19922221466666667,12,"months [1, 2, 3, 4, 5, 6, 7, 8, 9, 10, 11, 12] (researched, unverified)"
VN.ADM1.00036,maize_corn,2016,233000.0,52900.0,planted,4.404536862003781,0.19278816416666666,12,"months [1, 2, 3, 4, 5, 6, 7, 8, 9, 10, 11, 12] (researched, unverified)"
VN.ADM1.00037,maize_corn,2001,71400.0,23900.0,planted,2.98744769874477,0.2463718425,12,"months [1, 2, 3, 4, 5, 6, 7, 8, 9, 10, 11, 12] (researched, unverified)"
VN.ADM1.00037,maize_corn,2002,82100.0,25900.0,planted,3.16988416988417,0.21117711833333333,12,"months [1, 2, 3, 4, 5, 6, 7, 8, 9, 10, 11, 12] (researched, unverified)"
VN.ADM1.00037,maize_corn,2003,113100.0,28600.0,planted,3.9545454545454546,0.22241615166666664,12,"months [1, 2, 3, 4, 5, 6, 7, 8, 9, 10, 11, 12] (researched, unverified)"
VN.ADM1.00037,maize_corn,2004,115600.0,31400.0,planted,3.6815286624203822,0.2130339325,12,"months [1, 2, 3, 4, 5, 6, 7, 8, 9, 10, 11, 12] (researched, unverified)"
VN.ADM1.00037,maize_corn,2005,129900.0,35900.0,planted,3.618384401114206,0.18260831166666666,12,"months [1, 2, 3, 4, 5, 6, 7, 8, 9, 10, 11, 12] (researched, unverified)"
VN.ADM1.00037,maize_corn,2006,140000.0,33300.0,planted,4.2042042042042045,0.22602415750000002,12,"months [1, 2, 3, 4, 5, 6, 7, 8, 9, 10, 11, 12] (researched, unverified)"
VN.ADM1.00037,maize_corn,2007,146000.0,34000.0,planted,4.294117647058823,0.21864066916666666,12,"months [1, 2, 3, 4, 5, 6, 7, 8, 9, 10, 11, 12] (researched, unverified)"
VN.ADM1.00037,maize_corn,2008,147900.0,33100.0,planted,4.468277945619335,0.2305340775,12,"months [1, 2, 3, 4, 5, 6, 7, 8, 9, 10, 11, 12] (researched, unverified)"
VN.ADM1.00037,maize_corn,2009,159100.0,34400.0,planted,4.625,0.23472690833333332,12,"months [1, 2, 3, 4, 5, 6, 7, 8, 9, 10, 11, 12] (researched, unverified)"
VN.ADM1.00037,maize_corn,2010,156200.0,33200.0,planted,4.704819277108434,0.23203207166666664,12,"months [1, 2, 3, 4, 5, 6, 7, 8, 9, 10, 11, 12] (researched, unverified)"
VN.ADM1.00037,maize_corn,2011,160700.0,33300.0,planted,4.8258258258258255,0.22552120750000001,12,"months [1, 2, 3, 4, 5, 6, 7, 8, 9, 10, 11, 12] (researched, unverified)"
VN.ADM1.00037,maize_corn,2012,169700.0,35500.0,planted,4.780281690140845,0.23895204583333332,12,"months [1, 2, 3, 4, 5, 6, 7, 8, 9, 10, 11, 12] (researched, unverified)"
VN.ADM1.00037,maize_corn,2013,179100.0,35200.0,planted,5.088068181818182,0.22971175166666669,12,"months [1, 2, 3, 4, 5, 6, 7, 8, 9, 10, 11, 12] (researched, unverified)"
VN.ADM1.00037,maize_corn,2014,181500.0,33900.0,planted,5.353982300884955,0.22723289666666668,12,"months [1, 2, 3, 4, 5, 6, 7, 8, 9, 10, 11, 12] (researched, unverified)"
VN.ADM1.00037,maize_corn,2015,172200.0,31400.0,planted,5.484076433121019,0.21528685,12,"months [1, 2, 3, 4, 5, 6, 7, 8, 9, 10, 11, 12] (researched, unverified)"
VN.ADM1.00037,maize_corn,2016,171200.0,31700.0,planted,5.400630914826499,0.2222296475,12,"months [1, 2, 3, 4, 5, 6, 7, 8, 9, 10, 11, 12] (researched, unverified)"
VN.ADM1.00039,maize_corn,2001,96500.0,29800.0,planted,3.238255033557047,0.1457709553333333,12,"months [1, 2, 3, 4, 5, 6, 7, 8, 9, 10, 11, 12] (researched, unverified)"
VN.ADM1.00039,maize_corn,2002,107800.0,31900.0,planted,3.3793103448275863,0.14348091275,12,"months [1, 2, 3, 4, 5, 6, 7, 8, 9, 10, 11, 12] (researched, unverified)"
VN.ADM1.00039,maize_corn,2003,130000.0,38000.0,planted,3.4210526315789473,0.15960047158333332,12,"months [1, 2, 3, 4, 5, 6, 7, 8, 9, 10, 11, 12] (researched, unverified)"
VN.ADM1.00039,maize_corn,2004,143900.0,38800.0,planted,3.7087628865979383,0.14536000316666667,12,"months [1, 2, 3, 4, 5, 6, 7, 8, 9, 10, 11, 12] (researched, unverified)"
VN.ADM1.00039,maize_corn,2005,136600.0,36800.0,planted,3.7119565217391304,0.15042833008333334,12,"months [1, 2, 3, 4, 5, 6, 7, 8, 9, 10, 11, 12] (researched, unverified)"
VN.ADM1.00039,maize_corn,2006,128500.0,34800.0,planted,3.692528735632184,0.151165087,12,"months [1, 2, 3, 4, 5, 6, 7, 8, 9, 10, 11, 12] (researched, unverified)"
VN.ADM1.00039,maize_corn,2007,133800.0,36800.0,planted,3.635869565217391,0.15225221149999998,12,"months [1, 2, 3, 4, 5, 6, 7, 8, 9, 10, 11, 12] (researched, unverified)"
VN.ADM1.00039,maize_corn,2008,163000.0,41600.0,planted,3.918269230769231,0.14906923125000002,12,"months [1, 2, 3, 4, 5, 6, 7, 8, 9, 10, 11, 12] (researched, unverified)"
VN.ADM1.00039,maize_corn,2009,89800.0,24300.0,planted,3.6954732510288064,0.15950921591666667,12,"months [1, 2, 3, 4, 5, 6, 7, 8, 9, 10, 11, 12] (researched, unverified)"
VN.ADM1.00039,maize_corn,2010,164800.0,38500.0,planted,4.28051948051948,0.15373252716666666,12,"months [1, 2, 3, 4, 5, 6, 7, 8, 9, 10, 11, 12] (researched, unverified)"
VN.ADM1.00039,maize_corn,2011,164100.0,38300.0,planted,4.284595300261096,0.14135243041666667,12,"months [1, 2, 3, 4, 5, 6, 7, 8, 9, 10, 11, 12] (researched, unverified)"
VN.ADM1.00039,maize_corn,2012,134900.0,31100.0,planted,4.337620578778135,0.14425996658333332,12,"months [1, 2, 3, 4, 5, 6, 7, 8, 9, 10, 11, 12] (researched, unverified)"
VN.ADM1.00039,maize_corn,2013,149600.0,34400.0,planted,4.348837209302325,0.14191112183333332,12,"months [1, 2, 3, 4, 5, 6, 7, 8, 9, 10, 11, 12] (researched, unverified)"
VN.ADM1.00039,maize_corn,2014,150200.0,33800.0,planted,4.443786982248521,0.15167961366666668,12,"months [1, 2, 3, 4, 5, 6, 7, 8, 9, 10, 11, 12] (researched, unverified)"
VN.ADM1.00039,maize_corn,2015,159000.0,35300.0,planted,4.504249291784703,0.1650335045,12,"months [1, 2, 3, 4, 5, 6, 7, 8, 9, 10, 11, 12] (researched, unverified)"
VN.ADM1.00039,maize_corn,2016,153700.0,34700.0,planted,4.4293948126801155,0.16194434916666667,12,"months [1, 2, 3, 4, 5, 6, 7, 8, 9, 10, 11, 12] (researched, unverified)"
VN.ADM1.00001,rice_paddy,2001,2113400.0,459100.0,planted,4.603354389022,0.137685791275,12,"months [1, 2, 3, 4, 5, 6, 7, 8, 9, 10, 11, 12] (Sacks et al.)"
VN.ADM1.00001,rice_paddy,2002,2593700.0,477200.0,planted,5.435247275775356,0.15165547545,12,"months [1, 2, 3, 4, 5, 6, 7, 8, 9, 10, 11, 12] (Sacks et al.)"
VN.ADM1.00001,rice_paddy,2003,2686300.0,504000.0,planted,5.329960317460317,0.16746137091666669,12,"months [1, 2, 3, 4, 5, 6, 7, 8, 9, 10, 11, 12] (Sacks et al.)"
VN.ADM1.00001,rice_paddy,2004,3006900.0,523000.0,planted,5.749330783938815,0.16580547758333333,12,"months [1, 2, 3, 4, 5, 6, 7, 8, 9, 10, 11, 12] (Sacks et al.)"
VN.ADM1.00001,rice_paddy,2005,3141600.0,529700.0,planted,5.9309042854445915,0.16301738716666667,12,"months [1, 2, 3, 4, 5, 6, 7, 8, 9, 10, 11, 12] (Sacks et al.)"
VN.ADM1.00001,rice_paddy,2006,2923200.0,503500.0,planted,5.805759682224429,0.15998770414166666,12,"months [1, 2, 3, 4, 5, 6, 7, 8, 9, 10, 11, 12] (Sacks et al.)"
VN.ADM1.00001,rice_paddy,2007,3142900.0,520300.0,planted,6.040553526811455,0.17471741491666667,12,"months [1, 2, 3, 4, 5, 6, 7, 8, 9, 10, 11, 12] (Sacks et al.)"
VN.ADM1.00001,rice_paddy,2008,3513800.0,564500.0,planted,6.224623560673162,0.16683319583333334,12,"months [1, 2, 3, 4, 5, 6, 7, 8, 9, 10, 11, 12] (Sacks et al.)"
VN.ADM1.00001,rice_paddy,2009,3421500.0,557300.0,planted,6.139422214247263,0.18291701949999997,12,"months [1, 2, 3, 4, 5, 6, 7, 8, 9, 10, 11, 12] (Sacks et al.)"
VN.ADM1.00001,rice_paddy,2010,3653100.0,586600.0,planted,6.227582679849983,0.20683812616666666,12,"months [1, 2, 3, 4, 5, 6, 7, 8, 9, 10, 11, 12] (Sacks et al.)"
VN.ADM1.00001,rice_paddy,2011,3856800.0,607600.0,planted,6.347597103357472,0.18217903666666665,12,"months [1, 2, 3, 4, 5, 6, 7, 8, 9, 10, 11, 12] (Sacks et al.)"
VN.ADM1.00001,rice_paddy,2012,3941600.0,625100.0,planted,6.305551111822108,0.22204557633333333,12,"months [1, 2, 3, 4, 5, 6, 7, 8, 9, 10, 11, 12] (Sacks et al.)"
VN.ADM1.00001,rice_paddy,2013,4021400.0,641400.0,planted,6.2697224820704704,0.19832395508333334,12,"months [1, 2, 3, 4, 5, 6, 7, 8, 9, 10, 11, 12] (Sacks et al.)"
VN.ADM1.00001,rice_paddy,2014,4022900.0,625800.0,planted,6.4284116331096195,0.21432149583333335,12,"months [1, 2, 3, 4, 5, 6, 7, 8, 9, 10, 11, 12] (Sacks et al.)"
VN.ADM1.00001,rice_paddy,2015,4073700.0,644200.0,planted,6.323657249301459,0.22298800249999998,12,"months [1, 2, 3, 4, 5, 6, 7, 8, 9, 10, 11, 12] (Sacks et al.)"
VN.ADM1.00001,rice_paddy,2016,3974600.0,669000.0,planted,5.941106128550075,0.2157064075,12,"months [1, 2, 3, 4, 5, 6, 7, 8, 9, 10, 11, 12] (Sacks et al.)"
VN.ADM1.00002,rice_paddy,2001,362200.0,89100.0,planted,4.065095398428732,0.18574021249999997,12,"months [1, 2, 3, 4, 5, 6, 7, 8, 9, 10, 11, 12] (Sacks et al.)"
VN.ADM1.00002,rice_paddy,2002,389500.0,90700.0,planted,4.294377067254686,0.18165371683333334,12,"months [1, 2, 3, 4, 5, 6, 7, 8, 9, 10, 11, 12] (Sacks et al.)"
VN.ADM1.00002,rice_paddy,2003,394700.0,90300.0,planted,4.370985603543743,0.19570728083333333,12,"months [1, 2, 3, 4, 5, 6, 7, 8, 9, 10, 11, 12] (Sacks et al.)"
VN.ADM1.00002,rice_paddy,2004,396500.0,90400.0,planted,4.386061946902655,0.17360004008333332,12,"months [1, 2, 3, 4, 5, 6, 7, 8, 9, 10, 11, 12] (Sacks et al.)"
VN.ADM1.00002,rice_paddy,2005,409800.0,91000.0,planted,4.503296703296703,0.18359019916666666,12,"months [1, 2, 3, 4, 5, 6, 7, 8, 9, 10, 11, 12] (Sacks et al.)"
VN.ADM1.00002,rice_paddy,2006,414600.0,90900.0,planted,4.561056105610561,0.17679473125,12,"months [1, 2, 3, 4, 5, 6, 7, 8, 9, 10, 11, 12] (Sacks et al.)"
VN.ADM1.00002,rice_paddy,2007,417300.0,91500.0,planted,4.560655737704918,0.18253893666666665,12,"months [1, 2, 3, 4, 5, 6, 7, 8, 9, 10, 11, 12] (Sacks et al.)"
VN.ADM1.00002,rice_paddy,2008,426400.0,90100.0,planted,4.732519422863485,0.18607572366666666,12,"months [1, 2, 3, 4, 5, 6, 7, 8, 9, 10, 11, 12] (Sacks et al.)"
VN.ADM1.00002,rice_paddy,2009,435500.0,91700.0,planted,4.749182115594329,0.19828065875,12,"months [1, 2, 3, 4, 5, 6, 7, 8, 9, 10, 11, 12] (Sacks et al.)"
VN.ADM1.00002,rice_paddy,2010,433500.0,91600.0,planted,4.7325327510917035,0.1915054363333333,12,"months [1, 2, 3, 4, 5, 6, 7, 8, 9, 10, 11, 12] (Sacks et al.)"
VN.ADM1.00002,rice_paddy,2011,466200.0,93400.0,planted,4.991434689507495,0.17981158516666665,12,"months [1, 2, 3, 4, 5, 6, 7, 8, 9, 10, 11, 12] (Sacks et al.)"
VN.ADM1.00002,rice_paddy,2012,471800.0,94900.0,planted,4.971548998946259,0.1683463563333333,12,"months [1, 2, 3, 4, 5, 6, 7, 8, 9, 10, 11, 12] (Sacks et al.)"
VN.ADM1.00002,rice_paddy,2013,470300.0,95200.0,planted,4.940126050420168,0.17159794849999999,12,"months [1, 2, 3, 4, 5, 6, 7, 8, 9, 10, 11, 12] (Sacks et al.)"
VN.ADM1.00002,rice_paddy,2014,478000.0,96500.0,planted,4.953367875647668,0.17480102499999997,12,"months [1, 2, 3, 4, 5, 6, 7, 8, 9, 10, 11, 12] (Sacks et al.)"
VN.ADM1.00002,rice_paddy,2015,498800.0,97000.0,planted,5.142268041237114,0.18692547083333333,12,"months [1, 2, 3, 4, 5, 6, 7, 8, 9, 10, 11, 12] (Sacks et al.)"
VN.ADM1.00002,rice_paddy,2016,502800.0,96300.0,planted,5.221183800623053,0.1898099175,12,"months [1, 2, 3, 4, 5, 6, 7, 8, 9, 10, 11, 12] (Sacks et al.)"
VN.ADM1.00004,rice_paddy,2001,581300.0,146200.0,planted,3.9760601915184677,0.14862243841666667,12,"months [1, 2, 3, 4, 5, 6, 7, 8, 9, 10, 11, 12] (Sacks et al.)"
VN.ADM1.00004,rice_paddy,2002,620900.0,146800.0,planted,4.229564032697548,0.13964091166666667,12,"months [1, 2, 3, 4, 5, 6, 7, 8, 9, 10, 11, 12] (Sacks et al.)"
VN.ADM1.00004,rice_paddy,2003,645900.0,146200.0,planted,4.417920656634747,0.14428492758333333,12,"months [1, 2, 3, 4, 5, 6, 7, 8, 9, 10, 11, 12] (Sacks et al.)"
VN.ADM1.00004,rice_paddy,2004,686100.0,146200.0,planted,4.692886456908345,0.13330111033333333,12,"months [1, 2, 3, 4, 5, 6, 7, 8, 9, 10, 11, 12] (Sacks et al.)"
VN.ADM1.00004,rice_paddy,2005,656500.0,143600.0,planted,4.571727019498607,0.12766529025,12,"months [1, 2, 3, 4, 5, 6, 7, 8, 9, 10, 11, 12] (Sacks et al.)"
VN.ADM1.00004,rice_paddy,2006,697900.0,145300.0,planted,4.8031658637302135,0.1410436795,12,"months [1, 2, 3, 4, 5, 6, 7, 8, 9, 10, 11, 12] (Sacks et al.)"
VN.ADM1.00004,rice_paddy,2007,688900.0,146600.0,planted,4.699181446111869,0.13582734175,12,"months [1, 2, 3, 4, 5, 6, 7, 8, 9, 10, 11, 12] (Sacks et al.)"
VN.ADM1.00004,rice_paddy,2008,733200.0,148200.0,planted,4.947368421052632,0.13495065083333332,12,"months [1, 2, 3, 4, 5, 6, 7, 8, 9, 10, 11, 12] (Sacks et al.)"
VN.ADM1.00004,rice_paddy,2009,739000.0,152000.0,planted,4.8618421052631575,0.14529121566666667,12,"months [1, 2, 3, 4, 5, 6, 7, 8, 9, 10, 11, 12] (Sacks et al.)"
VN.ADM1.00004,rice_paddy,2010,732900.0,153900.0,planted,4.762183235867447,0.14456858533333333,12,"months [1, 2, 3, 4, 5, 6, 7, 8, 9, 10, 11, 12] (Sacks et al.)"
VN.ADM1.00004,rice_paddy,2011,784000.0,154800.0,planted,5.064599483204135,0.12146177091666667,12,"months [1, 2, 3, 4, 5, 6, 7, 8, 9, 10, 11, 12] (Sacks et al.)"
VN.ADM1.00004,rice_paddy,2012,802000.0,156200.0,planted,5.134443021766965,0.14956273008333335,12,"months [1, 2, 3, 4, 5, 6, 7, 8, 9, 10, 11, 12] (Sacks et al.)"
VN.ADM1.00004,rice_paddy,2013,760900.0,157300.0,planted,4.8372536554354735,0.14501250191666668,12,"months [1, 2, 3, 4, 5, 6, 7, 8, 9, 10, 11, 12] (Sacks et al.)"
VN.ADM1.00004,rice_paddy,2014,853200.0,158100.0,planted,5.396584440227704,0.14085490191666666,12,"months [1, 2, 3, 4, 5, 6, 7, 8, 9, 10, 11, 12] (Sacks et al.)"
VN.ADM1.00004,rice_paddy,2015,834100.0,156200.0,planted,5.3399487836107555,0.16211716691666667,12,"months [1, 2, 3, 4, 5, 6, 7, 8, 9, 10, 11, 12] (Sacks et al.)"
VN.ADM1.00004,rice_paddy,2016,868800.0,159300.0,planted,5.453860640301318,0.14730745991666666,12,"months [1, 2, 3, 4, 5, 6, 7, 8, 9, 10, 11, 12] (Sacks et al.)"
VN.ADM1.00005,rice_paddy,2001,99800.0,29200.0,planted,3.4178082191780823,0.16410541274999998,12,"months [1, 2, 3, 4, 5, 6, 7, 8, 9, 10, 11, 12] (Sacks et al.)"
VN.ADM1.00005,rice_paddy,2002,98600.0,29000.0,planted,3.4,0.16081804191666668,12,"months [1, 2, 3, 4, 5, 6, 7, 8, 9, 10, 11, 12] (Sacks et al.)"
VN.ADM1.00005,rice_paddy,2003,104600.0,29500.0,planted,3.545762711864407,0.1728482595833333,12,"months [1, 2, 3, 4, 5, 6, 7, 8, 9, 10, 11, 12] (Sacks et al.)"
VN.ADM1.00005,rice_paddy,2004,104000.0,29600.0,planted,3.5135135135135136,0.15439099375,12,"months [1, 2, 3, 4, 5, 6, 7, 8, 9, 10, 11, 12] (Sacks et al.)"
VN.ADM1.00005,rice_paddy,2005,110300.0,30100.0,planted,3.664451827242525,0.16714937533333332,12,"months [1, 2, 3, 4, 5, 6, 7, 8, 9, 10, 11, 12] (Sacks et al.)"
VN.ADM1.00005,rice_paddy,2006,117300.0,30600.0,planted,3.8333333333333335,0.16502817075,12,"months [1, 2, 3, 4, 5, 6, 7, 8, 9, 10, 11, 12] (Sacks et al.)"
VN.ADM1.00005,rice_paddy,2007,119800.0,30600.0,planted,3.915032679738562,0.18053935350000003,12,"months [1, 2, 3, 4, 5, 6, 7, 8, 9, 10, 11, 12] (Sacks et al.)"
VN.ADM1.00005,rice_paddy,2008,124600.0,31200.0,planted,3.9935897435897436,0.17400626541666667,12,"months [1, 2, 3, 4, 5, 6, 7, 8, 9, 10, 11, 12] (Sacks et al.)"
VN.ADM1.00005,rice_paddy,2009,118900.0,30400.0,planted,3.911184210526316,0.17616699425000001,12,"months [1, 2, 3, 4, 5, 6, 7, 8, 9, 10, 11, 12] (Sacks et al.)"
VN.ADM1.00005,rice_paddy,2010,125800.0,30500.0,planted,4.1245901639344265,0.17216095575,12,"months [1, 2, 3, 4, 5, 6, 7, 8, 9, 10, 11, 12] (Sacks et al.)"
VN.ADM1.00005,rice_paddy,2011,117200.0,30100.0,planted,3.893687707641196,0.17739351608333334,12,"months [1, 2, 3, 4, 5, 6, 7, 8, 9, 10, 11, 12] (Sacks et al.)"
VN.ADM1.00005,rice_paddy,2012,123100.0,30700.0,planted,4.009771986970684,0.16061652533333334,12,"months [1, 2, 3, 4, 5, 6, 7, 8, 9, 10, 11, 12] (Sacks et al.)"
VN.ADM1.00005,rice_paddy,2013,125600.0,30400.0,planted,4.131578947368421,0.17573423066666669,12,"months [1, 2, 3, 4, 5, 6, 7, 8, 9, 10, 11, 12] (Sacks et al.)"
VN.ADM1.00005,rice_paddy,2014,126900.0,30400.0,planted,4.1743421052631575,0.18798903025,12,"months [1, 2, 3, 4, 5, 6, 7, 8, 9, 10, 11, 12] (Sacks et al.)"
VN.ADM1.00005,rice_paddy,2015,129500.0,30500.0,planted,4.245901639344262,0.18716333124999998,12,"months [1, 2, 3, 4, 5, 6, 7, 8, 9, 10, 11, 12] (Sacks et al.)"
VN.ADM1.00005,rice_paddy,2016,124800.0,28900.0,planted,4.318339100346021,0.20000495,12,"months [1, 2, 3, 4, 5, 6, 7, 8, 9, 10, 11, 12] (Sacks et al.)"
VN.ADM1.00006,rice_paddy,2001,1813500.0,456700.0,planted,3.970878038099409,0.15306222333333333,12,"months [1, 2, 3, 4, 5, 6, 7, 8, 9, 10, 11, 12] (Sacks et al.)"
VN.ADM1.00006,rice_paddy,2002,1969200.0,445600.0,planted,4.419210053859964,0.16059871283333335,12,"months [1, 2, 3, 4, 5, 6, 7, 8, 9, 10, 11, 12] (Sacks et al.)"
VN.ADM1.00006,rice_paddy,2003,1982000.0,443200.0,planted,4.472021660649819,0.150996808,12,"months [1, 2, 3, 4, 5, 6, 7, 8, 9, 10, 11, 12] (Sacks et al.)"
VN.ADM1.00006,rice_paddy,2004,1997500.0,443700.0,planted,4.501915708812261,0.135660078,12,"months [1, 2, 3, 4, 5, 6, 7, 8, 9, 10, 11, 12] (Sacks et al.)"
VN.ADM1.00006,rice_paddy,2005,2001800.0,435500.0,planted,4.596555683122848,0.13774895875,12,"months [1, 2, 3, 4, 5, 6, 7, 8, 9, 10, 11, 12] (Sacks et al.)"
VN.ADM1.00006,rice_paddy,2006,1942100.0,424700.0,planted,4.572874970567459,0.14316627716666666,12,"months [1, 2, 3, 4, 5, 6, 7, 8, 9, 10, 11, 12] (Sacks et al.)"
VN.ADM1.00006,rice_paddy,2007,1740600.0,382300.0,planted,4.552968872613131,0.15350995416666666,12,"months [1, 2, 3, 4, 5, 6, 7, 8, 9, 10, 11, 12] (Sacks et al.)"
VN.ADM1.00006,rice_paddy,2008,1982800.0,404300.0,planted,4.904279000742023,0.1511911225,12,"months [1, 2, 3, 4, 5, 6, 7, 8, 9, 10, 11, 12] (Sacks et al.)"
VN.ADM1.00006,rice_paddy,2009,1988200.0,408600.0,planted,4.865883504650024,0.1641416425,12,"months [1, 2, 3, 4, 5, 6, 7, 8, 9, 10, 11, 12] (Sacks et al.)"
VN.ADM1.00006,rice_paddy,2010,2084900.0,402700.0,planted,5.177303203377204,0.16826623166666665,12,"months [1, 2, 3, 4, 5, 6, 7, 8, 9, 10, 11, 12] (Sacks et al.)"
VN.ADM1.00006,rice_paddy,2011,2187600.0,414500.0,planted,5.277683956574186,0.16634613,12,"months [1, 2, 3, 4, 5, 6, 7, 8, 9, 10, 11, 12] (Sacks et al.)"
VN.ADM1.00006,rice_paddy,2012,2337600.0,413300.0,planted,5.6559399951609,0.17063251083333333,12,"months [1, 2, 3, 4, 5, 6, 7, 8, 9, 10, 11, 12] (Sacks et al.)"
VN.ADM1.00006,rice_paddy,2013,2338500.0,417500.0,planted,5.6011976047904195,0.16495307616666666,12,"months [1, 2, 3, 4, 5, 6, 7, 8, 9, 10, 11, 12] (Sacks et al.)"
VN.ADM1.00006,rice_paddy,2014,2414100.0,416000.0,planted,5.803125,0.16813242958333333,12,"months [1, 2, 3, 4, 5, 6, 7, 8, 9, 10, 11, 12] (Sacks et al.)"
VN.ADM1.00006,rice_paddy,2015,2448600.0,417800.0,planted,5.860698898994734,0.16735421116666668,12,"months [1, 2, 3, 4, 5, 6, 7, 8, 9, 10, 11, 12] (Sacks et al.)"
VN.ADM1.00006,rice_paddy,2016,1895000.0,387100.0,planted,4.895375871867734,0.16348985,12,"months [1, 2, 3, 4, 5, 6, 7, 8, 9, 10, 11, 12] (Sacks et al.)"
VN.ADM1.00007,rice_paddy,2001,272800.0,65800.0,planted,4.145896656534954,0.258187635,12,"months [1, 2, 3, 4, 5, 6, 7, 8, 9, 10, 11, 12] (Sacks et al.)"
VN.ADM1.00007,rice_paddy,2002,248500.0,69400.0,planted,3.580691642651297,0.23835799833333335,12,"months [1, 2, 3, 4, 5, 6, 7, 8, 9, 10, 11, 12] (Sacks et al.)"
VN.ADM1.00007,rice_paddy,2003,330200.0,74200.0,planted,4.450134770889488,0.2526086041666667,12,"months [1, 2, 3, 4, 5, 6, 7, 8, 9, 10, 11, 12] (Sacks et al.)"
VN.ADM1.00007,rice_paddy,2004,353400.0,76500.0,planted,4.6196078431372545,0.2349981558333333,12,"months [1, 2, 3, 4, 5, 6, 7, 8, 9, 10, 11, 12] (Sacks et al.)"
VN.ADM1.00007,rice_paddy,2005,288100.0,70700.0,planted,4.074964639321075,0.21128861458333334,12,"months [1, 2, 3, 4, 5, 6, 7, 8, 9, 10, 11, 12] (Sacks et al.)"
VN.ADM1.00007,rice_paddy,2006,424600.0,81900.0,planted,5.184371184371185,0.24970373166666668,12,"months [1, 2, 3, 4, 5, 6, 7, 8, 9, 10, 11, 12] (Sacks et al.)"
VN.ADM1.00007,rice_paddy,2007,373200.0,81600.0,planted,4.573529411764706,0.23443957916666666,12,"months [1, 2, 3, 4, 5, 6, 7, 8, 9, 10, 11, 12] (Sacks et al.)"
VN.ADM1.00007,rice_paddy,2008,421400.0,87300.0,planted,4.827033218785796,0.23759827833333333,12,"months [1, 2, 3, 4, 5, 6, 7, 8, 9, 10, 11, 12] (Sacks et al.)"
VN.ADM1.00007,rice_paddy,2009,482800.0,88500.0,planted,5.455367231638418,0.24896678916666667,12,"months [1, 2, 3, 4, 5, 6, 7, 8, 9, 10, 11, 12] (Sacks et al.)"
VN.ADM1.00007,rice_paddy,2010,512500.0,91200.0,planted,5.619517543859649,0.24105260083333335,12,"months [1, 2, 3, 4, 5, 6, 7, 8, 9, 10, 11, 12] (Sacks et al.)"
VN.ADM1.00007,rice_paddy,2011,539200.0,96800.0,planted,5.570247933884297,0.23188322333333333,12,"months [1, 2, 3, 4, 5, 6, 7, 8, 9, 10, 11, 12] (Sacks et al.)"
VN.ADM1.00007,rice_paddy,2012,559200.0,99700.0,planted,5.608826479438315,0.25216384,12,"months [1, 2, 3, 4, 5, 6, 7, 8, 9, 10, 11, 12] (Sacks et al.)"
VN.ADM1.00007,rice_paddy,2013,580700.0,102600.0,planted,5.659844054580897,0.2423044708333333,12,"months [1, 2, 3, 4, 5, 6, 7, 8, 9, 10, 11, 12] (Sacks et al.)"
VN.ADM1.00007,rice_paddy,2014,651300.0,107000.0,planted,6.086915887850467,0.23619487416666665,12,"months [1, 2, 3, 4, 5, 6, 7, 8, 9, 10, 11, 12] (Sacks et al.)"
VN.ADM1.00007,rice_paddy,2015,628900.0,106000.0,planted,5.933018867924528,0.23767323833333334,12,"months [1, 2, 3, 4, 5, 6, 7, 8, 9, 10, 11, 12] (Sacks et al.)"
VN.ADM1.00007,rice_paddy,2016,622600.0,106300.0,planted,5.8570084666039515,0.23507174249999999,12,"months [1, 2, 3, 4, 5, 6, 7, 8, 9, 10, 11, 12] (Sacks et al.)"
VN.ADM1.00008,rice_paddy,2001,363100.0,108700.0,planted,3.340386384544618,0.2263750375,12,"months [1, 2, 3, 4, 5, 6, 7, 8, 9, 10, 11, 12] (Sacks et al.)"
VN.ADM1.00008,rice_paddy,2002,355800.0,105600.0,planted,3.3693181818181817,0.21614994583333333,12,"months [1, 2, 3, 4, 5, 6, 7, 8, 9, 10, 11, 12] (Sacks et al.)"
VN.ADM1.00008,rice_paddy,2003,374900.0,104600.0,planted,3.584130019120459,0.22938500750000002,12,"months [1, 2, 3, 4, 5, 6, 7, 8, 9, 10, 11, 12] (Sacks et al.)"
VN.ADM1.00008,rice_paddy,2004,370700.0,105300.0,planted,3.520417853751187,0.21171605500000001,12,"months [1, 2, 3, 4, 5, 6, 7, 8, 9, 10, 11, 12] (Sacks et al.)"
VN.ADM1.00008,rice_paddy,2005,395600.0,100800.0,planted,3.9246031746031744,0.20642100583333334,12,"months [1, 2, 3, 4, 5, 6, 7, 8, 9, 10, 11, 12] (Sacks et al.)"
VN.ADM1.00008,rice_paddy,2006,380200.0,100900.0,planted,3.76808721506442,0.2204860691666667,12,"months [1, 2, 3, 4, 5, 6, 7, 8, 9, 10, 11, 12] (Sacks et al.)"
VN.ADM1.00008,rice_paddy,2007,402500.0,97800.0,planted,4.115541922290388,0.21244617416666667,12,"months [1, 2, 3, 4, 5, 6, 7, 8, 9, 10, 11, 12] (Sacks et al.)"
VN.ADM1.00008,rice_paddy,2008,418600.0,99100.0,planted,4.22401614530777,0.21778116250000001,12,"months [1, 2, 3, 4, 5, 6, 7, 8, 9, 10, 11, 12] (Sacks et al.)"
VN.ADM1.00008,rice_paddy,2009,433200.0,97900.0,planted,4.424923391215526,0.221497725,12,"months [1, 2, 3, 4, 5, 6, 7, 8, 9, 10, 11, 12] (Sacks et al.)"
VN.ADM1.00008,rice_paddy,2010,407400.0,91800.0,planted,4.437908496732026,0.22111570833333336,12,"months [1, 2, 3, 4, 5, 6, 7, 8, 9, 10, 11, 12] (Sacks et al.)"
VN.ADM1.00008,rice_paddy,2011,431600.0,92400.0,planted,4.670995670995671,0.21335348833333334,12,"months [1, 2, 3, 4, 5, 6, 7, 8, 9, 10, 11, 12] (Sacks et al.)"
VN.ADM1.00008,rice_paddy,2012,442400.0,92500.0,planted,4.782702702702703,0.2266488491666667,12,"months [1, 2, 3, 4, 5, 6, 7, 8, 9, 10, 11, 12] (Sacks et al.)"
VN.ADM1.00008,rice_paddy,2013,431600.0,89700.0,planted,4.811594202898551,0.21389776583333334,12,"months [1, 2, 3, 4, 5, 6, 7, 8, 9, 10, 11, 12] (Sacks et al.)"
VN.ADM1.00008,rice_paddy,2014,442900.0,88800.0,planted,4.987612612612613,0.21734567083333334,12,"months [1, 2, 3, 4, 5, 6, 7, 8, 9, 10, 11, 12] (Sacks et al.)"
VN.ADM1.00008,rice_paddy,2015,453200.0,88100.0,planted,5.144154370034053,0.221398145,12,"months [1, 2, 3, 4, 5, 6, 7, 8, 9, 10, 11, 12] (Sacks et al.)"
VN.ADM1.00008,rice_paddy,2016,452200.0,86800.0,planted,5.209677419354839,0.22518126666666669,12,"months [1, 2, 3, 4, 5, 6, 7, 8, 9, 10, 11, 12] (Sacks et al.)"
VN.ADM1.00009,rice_paddy,2001,1963600.0,408300.0,planted,4.80920891501347,0.17438132916666668,12,"months [1, 2, 3, 4, 5, 6, 7, 8, 9, 10, 11, 12] (Sacks et al.)"
VN.ADM1.00009,rice_paddy,2002,2178700.0,426400.0,planted,5.10952157598499,0.18391234433333334,12,"months [1, 2, 3, 4, 5, 6, 7, 8, 9, 10, 11, 12] (Sacks et al.)"
VN.ADM1.00009,rice_paddy,2003,2214900.0,436400.0,planted,5.075389550870761,0.18752159591666664,12,"months [1, 2, 3, 4, 5, 6, 7, 8, 9, 10, 11, 12] (Sacks et al.)"
VN.ADM1.00009,rice_paddy,2004,2420900.0,453000.0,planted,5.344150110375276,0.18066297499999998,12,"months [1, 2, 3, 4, 5, 6, 7, 8, 9, 10, 11, 12] (Sacks et al.)"
VN.ADM1.00009,rice_paddy,2005,2606500.0,467700.0,planted,5.573016891169553,0.18296578900000002,12,"months [1, 2, 3, 4, 5, 6, 7, 8, 9, 10, 11, 12] (Sacks et al.)"
VN.ADM1.00009,rice_paddy,2006,2404900.0,454000.0,planted,5.297136563876652,0.17710577916666667,12,"months [1, 2, 3, 4, 5, 6, 7, 8, 9, 10, 11, 12] (Sacks et al.)"
VN.ADM1.00009,rice_paddy,2007,2544400.0,447100.0,planted,5.6908968910758215,0.19160446941666667,12,"months [1, 2, 3, 4, 5, 6, 7, 8, 9, 10, 11, 12] (Sacks et al.)"
VN.ADM1.00009,rice_paddy,2008,2720200.0,468100.0,planted,5.811151463362529,0.18528753708333334,12,"months [1, 2, 3, 4, 5, 6, 7, 8, 9, 10, 11, 12] (Sacks et al.)"
VN.ADM1.00009,rice_paddy,2009,2650400.0,450800.0,planted,5.879325643300799,0.18811259133333333,12,"months [1, 2, 3, 4, 5, 6, 7, 8, 9, 10, 11, 12] (Sacks et al.)"
VN.ADM1.00009,rice_paddy,2010,2807000.0,465100.0,planted,6.035261234143195,0.210258865,12,"months [1, 2, 3, 4, 5, 6, 7, 8, 9, 10, 11, 12] (Sacks et al.)"
VN.ADM1.00009,rice_paddy,2011,3100200.0,501100.0,planted,6.18678906405907,0.18875839716666665,12,"months [1, 2, 3, 4, 5, 6, 7, 8, 9, 10, 11, 12] (Sacks et al.)"
VN.ADM1.00009,rice_paddy,2012,3051800.0,487600.0,planted,6.25881870385562,0.22002925166666665,12,"months [1, 2, 3, 4, 5, 6, 7, 8, 9, 10, 11, 12] (Sacks et al.)"
VN.ADM1.00009,rice_paddy,2013,3327000.0,541800.0,planted,6.140642303433001,0.20680892625,12,"months [1, 2, 3, 4, 5, 6, 7, 8, 9, 10, 11, 12] (Sacks et al.)"
VN.ADM1.00009,rice_paddy,2014,3300000.0,528600.0,planted,6.242905788876277,0.2104629775,12,"months [1, 2, 3, 4, 5, 6, 7, 8, 9, 10, 11, 12] (Sacks et al.)"
VN.ADM1.00009,rice_paddy,2015,3384500.0,546000.0,planted,6.198717948717949,0.220555135,12,"months [1, 2, 3, 4, 5, 6, 7, 8, 9, 10, 11, 12] (Sacks et al.)"
VN.ADM1.00009,rice_paddy,2016,3396800.0,551400.0,planted,6.16031918752267,0.21867843624999997,12,"months [1, 2, 3, 4, 5, 6, 7, 8, 9, 10, 11, 12] (Sacks et al.)"
VN.ADM1.00010,rice_paddy,2001,256800.0,82500.0,planted,3.112727272727273,0.2146838875,12,"months [1, 2, 3, 4, 5, 6, 7, 8, 9, 10, 11, 12] (Sacks et al.)"
VN.ADM1.00010,rice_paddy,2002,256300.0,83600.0,planted,3.0657894736842106,0.19721359166666666,12,"months [1, 2, 3, 4, 5, 6, 7, 8, 9, 10, 11, 12] (Sacks et al.)"
VN.ADM1.00010,rice_paddy,2003,288700.0,84900.0,planted,3.4004711425206127,0.21188001666666667,12,"months [1, 2, 3, 4, 5, 6, 7, 8, 9, 10, 11, 12] (Sacks et al.)"
VN.ADM1.00010,rice_paddy,2004,289400.0,86100.0,planted,3.3612078977932636,0.19548929466666667,12,"months [1, 2, 3, 4, 5, 6, 7, 8, 9, 10, 11, 12] (Sacks et al.)"
VN.ADM1.00010,rice_paddy,2005,299500.0,87700.0,planted,3.4150513112884835,0.17997939166666665,12,"months [1, 2, 3, 4, 5, 6, 7, 8, 9, 10, 11, 12] (Sacks et al.)"
VN.ADM1.00010,rice_paddy,2006,352100.0,91900.0,planted,3.8313384113166484,0.2110473108333333,12,"months [1, 2, 3, 4, 5, 6, 7, 8, 9, 10, 11, 12] (Sacks et al.)"
VN.ADM1.00010,rice_paddy,2007,353900.0,90800.0,planted,3.897577092511013,0.19970557541666667,12,"months [1, 2, 3, 4, 5, 6, 7, 8, 9, 10, 11, 12] (Sacks et al.)"
VN.ADM1.00010,rice_paddy,2008,370200.0,91800.0,planted,4.032679738562091,0.21668824416666665,12,"months [1, 2, 3, 4, 5, 6, 7, 8, 9, 10, 11, 12] (Sacks et al.)"
VN.ADM1.00010,rice_paddy,2009,365600.0,93700.0,planted,3.9018143009605124,0.20595621083333335,12,"months [1, 2, 3, 4, 5, 6, 7, 8, 9, 10, 11, 12] (Sacks et al.)"
VN.ADM1.00010,rice_paddy,2010,387800.0,92800.0,planted,4.178879310344827,0.20510218916666667,12,"months [1, 2, 3, 4, 5, 6, 7, 8, 9, 10, 11, 12] (Sacks et al.)"
VN.ADM1.00010,rice_paddy,2011,370300.0,93100.0,planted,3.9774436090225564,0.19573890333333333,12,"months [1, 2, 3, 4, 5, 6, 7, 8, 9, 10, 11, 12] (Sacks et al.)"
VN.ADM1.00010,rice_paddy,2012,416400.0,96700.0,planted,4.306101344364013,0.21100248166666669,12,"months [1, 2, 3, 4, 5, 6, 7, 8, 9, 10, 11, 12] (Sacks et al.)"
VN.ADM1.00010,rice_paddy,2013,414200.0,97400.0,planted,4.252566735112937,0.20099502866666666,12,"months [1, 2, 3, 4, 5, 6, 7, 8, 9, 10, 11, 12] (Sacks et al.)"
VN.ADM1.00010,rice_paddy,2014,435700.0,98800.0,planted,4.409919028340081,0.21013059416666668,12,"months [1, 2, 3, 4, 5, 6, 7, 8, 9, 10, 11, 12] (Sacks et al.)"
VN.ADM1.00010,rice_paddy,2015,424700.0,99600.0,planted,4.264056224899599,0.20993271916666667,12,"months [1, 2, 3, 4, 5, 6, 7, 8, 9, 10, 11, 12] (Sacks et al.)"
VN.ADM1.00010,rice_paddy,2016,406000.0,97000.0,planted,4.185567010309279,0.19682427716666664,12,"months [1, 2, 3, 4, 5, 6, 7, 8, 9, 10, 11, 12] (Sacks et al.)"
VN.ADM1.00011,rice_paddy,2001,906700.0,199200.0,planted,4.551706827309237,0.11617345183333333,12,"months [1, 2, 3, 4, 5, 6, 7, 8, 9, 10, 11, 12] (Sacks et al.)"
VN.ADM1.00011,rice_paddy,2002,967000.0,200400.0,planted,4.825349301397206,0.12103102724999999,12,"months [1, 2, 3, 4, 5, 6, 7, 8, 9, 10, 11, 12] (Sacks et al.)"
VN.ADM1.00011,rice_paddy,2003,967900.0,198300.0,planted,4.880988401412002,0.12957177583333332,12,"months [1, 2, 3, 4, 5, 6, 7, 8, 9, 10, 11, 12] (Sacks et al.)"
VN.ADM1.00011,rice_paddy,2004,999900.0,196900.0,planted,5.078212290502793,0.12046168974999999,12,"months [1, 2, 3, 4, 5, 6, 7, 8, 9, 10, 11, 12] (Sacks et al.)"
VN.ADM1.00011,rice_paddy,2005,994500.0,193800.0,planted,5.131578947368421,0.123989136,12,"months [1, 2, 3, 4, 5, 6, 7, 8, 9, 10, 11, 12] (Sacks et al.)"
VN.ADM1.00011,rice_paddy,2006,980100.0,193500.0,planted,5.065116279069767,0.123308688,12,"months [1, 2, 3, 4, 5, 6, 7, 8, 9, 10, 11, 12] (Sacks et al.)"
VN.ADM1.00011,rice_paddy,2007,960100.0,190500.0,planted,5.03989501312336,0.12949199975,12,"months [1, 2, 3, 4, 5, 6, 7, 8, 9, 10, 11, 12] (Sacks et al.)"
VN.ADM1.00011,rice_paddy,2008,958700.0,186100.0,planted,5.1515314347125205,0.122715224,12,"months [1, 2, 3, 4, 5, 6, 7, 8, 9, 10, 11, 12] (Sacks et al.)"
VN.ADM1.00011,rice_paddy,2009,1016500.0,186200.0,planted,5.459183673469388,0.140953726,12,"months [1, 2, 3, 4, 5, 6, 7, 8, 9, 10, 11, 12] (Sacks et al.)"
VN.ADM1.00011,rice_paddy,2010,1037900.0,186500.0,planted,5.56514745308311,0.1334840005,12,"months [1, 2, 3, 4, 5, 6, 7, 8, 9, 10, 11, 12] (Sacks et al.)"
VN.ADM1.00011,rice_paddy,2011,1095800.0,186100.0,planted,5.888232133261687,0.12664768241666666,12,"months [1, 2, 3, 4, 5, 6, 7, 8, 9, 10, 11, 12] (Sacks et al.)"
VN.ADM1.00011,rice_paddy,2012,1082500.0,184700.0,planted,5.860855441256091,0.12529527599999998,12,"months [1, 2, 3, 4, 5, 6, 7, 8, 9, 10, 11, 12] (Sacks et al.)"
VN.ADM1.00011,rice_paddy,2013,1012800.0,184100.0,planted,5.501357957631722,0.12464882574999998,12,"months [1, 2, 3, 4, 5, 6, 7, 8, 9, 10, 11, 12] (Sacks et al.)"
VN.ADM1.00011,rice_paddy,2014,1066000.0,185500.0,planted,5.7466307277628035,0.13673081566666667,12,"months [1, 2, 3, 4, 5, 6, 7, 8, 9, 10, 11, 12] (Sacks et al.)"
VN.ADM1.00011,rice_paddy,2015,1063900.0,183400.0,planted,5.8009814612868045,0.13564562233333335,12,"months [1, 2, 3, 4, 5, 6, 7, 8, 9, 10, 11, 12] (Sacks et al.)"
VN.ADM1.00011,rice_paddy,2016,1067600.0,180300.0,planted,5.921242373821409,0.13258399508333332,12,"months [1, 2, 3, 4, 5, 6, 7, 8, 9, 10, 11, 12] (Sacks et al.)"
VN.ADM1.00012,rice_paddy,2001,1807100.0,324100.0,planted,5.575748225856217,0.104000839625,12,"months [1, 2, 3, 4, 5, 6, 7, 8, 9, 10, 11, 12] (Sacks et al.)"
VN.ADM1.00012,rice_paddy,2002,1844100.0,321700.0,planted,5.732359341000932,0.11608611838333333,12,"months [1, 2, 3, 4, 5, 6, 7, 8, 9, 10, 11, 12] (Sacks et al.)"
VN.ADM1.00012,rice_paddy,2003,1762100.0,319600.0,planted,5.513454317897372,0.1114569015,12,"months [1, 2, 3, 4, 5, 6, 7, 8, 9, 10, 11, 12] (Sacks et al.)"
VN.ADM1.00012,rice_paddy,2004,1846900.0,316200.0,planted,5.840923466160658,0.10422023569166666,12,"months [1, 2, 3, 4, 5, 6, 7, 8, 9, 10, 11, 12] (Sacks et al.)"
VN.ADM1.00012,rice_paddy,2005,1554500.0,310700.0,planted,5.0032185387833925,0.10491819497499999,12,"months [1, 2, 3, 4, 5, 6, 7, 8, 9, 10, 11, 12] (Sacks et al.)"
VN.ADM1.00012,rice_paddy,2006,1834000.0,308400.0,planted,5.946822308690013,0.10818156616666667,12,"months [1, 2, 3, 4, 5, 6, 7, 8, 9, 10, 11, 12] (Sacks et al.)"
VN.ADM1.00012,rice_paddy,2007,1783500.0,306000.0,planted,5.828431372549019,0.09907823366666667,12,"months [1, 2, 3, 4, 5, 6, 7, 8, 9, 10, 11, 12] (Sacks et al.)"
VN.ADM1.00012,rice_paddy,2008,1813200.0,306800.0,planted,5.910039113428944,0.10743145148333333,12,"months [1, 2, 3, 4, 5, 6, 7, 8, 9, 10, 11, 12] (Sacks et al.)"
VN.ADM1.00012,rice_paddy,2009,1792300.0,310300.0,planted,5.7760232033515955,0.10600369433333334,12,"months [1, 2, 3, 4, 5, 6, 7, 8, 9, 10, 11, 12] (Sacks et al.)"
VN.ADM1.00012,rice_paddy,2010,1854900.0,310400.0,planted,5.975837628865979,0.09797463766666666,12,"months [1, 2, 3, 4, 5, 6, 7, 8, 9, 10, 11, 12] (Sacks et al.)"
VN.ADM1.00012,rice_paddy,2011,1844100.0,309000.0,planted,5.967961165048544,0.10237571675,12,"months [1, 2, 3, 4, 5, 6, 7, 8, 9, 10, 11, 12] (Sacks et al.)"
VN.ADM1.00012,rice_paddy,2012,1848700.0,307500.0,planted,6.012032520325203,0.10266405896666668,12,"months [1, 2, 3, 4, 5, 6, 7, 8, 9, 10, 11, 12] (Sacks et al.)"
VN.ADM1.00012,rice_paddy,2013,1770600.0,304500.0,planted,5.814778325123153,0.09790474649999999,12,"months [1, 2, 3, 4, 5, 6, 7, 8, 9, 10, 11, 12] (Sacks et al.)"
VN.ADM1.00012,rice_paddy,2014,1823600.0,302700.0,planted,6.024446646845061,0.11630752558333333,12,"months [1, 2, 3, 4, 5, 6, 7, 8, 9, 10, 11, 12] (Sacks et al.)"
VN.ADM1.00012,rice_paddy,2015,1816200.0,300500.0,planted,6.043926788685524,0.11325853708333333,12,"months [1, 2, 3, 4, 5, 6, 7, 8, 9, 10, 11, 12] (Sacks et al.)"
VN.ADM1.00012,rice_paddy,2016,1787500.0,297300.0,planted,6.0124453414059875,0.10329275491666667,12,"months [1, 2, 3, 4, 5, 6, 7, 8, 9, 10, 11, 12] (Sacks et al.)"
VN.ADM1.00013,rice_paddy,2001,1287000.0,265100.0,planted,4.854771784232365,0.13438825516666666,12,"months [1, 2, 3, 4, 5, 6, 7, 8, 9, 10, 11, 12] (Sacks et al.)"
VN.ADM1.00013,rice_paddy,2002,1377500.0,265600.0,planted,5.186370481927711,0.14571232,12,"months [1, 2, 3, 4, 5, 6, 7, 8, 9, 10, 11, 12] (Sacks et al.)"
VN.ADM1.00013,rice_paddy,2003,1350100.0,262200.0,planted,5.149122807017544,0.14703873016666666,12,"months [1, 2, 3, 4, 5, 6, 7, 8, 9, 10, 11, 12] (Sacks et al.)"
VN.ADM1.00013,rice_paddy,2004,1366800.0,255700.0,planted,5.34532655455612,0.1343309795,12,"months [1, 2, 3, 4, 5, 6, 7, 8, 9, 10, 11, 12] (Sacks et al.)"
VN.ADM1.00013,rice_paddy,2005,1312200.0,250500.0,planted,5.2383233532934135,0.14012298358333333,12,"months [1, 2, 3, 4, 5, 6, 7, 8, 9, 10, 11, 12] (Sacks et al.)"
VN.ADM1.00013,rice_paddy,2006,1318500.0,246500.0,planted,5.348884381338743,0.14855908308333335,12,"months [1, 2, 3, 4, 5, 6, 7, 8, 9, 10, 11, 12] (Sacks et al.)"
VN.ADM1.00013,rice_paddy,2007,1257400.0,241200.0,planted,5.2131011608623545,0.14174428375,12,"months [1, 2, 3, 4, 5, 6, 7, 8, 9, 10, 11, 12] (Sacks et al.)"
VN.ADM1.00013,rice_paddy,2008,1384600.0,248100.0,planted,5.580814187827489,0.132319838,12,"months [1, 2, 3, 4, 5, 6, 7, 8, 9, 10, 11, 12] (Sacks et al.)"
VN.ADM1.00013,rice_paddy,2009,1352400.0,248700.0,planted,5.4378769601930035,0.14183804216666668,12,"months [1, 2, 3, 4, 5, 6, 7, 8, 9, 10, 11, 12] (Sacks et al.)"
VN.ADM1.00013,rice_paddy,2010,1317800.0,244500.0,planted,5.389775051124745,0.13598699491666666,12,"months [1, 2, 3, 4, 5, 6, 7, 8, 9, 10, 11, 12] (Sacks et al.)"
VN.ADM1.00013,rice_paddy,2011,1428500.0,245200.0,planted,5.825856443719413,0.12946743725,12,"months [1, 2, 3, 4, 5, 6, 7, 8, 9, 10, 11, 12] (Sacks et al.)"
VN.ADM1.00013,rice_paddy,2012,1419400.0,246700.0,planted,5.7535468179975675,0.13092265583333332,12,"months [1, 2, 3, 4, 5, 6, 7, 8, 9, 10, 11, 12] (Sacks et al.)"
VN.ADM1.00013,rice_paddy,2013,1361900.0,245400.0,planted,5.549714751426243,0.12738229,12,"months [1, 2, 3, 4, 5, 6, 7, 8, 9, 10, 11, 12] (Sacks et al.)"
VN.ADM1.00013,rice_paddy,2014,1390500.0,243200.0,planted,5.717516447368421,0.13918632216666665,12,"months [1, 2, 3, 4, 5, 6, 7, 8, 9, 10, 11, 12] (Sacks et al.)"
VN.ADM1.00013,rice_paddy,2015,1365300.0,239900.0,planted,5.691121300541893,0.14620751733333334,12,"months [1, 2, 3, 4, 5, 6, 7, 8, 9, 10, 11, 12] (Sacks et al.)"
VN.ADM1.00013,rice_paddy,2016,1325500.0,237000.0,planted,5.5928270042194095,0.13826836016666666,12,"months [1, 2, 3, 4, 5, 6, 7, 8, 9, 10, 11, 12] (Sacks et al.)"
VN.ADM1.00015,rice_paddy,2001,360500.0,78100.0,planted,4.615877080665813,0.18607876208333332,12,"months [1, 2, 3, 4, 5, 6, 7, 8, 9, 10, 11, 12] (Sacks et al.)"
VN.ADM1.00015,rice_paddy,2002,357600.0,79200.0,planted,4.515151515151516,0.1819927766666667,12,"months [1, 2, 3, 4, 5, 6, 7, 8, 9, 10, 11, 12] (Sacks et al.)"
VN.ADM1.00015,rice_paddy,2003,390300.0,81300.0,planted,4.800738007380073,0.20236794291666668,12,"months [1, 2, 3, 4, 5, 6, 7, 8, 9, 10, 11, 12] (Sacks et al.)"
VN.ADM1.00015,rice_paddy,2004,397300.0,81400.0,planted,4.880835380835381,0.17917766899999998,12,"months [1, 2, 3, 4, 5, 6, 7, 8, 9, 10, 11, 12] (Sacks et al.)"
VN.ADM1.00015,rice_paddy,2005,403700.0,80900.0,planted,4.990111248454882,0.18639994216666667,12,"months [1, 2, 3, 4, 5, 6, 7, 8, 9, 10, 11, 12] (Sacks et al.)"
VN.ADM1.00015,rice_paddy,2006,409400.0,81500.0,planted,5.023312883435583,0.18175971624999998,12,"months [1, 2, 3, 4, 5, 6, 7, 8, 9, 10, 11, 12] (Sacks et al.)"
VN.ADM1.00015,rice_paddy,2007,414100.0,81400.0,planted,5.087223587223587,0.18273891291666666,12,"months [1, 2, 3, 4, 5, 6, 7, 8, 9, 10, 11, 12] (Sacks et al.)"
VN.ADM1.00015,rice_paddy,2008,423900.0,81800.0,planted,5.1821515892420535,0.1857976935833333,12,"months [1, 2, 3, 4, 5, 6, 7, 8, 9, 10, 11, 12] (Sacks et al.)"
VN.ADM1.00015,rice_paddy,2009,446600.0,82600.0,planted,5.406779661016949,0.19461387250000003,12,"months [1, 2, 3, 4, 5, 6, 7, 8, 9, 10, 11, 12] (Sacks et al.)"
VN.ADM1.00015,rice_paddy,2010,456000.0,81900.0,planted,5.5677655677655675,0.19456295866666665,12,"months [1, 2, 3, 4, 5, 6, 7, 8, 9, 10, 11, 12] (Sacks et al.)"
VN.ADM1.00015,rice_paddy,2011,467700.0,82800.0,planted,5.648550724637682,0.1735398179166667,12,"months [1, 2, 3, 4, 5, 6, 7, 8, 9, 10, 11, 12] (Sacks et al.)"
VN.ADM1.00015,rice_paddy,2012,469600.0,83200.0,planted,5.644230769230769,0.17263658133333334,12,"months [1, 2, 3, 4, 5, 6, 7, 8, 9, 10, 11, 12] (Sacks et al.)"
VN.ADM1.00015,rice_paddy,2013,473500.0,83300.0,planted,5.684273709483794,0.17849186766666666,12,"months [1, 2, 3, 4, 5, 6, 7, 8, 9, 10, 11, 12] (Sacks et al.)"
VN.ADM1.00015,rice_paddy,2014,473300.0,83000.0,planted,5.702409638554217,0.18198019283333333,12,"months [1, 2, 3, 4, 5, 6, 7, 8, 9, 10, 11, 12] (Sacks et al.)"
VN.ADM1.00015,rice_paddy,2015,469800.0,82400.0,planted,5.701456310679611,0.1960581875,12,"months [1, 2, 3, 4, 5, 6, 7, 8, 9, 10, 11, 12] (Sacks et al.)"
VN.ADM1.00015,rice_paddy,2016,474800.0,82600.0,planted,5.74818401937046,0.19746438416666667,12,"months [1, 2, 3, 4, 5, 6, 7, 8, 9, 10, 11, 12] (Sacks et al.)"
VN.ADM1.00016,rice_paddy,2001,1303400.0,234300.0,planted,5.5629534784464365,0.10845686225000001,12,"months [1, 2, 3, 4, 5, 6, 7, 8, 9, 10, 11, 12] (Sacks et al.)"
VN.ADM1.00016,rice_paddy,2002,1355700.0,231100.0,planted,5.866291648636953,0.11861601416666666,12,"months [1, 2, 3, 4, 5, 6, 7, 8, 9, 10, 11, 12] (Sacks et al.)"
VN.ADM1.00016,rice_paddy,2003,1348200.0,227200.0,planted,5.933978873239437,0.12151827716666667,12,"months [1, 2, 3, 4, 5, 6, 7, 8, 9, 10, 11, 12] (Sacks et al.)"
VN.ADM1.00016,rice_paddy,2004,1317600.0,221400.0,planted,5.951219512195122,0.10514878191666666,12,"months [1, 2, 3, 4, 5, 6, 7, 8, 9, 10, 11, 12] (Sacks et al.)"
VN.ADM1.00016,rice_paddy,2005,1280900.0,215900.0,planted,5.932839277443261,0.11866892441666667,12,"months [1, 2, 3, 4, 5, 6, 7, 8, 9, 10, 11, 12] (Sacks et al.)"
VN.ADM1.00016,rice_paddy,2006,1272500.0,212400.0,planted,5.99105461393597,0.11452702825,12,"months [1, 2, 3, 4, 5, 6, 7, 8, 9, 10, 11, 12] (Sacks et al.)"
VN.ADM1.00016,rice_paddy,2007,1233000.0,209000.0,planted,5.899521531100478,0.11334062733333333,12,"months [1, 2, 3, 4, 5, 6, 7, 8, 9, 10, 11, 12] (Sacks et al.)"
VN.ADM1.00016,rice_paddy,2008,1272200.0,208600.0,planted,6.09875359539789,0.11361628958333335,12,"months [1, 2, 3, 4, 5, 6, 7, 8, 9, 10, 11, 12] (Sacks et al.)"
VN.ADM1.00016,rice_paddy,2009,1284500.0,208500.0,planted,6.160671462829736,0.12097472100000001,12,"months [1, 2, 3, 4, 5, 6, 7, 8, 9, 10, 11, 12] (Sacks et al.)"
VN.ADM1.00016,rice_paddy,2010,1272500.0,209400.0,planted,6.076886341929322,0.11259828166666667,12,"months [1, 2, 3, 4, 5, 6, 7, 8, 9, 10, 11, 12] (Sacks et al.)"
VN.ADM1.00016,rice_paddy,2011,1309500.0,208500.0,planted,6.280575539568345,0.11498465383333334,12,"months [1, 2, 3, 4, 5, 6, 7, 8, 9, 10, 11, 12] (Sacks et al.)"
VN.ADM1.00016,rice_paddy,2012,1310900.0,208200.0,planted,6.296349663784822,0.112996933625,12,"months [1, 2, 3, 4, 5, 6, 7, 8, 9, 10, 11, 12] (Sacks et al.)"
VN.ADM1.00016,rice_paddy,2013,1241900.0,206600.0,planted,6.011132623426912,0.10776883916666667,12,"months [1, 2, 3, 4, 5, 6, 7, 8, 9, 10, 11, 12] (Sacks et al.)"
VN.ADM1.00016,rice_paddy,2014,1232200.0,203900.0,planted,6.043158410985777,0.12618424383333335,12,"months [1, 2, 3, 4, 5, 6, 7, 8, 9, 10, 11, 12] (Sacks et al.)"
VN.ADM1.00016,rice_paddy,2015,1220500.0,200200.0,planted,6.096403596403596,0.12664610825,12,"months [1, 2, 3, 4, 5, 6, 7, 8, 9, 10, 11, 12] (Sacks et al.)"
VN.ADM1.00016,rice_paddy,2016,1183800.0,194400.0,planted,6.089506172839506,0.11333716566666667,12,"months [1, 2, 3, 4, 5, 6, 7, 8, 9, 10, 11, 12] (Sacks et al.)"
VN.ADM1.00018,rice_paddy,2001,3480100.0,789900.0,planted,4.405747562982656,0.183349275,12,"months [1, 2, 3, 4, 5, 6, 7, 8, 9, 10, 11, 12] (Sacks et al.)"
VN.ADM1.00018,rice_paddy,2002,3859000.0,811500.0,planted,4.755391250770178,0.19708120083333333,12,"months [1, 2, 3, 4, 5, 6, 7, 8, 9, 10, 11, 12] (Sacks et al.)"
VN.ADM1.00018,rice_paddy,2003,3752600.0,803000.0,planted,4.673225404732254,0.18308625383333332,12,"months [1, 2, 3, 4, 5, 6, 7, 8, 9, 10, 11, 12] (Sacks et al.)"
VN.ADM1.00018,rice_paddy,2004,3797500.0,773500.0,planted,4.909502262443439,0.18659862583333334,12,"months [1, 2, 3, 4, 5, 6, 7, 8, 9, 10, 11, 12] (Sacks et al.)"
VN.ADM1.00018,rice_paddy,2005,3977100.0,782000.0,planted,5.085805626598465,0.1855614375,12,"months [1, 2, 3, 4, 5, 6, 7, 8, 9, 10, 11, 12] (Sacks et al.)"
VN.ADM1.00018,rice_paddy,2006,3818000.0,774300.0,planted,4.930905333849929,0.18568057083333334,12,"months [1, 2, 3, 4, 5, 6, 7, 8, 9, 10, 11, 12] (Sacks et al.)"
VN.ADM1.00018,rice_paddy,2007,3599200.0,722600.0,planted,4.980902297259894,0.1869507275,12,"months [1, 2, 3, 4, 5, 6, 7, 8, 9, 10, 11, 12] (Sacks et al.)"
VN.ADM1.00018,rice_paddy,2008,3958100.0,743800.0,planted,5.321457381016402,0.18759475700000003,12,"months [1, 2, 3, 4, 5, 6, 7, 8, 9, 10, 11, 12] (Sacks et al.)"
VN.ADM1.00018,rice_paddy,2009,3912300.0,734600.0,planted,5.325755513204465,0.19834826166666666,12,"months [1, 2, 3, 4, 5, 6, 7, 8, 9, 10, 11, 12] (Sacks et al.)"
VN.ADM1.00018,rice_paddy,2010,4253500.0,769700.0,planted,5.5261790307912175,0.20699015833333334,12,"months [1, 2, 3, 4, 5, 6, 7, 8, 9, 10, 11, 12] (Sacks et al.)"
VN.ADM1.00018,rice_paddy,2011,4508800.0,786400.0,planted,5.733468972533062,0.19336015083333336,12,"months [1, 2, 3, 4, 5, 6, 7, 8, 9, 10, 11, 12] (Sacks et al.)"
VN.ADM1.00018,rice_paddy,2012,4751500.0,808200.0,planted,5.879114080673101,0.2072652445833333,12,"months [1, 2, 3, 4, 5, 6, 7, 8, 9, 10, 11, 12] (Sacks et al.)"
VN.ADM1.00018,rice_paddy,2013,4781600.0,822100.0,planted,5.816324048169323,0.19591862666666668,12,"months [1, 2, 3, 4, 5, 6, 7, 8, 9, 10, 11, 12] (Sacks et al.)"
VN.ADM1.00018,rice_paddy,2014,4837600.0,801500.0,planted,6.035683094198378,0.19774837,12,"months [1, 2, 3, 4, 5, 6, 7, 8, 9, 10, 11, 12] (Sacks et al.)"
VN.ADM1.00018,rice_paddy,2015,4995900.0,812000.0,planted,6.152586206896552,0.21326675250000002,12,"months [1, 2, 3, 4, 5, 6, 7, 8, 9, 10, 11, 12] (Sacks et al.)"
VN.ADM1.00018,rice_paddy,2016,4744000.0,798900.0,planted,5.93816497684316,0.20183703416666668,12,"months [1, 2, 3, 4, 5, 6, 7, 8, 9, 10, 11, 12] (Sacks et al.)"
VN.ADM1.00019,rice_paddy,2001,209200.0,67000.0,planted,3.1223880597014926,0.14577662783333334,12,"months [1, 2, 3, 4, 5, 6, 7, 8, 9, 10, 11, 12] (Sacks et al.)"
VN.ADM1.00019,rice_paddy,2002,176800.0,56200.0,planted,3.1459074733096086,0.13447749325,12,"months [1, 2, 3, 4, 5, 6, 7, 8, 9, 10, 11, 12] (Sacks et al.)"
VN.ADM1.00019,rice_paddy,2003,162300.0,49400.0,planted,3.285425101214575,0.13469514491666665,12,"months [1, 2, 3, 4, 5, 6, 7, 8, 9, 10, 11, 12] (Sacks et al.)"
VN.ADM1.00019,rice_paddy,2004,159100.0,46700.0,planted,3.4068522483940042,0.1241684875,12,"months [1, 2, 3, 4, 5, 6, 7, 8, 9, 10, 11, 12] (Sacks et al.)"
VN.ADM1.00019,rice_paddy,2005,133600.0,40400.0,planted,3.3069306930693068,0.11664052000000001,12,"months [1, 2, 3, 4, 5, 6, 7, 8, 9, 10, 11, 12] (Sacks et al.)"
VN.ADM1.00019,rice_paddy,2006,104200.0,36200.0,planted,2.8784530386740332,0.12943780791666668,12,"months [1, 2, 3, 4, 5, 6, 7, 8, 9, 10, 11, 12] (Sacks et al.)"
VN.ADM1.00019,rice_paddy,2007,112900.0,32800.0,planted,3.442073170731707,0.13046810783333332,12,"months [1, 2, 3, 4, 5, 6, 7, 8, 9, 10, 11, 12] (Sacks et al.)"
VN.ADM1.00019,rice_paddy,2008,110900.0,30400.0,planted,3.648026315789474,0.13193828999999999,12,"months [1, 2, 3, 4, 5, 6, 7, 8, 9, 10, 11, 12] (Sacks et al.)"
VN.ADM1.00019,rice_paddy,2009,100000.0,27200.0,planted,3.676470588235294,0.13787915158333333,12,"months [1, 2, 3, 4, 5, 6, 7, 8, 9, 10, 11, 12] (Sacks et al.)"
VN.ADM1.00019,rice_paddy,2010,91700.0,24400.0,planted,3.7581967213114753,0.13267653333333332,12,"months [1, 2, 3, 4, 5, 6, 7, 8, 9, 10, 11, 12] (Sacks et al.)"
VN.ADM1.00019,rice_paddy,2011,85800.0,22000.0,planted,3.9,0.13447800216666667,12,"months [1, 2, 3, 4, 5, 6, 7, 8, 9, 10, 11, 12] (Sacks et al.)"
VN.ADM1.00019,rice_paddy,2012,93000.0,22400.0,planted,4.151785714285714,0.14373961958333334,12,"months [1, 2, 3, 4, 5, 6, 7, 8, 9, 10, 11, 12] (Sacks et al.)"
VN.ADM1.00019,rice_paddy,2013,90300.0,21400.0,planted,4.219626168224299,0.1396239875,12,"months [1, 2, 3, 4, 5, 6, 7, 8, 9, 10, 11, 12] (Sacks et al.)"
VN.ADM1.00019,rice_paddy,2014,88600.0,20900.0,planted,4.239234449760765,0.1349862025,12,"months [1, 2, 3, 4, 5, 6, 7, 8, 9, 10, 11, 12] (Sacks et al.)"
VN.ADM1.00019,rice_paddy,2015,88300.0,20300.0,planted,4.349753694581281,0.13777493633333335,12,"months [1, 2, 3, 4, 5, 6, 7, 8, 9, 10, 11, 12] (Sacks et al.)"
VN.ADM1.00019,rice_paddy,2016,85200.0,19500.0,planted,4.369230769230769,0.12858541033333334,12,"months [1, 2, 3, 4, 5, 6, 7, 8, 9, 10, 11, 12] (Sacks et al.)"
VN.ADM1.00020,rice_paddy,2001,277700.0,77300.0,planted,3.592496765847348,0.16981510433333333,12,"months [1, 2, 3, 4, 5, 6, 7, 8, 9, 10, 11, 12] (Sacks et al.)"
VN.ADM1.00020,rice_paddy,2002,285300.0,76700.0,planted,3.7196870925684484,0.1684314663333333,12,"months [1, 2, 3, 4, 5, 6, 7, 8, 9, 10, 11, 12] (Sacks et al.)"
VN.ADM1.00020,rice_paddy,2003,304800.0,78000.0,planted,3.9076923076923076,0.18372362416666665,12,"months [1, 2, 3, 4, 5, 6, 7, 8, 9, 10, 11, 12] (Sacks et al.)"
VN.ADM1.00020,rice_paddy,2004,282900.0,69200.0,planted,4.088150289017341,0.16384932625,12,"months [1, 2, 3, 4, 5, 6, 7, 8, 9, 10, 11, 12] (Sacks et al.)"
VN.ADM1.00020,rice_paddy,2005,287000.0,69700.0,planted,4.117647058823529,0.1726830455,12,"months [1, 2, 3, 4, 5, 6, 7, 8, 9, 10, 11, 12] (Sacks et al.)"
VN.ADM1.00020,rice_paddy,2006,296400.0,69300.0,planted,4.2770562770562774,0.17260082166666668,12,"months [1, 2, 3, 4, 5, 6, 7, 8, 9, 10, 11, 12] (Sacks et al.)"
VN.ADM1.00020,rice_paddy,2007,302200.0,69700.0,planted,4.335724533715926,0.17281871191666667,12,"months [1, 2, 3, 4, 5, 6, 7, 8, 9, 10, 11, 12] (Sacks et al.)"
VN.ADM1.00020,rice_paddy,2008,288600.0,67900.0,planted,4.250368188512518,0.17789317941666669,12,"months [1, 2, 3, 4, 5, 6, 7, 8, 9, 10, 11, 12] (Sacks et al.)"
VN.ADM1.00020,rice_paddy,2009,314500.0,70300.0,planted,4.473684210526316,0.17850257625,12,"months [1, 2, 3, 4, 5, 6, 7, 8, 9, 10, 11, 12] (Sacks et al.)"
VN.ADM1.00020,rice_paddy,2010,312500.0,70700.0,planted,4.42008486562942,0.17482253749999999,12,"months [1, 2, 3, 4, 5, 6, 7, 8, 9, 10, 11, 12] (Sacks et al.)"
VN.ADM1.00020,rice_paddy,2011,336500.0,71600.0,planted,4.699720670391062,0.15545582566666666,12,"months [1, 2, 3, 4, 5, 6, 7, 8, 9, 10, 11, 12] (Sacks et al.)"
VN.ADM1.00020,rice_paddy,2012,342000.0,71000.0,planted,4.816901408450704,0.16124316283333334,12,"months [1, 2, 3, 4, 5, 6, 7, 8, 9, 10, 11, 12] (Sacks et al.)"
VN.ADM1.00020,rice_paddy,2013,345400.0,71000.0,planted,4.864788732394366,0.16521927833333333,12,"months [1, 2, 3, 4, 5, 6, 7, 8, 9, 10, 11, 12] (Sacks et al.)"
VN.ADM1.00020,rice_paddy,2014,350800.0,71700.0,planted,4.892608089260809,0.16336017233333333,12,"months [1, 2, 3, 4, 5, 6, 7, 8, 9, 10, 11, 12] (Sacks et al.)"
VN.ADM1.00020,rice_paddy,2015,357800.0,72000.0,planted,4.969444444444444,0.18085586425,12,"months [1, 2, 3, 4, 5, 6, 7, 8, 9, 10, 11, 12] (Sacks et al.)"
VN.ADM1.00020,rice_paddy,2016,372500.0,74400.0,planted,5.006720430107527,0.17901744333333333,12,"months [1, 2, 3, 4, 5, 6, 7, 8, 9, 10, 11, 12] (Sacks et al.)"
VN.ADM1.00021,rice_paddy,2001,2188000.0,550600.0,planted,3.9738467126770796,0.11499303291666667,12,"months [1, 2, 3, 4, 5, 6, 7, 8, 9, 10, 11, 12] (Sacks et al.)"
VN.ADM1.00021,rice_paddy,2002,2578400.0,575900.0,planted,4.477166174683105,0.10864863400000001,12,"months [1, 2, 3, 4, 5, 6, 7, 8, 9, 10, 11, 12] (Sacks et al.)"
VN.ADM1.00021,rice_paddy,2003,2489600.0,563100.0,planted,4.4212395666844255,0.11122908625,12,"months [1, 2, 3, 4, 5, 6, 7, 8, 9, 10, 11, 12] (Sacks et al.)"
VN.ADM1.00021,rice_paddy,2004,2739800.0,570300.0,planted,4.80413817289146,0.10280020583333334,12,"months [1, 2, 3, 4, 5, 6, 7, 8, 9, 10, 11, 12] (Sacks et al.)"
VN.ADM1.00021,rice_paddy,2005,2944300.0,595800.0,planted,4.94175897952333,0.10107922241666667,12,"months [1, 2, 3, 4, 5, 6, 7, 8, 9, 10, 11, 12] (Sacks et al.)"
VN.ADM1.00021,rice_paddy,2006,2744300.0,595100.0,planted,4.611493866577046,0.10660767466666667,12,"months [1, 2, 3, 4, 5, 6, 7, 8, 9, 10, 11, 12] (Sacks et al.)"
VN.ADM1.00021,rice_paddy,2007,2977300.0,582900.0,planted,5.107737176188025,0.1058263035,12,"months [1, 2, 3, 4, 5, 6, 7, 8, 9, 10, 11, 12] (Sacks et al.)"
VN.ADM1.00021,rice_paddy,2008,3387200.0,609200.0,planted,5.560078791858174,0.10792670291666666,12,"months [1, 2, 3, 4, 5, 6, 7, 8, 9, 10, 11, 12] (Sacks et al.)"
VN.ADM1.00021,rice_paddy,2009,3397700.0,622100.0,planted,5.461662112200611,0.11662512133333335,12,"months [1, 2, 3, 4, 5, 6, 7, 8, 9, 10, 11, 12] (Sacks et al.)"
VN.ADM1.00021,rice_paddy,2010,3497100.0,642700.0,planted,5.441263419947099,0.11907580258333333,12,"months [1, 2, 3, 4, 5, 6, 7, 8, 9, 10, 11, 12] (Sacks et al.)"
VN.ADM1.00021,rice_paddy,2011,3921100.0,686900.0,planted,5.708400058232639,0.11795771041666665,12,"months [1, 2, 3, 4, 5, 6, 7, 8, 9, 10, 11, 12] (Sacks et al.)"
VN.ADM1.00021,rice_paddy,2012,4287100.0,725100.0,planted,5.912425872293476,0.13345972175,12,"months [1, 2, 3, 4, 5, 6, 7, 8, 9, 10, 11, 12] (Sacks et al.)"
VN.ADM1.00021,rice_paddy,2013,4471800.0,770400.0,planted,5.804517133956386,0.12019938241666667,12,"months [1, 2, 3, 4, 5, 6, 7, 8, 9, 10, 11, 12] (Sacks et al.)"
VN.ADM1.00021,rice_paddy,2014,4532200.0,753600.0,planted,6.014065817409766,0.12833247283333335,12,"months [1, 2, 3, 4, 5, 6, 7, 8, 9, 10, 11, 12] (Sacks et al.)"
VN.ADM1.00021,rice_paddy,2015,4643000.0,769500.0,planted,6.033788174139051,0.13030225908333334,12,"months [1, 2, 3, 4, 5, 6, 7, 8, 9, 10, 11, 12] (Sacks et al.)"
VN.ADM1.00021,rice_paddy,2016,4161500.0,765900.0,planted,5.4334769552160855,0.12682344833333334,12,"months [1, 2, 3, 4, 5, 6, 7, 8, 9, 10, 11, 12] (Sacks et al.)"
VN.ADM1.00025,rice_paddy,2001,1626200.0,440900.0,planted,3.688364708550692,0.12882076575,12,"months [1, 2, 3, 4, 5, 6, 7, 8, 9, 10, 11, 12] (Sacks et al.)"
VN.ADM1.00025,rice_paddy,2002,1738600.0,433300.0,planted,4.012462497115163,0.13111313816666667,12,"months [1, 2, 3, 4, 5, 6, 7, 8, 9, 10, 11, 12] (Sacks et al.)"
VN.ADM1.00025,rice_paddy,2003,1772800.0,424100.0,planted,4.180146191935864,0.14626903166666666,12,"months [1, 2, 3, 4, 5, 6, 7, 8, 9, 10, 11, 12] (Sacks et al.)"
VN.ADM1.00025,rice_paddy,2004,1902700.0,433400.0,planted,4.3901707429626216,0.14618728166666667,12,"months [1, 2, 3, 4, 5, 6, 7, 8, 9, 10, 11, 12] (Sacks et al.)"
VN.ADM1.00025,rice_paddy,2005,1934200.0,429300.0,planted,4.505474027486606,0.13741175549999998,12,"months [1, 2, 3, 4, 5, 6, 7, 8, 9, 10, 11, 12] (Sacks et al.)"
VN.ADM1.00025,rice_paddy,2006,1769400.0,433200.0,planted,4.084487534626039,0.15131301191666666,12,"months [1, 2, 3, 4, 5, 6, 7, 8, 9, 10, 11, 12] (Sacks et al.)"
VN.ADM1.00025,rice_paddy,2007,1950600.0,428400.0,planted,4.553221288515406,0.16161539883333334,12,"months [1, 2, 3, 4, 5, 6, 7, 8, 9, 10, 11, 12] (Sacks et al.)"
VN.ADM1.00025,rice_paddy,2008,2178100.0,457000.0,planted,4.766083150984683,0.14691449883333332,12,"months [1, 2, 3, 4, 5, 6, 7, 8, 9, 10, 11, 12] (Sacks et al.)"
VN.ADM1.00025,rice_paddy,2009,2158600.0,463600.0,planted,4.656169111302847,0.16372236491666667,12,"months [1, 2, 3, 4, 5, 6, 7, 8, 9, 10, 11, 12] (Sacks et al.)"
VN.ADM1.00025,rice_paddy,2010,2304800.0,471100.0,planted,4.8923795372532375,0.17011870358333334,12,"months [1, 2, 3, 4, 5, 6, 7, 8, 9, 10, 11, 12] (Sacks et al.)"
VN.ADM1.00025,rice_paddy,2011,2550700.0,484200.0,planted,5.267864518793886,0.15327414308333334,12,"months [1, 2, 3, 4, 5, 6, 7, 8, 9, 10, 11, 12] (Sacks et al.)"
VN.ADM1.00025,rice_paddy,2012,2663500.0,499600.0,planted,5.331265012009608,0.1914101775,12,"months [1, 2, 3, 4, 5, 6, 7, 8, 9, 10, 11, 12] (Sacks et al.)"
VN.ADM1.00025,rice_paddy,2013,2816100.0,527700.0,planted,5.3365548607163165,0.17549229583333334,12,"months [1, 2, 3, 4, 5, 6, 7, 8, 9, 10, 11, 12] (Sacks et al.)"
VN.ADM1.00025,rice_paddy,2014,2860600.0,519200.0,planted,5.509630200308166,0.19628231250000003,12,"months [1, 2, 3, 4, 5, 6, 7, 8, 9, 10, 11, 12] (Sacks et al.)"
VN.ADM1.00025,rice_paddy,2015,2918700.0,522900.0,planted,5.581755593803787,0.20500574166666666,12,"months [1, 2, 3, 4, 5, 6, 7, 8, 9, 10, 11, 12] (Sacks et al.)"
VN.ADM1.00025,rice_paddy,2016,2802200.0,527400.0,planted,5.3132347364429275,0.19232847283333332,12,"months [1, 2, 3, 4, 5, 6, 7, 8, 9, 10, 11, 12] (Sacks et al.)"
VN.ADM1.00026,rice_paddy,2001,1145400.0,309600.0,planted,3.699612403100775,0.06863688916666667,12,"months [1, 2, 3, 4, 5, 6, 7, 8, 9, 10, 11, 12] (Sacks et al.)"
VN.ADM1.00026,rice_paddy,2002,1114600.0,300300.0,planted,3.711621711621712,0.06387105941666667,12,"months [1, 2, 3, 4, 5, 6, 7, 8, 9, 10, 11, 12] (Sacks et al.)"
VN.ADM1.00026,rice_paddy,2003,980800.0,257400.0,planted,3.8104118104118103,0.056374131083333334,12,"months [1, 2, 3, 4, 5, 6, 7, 8, 9, 10, 11, 12] (Sacks et al.)"
VN.ADM1.00026,rice_paddy,2004,1018500.0,268900.0,planted,3.7876534027519524,0.04814776083333333,12,"months [1, 2, 3, 4, 5, 6, 7, 8, 9, 10, 11, 12] (Sacks et al.)"
VN.ADM1.00026,rice_paddy,2005,1048400.0,250900.0,planted,4.178557194101235,0.048823558833333336,12,"months [1, 2, 3, 4, 5, 6, 7, 8, 9, 10, 11, 12] (Sacks et al.)"
VN.ADM1.00026,rice_paddy,2006,1080500.0,259500.0,planted,4.163776493256262,0.05656917941666667,12,"months [1, 2, 3, 4, 5, 6, 7, 8, 9, 10, 11, 12] (Sacks et al.)"
VN.ADM1.00026,rice_paddy,2007,1112400.0,273000.0,planted,4.0747252747252745,0.054027540166666665,12,"months [1, 2, 3, 4, 5, 6, 7, 8, 9, 10, 11, 12] (Sacks et al.)"
VN.ADM1.00026,rice_paddy,2008,1247200.0,287900.0,planted,4.332059742966308,0.06567279466666666,12,"months [1, 2, 3, 4, 5, 6, 7, 8, 9, 10, 11, 12] (Sacks et al.)"
VN.ADM1.00026,rice_paddy,2009,1323800.0,305500.0,planted,4.333224222585924,0.07092447625,12,"months [1, 2, 3, 4, 5, 6, 7, 8, 9, 10, 11, 12] (Sacks et al.)"
VN.ADM1.00026,rice_paddy,2010,1307800.0,283800.0,planted,4.608174770965468,0.06148459741666667,12,"months [1, 2, 3, 4, 5, 6, 7, 8, 9, 10, 11, 12] (Sacks et al.)"
VN.ADM1.00026,rice_paddy,2011,1449300.0,294500.0,planted,4.921222410865874,0.07711743508333334,12,"months [1, 2, 3, 4, 5, 6, 7, 8, 9, 10, 11, 12] (Sacks et al.)"
VN.ADM1.00026,rice_paddy,2012,1542700.0,307900.0,planted,5.0103929847353035,0.0731647825,12,"months [1, 2, 3, 4, 5, 6, 7, 8, 9, 10, 11, 12] (Sacks et al.)"
VN.ADM1.00026,rice_paddy,2013,1584400.0,311600.0,planted,5.084724005134788,0.07571095541666667,12,"months [1, 2, 3, 4, 5, 6, 7, 8, 9, 10, 11, 12] (Sacks et al.)"
VN.ADM1.00026,rice_paddy,2014,1589000.0,307600.0,planted,5.165799739921977,0.0697827615,12,"months [1, 2, 3, 4, 5, 6, 7, 8, 9, 10, 11, 12] (Sacks et al.)"
VN.ADM1.00026,rice_paddy,2015,1510600.0,304000.0,planted,4.969078947368421,0.07477788049999999,12,"months [1, 2, 3, 4, 5, 6, 7, 8, 9, 10, 11, 12] (Sacks et al.)"
VN.ADM1.00026,rice_paddy,2016,1445100.0,284500.0,planted,5.079437609841828,0.07371446608333333,12,"months [1, 2, 3, 4, 5, 6, 7, 8, 9, 10, 11, 12] (Sacks et al.)"
VN.ADM1.00027,rice_paddy,2001,1195200.0,297400.0,planted,4.018829858776059,0.15176127891666666,12,"months [1, 2, 3, 4, 5, 6, 7, 8, 9, 10, 11, 12] (Sacks et al.)"
VN.ADM1.00027,rice_paddy,2002,1282600.0,296400.0,planted,4.327260458839406,0.15529666516666665,12,"months [1, 2, 3, 4, 5, 6, 7, 8, 9, 10, 11, 12] (Sacks et al.)"
VN.ADM1.00027,rice_paddy,2003,1302700.0,291900.0,planted,4.462829736211031,0.15640059816666665,12,"months [1, 2, 3, 4, 5, 6, 7, 8, 9, 10, 11, 12] (Sacks et al.)"
VN.ADM1.00027,rice_paddy,2004,1365800.0,284700.0,planted,4.79733052335792,0.14436953249999998,12,"months [1, 2, 3, 4, 5, 6, 7, 8, 9, 10, 11, 12] (Sacks et al.)"
VN.ADM1.00027,rice_paddy,2005,1276300.0,278700.0,planted,4.579476139217797,0.13530310883333332,12,"months [1, 2, 3, 4, 5, 6, 7, 8, 9, 10, 11, 12] (Sacks et al.)"
VN.ADM1.00027,rice_paddy,2006,1388100.0,284000.0,planted,4.887676056338028,0.15293341416666667,12,"months [1, 2, 3, 4, 5, 6, 7, 8, 9, 10, 11, 12] (Sacks et al.)"
VN.ADM1.00027,rice_paddy,2007,1210500.0,282100.0,planted,4.291031549096065,0.14889918316666667,12,"months [1, 2, 3, 4, 5, 6, 7, 8, 9, 10, 11, 12] (Sacks et al.)"
VN.ADM1.00027,rice_paddy,2008,1400800.0,283600.0,planted,4.93935119887165,0.14795611733333333,12,"months [1, 2, 3, 4, 5, 6, 7, 8, 9, 10, 11, 12] (Sacks et al.)"
VN.ADM1.00027,rice_paddy,2009,1366600.0,284900.0,planted,4.796770796770796,0.15922640125,12,"months [1, 2, 3, 4, 5, 6, 7, 8, 9, 10, 11, 12] (Sacks et al.)"
VN.ADM1.00027,rice_paddy,2010,1243000.0,282500.0,planted,4.4,0.14333546583333334,12,"months [1, 2, 3, 4, 5, 6, 7, 8, 9, 10, 11, 12] (Sacks et al.)"
VN.ADM1.00027,rice_paddy,2011,1430800.0,285100.0,planted,5.018589968432129,0.13509880741666666,12,"months [1, 2, 3, 4, 5, 6, 7, 8, 9, 10, 11, 12] (Sacks et al.)"
VN.ADM1.00027,rice_paddy,2012,1452100.0,285400.0,planted,5.087946741415557,0.15937064208333332,12,"months [1, 2, 3, 4, 5, 6, 7, 8, 9, 10, 11, 12] (Sacks et al.)"
VN.ADM1.00027,rice_paddy,2013,1409100.0,282900.0,planted,4.980911983032874,0.15165962541666667,12,"months [1, 2, 3, 4, 5, 6, 7, 8, 9, 10, 11, 12] (Sacks et al.)"
VN.ADM1.00027,rice_paddy,2014,1523900.0,289000.0,planted,5.2730103806228374,0.15807875425,12,"months [1, 2, 3, 4, 5, 6, 7, 8, 9, 10, 11, 12] (Sacks et al.)"
VN.ADM1.00027,rice_paddy,2015,1500300.0,288300.0,planted,5.203954214360041,0.16052180525,12,"months [1, 2, 3, 4, 5, 6, 7, 8, 9, 10, 11, 12] (Sacks et al.)"
VN.ADM1.00027,rice_paddy,2016,1537800.0,289400.0,planted,5.313752591568763,0.15505354616666667,12,"months [1, 2, 3, 4, 5, 6, 7, 8, 9, 10, 11, 12] (Sacks et al.)"
VN.ADM1.00028,rice_paddy,2001,852000.0,208200.0,planted,4.0922190201729105,0.21024825291666668,12,"months [1, 2, 3, 4, 5, 6, 7, 8, 9, 10, 11, 12] (Sacks et al.)"
VN.ADM1.00028,rice_paddy,2002,846600.0,199700.0,planted,4.239359038557836,0.192000205,12,"months [1, 2, 3, 4, 5, 6, 7, 8, 9, 10, 11, 12] (Sacks et al.)"
VN.ADM1.00028,rice_paddy,2003,923300.0,206100.0,planted,4.4798641436196025,0.20132974416666669,12,"months [1, 2, 3, 4, 5, 6, 7, 8, 9, 10, 11, 12] (Sacks et al.)"
VN.ADM1.00028,rice_paddy,2004,932800.0,200600.0,planted,4.650049850448654,0.18334888666666668,12,"months [1, 2, 3, 4, 5, 6, 7, 8, 9, 10, 11, 12] (Sacks et al.)"
VN.ADM1.00028,rice_paddy,2005,894400.0,186000.0,planted,4.808602150537634,0.18110660374999998,12,"months [1, 2, 3, 4, 5, 6, 7, 8, 9, 10, 11, 12] (Sacks et al.)"
VN.ADM1.00028,rice_paddy,2006,984700.0,196100.0,planted,5.021417644059153,0.20310067833333334,12,"months [1, 2, 3, 4, 5, 6, 7, 8, 9, 10, 11, 12] (Sacks et al.)"
VN.ADM1.00028,rice_paddy,2007,960400.0,186000.0,planted,5.163440860215053,0.19679096250000003,12,"months [1, 2, 3, 4, 5, 6, 7, 8, 9, 10, 11, 12] (Sacks et al.)"
VN.ADM1.00028,rice_paddy,2008,973400.0,188900.0,planted,5.15299100052938,0.19550590333333331,12,"months [1, 2, 3, 4, 5, 6, 7, 8, 9, 10, 11, 12] (Sacks et al.)"
VN.ADM1.00028,rice_paddy,2009,974300.0,186500.0,planted,5.224128686327078,0.202769495,12,"months [1, 2, 3, 4, 5, 6, 7, 8, 9, 10, 11, 12] (Sacks et al.)"
VN.ADM1.00028,rice_paddy,2010,1024400.0,185800.0,planted,5.513455328310011,0.1973025625,12,"months [1, 2, 3, 4, 5, 6, 7, 8, 9, 10, 11, 12] (Sacks et al.)"
VN.ADM1.00028,rice_paddy,2011,1029700.0,184900.0,planted,5.568956192536506,0.18155133333333331,12,"months [1, 2, 3, 4, 5, 6, 7, 8, 9, 10, 11, 12] (Sacks et al.)"
VN.ADM1.00028,rice_paddy,2012,1058600.0,184700.0,planted,5.73145641580942,0.2172558525,12,"months [1, 2, 3, 4, 5, 6, 7, 8, 9, 10, 11, 12] (Sacks et al.)"
VN.ADM1.00028,rice_paddy,2013,1019100.0,177300.0,planted,5.7478849407783414,0.20155496425,12,"months [1, 2, 3, 4, 5, 6, 7, 8, 9, 10, 11, 12] (Sacks et al.)"
VN.ADM1.00028,rice_paddy,2014,1072200.0,180100.0,planted,5.9533592448639645,0.20262827549999998,12,"months [1, 2, 3, 4, 5, 6, 7, 8, 9, 10, 11, 12] (Sacks et al.)"
VN.ADM1.00028,rice_paddy,2015,1085300.0,181400.0,planted,5.9829106945975745,0.21693387416666665,12,"months [1, 2, 3, 4, 5, 6, 7, 8, 9, 10, 11, 12] (Sacks et al.)"
VN.ADM1.00028,rice_paddy,2016,1055200.0,178300.0,planted,5.918115535614134,0.20496129249999998,12,"months [1, 2, 3, 4, 5, 6, 7, 8, 9, 10, 11, 12] (Sacks et al.)"
VN.ADM1.00029,rice_paddy,2001,472500.0,105700.0,planted,4.470198675496689,0.19572509333333332,12,"months [1, 2, 3, 4, 5, 6, 7, 8, 9, 10, 11, 12] (Sacks et al.)"
VN.ADM1.00029,rice_paddy,2002,471400.0,101600.0,planted,4.639763779527559,0.18472519499999998,12,"months [1, 2, 3, 4, 5, 6, 7, 8, 9, 10, 11, 12] (Sacks et al.)"
VN.ADM1.00029,rice_paddy,2003,524000.0,105400.0,planted,4.971537001897533,0.20161869666666665,12,"months [1, 2, 3, 4, 5, 6, 7, 8, 9, 10, 11, 12] (Sacks et al.)"
VN.ADM1.00029,rice_paddy,2004,526200.0,105100.0,planted,5.0066603235014275,0.1766608975,12,"months [1, 2, 3, 4, 5, 6, 7, 8, 9, 10, 11, 12] (Sacks et al.)"
VN.ADM1.00029,rice_paddy,2005,455800.0,93100.0,planted,4.895810955961332,0.1500297925,12,"months [1, 2, 3, 4, 5, 6, 7, 8, 9, 10, 11, 12] (Sacks et al.)"
VN.ADM1.00029,rice_paddy,2006,518300.0,104900.0,planted,4.94089609151573,0.20083418583333335,12,"months [1, 2, 3, 4, 5, 6, 7, 8, 9, 10, 11, 12] (Sacks et al.)"
VN.ADM1.00029,rice_paddy,2007,515800.0,97700.0,planted,5.27942681678608,0.19215202916666665,12,"months [1, 2, 3, 4, 5, 6, 7, 8, 9, 10, 11, 12] (Sacks et al.)"
VN.ADM1.00029,rice_paddy,2008,509800.0,102400.0,planted,4.978515625,0.19191023416666667,12,"months [1, 2, 3, 4, 5, 6, 7, 8, 9, 10, 11, 12] (Sacks et al.)"
VN.ADM1.00029,rice_paddy,2009,555000.0,102600.0,planted,5.409356725146199,0.205185345,12,"months [1, 2, 3, 4, 5, 6, 7, 8, 9, 10, 11, 12] (Sacks et al.)"
VN.ADM1.00029,rice_paddy,2010,577800.0,100700.0,planted,5.737835153922542,0.195379475,12,"months [1, 2, 3, 4, 5, 6, 7, 8, 9, 10, 11, 12] (Sacks et al.)"
VN.ADM1.00029,rice_paddy,2011,585400.0,102600.0,planted,5.705653021442495,0.18439937466666667,12,"months [1, 2, 3, 4, 5, 6, 7, 8, 9, 10, 11, 12] (Sacks et al.)"
VN.ADM1.00029,rice_paddy,2012,592500.0,104200.0,planted,5.686180422264875,0.20620477916666666,12,"months [1, 2, 3, 4, 5, 6, 7, 8, 9, 10, 11, 12] (Sacks et al.)"
VN.ADM1.00029,rice_paddy,2013,621800.0,104400.0,planted,5.9559386973180075,0.20154047333333333,12,"months [1, 2, 3, 4, 5, 6, 7, 8, 9, 10, 11, 12] (Sacks et al.)"
VN.ADM1.00029,rice_paddy,2014,626300.0,102600.0,planted,6.104288499025341,0.16019408533333332,12,"months [1, 2, 3, 4, 5, 6, 7, 8, 9, 10, 11, 12] (Sacks et al.)"
VN.ADM1.00029,rice_paddy,2015,577900.0,91400.0,planted,6.322757111597374,0.18680798166666668,12,"months [1, 2, 3, 4, 5, 6, 7, 8, 9, 10, 11, 12] (Sacks et al.)"
VN.ADM1.00029,rice_paddy,2016,603300.0,97400.0,planted,6.194045174537988,0.1874344166666667,12,"months [1, 2, 3, 4, 5, 6, 7, 8, 9, 10, 11, 12] (Sacks et al.)"
VN.ADM1.00030,rice_paddy,2001,382600.0,100100.0,planted,3.822177822177822,0.19978990941666666,12,"months [1, 2, 3, 4, 5, 6, 7, 8, 9, 10, 11, 12] (Sacks et al.)"
VN.ADM1.00030,rice_paddy,2002,393000.0,98200.0,planted,4.002036659877801,0.18066378291666665,12,"months [1, 2, 3, 4, 5, 6, 7, 8, 9, 10, 11, 12] (Sacks et al.)"
VN.ADM1.00030,rice_paddy,2003,430900.0,96800.0,planted,4.4514462809917354,0.19188957716666666,12,"months [1, 2, 3, 4, 5, 6, 7, 8, 9, 10, 11, 12] (Sacks et al.)"
VN.ADM1.00030,rice_paddy,2004,431800.0,95400.0,planted,4.526205450733753,0.17299349249999998,12,"months [1, 2, 3, 4, 5, 6, 7, 8, 9, 10, 11, 12] (Sacks et al.)"
VN.ADM1.00030,rice_paddy,2005,408700.0,92400.0,planted,4.4231601731601735,0.1658556085,12,"months [1, 2, 3, 4, 5, 6, 7, 8, 9, 10, 11, 12] (Sacks et al.)"
VN.ADM1.00030,rice_paddy,2006,431400.0,91700.0,planted,4.704471101417666,0.18085158499999998,12,"months [1, 2, 3, 4, 5, 6, 7, 8, 9, 10, 11, 12] (Sacks et al.)"
VN.ADM1.00030,rice_paddy,2007,440300.0,92100.0,planted,4.780673181324647,0.18071696783333335,12,"months [1, 2, 3, 4, 5, 6, 7, 8, 9, 10, 11, 12] (Sacks et al.)"
VN.ADM1.00030,rice_paddy,2008,423200.0,93900.0,planted,4.50692225772098,0.1785604605,12,"months [1, 2, 3, 4, 5, 6, 7, 8, 9, 10, 11, 12] (Sacks et al.)"
VN.ADM1.00030,rice_paddy,2009,436400.0,94400.0,planted,4.622881355932203,0.18974186,12,"months [1, 2, 3, 4, 5, 6, 7, 8, 9, 10, 11, 12] (Sacks et al.)"
VN.ADM1.00030,rice_paddy,2010,453800.0,92600.0,planted,4.9006479481641465,0.18838513333333332,12,"months [1, 2, 3, 4, 5, 6, 7, 8, 9, 10, 11, 12] (Sacks et al.)"
VN.ADM1.00030,rice_paddy,2011,452300.0,94200.0,planted,4.801486199575372,0.16185122191666665,12,"months [1, 2, 3, 4, 5, 6, 7, 8, 9, 10, 11, 12] (Sacks et al.)"
VN.ADM1.00030,rice_paddy,2012,482600.0,94500.0,planted,5.106878306878307,0.1923656204166667,12,"months [1, 2, 3, 4, 5, 6, 7, 8, 9, 10, 11, 12] (Sacks et al.)"
VN.ADM1.00030,rice_paddy,2013,471600.0,93300.0,planted,5.054662379421222,0.18347531883333335,12,"months [1, 2, 3, 4, 5, 6, 7, 8, 9, 10, 11, 12] (Sacks et al.)"
VN.ADM1.00030,rice_paddy,2014,500800.0,92900.0,planted,5.390742734122712,0.18605743958333332,12,"months [1, 2, 3, 4, 5, 6, 7, 8, 9, 10, 11, 12] (Sacks et al.)"
VN.ADM1.00030,rice_paddy,2015,492800.0,93900.0,planted,5.248136315228967,0.20522548,12,"months [1, 2, 3, 4, 5, 6, 7, 8, 9, 10, 11, 12] (Sacks et al.)"
VN.ADM1.00030,rice_paddy,2016,473900.0,92100.0,planted,5.145494028230185,0.18096576041666668,12,"months [1, 2, 3, 4, 5, 6, 7, 8, 9, 10, 11, 12] (Sacks et al.)"
VN.ADM1.00033,rice_paddy,2001,99700.0,38400.0,planted,2.5963541666666665,0.2636469125,12,"months [1, 2, 3, 4, 5, 6, 7, 8, 9, 10, 11, 12] (Sacks et al.)"
VN.ADM1.00033,rice_paddy,2002,102100.0,38900.0,planted,2.6246786632390746,0.24042529999999998,12,"months [1, 2, 3, 4, 5, 6, 7, 8, 9, 10, 11, 12] (Sacks et al.)"
VN.ADM1.00033,rice_paddy,2003,106300.0,39000.0,planted,2.7256410256410257,0.2529396541666667,12,"months [1, 2, 3, 4, 5, 6, 7, 8, 9, 10, 11, 12] (Sacks et al.)"
VN.ADM1.00033,rice_paddy,2004,105900.0,38300.0,planted,2.765013054830287,0.22274791333333332,12,"months [1, 2, 3, 4, 5, 6, 7, 8, 9, 10, 11, 12] (Sacks et al.)"
VN.ADM1.00033,rice_paddy,2005,96900.0,33100.0,planted,2.9274924471299095,0.21460810666666666,12,"months [1, 2, 3, 4, 5, 6, 7, 8, 9, 10, 11, 12] (Sacks et al.)"
VN.ADM1.00033,rice_paddy,2006,80700.0,30300.0,planted,2.6633663366336635,0.24161966083333333,12,"months [1, 2, 3, 4, 5, 6, 7, 8, 9, 10, 11, 12] (Sacks et al.)"
VN.ADM1.00033,rice_paddy,2007,84600.0,27300.0,planted,3.098901098901099,0.23381603083333333,12,"months [1, 2, 3, 4, 5, 6, 7, 8, 9, 10, 11, 12] (Sacks et al.)"
VN.ADM1.00033,rice_paddy,2008,81300.0,26000.0,planted,3.126923076923077,0.23673632416666668,12,"months [1, 2, 3, 4, 5, 6, 7, 8, 9, 10, 11, 12] (Sacks et al.)"
VN.ADM1.00033,rice_paddy,2009,83300.0,25200.0,planted,3.3055555555555554,0.2546945758333333,12,"months [1, 2, 3, 4, 5, 6, 7, 8, 9, 10, 11, 12] (Sacks et al.)"
VN.ADM1.00033,rice_paddy,2010,84800.0,24700.0,planted,3.4331983805668016,0.2540450425,12,"months [1, 2, 3, 4, 5, 6, 7, 8, 9, 10, 11, 12] (Sacks et al.)"
VN.ADM1.00033,rice_paddy,2011,81400.0,23200.0,planted,3.5086206896551726,0.24242902833333335,12,"months [1, 2, 3, 4, 5, 6, 7, 8, 9, 10, 11, 12] (Sacks et al.)"
VN.ADM1.00033,rice_paddy,2012,85100.0,24200.0,planted,3.5165289256198347,0.2762468166666667,12,"months [1, 2, 3, 4, 5, 6, 7, 8, 9, 10, 11, 12] (Sacks et al.)"
VN.ADM1.00033,rice_paddy,2013,81900.0,22900.0,planted,3.576419213973799,0.25990964666666666,12,"months [1, 2, 3, 4, 5, 6, 7, 8, 9, 10, 11, 12] (Sacks et al.)"
VN.ADM1.00033,rice_paddy,2014,76700.0,21300.0,planted,3.60093896713615,0.2584422383333333,12,"months [1, 2, 3, 4, 5, 6, 7, 8, 9, 10, 11, 12] (Sacks et al.)"
VN.ADM1.00033,rice_paddy,2015,73800.0,20400.0,planted,3.6176470588235294,0.284069485,12,"months [1, 2, 3, 4, 5, 6, 7, 8, 9, 10, 11, 12] (Sacks et al.)"
VN.ADM1.00033,rice_paddy,2016,70000.0,19500.0,planted,3.58974358974359,0.26302798083333334,12,"months [1, 2, 3, 4, 5, 6, 7, 8, 9, 10, 11, 12] (Sacks et al.)"
VN.ADM1.00034,rice_paddy,2001,538200.0,167300.0,planted,3.2169754931261205,0.20826240666666665,12,"months [1, 2, 3, 4, 5, 6, 7, 8, 9, 10, 11, 12] (Sacks et al.)"
VN.ADM1.00034,rice_paddy,2002,576400.0,165600.0,planted,3.4806763285024154,0.19934641500000003,12,"months [1, 2, 3, 4, 5, 6, 7, 8, 9, 10, 11, 12] (Sacks et al.)"
VN.ADM1.00034,rice_paddy,2003,626400.0,168300.0,planted,3.72192513368984,0.20573463083333332,12,"months [1, 2, 3, 4, 5, 6, 7, 8, 9, 10, 11, 12] (Sacks et al.)"
VN.ADM1.00034,rice_paddy,2004,642000.0,162800.0,planted,3.9434889434889433,0.19806434583333332,12,"months [1, 2, 3, 4, 5, 6, 7, 8, 9, 10, 11, 12] (Sacks et al.)"
VN.ADM1.00034,rice_paddy,2005,585500.0,144600.0,planted,4.049100968188105,0.18573223583333331,12,"months [1, 2, 3, 4, 5, 6, 7, 8, 9, 10, 11, 12] (Sacks et al.)"
VN.ADM1.00034,rice_paddy,2006,594400.0,137900.0,planted,4.310369833212473,0.20834624166666668,12,"months [1, 2, 3, 4, 5, 6, 7, 8, 9, 10, 11, 12] (Sacks et al.)"
VN.ADM1.00034,rice_paddy,2007,640600.0,142500.0,planted,4.495438596491228,0.20626973666666668,12,"months [1, 2, 3, 4, 5, 6, 7, 8, 9, 10, 11, 12] (Sacks et al.)"
VN.ADM1.00034,rice_paddy,2008,705300.0,152200.0,planted,4.634034165571617,0.21119251416666665,12,"months [1, 2, 3, 4, 5, 6, 7, 8, 9, 10, 11, 12] (Sacks et al.)"
VN.ADM1.00034,rice_paddy,2009,717800.0,154400.0,planted,4.648963730569948,0.21243569333333334,12,"months [1, 2, 3, 4, 5, 6, 7, 8, 9, 10, 11, 12] (Sacks et al.)"
VN.ADM1.00034,rice_paddy,2010,738800.0,154200.0,planted,4.791180285343709,0.22345232666666667,12,"months [1, 2, 3, 4, 5, 6, 7, 8, 9, 10, 11, 12] (Sacks et al.)"
VN.ADM1.00034,rice_paddy,2011,762400.0,155500.0,planted,4.902893890675241,0.22747259583333335,12,"months [1, 2, 3, 4, 5, 6, 7, 8, 9, 10, 11, 12] (Sacks et al.)"
VN.ADM1.00034,rice_paddy,2012,778100.0,155300.0,planted,5.010302640051513,0.23440436583333332,12,"months [1, 2, 3, 4, 5, 6, 7, 8, 9, 10, 11, 12] (Sacks et al.)"
VN.ADM1.00034,rice_paddy,2013,742300.0,146300.0,planted,5.073820915926179,0.22890211333333332,12,"months [1, 2, 3, 4, 5, 6, 7, 8, 9, 10, 11, 12] (Sacks et al.)"
VN.ADM1.00034,rice_paddy,2014,740900.0,142200.0,planted,5.210267229254571,0.23458888166666667,12,"months [1, 2, 3, 4, 5, 6, 7, 8, 9, 10, 11, 12] (Sacks et al.)"
VN.ADM1.00034,rice_paddy,2015,760800.0,144500.0,planted,5.265051903114187,0.24145340333333334,12,"months [1, 2, 3, 4, 5, 6, 7, 8, 9, 10, 11, 12] (Sacks et al.)"
VN.ADM1.00034,rice_paddy,2016,760000.0,144600.0,planted,5.255878284923928,0.23619575583333333,12,"months [1, 2, 3, 4, 5, 6, 7, 8, 9, 10, 11, 12] (Sacks et al.)"
VN.ADM1.00036,rice_paddy,2001,1190400.0,257600.0,planted,4.62111801242236,0.13137960866666668,12,"months [1, 2, 3, 4, 5, 6, 7, 8, 9, 10, 11, 12] (Sacks et al.)"
VN.ADM1.00036,rice_paddy,2002,1252500.0,257200.0,planted,4.869751166407465,0.137222601,12,"months [1, 2, 3, 4, 5, 6, 7, 8, 9, 10, 11, 12] (Sacks et al.)"
VN.ADM1.00036,rice_paddy,2003,1272500.0,256400.0,planted,4.962948517940718,0.13397214991666667,12,"months [1, 2, 3, 4, 5, 6, 7, 8, 9, 10, 11, 12] (Sacks et al.)"
VN.ADM1.00036,rice_paddy,2004,1325900.0,254600.0,planted,5.20777690494894,0.12727447,12,"months [1, 2, 3, 4, 5, 6, 7, 8, 9, 10, 11, 12] (Sacks et al.)"
VN.ADM1.00036,rice_paddy,2005,1237500.0,252200.0,planted,4.906819984139572,0.1194147405,12,"months [1, 2, 3, 4, 5, 6, 7, 8, 9, 10, 11, 12] (Sacks et al.)"
VN.ADM1.00036,rice_paddy,2006,1398600.0,254300.0,planted,5.499803381832481,0.131860198,12,"months [1, 2, 3, 4, 5, 6, 7, 8, 9, 10, 11, 12] (Sacks et al.)"
VN.ADM1.00036,rice_paddy,2007,1340100.0,254400.0,planted,5.267688679245283,0.1277827625,12,"months [1, 2, 3, 4, 5, 6, 7, 8, 9, 10, 11, 12] (Sacks et al.)"
VN.ADM1.00036,rice_paddy,2008,1404300.0,254400.0,planted,5.5200471698113205,0.13610947183333336,12,"months [1, 2, 3, 4, 5, 6, 7, 8, 9, 10, 11, 12] (Sacks et al.)"
VN.ADM1.00036,rice_paddy,2009,1452700.0,258100.0,planted,5.628438589693917,0.14070505149999998,12,"months [1, 2, 3, 4, 5, 6, 7, 8, 9, 10, 11, 12] (Sacks et al.)"
VN.ADM1.00036,rice_paddy,2010,1396600.0,253600.0,planted,5.507097791798107,0.12398700158333333,12,"months [1, 2, 3, 4, 5, 6, 7, 8, 9, 10, 11, 12] (Sacks et al.)"
VN.ADM1.00036,rice_paddy,2011,1427400.0,257100.0,planted,5.551925320886815,0.1247734105,12,"months [1, 2, 3, 4, 5, 6, 7, 8, 9, 10, 11, 12] (Sacks et al.)"
VN.ADM1.00036,rice_paddy,2012,1482500.0,256700.0,planted,5.775223996883522,0.14029570241666667,12,"months [1, 2, 3, 4, 5, 6, 7, 8, 9, 10, 11, 12] (Sacks et al.)"
VN.ADM1.00036,rice_paddy,2013,1431500.0,256300.0,planted,5.585251658213032,0.12892693291666665,12,"months [1, 2, 3, 4, 5, 6, 7, 8, 9, 10, 11, 12] (Sacks et al.)"
VN.ADM1.00036,rice_paddy,2014,1516500.0,258600.0,planted,5.864269141531323,0.14065189283333332,12,"months [1, 2, 3, 4, 5, 6, 7, 8, 9, 10, 11, 12] (Sacks et al.)"
VN.ADM1.00036,rice_paddy,2015,1475300.0,257000.0,planted,5.740466926070039,0.13758657108333333,12,"months [1, 2, 3, 4, 5, 6, 7, 8, 9, 10, 11, 12] (Sacks et al.)"
VN.ADM1.00036,rice_paddy,2016,1493100.0,253900.0,planted,5.880661677825915,0.13539788866666666,12,"months [1, 2, 3, 4, 5, 6, 7, 8, 9, 10, 11, 12] (Sacks et al.)"
VN.ADM1.00037,rice_paddy,2001,470500.0,123200.0,planted,3.8189935064935066,0.19315510416666667,12,"months [1, 2, 3, 4, 5, 6, 7, 8, 9, 10, 11, 12] (Sacks et al.)"
VN.ADM1.00037,rice_paddy,2002,468600.0,117600.0,planted,3.9846938775510203,0.17314317,12,"months [1, 2, 3, 4, 5, 6, 7, 8, 9, 10, 11, 12] (Sacks et al.)"
VN.ADM1.00037,rice_paddy,2003,472800.0,117600.0,planted,4.020408163265306,0.18126040925,12,"months [1, 2, 3, 4, 5, 6, 7, 8, 9, 10, 11, 12] (Sacks et al.)"
VN.ADM1.00037,rice_paddy,2004,504400.0,122100.0,planted,4.131040131040131,0.17127472333333335,12,"months [1, 2, 3, 4, 5, 6, 7, 8, 9, 10, 11, 12] (Sacks et al.)"
VN.ADM1.00037,rice_paddy,2005,413300.0,98500.0,planted,4.195939086294416,0.1685970516666667,12,"months [1, 2, 3, 4, 5, 6, 7, 8, 9, 10, 11, 12] (Sacks et al.)"
VN.ADM1.00037,rice_paddy,2006,532100.0,130600.0,planted,4.0742725880551305,0.1882068166666667,12,"months [1, 2, 3, 4, 5, 6, 7, 8, 9, 10, 11, 12] (Sacks et al.)"
VN.ADM1.00037,rice_paddy,2007,608300.0,129800.0,planted,4.686440677966102,0.187010915,12,"months [1, 2, 3, 4, 5, 6, 7, 8, 9, 10, 11, 12] (Sacks et al.)"
VN.ADM1.00037,rice_paddy,2008,670200.0,138900.0,planted,4.825053995680346,0.19228387591666665,12,"months [1, 2, 3, 4, 5, 6, 7, 8, 9, 10, 11, 12] (Sacks et al.)"
VN.ADM1.00037,rice_paddy,2009,719200.0,142500.0,planted,5.047017543859649,0.19406666033333334,12,"months [1, 2, 3, 4, 5, 6, 7, 8, 9, 10, 11, 12] (Sacks et al.)"
VN.ADM1.00037,rice_paddy,2010,723500.0,145000.0,planted,4.989655172413793,0.19553691633333334,12,"months [1, 2, 3, 4, 5, 6, 7, 8, 9, 10, 11, 12] (Sacks et al.)"
VN.ADM1.00037,rice_paddy,2011,825500.0,150100.0,planted,5.4996668887408395,0.18739901166666664,12,"months [1, 2, 3, 4, 5, 6, 7, 8, 9, 10, 11, 12] (Sacks et al.)"
VN.ADM1.00037,rice_paddy,2012,856900.0,154700.0,planted,5.539107950872657,0.19926726166666667,12,"months [1, 2, 3, 4, 5, 6, 7, 8, 9, 10, 11, 12] (Sacks et al.)"
VN.ADM1.00037,rice_paddy,2013,885700.0,158900.0,planted,5.573945877910636,0.18883493583333333,12,"months [1, 2, 3, 4, 5, 6, 7, 8, 9, 10, 11, 12] (Sacks et al.)"
VN.ADM1.00037,rice_paddy,2014,941100.0,162500.0,planted,5.791384615384615,0.19500346000000002,12,"months [1, 2, 3, 4, 5, 6, 7, 8, 9, 10, 11, 12] (Sacks et al.)"
VN.ADM1.00037,rice_paddy,2015,889400.0,152300.0,planted,5.839789888378201,0.19212906083333334,12,"months [1, 2, 3, 4, 5, 6, 7, 8, 9, 10, 11, 12] (Sacks et al.)"
VN.ADM1.00037,rice_paddy,2016,810100.0,144900.0,planted,5.590752242926156,0.19720279666666665,12,"months [1, 2, 3, 4, 5, 6, 7, 8, 9, 10, 11, 12] (Sacks et al.)"
VN.ADM1.00039,rice_paddy,2001,607400.0,141800.0,planted,4.283497884344147,0.1457709553333333,12,"months [1, 2, 3, 4, 5, 6, 7, 8, 9, 10, 11, 12] (Sacks et al.)"
VN.ADM1.00039,rice_paddy,2002,690600.0,146900.0,planted,4.701157249829817,0.14348091275,12,"months [1, 2, 3, 4, 5, 6, 7, 8, 9, 10, 11, 12] (Sacks et al.)"
VN.ADM1.00039,rice_paddy,2003,707700.0,147700.0,planted,4.791469194312796,0.15960047241666667,12,"months [1, 2, 3, 4, 5, 6, 7, 8, 9, 10, 11, 12] (Sacks et al.)"
VN.ADM1.00039,rice_paddy,2004,714600.0,145600.0,planted,4.907967032967033,0.14536000233333332,12,"months [1, 2, 3, 4, 5, 6, 7, 8, 9, 10, 11, 12] (Sacks et al.)"
VN.ADM1.00039,rice_paddy,2005,706800.0,142800.0,planted,4.949579831932773,0.15042833008333334,12,"months [1, 2, 3, 4, 5, 6, 7, 8, 9, 10, 11, 12] (Sacks et al.)"
VN.ADM1.00039,rice_paddy,2006,662400.0,139700.0,planted,4.741589119541875,0.15116508783333335,12,"months [1, 2, 3, 4, 5, 6, 7, 8, 9, 10, 11, 12] (Sacks et al.)"
VN.ADM1.00039,rice_paddy,2007,640400.0,140800.0,planted,4.548295454545454,0.15225221416666668,12,"months [1, 2, 3, 4, 5, 6, 7, 8, 9, 10, 11, 12] (Sacks et al.)"
VN.ADM1.00039,rice_paddy,2008,633300.0,125800.0,planted,5.034181240063593,0.14906923125000002,12,"months [1, 2, 3, 4, 5, 6, 7, 8, 9, 10, 11, 12] (Sacks et al.)"
VN.ADM1.00039,rice_paddy,2009,686400.0,131800.0,planted,5.207890743550835,0.15950922008333332,12,"months [1, 2, 3, 4, 5, 6, 7, 8, 9, 10, 11, 12] (Sacks et al.)"
VN.ADM1.00039,rice_paddy,2010,666600.0,128100.0,planted,5.203747072599532,0.15373252716666666,12,"months [1, 2, 3, 4, 5, 6, 7, 8, 9, 10, 11, 12] (Sacks et al.)"
VN.ADM1.00039,rice_paddy,2011,712100.0,129000.0,planted,5.52015503875969,0.14135243041666667,12,"months [1, 2, 3, 4, 5, 6, 7, 8, 9, 10, 11, 12] (Sacks et al.)"
VN.ADM1.00039,rice_paddy,2012,675300.0,128600.0,planted,5.251166407465008,0.14425996591666665,12,"months [1, 2, 3, 4, 5, 6, 7, 8, 9, 10, 11, 12] (Sacks et al.)"
VN.ADM1.00039,rice_paddy,2013,688000.0,128800.0,planted,5.341614906832298,0.141911123,12,"months [1, 2, 3, 4, 5, 6, 7, 8, 9, 10, 11, 12] (Sacks et al.)"
VN.ADM1.00039,rice_paddy,2014,707200.0,128200.0,planted,5.516380655226209,0.15167961333333332,12,"months [1, 2, 3, 4, 5, 6, 7, 8, 9, 10, 11, 12] (Sacks et al.)"
VN.ADM1.00039,rice_paddy,2015,696800.0,127800.0,planted,5.452269170579029,0.1650335065,12,"months [1, 2, 3, 4, 5, 6, 7, 8, 9, 10, 11, 12] (Sacks et al.)"
VN.ADM1.00039,rice_paddy,2016,667700.0,126100.0,planted,5.295003965107058,0.16194434958333334,12,"months [1, 2, 3, 4, 5, 6, 7, 8, 9, 10, 11, 12] (Sacks et al.)"
VN.ADM1.00002,soybean_unspecified,2001,6000.0,5300.0,planted,1.1320754716981132,0.16975379699999998,10,"months [1, 2, 3, 4, 5, 6, 9, 10, 11, 12] (researched, unverified)"
VN.ADM1.00002,soybean_unspecified,2002,7200.0,6300.0,planted,1.1428571428571428,0.1617352644,10,"months [1, 2, 3, 4, 5, 6, 9, 10, 11, 12] (researched, unverified)"
VN.ADM1.00002,soybean_unspecified,2003,6300.0,5600.0,planted,1.125,0.1761298015,10,"months [1, 2, 3, 4, 5, 6, 9, 10, 11, 12] (researched, unverified)"
VN.ADM1.00002,soybean_unspecified,2004,7400.0,6100.0,planted,1.2131147540983607,0.156353444,10,"months [1, 2, 3, 4, 5, 6, 9, 10, 11, 12] (researched, unverified)"
VN.ADM1.00002,soybean_unspecified,2005,7500.0,6000.0,planted,1.25,0.1632040111,10,"months [1, 2, 3, 4, 5, 6, 9, 10, 11, 12] (researched, unverified)"
VN.ADM1.00002,soybean_unspecified,2006,6500.0,5200.0,planted,1.25,0.1591428333,10,"months [1, 2, 3, 4, 5, 6, 9, 10, 11, 12] (researched, unverified)"
VN.ADM1.00002,soybean_unspecified,2007,5900.0,4400.0,planted,1.3409090909090908,0.1614890295,10,"months [1, 2, 3, 4, 5, 6, 9, 10, 11, 12] (researched, unverified)"
VN.ADM1.00002,soybean_unspecified,2008,6400.0,4300.0,planted,1.4883720930232558,0.17000100840000001,10,"months [1, 2, 3, 4, 5, 6, 9, 10, 11, 12] (researched, unverified)"
VN.ADM1.00002,soybean_unspecified,2009,6700.0,4300.0,planted,1.558139534883721,0.1728296226,10,"months [1, 2, 3, 4, 5, 6, 9, 10, 11, 12] (researched, unverified)"
VN.ADM1.00002,soybean_unspecified,2010,5400.0,3600.0,planted,1.5,0.17102023289999999,10,"months [1, 2, 3, 4, 5, 6, 9, 10, 11, 12] (researched, unverified)"
VN.ADM1.00002,soybean_unspecified,2011,5200.0,3400.0,planted,1.5294117647058822,0.1562249644,10,"months [1, 2, 3, 4, 5, 6, 9, 10, 11, 12] (researched, unverified)"
VN.ADM1.00002,soybean_unspecified,2012,4700.0,3000.0,planted,1.5666666666666667,0.14406260040000002,10,"months [1, 2, 3, 4, 5, 6, 9, 10, 11, 12] (researched, unverified)"
VN.ADM1.00002,soybean_unspecified,2013,4100.0,2600.0,planted,1.5769230769230769,0.1601216078,10,"months [1, 2, 3, 4, 5, 6, 9, 10, 11, 12] (researched, unverified)"
VN.ADM1.00002,soybean_unspecified,2014,3300.0,2200.0,planted,1.5,0.15926112909999998,10,"months [1, 2, 3, 4, 5, 6, 9, 10, 11, 12] (researched, unverified)"
VN.ADM1.00002,soybean_unspecified,2015,3100.0,2000.0,planted,1.55,0.1782932974,10,"months [1, 2, 3, 4, 5, 6, 9, 10, 11, 12] (researched, unverified)"
VN.ADM1.00005,soybean_unspecified,2001,4600.0,7000.0,planted,0.6571428571428571,0.147812438,10,"months [1, 2, 3, 4, 5, 6, 9, 10, 11, 12] (researched, unverified)"
VN.ADM1.00005,soybean_unspecified,2002,4900.0,7000.0,planted,0.7,0.14604075889999998,10,"months [1, 2, 3, 4, 5, 6, 9, 10, 11, 12] (researched, unverified)"
VN.ADM1.00005,soybean_unspecified,2003,5400.0,7200.0,planted,0.75,0.1548776575,10,"months [1, 2, 3, 4, 5, 6, 9, 10, 11, 12] (researched, unverified)"
VN.ADM1.00005,soybean_unspecified,2004,5200.0,7300.0,planted,0.7123287671232876,0.1409794087,10,"months [1, 2, 3, 4, 5, 6, 9, 10, 11, 12] (researched, unverified)"
VN.ADM1.00005,soybean_unspecified,2005,5800.0,7600.0,planted,0.7631578947368421,0.14702043250000002,10,"months [1, 2, 3, 4, 5, 6, 9, 10, 11, 12] (researched, unverified)"
VN.ADM1.00005,soybean_unspecified,2006,4400.0,6400.0,planted,0.6875,0.1466855789,10,"months [1, 2, 3, 4, 5, 6, 9, 10, 11, 12] (researched, unverified)"
VN.ADM1.00005,soybean_unspecified,2007,5200.0,6200.0,planted,0.8387096774193549,0.1575973478,10,"months [1, 2, 3, 4, 5, 6, 9, 10, 11, 12] (researched, unverified)"
VN.ADM1.00005,soybean_unspecified,2008,5100.0,6200.0,planted,0.8225806451612904,0.15591796600000002,10,"months [1, 2, 3, 4, 5, 6, 9, 10, 11, 12] (researched, unverified)"
VN.ADM1.00005,soybean_unspecified,2009,4200.0,5700.0,planted,0.7368421052631579,0.1505364669,10,"months [1, 2, 3, 4, 5, 6, 9, 10, 11, 12] (researched, unverified)"
VN.ADM1.00005,soybean_unspecified,2010,4600.0,5600.0,planted,0.8214285714285714,0.1493375257,10,"months [1, 2, 3, 4, 5, 6, 9, 10, 11, 12] (researched, unverified)"
VN.ADM1.00005,soybean_unspecified,2011,4600.0,5500.0,planted,0.8363636363636363,0.14411511859999998,10,"months [1, 2, 3, 4, 5, 6, 9, 10, 11, 12] (researched, unverified)"
VN.ADM1.00005,soybean_unspecified,2012,4600.0,5400.0,planted,0.8518518518518519,0.1363160049,10,"months [1, 2, 3, 4, 5, 6, 9, 10, 11, 12] (researched, unverified)"
VN.ADM1.00005,soybean_unspecified,2013,4100.0,4800.0,planted,0.8541666666666666,0.1569024242,10,"months [1, 2, 3, 4, 5, 6, 9, 10, 11, 12] (researched, unverified)"
VN.ADM1.00005,soybean_unspecified,2014,4100.0,4700.0,planted,0.8723404255319149,0.1578462343,10,"months [1, 2, 3, 4, 5, 6, 9, 10, 11, 12] (researched, unverified)"
VN.ADM1.00005,soybean_unspecified,2015,4000.0,4400.0,planted,0.9090909090909091,0.1696001476,10,"months [1, 2, 3, 4, 5, 6, 9, 10, 11, 12] (researched, unverified)"
VN.ADM1.00007,soybean_unspecified,2001,19700.0,15400.0,planted,1.2792207792207793,0.219208426,10,"months [1, 2, 3, 4, 5, 6, 9, 10, 11, 12] (researched, unverified)"
VN.ADM1.00007,soybean_unspecified,2002,28700.0,21000.0,planted,1.3666666666666667,0.196532304,10,"months [1, 2, 3, 4, 5, 6, 9, 10, 11, 12] (researched, unverified)"
VN.ADM1.00007,soybean_unspecified,2003,37300.0,22600.0,planted,1.6504424778761062,0.204846635,10,"months [1, 2, 3, 4, 5, 6, 9, 10, 11, 12] (researched, unverified)"
VN.ADM1.00007,soybean_unspecified,2004,25100.0,25700.0,planted,0.9766536964980544,0.18589787900000002,10,"months [1, 2, 3, 4, 5, 6, 9, 10, 11, 12] (researched, unverified)"
VN.ADM1.00007,soybean_unspecified,2005,42000.0,26600.0,planted,1.5789473684210527,0.17242096599999998,10,"months [1, 2, 3, 4, 5, 6, 9, 10, 11, 12] (researched, unverified)"
VN.ADM1.00007,soybean_unspecified,2006,37100.0,23300.0,planted,1.592274678111588,0.214788509,10,"months [1, 2, 3, 4, 5, 6, 9, 10, 11, 12] (researched, unverified)"
VN.ADM1.00007,soybean_unspecified,2007,41600.0,24300.0,planted,1.7119341563786008,0.1953435336,10,"months [1, 2, 3, 4, 5, 6, 9, 10, 11, 12] (researched, unverified)"
VN.ADM1.00007,soybean_unspecified,2008,41700.0,24200.0,planted,1.7231404958677685,0.201175939,10,"months [1, 2, 3, 4, 5, 6, 9, 10, 11, 12] (researched, unverified)"
VN.ADM1.00007,soybean_unspecified,2009,44100.0,24200.0,planted,1.822314049586777,0.21522498099999998,10,"months [1, 2, 3, 4, 5, 6, 9, 10, 11, 12] (researched, unverified)"
VN.ADM1.00007,soybean_unspecified,2010,42800.0,23400.0,planted,1.829059829059829,0.20280506799999998,10,"months [1, 2, 3, 4, 5, 6, 9, 10, 11, 12] (researched, unverified)"
VN.ADM1.00007,soybean_unspecified,2011,32900.0,19000.0,planted,1.731578947368421,0.19709258300000002,10,"months [1, 2, 3, 4, 5, 6, 9, 10, 11, 12] (researched, unverified)"
VN.ADM1.00007,soybean_unspecified,2012,22500.0,14300.0,planted,1.5734265734265733,0.220748781,10,"months [1, 2, 3, 4, 5, 6, 9, 10, 11, 12] (researched, unverified)"
VN.ADM1.00007,soybean_unspecified,2013,15300.0,9000.0,planted,1.7,0.203134074,10,"months [1, 2, 3, 4, 5, 6, 9, 10, 11, 12] (researched, unverified)"
VN.ADM1.00007,soybean_unspecified,2014,13500.0,8600.0,planted,1.569767441860465,0.205023555,10,"months [1, 2, 3, 4, 5, 6, 9, 10, 11, 12] (researched, unverified)"
VN.ADM1.00007,soybean_unspecified,2015,13100.0,8500.0,planted,1.5411764705882354,0.20591560099999998,10,"months [1, 2, 3, 4, 5, 6, 9, 10, 11, 12] (researched, unverified)"
VN.ADM1.00011,soybean_unspecified,2001,9700.0,7500.0,planted,1.2933333333333332,0.11128876350000001,10,"months [1, 2, 3, 4, 5, 6, 9, 10, 11, 12] (researched, unverified)"
VN.ADM1.00011,soybean_unspecified,2002,10800.0,7800.0,planted,1.3846153846153846,0.10901605510000001,10,"months [1, 2, 3, 4, 5, 6, 9, 10, 11, 12] (researched, unverified)"
VN.ADM1.00011,soybean_unspecified,2003,11200.0,7500.0,planted,1.4933333333333334,0.1181819248,10,"months [1, 2, 3, 4, 5, 6, 9, 10, 11, 12] (researched, unverified)"
VN.ADM1.00011,soybean_unspecified,2004,10300.0,6700.0,planted,1.537313432835821,0.11256123170000001,10,"months [1, 2, 3, 4, 5, 6, 9, 10, 11, 12] (researched, unverified)"
VN.ADM1.00011,soybean_unspecified,2005,8900.0,5900.0,planted,1.5084745762711864,0.1146248423,10,"months [1, 2, 3, 4, 5, 6, 9, 10, 11, 12] (researched, unverified)"
VN.ADM1.00011,soybean_unspecified,2006,7400.0,4900.0,planted,1.510204081632653,0.1134742948,10,"months [1, 2, 3, 4, 5, 6, 9, 10, 11, 12] (researched, unverified)"
VN.ADM1.00011,soybean_unspecified,2007,6600.0,4300.0,planted,1.5348837209302326,0.1125723421,10,"months [1, 2, 3, 4, 5, 6, 9, 10, 11, 12] (researched, unverified)"
VN.ADM1.00011,soybean_unspecified,2008,7100.0,4600.0,planted,1.5434782608695652,0.1145832518,10,"months [1, 2, 3, 4, 5, 6, 9, 10, 11, 12] (researched, unverified)"
VN.ADM1.00011,soybean_unspecified,2009,7000.0,5100.0,planted,1.3725490196078431,0.12506627580000002,10,"months [1, 2, 3, 4, 5, 6, 9, 10, 11, 12] (researched, unverified)"
VN.ADM1.00011,soybean_unspecified,2010,8100.0,4900.0,planted,1.653061224489796,0.1187079079,10,"months [1, 2, 3, 4, 5, 6, 9, 10, 11, 12] (researched, unverified)"
VN.ADM1.00011,soybean_unspecified,2011,6000.0,3600.0,planted,1.6666666666666667,0.11744910189999999,10,"months [1, 2, 3, 4, 5, 6, 9, 10, 11, 12] (researched, unverified)"
VN.ADM1.00011,soybean_unspecified,2012,5000.0,2800.0,planted,1.7857142857142858,0.11523468590000001,10,"months [1, 2, 3, 4, 5, 6, 9, 10, 11, 12] (researched, unverified)"
VN.ADM1.00011,soybean_unspecified,2013,4200.0,2300.0,planted,1.826086956521739,0.1150219062,10,"months [1, 2, 3, 4, 5, 6, 9, 10, 11, 12] (researched, unverified)"
VN.ADM1.00011,soybean_unspecified,2014,4000.0,1900.0,planted,2.1052631578947367,0.1254859962,10,"months [1, 2, 3, 4, 5, 6, 9, 10, 11, 12] (researched, unverified)"
VN.ADM1.00011,soybean_unspecified,2015,3200.0,1600.0,planted,2.0,0.1276415315,10,"months [1, 2, 3, 4, 5, 6, 9, 10, 11, 12] (researched, unverified)"
VN.ADM1.00012,soybean_unspecified,2001,7400.0,4600.0,planted,1.608695652173913,0.09850785902,10,"months [1, 2, 3, 4, 5, 6, 9, 10, 11, 12] (researched, unverified)"
VN.ADM1.00012,soybean_unspecified,2002,9000.0,5200.0,planted,1.7307692307692308,0.10433018424,10,"months [1, 2, 3, 4, 5, 6, 9, 10, 11, 12] (researched, unverified)"
VN.ADM1.00012,soybean_unspecified,2003,8900.0,5700.0,planted,1.5614035087719298,0.1015061881,10,"months [1, 2, 3, 4, 5, 6, 9, 10, 11, 12] (researched, unverified)"
VN.ADM1.00012,soybean_unspecified,2004,10800.0,6300.0,planted,1.7142857142857142,0.09997780497,10,"months [1, 2, 3, 4, 5, 6, 9, 10, 11, 12] (researched, unverified)"
VN.ADM1.00012,soybean_unspecified,2005,14800.0,9400.0,planted,1.574468085106383,0.1021882042,10,"months [1, 2, 3, 4, 5, 6, 9, 10, 11, 12] (researched, unverified)"
VN.ADM1.00012,soybean_unspecified,2006,16400.0,11300.0,planted,1.4513274336283186,0.10229232456,10,"months [1, 2, 3, 4, 5, 6, 9, 10, 11, 12] (researched, unverified)"
VN.ADM1.00012,soybean_unspecified,2007,17600.0,11400.0,planted,1.543859649122807,0.08423306927,10,"months [1, 2, 3, 4, 5, 6, 9, 10, 11, 12] (researched, unverified)"
VN.ADM1.00012,soybean_unspecified,2008,18400.0,13400.0,planted,1.373134328358209,0.09626148486200001,10,"months [1, 2, 3, 4, 5, 6, 9, 10, 11, 12] (researched, unverified)"
VN.ADM1.00012,soybean_unspecified,2009,6300.0,3800.0,planted,1.6578947368421053,0.08878015214,10,"months [1, 2, 3, 4, 5, 6, 9, 10, 11, 12] (researched, unverified)"
VN.ADM1.00012,soybean_unspecified,2010,21400.0,14400.0,planted,1.4861111111111112,0.0848129173,10,"months [1, 2, 3, 4, 5, 6, 9, 10, 11, 12] (researched, unverified)"
VN.ADM1.00012,soybean_unspecified,2011,22200.0,15100.0,planted,1.4701986754966887,0.09651162295,10,"months [1, 2, 3, 4, 5, 6, 9, 10, 11, 12] (researched, unverified)"
VN.ADM1.00012,soybean_unspecified,2012,10400.0,6700.0,planted,1.5522388059701493,0.09305574825,10,"months [1, 2, 3, 4, 5, 6, 9, 10, 11, 12] (researched, unverified)"
VN.ADM1.00012,soybean_unspecified,2013,10300.0,7600.0,planted,1.355263157894737,0.08336230303,10,"months [1, 2, 3, 4, 5, 6, 9, 10, 11, 12] (researched, unverified)"
VN.ADM1.00012,soybean_unspecified,2014,11600.0,7700.0,planted,1.5064935064935066,0.10345695377,10,"months [1, 2, 3, 4, 5, 6, 9, 10, 11, 12] (researched, unverified)"
VN.ADM1.00012,soybean_unspecified,2015,9000.0,5600.0,planted,1.6071428571428572,0.0986316441,10,"months [1, 2, 3, 4, 5, 6, 9, 10, 11, 12] (researched, unverified)"
VN.ADM1.00013,soybean_unspecified,2001,21600.0,17100.0,planted,1.263157894736842,0.1169556362,10,"months [1, 2, 3, 4, 5, 6, 9, 10, 11, 12] (researched, unverified)"
VN.ADM1.00013,soybean_unspecified,2002,25600.0,20200.0,planted,1.2673267326732673,0.1204721752,10,"months [1, 2, 3, 4, 5, 6, 9, 10, 11, 12] (researched, unverified)"
VN.ADM1.00013,soybean_unspecified,2003,25900.0,20100.0,planted,1.2885572139303483,0.1220014832,10,"months [1, 2, 3, 4, 5, 6, 9, 10, 11, 12] (researched, unverified)"
VN.ADM1.00013,soybean_unspecified,2004,34300.0,23100.0,planted,1.4848484848484849,0.11696167939999999,10,"months [1, 2, 3, 4, 5, 6, 9, 10, 11, 12] (researched, unverified)"
VN.ADM1.00013,soybean_unspecified,2005,48000.0,31700.0,planted,1.5141955835962144,0.118940501,10,"months [1, 2, 3, 4, 5, 6, 9, 10, 11, 12] (researched, unverified)"
VN.ADM1.00013,soybean_unspecified,2006,53200.0,35800.0,planted,1.4860335195530727,0.12693191580000002,10,"months [1, 2, 3, 4, 5, 6, 9, 10, 11, 12] (researched, unverified)"
VN.ADM1.00013,soybean_unspecified,2007,58100.0,37900.0,planted,1.5329815303430079,0.1101412549,10,"months [1, 2, 3, 4, 5, 6, 9, 10, 11, 12] (researched, unverified)"
VN.ADM1.00013,soybean_unspecified,2008,47500.0,37600.0,planted,1.2632978723404256,0.1132958546,10,"months [1, 2, 3, 4, 5, 6, 9, 10, 11, 12] (researched, unverified)"
VN.ADM1.00013,soybean_unspecified,2009,13600.0,8800.0,planted,1.5454545454545454,0.1171049592,10,"months [1, 2, 3, 4, 5, 6, 9, 10, 11, 12] (researched, unverified)"
VN.ADM1.00013,soybean_unspecified,2010,58500.0,37300.0,planted,1.5683646112600536,0.11427389260000001,10,"months [1, 2, 3, 4, 5, 6, 9, 10, 11, 12] (researched, unverified)"
VN.ADM1.00013,soybean_unspecified,2011,52200.0,33600.0,planted,1.5535714285714286,0.1126315023,10,"months [1, 2, 3, 4, 5, 6, 9, 10, 11, 12] (researched, unverified)"
VN.ADM1.00013,soybean_unspecified,2012,20700.0,12700.0,planted,1.6299212598425197,0.1117202322,10,"months [1, 2, 3, 4, 5, 6, 9, 10, 11, 12] (researched, unverified)"
VN.ADM1.00013,soybean_unspecified,2013,31300.0,20400.0,planted,1.5343137254901962,0.1073445976,10,"months [1, 2, 3, 4, 5, 6, 9, 10, 11, 12] (researched, unverified)"
VN.ADM1.00013,soybean_unspecified,2014,28200.0,19000.0,planted,1.4842105263157894,0.11796448609999999,10,"months [1, 2, 3, 4, 5, 6, 9, 10, 11, 12] (researched, unverified)"
VN.ADM1.00013,soybean_unspecified,2015,30900.0,20600.0,planted,1.5,0.1269902724,10,"months [1, 2, 3, 4, 5, 6, 9, 10, 11, 12] (researched, unverified)"
VN.ADM1.00015,soybean_unspecified,2001,8800.0,10200.0,planted,0.8627450980392157,0.1499679006,10,"months [1, 2, 3, 4, 5, 6, 9, 10, 11, 12] (researched, unverified)"
VN.ADM1.00015,soybean_unspecified,2002,9900.0,11700.0,planted,0.8461538461538461,0.153720591,10,"months [1, 2, 3, 4, 5, 6, 9, 10, 11, 12] (researched, unverified)"
VN.ADM1.00015,soybean_unspecified,2003,12400.0,14200.0,planted,0.8732394366197183,0.1579537806,10,"months [1, 2, 3, 4, 5, 6, 9, 10, 11, 12] (researched, unverified)"
VN.ADM1.00015,soybean_unspecified,2004,15800.0,17000.0,planted,0.9294117647058824,0.1477270202,10,"months [1, 2, 3, 4, 5, 6, 9, 10, 11, 12] (researched, unverified)"
VN.ADM1.00015,soybean_unspecified,2005,17500.0,17700.0,planted,0.9887005649717514,0.15562564969999998,10,"months [1, 2, 3, 4, 5, 6, 9, 10, 11, 12] (researched, unverified)"
VN.ADM1.00015,soybean_unspecified,2006,17300.0,18100.0,planted,0.9558011049723757,0.1537789634,10,"months [1, 2, 3, 4, 5, 6, 9, 10, 11, 12] (researched, unverified)"
VN.ADM1.00015,soybean_unspecified,2007,18200.0,18500.0,planted,0.9837837837837838,0.150980764,10,"months [1, 2, 3, 4, 5, 6, 9, 10, 11, 12] (researched, unverified)"
VN.ADM1.00015,soybean_unspecified,2008,24900.0,22700.0,planted,1.0969162995594715,0.15277726600000002,10,"months [1, 2, 3, 4, 5, 6, 9, 10, 11, 12] (researched, unverified)"
VN.ADM1.00015,soybean_unspecified,2009,27800.0,23500.0,planted,1.1829787234042553,0.1544576449,10,"months [1, 2, 3, 4, 5, 6, 9, 10, 11, 12] (researched, unverified)"
VN.ADM1.00015,soybean_unspecified,2010,27800.0,23500.0,planted,1.1829787234042553,0.154837648,10,"months [1, 2, 3, 4, 5, 6, 9, 10, 11, 12] (researched, unverified)"
VN.ADM1.00015,soybean_unspecified,2011,29300.0,24100.0,planted,1.2157676348547717,0.1347658519,10,"months [1, 2, 3, 4, 5, 6, 9, 10, 11, 12] (researched, unverified)"
VN.ADM1.00015,soybean_unspecified,2012,29500.0,24200.0,planted,1.21900826446281,0.1411052672,10,"months [1, 2, 3, 4, 5, 6, 9, 10, 11, 12] (researched, unverified)"
VN.ADM1.00015,soybean_unspecified,2013,31700.0,24500.0,planted,1.2938775510204081,0.1584036881,10,"months [1, 2, 3, 4, 5, 6, 9, 10, 11, 12] (researched, unverified)"
VN.ADM1.00015,soybean_unspecified,2014,32700.0,25000.0,planted,1.308,0.1515575975,10,"months [1, 2, 3, 4, 5, 6, 9, 10, 11, 12] (researched, unverified)"
VN.ADM1.00015,soybean_unspecified,2015,33700.0,24900.0,planted,1.3534136546184738,0.1701850316,10,"months [1, 2, 3, 4, 5, 6, 9, 10, 11, 12] (researched, unverified)"
VN.ADM1.00016,soybean_unspecified,2001,10400.0,6200.0,planted,1.6774193548387097,0.09892920375,10,"months [1, 2, 3, 4, 5, 6, 9, 10, 11, 12] (researched, unverified)"
VN.ADM1.00016,soybean_unspecified,2002,12200.0,7000.0,planted,1.7428571428571429,0.10209069639999999,10,"months [1, 2, 3, 4, 5, 6, 9, 10, 11, 12] (researched, unverified)"
VN.ADM1.00016,soybean_unspecified,2003,12300.0,6800.0,planted,1.8088235294117647,0.10212110700000002,10,"months [1, 2, 3, 4, 5, 6, 9, 10, 11, 12] (researched, unverified)"
VN.ADM1.00016,soybean_unspecified,2004,13800.0,7400.0,planted,1.864864864864865,0.0993332886,10,"months [1, 2, 3, 4, 5, 6, 9, 10, 11, 12] (researched, unverified)"
VN.ADM1.00016,soybean_unspecified,2005,16800.0,9600.0,planted,1.75,0.10896260490000001,10,"months [1, 2, 3, 4, 5, 6, 9, 10, 11, 12] (researched, unverified)"
VN.ADM1.00016,soybean_unspecified,2006,11300.0,6300.0,planted,1.7936507936507937,0.1000581049,10,"months [1, 2, 3, 4, 5, 6, 9, 10, 11, 12] (researched, unverified)"
VN.ADM1.00016,soybean_unspecified,2007,10400.0,5700.0,planted,1.8245614035087718,0.0907730742,10,"months [1, 2, 3, 4, 5, 6, 9, 10, 11, 12] (researched, unverified)"
VN.ADM1.00016,soybean_unspecified,2008,9200.0,5000.0,planted,1.84,0.1027001525,10,"months [1, 2, 3, 4, 5, 6, 9, 10, 11, 12] (researched, unverified)"
VN.ADM1.00016,soybean_unspecified,2009,8500.0,4600.0,planted,1.8478260869565217,0.1015138222,10,"months [1, 2, 3, 4, 5, 6, 9, 10, 11, 12] (researched, unverified)"
VN.ADM1.00016,soybean_unspecified,2010,9900.0,5000.0,planted,1.98,0.09429402270000001,10,"months [1, 2, 3, 4, 5, 6, 9, 10, 11, 12] (researched, unverified)"
VN.ADM1.00016,soybean_unspecified,2011,8300.0,4100.0,planted,2.024390243902439,0.1105208465,10,"months [1, 2, 3, 4, 5, 6, 9, 10, 11, 12] (researched, unverified)"
VN.ADM1.00016,soybean_unspecified,2012,6200.0,3000.0,planted,2.066666666666667,0.10394800595,10,"months [1, 2, 3, 4, 5, 6, 9, 10, 11, 12] (researched, unverified)"
VN.ADM1.00016,soybean_unspecified,2013,5900.0,3000.0,planted,1.9666666666666666,0.0911773212,10,"months [1, 2, 3, 4, 5, 6, 9, 10, 11, 12] (researched, unverified)"
VN.ADM1.00016,soybean_unspecified,2014,5100.0,2600.0,planted,1.9615384615384615,0.11272831180000001,10,"months [1, 2, 3, 4, 5, 6, 9, 10, 11, 12] (researched, unverified)"
VN.ADM1.00016,soybean_unspecified,2015,5400.0,2700.0,planted,2.0,0.1111780891,10,"months [1, 2, 3, 4, 5, 6, 9, 10, 11, 12] (researched, unverified)"
VN.ADM1.00020,soybean_unspecified,2001,2700.0,4300.0,planted,0.627906976744186,0.1394099325,10,"months [1, 2, 3, 4, 5, 6, 9, 10, 11, 12] (researched, unverified)"
VN.ADM1.00020,soybean_unspecified,2002,3500.0,4700.0,planted,0.7446808510638298,0.1547516625,10,"months [1, 2, 3, 4, 5, 6, 9, 10, 11, 12] (researched, unverified)"
VN.ADM1.00020,soybean_unspecified,2003,4100.0,5000.0,planted,0.82,0.15022419650000002,10,"months [1, 2, 3, 4, 5, 6, 9, 10, 11, 12] (researched, unverified)"
VN.ADM1.00020,soybean_unspecified,2004,4200.0,5200.0,planted,0.8076923076923077,0.1418026314,10,"months [1, 2, 3, 4, 5, 6, 9, 10, 11, 12] (researched, unverified)"
VN.ADM1.00020,soybean_unspecified,2005,4700.0,5300.0,planted,0.8867924528301887,0.1495113275,10,"months [1, 2, 3, 4, 5, 6, 9, 10, 11, 12] (researched, unverified)"
VN.ADM1.00020,soybean_unspecified,2006,4700.0,5600.0,planted,0.8392857142857143,0.1483787354,10,"months [1, 2, 3, 4, 5, 6, 9, 10, 11, 12] (researched, unverified)"
VN.ADM1.00020,soybean_unspecified,2007,5400.0,5700.0,planted,0.9473684210526315,0.1423887392,10,"months [1, 2, 3, 4, 5, 6, 9, 10, 11, 12] (researched, unverified)"
VN.ADM1.00020,soybean_unspecified,2008,4900.0,5200.0,planted,0.9423076923076923,0.1513202437,10,"months [1, 2, 3, 4, 5, 6, 9, 10, 11, 12] (researched, unverified)"
VN.ADM1.00020,soybean_unspecified,2009,5300.0,5400.0,planted,0.9814814814814815,0.1529869674,10,"months [1, 2, 3, 4, 5, 6, 9, 10, 11, 12] (researched, unverified)"
VN.ADM1.00020,soybean_unspecified,2010,4900.0,5000.0,planted,0.98,0.150412235,10,"months [1, 2, 3, 4, 5, 6, 9, 10, 11, 12] (researched, unverified)"
VN.ADM1.00020,soybean_unspecified,2011,5300.0,4900.0,planted,1.0816326530612246,0.1261492566,10,"months [1, 2, 3, 4, 5, 6, 9, 10, 11, 12] (researched, unverified)"
VN.ADM1.00020,soybean_unspecified,2012,5200.0,4900.0,planted,1.0612244897959184,0.1481721788,10,"months [1, 2, 3, 4, 5, 6, 9, 10, 11, 12] (researched, unverified)"
VN.ADM1.00020,soybean_unspecified,2013,5200.0,4900.0,planted,1.0612244897959184,0.1571520783,10,"months [1, 2, 3, 4, 5, 6, 9, 10, 11, 12] (researched, unverified)"
VN.ADM1.00020,soybean_unspecified,2014,5300.0,4900.0,planted,1.0816326530612246,0.1488393106,10,"months [1, 2, 3, 4, 5, 6, 9, 10, 11, 12] (researched, unverified)"
VN.ADM1.00020,soybean_unspecified,2015,5500.0,5000.0,planted,1.1,0.173419593,10,"months [1, 2, 3, 4, 5, 6, 9, 10, 11, 12] (researched, unverified)"
VN.ADM1.00022,soybean_unspecified,2001,3600.0,4300.0,planted,0.8372093023255814,0.1870038166,10,"months [1, 2, 3, 4, 5, 6, 9, 10, 11, 12] (researched, unverified)"
VN.ADM1.00022,soybean_unspecified,2002,4900.0,5000.0,planted,0.98,0.18598451359999998,10,"months [1, 2, 3, 4, 5, 6, 9, 10, 11, 12] (researched, unverified)"
VN.ADM1.00022,soybean_unspecified,2003,7300.0,7300.0,planted,1.0,0.199067762,10,"months [1, 2, 3, 4, 5, 6, 9, 10, 11, 12] (researched, unverified)"
VN.ADM1.00022,soybean_unspecified,2004,7900.0,7600.0,planted,1.0394736842105263,0.1732038234,10,"months [1, 2, 3, 4, 5, 6, 9, 10, 11, 12] (researched, unverified)"
VN.ADM1.00022,soybean_unspecified,2005,11400.0,10300.0,planted,1.1067961165048543,0.175606004,10,"months [1, 2, 3, 4, 5, 6, 9, 10, 11, 12] (researched, unverified)"
VN.ADM1.00022,soybean_unspecified,2006,12400.0,10900.0,planted,1.1376146788990826,0.1791995824,10,"months [1, 2, 3, 4, 5, 6, 9, 10, 11, 12] (researched, unverified)"
VN.ADM1.00022,soybean_unspecified,2007,13000.0,11200.0,planted,1.1607142857142858,0.1609097644,10,"months [1, 2, 3, 4, 5, 6, 9, 10, 11, 12] (researched, unverified)"
VN.ADM1.00022,soybean_unspecified,2008,15100.0,12300.0,planted,1.2276422764227641,0.1792700825,10,"months [1, 2, 3, 4, 5, 6, 9, 10, 11, 12] (researched, unverified)"
VN.ADM1.00022,soybean_unspecified,2009,14000.0,11500.0,planted,1.2173913043478262,0.17642936,10,"months [1, 2, 3, 4, 5, 6, 9, 10, 11, 12] (researched, unverified)"
VN.ADM1.00022,soybean_unspecified,2010,12200.0,10100.0,planted,1.2079207920792079,0.176146967,10,"months [1, 2, 3, 4, 5, 6, 9, 10, 11, 12] (researched, unverified)"
VN.ADM1.00022,soybean_unspecified,2011,12100.0,9700.0,planted,1.2474226804123711,0.16712611989999998,10,"months [1, 2, 3, 4, 5, 6, 9, 10, 11, 12] (researched, unverified)"
VN.ADM1.00022,soybean_unspecified,2012,11300.0,9100.0,planted,1.2417582417582418,0.17562836799999998,10,"months [1, 2, 3, 4, 5, 6, 9, 10, 11, 12] (researched, unverified)"
VN.ADM1.00022,soybean_unspecified,2013,10000.0,8200.0,planted,1.2195121951219512,0.18248436399999998,10,"months [1, 2, 3, 4, 5, 6, 9, 10, 11, 12] (researched, unverified)"
VN.ADM1.00022,soybean_unspecified,2014,9600.0,7800.0,planted,1.2307692307692308,0.1782583415,10,"months [1, 2, 3, 4, 5, 6, 9, 10, 11, 12] (researched, unverified)"
VN.ADM1.00022,soybean_unspecified,2015,8700.0,7100.0,planted,1.2253521126760563,0.192824309,10,"months [1, 2, 3, 4, 5, 6, 9, 10, 11, 12] (researched, unverified)"
VN.ADM1.00024,soybean_unspecified,2001,2500.0,2100.0,planted,1.1904761904761905,0.149235057,10,"months [1, 2, 3, 4, 5, 6, 9, 10, 11, 12] (researched, unverified)"
VN.ADM1.00024,soybean_unspecified,2002,2500.0,2000.0,planted,1.25,0.1435338611,10,"months [1, 2, 3, 4, 5, 6, 9, 10, 11, 12] (researched, unverified)"
VN.ADM1.00024,soybean_unspecified,2003,2300.0,2100.0,planted,1.0952380952380953,0.1609673068,10,"months [1, 2, 3, 4, 5, 6, 9, 10, 11, 12] (researched, unverified)"
VN.ADM1.00024,soybean_unspecified,2004,2900.0,2300.0,planted,1.2608695652173914,0.1404047403,10,"months [1, 2, 3, 4, 5, 6, 9, 10, 11, 12] (researched, unverified)"
VN.ADM1.00024,soybean_unspecified,2005,3400.0,2400.0,planted,1.4166666666666667,0.1489934278,10,"months [1, 2, 3, 4, 5, 6, 9, 10, 11, 12] (researched, unverified)"
VN.ADM1.00024,soybean_unspecified,2006,2000.0,2100.0,planted,0.9523809523809523,0.150106432,10,"months [1, 2, 3, 4, 5, 6, 9, 10, 11, 12] (researched, unverified)"
VN.ADM1.00024,soybean_unspecified,2007,3000.0,2000.0,planted,1.5,0.15531413389999998,10,"months [1, 2, 3, 4, 5, 6, 9, 10, 11, 12] (researched, unverified)"
VN.ADM1.00024,soybean_unspecified,2008,2700.0,2000.0,planted,1.35,0.1557188129,10,"months [1, 2, 3, 4, 5, 6, 9, 10, 11, 12] (researched, unverified)"
VN.ADM1.00024,soybean_unspecified,2009,2300.0,1800.0,planted,1.2777777777777777,0.1634477481,10,"months [1, 2, 3, 4, 5, 6, 9, 10, 11, 12] (researched, unverified)"
VN.ADM1.00024,soybean_unspecified,2010,2300.0,1600.0,planted,1.4375,0.1603928801,10,"months [1, 2, 3, 4, 5, 6, 9, 10, 11, 12] (researched, unverified)"
VN.ADM1.00024,soybean_unspecified,2011,2100.0,1400.0,planted,1.5,0.1516637668,10,"months [1, 2, 3, 4, 5, 6, 9, 10, 11, 12] (researched, unverified)"
VN.ADM1.00024,soybean_unspecified,2012,1800.0,1300.0,planted,1.3846153846153846,0.1519191741,10,"months [1, 2, 3, 4, 5, 6, 9, 10, 11, 12] (researched, unverified)"
VN.ADM1.00024,soybean_unspecified,2013,1800.0,1200.0,planted,1.5,0.1682689461,10,"months [1, 2, 3, 4, 5, 6, 9, 10, 11, 12] (researched, unverified)"
VN.ADM1.00024,soybean_unspecified,2014,1700.0,1200.0,planted,1.4166666666666667,0.1635516976,10,"months [1, 2, 3, 4, 5, 6, 9, 10, 11, 12] (researched, unverified)"
VN.ADM1.00024,soybean_unspecified,2015,1500.0,1100.0,planted,1.3636363636363635,0.1786190812,10,"months [1, 2, 3, 4, 5, 6, 9, 10, 11, 12] (researched, unverified)"
VN.ADM1.00031,soybean_unspecified,2001,1200.0,1300.0,planted,0.9230769230769231,0.1490722696,10,"months [1, 2, 3, 4, 5, 6, 9, 10, 11, 12] (researched, unverified)"
VN.ADM1.00031,soybean_unspecified,2002,1200.0,1300.0,planted,0.9230769230769231,0.1412224432,10,"months [1, 2, 3, 4, 5, 6, 9, 10, 11, 12] (researched, unverified)"
VN.ADM1.00031,soybean_unspecified,2003,1200.0,1200.0,planted,1.0,0.1608631341,10,"months [1, 2, 3, 4, 5, 6, 9, 10, 11, 12] (researched, unverified)"
VN.ADM1.00031,soybean_unspecified,2004,1100.0,1000.0,planted,1.1,0.1365654508,10,"months [1, 2, 3, 4, 5, 6, 9, 10, 11, 12] (researched, unverified)"
VN.ADM1.00031,soybean_unspecified,2005,1000.0,900.0,planted,1.1111111111111112,0.131307097,10,"months [1, 2, 3, 4, 5, 6, 9, 10, 11, 12] (researched, unverified)"
VN.ADM1.00031,soybean_unspecified,2006,1100.0,1000.0,planted,1.1,0.1344753454,10,"months [1, 2, 3, 4, 5, 6, 9, 10, 11, 12] (researched, unverified)"
VN.ADM1.00031,soybean_unspecified,2007,1100.0,900.0,planted,1.2222222222222223,0.13367944439999999,10,"months [1, 2, 3, 4, 5, 6, 9, 10, 11, 12] (researched, unverified)"
VN.ADM1.00031,soybean_unspecified,2008,1100.0,900.0,planted,1.2222222222222223,0.14660349379999998,10,"months [1, 2, 3, 4, 5, 6, 9, 10, 11, 12] (researched, unverified)"
VN.ADM1.00031,soybean_unspecified,2009,1300.0,1000.0,planted,1.3,0.1500442576,10,"months [1, 2, 3, 4, 5, 6, 9, 10, 11, 12] (researched, unverified)"
VN.ADM1.00031,soybean_unspecified,2010,1000.0,900.0,planted,1.1111111111111112,0.1465801457,10,"months [1, 2, 3, 4, 5, 6, 9, 10, 11, 12] (researched, unverified)"
VN.ADM1.00031,soybean_unspecified,2011,1000.0,800.0,planted,1.25,0.133016005,10,"months [1, 2, 3, 4, 5, 6, 9, 10, 11, 12] (researched, unverified)"
VN.ADM1.00031,soybean_unspecified,2012,1000.0,800.0,planted,1.25,0.1351877464,10,"months [1, 2, 3, 4, 5, 6, 9, 10, 11, 12] (researched, unverified)"
VN.ADM1.00031,soybean_unspecified,2013,1000.0,800.0,planted,1.25,0.1516108171,10,"months [1, 2, 3, 4, 5, 6, 9, 10, 11, 12] (researched, unverified)"
VN.ADM1.00031,soybean_unspecified,2014,800.0,600.0,planted,1.3333333333333333,0.1498639655,10,"months [1, 2, 3, 4, 5, 6, 9, 10, 11, 12] (researched, unverified)"
VN.ADM1.00031,soybean_unspecified,2015,600.0,500.0,planted,1.2,0.15024163399999999,10,"months [1, 2, 3, 4, 5, 6, 9, 10, 11, 12] (researched, unverified)"
VN.ADM1.00032,soybean_unspecified,2001,9400.0,10000.0,planted,0.94,0.18208142060000002,10,"months [1, 2, 3, 4, 5, 6, 9, 10, 11, 12] (researched, unverified)"
VN.ADM1.00032,soybean_unspecified,2002,11500.0,10800.0,planted,1.0648148148148149,0.17849978449999998,10,"months [1, 2, 3, 4, 5, 6, 9, 10, 11, 12] (researched, unverified)"
VN.ADM1.00032,soybean_unspecified,2003,12100.0,12200.0,planted,0.9918032786885246,0.191294761,10,"months [1, 2, 3, 4, 5, 6, 9, 10, 11, 12] (researched, unverified)"
VN.ADM1.00032,soybean_unspecified,2004,14800.0,13200.0,planted,1.121212121212121,0.168274068,10,"months [1, 2, 3, 4, 5, 6, 9, 10, 11, 12] (researched, unverified)"
VN.ADM1.00032,soybean_unspecified,2005,13600.0,12100.0,planted,1.1239669421487604,0.16278356659999998,10,"months [1, 2, 3, 4, 5, 6, 9, 10, 11, 12] (researched, unverified)"
VN.ADM1.00032,soybean_unspecified,2006,11100.0,9200.0,planted,1.2065217391304348,0.1704459275,10,"months [1, 2, 3, 4, 5, 6, 9, 10, 11, 12] (researched, unverified)"
VN.ADM1.00032,soybean_unspecified,2007,11500.0,9200.0,planted,1.25,0.1576926897,10,"months [1, 2, 3, 4, 5, 6, 9, 10, 11, 12] (researched, unverified)"
VN.ADM1.00032,soybean_unspecified,2008,10000.0,7700.0,planted,1.2987012987012987,0.172505487,10,"months [1, 2, 3, 4, 5, 6, 9, 10, 11, 12] (researched, unverified)"
VN.ADM1.00032,soybean_unspecified,2009,10100.0,7500.0,planted,1.3466666666666667,0.168391596,10,"months [1, 2, 3, 4, 5, 6, 9, 10, 11, 12] (researched, unverified)"
VN.ADM1.00032,soybean_unspecified,2010,10600.0,7400.0,planted,1.4324324324324325,0.16573121100000002,10,"months [1, 2, 3, 4, 5, 6, 9, 10, 11, 12] (researched, unverified)"
VN.ADM1.00032,soybean_unspecified,2011,10600.0,7400.0,planted,1.4324324324324325,0.153696021,10,"months [1, 2, 3, 4, 5, 6, 9, 10, 11, 12] (researched, unverified)"
VN.ADM1.00032,soybean_unspecified,2012,4600.0,3600.0,planted,1.2777777777777777,0.1598186579,10,"months [1, 2, 3, 4, 5, 6, 9, 10, 11, 12] (researched, unverified)"
VN.ADM1.00032,soybean_unspecified,2013,3400.0,2700.0,planted,1.2592592592592593,0.163586802,10,"months [1, 2, 3, 4, 5, 6, 9, 10, 11, 12] (researched, unverified)"
VN.ADM1.00032,soybean_unspecified,2014,2600.0,2100.0,planted,1.2380952380952381,0.1686026796,10,"months [1, 2, 3, 4, 5, 6, 9, 10, 11, 12] (researched, unverified)"
VN.ADM1.00032,soybean_unspecified,2015,1500.0,1400.0,planted,1.0714285714285714,0.1778775484,10,"months [1, 2, 3, 4, 5, 6, 9, 10, 11, 12] (researched, unverified)"
VN.ADM1.00036,soybean_unspecified,2001,6300.0,4700.0,planted,1.3404255319148937,0.117105206,10,"months [1, 2, 3, 4, 5, 6, 9, 10, 11, 12] (researched, unverified)"
VN.ADM1.00036,soybean_unspecified,2002,8900.0,6700.0,planted,1.328358208955224,0.1199044899,10,"months [1, 2, 3, 4, 5, 6, 9, 10, 11, 12] (researched, unverified)"
VN.ADM1.00036,soybean_unspecified,2003,8600.0,6700.0,planted,1.2835820895522387,0.1208074396,10,"months [1, 2, 3, 4, 5, 6, 9, 10, 11, 12] (researched, unverified)"
VN.ADM1.00036,soybean_unspecified,2004,8600.0,6200.0,planted,1.3870967741935485,0.11236136059999999,10,"months [1, 2, 3, 4, 5, 6, 9, 10, 11, 12] (researched, unverified)"
VN.ADM1.00036,soybean_unspecified,2005,7300.0,5600.0,planted,1.3035714285714286,0.10358789260000001,10,"months [1, 2, 3, 4, 5, 6, 9, 10, 11, 12] (researched, unverified)"
VN.ADM1.00036,soybean_unspecified,2006,6600.0,4900.0,planted,1.346938775510204,0.1180289286,10,"months [1, 2, 3, 4, 5, 6, 9, 10, 11, 12] (researched, unverified)"
VN.ADM1.00036,soybean_unspecified,2007,7600.0,5300.0,planted,1.4339622641509433,0.1078533864,10,"months [1, 2, 3, 4, 5, 6, 9, 10, 11, 12] (researched, unverified)"
VN.ADM1.00036,soybean_unspecified,2008,6300.0,4400.0,planted,1.4318181818181819,0.12149426960000001,10,"months [1, 2, 3, 4, 5, 6, 9, 10, 11, 12] (researched, unverified)"
VN.ADM1.00036,soybean_unspecified,2009,7400.0,4700.0,planted,1.574468085106383,0.12122336759999999,10,"months [1, 2, 3, 4, 5, 6, 9, 10, 11, 12] (researched, unverified)"
VN.ADM1.00036,soybean_unspecified,2010,9300.0,6000.0,planted,1.55,0.11303623160000001,10,"months [1, 2, 3, 4, 5, 6, 9, 10, 11, 12] (researched, unverified)"
VN.ADM1.00036,soybean_unspecified,2011,14400.0,9600.0,planted,1.5,0.11211679869999999,10,"months [1, 2, 3, 4, 5, 6, 9, 10, 11, 12] (researched, unverified)"
VN.ADM1.00036,soybean_unspecified,2012,12100.0,7800.0,planted,1.5512820512820513,0.12520710029999998,10,"months [1, 2, 3, 4, 5, 6, 9, 10, 11, 12] (researched, unverified)"
VN.ADM1.00036,soybean_unspecified,2013,13800.0,9300.0,planted,1.4838709677419355,0.1125196433,10,"months [1, 2, 3, 4, 5, 6, 9, 10, 11, 12] (researched, unverified)"
VN.ADM1.00036,soybean_unspecified,2014,11200.0,7600.0,planted,1.4736842105263157,0.1229128008,10,"months [1, 2, 3, 4, 5, 6, 9, 10, 11, 12] (researched, unverified)"
VN.ADM1.00036,soybean_unspecified,2015,6300.0,4100.0,planted,1.5365853658536586,0.1236474708,10,"months [1, 2, 3, 4, 5, 6, 9, 10, 11, 12] (researched, unverified)"
VN.ADM1.00003,sugarcane_for_sugar,2001,800800.0,12400.0,planted,64.58064516129032,0.20425248333333335,12,"months [1, 2, 3, 4, 5, 6, 7, 8, 9, 10, 11, 12] (researched, unverified)"
VN.ADM1.00003,sugarcane_for_sugar,2002,893700.0,12800.0,planted,69.8203125,0.20805856583333335,12,"months [1, 2, 3, 4, 5, 6, 7, 8, 9, 10, 11, 12] (researched, unverified)"
VN.ADM1.00003,sugarcane_for_sugar,2003,778700.0,11200.0,planted,69.52678571428571,0.2062205391666667,12,"months [1, 2, 3, 4, 5, 6, 7, 8, 9, 10, 11, 12] (researched, unverified)"
VN.ADM1.00003,sugarcane_for_sugar,2004,684700.0,9800.0,planted,69.86734693877551,0.20076412750000003,12,"months [1, 2, 3, 4, 5, 6, 7, 8, 9, 10, 11, 12] (researched, unverified)"
VN.ADM1.00003,sugarcane_for_sugar,2005,623300.0,8900.0,planted,70.03370786516854,0.20645564166666666,12,"months [1, 2, 3, 4, 5, 6, 7, 8, 9, 10, 11, 12] (researched, unverified)"
VN.ADM1.00003,sugarcane_for_sugar,2006,495500.0,9200.0,planted,53.858695652173914,0.20409325416666668,12,"months [1, 2, 3, 4, 5, 6, 7, 8, 9, 10, 11, 12] (researched, unverified)"
VN.ADM1.00003,sugarcane_for_sugar,2007,574000.0,7700.0,planted,74.54545454545455,0.21806742999999998,12,"months [1, 2, 3, 4, 5, 6, 7, 8, 9, 10, 11, 12] (researched, unverified)"
VN.ADM1.00003,sugarcane_for_sugar,2008,519000.0,7000.0,planted,74.14285714285714,0.20976442833333334,12,"months [1, 2, 3, 4, 5, 6, 7, 8, 9, 10, 11, 12] (researched, unverified)"
VN.ADM1.00003,sugarcane_for_sugar,2009,521200.0,7000.0,planted,74.45714285714286,0.21978035083333333,12,"months [1, 2, 3, 4, 5, 6, 7, 8, 9, 10, 11, 12] (researched, unverified)"
VN.ADM1.00003,sugarcane_for_sugar,2010,460100.0,5900.0,planted,77.98305084745763,0.222595595,12,"months [1, 2, 3, 4, 5, 6, 7, 8, 9, 10, 11, 12] (researched, unverified)"
VN.ADM1.00003,sugarcane_for_sugar,2011,424200.0,5300.0,planted,80.0377358490566,0.217521415,12,"months [1, 2, 3, 4, 5, 6, 7, 8, 9, 10, 11, 12] (researched, unverified)"
VN.ADM1.00003,sugarcane_for_sugar,2012,405600.0,5000.0,planted,81.12,0.22300412333333333,12,"months [1, 2, 3, 4, 5, 6, 7, 8, 9, 10, 11, 12] (researched, unverified)"
VN.ADM1.00003,sugarcane_for_sugar,2013,369700.0,4500.0,planted,82.15555555555555,0.219908525,12,"months [1, 2, 3, 4, 5, 6, 7, 8, 9, 10, 11, 12] (researched, unverified)"
VN.ADM1.00003,sugarcane_for_sugar,2014,279300.0,3500.0,planted,79.8,0.21530537083333334,12,"months [1, 2, 3, 4, 5, 6, 7, 8, 9, 10, 11, 12] (researched, unverified)"
VN.ADM1.00003,sugarcane_for_sugar,2015,158800.0,2100.0,planted,75.61904761904762,0.22745955166666668,12,"months [1, 2, 3, 4, 5, 6, 7, 8, 9, 10, 11, 12] (researched, unverified)"
VN.ADM1.00005,sugarcane_for_sugar,2001,101900.0,2200.0,planted,46.31818181818182,0.16925466725000002,12,"months [1, 2, 3, 4, 5, 6, 7, 8, 9, 10, 11, 12] (researched, unverified)"
VN.ADM1.00005,sugarcane_for_sugar,2002,106300.0,2200.0,planted,48.31818181818182,0.16550643708333332,12,"months [1, 2, 3, 4, 5, 6, 7, 8, 9, 10, 11, 12] (researched, unverified)"
VN.ADM1.00005,sugarcane_for_sugar,2003,126200.0,2600.0,planted,48.53846153846154,0.1768524625,12,"months [1, 2, 3, 4, 5, 6, 7, 8, 9, 10, 11, 12] (researched, unverified)"
VN.ADM1.00005,sugarcane_for_sugar,2004,108400.0,2300.0,planted,47.130434782608695,0.15868396083333333,12,"months [1, 2, 3, 4, 5, 6, 7, 8, 9, 10, 11, 12] (researched, unverified)"
VN.ADM1.00005,sugarcane_for_sugar,2005,89700.0,1700.0,planted,52.76470588235294,0.1698629740833333,12,"months [1, 2, 3, 4, 5, 6, 7, 8, 9, 10, 11, 12] (researched, unverified)"
VN.ADM1.00005,sugarcane_for_sugar,2006,106100.0,2100.0,planted,50.523809523809526,0.1680209105,12,"months [1, 2, 3, 4, 5, 6, 7, 8, 9, 10, 11, 12] (researched, unverified)"
VN.ADM1.00005,sugarcane_for_sugar,2007,137800.0,2600.0,planted,53.0,0.18291665191666664,12,"months [1, 2, 3, 4, 5, 6, 7, 8, 9, 10, 11, 12] (researched, unverified)"
VN.ADM1.00005,sugarcane_for_sugar,2008,164500.0,2900.0,planted,56.724137931034484,0.17669600116666664,12,"months [1, 2, 3, 4, 5, 6, 7, 8, 9, 10, 11, 12] (researched, unverified)"
VN.ADM1.00005,sugarcane_for_sugar,2009,142200.0,2700.0,planted,52.666666666666664,0.17848589075,12,"months [1, 2, 3, 4, 5, 6, 7, 8, 9, 10, 11, 12] (researched, unverified)"
VN.ADM1.00005,sugarcane_for_sugar,2010,168600.0,2900.0,planted,58.13793103448276,0.1743604495,12,"months [1, 2, 3, 4, 5, 6, 7, 8, 9, 10, 11, 12] (researched, unverified)"
VN.ADM1.00005,sugarcane_for_sugar,2011,195800.0,3400.0,planted,57.588235294117645,0.17684836241666665,12,"months [1, 2, 3, 4, 5, 6, 7, 8, 9, 10, 11, 12] (researched, unverified)"
VN.ADM1.00005,sugarcane_for_sugar,2012,246200.0,4200.0,planted,58.61904761904762,0.16168378975,12,"months [1, 2, 3, 4, 5, 6, 7, 8, 9, 10, 11, 12] (researched, unverified)"
VN.ADM1.00005,sugarcane_for_sugar,2013,267500.0,4500.0,planted,59.44444444444444,0.1771949145,12,"months [1, 2, 3, 4, 5, 6, 7, 8, 9, 10, 11, 12] (researched, unverified)"
VN.ADM1.00005,sugarcane_for_sugar,2014,253300.0,4300.0,planted,58.906976744186046,0.18751142316666666,12,"months [1, 2, 3, 4, 5, 6, 7, 8, 9, 10, 11, 12] (researched, unverified)"
VN.ADM1.00005,sugarcane_for_sugar,2015,186600.0,3200.0,planted,58.3125,0.18917151499999998,12,"months [1, 2, 3, 4, 5, 6, 7, 8, 9, 10, 11, 12] (researched, unverified)"
VN.ADM1.00006,sugarcane_for_sugar,2001,546700.0,7600.0,planted,71.9342105263158,0.15306222333333333,12,"months [1, 2, 3, 4, 5, 6, 7, 8, 9, 10, 11, 12] (researched, unverified)"
VN.ADM1.00006,sugarcane_for_sugar,2002,682100.0,8200.0,planted,83.1829268292683,0.16059871283333335,12,"months [1, 2, 3, 4, 5, 6, 7, 8, 9, 10, 11, 12] (researched, unverified)"
VN.ADM1.00006,sugarcane_for_sugar,2003,675000.0,7600.0,planted,88.8157894736842,0.15099680716666666,12,"months [1, 2, 3, 4, 5, 6, 7, 8, 9, 10, 11, 12] (researched, unverified)"
VN.ADM1.00006,sugarcane_for_sugar,2004,585400.0,7000.0,planted,83.62857142857143,0.135660078,12,"months [1, 2, 3, 4, 5, 6, 7, 8, 9, 10, 11, 12] (researched, unverified)"
VN.ADM1.00006,sugarcane_for_sugar,2005,549400.0,6300.0,planted,87.2063492063492,0.13774895908333332,12,"months [1, 2, 3, 4, 5, 6, 7, 8, 9, 10, 11, 12] (researched, unverified)"
VN.ADM1.00006,sugarcane_for_sugar,2006,617300.0,6800.0,planted,90.77941176470588,0.14316627758333333,12,"months [1, 2, 3, 4, 5, 6, 7, 8, 9, 10, 11, 12] (researched, unverified)"
VN.ADM1.00006,sugarcane_for_sugar,2007,614400.0,6700.0,planted,91.70149253731343,0.15350995416666666,12,"months [1, 2, 3, 4, 5, 6, 7, 8, 9, 10, 11, 12] (researched, unverified)"
VN.ADM1.00006,sugarcane_for_sugar,2008,687500.0,6200.0,planted,110.88709677419355,0.1511911225,12,"months [1, 2, 3, 4, 5, 6, 7, 8, 9, 10, 11, 12] (researched, unverified)"
VN.ADM1.00006,sugarcane_for_sugar,2009,522600.0,5800.0,planted,90.10344827586206,0.16414164333333334,12,"months [1, 2, 3, 4, 5, 6, 7, 8, 9, 10, 11, 12] (researched, unverified)"
VN.ADM1.00006,sugarcane_for_sugar,2010,617400.0,6100.0,planted,101.21311475409836,0.16826623249999997,12,"months [1, 2, 3, 4, 5, 6, 7, 8, 9, 10, 11, 12] (researched, unverified)"
VN.ADM1.00006,sugarcane_for_sugar,2011,696600.0,6600.0,planted,105.54545454545455,0.16634613,12,"months [1, 2, 3, 4, 5, 6, 7, 8, 9, 10, 11, 12] (researched, unverified)"
VN.ADM1.00006,sugarcane_for_sugar,2012,691700.0,6700.0,planted,103.23880597014926,0.1706325125,12,"months [1, 2, 3, 4, 5, 6, 7, 8, 9, 10, 11, 12] (researched, unverified)"
VN.ADM1.00006,sugarcane_for_sugar,2013,730800.0,6800.0,planted,107.47058823529412,0.16495307783333332,12,"months [1, 2, 3, 4, 5, 6, 7, 8, 9, 10, 11, 12] (researched, unverified)"
VN.ADM1.00006,sugarcane_for_sugar,2014,714700.0,6600.0,planted,108.28787878787878,0.16813243166666667,12,"months [1, 2, 3, 4, 5, 6, 7, 8, 9, 10, 11, 12] (researched, unverified)"
VN.ADM1.00006,sugarcane_for_sugar,2015,636700.0,5900.0,planted,107.91525423728814,0.16735421116666668,12,"months [1, 2, 3, 4, 5, 6, 7, 8, 9, 10, 11, 12] (researched, unverified)"
VN.ADM1.00007,sugarcane_for_sugar,2001,345800.0,8200.0,planted,42.170731707317074,0.2339114125,12,"months [1, 2, 3, 4, 5, 6, 7, 8, 9, 10, 11, 12] (researched, unverified)"
VN.ADM1.00007,sugarcane_for_sugar,2002,434500.0,10300.0,planted,42.18446601941748,0.2134623575,12,"months [1, 2, 3, 4, 5, 6, 7, 8, 9, 10, 11, 12] (researched, unverified)"
VN.ADM1.00007,sugarcane_for_sugar,2003,489500.0,10000.0,planted,48.95,0.22903136916666667,12,"months [1, 2, 3, 4, 5, 6, 7, 8, 9, 10, 11, 12] (researched, unverified)"
VN.ADM1.00007,sugarcane_for_sugar,2004,425500.0,8700.0,planted,48.9080459770115,0.210026703,12,"months [1, 2, 3, 4, 5, 6, 7, 8, 9, 10, 11, 12] (researched, unverified)"
VN.ADM1.00007,sugarcane_for_sugar,2005,353300.0,7200.0,planted,49.06944444444444,0.19278730583333334,12,"months [1, 2, 3, 4, 5, 6, 7, 8, 9, 10, 11, 12] (researched, unverified)"
VN.ADM1.00007,sugarcane_for_sugar,2006,528400.0,8100.0,planted,65.23456790123457,0.23008081416666668,12,"months [1, 2, 3, 4, 5, 6, 7, 8, 9, 10, 11, 12] (researched, unverified)"
VN.ADM1.00007,sugarcane_for_sugar,2007,577300.0,10000.0,planted,57.73,0.21674491166666665,12,"months [1, 2, 3, 4, 5, 6, 7, 8, 9, 10, 11, 12] (researched, unverified)"
VN.ADM1.00007,sugarcane_for_sugar,2008,618500.0,10900.0,planted,56.74311926605505,0.22428382083333334,12,"months [1, 2, 3, 4, 5, 6, 7, 8, 9, 10, 11, 12] (researched, unverified)"
VN.ADM1.00007,sugarcane_for_sugar,2009,580300.0,10900.0,planted,53.23853211009175,0.23242439333333334,12,"months [1, 2, 3, 4, 5, 6, 7, 8, 9, 10, 11, 12] (researched, unverified)"
VN.ADM1.00007,sugarcane_for_sugar,2010,780100.0,12900.0,planted,60.47286821705426,0.2261872775,12,"months [1, 2, 3, 4, 5, 6, 7, 8, 9, 10, 11, 12] (researched, unverified)"
VN.ADM1.00007,sugarcane_for_sugar,2011,1005700.0,16100.0,planted,62.46583850931677,0.21878809416666667,12,"months [1, 2, 3, 4, 5, 6, 7, 8, 9, 10, 11, 12] (researched, unverified)"
VN.ADM1.00007,sugarcane_for_sugar,2012,954100.0,16100.0,planted,59.26086956521739,0.235289745,12,"months [1, 2, 3, 4, 5, 6, 7, 8, 9, 10, 11, 12] (researched, unverified)"
VN.ADM1.00007,sugarcane_for_sugar,2013,1158400.0,17600.0,planted,65.81818181818181,0.22344614583333333,12,"months [1, 2, 3, 4, 5, 6, 7, 8, 9, 10, 11, 12] (researched, unverified)"
VN.ADM1.00007,sugarcane_for_sugar,2014,1131800.0,17000.0,planted,66.5764705882353,0.22216524333333332,12,"months [1, 2, 3, 4, 5, 6, 7, 8, 9, 10, 11, 12] (researched, unverified)"
VN.ADM1.00007,sugarcane_for_sugar,2015,1030600.0,15600.0,planted,66.06410256410257,0.22300332999999997,12,"months [1, 2, 3, 4, 5, 6, 7, 8, 9, 10, 11, 12] (researched, unverified)"
VN.ADM1.00008,sugarcane_for_sugar,2001,614800.0,11000.0,planted,55.89090909090909,0.24689222416666667,12,"months [1, 2, 3, 4, 5, 6, 7, 8, 9, 10, 11, 12] (researched, unverified)"
VN.ADM1.00008,sugarcane_for_sugar,2002,741800.0,12800.0,planted,57.953125,0.2323271425,12,"months [1, 2, 3, 4, 5, 6, 7, 8, 9, 10, 11, 12] (researched, unverified)"
VN.ADM1.00008,sugarcane_for_sugar,2003,683300.0,11500.0,planted,59.417391304347824,0.24457767166666666,12,"months [1, 2, 3, 4, 5, 6, 7, 8, 9, 10, 11, 12] (researched, unverified)"
VN.ADM1.00008,sugarcane_for_sugar,2004,611800.0,10500.0,planted,58.266666666666666,0.22712432083333334,12,"months [1, 2, 3, 4, 5, 6, 7, 8, 9, 10, 11, 12] (researched, unverified)"
VN.ADM1.00008,sugarcane_for_sugar,2005,513400.0,8900.0,planted,57.68539325842696,0.21971885083333334,12,"months [1, 2, 3, 4, 5, 6, 7, 8, 9, 10, 11, 12] (researched, unverified)"
VN.ADM1.00008,sugarcane_for_sugar,2006,521800.0,8800.0,planted,59.29545454545455,0.242202825,12,"months [1, 2, 3, 4, 5, 6, 7, 8, 9, 10, 11, 12] (researched, unverified)"
VN.ADM1.00008,sugarcane_for_sugar,2007,509600.0,8900.0,planted,57.258426966292134,0.23535714916666664,12,"months [1, 2, 3, 4, 5, 6, 7, 8, 9, 10, 11, 12] (researched, unverified)"
VN.ADM1.00008,sugarcane_for_sugar,2008,504700.0,8700.0,planted,58.01149425287356,0.24186977499999998,12,"months [1, 2, 3, 4, 5, 6, 7, 8, 9, 10, 11, 12] (researched, unverified)"
VN.ADM1.00008,sugarcane_for_sugar,2009,540700.0,9000.0,planted,60.077777777777776,0.24468894166666666,12,"months [1, 2, 3, 4, 5, 6, 7, 8, 9, 10, 11, 12] (researched, unverified)"
VN.ADM1.00008,sugarcane_for_sugar,2010,568700.0,9600.0,planted,59.239583333333336,0.2456147725,12,"months [1, 2, 3, 4, 5, 6, 7, 8, 9, 10, 11, 12] (researched, unverified)"
VN.ADM1.00008,sugarcane_for_sugar,2011,620500.0,10500.0,planted,59.095238095238095,0.2365246325,12,"months [1, 2, 3, 4, 5, 6, 7, 8, 9, 10, 11, 12] (researched, unverified)"
VN.ADM1.00008,sugarcane_for_sugar,2012,624800.0,10700.0,planted,58.39252336448598,0.25945297500000003,12,"months [1, 2, 3, 4, 5, 6, 7, 8, 9, 10, 11, 12] (researched, unverified)"
VN.ADM1.00008,sugarcane_for_sugar,2013,633900.0,10500.0,planted,60.371428571428574,0.24349791666666665,12,"months [1, 2, 3, 4, 5, 6, 7, 8, 9, 10, 11, 12] (researched, unverified)"
VN.ADM1.00008,sugarcane_for_sugar,2014,625700.0,10000.0,planted,62.57,0.24577691666666668,12,"months [1, 2, 3, 4, 5, 6, 7, 8, 9, 10, 11, 12] (researched, unverified)"
VN.ADM1.00008,sugarcane_for_sugar,2015,658800.0,9300.0,planted,70.83870967741936,0.2530450575,12,"months [1, 2, 3, 4, 5, 6, 7, 8, 9, 10, 11, 12] (researched, unverified)"
VN.ADM1.00010,sugarcane_for_sugar,2001,662900.0,15700.0,planted,42.22292993630573,0.23183943250000003,12,"months [1, 2, 3, 4, 5, 6, 7, 8, 9, 10, 11, 12] (researched, unverified)"
VN.ADM1.00010,sugarcane_for_sugar,2002,750100.0,18200.0,planted,41.214285714285715,0.2110477625,12,"months [1, 2, 3, 4, 5, 6, 7, 8, 9, 10, 11, 12] (researched, unverified)"
VN.ADM1.00010,sugarcane_for_sugar,2003,886400.0,19100.0,planted,46.40837696335078,0.22774397000000002,12,"months [1, 2, 3, 4, 5, 6, 7, 8, 9, 10, 11, 12] (researched, unverified)"
VN.ADM1.00010,sugarcane_for_sugar,2004,816600.0,18200.0,planted,44.86813186813187,0.21031528866666668,12,"months [1, 2, 3, 4, 5, 6, 7, 8, 9, 10, 11, 12] (researched, unverified)"
VN.ADM1.00010,sugarcane_for_sugar,2005,719900.0,16700.0,planted,43.10778443113772,0.19362339916666668,12,"months [1, 2, 3, 4, 5, 6, 7, 8, 9, 10, 11, 12] (researched, unverified)"
VN.ADM1.00010,sugarcane_for_sugar,2006,987000.0,20300.0,planted,48.62068965517241,0.22908528666666664,12,"months [1, 2, 3, 4, 5, 6, 7, 8, 9, 10, 11, 12] (researched, unverified)"
VN.ADM1.00010,sugarcane_for_sugar,2007,1023600.0,21300.0,planted,48.056338028169016,0.21782823249999997,12,"months [1, 2, 3, 4, 5, 6, 7, 8, 9, 10, 11, 12] (researched, unverified)"
VN.ADM1.00010,sugarcane_for_sugar,2008,1034000.0,20800.0,planted,49.71153846153846,0.2327233925,12,"months [1, 2, 3, 4, 5, 6, 7, 8, 9, 10, 11, 12] (researched, unverified)"
VN.ADM1.00010,sugarcane_for_sugar,2009,1113200.0,21100.0,planted,52.758293838862556,0.2249200975,12,"months [1, 2, 3, 4, 5, 6, 7, 8, 9, 10, 11, 12] (researched, unverified)"
VN.ADM1.00010,sugarcane_for_sugar,2010,1295100.0,23600.0,planted,54.8771186440678,0.21979553666666665,12,"months [1, 2, 3, 4, 5, 6, 7, 8, 9, 10, 11, 12] (researched, unverified)"
VN.ADM1.00010,sugarcane_for_sugar,2011,1592600.0,28700.0,planted,55.491289198606275,0.2093193325,12,"months [1, 2, 3, 4, 5, 6, 7, 8, 9, 10, 11, 12] (researched, unverified)"
VN.ADM1.00010,sugarcane_for_sugar,2012,1806900.0,35200.0,planted,51.33238636363637,0.22583243416666665,12,"months [1, 2, 3, 4, 5, 6, 7, 8, 9, 10, 11, 12] (researched, unverified)"
VN.ADM1.00010,sugarcane_for_sugar,2013,2036600.0,36800.0,planted,55.34239130434783,0.21726415083333336,12,"months [1, 2, 3, 4, 5, 6, 7, 8, 9, 10, 11, 12] (researched, unverified)"
VN.ADM1.00010,sugarcane_for_sugar,2014,2280900.0,40100.0,planted,56.880299251870326,0.22132830583333332,12,"months [1, 2, 3, 4, 5, 6, 7, 8, 9, 10, 11, 12] (researched, unverified)"
VN.ADM1.00010,sugarcane_for_sugar,2015,2398300.0,40400.0,planted,59.363861386138616,0.22527737,12,"months [1, 2, 3, 4, 5, 6, 7, 8, 9, 10, 11, 12] (researched, unverified)"
VN.ADM1.00012,sugarcane_for_sugar,2001,75000.0,1400.0,planted,53.57142857142857,0.15040162016666667,12,"months [1, 2, 3, 4, 5, 6, 7, 8, 9, 10, 11, 12] (researched, unverified)"
VN.ADM1.00012,sugarcane_for_sugar,2002,81300.0,1400.0,planted,58.07142857142857,0.15612463391666667,12,"months [1, 2, 3, 4, 5, 6, 7, 8, 9, 10, 11, 12] (researched, unverified)"
VN.ADM1.00012,sugarcane_for_sugar,2003,85100.0,1500.0,planted,56.733333333333334,0.15933062791666666,12,"months [1, 2, 3, 4, 5, 6, 7, 8, 9, 10, 11, 12] (researched, unverified)"
VN.ADM1.00012,sugarcane_for_sugar,2004,88700.0,1500.0,planted,59.13333333333333,0.14245605666666666,12,"months [1, 2, 3, 4, 5, 6, 7, 8, 9, 10, 11, 12] (researched, unverified)"
VN.ADM1.00012,sugarcane_for_sugar,2005,81000.0,1500.0,planted,54.0,0.14172712158333334,12,"months [1, 2, 3, 4, 5, 6, 7, 8, 9, 10, 11, 12] (researched, unverified)"
VN.ADM1.00012,sugarcane_for_sugar,2006,68500.0,1200.0,planted,57.083333333333336,0.15433631933333333,12,"months [1, 2, 3, 4, 5, 6, 7, 8, 9, 10, 11, 12] (researched, unverified)"
VN.ADM1.00012,sugarcane_for_sugar,2007,74400.0,1300.0,planted,57.23076923076923,0.15008405716666667,12,"months [1, 2, 3, 4, 5, 6, 7, 8, 9, 10, 11, 12] (researched, unverified)"
VN.ADM1.00012,sugarcane_for_sugar,2008,68700.0,1100.0,planted,62.45454545454545,0.1568697415,12,"months [1, 2, 3, 4, 5, 6, 7, 8, 9, 10, 11, 12] (researched, unverified)"
VN.ADM1.00012,sugarcane_for_sugar,2009,57600.0,900.0,planted,64.0,0.16221939783333333,12,"months [1, 2, 3, 4, 5, 6, 7, 8, 9, 10, 11, 12] (researched, unverified)"
VN.ADM1.00012,sugarcane_for_sugar,2010,62000.0,1000.0,planted,62.0,0.1479909995,12,"months [1, 2, 3, 4, 5, 6, 7, 8, 9, 10, 11, 12] (researched, unverified)"
VN.ADM1.00012,sugarcane_for_sugar,2011,60900.0,900.0,planted,67.66666666666667,0.147507475,12,"months [1, 2, 3, 4, 5, 6, 7, 8, 9, 10, 11, 12] (researched, unverified)"
VN.ADM1.00012,sugarcane_for_sugar,2012,64400.0,1000.0,planted,64.4,0.15858919508333333,12,"months [1, 2, 3, 4, 5, 6, 7, 8, 9, 10, 11, 12] (researched, unverified)"
VN.ADM1.00012,sugarcane_for_sugar,2013,60900.0,1000.0,planted,60.9,0.15221318133333334,12,"months [1, 2, 3, 4, 5, 6, 7, 8, 9, 10, 11, 12] (researched, unverified)"
VN.ADM1.00012,sugarcane_for_sugar,2014,64300.0,1000.0,planted,64.3,0.16334907341666668,12,"months [1, 2, 3, 4, 5, 6, 7, 8, 9, 10, 11, 12] (researched, unverified)"
VN.ADM1.00012,sugarcane_for_sugar,2015,60700.0,900.0,planted,67.44444444444444,0.16229287608333334,12,"months [1, 2, 3, 4, 5, 6, 7, 8, 9, 10, 11, 12] (researched, unverified)"
VN.ADM1.00013,sugarcane_for_sugar,2001,358600.0,6800.0,planted,52.73529411764706,0.196227672,12,"months [1, 2, 3, 4, 5, 6, 7, 8, 9, 10, 11, 12] (researched, unverified)"
VN.ADM1.00013,sugarcane_for_sugar,2002,406900.0,7700.0,planted,52.84415584415584,0.193260573,12,"months [1, 2, 3, 4, 5, 6, 7, 8, 9, 10, 11, 12] (researched, unverified)"
VN.ADM1.00013,sugarcane_for_sugar,2003,403000.0,7600.0,planted,53.026315789473685,0.20665187091666667,12,"months [1, 2, 3, 4, 5, 6, 7, 8, 9, 10, 11, 12] (researched, unverified)"
VN.ADM1.00013,sugarcane_for_sugar,2004,398800.0,7000.0,planted,56.97142857142857,0.17991540166666664,12,"months [1, 2, 3, 4, 5, 6, 7, 8, 9, 10, 11, 12] (researched, unverified)"
VN.ADM1.00013,sugarcane_for_sugar,2005,389300.0,6600.0,planted,58.984848484848484,0.17750238366666668,12,"months [1, 2, 3, 4, 5, 6, 7, 8, 9, 10, 11, 12] (researched, unverified)"
VN.ADM1.00013,sugarcane_for_sugar,2006,391000.0,6400.0,planted,61.09375,0.19583221916666668,12,"months [1, 2, 3, 4, 5, 6, 7, 8, 9, 10, 11, 12] (researched, unverified)"
VN.ADM1.00013,sugarcane_for_sugar,2007,496400.0,8000.0,planted,62.05,0.19455987158333332,12,"months [1, 2, 3, 4, 5, 6, 7, 8, 9, 10, 11, 12] (researched, unverified)"
VN.ADM1.00013,sugarcane_for_sugar,2008,506400.0,7800.0,planted,64.92307692307692,0.19235545366666665,12,"months [1, 2, 3, 4, 5, 6, 7, 8, 9, 10, 11, 12] (researched, unverified)"
VN.ADM1.00013,sugarcane_for_sugar,2009,494900.0,7800.0,planted,63.44871794871795,0.20576840216666667,12,"months [1, 2, 3, 4, 5, 6, 7, 8, 9, 10, 11, 12] (researched, unverified)"
VN.ADM1.00013,sugarcane_for_sugar,2010,527400.0,8100.0,planted,65.11111111111111,0.19544551541666666,12,"months [1, 2, 3, 4, 5, 6, 7, 8, 9, 10, 11, 12] (researched, unverified)"
VN.ADM1.00013,sugarcane_for_sugar,2011,602200.0,9100.0,planted,66.17582417582418,0.17978936391666667,12,"months [1, 2, 3, 4, 5, 6, 7, 8, 9, 10, 11, 12] (researched, unverified)"
VN.ADM1.00013,sugarcane_for_sugar,2012,553400.0,8300.0,planted,66.67469879518072,0.19287227416666666,12,"months [1, 2, 3, 4, 5, 6, 7, 8, 9, 10, 11, 12] (researched, unverified)"
VN.ADM1.00013,sugarcane_for_sugar,2013,587900.0,8700.0,planted,67.57471264367815,0.19386997083333335,12,"months [1, 2, 3, 4, 5, 6, 7, 8, 9, 10, 11, 12] (researched, unverified)"
VN.ADM1.00013,sugarcane_for_sugar,2014,633200.0,9300.0,planted,68.08602150537635,0.20055864583333335,12,"months [1, 2, 3, 4, 5, 6, 7, 8, 9, 10, 11, 12] (researched, unverified)"
VN.ADM1.00013,sugarcane_for_sugar,2015,645900.0,9500.0,planted,67.98947368421052,0.21194906716666664,12,"months [1, 2, 3, 4, 5, 6, 7, 8, 9, 10, 11, 12] (researched, unverified)"
VN.ADM1.00015,sugarcane_for_sugar,2001,239000.0,5500.0,planted,43.45454545454545,0.18528540033333332,12,"months [1, 2, 3, 4, 5, 6, 7, 8, 9, 10, 11, 12] (researched, unverified)"
VN.ADM1.00015,sugarcane_for_sugar,2002,324400.0,7000.0,planted,46.34285714285714,0.18128860983333336,12,"months [1, 2, 3, 4, 5, 6, 7, 8, 9, 10, 11, 12] (researched, unverified)"
VN.ADM1.00015,sugarcane_for_sugar,2003,334700.0,7100.0,planted,47.140845070422536,0.20165848275,12,"months [1, 2, 3, 4, 5, 6, 7, 8, 9, 10, 11, 12] (researched, unverified)"
VN.ADM1.00015,sugarcane_for_sugar,2004,332900.0,6800.0,planted,48.955882352941174,0.17831679450000001,12,"months [1, 2, 3, 4, 5, 6, 7, 8, 9, 10, 11, 12] (researched, unverified)"
VN.ADM1.00015,sugarcane_for_sugar,2005,301900.0,5700.0,planted,52.96491228070175,0.185274924,12,"months [1, 2, 3, 4, 5, 6, 7, 8, 9, 10, 11, 12] (researched, unverified)"
VN.ADM1.00015,sugarcane_for_sugar,2006,309800.0,5900.0,planted,52.50847457627118,0.18072114816666665,12,"months [1, 2, 3, 4, 5, 6, 7, 8, 9, 10, 11, 12] (researched, unverified)"
VN.ADM1.00015,sugarcane_for_sugar,2007,373200.0,7000.0,planted,53.31428571428572,0.18197643741666666,12,"months [1, 2, 3, 4, 5, 6, 7, 8, 9, 10, 11, 12] (researched, unverified)"
VN.ADM1.00015,sugarcane_for_sugar,2008,382200.0,6900.0,planted,55.391304347826086,0.18470940158333335,12,"months [1, 2, 3, 4, 5, 6, 7, 8, 9, 10, 11, 12] (researched, unverified)"
VN.ADM1.00015,sugarcane_for_sugar,2009,410800.0,6800.0,planted,60.411764705882355,0.19378723325,12,"months [1, 2, 3, 4, 5, 6, 7, 8, 9, 10, 11, 12] (researched, unverified)"
VN.ADM1.00015,sugarcane_for_sugar,2010,385700.0,7100.0,planted,54.32394366197183,0.19350778466666665,12,"months [1, 2, 3, 4, 5, 6, 7, 8, 9, 10, 11, 12] (researched, unverified)"
VN.ADM1.00015,sugarcane_for_sugar,2011,492900.0,9100.0,planted,54.16483516483517,0.17295408850000002,12,"months [1, 2, 3, 4, 5, 6, 7, 8, 9, 10, 11, 12] (researched, unverified)"
VN.ADM1.00015,sugarcane_for_sugar,2012,602500.0,10600.0,planted,56.839622641509436,0.17168418308333333,12,"months [1, 2, 3, 4, 5, 6, 7, 8, 9, 10, 11, 12] (researched, unverified)"
VN.ADM1.00015,sugarcane_for_sugar,2013,642800.0,11200.0,planted,57.392857142857146,0.17760815816666667,12,"months [1, 2, 3, 4, 5, 6, 7, 8, 9, 10, 11, 12] (researched, unverified)"
VN.ADM1.00015,sugarcane_for_sugar,2014,654600.0,11300.0,planted,57.92920353982301,0.18148599566666668,12,"months [1, 2, 3, 4, 5, 6, 7, 8, 9, 10, 11, 12] (researched, unverified)"
VN.ADM1.00015,sugarcane_for_sugar,2015,706300.0,12200.0,planted,57.89344262295082,0.19523190291666667,12,"months [1, 2, 3, 4, 5, 6, 7, 8, 9, 10, 11, 12] (researched, unverified)"
VN.ADM1.00018,sugarcane_for_sugar,2001,950100.0,12100.0,planted,78.52066115702479,0.18334926916666663,12,"months [1, 2, 3, 4, 5, 6, 7, 8, 9, 10, 11, 12] (researched, unverified)"
VN.ADM1.00018,sugarcane_for_sugar,2002,1025100.0,13000.0,planted,78.85384615384615,0.19708120333333334,12,"months [1, 2, 3, 4, 5, 6, 7, 8, 9, 10, 11, 12] (researched, unverified)"
VN.ADM1.00018,sugarcane_for_sugar,2003,922400.0,11100.0,planted,83.09909909909909,0.18308625416666666,12,"months [1, 2, 3, 4, 5, 6, 7, 8, 9, 10, 11, 12] (researched, unverified)"
VN.ADM1.00018,sugarcane_for_sugar,2004,775800.0,10300.0,planted,75.32038834951456,0.18659862583333334,12,"months [1, 2, 3, 4, 5, 6, 7, 8, 9, 10, 11, 12] (researched, unverified)"
VN.ADM1.00018,sugarcane_for_sugar,2005,976700.0,11700.0,planted,83.47863247863248,0.18556143916666668,12,"months [1, 2, 3, 4, 5, 6, 7, 8, 9, 10, 11, 12] (researched, unverified)"
VN.ADM1.00018,sugarcane_for_sugar,2006,1130700.0,13000.0,planted,86.97692307692307,0.18568057333333332,12,"months [1, 2, 3, 4, 5, 6, 7, 8, 9, 10, 11, 12] (researched, unverified)"
VN.ADM1.00018,sugarcane_for_sugar,2007,1133000.0,13100.0,planted,86.4885496183206,0.18695072841666668,12,"months [1, 2, 3, 4, 5, 6, 7, 8, 9, 10, 11, 12] (researched, unverified)"
VN.ADM1.00018,sugarcane_for_sugar,2008,1138100.0,13200.0,planted,86.21969696969697,0.187594762,12,"months [1, 2, 3, 4, 5, 6, 7, 8, 9, 10, 11, 12] (researched, unverified)"
VN.ADM1.00018,sugarcane_for_sugar,2009,1140100.0,13200.0,planted,86.37121212121212,0.19834826083333335,12,"months [1, 2, 3, 4, 5, 6, 7, 8, 9, 10, 11, 12] (researched, unverified)"
VN.ADM1.00018,sugarcane_for_sugar,2010,2376000.0,27000.0,planted,88.0,0.20699015916666666,12,"months [1, 2, 3, 4, 5, 6, 7, 8, 9, 10, 11, 12] (researched, unverified)"
VN.ADM1.00018,sugarcane_for_sugar,2011,2420800.0,27700.0,planted,87.39350180505416,0.19336015166666667,12,"months [1, 2, 3, 4, 5, 6, 7, 8, 9, 10, 11, 12] (researched, unverified)"
VN.ADM1.00018,sugarcane_for_sugar,2012,2578900.0,27500.0,planted,93.77818181818182,0.2072652475,12,"months [1, 2, 3, 4, 5, 6, 7, 8, 9, 10, 11, 12] (researched, unverified)"
VN.ADM1.00018,sugarcane_for_sugar,2013,2590700.0,26900.0,planted,96.3085501858736,0.19591862666666668,12,"months [1, 2, 3, 4, 5, 6, 7, 8, 9, 10, 11, 12] (researched, unverified)"
VN.ADM1.00018,sugarcane_for_sugar,2014,2457900.0,25200.0,planted,97.53571428571429,0.19774837166666667,12,"months [1, 2, 3, 4, 5, 6, 7, 8, 9, 10, 11, 12] (researched, unverified)"
VN.ADM1.00018,sugarcane_for_sugar,2015,2173000.0,22400.0,planted,97.00892857142857,0.21326675416666666,12,"months [1, 2, 3, 4, 5, 6, 7, 8, 9, 10, 11, 12] (researched, unverified)"
VN.ADM1.00019,sugarcane_for_sugar,2001,195000.0,3600.0,planted,54.166666666666664,0.14577662783333334,12,"months [1, 2, 3, 4, 5, 6, 7, 8, 9, 10, 11, 12] (researched, unverified)"
VN.ADM1.00019,sugarcane_for_sugar,2002,198700.0,3600.0,planted,55.19444444444444,0.13447749325,12,"months [1, 2, 3, 4, 5, 6, 7, 8, 9, 10, 11, 12] (researched, unverified)"
VN.ADM1.00019,sugarcane_for_sugar,2003,187500.0,3300.0,planted,56.81818181818182,0.13469514825,12,"months [1, 2, 3, 4, 5, 6, 7, 8, 9, 10, 11, 12] (researched, unverified)"
VN.ADM1.00019,sugarcane_for_sugar,2004,167300.0,2800.0,planted,59.75,0.12416848583333333,12,"months [1, 2, 3, 4, 5, 6, 7, 8, 9, 10, 11, 12] (researched, unverified)"
VN.ADM1.00019,sugarcane_for_sugar,2005,139700.0,2600.0,planted,53.73076923076923,0.11664052033333333,12,"months [1, 2, 3, 4, 5, 6, 7, 8, 9, 10, 11, 12] (researched, unverified)"
VN.ADM1.00019,sugarcane_for_sugar,2006,135200.0,2300.0,planted,58.78260869565217,0.12943780791666668,12,"months [1, 2, 3, 4, 5, 6, 7, 8, 9, 10, 11, 12] (researched, unverified)"
VN.ADM1.00019,sugarcane_for_sugar,2007,124200.0,2000.0,planted,62.1,0.13046810533333333,12,"months [1, 2, 3, 4, 5, 6, 7, 8, 9, 10, 11, 12] (researched, unverified)"
VN.ADM1.00019,sugarcane_for_sugar,2008,126500.0,2000.0,planted,63.25,0.13193829166666668,12,"months [1, 2, 3, 4, 5, 6, 7, 8, 9, 10, 11, 12] (researched, unverified)"
VN.ADM1.00019,sugarcane_for_sugar,2009,129400.0,2100.0,planted,61.61904761904762,0.13787915291666666,12,"months [1, 2, 3, 4, 5, 6, 7, 8, 9, 10, 11, 12] (researched, unverified)"
VN.ADM1.00019,sugarcane_for_sugar,2010,124800.0,2000.0,planted,62.4,0.13267653216666667,12,"months [1, 2, 3, 4, 5, 6, 7, 8, 9, 10, 11, 12] (researched, unverified)"
VN.ADM1.00019,sugarcane_for_sugar,2011,132200.0,2100.0,planted,62.95238095238095,0.13447799833333332,12,"months [1, 2, 3, 4, 5, 6, 7, 8, 9, 10, 11, 12] (researched, unverified)"
VN.ADM1.00019,sugarcane_for_sugar,2012,141300.0,2300.0,planted,61.43478260869565,0.14373961708333335,12,"months [1, 2, 3, 4, 5, 6, 7, 8, 9, 10, 11, 12] (researched, unverified)"
VN.ADM1.00019,sugarcane_for_sugar,2013,152200.0,2400.0,planted,63.416666666666664,0.13962398708333332,12,"months [1, 2, 3, 4, 5, 6, 7, 8, 9, 10, 11, 12] (researched, unverified)"
VN.ADM1.00019,sugarcane_for_sugar,2014,147200.0,2300.0,planted,64.0,0.1349862025,12,"months [1, 2, 3, 4, 5, 6, 7, 8, 9, 10, 11, 12] (researched, unverified)"
VN.ADM1.00019,sugarcane_for_sugar,2015,146900.0,2300.0,planted,63.869565217391305,0.13777493633333335,12,"months [1, 2, 3, 4, 5, 6, 7, 8, 9, 10, 11, 12] (researched, unverified)"
VN.ADM1.00020,sugarcane_for_sugar,2001,30300.0,1100.0,planted,27.545454545454547,0.15998053166666668,12,"months [1, 2, 3, 4, 5, 6, 7, 8, 9, 10, 11, 12] (researched, unverified)"
VN.ADM1.00020,sugarcane_for_sugar,2002,31800.0,1100.0,planted,28.90909090909091,0.16771701566666666,12,"months [1, 2, 3, 4, 5, 6, 7, 8, 9, 10, 11, 12] (researched, unverified)"
VN.ADM1.00020,sugarcane_for_sugar,2003,31700.0,1100.0,planted,28.818181818181817,0.17364232999999998,12,"months [1, 2, 3, 4, 5, 6, 7, 8, 9, 10, 11, 12] (researched, unverified)"
VN.ADM1.00020,sugarcane_for_sugar,2004,19300.0,700.0,planted,27.571428571428573,0.16071957666666667,12,"months [1, 2, 3, 4, 5, 6, 7, 8, 9, 10, 11, 12] (researched, unverified)"
VN.ADM1.00020,sugarcane_for_sugar,2005,16000.0,600.0,planted,26.666666666666668,0.16691010866666667,12,"months [1, 2, 3, 4, 5, 6, 7, 8, 9, 10, 11, 12] (researched, unverified)"
VN.ADM1.00020,sugarcane_for_sugar,2006,16600.0,700.0,planted,23.714285714285715,0.16686363708333332,12,"months [1, 2, 3, 4, 5, 6, 7, 8, 9, 10, 11, 12] (researched, unverified)"
VN.ADM1.00020,sugarcane_for_sugar,2007,19000.0,700.0,planted,27.142857142857142,0.16430838125,12,"months [1, 2, 3, 4, 5, 6, 7, 8, 9, 10, 11, 12] (researched, unverified)"
VN.ADM1.00020,sugarcane_for_sugar,2008,19500.0,800.0,planted,24.375,0.17120616758333332,12,"months [1, 2, 3, 4, 5, 6, 7, 8, 9, 10, 11, 12] (researched, unverified)"
VN.ADM1.00020,sugarcane_for_sugar,2009,20400.0,800.0,planted,25.5,0.17254339416666667,12,"months [1, 2, 3, 4, 5, 6, 7, 8, 9, 10, 11, 12] (researched, unverified)"
VN.ADM1.00020,sugarcane_for_sugar,2010,20700.0,800.0,planted,25.875,0.17016900766666668,12,"months [1, 2, 3, 4, 5, 6, 7, 8, 9, 10, 11, 12] (researched, unverified)"
VN.ADM1.00020,sugarcane_for_sugar,2011,18900.0,700.0,planted,27.0,0.15389889308333335,12,"months [1, 2, 3, 4, 5, 6, 7, 8, 9, 10, 11, 12] (researched, unverified)"
VN.ADM1.00020,sugarcane_for_sugar,2012,18600.0,700.0,planted,26.571428571428573,0.16387334133333334,12,"months [1, 2, 3, 4, 5, 6, 7, 8, 9, 10, 11, 12] (researched, unverified)"
VN.ADM1.00020,sugarcane_for_sugar,2013,16700.0,700.0,planted,23.857142857142858,0.16836711933333334,12,"months [1, 2, 3, 4, 5, 6, 7, 8, 9, 10, 11, 12] (researched, unverified)"
VN.ADM1.00020,sugarcane_for_sugar,2014,15900.0,600.0,planted,26.5,0.16496939925,12,"months [1, 2, 3, 4, 5, 6, 7, 8, 9, 10, 11, 12] (researched, unverified)"
VN.ADM1.00020,sugarcane_for_sugar,2015,15900.0,600.0,planted,26.5,0.181678071,12,"months [1, 2, 3, 4, 5, 6, 7, 8, 9, 10, 11, 12] (researched, unverified)"
VN.ADM1.00021,sugarcane_for_sugar,2001,170100.0,4300.0,planted,39.55813953488372,0.14279546483333333,12,"months [1, 2, 3, 4, 5, 6, 7, 8, 9, 10, 11, 12] (researched, unverified)"
VN.ADM1.00021,sugarcane_for_sugar,2002,209400.0,5000.0,planted,41.88,0.13858890541666666,12,"months [1, 2, 3, 4, 5, 6, 7, 8, 9, 10, 11, 12] (researched, unverified)"
VN.ADM1.00021,sugarcane_for_sugar,2003,202300.0,4900.0,planted,41.285714285714285,0.13403173675,12,"months [1, 2, 3, 4, 5, 6, 7, 8, 9, 10, 11, 12] (researched, unverified)"
VN.ADM1.00021,sugarcane_for_sugar,2004,157300.0,3800.0,planted,41.39473684210526,0.126143977,12,"months [1, 2, 3, 4, 5, 6, 7, 8, 9, 10, 11, 12] (researched, unverified)"
VN.ADM1.00021,sugarcane_for_sugar,2005,168800.0,3700.0,planted,45.62162162162162,0.12240104025,12,"months [1, 2, 3, 4, 5, 6, 7, 8, 9, 10, 11, 12] (researched, unverified)"
VN.ADM1.00021,sugarcane_for_sugar,2006,198400.0,4500.0,planted,44.08888888888889,0.12561342550000001,12,"months [1, 2, 3, 4, 5, 6, 7, 8, 9, 10, 11, 12] (researched, unverified)"
VN.ADM1.00021,sugarcane_for_sugar,2007,196700.0,3500.0,planted,56.2,0.123797375,12,"months [1, 2, 3, 4, 5, 6, 7, 8, 9, 10, 11, 12] (researched, unverified)"
VN.ADM1.00021,sugarcane_for_sugar,2008,200000.0,4100.0,planted,48.78048780487805,0.12691075999999998,12,"months [1, 2, 3, 4, 5, 6, 7, 8, 9, 10, 11, 12] (researched, unverified)"
VN.ADM1.00021,sugarcane_for_sugar,2009,230700.0,3500.0,planted,65.91428571428571,0.13277268708333334,12,"months [1, 2, 3, 4, 5, 6, 7, 8, 9, 10, 11, 12] (researched, unverified)"
VN.ADM1.00021,sugarcane_for_sugar,2010,362300.0,4500.0,planted,80.5111111111111,0.13499642866666667,12,"months [1, 2, 3, 4, 5, 6, 7, 8, 9, 10, 11, 12] (researched, unverified)"
VN.ADM1.00021,sugarcane_for_sugar,2011,313700.0,4400.0,planted,71.29545454545455,0.13892388749999998,12,"months [1, 2, 3, 4, 5, 6, 7, 8, 9, 10, 11, 12] (researched, unverified)"
VN.ADM1.00021,sugarcane_for_sugar,2012,346300.0,4900.0,planted,70.6734693877551,0.1490599005,12,"months [1, 2, 3, 4, 5, 6, 7, 8, 9, 10, 11, 12] (researched, unverified)"
VN.ADM1.00021,sugarcane_for_sugar,2013,365500.0,5700.0,planted,64.12280701754386,0.1363135725,12,"months [1, 2, 3, 4, 5, 6, 7, 8, 9, 10, 11, 12] (researched, unverified)"
VN.ADM1.00021,sugarcane_for_sugar,2014,395400.0,5800.0,planted,68.17241379310344,0.14231570666666668,12,"months [1, 2, 3, 4, 5, 6, 7, 8, 9, 10, 11, 12] (researched, unverified)"
VN.ADM1.00021,sugarcane_for_sugar,2015,400100.0,5800.0,planted,68.98275862068965,0.1459471675,12,"months [1, 2, 3, 4, 5, 6, 7, 8, 9, 10, 11, 12] (researched, unverified)"
VN.ADM1.00023,sugarcane_for_sugar,2001,182100.0,3300.0,planted,55.18181818181818,0.22479082250000001,12,"months [1, 2, 3, 4, 5, 6, 7, 8, 9, 10, 11, 12] (researched, unverified)"
VN.ADM1.00023,sugarcane_for_sugar,2002,154800.0,3100.0,planted,49.935483870967744,0.2032863175,12,"months [1, 2, 3, 4, 5, 6, 7, 8, 9, 10, 11, 12] (researched, unverified)"
VN.ADM1.00023,sugarcane_for_sugar,2003,158200.0,2500.0,planted,63.28,0.21730168000000002,12,"months [1, 2, 3, 4, 5, 6, 7, 8, 9, 10, 11, 12] (researched, unverified)"
VN.ADM1.00023,sugarcane_for_sugar,2004,148800.0,2300.0,planted,64.69565217391305,0.21219027833333334,12,"months [1, 2, 3, 4, 5, 6, 7, 8, 9, 10, 11, 12] (researched, unverified)"
VN.ADM1.00023,sugarcane_for_sugar,2005,128500.0,2000.0,planted,64.25,0.19264491708333334,12,"months [1, 2, 3, 4, 5, 6, 7, 8, 9, 10, 11, 12] (researched, unverified)"
VN.ADM1.00023,sugarcane_for_sugar,2006,128800.0,2000.0,planted,64.4,0.22052979250000002,12,"months [1, 2, 3, 4, 5, 6, 7, 8, 9, 10, 11, 12] (researched, unverified)"
VN.ADM1.00023,sugarcane_for_sugar,2007,127700.0,1800.0,planted,70.94444444444444,0.21169135833333333,12,"months [1, 2, 3, 4, 5, 6, 7, 8, 9, 10, 11, 12] (researched, unverified)"
VN.ADM1.00023,sugarcane_for_sugar,2008,97700.0,1400.0,planted,69.78571428571429,0.2091652125,12,"months [1, 2, 3, 4, 5, 6, 7, 8, 9, 10, 11, 12] (researched, unverified)"
VN.ADM1.00023,sugarcane_for_sugar,2009,75000.0,1100.0,planted,68.18181818181819,0.21698869583333333,12,"months [1, 2, 3, 4, 5, 6, 7, 8, 9, 10, 11, 12] (researched, unverified)"
VN.ADM1.00023,sugarcane_for_sugar,2010,71600.0,1000.0,planted,71.6,0.21292669166666667,12,"months [1, 2, 3, 4, 5, 6, 7, 8, 9, 10, 11, 12] (researched, unverified)"
VN.ADM1.00023,sugarcane_for_sugar,2011,64800.0,900.0,planted,72.0,0.21257021583333333,12,"months [1, 2, 3, 4, 5, 6, 7, 8, 9, 10, 11, 12] (researched, unverified)"
VN.ADM1.00023,sugarcane_for_sugar,2012,66500.0,900.0,planted,73.88888888888889,0.22201248250000002,12,"months [1, 2, 3, 4, 5, 6, 7, 8, 9, 10, 11, 12] (researched, unverified)"
VN.ADM1.00023,sugarcane_for_sugar,2013,61300.0,900.0,planted,68.11111111111111,0.2181311725,12,"months [1, 2, 3, 4, 5, 6, 7, 8, 9, 10, 11, 12] (researched, unverified)"
VN.ADM1.00023,sugarcane_for_sugar,2014,39400.0,600.0,planted,65.66666666666667,0.22399801666666666,12,"months [1, 2, 3, 4, 5, 6, 7, 8, 9, 10, 11, 12] (researched, unverified)"
VN.ADM1.00023,sugarcane_for_sugar,2015,28100.0,400.0,planted,70.25,0.21906086,12,"months [1, 2, 3, 4, 5, 6, 7, 8, 9, 10, 11, 12] (researched, unverified)"
VN.ADM1.00025,sugarcane_for_sugar,2001,349500.0,16500.0,planted,21.181818181818183,0.130738577,12,"months [1, 2, 3, 4, 5, 6, 7, 8, 9, 10, 11, 12] (researched, unverified)"
VN.ADM1.00025,sugarcane_for_sugar,2002,911400.0,15700.0,planted,58.05095541401274,0.13082592175,12,"months [1, 2, 3, 4, 5, 6, 7, 8, 9, 10, 11, 12] (researched, unverified)"
VN.ADM1.00025,sugarcane_for_sugar,2003,962900.0,15800.0,planted,60.94303797468354,0.14505514366666666,12,"months [1, 2, 3, 4, 5, 6, 7, 8, 9, 10, 11, 12] (researched, unverified)"
VN.ADM1.00025,sugarcane_for_sugar,2004,916400.0,14900.0,planted,61.50335570469799,0.14531750383333333,12,"months [1, 2, 3, 4, 5, 6, 7, 8, 9, 10, 11, 12] (researched, unverified)"
VN.ADM1.00025,sugarcane_for_sugar,2005,933800.0,14700.0,planted,63.523809523809526,0.133834419,12,"months [1, 2, 3, 4, 5, 6, 7, 8, 9, 10, 11, 12] (researched, unverified)"
VN.ADM1.00025,sugarcane_for_sugar,2006,1027900.0,14900.0,planted,68.98657718120805,0.14997981091666665,12,"months [1, 2, 3, 4, 5, 6, 7, 8, 9, 10, 11, 12] (researched, unverified)"
VN.ADM1.00025,sugarcane_for_sugar,2007,1037000.0,15800.0,planted,65.63291139240506,0.15581519983333333,12,"months [1, 2, 3, 4, 5, 6, 7, 8, 9, 10, 11, 12] (researched, unverified)"
VN.ADM1.00025,sugarcane_for_sugar,2008,1060500.0,15400.0,planted,68.86363636363636,0.14332883666666665,12,"months [1, 2, 3, 4, 5, 6, 7, 8, 9, 10, 11, 12] (researched, unverified)"
VN.ADM1.00025,sugarcane_for_sugar,2009,1026000.0,14900.0,planted,68.85906040268456,0.15850008499999999,12,"months [1, 2, 3, 4, 5, 6, 7, 8, 9, 10, 11, 12] (researched, unverified)"
VN.ADM1.00025,sugarcane_for_sugar,2010,895900.0,12800.0,planted,69.9921875,0.1583929275,12,"months [1, 2, 3, 4, 5, 6, 7, 8, 9, 10, 11, 12] (researched, unverified)"
VN.ADM1.00025,sugarcane_for_sugar,2011,884200.0,12600.0,planted,70.17460317460318,0.1502430835,12,"months [1, 2, 3, 4, 5, 6, 7, 8, 9, 10, 11, 12] (researched, unverified)"
VN.ADM1.00025,sugarcane_for_sugar,2012,921000.0,13600.0,planted,67.72058823529412,0.17893292633333333,12,"months [1, 2, 3, 4, 5, 6, 7, 8, 9, 10, 11, 12] (researched, unverified)"
VN.ADM1.00025,sugarcane_for_sugar,2013,924200.0,13400.0,planted,68.97014925373135,0.17033549533333334,12,"months [1, 2, 3, 4, 5, 6, 7, 8, 9, 10, 11, 12] (researched, unverified)"
VN.ADM1.00025,sugarcane_for_sugar,2014,911600.0,13000.0,planted,70.12307692307692,0.18518955166666665,12,"months [1, 2, 3, 4, 5, 6, 7, 8, 9, 10, 11, 12] (researched, unverified)"
VN.ADM1.00025,sugarcane_for_sugar,2015,850700.0,12100.0,planted,70.30578512396694,0.191201575,12,"months [1, 2, 3, 4, 5, 6, 7, 8, 9, 10, 11, 12] (researched, unverified)"
VN.ADM1.00026,sugarcane_for_sugar,2011,12700.0,200.0,planted,63.5,0.07711743391666666,12,"months [1, 2, 3, 4, 5, 6, 7, 8, 9, 10, 11, 12] (researched, unverified)"
VN.ADM1.00026,sugarcane_for_sugar,2012,16200.0,200.0,planted,81.0,0.073164783,12,"months [1, 2, 3, 4, 5, 6, 7, 8, 9, 10, 11, 12] (researched, unverified)"
VN.ADM1.00026,sugarcane_for_sugar,2013,25800.0,400.0,planted,64.5,0.07571095575,12,"months [1, 2, 3, 4, 5, 6, 7, 8, 9, 10, 11, 12] (researched, unverified)"
VN.ADM1.00026,sugarcane_for_sugar,2014,16700.0,200.0,planted,83.5,0.06978276091666667,12,"months [1, 2, 3, 4, 5, 6, 7, 8, 9, 10, 11, 12] (researched, unverified)"
VN.ADM1.00026,sugarcane_for_sugar,2015,20500.0,300.0,planted,68.33333333333333,0.07477788216666666,12,"months [1, 2, 3, 4, 5, 6, 7, 8, 9, 10, 11, 12] (researched, unverified)"
VN.ADM1.00027,sugarcane_for_sugar,2001,1050700.0,20100.0,planted,52.27363184079602,0.17953288091666667,12,"months [1, 2, 3, 4, 5, 6, 7, 8, 9, 10, 11, 12] (researched, unverified)"
VN.ADM1.00027,sugarcane_for_sugar,2002,1392200.0,25700.0,planted,54.17120622568093,0.18458119708333331,12,"months [1, 2, 3, 4, 5, 6, 7, 8, 9, 10, 11, 12] (researched, unverified)"
VN.ADM1.00027,sugarcane_for_sugar,2003,1338100.0,26200.0,planted,51.07251908396947,0.17541537166666665,12,"months [1, 2, 3, 4, 5, 6, 7, 8, 9, 10, 11, 12] (researched, unverified)"
VN.ADM1.00027,sugarcane_for_sugar,2004,1321800.0,24000.0,planted,55.075,0.16386234708333333,12,"months [1, 2, 3, 4, 5, 6, 7, 8, 9, 10, 11, 12] (researched, unverified)"
VN.ADM1.00027,sugarcane_for_sugar,2005,1128600.0,22300.0,planted,50.60986547085202,0.14906045241666666,12,"months [1, 2, 3, 4, 5, 6, 7, 8, 9, 10, 11, 12] (researched, unverified)"
VN.ADM1.00027,sugarcane_for_sugar,2006,1485700.0,26700.0,planted,55.644194756554306,0.16958027725,12,"months [1, 2, 3, 4, 5, 6, 7, 8, 9, 10, 11, 12] (researched, unverified)"
VN.ADM1.00027,sugarcane_for_sugar,2007,1741800.0,30300.0,planted,57.48514851485149,0.16541479808333334,12,"months [1, 2, 3, 4, 5, 6, 7, 8, 9, 10, 11, 12] (researched, unverified)"
VN.ADM1.00027,sugarcane_for_sugar,2008,1708700.0,29900.0,planted,57.147157190635454,0.1705701655,12,"months [1, 2, 3, 4, 5, 6, 7, 8, 9, 10, 11, 12] (researched, unverified)"
VN.ADM1.00027,sugarcane_for_sugar,2009,1563800.0,27400.0,planted,57.07299270072993,0.18314434083333334,12,"months [1, 2, 3, 4, 5, 6, 7, 8, 9, 10, 11, 12] (researched, unverified)"
VN.ADM1.00027,sugarcane_for_sugar,2010,1249000.0,23400.0,planted,53.376068376068375,0.1573884495,12,"months [1, 2, 3, 4, 5, 6, 7, 8, 9, 10, 11, 12] (researched, unverified)"
VN.ADM1.00027,sugarcane_for_sugar,2011,1293300.0,23300.0,planted,55.506437768240346,0.15182318741666667,12,"months [1, 2, 3, 4, 5, 6, 7, 8, 9, 10, 11, 12] (researched, unverified)"
VN.ADM1.00027,sugarcane_for_sugar,2012,1476700.0,25600.0,planted,57.68359375,0.1826263783333333,12,"months [1, 2, 3, 4, 5, 6, 7, 8, 9, 10, 11, 12] (researched, unverified)"
VN.ADM1.00027,sugarcane_for_sugar,2013,1609800.0,27800.0,planted,57.906474820143885,0.17206869225,12,"months [1, 2, 3, 4, 5, 6, 7, 8, 9, 10, 11, 12] (researched, unverified)"
VN.ADM1.00027,sugarcane_for_sugar,2014,1634300.0,28400.0,planted,57.54577464788732,0.17777632325,12,"months [1, 2, 3, 4, 5, 6, 7, 8, 9, 10, 11, 12] (researched, unverified)"
VN.ADM1.00027,sugarcane_for_sugar,2015,1560100.0,26700.0,planted,58.43071161048689,0.1794628925,12,"months [1, 2, 3, 4, 5, 6, 7, 8, 9, 10, 11, 12] (researched, unverified)"
VN.ADM1.00028,sugarcane_for_sugar,2001,648800.0,14000.0,planted,46.34285714285714,0.18554919283333335,12,"months [1, 2, 3, 4, 5, 6, 7, 8, 9, 10, 11, 12] (researched, unverified)"
VN.ADM1.00028,sugarcane_for_sugar,2002,750800.0,16400.0,planted,45.78048780487805,0.17116785466666665,12,"months [1, 2, 3, 4, 5, 6, 7, 8, 9, 10, 11, 12] (researched, unverified)"
VN.ADM1.00028,sugarcane_for_sugar,2003,731800.0,15900.0,planted,46.0251572327044,0.17714842275,12,"months [1, 2, 3, 4, 5, 6, 7, 8, 9, 10, 11, 12] (researched, unverified)"
VN.ADM1.00028,sugarcane_for_sugar,2004,675500.0,13800.0,planted,48.94927536231884,0.15837401333333334,12,"months [1, 2, 3, 4, 5, 6, 7, 8, 9, 10, 11, 12] (researched, unverified)"
VN.ADM1.00028,sugarcane_for_sugar,2005,534200.0,11000.0,planted,48.56363636363636,0.15636443608333334,12,"months [1, 2, 3, 4, 5, 6, 7, 8, 9, 10, 11, 12] (researched, unverified)"
VN.ADM1.00028,sugarcane_for_sugar,2006,509800.0,10200.0,planted,49.98039215686274,0.17468763875,12,"months [1, 2, 3, 4, 5, 6, 7, 8, 9, 10, 11, 12] (researched, unverified)"
VN.ADM1.00028,sugarcane_for_sugar,2007,576800.0,10800.0,planted,53.407407407407405,0.17278410624999999,12,"months [1, 2, 3, 4, 5, 6, 7, 8, 9, 10, 11, 12] (researched, unverified)"
VN.ADM1.00028,sugarcane_for_sugar,2008,526600.0,10100.0,planted,52.13861386138614,0.16739587133333333,12,"months [1, 2, 3, 4, 5, 6, 7, 8, 9, 10, 11, 12] (researched, unverified)"
VN.ADM1.00028,sugarcane_for_sugar,2009,416600.0,8400.0,planted,49.595238095238095,0.17969937049999998,12,"months [1, 2, 3, 4, 5, 6, 7, 8, 9, 10, 11, 12] (researched, unverified)"
VN.ADM1.00028,sugarcane_for_sugar,2010,401500.0,8200.0,planted,48.96341463414634,0.172634524,12,"months [1, 2, 3, 4, 5, 6, 7, 8, 9, 10, 11, 12] (researched, unverified)"
VN.ADM1.00028,sugarcane_for_sugar,2011,438200.0,8200.0,planted,53.4390243902439,0.15762549358333333,12,"months [1, 2, 3, 4, 5, 6, 7, 8, 9, 10, 11, 12] (researched, unverified)"
VN.ADM1.00028,sugarcane_for_sugar,2012,464600.0,8500.0,planted,54.65882352941176,0.19254890208333333,12,"months [1, 2, 3, 4, 5, 6, 7, 8, 9, 10, 11, 12] (researched, unverified)"
VN.ADM1.00028,sugarcane_for_sugar,2013,468100.0,8100.0,planted,57.79012345679013,0.17869469583333333,12,"months [1, 2, 3, 4, 5, 6, 7, 8, 9, 10, 11, 12] (researched, unverified)"
VN.ADM1.00028,sugarcane_for_sugar,2014,452800.0,8000.0,planted,56.6,0.17958316500000002,12,"months [1, 2, 3, 4, 5, 6, 7, 8, 9, 10, 11, 12] (researched, unverified)"
VN.ADM1.00028,sugarcane_for_sugar,2015,342800.0,6000.0,planted,57.13333333333333,0.1953832875,12,"months [1, 2, 3, 4, 5, 6, 7, 8, 9, 10, 11, 12] (researched, unverified)"
VN.ADM1.00029,sugarcane_for_sugar,2001,1571100.0,35200.0,planted,44.63352272727273,0.19765082916666668,12,"months [1, 2, 3, 4, 5, 6, 7, 8, 9, 10, 11, 12] (researched, unverified)"
VN.ADM1.00029,sugarcane_for_sugar,2002,1540000.0,37100.0,planted,41.509433962264154,0.18387942416666667,12,"months [1, 2, 3, 4, 5, 6, 7, 8, 9, 10, 11, 12] (researched, unverified)"
VN.ADM1.00029,sugarcane_for_sugar,2003,1512500.0,36100.0,planted,41.89750692520776,0.19974989083333336,12,"months [1, 2, 3, 4, 5, 6, 7, 8, 9, 10, 11, 12] (researched, unverified)"
VN.ADM1.00029,sugarcane_for_sugar,2004,1567900.0,36400.0,planted,43.074175824175825,0.17904449583333334,12,"months [1, 2, 3, 4, 5, 6, 7, 8, 9, 10, 11, 12] (researched, unverified)"
VN.ADM1.00029,sugarcane_for_sugar,2005,1381400.0,33400.0,planted,41.35928143712575,0.15423834416666668,12,"months [1, 2, 3, 4, 5, 6, 7, 8, 9, 10, 11, 12] (researched, unverified)"
VN.ADM1.00029,sugarcane_for_sugar,2006,1640300.0,37000.0,planted,44.332432432432434,0.19834913366666665,12,"months [1, 2, 3, 4, 5, 6, 7, 8, 9, 10, 11, 12] (researched, unverified)"
VN.ADM1.00029,sugarcane_for_sugar,2007,1780000.0,37600.0,planted,47.340425531914896,0.18967264833333333,12,"months [1, 2, 3, 4, 5, 6, 7, 8, 9, 10, 11, 12] (researched, unverified)"
VN.ADM1.00029,sugarcane_for_sugar,2008,1682200.0,35000.0,planted,48.06285714285714,0.1922433525,12,"months [1, 2, 3, 4, 5, 6, 7, 8, 9, 10, 11, 12] (researched, unverified)"
VN.ADM1.00029,sugarcane_for_sugar,2009,1511800.0,35100.0,planted,43.07122507122507,0.20274160833333332,12,"months [1, 2, 3, 4, 5, 6, 7, 8, 9, 10, 11, 12] (researched, unverified)"
VN.ADM1.00029,sugarcane_for_sugar,2010,1678700.0,37200.0,planted,45.126344086021504,0.19437574666666668,12,"months [1, 2, 3, 4, 5, 6, 7, 8, 9, 10, 11, 12] (researched, unverified)"
VN.ADM1.00029,sugarcane_for_sugar,2011,1896900.0,38100.0,planted,49.78740157480315,0.185230558,12,"months [1, 2, 3, 4, 5, 6, 7, 8, 9, 10, 11, 12] (researched, unverified)"
VN.ADM1.00029,sugarcane_for_sugar,2012,2256700.0,41100.0,planted,54.907542579075425,0.20523090749999998,12,"months [1, 2, 3, 4, 5, 6, 7, 8, 9, 10, 11, 12] (researched, unverified)"
VN.ADM1.00029,sugarcane_for_sugar,2013,2476700.0,42900.0,planted,57.73193473193473,0.20010272883333333,12,"months [1, 2, 3, 4, 5, 6, 7, 8, 9, 10, 11, 12] (researched, unverified)"
VN.ADM1.00029,sugarcane_for_sugar,2014,2616300.0,46000.0,planted,56.87608695652174,0.1681289975,12,"months [1, 2, 3, 4, 5, 6, 7, 8, 9, 10, 11, 12] (researched, unverified)"
VN.ADM1.00029,sugarcane_for_sugar,2015,2442200.0,44700.0,planted,54.635346756152124,0.18751715,12,"months [1, 2, 3, 4, 5, 6, 7, 8, 9, 10, 11, 12] (researched, unverified)"
VN.ADM1.00031,sugarcane_for_sugar,2001,14300.0,500.0,planted,28.6,0.16685956333333332,12,"months [1, 2, 3, 4, 5, 6, 7, 8, 9, 10, 11, 12] (researched, unverified)"
VN.ADM1.00031,sugarcane_for_sugar,2002,15000.0,400.0,planted,37.5,0.16313151883333335,12,"months [1, 2, 3, 4, 5, 6, 7, 8, 9, 10, 11, 12] (researched, unverified)"
VN.ADM1.00031,sugarcane_for_sugar,2003,14200.0,400.0,planted,35.5,0.18018997791666666,12,"months [1, 2, 3, 4, 5, 6, 7, 8, 9, 10, 11, 12] (researched, unverified)"
VN.ADM1.00031,sugarcane_for_sugar,2004,14800.0,500.0,planted,29.6,0.15354975541666668,12,"months [1, 2, 3, 4, 5, 6, 7, 8, 9, 10, 11, 12] (researched, unverified)"
VN.ADM1.00031,sugarcane_for_sugar,2005,14600.0,400.0,planted,36.5,0.15403700416666666,12,"months [1, 2, 3, 4, 5, 6, 7, 8, 9, 10, 11, 12] (researched, unverified)"
VN.ADM1.00031,sugarcane_for_sugar,2006,13900.0,400.0,planted,34.75,0.151078842,12,"months [1, 2, 3, 4, 5, 6, 7, 8, 9, 10, 11, 12] (researched, unverified)"
VN.ADM1.00031,sugarcane_for_sugar,2007,13200.0,400.0,planted,33.0,0.15372299675,12,"months [1, 2, 3, 4, 5, 6, 7, 8, 9, 10, 11, 12] (researched, unverified)"
VN.ADM1.00031,sugarcane_for_sugar,2008,13000.0,400.0,planted,32.5,0.16528455816666668,12,"months [1, 2, 3, 4, 5, 6, 7, 8, 9, 10, 11, 12] (researched, unverified)"
VN.ADM1.00031,sugarcane_for_sugar,2009,16600.0,400.0,planted,41.5,0.17131680549999997,12,"months [1, 2, 3, 4, 5, 6, 7, 8, 9, 10, 11, 12] (researched, unverified)"
VN.ADM1.00031,sugarcane_for_sugar,2010,16800.0,400.0,planted,42.0,0.16798496416666667,12,"months [1, 2, 3, 4, 5, 6, 7, 8, 9, 10, 11, 12] (researched, unverified)"
VN.ADM1.00032,sugarcane_for_sugar,2001,136200.0,3500.0,planted,38.91428571428571,0.20788076383333332,12,"months [1, 2, 3, 4, 5, 6, 7, 8, 9, 10, 11, 12] (researched, unverified)"
VN.ADM1.00032,sugarcane_for_sugar,2002,177900.0,4300.0,planted,41.372093023255815,0.19920841425000002,12,"months [1, 2, 3, 4, 5, 6, 7, 8, 9, 10, 11, 12] (researched, unverified)"
VN.ADM1.00032,sugarcane_for_sugar,2003,186600.0,4200.0,planted,44.42857142857143,0.21534737041666666,12,"months [1, 2, 3, 4, 5, 6, 7, 8, 9, 10, 11, 12] (researched, unverified)"
VN.ADM1.00032,sugarcane_for_sugar,2004,164700.0,3600.0,planted,45.75,0.19274346083333335,12,"months [1, 2, 3, 4, 5, 6, 7, 8, 9, 10, 11, 12] (researched, unverified)"
VN.ADM1.00032,sugarcane_for_sugar,2005,152800.0,3400.0,planted,44.94117647058823,0.18989753591666667,12,"months [1, 2, 3, 4, 5, 6, 7, 8, 9, 10, 11, 12] (researched, unverified)"
VN.ADM1.00032,sugarcane_for_sugar,2006,182500.0,4200.0,planted,43.45238095238095,0.19438341583333332,12,"months [1, 2, 3, 4, 5, 6, 7, 8, 9, 10, 11, 12] (researched, unverified)"
VN.ADM1.00032,sugarcane_for_sugar,2007,208000.0,4000.0,planted,52.0,0.19240996166666668,12,"months [1, 2, 3, 4, 5, 6, 7, 8, 9, 10, 11, 12] (researched, unverified)"
VN.ADM1.00032,sugarcane_for_sugar,2008,172700.0,3400.0,planted,50.794117647058826,0.19636278758333334,12,"months [1, 2, 3, 4, 5, 6, 7, 8, 9, 10, 11, 12] (researched, unverified)"
VN.ADM1.00032,sugarcane_for_sugar,2009,175000.0,3300.0,planted,53.03030303030303,0.19560863250000002,12,"months [1, 2, 3, 4, 5, 6, 7, 8, 9, 10, 11, 12] (researched, unverified)"
VN.ADM1.00032,sugarcane_for_sugar,2010,174700.0,3300.0,planted,52.93939393939394,0.1912950245,12,"months [1, 2, 3, 4, 5, 6, 7, 8, 9, 10, 11, 12] (researched, unverified)"
VN.ADM1.00032,sugarcane_for_sugar,2011,249400.0,4200.0,planted,59.38095238095238,0.18021618650000001,12,"months [1, 2, 3, 4, 5, 6, 7, 8, 9, 10, 11, 12] (researched, unverified)"
VN.ADM1.00032,sugarcane_for_sugar,2012,313500.0,4700.0,planted,66.70212765957447,0.18502171450000002,12,"months [1, 2, 3, 4, 5, 6, 7, 8, 9, 10, 11, 12] (researched, unverified)"
VN.ADM1.00032,sugarcane_for_sugar,2013,326100.0,4800.0,planted,67.9375,0.18999292874999998,12,"months [1, 2, 3, 4, 5, 6, 7, 8, 9, 10, 11, 12] (researched, unverified)"
VN.ADM1.00032,sugarcane_for_sugar,2014,350500.0,5200.0,planted,67.40384615384616,0.19463255,12,"months [1, 2, 3, 4, 5, 6, 7, 8, 9, 10, 11, 12] (researched, unverified)"
VN.ADM1.00032,sugarcane_for_sugar,2015,352300.0,5500.0,planted,64.05454545454545,0.19778735125000002,12,"months [1, 2, 3, 4, 5, 6, 7, 8, 9, 10, 11, 12] (researched, unverified)"
VN.ADM1.00033,sugarcane_for_sugar,2001,203400.0,4700.0,planted,43.276595744680854,0.2660980041666667,12,"months [1, 2, 3, 4, 5, 6, 7, 8, 9, 10, 11, 12] (researched, unverified)"
VN.ADM1.00033,sugarcane_for_sugar,2002,221900.0,5000.0,planted,44.38,0.25030817916666664,12,"months [1, 2, 3, 4, 5, 6, 7, 8, 9, 10, 11, 12] (researched, unverified)"
VN.ADM1.00033,sugarcane_for_sugar,2003,224200.0,5100.0,planted,43.96078431372549,0.26187028333333334,12,"months [1, 2, 3, 4, 5, 6, 7, 8, 9, 10, 11, 12] (researched, unverified)"
VN.ADM1.00033,sugarcane_for_sugar,2004,193800.0,4600.0,planted,42.130434782608695,0.23736792250000002,12,"months [1, 2, 3, 4, 5, 6, 7, 8, 9, 10, 11, 12] (researched, unverified)"
VN.ADM1.00033,sugarcane_for_sugar,2005,98400.0,2100.0,planted,46.857142857142854,0.22812215,12,"months [1, 2, 3, 4, 5, 6, 7, 8, 9, 10, 11, 12] (researched, unverified)"
VN.ADM1.00033,sugarcane_for_sugar,2006,83100.0,1900.0,planted,43.73684210526316,0.24938079083333334,12,"months [1, 2, 3, 4, 5, 6, 7, 8, 9, 10, 11, 12] (researched, unverified)"
VN.ADM1.00033,sugarcane_for_sugar,2007,93100.0,2000.0,planted,46.55,0.246041445,12,"months [1, 2, 3, 4, 5, 6, 7, 8, 9, 10, 11, 12] (researched, unverified)"
VN.ADM1.00033,sugarcane_for_sugar,2008,65900.0,1500.0,planted,43.93333333333333,0.25410209833333336,12,"months [1, 2, 3, 4, 5, 6, 7, 8, 9, 10, 11, 12] (researched, unverified)"
VN.ADM1.00033,sugarcane_for_sugar,2009,55300.0,1200.0,planted,46.083333333333336,0.26625248416666664,12,"months [1, 2, 3, 4, 5, 6, 7, 8, 9, 10, 11, 12] (researched, unverified)"
VN.ADM1.00033,sugarcane_for_sugar,2010,59700.0,1300.0,planted,45.92307692307692,0.26834671083333334,12,"months [1, 2, 3, 4, 5, 6, 7, 8, 9, 10, 11, 12] (researched, unverified)"
VN.ADM1.00033,sugarcane_for_sugar,2011,75800.0,1600.0,planted,47.375,0.25724560583333334,12,"months [1, 2, 3, 4, 5, 6, 7, 8, 9, 10, 11, 12] (researched, unverified)"
VN.ADM1.00033,sugarcane_for_sugar,2012,70200.0,1700.0,planted,41.294117647058826,0.2859968858333333,12,"months [1, 2, 3, 4, 5, 6, 7, 8, 9, 10, 11, 12] (researched, unverified)"
VN.ADM1.00033,sugarcane_for_sugar,2013,51800.0,1300.0,planted,39.84615384615385,0.27288799416666665,12,"months [1, 2, 3, 4, 5, 6, 7, 8, 9, 10, 11, 12] (researched, unverified)"
VN.ADM1.00033,sugarcane_for_sugar,2014,48200.0,1200.0,planted,40.166666666666664,0.26424571583333334,12,"months [1, 2, 3, 4, 5, 6, 7, 8, 9, 10, 11, 12] (researched, unverified)"
VN.ADM1.00033,sugarcane_for_sugar,2015,44100.0,1100.0,planted,40.09090909090909,0.2878282008333333,12,"months [1, 2, 3, 4, 5, 6, 7, 8, 9, 10, 11, 12] (researched, unverified)"
VN.ADM1.00034,sugarcane_for_sugar,2001,1474000.0,29500.0,planted,49.96610169491525,0.20826240666666665,12,"months [1, 2, 3, 4, 5, 6, 7, 8, 9, 10, 11, 12] (researched, unverified)"
VN.ADM1.00034,sugarcane_for_sugar,2002,1746400.0,33100.0,planted,52.76132930513595,0.1993464175,12,"months [1, 2, 3, 4, 5, 6, 7, 8, 9, 10, 11, 12] (researched, unverified)"
VN.ADM1.00034,sugarcane_for_sugar,2003,1632900.0,30000.0,planted,54.43,0.20573462666666667,12,"months [1, 2, 3, 4, 5, 6, 7, 8, 9, 10, 11, 12] (researched, unverified)"
VN.ADM1.00034,sugarcane_for_sugar,2004,1605200.0,28500.0,planted,56.32280701754386,0.19806434333333334,12,"months [1, 2, 3, 4, 5, 6, 7, 8, 9, 10, 11, 12] (researched, unverified)"
VN.ADM1.00034,sugarcane_for_sugar,2005,1944200.0,31600.0,planted,61.5253164556962,0.18573223541666664,12,"months [1, 2, 3, 4, 5, 6, 7, 8, 9, 10, 11, 12] (researched, unverified)"
VN.ADM1.00034,sugarcane_for_sugar,2006,2288400.0,38000.0,planted,60.22105263157895,0.2083462425,12,"months [1, 2, 3, 4, 5, 6, 7, 8, 9, 10, 11, 12] (researched, unverified)"
VN.ADM1.00034,sugarcane_for_sugar,2007,2048100.0,33000.0,planted,62.06363636363636,0.206269735,12,"months [1, 2, 3, 4, 5, 6, 7, 8, 9, 10, 11, 12] (researched, unverified)"
VN.ADM1.00034,sugarcane_for_sugar,2008,1162500.0,18900.0,planted,61.507936507936506,0.21119251333333333,12,"months [1, 2, 3, 4, 5, 6, 7, 8, 9, 10, 11, 12] (researched, unverified)"
VN.ADM1.00034,sugarcane_for_sugar,2009,1496900.0,24600.0,planted,60.84959349593496,0.21243569083333333,12,"months [1, 2, 3, 4, 5, 6, 7, 8, 9, 10, 11, 12] (researched, unverified)"
VN.ADM1.00034,sugarcane_for_sugar,2010,1607400.0,25500.0,planted,63.03529411764706,0.22345232666666667,12,"months [1, 2, 3, 4, 5, 6, 7, 8, 9, 10, 11, 12] (researched, unverified)"
VN.ADM1.00034,sugarcane_for_sugar,2011,1708900.0,23900.0,planted,71.5020920502092,0.22747259666666667,12,"months [1, 2, 3, 4, 5, 6, 7, 8, 9, 10, 11, 12] (researched, unverified)"
VN.ADM1.00034,sugarcane_for_sugar,2012,1711000.0,23200.0,planted,73.75,0.23440436416666666,12,"months [1, 2, 3, 4, 5, 6, 7, 8, 9, 10, 11, 12] (researched, unverified)"
VN.ADM1.00034,sugarcane_for_sugar,2013,1660700.0,22300.0,planted,74.47085201793722,0.22890211583333334,12,"months [1, 2, 3, 4, 5, 6, 7, 8, 9, 10, 11, 12] (researched, unverified)"
VN.ADM1.00034,sugarcane_for_sugar,2014,1396000.0,18400.0,planted,75.8695652173913,0.23458888,12,"months [1, 2, 3, 4, 5, 6, 7, 8, 9, 10, 11, 12] (researched, unverified)"
VN.ADM1.00034,sugarcane_for_sugar,2015,1046000.0,14200.0,planted,73.66197183098592,0.2414534041666667,12,"months [1, 2, 3, 4, 5, 6, 7, 8, 9, 10, 11, 12] (researched, unverified)"
VN.ADM1.00036,sugarcane_for_sugar,2001,1558100.0,27800.0,planted,56.04676258992806,0.18274760341666665,12,"months [1, 2, 3, 4, 5, 6, 7, 8, 9, 10, 11, 12] (researched, unverified)"
VN.ADM1.00036,sugarcane_for_sugar,2002,1613900.0,28700.0,planted,56.23344947735192,0.18383676725,12,"months [1, 2, 3, 4, 5, 6, 7, 8, 9, 10, 11, 12] (researched, unverified)"
VN.ADM1.00036,sugarcane_for_sugar,2003,1726600.0,32000.0,planted,53.95625,0.19017525666666668,12,"months [1, 2, 3, 4, 5, 6, 7, 8, 9, 10, 11, 12] (researched, unverified)"
VN.ADM1.00036,sugarcane_for_sugar,2004,1750900.0,31400.0,planted,55.761146496815286,0.1728565801666667,12,"months [1, 2, 3, 4, 5, 6, 7, 8, 9, 10, 11, 12] (researched, unverified)"
VN.ADM1.00036,sugarcane_for_sugar,2005,1700600.0,30700.0,planted,55.39413680781759,0.16370868916666667,12,"months [1, 2, 3, 4, 5, 6, 7, 8, 9, 10, 11, 12] (researched, unverified)"
VN.ADM1.00036,sugarcane_for_sugar,2006,1735100.0,31500.0,planted,55.08253968253968,0.18088016408333332,12,"months [1, 2, 3, 4, 5, 6, 7, 8, 9, 10, 11, 12] (researched, unverified)"
VN.ADM1.00036,sugarcane_for_sugar,2007,1865700.0,32900.0,planted,56.70820668693009,0.17712510150000002,12,"months [1, 2, 3, 4, 5, 6, 7, 8, 9, 10, 11, 12] (researched, unverified)"
VN.ADM1.00036,sugarcane_for_sugar,2008,1794600.0,32300.0,planted,55.56037151702786,0.182675768,12,"months [1, 2, 3, 4, 5, 6, 7, 8, 9, 10, 11, 12] (researched, unverified)"
VN.ADM1.00036,sugarcane_for_sugar,2009,1689000.0,31600.0,planted,53.449367088607595,0.18876846583333332,12,"months [1, 2, 3, 4, 5, 6, 7, 8, 9, 10, 11, 12] (researched, unverified)"
VN.ADM1.00036,sugarcane_for_sugar,2010,1581100.0,30300.0,planted,52.18151815181518,0.17367401716666667,12,"months [1, 2, 3, 4, 5, 6, 7, 8, 9, 10, 11, 12] (researched, unverified)"
VN.ADM1.00036,sugarcane_for_sugar,2011,1669200.0,31100.0,planted,53.67202572347267,0.16493183641666667,12,"months [1, 2, 3, 4, 5, 6, 7, 8, 9, 10, 11, 12] (researched, unverified)"
VN.ADM1.00036,sugarcane_for_sugar,2012,1963700.0,34600.0,planted,56.75433526011561,0.1826998915,12,"months [1, 2, 3, 4, 5, 6, 7, 8, 9, 10, 11, 12] (researched, unverified)"
VN.ADM1.00036,sugarcane_for_sugar,2013,2140500.0,36500.0,planted,58.64383561643836,0.17820900041666668,12,"months [1, 2, 3, 4, 5, 6, 7, 8, 9, 10, 11, 12] (researched, unverified)"
VN.ADM1.00036,sugarcane_for_sugar,2014,2005800.0,34000.0,planted,58.99411764705882,0.1874072245,12,"months [1, 2, 3, 4, 5, 6, 7, 8, 9, 10, 11, 12] (researched, unverified)"
VN.ADM1.00036,sugarcane_for_sugar,2015,1863800.0,32200.0,planted,57.88198757763975,0.19405203833333332,12,"months [1, 2, 3, 4, 5, 6, 7, 8, 9, 10, 11, 12] (researched, unverified)"
VN.ADM1.00037,sugarcane_for_sugar,2001,266700.0,5900.0,planted,45.20338983050848,0.24453606583333334,12,"months [1, 2, 3, 4, 5, 6, 7, 8, 9, 10, 11, 12] (researched, unverified)"
VN.ADM1.00037,sugarcane_for_sugar,2002,294100.0,6600.0,planted,44.56060606060606,0.21013154416666666,12,"months [1, 2, 3, 4, 5, 6, 7, 8, 9, 10, 11, 12] (researched, unverified)"
VN.ADM1.00037,sugarcane_for_sugar,2003,362200.0,7400.0,planted,48.945945945945944,0.22118772333333334,12,"months [1, 2, 3, 4, 5, 6, 7, 8, 9, 10, 11, 12] (researched, unverified)"
VN.ADM1.00037,sugarcane_for_sugar,2004,377700.0,8000.0,planted,47.2125,0.21183814166666667,12,"months [1, 2, 3, 4, 5, 6, 7, 8, 9, 10, 11, 12] (researched, unverified)"
VN.ADM1.00037,sugarcane_for_sugar,2005,276400.0,5700.0,planted,48.49122807017544,0.18274294458333332,12,"months [1, 2, 3, 4, 5, 6, 7, 8, 9, 10, 11, 12] (researched, unverified)"
VN.ADM1.00037,sugarcane_for_sugar,2006,185000.0,4500.0,planted,41.111111111111114,0.22483150083333334,12,"months [1, 2, 3, 4, 5, 6, 7, 8, 9, 10, 11, 12] (researched, unverified)"
VN.ADM1.00037,sugarcane_for_sugar,2007,216900.0,4900.0,planted,44.265306122448976,0.21791967416666666,12,"months [1, 2, 3, 4, 5, 6, 7, 8, 9, 10, 11, 12] (researched, unverified)"
VN.ADM1.00037,sugarcane_for_sugar,2008,225400.0,4800.0,planted,46.958333333333336,0.22951078416666668,12,"months [1, 2, 3, 4, 5, 6, 7, 8, 9, 10, 11, 12] (researched, unverified)"
VN.ADM1.00037,sugarcane_for_sugar,2009,229800.0,5500.0,planted,41.78181818181818,0.23345121583333336,12,"months [1, 2, 3, 4, 5, 6, 7, 8, 9, 10, 11, 12] (researched, unverified)"
VN.ADM1.00037,sugarcane_for_sugar,2010,288800.0,6500.0,planted,44.43076923076923,0.23115497250000003,12,"months [1, 2, 3, 4, 5, 6, 7, 8, 9, 10, 11, 12] (researched, unverified)"
VN.ADM1.00037,sugarcane_for_sugar,2011,266000.0,5700.0,planted,46.666666666666664,0.2244921125,12,"months [1, 2, 3, 4, 5, 6, 7, 8, 9, 10, 11, 12] (researched, unverified)"
VN.ADM1.00037,sugarcane_for_sugar,2012,271200.0,5500.0,planted,49.30909090909091,0.23788542333333332,12,"months [1, 2, 3, 4, 5, 6, 7, 8, 9, 10, 11, 12] (researched, unverified)"
VN.ADM1.00037,sugarcane_for_sugar,2013,287900.0,5800.0,planted,49.63793103448276,0.22866818833333333,12,"months [1, 2, 3, 4, 5, 6, 7, 8, 9, 10, 11, 12] (researched, unverified)"
VN.ADM1.00037,sugarcane_for_sugar,2014,261800.0,4900.0,planted,53.42857142857143,0.22655286833333332,12,"months [1, 2, 3, 4, 5, 6, 7, 8, 9, 10, 11, 12] (researched, unverified)"
VN.ADM1.00037,sugarcane_for_sugar,2015,210700.0,4100.0,planted,51.390243902439025,0.21506503416666667,12,"months [1, 2, 3, 4, 5, 6, 7, 8, 9, 10, 11, 12] (researched, unverified)"
