stable_id,crop,year,production_mt,area_ha,area_type,yield_mt_ha,sif_annual_mean,n_months,sif_season_window
BD.ADM2.00001,groundnuts_in_shell,2008,3008.0,1604.6,planted,1.8746104948273714,0.119621321,12,"months [1, 2, 3, 4, 5, 6, 7, 8, 9, 10, 11, 12] (researched, unverified)"
BD.ADM2.00001,groundnuts_in_shell,2009,2001.0,1069.2,planted,1.8714927048260381,0.12740004583333334,12,"months [1, 2, 3, 4, 5, 6, 7, 8, 9, 10, 11, 12] (researched, unverified)"
BD.ADM2.00001,groundnuts_in_shell,2010,2445.0,1237.5,planted,1.9757575757575758,0.13283909624999998,12,"months [1, 2, 3, 4, 5, 6, 7, 8, 9, 10, 11, 12] (researched, unverified)"
BD.ADM2.00001,groundnuts_in_shell,2011,2669.0,1358.9,planted,1.9640886010743983,0.12464946924999999,12,"months [1, 2, 3, 4, 5, 6, 7, 8, 9, 10, 11, 12] (researched, unverified)"
BD.ADM2.00001,groundnuts_in_shell,2012,2643.0,1359.3,planted,1.9443831383800487,0.12672527375,12,"months [1, 2, 3, 4, 5, 6, 7, 8, 9, 10, 11, 12] (researched, unverified)"
BD.ADM2.00001,groundnuts_in_shell,2013,2651.0,1544.7,planted,1.7161908461189874,0.12858168416666668,12,"months [1, 2, 3, 4, 5, 6, 7, 8, 9, 10, 11, 12] (researched, unverified)"
BD.ADM2.00001,groundnuts_in_shell,2014,115.0,87.5,planted,1.3142857142857143,0.133698883,12,"months [1, 2, 3, 4, 5, 6, 7, 8, 9, 10, 11, 12] (researched, unverified)"
BD.ADM2.00001,groundnuts_in_shell,2015,267.0,99.1,planted,2.6942482341069627,0.12821004566666666,12,"months [1, 2, 3, 4, 5, 6, 7, 8, 9, 10, 11, 12] (researched, unverified)"
BD.ADM2.00001,groundnuts_in_shell,2016,201.0,93.4,planted,2.15203426124197,0.131759227,12,"months [1, 2, 3, 4, 5, 6, 7, 8, 9, 10, 11, 12] (researched, unverified)"
BD.ADM2.00003,groundnuts_in_shell,2008,2039.0,1098.3,planted,1.8565055085131568,0.19435852041666668,12,"months [1, 2, 3, 4, 5, 6, 7, 8, 9, 10, 11, 12] (researched, unverified)"
BD.ADM2.00003,groundnuts_in_shell,2009,2922.0,1088.2,planted,2.685168167616247,0.18880337916666667,12,"months [1, 2, 3, 4, 5, 6, 7, 8, 9, 10, 11, 12] (researched, unverified)"
BD.ADM2.00003,groundnuts_in_shell,2010,4233.0,1545.5,planted,2.738919443545778,0.19301629666666667,12,"months [1, 2, 3, 4, 5, 6, 7, 8, 9, 10, 11, 12] (researched, unverified)"
BD.ADM2.00003,groundnuts_in_shell,2011,5231.0,1542.7,planted,3.390808323069942,0.19073931583333334,12,"months [1, 2, 3, 4, 5, 6, 7, 8, 9, 10, 11, 12] (researched, unverified)"
BD.ADM2.00003,groundnuts_in_shell,2012,3694.0,1333.4,planted,2.7703614819259035,0.18686337658333332,12,"months [1, 2, 3, 4, 5, 6, 7, 8, 9, 10, 11, 12] (researched, unverified)"
BD.ADM2.00003,groundnuts_in_shell,2013,3662.0,1316.0,planted,2.782674772036474,0.19861466616666668,12,"months [1, 2, 3, 4, 5, 6, 7, 8, 9, 10, 11, 12] (researched, unverified)"
BD.ADM2.00003,groundnuts_in_shell,2014,3772.0,1305.5,planted,2.8893144389122942,0.18610406466666665,12,"months [1, 2, 3, 4, 5, 6, 7, 8, 9, 10, 11, 12] (researched, unverified)"
BD.ADM2.00003,groundnuts_in_shell,2015,2498.0,1049.3,planted,2.3806347088535214,0.17863183083333334,12,"months [1, 2, 3, 4, 5, 6, 7, 8, 9, 10, 11, 12] (researched, unverified)"
BD.ADM2.00003,groundnuts_in_shell,2016,2599.0,1077.2,planted,2.4127367248421834,0.20362013166666668,12,"months [1, 2, 3, 4, 5, 6, 7, 8, 9, 10, 11, 12] (researched, unverified)"
BD.ADM2.00004,groundnuts_in_shell,2008,115.0,57.8,planted,1.9896193771626298,0.2428333579166667,12,"months [1, 2, 3, 4, 5, 6, 7, 8, 9, 10, 11, 12] (researched, unverified)"
BD.ADM2.00004,groundnuts_in_shell,2009,36.0,31.2,planted,1.153846153846154,0.2305496975,12,"months [1, 2, 3, 4, 5, 6, 7, 8, 9, 10, 11, 12] (researched, unverified)"
BD.ADM2.00004,groundnuts_in_shell,2010,47.0,31.6,planted,1.4873417721518987,0.23450090166666668,12,"months [1, 2, 3, 4, 5, 6, 7, 8, 9, 10, 11, 12] (researched, unverified)"
BD.ADM2.00004,groundnuts_in_shell,2011,120.0,57.1,planted,2.1015761821366024,0.24401946,12,"months [1, 2, 3, 4, 5, 6, 7, 8, 9, 10, 11, 12] (researched, unverified)"
BD.ADM2.00004,groundnuts_in_shell,2012,126.0,60.3,planted,2.0895522388059704,0.23077549166666667,12,"months [1, 2, 3, 4, 5, 6, 7, 8, 9, 10, 11, 12] (researched, unverified)"
BD.ADM2.00004,groundnuts_in_shell,2013,124.0,61.1,planted,2.0294599018003274,0.2450604736666667,12,"months [1, 2, 3, 4, 5, 6, 7, 8, 9, 10, 11, 12] (researched, unverified)"
BD.ADM2.00004,groundnuts_in_shell,2014,138.0,63.9,planted,2.15962441314554,0.23782192916666667,12,"months [1, 2, 3, 4, 5, 6, 7, 8, 9, 10, 11, 12] (researched, unverified)"
BD.ADM2.00004,groundnuts_in_shell,2015,143.0,64.69999999999999,planted,2.210200927357033,0.21428576583333334,12,"months [1, 2, 3, 4, 5, 6, 7, 8, 9, 10, 11, 12] (researched, unverified)"
BD.ADM2.00004,groundnuts_in_shell,2016,151.0,68.0,planted,2.2205882352941178,0.245470907,12,"months [1, 2, 3, 4, 5, 6, 7, 8, 9, 10, 11, 12] (researched, unverified)"
BD.ADM2.00006,groundnuts_in_shell,2008,3518.0,2326.1,planted,1.5124027341902757,0.11484985483333333,12,"months [1, 2, 3, 4, 5, 6, 7, 8, 9, 10, 11, 12] (researched, unverified)"
BD.ADM2.00006,groundnuts_in_shell,2009,3355.0,2199.1,planted,1.5256241189577555,0.11585103758333333,12,"months [1, 2, 3, 4, 5, 6, 7, 8, 9, 10, 11, 12] (researched, unverified)"
BD.ADM2.00006,groundnuts_in_shell,2010,3040.0,2000.0,planted,1.52,0.11982619808333334,12,"months [1, 2, 3, 4, 5, 6, 7, 8, 9, 10, 11, 12] (researched, unverified)"
BD.ADM2.00006,groundnuts_in_shell,2011,2928.0,1962.7,planted,1.491822489427829,0.11272812308333334,12,"months [1, 2, 3, 4, 5, 6, 7, 8, 9, 10, 11, 12] (researched, unverified)"
BD.ADM2.00006,groundnuts_in_shell,2012,2601.0,1779.8,planted,1.4614001573210473,0.11396447033333333,12,"months [1, 2, 3, 4, 5, 6, 7, 8, 9, 10, 11, 12] (researched, unverified)"
BD.ADM2.00006,groundnuts_in_shell,2013,2254.0,1576.3,planted,1.4299308507263846,0.12589289558333333,12,"months [1, 2, 3, 4, 5, 6, 7, 8, 9, 10, 11, 12] (researched, unverified)"
BD.ADM2.00006,groundnuts_in_shell,2014,2285.0,1394.7000000000005,planted,1.638345163834516,0.12072369033333334,12,"months [1, 2, 3, 4, 5, 6, 7, 8, 9, 10, 11, 12] (researched, unverified)"
BD.ADM2.00006,groundnuts_in_shell,2015,2338.0,1612.9999999999998,planted,1.449473031618103,0.11562393675,12,"months [1, 2, 3, 4, 5, 6, 7, 8, 9, 10, 11, 12] (researched, unverified)"
BD.ADM2.00006,groundnuts_in_shell,2016,3489.0,2418.7,planted,1.4425104394922894,0.12930374508333334,12,"months [1, 2, 3, 4, 5, 6, 7, 8, 9, 10, 11, 12] (researched, unverified)"
BD.ADM2.00007,groundnuts_in_shell,2008,4524.0,2915.0,planted,1.5519725557461406,0.11536707608333334,12,"months [1, 2, 3, 4, 5, 6, 7, 8, 9, 10, 11, 12] (researched, unverified)"
BD.ADM2.00007,groundnuts_in_shell,2009,5458.0,3547.5,planted,1.5385482734319944,0.12494818716666667,12,"months [1, 2, 3, 4, 5, 6, 7, 8, 9, 10, 11, 12] (researched, unverified)"
BD.ADM2.00007,groundnuts_in_shell,2010,5115.0,3313.6,planted,1.5436383389666828,0.12786516825,12,"months [1, 2, 3, 4, 5, 6, 7, 8, 9, 10, 11, 12] (researched, unverified)"
BD.ADM2.00007,groundnuts_in_shell,2011,5023.0,3290.1,planted,1.5267013160694205,0.12354291024999998,12,"months [1, 2, 3, 4, 5, 6, 7, 8, 9, 10, 11, 12] (researched, unverified)"
BD.ADM2.00007,groundnuts_in_shell,2012,1701.0,1119.0,planted,1.520107238605898,0.13393364608333333,12,"months [1, 2, 3, 4, 5, 6, 7, 8, 9, 10, 11, 12] (researched, unverified)"
BD.ADM2.00007,groundnuts_in_shell,2013,5188.0,3451.2,planted,1.503245248029671,0.13225948608333335,12,"months [1, 2, 3, 4, 5, 6, 7, 8, 9, 10, 11, 12] (researched, unverified)"
BD.ADM2.00007,groundnuts_in_shell,2014,8292.0,5522.8,planted,1.5014123270804665,0.13165906941666666,12,"months [1, 2, 3, 4, 5, 6, 7, 8, 9, 10, 11, 12] (researched, unverified)"
BD.ADM2.00007,groundnuts_in_shell,2015,11914.0,7133.0,planted,1.6702649656526005,0.12957868083333332,12,"months [1, 2, 3, 4, 5, 6, 7, 8, 9, 10, 11, 12] (researched, unverified)"
BD.ADM2.00007,groundnuts_in_shell,2016,15308.0,9159.3,planted,1.6713067592501611,0.13855095674999998,12,"months [1, 2, 3, 4, 5, 6, 7, 8, 9, 10, 11, 12] (researched, unverified)"
BD.ADM2.00009,groundnuts_in_shell,2008,1085.0,705.4,planted,1.5381343918344201,0.08311762483333333,12,"months [1, 2, 3, 4, 5, 6, 7, 8, 9, 10, 11, 12] (researched, unverified)"
BD.ADM2.00009,groundnuts_in_shell,2009,1021.0,647.9,planted,1.5758604722951073,0.08827163874999999,12,"months [1, 2, 3, 4, 5, 6, 7, 8, 9, 10, 11, 12] (researched, unverified)"
BD.ADM2.00009,groundnuts_in_shell,2010,1749.0,1884.2,planted,0.9282454091922301,0.09324116866666667,12,"months [1, 2, 3, 4, 5, 6, 7, 8, 9, 10, 11, 12] (researched, unverified)"
BD.ADM2.00009,groundnuts_in_shell,2011,1622.0,622.4,planted,2.6060411311053984,0.079841965,12,"months [1, 2, 3, 4, 5, 6, 7, 8, 9, 10, 11, 12] (researched, unverified)"
BD.ADM2.00009,groundnuts_in_shell,2012,1572.0,605.4,planted,2.596630327056492,0.08485600091666667,12,"months [1, 2, 3, 4, 5, 6, 7, 8, 9, 10, 11, 12] (researched, unverified)"
BD.ADM2.00009,groundnuts_in_shell,2013,1574.0,593.3,planted,2.6529580313500762,0.08846122616666667,12,"months [1, 2, 3, 4, 5, 6, 7, 8, 9, 10, 11, 12] (researched, unverified)"
BD.ADM2.00009,groundnuts_in_shell,2014,1636.0,734.6,planted,2.2270623468554316,0.08990889925000001,12,"months [1, 2, 3, 4, 5, 6, 7, 8, 9, 10, 11, 12] (researched, unverified)"
BD.ADM2.00009,groundnuts_in_shell,2015,1951.0,737.8,planted,2.6443480618053674,0.08333446266666666,12,"months [1, 2, 3, 4, 5, 6, 7, 8, 9, 10, 11, 12] (researched, unverified)"
BD.ADM2.00009,groundnuts_in_shell,2016,2083.0,780.5999999999999,planted,2.6684601588521653,0.08912577083333334,12,"months [1, 2, 3, 4, 5, 6, 7, 8, 9, 10, 11, 12] (researched, unverified)"
BD.ADM2.00014,groundnuts_in_shell,2008,2998.0,2204.3,planted,1.360068956131198,0.10463740783333335,12,"months [1, 2, 3, 4, 5, 6, 7, 8, 9, 10, 11, 12] (researched, unverified)"
BD.ADM2.00014,groundnuts_in_shell,2009,4279.0,2344.8,planted,1.8248891163425451,0.11236886358333333,12,"months [1, 2, 3, 4, 5, 6, 7, 8, 9, 10, 11, 12] (researched, unverified)"
BD.ADM2.00014,groundnuts_in_shell,2010,2554.0,1860.7,planted,1.3726017090342344,0.11787355783333332,12,"months [1, 2, 3, 4, 5, 6, 7, 8, 9, 10, 11, 12] (researched, unverified)"
BD.ADM2.00014,groundnuts_in_shell,2011,1985.0,1263.0,planted,1.571654790182106,0.11530976691666667,12,"months [1, 2, 3, 4, 5, 6, 7, 8, 9, 10, 11, 12] (researched, unverified)"
BD.ADM2.00014,groundnuts_in_shell,2012,978.0,603.0,planted,1.6218905472636815,0.11402713275,12,"months [1, 2, 3, 4, 5, 6, 7, 8, 9, 10, 11, 12] (researched, unverified)"
BD.ADM2.00014,groundnuts_in_shell,2013,1939.0,1037.2,planted,1.8694562283069802,0.12400603525,12,"months [1, 2, 3, 4, 5, 6, 7, 8, 9, 10, 11, 12] (researched, unverified)"
BD.ADM2.00014,groundnuts_in_shell,2014,1612.0,961.9,planted,1.6758498804449526,0.12467840116666666,12,"months [1, 2, 3, 4, 5, 6, 7, 8, 9, 10, 11, 12] (researched, unverified)"
BD.ADM2.00014,groundnuts_in_shell,2015,1944.0,1112.1,planted,1.7480442406258432,0.12374877116666667,12,"months [1, 2, 3, 4, 5, 6, 7, 8, 9, 10, 11, 12] (researched, unverified)"
BD.ADM2.00014,groundnuts_in_shell,2016,1971.0,1119.0,planted,1.7613941018766757,0.13426675166666666,12,"months [1, 2, 3, 4, 5, 6, 7, 8, 9, 10, 11, 12] (researched, unverified)"
BD.ADM2.00017,groundnuts_in_shell,2008,2165.0,1287.3,planted,1.6818146508195448,0.09394890983333333,12,"months [1, 2, 3, 4, 5, 6, 7, 8, 9, 10, 11, 12] (researched, unverified)"
BD.ADM2.00017,groundnuts_in_shell,2009,2267.0,1597.3,planted,1.4192700181556377,0.09992963491666668,12,"months [1, 2, 3, 4, 5, 6, 7, 8, 9, 10, 11, 12] (researched, unverified)"
BD.ADM2.00017,groundnuts_in_shell,2010,2355.0,1618.7,planted,1.4548711929326001,0.10050917175,12,"months [1, 2, 3, 4, 5, 6, 7, 8, 9, 10, 11, 12] (researched, unverified)"
BD.ADM2.00017,groundnuts_in_shell,2011,2808.0,1743.8,planted,1.6102764078449363,0.10423743458333334,12,"months [1, 2, 3, 4, 5, 6, 7, 8, 9, 10, 11, 12] (researched, unverified)"
BD.ADM2.00017,groundnuts_in_shell,2012,2672.0,1692.4,planted,1.5788229732923658,0.09196848941666667,12,"months [1, 2, 3, 4, 5, 6, 7, 8, 9, 10, 11, 12] (researched, unverified)"
BD.ADM2.00017,groundnuts_in_shell,2013,2703.0,1694.0,planted,1.5956316410861866,0.11527652,12,"months [1, 2, 3, 4, 5, 6, 7, 8, 9, 10, 11, 12] (researched, unverified)"
BD.ADM2.00017,groundnuts_in_shell,2014,4208.0,1971.3,planted,2.1346319687515853,0.10510292291666667,12,"months [1, 2, 3, 4, 5, 6, 7, 8, 9, 10, 11, 12] (researched, unverified)"
BD.ADM2.00017,groundnuts_in_shell,2015,4025.0,2530.4,planted,1.590657603540942,0.10129715733333333,12,"months [1, 2, 3, 4, 5, 6, 7, 8, 9, 10, 11, 12] (researched, unverified)"
BD.ADM2.00017,groundnuts_in_shell,2016,5620.0,3246.4,planted,1.7311483489403647,0.11518002241666665,12,"months [1, 2, 3, 4, 5, 6, 7, 8, 9, 10, 11, 12] (researched, unverified)"
BD.ADM2.00018,groundnuts_in_shell,2008,1903.0,1164.7,planted,1.633897140894651,0.131962214,12,"months [1, 2, 3, 4, 5, 6, 7, 8, 9, 10, 11, 12] (researched, unverified)"
BD.ADM2.00018,groundnuts_in_shell,2009,1810.0,1180.5,planted,1.5332486234646336,0.13054096075,12,"months [1, 2, 3, 4, 5, 6, 7, 8, 9, 10, 11, 12] (researched, unverified)"
BD.ADM2.00018,groundnuts_in_shell,2010,1924.0,1191.0,planted,1.6154492023509657,0.10779407008333335,12,"months [1, 2, 3, 4, 5, 6, 7, 8, 9, 10, 11, 12] (researched, unverified)"
BD.ADM2.00018,groundnuts_in_shell,2011,1966.0,1191.8,planted,1.6496056385299547,0.12736198741666668,12,"months [1, 2, 3, 4, 5, 6, 7, 8, 9, 10, 11, 12] (researched, unverified)"
BD.ADM2.00018,groundnuts_in_shell,2012,1150.0,730.9,planted,1.5734026542618689,0.11444720125,12,"months [1, 2, 3, 4, 5, 6, 7, 8, 9, 10, 11, 12] (researched, unverified)"
BD.ADM2.00018,groundnuts_in_shell,2013,1071.0,702.5,planted,1.5245551601423488,0.13421620883333332,12,"months [1, 2, 3, 4, 5, 6, 7, 8, 9, 10, 11, 12] (researched, unverified)"
BD.ADM2.00018,groundnuts_in_shell,2014,851.0,561.7,planted,1.5150436175894604,0.13269839041666667,12,"months [1, 2, 3, 4, 5, 6, 7, 8, 9, 10, 11, 12] (researched, unverified)"
BD.ADM2.00018,groundnuts_in_shell,2015,1878.0,1096.3,planted,1.7130347532609689,0.11569299791666666,12,"months [1, 2, 3, 4, 5, 6, 7, 8, 9, 10, 11, 12] (researched, unverified)"
BD.ADM2.00018,groundnuts_in_shell,2016,1891.0,1131.4,planted,1.6713805904189498,0.13249649408333333,12,"months [1, 2, 3, 4, 5, 6, 7, 8, 9, 10, 11, 12] (researched, unverified)"
BD.ADM2.00019,groundnuts_in_shell,2008,1710.0,1273.5,planted,1.342756183745583,0.12436742241666666,12,"months [1, 2, 3, 4, 5, 6, 7, 8, 9, 10, 11, 12] (researched, unverified)"
BD.ADM2.00019,groundnuts_in_shell,2009,1582.0,1219.7,planted,1.2970402558006067,0.12863791425,12,"months [1, 2, 3, 4, 5, 6, 7, 8, 9, 10, 11, 12] (researched, unverified)"
BD.ADM2.00019,groundnuts_in_shell,2010,1601.0,1273.5,planted,1.2571652925009815,0.12938936833333334,12,"months [1, 2, 3, 4, 5, 6, 7, 8, 9, 10, 11, 12] (researched, unverified)"
BD.ADM2.00019,groundnuts_in_shell,2011,1601.0,1261.4,planted,1.2692246710004755,0.12144952816666667,12,"months [1, 2, 3, 4, 5, 6, 7, 8, 9, 10, 11, 12] (researched, unverified)"
BD.ADM2.00019,groundnuts_in_shell,2012,1580.0,1281.6,planted,1.2328339575530587,0.12072616400000001,12,"months [1, 2, 3, 4, 5, 6, 7, 8, 9, 10, 11, 12] (researched, unverified)"
BD.ADM2.00019,groundnuts_in_shell,2013,1465.0,1148.5,planted,1.2755768393556812,0.13885008241666666,12,"months [1, 2, 3, 4, 5, 6, 7, 8, 9, 10, 11, 12] (researched, unverified)"
BD.ADM2.00019,groundnuts_in_shell,2014,1654.0,1253.7,planted,1.319294887134083,0.12513784966666666,12,"months [1, 2, 3, 4, 5, 6, 7, 8, 9, 10, 11, 12] (researched, unverified)"
BD.ADM2.00019,groundnuts_in_shell,2015,1741.0,1272.7,planted,1.3679578848118172,0.12215848316666666,12,"months [1, 2, 3, 4, 5, 6, 7, 8, 9, 10, 11, 12] (researched, unverified)"
BD.ADM2.00019,groundnuts_in_shell,2016,1799.0,1296.2,planted,1.3879031013732448,0.12785431975,12,"months [1, 2, 3, 4, 5, 6, 7, 8, 9, 10, 11, 12] (researched, unverified)"
BD.ADM2.00001,maize_corn,2014,1714.0,352.9,planted,4.856899971663361,0.1303857105,10,"months [1, 2, 3, 4, 5, 6, 7, 8, 11, 12] (researched, unverified)"
BD.ADM2.00001,maize_corn,2015,1972.0,433.7,planted,4.546921835370072,0.128215157,10,"months [1, 2, 3, 4, 5, 6, 7, 8, 11, 12] (researched, unverified)"
BD.ADM2.00001,maize_corn,2016,1907.0,445.2,planted,4.2834681042228215,0.1269462691,10,"months [1, 2, 3, 4, 5, 6, 7, 8, 11, 12] (researched, unverified)"
BD.ADM2.00002,maize_corn,2014,51176.0,8453.9,planted,6.0535374205987775,0.1137305587,10,"months [1, 2, 3, 4, 5, 6, 7, 8, 11, 12] (researched, unverified)"
BD.ADM2.00002,maize_corn,2015,43423.0,7129.4,planted,6.090694869133448,0.0972408711,10,"months [1, 2, 3, 4, 5, 6, 7, 8, 11, 12] (researched, unverified)"
BD.ADM2.00002,maize_corn,2016,42271.0,6884.900000000001,planted,6.139667969033682,0.1065068281,10,"months [1, 2, 3, 4, 5, 6, 7, 8, 11, 12] (researched, unverified)"
BD.ADM2.00003,maize_corn,2014,217.0,74.1,planted,2.928475033738192,0.168937431,10,"months [1, 2, 3, 4, 5, 6, 7, 8, 11, 12] (researched, unverified)"
BD.ADM2.00003,maize_corn,2015,262.0,87.0,planted,3.0114942528735633,0.1688442435,10,"months [1, 2, 3, 4, 5, 6, 7, 8, 11, 12] (researched, unverified)"
BD.ADM2.00003,maize_corn,2016,598.0,113.7,planted,5.259454705364996,0.18852872,10,"months [1, 2, 3, 4, 5, 6, 7, 8, 11, 12] (researched, unverified)"
BD.ADM2.00004,maize_corn,2014,1740.0,568.5999999999999,planted,3.060147731269786,0.246384844,10,"months [1, 2, 3, 4, 5, 6, 7, 8, 11, 12] (researched, unverified)"
BD.ADM2.00004,maize_corn,2015,1528.0,543.9000000000001,planted,2.8093399521970945,0.23375804699999997,10,"months [1, 2, 3, 4, 5, 6, 7, 8, 11, 12] (researched, unverified)"
BD.ADM2.00004,maize_corn,2016,2825.0,569.0,planted,4.964850615114235,0.2605700646,10,"months [1, 2, 3, 4, 5, 6, 7, 8, 11, 12] (researched, unverified)"
BD.ADM2.00006,maize_corn,2014,75136.0,10250.6,planted,7.329912395371978,0.10809117910000002,10,"months [1, 2, 3, 4, 5, 6, 7, 8, 11, 12] (researched, unverified)"
BD.ADM2.00006,maize_corn,2015,78857.0,11956.5,planted,6.595324718772216,0.11144047799999998,10,"months [1, 2, 3, 4, 5, 6, 7, 8, 11, 12] (researched, unverified)"
BD.ADM2.00006,maize_corn,2016,33249.0,6405.3,planted,5.190857571073955,0.1166413784,10,"months [1, 2, 3, 4, 5, 6, 7, 8, 11, 12] (researched, unverified)"
BD.ADM2.00007,maize_corn,2014,480228.0,64310.3,planted,7.467357483948916,0.11342755730000001,10,"months [1, 2, 3, 4, 5, 6, 7, 8, 11, 12] (researched, unverified)"
BD.ADM2.00007,maize_corn,2015,85461.0,14934.2,planted,5.722502711896184,0.1078645104,10,"months [1, 2, 3, 4, 5, 6, 7, 8, 11, 12] (researched, unverified)"
BD.ADM2.00007,maize_corn,2016,111610.0,18085.9,planted,6.171105667951276,0.1199363156,10,"months [1, 2, 3, 4, 5, 6, 7, 8, 11, 12] (researched, unverified)"
BD.ADM2.00009,maize_corn,2014,112415.0,14438.3,planted,7.785888920440772,0.11946391949999999,10,"months [1, 2, 3, 4, 5, 6, 7, 8, 11, 12] (researched, unverified)"
BD.ADM2.00009,maize_corn,2015,97069.0,14742.0,planted,6.584520417853751,0.1200696594,10,"months [1, 2, 3, 4, 5, 6, 7, 8, 11, 12] (researched, unverified)"
BD.ADM2.00009,maize_corn,2016,76556.0,9770.4,planted,7.835503152378613,0.128924039,10,"months [1, 2, 3, 4, 5, 6, 7, 8, 11, 12] (researched, unverified)"
BD.ADM2.00014,maize_corn,2014,417.0,84.5,planted,4.93491124260355,0.11496805349999999,10,"months [1, 2, 3, 4, 5, 6, 7, 8, 11, 12] (researched, unverified)"
BD.ADM2.00014,maize_corn,2015,805.0,142.79999999999998,planted,5.637254901960785,0.1147554891,10,"months [1, 2, 3, 4, 5, 6, 7, 8, 11, 12] (researched, unverified)"
BD.ADM2.00014,maize_corn,2016,301.0,56.2,planted,5.355871886120996,0.12251488480000002,10,"months [1, 2, 3, 4, 5, 6, 7, 8, 11, 12] (researched, unverified)"
BD.ADM2.00017,maize_corn,2014,249023.0,36457.9,planted,6.830426327352919,0.117162565,10,"months [1, 2, 3, 4, 5, 6, 7, 8, 11, 12] (researched, unverified)"
BD.ADM2.00017,maize_corn,2015,267441.0,38976.5,planted,6.861596089951638,0.1078492325,10,"months [1, 2, 3, 4, 5, 6, 7, 8, 11, 12] (researched, unverified)"
BD.ADM2.00017,maize_corn,2016,287524.0,40505.8,planted,7.098341472085479,0.1164569693,10,"months [1, 2, 3, 4, 5, 6, 7, 8, 11, 12] (researched, unverified)"
BD.ADM2.00018,maize_corn,2015,75.0,12.1,planted,6.198347107438017,0.1737800464,10,"months [1, 2, 3, 4, 5, 6, 7, 8, 11, 12] (researched, unverified)"
BD.ADM2.00018,maize_corn,2016,101.0,15.8,planted,6.392405063291139,0.187059708,10,"months [1, 2, 3, 4, 5, 6, 7, 8, 11, 12] (researched, unverified)"
BD.ADM2.00019,maize_corn,2014,3791.0,691.6,planted,5.481492192018508,0.1152674504,10,"months [1, 2, 3, 4, 5, 6, 7, 8, 11, 12] (researched, unverified)"
BD.ADM2.00019,maize_corn,2015,5472.0,855.1,planted,6.399251549526371,0.11302167020000001,10,"months [1, 2, 3, 4, 5, 6, 7, 8, 11, 12] (researched, unverified)"
BD.ADM2.00019,maize_corn,2016,5688.0,930.8,planted,6.110872367855609,0.1161407472,10,"months [1, 2, 3, 4, 5, 6, 7, 8, 11, 12] (researched, unverified)"
BD.ADM2.00001,rice_paddy,2001,1019960.0,595321.8,planted,1.7132918700440667,0.11537647658333333,12,"months [1, 2, 3, 4, 5, 6, 7, 8, 9, 10, 11, 12] (Sacks et al.)"
BD.ADM2.00001,rice_paddy,2002,1007590.0,612096.0,planted,1.6461306723128397,0.11111304616666667,12,"months [1, 2, 3, 4, 5, 6, 7, 8, 9, 10, 11, 12] (Sacks et al.)"
BD.ADM2.00001,rice_paddy,2003,1038370.0,593650.4,planted,1.7491270956778602,0.11931302233333334,12,"months [1, 2, 3, 4, 5, 6, 7, 8, 9, 10, 11, 12] (Sacks et al.)"
BD.ADM2.00001,rice_paddy,2004,1022460.0,591246.6,planted,1.729329183457461,0.11064254233333333,12,"months [1, 2, 3, 4, 5, 6, 7, 8, 9, 10, 11, 12] (Sacks et al.)"
BD.ADM2.00001,rice_paddy,2005,914082.0,577349.8,planted,1.5832377529185944,0.12570430591666668,12,"months [1, 2, 3, 4, 5, 6, 7, 8, 9, 10, 11, 12] (Sacks et al.)"
BD.ADM2.00001,rice_paddy,2006,1100156.0,605977.2,planted,1.81550725010776,0.12699157166666666,12,"months [1, 2, 3, 4, 5, 6, 7, 8, 9, 10, 11, 12] (Sacks et al.)"
BD.ADM2.00001,rice_paddy,2007,894133.0,505534.19999999995,planted,1.768689437826363,0.11879084616666667,12,"months [1, 2, 3, 4, 5, 6, 7, 8, 9, 10, 11, 12] (Sacks et al.)"
BD.ADM2.00001,rice_paddy,2008,864556.0,525331.4,planted,1.6457344830329959,0.11279114750000001,12,"months [1, 2, 3, 4, 5, 6, 7, 8, 9, 10, 11, 12] (Sacks et al.)"
BD.ADM2.00001,rice_paddy,2009,1100784.0,554778.7,planted,1.9841857663244824,0.11792643266666668,12,"months [1, 2, 3, 4, 5, 6, 7, 8, 9, 10, 11, 12] (Sacks et al.)"
BD.ADM2.00001,rice_paddy,2010,1153433.0,565250.7000000001,planted,2.040568901551117,0.122996013,12,"months [1, 2, 3, 4, 5, 6, 7, 8, 9, 10, 11, 12] (Sacks et al.)"
BD.ADM2.00001,rice_paddy,2011,1221283.0,566644.8,planted,2.15528846289598,0.11635745016666667,12,"months [1, 2, 3, 4, 5, 6, 7, 8, 9, 10, 11, 12] (Sacks et al.)"
BD.ADM2.00001,rice_paddy,2012,1234810.0,563965.2000000001,planted,2.189514530329176,0.11817791291666667,12,"months [1, 2, 3, 4, 5, 6, 7, 8, 9, 10, 11, 12] (Sacks et al.)"
BD.ADM2.00001,rice_paddy,2013,1085798.0,509555.1,planted,2.130874560965046,0.12090274941666668,12,"months [1, 2, 3, 4, 5, 6, 7, 8, 9, 10, 11, 12] (Sacks et al.)"
BD.ADM2.00001,rice_paddy,2014,987376.0,430534.4,planted,2.293373073092417,0.12676807266666668,12,"months [1, 2, 3, 4, 5, 6, 7, 8, 9, 10, 11, 12] (Sacks et al.)"
BD.ADM2.00001,rice_paddy,2015,1142792.0,522834.10000000003,planted,2.185764088455592,0.12165390308333333,12,"months [1, 2, 3, 4, 5, 6, 7, 8, 9, 10, 11, 12] (Sacks et al.)"
BD.ADM2.00001,rice_paddy,2016,1116712.0,514518.0,planted,2.170404145238845,0.12253672583333335,12,"months [1, 2, 3, 4, 5, 6, 7, 8, 9, 10, 11, 12] (Sacks et al.)"
BD.ADM2.00002,rice_paddy,2001,1205670.0,477052.3,planted,2.5273329569944427,0.1093343545,12,"months [1, 2, 3, 4, 5, 6, 7, 8, 9, 10, 11, 12] (Sacks et al.)"
BD.ADM2.00002,rice_paddy,2002,1244720.0,480374.7,planted,2.5911439549168596,0.10904759341666666,12,"months [1, 2, 3, 4, 5, 6, 7, 8, 9, 10, 11, 12] (Sacks et al.)"
BD.ADM2.00002,rice_paddy,2003,1345880.0,503170.8,planted,2.6747975041476972,0.10927626341666667,12,"months [1, 2, 3, 4, 5, 6, 7, 8, 9, 10, 11, 12] (Sacks et al.)"
BD.ADM2.00002,rice_paddy,2004,1429120.0,515481.19999999995,planted,2.772399846977931,0.09907590958333334,12,"months [1, 2, 3, 4, 5, 6, 7, 8, 9, 10, 11, 12] (Sacks et al.)"
BD.ADM2.00002,rice_paddy,2005,1378353.0,499446.8,planted,2.7597593977977235,0.11018349083333334,12,"months [1, 2, 3, 4, 5, 6, 7, 8, 9, 10, 11, 12] (Sacks et al.)"
BD.ADM2.00002,rice_paddy,2006,1354640.0,490048.3,planted,2.7642989476751576,0.12301988608333335,12,"months [1, 2, 3, 4, 5, 6, 7, 8, 9, 10, 11, 12] (Sacks et al.)"
BD.ADM2.00002,rice_paddy,2007,1495108.0,502804.5,planted,2.9735374285631893,0.10903361791666667,12,"months [1, 2, 3, 4, 5, 6, 7, 8, 9, 10, 11, 12] (Sacks et al.)"
BD.ADM2.00002,rice_paddy,2008,1622800.0,514386.5,planted,3.1548261861460207,0.11221641875,12,"months [1, 2, 3, 4, 5, 6, 7, 8, 9, 10, 11, 12] (Sacks et al.)"
BD.ADM2.00002,rice_paddy,2009,1667302.0,535173.8,planted,3.115440255109648,0.11485102958333333,12,"months [1, 2, 3, 4, 5, 6, 7, 8, 9, 10, 11, 12] (Sacks et al.)"
BD.ADM2.00002,rice_paddy,2010,1591840.0,521468.19999999995,planted,3.052611837116818,0.11900112624999999,12,"months [1, 2, 3, 4, 5, 6, 7, 8, 9, 10, 11, 12] (Sacks et al.)"
BD.ADM2.00002,rice_paddy,2011,1603223.0,530198.9,planted,3.023814270455861,0.11366187683333334,12,"months [1, 2, 3, 4, 5, 6, 7, 8, 9, 10, 11, 12] (Sacks et al.)"
BD.ADM2.00002,rice_paddy,2012,1643974.0,532026.4,planted,3.0900233522246263,0.12451397108333333,12,"months [1, 2, 3, 4, 5, 6, 7, 8, 9, 10, 11, 12] (Sacks et al.)"
BD.ADM2.00002,rice_paddy,2013,1720338.0,527789.8,planted,3.2595135411862826,0.12365374116666666,12,"months [1, 2, 3, 4, 5, 6, 7, 8, 9, 10, 11, 12] (Sacks et al.)"
BD.ADM2.00002,rice_paddy,2014,1781190.0,530757.7,planted,3.3559381239311272,0.13376345441666668,12,"months [1, 2, 3, 4, 5, 6, 7, 8, 9, 10, 11, 12] (Sacks et al.)"
BD.ADM2.00002,rice_paddy,2015,1692178.0,530598.3,planted,3.1891885066348684,0.11875918841666666,12,"months [1, 2, 3, 4, 5, 6, 7, 8, 9, 10, 11, 12] (Sacks et al.)"
BD.ADM2.00002,rice_paddy,2016,1727122.0,527076.0,planted,3.276798791825088,0.13129965458333334,12,"months [1, 2, 3, 4, 5, 6, 7, 8, 9, 10, 11, 12] (Sacks et al.)"
BD.ADM2.00003,rice_paddy,2001,1113720.0,428469.6,planted,2.5992975931081226,0.2082894133333333,12,"months [1, 2, 3, 4, 5, 6, 7, 8, 9, 10, 11, 12] (Sacks et al.)"
BD.ADM2.00003,rice_paddy,2002,1074950.0,418295.9,planted,2.56983154747632,0.2017391053333333,12,"months [1, 2, 3, 4, 5, 6, 7, 8, 9, 10, 11, 12] (Sacks et al.)"
BD.ADM2.00003,rice_paddy,2003,1117590.0,425972.8,planted,2.6236182216329307,0.20737741499999998,12,"months [1, 2, 3, 4, 5, 6, 7, 8, 9, 10, 11, 12] (Sacks et al.)"
BD.ADM2.00003,rice_paddy,2004,1128440.0,430828.9,planted,2.6192300470093812,0.19084092383333331,12,"months [1, 2, 3, 4, 5, 6, 7, 8, 9, 10, 11, 12] (Sacks et al.)"
BD.ADM2.00003,rice_paddy,2005,1079236.0,416902.5,planted,2.58870119512356,0.20228289091666665,12,"months [1, 2, 3, 4, 5, 6, 7, 8, 9, 10, 11, 12] (Sacks et al.)"
BD.ADM2.00003,rice_paddy,2006,1060435.0,407819.39999999997,planted,2.600256387999198,0.19432033008333335,12,"months [1, 2, 3, 4, 5, 6, 7, 8, 9, 10, 11, 12] (Sacks et al.)"
BD.ADM2.00003,rice_paddy,2007,1043726.0,404396.9,planted,2.5809446115932144,0.18965659416666666,12,"months [1, 2, 3, 4, 5, 6, 7, 8, 9, 10, 11, 12] (Sacks et al.)"
BD.ADM2.00003,rice_paddy,2008,1147876.0,417166.80000000005,planted,2.751599599968166,0.19435852041666668,12,"months [1, 2, 3, 4, 5, 6, 7, 8, 9, 10, 11, 12] (Sacks et al.)"
BD.ADM2.00003,rice_paddy,2009,1153109.0,420517.60000000003,planted,2.7421182847043735,0.18880337666666666,12,"months [1, 2, 3, 4, 5, 6, 7, 8, 9, 10, 11, 12] (Sacks et al.)"
BD.ADM2.00003,rice_paddy,2010,1213563.0,425634.0,planted,2.851189049746966,0.19301629499999998,12,"months [1, 2, 3, 4, 5, 6, 7, 8, 9, 10, 11, 12] (Sacks et al.)"
BD.ADM2.00003,rice_paddy,2011,1201711.0,429492.4,planted,2.797979661572591,0.19073931583333334,12,"months [1, 2, 3, 4, 5, 6, 7, 8, 9, 10, 11, 12] (Sacks et al.)"
BD.ADM2.00003,rice_paddy,2012,1193310.0,423706.9,planted,2.8163572507315786,0.18686337408333334,12,"months [1, 2, 3, 4, 5, 6, 7, 8, 9, 10, 11, 12] (Sacks et al.)"
BD.ADM2.00003,rice_paddy,2013,1229530.0,416090.7,planted,2.954956695739655,0.19861466533333336,12,"months [1, 2, 3, 4, 5, 6, 7, 8, 9, 10, 11, 12] (Sacks et al.)"
BD.ADM2.00003,rice_paddy,2014,1163236.0,410013.2,planted,2.8370696358068472,0.186104065,12,"months [1, 2, 3, 4, 5, 6, 7, 8, 9, 10, 11, 12] (Sacks et al.)"
BD.ADM2.00003,rice_paddy,2015,1180528.0,410851.20000000007,planted,2.8733711864538787,0.17863182916666667,12,"months [1, 2, 3, 4, 5, 6, 7, 8, 9, 10, 11, 12] (Sacks et al.)"
BD.ADM2.00003,rice_paddy,2016,1143407.0,395062.0,planted,2.894246978955202,0.20362013166666668,12,"months [1, 2, 3, 4, 5, 6, 7, 8, 9, 10, 11, 12] (Sacks et al.)"
BD.ADM2.00004,rice_paddy,2001,100480.0,41974.0,planted,2.393862867489398,0.24235271333333333,12,"months [1, 2, 3, 4, 5, 6, 7, 8, 9, 10, 11, 12] (Sacks et al.)"
BD.ADM2.00004,rice_paddy,2002,108440.0,45426.100000000006,planted,2.3871738934225033,0.234623985,12,"months [1, 2, 3, 4, 5, 6, 7, 8, 9, 10, 11, 12] (Sacks et al.)"
BD.ADM2.00004,rice_paddy,2003,116400.0,48331.600000000006,planted,2.4083622309213846,0.23914101583333333,12,"months [1, 2, 3, 4, 5, 6, 7, 8, 9, 10, 11, 12] (Sacks et al.)"
BD.ADM2.00004,rice_paddy,2004,144180.0,52289.4,planted,2.7573466132715234,0.22980607,12,"months [1, 2, 3, 4, 5, 6, 7, 8, 9, 10, 11, 12] (Sacks et al.)"
BD.ADM2.00004,rice_paddy,2005,135595.0,50815.200000000004,planted,2.6683944961350146,0.2423313105,12,"months [1, 2, 3, 4, 5, 6, 7, 8, 9, 10, 11, 12] (Sacks et al.)"
BD.ADM2.00004,rice_paddy,2006,139003.0,54429.5,planted,2.553817323326505,0.2319932525,12,"months [1, 2, 3, 4, 5, 6, 7, 8, 9, 10, 11, 12] (Sacks et al.)"
BD.ADM2.00004,rice_paddy,2007,142987.0,56158.3,planted,2.5461418881981825,0.2235079525,12,"months [1, 2, 3, 4, 5, 6, 7, 8, 9, 10, 11, 12] (Sacks et al.)"
BD.ADM2.00004,rice_paddy,2008,149162.0,61194.600000000006,planted,2.4375026554630637,0.23152103633333332,12,"months [1, 2, 3, 4, 5, 6, 7, 8, 9, 10, 11, 12] (Sacks et al.)"
BD.ADM2.00004,rice_paddy,2009,166686.0,64946.799999999996,planted,2.5665005820148186,0.21863523833333334,12,"months [1, 2, 3, 4, 5, 6, 7, 8, 9, 10, 11, 12] (Sacks et al.)"
BD.ADM2.00004,rice_paddy,2010,187366.0,68297.2,planted,2.74339211563578,0.22188519416666666,12,"months [1, 2, 3, 4, 5, 6, 7, 8, 9, 10, 11, 12] (Sacks et al.)"
BD.ADM2.00004,rice_paddy,2011,193436.0,67034.7,planted,2.8856099900499297,0.22867331,12,"months [1, 2, 3, 4, 5, 6, 7, 8, 9, 10, 11, 12] (Sacks et al.)"
BD.ADM2.00004,rice_paddy,2012,193201.0,67992.1,planted,2.841521294385671,0.21848632416666666,12,"months [1, 2, 3, 4, 5, 6, 7, 8, 9, 10, 11, 12] (Sacks et al.)"
BD.ADM2.00004,rice_paddy,2013,180917.0,64643.4,planted,2.7986925192672416,0.23112542916666667,12,"months [1, 2, 3, 4, 5, 6, 7, 8, 9, 10, 11, 12] (Sacks et al.)"
BD.ADM2.00004,rice_paddy,2014,184580.0,63104.8,planted,2.9249755961511643,0.22556648583333336,12,"months [1, 2, 3, 4, 5, 6, 7, 8, 9, 10, 11, 12] (Sacks et al.)"
BD.ADM2.00004,rice_paddy,2015,187274.0,65247.100000000006,planted,2.8702271825107935,0.20113392541666666,12,"months [1, 2, 3, 4, 5, 6, 7, 8, 9, 10, 11, 12] (Sacks et al.)"
BD.ADM2.00004,rice_paddy,2016,183503.0,64428.0,planted,2.8481871236108525,0.23146849675,12,"months [1, 2, 3, 4, 5, 6, 7, 8, 9, 10, 11, 12] (Sacks et al.)"
BD.ADM2.00005,rice_paddy,2001,1719470.0,702717.5,planted,2.446886551138971,0.13010177208333334,12,"months [1, 2, 3, 4, 5, 6, 7, 8, 9, 10, 11, 12] (Sacks et al.)"
BD.ADM2.00005,rice_paddy,2002,1775970.0,711446.6,planted,2.4962801143473032,0.12228966225,12,"months [1, 2, 3, 4, 5, 6, 7, 8, 9, 10, 11, 12] (Sacks et al.)"
BD.ADM2.00005,rice_paddy,2003,1855940.0,742728.8,planted,2.498812487142009,0.12455792116666665,12,"months [1, 2, 3, 4, 5, 6, 7, 8, 9, 10, 11, 12] (Sacks et al.)"
BD.ADM2.00005,rice_paddy,2004,1797580.0,693923.6,planted,2.590458085011088,0.10696742866666666,12,"months [1, 2, 3, 4, 5, 6, 7, 8, 9, 10, 11, 12] (Sacks et al.)"
BD.ADM2.00005,rice_paddy,2005,1627877.0,608381.8,planted,2.675749011558202,0.12603397241666667,12,"months [1, 2, 3, 4, 5, 6, 7, 8, 9, 10, 11, 12] (Sacks et al.)"
BD.ADM2.00005,rice_paddy,2006,1712262.0,631592.6,planted,2.711022896721716,0.12857430591666666,12,"months [1, 2, 3, 4, 5, 6, 7, 8, 9, 10, 11, 12] (Sacks et al.)"
BD.ADM2.00005,rice_paddy,2007,1630064.0,621978.6000000001,planted,2.6207718400600917,0.11297861275,12,"months [1, 2, 3, 4, 5, 6, 7, 8, 9, 10, 11, 12] (Sacks et al.)"
BD.ADM2.00005,rice_paddy,2008,1738880.0,606217.9,planted,2.8684075478470694,0.12686644533333333,12,"months [1, 2, 3, 4, 5, 6, 7, 8, 9, 10, 11, 12] (Sacks et al.)"
BD.ADM2.00005,rice_paddy,2009,1917968.0,674836.4,planted,2.8421229204589435,0.12081730783333333,12,"months [1, 2, 3, 4, 5, 6, 7, 8, 9, 10, 11, 12] (Sacks et al.)"
BD.ADM2.00005,rice_paddy,2010,2080465.0,708333.7,planted,2.9371255384291333,0.12303625033333332,12,"months [1, 2, 3, 4, 5, 6, 7, 8, 9, 10, 11, 12] (Sacks et al.)"
BD.ADM2.00005,rice_paddy,2011,2061451.0,682188.2,planted,3.021821544260074,0.12291728733333333,12,"months [1, 2, 3, 4, 5, 6, 7, 8, 9, 10, 11, 12] (Sacks et al.)"
BD.ADM2.00005,rice_paddy,2012,2055167.0,673637.1,planted,3.0508518607422306,0.12486673658333332,12,"months [1, 2, 3, 4, 5, 6, 7, 8, 9, 10, 11, 12] (Sacks et al.)"
BD.ADM2.00005,rice_paddy,2013,2004303.0,667459.5,planted,3.002883321010488,0.13043540083333335,12,"months [1, 2, 3, 4, 5, 6, 7, 8, 9, 10, 11, 12] (Sacks et al.)"
BD.ADM2.00005,rice_paddy,2014,1982059.0,650990.1,planted,3.044683782441546,0.13014676466666666,12,"months [1, 2, 3, 4, 5, 6, 7, 8, 9, 10, 11, 12] (Sacks et al.)"
BD.ADM2.00005,rice_paddy,2015,1934291.0,661718.6000000001,planted,2.923132280096101,0.12109280366666665,12,"months [1, 2, 3, 4, 5, 6, 7, 8, 9, 10, 11, 12] (Sacks et al.)"
BD.ADM2.00005,rice_paddy,2016,1915905.0,650045.0,planted,2.947342107084894,0.13573769083333334,12,"months [1, 2, 3, 4, 5, 6, 7, 8, 9, 10, 11, 12] (Sacks et al.)"
BD.ADM2.00006,rice_paddy,2001,1245640.0,482232.30000000005,planted,2.583070441361974,0.11821540841666667,12,"months [1, 2, 3, 4, 5, 6, 7, 8, 9, 10, 11, 12] (Sacks et al.)"
BD.ADM2.00006,rice_paddy,2002,1281080.0,486647.4,planted,2.632460380965767,0.10872365258333333,12,"months [1, 2, 3, 4, 5, 6, 7, 8, 9, 10, 11, 12] (Sacks et al.)"
BD.ADM2.00006,rice_paddy,2003,1277540.0,480200.69999999995,planted,2.660429274676193,0.106184367,12,"months [1, 2, 3, 4, 5, 6, 7, 8, 9, 10, 11, 12] (Sacks et al.)"
BD.ADM2.00006,rice_paddy,2004,1313960.0,473547.69999999995,planted,2.7747151976453486,0.095911415,12,"months [1, 2, 3, 4, 5, 6, 7, 8, 9, 10, 11, 12] (Sacks et al.)"
BD.ADM2.00006,rice_paddy,2005,1252027.0,449191.7,planted,2.7872888123266746,0.11068384183333334,12,"months [1, 2, 3, 4, 5, 6, 7, 8, 9, 10, 11, 12] (Sacks et al.)"
BD.ADM2.00006,rice_paddy,2006,1189927.0,430552.6,planted,2.7637203909580386,0.12107007133333332,12,"months [1, 2, 3, 4, 5, 6, 7, 8, 9, 10, 11, 12] (Sacks et al.)"
BD.ADM2.00006,rice_paddy,2007,1153795.0,429598.8,planted,2.6857500533055494,0.10143169541666668,12,"months [1, 2, 3, 4, 5, 6, 7, 8, 9, 10, 11, 12] (Sacks et al.)"
BD.ADM2.00006,rice_paddy,2008,1340811.0,414536.30000000005,planted,3.234483928186747,0.11416741674999999,12,"months [1, 2, 3, 4, 5, 6, 7, 8, 9, 10, 11, 12] (Sacks et al.)"
BD.ADM2.00006,rice_paddy,2009,1343340.0,428853.79999999993,planted,3.1323961685777304,0.11571169508333334,12,"months [1, 2, 3, 4, 5, 6, 7, 8, 9, 10, 11, 12] (Sacks et al.)"
BD.ADM2.00006,rice_paddy,2010,1493390.0,458831.0,planted,3.254771364620089,0.11940920383333332,12,"months [1, 2, 3, 4, 5, 6, 7, 8, 9, 10, 11, 12] (Sacks et al.)"
BD.ADM2.00006,rice_paddy,2011,1442992.0,448717.7,planted,3.2158125253360854,0.11248045416666667,12,"months [1, 2, 3, 4, 5, 6, 7, 8, 9, 10, 11, 12] (Sacks et al.)"
BD.ADM2.00006,rice_paddy,2012,1476567.0,438622.5,planted,3.3663731340731493,0.11361333975,12,"months [1, 2, 3, 4, 5, 6, 7, 8, 9, 10, 11, 12] (Sacks et al.)"
BD.ADM2.00006,rice_paddy,2013,1430671.0,440483.89999999997,planted,3.247952989882264,0.12521085491666667,12,"months [1, 2, 3, 4, 5, 6, 7, 8, 9, 10, 11, 12] (Sacks et al.)"
BD.ADM2.00006,rice_paddy,2014,1400480.0,434944.7,planted,3.2199035877434534,0.12008180716666667,12,"months [1, 2, 3, 4, 5, 6, 7, 8, 9, 10, 11, 12] (Sacks et al.)"
BD.ADM2.00006,rice_paddy,2015,1410580.0,434526.6,planted,3.2462454542483705,0.11532912033333333,12,"months [1, 2, 3, 4, 5, 6, 7, 8, 9, 10, 11, 12] (Sacks et al.)"
BD.ADM2.00006,rice_paddy,2016,1305555.0,430077.0,planted,3.035630828898081,0.12872777658333331,12,"months [1, 2, 3, 4, 5, 6, 7, 8, 9, 10, 11, 12] (Sacks et al.)"
BD.ADM2.00007,rice_paddy,2001,1443700.0,635041.8,planted,2.273393656921481,0.11075502708333333,12,"months [1, 2, 3, 4, 5, 6, 7, 8, 9, 10, 11, 12] (Sacks et al.)"
BD.ADM2.00007,rice_paddy,2002,1266540.0,598110.1,planted,2.117569992548195,0.11668104166666667,12,"months [1, 2, 3, 4, 5, 6, 7, 8, 9, 10, 11, 12] (Sacks et al.)"
BD.ADM2.00007,rice_paddy,2003,1275260.0,600849.8,planted,2.1224272688448926,0.11101580083333333,12,"months [1, 2, 3, 4, 5, 6, 7, 8, 9, 10, 11, 12] (Sacks et al.)"
BD.ADM2.00007,rice_paddy,2004,1389990.0,605681.7,planted,2.294918271428706,0.10699204258333334,12,"months [1, 2, 3, 4, 5, 6, 7, 8, 9, 10, 11, 12] (Sacks et al.)"
BD.ADM2.00007,rice_paddy,2005,1502361.0,635416.2,planted,2.3643731462937208,0.11413452191666668,12,"months [1, 2, 3, 4, 5, 6, 7, 8, 9, 10, 11, 12] (Sacks et al.)"
BD.ADM2.00007,rice_paddy,2006,1623541.0,638602.7,planted,2.542333441433931,0.1259960475,12,"months [1, 2, 3, 4, 5, 6, 7, 8, 9, 10, 11, 12] (Sacks et al.)"
BD.ADM2.00007,rice_paddy,2007,1737252.0,662639.5,planted,2.6217151256452413,0.11537111758333334,12,"months [1, 2, 3, 4, 5, 6, 7, 8, 9, 10, 11, 12] (Sacks et al.)"
BD.ADM2.00007,rice_paddy,2008,2068546.0,694261.4,planted,2.979491586310286,0.11455976291666665,12,"months [1, 2, 3, 4, 5, 6, 7, 8, 9, 10, 11, 12] (Sacks et al.)"
BD.ADM2.00007,rice_paddy,2009,2207303.0,736776.7,planted,2.9958914281626985,0.1200005555,12,"months [1, 2, 3, 4, 5, 6, 7, 8, 9, 10, 11, 12] (Sacks et al.)"
BD.ADM2.00007,rice_paddy,2010,2233918.0,734780.3999999999,planted,3.0402525707000354,0.12118402066666667,12,"months [1, 2, 3, 4, 5, 6, 7, 8, 9, 10, 11, 12] (Sacks et al.)"
BD.ADM2.00007,rice_paddy,2011,2383693.0,736382.1000000001,planted,3.2370327850174516,0.12343307116666667,12,"months [1, 2, 3, 4, 5, 6, 7, 8, 9, 10, 11, 12] (Sacks et al.)"
BD.ADM2.00007,rice_paddy,2012,2243370.0,744647.8999999999,planted,3.012658734416629,0.12678761016666665,12,"months [1, 2, 3, 4, 5, 6, 7, 8, 9, 10, 11, 12] (Sacks et al.)"
BD.ADM2.00007,rice_paddy,2013,2378874.0,800816.8,planted,2.9705595586905766,0.13067231133333332,12,"months [1, 2, 3, 4, 5, 6, 7, 8, 9, 10, 11, 12] (Sacks et al.)"
BD.ADM2.00007,rice_paddy,2014,1792577.0,568248.8,planted,3.15456363480222,0.1300956985,12,"months [1, 2, 3, 4, 5, 6, 7, 8, 9, 10, 11, 12] (Sacks et al.)"
BD.ADM2.00007,rice_paddy,2015,1952496.0,595505.8,planted,3.2787186959388133,0.12739102658333332,12,"months [1, 2, 3, 4, 5, 6, 7, 8, 9, 10, 11, 12] (Sacks et al.)"
BD.ADM2.00007,rice_paddy,2016,2417267.0,769515.0,planted,3.141286394677167,0.13935544858333335,12,"months [1, 2, 3, 4, 5, 6, 7, 8, 9, 10, 11, 12] (Sacks et al.)"
BD.ADM2.00008,rice_paddy,2001,997450.0,498132.4,planted,2.002379287113225,0.10916472933333334,12,"months [1, 2, 3, 4, 5, 6, 7, 8, 9, 10, 11, 12] (Sacks et al.)"
BD.ADM2.00008,rice_paddy,2002,964670.0,509564.69999999995,planted,1.8931256423374698,0.10296597925,12,"months [1, 2, 3, 4, 5, 6, 7, 8, 9, 10, 11, 12] (Sacks et al.)"
BD.ADM2.00008,rice_paddy,2003,963350.0,493620.2,planted,1.9516016564962293,0.1041200175,12,"months [1, 2, 3, 4, 5, 6, 7, 8, 9, 10, 11, 12] (Sacks et al.)"
BD.ADM2.00008,rice_paddy,2004,1223320.0,562380.3,planted,2.1752540051634095,0.09380401249999999,12,"months [1, 2, 3, 4, 5, 6, 7, 8, 9, 10, 11, 12] (Sacks et al.)"
BD.ADM2.00008,rice_paddy,2005,1017015.0,475906.3,planted,2.1370068015489605,0.11578652833333332,12,"months [1, 2, 3, 4, 5, 6, 7, 8, 9, 10, 11, 12] (Sacks et al.)"
BD.ADM2.00008,rice_paddy,2006,1086773.0,459013.9,planted,2.367625468422634,0.11932515091666666,12,"months [1, 2, 3, 4, 5, 6, 7, 8, 9, 10, 11, 12] (Sacks et al.)"
BD.ADM2.00008,rice_paddy,2007,1053315.0,441468.19999999995,planted,2.38593629167401,0.10009844033333333,12,"months [1, 2, 3, 4, 5, 6, 7, 8, 9, 10, 11, 12] (Sacks et al.)"
BD.ADM2.00008,rice_paddy,2008,1019375.0,348443.0,planted,2.925514359593965,0.10698371841666666,12,"months [1, 2, 3, 4, 5, 6, 7, 8, 9, 10, 11, 12] (Sacks et al.)"
BD.ADM2.00008,rice_paddy,2009,1186511.0,416729.3,planted,2.8471984091351388,0.11731380066666668,12,"months [1, 2, 3, 4, 5, 6, 7, 8, 9, 10, 11, 12] (Sacks et al.)"
BD.ADM2.00008,rice_paddy,2010,1225366.0,448348.70000000007,planted,2.7330646882660745,0.11825623833333333,12,"months [1, 2, 3, 4, 5, 6, 7, 8, 9, 10, 11, 12] (Sacks et al.)"
BD.ADM2.00008,rice_paddy,2011,1239951.0,422399.80000000005,planted,2.9354914467289044,0.11311508591666668,12,"months [1, 2, 3, 4, 5, 6, 7, 8, 9, 10, 11, 12] (Sacks et al.)"
BD.ADM2.00008,rice_paddy,2012,1229479.0,399605.4,planted,3.0767326968053985,0.12371706633333333,12,"months [1, 2, 3, 4, 5, 6, 7, 8, 9, 10, 11, 12] (Sacks et al.)"
BD.ADM2.00008,rice_paddy,2013,1180188.0,388240.1,planted,3.0398405522768,0.12214495166666667,12,"months [1, 2, 3, 4, 5, 6, 7, 8, 9, 10, 11, 12] (Sacks et al.)"
BD.ADM2.00008,rice_paddy,2014,1191130.0,381108.5,planted,3.125435407502063,0.12620248158333333,12,"months [1, 2, 3, 4, 5, 6, 7, 8, 9, 10, 11, 12] (Sacks et al.)"
BD.ADM2.00008,rice_paddy,2015,1181831.0,366727.10000000003,planted,3.2226443041705943,0.1276025835,12,"months [1, 2, 3, 4, 5, 6, 7, 8, 9, 10, 11, 12] (Sacks et al.)"
BD.ADM2.00008,rice_paddy,2016,1195173.0,372098.0,planted,3.211984477207617,0.13546369916666667,12,"months [1, 2, 3, 4, 5, 6, 7, 8, 9, 10, 11, 12] (Sacks et al.)"
BD.ADM2.00009,rice_paddy,2001,1567540.0,597685.2000000001,planted,2.6226849853401086,0.12385144166666667,12,"months [1, 2, 3, 4, 5, 6, 7, 8, 9, 10, 11, 12] (Sacks et al.)"
BD.ADM2.00009,rice_paddy,2002,1598370.0,581202.3,planted,2.7501095573778698,0.11212729941666666,12,"months [1, 2, 3, 4, 5, 6, 7, 8, 9, 10, 11, 12] (Sacks et al.)"
BD.ADM2.00009,rice_paddy,2003,1644180.0,580797.6,planted,2.830900127686478,0.12007354666666666,12,"months [1, 2, 3, 4, 5, 6, 7, 8, 9, 10, 11, 12] (Sacks et al.)"
BD.ADM2.00009,rice_paddy,2004,1869940.0,622371.1,planted,3.0045418240017896,0.1089836215,12,"months [1, 2, 3, 4, 5, 6, 7, 8, 9, 10, 11, 12] (Sacks et al.)"
BD.ADM2.00009,rice_paddy,2005,1740745.0,589717.7,planted,2.9518276287111616,0.1268184025,12,"months [1, 2, 3, 4, 5, 6, 7, 8, 9, 10, 11, 12] (Sacks et al.)"
BD.ADM2.00009,rice_paddy,2006,1882585.0,640325.0,planted,2.940046070354898,0.12478588283333332,12,"months [1, 2, 3, 4, 5, 6, 7, 8, 9, 10, 11, 12] (Sacks et al.)"
BD.ADM2.00009,rice_paddy,2007,2414858.0,805010.1,planted,2.9997859654183223,0.11676586883333333,12,"months [1, 2, 3, 4, 5, 6, 7, 8, 9, 10, 11, 12] (Sacks et al.)"
BD.ADM2.00009,rice_paddy,2008,2444868.0,843410.5999999999,planted,2.898787375923424,0.11665699533333333,12,"months [1, 2, 3, 4, 5, 6, 7, 8, 9, 10, 11, 12] (Sacks et al.)"
BD.ADM2.00009,rice_paddy,2009,2680474.0,911896.2,planted,2.9394507839817736,0.12318831474999999,12,"months [1, 2, 3, 4, 5, 6, 7, 8, 9, 10, 11, 12] (Sacks et al.)"
BD.ADM2.00009,rice_paddy,2010,2623145.0,874923.0,planted,2.998143836657626,0.13060564066666666,12,"months [1, 2, 3, 4, 5, 6, 7, 8, 9, 10, 11, 12] (Sacks et al.)"
BD.ADM2.00009,rice_paddy,2011,2818663.0,907381.8,planted,3.1063693364799687,0.11775650941666667,12,"months [1, 2, 3, 4, 5, 6, 7, 8, 9, 10, 11, 12] (Sacks et al.)"
BD.ADM2.00009,rice_paddy,2012,2842588.0,886555.6000000001,planted,3.206327950553806,0.12257009891666666,12,"months [1, 2, 3, 4, 5, 6, 7, 8, 9, 10, 11, 12] (Sacks et al.)"
BD.ADM2.00009,rice_paddy,2013,2907478.0,957667.3,planted,3.0360000806125464,0.129460138,12,"months [1, 2, 3, 4, 5, 6, 7, 8, 9, 10, 11, 12] (Sacks et al.)"
BD.ADM2.00009,rice_paddy,2014,3315577.0,1170709.7000000002,planted,2.832108591907968,0.12863505325,12,"months [1, 2, 3, 4, 5, 6, 7, 8, 9, 10, 11, 12] (Sacks et al.)"
BD.ADM2.00009,rice_paddy,2015,2896043.0,872039.8,planted,3.320998651667045,0.12139825458333332,12,"months [1, 2, 3, 4, 5, 6, 7, 8, 9, 10, 11, 12] (Sacks et al.)"
BD.ADM2.00009,rice_paddy,2016,2830172.0,853277.0,planted,3.316826774892561,0.13122804241666666,12,"months [1, 2, 3, 4, 5, 6, 7, 8, 9, 10, 11, 12] (Sacks et al.)"
BD.ADM2.00010,rice_paddy,2001,931930.0,441832.39999999997,planted,2.1092387068037564,0.11948231841666666,12,"months [1, 2, 3, 4, 5, 6, 7, 8, 9, 10, 11, 12] (Sacks et al.)"
BD.ADM2.00010,rice_paddy,2002,932160.0,447498.0,planted,2.083048415858842,0.11778238166666666,12,"months [1, 2, 3, 4, 5, 6, 7, 8, 9, 10, 11, 12] (Sacks et al.)"
BD.ADM2.00010,rice_paddy,2003,1036810.0,471245.1,planted,2.200150197848211,0.1078834925,12,"months [1, 2, 3, 4, 5, 6, 7, 8, 9, 10, 11, 12] (Sacks et al.)"
BD.ADM2.00010,rice_paddy,2004,1097740.0,483826.69999999995,planted,2.2688702380418446,0.10956930791666668,12,"months [1, 2, 3, 4, 5, 6, 7, 8, 9, 10, 11, 12] (Sacks et al.)"
BD.ADM2.00010,rice_paddy,2005,1009432.0,444892.7,planted,2.268933610284008,0.11895933433333333,12,"months [1, 2, 3, 4, 5, 6, 7, 8, 9, 10, 11, 12] (Sacks et al.)"
BD.ADM2.00010,rice_paddy,2006,1066262.0,452034.5,planted,2.3588066840031017,0.11470057025000001,12,"months [1, 2, 3, 4, 5, 6, 7, 8, 9, 10, 11, 12] (Sacks et al.)"
BD.ADM2.00010,rice_paddy,2007,633433.0,294793.8,planted,2.1487324360281663,0.11130207033333334,12,"months [1, 2, 3, 4, 5, 6, 7, 8, 9, 10, 11, 12] (Sacks et al.)"
BD.ADM2.00010,rice_paddy,2008,612259.0,299662.1,planted,2.0431646177477902,0.10055617408333334,12,"months [1, 2, 3, 4, 5, 6, 7, 8, 9, 10, 11, 12] (Sacks et al.)"
BD.ADM2.00010,rice_paddy,2009,691278.0,307179.9,planted,2.250401149293948,0.10356070783333333,12,"months [1, 2, 3, 4, 5, 6, 7, 8, 9, 10, 11, 12] (Sacks et al.)"
BD.ADM2.00010,rice_paddy,2010,743680.0,286369.3,planted,2.59692641634421,0.11190735833333333,12,"months [1, 2, 3, 4, 5, 6, 7, 8, 9, 10, 11, 12] (Sacks et al.)"
BD.ADM2.00010,rice_paddy,2011,674595.0,275806.6,planted,2.445898684077901,0.10453730791666667,12,"months [1, 2, 3, 4, 5, 6, 7, 8, 9, 10, 11, 12] (Sacks et al.)"
BD.ADM2.00010,rice_paddy,2012,693288.0,281522.8,planted,2.4626353531578973,0.106860005,12,"months [1, 2, 3, 4, 5, 6, 7, 8, 9, 10, 11, 12] (Sacks et al.)"
BD.ADM2.00010,rice_paddy,2013,741991.0,281457.6,planted,2.6362443224130385,0.11255749124999999,12,"months [1, 2, 3, 4, 5, 6, 7, 8, 9, 10, 11, 12] (Sacks et al.)"
BD.ADM2.00010,rice_paddy,2014,591118.0,199879.0,planted,2.957379214424727,0.11210944699999999,12,"months [1, 2, 3, 4, 5, 6, 7, 8, 9, 10, 11, 12] (Sacks et al.)"
BD.ADM2.00010,rice_paddy,2015,829827.0,291338.0,planted,2.848330804769718,0.10149192,12,"months [1, 2, 3, 4, 5, 6, 7, 8, 9, 10, 11, 12] (Sacks et al.)"
BD.ADM2.00010,rice_paddy,2016,813194.0,289129.0,planted,2.8125646337793855,0.109891208,12,"months [1, 2, 3, 4, 5, 6, 7, 8, 9, 10, 11, 12] (Sacks et al.)"
BD.ADM2.00011,rice_paddy,2001,588490.0,249213.89999999997,planted,2.3613851394324317,0.13627733916666665,12,"months [1, 2, 3, 4, 5, 6, 7, 8, 9, 10, 11, 12] (Sacks et al.)"
BD.ADM2.00011,rice_paddy,2002,576820.0,243536.09999999998,planted,2.3685194925926796,0.13379826158333333,12,"months [1, 2, 3, 4, 5, 6, 7, 8, 9, 10, 11, 12] (Sacks et al.)"
BD.ADM2.00011,rice_paddy,2003,586560.0,242273.6,planted,2.4210644494488873,0.13610954,12,"months [1, 2, 3, 4, 5, 6, 7, 8, 9, 10, 11, 12] (Sacks et al.)"
BD.ADM2.00011,rice_paddy,2004,624780.0,241184.9,planted,2.5904606797523395,0.13003768116666667,12,"months [1, 2, 3, 4, 5, 6, 7, 8, 9, 10, 11, 12] (Sacks et al.)"
BD.ADM2.00011,rice_paddy,2005,602542.0,225416.3,planted,2.6730187657236857,0.14702815591666665,12,"months [1, 2, 3, 4, 5, 6, 7, 8, 9, 10, 11, 12] (Sacks et al.)"
BD.ADM2.00011,rice_paddy,2006,589017.0,232906.7,planted,2.5289826355360323,0.153206746,12,"months [1, 2, 3, 4, 5, 6, 7, 8, 9, 10, 11, 12] (Sacks et al.)"
BD.ADM2.00011,rice_paddy,2007,639871.0,241504.6,planted,2.6495188911515557,0.14359453291666666,12,"months [1, 2, 3, 4, 5, 6, 7, 8, 9, 10, 11, 12] (Sacks et al.)"
BD.ADM2.00011,rice_paddy,2008,739621.0,262532.2,planted,2.8172582258481054,0.143971627,12,"months [1, 2, 3, 4, 5, 6, 7, 8, 9, 10, 11, 12] (Sacks et al.)"
BD.ADM2.00011,rice_paddy,2009,852174.0,301683.9,planted,2.8247248195876544,0.15208521633333333,12,"months [1, 2, 3, 4, 5, 6, 7, 8, 9, 10, 11, 12] (Sacks et al.)"
BD.ADM2.00011,rice_paddy,2010,842981.0,294545.4,planted,2.8619730608592087,0.159760543,12,"months [1, 2, 3, 4, 5, 6, 7, 8, 9, 10, 11, 12] (Sacks et al.)"
BD.ADM2.00011,rice_paddy,2011,886454.0,306362.89999999997,planted,2.8934769843215356,0.14774907916666666,12,"months [1, 2, 3, 4, 5, 6, 7, 8, 9, 10, 11, 12] (Sacks et al.)"
BD.ADM2.00011,rice_paddy,2012,964570.0,314190.6,planted,3.0700154619520763,0.14911241875,12,"months [1, 2, 3, 4, 5, 6, 7, 8, 9, 10, 11, 12] (Sacks et al.)"
BD.ADM2.00011,rice_paddy,2013,898014.0,295239.7,planted,3.0416437897748847,0.1619658225,12,"months [1, 2, 3, 4, 5, 6, 7, 8, 9, 10, 11, 12] (Sacks et al.)"
BD.ADM2.00011,rice_paddy,2014,1152436.0,400355.30000000005,planted,2.8785331429357868,0.15627767133333334,12,"months [1, 2, 3, 4, 5, 6, 7, 8, 9, 10, 11, 12] (Sacks et al.)"
BD.ADM2.00011,rice_paddy,2015,943782.0,306901.7,planted,3.075193131872518,0.1545859675,12,"months [1, 2, 3, 4, 5, 6, 7, 8, 9, 10, 11, 12] (Sacks et al.)"
BD.ADM2.00011,rice_paddy,2016,920828.0,302499.0,planted,3.044069567172123,0.16620068375,12,"months [1, 2, 3, 4, 5, 6, 7, 8, 9, 10, 11, 12] (Sacks et al.)"
BD.ADM2.00012,rice_paddy,2001,2745580.0,1075425.4,planted,2.55301762446749,0.12225541183333333,12,"months [1, 2, 3, 4, 5, 6, 7, 8, 9, 10, 11, 12] (Sacks et al.)"
BD.ADM2.00012,rice_paddy,2002,2535870.0,1039618.7,planted,2.4392308449242015,0.11311899241666667,12,"months [1, 2, 3, 4, 5, 6, 7, 8, 9, 10, 11, 12] (Sacks et al.)"
BD.ADM2.00012,rice_paddy,2003,2531510.0,1020493.3,planted,2.4806728275433065,0.11532226000000001,12,"months [1, 2, 3, 4, 5, 6, 7, 8, 9, 10, 11, 12] (Sacks et al.)"
BD.ADM2.00012,rice_paddy,2004,2506200.0,992905.8,planted,2.524106516448992,0.10133252266666666,12,"months [1, 2, 3, 4, 5, 6, 7, 8, 9, 10, 11, 12] (Sacks et al.)"
BD.ADM2.00012,rice_paddy,2005,2520128.0,977619.2,planted,2.5778217121758655,0.11437095791666667,12,"months [1, 2, 3, 4, 5, 6, 7, 8, 9, 10, 11, 12] (Sacks et al.)"
BD.ADM2.00012,rice_paddy,2006,2703542.0,1012287.4,planted,2.670725724729953,0.12687263016666667,12,"months [1, 2, 3, 4, 5, 6, 7, 8, 9, 10, 11, 12] (Sacks et al.)"
BD.ADM2.00012,rice_paddy,2007,2728744.0,1043783.1000000001,planted,2.614282603349297,0.10977630825,12,"months [1, 2, 3, 4, 5, 6, 7, 8, 9, 10, 11, 12] (Sacks et al.)"
BD.ADM2.00012,rice_paddy,2008,3058528.0,1061166.2999999998,planted,2.8822325021064095,0.12227373908333333,12,"months [1, 2, 3, 4, 5, 6, 7, 8, 9, 10, 11, 12] (Sacks et al.)"
BD.ADM2.00012,rice_paddy,2009,3203127.0,1102747.1,planted,2.904679595167378,0.12388801566666667,12,"months [1, 2, 3, 4, 5, 6, 7, 8, 9, 10, 11, 12] (Sacks et al.)"
BD.ADM2.00012,rice_paddy,2010,3113982.0,1114944.5999999999,planted,2.7929477392867774,0.12026398066666666,12,"months [1, 2, 3, 4, 5, 6, 7, 8, 9, 10, 11, 12] (Sacks et al.)"
BD.ADM2.00012,rice_paddy,2011,3531459.0,1161460.9000000001,planted,3.0405319714163426,0.1163811345,12,"months [1, 2, 3, 4, 5, 6, 7, 8, 9, 10, 11, 12] (Sacks et al.)"
BD.ADM2.00012,rice_paddy,2012,3522401.0,1150236.1,planted,3.062328681911479,0.116579646,12,"months [1, 2, 3, 4, 5, 6, 7, 8, 9, 10, 11, 12] (Sacks et al.)"
BD.ADM2.00012,rice_paddy,2013,3554439.0,1132975.1,planted,3.1372613572884345,0.13528117491666666,12,"months [1, 2, 3, 4, 5, 6, 7, 8, 9, 10, 11, 12] (Sacks et al.)"
BD.ADM2.00012,rice_paddy,2014,3624975.0,1124481.9,planted,3.223684614221003,0.11929173533333333,12,"months [1, 2, 3, 4, 5, 6, 7, 8, 9, 10, 11, 12] (Sacks et al.)"
BD.ADM2.00012,rice_paddy,2015,3718303.0,1114968.9,planted,3.334893914978257,0.12091359624999999,12,"months [1, 2, 3, 4, 5, 6, 7, 8, 9, 10, 11, 12] (Sacks et al.)"
BD.ADM2.00012,rice_paddy,2016,3781012.0,1135472.0,planted,3.3299033353530514,0.13149514725,12,"months [1, 2, 3, 4, 5, 6, 7, 8, 9, 10, 11, 12] (Sacks et al.)"
BD.ADM2.00013,rice_paddy,2001,987340.0,467444.99999999994,planted,2.1122057140412243,0.09012144141666667,12,"months [1, 2, 3, 4, 5, 6, 7, 8, 9, 10, 11, 12] (Sacks et al.)"
BD.ADM2.00013,rice_paddy,2002,982080.0,476246.80000000005,planted,2.0621240919624024,0.08300992841666667,12,"months [1, 2, 3, 4, 5, 6, 7, 8, 9, 10, 11, 12] (Sacks et al.)"
BD.ADM2.00013,rice_paddy,2003,1047520.0,486598.8,planted,2.1527385599800084,0.08996177383333333,12,"months [1, 2, 3, 4, 5, 6, 7, 8, 9, 10, 11, 12] (Sacks et al.)"
BD.ADM2.00013,rice_paddy,2004,984280.0,472447.0,planted,2.08336596485955,0.08441846466666668,12,"months [1, 2, 3, 4, 5, 6, 7, 8, 9, 10, 11, 12] (Sacks et al.)"
BD.ADM2.00013,rice_paddy,2005,822006.0,439575.5,planted,1.8699995791394197,0.09546262908333335,12,"months [1, 2, 3, 4, 5, 6, 7, 8, 9, 10, 11, 12] (Sacks et al.)"
BD.ADM2.00013,rice_paddy,2006,916502.0,439902.1,planted,2.083422652449261,0.09966492008333333,12,"months [1, 2, 3, 4, 5, 6, 7, 8, 9, 10, 11, 12] (Sacks et al.)"
BD.ADM2.00013,rice_paddy,2007,917244.0,413729.19999999995,planted,2.217015381075351,0.08857033525,12,"months [1, 2, 3, 4, 5, 6, 7, 8, 9, 10, 11, 12] (Sacks et al.)"
BD.ADM2.00013,rice_paddy,2008,892689.0,407935.89999999997,planted,2.188307035492586,0.09518644991666665,12,"months [1, 2, 3, 4, 5, 6, 7, 8, 9, 10, 11, 12] (Sacks et al.)"
BD.ADM2.00013,rice_paddy,2009,982423.0,426823.39999999997,planted,2.301708388059324,0.09352304316666667,12,"months [1, 2, 3, 4, 5, 6, 7, 8, 9, 10, 11, 12] (Sacks et al.)"
BD.ADM2.00013,rice_paddy,2010,1085376.0,466776.9,planted,2.3252564554929775,0.09759412741666666,12,"months [1, 2, 3, 4, 5, 6, 7, 8, 9, 10, 11, 12] (Sacks et al.)"
BD.ADM2.00013,rice_paddy,2011,1180628.0,494475.3,planted,2.38763796695204,0.0910289935,12,"months [1, 2, 3, 4, 5, 6, 7, 8, 9, 10, 11, 12] (Sacks et al.)"
BD.ADM2.00013,rice_paddy,2012,1219896.0,498058.30000000005,planted,2.4493036257000433,0.09498815758333334,12,"months [1, 2, 3, 4, 5, 6, 7, 8, 9, 10, 11, 12] (Sacks et al.)"
BD.ADM2.00013,rice_paddy,2013,1264269.0,499290.6,planted,2.5321305868766606,0.09558389708333333,12,"months [1, 2, 3, 4, 5, 6, 7, 8, 9, 10, 11, 12] (Sacks et al.)"
BD.ADM2.00013,rice_paddy,2014,1301186.0,502344.30000000005,planted,2.5902274595332324,0.097895836,12,"months [1, 2, 3, 4, 5, 6, 7, 8, 9, 10, 11, 12] (Sacks et al.)"
BD.ADM2.00013,rice_paddy,2015,1289683.0,491624.3,planted,2.6233101170955138,0.09713219475,12,"months [1, 2, 3, 4, 5, 6, 7, 8, 9, 10, 11, 12] (Sacks et al.)"
BD.ADM2.00013,rice_paddy,2016,1239064.0,474937.0,planted,2.60890181224036,0.10458718941666667,12,"months [1, 2, 3, 4, 5, 6, 7, 8, 9, 10, 11, 12] (Sacks et al.)"
BD.ADM2.00014,rice_paddy,2001,916280.0,363460.8,planted,2.520987132587613,0.10551598083333334,12,"months [1, 2, 3, 4, 5, 6, 7, 8, 9, 10, 11, 12] (Sacks et al.)"
BD.ADM2.00014,rice_paddy,2002,845590.0,359215.80000000005,planted,2.353988883562471,0.09869064158333334,12,"months [1, 2, 3, 4, 5, 6, 7, 8, 9, 10, 11, 12] (Sacks et al.)"
BD.ADM2.00014,rice_paddy,2003,890590.0,371145.9,planted,2.3995684715902827,0.09861381566666666,12,"months [1, 2, 3, 4, 5, 6, 7, 8, 9, 10, 11, 12] (Sacks et al.)"
BD.ADM2.00014,rice_paddy,2004,936600.0,377592.6,planted,2.480451152909247,0.08531830916666666,12,"months [1, 2, 3, 4, 5, 6, 7, 8, 9, 10, 11, 12] (Sacks et al.)"
BD.ADM2.00014,rice_paddy,2005,959393.0,365721.0,planted,2.623292072372109,0.10017858491666666,12,"months [1, 2, 3, 4, 5, 6, 7, 8, 9, 10, 11, 12] (Sacks et al.)"
BD.ADM2.00014,rice_paddy,2006,984340.0,364522.80000000005,planted,2.700352351073787,0.11067874308333332,12,"months [1, 2, 3, 4, 5, 6, 7, 8, 9, 10, 11, 12] (Sacks et al.)"
BD.ADM2.00014,rice_paddy,2007,1078474.0,380150.2,planted,2.836968124704393,0.08740109325,12,"months [1, 2, 3, 4, 5, 6, 7, 8, 9, 10, 11, 12] (Sacks et al.)"
BD.ADM2.00014,rice_paddy,2008,1098041.0,345270.19999999995,planted,3.180236811633324,0.0980830615,12,"months [1, 2, 3, 4, 5, 6, 7, 8, 9, 10, 11, 12] (Sacks et al.)"
BD.ADM2.00014,rice_paddy,2009,1152815.0,385994.3,planted,2.9866114603246734,0.10746974066666666,12,"months [1, 2, 3, 4, 5, 6, 7, 8, 9, 10, 11, 12] (Sacks et al.)"
BD.ADM2.00014,rice_paddy,2010,1141401.0,401348.8,planted,2.8439128259508935,0.10970718291666666,12,"months [1, 2, 3, 4, 5, 6, 7, 8, 9, 10, 11, 12] (Sacks et al.)"
BD.ADM2.00014,rice_paddy,2011,1195236.0,403961.2,planted,2.9587891114295135,0.10837027241666668,12,"months [1, 2, 3, 4, 5, 6, 7, 8, 9, 10, 11, 12] (Sacks et al.)"
BD.ADM2.00014,rice_paddy,2012,1259117.0,397747.2,planted,3.1656212790435734,0.10482285058333334,12,"months [1, 2, 3, 4, 5, 6, 7, 8, 9, 10, 11, 12] (Sacks et al.)"
BD.ADM2.00014,rice_paddy,2013,1366335.0,432980.3,planted,3.1556516543593323,0.11914091008333333,12,"months [1, 2, 3, 4, 5, 6, 7, 8, 9, 10, 11, 12] (Sacks et al.)"
BD.ADM2.00014,rice_paddy,2014,1766569.0,545399.3,planted,3.239037893888019,0.11475964883333334,12,"months [1, 2, 3, 4, 5, 6, 7, 8, 9, 10, 11, 12] (Sacks et al.)"
BD.ADM2.00014,rice_paddy,2015,1327847.0,393133.69999999995,planted,3.377596476720261,0.1134237455,12,"months [1, 2, 3, 4, 5, 6, 7, 8, 9, 10, 11, 12] (Sacks et al.)"
BD.ADM2.00014,rice_paddy,2016,1296987.0,404380.0,planted,3.207347049804639,0.12369940816666668,12,"months [1, 2, 3, 4, 5, 6, 7, 8, 9, 10, 11, 12] (Sacks et al.)"
BD.ADM2.00015,rice_paddy,2001,739220.0,452358.30000000005,planted,1.634147090923279,0.06707328375,12,"months [1, 2, 3, 4, 5, 6, 7, 8, 9, 10, 11, 12] (Sacks et al.)"
BD.ADM2.00015,rice_paddy,2002,664400.0,429234.5,planted,1.547871850934629,0.06199710875,12,"months [1, 2, 3, 4, 5, 6, 7, 8, 9, 10, 11, 12] (Sacks et al.)"
BD.ADM2.00015,rice_paddy,2003,630140.0,423293.69999999995,planted,1.488659056347874,0.06764814266666667,12,"months [1, 2, 3, 4, 5, 6, 7, 8, 9, 10, 11, 12] (Sacks et al.)"
BD.ADM2.00015,rice_paddy,2004,694980.0,458007.7,planted,1.5173980699451122,0.06329342466666667,12,"months [1, 2, 3, 4, 5, 6, 7, 8, 9, 10, 11, 12] (Sacks et al.)"
BD.ADM2.00015,rice_paddy,2005,711353.0,457275.3,planted,1.5556339911646224,0.07699582641666666,12,"months [1, 2, 3, 4, 5, 6, 7, 8, 9, 10, 11, 12] (Sacks et al.)"
BD.ADM2.00015,rice_paddy,2006,685972.0,421470.6,planted,1.6275678540804508,0.07795108516666667,12,"months [1, 2, 3, 4, 5, 6, 7, 8, 9, 10, 11, 12] (Sacks et al.)"
BD.ADM2.00015,rice_paddy,2007,757833.0,467975.10000000003,planted,1.619387441767735,0.07111544541666666,12,"months [1, 2, 3, 4, 5, 6, 7, 8, 9, 10, 11, 12] (Sacks et al.)"
BD.ADM2.00015,rice_paddy,2008,735737.0,510985.30000000005,planted,1.4398398544928785,0.07253381966666667,12,"months [1, 2, 3, 4, 5, 6, 7, 8, 9, 10, 11, 12] (Sacks et al.)"
BD.ADM2.00015,rice_paddy,2009,956104.0,553911.6,planted,1.7260949220056052,0.07509262825,12,"months [1, 2, 3, 4, 5, 6, 7, 8, 9, 10, 11, 12] (Sacks et al.)"
BD.ADM2.00015,rice_paddy,2010,1002756.0,561921.0,planted,1.7845141932762791,0.079252925,12,"months [1, 2, 3, 4, 5, 6, 7, 8, 9, 10, 11, 12] (Sacks et al.)"
BD.ADM2.00015,rice_paddy,2011,1111424.0,571432.9,planted,1.9449772667972038,0.070335258,12,"months [1, 2, 3, 4, 5, 6, 7, 8, 9, 10, 11, 12] (Sacks et al.)"
BD.ADM2.00015,rice_paddy,2012,1123408.0,568654.9,planted,1.9755531870032246,0.07551138741666667,12,"months [1, 2, 3, 4, 5, 6, 7, 8, 9, 10, 11, 12] (Sacks et al.)"
BD.ADM2.00015,rice_paddy,2013,1018050.0,512128.10000000003,planted,1.9878815476049838,0.07327347708333333,12,"months [1, 2, 3, 4, 5, 6, 7, 8, 9, 10, 11, 12] (Sacks et al.)"
BD.ADM2.00015,rice_paddy,2014,766481.0,353499.1,planted,2.168268603795597,0.08159885333333333,12,"months [1, 2, 3, 4, 5, 6, 7, 8, 9, 10, 11, 12] (Sacks et al.)"
BD.ADM2.00015,rice_paddy,2015,1087141.0,567293.7,planted,1.9163636049545414,0.07912912475,12,"months [1, 2, 3, 4, 5, 6, 7, 8, 9, 10, 11, 12] (Sacks et al.)"
BD.ADM2.00015,rice_paddy,2016,1156975.0,560480.0,planted,2.064257422209535,0.07595684641666667,12,"months [1, 2, 3, 4, 5, 6, 7, 8, 9, 10, 11, 12] (Sacks et al.)"
BD.ADM2.00016,rice_paddy,2001,2013810.0,780498.2,planted,2.5801596979980226,0.10625184891666667,12,"months [1, 2, 3, 4, 5, 6, 7, 8, 9, 10, 11, 12] (Sacks et al.)"
BD.ADM2.00016,rice_paddy,2002,1951540.0,772615.0,planted,2.5258893498055306,0.10292718199999999,12,"months [1, 2, 3, 4, 5, 6, 7, 8, 9, 10, 11, 12] (Sacks et al.)"
BD.ADM2.00016,rice_paddy,2003,2058810.0,795091.2,planted,2.589401064934438,0.10258915149999999,12,"months [1, 2, 3, 4, 5, 6, 7, 8, 9, 10, 11, 12] (Sacks et al.)"
BD.ADM2.00016,rice_paddy,2004,2117200.0,807887.3999999999,planted,2.6206622358511846,0.09865483608333332,12,"months [1, 2, 3, 4, 5, 6, 7, 8, 9, 10, 11, 12] (Sacks et al.)"
BD.ADM2.00016,rice_paddy,2005,2206311.0,800735.3,planted,2.755356233202158,0.10726901883333333,12,"months [1, 2, 3, 4, 5, 6, 7, 8, 9, 10, 11, 12] (Sacks et al.)"
BD.ADM2.00016,rice_paddy,2006,2342877.0,825793.1,planted,2.837123487711389,0.11460133858333332,12,"months [1, 2, 3, 4, 5, 6, 7, 8, 9, 10, 11, 12] (Sacks et al.)"
BD.ADM2.00016,rice_paddy,2007,2401167.0,829739.7000000001,planted,2.8938798517173514,0.10226874133333334,12,"months [1, 2, 3, 4, 5, 6, 7, 8, 9, 10, 11, 12] (Sacks et al.)"
BD.ADM2.00016,rice_paddy,2008,2780491.0,869660.6,planted,3.1972139476020875,0.10687386724999999,12,"months [1, 2, 3, 4, 5, 6, 7, 8, 9, 10, 11, 12] (Sacks et al.)"
BD.ADM2.00016,rice_paddy,2009,2818555.0,903494.0,planted,3.119616732374537,0.1128333355,12,"months [1, 2, 3, 4, 5, 6, 7, 8, 9, 10, 11, 12] (Sacks et al.)"
BD.ADM2.00016,rice_paddy,2010,2684388.0,874358.9,planted,3.070121434115899,0.11692513275000001,12,"months [1, 2, 3, 4, 5, 6, 7, 8, 9, 10, 11, 12] (Sacks et al.)"
BD.ADM2.00016,rice_paddy,2011,2870356.0,913591.8,planted,3.141836430668489,0.11081786008333333,12,"months [1, 2, 3, 4, 5, 6, 7, 8, 9, 10, 11, 12] (Sacks et al.)"
BD.ADM2.00016,rice_paddy,2012,2939099.0,937014.7,planted,3.136662637203024,0.11959798883333334,12,"months [1, 2, 3, 4, 5, 6, 7, 8, 9, 10, 11, 12] (Sacks et al.)"
BD.ADM2.00016,rice_paddy,2013,2720292.0,821789.1000000001,planted,3.310206961859192,0.11863893633333333,12,"months [1, 2, 3, 4, 5, 6, 7, 8, 9, 10, 11, 12] (Sacks et al.)"
BD.ADM2.00016,rice_paddy,2014,3051354.0,933592.7,planted,3.2683995922418845,0.12299469416666665,12,"months [1, 2, 3, 4, 5, 6, 7, 8, 9, 10, 11, 12] (Sacks et al.)"
BD.ADM2.00016,rice_paddy,2015,2875869.0,861592.6,planted,3.3378524838769508,0.11581015483333333,12,"months [1, 2, 3, 4, 5, 6, 7, 8, 9, 10, 11, 12] (Sacks et al.)"
BD.ADM2.00016,rice_paddy,2016,3031778.0,926545.0,planted,3.2721324922157047,0.13005744858333332,12,"months [1, 2, 3, 4, 5, 6, 7, 8, 9, 10, 11, 12] (Sacks et al.)"
BD.ADM2.00017,rice_paddy,2001,2337590.0,940652.8,planted,2.4850720690992465,0.11192377191666668,12,"months [1, 2, 3, 4, 5, 6, 7, 8, 9, 10, 11, 12] (Sacks et al.)"
BD.ADM2.00017,rice_paddy,2002,2057090.0,916877.5,planted,2.24358215792186,0.10719216599999999,12,"months [1, 2, 3, 4, 5, 6, 7, 8, 9, 10, 11, 12] (Sacks et al.)"
BD.ADM2.00017,rice_paddy,2003,2221650.0,937945.5,planted,2.3686344249212774,0.10804154241666668,12,"months [1, 2, 3, 4, 5, 6, 7, 8, 9, 10, 11, 12] (Sacks et al.)"
BD.ADM2.00017,rice_paddy,2004,2369250.0,926254.0,planted,2.5578836906507285,0.09780471383333333,12,"months [1, 2, 3, 4, 5, 6, 7, 8, 9, 10, 11, 12] (Sacks et al.)"
BD.ADM2.00017,rice_paddy,2005,2293937.0,926379.5,planted,2.4762389495881547,0.10471402066666667,12,"months [1, 2, 3, 4, 5, 6, 7, 8, 9, 10, 11, 12] (Sacks et al.)"
BD.ADM2.00017,rice_paddy,2006,2409154.0,920112.8999999999,planted,2.6183243382415355,0.12046369216666668,12,"months [1, 2, 3, 4, 5, 6, 7, 8, 9, 10, 11, 12] (Sacks et al.)"
BD.ADM2.00017,rice_paddy,2007,2784492.0,962269.1,planted,2.8936728821490787,0.10117583266666667,12,"months [1, 2, 3, 4, 5, 6, 7, 8, 9, 10, 11, 12] (Sacks et al.)"
BD.ADM2.00017,rice_paddy,2008,2699785.0,949359.6000000001,planted,2.8437959651959064,0.1043391265,12,"months [1, 2, 3, 4, 5, 6, 7, 8, 9, 10, 11, 12] (Sacks et al.)"
BD.ADM2.00017,rice_paddy,2009,3005571.0,986854.2,planted,3.0456079530289277,0.10791222433333332,12,"months [1, 2, 3, 4, 5, 6, 7, 8, 9, 10, 11, 12] (Sacks et al.)"
BD.ADM2.00017,rice_paddy,2010,3075725.0,1010976.2999999999,planted,3.04233145722605,0.11147280275,12,"months [1, 2, 3, 4, 5, 6, 7, 8, 9, 10, 11, 12] (Sacks et al.)"
BD.ADM2.00017,rice_paddy,2011,3173321.0,1012949.1000000001,planted,3.132754646803082,0.11314517491666666,12,"months [1, 2, 3, 4, 5, 6, 7, 8, 9, 10, 11, 12] (Sacks et al.)"
BD.ADM2.00017,rice_paddy,2012,3255871.0,1029932.5,planted,3.161246974923114,0.10510892566666667,12,"months [1, 2, 3, 4, 5, 6, 7, 8, 9, 10, 11, 12] (Sacks et al.)"
BD.ADM2.00017,rice_paddy,2013,3398383.0,1042183.3999999999,planted,3.2608300995774835,0.12293858025,12,"months [1, 2, 3, 4, 5, 6, 7, 8, 9, 10, 11, 12] (Sacks et al.)"
BD.ADM2.00017,rice_paddy,2014,3472671.0,1054495.6,planted,3.2932057753488966,0.11695802591666667,12,"months [1, 2, 3, 4, 5, 6, 7, 8, 9, 10, 11, 12] (Sacks et al.)"
BD.ADM2.00017,rice_paddy,2015,3588725.0,1067185.9000000001,planted,3.3627927430450493,0.11063596358333333,12,"months [1, 2, 3, 4, 5, 6, 7, 8, 9, 10, 11, 12] (Sacks et al.)"
BD.ADM2.00017,rice_paddy,2016,3556141.0,1065944.0,planted,3.336142423992255,0.12312746066666667,12,"months [1, 2, 3, 4, 5, 6, 7, 8, 9, 10, 11, 12] (Sacks et al.)"
BD.ADM2.00018,rice_paddy,2001,1846170.0,885821.9,planted,2.084132261801159,0.11531834225,12,"months [1, 2, 3, 4, 5, 6, 7, 8, 9, 10, 11, 12] (Sacks et al.)"
BD.ADM2.00018,rice_paddy,2002,1843580.0,863539.7,planted,2.1349105316177126,0.11205660958333334,12,"months [1, 2, 3, 4, 5, 6, 7, 8, 9, 10, 11, 12] (Sacks et al.)"
BD.ADM2.00018,rice_paddy,2003,1890720.0,873406.1000000001,planted,2.1647661952441135,0.11222745691666668,12,"months [1, 2, 3, 4, 5, 6, 7, 8, 9, 10, 11, 12] (Sacks et al.)"
BD.ADM2.00018,rice_paddy,2004,1821420.0,835697.4,planted,2.1795209605773573,0.09127893391666668,12,"months [1, 2, 3, 4, 5, 6, 7, 8, 9, 10, 11, 12] (Sacks et al.)"
BD.ADM2.00018,rice_paddy,2005,1758555.0,796257.0,planted,2.2085268952109685,0.11149906958333333,12,"months [1, 2, 3, 4, 5, 6, 7, 8, 9, 10, 11, 12] (Sacks et al.)"
BD.ADM2.00018,rice_paddy,2006,1950753.0,853423.5,planted,2.2857971452625807,0.12026300775,12,"months [1, 2, 3, 4, 5, 6, 7, 8, 9, 10, 11, 12] (Sacks et al.)"
BD.ADM2.00018,rice_paddy,2007,1866580.0,841994.3,planted,2.2168558623259087,0.09826804483333333,12,"months [1, 2, 3, 4, 5, 6, 7, 8, 9, 10, 11, 12] (Sacks et al.)"
BD.ADM2.00018,rice_paddy,2008,2005273.0,798520.9,planted,2.511234208146587,0.1197160795,12,"months [1, 2, 3, 4, 5, 6, 7, 8, 9, 10, 11, 12] (Sacks et al.)"
BD.ADM2.00018,rice_paddy,2009,2204696.0,874659.1000000001,planted,2.5206346106728894,0.11851064966666668,12,"months [1, 2, 3, 4, 5, 6, 7, 8, 9, 10, 11, 12] (Sacks et al.)"
BD.ADM2.00018,rice_paddy,2010,2299873.0,798842.2999999999,planted,2.8790075337773176,0.10128678183333334,12,"months [1, 2, 3, 4, 5, 6, 7, 8, 9, 10, 11, 12] (Sacks et al.)"
BD.ADM2.00018,rice_paddy,2011,2423558.0,855097.5,planted,2.8342475565651872,0.11793964016666665,12,"months [1, 2, 3, 4, 5, 6, 7, 8, 9, 10, 11, 12] (Sacks et al.)"
BD.ADM2.00018,rice_paddy,2012,2480335.0,873301.1000000002,planted,2.8401830708789895,0.106394842,12,"months [1, 2, 3, 4, 5, 6, 7, 8, 9, 10, 11, 12] (Sacks et al.)"
BD.ADM2.00018,rice_paddy,2013,2493688.0,903821.4,planted,2.759049520181753,0.12293529416666667,12,"months [1, 2, 3, 4, 5, 6, 7, 8, 9, 10, 11, 12] (Sacks et al.)"
BD.ADM2.00018,rice_paddy,2014,2541125.0,886814.2,planted,2.865453665491599,0.12312020416666668,12,"months [1, 2, 3, 4, 5, 6, 7, 8, 9, 10, 11, 12] (Sacks et al.)"
BD.ADM2.00018,rice_paddy,2015,2558918.0,902938.4000000001,planted,2.8339895611926567,0.11123151283333334,12,"months [1, 2, 3, 4, 5, 6, 7, 8, 9, 10, 11, 12] (Sacks et al.)"
BD.ADM2.00018,rice_paddy,2016,2633345.0,923200.0,planted,2.8524100953206237,0.1212736295,12,"months [1, 2, 3, 4, 5, 6, 7, 8, 9, 10, 11, 12] (Sacks et al.)"
BD.ADM2.00019,rice_paddy,2001,721590.0,312684.8,planted,2.307723304746505,0.12349118083333334,12,"months [1, 2, 3, 4, 5, 6, 7, 8, 9, 10, 11, 12] (Sacks et al.)"
BD.ADM2.00019,rice_paddy,2002,754740.0,306537.80000000005,planted,2.4621433310997856,0.126066962,12,"months [1, 2, 3, 4, 5, 6, 7, 8, 9, 10, 11, 12] (Sacks et al.)"
BD.ADM2.00019,rice_paddy,2003,814250.0,312191.2,planted,2.6081772964772867,0.12381851508333334,12,"months [1, 2, 3, 4, 5, 6, 7, 8, 9, 10, 11, 12] (Sacks et al.)"
BD.ADM2.00019,rice_paddy,2004,813750.0,313814.0,planted,2.593096547636498,0.11100398841666666,12,"months [1, 2, 3, 4, 5, 6, 7, 8, 9, 10, 11, 12] (Sacks et al.)"
BD.ADM2.00019,rice_paddy,2005,758378.0,284280.8,planted,2.6677074216760333,0.12604139433333333,12,"months [1, 2, 3, 4, 5, 6, 7, 8, 9, 10, 11, 12] (Sacks et al.)"
BD.ADM2.00019,rice_paddy,2006,790821.0,289138.2,planted,2.7350969190511663,0.13610467466666668,12,"months [1, 2, 3, 4, 5, 6, 7, 8, 9, 10, 11, 12] (Sacks et al.)"
BD.ADM2.00019,rice_paddy,2007,841564.0,287891.80000000005,planted,2.923195450513005,0.1142150145,12,"months [1, 2, 3, 4, 5, 6, 7, 8, 9, 10, 11, 12] (Sacks et al.)"
BD.ADM2.00019,rice_paddy,2008,844216.0,262311.6,planted,3.2183708230974157,0.12436742075,12,"months [1, 2, 3, 4, 5, 6, 7, 8, 9, 10, 11, 12] (Sacks et al.)"
BD.ADM2.00019,rice_paddy,2009,871162.0,294368.4,planted,2.9594277103112967,0.128637915,12,"months [1, 2, 3, 4, 5, 6, 7, 8, 9, 10, 11, 12] (Sacks et al.)"
BD.ADM2.00019,rice_paddy,2010,896781.0,301471.4,planted,2.9746801852514033,0.12938936883333332,12,"months [1, 2, 3, 4, 5, 6, 7, 8, 9, 10, 11, 12] (Sacks et al.)"
BD.ADM2.00019,rice_paddy,2011,939518.0,308402.9,planted,3.046398072132266,0.12144952616666667,12,"months [1, 2, 3, 4, 5, 6, 7, 8, 9, 10, 11, 12] (Sacks et al.)"
BD.ADM2.00019,rice_paddy,2012,926503.0,307223.2,planted,3.0157325358241174,0.12072616400000001,12,"months [1, 2, 3, 4, 5, 6, 7, 8, 9, 10, 11, 12] (Sacks et al.)"
BD.ADM2.00019,rice_paddy,2013,900572.0,294277.7,planted,3.0602794571250214,0.13885008241666666,12,"months [1, 2, 3, 4, 5, 6, 7, 8, 9, 10, 11, 12] (Sacks et al.)"
BD.ADM2.00019,rice_paddy,2014,943755.0,296192.3,planted,3.1862914734785477,0.12513784783333334,12,"months [1, 2, 3, 4, 5, 6, 7, 8, 9, 10, 11, 12] (Sacks et al.)"
BD.ADM2.00019,rice_paddy,2015,993532.0,293709.5,planted,3.3827029769210735,0.12215848325,12,"months [1, 2, 3, 4, 5, 6, 7, 8, 9, 10, 11, 12] (Sacks et al.)"
BD.ADM2.00019,rice_paddy,2016,1004613.0,295943.0,planted,3.3946165308860152,0.12785432058333332,12,"months [1, 2, 3, 4, 5, 6, 7, 8, 9, 10, 11, 12] (Sacks et al.)"
BD.ADM2.00086,rice_paddy,2001,48000.0,23358.5,planted,2.054926472162168,0.26567082166666667,12,"months [1, 2, 3, 4, 5, 6, 7, 8, 9, 10, 11, 12] (Sacks et al.)"
BD.ADM2.00086,rice_paddy,2002,43060.0,20278.9,planted,2.123389335713475,0.26052371583333334,12,"months [1, 2, 3, 4, 5, 6, 7, 8, 9, 10, 11, 12] (Sacks et al.)"
BD.ADM2.00086,rice_paddy,2003,42420.0,20319.3,planted,2.0876703429744135,0.2708257158333333,12,"months [1, 2, 3, 4, 5, 6, 7, 8, 9, 10, 11, 12] (Sacks et al.)"
BD.ADM2.00086,rice_paddy,2004,41850.0,18069.300000000003,planted,2.316083080141455,0.2594375758333333,12,"months [1, 2, 3, 4, 5, 6, 7, 8, 9, 10, 11, 12] (Sacks et al.)"
BD.ADM2.00086,rice_paddy,2005,41036.0,19675.399999999998,planted,2.0856501011415274,0.2579680183333333,12,"months [1, 2, 3, 4, 5, 6, 7, 8, 9, 10, 11, 12] (Sacks et al.)"
BD.ADM2.00086,rice_paddy,2006,31912.0,15461.399999999998,planted,2.063978682396161,0.261044075,12,"months [1, 2, 3, 4, 5, 6, 7, 8, 9, 10, 11, 12] (Sacks et al.)"
BD.ADM2.00086,rice_paddy,2007,38145.0,16978.6,planted,2.2466516673930714,0.25957055166666665,12,"months [1, 2, 3, 4, 5, 6, 7, 8, 9, 10, 11, 12] (Sacks et al.)"
BD.ADM2.00086,rice_paddy,2008,46140.0,19686.0,planted,2.3437976226760133,0.255693065,12,"months [1, 2, 3, 4, 5, 6, 7, 8, 9, 10, 11, 12] (Sacks et al.)"
BD.ADM2.00086,rice_paddy,2009,50490.0,20910.5,planted,2.4145764089811337,0.2379417375,12,"months [1, 2, 3, 4, 5, 6, 7, 8, 9, 10, 11, 12] (Sacks et al.)"
BD.ADM2.00086,rice_paddy,2010,44223.0,19215.3,planted,2.301447284195407,0.2524673783333333,12,"months [1, 2, 3, 4, 5, 6, 7, 8, 9, 10, 11, 12] (Sacks et al.)"
BD.ADM2.00086,rice_paddy,2011,41896.0,19181.8,planted,2.1841537290556676,0.2461713475,12,"months [1, 2, 3, 4, 5, 6, 7, 8, 9, 10, 11, 12] (Sacks et al.)"
BD.ADM2.00086,rice_paddy,2012,48408.0,19730.899999999998,planted,2.4534106401633986,0.24281286,12,"months [1, 2, 3, 4, 5, 6, 7, 8, 9, 10, 11, 12] (Sacks et al.)"
BD.ADM2.00086,rice_paddy,2013,45738.0,19116.199999999997,planted,2.3926303344807027,0.25160304966666663,12,"months [1, 2, 3, 4, 5, 6, 7, 8, 9, 10, 11, 12] (Sacks et al.)"
BD.ADM2.00086,rice_paddy,2014,48595.0,19983.4,planted,2.4317683677452284,0.2502874916666667,12,"months [1, 2, 3, 4, 5, 6, 7, 8, 9, 10, 11, 12] (Sacks et al.)"
BD.ADM2.00086,rice_paddy,2015,52449.0,21563.699999999997,planted,2.4322820295218355,0.22488162166666667,12,"months [1, 2, 3, 4, 5, 6, 7, 8, 9, 10, 11, 12] (Sacks et al.)"
BD.ADM2.00086,rice_paddy,2016,55193.0,22569.0,planted,2.445522619522354,0.25045477833333335,12,"months [1, 2, 3, 4, 5, 6, 7, 8, 9, 10, 11, 12] (Sacks et al.)"
BD.ADM2.00006,soybean_unspecified,2008,11.0,7.7,planted,1.4285714285714286,0.10011768166666667,6,"months [1, 2, 3, 4, 5, 12] (researched, unverified)"
BD.ADM2.00006,soybean_unspecified,2009,14.0,8.9,planted,1.5730337078651684,0.0925611295,6,"months [1, 2, 3, 4, 5, 12] (researched, unverified)"
BD.ADM2.00006,soybean_unspecified,2010,3.0,3.2,planted,0.9375,0.09023463183333334,6,"months [1, 2, 3, 4, 5, 12] (researched, unverified)"
BD.ADM2.00006,soybean_unspecified,2011,3.0,3.2,planted,0.9375,0.09584317999999999,6,"months [1, 2, 3, 4, 5, 12] (researched, unverified)"
BD.ADM2.00006,soybean_unspecified,2012,3.0,2.8,planted,1.0714285714285714,0.0909567215,6,"months [1, 2, 3, 4, 5, 12] (researched, unverified)"
BD.ADM2.00006,soybean_unspecified,2013,2.0,1.2,planted,1.6666666666666667,0.0899064915,6,"months [1, 2, 3, 4, 5, 12] (researched, unverified)"
BD.ADM2.00009,soybean_unspecified,2009,6.0,4.0,planted,1.5,0.06970871466666666,6,"months [1, 2, 3, 4, 5, 12] (researched, unverified)"
BD.ADM2.00009,soybean_unspecified,2010,5.0,3.6,planted,1.3888888888888888,0.066848436,6,"months [1, 2, 3, 4, 5, 12] (researched, unverified)"
BD.ADM2.00009,soybean_unspecified,2011,4.0,2.4,planted,1.6666666666666667,0.0700926115,6,"months [1, 2, 3, 4, 5, 12] (researched, unverified)"
BD.ADM2.00017,soybean_unspecified,2014,43.0,15.4,planted,2.792207792207792,0.094341941,6,"months [1, 2, 3, 4, 5, 12] (researched, unverified)"
BD.ADM2.00017,soybean_unspecified,2015,13.0,5.3,planted,2.452830188679245,0.09033499699999999,6,"months [1, 2, 3, 4, 5, 12] (researched, unverified)"
BD.ADM2.00017,soybean_unspecified,2016,14.0,8.9,planted,1.5730337078651684,0.08934210633333334,6,"months [1, 2, 3, 4, 5, 12] (researched, unverified)"
BD.ADM2.00001,wheat_grain,2001,20720.0,11294.8,planted,1.8344725006197544,0.107863418,6,"months [1, 2, 3, 4, 11, 12] (Sacks et al.)"
BD.ADM2.00001,wheat_grain,2002,11540.0,6940.4,planted,1.6627283730044378,0.11217015716666667,6,"months [1, 2, 3, 4, 11, 12] (Sacks et al.)"
BD.ADM2.00001,wheat_grain,2003,11500.0,6276.7,planted,1.8321729571271528,0.1132780755,6,"months [1, 2, 3, 4, 11, 12] (Sacks et al.)"
BD.ADM2.00001,wheat_grain,2004,1593.0,868.4000000000001,planted,1.8344081068631966,0.10474324950000001,6,"months [1, 2, 3, 4, 11, 12] (Sacks et al.)"
BD.ADM2.00001,wheat_grain,2005,1448.0,923.9,planted,1.567269184976729,0.12714499316666666,6,"months [1, 2, 3, 4, 11, 12] (Sacks et al.)"
BD.ADM2.00001,wheat_grain,2006,776.0,497.8,planted,1.5588589795098433,0.11761367333333334,6,"months [1, 2, 3, 4, 11, 12] (Sacks et al.)"
BD.ADM2.00001,wheat_grain,2007,867.0,548.3,planted,1.5812511398869233,0.10436154116666667,6,"months [1, 2, 3, 4, 11, 12] (Sacks et al.)"
BD.ADM2.00001,wheat_grain,2008,1344.0,724.3000000000001,planted,1.8555847024713514,0.107153807,6,"months [1, 2, 3, 4, 11, 12] (Sacks et al.)"
BD.ADM2.00001,wheat_grain,2009,1505.0,821.9000000000001,planted,1.831123007665166,0.10483809833333334,6,"months [1, 2, 3, 4, 11, 12] (Sacks et al.)"
BD.ADM2.00001,wheat_grain,2010,1361.0,800.8999999999999,planted,1.6993382444749658,0.10217405083333332,6,"months [1, 2, 3, 4, 11, 12] (Sacks et al.)"
BD.ADM2.00001,wheat_grain,2011,1225.0,804.5,planted,1.5226848974518334,0.10618163283333333,6,"months [1, 2, 3, 4, 11, 12] (Sacks et al.)"
BD.ADM2.00001,wheat_grain,2012,1498.0,832.9,planted,1.7985352383239286,0.10629682933333333,6,"months [1, 2, 3, 4, 11, 12] (Sacks et al.)"
BD.ADM2.00001,wheat_grain,2013,1671.0,968.8,planted,1.7248142031379026,0.11795740016666667,6,"months [1, 2, 3, 4, 11, 12] (Sacks et al.)"
BD.ADM2.00001,wheat_grain,2014,2245.0,1152.9,planted,1.9472634226732586,0.11602551316666666,6,"months [1, 2, 3, 4, 11, 12] (Sacks et al.)"
BD.ADM2.00001,wheat_grain,2015,3579.0,1617.6,planted,2.2125370919881306,0.11596180666666667,6,"months [1, 2, 3, 4, 11, 12] (Sacks et al.)"
BD.ADM2.00001,wheat_grain,2016,5158.0,2168.0,planted,2.379151291512915,0.11459625000000001,6,"months [1, 2, 3, 4, 11, 12] (Sacks et al.)"
BD.ADM2.00005,wheat_grain,2001,88750.0,47048.8,planted,1.8863392902688272,0.09035960833333333,6,"months [1, 2, 3, 4, 11, 12] (Sacks et al.)"
BD.ADM2.00005,wheat_grain,2002,78880.0,44564.1,planted,1.7700346242827747,0.09888414266666666,6,"months [1, 2, 3, 4, 11, 12] (Sacks et al.)"
BD.ADM2.00005,wheat_grain,2003,86620.0,47793.4,planted,1.8123841367218068,0.09184159316666667,6,"months [1, 2, 3, 4, 11, 12] (Sacks et al.)"
BD.ADM2.00005,wheat_grain,2004,67180.0,35843.100000000006,planted,1.8742798474462306,0.08585342816666665,6,"months [1, 2, 3, 4, 11, 12] (Sacks et al.)"
BD.ADM2.00005,wheat_grain,2005,50072.0,31399.6,planted,1.5946699957961248,0.09827922350000001,6,"months [1, 2, 3, 4, 11, 12] (Sacks et al.)"
BD.ADM2.00005,wheat_grain,2006,35437.0,29162.6,planted,1.215152284089896,0.09344017449999999,6,"months [1, 2, 3, 4, 11, 12] (Sacks et al.)"
BD.ADM2.00005,wheat_grain,2007,28688.0,19339.9,planted,1.4833582386672113,0.08685160616666666,6,"months [1, 2, 3, 4, 11, 12] (Sacks et al.)"
BD.ADM2.00005,wheat_grain,2008,26835.0,17589.7,planted,1.5256087369312723,0.0962592995,6,"months [1, 2, 3, 4, 11, 12] (Sacks et al.)"
BD.ADM2.00005,wheat_grain,2009,21124.0,14073.0,planted,1.5010303417892419,0.08470198566666666,6,"months [1, 2, 3, 4, 11, 12] (Sacks et al.)"
BD.ADM2.00005,wheat_grain,2010,19117.0,12693.8,planted,1.506010808426161,0.086169077,6,"months [1, 2, 3, 4, 11, 12] (Sacks et al.)"
BD.ADM2.00005,wheat_grain,2011,20189.0,10639.6,planted,1.8975337418699951,0.08666502250000001,6,"months [1, 2, 3, 4, 11, 12] (Sacks et al.)"
BD.ADM2.00005,wheat_grain,2012,18596.0,10088.3,planted,1.843323453902045,0.083623519,6,"months [1, 2, 3, 4, 11, 12] (Sacks et al.)"
BD.ADM2.00005,wheat_grain,2013,23540.0,9822.5,planted,2.3965385594298803,0.09442411499999999,6,"months [1, 2, 3, 4, 11, 12] (Sacks et al.)"
BD.ADM2.00005,wheat_grain,2014,10360.0,4506.6,planted,2.2988505747126435,0.09289993566666666,6,"months [1, 2, 3, 4, 11, 12] (Sacks et al.)"
BD.ADM2.00005,wheat_grain,2015,9817.0,4293.3,planted,2.2865860759788506,0.09591442333333333,6,"months [1, 2, 3, 4, 11, 12] (Sacks et al.)"
BD.ADM2.00005,wheat_grain,2016,8627.0,3641.0,planted,2.3694040098873934,0.0905486075,6,"months [1, 2, 3, 4, 11, 12] (Sacks et al.)"
BD.ADM2.00006,wheat_grain,2001,72300.0,37538.7,planted,1.9260123552493829,0.10482149349999999,6,"months [1, 2, 3, 4, 11, 12] (Sacks et al.)"
BD.ADM2.00006,wheat_grain,2002,75290.0,39550.0,planted,1.9036662452591657,0.11256602733333333,6,"months [1, 2, 3, 4, 11, 12] (Sacks et al.)"
BD.ADM2.00006,wheat_grain,2003,62080.0,33236.9,planted,1.8678035556866013,0.10427674866666668,6,"months [1, 2, 3, 4, 11, 12] (Sacks et al.)"
BD.ADM2.00006,wheat_grain,2004,47230.0,26587.899999999998,planted,1.7763719586729303,0.09711458833333335,6,"months [1, 2, 3, 4, 11, 12] (Sacks et al.)"
BD.ADM2.00006,wheat_grain,2005,32143.0,19912.300000000003,planted,1.6142283914967128,0.112407823,6,"months [1, 2, 3, 4, 11, 12] (Sacks et al.)"
BD.ADM2.00006,wheat_grain,2006,20552.0,15001.8,planted,1.369968937060886,0.10714215583333335,6,"months [1, 2, 3, 4, 11, 12] (Sacks et al.)"
BD.ADM2.00006,wheat_grain,2007,15429.0,9619.4,planted,1.6039461920701916,0.10365466699999999,6,"months [1, 2, 3, 4, 11, 12] (Sacks et al.)"
BD.ADM2.00006,wheat_grain,2008,15778.0,8508.6,planted,1.8543591190090025,0.11441563116666666,6,"months [1, 2, 3, 4, 11, 12] (Sacks et al.)"
BD.ADM2.00006,wheat_grain,2009,15732.0,7937.4,planted,1.982009222163429,0.0967530585,6,"months [1, 2, 3, 4, 11, 12] (Sacks et al.)"
BD.ADM2.00006,wheat_grain,2010,7724.0,5904.0,planted,1.3082655826558265,0.10462177766666665,6,"months [1, 2, 3, 4, 11, 12] (Sacks et al.)"
BD.ADM2.00006,wheat_grain,2011,10104.0,4475.4,planted,2.2576752915940475,0.10092692416666667,6,"months [1, 2, 3, 4, 11, 12] (Sacks et al.)"
BD.ADM2.00006,wheat_grain,2012,4910.0,2699.3,planted,1.8189901085466602,0.09537535833333333,6,"months [1, 2, 3, 4, 11, 12] (Sacks et al.)"
BD.ADM2.00006,wheat_grain,2013,6103.0,3226.9,planted,1.8912888530788063,0.10932124016666667,6,"months [1, 2, 3, 4, 11, 12] (Sacks et al.)"
BD.ADM2.00006,wheat_grain,2014,4242.0,2012.1,planted,2.1082451170418968,0.1087006575,6,"months [1, 2, 3, 4, 11, 12] (Sacks et al.)"
BD.ADM2.00006,wheat_grain,2015,4749.0,2072.0,planted,2.291988416988417,0.10573452100000001,6,"months [1, 2, 3, 4, 11, 12] (Sacks et al.)"
BD.ADM2.00006,wheat_grain,2016,5048.0,2177.0,planted,2.318787322002756,0.10784776383333333,6,"months [1, 2, 3, 4, 11, 12] (Sacks et al.)"
BD.ADM2.00007,wheat_grain,2001,324590.0,139588.4,planted,2.3253364892784787,0.08149965316666667,6,"months [1, 2, 3, 4, 11, 12] (Sacks et al.)"
BD.ADM2.00007,wheat_grain,2002,337190.0,143080.9,planted,2.3566387966528026,0.08742593716666668,6,"months [1, 2, 3, 4, 11, 12] (Sacks et al.)"
BD.ADM2.00007,wheat_grain,2003,317450.0,139058.3,planted,2.2828554642189647,0.07946947533333333,6,"months [1, 2, 3, 4, 11, 12] (Sacks et al.)"
BD.ADM2.00007,wheat_grain,2004,216280.0,132401.1,planted,1.6335211716518971,0.08428636833333332,6,"months [1, 2, 3, 4, 11, 12] (Sacks et al.)"
BD.ADM2.00007,wheat_grain,2005,192385.0,112086.8,planted,1.7163930097031943,0.09272023666666666,6,"months [1, 2, 3, 4, 11, 12] (Sacks et al.)"
BD.ADM2.00007,wheat_grain,2006,147945.0,101656.4,planted,1.455343687165786,0.08914170016666667,6,"months [1, 2, 3, 4, 11, 12] (Sacks et al.)"
BD.ADM2.00007,wheat_grain,2007,161105.0,77867.70000000001,planted,2.0689579889992897,0.08808117683333333,6,"months [1, 2, 3, 4, 11, 12] (Sacks et al.)"
BD.ADM2.00007,wheat_grain,2008,203779.0,84027.0,planted,2.425160960167565,0.09058022283333333,6,"months [1, 2, 3, 4, 11, 12] (Sacks et al.)"
BD.ADM2.00007,wheat_grain,2009,179435.0,86647.4,planted,2.07086421519861,0.08711191566666666,6,"months [1, 2, 3, 4, 11, 12] (Sacks et al.)"
BD.ADM2.00007,wheat_grain,2010,241090.0,84808.9,planted,2.8427440987915187,0.08019446283333333,6,"months [1, 2, 3, 4, 11, 12] (Sacks et al.)"
BD.ADM2.00007,wheat_grain,2011,217798.0,89010.7,planted,2.44687436454269,0.09142723400000001,6,"months [1, 2, 3, 4, 11, 12] (Sacks et al.)"
BD.ADM2.00007,wheat_grain,2012,234544.0,79674.7,planted,2.94377010519023,0.0865075725,6,"months [1, 2, 3, 4, 11, 12] (Sacks et al.)"
BD.ADM2.00007,wheat_grain,2013,283930.0,89328.1,planted,3.1785070991099102,0.09706336766666666,6,"months [1, 2, 3, 4, 11, 12] (Sacks et al.)"
BD.ADM2.00007,wheat_grain,2014,287016.0,89690.29999999999,planted,3.2000784923230277,0.09790578383333333,6,"months [1, 2, 3, 4, 11, 12] (Sacks et al.)"
BD.ADM2.00007,wheat_grain,2015,307157.0,95603.4,planted,3.2128250668909266,0.1033153395,6,"months [1, 2, 3, 4, 11, 12] (Sacks et al.)"
BD.ADM2.00007,wheat_grain,2016,337129.0,104823.0,planted,3.2161739312937048,0.10022615,6,"months [1, 2, 3, 4, 11, 12] (Sacks et al.)"
BD.ADM2.00008,wheat_grain,2001,97470.0,55154.7,planted,1.7672111352251032,0.08415765166666667,6,"months [1, 2, 3, 4, 11, 12] (Sacks et al.)"
BD.ADM2.00008,wheat_grain,2002,93300.0,52957.2,planted,1.761800095171195,0.08278004683333333,6,"months [1, 2, 3, 4, 11, 12] (Sacks et al.)"
BD.ADM2.00008,wheat_grain,2003,73700.0,42164.3,planted,1.7479241917925827,0.08529553033333333,6,"months [1, 2, 3, 4, 11, 12] (Sacks et al.)"
BD.ADM2.00008,wheat_grain,2004,69480.0,37947.4,planted,1.830955480480876,0.08522452800000001,6,"months [1, 2, 3, 4, 11, 12] (Sacks et al.)"
BD.ADM2.00008,wheat_grain,2005,64992.0,41945.7,planted,1.549431765353779,0.09600814583333334,6,"months [1, 2, 3, 4, 11, 12] (Sacks et al.)"
BD.ADM2.00008,wheat_grain,2006,62777.0,43666.0,planted,1.4376631704300828,0.08651945266666666,6,"months [1, 2, 3, 4, 11, 12] (Sacks et al.)"
BD.ADM2.00008,wheat_grain,2007,69729.0,43607.00000000001,planted,1.5990322654619669,0.08347564416666668,6,"months [1, 2, 3, 4, 11, 12] (Sacks et al.)"
BD.ADM2.00008,wheat_grain,2008,103416.0,53507.6,planted,1.932734789076692,0.08953428349999999,6,"months [1, 2, 3, 4, 11, 12] (Sacks et al.)"
BD.ADM2.00008,wheat_grain,2009,130494.0,60318.5,planted,2.163415867437022,0.08619487566666667,6,"months [1, 2, 3, 4, 11, 12] (Sacks et al.)"
BD.ADM2.00008,wheat_grain,2010,143618.0,55952.3,planted,2.5667935008927247,0.08294127116666668,6,"months [1, 2, 3, 4, 11, 12] (Sacks et al.)"
BD.ADM2.00008,wheat_grain,2011,131779.0,53246.5,planted,2.4748856732367384,0.08465080666666668,6,"months [1, 2, 3, 4, 11, 12] (Sacks et al.)"
BD.ADM2.00008,wheat_grain,2012,142971.0,52256.3,planted,2.7359571955917277,0.08835207866666667,6,"months [1, 2, 3, 4, 11, 12] (Sacks et al.)"
BD.ADM2.00008,wheat_grain,2013,194612.0,64807.2,planted,3.0029379451665865,0.09474195933333333,6,"months [1, 2, 3, 4, 11, 12] (Sacks et al.)"
BD.ADM2.00008,wheat_grain,2014,201171.0,64953.7,planted,3.097144581448016,0.09865729716666667,6,"months [1, 2, 3, 4, 11, 12] (Sacks et al.)"
BD.ADM2.00008,wheat_grain,2015,205054.0,66402.20000000001,planted,3.088060335350334,0.09680556233333333,6,"months [1, 2, 3, 4, 11, 12] (Sacks et al.)"
BD.ADM2.00008,wheat_grain,2016,191199.0,62440.0,planted,3.0621236386931456,0.09229929383333334,6,"months [1, 2, 3, 4, 11, 12] (Sacks et al.)"
BD.ADM2.00009,wheat_grain,2001,121840.0,53892.1,planted,2.2608137370783474,0.08550586249999999,6,"months [1, 2, 3, 4, 11, 12] (Sacks et al.)"
BD.ADM2.00009,wheat_grain,2002,113990.0,49711.7,planted,2.2930215623283856,0.08497907966666667,6,"months [1, 2, 3, 4, 11, 12] (Sacks et al.)"
BD.ADM2.00009,wheat_grain,2003,109500.0,46611.8,planted,2.3491905483160913,0.08609545183333334,6,"months [1, 2, 3, 4, 11, 12] (Sacks et al.)"
BD.ADM2.00009,wheat_grain,2004,91839.0,41321.7,planted,2.222536826897248,0.07931906016666666,6,"months [1, 2, 3, 4, 11, 12] (Sacks et al.)"
BD.ADM2.00009,wheat_grain,2005,50221.0,32465.5,planted,1.546903636167624,0.0911449455,6,"months [1, 2, 3, 4, 11, 12] (Sacks et al.)"
BD.ADM2.00009,wheat_grain,2006,53690.0,30638.300000000003,planted,1.7523818227512622,0.0806886815,6,"months [1, 2, 3, 4, 11, 12] (Sacks et al.)"
BD.ADM2.00009,wheat_grain,2007,53634.0,27624.0,planted,1.9415725456125108,0.086095976,6,"months [1, 2, 3, 4, 11, 12] (Sacks et al.)"
BD.ADM2.00009,wheat_grain,2008,55405.0,26531.2,planted,2.088296043903027,0.08524312983333333,6,"months [1, 2, 3, 4, 11, 12] (Sacks et al.)"
BD.ADM2.00009,wheat_grain,2009,60240.0,26337.000000000004,planted,2.287276455177127,0.08507980966666666,6,"months [1, 2, 3, 4, 11, 12] (Sacks et al.)"
BD.ADM2.00009,wheat_grain,2010,56237.0,22218.9,planted,2.5310433909869525,0.08119833333333333,6,"months [1, 2, 3, 4, 11, 12] (Sacks et al.)"
BD.ADM2.00009,wheat_grain,2011,54191.0,22441.2,planted,2.4147995650856457,0.081997201,6,"months [1, 2, 3, 4, 11, 12] (Sacks et al.)"
BD.ADM2.00009,wheat_grain,2012,55698.0,21707.7,planted,2.56581765917163,0.08506956066666665,6,"months [1, 2, 3, 4, 11, 12] (Sacks et al.)"
BD.ADM2.00009,wheat_grain,2013,79202.0,28416.2,planted,2.787212927836938,0.08715256333333334,6,"months [1, 2, 3, 4, 11, 12] (Sacks et al.)"
BD.ADM2.00009,wheat_grain,2014,74895.0,26764.3,planted,2.798317161293215,0.09095520066666667,6,"months [1, 2, 3, 4, 11, 12] (Sacks et al.)"
BD.ADM2.00009,wheat_grain,2015,73526.0,24830.000000000004,planted,2.9611759967780906,0.086774647,6,"months [1, 2, 3, 4, 11, 12] (Sacks et al.)"
BD.ADM2.00009,wheat_grain,2016,72085.0,24878.0,planted,2.8975399951764613,0.08410490733333333,6,"months [1, 2, 3, 4, 11, 12] (Sacks et al.)"
BD.ADM2.00010,wheat_grain,2001,4460.0,2112.5,planted,2.111242603550296,0.10478379016666667,6,"months [1, 2, 3, 4, 11, 12] (Sacks et al.)"
BD.ADM2.00010,wheat_grain,2002,4760.0,2209.6,planted,2.1542360608254887,0.1121588,6,"months [1, 2, 3, 4, 11, 12] (Sacks et al.)"
BD.ADM2.00010,wheat_grain,2003,4890.0,2306.7,planted,2.119911561971648,0.09820558566666666,6,"months [1, 2, 3, 4, 11, 12] (Sacks et al.)"
BD.ADM2.00010,wheat_grain,2004,521.0,243.7,planted,2.137874435781699,0.09321066416666667,6,"months [1, 2, 3, 4, 11, 12] (Sacks et al.)"
BD.ADM2.00010,wheat_grain,2005,351.0,203.6,planted,1.7239685658153243,0.11415596866666666,6,"months [1, 2, 3, 4, 11, 12] (Sacks et al.)"
BD.ADM2.00010,wheat_grain,2006,231.0,165.9,planted,1.3924050632911391,0.10615742483333333,6,"months [1, 2, 3, 4, 11, 12] (Sacks et al.)"
BD.ADM2.00010,wheat_grain,2007,325.0,198.3,planted,1.6389309127584466,0.09068734633333335,6,"months [1, 2, 3, 4, 11, 12] (Sacks et al.)"
BD.ADM2.00010,wheat_grain,2008,409.0,226.7,planted,1.8041464490516101,0.08569563933333334,6,"months [1, 2, 3, 4, 11, 12] (Sacks et al.)"
BD.ADM2.00010,wheat_grain,2009,661.0,312.4,planted,2.1158770806658134,0.08934428900000001,6,"months [1, 2, 3, 4, 11, 12] (Sacks et al.)"
BD.ADM2.00010,wheat_grain,2010,781.0,366.3,planted,2.1321321321321323,0.08961754333333334,6,"months [1, 2, 3, 4, 11, 12] (Sacks et al.)"
BD.ADM2.00010,wheat_grain,2011,767.0,355.0,planted,2.16056338028169,0.090662435,6,"months [1, 2, 3, 4, 11, 12] (Sacks et al.)"
BD.ADM2.00010,wheat_grain,2012,800.0,339.5,planted,2.3564064801178204,0.0932832825,6,"months [1, 2, 3, 4, 11, 12] (Sacks et al.)"
BD.ADM2.00010,wheat_grain,2013,1575.0,760.8,planted,2.0701892744479498,0.10028348,6,"months [1, 2, 3, 4, 11, 12] (Sacks et al.)"
BD.ADM2.00010,wheat_grain,2014,1050.0,456.5,planted,2.3001095290251916,0.09824573816666667,6,"months [1, 2, 3, 4, 11, 12] (Sacks et al.)"
BD.ADM2.00010,wheat_grain,2015,2133.0,807.7,planted,2.640831992076266,0.09175274166666668,6,"months [1, 2, 3, 4, 11, 12] (Sacks et al.)"
BD.ADM2.00010,wheat_grain,2016,2019.0,808.0,planted,2.498762376237624,0.09146010333333333,6,"months [1, 2, 3, 4, 11, 12] (Sacks et al.)"
BD.ADM2.00012,wheat_grain,2001,42690.0,24750.6,planted,1.7248066713534218,0.1085708015,6,"months [1, 2, 3, 4, 11, 12] (Sacks et al.)"
BD.ADM2.00012,wheat_grain,2002,31030.0,16903.8,planted,1.8356819176753156,0.10934497533333333,6,"months [1, 2, 3, 4, 11, 12] (Sacks et al.)"
BD.ADM2.00012,wheat_grain,2003,34170.0,18259.4,planted,1.8713648860313044,0.10680785433333334,6,"months [1, 2, 3, 4, 11, 12] (Sacks et al.)"
BD.ADM2.00012,wheat_grain,2004,27030.0,15665.4,planted,1.725458654103949,0.09803934216666665,6,"months [1, 2, 3, 4, 11, 12] (Sacks et al.)"
BD.ADM2.00012,wheat_grain,2005,19637.0,13338.5,planted,1.4722045207482102,0.1161984765,6,"months [1, 2, 3, 4, 11, 12] (Sacks et al.)"
BD.ADM2.00012,wheat_grain,2006,13592.0,11319.9,planted,1.2007173208243889,0.11240311800000001,6,"months [1, 2, 3, 4, 11, 12] (Sacks et al.)"
BD.ADM2.00012,wheat_grain,2007,13087.0,8603.699999999999,planted,1.5210897637063125,0.10912796199999998,6,"months [1, 2, 3, 4, 11, 12] (Sacks et al.)"
BD.ADM2.00012,wheat_grain,2008,15988.0,9900.7,planted,1.6148353146747199,0.1238902105,6,"months [1, 2, 3, 4, 11, 12] (Sacks et al.)"
BD.ADM2.00012,wheat_grain,2009,13209.0,7197.4,planted,1.8352460610776113,0.10892855283333334,6,"months [1, 2, 3, 4, 11, 12] (Sacks et al.)"
BD.ADM2.00012,wheat_grain,2010,9056.0,5314.799999999999,planted,1.7039211259125464,0.11177148466666666,6,"months [1, 2, 3, 4, 11, 12] (Sacks et al.)"
BD.ADM2.00012,wheat_grain,2011,12707.0,7628.8,planted,1.6656617030201342,0.11465515116666668,6,"months [1, 2, 3, 4, 11, 12] (Sacks et al.)"
BD.ADM2.00012,wheat_grain,2012,8849.0,5097.7,planted,1.7358808874590501,0.10914324966666666,6,"months [1, 2, 3, 4, 11, 12] (Sacks et al.)"
BD.ADM2.00012,wheat_grain,2013,9934.0,5603.7,planted,1.7727572853650266,0.12424475950000001,6,"months [1, 2, 3, 4, 11, 12] (Sacks et al.)"
BD.ADM2.00012,wheat_grain,2014,10927.0,5462.5,planted,2.000366132723112,0.12044768966666668,6,"months [1, 2, 3, 4, 11, 12] (Sacks et al.)"
BD.ADM2.00012,wheat_grain,2015,8374.0,4218.400000000001,planted,1.9851128389910864,0.12550641333333334,6,"months [1, 2, 3, 4, 11, 12] (Sacks et al.)"
BD.ADM2.00012,wheat_grain,2016,6676.0,3209.0,planted,2.0803988781551883,0.12336443766666666,6,"months [1, 2, 3, 4, 11, 12] (Sacks et al.)"
BD.ADM2.00014,wheat_grain,2001,191530.0,87505.3,planted,2.188781708079396,0.08726012766666667,6,"months [1, 2, 3, 4, 11, 12] (Sacks et al.)"
BD.ADM2.00014,wheat_grain,2002,187330.0,84271.9,planted,2.2229236554533602,0.09422603066666667,6,"months [1, 2, 3, 4, 11, 12] (Sacks et al.)"
BD.ADM2.00014,wheat_grain,2003,181130.0,81823.5,planted,2.2136672227416327,0.09033926716666667,6,"months [1, 2, 3, 4, 11, 12] (Sacks et al.)"
BD.ADM2.00014,wheat_grain,2004,171970.0,85170.3,planted,2.0191310820790815,0.08932244583333333,6,"months [1, 2, 3, 4, 11, 12] (Sacks et al.)"
BD.ADM2.00014,wheat_grain,2005,148959.0,79461.4,planted,1.8746083003823242,0.09718081533333334,6,"months [1, 2, 3, 4, 11, 12] (Sacks et al.)"
BD.ADM2.00014,wheat_grain,2006,95927.0,52298.0,planted,1.8342384029982026,0.09294161833333332,6,"months [1, 2, 3, 4, 11, 12] (Sacks et al.)"
BD.ADM2.00014,wheat_grain,2007,86986.0,46745.3,planted,1.8608501817295,0.09307252033333334,6,"months [1, 2, 3, 4, 11, 12] (Sacks et al.)"
BD.ADM2.00014,wheat_grain,2008,73629.0,34139.4,planted,2.1567162867537215,0.09417024066666667,6,"months [1, 2, 3, 4, 11, 12] (Sacks et al.)"
BD.ADM2.00014,wheat_grain,2009,79655.0,36231.5,planted,2.1985013041138237,0.09311242866666668,6,"months [1, 2, 3, 4, 11, 12] (Sacks et al.)"
BD.ADM2.00014,wheat_grain,2010,91801.0,33817.2,planted,2.7146245106040716,0.094055805,6,"months [1, 2, 3, 4, 11, 12] (Sacks et al.)"
BD.ADM2.00014,wheat_grain,2011,72064.0,34652.0,planted,2.079649082304052,0.09599647833333334,6,"months [1, 2, 3, 4, 11, 12] (Sacks et al.)"
BD.ADM2.00014,wheat_grain,2012,88052.0,33359.9,planted,2.639456353286431,0.09048780016666667,6,"months [1, 2, 3, 4, 11, 12] (Sacks et al.)"
BD.ADM2.00014,wheat_grain,2013,114369.0,36099.2,planted,3.1681865526105844,0.09961920299999999,6,"months [1, 2, 3, 4, 11, 12] (Sacks et al.)"
BD.ADM2.00014,wheat_grain,2014,137708.0,44865.2,planted,3.0693722528819665,0.10663024666666666,6,"months [1, 2, 3, 4, 11, 12] (Sacks et al.)"
BD.ADM2.00014,wheat_grain,2015,142786.0,47534.100000000006,planted,3.003864594049324,0.10325090616666667,6,"months [1, 2, 3, 4, 11, 12] (Sacks et al.)"
BD.ADM2.00014,wheat_grain,2016,139154.0,46766.0,planted,2.9755377838600694,0.10137237766666667,6,"months [1, 2, 3, 4, 11, 12] (Sacks et al.)"
BD.ADM2.00015,wheat_grain,2004,5897.0,3231.0,planted,1.8251315382234603,0.055369477,6,"months [1, 2, 3, 4, 11, 12] (Sacks et al.)"
BD.ADM2.00015,wheat_grain,2005,4110.0,3083.7,planted,1.3328144761163538,0.07123591216666667,6,"months [1, 2, 3, 4, 11, 12] (Sacks et al.)"
BD.ADM2.00015,wheat_grain,2006,3246.0,2513.9,planted,1.2912208122837026,0.06800483716666667,6,"months [1, 2, 3, 4, 11, 12] (Sacks et al.)"
BD.ADM2.00015,wheat_grain,2007,4966.0,3172.7,planted,1.565228354398462,0.06104669916666666,6,"months [1, 2, 3, 4, 11, 12] (Sacks et al.)"
BD.ADM2.00015,wheat_grain,2008,5848.0,3033.1,planted,1.9280604002505688,0.06485365850000001,6,"months [1, 2, 3, 4, 11, 12] (Sacks et al.)"
BD.ADM2.00015,wheat_grain,2009,6188.0,2654.7,planted,2.3309601838249145,0.06663006816666667,6,"months [1, 2, 3, 4, 11, 12] (Sacks et al.)"
BD.ADM2.00015,wheat_grain,2010,6299.0,1786.3000000000002,planted,3.5262833790516708,0.06149642883333333,6,"months [1, 2, 3, 4, 11, 12] (Sacks et al.)"
BD.ADM2.00015,wheat_grain,2011,3624.0,2685.1000000000004,planted,1.3496704033369333,0.06409502666666667,6,"months [1, 2, 3, 4, 11, 12] (Sacks et al.)"
BD.ADM2.00015,wheat_grain,2012,6451.0,2513.9,planted,2.566132304387605,0.06308545016666667,6,"months [1, 2, 3, 4, 11, 12] (Sacks et al.)"
BD.ADM2.00015,wheat_grain,2013,7214.0,2464.1,planted,2.9276409236638123,0.06916172883333334,6,"months [1, 2, 3, 4, 11, 12] (Sacks et al.)"
BD.ADM2.00015,wheat_grain,2014,8198.0,2783.0,planted,2.9457420050305427,0.070675782,6,"months [1, 2, 3, 4, 11, 12] (Sacks et al.)"
BD.ADM2.00015,wheat_grain,2015,10075.0,3502.1,planted,2.8768453213786014,0.07144299633333333,6,"months [1, 2, 3, 4, 11, 12] (Sacks et al.)"
BD.ADM2.00015,wheat_grain,2016,19155.0,6943.0,planted,2.7588938499207836,0.06971320966666666,6,"months [1, 2, 3, 4, 11, 12] (Sacks et al.)"
BD.ADM2.00016,wheat_grain,2001,211810.0,91669.5,planted,2.310583127430607,0.07388629366666667,6,"months [1, 2, 3, 4, 11, 12] (Sacks et al.)"
BD.ADM2.00016,wheat_grain,2002,205510.0,88553.4,planted,2.320746577771153,0.08260657833333333,6,"months [1, 2, 3, 4, 11, 12] (Sacks et al.)"
BD.ADM2.00016,wheat_grain,2003,199100.0,85999.9,planted,2.3151189710685713,0.07950481733333334,6,"months [1, 2, 3, 4, 11, 12] (Sacks et al.)"
BD.ADM2.00016,wheat_grain,2004,194490.0,80326.1,planted,2.4212553578475737,0.07652006433333335,6,"months [1, 2, 3, 4, 11, 12] (Sacks et al.)"
BD.ADM2.00016,wheat_grain,2005,163076.0,76980.59999999999,planted,2.1184038575952906,0.08652433666666666,6,"months [1, 2, 3, 4, 11, 12] (Sacks et al.)"
BD.ADM2.00016,wheat_grain,2006,127776.0,74332.79999999999,planted,1.7189719746868142,0.07921672366666667,6,"months [1, 2, 3, 4, 11, 12] (Sacks et al.)"
BD.ADM2.00016,wheat_grain,2007,139314.0,71534.3,planted,1.947513290826918,0.08243407300000001,6,"months [1, 2, 3, 4, 11, 12] (Sacks et al.)"
BD.ADM2.00016,wheat_grain,2008,169789.0,70016.8,planted,2.4249751488214257,0.08323273366666667,6,"months [1, 2, 3, 4, 11, 12] (Sacks et al.)"
BD.ADM2.00016,wheat_grain,2009,192638.0,79501.8,planted,2.423064635014553,0.08112740833333333,6,"months [1, 2, 3, 4, 11, 12] (Sacks et al.)"
BD.ADM2.00016,wheat_grain,2010,222162.0,79235.1,planted,2.803833149702594,0.078124152,6,"months [1, 2, 3, 4, 11, 12] (Sacks et al.)"
BD.ADM2.00016,wheat_grain,2011,203447.0,80317.2,planted,2.533043980616854,0.0840695455,6,"months [1, 2, 3, 4, 11, 12] (Sacks et al.)"
BD.ADM2.00016,wheat_grain,2012,240175.0,82030.7,planted,2.9278672497004172,0.08347090466666666,6,"months [1, 2, 3, 4, 11, 12] (Sacks et al.)"
BD.ADM2.00016,wheat_grain,2013,308726.0,96389.5,planted,3.202900730888738,0.08759126666666667,6,"months [1, 2, 3, 4, 11, 12] (Sacks et al.)"
BD.ADM2.00016,wheat_grain,2014,328246.0,103537.8,planted,3.1703010881050204,0.09366748166666666,6,"months [1, 2, 3, 4, 11, 12] (Sacks et al.)"
BD.ADM2.00016,wheat_grain,2015,328284.0,102202.3,planted,3.2120999233872425,0.08793429933333334,6,"months [1, 2, 3, 4, 11, 12] (Sacks et al.)"
BD.ADM2.00016,wheat_grain,2016,326496.0,102795.0,planted,3.176185612140668,0.08809396916666667,6,"months [1, 2, 3, 4, 11, 12] (Sacks et al.)"
BD.ADM2.00017,wheat_grain,2001,217970.0,91629.1,planted,2.378829433007636,0.06633484516666667,6,"months [1, 2, 3, 4, 11, 12] (Sacks et al.)"
BD.ADM2.00017,wheat_grain,2002,201500.0,85170.3,planted,2.3658481888639584,0.06938383599999999,6,"months [1, 2, 3, 4, 11, 12] (Sacks et al.)"
BD.ADM2.00017,wheat_grain,2003,183880.0,79581.6,planted,2.310584356182836,0.06444329233333333,6,"months [1, 2, 3, 4, 11, 12] (Sacks et al.)"
BD.ADM2.00017,wheat_grain,2004,139060.0,71621.40000000001,planted,1.941598460795237,0.06589977083333333,6,"months [1, 2, 3, 4, 11, 12] (Sacks et al.)"
BD.ADM2.00017,wheat_grain,2005,110336.0,58261.100000000006,planted,1.8938193751920234,0.07183926583333333,6,"months [1, 2, 3, 4, 11, 12] (Sacks et al.)"
BD.ADM2.00017,wheat_grain,2006,65112.0,50285.5,planted,1.2948464269023874,0.0697688485,6,"months [1, 2, 3, 4, 11, 12] (Sacks et al.)"
BD.ADM2.00017,wheat_grain,2007,68993.0,39632.9,planted,1.740801203040908,0.06997226250000001,6,"months [1, 2, 3, 4, 11, 12] (Sacks et al.)"
BD.ADM2.00017,wheat_grain,2008,64984.0,30687.4,planted,2.117611788551653,0.07471479333333333,6,"months [1, 2, 3, 4, 11, 12] (Sacks et al.)"
BD.ADM2.00017,wheat_grain,2009,29451.0,16099.600000000002,planted,1.8293001068349521,0.06600860183333333,6,"months [1, 2, 3, 4, 11, 12] (Sacks et al.)"
BD.ADM2.00017,wheat_grain,2010,45626.0,21880.9,planted,2.085197592420787,0.06610467183333334,6,"months [1, 2, 3, 4, 11, 12] (Sacks et al.)"
BD.ADM2.00017,wheat_grain,2011,44205.0,20937.0,planted,2.111334002006018,0.06907352533333334,6,"months [1, 2, 3, 4, 11, 12] (Sacks et al.)"
BD.ADM2.00017,wheat_grain,2012,46137.0,19095.0,planted,2.4161822466614296,0.06170953083333333,6,"months [1, 2, 3, 4, 11, 12] (Sacks et al.)"
BD.ADM2.00017,wheat_grain,2013,53183.0,20586.3,planted,2.5834171269242168,0.0758292065,6,"months [1, 2, 3, 4, 11, 12] (Sacks et al.)"
BD.ADM2.00017,wheat_grain,2014,63746.0,23643.800000000003,planted,2.696097919962104,0.07553255666666667,6,"months [1, 2, 3, 4, 11, 12] (Sacks et al.)"
BD.ADM2.00017,wheat_grain,2015,70382.0,23809.2,planted,2.9560842027451573,0.0777160945,6,"months [1, 2, 3, 4, 11, 12] (Sacks et al.)"
BD.ADM2.00017,wheat_grain,2016,76039.0,25945.0,planted,2.930776642898439,0.08141725883333333,6,"months [1, 2, 3, 4, 11, 12] (Sacks et al.)"
BD.ADM2.00018,wheat_grain,2001,4000.0,2051.8,planted,1.9495077492933033,0.111007996,6,"months [1, 2, 3, 4, 11, 12] (Sacks et al.)"
BD.ADM2.00018,wheat_grain,2002,7620.0,3617.9,planted,2.106194201055861,0.11532124066666667,6,"months [1, 2, 3, 4, 11, 12] (Sacks et al.)"
BD.ADM2.00018,wheat_grain,2003,6980.0,3496.5,planted,1.9962819962819962,0.1088597585,6,"months [1, 2, 3, 4, 11, 12] (Sacks et al.)"
BD.ADM2.00018,wheat_grain,2004,5350.0,2622.3,planted,2.040193723067536,0.09482841233333333,6,"months [1, 2, 3, 4, 11, 12] (Sacks et al.)"
BD.ADM2.00018,wheat_grain,2005,4519.0,2521.2,planted,1.7924004442329051,0.11191332416666666,6,"months [1, 2, 3, 4, 11, 12] (Sacks et al.)"
BD.ADM2.00018,wheat_grain,2006,2373.0,1720.6999999999998,planted,1.3790899052711107,0.11061764833333333,6,"months [1, 2, 3, 4, 11, 12] (Sacks et al.)"
BD.ADM2.00018,wheat_grain,2007,1427.0,870.1000000000001,planted,1.6400413745546487,0.101648285,6,"months [1, 2, 3, 4, 11, 12] (Sacks et al.)"
BD.ADM2.00018,wheat_grain,2008,1903.0,949.8,planted,2.003579700989682,0.11422717233333333,6,"months [1, 2, 3, 4, 11, 12] (Sacks et al.)"
BD.ADM2.00018,wheat_grain,2009,1905.0,1022.7,planted,1.862716339102376,0.10152859033333334,6,"months [1, 2, 3, 4, 11, 12] (Sacks et al.)"
BD.ADM2.00018,wheat_grain,2010,2096.0,1063.5,planted,1.9708509637987777,0.098978693,6,"months [1, 2, 3, 4, 11, 12] (Sacks et al.)"
BD.ADM2.00018,wheat_grain,2011,1860.0,1044.4,planted,1.7809268479509766,0.10869623616666667,6,"months [1, 2, 3, 4, 11, 12] (Sacks et al.)"
BD.ADM2.00018,wheat_grain,2012,1049.0,521.5999999999999,planted,2.011119631901841,0.09508902383333334,6,"months [1, 2, 3, 4, 11, 12] (Sacks et al.)"
BD.ADM2.00018,wheat_grain,2013,1107.0,516.7,planted,2.1424424230694794,0.1141487345,6,"months [1, 2, 3, 4, 11, 12] (Sacks et al.)"
BD.ADM2.00018,wheat_grain,2014,1459.0,706.5000000000001,planted,2.065109695682944,0.11493686216666667,6,"months [1, 2, 3, 4, 11, 12] (Sacks et al.)"
BD.ADM2.00018,wheat_grain,2015,1771.0,905.7,planted,1.9553936181958704,0.11263989833333334,6,"months [1, 2, 3, 4, 11, 12] (Sacks et al.)"
BD.ADM2.00018,wheat_grain,2016,2694.0,1203.0,planted,2.239401496259352,0.10771796766666668,6,"months [1, 2, 3, 4, 11, 12] (Sacks et al.)"
BD.ADM2.00019,wheat_grain,2001,48650.0,28510.1,planted,1.7064128151076285,0.09369218266666667,6,"months [1, 2, 3, 4, 11, 12] (Sacks et al.)"
BD.ADM2.00019,wheat_grain,2002,43450.0,25086.5,planted,1.7320072548980527,0.10619285900000001,6,"months [1, 2, 3, 4, 11, 12] (Sacks et al.)"
BD.ADM2.00019,wheat_grain,2003,43640.0,26167.0,planted,1.66774945542095,0.10066688416666665,6,"months [1, 2, 3, 4, 11, 12] (Sacks et al.)"
BD.ADM2.00019,wheat_grain,2004,37140.0,23548.7,planted,1.5771571254464152,0.0963474025,6,"months [1, 2, 3, 4, 11, 12] (Sacks et al.)"
BD.ADM2.00019,wheat_grain,2005,19536.0,15161.2,planted,1.2885523573331925,0.10804818366666667,6,"months [1, 2, 3, 4, 11, 12] (Sacks et al.)"
BD.ADM2.00019,wheat_grain,2006,15784.0,12934.6,planted,1.2202928579159773,0.09876304933333334,6,"months [1, 2, 3, 4, 11, 12] (Sacks et al.)"
BD.ADM2.00019,wheat_grain,2007,16048.0,8858.6,planted,1.8115729347752465,0.09875214900000001,6,"months [1, 2, 3, 4, 11, 12] (Sacks et al.)"
BD.ADM2.00019,wheat_grain,2008,17477.0,9894.6,planted,1.766316980979524,0.1093745725,6,"months [1, 2, 3, 4, 11, 12] (Sacks et al.)"
BD.ADM2.00019,wheat_grain,2009,13341.0,8686.6,planted,1.535813782147215,0.09217483333333333,6,"months [1, 2, 3, 4, 11, 12] (Sacks et al.)"
BD.ADM2.00019,wheat_grain,2010,12678.0,6759.1,planted,1.8756935094909084,0.09773073266666667,6,"months [1, 2, 3, 4, 11, 12] (Sacks et al.)"
BD.ADM2.00019,wheat_grain,2011,13341.0,6411.0,planted,2.080954609265325,0.095109445,6,"months [1, 2, 3, 4, 11, 12] (Sacks et al.)"
BD.ADM2.00019,wheat_grain,2012,15058.0,6181.6,planted,2.435938915491135,0.08775204800000001,6,"months [1, 2, 3, 4, 11, 12] (Sacks et al.)"
BD.ADM2.00019,wheat_grain,2013,15515.0,6622.3,planted,2.342841610920677,0.10265606649999999,6,"months [1, 2, 3, 4, 11, 12] (Sacks et al.)"
BD.ADM2.00019,wheat_grain,2014,17153.0,6720.6,planted,2.552301877808529,0.10077764899999998,6,"months [1, 2, 3, 4, 11, 12] (Sacks et al.)"
BD.ADM2.00019,wheat_grain,2015,15893.0,6082.0,planted,2.613120683985531,0.0989436165,6,"months [1, 2, 3, 4, 11, 12] (Sacks et al.)"
BD.ADM2.00019,wheat_grain,2016,17338.0,6665.0,planted,2.601350337584396,0.10224614450000001,6,"months [1, 2, 3, 4, 11, 12] (Sacks et al.)"
