stable_id,crop,year,production_mt,area_ha,area_type,yield_mt_ha
VN.ADM1.00001,cassava,1980,15100.0,2300.0,planted,6.565217391304348
VN.ADM1.00001,cassava,1981,6700.0,1400.0,planted,4.785714285714286
VN.ADM1.00001,cassava,1982,10400.0,1500.0,planted,6.933333333333334
VN.ADM1.00001,cassava,1983,13400.0,1400.0,planted,9.571428571428571
VN.ADM1.00001,cassava,1984,13900.0,1500.0,planted,9.266666666666667
VN.ADM1.00001,cassava,1985,13700.0,1500.0,planted,9.133333333333333
VN.ADM1.00001,cassava,1986,13500.0,1400.0,planted,9.642857142857142
VN.ADM1.00001,cassava,1987,30200.0,3100.0,planted,9.741935483870968
VN.ADM1.00001,cassava,1988,12400.0,1400.0,planted,8.857142857142858
VN.ADM1.00001,cassava,1989,16100.0,1600.0,planted,10.0625
VN.ADM1.00001,cassava,1990,9100.0,900.0,planted,10.11111111111111
VN.ADM1.00001,cassava,1995,11600.0,1400.0,planted,8.285714285714286
VN.ADM1.00001,cassava,1996,18400.0,1200.0,planted,15.333333333333334
VN.ADM1.00001,cassava,1997,14900.0,1100.0,planted,13.545454545454545
VN.ADM1.00001,cassava,1998,9000.0,1000.0,planted,9.0
VN.ADM1.00001,cassava,1999,23500.0,1300.0,planted,18.076923076923077
VN.ADM1.00001,cassava,2000,8100.0,600.0,planted,13.5
VN.ADM1.00001,cassava,2001,72700.0,4100.0,planted,17.73170731707317
VN.ADM1.00001,cassava,2002,65600.0,3700.0,planted,17.72972972972973
VN.ADM1.00001,cassava,2003,88100.0,4500.0,planted,19.57777777777778
VN.ADM1.00001,cassava,2004,2800.0,200.0,planted,14.0
VN.ADM1.00001,cassava,2005,14500.0,600.0,planted,24.166666666666668
VN.ADM1.00001,cassava,2006,18200.0,800.0,planted,22.75
VN.ADM1.00001,cassava,2007,16100.0,700.0,planted,23.0
VN.ADM1.00001,cassava,2008,23900.0,1000.0,planted,23.9
VN.ADM1.00001,cassava,2009,13000.0,500.0,planted,26.0
VN.ADM1.00001,cassava,2010,21600.0,800.0,planted,27.0
VN.ADM1.00001,cassava,2011,25200.0,,,
VN.ADM1.00001,cassava,2012,27300.0,1000.0,planted,27.3
VN.ADM1.00001,cassava,2013,18000.0,700.0,planted,25.714285714285715
VN.ADM1.00001,cassava,2014,19400.0,800.0,planted,24.25
VN.ADM1.00001,cassava,2015,15400.0,700.0,planted,22.0
VN.ADM1.00001,cassava,2016,0.001,1300.0,planted,7.692307692307693e-07
VN.ADM1.00001,cassava,2017,0.001,1400.0,planted,7.142857142857143e-07
VN.ADM1.00001,cassava,2018,0.001,800.0,planted,1.25e-06
VN.ADM1.00001,cassava,2019,0.001,800.0,planted,1.25e-06
VN.ADM1.00001,cassava,2020,0.001,400.0,planted,2.5e-06
VN.ADM1.00001,cassava,2021,0.001,700.0,planted,1.4285714285714286e-06
VN.ADM1.00001,cassava,2022,15800.0,700.0,planted,22.571428571428573
VN.ADM1.00002,cassava,1980,49900.0,6500.0,planted,7.676923076923077
VN.ADM1.00002,cassava,1981,44300.0,5300.0,planted,8.358490566037736
VN.ADM1.00002,cassava,1982,48500.0,5700.0,planted,8.508771929824562
VN.ADM1.00002,cassava,1983,44900.0,5400.0,planted,8.314814814814815
VN.ADM1.00002,cassava,1984,59900.0,5600.0,planted,10.696428571428571
VN.ADM1.00002,cassava,1985,56300.0,5400.0,planted,10.425925925925926
VN.ADM1.00002,cassava,1986,86700.0,5800.0,planted,14.948275862068966
VN.ADM1.00002,cassava,1987,60200.0,5100.0,planted,11.803921568627452
VN.ADM1.00002,cassava,1988,56700.0,5600.0,planted,10.125
VN.ADM1.00002,cassava,1989,57600.0,5700.0,planted,10.105263157894736
VN.ADM1.00002,cassava,1990,47500.0,4700.0,planted,10.106382978723405
VN.ADM1.00002,cassava,1996,23200.0,3900.0,planted,5.948717948717949
VN.ADM1.00002,cassava,1997,45800.0,5100.0,planted,8.980392156862745
VN.ADM1.00002,cassava,1998,45200.0,5600.0,planted,8.071428571428571
VN.ADM1.00002,cassava,1999,50600.0,6000.0,planted,8.433333333333334
VN.ADM1.00002,cassava,2000,58200.0,6700.0,planted,8.686567164179104
VN.ADM1.00002,cassava,2001,60900.0,6600.0,planted,9.227272727272727
VN.ADM1.00002,cassava,2002,67800.0,7100.0,planted,9.549295774647888
VN.ADM1.00002,cassava,2003,70200.0,6900.0,planted,10.173913043478262
VN.ADM1.00002,cassava,2004,70500.0,7100.0,planted,9.929577464788732
VN.ADM1.00002,cassava,2005,56200.0,5700.0,planted,9.859649122807017
VN.ADM1.00002,cassava,2006,59300.0,5900.0,planted,10.05084745762712
VN.ADM1.00002,cassava,2007,59500.0,5800.0,planted,10.258620689655173
VN.ADM1.00002,cassava,2008,67300.0,6300.0,planted,10.682539682539682
VN.ADM1.00002,cassava,2009,77500.0,6000.0,planted,12.916666666666666
VN.ADM1.00002,cassava,2010,79500.0,6100.0,planted,13.032786885245901
VN.ADM1.00002,cassava,2011,80600.0,6200.0,planted,13.0
VN.ADM1.00002,cassava,2012,82800.0,6300.0,planted,13.142857142857142
VN.ADM1.00002,cassava,2013,88900.0,6800.0,planted,13.073529411764707
VN.ADM1.00002,cassava,2014,85900.0,6600.0,planted,13.015151515151516
VN.ADM1.00002,cassava,2015,82200.0,6400.0,planted,12.84375
VN.ADM1.00002,cassava,2016,75000.0,5800.0,planted,12.931034482758621
VN.ADM1.00002,cassava,2017,62800.0,4700.0,planted,13.361702127659575
VN.ADM1.00002,cassava,2018,51000.0,3700.0,planted,13.783783783783784
VN.ADM1.00002,cassava,2019,39100.0,2800.0,planted,13.964285714285714
VN.ADM1.00002,cassava,2020,33300.0,2200.0,planted,15.136363636363637
VN.ADM1.00002,cassava,2021,29200.0,1900.0,planted,15.368421052631579
VN.ADM1.00002,cassava,2022,26600.0,1700.0,planted,15.647058823529411
VN.ADM1.00002,cassava,2023,20500.0,1400.0,planted,14.642857142857142
VN.ADM1.00003,cassava,1980,7300.0,1100.0,planted,6.636363636363637
VN.ADM1.00003,cassava,1981,9000.0,1000.0,planted,9.0
VN.ADM1.00003,cassava,1982,7600.0,1000.0,planted,7.6
VN.ADM1.00003,cassava,1983,7700.0,1000.0,planted,7.7
VN.ADM1.00003,cassava,1984,7200.0,800.0,planted,9.0
VN.ADM1.00003,cassava,1985,5900.0,800.0,planted,7.375
VN.ADM1.00003,cassava,1986,8200.0,1100.0,planted,7.454545454545454
VN.ADM1.00003,cassava,1987,6500.0,800.0,planted,8.125
VN.ADM1.00003,cassava,1988,6900.0,900.0,planted,7.666666666666667
VN.ADM1.00003,cassava,1989,5600.0,700.0,planted,8.0
VN.ADM1.00003,cassava,1990,5500.0,700.0,planted,7.857142857142857
VN.ADM1.00003,cassava,1995,8500.0,,,
VN.ADM1.00003,cassava,1996,8500.0,,,
VN.ADM1.00003,cassava,1997,5100.0,,,
VN.ADM1.00003,cassava,1998,5500.0,,,
VN.ADM1.00003,cassava,1999,5000.0,,,
VN.ADM1.00003,cassava,2000,5200.0,,,
VN.ADM1.00003,cassava,2001,4700.0,,,
VN.ADM1.00003,cassava,2002,4900.0,,,
VN.ADM1.00003,cassava,2003,4400.0,,,
VN.ADM1.00003,cassava,2004,3700.0,,,
VN.ADM1.00003,cassava,2005,3700.0,,,
VN.ADM1.00003,cassava,2006,2100.0,,,
VN.ADM1.00003,cassava,2007,2500.0,,,
VN.ADM1.00003,cassava,2008,2200.0,,,
VN.ADM1.00003,cassava,2009,15000.0,,,
VN.ADM1.00003,cassava,2022,15800.0,,,
VN.ADM1.00003,cassava,2023,15900.0,,,
VN.ADM1.00004,cassava,1980,224900.0,33700.0,planted,6.673590504451038
VN.ADM1.00004,cassava,1981,245700.0,33900.0,planted,7.247787610619469
VN.ADM1.00004,cassava,1982,244500.0,30200.0,planted,8.096026490066226
VN.ADM1.00004,cassava,1983,177800.0,28400.0,planted,6.26056338028169
VN.ADM1.00004,cassava,1984,203100.0,23400.0,planted,8.679487179487179
VN.ADM1.00004,cassava,1985,91400.0,21900.0,planted,4.17351598173516
VN.ADM1.00004,cassava,1986,124400.0,17100.0,planted,7.2748538011695905
VN.ADM1.00004,cassava,1987,115700.0,15700.0,planted,7.369426751592357
VN.ADM1.00004,cassava,1988,101000.0,15600.0,planted,6.4743589743589745
VN.ADM1.00004,cassava,1989,106000.0,15600.0,planted,6.794871794871795
VN.ADM1.00004,cassava,1990,74500.0,13600.0,planted,5.477941176470588
VN.ADM1.00004,cassava,1995,77800.0,13900.0,planted,5.597122302158273
VN.ADM1.00004,cassava,1996,85500.0,14600.0,planted,5.8561643835616435
VN.ADM1.00004,cassava,1997,104500.0,13800.0,planted,7.572463768115942
VN.ADM1.00004,cassava,1998,70000.0,12600.0,planted,5.555555555555555
VN.ADM1.00004,cassava,1999,73800.0,12700.0,planted,5.811023622047244
VN.ADM1.00004,cassava,2000,92600.0,12600.0,planted,7.349206349206349
VN.ADM1.00004,cassava,2001,82600.0,11500.0,planted,7.182608695652174
VN.ADM1.00004,cassava,2002,104900.0,12600.0,planted,8.325396825396826
VN.ADM1.00004,cassava,2003,161700.0,14900.0,planted,10.85234899328859
VN.ADM1.00004,cassava,2004,212600.0,17700.0,planted,12.01129943502825
VN.ADM1.00004,cassava,2005,299000.0,20000.0,planted,14.95
VN.ADM1.00004,cassava,2006,359600.0,22500.0,planted,15.982222222222223
VN.ADM1.00004,cassava,2007,379500.0,23200.0,planted,16.357758620689655
VN.ADM1.00004,cassava,2008,385100.0,23300.0,planted,16.527896995708154
VN.ADM1.00004,cassava,2009,385500.0,22600.0,planted,17.057522123893804
VN.ADM1.00004,cassava,2010,382300.0,22800.0,planted,16.767543859649123
VN.ADM1.00004,cassava,2011,417400.0,24200.0,planted,17.24793388429752
VN.ADM1.00004,cassava,2012,406100.0,24000.0,planted,16.920833333333334
VN.ADM1.00004,cassava,2013,407400.0,23800.0,planted,17.11764705882353
VN.ADM1.00004,cassava,2014,429200.0,24600.0,planted,17.447154471544714
VN.ADM1.00004,cassava,2015,454700.0,26100.0,planted,17.421455938697317
VN.ADM1.00004,cassava,2016,479800.0,27000.0,planted,17.77037037037037
VN.ADM1.00004,cassava,2017,453300.0,25400.0,planted,17.846456692913385
VN.ADM1.00004,cassava,2018,426500.0,23900.0,planted,17.84518828451883
VN.ADM1.00004,cassava,2019,426800.0,24000.0,planted,17.783333333333335
VN.ADM1.00004,cassava,2020,381400.0,22300.0,planted,17.103139013452914
VN.ADM1.00004,cassava,2021,397300.0,23200.0,planted,17.125
VN.ADM1.00004,cassava,2022,410600.0,23600.0,planted,17.39830508474576
VN.ADM1.00004,cassava,2023,408600.0,23300.0,planted,17.536480686695278
VN.ADM1.00005,cassava,1980,14400.0,1900.0,planted,7.578947368421052
VN.ADM1.00005,cassava,1981,18100.0,2300.0,planted,7.869565217391305
VN.ADM1.00005,cassava,1982,26000.0,3000.0,planted,8.666666666666666
VN.ADM1.00005,cassava,1983,23900.0,2700.0,planted,8.851851851851851
VN.ADM1.00005,cassava,1984,30100.0,3000.0,planted,10.033333333333333
VN.ADM1.00005,cassava,1985,22000.0,2100.0,planted,10.476190476190476
VN.ADM1.00005,cassava,1986,17700.0,1900.0,planted,9.31578947368421
VN.ADM1.00005,cassava,1987,20800.0,1900.0,planted,10.947368421052632
VN.ADM1.00005,cassava,1988,19800.0,1900.0,planted,10.421052631578947
VN.ADM1.00005,cassava,1989,18300.0,2100.0,planted,8.714285714285714
VN.ADM1.00005,cassava,1990,16300.0,1900.0,planted,8.578947368421053
VN.ADM1.00005,cassava,1995,14500.0,2500.0,planted,5.8
VN.ADM1.00005,cassava,1996,9200.0,2600.0,planted,3.5384615384615383
VN.ADM1.00005,cassava,1997,13100.0,1600.0,planted,8.1875
VN.ADM1.00005,cassava,1998,12200.0,1500.0,planted,8.133333333333333
VN.ADM1.00005,cassava,1999,11700.0,1400.0,planted,8.357142857142858
VN.ADM1.00005,cassava,2000,13000.0,1600.0,planted,8.125
VN.ADM1.00005,cassava,2001,13000.0,1600.0,planted,8.125
VN.ADM1.00005,cassava,2002,12800.0,1600.0,planted,8.0
VN.ADM1.00005,cassava,2003,14400.0,1700.0,planted,8.470588235294118
VN.ADM1.00005,cassava,2004,20600.0,2300.0,planted,8.956521739130435
VN.ADM1.00005,cassava,2005,21600.0,2200.0,planted,9.818181818181818
VN.ADM1.00005,cassava,2006,19400.0,2000.0,planted,9.7
VN.ADM1.00005,cassava,2007,20700.0,2100.0,planted,9.857142857142858
VN.ADM1.00005,cassava,2008,21600.0,2100.0,planted,10.285714285714286
VN.ADM1.00005,cassava,2009,20600.0,2100.0,planted,9.80952380952381
VN.ADM1.00005,cassava,2010,22700.0,2300.0,planted,9.869565217391305
VN.ADM1.00005,cassava,2011,33600.0,2600.0,planted,12.923076923076923
VN.ADM1.00005,cassava,2012,32200.0,2700.0,planted,11.925925925925926
VN.ADM1.00005,cassava,2013,40800.0,3000.0,planted,13.6
VN.ADM1.00005,cassava,2014,45100.0,3200.0,planted,14.09375
VN.ADM1.00005,cassava,2015,59900.0,4000.0,planted,14.975
VN.ADM1.00005,cassava,2016,51900.0,3500.0,planted,14.82857142857143
VN.ADM1.00005,cassava,2017,43100.0,2900.0,planted,14.862068965517242
VN.ADM1.00005,cassava,2018,37200.0,2700.0,planted,13.777777777777779
VN.ADM1.00005,cassava,2019,44500.0,2800.0,planted,15.892857142857142
VN.ADM1.00005,cassava,2020,33700.0,2200.0,planted,15.318181818181818
VN.ADM1.00005,cassava,2021,44800.0,2900.0,planted,15.448275862068966
VN.ADM1.00005,cassava,2022,51900.0,3400.0,planted,15.264705882352942
VN.ADM1.00005,cassava,2023,45700.0,3400.0,planted,13.441176470588236
VN.ADM1.00006,cassava,1980,35700.0,3300.0,planted,10.818181818181818
VN.ADM1.00006,cassava,1981,36600.0,3300.0,planted,11.090909090909092
VN.ADM1.00006,cassava,1982,28600.0,3400.0,planted,8.411764705882353
VN.ADM1.00006,cassava,1983,35900.0,3200.0,planted,11.21875
VN.ADM1.00006,cassava,1984,43400.0,3700.0,planted,11.72972972972973
VN.ADM1.00006,cassava,1985,42300.0,3600.0,planted,11.75
VN.ADM1.00006,cassava,1986,40400.0,3400.0,planted,11.882352941176471
VN.ADM1.00006,cassava,1987,41700.0,3600.0,planted,11.583333333333334
VN.ADM1.00006,cassava,1988,42100.0,3600.0,planted,11.694444444444445
VN.ADM1.00006,cassava,1989,45800.0,3800.0,planted,12.052631578947368
VN.ADM1.00006,cassava,1990,40000.0,3400.0,planted,11.764705882352942
VN.ADM1.00006,cassava,1995,5200.0,400.0,planted,13.0
VN.ADM1.00006,cassava,1996,3500.0,300.0,planted,11.666666666666666
VN.ADM1.00006,cassava,1997,2800.0,200.0,planted,14.0
VN.ADM1.00006,cassava,1998,1800.0,300.0,planted,6.0
VN.ADM1.00006,cassava,1999,3300.0,300.0,planted,11.0
VN.ADM1.00006,cassava,2000,3100.0,200.0,planted,15.5
VN.ADM1.00006,cassava,2001,3500.0,300.0,planted,11.666666666666666
VN.ADM1.00006,cassava,2002,2800.0,200.0,planted,14.0
VN.ADM1.00006,cassava,2003,2100.0,200.0,planted,10.5
VN.ADM1.00006,cassava,2004,1800.0,100.0,planted,18.0
VN.ADM1.00006,cassava,2005,2400.0,200.0,planted,12.0
VN.ADM1.00006,cassava,2006,3000.0,200.0,planted,15.0
VN.ADM1.00006,cassava,2007,3000.0,200.0,planted,15.0
VN.ADM1.00006,cassava,2008,2800.0,200.0,planted,14.0
VN.ADM1.00006,cassava,2009,3100.0,200.0,planted,15.5
VN.ADM1.00006,cassava,2010,3100.0,200.0,planted,15.5
VN.ADM1.00006,cassava,2011,3200.0,,,
VN.ADM1.00006,cassava,2012,3200.0,200.0,planted,16.0
VN.ADM1.00006,cassava,2013,2700.0,200.0,planted,13.5
VN.ADM1.00006,cassava,2014,2900.0,200.0,planted,14.5
VN.ADM1.00006,cassava,2015,3000.0,200.0,planted,15.0
VN.ADM1.00006,cassava,2016,20400.0,200.0,planted,102.0
VN.ADM1.00006,cassava,2017,24600.0,200.0,planted,123.0
VN.ADM1.00006,cassava,2018,24000.0,200.0,planted,120.0
VN.ADM1.00006,cassava,2019,32700.0,200.0,planted,163.5
VN.ADM1.00006,cassava,2020,26400.0,200.0,planted,132.0
VN.ADM1.00006,cassava,2021,19400.0,200.0,planted,97.0
VN.ADM1.00006,cassava,2022,5500.0,200.0,planted,27.5
VN.ADM1.00006,cassava,2023,6400.0,700.0,planted,9.142857142857142
VN.ADM1.00007,cassava,1980,97400.0,4500.0,planted,21.644444444444446
VN.ADM1.00007,cassava,1981,58800.0,7600.0,planted,7.7368421052631575
VN.ADM1.00007,cassava,1982,56600.0,7500.0,planted,7.546666666666667
VN.ADM1.00007,cassava,1983,56500.0,6300.0,planted,8.968253968253968
VN.ADM1.00007,cassava,1984,41800.0,4600.0,planted,9.08695652173913
VN.ADM1.00007,cassava,1985,41800.0,4400.0,planted,9.5
VN.ADM1.00007,cassava,1986,39700.0,4300.0,planted,9.232558139534884
VN.ADM1.00007,cassava,1987,40000.0,4300.0,planted,9.30232558139535
VN.ADM1.00007,cassava,1988,52400.0,5700.0,planted,9.192982456140351
VN.ADM1.00007,cassava,1989,46700.0,4800.0,planted,9.729166666666666
VN.ADM1.00007,cassava,1990,57700.0,5600.0,planted,10.303571428571429
VN.ADM1.00007,cassava,1995,49500.0,4800.0,planted,10.3125
VN.ADM1.00007,cassava,1996,48600.0,5400.0,planted,9.0
VN.ADM1.00007,cassava,1997,46600.0,4500.0,planted,10.355555555555556
VN.ADM1.00007,cassava,1998,37000.0,4200.0,planted,8.80952380952381
VN.ADM1.00007,cassava,1999,33200.0,3600.0,planted,9.222222222222221
VN.ADM1.00007,cassava,2000,37200.0,4000.0,planted,9.3
VN.ADM1.00007,cassava,2001,50500.0,4400.0,planted,11.477272727272727
VN.ADM1.00007,cassava,2002,266400.0,12600.0,planted,21.142857142857142
VN.ADM1.00007,cassava,2003,374900.0,16500.0,planted,22.721212121212123
VN.ADM1.00007,cassava,2004,419700.0,17700.0,planted,23.71186440677966
VN.ADM1.00007,cassava,2005,677200.0,28600.0,planted,23.678321678321677
VN.ADM1.00007,cassava,2006,986800.0,44500.0,planted,22.175280898876405
VN.ADM1.00007,cassava,2007,875600.0,41000.0,planted,21.35609756097561
VN.ADM1.00007,cassava,2008,950600.0,47100.0,planted,20.182590233545646
VN.ADM1.00007,cassava,2009,745800.0,41300.0,planted,18.058111380145277
VN.ADM1.00007,cassava,2010,759600.0,40600.0,planted,18.70935960591133
VN.ADM1.00007,cassava,2011,936200.0,49700.0,planted,18.83702213279678
VN.ADM1.00007,cassava,2012,867900.0,48500.0,planted,17.894845360824743
VN.ADM1.00007,cassava,2013,918800.0,50400.0,planted,18.23015873015873
VN.ADM1.00007,cassava,2014,933000.0,51600.0,planted,18.08139534883721
VN.ADM1.00007,cassava,2015,1011900.0,53600.0,planted,18.878731343283583
VN.ADM1.00007,cassava,2016,954000.0,51300.0,planted,18.596491228070175
VN.ADM1.00007,cassava,2017,907000.0,49400.0,planted,18.360323886639677
VN.ADM1.00007,cassava,2018,926200.0,50900.0,planted,18.19646365422397
VN.ADM1.00007,cassava,2019,1024900.0,50500.0,planted,20.295049504950494
VN.ADM1.00007,cassava,2020,1040700.0,52400.0,planted,19.860687022900763
VN.ADM1.00007,cassava,2021,1198000.0,51200.0,planted,23.3984375
VN.ADM1.00007,cassava,2022,1163400.0,48600.0,planted,23.938271604938272
VN.ADM1.00007,cassava,2023,1147300.0,46600.0,planted,24.620171673819744
VN.ADM1.00008,cassava,1980,277400.0,28500.0,planted,9.733333333333333
VN.ADM1.00008,cassava,1981,245900.0,25600.0,planted,9.60546875
VN.ADM1.00008,cassava,1982,207000.0,23100.0,planted,8.96103896103896
VN.ADM1.00008,cassava,1983,266000.0,22600.0,planted,11.769911504424778
VN.ADM1.00008,cassava,1984,242000.0,20400.0,planted,11.862745098039216
VN.ADM1.00008,cassava,1985,279000.0,23200.0,planted,12.025862068965518
VN.ADM1.00008,cassava,1986,282000.0,23700.0,planted,11.89873417721519
VN.ADM1.00008,cassava,1987,254200.0,19100.0,planted,13.30890052356021
VN.ADM1.00008,cassava,1988,310600.0,20900.0,planted,14.861244019138756
VN.ADM1.00008,cassava,1989,221900.0,16000.0,planted,13.86875
VN.ADM1.00008,cassava,1990,193100.0,14600.0,planted,13.226027397260275
VN.ADM1.00008,cassava,1995,215400.0,20800.0,planted,10.35576923076923
VN.ADM1.00008,cassava,1996,158700.0,19400.0,planted,8.18041237113402
VN.ADM1.00008,cassava,1997,163300.0,10300.0,planted,15.854368932038835
VN.ADM1.00008,cassava,1998,134700.0,17100.0,planted,7.87719298245614
VN.ADM1.00008,cassava,1999,115300.0,11600.0,planted,9.939655172413794
VN.ADM1.00008,cassava,2000,116800.0,12100.0,planted,9.652892561983471
VN.ADM1.00008,cassava,2001,424300.0,22800.0,planted,18.609649122807017
VN.ADM1.00008,cassava,2002,389800.0,21200.0,planted,18.38679245283019
VN.ADM1.00008,cassava,2003,478900.0,24500.0,planted,19.546938775510203
VN.ADM1.00008,cassava,2004,518400.0,25500.0,planted,20.32941176470588
VN.ADM1.00008,cassava,2005,586200.0,26800.0,planted,21.87313432835821
VN.ADM1.00008,cassava,2006,575200.0,25800.0,planted,22.294573643410853
VN.ADM1.00008,cassava,2007,633900.0,26700.0,planted,23.741573033707866
VN.ADM1.00008,cassava,2008,750900.0,31200.0,planted,24.067307692307693
VN.ADM1.00008,cassava,2009,500500.0,24600.0,planted,20.34552845528455
VN.ADM1.00008,cassava,2010,574100.0,24000.0,planted,23.920833333333334
VN.ADM1.00008,cassava,2011,620500.0,25600.0,planted,24.23828125
VN.ADM1.00008,cassava,2012,578800.0,23200.0,planted,24.948275862068964
VN.ADM1.00008,cassava,2013,579200.0,23100.0,planted,25.073593073593074
VN.ADM1.00008,cassava,2014,593700.0,23600.0,planted,25.156779661016948
VN.ADM1.00008,cassava,2015,617900.0,24400.0,planted,25.32377049180328
VN.ADM1.00008,cassava,2016,488700.0,24400.0,planted,20.028688524590162
VN.ADM1.00008,cassava,2017,502100.0,23100.0,planted,21.735930735930737
VN.ADM1.00008,cassava,2018,521900.0,22500.0,planted,23.195555555555554
VN.ADM1.00008,cassava,2019,443800.0,22700.0,planted,19.550660792951543
VN.ADM1.00008,cassava,2020,517100.0,23700.0,planted,21.81856540084388
VN.ADM1.00008,cassava,2021,512000.0,23900.0,planted,21.422594142259413
VN.ADM1.00008,cassava,2022,155300.0,23000.0,planted,6.752173913043478
VN.ADM1.00008,cassava,2023,143200.0,23000.0,planted,6.226086956521739
VN.ADM1.00009,cassava,1980,400.0,0.0,planted,
VN.ADM1.00009,cassava,1981,200.0,300.0,planted,0.6666666666666666
VN.ADM1.00009,cassava,1982,600.0,100.0,planted,6.0
VN.ADM1.00009,cassava,1983,600.0,100.0,planted,6.0
VN.ADM1.00009,cassava,1984,500.0,100.0,planted,5.0
VN.ADM1.00009,cassava,1985,500.0,100.0,planted,5.0
VN.ADM1.00009,cassava,1986,300.0,0.0,planted,
VN.ADM1.00009,cassava,1987,500.0,100.0,planted,5.0
VN.ADM1.00009,cassava,1988,500.0,100.0,planted,5.0
VN.ADM1.00009,cassava,1989,300.0,100.0,planted,3.0
VN.ADM1.00009,cassava,1990,300.0,100.0,planted,3.0
VN.ADM1.00010,cassava,1980,168400.0,19600.0,planted,8.591836734693878
VN.ADM1.00010,cassava,1981,137500.0,16400.0,planted,8.384146341463415
VN.ADM1.00010,cassava,1982,125500.0,15700.0,planted,7.993630573248407
VN.ADM1.00010,cassava,1983,138500.0,14800.0,planted,9.358108108108109
VN.ADM1.00010,cassava,1984,115400.0,13700.0,planted,8.423357664233576
VN.ADM1.00010,cassava,1985,119800.0,13300.0,planted,9.007518796992482
VN.ADM1.00010,cassava,1986,122900.0,13300.0,planted,9.240601503759398
VN.ADM1.00010,cassava,1987,132800.0,14900.0,planted,8.912751677852349
VN.ADM1.00010,cassava,1988,153800.0,17800.0,planted,8.640449438202246
VN.ADM1.00010,cassava,1989,142800.0,15300.0,planted,9.333333333333334
VN.ADM1.00010,cassava,1990,125000.0,13500.0,planted,9.25925925925926
VN.ADM1.00010,cassava,1995,212500.0,24500.0,planted,8.673469387755102
VN.ADM1.00010,cassava,1996,202200.0,37900.0,planted,5.33509234828496
VN.ADM1.00010,cassava,1997,239300.0,25700.0,planted,9.311284046692608
VN.ADM1.00010,cassava,1998,210700.0,24400.0,planted,8.635245901639344
VN.ADM1.00010,cassava,1999,245000.0,28700.0,planted,8.536585365853659
VN.ADM1.00010,cassava,2000,300400.0,32700.0,planted,9.186544342507645
VN.ADM1.00010,cassava,2001,318900.0,32100.0,planted,9.934579439252337
VN.ADM1.00010,cassava,2002,439800.0,39800.0,planted,11.050251256281408
VN.ADM1.00010,cassava,2003,559800.0,47700.0,planted,11.735849056603774
VN.ADM1.00010,cassava,2004,630200.0,51700.0,planted,12.189555125725338
VN.ADM1.00010,cassava,2005,755700.0,59600.0,planted,12.679530201342281
VN.ADM1.00010,cassava,2006,1053800.0,79700.0,planted,13.222082810539524
VN.ADM1.00010,cassava,2007,1186900.0,86800.0,planted,13.673963133640553
VN.ADM1.00010,cassava,2008,1374100.0,98600.0,planted,13.936105476673427
VN.ADM1.00010,cassava,2009,1359200.0,93700.0,planted,14.505869797225186
VN.ADM1.00010,cassava,2010,1396700.0,90400.0,planted,15.450221238938052
VN.ADM1.00010,cassava,2011,1645700.0,105100.0,planted,15.658420551855375
VN.ADM1.00010,cassava,2012,1585000.0,98300.0,planted,16.12410986775178
VN.ADM1.00010,cassava,2013,1550200.0,94200.0,planted,16.45647558386412
VN.ADM1.00010,cassava,2014,1687500.0,99600.0,planted,16.94277108433735
VN.ADM1.00010,cassava,2015,1772900.0,103200.0,planted,17.17926356589147
VN.ADM1.00010,cassava,2016,1789400.0,103900.0,planted,17.2223291626564
VN.ADM1.00010,cassava,2017,1826400.0,104400.0,planted,17.49425287356322
VN.ADM1.00010,cassava,2018,1915200.0,107000.0,planted,17.89906542056075
VN.ADM1.00010,cassava,2019,2090100.0,112100.0,planted,18.644959857270294
VN.ADM1.00010,cassava,2020,2182700.0,118200.0,planted,18.46615905245347
VN.ADM1.00010,cassava,2021,2173100.0,117600.0,planted,18.47874149659864
VN.ADM1.00010,cassava,2022,2208500.0,120600.0,planted,18.312603648424545
VN.ADM1.00010,cassava,2023,2230200.0,119500.0,planted,18.66276150627615
VN.ADM1.00011,cassava,1980,87000.0,12400.0,planted,7.016129032258065
VN.ADM1.00011,cassava,1981,88000.0,11800.0,planted,7.4576271186440675
VN.ADM1.00011,cassava,1982,96600.0,12400.0,planted,7.790322580645161
VN.ADM1.00011,cassava,1983,97000.0,12100.0,planted,8.016528925619834
VN.ADM1.00011,cassava,1984,108700.0,12000.0,planted,9.058333333333334
VN.ADM1.00011,cassava,1985,87700.0,10400.0,planted,8.432692307692308
VN.ADM1.00011,cassava,1986,83600.0,9800.0,planted,8.53061224489796
VN.ADM1.00011,cassava,1987,82100.0,9500.0,planted,8.642105263157895
VN.ADM1.00011,cassava,1988,93300.0,9600.0,planted,9.71875
VN.ADM1.00011,cassava,1989,84700.0,8800.0,planted,9.625
VN.ADM1.00011,cassava,1990,81100.0,8400.0,planted,9.654761904761905
VN.ADM1.00011,cassava,1996,49500.0,6600.0,planted,7.5
VN.ADM1.00011,cassava,1997,45700.0,5400.0,planted,8.462962962962964
VN.ADM1.00011,cassava,1998,40800.0,4800.0,planted,8.5
VN.ADM1.00011,cassava,1999,30400.0,3600.0,planted,8.444444444444445
VN.ADM1.00011,cassava,2000,32200.0,3500.0,planted,9.2
VN.ADM1.00011,cassava,2001,33300.0,3600.0,planted,9.25
VN.ADM1.00011,cassava,2002,32000.0,3400.0,planted,9.411764705882353
VN.ADM1.00011,cassava,2003,28700.0,3000.0,planted,9.566666666666666
VN.ADM1.00011,cassava,2004,33000.0,3200.0,planted,10.3125
VN.ADM1.00011,cassava,2005,36600.0,3400.0,planted,10.764705882352942
VN.ADM1.00011,cassava,2006,50800.0,4700.0,planted,10.808510638297872
VN.ADM1.00011,cassava,2007,54100.0,4500.0,planted,12.022222222222222
VN.ADM1.00011,cassava,2008,67700.0,5400.0,planted,12.537037037037036
VN.ADM1.00011,cassava,2009,62900.0,4800.0,planted,13.104166666666666
VN.ADM1.00011,cassava,2010,70100.0,5200.0,planted,13.48076923076923
VN.ADM1.00011,cassava,2011,80400.0,5700.0,planted,14.105263157894736
VN.ADM1.00011,cassava,2012,81100.0,5800.0,planted,13.982758620689655
VN.ADM1.00011,cassava,2013,82300.0,5900.0,planted,13.94915254237288
VN.ADM1.00011,cassava,2014,82900.0,5700.0,planted,14.543859649122806
VN.ADM1.00011,cassava,2015,71700.0,5000.0,planted,14.34
VN.ADM1.00011,cassava,2016,63200.0,4300.0,planted,14.69767441860465
VN.ADM1.00011,cassava,2017,52300.0,3500.0,planted,14.942857142857143
VN.ADM1.00011,cassava,2018,45200.0,3000.0,planted,15.066666666666666
VN.ADM1.00011,cassava,2019,40300.0,2700.0,planted,14.925925925925926
VN.ADM1.00011,cassava,2020,33100.0,2200.0,planted,15.045454545454545
VN.ADM1.00011,cassava,2021,23000.0,1500.0,planted,15.333333333333334
VN.ADM1.00011,cassava,2022,18500.0,1200.0,planted,15.416666666666666
VN.ADM1.00011,cassava,2023,16400.0,1100.0,planted,14.909090909090908
VN.ADM1.00012,cassava,1980,11400.0,1400.0,planted,8.142857142857142
VN.ADM1.00012,cassava,1981,13600.0,1700.0,planted,8.0
VN.ADM1.00012,cassava,1982,15600.0,2000.0,planted,7.8
VN.ADM1.00012,cassava,1983,18500.0,2200.0,planted,8.409090909090908
VN.ADM1.00012,cassava,1984,16200.0,1900.0,planted,8.526315789473685
VN.ADM1.00012,cassava,1985,14300.0,1800.0,planted,7.944444444444445
VN.ADM1.00012,cassava,1986,15500.0,2000.0,planted,7.75
VN.ADM1.00012,cassava,1987,17500.0,2000.0,planted,8.75
VN.ADM1.00012,cassava,1988,22700.0,2200.0,planted,10.318181818181818
VN.ADM1.00012,cassava,1989,22400.0,2200.0,planted,10.181818181818182
VN.ADM1.00012,cassava,1990,21300.0,2100.0,planted,10.142857142857142
VN.ADM1.00013,cassava,1980,110800.0,22900.0,planted,4.8384279475982535
VN.ADM1.00013,cassava,1981,116100.0,20500.0,planted,5.663414634146341
VN.ADM1.00013,cassava,1982,135300.0,20700.0,planted,6.536231884057971
VN.ADM1.00013,cassava,1983,124000.0,19200.0,planted,6.458333333333333
VN.ADM1.00013,cassava,1984,120200.0,18900.0,planted,6.35978835978836
VN.ADM1.00013,cassava,1985,133200.0,20300.0,planted,6.561576354679803
VN.ADM1.00013,cassava,1986,123200.0,19200.0,planted,6.416666666666667
VN.ADM1.00013,cassava,1987,114400.0,18000.0,planted,6.355555555555555
VN.ADM1.00013,cassava,1988,134100.0,19900.0,planted,6.738693467336684
VN.ADM1.00013,cassava,1989,135100.0,19800.0,planted,6.8232323232323235
VN.ADM1.00013,cassava,1990,112000.0,16600.0,planted,6.746987951807229
VN.ADM1.00013,cassava,1995,55600.0,9300.0,planted,5.978494623655914
VN.ADM1.00013,cassava,1996,62900.0,8700.0,planted,7.2298850574712645
VN.ADM1.00013,cassava,1997,62200.0,9000.0,planted,6.911111111111111
VN.ADM1.00013,cassava,1998,60500.0,8700.0,planted,6.954022988505747
VN.ADM1.00013,cassava,1999,64000.0,9200.0,planted,6.956521739130435
VN.ADM1.00013,cassava,2000,76600.0,10200.0,planted,7.509803921568627
VN.ADM1.00013,cassava,2001,67700.0,9300.0,planted,7.279569892473118
VN.ADM1.00013,cassava,2002,68500.0,8900.0,planted,7.696629213483146
VN.ADM1.00013,cassava,2003,87300.0,9900.0,planted,8.818181818181818
VN.ADM1.00013,cassava,2004,99400.0,10400.0,planted,9.557692307692308
VN.ADM1.00013,cassava,2005,103900.0,10900.0,planted,9.53211009174312
VN.ADM1.00013,cassava,2006,107800.0,11400.0,planted,9.456140350877194
VN.ADM1.00013,cassava,2007,111700.0,11600.0,planted,9.629310344827585
VN.ADM1.00013,cassava,2008,179100.0,15600.0,planted,11.48076923076923
VN.ADM1.00013,cassava,2009,161400.0,13500.0,planted,11.955555555555556
VN.ADM1.00013,cassava,2010,162200.0,13400.0,planted,12.104477611940299
VN.ADM1.00013,cassava,2011,184700.0,14700.0,planted,12.564625850340136
VN.ADM1.00013,cassava,2012,185900.0,14400.0,planted,12.909722222222221
VN.ADM1.00013,cassava,2013,186900.0,14300.0,planted,13.06993006993007
VN.ADM1.00013,cassava,2014,194500.0,14400.0,planted,13.506944444444445
VN.ADM1.00013,cassava,2015,184500.0,13500.0,planted,13.666666666666666
VN.ADM1.00013,cassava,2016,176400.0,12800.0,planted,13.78125
VN.ADM1.00013,cassava,2017,152800.0,11200.0,planted,13.642857142857142
VN.ADM1.00013,cassava,2018,142300.0,10200.0,planted,13.950980392156863
VN.ADM1.00013,cassava,2019,138600.0,9700.0,planted,14.288659793814434
VN.ADM1.00013,cassava,2020,141600.0,9400.0,planted,15.063829787234043
VN.ADM1.00013,cassava,2021,135200.0,8700.0,planted,15.540229885057471
VN.ADM1.00013,cassava,2022,128800.0,8300.0,planted,15.518072289156626
VN.ADM1.00013,cassava,2023,134200.0,8300.0,planted,16.16867469879518
VN.ADM1.00015,cassava,1980,100300.0,11400.0,planted,8.798245614035087
VN.ADM1.00015,cassava,1981,96000.0,10900.0,planted,8.807339449541285
VN.ADM1.00015,cassava,1982,121500.0,12800.0,planted,9.4921875
VN.ADM1.00015,cassava,1983,135500.0,13300.0,planted,10.18796992481203
VN.ADM1.00015,cassava,1984,135100.0,13100.0,planted,10.312977099236642
VN.ADM1.00015,cassava,1985,137800.0,12900.0,planted,10.682170542635658
VN.ADM1.00015,cassava,1986,141200.0,12800.0,planted,11.03125
VN.ADM1.00015,cassava,1987,135800.0,11800.0,planted,11.508474576271187
VN.ADM1.00015,cassava,1988,135400.0,12700.0,planted,10.661417322834646
VN.ADM1.00015,cassava,1989,128600.0,13500.0,planted,9.525925925925925
VN.ADM1.00015,cassava,1990,103200.0,12300.0,planted,8.390243902439025
VN.ADM1.00015,cassava,1995,65000.0,9600.0,planted,6.770833333333333
VN.ADM1.00015,cassava,1996,54800.0,9000.0,planted,6.088888888888889
VN.ADM1.00015,cassava,1997,80800.0,8800.0,planted,9.181818181818182
VN.ADM1.00015,cassava,1998,54400.0,7200.0,planted,7.555555555555555
VN.ADM1.00015,cassava,1999,62800.0,7300.0,planted,8.602739726027398
VN.ADM1.00015,cassava,2000,59400.0,6900.0,planted,8.608695652173912
VN.ADM1.00015,cassava,2001,60700.0,6600.0,planted,9.196969696969697
VN.ADM1.00015,cassava,2002,59800.0,6300.0,planted,9.492063492063492
VN.ADM1.00015,cassava,2003,60100.0,6100.0,planted,9.852459016393443
VN.ADM1.00015,cassava,2004,59700.0,6000.0,planted,9.95
VN.ADM1.00015,cassava,2005,64200.0,6300.0,planted,10.19047619047619
VN.ADM1.00015,cassava,2006,88200.0,7800.0,planted,11.307692307692308
VN.ADM1.00015,cassava,2007,84400.0,7400.0,planted,11.405405405405405
VN.ADM1.00015,cassava,2008,114100.0,10100.0,planted,11.297029702970297
VN.ADM1.00015,cassava,2009,88100.0,8400.0,planted,10.488095238095237
VN.ADM1.00015,cassava,2010,94900.0,8800.0,planted,10.784090909090908
VN.ADM1.00015,cassava,2011,80700.0,6400.0,planted,12.609375
VN.ADM1.00015,cassava,2012,104100.0,9900.0,planted,10.515151515151516
VN.ADM1.00015,cassava,2013,95800.0,9300.0,planted,10.301075268817204
VN.ADM1.00015,cassava,2014,93900.0,9200.0,planted,10.206521739130435
VN.ADM1.00015,cassava,2015,96100.0,9200.0,planted,10.445652173913043
VN.ADM1.00015,cassava,2016,97400.0,9400.0,planted,10.361702127659575
VN.ADM1.00015,cassava,2017,93300.0,8900.0,planted,10.48314606741573
VN.ADM1.00015,cassava,2018,92000.0,8400.0,planted,10.952380952380953
VN.ADM1.00015,cassava,2019,81000.0,7700.0,planted,10.519480519480519
VN.ADM1.00015,cassava,2020,76500.0,7300.0,planted,10.479452054794521
VN.ADM1.00015,cassava,2021,74200.0,7100.0,planted,10.450704225352112
VN.ADM1.00015,cassava,2022,70300.0,6700.0,planted,10.492537313432836
VN.ADM1.00015,cassava,2023,66900.0,6400.0,planted,10.453125
VN.ADM1.00016,cassava,1980,8100.0,1200.0,planted,6.75
VN.ADM1.00016,cassava,1981,8700.0,1300.0,planted,6.6923076923076925
VN.ADM1.00016,cassava,1982,9500.0,1300.0,planted,7.3076923076923075
VN.ADM1.00016,cassava,1983,6800.0,1200.0,planted,5.666666666666667
VN.ADM1.00016,cassava,1984,7100.0,1200.0,planted,5.916666666666667
VN.ADM1.00016,cassava,1985,7200.0,1200.0,planted,6.0
VN.ADM1.00016,cassava,1986,6600.0,1100.0,planted,6.0
VN.ADM1.00016,cassava,1987,5600.0,700.0,planted,8.0
VN.ADM1.00016,cassava,1988,4600.0,600.0,planted,7.666666666666667
VN.ADM1.00016,cassava,1989,4200.0,500.0,planted,8.4
VN.ADM1.00016,cassava,1990,2800.0,300.0,planted,9.333333333333334
VN.ADM1.00017,cassava,1980,1600.0,400.0,planted,4.0
VN.ADM1.00017,cassava,1981,1700.0,300.0,planted,5.666666666666667
VN.ADM1.00017,cassava,1982,2100.0,300.0,planted,7.0
VN.ADM1.00017,cassava,1983,2300.0,300.0,planted,7.666666666666667
VN.ADM1.00017,cassava,1984,2300.0,300.0,planted,7.666666666666667
VN.ADM1.00017,cassava,1985,2600.0,300.0,planted,8.666666666666666
VN.ADM1.00017,cassava,1986,2000.0,200.0,planted,10.0
VN.ADM1.00017,cassava,1987,2700.0,300.0,planted,9.0
VN.ADM1.00017,cassava,1988,2800.0,300.0,planted,9.333333333333334
VN.ADM1.00017,cassava,1989,2800.0,300.0,planted,9.333333333333334
VN.ADM1.00017,cassava,1990,2900.0,300.0,planted,9.666666666666666
VN.ADM1.00018,cassava,1980,800.0,100.0,planted,8.0
VN.ADM1.00018,cassava,1981,2500.0,300.0,planted,8.333333333333334
VN.ADM1.00018,cassava,1982,4000.0,500.0,planted,8.0
VN.ADM1.00018,cassava,1983,2800.0,300.0,planted,9.333333333333334
VN.ADM1.00018,cassava,1984,3900.0,500.0,planted,7.8
VN.ADM1.00018,cassava,1985,1900.0,200.0,planted,9.5
VN.ADM1.00018,cassava,1986,3300.0,400.0,planted,8.25
VN.ADM1.00018,cassava,1987,4400.0,500.0,planted,8.8
VN.ADM1.00018,cassava,1988,4600.0,500.0,planted,9.2
VN.ADM1.00018,cassava,1989,4500.0,500.0,planted,9.0
VN.ADM1.00018,cassava,1990,4200.0,500.0,planted,8.4
VN.ADM1.00019,cassava,1980,38100.0,4700.0,planted,8.106382978723405
VN.ADM1.00019,cassava,1981,24100.0,2800.0,planted,8.607142857142858
VN.ADM1.00019,cassava,1982,19700.0,2400.0,planted,8.208333333333334
VN.ADM1.00019,cassava,1983,19700.0,2300.0,planted,8.565217391304348
VN.ADM1.00019,cassava,1984,21500.0,2400.0,planted,8.958333333333334
VN.ADM1.00019,cassava,1985,17300.0,1900.0,planted,9.105263157894736
VN.ADM1.00019,cassava,1986,15600.0,1600.0,planted,9.75
VN.ADM1.00019,cassava,1987,11000.0,1200.0,planted,9.166666666666666
VN.ADM1.00019,cassava,1988,11100.0,1200.0,planted,9.25
VN.ADM1.00019,cassava,1989,7800.0,800.0,planted,9.75
VN.ADM1.00019,cassava,1990,7400.0,800.0,planted,9.25
VN.ADM1.00020,cassava,1980,206400.0,17700.0,planted,11.661016949152541
VN.ADM1.00020,cassava,1981,182600.0,15900.0,planted,11.484276729559749
VN.ADM1.00020,cassava,1982,190500.0,16300.0,planted,11.687116564417177
VN.ADM1.00020,cassava,1983,186000.0,15700.0,planted,11.847133757961783
VN.ADM1.00020,cassava,1984,214600.0,18400.0,planted,11.66304347826087
VN.ADM1.00020,cassava,1985,211100.0,18300.0,planted,11.53551912568306
VN.ADM1.00020,cassava,1986,200900.0,17200.0,planted,11.680232558139535
VN.ADM1.00020,cassava,1987,180200.0,15500.0,planted,11.625806451612902
VN.ADM1.00020,cassava,1988,199600.0,17400.0,planted,11.471264367816092
VN.ADM1.00020,cassava,1989,195100.0,17100.0,planted,11.409356725146198
VN.ADM1.00020,cassava,1990,149800.0,14100.0,planted,10.624113475177305
VN.ADM1.00020,cassava,1995,123000.0,13300.0,planted,9.24812030075188
VN.ADM1.00020,cassava,1996,118400.0,13100.0,planted,9.038167938931299
VN.ADM1.00020,cassava,1997,159300.0,14400.0,planted,11.0625
VN.ADM1.00020,cassava,1998,118000.0,14200.0,planted,8.309859154929578
VN.ADM1.00020,cassava,1999,138600.0,14400.0,planted,9.625
VN.ADM1.00020,cassava,2000,132600.0,14800.0,planted,8.95945945945946
VN.ADM1.00020,cassava,2001,141900.0,14700.0,planted,9.653061224489797
VN.ADM1.00020,cassava,2002,182300.0,15500.0,planted,11.761290322580646
VN.ADM1.00020,cassava,2003,225700.0,16500.0,planted,13.67878787878788
VN.ADM1.00020,cassava,2004,263600.0,17000.0,planted,15.505882352941176
VN.ADM1.00020,cassava,2005,290400.0,18300.0,planted,15.868852459016393
VN.ADM1.00020,cassava,2006,320700.0,19500.0,planted,16.446153846153845
VN.ADM1.00020,cassava,2007,352100.0,21200.0,planted,16.608490566037737
VN.ADM1.00020,cassava,2008,393300.0,24000.0,planted,16.3875
VN.ADM1.00020,cassava,2009,344100.0,21300.0,planted,16.154929577464788
VN.ADM1.00020,cassava,2010,349200.0,21400.0,planted,16.317757009345794
VN.ADM1.00020,cassava,2011,396500.0,25000.0,planted,15.86
VN.ADM1.00020,cassava,2012,419200.0,25500.0,planted,16.43921568627451
VN.ADM1.00020,cassava,2013,439900.0,26100.0,planted,16.8544061302682
VN.ADM1.00020,cassava,2014,431300.0,25600.0,planted,16.84765625
VN.ADM1.00020,cassava,2015,420300.0,24700.0,planted,17.016194331983804
VN.ADM1.00020,cassava,2016,402400.0,23600.0,planted,17.050847457627118
VN.ADM1.00020,cassava,2017,358200.0,21100.0,planted,16.976303317535546
VN.ADM1.00020,cassava,2018,297500.0,17600.0,planted,16.90340909090909
VN.ADM1.00020,cassava,2019,266600.0,15900.0,planted,16.767295597484278
VN.ADM1.00020,cassava,2020,246200.0,14200.0,planted,17.338028169014084
VN.ADM1.00020,cassava,2021,254200.0,14200.0,planted,17.901408450704224
VN.ADM1.00020,cassava,2022,268600.0,14900.0,planted,18.026845637583893
VN.ADM1.00020,cassava,2023,253100.0,13800.0,planted,18.340579710144926
VN.ADM1.00021,cassava,1980,11300.0,2200.0,planted,5.136363636363637
VN.ADM1.00021,cassava,1981,8500.0,1700.0,planted,5.0
VN.ADM1.00021,cassava,1982,8800.0,1300.0,planted,6.769230769230769
VN.ADM1.00021,cassava,1983,17800.0,1200.0,planted,14.833333333333334
VN.ADM1.00021,cassava,1984,10200.0,1400.0,planted,7.285714285714286
VN.ADM1.00021,cassava,1985,12200.0,1600.0,planted,7.625
VN.ADM1.00021,cassava,1986,3800.0,600.0,planted,6.333333333333333
VN.ADM1.00021,cassava,1987,3800.0,700.0,planted,5.428571428571429
VN.ADM1.00021,cassava,1988,7000.0,1000.0,planted,7.0
VN.ADM1.00021,cassava,1989,6000.0,900.0,planted,6.666666666666667
VN.ADM1.00021,cassava,1990,13200.0,2300.0,planted,5.739130434782608
VN.ADM1.00021,cassava,1995,1300.0,200.0,planted,6.5
VN.ADM1.00021,cassava,1996,1500.0,400.0,planted,3.75
VN.ADM1.00021,cassava,1997,3000.0,400.0,planted,7.5
VN.ADM1.00021,cassava,1998,3500.0,500.0,planted,7.0
VN.ADM1.00021,cassava,1999,7700.0,1100.0,planted,7.0
VN.ADM1.00021,cassava,2000,5300.0,700.0,planted,7.571428571428571
VN.ADM1.00021,cassava,2001,3800.0,400.0,planted,9.5
VN.ADM1.00021,cassava,2002,14600.0,1200.0,planted,12.166666666666666
VN.ADM1.00021,cassava,2003,9100.0,700.0,planted,13.0
VN.ADM1.00021,cassava,2004,8600.0,1800.0,planted,4.777777777777778
VN.ADM1.00021,cassava,2005,8500.0,1500.0,planted,5.666666666666667
VN.ADM1.00021,cassava,2006,6500.0,1100.0,planted,5.909090909090909
VN.ADM1.00021,cassava,2007,11300.0,1000.0,planted,11.3
VN.ADM1.00021,cassava,2008,19400.0,1000.0,planted,19.4
VN.ADM1.00021,cassava,2009,18900.0,900.0,planted,21.0
VN.ADM1.00021,cassava,2010,15400.0,800.0,planted,19.25
VN.ADM1.00021,cassava,2011,3200.0,,,
VN.ADM1.00021,cassava,2012,12300.0,500.0,planted,24.6
VN.ADM1.00021,cassava,2013,15600.0,700.0,planted,22.285714285714285
VN.ADM1.00021,cassava,2014,20700.0,700.0,planted,29.571428571428573
VN.ADM1.00021,cassava,2015,25800.0,900.0,planted,28.666666666666668
VN.ADM1.00021,cassava,2016,2900.0,700.0,planted,4.142857142857143
VN.ADM1.00021,cassava,2017,2800.0,700.0,planted,4.0
VN.ADM1.00021,cassava,2018,2700.0,600.0,planted,4.5
VN.ADM1.00021,cassava,2019,2600.0,400.0,planted,6.5
VN.ADM1.00021,cassava,2020,2700.0,400.0,planted,6.75
VN.ADM1.00021,cassava,2021,2700.0,300.0,planted,9.0
VN.ADM1.00021,cassava,2022,5500.0,400.0,planted,13.75
VN.ADM1.00022,cassava,1980,81100.0,8800.0,planted,9.215909090909092
VN.ADM1.00022,cassava,1981,80700.0,8300.0,planted,9.72289156626506
VN.ADM1.00022,cassava,1982,80100.0,8700.0,planted,9.206896551724139
VN.ADM1.00022,cassava,1983,77600.0,8200.0,planted,9.463414634146341
VN.ADM1.00022,cassava,1984,80200.0,8500.0,planted,9.435294117647059
VN.ADM1.00022,cassava,1985,68200.0,7100.0,planted,9.605633802816902
VN.ADM1.00022,cassava,1986,63600.0,6800.0,planted,9.352941176470589
VN.ADM1.00022,cassava,1987,55500.0,6200.0,planted,8.951612903225806
VN.ADM1.00022,cassava,1988,63500.0,7000.0,planted,9.071428571428571
VN.ADM1.00022,cassava,1989,59900.0,6900.0,planted,8.681159420289855
VN.ADM1.00022,cassava,1990,54300.0,6300.0,planted,8.619047619047619
VN.ADM1.00022,cassava,1995,56600.0,8300.0,planted,6.819277108433735
VN.ADM1.00022,cassava,1996,61100.0,8000.0,planted,7.6375
VN.ADM1.00022,cassava,1997,59500.0,8200.0,planted,7.2560975609756095
VN.ADM1.00022,cassava,1998,57200.0,7900.0,planted,7.2405063291139244
VN.ADM1.00022,cassava,1999,62500.0,8400.0,planted,7.440476190476191
VN.ADM1.00022,cassava,2000,63000.0,8500.0,planted,7.411764705882353
VN.ADM1.00022,cassava,2001,51800.0,6900.0,planted,7.507246376811594
VN.ADM1.00022,cassava,2002,71100.0,9800.0,planted,7.255102040816326
VN.ADM1.00022,cassava,2003,69000.0,9900.0,planted,6.96969696969697
VN.ADM1.00022,cassava,2004,92300.0,12300.0,planted,7.504065040650406
VN.ADM1.00022,cassava,2005,93900.0,12700.0,planted,7.393700787401575
VN.ADM1.00022,cassava,2006,92500.0,12100.0,planted,7.644628099173554
VN.ADM1.00022,cassava,2007,103500.0,12900.0,planted,8.023255813953488
VN.ADM1.00022,cassava,2008,98300.0,12800.0,planted,7.6796875
VN.ADM1.00022,cassava,2009,108000.0,13400.0,planted,8.059701492537313
VN.ADM1.00022,cassava,2010,101400.0,12600.0,planted,8.047619047619047
VN.ADM1.00022,cassava,2011,91600.0,11600.0,planted,7.896551724137931
VN.ADM1.00022,cassava,2012,90000.0,11400.0,planted,7.894736842105263
VN.ADM1.00022,cassava,2013,94100.0,11700.0,planted,8.042735042735043
VN.ADM1.00022,cassava,2014,93500.0,11600.0,planted,8.060344827586206
VN.ADM1.00022,cassava,2015,98600.0,12100.0,planted,8.148760330578513
VN.ADM1.00022,cassava,2016,96900.0,11800.0,planted,8.211864406779661
VN.ADM1.00022,cassava,2017,99700.0,12100.0,planted,8.239669421487603
VN.ADM1.00022,cassava,2018,106600.0,12800.0,planted,8.328125
VN.ADM1.00022,cassava,2019,111500.0,12800.0,planted,8.7109375
VN.ADM1.00022,cassava,2020,128800.0,14000.0,planted,9.2
VN.ADM1.00022,cassava,2021,147600.0,15200.0,planted,9.710526315789474
VN.ADM1.00022,cassava,2022,167200.0,17800.0,planted,9.393258426966293
VN.ADM1.00022,cassava,2023,185600.0,19500.0,planted,9.517948717948718
VN.ADM1.00023,cassava,1980,38100.0,4500.0,planted,8.466666666666667
VN.ADM1.00023,cassava,1981,22100.0,2500.0,planted,8.84
VN.ADM1.00023,cassava,1982,30500.0,3600.0,planted,8.472222222222221
VN.ADM1.00023,cassava,1983,36500.0,3900.0,planted,9.35897435897436
VN.ADM1.00023,cassava,1984,34000.0,3400.0,planted,10.0
VN.ADM1.00023,cassava,1985,35600.0,3400.0,planted,10.470588235294118
VN.ADM1.00023,cassava,1986,35300.0,3100.0,planted,11.387096774193548
VN.ADM1.00023,cassava,1987,33400.0,3700.0,planted,9.027027027027026
VN.ADM1.00023,cassava,1988,46700.0,4500.0,planted,10.377777777777778
VN.ADM1.00023,cassava,1989,26400.0,2500.0,planted,10.56
VN.ADM1.00023,cassava,1990,22100.0,2100.0,planted,10.523809523809524
VN.ADM1.00023,cassava,2005,13700.0,,,
VN.ADM1.00023,cassava,2010,48700.0,,,
VN.ADM1.00023,cassava,2011,80200.0,,,
VN.ADM1.00023,cassava,2022,111500.0,,,
VN.ADM1.00023,cassava,2023,105400.0,,,
VN.ADM1.00024,cassava,1980,24000.0,3600.0,planted,6.666666666666667
VN.ADM1.00024,cassava,1981,35800.0,4400.0,planted,8.136363636363637
VN.ADM1.00024,cassava,1982,46400.0,5200.0,planted,8.923076923076923
VN.ADM1.00024,cassava,1983,31700.0,3900.0,planted,8.128205128205128
VN.ADM1.00024,cassava,1984,21100.0,2600.0,planted,8.115384615384615
VN.ADM1.00024,cassava,1985,24800.0,2600.0,planted,9.538461538461538
VN.ADM1.00024,cassava,1986,29000.0,3100.0,planted,9.35483870967742
VN.ADM1.00024,cassava,1987,37400.0,3200.0,planted,11.6875
VN.ADM1.00024,cassava,1988,36800.0,3900.0,planted,9.435897435897436
VN.ADM1.00024,cassava,1989,46000.0,3800.0,planted,12.105263157894736
VN.ADM1.00024,cassava,1990,41600.0,3700.0,planted,11.243243243243244
VN.ADM1.00024,cassava,1995,28500.0,4000.0,planted,7.125
VN.ADM1.00024,cassava,1996,41300.0,4800.0,planted,8.604166666666666
VN.ADM1.00024,cassava,1997,38000.0,4700.0,planted,8.085106382978724
VN.ADM1.00024,cassava,1998,29600.0,4100.0,planted,7.219512195121951
VN.ADM1.00024,cassava,1999,29900.0,3900.0,planted,7.666666666666667
VN.ADM1.00024,cassava,2000,37000.0,4700.0,planted,7.872340425531915
VN.ADM1.00024,cassava,2001,35000.0,4500.0,planted,7.777777777777778
VN.ADM1.00024,cassava,2002,37200.0,4500.0,planted,8.266666666666667
VN.ADM1.00024,cassava,2003,36100.0,4200.0,planted,8.595238095238095
VN.ADM1.00024,cassava,2004,34300.0,4500.0,planted,7.622222222222222
VN.ADM1.00024,cassava,2005,40700.0,4600.0,planted,8.847826086956522
VN.ADM1.00024,cassava,2006,42300.0,4700.0,planted,9.0
VN.ADM1.00024,cassava,2007,48900.0,5100.0,planted,9.588235294117647
VN.ADM1.00024,cassava,2008,44400.0,5100.0,planted,8.705882352941176
VN.ADM1.00024,cassava,2009,45900.0,4800.0,planted,9.5625
VN.ADM1.00024,cassava,2010,50100.0,5100.0,planted,9.823529411764707
VN.ADM1.00024,cassava,2011,58500.0,5900.0,planted,9.915254237288135
VN.ADM1.00024,cassava,2012,61800.0,6000.0,planted,10.3
VN.ADM1.00024,cassava,2013,56500.0,5500.0,planted,10.272727272727273
VN.ADM1.00024,cassava,2014,51800.0,5000.0,planted,10.36
VN.ADM1.00024,cassava,2015,45200.0,4500.0,planted,10.044444444444444
VN.ADM1.00024,cassava,2016,39100.0,3900.0,planted,10.025641025641026
VN.ADM1.00024,cassava,2017,28000.0,2800.0,planted,10.0
VN.ADM1.00024,cassava,2018,20400.0,2100.0,planted,9.714285714285714
VN.ADM1.00024,cassava,2019,15300.0,1600.0,planted,9.5625
VN.ADM1.00024,cassava,2020,10700.0,1100.0,planted,9.727272727272727
VN.ADM1.00024,cassava,2021,9900.0,1000.0,planted,9.9
VN.ADM1.00024,cassava,2022,9700.0,2000.0,planted,4.85
VN.ADM1.00024,cassava,2023,8000.0,900.0,planted,8.88888888888889
VN.ADM1.00025,cassava,1980,67400.0,9500.0,planted,7.094736842105263
VN.ADM1.00025,cassava,1981,49800.0,7600.0,planted,6.552631578947368
VN.ADM1.00025,cassava,1982,46000.0,7100.0,planted,6.47887323943662
VN.ADM1.00025,cassava,1983,40000.0,6900.0,planted,5.797101449275362
VN.ADM1.00025,cassava,1984,26200.0,6200.0,planted,4.225806451612903
VN.ADM1.00025,cassava,1985,30900.0,5200.0,planted,5.9423076923076925
VN.ADM1.00025,cassava,1986,29200.0,4800.0,planted,6.083333333333333
VN.ADM1.00025,cassava,1987,25800.0,3900.0,planted,6.615384615384615
VN.ADM1.00025,cassava,1988,23600.0,3700.0,planted,6.378378378378378
VN.ADM1.00025,cassava,1989,22900.0,3600.0,planted,6.361111111111111
VN.ADM1.00025,cassava,1990,17300.0,2600.0,planted,6.653846153846154
VN.ADM1.00025,cassava,1995,14400.0,2600.0,planted,5.538461538461538
VN.ADM1.00025,cassava,1996,9700.0,1900.0,planted,5.105263157894737
VN.ADM1.00025,cassava,1997,6700.0,1700.0,planted,3.9411764705882355
VN.ADM1.00025,cassava,1998,6000.0,1200.0,planted,5.0
VN.ADM1.00025,cassava,1999,6000.0,1000.0,planted,6.0
VN.ADM1.00025,cassava,2000,8100.0,1200.0,planted,6.75
VN.ADM1.00025,cassava,2001,4400.0,700.0,planted,6.285714285714286
VN.ADM1.00025,cassava,2002,3700.0,600.0,planted,6.166666666666667
VN.ADM1.00025,cassava,2003,11000.0,1400.0,planted,7.857142857142857
VN.ADM1.00025,cassava,2004,5600.0,800.0,planted,7.0
VN.ADM1.00025,cassava,2005,7100.0,800.0,planted,8.875
VN.ADM1.00025,cassava,2006,6100.0,700.0,planted,8.714285714285714
VN.ADM1.00025,cassava,2007,8600.0,900.0,planted,9.555555555555555
VN.ADM1.00025,cassava,2008,23100.0,1500.0,planted,15.4
VN.ADM1.00025,cassava,2009,194900.0,1000.0,planted,194.9
VN.ADM1.00025,cassava,2010,8700.0,900.0,planted,9.666666666666666
VN.ADM1.00025,cassava,2011,15400.0,,,
VN.ADM1.00025,cassava,2012,20900.0,1300.0,planted,16.076923076923077
VN.ADM1.00025,cassava,2013,23200.0,1300.0,planted,17.846153846153847
VN.ADM1.00025,cassava,2014,21600.0,1300.0,planted,16.615384615384617
VN.ADM1.00025,cassava,2015,17900.0,1200.0,planted,14.916666666666666
VN.ADM1.00025,cassava,2016,215000.0,1200.0,planted,179.16666666666666
VN.ADM1.00025,cassava,2017,211300.0,1600.0,planted,132.0625
VN.ADM1.00025,cassava,2018,175800.0,1300.0,planted,135.23076923076923
VN.ADM1.00025,cassava,2019,185400.0,1800.0,planted,103.0
VN.ADM1.00025,cassava,2020,186900.0,1900.0,planted,98.36842105263158
VN.ADM1.00025,cassava,2021,188100.0,1400.0,planted,134.35714285714286
VN.ADM1.00025,cassava,2022,2800.0,700.0,planted,4.0
VN.ADM1.00025,cassava,2023,2600.0,700.0,planted,3.7142857142857144
VN.ADM1.00026,cassava,1980,10300.0,1400.0,planted,7.357142857142857
VN.ADM1.00026,cassava,1981,9400.0,1300.0,planted,7.230769230769231
VN.ADM1.00026,cassava,1982,12100.0,1700.0,planted,7.117647058823529
VN.ADM1.00026,cassava,1983,7700.0,1200.0,planted,6.416666666666667
VN.ADM1.00026,cassava,1984,11100.0,1600.0,planted,6.9375
VN.ADM1.00026,cassava,1985,6000.0,800.0,planted,7.5
VN.ADM1.00026,cassava,1986,11500.0,1600.0,planted,7.1875
VN.ADM1.00026,cassava,1987,8900.0,1200.0,planted,7.416666666666667
VN.ADM1.00026,cassava,1988,9700.0,1400.0,planted,6.928571428571429
VN.ADM1.00026,cassava,1989,9400.0,1400.0,planted,6.714285714285714
VN.ADM1.00026,cassava,1990,6400.0,800.0,planted,8.0
VN.ADM1.00027,cassava,1980,140100.0,27200.0,planted,5.150735294117647
VN.ADM1.00027,cassava,1981,166800.0,26100.0,planted,6.390804597701149
VN.ADM1.00027,cassava,1982,172100.0,25400.0,planted,6.775590551181103
VN.ADM1.00027,cassava,1983,126500.0,19800.0,planted,6.388888888888889
VN.ADM1.00027,cassava,1984,142300.0,20900.0,planted,6.8086124401913874
VN.ADM1.00027,cassava,1985,139800.0,20500.0,planted,6.819512195121951
VN.ADM1.00027,cassava,1986,122100.0,16500.0,planted,7.4
VN.ADM1.00027,cassava,1987,96700.0,15800.0,planted,6.120253164556962
VN.ADM1.00027,cassava,1988,89500.0,17600.0,planted,5.0852272727272725
VN.ADM1.00027,cassava,1989,83600.0,14900.0,planted,5.610738255033557
VN.ADM1.00027,cassava,1990,103800.0,14600.0,planted,7.109589041095891
VN.ADM1.00027,cassava,1995,63800.0,13400.0,planted,4.7611940298507465
VN.ADM1.00027,cassava,1996,80000.0,13400.0,planted,5.970149253731344
VN.ADM1.00027,cassava,1997,61700.0,13600.0,planted,4.536764705882353
VN.ADM1.00027,cassava,1998,77200.0,13300.0,planted,5.804511278195489
VN.ADM1.00027,cassava,1999,83800.0,12700.0,planted,6.5984251968503935
VN.ADM1.00027,cassava,2000,84100.0,13700.0,planted,6.138686131386861
VN.ADM1.00027,cassava,2001,80600.0,12800.0,planted,6.296875
VN.ADM1.00027,cassava,2002,98400.0,12800.0,planted,7.6875
VN.ADM1.00027,cassava,2003,173000.0,14400.0,planted,12.01388888888889
VN.ADM1.00027,cassava,2004,231300.0,16200.0,planted,14.277777777777779
VN.ADM1.00027,cassava,2005,284800.0,17800.0,planted,16.0
VN.ADM1.00027,cassava,2006,352300.0,18900.0,planted,18.64021164021164
VN.ADM1.00027,cassava,2007,357600.0,20300.0,planted,17.61576354679803
VN.ADM1.00027,cassava,2008,423900.0,23400.0,planted,18.115384615384617
VN.ADM1.00027,cassava,2009,428000.0,22700.0,planted,18.854625550660792
VN.ADM1.00027,cassava,2010,422100.0,20700.0,planted,20.391304347826086
VN.ADM1.00027,cassava,2011,513100.0,24800.0,planted,20.68951612903226
VN.ADM1.00027,cassava,2012,482300.0,23100.0,planted,20.87878787878788
VN.ADM1.00027,cassava,2013,471800.0,22000.0,planted,21.445454545454545
VN.ADM1.00027,cassava,2014,438300.0,20500.0,planted,21.380487804878047
VN.ADM1.00027,cassava,2015,450100.0,21500.0,planted,20.934883720930234
VN.ADM1.00027,cassava,2016,479900.0,22400.0,planted,21.424107142857142
VN.ADM1.00027,cassava,2017,385900.0,18400.0,planted,20.972826086956523
VN.ADM1.00027,cassava,2018,347500.0,16600.0,planted,20.933734939759034
VN.ADM1.00027,cassava,2019,367600.0,17600.0,planted,20.886363636363637
VN.ADM1.00027,cassava,2020,357700.0,16200.0,planted,22.080246913580247
VN.ADM1.00027,cassava,2021,359100.0,16200.0,planted,22.166666666666668
VN.ADM1.00027,cassava,2022,373300.0,17400.0,planted,21.45402298850575
VN.ADM1.00027,cassava,2023,342000.0,15500.0,planted,22.06451612903226
VN.ADM1.00028,cassava,1980,199200.0,32600.0,planted,6.110429447852761
VN.ADM1.00028,cassava,1981,231900.0,34000.0,planted,6.820588235294117
VN.ADM1.00028,cassava,1982,186700.0,31100.0,planted,6.003215434083601
VN.ADM1.00028,cassava,1983,214000.0,31100.0,planted,6.881028938906752
VN.ADM1.00028,cassava,1984,128700.0,27500.0,planted,4.68
VN.ADM1.00028,cassava,1985,149600.0,24800.0,planted,6.032258064516129
VN.ADM1.00028,cassava,1986,175600.0,24500.0,planted,7.16734693877551
VN.ADM1.00028,cassava,1987,169500.0,23600.0,planted,7.182203389830509
VN.ADM1.00028,cassava,1988,139300.0,23700.0,planted,5.877637130801688
VN.ADM1.00028,cassava,1989,160100.0,23300.0,planted,6.871244635193133
VN.ADM1.00028,cassava,1990,159600.0,22900.0,planted,6.96943231441048
VN.ADM1.00028,cassava,1995,133100.0,21900.0,planted,6.077625570776256
VN.ADM1.00028,cassava,1996,138500.0,21900.0,planted,6.324200913242009
VN.ADM1.00028,cassava,1997,160000.0,21300.0,planted,7.511737089201878
VN.ADM1.00028,cassava,1998,135600.0,21800.0,planted,6.220183486238532
VN.ADM1.00028,cassava,1999,132400.0,18700.0,planted,7.080213903743315
VN.ADM1.00028,cassava,2000,149300.0,17800.0,planted,8.387640449438202
VN.ADM1.00028,cassava,2001,223100.0,21800.0,planted,10.23394495412844
VN.ADM1.00028,cassava,2002,280000.0,24600.0,planted,11.382113821138212
VN.ADM1.00028,cassava,2003,351800.0,27000.0,planted,13.02962962962963
VN.ADM1.00028,cassava,2004,431800.0,27900.0,planted,15.476702508960573
VN.ADM1.00028,cassava,2005,480300.0,29900.0,planted,16.06354515050167
VN.ADM1.00028,cassava,2006,549800.0,32300.0,planted,17.021671826625386
VN.ADM1.00028,cassava,2007,575900.0,32500.0,planted,17.72
VN.ADM1.00028,cassava,2008,646300.0,34400.0,planted,18.787790697674417
VN.ADM1.00028,cassava,2009,600700.0,33400.0,planted,17.98502994011976
VN.ADM1.00028,cassava,2010,628700.0,32600.0,planted,19.28527607361963
VN.ADM1.00028,cassava,2011,685100.0,35000.0,planted,19.574285714285715
VN.ADM1.00028,cassava,2012,710600.0,35100.0,planted,20.245014245014247
VN.ADM1.00028,cassava,2013,709300.0,34300.0,planted,20.67930029154519
VN.ADM1.00028,cassava,2014,683900.0,32800.0,planted,20.850609756097562
VN.ADM1.00028,cassava,2015,711900.0,33400.0,planted,21.31437125748503
VN.ADM1.00028,cassava,2016,694200.0,32400.0,planted,21.425925925925927
VN.ADM1.00028,cassava,2017,659700.0,30000.0,planted,21.99
VN.ADM1.00028,cassava,2018,663200.0,29600.0,planted,22.405405405405407
VN.ADM1.00028,cassava,2019,675300.0,29700.0,planted,22.737373737373737
VN.ADM1.00028,cassava,2020,650300.0,29200.0,planted,22.27054794520548
VN.ADM1.00028,cassava,2021,593500.0,27600.0,planted,21.503623188405797
VN.ADM1.00028,cassava,2022,518600.0,24100.0,planted,21.518672199170126
VN.ADM1.00028,cassava,2023,502500.0,22700.0,planted,22.136563876651984
VN.ADM1.00029,cassava,1980,190500.0,21200.0,planted,8.985849056603774
VN.ADM1.00029,cassava,1981,117700.0,16300.0,planted,7.220858895705521
VN.ADM1.00029,cassava,1982,106400.0,14800.0,planted,7.1891891891891895
VN.ADM1.00029,cassava,1983,139400.0,13200.0,planted,10.56060606060606
VN.ADM1.00029,cassava,1984,200200.0,18500.0,planted,10.821621621621622
VN.ADM1.00029,cassava,1985,217700.0,18700.0,planted,11.641711229946525
VN.ADM1.00029,cassava,1986,149100.0,14500.0,planted,10.282758620689656
VN.ADM1.00029,cassava,1987,152400.0,14500.0,planted,10.510344827586207
VN.ADM1.00029,cassava,1988,134600.0,15000.0,planted,8.973333333333333
VN.ADM1.00029,cassava,1989,136800.0,11700.0,planted,11.692307692307692
VN.ADM1.00029,cassava,1990,127600.0,12400.0,planted,10.290322580645162
VN.ADM1.00029,cassava,1995,83000.0,7800.0,planted,10.64102564102564
VN.ADM1.00029,cassava,1996,98200.0,8500.0,planted,11.552941176470588
VN.ADM1.00029,cassava,1997,81200.0,7100.0,planted,11.43661971830986
VN.ADM1.00029,cassava,1998,56200.0,7300.0,planted,7.698630136986301
VN.ADM1.00029,cassava,1999,60900.0,6800.0,planted,8.955882352941176
VN.ADM1.00029,cassava,2000,70600.0,7100.0,planted,9.943661971830986
VN.ADM1.00029,cassava,2001,90600.0,7200.0,planted,12.583333333333334
VN.ADM1.00029,cassava,2002,103000.0,8300.0,planted,12.409638554216867
VN.ADM1.00029,cassava,2003,149900.0,9100.0,planted,16.47252747252747
VN.ADM1.00029,cassava,2004,167700.0,10200.0,planted,16.441176470588236
VN.ADM1.00029,cassava,2005,255100.0,16500.0,planted,15.460606060606061
VN.ADM1.00029,cassava,2006,232900.0,15400.0,planted,15.123376623376624
VN.ADM1.00029,cassava,2007,271000.0,18100.0,planted,14.972375690607734
VN.ADM1.00029,cassava,2008,359600.0,23000.0,planted,15.634782608695652
VN.ADM1.00029,cassava,2009,262400.0,20400.0,planted,12.862745098039216
VN.ADM1.00029,cassava,2010,288100.0,21400.0,planted,13.462616822429906
VN.ADM1.00029,cassava,2011,400600.0,24600.0,planted,16.284552845528456
VN.ADM1.00029,cassava,2012,425900.0,25400.0,planted,16.76771653543307
VN.ADM1.00029,cassava,2013,499700.0,28500.0,planted,17.533333333333335
VN.ADM1.00029,cassava,2014,469300.0,25500.0,planted,18.40392156862745
VN.ADM1.00029,cassava,2015,521900.0,28800.0,planted,18.12152777777778
VN.ADM1.00029,cassava,2016,617700.0,30600.0,planted,20.186274509803923
VN.ADM1.00029,cassava,2017,587300.0,28000.0,planted,20.975
VN.ADM1.00029,cassava,2018,600600.0,29100.0,planted,20.63917525773196
VN.ADM1.00029,cassava,2019,631300.0,29500.0,planted,21.4
VN.ADM1.00029,cassava,2020,724300.0,33000.0,planted,21.94848484848485
VN.ADM1.00029,cassava,2021,719700.0,32600.0,planted,22.07668711656442
VN.ADM1.00029,cassava,2022,672500.0,31000.0,planted,21.693548387096776
VN.ADM1.00029,cassava,2023,548300.0,27300.0,planted,20.084249084249084
VN.ADM1.00030,cassava,1980,225100.0,27400.0,planted,8.215328467153284
VN.ADM1.00030,cassava,1981,261100.0,25500.0,planted,10.239215686274509
VN.ADM1.00030,cassava,1982,201800.0,23700.0,planted,8.514767932489452
VN.ADM1.00030,cassava,1983,217000.0,21700.0,planted,10.0
VN.ADM1.00030,cassava,1984,235700.0,21500.0,planted,10.962790697674418
VN.ADM1.00030,cassava,1985,202100.0,20200.0,planted,10.004950495049505
VN.ADM1.00030,cassava,1986,195000.0,19300.0,planted,10.103626943005182
VN.ADM1.00030,cassava,1987,199800.0,19000.0,planted,10.51578947368421
VN.ADM1.00030,cassava,1988,172900.0,19200.0,planted,9.005208333333334
VN.ADM1.00030,cassava,1989,169700.0,19000.0,planted,8.93157894736842
VN.ADM1.00030,cassava,1990,166900.0,17500.0,planted,9.537142857142857
VN.ADM1.00030,cassava,1995,110100.0,14600.0,planted,7.541095890410959
VN.ADM1.00030,cassava,1996,96700.0,13900.0,planted,6.956834532374101
VN.ADM1.00030,cassava,1997,119300.0,12400.0,planted,9.620967741935484
VN.ADM1.00030,cassava,1998,106500.0,12000.0,planted,8.875
VN.ADM1.00030,cassava,1999,95800.0,11700.0,planted,8.188034188034187
VN.ADM1.00030,cassava,2000,105000.0,11500.0,planted,9.130434782608695
VN.ADM1.00030,cassava,2001,126700.0,11500.0,planted,11.017391304347827
VN.ADM1.00030,cassava,2002,160500.0,12600.0,planted,12.738095238095237
VN.ADM1.00030,cassava,2003,163200.0,12600.0,planted,12.952380952380953
VN.ADM1.00030,cassava,2004,182800.0,13300.0,planted,13.74436090225564
VN.ADM1.00030,cassava,2005,180200.0,13200.0,planted,13.651515151515152
VN.ADM1.00030,cassava,2006,191200.0,13500.0,planted,14.162962962962963
VN.ADM1.00030,cassava,2007,199300.0,14100.0,planted,14.134751773049645
VN.ADM1.00030,cassava,2008,199800.0,13900.0,planted,14.37410071942446
VN.ADM1.00030,cassava,2009,195900.0,14200.0,planted,13.795774647887324
VN.ADM1.00030,cassava,2010,189700.0,13900.0,planted,13.647482014388489
VN.ADM1.00030,cassava,2011,214600.0,15100.0,planted,14.211920529801324
VN.ADM1.00030,cassava,2012,217000.0,14300.0,planted,15.174825174825175
VN.ADM1.00030,cassava,2013,210000.0,13300.0,planted,15.789473684210526
VN.ADM1.00030,cassava,2014,214100.0,12600.0,planted,16.99206349206349
VN.ADM1.00030,cassava,2015,229200.0,12800.0,planted,17.90625
VN.ADM1.00030,cassava,2016,233100.0,12600.0,planted,18.5
VN.ADM1.00030,cassava,2017,207200.0,11700.0,planted,17.70940170940171
VN.ADM1.00030,cassava,2018,186200.0,10800.0,planted,17.24074074074074
VN.ADM1.00030,cassava,2019,183900.0,10500.0,planted,17.514285714285716
VN.ADM1.00030,cassava,2020,185200.0,10100.0,planted,18.336633663366335
VN.ADM1.00030,cassava,2021,160900.0,9400.0,planted,17.117021276595743
VN.ADM1.00030,cassava,2022,157200.0,9100.0,planted,17.274725274725274
VN.ADM1.00030,cassava,2023,138700.0,8500.0,planted,16.31764705882353
VN.ADM1.00031,cassava,1980,15900.0,4300.0,planted,3.697674418604651
VN.ADM1.00031,cassava,1981,19000.0,3400.0,planted,5.588235294117647
VN.ADM1.00031,cassava,1982,21500.0,3500.0,planted,6.142857142857143
VN.ADM1.00031,cassava,1983,24200.0,3800.0,planted,6.368421052631579
VN.ADM1.00031,cassava,1984,25600.0,3400.0,planted,7.529411764705882
VN.ADM1.00031,cassava,1985,21300.0,3500.0,planted,6.085714285714285
VN.ADM1.00031,cassava,1986,24900.0,3600.0,planted,6.916666666666667
VN.ADM1.00031,cassava,1987,23100.0,3100.0,planted,7.451612903225806
VN.ADM1.00031,cassava,1988,26500.0,3400.0,planted,7.794117647058823
VN.ADM1.00031,cassava,1989,26600.0,3500.0,planted,7.6
VN.ADM1.00031,cassava,1990,27200.0,3300.0,planted,8.242424242424242
VN.ADM1.00032,cassava,1980,136200.0,12600.0,planted,10.80952380952381
VN.ADM1.00032,cassava,1981,132800.0,12400.0,planted,10.709677419354838
VN.ADM1.00032,cassava,1982,104800.0,9800.0,planted,10.693877551020408
VN.ADM1.00032,cassava,1983,113500.0,11300.0,planted,10.044247787610619
VN.ADM1.00032,cassava,1984,94400.0,9700.0,planted,9.731958762886597
VN.ADM1.00032,cassava,1985,117400.0,10900.0,planted,10.770642201834862
VN.ADM1.00032,cassava,1986,116400.0,11200.0,planted,10.392857142857142
VN.ADM1.00032,cassava,1987,98900.0,11300.0,planted,8.752212389380531
VN.ADM1.00032,cassava,1988,143200.0,13400.0,planted,10.686567164179104
VN.ADM1.00032,cassava,1989,137500.0,12700.0,planted,10.826771653543307
VN.ADM1.00032,cassava,1990,125200.0,11700.0,planted,10.7008547008547
VN.ADM1.00032,cassava,1995,100400.0,13700.0,planted,7.328467153284672
VN.ADM1.00032,cassava,1996,118000.0,14700.0,planted,8.02721088435374
VN.ADM1.00032,cassava,1997,122700.0,15200.0,planted,8.072368421052632
VN.ADM1.00032,cassava,1998,125900.0,15700.0,planted,8.019108280254777
VN.ADM1.00032,cassava,1999,116000.0,16600.0,planted,6.9879518072289155
VN.ADM1.00032,cassava,2000,128500.0,17000.0,planted,7.5588235294117645
VN.ADM1.00032,cassava,2001,142800.0,16200.0,planted,8.814814814814815
VN.ADM1.00032,cassava,2002,159100.0,17200.0,planted,9.25
VN.ADM1.00032,cassava,2003,183000.0,17900.0,planted,10.223463687150838
VN.ADM1.00032,cassava,2004,199100.0,18100.0,planted,11.0
VN.ADM1.00032,cassava,2005,192300.0,17800.0,planted,10.803370786516854
VN.ADM1.00032,cassava,2006,201000.0,18000.0,planted,11.166666666666666
VN.ADM1.00032,cassava,2007,210600.0,18600.0,planted,11.32258064516129
VN.ADM1.00032,cassava,2008,270400.0,23700.0,planted,11.40928270042194
VN.ADM1.00032,cassava,2009,267900.0,22300.0,planted,12.013452914798206
VN.ADM1.00032,cassava,2010,295100.0,24600.0,planted,11.995934959349594
VN.ADM1.00032,cassava,2011,351500.0,28500.0,planted,12.333333333333334
VN.ADM1.00032,cassava,2012,352600.0,28100.0,planted,12.548042704626335
VN.ADM1.00032,cassava,2013,345900.0,28000.0,planted,12.353571428571428
VN.ADM1.00032,cassava,2014,371300.0,30500.0,planted,12.173770491803278
VN.ADM1.00032,cassava,2015,359500.0,31200.0,planted,11.522435897435898
VN.ADM1.00032,cassava,2016,386500.0,32800.0,planted,11.783536585365853
VN.ADM1.00032,cassava,2017,377400.0,32200.0,planted,11.720496894409937
VN.ADM1.00032,cassava,2018,412600.0,34800.0,planted,11.85632183908046
VN.ADM1.00032,cassava,2019,433300.0,37000.0,planted,11.71081081081081
VN.ADM1.00032,cassava,2020,432400.0,36900.0,planted,11.718157181571815
VN.ADM1.00032,cassava,2021,487400.0,41900.0,planted,11.632458233890215
VN.ADM1.00032,cassava,2022,553200.0,47000.0,planted,11.770212765957448
VN.ADM1.00032,cassava,2023,526800.0,43000.0,planted,12.251162790697675
VN.ADM1.00033,cassava,1980,157800.0,15100.0,planted,10.450331125827814
VN.ADM1.00033,cassava,1981,68700.0,7800.0,planted,8.807692307692308
VN.ADM1.00033,cassava,1982,83200.0,10400.0,planted,8.0
VN.ADM1.00033,cassava,1983,92400.0,10300.0,planted,8.970873786407767
VN.ADM1.00033,cassava,1984,154800.0,16100.0,planted,9.614906832298137
VN.ADM1.00033,cassava,1985,97600.0,10300.0,planted,9.475728155339805
VN.ADM1.00033,cassava,1986,122500.0,12600.0,planted,9.722222222222221
VN.ADM1.00033,cassava,1987,116100.0,11700.0,planted,9.923076923076923
VN.ADM1.00033,cassava,1988,112900.0,11400.0,planted,9.903508771929825
VN.ADM1.00033,cassava,1989,51000.0,5200.0,planted,9.807692307692308
VN.ADM1.00033,cassava,1990,44400.0,4700.0,planted,9.446808510638299
VN.ADM1.00033,cassava,1996,310600.0,29300.0,planted,10.600682593856655
VN.ADM1.00033,cassava,1997,207400.0,15300.0,planted,13.555555555555555
VN.ADM1.00033,cassava,1998,282600.0,16300.0,planted,17.337423312883434
VN.ADM1.00033,cassava,1999,121700.0,11200.0,planted,10.866071428571429
VN.ADM1.00033,cassava,2000,151100.0,13800.0,planted,10.94927536231884
VN.ADM1.00033,cassava,2001,476300.0,23100.0,planted,20.61904761904762
VN.ADM1.00033,cassava,2002,664300.0,31600.0,planted,21.022151898734176
VN.ADM1.00033,cassava,2003,663400.0,31600.0,planted,20.99367088607595
VN.ADM1.00033,cassava,2004,661500.0,31500.0,planted,21.0
VN.ADM1.00033,cassava,2005,611600.0,28600.0,planted,21.384615384615383
VN.ADM1.00033,cassava,2006,630600.0,29900.0,planted,21.090301003344482
VN.ADM1.00033,cassava,2007,673900.0,31600.0,planted,21.325949367088608
VN.ADM1.00033,cassava,2008,684400.0,32500.0,planted,21.05846153846154
VN.ADM1.00033,cassava,2009,561609.0,27000.0,planted,20.800333333333334
VN.ADM1.00033,cassava,2010,581900.0,26900.0,planted,21.63197026022305
VN.ADM1.00033,cassava,2011,605700.0,28100.0,planted,21.555160142348754
VN.ADM1.00033,cassava,2012,582300.0,27100.0,planted,21.487084870848708
VN.ADM1.00033,cassava,2013,514700.0,23400.0,planted,21.995726495726494
VN.ADM1.00033,cassava,2014,514300.0,23300.0,planted,22.07296137339056
VN.ADM1.00033,cassava,2015,500800.0,22500.0,planted,22.25777777777778
VN.ADM1.00033,cassava,2016,2024000.001,21800.0,planted,92.84403674311926
VN.ADM1.00033,cassava,2017,1819800.001,20600.0,planted,88.3398058737864
VN.ADM1.00033,cassava,2018,1555300.001,18100.0,planted,85.92817685082872
VN.ADM1.00033,cassava,2019,1671500.001,14600.0,planted,114.48630143835616
VN.ADM1.00033,cassava,2020,1903900.001,10000.0,planted,190.39000009999998
VN.ADM1.00033,cassava,2021,1926400.001,9600.0,planted,200.66666677083333
VN.ADM1.00033,cassava,2022,2458500.0,8900.0,planted,276.23595505617976
VN.ADM1.00033,cassava,2023,2542800.0,8500.0,planted,299.15294117647056
VN.ADM1.00034,cassava,1980,166500.0,23500.0,planted,7.085106382978723
VN.ADM1.00034,cassava,1981,91500.0,13300.0,planted,6.879699248120301
VN.ADM1.00034,cassava,1982,73700.0,11300.0,planted,6.522123893805309
VN.ADM1.00034,cassava,1983,73600.0,10600.0,planted,6.943396226415095
VN.ADM1.00034,cassava,1984,106300.0,12900.0,planted,8.24031007751938
VN.ADM1.00034,cassava,1985,137600.0,15000.0,planted,9.173333333333334
VN.ADM1.00034,cassava,1986,115200.0,12900.0,planted,8.930232558139535
VN.ADM1.00034,cassava,1987,122800.0,11800.0,planted,10.40677966101695
VN.ADM1.00034,cassava,1988,126000.0,12200.0,planted,10.327868852459016
VN.ADM1.00034,cassava,1989,75300.0,7700.0,planted,9.779220779220779
VN.ADM1.00034,cassava,1990,36200.0,3400.0,planted,10.647058823529411
VN.ADM1.00034,cassava,1995,230900.0,14600.0,planted,15.815068493150685
VN.ADM1.00034,cassava,1996,154000.0,9200.0,planted,16.73913043478261
VN.ADM1.00034,cassava,1997,307300.0,15800.0,planted,19.449367088607595
VN.ADM1.00034,cassava,1998,43000.0,4700.0,planted,9.148936170212766
VN.ADM1.00034,cassava,1999,7900.0,600.0,planted,13.166666666666666
VN.ADM1.00034,cassava,2000,9600.0,800.0,planted,12.0
VN.ADM1.00034,cassava,2001,538700.0,25400.0,planted,21.208661417322833
VN.ADM1.00034,cassava,2002,682300.0,31700.0,planted,21.52365930599369
VN.ADM1.00034,cassava,2003,800100.0,35600.0,planted,22.474719101123597
VN.ADM1.00034,cassava,2004,898700.0,38600.0,planted,23.28238341968912
VN.ADM1.00034,cassava,2005,1071800.0,43300.0,planted,24.752886836027713
VN.ADM1.00034,cassava,2006,1120700.0,45100.0,planted,24.84922394678492
VN.ADM1.00034,cassava,2007,1125900.0,44500.0,planted,25.30112359550562
VN.ADM1.00034,cassava,2008,1248600.0,47600.0,planted,26.23109243697479
VN.ADM1.00034,cassava,2009,469400.0,46000.0,planted,10.204347826086957
VN.ADM1.00034,cassava,2010,1150700.0,40100.0,planted,28.69576059850374
VN.ADM1.00034,cassava,2011,1325900.0,45700.0,planted,29.01312910284464
VN.ADM1.00034,cassava,2012,1317300.0,45400.0,planted,29.015418502202643
VN.ADM1.00034,cassava,2013,1347000.0,45700.0,planted,29.474835886214443
VN.ADM1.00034,cassava,2014,1603400.0,50500.0,planted,31.750495049504952
VN.ADM1.00034,cassava,2015,1868300.0,57600.0,planted,32.435763888888886
VN.ADM1.00034,cassava,2016,403600.0,61600.0,planted,6.5519480519480515
VN.ADM1.00034,cassava,2017,378700.0,55900.0,planted,6.774597495527728
VN.ADM1.00034,cassava,2018,327500.0,49200.0,planted,6.65650406504065
VN.ADM1.00034,cassava,2019,224500.0,52300.0,planted,4.292543021032505
VN.ADM1.00034,cassava,2020,144500.0,57100.0,planted,2.530647985989492
VN.ADM1.00034,cassava,2021,124900.0,59200.0,planted,2.1097972972972974
VN.ADM1.00034,cassava,2022,74400.0,61700.0,planted,1.2058346839546192
VN.ADM1.00034,cassava,2023,70800.0,62300.0,planted,1.1364365971107544
VN.ADM1.00035,cassava,1980,1800.0,100.0,planted,18.0
VN.ADM1.00035,cassava,1981,1200.0,100.0,planted,12.0
VN.ADM1.00035,cassava,1982,900.0,100.0,planted,9.0
VN.ADM1.00035,cassava,1983,1200.0,100.0,planted,12.0
VN.ADM1.00035,cassava,1984,1000.0,100.0,planted,10.0
VN.ADM1.00035,cassava,1985,1200.0,100.0,planted,12.0
VN.ADM1.00035,cassava,1986,1100.0,100.0,planted,11.0
VN.ADM1.00035,cassava,1987,1000.0,100.0,planted,10.0
VN.ADM1.00035,cassava,1988,800.0,100.0,planted,8.0
VN.ADM1.00035,cassava,1989,600.0,100.0,planted,6.0
VN.ADM1.00035,cassava,1990,400.0,0.0,planted,
VN.ADM1.00036,cassava,1980,107200.0,25700.0,planted,4.171206225680934
VN.ADM1.00036,cassava,1981,119600.0,23400.0,planted,5.111111111111111
VN.ADM1.00036,cassava,1982,124300.0,21400.0,planted,5.808411214953271
VN.ADM1.00036,cassava,1983,131200.0,18200.0,planted,7.208791208791209
VN.ADM1.00036,cassava,1984,169700.0,21000.0,planted,8.08095238095238
VN.ADM1.00036,cassava,1985,172900.0,21200.0,planted,8.15566037735849
VN.ADM1.00036,cassava,1986,145400.0,18400.0,planted,7.9021739130434785
VN.ADM1.00036,cassava,1987,124600.0,17300.0,planted,7.202312138728324
VN.ADM1.00036,cassava,1988,116400.0,16200.0,planted,7.185185185185185
VN.ADM1.00036,cassava,1989,131600.0,15800.0,planted,8.329113924050633
VN.ADM1.00036,cassava,1990,113900.0,14500.0,planted,7.855172413793103
VN.ADM1.00036,cassava,1995,90100.0,14400.0,planted,6.256944444444445
VN.ADM1.00036,cassava,1996,117700.0,15100.0,planted,7.7947019867549665
VN.ADM1.00036,cassava,1997,89000.0,14400.0,planted,6.180555555555555
VN.ADM1.00036,cassava,1998,68600.0,12500.0,planted,5.488
VN.ADM1.00036,cassava,1999,65100.0,10900.0,planted,5.972477064220183
VN.ADM1.00036,cassava,2000,78500.0,12100.0,planted,6.487603305785124
VN.ADM1.00036,cassava,2001,94900.0,11900.0,planted,7.974789915966387
VN.ADM1.00036,cassava,2002,111400.0,13600.0,planted,8.191176470588236
VN.ADM1.00036,cassava,2003,129600.0,15200.0,planted,8.526315789473685
VN.ADM1.00036,cassava,2004,124300.0,14500.0,planted,8.572413793103449
VN.ADM1.00036,cassava,2005,126000.0,15100.0,planted,8.344370860927153
VN.ADM1.00036,cassava,2006,142800.0,14500.0,planted,9.848275862068965
VN.ADM1.00036,cassava,2007,160800.0,15200.0,planted,10.578947368421053
VN.ADM1.00036,cassava,2008,210600.0,16900.0,planted,12.461538461538462
VN.ADM1.00036,cassava,2009,195400.0,15600.0,planted,12.525641025641026
VN.ADM1.00036,cassava,2010,172600.0,15300.0,planted,11.281045751633988
VN.ADM1.00036,cassava,2011,203100.0,16300.0,planted,12.460122699386503
VN.ADM1.00036,cassava,2012,218900.0,16800.0,planted,13.029761904761905
VN.ADM1.00036,cassava,2013,215900.0,16100.0,planted,13.409937888198758
VN.ADM1.00036,cassava,2014,259700.0,18000.0,planted,14.427777777777777
VN.ADM1.00036,cassava,2015,261900.0,17800.0,planted,14.713483146067416
VN.ADM1.00036,cassava,2016,269500.0,18000.0,planted,14.972222222222221
VN.ADM1.00036,cassava,2017,223200.0,15100.0,planted,14.781456953642385
VN.ADM1.00036,cassava,2018,217000.0,14000.0,planted,15.5
VN.ADM1.00036,cassava,2019,229400.0,14700.0,planted,15.605442176870747
VN.ADM1.00036,cassava,2020,264600.0,15000.0,planted,17.64
VN.ADM1.00036,cassava,2021,206300.0,13700.0,planted,15.058394160583942
VN.ADM1.00036,cassava,2022,222900.0,13700.0,planted,16.27007299270073
VN.ADM1.00036,cassava,2023,201200.0,12400.0,planted,16.225806451612904
VN.ADM1.00037,cassava,1980,120500.0,10800.0,planted,11.157407407407407
VN.ADM1.00037,cassava,1981,87800.0,9800.0,planted,8.959183673469388
VN.ADM1.00037,cassava,1982,68500.0,8000.0,planted,8.5625
VN.ADM1.00037,cassava,1983,60300.0,6800.0,planted,8.867647058823529
VN.ADM1.00037,cassava,1984,62500.0,7200.0,planted,8.680555555555555
VN.ADM1.00037,cassava,1985,72000.0,8200.0,planted,8.78048780487805
VN.ADM1.00037,cassava,1986,72700.0,7600.0,planted,9.56578947368421
VN.ADM1.00037,cassava,1987,82400.0,8100.0,planted,10.17283950617284
VN.ADM1.00037,cassava,1988,74600.0,9800.0,planted,7.612244897959184
VN.ADM1.00037,cassava,1989,53800.0,6500.0,planted,8.276923076923078
VN.ADM1.00037,cassava,1990,53800.0,6500.0,planted,8.276923076923078
VN.ADM1.00037,cassava,1995,35500.0,5600.0,planted,6.339285714285714
VN.ADM1.00037,cassava,1996,40000.0,5800.0,planted,6.896551724137931
VN.ADM1.00037,cassava,1997,52700.0,6500.0,planted,8.107692307692307
VN.ADM1.00037,cassava,1998,43800.0,5400.0,planted,8.11111111111111
VN.ADM1.00037,cassava,1999,57300.0,5300.0,planted,10.81132075471698
VN.ADM1.00037,cassava,2000,52200.0,6800.0,planted,7.676470588235294
VN.ADM1.00037,cassava,2001,66000.0,7700.0,planted,8.571428571428571
VN.ADM1.00037,cassava,2002,126200.0,12300.0,planted,10.260162601626016
VN.ADM1.00037,cassava,2003,165100.0,16100.0,planted,10.254658385093167
VN.ADM1.00037,cassava,2004,191000.0,16700.0,planted,11.437125748502995
VN.ADM1.00037,cassava,2005,216900.0,18900.0,planted,11.476190476190476
VN.ADM1.00037,cassava,2006,308500.0,21400.0,planted,14.41588785046729
VN.ADM1.00037,cassava,2007,383100.0,25700.0,planted,14.906614785992218
VN.ADM1.00037,cassava,2008,467400.0,30200.0,planted,15.47682119205298
VN.ADM1.00037,cassava,2009,434500.0,25700.0,planted,16.90661478599222
VN.ADM1.00037,cassava,2010,481700.0,25700.0,planted,18.7431906614786
VN.ADM1.00037,cassava,2011,584500.0,31400.0,planted,18.61464968152866
VN.ADM1.00037,cassava,2012,511400.0,32800.0,planted,15.591463414634147
VN.ADM1.00037,cassava,2013,501200.0,32200.0,planted,15.565217391304348
VN.ADM1.00037,cassava,2014,521300.0,32700.0,planted,15.941896024464832
VN.ADM1.00037,cassava,2015,521400.0,30900.0,planted,16.87378640776699
VN.ADM1.00037,cassava,2016,495100.0,31200.0,planted,15.868589743589743
VN.ADM1.00037,cassava,2017,477900.0,28200.0,planted,16.9468085106383
VN.ADM1.00037,cassava,2018,455700.0,25700.0,planted,17.731517509727627
VN.ADM1.00037,cassava,2019,497700.0,26400.0,planted,18.852272727272727
VN.ADM1.00037,cassava,2020,516800.0,28000.0,planted,18.457142857142856
VN.ADM1.00037,cassava,2021,515600.0,28000.0,planted,18.414285714285715
VN.ADM1.00037,cassava,2022,535100.0,27800.0,planted,19.24820143884892
VN.ADM1.00037,cassava,2023,536700.0,26100.0,planted,20.563218390804597
VN.ADM1.00038,cassava,1980,25500.0,3400.0,planted,7.5
VN.ADM1.00038,cassava,1981,9200.0,1600.0,planted,5.75
VN.ADM1.00038,cassava,1982,8400.0,1400.0,planted,6.0
VN.ADM1.00038,cassava,1983,16800.0,2600.0,planted,6.461538461538462
VN.ADM1.00038,cassava,1984,13700.0,2200.0,planted,6.2272727272727275
VN.ADM1.00038,cassava,1985,6600.0,1000.0,planted,6.6
VN.ADM1.00038,cassava,1986,5200.0,700.0,planted,7.428571428571429
VN.ADM1.00038,cassava,1987,5600.0,700.0,planted,8.0
VN.ADM1.00038,cassava,1988,4300.0,600.0,planted,7.166666666666667
VN.ADM1.00038,cassava,1989,4000.0,600.0,planted,6.666666666666667
VN.ADM1.00038,cassava,1990,5600.0,800.0,planted,7.0
VN.ADM1.00039,cassava,1980,105400.0,20900.0,planted,5.043062200956938
VN.ADM1.00039,cassava,1981,119300.0,17500.0,planted,6.817142857142857
VN.ADM1.00039,cassava,1982,134000.0,17100.0,planted,7.83625730994152
VN.ADM1.00039,cassava,1983,126500.0,15700.0,planted,8.05732484076433
VN.ADM1.00039,cassava,1984,134400.0,15900.0,planted,8.452830188679245
VN.ADM1.00039,cassava,1985,140500.0,16300.0,planted,8.61963190184049
VN.ADM1.00039,cassava,1986,137000.0,16400.0,planted,8.353658536585366
VN.ADM1.00039,cassava,1987,122500.0,14800.0,planted,8.277027027027026
VN.ADM1.00039,cassava,1988,146800.0,15700.0,planted,9.35031847133758
VN.ADM1.00039,cassava,1989,137900.0,15300.0,planted,9.013071895424837
VN.ADM1.00039,cassava,1990,102600.0,12300.0,planted,8.341463414634147
VN.ADM1.00039,cassava,1996,54100.0,8800.0,planted,6.1477272727272725
VN.ADM1.00039,cassava,1997,82200.0,8600.0,planted,9.55813953488372
VN.ADM1.00039,cassava,1998,71000.0,8000.0,planted,8.875
VN.ADM1.00039,cassava,1999,64100.0,8000.0,planted,8.0125
VN.ADM1.00039,cassava,2000,80800.0,8600.0,planted,9.395348837209303
VN.ADM1.00039,cassava,2001,92500.0,8500.0,planted,10.882352941176471
VN.ADM1.00039,cassava,2002,89700.0,8000.0,planted,11.2125
VN.ADM1.00039,cassava,2003,88300.0,7800.0,planted,11.320512820512821
VN.ADM1.00039,cassava,2004,91600.0,8000.0,planted,11.45
VN.ADM1.00039,cassava,2005,88800.0,7700.0,planted,11.532467532467532
VN.ADM1.00039,cassava,2006,90200.0,7800.0,planted,11.564102564102564
VN.ADM1.00039,cassava,2007,88600.0,7500.0,planted,11.813333333333333
VN.ADM1.00039,cassava,2008,87900.0,7300.0,planted,12.04109589041096
VN.ADM1.00039,cassava,2009,87900.0,7300.0,planted,12.04109589041096
VN.ADM1.00039,cassava,2010,96300.0,7600.0,planted,12.671052631578947
VN.ADM1.00039,cassava,2011,105000.0,8100.0,planted,12.962962962962964
VN.ADM1.00039,cassava,2012,122000.0,9200.0,planted,13.26086956521739
VN.ADM1.00039,cassava,2013,116600.0,8700.0,planted,13.402298850574713
VN.ADM1.00039,cassava,2014,116500.0,8600.0,planted,13.546511627906977
VN.ADM1.00039,cassava,2015,115100.0,8300.0,planted,13.867469879518072
VN.ADM1.00039,cassava,2016,115000.0,8300.0,planted,13.855421686746988
VN.ADM1.00039,cassava,2017,107700.0,7700.0,planted,13.987012987012987
VN.ADM1.00039,cassava,2018,101300.0,6900.0,planted,14.681159420289855
VN.ADM1.00039,cassava,2019,98300.0,6500.0,planted,15.123076923076923
VN.ADM1.00039,cassava,2020,87700.0,5800.0,planted,15.120689655172415
VN.ADM1.00039,cassava,2021,86800.0,5600.0,planted,15.5
VN.ADM1.00039,cassava,2022,89600.0,5700.0,planted,15.719298245614034
VN.ADM1.00039,cassava,2023,81100.0,5200.0,planted,15.596153846153847
VN.ADM1.00001,groundnuts_in_shell,2022,2149400.0,354100.0,planted,6.070036712792996
VN.ADM1.00001,groundnuts_in_shell,2023,1328900.0,359900.0,planted,3.692414559599889
VN.ADM1.00002,groundnuts_in_shell,1996,5900.0,6000.0,planted,0.9833333333333333
VN.ADM1.00002,groundnuts_in_shell,1997,5300.0,5700.0,planted,0.9298245614035088
VN.ADM1.00002,groundnuts_in_shell,1998,5600.0,5800.0,planted,0.9655172413793104
VN.ADM1.00002,groundnuts_in_shell,1999,5000.0,5700.0,planted,0.8771929824561403
VN.ADM1.00002,groundnuts_in_shell,2000,5400.0,5500.0,planted,0.9818181818181818
VN.ADM1.00002,groundnuts_in_shell,2001,6300.0,5200.0,planted,1.2115384615384615
VN.ADM1.00002,groundnuts_in_shell,2002,5300.0,4900.0,planted,1.0816326530612246
VN.ADM1.00002,groundnuts_in_shell,2003,4600.0,4300.0,planted,1.069767441860465
VN.ADM1.00002,groundnuts_in_shell,2004,5000.0,4300.0,planted,1.1627906976744187
VN.ADM1.00002,groundnuts_in_shell,2005,5200.0,4200.0,planted,1.2380952380952381
VN.ADM1.00002,groundnuts_in_shell,2006,4600.0,3900.0,planted,1.1794871794871795
VN.ADM1.00002,groundnuts_in_shell,2007,5600.0,4300.0,planted,1.302325581395349
VN.ADM1.00002,groundnuts_in_shell,2008,7300.0,4500.0,planted,1.6222222222222222
VN.ADM1.00002,groundnuts_in_shell,2009,7100.0,4500.0,planted,1.5777777777777777
VN.ADM1.00002,groundnuts_in_shell,2010,6800.0,4300.0,planted,1.5813953488372092
VN.ADM1.00002,groundnuts_in_shell,2011,6600.0,4200.0,planted,1.5714285714285714
VN.ADM1.00002,groundnuts_in_shell,2012,6700.0,4300.0,planted,1.558139534883721
VN.ADM1.00002,groundnuts_in_shell,2013,6700.0,4300.0,planted,1.558139534883721
VN.ADM1.00002,groundnuts_in_shell,2014,6700.0,4400.0,planted,1.5227272727272727
VN.ADM1.00002,groundnuts_in_shell,2015,6400.0,4100.0,planted,1.5609756097560976
VN.ADM1.00002,groundnuts_in_shell,2022,7143100.0,3607300.0,planted,1.980179081307349
VN.ADM1.00002,groundnuts_in_shell,2023,6602500.0,3350500.0,planted,1.970601402775705
VN.ADM1.00003,groundnuts_in_shell,2022,471200.0,142000.0,planted,3.3183098591549296
VN.ADM1.00003,groundnuts_in_shell,2023,401600.0,121400.0,planted,3.3080724876441514
VN.ADM1.00004,groundnuts_in_shell,1995,4200.0,6300.0,planted,0.6666666666666666
VN.ADM1.00004,groundnuts_in_shell,1996,5200.0,6600.0,planted,0.7878787878787878
VN.ADM1.00004,groundnuts_in_shell,1997,6800.0,6900.0,planted,0.9855072463768116
VN.ADM1.00004,groundnuts_in_shell,1998,6100.0,7600.0,planted,0.8026315789473685
VN.ADM1.00004,groundnuts_in_shell,1999,8700.0,7800.0,planted,1.1153846153846154
VN.ADM1.00004,groundnuts_in_shell,2000,9900.0,8800.0,planted,1.125
VN.ADM1.00004,groundnuts_in_shell,2001,11800.0,9900.0,planted,1.1919191919191918
VN.ADM1.00004,groundnuts_in_shell,2002,13400.0,10500.0,planted,1.276190476190476
VN.ADM1.00004,groundnuts_in_shell,2003,14000.0,10100.0,planted,1.386138613861386
VN.ADM1.00004,groundnuts_in_shell,2004,15600.0,11000.0,planted,1.4181818181818182
VN.ADM1.00004,groundnuts_in_shell,2005,14500.0,10600.0,planted,1.3679245283018868
VN.ADM1.00004,groundnuts_in_shell,2006,16700.0,10700.0,planted,1.560747663551402
VN.ADM1.00004,groundnuts_in_shell,2007,18200.0,11200.0,planted,1.625
VN.ADM1.00004,groundnuts_in_shell,2008,14700.0,10000.0,planted,1.47
VN.ADM1.00004,groundnuts_in_shell,2009,20700.0,11000.0,planted,1.8818181818181818
VN.ADM1.00004,groundnuts_in_shell,2010,19000.0,10500.0,planted,1.8095238095238095
VN.ADM1.00004,groundnuts_in_shell,2011,15400.0,9500.0,planted,1.6210526315789473
VN.ADM1.00004,groundnuts_in_shell,2012,18000.0,9800.0,planted,1.836734693877551
VN.ADM1.00004,groundnuts_in_shell,2013,19600.0,9700.0,planted,2.020618556701031
VN.ADM1.00004,groundnuts_in_shell,2014,17500.0,9500.0,planted,1.8421052631578947
VN.ADM1.00004,groundnuts_in_shell,2015,16000.0,8000.0,planted,2.0
VN.ADM1.00004,groundnuts_in_shell,2022,18745300.0,9449000.0,planted,1.9838395597417715
VN.ADM1.00004,groundnuts_in_shell,2023,20089000.0,8894900.0,planted,2.258485199383917
VN.ADM1.00005,groundnuts_in_shell,2022,2573800.0,1753000.0,planted,1.4682258984597831
VN.ADM1.00005,groundnuts_in_shell,2023,2437000.0,1712400.0,planted,1.4231487970100445
VN.ADM1.00006,groundnuts_in_shell,1995,900.0,900.0,planted,1.0
VN.ADM1.00006,groundnuts_in_shell,1996,700.0,700.0,planted,1.0
VN.ADM1.00006,groundnuts_in_shell,1997,2400.0,1200.0,planted,2.0
VN.ADM1.00006,groundnuts_in_shell,1998,2600.0,1400.0,planted,1.8571428571428572
VN.ADM1.00006,groundnuts_in_shell,1999,2800.0,1500.0,planted,1.8666666666666667
VN.ADM1.00006,groundnuts_in_shell,2000,3400.0,1600.0,planted,2.125
VN.ADM1.00006,groundnuts_in_shell,2001,2500.0,1700.0,planted,1.4705882352941178
VN.ADM1.00006,groundnuts_in_shell,2002,3800.0,2100.0,planted,1.8095238095238095
VN.ADM1.00006,groundnuts_in_shell,2003,6800.0,2400.0,planted,2.8333333333333335
VN.ADM1.00006,groundnuts_in_shell,2004,10000.0,2800.0,planted,3.5714285714285716
VN.ADM1.00006,groundnuts_in_shell,2005,13600.0,3600.0,planted,3.7777777777777777
VN.ADM1.00006,groundnuts_in_shell,2006,13800.0,3400.0,planted,4.0588235294117645
VN.ADM1.00006,groundnuts_in_shell,2007,15400.0,3900.0,planted,3.948717948717949
VN.ADM1.00006,groundnuts_in_shell,2008,17200.0,4100.0,planted,4.195121951219512
VN.ADM1.00006,groundnuts_in_shell,2009,17900.0,4300.0,planted,4.162790697674419
VN.ADM1.00006,groundnuts_in_shell,2010,19300.0,4400.0,planted,4.386363636363637
VN.ADM1.00006,groundnuts_in_shell,2011,21000.0,4500.0,planted,4.666666666666667
VN.ADM1.00006,groundnuts_in_shell,2012,22100.0,4700.0,planted,4.702127659574468
VN.ADM1.00006,groundnuts_in_shell,2013,23600.0,4600.0,planted,5.130434782608695
VN.ADM1.00006,groundnuts_in_shell,2014,23600.0,4600.0,planted,5.130434782608695
VN.ADM1.00006,groundnuts_in_shell,2015,24400.0,4700.0,planted,5.191489361702128
VN.ADM1.00006,groundnuts_in_shell,2022,21491800.0,4264000.0,planted,5.040290806754221
VN.ADM1.00006,groundnuts_in_shell,2023,21589500.0,4317900.0,planted,5.0
VN.ADM1.00007,groundnuts_in_shell,1995,18500.0,16000.0,planted,1.15625
VN.ADM1.00007,groundnuts_in_shell,1996,20500.0,17100.0,planted,1.1988304093567252
VN.ADM1.00007,groundnuts_in_shell,1997,17600.0,15700.0,planted,1.1210191082802548
VN.ADM1.00007,groundnuts_in_shell,1998,15300.0,13200.0,planted,1.1590909090909092
VN.ADM1.00007,groundnuts_in_shell,1999,16200.0,13200.0,planted,1.2272727272727273
VN.ADM1.00007,groundnuts_in_shell,2000,20400.0,15900.0,planted,1.2830188679245282
VN.ADM1.00007,groundnuts_in_shell,2001,23700.0,17400.0,planted,1.3620689655172413
VN.ADM1.00007,groundnuts_in_shell,2002,23600.0,20300.0,planted,1.1625615763546797
VN.ADM1.00007,groundnuts_in_shell,2003,29800.0,19600.0,planted,1.5204081632653061
VN.ADM1.00007,groundnuts_in_shell,2004,14000.0,20600.0,planted,0.6796116504854369
VN.ADM1.00007,groundnuts_in_shell,2005,29600.0,20600.0,planted,1.4368932038834952
VN.ADM1.00007,groundnuts_in_shell,2006,29500.0,19400.0,planted,1.5206185567010309
VN.ADM1.00007,groundnuts_in_shell,2007,30200.0,18200.0,planted,1.6593406593406594
VN.ADM1.00007,groundnuts_in_shell,2008,28200.0,16900.0,planted,1.668639053254438
VN.ADM1.00007,groundnuts_in_shell,2009,27800.0,15500.0,planted,1.793548387096774
VN.ADM1.00007,groundnuts_in_shell,2010,28100.0,15600.0,planted,1.8012820512820513
VN.ADM1.00007,groundnuts_in_shell,2011,27700.0,15100.0,planted,1.8344370860927153
VN.ADM1.00007,groundnuts_in_shell,2012,22200.0,14200.0,planted,1.5633802816901408
VN.ADM1.00007,groundnuts_in_shell,2013,18200.0,11200.0,planted,1.625
VN.ADM1.00007,groundnuts_in_shell,2014,19200.0,11600.0,planted,1.6551724137931034
VN.ADM1.00007,groundnuts_in_shell,2015,17200.0,11400.0,planted,1.5087719298245614
VN.ADM1.00007,groundnuts_in_shell,2022,17263400.0,8192500.0,planted,2.1072200183094294
VN.ADM1.00007,groundnuts_in_shell,2023,17280400.0,8253000.0,planted,2.0938325457409426
VN.ADM1.00008,groundnuts_in_shell,2022,4893800.0,2799000.0,planted,1.748410146480886
VN.ADM1.00008,groundnuts_in_shell,2023,4162500.0,2310300.0,planted,1.8017140631086872
VN.ADM1.00009,groundnuts_in_shell,2022,221500.0,55200.0,planted,4.01268115942029
VN.ADM1.00009,groundnuts_in_shell,2023,296000.0,73700.0,planted,4.0162822252374495
VN.ADM1.00010,groundnuts_in_shell,2022,4151000.0,2658100.0,planted,1.5616417741996163
VN.ADM1.00010,groundnuts_in_shell,2023,3712300.0,2293700.0,planted,1.6184766970397175
VN.ADM1.00011,groundnuts_in_shell,1996,8700.0,7600.0,planted,1.144736842105263
VN.ADM1.00011,groundnuts_in_shell,1997,6900.0,7300.0,planted,0.9452054794520548
VN.ADM1.00011,groundnuts_in_shell,1998,8600.0,7600.0,planted,1.131578947368421
VN.ADM1.00011,groundnuts_in_shell,1999,6800.0,7500.0,planted,0.9066666666666666
VN.ADM1.00011,groundnuts_in_shell,2000,8700.0,7300.0,planted,1.1917808219178083
VN.ADM1.00011,groundnuts_in_shell,2001,12200.0,7800.0,planted,1.564102564102564
VN.ADM1.00011,groundnuts_in_shell,2002,12600.0,8300.0,planted,1.5180722891566265
VN.ADM1.00011,groundnuts_in_shell,2003,13100.0,8100.0,planted,1.617283950617284
VN.ADM1.00011,groundnuts_in_shell,2004,16900.0,9200.0,planted,1.8369565217391304
VN.ADM1.00011,groundnuts_in_shell,2005,20600.0,10900.0,planted,1.889908256880734
VN.ADM1.00011,groundnuts_in_shell,2006,16600.0,9700.0,planted,1.711340206185567
VN.ADM1.00011,groundnuts_in_shell,2007,19100.0,10100.0,planted,1.891089108910891
VN.ADM1.00011,groundnuts_in_shell,2008,25800.0,12600.0,planted,2.0476190476190474
VN.ADM1.00011,groundnuts_in_shell,2009,23100.0,11200.0,planted,2.0625
VN.ADM1.00011,groundnuts_in_shell,2010,25500.0,11500.0,planted,2.217391304347826
VN.ADM1.00011,groundnuts_in_shell,2011,26500.0,11600.0,planted,2.2844827586206895
VN.ADM1.00011,groundnuts_in_shell,2012,28300.0,11800.0,planted,2.3983050847457625
VN.ADM1.00011,groundnuts_in_shell,2013,28800.0,11700.0,planted,2.4615384615384617
VN.ADM1.00011,groundnuts_in_shell,2014,28200.0,11400.0,planted,2.473684210526316
VN.ADM1.00011,groundnuts_in_shell,2015,28900.0,11700.0,planted,2.47008547008547
VN.ADM1.00011,groundnuts_in_shell,2022,22640500.0,8654700.0,planted,2.615977445780905
VN.ADM1.00011,groundnuts_in_shell,2023,21592500.0,8145900.0,planted,2.6507199941074653
VN.ADM1.00012,groundnuts_in_shell,1995,3000.0,4000.0,planted,0.75
VN.ADM1.00012,groundnuts_in_shell,1996,12200.0,7500.0,planted,1.6266666666666667
VN.ADM1.00012,groundnuts_in_shell,1997,13600.0,8000.0,planted,1.7
VN.ADM1.00012,groundnuts_in_shell,1998,14900.0,8600.0,planted,1.7325581395348837
VN.ADM1.00012,groundnuts_in_shell,1999,15000.0,8700.0,planted,1.7241379310344827
VN.ADM1.00012,groundnuts_in_shell,2000,18500.0,8800.0,planted,2.102272727272727
VN.ADM1.00012,groundnuts_in_shell,2001,22900.0,9900.0,planted,2.313131313131313
VN.ADM1.00012,groundnuts_in_shell,2002,26400.0,10300.0,planted,2.563106796116505
VN.ADM1.00012,groundnuts_in_shell,2003,29600.0,10600.0,planted,2.792452830188679
VN.ADM1.00012,groundnuts_in_shell,2004,33100.0,11600.0,planted,2.853448275862069
VN.ADM1.00012,groundnuts_in_shell,2005,34000.0,12100.0,planted,2.809917355371901
VN.ADM1.00012,groundnuts_in_shell,2006,35700.0,12100.0,planted,2.950413223140496
VN.ADM1.00012,groundnuts_in_shell,2007,34300.0,11900.0,planted,2.8823529411764706
VN.ADM1.00012,groundnuts_in_shell,2008,37000.0,11700.0,planted,3.1623931623931623
VN.ADM1.00012,groundnuts_in_shell,2009,32400.0,11200.0,planted,2.892857142857143
VN.ADM1.00012,groundnuts_in_shell,2010,34300.0,11000.0,planted,3.118181818181818
VN.ADM1.00012,groundnuts_in_shell,2011,36500.0,11200.0,planted,3.2589285714285716
VN.ADM1.00012,groundnuts_in_shell,2012,36000.0,11000.0,planted,3.272727272727273
VN.ADM1.00012,groundnuts_in_shell,2013,37500.0,11200.0,planted,3.3482142857142856
VN.ADM1.00012,groundnuts_in_shell,2014,30700.0,10100.0,planted,3.0396039603960396
VN.ADM1.00012,groundnuts_in_shell,2015,29700.0,9900.0,planted,3.0
VN.ADM1.00012,groundnuts_in_shell,2022,29981400.0,7519700.0,planted,3.987047355612591
VN.ADM1.00012,groundnuts_in_shell,2023,29516100.0,7271900.0,planted,4.058925452770253
VN.ADM1.00013,groundnuts_in_shell,1995,7200.0,7200.0,planted,1.0
VN.ADM1.00013,groundnuts_in_shell,1996,7500.0,7300.0,planted,1.0273972602739727
VN.ADM1.00013,groundnuts_in_shell,1997,8100.0,7300.0,planted,1.1095890410958904
VN.ADM1.00013,groundnuts_in_shell,1998,7600.0,7600.0,planted,1.0
VN.ADM1.00013,groundnuts_in_shell,1999,6600.0,7800.0,planted,0.8461538461538461
VN.ADM1.00013,groundnuts_in_shell,2000,8600.0,7400.0,planted,1.162162162162162
VN.ADM1.00013,groundnuts_in_shell,2001,9300.0,7800.0,planted,1.1923076923076923
VN.ADM1.00013,groundnuts_in_shell,2002,8300.0,7900.0,planted,1.0506329113924051
VN.ADM1.00013,groundnuts_in_shell,2003,8600.0,7500.0,planted,1.1466666666666667
VN.ADM1.00013,groundnuts_in_shell,2004,11500.0,8000.0,planted,1.4375
VN.ADM1.00013,groundnuts_in_shell,2005,12000.0,8800.0,planted,1.3636363636363635
VN.ADM1.00013,groundnuts_in_shell,2006,11500.0,8000.0,planted,1.4375
VN.ADM1.00013,groundnuts_in_shell,2007,12300.0,7800.0,planted,1.5769230769230769
VN.ADM1.00013,groundnuts_in_shell,2008,24600.0,13200.0,planted,1.8636363636363635
VN.ADM1.00013,groundnuts_in_shell,2009,22400.0,12000.0,planted,1.8666666666666667
VN.ADM1.00013,groundnuts_in_shell,2010,21300.0,11400.0,planted,1.868421052631579
VN.ADM1.00013,groundnuts_in_shell,2011,19600.0,10200.0,planted,1.9215686274509804
VN.ADM1.00013,groundnuts_in_shell,2012,16300.0,9500.0,planted,1.7157894736842105
VN.ADM1.00013,groundnuts_in_shell,2013,17200.0,9300.0,planted,1.8494623655913978
VN.ADM1.00013,groundnuts_in_shell,2014,16100.0,8500.0,planted,1.8941176470588235
VN.ADM1.00013,groundnuts_in_shell,2015,16900.0,8400.0,planted,2.011904761904762
VN.ADM1.00013,groundnuts_in_shell,2022,14949800.0,6638800.0,planted,2.2518828703982647
VN.ADM1.00013,groundnuts_in_shell,2023,14097200.0,6142000.0,planted,2.2952132855747314
VN.ADM1.00015,groundnuts_in_shell,1995,3900.0,4400.0,planted,0.8863636363636364
VN.ADM1.00015,groundnuts_in_shell,1996,4800.0,4600.0,planted,1.0434782608695652
VN.ADM1.00015,groundnuts_in_shell,1997,4700.0,4600.0,planted,1.0217391304347827
VN.ADM1.00015,groundnuts_in_shell,1998,4900.0,4900.0,planted,1.0
VN.ADM1.00015,groundnuts_in_shell,1999,5100.0,4900.0,planted,1.0408163265306123
VN.ADM1.00015,groundnuts_in_shell,2000,5700.0,5100.0,planted,1.1176470588235294
VN.ADM1.00015,groundnuts_in_shell,2001,6500.0,5600.0,planted,1.1607142857142858
VN.ADM1.00015,groundnuts_in_shell,2002,6500.0,5200.0,planted,1.25
VN.ADM1.00015,groundnuts_in_shell,2003,7300.0,5600.0,planted,1.3035714285714286
VN.ADM1.00015,groundnuts_in_shell,2004,9300.0,6500.0,planted,1.4307692307692308
VN.ADM1.00015,groundnuts_in_shell,2005,11300.0,7100.0,planted,1.591549295774648
VN.ADM1.00015,groundnuts_in_shell,2006,12600.0,7800.0,planted,1.6153846153846154
VN.ADM1.00015,groundnuts_in_shell,2007,15300.0,8400.0,planted,1.8214285714285714
VN.ADM1.00015,groundnuts_in_shell,2008,17800.0,10000.0,planted,1.78
VN.ADM1.00015,groundnuts_in_shell,2009,21200.0,11200.0,planted,1.8928571428571428
VN.ADM1.00015,groundnuts_in_shell,2010,22400.0,11600.0,planted,1.9310344827586208
VN.ADM1.00015,groundnuts_in_shell,2011,23600.0,11900.0,planted,1.9831932773109244
VN.ADM1.00015,groundnuts_in_shell,2012,25400.0,12000.0,planted,2.1166666666666667
VN.ADM1.00015,groundnuts_in_shell,2013,28000.0,12600.0,planted,2.2222222222222223
VN.ADM1.00015,groundnuts_in_shell,2014,27700.0,12600.0,planted,2.1984126984126986
VN.ADM1.00015,groundnuts_in_shell,2015,29500.0,13000.0,planted,2.269230769230769
VN.ADM1.00015,groundnuts_in_shell,2022,38605800.0,13810700.0,planted,2.79535432671769
VN.ADM1.00015,groundnuts_in_shell,2023,37030800.0,13362400.0,planted,2.771268634377058
VN.ADM1.00016,groundnuts_in_shell,2022,4122800.0,1426900.0,planted,2.8893405284182494
VN.ADM1.00016,groundnuts_in_shell,2023,4014300.0,1393200.0,planted,2.8813522825150732
VN.ADM1.00017,groundnuts_in_shell,2022,402200.0,137800.0,planted,2.918722786647315
VN.ADM1.00017,groundnuts_in_shell,2023,416400.0,141300.0,planted,2.94692144373673
VN.ADM1.00018,groundnuts_in_shell,2022,445600.0,177100.0,planted,2.516092603049125
VN.ADM1.00018,groundnuts_in_shell,2023,418800.0,165800.0,planted,2.525934861278649
VN.ADM1.00019,groundnuts_in_shell,2022,221500.0,65900.0,planted,3.361153262518968
VN.ADM1.00019,groundnuts_in_shell,2023,113600.0,33500.0,planted,3.391044776119403
VN.ADM1.00020,groundnuts_in_shell,2022,5057500.0,2909200.0,planted,1.7384504331087585
VN.ADM1.00020,groundnuts_in_shell,2023,5816000.0,3321200.0,planted,1.7511742743586656
VN.ADM1.00021,groundnuts_in_shell,2022,37500.0,11700.0,planted,3.2051282051282053
VN.ADM1.00021,groundnuts_in_shell,2023,45500.0,12900.0,planted,3.5271317829457365
VN.ADM1.00022,groundnuts_in_shell,2022,2423000.0,2073400.0,planted,1.1686119417382077
VN.ADM1.00022,groundnuts_in_shell,2023,2881300.0,2358100.0,planted,1.221873542258598
VN.ADM1.00023,groundnuts_in_shell,2022,1108100.0,875500.0,planted,1.265676756139349
VN.ADM1.00023,groundnuts_in_shell,2023,1116400.0,873900.0,planted,1.2774917038562765
VN.ADM1.00024,groundnuts_in_shell,2022,5111000.0,2714500.0,planted,1.8828513538404863
VN.ADM1.00024,groundnuts_in_shell,2023,4775800.0,2511900.0,planted,1.9012699550141328
VN.ADM1.00025,groundnuts_in_shell,1995,23300.0,12600.0,planted,1.8492063492063493
VN.ADM1.00025,groundnuts_in_shell,1996,28300.0,14500.0,planted,1.9517241379310344
VN.ADM1.00025,groundnuts_in_shell,1997,21500.0,12100.0,planted,1.7768595041322315
VN.ADM1.00025,groundnuts_in_shell,1998,26000.0,13300.0,planted,1.9548872180451127
VN.ADM1.00025,groundnuts_in_shell,1999,9600.0,7100.0,planted,1.352112676056338
VN.ADM1.00025,groundnuts_in_shell,2000,13800.0,6000.0,planted,2.3
VN.ADM1.00025,groundnuts_in_shell,2001,11200.0,5100.0,planted,2.196078431372549
VN.ADM1.00025,groundnuts_in_shell,2002,17000.0,6800.0,planted,2.5
VN.ADM1.00025,groundnuts_in_shell,2003,14300.0,6600.0,planted,2.1666666666666665
VN.ADM1.00025,groundnuts_in_shell,2004,21000.0,8700.0,planted,2.413793103448276
VN.ADM1.00025,groundnuts_in_shell,2005,22900.0,8800.0,planted,2.602272727272727
VN.ADM1.00025,groundnuts_in_shell,2006,18400.0,7200.0,planted,2.5555555555555554
VN.ADM1.00025,groundnuts_in_shell,2007,23000.0,7800.0,planted,2.948717948717949
VN.ADM1.00025,groundnuts_in_shell,2008,22000.0,8200.0,planted,2.682926829268293
VN.ADM1.00025,groundnuts_in_shell,2009,19800.0,6800.0,planted,2.911764705882353
VN.ADM1.00025,groundnuts_in_shell,2010,16500.0,5100.0,planted,3.235294117647059
VN.ADM1.00025,groundnuts_in_shell,2011,15100.0,6200.0,planted,2.435483870967742
VN.ADM1.00025,groundnuts_in_shell,2012,20200.0,7000.0,planted,2.8857142857142857
VN.ADM1.00025,groundnuts_in_shell,2013,23800.0,8100.0,planted,2.9382716049382718
VN.ADM1.00025,groundnuts_in_shell,2014,21400.0,6800.0,planted,3.1470588235294117
VN.ADM1.00025,groundnuts_in_shell,2015,20300.0,6000.0,planted,3.3833333333333333
VN.ADM1.00025,groundnuts_in_shell,2022,516800.0,171300.0,planted,3.016929363689434
VN.ADM1.00025,groundnuts_in_shell,2023,433200.0,144400.0,planted,3.0
VN.ADM1.00027,groundnuts_in_shell,1995,48700.0,40800.0,planted,1.1936274509803921
VN.ADM1.00027,groundnuts_in_shell,1996,44500.0,40000.0,planted,1.1125
VN.ADM1.00027,groundnuts_in_shell,1997,50900.0,39300.0,planted,1.2951653944020356
VN.ADM1.00027,groundnuts_in_shell,1998,61000.0,43900.0,planted,1.3895216400911161
VN.ADM1.00027,groundnuts_in_shell,1999,58200.0,46200.0,planted,1.2597402597402598
VN.ADM1.00027,groundnuts_in_shell,2000,61700.0,43400.0,planted,1.4216589861751152
VN.ADM1.00027,groundnuts_in_shell,2001,62600.0,44000.0,planted,1.4227272727272726
VN.ADM1.00027,groundnuts_in_shell,2002,73800.0,42100.0,planted,1.7529691211401426
VN.ADM1.00027,groundnuts_in_shell,2003,70000.0,42500.0,planted,1.6470588235294117
VN.ADM1.00027,groundnuts_in_shell,2004,86100.0,45500.0,planted,1.8923076923076922
VN.ADM1.00027,groundnuts_in_shell,2005,81300.0,48900.0,planted,1.6625766871165644
VN.ADM1.00027,groundnuts_in_shell,2006,83400.0,43600.0,planted,1.9128440366972477
VN.ADM1.00027,groundnuts_in_shell,2007,89900.0,44900.0,planted,2.002227171492205
VN.ADM1.00027,groundnuts_in_shell,2008,96600.0,44000.0,planted,2.1954545454545453
VN.ADM1.00027,groundnuts_in_shell,2009,96000.0,43700.0,planted,2.196796338672769
VN.ADM1.00027,groundnuts_in_shell,2010,87100.0,41300.0,planted,2.108958837772397
VN.ADM1.00027,groundnuts_in_shell,2011,81500.0,38500.0,planted,2.116883116883117
VN.ADM1.00027,groundnuts_in_shell,2012,75500.0,37200.0,planted,2.0295698924731185
VN.ADM1.00027,groundnuts_in_shell,2013,85300.0,36900.0,planted,2.3116531165311653
VN.ADM1.00027,groundnuts_in_shell,2014,74800.0,35400.0,planted,2.1129943502824857
VN.ADM1.00027,groundnuts_in_shell,2015,74200.0,32200.0,planted,2.3043478260869565
VN.ADM1.00027,groundnuts_in_shell,2022,53901200.0,20982800.0,planted,2.5688278018186326
VN.ADM1.00027,groundnuts_in_shell,2023,50372800.0,18044400.0,planted,2.7916029349825986
VN.ADM1.00028,groundnuts_in_shell,1995,15000.0,13700.0,planted,1.094890510948905
VN.ADM1.00028,groundnuts_in_shell,1996,13600.0,11800.0,planted,1.152542372881356
VN.ADM1.00028,groundnuts_in_shell,1997,16000.0,12700.0,planted,1.2598425196850394
VN.ADM1.00028,groundnuts_in_shell,1998,21800.0,15800.0,planted,1.379746835443038
VN.ADM1.00028,groundnuts_in_shell,1999,19800.0,13900.0,planted,1.4244604316546763
VN.ADM1.00028,groundnuts_in_shell,2000,20300.0,13900.0,planted,1.460431654676259
VN.ADM1.00028,groundnuts_in_shell,2001,21100.0,13900.0,planted,1.5179856115107915
VN.ADM1.00028,groundnuts_in_shell,2002,20700.0,12500.0,planted,1.656
VN.ADM1.00028,groundnuts_in_shell,2003,22200.0,12300.0,planted,1.8048780487804879
VN.ADM1.00028,groundnuts_in_shell,2004,23500.0,13400.0,planted,1.7537313432835822
VN.ADM1.00028,groundnuts_in_shell,2005,26800.0,13600.0,planted,1.9705882352941178
VN.ADM1.00028,groundnuts_in_shell,2006,27400.0,12900.0,planted,2.124031007751938
VN.ADM1.00028,groundnuts_in_shell,2007,29800.0,13800.0,planted,2.1594202898550723
VN.ADM1.00028,groundnuts_in_shell,2008,34200.0,14800.0,planted,2.310810810810811
VN.ADM1.00028,groundnuts_in_shell,2009,33600.0,14300.0,planted,2.3496503496503496
VN.ADM1.00028,groundnuts_in_shell,2010,34500.0,13800.0,planted,2.5
VN.ADM1.00028,groundnuts_in_shell,2011,35800.0,14500.0,planted,2.4689655172413794
VN.ADM1.00028,groundnuts_in_shell,2012,37900.0,14800.0,planted,2.560810810810811
VN.ADM1.00028,groundnuts_in_shell,2013,42900.0,16100.0,planted,2.6645962732919255
VN.ADM1.00028,groundnuts_in_shell,2014,38300.0,14800.0,planted,2.5878378378378377
VN.ADM1.00028,groundnuts_in_shell,2015,40700.0,14700.0,planted,2.7687074829931975
VN.ADM1.00028,groundnuts_in_shell,2022,53687800.0,16659200.0,planted,3.222711774875144
VN.ADM1.00028,groundnuts_in_shell,2023,58914100.0,17380500.0,planted,3.3896665803630506
VN.ADM1.00029,groundnuts_in_shell,2022,2260100.0,906900.0,planted,2.492115999558937
VN.ADM1.00029,groundnuts_in_shell,2023,2643400.0,1049000.0,planted,2.519923736892278
VN.ADM1.00030,groundnuts_in_shell,1995,9800.0,9300.0,planted,1.053763440860215
VN.ADM1.00030,groundnuts_in_shell,1996,11900.0,9600.0,planted,1.2395833333333333
VN.ADM1.00030,groundnuts_in_shell,1997,12500.0,9600.0,planted,1.3020833333333333
VN.ADM1.00030,groundnuts_in_shell,1998,11900.0,10000.0,planted,1.19
VN.ADM1.00030,groundnuts_in_shell,1999,11100.0,9700.0,planted,1.1443298969072164
VN.ADM1.00030,groundnuts_in_shell,2000,10700.0,9300.0,planted,1.1505376344086022
VN.ADM1.00030,groundnuts_in_shell,2001,9500.0,8600.0,planted,1.1046511627906976
VN.ADM1.00030,groundnuts_in_shell,2002,10200.0,8700.0,planted,1.1724137931034482
VN.ADM1.00030,groundnuts_in_shell,2003,10700.0,8300.0,planted,1.2891566265060241
VN.ADM1.00030,groundnuts_in_shell,2004,10700.0,8500.0,planted,1.2588235294117647
VN.ADM1.00030,groundnuts_in_shell,2005,12800.0,8900.0,planted,1.4382022471910112
VN.ADM1.00030,groundnuts_in_shell,2006,15100.0,9600.0,planted,1.5729166666666667
VN.ADM1.00030,groundnuts_in_shell,2007,16900.0,10600.0,planted,1.5943396226415094
VN.ADM1.00030,groundnuts_in_shell,2008,14200.0,10400.0,planted,1.3653846153846154
VN.ADM1.00030,groundnuts_in_shell,2009,14300.0,10300.0,planted,1.3883495145631068
VN.ADM1.00030,groundnuts_in_shell,2010,16800.0,9900.0,planted,1.696969696969697
VN.ADM1.00030,groundnuts_in_shell,2011,14400.0,10000.0,planted,1.44
VN.ADM1.00030,groundnuts_in_shell,2012,18100.0,9900.0,planted,1.8282828282828283
VN.ADM1.00030,groundnuts_in_shell,2013,21400.0,10800.0,planted,1.9814814814814814
VN.ADM1.00030,groundnuts_in_shell,2014,18800.0,10200.0,planted,1.8431372549019607
VN.ADM1.00030,groundnuts_in_shell,2015,19100.0,9700.0,planted,1.9690721649484537
VN.ADM1.00030,groundnuts_in_shell,2022,23928000.0,9996700.0,planted,2.3935898846619383
VN.ADM1.00030,groundnuts_in_shell,2023,21115700.0,9806600.0,planted,2.1532131421695593
VN.ADM1.00031,groundnuts_in_shell,2022,3162800.0,1828400.0,planted,1.7298184204769198
VN.ADM1.00031,groundnuts_in_shell,2023,3587400.0,1848600.0,planted,1.940603700097371
VN.ADM1.00032,groundnuts_in_shell,2022,1504000.0,1339000.0,planted,1.123226288274832
VN.ADM1.00032,groundnuts_in_shell,2023,1395500.0,1182000.0,planted,1.1806260575296108
VN.ADM1.00033,groundnuts_in_shell,2022,726800.0,507700.0,planted,1.4315540673626157
VN.ADM1.00033,groundnuts_in_shell,2023,587200.0,426100.0,planted,1.3780802628490965
VN.ADM1.00034,groundnuts_in_shell,1995,85200.0,41200.0,planted,2.0679611650485437
VN.ADM1.00034,groundnuts_in_shell,1996,91300.0,39800.0,planted,2.2939698492462313
VN.ADM1.00034,groundnuts_in_shell,1997,85500.0,37500.0,planted,2.28
VN.ADM1.00034,groundnuts_in_shell,1998,90900.0,39800.0,planted,2.2839195979899496
VN.ADM1.00034,groundnuts_in_shell,1999,52700.0,23000.0,planted,2.291304347826087
VN.ADM1.00034,groundnuts_in_shell,2000,56400.0,23800.0,planted,2.369747899159664
VN.ADM1.00034,groundnuts_in_shell,2001,50300.0,18900.0,planted,2.6613756613756614
VN.ADM1.00034,groundnuts_in_shell,2002,62400.0,21200.0,planted,2.943396226415094
VN.ADM1.00034,groundnuts_in_shell,2003,54000.0,19800.0,planted,2.727272727272727
VN.ADM1.00034,groundnuts_in_shell,2004,74800.0,25300.0,planted,2.9565217391304346
VN.ADM1.00034,groundnuts_in_shell,2005,70100.0,23400.0,planted,2.9957264957264957
VN.ADM1.00034,groundnuts_in_shell,2006,64000.0,20900.0,planted,3.062200956937799
VN.ADM1.00034,groundnuts_in_shell,2007,70600.0,21300.0,planted,3.3145539906103285
VN.ADM1.00034,groundnuts_in_shell,2008,73400.0,21700.0,planted,3.3824884792626726
VN.ADM1.00034,groundnuts_in_shell,2009,59100.0,18200.0,planted,3.2472527472527473
VN.ADM1.00034,groundnuts_in_shell,2010,44200.0,14700.0,planted,3.006802721088435
VN.ADM1.00034,groundnuts_in_shell,2011,34700.0,12000.0,planted,2.8916666666666666
VN.ADM1.00034,groundnuts_in_shell,2012,29600.0,9400.0,planted,3.148936170212766
VN.ADM1.00034,groundnuts_in_shell,2013,23200.0,6600.0,planted,3.515151515151515
VN.ADM1.00034,groundnuts_in_shell,2014,23400.0,6700.0,planted,3.4925373134328357
VN.ADM1.00034,groundnuts_in_shell,2015,20900.0,5900.0,planted,3.542372881355932
VN.ADM1.00034,groundnuts_in_shell,2022,12197500.0,3185800.0,planted,3.828708644610459
VN.ADM1.00034,groundnuts_in_shell,2023,11519200.0,3008900.0,planted,3.8283758184053975
VN.ADM1.00035,groundnuts_in_shell,2022,7492600.0,2331000.0,planted,3.2143286143286143
VN.ADM1.00035,groundnuts_in_shell,2023,7673600.0,2375000.0,planted,3.2309894736842106
VN.ADM1.00036,groundnuts_in_shell,1995,15200.0,13600.0,planted,1.1176470588235294
VN.ADM1.00036,groundnuts_in_shell,1996,13800.0,13100.0,planted,1.0534351145038168
VN.ADM1.00036,groundnuts_in_shell,1997,14100.0,12900.0,planted,1.0930232558139534
VN.ADM1.00036,groundnuts_in_shell,1998,20500.0,15300.0,planted,1.3398692810457515
VN.ADM1.00036,groundnuts_in_shell,1999,16500.0,14100.0,planted,1.1702127659574468
VN.ADM1.00036,groundnuts_in_shell,2000,21200.0,14100.0,planted,1.50354609929078
VN.ADM1.00036,groundnuts_in_shell,2001,24700.0,16200.0,planted,1.5246913580246915
VN.ADM1.00036,groundnuts_in_shell,2002,27100.0,16800.0,planted,1.6130952380952381
VN.ADM1.00036,groundnuts_in_shell,2003,27500.0,16800.0,planted,1.6369047619047619
VN.ADM1.00036,groundnuts_in_shell,2004,28900.0,18000.0,planted,1.6055555555555556
VN.ADM1.00036,groundnuts_in_shell,2005,29300.0,18400.0,planted,1.5923913043478262
VN.ADM1.00036,groundnuts_in_shell,2006,23600.0,16200.0,planted,1.4567901234567902
VN.ADM1.00036,groundnuts_in_shell,2007,29400.0,16800.0,planted,1.75
VN.ADM1.00036,groundnuts_in_shell,2008,28800.0,15600.0,planted,1.8461538461538463
VN.ADM1.00036,groundnuts_in_shell,2009,27400.0,16100.0,planted,1.7018633540372672
VN.ADM1.00036,groundnuts_in_shell,2010,27200.0,15000.0,planted,1.8133333333333332
VN.ADM1.00036,groundnuts_in_shell,2011,27400.0,14700.0,planted,1.8639455782312926
VN.ADM1.00036,groundnuts_in_shell,2012,25600.0,14100.0,planted,1.8156028368794326
VN.ADM1.00036,groundnuts_in_shell,2013,27600.0,13500.0,planted,2.0444444444444443
VN.ADM1.00036,groundnuts_in_shell,2014,21100.0,12700.0,planted,1.6614173228346456
VN.ADM1.00036,groundnuts_in_shell,2015,23600.0,12800.0,planted,1.84375
VN.ADM1.00036,groundnuts_in_shell,2022,19944500.0,8856300.0,planted,2.252012691530323
VN.ADM1.00036,groundnuts_in_shell,2023,19085500.0,8430400.0,planted,2.2638902068703737
VN.ADM1.00037,groundnuts_in_shell,1995,3800.0,5600.0,planted,0.6785714285714286
VN.ADM1.00037,groundnuts_in_shell,1996,4900.0,7400.0,planted,0.6621621621621622
VN.ADM1.00037,groundnuts_in_shell,1997,4600.0,7100.0,planted,0.647887323943662
VN.ADM1.00037,groundnuts_in_shell,1998,5600.0,7000.0,planted,0.8
VN.ADM1.00037,groundnuts_in_shell,1999,3900.0,7300.0,planted,0.5342465753424658
VN.ADM1.00037,groundnuts_in_shell,2000,5300.0,7700.0,planted,0.6883116883116883
VN.ADM1.00037,groundnuts_in_shell,2001,5600.0,7900.0,planted,0.7088607594936709
VN.ADM1.00037,groundnuts_in_shell,2002,5500.0,7100.0,planted,0.7746478873239436
VN.ADM1.00037,groundnuts_in_shell,2003,6500.0,7800.0,planted,0.8333333333333334
VN.ADM1.00037,groundnuts_in_shell,2004,6100.0,7300.0,planted,0.8356164383561644
VN.ADM1.00037,groundnuts_in_shell,2005,8600.0,8200.0,planted,1.048780487804878
VN.ADM1.00037,groundnuts_in_shell,2006,6500.0,7000.0,planted,0.9285714285714286
VN.ADM1.00037,groundnuts_in_shell,2007,6700.0,6700.0,planted,1.0
VN.ADM1.00037,groundnuts_in_shell,2008,6000.0,5700.0,planted,1.0526315789473684
VN.ADM1.00037,groundnuts_in_shell,2009,7000.0,6400.0,planted,1.09375
VN.ADM1.00037,groundnuts_in_shell,2010,6500.0,5300.0,planted,1.2264150943396226
VN.ADM1.00037,groundnuts_in_shell,2011,5800.0,5200.0,planted,1.1153846153846154
VN.ADM1.00037,groundnuts_in_shell,2012,8300.0,5600.0,planted,1.4821428571428572
VN.ADM1.00037,groundnuts_in_shell,2013,9000.0,5900.0,planted,1.5254237288135593
VN.ADM1.00037,groundnuts_in_shell,2014,9100.0,6000.0,planted,1.5166666666666666
VN.ADM1.00037,groundnuts_in_shell,2015,6400.0,5300.0,planted,1.2075471698113207
VN.ADM1.00037,groundnuts_in_shell,2022,12956800.0,6983900.0,planted,1.8552384770686865
VN.ADM1.00037,groundnuts_in_shell,2023,12040900.0,6301000.0,planted,1.9109506427551182
VN.ADM1.00038,groundnuts_in_shell,2022,673100.0,186900.0,planted,3.6013911182450506
VN.ADM1.00038,groundnuts_in_shell,2023,711100.0,196700.0,planted,3.6151499745805795
VN.ADM1.00039,groundnuts_in_shell,1996,11500.0,10100.0,planted,1.1386138613861385
VN.ADM1.00039,groundnuts_in_shell,1997,10400.0,9600.0,planted,1.0833333333333333
VN.ADM1.00039,groundnuts_in_shell,1998,9900.0,9800.0,planted,1.010204081632653
VN.ADM1.00039,groundnuts_in_shell,1999,11800.0,11800.0,planted,1.0
VN.ADM1.00039,groundnuts_in_shell,2000,13300.0,10500.0,planted,1.2666666666666666
VN.ADM1.00039,groundnuts_in_shell,2001,12800.0,10400.0,planted,1.2307692307692308
VN.ADM1.00039,groundnuts_in_shell,2002,11900.0,9800.0,planted,1.2142857142857142
VN.ADM1.00039,groundnuts_in_shell,2003,13400.0,9700.0,planted,1.3814432989690721
VN.ADM1.00039,groundnuts_in_shell,2004,15500.0,10100.0,planted,1.5346534653465347
VN.ADM1.00039,groundnuts_in_shell,2005,15600.0,10100.0,planted,1.5445544554455446
VN.ADM1.00039,groundnuts_in_shell,2006,12700.0,8400.0,planted,1.5119047619047619
VN.ADM1.00039,groundnuts_in_shell,2007,16100.0,10100.0,planted,1.5940594059405941
VN.ADM1.00039,groundnuts_in_shell,2008,19000.0,10900.0,planted,1.7431192660550459
VN.ADM1.00039,groundnuts_in_shell,2009,17300.0,9700.0,planted,1.7835051546391754
VN.ADM1.00039,groundnuts_in_shell,2010,16300.0,9100.0,planted,1.7912087912087913
VN.ADM1.00039,groundnuts_in_shell,2011,16900.0,9000.0,planted,1.8777777777777778
VN.ADM1.00039,groundnuts_in_shell,2012,15600.0,8300.0,planted,1.8795180722891567
VN.ADM1.00039,groundnuts_in_shell,2013,15800.0,8500.0,planted,1.8588235294117648
VN.ADM1.00039,groundnuts_in_shell,2014,14900.0,7900.0,planted,1.8860759493670887
VN.ADM1.00039,groundnuts_in_shell,2015,14000.0,7300.0,planted,1.917808219178082
VN.ADM1.00039,groundnuts_in_shell,2022,10828400.0,5132100.0,planted,2.1099355039847234
VN.ADM1.00039,groundnuts_in_shell,2023,10358000.0,4806300.0,planted,2.155088113517675
VN.ADM1.00001,maize_corn,1980,3900.0,2000.0,planted,1.95
VN.ADM1.00001,maize_corn,1981,4700.0,2700.0,planted,1.7407407407407407
VN.ADM1.00001,maize_corn,1982,5300.0,3500.0,planted,1.5142857142857142
VN.ADM1.00001,maize_corn,1983,4600.0,2500.0,planted,1.84
VN.ADM1.00001,maize_corn,1984,13000.0,5400.0,planted,2.4074074074074074
VN.ADM1.00001,maize_corn,1985,9300.0,5300.0,planted,1.7547169811320755
VN.ADM1.00001,maize_corn,1986,6900.0,3100.0,planted,2.225806451612903
VN.ADM1.00001,maize_corn,1987,4200.0,2400.0,planted,1.75
VN.ADM1.00001,maize_corn,1988,18900.0,6800.0,planted,2.7794117647058822
VN.ADM1.00001,maize_corn,1989,18800.0,5800.0,planted,3.2413793103448274
VN.ADM1.00001,maize_corn,1990,15200.0,4500.0,planted,3.3777777777777778
VN.ADM1.00001,maize_corn,1995,57800.0,8800.0,planted,6.568181818181818
VN.ADM1.00001,maize_corn,1996,56200.0,8600.0,planted,6.534883720930233
VN.ADM1.00001,maize_corn,1997,17900.0,4700.0,planted,3.8085106382978724
VN.ADM1.00001,maize_corn,1998,17000.0,4300.0,planted,3.953488372093023
VN.ADM1.00001,maize_corn,1999,9700.0,5100.0,planted,1.9019607843137254
VN.ADM1.00001,maize_corn,2000,10500.0,5100.0,planted,2.0588235294117645
VN.ADM1.00001,maize_corn,2001,41500.0,7200.0,planted,5.763888888888889
VN.ADM1.00001,maize_corn,2002,45500.0,7700.0,planted,5.909090909090909
VN.ADM1.00001,maize_corn,2003,62500.0,9100.0,planted,6.868131868131868
VN.ADM1.00001,maize_corn,2004,72300.0,9600.0,planted,7.53125
VN.ADM1.00001,maize_corn,2005,76800.0,9800.0,planted,7.836734693877551
VN.ADM1.00001,maize_corn,2006,76000.0,10000.0,planted,7.6
VN.ADM1.00001,maize_corn,2007,80100.0,10500.0,planted,7.628571428571429
VN.ADM1.00001,maize_corn,2008,85600.0,11500.0,planted,7.443478260869565
VN.ADM1.00001,maize_corn,2009,65100.0,9200.0,planted,7.076086956521739
VN.ADM1.00001,maize_corn,2010,68400.0,9800.0,planted,6.979591836734694
VN.ADM1.00001,maize_corn,2011,76800.0,10400.0,planted,7.384615384615385
VN.ADM1.00001,maize_corn,2012,75800.0,10700.0,planted,7.08411214953271
VN.ADM1.00001,maize_corn,2013,81900.0,11300.0,planted,7.247787610619469
VN.ADM1.00001,maize_corn,2014,77500.0,9600.0,planted,8.072916666666666
VN.ADM1.00001,maize_corn,2015,63700.0,8600.0,planted,7.406976744186046
VN.ADM1.00001,maize_corn,2016,60900.0,8100.0,planted,7.518518518518518
VN.ADM1.00001,maize_corn,2017,63100.0,8300.0,planted,7.602409638554217
VN.ADM1.00001,maize_corn,2018,61000.0,7500.0,planted,8.133333333333333
VN.ADM1.00001,maize_corn,2019,44100.0,6000.0,planted,7.35
VN.ADM1.00001,maize_corn,2020,44500.0,5700.0,planted,7.807017543859649
VN.ADM1.00001,maize_corn,2021,41700.0,5200.0,planted,8.01923076923077
VN.ADM1.00001,maize_corn,2022,52400.0,6200.0,planted,8.451612903225806
VN.ADM1.00001,maize_corn,2023,42100.0,5500.0,planted,7.654545454545454
VN.ADM1.00002,maize_corn,1980,5600.0,5500.0,planted,1.018181818181818
VN.ADM1.00002,maize_corn,1981,5800.0,5700.0,planted,1.0175438596491229
VN.ADM1.00002,maize_corn,1982,5200.0,5200.0,planted,1.0
VN.ADM1.00002,maize_corn,1983,4800.0,4700.0,planted,1.0212765957446808
VN.ADM1.00002,maize_corn,1984,6700.0,5500.0,planted,1.2181818181818183
VN.ADM1.00002,maize_corn,1985,8300.0,6600.0,planted,1.2575757575757576
VN.ADM1.00002,maize_corn,1986,5500.0,4700.0,planted,1.1702127659574468
VN.ADM1.00002,maize_corn,1987,7400.0,5700.0,planted,1.2982456140350878
VN.ADM1.00002,maize_corn,1988,11900.0,8800.0,planted,1.3522727272727273
VN.ADM1.00002,maize_corn,1989,13700.0,9400.0,planted,1.4574468085106382
VN.ADM1.00002,maize_corn,1990,8900.0,6500.0,planted,1.3692307692307693
VN.ADM1.00002,maize_corn,1996,28000.0,11900.0,planted,2.3529411764705883
VN.ADM1.00002,maize_corn,1997,44300.0,16600.0,planted,2.6686746987951806
VN.ADM1.00002,maize_corn,1998,46900.0,17100.0,planted,2.742690058479532
VN.ADM1.00002,maize_corn,1999,46100.0,17700.0,planted,2.6045197740112993
VN.ADM1.00002,maize_corn,2000,52000.0,20600.0,planted,2.5242718446601944
VN.ADM1.00002,maize_corn,2001,53800.0,19900.0,planted,2.7035175879396984
VN.ADM1.00002,maize_corn,2002,65500.0,22700.0,planted,2.8854625550660793
VN.ADM1.00002,maize_corn,2003,78700.0,26600.0,planted,2.9586466165413534
VN.ADM1.00002,maize_corn,2004,90800.0,29500.0,planted,3.077966101694915
VN.ADM1.00002,maize_corn,2005,94900.0,30500.0,planted,3.1114754098360655
VN.ADM1.00002,maize_corn,2006,89200.0,29500.0,planted,3.023728813559322
VN.ADM1.00002,maize_corn,2007,130400.0,33900.0,planted,3.8466076696165192
VN.ADM1.00002,maize_corn,2008,143000.0,37300.0,planted,3.8337801608579087
VN.ADM1.00002,maize_corn,2009,123700.0,33400.0,planted,3.7035928143712575
VN.ADM1.00002,maize_corn,2010,132500.0,33800.0,planted,3.9201183431952664
VN.ADM1.00002,maize_corn,2011,145100.0,35500.0,planted,4.087323943661972
VN.ADM1.00002,maize_corn,2012,138200.0,34400.0,planted,4.017441860465116
VN.ADM1.00002,maize_corn,2013,148500.0,35400.0,planted,4.194915254237288
VN.ADM1.00002,maize_corn,2014,143300.0,36100.0,planted,3.9695290858725762
VN.ADM1.00002,maize_corn,2015,155700.0,37400.0,planted,4.163101604278075
VN.ADM1.00002,maize_corn,2016,152600.0,36500.0,planted,4.1808219178082195
VN.ADM1.00002,maize_corn,2017,143400.0,33600.0,planted,4.267857142857143
VN.ADM1.00002,maize_corn,2018,143300.0,32200.0,planted,4.450310559006211
VN.ADM1.00002,maize_corn,2019,140300.0,31300.0,planted,4.482428115015974
VN.ADM1.00002,maize_corn,2020,138700.0,30300.0,planted,4.577557755775578
VN.ADM1.00002,maize_corn,2021,139600.0,30100.0,planted,4.637873754152824
VN.ADM1.00002,maize_corn,2022,137100.0,29600.0,planted,4.631756756756757
VN.ADM1.00002,maize_corn,2023,131400.0,29300.0,planted,4.484641638225256
VN.ADM1.00003,maize_corn,1980,1300.0,1000.0,planted,1.3
VN.ADM1.00003,maize_corn,1981,1100.0,700.0,planted,1.5714285714285714
VN.ADM1.00003,maize_corn,1982,1900.0,1000.0,planted,1.9
VN.ADM1.00003,maize_corn,1983,1300.0,800.0,planted,1.625
VN.ADM1.00003,maize_corn,1984,1600.0,900.0,planted,1.7777777777777777
VN.ADM1.00003,maize_corn,1985,1600.0,1000.0,planted,1.6
VN.ADM1.00003,maize_corn,1986,1700.0,1000.0,planted,1.7
VN.ADM1.00003,maize_corn,1987,1900.0,900.0,planted,2.111111111111111
VN.ADM1.00003,maize_corn,1988,2500.0,1200.0,planted,2.0833333333333335
VN.ADM1.00003,maize_corn,1989,1500.0,800.0,planted,1.875
VN.ADM1.00003,maize_corn,1990,3300.0,700.0,planted,4.714285714285714
VN.ADM1.00003,maize_corn,1995,3100.0,1200.0,planted,2.5833333333333335
VN.ADM1.00003,maize_corn,1996,3100.0,1200.0,planted,2.5833333333333335
VN.ADM1.00003,maize_corn,1997,2400.0,900.0,planted,2.6666666666666665
VN.ADM1.00003,maize_corn,1998,2500.0,900.0,planted,2.7777777777777777
VN.ADM1.00003,maize_corn,1999,1900.0,600.0,planted,3.1666666666666665
VN.ADM1.00003,maize_corn,2000,2200.0,800.0,planted,2.75
VN.ADM1.00003,maize_corn,2001,3100.0,1000.0,planted,3.1
VN.ADM1.00003,maize_corn,2002,3400.0,1100.0,planted,3.090909090909091
VN.ADM1.00003,maize_corn,2003,2600.0,800.0,planted,3.25
VN.ADM1.00003,maize_corn,2004,2800.0,800.0,planted,3.5
VN.ADM1.00003,maize_corn,2005,2900.0,800.0,planted,3.625
VN.ADM1.00003,maize_corn,2006,1900.0,700.0,planted,2.7142857142857144
VN.ADM1.00003,maize_corn,2007,2300.0,700.0,planted,3.2857142857142856
VN.ADM1.00003,maize_corn,2008,2100.0,700.0,planted,3.0
VN.ADM1.00003,maize_corn,2009,3100.0,900.0,planted,3.4444444444444446
VN.ADM1.00003,maize_corn,2010,3500.0,900.0,planted,3.888888888888889
VN.ADM1.00003,maize_corn,2011,3900.0,1000.0,planted,3.9
VN.ADM1.00003,maize_corn,2012,3400.0,900.0,planted,3.7777777777777777
VN.ADM1.00003,maize_corn,2013,2600.0,700.0,planted,3.7142857142857144
VN.ADM1.00003,maize_corn,2014,2700.0,700.0,planted,3.857142857142857
VN.ADM1.00003,maize_corn,2015,2600.0,700.0,planted,3.7142857142857144
VN.ADM1.00003,maize_corn,2016,2300.0,600.0,planted,3.8333333333333335
VN.ADM1.00003,maize_corn,2017,2100.0,600.0,planted,3.5
VN.ADM1.00003,maize_corn,2018,2000.0,500.0,planted,4.0
VN.ADM1.00003,maize_corn,2019,1300.0,300.0,planted,4.333333333333333
VN.ADM1.00003,maize_corn,2020,600.0,200.0,planted,3.0
VN.ADM1.00003,maize_corn,2021,700.0,200.0,planted,3.5
VN.ADM1.00003,maize_corn,2022,600.0,200.0,planted,3.0
VN.ADM1.00003,maize_corn,2023,600.0,100.0,planted,6.0
VN.ADM1.00004,maize_corn,1980,5900.0,7200.0,planted,0.8194444444444444
VN.ADM1.00004,maize_corn,1981,5400.0,6300.0,planted,0.8571428571428571
VN.ADM1.00004,maize_corn,1982,6600.0,6800.0,planted,0.9705882352941176
VN.ADM1.00004,maize_corn,1983,5400.0,6400.0,planted,0.84375
VN.ADM1.00004,maize_corn,1984,6000.0,5600.0,planted,1.0714285714285714
VN.ADM1.00004,maize_corn,1985,3600.0,4800.0,planted,0.75
VN.ADM1.00004,maize_corn,1986,5500.0,4700.0,planted,1.1702127659574468
VN.ADM1.00004,maize_corn,1987,5400.0,4600.0,planted,1.173913043478261
VN.ADM1.00004,maize_corn,1988,3800.0,4200.0,planted,0.9047619047619048
VN.ADM1.00004,maize_corn,1989,4900.0,4700.0,planted,1.0425531914893618
VN.ADM1.00004,maize_corn,1990,4400.0,4200.0,planted,1.0476190476190477
VN.ADM1.00004,maize_corn,1995,7400.0,5000.0,planted,1.48
VN.ADM1.00004,maize_corn,1996,9000.0,5300.0,planted,1.6981132075471699
VN.ADM1.00004,maize_corn,1997,13200.0,5900.0,planted,2.23728813559322
VN.ADM1.00004,maize_corn,1998,10400.0,5200.0,planted,2.0
VN.ADM1.00004,maize_corn,1999,12400.0,6400.0,planted,1.9375
VN.ADM1.00004,maize_corn,2000,16200.0,6400.0,planted,2.53125
VN.ADM1.00004,maize_corn,2001,17000.0,6600.0,planted,2.5757575757575757
VN.ADM1.00004,maize_corn,2002,18500.0,6700.0,planted,2.7611940298507465
VN.ADM1.00004,maize_corn,2003,19000.0,6700.0,planted,2.8358208955223883
VN.ADM1.00004,maize_corn,2004,25800.0,7900.0,planted,3.2658227848101267
VN.ADM1.00004,maize_corn,2005,25700.0,8800.0,planted,2.9204545454545454
VN.ADM1.00004,maize_corn,2006,32300.0,9500.0,planted,3.4
VN.ADM1.00004,maize_corn,2007,32000.0,9700.0,planted,3.2989690721649483
VN.ADM1.00004,maize_corn,2008,34300.0,10500.0,planted,3.2666666666666666
VN.ADM1.00004,maize_corn,2009,34400.0,9500.0,planted,3.6210526315789475
VN.ADM1.00004,maize_corn,2010,33400.0,9700.0,planted,3.443298969072165
VN.ADM1.00004,maize_corn,2011,35100.0,9900.0,planted,3.5454545454545454
VN.ADM1.00004,maize_corn,2012,38100.0,10100.0,planted,3.772277227722772
VN.ADM1.00004,maize_corn,2013,37700.0,9700.0,planted,3.88659793814433
VN.ADM1.00004,maize_corn,2014,38800.0,9900.0,planted,3.919191919191919
VN.ADM1.00004,maize_corn,2015,41300.0,10200.0,planted,4.049019607843137
VN.ADM1.00004,maize_corn,2016,44200.0,10600.0,planted,4.169811320754717
VN.ADM1.00004,maize_corn,2017,46100.0,10800.0,planted,4.268518518518518
VN.ADM1.00004,maize_corn,2018,46300.0,10500.0,planted,4.40952380952381
VN.ADM1.00004,maize_corn,2019,43500.0,9800.0,planted,4.438775510204081
VN.ADM1.00004,maize_corn,2020,42500.0,9500.0,planted,4.473684210526316
VN.ADM1.00004,maize_corn,2021,49700.0,10500.0,planted,4.733333333333333
VN.ADM1.00004,maize_corn,2022,45800.0,10500.0,planted,4.3619047619047615
VN.ADM1.00004,maize_corn,2023,47300.0,10200.0,planted,4.637254901960785
VN.ADM1.00005,maize_corn,1980,35400.0,29200.0,planted,1.2123287671232876
VN.ADM1.00005,maize_corn,1981,27600.0,32000.0,planted,0.8625
VN.ADM1.00005,maize_corn,1982,35500.0,31700.0,planted,1.1198738170347002
VN.ADM1.00005,maize_corn,1983,31100.0,29700.0,planted,1.0471380471380471
VN.ADM1.00005,maize_corn,1984,40200.0,31400.0,planted,1.2802547770700636
VN.ADM1.00005,maize_corn,1985,46400.0,31700.0,planted,1.4637223974763407
VN.ADM1.00005,maize_corn,1986,40100.0,29500.0,planted,1.3593220338983052
VN.ADM1.00005,maize_corn,1987,40600.0,29300.0,planted,1.3856655290102389
VN.ADM1.00005,maize_corn,1988,42900.0,31900.0,planted,1.3448275862068966
VN.ADM1.00005,maize_corn,1989,50200.0,31500.0,planted,1.5936507936507935
VN.ADM1.00005,maize_corn,1990,45600.0,32000.0,planted,1.425
VN.ADM1.00005,maize_corn,1995,55300.0,32500.0,planted,1.7015384615384614
VN.ADM1.00005,maize_corn,1996,59100.0,33000.0,planted,1.790909090909091
VN.ADM1.00005,maize_corn,1997,63800.0,31200.0,planted,2.0448717948717947
VN.ADM1.00005,maize_corn,1998,60600.0,30200.0,planted,2.006622516556291
VN.ADM1.00005,maize_corn,1999,63100.0,30400.0,planted,2.075657894736842
VN.ADM1.00005,maize_corn,2000,75800.0,31500.0,planted,2.4063492063492062
VN.ADM1.00005,maize_corn,2001,78800.0,32300.0,planted,2.4396284829721364
VN.ADM1.00005,maize_corn,2002,80500.0,32300.0,planted,2.4922600619195046
VN.ADM1.00005,maize_corn,2003,86200.0,33200.0,planted,2.5963855421686746
VN.ADM1.00005,maize_corn,2004,88900.0,34400.0,planted,2.5843023255813953
VN.ADM1.00005,maize_corn,2005,96100.0,35200.0,planted,2.7301136363636362
VN.ADM1.00005,maize_corn,2006,80300.0,35400.0,planted,2.268361581920904
VN.ADM1.00005,maize_corn,2007,109100.0,37200.0,planted,2.932795698924731
VN.ADM1.00005,maize_corn,2008,112700.0,38400.0,planted,2.9348958333333335
VN.ADM1.00005,maize_corn,2009,109700.0,37200.0,planted,2.9489247311827955
VN.ADM1.00005,maize_corn,2010,116200.0,38500.0,planted,3.018181818181818
VN.ADM1.00005,maize_corn,2011,124800.0,39000.0,planted,3.2
VN.ADM1.00005,maize_corn,2012,127000.0,39300.0,planted,3.231552162849873
VN.ADM1.00005,maize_corn,2013,131300.0,38800.0,planted,3.384020618556701
VN.ADM1.00005,maize_corn,2014,128100.0,39000.0,planted,3.2846153846153845
VN.ADM1.00005,maize_corn,2015,133500.0,39900.0,planted,3.345864661654135
VN.ADM1.00005,maize_corn,2016,137500.0,40100.0,planted,3.428927680798005
VN.ADM1.00005,maize_corn,2017,143800.0,40200.0,planted,3.5771144278606966
VN.ADM1.00005,maize_corn,2018,142900.0,39900.0,planted,3.581453634085213
VN.ADM1.00005,maize_corn,2019,143000.0,39400.0,planted,3.6294416243654823
VN.ADM1.00005,maize_corn,2020,150100.0,40700.0,planted,3.687960687960688
VN.ADM1.00005,maize_corn,2021,156500.0,41300.0,planted,3.7893462469733654
VN.ADM1.00005,maize_corn,2022,156600.0,41200.0,planted,3.8009708737864076
VN.ADM1.00005,maize_corn,2023,149900.0,41600.0,planted,3.6033653846153846
VN.ADM1.00006,maize_corn,1980,1400.0,1200.0,planted,1.1666666666666667
VN.ADM1.00006,maize_corn,1981,1900.0,1600.0,planted,1.1875
VN.ADM1.00006,maize_corn,1982,1900.0,1600.0,planted,1.1875
VN.ADM1.00006,maize_corn,1983,2300.0,1800.0,planted,1.2777777777777777
VN.ADM1.00006,maize_corn,1984,2600.0,1300.0,planted,2.0
VN.ADM1.00006,maize_corn,1985,1600.0,1300.0,planted,1.2307692307692308
VN.ADM1.00006,maize_corn,1986,1700.0,1400.0,planted,1.2142857142857142
VN.ADM1.00006,maize_corn,1987,2000.0,1700.0,planted,1.1764705882352942
VN.ADM1.00006,maize_corn,1988,2100.0,1700.0,planted,1.2352941176470589
VN.ADM1.00006,maize_corn,1989,2200.0,1800.0,planted,1.2222222222222223
VN.ADM1.00006,maize_corn,1990,2000.0,1800.0,planted,1.1111111111111112
VN.ADM1.00006,maize_corn,1995,2400.0,2400.0,planted,1.0
VN.ADM1.00006,maize_corn,1996,2100.0,2600.0,planted,0.8076923076923077
VN.ADM1.00006,maize_corn,1997,7100.0,2900.0,planted,2.4482758620689653
VN.ADM1.00006,maize_corn,1998,7000.0,2800.0,planted,2.5
VN.ADM1.00006,maize_corn,1999,6400.0,2600.0,planted,2.4615384615384617
VN.ADM1.00006,maize_corn,2000,8900.0,3200.0,planted,2.78125
VN.ADM1.00006,maize_corn,2001,10900.0,3500.0,planted,3.1142857142857143
VN.ADM1.00006,maize_corn,2002,14600.0,4600.0,planted,3.1739130434782608
VN.ADM1.00006,maize_corn,2003,23200.0,6100.0,planted,3.80327868852459
VN.ADM1.00006,maize_corn,2004,22700.0,5800.0,planted,3.913793103448276
VN.ADM1.00006,maize_corn,2005,24800.0,6000.0,planted,4.133333333333334
VN.ADM1.00006,maize_corn,2006,25600.0,6300.0,planted,4.063492063492063
VN.ADM1.00006,maize_corn,2007,25800.0,6400.0,planted,4.03125
VN.ADM1.00006,maize_corn,2008,30900.0,6400.0,planted,4.828125
VN.ADM1.00006,maize_corn,2009,28500.0,6800.0,planted,4.1911764705882355
VN.ADM1.00006,maize_corn,2010,29800.0,6500.0,planted,4.584615384615384
VN.ADM1.00006,maize_corn,2011,32200.0,7200.0,planted,4.472222222222222
VN.ADM1.00006,maize_corn,2012,29500.0,7000.0,planted,4.214285714285714
VN.ADM1.00006,maize_corn,2013,31000.0,6400.0,planted,4.84375
VN.ADM1.00006,maize_corn,2014,32300.0,6500.0,planted,4.969230769230769
VN.ADM1.00006,maize_corn,2015,32900.0,6700.0,planted,4.91044776119403
VN.ADM1.00006,maize_corn,2016,25500.0,5600.0,planted,4.553571428571429
VN.ADM1.00006,maize_corn,2017,25600.0,5600.0,planted,4.571428571428571
VN.ADM1.00006,maize_corn,2018,24300.0,5500.0,planted,4.418181818181818
VN.ADM1.00006,maize_corn,2019,24600.0,5300.0,planted,4.6415094339622645
VN.ADM1.00006,maize_corn,2020,24400.0,5100.0,planted,4.784313725490196
VN.ADM1.00006,maize_corn,2021,25200.0,5200.0,planted,4.846153846153846
VN.ADM1.00006,maize_corn,2022,26400.0,5200.0,planted,5.076923076923077
VN.ADM1.00006,maize_corn,2023,27900.0,5200.0,planted,5.365384615384615
VN.ADM1.00007,maize_corn,1980,16400.0,10800.0,planted,1.5185185185185186
VN.ADM1.00007,maize_corn,1981,27400.0,17000.0,planted,1.611764705882353
VN.ADM1.00007,maize_corn,1982,23900.0,14900.0,planted,1.604026845637584
VN.ADM1.00007,maize_corn,1983,31100.0,16300.0,planted,1.9079754601226995
VN.ADM1.00007,maize_corn,1984,40300.0,18500.0,planted,2.1783783783783783
VN.ADM1.00007,maize_corn,1985,42500.0,19000.0,planted,2.236842105263158
VN.ADM1.00007,maize_corn,1986,41300.0,18100.0,planted,2.281767955801105
VN.ADM1.00007,maize_corn,1987,39600.0,18200.0,planted,2.1758241758241756
VN.ADM1.00007,maize_corn,1988,43000.0,19300.0,planted,2.227979274611399
VN.ADM1.00007,maize_corn,1989,41700.0,17600.0,planted,2.3693181818181817
VN.ADM1.00007,maize_corn,1990,43700.0,17800.0,planted,2.455056179775281
VN.ADM1.00007,maize_corn,1995,50600.0,19500.0,planted,2.594871794871795
VN.ADM1.00007,maize_corn,1996,71000.0,22400.0,planted,3.169642857142857
VN.ADM1.00007,maize_corn,1997,99600.0,32600.0,planted,3.0552147239263805
VN.ADM1.00007,maize_corn,1998,112500.0,32700.0,planted,3.4403669724770642
VN.ADM1.00007,maize_corn,1999,119000.0,35400.0,planted,3.361581920903955
VN.ADM1.00007,maize_corn,2000,193500.0,46500.0,planted,4.161290322580645
VN.ADM1.00007,maize_corn,2001,219800.0,56900.0,planted,3.8629173989455183
VN.ADM1.00007,maize_corn,2002,337900.0,90000.0,planted,3.7544444444444443
VN.ADM1.00007,maize_corn,2003,531000.0,113700.0,planted,4.670184696569921
VN.ADM1.00007,maize_corn,2004,497100.0,131900.0,planted,3.7687642153146323
VN.ADM1.00007,maize_corn,2005,653900.0,152600.0,planted,4.285058977719528
VN.ADM1.00007,maize_corn,2006,704400.0,144700.0,planted,4.868002764340014
VN.ADM1.00007,maize_corn,2007,734900.0,149400.0,planted,4.9190093708166
VN.ADM1.00007,maize_corn,2008,783100.0,151800.0,planted,5.158761528326746
VN.ADM1.00007,maize_corn,2009,802600.0,160300.0,planted,5.006862133499688
VN.ADM1.00007,maize_corn,2010,865900.0,155700.0,planted,5.561335902376364
VN.ADM1.00007,maize_corn,2011,898100.0,157800.0,planted,5.691381495564005
VN.ADM1.00007,maize_corn,2012,917300.0,168700.0,planted,5.437462951985774
VN.ADM1.00007,maize_corn,2013,979800.0,175300.0,planted,5.589275527666857
VN.ADM1.00007,maize_corn,2014,1005800.0,174900.0,planted,5.75071469411092
VN.ADM1.00007,maize_corn,2015,977700.0,169400.0,planted,5.7715466351829985
VN.ADM1.00007,maize_corn,2016,947900.0,164100.0,planted,5.776355880560634
VN.ADM1.00007,maize_corn,2017,920000.0,150800.0,planted,6.10079575596817
VN.ADM1.00007,maize_corn,2018,918500.0,151000.0,planted,6.082781456953643
VN.ADM1.00007,maize_corn,2019,913100.0,144100.0,planted,6.336571825121443
VN.ADM1.00007,maize_corn,2020,823100.0,135300.0,planted,6.083518107908352
VN.ADM1.00007,maize_corn,2021,766900.0,121900.0,planted,6.291222313371616
VN.ADM1.00007,maize_corn,2022,758700.0,120900.0,planted,6.2754342431761785
VN.ADM1.00007,maize_corn,2023,781200.0,120700.0,planted,6.472245236122618
VN.ADM1.00008,maize_corn,1980,56000.0,38500.0,planted,1.4545454545454546
VN.ADM1.00008,maize_corn,1981,61300.0,40700.0,planted,1.5061425061425062
VN.ADM1.00008,maize_corn,1982,66300.0,43700.0,planted,1.517162471395881
VN.ADM1.00008,maize_corn,1983,84100.0,49000.0,planted,1.7163265306122448
VN.ADM1.00008,maize_corn,1984,99500.0,51200.0,planted,1.943359375
VN.ADM1.00008,maize_corn,1985,108400.0,51600.0,planted,2.10077519379845
VN.ADM1.00008,maize_corn,1986,101600.0,56100.0,planted,1.8110516934046346
VN.ADM1.00008,maize_corn,1987,73400.0,51000.0,planted,1.4392156862745098
VN.ADM1.00008,maize_corn,1988,82100.0,45800.0,planted,1.7925764192139737
VN.ADM1.00008,maize_corn,1989,75200.0,45500.0,planted,1.6527472527472526
VN.ADM1.00008,maize_corn,1990,66900.0,44700.0,planted,1.4966442953020134
VN.ADM1.00008,maize_corn,1995,215300.0,76300.0,planted,2.82175622542595
VN.ADM1.00008,maize_corn,1996,282200.0,80200.0,planted,3.518703241895262
VN.ADM1.00008,maize_corn,1997,261800.0,82900.0,planted,3.158021712907117
VN.ADM1.00008,maize_corn,1998,241300.0,75900.0,planted,3.179183135704875
VN.ADM1.00008,maize_corn,1999,258900.0,78900.0,planted,3.2813688212927756
VN.ADM1.00008,maize_corn,2000,301100.0,84600.0,planted,3.559101654846336
VN.ADM1.00008,maize_corn,2001,288600.0,82500.0,planted,3.498181818181818
VN.ADM1.00008,maize_corn,2002,313600.0,86900.0,planted,3.6087456846950516
VN.ADM1.00008,maize_corn,2003,338100.0,87300.0,planted,3.872852233676976
VN.ADM1.00008,maize_corn,2004,328500.0,84000.0,planted,3.9107142857142856
VN.ADM1.00008,maize_corn,2005,368600.0,78200.0,planted,4.713554987212277
VN.ADM1.00008,maize_corn,2006,366100.0,75700.0,planted,4.836195508586526
VN.ADM1.00008,maize_corn,2007,389200.0,77500.0,planted,5.021935483870967
VN.ADM1.00008,maize_corn,2008,394800.0,75600.0,planted,5.222222222222222
VN.ADM1.00008,maize_corn,2009,394900.0,73300.0,planted,5.387448840381992
VN.ADM1.00008,maize_corn,2010,359600.0,65800.0,planted,5.4650455927051675
VN.ADM1.00008,maize_corn,2011,380500.0,67100.0,planted,5.670640834575261
VN.ADM1.00008,maize_corn,2012,396700.0,67400.0,planted,5.885756676557864
VN.ADM1.00008,maize_corn,2013,411900.0,67900.0,planted,6.0662739322533135
VN.ADM1.00008,maize_corn,2014,426900.0,68100.0,planted,6.2687224669603525
VN.ADM1.00008,maize_corn,2015,441700.0,67600.0,planted,6.534023668639053
VN.ADM1.00008,maize_corn,2016,437100.0,65900.0,planted,6.632776934749621
VN.ADM1.00008,maize_corn,2017,395500.0,59900.0,planted,6.602671118530885
VN.ADM1.00008,maize_corn,2018,388700.0,57500.0,planted,6.76
VN.ADM1.00008,maize_corn,2019,369000.0,53200.0,planted,6.93609022556391
VN.ADM1.00008,maize_corn,2020,363100.0,49500.0,planted,7.335353535353535
VN.ADM1.00008,maize_corn,2021,345700.0,45800.0,planted,7.548034934497816
VN.ADM1.00008,maize_corn,2022,332500.0,42600.0,planted,7.805164319248826
VN.ADM1.00008,maize_corn,2023,327200.0,42100.0,planted,7.771971496437055
VN.ADM1.00009,maize_corn,1980,4300.0,2800.0,planted,1.5357142857142858
VN.ADM1.00009,maize_corn,1981,1400.0,1500.0,planted,0.9333333333333333
VN.ADM1.00009,maize_corn,1982,3300.0,1900.0,planted,1.736842105263158
VN.ADM1.00009,maize_corn,1983,3000.0,1800.0,planted,1.6666666666666667
VN.ADM1.00009,maize_corn,1984,2600.0,1500.0,planted,1.7333333333333334
VN.ADM1.00009,maize_corn,1985,3300.0,1800.0,planted,1.8333333333333333
VN.ADM1.00009,maize_corn,1986,2300.0,1200.0,planted,1.9166666666666667
VN.ADM1.00009,maize_corn,1987,4000.0,1800.0,planted,2.2222222222222223
VN.ADM1.00009,maize_corn,1988,5400.0,2500.0,planted,2.16
VN.ADM1.00009,maize_corn,1989,5100.0,2200.0,planted,2.3181818181818183
VN.ADM1.00009,maize_corn,1990,4300.0,1600.0,planted,2.6875
VN.ADM1.00009,maize_corn,1995,7900.0,2200.0,planted,3.590909090909091
VN.ADM1.00009,maize_corn,1996,13500.0,2400.0,planted,5.625
VN.ADM1.00009,maize_corn,1997,8300.0,2000.0,planted,4.15
VN.ADM1.00009,maize_corn,1998,9000.0,2200.0,planted,4.090909090909091
VN.ADM1.00009,maize_corn,1999,12100.0,2500.0,planted,4.84
VN.ADM1.00009,maize_corn,2000,10500.0,2600.0,planted,4.038461538461538
VN.ADM1.00009,maize_corn,2001,12300.0,2700.0,planted,4.555555555555555
VN.ADM1.00009,maize_corn,2002,18000.0,3800.0,planted,4.7368421052631575
VN.ADM1.00009,maize_corn,2003,24100.0,4900.0,planted,4.918367346938775
VN.ADM1.00009,maize_corn,2004,29400.0,4700.0,planted,6.25531914893617
VN.ADM1.00009,maize_corn,2005,35800.0,5600.0,planted,6.392857142857143
VN.ADM1.00009,maize_corn,2006,36100.0,5000.0,planted,7.22
VN.ADM1.00009,maize_corn,2007,32400.0,4500.0,planted,7.2
VN.ADM1.00009,maize_corn,2008,38800.0,5100.0,planted,7.607843137254902
VN.ADM1.00009,maize_corn,2009,31100.0,4200.0,planted,7.404761904761905
VN.ADM1.00009,maize_corn,2010,25000.0,3700.0,planted,6.756756756756757
VN.ADM1.00009,maize_corn,2011,31600.0,4900.0,planted,6.448979591836735
VN.ADM1.00009,maize_corn,2012,33400.0,4600.0,planted,7.260869565217392
VN.ADM1.00009,maize_corn,2013,39000.0,5100.0,planted,7.647058823529412
VN.ADM1.00009,maize_corn,2014,36400.0,4700.0,planted,7.74468085106383
VN.ADM1.00009,maize_corn,2015,35300.0,4600.0,planted,7.673913043478261
VN.ADM1.00009,maize_corn,2016,37400.0,4800.0,planted,7.791666666666667
VN.ADM1.00009,maize_corn,2017,41900.0,5200.0,planted,8.057692307692308
VN.ADM1.00009,maize_corn,2018,35500.0,4300.0,planted,8.255813953488373
VN.ADM1.00009,maize_corn,2019,43500.0,5200.0,planted,8.365384615384615
VN.ADM1.00009,maize_corn,2020,44200.0,4900.0,planted,9.020408163265307
VN.ADM1.00009,maize_corn,2021,35000.0,3900.0,planted,8.974358974358974
VN.ADM1.00009,maize_corn,2022,35600.0,4000.0,planted,8.9
VN.ADM1.00009,maize_corn,2023,41800.0,4800.0,planted,8.708333333333334
VN.ADM1.00010,maize_corn,1980,18200.0,15100.0,planted,1.205298013245033
VN.ADM1.00010,maize_corn,1981,16500.0,14400.0,planted,1.1458333333333333
VN.ADM1.00010,maize_corn,1982,13300.0,15300.0,planted,0.869281045751634
VN.ADM1.00010,maize_corn,1983,20400.0,15400.0,planted,1.3246753246753247
VN.ADM1.00010,maize_corn,1984,20600.0,15900.0,planted,1.2955974842767295
VN.ADM1.00010,maize_corn,1985,21900.0,17200.0,planted,1.2732558139534884
VN.ADM1.00010,maize_corn,1986,21200.0,17900.0,planted,1.1843575418994414
VN.ADM1.00010,maize_corn,1987,20100.0,16700.0,planted,1.2035928143712575
VN.ADM1.00010,maize_corn,1988,20700.0,16000.0,planted,1.29375
VN.ADM1.00010,maize_corn,1989,21200.0,17000.0,planted,1.2470588235294118
VN.ADM1.00010,maize_corn,1990,20900.0,15300.0,planted,1.3660130718954249
VN.ADM1.00010,maize_corn,1995,19400.0,17100.0,planted,1.1345029239766082
VN.ADM1.00010,maize_corn,1996,43200.0,20200.0,planted,2.1386138613861387
VN.ADM1.00010,maize_corn,1997,46800.0,22100.0,planted,2.1176470588235294
VN.ADM1.00010,maize_corn,1998,41400.0,21300.0,planted,1.943661971830986
VN.ADM1.00010,maize_corn,1999,51700.0,24800.0,planted,2.0846774193548385
VN.ADM1.00010,maize_corn,2000,77800.0,27900.0,planted,2.7885304659498207
VN.ADM1.00010,maize_corn,2001,101100.0,33000.0,planted,3.0636363636363635
VN.ADM1.00010,maize_corn,2002,129300.0,43300.0,planted,2.9861431870669746
VN.ADM1.00010,maize_corn,2003,184300.0,53900.0,planted,3.419294990723562
VN.ADM1.00010,maize_corn,2004,186800.0,61100.0,planted,3.0572831423895255
VN.ADM1.00010,maize_corn,2005,223000.0,65700.0,planted,3.3942161339421615
VN.ADM1.00010,maize_corn,2006,226600.0,63500.0,planted,3.568503937007874
VN.ADM1.00010,maize_corn,2007,234700.0,66300.0,planted,3.539969834087481
VN.ADM1.00010,maize_corn,2008,222400.0,63400.0,planted,3.5078864353312302
VN.ADM1.00010,maize_corn,2009,236800.0,65400.0,planted,3.620795107033639
VN.ADM1.00010,maize_corn,2010,247100.0,64900.0,planted,3.8073959938366717
VN.ADM1.00010,maize_corn,2011,233900.0,58000.0,planted,4.0327586206896555
VN.ADM1.00010,maize_corn,2012,234600.0,60500.0,planted,3.8776859504132233
VN.ADM1.00010,maize_corn,2013,239100.0,59900.0,planted,3.991652754590985
VN.ADM1.00010,maize_corn,2014,241600.0,59300.0,planted,4.074198988195615
VN.ADM1.00010,maize_corn,2015,243500.0,58000.0,planted,4.198275862068965
VN.ADM1.00010,maize_corn,2016,242800.0,58400.0,planted,4.157534246575342
VN.ADM1.00010,maize_corn,2017,236400.0,53600.0,planted,4.41044776119403
VN.ADM1.00010,maize_corn,2018,233500.0,52100.0,planted,4.481765834932822
VN.ADM1.00010,maize_corn,2019,242200.0,52200.0,planted,4.639846743295019
VN.ADM1.00010,maize_corn,2020,233500.0,49800.0,planted,4.688755020080321
VN.ADM1.00010,maize_corn,2021,226900.0,43600.0,planted,5.204128440366972
VN.ADM1.00010,maize_corn,2022,227200.0,42600.0,planted,5.333333333333333
VN.ADM1.00010,maize_corn,2023,246100.0,43200.0,planted,5.6967592592592595
VN.ADM1.00011,maize_corn,1980,10900.0,7400.0,planted,1.472972972972973
VN.ADM1.00011,maize_corn,1981,7700.0,7400.0,planted,1.0405405405405406
VN.ADM1.00011,maize_corn,1982,6900.0,6400.0,planted,1.078125
VN.ADM1.00011,maize_corn,1983,6900.0,5800.0,planted,1.1896551724137931
VN.ADM1.00011,maize_corn,1984,6400.0,6100.0,planted,1.0491803278688525
VN.ADM1.00011,maize_corn,1985,6900.0,5900.0,planted,1.1694915254237288
VN.ADM1.00011,maize_corn,1986,7000.0,6200.0,planted,1.1290322580645162
VN.ADM1.00011,maize_corn,1987,12100.0,7300.0,planted,1.6575342465753424
VN.ADM1.00011,maize_corn,1988,24700.0,14200.0,planted,1.7394366197183098
VN.ADM1.00011,maize_corn,1989,26900.0,15100.0,planted,1.781456953642384
VN.ADM1.00011,maize_corn,1990,20600.0,10800.0,planted,1.9074074074074074
VN.ADM1.00011,maize_corn,1996,39400.0,15800.0,planted,2.4936708860759493
VN.ADM1.00011,maize_corn,1997,57200.0,20400.0,planted,2.803921568627451
VN.ADM1.00011,maize_corn,1998,49100.0,20500.0,planted,2.395121951219512
VN.ADM1.00011,maize_corn,1999,49400.0,18500.0,planted,2.67027027027027
VN.ADM1.00011,maize_corn,2000,40900.0,15800.0,planted,2.588607594936709
VN.ADM1.00011,maize_corn,2001,29200.0,11500.0,planted,2.5391304347826087
VN.ADM1.00011,maize_corn,2002,25400.0,9100.0,planted,2.791208791208791
VN.ADM1.00011,maize_corn,2003,35500.0,12600.0,planted,2.8174603174603177
VN.ADM1.00011,maize_corn,2004,53300.0,16200.0,planted,3.2901234567901234
VN.ADM1.00011,maize_corn,2005,51100.0,15700.0,planted,3.254777070063694
VN.ADM1.00011,maize_corn,2006,50200.0,16100.0,planted,3.1180124223602483
VN.ADM1.00011,maize_corn,2007,58700.0,16700.0,planted,3.5149700598802394
VN.ADM1.00011,maize_corn,2008,60800.0,18100.0,planted,3.3591160220994474
VN.ADM1.00011,maize_corn,2009,49700.0,14400.0,planted,3.451388888888889
VN.ADM1.00011,maize_corn,2010,55600.0,14900.0,planted,3.7315436241610738
VN.ADM1.00011,maize_corn,2011,53200.0,13600.0,planted,3.911764705882353
VN.ADM1.00011,maize_corn,2012,52100.0,12900.0,planted,4.038759689922481
VN.ADM1.00011,maize_corn,2013,53600.0,13100.0,planted,4.091603053435114
VN.ADM1.00011,maize_corn,2014,57000.0,13800.0,planted,4.130434782608695
VN.ADM1.00011,maize_corn,2015,59800.0,14300.0,planted,4.181818181818182
VN.ADM1.00011,maize_corn,2016,58500.0,13800.0,planted,4.239130434782608
VN.ADM1.00011,maize_corn,2017,55400.0,13100.0,planted,4.229007633587786
VN.ADM1.00011,maize_corn,2018,51500.0,12300.0,planted,4.186991869918699
VN.ADM1.00011,maize_corn,2019,49900.0,11600.0,planted,4.301724137931035
VN.ADM1.00011,maize_corn,2020,49700.0,11500.0,planted,4.321739130434783
VN.ADM1.00011,maize_corn,2021,48300.0,11200.0,planted,4.3125
VN.ADM1.00011,maize_corn,2022,47100.0,11100.0,planted,4.243243243243243
VN.ADM1.00011,maize_corn,2023,49200.0,11300.0,planted,4.353982300884955
VN.ADM1.00012,maize_corn,1980,6300.0,4400.0,planted,1.4318181818181819
VN.ADM1.00012,maize_corn,1981,5900.0,4900.0,planted,1.2040816326530612
VN.ADM1.00012,maize_corn,1982,4200.0,2900.0,planted,1.4482758620689655
VN.ADM1.00012,maize_corn,1983,4000.0,3300.0,planted,1.2121212121212122
VN.ADM1.00012,maize_corn,1984,4700.0,3400.0,planted,1.3823529411764706
VN.ADM1.00012,maize_corn,1985,4100.0,3200.0,planted,1.28125
VN.ADM1.00012,maize_corn,1986,6500.0,5500.0,planted,1.1818181818181819
VN.ADM1.00012,maize_corn,1987,10700.0,6800.0,planted,1.5735294117647058
VN.ADM1.00012,maize_corn,1988,40400.0,21400.0,planted,1.8878504672897196
VN.ADM1.00012,maize_corn,1989,28200.0,17400.0,planted,1.6206896551724137
VN.ADM1.00012,maize_corn,1990,16800.0,9200.0,planted,1.826086956521739
VN.ADM1.00012,maize_corn,1995,10100.0,5200.0,planted,1.9423076923076923
VN.ADM1.00012,maize_corn,1996,51700.0,20400.0,planted,2.534313725490196
VN.ADM1.00012,maize_corn,1997,60400.0,20800.0,planted,2.9038461538461537
VN.ADM1.00012,maize_corn,1998,61800.0,20700.0,planted,2.9855072463768115
VN.ADM1.00012,maize_corn,1999,61500.0,19700.0,planted,3.1218274111675126
VN.ADM1.00012,maize_corn,2000,53100.0,18000.0,planted,2.95
VN.ADM1.00012,maize_corn,2001,44200.0,14000.0,planted,3.157142857142857
VN.ADM1.00012,maize_corn,2002,44800.0,13700.0,planted,3.27007299270073
VN.ADM1.00012,maize_corn,2003,50500.0,14600.0,planted,3.458904109589041
VN.ADM1.00012,maize_corn,2004,55900.0,14700.0,planted,3.802721088435374
VN.ADM1.00012,maize_corn,2005,63800.0,16800.0,planted,3.7976190476190474
VN.ADM1.00012,maize_corn,2006,69400.0,17600.0,planted,3.9431818181818183
VN.ADM1.00012,maize_corn,2007,82000.0,20200.0,planted,4.0594059405940595
VN.ADM1.00012,maize_corn,2008,83700.0,19900.0,planted,4.206030150753769
VN.ADM1.00012,maize_corn,2009,65900.0,16500.0,planted,3.993939393939394
VN.ADM1.00012,maize_corn,2010,85400.0,20500.0,planted,4.1658536585365855
VN.ADM1.00012,maize_corn,2011,91100.0,21000.0,planted,4.338095238095238
VN.ADM1.00012,maize_corn,2012,83200.0,19400.0,planted,4.288659793814433
VN.ADM1.00012,maize_corn,2013,81700.0,18700.0,planted,4.3689839572192515
VN.ADM1.00012,maize_corn,2014,83700.0,19300.0,planted,4.33678756476684
VN.ADM1.00012,maize_corn,2015,88200.0,19900.0,planted,4.432160804020101
VN.ADM1.00012,maize_corn,2016,87800.0,19400.0,planted,4.525773195876289
VN.ADM1.00012,maize_corn,2017,89200.0,19100.0,planted,4.670157068062827
VN.ADM1.00012,maize_corn,2018,75400.0,16300.0,planted,4.625766871165644
VN.ADM1.00012,maize_corn,2019,74400.0,15800.0,planted,4.708860759493671
VN.ADM1.00012,maize_corn,2020,67000.0,14000.0,planted,4.785714285714286
VN.ADM1.00012,maize_corn,2021,63600.0,13100.0,planted,4.854961832061068
VN.ADM1.00012,maize_corn,2022,61700.0,12500.0,planted,4.936
VN.ADM1.00012,maize_corn,2023,60900.0,12200.0,planted,4.991803278688525
VN.ADM1.00013,maize_corn,1980,21500.0,22000.0,planted,0.9772727272727273
VN.ADM1.00013,maize_corn,1981,23400.0,22100.0,planted,1.0588235294117647
VN.ADM1.00013,maize_corn,1982,25200.0,21600.0,planted,1.1666666666666667
VN.ADM1.00013,maize_corn,1983,27700.0,20600.0,planted,1.3446601941747574
VN.ADM1.00013,maize_corn,1984,29200.0,20400.0,planted,1.4313725490196079
VN.ADM1.00013,maize_corn,1985,41500.0,22100.0,planted,1.8778280542986425
VN.ADM1.00013,maize_corn,1986,37100.0,25500.0,planted,1.4549019607843137
VN.ADM1.00013,maize_corn,1987,49600.0,28900.0,planted,1.7162629757785468
VN.ADM1.00013,maize_corn,1988,103200.0,53700.0,planted,1.9217877094972067
VN.ADM1.00013,maize_corn,1989,101800.0,50600.0,planted,2.0118577075098814
VN.ADM1.00013,maize_corn,1990,74200.0,35500.0,planted,2.0901408450704224
VN.ADM1.00013,maize_corn,1995,93700.0,41900.0,planted,2.236276849642005
VN.ADM1.00013,maize_corn,1996,122700.0,47400.0,planted,2.588607594936709
VN.ADM1.00013,maize_corn,1997,131300.0,49300.0,planted,2.663286004056795
VN.ADM1.00013,maize_corn,1998,114900.0,50600.0,planted,2.2707509881422925
VN.ADM1.00013,maize_corn,1999,127400.0,50800.0,planted,2.5078740157480315
VN.ADM1.00013,maize_corn,2000,149500.0,54200.0,planted,2.7583025830258303
VN.ADM1.00013,maize_corn,2001,142600.0,47400.0,planted,3.0084388185654007
VN.ADM1.00013,maize_corn,2002,147700.0,48300.0,planted,3.0579710144927534
VN.ADM1.00013,maize_corn,2003,165700.0,52000.0,planted,3.1865384615384613
VN.ADM1.00013,maize_corn,2004,187300.0,53300.0,planted,3.5140712945590993
VN.ADM1.00013,maize_corn,2005,186300.0,56400.0,planted,3.3031914893617023
VN.ADM1.00013,maize_corn,2006,191900.0,53400.0,planted,3.593632958801498
VN.ADM1.00013,maize_corn,2007,214000.0,56300.0,planted,3.8010657193605684
VN.ADM1.00013,maize_corn,2008,252100.0,61800.0,planted,4.0792880258899675
VN.ADM1.00013,maize_corn,2009,208000.0,52400.0,planted,3.969465648854962
VN.ADM1.00013,maize_corn,2010,258400.0,60900.0,planted,4.2430213464696225
VN.ADM1.00013,maize_corn,2011,266200.0,61100.0,planted,4.356792144026187
VN.ADM1.00013,maize_corn,2012,243300.0,56700.0,planted,4.291005291005291
VN.ADM1.00013,maize_corn,2013,253400.0,57600.0,planted,4.399305555555555
VN.ADM1.00013,maize_corn,2014,250200.0,57800.0,planted,4.328719723183391
VN.ADM1.00013,maize_corn,2015,265200.0,60000.0,planted,4.42
VN.ADM1.00013,maize_corn,2016,261300.0,57900.0,planted,4.512953367875648
VN.ADM1.00013,maize_corn,2017,248200.0,55800.0,planted,4.448028673835125
VN.ADM1.00013,maize_corn,2018,231200.0,50300.0,planted,4.596421471172962
VN.ADM1.00013,maize_corn,2019,223700.0,48700.0,planted,4.593429158110883
VN.ADM1.00013,maize_corn,2020,216000.0,46700.0,planted,4.625267665952891
VN.ADM1.00013,maize_corn,2021,216200.0,45600.0,planted,4.741228070175438
VN.ADM1.00013,maize_corn,2022,223200.0,46100.0,planted,4.841648590021692
VN.ADM1.00013,maize_corn,2023,208100.0,42600.0,planted,4.884976525821596
VN.ADM1.00015,maize_corn,1980,30600.0,32500.0,planted,0.9415384615384615
VN.ADM1.00015,maize_corn,1981,31000.0,33900.0,planted,0.9144542772861357
VN.ADM1.00015,maize_corn,1982,33800.0,35200.0,planted,0.9602272727272727
VN.ADM1.00015,maize_corn,1983,38500.0,36800.0,planted,1.046195652173913
VN.ADM1.00015,maize_corn,1984,40400.0,36600.0,planted,1.1038251366120218
VN.ADM1.00015,maize_corn,1985,49000.0,39500.0,planted,1.240506329113924
VN.ADM1.00015,maize_corn,1986,48500.0,39700.0,planted,1.221662468513854
VN.ADM1.00015,maize_corn,1987,51100.0,38300.0,planted,1.3342036553524803
VN.ADM1.00015,maize_corn,1988,51800.0,39800.0,planted,1.3015075376884422
VN.ADM1.00015,maize_corn,1989,56600.0,41700.0,planted,1.3573141486810552
VN.ADM1.00015,maize_corn,1990,46300.0,39400.0,planted,1.1751269035532994
VN.ADM1.00015,maize_corn,1995,70200.0,50000.0,planted,1.404
VN.ADM1.00015,maize_corn,1996,80800.0,48100.0,planted,1.67983367983368
VN.ADM1.00015,maize_corn,1997,87100.0,49600.0,planted,1.7560483870967742
VN.ADM1.00015,maize_corn,1998,89600.0,49700.0,planted,1.8028169014084507
VN.ADM1.00015,maize_corn,1999,97700.0,53000.0,planted,1.8433962264150943
VN.ADM1.00015,maize_corn,2000,110300.0,53500.0,planted,2.061682242990654
VN.ADM1.00015,maize_corn,2001,123900.0,55800.0,planted,2.2204301075268815
VN.ADM1.00015,maize_corn,2002,135500.0,58000.0,planted,2.336206896551724
VN.ADM1.00015,maize_corn,2003,141000.0,59200.0,planted,2.3817567567567566
VN.ADM1.00015,maize_corn,2004,145600.0,58000.0,planted,2.510344827586207
VN.ADM1.00015,maize_corn,2005,152500.0,58700.0,planted,2.597955706984668
VN.ADM1.00015,maize_corn,2006,146900.0,57800.0,planted,2.541522491349481
VN.ADM1.00015,maize_corn,2007,163900.0,61000.0,planted,2.6868852459016392
VN.ADM1.00015,maize_corn,2008,178400.0,62600.0,planted,2.8498402555910545
VN.ADM1.00015,maize_corn,2009,185200.0,61600.0,planted,3.0064935064935066
VN.ADM1.00015,maize_corn,2010,207000.0,64300.0,planted,3.2192846034214617
VN.ADM1.00015,maize_corn,2011,227700.0,66400.0,planted,3.4292168674698793
VN.ADM1.00015,maize_corn,2012,229100.0,66600.0,planted,3.43993993993994
VN.ADM1.00015,maize_corn,2013,247900.0,68800.0,planted,3.6031976744186047
VN.ADM1.00015,maize_corn,2014,246400.0,70100.0,planted,3.514978601997147
VN.ADM1.00015,maize_corn,2015,267500.0,69400.0,planted,3.854466858789625
VN.ADM1.00015,maize_corn,2016,265600.0,71900.0,planted,3.694019471488178
VN.ADM1.00015,maize_corn,2017,267700.0,72300.0,planted,3.702627939142462
VN.ADM1.00015,maize_corn,2018,270000.0,71400.0,planted,3.7815126050420167
VN.ADM1.00015,maize_corn,2019,274800.0,72900.0,planted,3.769547325102881
VN.ADM1.00015,maize_corn,2020,286200.0,73900.0,planted,3.8728010825439783
VN.ADM1.00015,maize_corn,2021,285500.0,72900.0,planted,3.916323731138546
VN.ADM1.00015,maize_corn,2022,288200.0,73200.0,planted,3.9371584699453552
VN.ADM1.00015,maize_corn,2023,280700.0,73900.0,planted,3.798376184032476
VN.ADM1.00016,maize_corn,1980,10200.0,7000.0,planted,1.457142857142857
VN.ADM1.00016,maize_corn,1981,12500.0,7200.0,planted,1.7361111111111112
VN.ADM1.00016,maize_corn,1982,10300.0,6000.0,planted,1.7166666666666666
VN.ADM1.00016,maize_corn,1983,9000.0,5700.0,planted,1.5789473684210527
VN.ADM1.00016,maize_corn,1984,8800.0,5100.0,planted,1.7254901960784315
VN.ADM1.00016,maize_corn,1985,11700.0,5600.0,planted,2.0892857142857144
VN.ADM1.00016,maize_corn,1986,14200.0,7800.0,planted,1.8205128205128205
VN.ADM1.00016,maize_corn,1987,15000.0,8300.0,planted,1.8072289156626506
VN.ADM1.00016,maize_corn,1988,46400.0,19200.0,planted,2.4166666666666665
VN.ADM1.00016,maize_corn,1989,36700.0,24400.0,planted,1.5040983606557377
VN.ADM1.00016,maize_corn,1990,38600.0,15700.0,planted,2.4585987261146496
VN.ADM1.00016,maize_corn,1996,76700.0,25200.0,planted,3.0436507936507935
VN.ADM1.00016,maize_corn,1997,62500.0,21600.0,planted,2.8935185185185186
VN.ADM1.00016,maize_corn,1998,59400.0,18400.0,planted,3.2282608695652173
VN.ADM1.00016,maize_corn,1999,63900.0,19100.0,planted,3.345549738219895
VN.ADM1.00016,maize_corn,2000,38500.0,12400.0,planted,3.1048387096774195
VN.ADM1.00016,maize_corn,2001,22800.0,6400.0,planted,3.5625
VN.ADM1.00016,maize_corn,2002,32700.0,8400.0,planted,3.892857142857143
VN.ADM1.00016,maize_corn,2003,51900.0,12600.0,planted,4.119047619047619
VN.ADM1.00016,maize_corn,2004,53100.0,12300.0,planted,4.317073170731708
VN.ADM1.00016,maize_corn,2005,53200.0,12000.0,planted,4.433333333333334
VN.ADM1.00016,maize_corn,2006,52200.0,11600.0,planted,4.5
VN.ADM1.00016,maize_corn,2007,64600.0,13700.0,planted,4.7153284671532845
VN.ADM1.00016,maize_corn,2008,68700.0,13600.0,planted,5.051470588235294
VN.ADM1.00016,maize_corn,2009,54600.0,10800.0,planted,5.055555555555555
VN.ADM1.00016,maize_corn,2010,71100.0,13300.0,planted,5.345864661654136
VN.ADM1.00016,maize_corn,2011,71400.0,12900.0,planted,5.534883720930233
VN.ADM1.00016,maize_corn,2012,64600.0,11400.0,planted,5.666666666666667
VN.ADM1.00016,maize_corn,2013,66900.0,12600.0,planted,5.309523809523809
VN.ADM1.00016,maize_corn,2014,68000.0,12500.0,planted,5.44
VN.ADM1.00016,maize_corn,2015,70500.0,12500.0,planted,5.64
VN.ADM1.00016,maize_corn,2016,69800.0,12300.0,planted,5.67479674796748
VN.ADM1.00016,maize_corn,2017,69300.0,12000.0,planted,5.775
VN.ADM1.00016,maize_corn,2018,63900.0,10800.0,planted,5.916666666666667
VN.ADM1.00016,maize_corn,2019,53900.0,8900.0,planted,6.056179775280899
VN.ADM1.00016,maize_corn,2020,46500.0,7800.0,planted,5.961538461538462
VN.ADM1.00016,maize_corn,2021,43100.0,7000.0,planted,6.1571428571428575
VN.ADM1.00016,maize_corn,2022,40900.0,6700.0,planted,6.104477611940299
VN.ADM1.00016,maize_corn,2023,39900.0,6500.0,planted,6.138461538461539
VN.ADM1.00017,maize_corn,1980,0.0,0.0,planted,
VN.ADM1.00017,maize_corn,1981,200.0,40.0,planted,5.0
VN.ADM1.00017,maize_corn,1982,100.0,100.0,planted,1.0
VN.ADM1.00017,maize_corn,1983,200.0,100.0,planted,2.0
VN.ADM1.00017,maize_corn,1984,200.0,100.0,planted,2.0
VN.ADM1.00017,maize_corn,1985,100.0,100.0,planted,1.0
VN.ADM1.00017,maize_corn,1986,200.0,100.0,planted,2.0
VN.ADM1.00017,maize_corn,1987,400.0,200.0,planted,2.0
VN.ADM1.00017,maize_corn,1988,8000.0,3300.0,planted,2.4242424242424243
VN.ADM1.00017,maize_corn,1989,7200.0,3100.0,planted,2.3225806451612905
VN.ADM1.00017,maize_corn,1990,1100.0,500.0,planted,2.2
VN.ADM1.00017,maize_corn,1995,1000.0,500.0,planted,2.0
VN.ADM1.00017,maize_corn,1996,1100.0,500.0,planted,2.2
VN.ADM1.00017,maize_corn,1997,2600.0,800.0,planted,3.25
VN.ADM1.00017,maize_corn,1998,2500.0,800.0,planted,3.125
VN.ADM1.00017,maize_corn,1999,1500.0,500.0,planted,3.0
VN.ADM1.00017,maize_corn,2000,1800.0,600.0,planted,3.0
VN.ADM1.00017,maize_corn,2001,900.0,300.0,planted,3.0
VN.ADM1.00017,maize_corn,2002,1600.0,500.0,planted,3.2
VN.ADM1.00017,maize_corn,2003,4100.0,900.0,planted,4.555555555555555
VN.ADM1.00017,maize_corn,2004,7400.0,1600.0,planted,4.625
VN.ADM1.00017,maize_corn,2005,7600.0,1600.0,planted,4.75
VN.ADM1.00017,maize_corn,2006,6300.0,1400.0,planted,4.5
VN.ADM1.00017,maize_corn,2007,7900.0,1600.0,planted,4.9375
VN.ADM1.00017,maize_corn,2008,9600.0,1900.0,planted,5.052631578947368
VN.ADM1.00017,maize_corn,2009,10100.0,1900.0,planted,5.315789473684211
VN.ADM1.00017,maize_corn,2010,13700.0,2600.0,planted,5.269230769230769
VN.ADM1.00017,maize_corn,2011,13700.0,2600.0,planted,5.269230769230769
VN.ADM1.00017,maize_corn,2012,9000.0,1800.0,planted,5.0
VN.ADM1.00017,maize_corn,2013,7900.0,1600.0,planted,4.9375
VN.ADM1.00017,maize_corn,2014,6300.0,1300.0,planted,4.846153846153846
VN.ADM1.00017,maize_corn,2015,5800.0,1100.0,planted,5.2727272727272725
VN.ADM1.00017,maize_corn,2016,5900.0,1200.0,planted,4.916666666666667
VN.ADM1.00017,maize_corn,2017,5300.0,1000.0,planted,5.3
VN.ADM1.00017,maize_corn,2018,4900.0,900.0,planted,5.444444444444445
VN.ADM1.00017,maize_corn,2019,4600.0,900.0,planted,5.111111111111111
VN.ADM1.00017,maize_corn,2020,5100.0,1000.0,planted,5.1
VN.ADM1.00017,maize_corn,2021,5800.0,1100.0,planted,5.2727272727272725
VN.ADM1.00017,maize_corn,2022,5200.0,1000.0,planted,5.2
VN.ADM1.00017,maize_corn,2023,5000.0,1000.0,planted,5.0
VN.ADM1.00018,maize_corn,1980,1400.0,1100.0,planted,1.2727272727272727
VN.ADM1.00018,maize_corn,1981,1500.0,1200.0,planted,1.25
VN.ADM1.00018,maize_corn,1982,1100.0,900.0,planted,1.2222222222222223
VN.ADM1.00018,maize_corn,1983,700.0,600.0,planted,1.1666666666666667
VN.ADM1.00018,maize_corn,1984,800.0,600.0,planted,1.3333333333333333
VN.ADM1.00018,maize_corn,1985,700.0,500.0,planted,1.4
VN.ADM1.00018,maize_corn,1986,400.0,300.0,planted,1.3333333333333333
VN.ADM1.00018,maize_corn,1987,800.0,600.0,planted,1.3333333333333333
VN.ADM1.00018,maize_corn,1988,800.0,600.0,planted,1.3333333333333333
VN.ADM1.00018,maize_corn,1989,1100.0,800.0,planted,1.375
VN.ADM1.00018,maize_corn,1990,700.0,500.0,planted,1.4
VN.ADM1.00018,maize_corn,1995,8200.0,3400.0,planted,2.411764705882353
VN.ADM1.00018,maize_corn,1996,9400.0,3200.0,planted,2.9375
VN.ADM1.00018,maize_corn,1997,10600.0,4000.0,planted,2.65
VN.ADM1.00018,maize_corn,1998,10800.0,3900.0,planted,2.769230769230769
VN.ADM1.00018,maize_corn,1999,9500.0,3600.0,planted,2.638888888888889
VN.ADM1.00018,maize_corn,2000,10300.0,3800.0,planted,2.710526315789474
VN.ADM1.00018,maize_corn,2001,11700.0,3800.0,planted,3.0789473684210527
VN.ADM1.00018,maize_corn,2002,13900.0,4000.0,planted,3.475
VN.ADM1.00018,maize_corn,2003,15200.0,4100.0,planted,3.707317073170732
VN.ADM1.00018,maize_corn,2004,22300.0,5600.0,planted,3.982142857142857
VN.ADM1.00018,maize_corn,2005,21300.0,5400.0,planted,3.9444444444444446
VN.ADM1.00018,maize_corn,2006,19200.0,4900.0,planted,3.9183673469387754
VN.ADM1.00018,maize_corn,2007,21700.0,5400.0,planted,4.018518518518518
VN.ADM1.00018,maize_corn,2008,27400.0,6800.0,planted,4.029411764705882
VN.ADM1.00018,maize_corn,2009,29700.0,7000.0,planted,4.242857142857143
VN.ADM1.00018,maize_corn,2010,27600.0,6500.0,planted,4.246153846153846
VN.ADM1.00018,maize_corn,2011,27300.0,6500.0,planted,4.2
VN.ADM1.00018,maize_corn,2012,29900.0,7100.0,planted,4.211267605633803
VN.ADM1.00018,maize_corn,2013,32500.0,7600.0,planted,4.276315789473684
VN.ADM1.00018,maize_corn,2014,33500.0,7500.0,planted,4.466666666666667
VN.ADM1.00018,maize_corn,2015,36200.0,8100.0,planted,4.469135802469136
VN.ADM1.00018,maize_corn,2016,36600.0,8300.0,planted,4.409638554216867
VN.ADM1.00018,maize_corn,2017,37600.0,8500.0,planted,4.423529411764706
VN.ADM1.00018,maize_corn,2018,38500.0,8500.0,planted,4.529411764705882
VN.ADM1.00018,maize_corn,2019,41700.0,8500.0,planted,4.905882352941177
VN.ADM1.00018,maize_corn,2020,36100.0,6700.0,planted,5.388059701492537
VN.ADM1.00018,maize_corn,2021,35400.0,6500.0,planted,5.446153846153846
VN.ADM1.00018,maize_corn,2022,33200.0,5900.0,planted,5.627118644067797
VN.ADM1.00018,maize_corn,2023,30500.0,5500.0,planted,5.545454545454546
VN.ADM1.00019,maize_corn,1980,1200.0,1000.0,planted,1.2
VN.ADM1.00019,maize_corn,1981,2400.0,2400.0,planted,1.0
VN.ADM1.00019,maize_corn,1982,3000.0,2100.0,planted,1.4285714285714286
VN.ADM1.00019,maize_corn,1983,2600.0,1800.0,planted,1.4444444444444444
VN.ADM1.00019,maize_corn,1984,2700.0,2000.0,planted,1.35
VN.ADM1.00019,maize_corn,1985,2100.0,1700.0,planted,1.2352941176470589
VN.ADM1.00019,maize_corn,1986,1900.0,1600.0,planted,1.1875
VN.ADM1.00019,maize_corn,1987,1500.0,1000.0,planted,1.5
VN.ADM1.00019,maize_corn,1988,1700.0,1000.0,planted,1.7
VN.ADM1.00019,maize_corn,1989,1400.0,800.0,planted,1.75
VN.ADM1.00019,maize_corn,1990,1300.0,1100.0,planted,1.1818181818181819
VN.ADM1.00019,maize_corn,1995,1300.0,700.0,planted,1.8571428571428572
VN.ADM1.00019,maize_corn,1996,1300.0,700.0,planted,1.8571428571428572
VN.ADM1.00019,maize_corn,1997,2600.0,900.0,planted,2.888888888888889
VN.ADM1.00019,maize_corn,1998,2700.0,900.0,planted,3.0
VN.ADM1.00019,maize_corn,1999,3100.0,1100.0,planted,2.8181818181818183
VN.ADM1.00019,maize_corn,2000,3400.0,1100.0,planted,3.090909090909091
VN.ADM1.00019,maize_corn,2001,3600.0,1100.0,planted,3.272727272727273
VN.ADM1.00019,maize_corn,2002,3800.0,1200.0,planted,3.1666666666666665
VN.ADM1.00019,maize_corn,2003,4400.0,1400.0,planted,3.142857142857143
VN.ADM1.00019,maize_corn,2004,3100.0,900.0,planted,3.4444444444444446
VN.ADM1.00019,maize_corn,2005,3300.0,1000.0,planted,3.3
VN.ADM1.00019,maize_corn,2006,4100.0,1200.0,planted,3.4166666666666665
VN.ADM1.00019,maize_corn,2007,3700.0,1100.0,planted,3.3636363636363638
VN.ADM1.00019,maize_corn,2008,2500.0,700.0,planted,3.5714285714285716
VN.ADM1.00019,maize_corn,2009,4100.0,1200.0,planted,3.4166666666666665
VN.ADM1.00019,maize_corn,2010,3100.0,900.0,planted,3.4444444444444446
VN.ADM1.00019,maize_corn,2011,2300.0,600.0,planted,3.8333333333333335
VN.ADM1.00019,maize_corn,2012,2600.0,800.0,planted,3.25
VN.ADM1.00019,maize_corn,2013,3500.0,1100.0,planted,3.1818181818181817
VN.ADM1.00019,maize_corn,2014,4500.0,1400.0,planted,3.2142857142857144
VN.ADM1.00019,maize_corn,2015,3200.0,900.0,planted,3.5555555555555554
VN.ADM1.00019,maize_corn,2016,1800.0,500.0,planted,3.6
VN.ADM1.00019,maize_corn,2017,1800.0,500.0,planted,3.6
VN.ADM1.00019,maize_corn,2018,3000.0,800.0,planted,3.75
VN.ADM1.00019,maize_corn,2019,2500.0,700.0,planted,3.5714285714285716
VN.ADM1.00019,maize_corn,2020,2200.0,500.0,planted,4.4
VN.ADM1.00019,maize_corn,2021,1700.0,400.0,planted,4.25
VN.ADM1.00019,maize_corn,2022,1200.0,300.0,planted,4.0
VN.ADM1.00019,maize_corn,2023,1600.0,400.0,planted,4.0
VN.ADM1.00020,maize_corn,1980,16000.0,18500.0,planted,0.8648648648648649
VN.ADM1.00020,maize_corn,1981,18700.0,19200.0,planted,0.9739583333333334
VN.ADM1.00020,maize_corn,1982,19500.0,19500.0,planted,1.0
VN.ADM1.00020,maize_corn,1983,18900.0,20200.0,planted,0.9356435643564357
VN.ADM1.00020,maize_corn,1984,24300.0,20700.0,planted,1.173913043478261
VN.ADM1.00020,maize_corn,1985,26800.0,22100.0,planted,1.2126696832579185
VN.ADM1.00020,maize_corn,1986,24300.0,22200.0,planted,1.0945945945945945
VN.ADM1.00020,maize_corn,1987,27900.0,22400.0,planted,1.2455357142857142
VN.ADM1.00020,maize_corn,1988,31300.0,24600.0,planted,1.2723577235772359
VN.ADM1.00020,maize_corn,1989,32600.0,25300.0,planted,1.2885375494071147
VN.ADM1.00020,maize_corn,1990,28700.0,22400.0,planted,1.28125
VN.ADM1.00020,maize_corn,1995,37100.0,25400.0,planted,1.4606299212598426
VN.ADM1.00020,maize_corn,1996,41600.0,26400.0,planted,1.5757575757575757
VN.ADM1.00020,maize_corn,1997,42900.0,28800.0,planted,1.4895833333333333
VN.ADM1.00020,maize_corn,1998,48400.0,28800.0,planted,1.6805555555555556
VN.ADM1.00020,maize_corn,1999,54600.0,31200.0,planted,1.75
VN.ADM1.00020,maize_corn,2000,57800.0,32400.0,planted,1.7839506172839505
VN.ADM1.00020,maize_corn,2001,65500.0,33700.0,planted,1.943620178041543
VN.ADM1.00020,maize_corn,2002,74600.0,34800.0,planted,2.1436781609195403
VN.ADM1.00020,maize_corn,2003,83600.0,36100.0,planted,2.3157894736842106
VN.ADM1.00020,maize_corn,2004,91300.0,36900.0,planted,2.4742547425474255
VN.ADM1.00020,maize_corn,2005,98000.0,38900.0,planted,2.519280205655527
VN.ADM1.00020,maize_corn,2006,100900.0,39400.0,planted,2.5609137055837565
VN.ADM1.00020,maize_corn,2007,115700.0,42400.0,planted,2.7287735849056602
VN.ADM1.00020,maize_corn,2008,126000.0,46200.0,planted,2.727272727272727
VN.ADM1.00020,maize_corn,2009,142000.0,48100.0,planted,2.952182952182952
VN.ADM1.00020,maize_corn,2010,166300.0,53700.0,planted,3.09683426443203
VN.ADM1.00020,maize_corn,2011,182800.0,57600.0,planted,3.173611111111111
VN.ADM1.00020,maize_corn,2012,191100.0,58400.0,planted,3.2722602739726026
VN.ADM1.00020,maize_corn,2013,206700.0,61400.0,planted,3.3664495114006514
VN.ADM1.00020,maize_corn,2014,201300.0,67600.0,planted,2.977810650887574
VN.ADM1.00020,maize_corn,2015,226200.0,65000.0,planted,3.48
VN.ADM1.00020,maize_corn,2016,234100.0,66200.0,planted,3.5362537764350455
VN.ADM1.00020,maize_corn,2017,241100.0,66300.0,planted,3.636500754147813
VN.ADM1.00020,maize_corn,2018,249400.0,66300.0,planted,3.7616892911010558
VN.ADM1.00020,maize_corn,2019,254500.0,66500.0,planted,3.827067669172932
VN.ADM1.00020,maize_corn,2020,262000.0,67600.0,planted,3.8757396449704142
VN.ADM1.00020,maize_corn,2021,257300.0,65900.0,planted,3.904400606980273
VN.ADM1.00020,maize_corn,2022,255700.0,64300.0,planted,3.9766718506998444
VN.ADM1.00020,maize_corn,2023,240700.0,63800.0,planted,3.772727272727273
VN.ADM1.00021,maize_corn,1980,900.0,900.0,planted,1.0
VN.ADM1.00021,maize_corn,1981,500.0,400.0,planted,1.25
VN.ADM1.00021,maize_corn,1982,200.0,300.0,planted,0.6666666666666666
VN.ADM1.00021,maize_corn,1983,300.0,200.0,planted,1.5
VN.ADM1.00021,maize_corn,1984,200.0,200.0,planted,1.0
VN.ADM1.00021,maize_corn,1985,300.0,300.0,planted,1.0
VN.ADM1.00021,maize_corn,1986,300.0,200.0,planted,1.5
VN.ADM1.00021,maize_corn,1987,300.0,200.0,planted,1.5
VN.ADM1.00021,maize_corn,1988,100.0,100.0,planted,1.0
VN.ADM1.00021,maize_corn,1989,200.0,100.0,planted,2.0
VN.ADM1.00021,maize_corn,1990,200.0,200.0,planted,1.0
VN.ADM1.00021,maize_corn,1996,100.0,100.0,planted,1.0
VN.ADM1.00021,maize_corn,2002,0.0,100.0,planted,0.0
VN.ADM1.00021,maize_corn,2003,400.0,200.0,planted,2.0
VN.ADM1.00021,maize_corn,2004,200.0,100.0,planted,2.0
VN.ADM1.00021,maize_corn,2006,100.0,,,
VN.ADM1.00021,maize_corn,2008,100.0,,,
VN.ADM1.00021,maize_corn,2009,200.0,100.0,planted,2.0
VN.ADM1.00021,maize_corn,2010,200.0,,,
VN.ADM1.00021,maize_corn,2011,300.0,100.0,planted,3.0
VN.ADM1.00021,maize_corn,2012,300.0,100.0,planted,3.0
VN.ADM1.00021,maize_corn,2013,700.0,100.0,planted,7.0
VN.ADM1.00021,maize_corn,2014,700.0,100.0,planted,7.0
VN.ADM1.00021,maize_corn,2015,1300.0,100.0,planted,13.0
VN.ADM1.00021,maize_corn,2016,1200.0,200.0,planted,6.0
VN.ADM1.00021,maize_corn,2017,1700.0,300.0,planted,5.666666666666667
VN.ADM1.00021,maize_corn,2018,1500.0,300.0,planted,5.0
VN.ADM1.00021,maize_corn,2019,1400.0,200.0,planted,7.0
VN.ADM1.00021,maize_corn,2020,1700.0,300.0,planted,5.666666666666667
VN.ADM1.00021,maize_corn,2021,1800.0,300.0,planted,6.0
VN.ADM1.00021,maize_corn,2022,2100.0,300.0,planted,7.0
VN.ADM1.00021,maize_corn,2023,2400.0,300.0,planted,8.0
VN.ADM1.00022,maize_corn,1980,1800.0,23300.0,planted,0.07725321888412018
VN.ADM1.00022,maize_corn,1981,26600.0,24100.0,planted,1.103734439834025
VN.ADM1.00022,maize_corn,1982,25700.0,24900.0,planted,1.0321285140562249
VN.ADM1.00022,maize_corn,1983,28000.0,25700.0,planted,1.0894941634241244
VN.ADM1.00022,maize_corn,1984,27800.0,25600.0,planted,1.0859375
VN.ADM1.00022,maize_corn,1985,29600.0,26100.0,planted,1.1340996168582376
VN.ADM1.00022,maize_corn,1986,29900.0,25500.0,planted,1.1725490196078432
VN.ADM1.00022,maize_corn,1987,19400.0,26000.0,planted,0.7461538461538462
VN.ADM1.00022,maize_corn,1988,32100.0,26900.0,planted,1.1933085501858736
VN.ADM1.00022,maize_corn,1989,33700.0,26700.0,planted,1.2621722846441947
VN.ADM1.00022,maize_corn,1990,29900.0,26300.0,planted,1.1368821292775666
VN.ADM1.00022,maize_corn,1995,30100.0,27200.0,planted,1.1066176470588236
VN.ADM1.00022,maize_corn,1996,36700.0,29100.0,planted,1.261168384879725
VN.ADM1.00022,maize_corn,1997,35800.0,29000.0,planted,1.2344827586206897
VN.ADM1.00022,maize_corn,1998,40500.0,29700.0,planted,1.3636363636363635
VN.ADM1.00022,maize_corn,1999,40600.0,30100.0,planted,1.3488372093023255
VN.ADM1.00022,maize_corn,2000,43200.0,31100.0,planted,1.3890675241157557
VN.ADM1.00022,maize_corn,2001,47500.0,32100.0,planted,1.4797507788161994
VN.ADM1.00022,maize_corn,2002,55000.0,33800.0,planted,1.6272189349112427
VN.ADM1.00022,maize_corn,2003,61100.0,36900.0,planted,1.6558265582655827
VN.ADM1.00022,maize_corn,2004,70500.0,39600.0,planted,1.7803030303030303
VN.ADM1.00022,maize_corn,2005,78000.0,41500.0,planted,1.8795180722891567
VN.ADM1.00022,maize_corn,2006,84400.0,43400.0,planted,1.944700460829493
VN.ADM1.00022,maize_corn,2007,94000.0,45100.0,planted,2.084257206208426
VN.ADM1.00022,maize_corn,2008,104500.0,47100.0,planted,2.218683651804671
VN.ADM1.00022,maize_corn,2009,110000.0,48200.0,planted,2.2821576763485476
VN.ADM1.00022,maize_corn,2010,117500.0,48500.0,planted,2.422680412371134
VN.ADM1.00022,maize_corn,2011,123700.0,49800.0,planted,2.4839357429718874
VN.ADM1.00022,maize_corn,2012,131000.0,50600.0,planted,2.588932806324111
VN.ADM1.00022,maize_corn,2013,131500.0,50500.0,planted,2.603960396039604
VN.ADM1.00022,maize_corn,2014,138200.0,52000.0,planted,2.6576923076923076
VN.ADM1.00022,maize_corn,2015,142200.0,52400.0,planted,2.713740458015267
VN.ADM1.00022,maize_corn,2016,148400.0,52800.0,planted,2.8106060606060606
VN.ADM1.00022,maize_corn,2017,153100.0,52700.0,planted,2.905123339658444
VN.ADM1.00022,maize_corn,2018,149700.0,51000.0,planted,2.9352941176470586
VN.ADM1.00022,maize_corn,2019,148900.0,49900.0,planted,2.9839679358717435
VN.ADM1.00022,maize_corn,2020,148600.0,49200.0,planted,3.0203252032520327
VN.ADM1.00022,maize_corn,2021,151400.0,48000.0,planted,3.154166666666667
VN.ADM1.00022,maize_corn,2022,151500.0,46100.0,planted,3.286334056399132
VN.ADM1.00022,maize_corn,2023,146800.0,44000.0,planted,3.3363636363636364
VN.ADM1.00023,maize_corn,1980,18900.0,12000.0,planted,1.575
VN.ADM1.00023,maize_corn,1981,20000.0,12200.0,planted,1.639344262295082
VN.ADM1.00023,maize_corn,1982,24400.0,13900.0,planted,1.7553956834532374
VN.ADM1.00023,maize_corn,1983,32800.0,16500.0,planted,1.9878787878787878
VN.ADM1.00023,maize_corn,1984,38300.0,16400.0,planted,2.3353658536585367
VN.ADM1.00023,maize_corn,1985,36400.0,17300.0,planted,2.1040462427745665
VN.ADM1.00023,maize_corn,1986,33800.0,15900.0,planted,2.1257861635220126
VN.ADM1.00023,maize_corn,1987,28400.0,14400.0,planted,1.9722222222222223
VN.ADM1.00023,maize_corn,1988,26900.0,13500.0,planted,1.9925925925925927
VN.ADM1.00023,maize_corn,1989,33600.0,14100.0,planted,2.382978723404255
VN.ADM1.00023,maize_corn,1990,26900.0,12800.0,planted,2.1015625
VN.ADM1.00023,maize_corn,1995,42900.0,12100.0,planted,3.5454545454545454
VN.ADM1.00023,maize_corn,1996,55600.0,14400.0,planted,3.861111111111111
VN.ADM1.00023,maize_corn,1997,65500.0,14800.0,planted,4.425675675675675
VN.ADM1.00023,maize_corn,1998,62900.0,15500.0,planted,4.058064516129032
VN.ADM1.00023,maize_corn,1999,56700.0,13700.0,planted,4.138686131386861
VN.ADM1.00023,maize_corn,2000,49000.0,12400.0,planted,3.9516129032258065
VN.ADM1.00023,maize_corn,2001,42600.0,13200.0,planted,3.227272727272727
VN.ADM1.00023,maize_corn,2002,40000.0,15900.0,planted,2.5157232704402515
VN.ADM1.00023,maize_corn,2003,69400.0,16400.0,planted,4.2317073170731705
VN.ADM1.00023,maize_corn,2004,65900.0,16200.0,planted,4.067901234567901
VN.ADM1.00023,maize_corn,2005,86200.0,18300.0,planted,4.7103825136612025
VN.ADM1.00023,maize_corn,2006,83300.0,19400.0,planted,4.293814432989691
VN.ADM1.00023,maize_corn,2007,87300.0,19900.0,planted,4.386934673366834
VN.ADM1.00023,maize_corn,2008,73700.0,18400.0,planted,4.005434782608695
VN.ADM1.00023,maize_corn,2009,77800.0,17900.0,planted,4.346368715083799
VN.ADM1.00023,maize_corn,2010,71200.0,16200.0,planted,4.395061728395062
VN.ADM1.00023,maize_corn,2011,78400.0,16800.0,planted,4.666666666666667
VN.ADM1.00023,maize_corn,2012,88100.0,17700.0,planted,4.977401129943503
VN.ADM1.00023,maize_corn,2013,84000.0,16500.0,planted,5.090909090909091
VN.ADM1.00023,maize_corn,2014,79100.0,15400.0,planted,5.136363636363637
VN.ADM1.00023,maize_corn,2015,74300.0,13900.0,planted,5.345323741007194
VN.ADM1.00023,maize_corn,2016,69300.0,12800.0,planted,5.4140625
VN.ADM1.00023,maize_corn,2017,65500.0,12000.0,planted,5.458333333333333
VN.ADM1.00023,maize_corn,2018,54300.0,9800.0,planted,5.540816326530612
VN.ADM1.00023,maize_corn,2019,48000.0,8600.0,planted,5.5813953488372094
VN.ADM1.00023,maize_corn,2020,43800.0,7700.0,planted,5.688311688311688
VN.ADM1.00023,maize_corn,2021,42500.0,7400.0,planted,5.743243243243243
VN.ADM1.00023,maize_corn,2022,41600.0,7400.0,planted,5.621621621621622
VN.ADM1.00023,maize_corn,2023,44600.0,7500.0,planted,5.946666666666666
VN.ADM1.00024,maize_corn,1980,11000.0,11500.0,planted,0.9565217391304348
VN.ADM1.00024,maize_corn,1981,11000.0,13200.0,planted,0.8333333333333334
VN.ADM1.00024,maize_corn,1982,9500.0,12200.0,planted,0.7786885245901639
VN.ADM1.00024,maize_corn,1983,5600.0,11300.0,planted,0.49557522123893805
VN.ADM1.00024,maize_corn,1984,7900.0,10400.0,planted,0.7596153846153846
VN.ADM1.00024,maize_corn,1985,10600.0,10400.0,planted,1.0192307692307692
VN.ADM1.00024,maize_corn,1986,6500.0,9500.0,planted,0.6842105263157895
VN.ADM1.00024,maize_corn,1987,11100.0,10300.0,planted,1.0776699029126213
VN.ADM1.00024,maize_corn,1988,6400.0,10100.0,planted,0.6336633663366337
VN.ADM1.00024,maize_corn,1989,12700.0,10400.0,planted,1.2211538461538463
VN.ADM1.00024,maize_corn,1990,8100.0,9400.0,planted,0.8617021276595744
VN.ADM1.00024,maize_corn,1995,21600.0,10400.0,planted,2.076923076923077
VN.ADM1.00024,maize_corn,1996,24900.0,10200.0,planted,2.4411764705882355
VN.ADM1.00024,maize_corn,1997,28600.0,10600.0,planted,2.69811320754717
VN.ADM1.00024,maize_corn,1998,28400.0,10100.0,planted,2.8118811881188117
VN.ADM1.00024,maize_corn,1999,32200.0,10600.0,planted,3.0377358490566038
VN.ADM1.00024,maize_corn,2000,44800.0,12700.0,planted,3.52755905511811
VN.ADM1.00024,maize_corn,2001,56200.0,13800.0,planted,4.072463768115942
VN.ADM1.00024,maize_corn,2002,57400.0,13900.0,planted,4.129496402877698
VN.ADM1.00024,maize_corn,2003,61700.0,15000.0,planted,4.113333333333333
VN.ADM1.00024,maize_corn,2004,74100.0,17600.0,planted,4.2102272727272725
VN.ADM1.00024,maize_corn,2005,79800.0,18400.0,planted,4.336956521739131
VN.ADM1.00024,maize_corn,2006,70200.0,17700.0,planted,3.9661016949152543
VN.ADM1.00024,maize_corn,2007,89000.0,19100.0,planted,4.659685863874346
VN.ADM1.00024,maize_corn,2008,94900.0,20700.0,planted,4.584541062801932
VN.ADM1.00024,maize_corn,2009,93400.0,20200.0,planted,4.623762376237623
VN.ADM1.00024,maize_corn,2010,97200.0,20200.0,planted,4.811881188118812
VN.ADM1.00024,maize_corn,2011,100700.0,20900.0,planted,4.818181818181818
VN.ADM1.00024,maize_corn,2012,103800.0,21800.0,planted,4.761467889908257
VN.ADM1.00024,maize_corn,2013,105400.0,22000.0,planted,4.790909090909091
VN.ADM1.00024,maize_corn,2014,98400.0,21600.0,planted,4.555555555555555
VN.ADM1.00024,maize_corn,2015,104400.0,22100.0,planted,4.723981900452489
VN.ADM1.00024,maize_corn,2016,108200.0,22200.0,planted,4.873873873873874
VN.ADM1.00024,maize_corn,2017,105200.0,21300.0,planted,4.938967136150235
VN.ADM1.00024,maize_corn,2018,105300.0,21000.0,planted,5.014285714285714
VN.ADM1.00024,maize_corn,2019,98300.0,19600.0,planted,5.01530612244898
VN.ADM1.00024,maize_corn,2020,97300.0,19400.0,planted,5.015463917525773
VN.ADM1.00024,maize_corn,2021,93700.0,18700.0,planted,5.010695187165775
VN.ADM1.00024,maize_corn,2022,96200.0,19200.0,planted,5.010416666666667
VN.ADM1.00024,maize_corn,2023,101600.0,19900.0,planted,5.105527638190955
VN.ADM1.00025,maize_corn,1980,100.0,100.0,planted,1.0
VN.ADM1.00025,maize_corn,1981,100.0,100.0,planted,1.0
VN.ADM1.00025,maize_corn,1982,20.0,20.0,planted,1.0
VN.ADM1.00025,maize_corn,1983,20.0,10.0,planted,2.0
VN.ADM1.00025,maize_corn,1984,100.0,100.0,planted,1.0
VN.ADM1.00025,maize_corn,1985,10.0,10.0,planted,1.0
VN.ADM1.00025,maize_corn,1986,100.0,200.0,planted,0.5
VN.ADM1.00025,maize_corn,1987,200.0,200.0,planted,1.0
VN.ADM1.00025,maize_corn,1988,0.0,0.0,planted,
VN.ADM1.00025,maize_corn,1989,0.0,0.0,planted,
VN.ADM1.00025,maize_corn,1990,100.0,100.0,planted,1.0
VN.ADM1.00025,maize_corn,1995,400.0,100.0,planted,4.0
VN.ADM1.00025,maize_corn,1996,600.0,100.0,planted,6.0
VN.ADM1.00025,maize_corn,1997,2500.0,500.0,planted,5.0
VN.ADM1.00025,maize_corn,1998,700.0,200.0,planted,3.5
VN.ADM1.00025,maize_corn,1999,1000.0,400.0,planted,2.5
VN.ADM1.00025,maize_corn,2000,1300.0,400.0,planted,3.25
VN.ADM1.00025,maize_corn,2001,8900.0,1900.0,planted,4.684210526315789
VN.ADM1.00025,maize_corn,2002,5200.0,1300.0,planted,4.0
VN.ADM1.00025,maize_corn,2003,10800.0,2400.0,planted,4.5
VN.ADM1.00025,maize_corn,2004,10000.0,2200.0,planted,4.545454545454546
VN.ADM1.00025,maize_corn,2005,14500.0,3200.0,planted,4.53125
VN.ADM1.00025,maize_corn,2006,22300.0,4600.0,planted,4.8478260869565215
VN.ADM1.00025,maize_corn,2007,26600.0,4600.0,planted,5.782608695652174
VN.ADM1.00025,maize_corn,2008,27600.0,5100.0,planted,5.411764705882353
VN.ADM1.00025,maize_corn,2009,19500.0,4000.0,planted,4.875
VN.ADM1.00025,maize_corn,2010,28500.0,5200.0,planted,5.480769230769231
VN.ADM1.00025,maize_corn,2011,25900.0,4900.0,planted,5.285714285714286
VN.ADM1.00025,maize_corn,2012,23800.0,4000.0,planted,5.95
VN.ADM1.00025,maize_corn,2013,22400.0,3900.0,planted,5.743589743589744
VN.ADM1.00025,maize_corn,2014,29200.0,4200.0,planted,6.9523809523809526
VN.ADM1.00025,maize_corn,2015,29000.0,4200.0,planted,6.904761904761905
VN.ADM1.00025,maize_corn,2016,11700.0,2400.0,planted,4.875
VN.ADM1.00025,maize_corn,2017,9000.0,1400.0,planted,6.428571428571429
VN.ADM1.00025,maize_corn,2018,8100.0,1300.0,planted,6.230769230769231
VN.ADM1.00025,maize_corn,2019,3900.0,700.0,planted,5.571428571428571
VN.ADM1.00025,maize_corn,2020,2500.0,400.0,planted,6.25
VN.ADM1.00025,maize_corn,2021,1600.0,300.0,planted,5.333333333333333
VN.ADM1.00025,maize_corn,2022,1700.0,300.0,planted,5.666666666666667
VN.ADM1.00025,maize_corn,2023,1200.0,300.0,planted,4.0
VN.ADM1.00026,maize_corn,1996,900.0,300.0,planted,3.0
VN.ADM1.00026,maize_corn,1997,1100.0,500.0,planted,2.2
VN.ADM1.00026,maize_corn,1998,900.0,400.0,planted,2.25
VN.ADM1.00026,maize_corn,1999,1500.0,500.0,planted,3.0
VN.ADM1.00026,maize_corn,2000,1900.0,600.0,planted,3.1666666666666665
VN.ADM1.00026,maize_corn,2001,1500.0,500.0,planted,3.0
VN.ADM1.00026,maize_corn,2002,3100.0,700.0,planted,4.428571428571429
VN.ADM1.00026,maize_corn,2003,2600.0,800.0,planted,3.25
VN.ADM1.00026,maize_corn,2004,2900.0,600.0,planted,4.833333333333333
VN.ADM1.00026,maize_corn,2005,2800.0,700.0,planted,4.0
VN.ADM1.00026,maize_corn,2006,2800.0,700.0,planted,4.0
VN.ADM1.00026,maize_corn,2007,1400.0,400.0,planted,3.5
VN.ADM1.00026,maize_corn,2008,1200.0,400.0,planted,3.0
VN.ADM1.00026,maize_corn,2009,1400.0,300.0,planted,4.666666666666667
VN.ADM1.00026,maize_corn,2010,1700.0,400.0,planted,4.25
VN.ADM1.00026,maize_corn,2011,2700.0,700.0,planted,3.857142857142857
VN.ADM1.00026,maize_corn,2012,2300.0,600.0,planted,3.8333333333333335
VN.ADM1.00026,maize_corn,2013,2700.0,700.0,planted,3.857142857142857
VN.ADM1.00026,maize_corn,2014,2600.0,700.0,planted,3.7142857142857144
VN.ADM1.00026,maize_corn,2015,2700.0,700.0,planted,3.857142857142857
VN.ADM1.00026,maize_corn,2016,3000.0,700.0,planted,4.285714285714286
VN.ADM1.00026,maize_corn,2017,3100.0,700.0,planted,4.428571428571429
VN.ADM1.00026,maize_corn,2018,3500.0,700.0,planted,5.0
VN.ADM1.00026,maize_corn,2019,3900.0,800.0,planted,4.875
VN.ADM1.00026,maize_corn,2020,4000.0,800.0,planted,5.0
VN.ADM1.00026,maize_corn,2021,4000.0,800.0,planted,5.0
VN.ADM1.00026,maize_corn,2022,4300.0,800.0,planted,5.375
VN.ADM1.00026,maize_corn,2023,4700.0,900.0,planted,5.222222222222222
VN.ADM1.00027,maize_corn,1980,22200.0,21900.0,planted,1.0136986301369864
VN.ADM1.00027,maize_corn,1981,26700.0,22800.0,planted,1.1710526315789473
VN.ADM1.00027,maize_corn,1982,26400.0,21600.0,planted,1.2222222222222223
VN.ADM1.00027,maize_corn,1983,22600.0,19600.0,planted,1.153061224489796
VN.ADM1.00027,maize_corn,1984,22500.0,19600.0,planted,1.1479591836734695
VN.ADM1.00027,maize_corn,1985,20300.0,19600.0,planted,1.0357142857142858
VN.ADM1.00027,maize_corn,1986,21700.0,18700.0,planted,1.160427807486631
VN.ADM1.00027,maize_corn,1987,22500.0,19200.0,planted,1.171875
VN.ADM1.00027,maize_corn,1988,38100.0,27600.0,planted,1.3804347826086956
VN.ADM1.00027,maize_corn,1989,31500.0,28300.0,planted,1.1130742049469964
VN.ADM1.00027,maize_corn,1990,24900.0,21800.0,planted,1.1422018348623852
VN.ADM1.00027,maize_corn,1995,39400.0,27500.0,planted,1.4327272727272726
VN.ADM1.00027,maize_corn,1996,62000.0,29900.0,planted,2.0735785953177257
VN.ADM1.00027,maize_corn,1997,76500.0,37700.0,planted,2.029177718832891
VN.ADM1.00027,maize_corn,1998,69900.0,33100.0,planted,2.11178247734139
VN.ADM1.00027,maize_corn,1999,88500.0,41200.0,planted,2.1480582524271843
VN.ADM1.00027,maize_corn,2000,84500.0,40000.0,planted,2.1125
VN.ADM1.00027,maize_corn,2001,96300.0,36300.0,planted,2.652892561983471
VN.ADM1.00027,maize_corn,2002,106500.0,37900.0,planted,2.8100263852242744
VN.ADM1.00027,maize_corn,2003,152600.0,49800.0,planted,3.0642570281124497
VN.ADM1.00027,maize_corn,2004,245900.0,69400.0,planted,3.543227665706052
VN.ADM1.00027,maize_corn,2005,251300.0,75500.0,planted,3.328476821192053
VN.ADM1.00027,maize_corn,2006,251500.0,74900.0,planted,3.35781041388518
VN.ADM1.00027,maize_corn,2007,231300.0,68200.0,planted,3.3914956011730206
VN.ADM1.00027,maize_corn,2008,247700.0,71200.0,planted,3.478932584269663
VN.ADM1.00027,maize_corn,2009,205000.0,60500.0,planted,3.3884297520661155
VN.ADM1.00027,maize_corn,2010,262400.0,71000.0,planted,3.695774647887324
VN.ADM1.00027,maize_corn,2011,236400.0,66600.0,planted,3.5495495495495497
VN.ADM1.00027,maize_corn,2012,219200.0,62200.0,planted,3.5241157556270095
VN.ADM1.00027,maize_corn,2013,257300.0,63900.0,planted,4.02660406885759
VN.ADM1.00027,maize_corn,2014,218000.0,64000.0,planted,3.40625
VN.ADM1.00027,maize_corn,2015,267700.0,67600.0,planted,3.960059171597633
VN.ADM1.00027,maize_corn,2016,285600.0,68300.0,planted,4.181551976573939
VN.ADM1.00027,maize_corn,2017,270300.0,63700.0,planted,4.243328100470958
VN.ADM1.00027,maize_corn,2018,242600.0,57700.0,planted,4.204506065857886
VN.ADM1.00027,maize_corn,2019,258600.0,58700.0,planted,4.4054514480408855
VN.ADM1.00027,maize_corn,2020,249700.0,55900.0,planted,4.466905187835421
VN.ADM1.00027,maize_corn,2021,260600.0,57900.0,planted,4.500863557858376
VN.ADM1.00027,maize_corn,2022,269900.0,58800.0,planted,4.590136054421769
VN.ADM1.00027,maize_corn,2023,287100.0,61100.0,planted,4.698854337152209
VN.ADM1.00028,maize_corn,1980,3200.0,4000.0,planted,0.8
VN.ADM1.00028,maize_corn,1981,3400.0,3600.0,planted,0.9444444444444444
VN.ADM1.00028,maize_corn,1982,3500.0,3300.0,planted,1.0606060606060606
VN.ADM1.00028,maize_corn,1983,2600.0,2600.0,planted,1.0
VN.ADM1.00028,maize_corn,1984,3400.0,3100.0,planted,1.096774193548387
VN.ADM1.00028,maize_corn,1985,3800.0,3200.0,planted,1.1875
VN.ADM1.00028,maize_corn,1986,3100.0,3300.0,planted,0.9393939393939394
VN.ADM1.00028,maize_corn,1987,4500.0,3400.0,planted,1.3235294117647058
VN.ADM1.00028,maize_corn,1988,3800.0,3300.0,planted,1.1515151515151516
VN.ADM1.00028,maize_corn,1989,5400.0,4100.0,planted,1.3170731707317074
VN.ADM1.00028,maize_corn,1990,5200.0,4000.0,planted,1.3
VN.ADM1.00028,maize_corn,1995,11600.0,5500.0,planted,2.109090909090909
VN.ADM1.00028,maize_corn,1996,16700.0,6200.0,planted,2.693548387096774
VN.ADM1.00028,maize_corn,1997,20600.0,7100.0,planted,2.9014084507042255
VN.ADM1.00028,maize_corn,1998,17200.0,7500.0,planted,2.2933333333333334
VN.ADM1.00028,maize_corn,1999,18000.0,8200.0,planted,2.1951219512195124
VN.ADM1.00028,maize_corn,2000,34400.0,10500.0,planted,3.276190476190476
VN.ADM1.00028,maize_corn,2001,43400.0,12100.0,planted,3.5867768595041323
VN.ADM1.00028,maize_corn,2002,53600.0,14300.0,planted,3.7482517482517483
VN.ADM1.00028,maize_corn,2003,62500.0,15300.0,planted,4.084967320261438
VN.ADM1.00028,maize_corn,2004,70900.0,16700.0,planted,4.245508982035928
VN.ADM1.00028,maize_corn,2005,80200.0,17400.0,planted,4.609195402298851
VN.ADM1.00028,maize_corn,2006,86900.0,18000.0,planted,4.8277777777777775
VN.ADM1.00028,maize_corn,2007,91700.0,18400.0,planted,4.983695652173913
VN.ADM1.00028,maize_corn,2008,95400.0,18800.0,planted,5.074468085106383
VN.ADM1.00028,maize_corn,2009,88700.0,18700.0,planted,4.74331550802139
VN.ADM1.00028,maize_corn,2010,92200.0,18100.0,planted,5.093922651933702
VN.ADM1.00028,maize_corn,2011,96300.0,18200.0,planted,5.291208791208791
VN.ADM1.00028,maize_corn,2012,101300.0,18900.0,planted,5.35978835978836
VN.ADM1.00028,maize_corn,2013,103400.0,19000.0,planted,5.442105263157894
VN.ADM1.00028,maize_corn,2014,104100.0,18800.0,planted,5.537234042553192
VN.ADM1.00028,maize_corn,2015,106100.0,18900.0,planted,5.613756613756614
VN.ADM1.00028,maize_corn,2016,108200.0,18800.0,planted,5.75531914893617
VN.ADM1.00028,maize_corn,2017,109900.0,18800.0,planted,5.845744680851064
VN.ADM1.00028,maize_corn,2018,109200.0,18400.0,planted,5.934782608695652
VN.ADM1.00028,maize_corn,2019,105000.0,17800.0,planted,5.898876404494382
VN.ADM1.00028,maize_corn,2020,105300.0,18000.0,planted,5.85
VN.ADM1.00028,maize_corn,2021,104000.0,17600.0,planted,5.909090909090909
VN.ADM1.00028,maize_corn,2022,108600.0,18100.0,planted,6.0
VN.ADM1.00028,maize_corn,2023,113300.0,18700.0,planted,6.0588235294117645
VN.ADM1.00029,maize_corn,1980,11000.0,15100.0,planted,0.7284768211920529
VN.ADM1.00029,maize_corn,1981,5900.0,11100.0,planted,0.5315315315315315
VN.ADM1.00029,maize_corn,1982,8900.0,11900.0,planted,0.7478991596638656
VN.ADM1.00029,maize_corn,1983,10100.0,12500.0,planted,0.808
VN.ADM1.00029,maize_corn,1984,10000.0,13500.0,planted,0.7407407407407407
VN.ADM1.00029,maize_corn,1985,12000.0,13800.0,planted,0.8695652173913043
VN.ADM1.00029,maize_corn,1986,10100.0,12500.0,planted,0.808
VN.ADM1.00029,maize_corn,1987,8600.0,10900.0,planted,0.7889908256880734
VN.ADM1.00029,maize_corn,1988,7600.0,11800.0,planted,0.6440677966101694
VN.ADM1.00029,maize_corn,1989,8200.0,9100.0,planted,0.9010989010989011
VN.ADM1.00029,maize_corn,1990,8900.0,10000.0,planted,0.89
VN.ADM1.00029,maize_corn,1995,8300.0,8100.0,planted,1.0246913580246915
VN.ADM1.00029,maize_corn,1996,9700.0,9200.0,planted,1.0543478260869565
VN.ADM1.00029,maize_corn,1997,7300.0,8400.0,planted,0.8690476190476191
VN.ADM1.00029,maize_corn,1998,7400.0,7900.0,planted,0.9367088607594937
VN.ADM1.00029,maize_corn,1999,8100.0,8600.0,planted,0.9418604651162791
VN.ADM1.00029,maize_corn,2000,10100.0,9000.0,planted,1.1222222222222222
VN.ADM1.00029,maize_corn,2001,10800.0,10100.0,planted,1.0693069306930694
VN.ADM1.00029,maize_corn,2002,9200.0,10300.0,planted,0.8932038834951457
VN.ADM1.00029,maize_corn,2003,17300.0,10700.0,planted,1.6168224299065421
VN.ADM1.00029,maize_corn,2004,18500.0,10800.0,planted,1.712962962962963
VN.ADM1.00029,maize_corn,2005,20500.0,11400.0,planted,1.7982456140350878
VN.ADM1.00029,maize_corn,2006,26000.0,12500.0,planted,2.08
VN.ADM1.00029,maize_corn,2007,26800.0,11700.0,planted,2.2905982905982905
VN.ADM1.00029,maize_corn,2008,27900.0,12100.0,planted,2.3057851239669422
VN.ADM1.00029,maize_corn,2009,27200.0,12600.0,planted,2.1587301587301586
VN.ADM1.00029,maize_corn,2010,29300.0,12900.0,planted,2.2713178294573644
VN.ADM1.00029,maize_corn,2011,34300.0,12900.0,planted,2.6589147286821704
VN.ADM1.00029,maize_corn,2012,36800.0,12600.0,planted,2.9206349206349205
VN.ADM1.00029,maize_corn,2013,37300.0,13000.0,planted,2.8692307692307693
VN.ADM1.00029,maize_corn,2014,36900.0,12900.0,planted,2.86046511627907
VN.ADM1.00029,maize_corn,2015,36700.0,12000.0,planted,3.058333333333333
VN.ADM1.00029,maize_corn,2016,37200.0,12200.0,planted,3.0491803278688523
VN.ADM1.00029,maize_corn,2017,36400.0,12100.0,planted,3.0082644628099175
VN.ADM1.00029,maize_corn,2018,40600.0,12400.0,planted,3.274193548387097
VN.ADM1.00029,maize_corn,2019,36700.0,11100.0,planted,3.3063063063063063
VN.ADM1.00029,maize_corn,2020,33400.0,9900.0,planted,3.3737373737373737
VN.ADM1.00029,maize_corn,2021,31500.0,9400.0,planted,3.351063829787234
VN.ADM1.00029,maize_corn,2022,31000.0,9200.0,planted,3.369565217391304
VN.ADM1.00029,maize_corn,2023,29500.0,8800.0,planted,3.352272727272727
VN.ADM1.00030,maize_corn,1980,7700.0,6300.0,planted,1.2222222222222223
VN.ADM1.00030,maize_corn,1981,8500.0,6900.0,planted,1.2318840579710144
VN.ADM1.00030,maize_corn,1982,7100.0,5600.0,planted,1.2678571428571428
VN.ADM1.00030,maize_corn,1983,6400.0,5400.0,planted,1.1851851851851851
VN.ADM1.00030,maize_corn,1984,8400.0,5800.0,planted,1.4482758620689655
VN.ADM1.00030,maize_corn,1985,8200.0,5200.0,planted,1.5769230769230769
VN.ADM1.00030,maize_corn,1986,5800.0,4300.0,planted,1.3488372093023255
VN.ADM1.00030,maize_corn,1987,6800.0,4000.0,planted,1.7
VN.ADM1.00030,maize_corn,1988,6800.0,4100.0,planted,1.6585365853658536
VN.ADM1.00030,maize_corn,1989,7400.0,4300.0,planted,1.7209302325581395
VN.ADM1.00030,maize_corn,1990,5900.0,4200.0,planted,1.4047619047619047
VN.ADM1.00030,maize_corn,1995,11400.0,5800.0,planted,1.9655172413793103
VN.ADM1.00030,maize_corn,1996,10700.0,6100.0,planted,1.7540983606557377
VN.ADM1.00030,maize_corn,1997,15500.0,6800.0,planted,2.2794117647058822
VN.ADM1.00030,maize_corn,1998,14600.0,6300.0,planted,2.3174603174603177
VN.ADM1.00030,maize_corn,1999,15100.0,7400.0,planted,2.0405405405405403
VN.ADM1.00030,maize_corn,2000,27100.0,9000.0,planted,3.011111111111111
VN.ADM1.00030,maize_corn,2001,38000.0,10100.0,planted,3.762376237623762
VN.ADM1.00030,maize_corn,2002,39200.0,10600.0,planted,3.69811320754717
VN.ADM1.00030,maize_corn,2003,46300.0,11400.0,planted,4.06140350877193
VN.ADM1.00030,maize_corn,2004,47500.0,11500.0,planted,4.130434782608695
VN.ADM1.00030,maize_corn,2005,48000.0,11300.0,planted,4.247787610619469
VN.ADM1.00030,maize_corn,2006,53000.0,12400.0,planted,4.274193548387097
VN.ADM1.00030,maize_corn,2007,55800.0,12500.0,planted,4.464
VN.ADM1.00030,maize_corn,2008,58800.0,13200.0,planted,4.454545454545454
VN.ADM1.00030,maize_corn,2009,55000.0,13400.0,planted,4.104477611940299
VN.ADM1.00030,maize_corn,2010,60400.0,13900.0,planted,4.345323741007194
VN.ADM1.00030,maize_corn,2011,60100.0,13900.0,planted,4.323741007194244
VN.ADM1.00030,maize_corn,2012,62100.0,14000.0,planted,4.435714285714286
VN.ADM1.00030,maize_corn,2013,58500.0,13200.0,planted,4.431818181818182
VN.ADM1.00030,maize_corn,2014,61700.0,13800.0,planted,4.471014492753623
VN.ADM1.00030,maize_corn,2015,59500.0,13500.0,planted,4.407407407407407
VN.ADM1.00030,maize_corn,2016,60800.0,13100.0,planted,4.641221374045801
VN.ADM1.00030,maize_corn,2017,61300.0,13000.0,planted,4.7153846153846155
VN.ADM1.00030,maize_corn,2018,58300.0,12300.0,planted,4.739837398373984
VN.ADM1.00030,maize_corn,2019,54700.0,11800.0,planted,4.635593220338983
VN.ADM1.00030,maize_corn,2020,57000.0,11700.0,planted,4.871794871794871
VN.ADM1.00030,maize_corn,2021,57500.0,11900.0,planted,4.831932773109243
VN.ADM1.00030,maize_corn,2022,55800.0,11800.0,planted,4.728813559322034
VN.ADM1.00030,maize_corn,2023,58800.0,11700.0,planted,5.0256410256410255
VN.ADM1.00031,maize_corn,1980,17800.0,2500.0,planted,7.12
VN.ADM1.00031,maize_corn,1981,1600.0,2000.0,planted,0.8
VN.ADM1.00031,maize_corn,1982,1900.0,2100.0,planted,0.9047619047619048
VN.ADM1.00031,maize_corn,1983,1700.0,2000.0,planted,0.85
VN.ADM1.00031,maize_corn,1984,2100.0,2100.0,planted,1.0
VN.ADM1.00031,maize_corn,1985,1900.0,2000.0,planted,0.95
VN.ADM1.00031,maize_corn,1986,2400.0,2100.0,planted,1.1428571428571428
VN.ADM1.00031,maize_corn,1987,3800.0,2600.0,planted,1.4615384615384615
VN.ADM1.00031,maize_corn,1988,8000.0,4400.0,planted,1.8181818181818181
VN.ADM1.00031,maize_corn,1989,8800.0,4300.0,planted,2.046511627906977
VN.ADM1.00031,maize_corn,1990,4600.0,3000.0,planted,1.5333333333333334
VN.ADM1.00031,maize_corn,1995,6000.0,2800.0,planted,2.142857142857143
VN.ADM1.00031,maize_corn,1996,7400.0,3200.0,planted,2.3125
VN.ADM1.00031,maize_corn,1997,9900.0,3800.0,planted,2.6052631578947367
VN.ADM1.00031,maize_corn,1998,10800.0,4100.0,planted,2.6341463414634148
VN.ADM1.00031,maize_corn,1999,11100.0,4500.0,planted,2.466666666666667
VN.ADM1.00031,maize_corn,2000,12900.0,4900.0,planted,2.63265306122449
VN.ADM1.00031,maize_corn,2001,12800.0,4600.0,planted,2.782608695652174
VN.ADM1.00031,maize_corn,2002,14200.0,4800.0,planted,2.9583333333333335
VN.ADM1.00031,maize_corn,2003,16300.0,5200.0,planted,3.1346153846153846
VN.ADM1.00031,maize_corn,2004,19300.0,5800.0,planted,3.3275862068965516
VN.ADM1.00031,maize_corn,2005,22100.0,6400.0,planted,3.453125
VN.ADM1.00031,maize_corn,2006,18300.0,6100.0,planted,3.0
VN.ADM1.00031,maize_corn,2007,21200.0,6300.0,planted,3.365079365079365
VN.ADM1.00031,maize_corn,2008,23800.0,6800.0,planted,3.5
VN.ADM1.00031,maize_corn,2009,22600.0,6300.0,planted,3.5873015873015874
VN.ADM1.00031,maize_corn,2010,24000.0,6600.0,planted,3.6363636363636362
VN.ADM1.00031,maize_corn,2011,23800.0,6300.0,planted,3.7777777777777777
VN.ADM1.00031,maize_corn,2012,22500.0,6000.0,planted,3.75
VN.ADM1.00031,maize_corn,2013,22300.0,5800.0,planted,3.8448275862068964
VN.ADM1.00031,maize_corn,2014,22500.0,5900.0,planted,3.8135593220338984
VN.ADM1.00031,maize_corn,2015,23200.0,5900.0,planted,3.9322033898305087
VN.ADM1.00031,maize_corn,2016,23500.0,5800.0,planted,4.051724137931035
VN.ADM1.00031,maize_corn,2017,23300.0,5700.0,planted,4.087719298245614
VN.ADM1.00031,maize_corn,2018,21300.0,5300.0,planted,4.018867924528302
VN.ADM1.00031,maize_corn,2019,22400.0,5400.0,planted,4.148148148148148
VN.ADM1.00031,maize_corn,2020,24700.0,6100.0,planted,4.049180327868853
VN.ADM1.00031,maize_corn,2021,23400.0,5600.0,planted,4.178571428571429
VN.ADM1.00031,maize_corn,2022,29100.0,5800.0,planted,5.017241379310345
VN.ADM1.00031,maize_corn,2023,27800.0,5900.0,planted,4.711864406779661
VN.ADM1.00032,maize_corn,1980,24300.0,16200.0,planted,1.5
VN.ADM1.00032,maize_corn,1981,19900.0,16600.0,planted,1.1987951807228916
VN.ADM1.00032,maize_corn,1982,18600.0,14900.0,planted,1.2483221476510067
VN.ADM1.00032,maize_corn,1983,16200.0,14800.0,planted,1.0945945945945945
VN.ADM1.00032,maize_corn,1984,18300.0,14400.0,planted,1.2708333333333333
VN.ADM1.00032,maize_corn,1985,20800.0,14900.0,planted,1.395973154362416
VN.ADM1.00032,maize_corn,1986,23500.0,16500.0,planted,1.4242424242424243
VN.ADM1.00032,maize_corn,1987,14000.0,17500.0,planted,0.8
VN.ADM1.00032,maize_corn,1988,25100.0,17300.0,planted,1.4508670520231215
VN.ADM1.00032,maize_corn,1989,24300.0,16200.0,planted,1.5
VN.ADM1.00032,maize_corn,1990,23700.0,16500.0,planted,1.4363636363636363
VN.ADM1.00032,maize_corn,1995,45600.0,25200.0,planted,1.8095238095238095
VN.ADM1.00032,maize_corn,1996,50800.0,24400.0,planted,2.081967213114754
VN.ADM1.00032,maize_corn,1997,50700.0,29300.0,planted,1.7303754266211604
VN.ADM1.00032,maize_corn,1998,82300.0,35400.0,planted,2.324858757062147
VN.ADM1.00032,maize_corn,1999,97200.0,42500.0,planted,2.287058823529412
VN.ADM1.00032,maize_corn,2000,135800.0,51600.0,planted,2.631782945736434
VN.ADM1.00032,maize_corn,2001,151600.0,55200.0,planted,2.746376811594203
VN.ADM1.00032,maize_corn,2002,196100.0,64900.0,planted,3.021571648690293
VN.ADM1.00032,maize_corn,2003,200900.0,64600.0,planted,3.109907120743034
VN.ADM1.00032,maize_corn,2004,217800.0,68200.0,planted,3.193548387096774
VN.ADM1.00032,maize_corn,2005,228000.0,80900.0,planted,2.818294190358467
VN.ADM1.00032,maize_corn,2006,269000.0,82400.0,planted,3.2645631067961167
VN.ADM1.00032,maize_corn,2007,444000.0,117800.0,planted,3.769100169779287
VN.ADM1.00032,maize_corn,2008,503500.0,132300.0,planted,3.8057445200302342
VN.ADM1.00032,maize_corn,2009,514200.0,132100.0,planted,3.8925056775170326
VN.ADM1.00032,maize_corn,2010,417400.0,132700.0,planted,3.145440844009043
VN.ADM1.00032,maize_corn,2011,506700.0,127500.0,planted,3.9741176470588235
VN.ADM1.00032,maize_corn,2012,667300.0,168700.0,planted,3.955542382928275
VN.ADM1.00032,maize_corn,2013,654700.0,162800.0,planted,4.021498771498772
VN.ADM1.00032,maize_corn,2014,657700.0,162500.0,planted,4.047384615384615
VN.ADM1.00032,maize_corn,2015,588700.0,159900.0,planted,3.681676047529706
VN.ADM1.00032,maize_corn,2016,598600.0,152400.0,planted,3.9278215223097113
VN.ADM1.00032,maize_corn,2017,561800.0,138100.0,planted,4.06806661839247
VN.ADM1.00032,maize_corn,2018,472000.0,113800.0,planted,4.147627416520211
VN.ADM1.00032,maize_corn,2019,392000.0,95400.0,planted,4.109014675052411
VN.ADM1.00032,maize_corn,2020,364200.0,85300.0,planted,4.269636576787808
VN.ADM1.00032,maize_corn,2021,339200.0,78200.0,planted,4.337595907928389
VN.ADM1.00032,maize_corn,2022,325600.0,72700.0,planted,4.4786795048143055
VN.ADM1.00032,maize_corn,2023,337200.0,74900.0,planted,4.502002670226969
VN.ADM1.00033,maize_corn,1996,9900.0,5800.0,planted,1.706896551724138
VN.ADM1.00033,maize_corn,1997,18700.0,7200.0,planted,2.5972222222222223
VN.ADM1.00033,maize_corn,1998,15700.0,6900.0,planted,2.2753623188405796
VN.ADM1.00033,maize_corn,1999,18000.0,7100.0,planted,2.535211267605634
VN.ADM1.00033,maize_corn,2000,17600.0,7200.0,planted,2.4444444444444446
VN.ADM1.00033,maize_corn,2001,19700.0,7900.0,planted,2.4936708860759493
VN.ADM1.00033,maize_corn,2002,21200.0,8100.0,planted,2.617283950617284
VN.ADM1.00033,maize_corn,2003,24900.0,8900.0,planted,2.797752808988764
VN.ADM1.00033,maize_corn,2004,23100.0,8200.0,planted,2.817073170731707
VN.ADM1.00033,maize_corn,2005,26200.0,8600.0,planted,3.046511627906977
VN.ADM1.00033,maize_corn,2006,23400.0,7800.0,planted,3.0
VN.ADM1.00033,maize_corn,2007,21600.0,6900.0,planted,3.130434782608696
VN.ADM1.00033,maize_corn,2008,19500.0,6200.0,planted,3.1451612903225805
VN.ADM1.00033,maize_corn,2009,24500.0,7900.0,planted,3.1012658227848102
VN.ADM1.00033,maize_corn,2010,22200.0,7200.0,planted,3.0833333333333335
VN.ADM1.00033,maize_corn,2011,17700.0,5800.0,planted,3.0517241379310347
VN.ADM1.00033,maize_corn,2012,19700.0,5900.0,planted,3.3389830508474576
VN.ADM1.00033,maize_corn,2013,20200.0,5700.0,planted,3.543859649122807
VN.ADM1.00033,maize_corn,2014,19100.0,5300.0,planted,3.6037735849056602
VN.ADM1.00033,maize_corn,2015,19400.0,5300.0,planted,3.660377358490566
VN.ADM1.00033,maize_corn,2016,18000.0,4900.0,planted,3.673469387755102
VN.ADM1.00033,maize_corn,2017,17900.0,4900.0,planted,3.6530612244897958
VN.ADM1.00033,maize_corn,2018,17200.0,4600.0,planted,3.739130434782609
VN.ADM1.00033,maize_corn,2019,15800.0,4300.0,planted,3.6744186046511627
VN.ADM1.00033,maize_corn,2020,13200.0,3600.0,planted,3.6666666666666665
VN.ADM1.00033,maize_corn,2021,12500.0,3400.0,planted,3.676470588235294
VN.ADM1.00033,maize_corn,2022,11400.0,3100.0,planted,3.6774193548387095
VN.ADM1.00033,maize_corn,2023,11700.0,3100.0,planted,3.774193548387097
VN.ADM1.00034,maize_corn,1980,4500.0,4100.0,planted,1.0975609756097562
VN.ADM1.00034,maize_corn,1981,1100.0,1000.0,planted,1.1
VN.ADM1.00034,maize_corn,1982,1000.0,1100.0,planted,0.9090909090909091
VN.ADM1.00034,maize_corn,1983,1000.0,1100.0,planted,0.9090909090909091
VN.ADM1.00034,maize_corn,1984,1600.0,1400.0,planted,1.1428571428571428
VN.ADM1.00034,maize_corn,1985,1100.0,900.0,planted,1.2222222222222223
VN.ADM1.00034,maize_corn,1986,1000.0,900.0,planted,1.1111111111111112
VN.ADM1.00034,maize_corn,1987,1900.0,700.0,planted,2.7142857142857144
VN.ADM1.00034,maize_corn,1988,600.0,700.0,planted,0.8571428571428571
VN.ADM1.00034,maize_corn,1989,300.0,400.0,planted,0.75
VN.ADM1.00034,maize_corn,1990,500.0,500.0,planted,1.0
VN.ADM1.00034,maize_corn,1995,1100.0,600.0,planted,1.8333333333333333
VN.ADM1.00034,maize_corn,1996,28200.0,4400.0,planted,6.409090909090909
VN.ADM1.00034,maize_corn,1997,24000.0,7000.0,planted,3.4285714285714284
VN.ADM1.00034,maize_corn,1998,19200.0,6100.0,planted,3.1475409836065573
VN.ADM1.00034,maize_corn,1999,15900.0,5400.0,planted,2.9444444444444446
VN.ADM1.00034,maize_corn,2000,25100.0,7100.0,planted,3.535211267605634
VN.ADM1.00034,maize_corn,2001,28900.0,7400.0,planted,3.9054054054054053
VN.ADM1.00034,maize_corn,2002,28900.0,6800.0,planted,4.25
VN.ADM1.00034,maize_corn,2003,34100.0,8100.0,planted,4.209876543209877
VN.ADM1.00034,maize_corn,2004,29400.0,6700.0,planted,4.388059701492537
VN.ADM1.00034,maize_corn,2005,36700.0,7900.0,planted,4.6455696202531644
VN.ADM1.00034,maize_corn,2006,35000.0,7800.0,planted,4.487179487179487
VN.ADM1.00034,maize_corn,2007,33700.0,7100.0,planted,4.746478873239437
VN.ADM1.00034,maize_corn,2008,30900.0,6300.0,planted,4.904761904761905
VN.ADM1.00034,maize_corn,2009,35800.0,7300.0,planted,4.904109589041096
VN.ADM1.00034,maize_corn,2010,30000.0,5900.0,planted,5.084745762711864
VN.ADM1.00034,maize_corn,2011,26100.0,5200.0,planted,5.019230769230769
VN.ADM1.00034,maize_corn,2012,26300.0,5200.0,planted,5.0576923076923075
VN.ADM1.00034,maize_corn,2013,27000.0,5100.0,planted,5.294117647058823
VN.ADM1.00034,maize_corn,2014,27700.0,5200.0,planted,5.326923076923077
VN.ADM1.00034,maize_corn,2015,27600.0,5000.0,planted,5.52
VN.ADM1.00034,maize_corn,2016,24500.0,4400.0,planted,5.568181818181818
VN.ADM1.00034,maize_corn,2017,27700.0,4900.0,planted,5.653061224489796
VN.ADM1.00034,maize_corn,2018,32400.0,5800.0,planted,5.586206896551724
VN.ADM1.00034,maize_corn,2019,28200.0,5000.0,planted,5.64
VN.ADM1.00034,maize_corn,2020,27300.0,4700.0,planted,5.808510638297872
VN.ADM1.00034,maize_corn,2021,30200.0,5200.0,planted,5.8076923076923075
VN.ADM1.00034,maize_corn,2022,30200.0,5100.0,planted,5.921568627450981
VN.ADM1.00034,maize_corn,2023,29600.0,5000.0,planted,5.92
VN.ADM1.00035,maize_corn,1980,3000.0,2000.0,planted,1.5
VN.ADM1.00035,maize_corn,1981,3200.0,2400.0,planted,1.3333333333333333
VN.ADM1.00035,maize_corn,1982,2700.0,2000.0,planted,1.35
VN.ADM1.00035,maize_corn,1983,2400.0,1700.0,planted,1.411764705882353
VN.ADM1.00035,maize_corn,1984,2100.0,1700.0,planted,1.2352941176470589
VN.ADM1.00035,maize_corn,1985,3900.0,2700.0,planted,1.4444444444444444
VN.ADM1.00035,maize_corn,1986,4700.0,2900.0,planted,1.6206896551724137
VN.ADM1.00035,maize_corn,1987,10600.0,5900.0,planted,1.7966101694915255
VN.ADM1.00035,maize_corn,1988,28600.0,12900.0,planted,2.2170542635658914
VN.ADM1.00035,maize_corn,1989,36700.0,17400.0,planted,2.1091954022988504
VN.ADM1.00035,maize_corn,1990,17400.0,8400.0,planted,2.0714285714285716
VN.ADM1.00035,maize_corn,1995,26900.0,8500.0,planted,3.164705882352941
VN.ADM1.00035,maize_corn,1996,36200.0,11200.0,planted,3.232142857142857
VN.ADM1.00035,maize_corn,1997,45100.0,11500.0,planted,3.9217391304347826
VN.ADM1.00035,maize_corn,1998,25000.0,6500.0,planted,3.8461538461538463
VN.ADM1.00035,maize_corn,1999,21400.0,5400.0,planted,3.962962962962963
VN.ADM1.00035,maize_corn,2000,19100.0,4700.0,planted,4.0638297872340425
VN.ADM1.00035,maize_corn,2001,18700.0,4400.0,planted,4.25
VN.ADM1.00035,maize_corn,2002,21000.0,5000.0,planted,4.2
VN.ADM1.00035,maize_corn,2003,33700.0,7300.0,planted,4.616438356164384
VN.ADM1.00035,maize_corn,2004,55400.0,11300.0,planted,4.902654867256637
VN.ADM1.00035,maize_corn,2005,51700.0,10000.0,planted,5.17
VN.ADM1.00035,maize_corn,2006,42500.0,8300.0,planted,5.120481927710843
VN.ADM1.00035,maize_corn,2007,48000.0,9200.0,planted,5.217391304347826
VN.ADM1.00035,maize_corn,2008,49000.0,9300.0,planted,5.268817204301075
VN.ADM1.00035,maize_corn,2009,44900.0,8500.0,planted,5.2823529411764705
VN.ADM1.00035,maize_corn,2010,49300.0,9200.0,planted,5.358695652173913
VN.ADM1.00035,maize_corn,2011,49500.0,9200.0,planted,5.380434782608695
VN.ADM1.00035,maize_corn,2012,50600.0,9300.0,planted,5.440860215053763
VN.ADM1.00035,maize_corn,2013,44800.0,9300.0,planted,4.817204301075269
VN.ADM1.00035,maize_corn,2014,54600.0,10100.0,planted,5.405940594059406
VN.ADM1.00035,maize_corn,2015,61400.0,11100.0,planted,5.531531531531532
VN.ADM1.00035,maize_corn,2016,66000.0,12100.0,planted,5.454545454545454
VN.ADM1.00035,maize_corn,2017,70900.0,13100.0,planted,5.412213740458015
VN.ADM1.00035,maize_corn,2018,63300.0,11500.0,planted,5.504347826086956
VN.ADM1.00035,maize_corn,2019,60700.0,10700.0,planted,5.672897196261682
VN.ADM1.00035,maize_corn,2020,61100.0,10800.0,planted,5.657407407407407
VN.ADM1.00035,maize_corn,2021,59000.0,10300.0,planted,5.728155339805825
VN.ADM1.00035,maize_corn,2022,52500.0,9000.0,planted,5.833333333333333
VN.ADM1.00035,maize_corn,2023,51700.0,8800.0,planted,5.875
VN.ADM1.00036,maize_corn,1980,14600.0,20600.0,planted,0.7087378640776699
VN.ADM1.00036,maize_corn,1981,16700.0,19600.0,planted,0.8520408163265306
VN.ADM1.00036,maize_corn,1982,16200.0,19600.0,planted,0.826530612244898
VN.ADM1.00036,maize_corn,1983,13400.0,15800.0,planted,0.8481012658227848
VN.ADM1.00036,maize_corn,1984,14000.0,15800.0,planted,0.8860759493670886
VN.ADM1.00036,maize_corn,1985,17300.0,13900.0,planted,1.2446043165467626
VN.ADM1.00036,maize_corn,1986,23700.0,15200.0,planted,1.5592105263157894
VN.ADM1.00036,maize_corn,1987,28200.0,17200.0,planted,1.6395348837209303
VN.ADM1.00036,maize_corn,1988,42900.0,25500.0,planted,1.6823529411764706
VN.ADM1.00036,maize_corn,1989,27700.0,20500.0,planted,1.351219512195122
VN.ADM1.00036,maize_corn,1990,29000.0,18900.0,planted,1.5343915343915344
VN.ADM1.00036,maize_corn,1995,68200.0,31500.0,planted,2.165079365079365
VN.ADM1.00036,maize_corn,1996,81300.0,36900.0,planted,2.203252032520325
VN.ADM1.00036,maize_corn,1997,88800.0,36700.0,planted,2.4196185286103544
VN.ADM1.00036,maize_corn,1998,101400.0,40800.0,planted,2.485294117647059
VN.ADM1.00036,maize_corn,1999,127100.0,45800.0,planted,2.7751091703056767
VN.ADM1.00036,maize_corn,2000,126700.0,46400.0,planted,2.730603448275862
VN.ADM1.00036,maize_corn,2001,140000.0,44300.0,planted,3.160270880361174
VN.ADM1.00036,maize_corn,2002,155600.0,49500.0,planted,3.1434343434343432
VN.ADM1.00036,maize_corn,2003,188400.0,54100.0,planted,3.4824399260628467
VN.ADM1.00036,maize_corn,2004,245900.0,63700.0,planted,3.8602825745682887
VN.ADM1.00036,maize_corn,2005,244200.0,65300.0,planted,3.7396630934150075
VN.ADM1.00036,maize_corn,2006,233000.0,63800.0,planted,3.652037617554859
VN.ADM1.00036,maize_corn,2007,234500.0,59400.0,planted,3.9478114478114477
VN.ADM1.00036,maize_corn,2008,231400.0,60700.0,planted,3.812191103789127
VN.ADM1.00036,maize_corn,2009,207800.0,53700.0,planted,3.8696461824953445
VN.ADM1.00036,maize_corn,2010,215900.0,54400.0,planted,3.96875
VN.ADM1.00036,maize_corn,2011,214000.0,52800.0,planted,4.053030303030303
VN.ADM1.00036,maize_corn,2012,199600.0,49100.0,planted,4.065173116089613
VN.ADM1.00036,maize_corn,2013,218500.0,52000.0,planted,4.201923076923077
VN.ADM1.00036,maize_corn,2014,221300.0,54700.0,planted,4.045703839122487
VN.ADM1.00036,maize_corn,2015,245500.0,56800.0,planted,4.322183098591549
VN.ADM1.00036,maize_corn,2016,233000.0,52900.0,planted,4.404536862003781
VN.ADM1.00036,maize_corn,2017,225100.0,50500.0,planted,4.457425742574258
VN.ADM1.00036,maize_corn,2018,196200.0,45000.0,planted,4.36
VN.ADM1.00036,maize_corn,2019,207700.0,46100.0,planted,4.505422993492408
VN.ADM1.00036,maize_corn,2020,200500.0,42700.0,planted,4.695550351288056
VN.ADM1.00036,maize_corn,2021,198700.0,41900.0,planted,4.742243436754177
VN.ADM1.00036,maize_corn,2022,194000.0,40800.0,planted,4.754901960784314
VN.ADM1.00036,maize_corn,2023,183500.0,38800.0,planted,4.729381443298969
VN.ADM1.00037,maize_corn,1980,11700.0,13300.0,planted,0.8796992481203008
VN.ADM1.00037,maize_corn,1981,9100.0,11200.0,planted,0.8125
VN.ADM1.00037,maize_corn,1982,8000.0,12000.0,planted,0.6666666666666666
VN.ADM1.00037,maize_corn,1983,8900.0,9800.0,planted,0.9081632653061225
VN.ADM1.00037,maize_corn,1984,10900.0,10900.0,planted,1.0
VN.ADM1.00037,maize_corn,1985,9900.0,11900.0,planted,0.8319327731092437
VN.ADM1.00037,maize_corn,1986,9100.0,10200.0,planted,0.8921568627450981
VN.ADM1.00037,maize_corn,1987,7500.0,10100.0,planted,0.7425742574257426
VN.ADM1.00037,maize_corn,1988,8300.0,9900.0,planted,0.8383838383838383
VN.ADM1.00037,maize_corn,1989,10100.0,10500.0,planted,0.9619047619047619
VN.ADM1.00037,maize_corn,1990,9300.0,10600.0,planted,0.8773584905660378
VN.ADM1.00037,maize_corn,1995,24200.0,13700.0,planted,1.7664233576642336
VN.ADM1.00037,maize_corn,1996,27200.0,15300.0,planted,1.7777777777777777
VN.ADM1.00037,maize_corn,1997,37900.0,16700.0,planted,2.269461077844311
VN.ADM1.00037,maize_corn,1998,38000.0,17300.0,planted,2.1965317919075145
VN.ADM1.00037,maize_corn,1999,39700.0,19100.0,planted,2.0785340314136125
VN.ADM1.00037,maize_corn,2000,54700.0,22800.0,planted,2.3991228070175437
VN.ADM1.00037,maize_corn,2001,71400.0,23900.0,planted,2.98744769874477
VN.ADM1.00037,maize_corn,2002,82100.0,25900.0,planted,3.16988416988417
VN.ADM1.00037,maize_corn,2003,113100.0,28600.0,planted,3.9545454545454546
VN.ADM1.00037,maize_corn,2004,115600.0,31400.0,planted,3.6815286624203822
VN.ADM1.00037,maize_corn,2005,129900.0,35900.0,planted,3.618384401114206
VN.ADM1.00037,maize_corn,2006,140000.0,33300.0,planted,4.2042042042042045
VN.ADM1.00037,maize_corn,2007,146000.0,34000.0,planted,4.294117647058823
VN.ADM1.00037,maize_corn,2008,147900.0,33100.0,planted,4.468277945619335
VN.ADM1.00037,maize_corn,2009,159100.0,34400.0,planted,4.625
VN.ADM1.00037,maize_corn,2010,156200.0,33200.0,planted,4.704819277108434
VN.ADM1.00037,maize_corn,2011,160700.0,33300.0,planted,4.8258258258258255
VN.ADM1.00037,maize_corn,2012,169700.0,35500.0,planted,4.780281690140845
VN.ADM1.00037,maize_corn,2013,179100.0,35200.0,planted,5.088068181818182
VN.ADM1.00037,maize_corn,2014,181500.0,33900.0,planted,5.353982300884955
VN.ADM1.00037,maize_corn,2015,172200.0,31400.0,planted,5.484076433121019
VN.ADM1.00037,maize_corn,2016,171200.0,31700.0,planted,5.400630914826499
VN.ADM1.00037,maize_corn,2017,165300.0,31300.0,planted,5.281150159744409
VN.ADM1.00037,maize_corn,2018,152800.0,27700.0,planted,5.516245487364621
VN.ADM1.00037,maize_corn,2019,152000.0,27100.0,planted,5.608856088560886
VN.ADM1.00037,maize_corn,2020,148400.0,25400.0,planted,5.84251968503937
VN.ADM1.00037,maize_corn,2021,154900.0,26700.0,planted,5.801498127340824
VN.ADM1.00037,maize_corn,2022,150900.0,25900.0,planted,5.826254826254826
VN.ADM1.00037,maize_corn,2023,161200.0,27000.0,planted,5.970370370370371
VN.ADM1.00038,maize_corn,1980,2300.0,1400.0,planted,1.6428571428571428
VN.ADM1.00038,maize_corn,1981,1700.0,1100.0,planted,1.5454545454545454
VN.ADM1.00038,maize_corn,1982,1700.0,1000.0,planted,1.7
VN.ADM1.00038,maize_corn,1983,2100.0,1300.0,planted,1.6153846153846154
VN.ADM1.00038,maize_corn,1984,1800.0,1000.0,planted,1.8
VN.ADM1.00038,maize_corn,1985,1900.0,1100.0,planted,1.7272727272727273
VN.ADM1.00038,maize_corn,1986,2900.0,1600.0,planted,1.8125
VN.ADM1.00038,maize_corn,1987,2100.0,1200.0,planted,1.75
VN.ADM1.00038,maize_corn,1988,1900.0,1100.0,planted,1.7272727272727273
VN.ADM1.00038,maize_corn,1989,2000.0,1200.0,planted,1.6666666666666667
VN.ADM1.00038,maize_corn,1990,2100.0,1300.0,planted,1.6153846153846154
VN.ADM1.00038,maize_corn,1995,3200.0,1700.0,planted,1.8823529411764706
VN.ADM1.00038,maize_corn,1996,4600.0,2100.0,planted,2.1904761904761907
VN.ADM1.00038,maize_corn,1997,5400.0,2200.0,planted,2.4545454545454546
VN.ADM1.00038,maize_corn,1998,6200.0,2400.0,planted,2.5833333333333335
VN.ADM1.00038,maize_corn,1999,6000.0,2400.0,planted,2.5
VN.ADM1.00038,maize_corn,2000,6200.0,2500.0,planted,2.48
VN.ADM1.00038,maize_corn,2001,5600.0,2300.0,planted,2.4347826086956523
VN.ADM1.00038,maize_corn,2002,8300.0,3200.0,planted,2.59375
VN.ADM1.00038,maize_corn,2003,8600.0,3200.0,planted,2.6875
VN.ADM1.00038,maize_corn,2004,9700.0,3100.0,planted,3.129032258064516
VN.ADM1.00038,maize_corn,2005,10800.0,3400.0,planted,3.176470588235294
VN.ADM1.00038,maize_corn,2006,4800.0,1500.0,planted,3.2
VN.ADM1.00038,maize_corn,2007,13400.0,4200.0,planted,3.1904761904761907
VN.ADM1.00038,maize_corn,2008,15400.0,4600.0,planted,3.347826086956522
VN.ADM1.00038,maize_corn,2009,15600.0,4700.0,planted,3.3191489361702127
VN.ADM1.00038,maize_corn,2010,15700.0,4700.0,planted,3.3404255319148937
VN.ADM1.00038,maize_corn,2011,16500.0,5000.0,planted,3.3
VN.ADM1.00038,maize_corn,2012,15400.0,4600.0,planted,3.347826086956522
VN.ADM1.00038,maize_corn,2013,14900.0,4300.0,planted,3.4651162790697674
VN.ADM1.00038,maize_corn,2014,14500.0,4000.0,planted,3.625
VN.ADM1.00038,maize_corn,2015,15800.0,4400.0,planted,3.590909090909091
VN.ADM1.00038,maize_corn,2016,14800.0,4100.0,planted,3.6097560975609757
VN.ADM1.00038,maize_corn,2017,16100.0,4500.0,planted,3.577777777777778
VN.ADM1.00038,maize_corn,2018,16800.0,4700.0,planted,3.574468085106383
VN.ADM1.00038,maize_corn,2019,14100.0,3900.0,planted,3.6153846153846154
VN.ADM1.00038,maize_corn,2020,12200.0,3400.0,planted,3.588235294117647
VN.ADM1.00038,maize_corn,2021,8200.0,2200.0,planted,3.727272727272727
VN.ADM1.00038,maize_corn,2022,8500.0,2400.0,planted,3.5416666666666665
VN.ADM1.00038,maize_corn,2023,8400.0,2300.0,planted,3.652173913043478
VN.ADM1.00039,maize_corn,1996,81100.0,30800.0,planted,2.633116883116883
VN.ADM1.00039,maize_corn,1997,94300.0,35100.0,planted,2.6866096866096867
VN.ADM1.00039,maize_corn,1998,83100.0,32600.0,planted,2.549079754601227
VN.ADM1.00039,maize_corn,1999,105100.0,37000.0,planted,2.8405405405405406
VN.ADM1.00039,maize_corn,2000,97400.0,36300.0,planted,2.683195592286501
VN.ADM1.00039,maize_corn,2001,96500.0,29800.0,planted,3.238255033557047
VN.ADM1.00039,maize_corn,2002,107800.0,31900.0,planted,3.3793103448275863
VN.ADM1.00039,maize_corn,2003,130000.0,38000.0,planted,3.4210526315789473
VN.ADM1.00039,maize_corn,2004,143900.0,38800.0,planted,3.7087628865979383
VN.ADM1.00039,maize_corn,2005,136600.0,36800.0,planted,3.7119565217391304
VN.ADM1.00039,maize_corn,2006,128500.0,34800.0,planted,3.692528735632184
VN.ADM1.00039,maize_corn,2007,133800.0,36800.0,planted,3.635869565217391
VN.ADM1.00039,maize_corn,2008,163000.0,41600.0,planted,3.918269230769231
VN.ADM1.00039,maize_corn,2009,89800.0,24300.0,planted,3.6954732510288064
VN.ADM1.00039,maize_corn,2010,164800.0,38500.0,planted,4.28051948051948
VN.ADM1.00039,maize_corn,2011,164100.0,38300.0,planted,4.284595300261096
VN.ADM1.00039,maize_corn,2012,134900.0,31100.0,planted,4.337620578778135
VN.ADM1.00039,maize_corn,2013,149600.0,34400.0,planted,4.348837209302325
VN.ADM1.00039,maize_corn,2014,150200.0,33800.0,planted,4.443786982248521
VN.ADM1.00039,maize_corn,2015,159000.0,35300.0,planted,4.504249291784703
VN.ADM1.00039,maize_corn,2016,153700.0,34700.0,planted,4.4293948126801155
VN.ADM1.00039,maize_corn,2017,152500.0,33300.0,planted,4.57957957957958
VN.ADM1.00039,maize_corn,2018,145200.0,31000.0,planted,4.683870967741935
VN.ADM1.00039,maize_corn,2019,135000.0,28300.0,planted,4.770318021201414
VN.ADM1.00039,maize_corn,2020,127800.0,26500.0,planted,4.8226415094339625
VN.ADM1.00039,maize_corn,2021,127400.0,26200.0,planted,4.862595419847328
VN.ADM1.00039,maize_corn,2022,129400.0,26900.0,planted,4.810408921933085
VN.ADM1.00039,maize_corn,2023,123900.0,25700.0,planted,4.821011673151751
VN.ADM1.00001,rice_paddy,1980,759100.0,288100.0,planted,2.6348490107601528
VN.ADM1.00001,rice_paddy,1981,691600.0,296000.0,planted,2.3364864864864865
VN.ADM1.00001,rice_paddy,1982,802900.0,283700.0,planted,2.8301022206556223
VN.ADM1.00001,rice_paddy,1983,792400.0,278600.0,planted,2.8442211055276383
VN.ADM1.00001,rice_paddy,1984,725200.0,258100.0,planted,2.8097636574970943
VN.ADM1.00001,rice_paddy,1985,843300.0,263200.0,planted,3.2040273556231003
VN.ADM1.00001,rice_paddy,1986,848100.0,258800.0,planted,3.277047913446677
VN.ADM1.00001,rice_paddy,1987,889300.0,261100.0,planted,3.40597472232861
VN.ADM1.00001,rice_paddy,1988,980400.0,262900.0,planted,3.7291745910992775
VN.ADM1.00001,rice_paddy,1989,1252800.0,283900.0,planted,4.412821415991546
VN.ADM1.00001,rice_paddy,1990,1477000.0,324900.0,planted,4.5460141582025235
VN.ADM1.00001,rice_paddy,1991,1514900.0,345200.0,planted,4.388470451911935
VN.ADM1.00001,rice_paddy,1992,1738100.0,356800.0,planted,4.871356502242152
VN.ADM1.00001,rice_paddy,1993,1817300.0,368100.0,planted,4.936973648465091
VN.ADM1.00001,rice_paddy,1994,1836400.0,385800.0,planted,4.759979263867288
VN.ADM1.00001,rice_paddy,1995,1892500.0,391800.0,planted,4.830270546197039
VN.ADM1.00001,rice_paddy,1996,1971500.0,417200.0,planted,4.725551294343241
VN.ADM1.00001,rice_paddy,1997,1980500.0,415000.0,planted,4.772289156626506
VN.ADM1.00001,rice_paddy,1998,2044600.0,429200.0,planted,4.763746505125815
VN.ADM1.00001,rice_paddy,1999,2100000.0,462900.0,planted,4.536616979909268
VN.ADM1.00001,rice_paddy,2000,2177700.0,464400.0,planted,4.689276485788113
VN.ADM1.00001,rice_paddy,2001,2113400.0,459100.0,planted,4.603354389022
VN.ADM1.00001,rice_paddy,2002,2593700.0,477200.0,planted,5.435247275775356
VN.ADM1.00001,rice_paddy,2003,2686300.0,504000.0,planted,5.329960317460317
VN.ADM1.00001,rice_paddy,2004,3006900.0,523000.0,planted,5.749330783938815
VN.ADM1.00001,rice_paddy,2005,3141600.0,529700.0,planted,5.9309042854445915
VN.ADM1.00001,rice_paddy,2006,2923200.0,503500.0,planted,5.805759682224429
VN.ADM1.00001,rice_paddy,2007,3142900.0,520300.0,planted,6.040553526811455
VN.ADM1.00001,rice_paddy,2008,3513800.0,564500.0,planted,6.224623560673162
VN.ADM1.00001,rice_paddy,2009,3421500.0,557300.0,planted,6.139422214247263
VN.ADM1.00001,rice_paddy,2010,3653100.0,586600.0,planted,6.227582679849983
VN.ADM1.00001,rice_paddy,2011,3856800.0,607600.0,planted,6.347597103357472
VN.ADM1.00001,rice_paddy,2012,3941600.0,625100.0,planted,6.305551111822108
VN.ADM1.00001,rice_paddy,2013,4021400.0,641400.0,planted,6.2697224820704704
VN.ADM1.00001,rice_paddy,2014,4022900.0,625800.0,planted,6.4284116331096195
VN.ADM1.00001,rice_paddy,2015,4073700.0,644200.0,planted,6.323657249301459
VN.ADM1.00001,rice_paddy,2016,3974600.0,669000.0,planted,5.941106128550075
VN.ADM1.00001,rice_paddy,2017,3879600.0,641100.0,planted,6.051474029012635
VN.ADM1.00001,rice_paddy,2018,3926800.0,623100.0,planted,6.302038196116193
VN.ADM1.00001,rice_paddy,2019,3919300.0,626300.0,planted,6.257863643621268
VN.ADM1.00001,rice_paddy,2020,4014100.0,637200.0,planted,6.299591964846202
VN.ADM1.00001,rice_paddy,2021,4143100.0,624900.0,planted,6.630020803328533
VN.ADM1.00001,rice_paddy,2022,3943900.0,604400.0,planted,6.525314361350099
VN.ADM1.00001,rice_paddy,2023,4067700.0,616200.0,planted,6.60126582278481
VN.ADM1.00002,rice_paddy,1980,131400.0,67800.0,planted,1.9380530973451326
VN.ADM1.00002,rice_paddy,1981,135300.0,71300.0,planted,1.8976157082748948
VN.ADM1.00002,rice_paddy,1982,166700.0,75300.0,planted,2.2138114209827355
VN.ADM1.00002,rice_paddy,1983,165100.0,75800.0,planted,2.178100263852243
VN.ADM1.00002,rice_paddy,1984,170700.0,76400.0,planted,2.2342931937172774
VN.ADM1.00002,rice_paddy,1996,259500.0,81400.0,planted,3.187960687960688
VN.ADM1.00002,rice_paddy,1997,280500.0,83600.0,planted,3.3552631578947367
VN.ADM1.00002,rice_paddy,1998,286300.0,83700.0,planted,3.4205495818399045
VN.ADM1.00002,rice_paddy,1999,312200.0,83800.0,planted,3.7255369928400954
VN.ADM1.00002,rice_paddy,2000,331800.0,87400.0,planted,3.796338672768879
VN.ADM1.00002,rice_paddy,2001,362200.0,89100.0,planted,4.065095398428732
VN.ADM1.00002,rice_paddy,2002,389500.0,90700.0,planted,4.294377067254686
VN.ADM1.00002,rice_paddy,2003,394700.0,90300.0,planted,4.370985603543743
VN.ADM1.00002,rice_paddy,2004,396500.0,90400.0,planted,4.386061946902655
VN.ADM1.00002,rice_paddy,2005,409800.0,91000.0,planted,4.503296703296703
VN.ADM1.00002,rice_paddy,2006,414600.0,90900.0,planted,4.561056105610561
VN.ADM1.00002,rice_paddy,2007,417300.0,91500.0,planted,4.560655737704918
VN.ADM1.00002,rice_paddy,2008,426400.0,90100.0,planted,4.732519422863485
VN.ADM1.00002,rice_paddy,2009,435500.0,91700.0,planted,4.749182115594329
VN.ADM1.00002,rice_paddy,2010,433500.0,91600.0,planted,4.7325327510917035
VN.ADM1.00002,rice_paddy,2011,466200.0,93400.0,planted,4.991434689507495
VN.ADM1.00002,rice_paddy,2012,471800.0,94900.0,planted,4.971548998946259
VN.ADM1.00002,rice_paddy,2013,470300.0,95200.0,planted,4.940126050420168
VN.ADM1.00002,rice_paddy,2014,478000.0,96500.0,planted,4.953367875647668
VN.ADM1.00002,rice_paddy,2015,498800.0,97000.0,planted,5.142268041237114
VN.ADM1.00002,rice_paddy,2016,502800.0,96300.0,planted,5.221183800623053
VN.ADM1.00002,rice_paddy,2017,491700.0,95100.0,planted,5.170347003154574
VN.ADM1.00002,rice_paddy,2018,501100.0,94200.0,planted,5.3195329087048835
VN.ADM1.00002,rice_paddy,2019,501700.0,93400.0,planted,5.37152034261242
VN.ADM1.00002,rice_paddy,2020,501500.0,92700.0,planted,5.409924487594391
VN.ADM1.00002,rice_paddy,2021,502100.0,91700.0,planted,5.47546346782988
VN.ADM1.00002,rice_paddy,2022,500500.0,91000.0,planted,5.5
VN.ADM1.00002,rice_paddy,2023,489400.0,89900.0,planted,5.443826473859844
VN.ADM1.00003,rice_paddy,1980,272600.0,138300.0,planted,1.9710773680404916
VN.ADM1.00003,rice_paddy,1981,273200.0,126900.0,planted,2.152876280535855
VN.ADM1.00003,rice_paddy,1982,311000.0,128500.0,planted,2.4202334630350193
VN.ADM1.00003,rice_paddy,1983,328100.0,121400.0,planted,2.702635914332784
VN.ADM1.00003,rice_paddy,1984,430900.0,128100.0,planted,3.3637782982045277
VN.ADM1.00003,rice_paddy,1985,422700.0,125100.0,planted,3.3788968824940047
VN.ADM1.00003,rice_paddy,1986,413400.0,119200.0,planted,3.4681208053691277
VN.ADM1.00003,rice_paddy,1987,325200.0,102200.0,planted,3.1819960861056753
VN.ADM1.00003,rice_paddy,1988,369800.0,113900.0,planted,3.2467076382791924
VN.ADM1.00003,rice_paddy,1989,335400.0,102600.0,planted,3.2690058479532165
VN.ADM1.00003,rice_paddy,1990,308800.0,93500.0,planted,3.302673796791444
VN.ADM1.00003,rice_paddy,1991,363200.0,107800.0,planted,3.3692022263450836
VN.ADM1.00003,rice_paddy,1992,334500.0,104300.0,planted,3.2070949185043145
VN.ADM1.00003,rice_paddy,1993,342000.0,101800.0,planted,3.3595284872298623
VN.ADM1.00003,rice_paddy,1994,324200.0,93800.0,planted,3.4562899786780386
VN.ADM1.00003,rice_paddy,1995,319300.0,92700.0,planted,3.4444444444444446
VN.ADM1.00003,rice_paddy,1996,352700.0,97700.0,planted,3.610030706243603
VN.ADM1.00003,rice_paddy,1997,319200.0,98800.0,planted,3.230769230769231
VN.ADM1.00003,rice_paddy,1998,338400.0,100800.0,planted,3.357142857142857
VN.ADM1.00003,rice_paddy,1999,327000.0,101100.0,planted,3.234421364985163
VN.ADM1.00003,rice_paddy,2000,357300.0,101600.0,planted,3.516732283464567
VN.ADM1.00003,rice_paddy,2001,379700.0,100800.0,planted,3.7668650793650795
VN.ADM1.00003,rice_paddy,2002,392100.0,99600.0,planted,3.9367469879518073
VN.ADM1.00003,rice_paddy,2003,381000.0,95500.0,planted,3.9895287958115184
VN.ADM1.00003,rice_paddy,2004,368100.0,90500.0,planted,4.067403314917127
VN.ADM1.00003,rice_paddy,2005,341400.0,83500.0,planted,4.088622754491018
VN.ADM1.00003,rice_paddy,2006,332500.0,81800.0,planted,4.06479217603912
VN.ADM1.00003,rice_paddy,2007,304800.0,79700.0,planted,3.8243412797992473
VN.ADM1.00003,rice_paddy,2008,361100.0,79200.0,planted,4.559343434343434
VN.ADM1.00003,rice_paddy,2009,362700.0,81100.0,planted,4.472256473489519
VN.ADM1.00003,rice_paddy,2010,366800.0,80200.0,planted,4.5735660847880295
VN.ADM1.00003,rice_paddy,2011,362200.0,76900.0,planted,4.71001300390117
VN.ADM1.00003,rice_paddy,2012,375000.0,75800.0,planted,4.947229551451187
VN.ADM1.00003,rice_paddy,2013,331600.0,72200.0,planted,4.592797783933518
VN.ADM1.00003,rice_paddy,2014,318900.0,66600.0,planted,4.788288288288288
VN.ADM1.00003,rice_paddy,2015,278800.0,63000.0,planted,4.425396825396826
VN.ADM1.00003,rice_paddy,2016,87600.0,41500.0,planted,2.1108433734939758
VN.ADM1.00003,rice_paddy,2017,227200.0,54900.0,planted,4.138433515482696
VN.ADM1.00003,rice_paddy,2018,236700.0,51800.0,planted,4.56949806949807
VN.ADM1.00003,rice_paddy,2019,214100.0,47600.0,planted,4.4978991596638656
VN.ADM1.00003,rice_paddy,2020,59100.0,22000.0,planted,2.6863636363636365
VN.ADM1.00003,rice_paddy,2021,166600.0,36500.0,planted,4.564383561643836
VN.ADM1.00003,rice_paddy,2022,110800.0,23600.0,planted,4.694915254237288
VN.ADM1.00003,rice_paddy,2023,109700.0,22300.0,planted,4.9192825112107625
VN.ADM1.00004,rice_paddy,1980,225300.0,161900.0,planted,1.39159975293391
VN.ADM1.00004,rice_paddy,1981,255900.0,160300.0,planted,1.5963817841547099
VN.ADM1.00004,rice_paddy,1982,302800.0,161700.0,planted,1.8726035868893012
VN.ADM1.00004,rice_paddy,1983,287900.0,151900.0,planted,1.8953258722843975
VN.ADM1.00004,rice_paddy,1984,327600.0,152200.0,planted,2.152431011826544
VN.ADM1.00004,rice_paddy,1989,332300.0,137700.0,planted,2.413217138707335
VN.ADM1.00004,rice_paddy,1990,298900.0,137000.0,planted,2.181751824817518
VN.ADM1.00004,rice_paddy,1991,356500.0,138600.0,planted,2.5721500721500723
VN.ADM1.00004,rice_paddy,1992,387100.0,140400.0,planted,2.757122507122507
VN.ADM1.00004,rice_paddy,1993,291900.0,136700.0,planted,2.135332845647403
VN.ADM1.00004,rice_paddy,1994,306000.0,138400.0,planted,2.2109826589595376
VN.ADM1.00004,rice_paddy,1995,411500.0,136400.0,planted,3.0168621700879767
VN.ADM1.00004,rice_paddy,1996,482000.0,139800.0,planted,3.447782546494993
VN.ADM1.00004,rice_paddy,1997,498600.0,140100.0,planted,3.558886509635974
VN.ADM1.00004,rice_paddy,1998,429900.0,136900.0,planted,3.1402483564645727
VN.ADM1.00004,rice_paddy,1999,561200.0,142600.0,planted,3.935483870967742
VN.ADM1.00004,rice_paddy,2000,578900.0,143400.0,planted,4.036959553695955
VN.ADM1.00004,rice_paddy,2001,581300.0,146200.0,planted,3.9760601915184677
VN.ADM1.00004,rice_paddy,2002,620900.0,146800.0,planted,4.229564032697548
VN.ADM1.00004,rice_paddy,2003,645900.0,146200.0,planted,4.417920656634747
VN.ADM1.00004,rice_paddy,2004,686100.0,146200.0,planted,4.692886456908345
VN.ADM1.00004,rice_paddy,2005,656500.0,143600.0,planted,4.571727019498607
VN.ADM1.00004,rice_paddy,2006,697900.0,145300.0,planted,4.8031658637302135
VN.ADM1.00004,rice_paddy,2007,688900.0,146600.0,planted,4.699181446111869
VN.ADM1.00004,rice_paddy,2008,733200.0,148200.0,planted,4.947368421052632
VN.ADM1.00004,rice_paddy,2009,739000.0,152000.0,planted,4.8618421052631575
VN.ADM1.00004,rice_paddy,2010,732900.0,153900.0,planted,4.762183235867447
VN.ADM1.00004,rice_paddy,2011,784000.0,154800.0,planted,5.064599483204135
VN.ADM1.00004,rice_paddy,2012,802000.0,156200.0,planted,5.134443021766965
VN.ADM1.00004,rice_paddy,2013,760900.0,157300.0,planted,4.8372536554354735
VN.ADM1.00004,rice_paddy,2014,853200.0,158100.0,planted,5.396584440227704
VN.ADM1.00004,rice_paddy,2015,834100.0,156200.0,planted,5.3399487836107555
VN.ADM1.00004,rice_paddy,2016,868800.0,159300.0,planted,5.453860640301318
VN.ADM1.00004,rice_paddy,2017,855500.0,160600.0,planted,5.326899128268991
VN.ADM1.00004,rice_paddy,2018,894600.0,159700.0,planted,5.601753287413901
VN.ADM1.00004,rice_paddy,2019,860900.0,157500.0,planted,5.466031746031746
VN.ADM1.00004,rice_paddy,2020,870000.0,158200.0,planted,5.49936788874842
VN.ADM1.00004,rice_paddy,2021,914700.0,157900.0,planted,5.79290690310323
VN.ADM1.00004,rice_paddy,2022,772900.0,156200.0,planted,4.948143405889884
VN.ADM1.00004,rice_paddy,2023,907500.0,156700.0,planted,5.791320995532866
VN.ADM1.00005,rice_paddy,1980,65200.0,30000.0,planted,2.1733333333333333
VN.ADM1.00005,rice_paddy,1981,70000.0,31200.0,planted,2.2435897435897436
VN.ADM1.00005,rice_paddy,1982,72800.0,31600.0,planted,2.3037974683544302
VN.ADM1.00005,rice_paddy,1983,74300.0,31500.0,planted,2.358730158730159
VN.ADM1.00005,rice_paddy,1984,85500.0,35700.0,planted,2.3949579831932772
VN.ADM1.00005,rice_paddy,1985,92200.0,36400.0,planted,2.532967032967033
VN.ADM1.00005,rice_paddy,1986,93900.0,35300.0,planted,2.6600566572237963
VN.ADM1.00005,rice_paddy,1987,84100.0,32800.0,planted,2.5640243902439024
VN.ADM1.00005,rice_paddy,1988,91700.0,35500.0,planted,2.583098591549296
VN.ADM1.00005,rice_paddy,1989,98900.0,36600.0,planted,2.702185792349727
VN.ADM1.00005,rice_paddy,1990,78500.0,36900.0,planted,2.127371273712737
VN.ADM1.00005,rice_paddy,1991,84600.0,36400.0,planted,2.3241758241758244
VN.ADM1.00005,rice_paddy,1992,65200.0,30400.0,planted,2.1447368421052633
VN.ADM1.00005,rice_paddy,1993,99800.0,34200.0,planted,2.91812865497076
VN.ADM1.00005,rice_paddy,1994,94200.0,33600.0,planted,2.8035714285714284
VN.ADM1.00005,rice_paddy,1995,92400.0,33400.0,planted,2.7664670658682633
VN.ADM1.00005,rice_paddy,1996,84100.0,27700.0,planted,3.036101083032491
VN.ADM1.00005,rice_paddy,1997,91800.0,28600.0,planted,3.2097902097902096
VN.ADM1.00005,rice_paddy,1998,91300.0,28400.0,planted,3.214788732394366
VN.ADM1.00005,rice_paddy,1999,98400.0,29500.0,planted,3.335593220338983
VN.ADM1.00005,rice_paddy,2000,88000.0,28700.0,planted,3.0662020905923346
VN.ADM1.00005,rice_paddy,2001,99800.0,29200.0,planted,3.4178082191780823
VN.ADM1.00005,rice_paddy,2002,98600.0,29000.0,planted,3.4
VN.ADM1.00005,rice_paddy,2003,104600.0,29500.0,planted,3.545762711864407
VN.ADM1.00005,rice_paddy,2004,104000.0,29600.0,planted,3.5135135135135136
VN.ADM1.00005,rice_paddy,2005,110300.0,30100.0,planted,3.664451827242525
VN.ADM1.00005,rice_paddy,2006,117300.0,30600.0,planted,3.8333333333333335
VN.ADM1.00005,rice_paddy,2007,119800.0,30600.0,planted,3.915032679738562
VN.ADM1.00005,rice_paddy,2008,124600.0,31200.0,planted,3.9935897435897436
VN.ADM1.00005,rice_paddy,2009,118900.0,30400.0,planted,3.911184210526316
VN.ADM1.00005,rice_paddy,2010,125800.0,30500.0,planted,4.1245901639344265
VN.ADM1.00005,rice_paddy,2011,117200.0,30100.0,planted,3.893687707641196
VN.ADM1.00005,rice_paddy,2012,123100.0,30700.0,planted,4.009771986970684
VN.ADM1.00005,rice_paddy,2013,125600.0,30400.0,planted,4.131578947368421
VN.ADM1.00005,rice_paddy,2014,126900.0,30400.0,planted,4.1743421052631575
VN.ADM1.00005,rice_paddy,2015,129500.0,30500.0,planted,4.245901639344262
VN.ADM1.00005,rice_paddy,2016,124800.0,28900.0,planted,4.318339100346021
VN.ADM1.00005,rice_paddy,2017,132700.0,30400.0,planted,4.365131578947368
VN.ADM1.00005,rice_paddy,2018,132500.0,30300.0,planted,4.372937293729373
VN.ADM1.00005,rice_paddy,2019,135900.0,30200.0,planted,4.5
VN.ADM1.00005,rice_paddy,2020,131300.0,29000.0,planted,4.527586206896552
VN.ADM1.00005,rice_paddy,2021,133700.0,29200.0,planted,4.578767123287672
VN.ADM1.00005,rice_paddy,2022,142400.0,30300.0,planted,4.6996699669967
VN.ADM1.00005,rice_paddy,2023,138200.0,29700.0,planted,4.653198653198653
VN.ADM1.00006,rice_paddy,1980,605900.0,261900.0,planted,2.3134784268804887
VN.ADM1.00006,rice_paddy,1981,538600.0,242700.0,planted,2.219200659250103
VN.ADM1.00006,rice_paddy,1982,658700.0,258100.0,planted,2.55211158465711
VN.ADM1.00006,rice_paddy,1983,726800.0,245900.0,planted,2.9556730378202523
VN.ADM1.00006,rice_paddy,1984,885000.0,275900.0,planted,3.2076839434577744
VN.ADM1.00006,rice_paddy,1991,1305600.0,332000.0,planted,3.932530120481928
VN.ADM1.00006,rice_paddy,1992,1263500.0,348800.0,planted,3.622419724770642
VN.ADM1.00006,rice_paddy,1993,1208600.0,352200.0,planted,3.431572969903464
VN.ADM1.00006,rice_paddy,1994,1435100.0,338300.0,planted,4.242092817026308
VN.ADM1.00006,rice_paddy,1995,1509000.0,375300.0,planted,4.0207833733013585
VN.ADM1.00006,rice_paddy,1996,1563900.0,369000.0,planted,4.238211382113821
VN.ADM1.00006,rice_paddy,1997,1587800.0,399000.0,planted,3.979448621553885
VN.ADM1.00006,rice_paddy,1998,1713500.0,438500.0,planted,3.9076396807297606
VN.ADM1.00006,rice_paddy,1999,1805200.0,456800.0,planted,3.9518388791593697
VN.ADM1.00006,rice_paddy,2000,1885700.0,445600.0,planted,4.2318222621184916
VN.ADM1.00006,rice_paddy,2001,1813500.0,456700.0,planted,3.970878038099409
VN.ADM1.00006,rice_paddy,2002,1969200.0,445600.0,planted,4.419210053859964
VN.ADM1.00006,rice_paddy,2003,1982000.0,443200.0,planted,4.472021660649819
VN.ADM1.00006,rice_paddy,2004,1997500.0,443700.0,planted,4.501915708812261
VN.ADM1.00006,rice_paddy,2005,2001800.0,435500.0,planted,4.596555683122848
VN.ADM1.00006,rice_paddy,2006,1942100.0,424700.0,planted,4.572874970567459
VN.ADM1.00006,rice_paddy,2007,1740600.0,382300.0,planted,4.552968872613131
VN.ADM1.00006,rice_paddy,2008,1982800.0,404300.0,planted,4.904279000742023
VN.ADM1.00006,rice_paddy,2009,1988200.0,408600.0,planted,4.865883504650024
VN.ADM1.00006,rice_paddy,2010,2084900.0,402700.0,planted,5.177303203377204
VN.ADM1.00006,rice_paddy,2011,2187600.0,414500.0,planted,5.277683956574186
VN.ADM1.00006,rice_paddy,2012,2337600.0,413300.0,planted,5.6559399951609
VN.ADM1.00006,rice_paddy,2013,2338500.0,417500.0,planted,5.6011976047904195
VN.ADM1.00006,rice_paddy,2014,2414100.0,416000.0,planted,5.803125
VN.ADM1.00006,rice_paddy,2015,2448600.0,417800.0,planted,5.860698898994734
VN.ADM1.00006,rice_paddy,2016,1895000.0,387100.0,planted,4.895375871867734
VN.ADM1.00006,rice_paddy,2017,2079900.0,389600.0,planted,5.338552361396304
VN.ADM1.00006,rice_paddy,2018,2237600.0,385100.0,planted,5.810438847052714
VN.ADM1.00006,rice_paddy,2019,2167200.0,379800.0,planted,5.706161137440758
VN.ADM1.00006,rice_paddy,2020,1834800.0,351000.0,planted,5.227350427350427
VN.ADM1.00006,rice_paddy,2021,1966700.0,343400.0,planted,5.727140361094933
VN.ADM1.00006,rice_paddy,2022,1736700.0,311400.0,planted,5.577071290944123
VN.ADM1.00006,rice_paddy,2023,1786600.0,316100.0,planted,5.652008857956343
VN.ADM1.00007,rice_paddy,1980,80100.0,51900.0,planted,1.5433526011560694
VN.ADM1.00007,rice_paddy,1981,81500.0,57800.0,planted,1.4100346020761245
VN.ADM1.00007,rice_paddy,1982,93000.0,54100.0,planted,1.7190388170055453
VN.ADM1.00007,rice_paddy,1983,108900.0,55900.0,planted,1.9481216457960644
VN.ADM1.00007,rice_paddy,1984,126800.0,48900.0,planted,2.593047034764826
VN.ADM1.00007,rice_paddy,1985,136000.0,50000.0,planted,2.72
VN.ADM1.00007,rice_paddy,1986,132800.0,52000.0,planted,2.5538461538461537
VN.ADM1.00007,rice_paddy,1987,131000.0,47200.0,planted,2.7754237288135593
VN.ADM1.00007,rice_paddy,1988,154300.0,58000.0,planted,2.660344827586207
VN.ADM1.00007,rice_paddy,1989,173500.0,61100.0,planted,2.8396072013093288
VN.ADM1.00007,rice_paddy,1990,171200.0,62700.0,planted,2.730462519936204
VN.ADM1.00007,rice_paddy,1991,193700.0,65500.0,planted,2.9572519083969464
VN.ADM1.00007,rice_paddy,1992,195800.0,70800.0,planted,2.7655367231638417
VN.ADM1.00007,rice_paddy,1993,204900.0,74800.0,planted,2.7393048128342246
VN.ADM1.00007,rice_paddy,1994,216700.0,72700.0,planted,2.9807427785419534
VN.ADM1.00007,rice_paddy,1995,191900.0,69000.0,planted,2.781159420289855
VN.ADM1.00007,rice_paddy,1996,197300.0,61500.0,planted,3.208130081300813
VN.ADM1.00007,rice_paddy,1997,215100.0,61700.0,planted,3.4862236628849272
VN.ADM1.00007,rice_paddy,1998,172500.0,58900.0,planted,2.928692699490662
VN.ADM1.00007,rice_paddy,1999,220400.0,59100.0,planted,3.7292724196277494
VN.ADM1.00007,rice_paddy,2000,257800.0,64000.0,planted,4.028125
VN.ADM1.00007,rice_paddy,2001,272800.0,65800.0,planted,4.145896656534954
VN.ADM1.00007,rice_paddy,2002,248500.0,69400.0,planted,3.580691642651297
VN.ADM1.00007,rice_paddy,2003,330200.0,74200.0,planted,4.450134770889488
VN.ADM1.00007,rice_paddy,2004,353400.0,76500.0,planted,4.6196078431372545
VN.ADM1.00007,rice_paddy,2005,288100.0,70700.0,planted,4.074964639321075
VN.ADM1.00007,rice_paddy,2006,424600.0,81900.0,planted,5.184371184371185
VN.ADM1.00007,rice_paddy,2007,373200.0,81600.0,planted,4.573529411764706
VN.ADM1.00007,rice_paddy,2008,421400.0,87300.0,planted,4.827033218785796
VN.ADM1.00007,rice_paddy,2009,482800.0,88500.0,planted,5.455367231638418
VN.ADM1.00007,rice_paddy,2010,512500.0,91200.0,planted,5.619517543859649
VN.ADM1.00007,rice_paddy,2011,539200.0,96800.0,planted,5.570247933884297
VN.ADM1.00007,rice_paddy,2012,559200.0,99700.0,planted,5.608826479438315
VN.ADM1.00007,rice_paddy,2013,580700.0,102600.0,planted,5.659844054580897
VN.ADM1.00007,rice_paddy,2014,651300.0,107000.0,planted,6.086915887850467
VN.ADM1.00007,rice_paddy,2015,628900.0,106000.0,planted,5.933018867924528
VN.ADM1.00007,rice_paddy,2016,622600.0,106300.0,planted,5.8570084666039515
VN.ADM1.00007,rice_paddy,2017,718100.0,114500.0,planted,6.271615720524017
VN.ADM1.00007,rice_paddy,2018,776200.0,118500.0,planted,6.550210970464135
VN.ADM1.00007,rice_paddy,2019,780800.0,117800.0,planted,6.6281833616298815
VN.ADM1.00007,rice_paddy,2020,793900.0,120300.0,planted,6.599334995843724
VN.ADM1.00007,rice_paddy,2021,837900.0,124700.0,planted,6.719326383319968
VN.ADM1.00007,rice_paddy,2022,863600.0,126800.0,planted,6.8107255520504735
VN.ADM1.00007,rice_paddy,2023,891600.0,129400.0,planted,6.890262751159196
VN.ADM1.00008,rice_paddy,1980,159000.0,74700.0,planted,2.1285140562248994
VN.ADM1.00008,rice_paddy,1981,153800.0,69700.0,planted,2.206599713055954
VN.ADM1.00008,rice_paddy,1982,170900.0,71400.0,planted,2.3935574229691876
VN.ADM1.00008,rice_paddy,1983,199900.0,72900.0,planted,2.7421124828532237
VN.ADM1.00008,rice_paddy,1984,221400.0,76600.0,planted,2.8903394255874675
VN.ADM1.00008,rice_paddy,1985,169500.0,58200.0,planted,2.9123711340206184
VN.ADM1.00008,rice_paddy,1986,190300.0,60200.0,planted,3.161129568106312
VN.ADM1.00008,rice_paddy,1987,172900.0,56900.0,planted,3.038664323374341
VN.ADM1.00008,rice_paddy,1988,180500.0,58000.0,planted,3.1120689655172415
VN.ADM1.00008,rice_paddy,1989,183100.0,59500.0,planted,3.077310924369748
VN.ADM1.00008,rice_paddy,1990,168800.0,58000.0,planted,2.910344827586207
VN.ADM1.00008,rice_paddy,1991,237400.0,80500.0,planted,2.9490683229813666
VN.ADM1.00008,rice_paddy,1992,214700.0,81800.0,planted,2.6246943765281174
VN.ADM1.00008,rice_paddy,1993,250200.0,83200.0,planted,3.0072115384615383
VN.ADM1.00008,rice_paddy,1994,268700.0,85500.0,planted,3.1426900584795323
VN.ADM1.00008,rice_paddy,1995,278000.0,89900.0,planted,3.092324805339266
VN.ADM1.00008,rice_paddy,1996,287300.0,91200.0,planted,3.150219298245614
VN.ADM1.00008,rice_paddy,1997,288900.0,92900.0,planted,3.109795479009688
VN.ADM1.00008,rice_paddy,1998,306300.0,96300.0,planted,3.1806853582554515
VN.ADM1.00008,rice_paddy,1999,304400.0,103500.0,planted,2.9410628019323672
VN.ADM1.00008,rice_paddy,2000,350200.0,108700.0,planted,3.2217111315547378
VN.ADM1.00008,rice_paddy,2001,363100.0,108700.0,planted,3.340386384544618
VN.ADM1.00008,rice_paddy,2002,355800.0,105600.0,planted,3.3693181818181817
VN.ADM1.00008,rice_paddy,2003,374900.0,104600.0,planted,3.584130019120459
VN.ADM1.00008,rice_paddy,2004,370700.0,105300.0,planted,3.520417853751187
VN.ADM1.00008,rice_paddy,2005,395600.0,100800.0,planted,3.9246031746031744
VN.ADM1.00008,rice_paddy,2006,380200.0,100900.0,planted,3.76808721506442
VN.ADM1.00008,rice_paddy,2007,402500.0,97800.0,planted,4.115541922290388
VN.ADM1.00008,rice_paddy,2008,418600.0,99100.0,planted,4.22401614530777
VN.ADM1.00008,rice_paddy,2009,433200.0,97900.0,planted,4.424923391215526
VN.ADM1.00008,rice_paddy,2010,407400.0,91800.0,planted,4.437908496732026
VN.ADM1.00008,rice_paddy,2011,431600.0,92400.0,planted,4.670995670995671
VN.ADM1.00008,rice_paddy,2012,442400.0,92500.0,planted,4.782702702702703
VN.ADM1.00008,rice_paddy,2013,431600.0,89700.0,planted,4.811594202898551
VN.ADM1.00008,rice_paddy,2014,442900.0,88800.0,planted,4.987612612612613
VN.ADM1.00008,rice_paddy,2015,453200.0,88100.0,planted,5.144154370034053
VN.ADM1.00008,rice_paddy,2016,452200.0,86800.0,planted,5.209677419354839
VN.ADM1.00008,rice_paddy,2017,451200.0,85500.0,planted,5.277192982456141
VN.ADM1.00008,rice_paddy,2018,455000.0,84800.0,planted,5.365566037735849
VN.ADM1.00008,rice_paddy,2019,466700.0,83300.0,planted,5.602641056422569
VN.ADM1.00008,rice_paddy,2020,450900.0,80100.0,planted,5.629213483146067
VN.ADM1.00008,rice_paddy,2021,454100.0,77900.0,planted,5.829268292682927
VN.ADM1.00008,rice_paddy,2022,451300.0,75700.0,planted,5.961690885072655
VN.ADM1.00008,rice_paddy,2023,459700.0,75000.0,planted,6.129333333333333
VN.ADM1.00009,rice_paddy,1980,521200.0,231000.0,planted,2.256277056277056
VN.ADM1.00009,rice_paddy,1981,465500.0,215100.0,planted,2.1641097164109717
VN.ADM1.00009,rice_paddy,1982,574600.0,211800.0,planted,2.712936732766761
VN.ADM1.00009,rice_paddy,1983,516500.0,209100.0,planted,2.4701099952175993
VN.ADM1.00009,rice_paddy,1984,519900.0,203100.0,planted,2.5598227474150663
VN.ADM1.00009,rice_paddy,1985,647900.0,212700.0,planted,3.0460742830277385
VN.ADM1.00009,rice_paddy,1986,682500.0,210400.0,planted,3.2438212927756656
VN.ADM1.00009,rice_paddy,1987,676300.0,209200.0,planted,3.232791586998088
VN.ADM1.00009,rice_paddy,1988,852800.0,218900.0,planted,3.8958428506167198
VN.ADM1.00009,rice_paddy,1989,1158800.0,266800.0,planted,4.3433283358320836
VN.ADM1.00009,rice_paddy,1990,1249900.0,274500.0,planted,4.553369763205829
VN.ADM1.00009,rice_paddy,1991,1208000.0,299100.0,planted,4.0387830157138085
VN.ADM1.00009,rice_paddy,1992,1367500.0,304400.0,planted,4.492444152431012
VN.ADM1.00009,rice_paddy,1993,1368400.0,331900.0,planted,4.122928592949684
VN.ADM1.00009,rice_paddy,1994,1574100.0,350400.0,planted,4.492294520547945
VN.ADM1.00009,rice_paddy,1995,1616500.0,361000.0,planted,4.477839335180056
VN.ADM1.00009,rice_paddy,1996,1720000.0,390800.0,planted,4.401228249744115
VN.ADM1.00009,rice_paddy,1997,1748900.0,371900.0,planted,4.702608228018285
VN.ADM1.00009,rice_paddy,1998,1930000.0,422600.0,planted,4.566966398485565
VN.ADM1.00009,rice_paddy,1999,2076200.0,442700.0,planted,4.689857691438898
VN.ADM1.00009,rice_paddy,2000,1878500.0,408400.0,planted,4.599657198824682
VN.ADM1.00009,rice_paddy,2001,1963600.0,408300.0,planted,4.80920891501347
VN.ADM1.00009,rice_paddy,2002,2178700.0,426400.0,planted,5.10952157598499
VN.ADM1.00009,rice_paddy,2003,2214900.0,436400.0,planted,5.075389550870761
VN.ADM1.00009,rice_paddy,2004,2420900.0,453000.0,planted,5.344150110375276
VN.ADM1.00009,rice_paddy,2005,2606500.0,467700.0,planted,5.573016891169553
VN.ADM1.00009,rice_paddy,2006,2404900.0,454000.0,planted,5.297136563876652
VN.ADM1.00009,rice_paddy,2007,2544400.0,447100.0,planted,5.6908968910758215
VN.ADM1.00009,rice_paddy,2008,2720200.0,468100.0,planted,5.811151463362529
VN.ADM1.00009,rice_paddy,2009,2650400.0,450800.0,planted,5.879325643300799
VN.ADM1.00009,rice_paddy,2010,2807000.0,465100.0,planted,6.035261234143195
VN.ADM1.00009,rice_paddy,2011,3100200.0,501100.0,planted,6.18678906405907
VN.ADM1.00009,rice_paddy,2012,3051800.0,487600.0,planted,6.25881870385562
VN.ADM1.00009,rice_paddy,2013,3327000.0,541800.0,planted,6.140642303433001
VN.ADM1.00009,rice_paddy,2014,3300000.0,528600.0,planted,6.242905788876277
VN.ADM1.00009,rice_paddy,2015,3384500.0,546000.0,planted,6.198717948717949
VN.ADM1.00009,rice_paddy,2016,3396800.0,551400.0,planted,6.16031918752267
VN.ADM1.00009,rice_paddy,2017,3206800.0,538300.0,planted,5.957272896154561
VN.ADM1.00009,rice_paddy,2018,3330200.0,520400.0,planted,6.399308224442736
VN.ADM1.00009,rice_paddy,2019,3349800.0,521600.0,planted,6.422162576687117
VN.ADM1.00009,rice_paddy,2020,3374500.0,514200.0,planted,6.562621548035784
VN.ADM1.00009,rice_paddy,2021,3339700.0,504400.0,planted,6.621134020618556
VN.ADM1.00009,rice_paddy,2022,3235000.0,482200.0,planted,6.708834508502696
VN.ADM1.00009,rice_paddy,2023,3325300.0,498500.0,planted,6.670611835506519
VN.ADM1.00010,rice_paddy,1980,122000.0,75900.0,planted,1.6073781291172595
VN.ADM1.00010,rice_paddy,1981,112400.0,81000.0,planted,1.3876543209876544
VN.ADM1.00010,rice_paddy,1982,135900.0,81800.0,planted,1.6613691931540342
VN.ADM1.00010,rice_paddy,1983,138500.0,82500.0,planted,1.6787878787878787
VN.ADM1.00010,rice_paddy,1984,122400.0,84700.0,planted,1.4451003541912633
VN.ADM1.00010,rice_paddy,1991,153700.0,71900.0,planted,2.1376912378303197
VN.ADM1.00010,rice_paddy,1992,149500.0,73600.0,planted,2.03125
VN.ADM1.00010,rice_paddy,1993,156000.0,76800.0,planted,2.03125
VN.ADM1.00010,rice_paddy,1994,150500.0,76300.0,planted,1.9724770642201834
VN.ADM1.00010,rice_paddy,1995,156800.0,74100.0,planted,2.116059379217274
VN.ADM1.00010,rice_paddy,1996,162300.0,73200.0,planted,2.2172131147540983
VN.ADM1.00010,rice_paddy,1997,174100.0,76700.0,planted,2.269882659713168
VN.ADM1.00010,rice_paddy,1998,169200.0,74400.0,planted,2.274193548387097
VN.ADM1.00010,rice_paddy,1999,193300.0,75100.0,planted,2.573901464713715
VN.ADM1.00010,rice_paddy,2000,226900.0,80100.0,planted,2.83270911360799
VN.ADM1.00010,rice_paddy,2001,256800.0,82500.0,planted,3.112727272727273
VN.ADM1.00010,rice_paddy,2002,256300.0,83600.0,planted,3.0657894736842106
VN.ADM1.00010,rice_paddy,2003,288700.0,84900.0,planted,3.4004711425206127
VN.ADM1.00010,rice_paddy,2004,289400.0,86100.0,planted,3.3612078977932636
VN.ADM1.00010,rice_paddy,2005,299500.0,87700.0,planted,3.4150513112884835
VN.ADM1.00010,rice_paddy,2006,352100.0,91900.0,planted,3.8313384113166484
VN.ADM1.00010,rice_paddy,2007,353900.0,90800.0,planted,3.897577092511013
VN.ADM1.00010,rice_paddy,2008,370200.0,91800.0,planted,4.032679738562091
VN.ADM1.00010,rice_paddy,2009,365600.0,93700.0,planted,3.9018143009605124
VN.ADM1.00010,rice_paddy,2010,387800.0,92800.0,planted,4.178879310344827
VN.ADM1.00010,rice_paddy,2011,370300.0,93100.0,planted,3.9774436090225564
VN.ADM1.00010,rice_paddy,2012,416400.0,96700.0,planted,4.306101344364013
VN.ADM1.00010,rice_paddy,2013,414200.0,97400.0,planted,4.252566735112937
VN.ADM1.00010,rice_paddy,2014,435700.0,98800.0,planted,4.409919028340081
VN.ADM1.00010,rice_paddy,2015,424700.0,99600.0,planted,4.264056224899599
VN.ADM1.00010,rice_paddy,2016,406000.0,97000.0,planted,4.185567010309279
VN.ADM1.00010,rice_paddy,2017,446000.0,98600.0,planted,4.523326572008114
VN.ADM1.00010,rice_paddy,2018,453700.0,98400.0,planted,4.610772357723577
VN.ADM1.00010,rice_paddy,2019,466600.0,97700.0,planted,4.7758444216990785
VN.ADM1.00010,rice_paddy,2020,475300.0,99000.0,planted,4.801010101010101
VN.ADM1.00010,rice_paddy,2021,481500.0,98400.0,planted,4.8932926829268295
VN.ADM1.00010,rice_paddy,2022,499300.0,98800.0,planted,5.053643724696356
VN.ADM1.00010,rice_paddy,2023,502400.0,99200.0,planted,5.064516129032258
VN.ADM1.00011,rice_paddy,1980,307700.0,155800.0,planted,1.9749679075738127
VN.ADM1.00011,rice_paddy,1981,397800.0,179200.0,planted,2.2198660714285716
VN.ADM1.00011,rice_paddy,1982,440600.0,179400.0,planted,2.455964325529543
VN.ADM1.00011,rice_paddy,1983,423300.0,177000.0,planted,2.3915254237288135
VN.ADM1.00011,rice_paddy,1984,391600.0,172400.0,planted,2.2714617169373548
VN.ADM1.00011,rice_paddy,1996,630000.0,190000.0,planted,3.3157894736842106
VN.ADM1.00011,rice_paddy,1997,687800.0,194100.0,planted,3.543534260690366
VN.ADM1.00011,rice_paddy,1998,728000.0,196800.0,planted,3.6991869918699187
VN.ADM1.00011,rice_paddy,1999,804500.0,197000.0,planted,4.083756345177665
VN.ADM1.00011,rice_paddy,2000,914200.0,199000.0,planted,4.593969849246231
VN.ADM1.00011,rice_paddy,2001,906700.0,199200.0,planted,4.551706827309237
VN.ADM1.00011,rice_paddy,2002,967000.0,200400.0,planted,4.825349301397206
VN.ADM1.00011,rice_paddy,2003,967900.0,198300.0,planted,4.880988401412002
VN.ADM1.00011,rice_paddy,2004,999900.0,196900.0,planted,5.078212290502793
VN.ADM1.00011,rice_paddy,2005,994500.0,193800.0,planted,5.131578947368421
VN.ADM1.00011,rice_paddy,2006,980100.0,193500.0,planted,5.065116279069767
VN.ADM1.00011,rice_paddy,2007,960100.0,190500.0,planted,5.03989501312336
VN.ADM1.00011,rice_paddy,2008,958700.0,186100.0,planted,5.1515314347125205
VN.ADM1.00011,rice_paddy,2009,1016500.0,186200.0,planted,5.459183673469388
VN.ADM1.00011,rice_paddy,2010,1037900.0,186500.0,planted,5.56514745308311
VN.ADM1.00011,rice_paddy,2011,1095800.0,186100.0,planted,5.888232133261687
VN.ADM1.00011,rice_paddy,2012,1082500.0,184700.0,planted,5.860855441256091
VN.ADM1.00011,rice_paddy,2013,1012800.0,184100.0,planted,5.501357957631722
VN.ADM1.00011,rice_paddy,2014,1066000.0,185500.0,planted,5.7466307277628035
VN.ADM1.00011,rice_paddy,2015,1063900.0,183400.0,planted,5.8009814612868045
VN.ADM1.00011,rice_paddy,2016,1067600.0,180300.0,planted,5.921242373821409
VN.ADM1.00011,rice_paddy,2017,1024100.0,175900.0,planted,5.822057987492894
VN.ADM1.00011,rice_paddy,2018,1009900.0,170400.0,planted,5.926643192488263
VN.ADM1.00011,rice_paddy,2019,996300.0,168400.0,planted,5.916270783847981
VN.ADM1.00011,rice_paddy,2020,987000.0,164300.0,planted,6.007303712720633
VN.ADM1.00011,rice_paddy,2021,981900.0,161500.0,planted,6.079876160990712
VN.ADM1.00011,rice_paddy,2022,958800.0,157800.0,planted,6.076045627376426
VN.ADM1.00011,rice_paddy,2023,929800.0,154600.0,planted,6.014230271668823
VN.ADM1.00012,rice_paddy,1980,482300.0,246800.0,planted,1.9542139384116695
VN.ADM1.00012,rice_paddy,1981,679900.0,289400.0,planted,2.349343469246717
VN.ADM1.00012,rice_paddy,1982,842300.0,290500.0,planted,2.8994836488812394
VN.ADM1.00012,rice_paddy,1983,847900.0,289400.0,planted,2.9298548721492743
VN.ADM1.00012,rice_paddy,1984,832600.0,287900.0,planted,2.8919763806877388
VN.ADM1.00012,rice_paddy,1991,190200.0,74100.0,planted,2.5668016194331984
VN.ADM1.00012,rice_paddy,1992,261900.0,74200.0,planted,3.5296495956873315
VN.ADM1.00012,rice_paddy,1993,310000.0,76700.0,planted,4.041720990873533
VN.ADM1.00012,rice_paddy,1994,244200.0,68500.0,planted,3.564963503649635
VN.ADM1.00012,rice_paddy,1995,316800.0,80300.0,planted,3.9452054794520546
VN.ADM1.00012,rice_paddy,1996,1393300.0,303200.0,planted,4.595316622691293
VN.ADM1.00012,rice_paddy,1997,1622500.0,319600.0,planted,5.076658322903629
VN.ADM1.00012,rice_paddy,1998,1716900.0,321500.0,planted,5.3402799377916015
VN.ADM1.00012,rice_paddy,1999,1785700.0,323000.0,planted,5.5284829721362225
VN.ADM1.00012,rice_paddy,2000,1777800.0,324600.0,planted,5.476894639556377
VN.ADM1.00012,rice_paddy,2001,1807100.0,324100.0,planted,5.575748225856217
VN.ADM1.00012,rice_paddy,2002,1844100.0,321700.0,planted,5.732359341000932
VN.ADM1.00012,rice_paddy,2003,1762100.0,319600.0,planted,5.513454317897372
VN.ADM1.00012,rice_paddy,2004,1846900.0,316200.0,planted,5.840923466160658
VN.ADM1.00012,rice_paddy,2005,1554500.0,310700.0,planted,5.0032185387833925
VN.ADM1.00012,rice_paddy,2006,1834000.0,308400.0,planted,5.946822308690013
VN.ADM1.00012,rice_paddy,2007,1783500.0,306000.0,planted,5.828431372549019
VN.ADM1.00012,rice_paddy,2008,1813200.0,306800.0,planted,5.910039113428944
VN.ADM1.00012,rice_paddy,2009,1792300.0,310300.0,planted,5.7760232033515955
VN.ADM1.00012,rice_paddy,2010,1854900.0,310400.0,planted,5.975837628865979
VN.ADM1.00012,rice_paddy,2011,1844100.0,309000.0,planted,5.967961165048544
VN.ADM1.00012,rice_paddy,2012,1848700.0,307500.0,planted,6.012032520325203
VN.ADM1.00012,rice_paddy,2013,1770600.0,304500.0,planted,5.814778325123153
VN.ADM1.00012,rice_paddy,2014,1823600.0,302700.0,planted,6.024446646845061
VN.ADM1.00012,rice_paddy,2015,1816200.0,300500.0,planted,6.043926788685524
VN.ADM1.00012,rice_paddy,2016,1787500.0,297300.0,planted,6.0124453414059875
VN.ADM1.00012,rice_paddy,2017,1645300.0,293300.0,planted,5.609614728946471
VN.ADM1.00012,rice_paddy,2018,1734700.0,287900.0,planted,6.025356026398055
VN.ADM1.00012,rice_paddy,2019,1721400.0,282700.0,planted,6.089140431552883
VN.ADM1.00012,rice_paddy,2020,1698400.0,277800.0,planted,6.1137508999280055
VN.ADM1.00012,rice_paddy,2021,1690200.0,276100.0,planted,6.121695038029699
VN.ADM1.00012,rice_paddy,2022,1675400.0,272700.0,planted,6.143747708104144
VN.ADM1.00012,rice_paddy,2023,1659100.0,269900.0,planted,6.147091515376065
VN.ADM1.00013,rice_paddy,1980,497200.0,240900.0,planted,2.0639269406392695
VN.ADM1.00013,rice_paddy,1981,615900.0,278500.0,planted,2.2114901256732495
VN.ADM1.00013,rice_paddy,1982,724700.0,280700.0,planted,2.5817598859992876
VN.ADM1.00013,rice_paddy,1983,725000.0,280800.0,planted,2.581908831908832
VN.ADM1.00013,rice_paddy,1984,699300.0,279700.0,planted,2.5001787629603145
VN.ADM1.00013,rice_paddy,1985,138100.0,58600.0,planted,2.356655290102389
VN.ADM1.00013,rice_paddy,1986,146000.0,57800.0,planted,2.5259515570934257
VN.ADM1.00013,rice_paddy,1987,135500.0,57200.0,planted,2.3688811188811187
VN.ADM1.00013,rice_paddy,1988,155000.0,58200.0,planted,2.663230240549828
VN.ADM1.00013,rice_paddy,1989,170700.0,58700.0,planted,2.9080068143100513
VN.ADM1.00013,rice_paddy,1990,162800.0,58700.0,planted,2.7734241908006814
VN.ADM1.00013,rice_paddy,1991,652200.0,267400.0,planted,2.4390426327599104
VN.ADM1.00013,rice_paddy,1992,894700.0,268400.0,planted,3.333457526080477
VN.ADM1.00013,rice_paddy,1993,1015100.0,266100.0,planted,3.814731304021045
VN.ADM1.00013,rice_paddy,1994,881800.0,266300.0,planted,3.3113030416823133
VN.ADM1.00013,rice_paddy,1995,953000.0,267800.0,planted,3.5586258401792383
VN.ADM1.00013,rice_paddy,1996,986900.0,260000.0,planted,3.795769230769231
VN.ADM1.00013,rice_paddy,1997,1009500.0,264300.0,planted,3.819523269012486
VN.ADM1.00013,rice_paddy,1998,1112400.0,261200.0,planted,4.258805513016846
VN.ADM1.00013,rice_paddy,1999,1234400.0,263000.0,planted,4.693536121673004
VN.ADM1.00013,rice_paddy,2000,1309900.0,266400.0,planted,4.917042042042042
VN.ADM1.00013,rice_paddy,2001,1287000.0,265100.0,planted,4.854771784232365
VN.ADM1.00013,rice_paddy,2002,1377500.0,265600.0,planted,5.186370481927711
VN.ADM1.00013,rice_paddy,2003,1350100.0,262200.0,planted,5.149122807017544
VN.ADM1.00013,rice_paddy,2004,1366800.0,255700.0,planted,5.34532655455612
VN.ADM1.00013,rice_paddy,2005,1312200.0,250500.0,planted,5.2383233532934135
VN.ADM1.00013,rice_paddy,2006,1318500.0,246500.0,planted,5.348884381338743
VN.ADM1.00013,rice_paddy,2007,1257400.0,241200.0,planted,5.2131011608623545
VN.ADM1.00013,rice_paddy,2008,1384600.0,248100.0,planted,5.580814187827489
VN.ADM1.00013,rice_paddy,2009,1352400.0,248700.0,planted,5.4378769601930035
VN.ADM1.00013,rice_paddy,2010,1317800.0,244500.0,planted,5.389775051124745
VN.ADM1.00013,rice_paddy,2011,1428500.0,245200.0,planted,5.825856443719413
VN.ADM1.00013,rice_paddy,2012,1419400.0,246700.0,planted,5.7535468179975675
VN.ADM1.00013,rice_paddy,2013,1361900.0,245400.0,planted,5.549714751426243
VN.ADM1.00013,rice_paddy,2014,1390500.0,243200.0,planted,5.717516447368421
VN.ADM1.00013,rice_paddy,2015,1365300.0,239900.0,planted,5.691121300541893
VN.ADM1.00013,rice_paddy,2016,1325500.0,237000.0,planted,5.5928270042194095
VN.ADM1.00013,rice_paddy,2017,1231700.0,229300.0,planted,5.371565634539904
VN.ADM1.00013,rice_paddy,2018,1231800.0,218300.0,planted,5.642693540998626
VN.ADM1.00013,rice_paddy,2019,1175800.0,210500.0,planted,5.585748218527316
VN.ADM1.00013,rice_paddy,2020,1180100.0,203200.0,planted,5.8075787401574805
VN.ADM1.00013,rice_paddy,2021,1199200.0,200700.0,planted,5.975087194818136
VN.ADM1.00013,rice_paddy,2022,1169500.0,197100.0,planted,5.933536276002029
VN.ADM1.00013,rice_paddy,2023,1158700.0,193400.0,planted,5.991209927611169
VN.ADM1.00015,rice_paddy,1980,124900.0,66100.0,planted,1.8895612708018155
VN.ADM1.00015,rice_paddy,1981,116200.0,65400.0,planted,1.7767584097859328
VN.ADM1.00015,rice_paddy,1982,140200.0,66600.0,planted,2.105105105105105
VN.ADM1.00015,rice_paddy,1983,147600.0,65200.0,planted,2.263803680981595
VN.ADM1.00015,rice_paddy,1984,155200.0,66600.0,planted,2.33033033033033
VN.ADM1.00015,rice_paddy,1991,150600.0,70600.0,planted,2.13314447592068
VN.ADM1.00015,rice_paddy,1992,170300.0,70500.0,planted,2.4156028368794327
VN.ADM1.00015,rice_paddy,1993,192300.0,69600.0,planted,2.7629310344827585
VN.ADM1.00015,rice_paddy,1994,203500.0,70000.0,planted,2.907142857142857
VN.ADM1.00015,rice_paddy,1995,215600.0,69600.0,planted,3.0977011494252875
VN.ADM1.00015,rice_paddy,1996,238000.0,70500.0,planted,3.375886524822695
VN.ADM1.00015,rice_paddy,1997,251000.0,71200.0,planted,3.5252808988764044
VN.ADM1.00015,rice_paddy,1998,269300.0,73000.0,planted,3.6890410958904107
VN.ADM1.00015,rice_paddy,1999,286900.0,72800.0,planted,3.940934065934066
VN.ADM1.00015,rice_paddy,2000,305900.0,75700.0,planted,4.040951122853369
VN.ADM1.00015,rice_paddy,2001,360500.0,78100.0,planted,4.615877080665813
VN.ADM1.00015,rice_paddy,2002,357600.0,79200.0,planted,4.515151515151516
VN.ADM1.00015,rice_paddy,2003,390300.0,81300.0,planted,4.800738007380073
VN.ADM1.00015,rice_paddy,2004,397300.0,81400.0,planted,4.880835380835381
VN.ADM1.00015,rice_paddy,2005,403700.0,80900.0,planted,4.990111248454882
VN.ADM1.00015,rice_paddy,2006,409400.0,81500.0,planted,5.023312883435583
VN.ADM1.00015,rice_paddy,2007,414100.0,81400.0,planted,5.087223587223587
VN.ADM1.00015,rice_paddy,2008,423900.0,81800.0,planted,5.1821515892420535
VN.ADM1.00015,rice_paddy,2009,446600.0,82600.0,planted,5.406779661016949
VN.ADM1.00015,rice_paddy,2010,456000.0,81900.0,planted,5.5677655677655675
VN.ADM1.00015,rice_paddy,2011,467700.0,82800.0,planted,5.648550724637682
VN.ADM1.00015,rice_paddy,2012,469600.0,83200.0,planted,5.644230769230769
VN.ADM1.00015,rice_paddy,2013,473500.0,83300.0,planted,5.684273709483794
VN.ADM1.00015,rice_paddy,2014,473300.0,83000.0,planted,5.702409638554217
VN.ADM1.00015,rice_paddy,2015,469800.0,82400.0,planted,5.701456310679611
VN.ADM1.00015,rice_paddy,2016,474800.0,82600.0,planted,5.74818401937046
VN.ADM1.00015,rice_paddy,2017,474300.0,82600.0,planted,5.742130750605327
VN.ADM1.00015,rice_paddy,2018,475200.0,82300.0,planted,5.773997569866343
VN.ADM1.00015,rice_paddy,2019,473400.0,81800.0,planted,5.787286063569682
VN.ADM1.00015,rice_paddy,2020,476900.0,82000.0,planted,5.815853658536585
VN.ADM1.00015,rice_paddy,2021,479100.0,81800.0,planted,5.856968215158925
VN.ADM1.00015,rice_paddy,2022,476800.0,81500.0,planted,5.850306748466258
VN.ADM1.00015,rice_paddy,2023,474800.0,80600.0,planted,5.890818858560794
VN.ADM1.00016,rice_paddy,1980,577700.0,213700.0,planted,2.7033224145999064
VN.ADM1.00016,rice_paddy,1981,710100.0,236700.0,planted,3.0
VN.ADM1.00016,rice_paddy,1982,777800.0,235200.0,planted,3.306972789115646
VN.ADM1.00016,rice_paddy,1983,765000.0,236100.0,planted,3.2401524777636594
VN.ADM1.00016,rice_paddy,1984,698100.0,235100.0,planted,2.9693747341556787
VN.ADM1.00016,rice_paddy,1996,1150100.0,237600.0,planted,4.840488215488215
VN.ADM1.00016,rice_paddy,1997,1215700.0,237900.0,planted,5.110130306851619
VN.ADM1.00016,rice_paddy,1998,1252500.0,237000.0,planted,5.284810126582278
VN.ADM1.00016,rice_paddy,1999,1319900.0,236500.0,planted,5.580972515856237
VN.ADM1.00016,rice_paddy,2000,1353500.0,237200.0,planted,5.706155143338955
VN.ADM1.00016,rice_paddy,2001,1303400.0,234300.0,planted,5.5629534784464365
VN.ADM1.00016,rice_paddy,2002,1355700.0,231100.0,planted,5.866291648636953
VN.ADM1.00016,rice_paddy,2003,1348200.0,227200.0,planted,5.933978873239437
VN.ADM1.00016,rice_paddy,2004,1317600.0,221400.0,planted,5.951219512195122
VN.ADM1.00016,rice_paddy,2005,1280900.0,215900.0,planted,5.932839277443261
VN.ADM1.00016,rice_paddy,2006,1272500.0,212400.0,planted,5.99105461393597
VN.ADM1.00016,rice_paddy,2007,1233000.0,209000.0,planted,5.899521531100478
VN.ADM1.00016,rice_paddy,2008,1272200.0,208600.0,planted,6.09875359539789
VN.ADM1.00016,rice_paddy,2009,1284500.0,208500.0,planted,6.160671462829736
VN.ADM1.00016,rice_paddy,2010,1272500.0,209400.0,planted,6.076886341929322
VN.ADM1.00016,rice_paddy,2011,1309500.0,208500.0,planted,6.280575539568345
VN.ADM1.00016,rice_paddy,2012,1310900.0,208200.0,planted,6.296349663784822
VN.ADM1.00016,rice_paddy,2013,1241900.0,206600.0,planted,6.011132623426912
VN.ADM1.00016,rice_paddy,2014,1232200.0,203900.0,planted,6.043158410985777
VN.ADM1.00016,rice_paddy,2015,1220500.0,200200.0,planted,6.096403596403596
VN.ADM1.00016,rice_paddy,2016,1183800.0,194400.0,planted,6.089506172839506
VN.ADM1.00016,rice_paddy,2017,1076500.0,188600.0,planted,5.707847295864263
VN.ADM1.00016,rice_paddy,2018,1118000.0,182800.0,planted,6.115973741794311
VN.ADM1.00016,rice_paddy,2019,1086300.0,177900.0,planted,6.106239460370995
VN.ADM1.00016,rice_paddy,2020,1051400.0,171300.0,planted,6.137769994162288
VN.ADM1.00016,rice_paddy,2021,1051900.0,167100.0,planted,6.295032914422501
VN.ADM1.00016,rice_paddy,2022,1031300.0,163300.0,planted,6.315370483772198
VN.ADM1.00016,rice_paddy,2023,996800.0,158600.0,planted,6.28499369482976
VN.ADM1.00017,rice_paddy,1980,190700.0,87600.0,planted,2.1769406392694064
VN.ADM1.00017,rice_paddy,1981,230500.0,89900.0,planted,2.563959955506118
VN.ADM1.00017,rice_paddy,1982,277800.0,89800.0,planted,3.093541202672606
VN.ADM1.00017,rice_paddy,1983,282400.0,89700.0,planted,3.148272017837235
VN.ADM1.00017,rice_paddy,1984,261700.0,88800.0,planted,2.9470720720720722
VN.ADM1.00017,rice_paddy,1985,316300.0,90100.0,planted,3.5105438401775806
VN.ADM1.00017,rice_paddy,1986,292600.0,89500.0,planted,3.2692737430167598
VN.ADM1.00017,rice_paddy,1987,246500.0,89700.0,planted,2.7480490523968784
VN.ADM1.00017,rice_paddy,1988,282100.0,90200.0,planted,3.1274944567627494
VN.ADM1.00017,rice_paddy,1989,282200.0,90100.0,planted,3.1320754716981134
VN.ADM1.00017,rice_paddy,1990,277100.0,92200.0,planted,3.0054229934924077
VN.ADM1.00017,rice_paddy,1991,269500.0,93300.0,planted,2.8885316184351555
VN.ADM1.00017,rice_paddy,1992,347500.0,94100.0,planted,3.6928799149840597
VN.ADM1.00017,rice_paddy,1993,390600.0,93800.0,planted,4.164179104477612
VN.ADM1.00017,rice_paddy,1994,417900.0,93700.0,planted,4.459978655282818
VN.ADM1.00017,rice_paddy,1995,396000.0,93700.0,planted,4.226254002134472
VN.ADM1.00017,rice_paddy,1996,422400.0,94100.0,planted,4.488841657810839
VN.ADM1.00017,rice_paddy,1997,428000.0,95100.0,planted,4.500525762355416
VN.ADM1.00017,rice_paddy,1998,438900.0,94800.0,planted,4.629746835443038
VN.ADM1.00017,rice_paddy,1999,471100.0,95200.0,planted,4.948529411764706
VN.ADM1.00017,rice_paddy,2000,490300.0,95900.0,planted,5.112617309697602
VN.ADM1.00017,rice_paddy,2001,487600.0,95400.0,planted,5.111111111111111
VN.ADM1.00017,rice_paddy,2002,498400.0,94000.0,planted,5.302127659574468
VN.ADM1.00017,rice_paddy,2003,501400.0,92100.0,planted,5.4440825190010855
VN.ADM1.00017,rice_paddy,2004,505500.0,89900.0,planted,5.622914349276974
VN.ADM1.00017,rice_paddy,2005,459300.0,88300.0,planted,5.20158550396376
VN.ADM1.00017,rice_paddy,2006,481900.0,86900.0,planted,5.545454545454546
VN.ADM1.00017,rice_paddy,2007,461400.0,85600.0,planted,5.390186915887851
VN.ADM1.00017,rice_paddy,2008,475900.0,83100.0,planted,5.726835138387485
VN.ADM1.00017,rice_paddy,2009,488300.0,82400.0,planted,5.925970873786408
VN.ADM1.00017,rice_paddy,2010,485500.0,80900.0,planted,6.00123609394314
VN.ADM1.00017,rice_paddy,2011,484400.0,79600.0,planted,6.085427135678392
VN.ADM1.00017,rice_paddy,2012,490100.0,79200.0,planted,6.188131313131313
VN.ADM1.00017,rice_paddy,2013,490200.0,78200.0,planted,6.268542199488491
VN.ADM1.00017,rice_paddy,2014,484700.0,77100.0,planted,6.286640726329442
VN.ADM1.00017,rice_paddy,2015,478300.0,75800.0,planted,6.310026385224274
VN.ADM1.00017,rice_paddy,2016,465100.0,74000.0,planted,6.285135135135135
VN.ADM1.00017,rice_paddy,2017,436700.0,72300.0,planted,6.040110650069156
VN.ADM1.00017,rice_paddy,2018,440800.0,69300.0,planted,6.360750360750361
VN.ADM1.00017,rice_paddy,2019,413200.0,64900.0,planted,6.366718027734977
VN.ADM1.00017,rice_paddy,2020,376100.0,58600.0,planted,6.418088737201365
VN.ADM1.00017,rice_paddy,2021,370700.0,57700.0,planted,6.424610051993068
VN.ADM1.00017,rice_paddy,2022,365800.0,56800.0,planted,6.440140845070423
VN.ADM1.00017,rice_paddy,2023,359600.0,55700.0,planted,6.456014362657092
VN.ADM1.00018,rice_paddy,1980,1015700.0,431600.0,planted,2.353336422613531
VN.ADM1.00018,rice_paddy,1981,1057200.0,437100.0,planted,2.418668496911462
VN.ADM1.00018,rice_paddy,1982,1302100.0,461900.0,planted,2.8190084433860143
VN.ADM1.00018,rice_paddy,1983,1391500.0,439900.0,planted,3.163218913389407
VN.ADM1.00018,rice_paddy,1984,1518200.0,472900.0,planted,3.2104038908860226
VN.ADM1.00018,rice_paddy,1991,1980200.0,554500.0,planted,3.5711451758340846
VN.ADM1.00018,rice_paddy,1992,2191700.0,582200.0,planted,3.764513912744761
VN.ADM1.00018,rice_paddy,1993,1926800.0,598600.0,planted,3.21884396926161
VN.ADM1.00018,rice_paddy,1994,2464900.0,616500.0,planted,3.9982157339821573
VN.ADM1.00018,rice_paddy,1995,2798800.0,677400.0,planted,4.131679952760555
VN.ADM1.00018,rice_paddy,1996,2953500.0,726000.0,planted,4.068181818181818
VN.ADM1.00018,rice_paddy,1997,2894200.0,720100.0,planted,4.019164004999306
VN.ADM1.00018,rice_paddy,1998,3276200.0,777300.0,planted,4.214846262704232
VN.ADM1.00018,rice_paddy,1999,3487100.0,823100.0,planted,4.23654476977281
VN.ADM1.00018,rice_paddy,2000,3500800.0,783800.0,planted,4.46644552181679
VN.ADM1.00018,rice_paddy,2001,3480100.0,789900.0,planted,4.405747562982656
VN.ADM1.00018,rice_paddy,2002,3859000.0,811500.0,planted,4.755391250770178
VN.ADM1.00018,rice_paddy,2003,3752600.0,803000.0,planted,4.673225404732254
VN.ADM1.00018,rice_paddy,2004,3797500.0,773500.0,planted,4.909502262443439
VN.ADM1.00018,rice_paddy,2005,3977100.0,782000.0,planted,5.085805626598465
VN.ADM1.00018,rice_paddy,2006,3818000.0,774300.0,planted,4.930905333849929
VN.ADM1.00018,rice_paddy,2007,3599200.0,722600.0,planted,4.980902297259894
VN.ADM1.00018,rice_paddy,2008,3958100.0,743800.0,planted,5.321457381016402
VN.ADM1.00018,rice_paddy,2009,3912300.0,734600.0,planted,5.325755513204465
VN.ADM1.00018,rice_paddy,2010,4253500.0,769700.0,planted,5.5261790307912175
VN.ADM1.00018,rice_paddy,2011,4508800.0,786400.0,planted,5.733468972533062
VN.ADM1.00018,rice_paddy,2012,4751500.0,808200.0,planted,5.879114080673101
VN.ADM1.00018,rice_paddy,2013,4781600.0,822100.0,planted,5.816324048169323
VN.ADM1.00018,rice_paddy,2014,4837600.0,801500.0,planted,6.035683094198378
VN.ADM1.00018,rice_paddy,2015,4995900.0,812000.0,planted,6.152586206896552
VN.ADM1.00018,rice_paddy,2016,4744000.0,798900.0,planted,5.93816497684316
VN.ADM1.00018,rice_paddy,2017,4753300.0,794900.0,planted,5.979745879984904
VN.ADM1.00018,rice_paddy,2018,4805200.0,783700.0,planted,6.131427842286589
VN.ADM1.00018,rice_paddy,2019,4797000.0,777500.0,planted,6.169774919614148
VN.ADM1.00018,rice_paddy,2020,4767100.0,774900.0,planted,6.151890566524713
VN.ADM1.00018,rice_paddy,2021,4747400.0,739300.0,planted,6.421479778168538
VN.ADM1.00018,rice_paddy,2022,4663200.0,737400.0,planted,6.323840520748576
VN.ADM1.00018,rice_paddy,2023,4626100.0,724400.0,planted,6.386112644947543
VN.ADM1.00019,rice_paddy,1980,179000.0,73500.0,planted,2.435374149659864
VN.ADM1.00019,rice_paddy,1981,185000.0,73500.0,planted,2.5170068027210886
VN.ADM1.00019,rice_paddy,1982,216900.0,78300.0,planted,2.7701149425287355
VN.ADM1.00019,rice_paddy,1983,237900.0,77100.0,planted,3.085603112840467
VN.ADM1.00019,rice_paddy,1984,237400.0,76700.0,planted,3.0951760104302477
VN.ADM1.00019,rice_paddy,1985,225900.0,72700.0,planted,3.107290233837689
VN.ADM1.00019,rice_paddy,1986,239200.0,77600.0,planted,3.082474226804124
VN.ADM1.00019,rice_paddy,1987,236300.0,76400.0,planted,3.092931937172775
VN.ADM1.00019,rice_paddy,1988,236800.0,74100.0,planted,3.195681511470985
VN.ADM1.00019,rice_paddy,1989,255900.0,78300.0,planted,3.268199233716475
VN.ADM1.00019,rice_paddy,1990,237200.0,79300.0,planted,2.991172761664565
VN.ADM1.00019,rice_paddy,1991,247200.0,81900.0,planted,3.0183150183150182
VN.ADM1.00019,rice_paddy,1992,207200.0,80800.0,planted,2.5643564356435644
VN.ADM1.00019,rice_paddy,1993,246900.0,80900.0,planted,3.0519159456118663
VN.ADM1.00019,rice_paddy,1994,244500.0,79800.0,planted,3.06390977443609
VN.ADM1.00019,rice_paddy,1995,237200.0,79500.0,planted,2.983647798742138
VN.ADM1.00019,rice_paddy,1996,204700.0,80200.0,planted,2.552369077306733
VN.ADM1.00019,rice_paddy,1997,235200.0,76900.0,planted,3.05851755526658
VN.ADM1.00019,rice_paddy,1998,226200.0,73700.0,planted,3.0691994572591588
VN.ADM1.00019,rice_paddy,1999,225600.0,77800.0,planted,2.8997429305912594
VN.ADM1.00019,rice_paddy,2000,235300.0,75900.0,planted,3.1001317523056655
VN.ADM1.00019,rice_paddy,2001,209200.0,67000.0,planted,3.1223880597014926
VN.ADM1.00019,rice_paddy,2002,176800.0,56200.0,planted,3.1459074733096086
VN.ADM1.00019,rice_paddy,2003,162300.0,49400.0,planted,3.285425101214575
VN.ADM1.00019,rice_paddy,2004,159100.0,46700.0,planted,3.4068522483940042
VN.ADM1.00019,rice_paddy,2005,133600.0,40400.0,planted,3.3069306930693068
VN.ADM1.00019,rice_paddy,2006,104200.0,36200.0,planted,2.8784530386740332
VN.ADM1.00019,rice_paddy,2007,112900.0,32800.0,planted,3.442073170731707
VN.ADM1.00019,rice_paddy,2008,110900.0,30400.0,planted,3.648026315789474
VN.ADM1.00019,rice_paddy,2009,100000.0,27200.0,planted,3.676470588235294
VN.ADM1.00019,rice_paddy,2010,91700.0,24400.0,planted,3.7581967213114753
VN.ADM1.00019,rice_paddy,2011,85800.0,22000.0,planted,3.9
VN.ADM1.00019,rice_paddy,2012,93000.0,22400.0,planted,4.151785714285714
VN.ADM1.00019,rice_paddy,2013,90300.0,21400.0,planted,4.219626168224299
VN.ADM1.00019,rice_paddy,2014,88600.0,20900.0,planted,4.239234449760765
VN.ADM1.00019,rice_paddy,2015,88300.0,20300.0,planted,4.349753694581281
VN.ADM1.00019,rice_paddy,2016,85200.0,19500.0,planted,4.369230769230769
VN.ADM1.00019,rice_paddy,2017,86400.0,19100.0,planted,4.523560209424084
VN.ADM1.00019,rice_paddy,2018,79100.0,16900.0,planted,4.680473372781065
VN.ADM1.00019,rice_paddy,2019,81200.0,16800.0,planted,4.833333333333333
VN.ADM1.00019,rice_paddy,2020,83600.0,16700.0,planted,5.005988023952096
VN.ADM1.00019,rice_paddy,2021,83600.0,16600.0,planted,5.036144578313253
VN.ADM1.00019,rice_paddy,2022,84500.0,16200.0,planted,5.216049382716049
VN.ADM1.00019,rice_paddy,2023,86300.0,16000.0,planted,5.39375
VN.ADM1.00020,rice_paddy,1980,78700.0,64300.0,planted,1.223950233281493
VN.ADM1.00020,rice_paddy,1981,120500.0,65900.0,planted,1.8285280728376327
VN.ADM1.00020,rice_paddy,1982,139700.0,69400.0,planted,2.0129682997118157
VN.ADM1.00020,rice_paddy,1983,150600.0,68400.0,planted,2.2017543859649122
VN.ADM1.00020,rice_paddy,1984,159000.0,69600.0,planted,2.2844827586206895
VN.ADM1.00020,rice_paddy,1991,150100.0,70100.0,planted,2.1412268188302424
VN.ADM1.00020,rice_paddy,1992,174300.0,70500.0,planted,2.472340425531915
VN.ADM1.00020,rice_paddy,1993,201800.0,70900.0,planted,2.846262341325811
VN.ADM1.00020,rice_paddy,1994,199900.0,70900.0,planted,2.8194640338504935
VN.ADM1.00020,rice_paddy,1995,203200.0,71600.0,planted,2.8379888268156424
VN.ADM1.00020,rice_paddy,1996,217300.0,71200.0,planted,3.0519662921348316
VN.ADM1.00020,rice_paddy,1997,215100.0,71600.0,planted,3.0041899441340782
VN.ADM1.00020,rice_paddy,1998,222200.0,75400.0,planted,2.946949602122016
VN.ADM1.00020,rice_paddy,1999,247600.0,75000.0,planted,3.3013333333333335
VN.ADM1.00020,rice_paddy,2000,263500.0,76400.0,planted,3.4489528795811517
VN.ADM1.00020,rice_paddy,2001,277700.0,77300.0,planted,3.592496765847348
VN.ADM1.00020,rice_paddy,2002,285300.0,76700.0,planted,3.7196870925684484
VN.ADM1.00020,rice_paddy,2003,304800.0,78000.0,planted,3.9076923076923076
VN.ADM1.00020,rice_paddy,2004,282900.0,69200.0,planted,4.088150289017341
VN.ADM1.00020,rice_paddy,2005,287000.0,69700.0,planted,4.117647058823529
VN.ADM1.00020,rice_paddy,2006,296400.0,69300.0,planted,4.2770562770562774
VN.ADM1.00020,rice_paddy,2007,302200.0,69700.0,planted,4.335724533715926
VN.ADM1.00020,rice_paddy,2008,288600.0,67900.0,planted,4.250368188512518
VN.ADM1.00020,rice_paddy,2009,314500.0,70300.0,planted,4.473684210526316
VN.ADM1.00020,rice_paddy,2010,312500.0,70700.0,planted,4.42008486562942
VN.ADM1.00020,rice_paddy,2011,336500.0,71600.0,planted,4.699720670391062
VN.ADM1.00020,rice_paddy,2012,342000.0,71000.0,planted,4.816901408450704
VN.ADM1.00020,rice_paddy,2013,345400.0,71000.0,planted,4.864788732394366
VN.ADM1.00020,rice_paddy,2014,350800.0,71700.0,planted,4.892608089260809
VN.ADM1.00020,rice_paddy,2015,357800.0,72000.0,planted,4.969444444444444
VN.ADM1.00020,rice_paddy,2016,372500.0,74400.0,planted,5.006720430107527
VN.ADM1.00020,rice_paddy,2017,370300.0,74800.0,planted,4.9505347593582885
VN.ADM1.00020,rice_paddy,2018,382900.0,75700.0,planted,5.058124174372523
VN.ADM1.00020,rice_paddy,2019,392600.0,76500.0,planted,5.13202614379085
VN.ADM1.00020,rice_paddy,2020,398800.0,76900.0,planted,5.185955786736021
VN.ADM1.00020,rice_paddy,2021,401700.0,76600.0,planted,5.2441253263707575
VN.ADM1.00020,rice_paddy,2022,403300.0,76000.0,planted,5.306578947368421
VN.ADM1.00020,rice_paddy,2023,406800.0,76600.0,planted,5.310704960835509
VN.ADM1.00021,rice_paddy,1980,581600.0,260200.0,planted,2.2352036894696385
VN.ADM1.00021,rice_paddy,1981,448900.0,250600.0,planted,1.7913008778930566
VN.ADM1.00021,rice_paddy,1982,591000.0,260600.0,planted,2.2678434382194936
VN.ADM1.00021,rice_paddy,1983,651500.0,260600.0,planted,2.5
VN.ADM1.00021,rice_paddy,1984,620300.0,256600.0,planted,2.417381137957911
VN.ADM1.00021,rice_paddy,1985,666700.0,250100.0,planted,2.665733706517393
VN.ADM1.00021,rice_paddy,1986,678000.0,247700.0,planted,2.7371820750908356
VN.ADM1.00021,rice_paddy,1987,637300.0,244600.0,planted,2.605478331970564
VN.ADM1.00021,rice_paddy,1988,716300.0,245100.0,planted,2.9224806201550386
VN.ADM1.00021,rice_paddy,1989,802300.0,260500.0,planted,3.0798464491362765
VN.ADM1.00021,rice_paddy,1990,861600.0,270800.0,planted,3.1816838995568686
VN.ADM1.00021,rice_paddy,1991,937200.0,299500.0,planted,3.129215358931553
VN.ADM1.00021,rice_paddy,1992,1014000.0,318400.0,planted,3.1846733668341707
VN.ADM1.00021,rice_paddy,1993,1110100.0,343300.0,planted,3.233614914069327
VN.ADM1.00021,rice_paddy,1994,1220000.0,363300.0,planted,3.358106248279659
VN.ADM1.00021,rice_paddy,1995,1462400.0,380300.0,planted,3.8453852221930056
VN.ADM1.00021,rice_paddy,1996,1697500.0,449600.0,planted,3.7755782918149468
VN.ADM1.00021,rice_paddy,1997,1692200.0,439700.0,planted,3.8485330907436888
VN.ADM1.00021,rice_paddy,1998,1900400.0,505900.0,planted,3.7564736113856494
VN.ADM1.00021,rice_paddy,1999,2026200.0,521300.0,planted,3.8868214080184154
VN.ADM1.00021,rice_paddy,2000,2284300.0,541000.0,planted,4.222365988909427
VN.ADM1.00021,rice_paddy,2001,2188000.0,550600.0,planted,3.9738467126770796
VN.ADM1.00021,rice_paddy,2002,2578400.0,575900.0,planted,4.477166174683105
VN.ADM1.00021,rice_paddy,2003,2489600.0,563100.0,planted,4.4212395666844255
VN.ADM1.00021,rice_paddy,2004,2739800.0,570300.0,planted,4.80413817289146
VN.ADM1.00021,rice_paddy,2005,2944300.0,595800.0,planted,4.94175897952333
VN.ADM1.00021,rice_paddy,2006,2744300.0,595100.0,planted,4.611493866577046
VN.ADM1.00021,rice_paddy,2007,2977300.0,582900.0,planted,5.107737176188025
VN.ADM1.00021,rice_paddy,2008,3387200.0,609200.0,planted,5.560078791858174
VN.ADM1.00021,rice_paddy,2009,3397700.0,622100.0,planted,5.461662112200611
VN.ADM1.00021,rice_paddy,2010,3497100.0,642700.0,planted,5.441263419947099
VN.ADM1.00021,rice_paddy,2011,3921100.0,686900.0,planted,5.708400058232639
VN.ADM1.00021,rice_paddy,2012,4287100.0,725100.0,planted,5.912425872293476
VN.ADM1.00021,rice_paddy,2013,4471800.0,770400.0,planted,5.804517133956386
VN.ADM1.00021,rice_paddy,2014,4532200.0,753600.0,planted,6.014065817409766
VN.ADM1.00021,rice_paddy,2015,4643000.0,769500.0,planted,6.033788174139051
VN.ADM1.00021,rice_paddy,2016,4161500.0,765900.0,planted,5.4334769552160855
VN.ADM1.00021,rice_paddy,2017,4058800.0,735300.0,planted,5.519923840609275
VN.ADM1.00021,rice_paddy,2018,4267400.0,728400.0,planted,5.858594179022515
VN.ADM1.00021,rice_paddy,2019,4291500.0,722100.0,planted,5.943082675529705
VN.ADM1.00021,rice_paddy,2020,4528500.0,725800.0,planted,6.239322127307799
VN.ADM1.00021,rice_paddy,2021,4516600.0,715700.0,planted,6.310744725443621
VN.ADM1.00021,rice_paddy,2022,4405400.0,699800.0,planted,6.2952272077736495
VN.ADM1.00021,rice_paddy,2023,4561900.0,712800.0,planted,6.399971941638609
VN.ADM1.00022,rice_paddy,1980,60700.0,34300.0,planted,1.7696793002915452
VN.ADM1.00022,rice_paddy,1981,71500.0,36900.0,planted,1.937669376693767
VN.ADM1.00022,rice_paddy,1982,73100.0,38500.0,planted,1.8987012987012988
VN.ADM1.00022,rice_paddy,1983,80600.0,40000.0,planted,2.015
VN.ADM1.00022,rice_paddy,1984,81100.0,40700.0,planted,1.9926289926289926
VN.ADM1.00022,rice_paddy,1985,82800.0,41700.0,planted,1.985611510791367
VN.ADM1.00022,rice_paddy,1986,82400.0,41100.0,planted,2.004866180048662
VN.ADM1.00022,rice_paddy,1987,78600.0,44000.0,planted,1.7863636363636364
VN.ADM1.00022,rice_paddy,1988,91300.0,46200.0,planted,1.9761904761904763
VN.ADM1.00022,rice_paddy,1989,93100.0,46500.0,planted,2.0021505376344084
VN.ADM1.00022,rice_paddy,1990,69100.0,48000.0,planted,1.4395833333333334
VN.ADM1.00022,rice_paddy,1991,88800.0,47600.0,planted,1.865546218487395
VN.ADM1.00022,rice_paddy,1992,93500.0,47800.0,planted,1.9560669456066946
VN.ADM1.00022,rice_paddy,1993,100900.0,48700.0,planted,2.0718685831622174
VN.ADM1.00022,rice_paddy,1994,100800.0,48800.0,planted,2.0655737704918034
VN.ADM1.00022,rice_paddy,1995,100800.0,47400.0,planted,2.1265822784810124
VN.ADM1.00022,rice_paddy,1996,98300.0,48200.0,planted,2.0394190871369293
VN.ADM1.00022,rice_paddy,1997,106100.0,45600.0,planted,2.3267543859649122
VN.ADM1.00022,rice_paddy,1998,107000.0,46100.0,planted,2.3210412147505424
VN.ADM1.00022,rice_paddy,1999,122600.0,49500.0,planted,2.4767676767676767
VN.ADM1.00022,rice_paddy,2000,131600.0,51900.0,planted,2.535645472061657
VN.ADM1.00022,rice_paddy,2001,139600.0,54700.0,planted,2.5521023765996342
VN.ADM1.00022,rice_paddy,2002,141600.0,55700.0,planted,2.5421903052064634
VN.ADM1.00022,rice_paddy,2003,154700.0,56100.0,planted,2.757575757575758
VN.ADM1.00022,rice_paddy,2004,206400.0,68200.0,planted,3.026392961876833
VN.ADM1.00022,rice_paddy,2005,220300.0,70500.0,planted,3.124822695035461
VN.ADM1.00022,rice_paddy,2006,232400.0,71500.0,planted,3.2503496503496505
VN.ADM1.00022,rice_paddy,2007,231400.0,72400.0,planted,3.196132596685083
VN.ADM1.00022,rice_paddy,2008,243100.0,73800.0,planted,3.294037940379404
VN.ADM1.00022,rice_paddy,2009,258500.0,75100.0,planted,3.4420772303595206
VN.ADM1.00022,rice_paddy,2010,271800.0,76700.0,planted,3.5436766623207303
VN.ADM1.00022,rice_paddy,2011,273400.0,76800.0,planted,3.5598958333333335
VN.ADM1.00022,rice_paddy,2012,277300.0,77100.0,planted,3.59662775616083
VN.ADM1.00022,rice_paddy,2013,287800.0,79300.0,planted,3.629255989911728
VN.ADM1.00022,rice_paddy,2014,298300.0,79800.0,planted,3.738095238095238
VN.ADM1.00022,rice_paddy,2015,307600.0,80300.0,planted,3.8306351183063514
VN.ADM1.00022,rice_paddy,2016,311800.0,81500.0,planted,3.8257668711656443
VN.ADM1.00022,rice_paddy,2017,323800.0,83100.0,planted,3.8965102286401927
VN.ADM1.00022,rice_paddy,2018,329100.0,83400.0,planted,3.946043165467626
VN.ADM1.00022,rice_paddy,2019,336800.0,84600.0,planted,3.9810874704491725
VN.ADM1.00022,rice_paddy,2020,339600.0,85100.0,planted,3.990599294947121
VN.ADM1.00022,rice_paddy,2021,352200.0,86100.0,planted,4.090592334494773
VN.ADM1.00022,rice_paddy,2022,360000.0,87100.0,planted,4.133180252583237
VN.ADM1.00022,rice_paddy,2023,364000.0,87000.0,planted,4.183908045977011
VN.ADM1.00023,rice_paddy,1980,43600.0,24600.0,planted,1.7723577235772359
VN.ADM1.00023,rice_paddy,1981,43600.0,25100.0,planted,1.7370517928286853
VN.ADM1.00023,rice_paddy,1982,47600.0,26800.0,planted,1.7761194029850746
VN.ADM1.00023,rice_paddy,1983,50300.0,26100.0,planted,1.9272030651340997
VN.ADM1.00023,rice_paddy,1984,65800.0,28900.0,planted,2.2768166089965396
VN.ADM1.00023,rice_paddy,1985,67400.0,27500.0,planted,2.4509090909090907
VN.ADM1.00023,rice_paddy,1986,68600.0,28200.0,planted,2.4326241134751774
VN.ADM1.00023,rice_paddy,1987,74700.0,29800.0,planted,2.5067114093959733
VN.ADM1.00023,rice_paddy,1988,79100.0,32500.0,planted,2.433846153846154
VN.ADM1.00023,rice_paddy,1989,79000.0,30400.0,planted,2.598684210526316
VN.ADM1.00023,rice_paddy,1990,70900.0,29000.0,planted,2.4448275862068964
VN.ADM1.00023,rice_paddy,1991,84300.0,32600.0,planted,2.585889570552147
VN.ADM1.00023,rice_paddy,1992,84300.0,35000.0,planted,2.4085714285714284
VN.ADM1.00023,rice_paddy,1993,82600.0,35000.0,planted,2.36
VN.ADM1.00023,rice_paddy,1994,81500.0,32900.0,planted,2.477203647416413
VN.ADM1.00023,rice_paddy,1995,80800.0,30100.0,planted,2.6843853820598005
VN.ADM1.00023,rice_paddy,1996,67700.0,21400.0,planted,3.163551401869159
VN.ADM1.00023,rice_paddy,1997,96400.0,31600.0,planted,3.050632911392405
VN.ADM1.00023,rice_paddy,1998,94900.0,31400.0,planted,3.022292993630573
VN.ADM1.00023,rice_paddy,1999,98700.0,31800.0,planted,3.1037735849056602
VN.ADM1.00023,rice_paddy,2000,102100.0,32700.0,planted,3.1223241590214066
VN.ADM1.00023,rice_paddy,2001,116600.0,32500.0,planted,3.5876923076923077
VN.ADM1.00023,rice_paddy,2002,101800.0,33600.0,planted,3.0297619047619047
VN.ADM1.00023,rice_paddy,2003,129200.0,34800.0,planted,3.7126436781609193
VN.ADM1.00023,rice_paddy,2004,138600.0,35300.0,planted,3.9263456090651556
VN.ADM1.00023,rice_paddy,2005,129700.0,33800.0,planted,3.837278106508876
VN.ADM1.00023,rice_paddy,2006,103700.0,32700.0,planted,3.1712538226299696
VN.ADM1.00023,rice_paddy,2007,139200.0,32800.0,planted,4.2439024390243905
VN.ADM1.00023,rice_paddy,2008,143600.0,32200.0,planted,4.459627329192546
VN.ADM1.00023,rice_paddy,2009,150700.0,33400.0,planted,4.5119760479041915
VN.ADM1.00023,rice_paddy,2010,141800.0,33800.0,planted,4.195266272189349
VN.ADM1.00023,rice_paddy,2011,158200.0,34300.0,planted,4.612244897959184
VN.ADM1.00023,rice_paddy,2012,163200.0,33300.0,planted,4.900900900900901
VN.ADM1.00023,rice_paddy,2013,156300.0,32400.0,planted,4.824074074074074
VN.ADM1.00023,rice_paddy,2014,158000.0,32000.0,planted,4.9375
VN.ADM1.00023,rice_paddy,2015,156200.0,31900.0,planted,4.896551724137931
VN.ADM1.00023,rice_paddy,2016,145400.0,30000.0,planted,4.846666666666667
VN.ADM1.00023,rice_paddy,2017,151500.0,30300.0,planted,5.0
VN.ADM1.00023,rice_paddy,2018,149900.0,28700.0,planted,5.2229965156794425
VN.ADM1.00023,rice_paddy,2019,147300.0,28200.0,planted,5.223404255319149
VN.ADM1.00023,rice_paddy,2020,144500.0,27600.0,planted,5.2355072463768115
VN.ADM1.00023,rice_paddy,2021,146900.0,27200.0,planted,5.400735294117647
VN.ADM1.00023,rice_paddy,2022,142500.0,26300.0,planted,5.418250950570342
VN.ADM1.00023,rice_paddy,2023,137200.0,25300.0,planted,5.4229249011857705
VN.ADM1.00024,rice_paddy,1980,79300.0,40900.0,planted,1.938875305623472
VN.ADM1.00024,rice_paddy,1981,71500.0,42900.0,planted,1.6666666666666667
VN.ADM1.00024,rice_paddy,1982,98900.0,42300.0,planted,2.33806146572104
VN.ADM1.00024,rice_paddy,1983,99100.0,42800.0,planted,2.3154205607476634
VN.ADM1.00024,rice_paddy,1984,91200.0,44600.0,planted,2.0448430493273544
VN.ADM1.00024,rice_paddy,1985,102800.0,45200.0,planted,2.274336283185841
VN.ADM1.00024,rice_paddy,1986,101400.0,46100.0,planted,2.1995661605206074
VN.ADM1.00024,rice_paddy,1987,117600.0,44300.0,planted,2.654627539503386
VN.ADM1.00024,rice_paddy,1988,77600.0,43100.0,planted,1.8004640371229699
VN.ADM1.00024,rice_paddy,1989,125000.0,46700.0,planted,2.6766595289079227
VN.ADM1.00024,rice_paddy,1990,120100.0,46000.0,planted,2.610869565217391
VN.ADM1.00024,rice_paddy,1991,79000.0,44700.0,planted,1.767337807606264
VN.ADM1.00024,rice_paddy,1992,99900.0,43700.0,planted,2.28604118993135
VN.ADM1.00024,rice_paddy,1993,125400.0,45100.0,planted,2.7804878048780486
VN.ADM1.00024,rice_paddy,1994,119900.0,44300.0,planted,2.706546275395034
VN.ADM1.00024,rice_paddy,1995,128500.0,45400.0,planted,2.8303964757709252
VN.ADM1.00024,rice_paddy,1996,132800.0,45800.0,planted,2.8995633187772927
VN.ADM1.00024,rice_paddy,1997,154000.0,47200.0,planted,3.26271186440678
VN.ADM1.00024,rice_paddy,1998,62600.0,46100.0,planted,1.3579175704989155
VN.ADM1.00024,rice_paddy,1999,149300.0,45500.0,planted,3.281318681318681
VN.ADM1.00024,rice_paddy,2000,144700.0,47100.0,planted,3.0721868365180467
VN.ADM1.00024,rice_paddy,2001,179100.0,49100.0,planted,3.6476578411405294
VN.ADM1.00024,rice_paddy,2002,178100.0,47700.0,planted,3.7337526205450735
VN.ADM1.00024,rice_paddy,2003,190700.0,48500.0,planted,3.9319587628865977
VN.ADM1.00024,rice_paddy,2004,191700.0,49400.0,planted,3.880566801619433
VN.ADM1.00024,rice_paddy,2005,198900.0,49500.0,planted,4.0181818181818185
VN.ADM1.00024,rice_paddy,2006,188400.0,48600.0,planted,3.876543209876543
VN.ADM1.00024,rice_paddy,2007,199200.0,49200.0,planted,4.048780487804878
VN.ADM1.00024,rice_paddy,2008,191800.0,49200.0,planted,3.8983739837398375
VN.ADM1.00024,rice_paddy,2009,194100.0,49900.0,planted,3.8897795591182365
VN.ADM1.00024,rice_paddy,2010,198300.0,49600.0,planted,3.997983870967742
VN.ADM1.00024,rice_paddy,2011,169900.0,49600.0,planted,3.4254032258064515
VN.ADM1.00024,rice_paddy,2012,202800.0,50300.0,planted,4.031809145129225
VN.ADM1.00024,rice_paddy,2013,208100.0,50800.0,planted,4.096456692913386
VN.ADM1.00024,rice_paddy,2014,212900.0,50700.0,planted,4.199211045364891
VN.ADM1.00024,rice_paddy,2015,210600.0,49800.0,planted,4.228915662650603
VN.ADM1.00024,rice_paddy,2016,218300.0,50100.0,planted,4.357285429141717
VN.ADM1.00024,rice_paddy,2017,205900.0,49500.0,planted,4.1595959595959595
VN.ADM1.00024,rice_paddy,2018,205300.0,48800.0,planted,4.206967213114754
VN.ADM1.00024,rice_paddy,2019,203900.0,48400.0,planted,4.212809917355372
VN.ADM1.00024,rice_paddy,2020,206900.0,48100.0,planted,4.301455301455301
VN.ADM1.00024,rice_paddy,2021,203200.0,47200.0,planted,4.305084745762712
VN.ADM1.00024,rice_paddy,2022,213500.0,48100.0,planted,4.4386694386694385
VN.ADM1.00024,rice_paddy,2023,215400.0,47800.0,planted,4.506276150627615
VN.ADM1.00025,rice_paddy,1980,409000.0,197200.0,planted,2.0740365111561867
VN.ADM1.00025,rice_paddy,1981,371900.0,180300.0,planted,2.06267332224071
VN.ADM1.00025,rice_paddy,1982,393100.0,176400.0,planted,2.2284580498866213
VN.ADM1.00025,rice_paddy,1983,495300.0,184500.0,planted,2.6845528455284553
VN.ADM1.00025,rice_paddy,1984,458000.0,188400.0,planted,2.4309978768577496
VN.ADM1.00025,rice_paddy,1985,549800.0,204100.0,planted,2.693777560019598
VN.ADM1.00025,rice_paddy,1986,697200.0,229500.0,planted,3.037908496732026
VN.ADM1.00025,rice_paddy,1987,662500.0,223800.0,planted,2.960232350312779
VN.ADM1.00025,rice_paddy,1988,776900.0,256600.0,planted,3.0276695245518317
VN.ADM1.00025,rice_paddy,1989,882300.0,265300.0,planted,3.325669053901244
VN.ADM1.00025,rice_paddy,1990,833900.0,290700.0,planted,2.86859305125559
VN.ADM1.00025,rice_paddy,1991,974800.0,313100.0,planted,3.1133823059725327
VN.ADM1.00025,rice_paddy,1992,837200.0,331100.0,planted,2.528541226215645
VN.ADM1.00025,rice_paddy,1993,921800.0,313900.0,planted,2.936604014017203
VN.ADM1.00025,rice_paddy,1994,993900.0,320400.0,planted,3.102059925093633
VN.ADM1.00025,rice_paddy,1995,1015800.0,325700.0,planted,3.118821000921093
VN.ADM1.00025,rice_paddy,1996,1181200.0,371300.0,planted,3.1812550498249395
VN.ADM1.00025,rice_paddy,1997,1240600.0,374500.0,planted,3.312683578104139
VN.ADM1.00025,rice_paddy,1998,1400500.0,400100.0,planted,3.5003749062734317
VN.ADM1.00025,rice_paddy,1999,1522800.0,441200.0,planted,3.4514959202175883
VN.ADM1.00025,rice_paddy,2000,1573300.0,453100.0,planted,3.472301920105937
VN.ADM1.00025,rice_paddy,2001,1626200.0,440900.0,planted,3.688364708550692
VN.ADM1.00025,rice_paddy,2002,1738600.0,433300.0,planted,4.012462497115163
VN.ADM1.00025,rice_paddy,2003,1772800.0,424100.0,planted,4.180146191935864
VN.ADM1.00025,rice_paddy,2004,1902700.0,433400.0,planted,4.3901707429626216
VN.ADM1.00025,rice_paddy,2005,1934200.0,429300.0,planted,4.505474027486606
VN.ADM1.00025,rice_paddy,2006,1769400.0,433200.0,planted,4.084487534626039
VN.ADM1.00025,rice_paddy,2007,1950600.0,428400.0,planted,4.553221288515406
VN.ADM1.00025,rice_paddy,2008,2178100.0,457000.0,planted,4.766083150984683
VN.ADM1.00025,rice_paddy,2009,2158600.0,463600.0,planted,4.656169111302847
VN.ADM1.00025,rice_paddy,2010,2304800.0,471100.0,planted,4.8923795372532375
VN.ADM1.00025,rice_paddy,2011,2550700.0,484200.0,planted,5.267864518793886
VN.ADM1.00025,rice_paddy,2012,2663500.0,499600.0,planted,5.331265012009608
VN.ADM1.00025,rice_paddy,2013,2816100.0,527700.0,planted,5.3365548607163165
VN.ADM1.00025,rice_paddy,2014,2860600.0,519200.0,planted,5.509630200308166
VN.ADM1.00025,rice_paddy,2015,2918700.0,522900.0,planted,5.581755593803787
VN.ADM1.00025,rice_paddy,2016,2802200.0,527400.0,planted,5.3132347364429275
VN.ADM1.00025,rice_paddy,2017,2643200.0,526700.0,planted,5.0184165559141825
VN.ADM1.00025,rice_paddy,2018,2802700.0,511300.0,planted,5.481517699980442
VN.ADM1.00025,rice_paddy,2019,2774900.0,506300.0,planted,5.480742642701955
VN.ADM1.00025,rice_paddy,2020,2830200.0,502600.0,planted,5.631118185435734
VN.ADM1.00025,rice_paddy,2021,2925600.0,511300.0,planted,5.721885390181889
VN.ADM1.00025,rice_paddy,2022,2861100.0,509000.0,planted,5.621021611001964
VN.ADM1.00025,rice_paddy,2023,3081000.0,516300.0,planted,5.967460778617083
VN.ADM1.00026,rice_paddy,1996,1151400.0,340900.0,planted,3.3775300674684656
VN.ADM1.00026,rice_paddy,1997,1066900.0,372900.0,planted,2.861088763743631
VN.ADM1.00026,rice_paddy,1998,1395100.0,404700.0,planted,3.4472448727452436
VN.ADM1.00026,rice_paddy,1999,1648500.0,449700.0,planted,3.6657771847898597
VN.ADM1.00026,rice_paddy,2000,1744000.0,465500.0,planted,3.7465091299677766
VN.ADM1.00026,rice_paddy,2001,1145400.0,309600.0,planted,3.699612403100775
VN.ADM1.00026,rice_paddy,2002,1114600.0,300300.0,planted,3.711621711621712
VN.ADM1.00026,rice_paddy,2003,980800.0,257400.0,planted,3.8104118104118103
VN.ADM1.00026,rice_paddy,2004,1018500.0,268900.0,planted,3.7876534027519524
VN.ADM1.00026,rice_paddy,2005,1048400.0,250900.0,planted,4.178557194101235
VN.ADM1.00026,rice_paddy,2006,1080500.0,259500.0,planted,4.163776493256262
VN.ADM1.00026,rice_paddy,2007,1112400.0,273000.0,planted,4.0747252747252745
VN.ADM1.00026,rice_paddy,2008,1247200.0,287900.0,planted,4.332059742966308
VN.ADM1.00026,rice_paddy,2009,1323800.0,305500.0,planted,4.333224222585924
VN.ADM1.00026,rice_paddy,2010,1307800.0,283800.0,planted,4.608174770965468
VN.ADM1.00026,rice_paddy,2011,1449300.0,294500.0,planted,4.921222410865874
VN.ADM1.00026,rice_paddy,2012,1542700.0,307900.0,planted,5.0103929847353035
VN.ADM1.00026,rice_paddy,2013,1584400.0,311600.0,planted,5.084724005134788
VN.ADM1.00026,rice_paddy,2014,1589000.0,307600.0,planted,5.165799739921977
VN.ADM1.00026,rice_paddy,2015,1510600.0,304000.0,planted,4.969078947368421
VN.ADM1.00026,rice_paddy,2016,1445100.0,284500.0,planted,5.079437609841828
VN.ADM1.00026,rice_paddy,2017,1510900.0,293700.0,planted,5.144364998297583
VN.ADM1.00026,rice_paddy,2018,1646000.0,302400.0,planted,5.443121693121693
VN.ADM1.00026,rice_paddy,2019,1673100.0,303800.0,planted,5.507241606319948
VN.ADM1.00026,rice_paddy,2020,1618100.0,300000.0,planted,5.393666666666666
VN.ADM1.00026,rice_paddy,2021,1685400.0,291100.0,planted,5.789762968052216
VN.ADM1.00026,rice_paddy,2022,1741800.0,299900.0,planted,5.807935978659553
VN.ADM1.00026,rice_paddy,2023,1807400.0,302900.0,planted,5.966985803895676
VN.ADM1.00027,rice_paddy,1980,423500.0,293000.0,planted,1.4453924914675769
VN.ADM1.00027,rice_paddy,1981,505400.0,305900.0,planted,1.6521739130434783
VN.ADM1.00027,rice_paddy,1982,547500.0,301600.0,planted,1.8153183023872679
VN.ADM1.00027,rice_paddy,1983,574600.0,304900.0,planted,1.8845523122335193
VN.ADM1.00027,rice_paddy,1984,639900.0,303300.0,planted,2.1097922848664687
VN.ADM1.00027,rice_paddy,1991,627600.0,292600.0,planted,2.144907723855092
VN.ADM1.00027,rice_paddy,1992,714700.0,300100.0,planted,2.381539486837721
VN.ADM1.00027,rice_paddy,1993,711700.0,292200.0,planted,2.4356605065023955
VN.ADM1.00027,rice_paddy,1994,837700.0,294100.0,planted,2.8483509010540633
VN.ADM1.00027,rice_paddy,1995,880900.0,295400.0,planted,2.9820582261340554
VN.ADM1.00027,rice_paddy,1996,845400.0,293300.0,planted,2.8823729969314695
VN.ADM1.00027,rice_paddy,1997,1015300.0,297200.0,planted,3.4162180349932707
VN.ADM1.00027,rice_paddy,1998,913700.0,286800.0,planted,3.1858437935843793
VN.ADM1.00027,rice_paddy,1999,1012100.0,282400.0,planted,3.5839235127478752
VN.ADM1.00027,rice_paddy,2000,1149300.0,294100.0,planted,3.907854471268276
VN.ADM1.00027,rice_paddy,2001,1195200.0,297400.0,planted,4.018829858776059
VN.ADM1.00027,rice_paddy,2002,1282600.0,296400.0,planted,4.327260458839406
VN.ADM1.00027,rice_paddy,2003,1302700.0,291900.0,planted,4.462829736211031
VN.ADM1.00027,rice_paddy,2004,1365800.0,284700.0,planted,4.79733052335792
VN.ADM1.00027,rice_paddy,2005,1276300.0,278700.0,planted,4.579476139217797
VN.ADM1.00027,rice_paddy,2006,1388100.0,284000.0,planted,4.887676056338028
VN.ADM1.00027,rice_paddy,2007,1210500.0,282100.0,planted,4.291031549096065
VN.ADM1.00027,rice_paddy,2008,1400800.0,283600.0,planted,4.93935119887165
VN.ADM1.00027,rice_paddy,2009,1366600.0,284900.0,planted,4.796770796770796
VN.ADM1.00027,rice_paddy,2010,1243000.0,282500.0,planted,4.4
VN.ADM1.00027,rice_paddy,2011,1430800.0,285100.0,planted,5.018589968432129
VN.ADM1.00027,rice_paddy,2012,1452100.0,285400.0,planted,5.087946741415557
VN.ADM1.00027,rice_paddy,2013,1409100.0,282900.0,planted,4.980911983032874
VN.ADM1.00027,rice_paddy,2014,1523900.0,289000.0,planted,5.2730103806228374
VN.ADM1.00027,rice_paddy,2015,1500300.0,288300.0,planted,5.203954214360041
VN.ADM1.00027,rice_paddy,2016,1537800.0,289400.0,planted,5.313752591568763
VN.ADM1.00027,rice_paddy,2017,1457900.0,292700.0,planted,4.980867782712675
VN.ADM1.00027,rice_paddy,2018,1544400.0,289200.0,planted,5.340248962655601
VN.ADM1.00027,rice_paddy,2019,1452800.0,285300.0,planted,5.092183666316158
VN.ADM1.00027,rice_paddy,2020,1508400.0,284100.0,planted,5.309398099260823
VN.ADM1.00027,rice_paddy,2021,1623700.0,284400.0,planted,5.709212376933896
VN.ADM1.00027,rice_paddy,2022,1553900.0,277800.0,planted,5.593592512598992
VN.ADM1.00027,rice_paddy,2023,1580800.0,273300.0,planted,5.784120014635931
VN.ADM1.00028,rice_paddy,1980,322100.0,188800.0,planted,1.7060381355932204
VN.ADM1.00028,rice_paddy,1981,407500.0,189900.0,planted,2.1458662453923116
VN.ADM1.00028,rice_paddy,1982,447000.0,186500.0,planted,2.396782841823056
VN.ADM1.00028,rice_paddy,1983,413900.0,182000.0,planted,2.274175824175824
VN.ADM1.00028,rice_paddy,1984,517600.0,196400.0,planted,2.635437881873727
VN.ADM1.00028,rice_paddy,1989,610500.0,204200.0,planted,2.9897159647404505
VN.ADM1.00028,rice_paddy,1990,601400.0,203600.0,planted,2.9538310412573674
VN.ADM1.00028,rice_paddy,1991,716100.0,211500.0,planted,3.3858156028368795
VN.ADM1.00028,rice_paddy,1992,570900.0,214500.0,planted,2.6615384615384614
VN.ADM1.00028,rice_paddy,1993,494800.0,214400.0,planted,2.3078358208955225
VN.ADM1.00028,rice_paddy,1994,673900.0,211400.0,planted,3.1877956480605487
VN.ADM1.00028,rice_paddy,1995,654200.0,206000.0,planted,3.175728155339806
VN.ADM1.00028,rice_paddy,1996,740300.0,213500.0,planted,3.467447306791569
VN.ADM1.00028,rice_paddy,1997,736600.0,212000.0,planted,3.4745283018867923
VN.ADM1.00028,rice_paddy,1998,743600.0,207900.0,planted,3.5767195767195767
VN.ADM1.00028,rice_paddy,1999,839600.0,215300.0,planted,3.8996748722712495
VN.ADM1.00028,rice_paddy,2000,834700.0,213400.0,planted,3.9114339268978444
VN.ADM1.00028,rice_paddy,2001,852000.0,208200.0,planted,4.0922190201729105
VN.ADM1.00028,rice_paddy,2002,846600.0,199700.0,planted,4.239359038557836
VN.ADM1.00028,rice_paddy,2003,923300.0,206100.0,planted,4.4798641436196025
VN.ADM1.00028,rice_paddy,2004,932800.0,200600.0,planted,4.650049850448654
VN.ADM1.00028,rice_paddy,2005,894400.0,186000.0,planted,4.808602150537634
VN.ADM1.00028,rice_paddy,2006,984700.0,196100.0,planted,5.021417644059153
VN.ADM1.00028,rice_paddy,2007,960400.0,186000.0,planted,5.163440860215053
VN.ADM1.00028,rice_paddy,2008,973400.0,188900.0,planted,5.15299100052938
VN.ADM1.00028,rice_paddy,2009,974300.0,186500.0,planted,5.224128686327078
VN.ADM1.00028,rice_paddy,2010,1024400.0,185800.0,planted,5.513455328310011
VN.ADM1.00028,rice_paddy,2011,1029700.0,184900.0,planted,5.568956192536506
VN.ADM1.00028,rice_paddy,2012,1058600.0,184700.0,planted,5.73145641580942
VN.ADM1.00028,rice_paddy,2013,1019100.0,177300.0,planted,5.7478849407783414
VN.ADM1.00028,rice_paddy,2014,1072200.0,180100.0,planted,5.9533592448639645
VN.ADM1.00028,rice_paddy,2015,1085300.0,181400.0,planted,5.9829106945975745
VN.ADM1.00028,rice_paddy,2016,1055200.0,178300.0,planted,5.918115535614134
VN.ADM1.00028,rice_paddy,2017,1105200.0,180600.0,planted,6.119601328903655
VN.ADM1.00028,rice_paddy,2018,1106800.0,178400.0,planted,6.2040358744394615
VN.ADM1.00028,rice_paddy,2019,1074600.0,173400.0,planted,6.197231833910035
VN.ADM1.00028,rice_paddy,2020,1036100.0,165400.0,planted,6.264207980652962
VN.ADM1.00028,rice_paddy,2021,1079700.0,169200.0,planted,6.381205673758865
VN.ADM1.00028,rice_paddy,2022,1067700.0,169400.0,planted,6.302833530106257
VN.ADM1.00028,rice_paddy,2023,1082800.0,167000.0,planted,6.483832335329342
VN.ADM1.00029,rice_paddy,1980,226900.0,86000.0,planted,2.6383720930232557
VN.ADM1.00029,rice_paddy,1981,214100.0,83800.0,planted,2.554892601431981
VN.ADM1.00029,rice_paddy,1982,247000.0,86300.0,planted,2.862108922363847
VN.ADM1.00029,rice_paddy,1983,265800.0,85300.0,planted,3.116060961313013
VN.ADM1.00029,rice_paddy,1984,335300.0,92500.0,planted,3.6248648648648647
VN.ADM1.00029,rice_paddy,1989,385900.0,91800.0,planted,4.203703703703703
VN.ADM1.00029,rice_paddy,1990,394100.0,92700.0,planted,4.251348435814455
VN.ADM1.00029,rice_paddy,1991,383700.0,93800.0,planted,4.090618336886994
VN.ADM1.00029,rice_paddy,1992,370700.0,97000.0,planted,3.8216494845360827
VN.ADM1.00029,rice_paddy,1993,324800.0,96300.0,planted,3.3727933541017654
VN.ADM1.00029,rice_paddy,1994,409700.0,98300.0,planted,4.167853509664293
VN.ADM1.00029,rice_paddy,1995,398600.0,96900.0,planted,4.113519091847265
VN.ADM1.00029,rice_paddy,1996,432600.0,100400.0,planted,4.308764940239044
VN.ADM1.00029,rice_paddy,1997,454400.0,98300.0,planted,4.6225839267548325
VN.ADM1.00029,rice_paddy,1998,437300.0,101900.0,planted,4.291462217860648
VN.ADM1.00029,rice_paddy,1999,465500.0,104400.0,planted,4.458812260536399
VN.ADM1.00029,rice_paddy,2000,464800.0,103400.0,planted,4.4951644100580275
VN.ADM1.00029,rice_paddy,2001,472500.0,105700.0,planted,4.470198675496689
VN.ADM1.00029,rice_paddy,2002,471400.0,101600.0,planted,4.639763779527559
VN.ADM1.00029,rice_paddy,2003,524000.0,105400.0,planted,4.971537001897533
VN.ADM1.00029,rice_paddy,2004,526200.0,105100.0,planted,5.0066603235014275
VN.ADM1.00029,rice_paddy,2005,455800.0,93100.0,planted,4.895810955961332
VN.ADM1.00029,rice_paddy,2006,518300.0,104900.0,planted,4.94089609151573
VN.ADM1.00029,rice_paddy,2007,515800.0,97700.0,planted,5.27942681678608
VN.ADM1.00029,rice_paddy,2008,509800.0,102400.0,planted,4.978515625
VN.ADM1.00029,rice_paddy,2009,555000.0,102600.0,planted,5.409356725146199
VN.ADM1.00029,rice_paddy,2010,577800.0,100700.0,planted,5.737835153922542
VN.ADM1.00029,rice_paddy,2011,585400.0,102600.0,planted,5.705653021442495
VN.ADM1.00029,rice_paddy,2012,592500.0,104200.0,planted,5.686180422264875
VN.ADM1.00029,rice_paddy,2013,621800.0,104400.0,planted,5.9559386973180075
VN.ADM1.00029,rice_paddy,2014,626300.0,102600.0,planted,6.104288499025341
VN.ADM1.00029,rice_paddy,2015,577900.0,91400.0,planted,6.322757111597374
VN.ADM1.00029,rice_paddy,2016,603300.0,97400.0,planted,6.194045174537988
VN.ADM1.00029,rice_paddy,2017,629100.0,104400.0,planted,6.025862068965517
VN.ADM1.00029,rice_paddy,2018,653200.0,103200.0,planted,6.329457364341085
VN.ADM1.00029,rice_paddy,2019,632200.0,101000.0,planted,6.25940594059406
VN.ADM1.00029,rice_paddy,2020,582200.0,88200.0,planted,6.600907029478458
VN.ADM1.00029,rice_paddy,2021,662800.0,100400.0,planted,6.601593625498008
VN.ADM1.00029,rice_paddy,2022,619400.0,98800.0,planted,6.269230769230769
VN.ADM1.00029,rice_paddy,2023,652700.0,100300.0,planted,6.507477567298106
VN.ADM1.00030,rice_paddy,1980,310900.0,123300.0,planted,2.521492295214923
VN.ADM1.00030,rice_paddy,1981,332200.0,122900.0,planted,2.7030105777054514
VN.ADM1.00030,rice_paddy,1982,363400.0,123600.0,planted,2.940129449838188
VN.ADM1.00030,rice_paddy,1983,373800.0,125600.0,planted,2.9761146496815285
VN.ADM1.00030,rice_paddy,1984,378700.0,121500.0,planted,3.116872427983539
VN.ADM1.00030,rice_paddy,1995,362200.0,119600.0,planted,3.028428093645485
VN.ADM1.00030,rice_paddy,1996,393900.0,119300.0,planted,3.3017602682313494
VN.ADM1.00030,rice_paddy,1997,388900.0,119400.0,planted,3.2571189279731994
VN.ADM1.00030,rice_paddy,1998,383600.0,114800.0,planted,3.341463414634146
VN.ADM1.00030,rice_paddy,1999,398600.0,115100.0,planted,3.463075586446568
VN.ADM1.00030,rice_paddy,2000,382100.0,105700.0,planted,3.6149479659413433
VN.ADM1.00030,rice_paddy,2001,382600.0,100100.0,planted,3.822177822177822
VN.ADM1.00030,rice_paddy,2002,393000.0,98200.0,planted,4.002036659877801
VN.ADM1.00030,rice_paddy,2003,430900.0,96800.0,planted,4.4514462809917354
VN.ADM1.00030,rice_paddy,2004,431800.0,95400.0,planted,4.526205450733753
VN.ADM1.00030,rice_paddy,2005,408700.0,92400.0,planted,4.4231601731601735
VN.ADM1.00030,rice_paddy,2006,431400.0,91700.0,planted,4.704471101417666
VN.ADM1.00030,rice_paddy,2007,440300.0,92100.0,planted,4.780673181324647
VN.ADM1.00030,rice_paddy,2008,423200.0,93900.0,planted,4.50692225772098
VN.ADM1.00030,rice_paddy,2009,436400.0,94400.0,planted,4.622881355932203
VN.ADM1.00030,rice_paddy,2010,453800.0,92600.0,planted,4.9006479481641465
VN.ADM1.00030,rice_paddy,2011,452300.0,94200.0,planted,4.801486199575372
VN.ADM1.00030,rice_paddy,2012,482600.0,94500.0,planted,5.106878306878307
VN.ADM1.00030,rice_paddy,2013,471600.0,93300.0,planted,5.054662379421222
VN.ADM1.00030,rice_paddy,2014,500800.0,92900.0,planted,5.390742734122712
VN.ADM1.00030,rice_paddy,2015,492800.0,93900.0,planted,5.248136315228967
VN.ADM1.00030,rice_paddy,2016,473900.0,92100.0,planted,5.145494028230185
VN.ADM1.00030,rice_paddy,2017,492500.0,92000.0,planted,5.353260869565218
VN.ADM1.00030,rice_paddy,2018,494600.0,91400.0,planted,5.411378555798687
VN.ADM1.00030,rice_paddy,2019,483100.0,90000.0,planted,5.3677777777777775
VN.ADM1.00030,rice_paddy,2020,482400.0,88300.0,planted,5.463193657984145
VN.ADM1.00030,rice_paddy,2021,494200.0,87300.0,planted,5.6609392898052695
VN.ADM1.00030,rice_paddy,2022,465500.0,88000.0,planted,5.2897727272727275
VN.ADM1.00030,rice_paddy,2023,495800.0,87400.0,planted,5.672768878718536
VN.ADM1.00031,rice_paddy,1980,127400.0,38800.0,planted,3.283505154639175
VN.ADM1.00031,rice_paddy,1981,66100.0,40600.0,planted,1.6280788177339902
VN.ADM1.00031,rice_paddy,1982,80000.0,41600.0,planted,1.9230769230769231
VN.ADM1.00031,rice_paddy,1983,88800.0,41800.0,planted,2.124401913875598
VN.ADM1.00031,rice_paddy,1984,91300.0,41000.0,planted,2.226829268292683
VN.ADM1.00031,rice_paddy,1985,101500.0,42800.0,planted,2.371495327102804
VN.ADM1.00031,rice_paddy,1986,98600.0,42300.0,planted,2.33096926713948
VN.ADM1.00031,rice_paddy,1987,94600.0,42600.0,planted,2.220657276995305
VN.ADM1.00031,rice_paddy,1988,97900.0,42700.0,planted,2.2927400468384076
VN.ADM1.00031,rice_paddy,1989,107300.0,43600.0,planted,2.4610091743119265
VN.ADM1.00031,rice_paddy,1990,110900.0,44900.0,planted,2.469933184855234
VN.ADM1.00031,rice_paddy,1991,91100.0,45300.0,planted,2.011037527593819
VN.ADM1.00031,rice_paddy,1992,123900.0,45200.0,planted,2.7411504424778763
VN.ADM1.00031,rice_paddy,1993,130200.0,45800.0,planted,2.8427947598253276
VN.ADM1.00031,rice_paddy,1994,123200.0,45900.0,planted,2.684095860566449
VN.ADM1.00031,rice_paddy,1995,116700.0,45100.0,planted,2.587583148558758
VN.ADM1.00031,rice_paddy,1996,134900.0,46200.0,planted,2.91991341991342
VN.ADM1.00031,rice_paddy,1997,145800.0,47300.0,planted,3.0824524312896404
VN.ADM1.00031,rice_paddy,1998,152400.0,47200.0,planted,3.2288135593220337
VN.ADM1.00031,rice_paddy,1999,160000.0,47100.0,planted,3.397027600849257
VN.ADM1.00031,rice_paddy,2000,176000.0,48400.0,planted,3.6363636363636362
VN.ADM1.00031,rice_paddy,2001,185900.0,48800.0,planted,3.8094262295081966
VN.ADM1.00031,rice_paddy,2002,199500.0,49200.0,planted,4.054878048780488
VN.ADM1.00031,rice_paddy,2003,214200.0,49200.0,planted,4.353658536585366
VN.ADM1.00031,rice_paddy,2004,215900.0,48400.0,planted,4.460743801652892
VN.ADM1.00031,rice_paddy,2005,214900.0,47200.0,planted,4.552966101694915
VN.ADM1.00031,rice_paddy,2006,202600.0,47200.0,planted,4.2923728813559325
VN.ADM1.00031,rice_paddy,2007,209200.0,46400.0,planted,4.508620689655173
VN.ADM1.00031,rice_paddy,2008,204100.0,45600.0,planted,4.475877192982456
VN.ADM1.00031,rice_paddy,2009,203300.0,45000.0,planted,4.517777777777778
VN.ADM1.00031,rice_paddy,2010,208600.0,44700.0,planted,4.666666666666667
VN.ADM1.00031,rice_paddy,2011,212600.0,43900.0,planted,4.842824601366742
VN.ADM1.00031,rice_paddy,2012,216500.0,43600.0,planted,4.965596330275229
VN.ADM1.00031,rice_paddy,2013,210400.0,43000.0,planted,4.8930232558139535
VN.ADM1.00031,rice_paddy,2014,211300.0,43100.0,planted,4.9025522041763345
VN.ADM1.00031,rice_paddy,2015,211900.0,42500.0,planted,4.985882352941177
VN.ADM1.00031,rice_paddy,2016,211800.0,42300.0,planted,5.00709219858156
VN.ADM1.00031,rice_paddy,2017,195900.0,41600.0,planted,4.709134615384615
VN.ADM1.00031,rice_paddy,2018,208600.0,41100.0,planted,5.075425790754258
VN.ADM1.00031,rice_paddy,2019,203400.0,40200.0,planted,5.059701492537314
VN.ADM1.00031,rice_paddy,2020,201800.0,39100.0,planted,5.161125319693094
VN.ADM1.00031,rice_paddy,2021,199800.0,38500.0,planted,5.189610389610389
VN.ADM1.00031,rice_paddy,2022,194300.0,37400.0,planted,5.195187165775401
VN.ADM1.00031,rice_paddy,2023,190200.0,36800.0,planted,5.168478260869565
VN.ADM1.00032,rice_paddy,1980,66900.0,47400.0,planted,1.4113924050632911
VN.ADM1.00032,rice_paddy,1981,84000.0,53900.0,planted,1.5584415584415585
VN.ADM1.00032,rice_paddy,1982,85700.0,54100.0,planted,1.5841035120147875
VN.ADM1.00032,rice_paddy,1983,88000.0,53300.0,planted,1.6510318949343339
VN.ADM1.00032,rice_paddy,1984,93000.0,55700.0,planted,1.6696588868940754
VN.ADM1.00032,rice_paddy,1985,87100.0,55900.0,planted,1.558139534883721
VN.ADM1.00032,rice_paddy,1986,81800.0,55200.0,planted,1.4818840579710144
VN.ADM1.00032,rice_paddy,1987,69600.0,47600.0,planted,1.4621848739495797
VN.ADM1.00032,rice_paddy,1988,84000.0,48700.0,planted,1.7248459958932238
VN.ADM1.00032,rice_paddy,1989,90300.0,49100.0,planted,1.8391038696537678
VN.ADM1.00032,rice_paddy,1990,72800.0,49800.0,planted,1.461847389558233
VN.ADM1.00032,rice_paddy,1991,83500.0,50900.0,planted,1.6404715127701375
VN.ADM1.00032,rice_paddy,1992,73500.0,48400.0,planted,1.5185950413223142
VN.ADM1.00032,rice_paddy,1993,89200.0,45400.0,planted,1.9647577092511013
VN.ADM1.00032,rice_paddy,1994,91100.0,43100.0,planted,2.11368909512761
VN.ADM1.00032,rice_paddy,1995,99400.0,43600.0,planted,2.279816513761468
VN.ADM1.00032,rice_paddy,1996,101000.0,44500.0,planted,2.269662921348315
VN.ADM1.00032,rice_paddy,1997,110000.0,44100.0,planted,2.494331065759637
VN.ADM1.00032,rice_paddy,1998,100600.0,43000.0,planted,2.33953488372093
VN.ADM1.00032,rice_paddy,1999,99400.0,41900.0,planted,2.372315035799523
VN.ADM1.00032,rice_paddy,2000,108100.0,41500.0,planted,2.6048192771084335
VN.ADM1.00032,rice_paddy,2001,112100.0,40600.0,planted,2.7610837438423643
VN.ADM1.00032,rice_paddy,2002,119200.0,39400.0,planted,3.0253807106598987
VN.ADM1.00032,rice_paddy,2003,128600.0,38500.0,planted,3.3402597402597403
VN.ADM1.00032,rice_paddy,2004,134100.0,39000.0,planted,3.4384615384615387
VN.ADM1.00032,rice_paddy,2005,128300.0,39000.0,planted,3.2897435897435896
VN.ADM1.00032,rice_paddy,2006,139200.0,39200.0,planted,3.5510204081632653
VN.ADM1.00032,rice_paddy,2007,148800.0,50800.0,planted,2.9291338582677167
VN.ADM1.00032,rice_paddy,2008,148500.0,45600.0,planted,3.2565789473684212
VN.ADM1.00032,rice_paddy,2009,152800.0,45900.0,planted,3.3289760348583877
VN.ADM1.00032,rice_paddy,2010,147100.0,44600.0,planted,3.298206278026906
VN.ADM1.00032,rice_paddy,2011,155800.0,44100.0,planted,3.5328798185941044
VN.ADM1.00032,rice_paddy,2012,162900.0,48200.0,planted,3.379668049792531
VN.ADM1.00032,rice_paddy,2013,181300.0,56700.0,planted,3.197530864197531
VN.ADM1.00032,rice_paddy,2014,183300.0,54300.0,planted,3.3756906077348066
VN.ADM1.00032,rice_paddy,2015,177400.0,52100.0,planted,3.404990403071017
VN.ADM1.00032,rice_paddy,2016,182900.0,51700.0,planted,3.5377176015473886
VN.ADM1.00032,rice_paddy,2017,180000.0,51000.0,planted,3.5294117647058822
VN.ADM1.00032,rice_paddy,2018,184300.0,50600.0,planted,3.642292490118577
VN.ADM1.00032,rice_paddy,2019,189000.0,50800.0,planted,3.720472440944882
VN.ADM1.00032,rice_paddy,2020,199000.0,51600.0,planted,3.856589147286822
VN.ADM1.00032,rice_paddy,2021,206300.0,51200.0,planted,4.029296875
VN.ADM1.00032,rice_paddy,2022,209500.0,50200.0,planted,4.173306772908367
VN.ADM1.00032,rice_paddy,2023,206100.0,48700.0,planted,4.232032854209446
VN.ADM1.00033,rice_paddy,1996,102100.0,48200.0,planted,2.1182572614107884
VN.ADM1.00033,rice_paddy,1997,109200.0,49700.0,planted,2.1971830985915495
VN.ADM1.00033,rice_paddy,1998,98800.0,45100.0,planted,2.190687361419069
VN.ADM1.00033,rice_paddy,1999,104800.0,44900.0,planted,2.334075723830735
VN.ADM1.00033,rice_paddy,2000,96200.0,40800.0,planted,2.357843137254902
VN.ADM1.00033,rice_paddy,2001,99700.0,38400.0,planted,2.5963541666666665
VN.ADM1.00033,rice_paddy,2002,102100.0,38900.0,planted,2.6246786632390746
VN.ADM1.00033,rice_paddy,2003,106300.0,39000.0,planted,2.7256410256410257
VN.ADM1.00033,rice_paddy,2004,105900.0,38300.0,planted,2.765013054830287
VN.ADM1.00033,rice_paddy,2005,96900.0,33100.0,planted,2.9274924471299095
VN.ADM1.00033,rice_paddy,2006,80700.0,30300.0,planted,2.6633663366336635
VN.ADM1.00033,rice_paddy,2007,84600.0,27300.0,planted,3.098901098901099
VN.ADM1.00033,rice_paddy,2008,81300.0,26000.0,planted,3.126923076923077
VN.ADM1.00033,rice_paddy,2009,83300.0,25200.0,planted,3.3055555555555554
VN.ADM1.00033,rice_paddy,2010,84800.0,24700.0,planted,3.4331983805668016
VN.ADM1.00033,rice_paddy,2011,81400.0,23200.0,planted,3.5086206896551726
VN.ADM1.00033,rice_paddy,2012,85100.0,24200.0,planted,3.5165289256198347
VN.ADM1.00033,rice_paddy,2013,81900.0,22900.0,planted,3.576419213973799
VN.ADM1.00033,rice_paddy,2014,76700.0,21300.0,planted,3.60093896713615
VN.ADM1.00033,rice_paddy,2015,73800.0,20400.0,planted,3.6176470588235294
VN.ADM1.00033,rice_paddy,2016,70000.0,19500.0,planted,3.58974358974359
VN.ADM1.00033,rice_paddy,2017,70200.0,19400.0,planted,3.618556701030928
VN.ADM1.00033,rice_paddy,2018,71700.0,19000.0,planted,3.7736842105263158
VN.ADM1.00033,rice_paddy,2019,68500.0,18200.0,planted,3.7637362637362637
VN.ADM1.00033,rice_paddy,2020,68600.0,17500.0,planted,3.92
VN.ADM1.00033,rice_paddy,2021,64500.0,16600.0,planted,3.8855421686746987
VN.ADM1.00033,rice_paddy,2022,64700.0,16100.0,planted,4.0186335403726705
VN.ADM1.00033,rice_paddy,2023,65400.0,16000.0,planted,4.0875
VN.ADM1.00034,rice_paddy,1980,181100.0,104900.0,planted,1.7264061010486178
VN.ADM1.00034,rice_paddy,1981,147900.0,91600.0,planted,1.6146288209606987
VN.ADM1.00034,rice_paddy,1982,179300.0,97000.0,planted,1.8484536082474228
VN.ADM1.00034,rice_paddy,1983,196900.0,93700.0,planted,2.1013874066168623
VN.ADM1.00034,rice_paddy,1984,172100.0,87900.0,planted,1.9579067121729237
VN.ADM1.00034,rice_paddy,1985,185000.0,87000.0,planted,2.1264367816091956
VN.ADM1.00034,rice_paddy,1986,198600.0,91900.0,planted,2.161044613710555
VN.ADM1.00034,rice_paddy,1987,171500.0,86800.0,planted,1.9758064516129032
VN.ADM1.00034,rice_paddy,1988,206500.0,95600.0,planted,2.160041841004184
VN.ADM1.00034,rice_paddy,1989,213500.0,94400.0,planted,2.2616525423728815
VN.ADM1.00034,rice_paddy,1990,217000.0,93200.0,planted,2.328326180257511
VN.ADM1.00034,rice_paddy,1991,235700.0,83900.0,planted,2.8092967818831944
VN.ADM1.00034,rice_paddy,1992,201100.0,104200.0,planted,1.9299424184261036
VN.ADM1.00034,rice_paddy,1993,255000.0,106900.0,planted,2.3854069223573435
VN.ADM1.00034,rice_paddy,1994,315800.0,124700.0,planted,2.5324779470729752
VN.ADM1.00034,rice_paddy,1995,307900.0,127300.0,planted,2.4186959937156325
VN.ADM1.00034,rice_paddy,1996,370200.0,142800.0,planted,2.592436974789916
VN.ADM1.00034,rice_paddy,1997,391600.0,139300.0,planted,2.8111988513998565
VN.ADM1.00034,rice_paddy,1998,394400.0,141400.0,planted,2.789250353606789
VN.ADM1.00034,rice_paddy,1999,507300.0,169500.0,planted,2.992920353982301
VN.ADM1.00034,rice_paddy,2000,530300.0,174000.0,planted,3.0477011494252872
VN.ADM1.00034,rice_paddy,2001,538200.0,167300.0,planted,3.2169754931261205
VN.ADM1.00034,rice_paddy,2002,576400.0,165600.0,planted,3.4806763285024154
VN.ADM1.00034,rice_paddy,2003,626400.0,168300.0,planted,3.72192513368984
VN.ADM1.00034,rice_paddy,2004,642000.0,162800.0,planted,3.9434889434889433
VN.ADM1.00034,rice_paddy,2005,585500.0,144600.0,planted,4.049100968188105
VN.ADM1.00034,rice_paddy,2006,594400.0,137900.0,planted,4.310369833212473
VN.ADM1.00034,rice_paddy,2007,640600.0,142500.0,planted,4.495438596491228
VN.ADM1.00034,rice_paddy,2008,705300.0,152200.0,planted,4.634034165571617
VN.ADM1.00034,rice_paddy,2009,717800.0,154400.0,planted,4.648963730569948
VN.ADM1.00034,rice_paddy,2010,738800.0,154200.0,planted,4.791180285343709
VN.ADM1.00034,rice_paddy,2011,762400.0,155500.0,planted,4.902893890675241
VN.ADM1.00034,rice_paddy,2012,778100.0,155300.0,planted,5.010302640051513
VN.ADM1.00034,rice_paddy,2013,742300.0,146300.0,planted,5.073820915926179
VN.ADM1.00034,rice_paddy,2014,740900.0,142200.0,planted,5.210267229254571
VN.ADM1.00034,rice_paddy,2015,760800.0,144500.0,planted,5.265051903114187
VN.ADM1.00034,rice_paddy,2016,760000.0,144600.0,planted,5.255878284923928
VN.ADM1.00034,rice_paddy,2017,788900.0,147900.0,planted,5.334009465855307
VN.ADM1.00034,rice_paddy,2018,812900.0,149500.0,planted,5.437458193979933
VN.ADM1.00034,rice_paddy,2019,806700.0,149100.0,planted,5.410462776659959
VN.ADM1.00034,rice_paddy,2020,798800.0,147700.0,planted,5.408259986459038
VN.ADM1.00034,rice_paddy,2021,809400.0,147900.0,planted,5.47261663286004
VN.ADM1.00034,rice_paddy,2022,808900.0,147700.0,planted,5.476641841570752
VN.ADM1.00034,rice_paddy,2023,821000.0,148700.0,planted,5.521183591123067
VN.ADM1.00035,rice_paddy,1980,396300.0,146900.0,planted,2.6977535738597687
VN.ADM1.00035,rice_paddy,1981,490100.0,158000.0,planted,3.1018987341772153
VN.ADM1.00035,rice_paddy,1982,535600.0,158100.0,planted,3.387729285262492
VN.ADM1.00035,rice_paddy,1983,507900.0,157900.0,planted,3.2165927802406586
VN.ADM1.00035,rice_paddy,1984,511600.0,157000.0,planted,3.25859872611465
VN.ADM1.00035,rice_paddy,1985,544600.0,157700.0,planted,3.4533925174381737
VN.ADM1.00035,rice_paddy,1986,441800.0,156600.0,planted,2.8212005108556832
VN.ADM1.00035,rice_paddy,1987,521300.0,157100.0,planted,3.3182686187141948
VN.ADM1.00035,rice_paddy,1988,651200.0,159800.0,planted,4.075093867334168
VN.ADM1.00035,rice_paddy,1989,719100.0,162900.0,planted,4.414364640883978
VN.ADM1.00035,rice_paddy,1990,710400.0,164300.0,planted,4.323797930614729
VN.ADM1.00035,rice_paddy,1991,622900.0,165300.0,planted,3.7683000604960677
VN.ADM1.00035,rice_paddy,1992,827100.0,166900.0,planted,4.955662073097663
VN.ADM1.00035,rice_paddy,1993,966700.0,168500.0,planted,5.7370919881305635
VN.ADM1.00035,rice_paddy,1994,875200.0,169100.0,planted,5.175635718509757
VN.ADM1.00035,rice_paddy,1995,939500.0,169400.0,planted,5.546044864226682
VN.ADM1.00035,rice_paddy,1996,975700.0,169800.0,planted,5.7461719670200235
VN.ADM1.00035,rice_paddy,1997,930400.0,170700.0,planted,5.450497949619215
VN.ADM1.00035,rice_paddy,1998,968900.0,171700.0,planted,5.642981945253349
VN.ADM1.00035,rice_paddy,1999,1059800.0,172100.0,planted,6.158047646717025
VN.ADM1.00035,rice_paddy,2000,1050600.0,173100.0,planted,6.0693240901213175
VN.ADM1.00035,rice_paddy,2001,993900.0,173300.0,planted,5.735141373341027
VN.ADM1.00035,rice_paddy,2002,1081600.0,171800.0,planted,6.29569266589057
VN.ADM1.00035,rice_paddy,2003,930700.0,170600.0,planted,5.455451348182884
VN.ADM1.00035,rice_paddy,2004,1069500.0,168600.0,planted,6.343416370106762
VN.ADM1.00035,rice_paddy,2005,981600.0,167400.0,planted,5.863799283154122
VN.ADM1.00035,rice_paddy,2006,1079600.0,166000.0,planted,6.5036144578313255
VN.ADM1.00035,rice_paddy,2007,1014800.0,164900.0,planted,6.154032747119467
VN.ADM1.00035,rice_paddy,2008,1105200.0,168300.0,planted,6.566844919786096
VN.ADM1.00035,rice_paddy,2009,1105800.0,167100.0,planted,6.617594254937163
VN.ADM1.00035,rice_paddy,2010,1104400.0,166400.0,planted,6.637019230769231
VN.ADM1.00035,rice_paddy,2011,1091300.0,165700.0,planted,6.585998792999397
VN.ADM1.00035,rice_paddy,2012,1059500.0,162800.0,planted,6.507985257985258
VN.ADM1.00035,rice_paddy,2013,1053200.0,161800.0,planted,6.509270704573548
VN.ADM1.00035,rice_paddy,2014,1061900.0,161800.0,planted,6.563040791100123
VN.ADM1.00035,rice_paddy,2015,1061900.0,161000.0,planted,6.595652173913043
VN.ADM1.00035,rice_paddy,2016,1053600.0,160100.0,planted,6.580886945658963
VN.ADM1.00035,rice_paddy,2017,942600.0,158700.0,planted,5.939508506616257
VN.ADM1.00035,rice_paddy,2018,1028400.0,157200.0,planted,6.541984732824427
VN.ADM1.00035,rice_paddy,2019,1022300.0,155200.0,planted,6.586984536082475
VN.ADM1.00035,rice_paddy,2020,1013100.0,153700.0,planted,6.591411841249187
VN.ADM1.00035,rice_paddy,2021,997600.0,153200.0,planted,6.511749347258486
VN.ADM1.00035,rice_paddy,2022,992700.0,151600.0,planted,6.548153034300792
VN.ADM1.00035,rice_paddy,2023,978800.0,149900.0,planted,6.529686457638426
VN.ADM1.00036,rice_paddy,1980,316400.0,250700.0,planted,1.2620662145991224
VN.ADM1.00036,rice_paddy,1981,538300.0,248200.0,planted,2.168815471394037
VN.ADM1.00036,rice_paddy,1982,588500.0,251900.0,planted,2.336244541484716
VN.ADM1.00036,rice_paddy,1983,573400.0,242100.0,planted,2.368442792234614
VN.ADM1.00036,rice_paddy,1984,639100.0,242400.0,planted,2.6365511551155114
VN.ADM1.00036,rice_paddy,1985,659800.0,250800.0,planted,2.630781499202552
VN.ADM1.00036,rice_paddy,1986,693600.0,246700.0,planted,2.8115119578435346
VN.ADM1.00036,rice_paddy,1987,611800.0,236300.0,planted,2.5890816758358017
VN.ADM1.00036,rice_paddy,1988,579400.0,239900.0,planted,2.4151729887453106
VN.ADM1.00036,rice_paddy,1989,640700.0,236300.0,planted,2.711383834109183
VN.ADM1.00036,rice_paddy,1990,684400.0,243800.0,planted,2.807219031993437
VN.ADM1.00036,rice_paddy,1991,651100.0,244100.0,planted,2.667349446947972
VN.ADM1.00036,rice_paddy,1992,668200.0,246500.0,planted,2.7107505070993914
VN.ADM1.00036,rice_paddy,1993,826400.0,245200.0,planted,3.3703099510603587
VN.ADM1.00036,rice_paddy,1994,770400.0,247800.0,planted,3.108958837772397
VN.ADM1.00036,rice_paddy,1995,848400.0,250400.0,planted,3.3881789137380194
VN.ADM1.00036,rice_paddy,1996,708100.0,251200.0,planted,2.8188694267515926
VN.ADM1.00036,rice_paddy,1997,981600.0,254700.0,planted,3.8539458186101294
VN.ADM1.00036,rice_paddy,1998,972700.0,253800.0,planted,3.8325453112687153
VN.ADM1.00036,rice_paddy,1999,1061300.0,252900.0,planted,4.1965203637801505
VN.ADM1.00036,rice_paddy,2000,1095800.0,257500.0,planted,4.255533980582524
VN.ADM1.00036,rice_paddy,2001,1190400.0,257600.0,planted,4.62111801242236
VN.ADM1.00036,rice_paddy,2002,1252500.0,257200.0,planted,4.869751166407465
VN.ADM1.00036,rice_paddy,2003,1272500.0,256400.0,planted,4.962948517940718
VN.ADM1.00036,rice_paddy,2004,1325900.0,254600.0,planted,5.20777690494894
VN.ADM1.00036,rice_paddy,2005,1237500.0,252200.0,planted,4.906819984139572
VN.ADM1.00036,rice_paddy,2006,1398600.0,254300.0,planted,5.499803381832481
VN.ADM1.00036,rice_paddy,2007,1340100.0,254400.0,planted,5.267688679245283
VN.ADM1.00036,rice_paddy,2008,1404300.0,254400.0,planted,5.5200471698113205
VN.ADM1.00036,rice_paddy,2009,1452700.0,258100.0,planted,5.628438589693917
VN.ADM1.00036,rice_paddy,2010,1396600.0,253600.0,planted,5.507097791798107
VN.ADM1.00036,rice_paddy,2011,1427400.0,257100.0,planted,5.551925320886815
VN.ADM1.00036,rice_paddy,2012,1482500.0,256700.0,planted,5.775223996883522
VN.ADM1.00036,rice_paddy,2013,1431500.0,256300.0,planted,5.585251658213032
VN.ADM1.00036,rice_paddy,2014,1516500.0,258600.0,planted,5.864269141531323
VN.ADM1.00036,rice_paddy,2015,1475300.0,257000.0,planted,5.740466926070039
VN.ADM1.00036,rice_paddy,2016,1493100.0,253900.0,planted,5.880661677825915
VN.ADM1.00036,rice_paddy,2017,1463300.0,250500.0,planted,5.841516966067864
VN.ADM1.00036,rice_paddy,2018,1413500.0,244400.0,planted,5.783551554828151
VN.ADM1.00036,rice_paddy,2019,1399200.0,237900.0,planted,5.881462799495586
VN.ADM1.00036,rice_paddy,2020,1373600.0,231200.0,planted,5.9411764705882355
VN.ADM1.00036,rice_paddy,2021,1413000.0,231900.0,planted,6.093143596377749
VN.ADM1.00036,rice_paddy,2022,1390600.0,229300.0,planted,6.064544265154819
VN.ADM1.00036,rice_paddy,2023,1387900.0,225700.0,planted,6.149313247673903
VN.ADM1.00037,rice_paddy,1980,159300.0,64900.0,planted,2.4545454545454546
VN.ADM1.00037,rice_paddy,1981,150600.0,69300.0,planted,2.173160173160173
VN.ADM1.00037,rice_paddy,1982,178300.0,73000.0,planted,2.4424657534246577
VN.ADM1.00037,rice_paddy,1983,190900.0,69100.0,planted,2.7626628075253254
VN.ADM1.00037,rice_paddy,1984,206100.0,70000.0,planted,2.9442857142857144
VN.ADM1.00037,rice_paddy,1991,269300.0,81300.0,planted,3.3124231242312425
VN.ADM1.00037,rice_paddy,1992,272100.0,82900.0,planted,3.2822677925211097
VN.ADM1.00037,rice_paddy,1993,286500.0,87000.0,planted,3.293103448275862
VN.ADM1.00037,rice_paddy,1994,296900.0,84700.0,planted,3.5053128689492326
VN.ADM1.00037,rice_paddy,1995,334400.0,95500.0,planted,3.501570680628272
VN.ADM1.00037,rice_paddy,1996,355300.0,100900.0,planted,3.5213082259663033
VN.ADM1.00037,rice_paddy,1997,392500.0,107200.0,planted,3.6613805970149254
VN.ADM1.00037,rice_paddy,1998,405700.0,108300.0,planted,3.7460757156048015
VN.ADM1.00037,rice_paddy,1999,439400.0,123100.0,planted,3.569455727051178
VN.ADM1.00037,rice_paddy,2000,467200.0,127100.0,planted,3.6758457907159716
VN.ADM1.00037,rice_paddy,2001,470500.0,123200.0,planted,3.8189935064935066
VN.ADM1.00037,rice_paddy,2002,468600.0,117600.0,planted,3.9846938775510203
VN.ADM1.00037,rice_paddy,2003,472800.0,117600.0,planted,4.020408163265306
VN.ADM1.00037,rice_paddy,2004,504400.0,122100.0,planted,4.131040131040131
VN.ADM1.00037,rice_paddy,2005,413300.0,98500.0,planted,4.195939086294416
VN.ADM1.00037,rice_paddy,2006,532100.0,130600.0,planted,4.0742725880551305
VN.ADM1.00037,rice_paddy,2007,608300.0,129800.0,planted,4.686440677966102
VN.ADM1.00037,rice_paddy,2008,670200.0,138900.0,planted,4.825053995680346
VN.ADM1.00037,rice_paddy,2009,719200.0,142500.0,planted,5.047017543859649
VN.ADM1.00037,rice_paddy,2010,723500.0,145000.0,planted,4.989655172413793
VN.ADM1.00037,rice_paddy,2011,825500.0,150100.0,planted,5.4996668887408395
VN.ADM1.00037,rice_paddy,2012,856900.0,154700.0,planted,5.539107950872657
VN.ADM1.00037,rice_paddy,2013,885700.0,158900.0,planted,5.573945877910636
VN.ADM1.00037,rice_paddy,2014,941100.0,162500.0,planted,5.791384615384615
VN.ADM1.00037,rice_paddy,2015,889400.0,152300.0,planted,5.839789888378201
VN.ADM1.00037,rice_paddy,2016,810100.0,144900.0,planted,5.590752242926156
VN.ADM1.00037,rice_paddy,2017,994400.0,172600.0,planted,5.761297798377752
VN.ADM1.00037,rice_paddy,2018,952700.0,168100.0,planted,5.667459845330161
VN.ADM1.00037,rice_paddy,2019,952300.0,163100.0,planted,5.838749233599019
VN.ADM1.00037,rice_paddy,2020,842200.0,142300.0,planted,5.9184820801124385
VN.ADM1.00037,rice_paddy,2021,1012200.0,167700.0,planted,6.035778175313059
VN.ADM1.00037,rice_paddy,2022,1016400.0,166000.0,planted,6.12289156626506
VN.ADM1.00037,rice_paddy,2023,1040100.0,170300.0,planted,6.107457428068115
VN.ADM1.00038,rice_paddy,1980,459100.0,190700.0,planted,2.4074462506554797
VN.ADM1.00038,rice_paddy,1981,526700.0,194800.0,planted,2.703798767967146
VN.ADM1.00038,rice_paddy,1982,583200.0,198900.0,planted,2.932126696832579
VN.ADM1.00038,rice_paddy,1983,738400.0,200300.0,planted,3.6864702945581627
VN.ADM1.00038,rice_paddy,1984,786600.0,201300.0,planted,3.9076005961251865
VN.ADM1.00038,rice_paddy,1985,790900.0,201300.0,planted,3.92896174863388
VN.ADM1.00038,rice_paddy,1986,800800.0,210600.0,planted,3.802469135802469
VN.ADM1.00038,rice_paddy,1987,740300.0,211500.0,planted,3.5002364066193854
VN.ADM1.00038,rice_paddy,1988,840100.0,224000.0,planted,3.7504464285714287
VN.ADM1.00038,rice_paddy,1989,935900.0,236000.0,planted,3.965677966101695
VN.ADM1.00038,rice_paddy,1990,1004900.0,248300.0,planted,4.047120418848167
VN.ADM1.00038,rice_paddy,1991,971400.0,251800.0,planted,3.857823669579031
VN.ADM1.00038,rice_paddy,1992,1069600.0,256300.0,planted,4.1732344908310575
VN.ADM1.00038,rice_paddy,1993,1180200.0,265700.0,planted,4.441851712457659
VN.ADM1.00038,rice_paddy,1994,1185500.0,269700.0,planted,4.3956247682610305
VN.ADM1.00038,rice_paddy,1995,1191600.0,269300.0,planted,4.424805050129967
VN.ADM1.00038,rice_paddy,1996,1227100.0,280200.0,planted,4.379371877230549
VN.ADM1.00038,rice_paddy,1997,1319700.0,288700.0,planted,4.571181156910288
VN.ADM1.00038,rice_paddy,1998,1319900.0,281500.0,planted,4.688809946714032
VN.ADM1.00038,rice_paddy,1999,1301700.0,286400.0,planted,4.54504189944134
VN.ADM1.00038,rice_paddy,2000,1301100.0,282400.0,planted,4.607294617563739
VN.ADM1.00038,rice_paddy,2001,1287600.0,276100.0,planted,4.663527707352409
VN.ADM1.00038,rice_paddy,2002,1285300.0,265000.0,planted,4.850188679245283
VN.ADM1.00038,rice_paddy,2003,1268000.0,260800.0,planted,4.861963190184049
VN.ADM1.00038,rice_paddy,2004,1315300.0,259400.0,planted,5.070547417116423
VN.ADM1.00038,rice_paddy,2005,1303200.0,251900.0,planted,5.173481540293768
VN.ADM1.00038,rice_paddy,2006,1214300.0,247800.0,planted,4.900322841000807
VN.ADM1.00038,rice_paddy,2007,1306700.0,246800.0,planted,5.294570502431118
VN.ADM1.00038,rice_paddy,2008,1321000.0,244900.0,planted,5.394038383013475
VN.ADM1.00038,rice_paddy,2009,1308000.0,246400.0,planted,5.308441558441558
VN.ADM1.00038,rice_paddy,2010,1320600.0,244000.0,planted,5.412295081967213
VN.ADM1.00038,rice_paddy,2011,1332800.0,241800.0,planted,5.5119933829611245
VN.ADM1.00038,rice_paddy,2012,1370000.0,241400.0,planted,5.675227837613919
VN.ADM1.00038,rice_paddy,2013,1348700.0,235600.0,planted,5.72453310696095
VN.ADM1.00038,rice_paddy,2014,1370300.0,230600.0,planted,5.942324371205551
VN.ADM1.00038,rice_paddy,2015,1344400.0,224700.0,planted,5.983088562527815
VN.ADM1.00038,rice_paddy,2016,1268200.0,215400.0,planted,5.887650882079852
VN.ADM1.00038,rice_paddy,2017,1249300.0,210800.0,planted,5.926470588235294
VN.ADM1.00038,rice_paddy,2018,1254400.0,201300.0,planted,6.231495280675609
VN.ADM1.00038,rice_paddy,2019,1123100.0,184300.0,planted,6.09386869234943
VN.ADM1.00038,rice_paddy,2020,801200.0,136000.0,planted,5.891176470588236
VN.ADM1.00038,rice_paddy,2021,836200.0,131900.0,planted,6.3396512509476874
VN.ADM1.00038,rice_paddy,2022,838500.0,134900.0,planted,6.2157153446997775
VN.ADM1.00038,rice_paddy,2023,791000.0,129400.0,planted,6.112828438948996
VN.ADM1.00039,rice_paddy,1996,404400.0,134000.0,planted,3.017910447761194
VN.ADM1.00039,rice_paddy,1997,447300.0,140500.0,planted,3.183629893238434
VN.ADM1.00039,rice_paddy,1998,478800.0,144600.0,planted,3.3112033195020745
VN.ADM1.00039,rice_paddy,1999,515100.0,139000.0,planted,3.705755395683453
VN.ADM1.00039,rice_paddy,2000,609300.0,146400.0,planted,4.161885245901639
VN.ADM1.00039,rice_paddy,2001,607400.0,141800.0,planted,4.283497884344147
VN.ADM1.00039,rice_paddy,2002,690600.0,146900.0,planted,4.701157249829817
VN.ADM1.00039,rice_paddy,2003,707700.0,147700.0,planted,4.791469194312796
VN.ADM1.00039,rice_paddy,2004,714600.0,145600.0,planted,4.907967032967033
VN.ADM1.00039,rice_paddy,2005,706800.0,142800.0,planted,4.949579831932773
VN.ADM1.00039,rice_paddy,2006,662400.0,139700.0,planted,4.741589119541875
VN.ADM1.00039,rice_paddy,2007,640400.0,140800.0,planted,4.548295454545454
VN.ADM1.00039,rice_paddy,2008,633300.0,125800.0,planted,5.034181240063593
VN.ADM1.00039,rice_paddy,2009,686400.0,131800.0,planted,5.207890743550835
VN.ADM1.00039,rice_paddy,2010,666600.0,128100.0,planted,5.203747072599532
VN.ADM1.00039,rice_paddy,2011,712100.0,129000.0,planted,5.52015503875969
VN.ADM1.00039,rice_paddy,2012,675300.0,128600.0,planted,5.251166407465008
VN.ADM1.00039,rice_paddy,2013,688000.0,128800.0,planted,5.341614906832298
VN.ADM1.00039,rice_paddy,2014,707200.0,128200.0,planted,5.516380655226209
VN.ADM1.00039,rice_paddy,2015,696800.0,127800.0,planted,5.452269170579029
VN.ADM1.00039,rice_paddy,2016,667700.0,126100.0,planted,5.295003965107058
VN.ADM1.00039,rice_paddy,2017,688200.0,125000.0,planted,5.5056
VN.ADM1.00039,rice_paddy,2018,696500.0,120900.0,planted,5.76095947063689
VN.ADM1.00039,rice_paddy,2019,658400.0,115800.0,planted,5.68566493955095
VN.ADM1.00039,rice_paddy,2020,660700.0,115200.0,planted,5.735243055555555
VN.ADM1.00039,rice_paddy,2021,673100.0,113900.0,planted,5.909569798068481
VN.ADM1.00039,rice_paddy,2022,627600.0,112300.0,planted,5.58860195903829
VN.ADM1.00039,rice_paddy,2023,657600.0,110900.0,planted,5.9296663660955815
VN.ADM1.00001,soybean,1980,700.0,600.0,planted,1.1666666666666667
VN.ADM1.00001,soybean,1981,4200.0,3300.0,planted,1.2727272727272727
VN.ADM1.00001,soybean,1982,4200.0,2900.0,planted,1.4482758620689655
VN.ADM1.00001,soybean,1983,6600.0,4700.0,planted,1.4042553191489362
VN.ADM1.00001,soybean,1984,3000.0,1800.0,planted,1.6666666666666667
VN.ADM1.00001,soybean,1985,8400.0,5400.0,planted,1.5555555555555556
VN.ADM1.00001,soybean,1986,10400.0,6500.0,planted,1.6
VN.ADM1.00001,soybean,1987,12600.0,7700.0,planted,1.6363636363636365
VN.ADM1.00001,soybean,1988,7200.0,4400.0,planted,1.6363636363636365
VN.ADM1.00001,soybean,1989,5400.0,3100.0,planted,1.7419354838709677
VN.ADM1.00001,soybean,1990,4300.0,2800.0,planted,1.5357142857142858
VN.ADM1.00002,soybean,1980,500.0,1200.0,planted,0.4166666666666667
VN.ADM1.00002,soybean,1981,600.0,1400.0,planted,0.42857142857142855
VN.ADM1.00002,soybean,1982,900.0,1800.0,planted,0.5
VN.ADM1.00002,soybean,1983,1000.0,1900.0,planted,0.5263157894736842
VN.ADM1.00002,soybean,1984,1000.0,1700.0,planted,0.5882352941176471
VN.ADM1.00002,soybean,1985,1000.0,1600.0,planted,0.625
VN.ADM1.00002,soybean,1986,900.0,1400.0,planted,0.6428571428571429
VN.ADM1.00002,soybean,1987,1200.0,1700.0,planted,0.7058823529411765
VN.ADM1.00002,soybean,1988,1100.0,1700.0,planted,0.6470588235294118
VN.ADM1.00002,soybean,1989,1200.0,1700.0,planted,0.7058823529411765
VN.ADM1.00002,soybean,1990,1400.0,2000.0,planted,0.7
VN.ADM1.00003,soybean,1981,100.0,100.0,planted,1.0
VN.ADM1.00003,soybean,1982,0.0,30.0,planted,0.0
VN.ADM1.00003,soybean,1983,100.0,30.0,planted,3.3333333333333335
VN.ADM1.00003,soybean,1984,10.0,8.0,planted,1.25
VN.ADM1.00003,soybean,1985,10.0,10.0,planted,1.0
VN.ADM1.00004,soybean,1981,10.0,60.0,planted,0.16666666666666666
VN.ADM1.00004,soybean,1982,200.0,200.0,planted,1.0
VN.ADM1.00004,soybean,1983,40.0,70.0,planted,0.5714285714285714
VN.ADM1.00004,soybean,1984,3.0,70.0,planted,0.04285714285714286
VN.ADM1.00005,soybean,1980,2000.0,4100.0,planted,0.4878048780487805
VN.ADM1.00005,soybean,1981,2900.0,5900.0,planted,0.4915254237288136
VN.ADM1.00005,soybean,1982,3600.0,6800.0,planted,0.5294117647058824
VN.ADM1.00005,soybean,1983,3900.0,7400.0,planted,0.527027027027027
VN.ADM1.00005,soybean,1984,4000.0,8100.0,planted,0.49382716049382713
VN.ADM1.00005,soybean,1985,4700.0,8700.0,planted,0.5402298850574713
VN.ADM1.00005,soybean,1986,3600.0,7600.0,planted,0.47368421052631576
VN.ADM1.00005,soybean,1987,3500.0,7700.0,planted,0.45454545454545453
VN.ADM1.00005,soybean,1988,3600.0,7300.0,planted,0.4931506849315068
VN.ADM1.00005,soybean,1989,3900.0,6600.0,planted,0.5909090909090909
VN.ADM1.00005,soybean,1990,3200.0,6500.0,planted,0.49230769230769234
VN.ADM1.00006,soybean,1980,500.0,600.0,planted,0.8333333333333334
VN.ADM1.00006,soybean,1981,800.0,700.0,planted,1.1428571428571428
VN.ADM1.00006,soybean,1982,400.0,400.0,planted,1.0
VN.ADM1.00006,soybean,1983,1000.0,800.0,planted,1.25
VN.ADM1.00006,soybean,1984,900.0,700.0,planted,1.2857142857142858
VN.ADM1.00006,soybean,1985,1200.0,1000.0,planted,1.2
VN.ADM1.00006,soybean,1986,1200.0,1000.0,planted,1.2
VN.ADM1.00006,soybean,1987,1000.0,800.0,planted,1.25
VN.ADM1.00006,soybean,1988,1100.0,900.0,planted,1.2222222222222223
VN.ADM1.00006,soybean,1989,1600.0,1200.0,planted,1.3333333333333333
VN.ADM1.00006,soybean,1990,1400.0,1200.0,planted,1.1666666666666667
VN.ADM1.00007,soybean,1980,300.0,500.0,planted,0.6
VN.ADM1.00007,soybean,1981,900.0,1600.0,planted,0.5625
VN.ADM1.00007,soybean,1982,1100.0,1500.0,planted,0.7333333333333333
VN.ADM1.00007,soybean,1983,1300.0,1800.0,planted,0.7222222222222222
VN.ADM1.00007,soybean,1984,1700.0,2000.0,planted,0.85
VN.ADM1.00007,soybean,1985,3000.0,3200.0,planted,0.9375
VN.ADM1.00007,soybean,1986,3700.0,4200.0,planted,0.8809523809523809
VN.ADM1.00007,soybean,1987,3400.0,4200.0,planted,0.8095238095238095
VN.ADM1.00007,soybean,1988,4400.0,5100.0,planted,0.8627450980392157
VN.ADM1.00007,soybean,1989,4900.0,5200.0,planted,0.9423076923076923
VN.ADM1.00007,soybean,1990,5200.0,5600.0,planted,0.9285714285714286
VN.ADM1.00008,soybean,1980,12700.0,15000.0,planted,0.8466666666666667
VN.ADM1.00008,soybean,1981,12100.0,20000.0,planted,0.605
VN.ADM1.00008,soybean,1982,19100.0,23100.0,planted,0.8268398268398268
VN.ADM1.00008,soybean,1983,10800.0,24000.0,planted,0.45
VN.ADM1.00008,soybean,1984,26100.0,27900.0,planted,0.9354838709677419
VN.ADM1.00008,soybean,1985,22100.0,32800.0,planted,0.6737804878048781
VN.ADM1.00008,soybean,1986,22800.0,34100.0,planted,0.6686217008797654
VN.ADM1.00008,soybean,1987,20900.0,28000.0,planted,0.7464285714285714
VN.ADM1.00008,soybean,1988,25800.0,31600.0,planted,0.8164556962025317
VN.ADM1.00008,soybean,1989,19400.0,30600.0,planted,0.6339869281045751
VN.ADM1.00008,soybean,1990,14400.0,28900.0,planted,0.4982698961937716
VN.ADM1.00009,soybean,1980,2200.0,2100.0,planted,1.0476190476190477
VN.ADM1.00009,soybean,1981,5600.0,5200.0,planted,1.0769230769230769
VN.ADM1.00009,soybean,1982,8000.0,500.0,planted,16.0
VN.ADM1.00009,soybean,1983,7600.0,5400.0,planted,1.4074074074074074
VN.ADM1.00009,soybean,1984,5400.0,3600.0,planted,1.5
VN.ADM1.00009,soybean,1985,10000.0,6700.0,planted,1.492537313432836
VN.ADM1.00009,soybean,1986,11900.0,7800.0,planted,1.5256410256410255
VN.ADM1.00009,soybean,1987,11500.0,8000.0,planted,1.4375
VN.ADM1.00009,soybean,1988,12500.0,8300.0,planted,1.5060240963855422
VN.ADM1.00009,soybean,1989,11300.0,7600.0,planted,1.486842105263158
VN.ADM1.00009,soybean,1990,15600.0,10100.0,planted,1.5445544554455446
VN.ADM1.00010,soybean,1980,0.0,0.0,planted,
VN.ADM1.00010,soybean,1981,5.0,,,
VN.ADM1.00010,soybean,1982,100.0,100.0,planted,1.0
VN.ADM1.00010,soybean,1983,40.0,100.0,planted,0.4
VN.ADM1.00010,soybean,1984,40.0,100.0,planted,0.4
VN.ADM1.00010,soybean,1986,300.0,500.0,planted,0.6
VN.ADM1.00010,soybean,1987,200.0,500.0,planted,0.4
VN.ADM1.00010,soybean,1988,100.0,300.0,planted,0.3333333333333333
VN.ADM1.00010,soybean,1989,300.0,400.0,planted,0.75
VN.ADM1.00010,soybean,1990,300.0,600.0,planted,0.5
VN.ADM1.00011,soybean,1980,2100.0,5300.0,planted,0.39622641509433965
VN.ADM1.00011,soybean,1981,1600.0,3000.0,planted,0.5333333333333333
VN.ADM1.00011,soybean,1982,6200.0,9900.0,planted,0.6262626262626263
VN.ADM1.00011,soybean,1983,4900.0,9800.0,planted,0.5
VN.ADM1.00011,soybean,1984,6600.0,10200.0,planted,0.6470588235294118
VN.ADM1.00011,soybean,1985,6500.0,9400.0,planted,0.6914893617021277
VN.ADM1.00011,soybean,1986,5300.0,7700.0,planted,0.6883116883116883
VN.ADM1.00011,soybean,1987,9300.0,11000.0,planted,0.8454545454545455
VN.ADM1.00011,soybean,1988,4500.0,6800.0,planted,0.6617647058823529
VN.ADM1.00011,soybean,1989,5900.0,7100.0,planted,0.8309859154929577
VN.ADM1.00011,soybean,1990,6600.0,7500.0,planted,0.88
VN.ADM1.00012,soybean,1980,200.0,400.0,planted,0.5
VN.ADM1.00012,soybean,1981,500.0,800.0,planted,0.625
VN.ADM1.00012,soybean,1982,1100.0,2500.0,planted,0.44
VN.ADM1.00012,soybean,1983,500.0,1200.0,planted,0.4166666666666667
VN.ADM1.00012,soybean,1984,300.0,600.0,planted,0.5
VN.ADM1.00012,soybean,1985,200.0,400.0,planted,0.5
VN.ADM1.00012,soybean,1986,300.0,400.0,planted,0.75
VN.ADM1.00012,soybean,1987,1500.0,1800.0,planted,0.8333333333333334
VN.ADM1.00012,soybean,1988,800.0,1500.0,planted,0.5333333333333333
VN.ADM1.00012,soybean,1989,1900.0,2100.0,planted,0.9047619047619048
VN.ADM1.00012,soybean,1990,2300.0,3700.0,planted,0.6216216216216216
VN.ADM1.00013,soybean,1980,500.0,1900.0,planted,0.2631578947368421
VN.ADM1.00013,soybean,1981,1300.0,2700.0,planted,0.48148148148148145
VN.ADM1.00013,soybean,1982,3600.0,7200.0,planted,0.5
VN.ADM1.00013,soybean,1983,2700.0,4900.0,planted,0.5510204081632653
VN.ADM1.00013,soybean,1984,2200.0,3900.0,planted,0.5641025641025641
VN.ADM1.00013,soybean,1985,2300.0,3800.0,planted,0.6052631578947368
VN.ADM1.00013,soybean,1986,3400.0,4700.0,planted,0.723404255319149
VN.ADM1.00013,soybean,1987,7300.0,12600.0,planted,0.5793650793650794
VN.ADM1.00013,soybean,1988,3900.0,5500.0,planted,0.7090909090909091
VN.ADM1.00013,soybean,1989,3800.0,4700.0,planted,0.8085106382978723
VN.ADM1.00013,soybean,1990,5300.0,6800.0,planted,0.7794117647058824
VN.ADM1.00015,soybean,1980,600.0,1500.0,planted,0.4
VN.ADM1.00015,soybean,1981,1200.0,2100.0,planted,0.5714285714285714
VN.ADM1.00015,soybean,1982,1000.0,2700.0,planted,0.37037037037037035
VN.ADM1.00015,soybean,1983,1800.0,3400.0,planted,0.5294117647058824
VN.ADM1.00015,soybean,1984,1600.0,3700.0,planted,0.43243243243243246
VN.ADM1.00015,soybean,1985,2000.0,4000.0,planted,0.5
VN.ADM1.00015,soybean,1986,1900.0,3500.0,planted,0.5428571428571428
VN.ADM1.00015,soybean,1987,1700.0,3000.0,planted,0.5666666666666667
VN.ADM1.00015,soybean,1988,1400.0,2700.0,planted,0.5185185185185185
VN.ADM1.00015,soybean,1989,2000.0,3300.0,planted,0.6060606060606061
VN.ADM1.00015,soybean,1990,2300.0,3600.0,planted,0.6388888888888888
VN.ADM1.00016,soybean,1980,200.0,1300.0,planted,0.15384615384615385
VN.ADM1.00016,soybean,1981,3500.0,3500.0,planted,1.0
VN.ADM1.00016,soybean,1982,3800.0,5900.0,planted,0.6440677966101694
VN.ADM1.00016,soybean,1983,1600.0,2900.0,planted,0.5517241379310345
VN.ADM1.00016,soybean,1984,800.0,2000.0,planted,0.4
VN.ADM1.00016,soybean,1985,800.0,1100.0,planted,0.7272727272727273
VN.ADM1.00016,soybean,1986,1100.0,1100.0,planted,1.0
VN.ADM1.00016,soybean,1987,2500.0,2300.0,planted,1.0869565217391304
VN.ADM1.00016,soybean,1988,1300.0,1400.0,planted,0.9285714285714286
VN.ADM1.00016,soybean,1989,2000.0,1700.0,planted,1.1764705882352942
VN.ADM1.00016,soybean,1990,4000.0,3500.0,planted,1.1428571428571428
VN.ADM1.00017,soybean,1981,40.0,30.0,planted,1.3333333333333333
VN.ADM1.00017,soybean,1982,200.0,100.0,planted,2.0
VN.ADM1.00017,soybean,1983,200.0,100.0,planted,2.0
VN.ADM1.00017,soybean,1984,100.0,100.0,planted,1.0
VN.ADM1.00017,soybean,1985,100.0,100.0,planted,1.0
VN.ADM1.00017,soybean,1986,100.0,100.0,planted,1.0
VN.ADM1.00017,soybean,1987,200.0,100.0,planted,2.0
VN.ADM1.00017,soybean,1988,200.0,100.0,planted,2.0
VN.ADM1.00017,soybean,1989,100.0,100.0,planted,1.0
VN.ADM1.00017,soybean,1990,400.0,200.0,planted,2.0
VN.ADM1.00018,soybean,1980,2500.0,2200.0,planted,1.1363636363636365
VN.ADM1.00018,soybean,1981,5400.0,4500.0,planted,1.2
VN.ADM1.00018,soybean,1982,5400.0,4000.0,planted,1.35
VN.ADM1.00018,soybean,1983,6500.0,4200.0,planted,1.5476190476190477
VN.ADM1.00018,soybean,1984,1900.0,1300.0,planted,1.4615384615384615
VN.ADM1.00018,soybean,1985,3500.0,2700.0,planted,1.2962962962962963
VN.ADM1.00018,soybean,1986,4300.0,3200.0,planted,1.34375
VN.ADM1.00018,soybean,1987,3700.0,3200.0,planted,1.15625
VN.ADM1.00018,soybean,1988,3700.0,2700.0,planted,1.3703703703703705
VN.ADM1.00018,soybean,1989,3600.0,2700.0,planted,1.3333333333333333
VN.ADM1.00018,soybean,1990,2300.0,1800.0,planted,1.2777777777777777
VN.ADM1.00019,soybean,1981,30.0,20.0,planted,1.5
VN.ADM1.00019,soybean,1982,100.0,100.0,planted,1.0
VN.ADM1.00019,soybean,1983,20.0,20.0,planted,1.0
VN.ADM1.00019,soybean,1984,2.0,3.0,planted,0.6666666666666666
VN.ADM1.00019,soybean,1985,100.0,100.0,planted,1.0
VN.ADM1.00020,soybean,1980,400.0,1400.0,planted,0.2857142857142857
VN.ADM1.00020,soybean,1981,800.0,1500.0,planted,0.5333333333333333
VN.ADM1.00020,soybean,1982,1700.0,4200.0,planted,0.40476190476190477
VN.ADM1.00020,soybean,1983,1500.0,3200.0,planted,0.46875
VN.ADM1.00020,soybean,1984,1500.0,2900.0,planted,0.5172413793103449
VN.ADM1.00020,soybean,1985,1500.0,2900.0,planted,0.5172413793103449
VN.ADM1.00020,soybean,1986,1500.0,2800.0,planted,0.5357142857142857
VN.ADM1.00020,soybean,1987,1300.0,2600.0,planted,0.5
VN.ADM1.00020,soybean,1988,1700.0,3100.0,planted,0.5483870967741935
VN.ADM1.00020,soybean,1989,1800.0,3300.0,planted,0.5454545454545454
VN.ADM1.00020,soybean,1990,1400.0,3300.0,planted,0.42424242424242425
VN.ADM1.00021,soybean,1980,100.0,,,
VN.ADM1.00021,soybean,1981,30.0,30.0,planted,1.0
VN.ADM1.00021,soybean,1982,7.0,9.0,planted,0.7777777777777778
VN.ADM1.00021,soybean,1983,6.0,9.0,planted,0.6666666666666666
VN.ADM1.00021,soybean,1984,30.0,50.0,planted,0.6
VN.ADM1.00021,soybean,1985,8.0,20.0,planted,0.4
VN.ADM1.00022,soybean,1980,300.0,1900.0,planted,0.15789473684210525
VN.ADM1.00022,soybean,1981,800.0,1700.0,planted,0.47058823529411764
VN.ADM1.00022,soybean,1982,800.0,1800.0,planted,0.4444444444444444
VN.ADM1.00022,soybean,1983,900.0,1900.0,planted,0.47368421052631576
VN.ADM1.00022,soybean,1984,1200.0,2200.0,planted,0.5454545454545454
VN.ADM1.00022,soybean,1985,1000.0,2000.0,planted,0.5
VN.ADM1.00022,soybean,1986,1100.0,2100.0,planted,0.5238095238095238
VN.ADM1.00022,soybean,1987,1100.0,2300.0,planted,0.4782608695652174
VN.ADM1.00022,soybean,1988,1200.0,2300.0,planted,0.5217391304347826
VN.ADM1.00022,soybean,1989,1300.0,2300.0,planted,0.5652173913043478
VN.ADM1.00022,soybean,1990,1300.0,2100.0,planted,0.6190476190476191
VN.ADM1.00023,soybean,1980,700.0,900.0,planted,0.7777777777777778
VN.ADM1.00023,soybean,1981,1300.0,1700.0,planted,0.7647058823529411
VN.ADM1.00023,soybean,1982,2000.0,2700.0,planted,0.7407407407407407
VN.ADM1.00023,soybean,1983,2800.0,3500.0,planted,0.8
VN.ADM1.00023,soybean,1984,2900.0,3600.0,planted,0.8055555555555556
VN.ADM1.00023,soybean,1985,3200.0,4100.0,planted,0.7804878048780488
VN.ADM1.00023,soybean,1986,2200.0,3800.0,planted,0.5789473684210527
VN.ADM1.00023,soybean,1987,2100.0,2900.0,planted,0.7241379310344828
VN.ADM1.00023,soybean,1988,1500.0,2700.0,planted,0.5555555555555556
VN.ADM1.00023,soybean,1989,1500.0,2300.0,planted,0.6521739130434783
VN.ADM1.00023,soybean,1990,1600.0,2900.0,planted,0.5517241379310345
VN.ADM1.00024,soybean,1980,700.0,1200.0,planted,0.5833333333333334
VN.ADM1.00024,soybean,1981,800.0,1300.0,planted,0.6153846153846154
VN.ADM1.00024,soybean,1982,1000.0,1800.0,planted,0.5555555555555556
VN.ADM1.00024,soybean,1983,900.0,1800.0,planted,0.5
VN.ADM1.00024,soybean,1984,900.0,1800.0,planted,0.5
VN.ADM1.00024,soybean,1985,1000.0,1700.0,planted,0.5882352941176471
VN.ADM1.00024,soybean,1986,1300.0,2000.0,planted,0.65
VN.ADM1.00024,soybean,1987,2000.0,2900.0,planted,0.6896551724137931
VN.ADM1.00024,soybean,1988,1300.0,2400.0,planted,0.5416666666666666
VN.ADM1.00024,soybean,1989,1700.0,2400.0,planted,0.7083333333333334
VN.ADM1.00024,soybean,1990,1200.0,2000.0,planted,0.6
VN.ADM1.00027,soybean,1980,200.0,800.0,planted,0.25
VN.ADM1.00027,soybean,1981,300.0,800.0,planted,0.375
VN.ADM1.00027,soybean,1982,500.0,1100.0,planted,0.45454545454545453
VN.ADM1.00027,soybean,1983,400.0,1100.0,planted,0.36363636363636365
VN.ADM1.00027,soybean,1984,300.0,800.0,planted,0.375
VN.ADM1.00027,soybean,1985,200.0,700.0,planted,0.2857142857142857
VN.ADM1.00027,soybean,1986,300.0,1000.0,planted,0.3
VN.ADM1.00027,soybean,1987,200.0,600.0,planted,0.3333333333333333
VN.ADM1.00027,soybean,1988,100.0,400.0,planted,0.25
VN.ADM1.00027,soybean,1989,200.0,600.0,planted,0.3333333333333333
VN.ADM1.00027,soybean,1990,200.0,700.0,planted,0.2857142857142857
VN.ADM1.00028,soybean,1980,300.0,600.0,planted,0.5
VN.ADM1.00028,soybean,1981,500.0,700.0,planted,0.7142857142857143
VN.ADM1.00028,soybean,1982,1000.0,1300.0,planted,0.7692307692307693
VN.ADM1.00028,soybean,1983,900.0,1400.0,planted,0.6428571428571429
VN.ADM1.00028,soybean,1984,900.0,1400.0,planted,0.6428571428571429
VN.ADM1.00028,soybean,1985,900.0,1400.0,planted,0.6428571428571429
VN.ADM1.00028,soybean,1986,1000.0,1300.0,planted,0.7692307692307693
VN.ADM1.00028,soybean,1987,800.0,1200.0,planted,0.6666666666666666
VN.ADM1.00028,soybean,1988,600.0,600.0,planted,1.0
VN.ADM1.00028,soybean,1989,700.0,700.0,planted,1.0
VN.ADM1.00028,soybean,1990,600.0,800.0,planted,0.75
VN.ADM1.00029,soybean,1981,40.0,100.0,planted,0.4
VN.ADM1.00029,soybean,1982,100.0,200.0,planted,0.5
VN.ADM1.00029,soybean,1983,70.0,100.0,planted,0.7
VN.ADM1.00029,soybean,1984,20.0,100.0,planted,0.2
VN.ADM1.00029,soybean,1985,200.0,400.0,planted,0.5
VN.ADM1.00029,soybean,1986,200.0,400.0,planted,0.5
VN.ADM1.00029,soybean,1987,300.0,600.0,planted,0.5
VN.ADM1.00029,soybean,1988,300.0,600.0,planted,0.5
VN.ADM1.00029,soybean,1989,500.0,800.0,planted,0.625
VN.ADM1.00029,soybean,1990,500.0,600.0,planted,0.8333333333333334
VN.ADM1.00030,soybean,1981,100.0,100.0,planted,1.0
VN.ADM1.00030,soybean,1982,500.0,700.0,planted,0.7142857142857143
VN.ADM1.00030,soybean,1983,100.0,100.0,planted,1.0
VN.ADM1.00030,soybean,1984,100.0,100.0,planted,1.0
VN.ADM1.00031,soybean,1980,600.0,800.0,planted,0.75
VN.ADM1.00031,soybean,1981,300.0,900.0,planted,0.3333333333333333
VN.ADM1.00031,soybean,1982,600.0,1400.0,planted,0.42857142857142855
VN.ADM1.00031,soybean,1983,800.0,1900.0,planted,0.42105263157894735
VN.ADM1.00031,soybean,1984,1000.0,1900.0,planted,0.5263157894736842
VN.ADM1.00031,soybean,1985,800.0,1700.0,planted,0.47058823529411764
VN.ADM1.00031,soybean,1986,700.0,1400.0,planted,0.5
VN.ADM1.00031,soybean,1987,700.0,1500.0,planted,0.4666666666666667
VN.ADM1.00031,soybean,1988,700.0,1300.0,planted,0.5384615384615384
VN.ADM1.00031,soybean,1989,900.0,1500.0,planted,0.6
VN.ADM1.00031,soybean,1990,1000.0,1500.0,planted,0.6666666666666666
VN.ADM1.00032,soybean,1980,800.0,700.0,planted,1.1428571428571428
VN.ADM1.00032,soybean,1981,600.0,1200.0,planted,0.5
VN.ADM1.00032,soybean,1982,600.0,1300.0,planted,0.46153846153846156
VN.ADM1.00032,soybean,1983,700.0,1500.0,planted,0.4666666666666667
VN.ADM1.00032,soybean,1984,1000.0,2000.0,planted,0.5
VN.ADM1.00032,soybean,1985,1300.0,2300.0,planted,0.5652173913043478
VN.ADM1.00032,soybean,1986,1500.0,2800.0,planted,0.5357142857142857
VN.ADM1.00032,soybean,1987,1600.0,4400.0,planted,0.36363636363636365
VN.ADM1.00032,soybean,1988,2000.0,3700.0,planted,0.5405405405405406
VN.ADM1.00032,soybean,1989,1700.0,3200.0,planted,0.53125
VN.ADM1.00032,soybean,1990,1800.0,3500.0,planted,0.5142857142857142
VN.ADM1.00034,soybean,1980,100.0,100.0,planted,1.0
VN.ADM1.00034,soybean,1981,100.0,200.0,planted,0.5
VN.ADM1.00034,soybean,1982,200.0,200.0,planted,1.0
VN.ADM1.00034,soybean,1983,200.0,200.0,planted,1.0
VN.ADM1.00034,soybean,1984,100.0,100.0,planted,1.0
VN.ADM1.00034,soybean,1985,100.0,100.0,planted,1.0
VN.ADM1.00035,soybean,1980,200.0,500.0,planted,0.4
VN.ADM1.00035,soybean,1981,300.0,600.0,planted,0.5
VN.ADM1.00035,soybean,1982,700.0,1700.0,planted,0.4117647058823529
VN.ADM1.00035,soybean,1983,600.0,1400.0,planted,0.42857142857142855
VN.ADM1.00035,soybean,1984,600.0,1300.0,planted,0.46153846153846156
VN.ADM1.00035,soybean,1985,300.0,500.0,planted,0.6
VN.ADM1.00035,soybean,1986,500.0,700.0,planted,0.7142857142857143
VN.ADM1.00035,soybean,1987,1300.0,1200.0,planted,1.0833333333333333
VN.ADM1.00035,soybean,1988,1500.0,1800.0,planted,0.8333333333333334
VN.ADM1.00035,soybean,1989,1500.0,1800.0,planted,0.8333333333333334
VN.ADM1.00035,soybean,1990,3800.0,1900.0,planted,2.0
VN.ADM1.00036,soybean,1980,300.0,600.0,planted,0.5
VN.ADM1.00036,soybean,1981,400.0,1000.0,planted,0.4
VN.ADM1.00036,soybean,1982,900.0,2400.0,planted,0.375
VN.ADM1.00036,soybean,1983,600.0,1800.0,planted,0.3333333333333333
VN.ADM1.00036,soybean,1984,200.0,700.0,planted,0.2857142857142857
VN.ADM1.00036,soybean,1985,200.0,500.0,planted,0.4
VN.ADM1.00036,soybean,1986,500.0,1100.0,planted,0.45454545454545453
VN.ADM1.00036,soybean,1987,1100.0,2100.0,planted,0.5238095238095238
VN.ADM1.00036,soybean,1988,900.0,1400.0,planted,0.6428571428571429
VN.ADM1.00036,soybean,1989,700.0,1000.0,planted,0.7
VN.ADM1.00036,soybean,1990,2100.0,2100.0,planted,1.0
VN.ADM1.00037,soybean,1981,100.0,200.0,planted,0.5
VN.ADM1.00037,soybean,1982,100.0,100.0,planted,1.0
VN.ADM1.00037,soybean,1983,100.0,100.0,planted,1.0
VN.ADM1.00037,soybean,1984,100.0,100.0,planted,1.0
VN.ADM1.00037,soybean,1985,200.0,200.0,planted,1.0
VN.ADM1.00037,soybean,1986,300.0,300.0,planted,1.0
VN.ADM1.00037,soybean,1987,300.0,400.0,planted,0.75
VN.ADM1.00037,soybean,1988,200.0,200.0,planted,1.0
VN.ADM1.00037,soybean,1989,200.0,200.0,planted,1.0
VN.ADM1.00037,soybean,1990,200.0,200.0,planted,1.0
VN.ADM1.00038,soybean,1980,200.0,200.0,planted,1.0
VN.ADM1.00038,soybean,1981,2500.0,1600.0,planted,1.5625
VN.ADM1.00038,soybean,1982,1000.0,900.0,planted,1.1111111111111112
VN.ADM1.00038,soybean,1983,1000.0,1100.0,planted,0.9090909090909091
VN.ADM1.00038,soybean,1984,400.0,500.0,planted,0.8
VN.ADM1.00038,soybean,1985,700.0,600.0,planted,1.1666666666666667
VN.ADM1.00038,soybean,1986,600.0,500.0,planted,1.2
VN.ADM1.00038,soybean,1987,300.0,200.0,planted,1.5
VN.ADM1.00038,soybean,1988,0.0,0.0,planted,
VN.ADM1.00038,soybean,1989,0.0,0.0,planted,
VN.ADM1.00038,soybean,1990,100.0,100.0,planted,1.0
VN.ADM1.00001,soybean_unspecified,1995,7300.0,3300.0,planted,2.212121212121212
VN.ADM1.00001,soybean_unspecified,1996,9400.0,3800.0,planted,2.473684210526316
VN.ADM1.00001,soybean_unspecified,1997,4400.0,2100.0,planted,2.0952380952380953
VN.ADM1.00001,soybean_unspecified,1998,9600.0,4600.0,planted,2.0869565217391304
VN.ADM1.00001,soybean_unspecified,1999,7900.0,3200.0,planted,2.46875
VN.ADM1.00001,soybean_unspecified,2000,5500.0,2300.0,planted,2.391304347826087
VN.ADM1.00001,soybean_unspecified,2001,9600.0,3700.0,planted,2.5945945945945947
VN.ADM1.00001,soybean_unspecified,2002,9200.0,3600.0,planted,2.5555555555555554
VN.ADM1.00001,soybean_unspecified,2003,6600.0,2500.0,planted,2.64
VN.ADM1.00001,soybean_unspecified,2004,9300.0,3400.0,planted,2.735294117647059
VN.ADM1.00001,soybean_unspecified,2005,6800.0,2500.0,planted,2.72
VN.ADM1.00001,soybean_unspecified,2006,2800.0,1000.0,planted,2.8
VN.ADM1.00001,soybean_unspecified,2007,3100.0,1100.0,planted,2.8181818181818183
VN.ADM1.00001,soybean_unspecified,2008,2000.0,700.0,planted,2.857142857142857
VN.ADM1.00001,soybean_unspecified,2009,1600.0,600.0,planted,2.6666666666666665
VN.ADM1.00001,soybean_unspecified,2010,1200.0,400.0,planted,3.0
VN.ADM1.00001,soybean_unspecified,2011,600.0,200.0,planted,3.0
VN.ADM1.00001,soybean_unspecified,2012,800.0,300.0,planted,2.6666666666666665
VN.ADM1.00001,soybean_unspecified,2013,400.0,100.0,planted,4.0
VN.ADM1.00001,soybean_unspecified,2014,200.0,100.0,planted,2.0
VN.ADM1.00001,soybean_unspecified,2015,100.0,100.0,planted,1.0
VN.ADM1.00002,soybean_unspecified,1996,2700.0,2900.0,planted,0.9310344827586207
VN.ADM1.00002,soybean_unspecified,1997,3100.0,3300.0,planted,0.9393939393939394
VN.ADM1.00002,soybean_unspecified,1998,4200.0,4200.0,planted,1.0
VN.ADM1.00002,soybean_unspecified,1999,4700.0,4500.0,planted,1.0444444444444445
VN.ADM1.00002,soybean_unspecified,2000,5000.0,4500.0,planted,1.1111111111111112
VN.ADM1.00002,soybean_unspecified,2001,6000.0,5300.0,planted,1.1320754716981132
VN.ADM1.00002,soybean_unspecified,2002,7200.0,6300.0,planted,1.1428571428571428
VN.ADM1.00002,soybean_unspecified,2003,6300.0,5600.0,planted,1.125
VN.ADM1.00002,soybean_unspecified,2004,7400.0,6100.0,planted,1.2131147540983607
VN.ADM1.00002,soybean_unspecified,2005,7500.0,6000.0,planted,1.25
VN.ADM1.00002,soybean_unspecified,2006,6500.0,5200.0,planted,1.25
VN.ADM1.00002,soybean_unspecified,2007,5900.0,4400.0,planted,1.3409090909090908
VN.ADM1.00002,soybean_unspecified,2008,6400.0,4300.0,planted,1.4883720930232558
VN.ADM1.00002,soybean_unspecified,2009,6700.0,4300.0,planted,1.558139534883721
VN.ADM1.00002,soybean_unspecified,2010,5400.0,3600.0,planted,1.5
VN.ADM1.00002,soybean_unspecified,2011,5200.0,3400.0,planted,1.5294117647058822
VN.ADM1.00002,soybean_unspecified,2012,4700.0,3000.0,planted,1.5666666666666667
VN.ADM1.00002,soybean_unspecified,2013,4100.0,2600.0,planted,1.5769230769230769
VN.ADM1.00002,soybean_unspecified,2014,3300.0,2200.0,planted,1.5
VN.ADM1.00002,soybean_unspecified,2015,3100.0,2000.0,planted,1.55
VN.ADM1.00005,soybean_unspecified,1995,5300.0,7500.0,planted,0.7066666666666667
VN.ADM1.00005,soybean_unspecified,1996,3600.0,6800.0,planted,0.5294117647058824
VN.ADM1.00005,soybean_unspecified,1997,3800.0,6600.0,planted,0.5757575757575758
VN.ADM1.00005,soybean_unspecified,1998,4000.0,6800.0,planted,0.5882352941176471
VN.ADM1.00005,soybean_unspecified,1999,3500.0,6200.0,planted,0.5645161290322581
VN.ADM1.00005,soybean_unspecified,2000,4300.0,6900.0,planted,0.6231884057971014
VN.ADM1.00005,soybean_unspecified,2001,4600.0,7000.0,planted,0.6571428571428571
VN.ADM1.00005,soybean_unspecified,2002,4900.0,7000.0,planted,0.7
VN.ADM1.00005,soybean_unspecified,2003,5400.0,7200.0,planted,0.75
VN.ADM1.00005,soybean_unspecified,2004,5200.0,7300.0,planted,0.7123287671232876
VN.ADM1.00005,soybean_unspecified,2005,5800.0,7600.0,planted,0.7631578947368421
VN.ADM1.00005,soybean_unspecified,2006,4400.0,6400.0,planted,0.6875
VN.ADM1.00005,soybean_unspecified,2007,5200.0,6200.0,planted,0.8387096774193549
VN.ADM1.00005,soybean_unspecified,2008,5100.0,6200.0,planted,0.8225806451612904
VN.ADM1.00005,soybean_unspecified,2009,4200.0,5700.0,planted,0.7368421052631579
VN.ADM1.00005,soybean_unspecified,2010,4600.0,5600.0,planted,0.8214285714285714
VN.ADM1.00005,soybean_unspecified,2011,4600.0,5500.0,planted,0.8363636363636363
VN.ADM1.00005,soybean_unspecified,2012,4600.0,5400.0,planted,0.8518518518518519
VN.ADM1.00005,soybean_unspecified,2013,4100.0,4800.0,planted,0.8541666666666666
VN.ADM1.00005,soybean_unspecified,2014,4100.0,4700.0,planted,0.8723404255319149
VN.ADM1.00005,soybean_unspecified,2015,4000.0,4400.0,planted,0.9090909090909091
VN.ADM1.00007,soybean_unspecified,1995,10900.0,9800.0,planted,1.1122448979591837
VN.ADM1.00007,soybean_unspecified,1996,12300.0,10900.0,planted,1.128440366972477
VN.ADM1.00007,soybean_unspecified,1997,12200.0,10600.0,planted,1.150943396226415
VN.ADM1.00007,soybean_unspecified,1998,10600.0,10900.0,planted,0.9724770642201835
VN.ADM1.00007,soybean_unspecified,1999,14600.0,11300.0,planted,1.2920353982300885
VN.ADM1.00007,soybean_unspecified,2000,21100.0,15000.0,planted,1.4066666666666667
VN.ADM1.00007,soybean_unspecified,2001,19700.0,15400.0,planted,1.2792207792207793
VN.ADM1.00007,soybean_unspecified,2002,28700.0,21000.0,planted,1.3666666666666667
VN.ADM1.00007,soybean_unspecified,2003,37300.0,22600.0,planted,1.6504424778761062
VN.ADM1.00007,soybean_unspecified,2004,25100.0,25700.0,planted,0.9766536964980544
VN.ADM1.00007,soybean_unspecified,2005,42000.0,26600.0,planted,1.5789473684210527
VN.ADM1.00007,soybean_unspecified,2006,37100.0,23300.0,planted,1.592274678111588
VN.ADM1.00007,soybean_unspecified,2007,41600.0,24300.0,planted,1.7119341563786008
VN.ADM1.00007,soybean_unspecified,2008,41700.0,24200.0,planted,1.7231404958677685
VN.ADM1.00007,soybean_unspecified,2009,44100.0,24200.0,planted,1.822314049586777
VN.ADM1.00007,soybean_unspecified,2010,42800.0,23400.0,planted,1.829059829059829
VN.ADM1.00007,soybean_unspecified,2011,32900.0,19000.0,planted,1.731578947368421
VN.ADM1.00007,soybean_unspecified,2012,22500.0,14300.0,planted,1.5734265734265733
VN.ADM1.00007,soybean_unspecified,2013,15300.0,9000.0,planted,1.7
VN.ADM1.00007,soybean_unspecified,2014,13500.0,8600.0,planted,1.569767441860465
VN.ADM1.00007,soybean_unspecified,2015,13100.0,8500.0,planted,1.5411764705882354
VN.ADM1.00008,soybean_unspecified,1995,9900.0,13100.0,planted,0.7557251908396947
VN.ADM1.00008,soybean_unspecified,1996,7000.0,8800.0,planted,0.7954545454545454
VN.ADM1.00008,soybean_unspecified,1997,11400.0,12900.0,planted,0.8837209302325582
VN.ADM1.00008,soybean_unspecified,1998,11800.0,14400.0,planted,0.8194444444444444
VN.ADM1.00008,soybean_unspecified,1999,9600.0,13700.0,planted,0.7007299270072993
VN.ADM1.00008,soybean_unspecified,2000,5000.0,9900.0,planted,0.5050505050505051
VN.ADM1.00008,soybean_unspecified,2001,8000.0,9500.0,planted,0.8421052631578947
VN.ADM1.00008,soybean_unspecified,2002,6300.0,7800.0,planted,0.8076923076923077
VN.ADM1.00008,soybean_unspecified,2003,6400.0,7600.0,planted,0.8421052631578947
VN.ADM1.00008,soybean_unspecified,2004,4400.0,5200.0,planted,0.8461538461538461
VN.ADM1.00008,soybean_unspecified,2005,4800.0,4500.0,planted,1.0666666666666667
VN.ADM1.00008,soybean_unspecified,2006,3200.0,3200.0,planted,1.0
VN.ADM1.00008,soybean_unspecified,2007,3200.0,2800.0,planted,1.1428571428571428
VN.ADM1.00008,soybean_unspecified,2008,2100.0,1800.0,planted,1.1666666666666667
VN.ADM1.00008,soybean_unspecified,2009,1600.0,1200.0,planted,1.3333333333333333
VN.ADM1.00008,soybean_unspecified,2010,2200.0,1600.0,planted,1.375
VN.ADM1.00008,soybean_unspecified,2011,1100.0,700.0,planted,1.5714285714285714
VN.ADM1.00008,soybean_unspecified,2012,900.0,600.0,planted,1.5
VN.ADM1.00008,soybean_unspecified,2013,600.0,400.0,planted,1.5
VN.ADM1.00008,soybean_unspecified,2014,400.0,300.0,planted,1.3333333333333333
VN.ADM1.00008,soybean_unspecified,2015,500.0,300.0,planted,1.6666666666666667
VN.ADM1.00009,soybean_unspecified,1995,15600.0,7900.0,planted,1.9746835443037976
VN.ADM1.00009,soybean_unspecified,1996,12900.0,6400.0,planted,2.015625
VN.ADM1.00009,soybean_unspecified,1997,10600.0,5000.0,planted,2.12
VN.ADM1.00009,soybean_unspecified,1998,15200.0,7200.0,planted,2.111111111111111
VN.ADM1.00009,soybean_unspecified,1999,12700.0,5900.0,planted,2.152542372881356
VN.ADM1.00009,soybean_unspecified,2000,6600.0,3200.0,planted,2.0625
VN.ADM1.00009,soybean_unspecified,2001,12700.0,5900.0,planted,2.152542372881356
VN.ADM1.00009,soybean_unspecified,2002,15000.0,7200.0,planted,2.0833333333333335
VN.ADM1.00009,soybean_unspecified,2003,16200.0,7600.0,planted,2.1315789473684212
VN.ADM1.00009,soybean_unspecified,2004,21500.0,10400.0,planted,2.0673076923076925
VN.ADM1.00009,soybean_unspecified,2005,24100.0,11500.0,planted,2.0956521739130434
VN.ADM1.00009,soybean_unspecified,2006,14000.0,6700.0,planted,2.08955223880597
VN.ADM1.00009,soybean_unspecified,2007,16600.0,7300.0,planted,2.2739726027397262
VN.ADM1.00009,soybean_unspecified,2008,13700.0,6200.0,planted,2.2096774193548385
VN.ADM1.00009,soybean_unspecified,2009,10700.0,5300.0,planted,2.018867924528302
VN.ADM1.00009,soybean_unspecified,2010,9800.0,4900.0,planted,2.0
VN.ADM1.00009,soybean_unspecified,2011,4500.0,2500.0,planted,1.8
VN.ADM1.00009,soybean_unspecified,2012,3400.0,1700.0,planted,2.0
VN.ADM1.00009,soybean_unspecified,2013,1800.0,900.0,planted,2.0
VN.ADM1.00009,soybean_unspecified,2014,1400.0,700.0,planted,2.0
VN.ADM1.00009,soybean_unspecified,2015,600.0,300.0,planted,2.0
VN.ADM1.00011,soybean_unspecified,1996,5900.0,7000.0,planted,0.8428571428571429
VN.ADM1.00011,soybean_unspecified,1997,7000.0,6800.0,planted,1.0294117647058822
VN.ADM1.00011,soybean_unspecified,1998,8200.0,7800.0,planted,1.0512820512820513
VN.ADM1.00011,soybean_unspecified,1999,7600.0,7300.0,planted,1.0410958904109588
VN.ADM1.00011,soybean_unspecified,2000,8400.0,6900.0,planted,1.2173913043478262
VN.ADM1.00011,soybean_unspecified,2001,9700.0,7500.0,planted,1.2933333333333332
VN.ADM1.00011,soybean_unspecified,2002,10800.0,7800.0,planted,1.3846153846153846
VN.ADM1.00011,soybean_unspecified,2003,11200.0,7500.0,planted,1.4933333333333334
VN.ADM1.00011,soybean_unspecified,2004,10300.0,6700.0,planted,1.537313432835821
VN.ADM1.00011,soybean_unspecified,2005,8900.0,5900.0,planted,1.5084745762711864
VN.ADM1.00011,soybean_unspecified,2006,7400.0,4900.0,planted,1.510204081632653
VN.ADM1.00011,soybean_unspecified,2007,6600.0,4300.0,planted,1.5348837209302326
VN.ADM1.00011,soybean_unspecified,2008,7100.0,4600.0,planted,1.5434782608695652
VN.ADM1.00011,soybean_unspecified,2009,7000.0,5100.0,planted,1.3725490196078431
VN.ADM1.00011,soybean_unspecified,2010,8100.0,4900.0,planted,1.653061224489796
VN.ADM1.00011,soybean_unspecified,2011,6000.0,3600.0,planted,1.6666666666666667
VN.ADM1.00011,soybean_unspecified,2012,5000.0,2800.0,planted,1.7857142857142858
VN.ADM1.00011,soybean_unspecified,2013,4200.0,2300.0,planted,1.826086956521739
VN.ADM1.00011,soybean_unspecified,2014,4000.0,1900.0,planted,2.1052631578947367
VN.ADM1.00011,soybean_unspecified,2015,3200.0,1600.0,planted,2.0
VN.ADM1.00012,soybean_unspecified,1996,2700.0,3000.0,planted,0.9
VN.ADM1.00012,soybean_unspecified,1997,3000.0,2600.0,planted,1.1538461538461537
VN.ADM1.00012,soybean_unspecified,1998,4900.0,3500.0,planted,1.4
VN.ADM1.00012,soybean_unspecified,1999,5800.0,4000.0,planted,1.45
VN.ADM1.00012,soybean_unspecified,2000,6400.0,4300.0,planted,1.4883720930232558
VN.ADM1.00012,soybean_unspecified,2001,7400.0,4600.0,planted,1.608695652173913
VN.ADM1.00012,soybean_unspecified,2002,9000.0,5200.0,planted,1.7307692307692308
VN.ADM1.00012,soybean_unspecified,2003,8900.0,5700.0,planted,1.5614035087719298
VN.ADM1.00012,soybean_unspecified,2004,10800.0,6300.0,planted,1.7142857142857142
VN.ADM1.00012,soybean_unspecified,2005,14800.0,9400.0,planted,1.574468085106383
VN.ADM1.00012,soybean_unspecified,2006,16400.0,11300.0,planted,1.4513274336283186
VN.ADM1.00012,soybean_unspecified,2007,17600.0,11400.0,planted,1.543859649122807
VN.ADM1.00012,soybean_unspecified,2008,18400.0,13400.0,planted,1.373134328358209
VN.ADM1.00012,soybean_unspecified,2009,6300.0,3800.0,planted,1.6578947368421053
VN.ADM1.00012,soybean_unspecified,2010,21400.0,14400.0,planted,1.4861111111111112
VN.ADM1.00012,soybean_unspecified,2011,22200.0,15100.0,planted,1.4701986754966887
VN.ADM1.00012,soybean_unspecified,2012,10400.0,6700.0,planted,1.5522388059701493
VN.ADM1.00012,soybean_unspecified,2013,10300.0,7600.0,planted,1.355263157894737
VN.ADM1.00012,soybean_unspecified,2014,11600.0,7700.0,planted,1.5064935064935066
VN.ADM1.00012,soybean_unspecified,2015,9000.0,5600.0,planted,1.6071428571428572
VN.ADM1.00013,soybean_unspecified,1995,14000.0,13600.0,planted,1.0294117647058822
VN.ADM1.00013,soybean_unspecified,1996,13700.0,14000.0,planted,0.9785714285714285
VN.ADM1.00013,soybean_unspecified,1997,11300.0,10500.0,planted,1.0761904761904761
VN.ADM1.00013,soybean_unspecified,1998,15600.0,14000.0,planted,1.1142857142857143
VN.ADM1.00013,soybean_unspecified,1999,21100.0,17400.0,planted,1.2126436781609196
VN.ADM1.00013,soybean_unspecified,2000,17600.0,16900.0,planted,1.0414201183431953
VN.ADM1.00013,soybean_unspecified,2001,21600.0,17100.0,planted,1.263157894736842
VN.ADM1.00013,soybean_unspecified,2002,25600.0,20200.0,planted,1.2673267326732673
VN.ADM1.00013,soybean_unspecified,2003,25900.0,20100.0,planted,1.2885572139303483
VN.ADM1.00013,soybean_unspecified,2004,34300.0,23100.0,planted,1.4848484848484849
VN.ADM1.00013,soybean_unspecified,2005,48000.0,31700.0,planted,1.5141955835962144
VN.ADM1.00013,soybean_unspecified,2006,53200.0,35800.0,planted,1.4860335195530727
VN.ADM1.00013,soybean_unspecified,2007,58100.0,37900.0,planted,1.5329815303430079
VN.ADM1.00013,soybean_unspecified,2008,47500.0,37600.0,planted,1.2632978723404256
VN.ADM1.00013,soybean_unspecified,2009,13600.0,8800.0,planted,1.5454545454545454
VN.ADM1.00013,soybean_unspecified,2010,58500.0,37300.0,planted,1.5683646112600536
VN.ADM1.00013,soybean_unspecified,2011,52200.0,33600.0,planted,1.5535714285714286
VN.ADM1.00013,soybean_unspecified,2012,20700.0,12700.0,planted,1.6299212598425197
VN.ADM1.00013,soybean_unspecified,2013,31300.0,20400.0,planted,1.5343137254901962
VN.ADM1.00013,soybean_unspecified,2014,28200.0,19000.0,planted,1.4842105263157894
VN.ADM1.00013,soybean_unspecified,2015,30900.0,20600.0,planted,1.5
VN.ADM1.00015,soybean_unspecified,1995,4200.0,5700.0,planted,0.7368421052631579
VN.ADM1.00015,soybean_unspecified,1996,4700.0,6100.0,planted,0.7704918032786885
VN.ADM1.00015,soybean_unspecified,1997,5100.0,6600.0,planted,0.7727272727272727
VN.ADM1.00015,soybean_unspecified,1998,6100.0,7800.0,planted,0.782051282051282
VN.ADM1.00015,soybean_unspecified,1999,5700.0,7700.0,planted,0.7402597402597403
VN.ADM1.00015,soybean_unspecified,2000,6500.0,8000.0,planted,0.8125
VN.ADM1.00015,soybean_unspecified,2001,8800.0,10200.0,planted,0.8627450980392157
VN.ADM1.00015,soybean_unspecified,2002,9900.0,11700.0,planted,0.8461538461538461
VN.ADM1.00015,soybean_unspecified,2003,12400.0,14200.0,planted,0.8732394366197183
VN.ADM1.00015,soybean_unspecified,2004,15800.0,17000.0,planted,0.9294117647058824
VN.ADM1.00015,soybean_unspecified,2005,17500.0,17700.0,planted,0.9887005649717514
VN.ADM1.00015,soybean_unspecified,2006,17300.0,18100.0,planted,0.9558011049723757
VN.ADM1.00015,soybean_unspecified,2007,18200.0,18500.0,planted,0.9837837837837838
VN.ADM1.00015,soybean_unspecified,2008,24900.0,22700.0,planted,1.0969162995594715
VN.ADM1.00015,soybean_unspecified,2009,27800.0,23500.0,planted,1.1829787234042553
VN.ADM1.00015,soybean_unspecified,2010,27800.0,23500.0,planted,1.1829787234042553
VN.ADM1.00015,soybean_unspecified,2011,29300.0,24100.0,planted,1.2157676348547717
VN.ADM1.00015,soybean_unspecified,2012,29500.0,24200.0,planted,1.21900826446281
VN.ADM1.00015,soybean_unspecified,2013,31700.0,24500.0,planted,1.2938775510204081
VN.ADM1.00015,soybean_unspecified,2014,32700.0,25000.0,planted,1.308
VN.ADM1.00015,soybean_unspecified,2015,33700.0,24900.0,planted,1.3534136546184738
VN.ADM1.00016,soybean_unspecified,1996,9100.0,7300.0,planted,1.2465753424657535
VN.ADM1.00016,soybean_unspecified,1997,6000.0,4200.0,planted,1.4285714285714286
VN.ADM1.00016,soybean_unspecified,1998,10000.0,6000.0,planted,1.6666666666666667
VN.ADM1.00016,soybean_unspecified,1999,9900.0,6100.0,planted,1.6229508196721312
VN.ADM1.00016,soybean_unspecified,2000,9000.0,5400.0,planted,1.6666666666666667
VN.ADM1.00016,soybean_unspecified,2001,10400.0,6200.0,planted,1.6774193548387097
VN.ADM1.00016,soybean_unspecified,2002,12200.0,7000.0,planted,1.7428571428571429
VN.ADM1.00016,soybean_unspecified,2003,12300.0,6800.0,planted,1.8088235294117647
VN.ADM1.00016,soybean_unspecified,2004,13800.0,7400.0,planted,1.864864864864865
VN.ADM1.00016,soybean_unspecified,2005,16800.0,9600.0,planted,1.75
VN.ADM1.00016,soybean_unspecified,2006,11300.0,6300.0,planted,1.7936507936507937
VN.ADM1.00016,soybean_unspecified,2007,10400.0,5700.0,planted,1.8245614035087718
VN.ADM1.00016,soybean_unspecified,2008,9200.0,5000.0,planted,1.84
VN.ADM1.00016,soybean_unspecified,2009,8500.0,4600.0,planted,1.8478260869565217
VN.ADM1.00016,soybean_unspecified,2010,9900.0,5000.0,planted,1.98
VN.ADM1.00016,soybean_unspecified,2011,8300.0,4100.0,planted,2.024390243902439
VN.ADM1.00016,soybean_unspecified,2012,6200.0,3000.0,planted,2.066666666666667
VN.ADM1.00016,soybean_unspecified,2013,5900.0,3000.0,planted,1.9666666666666666
VN.ADM1.00016,soybean_unspecified,2014,5100.0,2600.0,planted,1.9615384615384615
VN.ADM1.00016,soybean_unspecified,2015,5400.0,2700.0,planted,2.0
VN.ADM1.00020,soybean_unspecified,1995,1700.0,3000.0,planted,0.5666666666666667
VN.ADM1.00020,soybean_unspecified,1996,1900.0,3200.0,planted,0.59375
VN.ADM1.00020,soybean_unspecified,1997,2100.0,3700.0,planted,0.5675675675675675
VN.ADM1.00020,soybean_unspecified,1998,2100.0,3400.0,planted,0.6176470588235294
VN.ADM1.00020,soybean_unspecified,1999,2000.0,3700.0,planted,0.5405405405405406
VN.ADM1.00020,soybean_unspecified,2000,2200.0,3600.0,planted,0.6111111111111112
VN.ADM1.00020,soybean_unspecified,2001,2700.0,4300.0,planted,0.627906976744186
VN.ADM1.00020,soybean_unspecified,2002,3500.0,4700.0,planted,0.7446808510638298
VN.ADM1.00020,soybean_unspecified,2003,4100.0,5000.0,planted,0.82
VN.ADM1.00020,soybean_unspecified,2004,4200.0,5200.0,planted,0.8076923076923077
VN.ADM1.00020,soybean_unspecified,2005,4700.0,5300.0,planted,0.8867924528301887
VN.ADM1.00020,soybean_unspecified,2006,4700.0,5600.0,planted,0.8392857142857143
VN.ADM1.00020,soybean_unspecified,2007,5400.0,5700.0,planted,0.9473684210526315
VN.ADM1.00020,soybean_unspecified,2008,4900.0,5200.0,planted,0.9423076923076923
VN.ADM1.00020,soybean_unspecified,2009,5300.0,5400.0,planted,0.9814814814814815
VN.ADM1.00020,soybean_unspecified,2010,4900.0,5000.0,planted,0.98
VN.ADM1.00020,soybean_unspecified,2011,5300.0,4900.0,planted,1.0816326530612246
VN.ADM1.00020,soybean_unspecified,2012,5200.0,4900.0,planted,1.0612244897959184
VN.ADM1.00020,soybean_unspecified,2013,5200.0,4900.0,planted,1.0612244897959184
VN.ADM1.00020,soybean_unspecified,2014,5300.0,4900.0,planted,1.0816326530612246
VN.ADM1.00020,soybean_unspecified,2015,5500.0,5000.0,planted,1.1
VN.ADM1.00022,soybean_unspecified,1995,2700.0,2700.0,planted,1.0
VN.ADM1.00022,soybean_unspecified,1996,1900.0,2900.0,planted,0.6551724137931034
VN.ADM1.00022,soybean_unspecified,1997,2200.0,3500.0,planted,0.6285714285714286
VN.ADM1.00022,soybean_unspecified,1998,2700.0,3400.0,planted,0.7941176470588235
VN.ADM1.00022,soybean_unspecified,1999,2500.0,3600.0,planted,0.6944444444444444
VN.ADM1.00022,soybean_unspecified,2000,3000.0,3900.0,planted,0.7692307692307693
VN.ADM1.00022,soybean_unspecified,2001,3600.0,4300.0,planted,0.8372093023255814
VN.ADM1.00022,soybean_unspecified,2002,4900.0,5000.0,planted,0.98
VN.ADM1.00022,soybean_unspecified,2003,7300.0,7300.0,planted,1.0
VN.ADM1.00022,soybean_unspecified,2004,7900.0,7600.0,planted,1.0394736842105263
VN.ADM1.00022,soybean_unspecified,2005,11400.0,10300.0,planted,1.1067961165048543
VN.ADM1.00022,soybean_unspecified,2006,12400.0,10900.0,planted,1.1376146788990826
VN.ADM1.00022,soybean_unspecified,2007,13000.0,11200.0,planted,1.1607142857142858
VN.ADM1.00022,soybean_unspecified,2008,15100.0,12300.0,planted,1.2276422764227641
VN.ADM1.00022,soybean_unspecified,2009,14000.0,11500.0,planted,1.2173913043478262
VN.ADM1.00022,soybean_unspecified,2010,12200.0,10100.0,planted,1.2079207920792079
VN.ADM1.00022,soybean_unspecified,2011,12100.0,9700.0,planted,1.2474226804123711
VN.ADM1.00022,soybean_unspecified,2012,11300.0,9100.0,planted,1.2417582417582418
VN.ADM1.00022,soybean_unspecified,2013,10000.0,8200.0,planted,1.2195121951219512
VN.ADM1.00022,soybean_unspecified,2014,9600.0,7800.0,planted,1.2307692307692308
VN.ADM1.00022,soybean_unspecified,2015,8700.0,7100.0,planted,1.2253521126760563
VN.ADM1.00024,soybean_unspecified,1995,2300.0,2400.0,planted,0.9583333333333334
VN.ADM1.00024,soybean_unspecified,1996,2800.0,2600.0,planted,1.0769230769230769
VN.ADM1.00024,soybean_unspecified,1997,3100.0,2700.0,planted,1.1481481481481481
VN.ADM1.00024,soybean_unspecified,1998,3000.0,2800.0,planted,1.0714285714285714
VN.ADM1.00024,soybean_unspecified,1999,2100.0,2000.0,planted,1.05
VN.ADM1.00024,soybean_unspecified,2000,2300.0,2000.0,planted,1.15
VN.ADM1.00024,soybean_unspecified,2001,2500.0,2100.0,planted,1.1904761904761905
VN.ADM1.00024,soybean_unspecified,2002,2500.0,2000.0,planted,1.25
VN.ADM1.00024,soybean_unspecified,2003,2300.0,2100.0,planted,1.0952380952380953
VN.ADM1.00024,soybean_unspecified,2004,2900.0,2300.0,planted,1.2608695652173914
VN.ADM1.00024,soybean_unspecified,2005,3400.0,2400.0,planted,1.4166666666666667
VN.ADM1.00024,soybean_unspecified,2006,2000.0,2100.0,planted,0.9523809523809523
VN.ADM1.00024,soybean_unspecified,2007,3000.0,2000.0,planted,1.5
VN.ADM1.00024,soybean_unspecified,2008,2700.0,2000.0,planted,1.35
VN.ADM1.00024,soybean_unspecified,2009,2300.0,1800.0,planted,1.2777777777777777
VN.ADM1.00024,soybean_unspecified,2010,2300.0,1600.0,planted,1.4375
VN.ADM1.00024,soybean_unspecified,2011,2100.0,1400.0,planted,1.5
VN.ADM1.00024,soybean_unspecified,2012,1800.0,1300.0,planted,1.3846153846153846
VN.ADM1.00024,soybean_unspecified,2013,1800.0,1200.0,planted,1.5
VN.ADM1.00024,soybean_unspecified,2014,1700.0,1200.0,planted,1.4166666666666667
VN.ADM1.00024,soybean_unspecified,2015,1500.0,1100.0,planted,1.3636363636363635
VN.ADM1.00031,soybean_unspecified,1995,1500.0,2100.0,planted,0.7142857142857143
VN.ADM1.00031,soybean_unspecified,1996,1400.0,1900.0,planted,0.7368421052631579
VN.ADM1.00031,soybean_unspecified,1997,1600.0,1700.0,planted,0.9411764705882353
VN.ADM1.00031,soybean_unspecified,1998,1600.0,1800.0,planted,0.8888888888888888
VN.ADM1.00031,soybean_unspecified,1999,1200.0,1500.0,planted,0.8
VN.ADM1.00031,soybean_unspecified,2000,1200.0,1400.0,planted,0.8571428571428571
VN.ADM1.00031,soybean_unspecified,2001,1200.0,1300.0,planted,0.9230769230769231
VN.ADM1.00031,soybean_unspecified,2002,1200.0,1300.0,planted,0.9230769230769231
VN.ADM1.00031,soybean_unspecified,2003,1200.0,1200.0,planted,1.0
VN.ADM1.00031,soybean_unspecified,2004,1100.0,1000.0,planted,1.1
VN.ADM1.00031,soybean_unspecified,2005,1000.0,900.0,planted,1.1111111111111112
VN.ADM1.00031,soybean_unspecified,2006,1100.0,1000.0,planted,1.1
VN.ADM1.00031,soybean_unspecified,2007,1100.0,900.0,planted,1.2222222222222223
VN.ADM1.00031,soybean_unspecified,2008,1100.0,900.0,planted,1.2222222222222223
VN.ADM1.00031,soybean_unspecified,2009,1300.0,1000.0,planted,1.3
VN.ADM1.00031,soybean_unspecified,2010,1000.0,900.0,planted,1.1111111111111112
VN.ADM1.00031,soybean_unspecified,2011,1000.0,800.0,planted,1.25
VN.ADM1.00031,soybean_unspecified,2012,1000.0,800.0,planted,1.25
VN.ADM1.00031,soybean_unspecified,2013,1000.0,800.0,planted,1.25
VN.ADM1.00031,soybean_unspecified,2014,800.0,600.0,planted,1.3333333333333333
VN.ADM1.00031,soybean_unspecified,2015,600.0,500.0,planted,1.2
VN.ADM1.00032,soybean_unspecified,1995,5200.0,8000.0,planted,0.65
VN.ADM1.00032,soybean_unspecified,1996,4900.0,7500.0,planted,0.6533333333333333
VN.ADM1.00032,soybean_unspecified,1997,5700.0,6900.0,planted,0.8260869565217391
VN.ADM1.00032,soybean_unspecified,1998,7800.0,8800.0,planted,0.8863636363636364
VN.ADM1.00032,soybean_unspecified,1999,7800.0,8400.0,planted,0.9285714285714286
VN.ADM1.00032,soybean_unspecified,2000,9500.0,9500.0,planted,1.0
VN.ADM1.00032,soybean_unspecified,2001,9400.0,10000.0,planted,0.94
VN.ADM1.00032,soybean_unspecified,2002,11500.0,10800.0,planted,1.0648148148148149
VN.ADM1.00032,soybean_unspecified,2003,12100.0,12200.0,planted,0.9918032786885246
VN.ADM1.00032,soybean_unspecified,2004,14800.0,13200.0,planted,1.121212121212121
VN.ADM1.00032,soybean_unspecified,2005,13600.0,12100.0,planted,1.1239669421487604
VN.ADM1.00032,soybean_unspecified,2006,11100.0,9200.0,planted,1.2065217391304348
VN.ADM1.00032,soybean_unspecified,2007,11500.0,9200.0,planted,1.25
VN.ADM1.00032,soybean_unspecified,2008,10000.0,7700.0,planted,1.2987012987012987
VN.ADM1.00032,soybean_unspecified,2009,10100.0,7500.0,planted,1.3466666666666667
VN.ADM1.00032,soybean_unspecified,2010,10600.0,7400.0,planted,1.4324324324324325
VN.ADM1.00032,soybean_unspecified,2011,10600.0,7400.0,planted,1.4324324324324325
VN.ADM1.00032,soybean_unspecified,2012,4600.0,3600.0,planted,1.2777777777777777
VN.ADM1.00032,soybean_unspecified,2013,3400.0,2700.0,planted,1.2592592592592593
VN.ADM1.00032,soybean_unspecified,2014,2600.0,2100.0,planted,1.2380952380952381
VN.ADM1.00032,soybean_unspecified,2015,1500.0,1400.0,planted,1.0714285714285714
VN.ADM1.00035,soybean_unspecified,1995,5500.0,4000.0,planted,1.375
VN.ADM1.00035,soybean_unspecified,1996,4400.0,3500.0,planted,1.2571428571428571
VN.ADM1.00035,soybean_unspecified,1997,5100.0,3200.0,planted,1.59375
VN.ADM1.00035,soybean_unspecified,1998,6200.0,3300.0,planted,1.878787878787879
VN.ADM1.00035,soybean_unspecified,1999,5600.0,3200.0,planted,1.75
VN.ADM1.00035,soybean_unspecified,2000,6400.0,3000.0,planted,2.1333333333333333
VN.ADM1.00035,soybean_unspecified,2001,6400.0,3000.0,planted,2.1333333333333333
VN.ADM1.00035,soybean_unspecified,2002,6600.0,3300.0,planted,2.0
VN.ADM1.00035,soybean_unspecified,2003,7800.0,3800.0,planted,2.0526315789473686
VN.ADM1.00035,soybean_unspecified,2004,11900.0,6000.0,planted,1.9833333333333334
VN.ADM1.00035,soybean_unspecified,2005,11800.0,6200.0,planted,1.903225806451613
VN.ADM1.00035,soybean_unspecified,2006,12400.0,6700.0,planted,1.8507462686567164
VN.ADM1.00035,soybean_unspecified,2007,13800.0,7200.0,planted,1.9166666666666667
VN.ADM1.00035,soybean_unspecified,2008,14000.0,7300.0,planted,1.917808219178082
VN.ADM1.00035,soybean_unspecified,2009,16800.0,10200.0,planted,1.6470588235294117
VN.ADM1.00035,soybean_unspecified,2010,27100.0,15700.0,planted,1.7261146496815287
VN.ADM1.00035,soybean_unspecified,2011,24800.0,13900.0,planted,1.7841726618705036
VN.ADM1.00035,soybean_unspecified,2012,12500.0,6800.0,planted,1.838235294117647
VN.ADM1.00035,soybean_unspecified,2013,8700.0,5000.0,planted,1.74
VN.ADM1.00035,soybean_unspecified,2014,9300.0,5100.0,planted,1.8235294117647058
VN.ADM1.00035,soybean_unspecified,2015,8300.0,4500.0,planted,1.8444444444444446
VN.ADM1.00036,soybean_unspecified,1995,1900.0,2300.0,planted,0.8260869565217391
VN.ADM1.00036,soybean_unspecified,1996,1000.0,1500.0,planted,0.6666666666666666
VN.ADM1.00036,soybean_unspecified,1997,1500.0,1400.0,planted,1.0714285714285714
VN.ADM1.00036,soybean_unspecified,1998,2800.0,2300.0,planted,1.2173913043478262
VN.ADM1.00036,soybean_unspecified,1999,3000.0,2700.0,planted,1.1111111111111112
VN.ADM1.00036,soybean_unspecified,2000,3400.0,2700.0,planted,1.2592592592592593
VN.ADM1.00036,soybean_unspecified,2001,6300.0,4700.0,planted,1.3404255319148937
VN.ADM1.00036,soybean_unspecified,2002,8900.0,6700.0,planted,1.328358208955224
VN.ADM1.00036,soybean_unspecified,2003,8600.0,6700.0,planted,1.2835820895522387
VN.ADM1.00036,soybean_unspecified,2004,8600.0,6200.0,planted,1.3870967741935485
VN.ADM1.00036,soybean_unspecified,2005,7300.0,5600.0,planted,1.3035714285714286
VN.ADM1.00036,soybean_unspecified,2006,6600.0,4900.0,planted,1.346938775510204
VN.ADM1.00036,soybean_unspecified,2007,7600.0,5300.0,planted,1.4339622641509433
VN.ADM1.00036,soybean_unspecified,2008,6300.0,4400.0,planted,1.4318181818181819
VN.ADM1.00036,soybean_unspecified,2009,7400.0,4700.0,planted,1.574468085106383
VN.ADM1.00036,soybean_unspecified,2010,9300.0,6000.0,planted,1.55
VN.ADM1.00036,soybean_unspecified,2011,14400.0,9600.0,planted,1.5
VN.ADM1.00036,soybean_unspecified,2012,12100.0,7800.0,planted,1.5512820512820513
VN.ADM1.00036,soybean_unspecified,2013,13800.0,9300.0,planted,1.4838709677419355
VN.ADM1.00036,soybean_unspecified,2014,11200.0,7600.0,planted,1.4736842105263157
VN.ADM1.00036,soybean_unspecified,2015,6300.0,4100.0,planted,1.5365853658536586
VN.ADM1.00039,soybean_unspecified,1996,2400.0,2500.0,planted,0.96
VN.ADM1.00039,soybean_unspecified,1997,3000.0,2800.0,planted,1.0714285714285714
VN.ADM1.00039,soybean_unspecified,1998,4500.0,4400.0,planted,1.0227272727272727
VN.ADM1.00039,soybean_unspecified,1999,6900.0,6000.0,planted,1.15
VN.ADM1.00039,soybean_unspecified,2000,5700.0,4600.0,planted,1.2391304347826086
VN.ADM1.00039,soybean_unspecified,2001,6300.0,5400.0,planted,1.1666666666666667
VN.ADM1.00039,soybean_unspecified,2002,7500.0,5900.0,planted,1.271186440677966
VN.ADM1.00039,soybean_unspecified,2003,7600.0,5600.0,planted,1.3571428571428572
VN.ADM1.00039,soybean_unspecified,2004,9700.0,6200.0,planted,1.564516129032258
VN.ADM1.00039,soybean_unspecified,2005,13300.0,8500.0,planted,1.5647058823529412
VN.ADM1.00039,soybean_unspecified,2006,10200.0,6900.0,planted,1.4782608695652173
VN.ADM1.00039,soybean_unspecified,2007,6400.0,4300.0,planted,1.4883720930232558
VN.ADM1.00039,soybean_unspecified,2008,10500.0,6200.0,planted,1.6935483870967742
VN.ADM1.00039,soybean_unspecified,2009,4200.0,2700.0,planted,1.5555555555555556
VN.ADM1.00039,soybean_unspecified,2010,10900.0,6200.0,planted,1.7580645161290323
VN.ADM1.00039,soybean_unspecified,2011,8000.0,4600.0,planted,1.7391304347826086
VN.ADM1.00039,soybean_unspecified,2012,4600.0,2900.0,planted,1.5862068965517242
VN.ADM1.00039,soybean_unspecified,2013,4500.0,2700.0,planted,1.6666666666666667
VN.ADM1.00039,soybean_unspecified,2014,4100.0,2400.0,planted,1.7083333333333333
VN.ADM1.00039,soybean_unspecified,2015,4600.0,2500.0,planted,1.84
VN.ADM1.00001,sugarcane,1980,140100.0,3300.0,planted,42.45454545454545
VN.ADM1.00001,sugarcane,1981,99100.0,2500.0,planted,39.64
VN.ADM1.00001,sugarcane,1982,114000.0,2400.0,planted,47.5
VN.ADM1.00001,sugarcane,1983,103900.0,3100.0,planted,33.516129032258064
VN.ADM1.00001,sugarcane,1984,170300.0,3200.0,planted,53.21875
VN.ADM1.00001,sugarcane,1985,111600.0,2100.0,planted,53.142857142857146
VN.ADM1.00001,sugarcane,1986,64000.0,1400.0,planted,45.714285714285715
VN.ADM1.00001,sugarcane,1987,127300.0,2800.0,planted,45.464285714285715
VN.ADM1.00001,sugarcane,1988,117600.0,2700.0,planted,43.55555555555556
VN.ADM1.00001,sugarcane,1989,101700.0,2300.0,planted,44.21739130434783
VN.ADM1.00001,sugarcane,1990,103200.0,2400.0,planted,43.0
VN.ADM1.00002,sugarcane,1980,41900.0,1500.0,planted,27.933333333333334
VN.ADM1.00002,sugarcane,1981,53200.0,1600.0,planted,33.25
VN.ADM1.00002,sugarcane,1982,58500.0,1800.0,planted,32.5
VN.ADM1.00002,sugarcane,1983,52000.0,1700.0,planted,30.58823529411765
VN.ADM1.00002,sugarcane,1984,56200.0,1500.0,planted,37.46666666666667
VN.ADM1.00002,sugarcane,1985,53000.0,1400.0,planted,37.857142857142854
VN.ADM1.00002,sugarcane,1986,52400.0,1400.0,planted,37.42857142857143
VN.ADM1.00002,sugarcane,1987,48100.0,1400.0,planted,34.357142857142854
VN.ADM1.00002,sugarcane,1988,46200.0,1400.0,planted,33.0
VN.ADM1.00002,sugarcane,1989,42900.0,1400.0,planted,30.642857142857142
VN.ADM1.00002,sugarcane,1990,33300.0,1100.0,planted,30.272727272727273
VN.ADM1.00003,sugarcane,1980,402700.0,9600.0,planted,41.947916666666664
VN.ADM1.00003,sugarcane,1981,337300.0,9100.0,planted,37.065934065934066
VN.ADM1.00003,sugarcane,1982,456500.0,9100.0,planted,50.16483516483517
VN.ADM1.00003,sugarcane,1983,500300.0,9300.0,planted,53.795698924731184
VN.ADM1.00003,sugarcane,1984,521000.0,9400.0,planted,55.42553191489362
VN.ADM1.00003,sugarcane,1985,386500.0,8200.0,planted,47.13414634146341
VN.ADM1.00003,sugarcane,1986,433900.0,7900.0,planted,54.924050632911396
VN.ADM1.00003,sugarcane,1987,443700.0,8500.0,planted,52.2
VN.ADM1.00003,sugarcane,1988,447400.0,8100.0,planted,55.23456790123457
VN.ADM1.00003,sugarcane,1989,450500.0,7900.0,planted,57.0253164556962
VN.ADM1.00003,sugarcane,1990,525500.0,9100.0,planted,57.747252747252745
VN.ADM1.00004,sugarcane,1980,11200.0,500.0,planted,22.4
VN.ADM1.00004,sugarcane,1981,15400.0,700.0,planted,22.0
VN.ADM1.00004,sugarcane,1982,17700.0,800.0,planted,22.125
VN.ADM1.00004,sugarcane,1983,28000.0,1100.0,planted,25.454545454545453
VN.ADM1.00004,sugarcane,1984,38200.0,1400.0,planted,27.285714285714285
VN.ADM1.00004,sugarcane,1985,10000.0,1400.0,planted,7.142857142857143
VN.ADM1.00004,sugarcane,1986,33400.0,1100.0,planted,30.363636363636363
VN.ADM1.00004,sugarcane,1987,44400.0,1300.0,planted,34.15384615384615
VN.ADM1.00004,sugarcane,1988,43100.0,1300.0,planted,33.15384615384615
VN.ADM1.00004,sugarcane,1989,26100.0,1000.0,planted,26.1
VN.ADM1.00004,sugarcane,1990,22800.0,900.0,planted,25.333333333333332
VN.ADM1.00005,sugarcane,1980,8900.0,500.0,planted,17.8
VN.ADM1.00005,sugarcane,1981,11500.0,600.0,planted,19.166666666666668
VN.ADM1.00005,sugarcane,1982,20300.0,800.0,planted,25.375
VN.ADM1.00005,sugarcane,1983,20700.0,900.0,planted,23.0
VN.ADM1.00005,sugarcane,1984,29600.0,1000.0,planted,29.6
VN.ADM1.00005,sugarcane,1985,28800.0,1100.0,planted,26.181818181818183
VN.ADM1.00005,sugarcane,1986,28700.0,1100.0,planted,26.09090909090909
VN.ADM1.00005,sugarcane,1987,30300.0,1100.0,planted,27.545454545454547
VN.ADM1.00005,sugarcane,1988,30700.0,1200.0,planted,25.583333333333332
VN.ADM1.00005,sugarcane,1989,26000.0,1000.0,planted,26.0
VN.ADM1.00005,sugarcane,1990,28100.0,1000.0,planted,28.1
VN.ADM1.00006,sugarcane,1980,228600.0,5700.0,planted,40.10526315789474
VN.ADM1.00006,sugarcane,1981,152900.0,3800.0,planted,40.23684210526316
VN.ADM1.00006,sugarcane,1982,171400.0,4200.0,planted,40.80952380952381
VN.ADM1.00006,sugarcane,1983,255900.0,6000.0,planted,42.65
VN.ADM1.00006,sugarcane,1984,348700.0,7300.0,planted,47.76712328767123
VN.ADM1.00006,sugarcane,1985,339800.0,7100.0,planted,47.859154929577464
VN.ADM1.00006,sugarcane,1986,248700.0,5400.0,planted,46.05555555555556
VN.ADM1.00006,sugarcane,1987,293400.0,6200.0,planted,47.32258064516129
VN.ADM1.00006,sugarcane,1988,266700.0,5600.0,planted,47.625
VN.ADM1.00006,sugarcane,1989,228800.0,4800.0,planted,47.666666666666664
VN.ADM1.00006,sugarcane,1990,206700.0,4300.0,planted,48.06976744186046
VN.ADM1.00007,sugarcane,1980,18100.0,400.0,planted,45.25
VN.ADM1.00007,sugarcane,1981,43500.0,1300.0,planted,33.46153846153846
VN.ADM1.00007,sugarcane,1982,61400.0,1800.0,planted,34.111111111111114
VN.ADM1.00007,sugarcane,1983,52500.0,1400.0,planted,37.5
VN.ADM1.00007,sugarcane,1984,77900.0,2500.0,planted,31.16
VN.ADM1.00007,sugarcane,1985,96700.0,2800.0,planted,34.535714285714285
VN.ADM1.00007,sugarcane,1986,77600.0,2100.0,planted,36.95238095238095
VN.ADM1.00007,sugarcane,1987,65200.0,1900.0,planted,34.31578947368421
VN.ADM1.00007,sugarcane,1988,80100.0,2100.0,planted,38.142857142857146
VN.ADM1.00007,sugarcane,1989,78700.0,1900.0,planted,41.421052631578945
VN.ADM1.00007,sugarcane,1990,83000.0,2000.0,planted,41.5
VN.ADM1.00008,sugarcane,1980,292500.0,6700.0,planted,43.656716417910445
VN.ADM1.00008,sugarcane,1981,229800.0,5800.0,planted,39.62068965517241
VN.ADM1.00008,sugarcane,1982,296710.0,7106.0,planted,41.75485505206868
VN.ADM1.00008,sugarcane,1983,332900.0,8500.0,planted,39.16470588235294
VN.ADM1.00008,sugarcane,1984,493600.0,12200.0,planted,40.459016393442624
VN.ADM1.00008,sugarcane,1985,431900.0,11600.0,planted,37.23275862068966
VN.ADM1.00008,sugarcane,1986,357300.0,9800.0,planted,36.45918367346939
VN.ADM1.00008,sugarcane,1987,376900.0,9800.0,planted,38.45918367346939
VN.ADM1.00008,sugarcane,1988,392900.0,10200.0,planted,38.51960784313726
VN.ADM1.00008,sugarcane,1989,394500.0,11100.0,planted,35.54054054054054
VN.ADM1.00008,sugarcane,1990,459600.0,10700.0,planted,42.953271028037385
VN.ADM1.00009,sugarcane,1980,168900.0,3800.0,planted,44.44736842105263
VN.ADM1.00009,sugarcane,1981,72600.0,1700.0,planted,42.705882352941174
VN.ADM1.00009,sugarcane,1982,90100.0,2100.0,planted,42.904761904761905
VN.ADM1.00009,sugarcane,1983,115400.0,2700.0,planted,42.74074074074074
VN.ADM1.00009,sugarcane,1984,204300.0,4900.0,planted,41.69387755102041
VN.ADM1.00009,sugarcane,1985,157500.0,3600.0,planted,43.75
VN.ADM1.00009,sugarcane,1986,153500.0,3400.0,planted,45.14705882352941
VN.ADM1.00009,sugarcane,1987,196300.0,4400.0,planted,44.61363636363637
VN.ADM1.00009,sugarcane,1988,213300.0,4700.0,planted,45.38297872340426
VN.ADM1.00009,sugarcane,1989,223300.0,5000.0,planted,44.66
VN.ADM1.00009,sugarcane,1990,162000.0,3500.0,planted,46.285714285714285
VN.ADM1.00010,sugarcane,1980,9400.0,500.0,planted,18.8
VN.ADM1.00010,sugarcane,1981,31000.0,1400.0,planted,22.142857142857142
VN.ADM1.00010,sugarcane,1982,31100.0,1400.0,planted,22.214285714285715
VN.ADM1.00010,sugarcane,1983,31100.0,1200.0,planted,25.916666666666668
VN.ADM1.00010,sugarcane,1984,51600.0,1900.0,planted,27.157894736842106
VN.ADM1.00010,sugarcane,1985,63300.0,2400.0,planted,26.375
VN.ADM1.00010,sugarcane,1986,43500.0,1600.0,planted,27.1875
VN.ADM1.00010,sugarcane,1987,39600.0,3000.0,planted,13.2
VN.ADM1.00010,sugarcane,1988,70100.0,2800.0,planted,25.035714285714285
VN.ADM1.00010,sugarcane,1989,68400.0,3100.0,planted,22.06451612903226
VN.ADM1.00010,sugarcane,1990,47000.0,2700.0,planted,17.40740740740741
VN.ADM1.00011,sugarcane,1980,17700.0,700.0,planted,25.285714285714285
VN.ADM1.00011,sugarcane,1981,20000.0,700.0,planted,28.571428571428573
VN.ADM1.00011,sugarcane,1982,28200.0,1100.0,planted,25.636363636363637
VN.ADM1.00011,sugarcane,1983,34300.0,1200.0,planted,28.583333333333332
VN.ADM1.00011,sugarcane,1984,31700.0,1300.0,planted,24.384615384615383
VN.ADM1.00011,sugarcane,1985,33000.0,1200.0,planted,27.5
VN.ADM1.00011,sugarcane,1986,33800.0,1200.0,planted,28.166666666666668
VN.ADM1.00011,sugarcane,1987,34600.0,4800.0,planted,7.208333333333333
VN.ADM1.00011,sugarcane,1988,33300.0,4700.0,planted,7.085106382978723
VN.ADM1.00011,sugarcane,1989,33700.0,4300.0,planted,7.837209302325581
VN.ADM1.00011,sugarcane,1990,24200.0,4300.0,planted,5.627906976744186
VN.ADM1.00012,sugarcane,1980,81000.0,1800.0,planted,45.0
VN.ADM1.00012,sugarcane,1981,63800.0,1500.0,planted,42.53333333333333
VN.ADM1.00012,sugarcane,1982,82400.0,1700.0,planted,48.470588235294116
VN.ADM1.00012,sugarcane,1983,82300.0,1700.0,planted,48.411764705882355
VN.ADM1.00012,sugarcane,1984,80100.0,1800.0,planted,44.5
VN.ADM1.00012,sugarcane,1985,68500.0,1500.0,planted,45.666666666666664
VN.ADM1.00012,sugarcane,1986,65900.0,1300.0,planted,50.69230769230769
VN.ADM1.00012,sugarcane,1987,77000.0,1200.0,planted,64.16666666666667
VN.ADM1.00012,sugarcane,1988,71900.0,1100.0,planted,65.36363636363636
VN.ADM1.00012,sugarcane,1989,53400.0,1000.0,planted,53.4
VN.ADM1.00012,sugarcane,1990,45400.0,,,
VN.ADM1.00013,sugarcane,1980,74500.0,2000.0,planted,37.25
VN.ADM1.00013,sugarcane,1981,90400.0,2400.0,planted,37.666666666666664
VN.ADM1.00013,sugarcane,1982,122400.0,2800.0,planted,43.714285714285715
VN.ADM1.00013,sugarcane,1983,130500.0,3100.0,planted,42.096774193548384
VN.ADM1.00013,sugarcane,1984,116600.0,3100.0,planted,37.61290322580645
VN.ADM1.00013,sugarcane,1985,82500.0,2900.0,planted,28.448275862068964
VN.ADM1.00013,sugarcane,1986,101300.0,2600.0,planted,38.96153846153846
VN.ADM1.00013,sugarcane,1987,118500.0,2800.0,planted,42.32142857142857
VN.ADM1.00013,sugarcane,1988,129000.0,2800.0,planted,46.07142857142857
VN.ADM1.00013,sugarcane,1989,103900.0,2500.0,planted,41.56
VN.ADM1.00013,sugarcane,1990,106200.0,2700.0,planted,39.333333333333336
VN.ADM1.00015,sugarcane,1980,18400.0,500.0,planted,36.8
VN.ADM1.00015,sugarcane,1981,21900.0,700.0,planted,31.285714285714285
VN.ADM1.00015,sugarcane,1982,20100.0,1300.0,planted,15.461538461538462
VN.ADM1.00015,sugarcane,1983,56600.0,1800.0,planted,31.444444444444443
VN.ADM1.00015,sugarcane,1984,43300.0,1600.0,planted,27.0625
VN.ADM1.00015,sugarcane,1985,50400.0,1500.0,planted,33.6
VN.ADM1.00015,sugarcane,1986,55400.0,1700.0,planted,32.588235294117645
VN.ADM1.00015,sugarcane,1987,39600.0,1500.0,planted,26.4
VN.ADM1.00015,sugarcane,1988,49100.0,1900.0,planted,25.842105263157894
VN.ADM1.00015,sugarcane,1989,41300.0,1700.0,planted,24.294117647058822
VN.ADM1.00015,sugarcane,1990,43100.0,1600.0,planted,26.9375
VN.ADM1.00016,sugarcane,1980,28400.0,600.0,planted,47.333333333333336
VN.ADM1.00016,sugarcane,1981,35100.0,700.0,planted,50.142857142857146
VN.ADM1.00016,sugarcane,1982,36400.0,700.0,planted,52.0
VN.ADM1.00016,sugarcane,1983,31600.0,600.0,planted,52.666666666666664
VN.ADM1.00016,sugarcane,1984,32100.0,600.0,planted,53.5
VN.ADM1.00016,sugarcane,1985,24200.0,500.0,planted,48.4
VN.ADM1.00016,sugarcane,1986,15400.0,400.0,planted,38.5
VN.ADM1.00016,sugarcane,1987,16300.0,300.0,planted,54.333333333333336
VN.ADM1.00016,sugarcane,1988,19200.0,400.0,planted,48.0
VN.ADM1.00016,sugarcane,1989,20800.0,400.0,planted,52.0
VN.ADM1.00016,sugarcane,1990,17100.0,400.0,planted,42.75
VN.ADM1.00017,sugarcane,1980,1900.0,100.0,planted,19.0
VN.ADM1.00017,sugarcane,1981,1400.0,100.0,planted,14.0
VN.ADM1.00017,sugarcane,1982,3600.0,100.0,planted,36.0
VN.ADM1.00017,sugarcane,1983,5700.0,100.0,planted,57.0
VN.ADM1.00017,sugarcane,1984,5000.0,100.0,planted,50.0
VN.ADM1.00017,sugarcane,1985,9800.0,100.0,planted,98.0
VN.ADM1.00017,sugarcane,1986,7800.0,200.0,planted,39.0
VN.ADM1.00017,sugarcane,1987,7200.0,200.0,planted,36.0
VN.ADM1.00017,sugarcane,1988,3400.0,100.0,planted,34.0
VN.ADM1.00017,sugarcane,1989,4000.0,100.0,planted,40.0
VN.ADM1.00017,sugarcane,1990,1000.0,100.0,planted,10.0
VN.ADM1.00018,sugarcane,1980,589600.0,11300.0,planted,52.176991150442475
VN.ADM1.00018,sugarcane,1981,410600.0,8400.0,planted,48.88095238095238
VN.ADM1.00018,sugarcane,1982,445200.0,9100.0,planted,48.92307692307692
VN.ADM1.00018,sugarcane,1983,702200.0,14300.0,planted,49.10489510489511
VN.ADM1.00018,sugarcane,1984,706000.0,12800.0,planted,55.15625
VN.ADM1.00018,sugarcane,1985,631700.0,11700.0,planted,53.99145299145299
VN.ADM1.00018,sugarcane,1986,531200.0,10100.0,planted,52.59405940594059
VN.ADM1.00018,sugarcane,1987,640300.0,12200.0,planted,52.48360655737705
VN.ADM1.00018,sugarcane,1988,785100.0,14400.0,planted,54.520833333333336
VN.ADM1.00018,sugarcane,1989,660100.0,12600.0,planted,52.388888888888886
VN.ADM1.00018,sugarcane,1990,703400.0,13600.0,planted,51.720588235294116
VN.ADM1.00019,sugarcane,1980,85200.0,2400.0,planted,35.5
VN.ADM1.00019,sugarcane,1981,110100.0,4100.0,planted,26.853658536585368
VN.ADM1.00019,sugarcane,1982,132200.0,5100.0,planted,25.92156862745098
VN.ADM1.00019,sugarcane,1983,181900.0,5300.0,planted,34.320754716981135
VN.ADM1.00019,sugarcane,1984,163900.0,6900.0,planted,23.753623188405797
VN.ADM1.00019,sugarcane,1985,216900.0,6300.0,planted,34.42857142857143
VN.ADM1.00019,sugarcane,1986,244900.0,5900.0,planted,41.50847457627118
VN.ADM1.00019,sugarcane,1987,233600.0,6000.0,planted,38.93333333333333
VN.ADM1.00019,sugarcane,1988,228900.0,5400.0,planted,42.388888888888886
VN.ADM1.00019,sugarcane,1989,222600.0,5300.0,planted,42.0
VN.ADM1.00019,sugarcane,1990,206100.0,5000.0,planted,41.22
VN.ADM1.00020,sugarcane,1980,7500.0,500.0,planted,15.0
VN.ADM1.00020,sugarcane,1981,14600.0,600.0,planted,24.333333333333332
VN.ADM1.00020,sugarcane,1982,18300.0,700.0,planted,26.142857142857142
VN.ADM1.00020,sugarcane,1983,25000.0,1000.0,planted,25.0
VN.ADM1.00020,sugarcane,1984,20800.0,900.0,planted,23.11111111111111
VN.ADM1.00020,sugarcane,1985,28300.0,1200.0,planted,23.583333333333332
VN.ADM1.00020,sugarcane,1986,22700.0,1000.0,planted,22.7
VN.ADM1.00020,sugarcane,1987,21800.0,1000.0,planted,21.8
VN.ADM1.00020,sugarcane,1988,15600.0,700.0,planted,22.285714285714285
VN.ADM1.00020,sugarcane,1989,16500.0,900.0,planted,18.333333333333332
VN.ADM1.00020,sugarcane,1990,18600.0,700.0,planted,26.571428571428573
VN.ADM1.00021,sugarcane,1980,115700.0,4300.0,planted,26.906976744186046
VN.ADM1.00021,sugarcane,1981,116400.0,4400.0,planted,26.454545454545453
VN.ADM1.00021,sugarcane,1982,121500.0,4600.0,planted,26.41304347826087
VN.ADM1.00021,sugarcane,1983,159300.0,5900.0,planted,27.0
VN.ADM1.00021,sugarcane,1984,214900.0,5900.0,planted,36.42372881355932
VN.ADM1.00021,sugarcane,1985,179600.0,5800.0,planted,30.96551724137931
VN.ADM1.00021,sugarcane,1986,221800.0,6200.0,planted,35.774193548387096
VN.ADM1.00021,sugarcane,1987,214000.0,5900.0,planted,36.271186440677965
VN.ADM1.00021,sugarcane,1988,221500.0,6100.0,planted,36.31147540983606
VN.ADM1.00021,sugarcane,1989,166900.0,4700.0,planted,35.51063829787234
VN.ADM1.00021,sugarcane,1990,163000.0,4500.0,planted,36.22222222222222
VN.ADM1.00022,sugarcane,1980,1600.0,300.0,planted,5.333333333333333
VN.ADM1.00022,sugarcane,1981,15100.0,500.0,planted,30.2
VN.ADM1.00022,sugarcane,1982,16200.0,600.0,planted,27.0
VN.ADM1.00022,sugarcane,1983,17000.0,600.0,planted,28.333333333333332
VN.ADM1.00022,sugarcane,1984,18300.0,600.0,planted,30.5
VN.ADM1.00022,sugarcane,1985,20000.0,600.0,planted,33.333333333333336
VN.ADM1.00022,sugarcane,1986,22200.0,700.0,planted,31.714285714285715
VN.ADM1.00022,sugarcane,1987,24500.0,700.0,planted,35.0
VN.ADM1.00022,sugarcane,1988,24900.0,700.0,planted,35.57142857142857
VN.ADM1.00022,sugarcane,1989,16900.0,600.0,planted,28.166666666666668
VN.ADM1.00022,sugarcane,1990,16600.0,500.0,planted,33.2
VN.ADM1.00023,sugarcane,1980,7600.0,100.0,planted,76.0
VN.ADM1.00023,sugarcane,1981,8700.0,200.0,planted,43.5
VN.ADM1.00023,sugarcane,1982,19400.0,500.0,planted,38.8
VN.ADM1.00023,sugarcane,1983,41300.0,1000.0,planted,41.3
VN.ADM1.00023,sugarcane,1984,56300.0,1400.0,planted,40.214285714285715
VN.ADM1.00023,sugarcane,1985,45100.0,1000.0,planted,45.1
VN.ADM1.00023,sugarcane,1986,44400.0,1100.0,planted,40.36363636363637
VN.ADM1.00023,sugarcane,1987,80300.0,2200.0,planted,36.5
VN.ADM1.00023,sugarcane,1988,113300.0,3000.0,planted,37.766666666666666
VN.ADM1.00023,sugarcane,1989,90000.0,2400.0,planted,37.5
VN.ADM1.00023,sugarcane,1990,51300.0,2000.0,planted,25.65
VN.ADM1.00024,sugarcane,1980,19800.0,600.0,planted,33.0
VN.ADM1.00024,sugarcane,1981,28600.0,800.0,planted,35.75
VN.ADM1.00024,sugarcane,1982,35200.0,1100.0,planted,32.0
VN.ADM1.00024,sugarcane,1983,27500.0,900.0,planted,30.555555555555557
VN.ADM1.00024,sugarcane,1984,25600.0,,,
VN.ADM1.00024,sugarcane,1985,23700.0,1000.0,planted,23.7
VN.ADM1.00024,sugarcane,1986,21900.0,800.0,planted,27.375
VN.ADM1.00024,sugarcane,1987,19000.0,1400.0,planted,13.571428571428571
VN.ADM1.00024,sugarcane,1988,15100.0,700.0,planted,21.571428571428573
VN.ADM1.00024,sugarcane,1989,20600.0,700.0,planted,29.428571428571427
VN.ADM1.00024,sugarcane,1990,19200.0,700.0,planted,27.428571428571427
VN.ADM1.00025,sugarcane,1980,228200.0,5400.0,planted,42.25925925925926
VN.ADM1.00025,sugarcane,1981,243300.0,5700.0,planted,42.68421052631579
VN.ADM1.00025,sugarcane,1982,222100.0,5200.0,planted,42.71153846153846
VN.ADM1.00025,sugarcane,1983,328300.0,6400.0,planted,51.296875
VN.ADM1.00025,sugarcane,1984,315100.0,7400.0,planted,42.58108108108108
VN.ADM1.00025,sugarcane,1985,293500.0,6500.0,planted,45.15384615384615
VN.ADM1.00025,sugarcane,1986,221400.0,5200.0,planted,42.57692307692308
VN.ADM1.00025,sugarcane,1987,284900.0,6900.0,planted,41.289855072463766
VN.ADM1.00025,sugarcane,1988,298600.0,7200.0,planted,41.47222222222222
VN.ADM1.00025,sugarcane,1989,328700.0,7700.0,planted,42.688311688311686
VN.ADM1.00025,sugarcane,1990,343700.0,8000.0,planted,42.9625
VN.ADM1.00027,sugarcane,1980,136400.0,4200.0,planted,32.476190476190474
VN.ADM1.00027,sugarcane,1981,175400.0,4900.0,planted,35.795918367346935
VN.ADM1.00027,sugarcane,1982,170200.0,5500.0,planted,30.945454545454545
VN.ADM1.00027,sugarcane,1983,164400.0,4700.0,planted,34.97872340425532
VN.ADM1.00027,sugarcane,1984,206600.0,5000.0,planted,41.32
VN.ADM1.00027,sugarcane,1985,171200.0,4600.0,planted,37.21739130434783
VN.ADM1.00027,sugarcane,1986,146400.0,3800.0,planted,38.526315789473685
VN.ADM1.00027,sugarcane,1987,138300.0,3600.0,planted,38.416666666666664
VN.ADM1.00027,sugarcane,1988,119700.0,3800.0,planted,31.5
VN.ADM1.00027,sugarcane,1989,129100.0,3400.0,planted,37.970588235294116
VN.ADM1.00027,sugarcane,1990,130200.0,2800.0,planted,46.5
VN.ADM1.00028,sugarcane,1980,231800.0,7400.0,planted,31.324324324324323
VN.ADM1.00028,sugarcane,1981,258000.0,8300.0,planted,31.08433734939759
VN.ADM1.00028,sugarcane,1982,391200.0,10600.0,planted,36.905660377358494
VN.ADM1.00028,sugarcane,1983,392000.0,10400.0,planted,37.69230769230769
VN.ADM1.00028,sugarcane,1984,382400.0,11600.0,planted,32.96551724137931
VN.ADM1.00028,sugarcane,1985,475400.0,12300.0,planted,38.65040650406504
VN.ADM1.00028,sugarcane,1986,407300.0,10900.0,planted,37.36697247706422
VN.ADM1.00028,sugarcane,1987,448600.0,12300.0,planted,36.47154471544715
VN.ADM1.00028,sugarcane,1988,387300.0,12600.0,planted,30.738095238095237
VN.ADM1.00028,sugarcane,1989,454400.0,11300.0,planted,40.21238938053097
VN.ADM1.00028,sugarcane,1990,483900.0,11600.0,planted,41.71551724137931
VN.ADM1.00029,sugarcane,1980,143100.0,4500.0,planted,31.8
VN.ADM1.00029,sugarcane,1981,216200.0,7400.0,planted,29.216216216216218
VN.ADM1.00029,sugarcane,1982,194400.0,7100.0,planted,27.380281690140844
VN.ADM1.00029,sugarcane,1983,259900.0,8800.0,planted,29.53409090909091
VN.ADM1.00029,sugarcane,1984,293400.0,9800.0,planted,29.93877551020408
VN.ADM1.00029,sugarcane,1985,224400.0,7600.0,planted,29.526315789473685
VN.ADM1.00029,sugarcane,1986,216600.0,7300.0,planted,29.671232876712327
VN.ADM1.00029,sugarcane,1987,225800.0,7600.0,planted,29.710526315789473
VN.ADM1.00029,sugarcane,1988,186200.0,6700.0,planted,27.791044776119403
VN.ADM1.00029,sugarcane,1989,193600.0,6500.0,planted,29.784615384615385
VN.ADM1.00029,sugarcane,1990,231400.0,7700.0,planted,30.051948051948052
VN.ADM1.00030,sugarcane,1980,46700.0,2500.0,planted,18.68
VN.ADM1.00030,sugarcane,1981,64700.0,2800.0,planted,23.107142857142858
VN.ADM1.00030,sugarcane,1982,81200.0,3200.0,planted,25.375
VN.ADM1.00030,sugarcane,1983,110900.0,3900.0,planted,28.435897435897434
VN.ADM1.00030,sugarcane,1984,134200.0,4700.0,planted,28.5531914893617
VN.ADM1.00030,sugarcane,1985,141000.0,4700.0,planted,30.0
VN.ADM1.00030,sugarcane,1986,136300.0,4700.0,planted,29.0
VN.ADM1.00030,sugarcane,1987,128800.0,4400.0,planted,29.272727272727273
VN.ADM1.00030,sugarcane,1988,120100.0,4500.0,planted,26.68888888888889
VN.ADM1.00030,sugarcane,1989,106800.0,4200.0,planted,25.428571428571427
VN.ADM1.00030,sugarcane,1990,97800.0,3900.0,planted,25.076923076923077
VN.ADM1.00031,sugarcane,1980,11300.0,100.0,planted,113.0
VN.ADM1.00031,sugarcane,1981,1400.0,100.0,planted,14.0
VN.ADM1.00031,sugarcane,1982,2900.0,100.0,planted,29.0
VN.ADM1.00031,sugarcane,1983,5400.0,200.0,planted,27.0
VN.ADM1.00031,sugarcane,1984,3800.0,200.0,planted,19.0
VN.ADM1.00031,sugarcane,1985,5000.0,300.0,planted,16.666666666666668
VN.ADM1.00031,sugarcane,1986,5300.0,200.0,planted,26.5
VN.ADM1.00031,sugarcane,1987,6800.0,200.0,planted,34.0
VN.ADM1.00031,sugarcane,1988,6500.0,200.0,planted,32.5
VN.ADM1.00031,sugarcane,1989,6400.0,200.0,planted,32.0
VN.ADM1.00031,sugarcane,1990,6400.0,200.0,planted,32.0
VN.ADM1.00032,sugarcane,1980,7700.0,200.0,planted,38.5
VN.ADM1.00032,sugarcane,1981,9600.0,300.0,planted,32.0
VN.ADM1.00032,sugarcane,1982,8900.0,300.0,planted,29.666666666666668
VN.ADM1.00032,sugarcane,1983,8700.0,300.0,planted,29.0
VN.ADM1.00032,sugarcane,1984,11200.0,400.0,planted,28.0
VN.ADM1.00032,sugarcane,1985,12400.0,400.0,planted,31.0
VN.ADM1.00032,sugarcane,1986,13400.0,500.0,planted,26.8
VN.ADM1.00032,sugarcane,1987,10100.0,400.0,planted,25.25
VN.ADM1.00032,sugarcane,1988,14500.0,500.0,planted,29.0
VN.ADM1.00032,sugarcane,1989,17800.0,600.0,planted,29.666666666666668
VN.ADM1.00032,sugarcane,1990,17700.0,600.0,planted,29.5
VN.ADM1.00034,sugarcane,1980,296400.0,8000.0,planted,37.05
VN.ADM1.00034,sugarcane,1981,389300.0,11400.0,planted,34.14912280701754
VN.ADM1.00034,sugarcane,1982,410900.0,11400.0,planted,36.04385964912281
VN.ADM1.00034,sugarcane,1983,484700.0,12800.0,planted,37.8671875
VN.ADM1.00034,sugarcane,1984,641400.0,16200.0,planted,39.592592592592595
VN.ADM1.00034,sugarcane,1985,384400.0,9800.0,planted,39.224489795918366
VN.ADM1.00034,sugarcane,1986,265400.0,6500.0,planted,40.83076923076923
VN.ADM1.00034,sugarcane,1987,273200.0,6700.0,planted,40.776119402985074
VN.ADM1.00034,sugarcane,1988,361200.0,9000.0,planted,40.13333333333333
VN.ADM1.00034,sugarcane,1989,383700.0,9300.0,planted,41.25806451612903
VN.ADM1.00034,sugarcane,1990,331100.0,8100.0,planted,40.876543209876544
VN.ADM1.00035,sugarcane,1980,19100.0,500.0,planted,38.2
VN.ADM1.00035,sugarcane,1981,15300.0,500.0,planted,30.6
VN.ADM1.00035,sugarcane,1982,23500.0,500.0,planted,47.0
VN.ADM1.00035,sugarcane,1983,21800.0,500.0,planted,43.6
VN.ADM1.00035,sugarcane,1984,21800.0,500.0,planted,43.6
VN.ADM1.00035,sugarcane,1985,12200.0,300.0,planted,40.666666666666664
VN.ADM1.00035,sugarcane,1986,8700.0,200.0,planted,43.5
VN.ADM1.00035,sugarcane,1987,8300.0,200.0,planted,41.5
VN.ADM1.00035,sugarcane,1988,9700.0,200.0,planted,48.5
VN.ADM1.00035,sugarcane,1989,7500.0,200.0,planted,37.5
VN.ADM1.00035,sugarcane,1990,5400.0,100.0,planted,54.0
VN.ADM1.00036,sugarcane,1980,27100.0,1400.0,planted,19.357142857142858
VN.ADM1.00036,sugarcane,1981,42100.0,1500.0,planted,28.066666666666666
VN.ADM1.00036,sugarcane,1982,52500.0,2000.0,planted,26.25
VN.ADM1.00036,sugarcane,1983,50700.0,2200.0,planted,23.045454545454547
VN.ADM1.00036,sugarcane,1984,66300.0,2600.0,planted,25.5
VN.ADM1.00036,sugarcane,1985,90800.0,3000.0,planted,30.266666666666666
VN.ADM1.00036,sugarcane,1986,81200.0,3000.0,planted,27.066666666666666
VN.ADM1.00036,sugarcane,1987,75900.0,2500.0,planted,30.36
VN.ADM1.00036,sugarcane,1988,104400.0,3100.0,planted,33.67741935483871
VN.ADM1.00036,sugarcane,1989,96400.0,2800.0,planted,34.42857142857143
VN.ADM1.00036,sugarcane,1990,115000.0,3500.0,planted,32.857142857142854
VN.ADM1.00037,sugarcane,1980,41200.0,900.0,planted,45.77777777777778
VN.ADM1.00037,sugarcane,1981,54300.0,1800.0,planted,30.166666666666668
VN.ADM1.00037,sugarcane,1982,67300.0,1800.0,planted,37.388888888888886
VN.ADM1.00037,sugarcane,1983,82900.0,2200.0,planted,37.68181818181818
VN.ADM1.00037,sugarcane,1984,124700.0,3300.0,planted,37.78787878787879
VN.ADM1.00037,sugarcane,1985,109100.0,3000.0,planted,36.36666666666667
VN.ADM1.00037,sugarcane,1986,84200.0,2100.0,planted,40.095238095238095
VN.ADM1.00037,sugarcane,1987,109300.0,2400.0,planted,45.541666666666664
VN.ADM1.00037,sugarcane,1988,94500.0,2400.0,planted,39.375
VN.ADM1.00037,sugarcane,1989,51300.0,1300.0,planted,39.46153846153846
VN.ADM1.00037,sugarcane,1990,51300.0,1300.0,planted,39.46153846153846
VN.ADM1.00038,sugarcane,1980,345600.0,5900.0,planted,58.57627118644068
VN.ADM1.00038,sugarcane,1981,244100.0,5200.0,planted,46.94230769230769
VN.ADM1.00038,sugarcane,1982,168700.0,3600.0,planted,46.861111111111114
VN.ADM1.00038,sugarcane,1983,256600.0,5400.0,planted,47.51851851851852
VN.ADM1.00038,sugarcane,1984,312100.0,6500.0,planted,48.01538461538462
VN.ADM1.00038,sugarcane,1985,183900.0,4100.0,planted,44.853658536585364
VN.ADM1.00038,sugarcane,1986,176400.0,3700.0,planted,47.67567567567568
VN.ADM1.00038,sugarcane,1987,195200.0,4000.0,planted,48.8
VN.ADM1.00038,sugarcane,1988,202600.0,4400.0,planted,46.04545454545455
VN.ADM1.00038,sugarcane,1989,130000.0,3200.0,planted,40.625
VN.ADM1.00038,sugarcane,1990,135300.0,3400.0,planted,39.794117647058826
VN.ADM1.00001,sugarcane_for_sugar,2022,10000.0,400.0,planted,25.0
VN.ADM1.00001,sugarcane_for_sugar,2023,18100.0,700.0,planted,25.857142857142858
VN.ADM1.00002,sugarcane_for_sugar,2022,193100.0,9500.0,planted,20.326315789473686
VN.ADM1.00002,sugarcane_for_sugar,2023,181200.0,8400.0,planted,21.571428571428573
VN.ADM1.00003,sugarcane_for_sugar,1995,921600.0,14600.0,planted,63.12328767123287
VN.ADM1.00003,sugarcane_for_sugar,1996,913600.0,14500.0,planted,63.00689655172414
VN.ADM1.00003,sugarcane_for_sugar,1997,887900.0,14500.0,planted,61.234482758620686
VN.ADM1.00003,sugarcane_for_sugar,1998,915000.0,15000.0,planted,61.0
VN.ADM1.00003,sugarcane_for_sugar,1999,990400.0,15800.0,planted,62.68354430379747
VN.ADM1.00003,sugarcane_for_sugar,2000,798900.0,12900.0,planted,61.93023255813954
VN.ADM1.00003,sugarcane_for_sugar,2001,800800.0,12400.0,planted,64.58064516129032
VN.ADM1.00003,sugarcane_for_sugar,2002,893700.0,12800.0,planted,69.8203125
VN.ADM1.00003,sugarcane_for_sugar,2003,778700.0,11200.0,planted,69.52678571428571
VN.ADM1.00003,sugarcane_for_sugar,2004,684700.0,9800.0,planted,69.86734693877551
VN.ADM1.00003,sugarcane_for_sugar,2005,623300.0,8900.0,planted,70.03370786516854
VN.ADM1.00003,sugarcane_for_sugar,2006,495500.0,9200.0,planted,53.858695652173914
VN.ADM1.00003,sugarcane_for_sugar,2007,574000.0,7700.0,planted,74.54545454545455
VN.ADM1.00003,sugarcane_for_sugar,2008,519000.0,7000.0,planted,74.14285714285714
VN.ADM1.00003,sugarcane_for_sugar,2009,521200.0,7000.0,planted,74.45714285714286
VN.ADM1.00003,sugarcane_for_sugar,2010,460100.0,5900.0,planted,77.98305084745763
VN.ADM1.00003,sugarcane_for_sugar,2011,424200.0,5300.0,planted,80.0377358490566
VN.ADM1.00003,sugarcane_for_sugar,2012,405600.0,5000.0,planted,81.12
VN.ADM1.00003,sugarcane_for_sugar,2013,369700.0,4500.0,planted,82.15555555555555
VN.ADM1.00003,sugarcane_for_sugar,2014,279300.0,3500.0,planted,79.8
VN.ADM1.00003,sugarcane_for_sugar,2015,158800.0,2100.0,planted,75.61904761904762
VN.ADM1.00003,sugarcane_for_sugar,2022,3000.0,200.0,planted,15.0
VN.ADM1.00004,sugarcane_for_sugar,2022,335500.0,7700.0,planted,43.57142857142857
VN.ADM1.00004,sugarcane_for_sugar,2023,333100.0,7700.0,planted,43.25974025974026
VN.ADM1.00005,sugarcane_for_sugar,1995,30000.0,1100.0,planted,27.272727272727273
VN.ADM1.00005,sugarcane_for_sugar,1996,33000.0,1100.0,planted,30.0
VN.ADM1.00005,sugarcane_for_sugar,1997,62000.0,1300.0,planted,47.69230769230769
VN.ADM1.00005,sugarcane_for_sugar,1998,99100.0,1900.0,planted,52.1578947368421
VN.ADM1.00005,sugarcane_for_sugar,1999,125800.0,2700.0,planted,46.592592592592595
VN.ADM1.00005,sugarcane_for_sugar,2000,118000.0,2600.0,planted,45.38461538461539
VN.ADM1.00005,sugarcane_for_sugar,2001,101900.0,2200.0,planted,46.31818181818182
VN.ADM1.00005,sugarcane_for_sugar,2002,106300.0,2200.0,planted,48.31818181818182
VN.ADM1.00005,sugarcane_for_sugar,2003,126200.0,2600.0,planted,48.53846153846154
VN.ADM1.00005,sugarcane_for_sugar,2004,108400.0,2300.0,planted,47.130434782608695
VN.ADM1.00005,sugarcane_for_sugar,2005,89700.0,1700.0,planted,52.76470588235294
VN.ADM1.00005,sugarcane_for_sugar,2006,106100.0,2100.0,planted,50.523809523809526
VN.ADM1.00005,sugarcane_for_sugar,2007,137800.0,2600.0,planted,53.0
VN.ADM1.00005,sugarcane_for_sugar,2008,164500.0,2900.0,planted,56.724137931034484
VN.ADM1.00005,sugarcane_for_sugar,2009,142200.0,2700.0,planted,52.666666666666664
VN.ADM1.00005,sugarcane_for_sugar,2010,168600.0,2900.0,planted,58.13793103448276
VN.ADM1.00005,sugarcane_for_sugar,2011,195800.0,3400.0,planted,57.588235294117645
VN.ADM1.00005,sugarcane_for_sugar,2012,246200.0,4200.0,planted,58.61904761904762
VN.ADM1.00005,sugarcane_for_sugar,2013,267500.0,4500.0,planted,59.44444444444444
VN.ADM1.00005,sugarcane_for_sugar,2014,253300.0,4300.0,planted,58.906976744186046
VN.ADM1.00005,sugarcane_for_sugar,2015,186600.0,3200.0,planted,58.3125
VN.ADM1.00005,sugarcane_for_sugar,2022,2777700.0,173300.0,planted,16.028274668205423
VN.ADM1.00005,sugarcane_for_sugar,2023,2761400.0,178300.0,planted,15.487380818844644
VN.ADM1.00006,sugarcane_for_sugar,1995,530100.0,9500.0,planted,55.8
VN.ADM1.00006,sugarcane_for_sugar,1996,535900.0,6000.0,planted,89.31666666666666
VN.ADM1.00006,sugarcane_for_sugar,1997,543800.0,6400.0,planted,84.96875
VN.ADM1.00006,sugarcane_for_sugar,1998,521300.0,7000.0,planted,74.47142857142858
VN.ADM1.00006,sugarcane_for_sugar,1999,598000.0,7700.0,planted,77.66233766233766
VN.ADM1.00006,sugarcane_for_sugar,2000,395300.0,5300.0,planted,74.58490566037736
VN.ADM1.00006,sugarcane_for_sugar,2001,546700.0,7600.0,planted,71.9342105263158
VN.ADM1.00006,sugarcane_for_sugar,2002,682100.0,8200.0,planted,83.1829268292683
VN.ADM1.00006,sugarcane_for_sugar,2003,675000.0,7600.0,planted,88.8157894736842
VN.ADM1.00006,sugarcane_for_sugar,2004,585400.0,7000.0,planted,83.62857142857143
VN.ADM1.00006,sugarcane_for_sugar,2005,549400.0,6300.0,planted,87.2063492063492
VN.ADM1.00006,sugarcane_for_sugar,2006,617300.0,6800.0,planted,90.77941176470588
VN.ADM1.00006,sugarcane_for_sugar,2007,614400.0,6700.0,planted,91.70149253731343
VN.ADM1.00006,sugarcane_for_sugar,2008,687500.0,6200.0,planted,110.88709677419355
VN.ADM1.00006,sugarcane_for_sugar,2009,522600.0,5800.0,planted,90.10344827586206
VN.ADM1.00006,sugarcane_for_sugar,2010,617400.0,6100.0,planted,101.21311475409836
VN.ADM1.00006,sugarcane_for_sugar,2011,696600.0,6600.0,planted,105.54545454545455
VN.ADM1.00006,sugarcane_for_sugar,2012,691700.0,6700.0,planted,103.23880597014926
VN.ADM1.00006,sugarcane_for_sugar,2013,730800.0,6800.0,planted,107.47058823529412
VN.ADM1.00006,sugarcane_for_sugar,2014,714700.0,6600.0,planted,108.28787878787878
VN.ADM1.00006,sugarcane_for_sugar,2015,636700.0,5900.0,planted,107.91525423728814
VN.ADM1.00006,sugarcane_for_sugar,2022,1606900.0,154500.0,planted,10.40064724919094
VN.ADM1.00006,sugarcane_for_sugar,2023,1655700.0,162900.0,planted,10.16390423572744
VN.ADM1.00007,sugarcane_for_sugar,1995,142900.0,4200.0,planted,34.023809523809526
VN.ADM1.00007,sugarcane_for_sugar,1996,253800.0,5400.0,planted,47.0
VN.ADM1.00007,sugarcane_for_sugar,1997,298000.0,5800.0,planted,51.37931034482759
VN.ADM1.00007,sugarcane_for_sugar,1998,292300.0,6900.0,planted,42.36231884057971
VN.ADM1.00007,sugarcane_for_sugar,1999,477100.0,9800.0,planted,48.683673469387756
VN.ADM1.00007,sugarcane_for_sugar,2000,333900.0,7400.0,planted,45.12162162162162
VN.ADM1.00007,sugarcane_for_sugar,2001,345800.0,8200.0,planted,42.170731707317074
VN.ADM1.00007,sugarcane_for_sugar,2002,434500.0,10300.0,planted,42.18446601941748
VN.ADM1.00007,sugarcane_for_sugar,2003,489500.0,10000.0,planted,48.95
VN.ADM1.00007,sugarcane_for_sugar,2004,425500.0,8700.0,planted,48.9080459770115
VN.ADM1.00007,sugarcane_for_sugar,2005,353300.0,7200.0,planted,49.06944444444444
VN.ADM1.00007,sugarcane_for_sugar,2006,528400.0,8100.0,planted,65.23456790123457
VN.ADM1.00007,sugarcane_for_sugar,2007,577300.0,10000.0,planted,57.73
VN.ADM1.00007,sugarcane_for_sugar,2008,618500.0,10900.0,planted,56.74311926605505
VN.ADM1.00007,sugarcane_for_sugar,2009,580300.0,10900.0,planted,53.23853211009175
VN.ADM1.00007,sugarcane_for_sugar,2010,780100.0,12900.0,planted,60.47286821705426
VN.ADM1.00007,sugarcane_for_sugar,2011,1005700.0,16100.0,planted,62.46583850931677
VN.ADM1.00007,sugarcane_for_sugar,2012,954100.0,16100.0,planted,59.26086956521739
VN.ADM1.00007,sugarcane_for_sugar,2013,1158400.0,17600.0,planted,65.81818181818181
VN.ADM1.00007,sugarcane_for_sugar,2014,1131800.0,17000.0,planted,66.5764705882353
VN.ADM1.00007,sugarcane_for_sugar,2015,1030600.0,15600.0,planted,66.06410256410257
VN.ADM1.00007,sugarcane_for_sugar,2022,12851700.0,907100.0,planted,14.167897695954139
VN.ADM1.00007,sugarcane_for_sugar,2023,13662300.0,975600.0,planted,14.0039975399754
VN.ADM1.00008,sugarcane_for_sugar,1995,430400.0,9900.0,planted,43.474747474747474
VN.ADM1.00008,sugarcane_for_sugar,1996,424300.0,9600.0,planted,44.197916666666664
VN.ADM1.00008,sugarcane_for_sugar,1997,372100.0,8300.0,planted,44.83132530120482
VN.ADM1.00008,sugarcane_for_sugar,1998,426000.0,9300.0,planted,45.806451612903224
VN.ADM1.00008,sugarcane_for_sugar,1999,592700.0,12500.0,planted,47.416
VN.ADM1.00008,sugarcane_for_sugar,2000,526900.0,10000.0,planted,52.69
VN.ADM1.00008,sugarcane_for_sugar,2001,614800.0,11000.0,planted,55.89090909090909
VN.ADM1.00008,sugarcane_for_sugar,2002,741800.0,12800.0,planted,57.953125
VN.ADM1.00008,sugarcane_for_sugar,2003,683300.0,11500.0,planted,59.417391304347824
VN.ADM1.00008,sugarcane_for_sugar,2004,611800.0,10500.0,planted,58.266666666666666
VN.ADM1.00008,sugarcane_for_sugar,2005,513400.0,8900.0,planted,57.68539325842696
VN.ADM1.00008,sugarcane_for_sugar,2006,521800.0,8800.0,planted,59.29545454545455
VN.ADM1.00008,sugarcane_for_sugar,2007,509600.0,8900.0,planted,57.258426966292134
VN.ADM1.00008,sugarcane_for_sugar,2008,504700.0,8700.0,planted,58.01149425287356
VN.ADM1.00008,sugarcane_for_sugar,2009,540700.0,9000.0,planted,60.077777777777776
VN.ADM1.00008,sugarcane_for_sugar,2010,568700.0,9600.0,planted,59.239583333333336
VN.ADM1.00008,sugarcane_for_sugar,2011,620500.0,10500.0,planted,59.095238095238095
VN.ADM1.00008,sugarcane_for_sugar,2012,624800.0,10700.0,planted,58.39252336448598
VN.ADM1.00008,sugarcane_for_sugar,2013,633900.0,10500.0,planted,60.371428571428574
VN.ADM1.00008,sugarcane_for_sugar,2014,625700.0,10000.0,planted,62.57
VN.ADM1.00008,sugarcane_for_sugar,2015,658800.0,9300.0,planted,70.83870967741936
VN.ADM1.00008,sugarcane_for_sugar,2022,4417600.0,301000.0,planted,14.67641196013289
VN.ADM1.00008,sugarcane_for_sugar,2023,3016000.0,208400.0,planted,14.472168905950095
VN.ADM1.00009,sugarcane_for_sugar,2022,17000.0,1500.0,planted,11.333333333333334
VN.ADM1.00009,sugarcane_for_sugar,2023,800.0,100.0,planted,8.0
VN.ADM1.00010,sugarcane_for_sugar,1995,321300.0,7100.0,planted,45.25352112676056
VN.ADM1.00010,sugarcane_for_sugar,1996,471200.0,10600.0,planted,44.45283018867924
VN.ADM1.00010,sugarcane_for_sugar,1997,397700.0,12100.0,planted,32.86776859504132
VN.ADM1.00010,sugarcane_for_sugar,1998,328300.0,9500.0,planted,34.55789473684211
VN.ADM1.00010,sugarcane_for_sugar,1999,819000.0,16500.0,planted,49.63636363636363
VN.ADM1.00010,sugarcane_for_sugar,2000,617000.0,14700.0,planted,41.97278911564626
VN.ADM1.00010,sugarcane_for_sugar,2001,662900.0,15700.0,planted,42.22292993630573
VN.ADM1.00010,sugarcane_for_sugar,2002,750100.0,18200.0,planted,41.214285714285715
VN.ADM1.00010,sugarcane_for_sugar,2003,886400.0,19100.0,planted,46.40837696335078
VN.ADM1.00010,sugarcane_for_sugar,2004,816600.0,18200.0,planted,44.86813186813187
VN.ADM1.00010,sugarcane_for_sugar,2005,719900.0,16700.0,planted,43.10778443113772
VN.ADM1.00010,sugarcane_for_sugar,2006,987000.0,20300.0,planted,48.62068965517241
VN.ADM1.00010,sugarcane_for_sugar,2007,1023600.0,21300.0,planted,48.056338028169016
VN.ADM1.00010,sugarcane_for_sugar,2008,1034000.0,20800.0,planted,49.71153846153846
VN.ADM1.00010,sugarcane_for_sugar,2009,1113200.0,21100.0,planted,52.758293838862556
VN.ADM1.00010,sugarcane_for_sugar,2010,1295100.0,23600.0,planted,54.8771186440678
VN.ADM1.00010,sugarcane_for_sugar,2011,1592600.0,28700.0,planted,55.491289198606275
VN.ADM1.00010,sugarcane_for_sugar,2012,1806900.0,35200.0,planted,51.33238636363637
VN.ADM1.00010,sugarcane_for_sugar,2013,2036600.0,36800.0,planted,55.34239130434783
VN.ADM1.00010,sugarcane_for_sugar,2014,2280900.0,40100.0,planted,56.880299251870326
VN.ADM1.00010,sugarcane_for_sugar,2015,2398300.0,40400.0,planted,59.363861386138616
VN.ADM1.00010,sugarcane_for_sugar,2022,37892800.0,2487800.0,planted,15.23144947343034
VN.ADM1.00010,sugarcane_for_sugar,2023,41997000.0,2997900.0,planted,14.00880616431502
VN.ADM1.00011,sugarcane_for_sugar,2022,189900.0,7500.0,planted,25.32
VN.ADM1.00011,sugarcane_for_sugar,2023,170100.0,6800.0,planted,25.014705882352942
VN.ADM1.00012,sugarcane_for_sugar,1995,24400.0,700.0,planted,34.857142857142854
VN.ADM1.00012,sugarcane_for_sugar,1996,65000.0,1400.0,planted,46.42857142857143
VN.ADM1.00012,sugarcane_for_sugar,1997,66400.0,1300.0,planted,51.07692307692308
VN.ADM1.00012,sugarcane_for_sugar,1998,70300.0,1400.0,planted,50.214285714285715
VN.ADM1.00012,sugarcane_for_sugar,1999,75200.0,1400.0,planted,53.714285714285715
VN.ADM1.00012,sugarcane_for_sugar,2000,75000.0,1400.0,planted,53.57142857142857
VN.ADM1.00012,sugarcane_for_sugar,2001,75000.0,1400.0,planted,53.57142857142857
VN.ADM1.00012,sugarcane_for_sugar,2002,81300.0,1400.0,planted,58.07142857142857
VN.ADM1.00012,sugarcane_for_sugar,2003,85100.0,1500.0,planted,56.733333333333334
VN.ADM1.00012,sugarcane_for_sugar,2004,88700.0,1500.0,planted,59.13333333333333
VN.ADM1.00012,sugarcane_for_sugar,2005,81000.0,1500.0,planted,54.0
VN.ADM1.00012,sugarcane_for_sugar,2006,68500.0,1200.0,planted,57.083333333333336
VN.ADM1.00012,sugarcane_for_sugar,2007,74400.0,1300.0,planted,57.23076923076923
VN.ADM1.00012,sugarcane_for_sugar,2008,68700.0,1100.0,planted,62.45454545454545
VN.ADM1.00012,sugarcane_for_sugar,2009,57600.0,900.0,planted,64.0
VN.ADM1.00012,sugarcane_for_sugar,2010,62000.0,1000.0,planted,62.0
VN.ADM1.00012,sugarcane_for_sugar,2011,60900.0,900.0,planted,67.66666666666667
VN.ADM1.00012,sugarcane_for_sugar,2012,64400.0,1000.0,planted,64.4
VN.ADM1.00012,sugarcane_for_sugar,2013,60900.0,1000.0,planted,60.9
VN.ADM1.00012,sugarcane_for_sugar,2014,64300.0,1000.0,planted,64.3
VN.ADM1.00012,sugarcane_for_sugar,2015,60700.0,900.0,planted,67.44444444444444
VN.ADM1.00012,sugarcane_for_sugar,2022,452100.0,27700.0,planted,16.32129963898917
VN.ADM1.00012,sugarcane_for_sugar,2023,407700.0,24900.0,planted,16.373493975903614
VN.ADM1.00013,sugarcane_for_sugar,1995,195100.0,4900.0,planted,39.816326530612244
VN.ADM1.00013,sugarcane_for_sugar,1996,255000.0,5600.0,planted,45.535714285714285
VN.ADM1.00013,sugarcane_for_sugar,1997,298000.0,6300.0,planted,47.301587301587304
VN.ADM1.00013,sugarcane_for_sugar,1998,250400.0,6300.0,planted,39.74603174603175
VN.ADM1.00013,sugarcane_for_sugar,1999,357300.0,7000.0,planted,51.042857142857144
VN.ADM1.00013,sugarcane_for_sugar,2000,331000.0,6500.0,planted,50.92307692307692
VN.ADM1.00013,sugarcane_for_sugar,2001,358600.0,6800.0,planted,52.73529411764706
VN.ADM1.00013,sugarcane_for_sugar,2002,406900.0,7700.0,planted,52.84415584415584
VN.ADM1.00013,sugarcane_for_sugar,2003,403000.0,7600.0,planted,53.026315789473685
VN.ADM1.00013,sugarcane_for_sugar,2004,398800.0,7000.0,planted,56.97142857142857
VN.ADM1.00013,sugarcane_for_sugar,2005,389300.0,6600.0,planted,58.984848484848484
VN.ADM1.00013,sugarcane_for_sugar,2006,391000.0,6400.0,planted,61.09375
VN.ADM1.00013,sugarcane_for_sugar,2007,496400.0,8000.0,planted,62.05
VN.ADM1.00013,sugarcane_for_sugar,2008,506400.0,7800.0,planted,64.92307692307692
VN.ADM1.00013,sugarcane_for_sugar,2009,494900.0,7800.0,planted,63.44871794871795
VN.ADM1.00013,sugarcane_for_sugar,2010,527400.0,8100.0,planted,65.11111111111111
VN.ADM1.00013,sugarcane_for_sugar,2011,602200.0,9100.0,planted,66.17582417582418
VN.ADM1.00013,sugarcane_for_sugar,2012,553400.0,8300.0,planted,66.67469879518072
VN.ADM1.00013,sugarcane_for_sugar,2013,587900.0,8700.0,planted,67.57471264367815
VN.ADM1.00013,sugarcane_for_sugar,2014,633200.0,9300.0,planted,68.08602150537635
VN.ADM1.00013,sugarcane_for_sugar,2015,645900.0,9500.0,planted,67.98947368421052
VN.ADM1.00013,sugarcane_for_sugar,2022,6618500.0,481800.0,planted,13.737027812370279
VN.ADM1.00013,sugarcane_for_sugar,2023,6614200.0,486000.0,planted,13.609465020576131
VN.ADM1.00015,sugarcane_for_sugar,1995,68300.0,2700.0,planted,25.296296296296298
VN.ADM1.00015,sugarcane_for_sugar,1996,150700.0,3400.0,planted,44.3235294117647
VN.ADM1.00015,sugarcane_for_sugar,1997,191100.0,4600.0,planted,41.54347826086956
VN.ADM1.00015,sugarcane_for_sugar,1998,223100.0,5200.0,planted,42.90384615384615
VN.ADM1.00015,sugarcane_for_sugar,1999,311300.0,7000.0,planted,44.47142857142857
VN.ADM1.00015,sugarcane_for_sugar,2000,310500.0,7300.0,planted,42.534246575342465
VN.ADM1.00015,sugarcane_for_sugar,2001,239000.0,5500.0,planted,43.45454545454545
VN.ADM1.00015,sugarcane_for_sugar,2002,324400.0,7000.0,planted,46.34285714285714
VN.ADM1.00015,sugarcane_for_sugar,2003,334700.0,7100.0,planted,47.140845070422536
VN.ADM1.00015,sugarcane_for_sugar,2004,332900.0,6800.0,planted,48.955882352941174
VN.ADM1.00015,sugarcane_for_sugar,2005,301900.0,5700.0,planted,52.96491228070175
VN.ADM1.00015,sugarcane_for_sugar,2006,309800.0,5900.0,planted,52.50847457627118
VN.ADM1.00015,sugarcane_for_sugar,2007,373200.0,7000.0,planted,53.31428571428572
VN.ADM1.00015,sugarcane_for_sugar,2008,382200.0,6900.0,planted,55.391304347826086
VN.ADM1.00015,sugarcane_for_sugar,2009,410800.0,6800.0,planted,60.411764705882355
VN.ADM1.00015,sugarcane_for_sugar,2010,385700.0,7100.0,planted,54.32394366197183
VN.ADM1.00015,sugarcane_for_sugar,2011,492900.0,9100.0,planted,54.16483516483517
VN.ADM1.00015,sugarcane_for_sugar,2012,602500.0,10600.0,planted,56.839622641509436
VN.ADM1.00015,sugarcane_for_sugar,2013,642800.0,11200.0,planted,57.392857142857146
VN.ADM1.00015,sugarcane_for_sugar,2014,654600.0,11300.0,planted,57.92920353982301
VN.ADM1.00015,sugarcane_for_sugar,2015,706300.0,12200.0,planted,57.89344262295082
VN.ADM1.00015,sugarcane_for_sugar,2022,2736800.0,140700.0,planted,19.45131485429993
VN.ADM1.00015,sugarcane_for_sugar,2023,2670900.0,138500.0,planted,19.28447653429603
VN.ADM1.00016,sugarcane_for_sugar,2022,53200.0,2700.0,planted,19.703703703703702
VN.ADM1.00016,sugarcane_for_sugar,2023,41000.0,2100.0,planted,19.523809523809526
VN.ADM1.00017,sugarcane_for_sugar,2022,28600.0,1600.0,planted,17.875
VN.ADM1.00017,sugarcane_for_sugar,2023,36500.0,2000.0,planted,18.25
VN.ADM1.00018,sugarcane_for_sugar,1995,833300.0,11100.0,planted,75.07207207207207
VN.ADM1.00018,sugarcane_for_sugar,1996,787700.0,10600.0,planted,74.31132075471699
VN.ADM1.00018,sugarcane_for_sugar,1997,623800.0,10900.0,planted,57.22935779816514
VN.ADM1.00018,sugarcane_for_sugar,1998,1003100.0,13500.0,planted,74.3037037037037
VN.ADM1.00018,sugarcane_for_sugar,1999,1105500.0,14200.0,planted,77.85211267605634
VN.ADM1.00018,sugarcane_for_sugar,2000,775000.0,10200.0,planted,75.98039215686275
VN.ADM1.00018,sugarcane_for_sugar,2001,950100.0,12100.0,planted,78.52066115702479
VN.ADM1.00018,sugarcane_for_sugar,2002,1025100.0,13000.0,planted,78.85384615384615
VN.ADM1.00018,sugarcane_for_sugar,2003,922400.0,11100.0,planted,83.09909909909909
VN.ADM1.00018,sugarcane_for_sugar,2004,775800.0,10300.0,planted,75.32038834951456
VN.ADM1.00018,sugarcane_for_sugar,2005,976700.0,11700.0,planted,83.47863247863248
VN.ADM1.00018,sugarcane_for_sugar,2006,1130700.0,13000.0,planted,86.97692307692307
VN.ADM1.00018,sugarcane_for_sugar,2007,1133000.0,13100.0,planted,86.4885496183206
VN.ADM1.00018,sugarcane_for_sugar,2008,1138100.0,13200.0,planted,86.21969696969697
VN.ADM1.00018,sugarcane_for_sugar,2009,1140100.0,13200.0,planted,86.37121212121212
VN.ADM1.00018,sugarcane_for_sugar,2010,2376000.0,27000.0,planted,88.0
VN.ADM1.00018,sugarcane_for_sugar,2011,2420800.0,27700.0,planted,87.39350180505416
VN.ADM1.00018,sugarcane_for_sugar,2012,2578900.0,27500.0,planted,93.77818181818182
VN.ADM1.00018,sugarcane_for_sugar,2013,2590700.0,26900.0,planted,96.3085501858736
VN.ADM1.00018,sugarcane_for_sugar,2014,2457900.0,25200.0,planted,97.53571428571429
VN.ADM1.00018,sugarcane_for_sugar,2015,2173000.0,22400.0,planted,97.00892857142857
VN.ADM1.00018,sugarcane_for_sugar,2022,7029300.0,667700.0,planted,10.52763217013629
VN.ADM1.00018,sugarcane_for_sugar,2023,6898300.0,678600.0,planted,10.165487768936044
VN.ADM1.00019,sugarcane_for_sugar,1995,272000.0,5700.0,planted,47.719298245614034
VN.ADM1.00019,sugarcane_for_sugar,1996,195900.0,5400.0,planted,36.27777777777778
VN.ADM1.00019,sugarcane_for_sugar,1997,208400.0,4700.0,planted,44.340425531914896
VN.ADM1.00019,sugarcane_for_sugar,1998,210500.0,4200.0,planted,50.11904761904762
VN.ADM1.00019,sugarcane_for_sugar,1999,215700.0,4500.0,planted,47.93333333333333
VN.ADM1.00019,sugarcane_for_sugar,2000,164600.0,3900.0,planted,42.205128205128204
VN.ADM1.00019,sugarcane_for_sugar,2001,195000.0,3600.0,planted,54.166666666666664
VN.ADM1.00019,sugarcane_for_sugar,2002,198700.0,3600.0,planted,55.19444444444444
VN.ADM1.00019,sugarcane_for_sugar,2003,187500.0,3300.0,planted,56.81818181818182
VN.ADM1.00019,sugarcane_for_sugar,2004,167300.0,2800.0,planted,59.75
VN.ADM1.00019,sugarcane_for_sugar,2005,139700.0,2600.0,planted,53.73076923076923
VN.ADM1.00019,sugarcane_for_sugar,2006,135200.0,2300.0,planted,58.78260869565217
VN.ADM1.00019,sugarcane_for_sugar,2007,124200.0,2000.0,planted,62.1
VN.ADM1.00019,sugarcane_for_sugar,2008,126500.0,2000.0,planted,63.25
VN.ADM1.00019,sugarcane_for_sugar,2009,129400.0,2100.0,planted,61.61904761904762
VN.ADM1.00019,sugarcane_for_sugar,2010,124800.0,2000.0,planted,62.4
VN.ADM1.00019,sugarcane_for_sugar,2011,132200.0,2100.0,planted,62.95238095238095
VN.ADM1.00019,sugarcane_for_sugar,2012,141300.0,2300.0,planted,61.43478260869565
VN.ADM1.00019,sugarcane_for_sugar,2013,152200.0,2400.0,planted,63.416666666666664
VN.ADM1.00019,sugarcane_for_sugar,2014,147200.0,2300.0,planted,64.0
VN.ADM1.00019,sugarcane_for_sugar,2015,146900.0,2300.0,planted,63.869565217391305
VN.ADM1.00019,sugarcane_for_sugar,2022,290300.0,20000.0,planted,14.515
VN.ADM1.00019,sugarcane_for_sugar,2023,56100.0,3700.0,planted,15.162162162162161
VN.ADM1.00020,sugarcane_for_sugar,1995,25700.0,1100.0,planted,23.363636363636363
VN.ADM1.00020,sugarcane_for_sugar,1996,27000.0,1100.0,planted,24.545454545454547
VN.ADM1.00020,sugarcane_for_sugar,1997,24800.0,1000.0,planted,24.8
VN.ADM1.00020,sugarcane_for_sugar,1998,25700.0,1000.0,planted,25.7
VN.ADM1.00020,sugarcane_for_sugar,1999,28300.0,1100.0,planted,25.727272727272727
VN.ADM1.00020,sugarcane_for_sugar,2000,29900.0,1100.0,planted,27.181818181818183
VN.ADM1.00020,sugarcane_for_sugar,2001,30300.0,1100.0,planted,27.545454545454547
VN.ADM1.00020,sugarcane_for_sugar,2002,31800.0,1100.0,planted,28.90909090909091
VN.ADM1.00020,sugarcane_for_sugar,2003,31700.0,1100.0,planted,28.818181818181817
VN.ADM1.00020,sugarcane_for_sugar,2004,19300.0,700.0,planted,27.571428571428573
VN.ADM1.00020,sugarcane_for_sugar,2005,16000.0,600.0,planted,26.666666666666668
VN.ADM1.00020,sugarcane_for_sugar,2006,16600.0,700.0,planted,23.714285714285715
VN.ADM1.00020,sugarcane_for_sugar,2007,19000.0,700.0,planted,27.142857142857142
VN.ADM1.00020,sugarcane_for_sugar,2008,19500.0,800.0,planted,24.375
VN.ADM1.00020,sugarcane_for_sugar,2009,20400.0,800.0,planted,25.5
VN.ADM1.00020,sugarcane_for_sugar,2010,20700.0,800.0,planted,25.875
VN.ADM1.00020,sugarcane_for_sugar,2011,18900.0,700.0,planted,27.0
VN.ADM1.00020,sugarcane_for_sugar,2012,18600.0,700.0,planted,26.571428571428573
VN.ADM1.00020,sugarcane_for_sugar,2013,16700.0,700.0,planted,23.857142857142858
VN.ADM1.00020,sugarcane_for_sugar,2014,15900.0,600.0,planted,26.5
VN.ADM1.00020,sugarcane_for_sugar,2015,15900.0,600.0,planted,26.5
VN.ADM1.00020,sugarcane_for_sugar,2022,603500.0,15600.0,planted,38.68589743589744
VN.ADM1.00020,sugarcane_for_sugar,2023,524500.0,13600.0,planted,38.56617647058823
VN.ADM1.00021,sugarcane_for_sugar,1995,270200.0,6500.0,planted,41.56923076923077
VN.ADM1.00021,sugarcane_for_sugar,1996,368500.0,9300.0,planted,39.623655913978496
VN.ADM1.00021,sugarcane_for_sugar,1997,310200.0,8000.0,planted,38.775
VN.ADM1.00021,sugarcane_for_sugar,1998,330000.0,8000.0,planted,41.25
VN.ADM1.00021,sugarcane_for_sugar,1999,431500.0,10400.0,planted,41.49038461538461
VN.ADM1.00021,sugarcane_for_sugar,2000,208500.0,4600.0,planted,45.32608695652174
VN.ADM1.00021,sugarcane_for_sugar,2001,170100.0,4300.0,planted,39.55813953488372
VN.ADM1.00021,sugarcane_for_sugar,2002,209400.0,5000.0,planted,41.88
VN.ADM1.00021,sugarcane_for_sugar,2003,202300.0,4900.0,planted,41.285714285714285
VN.ADM1.00021,sugarcane_for_sugar,2004,157300.0,3800.0,planted,41.39473684210526
VN.ADM1.00021,sugarcane_for_sugar,2005,168800.0,3700.0,planted,45.62162162162162
VN.ADM1.00021,sugarcane_for_sugar,2006,198400.0,4500.0,planted,44.08888888888889
VN.ADM1.00021,sugarcane_for_sugar,2007,196700.0,3500.0,planted,56.2
VN.ADM1.00021,sugarcane_for_sugar,2008,200000.0,4100.0,planted,48.78048780487805
VN.ADM1.00021,sugarcane_for_sugar,2009,230700.0,3500.0,planted,65.91428571428571
VN.ADM1.00021,sugarcane_for_sugar,2010,362300.0,4500.0,planted,80.5111111111111
VN.ADM1.00021,sugarcane_for_sugar,2011,313700.0,4400.0,planted,71.29545454545455
VN.ADM1.00021,sugarcane_for_sugar,2012,346300.0,4900.0,planted,70.6734693877551
VN.ADM1.00021,sugarcane_for_sugar,2013,365500.0,5700.0,planted,64.12280701754386
VN.ADM1.00021,sugarcane_for_sugar,2014,395400.0,5800.0,planted,68.17241379310344
VN.ADM1.00021,sugarcane_for_sugar,2015,400100.0,5800.0,planted,68.98275862068965
VN.ADM1.00021,sugarcane_for_sugar,2022,2074600.0,119200.0,planted,17.404362416107382
VN.ADM1.00021,sugarcane_for_sugar,2023,896000.0,62800.0,planted,14.26751592356688
VN.ADM1.00022,sugarcane_for_sugar,2022,357000.0,14800.0,planted,24.12162162162162
VN.ADM1.00022,sugarcane_for_sugar,2023,314900.0,12600.0,planted,24.99206349206349
VN.ADM1.00023,sugarcane_for_sugar,1995,142300.0,3200.0,planted,44.46875
VN.ADM1.00023,sugarcane_for_sugar,1996,221600.0,4100.0,planted,54.048780487804876
VN.ADM1.00023,sugarcane_for_sugar,1997,222600.0,4500.0,planted,49.46666666666667
VN.ADM1.00023,sugarcane_for_sugar,1998,199400.0,3900.0,planted,51.12820512820513
VN.ADM1.00023,sugarcane_for_sugar,1999,234600.0,4700.0,planted,49.91489361702128
VN.ADM1.00023,sugarcane_for_sugar,2000,140900.0,3400.0,planted,41.44117647058823
VN.ADM1.00023,sugarcane_for_sugar,2001,182100.0,3300.0,planted,55.18181818181818
VN.ADM1.00023,sugarcane_for_sugar,2002,154800.0,3100.0,planted,49.935483870967744
VN.ADM1.00023,sugarcane_for_sugar,2003,158200.0,2500.0,planted,63.28
VN.ADM1.00023,sugarcane_for_sugar,2004,148800.0,2300.0,planted,64.69565217391305
VN.ADM1.00023,sugarcane_for_sugar,2005,128500.0,2000.0,planted,64.25
VN.ADM1.00023,sugarcane_for_sugar,2006,128800.0,2000.0,planted,64.4
VN.ADM1.00023,sugarcane_for_sugar,2007,127700.0,1800.0,planted,70.94444444444444
VN.ADM1.00023,sugarcane_for_sugar,2008,97700.0,1400.0,planted,69.78571428571429
VN.ADM1.00023,sugarcane_for_sugar,2009,75000.0,1100.0,planted,68.18181818181819
VN.ADM1.00023,sugarcane_for_sugar,2010,71600.0,1000.0,planted,71.6
VN.ADM1.00023,sugarcane_for_sugar,2011,64800.0,900.0,planted,72.0
VN.ADM1.00023,sugarcane_for_sugar,2012,66500.0,900.0,planted,73.88888888888889
VN.ADM1.00023,sugarcane_for_sugar,2013,61300.0,900.0,planted,68.11111111111111
VN.ADM1.00023,sugarcane_for_sugar,2014,39400.0,600.0,planted,65.66666666666667
VN.ADM1.00023,sugarcane_for_sugar,2015,28100.0,400.0,planted,70.25
VN.ADM1.00023,sugarcane_for_sugar,2022,192800.0,12500.0,planted,15.424
VN.ADM1.00023,sugarcane_for_sugar,2023,182400.0,11800.0,planted,15.457627118644067
VN.ADM1.00024,sugarcane_for_sugar,2022,184200.0,6600.0,planted,27.90909090909091
VN.ADM1.00024,sugarcane_for_sugar,2023,159500.0,5500.0,planted,29.0
VN.ADM1.00025,sugarcane_for_sugar,1995,571900.0,15900.0,planted,35.9685534591195
VN.ADM1.00025,sugarcane_for_sugar,1996,400500.0,15800.0,planted,25.348101265822784
VN.ADM1.00025,sugarcane_for_sugar,1997,155900.0,16100.0,planted,9.683229813664596
VN.ADM1.00025,sugarcane_for_sugar,1998,749300.0,14900.0,planted,50.288590604026844
VN.ADM1.00025,sugarcane_for_sugar,1999,846200.0,17500.0,planted,48.354285714285716
VN.ADM1.00025,sugarcane_for_sugar,2000,869400.0,18800.0,planted,46.244680851063826
VN.ADM1.00025,sugarcane_for_sugar,2001,349500.0,16500.0,planted,21.181818181818183
VN.ADM1.00025,sugarcane_for_sugar,2002,911400.0,15700.0,planted,58.05095541401274
VN.ADM1.00025,sugarcane_for_sugar,2003,962900.0,15800.0,planted,60.94303797468354
VN.ADM1.00025,sugarcane_for_sugar,2004,916400.0,14900.0,planted,61.50335570469799
VN.ADM1.00025,sugarcane_for_sugar,2005,933800.0,14700.0,planted,63.523809523809526
VN.ADM1.00025,sugarcane_for_sugar,2006,1027900.0,14900.0,planted,68.98657718120805
VN.ADM1.00025,sugarcane_for_sugar,2007,1037000.0,15800.0,planted,65.63291139240506
VN.ADM1.00025,sugarcane_for_sugar,2008,1060500.0,15400.0,planted,68.86363636363636
VN.ADM1.00025,sugarcane_for_sugar,2009,1026000.0,14900.0,planted,68.85906040268456
VN.ADM1.00025,sugarcane_for_sugar,2010,895900.0,12800.0,planted,69.9921875
VN.ADM1.00025,sugarcane_for_sugar,2011,884200.0,12600.0,planted,70.17460317460318
VN.ADM1.00025,sugarcane_for_sugar,2012,921000.0,13600.0,planted,67.72058823529412
VN.ADM1.00025,sugarcane_for_sugar,2013,924200.0,13400.0,planted,68.97014925373135
VN.ADM1.00025,sugarcane_for_sugar,2014,911600.0,13000.0,planted,70.12307692307692
VN.ADM1.00025,sugarcane_for_sugar,2015,850700.0,12100.0,planted,70.30578512396694
VN.ADM1.00025,sugarcane_for_sugar,2022,26500.0,1100.0,planted,24.09090909090909
VN.ADM1.00025,sugarcane_for_sugar,2023,65500.0,1700.0,planted,38.529411764705884
VN.ADM1.00026,sugarcane_for_sugar,2011,12700.0,200.0,planted,63.5
VN.ADM1.00026,sugarcane_for_sugar,2012,16200.0,200.0,planted,81.0
VN.ADM1.00026,sugarcane_for_sugar,2013,25800.0,400.0,planted,64.5
VN.ADM1.00026,sugarcane_for_sugar,2014,16700.0,200.0,planted,83.5
VN.ADM1.00026,sugarcane_for_sugar,2015,20500.0,300.0,planted,68.33333333333333
VN.ADM1.00026,sugarcane_for_sugar,2022,489600.0,29200.0,planted,16.767123287671232
VN.ADM1.00026,sugarcane_for_sugar,2023,499600.0,30100.0,planted,16.59800664451827
VN.ADM1.00027,sugarcane_for_sugar,1995,112700.0,2100.0,planted,53.666666666666664
VN.ADM1.00027,sugarcane_for_sugar,1996,179800.0,3100.0,planted,58.0
VN.ADM1.00027,sugarcane_for_sugar,1997,257300.0,4300.0,planted,59.83720930232558
VN.ADM1.00027,sugarcane_for_sugar,1998,442100.0,7900.0,planted,55.962025316455694
VN.ADM1.00027,sugarcane_for_sugar,1999,709300.0,13100.0,planted,54.14503816793893
VN.ADM1.00027,sugarcane_for_sugar,2000,901900.0,17300.0,planted,52.13294797687861
VN.ADM1.00027,sugarcane_for_sugar,2001,1050700.0,20100.0,planted,52.27363184079602
VN.ADM1.00027,sugarcane_for_sugar,2002,1392200.0,25700.0,planted,54.17120622568093
VN.ADM1.00027,sugarcane_for_sugar,2003,1338100.0,26200.0,planted,51.07251908396947
VN.ADM1.00027,sugarcane_for_sugar,2004,1321800.0,24000.0,planted,55.075
VN.ADM1.00027,sugarcane_for_sugar,2005,1128600.0,22300.0,planted,50.60986547085202
VN.ADM1.00027,sugarcane_for_sugar,2006,1485700.0,26700.0,planted,55.644194756554306
VN.ADM1.00027,sugarcane_for_sugar,2007,1741800.0,30300.0,planted,57.48514851485149
VN.ADM1.00027,sugarcane_for_sugar,2008,1708700.0,29900.0,planted,57.147157190635454
VN.ADM1.00027,sugarcane_for_sugar,2009,1563800.0,27400.0,planted,57.07299270072993
VN.ADM1.00027,sugarcane_for_sugar,2010,1249000.0,23400.0,planted,53.376068376068375
VN.ADM1.00027,sugarcane_for_sugar,2011,1293300.0,23300.0,planted,55.506437768240346
VN.ADM1.00027,sugarcane_for_sugar,2012,1476700.0,25600.0,planted,57.68359375
VN.ADM1.00027,sugarcane_for_sugar,2013,1609800.0,27800.0,planted,57.906474820143885
VN.ADM1.00027,sugarcane_for_sugar,2014,1634300.0,28400.0,planted,57.54577464788732
VN.ADM1.00027,sugarcane_for_sugar,2015,1560100.0,26700.0,planted,58.43071161048689
VN.ADM1.00027,sugarcane_for_sugar,2022,20664500.0,1233400.0,planted,16.75409437327712
VN.ADM1.00027,sugarcane_for_sugar,2023,21420100.0,1284000.0,planted,16.682320872274143
VN.ADM1.00028,sugarcane_for_sugar,1995,699900.0,16100.0,planted,43.47204968944099
VN.ADM1.00028,sugarcane_for_sugar,1996,749000.0,17300.0,planted,43.29479768786127
VN.ADM1.00028,sugarcane_for_sugar,1997,754200.0,16900.0,planted,44.62721893491124
VN.ADM1.00028,sugarcane_for_sugar,1998,854400.0,18700.0,planted,45.68983957219251
VN.ADM1.00028,sugarcane_for_sugar,1999,954500.0,20500.0,planted,46.5609756097561
VN.ADM1.00028,sugarcane_for_sugar,2000,957700.0,19800.0,planted,48.36868686868687
VN.ADM1.00028,sugarcane_for_sugar,2001,648800.0,14000.0,planted,46.34285714285714
VN.ADM1.00028,sugarcane_for_sugar,2002,750800.0,16400.0,planted,45.78048780487805
VN.ADM1.00028,sugarcane_for_sugar,2003,731800.0,15900.0,planted,46.0251572327044
VN.ADM1.00028,sugarcane_for_sugar,2004,675500.0,13800.0,planted,48.94927536231884
VN.ADM1.00028,sugarcane_for_sugar,2005,534200.0,11000.0,planted,48.56363636363636
VN.ADM1.00028,sugarcane_for_sugar,2006,509800.0,10200.0,planted,49.98039215686274
VN.ADM1.00028,sugarcane_for_sugar,2007,576800.0,10800.0,planted,53.407407407407405
VN.ADM1.00028,sugarcane_for_sugar,2008,526600.0,10100.0,planted,52.13861386138614
VN.ADM1.00028,sugarcane_for_sugar,2009,416600.0,8400.0,planted,49.595238095238095
VN.ADM1.00028,sugarcane_for_sugar,2010,401500.0,8200.0,planted,48.96341463414634
VN.ADM1.00028,sugarcane_for_sugar,2011,438200.0,8200.0,planted,53.4390243902439
VN.ADM1.00028,sugarcane_for_sugar,2012,464600.0,8500.0,planted,54.65882352941176
VN.ADM1.00028,sugarcane_for_sugar,2013,468100.0,8100.0,planted,57.79012345679013
VN.ADM1.00028,sugarcane_for_sugar,2014,452800.0,8000.0,planted,56.6
VN.ADM1.00028,sugarcane_for_sugar,2015,342800.0,6000.0,planted,57.13333333333333
VN.ADM1.00028,sugarcane_for_sugar,2022,384800.0,20700.0,planted,18.58937198067633
VN.ADM1.00028,sugarcane_for_sugar,2023,346000.0,18500.0,planted,18.7027027027027
VN.ADM1.00029,sugarcane_for_sugar,1995,896500.0,21500.0,planted,41.69767441860465
VN.ADM1.00029,sugarcane_for_sugar,1996,1205200.0,25500.0,planted,47.26274509803922
VN.ADM1.00029,sugarcane_for_sugar,1997,1179700.0,26600.0,planted,44.349624060150376
VN.ADM1.00029,sugarcane_for_sugar,1998,1451100.0,31500.0,planted,46.06666666666667
VN.ADM1.00029,sugarcane_for_sugar,1999,1707400.0,35200.0,planted,48.50568181818182
VN.ADM1.00029,sugarcane_for_sugar,2000,1360100.0,32000.0,planted,42.503125
VN.ADM1.00029,sugarcane_for_sugar,2001,1571100.0,35200.0,planted,44.63352272727273
VN.ADM1.00029,sugarcane_for_sugar,2002,1540000.0,37100.0,planted,41.509433962264154
VN.ADM1.00029,sugarcane_for_sugar,2003,1512500.0,36100.0,planted,41.89750692520776
VN.ADM1.00029,sugarcane_for_sugar,2004,1567900.0,36400.0,planted,43.074175824175825
VN.ADM1.00029,sugarcane_for_sugar,2005,1381400.0,33400.0,planted,41.35928143712575
VN.ADM1.00029,sugarcane_for_sugar,2006,1640300.0,37000.0,planted,44.332432432432434
VN.ADM1.00029,sugarcane_for_sugar,2007,1780000.0,37600.0,planted,47.340425531914896
VN.ADM1.00029,sugarcane_for_sugar,2008,1682200.0,35000.0,planted,48.06285714285714
VN.ADM1.00029,sugarcane_for_sugar,2009,1511800.0,35100.0,planted,43.07122507122507
VN.ADM1.00029,sugarcane_for_sugar,2010,1678700.0,37200.0,planted,45.126344086021504
VN.ADM1.00029,sugarcane_for_sugar,2011,1896900.0,38100.0,planted,49.78740157480315
VN.ADM1.00029,sugarcane_for_sugar,2012,2256700.0,41100.0,planted,54.907542579075425
VN.ADM1.00029,sugarcane_for_sugar,2013,2476700.0,42900.0,planted,57.73193473193473
VN.ADM1.00029,sugarcane_for_sugar,2014,2616300.0,46000.0,planted,56.87608695652174
VN.ADM1.00029,sugarcane_for_sugar,2015,2442200.0,44700.0,planted,54.635346756152124
VN.ADM1.00029,sugarcane_for_sugar,2022,32058700.0,1941000.0,planted,16.51658938691396
VN.ADM1.00029,sugarcane_for_sugar,2023,33832900.0,2129300.0,planted,15.889212417226318
VN.ADM1.00030,sugarcane_for_sugar,2022,596300.0,24200.0,planted,24.640495867768596
VN.ADM1.00030,sugarcane_for_sugar,2023,607200.0,21800.0,planted,27.853211009174313
VN.ADM1.00031,sugarcane_for_sugar,1995,9500.0,300.0,planted,31.666666666666668
VN.ADM1.00031,sugarcane_for_sugar,1996,8900.0,400.0,planted,22.25
VN.ADM1.00031,sugarcane_for_sugar,1997,7900.0,400.0,planted,19.75
VN.ADM1.00031,sugarcane_for_sugar,1998,11500.0,400.0,planted,28.75
VN.ADM1.00031,sugarcane_for_sugar,1999,12400.0,400.0,planted,31.0
VN.ADM1.00031,sugarcane_for_sugar,2000,14200.0,500.0,planted,28.4
VN.ADM1.00031,sugarcane_for_sugar,2001,14300.0,500.0,planted,28.6
VN.ADM1.00031,sugarcane_for_sugar,2002,15000.0,400.0,planted,37.5
VN.ADM1.00031,sugarcane_for_sugar,2003,14200.0,400.0,planted,35.5
VN.ADM1.00031,sugarcane_for_sugar,2004,14800.0,500.0,planted,29.6
VN.ADM1.00031,sugarcane_for_sugar,2005,14600.0,400.0,planted,36.5
VN.ADM1.00031,sugarcane_for_sugar,2006,13900.0,400.0,planted,34.75
VN.ADM1.00031,sugarcane_for_sugar,2007,13200.0,400.0,planted,33.0
VN.ADM1.00031,sugarcane_for_sugar,2008,13000.0,400.0,planted,32.5
VN.ADM1.00031,sugarcane_for_sugar,2009,16600.0,400.0,planted,41.5
VN.ADM1.00031,sugarcane_for_sugar,2010,16800.0,400.0,planted,42.0
VN.ADM1.00031,sugarcane_for_sugar,2022,324600.0,17700.0,planted,18.338983050847457
VN.ADM1.00031,sugarcane_for_sugar,2023,332500.0,18100.0,planted,18.370165745856355
VN.ADM1.00032,sugarcane_for_sugar,1995,29800.0,900.0,planted,33.111111111111114
VN.ADM1.00032,sugarcane_for_sugar,1996,62900.0,1500.0,planted,41.93333333333333
VN.ADM1.00032,sugarcane_for_sugar,1997,127300.0,3100.0,planted,41.064516129032256
VN.ADM1.00032,sugarcane_for_sugar,1998,130600.0,3400.0,planted,38.411764705882355
VN.ADM1.00032,sugarcane_for_sugar,1999,178600.0,4700.0,planted,38.0
VN.ADM1.00032,sugarcane_for_sugar,2000,136600.0,3700.0,planted,36.91891891891892
VN.ADM1.00032,sugarcane_for_sugar,2001,136200.0,3500.0,planted,38.91428571428571
VN.ADM1.00032,sugarcane_for_sugar,2002,177900.0,4300.0,planted,41.372093023255815
VN.ADM1.00032,sugarcane_for_sugar,2003,186600.0,4200.0,planted,44.42857142857143
VN.ADM1.00032,sugarcane_for_sugar,2004,164700.0,3600.0,planted,45.75
VN.ADM1.00032,sugarcane_for_sugar,2005,152800.0,3400.0,planted,44.94117647058823
VN.ADM1.00032,sugarcane_for_sugar,2006,182500.0,4200.0,planted,43.45238095238095
VN.ADM1.00032,sugarcane_for_sugar,2007,208000.0,4000.0,planted,52.0
VN.ADM1.00032,sugarcane_for_sugar,2008,172700.0,3400.0,planted,50.794117647058826
VN.ADM1.00032,sugarcane_for_sugar,2009,175000.0,3300.0,planted,53.03030303030303
VN.ADM1.00032,sugarcane_for_sugar,2010,174700.0,3300.0,planted,52.93939393939394
VN.ADM1.00032,sugarcane_for_sugar,2011,249400.0,4200.0,planted,59.38095238095238
VN.ADM1.00032,sugarcane_for_sugar,2012,313500.0,4700.0,planted,66.70212765957447
VN.ADM1.00032,sugarcane_for_sugar,2013,326100.0,4800.0,planted,67.9375
VN.ADM1.00032,sugarcane_for_sugar,2014,350500.0,5200.0,planted,67.40384615384616
VN.ADM1.00032,sugarcane_for_sugar,2015,352300.0,5500.0,planted,64.05454545454545
VN.ADM1.00032,sugarcane_for_sugar,2022,10100000.0,681600.0,planted,14.818075117370892
VN.ADM1.00032,sugarcane_for_sugar,2023,9815000.0,652000.0,planted,15.053680981595091
VN.ADM1.00033,sugarcane_for_sugar,1996,170100.0,3800.0,planted,44.76315789473684
VN.ADM1.00033,sugarcane_for_sugar,1997,207400.0,4700.0,planted,44.12765957446808
VN.ADM1.00033,sugarcane_for_sugar,1998,319200.0,7100.0,planted,44.95774647887324
VN.ADM1.00033,sugarcane_for_sugar,1999,354500.0,7800.0,planted,45.44871794871795
VN.ADM1.00033,sugarcane_for_sugar,2000,191700.0,4500.0,planted,42.6
VN.ADM1.00033,sugarcane_for_sugar,2001,203400.0,4700.0,planted,43.276595744680854
VN.ADM1.00033,sugarcane_for_sugar,2002,221900.0,5000.0,planted,44.38
VN.ADM1.00033,sugarcane_for_sugar,2003,224200.0,5100.0,planted,43.96078431372549
VN.ADM1.00033,sugarcane_for_sugar,2004,193800.0,4600.0,planted,42.130434782608695
VN.ADM1.00033,sugarcane_for_sugar,2005,98400.0,2100.0,planted,46.857142857142854
VN.ADM1.00033,sugarcane_for_sugar,2006,83100.0,1900.0,planted,43.73684210526316
VN.ADM1.00033,sugarcane_for_sugar,2007,93100.0,2000.0,planted,46.55
VN.ADM1.00033,sugarcane_for_sugar,2008,65900.0,1500.0,planted,43.93333333333333
VN.ADM1.00033,sugarcane_for_sugar,2009,55300.0,1200.0,planted,46.083333333333336
VN.ADM1.00033,sugarcane_for_sugar,2010,59700.0,1300.0,planted,45.92307692307692
VN.ADM1.00033,sugarcane_for_sugar,2011,75800.0,1600.0,planted,47.375
VN.ADM1.00033,sugarcane_for_sugar,2012,70200.0,1700.0,planted,41.294117647058826
VN.ADM1.00033,sugarcane_for_sugar,2013,51800.0,1300.0,planted,39.84615384615385
VN.ADM1.00033,sugarcane_for_sugar,2014,48200.0,1200.0,planted,40.166666666666664
VN.ADM1.00033,sugarcane_for_sugar,2015,44100.0,1100.0,planted,40.09090909090909
VN.ADM1.00033,sugarcane_for_sugar,2022,637500.0,24500.0,planted,26.020408163265305
VN.ADM1.00033,sugarcane_for_sugar,2023,489500.0,18000.0,planted,27.194444444444443
VN.ADM1.00034,sugarcane_for_sugar,1995,750100.0,17500.0,planted,42.862857142857145
VN.ADM1.00034,sugarcane_for_sugar,1996,756700.0,17300.0,planted,43.73988439306358
VN.ADM1.00034,sugarcane_for_sugar,1997,1247000.0,26800.0,planted,46.52985074626866
VN.ADM1.00034,sugarcane_for_sugar,1998,1319400.0,28300.0,planted,46.62190812720848
VN.ADM1.00034,sugarcane_for_sugar,1999,1461600.0,32100.0,planted,45.532710280373834
VN.ADM1.00034,sugarcane_for_sugar,2000,1154800.0,25400.0,planted,45.46456692913386
VN.ADM1.00034,sugarcane_for_sugar,2001,1474000.0,29500.0,planted,49.96610169491525
VN.ADM1.00034,sugarcane_for_sugar,2002,1746400.0,33100.0,planted,52.76132930513595
VN.ADM1.00034,sugarcane_for_sugar,2003,1632900.0,30000.0,planted,54.43
VN.ADM1.00034,sugarcane_for_sugar,2004,1605200.0,28500.0,planted,56.32280701754386
VN.ADM1.00034,sugarcane_for_sugar,2005,1944200.0,31600.0,planted,61.5253164556962
VN.ADM1.00034,sugarcane_for_sugar,2006,2288400.0,38000.0,planted,60.22105263157895
VN.ADM1.00034,sugarcane_for_sugar,2007,2048100.0,33000.0,planted,62.06363636363636
VN.ADM1.00034,sugarcane_for_sugar,2008,1162500.0,18900.0,planted,61.507936507936506
VN.ADM1.00034,sugarcane_for_sugar,2009,1496900.0,24600.0,planted,60.84959349593496
VN.ADM1.00034,sugarcane_for_sugar,2010,1607400.0,25500.0,planted,63.03529411764706
VN.ADM1.00034,sugarcane_for_sugar,2011,1708900.0,23900.0,planted,71.5020920502092
VN.ADM1.00034,sugarcane_for_sugar,2012,1711000.0,23200.0,planted,73.75
VN.ADM1.00034,sugarcane_for_sugar,2013,1660700.0,22300.0,planted,74.47085201793722
VN.ADM1.00034,sugarcane_for_sugar,2014,1396000.0,18400.0,planted,75.8695652173913
VN.ADM1.00034,sugarcane_for_sugar,2015,1046000.0,14200.0,planted,73.66197183098592
VN.ADM1.00034,sugarcane_for_sugar,2022,6255200.0,466800.0,planted,13.400171379605826
VN.ADM1.00034,sugarcane_for_sugar,2023,7174700.0,544900.0,planted,13.167003119838503
VN.ADM1.00035,sugarcane_for_sugar,2022,34200.0,1800.0,planted,19.0
VN.ADM1.00035,sugarcane_for_sugar,2023,41200.0,2100.0,planted,19.61904761904762
VN.ADM1.00036,sugarcane_for_sugar,1995,397500.0,7500.0,planted,53.0
VN.ADM1.00036,sugarcane_for_sugar,1996,561700.0,11100.0,planted,50.6036036036036
VN.ADM1.00036,sugarcane_for_sugar,1997,896900.0,15800.0,planted,56.765822784810126
VN.ADM1.00036,sugarcane_for_sugar,1998,932600.0,17500.0,planted,53.29142857142857
VN.ADM1.00036,sugarcane_for_sugar,1999,1653700.0,29700.0,planted,55.68013468013468
VN.ADM1.00036,sugarcane_for_sugar,2000,1639900.0,28800.0,planted,56.94097222222222
VN.ADM1.00036,sugarcane_for_sugar,2001,1558100.0,27800.0,planted,56.04676258992806
VN.ADM1.00036,sugarcane_for_sugar,2002,1613900.0,28700.0,planted,56.23344947735192
VN.ADM1.00036,sugarcane_for_sugar,2003,1726600.0,32000.0,planted,53.95625
VN.ADM1.00036,sugarcane_for_sugar,2004,1750900.0,31400.0,planted,55.761146496815286
VN.ADM1.00036,sugarcane_for_sugar,2005,1700600.0,30700.0,planted,55.39413680781759
VN.ADM1.00036,sugarcane_for_sugar,2006,1735100.0,31500.0,planted,55.08253968253968
VN.ADM1.00036,sugarcane_for_sugar,2007,1865700.0,32900.0,planted,56.70820668693009
VN.ADM1.00036,sugarcane_for_sugar,2008,1794600.0,32300.0,planted,55.56037151702786
VN.ADM1.00036,sugarcane_for_sugar,2009,1689000.0,31600.0,planted,53.449367088607595
VN.ADM1.00036,sugarcane_for_sugar,2010,1581100.0,30300.0,planted,52.18151815181518
VN.ADM1.00036,sugarcane_for_sugar,2011,1669200.0,31100.0,planted,53.67202572347267
VN.ADM1.00036,sugarcane_for_sugar,2012,1963700.0,34600.0,planted,56.75433526011561
VN.ADM1.00036,sugarcane_for_sugar,2013,2140500.0,36500.0,planted,58.64383561643836
VN.ADM1.00036,sugarcane_for_sugar,2014,2005800.0,34000.0,planted,58.99411764705882
VN.ADM1.00036,sugarcane_for_sugar,2015,1863800.0,32200.0,planted,57.88198757763975
VN.ADM1.00036,sugarcane_for_sugar,2022,14036200.0,919200.0,planted,15.270017406440383
VN.ADM1.00036,sugarcane_for_sugar,2023,14084700.0,923800.0,planted,15.246481922494047
VN.ADM1.00037,sugarcane_for_sugar,1995,75500.0,2500.0,planted,30.2
VN.ADM1.00037,sugarcane_for_sugar,1996,131100.0,3600.0,planted,36.416666666666664
VN.ADM1.00037,sugarcane_for_sugar,1997,194000.0,4900.0,planted,39.59183673469388
VN.ADM1.00037,sugarcane_for_sugar,1998,194800.0,5300.0,planted,36.75471698113208
VN.ADM1.00037,sugarcane_for_sugar,1999,378400.0,8800.0,planted,43.0
VN.ADM1.00037,sugarcane_for_sugar,2000,383200.0,9600.0,planted,39.916666666666664
VN.ADM1.00037,sugarcane_for_sugar,2001,266700.0,5900.0,planted,45.20338983050848
VN.ADM1.00037,sugarcane_for_sugar,2002,294100.0,6600.0,planted,44.56060606060606
VN.ADM1.00037,sugarcane_for_sugar,2003,362200.0,7400.0,planted,48.945945945945944
VN.ADM1.00037,sugarcane_for_sugar,2004,377700.0,8000.0,planted,47.2125
VN.ADM1.00037,sugarcane_for_sugar,2005,276400.0,5700.0,planted,48.49122807017544
VN.ADM1.00037,sugarcane_for_sugar,2006,185000.0,4500.0,planted,41.111111111111114
VN.ADM1.00037,sugarcane_for_sugar,2007,216900.0,4900.0,planted,44.265306122448976
VN.ADM1.00037,sugarcane_for_sugar,2008,225400.0,4800.0,planted,46.958333333333336
VN.ADM1.00037,sugarcane_for_sugar,2009,229800.0,5500.0,planted,41.78181818181818
VN.ADM1.00037,sugarcane_for_sugar,2010,288800.0,6500.0,planted,44.43076923076923
VN.ADM1.00037,sugarcane_for_sugar,2011,266000.0,5700.0,planted,46.666666666666664
VN.ADM1.00037,sugarcane_for_sugar,2012,271200.0,5500.0,planted,49.30909090909091
VN.ADM1.00037,sugarcane_for_sugar,2013,287900.0,5800.0,planted,49.63793103448276
VN.ADM1.00037,sugarcane_for_sugar,2014,261800.0,4900.0,planted,53.42857142857143
VN.ADM1.00037,sugarcane_for_sugar,2015,210700.0,4100.0,planted,51.390243902439025
VN.ADM1.00037,sugarcane_for_sugar,2022,2766500.0,153800.0,planted,17.987646293888165
VN.ADM1.00037,sugarcane_for_sugar,2023,3343800.0,201600.0,planted,16.586309523809526
VN.ADM1.00038,sugarcane_for_sugar,2022,164100.0,6800.0,planted,24.13235294117647
VN.ADM1.00038,sugarcane_for_sugar,2023,130800.0,5500.0,planted,23.78181818181818
VN.ADM1.00039,sugarcane_for_sugar,2022,100100.0,5700.0,planted,17.56140350877193
VN.ADM1.00039,sugarcane_for_sugar,2023,60800.0,3400.0,planted,17.88235294117647
