stable_id,crop,year,sif_annual_mean,n_months
BD.ADM2.00001,groundnuts_in_shell,2000,0.361136778,10
BD.ADM2.00001,groundnuts_in_shell,2001,0.3498716,12
BD.ADM2.00001,groundnuts_in_shell,2002,0.34909852666666663,12
BD.ADM2.00001,groundnuts_in_shell,2003,0.35398324583333335,12
BD.ADM2.00001,groundnuts_in_shell,2004,0.34272625500000004,12
BD.ADM2.00001,groundnuts_in_shell,2005,0.3666195966666667,12
BD.ADM2.00001,groundnuts_in_shell,2006,0.3684715516666666,12
BD.ADM2.00001,groundnuts_in_shell,2007,0.352869335,12
BD.ADM2.00001,groundnuts_in_shell,2008,0.349654615,12
BD.ADM2.00001,groundnuts_in_shell,2009,0.3607304625,12
BD.ADM2.00001,groundnuts_in_shell,2010,0.3686183591666667,12
BD.ADM2.00001,groundnuts_in_shell,2011,0.3627796658333333,12
BD.ADM2.00001,groundnuts_in_shell,2012,0.36393516333333337,12
BD.ADM2.00001,groundnuts_in_shell,2013,0.36556675083333334,12
BD.ADM2.00001,groundnuts_in_shell,2014,0.3656152483333333,12
BD.ADM2.00001,groundnuts_in_shell,2015,0.3797816633333333,12
BD.ADM2.00001,groundnuts_in_shell,2016,0.37751005750000005,12
BD.ADM2.00001,groundnuts_in_shell,2017,0.3852049983333334,12
BD.ADM2.00001,groundnuts_in_shell,2018,0.38663717833333333,12
BD.ADM2.00001,groundnuts_in_shell,2019,0.3676436533333334,12
BD.ADM2.00001,groundnuts_in_shell,2020,0.3560235941666667,12
BD.ADM2.00001,groundnuts_in_shell,2021,0.5937202875,12
BD.ADM2.00001,groundnuts_in_shell,2022,0.59906726,12
BD.ADM2.00001,groundnuts_in_shell,2023,0.369980585,12
BD.ADM2.00001,groundnuts_in_shell,2024,0.3701239191666667,12
BD.ADM2.00001,maize_corn,2000,0.26104586900000004,10
BD.ADM2.00001,maize_corn,2001,0.24619997291666665,12
BD.ADM2.00001,maize_corn,2002,0.24633540750000002,12
BD.ADM2.00001,maize_corn,2003,0.2513093708333333,12
BD.ADM2.00001,maize_corn,2004,0.24081442,12
BD.ADM2.00001,maize_corn,2005,0.26419235,12
BD.ADM2.00001,maize_corn,2006,0.26562395,12
BD.ADM2.00001,maize_corn,2007,0.2493188125,12
BD.ADM2.00001,maize_corn,2008,0.24721588000000003,12
BD.ADM2.00001,maize_corn,2009,0.25733777166666666,12
BD.ADM2.00001,maize_corn,2010,0.26617601166666666,12
BD.ADM2.00001,maize_corn,2011,0.260510815,12
BD.ADM2.00001,maize_corn,2012,0.2647085691666667,12
BD.ADM2.00001,maize_corn,2013,0.2636447333333333,12
BD.ADM2.00001,maize_corn,2014,0.2636436058333333,12
BD.ADM2.00001,maize_corn,2015,0.27834563083333336,12
BD.ADM2.00001,maize_corn,2016,0.2799565491666667,12
BD.ADM2.00001,maize_corn,2017,0.28555115000000003,12
BD.ADM2.00001,maize_corn,2018,0.2869792825,12
BD.ADM2.00001,maize_corn,2019,0.28758342833333334,12
BD.ADM2.00001,maize_corn,2020,0.27587476666666666,12
BD.ADM2.00001,maize_corn,2021,0.5445653541666666,12
BD.ADM2.00001,maize_corn,2022,0.5506472266666667,12
BD.ADM2.00001,maize_corn,2023,0.28947595249999997,12
BD.ADM2.00001,maize_corn,2024,0.29023518,12
BD.ADM2.00001,rice_paddy,2000,0.24664944900000002,10
BD.ADM2.00001,rice_paddy,2001,0.23279097166666665,12
BD.ADM2.00001,rice_paddy,2002,0.23195582916666665,12
BD.ADM2.00001,rice_paddy,2003,0.23706006875,12
BD.ADM2.00001,rice_paddy,2004,0.23259696166666666,12
BD.ADM2.00001,rice_paddy,2005,0.25186467083333336,12
BD.ADM2.00001,rice_paddy,2006,0.2567958325,12
BD.ADM2.00001,rice_paddy,2007,0.24118494083333333,12
BD.ADM2.00001,rice_paddy,2008,0.2335674666666667,12
BD.ADM2.00001,rice_paddy,2009,0.2448237908333333,12
BD.ADM2.00001,rice_paddy,2010,0.2511394116666667,12
BD.ADM2.00001,rice_paddy,2011,0.2445433925,12
BD.ADM2.00001,rice_paddy,2012,0.24767258,12
BD.ADM2.00001,rice_paddy,2013,0.25098843416666666,12
BD.ADM2.00001,rice_paddy,2014,0.2524341475,12
BD.ADM2.00001,rice_paddy,2015,0.2628123175,12
BD.ADM2.00001,rice_paddy,2016,0.26506634916666666,12
BD.ADM2.00001,rice_paddy,2017,0.27174843833333334,12
BD.ADM2.00001,rice_paddy,2018,0.27219249333333334,12
BD.ADM2.00001,rice_paddy,2019,0.27628582416666664,12
BD.ADM2.00001,rice_paddy,2020,0.26882839666666664,12
BD.ADM2.00001,rice_paddy,2021,0.3642882416666667,12
BD.ADM2.00001,rice_paddy,2022,0.36942838,12
BD.ADM2.00001,rice_paddy,2023,0.28005427833333335,12
BD.ADM2.00001,rice_paddy,2024,0.2833464725,12
BD.ADM2.00001,wheat_grain,2000,0.254924655,10
BD.ADM2.00001,wheat_grain,2001,0.239593927,12
BD.ADM2.00001,wheat_grain,2002,0.24016535083333335,12
BD.ADM2.00001,wheat_grain,2003,0.2428562091666667,12
BD.ADM2.00001,wheat_grain,2004,0.24135140333333335,12
BD.ADM2.00001,wheat_grain,2005,0.25468394833333335,12
BD.ADM2.00001,wheat_grain,2006,0.26257298,12
BD.ADM2.00001,wheat_grain,2007,0.2484813825,12
BD.ADM2.00001,wheat_grain,2008,0.24082327166666664,12
BD.ADM2.00001,wheat_grain,2009,0.24884389166666665,12
BD.ADM2.00001,wheat_grain,2010,0.25669617333333333,12
BD.ADM2.00001,wheat_grain,2011,0.2508216791666667,12
BD.ADM2.00001,wheat_grain,2012,0.254476275,12
BD.ADM2.00001,wheat_grain,2013,0.2573590375,12
BD.ADM2.00001,wheat_grain,2014,0.26100473416666664,12
BD.ADM2.00001,wheat_grain,2015,0.26938545333333336,12
BD.ADM2.00001,wheat_grain,2016,0.27334615916666666,12
BD.ADM2.00001,wheat_grain,2017,0.27908641916666665,12
BD.ADM2.00001,wheat_grain,2018,0.279928385,12
BD.ADM2.00001,wheat_grain,2019,0.2858238716666667,12
BD.ADM2.00001,wheat_grain,2020,0.2808036375,12
BD.ADM2.00001,wheat_grain,2021,0.2709994175,12
BD.ADM2.00001,wheat_grain,2022,0.27701142333333334,12
BD.ADM2.00001,wheat_grain,2023,0.2923212216666667,12
BD.ADM2.00001,wheat_grain,2024,0.295642045,12
BD.ADM2.00002,groundnuts_in_shell,2000,0.1617376964,10
BD.ADM2.00002,groundnuts_in_shell,2001,0.15742430300000002,12
BD.ADM2.00002,groundnuts_in_shell,2002,0.16519986966666667,12
BD.ADM2.00002,groundnuts_in_shell,2003,0.15224136841666666,12
BD.ADM2.00002,groundnuts_in_shell,2004,0.16299934166666666,12
BD.ADM2.00002,groundnuts_in_shell,2005,0.16468228608333332,12
BD.ADM2.00002,groundnuts_in_shell,2006,0.16437630475,12
BD.ADM2.00002,groundnuts_in_shell,2007,0.15052982008333332,12
BD.ADM2.00002,groundnuts_in_shell,2008,0.16487259366666665,12
BD.ADM2.00002,groundnuts_in_shell,2009,0.1617267125,12
BD.ADM2.00002,groundnuts_in_shell,2010,0.17068100525,12
BD.ADM2.00002,groundnuts_in_shell,2011,0.17478577650000002,12
BD.ADM2.00002,groundnuts_in_shell,2012,0.17607113325,12
BD.ADM2.00002,groundnuts_in_shell,2013,0.18129204133333332,12
BD.ADM2.00002,groundnuts_in_shell,2014,0.17657628183333332,12
BD.ADM2.00002,groundnuts_in_shell,2015,0.17982532575,12
BD.ADM2.00002,groundnuts_in_shell,2016,0.19502785450000001,12
BD.ADM2.00002,groundnuts_in_shell,2017,0.19975761216666665,12
BD.ADM2.00002,groundnuts_in_shell,2018,0.19511278158333334,12
BD.ADM2.00002,groundnuts_in_shell,2019,0.20246620191666664,12
BD.ADM2.00002,groundnuts_in_shell,2020,0.19590222175000002,12
BD.ADM2.00002,groundnuts_in_shell,2021,0.19355437241666665,12
BD.ADM2.00002,groundnuts_in_shell,2022,0.19410183749999999,12
BD.ADM2.00002,groundnuts_in_shell,2023,0.21389943,12
BD.ADM2.00002,groundnuts_in_shell,2024,0.21626442666666665,12
BD.ADM2.00002,maize_corn,2000,0.22908244400000002,10
BD.ADM2.00002,maize_corn,2001,0.21519979958333335,12
BD.ADM2.00002,maize_corn,2002,0.21107353083333333,12
BD.ADM2.00002,maize_corn,2003,0.20836809,12
BD.ADM2.00002,maize_corn,2004,0.19721647058333333,12
BD.ADM2.00002,maize_corn,2005,0.21116610616666667,12
BD.ADM2.00002,maize_corn,2006,0.22132880749999997,12
BD.ADM2.00002,maize_corn,2007,0.20242321366666668,12
BD.ADM2.00002,maize_corn,2008,0.21221941083333332,12
BD.ADM2.00002,maize_corn,2009,0.22009450916666665,12
BD.ADM2.00002,maize_corn,2010,0.22464061916666667,12
BD.ADM2.00002,maize_corn,2011,0.21881900008333333,12
BD.ADM2.00002,maize_corn,2012,0.22446491466666665,12
BD.ADM2.00002,maize_corn,2013,0.23309441208333334,12
BD.ADM2.00002,maize_corn,2014,0.23027846500000002,12
BD.ADM2.00002,maize_corn,2015,0.22844135200000001,12
BD.ADM2.00002,maize_corn,2016,0.23762552966666664,12
BD.ADM2.00002,maize_corn,2017,0.25061179533333333,12
BD.ADM2.00002,maize_corn,2018,0.24858745000000002,12
BD.ADM2.00002,maize_corn,2019,0.2504358175,12
BD.ADM2.00002,maize_corn,2020,0.237372098,12
BD.ADM2.00002,maize_corn,2021,0.38735618833333335,12
BD.ADM2.00002,maize_corn,2022,0.39509257000000003,12
BD.ADM2.00002,maize_corn,2023,0.25426461666666667,12
BD.ADM2.00002,maize_corn,2024,0.25523678333333333,12
BD.ADM2.00002,rice_paddy,2000,0.200426482,10
BD.ADM2.00002,rice_paddy,2001,0.18681723233333333,12
BD.ADM2.00002,rice_paddy,2002,0.18660611016666664,12
BD.ADM2.00002,rice_paddy,2003,0.18163781083333333,12
BD.ADM2.00002,rice_paddy,2004,0.17385834208333337,12
BD.ADM2.00002,rice_paddy,2005,0.18596369966666668,12
BD.ADM2.00002,rice_paddy,2006,0.1952203608333333,12
BD.ADM2.00002,rice_paddy,2007,0.177920055,12
BD.ADM2.00002,rice_paddy,2008,0.18917473716666666,12
BD.ADM2.00002,rice_paddy,2009,0.19240758816666667,12
BD.ADM2.00002,rice_paddy,2010,0.19839032833333334,12
BD.ADM2.00002,rice_paddy,2011,0.1949119979166667,12
BD.ADM2.00002,rice_paddy,2012,0.20064839283333336,12
BD.ADM2.00002,rice_paddy,2013,0.20844743583333333,12
BD.ADM2.00002,rice_paddy,2014,0.20858095916666666,12
BD.ADM2.00002,rice_paddy,2015,0.20290136041666665,12
BD.ADM2.00002,rice_paddy,2016,0.21391434083333336,12
BD.ADM2.00002,rice_paddy,2017,0.22529451041666668,12
BD.ADM2.00002,rice_paddy,2018,0.2255342655,12
BD.ADM2.00002,rice_paddy,2019,0.22729511375,12
BD.ADM2.00002,rice_paddy,2020,0.21909047874999998,12
BD.ADM2.00002,rice_paddy,2021,0.3212528925,12
BD.ADM2.00002,rice_paddy,2022,0.3255920058333333,12
BD.ADM2.00002,rice_paddy,2023,0.23519368366666668,12
BD.ADM2.00002,rice_paddy,2024,0.23794599216666668,12
BD.ADM2.00002,soybean_unspecified,2000,0.1693099978,10
BD.ADM2.00002,soybean_unspecified,2001,0.17589999466666664,12
BD.ADM2.00002,soybean_unspecified,2002,0.17880832566666668,12
BD.ADM2.00002,soybean_unspecified,2003,0.1705916643333333,12
BD.ADM2.00002,soybean_unspecified,2004,0.17980832766666666,12
BD.ADM2.00002,soybean_unspecified,2005,0.15881666416666665,12
BD.ADM2.00002,soybean_unspecified,2006,0.19069999716666666,12
BD.ADM2.00002,soybean_unspecified,2007,0.15314999833333334,12
BD.ADM2.00002,soybean_unspecified,2008,0.18837500083333333,12
BD.ADM2.00002,soybean_unspecified,2009,0.18893332875,12
BD.ADM2.00002,soybean_unspecified,2010,0.1842166625,12
BD.ADM2.00002,soybean_unspecified,2011,0.20101665983333336,12
BD.ADM2.00002,soybean_unspecified,2012,0.20253332933333335,12
BD.ADM2.00002,soybean_unspecified,2013,0.20415833258333335,12
BD.ADM2.00002,soybean_unspecified,2014,0.18298333033333333,12
BD.ADM2.00002,soybean_unspecified,2015,0.20274999316666667,12
BD.ADM2.00002,soybean_unspecified,2016,0.21675832875,12
BD.ADM2.00002,soybean_unspecified,2017,0.20892499708333334,12
BD.ADM2.00002,soybean_unspecified,2018,0.21794999916666669,12
BD.ADM2.00002,soybean_unspecified,2019,0.23729166466666665,12
BD.ADM2.00002,soybean_unspecified,2020,0.187049997,12
BD.ADM2.00002,soybean_unspecified,2021,0.18633333041666666,12
BD.ADM2.00002,soybean_unspecified,2022,0.199099998,12
BD.ADM2.00002,soybean_unspecified,2023,0.2107083315,12
BD.ADM2.00002,soybean_unspecified,2024,0.25856666208333334,12
BD.ADM2.00002,wheat_grain,2000,0.178822278,10
BD.ADM2.00002,wheat_grain,2001,0.16778994058333332,12
BD.ADM2.00002,wheat_grain,2002,0.17310670558333333,12
BD.ADM2.00002,wheat_grain,2003,0.16188038024999998,12
BD.ADM2.00002,wheat_grain,2004,0.1621631585,12
BD.ADM2.00002,wheat_grain,2005,0.17113238491666669,12
BD.ADM2.00002,wheat_grain,2006,0.17782978216666667,12
BD.ADM2.00002,wheat_grain,2007,0.16100920625,12
BD.ADM2.00002,wheat_grain,2008,0.17411806500000002,12
BD.ADM2.00002,wheat_grain,2009,0.17322848766666665,12
BD.ADM2.00002,wheat_grain,2010,0.18358563000000003,12
BD.ADM2.00002,wheat_grain,2011,0.18105011233333335,12
BD.ADM2.00002,wheat_grain,2012,0.18482564541666666,12
BD.ADM2.00002,wheat_grain,2013,0.19296666283333333,12
BD.ADM2.00002,wheat_grain,2014,0.19441148625000002,12
BD.ADM2.00002,wheat_grain,2015,0.18299881783333335,12
BD.ADM2.00002,wheat_grain,2016,0.19843840083333333,12
BD.ADM2.00002,wheat_grain,2017,0.20486198416666668,12
BD.ADM2.00002,wheat_grain,2018,0.20777677949999998,12
BD.ADM2.00002,wheat_grain,2019,0.21107910616666667,12
BD.ADM2.00002,wheat_grain,2020,0.20925517333333332,12
BD.ADM2.00002,wheat_grain,2021,0.22772806416666666,12
BD.ADM2.00002,wheat_grain,2022,0.23243735833333334,12
BD.ADM2.00002,wheat_grain,2023,0.22850278416666667,12
BD.ADM2.00002,wheat_grain,2024,0.23566641749999998,12
BD.ADM2.00003,groundnuts_in_shell,2000,0.314684079,10
BD.ADM2.00003,groundnuts_in_shell,2001,0.293234695,12
BD.ADM2.00003,groundnuts_in_shell,2002,0.29975947833333333,12
BD.ADM2.00003,groundnuts_in_shell,2003,0.29875475166666665,12
BD.ADM2.00003,groundnuts_in_shell,2004,0.2921620008333333,12
BD.ADM2.00003,groundnuts_in_shell,2005,0.3052801025,12
BD.ADM2.00003,groundnuts_in_shell,2006,0.2974095,12
BD.ADM2.00003,groundnuts_in_shell,2007,0.2942482983333333,12
BD.ADM2.00003,groundnuts_in_shell,2008,0.29245995916666667,12
BD.ADM2.00003,groundnuts_in_shell,2009,0.29616017499999997,12
BD.ADM2.00003,groundnuts_in_shell,2010,0.30400383000000003,12
BD.ADM2.00003,groundnuts_in_shell,2011,0.29426173333333333,12
BD.ADM2.00003,groundnuts_in_shell,2012,0.2990549883333333,12
BD.ADM2.00003,groundnuts_in_shell,2013,0.3030196,12
BD.ADM2.00003,groundnuts_in_shell,2014,0.30000063833333335,12
BD.ADM2.00003,groundnuts_in_shell,2015,0.30596938749999997,12
BD.ADM2.00003,groundnuts_in_shell,2016,0.32427805416666666,12
BD.ADM2.00003,groundnuts_in_shell,2017,0.32146709166666665,12
BD.ADM2.00003,groundnuts_in_shell,2018,0.3136373083333333,12
BD.ADM2.00003,groundnuts_in_shell,2019,0.32233567,12
BD.ADM2.00003,groundnuts_in_shell,2020,0.3274612925,12
BD.ADM2.00003,groundnuts_in_shell,2021,0.44197912,12
BD.ADM2.00003,groundnuts_in_shell,2022,0.4593137941666667,12
BD.ADM2.00003,groundnuts_in_shell,2023,0.33043072749999997,12
BD.ADM2.00003,groundnuts_in_shell,2024,0.3407522008333333,12
BD.ADM2.00003,maize_corn,2000,0.300860161,10
BD.ADM2.00003,maize_corn,2001,0.2796913025,12
BD.ADM2.00003,maize_corn,2002,0.28534241416666667,12
BD.ADM2.00003,maize_corn,2003,0.2847904216666667,12
BD.ADM2.00003,maize_corn,2004,0.279136915,12
BD.ADM2.00003,maize_corn,2005,0.29098621166666666,12
BD.ADM2.00003,maize_corn,2006,0.28455059,12
BD.ADM2.00003,maize_corn,2007,0.281311435,12
BD.ADM2.00003,maize_corn,2008,0.28031508583333337,12
BD.ADM2.00003,maize_corn,2009,0.2823839808333333,12
BD.ADM2.00003,maize_corn,2010,0.2904285025,12
BD.ADM2.00003,maize_corn,2011,0.2826138541666667,12
BD.ADM2.00003,maize_corn,2012,0.28553642583333333,12
BD.ADM2.00003,maize_corn,2013,0.28963398333333334,12
BD.ADM2.00003,maize_corn,2014,0.2876424041666667,12
BD.ADM2.00003,maize_corn,2015,0.2921475866666667,12
BD.ADM2.00003,maize_corn,2016,0.3134732925,12
BD.ADM2.00003,maize_corn,2017,0.3098023525,12
BD.ADM2.00003,maize_corn,2018,0.30301060083333337,12
BD.ADM2.00003,maize_corn,2019,0.31158044916666666,12
BD.ADM2.00003,maize_corn,2020,0.31705054833333335,12
BD.ADM2.00003,maize_corn,2021,0.4717461508333333,12
BD.ADM2.00003,maize_corn,2022,0.488282345,12
BD.ADM2.00003,maize_corn,2023,0.31883188333333334,12
BD.ADM2.00003,maize_corn,2024,0.331037655,12
BD.ADM2.00003,rice_paddy,2000,0.266672252,10
BD.ADM2.00003,rice_paddy,2001,0.250526605,12
BD.ADM2.00003,rice_paddy,2002,0.25382157833333335,12
BD.ADM2.00003,rice_paddy,2003,0.25301540041666665,12
BD.ADM2.00003,rice_paddy,2004,0.24961256583333333,12
BD.ADM2.00003,rice_paddy,2005,0.259551232,12
BD.ADM2.00003,rice_paddy,2006,0.2564929316666667,12
BD.ADM2.00003,rice_paddy,2007,0.25162278374999997,12
BD.ADM2.00003,rice_paddy,2008,0.25115112749999996,12
BD.ADM2.00003,rice_paddy,2009,0.2528776008333333,12
BD.ADM2.00003,rice_paddy,2010,0.2616519508333333,12
BD.ADM2.00003,rice_paddy,2011,0.25215609333333333,12
BD.ADM2.00003,rice_paddy,2012,0.25479723083333333,12
BD.ADM2.00003,rice_paddy,2013,0.2587941275,12
BD.ADM2.00003,rice_paddy,2014,0.2582992558333333,12
BD.ADM2.00003,rice_paddy,2015,0.260372625,12
BD.ADM2.00003,rice_paddy,2016,0.2790074633333333,12
BD.ADM2.00003,rice_paddy,2017,0.2783168008333333,12
BD.ADM2.00003,rice_paddy,2018,0.27319317416666666,12
BD.ADM2.00003,rice_paddy,2019,0.2779488291666667,12
BD.ADM2.00003,rice_paddy,2020,0.28217008666666665,12
BD.ADM2.00003,rice_paddy,2021,0.4061633275,12
BD.ADM2.00003,rice_paddy,2022,0.4220574366666667,12
BD.ADM2.00003,rice_paddy,2023,0.28488961333333335,12
BD.ADM2.00003,rice_paddy,2024,0.29411690083333336,12
BD.ADM2.00003,soybean_unspecified,2000,0.265700361,10
BD.ADM2.00003,soybean_unspecified,2001,0.24457297833333333,12
BD.ADM2.00003,soybean_unspecified,2002,0.24901574583333333,12
BD.ADM2.00003,soybean_unspecified,2003,0.24863443166666666,12
BD.ADM2.00003,soybean_unspecified,2004,0.24247972416666666,12
BD.ADM2.00003,soybean_unspecified,2005,0.25497544916666665,12
BD.ADM2.00003,soybean_unspecified,2006,0.2481292595,12
BD.ADM2.00003,soybean_unspecified,2007,0.24487714416666664,12
BD.ADM2.00003,soybean_unspecified,2008,0.24442891708333334,12
BD.ADM2.00003,soybean_unspecified,2009,0.2451680495,12
BD.ADM2.00003,soybean_unspecified,2010,0.2545946783333333,12
BD.ADM2.00003,soybean_unspecified,2011,0.2469146525,12
BD.ADM2.00003,soybean_unspecified,2012,0.248773102,12
BD.ADM2.00003,soybean_unspecified,2013,0.2527455375,12
BD.ADM2.00003,soybean_unspecified,2014,0.2511815691666667,12
BD.ADM2.00003,soybean_unspecified,2015,0.2548852558333333,12
BD.ADM2.00003,soybean_unspecified,2016,0.27703356500000004,12
BD.ADM2.00003,soybean_unspecified,2017,0.27223934833333335,12
BD.ADM2.00003,soybean_unspecified,2018,0.2658198825,12
BD.ADM2.00003,soybean_unspecified,2019,0.2742509791666667,12
BD.ADM2.00003,soybean_unspecified,2020,0.27942071333333335,12
BD.ADM2.00003,soybean_unspecified,2021,0.318673605,12
BD.ADM2.00003,soybean_unspecified,2022,0.3362018133333333,12
BD.ADM2.00003,soybean_unspecified,2023,0.2805031458333333,12
BD.ADM2.00003,soybean_unspecified,2024,0.2930882891666667,12
BD.ADM2.00004,groundnuts_in_shell,2000,0.533852475,10
BD.ADM2.00004,groundnuts_in_shell,2001,0.50104515,12
BD.ADM2.00004,groundnuts_in_shell,2002,0.5140180141666667,12
BD.ADM2.00004,groundnuts_in_shell,2003,0.5140419091666667,12
BD.ADM2.00004,groundnuts_in_shell,2004,0.5110065258333333,12
BD.ADM2.00004,groundnuts_in_shell,2005,0.5204942441666667,12
BD.ADM2.00004,groundnuts_in_shell,2006,0.5021596116666667,12
BD.ADM2.00004,groundnuts_in_shell,2007,0.5073116408333334,12
BD.ADM2.00004,groundnuts_in_shell,2008,0.5023674966666667,12
BD.ADM2.00004,groundnuts_in_shell,2009,0.49591122,12
BD.ADM2.00004,groundnuts_in_shell,2010,0.5062714525,12
BD.ADM2.00004,groundnuts_in_shell,2011,0.5059599975,12
BD.ADM2.00004,groundnuts_in_shell,2012,0.5019817025000001,12
BD.ADM2.00004,groundnuts_in_shell,2013,0.5041544441666667,12
BD.ADM2.00004,groundnuts_in_shell,2014,0.4999532625,12
BD.ADM2.00004,groundnuts_in_shell,2015,0.50420878,12
BD.ADM2.00004,groundnuts_in_shell,2016,0.5226692558333333,12
BD.ADM2.00004,groundnuts_in_shell,2017,0.5174952308333333,12
BD.ADM2.00004,groundnuts_in_shell,2018,0.5092759450000001,12
BD.ADM2.00004,groundnuts_in_shell,2019,0.5056304883333333,12
BD.ADM2.00004,groundnuts_in_shell,2020,0.5142184633333333,12
BD.ADM2.00004,groundnuts_in_shell,2021,0.6100630125000001,12
BD.ADM2.00004,groundnuts_in_shell,2022,0.6267205566666666,12
BD.ADM2.00004,groundnuts_in_shell,2023,0.5062054275,12
BD.ADM2.00004,groundnuts_in_shell,2024,0.5220434683333334,12
BD.ADM2.00004,maize_corn,2000,0.36671244000000003,10
BD.ADM2.00004,maize_corn,2001,0.332029335,12
BD.ADM2.00004,maize_corn,2002,0.34583565499999996,12
BD.ADM2.00004,maize_corn,2003,0.34390126083333333,12
BD.ADM2.00004,maize_corn,2004,0.3413133875,12
BD.ADM2.00004,maize_corn,2005,0.34685384666666663,12
BD.ADM2.00004,maize_corn,2006,0.3263169875,12
BD.ADM2.00004,maize_corn,2007,0.33062524583333336,12
BD.ADM2.00004,maize_corn,2008,0.32908408083333335,12
BD.ADM2.00004,maize_corn,2009,0.32571385583333334,12
BD.ADM2.00004,maize_corn,2010,0.3349410566666667,12
BD.ADM2.00004,maize_corn,2011,0.33566910666666666,12
BD.ADM2.00004,maize_corn,2012,0.3342299025,12
BD.ADM2.00004,maize_corn,2013,0.3355891266666667,12
BD.ADM2.00004,maize_corn,2014,0.32692601416666667,12
BD.ADM2.00004,maize_corn,2015,0.3341067375,12
BD.ADM2.00004,maize_corn,2016,0.35637423583333333,12
BD.ADM2.00004,maize_corn,2017,0.35120614666666666,12
BD.ADM2.00004,maize_corn,2018,0.34143412916666666,12
BD.ADM2.00004,maize_corn,2019,0.34788088333333334,12
BD.ADM2.00004,maize_corn,2020,0.35284446583333334,12
BD.ADM2.00004,maize_corn,2021,0.4048495975,12
BD.ADM2.00004,maize_corn,2022,0.41929228166666666,12
BD.ADM2.00004,maize_corn,2023,0.3420040258333333,12
BD.ADM2.00004,maize_corn,2024,0.3656366258333333,12
BD.ADM2.00004,rice_paddy,2000,0.512149025,10
BD.ADM2.00004,rice_paddy,2001,0.48322551333333336,12
BD.ADM2.00004,rice_paddy,2002,0.49373474666666667,12
BD.ADM2.00004,rice_paddy,2003,0.49141299499999996,12
BD.ADM2.00004,rice_paddy,2004,0.4882983916666666,12
BD.ADM2.00004,rice_paddy,2005,0.49759091,12
BD.ADM2.00004,rice_paddy,2006,0.48067609083333335,12
BD.ADM2.00004,rice_paddy,2007,0.4847175133333333,12
BD.ADM2.00004,rice_paddy,2008,0.48245384333333335,12
BD.ADM2.00004,rice_paddy,2009,0.47876988583333335,12
BD.ADM2.00004,rice_paddy,2010,0.4869795833333333,12
BD.ADM2.00004,rice_paddy,2011,0.48543567,12
BD.ADM2.00004,rice_paddy,2012,0.48029629833333337,12
BD.ADM2.00004,rice_paddy,2013,0.4840731525,12
BD.ADM2.00004,rice_paddy,2014,0.47759539166666665,12
BD.ADM2.00004,rice_paddy,2015,0.4824601058333333,12
BD.ADM2.00004,rice_paddy,2016,0.4994144383333334,12
BD.ADM2.00004,rice_paddy,2017,0.4968604808333333,12
BD.ADM2.00004,rice_paddy,2018,0.48927340750000003,12
BD.ADM2.00004,rice_paddy,2019,0.4712566908333333,12
BD.ADM2.00004,rice_paddy,2020,0.476728595,12
BD.ADM2.00004,rice_paddy,2021,0.47958522416666666,12
BD.ADM2.00004,rice_paddy,2022,0.4975330183333333,12
BD.ADM2.00004,rice_paddy,2023,0.46812314666666666,12
BD.ADM2.00004,rice_paddy,2024,0.48467707833333334,12
BD.ADM2.00004,soybean_unspecified,2000,0.329408815,10
BD.ADM2.00004,soybean_unspecified,2001,0.289576397,12
BD.ADM2.00004,soybean_unspecified,2002,0.3058083366666667,12
BD.ADM2.00004,soybean_unspecified,2003,0.30414929916666666,12
BD.ADM2.00004,soybean_unspecified,2004,0.2985219296666667,12
BD.ADM2.00004,soybean_unspecified,2005,0.30496693999999996,12
BD.ADM2.00004,soybean_unspecified,2006,0.28797443666666667,12
BD.ADM2.00004,soybean_unspecified,2007,0.29428909166666667,12
BD.ADM2.00004,soybean_unspecified,2008,0.2930263733333333,12
BD.ADM2.00004,soybean_unspecified,2009,0.28802323916666667,12
BD.ADM2.00004,soybean_unspecified,2010,0.29763744666666664,12
BD.ADM2.00004,soybean_unspecified,2011,0.298123975,12
BD.ADM2.00004,soybean_unspecified,2012,0.2960462383333333,12
BD.ADM2.00004,soybean_unspecified,2013,0.29785004583333335,12
BD.ADM2.00004,soybean_unspecified,2014,0.28996548666666666,12
BD.ADM2.00004,soybean_unspecified,2015,0.29601025583333335,12
BD.ADM2.00004,soybean_unspecified,2016,0.31866376,12
BD.ADM2.00004,soybean_unspecified,2017,0.3160092583333333,12
BD.ADM2.00004,soybean_unspecified,2018,0.3033471566666667,12
BD.ADM2.00004,soybean_unspecified,2019,0.311229825,12
BD.ADM2.00004,soybean_unspecified,2020,0.3151866058333333,12
BD.ADM2.00004,soybean_unspecified,2021,0.3085797241666667,12
BD.ADM2.00004,soybean_unspecified,2022,0.32618365083333334,12
BD.ADM2.00004,soybean_unspecified,2023,0.3120852908333333,12
BD.ADM2.00004,soybean_unspecified,2024,0.33025224166666667,12
BD.ADM2.00004,wheat_grain,2000,0.353377321,10
BD.ADM2.00004,wheat_grain,2001,0.31363642166666666,12
BD.ADM2.00004,wheat_grain,2002,0.32840040916666663,12
BD.ADM2.00004,wheat_grain,2003,0.32818282000000004,12
BD.ADM2.00004,wheat_grain,2004,0.33039288083333335,12
BD.ADM2.00004,wheat_grain,2005,0.3276823741666667,12
BD.ADM2.00004,wheat_grain,2006,0.30390590666666667,12
BD.ADM2.00004,wheat_grain,2007,0.2956139608333333,12
BD.ADM2.00004,wheat_grain,2008,0.31110652666666666,12
BD.ADM2.00004,wheat_grain,2009,0.30877519166666667,12
BD.ADM2.00004,wheat_grain,2010,0.3148628675,12
BD.ADM2.00004,wheat_grain,2011,0.3287190841666667,12
BD.ADM2.00004,wheat_grain,2012,0.31995923416666666,12
BD.ADM2.00004,wheat_grain,2013,0.3199197891666667,12
BD.ADM2.00004,wheat_grain,2014,0.3131198058333333,12
BD.ADM2.00004,wheat_grain,2015,0.31874458666666666,12
BD.ADM2.00004,wheat_grain,2016,0.34758451166666665,12
BD.ADM2.00004,wheat_grain,2017,0.34063552999999996,12
BD.ADM2.00004,wheat_grain,2018,0.32546275333333335,12
BD.ADM2.00004,wheat_grain,2019,0.33946232583333336,12
BD.ADM2.00004,wheat_grain,2020,0.3321267683333333,12
BD.ADM2.00004,wheat_grain,2021,0.34859980583333333,12
BD.ADM2.00004,wheat_grain,2022,0.3562621908333334,12
BD.ADM2.00004,wheat_grain,2023,0.3224037791666667,12
BD.ADM2.00004,wheat_grain,2024,0.3472957591666667,12
BD.ADM2.00005,groundnuts_in_shell,2000,0.18020345799999998,10
BD.ADM2.00005,groundnuts_in_shell,2001,0.165216809,12
BD.ADM2.00005,groundnuts_in_shell,2002,0.17538880433333334,12
BD.ADM2.00005,groundnuts_in_shell,2003,0.17281151583333332,12
BD.ADM2.00005,groundnuts_in_shell,2004,0.15722159308333333,12
BD.ADM2.00005,groundnuts_in_shell,2005,0.17237977166666665,12
BD.ADM2.00005,groundnuts_in_shell,2006,0.17128637091666665,12
BD.ADM2.00005,groundnuts_in_shell,2007,0.16604123166666665,12
BD.ADM2.00005,groundnuts_in_shell,2008,0.17478020241666667,12
BD.ADM2.00005,groundnuts_in_shell,2009,0.1654120185,12
BD.ADM2.00005,groundnuts_in_shell,2010,0.1722659,12
BD.ADM2.00005,groundnuts_in_shell,2011,0.17239694166666666,12
BD.ADM2.00005,groundnuts_in_shell,2012,0.17699478525,12
BD.ADM2.00005,groundnuts_in_shell,2013,0.183073555,12
BD.ADM2.00005,groundnuts_in_shell,2014,0.17474075641666667,12
BD.ADM2.00005,groundnuts_in_shell,2015,0.1823438875,12
BD.ADM2.00005,groundnuts_in_shell,2016,0.18565795291666667,12
BD.ADM2.00005,groundnuts_in_shell,2017,0.19498377433333333,12
BD.ADM2.00005,groundnuts_in_shell,2018,0.19338308166666665,12
BD.ADM2.00005,groundnuts_in_shell,2019,0.20537111175,12
BD.ADM2.00005,groundnuts_in_shell,2020,0.19107477716666665,12
BD.ADM2.00005,groundnuts_in_shell,2021,0.23939635916666668,12
BD.ADM2.00005,groundnuts_in_shell,2022,0.23919419466666667,12
BD.ADM2.00005,groundnuts_in_shell,2023,0.20139224,12
BD.ADM2.00005,groundnuts_in_shell,2024,0.20176127749999997,12
BD.ADM2.00005,maize_corn,2000,0.185092791,10
BD.ADM2.00005,maize_corn,2001,0.17567550633333331,12
BD.ADM2.00005,maize_corn,2002,0.1843535804166667,12
BD.ADM2.00005,maize_corn,2003,0.18350397941666666,12
BD.ADM2.00005,maize_corn,2004,0.15533129333333331,12
BD.ADM2.00005,maize_corn,2005,0.18270142775,12
BD.ADM2.00005,maize_corn,2006,0.18119532891666668,12
BD.ADM2.00005,maize_corn,2007,0.17364852099999997,12
BD.ADM2.00005,maize_corn,2008,0.1746207995,12
BD.ADM2.00005,maize_corn,2009,0.1732026988333333,12
BD.ADM2.00005,maize_corn,2010,0.18560342833333332,12
BD.ADM2.00005,maize_corn,2011,0.18600837,12
BD.ADM2.00005,maize_corn,2012,0.19526366783333335,12
BD.ADM2.00005,maize_corn,2013,0.19726919716666666,12
BD.ADM2.00005,maize_corn,2014,0.17876610366666668,12
BD.ADM2.00005,maize_corn,2015,0.19859080041666666,12
BD.ADM2.00005,maize_corn,2016,0.19709918133333335,12
BD.ADM2.00005,maize_corn,2017,0.2062593633333333,12
BD.ADM2.00005,maize_corn,2018,0.21064100275,12
BD.ADM2.00005,maize_corn,2019,0.21966551208333332,12
BD.ADM2.00005,maize_corn,2020,0.20690249866666666,12
BD.ADM2.00005,maize_corn,2021,0.24996923375,12
BD.ADM2.00005,maize_corn,2022,0.27272885583333334,12
BD.ADM2.00005,maize_corn,2023,0.20839089624999999,12
BD.ADM2.00005,maize_corn,2024,0.21026438233333333,12
BD.ADM2.00005,rice_paddy,2000,0.182386171,10
BD.ADM2.00005,rice_paddy,2001,0.17546730183333334,12
BD.ADM2.00005,rice_paddy,2002,0.17699714025000002,12
BD.ADM2.00005,rice_paddy,2003,0.1735002450833333,12
BD.ADM2.00005,rice_paddy,2004,0.15452197916666668,12
BD.ADM2.00005,rice_paddy,2005,0.18291401633333335,12
BD.ADM2.00005,rice_paddy,2006,0.18250292533333334,12
BD.ADM2.00005,rice_paddy,2007,0.168689132,12
BD.ADM2.00005,rice_paddy,2008,0.1818178391666667,12
BD.ADM2.00005,rice_paddy,2009,0.18008521083333331,12
BD.ADM2.00005,rice_paddy,2010,0.18228323816666667,12
BD.ADM2.00005,rice_paddy,2011,0.18414876875,12
BD.ADM2.00005,rice_paddy,2012,0.185377617,12
BD.ADM2.00005,rice_paddy,2013,0.19227059766666665,12
BD.ADM2.00005,rice_paddy,2014,0.19162332083333333,12
BD.ADM2.00005,rice_paddy,2015,0.19480645866666668,12
BD.ADM2.00005,rice_paddy,2016,0.20467350091666667,12
BD.ADM2.00005,rice_paddy,2017,0.20949164833333334,12
BD.ADM2.00005,rice_paddy,2018,0.20921559583333335,12
BD.ADM2.00005,rice_paddy,2019,0.2237497979166667,12
BD.ADM2.00005,rice_paddy,2020,0.21104402616666665,12
BD.ADM2.00005,rice_paddy,2021,0.21531334666666668,12
BD.ADM2.00005,rice_paddy,2022,0.22100412333333333,12
BD.ADM2.00005,rice_paddy,2023,0.23309992583333336,12
BD.ADM2.00005,rice_paddy,2024,0.22326884633333333,12
BD.ADM2.00005,soybean_unspecified,2000,0.18915795600000002,10
BD.ADM2.00005,soybean_unspecified,2001,0.17960119958333332,12
BD.ADM2.00005,soybean_unspecified,2002,0.18712892016666668,12
BD.ADM2.00005,soybean_unspecified,2003,0.189101442,12
BD.ADM2.00005,soybean_unspecified,2004,0.160277368,12
BD.ADM2.00005,soybean_unspecified,2005,0.18849582416666666,12
BD.ADM2.00005,soybean_unspecified,2006,0.18651830974999997,12
BD.ADM2.00005,soybean_unspecified,2007,0.18034935808333333,12
BD.ADM2.00005,soybean_unspecified,2008,0.17811936425,12
BD.ADM2.00005,soybean_unspecified,2009,0.17783803458333333,12
BD.ADM2.00005,soybean_unspecified,2010,0.19177570108333333,12
BD.ADM2.00005,soybean_unspecified,2011,0.19072495691666666,12
BD.ADM2.00005,soybean_unspecified,2012,0.20137780441666667,12
BD.ADM2.00005,soybean_unspecified,2013,0.20368120941666668,12
BD.ADM2.00005,soybean_unspecified,2014,0.18406877633333332,12
BD.ADM2.00005,soybean_unspecified,2015,0.205433695,12
BD.ADM2.00005,soybean_unspecified,2016,0.20185776616666665,12
BD.ADM2.00005,soybean_unspecified,2017,0.212209505,12
BD.ADM2.00005,soybean_unspecified,2018,0.21570324500000002,12
BD.ADM2.00005,soybean_unspecified,2019,0.226243465,12
BD.ADM2.00005,soybean_unspecified,2020,0.2129319991666667,12
BD.ADM2.00005,soybean_unspecified,2021,0.2577324108333333,12
BD.ADM2.00005,soybean_unspecified,2022,0.2851029766666667,12
BD.ADM2.00005,soybean_unspecified,2023,0.21133937933333335,12
BD.ADM2.00005,soybean_unspecified,2024,0.21611536875,12
BD.ADM2.00005,wheat_grain,2000,0.14445546,10
BD.ADM2.00005,wheat_grain,2001,0.14655162316666667,12
BD.ADM2.00005,wheat_grain,2002,0.14788548525,12
BD.ADM2.00005,wheat_grain,2003,0.13750811166666665,12
BD.ADM2.00005,wheat_grain,2004,0.11689766941666667,12
BD.ADM2.00005,wheat_grain,2005,0.14697923433333335,12
BD.ADM2.00005,wheat_grain,2006,0.1481552455,12
BD.ADM2.00005,wheat_grain,2007,0.13099319891666666,12
BD.ADM2.00005,wheat_grain,2008,0.14464374891666668,12
BD.ADM2.00005,wheat_grain,2009,0.14523725933333334,12
BD.ADM2.00005,wheat_grain,2010,0.139432017,12
BD.ADM2.00005,wheat_grain,2011,0.15127222958333333,12
BD.ADM2.00005,wheat_grain,2012,0.14487289666666667,12
BD.ADM2.00005,wheat_grain,2013,0.15896426483333334,12
BD.ADM2.00005,wheat_grain,2014,0.15752930308333332,12
BD.ADM2.00005,wheat_grain,2015,0.16194952425,12
BD.ADM2.00005,wheat_grain,2016,0.16941559058333333,12
BD.ADM2.00005,wheat_grain,2017,0.17213781708333334,12
BD.ADM2.00005,wheat_grain,2018,0.1706192439166667,12
BD.ADM2.00005,wheat_grain,2019,0.18196848750000003,12
BD.ADM2.00005,wheat_grain,2020,0.17224327250000002,12
BD.ADM2.00005,wheat_grain,2021,0.19209030375,12
BD.ADM2.00005,wheat_grain,2022,0.181668143,12
BD.ADM2.00005,wheat_grain,2023,0.19631571958333335,12
BD.ADM2.00005,wheat_grain,2024,0.18733486,12
BD.ADM2.00006,groundnuts_in_shell,2000,0.191489424,10
BD.ADM2.00006,groundnuts_in_shell,2001,0.18913188591666666,12
BD.ADM2.00006,groundnuts_in_shell,2002,0.18720234116666667,12
BD.ADM2.00006,groundnuts_in_shell,2003,0.17726223124999999,12
BD.ADM2.00006,groundnuts_in_shell,2004,0.16742727241666666,12
BD.ADM2.00006,groundnuts_in_shell,2005,0.1864332755,12
BD.ADM2.00006,groundnuts_in_shell,2006,0.19708328833333333,12
BD.ADM2.00006,groundnuts_in_shell,2007,0.17176641916666668,12
BD.ADM2.00006,groundnuts_in_shell,2008,0.19072449958333335,12
BD.ADM2.00006,groundnuts_in_shell,2009,0.200697435,12
BD.ADM2.00006,groundnuts_in_shell,2010,0.1998706220833333,12
BD.ADM2.00006,groundnuts_in_shell,2011,0.19885926383333333,12
BD.ADM2.00006,groundnuts_in_shell,2012,0.19573392999999997,12
BD.ADM2.00006,groundnuts_in_shell,2013,0.20804103124999998,12
BD.ADM2.00006,groundnuts_in_shell,2014,0.2014175775,12
BD.ADM2.00006,groundnuts_in_shell,2015,0.20905528249999997,12
BD.ADM2.00006,groundnuts_in_shell,2016,0.21485983666666666,12
BD.ADM2.00006,groundnuts_in_shell,2017,0.21341702033333332,12
BD.ADM2.00006,groundnuts_in_shell,2018,0.21839620083333333,12
BD.ADM2.00006,groundnuts_in_shell,2019,0.22272510533333334,12
BD.ADM2.00006,groundnuts_in_shell,2020,0.2010840028333333,12
BD.ADM2.00006,groundnuts_in_shell,2021,0.18286887291666667,12
BD.ADM2.00006,groundnuts_in_shell,2022,0.18983284083333332,12
BD.ADM2.00006,groundnuts_in_shell,2023,0.22073119,12
BD.ADM2.00006,groundnuts_in_shell,2024,0.22383351250000003,12
BD.ADM2.00006,maize_corn,2000,0.176656806,10
BD.ADM2.00006,maize_corn,2001,0.17652838866666667,12
BD.ADM2.00006,maize_corn,2002,0.17793516575,12
BD.ADM2.00006,maize_corn,2003,0.16714795833333332,12
BD.ADM2.00006,maize_corn,2004,0.15873936966666666,12
BD.ADM2.00006,maize_corn,2005,0.17938879541666666,12
BD.ADM2.00006,maize_corn,2006,0.18636160883333333,12
BD.ADM2.00006,maize_corn,2007,0.15987370083333333,12
BD.ADM2.00006,maize_corn,2008,0.18013401716666666,12
BD.ADM2.00006,maize_corn,2009,0.18950502,12
BD.ADM2.00006,maize_corn,2010,0.18832128825000002,12
BD.ADM2.00006,maize_corn,2011,0.1880615329166667,12
BD.ADM2.00006,maize_corn,2012,0.18766157083333335,12
BD.ADM2.00006,maize_corn,2013,0.19546082750000002,12
BD.ADM2.00006,maize_corn,2014,0.1906166825,12
BD.ADM2.00006,maize_corn,2015,0.19896272466666667,12
BD.ADM2.00006,maize_corn,2016,0.20831073416666668,12
BD.ADM2.00006,maize_corn,2017,0.20500546708333334,12
BD.ADM2.00006,maize_corn,2018,0.21013875541666668,12
BD.ADM2.00006,maize_corn,2019,0.21737467533333332,12
BD.ADM2.00006,maize_corn,2020,0.19434418333333334,12
BD.ADM2.00006,maize_corn,2021,0.18747142708333334,12
BD.ADM2.00006,maize_corn,2022,0.19654778000000003,12
BD.ADM2.00006,maize_corn,2023,0.21477548875,12
BD.ADM2.00006,maize_corn,2024,0.21874989833333333,12
BD.ADM2.00006,rice_paddy,2000,0.27691667,10
BD.ADM2.00006,rice_paddy,2001,0.27312831499999995,12
BD.ADM2.00006,rice_paddy,2002,0.270037045,12
BD.ADM2.00006,rice_paddy,2003,0.262186675,12
BD.ADM2.00006,rice_paddy,2004,0.2538027016666667,12
BD.ADM2.00006,rice_paddy,2005,0.2739256391666667,12
BD.ADM2.00006,rice_paddy,2006,0.28223574,12
BD.ADM2.00006,rice_paddy,2007,0.25771614416666666,12
BD.ADM2.00006,rice_paddy,2008,0.2734117191666667,12
BD.ADM2.00006,rice_paddy,2009,0.28262250666666666,12
BD.ADM2.00006,rice_paddy,2010,0.2859603608333333,12
BD.ADM2.00006,rice_paddy,2011,0.28494069666666666,12
BD.ADM2.00006,rice_paddy,2012,0.28382041750000003,12
BD.ADM2.00006,rice_paddy,2013,0.2956627908333333,12
BD.ADM2.00006,rice_paddy,2014,0.291022255,12
BD.ADM2.00006,rice_paddy,2015,0.297386895,12
BD.ADM2.00006,rice_paddy,2016,0.3076785225,12
BD.ADM2.00006,rice_paddy,2017,0.30640404666666665,12
BD.ADM2.00006,rice_paddy,2018,0.3105191666666667,12
BD.ADM2.00006,rice_paddy,2019,0.32564192333333336,12
BD.ADM2.00006,rice_paddy,2020,0.30530841833333333,12
BD.ADM2.00006,rice_paddy,2021,0.28739932166666665,12
BD.ADM2.00006,rice_paddy,2022,0.29851188666666667,12
BD.ADM2.00006,rice_paddy,2023,0.32773497833333337,12
BD.ADM2.00006,rice_paddy,2024,0.33137762583333336,12
BD.ADM2.00006,soybean_unspecified,2000,0.166576858,10
BD.ADM2.00006,soybean_unspecified,2001,0.16509269375,12
BD.ADM2.00006,soybean_unspecified,2002,0.16605263708333332,12
BD.ADM2.00006,soybean_unspecified,2003,0.1550556475,12
BD.ADM2.00006,soybean_unspecified,2004,0.14611732624999998,12
BD.ADM2.00006,soybean_unspecified,2005,0.16710072383333333,12
BD.ADM2.00006,soybean_unspecified,2006,0.17251335999999998,12
BD.ADM2.00006,soybean_unspecified,2007,0.14692370883333333,12
BD.ADM2.00006,soybean_unspecified,2008,0.16724452050000002,12
BD.ADM2.00006,soybean_unspecified,2009,0.1766875485,12
BD.ADM2.00006,soybean_unspecified,2010,0.17500407508333335,12
BD.ADM2.00006,soybean_unspecified,2011,0.17427704275,12
BD.ADM2.00006,soybean_unspecified,2012,0.17429447858333333,12
BD.ADM2.00006,soybean_unspecified,2013,0.18238594333333333,12
BD.ADM2.00006,soybean_unspecified,2014,0.17803939208333333,12
BD.ADM2.00006,soybean_unspecified,2015,0.18592313166666666,12
BD.ADM2.00006,soybean_unspecified,2016,0.19550361508333333,12
BD.ADM2.00006,soybean_unspecified,2017,0.19208183833333334,12
BD.ADM2.00006,soybean_unspecified,2018,0.19858485208333332,12
BD.ADM2.00006,soybean_unspecified,2019,0.20345172291666666,12
BD.ADM2.00006,soybean_unspecified,2020,0.18113905375000003,12
BD.ADM2.00006,soybean_unspecified,2021,0.17949135583333334,12
BD.ADM2.00006,soybean_unspecified,2022,0.18725721633333334,12
BD.ADM2.00006,soybean_unspecified,2023,0.20112694733333333,12
BD.ADM2.00006,soybean_unspecified,2024,0.20416613125000002,12
BD.ADM2.00006,wheat_grain,2000,0.195458242,10
BD.ADM2.00006,wheat_grain,2001,0.1743054975,12
BD.ADM2.00006,wheat_grain,2002,0.17621310874999999,12
BD.ADM2.00006,wheat_grain,2003,0.17600991775,12
BD.ADM2.00006,wheat_grain,2004,0.16561422633333334,12
BD.ADM2.00006,wheat_grain,2005,0.17871831883333333,12
BD.ADM2.00006,wheat_grain,2006,0.18303155591666667,12
BD.ADM2.00006,wheat_grain,2007,0.17485935249999998,12
BD.ADM2.00006,wheat_grain,2008,0.17899894833333332,12
BD.ADM2.00006,wheat_grain,2009,0.177713651,12
BD.ADM2.00006,wheat_grain,2010,0.18856841733333332,12
BD.ADM2.00006,wheat_grain,2011,0.18448690966666667,12
BD.ADM2.00006,wheat_grain,2012,0.18278575691666665,12
BD.ADM2.00006,wheat_grain,2013,0.1986330715,12
BD.ADM2.00006,wheat_grain,2014,0.19244138958333334,12
BD.ADM2.00006,wheat_grain,2015,0.1937311713333333,12
BD.ADM2.00006,wheat_grain,2016,0.20199084450000002,12
BD.ADM2.00006,wheat_grain,2017,0.20563440875000003,12
BD.ADM2.00006,wheat_grain,2018,0.20852311791666667,12
BD.ADM2.00006,wheat_grain,2019,0.21679685166666665,12
BD.ADM2.00006,wheat_grain,2020,0.19924617333333336,12
BD.ADM2.00006,wheat_grain,2021,0.2071284775,12
BD.ADM2.00006,wheat_grain,2022,0.224269245,12
BD.ADM2.00006,wheat_grain,2023,0.21229785999999998,12
BD.ADM2.00006,wheat_grain,2024,0.22350457416666666,12
BD.ADM2.00007,groundnuts_in_shell,2000,0.1644296688,10
BD.ADM2.00007,groundnuts_in_shell,2001,0.14114221433333332,12
BD.ADM2.00007,groundnuts_in_shell,2002,0.16538850708333333,12
BD.ADM2.00007,groundnuts_in_shell,2003,0.15716955541666666,12
BD.ADM2.00007,groundnuts_in_shell,2004,0.15919735141666666,12
BD.ADM2.00007,groundnuts_in_shell,2005,0.16069943233333334,12
BD.ADM2.00007,groundnuts_in_shell,2006,0.16585198858333333,12
BD.ADM2.00007,groundnuts_in_shell,2007,0.16370464608333332,12
BD.ADM2.00007,groundnuts_in_shell,2008,0.16166101958333334,12
BD.ADM2.00007,groundnuts_in_shell,2009,0.17169155825000001,12
BD.ADM2.00007,groundnuts_in_shell,2010,0.1769037261666667,12
BD.ADM2.00007,groundnuts_in_shell,2011,0.17288650133333336,12
BD.ADM2.00007,groundnuts_in_shell,2012,0.17904497416666668,12
BD.ADM2.00007,groundnuts_in_shell,2013,0.18473872724999998,12
BD.ADM2.00007,groundnuts_in_shell,2014,0.18056815925,12
BD.ADM2.00007,groundnuts_in_shell,2015,0.18268971291666666,12
BD.ADM2.00007,groundnuts_in_shell,2016,0.198510076,12
BD.ADM2.00007,groundnuts_in_shell,2017,0.20545445783333335,12
BD.ADM2.00007,groundnuts_in_shell,2018,0.19957162975,12
BD.ADM2.00007,groundnuts_in_shell,2019,0.2069673855833333,12
BD.ADM2.00007,groundnuts_in_shell,2020,0.20146875100000003,12
BD.ADM2.00007,groundnuts_in_shell,2021,0.20468422858333332,12
BD.ADM2.00007,groundnuts_in_shell,2022,0.21274237425,12
BD.ADM2.00007,groundnuts_in_shell,2023,0.21183122833333334,12
BD.ADM2.00007,groundnuts_in_shell,2024,0.22358789450000002,12
BD.ADM2.00007,maize_corn,2000,0.165361758,10
BD.ADM2.00007,maize_corn,2001,0.14348939033333333,12
BD.ADM2.00007,maize_corn,2002,0.16616232633333333,12
BD.ADM2.00007,maize_corn,2003,0.15787397983333332,12
BD.ADM2.00007,maize_corn,2004,0.1604672216666667,12
BD.ADM2.00007,maize_corn,2005,0.16142375516666665,12
BD.ADM2.00007,maize_corn,2006,0.16652033533333335,12
BD.ADM2.00007,maize_corn,2007,0.16382427158333332,12
BD.ADM2.00007,maize_corn,2008,0.16206522883333332,12
BD.ADM2.00007,maize_corn,2009,0.17173673374999998,12
BD.ADM2.00007,maize_corn,2010,0.17789320883333334,12
BD.ADM2.00007,maize_corn,2011,0.17350651983333334,12
BD.ADM2.00007,maize_corn,2012,0.17806634633333332,12
BD.ADM2.00007,maize_corn,2013,0.184800502,12
BD.ADM2.00007,maize_corn,2014,0.18107916850000003,12
BD.ADM2.00007,maize_corn,2015,0.18287984941666668,12
BD.ADM2.00007,maize_corn,2016,0.19833208724999998,12
BD.ADM2.00007,maize_corn,2017,0.20502203333333335,12
BD.ADM2.00007,maize_corn,2018,0.20050794058333332,12
BD.ADM2.00007,maize_corn,2019,0.2069345500833333,12
BD.ADM2.00007,maize_corn,2020,0.19912369600000002,12
BD.ADM2.00007,maize_corn,2021,0.20266957466666669,12
BD.ADM2.00007,maize_corn,2022,0.2137304225,12
BD.ADM2.00007,maize_corn,2023,0.21196295875,12
BD.ADM2.00007,maize_corn,2024,0.22310958699999997,12
BD.ADM2.00007,rice_paddy,2000,0.1667866274,10
BD.ADM2.00007,rice_paddy,2001,0.14316230575,12
BD.ADM2.00007,rice_paddy,2002,0.16719977916666665,12
BD.ADM2.00007,rice_paddy,2003,0.15587925025000002,12
BD.ADM2.00007,rice_paddy,2004,0.15880221775,12
BD.ADM2.00007,rice_paddy,2005,0.15987435749999998,12
BD.ADM2.00007,rice_paddy,2006,0.16417764616666666,12
BD.ADM2.00007,rice_paddy,2007,0.16307896491666665,12
BD.ADM2.00007,rice_paddy,2008,0.16012234266666667,12
BD.ADM2.00007,rice_paddy,2009,0.16698653841666666,12
BD.ADM2.00007,rice_paddy,2010,0.17383067933333332,12
BD.ADM2.00007,rice_paddy,2011,0.17423173841666664,12
BD.ADM2.00007,rice_paddy,2012,0.17746117525000002,12
BD.ADM2.00007,rice_paddy,2013,0.18486841624999997,12
BD.ADM2.00007,rice_paddy,2014,0.18174931149999998,12
BD.ADM2.00007,rice_paddy,2015,0.187236674,12
BD.ADM2.00007,rice_paddy,2016,0.20004590933333333,12
BD.ADM2.00007,rice_paddy,2017,0.20769248866666667,12
BD.ADM2.00007,rice_paddy,2018,0.1986759325,12
BD.ADM2.00007,rice_paddy,2019,0.211134072,12
BD.ADM2.00007,rice_paddy,2020,0.19887090625,12
BD.ADM2.00007,rice_paddy,2021,0.20459098408333332,12
BD.ADM2.00007,rice_paddy,2022,0.21810337866666665,12
BD.ADM2.00007,rice_paddy,2023,0.21472412633333335,12
BD.ADM2.00007,rice_paddy,2024,0.22633105499999998,12
BD.ADM2.00007,soybean_unspecified,2000,0.1663747652,10
BD.ADM2.00007,soybean_unspecified,2001,0.13643469058333332,12
BD.ADM2.00007,soybean_unspecified,2002,0.15729663583333334,12
BD.ADM2.00007,soybean_unspecified,2003,0.14578175058333334,12
BD.ADM2.00007,soybean_unspecified,2004,0.15532840183333332,12
BD.ADM2.00007,soybean_unspecified,2005,0.156938797,12
BD.ADM2.00007,soybean_unspecified,2006,0.15884601575,12
BD.ADM2.00007,soybean_unspecified,2007,0.15591714308333335,12
BD.ADM2.00007,soybean_unspecified,2008,0.15370782475,12
BD.ADM2.00007,soybean_unspecified,2009,0.1592332955,12
BD.ADM2.00007,soybean_unspecified,2010,0.16711557558333334,12
BD.ADM2.00007,soybean_unspecified,2011,0.17080836675,12
BD.ADM2.00007,soybean_unspecified,2012,0.17105374633333334,12
BD.ADM2.00007,soybean_unspecified,2013,0.18086657116666668,12
BD.ADM2.00007,soybean_unspecified,2014,0.1795635555,12
BD.ADM2.00007,soybean_unspecified,2015,0.1927648895,12
BD.ADM2.00007,soybean_unspecified,2016,0.20264666425,12
BD.ADM2.00007,soybean_unspecified,2017,0.20469718416666668,12
BD.ADM2.00007,soybean_unspecified,2018,0.19472544916666668,12
BD.ADM2.00007,soybean_unspecified,2019,0.22284108333333333,12
BD.ADM2.00007,soybean_unspecified,2020,0.19509077041666667,12
BD.ADM2.00007,soybean_unspecified,2021,0.2093458055,12
BD.ADM2.00007,soybean_unspecified,2022,0.2170560775,12
BD.ADM2.00007,soybean_unspecified,2023,0.21386371083333333,12
BD.ADM2.00007,soybean_unspecified,2024,0.22452467666666667,12
BD.ADM2.00007,wheat_grain,2000,0.1676133352,10
BD.ADM2.00007,wheat_grain,2001,0.14363240408333333,12
BD.ADM2.00007,wheat_grain,2002,0.17348214658333336,12
BD.ADM2.00007,wheat_grain,2003,0.15681540824999998,12
BD.ADM2.00007,wheat_grain,2004,0.15816143783333333,12
BD.ADM2.00007,wheat_grain,2005,0.16001445483333335,12
BD.ADM2.00007,wheat_grain,2006,0.16207010641666666,12
BD.ADM2.00007,wheat_grain,2007,0.16401926591666668,12
BD.ADM2.00007,wheat_grain,2008,0.15990430741666667,12
BD.ADM2.00007,wheat_grain,2009,0.16397211333333334,12
BD.ADM2.00007,wheat_grain,2010,0.17425023883333335,12
BD.ADM2.00007,wheat_grain,2011,0.17646159508333334,12
BD.ADM2.00007,wheat_grain,2012,0.17873053083333335,12
BD.ADM2.00007,wheat_grain,2013,0.1879501645,12
BD.ADM2.00007,wheat_grain,2014,0.18318351441666667,12
BD.ADM2.00007,wheat_grain,2015,0.1954926635833333,12
BD.ADM2.00007,wheat_grain,2016,0.20528226049999998,12
BD.ADM2.00007,wheat_grain,2017,0.21466638625,12
BD.ADM2.00007,wheat_grain,2018,0.1982096905,12
BD.ADM2.00007,wheat_grain,2019,0.21937450733333333,12
BD.ADM2.00007,wheat_grain,2020,0.1989666175,12
BD.ADM2.00007,wheat_grain,2021,0.20926255875,12
BD.ADM2.00007,wheat_grain,2022,0.22531945808333334,12
BD.ADM2.00007,wheat_grain,2023,0.22027753533333336,12
BD.ADM2.00007,wheat_grain,2024,0.23206384583333337,12
BD.ADM2.00008,groundnuts_in_shell,2000,0.316665019,10
BD.ADM2.00008,groundnuts_in_shell,2001,0.3090738575,12
BD.ADM2.00008,groundnuts_in_shell,2002,0.3088667025,12
BD.ADM2.00008,groundnuts_in_shell,2003,0.3063742016666667,12
BD.ADM2.00008,groundnuts_in_shell,2004,0.29233531166666665,12
BD.ADM2.00008,groundnuts_in_shell,2005,0.3208526125,12
BD.ADM2.00008,groundnuts_in_shell,2006,0.3223494833333333,12
BD.ADM2.00008,groundnuts_in_shell,2007,0.30138192999999996,12
BD.ADM2.00008,groundnuts_in_shell,2008,0.3059739125,12
BD.ADM2.00008,groundnuts_in_shell,2009,0.31733522333333336,12
BD.ADM2.00008,groundnuts_in_shell,2010,0.3212657175,12
BD.ADM2.00008,groundnuts_in_shell,2011,0.32136657583333333,12
BD.ADM2.00008,groundnuts_in_shell,2012,0.3307659,12
BD.ADM2.00008,groundnuts_in_shell,2013,0.32327334916666667,12
BD.ADM2.00008,groundnuts_in_shell,2014,0.32119049083333334,12
BD.ADM2.00008,groundnuts_in_shell,2015,0.33672426333333333,12
BD.ADM2.00008,groundnuts_in_shell,2016,0.33329549416666665,12
BD.ADM2.00008,groundnuts_in_shell,2017,0.3361156166666666,12
BD.ADM2.00008,groundnuts_in_shell,2018,0.34068390249999997,12
BD.ADM2.00008,groundnuts_in_shell,2019,0.3502335641666667,12
BD.ADM2.00008,groundnuts_in_shell,2020,0.33695014250000005,12
BD.ADM2.00008,groundnuts_in_shell,2021,0.4540311666666667,12
BD.ADM2.00008,groundnuts_in_shell,2022,0.4539528683333333,12
BD.ADM2.00008,groundnuts_in_shell,2023,0.35885492999999996,12
BD.ADM2.00008,groundnuts_in_shell,2024,0.3604054241666667,12
BD.ADM2.00008,maize_corn,2000,0.1845449403,10
BD.ADM2.00008,maize_corn,2001,0.17481338458333331,12
BD.ADM2.00008,maize_corn,2002,0.17754104916666666,12
BD.ADM2.00008,maize_corn,2003,0.17790281575,12
BD.ADM2.00008,maize_corn,2004,0.16599899958333333,12
BD.ADM2.00008,maize_corn,2005,0.19045719083333335,12
BD.ADM2.00008,maize_corn,2006,0.19457733958333334,12
BD.ADM2.00008,maize_corn,2007,0.17264115083333334,12
BD.ADM2.00008,maize_corn,2008,0.174632345,12
BD.ADM2.00008,maize_corn,2009,0.18636939516666665,12
BD.ADM2.00008,maize_corn,2010,0.19482776166666668,12
BD.ADM2.00008,maize_corn,2011,0.20031775458333334,12
BD.ADM2.00008,maize_corn,2012,0.19705176458333332,12
BD.ADM2.00008,maize_corn,2013,0.2092924675,12
BD.ADM2.00008,maize_corn,2014,0.19566913824999999,12
BD.ADM2.00008,maize_corn,2015,0.21535574133333335,12
BD.ADM2.00008,maize_corn,2016,0.2094839913333333,12
BD.ADM2.00008,maize_corn,2017,0.21725136708333334,12
BD.ADM2.00008,maize_corn,2018,0.20780039449999999,12
BD.ADM2.00008,maize_corn,2019,0.22822777708333333,12
BD.ADM2.00008,maize_corn,2020,0.21866956916666666,12
BD.ADM2.00008,maize_corn,2021,0.2164196775,12
BD.ADM2.00008,maize_corn,2022,0.23830357,12
BD.ADM2.00008,maize_corn,2023,0.23461495916666666,12
BD.ADM2.00008,maize_corn,2024,0.23028705500000002,12
BD.ADM2.00008,rice_paddy,2000,0.280339355,10
BD.ADM2.00008,rice_paddy,2001,0.2698509675,12
BD.ADM2.00008,rice_paddy,2002,0.2711765625,12
BD.ADM2.00008,rice_paddy,2003,0.26992289750000004,12
BD.ADM2.00008,rice_paddy,2004,0.2581411141666667,12
BD.ADM2.00008,rice_paddy,2005,0.2864345641666666,12
BD.ADM2.00008,rice_paddy,2006,0.28749862499999995,12
BD.ADM2.00008,rice_paddy,2007,0.26569246166666666,12
BD.ADM2.00008,rice_paddy,2008,0.2766450133333333,12
BD.ADM2.00008,rice_paddy,2009,0.285445685,12
BD.ADM2.00008,rice_paddy,2010,0.29046902583333334,12
BD.ADM2.00008,rice_paddy,2011,0.2881295975,12
BD.ADM2.00008,rice_paddy,2012,0.3016161591666667,12
BD.ADM2.00008,rice_paddy,2013,0.2987577625,12
BD.ADM2.00008,rice_paddy,2014,0.30377079,12
BD.ADM2.00008,rice_paddy,2015,0.313712655,12
BD.ADM2.00008,rice_paddy,2016,0.3210956175,12
BD.ADM2.00008,rice_paddy,2017,0.32131598333333333,12
BD.ADM2.00008,rice_paddy,2018,0.31810890833333333,12
BD.ADM2.00008,rice_paddy,2019,0.3428147916666667,12
BD.ADM2.00008,rice_paddy,2020,0.32674820833333335,12
BD.ADM2.00008,rice_paddy,2021,0.5026593075,12
BD.ADM2.00008,rice_paddy,2022,0.5095175283333334,12
BD.ADM2.00008,rice_paddy,2023,0.34886888499999996,12
BD.ADM2.00008,rice_paddy,2024,0.3519394,12
BD.ADM2.00008,wheat_grain,2000,0.1837362559,10
BD.ADM2.00008,wheat_grain,2001,0.1716027605,12
BD.ADM2.00008,wheat_grain,2002,0.16815312625,12
BD.ADM2.00008,wheat_grain,2003,0.17239447333333333,12
BD.ADM2.00008,wheat_grain,2004,0.16176899741666667,12
BD.ADM2.00008,wheat_grain,2005,0.18860211833333332,12
BD.ADM2.00008,wheat_grain,2006,0.18432440625,12
BD.ADM2.00008,wheat_grain,2007,0.172382465,12
BD.ADM2.00008,wheat_grain,2008,0.17323063358333335,12
BD.ADM2.00008,wheat_grain,2009,0.18392989416666664,12
BD.ADM2.00008,wheat_grain,2010,0.18937449125000003,12
BD.ADM2.00008,wheat_grain,2011,0.1823939095,12
BD.ADM2.00008,wheat_grain,2012,0.19681373716666664,12
BD.ADM2.00008,wheat_grain,2013,0.19629128416666666,12
BD.ADM2.00008,wheat_grain,2014,0.19840077291666666,12
BD.ADM2.00008,wheat_grain,2015,0.2089330033333333,12
BD.ADM2.00008,wheat_grain,2016,0.21767029616666667,12
BD.ADM2.00008,wheat_grain,2017,0.22465911916666667,12
BD.ADM2.00008,wheat_grain,2018,0.21774902124999998,12
BD.ADM2.00008,wheat_grain,2019,0.23217959333333335,12
BD.ADM2.00008,wheat_grain,2020,0.22024833716666667,12
BD.ADM2.00008,wheat_grain,2021,0.21761847791666666,12
BD.ADM2.00008,wheat_grain,2022,0.22749499883333335,12
BD.ADM2.00008,wheat_grain,2023,0.23450599033333333,12
BD.ADM2.00008,wheat_grain,2024,0.23856890583333334,12
BD.ADM2.00009,groundnuts_in_shell,2000,0.317736573,10
BD.ADM2.00009,groundnuts_in_shell,2001,0.3188321766666667,12
BD.ADM2.00009,groundnuts_in_shell,2002,0.30805223083333333,12
BD.ADM2.00009,groundnuts_in_shell,2003,0.31628948416666663,12
BD.ADM2.00009,groundnuts_in_shell,2004,0.30466493083333335,12
BD.ADM2.00009,groundnuts_in_shell,2005,0.32408599833333335,12
BD.ADM2.00009,groundnuts_in_shell,2006,0.3240243208333333,12
BD.ADM2.00009,groundnuts_in_shell,2007,0.31797495000000003,12
BD.ADM2.00009,groundnuts_in_shell,2008,0.312322485,12
BD.ADM2.00009,groundnuts_in_shell,2009,0.3215886416666667,12
BD.ADM2.00009,groundnuts_in_shell,2010,0.3288657425,12
BD.ADM2.00009,groundnuts_in_shell,2011,0.3178612591666667,12
BD.ADM2.00009,groundnuts_in_shell,2012,0.31391826333333334,12
BD.ADM2.00009,groundnuts_in_shell,2013,0.3306882475,12
BD.ADM2.00009,groundnuts_in_shell,2014,0.33221461583333334,12
BD.ADM2.00009,groundnuts_in_shell,2015,0.32317874333333335,12
BD.ADM2.00009,groundnuts_in_shell,2016,0.33206955583333336,12
BD.ADM2.00009,groundnuts_in_shell,2017,0.34505516,12
BD.ADM2.00009,groundnuts_in_shell,2018,0.3456363275,12
BD.ADM2.00009,groundnuts_in_shell,2019,0.27945126583333335,12
BD.ADM2.00009,groundnuts_in_shell,2020,0.27037364166666666,12
BD.ADM2.00009,groundnuts_in_shell,2021,0.29208056,12
BD.ADM2.00009,groundnuts_in_shell,2022,0.30432623,12
BD.ADM2.00009,groundnuts_in_shell,2023,0.2799906641666667,12
BD.ADM2.00009,groundnuts_in_shell,2024,0.2833771916666667,12
BD.ADM2.00009,maize_corn,2000,0.209749404,10
BD.ADM2.00009,maize_corn,2001,0.19858810166666666,12
BD.ADM2.00009,maize_corn,2002,0.190646585,12
BD.ADM2.00009,maize_corn,2003,0.19995431249999998,12
BD.ADM2.00009,maize_corn,2004,0.18692418833333332,12
BD.ADM2.00009,maize_corn,2005,0.20920193866666667,12
BD.ADM2.00009,maize_corn,2006,0.20880475083333336,12
BD.ADM2.00009,maize_corn,2007,0.20371468666666667,12
BD.ADM2.00009,maize_corn,2008,0.19965456299999998,12
BD.ADM2.00009,maize_corn,2009,0.20881016166666666,12
BD.ADM2.00009,maize_corn,2010,0.21402942,12
BD.ADM2.00009,maize_corn,2011,0.20978481416666664,12
BD.ADM2.00009,maize_corn,2012,0.20327424491666668,12
BD.ADM2.00009,maize_corn,2013,0.2227174905,12
BD.ADM2.00009,maize_corn,2014,0.2211905240833333,12
BD.ADM2.00009,maize_corn,2015,0.21305222916666666,12
BD.ADM2.00009,maize_corn,2016,0.2272947475,12
BD.ADM2.00009,maize_corn,2017,0.23777901916666666,12
BD.ADM2.00009,maize_corn,2018,0.23506414166666667,12
BD.ADM2.00009,maize_corn,2019,0.24083067675,12
BD.ADM2.00009,maize_corn,2020,0.2311289955,12
BD.ADM2.00009,maize_corn,2021,0.3028393741666667,12
BD.ADM2.00009,maize_corn,2022,0.3225461275,12
BD.ADM2.00009,maize_corn,2023,0.23798560708333336,12
BD.ADM2.00009,maize_corn,2024,0.242961408,12
BD.ADM2.00009,rice_paddy,2000,0.2112216466,10
BD.ADM2.00009,rice_paddy,2001,0.19953445183333332,12
BD.ADM2.00009,rice_paddy,2002,0.1940435511666667,12
BD.ADM2.00009,rice_paddy,2003,0.1992152775,12
BD.ADM2.00009,rice_paddy,2004,0.18805250383333336,12
BD.ADM2.00009,rice_paddy,2005,0.21182164158333336,12
BD.ADM2.00009,rice_paddy,2006,0.20641379833333331,12
BD.ADM2.00009,rice_paddy,2007,0.1999241536666667,12
BD.ADM2.00009,rice_paddy,2008,0.20029672899999998,12
BD.ADM2.00009,rice_paddy,2009,0.20489132833333334,12
BD.ADM2.00009,rice_paddy,2010,0.21218284866666667,12
BD.ADM2.00009,rice_paddy,2011,0.20599518416666665,12
BD.ADM2.00009,rice_paddy,2012,0.20634963283333332,12
BD.ADM2.00009,rice_paddy,2013,0.22030826825000002,12
BD.ADM2.00009,rice_paddy,2014,0.21736937491666666,12
BD.ADM2.00009,rice_paddy,2015,0.21713710333333333,12
BD.ADM2.00009,rice_paddy,2016,0.22782307999999998,12
BD.ADM2.00009,rice_paddy,2017,0.23741433241666665,12
BD.ADM2.00009,rice_paddy,2018,0.23177951916666664,12
BD.ADM2.00009,rice_paddy,2019,0.23688817783333335,12
BD.ADM2.00009,rice_paddy,2020,0.22825036750000002,12
BD.ADM2.00009,rice_paddy,2021,0.24920870333333334,12
BD.ADM2.00009,rice_paddy,2022,0.26603485916666664,12
BD.ADM2.00009,rice_paddy,2023,0.24205628466666665,12
BD.ADM2.00009,rice_paddy,2024,0.24520354583333334,12
BD.ADM2.00009,soybean_unspecified,2000,0.1581663783,10
BD.ADM2.00009,soybean_unspecified,2001,0.1662886505,12
BD.ADM2.00009,soybean_unspecified,2002,0.13958478491666668,12
BD.ADM2.00009,soybean_unspecified,2003,0.14134997125,12
BD.ADM2.00009,soybean_unspecified,2004,0.13827842866666665,12
BD.ADM2.00009,soybean_unspecified,2005,0.14851641833333332,12
BD.ADM2.00009,soybean_unspecified,2006,0.14102424133333333,12
BD.ADM2.00009,soybean_unspecified,2007,0.14039652675,12
BD.ADM2.00009,soybean_unspecified,2008,0.14576678608333335,12
BD.ADM2.00009,soybean_unspecified,2009,0.15050581608333333,12
BD.ADM2.00009,soybean_unspecified,2010,0.14516664358333334,12
BD.ADM2.00009,soybean_unspecified,2011,0.13108380249999999,12
BD.ADM2.00009,soybean_unspecified,2012,0.14552080941666667,12
BD.ADM2.00009,soybean_unspecified,2013,0.14995060108333333,12
BD.ADM2.00009,soybean_unspecified,2014,0.15332129216666665,12
BD.ADM2.00009,soybean_unspecified,2015,0.14792678625,12
BD.ADM2.00009,soybean_unspecified,2016,0.15457422891666667,12
BD.ADM2.00009,soybean_unspecified,2017,0.15895075616666668,12
BD.ADM2.00009,soybean_unspecified,2018,0.15690362541666666,12
BD.ADM2.00009,soybean_unspecified,2019,0.1516099455,12
BD.ADM2.00009,soybean_unspecified,2020,0.14615615958333333,12
BD.ADM2.00009,soybean_unspecified,2021,2.8492990000000002,12
BD.ADM2.00009,soybean_unspecified,2022,2.8509358500000004,12
BD.ADM2.00009,soybean_unspecified,2023,0.15274105783333333,12
BD.ADM2.00009,soybean_unspecified,2024,0.17034246166666667,12
BD.ADM2.00009,wheat_grain,2000,0.21002276800000003,10
BD.ADM2.00009,wheat_grain,2001,0.20156037041666666,12
BD.ADM2.00009,wheat_grain,2002,0.19288053158333332,12
BD.ADM2.00009,wheat_grain,2003,0.20100904716666668,12
BD.ADM2.00009,wheat_grain,2004,0.1894226175,12
BD.ADM2.00009,wheat_grain,2005,0.20774370083333335,12
BD.ADM2.00009,wheat_grain,2006,0.20214040325000002,12
BD.ADM2.00009,wheat_grain,2007,0.19638723283333334,12
BD.ADM2.00009,wheat_grain,2008,0.19844532675,12
BD.ADM2.00009,wheat_grain,2009,0.20283032416666666,12
BD.ADM2.00009,wheat_grain,2010,0.21009092124999998,12
BD.ADM2.00009,wheat_grain,2011,0.19801424366666667,12
BD.ADM2.00009,wheat_grain,2012,0.19821116883333334,12
BD.ADM2.00009,wheat_grain,2013,0.2147750241666667,12
BD.ADM2.00009,wheat_grain,2014,0.20871656833333332,12
BD.ADM2.00009,wheat_grain,2015,0.20975502866666665,12
BD.ADM2.00009,wheat_grain,2016,0.2217066825,12
BD.ADM2.00009,wheat_grain,2017,0.22993216166666666,12
BD.ADM2.00009,wheat_grain,2018,0.22495584333333332,12
BD.ADM2.00009,wheat_grain,2019,0.23283237966666667,12
BD.ADM2.00009,wheat_grain,2020,0.22258368125000003,12
BD.ADM2.00009,wheat_grain,2021,0.2518855641666667,12
BD.ADM2.00009,wheat_grain,2022,0.26888823666666667,12
BD.ADM2.00009,wheat_grain,2023,0.24140256416666664,12
BD.ADM2.00009,wheat_grain,2024,0.24517562166666665,12
BD.ADM2.00010,groundnuts_in_shell,2000,0.41321378500000006,10
BD.ADM2.00010,groundnuts_in_shell,2001,0.39895552500000003,12
BD.ADM2.00010,groundnuts_in_shell,2002,0.38347814999999996,12
BD.ADM2.00010,groundnuts_in_shell,2003,0.38895356333333336,12
BD.ADM2.00010,groundnuts_in_shell,2004,0.3814461058333333,12
BD.ADM2.00010,groundnuts_in_shell,2005,0.3917416283333333,12
BD.ADM2.00010,groundnuts_in_shell,2006,0.38774477416666664,12
BD.ADM2.00010,groundnuts_in_shell,2007,0.3885379291666667,12
BD.ADM2.00010,groundnuts_in_shell,2008,0.38416597999999996,12
BD.ADM2.00010,groundnuts_in_shell,2009,0.387937105,12
BD.ADM2.00010,groundnuts_in_shell,2010,0.39079445,12
BD.ADM2.00010,groundnuts_in_shell,2011,0.38480921333333334,12
BD.ADM2.00010,groundnuts_in_shell,2012,0.3810740316666667,12
BD.ADM2.00010,groundnuts_in_shell,2013,0.39915821749999997,12
BD.ADM2.00010,groundnuts_in_shell,2014,0.39461642333333335,12
BD.ADM2.00010,groundnuts_in_shell,2015,0.4004081091666667,12
BD.ADM2.00010,groundnuts_in_shell,2016,0.4055854583333333,12
BD.ADM2.00010,groundnuts_in_shell,2017,0.4124165516666667,12
BD.ADM2.00010,groundnuts_in_shell,2018,0.4114631983333333,12
BD.ADM2.00010,groundnuts_in_shell,2019,0.40026108666666665,12
BD.ADM2.00010,groundnuts_in_shell,2020,0.4033156916666667,12
BD.ADM2.00010,groundnuts_in_shell,2021,0.47824387083333336,12
BD.ADM2.00010,groundnuts_in_shell,2022,0.4887892583333333,12
BD.ADM2.00010,groundnuts_in_shell,2023,0.40320840583333334,12
BD.ADM2.00010,groundnuts_in_shell,2024,0.40800116833333333,12
BD.ADM2.00010,maize_corn,2000,0.30243368,10
BD.ADM2.00010,maize_corn,2001,0.2865119916666667,12
BD.ADM2.00010,maize_corn,2002,0.27083292166666667,12
BD.ADM2.00010,maize_corn,2003,0.27827143083333333,12
BD.ADM2.00010,maize_corn,2004,0.27249232916666666,12
BD.ADM2.00010,maize_corn,2005,0.2836879775,12
BD.ADM2.00010,maize_corn,2006,0.27880541,12
BD.ADM2.00010,maize_corn,2007,0.2794193683333333,12
BD.ADM2.00010,maize_corn,2008,0.2751919525,12
BD.ADM2.00010,maize_corn,2009,0.279381815,12
BD.ADM2.00010,maize_corn,2010,0.28324164,12
BD.ADM2.00010,maize_corn,2011,0.27687873,12
BD.ADM2.00010,maize_corn,2012,0.27130153583333333,12
BD.ADM2.00010,maize_corn,2013,0.2902932125,12
BD.ADM2.00010,maize_corn,2014,0.28515149666666667,12
BD.ADM2.00010,maize_corn,2015,0.2923214766666667,12
BD.ADM2.00010,maize_corn,2016,0.30003450833333334,12
BD.ADM2.00010,maize_corn,2017,0.30469954833333335,12
BD.ADM2.00010,maize_corn,2018,0.30354827749999996,12
BD.ADM2.00010,maize_corn,2019,0.30442885833333333,12
BD.ADM2.00010,maize_corn,2020,0.30413582916666665,12
BD.ADM2.00010,maize_corn,2021,0.4036426241666667,12
BD.ADM2.00010,maize_corn,2022,0.41661231000000004,12
BD.ADM2.00010,maize_corn,2023,0.30719351666666667,12
BD.ADM2.00010,maize_corn,2024,0.3129775833333333,12
BD.ADM2.00010,rice_paddy,2000,0.276117326,10
BD.ADM2.00010,rice_paddy,2001,0.2623926733333333,12
BD.ADM2.00010,rice_paddy,2002,0.2507094733333333,12
BD.ADM2.00010,rice_paddy,2003,0.25383091583333334,12
BD.ADM2.00010,rice_paddy,2004,0.24740963416666664,12
BD.ADM2.00010,rice_paddy,2005,0.26162142833333335,12
BD.ADM2.00010,rice_paddy,2006,0.2601008575,12
BD.ADM2.00010,rice_paddy,2007,0.2542700116666667,12
BD.ADM2.00010,rice_paddy,2008,0.24948065416666665,12
BD.ADM2.00010,rice_paddy,2009,0.25563424,12
BD.ADM2.00010,rice_paddy,2010,0.25923099916666664,12
BD.ADM2.00010,rice_paddy,2011,0.25257504999999997,12
BD.ADM2.00010,rice_paddy,2012,0.25319199833333333,12
BD.ADM2.00010,rice_paddy,2013,0.26732370666666666,12
BD.ADM2.00010,rice_paddy,2014,0.2656743308333333,12
BD.ADM2.00010,rice_paddy,2015,0.2731949375,12
BD.ADM2.00010,rice_paddy,2016,0.2785244625,12
BD.ADM2.00010,rice_paddy,2017,0.2846461075,12
BD.ADM2.00010,rice_paddy,2018,0.2833423766666667,12
BD.ADM2.00010,rice_paddy,2019,0.28579867,12
BD.ADM2.00010,rice_paddy,2020,0.2837440275,12
BD.ADM2.00010,rice_paddy,2021,0.4423302633333333,12
BD.ADM2.00010,rice_paddy,2022,0.4510850925,12
BD.ADM2.00010,rice_paddy,2023,0.2886651925,12
BD.ADM2.00010,rice_paddy,2024,0.2956924533333333,12
BD.ADM2.00010,soybean_unspecified,2000,0.42790234600000004,10
BD.ADM2.00010,soybean_unspecified,2001,0.4137068858333333,12
BD.ADM2.00010,soybean_unspecified,2002,0.3992676575,12
BD.ADM2.00010,soybean_unspecified,2003,0.40310443083333336,12
BD.ADM2.00010,soybean_unspecified,2004,0.3966285375,12
BD.ADM2.00010,soybean_unspecified,2005,0.406629265,12
BD.ADM2.00010,soybean_unspecified,2006,0.40279478333333335,12
BD.ADM2.00010,soybean_unspecified,2007,0.40358312333333335,12
BD.ADM2.00010,soybean_unspecified,2008,0.3997630966666667,12
BD.ADM2.00010,soybean_unspecified,2009,0.4018451783333334,12
BD.ADM2.00010,soybean_unspecified,2010,0.4047196341666666,12
BD.ADM2.00010,soybean_unspecified,2011,0.3996585858333333,12
BD.ADM2.00010,soybean_unspecified,2012,0.3952128666666666,12
BD.ADM2.00010,soybean_unspecified,2013,0.41416923333333333,12
BD.ADM2.00010,soybean_unspecified,2014,0.4094322875,12
BD.ADM2.00010,soybean_unspecified,2015,0.41596918666666666,12
BD.ADM2.00010,soybean_unspecified,2016,0.421929555,12
BD.ADM2.00010,soybean_unspecified,2017,0.4276494158333333,12
BD.ADM2.00010,soybean_unspecified,2018,0.4261847,12
BD.ADM2.00010,soybean_unspecified,2019,0.41914119083333334,12
BD.ADM2.00010,soybean_unspecified,2020,0.42300338749999994,12
BD.ADM2.00010,soybean_unspecified,2021,0.5314217875,12
BD.ADM2.00010,soybean_unspecified,2022,0.5417979408333333,12
BD.ADM2.00010,soybean_unspecified,2023,0.42395701,12
BD.ADM2.00010,soybean_unspecified,2024,0.4288685833333334,12
BD.ADM2.00010,wheat_grain,2000,0.417258037,10
BD.ADM2.00010,wheat_grain,2001,0.40800727583333335,12
BD.ADM2.00010,wheat_grain,2002,0.3970802725,12
BD.ADM2.00010,wheat_grain,2003,0.40053287249999997,12
BD.ADM2.00010,wheat_grain,2004,0.3948556283333333,12
BD.ADM2.00010,wheat_grain,2005,0.4113480858333333,12
BD.ADM2.00010,wheat_grain,2006,0.4079514425,12
BD.ADM2.00010,wheat_grain,2007,0.4036975775,12
BD.ADM2.00010,wheat_grain,2008,0.39768196666666666,12
BD.ADM2.00010,wheat_grain,2009,0.40488655833333337,12
BD.ADM2.00010,wheat_grain,2010,0.41224554583333334,12
BD.ADM2.00010,wheat_grain,2011,0.39996828333333334,12
BD.ADM2.00010,wheat_grain,2012,0.4038104,12
BD.ADM2.00010,wheat_grain,2013,0.41229480999999996,12
BD.ADM2.00010,wheat_grain,2014,0.41334728833333334,12
BD.ADM2.00010,wheat_grain,2015,0.41707685083333335,12
BD.ADM2.00010,wheat_grain,2016,0.42051381666666665,12
BD.ADM2.00010,wheat_grain,2017,0.42958846749999996,12
BD.ADM2.00010,wheat_grain,2018,0.429517565,12
BD.ADM2.00010,wheat_grain,2019,0.4115353858333333,12
BD.ADM2.00010,wheat_grain,2020,0.40748940083333335,12
BD.ADM2.00010,wheat_grain,2021,1.1510441333333332,12
BD.ADM2.00010,wheat_grain,2022,1.1571654583333333,12
BD.ADM2.00010,wheat_grain,2023,0.4129402416666667,12
BD.ADM2.00010,wheat_grain,2024,0.42287274166666666,12
BD.ADM2.00011,groundnuts_in_shell,2000,0.339610761,10
BD.ADM2.00011,groundnuts_in_shell,2001,0.32253022416666666,12
BD.ADM2.00011,groundnuts_in_shell,2002,0.3189975941666667,12
BD.ADM2.00011,groundnuts_in_shell,2003,0.3210044283333333,12
BD.ADM2.00011,groundnuts_in_shell,2004,0.31144010166666664,12
BD.ADM2.00011,groundnuts_in_shell,2005,0.32184909916666665,12
BD.ADM2.00011,groundnuts_in_shell,2006,0.3222104141666667,12
BD.ADM2.00011,groundnuts_in_shell,2007,0.3163212833333333,12
BD.ADM2.00011,groundnuts_in_shell,2008,0.3226396816666667,12
BD.ADM2.00011,groundnuts_in_shell,2009,0.31922485666666667,12
BD.ADM2.00011,groundnuts_in_shell,2010,0.32838703916666667,12
BD.ADM2.00011,groundnuts_in_shell,2011,0.3308256075,12
BD.ADM2.00011,groundnuts_in_shell,2012,0.3279133733333333,12
BD.ADM2.00011,groundnuts_in_shell,2013,0.332551155,12
BD.ADM2.00011,groundnuts_in_shell,2014,0.3380682575,12
BD.ADM2.00011,groundnuts_in_shell,2015,0.34571930666666667,12
BD.ADM2.00011,groundnuts_in_shell,2016,0.3431874066666667,12
BD.ADM2.00011,groundnuts_in_shell,2017,0.35705310333333334,12
BD.ADM2.00011,groundnuts_in_shell,2018,0.3617444458333334,12
BD.ADM2.00011,groundnuts_in_shell,2019,0.3509980733333333,12
BD.ADM2.00011,groundnuts_in_shell,2020,0.3530266,12
BD.ADM2.00011,groundnuts_in_shell,2021,1.2150492,12
BD.ADM2.00011,groundnuts_in_shell,2022,1.2152495749999999,12
BD.ADM2.00011,groundnuts_in_shell,2023,0.35214413250000004,12
BD.ADM2.00011,groundnuts_in_shell,2024,0.3676345566666666,12
BD.ADM2.00011,maize_corn,2000,0.20725868799999997,10
BD.ADM2.00011,maize_corn,2001,0.19831833033333335,12
BD.ADM2.00011,maize_corn,2002,0.20702356833333332,12
BD.ADM2.00011,maize_corn,2003,0.20266243958333333,12
BD.ADM2.00011,maize_corn,2004,0.19106792708333334,12
BD.ADM2.00011,maize_corn,2005,0.20644395999999998,12
BD.ADM2.00011,maize_corn,2006,0.21130799625,12
BD.ADM2.00011,maize_corn,2007,0.2073644718333333,12
BD.ADM2.00011,maize_corn,2008,0.20681403916666666,12
BD.ADM2.00011,maize_corn,2009,0.2170796645833333,12
BD.ADM2.00011,maize_corn,2010,0.2235589225,12
BD.ADM2.00011,maize_corn,2011,0.21844997741666664,12
BD.ADM2.00011,maize_corn,2012,0.215326655,12
BD.ADM2.00011,maize_corn,2013,0.23592769700000002,12
BD.ADM2.00011,maize_corn,2014,0.233199685,12
BD.ADM2.00011,maize_corn,2015,0.23691795166666665,12
BD.ADM2.00011,maize_corn,2016,0.24703876,12
BD.ADM2.00011,maize_corn,2017,0.25233698833333335,12
BD.ADM2.00011,maize_corn,2018,0.24729843708333332,12
BD.ADM2.00011,maize_corn,2019,0.2602924091666667,12
BD.ADM2.00011,maize_corn,2020,0.25015282916666665,12
BD.ADM2.00011,maize_corn,2021,0.3116643125,12
BD.ADM2.00011,maize_corn,2022,0.3296335991666667,12
BD.ADM2.00011,maize_corn,2023,0.2623884266666667,12
BD.ADM2.00011,maize_corn,2024,0.2717659116666667,12
BD.ADM2.00011,rice_paddy,2000,0.18508414150000002,10
BD.ADM2.00011,rice_paddy,2001,0.17773586975,12
BD.ADM2.00011,rice_paddy,2002,0.18645552499999998,12
BD.ADM2.00011,rice_paddy,2003,0.18438551533333333,12
BD.ADM2.00011,rice_paddy,2004,0.17365751583333333,12
BD.ADM2.00011,rice_paddy,2005,0.1920033375,12
BD.ADM2.00011,rice_paddy,2006,0.19787529041666665,12
BD.ADM2.00011,rice_paddy,2007,0.19190971633333334,12
BD.ADM2.00011,rice_paddy,2008,0.1919031675,12
BD.ADM2.00011,rice_paddy,2009,0.19980187958333331,12
BD.ADM2.00011,rice_paddy,2010,0.2037971858333333,12
BD.ADM2.00011,rice_paddy,2011,0.20117620291666669,12
BD.ADM2.00011,rice_paddy,2012,0.19471673083333332,12
BD.ADM2.00011,rice_paddy,2013,0.218732526,12
BD.ADM2.00011,rice_paddy,2014,0.21352672666666664,12
BD.ADM2.00011,rice_paddy,2015,0.216327555,12
BD.ADM2.00011,rice_paddy,2016,0.22704260116666666,12
BD.ADM2.00011,rice_paddy,2017,0.22962315416666668,12
BD.ADM2.00011,rice_paddy,2018,0.22273595999999998,12
BD.ADM2.00011,rice_paddy,2019,0.2407401,12
BD.ADM2.00011,rice_paddy,2020,0.2331717666666667,12
BD.ADM2.00011,rice_paddy,2021,0.2466492075,12
BD.ADM2.00011,rice_paddy,2022,0.2679868616666667,12
BD.ADM2.00011,rice_paddy,2023,0.24290826083333336,12
BD.ADM2.00011,rice_paddy,2024,0.2502643958333333,12
BD.ADM2.00011,soybean_unspecified,2000,0.18168376049999999,10
BD.ADM2.00011,soybean_unspecified,2001,0.17448685716666668,12
BD.ADM2.00011,soybean_unspecified,2002,0.18412798791666665,12
BD.ADM2.00011,soybean_unspecified,2003,0.18010106425000003,12
BD.ADM2.00011,soybean_unspecified,2004,0.16375317675,12
BD.ADM2.00011,soybean_unspecified,2005,0.18368870166666665,12
BD.ADM2.00011,soybean_unspecified,2006,0.18577485424999998,12
BD.ADM2.00011,soybean_unspecified,2007,0.18719145708333332,12
BD.ADM2.00011,soybean_unspecified,2008,0.1814292475,12
BD.ADM2.00011,soybean_unspecified,2009,0.19391339333333335,12
BD.ADM2.00011,soybean_unspecified,2010,0.20069342958333333,12
BD.ADM2.00011,soybean_unspecified,2011,0.19351239133333334,12
BD.ADM2.00011,soybean_unspecified,2012,0.18841625616666668,12
BD.ADM2.00011,soybean_unspecified,2013,0.21400527916666667,12
BD.ADM2.00011,soybean_unspecified,2014,0.20834087,12
BD.ADM2.00011,soybean_unspecified,2015,0.2090753075,12
BD.ADM2.00011,soybean_unspecified,2016,0.22622010666666667,12
BD.ADM2.00011,soybean_unspecified,2017,0.23066888083333334,12
BD.ADM2.00011,soybean_unspecified,2018,0.22180513416666667,12
BD.ADM2.00011,soybean_unspecified,2019,0.23459330883333332,12
BD.ADM2.00011,soybean_unspecified,2020,0.2237391805,12
BD.ADM2.00011,soybean_unspecified,2021,0.22591507249999998,12
BD.ADM2.00011,soybean_unspecified,2022,0.24390708000000003,12
BD.ADM2.00011,soybean_unspecified,2023,0.237653365,12
BD.ADM2.00011,soybean_unspecified,2024,0.24626523050000002,12
BD.ADM2.00011,wheat_grain,2000,0.1769878184,10
BD.ADM2.00011,wheat_grain,2001,0.1626132995,12
BD.ADM2.00011,wheat_grain,2002,0.17450770000000002,12
BD.ADM2.00011,wheat_grain,2003,0.17309683766666664,12
BD.ADM2.00011,wheat_grain,2004,0.1615218125,12
BD.ADM2.00011,wheat_grain,2005,0.1815160025,12
BD.ADM2.00011,wheat_grain,2006,0.18785788699999997,12
BD.ADM2.00011,wheat_grain,2007,0.17912843116666666,12
BD.ADM2.00011,wheat_grain,2008,0.18296182841666667,12
BD.ADM2.00011,wheat_grain,2009,0.1891298111666667,12
BD.ADM2.00011,wheat_grain,2010,0.19239873833333332,12
BD.ADM2.00011,wheat_grain,2011,0.19087450466666667,12
BD.ADM2.00011,wheat_grain,2012,0.17950821341666667,12
BD.ADM2.00011,wheat_grain,2013,0.21246474416666664,12
BD.ADM2.00011,wheat_grain,2014,0.20437259966666665,12
BD.ADM2.00011,wheat_grain,2015,0.20773374666666666,12
BD.ADM2.00011,wheat_grain,2016,0.21705443300000002,12
BD.ADM2.00011,wheat_grain,2017,0.22483929091666666,12
BD.ADM2.00011,wheat_grain,2018,0.21419186383333333,12
BD.ADM2.00011,wheat_grain,2019,0.23564932416666665,12
BD.ADM2.00011,wheat_grain,2020,0.22390128291666667,12
BD.ADM2.00011,wheat_grain,2021,0.21570624866666666,12
BD.ADM2.00011,wheat_grain,2022,0.24128329333333334,12
BD.ADM2.00011,wheat_grain,2023,0.24030399416666667,12
BD.ADM2.00011,wheat_grain,2024,0.2451721225,12
BD.ADM2.00012,groundnuts_in_shell,2000,0.1745171093,10
BD.ADM2.00012,groundnuts_in_shell,2001,0.16185545616666666,12
BD.ADM2.00012,groundnuts_in_shell,2002,0.16247345241666666,12
BD.ADM2.00012,groundnuts_in_shell,2003,0.16139643991666666,12
BD.ADM2.00012,groundnuts_in_shell,2004,0.14708729308333332,12
BD.ADM2.00012,groundnuts_in_shell,2005,0.16654751,12
BD.ADM2.00012,groundnuts_in_shell,2006,0.17201152166666667,12
BD.ADM2.00012,groundnuts_in_shell,2007,0.1595392,12
BD.ADM2.00012,groundnuts_in_shell,2008,0.1690045185,12
BD.ADM2.00012,groundnuts_in_shell,2009,0.166342042,12
BD.ADM2.00012,groundnuts_in_shell,2010,0.1708888435,12
BD.ADM2.00012,groundnuts_in_shell,2011,0.16668296225,12
BD.ADM2.00012,groundnuts_in_shell,2012,0.1711895735,12
BD.ADM2.00012,groundnuts_in_shell,2013,0.18442785416666665,12
BD.ADM2.00012,groundnuts_in_shell,2014,0.17623673308333332,12
BD.ADM2.00012,groundnuts_in_shell,2015,0.17887148666666666,12
BD.ADM2.00012,groundnuts_in_shell,2016,0.18994497291666668,12
BD.ADM2.00012,groundnuts_in_shell,2017,0.19588302391666668,12
BD.ADM2.00012,groundnuts_in_shell,2018,0.19321265716666666,12
BD.ADM2.00012,groundnuts_in_shell,2019,0.19887580949999997,12
BD.ADM2.00012,groundnuts_in_shell,2020,0.18165090916666668,12
BD.ADM2.00012,groundnuts_in_shell,2021,0.17155772191666666,12
BD.ADM2.00012,groundnuts_in_shell,2022,0.16903691916666666,12
BD.ADM2.00012,groundnuts_in_shell,2023,0.19819882133333333,12
BD.ADM2.00012,groundnuts_in_shell,2024,0.20154484549999999,12
BD.ADM2.00012,maize_corn,2000,0.193346954,10
BD.ADM2.00012,maize_corn,2001,0.17890042425,12
BD.ADM2.00012,maize_corn,2002,0.1791886991666667,12
BD.ADM2.00012,maize_corn,2003,0.18160111275000002,12
BD.ADM2.00012,maize_corn,2004,0.16699034808333335,12
BD.ADM2.00012,maize_corn,2005,0.18304721916666666,12
BD.ADM2.00012,maize_corn,2006,0.18948684699999999,12
BD.ADM2.00012,maize_corn,2007,0.1791044845833333,12
BD.ADM2.00012,maize_corn,2008,0.18752554750000003,12
BD.ADM2.00012,maize_corn,2009,0.18682963116666665,12
BD.ADM2.00012,maize_corn,2010,0.1914956223333333,12
BD.ADM2.00012,maize_corn,2011,0.1852500455,12
BD.ADM2.00012,maize_corn,2012,0.18270505699999998,12
BD.ADM2.00012,maize_corn,2013,0.19892051916666667,12
BD.ADM2.00012,maize_corn,2014,0.19311231691666667,12
BD.ADM2.00012,maize_corn,2015,0.19607743833333335,12
BD.ADM2.00012,maize_corn,2016,0.20894164216666666,12
BD.ADM2.00012,maize_corn,2017,0.21132693,12
BD.ADM2.00012,maize_corn,2018,0.20808347166666666,12
BD.ADM2.00012,maize_corn,2019,0.21523164383333335,12
BD.ADM2.00012,maize_corn,2020,0.19676440033333334,12
BD.ADM2.00012,maize_corn,2021,0.1991577624166667,12
BD.ADM2.00012,maize_corn,2022,0.20316212116666668,12
BD.ADM2.00012,maize_corn,2023,0.21527827766666666,12
BD.ADM2.00012,maize_corn,2024,0.21953941841666666,12
BD.ADM2.00012,rice_paddy,2000,0.173752454,10
BD.ADM2.00012,rice_paddy,2001,0.16269866375,12
BD.ADM2.00012,rice_paddy,2002,0.15677070716666666,12
BD.ADM2.00012,rice_paddy,2003,0.16118528683333333,12
BD.ADM2.00012,rice_paddy,2004,0.145825154,12
BD.ADM2.00012,rice_paddy,2005,0.16033364333333333,12
BD.ADM2.00012,rice_paddy,2006,0.17060017966666666,12
BD.ADM2.00012,rice_paddy,2007,0.15346628883333333,12
BD.ADM2.00012,rice_paddy,2008,0.16631651166666667,12
BD.ADM2.00012,rice_paddy,2009,0.17026931291666667,12
BD.ADM2.00012,rice_paddy,2010,0.17182158974999998,12
BD.ADM2.00012,rice_paddy,2011,0.16459062500000002,12
BD.ADM2.00012,rice_paddy,2012,0.16873759775,12
BD.ADM2.00012,rice_paddy,2013,0.18669374274999997,12
BD.ADM2.00012,rice_paddy,2014,0.16879718583333334,12
BD.ADM2.00012,rice_paddy,2015,0.17850417041666666,12
BD.ADM2.00012,rice_paddy,2016,0.18967085141666665,12
BD.ADM2.00012,rice_paddy,2017,0.1876450146666667,12
BD.ADM2.00012,rice_paddy,2018,0.19088631016666668,12
BD.ADM2.00012,rice_paddy,2019,0.19165874625,12
BD.ADM2.00012,rice_paddy,2020,0.1741361153333333,12
BD.ADM2.00012,rice_paddy,2021,0.17615603225,12
BD.ADM2.00012,rice_paddy,2022,0.18076041025,12
BD.ADM2.00012,rice_paddy,2023,0.18943339333333334,12
BD.ADM2.00012,rice_paddy,2024,0.18914017833333333,12
BD.ADM2.00012,soybean_unspecified,2000,0.2055344094,10
BD.ADM2.00012,soybean_unspecified,2001,0.18138574016666667,12
BD.ADM2.00012,soybean_unspecified,2002,0.19199780158333335,12
BD.ADM2.00012,soybean_unspecified,2003,0.19998168800000002,12
BD.ADM2.00012,soybean_unspecified,2004,0.19760439249999998,12
BD.ADM2.00012,soybean_unspecified,2005,0.19212497541666665,12
BD.ADM2.00012,soybean_unspecified,2006,0.19935145283333333,12
BD.ADM2.00012,soybean_unspecified,2007,0.19560755666666665,12
BD.ADM2.00012,soybean_unspecified,2008,0.19258149958333334,12
BD.ADM2.00012,soybean_unspecified,2009,0.20739378433333333,12
BD.ADM2.00012,soybean_unspecified,2010,0.2092691133333333,12
BD.ADM2.00012,soybean_unspecified,2011,0.19107856466666664,12
BD.ADM2.00012,soybean_unspecified,2012,0.18945040291666668,12
BD.ADM2.00012,soybean_unspecified,2013,0.21066071516666665,12
BD.ADM2.00012,soybean_unspecified,2014,0.2160845845,12
BD.ADM2.00012,soybean_unspecified,2015,0.21499941,12
BD.ADM2.00012,soybean_unspecified,2016,0.23957577216666667,12
BD.ADM2.00012,soybean_unspecified,2017,0.22507447616666665,12
BD.ADM2.00012,soybean_unspecified,2018,0.22804885083333334,12
BD.ADM2.00012,soybean_unspecified,2019,0.23665829791666668,12
BD.ADM2.00012,soybean_unspecified,2020,0.2267890486666667,12
BD.ADM2.00012,soybean_unspecified,2021,0.2194044675,12
BD.ADM2.00012,soybean_unspecified,2022,0.23149994366666668,12
BD.ADM2.00012,soybean_unspecified,2023,0.23101116666666666,12
BD.ADM2.00012,soybean_unspecified,2024,0.23693361633333335,12
BD.ADM2.00012,wheat_grain,2000,0.1685769306,10
BD.ADM2.00012,wheat_grain,2001,0.15994736783333333,12
BD.ADM2.00012,wheat_grain,2002,0.15230091066666668,12
BD.ADM2.00012,wheat_grain,2003,0.14883679058333335,12
BD.ADM2.00012,wheat_grain,2004,0.14036902916666666,12
BD.ADM2.00012,wheat_grain,2005,0.15569259183333334,12
BD.ADM2.00012,wheat_grain,2006,0.16321910225,12
BD.ADM2.00012,wheat_grain,2007,0.148803294,12
BD.ADM2.00012,wheat_grain,2008,0.15884805108333333,12
BD.ADM2.00012,wheat_grain,2009,0.16622849583333335,12
BD.ADM2.00012,wheat_grain,2010,0.16992983941666664,12
BD.ADM2.00012,wheat_grain,2011,0.16471739416666667,12
BD.ADM2.00012,wheat_grain,2012,0.16815053191666665,12
BD.ADM2.00012,wheat_grain,2013,0.18543489391666668,12
BD.ADM2.00012,wheat_grain,2014,0.17047576350000002,12
BD.ADM2.00012,wheat_grain,2015,0.17383393666666666,12
BD.ADM2.00012,wheat_grain,2016,0.19033188433333334,12
BD.ADM2.00012,wheat_grain,2017,0.18564915699999998,12
BD.ADM2.00012,wheat_grain,2018,0.19402850216666667,12
BD.ADM2.00012,wheat_grain,2019,0.19331070633333333,12
BD.ADM2.00012,wheat_grain,2020,0.17421257683333333,12
BD.ADM2.00012,wheat_grain,2021,0.17894459833333334,12
BD.ADM2.00012,wheat_grain,2022,0.1841825145,12
BD.ADM2.00012,wheat_grain,2023,0.19069805558333333,12
BD.ADM2.00012,wheat_grain,2024,0.19637754583333333,12
BD.ADM2.00013,groundnuts_in_shell,2000,0.932846803,10
BD.ADM2.00013,groundnuts_in_shell,2001,0.9200449133333334,12
BD.ADM2.00013,groundnuts_in_shell,2002,0.9148005191666666,12
BD.ADM2.00013,groundnuts_in_shell,2003,0.9133215333333333,12
BD.ADM2.00013,groundnuts_in_shell,2004,0.9102074633333334,12
BD.ADM2.00013,groundnuts_in_shell,2005,0.9188527816666667,12
BD.ADM2.00013,groundnuts_in_shell,2006,0.9191463583333334,12
BD.ADM2.00013,groundnuts_in_shell,2007,0.9054761766666667,12
BD.ADM2.00013,groundnuts_in_shell,2008,0.9192045683333334,12
BD.ADM2.00013,groundnuts_in_shell,2009,0.9211420791666667,12
BD.ADM2.00013,groundnuts_in_shell,2010,0.9265875600000001,12
BD.ADM2.00013,groundnuts_in_shell,2011,0.9205889758333333,12
BD.ADM2.00013,groundnuts_in_shell,2012,0.9251113125,12
BD.ADM2.00013,groundnuts_in_shell,2013,0.9254321758333334,12
BD.ADM2.00013,groundnuts_in_shell,2014,0.9231285533333334,12
BD.ADM2.00013,groundnuts_in_shell,2015,0.9283326566666666,12
BD.ADM2.00013,groundnuts_in_shell,2016,0.9348694891666667,12
BD.ADM2.00013,groundnuts_in_shell,2017,0.9364876424999999,12
BD.ADM2.00013,groundnuts_in_shell,2018,0.9415264275,12
BD.ADM2.00013,groundnuts_in_shell,2019,0.9409761483333333,12
BD.ADM2.00013,groundnuts_in_shell,2020,0.94344311,12
BD.ADM2.00013,groundnuts_in_shell,2021,0.22338242716666667,12
BD.ADM2.00013,groundnuts_in_shell,2022,0.24269233466666665,12
BD.ADM2.00013,groundnuts_in_shell,2023,0.9461127441666667,12
BD.ADM2.00013,groundnuts_in_shell,2024,0.9500818658333333,12
BD.ADM2.00013,maize_corn,2000,0.48539879499999994,10
BD.ADM2.00013,maize_corn,2001,0.4699356175,12
BD.ADM2.00013,maize_corn,2002,0.4681591583333333,12
BD.ADM2.00013,maize_corn,2003,0.4633948766666667,12
BD.ADM2.00013,maize_corn,2004,0.4568732775,12
BD.ADM2.00013,maize_corn,2005,0.4704004875,12
BD.ADM2.00013,maize_corn,2006,0.4702198808333333,12
BD.ADM2.00013,maize_corn,2007,0.45412485166666666,12
BD.ADM2.00013,maize_corn,2008,0.46958781750000006,12
BD.ADM2.00013,maize_corn,2009,0.47334998166666664,12
BD.ADM2.00013,maize_corn,2010,0.48041220333333334,12
BD.ADM2.00013,maize_corn,2011,0.47266799416666666,12
BD.ADM2.00013,maize_corn,2012,0.47921682583333336,12
BD.ADM2.00013,maize_corn,2013,0.48287544,12
BD.ADM2.00013,maize_corn,2014,0.47575095916666665,12
BD.ADM2.00013,maize_corn,2015,0.48111488416666665,12
BD.ADM2.00013,maize_corn,2016,0.4903406533333334,12
BD.ADM2.00013,maize_corn,2017,0.4930833491666667,12
BD.ADM2.00013,maize_corn,2018,0.5017667858333333,12
BD.ADM2.00013,maize_corn,2019,0.49837359249999996,12
BD.ADM2.00013,maize_corn,2020,0.5025235258333333,12
BD.ADM2.00013,maize_corn,2021,0.252974,12
BD.ADM2.00013,maize_corn,2022,0.2712869975,12
BD.ADM2.00013,maize_corn,2023,0.5071097391666667,12
BD.ADM2.00013,maize_corn,2024,0.510086705,12
BD.ADM2.00013,rice_paddy,2000,0.26633939,10
BD.ADM2.00013,rice_paddy,2001,0.2534192941666667,12
BD.ADM2.00013,rice_paddy,2002,0.2519248075,12
BD.ADM2.00013,rice_paddy,2003,0.25626384166666666,12
BD.ADM2.00013,rice_paddy,2004,0.25063932083333335,12
BD.ADM2.00013,rice_paddy,2005,0.2696645958333333,12
BD.ADM2.00013,rice_paddy,2006,0.27323601583333335,12
BD.ADM2.00013,rice_paddy,2007,0.26021662,12
BD.ADM2.00013,rice_paddy,2008,0.26666516333333334,12
BD.ADM2.00013,rice_paddy,2009,0.27032188166666665,12
BD.ADM2.00013,rice_paddy,2010,0.28061360916666667,12
BD.ADM2.00013,rice_paddy,2011,0.2695832125,12
BD.ADM2.00013,rice_paddy,2012,0.27805566416666666,12
BD.ADM2.00013,rice_paddy,2013,0.276447895,12
BD.ADM2.00013,rice_paddy,2014,0.277514305,12
BD.ADM2.00013,rice_paddy,2015,0.2892267725,12
BD.ADM2.00013,rice_paddy,2016,0.29586326166666665,12
BD.ADM2.00013,rice_paddy,2017,0.29177435749999997,12
BD.ADM2.00013,rice_paddy,2018,0.29553963916666665,12
BD.ADM2.00013,rice_paddy,2019,0.3117022683333333,12
BD.ADM2.00013,rice_paddy,2020,0.30425751,12
BD.ADM2.00013,rice_paddy,2021,0.5847930108333333,12
BD.ADM2.00013,rice_paddy,2022,0.5939597533333333,12
BD.ADM2.00013,rice_paddy,2023,0.318981005,12
BD.ADM2.00013,rice_paddy,2024,0.3122018816666667,12
BD.ADM2.00013,soybean_unspecified,2000,0.571078039,10
BD.ADM2.00013,soybean_unspecified,2001,0.5553087383333334,12
BD.ADM2.00013,soybean_unspecified,2002,0.5504951308333333,12
BD.ADM2.00013,soybean_unspecified,2003,0.5462473866666667,12
BD.ADM2.00013,soybean_unspecified,2004,0.5430773566666667,12
BD.ADM2.00013,soybean_unspecified,2005,0.5517740408333333,12
BD.ADM2.00013,soybean_unspecified,2006,0.5519911166666667,12
BD.ADM2.00013,soybean_unspecified,2007,0.5401668258333333,12
BD.ADM2.00013,soybean_unspecified,2008,0.5501216341666667,12
BD.ADM2.00013,soybean_unspecified,2009,0.5573110308333333,12
BD.ADM2.00013,soybean_unspecified,2010,0.5619705658333333,12
BD.ADM2.00013,soybean_unspecified,2011,0.5570503808333334,12
BD.ADM2.00013,soybean_unspecified,2012,0.5611446508333333,12
BD.ADM2.00013,soybean_unspecified,2013,0.5642929275,12
BD.ADM2.00013,soybean_unspecified,2014,0.558481295,12
BD.ADM2.00013,soybean_unspecified,2015,0.5629946366666666,12
BD.ADM2.00013,soybean_unspecified,2016,0.5738681058333334,12
BD.ADM2.00013,soybean_unspecified,2017,0.5764505066666666,12
BD.ADM2.00013,soybean_unspecified,2018,0.5828937566666667,12
BD.ADM2.00013,soybean_unspecified,2019,0.5788444325000001,12
BD.ADM2.00013,soybean_unspecified,2020,0.5861185966666667,12
BD.ADM2.00013,soybean_unspecified,2021,0.2701018508333333,12
BD.ADM2.00013,soybean_unspecified,2022,0.29015085583333333,12
BD.ADM2.00013,soybean_unspecified,2023,0.5899606525,12
BD.ADM2.00013,soybean_unspecified,2024,0.5971659675,12
BD.ADM2.00013,wheat_grain,2000,0.30706770699999997,10
BD.ADM2.00013,wheat_grain,2001,0.28307243916666663,12
BD.ADM2.00013,wheat_grain,2002,0.28481555750000004,12
BD.ADM2.00013,wheat_grain,2003,0.28769069833333333,12
BD.ADM2.00013,wheat_grain,2004,0.28675226833333334,12
BD.ADM2.00013,wheat_grain,2005,0.3030822,12
BD.ADM2.00013,wheat_grain,2006,0.3057639816666667,12
BD.ADM2.00013,wheat_grain,2007,0.30026817499999997,12
BD.ADM2.00013,wheat_grain,2008,0.30635994166666664,12
BD.ADM2.00013,wheat_grain,2009,0.3065253083333333,12
BD.ADM2.00013,wheat_grain,2010,0.31735557666666664,12
BD.ADM2.00013,wheat_grain,2011,0.304626795,12
BD.ADM2.00013,wheat_grain,2012,0.32208555333333333,12
BD.ADM2.00013,wheat_grain,2013,0.31327007,12
BD.ADM2.00013,wheat_grain,2014,0.31594632500000003,12
BD.ADM2.00013,wheat_grain,2015,0.3247341908333333,12
BD.ADM2.00013,wheat_grain,2016,0.33163182916666667,12
BD.ADM2.00013,wheat_grain,2017,0.3264053533333333,12
BD.ADM2.00013,wheat_grain,2018,0.32857403,12
BD.ADM2.00013,wheat_grain,2019,0.3852367083333333,12
BD.ADM2.00013,wheat_grain,2020,0.3684918741666667,12
BD.ADM2.00013,wheat_grain,2021,0.232932473,12
BD.ADM2.00013,wheat_grain,2022,0.24245002666666668,12
BD.ADM2.00013,wheat_grain,2023,0.39326707666666666,12
BD.ADM2.00013,wheat_grain,2024,0.3851791666666667,12
BD.ADM2.00014,groundnuts_in_shell,2000,0.243025021,10
BD.ADM2.00014,groundnuts_in_shell,2001,0.23277872,12
BD.ADM2.00014,groundnuts_in_shell,2002,0.2388572525,12
BD.ADM2.00014,groundnuts_in_shell,2003,0.24180483166666666,12
BD.ADM2.00014,groundnuts_in_shell,2004,0.22625539916666668,12
BD.ADM2.00014,groundnuts_in_shell,2005,0.2388615975,12
BD.ADM2.00014,groundnuts_in_shell,2006,0.24406785,12
BD.ADM2.00014,groundnuts_in_shell,2007,0.23200659416666666,12
BD.ADM2.00014,groundnuts_in_shell,2008,0.24036786416666667,12
BD.ADM2.00014,groundnuts_in_shell,2009,0.24211346,12
BD.ADM2.00014,groundnuts_in_shell,2010,0.24934037833333333,12
BD.ADM2.00014,groundnuts_in_shell,2011,0.25266413,12
BD.ADM2.00014,groundnuts_in_shell,2012,0.24543253583333335,12
BD.ADM2.00014,groundnuts_in_shell,2013,0.26478455083333335,12
BD.ADM2.00014,groundnuts_in_shell,2014,0.26114029333333333,12
BD.ADM2.00014,groundnuts_in_shell,2015,0.2717232333333333,12
BD.ADM2.00014,groundnuts_in_shell,2016,0.27840224583333334,12
BD.ADM2.00014,groundnuts_in_shell,2017,0.2868667625,12
BD.ADM2.00014,groundnuts_in_shell,2018,0.28625017416666665,12
BD.ADM2.00014,groundnuts_in_shell,2019,0.2795949833333333,12
BD.ADM2.00014,groundnuts_in_shell,2020,0.26494843416666664,12
BD.ADM2.00014,groundnuts_in_shell,2021,0.3412978133333333,12
BD.ADM2.00014,groundnuts_in_shell,2022,0.35429650749999997,12
BD.ADM2.00014,groundnuts_in_shell,2023,0.28819248833333333,12
BD.ADM2.00014,groundnuts_in_shell,2024,0.29320580333333335,12
BD.ADM2.00014,maize_corn,2000,0.341733823,10
BD.ADM2.00014,maize_corn,2001,0.34042488666666665,12
BD.ADM2.00014,maize_corn,2002,0.34614092916666667,12
BD.ADM2.00014,maize_corn,2003,0.3464568383333333,12
BD.ADM2.00014,maize_corn,2004,0.3270100691666667,12
BD.ADM2.00014,maize_corn,2005,0.34444556666666665,12
BD.ADM2.00014,maize_corn,2006,0.35088820833333334,12
BD.ADM2.00014,maize_corn,2007,0.33781910499999995,12
BD.ADM2.00014,maize_corn,2008,0.3398117033333334,12
BD.ADM2.00014,maize_corn,2009,0.34751288999999996,12
BD.ADM2.00014,maize_corn,2010,0.3559538725,12
BD.ADM2.00014,maize_corn,2011,0.35806512583333333,12
BD.ADM2.00014,maize_corn,2012,0.3452741675,12
BD.ADM2.00014,maize_corn,2013,0.36982007,12
BD.ADM2.00014,maize_corn,2014,0.36699493083333334,12
BD.ADM2.00014,maize_corn,2015,0.3766443925,12
BD.ADM2.00014,maize_corn,2016,0.37501330166666663,12
BD.ADM2.00014,maize_corn,2017,0.39192356333333334,12
BD.ADM2.00014,maize_corn,2018,0.39069950999999997,12
BD.ADM2.00014,maize_corn,2019,0.30769597833333334,12
BD.ADM2.00014,maize_corn,2020,0.2961677325,12
BD.ADM2.00014,maize_corn,2021,0.33407350583333334,12
BD.ADM2.00014,maize_corn,2022,0.34758757333333334,12
BD.ADM2.00014,maize_corn,2023,0.31676232583333336,12
BD.ADM2.00014,maize_corn,2024,0.32135612166666666,12
BD.ADM2.00014,rice_paddy,2000,0.309661932,10
BD.ADM2.00014,rice_paddy,2001,0.3039549308333333,12
BD.ADM2.00014,rice_paddy,2002,0.3051180041666667,12
BD.ADM2.00014,rice_paddy,2003,0.2988001891666667,12
BD.ADM2.00014,rice_paddy,2004,0.28430028,12
BD.ADM2.00014,rice_paddy,2005,0.2956981775,12
BD.ADM2.00014,rice_paddy,2006,0.3134678025,12
BD.ADM2.00014,rice_paddy,2007,0.28645902166666665,12
BD.ADM2.00014,rice_paddy,2008,0.2996699233333333,12
BD.ADM2.00014,rice_paddy,2009,0.3133536633333333,12
BD.ADM2.00014,rice_paddy,2010,0.31371098416666665,12
BD.ADM2.00014,rice_paddy,2011,0.31854794000000003,12
BD.ADM2.00014,rice_paddy,2012,0.3086842083333333,12
BD.ADM2.00014,rice_paddy,2013,0.32806228416666666,12
BD.ADM2.00014,rice_paddy,2014,0.3256966866666667,12
BD.ADM2.00014,rice_paddy,2015,0.33492176833333337,12
BD.ADM2.00014,rice_paddy,2016,0.33403229250000005,12
BD.ADM2.00014,rice_paddy,2017,0.3499314158333333,12
BD.ADM2.00014,rice_paddy,2018,0.34992513833333333,12
BD.ADM2.00014,rice_paddy,2019,0.3036580233333333,12
BD.ADM2.00014,rice_paddy,2020,0.28967900416666664,12
BD.ADM2.00014,rice_paddy,2021,0.5010026241666666,12
BD.ADM2.00014,rice_paddy,2022,0.5101632025,12
BD.ADM2.00014,rice_paddy,2023,0.31202688166666664,12
BD.ADM2.00014,rice_paddy,2024,0.31414145916666664,12
BD.ADM2.00014,soybean_unspecified,2000,0.1055230429,10
BD.ADM2.00014,soybean_unspecified,2001,0.12473534000000001,12
BD.ADM2.00014,soybean_unspecified,2002,0.09543529716666667,12
BD.ADM2.00014,soybean_unspecified,2003,0.10660758266666666,12
BD.ADM2.00014,soybean_unspecified,2004,0.09590396525,12
BD.ADM2.00014,soybean_unspecified,2005,0.10965304866666666,12
BD.ADM2.00014,soybean_unspecified,2006,0.13409825158333333,12
BD.ADM2.00014,soybean_unspecified,2007,0.09537448233333334,12
BD.ADM2.00014,soybean_unspecified,2008,0.111831474,12
BD.ADM2.00014,soybean_unspecified,2009,0.13102646425,12
BD.ADM2.00014,soybean_unspecified,2010,0.11163115758333335,12
BD.ADM2.00014,soybean_unspecified,2011,0.12382255674999999,12
BD.ADM2.00014,soybean_unspecified,2012,0.1083764235,12
BD.ADM2.00014,soybean_unspecified,2013,0.1354228025,12
BD.ADM2.00014,soybean_unspecified,2014,0.13476931458333333,12
BD.ADM2.00014,soybean_unspecified,2015,0.1431207305,12
BD.ADM2.00014,soybean_unspecified,2016,0.14080462483333334,12
BD.ADM2.00014,soybean_unspecified,2017,0.13448787541666665,12
BD.ADM2.00014,soybean_unspecified,2018,0.13586764208333332,12
BD.ADM2.00014,soybean_unspecified,2019,0.1502492465,12
BD.ADM2.00014,soybean_unspecified,2020,0.11720540149999999,12
BD.ADM2.00014,soybean_unspecified,2021,0.1562307765,12
BD.ADM2.00014,soybean_unspecified,2022,0.16592139333333333,12
BD.ADM2.00014,soybean_unspecified,2023,0.14554130216666666,12
BD.ADM2.00014,soybean_unspecified,2024,0.15968154916666666,12
BD.ADM2.00014,wheat_grain,2000,0.461493719,10
BD.ADM2.00014,wheat_grain,2001,0.45675911500000005,12
BD.ADM2.00014,wheat_grain,2002,0.45560115250000005,12
BD.ADM2.00014,wheat_grain,2003,0.4477848758333334,12
BD.ADM2.00014,wheat_grain,2004,0.43202048416666666,12
BD.ADM2.00014,wheat_grain,2005,0.4436681675,12
BD.ADM2.00014,wheat_grain,2006,0.46425400499999997,12
BD.ADM2.00014,wheat_grain,2007,0.4311154483333333,12
BD.ADM2.00014,wheat_grain,2008,0.44715470749999997,12
BD.ADM2.00014,wheat_grain,2009,0.4655987625,12
BD.ADM2.00014,wheat_grain,2010,0.4619822841666667,12
BD.ADM2.00014,wheat_grain,2011,0.46982171333333334,12
BD.ADM2.00014,wheat_grain,2012,0.45642344083333336,12
BD.ADM2.00014,wheat_grain,2013,0.47741583583333336,12
BD.ADM2.00014,wheat_grain,2014,0.4769813125,12
BD.ADM2.00014,wheat_grain,2015,0.48224851166666666,12
BD.ADM2.00014,wheat_grain,2016,0.4768892658333333,12
BD.ADM2.00014,wheat_grain,2017,0.4953016058333333,12
BD.ADM2.00014,wheat_grain,2018,0.4987769458333333,12
BD.ADM2.00014,wheat_grain,2019,0.41740591416666667,12
BD.ADM2.00014,wheat_grain,2020,0.40853399333333335,12
BD.ADM2.00014,wheat_grain,2021,0.5337911475,12
BD.ADM2.00014,wheat_grain,2022,0.5370575566666667,12
BD.ADM2.00014,wheat_grain,2023,0.43068987166666667,12
BD.ADM2.00014,wheat_grain,2024,0.43086384083333334,12
BD.ADM2.00015,groundnuts_in_shell,2000,0.280324351,10
BD.ADM2.00015,groundnuts_in_shell,2001,0.26778614,12
BD.ADM2.00015,groundnuts_in_shell,2002,0.2670704841666667,12
BD.ADM2.00015,groundnuts_in_shell,2003,0.27449865916666666,12
BD.ADM2.00015,groundnuts_in_shell,2004,0.27184978916666663,12
BD.ADM2.00015,groundnuts_in_shell,2005,0.28303463749999996,12
BD.ADM2.00015,groundnuts_in_shell,2006,0.2907735491666667,12
BD.ADM2.00015,groundnuts_in_shell,2007,0.27928081583333336,12
BD.ADM2.00015,groundnuts_in_shell,2008,0.2717851508333333,12
BD.ADM2.00015,groundnuts_in_shell,2009,0.28593052583333334,12
BD.ADM2.00015,groundnuts_in_shell,2010,0.29119241,12
BD.ADM2.00015,groundnuts_in_shell,2011,0.2856352675,12
BD.ADM2.00015,groundnuts_in_shell,2012,0.28196135250000004,12
BD.ADM2.00015,groundnuts_in_shell,2013,0.2869163675,12
BD.ADM2.00015,groundnuts_in_shell,2014,0.2908666025,12
BD.ADM2.00015,groundnuts_in_shell,2015,0.3022015491666667,12
BD.ADM2.00015,groundnuts_in_shell,2016,0.3006593516666667,12
BD.ADM2.00015,groundnuts_in_shell,2017,0.30393657749999997,12
BD.ADM2.00015,groundnuts_in_shell,2018,0.30639539666666665,12
BD.ADM2.00015,groundnuts_in_shell,2019,0.27882087166666664,12
BD.ADM2.00015,groundnuts_in_shell,2020,0.26953675666666665,12
BD.ADM2.00015,groundnuts_in_shell,2021,0.6206358033333333,12
BD.ADM2.00015,groundnuts_in_shell,2022,0.6245153558333333,12
BD.ADM2.00015,groundnuts_in_shell,2023,0.2832203791666667,12
BD.ADM2.00015,groundnuts_in_shell,2024,0.28211523,12
BD.ADM2.00015,maize_corn,2000,0.8037803419999999,10
BD.ADM2.00015,maize_corn,2001,0.7938331658333334,12
BD.ADM2.00015,maize_corn,2002,0.7973027608333334,12
BD.ADM2.00015,maize_corn,2003,0.8035679758333334,12
BD.ADM2.00015,maize_corn,2004,0.7999975141666668,12
BD.ADM2.00015,maize_corn,2005,0.8127570783333334,12
BD.ADM2.00015,maize_corn,2006,0.8217792691666667,12
BD.ADM2.00015,maize_corn,2007,0.8106962591666668,12
BD.ADM2.00015,maize_corn,2008,0.8113747333333333,12
BD.ADM2.00015,maize_corn,2009,0.8190308675,12
BD.ADM2.00015,maize_corn,2010,0.82413207,12
BD.ADM2.00015,maize_corn,2011,0.8177998466666666,12
BD.ADM2.00015,maize_corn,2012,0.8166407050000001,12
BD.ADM2.00015,maize_corn,2013,0.8232670341666667,12
BD.ADM2.00015,maize_corn,2014,0.826445615,12
BD.ADM2.00015,maize_corn,2015,0.8364437825,12
BD.ADM2.00015,maize_corn,2016,0.8359589491666667,12
BD.ADM2.00015,maize_corn,2017,0.8425233208333333,12
BD.ADM2.00015,maize_corn,2018,0.841428535,12
BD.ADM2.00015,maize_corn,2019,0.8505868933333334,12
BD.ADM2.00015,maize_corn,2020,0.8407099825,12
BD.ADM2.00015,maize_corn,2021,0.2919335533333333,12
BD.ADM2.00015,maize_corn,2022,0.28790083083333334,12
BD.ADM2.00015,maize_corn,2023,0.8521989633333332,12
BD.ADM2.00015,maize_corn,2024,0.8581908291666668,12
BD.ADM2.00015,rice_paddy,2000,0.322707478,10
BD.ADM2.00015,rice_paddy,2001,0.30673295,12
BD.ADM2.00015,rice_paddy,2002,0.3045709758333333,12
BD.ADM2.00015,rice_paddy,2003,0.3124928616666667,12
BD.ADM2.00015,rice_paddy,2004,0.3123427733333333,12
BD.ADM2.00015,rice_paddy,2005,0.32606082416666665,12
BD.ADM2.00015,rice_paddy,2006,0.32948078833333333,12
BD.ADM2.00015,rice_paddy,2007,0.3210086075,12
BD.ADM2.00015,rice_paddy,2008,0.31682411666666666,12
BD.ADM2.00015,rice_paddy,2009,0.3276023791666667,12
BD.ADM2.00015,rice_paddy,2010,0.335895225,12
BD.ADM2.00015,rice_paddy,2011,0.32634684750000004,12
BD.ADM2.00015,rice_paddy,2012,0.33012090833333335,12
BD.ADM2.00015,rice_paddy,2013,0.3283763025,12
BD.ADM2.00015,rice_paddy,2014,0.3346641383333333,12
BD.ADM2.00015,rice_paddy,2015,0.34516558583333334,12
BD.ADM2.00015,rice_paddy,2016,0.34678428250000004,12
BD.ADM2.00015,rice_paddy,2017,0.34607916749999995,12
BD.ADM2.00015,rice_paddy,2018,0.34756332916666666,12
BD.ADM2.00015,rice_paddy,2019,0.35906556916666665,12
BD.ADM2.00015,rice_paddy,2020,0.348042335,12
BD.ADM2.00015,rice_paddy,2021,0.9556136225,12
BD.ADM2.00015,rice_paddy,2022,0.9594711724999999,12
BD.ADM2.00015,rice_paddy,2023,0.3656024116666667,12
BD.ADM2.00015,rice_paddy,2024,0.36632652000000004,12
BD.ADM2.00015,wheat_grain,2000,0.24153027300000002,10
BD.ADM2.00015,wheat_grain,2001,0.2243108391666667,12
BD.ADM2.00015,wheat_grain,2002,0.22482020716666665,12
BD.ADM2.00015,wheat_grain,2003,0.22610452299999997,12
BD.ADM2.00015,wheat_grain,2004,0.23076853833333333,12
BD.ADM2.00015,wheat_grain,2005,0.23651383166666665,12
BD.ADM2.00015,wheat_grain,2006,0.2401996133333333,12
BD.ADM2.00015,wheat_grain,2007,0.23004055866666664,12
BD.ADM2.00015,wheat_grain,2008,0.22786352166666668,12
BD.ADM2.00015,wheat_grain,2009,0.23442557916666665,12
BD.ADM2.00015,wheat_grain,2010,0.23783460416666666,12
BD.ADM2.00015,wheat_grain,2011,0.2323251858333333,12
BD.ADM2.00015,wheat_grain,2012,0.23311943833333335,12
BD.ADM2.00015,wheat_grain,2013,0.23757466116666667,12
BD.ADM2.00015,wheat_grain,2014,0.243377985,12
BD.ADM2.00015,wheat_grain,2015,0.2507156883333333,12
BD.ADM2.00015,wheat_grain,2016,0.25478229999999996,12
BD.ADM2.00015,wheat_grain,2017,0.255967305,12
BD.ADM2.00015,wheat_grain,2018,0.25594133,12
BD.ADM2.00015,wheat_grain,2019,0.2690758608333333,12
BD.ADM2.00015,wheat_grain,2020,0.26602276583333334,12
BD.ADM2.00015,wheat_grain,2021,0.3386241466666667,12
BD.ADM2.00015,wheat_grain,2022,0.34672818499999997,12
BD.ADM2.00015,wheat_grain,2023,0.27098666833333335,12
BD.ADM2.00015,wheat_grain,2024,0.275082705,12
BD.ADM2.00016,groundnuts_in_shell,2000,0.1617279694,10
BD.ADM2.00016,groundnuts_in_shell,2001,0.14695141633333333,12
BD.ADM2.00016,groundnuts_in_shell,2002,0.1566977685833333,12
BD.ADM2.00016,groundnuts_in_shell,2003,0.16263856875000002,12
BD.ADM2.00016,groundnuts_in_shell,2004,0.14511780716666667,12
BD.ADM2.00016,groundnuts_in_shell,2005,0.16167783925,12
BD.ADM2.00016,groundnuts_in_shell,2006,0.16072286516666667,12
BD.ADM2.00016,groundnuts_in_shell,2007,0.15000739375,12
BD.ADM2.00016,groundnuts_in_shell,2008,0.16337564675000002,12
BD.ADM2.00016,groundnuts_in_shell,2009,0.17335378950000002,12
BD.ADM2.00016,groundnuts_in_shell,2010,0.18151653933333334,12
BD.ADM2.00016,groundnuts_in_shell,2011,0.17742738233333333,12
BD.ADM2.00016,groundnuts_in_shell,2012,0.16976700258333333,12
BD.ADM2.00016,groundnuts_in_shell,2013,0.19010368416666668,12
BD.ADM2.00016,groundnuts_in_shell,2014,0.18343351033333333,12
BD.ADM2.00016,groundnuts_in_shell,2015,0.18919940916666667,12
BD.ADM2.00016,groundnuts_in_shell,2016,0.2001873133333333,12
BD.ADM2.00016,groundnuts_in_shell,2017,0.2054804099166667,12
BD.ADM2.00016,groundnuts_in_shell,2018,0.19912757416666668,12
BD.ADM2.00016,groundnuts_in_shell,2019,0.2027349658333333,12
BD.ADM2.00016,groundnuts_in_shell,2020,0.19426707333333335,12
BD.ADM2.00016,groundnuts_in_shell,2021,0.19297761666666668,12
BD.ADM2.00016,groundnuts_in_shell,2022,0.20995988458333334,12
BD.ADM2.00016,groundnuts_in_shell,2023,0.22187569716666666,12
BD.ADM2.00016,groundnuts_in_shell,2024,0.22729765999999998,12
BD.ADM2.00016,maize_corn,2000,0.1291922553,10
BD.ADM2.00016,maize_corn,2001,0.11488907716666667,12
BD.ADM2.00016,maize_corn,2002,0.127319348,12
BD.ADM2.00016,maize_corn,2003,0.12174904791666667,12
BD.ADM2.00016,maize_corn,2004,0.11575660274999999,12
BD.ADM2.00016,maize_corn,2005,0.12096304675000001,12
BD.ADM2.00016,maize_corn,2006,0.12915367066666666,12
BD.ADM2.00016,maize_corn,2007,0.11788944733333334,12
BD.ADM2.00016,maize_corn,2008,0.12329031858333334,12
BD.ADM2.00016,maize_corn,2009,0.13218986141666667,12
BD.ADM2.00016,maize_corn,2010,0.14484397775,12
BD.ADM2.00016,maize_corn,2011,0.13068816008333334,12
BD.ADM2.00016,maize_corn,2012,0.13936616408333333,12
BD.ADM2.00016,maize_corn,2013,0.13546934816666667,12
BD.ADM2.00016,maize_corn,2014,0.13926598883333333,12
BD.ADM2.00016,maize_corn,2015,0.14574769766666665,12
BD.ADM2.00016,maize_corn,2016,0.14500648316666667,12
BD.ADM2.00016,maize_corn,2017,0.15284361158333334,12
BD.ADM2.00016,maize_corn,2018,0.15413053699999998,12
BD.ADM2.00016,maize_corn,2019,0.15146154158333333,12
BD.ADM2.00016,maize_corn,2020,0.1512637855,12
BD.ADM2.00016,maize_corn,2021,0.16076438583333333,12
BD.ADM2.00016,maize_corn,2022,0.18427532033333335,12
BD.ADM2.00016,maize_corn,2023,0.16242050833333332,12
BD.ADM2.00016,maize_corn,2024,0.17059400624999999,12
BD.ADM2.00016,rice_paddy,2000,0.16004606000000002,10
BD.ADM2.00016,rice_paddy,2001,0.15233690675,12
BD.ADM2.00016,rice_paddy,2002,0.15611358683333335,12
BD.ADM2.00016,rice_paddy,2003,0.15350964541666667,12
BD.ADM2.00016,rice_paddy,2004,0.14864917283333334,12
BD.ADM2.00016,rice_paddy,2005,0.15711703775,12
BD.ADM2.00016,rice_paddy,2006,0.16544012883333334,12
BD.ADM2.00016,rice_paddy,2007,0.15240170783333332,12
BD.ADM2.00016,rice_paddy,2008,0.15986378116666666,12
BD.ADM2.00016,rice_paddy,2009,0.16616220825,12
BD.ADM2.00016,rice_paddy,2010,0.16767151108333334,12
BD.ADM2.00016,rice_paddy,2011,0.17002711466666667,12
BD.ADM2.00016,rice_paddy,2012,0.17366530158333335,12
BD.ADM2.00016,rice_paddy,2013,0.18354814,12
BD.ADM2.00016,rice_paddy,2014,0.185413861,12
BD.ADM2.00016,rice_paddy,2015,0.18166984083333335,12
BD.ADM2.00016,rice_paddy,2016,0.19483198083333333,12
BD.ADM2.00016,rice_paddy,2017,0.19546350916666666,12
BD.ADM2.00016,rice_paddy,2018,0.19901712291666665,12
BD.ADM2.00016,rice_paddy,2019,0.1940214609166667,12
BD.ADM2.00016,rice_paddy,2020,0.190183005,12
BD.ADM2.00016,rice_paddy,2021,0.19299259133333332,12
BD.ADM2.00016,rice_paddy,2022,0.2108248,12
BD.ADM2.00016,rice_paddy,2023,0.2081475825,12
BD.ADM2.00016,rice_paddy,2024,0.21547367250000002,12
BD.ADM2.00016,soybean_unspecified,2000,0.1457482003,10
BD.ADM2.00016,soybean_unspecified,2001,0.12781899083333334,12
BD.ADM2.00016,soybean_unspecified,2002,0.13895450641666665,12
BD.ADM2.00016,soybean_unspecified,2003,0.13669848216666666,12
BD.ADM2.00016,soybean_unspecified,2004,0.13853891975000002,12
BD.ADM2.00016,soybean_unspecified,2005,0.1411480835,12
BD.ADM2.00016,soybean_unspecified,2006,0.15833799158333334,12
BD.ADM2.00016,soybean_unspecified,2007,0.14479915266666668,12
BD.ADM2.00016,soybean_unspecified,2008,0.15400573383333335,12
BD.ADM2.00016,soybean_unspecified,2009,0.1567684925,12
BD.ADM2.00016,soybean_unspecified,2010,0.15645295974999998,12
BD.ADM2.00016,soybean_unspecified,2011,0.15205035633333333,12
BD.ADM2.00016,soybean_unspecified,2012,0.16648136524999999,12
BD.ADM2.00016,soybean_unspecified,2013,0.1717181295,12
BD.ADM2.00016,soybean_unspecified,2014,0.16915970733333333,12
BD.ADM2.00016,soybean_unspecified,2015,0.17041017933333333,12
BD.ADM2.00016,soybean_unspecified,2016,0.1806989046666667,12
BD.ADM2.00016,soybean_unspecified,2017,0.1878437885833333,12
BD.ADM2.00016,soybean_unspecified,2018,0.18746184325,12
BD.ADM2.00016,soybean_unspecified,2019,0.19898676458333334,12
BD.ADM2.00016,soybean_unspecified,2020,0.18075728816666667,12
BD.ADM2.00016,soybean_unspecified,2021,0.19045267675,12
BD.ADM2.00016,soybean_unspecified,2022,0.21112281041666667,12
BD.ADM2.00016,soybean_unspecified,2023,0.20493178708333334,12
BD.ADM2.00016,soybean_unspecified,2024,0.20816104666666668,12
BD.ADM2.00016,wheat_grain,2000,0.164459647,10
BD.ADM2.00016,wheat_grain,2001,0.15505740333333332,12
BD.ADM2.00016,wheat_grain,2002,0.15953649975,12
BD.ADM2.00016,wheat_grain,2003,0.15811551166666668,12
BD.ADM2.00016,wheat_grain,2004,0.15089505333333333,12
BD.ADM2.00016,wheat_grain,2005,0.16218050491666666,12
BD.ADM2.00016,wheat_grain,2006,0.16865984208333332,12
BD.ADM2.00016,wheat_grain,2007,0.15567423566666666,12
BD.ADM2.00016,wheat_grain,2008,0.16178294583333333,12
BD.ADM2.00016,wheat_grain,2009,0.17052701375,12
BD.ADM2.00016,wheat_grain,2010,0.175743016,12
BD.ADM2.00016,wheat_grain,2011,0.17770172416666666,12
BD.ADM2.00016,wheat_grain,2012,0.17602388833333335,12
BD.ADM2.00016,wheat_grain,2013,0.18985534925,12
BD.ADM2.00016,wheat_grain,2014,0.19270052666666668,12
BD.ADM2.00016,wheat_grain,2015,0.18981296816666668,12
BD.ADM2.00016,wheat_grain,2016,0.19984810466666666,12
BD.ADM2.00016,wheat_grain,2017,0.20035339375000003,12
BD.ADM2.00016,wheat_grain,2018,0.2018725025,12
BD.ADM2.00016,wheat_grain,2019,0.19047109916666663,12
BD.ADM2.00016,wheat_grain,2020,0.18509447466666665,12
BD.ADM2.00016,wheat_grain,2021,0.1892298855,12
BD.ADM2.00016,wheat_grain,2022,0.20546812466666667,12
BD.ADM2.00016,wheat_grain,2023,0.20677868366666666,12
BD.ADM2.00016,wheat_grain,2024,0.20920971033333335,12
BD.ADM2.00017,groundnuts_in_shell,2000,0.672044061,10
BD.ADM2.00017,groundnuts_in_shell,2001,0.6542022475,12
BD.ADM2.00017,groundnuts_in_shell,2002,0.6602992216666667,12
BD.ADM2.00017,groundnuts_in_shell,2003,0.6560045358333334,12
BD.ADM2.00017,groundnuts_in_shell,2004,0.6651780783333333,12
BD.ADM2.00017,groundnuts_in_shell,2005,0.656492925,12
BD.ADM2.00017,groundnuts_in_shell,2006,0.6614969716666667,12
BD.ADM2.00017,groundnuts_in_shell,2007,0.6561188008333333,12
BD.ADM2.00017,groundnuts_in_shell,2008,0.6642789225,12
BD.ADM2.00017,groundnuts_in_shell,2009,0.6675008191666666,12
BD.ADM2.00017,groundnuts_in_shell,2010,0.6678338291666667,12
BD.ADM2.00017,groundnuts_in_shell,2011,0.6713304091666666,12
BD.ADM2.00017,groundnuts_in_shell,2012,0.6709896175,12
BD.ADM2.00017,groundnuts_in_shell,2013,0.6845825975,12
BD.ADM2.00017,groundnuts_in_shell,2014,0.6781333391666666,12
BD.ADM2.00017,groundnuts_in_shell,2015,0.6826466350000001,12
BD.ADM2.00017,groundnuts_in_shell,2016,0.6984164174999999,12
BD.ADM2.00017,groundnuts_in_shell,2017,0.6899397833333333,12
BD.ADM2.00017,groundnuts_in_shell,2018,0.6959422708333333,12
BD.ADM2.00017,groundnuts_in_shell,2019,0.77929943,12
BD.ADM2.00017,groundnuts_in_shell,2020,0.7614977183333332,12
BD.ADM2.00017,groundnuts_in_shell,2021,0.18981969750000002,12
BD.ADM2.00017,groundnuts_in_shell,2022,0.1972568528333333,12
BD.ADM2.00017,groundnuts_in_shell,2023,0.7768512291666667,12
BD.ADM2.00017,groundnuts_in_shell,2024,0.7832303241666666,12
BD.ADM2.00017,maize_corn,2000,0.19734869100000002,10
BD.ADM2.00017,maize_corn,2001,0.18185595749999997,12
BD.ADM2.00017,maize_corn,2002,0.1910133791666667,12
BD.ADM2.00017,maize_corn,2003,0.18674143125,12
BD.ADM2.00017,maize_corn,2004,0.18426682416666665,12
BD.ADM2.00017,maize_corn,2005,0.18364324458333334,12
BD.ADM2.00017,maize_corn,2006,0.19312745750000002,12
BD.ADM2.00017,maize_corn,2007,0.18157835416666668,12
BD.ADM2.00017,maize_corn,2008,0.186558117,12
BD.ADM2.00017,maize_corn,2009,0.18702690833333332,12
BD.ADM2.00017,maize_corn,2010,0.20193293774999999,12
BD.ADM2.00017,maize_corn,2011,0.1950270334166667,12
BD.ADM2.00017,maize_corn,2012,0.191965495,12
BD.ADM2.00017,maize_corn,2013,0.20641235449999998,12
BD.ADM2.00017,maize_corn,2014,0.20281221166666666,12
BD.ADM2.00017,maize_corn,2015,0.200799515,12
BD.ADM2.00017,maize_corn,2016,0.21317451583333333,12
BD.ADM2.00017,maize_corn,2017,0.22257962499999998,12
BD.ADM2.00017,maize_corn,2018,0.2189737604166667,12
BD.ADM2.00017,maize_corn,2019,0.2250058725,12
BD.ADM2.00017,maize_corn,2020,0.210174098,12
BD.ADM2.00017,maize_corn,2021,0.20832459116666668,12
BD.ADM2.00017,maize_corn,2022,0.21802138041666666,12
BD.ADM2.00017,maize_corn,2023,0.22569511458333333,12
BD.ADM2.00017,maize_corn,2024,0.23504467799999998,12
BD.ADM2.00017,rice_paddy,2000,0.209341627,10
BD.ADM2.00017,rice_paddy,2001,0.19452393999999998,12
BD.ADM2.00017,rice_paddy,2002,0.20079667,12
BD.ADM2.00017,rice_paddy,2003,0.19683925758333332,12
BD.ADM2.00017,rice_paddy,2004,0.19125422,12
BD.ADM2.00017,rice_paddy,2005,0.19335956624999998,12
BD.ADM2.00017,rice_paddy,2006,0.2053143275,12
BD.ADM2.00017,rice_paddy,2007,0.19163653833333336,12
BD.ADM2.00017,rice_paddy,2008,0.19629136875,12
BD.ADM2.00017,rice_paddy,2009,0.20141798958333335,12
BD.ADM2.00017,rice_paddy,2010,0.2087769404166667,12
BD.ADM2.00017,rice_paddy,2011,0.20747678666666666,12
BD.ADM2.00017,rice_paddy,2012,0.202422878,12
BD.ADM2.00017,rice_paddy,2013,0.21865515991666665,12
BD.ADM2.00017,rice_paddy,2014,0.21208830083333333,12
BD.ADM2.00017,rice_paddy,2015,0.2134329,12
BD.ADM2.00017,rice_paddy,2016,0.22542978633333333,12
BD.ADM2.00017,rice_paddy,2017,0.23067738133333335,12
BD.ADM2.00017,rice_paddy,2018,0.22757796541666667,12
BD.ADM2.00017,rice_paddy,2019,0.2464185491666667,12
BD.ADM2.00017,rice_paddy,2020,0.2275743755,12
BD.ADM2.00017,rice_paddy,2021,0.34470358333333334,12
BD.ADM2.00017,rice_paddy,2022,0.35252369916666665,12
BD.ADM2.00017,rice_paddy,2023,0.25012667,12
BD.ADM2.00017,rice_paddy,2024,0.2545291345833333,12
BD.ADM2.00017,soybean_unspecified,2000,0.220971321,10
BD.ADM2.00017,soybean_unspecified,2001,0.22067389666666667,12
BD.ADM2.00017,soybean_unspecified,2002,0.22282190166666668,12
BD.ADM2.00017,soybean_unspecified,2003,0.21796637333333335,12
BD.ADM2.00017,soybean_unspecified,2004,0.21306918,12
BD.ADM2.00017,soybean_unspecified,2005,0.22096260083333333,12
BD.ADM2.00017,soybean_unspecified,2006,0.23430433666666664,12
BD.ADM2.00017,soybean_unspecified,2007,0.21714568083333333,12
BD.ADM2.00017,soybean_unspecified,2008,0.22733508083333334,12
BD.ADM2.00017,soybean_unspecified,2009,0.24115419083333334,12
BD.ADM2.00017,soybean_unspecified,2010,0.2292126225,12
BD.ADM2.00017,soybean_unspecified,2011,0.24148634,12
BD.ADM2.00017,soybean_unspecified,2012,0.21797391833333335,12
BD.ADM2.00017,soybean_unspecified,2013,0.24765507750000001,12
BD.ADM2.00017,soybean_unspecified,2014,0.23797861083333335,12
BD.ADM2.00017,soybean_unspecified,2015,0.2501368925,12
BD.ADM2.00017,soybean_unspecified,2016,0.25578684,12
BD.ADM2.00017,soybean_unspecified,2017,0.2606417583333333,12
BD.ADM2.00017,soybean_unspecified,2018,0.2649342225,12
BD.ADM2.00017,soybean_unspecified,2019,0.2651612025,12
BD.ADM2.00017,soybean_unspecified,2020,0.2399689216666667,12
BD.ADM2.00017,soybean_unspecified,2021,0.6455588016666667,12
BD.ADM2.00017,soybean_unspecified,2022,0.6455457133333333,12
BD.ADM2.00017,soybean_unspecified,2023,0.2705241841666667,12
BD.ADM2.00017,soybean_unspecified,2024,0.27451685583333335,12
BD.ADM2.00017,wheat_grain,2000,0.19431127450000002,10
BD.ADM2.00017,wheat_grain,2001,0.1780205275,12
BD.ADM2.00017,wheat_grain,2002,0.19113491000000002,12
BD.ADM2.00017,wheat_grain,2003,0.18516473083333332,12
BD.ADM2.00017,wheat_grain,2004,0.1778330695,12
BD.ADM2.00017,wheat_grain,2005,0.18461736783333335,12
BD.ADM2.00017,wheat_grain,2006,0.19050923966666666,12
BD.ADM2.00017,wheat_grain,2007,0.18422671999999998,12
BD.ADM2.00017,wheat_grain,2008,0.18498657158333331,12
BD.ADM2.00017,wheat_grain,2009,0.18946301216666664,12
BD.ADM2.00017,wheat_grain,2010,0.18975163966666667,12
BD.ADM2.00017,wheat_grain,2011,0.19628172791666668,12
BD.ADM2.00017,wheat_grain,2012,0.19316753,12
BD.ADM2.00017,wheat_grain,2013,0.2049994536666667,12
BD.ADM2.00017,wheat_grain,2014,0.20595577,12
BD.ADM2.00017,wheat_grain,2015,0.21132906166666668,12
BD.ADM2.00017,wheat_grain,2016,0.21450897208333333,12
BD.ADM2.00017,wheat_grain,2017,0.22404847208333334,12
BD.ADM2.00017,wheat_grain,2018,0.21725842250000002,12
BD.ADM2.00017,wheat_grain,2019,0.23309393966666667,12
BD.ADM2.00017,wheat_grain,2020,0.21033576383333333,12
BD.ADM2.00017,wheat_grain,2021,0.24397876416666667,12
BD.ADM2.00017,wheat_grain,2022,0.25455295666666666,12
BD.ADM2.00017,wheat_grain,2023,0.23201765416666664,12
BD.ADM2.00017,wheat_grain,2024,0.24044314249999998,12
BD.ADM2.00018,groundnuts_in_shell,2000,0.14231452,10
BD.ADM2.00018,groundnuts_in_shell,2001,0.14849967166666667,12
BD.ADM2.00018,groundnuts_in_shell,2002,0.153494685,12
BD.ADM2.00018,groundnuts_in_shell,2003,0.15600689166666667,12
BD.ADM2.00018,groundnuts_in_shell,2004,0.12494922333333335,12
BD.ADM2.00018,groundnuts_in_shell,2005,0.15221256583333334,12
BD.ADM2.00018,groundnuts_in_shell,2006,0.158193265,12
BD.ADM2.00018,groundnuts_in_shell,2007,0.129576956,12
BD.ADM2.00018,groundnuts_in_shell,2008,0.16069292500000001,12
BD.ADM2.00018,groundnuts_in_shell,2009,0.16509562166666666,12
BD.ADM2.00018,groundnuts_in_shell,2010,0.13723466716666666,12
BD.ADM2.00018,groundnuts_in_shell,2011,0.1652078725,12
BD.ADM2.00018,groundnuts_in_shell,2012,0.15098024699999998,12
BD.ADM2.00018,groundnuts_in_shell,2013,0.17564664033333333,12
BD.ADM2.00018,groundnuts_in_shell,2014,0.16767601116666667,12
BD.ADM2.00018,groundnuts_in_shell,2015,0.1611531154166667,12
BD.ADM2.00018,groundnuts_in_shell,2016,0.17988007833333333,12
BD.ADM2.00018,groundnuts_in_shell,2017,0.16576194433333333,12
BD.ADM2.00018,groundnuts_in_shell,2018,0.17847053583333336,12
BD.ADM2.00018,groundnuts_in_shell,2019,0.1831333625,12
BD.ADM2.00018,groundnuts_in_shell,2020,0.16755953166666668,12
BD.ADM2.00018,groundnuts_in_shell,2021,0.18923472958333332,12
BD.ADM2.00018,groundnuts_in_shell,2022,0.16520938625,12
BD.ADM2.00018,groundnuts_in_shell,2023,0.1690710205,12
BD.ADM2.00018,groundnuts_in_shell,2024,0.16560373333333334,12
BD.ADM2.00018,maize_corn,2000,0.215200903,10
BD.ADM2.00018,maize_corn,2001,0.20630496666666667,12
BD.ADM2.00018,maize_corn,2002,0.20793136416666666,12
BD.ADM2.00018,maize_corn,2003,0.21459168124999997,12
BD.ADM2.00018,maize_corn,2004,0.1967153941666667,12
BD.ADM2.00018,maize_corn,2005,0.21331144000000002,12
BD.ADM2.00018,maize_corn,2006,0.21490907333333334,12
BD.ADM2.00018,maize_corn,2007,0.1937492991666667,12
BD.ADM2.00018,maize_corn,2008,0.21282372708333333,12
BD.ADM2.00018,maize_corn,2009,0.21134378374999999,12
BD.ADM2.00018,maize_corn,2010,0.20107389783333332,12
BD.ADM2.00018,maize_corn,2011,0.21559599,12
BD.ADM2.00018,maize_corn,2012,0.20315803416666667,12
BD.ADM2.00018,maize_corn,2013,0.22063991333333333,12
BD.ADM2.00018,maize_corn,2014,0.2137135425,12
BD.ADM2.00018,maize_corn,2015,0.21523231041666668,12
BD.ADM2.00018,maize_corn,2016,0.22949011416666668,12
BD.ADM2.00018,maize_corn,2017,0.22149296166666668,12
BD.ADM2.00018,maize_corn,2018,0.23361729166666667,12
BD.ADM2.00018,maize_corn,2019,0.22045579666666668,12
BD.ADM2.00018,maize_corn,2020,0.20803260666666668,12
BD.ADM2.00018,maize_corn,2021,0.23428153283333333,12
BD.ADM2.00018,maize_corn,2022,0.2235871625,12
BD.ADM2.00018,maize_corn,2023,0.21316963199999997,12
BD.ADM2.00018,maize_corn,2024,0.21825870416666668,12
BD.ADM2.00018,rice_paddy,2000,0.15917619700000002,10
BD.ADM2.00018,rice_paddy,2001,0.16030079249999998,12
BD.ADM2.00018,rice_paddy,2002,0.159526283,12
BD.ADM2.00018,rice_paddy,2003,0.16219105475,12
BD.ADM2.00018,rice_paddy,2004,0.13784960183333334,12
BD.ADM2.00018,rice_paddy,2005,0.16286161666666668,12
BD.ADM2.00018,rice_paddy,2006,0.1681776275,12
BD.ADM2.00018,rice_paddy,2007,0.1456879955,12
BD.ADM2.00018,rice_paddy,2008,0.16991693333333333,12
BD.ADM2.00018,rice_paddy,2009,0.16990690333333333,12
BD.ADM2.00018,rice_paddy,2010,0.15394890133333333,12
BD.ADM2.00018,rice_paddy,2011,0.16915423275,12
BD.ADM2.00018,rice_paddy,2012,0.1611036475,12
BD.ADM2.00018,rice_paddy,2013,0.18083860016666667,12
BD.ADM2.00018,rice_paddy,2014,0.17569813583333335,12
BD.ADM2.00018,rice_paddy,2015,0.17182547625,12
BD.ADM2.00018,rice_paddy,2016,0.1869645384166667,12
BD.ADM2.00018,rice_paddy,2017,0.1783149905,12
BD.ADM2.00018,rice_paddy,2018,0.19022900416666666,12
BD.ADM2.00018,rice_paddy,2019,0.18879617299999998,12
BD.ADM2.00018,rice_paddy,2020,0.17143054700000002,12
BD.ADM2.00018,rice_paddy,2021,0.20661157208333333,12
BD.ADM2.00018,rice_paddy,2022,0.18897841716666666,12
BD.ADM2.00018,rice_paddy,2023,0.18363630133333333,12
BD.ADM2.00018,rice_paddy,2024,0.18143485116666666,12
BD.ADM2.00018,soybean_unspecified,2000,0.180830782,10
BD.ADM2.00018,soybean_unspecified,2001,0.17176112466666668,12
BD.ADM2.00018,soybean_unspecified,2002,0.17970972966666665,12
BD.ADM2.00018,soybean_unspecified,2003,0.18161425175,12
BD.ADM2.00018,soybean_unspecified,2004,0.16071227,12
BD.ADM2.00018,soybean_unspecified,2005,0.18001381708333333,12
BD.ADM2.00018,soybean_unspecified,2006,0.1833872745,12
BD.ADM2.00018,soybean_unspecified,2007,0.15901918416666666,12
BD.ADM2.00018,soybean_unspecified,2008,0.187842625,12
BD.ADM2.00018,soybean_unspecified,2009,0.18261155833333334,12
BD.ADM2.00018,soybean_unspecified,2010,0.171445663,12
BD.ADM2.00018,soybean_unspecified,2011,0.18627502299999998,12
BD.ADM2.00018,soybean_unspecified,2012,0.17519340491666668,12
BD.ADM2.00018,soybean_unspecified,2013,0.1993733961666667,12
BD.ADM2.00018,soybean_unspecified,2014,0.18729070875,12
BD.ADM2.00018,soybean_unspecified,2015,0.188600035,12
BD.ADM2.00018,soybean_unspecified,2016,0.20710636241666666,12
BD.ADM2.00018,soybean_unspecified,2017,0.1970331,12
BD.ADM2.00018,soybean_unspecified,2018,0.20197900366666666,12
BD.ADM2.00018,soybean_unspecified,2019,0.21739626216666666,12
BD.ADM2.00018,soybean_unspecified,2020,0.2039542854166667,12
BD.ADM2.00018,soybean_unspecified,2021,0.22000887616666667,12
BD.ADM2.00018,soybean_unspecified,2022,0.20863326916666666,12
BD.ADM2.00018,soybean_unspecified,2023,0.202971035,12
BD.ADM2.00018,soybean_unspecified,2024,0.20383515333333332,12
BD.ADM2.00018,wheat_grain,2000,0.221326636,10
BD.ADM2.00018,wheat_grain,2001,0.21753225833333334,12
BD.ADM2.00018,wheat_grain,2002,0.2147958375,12
BD.ADM2.00018,wheat_grain,2003,0.21678524416666667,12
BD.ADM2.00018,wheat_grain,2004,0.19507136749999998,12
BD.ADM2.00018,wheat_grain,2005,0.217142095,12
BD.ADM2.00018,wheat_grain,2006,0.21875847916666666,12
BD.ADM2.00018,wheat_grain,2007,0.20384033833333334,12
BD.ADM2.00018,wheat_grain,2008,0.21979943833333335,12
BD.ADM2.00018,wheat_grain,2009,0.21805744000000002,12
BD.ADM2.00018,wheat_grain,2010,0.21245540249999997,12
BD.ADM2.00018,wheat_grain,2011,0.21769567008333332,12
BD.ADM2.00018,wheat_grain,2012,0.212349797,12
BD.ADM2.00018,wheat_grain,2013,0.22909058466666668,12
BD.ADM2.00018,wheat_grain,2014,0.22421695416666668,12
BD.ADM2.00018,wheat_grain,2015,0.22387332208333333,12
BD.ADM2.00018,wheat_grain,2016,0.23636363083333334,12
BD.ADM2.00018,wheat_grain,2017,0.23297719083333335,12
BD.ADM2.00018,wheat_grain,2018,0.24117441916666668,12
BD.ADM2.00018,wheat_grain,2019,0.20529108666666665,12
BD.ADM2.00018,wheat_grain,2020,0.19043746783333335,12
BD.ADM2.00018,wheat_grain,2021,0.22218257249999998,12
BD.ADM2.00018,wheat_grain,2022,0.21407859083333333,12
BD.ADM2.00018,wheat_grain,2023,0.2036655475,12
BD.ADM2.00018,wheat_grain,2024,0.20556218266666668,12
BD.ADM2.00019,groundnuts_in_shell,2000,0.245145395,10
BD.ADM2.00019,groundnuts_in_shell,2001,0.23169477000000002,12
BD.ADM2.00019,groundnuts_in_shell,2002,0.2359055025,12
BD.ADM2.00019,groundnuts_in_shell,2003,0.23079662041666668,12
BD.ADM2.00019,groundnuts_in_shell,2004,0.21460882583333332,12
BD.ADM2.00019,groundnuts_in_shell,2005,0.23213206125,12
BD.ADM2.00019,groundnuts_in_shell,2006,0.24336152833333333,12
BD.ADM2.00019,groundnuts_in_shell,2007,0.21543057,12
BD.ADM2.00019,groundnuts_in_shell,2008,0.22746452166666667,12
BD.ADM2.00019,groundnuts_in_shell,2009,0.24353700791666666,12
BD.ADM2.00019,groundnuts_in_shell,2010,0.24201270249999998,12
BD.ADM2.00019,groundnuts_in_shell,2011,0.23622566966666667,12
BD.ADM2.00019,groundnuts_in_shell,2012,0.23664206966666668,12
BD.ADM2.00019,groundnuts_in_shell,2013,0.25256655333333333,12
BD.ADM2.00019,groundnuts_in_shell,2014,0.23842939583333334,12
BD.ADM2.00019,groundnuts_in_shell,2015,0.246956485,12
BD.ADM2.00019,groundnuts_in_shell,2016,0.25155226416666665,12
BD.ADM2.00019,groundnuts_in_shell,2017,0.2582694833333333,12
BD.ADM2.00019,groundnuts_in_shell,2018,0.2620952429166667,12
BD.ADM2.00019,groundnuts_in_shell,2019,0.26610702166666667,12
BD.ADM2.00019,groundnuts_in_shell,2020,0.25203986500000003,12
BD.ADM2.00019,groundnuts_in_shell,2021,0.21039562541666668,12
BD.ADM2.00019,groundnuts_in_shell,2022,0.22430633833333333,12
BD.ADM2.00019,groundnuts_in_shell,2023,0.2669658075,12
BD.ADM2.00019,groundnuts_in_shell,2024,0.26533714,12
BD.ADM2.00019,maize_corn,2000,0.228523413,10
BD.ADM2.00019,maize_corn,2001,0.21512711291666667,12
BD.ADM2.00019,maize_corn,2002,0.22049169683333333,12
BD.ADM2.00019,maize_corn,2003,0.21558872458333334,12
BD.ADM2.00019,maize_corn,2004,0.19902343166666667,12
BD.ADM2.00019,maize_corn,2005,0.21518057291666667,12
BD.ADM2.00019,maize_corn,2006,0.227372583,12
BD.ADM2.00019,maize_corn,2007,0.19908973791666665,12
BD.ADM2.00019,maize_corn,2008,0.212791565,12
BD.ADM2.00019,maize_corn,2009,0.22808361291666665,12
BD.ADM2.00019,maize_corn,2010,0.22641448583333335,12
BD.ADM2.00019,maize_corn,2011,0.21988037291666665,12
BD.ADM2.00019,maize_corn,2012,0.2195962554166667,12
BD.ADM2.00019,maize_corn,2013,0.23619349999999997,12
BD.ADM2.00019,maize_corn,2014,0.22080948541666667,12
BD.ADM2.00019,maize_corn,2015,0.23094531958333334,12
BD.ADM2.00019,maize_corn,2016,0.23421527041666668,12
BD.ADM2.00019,maize_corn,2017,0.24109481533333332,12
BD.ADM2.00019,maize_corn,2018,0.24428568750000001,12
BD.ADM2.00019,maize_corn,2019,0.25081112916666665,12
BD.ADM2.00019,maize_corn,2020,0.2350917111666667,12
BD.ADM2.00019,maize_corn,2021,0.21172433300000001,12
BD.ADM2.00019,maize_corn,2022,0.23062272174999998,12
BD.ADM2.00019,maize_corn,2023,0.25106839216666665,12
BD.ADM2.00019,maize_corn,2024,0.2511074991666667,12
BD.ADM2.00019,rice_paddy,2000,0.22830415799999998,10
BD.ADM2.00019,rice_paddy,2001,0.21964576083333331,12
BD.ADM2.00019,rice_paddy,2002,0.21933069883333334,12
BD.ADM2.00019,rice_paddy,2003,0.21242958458333336,12
BD.ADM2.00019,rice_paddy,2004,0.19427924583333334,12
BD.ADM2.00019,rice_paddy,2005,0.21291890416666667,12
BD.ADM2.00019,rice_paddy,2006,0.22946184383333335,12
BD.ADM2.00019,rice_paddy,2007,0.19485088666666664,12
BD.ADM2.00019,rice_paddy,2008,0.21144494216666665,12
BD.ADM2.00019,rice_paddy,2009,0.23074095416666665,12
BD.ADM2.00019,rice_paddy,2010,0.227766345,12
BD.ADM2.00019,rice_paddy,2011,0.22444121549999999,12
BD.ADM2.00019,rice_paddy,2012,0.222188205,12
BD.ADM2.00019,rice_paddy,2013,0.23750492666666667,12
BD.ADM2.00019,rice_paddy,2014,0.22263336175,12
BD.ADM2.00019,rice_paddy,2015,0.23229827583333332,12
BD.ADM2.00019,rice_paddy,2016,0.23586879533333335,12
BD.ADM2.00019,rice_paddy,2017,0.24127857416666665,12
BD.ADM2.00019,rice_paddy,2018,0.246956195,12
BD.ADM2.00019,rice_paddy,2019,0.24852491,12
BD.ADM2.00019,rice_paddy,2020,0.2330937133333333,12
BD.ADM2.00019,rice_paddy,2021,0.204326648,12
BD.ADM2.00019,rice_paddy,2022,0.2201384266666667,12
BD.ADM2.00019,rice_paddy,2023,0.252513053,12
BD.ADM2.00019,rice_paddy,2024,0.2513569808333333,12
BD.ADM2.00019,soybean_unspecified,2000,0.20294320570000002,10
BD.ADM2.00019,soybean_unspecified,2001,0.18238963916666664,12
BD.ADM2.00019,soybean_unspecified,2002,0.19358982341666667,12
BD.ADM2.00019,soybean_unspecified,2003,0.18751923650000002,12
BD.ADM2.00019,soybean_unspecified,2004,0.17902111733333334,12
BD.ADM2.00019,soybean_unspecified,2005,0.19621371275,12
BD.ADM2.00019,soybean_unspecified,2006,0.198388559,12
BD.ADM2.00019,soybean_unspecified,2007,0.18312844433333333,12
BD.ADM2.00019,soybean_unspecified,2008,0.18043716725,12
BD.ADM2.00019,soybean_unspecified,2009,0.18749057858333332,12
BD.ADM2.00019,soybean_unspecified,2010,0.19171305566666666,12
BD.ADM2.00019,soybean_unspecified,2011,0.19166233891666665,12
BD.ADM2.00019,soybean_unspecified,2012,0.1990244525,12
BD.ADM2.00019,soybean_unspecified,2013,0.21827644833333334,12
BD.ADM2.00019,soybean_unspecified,2014,0.20724996083333336,12
BD.ADM2.00019,soybean_unspecified,2015,0.20106921,12
BD.ADM2.00019,soybean_unspecified,2016,0.211712377,12
BD.ADM2.00019,soybean_unspecified,2017,0.22595966833333334,12
BD.ADM2.00019,soybean_unspecified,2018,0.22884596416666667,12
BD.ADM2.00019,soybean_unspecified,2019,0.22854795708333334,12
BD.ADM2.00019,soybean_unspecified,2020,0.22218582083333335,12
BD.ADM2.00019,soybean_unspecified,2021,0.21811197741666666,12
BD.ADM2.00019,soybean_unspecified,2022,0.20056067916666667,12
BD.ADM2.00019,soybean_unspecified,2023,0.225563125,12
BD.ADM2.00019,soybean_unspecified,2024,0.2081907955,12
BD.ADM2.00019,wheat_grain,2000,0.22528318,10
BD.ADM2.00019,wheat_grain,2001,0.20531419208333335,12
BD.ADM2.00019,wheat_grain,2002,0.21516849708333333,12
BD.ADM2.00019,wheat_grain,2003,0.21034697633333332,12
BD.ADM2.00019,wheat_grain,2004,0.19962665791666667,12
BD.ADM2.00019,wheat_grain,2005,0.20728011416666667,12
BD.ADM2.00019,wheat_grain,2006,0.21741894608333334,12
BD.ADM2.00019,wheat_grain,2007,0.20630579875,12
BD.ADM2.00019,wheat_grain,2008,0.21718165874999998,12
BD.ADM2.00019,wheat_grain,2009,0.21770863716666666,12
BD.ADM2.00019,wheat_grain,2010,0.21377476666666664,12
BD.ADM2.00019,wheat_grain,2011,0.20548331883333334,12
BD.ADM2.00019,wheat_grain,2012,0.21093191116666665,12
BD.ADM2.00019,wheat_grain,2013,0.22901812533333335,12
BD.ADM2.00019,wheat_grain,2014,0.21645996666666667,12
BD.ADM2.00019,wheat_grain,2015,0.225364655,12
BD.ADM2.00019,wheat_grain,2016,0.23784760791666668,12
BD.ADM2.00019,wheat_grain,2017,0.23105186583333334,12
BD.ADM2.00019,wheat_grain,2018,0.22317551383333334,12
BD.ADM2.00019,wheat_grain,2019,0.24519243716666664,12
BD.ADM2.00019,wheat_grain,2020,0.24143537583333333,12
BD.ADM2.00019,wheat_grain,2021,0.21649028083333333,12
BD.ADM2.00019,wheat_grain,2022,0.22649791916666664,12
BD.ADM2.00019,wheat_grain,2023,0.24971945833333334,12
BD.ADM2.00019,wheat_grain,2024,0.24979922333333335,12
BD.ADM2.00083,groundnuts_in_shell,2000,0.359512088,10
BD.ADM2.00083,groundnuts_in_shell,2001,0.3560522533333333,12
BD.ADM2.00083,groundnuts_in_shell,2002,0.3512471558333334,12
BD.ADM2.00083,groundnuts_in_shell,2003,0.351946675,12
BD.ADM2.00083,groundnuts_in_shell,2004,0.3373039758333333,12
BD.ADM2.00083,groundnuts_in_shell,2005,0.35250227,12
BD.ADM2.00083,groundnuts_in_shell,2006,0.3668485758333333,12
BD.ADM2.00083,groundnuts_in_shell,2007,0.3352230425,12
BD.ADM2.00083,groundnuts_in_shell,2008,0.3474476441666667,12
BD.ADM2.00083,groundnuts_in_shell,2009,0.3619146458333333,12
BD.ADM2.00083,groundnuts_in_shell,2010,0.359111655,12
BD.ADM2.00083,groundnuts_in_shell,2011,0.36773584499999995,12
BD.ADM2.00083,groundnuts_in_shell,2012,0.35094943166666664,12
BD.ADM2.00083,groundnuts_in_shell,2013,0.382833935,12
BD.ADM2.00083,groundnuts_in_shell,2014,0.365349475,12
BD.ADM2.00083,groundnuts_in_shell,2015,0.37527169833333335,12
BD.ADM2.00083,groundnuts_in_shell,2016,0.38736736166666663,12
BD.ADM2.00083,groundnuts_in_shell,2017,0.3792085708333333,12
BD.ADM2.00083,groundnuts_in_shell,2018,0.3914748675,12
BD.ADM2.00083,groundnuts_in_shell,2019,0.38406294583333334,12
BD.ADM2.00083,groundnuts_in_shell,2020,0.3675271308333334,12
BD.ADM2.00083,groundnuts_in_shell,2021,0.23796894833333335,12
BD.ADM2.00083,groundnuts_in_shell,2022,0.25175858,12
BD.ADM2.00083,groundnuts_in_shell,2023,0.39657749416666666,12
BD.ADM2.00083,groundnuts_in_shell,2024,0.39455788333333336,12
BD.ADM2.00083,maize_corn,2000,0.612324325,10
BD.ADM2.00083,maize_corn,2001,0.6153380933333333,12
BD.ADM2.00083,maize_corn,2002,0.6086203233333333,12
BD.ADM2.00083,maize_corn,2003,0.6094943641666667,12
BD.ADM2.00083,maize_corn,2004,0.6055622266666666,12
BD.ADM2.00083,maize_corn,2005,0.6142886625,12
BD.ADM2.00083,maize_corn,2006,0.62529338,12
BD.ADM2.00083,maize_corn,2007,0.59655129,12
BD.ADM2.00083,maize_corn,2008,0.60938563,12
BD.ADM2.00083,maize_corn,2009,0.6175160599999999,12
BD.ADM2.00083,maize_corn,2010,0.6183233808333334,12
BD.ADM2.00083,maize_corn,2011,0.6263846625,12
BD.ADM2.00083,maize_corn,2012,0.6054858049999999,12
BD.ADM2.00083,maize_corn,2013,0.63794505,12
BD.ADM2.00083,maize_corn,2014,0.6228800058333334,12
BD.ADM2.00083,maize_corn,2015,0.6354101766666667,12
BD.ADM2.00083,maize_corn,2016,0.6420744191666666,12
BD.ADM2.00083,maize_corn,2017,0.6378930008333333,12
BD.ADM2.00083,maize_corn,2018,0.6481818966666667,12
BD.ADM2.00083,maize_corn,2019,0.6423642975,12
BD.ADM2.00083,maize_corn,2020,0.6258638033333334,12
BD.ADM2.00083,maize_corn,2021,0.4031584625,12
BD.ADM2.00083,maize_corn,2022,0.41299539916666667,12
BD.ADM2.00083,maize_corn,2023,0.6485768641666666,12
BD.ADM2.00083,maize_corn,2024,0.6545654983333333,12
BD.ADM2.00083,rice_paddy,2000,0.221689309,10
BD.ADM2.00083,rice_paddy,2001,0.21632357866666665,12
BD.ADM2.00083,rice_paddy,2002,0.21263488666666666,12
BD.ADM2.00083,rice_paddy,2003,0.21651906841666668,12
BD.ADM2.00083,rice_paddy,2004,0.2025492316666667,12
BD.ADM2.00083,rice_paddy,2005,0.21509706250000002,12
BD.ADM2.00083,rice_paddy,2006,0.23062355033333334,12
BD.ADM2.00083,rice_paddy,2007,0.19901962875,12
BD.ADM2.00083,rice_paddy,2008,0.21571572083333335,12
BD.ADM2.00083,rice_paddy,2009,0.22652272458333333,12
BD.ADM2.00083,rice_paddy,2010,0.2272565675,12
BD.ADM2.00083,rice_paddy,2011,0.22943157875,12
BD.ADM2.00083,rice_paddy,2012,0.22017018833333335,12
BD.ADM2.00083,rice_paddy,2013,0.24721192666666666,12
BD.ADM2.00083,rice_paddy,2014,0.23149779466666665,12
BD.ADM2.00083,rice_paddy,2015,0.23912281333333332,12
BD.ADM2.00083,rice_paddy,2016,0.2513448946666667,12
BD.ADM2.00083,rice_paddy,2017,0.2451675575,12
BD.ADM2.00083,rice_paddy,2018,0.25602699033333337,12
BD.ADM2.00083,rice_paddy,2019,0.249418815,12
BD.ADM2.00083,rice_paddy,2020,0.23485177833333334,12
BD.ADM2.00083,rice_paddy,2021,0.21487728116666668,12
BD.ADM2.00083,rice_paddy,2022,0.22991542416666666,12
BD.ADM2.00083,rice_paddy,2023,0.2602762025,12
BD.ADM2.00083,rice_paddy,2024,0.2587281775,12
BD.ADM2.00083,soybean_unspecified,2000,0.247060452,10
BD.ADM2.00083,soybean_unspecified,2001,0.22992917333333332,12
BD.ADM2.00083,soybean_unspecified,2002,0.23839325749999998,12
BD.ADM2.00083,soybean_unspecified,2003,0.23225767066666667,12
BD.ADM2.00083,soybean_unspecified,2004,0.22618779033333333,12
BD.ADM2.00083,soybean_unspecified,2005,0.24276762291666668,12
BD.ADM2.00083,soybean_unspecified,2006,0.25281995916666666,12
BD.ADM2.00083,soybean_unspecified,2007,0.22772423466666666,12
BD.ADM2.00083,soybean_unspecified,2008,0.24397489333333333,12
BD.ADM2.00083,soybean_unspecified,2009,0.24138708033333334,12
BD.ADM2.00083,soybean_unspecified,2010,0.24521044416666668,12
BD.ADM2.00083,soybean_unspecified,2011,0.2372958433333333,12
BD.ADM2.00083,soybean_unspecified,2012,0.23439297333333334,12
BD.ADM2.00083,soybean_unspecified,2013,0.25082082875,12
BD.ADM2.00083,soybean_unspecified,2014,0.25285635666666667,12
BD.ADM2.00083,soybean_unspecified,2015,0.26888784,12
BD.ADM2.00083,soybean_unspecified,2016,0.28082862633333333,12
BD.ADM2.00083,soybean_unspecified,2017,0.2599858605,12
BD.ADM2.00083,soybean_unspecified,2018,0.27119612416666666,12
BD.ADM2.00083,soybean_unspecified,2019,0.27921849833333334,12
BD.ADM2.00083,soybean_unspecified,2020,0.25622996,12
BD.ADM2.00083,soybean_unspecified,2021,0.23669575133333332,12
BD.ADM2.00083,soybean_unspecified,2022,0.24347363083333332,12
BD.ADM2.00083,soybean_unspecified,2023,0.25895688833333336,12
BD.ADM2.00083,soybean_unspecified,2024,0.27251501916666665,12
BD.ADM2.00083,wheat_grain,2000,0.410023929,10
BD.ADM2.00083,wheat_grain,2001,0.4208813275,12
BD.ADM2.00083,wheat_grain,2002,0.40940331916666667,12
BD.ADM2.00083,wheat_grain,2003,0.40760059833333334,12
BD.ADM2.00083,wheat_grain,2004,0.3948088225,12
BD.ADM2.00083,wheat_grain,2005,0.407001975,12
BD.ADM2.00083,wheat_grain,2006,0.42459881499999996,12
BD.ADM2.00083,wheat_grain,2007,0.39739994166666665,12
BD.ADM2.00083,wheat_grain,2008,0.4032076216666667,12
BD.ADM2.00083,wheat_grain,2009,0.42360255083333337,12
BD.ADM2.00083,wheat_grain,2010,0.41029964416666664,12
BD.ADM2.00083,wheat_grain,2011,0.42075872583333335,12
BD.ADM2.00083,wheat_grain,2012,0.4048131533333333,12
BD.ADM2.00083,wheat_grain,2013,0.43592502583333337,12
BD.ADM2.00083,wheat_grain,2014,0.4252444266666667,12
BD.ADM2.00083,wheat_grain,2015,0.4317742283333333,12
BD.ADM2.00083,wheat_grain,2016,0.4356004508333333,12
BD.ADM2.00083,wheat_grain,2017,0.4299769883333333,12
BD.ADM2.00083,wheat_grain,2018,0.44028402833333335,12
BD.ADM2.00083,wheat_grain,2019,0.43965116083333333,12
BD.ADM2.00083,wheat_grain,2020,0.4205390583333333,12
BD.ADM2.00083,wheat_grain,2021,0.3396705033333333,12
BD.ADM2.00083,wheat_grain,2022,0.3538951908333334,12
BD.ADM2.00083,wheat_grain,2023,0.44938047500000006,12
BD.ADM2.00083,wheat_grain,2024,0.44880167083333333,12
BD.ADM2.00086,groundnuts_in_shell,2000,0.347755818,10
BD.ADM2.00086,groundnuts_in_shell,2001,0.30443962333333335,12
BD.ADM2.00086,groundnuts_in_shell,2002,0.318877585,12
BD.ADM2.00086,groundnuts_in_shell,2003,0.32465164916666667,12
BD.ADM2.00086,groundnuts_in_shell,2004,0.3205461566666667,12
BD.ADM2.00086,groundnuts_in_shell,2005,0.3261949866666667,12
BD.ADM2.00086,groundnuts_in_shell,2006,0.31358622166666666,12
BD.ADM2.00086,groundnuts_in_shell,2007,0.3241854341666667,12
BD.ADM2.00086,groundnuts_in_shell,2008,0.31185286416666663,12
BD.ADM2.00086,groundnuts_in_shell,2009,0.2996394508333333,12
BD.ADM2.00086,groundnuts_in_shell,2010,0.3073970716666667,12
BD.ADM2.00086,groundnuts_in_shell,2011,0.3129037058333333,12
BD.ADM2.00086,groundnuts_in_shell,2012,0.30716642666666666,12
BD.ADM2.00086,groundnuts_in_shell,2013,0.3120913175,12
BD.ADM2.00086,groundnuts_in_shell,2014,0.30648377833333335,12
BD.ADM2.00086,groundnuts_in_shell,2015,0.30402735333333336,12
BD.ADM2.00086,groundnuts_in_shell,2016,0.33024936083333334,12
BD.ADM2.00086,groundnuts_in_shell,2017,0.32895450416666666,12
BD.ADM2.00086,groundnuts_in_shell,2018,0.3171924116666667,12
BD.ADM2.00086,groundnuts_in_shell,2019,0.3199437041666667,12
BD.ADM2.00086,groundnuts_in_shell,2020,0.3268768125,12
BD.ADM2.00086,groundnuts_in_shell,2021,0.34185667000000003,12
BD.ADM2.00086,groundnuts_in_shell,2022,0.35356448999999995,12
BD.ADM2.00086,groundnuts_in_shell,2023,0.3322733975,12
BD.ADM2.00086,groundnuts_in_shell,2024,0.3375888658333333,12
BD.ADM2.00086,maize_corn,2000,0.34031811,10
BD.ADM2.00086,maize_corn,2001,0.30780432166666666,12
BD.ADM2.00086,maize_corn,2002,0.3112617425,12
BD.ADM2.00086,maize_corn,2003,0.32868691583333337,12
BD.ADM2.00086,maize_corn,2004,0.32368745250000003,12
BD.ADM2.00086,maize_corn,2005,0.3232005258333333,12
BD.ADM2.00086,maize_corn,2006,0.30704170166666667,12
BD.ADM2.00086,maize_corn,2007,0.3143149525,12
BD.ADM2.00086,maize_corn,2008,0.30481510500000003,12
BD.ADM2.00086,maize_corn,2009,0.30709343083333335,12
BD.ADM2.00086,maize_corn,2010,0.3130091425,12
BD.ADM2.00086,maize_corn,2011,0.3186042825,12
BD.ADM2.00086,maize_corn,2012,0.30253836500000003,12
BD.ADM2.00086,maize_corn,2013,0.3102928125,12
BD.ADM2.00086,maize_corn,2014,0.30560397833333336,12
BD.ADM2.00086,maize_corn,2015,0.2989414458333333,12
BD.ADM2.00086,maize_corn,2016,0.33611685166666666,12
BD.ADM2.00086,maize_corn,2017,0.3332673916666667,12
BD.ADM2.00086,maize_corn,2018,0.324055065,12
BD.ADM2.00086,maize_corn,2019,0.3297510225,12
BD.ADM2.00086,maize_corn,2020,0.329965935,12
BD.ADM2.00086,maize_corn,2021,0.3365060558333333,12
BD.ADM2.00086,maize_corn,2022,0.3508506,12
BD.ADM2.00086,maize_corn,2023,0.341544915,12
BD.ADM2.00086,maize_corn,2024,0.34767590416666666,12
BD.ADM2.00086,rice_paddy,2000,0.338980737,10
BD.ADM2.00086,rice_paddy,2001,0.3076505233333333,12
BD.ADM2.00086,rice_paddy,2002,0.31981520916666667,12
BD.ADM2.00086,rice_paddy,2003,0.3191022525,12
BD.ADM2.00086,rice_paddy,2004,0.3185306591666667,12
BD.ADM2.00086,rice_paddy,2005,0.31941195666666666,12
BD.ADM2.00086,rice_paddy,2006,0.31510304916666665,12
BD.ADM2.00086,rice_paddy,2007,0.31678082583333333,12
BD.ADM2.00086,rice_paddy,2008,0.3053826575,12
BD.ADM2.00086,rice_paddy,2009,0.29862211666666666,12
BD.ADM2.00086,rice_paddy,2010,0.306013745,12
BD.ADM2.00086,rice_paddy,2011,0.3081565875,12
BD.ADM2.00086,rice_paddy,2012,0.3028609225,12
BD.ADM2.00086,rice_paddy,2013,0.30711781416666667,12
BD.ADM2.00086,rice_paddy,2014,0.30734543333333336,12
BD.ADM2.00086,rice_paddy,2015,0.3043581325,12
BD.ADM2.00086,rice_paddy,2016,0.3229574941666667,12
BD.ADM2.00086,rice_paddy,2017,0.33015759083333335,12
BD.ADM2.00086,rice_paddy,2018,0.3126054025,12
BD.ADM2.00086,rice_paddy,2019,0.31438829416666664,12
BD.ADM2.00086,rice_paddy,2020,0.3291273475,12
BD.ADM2.00086,rice_paddy,2021,0.3416119891666667,12
BD.ADM2.00086,rice_paddy,2022,0.35472089,12
BD.ADM2.00086,rice_paddy,2023,0.32656103833333333,12
BD.ADM2.00086,rice_paddy,2024,0.33406874999999997,12
BD.ADM2.00086,soybean_unspecified,2000,0.358551371,10
BD.ADM2.00086,soybean_unspecified,2001,0.32578925666666664,12
BD.ADM2.00086,soybean_unspecified,2002,0.33910489583333336,12
BD.ADM2.00086,soybean_unspecified,2003,0.33967472000000004,12
BD.ADM2.00086,soybean_unspecified,2004,0.33333925416666665,12
BD.ADM2.00086,soybean_unspecified,2005,0.3350076016666667,12
BD.ADM2.00086,soybean_unspecified,2006,0.326442985,12
BD.ADM2.00086,soybean_unspecified,2007,0.3338666141666667,12
BD.ADM2.00086,soybean_unspecified,2008,0.3169004208333333,12
BD.ADM2.00086,soybean_unspecified,2009,0.3057950375,12
BD.ADM2.00086,soybean_unspecified,2010,0.31456533416666665,12
BD.ADM2.00086,soybean_unspecified,2011,0.32184425083333335,12
BD.ADM2.00086,soybean_unspecified,2012,0.31531078583333333,12
BD.ADM2.00086,soybean_unspecified,2013,0.31733227416666665,12
BD.ADM2.00086,soybean_unspecified,2014,0.31887156916666665,12
BD.ADM2.00086,soybean_unspecified,2015,0.31631085333333336,12
BD.ADM2.00086,soybean_unspecified,2016,0.3363967491666667,12
BD.ADM2.00086,soybean_unspecified,2017,0.3414605583333334,12
BD.ADM2.00086,soybean_unspecified,2018,0.3242856691666667,12
BD.ADM2.00086,soybean_unspecified,2019,0.32686132416666663,12
BD.ADM2.00086,soybean_unspecified,2020,0.3419107858333333,12
BD.ADM2.00086,soybean_unspecified,2021,0.3369652616666667,12
BD.ADM2.00086,soybean_unspecified,2022,0.3563918366666667,12
BD.ADM2.00086,soybean_unspecified,2023,0.33570929583333337,12
BD.ADM2.00086,soybean_unspecified,2024,0.3469402833333333,12
