stable_id,crop,year,sif_annual_mean,n_months
TH.ADM1.00001,rice,2000,0.228496964,10
TH.ADM1.00001,rice,2001,0.21925009166666667,12
TH.ADM1.00001,rice,2002,0.21564380916666667,12
TH.ADM1.00001,rice,2003,0.22368979749999998,12
TH.ADM1.00001,rice,2004,0.2090902,12
TH.ADM1.00001,rice,2005,0.20776770083333332,12
TH.ADM1.00001,rice,2006,0.1995155603333333,12
TH.ADM1.00001,rice,2007,0.21309185833333333,12
TH.ADM1.00001,rice,2008,0.2114627758333333,12
TH.ADM1.00001,rice,2009,0.21145099416666668,12
TH.ADM1.00001,rice,2010,0.19951439166666665,12
TH.ADM1.00001,rice,2011,0.19948490916666664,12
TH.ADM1.00001,rice,2012,0.22601815916666668,12
TH.ADM1.00001,rice,2013,0.21489445583333333,12
TH.ADM1.00001,rice,2014,0.21188801916666666,12
TH.ADM1.00001,rice,2015,0.19944137833333334,12
TH.ADM1.00001,rice,2016,0.18789434033333333,12
TH.ADM1.00001,rice,2017,0.21763336249999998,12
TH.ADM1.00001,rice,2018,0.2279596675,12
TH.ADM1.00001,rice,2019,0.21200893583333333,12
TH.ADM1.00001,rice,2020,0.19631241016666667,12
TH.ADM1.00001,rice,2021,0.20629599833333334,12
TH.ADM1.00001,rice,2022,0.20971491,12
TH.ADM1.00001,rice,2023,0.22057140833333333,12
TH.ADM1.00001,rice,2024,0.2328338675,12
TH.ADM1.00002,rice,2000,0.186910244,10
TH.ADM1.00002,rice,2001,0.18348382083333334,12
TH.ADM1.00002,rice,2002,0.185435723,12
TH.ADM1.00002,rice,2003,0.19702630416666667,12
TH.ADM1.00002,rice,2004,0.17969757083333335,12
TH.ADM1.00002,rice,2005,0.18024666916666665,12
TH.ADM1.00002,rice,2006,0.17690233291666668,12
TH.ADM1.00002,rice,2007,0.18344583666666667,12
TH.ADM1.00002,rice,2008,0.18507830083333332,12
TH.ADM1.00002,rice,2009,0.198460175,12
TH.ADM1.00002,rice,2010,0.18161828324999998,12
TH.ADM1.00002,rice,2011,0.1748618388333333,12
TH.ADM1.00002,rice,2012,0.20193941966666665,12
TH.ADM1.00002,rice,2013,0.18286806666666666,12
TH.ADM1.00002,rice,2014,0.1904542621666667,12
TH.ADM1.00002,rice,2015,0.18773614333333333,12
TH.ADM1.00002,rice,2016,0.16651826150000001,12
TH.ADM1.00002,rice,2017,0.19144307416666664,12
TH.ADM1.00002,rice,2018,0.20856699416666666,12
TH.ADM1.00002,rice,2019,0.20017594333333333,12
TH.ADM1.00002,rice,2020,0.19996568583333332,12
TH.ADM1.00002,rice,2021,0.19062972783333332,12
TH.ADM1.00002,rice,2022,0.19216209083333333,12
TH.ADM1.00002,rice,2023,0.19979409,12
TH.ADM1.00002,rice,2024,0.20686947583333334,12
TH.ADM1.00003,rice,2000,0.199644264,10
TH.ADM1.00003,rice,2001,0.20024765249999998,12
TH.ADM1.00003,rice,2002,0.20163516333333334,12
TH.ADM1.00003,rice,2003,0.20290709583333333,12
TH.ADM1.00003,rice,2004,0.19250639749999998,12
TH.ADM1.00003,rice,2005,0.19242422083333333,12
TH.ADM1.00003,rice,2006,0.19636786166666667,12
TH.ADM1.00003,rice,2007,0.199169505,12
TH.ADM1.00003,rice,2008,0.1923979375,12
TH.ADM1.00003,rice,2009,0.19873329166666664,12
TH.ADM1.00003,rice,2010,0.20343574,12
TH.ADM1.00003,rice,2011,0.19389662583333334,12
TH.ADM1.00003,rice,2012,0.2057067975,12
TH.ADM1.00003,rice,2013,0.20208757,12
TH.ADM1.00003,rice,2014,0.20143238583333334,12
TH.ADM1.00003,rice,2015,0.2011577925,12
TH.ADM1.00003,rice,2016,0.20075001416666668,12
TH.ADM1.00003,rice,2017,0.2113564341666667,12
TH.ADM1.00003,rice,2018,0.20506553916666667,12
TH.ADM1.00003,rice,2019,0.20411128666666667,12
TH.ADM1.00003,rice,2020,0.20842881666666668,12
TH.ADM1.00003,rice,2021,0.20569183916666667,12
TH.ADM1.00003,rice,2022,0.203891835,12
TH.ADM1.00003,rice,2023,0.1937925425,12
TH.ADM1.00003,rice,2024,0.20996070749999998,12
TH.ADM1.00004,rice,2000,0.182830245,10
TH.ADM1.00004,rice,2001,0.176713762,12
TH.ADM1.00004,rice,2002,0.17067772383333335,12
TH.ADM1.00004,rice,2003,0.17530459541666665,12
TH.ADM1.00004,rice,2004,0.15888238083333334,12
TH.ADM1.00004,rice,2005,0.16529912833333335,12
TH.ADM1.00004,rice,2006,0.17842732716666665,12
TH.ADM1.00004,rice,2007,0.17300658158333335,12
TH.ADM1.00004,rice,2008,0.17397155416666665,12
TH.ADM1.00004,rice,2009,0.18545019033333332,12
TH.ADM1.00004,rice,2010,0.18342154700000002,12
TH.ADM1.00004,rice,2011,0.1844230461666667,12
TH.ADM1.00004,rice,2012,0.19189318875000003,12
TH.ADM1.00004,rice,2013,0.18963624366666668,12
TH.ADM1.00004,rice,2014,0.19705036166666667,12
TH.ADM1.00004,rice,2015,0.1891758345,12
TH.ADM1.00004,rice,2016,0.19816671416666667,12
TH.ADM1.00004,rice,2017,0.20832836166666666,12
TH.ADM1.00004,rice,2018,0.20157968950000002,12
TH.ADM1.00004,rice,2019,0.19034621541666666,12
TH.ADM1.00004,rice,2020,0.20324687166666666,12
TH.ADM1.00004,rice,2021,0.21187591841666667,12
TH.ADM1.00004,rice,2022,0.20521405699999998,12
TH.ADM1.00004,rice,2023,0.20445070708333332,12
TH.ADM1.00004,rice,2024,0.209563943,12
TH.ADM1.00004,soybeans,2000,0.183896903,10
TH.ADM1.00004,soybeans,2001,0.17691406633333331,12
TH.ADM1.00004,soybeans,2002,0.17033333333333334,12
TH.ADM1.00004,soybeans,2003,0.17548413799999998,12
TH.ADM1.00004,soybeans,2004,0.1585727015,12
TH.ADM1.00004,soybeans,2005,0.16445554583333333,12
TH.ADM1.00004,soybeans,2006,0.17791399791666665,12
TH.ADM1.00004,soybeans,2007,0.17305721416666667,12
TH.ADM1.00004,soybeans,2008,0.17384417500000002,12
TH.ADM1.00004,soybeans,2009,0.18577817316666667,12
TH.ADM1.00004,soybeans,2010,0.18374692166666665,12
TH.ADM1.00004,soybeans,2011,0.18443500875,12
TH.ADM1.00004,soybeans,2012,0.19162387066666667,12
TH.ADM1.00004,soybeans,2013,0.18988162166666667,12
TH.ADM1.00004,soybeans,2014,0.19696486208333333,12
TH.ADM1.00004,soybeans,2015,0.18914945583333334,12
TH.ADM1.00004,soybeans,2016,0.19774307083333334,12
TH.ADM1.00004,soybeans,2017,0.2090594995,12
TH.ADM1.00004,soybeans,2018,0.20178749083333333,12
TH.ADM1.00004,soybeans,2019,0.18966459716666664,12
TH.ADM1.00004,soybeans,2020,0.20360511216666666,12
TH.ADM1.00004,soybeans,2021,0.21129583966666665,12
TH.ADM1.00004,soybeans,2022,0.20538425716666667,12
TH.ADM1.00004,soybeans,2023,0.20534798658333334,12
TH.ADM1.00004,soybeans,2024,0.20991305000000002,12
TH.ADM1.00005,rice,2000,0.172136143,10
TH.ADM1.00005,rice,2001,0.17094050583333334,12
TH.ADM1.00005,rice,2002,0.17100870591666664,12
TH.ADM1.00005,rice,2003,0.1671932305,12
TH.ADM1.00005,rice,2004,0.15556737666666667,12
TH.ADM1.00005,rice,2005,0.15799090241666666,12
TH.ADM1.00005,rice,2006,0.16694444666666666,12
TH.ADM1.00005,rice,2007,0.176673352,12
TH.ADM1.00005,rice,2008,0.16682688491666667,12
TH.ADM1.00005,rice,2009,0.18185204291666668,12
TH.ADM1.00005,rice,2010,0.18213900966666666,12
TH.ADM1.00005,rice,2011,0.16982112333333332,12
TH.ADM1.00005,rice,2012,0.18549586083333333,12
TH.ADM1.00005,rice,2013,0.17733983216666668,12
TH.ADM1.00005,rice,2014,0.18717005716666668,12
TH.ADM1.00005,rice,2015,0.15277585675,12
TH.ADM1.00005,rice,2016,0.16957494266666664,12
TH.ADM1.00005,rice,2017,0.186278048,12
TH.ADM1.00005,rice,2018,0.18233571333333332,12
TH.ADM1.00005,rice,2019,0.17007140625000003,12
TH.ADM1.00005,rice,2020,0.17005642125,12
TH.ADM1.00005,rice,2021,0.1785346225,12
TH.ADM1.00005,rice,2022,0.18182515124999998,12
TH.ADM1.00005,rice,2023,0.17775523258333334,12
TH.ADM1.00005,rice,2024,0.19383568958333333,12
TH.ADM1.00006,rice,2000,0.232759745,10
TH.ADM1.00006,rice,2001,0.22137495916666663,12
TH.ADM1.00006,rice,2002,0.22411902083333332,12
TH.ADM1.00006,rice,2003,0.2258752125,12
TH.ADM1.00006,rice,2004,0.2089659475,12
TH.ADM1.00006,rice,2005,0.2123356875,12
TH.ADM1.00006,rice,2006,0.20908827166666666,12
TH.ADM1.00006,rice,2007,0.21360565499999998,12
TH.ADM1.00006,rice,2008,0.21512748083333333,12
TH.ADM1.00006,rice,2009,0.22105224916666666,12
TH.ADM1.00006,rice,2010,0.2035019325,12
TH.ADM1.00006,rice,2011,0.2087223825,12
TH.ADM1.00006,rice,2012,0.22932687333333335,12
TH.ADM1.00006,rice,2013,0.22653462083333334,12
TH.ADM1.00006,rice,2014,0.212072645,12
TH.ADM1.00006,rice,2015,0.20493617416666665,12
TH.ADM1.00006,rice,2016,0.18881084166666665,12
TH.ADM1.00006,rice,2017,0.21839672416666667,12
TH.ADM1.00006,rice,2018,0.22754189833333335,12
TH.ADM1.00006,rice,2019,0.21214254749999997,12
TH.ADM1.00006,rice,2020,0.19354079450000003,12
TH.ADM1.00006,rice,2021,0.21220814166666666,12
TH.ADM1.00006,rice,2022,0.21181070833333335,12
TH.ADM1.00006,rice,2023,0.22489714000000002,12
TH.ADM1.00006,rice,2024,0.2295339705,12
TH.ADM1.00006,soybeans,2000,0.2488167685,10
TH.ADM1.00006,soybeans,2001,0.21300371866666667,12
TH.ADM1.00006,soybeans,2002,0.20036593666666666,12
TH.ADM1.00006,soybeans,2003,0.22130836750000002,12
TH.ADM1.00006,soybeans,2004,0.19726119583333335,12
TH.ADM1.00006,soybeans,2005,0.20225408225,12
TH.ADM1.00006,soybeans,2006,0.22911537166666665,12
TH.ADM1.00006,soybeans,2007,0.21203842166666667,12
TH.ADM1.00006,soybeans,2008,0.22292933333333334,12
TH.ADM1.00006,soybeans,2009,0.23179735383333333,12
TH.ADM1.00006,soybeans,2010,0.2115875125,12
TH.ADM1.00006,soybeans,2011,0.23763152166666668,12
TH.ADM1.00006,soybeans,2012,0.23198632500000002,12
TH.ADM1.00006,soybeans,2013,0.2414002425,12
TH.ADM1.00006,soybeans,2014,0.20852006833333334,12
TH.ADM1.00006,soybeans,2015,0.20607095166666667,12
TH.ADM1.00006,soybeans,2016,0.19149077158333336,12
TH.ADM1.00006,soybeans,2017,0.2432394566666667,12
TH.ADM1.00006,soybeans,2018,0.237507045,12
TH.ADM1.00006,soybeans,2019,0.19032499083333332,12
TH.ADM1.00006,soybeans,2020,0.19179019783333331,12
TH.ADM1.00006,soybeans,2021,0.21628884666666667,12
TH.ADM1.00006,soybeans,2022,0.23174356833333334,12
TH.ADM1.00006,soybeans,2023,0.21030400916666667,12
TH.ADM1.00006,soybeans,2024,0.214911945,12
TH.ADM1.00007,rice,2000,0.205045569,10
TH.ADM1.00007,rice,2001,0.19752425625,12
TH.ADM1.00007,rice,2002,0.18154073083333333,12
TH.ADM1.00007,rice,2003,0.19501844091666665,12
TH.ADM1.00007,rice,2004,0.17398679250000001,12
TH.ADM1.00007,rice,2005,0.18006081183333333,12
TH.ADM1.00007,rice,2006,0.19232169958333334,12
TH.ADM1.00007,rice,2007,0.18878113833333332,12
TH.ADM1.00007,rice,2008,0.19650821458333334,12
TH.ADM1.00007,rice,2009,0.20506388958333333,12
TH.ADM1.00007,rice,2010,0.19708810624999998,12
TH.ADM1.00007,rice,2011,0.20037328,12
TH.ADM1.00007,rice,2012,0.21046293783333336,12
TH.ADM1.00007,rice,2013,0.2006681151666667,12
TH.ADM1.00007,rice,2014,0.20060225583333335,12
TH.ADM1.00007,rice,2015,0.19665931883333335,12
TH.ADM1.00007,rice,2016,0.20166663299999998,12
TH.ADM1.00007,rice,2017,0.22196454883333336,12
TH.ADM1.00007,rice,2018,0.2191714121666667,12
TH.ADM1.00007,rice,2019,0.18977812000000002,12
TH.ADM1.00007,rice,2020,0.20867564591666665,12
TH.ADM1.00007,rice,2021,0.2050980325,12
TH.ADM1.00007,rice,2022,0.21278224083333333,12
TH.ADM1.00007,rice,2023,0.20916607291666667,12
TH.ADM1.00007,rice,2024,0.22109292375,12
TH.ADM1.00007,soybeans,2000,0.220298251,10
TH.ADM1.00007,soybeans,2001,0.20423561291666667,12
TH.ADM1.00007,soybeans,2002,0.1911293575,12
TH.ADM1.00007,soybeans,2003,0.20233426349999997,12
TH.ADM1.00007,soybeans,2004,0.17828111675,12
TH.ADM1.00007,soybeans,2005,0.18659149408333334,12
TH.ADM1.00007,soybeans,2006,0.20440607349999998,12
TH.ADM1.00007,soybeans,2007,0.19640886625,12
TH.ADM1.00007,soybeans,2008,0.20873820366666665,12
TH.ADM1.00007,soybeans,2009,0.21630717383333334,12
TH.ADM1.00007,soybeans,2010,0.20783535833333333,12
TH.ADM1.00007,soybeans,2011,0.21212680508333334,12
TH.ADM1.00007,soybeans,2012,0.21973694,12
TH.ADM1.00007,soybeans,2013,0.21315501533333334,12
TH.ADM1.00007,soybeans,2014,0.2106387825,12
TH.ADM1.00007,soybeans,2015,0.20521792083333334,12
TH.ADM1.00007,soybeans,2016,0.21120308583333333,12
TH.ADM1.00007,soybeans,2017,0.233715955,12
TH.ADM1.00007,soybeans,2018,0.22896164533333332,12
TH.ADM1.00007,soybeans,2019,0.2000307099166667,12
TH.ADM1.00007,soybeans,2020,0.21805521208333334,12
TH.ADM1.00007,soybeans,2021,0.2184437775,12
TH.ADM1.00007,soybeans,2022,0.22580890916666665,12
TH.ADM1.00007,soybeans,2023,0.22005488466666667,12
TH.ADM1.00007,soybeans,2024,0.23083897916666665,12
TH.ADM1.00008,rice,2000,0.373721399,10
TH.ADM1.00008,rice,2001,0.3663924916666667,12
TH.ADM1.00008,rice,2002,0.351415615,12
TH.ADM1.00008,rice,2003,0.3616088708333333,12
TH.ADM1.00008,rice,2004,0.34934575166666665,12
TH.ADM1.00008,rice,2005,0.35208513,12
TH.ADM1.00008,rice,2006,0.3653195208333333,12
TH.ADM1.00008,rice,2007,0.36229026,12
TH.ADM1.00008,rice,2008,0.3660631916666666,12
TH.ADM1.00008,rice,2009,0.366260515,12
TH.ADM1.00008,rice,2010,0.37248321,12
TH.ADM1.00008,rice,2011,0.3673245508333333,12
TH.ADM1.00008,rice,2012,0.3884430466666667,12
TH.ADM1.00008,rice,2013,0.3889062758333333,12
TH.ADM1.00008,rice,2014,0.3784795916666666,12
TH.ADM1.00008,rice,2015,0.37592647083333336,12
TH.ADM1.00008,rice,2016,0.3832859883333333,12
TH.ADM1.00008,rice,2017,0.3916862075,12
TH.ADM1.00008,rice,2018,0.39486926250000004,12
TH.ADM1.00008,rice,2019,0.4353000966666667,12
TH.ADM1.00008,rice,2020,0.43178040666666667,12
TH.ADM1.00008,rice,2021,0.32083864833333336,12
TH.ADM1.00008,rice,2022,0.32467758083333337,12
TH.ADM1.00008,rice,2023,0.42848851,12
TH.ADM1.00008,rice,2024,0.437813875,12
TH.ADM1.00008,soybeans,2000,0.300443173,10
TH.ADM1.00008,soybeans,2001,0.27797291541666663,12
TH.ADM1.00008,soybeans,2002,0.2747403661666667,12
TH.ADM1.00008,soybeans,2003,0.2842016220833333,12
TH.ADM1.00008,soybeans,2004,0.23762212883333333,12
TH.ADM1.00008,soybeans,2005,0.25029138491666664,12
TH.ADM1.00008,soybeans,2006,0.2842587816666667,12
TH.ADM1.00008,soybeans,2007,0.26833535583333334,12
TH.ADM1.00008,soybeans,2008,0.25895943875,12
TH.ADM1.00008,soybeans,2009,0.2648131108333333,12
TH.ADM1.00008,soybeans,2010,0.2678459183333333,12
TH.ADM1.00008,soybeans,2011,0.27066221458333334,12
TH.ADM1.00008,soybeans,2012,0.27787749,12
TH.ADM1.00008,soybeans,2013,0.28205853,12
TH.ADM1.00008,soybeans,2014,0.2748426508333333,12
TH.ADM1.00008,soybeans,2015,0.2723837025,12
TH.ADM1.00008,soybeans,2016,0.272551405,12
TH.ADM1.00008,soybeans,2017,0.2894657566666667,12
TH.ADM1.00008,soybeans,2018,0.2965889875,12
TH.ADM1.00008,soybeans,2019,0.28290925,12
TH.ADM1.00008,soybeans,2020,0.28279442250000003,12
TH.ADM1.00008,soybeans,2021,0.26749175666666664,12
TH.ADM1.00008,soybeans,2022,0.2747408433333333,12
TH.ADM1.00008,soybeans,2023,0.29169847083333333,12
TH.ADM1.00008,soybeans,2024,0.2974309591666667,12
TH.ADM1.00009,rice,2000,0.275017028,10
TH.ADM1.00009,rice,2001,0.2552171625,12
TH.ADM1.00009,rice,2002,0.2507190316666667,12
TH.ADM1.00009,rice,2003,0.25812237583333336,12
TH.ADM1.00009,rice,2004,0.2358534025,12
TH.ADM1.00009,rice,2005,0.2395252125,12
TH.ADM1.00009,rice,2006,0.25782556500000003,12
TH.ADM1.00009,rice,2007,0.24923492866666666,12
TH.ADM1.00009,rice,2008,0.25985240833333334,12
TH.ADM1.00009,rice,2009,0.250595737,12
TH.ADM1.00009,rice,2010,0.23334166416666666,12
TH.ADM1.00009,rice,2011,0.2660181933333334,12
TH.ADM1.00009,rice,2012,0.25700486,12
TH.ADM1.00009,rice,2013,0.25566174,12
TH.ADM1.00009,rice,2014,0.25263193083333335,12
TH.ADM1.00009,rice,2015,0.24467429166666665,12
TH.ADM1.00009,rice,2016,0.24741758,12
TH.ADM1.00009,rice,2017,0.26658328833333333,12
TH.ADM1.00009,rice,2018,0.26974281083333335,12
TH.ADM1.00009,rice,2019,0.2556498825,12
TH.ADM1.00009,rice,2020,0.2491644275,12
TH.ADM1.00009,rice,2021,0.26671370666666666,12
TH.ADM1.00009,rice,2022,0.2781397616666667,12
TH.ADM1.00009,rice,2023,0.2631178475,12
TH.ADM1.00009,rice,2024,0.2710368025,12
TH.ADM1.00009,soybeans,2000,0.260880828,10
TH.ADM1.00009,soybeans,2001,0.2474090775,12
TH.ADM1.00009,soybeans,2002,0.23921868083333334,12
TH.ADM1.00009,soybeans,2003,0.2391832458333333,12
TH.ADM1.00009,soybeans,2004,0.2425126165,12
TH.ADM1.00009,soybeans,2005,0.23055832,12
TH.ADM1.00009,soybeans,2006,0.25017169,12
TH.ADM1.00009,soybeans,2007,0.24176928916666665,12
TH.ADM1.00009,soybeans,2008,0.249900535,12
TH.ADM1.00009,soybeans,2009,0.23743535500000001,12
TH.ADM1.00009,soybeans,2010,0.2348385225,12
TH.ADM1.00009,soybeans,2011,0.26849241916666666,12
TH.ADM1.00009,soybeans,2012,0.251882767,12
TH.ADM1.00009,soybeans,2013,0.248778665,12
TH.ADM1.00009,soybeans,2014,0.243271205,12
TH.ADM1.00009,soybeans,2015,0.23000517333333334,12
TH.ADM1.00009,soybeans,2016,0.24441621741666666,12
TH.ADM1.00009,soybeans,2017,0.26658924333333334,12
TH.ADM1.00009,soybeans,2018,0.2655526691666667,12
TH.ADM1.00009,soybeans,2019,0.24698165000000002,12
TH.ADM1.00009,soybeans,2020,0.253920955,12
TH.ADM1.00009,soybeans,2021,0.24591437333333332,12
TH.ADM1.00009,soybeans,2022,0.2606981675,12
TH.ADM1.00009,soybeans,2023,0.267161565,12
TH.ADM1.00009,soybeans,2024,0.27033486916666666,12
TH.ADM1.00010,rice,2000,0.24501747799999998,10
TH.ADM1.00010,rice,2001,0.22163162,12
TH.ADM1.00010,rice,2002,0.22989905916666667,12
TH.ADM1.00010,rice,2003,0.22569529666666666,12
TH.ADM1.00010,rice,2004,0.20393730166666665,12
TH.ADM1.00010,rice,2005,0.2123581055,12
TH.ADM1.00010,rice,2006,0.22674779375,12
TH.ADM1.00010,rice,2007,0.218534143,12
TH.ADM1.00010,rice,2008,0.2283275745,12
TH.ADM1.00010,rice,2009,0.21783158916666667,12
TH.ADM1.00010,rice,2010,0.20429766541666664,12
TH.ADM1.00010,rice,2011,0.232612335,12
TH.ADM1.00010,rice,2012,0.23294995966666668,12
TH.ADM1.00010,rice,2013,0.22793621549999998,12
TH.ADM1.00010,rice,2014,0.23089990041666666,12
TH.ADM1.00010,rice,2015,0.22696616491666666,12
TH.ADM1.00010,rice,2016,0.22406616499999998,12
TH.ADM1.00010,rice,2017,0.243228735,12
TH.ADM1.00010,rice,2018,0.2502663408333334,12
TH.ADM1.00010,rice,2019,0.22597231583333333,12
TH.ADM1.00010,rice,2020,0.224175181,12
TH.ADM1.00010,rice,2021,0.2501715863333333,12
TH.ADM1.00010,rice,2022,0.2647619175,12
TH.ADM1.00010,rice,2023,0.22970574750000003,12
TH.ADM1.00010,rice,2024,0.23798574583333332,12
TH.ADM1.00010,soybeans,2000,0.25723861800000003,10
TH.ADM1.00010,soybeans,2001,0.23220420916666665,12
TH.ADM1.00010,soybeans,2002,0.24121919208333334,12
TH.ADM1.00010,soybeans,2003,0.23494676,12
TH.ADM1.00010,soybeans,2004,0.21241552291666665,12
TH.ADM1.00010,soybeans,2005,0.22156290175,12
TH.ADM1.00010,soybeans,2006,0.2372435025,12
TH.ADM1.00010,soybeans,2007,0.22799911416666666,12
TH.ADM1.00010,soybeans,2008,0.23840155041666666,12
TH.ADM1.00010,soybeans,2009,0.22564803833333333,12
TH.ADM1.00010,soybeans,2010,0.21289046450000002,12
TH.ADM1.00010,soybeans,2011,0.24379721458333334,12
TH.ADM1.00010,soybeans,2012,0.243032515,12
TH.ADM1.00010,soybeans,2013,0.23833583833333336,12
TH.ADM1.00010,soybeans,2014,0.24458355499999998,12
TH.ADM1.00010,soybeans,2015,0.24248224666666665,12
TH.ADM1.00010,soybeans,2016,0.23706313999999998,12
TH.ADM1.00010,soybeans,2017,0.2599711025,12
TH.ADM1.00010,soybeans,2018,0.26527161833333335,12
TH.ADM1.00010,soybeans,2019,0.24219539,12
TH.ADM1.00010,soybeans,2020,0.23737408041666666,12
TH.ADM1.00010,soybeans,2021,0.25687377,12
TH.ADM1.00010,soybeans,2022,0.2731754425,12
TH.ADM1.00010,soybeans,2023,0.24338011583333333,12
TH.ADM1.00010,soybeans,2024,0.2497456025,12
TH.ADM1.00011,rice,2000,0.237588274,10
TH.ADM1.00011,rice,2001,0.22105303166666668,12
TH.ADM1.00011,rice,2002,0.22391564216666668,12
TH.ADM1.00011,rice,2003,0.22026216166666668,12
TH.ADM1.00011,rice,2004,0.20765395833333333,12
TH.ADM1.00011,rice,2005,0.20605607700000003,12
TH.ADM1.00011,rice,2006,0.21963612583333333,12
TH.ADM1.00011,rice,2007,0.21197904,12
TH.ADM1.00011,rice,2008,0.20954935,12
TH.ADM1.00011,rice,2009,0.21940150033333336,12
TH.ADM1.00011,rice,2010,0.23017554666666665,12
TH.ADM1.00011,rice,2011,0.21926162416666664,12
TH.ADM1.00011,rice,2012,0.22782470833333335,12
TH.ADM1.00011,rice,2013,0.2330406458333333,12
TH.ADM1.00011,rice,2014,0.2176853116666667,12
TH.ADM1.00011,rice,2015,0.21513872999999997,12
TH.ADM1.00011,rice,2016,0.22003897083333332,12
TH.ADM1.00011,rice,2017,0.23456338666666665,12
TH.ADM1.00011,rice,2018,0.23541725,12
TH.ADM1.00011,rice,2019,0.22624823166666666,12
TH.ADM1.00011,rice,2020,0.22644135083333336,12
TH.ADM1.00011,rice,2021,0.22853104083333334,12
TH.ADM1.00011,rice,2022,0.23916478166666666,12
TH.ADM1.00011,rice,2023,0.22427184249999998,12
TH.ADM1.00011,rice,2024,0.23516241083333334,12
TH.ADM1.00012,rice,2000,0.46949527599999996,10
TH.ADM1.00012,rice,2001,0.4602537625,12
TH.ADM1.00012,rice,2002,0.4559788525,12
TH.ADM1.00012,rice,2003,0.45796513,12
TH.ADM1.00012,rice,2004,0.45064645333333336,12
TH.ADM1.00012,rice,2005,0.450503055,12
TH.ADM1.00012,rice,2006,0.4693656408333333,12
TH.ADM1.00012,rice,2007,0.45940721,12
TH.ADM1.00012,rice,2008,0.4736892533333333,12
TH.ADM1.00012,rice,2009,0.47846029250000005,12
TH.ADM1.00012,rice,2010,0.48104311666666666,12
TH.ADM1.00012,rice,2011,0.48393672583333336,12
TH.ADM1.00012,rice,2012,0.4954378375,12
TH.ADM1.00012,rice,2013,0.5031531691666666,12
TH.ADM1.00012,rice,2014,0.4826888175,12
TH.ADM1.00012,rice,2015,0.4971104525,12
TH.ADM1.00012,rice,2016,0.49625136666666664,12
TH.ADM1.00012,rice,2017,0.49873217833333333,12
TH.ADM1.00012,rice,2018,0.5022042666666667,12
TH.ADM1.00012,rice,2019,0.5014351691666666,12
TH.ADM1.00012,rice,2020,0.4957459516666667,12
TH.ADM1.00012,rice,2021,1.0491080833333333,12
TH.ADM1.00012,rice,2022,1.0565524833333333,12
TH.ADM1.00012,rice,2023,0.4764523358333333,12
TH.ADM1.00012,rice,2024,0.48135786750000004,12
TH.ADM1.00013,rice,2000,0.1870082966,10
TH.ADM1.00013,rice,2001,0.17171187966666668,12
TH.ADM1.00013,rice,2002,0.1792093775,12
TH.ADM1.00013,rice,2003,0.1718103666666667,12
TH.ADM1.00013,rice,2004,0.16250914083333332,12
TH.ADM1.00013,rice,2005,0.16561455441666667,12
TH.ADM1.00013,rice,2006,0.17850087550000002,12
TH.ADM1.00013,rice,2007,0.17348387375,12
TH.ADM1.00013,rice,2008,0.18401951241666667,12
TH.ADM1.00013,rice,2009,0.18424531541666667,12
TH.ADM1.00013,rice,2010,0.18468378666666665,12
TH.ADM1.00013,rice,2011,0.18460190125,12
TH.ADM1.00013,rice,2012,0.20241910916666664,12
TH.ADM1.00013,rice,2013,0.19026124875000003,12
TH.ADM1.00013,rice,2014,0.2025786225,12
TH.ADM1.00013,rice,2015,0.19610644124999999,12
TH.ADM1.00013,rice,2016,0.20307496333333333,12
TH.ADM1.00013,rice,2017,0.20445835583333336,12
TH.ADM1.00013,rice,2018,0.20538921,12
TH.ADM1.00013,rice,2019,0.21291887541666665,12
TH.ADM1.00013,rice,2020,0.22822045800000001,12
TH.ADM1.00013,rice,2021,0.23430964666666665,12
TH.ADM1.00013,rice,2022,0.22770377033333333,12
TH.ADM1.00013,rice,2023,0.21482027283333335,12
TH.ADM1.00013,rice,2024,0.2309355,12
TH.ADM1.00013,soybeans,2000,0.1914734525,10
TH.ADM1.00013,soybeans,2001,0.17678268891666668,12
TH.ADM1.00013,soybeans,2002,0.18264977533333335,12
TH.ADM1.00013,soybeans,2003,0.1756173103333333,12
TH.ADM1.00013,soybeans,2004,0.1659346625,12
TH.ADM1.00013,soybeans,2005,0.16774424125,12
TH.ADM1.00013,soybeans,2006,0.18167019574999999,12
TH.ADM1.00013,soybeans,2007,0.17553549416666667,12
TH.ADM1.00013,soybeans,2008,0.18659213858333334,12
TH.ADM1.00013,soybeans,2009,0.18644705208333334,12
TH.ADM1.00013,soybeans,2010,0.18724359633333332,12
TH.ADM1.00013,soybeans,2011,0.18962304666666666,12
TH.ADM1.00013,soybeans,2012,0.20284781258333331,12
TH.ADM1.00013,soybeans,2013,0.19355317783333334,12
TH.ADM1.00013,soybeans,2014,0.2055773829166667,12
TH.ADM1.00013,soybeans,2015,0.19812831341666667,12
TH.ADM1.00013,soybeans,2016,0.20572003333333333,12
TH.ADM1.00013,soybeans,2017,0.2115563208333333,12
TH.ADM1.00013,soybeans,2018,0.21039155666666667,12
TH.ADM1.00013,soybeans,2019,0.2098028425,12
TH.ADM1.00013,soybeans,2020,0.223398705,12
TH.ADM1.00013,soybeans,2021,0.23441763916666666,12
TH.ADM1.00013,soybeans,2022,0.22690501166666666,12
TH.ADM1.00013,soybeans,2023,0.21327540616666665,12
TH.ADM1.00013,soybeans,2024,0.22662177549999998,12
TH.ADM1.00014,rice,2000,0.22175254500000002,10
TH.ADM1.00014,rice,2001,0.21171952666666669,12
TH.ADM1.00014,rice,2002,0.20655381366666667,12
TH.ADM1.00014,rice,2003,0.21383190416666667,12
TH.ADM1.00014,rice,2004,0.19731272416666668,12
TH.ADM1.00014,rice,2005,0.20207509033333335,12
TH.ADM1.00014,rice,2006,0.20880197874999998,12
TH.ADM1.00014,rice,2007,0.20191195166666667,12
TH.ADM1.00014,rice,2008,0.21293310750000002,12
TH.ADM1.00014,rice,2009,0.21524297333333334,12
TH.ADM1.00014,rice,2010,0.20656260333333332,12
TH.ADM1.00014,rice,2011,0.21634470083333335,12
TH.ADM1.00014,rice,2012,0.22520416083333336,12
TH.ADM1.00014,rice,2013,0.21836850083333334,12
TH.ADM1.00014,rice,2014,0.21509906383333333,12
TH.ADM1.00014,rice,2015,0.20711542366666666,12
TH.ADM1.00014,rice,2016,0.2050692875,12
TH.ADM1.00014,rice,2017,0.22481545,12
TH.ADM1.00014,rice,2018,0.2302063158333333,12
TH.ADM1.00014,rice,2019,0.22039636883333333,12
TH.ADM1.00014,rice,2020,0.21160028466666667,12
TH.ADM1.00014,rice,2021,0.21486819499999998,12
TH.ADM1.00014,rice,2022,0.2220362783333333,12
TH.ADM1.00014,rice,2023,0.21709531125,12
TH.ADM1.00014,rice,2024,0.23491557166666666,12
TH.ADM1.00014,soybeans,2000,0.236432488,10
TH.ADM1.00014,soybeans,2001,0.21838724750000002,12
TH.ADM1.00014,soybeans,2002,0.21447914633333331,12
TH.ADM1.00014,soybeans,2003,0.22434567000000002,12
TH.ADM1.00014,soybeans,2004,0.20612840124999998,12
TH.ADM1.00014,soybeans,2005,0.21009402166666666,12
TH.ADM1.00014,soybeans,2006,0.21874937166666666,12
TH.ADM1.00014,soybeans,2007,0.20975957833333334,12
TH.ADM1.00014,soybeans,2008,0.22346966166666668,12
TH.ADM1.00014,soybeans,2009,0.22441583166666668,12
TH.ADM1.00014,soybeans,2010,0.21212740666666666,12
TH.ADM1.00014,soybeans,2011,0.22678164666666667,12
TH.ADM1.00014,soybeans,2012,0.22952016083333335,12
TH.ADM1.00014,soybeans,2013,0.22410928458333332,12
TH.ADM1.00014,soybeans,2014,0.22079347883333333,12
TH.ADM1.00014,soybeans,2015,0.211123403,12
TH.ADM1.00014,soybeans,2016,0.21292661291666667,12
TH.ADM1.00014,soybeans,2017,0.23098721541666667,12
TH.ADM1.00014,soybeans,2018,0.23298264583333336,12
TH.ADM1.00014,soybeans,2019,0.21947833416666665,12
TH.ADM1.00014,soybeans,2020,0.20983559408333333,12
TH.ADM1.00014,soybeans,2021,0.21589411583333332,12
TH.ADM1.00014,soybeans,2022,0.2268144841666667,12
TH.ADM1.00014,soybeans,2023,0.2160904275,12
TH.ADM1.00014,soybeans,2024,0.23723734833333332,12
TH.ADM1.00015,rice,2000,0.256074466,10
TH.ADM1.00015,rice,2001,0.219670548,12
TH.ADM1.00015,rice,2002,0.21842874083333333,12
TH.ADM1.00015,rice,2003,0.2334298016666667,12
TH.ADM1.00015,rice,2004,0.20394674583333336,12
TH.ADM1.00015,rice,2005,0.21304790166666665,12
TH.ADM1.00015,rice,2006,0.23940976,12
TH.ADM1.00015,rice,2007,0.2286373075,12
TH.ADM1.00015,rice,2008,0.23797865666666665,12
TH.ADM1.00015,rice,2009,0.24045251783333332,12
TH.ADM1.00015,rice,2010,0.2308761258333333,12
TH.ADM1.00015,rice,2011,0.24475049000000001,12
TH.ADM1.00015,rice,2012,0.23548139633333331,12
TH.ADM1.00015,rice,2013,0.24670586791666668,12
TH.ADM1.00015,rice,2014,0.22734394925,12
TH.ADM1.00015,rice,2015,0.2216342941666667,12
TH.ADM1.00015,rice,2016,0.22007396333333332,12
TH.ADM1.00015,rice,2017,0.2537768125,12
TH.ADM1.00015,rice,2018,0.25938503083333336,12
TH.ADM1.00015,rice,2019,0.23059923666666668,12
TH.ADM1.00015,rice,2020,0.22874303699999998,12
TH.ADM1.00015,rice,2021,0.24369883125,12
TH.ADM1.00015,rice,2022,0.25643212,12
TH.ADM1.00015,rice,2023,0.23199937916666666,12
TH.ADM1.00015,rice,2024,0.2434583725,12
TH.ADM1.00015,soybeans,2000,0.37897179,10
TH.ADM1.00015,soybeans,2001,0.36283151249999995,12
TH.ADM1.00015,soybeans,2002,0.3421874183333333,12
TH.ADM1.00015,soybeans,2003,0.3686,12
TH.ADM1.00015,soybeans,2004,0.336034465,12
TH.ADM1.00015,soybeans,2005,0.33088624333333333,12
TH.ADM1.00015,soybeans,2006,0.36921356499999997,12
TH.ADM1.00015,soybeans,2007,0.34075090583333334,12
TH.ADM1.00015,soybeans,2008,0.34505807916666664,12
TH.ADM1.00015,soybeans,2009,0.3635442675,12
TH.ADM1.00015,soybeans,2010,0.3396389716666666,12
TH.ADM1.00015,soybeans,2011,0.3713916883333333,12
TH.ADM1.00015,soybeans,2012,0.3536252858333333,12
TH.ADM1.00015,soybeans,2013,0.35745318666666664,12
TH.ADM1.00015,soybeans,2014,0.35365087,12
TH.ADM1.00015,soybeans,2015,0.37193007250000004,12
TH.ADM1.00015,soybeans,2016,0.35133865833333333,12
TH.ADM1.00015,soybeans,2017,0.3936052241666667,12
TH.ADM1.00015,soybeans,2018,0.375969585,12
TH.ADM1.00015,soybeans,2019,0.36162282,12
TH.ADM1.00015,soybeans,2020,0.36325174083333334,12
TH.ADM1.00015,soybeans,2021,0.3924926041666667,12
TH.ADM1.00015,soybeans,2022,0.3992407416666666,12
TH.ADM1.00015,soybeans,2023,0.37738557916666665,12
TH.ADM1.00015,soybeans,2024,0.37841680916666665,12
TH.ADM1.00016,rice,2000,0.204617606,10
TH.ADM1.00016,rice,2001,0.19206869208333333,12
TH.ADM1.00016,rice,2002,0.18619015083333335,12
TH.ADM1.00016,rice,2003,0.19057277625000002,12
TH.ADM1.00016,rice,2004,0.1785886866666667,12
TH.ADM1.00016,rice,2005,0.18238456541666667,12
TH.ADM1.00016,rice,2006,0.18968403966666667,12
TH.ADM1.00016,rice,2007,0.18901735041666667,12
TH.ADM1.00016,rice,2008,0.19627559541666664,12
TH.ADM1.00016,rice,2009,0.20345320083333332,12
TH.ADM1.00016,rice,2010,0.19949454583333334,12
TH.ADM1.00016,rice,2011,0.20030223916666667,12
TH.ADM1.00016,rice,2012,0.2084423155,12
TH.ADM1.00016,rice,2013,0.19617380674999998,12
TH.ADM1.00016,rice,2014,0.20743472924999998,12
TH.ADM1.00016,rice,2015,0.19918992541666666,12
TH.ADM1.00016,rice,2016,0.20393563658333333,12
TH.ADM1.00016,rice,2017,0.21965969124999998,12
TH.ADM1.00016,rice,2018,0.21849519166666664,12
TH.ADM1.00016,rice,2019,0.19657971583333333,12
TH.ADM1.00016,rice,2020,0.21735078500000002,12
TH.ADM1.00016,rice,2021,0.22537137333333335,12
TH.ADM1.00016,rice,2022,0.22320301833333334,12
TH.ADM1.00016,rice,2023,0.21617606625,12
TH.ADM1.00016,rice,2024,0.224005531,12
TH.ADM1.00016,soybeans,2000,0.20174345300000002,10
TH.ADM1.00016,soybeans,2001,0.18673394333333335,12
TH.ADM1.00016,soybeans,2002,0.1829237095,12
TH.ADM1.00016,soybeans,2003,0.186464135,12
TH.ADM1.00016,soybeans,2004,0.1734688895833333,12
TH.ADM1.00016,soybeans,2005,0.17645093008333335,12
TH.ADM1.00016,soybeans,2006,0.18544585833333335,12
TH.ADM1.00016,soybeans,2007,0.18444072958333335,12
TH.ADM1.00016,soybeans,2008,0.19315924283333333,12
TH.ADM1.00016,soybeans,2009,0.19905984666666665,12
TH.ADM1.00016,soybeans,2010,0.19670003125000002,12
TH.ADM1.00016,soybeans,2011,0.19795832916666667,12
TH.ADM1.00016,soybeans,2012,0.20400841825000002,12
TH.ADM1.00016,soybeans,2013,0.1922653625,12
TH.ADM1.00016,soybeans,2014,0.20366925516666667,12
TH.ADM1.00016,soybeans,2015,0.19537315958333334,12
TH.ADM1.00016,soybeans,2016,0.20119076624999999,12
TH.ADM1.00016,soybeans,2017,0.21833395583333334,12
TH.ADM1.00016,soybeans,2018,0.21464838216666668,12
TH.ADM1.00016,soybeans,2019,0.191767575,12
TH.ADM1.00016,soybeans,2020,0.21254849541666665,12
TH.ADM1.00016,soybeans,2021,0.21857748216666664,12
TH.ADM1.00016,soybeans,2022,0.21733882383333333,12
TH.ADM1.00016,soybeans,2023,0.21325249833333335,12
TH.ADM1.00016,soybeans,2024,0.2202318025,12
TH.ADM1.00017,rice,2000,0.41132918399999996,10
TH.ADM1.00017,rice,2001,0.41308589916666666,12
TH.ADM1.00017,rice,2002,0.40556369750000004,12
TH.ADM1.00017,rice,2003,0.41421786,12
TH.ADM1.00017,rice,2004,0.41081668416666667,12
TH.ADM1.00017,rice,2005,0.41322794916666666,12
TH.ADM1.00017,rice,2006,0.4289802583333333,12
TH.ADM1.00017,rice,2007,0.42783097999999997,12
TH.ADM1.00017,rice,2008,0.44126247,12
TH.ADM1.00017,rice,2009,0.4471845758333333,12
TH.ADM1.00017,rice,2010,0.44193967333333334,12
TH.ADM1.00017,rice,2011,0.45065392083333333,12
TH.ADM1.00017,rice,2012,0.4440885491666667,12
TH.ADM1.00017,rice,2013,0.4501465908333333,12
TH.ADM1.00017,rice,2014,0.443723345,12
TH.ADM1.00017,rice,2015,0.4445657075,12
TH.ADM1.00017,rice,2016,0.44057548916666667,12
TH.ADM1.00017,rice,2017,0.4613803575,12
TH.ADM1.00017,rice,2018,0.45560877,12
TH.ADM1.00017,rice,2019,0.45501168750000004,12
TH.ADM1.00017,rice,2020,0.45450847666666666,12
TH.ADM1.00017,rice,2021,0.42040613416666667,12
TH.ADM1.00017,rice,2022,0.42571044583333334,12
TH.ADM1.00017,rice,2023,0.4461587166666667,12
TH.ADM1.00017,rice,2024,0.44870339666666664,12
TH.ADM1.00018,rice,2000,0.2803147006,10
TH.ADM1.00018,rice,2001,0.264806315,12
TH.ADM1.00018,rice,2002,0.259039633,12
TH.ADM1.00018,rice,2003,0.25831678750000003,12
TH.ADM1.00018,rice,2004,0.22894180458333335,12
TH.ADM1.00018,rice,2005,0.23812697408333336,12
TH.ADM1.00018,rice,2006,0.2566298975,12
TH.ADM1.00018,rice,2007,0.24867410283333333,12
TH.ADM1.00018,rice,2008,0.2521565316666667,12
TH.ADM1.00018,rice,2009,0.25221764666666663,12
TH.ADM1.00018,rice,2010,0.23207308216666667,12
TH.ADM1.00018,rice,2011,0.2756256866666667,12
TH.ADM1.00018,rice,2012,0.26455476,12
TH.ADM1.00018,rice,2013,0.26119895083333333,12
TH.ADM1.00018,rice,2014,0.25520862375000003,12
TH.ADM1.00018,rice,2015,0.2435511191666667,12
TH.ADM1.00018,rice,2016,0.2561170096666667,12
TH.ADM1.00018,rice,2017,0.2843992083333333,12
TH.ADM1.00018,rice,2018,0.2838731783333333,12
TH.ADM1.00018,rice,2019,0.24837758583333333,12
TH.ADM1.00018,rice,2020,0.23961840833333334,12
TH.ADM1.00018,rice,2021,0.2636030713333333,12
TH.ADM1.00018,rice,2022,0.28511099916666666,12
TH.ADM1.00018,rice,2023,0.25641391,12
TH.ADM1.00018,rice,2024,0.2719605725,12
TH.ADM1.00018,soybeans,2000,0.2872050055,10
TH.ADM1.00018,soybeans,2001,0.27047367166666664,12
TH.ADM1.00018,soybeans,2002,0.26273342541666667,12
TH.ADM1.00018,soybeans,2003,0.26197269416666663,12
TH.ADM1.00018,soybeans,2004,0.23163698349999998,12
TH.ADM1.00018,soybeans,2005,0.23914073325,12
TH.ADM1.00018,soybeans,2006,0.260465715,12
TH.ADM1.00018,soybeans,2007,0.25567653533333334,12
TH.ADM1.00018,soybeans,2008,0.25940857958333335,12
TH.ADM1.00018,soybeans,2009,0.2585949828333333,12
TH.ADM1.00018,soybeans,2010,0.24046919508333334,12
TH.ADM1.00018,soybeans,2011,0.28485391416666667,12
TH.ADM1.00018,soybeans,2012,0.2713560466666667,12
TH.ADM1.00018,soybeans,2013,0.27074755083333335,12
TH.ADM1.00018,soybeans,2014,0.26452502333333333,12
TH.ADM1.00018,soybeans,2015,0.2500677091666667,12
TH.ADM1.00018,soybeans,2016,0.26337588041666665,12
TH.ADM1.00018,soybeans,2017,0.29272651583333337,12
TH.ADM1.00018,soybeans,2018,0.2923057808333333,12
TH.ADM1.00018,soybeans,2019,0.25177239958333336,12
TH.ADM1.00018,soybeans,2020,0.243297212,12
TH.ADM1.00018,soybeans,2021,0.27063778833333335,12
TH.ADM1.00018,soybeans,2022,0.29227785666666667,12
TH.ADM1.00018,soybeans,2023,0.2606615821666666,12
TH.ADM1.00018,soybeans,2024,0.2796072883333333,12
TH.ADM1.00019,rice,2000,0.250909855,10
TH.ADM1.00019,rice,2001,0.23379300916666668,12
TH.ADM1.00019,rice,2002,0.2317348058333333,12
TH.ADM1.00019,rice,2003,0.23742114250000002,12
TH.ADM1.00019,rice,2004,0.21421815,12
TH.ADM1.00019,rice,2005,0.21628379,12
TH.ADM1.00019,rice,2006,0.23639965416666664,12
TH.ADM1.00019,rice,2007,0.229256408,12
TH.ADM1.00019,rice,2008,0.2363174505,12
TH.ADM1.00019,rice,2009,0.23633304916666667,12
TH.ADM1.00019,rice,2010,0.22040017416666668,12
TH.ADM1.00019,rice,2011,0.2575793083333333,12
TH.ADM1.00019,rice,2012,0.24597731458333336,12
TH.ADM1.00019,rice,2013,0.24576479333333334,12
TH.ADM1.00019,rice,2014,0.2371079458333333,12
TH.ADM1.00019,rice,2015,0.22988611333333334,12
TH.ADM1.00019,rice,2016,0.23896484216666666,12
TH.ADM1.00019,rice,2017,0.2582263908333333,12
TH.ADM1.00019,rice,2018,0.25776147499999996,12
TH.ADM1.00019,rice,2019,0.24293099833333334,12
TH.ADM1.00019,rice,2020,0.23575038916666666,12
TH.ADM1.00019,rice,2021,0.2600693016666667,12
TH.ADM1.00019,rice,2022,0.2766732216666667,12
TH.ADM1.00019,rice,2023,0.24663895833333335,12
TH.ADM1.00019,rice,2024,0.2586578175,12
TH.ADM1.00019,soybeans,2000,0.269206375,10
TH.ADM1.00019,soybeans,2001,0.26169644833333333,12
TH.ADM1.00019,soybeans,2002,0.2505549028333333,12
TH.ADM1.00019,soybeans,2003,0.23763454250000002,12
TH.ADM1.00019,soybeans,2004,0.2161591185,12
TH.ADM1.00019,soybeans,2005,0.22507996875,12
TH.ADM1.00019,soybeans,2006,0.24070595916666668,12
TH.ADM1.00019,soybeans,2007,0.24095026408333334,12
TH.ADM1.00019,soybeans,2008,0.25162370516666666,12
TH.ADM1.00019,soybeans,2009,0.24929950541666668,12
TH.ADM1.00019,soybeans,2010,0.23003721166666669,12
TH.ADM1.00019,soybeans,2011,0.26273548041666667,12
TH.ADM1.00019,soybeans,2012,0.24851819916666665,12
TH.ADM1.00019,soybeans,2013,0.24180454666666665,12
TH.ADM1.00019,soybeans,2014,0.24309433,12
TH.ADM1.00019,soybeans,2015,0.23036389,12
TH.ADM1.00019,soybeans,2016,0.24324395791666667,12
TH.ADM1.00019,soybeans,2017,0.2681032266666667,12
TH.ADM1.00019,soybeans,2018,0.2609121816666667,12
TH.ADM1.00019,soybeans,2019,0.2443149225,12
TH.ADM1.00019,soybeans,2020,0.23844256208333334,12
TH.ADM1.00019,soybeans,2021,0.269396973,12
TH.ADM1.00019,soybeans,2022,0.28955087583333333,12
TH.ADM1.00019,soybeans,2023,0.2631574125,12
TH.ADM1.00019,soybeans,2024,0.2781560875,12
TH.ADM1.00020,rice,2000,0.261482062,10
TH.ADM1.00020,rice,2001,0.24108308216666666,12
TH.ADM1.00020,rice,2002,0.24298746333333332,12
TH.ADM1.00020,rice,2003,0.23594364666666667,12
TH.ADM1.00020,rice,2004,0.2189501175,12
TH.ADM1.00020,rice,2005,0.21200293916666668,12
TH.ADM1.00020,rice,2006,0.23349577325,12
TH.ADM1.00020,rice,2007,0.22261524991666667,12
TH.ADM1.00020,rice,2008,0.24772190375,12
TH.ADM1.00020,rice,2009,0.24222392250000002,12
TH.ADM1.00020,rice,2010,0.23770670333333335,12
TH.ADM1.00020,rice,2011,0.25933445083333334,12
TH.ADM1.00020,rice,2012,0.25467060166666666,12
TH.ADM1.00020,rice,2013,0.2486198308333333,12
TH.ADM1.00020,rice,2014,0.26869452958333334,12
TH.ADM1.00020,rice,2015,0.2584955770833333,12
TH.ADM1.00020,rice,2016,0.2706404766666667,12
TH.ADM1.00020,rice,2017,0.29085191,12
TH.ADM1.00020,rice,2018,0.2903607833333333,12
TH.ADM1.00020,rice,2019,0.2628529741666667,12
TH.ADM1.00020,rice,2020,0.26512762500000003,12
TH.ADM1.00020,rice,2021,0.28297147916666665,12
TH.ADM1.00020,rice,2022,0.28936750083333335,12
TH.ADM1.00020,rice,2023,0.27201095583333335,12
TH.ADM1.00020,rice,2024,0.29197669416666666,12
TH.ADM1.00020,soybeans,2000,0.2744508474,10
TH.ADM1.00020,soybeans,2001,0.25347881499999997,12
TH.ADM1.00020,soybeans,2002,0.24695722083333335,12
TH.ADM1.00020,soybeans,2003,0.24292047833333333,12
TH.ADM1.00020,soybeans,2004,0.22772492,12
TH.ADM1.00020,soybeans,2005,0.22095455208333334,12
TH.ADM1.00020,soybeans,2006,0.24200046791666666,12
TH.ADM1.00020,soybeans,2007,0.23402234883333337,12
TH.ADM1.00020,soybeans,2008,0.25337187375,12
TH.ADM1.00020,soybeans,2009,0.24781467166666668,12
TH.ADM1.00020,soybeans,2010,0.2375308745,12
TH.ADM1.00020,soybeans,2011,0.26228316916666666,12
TH.ADM1.00020,soybeans,2012,0.2617150833333333,12
TH.ADM1.00020,soybeans,2013,0.24885037333333335,12
TH.ADM1.00020,soybeans,2014,0.26278005666666665,12
TH.ADM1.00020,soybeans,2015,0.24982776616666666,12
TH.ADM1.00020,soybeans,2016,0.26607026166666664,12
TH.ADM1.00020,soybeans,2017,0.28874044666666665,12
TH.ADM1.00020,soybeans,2018,0.28707973666666664,12
TH.ADM1.00020,soybeans,2019,0.26039146166666666,12
TH.ADM1.00020,soybeans,2020,0.2667797416666667,12
TH.ADM1.00020,soybeans,2021,0.28594226916666665,12
TH.ADM1.00020,soybeans,2022,0.2908141933333333,12
TH.ADM1.00020,soybeans,2023,0.27229661583333337,12
TH.ADM1.00020,soybeans,2024,0.29165114583333335,12
TH.ADM1.00021,rice,2000,0.25860344199999996,10
TH.ADM1.00021,rice,2001,0.23659503116666666,12
TH.ADM1.00021,rice,2002,0.23312939208333336,12
TH.ADM1.00021,rice,2003,0.24578229166666665,12
TH.ADM1.00021,rice,2004,0.221476853,12
TH.ADM1.00021,rice,2005,0.22714881166666667,12
TH.ADM1.00021,rice,2006,0.24563987166666668,12
TH.ADM1.00021,rice,2007,0.2393700158333333,12
TH.ADM1.00021,rice,2008,0.24432674666666668,12
TH.ADM1.00021,rice,2009,0.25473525916666667,12
TH.ADM1.00021,rice,2010,0.24384385249999999,12
TH.ADM1.00021,rice,2011,0.24329987,12
TH.ADM1.00021,rice,2012,0.25604785916666667,12
TH.ADM1.00021,rice,2013,0.24539792833333332,12
TH.ADM1.00021,rice,2014,0.24360842666666668,12
TH.ADM1.00021,rice,2015,0.23171457750000002,12
TH.ADM1.00021,rice,2016,0.2289372975,12
TH.ADM1.00021,rice,2017,0.25466226333333336,12
TH.ADM1.00021,rice,2018,0.2641710525,12
TH.ADM1.00021,rice,2019,0.23586966499999998,12
TH.ADM1.00021,rice,2020,0.23626962333333335,12
TH.ADM1.00021,rice,2021,0.23863497,12
TH.ADM1.00021,rice,2022,0.2554722483333333,12
TH.ADM1.00021,rice,2023,0.24644347666666666,12
TH.ADM1.00021,rice,2024,0.26341633833333333,12
TH.ADM1.00021,soybeans,2000,0.239321675,10
TH.ADM1.00021,soybeans,2001,0.2176946245,12
TH.ADM1.00021,soybeans,2002,0.20843614666666666,12
TH.ADM1.00021,soybeans,2003,0.22195133966666666,12
TH.ADM1.00021,soybeans,2004,0.19546509708333334,12
TH.ADM1.00021,soybeans,2005,0.19172983833333332,12
TH.ADM1.00021,soybeans,2006,0.22541002333333335,12
TH.ADM1.00021,soybeans,2007,0.21531885883333335,12
TH.ADM1.00021,soybeans,2008,0.2317194488333333,12
TH.ADM1.00021,soybeans,2009,0.24156280833333332,12
TH.ADM1.00021,soybeans,2010,0.23433500616666667,12
TH.ADM1.00021,soybeans,2011,0.23380259116666666,12
TH.ADM1.00021,soybeans,2012,0.24146095499999998,12
TH.ADM1.00021,soybeans,2013,0.2336176455,12
TH.ADM1.00021,soybeans,2014,0.2392395283333333,12
TH.ADM1.00021,soybeans,2015,0.21775778583333336,12
TH.ADM1.00021,soybeans,2016,0.21337673808333332,12
TH.ADM1.00021,soybeans,2017,0.25070507166666667,12
TH.ADM1.00021,soybeans,2018,0.24898357666666668,12
TH.ADM1.00021,soybeans,2019,0.20945549283333334,12
TH.ADM1.00021,soybeans,2020,0.2213863275,12
TH.ADM1.00021,soybeans,2021,0.23186168083333333,12
TH.ADM1.00021,soybeans,2022,0.24350821666666667,12
TH.ADM1.00021,soybeans,2023,0.22783963833333334,12
TH.ADM1.00021,soybeans,2024,0.24509139208333333,12
TH.ADM1.00022,rice,2000,0.317861219,10
TH.ADM1.00022,rice,2001,0.28276795833333335,12
TH.ADM1.00022,rice,2002,0.28851465833333334,12
TH.ADM1.00022,rice,2003,0.3009779891666667,12
TH.ADM1.00022,rice,2004,0.27458302125,12
TH.ADM1.00022,rice,2005,0.27173804125,12
TH.ADM1.00022,rice,2006,0.30380573666666666,12
TH.ADM1.00022,rice,2007,0.28388677916666666,12
TH.ADM1.00022,rice,2008,0.29846641916666666,12
TH.ADM1.00022,rice,2009,0.2789945525,12
TH.ADM1.00022,rice,2010,0.271284575,12
TH.ADM1.00022,rice,2011,0.31026299,12
TH.ADM1.00022,rice,2012,0.2860821395,12
TH.ADM1.00022,rice,2013,0.29548178416666665,12
TH.ADM1.00022,rice,2014,0.2895611791666667,12
TH.ADM1.00022,rice,2015,0.29323531416666665,12
TH.ADM1.00022,rice,2016,0.2883154258333333,12
TH.ADM1.00022,rice,2017,0.2988843116666667,12
TH.ADM1.00022,rice,2018,0.3011217708333333,12
TH.ADM1.00022,rice,2019,0.28934696083333333,12
TH.ADM1.00022,rice,2020,0.279173715,12
TH.ADM1.00022,rice,2021,0.307876268,12
TH.ADM1.00022,rice,2022,0.3127383658333333,12
TH.ADM1.00022,rice,2023,0.289919245,12
TH.ADM1.00022,rice,2024,0.3025709825,12
TH.ADM1.00022,soybeans,2000,0.332492718,10
TH.ADM1.00022,soybeans,2001,0.2881645208333333,12
TH.ADM1.00022,soybeans,2002,0.28289254999999996,12
TH.ADM1.00022,soybeans,2003,0.3080613408333333,12
TH.ADM1.00022,soybeans,2004,0.28016515950000004,12
TH.ADM1.00022,soybeans,2005,0.27386960033333335,12
TH.ADM1.00022,soybeans,2006,0.3093078166666667,12
TH.ADM1.00022,soybeans,2007,0.2912119445,12
TH.ADM1.00022,soybeans,2008,0.3096395883333333,12
TH.ADM1.00022,soybeans,2009,0.2845253283333333,12
TH.ADM1.00022,soybeans,2010,0.2768979725,12
TH.ADM1.00022,soybeans,2011,0.31610537083333334,12
TH.ADM1.00022,soybeans,2012,0.2867678491666667,12
TH.ADM1.00022,soybeans,2013,0.30327042083333333,12
TH.ADM1.00022,soybeans,2014,0.29061437916666666,12
TH.ADM1.00022,soybeans,2015,0.29606847166666667,12
TH.ADM1.00022,soybeans,2016,0.29699034916666667,12
TH.ADM1.00022,soybeans,2017,0.30663660583333335,12
TH.ADM1.00022,soybeans,2018,0.2996548816666667,12
TH.ADM1.00022,soybeans,2019,0.2931185191666667,12
TH.ADM1.00022,soybeans,2020,0.2780717166666667,12
TH.ADM1.00022,soybeans,2021,0.31115116416666666,12
TH.ADM1.00022,soybeans,2022,0.329470765,12
TH.ADM1.00022,soybeans,2023,0.2894234083333333,12
TH.ADM1.00022,soybeans,2024,0.311399545,12
TH.ADM1.00023,rice,2000,0.16254038610000002,10
TH.ADM1.00023,rice,2001,0.16051231800000001,12
TH.ADM1.00023,rice,2002,0.15711067458333333,12
TH.ADM1.00023,rice,2003,0.15593655216666666,12
TH.ADM1.00023,rice,2004,0.1480936075,12
TH.ADM1.00023,rice,2005,0.15390198733333335,12
TH.ADM1.00023,rice,2006,0.16164819875,12
TH.ADM1.00023,rice,2007,0.16191232966666666,12
TH.ADM1.00023,rice,2008,0.16215161583333335,12
TH.ADM1.00023,rice,2009,0.170080415,12
TH.ADM1.00023,rice,2010,0.16518293583333335,12
TH.ADM1.00023,rice,2011,0.17100185416666666,12
TH.ADM1.00023,rice,2012,0.17642043,12
TH.ADM1.00023,rice,2013,0.16841928416666666,12
TH.ADM1.00023,rice,2014,0.1820212085,12
TH.ADM1.00023,rice,2015,0.17066445541666667,12
TH.ADM1.00023,rice,2016,0.17898734333333333,12
TH.ADM1.00023,rice,2017,0.18605142416666667,12
TH.ADM1.00023,rice,2018,0.18374555199999998,12
TH.ADM1.00023,rice,2019,0.16475016425,12
TH.ADM1.00023,rice,2020,0.18869254258333334,12
TH.ADM1.00023,rice,2021,0.19318763875,12
TH.ADM1.00023,rice,2022,0.18656766624999999,12
TH.ADM1.00023,rice,2023,0.1880252875,12
TH.ADM1.00023,rice,2024,0.19626620083333335,12
TH.ADM1.00023,soybeans,2000,0.163844663,10
TH.ADM1.00023,soybeans,2001,0.15963425508333332,12
TH.ADM1.00023,soybeans,2002,0.15806474508333335,12
TH.ADM1.00023,soybeans,2003,0.15605188291666666,12
TH.ADM1.00023,soybeans,2004,0.14762645166666669,12
TH.ADM1.00023,soybeans,2005,0.15294832066666667,12
TH.ADM1.00023,soybeans,2006,0.16171253425,12
TH.ADM1.00023,soybeans,2007,0.16120464866666667,12
TH.ADM1.00023,soybeans,2008,0.16212119833333333,12
TH.ADM1.00023,soybeans,2009,0.1691770983333333,12
TH.ADM1.00023,soybeans,2010,0.164937963,12
TH.ADM1.00023,soybeans,2011,0.17079283366666667,12
TH.ADM1.00023,soybeans,2012,0.1749346795,12
TH.ADM1.00023,soybeans,2013,0.16829417575000002,12
TH.ADM1.00023,soybeans,2014,0.18139193899999997,12
TH.ADM1.00023,soybeans,2015,0.1707876378333333,12
TH.ADM1.00023,soybeans,2016,0.17948711666666664,12
TH.ADM1.00023,soybeans,2017,0.18742624500000002,12
TH.ADM1.00023,soybeans,2018,0.18303054283333334,12
TH.ADM1.00023,soybeans,2019,0.16451133633333334,12
TH.ADM1.00023,soybeans,2020,0.18838774283333334,12
TH.ADM1.00023,soybeans,2021,0.19308075833333335,12
TH.ADM1.00023,soybeans,2022,0.18683553483333334,12
TH.ADM1.00023,soybeans,2023,0.18795254449999999,12
TH.ADM1.00023,soybeans,2024,0.19550769375,12
TH.ADM1.00024,rice,2000,0.192486621,10
TH.ADM1.00024,rice,2001,0.1855966325,12
TH.ADM1.00024,rice,2002,0.19121111449999997,12
TH.ADM1.00024,rice,2003,0.18979039916666665,12
TH.ADM1.00024,rice,2004,0.175420577,12
TH.ADM1.00024,rice,2005,0.17699305916666666,12
TH.ADM1.00024,rice,2006,0.18646084500000001,12
TH.ADM1.00024,rice,2007,0.18734299666666665,12
TH.ADM1.00024,rice,2008,0.18636230916666666,12
TH.ADM1.00024,rice,2009,0.19737615249999999,12
TH.ADM1.00024,rice,2010,0.20182084833333333,12
TH.ADM1.00024,rice,2011,0.18291201083333333,12
TH.ADM1.00024,rice,2012,0.20658853916666667,12
TH.ADM1.00024,rice,2013,0.18746684333333333,12
TH.ADM1.00024,rice,2014,0.20190420166666667,12
TH.ADM1.00024,rice,2015,0.187720365,12
TH.ADM1.00024,rice,2016,0.19381367916666667,12
TH.ADM1.00024,rice,2017,0.21037066416666664,12
TH.ADM1.00024,rice,2018,0.2001344416666667,12
TH.ADM1.00024,rice,2019,0.206749975,12
TH.ADM1.00024,rice,2020,0.19805805583333333,12
TH.ADM1.00024,rice,2021,0.20769627083333334,12
TH.ADM1.00024,rice,2022,0.21043346833333335,12
TH.ADM1.00024,rice,2023,0.1963295458333333,12
TH.ADM1.00024,rice,2024,0.21322614250000002,12
TH.ADM1.00025,rice,2000,0.207725575,10
TH.ADM1.00025,rice,2001,0.19540892366666665,12
TH.ADM1.00025,rice,2002,0.19541546583333333,12
TH.ADM1.00025,rice,2003,0.19616376,12
TH.ADM1.00025,rice,2004,0.180156432,12
TH.ADM1.00025,rice,2005,0.18538301583333336,12
TH.ADM1.00025,rice,2006,0.18603315616666669,12
TH.ADM1.00025,rice,2007,0.1889961125,12
TH.ADM1.00025,rice,2008,0.18925871416666665,12
TH.ADM1.00025,rice,2009,0.19698718083333333,12
TH.ADM1.00025,rice,2010,0.19989306666666665,12
TH.ADM1.00025,rice,2011,0.18752857833333333,12
TH.ADM1.00025,rice,2012,0.19426605375000003,12
TH.ADM1.00025,rice,2013,0.20017630166666667,12
TH.ADM1.00025,rice,2014,0.18816622666666669,12
TH.ADM1.00025,rice,2015,0.19154280666666668,12
TH.ADM1.00025,rice,2016,0.18215180583333335,12
TH.ADM1.00025,rice,2017,0.20018042083333332,12
TH.ADM1.00025,rice,2018,0.2027432408333333,12
TH.ADM1.00025,rice,2019,0.19400103333333332,12
TH.ADM1.00025,rice,2020,0.19321835750000002,12
TH.ADM1.00025,rice,2021,0.19011949083333335,12
TH.ADM1.00025,rice,2022,0.19220780916666666,12
TH.ADM1.00025,rice,2023,0.19107974416666665,12
TH.ADM1.00025,rice,2024,0.19931303583333335,12
TH.ADM1.00026,rice,2000,0.1936630275,10
TH.ADM1.00026,rice,2001,0.17677865333333334,12
TH.ADM1.00026,rice,2002,0.1820538458333333,12
TH.ADM1.00026,rice,2003,0.18647224616666666,12
TH.ADM1.00026,rice,2004,0.17544873916666667,12
TH.ADM1.00026,rice,2005,0.16827150491666665,12
TH.ADM1.00026,rice,2006,0.18649782666666667,12
TH.ADM1.00026,rice,2007,0.181393683,12
TH.ADM1.00026,rice,2008,0.18455563283333332,12
TH.ADM1.00026,rice,2009,0.19215996133333335,12
TH.ADM1.00026,rice,2010,0.19175402041666667,12
TH.ADM1.00026,rice,2011,0.18321768625,12
TH.ADM1.00026,rice,2012,0.20126433916666667,12
TH.ADM1.00026,rice,2013,0.19156707041666668,12
TH.ADM1.00026,rice,2014,0.19981910375,12
TH.ADM1.00026,rice,2015,0.19373792583333335,12
TH.ADM1.00026,rice,2016,0.20465636716666666,12
TH.ADM1.00026,rice,2017,0.21703466458333334,12
TH.ADM1.00026,rice,2018,0.20414107083333333,12
TH.ADM1.00026,rice,2019,0.21412187366666666,12
TH.ADM1.00026,rice,2020,0.22221153583333333,12
TH.ADM1.00026,rice,2021,0.21978516083333333,12
TH.ADM1.00026,rice,2022,0.21952373875,12
TH.ADM1.00026,rice,2023,0.20971725416666667,12
TH.ADM1.00026,rice,2024,0.21987828583333335,12
TH.ADM1.00026,soybeans,2000,0.20628332700000002,10
TH.ADM1.00026,soybeans,2001,0.19057545791666666,12
TH.ADM1.00026,soybeans,2002,0.194656587,12
TH.ADM1.00026,soybeans,2003,0.19735413116666667,12
TH.ADM1.00026,soybeans,2004,0.18766844666666668,12
TH.ADM1.00026,soybeans,2005,0.18104272616666664,12
TH.ADM1.00026,soybeans,2006,0.19906912916666666,12
TH.ADM1.00026,soybeans,2007,0.19232480958333334,12
TH.ADM1.00026,soybeans,2008,0.19764527799999998,12
TH.ADM1.00026,soybeans,2009,0.20429654249999998,12
TH.ADM1.00026,soybeans,2010,0.2017496825,12
TH.ADM1.00026,soybeans,2011,0.19762077591666669,12
TH.ADM1.00026,soybeans,2012,0.21496147200000001,12
TH.ADM1.00026,soybeans,2013,0.20404912583333334,12
TH.ADM1.00026,soybeans,2014,0.21383525550000002,12
TH.ADM1.00026,soybeans,2015,0.2057113108333333,12
TH.ADM1.00026,soybeans,2016,0.215965767,12
TH.ADM1.00026,soybeans,2017,0.22997806166666668,12
TH.ADM1.00026,soybeans,2018,0.21856835200000002,12
TH.ADM1.00026,soybeans,2019,0.22645132366666668,12
TH.ADM1.00026,soybeans,2020,0.23228116416666666,12
TH.ADM1.00026,soybeans,2021,0.23128080250000002,12
TH.ADM1.00026,soybeans,2022,0.23049637916666665,12
TH.ADM1.00026,soybeans,2023,0.22184967916666665,12
TH.ADM1.00026,soybeans,2024,0.233079885,12
TH.ADM1.00027,rice,2000,0.199103827,10
TH.ADM1.00027,rice,2001,0.1816796563333333,12
TH.ADM1.00027,rice,2002,0.17350055208333334,12
TH.ADM1.00027,rice,2003,0.18822065575,12
TH.ADM1.00027,rice,2004,0.16616746175,12
TH.ADM1.00027,rice,2005,0.16814424716666668,12
TH.ADM1.00027,rice,2006,0.18789512066666667,12
TH.ADM1.00027,rice,2007,0.1784288595,12
TH.ADM1.00027,rice,2008,0.18442736325,12
TH.ADM1.00027,rice,2009,0.19129127291666667,12
TH.ADM1.00027,rice,2010,0.18699988666666667,12
TH.ADM1.00027,rice,2011,0.1933419858333333,12
TH.ADM1.00027,rice,2012,0.19701122125,12
TH.ADM1.00027,rice,2013,0.19098437341666666,12
TH.ADM1.00027,rice,2014,0.19037346874999997,12
TH.ADM1.00027,rice,2015,0.18540518991666666,12
TH.ADM1.00027,rice,2016,0.19130195033333333,12
TH.ADM1.00027,rice,2017,0.21338816208333333,12
TH.ADM1.00027,rice,2018,0.20135968033333332,12
TH.ADM1.00027,rice,2019,0.17856870449999998,12
TH.ADM1.00027,rice,2020,0.200137635,12
TH.ADM1.00027,rice,2021,0.20390476825,12
TH.ADM1.00027,rice,2022,0.20606363833333333,12
TH.ADM1.00027,rice,2023,0.19679868783333335,12
TH.ADM1.00027,rice,2024,0.20796992083333332,12
TH.ADM1.00027,soybeans,2000,0.20065190299999996,10
TH.ADM1.00027,soybeans,2001,0.1812537325,12
TH.ADM1.00027,soybeans,2002,0.17356658633333333,12
TH.ADM1.00027,soybeans,2003,0.18795467333333335,12
TH.ADM1.00027,soybeans,2004,0.16442485916666666,12
TH.ADM1.00027,soybeans,2005,0.16754619591666667,12
TH.ADM1.00027,soybeans,2006,0.18763344916666666,12
TH.ADM1.00027,soybeans,2007,0.17798988658333334,12
TH.ADM1.00027,soybeans,2008,0.18486006216666664,12
TH.ADM1.00027,soybeans,2009,0.19102278666666664,12
TH.ADM1.00027,soybeans,2010,0.18782016199999998,12
TH.ADM1.00027,soybeans,2011,0.193416285,12
TH.ADM1.00027,soybeans,2012,0.19749465375,12
TH.ADM1.00027,soybeans,2013,0.1911721083333333,12
TH.ADM1.00027,soybeans,2014,0.1899817216666667,12
TH.ADM1.00027,soybeans,2015,0.18503253416666665,12
TH.ADM1.00027,soybeans,2016,0.19083447833333333,12
TH.ADM1.00027,soybeans,2017,0.21422567216666666,12
TH.ADM1.00027,soybeans,2018,0.20132661458333334,12
TH.ADM1.00027,soybeans,2019,0.17794474508333333,12
TH.ADM1.00027,soybeans,2020,0.20062142183333334,12
TH.ADM1.00027,soybeans,2021,0.20414784875,12
TH.ADM1.00027,soybeans,2022,0.20677737533333332,12
TH.ADM1.00027,soybeans,2023,0.19591962699999999,12
TH.ADM1.00027,soybeans,2024,0.20783685958333334,12
TH.ADM1.00028,rice,2000,0.207769806,10
TH.ADM1.00028,rice,2001,0.19431090716666666,12
TH.ADM1.00028,rice,2002,0.1842306645,12
TH.ADM1.00028,rice,2003,0.1959092325,12
TH.ADM1.00028,rice,2004,0.17488000041666665,12
TH.ADM1.00028,rice,2005,0.18462612966666667,12
TH.ADM1.00028,rice,2006,0.190140997,12
TH.ADM1.00028,rice,2007,0.18683462416666666,12
TH.ADM1.00028,rice,2008,0.19612740966666667,12
TH.ADM1.00028,rice,2009,0.20192939,12
TH.ADM1.00028,rice,2010,0.18980094583333332,12
TH.ADM1.00028,rice,2011,0.19622274583333332,12
TH.ADM1.00028,rice,2012,0.20474338208333334,12
TH.ADM1.00028,rice,2013,0.19943924833333335,12
TH.ADM1.00028,rice,2014,0.19911112083333335,12
TH.ADM1.00028,rice,2015,0.17931990666666667,12
TH.ADM1.00028,rice,2016,0.18259103425,12
TH.ADM1.00028,rice,2017,0.20202082966666668,12
TH.ADM1.00028,rice,2018,0.21194261458333333,12
TH.ADM1.00028,rice,2019,0.18983203541666668,12
TH.ADM1.00028,rice,2020,0.181088273,12
TH.ADM1.00028,rice,2021,0.19168198916666668,12
TH.ADM1.00028,rice,2022,0.2045091425,12
TH.ADM1.00028,rice,2023,0.19413836491666667,12
TH.ADM1.00028,rice,2024,0.212767795,12
TH.ADM1.00028,soybeans,2000,0.210070411,10
TH.ADM1.00028,soybeans,2001,0.19603687866666666,12
TH.ADM1.00028,soybeans,2002,0.18480973458333336,12
TH.ADM1.00028,soybeans,2003,0.19765672083333333,12
TH.ADM1.00028,soybeans,2004,0.176961162,12
TH.ADM1.00028,soybeans,2005,0.18642799875000002,12
TH.ADM1.00028,soybeans,2006,0.19330576325,12
TH.ADM1.00028,soybeans,2007,0.18920395958333333,12
TH.ADM1.00028,soybeans,2008,0.19936759333333332,12
TH.ADM1.00028,soybeans,2009,0.20517069583333333,12
TH.ADM1.00028,soybeans,2010,0.193420649,12
TH.ADM1.00028,soybeans,2011,0.20171876083333332,12
TH.ADM1.00028,soybeans,2012,0.20695238999999999,12
TH.ADM1.00028,soybeans,2013,0.20219723425,12
TH.ADM1.00028,soybeans,2014,0.2015198725,12
TH.ADM1.00028,soybeans,2015,0.18158709333333334,12
TH.ADM1.00028,soybeans,2016,0.18565410583333333,12
TH.ADM1.00028,soybeans,2017,0.20626806666666667,12
TH.ADM1.00028,soybeans,2018,0.21372388666666667,12
TH.ADM1.00028,soybeans,2019,0.18927679033333333,12
TH.ADM1.00028,soybeans,2020,0.18317415658333333,12
TH.ADM1.00028,soybeans,2021,0.19429681208333335,12
TH.ADM1.00028,soybeans,2022,0.20791855916666668,12
TH.ADM1.00028,soybeans,2023,0.19316359291666665,12
TH.ADM1.00028,soybeans,2024,0.21359937625,12
TH.ADM1.00029,rice,2000,0.294995197,10
TH.ADM1.00029,rice,2001,0.3025066725,12
TH.ADM1.00029,rice,2002,0.29076997916666664,12
TH.ADM1.00029,rice,2003,0.31151270583333335,12
TH.ADM1.00029,rice,2004,0.3007522716666667,12
TH.ADM1.00029,rice,2005,0.29360901,12
TH.ADM1.00029,rice,2006,0.310183555,12
TH.ADM1.00029,rice,2007,0.31272249166666666,12
TH.ADM1.00029,rice,2008,0.312867835,12
TH.ADM1.00029,rice,2009,0.3155292933333333,12
TH.ADM1.00029,rice,2010,0.3156381875,12
TH.ADM1.00029,rice,2011,0.305673335,12
TH.ADM1.00029,rice,2012,0.31808645750000003,12
TH.ADM1.00029,rice,2013,0.33826892833333333,12
TH.ADM1.00029,rice,2014,0.33052823416666666,12
TH.ADM1.00029,rice,2015,0.3451789758333333,12
TH.ADM1.00029,rice,2016,0.3414990625,12
TH.ADM1.00029,rice,2017,0.34033245,12
TH.ADM1.00029,rice,2018,0.3526396033333334,12
TH.ADM1.00029,rice,2019,0.3553433916666667,12
TH.ADM1.00029,rice,2020,0.37319847999999994,12
TH.ADM1.00029,rice,2021,0.7063496874999999,12
TH.ADM1.00029,rice,2022,0.7100069691666667,12
TH.ADM1.00029,rice,2023,0.3517749233333333,12
TH.ADM1.00029,rice,2024,0.3656448808333333,12
TH.ADM1.00030,rice,2000,0.298776973,10
TH.ADM1.00030,rice,2001,0.28885048583333334,12
TH.ADM1.00030,rice,2002,0.2873964508333333,12
TH.ADM1.00030,rice,2003,0.28361905,12
TH.ADM1.00030,rice,2004,0.26448036425,12
TH.ADM1.00030,rice,2005,0.26951785325,12
TH.ADM1.00030,rice,2006,0.28246864499999996,12
TH.ADM1.00030,rice,2007,0.2643166891666667,12
TH.ADM1.00030,rice,2008,0.27602028666666667,12
TH.ADM1.00030,rice,2009,0.2649817016666667,12
TH.ADM1.00030,rice,2010,0.2487574903333333,12
TH.ADM1.00030,rice,2011,0.28875381333333333,12
TH.ADM1.00030,rice,2012,0.28198327916666666,12
TH.ADM1.00030,rice,2013,0.2695087775,12
TH.ADM1.00030,rice,2014,0.27628254166666666,12
TH.ADM1.00030,rice,2015,0.27116528666666667,12
TH.ADM1.00030,rice,2016,0.2812758066666667,12
TH.ADM1.00030,rice,2017,0.30874519083333335,12
TH.ADM1.00030,rice,2018,0.30498175583333337,12
TH.ADM1.00030,rice,2019,0.2800822925,12
TH.ADM1.00030,rice,2020,0.2800016383333333,12
TH.ADM1.00030,rice,2021,0.30937020416666666,12
TH.ADM1.00030,rice,2022,0.32611637666666665,12
TH.ADM1.00030,rice,2023,0.287944245,12
TH.ADM1.00030,rice,2024,0.3058509158333333,12
TH.ADM1.00030,soybeans,2000,0.319952144,10
TH.ADM1.00030,soybeans,2001,0.30847806,12
TH.ADM1.00030,soybeans,2002,0.3040716666666667,12
TH.ADM1.00030,soybeans,2003,0.2997216575,12
TH.ADM1.00030,soybeans,2004,0.27291440666666666,12
TH.ADM1.00030,soybeans,2005,0.2768369038333333,12
TH.ADM1.00030,soybeans,2006,0.29085758916666665,12
TH.ADM1.00030,soybeans,2007,0.2681019316666667,12
TH.ADM1.00030,soybeans,2008,0.27746667583333334,12
TH.ADM1.00030,soybeans,2009,0.26703816166666666,12
TH.ADM1.00030,soybeans,2010,0.24867719033333335,12
TH.ADM1.00030,soybeans,2011,0.2910185875,12
TH.ADM1.00030,soybeans,2012,0.28204180333333334,12
TH.ADM1.00030,soybeans,2013,0.2750819625,12
TH.ADM1.00030,soybeans,2014,0.279701075,12
TH.ADM1.00030,soybeans,2015,0.27220964333333336,12
TH.ADM1.00030,soybeans,2016,0.282719625,12
TH.ADM1.00030,soybeans,2017,0.31479414916666665,12
TH.ADM1.00030,soybeans,2018,0.3136605875,12
TH.ADM1.00030,soybeans,2019,0.2808563158333333,12
TH.ADM1.00030,soybeans,2020,0.28513628,12
TH.ADM1.00030,soybeans,2021,0.31076813833333333,12
TH.ADM1.00030,soybeans,2022,0.32150178166666665,12
TH.ADM1.00030,soybeans,2023,0.2938078208333333,12
TH.ADM1.00030,soybeans,2024,0.3108136525,12
TH.ADM1.00031,rice,2000,0.36739014600000003,10
TH.ADM1.00031,rice,2001,0.3619741433333334,12
TH.ADM1.00031,rice,2002,0.37323404416666667,12
TH.ADM1.00031,rice,2003,0.37547094583333335,12
TH.ADM1.00031,rice,2004,0.3673512591666667,12
TH.ADM1.00031,rice,2005,0.3797221433333333,12
TH.ADM1.00031,rice,2006,0.37809930583333334,12
TH.ADM1.00031,rice,2007,0.38016044916666664,12
TH.ADM1.00031,rice,2008,0.37526193916666667,12
TH.ADM1.00031,rice,2009,0.3791912808333333,12
TH.ADM1.00031,rice,2010,0.39062674000000003,12
TH.ADM1.00031,rice,2011,0.3782671675,12
TH.ADM1.00031,rice,2012,0.3848118175,12
TH.ADM1.00031,rice,2013,0.3910194066666666,12
TH.ADM1.00031,rice,2014,0.3959719933333334,12
TH.ADM1.00031,rice,2015,0.39903513916666666,12
TH.ADM1.00031,rice,2016,0.4048634658333334,12
TH.ADM1.00031,rice,2017,0.3944694733333333,12
TH.ADM1.00031,rice,2018,0.4001750333333333,12
TH.ADM1.00031,rice,2019,0.40047010833333335,12
TH.ADM1.00031,rice,2020,0.40550193416666663,12
TH.ADM1.00031,rice,2021,0.7274318641666667,12
TH.ADM1.00031,rice,2022,0.7250561366666667,12
TH.ADM1.00031,rice,2023,0.38424863666666664,12
TH.ADM1.00031,rice,2024,0.39543817583333335,12
TH.ADM1.00032,rice,2000,0.18085372100000002,10
TH.ADM1.00032,rice,2001,0.16269981366666667,12
TH.ADM1.00032,rice,2002,0.16623631916666667,12
TH.ADM1.00032,rice,2003,0.17104911199999998,12
TH.ADM1.00032,rice,2004,0.15835813208333333,12
TH.ADM1.00032,rice,2005,0.15643045691666665,12
TH.ADM1.00032,rice,2006,0.17319311366666668,12
TH.ADM1.00032,rice,2007,0.16724608616666667,12
TH.ADM1.00032,rice,2008,0.18009079083333335,12
TH.ADM1.00032,rice,2009,0.18571333883333332,12
TH.ADM1.00032,rice,2010,0.19533498583333334,12
TH.ADM1.00032,rice,2011,0.192684367,12
TH.ADM1.00032,rice,2012,0.21207185166666667,12
TH.ADM1.00032,rice,2013,0.19950542699999999,12
TH.ADM1.00032,rice,2014,0.21551285216666669,12
TH.ADM1.00032,rice,2015,0.20631223750000002,12
TH.ADM1.00032,rice,2016,0.21698316750000002,12
TH.ADM1.00032,rice,2017,0.23433232666666667,12
TH.ADM1.00032,rice,2018,0.22163676166666668,12
TH.ADM1.00032,rice,2019,0.22789269083333333,12
TH.ADM1.00032,rice,2020,0.2342906175,12
TH.ADM1.00032,rice,2021,0.23029401833333332,12
TH.ADM1.00032,rice,2022,0.23463583666666668,12
TH.ADM1.00032,rice,2023,0.2178324770833333,12
TH.ADM1.00032,rice,2024,0.2302522496666667,12
TH.ADM1.00032,soybeans,2000,0.1886775256,10
TH.ADM1.00032,soybeans,2001,0.1675234225,12
TH.ADM1.00032,soybeans,2002,0.17314885708333336,12
TH.ADM1.00032,soybeans,2003,0.17503669041666667,12
TH.ADM1.00032,soybeans,2004,0.16368045583333332,12
TH.ADM1.00032,soybeans,2005,0.16086151916666666,12
TH.ADM1.00032,soybeans,2006,0.17823686833333333,12
TH.ADM1.00032,soybeans,2007,0.17447807508333332,12
TH.ADM1.00032,soybeans,2008,0.19267176375000003,12
TH.ADM1.00032,soybeans,2009,0.19744870325,12
TH.ADM1.00032,soybeans,2010,0.21503933083333335,12
TH.ADM1.00032,soybeans,2011,0.2098019875,12
TH.ADM1.00032,soybeans,2012,0.22990123883333333,12
TH.ADM1.00032,soybeans,2013,0.21665295625,12
TH.ADM1.00032,soybeans,2014,0.23479821366666664,12
TH.ADM1.00032,soybeans,2015,0.2251423554166667,12
TH.ADM1.00032,soybeans,2016,0.2322416875,12
TH.ADM1.00032,soybeans,2017,0.2541122616666667,12
TH.ADM1.00032,soybeans,2018,0.23809557583333332,12
TH.ADM1.00032,soybeans,2019,0.24174541416666664,12
TH.ADM1.00032,soybeans,2020,0.25022233083333334,12
TH.ADM1.00032,soybeans,2021,0.24505714083333333,12
TH.ADM1.00032,soybeans,2022,0.25121349333333337,12
TH.ADM1.00032,soybeans,2023,0.23295445333333334,12
TH.ADM1.00032,soybeans,2024,0.24785870666666665,12
TH.ADM1.00033,rice,2000,0.219582398,10
TH.ADM1.00033,rice,2001,0.21433047949999998,12
TH.ADM1.00033,rice,2002,0.21640013,12
TH.ADM1.00033,rice,2003,0.22314761000000002,12
TH.ADM1.00033,rice,2004,0.2000185945,12
TH.ADM1.00033,rice,2005,0.201983535,12
TH.ADM1.00033,rice,2006,0.19457733033333335,12
TH.ADM1.00033,rice,2007,0.20597429083333332,12
TH.ADM1.00033,rice,2008,0.20366563125,12
TH.ADM1.00033,rice,2009,0.20967873583333332,12
TH.ADM1.00033,rice,2010,0.21449070083333333,12
TH.ADM1.00033,rice,2011,0.18798444416666668,12
TH.ADM1.00033,rice,2012,0.2006988441666667,12
TH.ADM1.00033,rice,2013,0.20817838416666667,12
TH.ADM1.00033,rice,2014,0.19412638083333333,12
TH.ADM1.00033,rice,2015,0.20292028750000002,12
TH.ADM1.00033,rice,2016,0.18520109250000003,12
TH.ADM1.00033,rice,2017,0.2037373525,12
TH.ADM1.00033,rice,2018,0.21450203583333335,12
TH.ADM1.00033,rice,2019,0.20453401166666665,12
TH.ADM1.00033,rice,2020,0.214432535,12
TH.ADM1.00033,rice,2021,0.19076988166666667,12
TH.ADM1.00033,rice,2022,0.19655825333333332,12
TH.ADM1.00033,rice,2023,0.20427023749999998,12
TH.ADM1.00033,rice,2024,0.21091619416666665,12
TH.ADM1.00034,rice,2000,0.301095568,10
TH.ADM1.00034,rice,2001,0.3010120141666667,12
TH.ADM1.00034,rice,2002,0.29923074583333337,12
TH.ADM1.00034,rice,2003,0.3101538741666667,12
TH.ADM1.00034,rice,2004,0.30181412333333335,12
TH.ADM1.00034,rice,2005,0.3067432258333333,12
TH.ADM1.00034,rice,2006,0.3121165066666667,12
TH.ADM1.00034,rice,2007,0.31612488583333337,12
TH.ADM1.00034,rice,2008,0.30965027,12
TH.ADM1.00034,rice,2009,0.3173074925,12
TH.ADM1.00034,rice,2010,0.31735835500000004,12
TH.ADM1.00034,rice,2011,0.3188703783333333,12
TH.ADM1.00034,rice,2012,0.32650645,12
TH.ADM1.00034,rice,2013,0.33212156083333333,12
TH.ADM1.00034,rice,2014,0.32847279583333333,12
TH.ADM1.00034,rice,2015,0.33565979416666664,12
TH.ADM1.00034,rice,2016,0.33612289749999996,12
TH.ADM1.00034,rice,2017,0.33383057499999996,12
TH.ADM1.00034,rice,2018,0.3348171108333333,12
TH.ADM1.00034,rice,2019,0.33815426916666663,12
TH.ADM1.00034,rice,2020,0.3464934625,12
TH.ADM1.00034,rice,2021,0.5376012725,12
TH.ADM1.00034,rice,2022,0.5368786566666667,12
TH.ADM1.00034,rice,2023,0.32757643833333333,12
TH.ADM1.00034,rice,2024,0.3373223425,12
TH.ADM1.00035,rice,2000,0.378386664,10
TH.ADM1.00035,rice,2001,0.37971159666666665,12
TH.ADM1.00035,rice,2002,0.37448870250000005,12
TH.ADM1.00035,rice,2003,0.38251787416666666,12
TH.ADM1.00035,rice,2004,0.3731718333333333,12
TH.ADM1.00035,rice,2005,0.3728748366666667,12
TH.ADM1.00035,rice,2006,0.3861853983333334,12
TH.ADM1.00035,rice,2007,0.3818288575,12
TH.ADM1.00035,rice,2008,0.385661175,12
TH.ADM1.00035,rice,2009,0.3907794866666667,12
TH.ADM1.00035,rice,2010,0.39303828,12
TH.ADM1.00035,rice,2011,0.3979353783333333,12
TH.ADM1.00035,rice,2012,0.3875423241666667,12
TH.ADM1.00035,rice,2013,0.3976185641666667,12
TH.ADM1.00035,rice,2014,0.38640034416666663,12
TH.ADM1.00035,rice,2015,0.39832690333333337,12
TH.ADM1.00035,rice,2016,0.38918087583333333,12
TH.ADM1.00035,rice,2017,0.4143467983333333,12
TH.ADM1.00035,rice,2018,0.40484487416666665,12
TH.ADM1.00035,rice,2019,0.40187792333333333,12
TH.ADM1.00035,rice,2020,0.40033112583333336,12
TH.ADM1.00035,rice,2021,0.44677193499999995,12
TH.ADM1.00035,rice,2022,0.4528180691666666,12
TH.ADM1.00035,rice,2023,0.3994148833333333,12
TH.ADM1.00035,rice,2024,0.4075019016666667,12
TH.ADM1.00036,rice,2000,0.40114989999999995,10
TH.ADM1.00036,rice,2001,0.4003516183333333,12
TH.ADM1.00036,rice,2002,0.39517681416666667,12
TH.ADM1.00036,rice,2003,0.41677167083333333,12
TH.ADM1.00036,rice,2004,0.4075269675,12
TH.ADM1.00036,rice,2005,0.40561670083333334,12
TH.ADM1.00036,rice,2006,0.4104975066666667,12
TH.ADM1.00036,rice,2007,0.4184159333333333,12
TH.ADM1.00036,rice,2008,0.42169532,12
TH.ADM1.00036,rice,2009,0.42220763,12
TH.ADM1.00036,rice,2010,0.4259469,12
TH.ADM1.00036,rice,2011,0.4136220691666667,12
TH.ADM1.00036,rice,2012,0.4322489958333333,12
TH.ADM1.00036,rice,2013,0.4491946533333333,12
TH.ADM1.00036,rice,2014,0.4405216591666667,12
TH.ADM1.00036,rice,2015,0.44862555916666663,12
TH.ADM1.00036,rice,2016,0.4434388491666667,12
TH.ADM1.00036,rice,2017,0.4434683441666667,12
TH.ADM1.00036,rice,2018,0.4545393575,12
TH.ADM1.00036,rice,2019,0.45670456750000005,12
TH.ADM1.00036,rice,2020,0.46964049916666667,12
TH.ADM1.00036,rice,2021,1.0045548450000001,12
TH.ADM1.00036,rice,2022,1.0040279333333333,12
TH.ADM1.00036,rice,2023,0.4423875975,12
TH.ADM1.00036,rice,2024,0.45910509583333337,12
TH.ADM1.00037,rice,2000,0.23566748899999998,10
TH.ADM1.00037,rice,2001,0.21427853675,12
TH.ADM1.00037,rice,2002,0.21769596625,12
TH.ADM1.00037,rice,2003,0.21836386166666666,12
TH.ADM1.00037,rice,2004,0.2002110195,12
TH.ADM1.00037,rice,2005,0.20796182133333332,12
TH.ADM1.00037,rice,2006,0.21511246291666666,12
TH.ADM1.00037,rice,2007,0.21245894750000002,12
TH.ADM1.00037,rice,2008,0.223316246,12
TH.ADM1.00037,rice,2009,0.21521687383333332,12
TH.ADM1.00037,rice,2010,0.20207896416666668,12
TH.ADM1.00037,rice,2011,0.2283182361666667,12
TH.ADM1.00037,rice,2012,0.2291635075,12
TH.ADM1.00037,rice,2013,0.22719927083333333,12
TH.ADM1.00037,rice,2014,0.22621148416666667,12
TH.ADM1.00037,rice,2015,0.22130673583333335,12
TH.ADM1.00037,rice,2016,0.2232505575,12
TH.ADM1.00037,rice,2017,0.23725351833333333,12
TH.ADM1.00037,rice,2018,0.24748878416666667,12
TH.ADM1.00037,rice,2019,0.24516868666666666,12
TH.ADM1.00037,rice,2020,0.24540162833333334,12
TH.ADM1.00037,rice,2021,0.2634042741666667,12
TH.ADM1.00037,rice,2022,0.2772956125,12
TH.ADM1.00037,rice,2023,0.2496273925,12
TH.ADM1.00037,rice,2024,0.25314503416666667,12
TH.ADM1.00037,soybeans,2000,0.24224681499999998,10
TH.ADM1.00037,soybeans,2001,0.21439492950000003,12
TH.ADM1.00037,soybeans,2002,0.2176030525,12
TH.ADM1.00037,soybeans,2003,0.2183836625,12
TH.ADM1.00037,soybeans,2004,0.20466534758333332,12
TH.ADM1.00037,soybeans,2005,0.20794787633333334,12
TH.ADM1.00037,soybeans,2006,0.21435999458333332,12
TH.ADM1.00037,soybeans,2007,0.21144970083333334,12
TH.ADM1.00037,soybeans,2008,0.22897044,12
TH.ADM1.00037,soybeans,2009,0.21355206549999997,12
TH.ADM1.00037,soybeans,2010,0.20029711833333333,12
TH.ADM1.00037,soybeans,2011,0.227986903,12
TH.ADM1.00037,soybeans,2012,0.23436390458333334,12
TH.ADM1.00037,soybeans,2013,0.2268138125,12
TH.ADM1.00037,soybeans,2014,0.22564880033333334,12
TH.ADM1.00037,soybeans,2015,0.22238646333333334,12
TH.ADM1.00037,soybeans,2016,0.228467687,12
TH.ADM1.00037,soybeans,2017,0.23848306583333334,12
TH.ADM1.00037,soybeans,2018,0.24752839166666665,12
TH.ADM1.00037,soybeans,2019,0.30182912916666665,12
TH.ADM1.00037,soybeans,2020,0.30460045333333335,12
TH.ADM1.00037,soybeans,2021,0.26709150833333334,12
TH.ADM1.00037,soybeans,2022,0.2799643375,12
TH.ADM1.00037,soybeans,2023,0.3084640433333333,12
TH.ADM1.00037,soybeans,2024,0.31262745666666664,12
TH.ADM1.00038,rice,2000,0.22465547,10
TH.ADM1.00038,rice,2001,0.21205621566666666,12
TH.ADM1.00038,rice,2002,0.199722395,12
TH.ADM1.00038,rice,2003,0.20596439716666667,12
TH.ADM1.00038,rice,2004,0.18977562216666666,12
TH.ADM1.00038,rice,2005,0.19279327833333335,12
TH.ADM1.00038,rice,2006,0.20299392949999998,12
TH.ADM1.00038,rice,2007,0.19790881824999998,12
TH.ADM1.00038,rice,2008,0.21396128758333333,12
TH.ADM1.00038,rice,2009,0.21614996416666668,12
TH.ADM1.00038,rice,2010,0.207730517,12
TH.ADM1.00038,rice,2011,0.21041800616666664,12
TH.ADM1.00038,rice,2012,0.22211760416666668,12
TH.ADM1.00038,rice,2013,0.2088963555,12
TH.ADM1.00038,rice,2014,0.20703738275000003,12
TH.ADM1.00038,rice,2015,0.20188650383333331,12
TH.ADM1.00038,rice,2016,0.20190787666666665,12
TH.ADM1.00038,rice,2017,0.22469605666666667,12
TH.ADM1.00038,rice,2018,0.23394346749999997,12
TH.ADM1.00038,rice,2019,0.20841001416666668,12
TH.ADM1.00038,rice,2020,0.21063631549999998,12
TH.ADM1.00038,rice,2021,0.22589435833333335,12
TH.ADM1.00038,rice,2022,0.24038324833333333,12
TH.ADM1.00038,rice,2023,0.21803288833333334,12
TH.ADM1.00038,rice,2024,0.2348667325,12
TH.ADM1.00038,soybeans,2000,0.237776773,10
TH.ADM1.00038,soybeans,2001,0.2225184216666667,12
TH.ADM1.00038,soybeans,2002,0.21264475083333334,12
TH.ADM1.00038,soybeans,2003,0.218534115,12
TH.ADM1.00038,soybeans,2004,0.20058249541666665,12
TH.ADM1.00038,soybeans,2005,0.20421836666666668,12
TH.ADM1.00038,soybeans,2006,0.21671816124999999,12
TH.ADM1.00038,soybeans,2007,0.21207829375,12
TH.ADM1.00038,soybeans,2008,0.22688969125,12
TH.ADM1.00038,soybeans,2009,0.231439325,12
TH.ADM1.00038,soybeans,2010,0.22244191666666668,12
TH.ADM1.00038,soybeans,2011,0.22604204883333334,12
TH.ADM1.00038,soybeans,2012,0.23673435916666666,12
TH.ADM1.00038,soybeans,2013,0.22200478133333335,12
TH.ADM1.00038,soybeans,2014,0.22070382833333335,12
TH.ADM1.00038,soybeans,2015,0.21372377666666667,12
TH.ADM1.00038,soybeans,2016,0.21323367950000002,12
TH.ADM1.00038,soybeans,2017,0.24093689716666666,12
TH.ADM1.00038,soybeans,2018,0.2472793825,12
TH.ADM1.00038,soybeans,2019,0.21799436166666666,12
TH.ADM1.00038,soybeans,2020,0.22364551749999997,12
TH.ADM1.00038,soybeans,2021,0.24609644625000002,12
TH.ADM1.00038,soybeans,2022,0.2607161241666667,12
TH.ADM1.00038,soybeans,2023,0.2332848595,12
TH.ADM1.00038,soybeans,2024,0.24821617583333333,12
TH.ADM1.00039,rice,2000,0.40519596199999997,10
TH.ADM1.00039,rice,2001,0.38112522083333333,12
TH.ADM1.00039,rice,2002,0.3841181891666667,12
TH.ADM1.00039,rice,2003,0.3710865808333333,12
TH.ADM1.00039,rice,2004,0.37283833583333337,12
TH.ADM1.00039,rice,2005,0.3692768791666667,12
TH.ADM1.00039,rice,2006,0.38565550416666666,12
TH.ADM1.00039,rice,2007,0.37975201333333336,12
TH.ADM1.00039,rice,2008,0.3830407691666667,12
TH.ADM1.00039,rice,2009,0.38675281083333335,12
TH.ADM1.00039,rice,2010,0.38290204250000004,12
TH.ADM1.00039,rice,2011,0.38394178,12
TH.ADM1.00039,rice,2012,0.3931516783333333,12
TH.ADM1.00039,rice,2013,0.3927847883333333,12
TH.ADM1.00039,rice,2014,0.38368746583333335,12
TH.ADM1.00039,rice,2015,0.3784918033333333,12
TH.ADM1.00039,rice,2016,0.3722230858333333,12
TH.ADM1.00039,rice,2017,0.3981829425,12
TH.ADM1.00039,rice,2018,0.403944525,12
TH.ADM1.00039,rice,2019,0.38994914249999996,12
TH.ADM1.00039,rice,2020,0.38514259666666667,12
TH.ADM1.00039,rice,2021,0.9644206866666667,12
TH.ADM1.00039,rice,2022,0.9764682633333334,12
TH.ADM1.00039,rice,2023,0.3806487416666667,12
TH.ADM1.00039,rice,2024,0.38691234166666666,12
TH.ADM1.00040,rice,2000,0.190807797,10
TH.ADM1.00040,rice,2001,0.18123535916666667,12
TH.ADM1.00040,rice,2002,0.16932224175,12
TH.ADM1.00040,rice,2003,0.18729279916666666,12
TH.ADM1.00040,rice,2004,0.16892403583333335,12
TH.ADM1.00040,rice,2005,0.17779869208333332,12
TH.ADM1.00040,rice,2006,0.173068471,12
TH.ADM1.00040,rice,2007,0.16999620916666666,12
TH.ADM1.00040,rice,2008,0.18238097016666666,12
TH.ADM1.00040,rice,2009,0.18557257916666667,12
TH.ADM1.00040,rice,2010,0.17615727208333332,12
TH.ADM1.00040,rice,2011,0.17520115466666666,12
TH.ADM1.00040,rice,2012,0.19524386208333333,12
TH.ADM1.00040,rice,2013,0.18577663875000003,12
TH.ADM1.00040,rice,2014,0.18616809175000001,12
TH.ADM1.00040,rice,2015,0.1771502029166667,12
TH.ADM1.00040,rice,2016,0.17931362766666667,12
TH.ADM1.00040,rice,2017,0.18032575250000002,12
TH.ADM1.00040,rice,2018,0.20333522166666665,12
TH.ADM1.00040,rice,2019,0.18823601166666667,12
TH.ADM1.00040,rice,2020,0.18090179166666667,12
TH.ADM1.00040,rice,2021,0.18640422550000002,12
TH.ADM1.00040,rice,2022,0.19181191041666668,12
TH.ADM1.00040,rice,2023,0.19750687416666668,12
TH.ADM1.00040,rice,2024,0.2181686283333333,12
TH.ADM1.00040,soybeans,2000,0.190481565,10
TH.ADM1.00040,soybeans,2001,0.18056235875,12
TH.ADM1.00040,soybeans,2002,0.16860311633333333,12
TH.ADM1.00040,soybeans,2003,0.18577360624999997,12
TH.ADM1.00040,soybeans,2004,0.16776238750000003,12
TH.ADM1.00040,soybeans,2005,0.17630323466666667,12
TH.ADM1.00040,soybeans,2006,0.17180509666666666,12
TH.ADM1.00040,soybeans,2007,0.16860513616666664,12
TH.ADM1.00040,soybeans,2008,0.1813472925,12
TH.ADM1.00040,soybeans,2009,0.1845095725,12
TH.ADM1.00040,soybeans,2010,0.17468906383333335,12
TH.ADM1.00040,soybeans,2011,0.1750434763333333,12
TH.ADM1.00040,soybeans,2012,0.19422208500000002,12
TH.ADM1.00040,soybeans,2013,0.18491809866666667,12
TH.ADM1.00040,soybeans,2014,0.18455998116666664,12
TH.ADM1.00040,soybeans,2015,0.17510973283333334,12
TH.ADM1.00040,soybeans,2016,0.1789360103333333,12
TH.ADM1.00040,soybeans,2017,0.17952575666666667,12
TH.ADM1.00040,soybeans,2018,0.20123271366666665,12
TH.ADM1.00040,soybeans,2019,0.18521861833333333,12
TH.ADM1.00040,soybeans,2020,0.17849271416666668,12
TH.ADM1.00040,soybeans,2021,0.1860312345,12
TH.ADM1.00040,soybeans,2022,0.19265855866666667,12
TH.ADM1.00040,soybeans,2023,0.19502301749999998,12
TH.ADM1.00040,soybeans,2024,0.21651273666666668,12
TH.ADM1.00041,rice,2000,0.218335422,10
TH.ADM1.00041,rice,2001,0.20752689916666667,12
TH.ADM1.00041,rice,2002,0.19627368125,12
TH.ADM1.00041,rice,2003,0.21068341666666668,12
TH.ADM1.00041,rice,2004,0.19194308333333332,12
TH.ADM1.00041,rice,2005,0.19756425333333336,12
TH.ADM1.00041,rice,2006,0.19251436833333332,12
TH.ADM1.00041,rice,2007,0.19933734583333332,12
TH.ADM1.00041,rice,2008,0.21159965583333332,12
TH.ADM1.00041,rice,2009,0.2159678713333333,12
TH.ADM1.00041,rice,2010,0.20595912333333333,12
TH.ADM1.00041,rice,2011,0.206272115,12
TH.ADM1.00041,rice,2012,0.2249709325,12
TH.ADM1.00041,rice,2013,0.21229779916666666,12
TH.ADM1.00041,rice,2014,0.20846531666666668,12
TH.ADM1.00041,rice,2015,0.20525525583333334,12
TH.ADM1.00041,rice,2016,0.20304055375,12
TH.ADM1.00041,rice,2017,0.21425659416666668,12
TH.ADM1.00041,rice,2018,0.23032293583333333,12
TH.ADM1.00041,rice,2019,0.22030213499999998,12
TH.ADM1.00041,rice,2020,0.2200417875,12
TH.ADM1.00041,rice,2021,0.239709435,12
TH.ADM1.00041,rice,2022,0.2389092025,12
TH.ADM1.00041,rice,2023,0.2238674325,12
TH.ADM1.00041,rice,2024,0.2450764533333333,12
TH.ADM1.00041,soybeans,2000,0.234305712,10
TH.ADM1.00041,soybeans,2001,0.22342749166666667,12
TH.ADM1.00041,soybeans,2002,0.21022900333333336,12
TH.ADM1.00041,soybeans,2003,0.22447262,12
TH.ADM1.00041,soybeans,2004,0.20486716041666667,12
TH.ADM1.00041,soybeans,2005,0.20984642616666668,12
TH.ADM1.00041,soybeans,2006,0.20753514166666667,12
TH.ADM1.00041,soybeans,2007,0.21265405125,12
TH.ADM1.00041,soybeans,2008,0.22474836416666666,12
TH.ADM1.00041,soybeans,2009,0.226246845,12
TH.ADM1.00041,soybeans,2010,0.21656778583333333,12
TH.ADM1.00041,soybeans,2011,0.22672089333333334,12
TH.ADM1.00041,soybeans,2012,0.24052128916666668,12
TH.ADM1.00041,soybeans,2013,0.22540913666666665,12
TH.ADM1.00041,soybeans,2014,0.22487985,12
TH.ADM1.00041,soybeans,2015,0.21848316666666667,12
TH.ADM1.00041,soybeans,2016,0.22143905,12
TH.ADM1.00041,soybeans,2017,0.233783,12
TH.ADM1.00041,soybeans,2018,0.24897463500000003,12
TH.ADM1.00041,soybeans,2019,0.22857288166666667,12
TH.ADM1.00041,soybeans,2020,0.232550145,12
TH.ADM1.00041,soybeans,2021,0.24467204500000003,12
TH.ADM1.00041,soybeans,2022,0.24807072166666666,12
TH.ADM1.00041,soybeans,2023,0.23601295416666668,12
TH.ADM1.00041,soybeans,2024,0.25341427333333333,12
TH.ADM1.00042,rice,2000,0.28612951600000003,10
TH.ADM1.00042,rice,2001,0.283390672,12
TH.ADM1.00042,rice,2002,0.2776487671666667,12
TH.ADM1.00042,rice,2003,0.2752628775,12
TH.ADM1.00042,rice,2004,0.24908407833333332,12
TH.ADM1.00042,rice,2005,0.25838639916666667,12
TH.ADM1.00042,rice,2006,0.2722767858333333,12
TH.ADM1.00042,rice,2007,0.261480373,12
TH.ADM1.00042,rice,2008,0.27085897166666667,12
TH.ADM1.00042,rice,2009,0.27005093416666665,12
TH.ADM1.00042,rice,2010,0.24778783083333333,12
TH.ADM1.00042,rice,2011,0.290310835,12
TH.ADM1.00042,rice,2012,0.28089902333333333,12
TH.ADM1.00042,rice,2013,0.27347286416666666,12
TH.ADM1.00042,rice,2014,0.2676575225,12
TH.ADM1.00042,rice,2015,0.24832237916666666,12
TH.ADM1.00042,rice,2016,0.25773866916666666,12
TH.ADM1.00042,rice,2017,0.29262287416666666,12
TH.ADM1.00042,rice,2018,0.28652377333333334,12
TH.ADM1.00042,rice,2019,0.2519789975,12
TH.ADM1.00042,rice,2020,0.25433409333333334,12
TH.ADM1.00042,rice,2021,0.2834743125,12
TH.ADM1.00042,rice,2022,0.29116387666666665,12
TH.ADM1.00042,rice,2023,0.26144809,12
TH.ADM1.00042,rice,2024,0.27678922083333335,12
TH.ADM1.00042,soybeans,2000,0.324195184,10
TH.ADM1.00042,soybeans,2001,0.309980035,12
TH.ADM1.00042,soybeans,2002,0.3106937708333333,12
TH.ADM1.00042,soybeans,2003,0.3075042883333333,12
TH.ADM1.00042,soybeans,2004,0.27404782666666666,12
TH.ADM1.00042,soybeans,2005,0.28123688166666666,12
TH.ADM1.00042,soybeans,2006,0.2998733725,12
TH.ADM1.00042,soybeans,2007,0.2941384303333333,12
TH.ADM1.00042,soybeans,2008,0.305912805,12
TH.ADM1.00042,soybeans,2009,0.29564835,12
TH.ADM1.00042,soybeans,2010,0.2823438675,12
TH.ADM1.00042,soybeans,2011,0.32275346916666664,12
TH.ADM1.00042,soybeans,2012,0.3045642783333333,12
TH.ADM1.00042,soybeans,2013,0.30863005416666667,12
TH.ADM1.00042,soybeans,2014,0.3024729858333333,12
TH.ADM1.00042,soybeans,2015,0.28305628,12
TH.ADM1.00042,soybeans,2016,0.2967271825,12
TH.ADM1.00042,soybeans,2017,0.3258711675,12
TH.ADM1.00042,soybeans,2018,0.32726963166666667,12
TH.ADM1.00042,soybeans,2019,0.2956433575,12
TH.ADM1.00042,soybeans,2020,0.2781080341666667,12
TH.ADM1.00042,soybeans,2021,0.31897179833333333,12
TH.ADM1.00042,soybeans,2022,0.3254507775,12
TH.ADM1.00042,soybeans,2023,0.2949550633333333,12
TH.ADM1.00042,soybeans,2024,0.31692519583333334,12
TH.ADM1.00043,rice,2000,1.020275531,10
TH.ADM1.00043,rice,2001,1.0249743583333333,12
TH.ADM1.00043,rice,2002,1.0182806558333333,12
TH.ADM1.00043,rice,2003,1.0139183666666667,12
TH.ADM1.00043,rice,2004,1.0141823983333333,12
TH.ADM1.00043,rice,2005,1.0136499125,12
TH.ADM1.00043,rice,2006,1.0134678,12
TH.ADM1.00043,rice,2007,1.0116171866666666,12
TH.ADM1.00043,rice,2008,1.0119274016666668,12
TH.ADM1.00043,rice,2009,1.0142134125,12
TH.ADM1.00043,rice,2010,1.0216002491666667,12
TH.ADM1.00043,rice,2011,1.024556075,12
TH.ADM1.00043,rice,2012,1.0209683275,12
TH.ADM1.00043,rice,2013,1.0196944916666666,12
TH.ADM1.00043,rice,2014,1.0172537783333333,12
TH.ADM1.00043,rice,2015,1.0174559275000001,12
TH.ADM1.00043,rice,2016,1.0169808891666667,12
TH.ADM1.00043,rice,2017,1.0345000583333333,12
TH.ADM1.00043,rice,2018,1.030775725,12
TH.ADM1.00043,rice,2019,1.02517975,12
TH.ADM1.00043,rice,2020,1.0115595841666667,12
TH.ADM1.00043,rice,2021,1.3135519416666666,12
TH.ADM1.00043,rice,2022,1.3230462416666666,12
TH.ADM1.00043,rice,2023,1.0143240166666667,12
TH.ADM1.00043,rice,2024,1.0082377208333333,12
TH.ADM1.00044,rice,2000,0.213854103,10
TH.ADM1.00044,rice,2001,0.20165026791666665,12
TH.ADM1.00044,rice,2002,0.19454441033333333,12
TH.ADM1.00044,rice,2003,0.20121008375000002,12
TH.ADM1.00044,rice,2004,0.18146613458333336,12
TH.ADM1.00044,rice,2005,0.18418994666666666,12
TH.ADM1.00044,rice,2006,0.20037593499999998,12
TH.ADM1.00044,rice,2007,0.1995778379166667,12
TH.ADM1.00044,rice,2008,0.19402011933333332,12
TH.ADM1.00044,rice,2009,0.20917281333333335,12
TH.ADM1.00044,rice,2010,0.20093485958333335,12
TH.ADM1.00044,rice,2011,0.20013451716666666,12
TH.ADM1.00044,rice,2012,0.20853776999999998,12
TH.ADM1.00044,rice,2013,0.198895385,12
TH.ADM1.00044,rice,2014,0.20968555,12
TH.ADM1.00044,rice,2015,0.19118357491666668,12
TH.ADM1.00044,rice,2016,0.20283871166666667,12
TH.ADM1.00044,rice,2017,0.21927388,12
TH.ADM1.00044,rice,2018,0.216732405,12
TH.ADM1.00044,rice,2019,0.20787777833333332,12
TH.ADM1.00044,rice,2020,0.20704674666666667,12
TH.ADM1.00044,rice,2021,0.21523065916666664,12
TH.ADM1.00044,rice,2022,0.22123074833333334,12
TH.ADM1.00044,rice,2023,0.21058746166666667,12
TH.ADM1.00044,rice,2024,0.2204696283333333,12
TH.ADM1.00044,soybeans,2000,0.284223041,10
TH.ADM1.00044,soybeans,2001,0.276422095,12
TH.ADM1.00044,soybeans,2002,0.2628177155,12
TH.ADM1.00044,soybeans,2003,0.28165906625,12
TH.ADM1.00044,soybeans,2004,0.2437361179166667,12
TH.ADM1.00044,soybeans,2005,0.25714246125,12
TH.ADM1.00044,soybeans,2006,0.2847395188333333,12
TH.ADM1.00044,soybeans,2007,0.27664667216666666,12
TH.ADM1.00044,soybeans,2008,0.2727522125,12
TH.ADM1.00044,soybeans,2009,0.275166905,12
TH.ADM1.00044,soybeans,2010,0.27336655833333334,12
TH.ADM1.00044,soybeans,2011,0.28606901833333337,12
TH.ADM1.00044,soybeans,2012,0.294182125,12
TH.ADM1.00044,soybeans,2013,0.29692331916666664,12
TH.ADM1.00044,soybeans,2014,0.28135623416666666,12
TH.ADM1.00044,soybeans,2015,0.2681567516666667,12
TH.ADM1.00044,soybeans,2016,0.26804001966666663,12
TH.ADM1.00044,soybeans,2017,0.29172274833333334,12
TH.ADM1.00044,soybeans,2018,0.30358402,12
TH.ADM1.00044,soybeans,2019,0.281917245,12
TH.ADM1.00044,soybeans,2020,0.26682087000000004,12
TH.ADM1.00044,soybeans,2021,0.26118438083333334,12
TH.ADM1.00044,soybeans,2022,0.27493464333333334,12
TH.ADM1.00044,soybeans,2023,0.28425113166666666,12
TH.ADM1.00044,soybeans,2024,0.3053475683333333,12
TH.ADM1.00045,rice,2000,0.32930853,10
TH.ADM1.00045,rice,2001,0.316769435,12
TH.ADM1.00045,rice,2002,0.30882109416666664,12
TH.ADM1.00045,rice,2003,0.30617910833333334,12
TH.ADM1.00045,rice,2004,0.2995724708333333,12
TH.ADM1.00045,rice,2005,0.29479413250000003,12
TH.ADM1.00045,rice,2006,0.3221677741666667,12
TH.ADM1.00045,rice,2007,0.3010346333333333,12
TH.ADM1.00045,rice,2008,0.3136537758333333,12
TH.ADM1.00045,rice,2009,0.3113917016666667,12
TH.ADM1.00045,rice,2010,0.3093021175,12
TH.ADM1.00045,rice,2011,0.3166992066666667,12
TH.ADM1.00045,rice,2012,0.323646885,12
TH.ADM1.00045,rice,2013,0.33167535916666663,12
TH.ADM1.00045,rice,2014,0.322591665,12
TH.ADM1.00045,rice,2015,0.32279869,12
TH.ADM1.00045,rice,2016,0.3131521625,12
TH.ADM1.00045,rice,2017,0.34509097166666663,12
TH.ADM1.00045,rice,2018,0.35031467833333335,12
TH.ADM1.00045,rice,2019,0.35162822,12
TH.ADM1.00045,rice,2020,0.32775498166666667,12
TH.ADM1.00045,rice,2021,0.9885547625000001,12
TH.ADM1.00045,rice,2022,1.0008791583333332,12
TH.ADM1.00045,rice,2023,0.32133839583333335,12
TH.ADM1.00045,rice,2024,0.3443187108333334,12
TH.ADM1.00046,rice,2000,0.223251413,10
TH.ADM1.00046,rice,2001,0.21627280833333332,12
TH.ADM1.00046,rice,2002,0.21480729666666667,12
TH.ADM1.00046,rice,2003,0.21902035666666667,12
TH.ADM1.00046,rice,2004,0.20515990833333334,12
TH.ADM1.00046,rice,2005,0.21180886916666666,12
TH.ADM1.00046,rice,2006,0.20358960666666667,12
TH.ADM1.00046,rice,2007,0.21586335999999998,12
TH.ADM1.00046,rice,2008,0.21244119166666667,12
TH.ADM1.00046,rice,2009,0.21405590833333332,12
TH.ADM1.00046,rice,2010,0.21556549,12
TH.ADM1.00046,rice,2011,0.1956020195,12
TH.ADM1.00046,rice,2012,0.21785543166666665,12
TH.ADM1.00046,rice,2013,0.21379300833333334,12
TH.ADM1.00046,rice,2014,0.2041042683333333,12
TH.ADM1.00046,rice,2015,0.20670058666666666,12
TH.ADM1.00046,rice,2016,0.2050814475,12
TH.ADM1.00046,rice,2017,0.22256067499999999,12
TH.ADM1.00046,rice,2018,0.22257294166666666,12
TH.ADM1.00046,rice,2019,0.21438350833333333,12
TH.ADM1.00046,rice,2020,0.22201035916666667,12
TH.ADM1.00046,rice,2021,0.21071357833333335,12
TH.ADM1.00046,rice,2022,0.214010135,12
TH.ADM1.00046,rice,2023,0.21059553916666665,12
TH.ADM1.00046,rice,2024,0.21954975,12
TH.ADM1.00047,rice,2000,0.390340743,10
TH.ADM1.00047,rice,2001,0.3908471333333334,12
TH.ADM1.00047,rice,2002,0.38766438166666667,12
TH.ADM1.00047,rice,2003,0.3947760625,12
TH.ADM1.00047,rice,2004,0.39346079166666664,12
TH.ADM1.00047,rice,2005,0.3859587983333333,12
TH.ADM1.00047,rice,2006,0.41162893166666664,12
TH.ADM1.00047,rice,2007,0.39570091916666666,12
TH.ADM1.00047,rice,2008,0.4044524358333333,12
TH.ADM1.00047,rice,2009,0.40709949749999996,12
TH.ADM1.00047,rice,2010,0.41562438916666666,12
TH.ADM1.00047,rice,2011,0.4147304766666666,12
TH.ADM1.00047,rice,2012,0.42525683750000004,12
TH.ADM1.00047,rice,2013,0.43789403250000003,12
TH.ADM1.00047,rice,2014,0.4149017716666667,12
TH.ADM1.00047,rice,2015,0.4191087466666667,12
TH.ADM1.00047,rice,2016,0.4164915658333333,12
TH.ADM1.00047,rice,2017,0.43374516333333335,12
TH.ADM1.00047,rice,2018,0.4209257866666667,12
TH.ADM1.00047,rice,2019,0.4200550983333333,12
TH.ADM1.00047,rice,2020,0.43612239333333336,12
TH.ADM1.00047,rice,2021,0.4379818675,12
TH.ADM1.00047,rice,2022,0.4418618641666667,12
TH.ADM1.00047,rice,2023,0.4051040358333333,12
TH.ADM1.00047,rice,2024,0.4093047008333333,12
TH.ADM1.00048,rice,2000,0.2312123324,10
TH.ADM1.00048,rice,2001,0.21150046666666666,12
TH.ADM1.00048,rice,2002,0.21401614800000002,12
TH.ADM1.00048,rice,2003,0.2121879183333333,12
TH.ADM1.00048,rice,2004,0.19893826166666664,12
TH.ADM1.00048,rice,2005,0.20560069666666667,12
TH.ADM1.00048,rice,2006,0.21855030033333334,12
TH.ADM1.00048,rice,2007,0.21371555208333334,12
TH.ADM1.00048,rice,2008,0.21865292916666668,12
TH.ADM1.00048,rice,2009,0.22216244541666666,12
TH.ADM1.00048,rice,2010,0.22148805166666666,12
TH.ADM1.00048,rice,2011,0.22412324208333334,12
TH.ADM1.00048,rice,2012,0.22874367583333333,12
TH.ADM1.00048,rice,2013,0.23217035333333333,12
TH.ADM1.00048,rice,2014,0.22243889083333335,12
TH.ADM1.00048,rice,2015,0.22074648666666666,12
TH.ADM1.00048,rice,2016,0.22049886500000002,12
TH.ADM1.00048,rice,2017,0.2440388758333333,12
TH.ADM1.00048,rice,2018,0.24988104583333334,12
TH.ADM1.00048,rice,2019,0.236243475,12
TH.ADM1.00048,rice,2020,0.23536502333333334,12
TH.ADM1.00048,rice,2021,0.23283497583333335,12
TH.ADM1.00048,rice,2022,0.2439964125,12
TH.ADM1.00048,rice,2023,0.23231945666666665,12
TH.ADM1.00048,rice,2024,0.2466297125,12
TH.ADM1.00049,rice,2000,0.351407146,10
TH.ADM1.00049,rice,2001,0.34016545333333337,12
TH.ADM1.00049,rice,2002,0.3355114225,12
TH.ADM1.00049,rice,2003,0.3395220941666666,12
TH.ADM1.00049,rice,2004,0.3253642608333333,12
TH.ADM1.00049,rice,2005,0.3409994575,12
TH.ADM1.00049,rice,2006,0.34162348249999996,12
TH.ADM1.00049,rice,2007,0.3283661775,12
TH.ADM1.00049,rice,2008,0.3344582541666667,12
TH.ADM1.00049,rice,2009,0.3350645433333333,12
TH.ADM1.00049,rice,2010,0.3557166133333333,12
TH.ADM1.00049,rice,2011,0.34595383083333336,12
TH.ADM1.00049,rice,2012,0.35900992000000004,12
TH.ADM1.00049,rice,2013,0.3682974458333333,12
TH.ADM1.00049,rice,2014,0.36049494499999996,12
TH.ADM1.00049,rice,2015,0.35149840000000004,12
TH.ADM1.00049,rice,2016,0.35579240250000005,12
TH.ADM1.00049,rice,2017,0.36599369416666666,12
TH.ADM1.00049,rice,2018,0.35825337583333333,12
TH.ADM1.00049,rice,2019,0.3508996791666667,12
TH.ADM1.00049,rice,2020,0.3588891575,12
TH.ADM1.00049,rice,2021,0.3814355641666667,12
TH.ADM1.00049,rice,2022,0.38793226500000005,12
TH.ADM1.00049,rice,2023,0.33185569333333337,12
TH.ADM1.00049,rice,2024,0.34559908,12
TH.ADM1.00050,rice,2000,0.159745487,10
TH.ADM1.00050,rice,2001,0.16024649208333333,12
TH.ADM1.00050,rice,2002,0.1656052095,12
TH.ADM1.00050,rice,2003,0.162747065,12
TH.ADM1.00050,rice,2004,0.15052120666666666,12
TH.ADM1.00050,rice,2005,0.15716298625,12
TH.ADM1.00050,rice,2006,0.16582506791666665,12
TH.ADM1.00050,rice,2007,0.16926114925,12
TH.ADM1.00050,rice,2008,0.16878989583333334,12
TH.ADM1.00050,rice,2009,0.17637476541666666,12
TH.ADM1.00050,rice,2010,0.17299939083333335,12
TH.ADM1.00050,rice,2011,0.17102804000000002,12
TH.ADM1.00050,rice,2012,0.18851985833333332,12
TH.ADM1.00050,rice,2013,0.17781901958333335,12
TH.ADM1.00050,rice,2014,0.18678532833333336,12
TH.ADM1.00050,rice,2015,0.17733758791666665,12
TH.ADM1.00050,rice,2016,0.18299345541666667,12
TH.ADM1.00050,rice,2017,0.1854253955,12
TH.ADM1.00050,rice,2018,0.18938874583333334,12
TH.ADM1.00050,rice,2019,0.1792764784166667,12
TH.ADM1.00050,rice,2020,0.19526905625000002,12
TH.ADM1.00050,rice,2021,0.1988065725,12
TH.ADM1.00050,rice,2022,0.19366813291666665,12
TH.ADM1.00050,rice,2023,0.19207401666666668,12
TH.ADM1.00050,rice,2024,0.2047631453333333,12
TH.ADM1.00050,soybeans,2000,0.163714527,10
TH.ADM1.00050,soybeans,2001,0.16204835333333334,12
TH.ADM1.00050,soybeans,2002,0.167989924,12
TH.ADM1.00050,soybeans,2003,0.16478577291666666,12
TH.ADM1.00050,soybeans,2004,0.15203975766666666,12
TH.ADM1.00050,soybeans,2005,0.15837575741666668,12
TH.ADM1.00050,soybeans,2006,0.16806206450000002,12
TH.ADM1.00050,soybeans,2007,0.17079414091666667,12
TH.ADM1.00050,soybeans,2008,0.17135999158333334,12
TH.ADM1.00050,soybeans,2009,0.17827127750000002,12
TH.ADM1.00050,soybeans,2010,0.17516415308333333,12
TH.ADM1.00050,soybeans,2011,0.17283184666666665,12
TH.ADM1.00050,soybeans,2012,0.19034969383333333,12
TH.ADM1.00050,soybeans,2013,0.17970694333333334,12
TH.ADM1.00050,soybeans,2014,0.18896812916666664,12
TH.ADM1.00050,soybeans,2015,0.18010036541666666,12
TH.ADM1.00050,soybeans,2016,0.18590271083333332,12
TH.ADM1.00050,soybeans,2017,0.18915968908333333,12
TH.ADM1.00050,soybeans,2018,0.19220374083333336,12
TH.ADM1.00050,soybeans,2019,0.18301079258333333,12
TH.ADM1.00050,soybeans,2020,0.19815353791666668,12
TH.ADM1.00050,soybeans,2021,0.20251139083333333,12
TH.ADM1.00050,soybeans,2022,0.19763696416666665,12
TH.ADM1.00050,soybeans,2023,0.19442937625,12
TH.ADM1.00050,soybeans,2024,0.2078701445,12
TH.ADM1.00051,rice,2000,0.1965801644,10
TH.ADM1.00051,rice,2001,0.18136961883333333,12
TH.ADM1.00051,rice,2002,0.18405229666666667,12
TH.ADM1.00051,rice,2003,0.18978720500000001,12
TH.ADM1.00051,rice,2004,0.17590971600000002,12
TH.ADM1.00051,rice,2005,0.17247063666666665,12
TH.ADM1.00051,rice,2006,0.18941214916666668,12
TH.ADM1.00051,rice,2007,0.17907085666666667,12
TH.ADM1.00051,rice,2008,0.19220033583333332,12
TH.ADM1.00051,rice,2009,0.19385103983333332,12
TH.ADM1.00051,rice,2010,0.20252325999999998,12
TH.ADM1.00051,rice,2011,0.19272657666666668,12
TH.ADM1.00051,rice,2012,0.2013814203333333,12
TH.ADM1.00051,rice,2013,0.18945488716666667,12
TH.ADM1.00051,rice,2014,0.20291206333333334,12
TH.ADM1.00051,rice,2015,0.19368819041666666,12
TH.ADM1.00051,rice,2016,0.20724384291666667,12
TH.ADM1.00051,rice,2017,0.21599391,12
TH.ADM1.00051,rice,2018,0.20637798083333334,12
TH.ADM1.00051,rice,2019,0.2154503125,12
TH.ADM1.00051,rice,2020,0.2283179505,12
TH.ADM1.00051,rice,2021,0.23968769416666666,12
TH.ADM1.00051,rice,2022,0.24169574166666666,12
TH.ADM1.00051,rice,2023,0.2140058775,12
TH.ADM1.00051,rice,2024,0.22867106,12
TH.ADM1.00051,soybeans,2000,0.220610798,10
TH.ADM1.00051,soybeans,2001,0.20520504458333333,12
TH.ADM1.00051,soybeans,2002,0.20826306833333333,12
TH.ADM1.00051,soybeans,2003,0.2138499675,12
TH.ADM1.00051,soybeans,2004,0.19987193749999999,12
TH.ADM1.00051,soybeans,2005,0.1960029275,12
TH.ADM1.00051,soybeans,2006,0.21336294583333335,12
TH.ADM1.00051,soybeans,2007,0.20297068633333334,12
TH.ADM1.00051,soybeans,2008,0.21716389041666664,12
TH.ADM1.00051,soybeans,2009,0.21838371450000002,12
TH.ADM1.00051,soybeans,2010,0.22791770874999998,12
TH.ADM1.00051,soybeans,2011,0.21811762541666666,12
TH.ADM1.00051,soybeans,2012,0.22656242633333334,12
TH.ADM1.00051,soybeans,2013,0.21446681541666668,12
TH.ADM1.00051,soybeans,2014,0.22841875291666666,12
TH.ADM1.00051,soybeans,2015,0.21908586916666664,12
TH.ADM1.00051,soybeans,2016,0.23291143116666665,12
TH.ADM1.00051,soybeans,2017,0.24187833833333336,12
TH.ADM1.00051,soybeans,2018,0.232534845,12
TH.ADM1.00051,soybeans,2019,0.24397639916666666,12
TH.ADM1.00051,soybeans,2020,0.2566281816666667,12
TH.ADM1.00051,soybeans,2021,0.2477979075,12
TH.ADM1.00051,soybeans,2022,0.24952374333333335,12
TH.ADM1.00051,soybeans,2023,0.24221437166666668,12
TH.ADM1.00051,soybeans,2024,0.25650195416666666,12
TH.ADM1.00052,rice,2000,0.16372536850000002,10
TH.ADM1.00052,rice,2001,0.15936203166666665,12
TH.ADM1.00052,rice,2002,0.16190392125,12
TH.ADM1.00052,rice,2003,0.15359177616666667,12
TH.ADM1.00052,rice,2004,0.14279413916666667,12
TH.ADM1.00052,rice,2005,0.14846119283333334,12
TH.ADM1.00052,rice,2006,0.15263526458333335,12
TH.ADM1.00052,rice,2007,0.15219043433333332,12
TH.ADM1.00052,rice,2008,0.14885040041666667,12
TH.ADM1.00052,rice,2009,0.14892410133333334,12
TH.ADM1.00052,rice,2010,0.15971623083333333,12
TH.ADM1.00052,rice,2011,0.14804602833333333,12
TH.ADM1.00052,rice,2012,0.1500950345,12
TH.ADM1.00052,rice,2013,0.162921585,12
TH.ADM1.00052,rice,2014,0.14503164041666666,12
TH.ADM1.00052,rice,2015,0.13862777766666667,12
TH.ADM1.00052,rice,2016,0.14656020708333334,12
TH.ADM1.00052,rice,2017,0.14924453341666666,12
TH.ADM1.00052,rice,2018,0.14450709666666667,12
TH.ADM1.00052,rice,2019,0.13795209033333333,12
TH.ADM1.00052,rice,2020,0.14265265033333333,12
TH.ADM1.00052,rice,2021,0.13774455083333334,12
TH.ADM1.00052,rice,2022,0.14511469416666667,12
TH.ADM1.00052,rice,2023,0.12383890533333332,12
TH.ADM1.00052,rice,2024,0.13681533166666668,12
TH.ADM1.00053,rice,2000,0.206292086,10
TH.ADM1.00053,rice,2001,0.19698982666666667,12
TH.ADM1.00053,rice,2002,0.19067536866666668,12
TH.ADM1.00053,rice,2003,0.18808022033333335,12
TH.ADM1.00053,rice,2004,0.18223085549999998,12
TH.ADM1.00053,rice,2005,0.18833672916666666,12
TH.ADM1.00053,rice,2006,0.18914153833333333,12
TH.ADM1.00053,rice,2007,0.1853371925,12
TH.ADM1.00053,rice,2008,0.18930594999999997,12
TH.ADM1.00053,rice,2009,0.19300567833333335,12
TH.ADM1.00053,rice,2010,0.19807155666666665,12
TH.ADM1.00053,rice,2011,0.18918090750000002,12
TH.ADM1.00053,rice,2012,0.19183318500000002,12
TH.ADM1.00053,rice,2013,0.19431289,12
TH.ADM1.00053,rice,2014,0.18437787083333335,12
TH.ADM1.00053,rice,2015,0.1870365275,12
TH.ADM1.00053,rice,2016,0.18438514166666667,12
TH.ADM1.00053,rice,2017,0.19575859250000002,12
TH.ADM1.00053,rice,2018,0.20401448083333332,12
TH.ADM1.00053,rice,2019,0.19535907249999998,12
TH.ADM1.00053,rice,2020,0.19856481583333332,12
TH.ADM1.00053,rice,2021,0.24432977166666667,12
TH.ADM1.00053,rice,2022,0.25183031666666666,12
TH.ADM1.00053,rice,2023,0.19279012666666664,12
TH.ADM1.00053,rice,2024,0.20551175916666667,12
TH.ADM1.00054,rice,2000,0.302445434,10
TH.ADM1.00054,rice,2001,0.2958742325,12
TH.ADM1.00054,rice,2002,0.29507519666666665,12
TH.ADM1.00054,rice,2003,0.28974187916666666,12
TH.ADM1.00054,rice,2004,0.2799309091666667,12
TH.ADM1.00054,rice,2005,0.28664398333333335,12
TH.ADM1.00054,rice,2006,0.29475597166666667,12
TH.ADM1.00054,rice,2007,0.28716899333333334,12
TH.ADM1.00054,rice,2008,0.2915406883333333,12
TH.ADM1.00054,rice,2009,0.2924422858333333,12
TH.ADM1.00054,rice,2010,0.30236009583333334,12
TH.ADM1.00054,rice,2011,0.3050302108333333,12
TH.ADM1.00054,rice,2012,0.30711225166666667,12
TH.ADM1.00054,rice,2013,0.3100379166666667,12
TH.ADM1.00054,rice,2014,0.3036703725,12
TH.ADM1.00054,rice,2015,0.289479955,12
TH.ADM1.00054,rice,2016,0.276654465,12
TH.ADM1.00054,rice,2017,0.2988374166666667,12
TH.ADM1.00054,rice,2018,0.3090715316666667,12
TH.ADM1.00054,rice,2019,0.2992206025,12
TH.ADM1.00054,rice,2020,0.28662427500000004,12
TH.ADM1.00054,rice,2021,0.8451146225,12
TH.ADM1.00054,rice,2022,0.8590500849999999,12
TH.ADM1.00054,rice,2023,0.293005785,12
TH.ADM1.00054,rice,2024,0.2943265566666667,12
TH.ADM1.00055,rice,2000,0.213762246,10
TH.ADM1.00055,rice,2001,0.2074512525,12
TH.ADM1.00055,rice,2002,0.20411727633333332,12
TH.ADM1.00055,rice,2003,0.21102684049999998,12
TH.ADM1.00055,rice,2004,0.1977436478333333,12
TH.ADM1.00055,rice,2005,0.1979087825,12
TH.ADM1.00055,rice,2006,0.20564052958333334,12
TH.ADM1.00055,rice,2007,0.20560624583333334,12
TH.ADM1.00055,rice,2008,0.20653614750000002,12
TH.ADM1.00055,rice,2009,0.21625449116666665,12
TH.ADM1.00055,rice,2010,0.20171097833333332,12
TH.ADM1.00055,rice,2011,0.20800259916666666,12
TH.ADM1.00055,rice,2012,0.22506135333333332,12
TH.ADM1.00055,rice,2013,0.20581332249999998,12
TH.ADM1.00055,rice,2014,0.1984501725,12
TH.ADM1.00055,rice,2015,0.194267317,12
TH.ADM1.00055,rice,2016,0.19134116625,12
TH.ADM1.00055,rice,2017,0.21571049,12
TH.ADM1.00055,rice,2018,0.22391546166666665,12
TH.ADM1.00055,rice,2019,0.21363511333333332,12
TH.ADM1.00055,rice,2020,0.20790670458333335,12
TH.ADM1.00055,rice,2021,0.21885918383333333,12
TH.ADM1.00055,rice,2022,0.22910883,12
TH.ADM1.00055,rice,2023,0.21428145416666666,12
TH.ADM1.00055,rice,2024,0.2245543875,12
TH.ADM1.00055,soybeans,2000,0.267979952,10
TH.ADM1.00055,soybeans,2001,0.23323030541666667,12
TH.ADM1.00055,soybeans,2002,0.2219612875,12
TH.ADM1.00055,soybeans,2003,0.24917127083333335,12
TH.ADM1.00055,soybeans,2004,0.22262715125,12
TH.ADM1.00055,soybeans,2005,0.21719159791666665,12
TH.ADM1.00055,soybeans,2006,0.2596432766666667,12
TH.ADM1.00055,soybeans,2007,0.23259647416666665,12
TH.ADM1.00055,soybeans,2008,0.2430731975,12
TH.ADM1.00055,soybeans,2009,0.24669078999999997,12
TH.ADM1.00055,soybeans,2010,0.2513122958333333,12
TH.ADM1.00055,soybeans,2011,0.24897683116666666,12
TH.ADM1.00055,soybeans,2012,0.251928805,12
TH.ADM1.00055,soybeans,2013,0.24343967416666668,12
TH.ADM1.00055,soybeans,2014,0.22234890591666667,12
TH.ADM1.00055,soybeans,2015,0.23022258283333333,12
TH.ADM1.00055,soybeans,2016,0.23891208500000002,12
TH.ADM1.00055,soybeans,2017,0.26775146499999997,12
TH.ADM1.00055,soybeans,2018,0.2679197225,12
TH.ADM1.00055,soybeans,2019,0.231964392,12
TH.ADM1.00055,soybeans,2020,0.247070307,12
TH.ADM1.00055,soybeans,2021,0.2512615,12
TH.ADM1.00055,soybeans,2022,0.2643505116666667,12
TH.ADM1.00055,soybeans,2023,0.24814760333333333,12
TH.ADM1.00055,soybeans,2024,0.259332085,12
TH.ADM1.00056,rice,2000,0.343281468,10
TH.ADM1.00056,rice,2001,0.354160585,12
TH.ADM1.00056,rice,2002,0.35450287166666666,12
TH.ADM1.00056,rice,2003,0.3630769491666667,12
TH.ADM1.00056,rice,2004,0.34606727416666666,12
TH.ADM1.00056,rice,2005,0.34744715666666665,12
TH.ADM1.00056,rice,2006,0.36136128333333334,12
TH.ADM1.00056,rice,2007,0.3624755716666667,12
TH.ADM1.00056,rice,2008,0.370907415,12
TH.ADM1.00056,rice,2009,0.3761508375,12
TH.ADM1.00056,rice,2010,0.37653616250000005,12
TH.ADM1.00056,rice,2011,0.3752047375,12
TH.ADM1.00056,rice,2012,0.3799619125,12
TH.ADM1.00056,rice,2013,0.3811089341666667,12
TH.ADM1.00056,rice,2014,0.3725181458333333,12
TH.ADM1.00056,rice,2015,0.3801285591666667,12
TH.ADM1.00056,rice,2016,0.3656964175,12
TH.ADM1.00056,rice,2017,0.38962121583333337,12
TH.ADM1.00056,rice,2018,0.3805619116666667,12
TH.ADM1.00056,rice,2019,0.3896262058333333,12
TH.ADM1.00056,rice,2020,0.37459269166666664,12
TH.ADM1.00056,rice,2021,0.6523940658333333,12
TH.ADM1.00056,rice,2022,0.6524522925,12
TH.ADM1.00056,rice,2023,0.37324289083333334,12
TH.ADM1.00056,rice,2024,0.38473557166666666,12
TH.ADM1.00057,rice,2000,0.182311001,10
TH.ADM1.00057,rice,2001,0.17873845541666666,12
TH.ADM1.00057,rice,2002,0.1820542825,12
TH.ADM1.00057,rice,2003,0.18554412125,12
TH.ADM1.00057,rice,2004,0.17375712000000001,12
TH.ADM1.00057,rice,2005,0.17420608666666668,12
TH.ADM1.00057,rice,2006,0.18574421675,12
TH.ADM1.00057,rice,2007,0.18704761916666668,12
TH.ADM1.00057,rice,2008,0.18818449666666667,12
TH.ADM1.00057,rice,2009,0.19317305083333333,12
TH.ADM1.00057,rice,2010,0.19225818050000001,12
TH.ADM1.00057,rice,2011,0.194185877,12
TH.ADM1.00057,rice,2012,0.20950579416666668,12
TH.ADM1.00057,rice,2013,0.203109375,12
TH.ADM1.00057,rice,2014,0.20679420116666666,12
TH.ADM1.00057,rice,2015,0.20026916383333335,12
TH.ADM1.00057,rice,2016,0.20574271416666667,12
TH.ADM1.00057,rice,2017,0.20969936583333335,12
TH.ADM1.00057,rice,2018,0.2097945025,12
TH.ADM1.00057,rice,2019,0.214837533,12
TH.ADM1.00057,rice,2020,0.2177401325,12
TH.ADM1.00057,rice,2021,0.217799627,12
TH.ADM1.00057,rice,2022,0.21775792583333334,12
TH.ADM1.00057,rice,2023,0.21616523583333333,12
TH.ADM1.00057,rice,2024,0.2294559625,12
TH.ADM1.00057,soybeans,2000,0.181173529,10
TH.ADM1.00057,soybeans,2001,0.17689402175,12
TH.ADM1.00057,soybeans,2002,0.18028272208333332,12
TH.ADM1.00057,soybeans,2003,0.18366766416666666,12
TH.ADM1.00057,soybeans,2004,0.17235887949999998,12
TH.ADM1.00057,soybeans,2005,0.17222026083333333,12
TH.ADM1.00057,soybeans,2006,0.18369680416666667,12
TH.ADM1.00057,soybeans,2007,0.18487379550000002,12
TH.ADM1.00057,soybeans,2008,0.1859989038333333,12
TH.ADM1.00057,soybeans,2009,0.19070480083333333,12
TH.ADM1.00057,soybeans,2010,0.18960446791666666,12
TH.ADM1.00057,soybeans,2011,0.19232965333333332,12
TH.ADM1.00057,soybeans,2012,0.20655926666666669,12
TH.ADM1.00057,soybeans,2013,0.20078430583333332,12
TH.ADM1.00057,soybeans,2014,0.20395972416666666,12
TH.ADM1.00057,soybeans,2015,0.1980563795,12
TH.ADM1.00057,soybeans,2016,0.20323866416666667,12
TH.ADM1.00057,soybeans,2017,0.20710579833333334,12
TH.ADM1.00057,soybeans,2018,0.20711566166666665,12
TH.ADM1.00057,soybeans,2019,0.21251654666666667,12
TH.ADM1.00057,soybeans,2020,0.21574063533333332,12
TH.ADM1.00057,soybeans,2021,0.21596065916666665,12
TH.ADM1.00057,soybeans,2022,0.21622056583333335,12
TH.ADM1.00057,soybeans,2023,0.21416474249999998,12
TH.ADM1.00057,soybeans,2024,0.22762983708333331,12
TH.ADM1.00058,rice,2000,0.225357507,10
TH.ADM1.00058,rice,2001,0.2151173825,12
TH.ADM1.00058,rice,2002,0.22151079333333334,12
TH.ADM1.00058,rice,2003,0.22534417666666665,12
TH.ADM1.00058,rice,2004,0.20912713000000002,12
TH.ADM1.00058,rice,2005,0.21058926166666667,12
TH.ADM1.00058,rice,2006,0.20149829583333334,12
TH.ADM1.00058,rice,2007,0.21145213083333333,12
TH.ADM1.00058,rice,2008,0.20953648416666668,12
TH.ADM1.00058,rice,2009,0.21679319616666667,12
TH.ADM1.00058,rice,2010,0.201484655,12
TH.ADM1.00058,rice,2011,0.20056341458333335,12
TH.ADM1.00058,rice,2012,0.22459509583333334,12
TH.ADM1.00058,rice,2013,0.21743041791666665,12
TH.ADM1.00058,rice,2014,0.2092087525,12
TH.ADM1.00058,rice,2015,0.19316286166666666,12
TH.ADM1.00058,rice,2016,0.19012522583333333,12
TH.ADM1.00058,rice,2017,0.2150584358333333,12
TH.ADM1.00058,rice,2018,0.2293170558333333,12
TH.ADM1.00058,rice,2019,0.21990843833333332,12
TH.ADM1.00058,rice,2020,0.19947270283333332,12
TH.ADM1.00058,rice,2021,0.20221601583333335,12
TH.ADM1.00058,rice,2022,0.20067114583333334,12
TH.ADM1.00058,rice,2023,0.23379650583333333,12
TH.ADM1.00058,rice,2024,0.2329572075,12
TH.ADM1.00059,rice,2000,0.402763563,10
TH.ADM1.00059,rice,2001,0.3968705641666667,12
TH.ADM1.00059,rice,2002,0.3934889316666667,12
TH.ADM1.00059,rice,2003,0.4064795775,12
TH.ADM1.00059,rice,2004,0.40002519416666665,12
TH.ADM1.00059,rice,2005,0.3860819825,12
TH.ADM1.00059,rice,2006,0.4019477558333333,12
TH.ADM1.00059,rice,2007,0.4063855283333333,12
TH.ADM1.00059,rice,2008,0.40819079416666665,12
TH.ADM1.00059,rice,2009,0.41735748083333335,12
TH.ADM1.00059,rice,2010,0.40751329583333334,12
TH.ADM1.00059,rice,2011,0.4113220266666667,12
TH.ADM1.00059,rice,2012,0.4228431625,12
TH.ADM1.00059,rice,2013,0.4296672991666666,12
TH.ADM1.00059,rice,2014,0.41983620833333335,12
TH.ADM1.00059,rice,2015,0.42353892,12
TH.ADM1.00059,rice,2016,0.42110599416666666,12
TH.ADM1.00059,rice,2017,0.4280896316666667,12
TH.ADM1.00059,rice,2018,0.42804363333333334,12
TH.ADM1.00059,rice,2019,0.46887133833333333,12
TH.ADM1.00059,rice,2020,0.4709245016666666,12
TH.ADM1.00059,rice,2021,0.7563546808333333,12
TH.ADM1.00059,rice,2022,0.7581883308333333,12
TH.ADM1.00059,rice,2023,0.46257778083333334,12
TH.ADM1.00059,rice,2024,0.4702521908333333,12
TH.ADM1.00060,rice,2000,0.217950091,10
TH.ADM1.00060,rice,2001,0.18985719583333335,12
TH.ADM1.00060,rice,2002,0.1863195045,12
TH.ADM1.00060,rice,2003,0.19850198333333335,12
TH.ADM1.00060,rice,2004,0.18069444408333335,12
TH.ADM1.00060,rice,2005,0.18296926466666666,12
TH.ADM1.00060,rice,2006,0.17768815933333335,12
TH.ADM1.00060,rice,2007,0.18696740333333337,12
TH.ADM1.00060,rice,2008,0.19972225750000003,12
TH.ADM1.00060,rice,2009,0.20110635466666668,12
TH.ADM1.00060,rice,2010,0.1940594675,12
TH.ADM1.00060,rice,2011,0.202323225,12
TH.ADM1.00060,rice,2012,0.21229150083333334,12
TH.ADM1.00060,rice,2013,0.20007414708333335,12
TH.ADM1.00060,rice,2014,0.20394699416666665,12
TH.ADM1.00060,rice,2015,0.18624748216666664,12
TH.ADM1.00060,rice,2016,0.19458372533333335,12
TH.ADM1.00060,rice,2017,0.20656006666666668,12
TH.ADM1.00060,rice,2018,0.2205869975,12
TH.ADM1.00060,rice,2019,0.19654097583333333,12
TH.ADM1.00060,rice,2020,0.195444975,12
TH.ADM1.00060,rice,2021,0.20352993249999998,12
TH.ADM1.00060,rice,2022,0.20801834249999998,12
TH.ADM1.00060,rice,2023,0.20129814416666666,12
TH.ADM1.00060,rice,2024,0.22517191666666667,12
TH.ADM1.00060,soybeans,2000,0.23019006000000003,10
TH.ADM1.00060,soybeans,2001,0.20401402083333334,12
TH.ADM1.00060,soybeans,2002,0.19755251283333333,12
TH.ADM1.00060,soybeans,2003,0.20762269833333336,12
TH.ADM1.00060,soybeans,2004,0.18836691208333334,12
TH.ADM1.00060,soybeans,2005,0.19104791916666666,12
TH.ADM1.00060,soybeans,2006,0.18969536833333334,12
TH.ADM1.00060,soybeans,2007,0.19675135916666667,12
TH.ADM1.00060,soybeans,2008,0.21057407583333332,12
TH.ADM1.00060,soybeans,2009,0.21043911341666666,12
TH.ADM1.00060,soybeans,2010,0.2012217666666667,12
TH.ADM1.00060,soybeans,2011,0.2152264975,12
TH.ADM1.00060,soybeans,2012,0.21972110166666667,12
TH.ADM1.00060,soybeans,2013,0.20955831833333335,12
TH.ADM1.00060,soybeans,2014,0.21319990458333335,12
TH.ADM1.00060,soybeans,2015,0.19263783450000002,12
TH.ADM1.00060,soybeans,2016,0.20225323908333334,12
TH.ADM1.00060,soybeans,2017,0.21970218666666666,12
TH.ADM1.00060,soybeans,2018,0.22926682416666666,12
TH.ADM1.00060,soybeans,2019,0.20393734833333332,12
TH.ADM1.00060,soybeans,2020,0.19863764033333334,12
TH.ADM1.00060,soybeans,2021,0.21061769499999997,12
TH.ADM1.00060,soybeans,2022,0.2164780975,12
TH.ADM1.00060,soybeans,2023,0.20494620283333334,12
TH.ADM1.00060,soybeans,2024,0.23440807,12
TH.ADM1.00061,rice,2000,0.216986925,10
TH.ADM1.00061,rice,2001,0.20547901583333336,12
TH.ADM1.00061,rice,2002,0.21216745083333333,12
TH.ADM1.00061,rice,2003,0.21240898416666665,12
TH.ADM1.00061,rice,2004,0.19553480416666666,12
TH.ADM1.00061,rice,2005,0.19519030333333331,12
TH.ADM1.00061,rice,2006,0.19943349666666665,12
TH.ADM1.00061,rice,2007,0.20051495666666666,12
TH.ADM1.00061,rice,2008,0.20302960375,12
TH.ADM1.00061,rice,2009,0.20967500083333335,12
TH.ADM1.00061,rice,2010,0.20100816666666665,12
TH.ADM1.00061,rice,2011,0.2088098375,12
TH.ADM1.00061,rice,2012,0.21416738500000002,12
TH.ADM1.00061,rice,2013,0.2147503225,12
TH.ADM1.00061,rice,2014,0.21055764249999998,12
TH.ADM1.00061,rice,2015,0.20585341333333332,12
TH.ADM1.00061,rice,2016,0.18654250908333334,12
TH.ADM1.00061,rice,2017,0.21490681666666667,12
TH.ADM1.00061,rice,2018,0.22431245333333336,12
TH.ADM1.00061,rice,2019,0.20693685750000002,12
TH.ADM1.00061,rice,2020,0.19831369283333333,12
TH.ADM1.00061,rice,2021,0.2026669375,12
TH.ADM1.00061,rice,2022,0.20556593,12
TH.ADM1.00061,rice,2023,0.21491565416666666,12
TH.ADM1.00061,rice,2024,0.2217729108333333,12
TH.ADM1.00061,soybeans,2000,0.298853457,10
TH.ADM1.00061,soybeans,2001,0.2771056225,12
TH.ADM1.00061,soybeans,2002,0.25354951791666663,12
TH.ADM1.00061,soybeans,2003,0.2691213116666667,12
TH.ADM1.00061,soybeans,2004,0.2519134490833333,12
TH.ADM1.00061,soybeans,2005,0.2486750405,12
TH.ADM1.00061,soybeans,2006,0.2804490475,12
TH.ADM1.00061,soybeans,2007,0.27075201833333334,12
TH.ADM1.00061,soybeans,2008,0.28333635125,12
TH.ADM1.00061,soybeans,2009,0.28045043541666664,12
TH.ADM1.00061,soybeans,2010,0.26709092416666663,12
TH.ADM1.00061,soybeans,2011,0.2857614475,12
TH.ADM1.00061,soybeans,2012,0.28769577,12
TH.ADM1.00061,soybeans,2013,0.2926765283333333,12
TH.ADM1.00061,soybeans,2014,0.27144900916666664,12
TH.ADM1.00061,soybeans,2015,0.2610163283333333,12
TH.ADM1.00061,soybeans,2016,0.25746164625,12
TH.ADM1.00061,soybeans,2017,0.29981776916666664,12
TH.ADM1.00061,soybeans,2018,0.3092439475,12
TH.ADM1.00061,soybeans,2019,0.2587964583333333,12
TH.ADM1.00061,soybeans,2020,0.24739816458333333,12
TH.ADM1.00061,soybeans,2021,0.2661106283333333,12
TH.ADM1.00061,soybeans,2022,0.2852126741666667,12
TH.ADM1.00061,soybeans,2023,0.26773641,12
TH.ADM1.00061,soybeans,2024,0.2778455225,12
TH.ADM1.00062,rice,2000,0.391321473,10
TH.ADM1.00062,rice,2001,0.3880071033333334,12
TH.ADM1.00062,rice,2002,0.37970163416666664,12
TH.ADM1.00062,rice,2003,0.3953823975,12
TH.ADM1.00062,rice,2004,0.3818546191666667,12
TH.ADM1.00062,rice,2005,0.38383009083333336,12
TH.ADM1.00062,rice,2006,0.3992416558333333,12
TH.ADM1.00062,rice,2007,0.4016671666666667,12
TH.ADM1.00062,rice,2008,0.4021032916666667,12
TH.ADM1.00062,rice,2009,0.42490794833333334,12
TH.ADM1.00062,rice,2010,0.4102693608333334,12
TH.ADM1.00062,rice,2011,0.3993951658333333,12
TH.ADM1.00062,rice,2012,0.4169125633333333,12
TH.ADM1.00062,rice,2013,0.42402642500000004,12
TH.ADM1.00062,rice,2014,0.41730040333333335,12
TH.ADM1.00062,rice,2015,0.42562367,12
TH.ADM1.00062,rice,2016,0.42081324833333333,12
TH.ADM1.00062,rice,2017,0.42756957749999996,12
TH.ADM1.00062,rice,2018,0.41881327,12
TH.ADM1.00062,rice,2019,0.4273576291666667,12
TH.ADM1.00062,rice,2020,0.42072521416666664,12
TH.ADM1.00062,rice,2021,0.6738046091666666,12
TH.ADM1.00062,rice,2022,0.6752338225,12
TH.ADM1.00062,rice,2023,0.40944516583333335,12
TH.ADM1.00062,rice,2024,0.41325418999999997,12
TH.ADM1.00063,rice,2000,0.1755766436,10
TH.ADM1.00063,rice,2001,0.17265370708333336,12
TH.ADM1.00063,rice,2002,0.17405908416666668,12
TH.ADM1.00063,rice,2003,0.17553223249999997,12
TH.ADM1.00063,rice,2004,0.161293922,12
TH.ADM1.00063,rice,2005,0.166299465,12
TH.ADM1.00063,rice,2006,0.17399339916666667,12
TH.ADM1.00063,rice,2007,0.17303332375000002,12
TH.ADM1.00063,rice,2008,0.1701042886666667,12
TH.ADM1.00063,rice,2009,0.1821173195,12
TH.ADM1.00063,rice,2010,0.1803472659166667,12
TH.ADM1.00063,rice,2011,0.1794086083333333,12
TH.ADM1.00063,rice,2012,0.19488564416666668,12
TH.ADM1.00063,rice,2013,0.18602859466666666,12
TH.ADM1.00063,rice,2014,0.1957999633333333,12
TH.ADM1.00063,rice,2015,0.184361951,12
TH.ADM1.00063,rice,2016,0.19264813341666667,12
TH.ADM1.00063,rice,2017,0.20204086583333333,12
TH.ADM1.00063,rice,2018,0.20040009583333332,12
TH.ADM1.00063,rice,2019,0.1950329625,12
TH.ADM1.00063,rice,2020,0.19975123250000001,12
TH.ADM1.00063,rice,2021,0.21166148666666665,12
TH.ADM1.00063,rice,2022,0.20568442374999998,12
TH.ADM1.00063,rice,2023,0.20350824166666667,12
TH.ADM1.00063,rice,2024,0.21234630416666667,12
TH.ADM1.00063,soybeans,2000,0.180846229,10
TH.ADM1.00063,soybeans,2001,0.17688097333333333,12
TH.ADM1.00063,soybeans,2002,0.17833378166666666,12
TH.ADM1.00063,soybeans,2003,0.17973578033333334,12
TH.ADM1.00063,soybeans,2004,0.16551080616666666,12
TH.ADM1.00063,soybeans,2005,0.16933111208333332,12
TH.ADM1.00063,soybeans,2006,0.178182113,12
TH.ADM1.00063,soybeans,2007,0.17628953908333334,12
TH.ADM1.00063,soybeans,2008,0.17414296458333334,12
TH.ADM1.00063,soybeans,2009,0.18561773166666665,12
TH.ADM1.00063,soybeans,2010,0.18382707366666665,12
TH.ADM1.00063,soybeans,2011,0.18311961333333335,12
TH.ADM1.00063,soybeans,2012,0.19791003866666668,12
TH.ADM1.00063,soybeans,2013,0.18967163883333335,12
TH.ADM1.00063,soybeans,2014,0.1988161025,12
TH.ADM1.00063,soybeans,2015,0.18784169750000002,12
TH.ADM1.00063,soybeans,2016,0.196204063,12
TH.ADM1.00063,soybeans,2017,0.20619539666666667,12
TH.ADM1.00063,soybeans,2018,0.20377003999999999,12
TH.ADM1.00063,soybeans,2019,0.19800750916666665,12
TH.ADM1.00063,soybeans,2020,0.2023416175,12
TH.ADM1.00063,soybeans,2021,0.21458185500000002,12
TH.ADM1.00063,soybeans,2022,0.21041663708333333,12
TH.ADM1.00063,soybeans,2023,0.207136965,12
TH.ADM1.00063,soybeans,2024,0.21524606833333335,12
TH.ADM1.00064,rice,2000,0.27251360399999996,10
TH.ADM1.00064,rice,2001,0.2472371475,12
TH.ADM1.00064,rice,2002,0.23956619333333332,12
TH.ADM1.00064,rice,2003,0.24409343083333335,12
TH.ADM1.00064,rice,2004,0.21310238916666668,12
TH.ADM1.00064,rice,2005,0.2187098361666667,12
TH.ADM1.00064,rice,2006,0.23582130841666668,12
TH.ADM1.00064,rice,2007,0.23367348966666668,12
TH.ADM1.00064,rice,2008,0.24017795166666667,12
TH.ADM1.00064,rice,2009,0.24322129583333332,12
TH.ADM1.00064,rice,2010,0.23443523291666665,12
TH.ADM1.00064,rice,2011,0.26149035000000004,12
TH.ADM1.00064,rice,2012,0.24636827799999997,12
TH.ADM1.00064,rice,2013,0.24570472583333333,12
TH.ADM1.00064,rice,2014,0.23927297566666664,12
TH.ADM1.00064,rice,2015,0.228309283,12
TH.ADM1.00064,rice,2016,0.23670782375,12
TH.ADM1.00064,rice,2017,0.26034760916666666,12
TH.ADM1.00064,rice,2018,0.2509452016666667,12
TH.ADM1.00064,rice,2019,0.23358775583333333,12
TH.ADM1.00064,rice,2020,0.22807013283333333,12
TH.ADM1.00064,rice,2021,0.2559834933333333,12
TH.ADM1.00064,rice,2022,0.279710485,12
TH.ADM1.00064,rice,2023,0.25318224500000003,12
TH.ADM1.00064,rice,2024,0.2589019833333333,12
TH.ADM1.00064,soybeans,2000,0.282617956,10
TH.ADM1.00064,soybeans,2001,0.26072581083333335,12
TH.ADM1.00064,soybeans,2002,0.24867638883333334,12
TH.ADM1.00064,soybeans,2003,0.26402360666666663,12
TH.ADM1.00064,soybeans,2004,0.22642795324999998,12
TH.ADM1.00064,soybeans,2005,0.23322233916666668,12
TH.ADM1.00064,soybeans,2006,0.247571218,12
TH.ADM1.00064,soybeans,2007,0.23727002500000002,12
TH.ADM1.00064,soybeans,2008,0.24541990366666666,12
TH.ADM1.00064,soybeans,2009,0.24945694908333335,12
TH.ADM1.00064,soybeans,2010,0.23723087591666667,12
TH.ADM1.00064,soybeans,2011,0.26458252,12
TH.ADM1.00064,soybeans,2012,0.25115991249999997,12
TH.ADM1.00064,soybeans,2013,0.24617037583333334,12
TH.ADM1.00064,soybeans,2014,0.24369744000000002,12
TH.ADM1.00064,soybeans,2015,0.23806017125,12
TH.ADM1.00064,soybeans,2016,0.2438313875,12
TH.ADM1.00064,soybeans,2017,0.2634821941666667,12
TH.ADM1.00064,soybeans,2018,0.24511660333333332,12
TH.ADM1.00064,soybeans,2019,0.23513728583333335,12
TH.ADM1.00064,soybeans,2020,0.23290202408333335,12
TH.ADM1.00064,soybeans,2021,0.24617913416666667,12
TH.ADM1.00064,soybeans,2022,0.2686941741666667,12
TH.ADM1.00064,soybeans,2023,0.2540913275,12
TH.ADM1.00064,soybeans,2024,0.253210695,12
TH.ADM1.00065,rice,2000,0.359805977,10
TH.ADM1.00065,rice,2001,0.3603147291666667,12
TH.ADM1.00065,rice,2002,0.3544684208333333,12
TH.ADM1.00065,rice,2003,0.35862621999999994,12
TH.ADM1.00065,rice,2004,0.34294192333333334,12
TH.ADM1.00065,rice,2005,0.34761355416666667,12
TH.ADM1.00065,rice,2006,0.35025431333333334,12
TH.ADM1.00065,rice,2007,0.3590495075,12
TH.ADM1.00065,rice,2008,0.3763680683333333,12
TH.ADM1.00065,rice,2009,0.3833055433333334,12
TH.ADM1.00065,rice,2010,0.37098540500000005,12
TH.ADM1.00065,rice,2011,0.37960247999999996,12
TH.ADM1.00065,rice,2012,0.3750697416666667,12
TH.ADM1.00065,rice,2013,0.3899632325,12
TH.ADM1.00065,rice,2014,0.37380407666666665,12
TH.ADM1.00065,rice,2015,0.3779719908333334,12
TH.ADM1.00065,rice,2016,0.3656025525,12
TH.ADM1.00065,rice,2017,0.3841692941666666,12
TH.ADM1.00065,rice,2018,0.38500657833333335,12
TH.ADM1.00065,rice,2019,0.38471049083333336,12
TH.ADM1.00065,rice,2020,0.3838743316666667,12
TH.ADM1.00065,rice,2021,0.3797700675,12
TH.ADM1.00065,rice,2022,0.38074071583333335,12
TH.ADM1.00065,rice,2023,0.3587741425,12
TH.ADM1.00065,rice,2024,0.3728572333333333,12
TH.ADM1.00066,rice,2000,0.383640489,10
TH.ADM1.00066,rice,2001,0.3818082933333333,12
TH.ADM1.00066,rice,2002,0.37360155833333336,12
TH.ADM1.00066,rice,2003,0.373888335,12
TH.ADM1.00066,rice,2004,0.3624505216666667,12
TH.ADM1.00066,rice,2005,0.36714573,12
TH.ADM1.00066,rice,2006,0.37633775416666665,12
TH.ADM1.00066,rice,2007,0.3785362125,12
TH.ADM1.00066,rice,2008,0.3813636075,12
TH.ADM1.00066,rice,2009,0.38677305749999996,12
TH.ADM1.00066,rice,2010,0.39948161416666667,12
TH.ADM1.00066,rice,2011,0.3846634583333333,12
TH.ADM1.00066,rice,2012,0.4033331316666667,12
TH.ADM1.00066,rice,2013,0.40775921000000004,12
TH.ADM1.00066,rice,2014,0.40707093333333333,12
TH.ADM1.00066,rice,2015,0.4015360983333333,12
TH.ADM1.00066,rice,2016,0.40490794916666667,12
TH.ADM1.00066,rice,2017,0.4163990141666667,12
TH.ADM1.00066,rice,2018,0.40554080666666664,12
TH.ADM1.00066,rice,2019,0.4021189566666667,12
TH.ADM1.00066,rice,2020,0.4096281525,12
TH.ADM1.00066,rice,2021,0.47852370166666663,12
TH.ADM1.00066,rice,2022,0.4767336958333333,12
TH.ADM1.00066,rice,2023,0.38716024416666667,12
TH.ADM1.00066,rice,2024,0.40097268583333334,12
TH.ADM1.00066,soybeans,2000,0.38572207999999997,10
TH.ADM1.00066,soybeans,2001,0.40002861250000005,12
TH.ADM1.00066,soybeans,2002,0.38768672333333337,12
TH.ADM1.00066,soybeans,2003,0.3938071475,12
TH.ADM1.00066,soybeans,2004,0.40072272166666667,12
TH.ADM1.00066,soybeans,2005,0.3782042841666667,12
TH.ADM1.00066,soybeans,2006,0.4039108333333334,12
TH.ADM1.00066,soybeans,2007,0.3898125858333333,12
TH.ADM1.00066,soybeans,2008,0.40244303,12
TH.ADM1.00066,soybeans,2009,0.4143589616666667,12
TH.ADM1.00066,soybeans,2010,0.40586827166666667,12
TH.ADM1.00066,soybeans,2011,0.40476468833333334,12
TH.ADM1.00066,soybeans,2012,0.42083744500000003,12
TH.ADM1.00066,soybeans,2013,0.4258998316666667,12
TH.ADM1.00066,soybeans,2014,0.4130006875,12
TH.ADM1.00066,soybeans,2015,0.4122888983333333,12
TH.ADM1.00066,soybeans,2016,0.36820087249999994,12
TH.ADM1.00066,soybeans,2017,0.41971768833333334,12
TH.ADM1.00066,soybeans,2018,0.4078322075,12
TH.ADM1.00066,soybeans,2019,0.407593295,12
TH.ADM1.00066,soybeans,2020,0.37769252000000003,12
TH.ADM1.00066,soybeans,2021,0.36028042250000003,12
TH.ADM1.00066,soybeans,2022,0.40531370166666664,12
TH.ADM1.00066,soybeans,2023,0.3888050916666666,12
TH.ADM1.00066,soybeans,2024,0.4049598991666667,12
TH.ADM1.00067,rice,2000,0.20541672900000002,10
TH.ADM1.00067,rice,2001,0.19443634575,12
TH.ADM1.00067,rice,2002,0.19780284950000002,12
TH.ADM1.00067,rice,2003,0.19541188925,12
TH.ADM1.00067,rice,2004,0.18622543383333334,12
TH.ADM1.00067,rice,2005,0.18611527533333336,12
TH.ADM1.00067,rice,2006,0.19888319,12
TH.ADM1.00067,rice,2007,0.20044097000000002,12
TH.ADM1.00067,rice,2008,0.20188867666666666,12
TH.ADM1.00067,rice,2009,0.20513482949999998,12
TH.ADM1.00067,rice,2010,0.20020298783333335,12
TH.ADM1.00067,rice,2011,0.2063133513333333,12
TH.ADM1.00067,rice,2012,0.2183424975,12
TH.ADM1.00067,rice,2013,0.21346774158333334,12
TH.ADM1.00067,rice,2014,0.21400643,12
TH.ADM1.00067,rice,2015,0.21033280041666666,12
TH.ADM1.00067,rice,2016,0.22118830583333335,12
TH.ADM1.00067,rice,2017,0.22945223416666669,12
TH.ADM1.00067,rice,2018,0.22366086249999997,12
TH.ADM1.00067,rice,2019,0.22743995166666667,12
TH.ADM1.00067,rice,2020,0.23488091333333336,12
TH.ADM1.00067,rice,2021,0.2529020275,12
TH.ADM1.00067,rice,2022,0.25363044166666665,12
TH.ADM1.00067,rice,2023,0.22837862833333333,12
TH.ADM1.00067,rice,2024,0.24467186500000002,12
TH.ADM1.00067,soybeans,2000,0.20559199,10
TH.ADM1.00067,soybeans,2001,0.194360575,12
TH.ADM1.00067,soybeans,2002,0.19705600166666667,12
TH.ADM1.00067,soybeans,2003,0.19500009791666664,12
TH.ADM1.00067,soybeans,2004,0.18593347875,12
TH.ADM1.00067,soybeans,2005,0.18465087125,12
TH.ADM1.00067,soybeans,2006,0.19856979083333334,12
TH.ADM1.00067,soybeans,2007,0.19993967633333334,12
TH.ADM1.00067,soybeans,2008,0.20145155,12
TH.ADM1.00067,soybeans,2009,0.20533960875,12
TH.ADM1.00067,soybeans,2010,0.19826884083333332,12
TH.ADM1.00067,soybeans,2011,0.20427487083333332,12
TH.ADM1.00067,soybeans,2012,0.21534176333333332,12
TH.ADM1.00067,soybeans,2013,0.21014493,12
TH.ADM1.00067,soybeans,2014,0.21197073583333334,12
TH.ADM1.00067,soybeans,2015,0.20736104291666668,12
TH.ADM1.00067,soybeans,2016,0.21680048,12
TH.ADM1.00067,soybeans,2017,0.22778211666666667,12
TH.ADM1.00067,soybeans,2018,0.22109019333333335,12
TH.ADM1.00067,soybeans,2019,0.2221808225,12
TH.ADM1.00067,soybeans,2020,0.22895378916666664,12
TH.ADM1.00067,soybeans,2021,0.23338960916666665,12
TH.ADM1.00067,soybeans,2022,0.23456107,12
TH.ADM1.00067,soybeans,2023,0.2249738975,12
TH.ADM1.00067,soybeans,2024,0.2394795275,12
TH.ADM1.00068,rice,2000,0.189208325,10
TH.ADM1.00068,rice,2001,0.17109106816666667,12
TH.ADM1.00068,rice,2002,0.17528433708333332,12
TH.ADM1.00068,rice,2003,0.1786877775,12
TH.ADM1.00068,rice,2004,0.16313649075,12
TH.ADM1.00068,rice,2005,0.16312837833333332,12
TH.ADM1.00068,rice,2006,0.17916711,12
TH.ADM1.00068,rice,2007,0.16974907816666665,12
TH.ADM1.00068,rice,2008,0.18974613799999998,12
TH.ADM1.00068,rice,2009,0.18353327083333335,12
TH.ADM1.00068,rice,2010,0.18950129633333335,12
TH.ADM1.00068,rice,2011,0.1930078816666667,12
TH.ADM1.00068,rice,2012,0.19534826533333335,12
TH.ADM1.00068,rice,2013,0.18749688466666667,12
TH.ADM1.00068,rice,2014,0.20169334208333334,12
TH.ADM1.00068,rice,2015,0.19237083,12
TH.ADM1.00068,rice,2016,0.20344118741666664,12
TH.ADM1.00068,rice,2017,0.216922888,12
TH.ADM1.00068,rice,2018,0.21327963016666665,12
TH.ADM1.00068,rice,2019,0.20235342833333334,12
TH.ADM1.00068,rice,2020,0.21296654875,12
TH.ADM1.00068,rice,2021,0.21891270541666666,12
TH.ADM1.00068,rice,2022,0.21662909916666664,12
TH.ADM1.00068,rice,2023,0.20406584658333335,12
TH.ADM1.00068,rice,2024,0.2153008,12
TH.ADM1.00068,soybeans,2000,0.1927634955,10
TH.ADM1.00068,soybeans,2001,0.17590982975,12
TH.ADM1.00068,soybeans,2002,0.1772590855,12
TH.ADM1.00068,soybeans,2003,0.1798492936666667,12
TH.ADM1.00068,soybeans,2004,0.16404872116666666,12
TH.ADM1.00068,soybeans,2005,0.16375047925,12
TH.ADM1.00068,soybeans,2006,0.17905273708333333,12
TH.ADM1.00068,soybeans,2007,0.17072093533333332,12
TH.ADM1.00068,soybeans,2008,0.1918871875,12
TH.ADM1.00068,soybeans,2009,0.183784833,12
TH.ADM1.00068,soybeans,2010,0.19053611666666667,12
TH.ADM1.00068,soybeans,2011,0.19568171374999999,12
TH.ADM1.00068,soybeans,2012,0.19583487616666664,12
TH.ADM1.00068,soybeans,2013,0.18865491666666667,12
TH.ADM1.00068,soybeans,2014,0.20348019583333332,12
TH.ADM1.00068,soybeans,2015,0.19415533833333334,12
TH.ADM1.00068,soybeans,2016,0.2044199225,12
TH.ADM1.00068,soybeans,2017,0.22045918466666667,12
TH.ADM1.00068,soybeans,2018,0.21632271416666668,12
TH.ADM1.00068,soybeans,2019,0.20218244500000002,12
TH.ADM1.00068,soybeans,2020,0.21193738250000002,12
TH.ADM1.00068,soybeans,2021,0.22072080833333332,12
TH.ADM1.00068,soybeans,2022,0.21798138874999998,12
TH.ADM1.00068,soybeans,2023,0.20641583499999996,12
TH.ADM1.00068,soybeans,2024,0.2171944375,12
TH.ADM1.00069,rice,2000,0.23100526700000001,10
TH.ADM1.00069,rice,2001,0.22174642283333332,12
TH.ADM1.00069,rice,2002,0.21284278675,12
TH.ADM1.00069,rice,2003,0.22318447333333333,12
TH.ADM1.00069,rice,2004,0.19976444508333333,12
TH.ADM1.00069,rice,2005,0.19834570833333331,12
TH.ADM1.00069,rice,2006,0.21770850500000002,12
TH.ADM1.00069,rice,2007,0.20612031249999999,12
TH.ADM1.00069,rice,2008,0.21908356416666666,12
TH.ADM1.00069,rice,2009,0.22924560083333334,12
TH.ADM1.00069,rice,2010,0.2151940595,12
TH.ADM1.00069,rice,2011,0.22354958666666666,12
TH.ADM1.00069,rice,2012,0.22639253716666666,12
TH.ADM1.00069,rice,2013,0.23782001166666666,12
TH.ADM1.00069,rice,2014,0.2168523525,12
TH.ADM1.00069,rice,2015,0.21183353366666666,12
TH.ADM1.00069,rice,2016,0.20739139366666667,12
TH.ADM1.00069,rice,2017,0.23551148083333331,12
TH.ADM1.00069,rice,2018,0.238174875,12
TH.ADM1.00069,rice,2019,0.21052593416666665,12
TH.ADM1.00069,rice,2020,0.20123382416666669,12
TH.ADM1.00069,rice,2021,0.21839613833333335,12
TH.ADM1.00069,rice,2022,0.22857653749999998,12
TH.ADM1.00069,rice,2023,0.21658944416666667,12
TH.ADM1.00069,rice,2024,0.2323188355,12
TH.ADM1.00069,soybeans,2000,0.255880679,10
TH.ADM1.00069,soybeans,2001,0.2369482825,12
TH.ADM1.00069,soybeans,2002,0.22580806875,12
TH.ADM1.00069,soybeans,2003,0.24494598666666667,12
TH.ADM1.00069,soybeans,2004,0.21515687883333334,12
TH.ADM1.00069,soybeans,2005,0.21166234124999997,12
TH.ADM1.00069,soybeans,2006,0.24185164666666667,12
TH.ADM1.00069,soybeans,2007,0.22594428283333334,12
TH.ADM1.00069,soybeans,2008,0.241060195,12
TH.ADM1.00069,soybeans,2009,0.24757177833333333,12
TH.ADM1.00069,soybeans,2010,0.23597526066666666,12
TH.ADM1.00069,soybeans,2011,0.2465006125,12
TH.ADM1.00069,soybeans,2012,0.24678173583333332,12
TH.ADM1.00069,soybeans,2013,0.25248232666666665,12
TH.ADM1.00069,soybeans,2014,0.23218276083333333,12
TH.ADM1.00069,soybeans,2015,0.2260883575,12
TH.ADM1.00069,soybeans,2016,0.22088836666666667,12
TH.ADM1.00069,soybeans,2017,0.25880559666666664,12
TH.ADM1.00069,soybeans,2018,0.2594835208333333,12
TH.ADM1.00069,soybeans,2019,0.2239945358333333,12
TH.ADM1.00069,soybeans,2020,0.21470989958333334,12
TH.ADM1.00069,soybeans,2021,0.2349538866666667,12
TH.ADM1.00069,soybeans,2022,0.25133498833333334,12
TH.ADM1.00069,soybeans,2023,0.23196271416666667,12
TH.ADM1.00069,soybeans,2024,0.2474725316666667,12
TH.ADM1.00070,rice,2000,0.278940705,10
TH.ADM1.00070,rice,2001,0.26831590583333337,12
TH.ADM1.00070,rice,2002,0.25392743916666666,12
TH.ADM1.00070,rice,2003,0.24920115583333335,12
TH.ADM1.00070,rice,2004,0.23533083750000003,12
TH.ADM1.00070,rice,2005,0.24159054083333334,12
TH.ADM1.00070,rice,2006,0.24613440416666665,12
TH.ADM1.00070,rice,2007,0.24236238750000003,12
TH.ADM1.00070,rice,2008,0.2584966891666667,12
TH.ADM1.00070,rice,2009,0.24997923833333335,12
TH.ADM1.00070,rice,2010,0.23495846416666666,12
TH.ADM1.00070,rice,2011,0.26374486583333334,12
TH.ADM1.00070,rice,2012,0.26270467583333335,12
TH.ADM1.00070,rice,2013,0.25129633583333333,12
TH.ADM1.00070,rice,2014,0.24572186250000003,12
TH.ADM1.00070,rice,2015,0.22618327916666667,12
TH.ADM1.00070,rice,2016,0.23282128925,12
TH.ADM1.00070,rice,2017,0.26865343416666665,12
TH.ADM1.00070,rice,2018,0.2661184191666667,12
TH.ADM1.00070,rice,2019,0.23322612499999998,12
TH.ADM1.00070,rice,2020,0.2381771258333333,12
TH.ADM1.00070,rice,2021,0.276955825,12
TH.ADM1.00070,rice,2022,0.2823244108333333,12
TH.ADM1.00070,rice,2023,0.23982564666666664,12
TH.ADM1.00070,rice,2024,0.2747608175,12
TH.ADM1.00070,soybeans,2000,0.24890342,10
TH.ADM1.00070,soybeans,2001,0.23164346624999999,12
TH.ADM1.00070,soybeans,2002,0.22338995949999998,12
TH.ADM1.00070,soybeans,2003,0.222094445,12
TH.ADM1.00070,soybeans,2004,0.21099476666666664,12
TH.ADM1.00070,soybeans,2005,0.21105973491666666,12
TH.ADM1.00070,soybeans,2006,0.21653719708333333,12
TH.ADM1.00070,soybeans,2007,0.21647289,12
TH.ADM1.00070,soybeans,2008,0.2301414225,12
TH.ADM1.00070,soybeans,2009,0.22415203366666667,12
TH.ADM1.00070,soybeans,2010,0.21207273875,12
TH.ADM1.00070,soybeans,2011,0.23603291,12
TH.ADM1.00070,soybeans,2012,0.23781025583333334,12
TH.ADM1.00070,soybeans,2013,0.22431343666666667,12
TH.ADM1.00070,soybeans,2014,0.21977615333333334,12
TH.ADM1.00070,soybeans,2015,0.20071686291666668,12
TH.ADM1.00070,soybeans,2016,0.20870241025,12
TH.ADM1.00070,soybeans,2017,0.23664799416666668,12
TH.ADM1.00070,soybeans,2018,0.24163088916666667,12
TH.ADM1.00070,soybeans,2019,0.20635674583333333,12
TH.ADM1.00070,soybeans,2020,0.21637523116666668,12
TH.ADM1.00070,soybeans,2021,0.241410295,12
TH.ADM1.00070,soybeans,2022,0.24782730333333333,12
TH.ADM1.00070,soybeans,2023,0.216358452,12
TH.ADM1.00070,soybeans,2024,0.24917406583333335,12
TH.ADM1.00071,rice,2000,0.338422455,10
TH.ADM1.00071,rice,2001,0.33668951333333336,12
TH.ADM1.00071,rice,2002,0.3449169283333333,12
TH.ADM1.00071,rice,2003,0.3490070258333333,12
TH.ADM1.00071,rice,2004,0.3362415283333333,12
TH.ADM1.00071,rice,2005,0.3428171016666666,12
TH.ADM1.00071,rice,2006,0.34194466583333333,12
TH.ADM1.00071,rice,2007,0.351916325,12
TH.ADM1.00071,rice,2008,0.3401217241666667,12
TH.ADM1.00071,rice,2009,0.352666935,12
TH.ADM1.00071,rice,2010,0.34952483749999996,12
TH.ADM1.00071,rice,2011,0.34403399416666663,12
TH.ADM1.00071,rice,2012,0.3461535791666667,12
TH.ADM1.00071,rice,2013,0.3538847683333333,12
TH.ADM1.00071,rice,2014,0.35485536333333334,12
TH.ADM1.00071,rice,2015,0.3527146408333333,12
TH.ADM1.00071,rice,2016,0.3605323841666667,12
TH.ADM1.00071,rice,2017,0.3538423133333333,12
TH.ADM1.00071,rice,2018,0.3561130266666666,12
TH.ADM1.00071,rice,2019,0.3588074291666667,12
TH.ADM1.00071,rice,2020,0.36357673916666666,12
TH.ADM1.00071,rice,2021,0.35434050916666665,12
TH.ADM1.00071,rice,2022,0.35230168833333336,12
TH.ADM1.00071,rice,2023,0.3369613458333333,12
TH.ADM1.00071,rice,2024,0.3468184075,12
TH.ADM1.00072,rice,2000,0.167981132,10
TH.ADM1.00072,rice,2001,0.166819762,12
TH.ADM1.00072,rice,2002,0.17485198541666666,12
TH.ADM1.00072,rice,2003,0.17472135625,12
TH.ADM1.00072,rice,2004,0.16272933383333332,12
TH.ADM1.00072,rice,2005,0.17083343166666665,12
TH.ADM1.00072,rice,2006,0.178128925,12
TH.ADM1.00072,rice,2007,0.18285017250000002,12
TH.ADM1.00072,rice,2008,0.18305727083333334,12
TH.ADM1.00072,rice,2009,0.1870600033333333,12
TH.ADM1.00072,rice,2010,0.18273182408333333,12
TH.ADM1.00072,rice,2011,0.17490026583333332,12
TH.ADM1.00072,rice,2012,0.19957932533333334,12
TH.ADM1.00072,rice,2013,0.19121665416666667,12
TH.ADM1.00072,rice,2014,0.19239627008333335,12
TH.ADM1.00072,rice,2015,0.18913799708333334,12
TH.ADM1.00072,rice,2016,0.19610408375,12
TH.ADM1.00072,rice,2017,0.19441484674999998,12
TH.ADM1.00072,rice,2018,0.20088664416666666,12
TH.ADM1.00072,rice,2019,0.19265356666666666,12
TH.ADM1.00072,rice,2020,0.20941520208333333,12
TH.ADM1.00072,rice,2021,0.21599796966666665,12
TH.ADM1.00072,rice,2022,0.21719518833333332,12
TH.ADM1.00072,rice,2023,0.19679683250000002,12
TH.ADM1.00072,rice,2024,0.21571279466666668,12
TH.ADM1.00072,soybeans,2000,0.178750566,10
TH.ADM1.00072,soybeans,2001,0.1733733555,12
TH.ADM1.00072,soybeans,2002,0.17810578624999998,12
TH.ADM1.00072,soybeans,2003,0.17711023716666666,12
TH.ADM1.00072,soybeans,2004,0.16725607841666668,12
TH.ADM1.00072,soybeans,2005,0.17115610300000003,12
TH.ADM1.00072,soybeans,2006,0.18139022383333334,12
TH.ADM1.00072,soybeans,2007,0.18142911366666667,12
TH.ADM1.00072,soybeans,2008,0.1867345929166667,12
TH.ADM1.00072,soybeans,2009,0.19036029666666668,12
TH.ADM1.00072,soybeans,2010,0.18471786083333333,12
TH.ADM1.00072,soybeans,2011,0.18226260283333331,12
TH.ADM1.00072,soybeans,2012,0.1988279953333333,12
TH.ADM1.00072,soybeans,2013,0.19076596625,12
TH.ADM1.00072,soybeans,2014,0.19389991041666665,12
TH.ADM1.00072,soybeans,2015,0.19036704333333332,12
TH.ADM1.00072,soybeans,2016,0.20136351258333332,12
TH.ADM1.00072,soybeans,2017,0.20699795466666668,12
TH.ADM1.00072,soybeans,2018,0.2042038538333333,12
TH.ADM1.00072,soybeans,2019,0.19920138666666667,12
TH.ADM1.00072,soybeans,2020,0.21035303625000001,12
TH.ADM1.00072,soybeans,2021,0.21259634625,12
TH.ADM1.00072,soybeans,2022,0.21606631833333334,12
TH.ADM1.00072,soybeans,2023,0.20514874616666667,12
TH.ADM1.00072,soybeans,2024,0.22001374708333332,12
