stable_id,crop,year,yield_mt_ha,series_mean,series_std,zscore
IN.ADM2.00557,arhartur,2009,1.0,1.0,4.8074067159589095e-17,9.237604307034013
IN.ADM2.00557,arhartur,2008,1.0,1.0,4.8074067159589095e-17,9.237604307034013
IN.ADM2.00557,arhartur,2006,1.0,1.0,4.8074067159589095e-17,9.237604307034013
IN.ADM2.00557,arhartur,2003,1.0,1.0,4.8074067159589095e-17,9.237604307034013
IN.ADM2.00557,arhartur,2004,1.0,1.0,4.8074067159589095e-17,9.237604307034013
IN.ADM2.00557,arhartur,2005,1.0,1.0,4.8074067159589095e-17,9.237604307034013
IN.ADM2.00557,arhartur,1997,1.0,1.0,4.8074067159589095e-17,6.92820323027551
IN.ADM2.00557,arhartur,2000,1.0,1.0,4.8074067159589095e-17,6.92820323027551
IN.ADM2.00360,rice,2004,15.19047619047619,2.149154093740931,2.553439290293158,5.0325363370735525
IN.ADM2.00111,sesamum,2012,27.85,1.3940167110091244,5.276100811323546,4.987834369976672
IN.ADM2.00115,sesamum,2012,22.48,1.4898821273179952,4.1892621295372185,4.981979904603931
IN.ADM2.00361,soyabean,2007,7.75,1.064105397424649,1.3421831793943138,4.978924502674736
IN.ADM2.00329,arhartur,2012,8.0,1.1705676799388294,1.3580228138506187,4.974207561513058
IN.ADM2.00361,rapeseed_mustard,2009,6.25,0.8834926409994206,1.0800823407217275,4.971008393648059
IN.ADM2.00465,jowar,2002,2.962962962962963,0.47933102134208605,0.4923472082778338,4.9538620844412415
IN.ADM2.00362,soyabean,2005,8.857142857142858,1.1820468189240332,1.5428379045934728,4.939013731058299
IN.ADM2.00360,rapeseed_mustard,2004,7.0,1.023893708450592,1.1953370867179343,4.934066106256795
IN.ADM2.00146,rice,2020,15.726290516206484,1.9553522609691112,2.6501537192504454,4.825822634966061
IN.ADM2.00258,sesamum,2016,16.531750741839762,0.9423454381472562,3.141048031735159,4.825576631671247
IN.ADM2.00260,sesamum,2016,8.42195690157251,0.6795950703256208,1.564157390832187,4.822006767551634
IN.ADM2.00262,rice,1997,223.1260199456029,10.932362898422566,39.40325089448524,4.818014416954239
IN.ADM2.00262,jowar,1997,9.197718631178708,1.9054803489075938,1.3746707917022287,4.778832196749405
IN.ADM2.00114,sesamum,2012,2.738095238095238,0.582666895395103,0.4460043617411934,4.77007545430772
IN.ADM2.00245,soyabean,2016,6.982608695652174,0.9710350533702851,1.2360265780095545,4.761017008142962
IN.ADM2.00144,rice,2020,12.880085653104926,2.247916099913297,2.041619832766913,4.752808796875736
IN.ADM2.00363,rapeseed_mustard,2021,4.048387096774194,0.8966823122036822,0.5832699774333258,4.724574215259912
IN.ADM2.00401,jowar,2002,3.4842105263157896,1.0019132789311835,0.5404804590524902,4.715561006364696
IN.ADM2.00250,cottonlint,1997,31.051020408163264,1.4331425827366928,5.585310197108281,4.713470255912773
IN.ADM2.00275,cottonlint,1997,40.04444444444445,1.7888399601042504,7.214059746886702,4.713353176699533
IN.ADM2.00277,cottonlint,1997,28.204545454545453,1.3635370386151875,5.057736699734417,4.712850241983727
IN.ADM2.00260,cottonlint,1997,18.50822561692127,0.9927253188251974,3.3172719168614915,4.712713037908549
IN.ADM2.00258,cottonlint,1997,17.098039215686274,0.8830770186942423,3.0727364037494045,4.7125781665178295
IN.ADM2.00257,cottonlint,1997,10.396153846153846,0.6716670133693121,1.866234012064141,4.710467656397641
IN.ADM2.00268,cottonlint,1997,15.35483870967742,0.8527079700932827,2.754262430333727,4.71043676739216
IN.ADM2.00255,cottonlint,1997,9.761158021712909,0.5535354348074871,1.7458783740902333,4.7099873238963905
IN.ADM2.00377,sugarcane,1997,1071.428571428571,142.5280761213865,174.90863186821446,4.709884711221819
IN.ADM2.00534,sugarcane,1997,1120.060286360211,148.42721163350433,183.25110263477973,4.70980254100465
IN.ADM2.00251,cottonlint,1997,8.704075935231714,0.5877280311778451,1.5598820001156628,4.709569247266736
IN.ADM2.00533,sugarcane,1997,1188.7014186183162,153.1543095248251,194.95336235227396,4.708341306979808
IN.ADM2.00279,cottonlint,1997,7.535331905781584,0.5668366928948871,1.3467621434399304,4.708256557479937
IN.ADM2.00129,wheat,2005,0.3287615804159255,3.7563122144566035,0.6719927322726301,-4.707715093020581
IN.ADM2.00261,cottonlint,1997,11.486184210526316,0.6883347186996425,2.0526811026192333,4.707584623939999
IN.ADM2.00253,cottonlint,1997,9.978525411596278,0.5956858990279377,1.7800163976806684,4.706554926210608
IN.ADM2.00269,cottonlint,1997,7.933333333333334,0.4793255719930831,1.4171455139212894,4.706363987452997
IN.ADM2.00266,cottonlint,1997,8.240458015267176,0.6116574584844694,1.4726996870886928,4.706221526094373
IN.ADM2.00267,cottonlint,1997,5.250726744186046,0.370626804101182,0.9377243750969646,4.705980897037459
IN.ADM2.00369,sugarcane,1997,1073.5126942023494,136.50352792182775,175.35235968521252,4.705942301716232
IN.ADM2.00365,sugarcane,1997,1077.7777777777778,143.91989436445164,176.5489298021386,4.705906501546216
IN.ADM2.00566,sugarcane,1997,1345.5388180764774,146.03727640990869,223.72170014792232,4.705653557122625
IN.ADM2.00270,cottonlint,1997,9.73984962406015,0.6340515067416705,1.7430898480029027,4.704407862911609
IN.ADM2.00280,cottonlint,1997,7.035930833146193,0.4847118999281417,1.251935851104989,4.704097197482693
IN.ADM2.00378,sugarcane,1997,1271.8563907827738,160.9171184851701,207.9292884533637,4.703875581816913
IN.ADM2.00374,sugarcane,1997,759.1152999449642,113.34128754913137,123.95344230050397,4.701984500347392
IN.ADM2.00256,cottonlint,1997,7.677212806026366,0.5396588319426365,1.3716486773486323,4.701733482474595
IN.ADM2.00364,sugarcane,1997,1709.347192692338,171.7218551100811,286.8634481386554,4.699497352098034
IN.ADM2.00492,sugarcane,1997,820.494394941075,128.01666194053166,130.78480506502146,4.699415095273183
IN.ADM2.00567,sugarcane,1997,1187.8879382653918,141.7122353159284,198.90022430908323,4.699120320132274
IN.ADM2.00366,sugarcane,1997,1124.297350005736,154.26955733413413,182.93924344035676,4.698765082529453
IN.ADM2.00383,sugarcane,1997,1073.759499329459,129.3732316243255,175.76763480424063,4.696077548695526
IN.ADM2.00376,sugarcane,1997,1073.6222128733698,143.18784688800457,174.44461410693526,4.6931422845265365
IN.ADM2.00568,sugarcane,1997,907.890163364616,127.50826934286458,146.85331140918825,4.692829740632651
IN.ADM2.00367,sugarcane,1997,955.7503432252614,122.58811476708027,159.40675628219057,4.692508194702731
IN.ADM2.00577,sugarcane,1997,2247.533300444006,186.32981406386716,382.71712352484985,4.692350609253437
IN.ADM2.00252,cottonlint,1997,5.823311484753491,0.4971796392902608,1.0461227669218398,4.684066927527374
IN.ADM2.00263,cottonlint,1997,7.667832167832167,0.5816860696985446,1.3807669631753752,4.683600104369398
IN.ADM2.00465,maize,1997,7.8135788262370545,2.0504240303567736,1.1799208892448092,4.683528083096325
IN.ADM2.00494,rice,1997,10.5,1.8343914220524755,1.8082464117252421,4.679492178397204
IN.ADM2.00111,sugarcane,2012,6.6478555304740405,65.6822402718738,12.653896611165804,-4.674513711018265
IN.ADM2.00578,sugarcane,1997,1112.767744645107,156.29744366346893,177.07672011240908,4.6719142749689055
IN.ADM2.00384,sugarcane,1997,865.3205963236359,119.70754316534342,143.68724108963866,4.671740324026259
IN.ADM2.00379,sugarcane,1997,821.4434710054235,118.52779276128959,131.51069242463527,4.671189244994635
IN.ADM2.00473,arhartur,2017,9.059139784946236,1.8433851291555086,1.4503679074966926,4.666516250650032
IN.ADM2.00098,arhartur,2017,7.107226107226107,1.6370880448814147,1.0841050203117952,4.642134068726289
IN.ADM2.00497,sugarcane,2004,39.59375,18.051206899996778,5.082039189735361,4.63705815590928
IN.ADM2.00117,sesamum,2012,2.7450980392156863,0.5679988132597139,0.4708284591005822,4.636025378196564
IN.ADM2.00310,sesamum,2019,1.1582278481012658,0.24477466694448752,0.16849746188958384,4.635349806534627
IN.ADM2.00368,sugarcane,1997,842.2209200117198,130.89262368254,134.88432976118128,4.630687453504367
IN.ADM2.00188,cottonlint,2016,2.1990571169537625,0.42308222652989635,0.37550314047817235,4.627055912264579
IN.ADM2.00442,wheat,2014,1.9849997312467849,3.618570610794463,0.4003616168854681,-4.624038462690239
IN.ADM2.00238,soyabean,2014,2.0416666666666665,0.5448491597629801,0.32895304116929747,4.620114604165874
IN.ADM2.00274,cottonlint,1997,39.84375,1.8419210317921937,7.305405128649268,4.6105109919989244
IN.ADM2.00075,ragi,2000,3.695652173913044,1.046434581772589,0.552204588470167,4.608441796481977
IN.ADM2.00147,bajra,2020,5.54140127388535,0.7775316257823883,0.9532846792351868,4.6082922596342435
IN.ADM2.00075,barley,2009,3.699570815450644,1.2455190279979622,0.540569085266885,4.607816515262263
IN.ADM2.00499,potato,2002,213.84615384615384,28.076497755273014,37.99265148845877,4.606746118923629
IN.ADM2.00360,maize,2008,2.9590643274853803,1.6702079161380907,0.2854396244685838,4.605801437894769
IN.ADM2.00124,sugarcane,2012,7.36864406779661,62.95601989251367,12.135911422727624,-4.594491233812172
IN.ADM2.00230,sesamum,1997,1.7307692307692308,0.43352206250045955,0.2911432827807115,4.572700891474499
IN.ADM2.00221,rice,2012,6.547708589875861,2.1290278208470084,0.9359501662979154,4.567548186335512
IN.ADM2.00241,barley,2016,2.7142857142857144,0.8495934122374057,0.3702894670620855,4.545314221156025
IN.ADM2.00126,sugarcane,2012,7.290262172284645,71.19037946461837,14.061606286490298,-4.532584726004605
IN.ADM2.00505,rapeseed_mustard,1999,0.6690140845070423,0.12227512509405117,0.12047541748169767,4.51398021985083
IN.ADM2.00464,sesamum,2019,0.2341048151104017,1.1027694086387707,0.2262117414684662,-4.496451624967757
IN.ADM2.00473,sugarcane,1997,500.4915254237288,64.21742571916036,90.09908619631211,4.4935480366985106
IN.ADM2.00083,rapeseed_mustard,2012,3.2380524152106887,1.1044628888943562,0.477645141399129,4.485323828102383
IN.ADM2.00141,rice,2011,0.321803367046067,3.247118102249914,0.6555363715322675,-4.483079682821209
IN.ADM2.00332,sugarcane,2009,8.0,76.89653555257003,15.194430543855411,-4.473510319801355
IN.ADM2.00362,rice,2023,1.3327166666666663,1.7095021700828947,0.15092399168474366,-4.46884965536612
IN.ADM2.00331,sugarcane,2009,6.0,63.80072831513987,12.750351081236271,-4.4539619544794995
IN.ADM2.00558,cottonlint,2003,0.044074074074074,0.2529335233881175,0.04025096315112073,-4.452371596408363
IN.ADM2.00361,rice,2005,3.083333333333333,1.389701799269537,0.3799820902960577,4.451442865327832
IN.ADM2.00169,barley,2019,0.6773961038961039,0.8998577587226925,0.04639674485561145,-4.444135956790838
IN.ADM2.00218,cottonlint,2021,1.2979003152881197,0.21181923006519343,0.20093055916558195,4.432947161892094
IN.ADM2.00014,bajra,2023,3.370776762436748,0.8454243572982263,0.42604157033095647,4.420058510758193
IN.ADM2.00325,sugarcane,2009,6.526315789473684,69.22084826365824,14.029690476947671,-4.4080186703767446
IN.ADM2.00003,wheat,2015,4.88599706744868,1.2927514402690192,0.7317487811524597,4.394786889185682
IN.ADM2.00564,sugarcane,2009,5.428571428571429,64.55769743185614,13.280260363781986,-4.386608012830841
IN.ADM2.00202,sesamum,2018,1.585057471264368,0.30605237418363335,0.28842757819608056,4.3722987118787255
IN.ADM2.00494,sesamum,1997,1.8,0.47537040752652404,0.2879160460786354,4.372144240867299
IN.ADM2.00215,cottonlint,2021,1.4501160092807424,0.2367893349640625,0.24406419203430807,4.366692913250747
IN.ADM2.00080,arhartur,1999,3.4444444444444446,1.549091748705416,0.46078828573541886,4.363196362534294
IN.ADM2.00050,arhartur,2017,0.3846153846153846,0.7418224183182035,0.09501412440654154,-4.361711939382687
IN.ADM2.00129,arhartur,2002,4.555555555555555,1.101010297202238,0.7978757376846409,4.354975487679806
IN.ADM2.00249,cottonlint,2021,1.3884024413546596,0.24384729910223407,0.2209543508143072,4.346494402464295
IN.ADM2.00473,jowar,1999,1.4832053742802302,1.0582209555482953,0.09946863640145397,4.342592877480763
IN.ADM2.00109,sesamum,2012,2.064935064935065,0.564773833143077,0.3363343315486843,4.339997230843532
IN.ADM2.00348,barley,2012,1.3846153846153846,2.733345910744242,0.3419660589565962,-4.337018408118539
IN.ADM2.00216,cottonlint,2021,1.4850029477121218,0.262604549705073,0.24194988415262358,4.333270623311229
IN.ADM2.00285,maize,1997,8.0,2.6484013287223593,0.9851567208145457,4.3302476314117015
IN.ADM2.00065,arhartur,2016,5.135802469135802,1.3533496339603752,0.8213051237098551,4.322426540938887
IN.ADM2.00068,ragi,2013,7.18348623853211,1.1088293314788789,1.4055370258738216,4.319869529842451
IN.ADM2.00044,sesamum,2013,1.3,0.5448578985836479,0.15699393368235257,4.313643671700678
IN.ADM2.00103,jowar,2018,22.0,1.9916080039301824,4.095015412033579,4.313326015697905
IN.ADM2.00516,potato,2016,22.66104218362283,8.313391768519342,3.1913710623333102,4.309055369204511
IN.ADM2.00328,sugarcane,2009,6.0,67.57632001710948,14.053321465215108,-4.3047037063122175
IN.ADM2.00111,cottonlint,2021,0.0066214363849987,0.43792834657510377,0.13947866217349883,-4.302211389779304
IN.ADM2.00321,sugarcane,2009,6.0,67.6169065676108,14.140589650718317,-4.300866623229636
IN.ADM2.00562,wheat,2008,7.461538461538462,4.886382997563141,0.6105851151350622,4.299098800546141
IN.ADM2.00532,sesamum,1999,0.5550660792951542,0.22695316860127823,0.07457805014066236,4.293845111650581
IN.ADM2.00530,rapeseed_mustard,1999,0.4227129337539432,0.1488355317834236,0.0631964257364528,4.292530412501127
IN.ADM2.00168,rapeseed_mustard,2008,3.55542226487524,0.8672054138048544,0.635893840888701,4.291750169933498
IN.ADM2.00570,cottonlint,2003,0.0386363636363636,0.2218094182005651,0.03938222057260916,-4.290628892312155
IN.ADM2.00369,sesamum,2014,1.2985372340425532,0.3659435997696239,0.21824041028257582,4.2862952261063585
IN.ADM2.00255,rice,2020,3.046956521739131,0.5291418333475991,0.5334986733858958,4.284859401089574
IN.ADM2.00513,sugarcane,2009,7.5,73.40151515151516,15.203424762113519,-4.284205124861125
IN.ADM2.00526,sesamum,1999,0.396168108776267,0.14572234695523695,0.06149274379635804,4.279986202428526
IN.ADM2.00410,wheat,2014,1.9240006546376989,3.3367209661678605,0.3729139011357217,-4.276527314074652
IN.ADM2.00334,arhartur,2004,3.1114887831407207,1.044873070035057,0.49292251200197845,4.264796672610435
IN.ADM2.00440,wheat,2014,1.7899977003097818,3.522605855792218,0.44048555323762606,-4.261060449600132
IN.ADM2.00552,arhartur,2011,5.0,0.9587028382602408,0.9398006851310701,4.259292363351801
IN.ADM2.00472,arhartur,2012,5.778054862842893,1.7501458037476911,0.9219646539782933,4.253294701400517
IN.ADM2.00557,sugarcane,2009,6.2,64.38530491806648,13.436989280337718,-4.252891526459472
IN.ADM2.00155,rapeseed_mustard,2011,3.69811320754717,0.8359460220754598,0.6712170422128423,4.252048456383528
IN.ADM2.00256,arhartur,2021,3.698100140234733,0.8244866494046238,0.5913363014440165,4.244661320771422
IN.ADM2.00044,arhartur,2013,1.9,0.8890960872313823,0.2372220563304362,4.2426651336801635
IN.ADM2.00448,bajra,2007,2.997566909975669,1.1388573316747574,0.4523462097897603,4.236850366686603
IN.ADM2.00152,soyabean,1998,11.444444444444445,1.9893872090942033,1.9435999009441647,4.222824889450385
IN.ADM2.00014,wheat,2015,3.827586206896552,1.224303466111372,0.5349005768231421,4.2226139632079915
IN.ADM2.00227,arhartur,2015,2.6818181818181817,0.914061456500501,0.4020697962828875,4.219980336443005
IN.ADM2.00027,wheat,1999,2.6717557251908395,1.738370511282007,0.2700386048956262,4.219040932337352
IN.ADM2.00045,sugarcane,2022,50.296239837398375,35.63828079594516,5.178164179321314,4.2131626930398465
IN.ADM2.00123,jowar,2016,3.4278234854151086,1.463313248771019,0.45654298593462783,4.210145106516109
IN.ADM2.00410,jowar,2014,2.4285714285714284,1.0068462857968905,0.3111784852571622,4.204532704494404
IN.ADM2.00100,sugarcane,2016,127.98803550752604,49.085176814785875,17.067353973754468,4.203593475331551
IN.ADM2.00244,soyabean,2014,1.5,0.5171799950609562,0.22940632509407735,4.20277303428837
IN.ADM2.00427,jowar,2014,2.4293785310734464,1.0016446911246948,0.3137787494832633,4.19624662261542
IN.ADM2.00491,potato,2006,10.625,3.6734184735829474,1.7610636314381003,4.1960239424486945
IN.ADM2.00210,rapeseed_mustard,1999,0.8598210481465701,0.40787184097411294,0.11784810269508066,4.195070656765773
IN.ADM2.00159,barley,2005,0.2621621621621621,0.31924489447514787,0.013048785989239104,-4.192789077155548
IN.ADM2.00526,rapeseed_mustard,1999,0.5702775290957923,0.19287037097674173,0.09802102722462662,4.190392478960452
IN.ADM2.00271,sugarcane,1997,0.9590953545232274,94.31320439364254,17.06980660992043,-4.189188662560014
IN.ADM2.00207,groundnut,2014,4.0,1.39234499792715,0.5753395593471127,4.1886780155968735
IN.ADM2.00408,wheat,2014,1.87579926496894,3.546435852954692,0.4370857542860101,-4.188309730607411
IN.ADM2.00525,sugarcane,2020,92.0,54.745814251056444,8.86731678490126,4.183609930733974
IN.ADM2.00388,jowar,2014,2.4,1.0072942615488676,0.30609233963821875,4.176689403298982
IN.ADM2.00108,rice,2022,8.362003058103976,2.8587273491701404,1.1695165765159812,4.174112468447011
IN.ADM2.00213,rapeseed_mustard,2011,2.834234234234234,0.8574902662220186,0.46567392404246694,4.17265254944412
IN.ADM2.00546,rapeseed_mustard,1999,0.3235294117647059,0.10962070575620463,0.0502153462853267,4.168350786755509
IN.ADM2.00236,jowar,2017,2.258039816232772,0.925522254226835,0.28236515077814034,4.168259848726431
IN.ADM2.00569,cottonlint,2003,0.0438709677419354,0.2258500490118934,0.04085045865880715,-4.164565567631443
IN.ADM2.00453,soyabean,1997,4.5054945054945055,0.9541878655778463,0.9090676413127898,4.164129690397118
IN.ADM2.00557,rapeseed_mustard,2007,2.0,1.224133552721788,0.20346807142108592,4.160713501787808
IN.ADM2.00144,sugarcane,2014,27.78125,9.345765950650836,4.215016775928369,4.159918978181699
IN.ADM2.00416,wheat,2014,2.205000705101872,3.144145876555056,0.27475231573562364,-4.154128622610371
IN.ADM2.00504,sesamum,1999,0.3717693836978131,0.1849473206134002,0.04150738969577016,4.148452274265542
IN.ADM2.00465,arhartur,2012,2.2429906542056077,0.8964814191380207,0.3038317695647716,4.1427803278497475
IN.ADM2.00181,arhartur,2014,1.4552776600254345,0.4172190610567655,0.23668992878011869,4.130150482468473
IN.ADM2.00090,sugarcane,2009,129.23158844765342,47.458701489099916,19.86166603355799,4.129939305450684
IN.ADM2.00230,rapeseed_mustard,1999,1.016955139526669,0.4710329001151268,0.13253949547851857,4.1290535385010285
IN.ADM2.00169,potato,2008,33.07254901960784,8.096764377133754,6.007234708409909,4.127286020905999
IN.ADM2.00488,wheat,2014,2.056162890060995,3.6190388674942944,0.4497922751300761,-4.126083936736993
IN.ADM2.00224,cottonlint,2021,1.05664298487265,0.18756479459397393,0.17228915763616032,4.122477212379462
IN.ADM2.00158,potato,2008,37.74655172413794,10.653743288555594,6.577690902089586,4.112724976330149
IN.ADM2.00423,sesamum,2015,0.8419462073133878,0.19633297812127792,0.14840889223128811,4.110690914792208
IN.ADM2.00212,groundnut,2020,5.16635995583364,1.7349238028791993,0.6521590128411348,4.109141410139069
IN.ADM2.00401,wheat,2014,2.748492316518995,3.8562906690768237,0.3042434517693351,-4.108770926851949
IN.ADM2.00186,groundnut,2022,2.054560657793882,0.8126001915623603,0.22689901715931865,4.101415704605441
IN.ADM2.00176,cottonlint,2020,1.0053212851405624,0.2729515013056385,0.1502781538299387,4.0959176414700496
IN.ADM2.00444,wheat,2014,1.7849958068767222,2.866795743821998,0.32068312010482825,-4.093347832399944
IN.ADM2.00218,rapeseed_mustard,2019,3.4,0.7701293252035538,0.5596844443274946,4.093052078776921
IN.ADM2.00107,rice,2022,16.15034236379875,3.411415974172882,2.7235069389470934,4.091771980122705
IN.ADM2.00257,jowar,2014,1.5747126436781609,0.6346152690957075,0.22876821289621754,4.082771261838532
IN.ADM2.00399,groundnut,2019,2.7247340425531914,1.0558341919013214,0.36339179040213976,4.073124671720405
IN.ADM2.00373,sugarcane,1997,1090.909090909091,151.57755640193142,199.2453689081904,4.0709850320893395
IN.ADM2.00211,bajra,2017,3.0,0.6911641200420342,0.5222026308284016,4.069344792670521
IN.ADM2.00329,sugarcane,2009,6.0,71.48552096052096,15.84602753034178,-4.068270261245298
IN.ADM2.00526,sugarcane,2018,115.8,55.264459732161455,13.747133605618542,4.066974333854597
IN.ADM2.00512,sugarcane,2009,8.0,75.30681818181819,16.25605288330434,-4.0646139895675555
IN.ADM2.00297,bajra,2002,3.1818181818181817,1.0797395634314086,0.4932465461917026,4.064230976545522
IN.ADM2.00349,sugarcane,1997,89.0,64.6463937766962,10.240177504518021,4.06382965688986
IN.ADM2.00213,rice,2022,3.784998957956278,1.1043997401606043,0.455982768539449,4.053945616259045
IN.ADM2.00538,arhartur,2013,4.368098159509202,1.5245436586868737,0.7108408510146912,4.052447101475689
IN.ADM2.00441,wheat,2014,2.05499646595537,3.2728037831700543,0.35475101380217194,-4.048457378433335
IN.ADM2.00400,wheat,2014,1.9771064736626545,3.2597186353963252,0.3658203022595805,-4.044487743457836
IN.ADM2.00056,arhartur,2014,0.9241071428571428,0.7375642951642838,0.044985520439618676,4.037093939194126
IN.ADM2.00565,sugarcane,2009,6.0,68.1143191359956,15.060099634254797,-4.036209429995839
IN.ADM2.00207,cottonlint,2021,0.8550884955752213,0.15498847953300116,0.14863042279028063,4.021158505657664
IN.ADM2.00522,maize,2022,4.057894736842105,1.048299426011377,0.5680502423045488,4.020512167983652
IN.ADM2.00536,sugarcane,2012,37.54074074074074,13.00367975377828,6.092646885080231,4.016279376725287
IN.ADM2.00052,arhartur,2014,1.2,0.8008734994515666,0.08454804944390404,4.015211345101903
IN.ADM2.00472,jowar,1999,1.3502645502645505,1.0508177563959489,0.08017656571363344,4.007705530147576
IN.ADM2.00271,maize,2016,6.042253521126761,2.615747022726191,0.7340832091443827,4.007576762353106
IN.ADM2.00073,ragi,2002,2.420999515787864,1.0155330706092904,0.36276943478079415,4.007149005535512
IN.ADM2.00078,ragi,2000,2.596452328159645,0.9622702697017358,0.41967999677030554,3.9967758079432043
IN.ADM2.00548,sugarcane,2012,111.2,54.038155210999456,15.250134117221092,3.9944089740565145
IN.ADM2.00397,wheat,2014,1.857999604888099,3.056435287152568,0.3550188734074082,-3.9895733397026505
IN.ADM2.00474,maize,2007,5.634091374718295,1.5122515171821025,1.0735844132174315,3.9873295185786395
IN.ADM2.00349,rice,2011,4.0908071748878925,1.8873843010504237,0.5398109930899533,3.9863976018942737
IN.ADM2.00343,bajra,2004,2.449334681364556,1.9049127492529574,0.1997520405745433,3.9790075682048234
IN.ADM2.00440,groundnut,2019,2.7142857142857144,1.0598902071823206,0.3672074011993708,3.9776646956803843
IN.ADM2.00065,rapeseed_mustard,2012,2.150189086980011,0.8649446579535941,0.3163502138080918,3.9774236318653884
IN.ADM2.00387,cottonlint,2003,0.0404761904761904,0.22824671829019974,0.041851727419909585,-3.9721536045703387
IN.ADM2.00091,rapeseed_mustard,2013,2.495726495726496,0.875210987064072,0.40685065957211847,3.970188426691863
IN.ADM2.00574,sesamum,2018,0.5869863669742346,0.14256419303146034,0.09936771681222223,3.9692617858411015
IN.ADM2.00169,bajra,2021,0.25,0.5860112403050836,0.07240248999245716,-3.965057564998934
IN.ADM2.00532,rapeseed_mustard,1999,0.5015576323987538,0.3054249828045965,0.05628874448678726,3.9594511369756438
IN.ADM2.00300,cottonlint,2002,0.8107692307692308,0.14377948717948716,0.14628116616412645,3.9558469473487556
IN.ADM2.00477,maize,2014,5.077978865541115,1.8052950817053546,0.7834774454742086,3.9545892011959918
IN.ADM2.00207,sesamum,2012,0.8118668596237337,0.3546325719834896,0.11022140367154587,3.95457087494973
IN.ADM2.00465,groundnut,2009,1.6784681085548974,1.02565520922004,0.1679138140271061,3.951084060671302
IN.ADM2.00087,rapeseed_mustard,2020,3.822060682680152,1.0615124012743147,0.5547447965228393,3.9489280965932863
IN.ADM2.00241,jowar,2017,2.1344827586206896,1.0936384762828975,0.21994002341235008,3.9473039526978613
IN.ADM2.00222,arhartur,2017,1.5098039215686274,0.6653486570435726,0.20372186797353323,3.9456925323494563
IN.ADM2.00221,cottonlint,2021,1.1666666666666667,0.2039807883608759,0.20146622166551367,3.9362791326280786
IN.ADM2.00124,jowar,2016,2.353131749460043,1.2145284265196783,0.2548573917086781,3.9349084518804123
IN.ADM2.00484,sugarcane,2018,89.84444444444445,51.854413806138176,7.509463389935513,3.931802357575338
IN.ADM2.00570,rice,1998,1.9404900663986275,2.804556689440607,0.07120309562441872,-3.930640524809262
IN.ADM2.00103,arhartur,2016,2.885897435897436,1.0252337324914251,0.4390799076005875,3.928307241452058
IN.ADM2.00172,rapeseed_mustard,2008,0.6466876971608833,0.22596972739221574,0.10896358280807074,3.9234421221786113
IN.ADM2.00494,bajra,1997,3.204301075268817,1.7533373783720394,0.4540166511521413,3.92305905654057
IN.ADM2.00324,sugarcane,2009,6.0,69.1402417027417,15.922624930048757,-3.9214790576305254
IN.ADM2.00325,rapeseed_mustard,1998,2.0,1.2375406041327093,0.2376028438461695,3.9210729508387714
IN.ADM2.00219,jowar,2017,2.13,0.9696247994181817,0.25652402934362345,3.9182352583325253
IN.ADM2.00080,ragi,2018,2.5,0.9491811074086631,0.3770351818498525,3.9129186717219566
IN.ADM2.00142,arhartur,2016,0.12,1.185625473926284,0.2438084913694927,-3.9090692822522524
IN.ADM2.00110,cottonlint,2021,0.0057055826411714,0.41382145620535926,0.1425365239157026,-3.903218888831962
IN.ADM2.00160,bajra,2022,0.1698841698841698,0.5578661963745847,0.09111923301882982,-3.901517231713614
IN.ADM2.00347,barley,2012,1.4166666666666667,2.6971687491658987,0.3662990844456123,-3.8979753382317748
IN.ADM2.00388,wheat,2014,2.3194126965897954,3.4841520289636643,0.33230601131190585,-3.894946899943259
IN.ADM2.00406,wheat,2014,1.9962085968325365,3.4054014282016647,0.4124308197125624,-3.8932272279499207
IN.ADM2.00549,rapeseed_mustard,1999,0.4622641509433962,0.22287963899134217,0.06448858621725907,3.88967923210551
IN.ADM2.00436,wheat,2014,2.5650002762736213,3.5874447666087486,0.3234217361882041,-3.8896629032683694
IN.ADM2.00504,rapeseed_mustard,1999,0.4679487179487179,0.13188392053084502,0.08686381120702467,3.8888714694610584
IN.ADM2.00444,sesamum,2015,0.8810452007164682,0.2449612925855686,0.14969664582925904,3.8867921274872352
IN.ADM2.00296,soyabean,2000,3.3221153846153846,1.3074340580472747,0.46602587435414805,3.8860664353466654
IN.ADM2.00438,wheat,2014,1.3849612447857278,2.6310866625174976,0.37304851074666917,-3.882957660073617
IN.ADM2.00546,maize,1999,1.5252525252525253,0.8107878622490031,0.19030954224306879,3.8821999230583666
IN.ADM2.00250,sesamum,2008,1.0,0.29004433181870753,0.18170132705618186,3.880307973005418
IN.ADM2.00485,arhartur,1999,3.4347826086956523,1.5766257392138245,0.49982601333132054,3.8795623403566295
IN.ADM2.00455,ragi,2019,1.5001825483753195,1.1572172731281907,0.09431592320742073,3.879332388319008
IN.ADM2.00028,maize,2006,1.1062666479742045,1.5724692010698262,0.11587271186265112,-3.87498667632096
IN.ADM2.00301,groundnut,2002,2.083333333333333,1.076072588815293,0.2270818427052065,3.8709926947437774
IN.ADM2.00101,sesamum,2018,0.2156862745098039,0.7305627046178151,0.15813118984431285,-3.8678376495103204
IN.ADM2.00112,sugarcane,2012,7.0,64.87980446688869,14.901012265013197,-3.863759123908678
IN.ADM2.00045,maize,2013,4.009146341463414,0.9847863007693063,0.7493181469232749,3.8623170204495554
IN.ADM2.00277,rice,2022,3.955428571428572,0.7324665506727532,0.8191678069115668,3.861895144988748
IN.ADM2.00043,arhartur,2021,0.5714285714285714,0.7859185654277765,0.06391793881966512,-3.861262448542423
IN.ADM2.00045,rice,2021,1.0120754900846178,2.0554865561123186,0.3332542515157975,-3.859627341018145
IN.ADM2.00495,cottonlint,2013,1.0,0.4313320039129419,0.13171437751226844,3.8570575782237024
IN.ADM2.00087,sugarcane,2018,109.61199794384471,52.675579886263336,12.957974410559183,3.856978340150677
IN.ADM2.00142,jowar,2009,0.0048253232966608,0.4105908058476378,0.10168527395318895,-3.852387992198102
IN.ADM2.00578,groundnut,2012,5.213218390804598,2.4154417318084365,0.6741318117375936,3.849295417594943
IN.ADM2.00529,groundnut,2018,3.897222222222222,1.5548562277641138,0.47714997818049454,3.8488819427469028
IN.ADM2.00061,sesamum,2016,1.6666666666666667,0.811933844081549,0.16968204135117437,3.847197209738465
IN.ADM2.00258,sugarcane,1997,0.8310204081632653,69.53396259644116,14.215800905175294,-3.843892865265954
IN.ADM2.00222,cottonlint,2007,1.02,0.18110146374087027,0.2212655733208905,3.8342542636769967
IN.ADM2.00504,potato,2018,22.606896551724137,9.976368677049429,2.7842185434009603,3.828684848280592
IN.ADM2.00221,wheat,2021,1.8407508156704453,3.305602262405436,0.6961801869257609,-3.825708847630958
IN.ADM2.00137,cottonlint,2010,1.2014134275618376,0.40893352190364635,0.20621449264361152,3.8254865735603447
IN.ADM2.00206,rapeseed_mustard,1999,1.0358180058083253,0.5040294403920245,0.1477684638478988,3.8246458648951958
IN.ADM2.00117,cottonlint,2021,0.006173462159635,0.45975118351913946,0.14338565755332544,-3.822390779999371
IN.ADM2.00491,sesamum,2001,0.794179671024884,0.26859004050877516,0.1496845586382403,3.8186992646600357
IN.ADM2.00221,sugarcane,2021,104.52467532467531,28.495046481459543,19.746822420597287,3.815141535377602
IN.ADM2.00154,rice,2023,5.11013723150358,2.364019829633191,0.5453821634202394,3.8112441302136326
IN.ADM2.00230,sugarcane,1999,33.666666666666664,5.51744517161512,6.699233481614138,3.8103356528766232
IN.ADM2.00166,rapeseed_mustard,2017,2.7892405063291137,0.6737185405289314,0.48525181137998613,3.8091128312639
IN.ADM2.00419,jowar,2020,3.139289145052834,1.2883691212484143,0.4097055440836839,3.8089056991963326
IN.ADM2.00349,rapeseed_mustard,2017,0.257324648542615,1.2872905409356687,0.3240086897798647,-3.806670329171117
IN.ADM2.00517,maize,2015,8.61,1.489908703026884,1.5625192025188424,3.8039482823025685
IN.ADM2.00237,bajra,2012,3.0454545454545454,1.0620204084487415,0.5094496430015659,3.8008278886861504
IN.ADM2.00039,arhartur,2014,0.9657534246575342,0.738626251660315,0.056321380267160714,3.8002332928347458
IN.ADM2.00449,soyabean,2003,1.6474820143884892,0.916567942773203,0.22775927363159892,3.7978868349631507
IN.ADM2.00049,arhartur,2014,0.9190909090909092,0.7316229898723686,0.042473092138211085,3.796961602428433
IN.ADM2.00016,sugarcane,2000,22.973214285714285,79.5923510349678,11.911891139296333,-3.793033046209804
IN.ADM2.00421,wheat,2014,1.666969689524418,3.6304464029590298,0.5444954034741154,-3.7922478274922944
IN.ADM2.00427,wheat,2014,2.330999966634413,3.4685825118824987,0.3569636880103751,-3.7913516019447258
IN.ADM2.00170,maize,2023,11.744068835997084,3.918269235694526,1.4759520233540064,3.7912370289558597
IN.ADM2.00511,rapeseed_mustard,2001,2.25,1.3553323227423397,0.3069611066258238,3.7911578729858757
IN.ADM2.00214,jowar,2017,2.3195652173913044,1.1309221981262425,0.27610846801978883,3.7910838339363133
IN.ADM2.00211,jowar,2017,2.335714285714286,1.0369394656018003,0.285141023395786,3.784352222302007
IN.ADM2.00263,arhartur,2016,3.42937579799678,0.9377107173375205,0.6259295998302602,3.7800489136395394
IN.ADM2.00236,rice,2017,5.159934047815334,1.570520441901134,0.7421837299555891,3.778643392140223
IN.ADM2.00387,sugarcane,2003,38.453947368421055,53.390179580579726,3.2645738001088853,-3.7782349150100965
IN.ADM2.00113,cottonlint,2021,0.0064373681369903,0.5825507079116371,0.16284817069184293,-3.776880996063834
IN.ADM2.00459,ragi,2016,0.8,0.34970073632123494,0.10573917725991652,3.7746260704802572
IN.ADM2.00505,sesamum,1999,0.506544502617801,0.23501667874915635,0.06328846275121312,3.773048294095562
IN.ADM2.00337,arhartur,2002,0.0245098039215686,0.9004288132584503,0.2144045254096099,-3.772100302020111
IN.ADM2.00527,rapeseed_mustard,1999,0.1795918367346938,0.07824493340390373,0.03275894390856191,3.7718319958470223
IN.ADM2.00179,bajra,2007,1.6184276414621932,0.6854778582644065,0.2586265902540678,3.7672233925488823
IN.ADM2.00329,rice,2004,2.86,4.35228633545454,0.3192880971456415,-3.767203864420374
IN.ADM2.00062,sesamum,2000,0.1851851851851851,0.7607497490772918,0.11285739189233503,-3.764707055010045
IN.ADM2.00310,potato,2012,24.664021164021165,11.134342939366421,3.4955210570613806,3.764429655307447
IN.ADM2.00559,rapeseed_mustard,2010,3.361344537815126,1.5320708212433376,0.4881997955904077,3.761656346858243
IN.ADM2.00489,groundnut,2002,0.0235531628532974,1.5565613673195646,0.2721903657842183,-3.760772779596576
IN.ADM2.00337,bajra,2002,0.3620589998287378,1.6350917459950862,0.26100671284885063,-3.758346819279715
IN.ADM2.00133,arhartur,2000,2.4390243902439024,1.1234022768956717,0.3151181578542929,3.7562716086148495
IN.ADM2.00130,jowar,2009,0.0054358568887131,0.39803966444827005,0.10023706325409422,-3.755821790593287
IN.ADM2.00026,potato,2004,9.221153846153848,6.3864328163022845,0.8687052626643179,3.7552802137544967
IN.ADM2.00419,wheat,2014,1.9360022917711093,2.9065393088531404,0.329531898101018,-3.7530588232120023
IN.ADM2.00366,ragi,2016,0.3658684449833282,1.915162497551104,0.5863064548254642,-3.7508441290012633
IN.ADM2.00503,cottonlint,2022,0.1133333333333333,0.17471176127297594,0.02408767493085408,-3.7483920084334477
IN.ADM2.00567,jowar,2014,1.827862228208582,0.5592189048294466,0.3272925129335713,3.7472307698766008
IN.ADM2.00034,rice,2011,0.6131053690236732,1.4703235922137854,0.2452758832581203,-3.7461552821581763
IN.ADM2.00298,groundnut,2003,1.6923076923076923,1.103907609924458,0.13778567552087578,3.7442144611585544
IN.ADM2.00139,sesamum,2016,2.0,0.43144525042425247,0.3630001342757149,3.7425210100760014
IN.ADM2.00036,sugarcane,2004,5.78125,32.431825536229354,7.377309855765376,-3.7419353947570584
IN.ADM2.00455,arhartur,2019,3.2777777777777777,1.1569502184763356,0.4521999247168615,3.7378781314874194
IN.ADM2.00083,sugarcane,2012,77.7620672010916,39.7163212580224,10.338242380828119,3.735820249997054
IN.ADM2.00297,cottonlint,2002,0.9103225806451613,0.15596179143025976,0.18079396559430477,3.7324490903024383
IN.ADM2.00037,sugarcane,1997,50.48746758859119,37.8160040237464,2.960026797997905,3.7316932739954827
IN.ADM2.00115,sugarcane,2012,7.428571428571429,77.56492284772486,18.30552971172709,-3.7316131032486473
IN.ADM2.00302,groundnut,1999,0.12,1.0125630424177514,0.23214565611929958,-3.730878614069127
IN.ADM2.00224,bajra,2017,2.2816901408450705,0.8083872575836074,0.32595121732155136,3.729147656608204
IN.ADM2.00169,sesamum,2001,1.2493765586034913,0.47040753787833084,0.16309857393093796,3.7272858392656207
IN.ADM2.00348,cottonlint,2001,0.6094274028629857,0.45081683906241793,0.08497568223824294,3.727193107871593
IN.ADM2.00546,sesamum,1999,0.3115183246073298,0.15747376587825532,0.042816456396902194,3.719333057624836
IN.ADM2.00075,maize,2001,6.840890354492992,3.4172938258838252,1.1837574903483215,3.707998476891956
IN.ADM2.00439,sugarcane,2021,33.788000356601586,52.46557076704245,7.583667203031165,-3.7071112050937014
IN.ADM2.00396,wheat,2014,2.369999214259379,3.2533709178817807,0.30599286199784226,-3.703164558939488
IN.ADM2.00343,sesamum,2010,1.3302572706935123,0.43764453577516566,0.2390081392133206,3.701070876676489
IN.ADM2.00553,rice,2015,0.7759977470228516,2.0336964912140467,0.3583879967440062,-3.699608752043941
IN.ADM2.00266,arhartur,2016,2.568819497334349,0.8436462161995841,0.4122860598700224,3.695006212142753
IN.ADM2.00252,sesamum,2008,1.0,0.3089591273492374,0.18619962772684018,3.69187630696063
IN.ADM2.00296,rice,2007,0.1174264850996645,1.479575345939879,0.3780371764479536,-3.69071727446445
IN.ADM2.00112,rapeseed_mustard,2022,0.5460595446584938,1.364593717930023,0.29706925532962275,-3.6894446997044157
IN.ADM2.00300,rice,2023,1.6772538140679951,2.1579990102376723,0.3036925827074293,-3.689201563663879
IN.ADM2.00039,sugarcane,2000,15.6,37.24114684248611,6.131537812584669,-3.6870021638669166
IN.ADM2.00279,sesamum,2008,1.0,0.28477807709051106,0.19305989520402791,3.6827803707615896
IN.ADM2.00405,wheat,2014,2.126967109710364,3.28289495818793,0.3677529553458014,-3.681414349098291
IN.ADM2.00053,sugarcane,2022,52.0823927765237,38.588899155396696,4.364882233758831,3.6708595544800273
IN.ADM2.00271,cottonlint,1997,51.0,3.940084108353091,11.779715693496177,3.665074216451499
IN.ADM2.00423,wheat,2014,2.6808231267623825,3.3123378351666,0.2482407047414645,-3.6614642587235844
IN.ADM2.00294,maize,2007,0.0980755854393693,1.601556871881081,0.4278583772966008,-3.658708929154876
IN.ADM2.00199,jowar,2023,0.0,0.6404393243137344,0.22864902648366098,-3.6547023548958837
IN.ADM2.00384,jowar,2014,2.0983182406209573,1.0025770717655644,0.28977751861352746,3.651086721547397
IN.ADM2.00553,wheat,2014,1.8770058992295544,2.829152667845857,0.31014606112674253,-3.6492722308759897
IN.ADM2.00223,sugarcane,2021,82.40265906932574,24.909091277996552,15.781527242501344,3.6438870142260473
IN.ADM2.00392,rice,2004,0.8834236094415138,2.0403140760075753,0.27240102382293685,-3.643883944208055
IN.ADM2.00033,wheat,2014,3.3679245283018866,1.5460360487982214,0.4812840909304799,3.6413072991250424
IN.ADM2.00337,sugarcane,2011,154.97237569060775,62.99423435754284,24.717054530138377,3.6375654628559477
IN.ADM2.00550,maize,2002,4.75,2.2528711569537276,0.8789942537781302,3.6369596880623063
IN.ADM2.00363,soyabean,2006,1.0,0.8857319833861685,0.038670083656347644,3.6363498482039742
IN.ADM2.00362,maize,2010,16.269713886950452,2.677542309807904,3.7389280901818607,3.6353123807956047
IN.ADM2.00140,potato,2021,0.0,19.940020034169144,6.266652149007273,-3.6341897138374883
IN.ADM2.00225,rice,2017,3.205253370525337,1.2225795941993494,0.4106711176664715,3.633761806871871
IN.ADM2.00338,rice,2023,1.4489795918367347,1.7880067462366922,0.2848308917515224,-3.6323578612889422
IN.ADM2.00397,sesamum,2003,0.4401985111662531,0.15004868331445598,0.0767729697881863,3.6313776383956364
IN.ADM2.00109,sugarcane,2000,27.5,71.15482714227971,12.198002147932716,-3.6281926920968974
IN.ADM2.00002,sugarcane,2013,33.945454545454545,5.380562754678341,7.8594007793348855,3.6272665613215755
IN.ADM2.00216,arhartur,2017,1.4801587301587302,0.6391663818606387,0.19769041447738742,3.6264694159423185
IN.ADM2.00492,cottonlint,2017,0.0005844334433443,0.41196854650576137,0.12851613123598407,-3.624444137607646
IN.ADM2.00136,potato,2009,2.689130082617852,22.15001004715426,5.365734725818412,-3.6243919527601625
IN.ADM2.00534,arhartur,2016,0.1705202312138728,0.8155803433643984,0.20741768858235532,-3.6192014415709077
IN.ADM2.00226,jowar,2017,2.1867469879518078,0.9021916649270377,0.3176631854539982,3.617203007860506
IN.ADM2.00240,groundnut,2020,2.7747524752475248,1.2698438892908135,0.37469731656372757,3.614433630424317
IN.ADM2.00238,rapeseed_mustard,2017,1.853061224489796,0.5297322950466034,0.29485378126524947,3.6112533200811954
IN.ADM2.00139,cottonlint,2010,1.0669456066945606,0.3762515194481253,0.19131801757664563,3.611234791045887
IN.ADM2.00140,cottonlint,2020,0.0005338370565045,0.35595934638682536,0.12443240203045657,-3.6083920604603583
IN.ADM2.00299,groundnut,1999,0.12,1.0310759618264689,0.26602610969435814,-3.6082833056831616
IN.ADM2.00374,jowar,2014,2.7830282389669363,1.3570538670333658,0.3830330029659928,3.606799599631709
IN.ADM2.00200,sugarcane,2008,229.28571428571428,63.29687565599159,46.26464158797353,3.6042869597165588
IN.ADM2.00525,ragi,2018,0.2666666666666666,0.519683931290877,0.10516832529592977,-3.601993113556986
IN.ADM2.00484,ragi,2014,1.9802371541501973,0.9439554785027285,0.2864783067675195,3.59681493943142
IN.ADM2.00262,ragi,2023,3.2009265857636,1.6286600584146458,0.32516811464851475,3.5947616641922724
IN.ADM2.00548,sesamum,1999,0.5680208721580321,0.3102212857228182,0.08606442361092523,3.588260996212646
IN.ADM2.00516,ragi,2013,0.9858870967741936,0.40335334630536207,0.16586212618484922,3.5877227901284607
IN.ADM2.00164,rapeseed_mustard,2021,0.4238963360142984,1.077810628433657,0.22119272712087842,-3.581577867945056
IN.ADM2.00277,sugarcane,1997,0.7998515769944341,81.4080411847598,18.52385691169464,-3.5810779260863996
IN.ADM2.00228,rice,2017,4.636828644501279,1.6951804664108008,0.6616796918862703,3.5774523879909723
IN.ADM2.00410,barley,2014,1.8437107707757967,3.097405038466661,0.36850320556336624,-3.576759326128356
IN.ADM2.00032,maize,2014,2.501960784313725,2.1332338704931306,0.07363435588940564,3.5765340681530806
IN.ADM2.00004,bajra,2007,3.0,0.9511115482479633,0.5934964049523707,3.5717081093286698
IN.ADM2.00297,soyabean,2001,2.333333333333333,1.3382314640621058,0.23630679998891568,3.5712668664968183
IN.ADM2.00425,wheat,2014,1.8220008825568932,2.749422956501051,0.3125246951524699,-3.5675000749516665
IN.ADM2.00210,potato,1999,12.162393162393162,6.091769485615635,1.678884155613465,3.566920113802402
IN.ADM2.00050,cottonlint,2004,0.119,0.07211688708842107,0.012837023438516573,3.5662950069228363
IN.ADM2.00500,potato,2021,7.066702673507966,9.908916525593872,0.8914065862725836,-3.565415721666627
IN.ADM2.00129,jowar,2009,0.0058573729682237,0.40071672866127583,0.10787381552847267,-3.564495293026615
IN.ADM2.00087,rice,2020,4.620146928551792,1.8752197096909287,0.6521210744259731,3.5627837219808884
IN.ADM2.00485,ragi,2014,2.109902690326273,0.8753038160240407,0.3282058486557386,3.5599224509598426
IN.ADM2.00521,rapeseed_mustard,1999,0.6,0.21921856998495073,0.11962785607933062,3.5579576330396465
IN.ADM2.00036,wheat,2014,3.466019417475728,2.072534171167714,0.32495740680648677,3.5577484984118963
IN.ADM2.00302,maize,1999,0.148741418764302,1.7581118282329118,0.3699274850952833,-3.557546249993408
IN.ADM2.00465,bajra,2001,0.4380952380952381,0.37718383044859216,0.028376689422519856,3.5539243777811484
IN.ADM2.00216,barley,2017,4.569852941176471,1.6934744333854992,0.6171910134580908,3.5536529408172868
IN.ADM2.00418,groundnut,2012,2.0,0.8458762132295492,0.3144250388793599,3.552815129577446
IN.ADM2.00406,rapeseed_mustard,2014,0.6045574986751457,1.3868807452321097,0.2624225983256355,-3.5526325411343618
IN.ADM2.00030,maize,2001,1.4,1.2193578989747624,0.09484749878910383,3.5516918282035443
IN.ADM2.00046,maize,2023,6.060731707317073,1.4288928627919715,0.8111550802314075,3.550732586228127
IN.ADM2.00226,rice,2017,2.2,0.6923051375357153,0.376533572043594,3.550580213134583
IN.ADM2.00453,arhartur,2019,3.269109947643979,0.9750787436109831,0.4929415052212921,3.550225327798341
IN.ADM2.00152,rice,2022,1.9683544303797469,1.071125120167712,0.2245375389114308,3.5495671496540657
IN.ADM2.00405,cottonlint,2019,0.4271428571428571,0.08881509037962251,0.08989404871990356,3.5491398582187657
IN.ADM2.00058,potato,1999,11.427519197617928,7.622372678796984,0.8981708315177469,3.5466046241305262
IN.ADM2.00190,sesamum,2008,0.8387096774193549,0.3112678097727543,0.15148554966422179,3.54115928167886
IN.ADM2.00210,sugarcane,1999,31.428571428571427,5.6893825006856344,7.376644558873502,3.536871264327433
IN.ADM2.00152,bajra,2002,2.0,0.7077631105045841,0.3478302411200947,3.535069390657593
IN.ADM2.00436,bajra,2003,8.0,1.795320375500788,1.7644357380024343,3.5346016734133343
IN.ADM2.00147,maize,2001,0.2256038235043099,1.7970034941957869,0.34446157603267397,-3.533540349311341
IN.ADM2.00010,jowar,2023,2.9989455021691542,1.132277453798049,0.34461327846631723,3.5333591933624615
IN.ADM2.00235,cottonlint,2021,0.93,0.23364564212740202,0.17080352427923343,3.5303628458075518
IN.ADM2.00054,sugarcane,2020,21.72890688259109,35.47797917386287,4.009663808037876,-3.5288430608540415
IN.ADM2.00458,ragi,2023,1.12,0.928510860942342,0.08894246047752845,3.5248253447542055
IN.ADM2.00065,maize,2016,7.100069637883008,3.185182210623586,0.9061997087995841,3.5231352408117975
IN.ADM2.00275,sesamum,2008,1.0,0.31225886143931253,0.19322166867726853,3.5230882830069254
IN.ADM2.00244,jowar,2017,2.241599319438537,1.130348059266507,0.2510538782992794,3.5198784827193674
IN.ADM2.00242,jowar,2014,0.1428571428571428,1.3285954869218646,0.3396692442169932,-3.517046371202036
IN.ADM2.00217,rapeseed_mustard,1999,0.757396449704142,0.40196711413926695,0.1184628686511752,3.5168377498978467
IN.ADM2.00186,wheat,2014,1.2482886480319453,0.510197531162974,0.19162104686650283,3.5149255140134765
IN.ADM2.00052,sugarcane,2011,61.530546623794216,41.9115814990054,5.396047464878172,3.511734711343935
IN.ADM2.00158,rapeseed_mustard,2018,2.4046278924327704,0.8564798703221859,0.3652309345097897,3.510007920140111
IN.ADM2.00010,wheat,2002,2.652768512341561,1.1869585909169194,0.5023769131168813,3.508107286395288
IN.ADM2.00470,sugarcane,2010,98.58105040108975,51.017790853707346,13.477711031354508,3.506833585983879
IN.ADM2.00081,ragi,2015,2.720047449584816,1.1071335458627776,0.4353521190236982,3.5013150051204542
IN.ADM2.00230,potato,1999,13.688687035507844,6.204347798383168,2.00942127298845,3.5011787523065565
IN.ADM2.00463,arhartur,2019,3.267692307692308,1.2659232640007467,0.47478161761980486,3.5009222451263953
IN.ADM2.00363,rice,2006,15.181818181818182,2.7327374671813227,3.495029796596612,3.500240807188669
IN.ADM2.00340,wheat,2014,2.13168893179414,3.618062652090751,0.5136442923633386,-3.495879944053573
IN.ADM2.00425,barley,2015,0.875,2.023893690137353,0.39835963018449133,-3.493375647181402
IN.ADM2.00501,potato,1997,9.608695652173912,5.836684239092912,1.1310058494501034,3.491082712672309
IN.ADM2.00241,rapeseed_mustard,2018,0.2991125453812021,0.4125732252435143,0.07049249979235568,-3.4908078427056046
IN.ADM2.00536,maize,1997,3.01497005988024,1.4518495906329276,0.37736209021785705,3.4905958660278946
IN.ADM2.00252,rice,2009,1.441860465116279,0.5637451910815412,0.24881672560726348,3.490121388869539
IN.ADM2.00151,bajra,2019,1.0,0.5179797949038735,0.13055385203900377,3.490101948041516
IN.ADM2.00060,ragi,2000,2.597139451728248,0.9339611159639447,0.48967896361268254,3.4887236412541527
IN.ADM2.00227,sesamum,2021,0.1415026650266502,0.42676906513367396,0.10745066558772857,-3.485959686659478
IN.ADM2.00230,arhartur,1999,1.1514186450492183,0.5377106295271088,0.1768332131652014,3.4836266860578498
IN.ADM2.00302,sesamum,2003,1.0588235294117647,0.6170891145571017,0.1110957698076964,3.482968591872837
IN.ADM2.00378,cottonlint,2017,0.000466235446313,0.384361789785396,0.11937251134513743,-3.4799760207538104
IN.ADM2.00462,sugarcane,2007,101.36471932114884,72.65271183481585,8.538889147565195,3.479929113823545
IN.ADM2.00556,maize,2023,2.667539482181647,1.0538872779633863,0.3768619001520736,3.4779188267481094
IN.ADM2.00212,cottonlint,2021,2.150003788483012,0.4119124781511887,0.4451949205916015,3.4761625945311283
IN.ADM2.00572,wheat,2014,2.297000774154881,3.21878934323829,0.31631174599884543,-3.4723782335624005
IN.ADM2.00448,barley,2015,0.8765112262521589,2.0311322856666605,0.40383314518320534,-3.4718412083749075
IN.ADM2.00445,jowar,1998,2.014935741576936,1.1625203373138606,0.3191116362664663,3.46935762396063
IN.ADM2.00363,rice,2005,15.127272727272729,2.7327374671813227,3.495029796596612,3.469209840238588
IN.ADM2.00340,maize,2019,0.7071432119616512,2.186031291442543,0.6926866000049422,-3.4689129213765644
IN.ADM2.00527,maize,1999,1.65625,1.1144157164565043,0.37105705028469205,3.468148743118814
IN.ADM2.00459,groundnut,2017,3.6,1.2121141709099372,0.6071611891526911,3.467915374329131
IN.ADM2.00150,wheat,2007,3.2698412698412698,1.5215904975817571,0.5220967966943322,3.4677672291717063
IN.ADM2.00153,rice,2021,4.202937095282146,1.5861176787829063,0.6930820842999847,3.4659174765770318
IN.ADM2.00042,potato,2005,2.9923402007395667,9.399691654692777,1.7259629716890608,-3.464589512921469
IN.ADM2.00463,sesamum,2019,0.6182727272727273,1.0291469077837294,0.11772365963667905,-3.463662708118121
IN.ADM2.00298,sesamum,2003,1.2727272727272727,0.615755513432826,0.17918790839686796,3.4634495195469297
IN.ADM2.00180,groundnut,2022,2.134285268414482,0.8483855991913412,0.28504690991920756,3.4617968809870887
IN.ADM2.00574,maize,2013,3.54688618468146,1.8615814264630106,0.4600456813313282,3.461017601342327
IN.ADM2.00175,groundnut,2022,1.8291356034656456,0.7847203823705848,0.19724545076316263,3.459292160134037
IN.ADM2.00089,jowar,1999,2.0724815724815726,1.1384868661430003,0.20525847709675443,3.457334135225734
IN.ADM2.00501,rice,1997,1.3444284869477063,2.8410285592138678,0.2288421555796542,-3.45690880753086
IN.ADM2.00554,wheat,2014,1.6639984900350897,2.8804300890342116,0.4056706967593728,-3.456804761186942
IN.ADM2.00215,sesamum,2012,1.4779411764705883,0.6542790637393989,0.19889843864981457,3.456590620277642
IN.ADM2.00262,cottonlint,1997,17.0,1.3251282051282056,3.875995040263928,3.4540915155348064
IN.ADM2.00494,sugarcane,2015,176.68493150684932,78.62620016546985,26.377173065737495,3.453295831729182
IN.ADM2.00229,barley,2016,3.1666666666666665,1.4528622217455573,0.4096304986260345,3.4522658266794632
IN.ADM2.00223,barley,2016,3.5294117647058822,1.5719666131376868,0.4652620318341093,3.4521603722579255
IN.ADM2.00268,sugarcane,1997,0.9445205479452056,76.11937331065711,17.004980730939096,-3.451317376964545
IN.ADM2.00577,cottonlint,2017,0.0003503420987552,0.2378262947533008,0.08263682786308332,-3.4511359267282984
IN.ADM2.00300,wheat,2003,2.8229166666666665,1.7278659644469296,0.3245813570851119,3.448339609291881
IN.ADM2.00530,groundnut,2017,2.3804123711340206,1.1176541801746704,0.32093591229547463,3.445643303559119
IN.ADM2.00214,barley,2015,5.0,2.3554142968033527,0.7192656059667772,3.4448572917207927
IN.ADM2.00248,sugarcane,2021,45.45454545454545,15.508466371343495,9.353424779734185,3.444813767270938
IN.ADM2.00328,rapeseed_mustard,2005,2.0,1.2124007936507937,0.2600037957080082,3.4418024378033136
IN.ADM2.00043,maize,2013,3.583333333333333,1.1398518142027954,0.6658619444992282,3.4415752508959785
IN.ADM2.00422,wheat,2014,1.5101359571010091,3.264678561550783,0.5495589297362613,-3.4396308159662476
IN.ADM2.00420,potato,2017,11.944620253164556,22.73307235657114,3.6689072180003333,-3.439028464126573
IN.ADM2.00392,wheat,2014,2.1180006314140805,2.8085063086730835,0.2662651544237995,-3.4385932774852987
IN.ADM2.00418,potato,2017,11.944196428571429,22.719516057027622,3.6589820804557314,-3.4384656910850198
IN.ADM2.00508,groundnut,1999,1.935897435897436,0.7592482488619944,0.30485214483002615,3.438046043756265
IN.ADM2.00366,sesamum,2016,0.3297491039426523,0.6809838186360799,0.0970312357119106,-3.436941871482742
IN.ADM2.00298,soyabean,2004,1.6019417475728157,1.2281757993561728,0.10893783536271442,3.4363188955261768
IN.ADM2.00120,sesamum,2012,1.097165991902834,0.4922276890183255,0.16956066098296801,3.4339312383844516
IN.ADM2.00092,rapeseed_mustard,2016,2.214634146341464,1.0575400205559253,0.31392479600154055,3.433839524711366
IN.ADM2.00423,barley,2015,0.8797250859106529,2.0283894299487466,0.420728325071312,-3.433672718267817
IN.ADM2.00036,maize,2001,1.1104718066743384,1.6463178090613966,0.11786440381026815,-3.4274209761625336
IN.ADM2.00021,groundnut,2022,2.5456810631229234,1.2851745718771765,0.19156634223889357,3.426603579821505
IN.ADM2.00289,potato,2006,6.673611111111111,7.79985245597852,0.3222766253988159,-3.4257076259667913
IN.ADM2.00564,rice,2022,3.1481481481481484,3.3964405439236525,0.22587491288675604,-3.4242476982960337
IN.ADM2.00474,arhartur,2009,270.0,21.83771867492654,70.80749808047479,3.423575328549533
IN.ADM2.00259,cottonlint,2017,0.6795189246551114,0.3195600556064192,0.08106916359284116,3.423503244476682
IN.ADM2.00147,cottonlint,2011,0.3399999999999999,0.10010873563218389,0.0702158243381571,3.4212206696539136
IN.ADM2.00444,barley,2015,0.8767441860465116,2.043298629994126,0.4161405820288095,-3.420574704988124
IN.ADM2.00294,arhartur,2000,2.6875,1.0497472464472224,0.41621682590316095,3.420422953349441
IN.ADM2.00044,potato,2010,13.920158102766798,8.067064814686534,1.700284036092468,3.4197135585640437
IN.ADM2.00452,arhartur,2019,3.272727272727273,1.077307207723849,0.5156384974657859,3.418591087520773
IN.ADM2.00412,wheat,2014,1.7657711647232734,2.6571573038302265,0.33450162443613385,-3.4180797505338494
IN.ADM2.00316,maize,1999,1.7797537619699042,1.6116078549287804,0.30293757364966173,3.4176981855474726
IN.ADM2.00409,wheat,2014,1.959505526669192,2.9589488378475304,0.3650809481422092,-3.4175680081173296
IN.ADM2.00109,arhartur,2019,1.923510971786834,0.99315595665435,0.2025356240306199,3.414938729503613
IN.ADM2.00062,jowar,1999,1.1923076923076923,1.0562379473999557,0.04469581074591031,3.4127155127230533
IN.ADM2.00208,jowar,2015,3.6666666666666665,1.7197198347526177,0.47522818602573175,3.4104605979335454
IN.ADM2.00549,maize,1999,1.5483870967741935,1.2091865030459035,0.24749098250731574,3.408580768287068
IN.ADM2.00121,soyabean,2018,6.437648355374703,1.5387766975798352,1.350183726307222,3.4082640894277194
IN.ADM2.00150,rapeseed_mustard,2011,4.2,1.2630063348354466,0.8707216308931353,3.407669924797803
IN.ADM2.00424,potato,2017,11.943661971830986,22.58084668489524,3.58837977316851,-3.405824250561261
IN.ADM2.00181,maize,2017,6.371481678173128,3.4635820023010844,0.8044263057085553,3.4041388999008144
IN.ADM2.00433,cottonlint,2020,0.3703703703703703,0.0870042376871571,0.08577577738280638,3.4020936812962304
IN.ADM2.00268,jowar,2012,1.5510204081632653,0.8124279541395112,0.21536644026875093,3.401890458701503
IN.ADM2.00004,arhartur,2005,0.6770056836032331,0.21294680144592035,0.1252318503113485,3.4004474476495963
IN.ADM2.00391,rice,2002,0.7832472562943835,1.2437449510568521,0.10874038664461494,-3.4002710181470492
IN.ADM2.00362,maize,2005,15.488,2.677542309807904,3.7389280901818607,3.3996200909491607
IN.ADM2.00417,sesamum,2006,0.3772727272727272,0.24544846991695862,0.04168430922777708,3.398797600203638
IN.ADM2.00045,potato,2022,12.443175921120911,7.935581423512021,1.2620795216350669,3.3978115400153674
IN.ADM2.00242,wheat,2019,5.048298705938634,2.5515963262861834,0.5618969846596561,3.397445929852008
IN.ADM2.00039,maize,2023,4.721405405405406,1.0913357894960811,0.7624842954945975,3.3956347646943814
IN.ADM2.00139,jowar,2008,2.066115702479338,0.6586740685887742,0.41473509662157093,3.3948904079987647
IN.ADM2.00416,barley,2015,0.8759398496240601,2.037785545610973,0.4160606726467612,-3.3920942146662045
IN.ADM2.00160,maize,1998,0.0195338453769899,1.955290434286703,0.4524511550566297,-3.3920760981457847
IN.ADM2.00165,wheat,2021,4.632203389830509,1.578642779067102,0.750160239212975,3.391282486818919
IN.ADM2.00398,potato,2017,10.36996805111821,21.516299476516654,4.373174990311231,-3.387318629043203
IN.ADM2.00449,arhartur,2020,1.4663573085846868,0.7741213902209699,0.1549342602492931,3.387123323721618
IN.ADM2.00384,cottonlint,2017,0.0005792163543441,0.36267531507291817,0.10518070760747478,-3.3864979526074603
IN.ADM2.00041,cottonlint,2011,0.034,0.0739841547341547,0.012007468215900966,-3.386091561295594
IN.ADM2.00458,arhartur,2019,3.2635135135135136,1.1233838341094373,0.49247772603665624,3.38596809844603
IN.ADM2.00111,rice,2000,0.2984886649874055,1.2904135032401487,0.17289693644532125,-3.3856301325525204
IN.ADM2.00456,groundnut,2019,1.0236382322713258,1.8114058133010735,0.4573382629848646,-3.385192202938545
IN.ADM2.00013,sesamum,2014,0.7049180327868853,0.33999980684949577,0.10416231949633967,3.3845092810091755
IN.ADM2.00273,ragi,2003,1.5666666666666669,1.3121400905913083,0.10544794111401401,3.384321890759143
IN.ADM2.00439,wheat,2014,1.859573042338924,2.797255417772833,0.34099573602797206,-3.383684958499411
IN.ADM2.00282,rice,2020,3.109412496666963,1.4505372527558407,0.4687962586849842,3.3813507641215894
IN.ADM2.00117,rice,2000,0.4106967615309126,1.8107315727415754,0.2672212879161537,-3.37878816333449
IN.ADM2.00377,cottonlint,2013,0.5357132616487454,0.16654433249125303,0.10857664844556277,3.377970257211913
IN.ADM2.00443,potato,2017,10.369724254361284,21.493568679161847,4.371016969335366,-3.375511718267561
IN.ADM2.00004,cottonlint,2017,0.4818756585879873,0.18705471916614233,0.08486510860448851,3.3725885552042283
IN.ADM2.00169,maize,1998,0.0229368036122032,1.7328232895255378,0.41945948327826094,-3.371120585228859
IN.ADM2.00414,wheat,2014,1.7419985597670398,2.9149113688723083,0.4286404856096251,-3.370973318600158
IN.ADM2.00430,wheat,2014,3.29061052697459,3.9634398348733817,0.2493538042259969,-3.369537045998101
IN.ADM2.00097,maize,2017,6.647765834990208,3.4122985697211967,0.7353272809259308,3.3694184076133444
IN.ADM2.00243,jowar,2017,1.975,0.8895461678096468,0.27633345364079526,3.368552732747001
IN.ADM2.00464,wheat,2018,1.602250165453342,2.5218381516635806,0.36217238925799633,-3.3683799875225877
IN.ADM2.00103,wheat,2009,1.4285714285714286,1.9967518781844134,0.17421846252120007,-3.3683411345958705
IN.ADM2.00466,rapeseed_mustard,2010,2.0822159491884262,0.977540728120893,0.32563024344447855,3.367354333777262
IN.ADM2.00218,soyabean,2016,1.3595505617977528,0.6453333007182268,0.20066398400129576,3.3665909262006286
IN.ADM2.00148,rice,2023,2.47,1.5329159605048466,0.23657929040873676,3.3640015546959257
IN.ADM2.00344,cottonlint,2016,0.2176661264181523,0.408946057711442,0.08796534009884675,-3.3609470938084542
IN.ADM2.00544,sugarcane,2010,82.37327466419639,49.46499470144832,9.653894412436268,3.3583873297634277
IN.ADM2.00303,sesamum,2003,1.1805555555555556,0.6470021791570915,0.13119643533229783,3.3577841056943334
IN.ADM2.00211,arhartur,2014,1.4444444444444444,0.5435516964574436,0.2524658037322058,3.3570678362061006
IN.ADM2.00362,rapeseed_mustard,1998,0.4225352112676056,0.8095925081555362,0.06380823010838059,-3.357032511820465
IN.ADM2.00461,maize,2023,4.772324573763561,2.3424186201613093,0.4077458213218841,3.355298943555854
IN.ADM2.00132,bajra,2003,0.3601799749139825,1.8806535060367195,0.37587046055998186,-3.3530216784830698
IN.ADM2.00062,wheat,2014,1.1898041688302057,2.663199892407652,0.5414875064345974,-3.3527386096572016
IN.ADM2.00016,bajra,2023,3.3717,0.810921522347426,0.5541225384718405,3.351469192563153
IN.ADM2.00433,wheat,2014,2.8940213362052147,3.694787795656749,0.29524336410185215,-3.3497028859885103
IN.ADM2.00468,potato,2007,27.18425752198386,10.662294032518243,4.8505167660904105,3.3493131212918663
IN.ADM2.00512,cottonlint,2015,0.17,0.49650793650793645,0.1409139372172879,-3.348978287911964
IN.ADM2.00569,sugarcane,2008,66.00588235294117,53.36732593145712,4.016465695510338,3.346814554313972
IN.ADM2.00516,wheat,2017,5.0,1.5698179262202487,0.6309505176275716,3.344714783121062
IN.ADM2.00113,sesamum,1998,1.0,0.4207142991392152,0.15905266921893801,3.344121833786482
IN.ADM2.00433,rapeseed_mustard,2014,0.5978835978835979,1.1093178869961429,0.18221395730412607,-3.343487090935429
IN.ADM2.00441,rapeseed_mustard,2014,0.5974614687216682,1.1059230894409462,0.1808626312091736,-3.3398310004012104
IN.ADM2.00282,soyabean,2009,0.52,1.0098559325891847,0.1454293413322462,-3.3368337228358715
IN.ADM2.00474,rapeseed_mustard,2014,2.0,0.9243309100722433,0.3174214401055597,3.334172890993617
IN.ADM2.00100,maize,2016,4.723508187621427,2.397762891470265,0.624599636654234,3.3291607947509716
IN.ADM2.00408,barley,2014,1.4302685950413223,2.64173777815694,0.4012406442751198,-3.3284367347888875
IN.ADM2.00556,rapeseed_mustard,2022,1.25531914893617,0.5840400051623227,0.12490787457998505,3.3275175204783634
IN.ADM2.00343,barley,2008,3.3283236994219654,2.8150831218658556,0.19541275059758148,3.327085620893809
IN.ADM2.00426,wheat,2005,1.4170029725476485,3.0194583988082426,0.387002270381044,-3.325685257308026
IN.ADM2.00159,rapeseed_mustard,2021,1.7251041666666669,0.6067118831922841,0.25514252174893265,3.3254895471164736
IN.ADM2.00092,sugarcane,2018,94.45454545454544,50.82191491631012,10.243709345152125,3.3253489278248183
IN.ADM2.00084,rapeseed_mustard,2013,3.07388939256573,1.1776424992540435,0.5408755711760418,3.324168158256788
IN.ADM2.00238,jowar,2017,2.476315789473684,0.9934119192558079,0.3980128889292546,3.324160229788623
IN.ADM2.00146,sugarcane,2014,27.51515151515152,7.105834098413903,5.945724313627145,3.323335011069002
IN.ADM2.00100,rapeseed_mustard,2012,1.7679164689131466,1.1773357161252638,0.15952813874614594,3.3231778750996566
IN.ADM2.00056,maize,2023,5.1910945780676725,1.3474094303014132,0.8653735465497779,3.3226482463984297
IN.ADM2.00225,barley,2016,2.8823529411764706,1.0894850215459548,0.46407325249189324,3.322581599627139
IN.ADM2.00117,soyabean,2018,1.9550983344086792,0.9744416575003181,0.26843089229151557,3.321767732584086
IN.ADM2.00136,sugarcane,2011,7.755842062852539,69.04206811212462,19.052764139627875,-3.3217192939011415
IN.ADM2.00223,bajra,2012,3.0,1.31530630414559,0.49465774941374163,3.3209268088039234
IN.ADM2.00549,wheat,1999,1.9069767441860463,1.4317226667973435,0.22581079507859694,3.3207424332128896
IN.ADM2.00167,maize,1998,0.0272599091336362,2.198180701817469,0.6271599636083213,-3.3188245081126864
IN.ADM2.00527,ragi,2020,0.9511363636363636,0.47179491388748146,0.11404551339772703,3.318791189640723
IN.ADM2.00539,arhartur,2012,2.8547008547008548,1.5618584628469898,0.37390135436607014,3.3177536889617976
IN.ADM2.00498,sugarcane,2011,8.199776369735371,70.09137493713328,19.53189635153343,-3.3172974043636376
IN.ADM2.00425,bajra,2007,2.3823529411764706,1.1473990142077226,0.39411143335950544,3.316617960919022
IN.ADM2.00083,sesamum,2000,1.0,0.7888275425526454,0.0954522197389522,3.316503897074978
IN.ADM2.00480,rice,2008,3.3863423289762333,1.3261027135748014,0.6733382825499791,3.315328064331907
IN.ADM2.00185,sesamum,2005,1.3714521622458458,0.6353805677162374,0.22423225841134004,3.3127754149527684
IN.ADM2.00294,rice,2007,0.316526534177768,1.6111028159256318,0.3906422902017388,-3.312433772543356
IN.ADM2.00378,arhartur,2019,1.994946659180236,0.8719943704104544,0.28643196951237526,3.3120333740823766
IN.ADM2.00210,sesamum,2021,0.6968716289104638,0.3140849321747448,0.07019988093755157,3.3112071950574995
IN.ADM2.00444,maize,2023,2.118278026668197,0.9132589427983857,0.2621658898356877,3.3076971015026366
IN.ADM2.00331,arhartur,2009,1.3333333333333333,0.9365455057762749,0.12140914800853192,3.305729947092333
IN.ADM2.00113,wheat,1999,3.945205479452055,3.2695176012698766,0.2680478915138741,3.304482543216695
IN.ADM2.00555,maize,2023,0.6118018367748488,1.5336655964980153,0.34981332906944007,-3.303134648650408
IN.ADM2.00438,rapeseed_mustard,2014,0.412190706095353,0.8826917568414621,0.17392312416724406,-3.300769306490295
IN.ADM2.00136,maize,1998,6.557377049180328,2.3391302381295955,1.576789744651291,3.2997535071836412
IN.ADM2.00047,maize,2013,4.0344827586206895,1.49308832293665,0.6686986978112336,3.2992863901888505
IN.ADM2.00559,sugarcane,2011,7.471204731762997,62.301701231382616,17.246050061767715,-3.296623719419708
IN.ADM2.00072,arhartur,2017,0.2428571428571428,1.2510560528999892,0.354354045942568,-3.29633838345141
IN.ADM2.00495,potato,2017,10.0,3.277548986101617,1.6928392208037495,3.2954006512811285
IN.ADM2.00528,ragi,2020,0.1666666666666666,0.5843492103221448,0.1455341721508532,-3.2948502606928765
IN.ADM2.00114,arhartur,2020,2.062,1.0336746401838077,0.2193233808026753,3.294059132844472
IN.ADM2.00516,sesamum,1999,0.3198324022346369,0.19069835178347144,0.05150934293104518,3.2919740012969956
IN.ADM2.00470,bajra,1998,0.5957446808510638,1.0578942967627685,0.09045072509235422,-3.2909197454425234
IN.ADM2.00369,jowar,2014,3.849750699258178,1.5290205619509682,0.6199733972105174,3.2904135288821403
IN.ADM2.00274,arhartur,2009,1.0120481927710845,0.39721103461187834,0.18739284234047687,3.2869081814782453
IN.ADM2.00299,sugarcane,2002,94.4,42.56978746286469,14.277234519472861,3.285810684925301
IN.ADM2.00136,sugarcane,2010,7.454739084132055,69.04206811212462,19.052764139627875,-3.2849922807554175
IN.ADM2.00130,potato,2021,8.333333333333334,21.03079043640451,4.656487632466119,-3.2844092153883606
IN.ADM2.00395,maize,2013,3.2790697674418605,1.726586745606208,0.4152883559806241,3.2837132413657257
IN.ADM2.00215,rice,2022,2.1375,0.8642318838420687,0.23700493812897386,3.2795113284703707
IN.ADM2.00361,maize,1998,0.720982864532816,1.508678996770533,0.19694354970773836,-3.2786627829653052
IN.ADM2.00544,wheat,2014,0.8719911851237604,2.263245243615038,0.49950203083017863,-3.275762322719814
IN.ADM2.00332,bajra,2009,2.0,1.0,0.30614397069794136,3.2745490346361077
IN.ADM2.00399,wheat,2014,2.7029995195277645,3.119530736674216,0.1827313962399819,-3.2732790527278928
IN.ADM2.00448,wheat,2014,2.0069987005937797,2.822812831532633,0.3062739892489945,-3.271866068319587
IN.ADM2.00473,rice,2004,0.3820309163891024,2.7121652158300344,0.599315088638361,-3.2717210892545094
IN.ADM2.00046,rice,2021,1.6707879682598266,2.1726710393488307,0.2834501776777761,-3.2711002852770776
IN.ADM2.00045,rapeseed_mustard,2022,0.9252470799640612,0.5322037284847941,0.12787773946232,3.2708694799224136
IN.ADM2.00406,barley,2014,1.4303761125466552,2.6611818118297212,0.41711617476868706,-3.2702291697404853
IN.ADM2.00508,ragi,1999,0.7482935153583617,0.40851568412519385,0.08140609133617563,3.269615087468327
IN.ADM2.00013,rapeseed_mustard,2010,2.563047463841923,0.7145419968664265,0.5675042533348191,3.2694970865873176
IN.ADM2.00299,arhartur,2003,0.2992700729927007,0.9041836850095933,0.1804294210601043,-3.2686464703804634
IN.ADM2.00143,rapeseed_mustard,2008,2.380952380952381,1.3510465071289461,0.3299155891634249,3.268290453663009
IN.ADM2.00559,sugarcane,2010,6.9733555370524565,62.301701231382616,17.246050061767715,-3.2668330483036407
IN.ADM2.00243,soyabean,2014,1.6266666666666667,0.7996166872387948,0.2526030565132102,3.2651321994449742
IN.ADM2.00285,rice,2020,2.9040485375079585,1.7088369204413454,0.4819940324586491,3.264424011055269
IN.ADM2.00046,potato,2020,13.330569948186527,5.583895132433132,1.5933969534913328,3.2635433372986915
IN.ADM2.00262,sugarcane,2003,56.59838895281933,88.9976958150283,9.210670964489479,-3.2631028106585123
IN.ADM2.00529,sugarcane,2021,8.75609756097561,53.8740769347538,14.138727136464137,-3.2630097535622418
IN.ADM2.00504,sugarcane,2013,28.675,70.29947554713502,11.939979272023058,-3.2619973487117786
IN.ADM2.00498,sugarcane,2010,7.85362906705791,70.09137493713328,19.53189635153343,-3.2607433489681146
IN.ADM2.00456,sesamum,2019,0.0705448802316399,0.9647581640849997,0.28671778432413486,-3.2602431439737365
IN.ADM2.00046,rapeseed_mustard,2022,0.7830188679245284,0.43506410048105904,0.12205202669078691,3.2587282497169223
IN.ADM2.00471,rapeseed_mustard,2016,1.8284182305630028,0.9113511009061876,0.2520652916720045,3.2584550025291112
IN.ADM2.00554,rice,2015,1.582998404819406,2.468769617894185,0.2660315730476226,-3.257359618551933
IN.ADM2.00110,sesamum,1997,0.943089430894309,0.40750949734142694,0.15830128589074036,3.2572391677195944
IN.ADM2.00360,soyabean,2002,0.7027027027027027,0.9206639918902211,0.044193363394574706,-3.256706892712459
IN.ADM2.00102,maize,1998,3.5,2.3952694165737642,0.4086185230113369,3.256508046526886
IN.ADM2.00408,rice,2019,3.909373818456796,2.5599743693135846,0.2730930745871536,3.2562400981677615
IN.ADM2.00241,sesamum,2013,0.5539123217384743,0.2989441843007595,0.06324303746629673,3.255702201990716
IN.ADM2.00263,rapeseed_mustard,2009,0.5,0.27966498643612775,0.06647926977972257,3.2556072353041436
IN.ADM2.00191,sesamum,2012,0.8461538461538461,0.28271518214763636,0.18225920512412874,3.2541556732822063
IN.ADM2.00047,sugarcane,1997,44.111666666666665,32.56502453809172,3.318901636149225,3.2507066911639453
IN.ADM2.00217,wheat,2019,0.8705221785513756,0.9775762562459145,0.1187289890646217,-3.250693740062634
IN.ADM2.00116,cottonlint,2021,0.0064361293157104,0.5760491604445175,0.2204366631891837,-3.249817199552136
IN.ADM2.00530,sesamum,1999,0.4308943089430894,0.2110624883621795,0.07301118859209771,3.2483280379103334
IN.ADM2.00018,rapeseed_mustard,2011,2.558333333333333,0.7598399980302197,0.4449979315029663,3.247550035542034
IN.ADM2.00126,rapeseed_mustard,2004,2.0,1.5428622916902097,0.27361578314971957,3.2458801861976077
IN.ADM2.00430,arhartur,2017,1.661198738170347,0.847062241118637,0.21908545903928725,3.2448593052545167
IN.ADM2.00408,rapeseed_mustard,2014,0.6797366914710933,1.2978940664341077,0.21853128583296688,-3.2443037724019517
IN.ADM2.00046,sesamum,2022,0.217391304347826,0.4270277856716994,0.08648702086030655,-3.24261443455325
IN.ADM2.00078,arhartur,2010,0.5777777777777777,1.3721695753149796,0.2487252190587232,-3.2425639412666243
IN.ADM2.00183,rice,2005,3.568476378187899,2.4757117220082447,0.3537740925501228,3.2422950391575904
IN.ADM2.00175,maize,2009,2.003990776871231,3.237166072827042,0.371412228207962,-3.242109076491863
IN.ADM2.00541,arhartur,2012,2.856353591160221,1.5540966266582479,0.3888733100707658,3.24138891861361
IN.ADM2.00441,barley,2019,4.181818181818182,2.5746419048597438,0.3868401742922324,3.241195790020003
IN.ADM2.00397,groundnut,2015,2.467741935483871,0.9845133763807619,0.391438743534693,3.240009672441151
IN.ADM2.00366,groundnut,2016,0.8895324143789336,1.7349734440668492,0.29656093612402024,-3.239843804177179
IN.ADM2.00453,maize,2022,6.618015414258188,2.099768917328465,0.9860685698498773,3.2381686592660963
IN.ADM2.00285,wheat,2009,1.7933333333333332,2.444837724050931,0.19319015196836917,-3.2381323271147364
IN.ADM2.00518,sugarcane,2018,10.0,44.92900399793169,11.0338941965473,-3.237246322978595
IN.ADM2.00534,jowar,2014,2.076456310679612,1.074544005558976,0.30306129008685195,3.2357469708373845
IN.ADM2.00101,sugarcane,2012,77.76130653266331,46.11157698131077,8.854495852388283,3.235704076345551
IN.ADM2.00077,arhartur,2012,2.855421686746988,1.5331429303465807,0.3874994034935,3.2353624512782795
IN.ADM2.00236,barley,2015,3.5,1.123304994931786,0.6427665644623647,3.234907288691799
IN.ADM2.00250,ragi,2001,1.5217391304347827,0.9498622213749399,0.19202774564152497,3.2348779295818253
IN.ADM2.00141,bajra,2010,3.446399419553782,1.9147749718885623,0.4736044706324581,3.23397379593946
IN.ADM2.00142,sugarcane,2011,8.125952260030472,65.90108404380861,18.86450545283223,-3.2336662194890016
IN.ADM2.00387,sesamum,2011,0.6680080482897385,0.5607851988929926,0.0370895516732928,3.2333583210509778
IN.ADM2.00442,maize,2010,0.0101335789958544,1.5962578741115763,0.4907666054776345,-3.2319319966200766
IN.ADM2.00100,ragi,2011,1.8277511961722488,0.8919957324234356,0.29098453399193536,3.231806780183799
IN.ADM2.00050,sesamum,2017,0.8125,0.514634190595729,0.07224567045741934,3.22949559725843
IN.ADM2.00044,sugarcane,2000,47.66666666666666,37.572992816912624,3.4175544023775903,3.2285096320591316
IN.ADM2.00367,cottonlint,2017,0.0004696132596685,0.34190451885698453,0.1193460653867997,-3.227804257964988
IN.ADM2.00560,bajra,2004,6.315789473684211,2.373579474536167,1.271752245973276,3.2272485318301913
IN.ADM2.00084,groundnut,2000,1.1333333333333333,0.7736025746074178,0.17832223450802717,3.227052875953305
IN.ADM2.00416,rapeseed_mustard,2014,0.5796821125220755,0.9084174408807981,0.12739898800370655,-3.2255376420123003
IN.ADM2.00065,potato,2008,2.8916666666666666,11.20957616246916,2.5351161867121617,-3.225330711726624
IN.ADM2.00225,jowar,2017,2.3113636363636365,1.0787370433745018,0.30600227044233613,3.22505183550589
IN.ADM2.00268,groundnut,2016,1.6464601769911504,0.9547191915845024,0.18165772494561358,3.2239747554249973
IN.ADM2.00502,potato,2022,7.558823529411764,7.893797133952139,0.20511989304388598,-3.221873887461026
IN.ADM2.00198,sesamum,2022,0.7898550724637682,0.3506772158517127,0.12060672192741112,3.22174773516886
IN.ADM2.00226,cottonlint,2021,0.5714285714285714,0.14214742262718738,0.10033068236526317,3.22174592999459
IN.ADM2.00246,arhartur,2017,1.5,0.4830865470302495,0.3146151677410151,3.221730496815641
IN.ADM2.00394,barley,2014,1.3416265941877483,2.164612750429911,0.32751230042371804,-3.2215029616184174
IN.ADM2.00044,cottonlint,2010,0.034,0.0617057065741276,0.008467281157273654,-3.2207904870963935
IN.ADM2.00206,sugarcane,1999,30.0,6.113006153222428,7.022620860474592,3.2199729375960575
IN.ADM2.00338,sugarcane,2013,138.48936170212767,59.7217894644795,22.663533911643675,3.2198998876997775
IN.ADM2.00164,potato,2018,25.739655172413794,11.247036234048826,3.726997213539606,3.219817314086877
IN.ADM2.00544,rapeseed_mustard,2010,2.293835616438356,0.9377803508829797,0.4204632548170265,3.216610505261774
IN.ADM2.00517,sugarcane,2016,22.0,62.27019844536831,12.336784836416918,-3.2161661134937627
IN.ADM2.00534,ragi,2014,4.078444154715341,2.351858283470315,0.45872128603107926,3.2160855368169856
IN.ADM2.00121,rapeseed_mustard,2002,0.48,1.4806247224890776,0.23918788844170952,-3.215835103804544
IN.ADM2.00576,wheat,2014,2.982386746781807,3.6847431884231887,0.2833275331603331,-3.2136861568666157
IN.ADM2.00092,wheat,2014,0.6028042088304888,2.1307895247463744,0.5635371505984124,-3.21315531344034
IN.ADM2.00482,rice,2010,1.6531449407474932,3.2019128852212497,0.4820189913898289,-3.2130849035809046
IN.ADM2.00056,rice,2023,1.396839804577012,1.8664144053695202,0.26324979221425887,-3.212862369695117
IN.ADM2.00412,rice,2004,1.0365682415995887,2.241529448693462,0.3099111918429363,-3.2123737185868104
IN.ADM2.00527,sesamum,2016,0.1921052631578947,0.0949041932494993,0.02577865346403225,3.212168644226478
IN.ADM2.00140,sugarcane,2011,7.18082626130747,56.12131153186419,15.937367371462996,-3.211907482841953
IN.ADM2.00499,sugarcane,2011,8.504398826979472,69.0281849558658,19.675016496498614,-3.211849301863007
IN.ADM2.00418,wheat,2014,1.3295020145044318,3.0572024456575644,0.5742472442584119,-3.211366591333342
IN.ADM2.00153,maize,2021,4.912897361026941,2.977862827937353,0.504433454300812,3.2113235655504044
IN.ADM2.00224,sesamum,2021,0.0,0.4429999391474807,0.16780071054636023,-3.2110174962083864
IN.ADM2.00117,jowar,2002,0.2857142857142857,1.0839288106415748,0.15781238183134988,-3.208795278011647
IN.ADM2.00518,groundnut,1999,2.010989010989011,1.2480856580954987,0.2769657464517464,3.2085545849517616
IN.ADM2.00237,arhartur,2017,1.9103174603174604,0.7568731069727097,0.2957929672122141,3.2081728984949507
IN.ADM2.00283,wheat,2009,1.8425925925925928,2.4553311699229754,0.17685728824384894,-3.2081413329071276
IN.ADM2.00221,groundnut,2017,2.0,1.0624687516859477,0.24023480475032022,3.2058981308826944
IN.ADM2.00260,sugarcane,1997,0.8034862385321101,71.02260899019335,18.931553237263888,-3.205324298884031
IN.ADM2.00519,groundnut,2011,2.275,1.052779336976555,0.3839595604059546,3.2051202374139796
IN.ADM2.00433,barley,2014,1.7165991902834008,2.5482535653471903,0.29680254847298937,-3.2036193814651712
IN.ADM2.00223,arhartur,2010,0.1263233954321259,1.0267064436114204,0.28106360023192334,-3.2029553435307254
IN.ADM2.00213,potato,2010,8.790601243953006,18.658531160857883,3.1408351453441226,-3.202422510068052
IN.ADM2.00208,sugarcane,2021,40.0,20.206536257403133,8.372903823050823,3.2023814372837474
IN.ADM2.00390,rapeseed_mustard,2014,0.4116709183673469,0.8989129477231352,0.18896002988243618,-3.2023550490712234
IN.ADM2.00552,barley,2008,3.8759705762157743,2.9776132433975073,0.3344372488968744,3.199036369074935
IN.ADM2.00239,arhartur,2016,1.3636363636363635,0.6693347048241166,0.21942405667737364,3.1986047224991845
IN.ADM2.00390,rice,2015,1.9014500732307755,2.346025236880275,0.2172315049084495,-3.197526073637616
IN.ADM2.00297,rice,2023,1.870982748058205,2.105640665445118,0.2557561291616878,-3.195945806352485
IN.ADM2.00182,maize,2017,7.516301292861158,4.306685776541486,0.8791817803212351,3.1958765858762943
IN.ADM2.00388,barley,2014,2.193803696953918,3.178028112841747,0.3224919572319077,-3.1951672111690654
IN.ADM2.00113,arhartur,2000,0.25,0.9779667422305598,0.17134849539445782,-3.195052975787032
IN.ADM2.00254,arhartur,2016,1.9441906005221927,0.828283444693384,0.32802759811053694,3.1942407223573275
IN.ADM2.00400,barley,2014,1.7139614074914868,2.505257674504288,0.2982126865650265,-3.1925308362061458
IN.ADM2.00169,rapeseed_mustard,2014,1.738095238095238,0.6485623399125238,0.3246432341331278,3.192394151483129
IN.ADM2.00529,rapeseed_mustard,2020,0.45,0.15720496211762675,0.08276491676312475,3.1916066085765835
IN.ADM2.00140,jowar,2009,0.0047889098928796,0.37433497632385826,0.1135086520814423,-3.191311460355073
IN.ADM2.00516,rapeseed_mustard,1999,0.3109919571045576,0.15926211011355043,0.058310037594036176,3.190424028335594
IN.ADM2.00424,rice,2022,2.576773566569485,0.7984522578168693,0.4461693383270801,3.189566730619785
IN.ADM2.00366,rapeseed_mustard,2020,0.0,0.219753934214877,0.058820731297575306,-3.1893875713923343
IN.ADM2.00452,maize,2022,6.428282828282828,2.3318564235497243,0.9153609879461773,3.1881837289357984
IN.ADM2.00538,maize,2018,0.008130081300813,1.3050436485214023,0.4479682487502523,-3.186016132646533
IN.ADM2.00439,rapeseed_mustard,2007,1.2103606874848705,0.7672575167840118,0.13823399773362277,3.184723531111639
IN.ADM2.00012,sesamum,2015,0.4204275534441805,0.21694185563463875,0.05989270255542487,3.183414373865181
IN.ADM2.00523,rapeseed_mustard,1999,0.3540983606557377,0.20986618186882158,0.06063863889768245,3.1809341011340866
IN.ADM2.00132,sugarcane,2011,5.6,58.60353910374874,17.352482771100387,-3.180627983585029
IN.ADM2.00090,arhartur,2011,4.030748663101604,1.8619323275058304,0.6608877570754805,3.1795381463885475
IN.ADM2.00041,sugarcane,2022,44.5625,38.01687471128737,2.0920077458596023,3.178161350377837
IN.ADM2.00042,sugarcane,2022,44.56818181818182,38.01574220633806,2.0940547484940004,3.1778981298736233
IN.ADM2.00057,sugarcane,2022,44.56435643564357,38.01656642530149,2.0930164779278857,3.177140793283671
IN.ADM2.00549,sesamum,1999,0.4650512581547064,0.2548094479987386,0.06058459087205326,3.176931407145656
IN.ADM2.00505,maize,2018,0.8738656583629894,1.6765774290029396,0.3587676107077016,-3.176881149788568
IN.ADM2.00331,rapeseed_mustard,2002,0.5,1.0496605472467542,0.12854661155495178,-3.176398694211181
IN.ADM2.00121,cottonlint,2021,0.0054930832857957,0.4645589298195769,0.1648154565082239,-3.1753836476877
IN.ADM2.00499,sugarcane,2010,7.894285223957439,69.0281849558658,19.675016496498614,-3.1750215141010734
IN.ADM2.00034,maize,1997,1.837908496732026,1.5789870128438868,0.1486540705826837,3.1749236224903012
IN.ADM2.00010,bajra,2023,3.3716693484604687,0.8832846973437961,0.5411455820688328,3.1740965957083
IN.ADM2.00132,sesamum,2010,1.4164305949008498,0.6150616056857701,0.24444465758191603,3.1725951566338324
IN.ADM2.00573,wheat,2014,1.5176344977896217,2.517066898133383,0.379841147199009,-3.1721147325652144
IN.ADM2.00207,arhartur,2010,0.101632232139682,0.7253647095630295,0.19754428303030747,-3.171599252900359
IN.ADM2.00301,sesamum,2004,0.2,0.6412548739086709,0.15607140299282635,-3.1713143507335393
IN.ADM2.00173,potato,1999,18.75,8.18239215427279,3.5325835445472076,3.170698020621859
IN.ADM2.00395,jowar,2015,0.2829252444103139,1.028180380395044,0.2963770067517907,-3.169617473934403
IN.ADM2.00473,wheat,2014,1.5761861026886252,2.7538889739719914,0.4182095338710101,-3.169212927989595
IN.ADM2.00511,bajra,1999,0.5,0.8608695652173914,0.15684292542768835,-3.167632307700181
IN.ADM2.00208,soyabean,2009,2.0,0.875485390766277,0.35591281168365746,3.167280942030901
IN.ADM2.00488,potato,2005,10.040983606557376,15.280629433963457,3.435021484206168,-3.1663941062166105
IN.ADM2.00043,sugarcane,2022,44.5632183908046,38.038267277660125,2.0970227989967287,3.166079338133008
IN.ADM2.00041,rapeseed_mustard,2015,1.248013090229079,0.551496841893808,0.19037169417703456,3.1657693685249115
IN.ADM2.00246,rice,2022,1.937864077669903,0.641623311133139,0.3437079252780193,3.1651021439030926
IN.ADM2.00140,sugarcane,2010,6.806150743634989,56.12131153186419,15.937367371462996,-3.164863539624991
IN.ADM2.00300,sesamum,2004,0.3333333333333333,0.6308537041751617,0.10607032156570158,-3.1635088678728147
IN.ADM2.00365,ragi,2010,0.3577981651376147,2.721519053452465,0.7644439143678107,-3.1630432139111773
IN.ADM2.00455,soyabean,2017,1.0,0.6754115401864111,0.08886221742573344,3.158385587297996
IN.ADM2.00429,rapeseed_mustard,2014,0.7802197802197802,1.1052380047280925,0.1382636766458202,-3.157393250892429
IN.ADM2.00046,arhartur,2014,0.8857142857142857,0.6549949949394538,0.08459286627613806,3.1571693459558032
IN.ADM2.00414,rice,2015,1.394998007174173,2.0338172410916564,0.2652966715927457,-3.1571124138996787
IN.ADM2.00463,groundnut,2012,2.2847922549415087,1.7805490396127865,0.1457004344351732,3.1566339976705984
IN.ADM2.00394,rapeseed_mustard,2014,0.7791718946047679,1.1048877560028216,0.13846775238141448,-3.1561813291856957
IN.ADM2.00392,rapeseed_mustard,2014,0.779623961521644,1.105180001028584,0.13848031936307095,-3.1554116069874025
IN.ADM2.00489,sugarcane,1997,74.5,65.46397601773505,7.962186065615517,3.155143747380953
IN.ADM2.00098,rapeseed_mustard,2012,0.4529532967032967,1.1755308082530738,0.2449986583306018,-3.155123560365386
IN.ADM2.00211,barley,2017,3.7949685534591193,1.561114853391903,0.6096768226835265,3.154689385229859
IN.ADM2.00410,bajra,2003,0.8916861466535433,2.004337127799638,0.24405372931591235,-3.153635227439677
IN.ADM2.00240,cottonlint,2021,1.293103448275862,0.2696581472626442,0.28298093291931026,3.1535347206287523
IN.ADM2.00215,arhartur,2015,1.6,0.7430189714847407,0.24038548205103522,3.1499608635533534
IN.ADM2.00003,bajra,2019,0.0767590618336887,0.6558693114803491,0.23099685722865326,-3.149023665359085
IN.ADM2.00458,barley,2004,1.9,1.2772080790134286,0.23614345503054046,3.147382060894595
IN.ADM2.00218,groundnut,2013,2.162301860785665,1.2893765354956341,0.23381813311370145,3.1446922609693764
IN.ADM2.00008,rapeseed_mustard,2010,2.4246724890829694,0.4263878105500149,0.6382814759940858,3.144478264182973
IN.ADM2.00207,jowar,2017,2.310666666666666,1.1584975148826204,0.29199394356484853,3.144330695847581
IN.ADM2.00142,bajra,2017,1.271186440677966,1.8860716838253135,0.2832477230965302,-3.1440276362687607
IN.ADM2.00498,wheat,2015,3.4444444444444446,4.620545161583412,0.43683440065912116,-3.143868717696798
IN.ADM2.00451,sugarcane,2021,230.4642857142857,91.46419822279003,38.75738627148184,3.143663271016158
IN.ADM2.00557,rice,2022,3.555555555555556,3.9068629594715323,0.26646303296205953,-3.14356327168839
IN.ADM2.00232,groundnut,2022,2.45,1.340217567011825,0.25130476311085753,3.1432314992770514
IN.ADM2.00335,potato,2022,33.0,7.512661688583368,6.660600290015254,3.142127905917301
IN.ADM2.00214,soyabean,2014,1.2727272727272727,0.7629491687352533,0.16557213738250764,3.141382598227865
IN.ADM2.00498,bajra,2006,3.663003663003663,1.913534155024673,0.6074030317655551,3.140086935219305
IN.ADM2.00126,cottonlint,2021,0.0068024812275546,0.4479209030986908,0.1838059099397086,-3.1395154032646513
IN.ADM2.00236,barley,2016,3.5,1.123304994931786,0.6427665644623647,3.139430579508975
IN.ADM2.00192,rice,2021,1.8829761075365763,2.4771784470140332,0.18616580076635714,-3.139339846691628
IN.ADM2.00134,sugarcane,2011,6.11387084447841,66.9669649335489,20.782468522750396,-3.139067005429451
IN.ADM2.00471,potato,2020,25.669259324730422,11.475447825607448,2.923738610568881,3.13850251661017
IN.ADM2.00449,rice,2002,1.0615401613081428,1.6357648204005668,0.1479953001538903,-3.137696415833922
IN.ADM2.00033,maize,2013,2.2508166969147005,1.410961425449569,0.24612158365383133,3.137315308842308
IN.ADM2.00427,barley,2014,1.8438250840941852,3.1266377919962873,0.4393396310810728,-3.136847991341308
IN.ADM2.00392,barley,2014,1.3416382252559726,2.175263663159468,0.3399478722594136,-3.13658778930001
IN.ADM2.00130,sugarcane,2010,5.410566518141311,52.20440015226047,15.17175466535721,-3.136572858982049
IN.ADM2.00335,potato,2006,26.88,7.512661688583368,6.660600290015254,3.1358982912386564
IN.ADM2.00513,rapeseed_mustard,2004,2.0,1.4191232048374907,0.26024733046056503,3.133411239045533
IN.ADM2.00534,cottonlint,2017,0.0004046173985481,0.3322286280045917,0.0937436595199368,-3.1330468544728456
IN.ADM2.00408,maize,2019,4.373242744698159,2.254652976083839,0.5048677881440726,3.1320117803953655
IN.ADM2.00325,wheat,2014,3.2401746724890828,4.228004303837886,0.3327773911868469,-3.1311533144476043
IN.ADM2.00132,sugarcane,2010,5.372217958557176,58.60353910374874,17.352482771100387,-3.1307017245401125
IN.ADM2.00365,cottonlint,2014,0.8187066974595842,0.2286329710839308,0.1782111989616249,3.129511003322123
IN.ADM2.00427,maize,2022,2.1551176990439465,2.4514412894001363,0.3687201079173391,-3.128726398901189
IN.ADM2.00520,rapeseed_mustard,2017,0.7363636363636363,0.2845658125093788,0.11958376709297093,3.1285741067863215
IN.ADM2.00001,groundnut,2016,1.5,0.730436842100128,0.24667003985571648,3.1270552003621637
IN.ADM2.00379,cottonlint,2017,0.0004927536231884,0.32623797315112085,0.11057426426967157,-3.1268579512715347
IN.ADM2.00160,barley,2020,0.683506621862028,0.858516962047237,0.07070886233944182,-3.1248694712530343
IN.ADM2.00565,maize,2016,5.571428571428571,3.685280756135131,0.4613827364072657,3.124724322555891
IN.ADM2.00217,sugarcane,2020,27.777031564808595,5.35638689759817,6.329730211005911,3.1240876223290996
IN.ADM2.00172,sugarcane,2003,46.549996674173535,87.74500947349702,12.012627098472986,-3.1238186581355567
IN.ADM2.00065,wheat,2011,3.713380152468013,2.1872680960754796,0.47194040446453694,3.12142421078253
IN.ADM2.00085,rapeseed_mustard,2001,1.3707865168539326,0.7916666254080924,0.22883469616668944,3.121294549714396
IN.ADM2.00368,maize,2016,1.5184751008159054,5.097772202218881,1.5891854922567905,-3.120282892365718
IN.ADM2.00421,potato,2005,39.418005071851226,25.643066366653592,5.010361886477581,3.1196798993047716
IN.ADM2.00438,bajra,2021,1.93002093002093,0.9505105591608983,0.2926914784857965,3.1187662853718825
IN.ADM2.00142,sugarcane,2010,8.721437292865865,65.90108404380861,18.86450545283223,-3.116585166844215
IN.ADM2.00445,rapeseed_mustard,2022,1.2839128085029723,0.5402575919592235,0.15292222638275585,3.1164279825805195
IN.ADM2.00249,jowar,2012,3.609044688252609,1.7425551240740875,0.5522867307840857,3.1160805098871043
IN.ADM2.00456,sugarcane,2007,110.425,78.4825690776784,10.74232969960823,3.115459232004788
IN.ADM2.00133,wheat,2014,3.6484018264840175,4.460082339007152,0.31110884631923014,-3.115162179184921
IN.ADM2.00254,wheat,1999,1.15814696485623,0.9991238012348097,0.135662789139547,3.111275740346422
IN.ADM2.00245,rapeseed_mustard,1998,0.6377952755905512,0.4653879467148354,0.07383014426909516,3.111009989444629
IN.ADM2.00578,jowar,2018,5.473881352500507,2.340628383071931,0.8267165972737417,3.1098635640645877
IN.ADM2.00183,rapeseed_mustard,2008,0.4016260162601626,0.27081851961864256,0.03979683677882207,3.1092541308694543
IN.ADM2.00420,wheat,2014,1.184314560076357,2.5874032220025067,0.4957742428896331,-3.1084423122676497
IN.ADM2.00012,cottonlint,2019,0.1322526485347872,0.4804464200210993,0.14638549888346908,-3.1077748592050747
IN.ADM2.00303,wheat,2006,0.9333333333333332,1.720822562689679,0.23724655737593892,-3.1076495842738314
IN.ADM2.00577,maize,2016,1.4566756574511126,3.8204964216712547,1.0773249291303788,-3.106869225360765
IN.ADM2.00453,sugarcane,1999,97.0982800982801,74.42579580969515,12.165462287943237,3.1063215461197773
IN.ADM2.00429,barley,2014,1.341443298969072,2.178885505623006,0.3452080686939963,-3.106189334664837
IN.ADM2.00399,barley,2014,1.7241379310344829,2.5637346602050672,0.3102281865707141,-3.1052028121284887
IN.ADM2.00103,maize,1998,0.625,0.9931451884235339,0.10386780641744926,-3.1044979379392355
IN.ADM2.00300,maize,2009,1.0878612716763003,1.7738632886478445,0.21407310515706615,-3.1023225934332466
IN.ADM2.00134,bajra,2007,3.2989099254159493,1.951306609302176,0.4745809297395184,3.1012931635580094
IN.ADM2.00534,sesamum,2014,0.9524143575353676,0.5896995975421466,0.09396380269656454,3.100834424260138
IN.ADM2.00184,groundnut,2016,0.0450070323488045,0.7859229654396991,0.24201467701064355,-3.1006067324656117
IN.ADM2.00259,rapeseed_mustard,1999,1.0,0.3300054130666369,0.19981027147421737,3.1004116021103867
IN.ADM2.00564,sesamum,2019,0.6666666666666666,0.298859126984127,0.11006189227588405,3.098722907304114
IN.ADM2.00110,rice,2000,0.696078431372549,2.0702770999301774,0.3449008863773258,-3.0982390047401247
IN.ADM2.00273,sesamum,2000,0.1,0.5680192830545804,0.2716118267654314,-3.0971915400400207
IN.ADM2.00057,potato,1998,11.433024431339511,6.369033455255307,1.3141204754083358,3.096303722378241
IN.ADM2.00180,bajra,2017,2.0046793023585576,0.9979016251458336,0.23880671135194612,3.095344273014243
IN.ADM2.00556,rice,2004,0.6354312002715035,2.373822437320228,0.46518712365922227,-3.094901978425216
IN.ADM2.00248,wheat,2017,3.9,2.122193545684703,0.37732828246075695,3.093447348341426
IN.ADM2.00472,rice,2004,0.3283796492460961,2.5827690980630287,0.5866384729264907,-3.0933321275619017
IN.ADM2.00205,sugarcane,2021,85.99793708096958,36.20047352869884,18.42046751304456,3.0922443799729065
IN.ADM2.00413,rice,2002,1.0576924704428703,2.1131864296627874,0.2528731993579772,-3.09029914228094
IN.ADM2.00302,ragi,2009,0.6,0.9564500871758727,0.10559264126372696,-3.0864285185539324
IN.ADM2.00061,barley,2017,2.137573964497041,1.0694992093565827,0.2951137503734631,3.086233294910446
IN.ADM2.00397,barley,2014,1.7115384615384617,2.5004841725878313,0.31051916766912196,-3.0859566050409604
IN.ADM2.00236,bajra,2017,1.655,0.6153474896680579,0.3087522528925817,3.085397029432383
IN.ADM2.00210,jowar,2020,2.256198347107438,1.0081710972389306,0.3356098545498406,3.0838754674420596
IN.ADM2.00299,ragi,2009,0.6666666666666666,0.9629784995894909,0.08840476890540645,-3.0836633983260278
IN.ADM2.00245,arhartur,1998,1.1637931034482758,0.5919667422863015,0.16183715524565276,3.083325802634183
IN.ADM2.00442,barley,2014,1.7146814404432134,2.4957344128852124,0.30787902716385557,-3.0828258693318897
IN.ADM2.00297,groundnut,2003,1.5692307692307692,1.0703540629946346,0.1371308882033272,3.0822240527109384
IN.ADM2.00250,sugarcane,1997,0.8483660130718954,78.21357298863315,18.189803211036516,-3.081737576208537
IN.ADM2.00465,ragi,2023,0.6498833333333334,0.35009332917325164,0.06152139296413929,3.0816694819761388
IN.ADM2.00237,rice,2022,2.6149968840500017,0.8829447162617667,0.35268084594055965,3.081262742721946
IN.ADM2.00336,sesamum,2003,0.5725728155339805,0.16037676602682893,0.13999635306710484,3.080458616208032
IN.ADM2.00233,rice,2016,2.66,0.9874728498743006,0.4435952356344911,3.080228799110353
IN.ADM2.00230,cottonlint,2022,0.0705272255834053,0.33462351619218167,0.08270759440354039,-3.0798742938072063
IN.ADM2.00115,bajra,2012,1.2173913043478262,2.2976528813471795,0.3812905369608483,-3.0798097889347584
IN.ADM2.00133,rice,2023,4.230460365855867,2.6274288255111227,0.30943634735505976,3.079420267315789
IN.ADM2.00243,barley,2016,3.0434782608695654,1.6400362897172416,0.39784353076797313,3.078230232188265
IN.ADM2.00002,rice,2005,5.770334928229666,2.182876317107694,0.9922084947493556,3.0768255723552937
IN.ADM2.00289,wheat,1998,1.5833333333333333,1.175709521000907,0.1269143858297104,3.0766790894535814
IN.ADM2.00525,sesamum,2018,0.4814910025706941,0.2276697354555332,0.06105781117893839,3.07638737537658
IN.ADM2.00224,jowar,2017,2.3455445544554454,1.1110938200556508,0.30839581881773886,3.075165191024788
IN.ADM2.00115,arhartur,2020,2.609684994736416,1.1093370181795277,0.3258133452994683,3.0741822114158923
IN.ADM2.00254,sesamum,2012,0.4705882352941176,0.24739203171251253,0.07480149966551995,3.072725282576541
IN.ADM2.00238,bajra,2014,1.5,0.6366249873815961,0.2781040815576437,3.0722451481292654
IN.ADM2.00025,groundnut,2005,3.2752335383914333,2.459738983507779,0.36902995246172426,3.072234615503691
IN.ADM2.00007,arhartur,2007,0.75,0.4046103189968174,0.11343391200635157,3.0702384838712913
IN.ADM2.00111,jowar,2000,0.5281385281385281,1.1018257614975948,0.13268972819106006,-3.070058104952517
IN.ADM2.00414,rapeseed_mustard,2022,1.807,0.8118489916473194,0.22840443230527088,3.0690555462376823
IN.ADM2.00013,rapeseed_mustard,2011,2.459868421052632,0.7145419968664265,0.5675042533348191,3.068912338171917
IN.ADM2.00378,jowar,2014,1.836770480501184,0.9524367333490211,0.3089127786381928,3.0684436431587665
IN.ADM2.00369,cottonlint,2017,0.0002769857433808,0.2530987272207868,0.09327393297709066,-3.0677970542130732
IN.ADM2.00255,bajra,2020,1.675260140307762,0.7471627916263572,0.26618374523962257,3.066902347766626
IN.ADM2.00081,potato,2001,21.89138495092693,13.142884414373455,3.0750285594305353,3.0662578260462285
IN.ADM2.00076,rapeseed_mustard,2017,2.222982538933459,0.9840701551499991,0.2729585125722827,3.0659574091629542
IN.ADM2.00236,rapeseed_mustard,2022,1.349990557129367,0.5232496197499631,0.14361575649210656,3.0639947483237973
IN.ADM2.00302,wheat,2003,2.716666666666667,1.7651067495173567,0.3210520546834589,3.063681268462724
IN.ADM2.00052,wheat,2009,0.2796208530805687,0.9623685811389711,0.2121660869047198,-3.063264992666831
IN.ADM2.00188,potato,2006,21.75,10.663594304997423,3.409147130512064,3.063099019673029
IN.ADM2.00509,ragi,1999,0.8740290442418102,0.6685706112378149,0.08720405584334898,3.063035310548774
IN.ADM2.00420,barley,2014,1.1169312169312169,1.9605933015936725,0.33997388863394745,-3.0628581781670237
IN.ADM2.00533,jowar,2014,2.009433962264151,0.9535036249240999,0.31839620475409347,3.061510259278469
IN.ADM2.00518,rapeseed_mustard,2016,0.5970744680851063,0.3496751731474212,0.06810359682957075,3.0610884020194202
IN.ADM2.00417,wheat,2014,2.0661895839447366,2.84251501038209,0.3150497862757975,-3.0604567877737594
IN.ADM2.00220,jowar,2002,0.6506928406466512,2.083041540264232,0.4145195306339726,-3.060056142980408
IN.ADM2.00263,bajra,2022,0.8761083743842364,0.42494216499223314,0.18193954582852867,3.0587200171595903
IN.ADM2.00394,rice,2004,0.5381837846832231,1.9858810599389638,0.3906164634143357,-3.0585959316849807
IN.ADM2.00412,sugarcane,2010,29.636,48.044961740526716,6.17519038483825,-3.058265833718215
IN.ADM2.00488,cottonlint,2014,1.0,0.4874158537369064,0.15396857004237965,3.056985816915275
IN.ADM2.00460,sesamum,2019,0.3905191873589165,0.5340049216000455,0.10775900751169767,-3.0564114240641844
IN.ADM2.00217,cottonlint,2022,0.1107922272047832,0.24528950731321794,0.03918130330946977,-3.056304819073545
IN.ADM2.00098,ragi,2000,2.160237388724036,0.931555980023022,0.3949345108889793,3.0560919426922553
IN.ADM2.00134,wheat,2011,5.446648260884633,4.568194997850117,0.2772835666499008,3.054420762567713
IN.ADM2.00039,cottonlint,2021,0.0745205479452054,0.06424795744605089,0.0026155795370984255,3.054141770788965
IN.ADM2.00335,arhartur,1998,1.3362919132149902,0.6974860484044589,0.2466808869804988,3.05373850149366
IN.ADM2.00215,barley,2014,1.0,1.961948113135385,0.4982873800491368,-3.0534274754785997
IN.ADM2.00444,bajra,2023,1.6976345054671969,0.8828562766093577,0.21559292212580322,3.0533545194441585
IN.ADM2.00123,sugarcane,2008,110.0,65.11150166657153,15.546316652970889,3.0532063276258112
IN.ADM2.00025,maize,2022,11.82847106055537,6.912980134612519,0.9002010089510782,3.0531212513352957
IN.ADM2.00374,cottonlint,2017,0.0004825737265415,0.31648943030052457,0.11421553601843695,-3.0525630823790078
IN.ADM2.00212,arhartur,2015,2.28125,1.4234093016328706,0.2741408891222476,3.0506082398212215
IN.ADM2.00419,rice,2004,1.177624367545751,2.220879980593276,0.28208224410403543,-3.0496714670337064
IN.ADM2.00344,rapeseed_mustard,2008,0.6176470588235294,1.2273042739026578,0.18218266494833904,-3.048720297604548
IN.ADM2.00457,rapeseed_mustard,1998,0.4213483146067415,0.838503953760086,0.08704238091163274,-3.0484368693358466
IN.ADM2.00097,sesamum,1998,1.0134831460674156,0.7825485049914976,0.11084162983582817,3.0475588356752765
IN.ADM2.00059,maize,2013,3.751357220412595,1.0953288570830049,0.8143999376806522,3.047250642158726
IN.ADM2.00129,groundnut,2008,2.0,0.7749849578820699,0.4359365738839716,3.047135966529632
IN.ADM2.00484,arhartur,1999,3.333333333333333,1.4696918972267268,0.61530993127827,3.046089741783679
IN.ADM2.00058,sugarcane,2019,45.448106246925725,38.333701197637524,2.8115498400828054,3.045177660402676
IN.ADM2.00405,rice,2015,1.685417769776554,2.236305597724531,0.2492560947764767,-3.0444896533215924
IN.ADM2.00518,wheat,2021,2.5,1.1143778288667312,0.3161320665233156,3.043515750974014
IN.ADM2.00133,sugarcane,2011,7.460155985079688,61.38697777587689,18.460011694683214,-3.043437306562074
IN.ADM2.00227,groundnut,2018,2.779379157427938,1.2773590504971073,0.36114604723256,3.043367586794814
IN.ADM2.00470,wheat,2014,1.1391392470567945,2.340739364272672,0.4822754051023522,-3.0430524069017277
IN.ADM2.00087,wheat,2021,4.904030738213852,2.542706356610992,0.632691283195898,3.0427695350780746
IN.ADM2.00103,rice,2009,1.08,2.012100754953869,0.30603501243673525,-3.0420305996896237
IN.ADM2.00054,cottonlint,2016,0.1133333333333333,0.07590040298932567,0.009808228705842529,3.041818496517828
IN.ADM2.00259,arhartur,2016,1.944277108433735,0.8708162179764286,0.31198421165299434,3.0413988491924426
IN.ADM2.00429,wheat,2014,2.0869953836608937,2.832517406432303,0.3227030179691778,-3.041191789511102
IN.ADM2.00366,cottonlint,2017,0.0003206034889203,0.3825401356536267,0.1378036131725175,-3.041125922649386
IN.ADM2.00089,sugarcane,1997,50.64,46.61209158979069,6.96210910044694,3.0410291290632645
IN.ADM2.00003,jowar,2020,2.2510099889012207,1.127034959608803,0.26579417463447014,3.0409202513308373
IN.ADM2.00130,sugarcane,2011,7.671879610504574,52.20440015226047,15.17175466535721,-3.0398251292458
IN.ADM2.00366,maize,2016,3.214975518705873,5.433402155531876,1.3060877500288162,-3.0388935021189147
IN.ADM2.00451,sesamum,2019,0.4625081302072041,0.715493681440864,0.10890760954992745,-3.0388904232438105
IN.ADM2.00077,potato,2008,2.555137844611529,11.957376420739415,3.0286268251462425,-3.0379529428308927
IN.ADM2.00130,rice,1999,2.089591223716861,2.6827864211086894,0.17669961550313865,-3.0371445180816474
IN.ADM2.00312,rapeseed_mustard,2017,0.5239067055393586,0.28314991074294976,0.052191085044023006,3.0353305562605315
IN.ADM2.00270,rice,2020,0.6559999999999999,0.3928185720239233,0.12631390559470615,3.034681917139477
IN.ADM2.00303,potato,2007,16.818181818181817,10.091643748420603,2.168023407342368,3.0344518037458483
IN.ADM2.00047,rice,2021,1.445904667187611,1.8907779725084812,0.29508746523965157,-3.034379365592672
IN.ADM2.00396,potato,2003,39.80582386363636,23.372754054515916,6.627739225079997,3.034025817656437
IN.ADM2.00401,groundnut,2015,0.5,0.9126831501831502,0.14813044949626833,-3.0339644206329903
IN.ADM2.00152,potato,2019,12.746907216494844,7.144512156737572,2.110766202685624,3.032778158873479
IN.ADM2.00300,rapeseed_mustard,2002,1.2666666666666666,0.9358384598023212,0.13044787591394327,3.0319164353889527
IN.ADM2.00453,potato,2008,7.493423163298043,24.996600498350084,5.494376039149834,-3.0317064698385696
IN.ADM2.00400,arhartur,2018,1.5363175675675675,0.8915756578717698,0.20325655808706458,3.0315177483224898
IN.ADM2.00284,soyabean,2009,0.6523809523809524,0.8785955645007143,0.07813421823431616,-3.0308853197629144
IN.ADM2.00005,rapeseed_mustard,2010,2.4375,0.7046736158578264,0.5778882441332552,3.0302797259355816
IN.ADM2.00388,cottonlint,2019,0.3966172006745362,0.08696201879145932,0.09258933079659165,3.0300892564103243
IN.ADM2.00277,sesamum,2008,1.0,0.3773066828413034,0.20483032549905528,3.029427685210374
IN.ADM2.00041,arhartur,2022,0.4423076923076923,0.822421509576558,0.1557731522541989,-3.029088749758776
IN.ADM2.00113,groundnut,2015,4.485370051635112,2.0361284196235903,0.660482620196984,3.028700144901907
IN.ADM2.00502,cottonlint,2022,0.1622634730538922,0.1828200745489731,0.024872337253045173,-3.0271573459004992
IN.ADM2.00455,sesamum,2007,0.3492063492063492,0.625861977532431,0.07832318901927914,-3.025205709519079
IN.ADM2.00110,wheat,2008,2.279229711141678,2.8471477740583655,0.17010222707059447,-3.025119220806848
IN.ADM2.00036,sugarcane,2012,9.68627450980392,32.431825536229354,7.377309855765376,-3.0243452797502823
IN.ADM2.00532,groundnut,2022,2.093337673611112,1.0589215982421096,0.26783967642318396,3.024138510684299
IN.ADM2.00008,rapeseed_mustard,2011,2.360655737704918,0.4263878105500149,0.6382814759940858,3.0230966120348297
IN.ADM2.00556,jowar,1998,2.0149597238204837,1.098237236320026,0.3086080580586921,3.0219227812371194
IN.ADM2.00217,arhartur,1999,1.0480314960629922,0.5216766391170676,0.1701218560280237,3.021724508932686
IN.ADM2.00272,groundnut,2022,5.913043478260869,2.012366833981383,0.8444155842701736,3.0205591125253606
IN.ADM2.00207,rice,2012,2.7141328577797594,1.4693252256482718,0.38085705307553414,3.0200370684902285
IN.ADM2.00011,groundnut,2022,3.650695517774343,1.8238671594918257,0.3325291242840659,3.0190853642470294
IN.ADM2.00133,sugarcane,2010,6.782945736434108,61.38697777587689,18.460011694683214,-3.019042793763847
IN.ADM2.00278,rapeseed_mustard,2012,0.2,0.47438271604938276,0.10114743227527954,-3.018205323837419
IN.ADM2.00485,maize,2019,9.684347899301171,4.636203912038096,0.9511392198079309,3.017676594571888
IN.ADM2.00472,rapeseed_mustard,2009,2.163235998085208,1.1474531152272878,0.34039123454938497,3.017492513102819
IN.ADM2.00062,rapeseed_mustard,2012,2.860914662894861,1.4038675008205788,0.47611974247510686,3.0169612142275444
IN.ADM2.00227,cottonlint,2021,0.5641025641025641,0.1777372088533816,0.10617068930403037,3.0169286905663553
IN.ADM2.00139,rice,2002,0.0,3.0570368609891307,1.146369903636087,-3.016263582935252
IN.ADM2.00242,rice,2020,2.4423076923076925,0.7535011776408022,0.4332545844732618,3.014644472446349
IN.ADM2.00028,potato,2007,4.907621247113164,7.459470011131592,0.8769753848076278,-3.0144751581675093
IN.ADM2.00425,sesamum,2016,0.6335403726708074,0.26204165131780344,0.09865171817686054,3.013798588516633
IN.ADM2.00116,potato,2009,10.0,23.878123201564666,4.631730549531517,-3.0135878050468796
IN.ADM2.00049,rapeseed_mustard,2022,0.846869918699187,0.49754277989371515,0.10805087949285472,3.0124337301317854
IN.ADM2.00442,sesamum,2001,0.325,0.12180580563219222,0.06684588400487516,3.0120147539311484
IN.ADM2.00488,soyabean,2002,0.332605300548373,1.1630685792610138,0.3014149754102655,-3.0118534138703503
IN.ADM2.00462,wheat,2015,1.8496876648908105,2.564647701510832,0.2763267601637245,-3.0101876964995715
IN.ADM2.00112,cottonlint,2021,0.0047808528510183,0.4011828308823186,0.16359145469746733,-3.0096627306677597
IN.ADM2.00286,rice,2007,1.905084745762712,1.1653462503592256,0.24148709284891703,3.009037772360667
IN.ADM2.00102,rice,1999,3.0,5.001117216117216,0.46535571585668084,-3.009014524908858
IN.ADM2.00149,maize,2002,0.9642984224884356,2.973697351617236,0.5880243822310507,-3.008868522866859
IN.ADM2.00294,rice,2006,0.4350653038046564,1.6111028159256318,0.3906422902017388,-3.0084763460900765
IN.ADM2.00397,rapeseed_mustard,2017,1.779934231736411,0.891627570413517,0.24978838849019364,3.0082033094145992
IN.ADM2.00249,arhartur,2017,1.7362530413625303,0.6412870100479103,0.3011343908010083,3.007513701869572
IN.ADM2.00232,sugarcane,2014,50.0,16.421724238008906,11.139129021781283,3.006211656957725
IN.ADM2.00383,rice,2013,5.828326455901479,4.188595786858299,0.5266283936729426,3.0058097370660097
IN.ADM2.00130,maize,2003,0.0,2.595392103454415,0.7559424577881155,-3.0045283861375354
IN.ADM2.00513,wheat,2021,3.3997655334114887,4.736474402971521,0.45576032224147944,-3.0037567949969883
IN.ADM2.00277,sesamum,2003,1.0,0.3773066828413034,0.20483032549905528,3.003427170711956
IN.ADM2.00567,rice,2013,5.562912853163549,3.553287833678888,0.6474414591622175,3.0029408471411028
IN.ADM2.00263,sugarcane,2015,30.069879518072288,64.74369162966741,12.183034245823798,-3.0029115990888684
IN.ADM2.00072,ragi,2011,1.8333333333333333,0.9058463702391722,0.31056336310494587,3.0024968876045572
IN.ADM2.00014,potato,2021,37.47839506172839,12.353581232798044,6.076589022723248,3.002178401706652
IN.ADM2.00391,barley,2005,0.4804239671209172,1.0578237750528017,0.18699480704705884,-3.00195563590075
IN.ADM2.00244,bajra,2017,2.342769230769231,0.81301352858426,0.48531904433467915,3.0017312382380155
IN.ADM2.00578,sesamum,2015,0.9478865083960626,0.4879331282788178,0.14231566454428182,3.001498153352881
IN.ADM2.00310,rapeseed_mustard,1999,0.3263254113345521,0.25933887407784595,0.06947698832972857,3.0010312646625543
IN.ADM2.00097,rapeseed_mustard,2011,2.340987067827923,1.2088374761134295,0.364905030166319,3.0001139138890447
IN.ADM2.00336,bajra,2022,1.2184555965974035,0.30509472021918493,0.23929989119636177,3.000022231689484
IN.ADM2.00178,rice,2003,2.622424817458026,2.511208628186868,0.1287042042687812,2.999969189941133
IN.ADM2.00571,sesamum,2003,0.0,0.19889283966265672,0.05435808605482284,-2.9995833657070636
IN.ADM2.00166,maize,1998,0.0285134106100346,1.9958988832980893,0.6797699478371412,-2.9986284809630432
IN.ADM2.00334,potato,2001,19.85576923076923,6.193540788534236,4.019174632542407,2.998473009647741
IN.ADM2.00079,wheat,2010,1.02291917973462,1.9676881840585227,0.29170773150205426,-2.996732410716278
IN.ADM2.00111,arhartur,2000,0.3262527233115468,0.9201267969359403,0.11767124541699955,-2.9964588739394404
IN.ADM2.00228,jowar,2012,3.1793388429752065,1.8090601169164318,0.45057152694614294,2.993361275343993
IN.ADM2.00344,sugarcane,2010,125.9342105263158,61.127536909303835,21.424227301017496,2.992852071762621
IN.ADM2.00284,rice,2022,1.248076562206793,2.8097558786347885,0.46473384690994235,-2.9927894971339843
IN.ADM2.00240,jowar,2017,2.24,1.09272734088788,0.2781724464183987,2.992258170472224
IN.ADM2.00205,groundnut,1998,2.0,1.12155339026062,0.26719498388356133,2.9921280621316764
IN.ADM2.00008,sugarcane,2012,51.0,79.101468621228,9.818301652019354,-2.9915724323825215
IN.ADM2.00297,sugarcane,2004,95.14074074074074,49.41734793890346,13.062680728280787,2.991178906762639
IN.ADM2.00479,maize,2007,3.477792436235708,1.96647454771759,0.5689664195738676,2.9908949901153115
IN.ADM2.00149,rice,2005,0.9576999339061468,1.3373680317764927,0.13357062819320267,-2.9904535521569087
IN.ADM2.00148,potato,2004,10.956284153005464,7.533111414051791,1.25921186312624,2.989208451101111
IN.ADM2.00039,rice,2007,0.991279653193112,1.9778359515605526,0.3097858071681946,-2.9884125597120317
IN.ADM2.00132,potato,2021,14.5,21.51957373475258,3.4606056866616064,-2.98812322368953
IN.ADM2.00302,sugarcane,2004,6.747368421052632,39.429259089187134,10.40678495542799,-2.9880652253704616
IN.ADM2.00230,ragi,2009,0.1421911421911421,0.24088715412143494,0.035042027624456705,-2.987678958193211
IN.ADM2.00225,sesamum,2014,0.1666666666666666,0.37539686710937736,0.09359729131197944,-2.987638407384473
IN.ADM2.00575,soyabean,2012,2.731393298059965,1.318238979523676,0.4454644034762771,2.9874758476407215
IN.ADM2.00214,groundnut,2022,2.5690299971232053,1.1265763156719653,0.33769162754296783,2.9866877295328673
IN.ADM2.00518,potato,2005,6.239867109634552,13.272155183834004,1.9675830531696106,-2.986521457120262
IN.ADM2.00455,maize,2022,5.150937417480856,2.7351798077001175,0.764987742305303,2.9859365095255392
IN.ADM2.00184,sesamum,2005,1.2890783010690552,0.6204586333941603,0.23381891520699954,2.985753678960393
IN.ADM2.00390,wheat,2014,1.4052157387203492,2.4821285591541815,0.41582300374734144,-2.9856267637255054
IN.ADM2.00568,arhartur,2012,0.2088724584103512,0.7350266047643412,0.1978380932487779,-2.985493049125343
IN.ADM2.00325,rice,2014,2.594059405940594,3.196520435337563,0.24878713297849483,-2.9850172201293366
IN.ADM2.00541,maize,2023,4.744135922330096,2.0117663519045403,0.5789038243450332,2.9849642978043276
IN.ADM2.00302,jowar,2002,2.071428571428572,0.9908018823061367,0.33695541296744236,2.984684387320613
IN.ADM2.00243,bajra,2016,2.625,1.4266233440277063,0.36173570296101426,2.98397432914856
IN.ADM2.00276,groundnut,2018,2.569241475295755,1.741770585189762,0.24856159014560472,2.9816068101353186
IN.ADM2.00277,bajra,2012,0.0317460317460317,0.3713603044933378,0.1095187534398476,-2.9814367597622615
IN.ADM2.00275,maize,2021,3.82332277230317,2.043004748156954,0.43316263633738,2.9796996598768026
IN.ADM2.00289,potato,2022,6.916666666666667,7.79985245597852,0.3222766253988159,-2.9778984269668873
IN.ADM2.00548,maize,1999,1.5083333333333333,1.2265186762600155,0.2954076480249744,2.977473546302136
IN.ADM2.00042,rice,2021,1.9461630438115092,2.0738050472738334,0.31525101356038343,-2.976932213644547
IN.ADM2.00466,arhartur,2019,3.2691218130311617,1.401471320852005,0.5374677064009696,2.9769237772063324
IN.ADM2.00347,bajra,2003,0.5834646252101551,0.1811757908318741,0.14829494925874673,2.9763351375458678
IN.ADM2.00178,sesamum,2005,0.8670605612998523,0.5817798811156184,0.12001158886500002,2.975768698229335
IN.ADM2.00310,maize,1999,1.73135558302431,1.470013841604415,0.4068095708946624,2.9753090854458493
IN.ADM2.00014,sesamum,2015,0.0366568914956011,0.2278250056377024,0.07504471954060152,-2.9751556344300267
IN.ADM2.00527,sugarcane,2016,5.8,42.83706099689541,11.803857784437925,-2.9744436972403188
IN.ADM2.00539,rice,2010,0.45283381364073,1.9966932191061841,0.5191269155443736,-2.9739536888519926
IN.ADM2.00528,sesamum,2019,0.5107142857142857,0.28847388557571957,0.06277270044357888,2.97178575988649
IN.ADM2.00334,soyabean,2011,1.6,1.0503546507169697,0.1867505180845012,2.971572368043922
IN.ADM2.00220,bajra,2002,0.5347841598287549,1.990958297182747,0.4841890597272425,-2.970695237826374
IN.ADM2.00216,soyabean,2020,0.6300010014116674,1.2188093424425914,0.2592609904564728,-2.97002410706416
IN.ADM2.00130,arhartur,2003,1.2392755004766445,0.9312958488001971,0.132417712611959,2.9699721135358863
IN.ADM2.00012,rapeseed_mustard,2011,2.4460911448684697,0.4684145837612811,0.6662388487383819,2.9698480455264122
IN.ADM2.00049,wheat,2023,1.7525040518638575,1.3941828746018767,0.13547086461992572,2.967738389509258
IN.ADM2.00140,arhartur,2002,0.2901494269548818,1.0389383114772,0.17021763652861102,-2.9669112728508424
IN.ADM2.00472,sugarcane,1997,50.63949843260188,46.061279692033644,7.375109913633487,2.9664544725442106
IN.ADM2.00298,wheat,2006,0.8125,1.711385599046084,0.2812079987766268,-2.9664170321312895
IN.ADM2.00081,sesamum,1998,1.011764705882353,0.8073842477599423,0.09887994000575345,2.965812861214984
IN.ADM2.00293,potato,2006,11.655670103092785,8.527167532977446,1.1407290138128505,2.9653637278153795
IN.ADM2.00134,sugarcane,2010,7.571933366986371,66.9669649335489,20.782468522750396,-2.9634239585244546
IN.ADM2.00236,soyabean,2022,1.3179723502304148,0.6849543860097873,0.14699392573565173,2.963057455742239
IN.ADM2.00413,potato,1997,9.40481540930979,23.169791001980833,2.9888632685691374,-2.9630044031643674
IN.ADM2.00413,wheat,2014,2.4123130372376,2.8079089856153923,0.1880752412485388,-2.962559245481671
IN.ADM2.00251,rapeseed_mustard,2008,1.0,0.269614432933627,0.24316716802569924,2.962207307323406
IN.ADM2.00281,rice,2022,1.386086956521739,2.9434346627527965,0.5391159529650507,-2.961803275289271
IN.ADM2.00337,potato,1998,17.83797216699801,12.019916949092636,2.3290185496824507,2.9612239354883023
IN.ADM2.00267,bajra,2005,1.0,0.5196643975148416,0.15523893745949105,2.9595966621760055
IN.ADM2.00334,maize,2002,0.328759679391387,1.4613107884445435,0.2930788602509743,-2.9585913853385994
IN.ADM2.00044,wheat,2014,0.7870222929936306,1.440609738880362,0.21134577746364536,-2.9583928776998847
IN.ADM2.00129,cottonlint,2020,0.0002615319509098,0.3777629113602098,0.13098696629860765,-2.958321412972811
IN.ADM2.00059,arhartur,2014,0.9634146341463414,0.7214998806915237,0.09087917597620856,2.9576384492978223
IN.ADM2.00443,barley,2014,1.6666666666666667,2.554540732868414,0.33334114380046626,-2.9576094815404192
IN.ADM2.00576,potato,2020,28.731578947368423,17.085201963491727,4.879747545740765,2.9560077211918587
IN.ADM2.00113,bajra,1999,2.675324675324675,2.2589319732438,0.3553637854466087,2.955951361650381
IN.ADM2.00394,potato,2013,9.83400513008428,23.23765062123184,4.945684930183335,-2.9557207015394895
IN.ADM2.00228,groundnut,2012,3.7,2.099364318053544,0.47529974631049077,2.955317646525903
IN.ADM2.00102,wheat,2004,4.0,4.629702850104188,0.17142061950502327,-2.954427012240395
IN.ADM2.00409,bajra,2019,1.9570691747572813,1.0611012736239815,0.2471019734835287,2.953988446904938
IN.ADM2.00222,rapeseed_mustard,2018,0.4,0.9348566863024722,0.20732993491089513,-2.953477548759116
IN.ADM2.00506,rice,2012,0.7781350482315113,1.9286232046240541,0.4200645909739821,-2.9534194410028625
IN.ADM2.00393,potato,1997,9.40487012987013,23.187638512978932,2.9885458236171982,-2.9532861884161723
IN.ADM2.00379,jowar,2014,2.068681318681319,1.0569858990172545,0.33506935453869535,2.9532519407745794
IN.ADM2.00012,arhartur,2017,1.360122968818621,0.6816690807042903,0.18329093275677108,2.9521577530335725
IN.ADM2.00021,cottonlint,2019,0.0799053926206244,0.33381344441131083,0.10587673146953186,-2.9516016734106154
IN.ADM2.00565,rapeseed_mustard,2005,2.0,1.2858571428571428,0.25858394194400725,2.951150847609246
IN.ADM2.00301,maize,2009,1.0476871721506915,1.7856098613528044,0.2429498911884035,-2.950360264302081
IN.ADM2.00012,rapeseed_mustard,2010,2.42299794661191,0.4684145837612811,0.6662388487383819,2.9494688953768153
IN.ADM2.00417,rice,2010,1.6064756478387114,2.1769706519754433,0.19342496806106843,-2.9494382749833163
IN.ADM2.00154,maize,2011,0.7606051900794791,2.4331851621973883,0.5757407597075672,-2.94843703118376
IN.ADM2.00395,wheat,2014,0.964465158687049,2.006153479483092,0.43486778014526,-2.9479292479056696
IN.ADM2.00445,maize,1998,1.27595488336324,0.9435148394933371,0.20867061996660688,2.9466491732498294
IN.ADM2.00041,arhartur,2018,1.34375,0.822421509576558,0.1557731522541989,2.946254867925697
IN.ADM2.00509,groundnut,1999,1.303030303030303,0.908771435758055,0.18960791314736497,2.9457397257602964
IN.ADM2.00541,sugarcane,2007,1.380952380952381,48.928053734299,15.348895647121044,-2.9439062243015663
IN.ADM2.00482,bajra,2002,1.625,0.9497778133276452,0.2377877970590812,2.9437928025580233
IN.ADM2.00172,jowar,2003,0.2248899096970348,0.9693955163953285,0.20827237509658897,-2.9432170958107937
IN.ADM2.00529,sesamum,2016,0.6066666666666667,0.3355380394811662,0.08736073629389632,2.9431498051002456
IN.ADM2.00421,barley,2014,1.4302516004168528,2.697426682762135,0.4589573358333169,-2.942773042695835
IN.ADM2.00546,potato,2012,10.989830508474576,7.353970410420904,1.2490254139771122,2.9427569862339182
IN.ADM2.00455,groundnut,2018,3.4,1.7172403458134193,0.4285295019199565,2.942122147313172
IN.ADM2.00262,arhartur,2019,1.965648854961832,0.5523347665554019,0.38248572017184734,2.941352610486385
IN.ADM2.00392,bajra,2010,0.9652777777777778,1.6487143975461205,0.23260485277583037,-2.938187280327555
IN.ADM2.00512,wheat,2021,3.8843683083511777,4.708946994046876,0.35505376966278906,-2.9381665936237082
IN.ADM2.00298,rice,2023,1.7015811772886973,1.8707901259296271,0.23718929601989397,-2.9371868988472225
IN.ADM2.00100,rice,2009,0.0778714050192342,1.4112299453869885,0.44410497241962954,-2.9371166660388504
IN.ADM2.00433,sesamum,2001,0.5,0.2230004857099245,0.0946575689834964,2.936826983077985
IN.ADM2.00449,barley,2017,2.0491803278688523,1.3590516372687946,0.19818098766684095,2.9361555205602854
IN.ADM2.00109,bajra,2012,0.4222222222222222,1.7934646547605164,0.4886451374981608,-2.9348043988584593
IN.ADM2.00366,bajra,2008,3.518716577540107,2.0696990746490624,0.5267838743286539,2.9333491269155374
IN.ADM2.00026,rice,2008,2.088528306389071,1.8554293383814127,0.11044376591847813,2.9324608305186564
IN.ADM2.00209,wheat,2013,3.736069932702716,2.4502753453483024,0.35102615727070785,2.930753647339011
IN.ADM2.00396,barley,2014,1.7073170731707317,2.4453739802671075,0.30431643381736556,-2.9306422514921064
IN.ADM2.00406,bajra,2003,1.073372948500283,2.033379110951472,0.19595568655612075,-2.9300857171352765
IN.ADM2.00010,soyabean,2009,0.3949498219488507,1.3288385943917764,0.31873370270808393,-2.9298181808063157
IN.ADM2.00335,rapeseed_mustard,2005,1.7897601681918651,1.2811608533272967,0.21856764348016386,2.9296475864298355
IN.ADM2.00110,arhartur,2017,1.8860971524288108,1.0468749260175778,0.20479191809223563,2.9290665219155727
IN.ADM2.00494,potato,2019,1.9672131147540983,3.980684581376247,1.1995370880476053,-2.9287322443671777
IN.ADM2.00461,rapeseed_mustard,2000,1.090301801264464,0.8601291183566147,0.10030201361943347,2.927747242602958
IN.ADM2.00394,bajra,2010,0.9662749105774144,1.6504937854021666,0.23380007024979416,-2.926512699905491
IN.ADM2.00521,groundnut,1999,1.8541666666666667,1.4120223470242454,0.22821632355809857,2.9265105562574663
IN.ADM2.00254,rapeseed_mustard,2008,1.0,0.3831382462871527,0.20910580954144875,2.925079905043232
IN.ADM2.00519,maize,2011,6.7,2.452627041742287,1.4662188240846057,2.9247156484825254
IN.ADM2.00103,ragi,2005,2.1881785283474064,1.3616819153440127,0.2984526513887908,2.923768631940326
IN.ADM2.00175,bajra,2015,0.3992344816109169,0.8625221433782521,0.2071030567898471,-2.9226623153680458
IN.ADM2.00137,rapeseed_mustard,2011,0.8240165210225944,1.5765379798473749,0.2674689691966531,-2.9218290841369052
IN.ADM2.00366,arhartur,2019,2.2639296187683287,0.9188641635426179,0.3618454355861345,2.9211515349192876
IN.ADM2.00172,sesamum,2018,1.391304347826087,0.4598094704396076,0.2921034749424053,2.9192490648829392
IN.ADM2.00347,wheat,2023,3.5404412215237184,1.928106350721077,0.7274770427668925,2.9191330792598134
IN.ADM2.00481,arhartur,2014,2.5809167446211414,1.2528911177256143,0.46941550021308054,2.919003462204734
IN.ADM2.00199,arhartur,2015,1.28944618599791,1.6022333367246728,0.09884235666389693,-2.9185505189098615
IN.ADM2.00199,cottonlint,2022,1.6923076923076923,0.41282493825279587,0.31222831102111914,2.918081940711087
IN.ADM2.00397,potato,2019,11.981141439205956,22.56339612296885,4.810098403097777,-2.917623002924331
IN.ADM2.00076,maize,2016,10.365705224838925,4.998490559693422,1.1976146784815023,2.916990561036684
IN.ADM2.00545,maize,2023,7.855413118860172,3.4502760005745063,0.9321537407156072,2.9165936863073916
IN.ADM2.00543,potato,2013,18.009090909090908,10.59867461362777,2.33836352863806,2.9152243820684713
IN.ADM2.00262,soyabean,2005,0.957203994293866,2.0845668989089665,0.35696172109660623,-2.913476414611872
IN.ADM2.00559,rice,2018,3.2588235294117647,3.5239039110693238,0.22992680845402524,-2.9134434525440875
IN.ADM2.00317,sugarcane,2003,24.52173913043478,70.1839732731037,16.063058291724317,-2.9121412834438827
IN.ADM2.00391,ragi,2002,0.8213790026767126,1.194024578220719,0.11082350529142802,-2.9119914609206465
IN.ADM2.00297,maize,2009,1.0673758865248226,1.7801190949030017,0.23703159989542608,-2.9118708417139545
IN.ADM2.00212,sesamum,2016,0.0513333333333333,0.3910372532879264,0.15039274879638242,-2.9098542060644204
IN.ADM2.00041,sesamum,2019,0.25,0.5572667316755386,0.12417281984989584,-2.909654339443725
IN.ADM2.00013,wheat,2016,2.3125,0.8056644771904807,0.45280353786606525,2.909613000971224
IN.ADM2.00181,ragi,2017,2.5602523592632123,1.3588436462394582,0.43187783686924636,2.9093553318727357
IN.ADM2.00567,arhartur,2013,1.3995243757431628,0.5018760466025948,0.30074817342200133,2.9081018937804353
IN.ADM2.00268,maize,2023,1.010455199792494,2.6916224493065375,0.9031457282187113,-2.9078772350690953
IN.ADM2.00472,barley,2018,2.864032150033489,1.5454548870168023,0.37296877632133685,2.906802820025717
IN.ADM2.00003,cottonlint,2007,0.5180568720379147,0.34335910323298285,0.0729359004955899,2.9066633491805036
IN.ADM2.00066,rapeseed_mustard,2009,1.9898989898989896,0.9086333079735078,0.3809731873221778,2.906657854872016
IN.ADM2.00011,cottonlint,2011,0.2089996738193425,0.42850662240543386,0.0813101932976234,-2.9064462934514137
IN.ADM2.00097,sugarcane,2022,105.37089504185448,44.68868825546457,13.950275066149816,2.9060803573031007
IN.ADM2.00046,sugarcane,1999,66.4,38.06993923129307,9.185016941368936,2.905610031977836
IN.ADM2.00120,arhartur,2019,2.128152341739578,1.0690299707336572,0.23760671431885308,2.9045335002953956
IN.ADM2.00400,rapeseed_mustard,2018,2.0104264376939174,1.2252010906557775,0.17387921456001768,2.903981130668848
IN.ADM2.00489,rapeseed_mustard,2013,1.0169744333102246,1.5066675998631214,0.21288501247884115,-2.9037988906665766
IN.ADM2.00461,sugarcane,2013,220.61775700934575,95.13403672377868,43.064562711647405,2.903086053272042
IN.ADM2.00088,ragi,2016,1.1612903225806452,0.7569110207760962,0.15117794932158168,2.9027722366689575
IN.ADM2.00489,maize,2019,0.716321243523316,1.8592898558046331,0.5405218554593381,-2.9015706475058347
IN.ADM2.00158,maize,2015,2.1893460690668625,1.1201790673261312,0.23315832456309324,2.901462862819325
IN.ADM2.00062,groundnut,2007,0.75,1.0069444444444444,0.10761882842923381,-2.900623770846608
IN.ADM2.00524,wheat,2021,3.2,1.329233244848533,0.563457689045485,2.89975898304554
IN.ADM2.00499,wheat,2014,3.583333333333333,4.585081051616038,0.39304874445340426,-2.8997230787712263
IN.ADM2.00188,potato,2002,2.0,10.663594304997423,3.409147130512064,-2.899582979383333
IN.ADM2.00430,cottonlint,2019,0.4086363636363636,0.09961648536947727,0.10479717866371469,2.898058343964496
IN.ADM2.00339,rapeseed_mustard,2007,0.569561423290747,1.31447566344026,0.23604210551175697,-2.8977603057498595
IN.ADM2.00195,rice,2016,1.8402457757296464,2.1888330153694033,0.13159504986338033,-2.8975820737585862
IN.ADM2.00388,arhartur,2013,1.2555754405286343,0.8543067821629257,0.13787233696709095,2.8973391576310363
IN.ADM2.00349,maize,2019,0.6762630394763756,1.8220507162701534,0.5159037891852968,-2.8968425228726447
IN.ADM2.00102,rice,1998,3.0,5.001117216117216,0.46535571585668084,-2.896738542326188
IN.ADM2.00339,wheat,2010,4.069882835922702,3.2353490233657536,0.28810135462388664,2.8966674372161982
IN.ADM2.00524,maize,2023,3.056566820276497,1.2407597459284703,0.3205184662220142,2.895072259426839
IN.ADM2.00421,jowar,2015,0.802917012831164,1.2944013165521469,0.19024520775267392,-2.8950573610658203
IN.ADM2.00144,soyabean,2014,0.1092436974789916,1.3124564443348936,0.42811581623846856,-2.894793315970333
IN.ADM2.00298,ragi,2021,0.6428571428571429,0.8824481403148968,0.09573732257829486,-2.89471162715716
IN.ADM2.00456,maize,2022,8.218181818181819,2.0568134560963904,1.6019041170958102,2.8933025542384483
IN.ADM2.00069,sugarcane,2015,109.065,49.740064374833736,15.865419181350486,2.8928583026917734
IN.ADM2.00041,maize,2013,5.646103896103896,2.152759978382524,1.0724016248628352,2.8923264560955593
IN.ADM2.00245,sugarcane,2021,21.132075471698112,5.023526263640318,5.015922047150299,2.8899893332358335
IN.ADM2.00425,maize,2022,0.7281993204983013,1.248152912670597,0.3625841194294984,-2.88998928591156
IN.ADM2.00439,sesamum,2016,0.5364680737376436,0.24582164477797078,0.07914213228294725,2.889868921744606
IN.ADM2.00369,maize,2016,0.7666887709991158,4.4661826622477845,1.629196278679448,-2.889521680730124
IN.ADM2.00365,bajra,2016,0.1459118103257256,1.8695614055698142,0.6289693819216183,-2.889485381593989
IN.ADM2.00521,sugarcane,1999,20.17391304347826,58.6868315420522,13.517882524125913,-2.8893949624150155
IN.ADM2.00079,rice,2006,3.500887823195949,1.7294539966641518,0.7337151485485913,2.8885698677105656
IN.ADM2.00546,sugarcane,2019,26.4,53.16111096396591,10.609879066414022,-2.888231224506657
IN.ADM2.00302,potato,2021,20.0,11.003730860643728,2.903223430203625,2.886618888872692
IN.ADM2.00571,barley,2014,1.7184466019417477,2.4519154912066727,0.30841790399229674,-2.8864608366098916
IN.ADM2.00338,barley,2014,1.77232787909556,2.475122768317306,0.327485104379106,-2.8864093964839124
IN.ADM2.00069,sesamum,2005,0.9141104294478528,0.7708525524547238,0.06630479035129522,2.884992175328008
IN.ADM2.00239,sesamum,2010,0.927536231884058,0.45191754824136193,0.1580814164556611,2.884937616962729
IN.ADM2.00403,maize,2013,1.195606936416185,1.9880526805205188,0.34033188360500755,-2.884934807075147
IN.ADM2.00339,groundnut,2009,0.8372070756636427,1.9273062095281748,0.36698442076799564,-2.8841516741456967
IN.ADM2.00136,rapeseed_mustard,2008,2.770780856423174,1.326398077666653,0.567584703921614,2.8841417268358462
IN.ADM2.00213,wheat,2016,3.5052631578947366,2.0240276862893496,0.3548489320771731,2.88351452196511
IN.ADM2.00224,rice,2022,1.976134976134976,0.7738937686381697,0.23885410481527206,2.882721053658089
IN.ADM2.00281,wheat,2023,3.455285714285714,2.589897567918487,0.21969648250441978,2.8827164541919523
IN.ADM2.00066,ragi,2020,1.809523809523809,0.8266650551130689,0.328121822181296,2.882617737036831
IN.ADM2.00134,rapeseed_mustard,2008,3.0211480362537766,1.73237602037896,0.46951844892619826,2.882486263958984
IN.ADM2.00436,barley,2014,1.7160804020100502,2.453101570280994,0.32470988044611054,-2.8823734018186618
IN.ADM2.00246,soyabean,2014,1.6578947368421053,0.8884015139346341,0.2906963631715354,2.8818512700236014
IN.ADM2.00249,rapeseed_mustard,1998,1.0,0.608122991752838,0.21049028523814678,2.8816810754956252
IN.ADM2.00437,barley,2015,0.9093047569262938,1.3415479066795566,0.16729038381341546,-2.8808991089485154
IN.ADM2.00571,wheat,2014,2.0600030835925667,2.8312637044760045,0.33232371361173935,-2.8799416839381538
IN.ADM2.00522,sugarcane,2021,19.462012987012987,43.89999677256701,7.69383152175965,-2.8797424386969563
IN.ADM2.00530,potato,2014,15.0,8.41351010742292,2.0858713715605854,2.8793577235793117
IN.ADM2.00301,wheat,2006,0.8666666666666667,1.6922777687022856,0.2796409319245032,-2.8789833356132832
IN.ADM2.00511,groundnut,2002,0.6666666666666666,0.9666666666666666,0.09595663417511108,-2.87869902525329
IN.ADM2.00506,rapeseed_mustard,1999,0.3310344827586207,0.1894820536115513,0.05583636865409865,2.877870295265755
IN.ADM2.00076,rice,2012,3.207148530579825,1.8386184812437614,0.44060488942314086,2.8774288284458103
IN.ADM2.00010,bajra,2022,3.1515151515151514,0.8832846973437961,0.5411455820688328,2.87682577897387
IN.ADM2.00302,bajra,2003,1.9827586206896552,0.9442401683506746,0.324461050137381,2.8767466528602257
IN.ADM2.00180,jowar,2015,0.6261123037507942,0.9629056634186223,0.16388521195966074,-2.876390723188437
IN.ADM2.00319,bajra,2016,1.3125,2.343820401855188,0.3927782171618507,-2.875355126702109
IN.ADM2.00081,sugarcane,2022,107.04347826086956,43.86460727672451,13.976161166078047,2.8739600016137286
IN.ADM2.00052,cottonlint,2004,0.0906666666666666,0.07126138040741997,0.006508414016304805,2.873746034214508
IN.ADM2.00549,rice,2014,3.020408163265306,1.4592820642065867,0.4712044403704268,2.8734050948914986
IN.ADM2.00572,barley,2014,1.7185185185185186,2.4548435020696844,0.31124732418937634,-2.8733651981772157
IN.ADM2.00344,wheat,2001,3.029395522705068,2.002089623660791,0.3580231306408977,2.8729548492415127
IN.ADM2.00449,ragi,2018,1.3012123745819395,1.6409263069036573,0.14701442022426678,-2.8706337728090072
IN.ADM2.00208,soyabean,2017,2.0,0.875485390766277,0.35591281168365746,2.8693646097074246
IN.ADM2.00049,maize,2014,3.6596626506024097,1.5619673668686862,0.602431319746819,2.8686718930738397
IN.ADM2.00212,soyabean,2012,2.488515355142558,1.2402203783597325,0.4178689129430487,2.8672734248450507
IN.ADM2.00174,groundnut,2022,1.619047619047619,0.7395661365309465,0.22387801013004094,2.8672014054300963
IN.ADM2.00393,barley,2014,1.7161458333333333,2.4656991279492977,0.3193418605654496,-2.8659328951867993
IN.ADM2.00413,barley,2014,1.714572864321608,2.4661527012357953,0.32016786702119066,-2.8658384980022675
IN.ADM2.00141,potato,2016,44.31746031746032,21.8993195509974,6.740455602146389,2.8655103612303314
IN.ADM2.00133,cottonlint,2020,0.0005714285714285,0.43332268478984487,0.1605346652726204,-2.864480199797311
IN.ADM2.00427,sugarcane,2019,65.80293501048219,51.91478090182479,5.1757874158953765,2.863914796938872
IN.ADM2.00124,groundnut,2012,0.4,1.5511219747876728,0.4461337235433367,-2.8639048562320206
IN.ADM2.00142,cottonlint,2020,0.0006131260794473,0.44721335774973436,0.19229999573393794,-2.8638093839652456
IN.ADM2.00555,wheat,2014,1.6285691648535157,2.5999541019647543,0.41627692679803635,-2.86332794932883
IN.ADM2.00037,rapeseed_mustard,1997,0.586127007568765,0.5765305656946313,0.04006433570606964,2.8632590547749683
IN.ADM2.00299,jowar,2002,2.1578947368421053,1.0064440009872793,0.38608200328087566,2.8625776225076054
IN.ADM2.00209,rice,2022,3.5900342625100463,1.18833093554205,0.5538084537519761,2.861491459956292
IN.ADM2.00449,rapeseed_mustard,1999,1.0233265720081135,0.5534535556015003,0.15939254505657616,2.8610429196818523
IN.ADM2.00011,rice,2002,1.7430361714824725,2.941350657493304,0.30221628265717987,-2.860783791403502
IN.ADM2.00303,groundnut,2003,1.4705882352941178,1.1062797529798962,0.10223020876057837,2.8605088830683565
IN.ADM2.00429,bajra,2010,0.97,1.6542200637236064,0.2392101484436076,-2.8603304173149295
IN.ADM2.00281,sugarcane,1997,0.2857142857142857,47.49782061442259,8.405996600991916,-2.8600033284682707
IN.ADM2.00334,potato,2002,19.108695652173918,6.193540788534236,4.019174632542407,2.8597473181121624
IN.ADM2.00270,sugarcane,2015,28.06407322654462,67.39012268191654,13.132214856464577,-2.859636163018377
IN.ADM2.00361,wheat,1997,1.818918918918919,1.0461516601879537,0.20783423983873175,2.859417185352698
IN.ADM2.00080,sugarcane,2020,29.59633027522936,50.954317595174295,11.033664287263958,-2.858739943146015
IN.ADM2.00299,wheat,2006,0.875,1.6665755423435227,0.2543677259274864,-2.857661730602062
IN.ADM2.00216,maize,2018,0.5658598685058657,2.1250046277429457,0.8020693274757188,-2.8559570385723916
IN.ADM2.00526,ragi,1999,0.6372847011144883,0.4729603541301131,0.08255365024592225,2.855540621036473
IN.ADM2.00013,ragi,2022,3.0,1.3682515564839826,0.4798968505122836,2.855373956073411
IN.ADM2.00548,maize,2023,2.808258928571429,1.2265186762600155,0.2954076480249744,2.8522698476059114
IN.ADM2.00431,jowar,1998,2.015144863915716,1.1377973711685685,0.30214124121590896,2.8515337419922515
IN.ADM2.00207,sugarcane,2021,76.50026055237103,35.880384172021344,17.179676511578165,2.8515136445270737
IN.ADM2.00129,sugarcane,2011,6.498781478472786,59.449610009918686,19.33999635918726,-2.8514686793178012
IN.ADM2.00209,sugarcane,2021,50.0,20.946649002347506,10.625180124896664,2.8512033101568837
IN.ADM2.00160,sesamum,2003,0.4707674728623119,0.42963040243909667,0.014920479700378545,2.850865855739295
IN.ADM2.00062,potato,2008,2.5683520599250937,11.920285415363546,3.214867044939641,-2.850773957930482
IN.ADM2.00484,wheat,2005,0.6858530633315344,2.171373674046902,0.4583852622647161,-2.8504869953024152
IN.ADM2.00147,potato,2005,2.604755784061697,9.22343092015129,2.1683633087283405,-2.8497928300838877
IN.ADM2.00223,groundnut,2017,0.875,1.3532368881902714,0.27900354428420365,-2.849514585881914
IN.ADM2.00299,cottonlint,2002,0.85,0.1689175213675213,0.2215458153121346,2.8486519513127786
IN.ADM2.00293,sesamum,2000,1.0,0.9016086985607669,0.1420188384402407,2.847935405064412
IN.ADM2.00479,potato,2008,3.8107752956636007,11.670679885890252,2.6875268728401687,-2.847771825324086
IN.ADM2.00368,jowar,2014,2.893050918196995,1.2392372420471234,0.5975290948650177,2.847278239610018
IN.ADM2.00277,arhartur,2018,0.1147355306376713,0.3767486658558148,0.1260295472586011,-2.8472324495527714
IN.ADM2.00296,rapeseed_mustard,2011,3.1538461538461537,1.041976659233861,0.7446078918150841,2.847179110125334
IN.ADM2.00156,potato,2018,24.93215859030837,11.210844991437646,4.663853548727408,2.846775845590823
IN.ADM2.00302,soyabean,2008,1.6333333333333333,1.2566027679427911,0.1306488982399569,2.8464824533783695
IN.ADM2.00402,ragi,2002,1.0196127776659285,1.3959421716478209,0.09893202725570968,-2.846275354726292
IN.ADM2.00377,bajra,2014,3.4445318646734853,1.3631711494622591,0.679656827401929,2.843333823482675
IN.ADM2.00557,maize,2021,3.1588785046728973,3.7084866100689844,0.558541310802281,-2.8430638975554916
IN.ADM2.00520,maize,2015,0.7000000000000001,1.672788871073817,0.5902844601860261,-2.842950959973856
IN.ADM2.00544,barley,2019,0.4444444444444444,1.3717134512241895,0.35327783160599996,-2.842827557791363
IN.ADM2.00061,maize,2015,3.855140186915888,1.8883800305299194,0.5329257896415268,2.841842755630223
IN.ADM2.00238,sesamum,2022,0.8200041762372102,0.25043100292696285,0.14318891828100588,2.841564177738667
IN.ADM2.00506,wheat,2013,3.5,1.6538774367959534,0.523846042747743,2.84132898544403
IN.ADM2.00001,sesamum,2017,1.173913043478261,0.45781487226532286,0.2476513138271365,2.841087681557904
IN.ADM2.00333,rice,2002,0.8333333333333334,1.841166167703039,0.17476396913368164,-2.8402441970211854
IN.ADM2.00129,sesamum,2013,1.0,0.3613094620326299,0.19724775457928498,2.8389173269088
IN.ADM2.00299,sesamum,2004,0.25,0.6427619688326894,0.15772946242921213,-2.8380965166512797
IN.ADM2.00417,rapeseed_mustard,1999,1.1045081967213115,0.850468520560162,0.12252054316966492,2.837626027708196
IN.ADM2.00276,sesamum,2011,0.6,0.4229107248636008,0.07239628113226573,2.8371710323654233
IN.ADM2.00116,sugarcane,2012,5.0,64.71620893914917,18.749369393165246,-2.836262454512431
IN.ADM2.00286,rapeseed_mustard,2009,0.5821596244131455,0.8290026878548599,0.07354381227965316,-2.835887144763349
IN.ADM2.00398,barley,2014,1.7178841309823678,2.5583712552326827,0.33286393852451657,-2.835495288381877
IN.ADM2.00101,barley,2019,0.4583333333333333,1.3771282196645307,0.35406543817013036,-2.835046129005335
IN.ADM2.00431,rapeseed_mustard,2022,1.2300936768149884,0.6317556878325805,0.11651681377971207,2.83479157439351
IN.ADM2.00542,rapeseed_mustard,2004,1.5529884480160725,0.8420728682456778,0.2640707505056716,2.8338669305439224
IN.ADM2.00087,arhartur,2011,2.662749706227967,1.479010649846718,0.4205986706803949,2.833621583470852
IN.ADM2.00222,groundnut,2020,2.6238805970149253,1.3161355628507747,0.36801332580216434,2.833494876992718
IN.ADM2.00248,rice,2022,2.840003178639542,1.0470060222024467,0.37301601975552995,2.833448878446621
IN.ADM2.00500,rice,2023,1.77178690057061,1.999467416310633,0.17528993713134589,-2.8332423533266957
IN.ADM2.00224,arhartur,2016,1.2857142857142858,0.6117869352887336,0.19766145292364135,2.8326034094612806
IN.ADM2.00148,ragi,2007,1.3333333333333333,0.9274884764428512,0.12180828973660773,2.8322125939342095
IN.ADM2.00016,sesamum,2021,0.7292817679558011,0.21350190105886593,0.13561215834749513,2.831812285572923
IN.ADM2.00153,potato,2006,15.313333333333333,8.864593756599714,2.1452708663505873,2.830143663812941
IN.ADM2.00251,jowar,2011,2.471890971039182,1.3033957505300995,0.4264843982708951,2.829978024459209
IN.ADM2.00073,wheat,1997,2.068259385665529,1.5589576472591122,0.343142447546515,2.8299366079449912
IN.ADM2.00230,barley,2021,2.0,0.958442265795207,0.293694284803024,2.8295192427039293
IN.ADM2.00174,sugarcane,2019,27.7283088884962,65.0761905863457,12.511963464230753,-2.8293663279137062
IN.ADM2.00512,maize,2011,6.0,3.135765995115995,0.9865515851372311,2.8289443600100768
IN.ADM2.00242,rapeseed_mustard,2018,0.3832943013270882,0.9372621367470427,0.2268204907849831,-2.828934321274344
IN.ADM2.00442,rapeseed_mustard,2018,1.7986613850566862,0.937237177052478,0.22440846074931686,2.8286130918471444
IN.ADM2.00398,wheat,2014,2.2740540180440822,2.871267128946597,0.2932285975833326,-2.827716139018113
IN.ADM2.00130,wheat,2014,3.2857142857142856,4.096966538903784,0.33481221280466505,-2.827355274183711
IN.ADM2.00463,maize,2022,7.947448096885813,3.287098751717244,1.0043417689013476,2.8271797728265886
IN.ADM2.00439,rice,2014,1.9036265165702408,2.2874587823889305,0.18965041587440162,-2.826772249629877
IN.ADM2.00525,groundnut,1999,1.3885767790262171,1.1552882840517935,0.2196917712416236,2.826344397218507
IN.ADM2.00370,groundnut,2017,3.4,1.8561407466088338,0.3797067177744154,2.82610205304624
IN.ADM2.00484,sesamum,2022,0.75,0.8298423833963671,0.107108591001972,-2.8256261268673777
IN.ADM2.00176,sesamum,2005,1.276860033294916,0.7358750643766894,0.21740429464469124,2.825196934508653
IN.ADM2.00528,rapeseed_mustard,1999,0.2378048780487804,0.14732753832495404,0.05010215165429058,2.8249360117041826
IN.ADM2.00133,rapeseed_mustard,2014,1.0,1.5586725966100534,0.26102161534262147,-2.8247791459247944
IN.ADM2.00249,sugarcane,2021,69.73390657680687,28.90400748582074,15.070070172431745,2.8246361522417502
IN.ADM2.00284,wheat,2014,2.823529411764706,2.4670153660852563,0.13010526018173993,2.824117818301932
IN.ADM2.00270,jowar,2015,0.2520795660036166,0.8732335542630373,0.21389274585732307,-2.823947456599992
IN.ADM2.00047,cottonlint,2007,0.1275,0.07576797982719032,0.01858270157678831,2.823072321613803
IN.ADM2.00455,potato,2016,13.030572249804024,16.242836414293873,1.621850588370566,-2.8227758967236283
IN.ADM2.00494,cottonlint,2015,1.0,0.4431845246502125,0.1468677651013546,2.8223908863670375
IN.ADM2.00160,cottonlint,2003,0.0728571428571428,0.08520470307284837,0.003752481474027704,-2.822296560424521
IN.ADM2.00216,sesamum,1998,1.0,0.4108989461403826,0.22580773417462005,2.822254097560997
IN.ADM2.00199,rice,2016,2.202234670981332,2.5792351283597483,0.21132526712430444,-2.820592054930181
IN.ADM2.00224,barley,2016,3.555555555555556,1.2912897624020052,0.591199294428903,2.8198574369135345
IN.ADM2.00523,groundnut,1999,2.0658823529411765,1.3292609145735181,0.34588815031255443,2.8197300814514907
IN.ADM2.00263,maize,2013,2.462962962962963,1.1030493348602846,0.49325335147691374,2.8191927713770872
IN.ADM2.00056,potato,2022,9.751229105211406,7.462055687016756,0.8867276318565008,2.819184038261313
IN.ADM2.00468,rapeseed_mustard,2012,1.8064516129032255,0.7869054705226245,0.36170850040335006,2.8191010708406203
IN.ADM2.00209,arhartur,2017,1.912280701754386,0.7851882912758257,0.338898824412544,2.8185976274206026
IN.ADM2.00460,barley,2004,2.0442655935613683,1.2927127047510192,0.30238135454622916,2.818204316015736
IN.ADM2.00333,rapeseed_mustard,2014,0.915848375051247,1.1416660385341968,0.1392883063598862,-2.8162823712818486
IN.ADM2.00092,ragi,2000,2.5942857142857143,0.8820862486460053,0.584180101947416,2.816085835771338
IN.ADM2.00139,arhartur,2003,1.851851851851852,0.8528701083731015,0.41296222519913417,2.8151462526167124
IN.ADM2.00076,ragi,2000,2.5944055944055946,0.8849208015734564,0.6007673698323518,2.8146092083165195
IN.ADM2.00220,arhartur,2018,1.2335766423357664,0.596554006659967,0.23889897641538085,2.814573928877797
IN.ADM2.00013,jowar,2018,0.9353721959171,1.7930360168867066,0.39859977287674697,-2.8145679431112227
IN.ADM2.00147,sesamum,2009,0.0838682071031236,0.40686322220563714,0.11893540007219662,-2.813841320420489
IN.ADM2.00332,wheat,2021,4.288177339901478,4.885805951740231,0.374190358881905,-2.8136988023373033
IN.ADM2.00452,maize,2023,6.182409929089973,2.3318564235497243,0.9153609879461773,2.8123245286183685
IN.ADM2.00424,wheat,2015,1.7380005359737092,2.386223057621871,0.3594375274467677,-2.8122857569959785
IN.ADM2.00173,rice,2002,2.330469237235283,3.139520112783097,0.18934699801433988,-2.812177676115249
IN.ADM2.00053,arhartur,2021,1.147540983606557,0.7198270517075945,0.11490176633798686,2.811637570443996
IN.ADM2.00199,jowar,2021,1.4484536082474226,0.6404393243137344,0.22864902648366098,2.8114748268016356
IN.ADM2.00562,arhartur,2014,0.5,0.8929487179487179,0.17666213363409414,-2.8105220417026513
IN.ADM2.00001,arhartur,2013,2.1333333333333333,0.5118825792651296,0.53742685922606,2.810450021628515
IN.ADM2.00300,potato,2004,6.44,10.333914159589424,1.3928932399279128,-2.8091245608210293
IN.ADM2.00301,sugarcane,2009,30.01219512195122,42.07095442693918,3.9483394679016137,-2.808438830134852
IN.ADM2.00335,jowar,2020,2.098576679440056,0.8577523725994938,0.293573090075865,2.807391709933719
IN.ADM2.00216,rice,2020,2.1452064777327933,0.7730500892185262,0.34234694899030005,2.8054286879040253
IN.ADM2.00208,sesamum,2018,0.1809242871189773,0.5836605896464384,0.1593271225839704,-2.804624810220308
IN.ADM2.00201,sesamum,2017,6.625,1.3143386243386244,1.8946896518790672,2.8042889337639605
IN.ADM2.00297,wheat,2006,0.75,1.8263370424952716,0.4077905088711647,-2.803790528078431
IN.ADM2.00121,potato,2009,13.06896551724138,23.83866736310246,3.749159123990387,-2.8036807670984283
IN.ADM2.00148,rice,2022,1.0,1.5329159605048466,0.23657929040873676,-2.8033548959440373
IN.ADM2.00041,sesamum,2018,0.2575757575757575,0.5572667316755386,0.12417281984989584,-2.802839753327977
IN.ADM2.00250,maize,2013,4.314837153196622,2.170402383129444,0.7087511304605817,2.8021839774389434
IN.ADM2.00300,soyabean,2004,1.8133333333333328,1.2938032574034475,0.16603086722764873,2.8021161839543405
IN.ADM2.00206,potato,1999,11.933333333333334,6.3304977831058595,1.7337397815052396,2.8017584805407925
IN.ADM2.00499,arhartur,2007,1.408450704225352,1.0712671489461858,0.11685140191745867,2.8012504162117295
IN.ADM2.00462,potato,2008,9.833319675489632,25.246073781748173,5.1818626537054175,-2.8006757558874966
IN.ADM2.00340,rapeseed_mustard,2014,0.7260666167664671,1.2502030750831328,0.23809693307610133,-2.800210808719579
IN.ADM2.00321,rapeseed_mustard,2009,2.0,1.310364587002874,0.257019131934512,2.7998471745438764
IN.ADM2.00357,maize,2017,0.0419094247246022,1.3007777015541382,0.5560288135892912,-2.79887800687504
IN.ADM2.00053,maize,2023,6.133354730672621,1.4453834902543856,0.9981956411502443,2.7987388490482683
IN.ADM2.00167,barley,2003,3.0,0.6728500538544391,0.7952115823984091,2.7986661068884233
IN.ADM2.00120,maize,2006,0.25,1.5539553324780446,0.40920069236241147,-2.79815846211326
IN.ADM2.00275,arhartur,2009,1.0,0.42138674564157347,0.20793292110705003,2.797788821810469
IN.ADM2.00558,rice,2005,1.8166036376733297,2.301762072254962,0.08380746170678495,-2.7977881394874258
IN.ADM2.00519,sesamum,1999,0.5,0.24886724553298925,0.08910336997463365,2.796363453127934
IN.ADM2.00383,maize,2014,9.904390357517178,3.602343855440229,1.9804565334078048,2.7952331919197158
IN.ADM2.00312,ragi,2017,0.0571428571428571,0.5506403447348089,0.25150885670692086,-2.79459449042585
IN.ADM2.00491,barley,2004,0.8773869346733668,2.3236018619521084,0.4105043822751426,-2.7940163247649847
IN.ADM2.00001,rice,2019,3.1549468060835166,2.4856887304213053,0.3410942445429012,2.7931577822746774
IN.ADM2.00077,maize,2016,6.368763181918343,3.8053541490789047,0.703097771346771,2.7927501612001144
IN.ADM2.00066,maize,2013,0.0356460852959898,1.612280800273787,0.6141821919357049,-2.792615548310708
IN.ADM2.00007,groundnut,2014,2.02289156626506,1.4701825993087043,0.1438998407609558,2.7925140608787937
IN.ADM2.00255,sugarcane,1998,132.94059405940595,64.65706159635828,19.09535887685754,2.7921898515315586
IN.ADM2.00249,rice,2014,2.0,0.7562065552933356,0.3970266902013573,2.7914998751169255
IN.ADM2.00112,maize,2006,0.2857142857142857,1.6202871922442454,0.42667030670183814,-2.791460256987448
IN.ADM2.00249,bajra,2012,1.675750202757502,0.7853001733364374,0.28529317252189373,2.7908411267590565
IN.ADM2.00339,rice,2007,3.676158570630932,2.65214591873609,0.427875863907008,2.7906933735028
IN.ADM2.00235,barley,2011,5.32,2.9959231090667733,0.8007714651858504,2.790478868322245
IN.ADM2.00126,arhartur,2018,1.6612826603325417,0.9858629797138968,0.21820157462511175,2.789800419022992
IN.ADM2.00037,potato,2005,4.40742018981881,8.056884614577221,1.3403957285465804,-2.789093682895761
IN.ADM2.00211,sesamum,2019,0.1370023736247868,0.3376649401155517,0.09826035002739254,-2.7887216619690327
IN.ADM2.00176,rice,2003,1.9268962857624912,2.480119515500328,0.17328961129359285,-2.7885560524634214
IN.ADM2.00320,rice,2015,1.5009784735812133,3.5649078393897473,0.7050743580285145,-2.7883291594013158
IN.ADM2.00140,jowar,2021,0.2258555133079847,0.37433497632385826,0.1135086520814423,-2.7882047198605555
IN.ADM2.00513,arhartur,2001,1.3333333333333333,1.0069444444444444,0.11929111841488274,2.7879210828163603
IN.ADM2.00286,soyabean,2003,0.125,0.8172361636555022,0.2596618844046755,-2.7876131231860977
IN.ADM2.00427,rice,2003,1.6132291828324108,2.4610624665282668,0.21132603357743557,-2.786628736530774
IN.ADM2.00374,bajra,2014,4.719512195121951,2.1750750464565924,0.7720814059810925,2.7863017644023933
IN.ADM2.00143,rice,2022,3.409327022971257,3.5395020359737486,0.2892520250354099,-2.7861392625877337
IN.ADM2.00113,rice,2016,1.2481489547038327,2.308103820101264,0.33711066895115255,-2.7853791404543693
IN.ADM2.00525,groundnut,2019,2.117877094972067,1.1552882840517935,0.2196917712416236,2.7851312800888244
IN.ADM2.00555,sesamum,2016,0.4069767441860465,0.19298480801673454,0.06792667372030049,2.783970747419085
IN.ADM2.00136,wheat,2011,5.437305810506768,4.567073710938632,0.3048663183675481,2.782507396807334
IN.ADM2.00577,arhartur,1998,1.1011097410604191,0.7552590756800317,0.18047398846789436,2.781788830308615
IN.ADM2.00044,sugarcane,1998,26.928571428571427,37.572992816912624,3.4175544023775903,-2.7816988656140897
IN.ADM2.00340,arhartur,1999,1.8980228928199792,0.7902465990026005,0.39732819129085684,2.7807343898131625
IN.ADM2.00217,potato,1999,10.98611111111111,6.622402594530479,1.7987787967206355,2.7801745810755953
IN.ADM2.00302,potato,2007,18.85,11.003730860643728,2.903223430203625,2.779896184726941
IN.ADM2.00120,maize,2001,2.333333333333333,1.5539553324780446,0.40920069236241147,2.7786087977628218
IN.ADM2.00089,potato,2020,25.40660685154976,12.675459030134496,3.409456944706627,2.7785255742191093
IN.ADM2.00212,maize,2013,1.1226701933861043,3.0800821820976076,0.7984279976388684,-2.7781457347138225
IN.ADM2.00436,sesamum,2001,0.2539370078740157,0.1338469761885569,0.04312388914227695,2.778036987597832
IN.ADM2.00083,wheat,2011,4.046565321751057,2.3277234544042464,0.604708767129132,2.7775487255069593
IN.ADM2.00442,bajra,2010,0.1164366981360445,1.2383430621756963,0.40395169779493245,-2.7773280076898046
IN.ADM2.00163,rice,2015,3.764077504403659,1.6618662259888342,0.595092945373312,2.7771631948765783
IN.ADM2.00462,rapeseed_mustard,2009,1.3353898329545044,1.0609770920330233,0.10214498123978,2.7769194972306135
IN.ADM2.00573,sugarcane,2007,26.424101969872535,42.07350504185393,5.7558961954942225,-2.7763819948202872
IN.ADM2.00285,potato,2008,10.19811320754717,7.392494749370265,1.1382259797961924,2.7761850284607523
IN.ADM2.00173,bajra,2017,1.7194026838865906,0.9226448934444679,0.19521334418890396,2.776177944623356
IN.ADM2.00575,barley,2000,0.4345679012345679,1.279416475516834,0.24403919896422738,-2.7756257853845767
IN.ADM2.00396,rice,2007,1.5090022985681302,2.480171157587193,0.30448815713713173,-2.7743463587896993
IN.ADM2.00061,arhartur,1998,2.6678966789667897,1.4332330785687217,0.4522548188424328,2.7743111046999522
IN.ADM2.00205,bajra,1998,2.0,0.727588383838384,0.39164801691841544,2.774104259168292
IN.ADM2.00238,barley,2015,4.285714285714286,1.4755690912070039,0.898738655166843,2.7737896376501467
IN.ADM2.00288,rice,2020,2.6943892371197067,1.736331404322051,0.4635522589741294,2.7729103779277775
IN.ADM2.00418,maize,2013,3.2735042735042734,1.3352779862786017,0.6459875403481355,2.7727397390080104
IN.ADM2.00167,sesamum,1999,0.4966666666666667,0.40562611705573864,0.0524928931443643,2.7726981270695497
IN.ADM2.00130,sesamum,2016,0.75,0.341528074782947,0.08907908767927518,2.772044246062123
IN.ADM2.00202,rice,2023,2.920739469238044,2.735713223617758,0.1843651933586724,-2.7720176207960234
IN.ADM2.00285,soyabean,2009,0.3428571428571428,0.8795528261246,0.19401190714100053,-2.7719305329903516
IN.ADM2.00056,potato,2005,5.08,7.462055687016756,0.8867276318565008,-2.771875587418113
IN.ADM2.00480,potato,2020,10.400451212633952,7.485611981236649,1.1162832151254711,2.7715784428469235
IN.ADM2.00343,rice,2002,0.8121019108280255,1.843172251749762,0.19046493318884739,-2.76989033636901
IN.ADM2.00303,maize,2009,1.0522088353413654,1.7928409396004612,0.26064840710581477,-2.769566822355051
IN.ADM2.00419,sesamum,2016,0.4074074074074074,0.1921954018326429,0.06885983025747955,2.7691934630982264
IN.ADM2.00235,sugarcane,2012,86.36363636363636,44.47343198014457,17.51272115740292,2.7688920687183796
IN.ADM2.00298,sugarcane,2002,71.17647058823529,39.15510671717542,12.552474110123269,2.7682733156334507
IN.ADM2.00093,ragi,2017,1.362779552715655,0.862223340383618,0.17522649663809428,2.7681393598267476
IN.ADM2.00300,barley,2003,2.571428571428572,1.4114565826330532,0.278901961320467,2.767384110426028
IN.ADM2.00033,rice,2001,1.26,0.9983524489638945,0.2398853788357023,2.7671129043151885
IN.ADM2.00178,rice,2004,2.631710174361007,2.511208628186868,0.1287042042687812,2.7669931622206536
IN.ADM2.00223,sesamum,2013,0.7622878876535986,0.3710928848659107,0.11032592416333772,2.766708851188286
IN.ADM2.00248,arhartur,2017,1.1397260273972605,0.6716050827635975,0.16113715664212236,2.7665644415822714
IN.ADM2.00215,maize,2014,3.2142857142857144,1.7172147061518908,0.4714227960994181,2.7662521047140283
IN.ADM2.00331,sesamum,2020,0.0,0.35462962962962963,0.17930680286349604,-2.7660932926618464
IN.ADM2.00117,maize,2006,0.226704316256555,1.428325386813361,0.4015727061039971,-2.7659388163823246
IN.ADM2.00426,sesamum,2008,0.3333333333333333,0.19926708224034204,0.05181028997912603,2.765287056157516
IN.ADM2.00251,bajra,2023,0.9100192294940654,0.469554830503883,0.18119363935933178,2.764726820280713
IN.ADM2.00085,maize,2018,2.1703637976929904,2.5235908156466484,0.4197721257712676,-2.763195790984231
IN.ADM2.00379,sesamum,2009,0.1895424836601307,0.4756601121564448,0.10172461368077017,-2.7625900942610078
IN.ADM2.00028,rice,2005,0.4168972121728027,1.1061602609518681,0.22379927426906582,-2.7616410877372437
IN.ADM2.00120,sugarcane,2001,45.0,72.70573028951843,8.730410478317589,-2.761404415450084
IN.ADM2.00429,jowar,2021,2.4,1.2701977779924345,0.26826801101072956,2.7608841697058546
IN.ADM2.00047,cottonlint,2011,0.1275,0.07576797982719032,0.01858270157678831,2.7603653739574527
IN.ADM2.00518,maize,2005,5.4,2.0715115503912904,1.3057641617835583,2.7602983494379663
IN.ADM2.00421,rapeseed_mustard,2014,0.6380169286577992,1.327903739692419,0.28514458042678065,-2.760290274236191
IN.ADM2.00224,sugarcane,2013,52.5,24.18513365549459,11.215956478433114,2.760013851438546
IN.ADM2.00032,soyabean,2016,1.7796610169491525,1.5149360777725007,0.09445634620847154,2.7599479992995963
IN.ADM2.00295,cottonlint,2004,0.7225,0.1510739213167784,0.14467918186913403,2.759700320772443
IN.ADM2.00462,sesamum,2019,0.4012550425818019,0.8553866820033812,0.15163681252183733,-2.75969616474062
IN.ADM2.00072,wheat,2014,0.9667428555971814,2.5376611263681417,0.619529986840469,-2.7589588245490577
IN.ADM2.00229,potato,2013,15.105763517528224,7.995123744628704,2.495594794677314,2.758872458903072
IN.ADM2.00440,rapeseed_mustard,2014,0.6796197931227286,1.0949855692927766,0.1712561354233579,-2.7585124544802615
IN.ADM2.00149,wheat,2023,2.861245030103374,1.687101608277704,0.3742404356446885,2.757874095517922
IN.ADM2.00421,sugarcane,1998,48.04935459377373,54.9890281527645,3.6323221328453315,2.757854298425494
IN.ADM2.00431,sugarcane,2000,71.29194630872483,57.006867091621636,9.623779437148098,2.7572793378461293
IN.ADM2.00180,sesamum,2017,1.6120576671035387,0.6171292363651744,0.2678679330762579,2.7571876764329506
IN.ADM2.00052,rapeseed_mustard,2010,0.914519513218632,0.5860503820576098,0.11537367672633417,2.756936391628763
IN.ADM2.00167,bajra,2021,0.175,0.6188936502022466,0.12790546745797043,-2.7568028576031933
IN.ADM2.00220,wheat,2007,1.6408575217327244,3.0476862492020804,0.4362699213382585,-2.7566030093021867
IN.ADM2.00453,maize,2023,6.252483077811019,2.099768917328465,0.9860685698498773,2.755479255932636
IN.ADM2.00143,wheat,2011,5.378056115769734,4.182185842785527,0.4152003715154215,2.755144010597337
IN.ADM2.00431,arhartur,2009,0.3790907094223589,0.9306939806986171,0.19950675264295817,-2.7546005552599637
IN.ADM2.00578,cottonlint,2017,0.0004235880398671,0.48255809942233346,0.21898419261293184,-2.754461173426883
IN.ADM2.00440,arhartur,2021,2.019607843137255,0.9504537036233187,0.30736203755154656,2.754457511021045
IN.ADM2.00517,rice,2023,1.8084237641012604,2.3212097554388444,0.5369073446535908,-2.7537236627645445
IN.ADM2.00301,ragi,2021,0.65,0.8891227783253487,0.0880336661553298,-2.753600935811504
IN.ADM2.00181,sesamum,2005,1.2120627926191132,0.5373152128987029,0.24273627299380113,2.752896667241385
IN.ADM2.00466,wheat,2018,1.6026200873362446,2.2992557179207687,0.42898726953011007,-2.7527519739517756
IN.ADM2.00071,potato,2016,13.271542360608256,7.8912057774511615,1.9927250235649994,2.751303674094196
IN.ADM2.00420,soyabean,2021,2.004366812227074,0.7617116036367084,0.4227948832104729,2.751067970771147
IN.ADM2.00427,rapeseed_mustard,1997,0.5178883071553229,1.4969077504447341,0.15228252230052042,-2.7501837078554843
IN.ADM2.00296,sesamum,2000,1.239766081871345,0.8180185580768482,0.1893518550088393,2.7500709692323757
IN.ADM2.00077,ragi,2014,1.4814814814814814,0.9244629487674498,0.18720250021867643,2.7500221034323498
IN.ADM2.00543,rice,2016,2.7857495064284685,1.4004261364711803,0.45001388981935686,2.7500174788400007
IN.ADM2.00491,rice,2002,0.8172043010752689,1.8439020116499218,0.19374245792908598,-2.750013429878961
IN.ADM2.00331,sesamum,2021,1.0,0.35462962962962963,0.17930680286349604,2.748704786240957
IN.ADM2.00018,bajra,2023,3.3717,0.9485579617691463,0.5893220908839135,2.7486364594239143
IN.ADM2.00514,ragi,2004,2.0,1.2257102523057781,0.22877128213847153,2.7478586658356106
IN.ADM2.00401,rapeseed_mustard,2014,0.9722073757349012,1.252379762631273,0.14323315196073838,-2.7478530835768846
IN.ADM2.00222,rice,2017,2.2666666666666666,0.952868367405,0.3381233079173047,2.7472807437512596
IN.ADM2.00237,rapeseed_mustard,2013,0.3967136150234742,0.7246914146993171,0.14679130109051688,-2.746289775282167
IN.ADM2.00388,groundnut,2007,0.5,0.8955166660362677,0.1309817839649208,-2.745814324712059
IN.ADM2.00329,maize,2013,7.0,3.812417663817664,1.128322059756825,2.7454569115224667
IN.ADM2.00210,arhartur,1999,1.0774410774410774,0.5629952957687596,0.16679659910565764,2.745263350773744
IN.ADM2.00145,rice,2021,2.006735751295337,1.3943666491905091,0.23095184444204664,2.7449020252463274
IN.ADM2.00374,rice,2014,5.3228275428477705,3.8426477907551733,0.4720161651385152,2.7440275895469206
IN.ADM2.00457,maize,2023,6.491418600411491,2.5327662888030864,1.0303385194583445,2.74363278019747
IN.ADM2.00482,wheat,2014,2.0735231120016584,2.7184863090523375,0.32176973223378275,-2.7435263654886435
IN.ADM2.00573,maize,2013,3.541935483870968,1.856901037799532,0.5289595983526567,2.7432445693987626
IN.ADM2.00288,groundnut,2011,0.8333333333333334,0.6877743305294917,0.08719994016612637,2.7432141594431614
IN.ADM2.00397,rapeseed_mustard,2018,1.7319445182547697,0.891627570413517,0.24978838849019364,2.7430107019019925
IN.ADM2.00489,wheat,2023,3.780193269335612,3.5725610735866153,0.4193209723848592,-2.7428511451638187
IN.ADM2.00289,sugarcane,2004,2.523809523809524,2.828745886948234,0.09147824655336055,-2.7426558284546645
IN.ADM2.00090,barley,2010,2.636363636363636,1.3540568025187094,0.42624981301200215,2.7424828796869916
IN.ADM2.00339,jowar,2009,0.1455882352941176,0.5713687934525581,0.1473419243359303,-2.741899991095345
IN.ADM2.00167,bajra,2022,0.1675,0.6188936502022466,0.12790546745797043,-2.741726552139663
IN.ADM2.00536,sesamum,2016,1.3982300884955752,0.5171579755530618,0.3307976931359423,2.741600439580504
IN.ADM2.00480,arhartur,2009,2.441864494888234,1.4497709496082671,0.35834289683937265,2.7410857191212865
IN.ADM2.00401,cottonlint,2019,0.3938787878787878,0.10008938506159486,0.10475803676093216,2.7409037687322497
IN.ADM2.00436,rapeseed_mustard,2022,1.3190266982088543,0.7975340622172803,0.11349625766541441,2.740760214904293
IN.ADM2.00217,maize,2022,3.2721342031686858,1.457338888389732,0.36224802522106414,2.740646958335389
IN.ADM2.00008,cottonlint,2019,0.1434174715716726,0.5007946885325817,0.16070960766350267,-2.7406354826322423
IN.ADM2.00081,rapeseed_mustard,2012,0.110738255033557,0.7665986374532233,0.24489389668171874,-2.74044263334631
IN.ADM2.00240,soyabean,2017,0.0880645161290322,0.8947770886464691,0.2939642657210412,-2.7403854188266252
IN.ADM2.00402,rapeseed_mustard,1999,1.0228174603174602,0.5470563142989333,0.1773114128902449,2.7403264303628903
IN.ADM2.00492,groundnut,2022,2.882024649251996,3.0192550457548775,0.5865494342546441,-2.7402192918854356
IN.ADM2.00245,groundnut,2017,1.047096601552047,1.2360553800290315,0.10703936658866296,-2.739096759247815
IN.ADM2.00364,cottonlint,2016,0.17,0.38903304879687506,0.08326601594525013,-2.7389788982183942
IN.ADM2.00143,sesamum,2015,1.0,0.3064499484004128,0.17642936474763832,2.7389773349000293
IN.ADM2.00219,arhartur,2002,0.2423146473779385,0.6218208616733198,0.12872750441386308,-2.7386347810555267
IN.ADM2.00005,potato,2018,6.066906474820144,12.59478271304831,3.605782651537428,-2.7380471469264864
IN.ADM2.00376,jowar,2014,2.035799522673031,1.0081294712212092,0.38188286291537304,2.7369852353927064
IN.ADM2.00394,jowar,2015,0.7982089552238806,1.191940830949751,0.1877182064306806,-2.7361648612668135
IN.ADM2.00210,ragi,2015,0.1372549019607843,0.2639006371369936,0.042330568069261415,-2.7360757877039537
IN.ADM2.00211,groundnut,2014,2.0,0.9641637293757843,0.31306263761213854,2.735667785953755
IN.ADM2.00237,jowar,2015,0.6666666666666666,1.3885805483979698,0.3459621079930353,-2.7352628404780974
IN.ADM2.00393,maize,1998,0.4528038830940824,1.1841567106120245,0.14643639317915302,-2.735200434555136
IN.ADM2.00129,rice,2004,1.2267788293024886,2.2910916743334644,0.4046682514706982,-2.7346588429037926
IN.ADM2.00402,barley,2005,0.6174531129570952,1.161104874376187,0.16729924895040776,-2.73435327960204
IN.ADM2.00207,rapeseed_mustard,2020,1.667143879742305,0.9120984712461933,0.16782518327136076,2.7341809281353577
IN.ADM2.00274,maize,2014,3.827586206896552,2.180208399335174,0.5403470342492386,2.734132246847262
IN.ADM2.00142,wheat,2011,5.509540008874427,4.428710419624393,0.3812926873917573,2.7340753904754704
IN.ADM2.00357,bajra,2017,0.0008428657435279,0.6786417304438388,0.295805907082703,-2.734024633342522
IN.ADM2.00181,soyabean,2003,0.4,0.9723378484863363,0.18309117771993288,-2.7339410796210832
IN.ADM2.00395,bajra,2020,2.21553365902128,1.0128383052745857,0.31806873236853256,2.733721317936345
IN.ADM2.00419,rapeseed_mustard,2016,1.93976236529428,0.9933154468759071,0.3359042487450679,2.732348370337431
IN.ADM2.00398,arhartur,2022,1.250994530084535,0.7089427387663186,0.15971762194037928,2.7322596103916337
IN.ADM2.00361,maize,2005,1.9875776397515528,1.508678996770533,0.19694354970773836,2.7320463793995744
IN.ADM2.00466,maize,2022,8.261224489795918,2.8464438287545093,1.6965643307001077,2.7319804274540274
IN.ADM2.00333,jowar,2009,0.0237839736210563,0.4585141018784802,0.1511642314421607,-2.731525396006565
IN.ADM2.00344,groundnut,2009,1.0833333333333333,1.6781813124475875,0.200277848668422,-2.7313754868929507
IN.ADM2.00442,bajra,2020,2.6969627768897007,1.2383430621756963,0.40395169779493245,2.7310175828725396
IN.ADM2.00488,rapeseed_mustard,2014,1.0487876594589705,1.5132751297764027,0.2162013314083008,-2.7308939053565866
IN.ADM2.00171,rice,2016,1.767200346170489,2.614343596466657,0.31434442805996776,-2.730739763699115
IN.ADM2.00555,rapeseed_mustard,2016,1.9402390438247008,0.9931308585334316,0.3364418227842666,2.7303376430970934
IN.ADM2.00338,wheat,2014,2.0540867486737016,2.8956485428216747,0.4161676396188276,-2.7296253233485097
IN.ADM2.00497,sesamum,2016,0.8722222222222222,0.6201869643959489,0.08247426738126788,2.7293619445496575
IN.ADM2.00319,groundnut,1999,2.858139534883721,2.450945678132179,0.3842095394607931,2.7293221234278304
IN.ADM2.00376,groundnut,2014,3.344181291531777,1.9280529463765235,0.40769374580934753,2.729206689315231
IN.ADM2.00211,rice,2022,2.0101180438448565,0.7926682119476127,0.3176452460467644,2.729091285343881
IN.ADM2.00213,sesamum,2019,0.2797927461139896,0.39120144295069653,0.10447186545325841,-2.7288304993807775
IN.ADM2.00284,groundnut,2009,0.6473684210526316,0.8856918628599947,0.06102255190361983,-2.7286843828815446
IN.ADM2.00552,cottonlint,2002,0.0666656232551056,0.43738595034541017,0.08272371519632012,-2.7282580108675973
IN.ADM2.00229,wheat,2016,3.064935064935065,1.7417530098438772,0.30028409655002986,2.727690613794092
IN.ADM2.00412,rapeseed_mustard,2016,1.938730853391685,0.9931730168114311,0.3362697042024652,2.7275442412243973
IN.ADM2.00398,bajra,2020,2.727272727272727,1.9599326367534287,0.22349571309449157,2.727228537160277
IN.ADM2.00239,barley,2011,3.3823529411764706,1.8225287784342563,0.5136775910555423,2.7268353933230123
IN.ADM2.00277,wheat,2003,0.4318181818181818,1.1657367873237905,0.2443141634376659,-2.7265752633425184
IN.ADM2.00373,potato,2014,38.0559670781893,23.689440531909714,4.748626771926984,2.7256155951572816
IN.ADM2.00533,cottonlint,2014,0.658877901977644,0.2643883799653661,0.14128026298098667,2.7250203864290405
IN.ADM2.00062,arhartur,2012,2.746463547334059,1.5908442612260325,0.4156939983933185,2.7249398370445603
IN.ADM2.00464,sugarcane,2007,110.420581655481,77.93991557279752,12.535990194861599,2.724867403079962
IN.ADM2.00030,groundnut,2016,1.7567567567567568,0.6626483784265578,0.40494107911607563,2.723911056875927
IN.ADM2.00053,sesamum,2019,1.0680851063829788,0.615199961982678,0.10485091366322585,2.7238931656443324
IN.ADM2.00218,sesamum,2022,0.3235294117647059,0.43076806958640645,0.09356561888360904,-2.72379729177988
IN.ADM2.00299,rice,2023,1.6919961748160897,1.7843531540256488,0.20946639032206874,-2.7234169022780943
IN.ADM2.00007,maize,2020,5.8396768681062605,5.227611465208643,0.5197319611663559,-2.7230939858136884
IN.ADM2.00221,jowar,2012,2.564437194127243,1.5444469224742225,0.35239273102340435,2.7230040130795032
IN.ADM2.00178,sugarcane,2003,65.5576923076923,87.55244772020228,7.9608891588805575,-2.7228100035422247
IN.ADM2.00401,rice,1997,2.625461062371059,2.4765640478581323,0.16497318191343893,2.7227037423430365
IN.ADM2.00334,barley,2007,2.038946631850221,3.017820920052216,0.2880438882197853,-2.722693959112188
IN.ADM2.00448,wheat,2015,2.222000243942446,2.822812831532633,0.3062739892489945,-2.721923161844798
IN.ADM2.00340,rice,2009,0.8675335454419698,1.9633027557420122,0.373997114812936,-2.7217199606728615
IN.ADM2.00181,groundnut,2020,1.284931506849315,0.8304729889252113,0.19775898524417806,2.721602259164156
IN.ADM2.00363,maize,2005,1.8243243243243243,1.6532169407750874,0.08953683964470914,2.7212866286590454
IN.ADM2.00230,groundnut,2016,1.8539761178861789,1.3001590040403288,0.1373712182918815,2.721025559962664
IN.ADM2.00459,rice,2008,1.6150079881227104,2.2208207869840386,0.17299941699934063,-2.720406025292136
IN.ADM2.00451,rice,2018,2.3996064580443157,2.7508520266017116,0.16445371245664336,-2.7201954079374944
IN.ADM2.00422,jowar,2017,2.5431866723622383,1.3595417484037517,0.3611231213940038,2.7196642943523135
IN.ADM2.00577,ragi,1997,2.416107382550336,2.4426627148908753,0.4064413185233967,2.719595874380516
IN.ADM2.00329,maize,2014,7.0,3.812417663817664,1.128322059756825,2.718921125330647
IN.ADM2.00153,sesamum,2002,0.0224719101123595,0.4125934619224556,0.13699499694166198,-2.7186638256780786
IN.ADM2.00147,rice,2021,2.553397758498256,1.5825726052181526,0.24510336421886628,2.71853217069326
IN.ADM2.00578,bajra,2016,0.6224489795918368,2.042432251344702,0.6530673057744644,-2.718496506009425
IN.ADM2.00256,bajra,2012,1.105263157894737,0.510071781309465,0.2191818769409713,2.718103720861848
IN.ADM2.00237,jowar,2013,0.5829081632653061,1.3885805483979698,0.3459621079930353,-2.717934748613922
IN.ADM2.00552,rapeseed_mustard,2010,2.0550429849807053,1.282673855026587,0.2776816448798409,2.7160816651158175
IN.ADM2.00018,arhartur,2008,1.3680742737346512,0.7028451984767673,0.2707438504636513,2.715717046250649
IN.ADM2.00554,rapeseed_mustard,2021,1.102001668056714,0.739940155023829,0.10991283054100594,2.7154194812817645
IN.ADM2.00235,arhartur,2017,1.4208333333333334,0.8000250715439623,0.21757129520262367,2.7144718860598664
IN.ADM2.00572,sugarcane,2021,94.21641791044776,59.89969610461754,6.65216939637327,2.714400185631324
IN.ADM2.00124,maize,2018,0.975,1.8156769921987694,0.39105205235376167,-2.714207622029151
IN.ADM2.00374,bajra,2015,4.760202098717451,2.1750750464565924,0.7720814059810925,2.714186236217361
IN.ADM2.00012,sugarcane,2003,75.44202236932207,96.4740397153197,8.716820429286042,-2.712895449641848
IN.ADM2.00010,sesamum,2015,0.1853772795716914,0.39366404670742583,0.12121343597542539,-2.7117289797517343
IN.ADM2.00527,groundnut,2020,1.8758960573476704,0.9554529958402406,0.2211612876653027,2.711711118178207
IN.ADM2.00226,rapeseed_mustard,2018,0.6103096052363373,1.09772647446275,0.273197676094888,-2.7116464024070366
IN.ADM2.00126,maize,2006,0.3,1.690026654907362,0.45713495922465897,-2.7115775489650598
IN.ADM2.00133,barley,2012,7.092198581560283,3.755031937685539,1.210069086151952,2.7114650138432905
IN.ADM2.00016,rice,2002,2.260306224747091,3.088506881824784,0.1994925788787201,-2.7113156744983633
IN.ADM2.00277,maize,2003,0.3310810810810811,1.7365115193068048,0.44148723180349364,-2.7107197734553385
IN.ADM2.00441,maize,2019,2.5539660056657225,1.529043264430853,0.3099645201234334,2.710420985879962
IN.ADM2.00299,soyabean,2004,1.536388140161725,1.2348445581984107,0.11645145512579815,2.7099922588212464
IN.ADM2.00226,arhartur,2015,1.0,0.5411392777564142,0.16466434606221422,2.709926117197855
IN.ADM2.00423,groundnut,2020,1.3259668508287292,0.8060191853661091,0.17482075654459203,2.70959740696517
IN.ADM2.00018,sesamum,2016,1.0965073529411764,0.4595499353896889,0.15422679004564202,2.7094313242351333
IN.ADM2.00574,sugarcane,2007,26.424126008451783,41.60562169498883,5.687054139461098,-2.7093275252760085
IN.ADM2.00294,sugarcane,2005,38.47426160337552,17.33680566549701,9.70125241112259,2.7093093674052957
IN.ADM2.00343,cottonlint,2001,0.0,0.4254453834855211,0.08058364635570736,-2.7091340332024716
IN.ADM2.00021,sugarcane,2002,47.54084592145015,65.32174958855852,5.930434701306034,-2.709014828777174
IN.ADM2.00334,rice,2002,0.8076923076923077,1.8360327962985896,0.19084704821760964,-2.708840086184681
IN.ADM2.00351,wheat,1999,1.2373033707865169,2.211653568310855,0.3019367278081142,-2.708513315511195
IN.ADM2.00298,sesamum,1999,0.1862068965517241,0.615755513432826,0.17918790839686796,-2.7083633233456843
IN.ADM2.00302,rice,2021,1.558227344992051,1.8966319923919495,0.2932853802979495,-2.708216225604168
IN.ADM2.00384,bajra,2019,4.170317499384691,1.6616468433489882,0.5984063321397617,2.70746337981806
IN.ADM2.00249,maize,2012,4.808292348331168,2.3406329510643245,0.8201109909351716,2.706840469075795
IN.ADM2.00444,sugarcane,2008,44.29199882136515,60.7856271980193,5.4020167224899085,-2.7065723678445472
IN.ADM2.00427,bajra,2003,0.9583597931597568,2.05614615649778,0.25099422962745926,-2.706022976221443
IN.ADM2.00391,sesamum,2002,0.1015625,0.22325696751508534,0.02545342048642649,-2.7059300552047802
IN.ADM2.00468,wheat,2017,3.749939657253198,1.6647793445844083,0.6061845025913468,2.7057549686639795
IN.ADM2.00344,jowar,2009,0.14568345323741,0.5780920466952241,0.15115082962979837,-2.7055463848262375
IN.ADM2.00457,maize,2022,6.351032448377581,2.5327662888030864,1.0303385194583445,2.705304719293651
IN.ADM2.00071,ragi,2009,0.2771084337349397,0.7524481448811255,0.18022723649796574,-2.7052086965105104
IN.ADM2.00286,maize,1997,4.0,2.2466305536253155,0.5411612306788107,2.7048061621374146
IN.ADM2.00160,wheat,1998,0.1700466265940115,1.8898211356478427,0.4042848949516681,-2.704157678047773
IN.ADM2.00295,sesamum,2018,0.8529411764705882,0.5047839598666046,0.11308451136254649,2.703680502309644
IN.ADM2.00470,arhartur,2009,2.836,1.4496467219049778,0.5167521827774473,2.7035516034639637
IN.ADM2.00296,maize,2015,4.0,1.9667170438278556,0.7410515345494904,2.7035411132386296
IN.ADM2.00427,arhartur,2020,1.8543814432989687,1.0008219500907913,0.20450917931628218,2.703170840447294
IN.ADM2.00134,maize,1997,2.0,1.4666666666666666,0.7500899690863521,2.702848476346415
IN.ADM2.00025,cottonlint,2019,0.0799938220757825,0.4287778150222539,0.1402001124976961,-2.701818528477294
IN.ADM2.00335,jowar,2022,2.150720988784619,0.8577523725994938,0.293573090075865,2.701163921318086
IN.ADM2.00147,sugarcane,2014,25.33333333333333,10.227673139818839,4.918795692907441,2.700954323774784
IN.ADM2.00238,barley,2016,4.285714285714286,1.4755690912070039,0.898738655166843,2.7009533086401696
IN.ADM2.00524,groundnut,2013,2.196329254727475,1.4380242818185498,0.21861944461204844,2.700932699707689
IN.ADM2.00312,sugarcane,2008,9.6,45.90848444641014,14.370503801380181,-2.700892588934831
IN.ADM2.00079,sugarcane,2011,3.1578947368421053,41.00160049650634,13.572825966011397,-2.7004162107729877
IN.ADM2.00236,bajra,2014,1.5,0.6153474896680579,0.3087522528925817,2.7003241162877987
IN.ADM2.00303,jowar,2003,1.7407407407407407,0.9700723002412658,0.2836305904746235,2.700103168177778
IN.ADM2.00485,wheat,2005,0.8030348000296802,1.9615425604520829,0.3287693635223031,-2.699628727210595
IN.ADM2.00523,sugarcane,2017,79.2,52.6460593675681,11.361833138758595,2.699215201919198
IN.ADM2.00477,potato,2005,14.20038215033597,7.555849719546718,2.2400134697446394,2.6990110118593105
IN.ADM2.00011,jowar,2020,2.4823695345557124,1.0940935899372253,0.34357720789218693,2.698668058851336
IN.ADM2.00154,cottonlint,2011,0.4108333333333333,0.12221677519304355,0.1044325562080644,2.6985657010469515
IN.ADM2.00515,groundnut,2022,1.3893805309734513,1.8297536924989737,0.42030291302073086,-2.698458822976433
IN.ADM2.00514,rice,2017,2.286956256082818,2.4779955087707055,0.16031761241758832,-2.697386291527934
IN.ADM2.00253,soyabean,2010,2.1298701298701297,1.0521385519643527,0.3995734269554239,2.69720533249081
IN.ADM2.00526,wheat,2017,2.6,1.0841343608456155,0.5353958018036237,2.696636542849306
IN.ADM2.00368,cottonlint,2017,0.0005628042843232,0.43474959315599865,0.17500864642177516,-2.6962919551728977
IN.ADM2.00458,rapeseed_mustard,2006,0.3993342516069789,0.6421805755503769,0.07115258327098846,-2.696189722781408
IN.ADM2.00427,barley,2017,4.477885652642934,3.1266377919962873,0.4393396310810728,2.6959148388971945
IN.ADM2.00018,sugarcane,2002,51.35100508062735,78.98628459079126,8.94276373222359,-2.695733948993038
IN.ADM2.00494,groundnut,2002,0.2990949665261592,1.1814286296230943,0.2539769843491175,-2.6957337747223247
IN.ADM2.00079,maize,2015,1.1759383378016086,2.0600239319005293,0.4481250088559828,-2.6951618826492623
IN.ADM2.00310,potato,2011,20.77720588235294,11.134342939366421,3.4955210570613806,2.6949463988882862
IN.ADM2.00514,sesamum,2019,0.3780487804878049,0.5368178015062199,0.08420500767364857,-2.6940417679433923
IN.ADM2.00301,rice,2023,1.6755144748232824,1.7934933667729391,0.23092868040968803,-2.6937025863726127
IN.ADM2.00132,cottonlint,2020,0.000449496849431,0.4800202764685527,0.18181758212798024,-2.6931512020503723
IN.ADM2.00255,wheat,2015,0.275,1.199758301216059,0.39752336040858877,-2.693036661453045
IN.ADM2.00410,arhartur,2015,0.4851889683350358,0.9776878379060829,0.238011959537125,-2.692659780791145
IN.ADM2.00460,potato,2019,20.5303711313728,27.519117454343334,5.988335118400354,-2.6924523232401256
IN.ADM2.00172,rice,2015,0.6662910338069574,1.8422624816857318,0.5378011312962371,-2.6921134255505703
IN.ADM2.00280,rice,2009,1.5,0.7038307853186293,0.29323683159089525,2.692074039194474
IN.ADM2.00351,cottonlint,2016,0.8373797661914862,0.47798393641557946,0.10327981576363177,2.691961402522157
IN.ADM2.00572,bajra,2015,0.5217391304347826,1.5236865978531158,0.42082030702524814,-2.6916896142934768
IN.ADM2.00247,rapeseed_mustard,2020,1.688699360341151,0.8561245130828473,0.223161405352237,2.6909542510552944
IN.ADM2.00198,rice,2016,2.410504201680672,2.490764086922875,0.16210964611768516,-2.6904029031983043
IN.ADM2.00410,sesamum,2015,0.3030432918988427,0.16674309862817693,0.05700560759474804,2.6901732496915844
IN.ADM2.00494,soyabean,2002,0.5024875621890548,1.2030751241677091,0.2437355686339054,-2.6899933207533677
IN.ADM2.00062,maize,2009,0.8815477543597571,2.4682991910267638,0.548627049498541,-2.689895117088656
IN.ADM2.00236,potato,2010,6.352198316183349,10.758564798854465,1.7258021553092384,-2.6895815667506624
IN.ADM2.00573,wheat,2015,1.7524874346086778,2.517066898133383,0.379841147199009,-2.689054607320862
IN.ADM2.00532,rice,2022,4.02282488648914,2.0695149873540606,0.5718970466730064,2.6890077599395594
IN.ADM2.00520,rice,2012,0.7579365079365079,1.9456426557187074,0.4800749614864154,-2.6879246108391994
IN.ADM2.00508,sugarcane,2007,23.454998856097003,45.08119462521027,7.916904860512309,-2.6870932068897084
IN.ADM2.00570,sugarcane,2016,52.54255319148936,49.42056645388117,1.21662069199809,2.686572291935087
IN.ADM2.00129,sugarcane,2010,8.595988538681949,59.449610009918686,19.33999635918726,-2.6862416713437454
IN.ADM2.00291,potato,2006,8.554385964912282,5.653907570271107,0.9569584181841636,2.685954357115497
IN.ADM2.00419,maize,2022,2.652860069771305,1.6156405094656965,0.29276278985261434,2.6852131017862857
IN.ADM2.00241,soyabean,2014,1.2093023255813953,0.6366677224136209,0.1827695039741082,2.6848172906190397
IN.ADM2.00417,sesamum,2007,0.35,0.24544846991695862,0.04168430922777708,2.684234669307212
IN.ADM2.00249,sesamum,2014,0.6,0.3533208414019205,0.06904381890509766,2.684176804584504
IN.ADM2.00240,rapeseed_mustard,2017,0.4571428571428571,0.789956333031628,0.1644999150035536,-2.6835244522110346
IN.ADM2.00045,sesamum,2007,0.6356589147286822,0.5144855078567324,0.05305639507595023,2.6834216499196795
IN.ADM2.00403,rice,2020,2.862629246676514,2.129900134981755,0.20746644578042073,2.683291334946215
IN.ADM2.00538,ragi,1998,0.3709677419354839,0.8996228589373177,0.27748702064045694,-2.682100392110233
IN.ADM2.00427,sesamum,2015,0.3037383177570093,0.1656283160005913,0.057652994058572576,2.6819884880817852
IN.ADM2.00238,arhartur,2017,1.5370666666666666,0.5577827007528426,0.32541376316758686,2.6818448044398706
IN.ADM2.00058,cottonlint,2011,0.17,0.08517770450317295,0.03176243429311372,2.6812879742220987
IN.ADM2.00419,sugarcane,1997,55.84798179262334,54.81578084461293,4.536156175584637,2.6811083228390173
IN.ADM2.00207,soyabean,2014,2.0638297872340425,0.9258994290509643,0.41181444619840823,2.6810413376218487
IN.ADM2.00174,bajra,2017,1.450655021834061,0.8380474981799103,0.20494867136893677,2.68070302528954
IN.ADM2.00488,maize,2019,0.3899707887049659,1.584055098197207,0.5316473792043315,-2.6802302651746017
IN.ADM2.00270,bajra,2014,0.0952380952380952,0.586483394892768,0.17884744444313805,-2.6801340892661
IN.ADM2.00520,wheat,2012,2.275,1.3616788137819618,0.2776255218183549,2.679473227291289
IN.ADM2.00287,soyabean,2006,1.25,0.8804095476376981,0.12626441027095817,2.67797192777997
IN.ADM2.00235,potato,2010,11.22429906542056,19.662140558667744,3.2643071415206717,-2.676943481839757
IN.ADM2.00349,jowar,2003,1.985441808280656,1.0234685735425377,0.3574727144593019,2.6766527294983176
IN.ADM2.00558,groundnut,1998,0.9773049645390072,1.185901766650902,0.1000264364267578,2.6763954972848754
IN.ADM2.00458,rapeseed_mustard,2021,1.000186532363365,0.6421805755503769,0.07115258327098846,2.6761725140567902
IN.ADM2.00170,ragi,2016,0.49443541327998,2.131039295959327,0.59438829040432,-2.6760860014929095
IN.ADM2.00509,rice,2012,0.6941176470588235,1.9496214614094134,0.5065097654127895,-2.6751223188875355
IN.ADM2.00479,wheat,2011,2.725651942522618,1.6462853156237902,0.38524647374373355,2.675064654321293
IN.ADM2.00553,jowar,2020,2.2777777777777777,1.297135194556476,0.27899829337896986,2.674896406959639
IN.ADM2.00174,arhartur,2017,1.6511057447890187,0.746082248413672,0.2741889653324524,2.67399503461203
IN.ADM2.00459,sesamum,2003,0.7875,0.6937710521426518,0.06078733860977381,2.6739155761528046
IN.ADM2.00560,rice,2022,2.58553127354936,3.1920930196131767,0.4360674149991396,-2.6736537749540807
IN.ADM2.00429,arhartur,2008,0.203913491246138,0.9391086867724416,0.2594889181989883,-2.673568629861488
IN.ADM2.00130,arhartur,2014,0.6363636363636364,0.9312958488001971,0.132417712611959,-2.6732387695886044
IN.ADM2.00215,jowar,2015,0.535,1.4313114448225956,0.39018443819801907,-2.6722094744268383
IN.ADM2.00143,sugarcane,2011,6.640157510713045,59.602358270736985,20.52482248266755,-2.6720843380939368
IN.ADM2.00369,rice,2016,1.148777665268335,3.221775290569082,0.7673047093714531,-2.671949989917685
IN.ADM2.00190,rice,2007,1.8680065996700168,2.785950648491843,0.3082593336343072,-2.6717048964883605
IN.ADM2.00350,rapeseed_mustard,2022,0.820295421727064,1.173933835203926,0.23412162304512923,-2.6711260275562574
IN.ADM2.00360,barley,1999,1.4705882352941178,1.0773720620950533,0.1358765126534965,2.671086436779559
IN.ADM2.00076,wheat,2005,0.4576930819298128,2.2278833032734053,0.5472405935462149,-2.6710177456834003
IN.ADM2.00280,groundnut,2019,2.1318576698798046,1.1819663325456462,0.3128019949069787,2.671003610586431
IN.ADM2.00235,rice,2022,2.081081081081081,0.8679863492534039,0.28484078936481266,2.6709911989167243
IN.ADM2.00243,bajra,2002,0.301874595992243,1.4266233440277063,0.36173570296101426,-2.670807998566508
IN.ADM2.00027,maize,2003,1.69609375,1.3855573511987862,0.10772671676510151,2.670117367205259
IN.ADM2.00007,cottonlint,2019,0.0859436274509804,0.3644027637565752,0.11836692917179839,-2.669988523316523
IN.ADM2.00258,groundnut,2000,0.2930056710775047,0.8727078255739287,0.20161801096424195,-2.6698570458770314
IN.ADM2.00143,wheat,2015,3.333333333333333,4.182185842785527,0.4152003715154215,-2.6698429638551233
IN.ADM2.00244,barley,2016,3.7058823529411766,1.5036431903360161,0.6629801524864621,2.6696035193587924
IN.ADM2.00383,cottonlint,2017,0.0003827751196172,0.3553699641772612,0.1407847761785564,-2.669463497595062
IN.ADM2.00238,groundnut,2012,2.0,1.2163429868016384,0.2550468698112427,2.6692922370875674
IN.ADM2.00021,arhartur,2013,0.9607993850883936,0.5435110474603464,0.15415066586685736,2.6692534990987933
IN.ADM2.00116,wheat,2013,3.292488474470519,2.7999053802440272,0.17425898060816652,2.6687413613139954
IN.ADM2.00252,rapeseed_mustard,2004,1.0,0.37400753900753897,0.24206943249689702,2.668675611569014
IN.ADM2.00452,potato,2008,8.908148414338335,27.019133444394942,6.665718804499548,-2.6682805423926297
IN.ADM2.00558,maize,2022,2.3467336683417086,1.2744224689450279,0.21297501144837994,2.668163638590669
IN.ADM2.00511,rice,1998,2.5595238095238093,4.016127947625148,0.3215981366655584,-2.667884926082059
IN.ADM2.00008,bajra,2018,0.8041759880686055,1.6740895530080588,0.44357949568365607,-2.6677688214089894
IN.ADM2.00480,wheat,2007,0.2795680621858405,1.3240581762889538,0.33636361504370554,-2.667368593147107
IN.ADM2.00350,sugarcane,2015,86.5,63.82152135506007,5.133691371765587,2.667364158087687
IN.ADM2.00058,cottonlint,2009,0.17,0.08517770450317295,0.03176243429311372,2.66693401120769
IN.ADM2.00170,sugarcane,2003,65.6,89.39487399058011,8.68118059245344,-2.6668585317877054
IN.ADM2.00110,jowar,1999,1.3333333333333333,0.8748338557728131,0.24920385936129852,2.6663274425079706
IN.ADM2.00267,wheat,2015,0.452914798206278,1.24352579583021,0.31313710158277974,-2.666115496524194
IN.ADM2.00517,groundnut,2019,2.9084337349397598,1.6014130722547006,0.3930394619086709,2.665327065122444
IN.ADM2.00495,sesamum,2007,0.5783384219829664,0.34449194749003303,0.0971155390990866,2.6647666540742505
IN.ADM2.00546,sugarcane,2010,81.84444444444445,53.16111096396591,10.609879066414022,2.664138451802939
IN.ADM2.00452,wheat,2019,3.4856935892792467,2.51068793472437,0.26368384597024597,2.664084633863146
IN.ADM2.00343,groundnut,2002,0.6861313868613139,1.6568733126791177,0.20707551369484753,-2.6640017913706355
IN.ADM2.00452,sugarcane,2010,95.06370494551552,68.08082778002813,10.08156844773365,2.663833220728335
IN.ADM2.00391,wheat,2015,0.6718687233871615,1.1623436230941648,0.22484860965442546,-2.663374245840733
IN.ADM2.00568,cottonlint,2017,0.0004570933782983,0.2997859688853068,0.12138978781811431,-2.6633308710004977
IN.ADM2.00172,maize,2015,2.147358630101477,3.165541624442378,0.5040113936786624,-2.663285511211972
IN.ADM2.00018,bajra,2022,3.2569879015435963,0.9485579617691463,0.5893220908839135,2.663034186904204
IN.ADM2.00043,potato,2007,4.231391585760518,6.92588650398839,0.9501603900210246,-2.6629642398217754
IN.ADM2.00084,barley,2014,0.9803921568627452,1.546655719774076,0.2513730767419656,-2.6629042283711706
IN.ADM2.00388,cottonlint,2020,0.3658810325476992,0.08696201879145932,0.09258933079659165,2.6620345611465024
IN.ADM2.00159,maize,1998,0.0116907199870998,1.2150758022701118,0.3489729924731336,-2.661707171130875
IN.ADM2.00137,barley,2012,5.891016200294551,3.492617654097218,0.8911833839340922,2.661675827284229
IN.ADM2.00444,groundnut,2021,2.223899913718723,0.8249418795484147,0.360656230190623,2.6615268281980256
IN.ADM2.00183,groundnut,2000,1.4160244292569435,0.7631643514699614,0.27671262972574945,2.6611840861707377
IN.ADM2.00280,sugarcane,2021,98.62307884439264,71.01780455195194,11.334934143836756,2.660741271326681
IN.ADM2.00247,arhartur,2016,1.4285714285714286,0.6755151614180631,0.24458958003188216,2.6607221966001378
IN.ADM2.00060,arhartur,2010,0.5737704918032787,1.2642471168691825,0.27410836825510093,-2.659833351836938
IN.ADM2.00509,sesamum,2015,0.1870483602001111,0.274773629491953,0.03919975603609822,-2.6598176017976876
IN.ADM2.00219,cottonlint,2021,0.8863636363636364,0.22567733811382087,0.22733070397331767,2.659790435112117
IN.ADM2.00058,cottonlint,2008,0.17,0.08517770450317295,0.03176243429311372,2.6597570297004847
IN.ADM2.00165,potato,2003,20.486552567237165,10.745634957460513,3.8800425012133575,2.659426904822315
IN.ADM2.00536,rice,2001,1.4,1.3702394575530041,0.17716378937461755,2.6593109293839445
IN.ADM2.00403,wheat,2014,1.5628818872535997,2.135170439932123,0.28834921192046453,-2.659016117724596
IN.ADM2.00301,potato,2007,15.23076923076923,10.200424712367273,1.8594567895321,2.658982490119007
IN.ADM2.00439,barley,2015,1.5696040868454662,2.1603576139284852,0.32725576311901183,-2.658364370857833
IN.ADM2.00521,rice,2012,0.75177304964539,1.846138303884814,0.4395733553470711,-2.6568015128199525
IN.ADM2.00441,barley,2014,1.7142857142857142,2.5746419048597438,0.3868401742922324,-2.6567386239740465
IN.ADM2.00566,arhartur,2017,1.7008513931888545,0.6596785096231289,0.2848094680979484,2.656038878774355
IN.ADM2.00075,wheat,2011,3.4124110046585217,2.4382281312349363,0.35178861488820456,2.6557531294697054
IN.ADM2.00140,rice,2008,1.119913725164876,2.027358288850347,0.2987755632954721,-2.655615294768466
IN.ADM2.00457,arhartur,2019,3.2666666666666666,1.5150218520701002,0.6134213332615398,2.65498894080178
IN.ADM2.00414,maize,2023,2.469131143807528,1.1288493342132742,0.5041376310744056,2.6544220851083598
IN.ADM2.00117,sugarcane,2012,7.333333333333333,61.15639568242184,20.194232678739294,-2.6539406710354325
IN.ADM2.00113,rice,2017,1.272310300129624,2.308103820101264,0.33711066895115255,-2.6538981278745264
IN.ADM2.00424,sesamum,2009,0.3020128405344439,0.14987161643448915,0.056388546898965074,2.653851474997399
IN.ADM2.00213,wheat,2017,3.5,2.0240276862893496,0.3548489320771731,2.6535563970810605
IN.ADM2.00212,rice,2012,2.7530492179652746,1.3359646865094867,0.4936375975452346,2.653525658484007
IN.ADM2.00018,soyabean,2002,0.0,1.5792807861621387,0.494118725227273,-2.652686896772417
IN.ADM2.00174,potato,2006,23.64383561643836,13.752522223164753,3.6148069709878277,2.6522840825201297
IN.ADM2.00439,barley,2014,1.515780554967168,2.1603576139284852,0.32725576311901183,-2.652195572323803
IN.ADM2.00253,rice,2020,3.04,0.7963289701751239,0.641144356307681,2.6518722353346913
IN.ADM2.00134,potato,2011,33.333333333333336,21.83492870914445,4.125931804601767,2.6510660824901544
IN.ADM2.00027,rice,2009,0.7901463335758752,1.2893506354926032,0.18318914053941204,-2.651057422627711
IN.ADM2.00384,rice,2014,4.716256845270053,3.4752123648365876,0.38597289804860585,2.65102103664619
IN.ADM2.00400,maize,2020,3.0897848444696825,1.8429094124246144,0.2560172070447362,2.650921803804559
IN.ADM2.00120,cottonlint,2021,0.0057065459939559,0.44912520135277584,0.1997693382199268,-2.650857013870888
IN.ADM2.00532,sugarcane,2019,68.7,74.87437262922364,5.547931746240948,-2.650770350292663
IN.ADM2.00287,rapeseed_mustard,2007,0.4454545454545454,0.7921932845835028,0.09054402276593097,-2.6500284783480397
IN.ADM2.00542,wheat,2020,3.4060245739199364,1.6584462535926152,0.5174657833775071,2.649808554030421
IN.ADM2.00208,bajra,2016,3.6666666666666665,1.9371177914449054,0.43581881657205435,2.6496541287856656
IN.ADM2.00001,rapeseed_mustard,2018,4.0,0.9120756039029261,1.1213526025059875,2.649059349194529
IN.ADM2.00242,rapeseed_mustard,2020,1.6464488636363637,0.9372621367470427,0.2268204907849831,2.649058622483705
IN.ADM2.00522,sesamum,2002,0.4549999999999999,0.18123311520974994,0.11144803332605731,2.6485846987192097
IN.ADM2.00456,rapeseed_mustard,2013,1.1481184947958367,0.7123714407323654,0.1442239903784209,2.647754012964851
IN.ADM2.00080,sugarcane,2015,85.46031746031746,50.954317595174295,11.033664287263958,2.6476857036138246
IN.ADM2.00249,sesamum,2017,0.2666666666666666,0.3533208414019205,0.06904381890509766,-2.647456582244944
IN.ADM2.00412,sesamum,2016,0.4024390243902439,0.19289133454718924,0.06931058405158318,2.6467551170113586
IN.ADM2.00114,rapeseed_mustard,1999,0.5,1.541772873259256,0.2369615353670899,-2.6462946984009936
IN.ADM2.00549,potato,1997,5.31,8.632135573986263,1.1956027358724521,-2.646278950866715
IN.ADM2.00174,groundnut,2015,0.2516778523489933,0.7395661365309465,0.22387801013004094,-2.6461851443904694
IN.ADM2.00425,bajra,2020,2.43048128342246,1.1473990142077226,0.39411143335950544,2.645288639843042
IN.ADM2.00439,sesamum,2015,0.5069101678183613,0.24582164477797078,0.07914213228294725,2.6451060299923266
IN.ADM2.00539,potato,2008,4.449197860962567,11.955215770404827,2.767182481058035,-2.6437469138266794
IN.ADM2.00472,maize,2021,4.5895691609977325,2.0236574369407143,0.687530398883672,2.643665260033283
IN.ADM2.00240,rice,2013,2.9352955663385183,1.5616371809504304,0.4521795639561014,2.6433993276682957
IN.ADM2.00246,sesamum,2019,0.1239837398373983,0.37041272817924337,0.09636291569894598,-2.643307853866265
IN.ADM2.00409,rapeseed_mustard,2014,0.5419788322035914,0.8867531611930338,0.16477581289510237,-2.642685036250673
IN.ADM2.00302,groundnut,2003,1.608695652173913,1.0125630424177514,0.23214565611929958,2.6422479261374545
IN.ADM2.00188,rapeseed_mustard,2019,0.2857142857142857,0.23372555714296564,0.03201566839786622,2.6421400845904106
IN.ADM2.00154,maize,2010,0.8873856707317073,2.4331851621973883,0.5757407597075672,-2.6415431974495975
IN.ADM2.00558,rapeseed_mustard,2008,0.6349206349206349,0.8029144384854401,0.06207083003613513,-2.6414804884535803
IN.ADM2.00027,sesamum,2016,0.8296296296296296,0.972917317061212,0.06390992927274318,-2.6412770385976896
IN.ADM2.00391,arhartur,2006,1.0,0.6849118315392058,0.12081504870516806,2.641228933394565
IN.ADM2.00457,sesamum,2019,0.52668498119649,0.8885557784631211,0.1683651136311132,-2.641120457234077
IN.ADM2.00153,ragi,2019,0.9785714285714284,0.6727081187160355,0.11010982480746974,2.640973880456984
IN.ADM2.00523,potato,2022,9.80297619047619,14.473890344514784,2.0672166040019326,-2.640896007348458
IN.ADM2.00083,barley,2019,0.4645390070921986,1.40638660732774,0.35927977477786976,-2.6406404677262185
IN.ADM2.00392,jowar,2020,2.4,1.253148996455739,0.2940634473907754,2.6404636208691863
IN.ADM2.00279,wheat,1997,0.313953488372093,1.4324783008923487,0.24691742052507337,-2.6400451699178826
IN.ADM2.00273,rice,2002,1.8921319796954317,2.73637094241264,0.2353379624528724,-2.6397033202056845
IN.ADM2.00489,potato,1999,13.326732673267326,6.259692515804005,2.6242828345351734,2.6396784493706287
IN.ADM2.00436,groundnut,2020,0.4872521246458923,0.9464293239533855,0.2805566940806967,-2.6396435956751363
IN.ADM2.00120,bajra,2012,0.6422413793103449,1.5919032491064091,0.4031453015721522,-2.6396399394581134
IN.ADM2.00362,wheat,1998,0.6455696202531646,1.1509705843100249,0.2266255089450085,-2.639408725929726
IN.ADM2.00517,rice,2012,1.02,2.3212097554388444,0.5369073446535908,-2.6393655921300057
IN.ADM2.00186,rapeseed_mustard,2017,0.1663244353182751,0.23685244418788248,0.02016652160297838,-2.6393416726575127
IN.ADM2.00223,jowar,2017,2.4202586206896552,1.382213465377615,0.24575784260623276,2.639205807989826
IN.ADM2.00236,arhartur,2016,1.3658536585365857,0.5958520125617714,0.2556487493374779,2.6389923140335063
IN.ADM2.00480,rapeseed_mustard,2012,1.3285077951002229,0.8368797644547046,0.18337377154373313,2.638986552881062
IN.ADM2.00328,rice,2004,4.0285714285714285,3.8505645362763175,0.1696934606951563,2.6389592200024903
IN.ADM2.00267,maize,2021,2.7686284253008697,1.3663005815927798,0.44866330945312505,2.638952161368684
IN.ADM2.00300,sugarcane,2003,6.153846153846154,39.922582221062136,10.404076035247613,-2.638121065512488
IN.ADM2.00405,barley,2019,4.181021641987208,3.0290467994619643,0.2939726949901476,2.6378856468214145
IN.ADM2.00112,jowar,2002,0.2236286919831223,1.1103192703124498,0.23502494498682883,-2.63768319368083
IN.ADM2.00087,groundnut,1997,2.413793103448276,1.1099629553136456,0.28722568597565507,2.637425621379615
IN.ADM2.00223,soyabean,2013,0.2998889468077873,0.9113409340267946,0.2351271744151635,-2.6370684435059144
IN.ADM2.00033,potato,2004,0.86,5.343276354557707,1.5851342417495335,-2.6369917149775306
IN.ADM2.00013,rice,2002,2.127473609178236,3.325139461500037,0.3207884568590973,-2.6369174063008343
IN.ADM2.00453,potato,2006,8.537521920541815,24.996600498350084,5.494376039149834,-2.6364135361765055
IN.ADM2.00155,sesamum,2009,0.063953488372093,0.2765300788204968,0.08003459554848087,-2.63627574837807
IN.ADM2.00100,bajra,1997,0.0721649484536082,0.976400889335388,0.20301190935000887,-2.6357922907646625
IN.ADM2.00555,rice,2004,1.507199799918717,2.641809171553927,0.36315036346859336,-2.635443073989335
IN.ADM2.00316,groundnut,1999,1.326007326007326,1.0999564209705694,0.15218817876036037,2.635240191679022
IN.ADM2.00489,bajra,2020,2.3048458149779734,0.9580796647083442,0.3497932915211298,2.6350798013771084
IN.ADM2.00461,sesamum,2008,0.4785880080382596,0.8517311267369693,0.1422539979809138,-2.635056038333724
IN.ADM2.00570,rapeseed_mustard,2007,0.772256728778468,0.8431282921353113,0.025488027856414644,-2.63228330474814
IN.ADM2.00402,rice,2020,1.823048685726535,1.3741137933157237,0.10059413497893215,2.632254305591468
IN.ADM2.00333,wheat,1999,1.0588836071136032,2.491335234539125,0.2708665119031059,-2.6317162884358933
IN.ADM2.00373,rice,2023,3.2041245791245787,3.7761185456089588,0.38810264402819705,-2.631564122979165
IN.ADM2.00491,cottonlint,2011,0.8353030533191554,0.43303687560984905,0.14458687639314552,2.6314677224391487
IN.ADM2.00523,rice,2016,2.598012502003526,1.460752222997896,0.3564238029500784,2.631386182079724
IN.ADM2.00027,soyabean,2016,0.8120950323974082,1.424528002704775,0.20675826117945936,-2.6303265395948405
IN.ADM2.00461,rice,2013,2.3689151687507235,2.627558044577294,0.14124527389644823,-2.6300314982384267
IN.ADM2.00003,soyabean,2002,0.0,1.3052532695645118,0.42522807926613215,-2.6299628824974826
IN.ADM2.00278,sesamum,2018,0.0840336134453781,0.35208394684027283,0.1168967319779929,-2.6298186971492394
IN.ADM2.00343,potato,2004,23.9601593625498,13.38526987330735,5.353532859226766,2.6296532815462825
IN.ADM2.00243,arhartur,2002,0.1792452830188679,0.5600007983493489,0.14965591760861766,-2.6291363305595277
IN.ADM2.00561,cottonlint,2022,0.2026923076923077,0.5175761970530206,0.17105327825980413,-2.6290699471598526
IN.ADM2.00569,wheat,2012,2.5736434108527133,2.1019616502388754,0.176200041146149,2.628834045828354
IN.ADM2.00275,ragi,2003,1.7821782178217822,1.0353971060944422,0.2780018161401793,2.6286182540795653
IN.ADM2.00117,groundnut,2000,0.5686274509803921,1.5939088393584568,0.2726203679496429,-2.628194975614615
IN.ADM2.00365,arhartur,2009,0.3265306122448979,0.7736309840271184,0.1695327770199151,-2.6280970251572096
IN.ADM2.00209,groundnut,2020,0.6233766233766234,1.263384153821596,0.3468107264844725,-2.628063376318977
IN.ADM2.00205,wheat,2020,2.711001527016993,1.3093834939821245,0.31933899134562477,2.6279907299297376
IN.ADM2.00145,barley,2003,0.087719298245614,1.3507273568793967,0.3837238160046681,-2.627909166405289
IN.ADM2.00170,rapeseed_mustard,2013,0.4457142857142857,0.30679352731043397,0.06067864321222474,2.6273405287840177
IN.ADM2.00142,potato,2021,13.0,22.807357267653376,4.290792396920514,-2.627146979010956
IN.ADM2.00393,jowar,2015,0.7083333333333334,1.1319641427057368,0.18748631787703973,-2.627070853593427
IN.ADM2.00078,rice,2014,2.8488604300604248,1.5070969336939095,0.43150905287451446,2.626714633215226
IN.ADM2.00408,groundnut,2000,1.2902985074626865,0.9027748661266298,0.17840743256818253,2.6266811832681496
IN.ADM2.00433,rice,1997,2.9742978205160733,2.5666401842547457,0.2122699856096044,2.626486532213423
IN.ADM2.00470,potato,2008,6.420485175202156,10.469723736804614,1.4651136632579052,-2.6261585824550084
IN.ADM2.00030,soyabean,2016,1.0165289256198349,1.7737727107828594,0.2814835362432071,-2.625186482982942
IN.ADM2.00340,groundnut,2002,0.6871628910463862,1.6516184525055506,0.20959927979607182,-2.625077510236941
IN.ADM2.00085,wheat,2004,0.9313036869861594,2.2189165749847812,0.40419586570937305,-2.6249827007668403
IN.ADM2.00256,sugarcane,2005,38.66666666666666,65.06334331431367,11.874071335735005,-2.624478899630931
IN.ADM2.00123,rice,2004,2.4206349206349205,1.631789139256934,0.43370948253363273,2.6241277667667218
IN.ADM2.00342,wheat,2011,1.0670644488945196,2.2082946292563115,0.42846813811394946,-2.623986361829846
IN.ADM2.00422,groundnut,2000,1.289617486338798,0.9029684245177593,0.178421911271314,2.6239177806432235
IN.ADM2.00552,jowar,2009,0.1459694989106753,0.5827677186896887,0.1588344575969069,-2.6238571086643727
IN.ADM2.00443,sugarcane,1997,61.05997983870968,57.61689123890737,4.620412055185355,2.6236952667433497
IN.ADM2.00530,maize,2019,3.209722222222222,1.5622554992918196,0.30770049491091234,2.62312609482972
IN.ADM2.00501,rapeseed_mustard,1998,0.6904761904761905,0.5610083347544662,0.10622330864425442,2.6229686126352885
IN.ADM2.00065,sugarcane,2020,19.907272727272726,38.64835967624,10.91478426577153,-2.621818035248073
IN.ADM2.00143,sugarcane,2010,6.734669764877319,59.602358270736985,20.52482248266755,-2.6216361442509077
IN.ADM2.00488,groundnut,2002,0.6866666666666666,1.6517090083891037,0.2096538798664804,-2.6215895334869956
IN.ADM2.00244,barley,2015,3.6,1.5036431903360161,0.6629801524864621,2.6214443091896227
IN.ADM2.00368,bajra,2014,3.8590956887486856,1.923680538416227,0.6872462475052317,2.62112109303735
IN.ADM2.00448,rapeseed_mustard,2014,0.55321622319814,0.8867366879911062,0.14838526300269814,-2.6210855100230006
IN.ADM2.00171,potato,2010,25.581632653061224,14.229361102007452,4.331207657016969,2.621040700429624
IN.ADM2.00543,wheat,2016,2.281940563881128,1.5469527703306827,0.26652951225463567,2.6207591552834795
IN.ADM2.00406,groundnut,2000,1.287958115183246,0.902395010184679,0.17814686256769488,2.6207228776883644
IN.ADM2.00014,groundnut,2007,1.962264150943396,1.5816495462103157,0.22168907476696542,2.6203460167333277
IN.ADM2.00494,rapeseed_mustard,2015,1.1016807671524549,1.2826950538464872,0.17149743017531124,-2.6200458719981143
IN.ADM2.00114,rapeseed_mustard,1997,1.6666666666666667,1.541772873259256,0.2369615353670899,2.619718351300904
IN.ADM2.00575,wheat,2014,2.3438615881652782,2.8250722386518428,0.27862523933297106,-2.6190300523041943
IN.ADM2.00399,arhartur,2018,1.5,0.8888684112490882,0.2212832503809142,2.6186527474704286
IN.ADM2.00339,bajra,2003,0.994048479439916,0.44281656526635127,0.2300087716108841,2.618642410050627
IN.ADM2.00541,potato,2008,3.859582542694497,11.59352495414749,2.869542737124394,-2.6183853640025365
IN.ADM2.00448,sesamum,2001,0.5129667095824904,0.18399971488854125,0.10803150259831304,2.618362631647512
IN.ADM2.00154,rice,2021,1.4967948717948718,2.364019829633191,0.5453821634202394,-2.61826042943015
IN.ADM2.00088,rice,2015,0.4619099622788613,1.2010853459455106,0.36365047444401793,-2.6171135811681863
IN.ADM2.00397,maize,1998,0.2635046113306983,1.8631530704146857,0.31561178401380036,-2.6170805441626794
IN.ADM2.00563,cottonlint,2015,0.1256521739130434,0.5496045272450499,0.18569918170911565,-2.616926099460282
IN.ADM2.00243,groundnut,2002,0.4226926905574516,1.484105095441696,0.2960266861560866,-2.6167171803079654
IN.ADM2.00458,wheat,2017,3.2968372093023257,2.217258616527432,0.2997768999095305,2.616613925248772
IN.ADM2.00534,rice,2014,4.855345875272629,3.6493888359615942,0.40160177418458215,2.6162545379698767
IN.ADM2.00302,arhartur,2021,1.5,0.9893355281338343,0.20829912231766798,2.6160408184821526
IN.ADM2.00140,groundnut,2008,1.4814814814814814,0.7694077023249755,0.30765913577888326,2.6148700898619115
IN.ADM2.00008,jowar,2018,2.867221784629234,3.3132024850580852,0.8162147540916954,-2.614499969234611
IN.ADM2.00005,ragi,2016,0.628083843442775,1.1671387481032915,0.2438846684001,-2.614293164250147
IN.ADM2.00543,maize,2016,2.287878787878788,1.3943008411165956,0.3129443498933183,2.6141258807237167
IN.ADM2.00459,wheat,2016,1.5069064062872113,2.1282951697441685,0.33215825409746114,-2.614076336202001
IN.ADM2.00059,arhartur,2013,0.9381443298969072,0.7214998806915237,0.09087917597620856,2.6138624430047765
IN.ADM2.00282,maize,1998,1.3333333333333333,2.4032259880956093,0.47541768220412517,-2.613781548578878
IN.ADM2.00175,arhartur,2013,0.9349969409688196,0.4628987306021657,0.16756893231469494,2.613274067111364
IN.ADM2.00279,maize,2007,3.0,1.334642920951366,0.6143300332999819,2.613136953766916
IN.ADM2.00519,rice,2012,0.6906614785992218,1.8223617320547976,0.45387544528149937,-2.6130906122300352
IN.ADM2.00388,sesamum,2015,0.3029054640069384,0.1706510715251352,0.05595350103512464,2.6120653893259704
IN.ADM2.00294,sesamum,1999,1.1364837100088054,0.7035077059724767,0.17091975518347313,2.611976690965609
IN.ADM2.00533,groundnut,2016,7.55426311504013,3.868859784223335,0.8974068575669913,2.611768297477674
IN.ADM2.00215,rapeseed_mustard,2015,2.0,1.122453020539035,0.27704408032563405,2.611159708138955
IN.ADM2.00281,soyabean,2009,0.6555555555555556,0.8628864517367615,0.07665407290124884,-2.610171700653031
IN.ADM2.00524,ragi,2012,0.8,0.511230344284178,0.09795302992896918,2.6095380484708386
IN.ADM2.00336,rapeseed_mustard,2010,1.5596181972134555,0.962524444949593,0.2280473167393478,2.609232774336706
IN.ADM2.00425,groundnut,2001,1.694915254237288,0.9015081516438532,0.29581396102463925,2.608454058664667
IN.ADM2.00214,sesamum,2016,0.1219512195121951,0.5255441413620237,0.16608694225379114,-2.608387516348671
IN.ADM2.00316,rice,2014,2.5357142857142856,1.3125964649404007,0.40380207708868665,2.6081620089364974
IN.ADM2.00442,groundnut,2020,0.4858863379751599,0.9032512209283736,0.2601474767799686,-2.607955448605746
IN.ADM2.00072,sugarcane,1998,51.323544531551214,49.14011296230487,6.111304882201641,2.607819472972823
IN.ADM2.00420,sesamum,2015,0.4549994903679543,0.18770558048506353,0.09593768690366597,2.6077096721753503
IN.ADM2.00558,sugarcane,2003,36.815561959654175,50.31226336107641,3.813967586939133,-2.6076757898673786
IN.ADM2.00480,ragi,1998,1.4237623762376237,0.7751093103104536,0.2897892978325961,2.607479989141066
IN.ADM2.00410,cottonlint,2019,0.4166666666666667,0.11343206678587114,0.1172798457145062,2.6068871555862265
IN.ADM2.00171,ragi,2016,0.8823529411764706,1.9631590688631348,0.4259424729949599,-2.6059165076232373
IN.ADM2.00508,sesamum,1999,0.4358974358974359,0.2047783227692547,0.08574142412430438,2.605758674733855
IN.ADM2.00293,potato,2021,6.360176503033646,8.527167532977446,1.1407290138128505,-2.605241839104059
IN.ADM2.00303,rice,2023,1.6772533051827276,1.7894065121492033,0.2738937231278694,-2.6050999193739792
IN.ADM2.00300,wheat,2006,0.8666666666666667,1.7278659644469296,0.3245813570851119,-2.6049866139515827
IN.ADM2.00458,maize,1998,3.607235142118863,3.157003240416455,0.7937689504323208,2.6047021160603143
IN.ADM2.00209,jowar,2012,2.220779220779221,1.4035849747855937,0.2879284309324248,2.6045635359912414
IN.ADM2.00357,rapeseed_mustard,2010,1.5596250272509264,1.0661049769838806,0.18674532124950974,2.6035941801130917
IN.ADM2.00170,sesamum,2005,0.8679245283018868,0.5743557052590784,0.13894969702867488,2.603587975432652
IN.ADM2.00293,rapeseed_mustard,1999,1.0689655172413792,0.830139849371746,0.15270948217212313,2.603533352875972
IN.ADM2.00103,rice,2002,2.8006285171380547,2.012100754953869,0.30603501243673525,2.6034313992083087
IN.ADM2.00183,potato,2002,8.68036036036036,15.739207600317025,2.9751891346763926,-2.603090688854968
IN.ADM2.00243,wheat,2007,1.2182813536828134,2.3629367536339156,0.3613953471632766,-2.6030688380344786
IN.ADM2.00568,cottonlint,2014,0.6301280299485259,0.2997859688853068,0.12138978781811431,2.60284403205921
IN.ADM2.00374,rapeseed_mustard,2003,1.0,0.3781830086177912,0.21434260273847996,2.6028077607695743
IN.ADM2.00134,cottonlint,2020,0.0005737704918032,0.4600939655325549,0.19730091680883696,-2.601938095868015
IN.ADM2.00181,sugarcane,2015,142.49927431059507,101.15864726616387,16.579211146330902,2.6016160268787627
IN.ADM2.00448,sugarcane,2002,60.7481426448737,56.83827228694357,5.815101880263633,2.6014015016692484
IN.ADM2.00325,maize,2021,3.920634920634921,2.4757733695721718,0.3481572847428214,2.6011914099203306
IN.ADM2.00458,potato,2005,13.61436606515116,25.71692572784911,3.479361597575544,-2.600967527432767
IN.ADM2.00299,potato,2004,5.047058823529412,10.018468601003278,2.0585518779229806,-2.600703211471577
IN.ADM2.00073,maize,1998,1.952054794520548,1.740132392866079,0.41491435737888255,2.5990516833957624
IN.ADM2.00545,rapeseed_mustard,2008,0.0199203187250996,0.7329413880037776,0.26484488318946425,-2.5988548972158374
IN.ADM2.00123,maize,2006,0.32,1.5419183392932099,0.4278211083488313,-2.5982851971300516
IN.ADM2.00129,maize,2020,1.0,1.2893333333333332,0.6133664056922465,-2.597720980913862
IN.ADM2.00413,maize,1998,0.2997856654968556,1.0871088347131068,0.18598524569852665,-2.5974690742607716
IN.ADM2.00417,potato,2006,7.601532567049809,18.335902909311397,4.246516271177394,-2.5974270759939384
IN.ADM2.00084,sugarcane,2010,24.75862068965517,46.2575449779214,8.652918268554115,-2.596980486908415
IN.ADM2.00391,rapeseed_mustard,1999,1.0232558139534884,0.5893253490897964,0.2007153136978677,2.596888409926299
IN.ADM2.00398,sugarcane,1997,61.060009129534045,57.751249998858874,4.3850256028600345,2.5956091210191996
IN.ADM2.00130,potato,2010,33.333333333333336,21.03079043640451,4.656487632466119,2.5955572171964834
IN.ADM2.00081,barley,2018,2.0,1.3511366745116609,0.1646497710333367,2.5955225692447526
IN.ADM2.00303,rice,2015,2.7315914489311166,1.7894065121492033,0.2738937231278694,2.595495105875533
IN.ADM2.00310,rice,2012,0.6404494382022472,1.7000083400763075,0.4569970485515479,-2.59499752160444
IN.ADM2.00101,wheat,2003,0.8885476647472809,2.6279641607256177,0.5382266492862272,-2.594699894614859
IN.ADM2.00556,arhartur,2009,0.2243487506645401,1.0743560059684192,0.321473119888508,-2.5946574405757015
IN.ADM2.00222,barley,2016,5.0,2.059090909090909,1.074845193292421,2.594332735119055
IN.ADM2.00378,ragi,2014,4.63963591228796,2.6259398964817384,0.6831015970095494,2.593878268092375
IN.ADM2.00091,potato,2016,11.2,5.02228144025723,2.904446034250854,2.5936180620116702
IN.ADM2.00470,barley,2020,1.8592540464461649,0.9746656156448558,0.3107671536655639,2.59345782342784
IN.ADM2.00157,maize,2003,1.5345647742015198,1.0240626297180198,0.3173557949461369,2.5934190091778464
IN.ADM2.00163,potato,2005,1.1857142857142855,8.358303613023546,2.688109633203596,-2.59333382845282
IN.ADM2.00089,arhartur,2012,3.3117932148626816,1.6321483113828577,0.6233740264593921,2.59258711967078
IN.ADM2.00113,wheat,2008,2.5365853658536586,3.2695176012698766,0.2680478915138741,-2.5918404988529367
IN.ADM2.00350,jowar,2009,0.1627906976744186,0.5971196885511706,0.15768609300892508,-2.591746567387741
IN.ADM2.00349,cottonlint,2014,1.0,0.4292474217416465,0.13621987210988426,2.5917236558072076
IN.ADM2.00540,arhartur,2013,3.39344262295082,1.6236672378419132,0.5749432934255098,2.5911348663696554
IN.ADM2.00555,bajra,2016,0.7407572383073496,1.17837032470872,0.18371014836119015,-2.59032850873886
IN.ADM2.00062,sugarcane,2007,0.6446194225721785,52.04947697646886,18.51156611252594,-2.5902952192415234
IN.ADM2.00056,sesamum,2014,0.8341369334619093,0.6338843736111823,0.07002037063398377,2.5899904688848383
IN.ADM2.00571,bajra,2015,0.6666666666666666,1.5029779918420025,0.36880235487952395,-2.589925591173908
IN.ADM2.00494,bajra,2002,0.3743069260407856,1.7533373783720394,0.4540166511521413,-2.589879999353268
IN.ADM2.00007,ragi,2003,1.3945615982241952,0.9899402570405238,0.16912831362416023,2.5897032529561153
IN.ADM2.00342,jowar,2009,0.1428571428571428,0.5811566700518312,0.15956170436732595,-2.5894805076358147
IN.ADM2.00098,maize,2016,4.378176143411628,2.498446543618143,0.5047549915084832,2.5890162369274594
IN.ADM2.00365,maize,2007,6.963057495969909,2.760466445445904,1.7893325830173117,2.588814174981968
IN.ADM2.00472,wheat,2014,1.8309016789143375,2.697060283710622,0.3865619113342147,-2.5882876926828593
IN.ADM2.00400,groundnut,2020,0.4934086629001883,0.9195558358734491,0.25596021348094694,-2.58821679934928
IN.ADM2.00552,cottonlint,2001,0.0589993090998239,0.43738595034541017,0.08272371519632012,-2.587175803997952
IN.ADM2.00175,rapeseed_mustard,2007,0.3571428571428571,0.19312176312097035,0.06313960452188083,2.5871289210133415
IN.ADM2.00196,rice,2013,3.221707100215928,2.728039515933604,0.1697191885008277,2.587112795936803
IN.ADM2.00130,cottonlint,2020,0.0006128486897717,0.33111328862240064,0.18863281694671918,-2.5868820131150785
IN.ADM2.00108,sugarcane,2018,42.14247669773635,54.94210548517012,6.265157586199549,-2.586744905063131
IN.ADM2.00464,maize,2023,6.9700959311941775,3.2609773268954645,1.0499835587087114,2.5867215858435055
IN.ADM2.00011,sesamum,2014,0.1412078152753108,0.31306509402768595,0.09800991501798598,-2.586475095405299
IN.ADM2.00226,bajra,2012,1.65,0.9437952551916619,0.265607631732268,2.586176782675386
IN.ADM2.00037,sesamum,2014,0.7729389208436045,0.6166795563959474,0.04454788579038143,2.585883631765597
IN.ADM2.00444,arhartur,2017,2.197909407665505,1.0884968377548347,0.4275099888060416,2.5858731995933737
IN.ADM2.00423,rapeseed_mustard,1997,0.3468375608735921,0.7908852091466382,0.0885557321900591,-2.5857545614373425
IN.ADM2.00154,sesamum,2009,0.081081081081081,0.3347805848196167,0.09131347884527338,-2.5852479058818423
IN.ADM2.00425,sesamum,2015,0.5790598290598291,0.26204165131780344,0.09865171817686054,2.585225156895342
IN.ADM2.00393,wheat,2014,2.4633807631500235,2.8164710204655994,0.2158483424943445,-2.5850295050669083
IN.ADM2.00007,ragi,1997,0.4908136482939632,0.9899402570405238,0.16912831362416023,-2.5847373001412723
IN.ADM2.00181,jowar,2010,1.900262467191601,0.9496451638626904,0.36779046206574945,2.5846708965470135
IN.ADM2.00492,maize,2016,3.2275229357798163,5.2051964704234805,1.2199225637243005,-2.5846662596386456
IN.ADM2.00555,maize,2022,2.653312385441215,1.5336655964980153,0.34981332906944007,2.584236981146846
IN.ADM2.00129,sesamum,1998,0.6711409395973155,0.3613094620326299,0.19724775457928498,2.5842038200135025
IN.ADM2.00075,arhartur,2021,2.155339805825242,1.3028893150345555,0.2466979617036084,2.584019121209961
IN.ADM2.00319,groundnut,2011,1.4509803921568627,2.450945678132179,0.3842095394607931,-2.583897635019936
IN.ADM2.00075,rapeseed_mustard,2008,1.772823779193206,1.1575531320478871,0.24411814420419167,2.5833048564302254
IN.ADM2.00225,rapeseed_mustard,2020,1.2646460201331209,0.6882496865229629,0.16542018756527668,2.5824707198695016
IN.ADM2.00333,sesamum,2003,0.4726356516583981,0.2507469637107214,0.10917493615815486,2.5823724363800085
IN.ADM2.00053,sesamum,2020,1.0708333333333333,0.615199961982678,0.10485091366322585,2.582163806860639
IN.ADM2.00013,arhartur,2005,0.7299997178090696,0.422695640634717,0.11872905809559696,2.5815335953628797
IN.ADM2.00236,potato,2013,16.34307754770605,10.758564798854465,1.7258021553092384,2.581397097594863
IN.ADM2.00149,groundnut,1998,1.0,0.7847895867579959,0.22366594429162487,2.5812502884913364
IN.ADM2.00075,potato,2022,25.448024054982817,10.481632246752554,3.839634794940783,2.5806409708615887
IN.ADM2.00288,maize,1998,3.9,2.290443764566554,0.5990759205957928,2.580458399790772
IN.ADM2.00238,wheat,2021,1.14436998997996,1.9904830009829457,0.737904100845594,-2.580188053368288
IN.ADM2.00298,wheat,2002,2.325,1.711385599046084,0.2812079987766268,2.5795079803021923
IN.ADM2.00027,potato,1998,5.0,7.051702753837103,0.6706225008907992,-2.579053448165584
IN.ADM2.00152,sesamum,2012,0.5,0.26798187532842266,0.08484341638539834,2.5790407695433792
IN.ADM2.00563,rice,2019,3.3526315789473684,3.815338685741383,0.28891409688951947,-2.578177991457795
IN.ADM2.00210,cottonlint,2022,0.0627126917712691,0.43673189059870265,0.15211575348502637,-2.5778410248028916
IN.ADM2.00093,wheat,2006,0.3894459385532351,1.730216820012157,0.48195792648666536,-2.5778070252293994
IN.ADM2.00300,groundnut,2009,0.6666666666666666,1.046405913770027,0.14736447273174202,-2.5777989834487554
IN.ADM2.00310,sugarcane,2017,26.2,53.08345651125105,14.10247018434915,-2.577753939517783
IN.ADM2.00519,rapeseed_mustard,2012,0.6759748427672956,0.3715010015743613,0.10539650480492736,2.5775494350841073
IN.ADM2.00179,ragi,2000,1.57858837485172,0.964401184122239,0.28681766906472356,2.57735137810457
IN.ADM2.00168,maize,1998,0.0142674616695059,1.147288042142698,0.37171797998981,-2.5771527266515775
IN.ADM2.00360,soyabean,2006,1.0,0.9206639918902211,0.044193363394574706,2.577001305908205
IN.ADM2.00507,maize,2019,0.7721518987341772,1.1127211632147957,0.20996113920288503,-2.5765965429766364
IN.ADM2.00312,rice,2012,0.64,1.6368801550837957,0.4182588248860224,-2.5763542681906744
IN.ADM2.00239,jowar,2011,2.9373661670235545,1.8101155821741859,0.42250579970451013,2.5760861328319007
IN.ADM2.00426,bajra,2003,1.0,1.6479171861298327,0.2463278976899432,-2.5758555213370413
IN.ADM2.00254,wheat,1997,0.3387978142076502,0.9991238012348097,0.135662789139547,-2.5757652669050732
IN.ADM2.00250,wheat,2015,1.218978102189781,1.6989409995995457,0.2559070158230538,-2.5755821327132042
IN.ADM2.00139,rice,2004,6.315789473684211,3.0570368609891307,1.146369903636087,2.5753659515415794
IN.ADM2.00567,sesamum,2016,0.1124293785310734,0.43758727935815417,0.1527501875194292,-2.574691984960657
IN.ADM2.00034,sugarcane,1997,29.02439024390244,19.77055143202203,5.7056388401725595,2.5744815166798194
IN.ADM2.00210,groundnut,2016,1.8955570291777188,1.3730117197921548,0.12316144823453311,2.5744129489413634
IN.ADM2.00217,soyabean,2015,0.0786204433560368,0.6894912994458373,0.23789614565514458,-2.5743330628320495
IN.ADM2.00440,bajra,2007,1.828136599851522,1.067857432041824,0.30941836213013696,2.574305986295585
IN.ADM2.00337,maize,2019,1.0,1.5145302131299483,0.38356375649140495,-2.574305082596835
IN.ADM2.00232,rice,2022,3.5609995340739107,1.4478789192228945,0.3930110423314333,2.5742357226547834
IN.ADM2.00255,arhartur,2020,1.439532921634751,0.5485666370498312,0.2786856495509622,2.5739988316915827
IN.ADM2.00236,sesamum,2014,0.4545454545454545,0.256352561022168,0.060203018856444745,2.5738452882581626
IN.ADM2.00255,groundnut,2022,1.4016901408450704,0.6516504601081278,0.26462356521891894,2.5733572687358373
IN.ADM2.00183,sugarcane,1999,117.80004876859304,88.86313429659664,10.753862272799813,2.573264674557003
IN.ADM2.00477,rapeseed_mustard,2012,1.332425068119891,0.7593738926604907,0.22266005681767156,2.573034165164978
IN.ADM2.00340,potato,2013,10.711538461538462,5.346119736147529,1.7496055951945213,2.572911297620357
IN.ADM2.00568,maize,2014,10.631793004609364,4.449092286816907,1.9402845393736072,2.572860919028266
IN.ADM2.00276,ragi,2003,1.7142857142857142,1.395965209239813,0.22410134193025935,2.5722564470799867
IN.ADM2.00027,groundnut,2016,1.4766355140186915,0.7954662262978697,0.2739376847093695,2.572205895108505
IN.ADM2.00057,rice,1997,1.007115364411717,2.0052724125847736,0.30759186151835166,-2.5719758167785893
IN.ADM2.00101,ragi,2012,1.8990384615384612,0.9775891881577108,0.3556883111999647,2.5715554668755707
IN.ADM2.00508,rapeseed_mustard,1999,0.453125,0.15536684379420346,0.0853056904127009,2.571492784629939
IN.ADM2.00073,arhartur,1998,1.8270631067961165,1.30254509282846,0.3068870864685205,2.5708009857105014
IN.ADM2.00253,maize,2013,4.465792474344355,2.2619023109992664,0.8395113724300431,2.5707828793631466
IN.ADM2.00272,ragi,2021,1.2074012499854336,0.8506407806636709,0.08978061725886512,2.5707585049969186
IN.ADM2.00230,soyabean,2012,1.9268292682926829,1.0932906944518406,0.3177884291957015,2.569612798261097
IN.ADM2.00436,maize,1998,0.3549618320610687,1.8633250710999023,0.30197281015764066,-2.5695449053338213
IN.ADM2.00406,rice,2000,1.912562269420764,2.7738342794278967,0.17907494987139738,-2.569353081132821
IN.ADM2.00147,arhartur,2000,1.0,0.3826479178013093,0.24885632112081904,2.5691149460472698
IN.ADM2.00390,potato,2021,35.59649122807018,19.952916975496354,4.713534581742874,2.5688354837625695
IN.ADM2.00018,rice,2002,1.6800922524667306,3.333762352994848,0.4126013309403599,-2.5685889964780153
IN.ADM2.00488,groundnut,2009,1.0855263157894737,1.6517090083891037,0.2096538798664804,-2.5684633070881637
IN.ADM2.00130,rice,2007,3.121129551647263,2.6827864211086894,0.17669961550313865,2.567980698445214
IN.ADM2.00272,arhartur,2012,0.1333333333333333,0.5312275494454408,0.15746862897324518,-2.5678361958370153
IN.ADM2.00166,potato,2003,15.5,7.134085761023477,3.9091850182077943,2.567190144519141
IN.ADM2.00053,wheat,1997,1.536,1.1300511865531069,0.1903384562980858,2.5670168117924987
IN.ADM2.00050,sugarcane,2007,23.41355140186916,36.11284274747399,5.194391479781497,-2.566300412660385
IN.ADM2.00155,sugarcane,2013,2.376923076923077,16.03553364420119,5.434698310316659,-2.56613831329207
IN.ADM2.00088,sesamum,2017,0.4931077694235589,0.4419382988337745,0.024299321449489278,2.565722518876585
IN.ADM2.00059,rice,1997,0.801376349517015,1.5406650357800344,0.20293045435080742,-2.5656719519641165
IN.ADM2.00566,groundnut,2016,1.2552933243425488,1.992334429181528,0.3744303447170573,-2.5653920011637394
IN.ADM2.00423,groundnut,1999,1.20658934274668,0.8060191853661091,0.17482075654459203,2.565127091490568
IN.ADM2.00460,arhartur,2019,3.2698961937716264,1.2732806566294999,0.5180414129557063,2.564586061508057
IN.ADM2.00489,jowar,2011,2.1940928270042197,1.0494311615686667,0.45094507037435383,2.5644046526371698
IN.ADM2.00059,cottonlint,2001,0.17,0.1275,0.03203646583409588,2.564174471780118
IN.ADM2.00007,sesamum,1999,0.2941952506596306,0.21272988943944662,0.03809431770681914,2.563612880425292
IN.ADM2.00344,arhartur,1998,1.3477366255144032,0.4873685146344297,0.33481475163991026,2.5632746044896724
IN.ADM2.00451,jowar,2002,5.227272727272728,1.1237476640641813,1.4949751332044066,2.563271243727157
IN.ADM2.00111,potato,2004,29.6,24.991060206987502,2.600421019441098,2.5631505921668776
IN.ADM2.00331,rice,2022,3.333333333333333,3.5377498888045014,0.22841523719561327,-2.5630839362265374
IN.ADM2.00572,rice,2006,1.7979996836054912,2.591068475195291,0.27340492297230307,-2.5626991997195105
IN.ADM2.00152,barley,2021,2.5476626947754357,1.181371529475512,0.4017536085777199,2.5626236750101006
IN.ADM2.00061,rapeseed_mustard,1998,1.0597771023302938,0.7814850736529463,0.16615393506960033,2.5622246029858733
IN.ADM2.00340,jowar,2003,1.4708135235076598,0.7619192693497971,0.28347504752506225,2.5621880899960123
IN.ADM2.00316,ragi,1999,0.7014925373134329,0.5582296301127803,0.09579769237982201,2.562091483953569
IN.ADM2.00299,jowar,1999,0.08,1.0064440009872793,0.38608200328087566,-2.5619082586016826
IN.ADM2.00338,cottonlint,2009,0.1141835554222545,0.375483458027228,0.09823889837708727,-2.5618791022101917
IN.ADM2.00109,maize,2006,0.3157894736842105,1.5976387487651893,0.4615923258837907,-2.561818216684639
IN.ADM2.00140,wheat,2011,4.942708385182826,4.12683736528068,0.30392096747932373,2.5616540235835963
IN.ADM2.00277,jowar,2015,0.1753531417437895,0.4981831388021782,0.15125808587502682,-2.56164609308624
IN.ADM2.00183,bajra,2017,1.5943396226415094,0.8207297534923653,0.19153875699206355,2.560986003687643
IN.ADM2.00319,jowar,2016,1.25,2.1011111111111114,0.3782568133075306,-2.560925185641429
IN.ADM2.00520,sesamum,2014,0.5636363636363636,0.35182506483591813,0.08491473512474235,2.5609118597917666
IN.ADM2.00366,potato,2017,9.689903846153848,16.829636759975667,2.6811392342423574,-2.560739384871449
IN.ADM2.00343,jowar,2009,0.1428571428571428,0.5844111499518359,0.1639133582222665,-2.5605527009189393
IN.ADM2.00085,potato,2022,26.558205565019875,10.626903478185934,4.221723072141811,2.559863774933393
IN.ADM2.00547,rice,2012,0.631578947368421,1.4279743159311546,0.328455579429025,-2.5597077127703507
IN.ADM2.00139,wheat,2014,3.62,4.375529894347943,0.34411060441246116,-2.559538952226581
IN.ADM2.00288,maize,2001,0.8055555555555556,2.290443764566554,0.5990759205957928,-2.5593987702611267
IN.ADM2.00185,ragi,2016,0.8173820314582778,1.5155208494469294,0.2817723729654332,-2.5593812367157667
IN.ADM2.00092,rice,2014,2.680405255214853,1.6264976521923697,0.3392516254512087,2.559164901187357
IN.ADM2.00248,rapeseed_mustard,2018,0.6009478672985782,0.8398420496427598,0.16336969747014993,-2.5590382663383116
IN.ADM2.00481,rapeseed_mustard,2016,1.2979151426481346,0.7064255146538607,0.220716348619652,2.558263218136834
IN.ADM2.00340,groundnut,2009,1.087962962962963,1.6516184525055506,0.20959927979607182,-2.5574487167634006
IN.ADM2.00026,groundnut,2016,0.4548611111111111,2.0344853452831617,0.6628629060012193,-2.557332688394315
IN.ADM2.00499,jowar,2019,1.0,0.2813918855108786,0.1678878584977,2.557116801103526
IN.ADM2.00324,barley,2021,3.125,3.584626535323651,0.2631160804620458,-2.5568224576404424
IN.ADM2.00143,sugarcane,2009,7.129625980372837,59.602358270736985,20.52482248266755,-2.556549871974548
IN.ADM2.00569,rapeseed_mustard,2009,0.6480938416422287,0.7772502756989548,0.04039586910010086,-2.5562459417923753
IN.ADM2.00188,groundnut,1998,1.3895425592905646,0.6005304999327276,0.29220701555265277,2.555937098580216
IN.ADM2.00249,groundnut,2021,2.4742182646510664,1.1277124936642924,0.2765639054186083,2.5559114285240065
IN.ADM2.00299,sesamum,2002,1.1176470588235294,0.6427619688326894,0.15772946242921213,2.555683303031921
IN.ADM2.00395,wheat,2015,1.195144341103998,2.006153479483092,0.43486778014526,-2.555599881624493
IN.ADM2.00172,arhartur,2014,0.8093412338794005,0.396740724350497,0.14433622365940482,2.5555194118985827
IN.ADM2.00508,sugarcane,2015,66.08892508143322,45.08119462521027,7.916904860512309,2.555508107680932
IN.ADM2.00167,wheat,2000,0.0462550156041016,1.5738195046956818,0.4618153851814759,-2.5553821824841365
IN.ADM2.00444,groundnut,2022,2.2240369799691835,0.8249418795484147,0.360656230190623,2.554362973087127
IN.ADM2.00409,jowar,2004,2.1050238690611502,1.2990322002220376,0.3469802730471493,2.552897826393038
IN.ADM2.00571,sugarcane,2006,41.59997841221868,60.726606335302094,5.7654284336541775,-2.552561423278531
IN.ADM2.00543,rapeseed_mustard,2014,1.8440366972477065,1.0193690246738856,0.29689962027942346,2.5520577976029744
IN.ADM2.00554,maize,2004,2.92077040927993,2.0582922319533203,0.47524551510433183,2.551858835940832
IN.ADM2.00026,maize,2008,1.096984515077425,1.486052398519638,0.1530808950190415,-2.551771538817247
IN.ADM2.00423,maize,2023,2.465039809808557,1.2346874168904862,0.25050337975420167,2.551638179399572
IN.ADM2.00058,wheat,1999,1.6365921787709496,1.165284488703313,0.1896120690326401,2.5515730777004864
IN.ADM2.00273,groundnut,2018,3.0,1.631215075180406,0.5426761147268854,2.550731515124936
IN.ADM2.00539,sugarcane,2007,14.444444444444445,61.446583984471204,13.257918345744146,-2.5505814925192998
IN.ADM2.00089,rapeseed_mustard,2013,2.3740508418620005,1.1275993493254406,0.4742741023627153,2.550554630521085
IN.ADM2.00014,sugarcane,2016,43.01314636283961,78.35073038421602,15.391980695501053,-2.5504461553644444
IN.ADM2.00418,barley,2014,1.117053481331988,2.2169005468367735,0.4894234470506833,-2.549668461632518
IN.ADM2.00550,rice,2019,3.32977303070761,1.3941775344791254,0.677157431608761,2.548141572293945
IN.ADM2.00343,sugarcane,2011,136.25438596491227,72.27207711898824,24.422116046176072,2.5475853817578664
IN.ADM2.00100,sesamum,2012,1.0,0.7729620545935011,0.0750827425945831,2.547397406563687
IN.ADM2.00253,bajra,2020,1.6215309042185118,0.9069159286486439,0.28531981481717755,2.5472719632353202
IN.ADM2.00133,rice,1997,2.765432098765432,2.6274288255111227,0.30943634735505976,2.547051310702033
IN.ADM2.00539,potato,2020,21.974499089253182,11.955215770404827,2.767182481058035,2.5469468409381584
IN.ADM2.00429,rice,2006,1.036996646262811,1.9999926315092833,0.33609865444147413,-2.546884514092913
IN.ADM2.00013,cottonlint,2019,0.0950952589032117,0.2802619550778625,0.10855339229647569,-2.5465150126703158
IN.ADM2.00155,rice,2002,1.5324344023323615,2.20552840165663,0.20154615215959,-2.546137958616663
IN.ADM2.00263,groundnut,2015,0.1427556818181818,0.6440546121075075,0.24375661233612664,-2.545820990539596
IN.ADM2.00548,rapeseed_mustard,1999,0.4803030303030303,0.4131697556572419,0.10611886256823427,2.5455568606516916
IN.ADM2.00258,jowar,2000,0.5394352482960078,1.2496525337336437,0.24119860838947804,-2.5451241830730913
IN.ADM2.00451,rapeseed_mustard,2000,0.9287724615717688,0.7828742289402058,0.08181743959553446,2.54499866438175
IN.ADM2.00043,potato,1999,8.654081265731751,6.92588650398839,0.9501603900210246,2.544888476374348
IN.ADM2.00332,cottonlint,2015,0.204,0.540698058052173,0.1633993113234701,-2.544801208785389
IN.ADM2.00227,barley,2014,1.0,2.1124520569371383,0.524190672623335,-2.544792671246831
IN.ADM2.00232,sugarcane,2021,45.0,16.421724238008906,11.139129021781283,2.544721274352931
IN.ADM2.00180,rice,2012,1.3555267394026114,2.4834455002973517,0.4789309211202864,-2.544288175642369
IN.ADM2.00553,barley,2005,1.033057851239669,2.452227094093053,0.44909016664989904,-2.544073938327124
IN.ADM2.00259,sesamum,2012,0.4285714285714285,0.25710559989557075,0.06666558960561136,2.5439916506613454
IN.ADM2.00238,jowar,2016,2.142857142857143,0.9934119192558079,0.3980128889292546,2.5437241710937877
IN.ADM2.00334,bajra,2002,0.5276557183206225,1.5298265413115015,0.2536248260193986,-2.54290872019491
IN.ADM2.00161,potato,2018,4.236363636363636,9.129027810983766,2.053185103883753,-2.5428025882118384
IN.ADM2.00049,rice,2022,2.5536592961694176,1.6851680354832024,0.1695116595457305,2.542296216525029
IN.ADM2.00337,sesamum,2018,0.1056773468240584,0.39320762541907794,0.1409697527254074,-2.541891754551385
IN.ADM2.00154,soyabean,2009,0.6666666666666666,1.3352454501548296,0.262551290585889,-2.5418704928574143
IN.ADM2.00047,wheat,2010,0.8695652173913043,1.2364972000858703,0.14436406400730498,-2.5417127539164373
IN.ADM2.00149,wheat,2013,0.764534329090463,1.687101608277704,0.3742404356446885,-2.541078601841117
IN.ADM2.00406,maize,1998,0.8417668926306582,2.2809014429715373,0.2980023954661896,-2.540652747830169
IN.ADM2.00011,soyabean,2016,1.15,1.5248575498575498,0.149570712281816,-2.5405865832091217
IN.ADM2.00034,soyabean,2016,2.152027027027027,1.1738108317390425,0.4050865372411798,2.540126510895511
IN.ADM2.00115,groundnut,2013,3.576321169429585,1.7282926819766107,0.694728393244385,2.5398607060516922
IN.ADM2.00179,jowar,2003,0.1752094716360686,0.7333094892108455,0.20763354041228946,-2.5397776263035245
IN.ADM2.00049,sesamum,2020,0.6664758087603779,0.7320907848819238,0.04846592939065324,-2.5396132161749283
IN.ADM2.00303,rapeseed_mustard,2005,0.5217391304347826,0.9175721231325206,0.13529809320166183,-2.5393280975355172
IN.ADM2.00376,ragi,1997,2.754237288135593,2.3933628025952847,0.5003159738461946,2.5392741525645817
IN.ADM2.00347,cottonlint,2001,0.0897222222222222,0.41139607143628765,0.06312593314077712,-2.5391058621021947
IN.ADM2.00395,bajra,2015,0.371925313059034,1.0128383052745857,0.31806873236853256,-2.53877527021701
IN.ADM2.00554,groundnut,2012,1.524896265560166,0.9759709193472227,0.21746329412252652,2.5385904284622276
IN.ADM2.00416,arhartur,1997,0.3517108226965569,0.8303867967890313,0.21137084864191794,-2.538424216942595
IN.ADM2.00144,sesamum,2000,0.0,0.3830115948018859,0.14118577059192822,-2.538209988710464
IN.ADM2.00052,sesamum,2014,0.703030303030303,0.45175794845719286,0.07832875792124666,2.537740358498634
IN.ADM2.00462,potato,2006,9.997658518310386,25.246073781748173,5.1818626537054175,-2.537375033814473
IN.ADM2.00219,rapeseed_mustard,2019,1.7235570843239416,0.9678075325643286,0.15699794546131823,2.537248311377453
IN.ADM2.00152,arhartur,2016,0.1111111111111111,0.3629395608954929,0.14295248174085026,-2.5372214815148784
IN.ADM2.00335,groundnut,2020,2.171047880407309,1.2381075543196265,0.30480693438906,2.536528833864863
IN.ADM2.00188,groundnut,2000,1.3765111658772191,0.6005304999327276,0.29220701555265277,2.536426687458287
IN.ADM2.00332,barley,2021,3.1538461538461537,3.77357383945031,0.3061600100836337,-2.536032387210117
IN.ADM2.00400,sesamum,2001,0.2535467442706439,0.15308297142396063,0.04411613438346106,2.5358062248456172
IN.ADM2.00054,rapeseed_mustard,1997,0.6496628426307032,0.6155348026737595,0.06835909933925714,2.5356509835516765
IN.ADM2.00295,sugarcane,2003,20.0,19.00266820257123,7.600219684602498,2.5355884789968632
IN.ADM2.00069,ragi,2014,1.4759036144578312,0.939982563377253,0.19955365493649926,2.5351040656612738
IN.ADM2.00214,potato,2010,9.044444444444444,18.18772031493246,3.7064218299863834,-2.5350563058451816
IN.ADM2.00321,rapeseed_mustard,2011,2.0,1.310364587002874,0.257019131934512,2.534754799302742
IN.ADM2.00550,ragi,1999,1.0,0.4815954046123728,0.22092505339726823,2.5343644491324846
IN.ADM2.00573,jowar,2015,0.0633922261484098,0.8519263330430377,0.3464403312737532,-2.5342745234010753
IN.ADM2.00550,wheat,2021,2.6714285714285717,1.5052693597860174,0.3155872640647696,2.5339300158984748
IN.ADM2.00293,rapeseed_mustard,2000,1.0740740740740742,0.830139849371746,0.15270948217212313,2.533439152971479
IN.ADM2.00545,wheat,2005,0.3788054695562435,2.282959054237089,0.631488684034959,-2.532853124921548
IN.ADM2.00566,cottonlint,2009,0.5874385663697822,0.2936309727589845,0.11590018591709138,2.5327434027350817
IN.ADM2.00406,sugarcane,2008,44.71817298347911,55.94473750082683,4.432970688214593,-2.532514944706087
IN.ADM2.00414,barley,2005,1.033112582781457,2.4574687818659586,0.4515931579692004,-2.532362002602155
IN.ADM2.00244,groundnut,2012,1.981132075471698,1.160755504646782,0.28707572384472424,2.5323271950017734
IN.ADM2.00043,wheat,2004,0.6293333333333333,1.1788691803200608,0.19021133152819755,-2.532193520818896
IN.ADM2.00088,arhartur,2013,1.9642365887207704,1.28581007354239,0.2614642303097011,2.5311952204937516
IN.ADM2.00085,ragi,2014,1.475,0.9403361918457613,0.19937312081465197,2.5309069083992752
IN.ADM2.00297,jowar,2002,2.28125,1.109053844834028,0.3931551380938228,2.530202547376145
IN.ADM2.00515,sesamum,2019,0.4455445544554455,0.6397035799148496,0.11082116400908842,-2.5298922102818344
IN.ADM2.00145,wheat,2013,0.6766197183098591,1.6915784453410398,0.4571651246723134,-2.529853258167169
IN.ADM2.00097,barley,2018,2.0,1.3507394751027348,0.16973708398096898,2.5294139059181666
IN.ADM2.00333,maize,2003,1.642022234643811,1.027045086774181,0.3489256263197339,2.5290125376771875
IN.ADM2.00008,soyabean,2014,2.79014598540146,1.449902774918452,0.48009300827898105,2.528848195325553
IN.ADM2.00393,potato,1999,26.58048128342246,23.187638512978932,2.9885458236171982,2.5284879438339583
IN.ADM2.00552,groundnut,2012,2.599351782597856,1.6321888357406626,0.34030717741957717,2.5281748680314595
IN.ADM2.00310,groundnut,1999,1.2582938388625593,1.0876482178833975,0.2538679530448656,2.52815615593044
IN.ADM2.00165,maize,1998,0.0081792318634423,0.9715274527309464,0.2925409983953544,-2.5279385968516586
IN.ADM2.00245,sesamum,2021,0.5587384657760639,0.31627393578180024,0.05436139142668337,2.527574633330307
IN.ADM2.00396,bajra,2015,0.526431718061674,1.5167392844505518,0.44485223876043706,-2.526370600326725
IN.ADM2.00413,jowar,2015,0.6,1.1521589519202706,0.26592009740713,-2.526282980652425
IN.ADM2.00232,barley,2014,1.0,2.385870056927299,0.6853780867383285,-2.526172228664233
IN.ADM2.00393,rice,2002,1.2699683411189089,2.071608136728054,0.1912123464226298,-2.52605534767505
IN.ADM2.00226,sugarcane,2000,10.952380952380953,26.732803840393576,10.926805700238434,-2.525595639647181
IN.ADM2.00299,rice,2021,1.6599361022364216,1.7843531540256488,0.20946639032206874,-2.525318768274858
IN.ADM2.00072,potato,2008,5.058694859642727,9.826409619874255,1.8356828324995949,-2.5251023613331314
IN.ADM2.00401,maize,2002,1.227905425342211,2.1273403827301127,0.24785997173617394,-2.5245181266741086
IN.ADM2.00300,jowar,2003,1.6829268292682926,0.9802956405704731,0.2671030390857194,2.52444669733614
IN.ADM2.00219,sugarcane,2020,47.74308300395257,21.331076955057974,10.138426883825794,2.523989571773506
IN.ADM2.00357,jowar,2003,1.0863328822733425,0.5921282496523935,0.24856247239948462,2.523969307356616
IN.ADM2.00410,arhartur,2020,1.88336192109777,0.9776878379060829,0.238011959537125,2.523962683788027
IN.ADM2.00421,maize,2019,3.845039274002898,1.824890363028035,0.5488019168246181,2.523794136339236
IN.ADM2.00301,potato,2004,5.663043478260869,10.200424712367273,1.8594567895321,-2.523601571718783
IN.ADM2.00016,groundnut,2015,1.03678844519966,1.2276321503835346,0.21133411601734112,-2.5231994266351845
IN.ADM2.00221,arhartur,2010,0.6096718480138169,1.069304863680922,0.18148553008809656,-2.5230511164417493
IN.ADM2.00110,rapeseed_mustard,2008,1.117483074472322,1.5391996105245869,0.1454773474604792,-2.5229944084974414
IN.ADM2.00077,sugarcane,2012,99.84931506849315,52.46501144460209,17.294454049697453,2.52289297754715
IN.ADM2.00488,sesamum,2007,0.6638479644320461,0.29223299085206184,0.1506994799843716,2.5228364928356743
IN.ADM2.00186,jowar,2016,0.6469986086265156,0.9950371313923709,0.2110428405809448,-2.5228298680876327
IN.ADM2.00132,maize,2019,4.571428571428571,1.7991275946275946,0.651896338458696,2.5227619271065627
IN.ADM2.00212,rapeseed_mustard,2019,2.041935483870968,0.8795163628299517,0.28658278003414916,2.5221345508480133
IN.ADM2.00114,maize,2006,0.3076923076923077,1.456647033692548,0.4534432825991073,-2.5219884621848703
IN.ADM2.00021,sesamum,2000,0.2472415202288516,0.18837710718379835,0.03556364689849918,2.5218512154712402
IN.ADM2.00180,arhartur,2016,1.286230595672562,0.6501053658718572,0.1845718536766809,2.5215602809980315
IN.ADM2.00495,rapeseed_mustard,2017,2.1265728630756837,1.340762095217366,0.17572909339762316,2.5215395465442665
IN.ADM2.00032,maize,2015,2.450617283950617,2.1332338704931306,0.07363435588940564,2.521506394268242
IN.ADM2.00225,jowar,2014,2.0,1.0787370433745018,0.30600227044233613,2.5212459106350384
IN.ADM2.00576,sugarcane,2022,91.0,64.97354075554544,6.05278720777745,2.521169085298284
IN.ADM2.00424,barley,2018,3.319963257807716,2.031299097369334,0.3458438931539307,2.5210841015732774
IN.ADM2.00081,wheat,2014,0.7860593206223002,1.7289895060270057,0.4292264777519555,-2.520805423568994
IN.ADM2.00413,potato,1999,26.580255319148936,23.169791001980833,2.9888632685691374,2.520687805644642
IN.ADM2.00281,groundnut,2009,0.6375,0.8506718924590608,0.06642254702366787,-2.5204477252942326
IN.ADM2.00176,jowar,2003,0.4027731035875345,0.8439358754697971,0.17857095438061063,-2.5203690045416183
IN.ADM2.00245,sugarcane,2020,19.124874623871616,5.023526263640318,5.015922047150299,2.520320894188239
IN.ADM2.00337,maize,2020,3.0,1.5145302131299483,0.38356375649140495,2.520159972994191
IN.ADM2.00449,wheat,2008,1.0422854266297508,1.5762986132866175,0.19314005163043244,-2.5198705480519
IN.ADM2.00459,rapeseed_mustard,1999,0.8186351706036745,0.5789201670700013,0.14973848456998737,2.5198451725216127
IN.ADM2.00556,wheat,2014,1.542980867320384,2.638775286946643,0.5020985650840061,-2.5198263425542726
IN.ADM2.00050,rice,2011,2.683441929199973,1.9538317325868153,0.28502419282680486,2.5196576512497573
IN.ADM2.00269,bajra,2013,0.6779661016949152,0.38972980881880137,0.11839505639881441,2.519546727422509
IN.ADM2.00034,sesamum,2016,1.2707838479809976,0.9826383504747201,0.10036149532885257,2.518664680681606
IN.ADM2.00479,arhartur,2009,2.6623376623376624,1.48402921756212,0.4747031922431387,2.518294293460668
IN.ADM2.00413,rapeseed_mustard,2005,0.9516374990922954,0.7863787209480856,0.08938742173242019,2.517901062163294
IN.ADM2.00491,maize,2003,2.214491708723864,1.5191900534322185,0.4214681100264113,2.517477278028926
IN.ADM2.00333,arhartur,1998,1.3210526315789477,0.5676209909508663,0.34237229753701726,2.5171522958883443
IN.ADM2.00037,rapeseed_mustard,2005,0.4378450782449606,0.5765305656946313,0.04006433570606964,-2.5170256496943417
IN.ADM2.00241,sugarcane,2013,47.85714285714285,20.65980715919364,11.491403587336121,2.517017848331346
IN.ADM2.00554,barley,2005,1.0318471337579618,2.4075340002449073,0.4521103055189961,-2.5164831844681874
IN.ADM2.00149,rapeseed_mustard,2006,1.0564885496183205,0.49921170888440514,0.21658323531718834,2.5163719178404595
IN.ADM2.00433,arhartur,2022,1.2222222222222223,0.7746583025993389,0.13097446795558396,2.5161689969510794
IN.ADM2.00028,potato,2008,5.31404958677686,7.459470011131592,0.8769753848076278,-2.5161499715804068
IN.ADM2.00239,cottonlint,2021,1.0,0.14112480077171535,0.16559081876977666,2.5161466698904063
IN.ADM2.00472,ragi,2007,0.6206896551724138,0.9399647548441441,0.12524392940046572,-2.5161291943856394
IN.ADM2.00377,ragi,2012,0.4398625429553264,2.209438560056023,0.7955332195131377,-2.5160833351256353
IN.ADM2.00141,bajra,2015,1.0,1.9147749718885623,0.4736044706324581,-2.5158759912598274
IN.ADM2.00556,sugarcane,1997,43.35642135642136,52.614344442646015,5.967297169426128,2.515805467828691
IN.ADM2.00224,wheat,2023,2.103231063957113,2.2324944028482205,0.3727015646918024,-2.515763024853229
IN.ADM2.00334,sesamum,2002,0.0721786227478722,0.31429127947982727,0.0829757573913267,-2.5149820155108356
IN.ADM2.00174,maize,2013,3.720896601590745,2.1492309302117696,0.5904453200620796,2.5149176545767364
IN.ADM2.00530,ragi,2015,0.918918918918919,0.6196592277902951,0.1061352619359286,2.514874448424763
IN.ADM2.00205,sesamum,2011,1.286833855799373,0.7901517995052132,0.1878422893675438,2.5148005774006634
IN.ADM2.00217,arhartur,1998,0.9629629629629628,0.5216766391170676,0.1701218560280237,2.5147976374295435
IN.ADM2.00285,rapeseed_mustard,2008,0.8416666666666667,0.6961833080484978,0.0715905492266641,2.5145941653798602
IN.ADM2.00574,jowar,2015,0.1450777202072538,0.8282081051586685,0.31643292722160093,-2.5138599562967867
IN.ADM2.00093,rice,2021,4.0119692280334815,1.6033312817594414,0.652175670113126,2.513645075387468
IN.ADM2.00032,potato,2008,11.0,7.762994701806447,1.4407799090711064,2.5135243856201317
IN.ADM2.00559,barley,2019,4.0,1.7290816693944353,0.3642376829770826,2.5130354771628824
IN.ADM2.00515,wheat,2005,1.909807733851804,2.9219457052269973,0.28083688583504407,-2.5130213318498513
IN.ADM2.00043,arhartur,2014,0.9591836734693876,0.7859185654277765,0.06391793881966512,2.5129177291168023
IN.ADM2.00150,potato,2006,29.20132450331126,20.661864579845403,3.7295395158139515,2.5128672163879013
IN.ADM2.00463,potato,2008,16.906529073228814,28.06757566210914,4.0539464654873685,-2.512695454448436
IN.ADM2.00575,sugarcane,2022,90.5,64.91969943942124,5.952111774694522,2.5126946234699075
IN.ADM2.00286,groundnut,2009,0.4666666666666667,0.7725527038158617,0.0694078366240367,-2.512678172170145
IN.ADM2.00548,wheat,2012,2.787179487179487,1.4579152293230004,0.5265155675773472,2.5125575006012877
IN.ADM2.00012,rice,2003,2.3751006077797547,3.410235999498513,0.302210726062237,-2.512483894641073
IN.ADM2.00013,bajra,2018,0.7300713860797144,1.2020092983001487,0.3269539159030794,-2.512294234260711
IN.ADM2.00514,arhartur,2011,0.4285714285714285,1.0132618942014102,0.2901992499018138,-2.512207407496962
IN.ADM2.00220,rice,2022,4.442995898186128,2.4196387301342095,0.5423206162331426,2.5117714340605737
IN.ADM2.00247,rice,2019,0.0443333333333333,0.8311964081932098,0.4771433141624684,-2.511525486444065
IN.ADM2.00210,barley,2021,1.7647058823529411,0.870147426347288,0.2757778091032297,2.5109777918497116
IN.ADM2.00005,wheat,2016,2.0,0.9019906091155595,0.3638793425485597,2.5106439929850537
IN.ADM2.00242,bajra,2014,1.5,0.8907740975177951,0.23146521565419745,2.5101508246083317
IN.ADM2.00210,maize,2022,3.2098725073553447,1.6266658855295806,0.3013724524108434,2.5100220953413626
IN.ADM2.00335,soyabean,2000,0.5140584132519617,1.0844308957383015,0.2505919470054885,-2.5097033408865754
IN.ADM2.00222,sesamum,2004,1.0,0.4956790123456789,0.18667104808962048,2.5094392689617453
IN.ADM2.00227,bajra,2018,1.723080923093475,2.014041303424509,0.29289027778677257,-2.509329204668242
IN.ADM2.00230,maize,1999,1.8334527733983088,1.8444320989197516,0.30876211263462405,2.5087613182028576
IN.ADM2.00506,sesamum,2016,0.4890957446808511,0.30913503459937736,0.07805322381071221,2.508706389191152
IN.ADM2.00238,bajra,2017,1.35,0.6366249873815961,0.2781040815576437,2.5086851954825398
IN.ADM2.00129,bajra,2017,1.0427010923535254,1.354149344008481,0.25269503828500967,-2.5085440778733736
IN.ADM2.00219,rice,2022,3.5949026596281226,1.4222887488725646,0.4336015300392818,2.5083156851127737
IN.ADM2.00445,wheat,2015,1.590206097184596,1.8617691180561209,0.24455093655310892,-2.5083055110051555
IN.ADM2.00272,rice,2020,1.8695719455712188,2.5132303909063163,0.27783371205871943,-2.5083015259166492
IN.ADM2.00284,rapeseed_mustard,2009,0.8765020026702269,0.7738183987668716,0.07501040195908851,2.5082485871334086
IN.ADM2.00076,arhartur,2010,0.5666666666666667,1.2456518801995782,0.30810717755864947,-2.5077057902053808
IN.ADM2.00349,potato,2011,19.346534653465348,7.420510647662757,4.819122133449565,2.5071100881921615
IN.ADM2.00216,rapeseed_mustard,2019,1.4583333333333333,0.7815967554729322,0.14544110793070034,2.5070841701500037
IN.ADM2.00285,arhartur,2008,1.1041666666666667,0.9692177225759315,0.12069367738269503,2.506815698338367
IN.ADM2.00191,sesamum,2008,0.7692307692307693,0.28271518214763636,0.18225920512412874,2.5066192097986892
IN.ADM2.00235,rapeseed_mustard,2011,2.2404761904761905,1.4045268006343117,0.3171965769935854,2.5055598638902814
IN.ADM2.00502,wheat,2023,1.8722952004421207,1.8836430202945464,0.07367698267034158,-2.5052982550257035
IN.ADM2.00509,sugarcane,2013,82.5,47.920582562271775,11.640629555513287,2.505046833320958
IN.ADM2.00413,sugarcane,2008,40.07475521981585,55.8544630581551,5.732740333221856,-2.5049442315698554
IN.ADM2.00222,groundnut,1998,2.0,1.3161355628507747,0.36801332580216434,2.5048764443274223
IN.ADM2.00242,rice,2019,0.0134343434343434,0.7535011776408022,0.4332545844732618,-2.5038971632678115
IN.ADM2.00390,potato,2022,35.59668314575225,19.952916975496354,4.713534581742874,2.5036564394698124
IN.ADM2.00574,potato,1997,14.671641791044776,23.48777832541273,2.1351858752418384,-2.5035782323475715
IN.ADM2.00217,sugarcane,1999,18.29268292682927,5.35638689759817,6.329730211005911,2.5035680273123715
IN.ADM2.00495,groundnut,2002,0.4386773547094188,1.3856455511960983,0.28118145960799795,-2.5032248465242706
IN.ADM2.00301,rice,2021,1.6419582034407112,1.7934933667729391,0.23092868040968803,-2.503195198654811
IN.ADM2.00460,arhartur,2018,3.1677018633540373,1.2732806566294999,0.5180414129557063,2.503060318137215
IN.ADM2.00301,soyabean,2002,1.6444444444444444,1.248611406579398,0.15114026431763994,2.502960557675224
IN.ADM2.00303,sugarcane,2004,8.297872340425531,38.75303607390539,11.767035084697987,-2.5026965557357417
IN.ADM2.00266,wheat,2021,2.482329978083747,1.3636604704199269,0.26754785325494673,2.502454443351575
IN.ADM2.00516,sugarcane,2013,84.87806451612904,63.43050504640537,9.069416033755969,2.5023992640636012
IN.ADM2.00229,sesamum,2008,0.6836163294797688,0.44355899183661224,0.10610547524510407,2.502030753320791
IN.ADM2.00339,rapeseed_mustard,2010,1.9172229433215895,1.31447566344026,0.23604210551175697,2.5019397252813778
IN.ADM2.00470,maize,2012,6.102736362824748,3.4234677014168615,0.9472324614093499,2.5018866970358054
IN.ADM2.00302,wheat,2006,0.9411764705882352,1.7651067495173567,0.3210520546834589,-2.5017678421271015
IN.ADM2.00087,arhartur,1998,2.5930758524704247,1.479010649846718,0.4205986706803949,2.5015074041122163
IN.ADM2.00160,rice,1998,0.0164461413556272,1.643962328424831,0.4358928140142543,-2.5012641789593624
IN.ADM2.00097,potato,2008,1.4422058003346347,10.681040777534927,3.6207105571502556,-2.5007395110100523
IN.ADM2.00016,bajra,2022,2.8461538461538463,0.810921522347426,0.5541225384718405,2.5007206648733207
IN.ADM2.00395,potato,1997,14.66974595842956,23.501169387699345,2.1303372173475563,-2.500104967292709
IN.ADM2.00540,maize,2016,0.4196891191709844,1.968710306572801,0.7746306363093933,-2.5000688765702983
IN.ADM2.00337,groundnut,2002,0.7,1.6085625160240529,0.2192502397037122,-2.499852274366118
IN.ADM2.00251,wheat,2007,2.4296028880866425,1.539504019509295,0.37658777895370543,2.4996537873066194
IN.ADM2.00499,rapeseed_mustard,2008,2.607561929595828,1.7025005391366133,0.3944270127199465,2.4995604464976244
IN.ADM2.00540,arhartur,2012,3.295942720763723,1.6236672378419132,0.5749432934255098,2.4994793250717495
IN.ADM2.00431,bajra,2011,1.8072982617704616,1.2508645937684393,0.21783253825628757,2.49904436301388
IN.ADM2.00185,cottonlint,2013,0.5034976304999911,0.2462231913368589,0.10355873033270355,2.498915650712521
IN.ADM2.00426,barley,2005,1.04,2.42201283963749,0.4535514348316086,-2.4988492316539017
IN.ADM2.00071,maize,2007,2.6340954352878567,1.558546941472878,0.4494185977996209,2.4986976326777866
IN.ADM2.00483,rice,2009,1.0983594515181194,2.7623553244752865,0.5889630037522521,-2.498372910804236
IN.ADM2.00286,sugarcane,2008,69.93333333333334,51.29460942840055,8.678186699549226,2.4982852051802866
IN.ADM2.00395,rapeseed_mustard,2015,0.1828750692009595,0.5342092418173673,0.17074200643532714,-2.4982438444747985
IN.ADM2.00517,rapeseed_mustard,2009,0.3473118279569892,0.19682405183056711,0.06024165879329823,2.498068266061202
IN.ADM2.00502,wheat,2022,1.859504132231405,1.8836430202945464,0.07367698267034158,-2.4980408903300866
IN.ADM2.00083,potato,1999,15.085704431798586,8.459152700146026,2.1241820970911993,2.4979814286883593
IN.ADM2.00405,bajra,2014,3.227308228142019,2.1464563403582666,0.3375338195013889,2.497850829295441
IN.ADM2.00112,bajra,2000,0.7662429378531074,1.9819116234975027,0.2941000101225708,-2.497646525246688
IN.ADM2.00045,arhartur,2014,0.9366197183098592,0.7650874036995344,0.04843204921453175,2.4973594313411076
IN.ADM2.00457,sugarcane,2014,179.86626506024098,86.8739877146825,35.50636496445375,2.4971800535232958
IN.ADM2.00344,groundnut,2002,0.75,1.6781813124475875,0.200277848668422,-2.4966761123299266
IN.ADM2.00566,cottonlint,2017,0.0003540001343454,0.2936309727589845,0.11590018591709138,-2.496497611564546
IN.ADM2.00111,bajra,2012,2.382978723404255,1.772893879526454,0.20237325402682246,2.4960423109098584
IN.ADM2.00224,soyabean,2016,1.5348837209302326,0.7992896901146657,0.2546865960715708,2.4955293761898654
IN.ADM2.00572,arhartur,2010,1.625924484235111,0.9990530490493,0.25005932860033964,2.4953371738735006
IN.ADM2.00347,cottonlint,2002,0.1114988009592326,0.41139607143628765,0.06312593314077712,-2.494916887946562
IN.ADM2.00521,potato,2018,20.8672131147541,14.488203708313346,1.8625592934371948,2.4944330265181756
IN.ADM2.00299,potato,2021,4.301675977653631,10.018468601003278,2.0585518779229806,-2.494351325578586
IN.ADM2.00207,wheat,2010,1.182338906259421,1.971418859106718,0.3163765222869864,-2.4941166529785965
IN.ADM2.00271,soyabean,2013,3.8840579710144927,2.0466091110336846,0.7059637835834319,2.4937542100749828
IN.ADM2.00111,rapeseed_mustard,2008,1.0,1.5545807824264182,0.20172589682225275,-2.4934843906155995
IN.ADM2.00217,ragi,2016,0.1666666666666666,0.28222376695003526,0.05420821810701568,-2.493423235674819
IN.ADM2.00180,cottonlint,2017,0.9943642944864584,0.5338360608011306,0.15127833258213894,2.493281859429016
IN.ADM2.00488,jowar,2004,1.7311941879824428,1.1570768126876116,0.27146569751411503,2.4932067806657163
IN.ADM2.00379,arhartur,1998,0.959158415841584,0.7954887129959122,0.15133473431650085,2.4931928880004692
IN.ADM2.00400,rice,2020,2.9457019127240485,2.2347563899374943,0.17586340341506077,2.493152499642374
IN.ADM2.00368,groundnut,2014,3.8664921465968582,2.5688747244665757,0.48902493946798936,2.4930291069653086
IN.ADM2.00272,arhartur,2018,0.160621761658031,0.5312275494454408,0.15746862897324518,-2.4929908210889136
IN.ADM2.00021,maize,2001,5.257199211045365,4.7825814647140374,0.5387613096793611,2.49252551811422
IN.ADM2.00514,potato,2006,13.55854743083004,24.452518781778636,3.524182542350346,-2.492461498036313
IN.ADM2.00569,rapeseed_mustard,1998,0.7643835616438356,0.7772502756989548,0.04039586910010086,2.4921211574159234
IN.ADM2.00061,wheat,2008,1.124083764143326,2.089333279350587,0.36690777344748854,-2.492113983426394
IN.ADM2.00369,bajra,2006,3.790655477432524,2.29160574059114,0.7188433346877497,2.4919998069280145
IN.ADM2.00229,rice,2015,0.3150909090909091,1.104851079760994,0.46845822884450083,-2.4915773469423717
IN.ADM2.00016,arhartur,2011,0.1929945449325294,0.46688008582534574,0.11736399201231154,-2.4904589562024557
IN.ADM2.00027,rice,2001,0.7111111111111111,1.2893506354926032,0.18318914053941204,-2.490350589197926
IN.ADM2.00110,maize,2001,3.088235294117647,1.977247841505455,0.4609311743562936,2.490309493966562
IN.ADM2.00277,groundnut,2003,0.4285714285714285,1.0656493381604886,0.26555363694601825,-2.4902013216292196
IN.ADM2.00133,potato,2021,15.5,23.68209412319872,4.1223150298077025,-2.4898407335554795
IN.ADM2.00395,jowar,2020,2.1543726235741443,1.028180380395044,0.2963770067517907,2.4897310499558754
IN.ADM2.00546,maize,2001,0.3170807453416149,0.8107878622490031,0.19030954224306879,-2.4895245443087646
IN.ADM2.00175,sesamum,2021,1.2282157676348548,0.5139784827419525,0.223465648601149,2.4893471157952742
IN.ADM2.00124,rice,2003,2.3959007551240563,2.3099219758755387,0.13160216740355038,2.488923566530193
IN.ADM2.00422,maize,2017,3.477620573055704,1.8963160237183654,0.5039586623742607,2.4889157933808765
IN.ADM2.00169,wheat,2000,0.1504139391605699,1.342313539374312,0.34030146621502233,-2.4888821672030224
IN.ADM2.00560,potato,2021,14.0,21.838941721947513,3.8407738030765906,-2.488679521262294
IN.ADM2.00578,maize,2016,2.266401845207586,5.249238738978435,1.6997976395130152,-2.488426809106268
IN.ADM2.00417,maize,2023,4.015556167400881,1.9582954967369663,0.5213375036385002,2.4881984575069045
IN.ADM2.00285,groundnut,2009,0.32,0.7735152744127402,0.10210099849135391,-2.488035699075509
IN.ADM2.00278,wheat,2016,2.833333333333333,1.3415404128405817,0.5083968738142867,2.4879683310057366
IN.ADM2.00240,sugarcane,2021,58.28897338403042,27.51706929075203,13.884280607048161,2.487967254963423
IN.ADM2.00299,maize,2001,2.376470588235294,1.8187386683766533,0.2803989550181639,2.487873629758717
IN.ADM2.00532,maize,1999,1.6822429906542056,1.408934411681469,0.24645570391953434,2.487589396919667
IN.ADM2.00085,sugarcane,2014,113.2608695652174,53.5959940096974,20.612580472359443,2.4873569148017265
IN.ADM2.00399,rice,2020,2.981326817170576,2.6313909910920237,0.1751013455096735,2.486470914119046
IN.ADM2.00338,sesamum,2004,0.5139990855544498,0.21932258778901628,0.11719164541740557,2.4850292330020465
IN.ADM2.00075,sesamum,2005,0.9534883720930232,0.8074012077200681,0.08659583191141665,2.4849672834105876
IN.ADM2.00440,potato,2001,33.682906341873164,24.56059367032754,4.291342565010351,2.4848759487435497
IN.ADM2.00365,sesamum,2016,0.017632241813602,0.38244954484348337,0.1673535323500436,-2.4848712978376577
IN.ADM2.00133,rapeseed_mustard,2005,0.6825938566552902,1.5586725966100534,0.26102161534262147,-2.4845744796530322
IN.ADM2.00316,wheat,1997,0.8554216867469879,1.6746556978991192,0.2405072272376819,-2.4843286400067424
IN.ADM2.00132,wheat,2011,5.257936740595165,4.56657057040731,0.2635040300321945,2.4842653608914103
IN.ADM2.00212,sugarcane,2021,97.50089253837916,49.49928593615444,24.105212310891318,2.4840376360204424
IN.ADM2.00243,rapeseed_mustard,2020,1.6449927078269324,0.7790394348966617,0.2347510446240193,2.484029552739625
IN.ADM2.00573,potato,1997,14.658536585365852,23.37356169781687,2.238243740156141,-2.4836914098089995
IN.ADM2.00170,jowar,2020,1.997277676950998,1.4698651547360506,0.1642215124692988,2.483522708907108
IN.ADM2.00387,rapeseed_mustard,1998,0.7955223880597015,0.7679066874458769,0.052248883162677714,2.482712848193462
IN.ADM2.00260,maize,2000,0.6421052631578947,2.596866666238062,0.663137434099183,-2.482597535390565
IN.ADM2.00018,rice,2015,2.6807067296412286,3.333762352994848,0.4126013309403599,-2.482353631127575
IN.ADM2.00097,rapeseed_mustard,2012,2.176959619952494,1.2088374761134295,0.364905030166319,2.482291317420861
IN.ADM2.00421,maize,2023,1.4255823571557555,1.824890363028035,0.5488019168246181,-2.482097932269518
IN.ADM2.00548,rapeseed_mustard,2022,0.8980113636363636,0.4131697556572419,0.10611886256823427,2.482017659288722
IN.ADM2.00441,rice,1997,2.662501012173068,2.4180465731447414,0.16368338147796474,2.480522217394599
IN.ADM2.00554,sesamum,2001,0.2666666666666666,0.1969415790393368,0.04294562311199865,2.4798500251079574
IN.ADM2.00416,groundnut,2004,1.1779176201372998,0.9128947186405523,0.17479136867377518,2.4786102692849292
IN.ADM2.00431,sesamum,2014,0.2291941875825627,0.1272489115089887,0.04018418808199958,2.477076824065583
IN.ADM2.00474,wheat,1998,1.99,1.7672804005907612,0.3025954814511367,2.4768887812857816
IN.ADM2.00233,sesamum,2020,0.24,0.49416880443929434,0.16771984386530533,-2.476494633337149
IN.ADM2.00165,rice,2014,0.4101242236024844,2.0233668745017335,0.748976033288068,-2.476354921530865
IN.ADM2.00340,soyabean,2002,0.3421134890699564,1.066136991148873,0.301557183237645,-2.4760952218581447
IN.ADM2.00444,rice,1997,2.2209110303133395,2.110690909524887,0.26979911818365065,2.4758823659249476
IN.ADM2.00464,arhartur,2006,0.4857142857142857,1.1562840153588674,0.2472706112658256,-2.475750026246441
IN.ADM2.00294,cottonlint,2003,0.765,0.23307431979207935,0.17118727244286397,2.4753169869919813
IN.ADM2.00089,maize,2017,4.418224299065421,2.39804930430499,0.6762986333985388,2.4750766496618533
IN.ADM2.00460,rapeseed_mustard,2022,1.8508223925032945,1.1200381505842505,0.14373429356967443,2.47482554395522
IN.ADM2.00188,arhartur,2007,0.8284342258440046,0.40954069531354,0.16021793075990431,2.474571135932739
IN.ADM2.00111,groundnut,2019,2.6430903155603915,1.7383729432622308,0.21630194796964922,2.4741399734566185
IN.ADM2.00368,cottonlint,2014,0.890347028320702,0.43474959315599865,0.17500864642177516,2.4740769903708943
IN.ADM2.00052,rice,2008,0.6038288506974787,1.4554498653726287,0.30071579368392654,-2.4740576325661037
IN.ADM2.00120,jowar,2002,0.3189655172413793,1.0899645209702795,0.22398854825414152,-2.4739700415530725
IN.ADM2.00568,ragi,2016,1.6829268292682926,2.4226195617858646,0.49284957258466405,-2.4737260273765873
IN.ADM2.00514,groundnut,2011,3.144,2.0134368068510535,0.4531163634275213,2.4735328332966353
IN.ADM2.00414,arhartur,2019,0.219944937289691,0.6636305362149957,0.1727406270045524,-2.473437934492061
IN.ADM2.00003,sesamum,2018,0.6986362620165437,0.3275200897375678,0.08907061112806054,2.4728093198720678
IN.ADM2.00466,sugarcane,2003,111.81463414634146,79.32671082983863,14.479858212292953,2.472723250303218
IN.ADM2.00422,bajra,2023,3.0073447634149297,1.672036775172404,0.4020206352922903,2.4725315361238875
IN.ADM2.00575,ragi,2018,1.1724875267284391,1.4695374916080082,0.13751191970390145,-2.47242899962316
IN.ADM2.00212,bajra,2014,1.5,0.8799810938526071,0.21157305207646904,2.4723091674257267
IN.ADM2.00036,potato,1999,8.957971014492754,7.0792684402598764,0.46718266177952206,2.4723042800374606
IN.ADM2.00458,sesamum,2000,0.9282407407407408,0.7383383577005354,0.1137228435712469,2.4721551338562
IN.ADM2.00301,rapeseed_mustard,2005,0.5797872340425532,0.9327306203030052,0.12103888593544689,-2.4719062552738764
IN.ADM2.00126,groundnut,2000,0.9378531073446328,1.6444583076970587,0.14131037487504797,-2.471540933582244
IN.ADM2.00217,barley,2021,1.5833333333333333,0.7669994219221762,0.2894351640523066,2.471284962812178
IN.ADM2.00462,rapeseed_mustard,2008,0.7808697732846802,1.0609770920330233,0.10214498123978,-2.4710012043885397
IN.ADM2.00278,rice,2002,1.1381766381766385,2.1970121896178685,0.3802222074385812,-2.470977772600718
IN.ADM2.00329,barley,2008,2.5,3.5291716678794463,0.4035331522452508,-2.4705777776760973
IN.ADM2.00406,potato,1999,31.34997046662729,26.03888555262226,3.799972117750716,2.4705764558600056
IN.ADM2.00266,groundnut,2016,1.558139534883721,0.8893190578276124,0.23873619622692646,2.470550115153296
IN.ADM2.00069,potato,2022,25.09390142021721,10.2352522464233,3.7744402929395275,2.4701879881039175
IN.ADM2.00317,rice,2016,1.1985798816568047,2.0769905024611637,0.39415756786150197,-2.4700029015775877
IN.ADM2.00216,sugarcane,2020,70.35485347985347,22.360136757720923,16.112343824258392,2.469930589327431
IN.ADM2.00037,potato,2022,11.11987544134955,8.056884614577221,1.3403957285465804,2.4696303954819006
IN.ADM2.00045,cottonlint,2017,0.0566666666666666,0.07189484447176751,0.006646405474029676,-2.4695740926088137
IN.ADM2.00576,soyabean,2009,1.9318181818181817,1.1794524434523388,0.3102836225595479,2.4692478595513676
IN.ADM2.00179,maize,2003,1.193063737362689,2.6421415242235273,0.589027360641321,-2.4684101998461037
IN.ADM2.00253,sugarcane,1998,21.075949367088608,65.45881437606522,17.080094858141102,-2.4680631516527662
IN.ADM2.00369,bajra,2016,0.9709579540528824,2.29160574059114,0.7188433346877497,-2.4678854646755473
IN.ADM2.00501,sesamum,1998,0.6666666666666666,0.9722222222222222,0.10710311478237004,-2.467666046182792
IN.ADM2.00471,rice,2011,3.914832631789938,2.2831222001077016,0.6350396931425414,2.4674086635737007
IN.ADM2.00141,cottonlint,2020,0.0004059945504087,0.4945947742874695,0.21647902945516972,-2.4670815841660865
IN.ADM2.00296,maize,2007,0.1206703910614525,1.9667170438278556,0.7410515345494904,-2.4669739798655153
IN.ADM2.00364,jowar,2014,2.081967213114754,1.154295972451524,0.383069074031421,2.46594034746861
IN.ADM2.00168,rice,1998,0.0242414512762883,2.3257299267244798,0.7077293837068388,-2.4659380376764246
IN.ADM2.00053,maize,2013,4.317204301075269,1.4453834902543856,0.9981956411502443,2.465461173406084
IN.ADM2.00281,rapeseed_mustard,2009,0.9258517034068136,0.6796465597344642,0.10170311047801474,2.4650896101375466
IN.ADM2.00376,arhartur,2020,0.0821052631578947,0.6014436937402922,0.27670333639808375,-2.4649368858394705
IN.ADM2.00270,wheat,2015,0.553030303030303,1.365899767051027,0.34045131054320166,-2.463993950298395
IN.ADM2.00173,sugarcane,2018,64.29334333083396,100.38996943511573,12.62522352763071,-2.463321752035376
IN.ADM2.00251,bajra,2015,0.0,0.469554830503883,0.18119363935933178,-2.463059893786008
IN.ADM2.00340,sesamum,2002,0.0492539284299485,0.28626502404418963,0.10940974722339392,-2.4628183626072713
IN.ADM2.00360,wheat,2006,1.965034965034965,1.2682972535311137,0.2557906063357454,2.4627400786531912
IN.ADM2.00568,arhartur,2017,1.397222222222222,0.7350266047643412,0.1978380932487779,2.4623723183010613
IN.ADM2.00532,wheat,2017,2.411111111111111,1.44583404700909,0.3586242490987492,2.4622794588601087
IN.ADM2.00216,jowar,2017,2.125294117647059,1.1453643577707529,0.23387991361967597,2.4620675026114203
IN.ADM2.00443,arhartur,2022,1.2509018036072144,0.6963521978094072,0.17524571505084033,2.4617099377664187
IN.ADM2.00257,sesamum,2007,0.5,0.2629559631940522,0.09773224499044257,2.4614645135587443
IN.ADM2.00156,rice,2014,0.8859117591365272,2.2026749731071504,0.6674085722783895,-2.461305697103515
IN.ADM2.00572,groundnut,1999,1.15625,0.7937821398534182,0.11829914870704691,2.4612099207039466
IN.ADM2.00225,soyabean,2016,1.2727272727272727,0.7707989638707412,0.18964901879412974,2.461050460045084
IN.ADM2.00388,maize,2002,0.9639952320852616,2.1234598475208726,0.3251569233676358,-2.460965316285299
IN.ADM2.00113,maize,2006,0.3,1.5730846953123439,0.4562191671760594,-2.4607143725400547
IN.ADM2.00226,wheat,2019,5.35491579359926,3.1771967031871187,0.6128328005802096,2.4602565295788246
IN.ADM2.00488,jowar,2023,2.0474626865671643,1.1570768126876116,0.27146569751411503,2.4602123631826394
IN.ADM2.00261,jowar,2012,0.1756046267087276,0.8126038420046979,0.26146704524534137,-2.4601388253097065
IN.ADM2.00431,maize,2022,2.2104247104247103,1.0524372952260455,0.39658663127907906,2.460020934655606
IN.ADM2.00198,sugarcane,2020,9.250000000000002,87.2572805981897,20.623600936157096,-2.4598620089530696
IN.ADM2.00175,soyabean,2007,1.3470019342359767,0.9202341102340925,0.19756827262363547,2.4596626592285658
IN.ADM2.00279,jowar,2008,0.3478260869565217,0.6788350930724559,0.14897880297475158,-2.459594968317971
IN.ADM2.00444,rapeseed_mustard,1997,0.2661870503597122,0.7720865785262215,0.11196993701515166,-2.4593044822030974
IN.ADM2.00560,groundnut,2010,2.5641025641025643,0.7825267449056098,0.7243108311696712,2.4586997145605967
IN.ADM2.00221,barley,2016,3.888888888888889,2.0447931212061983,0.5320512609245457,2.458624468353099
IN.ADM2.00277,groundnut,1998,1.76,1.0656493381604886,0.26555363694601825,2.458478492741896
IN.ADM2.00054,sugarcane,2022,45.81163434903047,35.47797917386287,4.009663808037876,2.458307375053932
IN.ADM2.00233,bajra,2018,1.25,0.9935393772893772,0.10162621270779225,2.458283706236218
IN.ADM2.00130,barley,2011,4.553978033753014,3.21679038112845,0.5250467320083533,2.4582209808054216
IN.ADM2.00302,rice,2023,1.714516053161241,1.8966319923919495,0.2932853802979495,-2.457940404419654
IN.ADM2.00408,arhartur,2015,0.4160948222083593,1.123215767154709,0.3098293766982439,-2.4577426455313818
IN.ADM2.00220,barley,2014,1.0,2.5155149196366704,0.5577551032163364,-2.457425910854412
IN.ADM2.00462,arhartur,2019,3.200873362445414,1.3927977116203887,0.5315391052001057,2.4571995908597244
IN.ADM2.00545,sugarcane,2012,116.52620967741936,57.49275720906359,22.089232471657496,2.4570027634005687
IN.ADM2.00368,ragi,2022,5.333333333333333,2.6267417383802063,0.5201444854870075,2.456723992012921
IN.ADM2.00186,rice,2023,4.048735036410586,3.243442622782888,0.25053151922683,2.4567089170604
IN.ADM2.00331,wheat,2021,3.656276326874473,4.129894141186687,0.3407089926479507,-2.4564690303403798
IN.ADM2.00271,ragi,2013,1.2830188679245282,0.8911764583049255,0.1535941691704687,2.4563760544805926
IN.ADM2.00495,sugarcane,2015,86.0,60.053,4.684707251337912,2.4563325024494738
IN.ADM2.00423,potato,2011,28.54942965779468,19.542125657600913,3.4101038174553118,2.456117459776143
IN.ADM2.00011,arhartur,2019,0.2643492320129345,0.5673581778053444,0.17637682660386175,-2.456067994048632
IN.ADM2.00410,maize,2002,1.0521006080707571,2.3975969043589886,0.39573812347550613,-2.4557459181592227
IN.ADM2.00210,arhartur,1998,1.0344827586206895,0.5629952957687596,0.16679659910565764,2.4554278542698715
IN.ADM2.00350,maize,2020,3.0,1.6419059070545317,0.38616501603954057,2.4551592779596465
IN.ADM2.00084,wheat,2004,0.8230117820324006,2.376022600329096,0.47627307443247424,-2.455103216315529
IN.ADM2.00078,potato,2021,22.803968491375013,10.786813426971039,2.5375002693393554,2.4550242225855556
IN.ADM2.00518,rice,2012,0.7947598253275109,1.8328651585979188,0.46124388585408876,-2.45499220416444
IN.ADM2.00559,maize,2010,1.3236267372600927,2.9257295680048845,0.6682213602023636,-2.4544188502176665
IN.ADM2.00254,rice,2008,0.7293212420994779,1.619064402553388,0.32153738013406646,-2.454400095817264
IN.ADM2.00520,sugarcane,1999,31.10164835164835,57.405502195477226,8.111154671510782,-2.4541100958915454
IN.ADM2.00145,ragi,2007,1.0,0.650435446906035,0.18010464120482597,2.4540868596180383
IN.ADM2.00244,arhartur,2019,1.8049295161851724,0.741729396706069,0.2968870396788265,2.4538254017591736
IN.ADM2.00483,sesamum,2010,0.6666666666666666,0.8602612477289141,0.07895855001523382,-2.4529772007134913
IN.ADM2.00399,potato,1997,13.19604471195185,24.559261680521942,2.8980523799364186,-2.452428377360556
IN.ADM2.00472,potato,2020,25.233824975417896,13.038397058323097,3.349861665391998,2.4524135476213695
IN.ADM2.00268,wheat,2015,1.3516666666666666,1.7187878333328341,0.23009377073021794,-2.4522889541979955
IN.ADM2.00299,bajra,2004,1.6363636363636365,1.0440749610862508,0.24454820720061618,2.4522408939956937
IN.ADM2.00050,rapeseed_mustard,2008,0.1919504643962848,0.4761862567934212,0.111662654211103,-2.452220701941881
IN.ADM2.00350,sesamum,2003,0.4530973451327433,0.2750518244230697,0.09370128931149943,2.4520957783321276
IN.ADM2.00391,maize,2015,0.6632510479739171,1.2442432160770152,0.2779788326894799,-2.451919399096983
IN.ADM2.00205,wheat,2017,2.485961123110151,1.3093834939821245,0.31933899134562477,2.4516233954946007
IN.ADM2.00555,sesamum,2018,0.3925729442970822,0.19298480801673454,0.06792667372030049,2.4514061778476046
IN.ADM2.00530,ragi,2022,0.9491379310344829,0.6196592277902951,0.1061352619359286,2.451330765981081
IN.ADM2.00060,wheat,2012,3.726008908084762,2.044056171554694,0.637210179215678,2.451044924654883
IN.ADM2.00335,sugarcane,2013,89.82477754962355,63.91668733741186,8.896262496960022,2.450674771085453
IN.ADM2.00503,potato,2022,6.666666666666667,7.447564569361222,0.14980986027839982,-2.450563296129869
IN.ADM2.00408,sugarcane,2008,48.946990007311726,58.9064703138068,3.6499511259273376,-2.4504672473109803
IN.ADM2.00453,groundnut,2006,1.78,1.207298240538479,0.28150608122780424,2.4500306184686385
IN.ADM2.00080,sesamum,1998,0.53125,0.7918092157945305,0.052878756469980984,-2.449853376505307
IN.ADM2.00401,sesamum,2002,0.3333333333333333,0.20002101945308806,0.06417681129707362,2.4496617255655586
IN.ADM2.00466,groundnut,2012,2.925925925925926,1.5418136332635093,0.5003306403441435,2.4495831401613946
IN.ADM2.00205,rapeseed_mustard,2017,0.304860088365243,0.8169338291656028,0.21064580139640993,-2.4494875860443113
IN.ADM2.00172,soyabean,2015,0.3400995024875622,0.8525748172535432,0.2275671375784239,-2.44891097512252
IN.ADM2.00334,jowar,2009,0.2025537285178724,0.6470619595472519,0.17120912744445,-2.4488555770618716
IN.ADM2.00340,maize,2018,4.703564964855423,2.186031291442543,0.6926866000049422,2.4487507880638693
IN.ADM2.00297,wheat,1998,3.0,1.8263370424952716,0.4077905088711647,2.4486608013651923
IN.ADM2.00299,groundnut,2003,1.7142857142857142,1.0310759618264689,0.26602610969435814,2.4485174543470847
IN.ADM2.00252,maize,2014,0.6923076923076923,2.0271199612561293,0.6030556073751926,-2.44837320297417
IN.ADM2.00562,cottonlint,2008,1.02,0.5406494708994709,0.20180876708081247,2.447659876260278
IN.ADM2.00312,maize,1999,1.0893536121673004,1.311683890081372,0.20034328205573151,2.4476259264906735
IN.ADM2.00522,rice,2016,2.5787973781704188,1.451668392352115,0.3855512099081136,2.4474588331763156
IN.ADM2.00059,rapeseed_mustard,2019,0.4414230953521801,0.5512223424499691,0.08743038522740772,-2.4473885552297596
IN.ADM2.00297,groundnut,2009,0.75,1.0703540629946346,0.1371308882033272,-2.4472661428859026
IN.ADM2.00160,rapeseed_mustard,2001,1.2119736465196218,0.559130354292056,0.26517763560939406,2.4472318102559067
IN.ADM2.00508,wheat,2018,3.266666666666667,1.609181078888272,0.5195097214313993,2.4467963677811233
IN.ADM2.00521,sesamum,1999,0.7777777777777778,0.4034188874198835,0.14985372403378283,2.4467241312445664
IN.ADM2.00236,wheat,2014,3.4321608040201004,1.8500756488703243,0.4935804694377618,2.4466941216487523
IN.ADM2.00319,rice,2016,3.918229166666667,3.0161067390972414,0.2689080510679834,2.4464555530728607
IN.ADM2.00333,groundnut,2002,0.1144295302013422,1.2180926954551285,0.30181630578654883,-2.446389126379129
IN.ADM2.00141,maize,2021,1.7647058823529411,1.8348035650623884,0.5257863529262751,-2.4463283616508305
IN.ADM2.00010,potato,2006,15.1337513061651,11.326299002325934,2.809585117360379,2.445959854622158
IN.ADM2.00377,maize,2016,1.255287009063444,4.732398946340989,1.6882041126902427,-2.4457903816011717
IN.ADM2.00369,arhartur,2009,0.28328611898017,0.7264754819672695,0.18023710740114418,-2.4456187909550384
IN.ADM2.00340,barley,1997,2.466666666666667,2.7658885754333773,0.26240700747467516,2.4454720465345723
IN.ADM2.00401,cottonlint,2020,0.3636363636363636,0.10008938506159486,0.10475803676093216,2.444917452496391
IN.ADM2.00420,rapeseed_mustard,2014,0.2981421039417524,0.7112176327754445,0.1949759793407036,-2.4446847385787254
IN.ADM2.00180,soyabean,2017,1.95701662423244,0.8894159251603001,0.36106572582152924,2.4445216958521327
IN.ADM2.00025,sugarcane,2000,72.44731120831915,92.38573923356131,5.80759748714612,-2.444168675836742
IN.ADM2.00150,maize,2022,3.5,2.386045096460406,0.3243773527791154,2.443857440279882
IN.ADM2.00555,jowar,2021,2.2621411322779714,1.2227202435824198,0.2904478151241776,2.443633984608133
IN.ADM2.00043,cottonlint,2005,0.0566666666666666,0.09208333333333331,0.017573447791178566,-2.443327623747108
IN.ADM2.00471,maize,2022,3.306933842239186,2.936109438210713,0.46295149452903656,-2.4430744063270065
IN.ADM2.00179,wheat,2014,1.1698292220113853,0.6332819423205701,0.20173548782214468,2.443029671511793
IN.ADM2.00394,maize,2008,0.3277432879142143,1.3049254645439703,0.3859725494489553,-2.442540608363558
IN.ADM2.00021,jowar,2003,2.8565279770444763,1.2828821592121786,0.762912149450908,2.4424114352244883
IN.ADM2.00175,cottonlint,2018,0.2921323963457484,0.35331962857930466,0.04916791860836495,-2.4418988781183284
IN.ADM2.00212,cottonlint,2010,1.5072765446910616,0.4119124781511887,0.4451949205916015,2.4418080215970184
IN.ADM2.00427,rice,2018,3.27299265539355,2.4610624665282668,0.21132603357743557,2.441685940978078
IN.ADM2.00124,rice,2000,1.6434955312810329,2.3099219758755387,0.13160216740355038,-2.441661421641006
IN.ADM2.00491,bajra,2003,1.136874361593463,0.8298337969585607,0.20939457528921432,2.4413483345922704
IN.ADM2.00233,rapeseed_mustard,2018,0.6050642479213908,0.8616837474144915,0.18677524602461934,-2.4411841743878226
IN.ADM2.00053,cottonlint,2013,0.0425,0.079097619047619,0.015245794164512562,-2.441159174046659
IN.ADM2.00297,arhartur,2002,0.5483870967741935,0.9087674647731278,0.13913715168292073,-2.440991658493928
IN.ADM2.00571,sugarcane,2008,44.76397578203834,60.726606335302094,5.7654284336541775,-2.440863350088595
IN.ADM2.00228,bajra,2017,2.54,1.4745732262384055,0.3454420820547919,2.4399972750583
IN.ADM2.00021,jowar,2020,3.558139534883721,1.2828821592121786,0.762912149450908,2.439862690892448
IN.ADM2.00413,rapeseed_mustard,2006,0.957943731039355,0.7863787209480856,0.08938742173242019,2.439759662228915
IN.ADM2.00393,groundnut,2000,1.2904689863842662,0.9093568000333946,0.18463843827805412,2.4396637404493666
IN.ADM2.00279,rice,1998,1.0,0.7696969696969697,0.16545288044450376,2.439584989708358
IN.ADM2.00173,sugarcane,1999,76.77883734249714,100.38996943511573,12.62522352763071,-2.439466491214359
IN.ADM2.00516,rice,2013,3.1911764705882355,1.4944861884155134,0.650223663034208,2.439437018863075
IN.ADM2.00342,potato,2019,30.0,7.459999999999999,7.855154437356552,2.4393805752291824
IN.ADM2.00347,rapeseed_mustard,2007,0.3058527670608081,0.7944618264535905,0.19866970654492935,-2.4391718673082674
IN.ADM2.00085,barley,2017,1.736842105263158,1.0654658601036717,0.19529694885868537,2.4390393291965853
IN.ADM2.00220,maize,2001,4.114285714285714,2.2649281874958063,0.8504287370758502,2.4389532338692597
IN.ADM2.00233,sugarcane,2021,47.5,25.423672358980934,9.770807464318446,2.438782156895521
IN.ADM2.00340,rice,2002,0.4284170718530524,1.9633027557420122,0.373997114812936,-2.4386693541947
IN.ADM2.00460,wheat,2019,2.588846296525288,2.811685070344738,0.2123847240728295,-2.4385101282277293
IN.ADM2.00262,groundnut,2006,1.0649350649350648,1.5501779121424857,0.21183151497871727,-2.438391635513923
IN.ADM2.00470,sesamum,2002,0.5,0.7819985349853436,0.06725150970008348,-2.4378703944698508
IN.ADM2.00059,maize,2023,3.88453488372093,1.0953288570830049,0.8143999376806522,2.4377085995516743
IN.ADM2.00374,potato,2014,11.5,16.99583333333333,2.5929718318931796,-2.4375913665899556
IN.ADM2.00244,cottonlint,2021,0.5,0.12928571428571425,0.1165180098934838,2.437305371129482
IN.ADM2.00553,groundnut,2012,1.598976109215017,0.9249976819595495,0.2825266283115041,2.4367399052702186
IN.ADM2.00141,sesamum,1999,0.0,0.6128090451211164,0.17943738318422353,-2.436539527716964
IN.ADM2.00325,sesamum,2014,0.5,0.2898279076476516,0.08788662975909955,2.436538635988607
IN.ADM2.00483,arhartur,2016,0.6598870056497175,1.2948113889543034,0.29989896138657257,-2.435928934864795
IN.ADM2.00205,arhartur,2017,1.8,1.1086190195788181,0.24291030547852263,2.4348512701544607
IN.ADM2.00464,sugarcane,2009,47.087765957446805,77.93991557279752,12.535990194861599,-2.434311143202283
IN.ADM2.00120,rice,1998,3.0,1.853394268385242,0.5628487652206542,2.4339601055205518
IN.ADM2.00105,bajra,2014,1.6666666666666667,1.421001108104839,0.1174812819935459,2.4339284115693496
IN.ADM2.00226,bajra,2018,1.653543307086614,0.9437952551916619,0.265607631732268,2.4334595058642
IN.ADM2.00507,sesamum,2011,0.081006160164271,0.2048495782943829,0.05369024039081971,-2.4330134960925682
IN.ADM2.00250,jowar,2018,0.1265043970280576,0.47666534508883307,0.1831037009857815,-2.4327120865051364
IN.ADM2.00425,maize,2020,2.5698924731182795,1.248152912670597,0.3625841194294984,2.432026086299532
IN.ADM2.00501,soyabean,1999,0.8,1.1281319711840754,0.057922172089421235,-2.431863161153977
IN.ADM2.00549,sugarcane,2016,32.525,48.553320278962836,5.226113204785013,-2.4318491812061325
IN.ADM2.00419,sesamum,2018,0.3922413793103448,0.1921954018326429,0.06885983025747955,2.4317873163867367
IN.ADM2.00083,maize,2017,1.5416119641532051,2.6910738525331634,0.66631661039315,-2.4317341814085083
IN.ADM2.00215,sugarcane,2021,32.46376811594203,17.337601381405044,8.23528902150164,2.431615226421267
IN.ADM2.00349,potato,2010,19.084745762711865,7.420510647662757,4.819122133449565,2.4312001289182725
IN.ADM2.00077,wheat,2014,1.1180480094833547,2.476003611333402,0.6937090800514439,-2.4310030829676235
IN.ADM2.00004,sugarcane,2002,68.33130699088146,90.9063139844867,8.352050285613497,-2.4305909372262002
IN.ADM2.00151,potato,2004,14.505095801059928,8.47823016388732,2.0444178927030983,2.4304327909868735
IN.ADM2.00491,rapeseed_mustard,2010,1.5596376446904885,0.9758793731419749,0.23904708090407797,2.430215333140444
IN.ADM2.00114,potato,2000,28.0,25.159176657810395,3.2269051428990445,2.4299278599482697
IN.ADM2.00335,bajra,2003,1.1394230769230769,0.8432563547906119,0.21368735248353346,2.429833977411589
IN.ADM2.00522,rapeseed_mustard,2012,0.1759336099585062,0.10284064962101092,0.0285253990428264,2.4297335808381875
IN.ADM2.00210,sugarcane,2020,23.92957671676669,5.6893825006856344,7.376644558873502,2.4294318052562964
IN.ADM2.00211,sesamum,2014,0.6111111111111112,0.3376649401155517,0.09826035002739254,2.429235696885975
IN.ADM2.00206,arhartur,1998,1.2608695652173914,0.6341604848331965,0.20543283727361666,2.428836986121472
IN.ADM2.00043,rice,2021,1.5214481443598389,1.8297607268386382,0.2634704886555804,-2.4284258078888543
IN.ADM2.00225,wheat,2016,2.7551020408163267,1.340105636780765,0.3688100538692051,2.4283985288779055
IN.ADM2.00462,groundnut,2022,1.3507462686567164,2.0154242746330624,0.5349838026818438,-2.4278974079509825
IN.ADM2.00218,wheat,2016,3.888888888888889,2.2959122385334627,0.481730021941206,2.427673277731458
IN.ADM2.00577,sesamum,2007,0.1503448275862069,0.44341150565992044,0.10757765157970976,-2.427412549303243
IN.ADM2.00266,soyabean,2019,1.672083358249118,0.9310899426086575,0.32406306813720526,2.4273481347939727
IN.ADM2.00239,wheat,2007,1.1429806791038006,2.511120588038119,0.46477233656430866,-2.426851125172727
IN.ADM2.00472,jowar,1997,0.8303886925795053,1.0508177563959489,0.08017656571363344,-2.4268201605909496
IN.ADM2.00547,rapeseed_mustard,2018,0.2860328638497652,0.15392607402614858,0.04085171878906688,2.426656972664079
IN.ADM2.00418,rapeseed_mustard,2014,0.3074486301369863,0.7979868443209088,0.25017427919615726,-2.4260875037068597
IN.ADM2.00267,sugarcane,2015,28.16489361702128,64.17943953644799,14.19324207191651,-2.4257994985621276
IN.ADM2.00049,sesamum,1998,0.5515955242436801,0.7320907848819238,0.04846592939065324,-2.4254608335396886
IN.ADM2.00369,arhartur,2008,0.2581453634085213,0.7264754819672695,0.18023710740114418,-2.4254424794562053
IN.ADM2.00075,rice,2004,0.5524156636718088,2.3592735029872034,0.5130872076221561,-2.425153860846452
IN.ADM2.00143,barley,1999,3.2017075773746,1.8168801138384916,1.1465181355851624,2.4248369457602394
IN.ADM2.00181,rapeseed_mustard,2008,0.4,0.2540315876928404,0.05787435115122027,2.4247244908443513
IN.ADM2.00367,groundnut,2016,1.6857564505379414,2.1764216808712784,0.3989343839277244,-2.4246639453244376
IN.ADM2.00088,groundnut,2017,0.7295597484276729,0.9489827732472405,0.07171397373055093,-2.4245563782937913
IN.ADM2.00154,wheat,2023,3.3914752881592736,1.6494168881384117,0.5595682044217111,2.42433721973236
IN.ADM2.00274,wheat,2016,2.484375,1.840396669122072,0.19666578289110412,2.4242430609634136
IN.ADM2.00283,soyabean,2009,0.4222222222222222,0.7941756198862548,0.16445911475092312,-2.424239522118601
IN.ADM2.00117,rice,2002,0.7652284263959391,1.8107315727415754,0.2672212879161537,-2.4241429345331924
IN.ADM2.00459,maize,2003,1.3695014662756595,5.136223527350925,1.2305546766325404,-2.4237773836446665
IN.ADM2.00452,rapeseed_mustard,2000,1.0537852648670591,0.9308480820827782,0.09843813016145693,2.423321269492698
IN.ADM2.00482,wheat,2015,2.236017905592838,2.7184863090523375,0.32176973223378275,-2.4232984306277965
IN.ADM2.00153,bajra,2018,1.0,0.5350828814901059,0.16017549679316126,2.423258621340029
IN.ADM2.00444,potato,2011,28.549447911665865,19.833324494905835,3.3112189957561866,2.4228576007472875
IN.ADM2.00437,wheat,2015,1.1101903318174162,1.5014207473652643,0.2034439029102022,-2.422565804307435
IN.ADM2.00284,sugarcane,2009,67.43820224719101,53.263515610113984,7.245454043426067,2.422564990324001
IN.ADM2.00014,cottonlint,2019,0.5263034741046934,0.2809438319220546,0.06979174819411206,2.4225377112025175
IN.ADM2.00173,sesamum,2020,1.36741214057508,0.6353559797622647,0.21393293038356767,2.4217357756156463
IN.ADM2.00141,arhartur,2010,2.1739130434782608,1.1048926447958596,0.45041353959559083,2.4216330875981478
IN.ADM2.00507,rice,2011,0.5531914893617021,1.522763066563009,0.4110235026945822,-2.421561193356441
IN.ADM2.00417,arhartur,2008,0.5,0.8123762393375429,0.14767870841691416,-2.421521985431279
IN.ADM2.00436,soyabean,2020,1.668896321070234,0.9140158225804002,0.3423098473587889,2.4215081683201842
IN.ADM2.00261,maize,2014,0.5588235294117647,2.202319382515592,0.7615358812903247,-2.4207031591549715
IN.ADM2.00216,sugarcane,2021,70.35955056179775,22.360136757720923,16.112343824258392,2.420580752597473
IN.ADM2.00528,potato,2017,9.020754716981132,13.051871254528505,2.1048606478067864,-2.4201667177778634
IN.ADM2.00302,soyabean,2004,1.5853658536585369,1.2566027679427911,0.1306488982399569,2.4200516849524836
IN.ADM2.00483,rapeseed_mustard,2016,0.7491166077738516,0.931906485521209,0.11678427958373276,-2.420038565321551
IN.ADM2.00509,groundnut,2020,1.531899641577061,0.908771435758055,0.18960791314736497,2.42000190497277
IN.ADM2.00069,maize,2023,5.943101736972704,2.648545256246149,0.5865427660564347,2.419918481174302
IN.ADM2.00257,wheat,2019,0.7205257720123981,0.9088205847928026,0.18262848232349643,-2.4198850580292928
IN.ADM2.00261,groundnut,2019,1.4527248850952068,0.8133133079620558,0.218215972849559,2.419625248231264
IN.ADM2.00298,bajra,2002,1.6538461538461535,1.011557006356411,0.25340617370943785,2.419478201139206
IN.ADM2.00180,arhartur,2015,0.3480532203847214,0.6501053658718572,0.1845718536766809,-2.419135335717672
IN.ADM2.00406,jowar,2015,0.8031784841075794,1.2562210614478506,0.2346104861070865,-2.419051387569673
IN.ADM2.00456,maize,2023,7.611006315098827,2.0568134560963904,1.6019041170958102,2.41897141055849
IN.ADM2.00559,bajra,1997,1.0,1.4144537167093556,0.4224279664811863,2.4185642550933415
IN.ADM2.00140,bajra,1999,0.65237651444548,1.7176480264700056,0.20894825475872206,-2.418443727077374
IN.ADM2.00297,sugarcane,2002,26.56451612903226,49.41734793890346,13.062680728280787,-2.417921970179448
IN.ADM2.00050,wheat,2009,1.0,1.2503631133409525,0.08046492386612032,-2.417757371017495
IN.ADM2.00268,rice,2010,0.4060913705583756,1.3338426976919353,0.3837283459112611,-2.417729461529404
IN.ADM2.00574,jowar,2020,1.8179054054054051,0.8282081051586685,0.31643292722160093,2.417643282810211
IN.ADM2.00495,wheat,2006,2.585848211934481,3.5372166843298207,0.292732311565636,-2.417481142824289
IN.ADM2.00280,sugarcane,2017,41.997593261131165,71.01780455195194,11.334934143836756,-2.4168561211834705
IN.ADM2.00263,rice,2023,0.7973621735689791,0.4185276636904891,0.17578581418614672,2.415998839693553
IN.ADM2.00483,potato,2020,32.44230769230769,15.943806211564842,4.733095804735345,2.4148701275598925
IN.ADM2.00185,maize,2016,2.0045263191213243,3.1566302371226813,0.5292037999962178,-2.4148677807047485
IN.ADM2.00463,potato,2014,40.77692738473026,28.06757566210914,4.0539464654873685,2.413749320200775
IN.ADM2.00114,bajra,2018,1.3981900452488687,1.655326250651302,0.3727590560414118,-2.4137318727909887
IN.ADM2.00016,cottonlint,2011,0.1710000048695212,0.2940453062371464,0.056820785586386355,-2.4136980022891708
IN.ADM2.00124,ragi,2002,0.627906976744186,0.8041024377575796,0.10816200888353802,-2.413658944804314
IN.ADM2.00494,barley,2007,1.666191155492154,2.5883568822042884,0.2717828866864719,-2.413608262227362
IN.ADM2.00573,sesamum,2009,0.0460142360759707,0.16218667532965247,0.046008210851040156,-2.4135997490259093
IN.ADM2.00365,rice,2023,2.6219956987573103,4.112142806456623,0.5375053448677217,-2.4133448352467615
IN.ADM2.00430,bajra,2016,1.1705756929637527,1.6470690721788788,0.2686212802809106,-2.413035197804987
IN.ADM2.00143,potato,2011,15.0,21.011242754197507,2.697218155696062,-2.4126950943319185
IN.ADM2.00301,barley,2003,1.0434782608695652,1.2944837269946343,0.2386445814327615,-2.4125913902383345
IN.ADM2.00098,potato,2016,9.59524838012959,11.19894725276306,2.022652489603687,-2.4123022628202513
IN.ADM2.00537,wheat,2009,1.0253074739829706,1.8343620009653883,0.31217999273112906,-2.4121985283347587
IN.ADM2.00021,rice,2007,2.993939393939394,2.312076423796627,0.3409785911822568,2.4116878479376482
IN.ADM2.00014,ragi,2015,0.5592105263157895,1.2584141446366015,0.30320891791587506,-2.4116744520602156
IN.ADM2.00553,rapeseed_mustard,2014,0.451165371809101,0.7611458883007932,0.15340553098990983,-2.4114959032228334
IN.ADM2.00005,sugarcane,2002,73.51976413604297,89.01912608900018,5.923210010956224,-2.411318384044862
IN.ADM2.00207,potato,2010,8.154349859681945,11.365743903455169,1.4318560151576851,-2.411215276819662
IN.ADM2.00268,bajra,2023,0.4837280243410352,0.9188902878115047,0.28864880382329633,-2.4111445972200816
IN.ADM2.00473,maize,2012,3.114085667215816,1.8074434416984049,0.5083171902384239,2.41072848151008
IN.ADM2.00296,rapeseed_mustard,1997,3.4,1.041976659233861,0.7446078918150841,2.410406989811028
IN.ADM2.00378,groundnut,2016,1.0422978920546675,1.7991807536952749,0.37492149391392726,-2.4102676320806724
IN.ADM2.00408,jowar,2015,0.803030303030303,1.2067656391479529,0.22027769487859167,-2.410168797026939
IN.ADM2.00188,sesamum,2014,0.0992647058823529,0.5325783198802987,0.19580346261484494,-2.409894427738
IN.ADM2.00502,rice,2022,2.5472533597572307,2.403783897685464,0.3050098845599213,-2.4094911012536473
IN.ADM2.00237,rice,2015,0.2857142857142857,0.8829447162617667,0.35268084594055965,-2.409426623635005
IN.ADM2.00438,rice,2015,1.7989975942261427,2.149055117592273,0.2115241508774858,-2.4092763331792293
IN.ADM2.00036,maize,2011,1.944932968141848,1.6463178090613966,0.11786440381026815,2.409229284462715
IN.ADM2.00541,potato,2020,21.947916666666668,11.59352495414749,2.869542737124394,2.409154401583129
IN.ADM2.00299,maize,2009,1.1277372262773722,1.8187386683766533,0.2803989550181639,-2.4089278761782946
IN.ADM2.00498,arhartur,2003,1.4492753623188406,1.025009078424834,0.1593380617091525,2.4089067305362395
IN.ADM2.00233,barley,2014,1.0,1.7802282072003148,0.4618337139444194,-2.408807233761626
IN.ADM2.00442,rice,2010,2.0380004054851075,2.6939355958245517,0.2723217852514662,-2.408676888387143
IN.ADM2.00049,sugarcane,2015,30.889566571502726,41.51425496775308,3.9997587719443293,-2.408663812694773
IN.ADM2.00206,cottonlint,2020,0.4381762917933131,0.14339679936365887,0.08672102027178637,2.408625412750768
IN.ADM2.00328,rapeseed_mustard,2017,2.0,1.2124007936507937,0.2600037957080082,2.408461083013583
IN.ADM2.00409,rapeseed_mustard,2015,0.6007239067228387,0.8867531611930338,0.16477581289510237,-2.4084589266446894
IN.ADM2.00459,arhartur,2006,0.25,0.740243333898868,0.19172756896674364,-2.408411911201363
IN.ADM2.00159,barley,2014,0.3518518518518518,0.31924489447514787,0.013048785989239104,2.4079630801696297
IN.ADM2.00369,bajra,2014,4.326599326599327,2.29160574059114,0.7188433346877497,2.407694223427902
IN.ADM2.00076,sugarcane,1999,25.33333333333333,45.52472765332467,5.183796181120092,-2.4072943754158076
IN.ADM2.00219,bajra,2002,0.4364406779661017,1.362876897164386,0.32433559865779593,-2.407110242086843
IN.ADM2.00291,rice,2023,1.8172377770817,1.7937282326219324,0.14338172689712733,-2.4069242169373264
IN.ADM2.00344,bajra,2003,1.1375,0.845379084254553,0.21450617239761227,2.406806318897191
IN.ADM2.00510,groundnut,2004,0.5,0.8992673992673992,0.16545911885057535,-2.4064726062851345
IN.ADM2.00554,arhartur,2019,0.2203389830508474,0.6458797512749146,0.16250780339281307,-2.4063039637083663
IN.ADM2.00145,maize,2005,1.2278951279057424,2.776781770470727,0.5653783734861076,-2.405724584608741
IN.ADM2.00170,potato,2006,20.68227424749164,11.418522097729943,3.407890087072872,2.405526966245255
IN.ADM2.00550,groundnut,2014,2.1951965065502184,1.2035887222385215,0.34358445731309545,2.4054935748740554
IN.ADM2.00366,cottonlint,2009,0.7114977810650888,0.3825401356536267,0.1378036131725175,2.4049796541678834
IN.ADM2.00129,rapeseed_mustard,2022,1.2422397806982182,1.4482146616969835,0.20452483150491474,-2.4049636398440843
IN.ADM2.00226,rapeseed_mustard,2014,1.8888888888888888,1.09772647446275,0.273197676094888,2.404889418873404
IN.ADM2.00111,wheat,2012,2.828346456692913,2.110744230080703,0.2723145742894278,2.4044795390022564
IN.ADM2.00507,ragi,2023,1.2226625802930433,0.6334199031938739,0.12910437321376644,2.4042269568702204
IN.ADM2.00266,sugarcane,2010,20.666666666666668,62.972689146475545,17.634536126300677,-2.4041913133162827
IN.ADM2.00429,sesamum,2009,0.1,0.19706895600052202,0.038591742721908094,-2.4040085204177815
IN.ADM2.00073,potato,1998,10.289670451398504,6.62123748791109,1.7753460600917148,2.4038546839116575
IN.ADM2.00047,sesamum,2008,0.4305555555555556,0.5513439706177938,0.04306393151403248,-2.4037282094050485
IN.ADM2.00443,rice,2004,0.8814465576017535,2.158185492290103,0.38406130399165567,-2.4032824049620993
IN.ADM2.00572,rapeseed_mustard,2006,1.263586956521739,0.7862417033006956,0.20092787504933435,2.4032329770737
IN.ADM2.00499,wheat,2011,5.564067413918233,4.585081051616038,0.39304874445340426,2.402984811318791
IN.ADM2.00007,sugarcane,2002,48.03350697361788,62.42946868497446,5.1540480524146695,-2.4012749096474484
IN.ADM2.00413,groundnut,2000,1.2878048780487803,0.9067133042445988,0.18600421426233885,2.4007739782081234
IN.ADM2.00173,jowar,1998,1.7572485341460706,1.5505337858876072,0.27535762690758164,2.400678342073917
IN.ADM2.00575,rice,2008,2.2073568673983983,2.7759990228952054,0.20425611940593455,-2.4006120684008576
IN.ADM2.00394,arhartur,2008,0.2038970076548364,0.9156413688522853,0.28410361354592323,-2.400462415540801
IN.ADM2.00221,sesamum,2013,0.3809523809523809,0.5852128368995829,0.12159407698092072,-2.399959894360143
IN.ADM2.00218,jowar,2013,3.37528227036924,1.906392975208617,0.48232112452535625,2.399836663982717
IN.ADM2.00524,rapeseed_mustard,2000,0.0403846153846153,0.16690417336620075,0.030419336816506132,-2.399827197970178
IN.ADM2.00289,soyabean,2008,0.8932038834951457,0.9951160354304405,0.03913533300899067,-2.3996961087564594
IN.ADM2.00392,sesamum,2001,0.2558139534883721,0.19153047091796413,0.043373457588018555,2.399657174586528
IN.ADM2.00186,sesamum,2017,1.0713368787823216,0.4743591126516325,0.20119140736821897,2.3990500222503064
IN.ADM2.00259,jowar,2012,1.1538461538461535,0.6260346004602171,0.2005035287233135,2.398919981832051
IN.ADM2.00274,groundnut,1998,1.3779527559055118,0.9829279022551642,0.22099997359959392,2.3988974148590834
IN.ADM2.00390,bajra,2023,0.6036322483170876,1.0341167704599141,0.21512811475272522,-2.39882991222323
IN.ADM2.00043,maize,2023,0.2785430463576159,1.1398518142027954,0.6658619444992282,-2.3988188508629436
IN.ADM2.00168,rice,1997,0.0210306630277733,2.3257299267244798,0.7077293837068388,-2.3987371560004953
IN.ADM2.00269,rice,2023,0.7975202156334231,0.3529164472368195,0.16628023803823772,2.3986532521552233
IN.ADM2.00261,wheat,2000,2.477366255144033,1.458035767883295,0.43446371387326216,2.3983800517115257
IN.ADM2.00109,rapeseed_mustard,2007,2.0,1.4117099274994012,0.24607573129143598,2.3983556417212664
IN.ADM2.00010,maize,2009,2.3746222487039605,4.134119841553072,0.6799874833954632,-2.3981825713188645
IN.ADM2.00066,arhartur,2012,2.647058823529412,1.4259621084338372,0.5103603424567824,2.397786166756175
IN.ADM2.00155,sugarcane,2014,29.5078125,16.03553364420119,5.434698310316659,2.3976293660555412
IN.ADM2.00348,sesamum,2003,0.5375691593789041,0.23685254786641494,0.1453763091006783,2.3973651304081374
IN.ADM2.00209,maize,2013,0.7575348627980207,1.5942279036532043,0.40756994782486317,-2.3970589856151587
IN.ADM2.00112,arhartur,2021,1.6475476839237058,0.9658711221559314,0.1758618858653863,2.3960797180289326
IN.ADM2.00275,sugarcane,2016,124.3756084960957,96.14984659954672,9.471901039672485,2.3960366751067874
IN.ADM2.00350,wheat,2023,3.0365158427264958,3.181923838330956,0.32600071933223557,-2.395912511625152
IN.ADM2.00414,wheat,2015,2.2280011746691,2.9149113688723083,0.4286404856096251,-2.3958043339942208
IN.ADM2.00488,sugarcane,2015,86.5,63.51875239912447,5.7756709330571745,2.3957984058436885
IN.ADM2.00412,arhartur,2000,1.6567837576538833,1.0579161292470913,0.24917346085796774,2.395757334552906
IN.ADM2.00442,potato,2014,11.560988715744225,22.70304609088611,5.790247264065675,-2.3951596117413234
IN.ADM2.00403,ragi,2018,2.122875816993464,1.5967062227983702,0.17073361213471205,2.3949987337984666
IN.ADM2.00215,groundnut,2012,1.9605263157894737,1.3357865745302684,0.2230479668147733,2.3948671600932725
IN.ADM2.00455,rapeseed_mustard,1998,1.0,0.5497184676437638,0.2305361903520782,2.394861446909505
IN.ADM2.00133,wheat,2011,5.244448548081806,4.460082339007152,0.31110884631923014,2.3946529264715144
IN.ADM2.00456,potato,2006,8.612045140488254,26.55857199273944,7.064191673842989,-2.394583541640257
IN.ADM2.00189,maize,2006,0.8476237138657521,3.3554043923688557,0.8369489536626596,-2.3942720902335033
IN.ADM2.00387,wheat,2005,1.5496323529411764,2.0037762872412355,0.16630477526464268,-2.3940051499440673
IN.ADM2.00479,potato,2020,21.328,11.670679885890252,2.6875268728401687,2.393896098663283
IN.ADM2.00470,jowar,2001,0.8431372549019608,1.0421197626751304,0.05067611881041252,-2.3937074976985997
IN.ADM2.00275,groundnut,2006,0.8360128617363344,1.4015862544011868,0.2260043935700402,-2.3936627514875406
IN.ADM2.00489,soyabean,2002,0.2678951098511694,1.1363507947877776,0.39778487790152056,-2.3935814222930256
IN.ADM2.00316,rapeseed_mustard,2015,0.2750617283950617,0.32697726085242906,0.06217489719201057,-2.3934681825974096
IN.ADM2.00185,jowar,2004,1.3970763469231424,0.8369206032126022,0.255567042178281,2.393396423009484
IN.ADM2.00297,sesamum,2003,0.9871794871794872,0.6696910173781582,0.09526068429655,2.393389022084262
IN.ADM2.00189,rice,2001,1.1118731398590704,1.8865100991644073,0.22923866610241225,-2.3933878891293365
IN.ADM2.00229,rapeseed_mustard,2011,0.3375768217734855,0.5461424768481845,0.1042590207496772,-2.393377632892543
IN.ADM2.00402,soyabean,2003,1.1115107913669064,0.8219532789763835,0.17308242649357153,2.3932999913131034
IN.ADM2.00470,arhartur,2022,2.954022988505747,1.4496467219049778,0.5167521827774473,2.3929331150434408
IN.ADM2.00073,rice,2023,0.8951402365811688,1.3186291944954007,0.5646882377829902,-2.392433396518481
IN.ADM2.00571,rapeseed_mustard,2006,1.2638132295719844,0.7889225236598788,0.20038025420973135,2.3921403665594463
IN.ADM2.00390,sesamum,2020,0.29973474801061,0.21319341902520436,0.05304753927062847,2.3915021006752393
IN.ADM2.00312,groundnut,2020,2.464587973273942,1.3550770964315506,0.2726103685841951,2.3914117475302104
IN.ADM2.00097,ragi,2015,2.2072072072072078,1.1395113743623642,0.41076363269953997,2.391278552188213
IN.ADM2.00573,rapeseed_mustard,2014,0.3970172684458399,0.6953035180980093,0.16490965757181522,-2.391090764574284
IN.ADM2.00546,wheat,2016,0.9,1.3899909411964884,0.3239869871114333,-2.391071245173286
IN.ADM2.00249,arhartur,2015,1.5,0.6412870100479103,0.3011343908010083,2.390603156045375
IN.ADM2.00242,groundnut,2012,1.69573520050923,1.1145348889296387,0.24034069414081574,2.3902583882790878
IN.ADM2.00515,rice,2010,2.954981923202597,2.6369463847369183,0.133059210091552,2.390180568836867
IN.ADM2.00532,wheat,2016,0.6599999999999999,1.44583404700909,0.3586242490987492,-2.3900004874568643
IN.ADM2.00303,sugarcane,2021,12.3,38.75303607390539,11.767035084697987,-2.3899480747994852
IN.ADM2.00338,groundnut,2009,0.3700677095493813,1.0585076970379967,0.28453115069210977,-2.3893250663023053
IN.ADM2.00116,sesamum,2012,0.7622950819672131,0.43972791638239417,0.13570370755366348,2.389150743507564
IN.ADM2.00021,maize,2023,7.323568623120164,4.7825814647140374,0.5387613096793611,2.388508367198989
IN.ADM2.00362,barley,2005,1.6,1.0084212346543582,0.23912836031062354,2.3881345185168548
IN.ADM2.00351,rapeseed_mustard,2004,1.4357750508168337,1.1591970468844683,0.1368789753372708,2.387393890355794
IN.ADM2.00205,rice,2022,2.929999281876522,1.6225551983129032,0.2699535876229691,2.386804899997271
IN.ADM2.00296,arhartur,2021,0.5,1.3733265450963001,0.4378775964338125,-2.3867489592622206
IN.ADM2.00053,rapeseed_mustard,2017,0.7799819657348963,0.496933182718192,0.07155117502343282,2.386701827224884
IN.ADM2.00237,sugarcane,2016,46.66666666666666,22.313205882751095,11.220832952681217,2.3865725643447435
IN.ADM2.00255,groundnut,2015,0.0489130434782608,0.6516504601081278,0.26462356521891894,-2.386469411684023
IN.ADM2.00277,jowar,2003,0.0467350594365738,0.4981831388021782,0.15125808587502682,-2.3863353455653757
IN.ADM2.00259,soyabean,2018,2.292682926829268,1.0752955313215873,0.4641831862444816,2.3857606820426267
IN.ADM2.00065,sesamum,2006,0.5,0.8549450549450549,0.1480885487114374,-2.385659588086177
IN.ADM2.00570,sugarcane,2019,46.29839506172839,49.42056645388117,1.21662069199809,-2.385576997234062
IN.ADM2.00160,rice,1997,0.0178880991592268,1.643962328424831,0.4358928140142543,-2.385467046165367
IN.ADM2.00209,rapeseed_mustard,2012,1.5,0.9343486487948028,0.21327491851968183,2.3854481293925316
IN.ADM2.00403,arhartur,2020,1.3333333333333333,0.8077377444837276,0.13658409418582915,2.3853082047591627
IN.ADM2.00440,sesamum,2010,0.3333333333333333,0.20041599395291088,0.05558829916482243,2.3848232561823295
IN.ADM2.00014,potato,2019,3.3488372093023258,12.353581232798044,6.076589022723248,-2.3846016741400984
IN.ADM2.00422,wheat,2015,2.12398598094038,3.264678561550783,0.5495589297362613,-2.384392358185994
IN.ADM2.00188,rice,2019,3.1267547481420315,2.7077461484479426,0.18004723850566828,2.384241113998583
IN.ADM2.00012,rice,2006,2.5321156817164554,3.410235999498513,0.302210726062237,-2.384097561607455
IN.ADM2.00519,wheat,2008,0.5921090387374461,0.9723649466548488,0.1595152105315532,-2.3839572183477737
IN.ADM2.00174,rapeseed_mustard,2008,0.3870967741935484,0.19139427391574768,0.08711011319239552,2.3834122199281773
IN.ADM2.00288,arhartur,2009,0.7142857142857143,1.0834754807395026,0.13261717270095413,-2.3832678049893037
IN.ADM2.00515,maize,2022,12.484743561999569,5.051466766700165,1.8327962885551847,2.382765993215939
IN.ADM2.00007,sesamum,2002,0.1103990429804323,0.21272988943944662,0.03809431770681914,-2.3826099902979014
IN.ADM2.00247,jowar,2017,2.1666666666666665,1.0958261316240039,0.3485410862017498,2.3826036548806315
IN.ADM2.00398,sugarcane,2008,46.3360042621204,57.751249998858874,4.3850256028600345,-2.382307490183012
IN.ADM2.00192,potato,2011,11.666666666666666,15.014119771362507,2.2614923635496016,-2.382306632763086
IN.ADM2.00124,rapeseed_mustard,2012,2.0,1.4498834498834499,0.20139456274304646,2.3819272484721945
IN.ADM2.00466,maize,2023,7.747097937563394,2.8464438287545093,1.6965643307001077,2.3814665822542413
IN.ADM2.00206,ragi,2015,0.1897467010465645,0.2696788894571827,0.034904015425850275,-2.3809661016829353
IN.ADM2.00221,bajra,2012,1.7647058823529411,1.1110484697035492,0.26090470410378797,2.3806878456651783
IN.ADM2.00271,jowar,2018,0.3075845809740665,0.5787755361435338,0.15169710755702706,-2.380602300048445
IN.ADM2.00519,rice,2016,3.102019878166079,1.8223617320547976,0.45387544528149937,2.3805965145936097
IN.ADM2.00523,rice,2012,0.6666666666666666,1.460752222997896,0.3564238029500784,-2.380479711172887
IN.ADM2.00112,rice,2000,0.44589774078478,2.092889302496858,0.4795334784545813,-2.380473540559283
IN.ADM2.00159,bajra,2011,0.3513227513227513,0.5119888333584025,0.07327937665433033,-2.3802813834812073
IN.ADM2.00283,arhartur,2009,0.6,0.9632760232192049,0.137350073933985,-2.380265774923978
IN.ADM2.00456,rice,2009,1.6776715213195297,2.3415412583067723,0.2668568768922581,-2.38020242230857
IN.ADM2.00032,potato,2009,11.0,7.762994701806447,1.4407799090711064,2.380113954523732
IN.ADM2.00216,wheat,2020,5.38999947503806,2.7983662533380387,0.576495106976275,2.379938133269549
IN.ADM2.00242,sesamum,2015,1.0,0.5095897580241457,0.21617545080467002,2.3798630271392396
IN.ADM2.00176,rice,2002,1.987722808293925,2.480119515500328,0.17328961129359285,-2.379842166455628
IN.ADM2.00460,sugarcane,2007,121.35309168443496,93.91918711092595,12.71915790261347,2.379439753259944
IN.ADM2.00504,ragi,2013,0.777426511369939,0.9107158759408963,0.06395841027247147,-2.3793582774393616
IN.ADM2.00515,sugarcane,2011,116.4,84.48991596638655,12.440707899363332,2.3788589535688085
IN.ADM2.00338,bajra,2019,0.4031821259309411,0.9887653411054429,0.3961000018164721,-2.3786415526498805
IN.ADM2.00442,sesamum,2004,0.2820352544068008,0.12180580563219222,0.06684588400487516,2.37859650290925
IN.ADM2.00242,cottonlint,2005,0.34,0.18235042735042734,0.06548333700682522,2.378581376823969
IN.ADM2.00548,ragi,2018,0.075,0.4442980382600898,0.1625192153110468,-2.3785277654460675
IN.ADM2.00098,rice,2018,1.015589229259784,1.618628572797265,0.4046165031900034,-2.3783931296256093
IN.ADM2.00259,wheat,2020,0.6198024310785721,0.9429748598316039,0.22759887822748714,-2.378262128933958
IN.ADM2.00244,rapeseed_mustard,2012,0.9093532099062276,0.5491942630456227,0.12325335220096223,2.3780408439087872
IN.ADM2.00232,potato,2010,9.163090128755364,16.832404745857126,3.3390718972962183,-2.377877708003044
IN.ADM2.00206,groundnut,2002,1.625,1.3101355939626673,0.20207386511132946,2.3775632884232514
IN.ADM2.00396,sesamum,2001,0.2518248175182482,0.1932868395092645,0.04058998828326658,2.377551364586393
IN.ADM2.00049,cottonlint,2019,0.0932068965517241,0.08544916380517122,0.001755294744680098,2.3774711687763466
IN.ADM2.00268,rice,2009,0.3908523908523909,1.3338426976919353,0.3837283459112611,-2.377464926465366
IN.ADM2.00319,ragi,1999,3.6504065040650406,2.3885416068414838,0.4798143206085234,2.376815426735617
IN.ADM2.00110,wheat,2002,2.2295081967213117,2.8471477740583655,0.17010222707059447,-2.376720158729238
IN.ADM2.00557,wheat,2021,3.868046571798189,4.493224062444103,0.39771845381835413,-2.3764618020458927
IN.ADM2.00540,rice,2010,0.4435831180017227,2.2946867324194185,0.7593094447701056,-2.37643934951134
IN.ADM2.00348,bajra,2011,1.5260079863653424,0.6037166687912957,0.3815672773550518,2.376247901702569
IN.ADM2.00246,barley,2017,3.1824324324324325,2.0060038687305064,0.44880857582513467,2.376057326707617
IN.ADM2.00013,bajra,2011,0.469014327636803,1.2020092983001487,0.3269539159030794,-2.375497734029626
IN.ADM2.00387,arhartur,2018,0.8264259927797833,0.7357434929010607,0.03254135248056791,2.375492540371993
IN.ADM2.00157,potato,2014,4.4,12.10435911165916,3.4070186170349386,-2.375466910222216
IN.ADM2.00139,bajra,2002,0.6836707862214042,1.7750905643508204,0.26639097298415587,-2.3753511509007925
IN.ADM2.00431,wheat,2015,1.7725195211401006,2.330269207963223,0.35675556638957495,-2.3749248247817123
IN.ADM2.00424,groundnut,2002,0.1680577849117175,0.7753155413447493,0.23085066698247017,-2.3748621033093174
IN.ADM2.00545,potato,2022,17.81986143187067,10.15856394063873,1.7237002007171953,2.374806365998005
IN.ADM2.00246,jowar,2015,0.408,1.1175084500323471,0.3401476087951596,-2.3743605012617235
IN.ADM2.00279,sugarcane,2008,38.05263157894737,64.26900248098636,11.222722891523777,-2.3742692725817753
IN.ADM2.00365,jowar,2014,3.461920804108908,1.3481242989915225,0.8489004721681955,2.374150376982463
IN.ADM2.00112,arhartur,2000,0.3333333333333333,0.9658711221559314,0.1758618858653863,-2.374075809822482
IN.ADM2.00489,barley,2007,2.164141414141414,2.802369600488722,0.1826677156804849,-2.374025581819852
IN.ADM2.00205,soyabean,2010,1.7419354838709675,1.1931756421143458,0.24149703002494735,2.373820905560151
IN.ADM2.00169,wheat,1998,0.1238833309849232,1.342313539374312,0.34030146621502233,-2.3737776960644204
IN.ADM2.00030,rice,2002,0.9099449074728068,1.5588181851316776,0.15259314323959045,-2.37365922910656
IN.ADM2.00357,arhartur,1999,0.0130932896890343,0.7123554586758941,0.334548700132949,-2.373404538530429
IN.ADM2.00133,maize,2003,4.19287211740042,1.6970649895178198,1.2491248637488208,2.373086770504729
IN.ADM2.00147,wheat,2013,0.8206392312513057,1.6327758233613783,0.3850471750800549,-2.372803084721587
IN.ADM2.00430,maize,2001,2.2833538840937115,1.9326674142931262,0.2847657473213644,2.3727479385805035
IN.ADM2.00349,barley,2007,2.1635802469135803,2.802732442961984,0.18325604175600407,-2.3725051582620162
IN.ADM2.00357,barley,2007,2.162810625535561,2.8068724375542566,0.1865514754631368,-2.37247227152779
IN.ADM2.00039,sesamum,2013,0.6565656565656566,0.4854941125698466,0.05786495125756994,2.372460390647315
IN.ADM2.00222,maize,2016,3.142857142857143,1.6762980969040517,0.47936254702163056,2.3719192478488877
IN.ADM2.00062,potato,2020,22.466459291317285,11.920285415363546,3.214867044939641,2.3717745275803312
IN.ADM2.00457,groundnut,2019,1.7002628332349945,1.910396657256165,0.2562954799031022,-2.3717097405139107
IN.ADM2.00278,wheat,2019,2.9,1.3415404128405817,0.5083968738142867,2.3715498505362906
IN.ADM2.00488,barley,2007,2.1633466135458166,2.802133643059111,0.18319690946355913,-2.371205092611865
IN.ADM2.00263,jowar,2015,0.4510166358595194,1.0886402877975785,0.2329469407438734,-2.371115192746437
IN.ADM2.00176,ragi,2003,0.7577437507305426,1.3107894534071693,0.2889311414190388,-2.371104418001839
IN.ADM2.00351,bajra,2003,1.1657314301505213,0.5968104434177773,0.30410780639531054,2.3710734948500054
IN.ADM2.00235,jowar,2002,0.6206511108006147,1.7040343012336,0.35944672082201,-2.370845144937541
IN.ADM2.00403,barley,2008,0.4330935251798561,1.561062336552985,0.4476745041536388,-2.3707266674340923
IN.ADM2.00425,wheat,2015,2.242977938839087,2.749422956501051,0.3125246951524699,-2.370475928617971
IN.ADM2.00406,maize,2000,2.4189501009518315,2.2809014429715373,0.2980023954661896,2.3704293094970748
IN.ADM2.00574,rapeseed_mustard,2015,0.08032,0.47804296592007883,0.1947717398348714,-2.3703211207049684
IN.ADM2.00360,wheat,2005,1.958041958041958,1.2682972535311137,0.2557906063357454,2.3701213905909273
IN.ADM2.00471,sesamum,2005,0.8571428571428571,0.7528568947392477,0.07068019706056483,2.3700858743895568
IN.ADM2.00218,arhartur,2010,0.5294473425568912,0.9578513939563879,0.18112141261443218,-2.369798335671563
IN.ADM2.00495,bajra,2002,0.4921173168619513,1.521692816633177,0.3094828884422556,-2.369785070319394
IN.ADM2.00014,sugarcane,2012,116.33333333333331,78.35073038421602,15.391980695501053,2.369763829443485
IN.ADM2.00154,groundnut,2002,0.5416666666666666,1.1040612907804972,0.24488737861037954,-2.3696850247506167
IN.ADM2.00472,sesamum,1999,1.0,0.814109483859609,0.10685171801373804,2.369562594590515
IN.ADM2.00222,potato,2010,7.110735804272412,15.934322268691814,3.925714620445641,-2.3693682165967083
IN.ADM2.00503,rapeseed_mustard,2002,0.9315068493150684,0.7348917933382577,0.11064641922489661,2.369281396778508
IN.ADM2.00221,soyabean,2013,0.1752412645590682,0.980517652733366,0.3292237781768668,-2.3692732983348006
IN.ADM2.00117,rapeseed_mustard,2014,1.2709225379525106,1.512129529796094,0.16497893290268556,-2.3692561813398
IN.ADM2.00059,sugarcane,2022,44.56363636363636,37.52423617490448,2.5282171103487685,2.369055713017924
IN.ADM2.00489,cottonlint,2013,1.0,0.5581996658312447,0.18316160312402752,2.368901827077166
IN.ADM2.00466,groundnut,2013,2.9473684210526314,1.5418136332635093,0.5003306403441435,2.3686850708323015
IN.ADM2.00227,bajra,2002,0.8763476965530714,2.014041303424509,0.29289027778677257,-2.3684495935845584
IN.ADM2.00227,jowar,2002,0.4591520165460186,1.4317573568241833,0.23994209939448796,-2.368030041250651
IN.ADM2.00340,jowar,2002,0.0707510894642399,0.7619192693497971,0.28347504752506225,-2.3679585652864366
IN.ADM2.00092,sesamum,2007,1.0,0.8023238077095679,0.10643434336547432,2.367948838826692
IN.ADM2.00560,potato,2018,32.221363636363634,21.838941721947513,3.8407738030765906,2.367843183173793
IN.ADM2.00140,maize,1999,2.361275088547816,2.3108431406522363,0.7419875269963868,2.3677777374608224
IN.ADM2.00259,soyabean,2019,2.298076923076923,1.0752955313215873,0.4641831862444816,2.3677706318591047
IN.ADM2.00570,maize,2022,2.425122837000641,1.3162368516566145,0.2040242236510634,2.367747104268346
IN.ADM2.00548,rapeseed_mustard,2018,0.8120448179271708,0.4131697556572419,0.10611886256823427,2.3675330799394088
IN.ADM2.00236,arhartur,2020,1.3550255202198664,0.5958520125617714,0.2556487493374779,2.367123409920034
IN.ADM2.00507,maize,2018,0.7939096267190571,1.1127211632147957,0.20996113920288503,-2.3669093629176494
IN.ADM2.00041,rice,2022,2.176937853693993,1.3550882784091323,0.2070814913235579,2.36688960616275
IN.ADM2.00050,rice,1997,1.1304424826984905,1.9538317325868153,0.28502419282680486,-2.3667490623959524
IN.ADM2.00343,soyabean,2000,0.5,1.1373667755246701,0.27216006692566885,-2.3667424911856667
IN.ADM2.00561,sugarcane,2001,87.5,64.9074074074074,9.546985102857542,2.3664635850149174
IN.ADM2.00571,maize,2022,2.9167188478396997,1.5332793263177906,0.3630028976773821,2.366401425153027
IN.ADM2.00153,bajra,2019,1.0,0.5350828814901059,0.16017549679316126,2.366393742291527
IN.ADM2.00076,potato,2018,7.342188942455636,8.950766900384647,2.109486685961871,-2.3663810973118826
IN.ADM2.00188,bajra,2017,1.5833333333333333,0.7259081964728519,0.25644577619348613,2.3663481788250222
IN.ADM2.00091,maize,2006,2.273567764860997,1.4801795066812284,0.41743134871400783,2.3660542012835033
IN.ADM2.00235,arhartur,2014,1.3333333333333333,0.8000250715439623,0.21757129520262367,2.365996999962304
IN.ADM2.00275,sugarcane,2003,67.28753993610223,96.14984659954672,9.471901039672485,-2.365921794367119
IN.ADM2.00259,jowar,2022,1.3813140370093928,0.6260346004602171,0.2005035287233135,2.3658518538167526
IN.ADM2.00383,jowar,2014,4.683673469387755,2.1236635554980365,1.0904485211678927,2.365656231570604
IN.ADM2.00233,arhartur,2017,1.207792207792208,0.6537370799177018,0.25200817420736144,2.3652588903613143
IN.ADM2.00041,potato,2015,7.106589785831961,4.931004189706114,0.8610725344375343,2.365130770394922
IN.ADM2.00174,rice,2017,1.8644400785854616,0.9574185436358781,0.2728579668390285,2.3644913404033967
IN.ADM2.00124,arhartur,2017,1.2036203941730934,0.7380281811568516,0.19155737706664816,2.3644225864506954
IN.ADM2.00270,sesamum,2001,0.4084507042253521,0.21754468430024076,0.06747044848275141,2.3639852985798426
IN.ADM2.00463,sugarcane,2007,138.98353062274833,84.9704751669267,23.603278175524753,2.363590090504243
IN.ADM2.00090,wheat,2014,0.6805896614963787,2.1527389428841497,0.6626808870929493,-2.363249399402339
IN.ADM2.00148,barley,2014,3.0538847117794488,1.785409690229963,0.5398588833988931,2.362993418847425
IN.ADM2.00188,soyabean,2009,0.4,0.8749629100652119,0.20136979592792445,-2.362232195175151
IN.ADM2.00049,maize,2023,4.236861018562589,1.5619673668686862,0.602431319746819,2.3621927437781847
IN.ADM2.00301,bajra,2002,1.48,0.9898723458719259,0.2172293065184447,2.361816982164452
IN.ADM2.00339,bajra,2011,0.9932993671362916,0.44281656526635127,0.2300087716108841,2.3615874526433047
IN.ADM2.00206,jowar,2010,1.6170212765957446,0.9787838302452884,0.27127622682908514,2.361164871321821
IN.ADM2.00497,wheat,2014,2.5734767025089607,1.9691576048504098,0.16614714333161373,2.36113249478418
IN.ADM2.00433,maize,2019,2.5524475524475525,1.5820380587393286,0.3373891414831599,2.3611209682773007
IN.ADM2.00243,rapeseed_mustard,2022,1.6699960846710706,0.7790394348966617,0.2347510446240193,2.361056714198949
IN.ADM2.00018,sugarcane,2015,60.46241245136187,78.98628459079126,8.94276373222359,-2.360685029719518
IN.ADM2.00213,jowar,2019,0.6666666666666666,1.5615994310835024,0.5277250401191326,-2.3606662589031853
IN.ADM2.00221,jowar,2020,1.0147058823529411,1.5444469224742225,0.35239273102340435,-2.360600039014752
IN.ADM2.00018,sesamum,2015,0.2808937528499772,0.4595499353896889,0.15422679004564202,-2.3604230491379656
IN.ADM2.00270,rapeseed_mustard,2011,0.55,0.2640822398961934,0.11747720879264553,2.3600116537887796
IN.ADM2.00244,sesamum,2011,0.613051098827019,0.38024279738625666,0.08619712180462596,2.3599368007822177
IN.ADM2.00235,maize,2018,4.056870479947403,2.3313589082357136,0.5309625781225421,2.3598253738508794
IN.ADM2.00328,sesamum,1997,9.8,1.403703703703704,2.521452131308518,2.3596044341886495
IN.ADM2.00571,jowar,2018,0.6608084358523726,0.880677769263714,0.22738659372815345,-2.3595994970547336
IN.ADM2.00440,maize,2013,3.0145631067961167,1.7652947733368294,0.4425731716994456,2.3592449837786362
IN.ADM2.00154,sesamum,2012,0.5663716814159292,0.3347805848196167,0.09131347884527338,2.359223076302479
IN.ADM2.00126,wheat,2010,3.165217391304348,2.462302561778373,0.29795984885718546,2.3590924489387546
IN.ADM2.00543,arhartur,2009,0.3361111111111111,1.228681957894285,0.3964465576349141,-2.3590663934407736
IN.ADM2.00044,rapeseed_mustard,2015,0.698041237113402,0.4724615056633055,0.08495057670782709,2.358841671815502
IN.ADM2.00068,rice,2015,0.4537730887753031,1.5471140758308393,0.5289595509384398,-2.358400384167279
IN.ADM2.00547,sesamum,2008,0.3319327731092437,0.19855601290679073,0.05706773536439725,2.358354733979964
IN.ADM2.00520,sugarcane,1998,69.52587991718427,57.405502195477226,8.111154671510782,2.358223574886071
IN.ADM2.00251,sugarcane,2014,29.0,60.74744945202682,10.460143811423917,-2.358183669450548
IN.ADM2.00084,arhartur,2000,2.603960396039604,1.6133962611739865,0.4700269957401023,2.358175619560764
IN.ADM2.00572,jowar,2021,1.9046052631578947,0.9324382058298158,0.24769601001366653,2.3577959132860036
IN.ADM2.00510,rice,2002,3.4299065420560746,4.23066780270611,0.19749859673543096,-2.3576147159685945
IN.ADM2.00160,rapeseed_mustard,2002,1.1878040869283166,0.559130354292056,0.26517763560939406,2.357610159131536
IN.ADM2.00430,rapeseed_mustard,2014,0.970981507823613,1.2305783443009792,0.14343268191052588,-2.357597567392151
IN.ADM2.00065,ragi,2017,1.8547008547008548,0.9712904028093308,0.31886419633118057,2.357561742084351
IN.ADM2.00219,soyabean,2002,0.3316039253539253,0.9459653015227366,0.256176612149259,-2.3575315389287996
IN.ADM2.00394,wheat,2014,2.269085678425621,2.8841112921531424,0.37099349765101797,-2.357459254716323
IN.ADM2.00577,rice,2002,2.5517186469209947,3.8233939167271163,0.4887951395266241,-2.3571658460283063
IN.ADM2.00296,cottonlint,1998,0.1031724137931034,0.19890476886033912,0.12329692479092619,-2.3571628629469763
IN.ADM2.00061,sugarcane,2016,122.5,55.518507116295226,22.88950723033658,2.3568922004972155
IN.ADM2.00351,cottonlint,2013,0.7652127449040175,0.47798393641557946,0.10327981576363177,2.3568389818464355
IN.ADM2.00213,jowar,2015,3.0,1.5615994310835024,0.5277250401191326,2.3563102858910128
IN.ADM2.00211,soyabean,2014,1.4375,0.6934096943258695,0.2677779429666334,2.3563006897714898
IN.ADM2.00488,bajra,2003,1.1385281385281385,0.8576775808513102,0.21862618394965097,2.3559923992073704
IN.ADM2.00084,ragi,2014,1.5,0.9420407001842063,0.20657913369195405,2.355744547864215
IN.ADM2.00008,sesamum,2013,0.5593772260099725,0.2672223430025621,0.12128211509849657,2.355634440924014
IN.ADM2.00343,groundnut,2009,1.1411764705882352,1.6568733126791177,0.20707551369484753,-2.3554564272819007
IN.ADM2.00210,bajra,2009,0.1428571428571428,0.5574290013737327,0.1668743660321512,-2.355190535549356
IN.ADM2.00062,rice,2016,3.3636563998016418,1.5038310915471744,0.5943846377745894,2.3549892344420416
IN.ADM2.00488,rice,2008,3.062692531845808,2.3606427045950302,0.35508415917984587,2.3548764317945428
IN.ADM2.00513,rice,1998,3.265060240963856,4.251723719321485,0.26791039823785595,-2.3546102787579257
IN.ADM2.00501,potato,2021,3.333333333333333,5.836684239092912,1.1310058494501034,-2.354516751176923
IN.ADM2.00479,rapeseed_mustard,2011,2.092592592592593,1.0122932098489483,0.45327425131237264,2.3544909834660808
IN.ADM2.00218,rice,2022,1.93852140077821,1.017649271132117,0.30996125557755533,2.3544197920995695
IN.ADM2.00052,sesamum,2017,0.7236467236467237,0.45175794845719286,0.07832875792124666,2.35415794668219
IN.ADM2.00384,arhartur,2010,0.2007490636704119,0.8207701201418286,0.2777748299172387,-2.3535904824232636
IN.ADM2.00416,potato,2021,34.2,19.091776498048635,3.9440548182616166,2.353182514778914
IN.ADM2.00418,jowar,2007,0.2471614901004035,1.2730360589970902,0.3972338606688992,-2.352999431364487
IN.ADM2.00059,potato,2002,9.317829457364342,5.652872867175864,1.290121441453398,2.3529402978491225
IN.ADM2.00571,rice,2006,1.7399947468100696,2.4167109089134553,0.24240701451432642,-2.352661082035489
IN.ADM2.00456,potato,2018,12.444921316165953,26.55857199273944,7.064191673842989,-2.352265089760158
IN.ADM2.00032,wheat,1997,1.6,1.5898123835795464,0.09160191498208044,2.352214810985274
IN.ADM2.00498,sesamum,2009,0.9523809523809524,0.330995670995671,0.24193968705956384,2.3520943664917215
IN.ADM2.00059,sugarcane,2000,30.78,37.52423617490448,2.5282171103487685,-2.351974547907546
IN.ADM2.00378,jowar,2013,1.6309311229786634,0.9524367333490211,0.3089127786381928,2.3516886538389397
IN.ADM2.00422,bajra,2018,2.8273453093812377,1.672036775172404,0.4020206352922903,2.3513176174118886
IN.ADM2.00390,bajra,2022,1.6189368012776637,1.0341167704599141,0.21512811475272522,2.3513021511193406
IN.ADM2.00334,maize,2009,0.7390264730999146,1.4613107884445435,0.2930788602509743,-2.3512545395404767
IN.ADM2.00008,maize,2010,10.966109283012113,7.420123295588758,1.5081885323984472,2.3511556488126737
IN.ADM2.00363,maize,2007,1.3992307692307693,1.6532169407750874,0.08953683964470914,-2.350511362814034
IN.ADM2.00116,groundnut,2020,1.1521647751155948,1.688293812149781,0.32734496222221243,-2.3504786284540407
IN.ADM2.00466,rice,2001,2.3358562408212946,2.3336475520313185,0.14992081187353715,2.350429761065065
IN.ADM2.00283,groundnut,2009,0.44,0.7917355614935127,0.07402043043914462,-2.3504236066710744
IN.ADM2.00140,rapeseed_mustard,2005,0.8819419163153382,1.5702338409740169,0.21891594455207902,-2.350231255849891
IN.ADM2.00538,rice,2015,0.5978824018860075,1.4311841341109632,0.47583107239614286,-2.3501586178903318
IN.ADM2.00464,rapeseed_mustard,2010,1.4111650744516198,1.1265292428178253,0.11430295780257788,2.3501141121035096
IN.ADM2.00044,wheat,1998,1.029,1.440609738880362,0.21134577746364536,-2.3498957687232367
IN.ADM2.00274,sesamum,2003,1.0,0.37934343434343437,0.2643515323704915,2.349867463320503
IN.ADM2.00117,arhartur,2000,0.4317548746518105,1.2270689236418613,0.2778863150030217,-2.3494919089173925
IN.ADM2.00471,wheat,2011,3.0391683991683998,2.0942124556984347,0.37819061034627766,2.3494879346248614
IN.ADM2.00137,cottonlint,2020,0.000353804347826,0.40893352190364635,0.20621449264361152,-2.3488722817326786
IN.ADM2.00485,sesamum,1998,0.5207547169811321,0.7900662213864134,0.05444025097777494,-2.348760408658926
IN.ADM2.00413,sesamum,2001,0.2547770700636942,0.19401765530003032,0.04232522072098097,2.3485006402574498
IN.ADM2.00221,arhartur,2017,1.4694444444444446,1.069304863680922,0.18148553008809656,2.3482631147576685
IN.ADM2.00274,sesamum,2008,1.0,0.37934343434343437,0.2643515323704915,2.3481092671167554
IN.ADM2.00470,maize,2013,6.111551643034742,3.4234677014168615,0.9472324614093499,2.3478749741093714
IN.ADM2.00258,sugarcane,2021,49.09603286643873,69.53396259644116,14.215800905175294,-2.3475386540832694
IN.ADM2.00250,bajra,2020,1.5224252816860218,0.7194305651178768,0.2673402198826552,2.347404996737225
IN.ADM2.00087,jowar,1999,1.6153028692879916,1.0996505824326865,0.1764969087757166,2.3470441029060467
IN.ADM2.00465,potato,2013,25.32039397450753,16.428691053164048,3.5003541051176335,2.347036937030561
IN.ADM2.00239,maize,2013,0.5823322412328601,1.7738778342266004,0.5841272726022174,-2.346946269918782
IN.ADM2.00466,rice,1997,1.476110464265047,2.3336475520313185,0.14992081187353715,-2.3461484693951467
IN.ADM2.00547,wheat,2008,1.9,1.0496940035787918,0.3505639737497817,2.3460974428946257
IN.ADM2.00077,potato,2020,22.207852193995382,11.957376420739415,3.0286268251462425,2.3460590709823563
IN.ADM2.00424,sugarcane,2007,19.9527027027027,39.55264152951219,8.600390137896547,-2.345813734870665
IN.ADM2.00420,sugarcane,2007,19.954545454545453,39.55419457709611,8.60052273029642,-2.3457676708792525
IN.ADM2.00544,sesamum,2000,0.8,0.7864487277663774,0.06972843119631972,2.345657145707092
IN.ADM2.00578,cottonlint,2016,0.0738748564867967,0.48255809942233346,0.21898419261293184,-2.345339735574208
IN.ADM2.00297,potato,2004,7.265040650406504,10.533433003453872,1.5078243973319994,-2.3452870134769435
IN.ADM2.00418,sugarcane,2007,19.95229835212489,39.55254349608595,8.602820236831874,-2.3451958123221823
IN.ADM2.00332,arhartur,1998,0.5294117647058824,0.9077163484090729,0.11235568845508223,-2.3446949071044005
IN.ADM2.00299,rapeseed_mustard,2002,1.1719745222929936,0.9088645217950052,0.14793296890828295,2.343096267413916
IN.ADM2.00552,potato,2004,19.37704918032787,15.536422956529627,3.8885521860658185,2.3430547325677984
IN.ADM2.00298,maize,2009,1.1506493506493507,1.766549971463686,0.2517506881483585,-2.34283962549686
IN.ADM2.00433,rice,2019,3.167569221355362,2.5666401842547457,0.2122699856096044,2.3421833301032016
IN.ADM2.00560,rice,2023,4.819384573740851,3.1920930196131767,0.4360674149991396,2.3421815361538485
IN.ADM2.00141,wheat,2005,3.4325353319911494,4.54833962971861,0.39621037877262805,-2.341950867191072
IN.ADM2.00116,potato,2005,33.333333333333336,23.878123201564666,4.631730549531517,2.341947765377982
IN.ADM2.00237,barley,2017,1.0,1.5641618265840787,0.3074503249982649,-2.341915043228285
IN.ADM2.00229,soyabean,2010,1.1171733212341195,0.7248196355107889,0.16266294200353731,2.341330444966084
IN.ADM2.00367,groundnut,2019,3.806955287437899,2.1764216808712784,0.3989343839277244,2.3410870834730506
IN.ADM2.00316,sesamum,2018,0.1787878787878788,0.27368932952864267,0.0651211332783546,-2.3408089021228653
IN.ADM2.00518,rice,2023,1.538685313504231,1.8328651585979188,0.46124388585408876,-2.3405259145280755
IN.ADM2.00426,arhartur,2019,0.2195121951219512,0.6414516570638077,0.16267812193842235,-2.34037811570351
IN.ADM2.00044,rapeseed_mustard,1997,0.6140161725067386,0.4724615056633055,0.08495057670782709,2.3403668095285926
IN.ADM2.00210,ragi,2021,0.3333333333333333,0.2639006371369936,0.042330568069261415,2.340200175217531
IN.ADM2.00368,potato,2018,10.5726419311578,14.697310917732906,2.602240721444912,-2.3400927997175915
IN.ADM2.00013,sugarcane,2017,130.81456953642385,92.77943487448192,12.680482284335467,2.3399981767539684
IN.ADM2.00472,maize,2023,1.2992084942084945,2.0236574369407143,0.687530398883672,-2.339994091611622
IN.ADM2.00507,ragi,2011,0.3527805611222445,0.6334199031938739,0.12910437321376644,-2.339882549731781
IN.ADM2.00087,wheat,2014,1.2209194175497446,2.542706356610992,0.632691283195898,-2.339848436803151
IN.ADM2.00130,barley,2021,2.5,3.21679038112845,0.5250467320083533,-2.339534116344978
IN.ADM2.00482,maize,2007,0.425531914893617,1.823015044522564,0.5973346499179301,-2.3395313327646305
IN.ADM2.00261,wheat,2012,0.4461538461538462,1.458035767883295,0.43446371387326216,-2.339476491891865
IN.ADM2.00485,rice,2020,1.4278148932703276,1.503873837685421,0.2208404845207381,-2.3394033752254844
IN.ADM2.00539,maize,2023,4.577144075021312,2.288968033490741,0.4637069629726967,2.339350916103646
IN.ADM2.00412,sesamum,2018,0.3898305084745763,0.19289133454718924,0.06931058405158318,2.3393220582022023
IN.ADM2.00465,sugarcane,2017,154.19409282700423,78.44776580868434,27.591169502706006,2.338823856403227
IN.ADM2.00236,sesamum,2020,0.498045486851457,0.256352561022168,0.060203018856444745,2.3387604464938336
IN.ADM2.00213,groundnut,2019,0.7377049180327869,1.1619530714378734,0.36254863771590745,-2.3386473489398956
IN.ADM2.00528,groundnut,1999,1.4432296047098403,1.3512387096693261,0.2178133291058268,2.3386202987478057
IN.ADM2.00510,cottonlint,2021,0.196018158236057,0.5813968579975235,0.21639510693059036,-2.3385822104191667
IN.ADM2.00473,rapeseed_mustard,2004,1.4809160305343512,1.047141373561144,0.2769649200234134,2.3383005061728963
IN.ADM2.00334,barley,2010,3.691326432693169,3.017820920052216,0.2880438882197853,2.3382044896121883
IN.ADM2.00252,bajra,2015,0.0,0.5254000402762012,0.22174379182197884,-2.338144410697417
IN.ADM2.00173,maize,2017,4.293465989274626,2.8731174817974954,0.5333426576166967,2.3381029861956444
IN.ADM2.00351,groundnut,2012,1.1952913331880042,1.7144646076125187,0.2757678784625105,-2.3379193493220773
IN.ADM2.00547,rapeseed_mustard,2015,0.0790322580645161,0.15392607402614858,0.04085171878906688,-2.3377808762835124
IN.ADM2.00441,bajra,2020,2.5,1.7148476543871278,0.15744796178738243,2.3372869589472502
IN.ADM2.00176,rapeseed_mustard,2008,0.4041095890410959,0.2789823270403629,0.054222943880109814,2.3371969947220017
IN.ADM2.00273,rapeseed_mustard,2005,1.0,0.4204056949339968,0.2920153487771817,2.3371383615217813
IN.ADM2.00219,soyabean,2012,1.5481326779240845,0.9459653015227366,0.256176612149259,2.337040295032296
IN.ADM2.00526,groundnut,1999,1.1665399239543726,0.9459619921517088,0.17873017199240857,2.3370175372360933
IN.ADM2.00453,rice,2009,2.6861816219179,3.059251556398369,0.14886746341178275,-2.3366458517247013
IN.ADM2.00153,barley,2022,2.488699146157709,1.225286166627386,0.37049990542889927,2.336573802262565
IN.ADM2.00370,rice,2011,5.422759824276343,4.183379400116255,0.5307693132717528,2.3364746158158183
IN.ADM2.00388,rapeseed_mustard,2014,1.202458755784788,1.4972584605280206,0.19656342205316601,-2.3358567664660206
IN.ADM2.00360,wheat,1998,0.8713235294117647,1.2682972535311137,0.2557906063357454,-2.3353067311188203
IN.ADM2.00437,rice,1999,1.083191489361702,1.2864519750359287,0.051224576772562966,-2.335240262268958
IN.ADM2.00259,maize,2007,3.037037037037037,1.8247930792458684,0.5288845540167896,2.335236743107244
IN.ADM2.00258,bajra,2010,1.555732484076433,0.8943719289118526,0.28323249138481793,2.3350447963472
IN.ADM2.00344,barley,2007,2.1626666666666665,2.795129885565609,0.18217912347960255,-2.3347166110015944
IN.ADM2.00278,arhartur,2012,0.1481481481481481,0.5194110430182505,0.16041902978359524,-2.334259010914902
IN.ADM2.00495,arhartur,2012,2.0,0.8040294250532515,0.45679260110520786,2.3340810854983727
IN.ADM2.00505,sugarcane,2011,74.91341463414633,58.370188137537404,7.943734985952998,2.334017594549237
IN.ADM2.00090,sesamum,2002,0.5074626865671642,0.7394024468619587,0.06718110714684494,-2.333990577830556
IN.ADM2.00244,rapeseed_mustard,2019,1.091674318947046,0.5491942630456227,0.12325335220096223,2.3339063342949498
IN.ADM2.00425,rice,2000,1.2679136188129378,2.077021112080797,0.1815546175045172,-2.3337676801055354
IN.ADM2.00457,wheat,2002,1.4516728624535316,2.3591541089499986,0.2361454705558408,-2.333638895748903
IN.ADM2.00034,potato,2007,10.991701244813278,8.086335234477403,1.2093591405645707,2.3328392382828955
IN.ADM2.00100,arhartur,2012,2.612930310663308,1.47734133095084,0.47631441223784227,2.332815141767232
IN.ADM2.00420,wheat,2013,1.5346059562927032,2.5874032220025067,0.4957742428896331,-2.332301468453958
IN.ADM2.00077,jowar,1999,1.186335403726708,1.0468363817692266,0.07967155737859731,2.3322732796642014
IN.ADM2.00429,jowar,2020,2.25,1.2701977779924345,0.26826801101072956,2.3321900548636263
IN.ADM2.00071,rice,2022,3.1554054054054053,1.408651049992755,0.5476951595729749,2.3320945775241713
IN.ADM2.00139,bajra,2005,0.8672086720867209,1.7750905643508204,0.26639097298415587,-2.3320125646200958
IN.ADM2.00013,cottonlint,2013,0.5670002548844687,0.2802619550778625,0.10855339229647569,2.331699862254046
IN.ADM2.00081,maize,2012,4.962732919254658,3.1359046216245163,0.6763563766098144,2.331411630358742
IN.ADM2.00047,rapeseed_mustard,2007,0.8598891378700318,0.6358360243606174,0.10826572323252204,2.3312894354236198
IN.ADM2.00088,rapeseed_mustard,2008,1.2578616352201255,0.8759439549675866,0.1816157032825527,2.330897515338582
IN.ADM2.00562,rice,1999,3.358974358974359,4.3962186462696575,0.21039318670282653,-2.3308095179551964
IN.ADM2.00321,sesamum,2004,0.4705882352941176,0.33941767282668683,0.054884296898630384,2.3307885185727333
IN.ADM2.00293,rice,2006,1.9616125304917191,1.6640163314061884,0.15738381434462376,2.330705386919947
IN.ADM2.00280,bajra,2015,0.0,0.5237772115053446,0.22121624580622762,-2.330127848551724
IN.ADM2.00462,maize,2017,4.088527683041869,4.375962567013112,0.6349433610448226,-2.3300997429413344
IN.ADM2.00288,rapeseed_mustard,2009,0.5974729241877257,0.7686125337302006,0.0435480116121486,-2.3300442622626893
IN.ADM2.00121,rice,2017,3.4489725236665896,2.2432587786999596,0.33085508288872534,2.330007519154055
IN.ADM2.00504,rice,2013,0.365079365079365,1.7532283023647586,0.6418971511382666,-2.329917081017045
IN.ADM2.00575,groundnut,2019,0.8076923076923077,1.0132002526069936,0.2180731875017451,-2.329684855459728
IN.ADM2.00436,rapeseed_mustard,2012,1.104026559972759,0.7975340622172803,0.11349625766541441,2.329655457421337
IN.ADM2.00083,ragi,2012,1.8978328173374608,0.9226558310959723,0.39424190074327214,2.329588059706834
IN.ADM2.00098,sugarcane,2022,80.76,48.71609260160756,6.5013182504177465,2.3293563164230067
IN.ADM2.00445,sugarcane,2000,57.42329545454545,54.910183712099524,7.394105217991874,2.3290172979369506
IN.ADM2.00563,sesamum,2011,1.0,0.4702253628724216,0.16462899899832195,2.3287899922341095
IN.ADM2.00523,sugarcane,1999,84.86363636363636,52.6460593675681,11.361833138758595,2.3286601498740067
IN.ADM2.00387,wheat,2012,2.40625,2.0037762872412355,0.16630477526464268,2.3282458890748816
IN.ADM2.00439,maize,2003,2.250509542338336,1.3364725491013392,0.42412824337550176,2.3280224678931267
IN.ADM2.00576,barley,1999,2.536231884057971,1.412794864139973,0.49211161101041745,2.3280041915171643
IN.ADM2.00360,barley,1998,0.7941176470588235,1.0773720620950533,0.1358765126534965,-2.327740397603553
IN.ADM2.00577,groundnut,2015,1.7166276346604217,2.0355920271033083,0.2858953242817923,-2.327486264997403
IN.ADM2.00468,arhartur,2016,3.827586206896552,1.724294511185018,0.9000524174638913,2.3273034048272754
IN.ADM2.00287,maize,2012,2.331360946745562,2.1889623938347045,0.16332642234531647,2.327016436873763
IN.ADM2.00573,jowar,2023,1.8905530294678363,0.8519263330430377,0.3464403312737532,2.3267516725906323
IN.ADM2.00233,barley,2016,3.333333333333333,1.7802282072003148,0.4618337139444194,2.326719133085623
IN.ADM2.00410,rapeseed_mustard,1999,1.5005178190679256,1.4791721899311543,0.21340856896510288,2.3266352410071227
IN.ADM2.00497,soyabean,2020,0.5,0.9533922780992552,0.1971086509061611,-2.326552876706325
IN.ADM2.00498,wheat,2011,5.676161866671324,4.620545161583412,0.43683440065912116,2.326206099092007
IN.ADM2.00339,cottonlint,2020,0.8400352530205428,0.4136655680943428,0.08056689230001195,2.326180437189733
IN.ADM2.00060,rice,2013,2.672788700531337,1.5732153687518524,0.3988986638745237,2.3260901423454223
IN.ADM2.00498,rapeseed_mustard,2008,2.3255813953488373,1.6331100210358687,0.35006028853016824,2.325983372212962
IN.ADM2.00418,rice,2019,2.5635910224438905,1.2916958832411463,0.31590872350245774,2.325980849452713
IN.ADM2.00252,groundnut,2022,0.4965806523736154,1.0831191576356465,0.2953221173644025,-2.32596117105672
IN.ADM2.00137,potato,1998,16.666666666666668,18.676479076479076,5.313765633382769,2.325941522946313
IN.ADM2.00504,jowar,2002,0.5079365079365079,0.6008554665331997,0.03970797326149446,-2.3258205312696214
IN.ADM2.00260,arhartur,2013,1.108695652173913,0.6746681361025281,0.17557770671377548,2.325733556559656
IN.ADM2.00528,wheat,2001,1.88099173553719,1.159862689420831,0.34075792936717125,2.3257114608637894
IN.ADM2.00090,wheat,2009,0.58807736896699,2.1527389428841497,0.6626808870929493,-2.32567269130175
IN.ADM2.00495,maize,2020,2.7554585152838427,1.5859890530924614,0.31103017869300803,2.3256595639160147
IN.ADM2.00224,bajra,2020,0.4186260344148168,0.8083872575836074,0.32595121732155136,-2.3255693886456505
IN.ADM2.00071,rapeseed_mustard,1998,1.1555834378920953,0.8060234714016823,0.1460707368711214,2.3251623757520843
IN.ADM2.00449,arhartur,2018,0.5495495495495496,0.7741213902209699,0.1549342602492931,-2.324406635752496
IN.ADM2.00436,arhartur,1997,0.519434628975265,0.8968839303536524,0.15286938974634792,-2.3240745550972264
IN.ADM2.00565,wheat,1997,3.5859872611464967,4.555379042009947,0.32994739996952516,-2.323958142380792
IN.ADM2.00342,rapeseed_mustard,2011,0.1845228215767634,0.9319709735418343,0.32911646281189844,-2.323626727967427
IN.ADM2.00033,maize,2001,1.7797687861271676,1.410961425449569,0.24612158365383133,2.323608234116367
IN.ADM2.00175,jowar,2003,0.3421093458681611,0.8760562008405722,0.188779972402367,-2.323453753393153
IN.ADM2.00270,arhartur,2015,0.2039355992844365,0.6861870402269326,0.24985399271214034,-2.323348421080495
IN.ADM2.00030,sesamum,2016,0.6764705882352942,0.7918580898992361,0.054235617278735195,-2.323209063594389
IN.ADM2.00357,rice,2002,0.6666666666666666,1.6240723562152135,0.31004638899749354,-2.3228922162507644
IN.ADM2.00576,barley,2012,0.275,1.412794864139973,0.49211161101041745,-2.322807998749457
IN.ADM2.00093,wheat,2018,0.7372175028049367,1.730216820012157,0.48195792648666536,-2.3227820059034086
IN.ADM2.00083,arhartur,2001,2.588201928530913,1.5908123943394616,0.42133527223075196,2.322689404243967
IN.ADM2.00426,wheat,2014,2.3729986280057505,3.0194583988082426,0.387002270381044,-2.322430601777537
IN.ADM2.00180,wheat,2021,1.2076032540675845,1.1612755182460477,0.26466985790569675,-2.3223841972980734
IN.ADM2.00214,arhartur,2010,0.179501488095238,0.5822838789997712,0.1758865273765689,-2.3223357447450077
IN.ADM2.00414,bajra,2020,2.4285714285714284,1.8315516916784313,0.14144335757106394,2.322092088138098
IN.ADM2.00132,barley,2010,3.981063051431031,3.333000685641439,0.27910036660914567,2.3219688804532757
IN.ADM2.00010,ragi,2015,0.5,1.102293388007674,0.308804896357451,-2.321927316467805
IN.ADM2.00405,potato,1997,11.635986913849507,25.036697349692947,2.807453244776319,-2.3219263762024664
IN.ADM2.00050,maize,2015,3.125,1.1470195840397706,0.7203074752089591,2.3219211427700692
IN.ADM2.00556,maize,1999,1.6725755995828988,1.0538872779633863,0.3768619001520736,2.3219026445273157
IN.ADM2.00321,maize,2011,5.0,3.2704010905349783,0.7270537945522818,2.32118147778862
IN.ADM2.00387,groundnut,2017,1.0433333333333332,1.204751921777218,0.11909256514017595,-2.321079259596387
IN.ADM2.00112,jowar,1999,1.285919540229885,1.1103192703124498,0.23502494498682883,2.321038455699335
IN.ADM2.00383,bajra,1999,2.7938491110043246,2.176456712529102,0.47650408711835895,2.32064079156655
IN.ADM2.00430,bajra,2012,2.327659574468085,1.6470690721788788,0.2686212802809106,2.320580955623679
IN.ADM2.00390,sugarcane,2017,36.72832167832168,50.99730906870857,10.821505150843373,-2.3204118875015745
IN.ADM2.00220,soyabean,2002,1.0185185185185186,1.535705209449565,0.3477890172936396,-2.3199655252322895
IN.ADM2.00233,groundnut,2022,2.3803418803418803,1.058450020773708,0.37854246061457547,2.3196027848910785
IN.ADM2.00495,wheat,2004,2.492703230882465,3.5372166843298207,0.292732311565636,-2.3194330884788084
IN.ADM2.00312,wheat,1997,0.6727272727272727,1.303162173976214,0.16611061377832023,-2.3194156259702656
IN.ADM2.00273,arhartur,2013,1.0,0.5596916327762456,0.1764837937671105,2.319338690623122
IN.ADM2.00281,arhartur,2008,1.2666666666666666,1.0703150050988464,0.10087261464205907,2.3192555462087863
IN.ADM2.00121,rice,2014,1.7244308528712198,2.2432587786999596,0.33085508288872534,-2.319129783455282
IN.ADM2.00499,maize,2020,4.333333333333333,1.6024151859364437,0.5686601237937345,2.3191000053600033
IN.ADM2.00517,ragi,1998,0.5833333333333334,0.30289915966386555,0.17818640647191114,2.318956301575927
IN.ADM2.00060,rice,2007,0.4765270581575451,1.5732153687518524,0.3988986638745237,-2.318857675941664
IN.ADM2.00205,ragi,1999,0.3360323886639676,0.2887474418397451,0.023742885185453273,2.318680116696873
IN.ADM2.00025,jowar,2008,4.72,2.451790014754307,1.0965973582378,2.3185964704600033
IN.ADM2.00508,ragi,2002,0.2733122243582495,0.40851568412519385,0.08140609133617563,-2.3184863550001684
IN.ADM2.00243,sugarcane,2020,42.900510204081634,21.458299960715795,9.667430344528265,2.3184183984626485
IN.ADM2.00550,sesamum,1999,0.4959785522788204,0.2738134740598822,0.09816917941433112,2.3182541653589683
IN.ADM2.00316,potato,1999,8.518072289156626,7.98662002273402,0.915869717836895,2.3177834075186134
IN.ADM2.00283,maize,1997,3.0,2.047283257959042,0.46501104377528585,2.3174498993456174
IN.ADM2.00387,rice,2005,2.3103472044429565,2.799754260125741,0.10035859308169026,-2.317367168744286
IN.ADM2.00153,sugarcane,2013,2.067639257294429,19.62304557423742,8.320575049929662,-2.3172127677091012
IN.ADM2.00321,maize,2023,2.1313850000000003,3.2704010905349783,0.7270537945522818,-2.3171497208099274
IN.ADM2.00374,ragi,2013,4.142809139784946,2.8891143088298215,0.464306457315061,2.317060988631607
IN.ADM2.00574,rice,2007,0.4939393939393939,1.5050371847925874,0.3608230845444833,-2.3167297017940034
IN.ADM2.00573,rice,2007,0.4921259842519685,1.506155049410487,0.3619847152783284,-2.316630275479221
IN.ADM2.00420,rapeseed_mustard,2013,0.3089927691210917,0.7112176327754445,0.1949759793407036,-2.3165695090491254
IN.ADM2.00054,sesamum,2014,0.6716279069767442,0.48755963488204596,0.07108523314195911,2.316364333475915
IN.ADM2.00111,maize,2006,0.9239482200647248,1.8123979320914987,0.3236119771438086,-2.3163298499227967
IN.ADM2.00117,bajra,2006,1.2416943521594683,1.9680603275042137,0.2142024910336975,-2.3159869595222786
IN.ADM2.00098,potato,2019,20.50886917960089,11.19894725276306,2.022652489603687,2.3158425892343972
IN.ADM2.00179,sugarcane,2003,37.63083503812535,74.21229956265138,14.944310438689646,-2.31572070296665
IN.ADM2.00178,sugarcane,2016,69.375,87.55244772020228,7.9608891588805575,-2.3155160586601506
IN.ADM2.00332,groundnut,2009,2.0,1.0151515151515151,0.32072192982016867,2.315192028971764
IN.ADM2.00215,potato,2010,10.42032294894797,14.905258663430219,2.088824318039326,-2.314986308476712
IN.ADM2.00409,potato,2014,14.457991803278688,20.76726220969921,3.5498974161331422,-2.3148274083058853
IN.ADM2.00224,maize,2016,3.3106796116504853,1.713484338566258,0.546921901172497,2.314643140431975
IN.ADM2.00235,barley,2023,1.8499496475327293,2.9959231090667733,0.8007714651858504,-2.314452687222134
IN.ADM2.00344,soyabean,2002,0.5185185185185185,1.0861403382247303,0.2843458261976448,-2.3143428952448843
IN.ADM2.00010,cottonlint,2007,0.5360736196319018,0.40654188817893533,0.06506872052556142,2.314177701409696
IN.ADM2.00539,barley,2006,1.5384615384615383,0.926496076265393,0.26343506222451474,2.313992794036978
IN.ADM2.00220,sesamum,2010,0.8404179529802898,0.5382894685971558,0.12922114579988078,2.3139019845490596
IN.ADM2.00092,arhartur,2010,0.5684931506849316,1.3399859575125745,0.3435403618245971,-2.3135170428646
IN.ADM2.00333,wheat,2014,2.1263979287281094,2.491335234539125,0.2708665119031059,-2.313364139716822
IN.ADM2.00183,potato,2006,22.96481429768221,15.739207600317025,2.9751891346763926,2.3133610801731046
IN.ADM2.00232,arhartur,2016,1.380952380952381,0.7192388709619646,0.2854498536793496,2.313044129459245
IN.ADM2.00076,barley,2020,2.267813267813268,1.3894050944457967,0.22311607942325548,2.3129564245776595
IN.ADM2.00098,wheat,2014,2.017251586624988,2.6685433583722187,0.3700861007531032,-2.3129540440063625
IN.ADM2.00298,rice,2021,1.7667874059626636,1.8707901259296271,0.23718929601989397,-2.312917204240372
IN.ADM2.00010,sesamum,2016,0.816318246397402,0.39366404670742583,0.12121343597542539,2.3128626659324136
IN.ADM2.00247,groundnut,1997,2.0,1.4262505308403777,0.4111257735676463,2.3126422454630013
IN.ADM2.00277,soyabean,2011,2.392156862745098,1.194698485665128,0.5278140319554493,2.3120448856545117
IN.ADM2.00367,jowar,2016,0.505849109918056,1.4386302497933092,0.4408966442865833,-2.3119002467051866
IN.ADM2.00172,ragi,2006,0.0649010276570798,0.9094127606992864,0.32537439025999865,-2.3118489582932913
IN.ADM2.00225,rapeseed_mustard,2018,0.4266121972570761,0.6882496865229629,0.16542018756527668,-2.311817651847331
IN.ADM2.00212,sesamum,2019,0.8817480719794345,0.3910372532879264,0.15039274879638242,2.3112901580917997
IN.ADM2.00180,rapeseed_mustard,2008,0.4,0.2646294174180063,0.05317118612822844,2.310684685066538
IN.ADM2.00025,rice,2012,3.0472813238770686,3.7288945052999627,0.33278913139708843,-2.3104763826126087
IN.ADM2.00343,rapeseed_mustard,2014,1.154131347281428,1.5295593003307362,0.26261144652935503,-2.3104022119892713
IN.ADM2.00384,ragi,2005,0.9799019607843136,2.360282489281444,0.4145335089343034,-2.3102615247707816
IN.ADM2.00167,rice,1998,0.0168620523526577,1.4017833784255778,0.5163398777977339,-2.3101141711996367
IN.ADM2.00210,wheat,2023,1.140102597291622,1.102996862517985,0.15772093361154085,-2.3099374271680064
IN.ADM2.00452,sugarcane,2011,45.18039482641253,68.08082778002813,10.08156844773365,-2.3093840731649693
IN.ADM2.00524,rice,2012,0.737012987012987,1.9424801119453687,0.5747782955228017,-2.309256178281395
IN.ADM2.00340,cottonlint,2002,0.1046153846153846,0.4198671823200933,0.07127437725359718,-2.3091515521604267
IN.ADM2.00507,groundnut,2020,4.395158526135391,2.341079188989655,0.43250329953020067,2.309136646717145
IN.ADM2.00121,sesamum,2006,0.0483870967741935,0.4108510030343966,0.15500100847771714,-2.308672981084953
IN.ADM2.00538,ragi,2006,0.3397711015736767,0.8996228589373177,0.27748702064045694,-2.3086172551288064
IN.ADM2.00297,potato,1999,14.481012658227847,10.533433003453872,1.5078243973319994,2.308581131850578
IN.ADM2.00171,ragi,2002,0.9348158351573704,1.9631590688631348,0.4259424729949599,-2.308459594406404
IN.ADM2.00301,sesamum,2001,1.08,0.6412548739086709,0.15607140299282635,2.3083374920250823
IN.ADM2.00520,rapeseed_mustard,1999,0.4385382059800664,0.2845658125093788,0.11958376709297093,2.308231786151497
IN.ADM2.00246,jowar,2017,2.04,1.1175084500323471,0.3401476087951596,2.3081659080401193
IN.ADM2.00169,sugarcane,1999,1.45,1.7167536124261271,0.15271483325972937,-2.3080450237512298
IN.ADM2.00419,sugarcane,2003,38.55997806158427,54.81578084461293,4.536156175584637,-2.3077569006087777
IN.ADM2.00069,jowar,1999,1.1731001206272618,1.0278946464942549,0.06420944200146006,2.3077231562694704
IN.ADM2.00357,arhartur,2002,0.0082872928176795,0.7123554586758941,0.334548700132949,-2.3076738803239945
IN.ADM2.00350,maize,1997,2.0,1.6419059070545317,0.38616501603954057,2.3075389230609757
IN.ADM2.00271,bajra,2020,1.6732180673438726,0.8873739642333942,0.22963526862187408,2.3075174757866996
IN.ADM2.00071,rice,2021,3.1000073588932224,1.408651049992755,0.5476951595729749,2.3074246805873724
IN.ADM2.00266,sugarcane,2021,98.94998581962564,62.972689146475545,17.634536126300677,2.3068085155730453
IN.ADM2.00412,jowar,2020,2.6538461538461537,1.3863214621402435,0.43044235469688197,2.3068001282652597
IN.ADM2.00374,sesamum,2001,0.8451882845188284,0.557026773780122,0.12237867484881636,2.3065480931228324
IN.ADM2.00178,groundnut,2012,1.5126005361930297,1.957381592547652,0.21343253392426317,-2.3063265486290625
IN.ADM2.00367,arhartur,1998,1.1150164449462472,0.846135719986127,0.22474933599956973,2.3061277484138314
IN.ADM2.00501,maize,2011,2.256578947368421,2.691498779111581,0.21171688713899234,-2.3060938066642493
IN.ADM2.00159,wheat,2005,0.1209205020920502,1.0881645901628891,0.36241830490368876,-2.3060331803865632
IN.ADM2.00108,ragi,2008,1.26890756302521,0.9124676506040269,0.1545694961426628,2.3060171723158347
IN.ADM2.00559,potato,2008,10.69767441860465,21.99715382500441,4.786534115506801,-2.305799866913274
IN.ADM2.00479,sugarcane,2007,14.23397913561848,47.69784547344009,14.079959927337029,-2.3056737472884574
IN.ADM2.00269,sugarcane,2003,27.701612903225808,58.34608613137961,15.23369553884903,-2.305578841912874
IN.ADM2.00556,sesamum,2003,0.2075471698113207,0.15538133757011188,0.033199852876387236,2.3054048286408837
IN.ADM2.00459,maize,2022,3.643576903423608,5.136223527350925,1.2305546766325404,-2.305360378508073
IN.ADM2.00208,rapeseed_mustard,2013,0.845001136474332,1.3106874114741665,0.2709826389814468,-2.3053538349829896
IN.ADM2.00333,soyabean,2002,0.5061728395061729,1.086185790613535,0.28516726661883746,-2.305259493781645
IN.ADM2.00523,groundnut,2021,2.388034188034188,1.3292609145735181,0.34588815031255443,2.3052282319695507
IN.ADM2.00011,maize,2002,1.495809801421024,4.929216228765892,0.9658412209385734,-2.305208284645417
IN.ADM2.00221,barley,2018,1.5,2.0447931212061983,0.5320512609245457,-2.3049468309793704
IN.ADM2.00376,maize,2006,8.335691318327974,5.586733969015876,1.6446236060136308,2.304939348917014
IN.ADM2.00235,maize,2012,3.6732963875205256,2.3313589082357136,0.5309625781225421,2.304878682390107
IN.ADM2.00059,rice,2021,1.257970231760202,1.5406650357800344,0.20293045435080742,-2.3047021383235458
IN.ADM2.00459,maize,2005,7.41218872870249,5.136223527350925,1.2305546766325404,2.3046997909643308
IN.ADM2.00399,rapeseed_mustard,2017,0.754054054054054,1.0728066640079845,0.1661896182346819,-2.3046188640354215
IN.ADM2.00350,potato,2018,21.428571428571427,5.932957730407421,5.262456244088166,2.3045653399548374
IN.ADM2.00451,wheat,2002,1.400963122544671,2.205963745583752,0.2677988705400629,-2.304469995545011
IN.ADM2.00577,jowar,2014,2.54441796044579,1.4382120048790141,0.4106335623383488,2.304182665649838
IN.ADM2.00482,rapeseed_mustard,2020,0.7579567779960708,1.0015692811436974,0.22245863034880234,-2.304164519482478
IN.ADM2.00526,maize,2023,2.5459910581222056,1.151908609634855,0.30078316327428306,2.304057477022454
IN.ADM2.00061,maize,2012,3.342268041237113,1.8883800305299194,0.5329257896415268,2.303798396828756
IN.ADM2.00366,rice,2013,5.338946693623946,4.261707504894409,0.43702218750990457,2.3037882861239884
IN.ADM2.00092,maize,2014,2.178687787889001,4.422329698726352,1.4570167657390238,-2.303707037814514
IN.ADM2.00526,sugarcane,1999,81.21722846441948,55.264459732161455,13.747133605618542,2.303579183750761
IN.ADM2.00133,bajra,2002,1.054981721828308,1.8849536323022633,0.24104188041176586,-2.303510343818906
IN.ADM2.00480,maize,2016,2.2442920464999583,1.2657427841122273,0.3797698970526418,2.3034196846436794
IN.ADM2.00235,groundnut,2019,0.9149797570850202,1.2975101219272462,0.2655029828151653,-2.303377034890675
IN.ADM2.00232,soyabean,2014,1.2605042016806722,0.8423809780828303,0.23268301919780338,2.303000537177668
IN.ADM2.00144,arhartur,2018,0.3333333333333333,0.4324688057040998,0.17486814355640384,-2.3029497191273682
IN.ADM2.00418,wheat,2015,1.8802775149795017,3.0572024456575644,0.5742472442584119,-2.302923390891203
IN.ADM2.00090,rice,2007,0.2482098563204942,1.2912921821588534,0.4281700304260342,-2.3027448640410455
IN.ADM2.00552,rice,2006,4.638842443729904,3.190051551276977,0.6903610533665271,2.3020220251095362
IN.ADM2.00282,potato,2022,7.274881516587678,7.190090580979963,0.984296237228437,-2.3018451777312734
IN.ADM2.00545,rice,2011,2.5540232199181263,1.2493926351064903,0.5501577927444167,2.301546323911578
IN.ADM2.00087,groundnut,2001,0.8666666666666667,1.1099629553136456,0.28722568597565507,-2.301501489517684
IN.ADM2.00097,sesamum,1997,0.9215116279069768,0.7825485049914976,0.11084162983582817,2.3014914515913354
IN.ADM2.00018,maize,2006,2.918360815886544,4.682543622868372,0.5667690382581453,-2.3014478641079443
IN.ADM2.00370,maize,2016,2.872340425531915,6.82285895275509,1.6969446938004065,-2.3014387113345465
IN.ADM2.00061,wheat,2013,3.010036867447749,2.089333279350587,0.36690777344748854,2.3013775276732105
IN.ADM2.00154,sugarcane,2006,25.795,13.407191848540537,6.812072127772351,2.301244183856338
IN.ADM2.00068,maize,2016,3.226060724017127,1.9417896921458262,0.48779265157565566,2.300921479253375
IN.ADM2.00337,wheat,2004,2.9154861254592657,3.9497185651834665,0.3277087766952099,-2.3009174709326423
IN.ADM2.00336,rapeseed_mustard,2008,0.4316407040258952,0.962524444949593,0.2280473167393478,-2.300786040553947
IN.ADM2.00452,sugarcane,2012,45.52390307793058,68.08082778002813,10.08156844773365,-2.3005572901852904
IN.ADM2.00087,potato,2016,8.51113377528472,10.25071939439751,1.4900766808076173,-2.3004983024415626
IN.ADM2.00569,sesamum,2008,0.6121673003802282,0.5576755745533639,0.03654787701171013,2.300341892192275
IN.ADM2.00418,sesamum,2017,0.4600138280709841,0.19893909584325076,0.09572352235765003,2.3000766080652237
IN.ADM2.00465,rapeseed_mustard,2000,0.9649122807017544,0.765642496755642,0.14704458392968212,2.2999170243034954
IN.ADM2.00206,maize,2020,4.4479156223055485,2.2770448050480203,0.4660908437799088,2.299826619398085
IN.ADM2.00077,barley,2021,0.8607594936708861,1.1021228341985376,0.2708670859517822,-2.299576277608149
IN.ADM2.00224,rapeseed_mustard,2017,1.2,0.625687644930298,0.1661998691152897,2.2995425400316467
IN.ADM2.00232,bajra,2018,3.0,1.838008850755156,0.45435199289420847,2.299157596720806
IN.ADM2.00084,potato,2008,4.051076500229042,16.502185385516412,5.214420669411846,-2.2989085869945205
IN.ADM2.00205,rapeseed_mustard,2019,1.3060528559249789,0.8169338291656028,0.21064580139640993,2.298542606456746
IN.ADM2.00530,sugarcane,2015,49.28808193668529,63.18897806222957,6.410300749946184,-2.298306699111273
IN.ADM2.00511,sugarcane,2002,50.0,65.0,5.412576518583786,-2.298178531966584
IN.ADM2.00424,maize,2000,1.8979827089337176,1.069223101439932,0.3453169325198419,2.2980176566337853
IN.ADM2.00248,groundnut,2015,1.0,1.4853947029008951,0.2620956826446931,-2.2976122197100426
IN.ADM2.00533,ragi,2016,1.8113207547169807,2.5825863680756953,0.49675886754403425,-2.2974583520599077
IN.ADM2.00565,arhartur,2019,1.5,0.9979562104562104,0.16333672087812293,2.297415659105377
IN.ADM2.00367,jowar,2014,2.50941230486685,1.4386302497933092,0.4408966442865833,2.2969493626772906
IN.ADM2.00284,maize,2012,2.585635359116022,2.1883174637230707,0.24369143348823677,2.296729621808379
IN.ADM2.00332,rice,2004,4.659400544959128,4.527408839487429,0.20144426007971247,2.2966501763903087
IN.ADM2.00488,sugarcane,1997,56.0,63.51875239912447,5.7756709330571745,2.296330354281046
IN.ADM2.00430,cottonlint,2020,0.3461538461538461,0.09961648536947727,0.10479717866371469,2.2960148927996467
IN.ADM2.00229,rice,2022,3.144996891462976,1.104851079760994,0.46845822884450083,2.2959946484971963
IN.ADM2.00217,sesamum,2021,0.5689655172413793,0.30640706100495535,0.060358839826557466,2.2958461183589094
IN.ADM2.00248,sesamum,2010,0.6716417910447762,0.45769624048821905,0.09270413450662268,2.2957350962900622
IN.ADM2.00498,maize,2009,6.968641114982578,3.2296968386039255,1.6399329946034469,2.295730245438006
IN.ADM2.00258,maize,2000,0.6435643564356436,2.0856830430262554,0.4750466770225672,-2.2954764473025238
IN.ADM2.00071,rice,2015,0.3282896539661254,1.408651049992755,0.5476951595729749,-2.294403326539265
IN.ADM2.00546,potato,2017,10.1,7.353970410420904,1.2490254139771122,2.2939357776471465
IN.ADM2.00224,groundnut,2015,0.9047619047619048,1.1433756292615922,0.2110320038930128,-2.2934032719389736
IN.ADM2.00155,rice,2005,1.6399207528479445,2.20552840165663,0.20154615215959,-2.2928928496890024
IN.ADM2.00395,rice,2007,0.5112619116373087,1.4957557836655622,0.35509276375017934,-2.2928239250411755
IN.ADM2.00242,potato,2010,8.406548431105048,15.222158370231485,3.1460387066584223,-2.292776560913135
IN.ADM2.00424,sesamum,2002,0.0420686993438826,0.14987161643448915,0.056388546898965074,-2.292600500539303
IN.ADM2.00325,maize,2018,2.069767441860465,2.4757733695721718,0.3481572847428214,-2.292581305555326
IN.ADM2.00223,rice,2022,3.801644020891671,1.4902370794560242,0.48284348770223,2.292415298221503
IN.ADM2.00251,jowar,2007,2.3962930273609886,1.3033957505300995,0.4264843982708951,2.2921319459226224
IN.ADM2.00136,rice,2018,3.495798319327731,3.782755451049675,0.3444589128735429,-2.292117524954544
IN.ADM2.00378,sesamum,2016,0.485179407176287,0.7289620344186154,0.10805072344639594,-2.292042394931816
IN.ADM2.00248,barley,2017,3.5,2.0440562884771567,0.5296859676268707,2.291683876107113
IN.ADM2.00225,sugarcane,2015,50.0,21.805698511256235,12.79802746937198,2.2916249086261975
IN.ADM2.00080,rice,2010,0.8004304160688666,1.648014381596509,0.37000521540098685,-2.290735184932895
IN.ADM2.00146,maize,2023,1.3401962227912934,2.0593453071003958,0.3636223422173604,-2.2904426284629973
IN.ADM2.00206,potato,2017,1.9384615384615385,6.3304977831058595,1.7337397815052396,-2.2902923799800647
IN.ADM2.00338,arhartur,2016,2.0,0.8296316044698774,0.4551594363627102,2.290124178414934
IN.ADM2.00184,potato,2015,6.28,13.27256978053553,2.9277643046674626,-2.2899642491556094
IN.ADM2.00456,potato,2008,9.940547862733291,26.55857199273944,7.064191673842989,-2.2898986270249795
IN.ADM2.00392,jowar,2021,2.333333333333333,1.253148996455739,0.2940634473907754,2.28978386944029
IN.ADM2.00494,arhartur,1998,1.3251173708920188,0.8334148824665651,0.31333403661289644,2.2897837234443177
IN.ADM2.00239,barley,2014,1.0,1.8225287784342563,0.5136775910555423,-2.289580884568867
IN.ADM2.00069,wheat,2004,1.1187871337840607,2.27623854249431,0.4059982251589825,-2.2895430297939177
IN.ADM2.00088,potato,2016,12.11111111111111,5.860266938645088,3.021264999398209,2.2895129511841734
IN.ADM2.00363,soyabean,2002,0.7407407407407407,0.8857319833861685,0.038670083656347644,-2.2892914944111107
IN.ADM2.00332,arhartur,2003,1.1,0.9077163484090729,0.11235568845508223,2.2892229364398182
IN.ADM2.00335,cottonlint,2003,0.4888988988988988,0.3940204336106345,0.09634632816726325,2.289220339550111
IN.ADM2.00056,cottonlint,2013,0.0772727272727272,0.08255728994796091,0.002992364483819796,-2.289158476835236
IN.ADM2.00236,groundnut,2010,2.0,0.8786916786916786,0.3907867041930053,2.2889975533055087
IN.ADM2.00336,jowar,2022,0.8286637931034483,0.3401407196348041,0.21890723951449098,2.288963418490753
IN.ADM2.00215,jowar,2016,2.5,1.4313114448225956,0.39018443819801907,2.2888581360574443
IN.ADM2.00227,soyabean,2010,1.7205387205387206,1.1348443501217118,0.2584696715293082,2.2888453260532082
IN.ADM2.00569,sugarcane,2003,41.36094674556213,53.36732593145712,4.016465695510338,-2.288839715010115
IN.ADM2.00440,soyabean,2012,1.411764705882353,0.7924503772800986,0.27725779030849573,2.288716965745843
IN.ADM2.00437,potato,2007,4.790798611111111,13.044905401273612,3.9390919224472913,-2.2886094495568328
IN.ADM2.00439,groundnut,2001,1.6931608133086875,0.7780474344130277,0.32059467821820326,2.2886048407738926
IN.ADM2.00573,soyabean,2012,1.411764705882353,0.7365494771131889,0.2962625019193492,2.2883746332249486
IN.ADM2.00498,rapeseed_mustard,2014,1.0,1.6331100210358687,0.35006028853016824,-2.288345929446615
IN.ADM2.00278,arhartur,2018,0.1632034632034632,0.5194110430182505,0.16041902978359524,-2.2882338925325976
IN.ADM2.00250,wheat,2012,1.1850899742930592,1.6989409995995457,0.2559070158230538,-2.2879782310594354
IN.ADM2.00140,arhartur,2003,1.2170710224997998,1.0389383114772,0.17021763652861102,2.28765094018738
IN.ADM2.00333,maize,2009,0.1906443324864717,1.027045086774181,0.3489256263197339,-2.287571055977286
IN.ADM2.00137,sesamum,2012,0.3333333333333333,0.047619047619047616,0.10892403695562348,2.28740477606804
IN.ADM2.00485,potato,2021,28.265883609183128,14.035412849177018,4.394410019216842,2.2867608474889707
IN.ADM2.00237,rapeseed_mustard,2019,1.255424063116371,0.7246914146993171,0.14679130109051688,2.286599816905394
IN.ADM2.00206,wheat,2014,2.333333333333333,1.8124014425089905,0.2050116523254474,2.2865618366976572
IN.ADM2.00008,ragi,1997,1.2608695652173914,1.5397477526311387,0.27899430756059684,-2.2862685441339283
IN.ADM2.00133,bajra,2007,2.3330103011377914,1.8849536323022633,0.24104188041176586,2.286242581635893
IN.ADM2.00426,groundnut,2012,1.5944186046511628,0.994594183349429,0.2607208797172671,2.2850602109551263
IN.ADM2.00011,ragi,2009,0.8,1.3633757596605893,0.25990520936313893,-2.2850468591886046
IN.ADM2.00425,rapeseed_mustard,2014,0.4203954214360041,0.783927476979772,0.19496950523825757,-2.28478144658713
IN.ADM2.00559,rice,2012,4.150431983737083,3.5239039110693238,0.22992680845402524,2.284763934012729
IN.ADM2.00520,groundnut,2015,0.8450310559006212,1.2372131352491824,0.2406331599475596,-2.2846784643550166
IN.ADM2.00241,arhartur,2010,0.135177110089003,0.5783070358685328,0.19731921377947673,-2.284465085061241
IN.ADM2.00215,rapeseed_mustard,2019,2.021505376344086,1.122453020539035,0.27704408032563405,2.284147101161365
IN.ADM2.00133,barley,2011,6.546644844517185,3.755031937685539,1.210069086151952,2.2838031416864037
IN.ADM2.00158,rice,2014,1.129873966128397,2.121345636923773,0.5920932259182363,-2.2836377706997566
IN.ADM2.00507,sesamum,2022,0.3839991500212494,0.2048495782943829,0.05369024039081971,2.2835135943590865
IN.ADM2.00403,groundnut,1997,1.2142857142857142,1.0838206671699593,0.17404585499688482,2.2834341303769747
IN.ADM2.00164,wheat,1998,0.0785603715170278,0.9838448564405872,0.228606475954222,-2.283378775931816
IN.ADM2.00338,potato,2018,5.090909090909091,2.755511638275725,1.0310109357052233,2.2831398939697154
IN.ADM2.00212,jowar,2017,2.35,1.4043769144853684,0.23834885647767867,2.283105576036525
IN.ADM2.00243,soyabean,2002,0.2191220956426594,0.7996166872387948,0.2526030565132102,-2.2830889552281612
IN.ADM2.00391,arhartur,2000,0.4,0.6849118315392058,0.12081504870516806,-2.2828911134819996
IN.ADM2.00338,jowar,2015,0.280646734964109,0.7392529610496223,0.3078357126707127,-2.282780293285289
IN.ADM2.00011,sugarcane,2016,57.7648628613788,84.99415835314413,13.279865859610881,-2.2827541259915645
IN.ADM2.00225,maize,2011,0.7487766442730364,1.752251137863526,0.45743295246490595,-2.282605467001733
IN.ADM2.00242,arhartur,2015,1.0,0.5666938912678336,0.1876628209743812,2.2824799540587253
IN.ADM2.00514,barley,2004,1.892307692307692,1.3139479810534431,0.3241949242850429,2.2817435112382403
IN.ADM2.00126,jowar,2016,1.8498743475739416,1.4191037806972437,0.17081826804534722,2.2816443394420327
IN.ADM2.00110,maize,2002,0.8928571428571429,1.977247841505455,0.4609311743562936,-2.2814988919942105
IN.ADM2.00221,rapeseed_mustard,2019,1.4636015325670495,0.9286138360804493,0.18830344234704058,2.2812706134972602
IN.ADM2.00534,maize,2018,4.83568097458837,5.713477672880529,1.246588411097742,-2.280859502817431
IN.ADM2.00453,groundnut,2017,2.1,1.207298240538479,0.28150608122780424,2.28057033904074
IN.ADM2.00175,wheat,2015,0.7646565711195241,1.0520682103269177,0.16447939130652256,-2.280189339630896
IN.ADM2.00222,soyabean,2009,1.770001631256641,1.2086261240900973,0.24713179048111616,2.2801272562569332
IN.ADM2.00189,groundnut,1998,1.7572168763878608,1.6846821969365848,0.1946160076364478,2.280111484726768
IN.ADM2.00312,sugarcane,2009,16.9,45.90848444641014,14.370503801380181,-2.2800549691416494
IN.ADM2.00317,groundnut,2004,0.303030303030303,1.0900024293119348,0.3644284522933912,-2.27999889972687
IN.ADM2.00383,groundnut,2016,1.672209026128266,2.2986106921087104,0.4185983631715807,-2.279920108394157
IN.ADM2.00342,wheat,2007,1.2822502974335732,2.2082946292563115,0.42846813811394946,-2.2798689875496105
IN.ADM2.00007,potato,2022,20.54054054054054,9.982093232789271,4.064890958333955,2.279862870835416
IN.ADM2.00167,rice,1997,0.014998421218819,1.4017833784255778,0.5163398777977339,-2.2797642387009422
IN.ADM2.00282,rapeseed_mustard,2007,0.3333333333333333,0.7426101523566773,0.1559977632090687,-2.279330297644097
IN.ADM2.00093,potato,2003,11.693635852143592,6.7861419816494575,1.699235707889882,2.278982439169342
IN.ADM2.00244,sugarcane,2013,42.85714285714285,21.79875729047059,10.152931128180482,2.2786377879993878
IN.ADM2.00222,jowar,2017,2.3,1.522146744355836,0.24619818373675276,2.2784558061225915
IN.ADM2.00140,wheat,2014,3.583710407239819,4.12683736528068,0.30392096747932373,-2.2783869326720794
IN.ADM2.00246,bajra,2002,0.1,0.9944943944943945,0.42046239948008685,-2.278185897020188
IN.ADM2.00350,potato,2016,20.4,5.932957730407421,5.262456244088166,2.277900288696742
IN.ADM2.00061,ragi,2016,0.5,0.912779359374507,0.215204953074648,-2.277871359350095
IN.ADM2.00132,arhartur,2015,1.6666666666666667,1.0726292333266603,0.25181831747798417,2.2777434000257104
IN.ADM2.00242,arhartur,2016,1.0,0.5666938912678336,0.1876628209743812,2.277665243669464
IN.ADM2.00301,bajra,2003,1.4642857142857142,0.9898723458719259,0.2172293065184447,2.2776353427709726
IN.ADM2.00223,potato,2010,6.770331325301205,13.434600584790592,3.076966562087407,-2.2775133876901523
IN.ADM2.00013,maize,2005,6.396950751343644,4.315775012325129,1.102862668883537,2.277171851933164
IN.ADM2.00390,sugarcane,2018,38.40220385674931,50.99730906870857,10.821505150843373,-2.2770457922980065
IN.ADM2.00437,soyabean,2005,1.6810841983852365,1.1361138709283132,0.29010595190661775,2.2768148617839024
IN.ADM2.00254,maize,2013,3.0,1.4781237053811722,0.7000819971290809,2.276726477897029
IN.ADM2.00303,wheat,2009,1.1578947368421053,1.720822562689679,0.23724655737593892,-2.2765559824238375
IN.ADM2.00037,arhartur,2013,0.9683544303797468,0.7846387569598202,0.06246098465348168,2.2762514571282733
IN.ADM2.00420,maize,2013,1.757347400150716,0.785705970993809,0.3972681580321325,2.276089674584327
IN.ADM2.00413,jowar,2021,2.0,1.1521589519202706,0.26592009740713,2.2757291079803146
IN.ADM2.00101,maize,2013,4.329174021547264,2.8116700462576922,0.5663357179580928,2.2756891124471013
IN.ADM2.00524,potato,2022,13.491966173361522,12.947112898146672,0.9352304109157221,-2.275606264981736
IN.ADM2.00242,maize,2017,3.243978590544157,1.5856890171083369,0.6560161661315342,2.2755563765951785
IN.ADM2.00540,potato,2020,19.84375,11.764681376013584,2.4561740743630716,2.2752085487079867
IN.ADM2.00440,jowar,2015,1.9107551487414187,1.0092835236924513,0.3614599055325015,2.2750357488663386
IN.ADM2.00542,maize,2019,2.8664409648751588,1.4224596978260653,0.5274826258470827,2.275020784870055
IN.ADM2.00098,ragi,2011,1.827838827838828,0.931555980023022,0.3949345108889793,2.274947735009627
IN.ADM2.00080,rapeseed_mustard,2001,1.806156806156806,1.105405378640187,0.2936954700798133,2.274897190811847
IN.ADM2.00401,maize,2001,2.3832725897761766,2.1273403827301127,0.24785997173617394,2.274887972803137
IN.ADM2.00225,sugarcane,2014,50.0,21.805698511256235,12.79802746937198,2.274747649420354
IN.ADM2.00406,sesamum,2013,0.0349650349650349,0.15748296189900884,0.05373913914813263,-2.274395226417916
IN.ADM2.00085,ragi,2015,1.431372549019608,0.9403361918457613,0.19937312081465197,2.274379345379557
IN.ADM2.00443,rice,2002,0.8130444270136059,2.158185492290103,0.38406130399165567,-2.27437523391898
IN.ADM2.00332,cottonlint,2021,0.3345161290322581,0.540698058052173,0.1633993113234701,-2.2742821336576893
IN.ADM2.00155,wheat,2023,3.311440402498657,1.7226777525992583,0.545813208137589,2.2737441083171133
IN.ADM2.00348,maize,2020,2.772727272727273,1.5790376524095744,0.34446929461693854,2.273688464100687
IN.ADM2.00408,rapeseed_mustard,2017,1.946067284706431,1.2978940664341077,0.21853128583296688,2.27335436033406
IN.ADM2.00383,arhartur,1998,0.8648648648648649,0.7704721028357541,0.11597050405083098,2.2731731384000056
IN.ADM2.00539,wheat,2014,1.6325335215243473,2.1577419415089736,0.33847987038787436,-2.272683406432994
IN.ADM2.00032,wheat,2013,1.4290060851926978,1.5898123835795464,0.09160191498208044,-2.2726441016366126
IN.ADM2.00566,maize,2017,10.174830874561904,4.545726125748314,1.6206567112434789,2.2725455406301327
IN.ADM2.00302,rapeseed_mustard,2021,0.7,0.9242994907966037,0.12566891484267878,-2.272356211908563
IN.ADM2.00408,bajra,2008,2.139089968976215,1.577765299865723,0.2763073564620712,2.272045911633062
IN.ADM2.00216,rice,2019,0.3667857142857143,0.7730500892185262,0.34234694899030005,-2.2720295331629976
IN.ADM2.00221,rapeseed_mustard,2018,0.5953307392996109,0.9286138360804493,0.18830344234704058,-2.271915665477128
IN.ADM2.00232,arhartur,2020,1.3699484092863286,0.7192388709619646,0.2854498536793496,2.2713569353086016
IN.ADM2.00464,groundnut,2012,2.875713658322354,1.8639706477930902,0.4065685952732708,2.27133569750117
IN.ADM2.00439,jowar,2023,1.6792196623019764,0.9308640956489724,0.23672441633355382,2.2712260240016606
IN.ADM2.00571,jowar,2013,0.4830124575311438,0.880677769263714,0.22738659372815345,-2.2710982552250774
IN.ADM2.00007,jowar,2021,5.071902654867257,1.4649787781832058,1.1555533990941587,2.270846413091303
IN.ADM2.00247,cottonlint,2011,0.2266666666666666,0.09200308651777744,0.05965305163590955,2.2708207313340467
IN.ADM2.00507,rice,2012,0.6666666666666666,1.522763066563009,0.4110235026945822,-2.270763966589678
IN.ADM2.00278,groundnut,2002,2.25,1.4643998466475912,0.37561590417487484,2.270590755967318
IN.ADM2.00085,sugarcane,2015,110.48148148148148,53.5959940096974,20.612580472359443,2.27035736653937
IN.ADM2.00448,rice,2019,2.633996270975761,1.8484517216056782,0.2197658477067778,2.2702779295502813
IN.ADM2.00425,rapeseed_mustard,2019,0.5143220878421387,0.783927476979772,0.19496950523825757,-2.269945239894325
IN.ADM2.00275,soyabean,2000,2.4705882352941178,1.8220239478704099,0.3144635287186452,2.26992074858395
IN.ADM2.00398,sesamum,2001,0.25,0.1931793076755912,0.04228322101831952,2.2698061349814878
IN.ADM2.00021,rice,2010,1.5381722679980951,2.312076423796627,0.3409785911822568,-2.2696561479571806
IN.ADM2.00226,sugarcane,2012,47.142857142857146,26.732803840393576,10.926805700238434,2.269551985056061
IN.ADM2.00137,barley,2005,5.454545454545454,3.492617654097218,0.8911833839340922,2.2693359501154426
IN.ADM2.00422,rapeseed_mustard,2020,0.8225231646471846,1.0867085889131636,0.19972996192789422,-2.2692229808470223
IN.ADM2.00441,potato,2011,9.560185185185183,21.293210734417123,5.231395243278855,-2.269068044568369
IN.ADM2.00470,jowar,2007,1.125,1.0421197626751304,0.05067611881041252,2.2690655271698508
IN.ADM2.00573,arhartur,1999,1.821927596062242,0.9947899289854768,0.34514783468881677,2.268889663325586
IN.ADM2.00337,groundnut,2009,1.1111111111111112,1.6085625160240529,0.2192502397037122,-2.2688750789288985
IN.ADM2.00298,potato,2021,5.69620253164557,10.492929936796573,1.6499917692995019,-2.2684434902164337
IN.ADM2.00324,sesamum,2018,0.2,0.43594680001724784,0.10838577994266284,-2.2683955613442968
IN.ADM2.00218,arhartur,2016,1.3793103448275863,0.9578513939563879,0.18112141261443218,2.2682891268804397
IN.ADM2.00289,rice,2007,1.2327650111193478,1.875875441599646,0.2372140166241327,-2.2681534667607632
IN.ADM2.00497,wheat,2012,1.6983240223463687,1.9691576048504098,0.16614714333161373,-2.268142649093192
IN.ADM2.00208,wheat,2007,1.386198596329903,2.924583794393671,0.5206792861229758,-2.267937197713942
IN.ADM2.00520,arhartur,1997,0.1970451260639152,0.7374062276989861,0.1993824475863037,-2.2678858478999766
IN.ADM2.00568,bajra,2016,3.799835255354201,2.1024651244799446,0.44605690442251494,2.267296236925514
IN.ADM2.00087,sesamum,1999,0.5028901734104047,0.7817307179133536,0.05976344174009219,-2.2671935076354965
IN.ADM2.00485,maize,2015,3.690216332099006,4.636203912038096,0.9511392198079309,-2.2666918134372858
IN.ADM2.00552,wheat,1999,3.497985882869934,3.590291436401005,0.32467420665619046,2.2664747635147093
IN.ADM2.00366,rapeseed_mustard,2015,0.3333333333333333,0.219753934214877,0.058820731297575306,2.2664128994854678
IN.ADM2.00275,rice,1998,2.414457831325301,1.7485029462360542,0.31384835231636266,2.266159191248513
IN.ADM2.00180,maize,2009,1.124212846347607,2.587684373526812,0.6352478816231666,-2.2661497209396253
IN.ADM2.00442,rice,2020,3.819727956045633,2.6939355958245517,0.2723217852514662,2.2657156210236686
IN.ADM2.00510,rapeseed_mustard,2017,2.0,1.3805367289715114,0.16222738530564845,2.265672363590002
IN.ADM2.00111,groundnut,2018,1.5790087463556852,1.7383729432622308,0.21630194796964922,-2.265442536997907
IN.ADM2.00337,rice,2006,0.7266514806378133,1.8475984313189766,0.37115056799554996,-2.2652267786224547
IN.ADM2.00275,soyabean,2006,1.083623693379791,1.8220239478704099,0.3144635287186452,-2.265137254415477
IN.ADM2.00336,barley,2007,2.1666666666666665,2.831526451721259,0.1873013247024863,-2.264715304024228
IN.ADM2.00065,barley,2018,2.0,1.268279463480573,0.20131340475034037,2.2645330442018143
IN.ADM2.00199,rice,2003,1.8019708744328504,2.5792351283597483,0.21132526712430444,-2.2644876840384245
IN.ADM2.00399,bajra,2001,1.3333333333333333,0.9669732199664526,0.1703423302387895,2.2644737004409907
IN.ADM2.00224,jowar,2019,0.780578898225957,1.1110938200556508,0.30839581881773886,-2.264412893317554
IN.ADM2.00210,groundnut,2018,1.3672253258845437,1.3730117197921548,0.12316144823453311,-2.26413670697574
IN.ADM2.00283,rice,2020,1.9747349740811655,1.4946114324344355,0.3537507997342492,2.263876205625375
IN.ADM2.00226,soyabean,2012,1.713048127283348,0.9615240821937827,0.34129910694362214,2.263709892828817
IN.ADM2.00533,cottonlint,2013,0.5915068493150686,0.2643883799653661,0.14128026298098667,2.2630988041528872
IN.ADM2.00219,jowar,2015,0.5,0.9696247994181817,0.25652402934362345,-2.2630250425359097
IN.ADM2.00149,rice,2004,1.6630012936610608,1.3373680317764927,0.13357062819320267,2.2629997490989253
IN.ADM2.00005,groundnut,2007,1.8210227272727275,1.155307443266462,0.3361072934191653,2.262880091301147
IN.ADM2.00065,ragi,2007,0.1933198380566801,0.9712904028093308,0.31886419633118057,-2.262848101068352
IN.ADM2.00243,rice,2022,3.55399431379316,1.5837270428295915,0.45950213552096425,2.2625174837885558
IN.ADM2.00186,rice,2018,2.7934463195518933,3.243442622782888,0.25053151922683,-2.262398309571361
IN.ADM2.00226,groundnut,2020,2.3081152993348115,1.2093190482043876,0.30999168540736527,2.2623298361192177
IN.ADM2.00049,sugarcane,2022,48.31150240689131,41.51425496775308,3.9997587719443293,2.262297259653838
IN.ADM2.00451,rapeseed_mustard,2004,0.5617299061607507,0.7828742289402058,0.08181743959553446,-2.261867968818283
IN.ADM2.00014,rice,2015,2.292847604117418,2.6190102783680365,0.2389296504937524,-2.2618299502046204
IN.ADM2.00391,ragi,2018,0.9874316470554554,1.194024578220719,0.11082350529142802,-2.2616814618861736
IN.ADM2.00183,cottonlint,2017,0.595,0.386990362261421,0.09361541819107828,2.261343035518863
IN.ADM2.00367,bajra,2015,4.003398058252428,2.2208519850563424,0.6463233033969934,2.2611929928927372
IN.ADM2.00574,rice,1998,1.620253164556962,1.5050371847925874,0.3608230845444833,2.2611882384934674
IN.ADM2.00271,rice,2009,0.8178913738019169,1.5845927707090712,0.3144182175694193,-2.261180708849485
IN.ADM2.00077,rapeseed_mustard,2002,0.2839242053789731,1.2689509738744262,0.3840921278982195,-2.261027258897269
IN.ADM2.00072,maize,2007,1.284179104477612,2.5540363829636563,0.4706872228422757,-2.2610067034182615
IN.ADM2.00303,bajra,2003,1.5833333333333333,0.9984390212241728,0.2557232846933765,2.260891225133417
IN.ADM2.00336,wheat,2005,0.8965290343806547,1.7037803513753706,0.43876262778902425,-2.260768002148654
IN.ADM2.00534,rice,2013,4.673750168678092,3.6493888359615942,0.40160177418458215,2.2607293087836062
IN.ADM2.00302,arhartur,2003,1.486842105263158,0.9893355281338343,0.20829912231766798,2.260676022780285
IN.ADM2.00557,wheat,2014,3.710526315789474,4.493224062444103,0.39771845381835413,-2.2605338044225936
IN.ADM2.00160,sugarcane,1999,0.9456692913385828,2.6002679217107696,1.1275099798596053,-2.260503660511542
IN.ADM2.00344,rice,1997,1.0940438871473357,0.7682114735184181,0.29501144775711413,2.2602978444995734
IN.ADM2.00506,potato,2016,10.327952755905512,8.868813268708752,0.7251862664186219,2.2602909593278935
IN.ADM2.00282,rapeseed_mustard,2005,1.0,0.7426101523566773,0.1559977632090687,2.2602672268707744
IN.ADM2.00463,sugarcane,2014,141.51368301026227,84.9704751669267,23.603278175524753,2.260171377413904
IN.ADM2.00563,rapeseed_mustard,2007,2.0,1.292888888888889,0.3328275388362687,2.2600032140984383
IN.ADM2.00294,sesamum,1997,1.073959141453323,0.7035077059724767,0.17091975518347313,2.25994806619713
IN.ADM2.00216,bajra,2014,1.5,0.7610796616585249,0.25297330691311604,2.25984397608401
IN.ADM2.00433,potato,2011,9.559779889944972,21.350215451316544,5.28659980197553,-2.2596898379398227
IN.ADM2.00403,barley,2000,0.2161904761904761,1.561062336552985,0.4476745041536388,-2.259671303028625
IN.ADM2.00248,jowar,2019,1.2971105527638191,1.5694245309842247,0.2720633166901019,-2.259542977420359
IN.ADM2.00256,wheat,2021,2.718970064882123,1.58687235189585,0.4143067479098625,2.259433126022565
IN.ADM2.00533,bajra,2023,5.382252000744463,2.6681267787032255,0.6476152463126952,2.2594283441271963
IN.ADM2.00443,arhartur,2001,0.2032702789355562,0.6963521978094072,0.17524571505084033,-2.2593066652076215
IN.ADM2.00470,rice,2017,3.441571933157223,1.7132963870243243,0.6211606571189446,2.259040478714482
IN.ADM2.00079,ragi,2016,1.241864555848725,0.7521504151421282,0.24376792904953917,2.2589134066260037
IN.ADM2.00567,rice,2014,5.102863518036445,3.553287833678888,0.6474414591622175,2.2587064454261885
IN.ADM2.00458,potato,2008,16.840628843021904,25.71692572784911,3.479361597575544,-2.2586554901051152
IN.ADM2.00172,jowar,2015,0.5929258132688338,0.9693955163953285,0.20827237509658897,-2.2586233044954356
IN.ADM2.00189,maize,2012,5.497670290658975,3.3554043923688557,0.8369489536626596,2.2585813759826667
IN.ADM2.00445,potato,2014,33.55905511811024,23.880637505045573,3.4625808277186887,2.2585652545671864
IN.ADM2.00183,ragi,2016,0.6456425377360333,1.6025439322338235,0.45009354202882856,-2.2584080854276896
IN.ADM2.00233,sugarcane,2018,2.0,25.423672358980934,9.770807464318446,-2.2583569413884317
IN.ADM2.00548,potato,2019,7.10491452991453,9.073667787724712,1.202776091368929,-2.2583131060003376
IN.ADM2.00437,ragi,2000,1.1257003218500417,1.5218397059541702,0.11635447039135803,-2.2581122580708364
IN.ADM2.00400,rice,2010,1.8376568465829013,2.2347563899374943,0.17586340341506077,-2.257999877424268
IN.ADM2.00142,rice,2007,2.691903259726604,2.3806570673756733,0.1913366858162243,2.2577043540486184
IN.ADM2.00482,arhartur,2012,2.6493506493506493,1.5597617799654144,0.4395061051197788,2.257553420426131
IN.ADM2.00498,rapeseed_mustard,2010,2.3980815347721824,1.6331100210358687,0.35006028853016824,2.2572222326232736
IN.ADM2.00397,groundnut,2020,0.4852941176470588,0.9845133763807619,0.391438743534693,-2.2570654554279392
IN.ADM2.00530,sugarcane,2013,49.25,63.18897806222957,6.410300749946184,-2.257054020798787
IN.ADM2.00021,sesamum,2007,0.1,0.18837710718379835,0.03556364689849918,-2.25697055091739
IN.ADM2.00214,rapeseed_mustard,2018,0.5770110015716531,0.7295793800586533,0.162450576412575,-2.2568750313484864
IN.ADM2.00482,jowar,1999,1.3588190764572294,1.0447608240598,0.12996139981448596,2.256643265131545
IN.ADM2.00507,maize,2023,1.876,1.1127211632147957,0.20996113920288503,2.256556774119114
IN.ADM2.00577,jowar,2017,2.642470846712861,1.4382120048790141,0.4106335623383488,2.2564098343034695
IN.ADM2.00547,arhartur,1997,0.136986301369863,0.7173294789545395,0.23326382453163946,-2.2563845643530875
IN.ADM2.00438,potato,2021,30.4,18.89015733458312,3.4993404722321992,2.256218154436826
IN.ADM2.00286,arhartur,2009,0.6666666666666666,0.9729066961355657,0.09500598087165336,-2.256194954133685
IN.ADM2.00301,arhartur,2006,1.2142857142857142,0.9081148080207141,0.1378516294962108,2.256066327291542
IN.ADM2.00344,maize,2006,0.1478722836243259,1.025404353979201,0.35572626758572895,-2.255897561924569
IN.ADM2.00453,rapeseed_mustard,2004,0.7858471100695418,0.978946821038525,0.0908661235033422,-2.2558113463787848
IN.ADM2.00547,maize,2001,0.4301553672316384,1.1425622109099673,0.2499412733984233,-2.25562035372243
IN.ADM2.00267,sesamum,2014,0.0714285714285714,0.2174901942460706,0.058902811868710464,-2.255585861019292
IN.ADM2.00123,groundnut,2013,2.7148760330578514,1.4360106910836836,0.5395513829833909,2.2553271265781887
IN.ADM2.00399,potato,2013,19.21492204899777,24.559261680521942,2.8980523799364186,-2.2553097995041336
IN.ADM2.00568,jowar,2014,1.9214285714285717,1.1302012685838916,0.35349901253583904,2.2553052266953073
IN.ADM2.00300,groundnut,2008,0.7142857142857143,1.046405913770027,0.14736447273174202,-2.255279680543847
IN.ADM2.00343,arhartur,2002,0.0979097909790979,1.057449235876332,0.3560228919696317,-2.255146097544021
IN.ADM2.00442,potato,2005,33.03300638330998,22.70304609088611,5.790247264065675,2.2549070377693092
IN.ADM2.00539,wheat,2015,1.6995896223134173,2.1577419415089736,0.33847987038787436,-2.254827663437772
IN.ADM2.00474,potato,2011,11.141176470588237,6.660547287711525,2.053918695115493,2.254628918890865
IN.ADM2.00368,jowar,2013,2.5505104782375065,1.2392372420471234,0.5975290948650177,2.2545255345877377
IN.ADM2.00503,soyabean,2010,1.0909090909090908,1.6077731852688377,0.23277247500225579,-2.2544123561453353
IN.ADM2.00464,groundnut,2013,2.9040860215053765,1.8639706477930902,0.4065685952732708,2.25425780329449
IN.ADM2.00134,rapeseed_mustard,2010,2.789400278940028,1.73237602037896,0.46951844892619826,2.2541026898084096
IN.ADM2.00068,arhartur,2015,2.4596774193548385,1.4385355864035043,0.4843978063510451,2.2538034952748927
IN.ADM2.00573,rice,1998,1.620215897939156,1.506155049410487,0.3619847152783284,2.2537915885143556
IN.ADM2.00350,barley,2022,2.793959847698165,2.800900621711846,0.32168957373791274,-2.253725616983983
IN.ADM2.00225,sesamum,2015,0.673,0.37539686710937736,0.09359729131197944,2.253717778479973
IN.ADM2.00005,sugarcane,2003,74.61585181603917,89.01912608900018,5.923210010956224,-2.2536552064539777
IN.ADM2.00484,maize,2011,5.696603720072794,4.250766093606241,0.5778409821375867,2.253547014441551
IN.ADM2.00438,barley,2013,3.350837988826816,1.994641702117113,0.5256036731486367,2.253439139302452
IN.ADM2.00416,bajra,2019,2.0131157097056254,1.1984290725637885,0.2214064544169395,2.2531516517545174
IN.ADM2.00251,wheat,2009,2.3708086785009863,1.539504019509295,0.37658777895370543,2.2528206512560867
IN.ADM2.00338,bajra,2006,1.7226027397260273,0.9887653411054429,0.3961000018164721,2.2527766230073536
IN.ADM2.00146,barley,2016,0.8108108108108109,1.3225614381731954,0.2817753846878323,-2.252715572714942
IN.ADM2.00126,maize,1997,2.230769230769231,1.690026654907362,0.45713495922465897,2.2526592718820364
IN.ADM2.00189,soyabean,2017,1.5714285714285714,0.9092333673002252,0.2578173156400177,2.2521279463786343
IN.ADM2.00003,rapeseed_mustard,2014,1.7586206896551724,0.5670853611282136,0.346391679620011,2.252093596341202
IN.ADM2.00245,barley,2012,0.4659907055344318,0.839774652054344,0.1658204728066293,-2.2519571151044375
IN.ADM2.00043,wheat,2001,1.5007496251874064,1.1788691803200608,0.19021133152819755,2.2518890479686813
IN.ADM2.00348,groundnut,2021,1.324191257692915,1.5538735565372297,0.3549920786858195,-2.2518357404061673
IN.ADM2.00336,barley,2001,2.6,2.831526451721259,0.1873013247024863,2.2516440552533186
IN.ADM2.00298,arhartur,2007,1.2444444444444445,0.9191783211748982,0.14025919232297668,2.2515274938039473
IN.ADM2.00340,jowar,2009,0.1212507977026164,0.7619192693497971,0.28347504752506225,-2.2512725567461507
IN.ADM2.00412,rice,2022,3.3580048538510776,2.241529448693462,0.3099111918429363,2.251142084818988
IN.ADM2.00248,jowar,2017,2.45,1.5694245309842247,0.2720633166901019,2.250736091030179
IN.ADM2.00167,wheat,1998,0.1209198240604984,1.5738195046956818,0.4618153851814759,-2.2503994884818277
IN.ADM2.00185,groundnut,2016,0.2433350314145016,0.850227476622371,0.27760030386792317,-2.250378441151366
IN.ADM2.00216,groundnut,2017,2.547727272727273,1.319489342199572,0.3251978727924577,2.2501044680551474
IN.ADM2.00568,rice,2013,5.308775148677717,3.416142166782876,0.7615484390127932,2.2500985203986996
IN.ADM2.00300,bajra,2002,1.5,0.9919471461384767,0.22621645313954167,2.2500470627649203
IN.ADM2.00398,jowar,2007,0.6,1.0896692611740493,0.2193695217839676,-2.2499626298052315
IN.ADM2.00395,groundnut,2009,0.1528239202657807,0.7845337371899466,0.2705129714942085,-2.249792766744049
IN.ADM2.00013,groundnut,2019,1.7554510744375376,0.9836559805943785,0.2769354250995562,2.2496572090757985
IN.ADM2.00302,jowar,2003,1.8148148148148149,0.9908018823061367,0.33695541296744236,2.2493958836927854
IN.ADM2.00334,sugarcane,2021,103.6923076923077,60.25113193160779,11.02213372355758,2.2493685911709793
IN.ADM2.00168,potato,2002,13.637149028077754,9.436279227945883,2.850103466573727,2.2493654431573966
IN.ADM2.00060,maize,2017,4.339058953438439,4.558226439380767,0.9792002804231061,-2.2492273965239225
IN.ADM2.00018,wheat,2016,0.9059602649006624,1.2582740123714142,0.3341127925506729,-2.2492113179844666
IN.ADM2.00516,rice,2014,3.1116504854368934,1.4944861884155134,0.650223663034208,2.249148299156234
IN.ADM2.00300,bajra,2004,1.5,0.9919471461384767,0.22621645313954167,2.2491098780074474
IN.ADM2.00564,wheat,2011,4.5064935064935066,3.851346023043444,0.2755925938056631,2.2488188677328886
IN.ADM2.00334,cottonlint,2016,0.5742491069168237,0.374828693884839,0.055662545041764384,2.2487629221555103
IN.ADM2.00564,rapeseed_mustard,2003,0.6666666666666666,1.080541719019033,0.12511562426302295,-2.2482982748410665
IN.ADM2.00218,maize,2012,3.7130736856169415,2.4341500408364216,0.5069112216203204,2.248270468921542
IN.ADM2.00261,groundnut,2015,0.3846153846153846,0.8133133079620558,0.218215972849559,-2.2481981959624506
IN.ADM2.00050,maize,2017,3.2,1.1470195840397706,0.7203074752089591,2.2481944565367433
IN.ADM2.00253,groundnut,2014,0.2195121951219512,0.7037864427669698,0.22717513957936122,-2.248137515901065
IN.ADM2.00298,rapeseed_mustard,2003,0.5666666666666667,0.9283196574898552,0.1306317381032352,-2.2480438423734075
IN.ADM2.00426,rice,1999,2.748473380923712,2.4880267872968402,0.1862494969961193,2.2480255607735926
IN.ADM2.00176,potato,1999,15.693359375,7.766435525258386,3.139390376694485,2.2479104139590107
IN.ADM2.00509,bajra,2002,0.3939393939393939,0.5476025316010678,0.067328868990256,-2.247429165722138
IN.ADM2.00408,jowar,2020,1.9560975609756095,1.2067656391479529,0.22027769487859167,2.2471169429161044
IN.ADM2.00303,bajra,2004,1.5789473684210529,0.9984390212241728,0.2557232846933765,2.247066730218118
IN.ADM2.00384,sesamum,2016,0.3082251082251082,0.5740706443691911,0.15239303140454266,-2.246939461375509
IN.ADM2.00297,groundnut,2005,0.8181818181818182,1.0703540629946346,0.1371308882033272,-2.2464562431036574
IN.ADM2.00339,sesamum,2001,0.3670495370136113,0.19162234691566857,0.08832693441581639,2.2463718876660694
IN.ADM2.00248,barley,2014,1.0,2.0440562884771567,0.5296859676268707,-2.2463004055677946
IN.ADM2.00564,wheat,2021,3.621659634317862,3.851346023043444,0.2755925938056631,-2.2459697693418677
IN.ADM2.00175,jowar,2007,1.2591740257579749,0.8760562008405722,0.188779972402367,2.2458501709236645
IN.ADM2.00243,sugarcane,2021,42.10526315789474,21.458299960715795,9.667430344528265,2.245664054544165
IN.ADM2.00257,arhartur,2016,1.8160575941010888,0.8586586633830928,0.2989968939579247,2.2451407523985707
IN.ADM2.00280,soyabean,1998,2.261163734776725,1.0422867215344025,0.4028407183766553,2.2450614926642394
IN.ADM2.00184,ragi,2002,1.1027545182434737,1.6577555693447947,0.2752008892003498,-2.244968851317854
IN.ADM2.00239,jowar,2020,1.25,1.8101155821741859,0.42250579970451013,-2.244958802298755
IN.ADM2.00552,potato,2005,2.4953271028037385,15.536422956529627,3.8885521860658185,-2.2447680545626527
IN.ADM2.00206,arhartur,1999,1.2119402985074628,0.6341604848331965,0.20543283727361666,2.2447335030492597
IN.ADM2.00057,potato,2004,9.79441340782123,6.369033455255307,1.3141204754083358,2.244447629912848
IN.ADM2.00554,rapeseed_mustard,2014,0.5181518151815182,0.739940155023829,0.10991283054100594,-2.244288549665806
IN.ADM2.00270,bajra,2015,0.1702127659574468,0.586483394892768,0.17884744444313805,-2.2442754013313295
IN.ADM2.00227,sugarcane,2021,50.0,32.620982219596534,13.723379936309978,2.2442274377382727
IN.ADM2.00179,jowar,2016,0.2937043282743114,0.7333094892108455,0.20763354041228946,-2.2441860811062964
IN.ADM2.00256,sesamum,2019,0.0901177675371223,0.25977056073844784,0.05579646783053683,-2.2440660918247666
IN.ADM2.00556,sesamum,2014,0.2467532467532467,0.15538133757011188,0.033199852876387236,2.243928848755828
IN.ADM2.00455,rice,2010,2.411567788729775,1.9925333018859206,0.18676039454872334,2.2437010151768013
IN.ADM2.00250,rice,2013,2.4050632911392404,1.0596631252866067,0.5667524261170449,2.243577256586271
IN.ADM2.00121,groundnut,2014,2.9463775258748157,1.5841192354271816,0.4743807934199774,2.243374246146316
IN.ADM2.00077,barley,2018,1.9830508474576272,1.1021228341985376,0.2708670859517822,2.243254065779844
IN.ADM2.00367,bajra,2014,3.928492849284929,2.2208519850563424,0.6463233033969934,2.2430911721630284
IN.ADM2.00451,sesamum,2012,0.9802872860635696,0.715493681440864,0.10890760954992745,2.2429512814537
IN.ADM2.00378,maize,2015,9.943503310688795,5.663157263346135,1.2264740091898663,2.242905485504851
IN.ADM2.00004,groundnut,2007,1.2597547380156076,0.5325716797012233,0.31954598736020623,2.242863938141481
IN.ADM2.00014,soyabean,2019,2.2209026128266034,1.4786700146321903,0.33608341770816635,2.2426409129395664
IN.ADM2.00529,rapeseed_mustard,1999,0.3152173913043478,0.15720496211762675,0.08276491676312475,2.242575013870354
IN.ADM2.00215,arhartur,2016,1.4,0.7430189714847407,0.24038548205103522,2.242497070095651
IN.ADM2.00185,maize,1998,4.091504246006509,3.1566302371226813,0.5292037999962178,2.2421996685668057
IN.ADM2.00245,maize,1998,1.552808988764045,1.8283611407044198,0.33615746533092744,2.241720530926637
IN.ADM2.00224,sesamum,2013,0.8446969696969697,0.4429999391474807,0.16780071054636023,2.2416318050537383
IN.ADM2.00080,maize,2015,3.3264021322059603,4.673319732414934,1.0048184550145847,-2.2409384651280195
IN.ADM2.00249,rice,2019,0.1955635838150289,0.7562065552933356,0.3970266902013573,-2.2409037190366283
IN.ADM2.00441,maize,2018,2.3878409750435288,1.529043264430853,0.3099645201234334,2.2407124334072424
IN.ADM2.00060,barley,2011,1.6,1.220066640662176,0.11790054810135953,2.2403793970323638
IN.ADM2.00142,wheat,2014,3.727891156462585,4.428710419624393,0.3812926873917573,-2.240288984666274
IN.ADM2.00499,cottonlint,2020,0.0006,0.2401172077922078,0.20989373731586233,-2.240090495831227
IN.ADM2.00572,jowar,2013,0.4834834834834834,0.9324382058298158,0.24769601001366653,-2.239898523199417
IN.ADM2.00223,sesamum,2016,0.7777777777777778,0.3710928848659107,0.11032592416333772,2.2393072019953024
IN.ADM2.00208,barley,2013,3.82546749777382,2.157638199911816,0.6852459349891066,2.238944421873902
IN.ADM2.00388,sugarcane,1999,65.03323080026222,61.08605129661035,6.7544929559071525,2.238838339966077
IN.ADM2.00492,cottonlint,2018,0.7613593763685731,0.41196854650576137,0.12851613123598407,2.2387852144370437
IN.ADM2.00042,wheat,2004,0.8472764881636405,1.2812729215220453,0.16103760332796774,-2.2387664556363127
IN.ADM2.00212,rapeseed_mustard,2018,0.6325088339222615,0.8795163628299517,0.28658278003414916,-2.238736779212963
IN.ADM2.00056,sugarcane,2015,53.31994572591587,36.48655283218828,5.913111659828459,2.2385644766618085
IN.ADM2.00301,jowar,2002,2.037037037037037,1.106782173730885,0.4077073791278718,2.2385077798909996
IN.ADM2.00393,sesamum,2001,0.2493023255813953,0.1938893233839652,0.04232305740816124,2.238229062993338
IN.ADM2.00054,rapeseed_mustard,2015,0.829781402042075,0.6155348026737595,0.06835909933925714,2.2381163406114095
IN.ADM2.00299,soyabean,2008,1.490066225165563,1.2348445581984107,0.11645145512579815,2.238024992205677
IN.ADM2.00227,soyabean,2000,0.6685401303071525,1.1348443501217118,0.2584696715293082,-2.2380036736593376
IN.ADM2.00216,wheat,2021,5.430000409506,2.7983662533380387,0.576495106976275,2.2377684637673565
IN.ADM2.00570,arhartur,2010,0.7661691542288557,0.7062980399264045,0.0357668988378606,2.2375275703475914
IN.ADM2.00245,rice,2009,0.7200604256926215,1.337864499591661,0.23432431351938676,-2.2374567633491784
IN.ADM2.00340,cottonlint,2001,0.0911818181818181,0.4198671823200933,0.07127437725359718,-2.2374533615601564
IN.ADM2.00500,soyabean,2015,1.2742857142857142,1.0813029800025158,0.046088527607018634,2.2373060904834166
IN.ADM2.00539,rice,2018,1.40278046702552,1.9966932191061841,0.5191269155443736,-2.2371912191294308
IN.ADM2.00400,maize,2021,3.040649100257069,1.8429094124246144,0.2560172070447362,2.2370624034549835
IN.ADM2.00572,jowar,2018,0.6606217616580311,0.9324382058298158,0.24769601001366653,-2.2370471637238656
IN.ADM2.00528,rice,2016,2.7203452756636346,1.6542853182641697,0.36231225764706776,2.236848005042659
IN.ADM2.00502,maize,2023,1.874971582836033,1.848966031858514,0.2311501589842661,-2.2368447334823602
IN.ADM2.00384,maize,2014,8.208407341622262,4.465025683847416,1.30863876127437,2.236623065214502
IN.ADM2.00418,wheat,2007,1.6855536915986966,3.0572024456575644,0.5742472442584119,-2.236554513291318
IN.ADM2.00157,rapeseed_mustard,2011,1.1709135802469135,0.7416957560009058,0.1910602726313912,2.236552020332381
IN.ADM2.00521,sesamum,2012,0.7333333333333334,0.4034188874198835,0.14985372403378283,2.23642161716055
IN.ADM2.00504,maize,2017,2.458139534883721,1.635745571062718,0.19765015255669552,2.236351305274925
IN.ADM2.00420,jowar,2012,1.9262347658755608,0.9517059493282024,0.3951682911810305,2.2362400967031695
IN.ADM2.00466,sugarcane,2007,110.42857142857144,79.32671082983863,14.479858212292953,2.2360396465804677
IN.ADM2.00121,wheat,2002,1.6158536585365857,2.5825330725329345,0.2687332770861852,-2.2360396231770654
IN.ADM2.00513,barley,1999,4.0,3.2192854166666667,0.3927616541312747,2.2358118878530515
IN.ADM2.00373,ragi,2020,3.333333333333333,1.8347700880615039,0.4006484822458125,2.2357414892082055
IN.ADM2.00517,potato,2012,4.571428571428571,8.428522014941198,1.948291866217513,-2.235601877205562
IN.ADM2.00261,groundnut,2014,0.375,0.8133133079620558,0.218215972849559,-2.2355337609199357
IN.ADM2.00431,bajra,2023,1.8945905991716336,1.2508645937684393,0.21783253825628757,2.2353851440648875
IN.ADM2.00470,maize,2023,3.317211131632905,3.4234677014168615,0.9472324614093499,-2.2353108058394997
IN.ADM2.00348,potato,2017,6.302521008403361,3.0605057143662298,1.0663445924322066,2.2351691962952076
IN.ADM2.00069,ragi,2015,1.423529411764706,0.939982563377253,0.19955365493649926,2.2350236437038187
IN.ADM2.00335,soyabean,2019,0.4658203208862299,1.0844308957383015,0.2505919470054885,-2.2349944498702827
IN.ADM2.00459,groundnut,2005,2.2867924528301886,1.2121141709099372,0.6071611891526911,2.2349592047301345
IN.ADM2.00547,sesamum,2011,0.0791044776119403,0.19855601290679073,0.05706773536439725,-2.234413055968655
IN.ADM2.00343,jowar,1997,0.6666666666666666,0.5844111499518359,0.1639133582222665,2.234371349918893
IN.ADM2.00470,barley,2014,0.3099273607748184,0.9746656156448558,0.3107671536655639,-2.2335209157823313
IN.ADM2.00179,rapeseed_mustard,2008,0.4046511627906977,0.23810459655099794,0.07545388158181676,2.2333126056818156
IN.ADM2.00423,bajra,2006,1.4702380952380951,1.069397689427242,0.22290498073855888,2.233289604359334
IN.ADM2.00213,barley,2016,2.9,1.6230557560452394,0.47406795481234304,2.2332868146543916
IN.ADM2.00452,groundnut,2018,2.7246376811594204,1.9250330702283789,0.25511221784016125,2.2331817547440305
IN.ADM2.00117,ragi,2005,1.25,1.0294258046917621,0.10050680262669368,2.2331022912860847
IN.ADM2.00237,maize,2013,0.5869877785765636,1.5654689748580717,0.49256670544295883,-2.2329486863488937
IN.ADM2.00126,bajra,2018,1.5,1.7651741933326415,0.40226689767426904,-2.2328596189846652
IN.ADM2.00172,bajra,2015,0.3730981256890849,0.5988359322633247,0.19122250164153423,-2.2328365336536953
IN.ADM2.00333,barley,2014,2.052088441135827,2.3662916867117536,0.24742808737671684,-2.2327536318993166
IN.ADM2.00167,potato,2012,50.1,16.220555555555556,15.26402989634039,2.232746899564761
IN.ADM2.00335,sesamum,2004,0.4318413669982147,0.28106149060465996,0.07474892530619985,2.23270288975534
IN.ADM2.00098,wheat,2015,2.0981297674846062,2.6685433583722187,0.3700861007531032,-2.2326941047810487
IN.ADM2.00576,groundnut,1998,0.2051282051282051,1.0927131662908631,0.24060997653480368,-2.232625613607991
IN.ADM2.00062,ragi,2014,1.4722222222222223,0.947266208700806,0.2004239460331624,2.2323289911728104
IN.ADM2.00440,rice,2020,3.195636650503594,2.3616160182724464,0.24843596159875936,2.232300882636649
IN.ADM2.00511,barley,2023,2.8771666666666667,3.155944444444444,0.30166003594649665,-2.231808241966776
IN.ADM2.00453,barley,2018,2.0,1.3195714970832042,0.2122510423281766,2.2318078402525354
IN.ADM2.00508,wheat,2013,0.6555555555555556,1.609181078888272,0.5195097214313993,-2.231794078342623
IN.ADM2.00148,wheat,2023,1.8507692307692307,1.4054277704419609,0.3185501749546282,2.2316845654345268
IN.ADM2.00524,sugarcane,2018,86.8,65.47342254338955,7.401337398110172,2.231526995214273
IN.ADM2.00402,rice,2002,1.0023198186323614,1.3741137933157237,0.10059413497893215,-2.231517142964711
IN.ADM2.00004,ragi,2023,0.7279453031979901,1.8379852735899012,0.39377567874861613,-2.2315102071677964
IN.ADM2.00573,barley,2015,0.7734706238643246,1.8137172606520056,0.6186570525599787,-2.231499714399107
IN.ADM2.00521,sugarcane,2007,88.97791563275433,58.6868315420522,13.517882524125913,2.2312062027696955
IN.ADM2.00109,cottonlint,2013,0.937565416981056,0.4475879146852589,0.22234677303343958,2.2311429273472916
IN.ADM2.00503,potato,2010,7.1,7.447564569361222,0.14980986027839982,-2.2309402566961847
IN.ADM2.00437,ragi,1998,1.6225750938673342,1.5218397059541702,0.11635447039135803,2.230618595566781
IN.ADM2.00491,cottonlint,2019,0.2485375834589705,0.43303687560984905,0.14458687639314552,-2.230532048838105
IN.ADM2.00414,sesamum,2001,0.2484848484848484,0.19217391534648626,0.04289439519107299,2.230452175927929
IN.ADM2.00170,rice,2001,1.980168381665108,3.0884227400107984,0.3423998368988465,-2.230349704420067
IN.ADM2.00553,sesamum,2001,0.2490421455938697,0.19337574001563718,0.04297655364059827,2.230331806785526
IN.ADM2.00457,rice,2013,2.8237934590711253,2.926568889866552,0.08907400552076145,-2.230227220240289
IN.ADM2.00543,arhartur,2015,2.0081521739130435,1.228681957894285,0.3964465576349141,2.229856241930183
IN.ADM2.00267,jowar,2014,0.3652326602282704,0.9456976815345014,0.22399482104826582,-2.22962045040504
IN.ADM2.00576,rice,2010,2.56870933524877,3.072770679948376,0.22614493481726455,-2.2289305091309997
IN.ADM2.00189,arhartur,2015,0.3846153846153846,0.6003673924759542,0.15315654152156774,-2.228765058935534
IN.ADM2.00132,rapeseed_mustard,2005,0.9323575169270548,1.6002807674529305,0.2218896298847348,-2.2287287297957903
IN.ADM2.00173,wheat,2008,1.5608895164136958,1.1301535191651908,0.20875687949310023,2.2285881397444656
IN.ADM2.00464,groundnut,2019,1.293456708526107,1.8639706477930902,0.4065685952732708,-2.2284384157763775
IN.ADM2.00012,groundnut,2018,4.154187817258883,2.421611655461492,0.47993258465944344,2.2284300079587145
IN.ADM2.00014,ragi,2004,1.8956368665912235,1.2584141446366015,0.30320891791587506,2.228390331601475
IN.ADM2.00238,rice,2022,4.158998355982565,1.6523153379489206,0.49101024112250585,2.22836045389412
IN.ADM2.00574,soyabean,2012,1.414535666218035,0.7713910180006006,0.2870538037367183,2.2281956143347013
IN.ADM2.00333,sugarcane,2013,100.92792792792793,64.3683089237801,14.488862823127082,2.228012804726106
IN.ADM2.00043,rapeseed_mustard,1997,0.8790178917202386,0.7026915694859315,0.17318492228345359,2.2279312736705954
IN.ADM2.00142,rapeseed_mustard,2015,1.0,1.3833362381326377,0.24914626434665674,-2.227839957787473
IN.ADM2.00527,wheat,2013,0.8,1.1707111307561675,0.3279542780664362,-2.2278158506860892
IN.ADM2.00331,maize,2002,1.75,3.133541053230422,0.3241247649378184,-2.2270892983440373
IN.ADM2.00495,jowar,2007,1.2416871522836073,0.7620178654992151,0.25333662742715607,2.2269536084880825
IN.ADM2.00165,rapeseed_mustard,2018,1.4062751813053989,0.780975992579124,0.23377043860728083,2.2268447118170847
IN.ADM2.00158,rice,1998,0.0193906657765369,2.121345636923773,0.5920932259182363,-2.2267837002732964
IN.ADM2.00562,barley,2021,2.5,3.2623280701754385,0.49349570241269086,-2.2264045736701044
IN.ADM2.00291,sugarcane,2002,1.0,0.8717765567765567,0.11718532104841493,2.2262808747479195
IN.ADM2.00448,potato,2018,33.163029525032094,21.425435062411662,3.402606635246731,2.226239874303247
IN.ADM2.00517,wheat,2001,0.7714285714285715,1.577822747789458,0.2038818572728337,-2.2262051852771143
IN.ADM2.00379,groundnut,2011,2.679650880879263,1.694761017644494,0.4210696891276207,2.2256206212699774
IN.ADM2.00183,jowar,2020,1.9370256956463852,1.4297826504024131,0.20313898706496242,2.225605947197602
IN.ADM2.00001,maize,2017,0.8615314076111874,2.2587535597783863,0.626667729189968,-2.2254242208130046
IN.ADM2.00416,potato,2022,34.201269691982134,19.091776498048635,3.9440548182616166,2.225030552079075
IN.ADM2.00007,rice,2012,2.483168316831683,3.217521096049172,0.36995897520950966,-2.2250304032053254
IN.ADM2.00252,arhartur,2013,1.391891891891892,0.8681787473876125,0.23790392996104062,2.2245829076210053
IN.ADM2.00246,bajra,2001,2.0,0.9944943944943945,0.42046239948008685,2.2243880754673557
IN.ADM2.00223,wheat,2009,1.415972895079519,2.315968877801736,0.3497157684728078,-2.22413324367446
IN.ADM2.00297,arhartur,2007,1.2096774193548387,0.9087674647731278,0.13913715168292073,2.2240870856937316
IN.ADM2.00171,potato,2002,5.696641386782232,14.229361102007452,4.331207657016969,-2.2240212268141546
IN.ADM2.00462,rice,1999,2.245261869483992,2.9055567313979123,0.15515618108159274,-2.2235425226073615
IN.ADM2.00145,rice,2020,1.8883522727272728,1.3943666491905091,0.23095184444204664,2.2234172639622796
IN.ADM2.00146,bajra,2002,0.0,0.5667668931785836,0.24470617679356016,-2.2229047683392817
IN.ADM2.00383,cottonlint,2015,0.6835707387735394,0.3553699641772612,0.1407847761785564,2.2227084465164264
IN.ADM2.00132,groundnut,2003,1.3986013986013983,0.9679157829361533,0.3101493496900276,2.222477304822134
IN.ADM2.00517,rapeseed_mustard,1999,0.2736318407960199,0.19682405183056711,0.06024165879329823,2.2218529091143018
IN.ADM2.00213,arhartur,2010,0.2469366009589771,0.8145213873544613,0.2612944345275397,-2.2218323129492528
IN.ADM2.00171,maize,2016,1.982635342185904,3.711275687229175,0.767759105804518,-2.22147052815223
IN.ADM2.00422,maize,1997,2.4085058483825184,1.8963160237183654,0.5039586623742607,2.221341249126444
IN.ADM2.00069,wheat,2001,2.8361155017541155,2.27623854249431,0.4059982251589825,2.2210157746131487
IN.ADM2.00218,wheat,2023,2.143559976870783,2.2959122385334627,0.481730021941206,-2.2209984205149316
IN.ADM2.00081,arhartur,2012,2.12,1.2510348774944917,0.3623299512752075,2.220961668832844
IN.ADM2.00186,sugarcane,2003,65.57142857142857,86.95626899417266,9.076596433325435,-2.220770177259367
IN.ADM2.00207,maize,2017,3.9750156152404745,2.1369839048817645,0.6655104667416928,2.2207582604634317
IN.ADM2.00255,rapeseed_mustard,2018,0.0909090909090909,0.26832841023124415,0.09337490785085477,-2.2206625745134714
IN.ADM2.00257,soyabean,1998,2.067961165048544,1.0663278657869848,0.3559960614581601,2.2200269450399266
IN.ADM2.00376,maize,2016,3.1784932791497345,5.586733969015876,1.6446236060136308,-2.2200156767374697
IN.ADM2.00578,arhartur,2016,0.3722886232846392,1.130203776533859,0.3985655755766754,-2.2198445621980505
IN.ADM2.00224,jowar,2015,2.0,1.1110938200556508,0.30839581881773886,2.2197493937735526
IN.ADM2.00171,jowar,2020,1.902189547706569,1.3817083217451929,0.1947736936992437,2.2196705978094946
IN.ADM2.00164,wheat,2021,1.8346919098956964,0.9838448564405872,0.228606475954222,2.219525274193338
IN.ADM2.00269,soyabean,2013,2.025468164794008,0.886550173677538,0.4918840320889158,2.219293240980783
IN.ADM2.00460,groundnut,2018,3.0948905109489053,1.3524341420985195,0.5555198429166643,2.2192551857274925
IN.ADM2.00205,arhartur,2010,0.5762072434607646,1.1086190195788181,0.24291030547852263,-2.219229889659553
IN.ADM2.00258,wheat,2007,2.44488188976378,1.812898514468247,0.33165385202879694,2.21911415141463
IN.ADM2.00173,groundnut,1998,1.237688740002841,0.7509169316338122,0.23739301292407122,2.2190386888526885
IN.ADM2.00235,rice,2018,0.539074074074074,0.8679863492534039,0.28484078936481266,-2.2189882715390095
IN.ADM2.00560,wheat,1997,3.1333333333333333,3.109043145732707,0.41987075028161,2.218906173231783
IN.ADM2.00312,arhartur,1997,0.2573529411764705,0.694457336096048,0.1611829488819481,-2.218854078282992
IN.ADM2.00374,arhartur,1998,0.9520098441345364,0.7427272594332175,0.1749746040409754,2.2186061492251805
IN.ADM2.00039,potato,2010,7.475633528265107,5.230744644634774,0.9945944219658911,2.2184525999092712
IN.ADM2.00421,arhartur,2015,0.4161101267548044,1.5864853874431175,0.5451615404325524,-2.2183045569661046
IN.ADM2.00030,wheat,2000,1.7913907284768211,1.782965600844833,0.1477495866406213,2.218218590781429
IN.ADM2.00397,bajra,2015,2.0970478847047884,1.4027379915531568,0.22252249893764403,2.218135156557928
IN.ADM2.00286,maize,2008,1.134453781512605,2.2466305536253155,0.5411612306788107,-2.218056178806436
IN.ADM2.00344,barley,2008,3.0610859728506785,2.795129885565609,0.18217912347960255,2.217819885122873
IN.ADM2.00235,soyabean,2017,1.8230243902439025,1.0559716709949347,0.35171615106344206,2.21731077790565
IN.ADM2.00445,rice,2004,0.4994993397088914,1.9386701875628678,0.49032844046936913,-2.217276814277593
IN.ADM2.00222,maize,2022,3.398126463700234,1.6762980969040517,0.47936254702163056,2.21696247537474
IN.ADM2.00174,wheat,1997,0.2229254571026722,1.0203514460347145,0.22576936298405026,-2.2166736322014704
IN.ADM2.00419,barley,2019,3.0634037819799778,1.9379989699947615,0.2583218687039885,2.2166585509166326
IN.ADM2.00054,potato,2022,11.263335782512858,8.191755165600448,1.9617174819805436,2.2165810838128475
IN.ADM2.00293,rice,2007,1.9609405113709368,1.6640163314061884,0.15738381434462376,2.2164827433716288
IN.ADM2.00300,sesamum,2003,0.9098360655737704,0.6308537041751617,0.10607032156570158,2.216425257630026
IN.ADM2.00495,maize,2019,1.298165137614679,1.5859890530924614,0.31103017869300803,-2.2162838203584743
IN.ADM2.00123,ragi,2016,1.3909329387233471,0.9898268192941999,0.18796868266191435,2.2162365138613547
IN.ADM2.00137,bajra,2017,1.5045685279187817,1.7957915976135814,0.31389270122521645,-2.2162209416199317
IN.ADM2.00252,wheat,2015,1.0191176470588237,1.525606110761964,0.27777662049982516,-2.216202874885769
IN.ADM2.00443,sugarcane,2008,46.33570475767007,57.61689123890737,4.620412055185355,-2.216176956116095
IN.ADM2.00456,cottonlint,2010,0.272,0.22307758620689655,0.021596346317891767,2.2161429729136923
IN.ADM2.00448,wheat,2018,3.873998982962556,2.822812831532633,0.3062739892489945,2.215792039364541
IN.ADM2.00246,potato,2010,3.481039325842697,10.419082163246992,3.1939518475953688,-2.2149371065403685
IN.ADM2.00522,rice,2012,0.6477611940298508,1.451668392352115,0.3855512099081136,-2.2148936037091116
IN.ADM2.00494,maize,1997,1.9166666666666667,1.6196292695648453,0.3650322080482828,2.2148806252733086
IN.ADM2.00205,soyabean,2011,1.6896551724137931,1.1931756421143458,0.24149703002494735,2.2145904822555664
IN.ADM2.00553,arhartur,2011,1.0328213759730696,0.6367908410078895,0.18134232087961855,2.2145064462566078
IN.ADM2.00209,sesamum,2011,0.6181818181818182,0.4193465265382984,0.08527697468781259,2.2144831798881817
IN.ADM2.00140,maize,2011,3.816793893129771,2.3108431406522363,0.7419875269963868,2.214273540080617
IN.ADM2.00115,jowar,2013,1.9927587138611187,1.2139779261469559,0.29517432848341835,2.214083655749764
IN.ADM2.00303,soyabean,2004,1.6081967213114754,1.2823383424272474,0.13407435349519495,2.2140568329084984
IN.ADM2.00223,maize,2014,3.0,1.7423862425745449,0.48515734246269804,2.2140417161549175
IN.ADM2.00338,jowar,2012,1.518437747819191,0.7392529610496223,0.3078357126707127,2.2139691067979275
IN.ADM2.00424,maize,2002,0.3329934140641598,1.069223101439932,0.3453169325198419,-2.2136239927206747
IN.ADM2.00321,rice,2017,3.9668508287292816,3.163246870869409,0.2570299539291046,2.213591715748816
IN.ADM2.00248,sesamum,2011,0.671875,0.45769624048821905,0.09270413450662268,2.2135737247943705
IN.ADM2.00498,bajra,2008,3.1790886612504416,1.913534155024673,0.6074030317655551,2.213470865560307
IN.ADM2.00302,cottonlint,2002,1.001111111111111,0.26465909090909084,0.33770079234112416,2.213380407782073
IN.ADM2.00378,maize,2014,9.56275162984611,5.663157263346135,1.2264740091898663,2.2133296192790692
IN.ADM2.00232,rapeseed_mustard,2000,0.6652173913043479,0.9331504465191004,0.1435565980186453,-2.213264028138649
IN.ADM2.00152,sugarcane,2013,0.9444444444444444,15.648444444444445,6.796531422312805,-2.213198636100023
IN.ADM2.00390,barley,2013,3.350285979285825,1.9219756007129538,0.5676468016586953,2.213107629704071
IN.ADM2.00560,sugarcane,2012,113.68015414258188,72.6698706779651,16.236394199169656,2.2130047229843837
IN.ADM2.00473,jowar,1997,0.8298653610771114,1.0582209555482953,0.09946863640145397,-2.212973194996855
IN.ADM2.00143,rice,1998,2.2237046920169004,3.5395020359737486,0.2892520250354099,-2.2128658672207058
IN.ADM2.00523,rapeseed_mustard,2017,0.375,0.20986618186882158,0.06063863889768245,2.2126375908897145
IN.ADM2.00452,sesamum,2008,0.4815383092456939,0.8073533724600672,0.14548325062674344,-2.2126364632625584
IN.ADM2.00577,sesamum,1998,0.5345560277342877,0.44341150565992044,0.10757765157970976,2.2126219243499343
IN.ADM2.00312,rapeseed_mustard,1999,0.2692307692307692,0.28314991074294976,0.052191085044023006,2.2124785824727717
IN.ADM2.00240,arhartur,2010,0.5529145790052548,1.0712914236218134,0.23785746543838138,-2.2124240737819707
IN.ADM2.00481,arhartur,2016,2.22890654559213,1.2528911177256143,0.46941550021308054,2.2123335448081547
IN.ADM2.00412,maize,2019,0.9330543933054394,1.5572867436207387,0.3823293061641266,-2.212034704203693
IN.ADM2.00564,arhartur,1999,0.5,0.9285714285714286,0.1484373427932807,-2.211386049143028
IN.ADM2.00059,rice,2010,1.989416679560576,1.5406650357800344,0.20293045435080742,2.2113568178620935
IN.ADM2.00494,wheat,2000,1.799583082844718,3.348394399927032,0.33256473098793526,-2.211344059823292
IN.ADM2.00252,jowar,2019,0.3358855098389982,1.080940725769437,0.2184717459457745,-2.2112719028958283
IN.ADM2.00003,rice,1997,1.159217877094972,2.551402541764437,0.3099124325777223,-2.211265585459286
IN.ADM2.00479,rapeseed_mustard,2012,2.036363636363636,1.0122932098489483,0.45327425131237264,2.2112183708366566
IN.ADM2.00388,bajra,2013,2.397852982499216,1.8795397413588755,0.17048671615256192,2.2110261440920267
IN.ADM2.00066,maize,2016,3.2969602494154326,1.612280800273787,0.6141821919357049,2.210963013932223
IN.ADM2.00549,sugarcane,2017,33.2,48.553320278962836,5.226113204785013,-2.2109099665885705
IN.ADM2.00059,wheat,1997,1.3,1.228753051150352,0.09283960528426344,2.2108047310753
IN.ADM2.00298,cottonlint,2002,0.8190909090909091,0.24770202020202017,0.2649299599342481,2.2107833400500647
IN.ADM2.00321,sesamum,2020,0.4545454545454545,0.33941767282668683,0.054884296898630384,2.2105841757531497
IN.ADM2.00116,bajra,2013,1.6780521578582968,1.0304215325506174,0.26696754619036567,2.210523948959784
IN.ADM2.00071,sugarcane,2008,28.28580793182563,42.21936854864621,6.335124763537896,-2.2104123999570273
IN.ADM2.00199,sesamum,1998,0.5,0.22580984287702058,0.10329013966379565,2.210177074766163
IN.ADM2.00284,wheat,2009,2.109756097560976,2.4670153660852563,0.13010526018173993,-2.2101228140860383
IN.ADM2.00238,barley,2017,3.91,1.4755690912070039,0.898738655166843,2.210070772810995
IN.ADM2.00033,maize,2012,2.0,1.410961425449569,0.24612158365383133,2.209920236662882
IN.ADM2.00548,ragi,2023,0.1125869702719797,0.4442980382600898,0.1625192153110468,-2.2098645680137823
IN.ADM2.00482,groundnut,2008,0.4923076923076923,0.6738173695765918,0.12139530567069635,-2.209537098848437
IN.ADM2.00159,potato,2021,0.0,6.26862842390805,3.355736189827027,-2.2094975044363396
IN.ADM2.00485,rice,2022,2.520449784007268,1.503873837685421,0.2208404845207381,2.2092177112800417
IN.ADM2.00153,groundnut,2007,1.0277777777777777,0.7124388726667443,0.18779618414329124,2.2091029404487443
IN.ADM2.00455,sugarcane,2016,73.7,94.27132177033492,7.495219578493748,-2.208982003963749
IN.ADM2.00147,soyabean,2009,0.6666666666666666,1.3141962135437193,0.30323170056046633,-2.208749768342976
IN.ADM2.00466,sugarcane,2009,47.0921052631579,79.32671082983863,14.479858212292953,-2.2085485789749004
IN.ADM2.00561,wheat,2022,4.375542064180399,4.683933592014709,0.34197526013884316,-2.208269479587804
IN.ADM2.00176,potato,1998,15.647777777777778,7.766435525258386,3.139390376694485,2.2082022676052833
IN.ADM2.00301,cottonlint,2002,0.867,0.2616794871794872,0.28219872929185597,2.208172911718348
IN.ADM2.00271,arhartur,2004,0.9736842105263158,0.5743348059468494,0.1913837464702659,2.2080593457414963
IN.ADM2.00080,rapeseed_mustard,1998,0.5011241568823382,1.105405378640187,0.2936954700798133,-2.2077975977833035
IN.ADM2.00398,rice,2002,1.0758827441945653,2.130005670871961,0.3257217411894214,-2.2077589143227185
IN.ADM2.00339,sugarcane,2002,31.38552380952381,66.47774929545008,10.262271142974345,-2.2077289915341045
IN.ADM2.00297,jowar,2005,2.095238095238096,1.109053844834028,0.3931551380938228,2.2075125503399624
IN.ADM2.00300,maize,1997,1.0169491525423728,1.7738632886478445,0.21407310515706615,-2.207179249376914
IN.ADM2.00039,maize,2013,3.0,1.0913357894960811,0.7624842954945975,2.2071480246348187
IN.ADM2.00339,maize,2019,1.2941176470588236,1.5905923808254756,0.3249333475100641,-2.207122805627208
IN.ADM2.00005,rice,2003,2.484698918320416,3.4376624281373114,0.250426489389274,-2.206978582417496
IN.ADM2.00395,sesamum,2020,0.4617651965964073,0.18231922545382134,0.0811811292818849,2.2064048387637563
IN.ADM2.00485,rapeseed_mustard,2009,0.5059732958538299,0.9282411870201243,0.18976674701444474,-2.206248487969722
IN.ADM2.00303,jowar,2004,1.6,0.9700723002412658,0.2836305904746235,2.2061771129840633
IN.ADM2.00212,wheat,2019,5.454000779824818,2.7997252670555137,0.684376929451269,2.206132556502168
IN.ADM2.00227,sesamum,2016,0.7142857142857143,0.42676906513367396,0.10745066558772857,2.2060490863214035
IN.ADM2.00310,wheat,2012,1.2523809523809524,1.4216642971213702,0.2053246454203771,-2.2058558931219236
IN.ADM2.00193,sugarcane,2006,15.0,105.39856591598765,48.37718976951779,-2.20557231696571
IN.ADM2.00335,wheat,2002,1.8972106282167285,2.8628423269188072,0.23595984706061554,-2.2052906091475455
IN.ADM2.00576,potato,2017,4.339541547277937,17.085201963491727,4.879747545740765,-2.2052853587607606
IN.ADM2.00491,wheat,1999,1.4423894026493376,2.8735310072265396,0.36731178995231434,-2.205263637821678
IN.ADM2.00566,jowar,2017,1.9417215815486,0.9098059837599611,0.36926375874581213,2.205234788913395
IN.ADM2.00483,sugarcane,2010,24.757097791798103,46.90701068335782,8.853049617274287,-2.205180784858846
IN.ADM2.00574,groundnut,2018,1.5090296908478726,0.6411878158439842,0.2921566445146525,2.2049615573703956
IN.ADM2.00214,rapeseed_mustard,2019,1.3270213657310432,0.7295793800586533,0.162450576412575,2.20495319695706
IN.ADM2.00422,arhartur,2015,0.5567200986436498,1.8105389712251974,0.5404116870034762,-2.2048511604236603
IN.ADM2.00229,rice,2016,2.598985507246377,1.104851079760994,0.46845822884450083,2.2047199210892154
IN.ADM2.00274,soyabean,2019,0.8565842465111922,1.8005390882101975,0.38039230167146665,-2.204586937946492
IN.ADM2.00471,barley,2016,2.421052631578948,1.1869076208035416,0.5149956899211668,2.2044488328140828
IN.ADM2.00077,wheat,2008,0.7826530612244897,2.476003611333402,0.6937090800514439,-2.2042725673662353
IN.ADM2.00014,sesamum,2021,0.4603580562659846,0.2278250056377024,0.07504471954060152,2.204172548754789
IN.ADM2.00530,sugarcane,1999,75.73,63.18897806222957,6.410300749946184,2.204151341539856
IN.ADM2.00574,wheat,2015,0.7870719214325023,1.9221607165111996,0.6568033392913396,-2.2038401922541557
IN.ADM2.00130,rapeseed_mustard,2014,1.3333333333333333,1.6707446887538373,0.22529231573207786,-2.2036678381534553
IN.ADM2.00069,wheat,2005,1.191690054303602,2.27623854249431,0.4059982251589825,-2.2035342297774525
IN.ADM2.00396,rapeseed_mustard,2006,1.2575047902916756,0.813227151454769,0.19598585108755326,2.2034366981363407
IN.ADM2.00185,sugarcane,2020,123.92120694563052,102.31263306986155,10.85453128983578,2.2034163220136747
IN.ADM2.00047,sesamum,2009,0.4507042253521127,0.5513439706177938,0.04306393151403248,-2.203273116004623
IN.ADM2.00110,bajra,2006,0.7016037948949627,1.5976194082711226,0.26391352733578083,-2.2029865190708944
IN.ADM2.00073,rice,2020,3.262179280491285,1.3186291944954007,0.5646882377829902,2.2029424439951515
IN.ADM2.00347,bajra,2011,0.5120173378582727,0.1811757908318741,0.14829494925874673,2.2029300129583924
IN.ADM2.00115,rapeseed_mustard,2007,2.0,1.4386314635143673,0.2852983771871243,2.2027568033015097
IN.ADM2.00388,rapeseed_mustard,1997,0.607882413200161,1.4972584605280206,0.19656342205316601,-2.202160061551883
IN.ADM2.00061,ragi,2014,1.4444444444444444,0.912779359374507,0.215204953074648,2.2021498132715576
IN.ADM2.00574,bajra,2018,0.4838709677419355,1.0184254116006286,0.40075435631523937,-2.2020496407117123
IN.ADM2.00156,maize,2018,2.782275945926614,1.3405927736211865,0.4064810450423347,2.202022751331184
IN.ADM2.00412,bajra,2016,0.6789439793947198,1.2712792963866422,0.3071184094639548,-2.2017048082573463
IN.ADM2.00379,maize,2014,8.197368421052632,4.875039646864452,1.2087589471868643,2.2015607712816685
IN.ADM2.00470,rapeseed_mustard,2009,1.8042049934296975,1.0932896744293676,0.3262910821343629,2.20099559773335
IN.ADM2.00473,barley,2014,0.9041487839771102,1.6480790935746403,0.3767255576394734,-2.2008403540798525
IN.ADM2.00479,sugarcane,2008,16.20032310177706,47.69784547344009,14.079959927337029,-2.200776655513469
IN.ADM2.00392,bajra,2013,1.2672413793103448,1.6487143975461205,0.23260485277583037,-2.2007244311866563
IN.ADM2.00174,jowar,2012,1.5359023862846553,1.0862650170112669,0.2082189647350506,2.2005410066975983
IN.ADM2.00431,wheat,2014,1.7768433683482647,2.330269207963223,0.35675556638957495,-2.2004988426651435
IN.ADM2.00235,wheat,2011,1.956949270693607,3.1673592622543536,0.5770636297512001,-2.2004809751450747
IN.ADM2.00334,bajra,2009,0.9271265460027632,1.5298265413115015,0.2536248260193986,-2.2002843684950757
IN.ADM2.00351,barley,2007,2.1635944700460827,2.783852141753593,0.18977137193302088,-2.2002791737885175
IN.ADM2.00220,potato,2013,12.17960088691796,21.230421597498715,4.120245478642847,-2.2001167736535976
IN.ADM2.00069,wheat,2019,1.724898742272437,2.27623854249431,0.4059982251589825,-2.1999881973756925
IN.ADM2.00548,arhartur,1997,0.2554890219560878,0.6743955134735794,0.10249430645386381,-2.1996270471114996
IN.ADM2.00262,wheat,2010,2.6511627906976742,2.2250398417539223,0.1937260750006114,2.199615869687928
IN.ADM2.00491,sugarcane,2012,90.82332155477032,55.973008300189235,14.320124476727607,2.199551381524659
IN.ADM2.00299,maize,1997,1.0,1.8187386683766533,0.2803989550181639,-2.199405809392756
IN.ADM2.00522,wheat,2014,1.994117647058824,1.2100825333427674,0.3138823400111934,2.1993609425523606
IN.ADM2.00110,groundnut,2003,2.1923076923076925,1.7651784126962495,0.4190255971566365,2.199307264333377
IN.ADM2.00335,maize,2020,2.8416617609622605,1.6946913548810176,0.3609671365514757,2.199153113075284
IN.ADM2.00207,soyabean,2012,1.850333045202624,0.9258994290509643,0.41181444619840823,2.19913188738554
IN.ADM2.00139,groundnut,2007,1.2195121951219512,0.7546175492697449,0.26293878936062637,2.198990405019129
IN.ADM2.00030,potato,2011,9.747486033519554,8.586066776208266,0.5410868864252834,2.19893888707418
IN.ADM2.00193,rice,2008,1.7828474310367368,2.0209481885400433,0.07934655215731784,-2.1989177124006143
IN.ADM2.00157,rice,2014,0.906198678531872,1.9441025945282684,0.6006841003450697,-2.198914075575518
IN.ADM2.00459,potato,2005,10.094980887485455,24.911338319666932,5.57071355603212,-2.1988614426908155
IN.ADM2.00334,wheat,2010,3.9875103796765226,3.5318505764423804,0.2072497993122714,2.1986019033363116
IN.ADM2.00423,jowar,2015,0.5,0.9885639342279302,0.2475199771352866,-2.198552996285149
IN.ADM2.00179,maize,2017,3.932227640725417,2.6421415242235273,0.589027360641321,2.1984878142614384
IN.ADM2.00061,wheat,2005,1.1555848008188674,2.089333279350587,0.36690777344748854,-2.1982763271156758
IN.ADM2.00384,groundnut,2017,3.162303091040055,1.919308935826084,0.3743657805713087,2.1981970461207947
IN.ADM2.00222,rice,2022,2.375,0.952868367405,0.3381233079173047,2.1981580305872335
IN.ADM2.00258,arhartur,2007,0.7714285714285715,0.479293166419793,0.13650806186399256,2.19796134939715
IN.ADM2.00116,bajra,2020,0.6352955233391747,1.0304215325506174,0.26696754619036567,-2.197898535286647
IN.ADM2.00296,sugarcane,2016,36.0,10.774505916819228,9.164598995862498,2.197644358897198
IN.ADM2.00376,rice,2016,1.0653293222643256,2.685234997836823,0.7354048096819322,-2.1975701897359468
IN.ADM2.00050,potato,2017,8.519174041297935,4.845930214639055,1.3307288351732791,2.1974469662474347
IN.ADM2.00303,cottonlint,2002,0.68,0.2261036324786325,0.21448846877660135,2.1974350591565615
IN.ADM2.00530,wheat,2004,2.44,1.1500864470004304,0.5953480839161153,2.197092265675438
IN.ADM2.00395,barley,2015,0.7733878292461399,1.8094146154614743,0.6290224623453787,-2.1966027347368224
IN.ADM2.00246,wheat,2010,1.2688122428576922,2.1655124215278723,0.40825788259801205,-2.1964062836067435
IN.ADM2.00393,rapeseed_mustard,2005,0.8987407638672078,0.7199844729308496,0.09556511656463541,2.1963150045259057
IN.ADM2.00556,arhartur,2000,1.6510560146923785,1.0743560059684192,0.321473119888508,2.196293845158319
IN.ADM2.00436,potato,2008,14.991554054054054,22.076614394357843,3.027491362866361,-2.196209651409127
IN.ADM2.00266,sesamum,2008,1.0,0.4242285086183594,0.25769451860221243,2.1961108858752807
IN.ADM2.00214,rapeseed_mustard,2016,1.25,0.7295793800586533,0.162450576412575,2.1959044394104255
IN.ADM2.00442,sugarcane,1997,60.67199246107387,63.32414051515356,5.541204248554359,2.195866491192676
IN.ADM2.00256,maize,2019,0.7909921129099211,1.9913659578334422,0.6477268225394046,-2.195858836600045
IN.ADM2.00394,rice,2009,1.0859977413753323,1.9858810599389638,0.3906164634143357,-2.195819959810448
IN.ADM2.00328,wheat,1997,3.411764705882353,4.424183637337368,0.343241651098841,-2.1956980932223082
IN.ADM2.00134,rice,1997,2.893333333333333,3.1074625607140365,0.29639655402973997,2.1956180593551275
IN.ADM2.00424,groundnut,2008,1.2692307692307692,0.7753155413447493,0.23085066698247017,2.195469897217306
IN.ADM2.00303,rice,2021,1.696960167714885,1.7894065121492033,0.2738937231278694,-2.1953610294136348
IN.ADM2.00437,rapeseed_mustard,1999,1.0223390275952693,0.6725585173688878,0.2152392431898552,2.195123365866419
IN.ADM2.00532,rice,2017,1.048964218455744,2.0695149873540606,0.5718970466730064,-2.195122492331296
IN.ADM2.00121,arhartur,2002,0.1208053691275167,0.8923888134268168,0.26960994668082205,-2.1950861693986643
IN.ADM2.00263,wheat,2014,0.2288135593220339,1.0287256286562636,0.37487844516305424,-2.194198108459501
IN.ADM2.00229,barley,2015,2.6,1.4528622217455573,0.4096304986260345,2.1940329465299384
IN.ADM2.00169,rice,1998,0.0120182345627849,1.1306653738235417,0.32486843502997736,-2.194029013796004
IN.ADM2.00569,sesamum,1998,0.3783068783068783,0.5576755745533639,0.03654787701171013,-2.193991269432512
IN.ADM2.00438,sesamum,2020,0.3134328358208955,0.2098922202120289,0.06505155347739318,2.193762871911562
IN.ADM2.00247,bajra,2002,0.4285714285714285,1.0060585408029386,0.21512591910297796,-2.193611450152334
IN.ADM2.00533,arhartur,2005,1.080536912751678,0.8158548705979772,0.15572694448326727,2.193441000232067
IN.ADM2.00171,sesamum,2012,0.04,0.5145218887718213,0.22122912933358901,-2.1934297017273785
IN.ADM2.00300,jowar,2009,0.4,0.9802956405704731,0.2671030390857194,-2.193339026303887
IN.ADM2.00387,arhartur,2015,0.6707692307692308,0.7357434929010607,0.03254135248056791,-2.1933248163375656
IN.ADM2.00297,ragi,2021,0.6285714285714286,0.9810568321458815,0.14875890791189988,-2.1929067469409267
IN.ADM2.00219,groundnut,2015,1.0,1.5644721929251484,0.33770120577621787,-2.192876853964389
IN.ADM2.00410,sesamum,2020,0.2578947368421053,0.16674309862817693,0.05700560759474804,2.1926368159284904
IN.ADM2.00552,sugarcane,1997,55.0,65.18347974236566,6.908986207047646,2.1922172893143337
IN.ADM2.00154,arhartur,2001,1.0,0.4602534562211982,0.2729418396650065,2.192084333358205
IN.ADM2.00232,soyabean,2013,0.2408108080319964,0.8423809780828303,0.23268301919780338,-2.1917801804330974
IN.ADM2.00518,wheat,2015,0.6666666666666666,1.1143778288667312,0.3161320665233156,-2.191734537217222
IN.ADM2.00200,rice,2018,3.684710471255408,2.7929682987301185,0.31162935687763627,2.191643786217999
IN.ADM2.00254,jowar,1999,1.2411417322834646,0.6224518913291117,0.2986785571706175,2.1915503012924265
IN.ADM2.00255,rapeseed_mustard,2017,0.5,0.26832841023124415,0.09337490785085477,2.1914223795863994
IN.ADM2.00424,rice,2023,2.1610127675322275,0.7984522578168693,0.4461693383270801,2.1913724800751115
IN.ADM2.00400,groundnut,2011,1.5106796116504857,0.9195558358734491,0.25596021348094694,2.19133701934367
IN.ADM2.00524,rapeseed_mustard,2014,0.2549618320610687,0.16690417336620075,0.030419336816506132,2.191050273017453
IN.ADM2.00080,wheat,2005,0.994505949587256,2.4331117328752287,0.4779035811680214,-2.1910267526048677
IN.ADM2.00431,potato,2014,33.55892648774796,23.951180717695106,3.530607959361109,2.1906642940465195
IN.ADM2.00156,rice,1998,0.0326957619301907,2.2026749731071504,0.6674085722783895,-2.190438150700525
IN.ADM2.00252,bajra,2019,1.0,0.5254000402762012,0.22174379182197884,2.1904045086322714
IN.ADM2.00217,jowar,2016,1.875,0.9635449530943283,0.3914756136442198,2.1903685869118332
IN.ADM2.00494,soyabean,2022,0.7441435959841801,1.2030751241677091,0.2437355686339054,-2.1902112265132794
IN.ADM2.00357,jowar,2016,0.1677535417135147,0.5921282496523935,0.24856247239948462,-2.1897756748959103
IN.ADM2.00439,rice,2015,2.062509319347289,2.2874587823889305,0.18965041587440162,-2.189725209719331
IN.ADM2.00442,rapeseed_mustard,2014,0.5658846595902914,0.937237177052478,0.22440846074931686,-2.189528508189951
IN.ADM2.00396,maize,2008,0.140188679245283,1.0881246422724031,0.41523715357043445,-2.1895098318283943
IN.ADM2.00546,wheat,2011,2.2341463414634144,1.3899909411964884,0.3239869871114333,2.1892996508679285
IN.ADM2.00396,arhartur,2014,0.4948051948051948,0.9789973389805187,0.20627036065023868,-2.1889110411795776
IN.ADM2.00491,groundnut,2015,0.5320895522388059,1.1986417484669103,0.4729843067742162,-2.1888078848262067
IN.ADM2.00005,arhartur,2000,0.504066376406802,0.25847264621306265,0.0856203100010102,2.188716525557684
IN.ADM2.00173,soyabean,2017,1.5254237288135593,0.9885211165301698,0.20596606172308057,2.188588421529074
IN.ADM2.00506,sugarcane,2013,100.2970031099802,74.23955608646,11.602784235911413,2.18845856330411
IN.ADM2.00199,ragi,2022,1.7058756024787698,0.9764507086087817,0.20261377662066068,2.188069518818565
IN.ADM2.00057,arhartur,2011,0.5526315789473685,0.7149758120766674,0.08585639130871055,-2.1878689672579323
IN.ADM2.00365,bajra,2011,3.2622745490981964,1.8695614055698142,0.6289693819216183,2.187802038242126
IN.ADM2.00018,wheat,2015,2.321867321867322,1.2582740123714142,0.3341127925506729,2.1877228886320124
IN.ADM2.00569,rice,2005,2.4742778931470646,2.5090529393985017,0.0886508460369446,2.187682578547261
IN.ADM2.00526,maize,2022,2.4570454545454545,1.151908609634855,0.30078316327428306,2.187635224434693
IN.ADM2.00316,bajra,2002,0.75,0.5863695090439277,0.10861819816560896,2.1875053698958213
IN.ADM2.00357,groundnut,2016,1.1834816303099884,1.50306486491242,0.3125248274639825,-2.187441126409806
IN.ADM2.00299,maize,2002,2.3076923076923075,1.8187386683766533,0.2803989550181639,2.1871632956481726
IN.ADM2.00032,wheat,1998,1.2,1.5898123835795464,0.09160191498208044,-2.186890634717064
IN.ADM2.00509,rapeseed_mustard,2015,0.125,0.1696049544457268,0.0270826450262274,-2.186868132230745
IN.ADM2.00184,maize,2016,1.0931269674711437,2.68184688882512,0.7646183025330257,-2.186789936121852
IN.ADM2.00578,rice,2016,6.029307568438004,4.420894245375943,0.6363633231613802,2.186730091225902
IN.ADM2.00406,potato,2015,19.86536288570187,26.03888555262226,3.799972117750716,-2.1866248170063045
IN.ADM2.00139,barley,2014,2.5,3.6619783684290708,0.6411724464961727,-2.1866024419869383
IN.ADM2.00578,ragi,1997,2.592592592592593,2.6435873048168563,0.4653009560204135,2.18655983704485
IN.ADM2.00424,sugarcane,2005,22.473684210526315,39.55264152951219,8.600390137896547,-2.186398578347188
IN.ADM2.00420,sugarcane,2005,22.47761194029851,39.55419457709611,8.60052273029642,-2.1861601182781705
IN.ADM2.00418,sugarcane,2005,22.47078054760932,39.55254349608595,8.602820236831874,-2.186134427964567
IN.ADM2.00243,wheat,2012,3.288866659403568,2.3629367536339156,0.3613953471632766,2.185928207461908
IN.ADM2.00297,rapeseed_mustard,2002,1.1160092807424593,0.9663942560205699,0.10209232458103734,2.1858888644379943
IN.ADM2.00005,rice,2023,3.633645433888684,3.4376624281373114,0.250426489389274,-2.1858298705476003
IN.ADM2.00395,soyabean,2012,1.414141414141414,0.7529911540752314,0.30092341430858954,2.1857671714266593
IN.ADM2.00310,bajra,1999,0.6551724137931034,0.612915787004457,0.07310206627519157,2.185704264563773
IN.ADM2.00111,rapeseed_mustard,1998,1.6,1.5545807824264182,0.20172589682225275,2.1854854308927285
IN.ADM2.00062,jowar,1998,0.9407407407407408,1.0562379473999557,0.04469581074591031,-2.185389936824657
IN.ADM2.00550,groundnut,2015,2.15625,1.2035887222385215,0.34358445731309545,2.1853459504531436
IN.ADM2.00336,maize,2019,1.2727272727272727,1.6144687975137546,0.34033143950506933,-2.185163761513948
IN.ADM2.00005,potato,2021,25.290432801822323,12.59478271304831,3.605782651537428,2.185088912758844
IN.ADM2.00423,arhartur,1997,0.3200103815208928,0.775276763694186,0.19609277994156313,-2.1849102382488463
IN.ADM2.00276,maize,2015,1.0,2.1401317554858585,0.6732725909092511,-2.184890708223888
IN.ADM2.00101,wheat,2011,3.852894519293072,2.6279641607256177,0.5382266492862272,2.184855621987367
IN.ADM2.00477,ragi,2015,0.4516129032258064,0.9815133085575249,0.2774553546099989,-2.1844850779468112
IN.ADM2.00080,barley,2017,1.0,1.2731270524299227,0.25100933837047434,-2.184396565495756
IN.ADM2.00065,rice,2007,0.4406890062965911,1.2235312058281176,0.3042804000209557,-2.184393996286842
IN.ADM2.00115,wheat,2000,2.362068965517241,3.631087546524047,0.43478737865144235,-2.1842871203507848
IN.ADM2.00414,groundnut,2012,1.463078848560701,0.9955758707565454,0.21329845801216712,2.1842233484530467
IN.ADM2.00298,bajra,2003,1.5909090909090908,1.011557006356411,0.25340617370943785,2.1840325366388895
IN.ADM2.00465,potato,2007,8.300979519145146,16.428691053164048,3.5003541051176335,-2.1839736540682337
IN.ADM2.00068,arhartur,2014,2.4424131627056678,1.4385355864035043,0.4843978063510451,2.1839587937062404
IN.ADM2.00336,groundnut,2002,0.6666666666666666,1.6559732158162894,0.2966252609823289,-2.183830563615553
IN.ADM2.00044,wheat,2000,1.973,1.440609738880362,0.21134577746364536,2.1837732406705497
IN.ADM2.00343,potato,2010,2.013795746311554,13.38526987330735,5.353532859226766,-2.1835922446007667
IN.ADM2.00180,rice,2004,3.257330956256621,2.4834455002973517,0.4789309211202864,2.183496545798808
IN.ADM2.00301,ragi,2009,0.6923076923076923,0.8891227783253487,0.0880336661553298,-2.1834096471964175
IN.ADM2.00202,rice,2020,3.667266337544975,2.735713223617758,0.1843651933586724,2.1833017978474842
IN.ADM2.00553,groundnut,2013,1.5211267605633805,0.9249976819595495,0.2825266283115041,2.1832621094991844
IN.ADM2.00298,barley,2012,0.75,1.3203248861624801,0.2351177275478541,-2.1831981523935338
IN.ADM2.00459,rapeseed_mustard,2021,1.056512467191601,0.5789201670700013,0.14973848456998737,2.183035838210101
IN.ADM2.00037,cottonlint,2019,0.1159090909090909,0.08444179768181853,0.00952296792151878,2.1829799264285206
IN.ADM2.00207,rapeseed_mustard,2018,0.7864923747276689,0.9120984712461933,0.16782518327136076,-2.1827623069238173
IN.ADM2.00092,arhartur,2002,2.050955414012739,1.3399859575125745,0.3435403618245971,2.1825448528384923
IN.ADM2.00394,bajra,2013,1.271186440677966,1.6504937854021666,0.23380007024979416,-2.1825124886939697
IN.ADM2.00364,sesamum,2016,0.4298526585522101,0.5515285431898972,0.07805045322148384,-2.1824637097109734
IN.ADM2.00421,bajra,2018,3.036802196365538,1.9714147617952695,0.30544044850310487,2.1823639407690525
IN.ADM2.00567,maize,2014,8.115169746454663,4.935475808727278,1.217248691469733,2.1822891714747317
IN.ADM2.00406,arhartur,2015,0.4158674803836094,1.3866549745430516,0.4415999836795559,-2.182219767358331
IN.ADM2.00215,groundnut,2014,1.0,1.3357865745302684,0.2230479668147733,-2.1822020265981132
IN.ADM2.00491,soyabean,2000,0.6666666666666666,1.0889510965556888,0.2528186384336589,-2.1821324017137744
IN.ADM2.00577,jowar,2008,0.4669316375198728,1.4382120048790141,0.4106335623383488,-2.181924811937258
IN.ADM2.00344,barley,2001,2.5712025316455698,2.795129885565609,0.18217912347960255,2.181657359466391
IN.ADM2.00152,wheat,2016,0.7667959975495201,1.3703002414717766,0.3834501689163166,-2.1816130462777643
IN.ADM2.00016,jowar,2023,1.814048261809456,0.704558274346022,0.28267850683730206,2.1814136313665013
IN.ADM2.00401,barley,2012,2.665098777046096,3.429226734221572,0.36976555007692513,-2.1813435192546002
IN.ADM2.00424,soyabean,2012,1.413985885803318,0.7670088455632057,0.3035964370897286,2.180751409542819
IN.ADM2.00491,cottonlint,2001,0.6248648648648649,0.43303687560984905,0.14458687639314552,2.1807468308634355
IN.ADM2.00078,maize,2014,3.120672601384768,4.20980278632673,0.9274093659533236,-2.1806498347646035
IN.ADM2.00540,rapeseed_mustard,2005,1.7518142235123366,1.1496204294986259,0.3272765256638707,2.1804517000807033
IN.ADM2.00043,rapeseed_mustard,2022,1.2898297686599738,0.7026915694859315,0.17318492228345359,2.180446264870217
IN.ADM2.00224,sugarcane,2000,6.086956521739131,24.18513365549459,11.215956478433114,-2.1799250274240696
IN.ADM2.00218,bajra,2018,1.32,0.771709739513675,0.17034658294061555,2.17981885333737
IN.ADM2.00405,groundnut,2015,0.6746143057503506,0.8712283935206852,0.12420104710503124,-2.1795486798975214
IN.ADM2.00176,arhartur,2015,0.3673740053050398,0.5875592126202076,0.14265989743750151,-2.179523715739472
IN.ADM2.00263,soyabean,2012,2.3564431047475507,1.1512314540778226,0.5451616843854602,2.1794826058603554
IN.ADM2.00027,rapeseed_mustard,1998,1.1007168458781362,1.0491064753851314,0.030575595230633797,2.179317131144201
IN.ADM2.00232,jowar,2010,2.871186440677966,2.131592611231864,0.3341026689153995,2.1791294574440916
IN.ADM2.00442,rice,1997,2.6257822431570994,2.6939355958245517,0.2723217852514662,2.1785692813588495
IN.ADM2.00277,arhartur,2015,0.1648351648351648,0.3767486658558148,0.1260295472586011,-2.1785622375673337
IN.ADM2.00303,soyabean,2003,1.607883817427386,1.2823383424272474,0.13407435349519495,2.1784347897342364
IN.ADM2.00397,bajra,2014,1.0785714285714283,1.4027379915531568,0.22252249893764403,-2.17841565415783
IN.ADM2.00572,rice,2015,2.1109991888109394,2.591068475195291,0.27340492297230307,-2.1784064740720783
IN.ADM2.00499,rapeseed_mustard,2014,1.0,1.7025005391366133,0.3944270127199465,-2.178393227349505
IN.ADM2.00174,maize,2009,0.8344213649851632,2.1492309302117696,0.5904453200620796,-2.177838913958348
IN.ADM2.00258,arhartur,2010,0.7781569965870307,0.479293166419793,0.13650806186399256,2.1777689781688356
IN.ADM2.00510,bajra,2016,0.5,0.8974509803921569,0.1329286222950824,-2.1776688741144197
IN.ADM2.00236,sugarcane,2021,30.952380952380956,22.861033212327914,8.494955968186417,2.1775394448162086
IN.ADM2.00018,arhartur,2014,0.2621301775147929,0.7028451984767673,0.2707438504636513,-2.17747725758749
IN.ADM2.00560,barley,2017,4.0,1.6348888888888888,0.4571097378255073,2.1772073605850646
IN.ADM2.00383,cottonlint,2014,0.6743857331571994,0.3553699641772612,0.1407847761785564,2.1771969819401673
IN.ADM2.00203,rice,1999,2.5867429496070278,2.603432087576332,0.09271765110516554,2.1770562393844277
IN.ADM2.00429,sugarcane,1997,48.38000699667658,49.16409237111865,4.8989356343588355,2.1769546462726126
IN.ADM2.00351,barley,2008,3.0618279569892475,2.783852141753593,0.18977137193302088,2.1769050860286403
IN.ADM2.00171,rice,2006,1.922571038590396,2.614343596466657,0.31434442805996776,-2.1768250922395724
IN.ADM2.00213,arhartur,2014,1.5,0.8145213873544613,0.2612944345275397,2.176739549733114
IN.ADM2.00537,bajra,2019,0.5454545454545454,0.5299720199485268,0.018577738494446046,2.1767207052293203
IN.ADM2.00260,jowar,2000,1.1476470588235297,1.7422681639426614,0.28251945094695585,-2.17611175431989
IN.ADM2.00089,maize,2013,4.018145527127564,2.39804930430499,0.6762986333985388,2.1760930820238737
IN.ADM2.00041,rapeseed_mustard,2014,1.0425280567040756,0.551496841893808,0.19037169417703456,2.1760077162983107
IN.ADM2.00555,potato,2021,28.988355751857057,20.393443969639364,3.3442230631276884,2.175977364401301
IN.ADM2.00227,barley,2016,3.58974358974359,2.1124520569371383,0.524190672623335,2.17593466316451
IN.ADM2.00280,bajra,2013,1.0,0.5237772115053446,0.22121624580622762,2.175749422007133
IN.ADM2.00495,barley,2006,1.8632569433904995,2.8080554652948213,0.3296194159896872,-2.1756341735302875
IN.ADM2.00092,sesamum,2022,0.8,0.8023238077095679,0.10643434336547432,-2.1756101484717494
IN.ADM2.00273,arhartur,2012,0.2,0.5596916327762456,0.1764837937671105,-2.175563231748522
IN.ADM2.00089,arhartur,2011,3.026352288488211,1.6321483113828577,0.6233740264593921,2.1754321811599384
IN.ADM2.00470,rapeseed_mustard,2007,1.7668256491785903,1.0932896744293676,0.3262910821343629,2.175313992315162
IN.ADM2.00479,barley,2021,0.8545454545454545,1.1310573238129007,0.2922053589407653,-2.175296432121037
IN.ADM2.00226,barley,2013,3.724052206339341,2.685436720343758,0.45587733460122143,2.174839462093271
IN.ADM2.00068,rapeseed_mustard,2015,1.523335883703137,0.8148522725119391,0.31225007972411034,2.174827152580756
IN.ADM2.00522,potato,2005,9.12907268170426,12.565060835694887,1.7060299391789202,-2.1747036020006747
IN.ADM2.00278,sesamum,2021,0.6604105988491866,0.35208394684027283,0.1168967319779929,2.1745449206536955
IN.ADM2.00419,rice,2015,1.760001945836258,2.220879980593276,0.28208224410403543,-2.1744576831158513
IN.ADM2.00419,arhartur,2021,1.896975046136564,1.0890713581809162,0.33901859393964895,2.1741842442536545
IN.ADM2.00092,potato,2018,27.212943162633653,11.843739305843346,4.491916938271355,2.174169905797469
IN.ADM2.00237,wheat,2017,3.2129856115107915,1.7854661486371404,0.3554566150821345,2.173948817866207
IN.ADM2.00247,rapeseed_mustard,2018,0.5588571428571428,0.8561245130828473,0.223161405352237,-2.1738687960768917
IN.ADM2.00185,rice,2013,3.4582558879694463,3.062750603004588,0.17182026516111681,2.173760035501224
IN.ADM2.00184,ragi,2010,2.255959763926561,1.6577555693447947,0.2752008892003498,2.173700078949532
IN.ADM2.00037,sesamum,2013,0.7454494539344722,0.6166795563959474,0.04454788579038143,2.1736486532457926
IN.ADM2.00291,sesamum,2010,0.4615384615384615,0.6286282840484512,0.08643718948558252,-2.1735151103512003
IN.ADM2.00575,rapeseed_mustard,2020,0.5766129032258065,0.9222921168156882,0.22651347904959462,-2.173501450871546
IN.ADM2.00419,bajra,2000,1.539624183006536,1.1781202425448623,0.2230184223284973,2.1734687184285453
IN.ADM2.00462,barley,2006,0.4309576837416481,1.3388077273614414,0.3497171631940249,-2.1733406237487083
IN.ADM2.00288,sugarcane,2010,79.16666666666667,55.99449635331989,8.473446063987959,2.1732559425289955
IN.ADM2.00536,potato,1998,8.0,6.948058044824333,1.1795150279818054,2.1731773462457786
IN.ADM2.00396,groundnut,1999,1.1650485436893203,0.8179060548990825,0.1939013285942756,2.172965490916605
IN.ADM2.00005,maize,2017,8.69195299717388,4.6261539906967695,1.6461467283196571,2.172812750769611
IN.ADM2.00012,jowar,2008,4.702898550724638,2.957709632703185,0.9629386526286684,2.1727217901055234
IN.ADM2.00444,jowar,2020,0.6180613090306545,1.0331362168298612,0.26811194733881133,-2.172406366446111
IN.ADM2.00083,sugarcane,2008,17.635043562439495,39.7163212580224,10.338242380828119,-2.172390777583305
IN.ADM2.00376,groundnut,2015,3.184546136534133,1.9280529463765235,0.40769374580934753,2.1722493844794775
IN.ADM2.00297,sesamum,1999,0.6,0.6696910173781582,0.09526068429655,-2.1720712591946345
IN.ADM2.00556,potato,2014,33.55874894336433,23.696657177068378,3.7318571407007606,2.172057568736818
IN.ADM2.00533,maize,2019,8.083560115993754,3.419919521426847,1.4940245835489707,2.1719144554602563
IN.ADM2.00335,rice,2000,0.1025250924458531,0.8321173799317203,0.24780233819770747,-2.171863104664771
IN.ADM2.00089,barley,2006,0.7092592592592593,1.584811831875822,0.36436323718364655,-2.1717753977366043
IN.ADM2.00262,wheat,2023,2.168724037789949,2.2250398417539223,0.1937260750006114,-2.171625847856981
IN.ADM2.00171,rapeseed_mustard,2008,0.4451303155006859,0.29886526021765325,0.06372478707379875,2.171566070197532
IN.ADM2.00437,wheat,2008,1.0189958878045786,1.5014207473652643,0.2034439029102022,-2.1714807991115275
IN.ADM2.00182,rice,2013,2.879102007681019,2.4706378887036275,0.15966793799653692,2.1711225137478403
IN.ADM2.00141,rapeseed_mustard,2010,1.9524817689955305,1.5707501343576176,0.17652866923950952,2.171104399953719
IN.ADM2.00562,rapeseed_mustard,2016,1.8,1.2290178571428572,0.16923507131985355,2.1710805753844227
IN.ADM2.00300,arhartur,2007,1.2,0.9323957778083077,0.12299561060587151,2.171022713708523
IN.ADM2.00425,groundnut,1997,1.5768194070080863,0.9015081516438532,0.29581396102463925,2.170726031333944
IN.ADM2.00058,sesamum,2010,0.6285046728971962,0.6974056456779506,0.03364739115230382,-2.1706630869789074
IN.ADM2.00146,wheat,2004,2.059413646977428,1.165767038834939,0.44063587057138875,2.170267231892884
IN.ADM2.00081,sesamum,1997,0.9253731343283582,0.8073842477599423,0.09887994000575345,2.1701369555176604
IN.ADM2.00339,maize,2020,2.763157894736842,1.5905923808254756,0.3249333475100641,2.170072038710688
IN.ADM2.00129,barley,2004,2.119642016015073,3.082560784422421,0.3200330676079821,-2.169976137812341
IN.ADM2.00537,potato,2011,11.003056546102904,7.944821435777742,1.3976168653797998,2.1698828456926296
IN.ADM2.00403,rice,2019,2.7384780278670955,2.129900134981755,0.20746644578042073,2.1697258816768126
IN.ADM2.00212,bajra,2013,0.5,0.8799810938526071,0.21157305207646904,-2.169479576335232
IN.ADM2.00561,rice,1998,3.0,3.9749082960755158,0.24968099209804712,-2.169402682755186
IN.ADM2.00555,sugarcane,2019,51.317109144542776,50.48580312186941,5.080470846524072,-2.169254552131392
IN.ADM2.00280,bajra,2012,1.0,0.5237772115053446,0.22121624580622762,2.1684562276678148
IN.ADM2.00565,rice,2020,4.551684751570531,3.7919845331417745,0.17022035887072448,2.168427919168145
IN.ADM2.00455,potato,2009,19.65447368421053,16.242836414293873,1.621850588370566,2.168327456452769
IN.ADM2.00225,arhartur,2014,1.263157894736842,0.7501660017788758,0.2518386818322114,2.1682838395712514
IN.ADM2.00043,rice,2022,2.7626823649859227,1.8297607268386382,0.2634704886555804,2.1682837594628954
IN.ADM2.00468,maize,2013,0.0170902716914986,1.5097352297547797,0.784017472859977,-2.168215163103166
IN.ADM2.00503,sugarcane,2015,3.8,3.272178932178932,0.1639103315473905,2.168036938768689
IN.ADM2.00396,jowar,2013,0.4824399260628466,0.9650030470273214,0.2671279557105993,-2.1678071002712396
IN.ADM2.00523,wheat,2018,2.7,1.3325569863206312,0.46688364914244934,2.1677345663480825
IN.ADM2.00561,rice,2019,3.7586206896551726,3.9749082960755158,0.24968099209804712,-2.1676654813060883
IN.ADM2.00395,sugarcane,2007,26.42327150084317,40.280356995168134,6.362471726292976,-2.1673882469895287
IN.ADM2.00408,arhartur,2014,0.4946140035906642,1.123215767154709,0.3098293766982439,-2.1672936711509503
IN.ADM2.00423,barley,2014,1.358744394618834,2.0283894299487466,0.420728325071312,-2.167217275161007
IN.ADM2.00546,rice,2015,0.9344262295081968,1.7925976575483273,0.5712753107295081,-2.167214633441549
IN.ADM2.00157,rice,1998,0.0277709076776313,1.9441025945282684,0.6006841003450697,-2.1669456450423916
IN.ADM2.00466,potato,2013,29.087784960871044,21.60441417104565,2.8522439942628246,2.1668515265343467
IN.ADM2.00049,potato,2010,11.85175879396985,8.853954391243661,1.3767360170036018,2.166760579052582
IN.ADM2.00212,wheat,2023,2.970047909457393,2.7997252670555137,0.684376929451269,-2.1665995878624726
IN.ADM2.00464,wheat,2017,2.0,2.5218381516635806,0.36217238925799633,-2.166485178082751
IN.ADM2.00179,sesamum,2012,0.1443148688046647,0.5525171704545273,0.20129693685507388,-2.166431738331729
IN.ADM2.00285,sugarcane,2012,46.57142857142857,51.41527807704278,3.3511843058936917,-2.1663313085244162
IN.ADM2.00448,groundnut,1998,0.0970277573077867,0.8261500331736142,0.2933340969251183,-2.1660944284372636
IN.ADM2.00438,potato,2022,30.398908807482464,18.89015733458312,3.4993404722321992,2.166086490158086
IN.ADM2.00464,cottonlint,2004,1.033641975308642,0.45984157811315235,0.23436533479104119,2.1660500540696366
IN.ADM2.00563,rapeseed_mustard,2009,2.0,1.292888888888889,0.3328275388362687,2.165943413477817
IN.ADM2.00226,barley,2011,3.693146417445482,2.685436720343758,0.45587733460122143,2.165788474875984
IN.ADM2.00438,sugarcane,2017,36.72771084337349,52.125753928005146,11.002954859103797,-2.1657272207240577
IN.ADM2.00425,barley,2014,1.3553719008264462,2.023893690137353,0.39835963018449133,-2.1656378723086176
IN.ADM2.00103,sugarcane,2015,95.0,79.79442295949521,5.368722964236455,2.165294837018386
IN.ADM2.00513,rice,2022,4.02745995423341,4.251723719321485,0.26791039823785595,-2.1652861172405653
IN.ADM2.00544,potato,2001,14.333691275167784,10.672360084578054,2.1801340810765595,2.1652260638801057
IN.ADM2.00282,groundnut,2009,0.4666666666666667,0.8209549214167088,0.10463927884892957,-2.1651634331444867
IN.ADM2.00339,groundnut,2002,0.657823481091606,1.9273062095281748,0.36698442076799564,-2.165151021822634
IN.ADM2.00463,sugarcane,2011,137.13876404494383,84.9704751669267,23.603278175524753,2.165082203075037
IN.ADM2.00219,rapeseed_mustard,2002,0.3457416807670614,0.9678075325643286,0.15699794546131823,-2.1650130747188685
IN.ADM2.00254,soyabean,2015,0.1363636363636363,0.9880081671648064,0.3472956576597331,-2.1647507756975135
IN.ADM2.00529,rice,2012,0.7044673539518901,1.6815533769738082,0.4835749552323595,-2.1646743167558506
IN.ADM2.00240,soyabean,2013,0.2579257756742544,0.8947770886464691,0.2939642657210412,-2.1646189717686917
IN.ADM2.00218,sesamum,2010,0.6442105263157895,0.43076806958640645,0.09356561888360904,2.164529933203597
IN.ADM2.00438,jowar,2014,1.7117117117117118,1.1530615233327104,0.24764817815095513,2.164516280834901
IN.ADM2.00296,potato,2003,6.352941176470588,2.3479396714724006,1.3287055392452731,2.1644974035818927
IN.ADM2.00419,potato,2021,31.699963510308336,19.05651520709611,4.789790866602477,2.1644139569181653
IN.ADM2.00449,sesamum,2022,0.2506459948320413,0.24366372982761775,0.038724168778328946,-2.1643411130929167
IN.ADM2.00412,maize,2022,2.6801007556675063,1.5572867436207387,0.3823293061641266,2.1643372372987644
IN.ADM2.00269,groundnut,2015,0.2142857142857142,0.6372247041473454,0.21417680906253256,-2.1642431158527526
IN.ADM2.00567,ragi,2012,1.8888888888888888,2.9590694646144162,0.5649090726939459,-2.164061973529579
IN.ADM2.00126,ragi,1998,0.5,0.8866666666666667,0.18387674566505638,-2.16390144943815
IN.ADM2.00483,maize,2017,3.613445378151261,1.9278590817404158,0.6149545836272235,2.163722066905724
IN.ADM2.00235,wheat,2020,5.009999208996962,3.1673592622543536,0.5770636297512001,2.163651304332774
IN.ADM2.00069,arhartur,2001,1.633883704235463,1.322227981321948,0.2431863783215407,2.163558596985971
IN.ADM2.00528,sesamum,2018,0.1846153846153846,0.28847388557571957,0.06277270044357888,-2.16327614801749
IN.ADM2.00397,jowar,2022,1.5891472868217054,0.9519417901389252,0.16928589578504408,2.163006043339707
IN.ADM2.00060,sugarcane,1999,25.27777777777778,40.536561938184825,6.248227816513577,-2.162986623134497
IN.ADM2.00170,sesamum,2020,1.0,0.5743557052590784,0.13894969702867488,2.1628216264059854
IN.ADM2.00036,potato,2011,8.023890784982935,7.0792684402598764,0.46718266177952206,2.1627769220199573
IN.ADM2.00347,groundnut,2012,0.8151512757721779,1.324239990420171,0.26025748248882125,-2.1626673836778054
IN.ADM2.00503,maize,2011,1.065899581589958,1.3558063510308236,0.15305146695917907,-2.1625716800130803
IN.ADM2.00213,bajra,2013,1.0,1.3623172357027298,0.33900545855135905,-2.1624623843687143
IN.ADM2.00270,groundnut,2019,1.55012987012987,1.0514175945555855,0.2262643285313522,2.1623489200471826
IN.ADM2.00206,sugarcane,2021,20.02262443438914,6.113006153222428,7.022620860474592,2.1621504717246816
IN.ADM2.00174,sesamum,2017,1.1504761904761904,0.5571467459405676,0.21532023057468,2.1620525835153104
IN.ADM2.00383,maize,2016,0.5323637525970912,3.602343855440229,1.9804565334078048,-2.161955513427112
IN.ADM2.00366,potato,2018,10.72147001934236,16.829636759975667,2.6811392342423574,-2.1619136244700505
IN.ADM2.00567,groundnut,2013,3.2075892857142856,2.339549001554034,0.32587625607432386,2.1618511723493508
IN.ADM2.00151,ragi,2023,0.8193401759530792,0.9703463610526114,0.10666313043802071,-2.1617838271298657
IN.ADM2.00422,sugarcane,2005,31.82781599312124,49.79087800665474,6.87885712201907,-2.161713633251064
IN.ADM2.00392,groundnut,2015,0.6747572815533981,0.8679851931010483,0.1250732833730682,-2.16167053449837
IN.ADM2.00310,arhartur,1999,1.1902702702702703,0.7434087682408818,0.25326560356267386,2.161617422716355
IN.ADM2.00303,potato,2021,5.0,10.091643748420603,2.168023407342368,-2.161471219796841
IN.ADM2.00573,rapeseed_mustard,2015,0.4563481843935101,0.6953035180980093,0.16490965757181522,-2.160713565964882
IN.ADM2.00391,groundnut,2006,0.8484848484848485,0.9831649831649831,0.03637527831570767,-2.1606915319531512
IN.ADM2.00342,bajra,2003,0.8657923041464539,0.4823635124864663,0.2251927047289787,2.1606893173003114
IN.ADM2.00366,bajra,2016,1.236220472440945,2.0696990746490624,0.5267838743286539,-2.1606325762753964
IN.ADM2.00324,cottonlint,2022,0.286120218579235,0.5370521179635929,0.16014263071819068,-2.160546036108757
IN.ADM2.00395,sugarcane,1997,25.79669260700389,40.280356995168134,6.362471726292976,-2.1603451295294844
IN.ADM2.00482,sugarcane,1997,50.6398891966759,38.172071186366786,9.870234800358292,2.160252273998186
IN.ADM2.00209,rapeseed_mustard,2018,0.6578947368421053,0.9343486487948028,0.21327491851968183,-2.1602450537660576
IN.ADM2.00369,ragi,2007,1.592783505154639,2.8111168951066285,0.4389499111077516,-2.160157851088361
IN.ADM2.00186,arhartur,2016,0.7208183331735253,0.38482281628296355,0.10503548284681664,2.1600863082769823
IN.ADM2.00342,groundnut,2008,2.723482877068804,1.9744605412306444,0.376763178711052,2.1600163191019863
IN.ADM2.00384,sesamum,2003,0.1683453237410072,0.5740706443691911,0.15239303140454266,-2.1598949626312525
IN.ADM2.00011,bajra,2006,0.3428571428571428,0.6308051325684642,0.12446982311570749,-2.159886230149601
IN.ADM2.00466,potato,2019,18.980561555075592,21.60441417104565,2.8522439942628246,-2.159884217373783
IN.ADM2.00072,bajra,2000,0.4814814814814814,0.9774749571052631,0.13985277777751778,-2.1598164431438542
IN.ADM2.00241,sugarcane,2021,40.0,20.65980715919364,11.491403587336121,2.159774208608943
IN.ADM2.00436,maize,2020,3.1258503401360542,1.8633250710999023,0.30197281015764066,2.1596861079583554
IN.ADM2.00525,potato,1999,10.827586206896552,10.641828301640107,0.9587619888869114,2.159615845892601
IN.ADM2.00488,barley,2008,3.0614406779661016,2.802133643059111,0.18319690946355913,2.1592436209411794
IN.ADM2.00016,maize,2020,6.76,3.107231734260555,1.33676711537198,2.159212217040199
IN.ADM2.00489,barley,2008,3.0604026845637584,2.802369600488722,0.1826677156804849,2.1591846165692936
IN.ADM2.00331,rapeseed_mustard,2004,0.6666666666666666,1.0496605472467542,0.12854661155495178,-2.1589293569809467
IN.ADM2.00514,sesamum,2005,0.3227815256875973,0.5368178015062199,0.08420500767364857,-2.1588565782596376
IN.ADM2.00232,jowar,2013,1.4772727272727273,2.131592611231864,0.3341026689153995,-2.158788149617014
IN.ADM2.00436,rice,2023,2.507935330921476,2.8428159962165944,0.2886686761508084,-2.158623886267787
IN.ADM2.00121,arhartur,2005,1.366412213740458,0.8923888134268168,0.26960994668082205,2.1582409514262095
IN.ADM2.00057,maize,2014,3.28125,1.5965990516692459,0.5855664383162099,2.1582281742990594
IN.ADM2.00430,maize,2004,1.1014492753623188,1.9326674142931262,0.2847657473213644,-2.1581161520370937
IN.ADM2.00405,maize,2019,3.863956263956264,2.3566523909862664,0.3523490080077011,2.158058862183732
IN.ADM2.00349,barley,2008,3.061946902654867,2.802732442961984,0.18325604175600407,2.157993357471192
IN.ADM2.00423,rice,2008,1.781000988163068,2.556005898194218,0.3257576621439255,-2.1579705253283654
IN.ADM2.00388,bajra,2001,1.0875532630634672,1.8795397413588755,0.17048671615256192,-2.1579306768188418
IN.ADM2.00438,maize,2022,2.8547368421052632,1.6464560248912317,0.4563232743848391,2.1578994434061642
IN.ADM2.00053,rapeseed_mustard,2000,0.5091111111111111,0.496933182718192,0.07155117502343282,2.1578408453815925
IN.ADM2.00316,sugarcane,2019,125.9560975609756,77.62251321774471,13.726347176321543,2.157720425008665
IN.ADM2.00388,sesamum,2020,0.2637954239569313,0.1706510715251352,0.05595350103512464,2.1575965311298835
IN.ADM2.00209,wheat,2010,1.6929836204836868,2.4502753453483024,0.35102615727070785,-2.157365510173971
IN.ADM2.00244,rice,2016,2.949152542372881,1.422720449005972,0.4432433305359824,2.157347120338157
IN.ADM2.00087,ragi,2012,1.875,0.9826548867702087,0.3947428137582872,2.1573235917877045
IN.ADM2.00448,barley,2014,1.35790273556231,2.0311322856666605,0.40383314518320534,-2.157248251580022
IN.ADM2.00120,arhartur,2018,1.9117308798159864,1.0690299707336572,0.23760671431885308,2.157160424386438
IN.ADM2.00427,sesamum,2020,0.2572062084257206,0.1656283160005913,0.057652994058572576,2.156820304329416
IN.ADM2.00237,groundnut,2020,2.2867383512544803,1.0728056868070426,0.3708872960123034,2.1562775557970966
IN.ADM2.00494,potato,2022,8.566666666666666,3.980684581376247,1.1995370880476053,2.1562040911053764
IN.ADM2.00410,rapeseed_mustard,2022,2.505006067961165,1.4791721899311543,0.21340856896510288,2.156171449893983
IN.ADM2.00405,sesamum,2001,0.2905263157894737,0.20380570528832478,0.05004053115417243,2.156128971936452
IN.ADM2.00266,sesamum,2007,1.0,0.4242285086183594,0.25769451860221243,2.1558929119883845
IN.ADM2.00538,wheat,2010,1.0842293906810037,1.8307157942782368,0.32029389215565673,-2.1556249542111576
IN.ADM2.00140,sesamum,2016,0.2,0.21364355581127734,0.08550909713778278,-2.155334306340703
IN.ADM2.00046,rice,1997,1.0591111111111111,2.1726710393488307,0.2834501776777761,-2.155298667557372
IN.ADM2.00010,wheat,2020,2.640275387263339,1.1869585909169194,0.5023769131168813,2.1549339411972626
IN.ADM2.00406,sesamum,2014,0.0412926391382405,0.15748296189900884,0.05373913914813263,-2.1548730009528727
IN.ADM2.00419,arhartur,2022,1.8970144246897012,1.0890713581809162,0.33901859393964895,2.1548498700176335
IN.ADM2.00240,arhartur,2000,0.4093325457767277,1.0712914236218134,0.23785746543838138,-2.154773044382066
IN.ADM2.00245,jowar,2008,1.441883276115743,0.9507870626651803,0.23884807529246596,2.1544505208906664
IN.ADM2.00533,groundnut,2017,7.350197628458498,3.868859784223335,0.8974068575669913,2.154380317609629
IN.ADM2.00179,rapeseed_mustard,2009,0.4,0.23810459655099794,0.07545388158181676,2.1543037891422694
IN.ADM2.00502,arhartur,2010,0.7828947368421053,1.0695303759919246,0.1392519963859701,-2.154145548849128
IN.ADM2.00457,potato,2018,9.912783060999317,25.22247789497049,8.57240224819138,-2.1540010502993563
IN.ADM2.00414,groundnut,2011,1.4559322033898303,0.9955758707565454,0.21329845801216712,2.1539745096312015
IN.ADM2.00215,sesamum,2020,0.6190476190476191,0.6542790637393989,0.19889843864981457,-2.1538048109762093
IN.ADM2.00185,sugarcane,2012,78.51195629035692,102.31263306986155,10.85453128983578,-2.1537801939766754
IN.ADM2.00553,sesamum,2015,0.3088235294117647,0.19337574001563718,0.04297655364059827,2.153775250227822
IN.ADM2.00181,rice,2002,1.6850606756313546,2.516081471018312,0.34972957996782433,-2.1537532732655493
IN.ADM2.00097,wheat,2003,1.1431340190359227,2.741169909987904,0.4918033682786679,-2.1536944255733865
IN.ADM2.00083,sesamum,2002,0.5,0.7888275425526454,0.0954522197389522,-2.153686848000071
IN.ADM2.00079,arhartur,2006,2.133423067216287,1.33766011397038,0.34070190277785795,2.1535170861218624
IN.ADM2.00504,bajra,2002,0.4864864864864865,0.6145668073343454,0.05880622678925923,-2.1533894189887626
IN.ADM2.00148,barley,2012,2.9447852760736195,1.785409690229963,0.5398588833988931,2.153275143406681
IN.ADM2.00208,barley,2017,3.954233409610984,2.157638199911816,0.6852459349891066,2.1528458630427045
IN.ADM2.00183,sugarcane,2003,66.5,88.86313429659664,10.753862272799813,-2.1527512196221075
IN.ADM2.00169,rice,2000,1.498132843587389,1.1306653738235417,0.32486843502997736,2.1524260848241545
IN.ADM2.00247,sugarcane,2021,30.0,18.28213122415544,7.896743949728688,2.1523877749570937
IN.ADM2.00439,arhartur,2010,1.5619540601747008,1.0252485762667853,0.24664801812505513,2.152326793827137
IN.ADM2.00302,rice,2015,2.7350119904076737,1.8966319923919495,0.2932853802979495,2.152046670175576
IN.ADM2.00235,maize,2019,1.7204077387143748,2.3313589082357136,0.5309625781225421,-2.151847229546339
IN.ADM2.00465,sesamum,2002,0.6204620462046204,0.5585476359889638,0.08859337917029947,2.151813561262999
IN.ADM2.00439,arhartur,2014,0.4108997805413313,1.0252485762667853,0.24664801812505513,-2.1515106528441437
IN.ADM2.00061,maize,2018,1.4204545454545454,1.8883800305299194,0.5329257896415268,-2.1510101407429865
IN.ADM2.00109,wheat,2007,3.890792291220557,3.268309000516939,0.35475187535936686,2.1509127971922273
IN.ADM2.00030,rice,1999,1.4928571428571429,1.5588181851316776,0.15259314323959045,2.1508767612918893
IN.ADM2.00280,arhartur,2016,1.330978245209624,0.8432510861472721,0.26908332101330645,2.1505508473508415
IN.ADM2.00045,wheat,2014,0.4846153846153846,0.993060410924673,0.26444428678550524,-2.1503885188901575
IN.ADM2.00510,barley,2005,2.5,3.2699794238683126,0.2815117664783154,-2.1503883750753876
IN.ADM2.00550,sugarcane,1998,100.23529411764706,74.28820402946923,13.70618859731299,2.150359779482341
IN.ADM2.00570,groundnut,2016,1.4519056261343013,1.158139058085352,0.0992343918228607,2.1502078579998964
IN.ADM2.00209,rapeseed_mustard,2011,1.4285714285714286,0.9343486487948028,0.21327491851968183,2.1500755950705988
IN.ADM2.00227,maize,2013,2.595427435387674,1.4621060037348093,0.44464944629570363,2.1499697108218614
IN.ADM2.00229,arhartur,2017,1.6491017964071857,0.7242701905126694,0.29140430303445525,2.149670582047546
IN.ADM2.00134,wheat,1997,3.5625,4.568194997850117,0.2772835666499008,-2.149537622546166
IN.ADM2.00034,groundnut,1998,0.5945945945945946,1.076671093897322,0.1628620926354297,-2.149503444935026
IN.ADM2.00471,wheat,2008,2.7943053042567376,2.0942124556984347,0.37819061034627766,2.1494351294436815
IN.ADM2.00247,maize,2022,3.036319612590799,1.490449026710458,0.5246548271945605,2.149416450568818
IN.ADM2.00505,maize,2014,1.07404181184669,1.6765774290029396,0.3587676107077016,-2.1491927883938846
IN.ADM2.00550,arhartur,1997,0.3417721518987341,0.6332100128406745,0.06233442433086426,-2.149133613532644
IN.ADM2.00409,wheat,2015,2.484681108138431,2.9589488378475304,0.3650809481422092,-2.149043398891589
IN.ADM2.00126,rice,2018,2.868017389065486,2.266416583141956,0.13968468010262297,2.149021727395497
IN.ADM2.00442,arhartur,2021,1.323943661971831,0.9026336974394215,0.17485236681440883,2.1488175207197866
IN.ADM2.00461,potato,2008,9.3230071500325,25.42842465892501,7.318044832960358,-2.1487609366334617
IN.ADM2.00216,jowar,2012,1.7633324934912236,1.1453643577707529,0.23387991361967597,2.1485835221546763
IN.ADM2.00195,sesamum,2015,0.3560869565217391,0.5928776072972922,0.15070118352299752,-2.1483392645760717
IN.ADM2.00148,barley,2022,0.6020151133501259,1.785409690229963,0.5398588833988931,-2.148174814392596
IN.ADM2.00114,jowar,1999,1.3085106382978724,0.9876229536730111,0.23836387954173247,2.1480808816960177
IN.ADM2.00053,potato,2022,9.271949404761903,5.953094313814338,1.0776088128245447,2.1479385230409056
IN.ADM2.00394,groundnut,2015,0.6748466257668712,0.8677725016392395,0.12615173995854057,-2.147517620385496
IN.ADM2.00409,maize,2015,0.7518939393939394,1.6605606292670572,0.4642931453962849,-2.1474839259379257
IN.ADM2.00334,groundnut,1999,0.6898897267800977,1.7122173551652486,0.27873739859859753,-2.147274042174689
IN.ADM2.00405,bajra,2013,3.049499659963082,2.1464563403582666,0.3375338195013889,2.147151515232361
IN.ADM2.00225,barley,2021,0.5,1.0894850215459548,0.46407325249189324,-2.1469569680428706
IN.ADM2.00179,soyabean,2016,1.2283968516984258,0.7755412219421632,0.1917234210180119,2.146742134633296
IN.ADM2.00261,bajra,2015,0.2555066079295154,0.8276238265907516,0.2560104373623753,-2.1467402717160824
IN.ADM2.00544,jowar,1999,1.7835051546391754,1.1374862280632723,0.2970783388376214,2.1466089497045733
IN.ADM2.00569,arhartur,1998,0.6666666666666666,0.7344253652700476,0.026173143672185272,-2.146606369021438
IN.ADM2.00437,arhartur,2021,1.0,0.5692802123682186,0.199626544294272,2.1465663880815242
IN.ADM2.00367,groundnut,2011,3.142725993022829,2.1764216808712784,0.3989343839277244,2.1465080562465872
IN.ADM2.00174,maize,2016,1.055372445616348,2.1492309302117696,0.5904453200620796,-2.146425867593293
IN.ADM2.00439,jowar,2018,0.5524561403508772,0.9308640956489724,0.23672441633355382,-2.146251167123397
IN.ADM2.00423,jowar,2021,1.642156862745098,0.9885639342279302,0.2475199771352866,2.146189805567125
IN.ADM2.00418,rapeseed_mustard,2016,1.5030217237436707,0.7979868443209088,0.25017427919615726,2.1460726907547727
IN.ADM2.00079,rapeseed_mustard,2004,1.4369972367209087,0.913298595421238,0.2457009125532482,2.1459443147041575
IN.ADM2.00498,rice,2020,4.447887323943662,3.251822101814742,0.3083699106904611,2.1458617150116126
IN.ADM2.00418,soyabean,2012,1.4,0.715950789504844,0.318125739915283,2.1457412205382105
IN.ADM2.00180,jowar,2016,1.4760762566720431,0.9629056634186223,0.16388521195966074,2.1456795072098074
IN.ADM2.00362,rapeseed_mustard,1997,0.7586206896551724,0.8095925081555362,0.06380823010838059,2.1456432245103523
IN.ADM2.00554,bajra,2020,2.4489795918367347,1.8434674408598266,0.14967741304383894,2.145465547522121
IN.ADM2.00243,sesamum,2002,0.1895006402048655,0.5078346513973527,0.12922421141346588,-2.1453325003016808
IN.ADM2.00508,maize,2002,1.0665673716612054,2.586810519835227,0.38457015481590207,-2.145170512693469
IN.ADM2.00534,maize,2016,9.666666666666666,5.713477672880529,1.246588411097742,2.1450997304653225
IN.ADM2.00484,maize,2015,3.7294732960069736,4.250766093606241,0.5778409821375867,-2.1450915868850466
IN.ADM2.00026,potato,2014,8.534883720930232,6.3864328163022845,0.8687052626643179,2.1450817459482194
IN.ADM2.00251,sesamum,2009,0.45,0.2405398006639835,0.09440083743189885,2.14474393141528
IN.ADM2.00282,groundnut,2008,0.8857142857142857,0.8209549214167088,0.10463927884892957,2.144684672055609
IN.ADM2.00420,sugarcane,2004,60.298507462686565,39.55419457709611,8.60052273029642,2.144473918690898
IN.ADM2.00399,sesamum,2001,0.2508474576271186,0.19022247852049046,0.0478277245969948,2.144062451199427
IN.ADM2.00153,sesamum,2009,0.1176470588235294,0.4125934619224556,0.13699499694166198,-2.143988088960906
IN.ADM2.00034,rapeseed_mustard,1998,0.4777777777777778,1.1939022192131232,0.1567624954407335,-2.14394596314191
IN.ADM2.00485,wheat,2023,3.3708140353286526,1.9615425604520829,0.3287693635223031,2.1437364420007685
IN.ADM2.00527,jowar,2003,0.5,0.37080523771393115,0.06977790431411621,2.143673146941203
IN.ADM2.00424,sugarcane,2004,60.28846153846154,39.55264152951219,8.600390137896547,2.1436146241852017
IN.ADM2.00145,sesamum,2005,0.0444444444444444,0.34610122425186335,0.12720235617128683,-2.143536209035671
IN.ADM2.00440,rice,1997,2.5308725503009986,2.3616160182724464,0.24843596159875936,2.1435076839912743
IN.ADM2.00262,maize,2016,3.7,2.4247692221760655,0.39471489150400724,2.143461354122313
IN.ADM2.00280,jowar,2011,1.2846497764530551,0.8011976007341779,0.23830521794180878,2.143335336283395
IN.ADM2.00252,bajra,2009,1.0,0.5254000402762012,0.22174379182197884,2.1433050071178887
IN.ADM2.00383,ragi,2009,4.223300970873787,2.9102618700694896,0.631246828177789,2.1432993271921736
IN.ADM2.00418,sugarcane,2004,60.29069031032299,39.55254349608595,8.602820236831874,2.143243135178907
IN.ADM2.00573,bajra,2020,2.2276119402985075,1.0182901657694932,0.42354758595594016,2.142929561879466
IN.ADM2.00471,barley,2018,2.424778761061947,1.1869076208035416,0.5149956899211668,2.1428399327026724
IN.ADM2.00438,rapeseed_mustard,2015,0.6366019926586262,0.8826917568414621,0.17392312416724406,-2.142822548014189
IN.ADM2.00110,potato,2005,30.491869918699187,26.719288268941227,2.2306428948808463,2.1427547632953945
IN.ADM2.00395,maize,2002,0.3333333333333333,1.726586745606208,0.4152883559806241,-2.1426068672855707
IN.ADM2.00233,sugarcane,2019,3.0,25.423672358980934,9.770807464318446,-2.1425411375307863
IN.ADM2.00288,soyabean,2009,0.4,0.8544690763895773,0.21582229560442737,-2.1423701208450816
IN.ADM2.00291,soyabean,2006,1.0146341463414634,1.2620404675010886,0.07057492083526545,-2.142332562038232
IN.ADM2.00529,arhartur,1997,0.0848993608699799,0.4083995083964583,0.1391522718892953,-2.142324287096356
IN.ADM2.00424,soyabean,2002,0.1618847065017109,0.7670088455632057,0.3035964370897286,-2.1423113489823953
IN.ADM2.00444,barley,2014,1.357394366197183,2.043298629994126,0.4161405820288095,-2.142095017934542
IN.ADM2.00004,rice,2021,2.227028363097077,2.7556426765289888,0.3415231703625895,-2.1420093145572667
IN.ADM2.00075,arhartur,2017,0.914691943127962,1.3028893150345555,0.2466979617036084,-2.1418927365236264
IN.ADM2.00552,maize,2019,1.2727272727272727,1.6194595481493073,0.3445184925169188,-2.1418822700973212
IN.ADM2.00248,soyabean,2017,1.355016577771371,0.9688109685228704,0.19218923576399877,2.1417947216668716
IN.ADM2.00140,barley,2014,2.333333333333333,3.0431847012026356,0.4205938557307743,-2.1416664271665806
IN.ADM2.00066,potato,2020,11.267241379310343,7.526284695897364,1.9217100768060358,2.141662591653507
IN.ADM2.00439,wheat,2015,2.3371394373992094,2.797255417772833,0.34099573602797206,-2.1416417056287473
IN.ADM2.00141,potato,2021,13.0,21.8993195509974,6.740455602146389,-2.141443026317782
IN.ADM2.00259,rice,2015,0.8559266535690897,1.3368240200908301,0.3003389433798611,-2.1413037794929948
IN.ADM2.00480,sugarcane,2008,30.523557844333016,49.62926014562687,10.462164957968598,-2.1412575489846577
IN.ADM2.00555,potato,2022,28.986760280842528,20.393443969639364,3.3442230631276884,2.1412307220302673
IN.ADM2.00140,bajra,2017,1.626593806921676,1.7176480264700056,0.20894825475872206,-2.1411085433360046
IN.ADM2.00537,ragi,2014,1.189718482252142,0.93780345524573,0.15162459413770007,2.141037606692055
IN.ADM2.00047,arhartur,2010,0.5918367346938775,0.7287828697474598,0.06778056581226315,-2.1409607563884663
IN.ADM2.00213,groundnut,2020,2.40625,1.1619530714378734,0.36254863771590745,2.140621859950592
IN.ADM2.00252,arhartur,2022,0.3391963024778534,0.8681787473876125,0.23790392996104062,-2.1405881425565507
IN.ADM2.00145,rapeseed_mustard,2016,0.267362360561353,0.41052313309031757,0.11814170332708683,-2.1403844939178254
IN.ADM2.00172,cottonlint,2003,0.1242199583977812,0.34389368302472456,0.07341665824496993,-2.140289179342677
IN.ADM2.00544,rice,2010,0.3512733636160548,1.2932847046698626,0.4401834834003541,-2.140042451790658
IN.ADM2.00559,sesamum,2019,1.0,0.23125,0.18567332401981823,2.139810236568014
IN.ADM2.00026,sugarcane,1997,20.41304347826087,12.390786230010827,4.61984887469372,2.1398101187215204
IN.ADM2.00229,rapeseed_mustard,2020,1.05599533372219,0.5461424768481845,0.1042590207496772,2.1398051004692724
IN.ADM2.00215,soyabean,2012,1.5979996006249046,1.1097783251453952,0.24525471990927256,2.139803624257466
IN.ADM2.00545,barley,2005,0.5,1.3078631320746823,0.35948791700468113,-2.1397940701723406
IN.ADM2.00458,wheat,2018,1.913196322336398,2.217258616527432,0.2997768999095305,-2.1396204580910565
IN.ADM2.00047,sugarcane,2021,38.968917470525184,32.56502453809172,3.318901636149225,2.139602426871565
IN.ADM2.00510,wheat,2021,4.407364787111622,4.582814374738801,0.3401315559949764,-2.1395642155350165
IN.ADM2.00502,soyabean,2011,0.8309859154929577,3.189504398296549,1.2585241492338215,-2.1391929395888667
IN.ADM2.00034,wheat,1997,1.89247311827957,1.265446728616252,0.22029447403188188,2.1391462163336943
IN.ADM2.00429,bajra,2013,1.275,1.6542200637236064,0.2392101484436076,-2.139138074933363
IN.ADM2.00312,rice,2015,0.9842767295597484,1.6368801550837957,0.4182588248860224,-2.139134031725468
IN.ADM2.00426,groundnut,2014,1.559792027729636,0.994594183349429,0.2607208797172671,2.1388199820085663
IN.ADM2.00511,wheat,2021,4.452173913043478,4.612836187702087,0.3197646110651487,-2.1385447815601233
IN.ADM2.00396,arhartur,1997,1.536,0.9789973389805187,0.20627036065023868,2.138388095317862
IN.ADM2.00573,arhartur,2014,0.2421332243563547,0.9947899289854768,0.34514783468881677,-2.1383154301243907
IN.ADM2.00297,potato,2007,13.90625,10.533433003453872,1.5078243973319994,2.138300735437239
IN.ADM2.00248,rice,2017,2.2666666666666666,1.0470060222024467,0.37301601975552995,2.1382744482282727
IN.ADM2.00269,jowar,2015,0.2895104895104895,0.7419947421328789,0.24047019852464296,-2.1380821453359773
IN.ADM2.00186,sesamum,2015,0.1258510871952558,0.4743591126516325,0.20119140736821897,-2.1380519438250336
IN.ADM2.00273,rapeseed_mustard,2007,1.0,0.4204056949339968,0.2920153487771817,2.137994929226019
IN.ADM2.00289,sugarcane,1999,2.9166666666666665,2.828745886948234,0.09147824655336055,2.1379716857084405
IN.ADM2.00395,groundnut,2017,1.6116504854368932,0.7845337371899466,0.2705129714942085,2.1378871262012975
IN.ADM2.00567,groundnut,1997,2.4520471116096467,2.339549001554034,0.32587625607432386,2.1375750666204625
IN.ADM2.00185,bajra,2012,1.96875,1.0849614150170273,0.37044849859689166,2.1375742629564884
IN.ADM2.00370,rice,2003,3.0540993071593534,4.183379400116255,0.5307693132717528,-2.1375017105586007
IN.ADM2.00350,rapeseed_mustard,2007,0.6191574261594915,1.173933835203926,0.23412162304512923,-2.137480566916495
IN.ADM2.00489,arhartur,1998,1.3235294117647058,0.7141400258393996,0.3508032638509159,2.1372895586947136
IN.ADM2.00384,ragi,2017,3.837983054350072,2.360282489281444,0.4145335089343034,2.1371516392891654
IN.ADM2.00499,barley,2019,4.0,1.8285428571428572,0.34343651763995764,2.137073321880199
IN.ADM2.00008,jowar,2008,4.635432766615147,3.3132024850580852,0.8162147540916954,2.136978607739057
IN.ADM2.00540,barley,2021,0.875,1.0992049748552957,0.28511936729041837,-2.136914167002781
IN.ADM2.00412,barley,2014,1.672195670508856,1.9574361454548586,0.2434489826776483,-2.1368756236855293
IN.ADM2.00275,ragi,2008,0.4459459459459459,1.0353971060944422,0.2780018161401793,-2.1367789735438896
IN.ADM2.00166,potato,2019,17.206410256410255,7.134085761023477,3.9091850182077943,2.1367050787386983
IN.ADM2.00437,soyabean,2003,1.5890778871978517,1.1361138709283132,0.29010595190661775,2.136686770674158
IN.ADM2.00060,arhartur,2011,1.8983050847457628,1.2642471168691825,0.27410836825510093,2.1366434069230182
IN.ADM2.00506,rice,2023,1.7822847490410616,1.9286232046240541,0.4200645909739821,-2.1365640358450158
IN.ADM2.00401,arhartur,1998,0.3605943313772006,0.8150524207251731,0.14803061274981905,-2.1365463704235355
IN.ADM2.00333,bajra,2010,1.3911427491495527,0.8356348103357802,0.26003439473536216,2.1362863915717125
IN.ADM2.00336,cottonlint,2001,0.0816,0.419046697063945,0.0820032393479099,-2.1362661665934093
IN.ADM2.00575,barley,2012,1.8342420937840784,1.279416475516834,0.24403919896422738,2.1362478006868164
IN.ADM2.00211,sugarcane,2021,33.75,18.127846707283158,9.16793237078131,2.1361070641738835
IN.ADM2.00033,sugarcane,2006,25.046511627906977,12.688756394030483,4.683561827420556,2.1356147315539835
IN.ADM2.00429,potato,2013,9.83348254252462,21.188751717173567,5.545009220435242,-2.135496190747172
IN.ADM2.00008,groundnut,2012,2.1333333333333333,2.501610784906423,0.30350490363642424,-2.1354140965187187
IN.ADM2.00184,ragi,2003,1.1251067333495974,1.6577555693447947,0.2752008892003498,-2.1352153479046003
IN.ADM2.00459,sugarcane,2011,116.3941798941799,86.4002504992981,14.14080868514257,2.1351785614114105
IN.ADM2.00129,barley,2013,3.9,3.082560784422421,0.3200330676079821,2.13481655658404
IN.ADM2.00239,arhartur,2010,0.2004261027381046,0.6693347048241166,0.21942405667737364,-2.1343507369680084
IN.ADM2.00098,sugarcane,2001,50.74905660377358,48.71609260160756,6.5013182504177465,2.134164081411109
IN.ADM2.00085,rice,2004,0.3467724755006391,2.1024095282197726,0.6016985625142957,-2.134127129321213
IN.ADM2.00137,wheat,2013,5.021739130434782,4.319643915421646,0.27996699013611925,2.134095662860888
IN.ADM2.00271,arhartur,2012,0.1764705882352941,0.5743348059468494,0.1913837464702659,-2.134071563676775
IN.ADM2.00069,barley,2019,2.2222222222222223,1.2198132036157112,0.3535716078691526,2.133981239940899
IN.ADM2.00310,maize,2019,3.114538043478261,1.470013841604415,0.4068095708946624,2.1337622553577047
IN.ADM2.00117,wheat,2008,1.9428743235117256,2.4188661764917008,0.19272999092916715,-2.1333136977196236
IN.ADM2.00555,barley,2015,1.71131221719457,1.9218200386036766,0.2370201752279486,-2.1332942527180783
IN.ADM2.00480,maize,2014,2.1397439656014856,1.2657427841122273,0.3797698970526418,2.133062223607227
IN.ADM2.00506,groundnut,1997,1.7647058823529411,1.2058600418644425,0.3297745961881366,2.132633023063563
IN.ADM2.00556,bajra,1999,1.941196659421119,1.2154582745058522,0.2904124406650781,2.1325973282546506
IN.ADM2.00414,maize,2008,0.0534729878721058,1.1288493342132742,0.5041376310744056,-2.1324636133403305
IN.ADM2.00254,soyabean,2010,1.7285714285714286,0.9880081671648064,0.3472956576597331,2.1323712090066245
IN.ADM2.00170,potato,1998,21.883333333333333,11.418522097729943,3.407890087072872,2.13236609984707
IN.ADM2.00278,rice,2000,1.23712067748765,2.1970121896178685,0.3802222074385812,-2.132300102426371
IN.ADM2.00479,rice,2016,3.0820188832544195,1.5924988102014064,0.5541896100197795,2.1320744013499184
IN.ADM2.00109,groundnut,2013,3.148126380785136,1.2941869137742308,0.7686197988575301,2.132046960270369
IN.ADM2.00209,potato,2010,8.19047619047619,14.20018868849509,3.044282753393,-2.1320428075406066
IN.ADM2.00424,jowar,2006,1.5689655172413792,1.0416046201486255,0.3005275525015154,2.131911758183553
IN.ADM2.00056,maize,2014,3.4781204111600585,1.3474094303014132,0.8653735465497779,2.131879089227816
IN.ADM2.00228,sesamum,2010,0.9004329004329005,0.6176188580398531,0.12789461446130426,2.131844873649813
IN.ADM2.00045,maize,2014,2.759493670886076,0.9847863007693063,0.7493181469232749,2.1318244446411576
IN.ADM2.00564,maize,2020,3.2384615384615385,3.3640424343433293,0.3819383457841065,-2.1318149358338405
IN.ADM2.00053,potato,2017,8.852835606604451,5.953094313814338,1.0776088128245447,2.131766834108212
IN.ADM2.00230,groundnut,2009,1.5657373065609412,1.3001590040403288,0.1373712182918815,2.131590305517513
IN.ADM2.00399,maize,2019,1.6022727272727273,1.8029188099967288,0.3750552126326501,-2.1314867211998045
IN.ADM2.00384,maize,2016,2.967113276492083,4.465025683847416,1.30863876127437,-2.1312548233402264
IN.ADM2.00452,potato,2009,41.11666606242976,27.019133444394942,6.665718804499548,2.13118176483761
IN.ADM2.00425,arhartur,1997,0.3516869728209934,0.7910887261826767,0.20215471087567194,-2.131144025225807
IN.ADM2.00255,bajra,2018,0.2693979758633881,0.7471627916263572,0.26618374523962257,-2.1306900300293163
IN.ADM2.00253,sesamum,2018,0.0643274853801169,0.22909269631983642,0.06966962618157127,-2.1306424263760957
IN.ADM2.00199,ragi,2021,1.6693548387096775,0.9764507086087817,0.20261377662066068,2.1306044714182075
IN.ADM2.00253,arhartur,2016,1.1769287772745989,0.5689223937427029,0.2430372342810679,2.1305438348644308
IN.ADM2.00409,rice,2014,1.9459988600034692,2.239370842508185,0.22607793644436466,-2.1303923478581077
IN.ADM2.00176,arhartur,2016,0.9987212276214834,0.5875592126202076,0.14265989743750151,2.1303634049237243
IN.ADM2.00030,rice,2004,1.0187570230789178,1.5588181851316776,0.15259314323959045,-2.1302352711878174
IN.ADM2.00233,potato,2012,20.854186265286923,15.469367208431619,2.235907981725541,2.1302065377641672
IN.ADM2.00361,maize,2004,1.8571428571428568,1.508678996770533,0.19694354970773836,2.1298295056005667
IN.ADM2.00405,arhartur,2013,1.385904255319149,0.9000332267288039,0.22778243934838727,2.1297927838914092
IN.ADM2.00052,maize,2014,4.485436893203883,1.728403511773866,1.0304973131957085,2.129681097323109
IN.ADM2.00237,groundnut,2015,0.5,1.0728056868070426,0.3708872960123034,-2.129395851368598
IN.ADM2.00252,arhartur,2014,0.3545279383429672,0.8681787473876125,0.23790392996104062,-2.1292153026445506
IN.ADM2.00247,bajra,2011,1.5,1.0060585408029386,0.21512591910297796,2.128975552493157
IN.ADM2.00549,sesamum,2017,0.3710909090909091,0.2548094479987386,0.06058459087205326,2.1288153066587068
IN.ADM2.00349,bajra,1997,1.0,0.8407687925174676,0.22103633844112802,2.128808016391833
IN.ADM2.00489,sesamum,2007,0.582204081632653,0.3206012496988594,0.1322675629222741,2.1280904242024516
IN.ADM2.00278,groundnut,2021,2.366357308584687,1.4643998466475912,0.37561590417487484,2.1279793791128645
IN.ADM2.00068,rapeseed_mustard,2004,1.4327418014260926,0.8148522725119391,0.31225007972411034,2.127716031392707
IN.ADM2.00451,sugarcane,2011,176.16666666666666,91.46419822279003,38.75738627148184,2.1277032971389884
IN.ADM2.00267,sesamum,2017,0.3197130380536494,0.2174901942460706,0.058902811868710464,2.127658560226146
IN.ADM2.00452,groundnut,2017,2.670669745958429,1.9250330702283789,0.25511221784016125,2.1276527445706677
IN.ADM2.00334,wheat,2014,3.3470768119943086,3.5318505764423804,0.2072497993122714,-2.127435227829339
IN.ADM2.00240,rice,2022,3.3440014615391003,1.5616371809504304,0.4521795639561014,2.127197023200088
IN.ADM2.00188,rapeseed_mustard,2009,0.3054499366286438,0.23372555714296564,0.03201566839786622,2.127146882917939
IN.ADM2.00316,potato,2015,6.872019464720195,7.98662002273402,0.915869717836895,-2.1271116862422215
IN.ADM2.00173,rapeseed_mustard,2010,0.3310344827586207,0.22200697456737284,0.05125761203325141,2.1270500881024503
IN.ADM2.00555,maize,1998,0.5740042615964596,1.5336655964980153,0.34981332906944007,-2.1268917608627347
IN.ADM2.00388,rice,2002,1.70937396188808,2.182368415746085,0.1587015597373747,-2.126850754121906
IN.ADM2.00174,cottonlint,2017,0.5946530612244898,0.2995505119766166,0.08847776042238481,2.126832110196814
IN.ADM2.00252,sugarcane,2004,41.92857142857143,59.93766242995406,12.645457041995883,-2.126507111068278
IN.ADM2.00042,rapeseed_mustard,2003,0.7218190614417029,0.6461038724041,0.08444085888525081,2.1264879714981095
IN.ADM2.00387,rice,1998,2.002634660421545,2.799754260125741,0.10035859308169026,-2.1263132988859406
IN.ADM2.00298,jowar,2002,2.0,1.150302197802198,0.4079640634201725,2.126264013189824
IN.ADM2.00147,rapeseed_mustard,2016,0.2425629290617849,0.6188153353004359,0.170604462089684,-2.1261627809868218
IN.ADM2.00150,maize,2016,1.85,2.386045096460406,0.3243773527791154,-2.126145467160881
IN.ADM2.00393,soyabean,2012,1.4150943396226414,0.7351818986599785,0.3125785506623341,2.125849819252902
IN.ADM2.00510,cottonlint,2015,0.1791071428571428,0.5813968579975235,0.21639510693059036,-2.1257679435085794
IN.ADM2.00240,sesamum,2000,0.0886326194398682,0.34612025272237396,0.0681597325342231,-2.125766500285946
IN.ADM2.00087,maize,2006,1.492839951865223,3.171780427111684,0.6078349459453891,-2.125690854000016
IN.ADM2.00559,wheat,2011,4.858662317225853,4.056297800352722,0.35451351837182704,2.1254438645725404
IN.ADM2.00113,bajra,2006,1.273076923076923,2.2589319732438,0.3553637854466087,-2.1254081895081014
IN.ADM2.00417,sugarcane,2022,95.79999732294635,65.44283340524208,9.123431228247341,2.1253415996783454
IN.ADM2.00093,rapeseed_mustard,2011,0.4673366834170854,0.8139427747733091,0.16374388530673514,-2.125335601457533
IN.ADM2.00409,jowar,2014,0.6148039931823716,1.2990322002220376,0.3469802730471493,-2.1253001251235113
IN.ADM2.00492,sesamum,2004,0.2014102126691686,0.4048284766186961,0.08673740651280384,-2.1252865087837742
IN.ADM2.00512,barley,2017,5.4,3.8858608974358977,0.6265467558151138,2.125185192126856
IN.ADM2.00436,rapeseed_mustard,2014,0.6320902538389219,0.7975340622172803,0.11349625766541441,-2.1251571847278203
IN.ADM2.00418,rice,2022,1.3364779874213837,1.2916958832411463,0.31590872350245774,-2.1251324937295633
IN.ADM2.00080,potato,2021,25.41505728314239,13.004898586885378,3.5935400864531353,2.1251109833750172
IN.ADM2.00412,potato,1997,9.68601294176207,21.563231796421274,3.8992445006434533,-2.1250919689815313
IN.ADM2.00053,cottonlint,2020,0.1133333333333333,0.079097619047619,0.015245794164512562,2.124994739378228
IN.ADM2.00072,rice,2012,2.3959535594534795,1.443434208455573,0.428751288328418,2.1249933783719284
IN.ADM2.00255,jowar,2018,0.2781959213736593,0.7102499709726332,0.2550596410411668,-2.1249678951689983
IN.ADM2.00547,maize,2021,1.8553381777529347,1.1425622109099673,0.2499412733984233,2.124946843522275
IN.ADM2.00367,sesamum,2021,0.9774774774774776,0.46230137243743247,0.17912035182629485,2.124940044638529
IN.ADM2.00222,jowar,2010,2.063025210084034,1.522146744355836,0.24619818373675276,2.12470961487463
IN.ADM2.00160,barley,2007,0.686890951276102,0.858516962047237,0.07070886233944182,-2.1246242525225534
IN.ADM2.00230,wheat,2014,2.05248500428449,1.4871561484679385,0.2083422613629487,2.1244165327867854
IN.ADM2.00302,sesamum,2004,0.4285714285714285,0.6170891145571017,0.1110957698076964,-2.124324918900511
IN.ADM2.00413,maize,2001,1.2540260736196318,1.0871088347131068,0.18598524569852665,2.124315944293203
IN.ADM2.00166,rice,1998,0.0164437012263099,1.4055181057852504,0.5238736092169662,-2.1243101753494504
IN.ADM2.00420,rice,2010,2.2922109337203675,1.5672178314609622,0.3412847616439147,2.1243055176772447
IN.ADM2.00260,rice,2009,0.5,1.0285319255907492,0.27907803460127667,-2.1237775383593633
IN.ADM2.00271,wheat,2014,1.5083565459610029,1.836993463986747,0.22850327358627556,-2.123631582626805
IN.ADM2.00179,sesamum,2015,0.1947791164658634,0.5525171704545273,0.20129693685507388,-2.1235915887345302
IN.ADM2.00443,groundnut,2015,0.6753246753246753,0.8686180648208603,0.12762395463250656,-2.1233278361787136
IN.ADM2.00522,potato,2014,15.91313559322034,12.565060835694887,1.7060299391789202,2.1231726209515474
IN.ADM2.00419,potato,2022,31.700364630811304,19.05651520709611,4.789790866602477,2.123171433459721
IN.ADM2.00134,potato,2021,16.5,21.83492870914445,4.125931804601767,-2.1228909633663764
IN.ADM2.00482,rice,2011,4.326061154460844,3.2019128852212497,0.4820189913898289,2.1228577971077467
IN.ADM2.00183,arhartur,2010,1.1138205980066445,0.6341260598925514,0.22624453873264655,2.1226934638469417
IN.ADM2.00261,sesamum,2011,0.4,0.23669289250755207,0.0784449299156423,2.1225940807763557
IN.ADM2.00351,jowar,2003,0.7582457521882666,0.4537775393834681,0.20601219912175014,2.1225283854800785
IN.ADM2.00448,groundnut,1999,1.3630258041710852,0.8261500331736142,0.2933340969251183,2.122438616439801
IN.ADM2.00509,rice,2015,1.1730769230769231,1.9496214614094134,0.5065097654127895,-2.122288459680996
IN.ADM2.00147,potato,2003,13.223552894211576,9.22343092015129,2.1683633087283405,2.1222629246931835
IN.ADM2.00142,bajra,2018,1.6,1.8860716838253135,0.2832477230965302,-2.122185358861341
IN.ADM2.00251,maize,2007,3.081081081081081,1.8981227505044136,0.5811376889050004,2.122160467696811
IN.ADM2.00046,sugarcane,2003,19.6,38.06993923129307,9.185016941368936,-2.1215426460238476
IN.ADM2.00537,rice,2015,0.6681160501769059,1.5074261045662964,0.5008215491938247,-2.121529560362226
IN.ADM2.00396,sesamum,2009,0.1032608695652173,0.1932868395092645,0.04058998828326658,-2.121461840103842
IN.ADM2.00562,barley,2002,2.0,3.2623280701754385,0.49349570241269086,-2.121053377394382
IN.ADM2.00324,wheat,2021,4.3225312579739725,4.575224397606802,0.2840340040697969,-2.121052404587469
IN.ADM2.00339,barley,2010,3.7900657285279458,3.04494804715834,0.35130433257207344,2.121003393024134
IN.ADM2.00193,rice,2021,2.119881749618332,2.0209481885400433,0.07934655215731784,-2.120925890820647
IN.ADM2.00452,groundnut,2009,1.3704414587332054,1.9250330702283789,0.25511221784016125,-2.120903962936062
IN.ADM2.00101,ragi,2011,1.7352941176470589,0.9775891881577108,0.3556883111999647,2.1207230590153006
IN.ADM2.00560,sugarcane,2008,106.53753026634382,72.6698706779651,16.236394199169656,2.1206679191865945
IN.ADM2.00466,sesamum,2009,1.5827001753360608,1.0476360557667972,0.24996800180036607,2.1205845791803295
IN.ADM2.00065,barley,2014,1.0,1.268279463480573,0.20131340475034037,-2.1203454662713317
IN.ADM2.00440,potato,1997,13.19628814092482,24.56059367032754,4.291342565010351,-2.1200641038268193
IN.ADM2.00190,sesamum,2019,0.6728809346259012,0.3112678097727543,0.15148554966422179,2.1199808095431583
IN.ADM2.00004,jowar,2022,1.0139782968548832,0.7879927024934825,0.29284974858280716,2.119927914108281
IN.ADM2.00229,arhartur,2019,1.719956750077232,0.7242701905126694,0.29140430303445525,2.1197444424757856
IN.ADM2.00566,sesamum,2003,0.3772563176895306,0.6392309752334688,0.11509462204982217,-2.1195352771705016
IN.ADM2.00188,sugarcane,2003,66.5,93.25583765543581,12.432654240911045,-2.1195166405622667
IN.ADM2.00184,sugarcane,2007,97.84998323835066,116.48071786846856,9.121068218359913,-2.119420739729508
IN.ADM2.00049,rice,2009,2.0079590082963223,1.6851680354832024,0.1695116595457305,2.119339998634966
IN.ADM2.00258,ragi,2013,1.625,0.9415141796733189,0.3201952327192254,2.119171157359766
IN.ADM2.00494,jowar,2007,1.7868202416918428,0.9485283444264034,0.39209580624303325,2.119001446170483
IN.ADM2.00563,rapeseed_mustard,2010,2.0,1.292888888888889,0.3328275388362687,2.118913513167517
IN.ADM2.00489,potato,2008,11.84,6.259692515804005,2.6242828345351734,2.1188033634545667
IN.ADM2.00402,wheat,2005,0.7391577477896696,1.3387183772947648,0.21893085219419856,-2.118697665334462
IN.ADM2.00500,soyabean,2014,1.2514450867052025,1.0813029800025158,0.046088527607018634,2.1185982839065267
IN.ADM2.00494,sugarcane,1997,118.66666666666669,78.62620016546985,26.377173065737495,2.118597941064326
IN.ADM2.00132,rice,2006,3.8537474371630345,3.3635497722083625,0.2943042751210492,2.1185471454596803
IN.ADM2.00179,arhartur,2003,0.1311745334796926,0.4985525967744948,0.14389805545493833,-2.118238424471559
IN.ADM2.00479,rice,2010,0.4187216909914444,1.5924988102014064,0.5541896100197795,-2.1180063609784003
IN.ADM2.00101,rapeseed_mustard,2017,2.223024054982818,1.1518191255939911,0.2868996649462612,2.11785934239494
IN.ADM2.00383,arhartur,2016,0.6451612903225806,0.7704721028357541,0.11597050405083098,-2.117682943232136
IN.ADM2.00146,barley,2009,0.6923076923076923,1.3225614381731954,0.2817753846878323,-2.1176647177511265
IN.ADM2.00155,sesamum,2019,0.4545454545454545,0.2765300788204968,0.08003459554848087,2.1176217653761964
IN.ADM2.00036,maize,2010,1.8958798155585304,1.6463178090613966,0.11786440381026815,2.117365365872773
IN.ADM2.00429,groundnut,2015,0.6754098360655738,0.8675822211837628,0.12724434021952877,-2.1172909370564783
IN.ADM2.00141,groundnut,2008,0.796812749003984,1.0190111022774986,0.09027830404679553,-2.117225682277574
IN.ADM2.00249,rapeseed_mustard,2019,1.237410071942446,0.608122991752838,0.21049028523814678,2.117140798760067
IN.ADM2.00485,sugarcane,2015,85.1,56.12600794920421,10.067920668229847,2.117085363605736
IN.ADM2.00145,rapeseed_mustard,2005,0.0480704129993229,0.41052313309031757,0.11814170332708683,-2.1170494935605424
IN.ADM2.00424,sesamum,2010,0.269031679204914,0.14987161643448915,0.056388546898965074,2.1170427917151105
IN.ADM2.00183,maize,2017,4.448561603623249,2.686463503478446,0.7532299330343187,2.1167704684356043
IN.ADM2.00250,soyabean,2011,2.0938566552901023,1.1609415826667309,0.44063922378187564,2.116768339948833
IN.ADM2.00578,arhartur,2009,1.9720704310868244,1.130203776533859,0.3985655755766754,2.116075448057999
IN.ADM2.00338,sesamum,2010,0.4669824967452625,0.21932258778901628,0.11719164541740557,2.11596749133974
IN.ADM2.00431,rapeseed_mustard,2015,0.50314993700126,0.6317556878325805,0.11651681377971207,-2.1159356312250983
IN.ADM2.00337,rapeseed_mustard,1997,0.5690045248868778,1.5176336826786971,0.19540181089082923,-2.1158884159914946
IN.ADM2.00205,potato,2013,10.482479784366577,14.818075734453302,2.7076847391281755,-2.115864979108909
IN.ADM2.00398,groundnut,2015,0.6750555144337528,0.868800888380823,0.12764723262514438,-2.115852039485193
IN.ADM2.00168,potato,2021,17.516541353383456,9.436279227945883,2.850103466573727,2.115837765937611
IN.ADM2.00211,sugarcane,2013,36.39097744360903,18.127846707283158,9.16793237078131,2.115755224121051
IN.ADM2.00445,arhartur,2008,0.4703485740153916,0.8042096303798264,0.14685657168240382,-2.1157437792513334
IN.ADM2.00266,sesamum,2006,1.0,0.4242285086183594,0.25769451860221243,2.1156749381014746
IN.ADM2.00277,wheat,2015,0.6973365617433414,1.1657367873237905,0.2443141634376659,-2.1153617381824033
IN.ADM2.00046,rapeseed_mustard,2013,0.1629464285714285,0.43506410048105904,0.12205202669078691,-2.115322337091485
IN.ADM2.00270,soyabean,2014,0.2993499828942867,1.1618098201274547,0.3873567721683979,-2.115123404444549
IN.ADM2.00460,barley,2008,1.965804066543438,1.2927127047510192,0.30238135454622916,2.115049431097788
IN.ADM2.00052,cottonlint,2016,0.0566666666666666,0.07126138040741997,0.006508414016304805,-2.115010535700594
IN.ADM2.00233,groundnut,2018,0.5647425897035881,1.058450020773708,0.37854246061457547,-2.1147717417474707
IN.ADM2.00093,rice,2015,0.5414067976984266,1.6033312817594414,0.652175670113126,-2.114559709210726
IN.ADM2.00416,barley,2014,1.3575798776342625,2.037785545610973,0.4160606726467612,-2.1145538848904875
IN.ADM2.00396,bajra,2016,0.7363420427553444,1.5167392844505518,0.44485223876043706,-2.1145495538975756
IN.ADM2.00141,barley,2000,2.0104992739863734,3.449555259216034,0.4477299253267146,-2.114543910079549
IN.ADM2.00278,ragi,2002,0.40625,0.7855220395603487,0.15943933636111993,-2.114446299717502
IN.ADM2.00547,rice,2015,0.8666666666666667,1.4279743159311546,0.328455579429025,-2.1140526359276075
IN.ADM2.00542,potato,2014,6.416666666666667,9.892275645787683,1.7775324326435362,-2.1139502183770915
IN.ADM2.00497,groundnut,2016,0.8672566371681416,0.6986218561406441,0.07291561538631788,2.1138422318594468
IN.ADM2.00565,sesamum,2013,0.3333333333333333,0.5653923723335488,0.1571668580029435,-2.113839041471562
IN.ADM2.00091,wheat,2010,0.6431718061674009,1.3811875120703399,0.3299486549151145,-2.113784629820707
IN.ADM2.00405,barley,2014,2.575062972292192,3.0290467994619643,0.2939726949901476,-2.1135328020587263
IN.ADM2.00139,potato,2021,0.0,18.27126214365345,9.9642130908611,-2.113485986156191
IN.ADM2.00005,sesamum,2014,0.5706754382012347,0.3520681255477802,0.08230470479742925,2.1134795218142375
IN.ADM2.00093,arhartur,2006,0.79379642655684,1.504252403220647,0.4232445289891076,-2.113270899131029
IN.ADM2.00378,sesamum,2001,0.952214554031624,0.7289620344186154,0.10805072344639594,2.1130705021568903
IN.ADM2.00224,wheat,2000,0.8232118758434548,2.2324944028482205,0.3727015646918024,-2.112851149598277
IN.ADM2.00572,potato,2008,11.973850812001102,20.704418341598284,3.659030086715736,-2.1127611822341996
IN.ADM2.00200,rice,2021,2.4268679836245566,2.7929682987301185,0.31162935687763627,-2.11265909666495
IN.ADM2.00421,sesamum,2013,0.0348008385744234,0.15206887714381875,0.05579624239450298,-2.112529828090129
IN.ADM2.00303,arhartur,2006,1.1954022988505748,0.9038531146837718,0.13502746231896334,2.112528396936732
IN.ADM2.00209,barley,2019,2.5,1.4166666666666667,0.49915544847412674,2.1123714849132704
IN.ADM2.00561,rapeseed_mustard,2001,2.0,1.3359375,0.34308004397106406,2.112348704114136
IN.ADM2.00543,wheat,2005,0.936001418251119,1.5469527703306827,0.26652951225463567,-2.1121631236086844
IN.ADM2.00555,rice,2009,1.8452519587106175,2.641809171553927,0.36315036346859336,-2.1119791683034195
IN.ADM2.00258,rice,2014,0.4918032786885246,1.0430026833937407,0.311458143481048,-2.1119024051113158
IN.ADM2.00180,potato,2007,4.224489795918367,12.419765439211114,4.296450405220787,-2.111790673111329
IN.ADM2.00005,cottonlint,2007,0.4128571428571428,0.2683026752523049,0.0701241271790407,2.1117319763923343
IN.ADM2.00207,wheat,2018,3.250458892860593,1.971418859106718,0.3163765222869864,2.1117206187001227
IN.ADM2.00298,arhartur,2006,1.2272727272727273,0.9191783211748982,0.14025919232297668,2.1116530007424124
IN.ADM2.00008,arhartur,2013,0.9841037037037036,0.5749988389891711,0.1933929481969639,2.111610400272844
IN.ADM2.00083,rice,2011,2.2779126030659773,1.1464441580198392,0.5226146937301245,2.1114997501040933
IN.ADM2.00018,maize,2009,3.371033436268768,4.682543622868372,0.5667690382581453,-2.1111983051634375
IN.ADM2.00111,rice,1998,1.1675603217158177,1.2904135032401487,0.17289693644532125,2.1111914326373293
IN.ADM2.00333,bajra,2003,1.1935829640465148,0.8356348103357802,0.26003439473536216,2.1111686884076213
IN.ADM2.00451,wheat,2019,1.851963746223565,2.205963745583752,0.2677988705400629,-2.11109714312319
IN.ADM2.00210,wheat,2018,1.6777568871086406,1.102996862517985,0.15772093361154085,2.11081172810258
IN.ADM2.00422,jowar,2018,2.352081632653061,1.3595417484037517,0.3611231213940038,2.1107518480690115
IN.ADM2.00192,sugarcane,2020,12.025,83.44157137374896,31.56241017099557,-2.110746807020181
IN.ADM2.00232,maize,2013,0.7933271547729379,1.6664632888531767,0.402992893076016,-2.110650616233845
IN.ADM2.00349,groundnut,1998,1.3954141319606923,1.5172525479975296,0.2780993480479157,2.1106158511247948
IN.ADM2.00417,wheat,2020,3.9770396587712136,2.84251501038209,0.3150497862757975,2.1102936780426713
IN.ADM2.00302,barley,2011,1.6666666666666667,1.2710488473464252,0.19099676557330206,2.110194675945477
IN.ADM2.00220,sugarcane,2015,50.0,31.308648296534862,11.388969614428921,2.1101404781870614
IN.ADM2.00210,bajra,2022,1.0,0.5574290013737327,0.1668743660321512,2.109713413434739
IN.ADM2.00559,arhartur,2003,0.0,1.1956496944760195,0.5780935319271989,-2.109659107395203
IN.ADM2.00114,wheat,2012,2.4375,3.2451381639295778,0.4396886291486454,-2.1096375613308367
IN.ADM2.00453,sugarcane,2009,99.36850152905198,74.42579580969515,12.165462287943237,2.1094619407205424
IN.ADM2.00137,arhartur,2001,0.0,0.833779776510875,0.2673670083945219,-2.109420001818469
IN.ADM2.00043,potato,2022,9.751156336725254,6.92588650398839,0.9501603900210246,2.109129117830909
IN.ADM2.00216,sesamum,2021,0.0,0.4108989461403826,0.22580773417462005,-2.1090664799948904
IN.ADM2.00229,soyabean,2014,1.1714285714285717,0.7248196355107889,0.16266294200353731,2.108993269199915
IN.ADM2.00239,potato,2013,12.472154963680389,16.786631214750336,3.028484979743276,-2.1089865877975957
IN.ADM2.00391,soyabean,2003,1.4864864864864864,1.0151976608209967,0.28562150618225113,2.1087638145825194
IN.ADM2.00273,ragi,2021,1.6952995384534593,1.3121400905913083,0.10544794111401401,2.1084756888396234
IN.ADM2.00303,arhartur,2007,1.1935483870967742,0.9038531146837718,0.13502746231896334,2.108379644569773
IN.ADM2.00562,barley,1999,4.0,3.2623280701754385,0.49349570241269086,2.1082770156343833
IN.ADM2.00429,maize,2023,2.6080565951112287,1.5118354240547351,0.2954804514932638,2.108121628622593
IN.ADM2.00267,jowar,2015,0.3721973094170404,0.9456976815345014,0.22399482104826582,-2.1080772560606165
IN.ADM2.00443,rapeseed_mustard,2003,0.5629711751662971,1.0354539457664274,0.18298815902980756,-2.108071593092097
IN.ADM2.00176,wheat,2002,0.1666666666666666,0.9844898739689357,0.3153258682732267,-2.1079958461168227
IN.ADM2.00471,rice,2018,1.462977587244284,2.2831222001077016,0.6350396931425414,-2.107913184311049
IN.ADM2.00575,rice,2010,2.345464593037025,2.7759990228952054,0.20425611940593455,-2.1078165545806162
IN.ADM2.00097,arhartur,2012,2.1307531380753137,1.286213950217514,0.3705748829095658,2.1077305117404523
IN.ADM2.00058,rice,2006,1.0180168146460282,1.726261073023971,0.24778173068095113,-2.10755916582405
IN.ADM2.00179,bajra,2017,1.327038231229848,0.6854778582644065,0.2586265902540678,2.1075438202135985
IN.ADM2.00211,barley,2016,3.111111111111111,1.561114853391903,0.6096768226835265,2.1074105137374115
IN.ADM2.00004,sugarcane,2003,71.33480176211454,90.9063139844867,8.352050285613497,-2.107291135308167
IN.ADM2.00189,rice,2002,1.2025701449914676,1.8865100991644073,0.22923866610241225,-2.107275048213968
IN.ADM2.00142,rice,2006,2.6228541958299565,2.3806570673756733,0.1913366858162243,2.1071639336100025
IN.ADM2.00498,arhartur,2010,0.6756756756756757,1.025009078424834,0.1593380617091525,-2.107043864393825
IN.ADM2.00149,barley,2016,1.0143381127042348,1.51225331634911,0.3098929429447646,-2.1067622939315274
IN.ADM2.00303,maize,1997,1.0,1.7928409396004612,0.26064840710581477,-2.1066882333503916
IN.ADM2.00409,maize,2022,2.850785340314136,1.6605606292670572,0.4642931453962849,2.1065910975699498
IN.ADM2.00081,barley,2014,1.108910891089109,1.3511366745116609,0.1646497710333367,-2.1062709335566883
IN.ADM2.00392,maize,2008,0.9949595437060618,1.6024830465320765,0.25561848714714946,-2.1061991404203684
IN.ADM2.00272,rice,2019,1.975986087097198,2.5132303909063163,0.27783371205871943,-2.1061279791742322
IN.ADM2.00010,soyabean,2005,2.0,1.3288385943917764,0.31873370270808393,2.1060773552429315
IN.ADM2.00466,cottonlint,2004,0.7670263488080302,0.48346618197592706,0.1744112995065719,2.106033269983479
IN.ADM2.00018,wheat,2023,1.4195092863782248,1.2582740123714142,0.3341127925506729,-2.106016940645009
IN.ADM2.00517,potato,2016,13.482417582417584,8.428522014941198,1.948291866217513,2.1060120734374754
IN.ADM2.00164,barley,2021,1.859779780293028,1.0409883977859744,0.23640523624984697,2.1059840673092802
IN.ADM2.00442,jowar,2022,1.5927272727272728,0.9579374280157671,0.17837569892377508,2.1058477813265646
IN.ADM2.00569,groundnut,2014,1.054054054054054,1.2931753337803593,0.1204062286395606,-2.10578520510602
IN.ADM2.00158,rice,1997,0.01953125,2.121345636923773,0.5920932259182363,-2.1057728201754977
IN.ADM2.00011,sugarcane,2019,61.54072981938813,84.99415835314413,13.279865859610881,-2.1056553033998537
IN.ADM2.00213,sesamum,2013,0.2352452202826267,0.39120144295069653,0.10447186545325841,-2.1052807018467843
IN.ADM2.00219,arhartur,2010,0.3578509753757595,0.6218208616733198,0.12872750441386308,-2.1051375964970584
IN.ADM2.00132,arhartur,2005,1.5873015873015872,1.0726292333266603,0.25181831747798417,2.105117045540357
IN.ADM2.00297,rice,2009,1.5224286361576802,2.105640665445118,0.2557561291616878,-2.1050797319553882
IN.ADM2.00185,bajra,2019,2.278453038674033,1.0849614150170273,0.37044849859689166,2.10506531345031
IN.ADM2.00397,rice,2020,3.1277353051760874,2.209620093101541,0.2828881636360137,2.1048862563977755
IN.ADM2.00328,maize,2013,6.666666666666667,3.9953928110161447,1.1742758198221894,2.10477550917597
IN.ADM2.00533,rice,2014,4.766649093757657,3.3100790725216376,0.6485928680342745,2.1047279379981205
IN.ADM2.00192,sugarcane,2022,11.260000000000002,83.44157137374896,31.56241017099557,-2.104591922914715
IN.ADM2.00110,rapeseed_mustard,2015,1.4335223986962085,1.5391996105245869,0.1454773474604792,-2.1045422118514474
IN.ADM2.00176,maize,2005,3.8893698893698896,2.7421274011691157,0.579094437205343,2.1045127360312113
IN.ADM2.00228,wheat,2013,2.125350162604244,3.154819133377593,0.5821634132060035,-2.104332468560231
IN.ADM2.00242,soyabean,2016,1.4173228346456692,0.924156001645049,0.246730878657112,2.104308512386057
IN.ADM2.00420,jowar,2021,2.282849604221636,0.9517059493282024,0.3951682911810305,2.1042595261473536
IN.ADM2.00181,rice,2003,1.7122151114258974,2.516081471018312,0.34972957996782433,-2.1039126511927475
IN.ADM2.00494,wheat,2002,1.9980777844132576,3.348394399927032,0.33256473098793526,-2.1036493968292276
IN.ADM2.00261,sugarcane,2016,37.22458916615946,66.76382778768775,12.213305041095222,-2.1036130521924905
IN.ADM2.00336,barley,2008,3.0535714285714284,2.831526451721259,0.1873013247024863,2.1033280273421138
IN.ADM2.00299,rice,2009,1.3070175438596492,1.7843531540256488,0.20946639032206874,-2.103240155469525
IN.ADM2.00271,groundnut,2015,1.51953125,1.159818446830083,0.17155465307205017,2.103079859297046
IN.ADM2.00100,rice,2018,0.7090375612650828,1.4112299453869885,0.44410497241962954,-2.103006805486606
IN.ADM2.00552,wheat,2018,4.87536053328329,3.590291436401005,0.32467420665619046,2.102916013395372
IN.ADM2.00442,jowar,1997,1.0522914218566393,0.9579374280157671,0.17837569892377508,2.1029111713937123
IN.ADM2.00300,soyabean,2005,1.6888888888888889,1.2938032574034475,0.16603086722764873,2.1028981079111335
IN.ADM2.00192,sugarcane,2021,11.795005988023952,83.44157137374896,31.56241017099557,-2.1028374783276855
IN.ADM2.00301,maize,1997,1.0,1.7856098613528044,0.2429498911884035,-2.1028248522779176
IN.ADM2.00233,wheat,1999,2.1421238650697507,2.263881189156131,0.415555347225096,2.102823609765614
IN.ADM2.00180,soyabean,2009,0.1037837837837837,0.8894159251603001,0.36106572582152924,-2.1026869351719104
IN.ADM2.00156,rice,1997,0.0267690593279875,2.2026749731071504,0.6674085722783895,-2.1024890183210307
IN.ADM2.00089,rice,2004,0.5687796690183325,2.2149710744518916,0.6045314278076573,-2.1024605771220752
IN.ADM2.00219,groundnut,2014,1.0,1.5644721929251484,0.33770120577621787,-2.102362418007662
IN.ADM2.00558,wheat,2012,2.45,2.082991434528302,0.16100533452808613,2.102306998821317
IN.ADM2.00184,rice,2016,2.6034628861965508,3.189359710464289,0.29128998310443577,-2.102278625135831
IN.ADM2.00216,groundnut,2015,1.0,1.319489342199572,0.3251978727924577,-2.102091715925211
IN.ADM2.00457,rapeseed_mustard,2003,0.9356601445443328,0.838503953760086,0.08704238091163274,2.1020015526279505
IN.ADM2.00430,sugarcane,2011,64.74794679061922,73.30149108393772,4.955008387132608,-2.1019873731972107
IN.ADM2.00377,groundnut,2004,2.2331822934820496,1.2241355981005813,0.4872614362542613,2.1014426522961647
IN.ADM2.00363,barley,2023,1.11,1.1352700345939704,0.14341295180562058,2.101300666820538
IN.ADM2.00039,rice,1997,1.0635014205918163,1.9778359515605526,0.3097858071681946,-2.101186292216046
IN.ADM2.00001,maize,2014,3.5885885885885886,2.2587535597783863,0.626667729189968,2.1011644949109023
IN.ADM2.00408,bajra,2019,2.457373056023984,1.577765299865723,0.2763073564620712,2.101085097305355
IN.ADM2.00090,maize,2023,4.04224861173596,2.456963961163232,0.7676626820627453,2.1009082591556423
IN.ADM2.00374,groundnut,2015,3.0643670191252093,2.1087544878154008,0.31901493147050075,2.100801763581451
IN.ADM2.00011,maize,2020,8.466912366912366,4.929216228765892,0.9658412209385734,2.1007796521593223
IN.ADM2.00443,wheat,2014,2.5270019313623533,3.0735359510625666,0.41889676180561825,-2.100737639946311
IN.ADM2.00193,sesamum,1998,1.2857142857142858,0.4271378861403717,0.2580618455112364,2.100654989093455
IN.ADM2.00261,sugarcane,2009,93.06043956043956,66.76382778768775,12.213305041095222,2.100612124671871
IN.ADM2.00172,ragi,2000,1.36215978928885,0.9094127606992864,0.32537439025999865,2.100611691363438
IN.ADM2.00170,arhartur,2016,0.9987819732034104,0.605230703112375,0.14784429775584898,2.1003584542496445
IN.ADM2.00300,maize,2021,1.5649008285212151,1.7738632886478445,0.21407310515706615,-2.100322261206609
IN.ADM2.00344,rice,2007,1.3091242702251875,0.7682114735184181,0.29501144775711413,2.1002601752845766
IN.ADM2.00032,wheat,2012,1.4290060851926978,1.5898123835795464,0.09160191498208044,-2.1002595926990777
IN.ADM2.00130,wheat,2011,4.8339630223496926,4.096966538903784,0.33481221280466505,2.100136288098555
IN.ADM2.00365,groundnut,2009,1.3891472868217054,2.3290099010176095,0.42566280746345364,-2.099998636614501
IN.ADM2.00220,barley,2011,3.65491452991453,2.5155149196366704,0.5577551032163364,2.0999748464542427
IN.ADM2.00462,arhartur,2018,2.957983193277311,1.3927977116203887,0.5315391052001057,2.0996522720537807
IN.ADM2.00268,soyabean,2003,2.247191011235955,1.5271237590051836,0.337228370444203,2.099617113399792
IN.ADM2.00175,wheat,1997,0.4788980263157895,1.0520682103269177,0.16447939130652256,-2.0995070636357918
IN.ADM2.00111,bajra,1997,1.5155555555555555,1.772893879526454,0.20237325402682246,2.0993576106135903
IN.ADM2.00441,sesamum,2009,0.104602510460251,0.19719553372669996,0.04258989066097892,-2.099058919087612
IN.ADM2.00061,sugarcane,2014,112.84848484848484,55.518507116295226,22.88950723033658,2.098939290281582
IN.ADM2.00182,groundnut,2000,1.0,0.7793220908788864,0.19184512248275842,2.0988504666307564
IN.ADM2.00438,sugarcane,2018,38.40166493236213,52.125753928005146,11.002954859103797,-2.0987327822732222
IN.ADM2.00207,arhartur,2017,1.1819148936170212,0.7253647095630295,0.19754428303030747,2.0986071170470795
IN.ADM2.00249,soyabean,2012,1.4402533898990832,0.7891909503320603,0.27981310485863264,2.0985497473191614
IN.ADM2.00085,sesamum,2002,0.823170731707317,0.7788322074931294,0.07261361434273453,2.0984318038159615
IN.ADM2.00237,barley,2019,2.4107142857142856,1.5641618265840787,0.3074503249982649,2.098418341159405
IN.ADM2.00250,groundnut,2015,0.4912280701754385,1.0897082123506268,0.22886373237408283,-2.0980520759428654
IN.ADM2.00525,maize,2019,2.91829268292683,1.2244355759447865,0.431153749238243,2.0980369943186106
IN.ADM2.00569,maize,2023,2.190791875774085,1.280785148415014,0.16195820267814745,2.0979952155736235
IN.ADM2.00370,cottonlint,2001,0.0425,0.2795555555555555,0.10440077213354725,-2.0979902939376496
IN.ADM2.00473,potato,2018,25.32135154565061,14.041796952121805,3.2412102827986993,2.097797298425938
IN.ADM2.00120,jowar,1999,1.25,1.0899645209702795,0.22398854825414152,2.0975745895521474
IN.ADM2.00459,potato,2008,12.371277949463732,24.911338319666932,5.57071355603212,-2.0974602608497626
IN.ADM2.00054,sesamum,2016,0.6646848989298454,0.48755963488204596,0.07108523314195911,2.09734249501204
IN.ADM2.00366,arhartur,2016,0.3608768971332209,0.9188641635426179,0.3618454355861345,-2.0973130065738594
IN.ADM2.00526,potato,2009,14.9,7.331251731980497,2.863835409975587,2.09727358624851
IN.ADM2.00489,barley,2001,2.571753986332574,2.802369600488722,0.1826677156804849,2.097225847844032
IN.ADM2.00396,jowar,2018,0.6621923937360179,0.9650030470273214,0.2671279557105993,-2.0970998963777756
IN.ADM2.00543,wheat,2017,2.150035219535102,1.5469527703306827,0.26652951225463567,2.097046226250022
IN.ADM2.00452,rapeseed_mustard,2012,1.1676890679362757,0.9308480820827782,0.09843813016145693,2.0969241588108996
IN.ADM2.00243,groundnut,2015,1.0736842105263158,1.484105095441696,0.2960266861560866,-2.0968943887966103
IN.ADM2.00452,soyabean,2007,0.9166666666666666,0.7626843711843712,0.07221806683365718,2.0968123487200647
IN.ADM2.00262,maize,2021,2.38396927977697,2.4247692221760655,0.39471489150400724,-2.0967543253588983
IN.ADM2.00266,maize,2018,0.3577981651376147,1.6792887963167529,0.6635327409157334,-2.0966117812524807
IN.ADM2.00351,wheat,2001,2.716558770766711,2.211653568310855,0.3019367278081142,2.096439278968606
IN.ADM2.00186,sugarcane,2002,66.53086419753086,86.95626899417266,9.076596433325435,-2.0962998355087468
IN.ADM2.00184,jowar,2006,1.7565217391304349,1.099504222269646,0.33512475567037153,2.09625192329404
IN.ADM2.00008,rice,2021,3.06451275008438,3.4189199422817733,0.3234131604544814,-2.0962217521219944
IN.ADM2.00405,sugarcane,1997,57.899988543934015,59.450336903625846,6.623729742378812,2.0960768302271067
IN.ADM2.00457,sesamum,1999,0.4441319505478409,0.8885557784631211,0.1683651136311132,-2.096076189035032
IN.ADM2.00408,sugarcane,1999,44.148143517939744,58.9064703138068,3.6499511259273376,-2.0960731267463935
IN.ADM2.00232,rice,2013,0.8636059088153655,1.4478789192228945,0.3930110423314333,-2.0958994012200884
IN.ADM2.00451,groundnut,2011,1.88715953307393,1.4223244820917398,0.18890307144988946,2.0958644382512
IN.ADM2.00100,potato,2008,6.554954511925252,10.089209545933707,1.5979502812490598,-2.0957979546020318
IN.ADM2.00494,jowar,2002,0.1467370803470388,0.9485283444264034,0.39209580624303325,-2.0954881327336072
IN.ADM2.00071,ragi,2019,1.0916666666666666,0.7524481448811255,0.18022723649796574,2.095373954298357
IN.ADM2.00297,sesamum,2009,0.488,0.6696910173781582,0.09526068429655,-2.0951931807540696
IN.ADM2.00013,sugarcane,2012,69.0,92.77943487448192,12.680482284335467,-2.095113105651638
IN.ADM2.00233,jowar,2013,0.5019581515049792,1.0557801563860953,0.29584241316840487,-2.095062307508335
IN.ADM2.00227,potato,2011,9.809290953545233,15.534347735208371,3.480643262055899,-2.0950112894353845
IN.ADM2.00180,maize,2015,1.376424798443147,2.587684373526812,0.6352478816231666,-2.0949037393724708
IN.ADM2.00377,jowar,2022,0.2881725114354171,1.0945249620094943,0.5228701171173626,-2.0948855594255704
IN.ADM2.00316,arhartur,1997,0.1792260692464358,0.4974794290514807,0.08346516679376766,-2.094881372644235
IN.ADM2.00479,arhartur,2007,0.403954802259887,1.48402921756212,0.4747031922431387,-2.0947930303851754
IN.ADM2.00512,wheat,2011,5.472573839662447,4.708946994046876,0.35505376966278906,2.094757460711418
IN.ADM2.00013,bajra,2019,2.280038100421826,1.2020092983001487,0.3269539159030794,2.0947262826373265
IN.ADM2.00537,ragi,2009,0.6608084358523726,0.93780345524573,0.15162459413770007,-2.094675302740815
IN.ADM2.00241,arhartur,2016,1.0909090909090908,0.5783070358685328,0.19731921377947673,2.0945551823151862
IN.ADM2.00268,ragi,2010,0.4472727272727272,0.8142678479539067,0.17526822753019447,-2.093905586042153
IN.ADM2.00506,ragi,2023,1.0653487199839344,0.7289791975869214,0.08185253316813264,2.0938624233271126
IN.ADM2.00053,rice,2013,2.7575764301170724,2.01461799119345,0.28159089922476815,2.0938279943284317
IN.ADM2.00457,groundnut,2022,2.9703115097742896,1.910396657256165,0.2562954799031022,2.0936495988374872
IN.ADM2.00114,sugarcane,2005,93.33333333333331,71.01745864586243,10.639944388057605,2.0935116255463426
IN.ADM2.00455,maize,2023,4.479064548490778,2.7351798077001175,0.764987742305303,2.0933266506320396
IN.ADM2.00182,groundnut,2006,0.3,0.7793220908788864,0.19184512248275842,-2.093191471141622
IN.ADM2.00511,cottonlint,2021,0.2150483558994197,0.539510407207304,0.1925886849045571,-2.0931277388919014
IN.ADM2.00172,sugarcane,2016,65.54999969421017,87.74500947349702,12.012627098472986,-2.0930919038936238
IN.ADM2.00501,rice,2023,3.067622263878188,2.8410285592138678,0.2288421555796542,-2.0927958104189583
IN.ADM2.00431,groundnut,2016,0.3141052631578947,1.2706984723276533,0.46874059726020373,-2.0927039237115657
IN.ADM2.00312,sesamum,1999,0.3563829787234042,0.3253228087695013,0.07279574346433143,2.0925913978152697
IN.ADM2.00317,rice,2002,1.1051518356247167,2.0769905024611637,0.39415756786150197,-2.092497313852249
IN.ADM2.00396,bajra,2012,0.6393129770992366,1.5167392844505518,0.44485223876043706,-2.0924879020213574
IN.ADM2.00416,rice,2014,1.9650013358268767,2.2580084802962923,0.20649545755174298,-2.0924304189234832
IN.ADM2.00453,barley,2004,1.6307692307692307,1.3195714970832042,0.2122510423281766,2.092297628294319
IN.ADM2.00109,jowar,2005,1.1538461538461535,0.834501208592367,0.23774781585305513,2.0922791442907185
IN.ADM2.00032,rice,2013,1.0526946107784432,1.4371638587583773,0.22324135623291808,-2.0922314272133278
IN.ADM2.00365,groundnut,2008,1.3005649717514125,2.3290099010176095,0.42566280746345364,-2.0921044006108303
IN.ADM2.00251,arhartur,2021,1.5716664031705954,0.8911424655489101,0.3092212502534999,2.0920655603259783
IN.ADM2.00221,barley,2011,3.329896907216495,2.0447931212061983,0.5320512609245457,2.092017099034746
IN.ADM2.00240,rapeseed_mustard,2018,0.568445475638051,0.789956333031628,0.1644999150035536,-2.092007953244467
IN.ADM2.00397,jowar,2023,1.5997020786783127,0.9519417901389252,0.16928589578504408,2.091932205942387
IN.ADM2.00482,rapeseed_mustard,2009,1.4540763673890609,1.0015692811436974,0.22245863034880234,2.0916928359059757
IN.ADM2.00143,bajra,2011,3.3444816053511706,1.8650855926441283,0.6617209377920005,2.091619811423968
IN.ADM2.00033,rice,1999,1.0085917071348525,0.9983524489638945,0.2398853788357023,2.09160979053121
IN.ADM2.00120,sugarcane,2011,55.0,72.70573028951843,8.730410478317589,-2.091447756051709
IN.ADM2.00120,potato,2011,13.0,23.565925925925924,2.815695921658791,-2.0910654722897397
IN.ADM2.00058,sesamum,2013,0.656,0.6974056456779506,0.03364739115230382,-2.091065114863621
IN.ADM2.00440,bajra,2012,0.4450200534759358,1.067857432041824,0.30941836213013696,-2.0910511693816334
IN.ADM2.00141,sugarcane,2021,0.0,58.24937287481309,31.338930903394076,-2.091040951179085
IN.ADM2.00564,wheat,2013,4.533783783783784,3.851346023043444,0.2755925938056631,2.091016948987592
IN.ADM2.00132,rice,1999,2.3815801036997977,3.3635497722083625,0.2943042751210492,-2.0910167598021743
IN.ADM2.00517,arhartur,1997,0.189219539584503,0.5126299012189539,0.09229914574414355,-2.0908577799464263
IN.ADM2.00221,sesamum,2010,0.8599348534201955,0.5852128368995829,0.12159407698092072,2.09080204432404
IN.ADM2.00464,maize,2022,6.34452296819788,3.2609773268954645,1.0499835587087114,2.0907658440925925
IN.ADM2.00271,groundnut,1998,1.521072796934866,1.159818446830083,0.17155465307205017,2.09065476070243
IN.ADM2.00393,wheat,2018,3.677485956143596,2.8164710204655994,0.2158483424943445,2.090573303270655
IN.ADM2.00444,wheat,2015,2.4850018406937786,2.866795743821998,0.32068312010482825,-2.090469947211142
IN.ADM2.00260,groundnut,2000,0.5575221238938053,1.0911623242592214,0.21806755044778584,-2.090258899115253
IN.ADM2.00520,maize,2014,3.5,1.672788871073817,0.5902844601860261,2.090068675611621
IN.ADM2.00391,rice,2000,1.3575778768540374,1.2437449510568521,0.10874038664461494,2.090038207062916
IN.ADM2.00575,wheat,2019,3.966568103777184,2.8250722386518428,0.27862523933297106,2.0900192353047635
IN.ADM2.00228,maize,2015,3.333333333333333,2.092569210346889,0.555318549363076,2.089974797846582
IN.ADM2.00509,ragi,2015,0.51434350060129,0.6685706112378149,0.08720405584334898,-2.089927358987053
IN.ADM2.00245,arhartur,1997,1.009090909090909,0.5919667422863015,0.16183715524565276,2.0896598735728062
IN.ADM2.00349,barley,2001,2.572519083969466,2.802732442961984,0.18325604175600407,2.0895110056795114
IN.ADM2.00460,groundnut,2017,2.945945945945946,1.3524341420985195,0.5555198429166643,2.0893712539234266
IN.ADM2.00068,bajra,2023,0.7008333333333333,0.7078418990977718,0.032729042479408506,-2.0892412760990937
IN.ADM2.00179,wheat,2003,0.1353385919549635,0.6332819423205701,0.20173548782214468,-2.089199748209377
IN.ADM2.00528,sugarcane,1999,88.3103448275862,54.919046817036545,15.88070168338178,2.089193018830656
IN.ADM2.00412,rapeseed_mustard,2019,0.3321167883211678,0.9931730168114311,0.3362697042024652,-2.089145052902094
IN.ADM2.00377,groundnut,2014,2.254264563887995,1.2241355981005813,0.4872614362542613,2.089091541996925
IN.ADM2.00521,rice,1999,0.3644100958716494,1.846138303884814,0.4395733553470711,-2.089014163365154
IN.ADM2.00455,rice,2009,2.3353768035172457,1.9925333018859206,0.18676039454872334,2.088974476219243
IN.ADM2.00097,barley,2014,1.1,1.3507394751027348,0.16973708398096898,-2.0888895681050745
IN.ADM2.00142,rapeseed_mustard,2014,1.0,1.3833362381326377,0.24914626434665674,-2.088833414456233
IN.ADM2.00267,sugarcane,2018,32.0,64.17943953644799,14.19324207191651,-2.0886067550177567
IN.ADM2.00499,wheat,1997,3.3157894736842106,4.585081051616038,0.39304874445340426,-2.0883948847823075
IN.ADM2.00280,wheat,2007,1.8026315789473684,1.207356445998609,0.30344024908874706,2.088141925590374
IN.ADM2.00431,rice,2004,1.1030027237095597,2.251170689727909,0.40428963745948227,-2.0881101146335665
IN.ADM2.00574,soyabean,2002,0.1621621621621621,0.7713910180006006,0.2870538037367183,-2.0877754044445536
IN.ADM2.00488,barley,2001,2.571428571428572,2.802133643059111,0.18319690946355913,2.0877190778888846
IN.ADM2.00240,jowar,2012,1.7767332549941246,1.09272734088788,0.2781724464183987,2.087659479787175
IN.ADM2.00114,jowar,2002,0.3870967741935484,0.9876229536730111,0.23836387954173247,-2.0875903908345603
IN.ADM2.00520,sesamum,2012,0.5253521126760563,0.35182506483591813,0.08491473512474235,2.0875448750218464
IN.ADM2.00008,groundnut,2007,1.588235294117647,2.501610784906423,0.30350490363642424,-2.087426875755675
IN.ADM2.00303,rapeseed_mustard,2002,1.119205298013245,0.9175721231325206,0.13529809320166183,2.087309908654154
IN.ADM2.00250,bajra,2015,0.2491803278688524,0.7194305651178768,0.2673402198826552,-2.0871147326329558
IN.ADM2.00287,arhartur,2012,0.8,0.9949158249158251,0.09154970406032435,-2.0870506626381258
IN.ADM2.00093,rapeseed_mustard,2003,1.1139941553544497,0.8139427747733091,0.16374388530673514,2.086928023520811
IN.ADM2.00477,arhartur,2014,2.2291421856639246,1.4770146121418828,0.36742707929051255,2.0866938333064726
IN.ADM2.00368,maize,2015,9.53963928430564,5.097772202218881,1.5891854922567905,2.086618667981857
IN.ADM2.00003,ragi,2015,0.5,1.232187657758478,0.3404368311115079,-2.0864003811372798
IN.ADM2.00261,arhartur,2015,0.2172043010752688,0.6954046221650536,0.2954710484927117,-2.086087014285467
IN.ADM2.00268,wheat,2019,2.553547823766963,1.7187878333328341,0.23009377073021794,2.0857433324055994
IN.ADM2.00241,groundnut,2017,0.7,0.9163511823597357,0.18551282902927216,-2.0857206908768156
IN.ADM2.00431,sesamum,2016,0.0470262793914246,0.1272489115089887,0.04018418808199958,-2.085595876026346
IN.ADM2.00522,rapeseed_mustard,2016,0.1736842105263157,0.10284064962101092,0.0285253990428264,2.0855813335686006
IN.ADM2.00219,barley,2011,3.20048309178744,2.157680655442192,0.4821407069980713,2.0855160725397366
IN.ADM2.00170,arhartur,2015,0.367170626349892,0.605230703112375,0.14784429775584898,-2.0853845264175868
IN.ADM2.00256,wheat,2015,0.8119800332778702,1.58687235189585,0.4143067479098625,-2.085370137171409
IN.ADM2.00542,arhartur,2011,2.0805860805860807,1.167248587021422,0.435348266253699,2.0853454175452306
IN.ADM2.00464,potato,2010,36.15604539502401,27.423614066548843,4.030664436448757,2.085256842428604
IN.ADM2.00526,ragi,2021,0.7165100671140939,0.4729603541301131,0.08255365024592225,2.0851744019008285
IN.ADM2.00206,sugarcane,2020,19.59660297239915,6.113006153222428,7.022620860474592,2.08498968044531
IN.ADM2.00246,jowar,2013,0.4671890303623898,1.1175084500323471,0.3401476087951596,-2.084960056946196
IN.ADM2.00555,rapeseed_mustard,2019,0.3333333333333333,0.9931308585334316,0.3364418227842666,-2.084947881222675
IN.ADM2.00560,wheat,2005,1.884792083873248,3.109043145732707,0.41987075028161,-2.0846059331259497
IN.ADM2.00225,soyabean,2014,1.1904761904761905,0.7707989638707412,0.18964901879412974,2.084446246826008
IN.ADM2.00549,ragi,1999,0.6,0.37200067905950257,0.12274752856539839,2.0844164371855736
IN.ADM2.00482,barley,2009,0.7066326530612245,1.5444891080835317,0.38296264392004525,-2.0842200168759795
IN.ADM2.00357,barley,2008,3.061366806136681,2.8068724375542566,0.1865514754631368,2.084197442718267
IN.ADM2.00228,arhartur,2010,0.8079470198675497,1.338429279881638,0.25267951376530046,-2.084164274754126
IN.ADM2.00114,groundnut,2012,0.0802809834420471,1.5099476197779218,0.767838564995011,-2.0841220597073793
IN.ADM2.00047,wheat,2021,1.0,1.2364972000858703,0.14436406400730498,-2.083796126491608
IN.ADM2.00121,jowar,2007,1.3125,1.1479032707551677,0.10871360594726927,2.0837502477584375
IN.ADM2.00112,jowar,2000,0.2850678733031674,1.1103192703124498,0.23502494498682883,-2.083724388457536
IN.ADM2.00494,groundnut,1997,1.3811475409836065,1.1814286296230943,0.2539769843491175,2.0835921807043665
IN.ADM2.00013,arhartur,2018,0.1740097908322207,0.422695640634717,0.11872905809559696,-2.083486126926432
IN.ADM2.00176,ragi,2016,0.5956553398058252,1.3107894534071693,0.2889311414190388,-2.0833918890905827
IN.ADM2.00212,potato,2008,15.255116959064328,20.35249356085169,2.2216154301992783,-2.0833790293842465
IN.ADM2.00235,sesamum,2019,0.4642857142857143,0.6238626405145338,0.18615057851415917,-2.0833635007454583
IN.ADM2.00275,groundnut,2005,0.9,1.4015862544011868,0.2260043935700402,-2.0833328916042593
IN.ADM2.00392,sugarcane,1997,46.84799739733951,50.68713219574295,4.665819387320414,2.083280551074903
IN.ADM2.00143,maize,2014,2.0,2.9429586343166965,0.6377788851061839,-2.0832316254565373
IN.ADM2.00166,rice,1997,0.0127848804891606,1.4055181057852504,0.5238736092169662,-2.0831737112908746
IN.ADM2.00351,barley,2001,2.5710526315789477,2.783852141753593,0.18977137193302088,2.0831567405809426
IN.ADM2.00468,rice,2020,3.400011883894352,1.4303754401139408,0.6429049511040208,2.083023579107425
IN.ADM2.00401,rice,2022,2.410161896501879,2.4765640478581323,0.16497318191343893,-2.0826419920802723
IN.ADM2.00403,soyabean,2012,1.4166666666666667,0.8405542307933611,0.2609930676114728,2.0825536507123927
IN.ADM2.00169,rice,1997,0.0112256352689049,1.1306653738235417,0.32486843502997736,-2.0824402338436125
IN.ADM2.00157,rice,1997,0.0224396888554324,1.9441025945282684,0.6006841003450697,-2.082424180560632
IN.ADM2.00553,jowar,2015,0.8333333333333334,1.297135194556476,0.27899829337896986,-2.082368961988668
IN.ADM2.00140,cottonlint,2011,0.6284077257185103,0.35595934638682536,0.12443240203045657,2.0820980979093924
IN.ADM2.00004,ragi,2003,1.142677085959163,1.8379852735899012,0.39377567874861613,-2.0820688767191564
IN.ADM2.00171,rapeseed_mustard,2007,0.4461400359066427,0.29886526021765325,0.06372478707379875,2.0820408416490483
IN.ADM2.00329,rapeseed_mustard,2010,2.0,1.4177769283856239,0.27810749366316323,2.0820377518701054
IN.ADM2.00452,sesamum,2019,0.5292400554126262,0.8073533724600672,0.14548325062674344,-2.0820192721327824
IN.ADM2.00471,sugarcane,2021,42.0,55.08251996903842,12.037893458862479,-2.0819794873805115
IN.ADM2.00558,maize,2023,2.265699067993335,1.2744224689450279,0.21297501144837994,2.0818703525901023
IN.ADM2.00275,sugarcane,1999,105.72599531615926,96.14984659954672,9.471901039672485,2.081508024837779
IN.ADM2.00014,cottonlint,2015,0.1798378917319738,0.2809438319220546,0.06979174819411206,-2.08150408201244
IN.ADM2.00459,potato,2006,11.319762862236226,24.911338319666932,5.57071355603212,-2.081406363803125
IN.ADM2.00525,potato,2020,14.522112211221122,10.641828301640107,0.9587619888869114,2.0813134587389426
IN.ADM2.00228,soyabean,2010,2.195619388574892,1.2934693021607029,0.439450745055562,2.0812196809935544
IN.ADM2.00321,cottonlint,2006,0.765,0.42983333333333335,0.15550353631393493,2.081208451936958
IN.ADM2.00546,rice,2012,0.7302904564315352,1.7925976575483273,0.5712753107295081,-2.0812069192420855
IN.ADM2.00489,jowar,2002,0.2048757618377871,1.0494311615686667,0.45094507037435383,-2.0812006390966102
IN.ADM2.00261,jowar,2014,0.2809917355371901,0.8126038420046979,0.26146704524534137,-2.0809663965841856
IN.ADM2.00277,maize,2009,2.6253229974160206,1.7365115193068048,0.44148723180349364,2.080746994893307
IN.ADM2.00440,soyabean,2015,0.1785714285714285,0.7924503772800986,0.27725779030849573,-2.0807242932973207
IN.ADM2.00351,jowar,2009,0.00618258139043,0.4537775393834681,0.20601219912175014,-2.080574556233618
IN.ADM2.00092,potato,2016,6.893874643874644,11.843739305843346,4.491916938271355,-2.0804130693615965
IN.ADM2.00369,rice,2006,4.833175500229112,3.221775290569082,0.7673047093714531,2.0802709105569313
IN.ADM2.00069,barley,2023,2.318821052631579,1.2198132036157112,0.3535716078691526,2.080213198049225
IN.ADM2.00057,wheat,2003,0.8168168168168168,1.188115968061213,0.15061516280805662,-2.0798164532694496
IN.ADM2.00036,rice,2003,1.6005404546177078,1.3741080515367636,0.1958183303720988,2.079800099767039
IN.ADM2.00441,arhartur,2006,0.5,0.7833759688379254,0.1493153737010353,-2.0796524574823447
IN.ADM2.00416,maize,2010,1.1243811133921024,1.72776389252104,0.2901751360205098,-2.079374502598136
IN.ADM2.00422,potato,2018,41.91801627926492,23.014779730328602,7.887206940443325,2.0791215492223922
IN.ADM2.00333,potato,2009,1.2857142857142858,4.084573164101551,1.28339216141418,-2.0790713674661756
IN.ADM2.00255,arhartur,2018,0.1097200758983587,0.5485666370498312,0.2786856495509622,-2.079059245856754
IN.ADM2.00286,arhartur,2008,1.0555555555555556,0.9729066961355657,0.09500598087165336,2.0789099394070294
IN.ADM2.00483,arhartur,2012,1.9288888888888889,1.2948113889543034,0.29989896138657257,2.0788813891762032
IN.ADM2.00449,barley,2008,0.9161676646706588,1.3590516372687946,0.19818098766684095,-2.0786993480430986
IN.ADM2.00263,groundnut,2018,0.3282718727404193,0.6440546121075075,0.24375661233612664,-2.078309041457273
IN.ADM2.00448,maize,2010,0.8148261445905985,1.4757755934608492,0.31805520396271086,-2.0780966342804215
IN.ADM2.00541,rice,2015,3.872041749261701,1.9866800794675348,0.7779422509884375,2.078012490176909
IN.ADM2.00520,rice,2016,3.319802477402076,1.9456426557187074,0.4800749614864154,2.078000997379735
IN.ADM2.00112,rice,2018,1.5008436764825182,2.092889302496858,0.4795334784545813,-2.077905953045449
IN.ADM2.00060,rapeseed_mustard,2022,1.6055045871559632,0.8593641794151473,0.1633955144165942,2.0778679143101386
IN.ADM2.00222,rice,2013,0.4,0.952868367405,0.3381233079173047,-2.0777727536461317
IN.ADM2.00573,sesamum,2001,0.2080706179066835,0.16218667532965247,0.046008210851040156,2.0777567816315363
IN.ADM2.00501,rapeseed_mustard,1997,0.6190476190476191,0.5610083347544662,0.10622330864425442,2.077717504081971
IN.ADM2.00301,rice,2009,1.2750159337157425,1.7934933667729391,0.23092868040968803,-2.077275489072776
IN.ADM2.00400,potato,2021,35.02129558469891,23.38218530110425,3.460528231624205,2.077042698139634
IN.ADM2.00097,wheat,2011,3.839630292994491,2.741169909987904,0.4918033682786679,2.077015044174429
IN.ADM2.00271,soyabean,2003,3.333333333333333,2.0466091110336846,0.7059637835834319,2.076977925663856
IN.ADM2.00229,maize,2011,0.5900926998841252,1.2649979605467319,0.35312749357324247,-2.0769562264891634
IN.ADM2.00110,bajra,2009,0.9708835341365462,1.5976194082711226,0.26391352733578083,-2.0767463572398617
IN.ADM2.00560,sesamum,2005,0.4854368932038835,0.23302675011923862,0.16007733696126172,2.076442206427247
IN.ADM2.00553,sesamum,2009,0.1,0.19337574001563718,0.04297655364059827,-2.0762725840013894
IN.ADM2.00301,arhartur,2007,1.1904761904761905,0.9081148080207141,0.1378516294962108,2.0761503578732214
IN.ADM2.00010,sugarcane,2021,104.13665299193664,78.69889320924965,9.103774831190709,2.0759688196120853
IN.ADM2.00270,groundnut,2015,0.5869565217391305,1.0514175945555855,0.2262643285313522,-2.0759391992906306
IN.ADM2.00508,maize,2015,2.223016717001999,2.586810519835227,0.38457015481590207,-2.0759292234110123
IN.ADM2.00188,rapeseed_mustard,2013,0.1563981042654028,0.23372555714296564,0.03201566839786622,-2.075871142396995
IN.ADM2.00383,sesamum,2011,0.6442495126705653,0.4350014898535327,0.0925296859921013,2.0757858652028225
IN.ADM2.00417,potato,2008,9.648148148148149,18.335902909311397,4.246516271177394,-2.075692079456847
IN.ADM2.00042,arhartur,2010,0.7319587628865979,0.8179641938894471,0.044429881954875905,-2.075452210930981
IN.ADM2.00195,sesamum,2017,1.0273972602739725,0.5928776072972922,0.15070118352299752,2.0754076315662555
IN.ADM2.00387,rapeseed_mustard,2005,0.6075268817204301,0.7679066874458769,0.052248883162677714,-2.0753080249388667
IN.ADM2.00158,maize,1998,0.0091679850715995,1.1201790673261312,0.23315832456309324,-2.075134882015638
IN.ADM2.00298,bajra,2004,1.56,1.011557006356411,0.25340617370943785,2.074976736912337
IN.ADM2.00448,sesamum,2008,0.4180494412461903,0.18399971488854125,0.10803150259831304,2.0746408357880033
IN.ADM2.00393,sugarcane,2008,44.59420695165801,57.78984965955313,5.472821084313499,-2.0746115144903583
IN.ADM2.00257,soyabean,2009,0.3453837597330367,1.0663278657869848,0.3559960614581601,-2.0746113704278737
IN.ADM2.00426,potato,2002,23.19918836658776,19.1253740852256,3.7995132039715864,2.0745964205955247
IN.ADM2.00269,maize,2015,0.2469879518072289,0.8498271888391231,0.29221140415133745,-2.0745366469278492
IN.ADM2.00271,soyabean,2019,0.813097106974658,2.0466091110336846,0.7059637835834319,-2.0742680370279794
IN.ADM2.00310,rice,2015,1.1311475409836065,1.7000083400763075,0.4569970485515479,-2.0741987756598346
IN.ADM2.00471,arhartur,2013,2.371308016877637,1.3283394761403544,0.47764852161449994,2.0741624562822665
IN.ADM2.00275,groundnut,2019,0.9881645269988024,1.4015862544011868,0.2260043935700402,-2.074122019183173
IN.ADM2.00233,maize,2017,3.150211234548584,1.539106617215226,0.5977206919644648,2.0741200920296143
IN.ADM2.00433,potato,2018,11.268980477223428,21.350215451316544,5.28659980197553,-2.07377085821847
IN.ADM2.00188,bajra,2019,0.5163043478260869,0.7259081964728519,0.25644577619348613,-2.073673244390771
IN.ADM2.00558,arhartur,2016,0.7061855670103093,0.7595116636735869,0.0337370160818825,-2.073626625259455
IN.ADM2.00016,jowar,2022,1.745644599303136,0.704558274346022,0.28267850683730206,2.0735454066082566
IN.ADM2.00541,rice,2014,3.809709028349166,1.9866800794675348,0.7779422509884375,2.073377260901226
IN.ADM2.00333,wheat,2023,2.7801893072483206,2.491335234539125,0.2708665119031059,-2.073314726657521
IN.ADM2.00505,groundnut,2022,1.842248062015504,1.1489548197517665,0.2300207991167248,2.073279375843813
IN.ADM2.00249,soyabean,2016,1.5353535353535352,0.7891909503320603,0.27981310485863264,2.073257847355948
IN.ADM2.00436,soyabean,2015,0.1738437001594896,0.9140158225804002,0.3423098473587889,-2.073241542342912
IN.ADM2.00010,maize,2020,6.83150576487463,4.134119841553072,0.6799874833954632,2.0732018503173366
IN.ADM2.00350,barley,2007,1.9544974104217316,2.800900621711846,0.32168957373791274,-2.0730805440231563
IN.ADM2.00577,arhartur,2017,1.2409595417114214,0.7552590756800317,0.18047398846789436,2.0730759239273007
IN.ADM2.00477,wheat,2014,2.698981756470089,1.6868121387433057,0.42897093145164167,2.0729762530495233
IN.ADM2.00100,arhartur,2003,2.401010101010101,1.47734133095084,0.47631441223784227,2.0725828609436676
IN.ADM2.00213,bajra,2014,2.5,1.3623172357027298,0.33900545855135905,2.0725221489233605
IN.ADM2.00192,ragi,2014,1.0,1.261907779987506,0.20570767266805426,-2.072481858959322
IN.ADM2.00479,sugarcane,2005,16.54006968641115,47.69784547344009,14.079959927337029,-2.0723716070344778
IN.ADM2.00464,rice,2019,2.9395702834403736,2.832329130663956,0.1099475056962258,-2.072120612236081
IN.ADM2.00506,groundnut,2000,1.7794117647058822,1.2058600418644425,0.3297745961881366,2.072105976043783
IN.ADM2.00349,bajra,2003,1.1311475409836065,0.8407687925174676,0.22103633844112802,2.0720967365280125
IN.ADM2.00097,rice,2007,0.1336538600366728,1.3416460852872814,0.5000378757055324,-2.071971568669989
IN.ADM2.00419,rapeseed_mustard,2019,0.3392559689061632,0.9933154468759071,0.3359042487450679,-2.0717725343188875
IN.ADM2.00283,rapeseed_mustard,2008,0.868421052631579,0.7865896909346425,0.07955756397053926,2.071660948840822
IN.ADM2.00117,rapeseed_mustard,2008,1.120481927710843,1.512129529796094,0.16497893290268556,-2.0715219482672684
IN.ADM2.00365,rice,2014,5.166206007002027,4.112142806456623,0.5375053448677217,2.071488101936734
IN.ADM2.00174,rapeseed_mustard,2007,0.3513513513513513,0.19139427391574768,0.08711011319239552,2.0713908471230345
IN.ADM2.00347,sesamum,2003,0.453168044077135,0.24679029181485024,0.10665829112292195,2.0713716603800174
IN.ADM2.00501,maize,2010,2.2529644268774702,2.691498779111581,0.21171688713899234,-2.071324390605988
IN.ADM2.00556,bajra,2011,1.807296538821328,1.2154582745058522,0.2904124406650781,2.0712318603840614
IN.ADM2.00525,wheat,1997,0.7127659574468085,1.4374812427760981,0.22652155035028454,-2.0711746467690935
IN.ADM2.00254,maize,2007,3.0,1.4781237053811722,0.7000819971290809,2.070982221540522
IN.ADM2.00060,maize,2020,9.419310040084587,4.558226439380767,0.9792002804231061,2.0709055533856966
IN.ADM2.00218,bajra,2020,1.3424657534246576,0.771709739513675,0.17034658294061555,2.070807330226701
IN.ADM2.00571,potato,2008,11.974029248613212,20.47909168321254,3.6185486164868914,-2.07065443969805
IN.ADM2.00544,ragi,2012,1.8967391304347827,0.9978214211796017,0.4297688543008318,2.070652456948389
IN.ADM2.00461,groundnut,2018,3.608323391115166,2.180010589046575,0.3255028920217963,2.07059962558622
IN.ADM2.00556,arhartur,2016,1.8123406425293216,1.0743560059684192,0.321473119888508,2.0705826130346154
IN.ADM2.00236,wheat,2010,0.8281632501209122,1.8500756488703243,0.4935804694377618,-2.0704068779577565
IN.ADM2.00003,maize,2014,2.9410984686457358,4.547287390697749,1.1882005216258875,-2.0700327740381685
IN.ADM2.00266,wheat,2015,1.0140388768898487,1.3636604704199269,0.26754785325494673,-2.0698263276189213
IN.ADM2.00543,jowar,2018,0.6240601503759399,0.7284160128868081,0.04311955597537856,-2.0697867999128254
IN.ADM2.00232,bajra,2012,2.8,1.838008850755156,0.45435199289420847,2.0696319951802375
IN.ADM2.00561,rapeseed_mustard,2003,2.0,1.3359375,0.34308004397106406,2.069498248867408
IN.ADM2.00368,sesamum,2009,0.2754342431761786,0.5006776025794295,0.10797324864885628,-2.069446338602328
IN.ADM2.00349,groundnut,2011,1.034231609613984,1.5172525479975296,0.2780993480479157,-2.0693073396366417
IN.ADM2.00121,sesamum,1998,0.7164179104477612,0.4108510030343966,0.15500100847771714,2.0692634663841383
IN.ADM2.00223,rapeseed_mustard,2019,1.3805487053020962,0.7964828082063496,0.16920429181482904,2.06923082133286
IN.ADM2.00347,wheat,2010,3.433397236729028,1.928106350721077,0.7274770427668925,2.0691936618133933
IN.ADM2.00383,rice,2011,5.297192274430672,4.188595786858299,0.5266283936729426,2.069139951729499
IN.ADM2.00515,rice,2020,2.8031065691710086,2.6369463847369183,0.133059210091552,-2.0690193289248775
IN.ADM2.00505,groundnut,2019,0.8375,1.1489548197517665,0.2300207991167248,-2.0690114884984827
IN.ADM2.00237,barley,2016,2.333333333333333,1.5641618265840787,0.3074503249982649,2.068877188436484
IN.ADM2.00528,rice,2012,0.9744318181818182,1.6542853182641697,0.36231225764706776,-2.068847281194749
IN.ADM2.00560,maize,2010,1.808972503617945,2.514277531438061,0.34097596817407805,-2.068488965943997
IN.ADM2.00534,ragi,2016,1.7799511002444988,2.351858283470315,0.45872128603107926,-2.0684796603858793
IN.ADM2.00419,barley,2015,1.710820895522388,1.9379989699947615,0.2583218687039885,-2.068293868569322
IN.ADM2.00021,sesamum,2008,0.1099559403261961,0.18837710718379835,0.03556364689849918,-2.0682514646806567
IN.ADM2.00267,rice,2020,2.8035031454298758,0.9754852909072114,0.5693526661204831,2.068227523979329
IN.ADM2.00301,rapeseed_mustard,2002,1.1,0.9327306203030052,0.12103888593544689,2.0681974708409285
IN.ADM2.00245,sugarcane,1998,13.491620111731844,5.023526263640318,5.015922047150299,2.0681899685403793
IN.ADM2.00046,cottonlint,2018,0.085,0.06872050449550447,0.005012860614344816,2.0680547277145562
IN.ADM2.00161,potato,2022,14.011904761904765,9.129027810983766,2.053185103883753,2.067919360305762
IN.ADM2.00562,sugarcane,2001,75.0,65.625,6.769382506859461,2.0679087149231754
IN.ADM2.00541,sugarcane,2005,13.0,48.928053734299,15.348895647121044,-2.067802671371964
IN.ADM2.00401,potato,2001,27.29388560157791,23.047722110113117,3.5454284693698646,2.0677765199650278
IN.ADM2.00041,potato,2020,6.9768996960486325,4.931004189706114,0.8610725344375343,2.067726252528843
IN.ADM2.00043,sesamum,2020,0.7441860465116279,0.5218976649652355,0.09698710327147197,2.06738195339427
IN.ADM2.00554,sesamum,2015,0.3066666666666666,0.1969415790393368,0.04294562311199865,2.067318133927287
IN.ADM2.00012,arhartur,2019,0.478900883218842,0.6816690807042903,0.18329093275677108,-2.0673025460370034
IN.ADM2.00437,barley,2004,1.6277271946400962,1.3415479066795566,0.16729038381341546,2.067205308338427
IN.ADM2.00271,bajra,2012,0.4638888888888889,0.8873739642333942,0.22963526862187408,-2.067088473538671
IN.ADM2.00329,wheat,2021,4.275184275184275,4.813322553728228,0.3044066318253081,-2.0669269587809795
IN.ADM2.00336,wheat,2008,0.8708467777099503,1.7037803513753706,0.43876262778902425,-2.0667422273739744
IN.ADM2.00547,wheat,2012,0.38,1.0496940035787918,0.3505639737497817,-2.066473636861175
IN.ADM2.00527,rice,2017,0.6770506499327655,1.3538426843785063,0.49131141964455666,-2.0662726026659715
IN.ADM2.00560,arhartur,2002,1.96078431372549,1.1751244941587724,0.35247648255110997,2.0662229848214144
IN.ADM2.00003,sesamum,2015,0.2411161459575483,0.3275200897375678,0.08907061112806054,-2.0660039127737586
IN.ADM2.00071,maize,2019,0.732793001415155,1.558546941472878,0.4494185977996209,-2.0657681030067145
IN.ADM2.00524,sesamum,2015,0.1809523809523809,0.21807226731906035,0.036476449301780615,-2.065567612039556
IN.ADM2.00571,rice,2003,2.7311716205917,2.4167109089134553,0.24240701451432642,2.0654777070163073
IN.ADM2.00519,sugarcane,2010,71.93815789473685,57.507853186466455,7.29848772280986,2.06546999655355
IN.ADM2.00470,rice,2011,3.0426968821521028,1.7132963870243243,0.6211606571189446,2.0654318388952118
IN.ADM2.00361,barley,1997,1.38,1.0598270867990598,0.18412510473635013,2.0654260856742086
IN.ADM2.00153,groundnut,2000,0.0029411764705882,0.7124388726667443,0.18779618414329124,-2.065289529175511
IN.ADM2.00441,potato,2018,11.268292682926829,21.293210734417123,5.231395243278855,-2.0650947141168974
IN.ADM2.00393,sesamum,2015,0.3036750483558994,0.1938893233839652,0.04232305740816124,2.0649541315533244
IN.ADM2.00084,rice,2004,0.1817862876218624,1.929597775916385,0.6073950595009161,-2.064715897541438
IN.ADM2.00398,sesamum,2015,0.3027777777777777,0.1931793076755912,0.04228322101831952,2.064648553671399
IN.ADM2.00207,bajra,2020,1.5,1.3178103095409346,0.41198541040742964,-2.0645295703161053
IN.ADM2.00505,sugarcane,1999,81.0,58.370188137537404,7.943734985952998,2.064333895147171
IN.ADM2.00528,rice,2023,1.4874296141151562,1.6542853182641697,0.36231225764706776,-2.0640095133904546
IN.ADM2.00488,rice,2002,1.091237407337008,2.3606427045950302,0.35508415917984587,-2.063982062530819
IN.ADM2.00049,potato,2003,5.820779220779221,8.853954391243661,1.3767360170036018,-2.0639128941196767
IN.ADM2.00543,sesamum,2018,0.2107843137254902,0.3697302234063159,0.04554347392449271,-2.063867608690538
IN.ADM2.00220,jowar,2010,2.9384928716904275,2.083041540264232,0.4145195306339726,2.063717794232355
IN.ADM2.00578,maize,2014,9.545166015625,5.249238738978435,1.6997976395130152,2.0634177182806224
IN.ADM2.00188,ragi,2006,0.6797569916177488,1.3291332884513076,0.3094260561703555,-2.0633918714777755
IN.ADM2.00337,cottonlint,2016,0.2602684947157955,0.37258097469796275,0.09121970417338282,-2.0630374460957723
IN.ADM2.00016,sesamum,2022,0.6363636363636364,0.21350190105886593,0.13561215834749513,2.0628839148172
IN.ADM2.00034,maize,1999,1.705298013245033,1.5789870128438868,0.1486540705826837,2.0623643924129635
IN.ADM2.00457,sesamum,2020,0.6328556263269639,0.8885557784631211,0.1683651136311132,-2.062291093544755
IN.ADM2.00483,sesamum,2005,1.0169491525423728,0.8602612477289141,0.07895855001523382,2.062156634229489
IN.ADM2.00245,bajra,2005,1.0,0.5154933262585467,0.1482877031791351,2.062105528526026
IN.ADM2.00576,sesamum,2019,1.0,0.35998707175177763,0.17017116654885805,2.0620351589952977
IN.ADM2.00217,sugarcane,2021,21.31907685792928,5.35638689759817,6.329730211005911,2.0620271917877213
IN.ADM2.00342,barley,2023,3.6650229262192577,1.8705943110754386,0.4705970698738656,2.062005990916373
IN.ADM2.00294,soyabean,2005,2.213747645951036,1.5303414977744314,0.3724532302436919,2.0619863776906207
IN.ADM2.00417,barley,1999,2.5308641975308643,1.5486691610516097,0.4831934689597212,2.0618625474555095
IN.ADM2.00058,arhartur,2009,0.7866323907455013,0.9014857822309863,0.05271893815545649,-2.0618345766061053
IN.ADM2.00350,cottonlint,2001,0.0934502923976608,0.38000758488368913,0.09229122597131095,-2.061713906129258
IN.ADM2.00129,rice,2014,1.4285714285714286,2.2910916743334644,0.4046682514706982,-2.061711203022899
IN.ADM2.00283,rice,2008,0.8294679399727148,1.4946114324344355,0.3537507997342492,-2.0615879549333664
IN.ADM2.00571,wheat,2018,3.888001054107726,2.8312637044760045,0.33232371361173935,2.061582524971267
IN.ADM2.00401,bajra,2022,1.6023107149140814,1.6801787167820361,0.17971571311601994,-2.0615677055959685
IN.ADM2.00501,sesamum,2002,1.1666666666666667,0.9722222222222222,0.10710311478237004,2.0615473228364065
IN.ADM2.00189,rice,2013,2.4344029157435862,1.8865100991644073,0.22923866610241225,2.0614592958304674
IN.ADM2.00316,rapeseed_mustard,1999,0.2419659735349716,0.32697726085242906,0.06217489719201057,2.061355162168412
IN.ADM2.00209,arhartur,2010,0.098069498069498,0.7851882912758257,0.338898824412544,-2.0613142982152604
IN.ADM2.00170,bajra,2017,1.6666666666666667,1.2076762074754042,0.23340517460485585,2.061284147642187
IN.ADM2.00101,arhartur,2006,0.3441226575809199,1.6623126818522247,0.5450429603507649,-2.0611941968053995
IN.ADM2.00445,groundnut,2011,2.216666666666667,1.256764807825512,0.46431396921286916,2.061087860706115
IN.ADM2.00573,groundnut,2018,1.4857142857142858,0.6776285734150116,0.2855433438703989,2.061028344135463
IN.ADM2.00448,potato,2015,17.106028092079594,21.425435062411662,3.402606635246731,-2.0610194428418565
IN.ADM2.00403,soyabean,2003,1.2727272727272727,0.8405542307933611,0.2609930676114728,2.0609955993002047
IN.ADM2.00268,rice,2022,2.49297734098562,1.3338426976919353,0.3837283459112611,2.060987086256524
IN.ADM2.00462,sesamum,1997,0.5898418782942022,0.8553866820033812,0.15163681252183733,-2.0606210008357624
IN.ADM2.00140,barley,2002,1.7946877243359656,3.0431847012026356,0.4205938557307743,-2.0605537152164017
IN.ADM2.00402,arhartur,1999,0.7479553903345725,0.7582422239710221,0.10347555223244152,2.0605435958911404
IN.ADM2.00232,groundnut,1999,1.6140350877192982,1.340217567011825,0.25130476311085753,2.0604803802634257
IN.ADM2.00367,ragi,2017,3.84079662039831,2.2960921751217094,0.47614918088643465,2.060349694917641
IN.ADM2.00147,rice,2023,2.4500657285687835,1.5825726052181526,0.24510336421886628,2.0603088573731925
IN.ADM2.00422,rice,2006,1.6229868468527568,2.4114234184565397,0.2767624059918652,-2.060221232892454
IN.ADM2.00057,rapeseed_mustard,2013,0.6912820512820513,0.5272458933327265,0.08011018999281196,2.0599414637041797
IN.ADM2.00079,groundnut,1998,1.2470023980815348,1.2050201793169832,0.013886329838599913,2.059808645492076
IN.ADM2.00479,barley,2018,1.9901960784313728,1.1310573238129007,0.2922053589407653,2.0597748134134006
IN.ADM2.00206,soyabean,2017,0.3809523809523809,1.0406421964006614,0.3163973685752806,-2.059769193310998
IN.ADM2.00574,rapeseed_mustard,2014,0.12918410041841,0.47804296592007883,0.1947717398348714,-2.059746706021792
IN.ADM2.00445,wheat,2005,1.0162327272727272,1.8617691180561209,0.24455093655310892,-2.0596565970138685
IN.ADM2.00421,soyabean,2012,1.4137931034482758,0.7957552956362729,0.3046576159439412,2.0595659295588673
IN.ADM2.00255,jowar,2023,1.414186473833971,0.7102499709726332,0.2550596410411668,2.059458779507439
IN.ADM2.00445,groundnut,2016,0.3144654088050314,1.256764807825512,0.46431396921286916,-2.059451280930796
IN.ADM2.00172,cottonlint,2017,0.5576265445043068,0.34389368302472456,0.07341665824496993,2.0593693542051064
IN.ADM2.00410,sugarcane,1998,29.19191919191919,49.04400126146963,6.844396111618788,-2.0592956792755177
IN.ADM2.00578,sesamum,2006,0.760119940029985,0.4879331282788178,0.14231566454428182,2.0591914269311213
IN.ADM2.00433,sugarcane,2010,62.08399856818172,74.17726511483119,6.184457737305263,-2.059188270354902
IN.ADM2.00549,potato,2016,11.176086956521738,8.632135573986263,1.1956027358724521,2.058934756540184
IN.ADM2.00003,rice,2004,1.5870876555362057,2.551402541764437,0.3099124325777223,-2.0588390687178557
IN.ADM2.00208,maize,2023,3.1466666666666665,1.6103496855549093,0.6574045865786671,2.0584979353102257
IN.ADM2.00071,wheat,2014,1.142965204236006,1.798476753470041,0.36353469143475936,-2.0584849593198484
IN.ADM2.00538,wheat,2014,1.2947284345047922,1.8307157942782368,0.32029389215565673,-2.05843367384671
IN.ADM2.00174,soyabean,2017,1.8173467265199856,0.9533631277609936,0.3556482944687801,2.0583710502574704
IN.ADM2.00121,maize,2006,0.5894554883318929,1.8183712603224367,0.49913164075316235,-2.058311638293056
IN.ADM2.00295,soyabean,2012,0.4909090909090909,1.006726276783267,0.22506117033876383,-2.058108142980724
IN.ADM2.00181,potato,1999,12.439406063839249,6.240580313186769,2.801743234934869,2.0579094762026693
IN.ADM2.00502,maize,2022,1.8745858968291529,1.848966031858514,0.2311501589842661,-2.0577940742053475
IN.ADM2.00370,groundnut,2013,2.857142857142857,1.8561407466088338,0.3797067177744154,2.0576664178375697
IN.ADM2.00412,barley,2015,1.750232991612302,1.9574361454548586,0.2434489826776483,-2.057629489838412
IN.ADM2.00433,arhartur,2020,1.1428571428571428,0.7746583025993389,0.13097446795558396,2.057588592281467
IN.ADM2.00175,sugarcane,2003,71.34897034948304,87.04827578374544,9.779934164326132,-2.0573146472277135
IN.ADM2.00364,sesamum,2014,0.7457925144436072,0.5515285431898972,0.07805045322148384,2.0572827395007245
IN.ADM2.00410,rapeseed_mustard,2014,1.2437829229449957,1.4791721899311543,0.21340856896510288,-2.057260860341892
IN.ADM2.00078,sesamum,2000,0.4606060606060606,0.7661726451081431,0.0762401127347869,-2.05690994416512
IN.ADM2.00416,potato,2009,26.95096145772105,19.091776498048635,3.9440548182616166,2.056903203038265
IN.ADM2.00474,ragi,2023,1.4372882158069096,0.6934928828721701,0.34496214100831274,2.0566874288508123
IN.ADM2.00491,rapeseed_mustard,2020,1.5267938237965486,0.9758793731419749,0.23904708090407797,2.0566837910887865
IN.ADM2.00430,sesamum,2011,0.5,0.1736914600550964,0.15904389709527178,2.0566345465566664
IN.ADM2.00183,rapeseed_mustard,2007,0.3629976580796253,0.27081851961864256,0.03979683677882207,2.056633243663354
IN.ADM2.00004,maize,2007,6.153846153846154,3.79575268682585,1.1745963217767663,2.056451872561735
IN.ADM2.00212,jowar,2018,1.3730248306997743,1.4043769144853684,0.23834885647767867,-2.0564361566434313
IN.ADM2.00461,groundnut,2011,2.982289778273602,2.180010589046575,0.3255028920217963,2.0557811942725603
IN.ADM2.00228,rapeseed_mustard,2011,1.6538461538461535,1.1259727219506346,0.2428967681752703,2.055470164608282
IN.ADM2.00161,wheat,2022,1.800281954887218,0.9164920695672029,0.2505891954787889,2.0553516367419613
IN.ADM2.00433,groundnut,2007,0.6875,0.9838618073140547,0.1447291779449654,-2.055185132478548
IN.ADM2.00542,arhartur,2016,1.8662952646239557,1.167248587021422,0.435348266253699,2.0551669096272307
IN.ADM2.00297,maize,1997,1.0,1.7801190949030017,0.23703159989542608,-2.055116879374318
IN.ADM2.00436,sugarcane,2008,52.06400675807395,65.38088476893724,5.780366400344462,-2.054939150390552
IN.ADM2.00400,rice,1997,2.241899736637116,2.2347563899374943,0.17586340341506077,2.054901419730447
IN.ADM2.00433,sugarcane,2008,59.54400211577816,74.17726511483119,6.184457737305263,-2.0548566560419563
IN.ADM2.00283,rice,2009,0.7998338870431894,1.4946114324344355,0.3537507997342492,-2.0546949818812448
IN.ADM2.00571,arhartur,2014,0.482736974262398,1.0737774199288268,0.2734606339462642,-2.0545906598994463
IN.ADM2.00289,sesamum,2011,0.5083333333333333,0.6631118609085702,0.09782218468239906,-2.0545366760213115
IN.ADM2.00057,sesamum,2015,0.7142857142857143,0.44838158824193974,0.08461072585919033,2.054475196794251
IN.ADM2.00421,arhartur,2014,0.4932747025349198,1.5864853874431175,0.5451615404325524,-2.0544278376194085
IN.ADM2.00117,potato,2004,24.63888888888889,21.11671676294918,2.380391424367658,2.054427540813248
IN.ADM2.00403,rapeseed_mustard,1999,0.9928571428571428,0.7495691187446578,0.13612553698239227,2.054411185674712
IN.ADM2.00368,rice,2013,6.083608880491261,4.260889046294959,0.8646474829505546,2.0543758814096216
IN.ADM2.00158,wheat,2001,1.4454277286135693,0.7985202604702327,0.3381144422747186,2.053947145223202
IN.ADM2.00344,sesamum,2003,0.4523264683447749,0.26206288589715393,0.10974556928000657,2.0539304400361345
IN.ADM2.00075,sugarcane,2016,122.51428571428572,56.484021919666674,24.203106032728392,2.0536346398574987
IN.ADM2.00003,sugarcane,1998,96.0,84.11694112640251,8.797241502763713,2.0536341308675468
IN.ADM2.00392,arhartur,2006,0.353234316982607,0.959650024926665,0.2645426547188909,-2.0536140857375744
IN.ADM2.00025,arhartur,1998,1.0,0.5597468449626495,0.20385093484507835,2.053402031659885
IN.ADM2.00175,sugarcane,1999,114.0,87.04827578374544,9.779934164326132,2.052907755223078
IN.ADM2.00481,sugarcane,2008,30.253900275313555,53.28037118965804,14.28155675076087,-2.0528320948905163
IN.ADM2.00539,maize,2018,2.0776450511945392,2.288968033490741,0.4637069629726967,-2.0527587166914336
IN.ADM2.00511,cottonlint,2015,0.1818055555555555,0.539510407207304,0.1925886849045571,-2.0526667408552104
IN.ADM2.00537,sugarcane,2003,2.8528881666420447,26.641036589193288,11.395690619831372,-2.0525716239708043
IN.ADM2.00062,arhartur,2011,2.45777027027027,1.5908442612260325,0.4156939983933185,2.0524691778627058
IN.ADM2.00221,sesamum,2020,1.0788149804359977,0.5852128368995829,0.12159407698092072,2.0523258746056054
IN.ADM2.00280,arhartur,2014,0.2280858676207513,0.8432510861472721,0.26908332101330645,-2.052151318568033
IN.ADM2.00526,groundnut,2015,0.6824459234608985,0.9459619921517088,0.17873017199240857,-2.052077432859972
IN.ADM2.00401,arhartur,2022,1.2510964912280702,0.8150524207251731,0.14803061274981905,2.051875666047099
IN.ADM2.00448,maize,1997,1.6741986734925478,1.4757755934608492,0.31805520396271086,2.051689417928896
IN.ADM2.00445,bajra,2011,1.806896551724138,1.2914663082789644,0.2468315527309716,2.0514794833444845
IN.ADM2.00255,bajra,2015,0.2570532915360501,0.7471627916263572,0.26618374523962257,-2.0511335030362705
IN.ADM2.00182,rice,2003,1.9989752395723703,2.4706378887036275,0.15966793799653692,-2.050818115050433
IN.ADM2.00269,arhartur,2007,1.152,0.5936046966248695,0.27921453572853083,2.05061651925875
IN.ADM2.00010,sugarcane,2000,54.63198410727589,78.69889320924965,9.103774831190709,-2.050297971474462
IN.ADM2.00410,bajra,2001,1.0629985978823189,2.004337127799638,0.24405372931591235,-2.0501450540372126
IN.ADM2.00255,sesamum,2013,0.3333333333333333,0.21405550625025246,0.0642660221241946,2.0501266500068818
IN.ADM2.00577,rice,2003,2.716804545834378,3.8233939167271163,0.4887951395266241,-2.049986254578958
IN.ADM2.00479,rice,1999,2.1639344262295084,1.5924988102014064,0.5541896100197795,2.0498478274482865
IN.ADM2.00472,bajra,2008,1.2108843537414966,1.0246546776399246,0.10864400471534716,2.0497153771144525
IN.ADM2.00524,maize,2017,1.0619047619047617,1.2407597459284703,0.3205184662220142,-2.049634809610601
IN.ADM2.00021,bajra,2003,2.0448361755125504,1.5268145972536038,0.3710293431237683,2.0495949982294954
IN.ADM2.00246,rapeseed_mustard,2018,0.389016581842062,0.5708437265218588,0.16410092242950028,-2.049522048843012
IN.ADM2.00444,rapeseed_mustard,2014,0.625601008906755,0.7720865785262215,0.11196993701515166,-2.0494506418984373
IN.ADM2.00140,rapeseed_mustard,2014,1.2580645161290325,1.5702338409740169,0.21891594455207902,-2.0492573114625663
IN.ADM2.00260,arhartur,2016,1.0821190042501518,0.6746681361025281,0.17557770671377548,2.048998255923998
IN.ADM2.00132,groundnut,2001,0.0,0.9679157829361533,0.3101493496900276,-2.048728187087395
IN.ADM2.00217,groundnut,2015,1.1657458563535912,1.4970628279654852,0.2121390889757145,-2.048717852204088
IN.ADM2.00555,jowar,2016,0.8074991630398393,1.2227202435824198,0.2904478151241776,-2.0487073491819627
IN.ADM2.00408,sesamum,2013,0.0348868901608067,0.1681973655451635,0.06797587144734887,-2.0487060408639697
IN.ADM2.00480,arhartur,2016,2.1541032305978463,1.4497709496082671,0.35834289683937265,2.048633461929098
IN.ADM2.00186,sugarcane,2016,69.34838709677419,86.95626899417266,9.076596433325435,-2.048607638547385
IN.ADM2.00280,maize,2014,0.1538461538461538,1.7041285795972967,0.7419071848145579,-2.0484333935616856
IN.ADM2.00464,arhartur,2001,1.4814814814814814,1.1562840153588674,0.2472706112658256,2.0484126657718034
IN.ADM2.00566,bajra,1998,1.620223118917636,1.3740983118152383,0.5541716244288439,2.048271678838373
IN.ADM2.00251,soyabean,2008,0.2901896125309151,1.1887807183613541,0.44637017927679323,-2.0479325614276798
IN.ADM2.00422,barley,2016,1.1617819460726846,2.2363119815358994,0.5633992001233383,-2.0478875419448097
IN.ADM2.00296,rice,2002,2.3419296895047474,1.479575345939879,0.3780371764479536,2.047794381131166
IN.ADM2.00388,maize,1997,2.2054881463505693,2.1234598475208726,0.3251569233676358,2.0477295609614967
IN.ADM2.00012,groundnut,2019,4.14544235924933,2.421611655461492,0.47993258465944344,2.0476653106322478
IN.ADM2.00159,maize,1997,1.628833464746649,1.2150758022701118,0.3489729924731336,2.0475434771670766
IN.ADM2.00414,sesamum,2015,0.3024054982817869,0.19217391534648626,0.04289439519107299,2.047216420721669
IN.ADM2.00291,maize,2011,1.1930967111690003,1.4877275869158544,0.164666702362511,-2.04715304548601
IN.ADM2.00255,soyabean,2020,1.979870572412782,1.0169714032172161,0.5107268499351507,2.0471272275250607
IN.ADM2.00413,sesamum,2015,0.3026634382566586,0.19401765530003032,0.04232522072098097,2.0469887252682835
IN.ADM2.00427,bajra,1997,1.7925460860272509,2.05614615649778,0.25099422962745926,2.04698630261486
IN.ADM2.00221,maize,2020,1.0319674832472812,1.913531606228649,0.6421261428470723,-2.046977872829104
IN.ADM2.00373,potato,2016,35.5014450867052,23.689440531909714,4.748626771926984,2.0469477661182265
IN.ADM2.00350,bajra,2011,1.64971088592204,1.0182833049306068,0.29415993048211614,2.046775686835515
IN.ADM2.00061,rice,2010,1.416839759659385,2.669735242651009,0.593107094054122,-2.0466745733938265
IN.ADM2.00151,potato,2002,14.050041701417848,8.47823016388732,2.0444178927030983,2.046350709092631
IN.ADM2.00566,sesamum,2012,0.4106463878326996,0.6392309752334688,0.11509462204982217,-2.0463011625127474
IN.ADM2.00515,rapeseed_mustard,2020,1.890142146199005,1.0363550873839504,0.20044888609503736,2.0461472165161614
IN.ADM2.00044,rice,2021,2.054333798625194,1.9570633169847425,0.2515489363753143,-2.046027170529887
IN.ADM2.00468,arhartur,2012,3.565217391304348,1.724294511185018,0.9000524174638913,2.046023366609149
IN.ADM2.00174,bajra,2023,0.5361445783132529,0.8380474981799103,0.20494867136893677,-2.0457620111037844
IN.ADM2.00207,wheat,2023,2.316995219813284,1.971418859106718,0.3163765222869864,-2.045673611343289
IN.ADM2.00036,rapeseed_mustard,2022,1.0571247223103777,1.0674116186634512,0.02187692912562872,-2.045633055600066
IN.ADM2.00254,groundnut,2019,0.0714285714285714,0.9344290305653945,0.43113388713331685,-2.045534807583147
IN.ADM2.00520,potato,2014,17.62808586762075,13.992861747058688,1.4167358140559572,2.04547291137249
IN.ADM2.00238,sesamum,2020,0.6799759009749151,0.25043100292696285,0.14318891828100588,2.0454310060167495
IN.ADM2.00054,rapeseed_mustard,2017,0.8388709783538391,0.6155348026737595,0.06835909933925714,2.045259673123963
IN.ADM2.00520,ragi,2003,0.3769230769230769,0.6761521948148776,0.1249671348062276,-2.045207195854449
IN.ADM2.00219,arhartur,2014,0.9090909090909092,0.6218208616733198,0.12872750441386308,2.045071233849966
IN.ADM2.00512,rapeseed_mustard,2010,1.0,1.2877611518915868,0.14303458881478978,-2.0450356082053514
IN.ADM2.00289,arhartur,2011,0.8658536585365854,0.9140989462372769,0.028315106467568598,-2.04493463267851
IN.ADM2.00363,maize,2004,1.7492492492492493,1.6532169407750874,0.08953683964470914,2.044855886567382
IN.ADM2.00317,sesamum,2004,0.0588235294117647,0.2565011654605525,0.12681278695896242,-2.04484094505914
IN.ADM2.00289,maize,2011,1.2445703493862137,1.5505484024891234,0.16885747647435956,-2.044664036553909
IN.ADM2.00275,wheat,2007,2.1709006928406467,1.8528447121986877,0.1889559598577964,2.044581145703819
IN.ADM2.00451,potato,2008,7.150418083249104,26.483568539685514,9.092796968835234,-2.0442680599321013
IN.ADM2.00274,ragi,2023,2.7350832806240777,1.4693180720143948,0.37037531719669464,2.0440500415967295
IN.ADM2.00484,wheat,2000,2.7505002845655326,2.171373674046902,0.4583852622647161,2.0439692355567467
IN.ADM2.00261,rice,2002,0.1666666666666666,0.42546157546157537,0.1307295557183966,-2.0435832938245952
IN.ADM2.00458,groundnut,2015,1.690956749672346,1.7970999073109222,0.14913467004822537,-2.0433100092825645
IN.ADM2.00338,soyabean,2002,0.5017482517482518,1.0942002593619844,0.3001792799540429,-2.0432954647800567
IN.ADM2.00207,maize,2000,2.982275164763191,2.1369839048817645,0.6655104667416928,2.043109920664226
IN.ADM2.00441,potato,2013,10.926004228329807,21.293210734417123,5.231395243278855,-2.0429975565982543
IN.ADM2.00170,sesamum,2012,0.3125,0.5743557052590784,0.13894969702867488,-2.0429888736555584
IN.ADM2.00182,rice,2002,1.9796305202704612,2.4706378887036275,0.15966793799653692,-2.0429448872106475
IN.ADM2.00416,bajra,2006,1.5103670711104284,1.1984290725637885,0.2214064544169395,2.0428689108814857
IN.ADM2.00060,sesamum,1999,0.373134328358209,0.7064565612771951,0.06914909116768553,-2.042634334488926
IN.ADM2.00249,rice,2020,1.9349060036385688,0.7562065552933356,0.3970266902013573,2.0425110651160447
IN.ADM2.00060,potato,2021,20.810847003682625,10.930566371909439,2.4725156971373745,2.042482092026662
IN.ADM2.00414,rapeseed_mustard,2014,0.4512457705321439,0.8118489916473194,0.22840443230527088,-2.0424413795439085
IN.ADM2.00377,bajra,2022,0.3988005997001499,1.3631711494622591,0.679656827401929,-2.0423188688560314
IN.ADM2.00180,bajra,2015,0.7013512854285575,0.9979016251458336,0.23880671135194612,-2.0421750969675276
IN.ADM2.00520,potato,2016,17.951098901098902,13.992861747058688,1.4167358140559572,2.0421632485989107
IN.ADM2.00049,cottonlint,2022,0.09375,0.08544916380517122,0.001755294744680098,2.0419912966594205
IN.ADM2.00567,cottonlint,2016,0.2249624060150375,0.366097239628244,0.07748421487031475,-2.0416379321384395
IN.ADM2.00572,maize,2004,1.824053452115813,1.3845945878396093,0.3024697145474535,2.04154300745038
IN.ADM2.00232,wheat,2010,1.5269387508844292,2.356869084489747,0.4065329149814578,-2.0414837348245496
IN.ADM2.00195,sesamum,2016,0.3895839394821065,0.5928776072972922,0.15070118352299752,-2.0414810516350457
IN.ADM2.00363,wheat,1998,0.8461538461538461,1.221451151894614,0.2953299991914197,-2.0413983894101286
IN.ADM2.00244,maize,2011,0.8551839368536284,1.6423408631830578,0.4111924130875432,-2.041138955116508
IN.ADM2.00453,rice,2000,2.503248110376039,3.059251556398369,0.14886746341178275,-2.040805308519412
IN.ADM2.00524,arhartur,1997,0.1880108991825613,0.6607018964588076,0.16470083502157468,-2.040779354230801
IN.ADM2.00057,cottonlint,2015,0.085,0.09590496031746028,0.02307553530843504,-2.040759286037588
IN.ADM2.00433,potato,2013,10.924715909090908,21.350215451316544,5.28659980197553,-2.040755990484498
IN.ADM2.00361,barley,1998,1.38,1.0598270867990598,0.18412510473635013,2.040307762232315
IN.ADM2.00185,ragi,2005,2.071185703235787,1.5155208494469294,0.2817723729654332,2.040127650115651
IN.ADM2.00319,sesamum,2017,1.206896551724138,0.9372796197260633,0.1168877190613699,2.0400252701994277
IN.ADM2.00570,arhartur,2013,0.6400541271989174,0.7062980399264045,0.0357668988378606,-2.0399685486467125
IN.ADM2.00448,arhartur,2019,1.785979381443299,1.0073875733748194,0.376544124397533,2.0398608120738486
IN.ADM2.00541,sugarcane,2008,16.17142857142857,48.928053734299,15.348895647121044,-2.0398418985004834
IN.ADM2.00537,arhartur,2002,2.349093374004406,1.4911460954503317,0.34021847995676385,2.0398362282292655
IN.ADM2.00081,maize,2018,2.756183745583039,3.1359046216245163,0.6763563766098144,-2.0397140080128864
IN.ADM2.00440,jowar,2008,1.7148864592094195,1.0092835236924513,0.3614599055325015,2.039667170562333
IN.ADM2.00431,sesamum,2003,0.2051282051282051,0.1272489115089887,0.04018418808199958,2.039607767438135
IN.ADM2.00546,groundnut,1999,1.0434782608695652,0.8166565873551258,0.15213440903619668,2.039575607215817
IN.ADM2.00210,cottonlint,2001,0.102,0.43673189059870265,0.15211575348502637,-2.0395374545039653
IN.ADM2.00455,rapeseed_mustard,2019,1.103982300884956,0.5497184676437638,0.2305361903520782,2.0393807959950645
IN.ADM2.00248,rice,2018,0.7711944862155389,1.0470060222024467,0.37301601975552995,-2.039233113156906
IN.ADM2.00502,rapeseed_mustard,2011,0.6919116425842883,0.7988447542537307,0.06913325614919635,-2.0391890282203047
IN.ADM2.00212,jowar,2012,1.033060337623266,1.4043769144853684,0.23834885647767867,-2.0390945636867404
IN.ADM2.00254,sugarcane,1999,87.54545454545455,60.21922220742179,13.082295385765384,2.0389699822870755
IN.ADM2.00550,sesamum,2000,0.0687585266030013,0.2738134740598822,0.09816917941433112,-2.038875441828268
IN.ADM2.00004,sugarcane,1997,104.14285714285714,90.9063139844867,8.352050285613497,2.0387239874812573
IN.ADM2.00266,maize,2007,3.0,1.6792887963167529,0.6635327409157334,2.0386440740651897
IN.ADM2.00555,groundnut,2020,1.25,0.8665914396186583,0.1261530069690238,2.038637926485832
IN.ADM2.00047,potato,2000,9.761764705882351,6.653101552206696,1.546008388614221,2.0385762429036425
IN.ADM2.00408,bajra,2003,0.781921361978111,1.577765299865723,0.2763073564620712,-2.0384538014945246
IN.ADM2.00185,jowar,2012,0.3331899973537973,0.8369206032126022,0.255567042178281,-2.0382248889046193
IN.ADM2.00488,arhartur,2021,0.0,0.6933325131534005,0.35402418347028064,-2.038192017890292
IN.ADM2.00464,potato,2016,39.89514066496164,27.423614066548843,4.030664436448757,2.03801065582546
IN.ADM2.00036,wheat,2009,1.3509933774834435,2.072534171167714,0.32495740680648677,-2.037801415710268
IN.ADM2.00248,barley,2016,3.333333333333333,2.0440562884771567,0.5296859676268707,2.037629826482695
IN.ADM2.00438,arhartur,2006,0.7915199530516432,1.084591570037019,0.16840921250046342,-2.0375427583643066
IN.ADM2.00081,arhartur,2009,0.5,1.2510348774944917,0.3623299512752075,-2.0373309936036628
IN.ADM2.00289,arhartur,2010,0.8589743589743589,0.9140989462372769,0.028315106467568598,-2.037107623380129
IN.ADM2.00545,arhartur,2011,2.4571428571428573,1.5997402465163286,0.3897538993793408,2.0370248653194776
IN.ADM2.00350,potato,2021,21.352941176470587,5.932957730407421,5.262456244088166,2.0370093107143656
IN.ADM2.00295,potato,2010,8.457142857142857,5.202984033935514,1.819295347944584,2.0369849877881245
IN.ADM2.00556,rapeseed_mustard,2015,0.4421052631578947,0.5840400051623227,0.12490787457998505,-2.0368530329394425
IN.ADM2.00213,rapeseed_mustard,2014,0.0,0.8574902662220186,0.46567392404246694,-2.036820327147337
IN.ADM2.00251,groundnut,2020,2.574702713339536,1.4174982187140832,0.40405523905525326,2.0367732212427767
IN.ADM2.00492,rice,2013,4.5473957756267565,2.844390156152366,0.7774599316019721,2.0367050894352534
IN.ADM2.00350,barley,2005,1.8465354257011823,2.800900621711846,0.32168957373791274,-2.0366648208898104
IN.ADM2.00368,groundnut,2020,1.7560096153846154,2.5688747244665757,0.48902493946798936,-2.036599216206831
IN.ADM2.00233,maize,2013,0.4809461553360449,1.539106617215226,0.5977206919644648,-2.0365947100220008
IN.ADM2.00554,jowar,2015,1.0,1.295985864263285,0.2598422024356173,-2.0364378668487824
IN.ADM2.00448,arhartur,2008,1.7714378871861751,1.0073875733748194,0.376544124397533,2.036322392934142
IN.ADM2.00085,sesamum,2003,0.5373134328358209,0.7788322074931294,0.07261361434273453,-2.036107107154796
IN.ADM2.00137,jowar,2016,1.0,0.4357119155354449,0.21444530285051608,2.036082889440389
IN.ADM2.00161,wheat,1998,0.0867124142233312,0.9164920695672029,0.2505891954787889,-2.036018133551039
IN.ADM2.00471,sugarcane,2018,88.42357059509918,55.08251996903842,12.037893458862479,2.035986285315854
IN.ADM2.00242,sesamum,1998,1.0,0.5095897580241457,0.21617545080467002,2.0358821192438246
IN.ADM2.00021,ragi,2023,1.8186168745843,1.2860543685187906,0.20046440084357758,2.0357924634800035
IN.ADM2.00209,jowar,2010,2.0,1.4035849747855937,0.2879284309324248,2.03576303351026
IN.ADM2.00186,bajra,2017,1.6603175404073531,0.8530838032926069,0.2621380606801003,2.0357533838697557
IN.ADM2.00189,jowar,2002,0.4845360824742268,1.156012138837878,0.25440489698128166,-2.0355591227330336
IN.ADM2.00477,groundnut,1998,0.56,0.9661975649312258,0.19403789938492153,-2.035557676484635
IN.ADM2.00230,arhartur,2020,0.899971256108077,0.5377106295271088,0.1768332131652014,2.035521129184902
IN.ADM2.00477,sugarcane,2011,9.227611940298509,31.808171370075808,11.351094580769896,-2.03549493188726
IN.ADM2.00458,sugarcane,2007,121.35632183908046,89.78752561477022,15.733626009802942,2.035361989540517
IN.ADM2.00151,arhartur,2001,1.0,0.7167919799498748,0.2701934116876211,2.0353004573107825
IN.ADM2.00468,ragi,2016,0.6115702479338843,1.2412602607457708,0.4235369958792457,-2.03516530456279
IN.ADM2.00037,maize,2012,0.7659204940177538,2.3717837066478897,0.9969288764318218,-2.034843495976469
IN.ADM2.00219,soyabean,2020,0.4392909720626654,0.9459653015227366,0.256176612149259,-2.0347604411435176
IN.ADM2.00350,arhartur,2012,1.6,0.7272089652711081,0.42238144859121896,2.0347130022863715
IN.ADM2.00072,sugarcane,2021,75.12796631793825,49.14011296230487,6.111304882201641,2.034262886002089
IN.ADM2.00156,wheat,2002,2.515337423312884,1.494159575403388,0.5501776828072603,2.034148514918838
IN.ADM2.00402,wheat,2008,0.8391535022354695,1.3387183772947648,0.21893085219419856,-2.03388390882301
IN.ADM2.00295,maize,2007,0.073469387755102,1.7131295824670278,0.6789307558935683,-2.033724270892127
IN.ADM2.00470,rapeseed_mustard,2002,0.321003963011889,1.0932896744293676,0.3262910821343629,-2.033573708852653
IN.ADM2.00209,soyabean,2012,1.4526896127174955,1.0095880879631816,0.22420083694848092,2.033481375552581
IN.ADM2.00219,barley,2022,1.6090909090909091,2.157680655442192,0.4821407069980713,-2.033215621689554
IN.ADM2.00100,ragi,2014,1.4649910233393175,0.8919957324234356,0.29098453399193536,2.033086045294942
IN.ADM2.00334,rice,2007,2.032258064516129,1.8360327962985896,0.19084704821760964,2.032976955185652
IN.ADM2.00410,sugarcane,1997,28.796875,49.04400126146963,6.844396111618788,-2.032894448531686
IN.ADM2.00010,rice,2004,2.455006873598148,3.1613063710278237,0.23142927681717676,-2.0328614048765186
IN.ADM2.00552,bajra,2008,1.6117608877460587,0.8286584825528409,0.3976615772763917,2.032856829260214
IN.ADM2.00444,sugarcane,2010,50.43199713969751,60.7856271980193,5.4020167224899085,-2.0321774287732266
IN.ADM2.00148,maize,2010,3.2,2.513383869626194,0.3446294141043548,2.032120490657685
IN.ADM2.00027,maize,2001,1.196078431372549,1.3855573511987862,0.10772671676510151,-2.032117244571587
IN.ADM2.00267,groundnut,2022,1.6457580866398502,1.045901338536578,0.2623666113644578,2.031930708693338
IN.ADM2.00155,potato,2006,7.444579780755177,9.73315461037762,1.1029905205415351,-2.031842431701636
IN.ADM2.00376,arhartur,2001,1.0431654676258992,0.6014436937402922,0.27670333639808375,2.031805985652014
IN.ADM2.00571,bajra,2012,0.8,1.5029779918420025,0.36880235487952395,-2.031746749133804
IN.ADM2.00222,bajra,2003,2.0,1.767486481772196,0.3951873971035835,2.0315325304405474
IN.ADM2.00384,bajra,2014,3.27653311529027,1.6616468433489882,0.5984063321397617,2.0314708996416995
IN.ADM2.00424,jowar,2015,0.6091954022988506,1.0416046201486255,0.3005275525015154,-2.031463420410271
IN.ADM2.00143,maize,2009,1.606425702811245,2.9429586343166965,0.6377788851061839,-2.0313866249838006
IN.ADM2.00087,wheat,2005,1.059248242636871,2.542706356610992,0.632691283195898,-2.0313060800408946
IN.ADM2.00209,jowar,2016,1.0,1.4035849747855937,0.2879284309324248,-2.0312759524164488
IN.ADM2.00039,rapeseed_mustard,1999,0.9511111111111112,0.5669139485808793,0.15543341506718697,2.031224719453545
IN.ADM2.00576,barley,1998,2.388059701492537,1.412794864139973,0.49211161101041745,2.0312060456889394
IN.ADM2.00037,potato,1997,11.026705237515223,8.056884614577221,1.3403957285465804,2.0311385350874906
IN.ADM2.00509,wheat,2002,0.475,0.9801221493116355,0.27160369706628157,-2.0310048651107326
IN.ADM2.00437,sugarcane,2021,83.5,64.45771197367836,5.1309115896212365,2.030990872015654
IN.ADM2.00110,potato,2006,21.405797101449277,26.719288268941227,2.2306428948808463,-2.0308767551464504
IN.ADM2.00062,rice,2007,0.0666877245627196,1.5038310915471744,0.5943846377745894,-2.0308657856895205
IN.ADM2.00473,bajra,1998,0.589058524173028,1.045358041954145,0.12882721386411464,-2.029875094725938
IN.ADM2.00081,wheat,2005,0.6839090950577283,1.7289895060270057,0.4292264777519555,-2.029808612850971
IN.ADM2.00274,maize,2023,1.6359201835171342,2.180208399335174,0.5403470342492386,-2.0297701397058883
IN.ADM2.00488,rapeseed_mustard,2003,1.7701810797089186,1.5132751297764027,0.2162013314083008,2.029648366839859
IN.ADM2.00379,bajra,2002,0.6666666666666666,2.0670057501975294,0.48130625403691735,-2.0294563289164533
IN.ADM2.00529,rice,2013,0.8163265306122449,1.6815533769738082,0.4835749552323595,-2.0294419174028397
IN.ADM2.00233,potato,2004,18.845347313237223,15.469367208431619,2.235907981725541,2.029418227812871
IN.ADM2.00251,arhartur,2016,1.5376517237199798,0.8911424655489101,0.3092212502534999,2.02932597028017
IN.ADM2.00321,wheat,1999,4.854748603351955,4.501508742133124,0.2818500769945853,2.029291474067771
IN.ADM2.00537,rapeseed_mustard,2008,0.3371165299471851,0.6610614586676851,0.13539875199924187,-2.0291780212150052
IN.ADM2.00110,arhartur,2000,0.328125,1.0468749260175778,0.20479191809223563,-2.0291036612940014
IN.ADM2.00115,cottonlint,2013,1.095128749211447,0.5843212239248937,0.2603518805043816,2.0290952625853294
IN.ADM2.00084,potato,2017,32.39658894645941,16.502185385516412,5.214420669411846,2.0290772989638586
IN.ADM2.00335,barley,2007,1.85824067066426,2.4284784702559565,0.200704370652244,-2.029062434201418
IN.ADM2.00506,maize,1997,1.103607060629317,1.6249109406127729,0.16946435985909444,2.029041573548753
IN.ADM2.00124,arhartur,2000,0.3333333333333333,0.7380281811568516,0.19155737706664816,-2.0288785703550873
IN.ADM2.00523,sesamum,2019,0.2,0.4087665322499903,0.08176940693022565,-2.0288293538177538
IN.ADM2.00081,sesamum,2000,0.5333333333333333,0.8073842477599423,0.09887994000575345,-2.0287466418502818
IN.ADM2.00268,arhartur,2018,0.2495052117693627,0.5827910413866418,0.185029156169543,-2.0285343187593146
IN.ADM2.00201,rice,1998,1.8429881225255265,2.4014612412354586,0.1619991064987155,-2.0284877707507545
IN.ADM2.00260,bajra,2000,0.5595611285266457,1.0108570950789753,0.23440853675708234,-2.0279906188696746
IN.ADM2.00267,groundnut,2015,0.5416666666666666,1.045901338536578,0.2623666113644578,-2.0278704344643685
IN.ADM2.00030,sugarcane,2013,6.592592592592593,13.661297299750315,4.972675087093502,-2.0276393012829446
IN.ADM2.00549,groundnut,1999,1.5238095238095235,1.4710495917547233,0.4194702766137173,2.0276357560415708
IN.ADM2.00562,cottonlint,2022,0.34,0.5406494708994709,0.20180876708081247,-2.0274409501766377
IN.ADM2.00266,rapeseed_mustard,2000,0.05,0.3896013429295163,0.13165729690786793,-2.0274151454733875
IN.ADM2.00430,rice,2010,2.2256086564472497,2.58084383405779,0.17522657024965385,-2.0272905935695302
IN.ADM2.00565,arhartur,1997,0.5,0.9979562104562104,0.16333672087812293,-2.0272560532939696
IN.ADM2.00442,soyabean,2020,1.680851063829787,0.8120768273210494,0.35614136406012326,2.0271271934670536
IN.ADM2.00532,ragi,2020,0.8685185185185185,0.4146727522713338,0.1995940031791885,2.0270214873854484
IN.ADM2.00373,rice,2000,2.643809523809524,3.7761185456089588,0.38810264402819705,-2.026979037042722
IN.ADM2.00058,rice,2022,2.7864921314662534,1.726261073023971,0.24778173068095113,2.0265507662301485
IN.ADM2.00241,bajra,2014,2.0,0.9534407944996178,0.5206088687092638,2.0264877664274734
IN.ADM2.00154,barley,2010,0.201883460859329,1.0124894025056812,0.39559257714311563,-2.026475632242874
IN.ADM2.00494,maize,2020,2.7527675276752768,1.6196292695648453,0.3650322080482828,2.026405734230801
IN.ADM2.00390,arhartur,2000,3.2422085748722957,1.4474410085354663,0.5952882210538091,2.026272837869403
IN.ADM2.00342,sesamum,2003,0.4529791816223977,0.2117685302035707,0.12203201818704697,2.025951549760076
IN.ADM2.00516,sesamum,2016,0.320079610791685,0.19069835178347144,0.05150934293104518,2.0258670235745377
IN.ADM2.00491,wheat,2014,2.3552689482414277,2.8735310072265396,0.36731178995231434,-2.0258666428393655
IN.ADM2.00384,arhartur,2017,1.674914675767918,0.8207701201418286,0.2777748299172387,2.025712652115453
IN.ADM2.00316,sesamum,2017,0.4563704164077066,0.27368932952864267,0.0651211332783546,2.0256894820876052
IN.ADM2.00027,rapeseed_mustard,1997,0.9712230215827338,1.0491064753851314,0.030575595230633797,-2.0255957807077736
IN.ADM2.00141,sesamum,2000,0.8210180623973727,0.6128090451211164,0.17943738318422353,2.025595535996452
IN.ADM2.00002,maize,2014,9.166666666666668,2.874260810423826,3.1064786892689926,2.025575091816792
IN.ADM2.00192,maize,2012,1.0,2.2308124407167473,0.4190873945764649,-2.0255684386503976
IN.ADM2.00215,maize,2017,3.009774436090225,1.7172147061518908,0.4714227960994181,2.0253910119847998
IN.ADM2.00400,sugarcane,1997,65.10466138425288,65.56646795988321,5.554835259994109,2.025387741323408
IN.ADM2.00393,sesamum,2009,0.1041162227602905,0.1938893233839652,0.04232305740816124,-2.025329073202263
IN.ADM2.00421,rice,2018,3.609005859005859,2.692128127833688,0.2706613348235443,2.0250324821240917
IN.ADM2.00186,arhartur,2005,0.5219609051384753,0.38482281628296355,0.10503548284681664,2.0247981237279693
IN.ADM2.00188,sugarcane,1999,117.79988052568696,93.25583765543581,12.432654240911045,2.024764106183397
IN.ADM2.00247,sugarcane,2013,32.666666666666664,18.28213122415544,7.896743949728688,2.024154307357261
IN.ADM2.00147,rapeseed_mustard,2009,0.2773907536415453,0.6188153353004359,0.170604462089684,-2.024086635525801
IN.ADM2.00214,sesamum,2019,0.9050014673206724,0.5255441413620237,0.16608694225379114,2.023985224960148
IN.ADM2.00261,sugarcane,2003,46.53424657534247,66.76382778768775,12.213305041095222,-2.023854065460325
IN.ADM2.00545,ragi,2006,0.2439024390243902,1.0801960731579583,0.4109066279106636,-2.0237839157137523
IN.ADM2.00423,arhartur,2014,0.3860072376357056,0.775276763694186,0.19609277994156313,-2.0236963441870994
IN.ADM2.00216,bajra,2016,0.5,0.7610796616585249,0.25297330691311604,-2.0236912337160664
IN.ADM2.00442,jowar,2023,1.599623564840956,0.9579374280157671,0.17837569892377508,2.023436392242369
IN.ADM2.00555,bajra,2011,1.5564502164502163,1.17837032470872,0.18371014836119015,2.0233166413692656
IN.ADM2.00174,sugarcane,2021,88.00102426221113,65.0761905863457,12.511963464230753,2.023239293711885
IN.ADM2.00504,sugarcane,1999,54.17094017094017,70.29947554713502,11.939979272023058,-2.023238004035978
IN.ADM2.00465,wheat,2015,1.4514619883040936,2.0913662813826637,0.33798143828179794,-2.0232198791110734
IN.ADM2.00339,barley,2008,3.511812945426145,3.04494804715834,0.35130433257207344,2.0231434435277365
IN.ADM2.00286,soyabean,1997,1.4,0.8172361636555022,0.2596618844046755,2.0230462237786813
IN.ADM2.00258,soyabean,2015,0.8181818181818182,1.3463785836775584,0.2706806780144832,-2.0229992282254097
IN.ADM2.00570,wheat,2012,2.341463414634146,2.002824801808857,0.16168651190911404,2.0229914548299957
IN.ADM2.00523,potato,2018,19.191666666666663,14.473890344514784,2.0672166040019326,2.0228510003432922
IN.ADM2.00532,arhartur,1997,0.281437125748503,0.7238241913959437,0.16739949089394138,-2.0228495791779477
IN.ADM2.00430,jowar,2022,1.6363636363636365,0.8829339995194261,0.18788263361726423,2.0228128810455055
IN.ADM2.00568,groundnut,2011,3.8360763228640735,2.6168587838017863,0.501086774081953,2.022790495100229
IN.ADM2.00091,wheat,2017,2.179933110367893,1.3811875120703399,0.3299486549151145,2.022768436396345
IN.ADM2.00350,wheat,2007,2.3758395093913323,3.181923838330956,0.32600071933223557,-2.0226743137366467
IN.ADM2.00567,jowar,2013,1.2530035335689047,0.5592189048294466,0.3272925129335713,2.0224284554109113
IN.ADM2.00416,arhartur,2014,0.3867403314917127,0.8303867967890313,0.21137084864191794,-2.0216988566869465
IN.ADM2.00060,potato,2022,21.152803914188937,10.930566371909439,2.4725156971373745,2.0216717129672914
IN.ADM2.00471,maize,2012,4.122274069136273,2.936109438210713,0.46295149452903656,2.0214999124193334
IN.ADM2.00288,maize,2002,1.1228070175438596,2.290443764566554,0.5990759205957928,-2.021328868888198
IN.ADM2.00237,groundnut,2014,2.0,1.0728056868070426,0.3708872960123034,2.0213187255057545
IN.ADM2.00152,wheat,2021,2.5902548985607767,1.3703002414717766,0.3834501689163166,2.021301552032998
IN.ADM2.00366,rice,2016,3.5192660550458714,4.261707504894409,0.43702218750990457,-2.02119402590827
IN.ADM2.00245,ragi,2018,0.2845528455284553,0.22808038097740319,0.02652611506740232,2.021189648944292
IN.ADM2.00217,rice,2017,1.2598497070561263,1.6598091776155774,0.4368533018543221,-2.0210839257820195
IN.ADM2.00420,maize,2022,1.8582721626199887,0.785705970993809,0.3972681580321325,2.0209832298867676
IN.ADM2.00558,rice,2000,1.992542372881356,2.301762072254962,0.08380746170678495,2.020783901061904
IN.ADM2.00426,sugarcane,2009,51.171977302488,58.85912169431076,3.647995629485651,-2.020690761144691
IN.ADM2.00312,groundnut,2022,2.450632911392405,1.3550770964315506,0.2726103685841951,2.0204994580048066
IN.ADM2.00101,rapeseed_mustard,2012,1.886024423337856,1.1518191255939911,0.2868996649462612,2.02047883174867
IN.ADM2.00491,groundnut,2001,1.584420424897503,1.1986417484669103,0.4729843067742162,2.0204011414012832
IN.ADM2.00142,sesamum,2005,0.8,0.33980891719745226,0.24835280218782452,2.0197334849863853
IN.ADM2.00044,maize,2015,0.7650602409638554,1.81594982373209,0.9410494030625662,-2.019714965129411
IN.ADM2.00206,ragi,2020,0.3475763016157989,0.2696788894571827,0.034904015425850275,2.019639765215264
IN.ADM2.00553,rapeseed_mustard,2017,1.1708860759493671,0.7611458883007932,0.15340553098990983,2.019568855258282
IN.ADM2.00507,groundnut,1998,2.058651026392962,2.341079188989655,0.43250329953020067,2.01953001646822
IN.ADM2.00568,jowar,2008,0.4191848208011244,1.1302012685838916,0.35349901253583904,-2.0193827196166625
IN.ADM2.00364,arhartur,2012,0.429126213592233,0.7612339984782351,0.19090451650736287,-2.019218005997915
IN.ADM2.00392,sesamum,2015,0.301775147928994,0.19153047091796413,0.043373457588018555,2.019195237555373
IN.ADM2.00347,barley,1997,1.0,2.6971687491658987,0.3662990844456123,-2.0190361715565404
IN.ADM2.00005,ragi,2023,1.8730218705547657,1.1671387481032915,0.2438846684001,2.018983150005155
IN.ADM2.00239,sesamum,2012,0.8227848101265823,0.45191754824136193,0.1580814164556611,2.018980559058391
IN.ADM2.00213,maize,2006,1.1020307082714216,1.9603559044493044,0.34052975316025447,-2.018974782339369
IN.ADM2.00378,arhartur,2016,0.4152604548789435,0.8719943704104544,0.28643196951237526,-2.01894567667531
IN.ADM2.00205,sesamum,2015,0.5,0.7901517995052132,0.1878422893675438,-2.018915524298904
IN.ADM2.00364,rice,2005,2.670853132055509,3.7025318655069266,0.42108244155448077,-2.0186807213688525
IN.ADM2.00054,wheat,2023,1.472274368231047,1.0409932435393496,0.12250901895471583,2.018667341645125
IN.ADM2.00429,barley,2020,3.4628175519630484,2.178885505623006,0.3452080686939963,2.018589868328944
IN.ADM2.00176,jowar,2007,1.2081752141385669,0.8439358754697971,0.17857095438061063,2.018381032332429
IN.ADM2.00132,barley,1997,2.333333333333333,3.333000685641439,0.27910036660914567,-2.0183603722540195
IN.ADM2.00390,wheat,2017,3.60938349922646,2.4821285591541815,0.41582300374734144,2.018264652477172
IN.ADM2.00275,bajra,1999,0.9263736263736264,0.5634207238797116,0.19165996567233096,2.0181134842144988
IN.ADM2.00227,rice,2007,3.708041237113402,2.6724614250601393,0.6516162034813119,2.0180742038561137
IN.ADM2.00333,barley,2001,2.329443385955362,2.3662916867117536,0.24742808737671684,2.017547052235363
IN.ADM2.00218,barley,2017,1.615577889447236,1.8641647390391105,0.3881052927256582,-2.0174255559344316
IN.ADM2.00495,barley,2023,2.883018326341356,2.8080554652948213,0.3296194159896872,-2.017343910600435
IN.ADM2.00025,rice,2003,4.094708179553311,3.7288945052999627,0.33278913139708843,2.01726100893273
IN.ADM2.00214,groundnut,2017,0.7057971014492753,1.1265763156719653,0.33769162754296783,-2.016940022588004
IN.ADM2.00509,potato,2009,6.06,9.174019448758862,1.5142032682647983,-2.0168165104238067
IN.ADM2.00216,rapeseed_mustard,2020,0.8333333333333334,0.7815967554729322,0.14544110793070034,-2.016591137386024
IN.ADM2.00429,rice,2015,1.4559947714249035,1.9999926315092833,0.33609865444147413,-2.016483136516108
IN.ADM2.00417,maize,2022,3.7111111111111112,1.9582954967369663,0.5213375036385002,2.016377094012532
IN.ADM2.00525,arhartur,1997,0.2066609735269,0.6613200787373582,0.14016831116938172,-2.016274884455341
IN.ADM2.00425,jowar,2019,0.6988335100742312,0.9640514443131613,0.22429442623309015,-2.016080020574527
IN.ADM2.00242,sesamum,1997,1.0,0.5095897580241457,0.21617545080467002,2.0156479481911562
IN.ADM2.00219,sesamum,2002,0.1855104281009879,0.6807315386488512,0.18761441242293986,-2.0156273035573795
IN.ADM2.00357,potato,2020,15.0,15.040915134616661,7.3938867042778895,-2.01555224757787
IN.ADM2.00180,sugarcane,1999,95.0,65.19580104185866,16.59122144731062,2.015492399233271
IN.ADM2.00537,rapeseed_mustard,1998,0.7451456310679612,0.6610614586676851,0.13539875199924187,2.0154790507952196
IN.ADM2.00294,soyabean,2004,2.180831826401447,1.5303414977744314,0.3724532302436919,2.015446463625511
IN.ADM2.00110,jowar,2002,0.2222222222222222,0.8748338557728131,0.24920385936129852,-2.0153770435216147
IN.ADM2.00361,barley,1999,1.38,1.0598270867990598,0.18412510473635013,2.0151894387904306
IN.ADM2.00534,groundnut,2013,3.265240618198606,2.363110065446973,0.3387546294705473,2.014954396452549
IN.ADM2.00256,soyabean,2008,0.28625,1.2585014244116497,0.4681648681997208,-2.0148353423765997
IN.ADM2.00239,barley,2020,3.6,1.8225287784342563,0.5136775910555423,2.0148012067169025
IN.ADM2.00037,wheat,2008,1.0009827131817572,1.2512554326468106,0.11266719617489764,-2.0146352195874018
IN.ADM2.00405,potato,2016,22.9594570773841,25.036697349692947,2.807453244776319,-2.0145966260314694
IN.ADM2.00573,sugarcane,2005,31.47134071340713,42.07350504185393,5.7558961954942225,-2.014569825851532
IN.ADM2.00294,cottonlint,2004,0.6644670050761422,0.23307431979207935,0.17118727244286397,2.0144391983378367
IN.ADM2.00558,sesamum,2014,0.6336996336996337,0.5338010904364543,0.04068033437901436,2.014299395516213
IN.ADM2.00287,groundnut,2011,0.9027777777777778,0.8507773032016762,0.04316382539183613,2.014206142921942
IN.ADM2.00350,cottonlint,2020,0.3130487804878049,0.38000758488368913,0.09229122597131095,-2.0141884304780246
IN.ADM2.00220,rice,2016,1.6436206896551724,2.4196387301342095,0.5423206162331426,-2.0139942632135637
IN.ADM2.00537,arhartur,2014,2.1151405258386218,1.4911460954503317,0.34021847995676385,2.0139191927615943
IN.ADM2.00423,jowar,2023,1.6316631871955465,0.9885639342279302,0.2475199771352866,2.0139078896352793
IN.ADM2.00491,soyabean,2019,0.4693446088794926,1.0889510965556888,0.2528186384336589,-2.013869162635753
IN.ADM2.00390,sesamum,2008,0.1140538231524989,0.21319341902520436,0.05304753927062847,-2.0136649706619654
IN.ADM2.00559,maize,2018,5.0,2.9257295680048845,0.6682213602023636,2.013568648227706
IN.ADM2.00576,sesamum,2020,0.3333333333333333,0.35998707175177763,0.17017116654885805,-2.013415843723776
IN.ADM2.00261,maize,2015,0.9192245557350566,2.202319382515592,0.7615358812903247,-2.013090177530299
IN.ADM2.00431,groundnut,2011,2.2191719171917192,1.2706984723276533,0.46874059726020373,2.0126042964835107
IN.ADM2.00460,wheat,2005,2.220344526820759,2.811685070344738,0.2123847240728295,-2.0124628255238406
IN.ADM2.00077,sugarcane,2008,17.0,52.46501144460209,17.294454049697453,-2.012370562139552
IN.ADM2.00525,potato,2011,8.982046678635548,10.641828301640107,0.9587619888869114,-2.0120100111145125
IN.ADM2.00205,rice,2016,2.482830882352941,1.6225551983129032,0.2699535876229691,2.0119477519999602
IN.ADM2.00100,ragi,2009,0.3112244897959184,0.8919957324234356,0.29098453399193536,-2.0118648944369024
IN.ADM2.00052,wheat,1999,1.028108108108108,0.9623685811389711,0.2121660869047198,2.011792406267573
IN.ADM2.00523,wheat,2012,0.5571428571428572,1.3325569863206312,0.46688364914244934,-2.011773648576336
IN.ADM2.00522,groundnut,1999,1.9374041116907024,1.3524896832801725,0.3148233814697828,2.0117043409549105
IN.ADM2.00393,rapeseed_mustard,2014,0.5588774230880509,0.7199844729308496,0.09556511656463541,-2.0116321230728613
IN.ADM2.00300,rapeseed_mustard,2005,0.631578947368421,0.9358384598023212,0.13044787591394327,-2.0115964990678226
IN.ADM2.00466,sesamum,2020,0.4401004304160689,1.0476360557667972,0.24996800180036607,-2.011590278789112
IN.ADM2.00338,bajra,2012,1.8647619047619048,0.9887653411054429,0.3961000018164721,2.0114941860141
IN.ADM2.00369,groundnut,2015,2.15,1.2997206383558315,0.36042742969934843,2.0114935045687203
IN.ADM2.00377,arhartur,2018,1.375,0.8776774177448246,0.2209147879522285,2.011059044207262
IN.ADM2.00189,cottonlint,2017,0.6117190082644628,0.3348323254932939,0.1082385724142587,2.010912929081531
IN.ADM2.00489,arhartur,2012,1.5,0.7141400258393996,0.3508032638509159,2.01086558039231
IN.ADM2.00421,sesamum,2014,0.0407996736026111,0.15206887714381875,0.05579624239450298,-2.0108173641911526
IN.ADM2.00190,rice,2003,1.9639061185051276,2.785950648491843,0.3082593336343072,-2.010746921760912
IN.ADM2.00485,groundnut,2005,0.5,0.9223306280875088,0.18473113640964356,-2.010635014597681
IN.ADM2.00571,arhartur,2010,1.6256410256410256,1.0737774199288268,0.2734606339462642,2.0106259231532513
IN.ADM2.00336,cottonlint,2013,0.6666666666666666,0.419046697063945,0.0820032393479099,2.0105922868827424
IN.ADM2.00267,arhartur,1997,0.1304347826086956,0.7178601548290039,0.2759556774596949,-2.010489208805203
IN.ADM2.00269,bajra,2018,0.1248572081334247,0.38972980881880137,0.11839505639881441,-2.010481269641711
IN.ADM2.00123,rice,2018,2.969362745098039,1.631789139256934,0.43370948253363273,2.010306948980696
IN.ADM2.00425,arhartur,2014,0.3872180451127819,0.7910887261826767,0.20215471087567194,-2.009798463838718
IN.ADM2.00337,jowar,2000,0.9685097889327728,0.7944611097436654,0.18027114556454446,2.0097772761987693
IN.ADM2.00132,sesamum,1999,0.0,0.6150616056857701,0.24444465758191603,-2.009769457441394
IN.ADM2.00505,ragi,1999,0.9227974568574024,0.8173146312657396,0.07474949117598687,2.0095118827470633
IN.ADM2.00245,rice,2001,1.3335403242569113,1.337864499591661,0.23432431351938676,2.009511288335625
IN.ADM2.00430,barley,2012,2.6631944444444446,3.335324414450815,0.3699778833110002,-2.009473800450951
IN.ADM2.00416,jowar,2002,1.3942235154650289,1.107911236766732,0.21579502564081998,2.009387479194807
IN.ADM2.00211,maize,2011,0.3992718446601941,0.9751269520704248,0.2973578215321756,-2.0093580079480584
IN.ADM2.00224,barley,2015,3.0,1.2912897624020052,0.591199294428903,2.0093463315501388
IN.ADM2.00114,wheat,1999,1.702127659574468,3.2451381639295778,0.4396886291486454,-2.0089451648945733
IN.ADM2.00215,wheat,2023,2.5791108736076422,2.736002420203373,0.564637860178794,-2.008910864847312
IN.ADM2.00025,rice,2013,3.191332298350764,3.7288945052999627,0.33278913139708843,-2.008763251170817
IN.ADM2.00513,arhartur,1998,0.75,1.0069444444444444,0.11929111841488274,-2.0087455734925688
IN.ADM2.00484,sesamum,2007,1.0,0.8298423833963671,0.107108591001972,2.008684630084008
IN.ADM2.00214,sugarcane,2022,4.899976353747931,32.488250370825405,14.817387559649909,-2.0085733848477516
IN.ADM2.00151,barley,2002,2.098463141443084,1.460961979011744,0.3825468222235334,2.0083848354065106
IN.ADM2.00506,sugarcane,2022,53.31291448516579,74.23955608646,11.602784235911413,-2.008352361187662
IN.ADM2.00058,rapeseed_mustard,2001,0.6943678775661332,0.593022436573646,0.07030834977502967,2.0082076839209826
IN.ADM2.00393,maize,2017,1.6711885325769222,1.1841567106120245,0.14643639317915302,2.0080631358967613
IN.ADM2.00552,maize,2020,2.75,1.6194595481493073,0.3445184925169188,2.0080409299938506
IN.ADM2.00574,bajra,2020,2.25,1.0184254116006286,0.40075435631523937,2.007861685537586
IN.ADM2.00506,potato,2020,7.121996996996997,8.868813268708752,0.7251862664186219,-2.0078416604877005
IN.ADM2.00357,rapeseed_mustard,2004,0.610746970071729,1.0661049769838806,0.18674532124950974,-2.0077440158627318
IN.ADM2.00172,potato,2005,2.64431256181998,9.227194681493373,3.573737601435497,-2.0076800010790903
IN.ADM2.00509,arhartur,1997,0.172465960665658,0.7133734011636577,0.1633525864920824,-2.007552783023506
IN.ADM2.00479,arhartur,2006,0.4111111111111111,1.48402921756212,0.4747031922431387,-2.007529872681561
IN.ADM2.00008,jowar,2022,7.483795145323871,3.3132024850580852,0.8162147540916954,2.0075274656609894
IN.ADM2.00433,maize,2023,1.155767984227844,1.5820380587393286,0.3373891414831599,-2.0074869196668472
IN.ADM2.00045,cottonlint,2008,0.085,0.07189484447176751,0.006646405474029676,2.0074426955853713
IN.ADM2.00472,rice,2009,1.331928157655078,2.5827690980630287,0.5866384729264907,-2.0072907350565456
IN.ADM2.00259,jowar,2018,0.4108527131782946,0.6260346004602171,0.2005035287233135,-2.0072485380154714
IN.ADM2.00142,maize,2012,6.036217303822937,2.8538801464397925,1.5463819626977808,2.0072209688674105
IN.ADM2.00489,rapeseed_mustard,1997,0.6205357142857143,1.5066675998631214,0.21288501247884115,-2.007033046451987
IN.ADM2.00572,sugarcane,2006,41.600022141038416,59.89969610461754,6.65216939637327,-2.0070078818754835
IN.ADM2.00477,arhartur,2013,2.204334365325077,1.4770146121418828,0.36742707929051255,2.0070070117766368
IN.ADM2.00507,ragi,2022,1.1499176578225068,0.6334199031938739,0.12910437321376644,2.0069112557180087
IN.ADM2.00221,bajra,2010,1.6444444444444444,1.1110484697035492,0.26090470410378797,2.006812884155727
IN.ADM2.00018,groundnut,2000,2.832570750720217,2.0659435028698945,0.48828917797778176,2.0066651914818965
IN.ADM2.00452,rice,2019,3.553469937569619,3.0952286800560143,0.1410994381581165,2.006538730632596
IN.ADM2.00406,arhartur,2014,0.4949516648764769,1.3866549745430516,0.4415999836795559,-2.006535995034399
IN.ADM2.00113,potato,2008,20.82456140350877,25.166211293804164,1.8821228183941558,-2.0065049263264427
IN.ADM2.00333,rice,2007,2.0,1.841166167703039,0.17476396913368164,2.006314665322844
IN.ADM2.00080,maize,2009,2.4765935104483883,4.673319732414934,1.0048184550145847,-2.006096192487638
IN.ADM2.00139,groundnut,2009,1.2820512820512822,0.7546175492697449,0.26293878936062637,2.005918313018851
IN.ADM2.00280,wheat,2021,1.9566400708204408,1.207356445998609,0.30344024908874706,2.005873178232408
IN.ADM2.00232,wheat,2012,3.39060833820646,2.356869084489747,0.4065329149814578,2.0057124378603577
IN.ADM2.00298,potato,2004,7.875912408759124,10.492929936796573,1.6499917692995019,-2.0055502091685007
IN.ADM2.00120,rapeseed_mustard,2022,1.49607590488462,1.4900042559533222,0.16892818030152354,-2.005512492492939
IN.ADM2.00251,wheat,2015,0.8696629213483146,1.539504019509295,0.37658777895370543,-2.0054857661308048
IN.ADM2.00246,barley,2016,3.0,2.0060038687305064,0.44880857582513467,2.005386824391815
IN.ADM2.00398,sesamum,2009,0.1043478260869565,0.1931793076755912,0.04228322101831952,-2.0053622294919045
IN.ADM2.00219,bajra,2017,0.8631578947368421,1.362876897164386,0.32433559865779593,-2.0052794158305782
IN.ADM2.00069,rice,2004,0.1864814098668581,2.0108504260311344,0.7046859958968806,-2.0052608604679643
IN.ADM2.00232,wheat,2007,1.2142244664634143,2.356869084489747,0.4065329149814578,-2.0050477916547313
IN.ADM2.00379,jowar,2013,1.7455089820359282,1.0569858990172545,0.33506935453869535,2.0049613342895283
IN.ADM2.00461,sesamum,2019,0.5557348716363928,0.8517311267369693,0.1422539979809138,-2.0048883498147223
IN.ADM2.00247,maize,2019,0.7522086663862011,1.490449026710458,0.5246548271945605,-2.004874362878407
IN.ADM2.00343,maize,2003,1.9,1.5580072965978131,0.2844860739733417,2.0045697342391233
IN.ADM2.00237,sesamum,2015,0.5,0.2861994542267101,0.06880466134272346,2.0044535297412693
IN.ADM2.00427,potato,2008,19.470977596741346,25.89209708529158,2.738322653380656,-2.0041534245023023
IN.ADM2.00075,rice,2012,3.575056419413238,2.3592735029872034,0.5130872076221561,2.004081883580796
IN.ADM2.00344,maize,2007,1.6820166135234629,1.025404353979201,0.35572626758572895,2.0040684718882162
IN.ADM2.00078,arhartur,2011,1.9069767441860463,1.3721695753149796,0.2487252190587232,2.004060077054989
IN.ADM2.00266,jowar,2006,0.9865229110512128,0.7042929209601252,0.11627533418751647,2.003961399483403
IN.ADM2.00114,sugarcane,2002,50.0,71.01745864586243,10.639944388057605,-2.003773239839156
IN.ADM2.00113,potato,2016,23.84390243902439,25.166211293804164,1.8821228183941558,-2.0037696859877303
IN.ADM2.00126,jowar,1999,1.6861702127659577,1.4191037806972437,0.17081826804534722,2.0037503146931988
IN.ADM2.00285,arhartur,2009,0.6,0.9692177225759315,0.12069367738269503,-2.0037151358119165
IN.ADM2.00505,groundnut,2017,1.7396825396825395,1.1489548197517665,0.2300207991167248,2.003689247392551
IN.ADM2.00464,potato,2008,18.36505640728956,27.423614066548843,4.030664436448757,-2.003683409543808
IN.ADM2.00261,jowar,2015,0.3043478260869565,0.8126038420046979,0.26146704524534137,-2.0035834766631266
IN.ADM2.00112,arhartur,2022,0.8964565117349287,0.9658711221559314,0.1758618858653863,-2.003541782998294
IN.ADM2.00418,arhartur,2015,0.179912330855727,1.197929385422498,0.48990533285936194,-2.003524460087711
IN.ADM2.00115,cottonlint,2021,0.0053604783712977,0.5843212239248937,0.2603518805043816,-2.0032704774404118
IN.ADM2.00087,barley,2001,2.0961337513061653,1.3665338518650658,0.3678830267284711,2.003260858412275
IN.ADM2.00413,wheat,2015,2.6331998161402588,2.8079089856153923,0.1880752412485388,-2.002891435954114
IN.ADM2.00147,barley,2000,0.4230626622172784,1.4496995308390244,0.3134951650657414,-2.0028197834466233
IN.ADM2.00554,sesamum,2009,0.1071428571428571,0.1969415790393368,0.04294562311199865,-2.002670379270488
IN.ADM2.00348,bajra,2003,1.2586613125138395,0.6037166687912957,0.3815672773550518,2.002516507243897
IN.ADM2.00043,wheat,2006,0.7558139534883721,1.1788691803200608,0.19021133152819755,-2.0024301068928048
IN.ADM2.00367,ragi,2016,1.8258052906244375,2.2960921751217094,0.47614918088643465,-2.0023832306589013
IN.ADM2.00324,arhartur,1998,0.5,0.9505208333333333,0.1566748806325756,-2.002233698920972
IN.ADM2.00331,bajra,2018,0.5,0.9,0.10041507551430168,-2.002197250376403
IN.ADM2.00339,jowar,2003,0.7138796778777831,0.5713687934525581,0.1473419243359303,2.002125638656422
IN.ADM2.00228,bajra,2013,0.8888888888888888,1.4745732262384055,0.3454420820547919,-2.002034544862875
IN.ADM2.00455,wheat,2017,3.0108359133126936,1.8102170620792224,0.4324306866913911,2.0020234838822684
IN.ADM2.00564,rapeseed_mustard,2010,1.3333333333333333,1.080541719019033,0.12511562426302295,2.0019818637680507
IN.ADM2.00302,rapeseed_mustard,2005,0.640625,0.9242994907966037,0.12566891484267878,-2.0019531101694166
IN.ADM2.00540,maize,2019,4.100868725868726,1.968710306572801,0.7746306363093933,2.001915765653838
IN.ADM2.00078,potato,2016,9.137941534713764,10.786813426971039,2.5375002693393554,-2.0017690416790184
IN.ADM2.00255,groundnut,2018,0.1679920477137177,0.6516504601081278,0.26462356521891894,-2.0017273055691778
IN.ADM2.00151,rapeseed_mustard,2016,0.0296296296296296,0.2912534269647366,0.16417427466895146,-2.0016338365957798
IN.ADM2.00400,sesamum,2019,0.0763941940412528,0.15308297142396063,0.04411613438346106,-2.0015255050751732
IN.ADM2.00324,rapeseed_mustard,2009,1.8,1.4224724369197688,0.20190264515483156,2.0014554034594254
IN.ADM2.00241,maize,2009,0.5750630718258913,1.3759787533177215,0.37587579938765814,-2.0014310554318553
IN.ADM2.00403,sesamum,2005,0.2976190476190476,0.2198879872761871,0.041145946535760355,2.0013944578700484
IN.ADM2.00274,sesamum,2017,0.9090909090909092,0.37934343434343437,0.2643515323704915,2.001049813987837
IN.ADM2.00397,sugarcane,2008,50.50400394976096,63.16048412164267,5.639499370331176,-2.0009739561139703
IN.ADM2.00524,sugarcane,2019,56.04015151515152,65.47342254338955,7.401337398110172,-2.00091960910185
IN.ADM2.00472,sesamum,2003,1.0,0.814109483859609,0.10685171801373804,2.0008657293001413
IN.ADM2.00532,groundnut,2021,1.8013003289989034,1.0589215982421096,0.26783967642318396,2.0008293256683882
IN.ADM2.00281,potato,2008,8.879227053140097,7.195290399337332,1.0037622316552441,2.000572686813227
IN.ADM2.00498,arhartur,2011,0.684931506849315,1.025009078424834,0.1593380617091525,-2.0005069569857814
IN.ADM2.00102,potato,2006,16.0,19.70246913580247,2.001720882109638,-2.0002817039223517
IN.ADM2.00567,cottonlint,2014,0.5331292517006803,0.366097239628244,0.07748421487031475,2.0002750893087335
IN.ADM2.00152,wheat,2007,1.989003275620028,1.3703002414717766,0.3834501689163166,2.0002558563465156
IN.ADM2.00172,groundnut,2015,0.5702985114514016,0.8265466523509291,0.17046852889410727,-2.0001780111578307
IN.ADM2.00263,wheat,2015,0.3072289156626506,1.0287256286562636,0.37487844516305424,-2.0001245873137945
IN.ADM2.00179,soyabean,1998,1.0764482431149098,0.7755412219421632,0.1917234210180119,2.0000518792037605
