stable_id,crop,n_years,series_mean,n_anomalous_years,eligible
IN.ADM2.00001,arhartur,11,0.5118825792651296,1,True
IN.ADM2.00001,groundnut,12,0.730436842100128,1,True
IN.ADM2.00001,maize,14,2.2587535597783863,2,True
IN.ADM2.00001,rapeseed_mustard,11,0.9120756039029261,1,True
IN.ADM2.00001,rice,19,2.4856887304213053,1,True
IN.ADM2.00001,sesamum,12,0.45781487226532286,1,True
IN.ADM2.00001,sugarcane,20,18.140490338658307,0,True
IN.ADM2.00002,maize,6,2.874260810423826,1,True
IN.ADM2.00002,rice,18,2.182876317107694,1,True
IN.ADM2.00002,sugarcane,16,5.380562754678341,1,True
IN.ADM2.00003,arhartur,25,0.6827962109945571,0,True
IN.ADM2.00003,bajra,23,0.6558693114803491,1,True
IN.ADM2.00003,cottonlint,26,0.34335910323298285,1,True
IN.ADM2.00003,gram,3,,0,False
IN.ADM2.00003,groundnut,26,1.7140833670225355,0,True
IN.ADM2.00003,jowar,27,1.127034959608803,1,True
IN.ADM2.00003,maize,27,4.547287390697749,1,True
IN.ADM2.00003,potato,5,11.655555555555555,0,True
IN.ADM2.00003,ragi,8,1.232187657758478,1,True
IN.ADM2.00003,rapeseed_mustard,8,0.5670853611282136,1,True
IN.ADM2.00003,rice,27,2.551402541764437,2,True
IN.ADM2.00003,sesamum,26,0.3275200897375678,2,True
IN.ADM2.00003,soyabean,19,1.3052532695645118,1,True
IN.ADM2.00003,sugarcane,22,84.11694112640251,1,True
IN.ADM2.00003,wheat,27,1.2927514402690192,1,True
IN.ADM2.00004,arhartur,25,0.21294680144592035,1,True
IN.ADM2.00004,bajra,27,0.9511115482479633,1,True
IN.ADM2.00004,cottonlint,26,0.18705471916614233,1,True
IN.ADM2.00004,gram,3,,0,False
IN.ADM2.00004,groundnut,26,0.5325716797012233,1,True
IN.ADM2.00004,jowar,27,0.7879927024934825,1,True
IN.ADM2.00004,maize,27,3.79575268682585,1,True
IN.ADM2.00004,potato,16,11.870751574964418,0,True
IN.ADM2.00004,ragi,27,1.8379852735899012,2,True
IN.ADM2.00004,rapeseed_mustard,2,,0,False
IN.ADM2.00004,rice,27,2.7556426765289888,1,True
IN.ADM2.00004,sesamum,9,0.3744666220807773,0,True
IN.ADM2.00004,soyabean,19,1.0103124228559432,0,True
IN.ADM2.00004,sugarcane,24,90.9063139844867,3,True
IN.ADM2.00004,wheat,21,0.7457794117564752,0,True
IN.ADM2.00005,arhartur,25,0.25847264621306265,1,True
IN.ADM2.00005,bajra,27,1.9559098810999584,0,True
IN.ADM2.00005,cottonlint,26,0.2683026752523049,1,True
IN.ADM2.00005,gram,3,,0,False
IN.ADM2.00005,groundnut,26,1.155307443266462,1,True
IN.ADM2.00005,jowar,27,1.162692053410086,0,True
IN.ADM2.00005,maize,27,4.6261539906967695,1,True
IN.ADM2.00005,potato,22,12.59478271304831,2,True
IN.ADM2.00005,ragi,27,1.1671387481032915,2,True
IN.ADM2.00005,rapeseed_mustard,11,0.7046736158578264,1,True
IN.ADM2.00005,rice,27,3.4376624281373114,2,True
IN.ADM2.00005,sesamum,26,0.3520681255477802,1,True
IN.ADM2.00005,soyabean,14,1.3773009220693386,0,True
IN.ADM2.00005,sugarcane,26,89.01912608900018,2,True
IN.ADM2.00005,wheat,19,0.9019906091155595,1,True
IN.ADM2.00007,arhartur,25,0.4046103189968174,1,True
IN.ADM2.00007,bajra,27,0.9479576148716172,0,True
IN.ADM2.00007,cottonlint,26,0.3644027637565752,1,True
IN.ADM2.00007,gram,3,,0,False
IN.ADM2.00007,groundnut,26,1.4701825993087043,1,True
IN.ADM2.00007,jowar,27,1.4649787781832058,1,True
IN.ADM2.00007,maize,27,5.227611465208643,1,True
IN.ADM2.00007,potato,22,9.982093232789271,1,True
IN.ADM2.00007,ragi,27,0.9899402570405238,2,True
IN.ADM2.00007,rapeseed_mustard,2,,0,False
IN.ADM2.00007,rice,27,3.217521096049172,1,True
IN.ADM2.00007,sesamum,26,0.21272988943944662,2,True
IN.ADM2.00007,soyabean,6,1.2750702017053517,0,True
IN.ADM2.00007,sugarcane,26,62.42946868497446,1,True
IN.ADM2.00008,arhartur,25,0.5749988389891711,1,True
IN.ADM2.00008,bajra,27,1.6740895530080588,1,True
IN.ADM2.00008,cottonlint,26,0.5007946885325817,1,True
IN.ADM2.00008,gram,3,,0,False
IN.ADM2.00008,groundnut,26,2.501610784906423,2,True
IN.ADM2.00008,jowar,27,3.3132024850580852,3,True
IN.ADM2.00008,maize,27,7.420123295588758,1,True
IN.ADM2.00008,potato,2,,0,False
IN.ADM2.00008,ragi,27,1.5397477526311387,1,True
IN.ADM2.00008,rapeseed_mustard,23,0.4263878105500149,2,True
IN.ADM2.00008,rice,27,3.4189199422817733,1,True
IN.ADM2.00008,sesamum,26,0.2672223430025621,1,True
IN.ADM2.00008,soyabean,18,1.449902774918452,1,True
IN.ADM2.00008,sugarcane,26,79.101468621228,1,True
IN.ADM2.00008,wheat,6,1.1394667445400164,0,True
IN.ADM2.00009,rice,4,,0,False
IN.ADM2.00010,arhartur,25,0.5288396393613077,0,True
IN.ADM2.00010,bajra,27,0.8832846973437961,2,True
IN.ADM2.00010,cottonlint,26,0.40654188817893533,1,True
IN.ADM2.00010,gram,3,,0,False
IN.ADM2.00010,groundnut,26,1.6520055606606157,0,True
IN.ADM2.00010,jowar,27,1.132277453798049,1,True
IN.ADM2.00010,maize,27,4.134119841553072,2,True
IN.ADM2.00010,potato,21,11.326299002325934,1,True
IN.ADM2.00010,ragi,21,1.102293388007674,1,True
IN.ADM2.00010,rapeseed_mustard,12,0.975557544944296,0,True
IN.ADM2.00010,rice,27,3.1613063710278237,1,True
IN.ADM2.00010,sesamum,26,0.39366404670742583,2,True
IN.ADM2.00010,soyabean,18,1.3288385943917764,2,True
IN.ADM2.00010,sugarcane,26,78.69889320924965,2,True
IN.ADM2.00010,wheat,27,1.1869585909169194,2,True
IN.ADM2.00011,arhartur,25,0.5673581778053444,1,True
IN.ADM2.00011,bajra,18,0.6308051325684642,1,True
IN.ADM2.00011,cottonlint,26,0.42850662240543386,1,True
IN.ADM2.00011,gram,3,,0,False
IN.ADM2.00011,groundnut,26,1.8238671594918257,1,True
IN.ADM2.00011,jowar,27,1.0940935899372253,1,True
IN.ADM2.00011,maize,27,4.929216228765892,2,True
IN.ADM2.00011,ragi,12,1.3633757596605893,1,True
IN.ADM2.00011,rapeseed_mustard,2,,0,False
IN.ADM2.00011,rice,27,2.941350657493304,1,True
IN.ADM2.00011,sesamum,26,0.31306509402768595,1,True
IN.ADM2.00011,soyabean,9,1.5248575498575498,1,True
IN.ADM2.00011,sugarcane,26,84.99415835314413,2,True
IN.ADM2.00011,wheat,1,,0,False
IN.ADM2.00012,arhartur,25,0.6816690807042903,2,True
IN.ADM2.00012,bajra,4,,0,False
IN.ADM2.00012,cottonlint,26,0.4804464200210993,1,True
IN.ADM2.00012,gram,3,,0,False
IN.ADM2.00012,groundnut,26,2.421611655461492,2,True
IN.ADM2.00012,jowar,25,2.957709632703185,1,True
IN.ADM2.00012,maize,27,5.73974424365287,0,True
IN.ADM2.00012,ragi,2,,0,False
IN.ADM2.00012,rapeseed_mustard,20,0.4684145837612811,2,True
IN.ADM2.00012,rice,27,3.410235999498513,2,True
IN.ADM2.00012,sesamum,24,0.21694185563463875,1,True
IN.ADM2.00012,soyabean,1,,0,False
IN.ADM2.00012,sugarcane,26,96.4740397153197,1,True
IN.ADM2.00013,arhartur,25,0.422695640634717,2,True
IN.ADM2.00013,bajra,27,1.2020092983001487,3,True
IN.ADM2.00013,cottonlint,26,0.2802619550778625,2,True
IN.ADM2.00013,gram,3,,0,False
IN.ADM2.00013,groundnut,26,0.9836559805943785,1,True
IN.ADM2.00013,jowar,27,1.7930360168867066,1,True
IN.ADM2.00013,maize,27,4.315775012325129,1,True
IN.ADM2.00013,potato,15,13.23115890728444,0,True
IN.ADM2.00013,ragi,15,1.3682515564839826,1,True
IN.ADM2.00013,rapeseed_mustard,23,0.7145419968664265,2,True
IN.ADM2.00013,rice,27,3.325139461500037,1,True
IN.ADM2.00013,sesamum,23,0.33999980684949577,1,True
IN.ADM2.00013,soyabean,17,1.501374466645176,0,True
IN.ADM2.00013,sugarcane,26,92.77943487448192,2,True
IN.ADM2.00013,wheat,24,0.8056644771904807,1,True
IN.ADM2.00014,arhartur,25,0.4903201944420602,0,True
IN.ADM2.00014,bajra,27,0.8454243572982263,1,True
IN.ADM2.00014,cottonlint,26,0.2809438319220546,2,True
IN.ADM2.00014,gram,3,,0,False
IN.ADM2.00014,groundnut,26,1.5816495462103157,1,True
IN.ADM2.00014,jowar,27,0.9424246213652183,0,True
IN.ADM2.00014,maize,27,2.6631581134628033,0,True
IN.ADM2.00014,potato,21,12.353581232798044,2,True
IN.ADM2.00014,ragi,27,1.2584141446366015,2,True
IN.ADM2.00014,rapeseed_mustard,4,,0,False
IN.ADM2.00014,rice,27,2.6190102783680365,1,True
IN.ADM2.00014,sesamum,24,0.2278250056377024,2,True
IN.ADM2.00014,soyabean,17,1.4786700146321903,1,True
IN.ADM2.00014,sugarcane,26,78.35073038421602,2,True
IN.ADM2.00014,wheat,27,1.224303466111372,1,True
IN.ADM2.00016,arhartur,25,0.46688008582534574,1,True
IN.ADM2.00016,bajra,27,0.810921522347426,2,True
IN.ADM2.00016,cottonlint,26,0.2940453062371464,1,True
IN.ADM2.00016,gram,3,,0,False
IN.ADM2.00016,groundnut,26,1.2276321503835346,1,True
IN.ADM2.00016,jowar,27,0.704558274346022,2,True
IN.ADM2.00016,maize,27,3.107231734260555,1,True
IN.ADM2.00016,potato,3,,0,False
IN.ADM2.00016,ragi,6,1.7535714285714283,0,True
IN.ADM2.00016,rice,27,3.088506881824784,1,True
IN.ADM2.00016,sesamum,25,0.21350190105886593,2,True
IN.ADM2.00016,soyabean,8,1.6261668418379147,0,True
IN.ADM2.00016,sugarcane,25,79.5923510349678,1,True
IN.ADM2.00016,wheat,4,,0,False
IN.ADM2.00018,arhartur,25,0.7028451984767673,2,True
IN.ADM2.00018,bajra,26,0.9485579617691463,2,True
IN.ADM2.00018,cottonlint,26,0.3193818761517098,0,True
IN.ADM2.00018,gram,3,,0,False
IN.ADM2.00018,groundnut,26,2.0659435028698945,1,True
IN.ADM2.00018,jowar,27,1.6742038920679732,0,True
IN.ADM2.00018,maize,27,4.682543622868372,2,True
IN.ADM2.00018,potato,3,,0,False
IN.ADM2.00018,ragi,12,1.3673539910382015,0,True
IN.ADM2.00018,rapeseed_mustard,15,0.7598399980302197,1,True
IN.ADM2.00018,rice,27,3.333762352994848,2,True
IN.ADM2.00018,sesamum,26,0.4595499353896889,2,True
IN.ADM2.00018,soyabean,19,1.5792807861621387,1,True
IN.ADM2.00018,sugarcane,26,78.98628459079126,2,True
IN.ADM2.00018,wheat,27,1.2582740123714142,3,True
IN.ADM2.00021,arhartur,25,0.5435110474603464,1,True
IN.ADM2.00021,bajra,27,1.5268145972536038,1,True
IN.ADM2.00021,cottonlint,26,0.33381344441131083,1,True
IN.ADM2.00021,gram,3,,0,False
IN.ADM2.00021,groundnut,26,1.2851745718771765,1,True
IN.ADM2.00021,jowar,27,1.2828821592121786,2,True
IN.ADM2.00021,maize,27,4.7825814647140374,2,True
IN.ADM2.00021,potato,5,12.192804232804232,0,True
IN.ADM2.00021,ragi,27,1.2860543685187906,1,True
IN.ADM2.00021,rapeseed_mustard,2,,0,False
IN.ADM2.00021,rice,27,2.312076423796627,2,True
IN.ADM2.00021,sesamum,26,0.18837710718379835,3,True
IN.ADM2.00021,soyabean,1,,0,False
IN.ADM2.00021,sugarcane,26,65.32174958855852,1,True
IN.ADM2.00021,wheat,2,,0,False
IN.ADM2.00025,arhartur,23,0.5597468449626495,1,True
IN.ADM2.00025,bajra,3,,0,False
IN.ADM2.00025,cottonlint,26,0.4287778150222539,1,True
IN.ADM2.00025,gram,1,,0,False
IN.ADM2.00025,groundnut,26,2.459738983507779,1,True
IN.ADM2.00025,jowar,24,2.451790014754307,1,True
IN.ADM2.00025,maize,27,6.912980134612519,1,True
IN.ADM2.00025,ragi,4,,0,False
IN.ADM2.00025,rapeseed_mustard,6,0.6958333333333333,0,True
IN.ADM2.00025,rice,27,3.7288945052999627,3,True
IN.ADM2.00025,sesamum,24,0.2627110580653771,0,True
IN.ADM2.00025,sugarcane,26,92.38573923356131,1,True
IN.ADM2.00025,wheat,2,,0,False
IN.ADM2.00026,groundnut,9,2.0344853452831617,1,True
IN.ADM2.00026,maize,27,1.486052398519638,1,True
IN.ADM2.00026,potato,25,6.3864328163022845,2,True
IN.ADM2.00026,ragi,1,,0,False
IN.ADM2.00026,rapeseed_mustard,9,0.8226101769757883,0,True
IN.ADM2.00026,rice,27,1.8554293383814127,1,True
IN.ADM2.00026,sesamum,9,0.6410801497378305,0,True
IN.ADM2.00026,soyabean,9,2.027012155793267,0,True
IN.ADM2.00026,sugarcane,25,12.390786230010827,1,True
IN.ADM2.00026,wheat,27,1.8920062473301487,0,True
IN.ADM2.00027,arhartur,7,0.831587417731399,0,True
IN.ADM2.00027,groundnut,9,0.7954662262978697,1,True
IN.ADM2.00027,maize,27,1.3855573511987862,2,True
IN.ADM2.00027,potato,25,7.051702753837103,1,True
IN.ADM2.00027,ragi,1,,0,False
IN.ADM2.00027,rapeseed_mustard,9,1.0491064753851314,2,True
IN.ADM2.00027,rice,27,1.2893506354926032,2,True
IN.ADM2.00027,sesamum,9,0.972917317061212,1,True
IN.ADM2.00027,soyabean,9,1.424528002704775,1,True
IN.ADM2.00027,sugarcane,23,14.880558513238123,0,True
IN.ADM2.00027,wheat,27,1.738370511282007,1,True
IN.ADM2.00028,arhartur,7,0.9464746942579456,0,True
IN.ADM2.00028,groundnut,2,,0,False
IN.ADM2.00028,maize,27,1.5724692010698262,1,True
IN.ADM2.00028,potato,25,7.459470011131592,2,True
IN.ADM2.00028,ragi,1,,0,False
IN.ADM2.00028,rapeseed_mustard,9,1.3840192798947635,0,True
IN.ADM2.00028,rice,27,1.1061602609518681,1,True
IN.ADM2.00028,sesamum,9,0.7061051309427664,0,True
IN.ADM2.00028,soyabean,9,1.4117490835941258,0,True
IN.ADM2.00028,sugarcane,2,,0,False
IN.ADM2.00028,wheat,27,1.4092717276500808,0,True
IN.ADM2.00030,arhartur,7,0.5556201959289262,0,True
IN.ADM2.00030,groundnut,9,0.6626483784265578,1,True
IN.ADM2.00030,maize,27,1.2193578989747624,1,True
IN.ADM2.00030,potato,25,8.586066776208266,1,True
IN.ADM2.00030,ragi,1,,0,False
IN.ADM2.00030,rapeseed_mustard,9,0.9381774101987526,0,True
IN.ADM2.00030,rice,27,1.5588181851316776,3,True
IN.ADM2.00030,sesamum,9,0.7918580898992361,1,True
IN.ADM2.00030,soyabean,9,1.7737727107828594,1,True
IN.ADM2.00030,sugarcane,25,13.661297299750315,1,True
IN.ADM2.00030,wheat,27,1.782965600844833,1,True
IN.ADM2.00032,groundnut,2,,0,False
IN.ADM2.00032,maize,27,2.1332338704931306,2,True
IN.ADM2.00032,potato,25,7.762994701806447,2,True
IN.ADM2.00032,ragi,1,,0,False
IN.ADM2.00032,rapeseed_mustard,2,,0,False
IN.ADM2.00032,rice,27,1.4371638587583773,1,True
IN.ADM2.00032,soyabean,9,1.5149360777725007,1,True
IN.ADM2.00032,wheat,27,1.5898123835795464,4,True
IN.ADM2.00033,arhartur,7,0.4645567105535727,0,True
IN.ADM2.00033,groundnut,2,,0,False
IN.ADM2.00033,maize,27,1.410961425449569,3,True
IN.ADM2.00033,potato,25,5.343276354557707,1,True
IN.ADM2.00033,ragi,1,,0,False
IN.ADM2.00033,rapeseed_mustard,9,1.0055010329577456,0,True
IN.ADM2.00033,rice,27,0.9983524489638945,2,True
IN.ADM2.00033,soyabean,9,1.2183796464253018,0,True
IN.ADM2.00033,sugarcane,9,12.688756394030483,1,True
IN.ADM2.00033,wheat,20,1.5460360487982214,1,True
IN.ADM2.00034,arhartur,7,1.0564567869164698,0,True
IN.ADM2.00034,groundnut,9,1.076671093897322,1,True
IN.ADM2.00034,maize,27,1.5789870128438868,2,True
IN.ADM2.00034,potato,25,8.086335234477403,1,True
IN.ADM2.00034,ragi,1,,0,False
IN.ADM2.00034,rapeseed_mustard,9,1.1939022192131232,1,True
IN.ADM2.00034,rice,27,1.4703235922137854,1,True
IN.ADM2.00034,sesamum,9,0.9826383504747201,1,True
IN.ADM2.00034,soyabean,9,1.1738108317390425,1,True
IN.ADM2.00034,sugarcane,26,19.77055143202203,1,True
IN.ADM2.00034,wheat,12,1.265446728616252,1,True
IN.ADM2.00036,arhartur,7,0.8634418365705777,0,True
IN.ADM2.00036,groundnut,9,1.2745934450041774,0,True
IN.ADM2.00036,maize,27,1.6463178090613966,3,True
IN.ADM2.00036,potato,25,7.0792684402598764,2,True
IN.ADM2.00036,ragi,1,,0,False
IN.ADM2.00036,rapeseed_mustard,9,1.0674116186634512,1,True
IN.ADM2.00036,rice,27,1.3741080515367636,1,True
IN.ADM2.00036,sesamum,9,1.0105603975074942,0,True
IN.ADM2.00036,soyabean,9,1.454470423845416,0,True
IN.ADM2.00036,sugarcane,26,32.431825536229354,2,True
IN.ADM2.00036,wheat,27,2.072534171167714,2,True
IN.ADM2.00037,arhartur,26,0.7846387569598202,1,True
IN.ADM2.00037,cottonlint,26,0.08444179768181853,1,True
IN.ADM2.00037,gram,3,,0,False
IN.ADM2.00037,maize,26,2.3717837066478897,1,True
IN.ADM2.00037,potato,26,8.056884614577221,3,True
IN.ADM2.00037,ragi,1,,0,False
IN.ADM2.00037,rapeseed_mustard,26,0.5765305656946313,2,True
IN.ADM2.00037,rice,27,1.6805253061696974,0,True
IN.ADM2.00037,sesamum,26,0.6166795563959474,2,True
IN.ADM2.00037,sugarcane,26,37.8160040237464,1,True
IN.ADM2.00037,wheat,27,1.2512554326468106,1,True
IN.ADM2.00039,arhartur,26,0.738626251660315,1,True
IN.ADM2.00039,cottonlint,26,0.06424795744605089,1,True
IN.ADM2.00039,gram,3,,0,False
IN.ADM2.00039,maize,26,1.0913357894960811,2,True
IN.ADM2.00039,potato,26,5.230744644634774,1,True
IN.ADM2.00039,ragi,1,,0,False
IN.ADM2.00039,rapeseed_mustard,26,0.5669139485808793,1,True
IN.ADM2.00039,rice,27,1.9778359515605526,2,True
IN.ADM2.00039,sesamum,26,0.4854941125698466,1,True
IN.ADM2.00039,sugarcane,26,37.24114684248611,1,True
IN.ADM2.00039,wheat,27,1.2221950941991326,0,True
IN.ADM2.00041,arhartur,26,0.822421509576558,2,True
IN.ADM2.00041,cottonlint,26,0.0739841547341547,1,True
IN.ADM2.00041,gram,2,,0,False
IN.ADM2.00041,maize,26,2.152759978382524,1,True
IN.ADM2.00041,potato,26,4.931004189706114,2,True
IN.ADM2.00041,ragi,1,,0,False
IN.ADM2.00041,rapeseed_mustard,26,0.551496841893808,2,True
IN.ADM2.00041,rice,27,1.3550882784091323,1,True
IN.ADM2.00041,sesamum,26,0.5572667316755386,2,True
IN.ADM2.00041,sugarcane,26,38.01687471128737,1,True
IN.ADM2.00041,wheat,27,0.8780760610080159,0,True
IN.ADM2.00042,arhartur,26,0.8179641938894471,1,True
IN.ADM2.00042,cottonlint,8,0.07246855145223505,0,True
IN.ADM2.00042,gram,3,,0,False
IN.ADM2.00042,maize,26,2.149580351912779,0,True
IN.ADM2.00042,potato,26,9.399691654692777,1,True
IN.ADM2.00042,ragi,1,,0,False
IN.ADM2.00042,rapeseed_mustard,26,0.6461038724041,1,True
IN.ADM2.00042,rice,27,2.0738050472738334,1,True
IN.ADM2.00042,sesamum,26,0.6031208705229412,0,True
IN.ADM2.00042,sugarcane,26,38.01574220633806,1,True
IN.ADM2.00042,wheat,27,1.2812729215220453,1,True
IN.ADM2.00043,arhartur,26,0.7859185654277765,2,True
IN.ADM2.00043,cottonlint,12,0.09208333333333331,1,True
IN.ADM2.00043,maize,25,1.1398518142027954,2,True
IN.ADM2.00043,potato,26,6.92588650398839,3,True
IN.ADM2.00043,rapeseed_mustard,26,0.7026915694859315,2,True
IN.ADM2.00043,rice,27,1.8297607268386382,2,True
IN.ADM2.00043,sesamum,26,0.5218976649652355,1,True
IN.ADM2.00043,sugarcane,26,38.038267277660125,1,True
IN.ADM2.00043,wheat,25,1.1788691803200608,3,True
IN.ADM2.00044,arhartur,26,0.8890960872313823,1,True
IN.ADM2.00044,cottonlint,19,0.0617057065741276,1,True
IN.ADM2.00044,gram,3,,0,False
IN.ADM2.00044,maize,26,1.81594982373209,1,True
IN.ADM2.00044,potato,26,8.067064814686534,1,True
IN.ADM2.00044,ragi,1,,0,False
IN.ADM2.00044,rapeseed_mustard,26,0.4724615056633055,2,True
IN.ADM2.00044,rice,27,1.9570633169847425,1,True
IN.ADM2.00044,sesamum,26,0.5448578985836479,1,True
IN.ADM2.00044,sugarcane,26,37.572992816912624,2,True
IN.ADM2.00044,wheat,27,1.440609738880362,3,True
IN.ADM2.00045,arhartur,26,0.7650874036995344,1,True
IN.ADM2.00045,cottonlint,26,0.07189484447176751,2,True
IN.ADM2.00045,gram,3,,0,False
IN.ADM2.00045,maize,26,0.9847863007693063,2,True
IN.ADM2.00045,potato,26,7.935581423512021,1,True
IN.ADM2.00045,ragi,1,,0,False
IN.ADM2.00045,rapeseed_mustard,26,0.5322037284847941,1,True
IN.ADM2.00045,rice,27,2.0554865561123186,1,True
IN.ADM2.00045,sesamum,26,0.5144855078567324,1,True
IN.ADM2.00045,sugarcane,26,35.63828079594516,1,True
IN.ADM2.00045,wheat,27,0.993060410924673,1,True
IN.ADM2.00046,arhartur,26,0.6549949949394538,1,True
IN.ADM2.00046,cottonlint,26,0.06872050449550447,1,True
IN.ADM2.00046,gram,3,,0,False
IN.ADM2.00046,maize,25,1.4288928627919715,1,True
IN.ADM2.00046,potato,26,5.583895132433132,1,True
IN.ADM2.00046,rapeseed_mustard,26,0.43506410048105904,2,True
IN.ADM2.00046,rice,27,2.1726710393488307,2,True
IN.ADM2.00046,sesamum,26,0.4270277856716994,1,True
IN.ADM2.00046,sugarcane,26,38.06993923129307,2,True
IN.ADM2.00046,wheat,13,1.1475950221022917,0,True
IN.ADM2.00047,arhartur,26,0.7287828697474598,1,True
IN.ADM2.00047,cottonlint,26,0.07576797982719032,2,True
IN.ADM2.00047,gram,3,,0,False
IN.ADM2.00047,maize,26,1.49308832293665,1,True
IN.ADM2.00047,potato,26,6.653101552206696,1,True
IN.ADM2.00047,ragi,1,,0,False
IN.ADM2.00047,rapeseed_mustard,26,0.6358360243606174,1,True
IN.ADM2.00047,rice,27,1.8907779725084812,1,True
IN.ADM2.00047,sesamum,26,0.5513439706177938,2,True
IN.ADM2.00047,sugarcane,26,32.56502453809172,2,True
IN.ADM2.00047,wheat,27,1.2364972000858703,2,True
IN.ADM2.00049,arhartur,26,0.7316229898723686,1,True
IN.ADM2.00049,cottonlint,26,0.08544916380517122,2,True
IN.ADM2.00049,gram,3,,0,False
IN.ADM2.00049,maize,26,1.5619673668686862,2,True
IN.ADM2.00049,potato,26,8.853954391243661,2,True
IN.ADM2.00049,ragi,1,,0,False
IN.ADM2.00049,rapeseed_mustard,26,0.49754277989371515,1,True
IN.ADM2.00049,rice,27,1.6851680354832024,2,True
IN.ADM2.00049,sesamum,26,0.7320907848819238,2,True
IN.ADM2.00049,sugarcane,26,41.51425496775308,2,True
IN.ADM2.00049,wheat,26,1.3941828746018767,1,True
IN.ADM2.00050,arhartur,26,0.7418224183182035,1,True
IN.ADM2.00050,cottonlint,26,0.07211688708842107,1,True
IN.ADM2.00050,gram,2,,0,False
IN.ADM2.00050,maize,26,1.1470195840397706,2,True
IN.ADM2.00050,potato,26,4.845930214639055,1,True
IN.ADM2.00050,rapeseed_mustard,26,0.4761862567934212,1,True
IN.ADM2.00050,rice,27,1.9538317325868153,2,True
IN.ADM2.00050,sesamum,26,0.514634190595729,1,True
IN.ADM2.00050,sugarcane,26,36.11284274747399,1,True
IN.ADM2.00050,wheat,19,1.2503631133409525,1,True
IN.ADM2.00052,arhartur,26,0.8008734994515666,1,True
IN.ADM2.00052,cottonlint,26,0.07126138040741997,2,True
IN.ADM2.00052,gram,3,,0,False
IN.ADM2.00052,maize,26,1.728403511773866,1,True
IN.ADM2.00052,potato,26,5.5567821913471045,0,True
IN.ADM2.00052,ragi,1,,0,False
IN.ADM2.00052,rapeseed_mustard,26,0.5860503820576098,1,True
IN.ADM2.00052,rice,27,1.4554498653726287,1,True
IN.ADM2.00052,sesamum,26,0.45175794845719286,2,True
IN.ADM2.00052,sugarcane,26,41.9115814990054,1,True
IN.ADM2.00052,wheat,27,0.9623685811389711,2,True
IN.ADM2.00053,arhartur,26,0.7198270517075945,1,True
IN.ADM2.00053,cottonlint,25,0.079097619047619,2,True
IN.ADM2.00053,gram,3,,0,False
IN.ADM2.00053,maize,26,1.4453834902543856,2,True
IN.ADM2.00053,potato,26,5.953094313814338,2,True
IN.ADM2.00053,ragi,1,,0,False
IN.ADM2.00053,rapeseed_mustard,26,0.496933182718192,2,True
IN.ADM2.00053,rice,27,2.01461799119345,1,True
IN.ADM2.00053,sesamum,26,0.615199961982678,2,True
IN.ADM2.00053,sugarcane,26,38.588899155396696,1,True
IN.ADM2.00053,wheat,27,1.1300511865531069,1,True
IN.ADM2.00054,arhartur,26,0.754501969153493,0,True
IN.ADM2.00054,cottonlint,26,0.07590040298932567,1,True
IN.ADM2.00054,gram,3,,0,False
IN.ADM2.00054,maize,26,1.9594825100927724,0,True
IN.ADM2.00054,potato,26,8.191755165600448,1,True
IN.ADM2.00054,ragi,1,,0,False
IN.ADM2.00054,rapeseed_mustard,26,0.6155348026737595,3,True
IN.ADM2.00054,rice,27,1.9969239357501394,0,True
IN.ADM2.00054,sesamum,26,0.48755963488204596,2,True
IN.ADM2.00054,sugarcane,26,35.47797917386287,2,True
IN.ADM2.00054,wheat,27,1.0409932435393496,1,True
IN.ADM2.00056,arhartur,26,0.7375642951642838,1,True
IN.ADM2.00056,cottonlint,26,0.08255728994796091,1,True
IN.ADM2.00056,maize,26,1.3474094303014132,2,True
IN.ADM2.00056,potato,26,7.462055687016756,2,True
IN.ADM2.00056,rapeseed_mustard,26,0.507973935651531,0,True
IN.ADM2.00056,rice,27,1.8664144053695202,1,True
IN.ADM2.00056,sesamum,26,0.6338843736111823,1,True
IN.ADM2.00056,sugarcane,26,36.48655283218828,1,True
IN.ADM2.00056,wheat,17,1.1752519045974015,0,True
IN.ADM2.00057,arhartur,26,0.7149758120766674,1,True
IN.ADM2.00057,cottonlint,20,0.09590496031746028,1,True
IN.ADM2.00057,gram,1,,0,False
IN.ADM2.00057,maize,26,1.5965990516692459,1,True
IN.ADM2.00057,potato,26,6.369033455255307,2,True
IN.ADM2.00057,rapeseed_mustard,26,0.5272458933327265,1,True
IN.ADM2.00057,rice,27,2.0052724125847736,1,True
IN.ADM2.00057,sesamum,26,0.44838158824193974,1,True
IN.ADM2.00057,sugarcane,26,38.01656642530149,1,True
IN.ADM2.00057,wheat,27,1.188115968061213,1,True
IN.ADM2.00058,arhartur,26,0.9014857822309863,1,True
IN.ADM2.00058,cottonlint,26,0.08517770450317295,3,True
IN.ADM2.00058,gram,3,,0,False
IN.ADM2.00058,maize,26,2.273279266541124,0,True
IN.ADM2.00058,potato,26,7.622372678796984,1,True
IN.ADM2.00058,ragi,1,,0,False
IN.ADM2.00058,rapeseed_mustard,26,0.593022436573646,1,True
IN.ADM2.00058,rice,27,1.726261073023971,2,True
IN.ADM2.00058,sesamum,26,0.6974056456779506,2,True
IN.ADM2.00058,sugarcane,26,38.333701197637524,1,True
IN.ADM2.00058,wheat,27,1.165284488703313,1,True
IN.ADM2.00059,arhartur,26,0.7214998806915237,2,True
IN.ADM2.00059,cottonlint,20,0.1275,1,True
IN.ADM2.00059,gram,3,,0,False
IN.ADM2.00059,maize,26,1.0953288570830049,2,True
IN.ADM2.00059,potato,26,5.652872867175864,1,True
IN.ADM2.00059,ragi,1,,0,False
IN.ADM2.00059,rapeseed_mustard,26,0.5512223424499691,1,True
IN.ADM2.00059,rice,27,1.5406650357800344,3,True
IN.ADM2.00059,sesamum,26,0.4889300597345285,0,True
IN.ADM2.00059,sugarcane,26,37.52423617490448,2,True
IN.ADM2.00059,wheat,27,1.228753051150352,1,True
IN.ADM2.00060,arhartur,19,1.2642471168691825,2,True
IN.ADM2.00060,bajra,2,,0,False
IN.ADM2.00060,barley,15,1.220066640662176,1,True
IN.ADM2.00060,gram,1,,0,False
IN.ADM2.00060,groundnut,9,0.7445780256236011,0,True
IN.ADM2.00060,jowar,6,1.0027957948932136,0,True
IN.ADM2.00060,maize,27,4.558226439380767,2,True
IN.ADM2.00060,potato,18,10.930566371909439,2,True
IN.ADM2.00060,ragi,19,0.9339611159639447,1,True
IN.ADM2.00060,rapeseed_mustard,24,0.8593641794151473,1,True
IN.ADM2.00060,rice,27,1.5732153687518524,2,True
IN.ADM2.00060,sesamum,17,0.7064565612771951,1,True
IN.ADM2.00060,sugarcane,9,40.536561938184825,1,True
IN.ADM2.00060,wheat,27,2.044056171554694,1,True
IN.ADM2.00061,arhartur,26,1.4332330785687217,1,True
IN.ADM2.00061,bajra,1,,0,False
IN.ADM2.00061,barley,26,1.0694992093565827,1,True
IN.ADM2.00061,gram,3,,0,False
IN.ADM2.00061,groundnut,5,0.9,0,True
IN.ADM2.00061,jowar,1,,0,False
IN.ADM2.00061,maize,25,1.8883800305299194,3,True
IN.ADM2.00061,potato,18,10.612959867687774,0,True
IN.ADM2.00061,ragi,23,0.912779359374507,2,True
IN.ADM2.00061,rapeseed_mustard,26,0.7814850736529463,1,True
IN.ADM2.00061,rice,26,2.669735242651009,1,True
IN.ADM2.00061,sesamum,22,0.811933844081549,1,True
IN.ADM2.00061,sugarcane,23,55.518507116295226,2,True
IN.ADM2.00061,wheat,27,2.089333279350587,3,True
IN.ADM2.00062,arhartur,26,1.5908442612260325,2,True
IN.ADM2.00062,bajra,1,,0,False
IN.ADM2.00062,barley,21,1.075253980004541,0,True
IN.ADM2.00062,gram,3,,0,False
IN.ADM2.00062,groundnut,12,1.0069444444444444,1,True
IN.ADM2.00062,jowar,20,1.0562379473999557,2,True
IN.ADM2.00062,maize,27,2.4682991910267638,1,True
IN.ADM2.00062,potato,18,11.920285415363546,2,True
IN.ADM2.00062,ragi,23,0.947266208700806,1,True
IN.ADM2.00062,rapeseed_mustard,26,1.4038675008205788,1,True
IN.ADM2.00062,rice,27,1.5038310915471744,2,True
IN.ADM2.00062,sesamum,24,0.7607497490772918,1,True
IN.ADM2.00062,soyabean,4,,0,False
IN.ADM2.00062,sugarcane,24,52.04947697646886,1,True
IN.ADM2.00062,wheat,27,2.663199892407652,1,True
IN.ADM2.00065,arhartur,26,1.3533496339603752,1,True
IN.ADM2.00065,bajra,1,,0,False
IN.ADM2.00065,barley,22,1.268279463480573,2,True
IN.ADM2.00065,gram,2,,0,False
IN.ADM2.00065,groundnut,1,,0,False
IN.ADM2.00065,jowar,4,,0,False
IN.ADM2.00065,maize,27,3.185182210623586,1,True
IN.ADM2.00065,potato,18,11.20957616246916,1,True
IN.ADM2.00065,ragi,27,0.9712904028093308,2,True
IN.ADM2.00065,rapeseed_mustard,26,0.8649446579535941,1,True
IN.ADM2.00065,rice,27,1.2235312058281176,1,True
IN.ADM2.00065,sesamum,13,0.8549450549450549,1,True
IN.ADM2.00065,sugarcane,24,38.64835967624,1,True
IN.ADM2.00065,wheat,27,2.1872680960754796,1,True
IN.ADM2.00066,arhartur,17,1.4259621084338372,1,True
IN.ADM2.00066,bajra,5,0.6447619047619048,0,True
IN.ADM2.00066,barley,2,,0,False
IN.ADM2.00066,gram,3,,0,False
IN.ADM2.00066,groundnut,6,0.7674153862054888,0,True
IN.ADM2.00066,jowar,3,,0,False
IN.ADM2.00066,maize,24,1.612280800273787,2,True
IN.ADM2.00066,potato,15,7.526284695897364,1,True
IN.ADM2.00066,ragi,14,0.8266650551130689,1,True
IN.ADM2.00066,rapeseed_mustard,21,0.9086333079735078,1,True
IN.ADM2.00066,rice,24,1.8146497137167827,0,True
IN.ADM2.00066,sesamum,8,0.4606784703598098,0,True
IN.ADM2.00066,soyabean,5,0.9405797101449276,0,True
IN.ADM2.00066,wheat,24,1.8869269423711874,0,True
IN.ADM2.00068,arhartur,23,1.4385355864035043,2,True
IN.ADM2.00068,bajra,7,0.7078418990977718,1,True
IN.ADM2.00068,gram,3,,0,False
IN.ADM2.00068,groundnut,6,0.8890609575479123,0,True
IN.ADM2.00068,jowar,7,0.7214623618457356,0,True
IN.ADM2.00068,maize,24,1.9417896921458262,1,True
IN.ADM2.00068,potato,17,8.160915955609598,0,True
IN.ADM2.00068,ragi,20,1.1088293314788789,1,True
IN.ADM2.00068,rapeseed_mustard,23,0.8148522725119391,2,True
IN.ADM2.00068,rice,24,1.5471140758308393,1,True
IN.ADM2.00068,sesamum,8,0.582540091587906,0,True
IN.ADM2.00068,soyabean,4,,0,False
IN.ADM2.00068,sugarcane,3,,0,False
IN.ADM2.00068,wheat,24,1.7913617516025269,0,True
IN.ADM2.00069,arhartur,26,1.322227981321948,1,True
IN.ADM2.00069,bajra,7,1.0044327079030584,0,True
IN.ADM2.00069,barley,26,1.2198132036157112,2,True
IN.ADM2.00069,gram,3,,0,False
IN.ADM2.00069,groundnut,19,0.9018987325941886,0,True
IN.ADM2.00069,jowar,10,1.0278946464942549,1,True
IN.ADM2.00069,maize,27,2.648545256246149,1,True
IN.ADM2.00069,potato,18,10.2352522464233,1,True
IN.ADM2.00069,ragi,27,0.939982563377253,2,True
IN.ADM2.00069,rapeseed_mustard,26,0.9961807022696635,0,True
IN.ADM2.00069,rice,27,2.0108504260311344,1,True
IN.ADM2.00069,sesamum,22,0.7708525524547238,1,True
IN.ADM2.00069,sugarcane,20,49.740064374833736,1,True
IN.ADM2.00069,wheat,27,2.27623854249431,4,True
IN.ADM2.00071,arhartur,23,1.4381407822487622,0,True
IN.ADM2.00071,bajra,7,0.5291627202227406,0,True
IN.ADM2.00071,barley,3,,0,False
IN.ADM2.00071,gram,3,,0,False
IN.ADM2.00071,groundnut,8,1.0478350296861747,0,True
IN.ADM2.00071,jowar,7,0.6647077922077921,0,True
IN.ADM2.00071,maize,24,1.558546941472878,2,True
IN.ADM2.00071,potato,15,7.8912057774511615,1,True
IN.ADM2.00071,ragi,17,0.7524481448811255,2,True
IN.ADM2.00071,rapeseed_mustard,21,0.8060234714016823,1,True
IN.ADM2.00071,rice,24,1.408651049992755,3,True
IN.ADM2.00071,sesamum,7,0.4470214233257254,0,True
IN.ADM2.00071,soyabean,2,,0,False
IN.ADM2.00071,sugarcane,11,42.21936854864621,1,True
IN.ADM2.00071,wheat,24,1.798476753470041,1,True
IN.ADM2.00072,arhartur,26,1.2510560528999892,1,True
IN.ADM2.00072,bajra,14,0.9774749571052631,1,True
IN.ADM2.00072,barley,16,1.4077581908469627,0,True
IN.ADM2.00072,gram,2,,0,False
IN.ADM2.00072,groundnut,2,,0,False
IN.ADM2.00072,jowar,5,1.0581265697711482,0,True
IN.ADM2.00072,maize,27,2.5540363829636563,1,True
IN.ADM2.00072,potato,18,9.826409619874255,1,True
IN.ADM2.00072,ragi,27,0.9058463702391722,1,True
IN.ADM2.00072,rapeseed_mustard,26,1.1426039296041546,0,True
IN.ADM2.00072,rice,27,1.443434208455573,1,True
IN.ADM2.00072,sesamum,11,0.7884048821548822,0,True
IN.ADM2.00072,sugarcane,24,49.14011296230487,2,True
IN.ADM2.00072,wheat,27,2.5376611263681417,1,True
IN.ADM2.00073,arhartur,23,1.30254509282846,1,True
IN.ADM2.00073,bajra,5,1.0081818181818183,0,True
IN.ADM2.00073,barley,2,,0,False
IN.ADM2.00073,gram,3,,0,False
IN.ADM2.00073,groundnut,8,1.304684163608298,0,True
IN.ADM2.00073,jowar,5,0.6196059113300492,0,True
IN.ADM2.00073,maize,24,1.740132392866079,1,True
IN.ADM2.00073,potato,17,6.62123748791109,1,True
IN.ADM2.00073,ragi,24,1.0155330706092904,1,True
IN.ADM2.00073,rapeseed_mustard,23,0.8320162318832527,0,True
IN.ADM2.00073,rice,24,1.3186291944954007,2,True
IN.ADM2.00073,sesamum,7,0.5756665121076062,0,True
IN.ADM2.00073,soyabean,3,,0,False
IN.ADM2.00073,sugarcane,5,28.873490759753594,0,True
IN.ADM2.00073,wheat,24,1.5589576472591122,1,True
IN.ADM2.00075,arhartur,26,1.3028893150345555,2,True
IN.ADM2.00075,bajra,2,,0,False
IN.ADM2.00075,barley,26,1.2455190279979622,1,True
IN.ADM2.00075,gram,3,,0,False
IN.ADM2.00075,groundnut,12,0.791274062816616,0,True
IN.ADM2.00075,jowar,6,1.0905267848371298,0,True
IN.ADM2.00075,maize,27,3.4172938258838252,1,True
IN.ADM2.00075,potato,18,10.481632246752554,1,True
IN.ADM2.00075,ragi,27,1.046434581772589,1,True
IN.ADM2.00075,rapeseed_mustard,26,1.1575531320478871,1,True
IN.ADM2.00075,rice,27,2.3592735029872034,2,True
IN.ADM2.00075,sesamum,25,0.8074012077200681,1,True
IN.ADM2.00075,sugarcane,22,56.484021919666674,1,True
IN.ADM2.00075,wheat,27,2.4382281312349363,1,True
IN.ADM2.00076,arhartur,21,1.2456518801995782,1,True
IN.ADM2.00076,bajra,4,,0,False
IN.ADM2.00076,barley,24,1.3894050944457967,1,True
IN.ADM2.00076,gram,2,,0,False
IN.ADM2.00076,groundnut,2,,0,False
IN.ADM2.00076,jowar,2,,0,False
IN.ADM2.00076,maize,27,4.998490559693422,1,True
IN.ADM2.00076,potato,18,8.950766900384647,1,True
IN.ADM2.00076,ragi,10,0.8849208015734564,1,True
IN.ADM2.00076,rapeseed_mustard,26,0.9840701551499991,1,True
IN.ADM2.00076,rice,27,1.8386184812437614,1,True
IN.ADM2.00076,sesamum,20,0.7481772545345045,0,True
IN.ADM2.00076,sugarcane,19,45.52472765332467,1,True
IN.ADM2.00076,wheat,27,2.2278833032734053,1,True
IN.ADM2.00077,arhartur,26,1.5331429303465807,1,True
IN.ADM2.00077,bajra,1,,0,False
IN.ADM2.00077,barley,26,1.1021228341985376,2,True
IN.ADM2.00077,gram,3,,0,False
IN.ADM2.00077,groundnut,1,,0,False
IN.ADM2.00077,jowar,10,1.0468363817692266,1,True
IN.ADM2.00077,maize,27,3.8053541490789047,1,True
IN.ADM2.00077,potato,18,11.957376420739415,2,True
IN.ADM2.00077,ragi,23,0.9244629487674498,1,True
IN.ADM2.00077,rapeseed_mustard,26,1.2689509738744262,1,True
IN.ADM2.00077,rice,27,1.176125640155105,0,True
IN.ADM2.00077,sesamum,18,0.8525868933983244,0,True
IN.ADM2.00077,soyabean,4,,0,False
IN.ADM2.00077,sugarcane,20,52.46501144460209,2,True
IN.ADM2.00077,wheat,27,2.476003611333402,2,True
IN.ADM2.00078,arhartur,26,1.3721695753149796,2,True
IN.ADM2.00078,barley,13,1.4042429056354786,0,True
IN.ADM2.00078,gram,3,,0,False
IN.ADM2.00078,groundnut,2,,0,False
IN.ADM2.00078,jowar,1,,0,False
IN.ADM2.00078,maize,27,4.20980278632673,1,True
IN.ADM2.00078,potato,18,10.786813426971039,2,True
IN.ADM2.00078,ragi,27,0.9622702697017358,1,True
IN.ADM2.00078,rapeseed_mustard,26,0.8750456724218173,0,True
IN.ADM2.00078,rice,27,1.5070969336939095,1,True
IN.ADM2.00078,sesamum,25,0.7661726451081431,1,True
IN.ADM2.00078,sugarcane,20,50.35988752364064,0,True
IN.ADM2.00078,wheat,27,1.7660102466905765,0,True
IN.ADM2.00079,arhartur,23,1.33766011397038,1,True
IN.ADM2.00079,barley,2,,0,False
IN.ADM2.00079,gram,3,,0,False
IN.ADM2.00079,groundnut,8,1.2050201793169832,1,True
IN.ADM2.00079,jowar,3,,0,False
IN.ADM2.00079,maize,23,2.0600239319005293,1,True
IN.ADM2.00079,potato,15,5.399506233049265,0,True
IN.ADM2.00079,ragi,24,0.7521504151421282,1,True
IN.ADM2.00079,rapeseed_mustard,21,0.913298595421238,1,True
IN.ADM2.00079,rice,24,1.7294539966641518,1,True
IN.ADM2.00079,sesamum,5,0.4449197860962567,0,True
IN.ADM2.00079,soyabean,1,,0,False
IN.ADM2.00079,sugarcane,9,41.00160049650634,1,True
IN.ADM2.00079,wheat,24,1.9676881840585227,1,True
IN.ADM2.00080,arhartur,26,1.549091748705416,1,True
IN.ADM2.00080,bajra,2,,0,False
IN.ADM2.00080,barley,13,1.2731270524299227,1,True
IN.ADM2.00080,gram,3,,0,False
IN.ADM2.00080,groundnut,4,,0,False
IN.ADM2.00080,jowar,2,,0,False
IN.ADM2.00080,maize,27,4.673319732414934,2,True
IN.ADM2.00080,potato,18,13.004898586885378,1,True
IN.ADM2.00080,ragi,26,0.9491811074086631,1,True
IN.ADM2.00080,rapeseed_mustard,26,1.105405378640187,2,True
IN.ADM2.00080,rice,27,1.648014381596509,1,True
IN.ADM2.00080,sesamum,24,0.7918092157945305,1,True
IN.ADM2.00080,sugarcane,22,50.954317595174295,2,True
IN.ADM2.00080,wheat,27,2.4331117328752287,1,True
IN.ADM2.00081,arhartur,26,1.2510348774944917,2,True
IN.ADM2.00081,bajra,4,,0,False
IN.ADM2.00081,barley,26,1.3511366745116609,2,True
IN.ADM2.00081,gram,3,,0,False
IN.ADM2.00081,jowar,4,,0,False
IN.ADM2.00081,maize,27,3.1359046216245163,2,True
IN.ADM2.00081,potato,18,13.142884414373455,1,True
IN.ADM2.00081,ragi,27,1.1071335458627776,1,True
IN.ADM2.00081,rapeseed_mustard,26,0.7665986374532233,1,True
IN.ADM2.00081,rice,27,1.1509097319328356,0,True
IN.ADM2.00081,sesamum,25,0.8073842477599423,3,True
IN.ADM2.00081,sugarcane,24,43.86460727672451,1,True
IN.ADM2.00081,wheat,27,1.7289895060270057,2,True
IN.ADM2.00083,arhartur,26,1.5908123943394616,1,True
IN.ADM2.00083,bajra,2,,0,False
IN.ADM2.00083,barley,26,1.40638660732774,1,True
IN.ADM2.00083,gram,3,,0,False
IN.ADM2.00083,groundnut,1,,0,False
IN.ADM2.00083,jowar,5,1.4502179462994405,0,True
IN.ADM2.00083,maize,27,2.6910738525331634,1,True
IN.ADM2.00083,potato,18,8.459152700146026,1,True
IN.ADM2.00083,ragi,21,0.9226558310959723,1,True
IN.ADM2.00083,rapeseed_mustard,26,1.1044628888943562,1,True
IN.ADM2.00083,rice,27,1.1464441580198392,1,True
IN.ADM2.00083,sesamum,25,0.7888275425526454,2,True
IN.ADM2.00083,sugarcane,24,39.7163212580224,2,True
IN.ADM2.00083,wheat,27,2.3277234544042464,1,True
IN.ADM2.00084,arhartur,26,1.6133962611739865,1,True
IN.ADM2.00084,barley,26,1.546655719774076,1,True
IN.ADM2.00084,gram,3,,0,False
IN.ADM2.00084,groundnut,21,0.7736025746074178,1,True
IN.ADM2.00084,jowar,1,,0,False
IN.ADM2.00084,maize,27,2.895499840947682,0,True
IN.ADM2.00084,potato,18,16.502185385516412,2,True
IN.ADM2.00084,ragi,23,0.9420407001842063,1,True
IN.ADM2.00084,rapeseed_mustard,26,1.1776424992540435,1,True
IN.ADM2.00084,rice,27,1.929597775916385,1,True
IN.ADM2.00084,sesamum,17,0.7544935309820948,0,True
IN.ADM2.00084,sugarcane,23,46.2575449779214,1,True
IN.ADM2.00084,wheat,27,2.376022600329096,1,True
IN.ADM2.00085,arhartur,26,1.1083653731054128,0,True
IN.ADM2.00085,bajra,6,1.0483343875184483,0,True
IN.ADM2.00085,barley,22,1.0654658601036717,1,True
IN.ADM2.00085,gram,3,,0,False
IN.ADM2.00085,groundnut,24,0.9047692690624004,0,True
IN.ADM2.00085,jowar,4,,0,False
IN.ADM2.00085,maize,27,2.5235908156466484,1,True
IN.ADM2.00085,potato,18,10.626903478185934,1,True
IN.ADM2.00085,ragi,27,0.9403361918457613,2,True
IN.ADM2.00085,rapeseed_mustard,26,0.7916666254080924,1,True
IN.ADM2.00085,rice,27,2.1024095282197726,1,True
IN.ADM2.00085,sesamum,25,0.7788322074931294,2,True
IN.ADM2.00085,sugarcane,23,53.5959940096974,2,True
IN.ADM2.00085,wheat,27,2.2189165749847812,1,True
IN.ADM2.00087,arhartur,26,1.479010649846718,2,True
IN.ADM2.00087,bajra,15,0.9921497667520358,0,True
IN.ADM2.00087,barley,19,1.3665338518650658,1,True
IN.ADM2.00087,gram,3,,0,False
IN.ADM2.00087,groundnut,14,1.1099629553136456,2,True
IN.ADM2.00087,jowar,10,1.0996505824326865,1,True
IN.ADM2.00087,maize,27,3.171780427111684,1,True
IN.ADM2.00087,potato,18,10.25071939439751,1,True
IN.ADM2.00087,ragi,22,0.9826548867702087,1,True
IN.ADM2.00087,rapeseed_mustard,26,1.0615124012743147,1,True
IN.ADM2.00087,rice,27,1.8752197096909287,1,True
IN.ADM2.00087,sesamum,25,0.7817307179133536,1,True
IN.ADM2.00087,sugarcane,24,52.675579886263336,1,True
IN.ADM2.00087,wheat,27,2.542706356610992,3,True
IN.ADM2.00088,arhartur,23,1.28581007354239,1,True
IN.ADM2.00088,bajra,9,0.542986509886627,0,True
IN.ADM2.00088,barley,2,,0,False
IN.ADM2.00088,gram,3,,0,False
IN.ADM2.00088,groundnut,8,0.9489827732472405,1,True
IN.ADM2.00088,jowar,9,0.5861053883502705,0,True
IN.ADM2.00088,maize,24,1.2887307743147058,0,True
IN.ADM2.00088,potato,14,5.860266938645088,1,True
IN.ADM2.00088,ragi,19,0.7569110207760962,1,True
IN.ADM2.00088,rapeseed_mustard,20,0.8759439549675866,1,True
IN.ADM2.00088,rice,24,1.2010853459455106,1,True
IN.ADM2.00088,sesamum,8,0.4419382988337745,1,True
IN.ADM2.00088,soyabean,5,0.8808866305752119,0,True
IN.ADM2.00088,sugarcane,1,,0,False
IN.ADM2.00088,wheat,23,1.6087173404331208,0,True
IN.ADM2.00089,arhartur,26,1.6321483113828577,2,True
IN.ADM2.00089,bajra,9,1.0912226515816867,0,True
IN.ADM2.00089,barley,26,1.584811831875822,1,True
IN.ADM2.00089,gram,3,,0,False
IN.ADM2.00089,jowar,17,1.1384868661430003,1,True
IN.ADM2.00089,maize,27,2.39804930430499,2,True
IN.ADM2.00089,potato,18,12.675459030134496,1,True
IN.ADM2.00089,ragi,15,0.9491803048037736,0,True
IN.ADM2.00089,rapeseed_mustard,26,1.1275993493254406,1,True
IN.ADM2.00089,rice,27,2.2149710744518916,1,True
IN.ADM2.00089,sesamum,10,0.923530701754386,0,True
IN.ADM2.00089,sugarcane,24,46.61209158979069,1,True
IN.ADM2.00089,wheat,27,2.8331183408311196,0,True
IN.ADM2.00090,arhartur,26,1.8619323275058304,1,True
IN.ADM2.00090,bajra,4,,0,False
IN.ADM2.00090,barley,16,1.3540568025187094,1,True
IN.ADM2.00090,gram,1,,0,False
IN.ADM2.00090,jowar,6,1.0087976539589443,0,True
IN.ADM2.00090,maize,27,2.456963961163232,1,True
IN.ADM2.00090,potato,18,11.25221712785729,0,True
IN.ADM2.00090,ragi,16,0.9910674384578633,0,True
IN.ADM2.00090,rapeseed_mustard,26,0.9792627198463649,0,True
IN.ADM2.00090,rice,27,1.2912921821588534,1,True
IN.ADM2.00090,sesamum,18,0.7394024468619587,1,True
IN.ADM2.00090,sugarcane,24,47.458701489099916,1,True
IN.ADM2.00090,wheat,27,2.1527389428841497,2,True
IN.ADM2.00091,arhartur,19,1.23944173472388,0,True
IN.ADM2.00091,bajra,4,,0,False
IN.ADM2.00091,gram,3,,0,False
IN.ADM2.00091,groundnut,6,0.8769472598383669,0,True
IN.ADM2.00091,jowar,9,0.7012441255919516,0,True
IN.ADM2.00091,maize,23,1.4801795066812284,1,True
IN.ADM2.00091,potato,14,5.02228144025723,1,True
IN.ADM2.00091,ragi,7,0.9366067199199729,0,True
IN.ADM2.00091,rapeseed_mustard,21,0.875210987064072,1,True
IN.ADM2.00091,rice,24,1.6514245870203388,0,True
IN.ADM2.00091,sesamum,7,0.39237215654976737,0,True
IN.ADM2.00091,soyabean,4,,0,False
IN.ADM2.00091,sugarcane,2,,0,False
IN.ADM2.00091,wheat,23,1.3811875120703399,2,True
IN.ADM2.00092,arhartur,21,1.3399859575125745,2,True
IN.ADM2.00092,bajra,1,,0,False
IN.ADM2.00092,barley,10,1.1024123654123654,0,True
IN.ADM2.00092,groundnut,9,0.7770167427701674,0,True
IN.ADM2.00092,jowar,2,,0,False
IN.ADM2.00092,maize,27,4.422329698726352,1,True
IN.ADM2.00092,potato,18,11.843739305843346,2,True
IN.ADM2.00092,ragi,10,0.8820862486460053,1,True
IN.ADM2.00092,rapeseed_mustard,26,1.0575400205559253,1,True
IN.ADM2.00092,rice,27,1.6264976521923697,1,True
IN.ADM2.00092,sesamum,24,0.8023238077095679,2,True
IN.ADM2.00092,sugarcane,19,50.82191491631012,1,True
IN.ADM2.00092,wheat,27,2.1307895247463744,1,True
IN.ADM2.00093,arhartur,23,1.504252403220647,1,True
IN.ADM2.00093,bajra,4,,0,False
IN.ADM2.00093,barley,2,,0,False
IN.ADM2.00093,gram,3,,0,False
IN.ADM2.00093,groundnut,8,0.9539206856527909,0,True
IN.ADM2.00093,jowar,8,0.6291050597125012,0,True
IN.ADM2.00093,maize,24,1.9190073168220454,0,True
IN.ADM2.00093,potato,18,6.7861419816494575,1,True
IN.ADM2.00093,ragi,24,0.862223340383618,1,True
IN.ADM2.00093,rapeseed_mustard,23,0.8139427747733091,2,True
IN.ADM2.00093,rice,24,1.6033312817594414,2,True
IN.ADM2.00093,sesamum,8,0.44543737869963707,0,True
IN.ADM2.00093,soyabean,6,0.7020408761952096,0,True
IN.ADM2.00093,sugarcane,1,,0,False
IN.ADM2.00093,wheat,24,1.730216820012157,2,True
IN.ADM2.00097,arhartur,26,1.286213950217514,1,True
IN.ADM2.00097,bajra,1,,0,False
IN.ADM2.00097,barley,26,1.3507394751027348,2,True
IN.ADM2.00097,gram,3,,0,False
IN.ADM2.00097,jowar,4,,0,False
IN.ADM2.00097,maize,27,3.4122985697211967,1,True
IN.ADM2.00097,potato,18,10.681040777534927,1,True
IN.ADM2.00097,ragi,15,1.1395113743623642,1,True
IN.ADM2.00097,rapeseed_mustard,26,1.2088374761134295,2,True
IN.ADM2.00097,rice,27,1.3416460852872814,1,True
IN.ADM2.00097,sesamum,25,0.7825485049914976,2,True
IN.ADM2.00097,soyabean,4,,0,False
IN.ADM2.00097,sugarcane,24,44.68868825546457,1,True
IN.ADM2.00097,wheat,27,2.741169909987904,2,True
IN.ADM2.00098,arhartur,26,1.6370880448814147,1,True
IN.ADM2.00098,bajra,13,0.8279088024585008,0,True
IN.ADM2.00098,barley,24,1.4734275463551256,0,True
IN.ADM2.00098,gram,2,,0,False
IN.ADM2.00098,jowar,6,1.1120401872552241,0,True
IN.ADM2.00098,maize,27,2.498446543618143,1,True
IN.ADM2.00098,potato,18,11.19894725276306,2,True
IN.ADM2.00098,ragi,27,0.931555980023022,2,True
IN.ADM2.00098,rapeseed_mustard,26,1.1755308082530738,1,True
IN.ADM2.00098,rice,27,1.618628572797265,1,True
IN.ADM2.00098,sesamum,9,0.8505039019171572,0,True
IN.ADM2.00098,sugarcane,23,48.71609260160756,2,True
IN.ADM2.00098,wheat,27,2.6685433583722187,2,True
IN.ADM2.00100,arhartur,26,1.47734133095084,2,True
IN.ADM2.00100,bajra,27,0.976400889335388,1,True
IN.ADM2.00100,barley,26,1.4539303100732204,0,True
IN.ADM2.00100,cottonlint,1,,0,False
IN.ADM2.00100,gram,3,,0,False
IN.ADM2.00100,jowar,4,,0,False
IN.ADM2.00100,maize,27,2.397762891470265,1,True
IN.ADM2.00100,potato,18,10.089209545933707,1,True
IN.ADM2.00100,ragi,27,0.8919957324234356,3,True
IN.ADM2.00100,rapeseed_mustard,26,1.1773357161252638,1,True
IN.ADM2.00100,rice,27,1.4112299453869885,2,True
IN.ADM2.00100,sesamum,25,0.7729620545935011,1,True
IN.ADM2.00100,sugarcane,24,49.085176814785875,1,True
IN.ADM2.00100,wheat,27,2.483760675221605,0,True
IN.ADM2.00101,arhartur,26,1.6623126818522247,1,True
IN.ADM2.00101,bajra,7,0.8371848739495799,0,True
IN.ADM2.00101,barley,26,1.3771282196645307,1,True
IN.ADM2.00101,gram,2,,0,False
IN.ADM2.00101,jowar,6,1.1745475168036388,0,True
IN.ADM2.00101,maize,27,2.8116700462576922,1,True
IN.ADM2.00101,potato,18,9.522153832859736,0,True
IN.ADM2.00101,ragi,27,0.9775891881577108,2,True
IN.ADM2.00101,rapeseed_mustard,26,1.1518191255939911,2,True
IN.ADM2.00101,rice,27,1.437668846901205,0,True
IN.ADM2.00101,sesamum,21,0.7305627046178151,1,True
IN.ADM2.00101,sugarcane,23,46.11157698131077,1,True
IN.ADM2.00101,wheat,27,2.6279641607256177,2,True
IN.ADM2.00102,arhartur,2,,0,False
IN.ADM2.00102,maize,23,2.3952694165737642,1,True
IN.ADM2.00102,potato,18,19.70246913580247,1,True
IN.ADM2.00102,rapeseed_mustard,5,1.3871428571428572,0,True
IN.ADM2.00102,rice,26,5.001117216117216,2,True
IN.ADM2.00102,wheat,26,4.629702850104188,1,True
IN.ADM2.00103,arhartur,20,1.0252337324914251,1,True
IN.ADM2.00103,groundnut,14,1.1780403828197947,0,True
IN.ADM2.00103,jowar,22,1.9916080039301824,1,True
IN.ADM2.00103,maize,18,0.9931451884235339,1,True
IN.ADM2.00103,ragi,25,1.3616819153440127,1,True
IN.ADM2.00103,rapeseed_mustard,10,0.8242424242424242,0,True
IN.ADM2.00103,rice,25,2.012100754953869,2,True
IN.ADM2.00103,sesamum,9,0.7037037037037037,0,True
IN.ADM2.00103,sugarcane,17,79.79442295949521,1,True
IN.ADM2.00103,wheat,21,1.9967518781844134,1,True
IN.ADM2.00104,rice,10,1.58457484062342,0,True
IN.ADM2.00105,bajra,10,1.421001108104839,1,True
IN.ADM2.00107,groundnut,20,2.2037944266376663,0,True
IN.ADM2.00107,ragi,12,1.032547008247811,0,True
IN.ADM2.00107,rice,20,3.411415974172882,1,True
IN.ADM2.00107,sugarcane,19,50.894704402054934,0,True
IN.ADM2.00108,groundnut,10,1.829887449820081,0,True
IN.ADM2.00108,ragi,12,0.9124676506040269,1,True
IN.ADM2.00108,rice,21,2.8587273491701404,1,True
IN.ADM2.00108,sugarcane,19,54.94210548517012,1,True
IN.ADM2.00109,arhartur,26,0.99315595665435,1,True
IN.ADM2.00109,bajra,27,1.7934646547605164,1,True
IN.ADM2.00109,cottonlint,26,0.4475879146852589,1,True
IN.ADM2.00109,gram,3,,0,False
IN.ADM2.00109,groundnut,26,1.2941869137742308,1,True
IN.ADM2.00109,jowar,16,0.834501208592367,1,True
IN.ADM2.00109,maize,22,1.5976387487651893,1,True
IN.ADM2.00109,potato,1,,0,False
IN.ADM2.00109,rapeseed_mustard,19,1.4117099274994012,1,True
IN.ADM2.00109,rice,3,,0,False
IN.ADM2.00109,sesamum,26,0.564773833143077,1,True
IN.ADM2.00109,soyabean,5,1.2760820541301998,0,True
IN.ADM2.00109,sugarcane,22,71.15482714227971,1,True
IN.ADM2.00109,wheat,27,3.268309000516939,1,True
IN.ADM2.00110,arhartur,26,1.0468749260175778,2,True
IN.ADM2.00110,bajra,27,1.5976194082711226,2,True
IN.ADM2.00110,cottonlint,26,0.41382145620535926,1,True
IN.ADM2.00110,gram,3,,0,False
IN.ADM2.00110,groundnut,26,1.7651784126962495,1,True
IN.ADM2.00110,jowar,26,0.8748338557728131,2,True
IN.ADM2.00110,maize,27,1.977247841505455,2,True
IN.ADM2.00110,potato,26,26.719288268941227,2,True
IN.ADM2.00110,ragi,2,,0,False
IN.ADM2.00110,rapeseed_mustard,26,1.5391996105245869,2,True
IN.ADM2.00110,rice,27,2.0702770999301774,1,True
IN.ADM2.00110,sesamum,26,0.40750949734142694,1,True
IN.ADM2.00110,soyabean,5,1.314883036707738,0,True
IN.ADM2.00110,sugarcane,4,,0,False
IN.ADM2.00110,wheat,27,2.8471477740583655,2,True
IN.ADM2.00111,arhartur,26,0.9201267969359403,1,True
IN.ADM2.00111,bajra,27,1.772893879526454,2,True
IN.ADM2.00111,cottonlint,26,0.43792834657510377,1,True
IN.ADM2.00111,gram,3,,0,False
IN.ADM2.00111,groundnut,26,1.7383729432622308,2,True
IN.ADM2.00111,jowar,27,1.1018257614975948,1,True
IN.ADM2.00111,maize,27,1.8123979320914987,1,True
IN.ADM2.00111,potato,26,24.991060206987502,1,True
IN.ADM2.00111,ragi,3,,0,False
IN.ADM2.00111,rapeseed_mustard,26,1.5545807824264182,2,True
IN.ADM2.00111,rice,27,1.2904135032401487,2,True
IN.ADM2.00111,sesamum,26,1.3940167110091244,1,True
IN.ADM2.00111,soyabean,13,1.0789140320452981,0,True
IN.ADM2.00111,sugarcane,26,65.6822402718738,1,True
IN.ADM2.00111,wheat,27,2.110744230080703,1,True
IN.ADM2.00112,arhartur,26,0.9658711221559314,3,True
IN.ADM2.00112,bajra,27,1.9819116234975027,1,True
IN.ADM2.00112,cottonlint,26,0.4011828308823186,1,True
IN.ADM2.00112,gram,3,,0,False
IN.ADM2.00112,groundnut,26,1.389566047412478,0,True
IN.ADM2.00112,jowar,25,1.1103192703124498,3,True
IN.ADM2.00112,maize,27,1.6202871922442454,1,True
IN.ADM2.00112,potato,13,25.205646160453394,0,True
IN.ADM2.00112,rapeseed_mustard,26,1.364593717930023,1,True
IN.ADM2.00112,rice,27,2.092889302496858,2,True
IN.ADM2.00112,sesamum,26,0.5010243803028652,0,True
IN.ADM2.00112,soyabean,6,1.245913805517146,0,True
IN.ADM2.00112,sugarcane,25,64.87980446688869,1,True
IN.ADM2.00112,wheat,27,2.13882044126587,0,True
IN.ADM2.00113,arhartur,26,0.9779667422305598,1,True
IN.ADM2.00113,bajra,27,2.2589319732438,2,True
IN.ADM2.00113,cottonlint,26,0.5825507079116371,1,True
IN.ADM2.00113,gram,3,,0,False
IN.ADM2.00113,groundnut,26,2.0361284196235903,1,True
IN.ADM2.00113,jowar,17,1.004531427362073,0,True
IN.ADM2.00113,maize,23,1.5730846953123439,1,True
IN.ADM2.00113,potato,26,25.166211293804164,2,True
IN.ADM2.00113,rapeseed_mustard,26,1.5166167650640172,0,True
IN.ADM2.00113,rice,27,2.308103820101264,2,True
IN.ADM2.00113,sesamum,26,0.4207142991392152,1,True
IN.ADM2.00113,soyabean,4,,0,False
IN.ADM2.00113,wheat,27,3.2695176012698766,2,True
IN.ADM2.00114,arhartur,26,1.0336746401838077,1,True
IN.ADM2.00114,bajra,27,1.655326250651302,1,True
IN.ADM2.00114,cottonlint,26,0.5875268476880436,0,True
IN.ADM2.00114,gram,3,,0,False
IN.ADM2.00114,groundnut,26,1.5099476197779218,1,True
IN.ADM2.00114,jowar,16,0.9876229536730111,2,True
IN.ADM2.00114,maize,17,1.456647033692548,1,True
IN.ADM2.00114,potato,24,25.159176657810395,1,True
IN.ADM2.00114,rapeseed_mustard,23,1.541772873259256,2,True
IN.ADM2.00114,rice,1,,0,False
IN.ADM2.00114,sesamum,26,0.582666895395103,1,True
IN.ADM2.00114,soyabean,7,1.1515559993811082,0,True
IN.ADM2.00114,sugarcane,17,71.01745864586243,2,True
IN.ADM2.00114,wheat,27,3.2451381639295778,2,True
IN.ADM2.00115,arhartur,26,1.1093370181795277,1,True
IN.ADM2.00115,bajra,27,2.2976528813471795,1,True
IN.ADM2.00115,cottonlint,26,0.5843212239248937,2,True
IN.ADM2.00115,gram,3,,0,False
IN.ADM2.00115,groundnut,26,1.7282926819766107,1,True
IN.ADM2.00115,jowar,27,1.2139779261469559,1,True
IN.ADM2.00115,maize,15,1.8377045427691054,0,True
IN.ADM2.00115,potato,1,,0,False
IN.ADM2.00115,rapeseed_mustard,21,1.4386314635143673,1,True
IN.ADM2.00115,rice,6,1.9951111111111113,0,True
IN.ADM2.00115,sesamum,26,1.4898821273179952,1,True
IN.ADM2.00115,soyabean,9,1.1679649699145829,0,True
IN.ADM2.00115,sugarcane,24,77.56492284772486,1,True
IN.ADM2.00115,wheat,27,3.631087546524047,1,True
IN.ADM2.00116,arhartur,7,1.0574004375163963,0,True
IN.ADM2.00116,bajra,27,1.0304215325506174,2,True
IN.ADM2.00116,cottonlint,26,0.5760491604445175,1,True
IN.ADM2.00116,gram,3,,0,False
IN.ADM2.00116,groundnut,26,1.688293812149781,1,True
IN.ADM2.00116,jowar,8,1.3404031511425765,0,True
IN.ADM2.00116,maize,8,1.9448170049264886,0,True
IN.ADM2.00116,potato,23,23.878123201564666,2,True
IN.ADM2.00116,rapeseed_mustard,26,1.6393577743515442,0,True
IN.ADM2.00116,sesamum,26,0.43972791638239417,1,True
IN.ADM2.00116,soyabean,3,,0,False
IN.ADM2.00116,sugarcane,14,64.71620893914917,1,True
IN.ADM2.00116,wheat,27,2.7999053802440272,1,True
IN.ADM2.00117,arhartur,26,1.2270689236418613,1,True
IN.ADM2.00117,bajra,27,1.9680603275042137,1,True
IN.ADM2.00117,cottonlint,26,0.45975118351913946,1,True
IN.ADM2.00117,gram,3,,0,False
IN.ADM2.00117,groundnut,26,1.5939088393584568,1,True
IN.ADM2.00117,jowar,27,1.0839288106415748,1,True
IN.ADM2.00117,maize,27,1.428325386813361,1,True
IN.ADM2.00117,potato,26,21.11671676294918,1,True
IN.ADM2.00117,ragi,12,1.0294258046917621,1,True
IN.ADM2.00117,rapeseed_mustard,26,1.512129529796094,2,True
IN.ADM2.00117,rice,27,1.8107315727415754,2,True
IN.ADM2.00117,sesamum,26,0.5679988132597139,1,True
IN.ADM2.00117,soyabean,13,0.9744416575003181,1,True
IN.ADM2.00117,sugarcane,20,61.15639568242184,1,True
IN.ADM2.00117,wheat,27,2.4188661764917008,1,True
IN.ADM2.00120,arhartur,26,1.0690299707336572,2,True
IN.ADM2.00120,bajra,27,1.5919032491064091,1,True
IN.ADM2.00120,cottonlint,26,0.44912520135277584,1,True
IN.ADM2.00120,gram,3,,0,False
IN.ADM2.00120,groundnut,26,1.5118145742695281,0,True
IN.ADM2.00120,jowar,25,1.0899645209702795,2,True
IN.ADM2.00120,maize,24,1.5539553324780446,2,True
IN.ADM2.00120,potato,9,23.565925925925924,1,True
IN.ADM2.00120,rapeseed_mustard,26,1.4900042559533222,1,True
IN.ADM2.00120,rice,24,1.853394268385242,1,True
IN.ADM2.00120,sesamum,26,0.4922276890183255,1,True
IN.ADM2.00120,soyabean,9,1.2594312020504073,0,True
IN.ADM2.00120,sugarcane,24,72.70573028951843,2,True
IN.ADM2.00120,wheat,27,3.2337423803085223,0,True
IN.ADM2.00121,arhartur,26,0.8923888134268168,2,True
IN.ADM2.00121,bajra,27,1.985747436236568,0,True
IN.ADM2.00121,cottonlint,26,0.4645589298195769,1,True
IN.ADM2.00121,gram,3,,0,False
IN.ADM2.00121,groundnut,26,1.5841192354271816,1,True
IN.ADM2.00121,jowar,16,1.1479032707551677,1,True
IN.ADM2.00121,maize,27,1.8183712603224367,1,True
IN.ADM2.00121,potato,26,23.83866736310246,1,True
IN.ADM2.00121,rapeseed_mustard,26,1.4806247224890776,1,True
IN.ADM2.00121,rice,27,2.2432587786999596,2,True
IN.ADM2.00121,sesamum,26,0.4108510030343966,2,True
IN.ADM2.00121,soyabean,13,1.5387766975798352,1,True
IN.ADM2.00121,sugarcane,6,71.5,0,True
IN.ADM2.00121,wheat,27,2.5825330725329345,1,True
IN.ADM2.00123,arhartur,25,0.845375940130793,0,True
IN.ADM2.00123,gram,3,,0,False
IN.ADM2.00123,groundnut,26,1.4360106910836836,1,True
IN.ADM2.00123,jowar,25,1.463313248771019,1,True
IN.ADM2.00123,maize,23,1.5419183392932099,1,True
IN.ADM2.00123,ragi,27,0.9898268192941999,1,True
IN.ADM2.00123,rice,27,1.631789139256934,2,True
IN.ADM2.00123,soyabean,10,0.8388107959644167,0,True
IN.ADM2.00123,sugarcane,13,65.11150166657153,1,True
IN.ADM2.00123,wheat,25,2.628301334391801,0,True
IN.ADM2.00124,arhartur,26,0.7380281811568516,2,True
IN.ADM2.00124,bajra,2,,0,False
IN.ADM2.00124,gram,3,,0,False
IN.ADM2.00124,groundnut,26,1.5511219747876728,1,True
IN.ADM2.00124,jowar,27,1.2145284265196783,1,True
IN.ADM2.00124,maize,14,1.8156769921987694,1,True
IN.ADM2.00124,ragi,27,0.8041024377575796,1,True
IN.ADM2.00124,rapeseed_mustard,13,1.4498834498834499,1,True
IN.ADM2.00124,rice,27,2.3099219758755387,2,True
IN.ADM2.00124,sesamum,5,0.611111111111111,0,True
IN.ADM2.00124,sugarcane,26,62.95601989251367,1,True
IN.ADM2.00124,wheat,27,2.864076150068218,0,True
IN.ADM2.00126,arhartur,26,0.9858629797138968,1,True
IN.ADM2.00126,bajra,24,1.7651741933326415,1,True
IN.ADM2.00126,cottonlint,26,0.4479209030986908,1,True
IN.ADM2.00126,gram,3,,0,False
IN.ADM2.00126,groundnut,26,1.6444583076970587,1,True
IN.ADM2.00126,jowar,27,1.4191037806972437,2,True
IN.ADM2.00126,maize,27,1.690026654907362,2,True
IN.ADM2.00126,potato,2,,0,False
IN.ADM2.00126,ragi,6,0.8866666666666667,1,True
IN.ADM2.00126,rapeseed_mustard,18,1.5428622916902097,1,True
IN.ADM2.00126,rice,27,2.266416583141956,1,True
IN.ADM2.00126,sesamum,21,0.7183484232739613,0,True
IN.ADM2.00126,soyabean,13,1.0434037932410125,0,True
IN.ADM2.00126,sugarcane,26,71.19037946461837,1,True
IN.ADM2.00126,wheat,27,2.462302561778373,1,True
IN.ADM2.00129,arhartur,23,1.101010297202238,1,True
IN.ADM2.00129,bajra,27,1.354149344008481,1,True
IN.ADM2.00129,barley,27,3.082560784422421,2,True
IN.ADM2.00129,cottonlint,26,0.3777629113602098,1,True
IN.ADM2.00129,gram,3,,0,False
IN.ADM2.00129,groundnut,15,0.7749849578820699,1,True
IN.ADM2.00129,jowar,24,0.40071672866127583,1,True
IN.ADM2.00129,maize,10,1.2893333333333332,1,True
IN.ADM2.00129,potato,11,22.139821179772284,0,True
IN.ADM2.00129,rapeseed_mustard,24,1.4482146616969835,1,True
IN.ADM2.00129,rice,27,2.2910916743334644,2,True
IN.ADM2.00129,sesamum,21,0.3613094620326299,2,True
IN.ADM2.00129,sugarcane,25,59.449610009918686,2,True
IN.ADM2.00129,wheat,27,3.7563122144566035,1,True
IN.ADM2.00130,arhartur,24,0.9312958488001971,2,True
IN.ADM2.00130,bajra,27,1.802137924442707,0,True
IN.ADM2.00130,barley,27,3.21679038112845,2,True
IN.ADM2.00130,cottonlint,15,0.33111328862240064,1,True
IN.ADM2.00130,gram,3,,0,False
IN.ADM2.00130,groundnut,11,0.4927080682446586,0,True
IN.ADM2.00130,jowar,27,0.39803966444827005,1,True
IN.ADM2.00130,maize,12,2.595392103454415,1,True
IN.ADM2.00130,potato,21,21.03079043640451,2,True
IN.ADM2.00130,rapeseed_mustard,24,1.6707446887538373,1,True
IN.ADM2.00130,rice,27,2.6827864211086894,2,True
IN.ADM2.00130,sesamum,22,0.341528074782947,1,True
IN.ADM2.00130,sugarcane,25,52.20440015226047,2,True
IN.ADM2.00130,wheat,27,4.096966538903784,2,True
IN.ADM2.00132,arhartur,20,1.0726292333266603,2,True
IN.ADM2.00132,bajra,27,1.8806535060367195,1,True
IN.ADM2.00132,barley,27,3.333000685641439,2,True
IN.ADM2.00132,cottonlint,26,0.4800202764685527,1,True
IN.ADM2.00132,gram,3,,0,False
IN.ADM2.00132,groundnut,23,0.9679157829361533,2,True
IN.ADM2.00132,jowar,7,0.2299795918367347,0,True
IN.ADM2.00132,maize,12,1.7991275946275946,1,True
IN.ADM2.00132,potato,23,21.51957373475258,1,True
IN.ADM2.00132,rapeseed_mustard,24,1.6002807674529305,1,True
IN.ADM2.00132,rice,27,3.3635497722083625,2,True
IN.ADM2.00132,sesamum,20,0.6150616056857701,2,True
IN.ADM2.00132,soyabean,1,,0,False
IN.ADM2.00132,sugarcane,25,58.60353910374874,2,True
IN.ADM2.00132,wheat,27,4.56657057040731,1,True
IN.ADM2.00133,arhartur,18,1.1234022768956717,1,True
IN.ADM2.00133,bajra,27,1.8849536323022633,2,True
IN.ADM2.00133,barley,27,3.755031937685539,2,True
IN.ADM2.00133,cottonlint,26,0.43332268478984487,1,True
IN.ADM2.00133,gram,2,,0,False
IN.ADM2.00133,jowar,7,0.26783254498677184,0,True
IN.ADM2.00133,maize,10,1.6970649895178198,1,True
IN.ADM2.00133,potato,13,23.68209412319872,1,True
IN.ADM2.00133,rapeseed_mustard,24,1.5586725966100534,2,True
IN.ADM2.00133,rice,27,2.6274288255111227,2,True
IN.ADM2.00133,sesamum,12,0.32234381855167166,0,True
IN.ADM2.00133,sugarcane,25,61.38697777587689,2,True
IN.ADM2.00133,wheat,27,4.460082339007152,2,True
IN.ADM2.00134,arhartur,8,1.2551844871069193,0,True
IN.ADM2.00134,bajra,27,1.951306609302176,1,True
IN.ADM2.00134,barley,8,1.3333333333333333,0,True
IN.ADM2.00134,cottonlint,26,0.4600939655325549,1,True
IN.ADM2.00134,gram,2,,0,False
IN.ADM2.00134,jowar,6,0.2222222222222222,0,True
IN.ADM2.00134,maize,10,1.4666666666666666,1,True
IN.ADM2.00134,potato,23,21.83492870914445,2,True
IN.ADM2.00134,rapeseed_mustard,24,1.73237602037896,2,True
IN.ADM2.00134,rice,27,3.1074625607140365,1,True
IN.ADM2.00134,sesamum,11,0.32525743241251626,0,True
IN.ADM2.00134,sugarcane,25,66.9669649335489,2,True
IN.ADM2.00134,wheat,27,4.568194997850117,2,True
IN.ADM2.00136,arhartur,7,0.9269868776187045,0,True
IN.ADM2.00136,bajra,7,0.2857142857142857,0,True
IN.ADM2.00136,barley,8,1.3541666666666665,0,True
IN.ADM2.00136,cottonlint,4,,0,False
IN.ADM2.00136,gram,1,,0,False
IN.ADM2.00136,jowar,2,,0,False
IN.ADM2.00136,maize,18,2.3391302381295955,1,True
IN.ADM2.00136,potato,23,22.15001004715426,1,True
IN.ADM2.00136,rapeseed_mustard,22,1.326398077666653,1,True
IN.ADM2.00136,rice,27,3.782755451049675,1,True
IN.ADM2.00136,sesamum,2,,0,False
IN.ADM2.00136,sugarcane,25,69.04206811212462,2,True
IN.ADM2.00136,wheat,27,4.567073710938632,1,True
IN.ADM2.00137,arhartur,18,0.833779776510875,1,True
IN.ADM2.00137,bajra,27,1.7957915976135814,1,True
IN.ADM2.00137,barley,24,3.492617654097218,2,True
IN.ADM2.00137,cottonlint,26,0.40893352190364635,2,True
IN.ADM2.00137,gram,3,,0,False
IN.ADM2.00137,groundnut,15,0.7082979584707504,0,True
IN.ADM2.00137,jowar,13,0.4357119155354449,1,True
IN.ADM2.00137,maize,4,,0,False
IN.ADM2.00137,potato,11,18.676479076479076,1,True
IN.ADM2.00137,rapeseed_mustard,24,1.5765379798473749,1,True
IN.ADM2.00137,rice,1,,0,False
IN.ADM2.00137,sesamum,7,0.047619047619047616,1,True
IN.ADM2.00137,sugarcane,2,,0,False
IN.ADM2.00137,wheat,27,4.319643915421646,1,True
IN.ADM2.00139,arhartur,23,0.8528701083731015,1,True
IN.ADM2.00139,bajra,27,1.7750905643508204,2,True
IN.ADM2.00139,barley,26,3.6619783684290708,1,True
IN.ADM2.00139,cottonlint,26,0.3762515194481253,1,True
IN.ADM2.00139,gram,3,,0,False
IN.ADM2.00139,groundnut,17,0.7546175492697449,2,True
IN.ADM2.00139,jowar,21,0.6586740685887742,1,True
IN.ADM2.00139,maize,4,,0,False
IN.ADM2.00139,potato,13,18.27126214365345,1,True
IN.ADM2.00139,rapeseed_mustard,24,1.8135918406100124,0,True
IN.ADM2.00139,rice,26,3.0570368609891307,2,True
IN.ADM2.00139,sesamum,18,0.43144525042425247,1,True
IN.ADM2.00139,sugarcane,6,14.333333333333334,0,True
IN.ADM2.00139,wheat,27,4.375529894347943,1,True
IN.ADM2.00140,arhartur,24,1.0389383114772,2,True
IN.ADM2.00140,bajra,27,1.7176480264700056,2,True
IN.ADM2.00140,barley,27,3.0431847012026356,2,True
IN.ADM2.00140,cottonlint,26,0.35595934638682536,2,True
IN.ADM2.00140,gram,3,,0,False
IN.ADM2.00140,groundnut,20,0.7694077023249755,1,True
IN.ADM2.00140,jowar,26,0.37433497632385826,2,True
IN.ADM2.00140,maize,21,2.3108431406522363,2,True
IN.ADM2.00140,potato,18,19.940020034169144,1,True
IN.ADM2.00140,rapeseed_mustard,24,1.5702338409740169,2,True
IN.ADM2.00140,rice,27,2.027358288850347,1,True
IN.ADM2.00140,sesamum,11,0.21364355581127734,1,True
IN.ADM2.00140,sugarcane,25,56.12131153186419,2,True
IN.ADM2.00140,wheat,27,4.12683736528068,2,True
IN.ADM2.00141,arhartur,11,1.1048926447958596,1,True
IN.ADM2.00141,bajra,27,1.9147749718885623,2,True
IN.ADM2.00141,barley,27,3.449555259216034,1,True
IN.ADM2.00141,cottonlint,26,0.4945947742874695,1,True
IN.ADM2.00141,gram,3,,0,False
IN.ADM2.00141,groundnut,24,1.0190111022774986,1,True
IN.ADM2.00141,jowar,5,0.5149238095238096,0,True
IN.ADM2.00141,maize,11,1.8348035650623884,1,True
IN.ADM2.00141,potato,21,21.8993195509974,2,True
IN.ADM2.00141,rapeseed_mustard,24,1.5707501343576176,1,True
IN.ADM2.00141,rice,27,3.247118102249914,1,True
IN.ADM2.00141,sesamum,19,0.6128090451211164,2,True
IN.ADM2.00141,sugarcane,10,58.24937287481309,1,True
IN.ADM2.00141,wheat,27,4.54833962971861,1,True
IN.ADM2.00142,arhartur,24,1.185625473926284,1,True
IN.ADM2.00142,bajra,27,1.8860716838253135,2,True
IN.ADM2.00142,barley,12,2.377136722492374,0,True
IN.ADM2.00142,cottonlint,24,0.44721335774973436,1,True
IN.ADM2.00142,gram,1,,0,False
IN.ADM2.00142,groundnut,1,,0,False
IN.ADM2.00142,jowar,27,0.4105908058476378,1,True
IN.ADM2.00142,maize,23,2.8538801464397925,1,True
IN.ADM2.00142,potato,23,22.807357267653376,1,True
IN.ADM2.00142,rapeseed_mustard,24,1.3833362381326377,2,True
IN.ADM2.00142,rice,27,2.3806570673756733,2,True
IN.ADM2.00142,sesamum,8,0.33980891719745226,1,True
IN.ADM2.00142,sugarcane,25,65.90108404380861,2,True
IN.ADM2.00142,wheat,27,4.428710419624393,2,True
IN.ADM2.00143,arhartur,8,0.8518890177672761,0,True
IN.ADM2.00143,bajra,23,1.8650855926441283,1,True
IN.ADM2.00143,barley,8,1.8168801138384916,1,True
IN.ADM2.00143,cottonlint,3,,0,False
IN.ADM2.00143,gram,3,,0,False
IN.ADM2.00143,groundnut,13,1.1909924879031495,0,True
IN.ADM2.00143,maize,25,2.9429586343166965,2,True
IN.ADM2.00143,potato,23,21.011242754197507,1,True
IN.ADM2.00143,rapeseed_mustard,24,1.3510465071289461,1,True
IN.ADM2.00143,rice,27,3.5395020359737486,2,True
IN.ADM2.00143,sesamum,10,0.3064499484004128,1,True
IN.ADM2.00143,sugarcane,25,59.602358270736985,3,True
IN.ADM2.00143,wheat,27,4.182185842785527,2,True
IN.ADM2.00144,arhartur,10,0.4324688057040998,1,True
IN.ADM2.00144,bajra,6,0.6046604606754983,0,True
IN.ADM2.00144,barley,26,1.40988224157036,0,True
IN.ADM2.00144,cottonlint,3,,0,False
IN.ADM2.00144,gram,3,,0,False
IN.ADM2.00144,groundnut,6,0.6909722222222222,0,True
IN.ADM2.00144,jowar,3,,0,False
IN.ADM2.00144,maize,26,2.134779133612308,0,True
IN.ADM2.00144,potato,23,4.36950748803373,0,True
IN.ADM2.00144,ragi,3,,0,False
IN.ADM2.00144,rapeseed_mustard,23,0.44079924318887626,0,True
IN.ADM2.00144,rice,26,2.247916099913297,1,True
IN.ADM2.00144,sesamum,23,0.3830115948018859,1,True
IN.ADM2.00144,soyabean,19,1.3124564443348936,1,True
IN.ADM2.00144,sugarcane,22,9.345765950650836,1,True
IN.ADM2.00144,wheat,26,1.3898312181899755,0,True
IN.ADM2.00145,arhartur,3,,0,False
IN.ADM2.00145,bajra,3,,0,False
IN.ADM2.00145,barley,26,1.3507273568793967,1,True
IN.ADM2.00145,groundnut,1,,0,False
IN.ADM2.00145,jowar,1,,0,False
IN.ADM2.00145,maize,26,2.776781770470727,1,True
IN.ADM2.00145,potato,23,8.36841380503675,0,True
IN.ADM2.00145,ragi,15,0.650435446906035,1,True
IN.ADM2.00145,rapeseed_mustard,23,0.41052313309031757,2,True
IN.ADM2.00145,rice,26,1.3943666491905091,2,True
IN.ADM2.00145,sesamum,23,0.34610122425186335,1,True
IN.ADM2.00145,soyabean,3,,0,False
IN.ADM2.00145,wheat,26,1.6915784453410398,1,True
IN.ADM2.00146,bajra,17,0.5667668931785836,1,True
IN.ADM2.00146,barley,26,1.3225614381731954,2,True
IN.ADM2.00146,cottonlint,2,,0,False
IN.ADM2.00146,maize,26,2.0593453071003958,1,True
IN.ADM2.00146,potato,22,4.763576681160413,0,True
IN.ADM2.00146,ragi,2,,0,False
IN.ADM2.00146,rapeseed_mustard,23,0.46652421293742385,0,True
IN.ADM2.00146,rice,26,1.9553522609691112,1,True
IN.ADM2.00146,sesamum,22,0.3819902170708623,0,True
IN.ADM2.00146,soyabean,1,,0,False
IN.ADM2.00146,sugarcane,22,7.105834098413903,1,True
IN.ADM2.00146,wheat,26,1.165767038834939,1,True
IN.ADM2.00147,arhartur,11,0.3826479178013093,1,True
IN.ADM2.00147,bajra,24,0.7775316257823883,1,True
IN.ADM2.00147,barley,26,1.4496995308390244,1,True
IN.ADM2.00147,cottonlint,15,0.10010873563218389,1,True
IN.ADM2.00147,gram,3,,0,False
IN.ADM2.00147,jowar,1,,0,False
IN.ADM2.00147,maize,26,1.7970034941957869,1,True
IN.ADM2.00147,potato,22,9.22343092015129,2,True
IN.ADM2.00147,ragi,17,0.8261214933734689,0,True
IN.ADM2.00147,rapeseed_mustard,23,0.6188153353004359,2,True
IN.ADM2.00147,rice,26,1.5825726052181526,2,True
IN.ADM2.00147,sesamum,23,0.40686322220563714,1,True
IN.ADM2.00147,soyabean,22,1.3141962135437193,1,True
IN.ADM2.00147,sugarcane,22,10.227673139818839,1,True
IN.ADM2.00147,wheat,26,1.6327758233613783,1,True
IN.ADM2.00148,barley,26,1.785409690229963,3,True
IN.ADM2.00148,maize,26,2.513383869626194,1,True
IN.ADM2.00148,potato,22,7.533111414051791,1,True
IN.ADM2.00148,ragi,15,0.9274884764428512,1,True
IN.ADM2.00148,rapeseed_mustard,6,0.7246044359680724,0,True
IN.ADM2.00148,rice,25,1.5329159605048466,2,True
IN.ADM2.00148,sesamum,1,,0,False
IN.ADM2.00148,wheat,26,1.4054277704419609,1,True
IN.ADM2.00149,arhartur,4,,0,False
IN.ADM2.00149,barley,26,1.51225331634911,1,True
IN.ADM2.00149,gram,2,,0,False
IN.ADM2.00149,groundnut,23,0.7847895867579959,1,True
IN.ADM2.00149,maize,26,2.973697351617236,1,True
IN.ADM2.00149,potato,22,12.2648842466527,0,True
IN.ADM2.00149,ragi,19,0.8244897625887646,0,True
IN.ADM2.00149,rapeseed_mustard,23,0.49921170888440514,1,True
IN.ADM2.00149,rice,26,1.3373680317764927,2,True
IN.ADM2.00149,soyabean,23,1.340503432494279,0,True
IN.ADM2.00149,wheat,26,1.687101608277704,2,True
IN.ADM2.00150,barley,26,1.2824089531011782,0,True
IN.ADM2.00150,maize,26,2.386045096460406,2,True
IN.ADM2.00150,potato,22,20.661864579845403,1,True
IN.ADM2.00150,rapeseed_mustard,18,1.2630063348354466,1,True
IN.ADM2.00150,wheat,26,1.5215904975817571,1,True
IN.ADM2.00151,arhartur,6,0.7167919799498748,1,True
IN.ADM2.00151,bajra,22,0.5179797949038735,1,True
IN.ADM2.00151,barley,26,1.460961979011744,1,True
IN.ADM2.00151,cottonlint,1,,0,False
IN.ADM2.00151,gram,3,,0,False
IN.ADM2.00151,groundnut,16,0.6792103729603729,0,True
IN.ADM2.00151,maize,26,2.0655691277074353,0,True
IN.ADM2.00151,potato,22,8.47823016388732,2,True
IN.ADM2.00151,ragi,17,0.9703463610526114,1,True
IN.ADM2.00151,rapeseed_mustard,23,0.2912534269647366,1,True
IN.ADM2.00151,rice,26,1.4962601963031252,0,True
IN.ADM2.00151,sesamum,23,0.3075962138109673,0,True
IN.ADM2.00151,soyabean,23,1.4402810062635965,0,True
IN.ADM2.00151,sugarcane,5,1.42,0,True
IN.ADM2.00151,wheat,26,1.4429700315288356,0,True
IN.ADM2.00152,arhartur,22,0.3629395608954929,1,True
IN.ADM2.00152,bajra,23,0.7077631105045841,1,True
IN.ADM2.00152,barley,26,1.181371529475512,1,True
IN.ADM2.00152,gram,3,,0,False
IN.ADM2.00152,groundnut,20,0.6123211102622867,0,True
IN.ADM2.00152,maize,26,2.536628467163678,0,True
IN.ADM2.00152,potato,21,7.144512156737572,1,True
IN.ADM2.00152,ragi,19,1.2769567808321993,0,True
IN.ADM2.00152,rapeseed_mustard,23,0.4572274423257513,0,True
IN.ADM2.00152,rice,26,1.071125120167712,1,True
IN.ADM2.00152,sesamum,22,0.26798187532842266,1,True
IN.ADM2.00152,soyabean,23,1.9893872090942033,1,True
IN.ADM2.00152,sugarcane,10,15.648444444444445,1,True
IN.ADM2.00152,wheat,26,1.3703002414717766,3,True
IN.ADM2.00153,arhartur,15,0.5818006394476982,0,True
IN.ADM2.00153,bajra,21,0.5350828814901059,2,True
IN.ADM2.00153,barley,26,1.225286166627386,1,True
IN.ADM2.00153,cottonlint,3,,0,False
IN.ADM2.00153,gram,3,,0,False
IN.ADM2.00153,groundnut,22,0.7124388726667443,2,True
IN.ADM2.00153,maize,26,2.977862827937353,1,True
IN.ADM2.00153,potato,22,8.864593756599714,1,True
IN.ADM2.00153,ragi,19,0.6727081187160355,1,True
IN.ADM2.00153,rapeseed_mustard,23,0.3662988922123173,0,True
IN.ADM2.00153,rice,26,1.5861176787829063,1,True
IN.ADM2.00153,sesamum,21,0.4125934619224556,2,True
IN.ADM2.00153,soyabean,22,1.2028113731412073,0,True
IN.ADM2.00153,sugarcane,22,19.62304557423742,1,True
IN.ADM2.00153,wheat,26,1.5805262017385644,0,True
IN.ADM2.00154,arhartur,6,0.4602534562211982,1,True
IN.ADM2.00154,bajra,8,1.8904883603238867,0,True
IN.ADM2.00154,barley,26,1.0124894025056812,1,True
IN.ADM2.00154,cottonlint,13,0.12221677519304355,1,True
IN.ADM2.00154,gram,3,,0,False
IN.ADM2.00154,groundnut,10,1.1040612907804972,1,True
IN.ADM2.00154,jowar,2,,0,False
IN.ADM2.00154,maize,26,2.4331851621973883,2,True
IN.ADM2.00154,potato,22,4.87701098990405,0,True
IN.ADM2.00154,ragi,4,,0,False
IN.ADM2.00154,rapeseed_mustard,23,0.486023197836828,0,True
IN.ADM2.00154,rice,26,2.364019829633191,2,True
IN.ADM2.00154,sesamum,23,0.3347805848196167,2,True
IN.ADM2.00154,soyabean,23,1.3352454501548296,1,True
IN.ADM2.00154,sugarcane,22,13.407191848540537,1,True
IN.ADM2.00154,wheat,26,1.6494168881384117,1,True
IN.ADM2.00155,arhartur,2,,0,False
IN.ADM2.00155,bajra,1,,0,False
IN.ADM2.00155,barley,2,,0,False
IN.ADM2.00155,cottonlint,1,,0,False
IN.ADM2.00155,gram,3,,0,False
IN.ADM2.00155,groundnut,4,,0,False
IN.ADM2.00155,maize,26,2.2941861488661632,0,True
IN.ADM2.00155,potato,22,9.73315461037762,1,True
IN.ADM2.00155,rapeseed_mustard,23,0.8359460220754598,1,True
IN.ADM2.00155,rice,26,2.20552840165663,2,True
IN.ADM2.00155,sesamum,23,0.2765300788204968,2,True
IN.ADM2.00155,sugarcane,22,16.03553364420119,2,True
IN.ADM2.00155,wheat,26,1.7226777525992583,1,True
IN.ADM2.00156,maize,22,1.3405927736211865,1,True
IN.ADM2.00156,potato,21,11.210844991437646,1,True
IN.ADM2.00156,rapeseed_mustard,21,0.7331192806623864,0,True
IN.ADM2.00156,rice,23,2.2026749731071504,3,True
IN.ADM2.00156,wheat,13,1.494159575403388,1,True
IN.ADM2.00157,maize,22,1.0240626297180198,1,True
IN.ADM2.00157,potato,20,12.10435911165916,1,True
IN.ADM2.00157,rapeseed_mustard,21,0.7416957560009058,1,True
IN.ADM2.00157,rice,23,1.9441025945282684,3,True
IN.ADM2.00157,wheat,24,1.0920172341687902,0,True
IN.ADM2.00158,bajra,1,,0,False
IN.ADM2.00158,barley,3,,0,False
IN.ADM2.00158,maize,22,1.1201790673261312,2,True
IN.ADM2.00158,potato,21,10.653743288555594,1,True
IN.ADM2.00158,ragi,5,0.6017852257181943,0,True
IN.ADM2.00158,rapeseed_mustard,21,0.8564798703221859,1,True
IN.ADM2.00158,rice,23,2.121345636923773,3,True
IN.ADM2.00158,wheat,16,0.7985202604702327,1,True
IN.ADM2.00159,bajra,7,0.5119888333584025,1,True
IN.ADM2.00159,barley,25,0.31924489447514787,2,True
IN.ADM2.00159,maize,22,1.2150758022701118,2,True
IN.ADM2.00159,potato,19,6.26862842390805,1,True
IN.ADM2.00159,ragi,5,0.5060227723941062,0,True
IN.ADM2.00159,rapeseed_mustard,21,0.6067118831922841,1,True
IN.ADM2.00159,rice,23,1.2206692028795625,0,True
IN.ADM2.00159,sesamum,3,,0,False
IN.ADM2.00159,sugarcane,2,,0,False
IN.ADM2.00159,wheat,25,1.0881645901628891,1,True
IN.ADM2.00160,arhartur,2,,0,False
IN.ADM2.00160,bajra,22,0.5578661963745847,1,True
IN.ADM2.00160,barley,23,0.858516962047237,2,True
IN.ADM2.00160,cottonlint,12,0.08520470307284837,1,True
IN.ADM2.00160,gram,1,,0,False
IN.ADM2.00160,groundnut,11,0.5578586889301177,0,True
IN.ADM2.00160,jowar,7,0.4416085921118617,0,True
IN.ADM2.00160,maize,22,1.955290434286703,1,True
IN.ADM2.00160,potato,21,11.825044727859673,0,True
IN.ADM2.00160,rapeseed_mustard,22,0.559130354292056,2,True
IN.ADM2.00160,rice,23,1.643962328424831,2,True
IN.ADM2.00160,sesamum,21,0.42963040243909667,1,True
IN.ADM2.00160,sugarcane,18,2.6002679217107696,1,True
IN.ADM2.00160,wheat,24,1.8898211356478427,1,True
IN.ADM2.00161,barley,6,1.1935128133235615,0,True
IN.ADM2.00161,maize,1,,0,False
IN.ADM2.00161,potato,12,9.129027810983766,2,True
IN.ADM2.00161,ragi,2,,0,False
IN.ADM2.00161,rapeseed_mustard,1,,0,False
IN.ADM2.00161,wheat,21,0.9164920695672029,2,True
IN.ADM2.00163,bajra,1,,0,False
IN.ADM2.00163,maize,22,1.0167684032826436,0,True
IN.ADM2.00163,potato,17,8.358303613023546,1,True
IN.ADM2.00163,rapeseed_mustard,4,,0,False
IN.ADM2.00163,rice,23,1.6618662259888342,1,True
IN.ADM2.00163,wheat,4,,0,False
IN.ADM2.00164,bajra,1,,0,False
IN.ADM2.00164,barley,22,1.0409883977859744,1,True
IN.ADM2.00164,potato,19,11.247036234048826,1,True
IN.ADM2.00164,ragi,2,,0,False
IN.ADM2.00164,rapeseed_mustard,20,1.077810628433657,1,True
IN.ADM2.00164,sesamum,1,,0,False
IN.ADM2.00164,wheat,23,0.9838448564405872,2,True
IN.ADM2.00165,maize,22,0.9715274527309464,1,True
IN.ADM2.00165,potato,21,10.745634957460513,1,True
IN.ADM2.00165,rapeseed_mustard,21,0.780975992579124,1,True
IN.ADM2.00165,rice,23,2.0233668745017335,1,True
IN.ADM2.00165,wheat,24,1.578642779067102,1,True
IN.ADM2.00166,maize,22,1.9958988832980893,1,True
IN.ADM2.00166,potato,17,7.134085761023477,2,True
IN.ADM2.00166,rapeseed_mustard,21,0.6737185405289314,1,True
IN.ADM2.00166,rice,23,1.4055181057852504,2,True
IN.ADM2.00166,wheat,24,1.4842326859979078,0,True
IN.ADM2.00167,bajra,22,0.6188936502022466,2,True
IN.ADM2.00167,barley,10,0.6728500538544391,1,True
IN.ADM2.00167,cottonlint,4,,0,False
IN.ADM2.00167,jowar,2,,0,False
IN.ADM2.00167,maize,22,2.198180701817469,1,True
IN.ADM2.00167,potato,6,16.220555555555556,1,True
IN.ADM2.00167,rapeseed_mustard,21,0.582522001029967,0,True
IN.ADM2.00167,rice,23,1.4017833784255778,2,True
IN.ADM2.00167,sesamum,16,0.40562611705573864,1,True
IN.ADM2.00167,sugarcane,5,1.3566666666666667,0,True
IN.ADM2.00167,wheat,24,1.5738195046956818,2,True
IN.ADM2.00168,barley,9,0.35800609615827006,0,True
IN.ADM2.00168,maize,22,1.147288042142698,1,True
IN.ADM2.00168,potato,21,9.436279227945883,2,True
IN.ADM2.00168,rapeseed_mustard,21,0.8672054138048544,1,True
IN.ADM2.00168,rice,23,2.3257299267244798,2,True
IN.ADM2.00168,sesamum,1,,0,False
IN.ADM2.00168,wheat,12,2.705439814814815,0,True
IN.ADM2.00169,bajra,22,0.5860112403050836,1,True
IN.ADM2.00169,barley,23,0.8998577587226925,1,True
IN.ADM2.00169,cottonlint,4,,0,False
IN.ADM2.00169,maize,22,1.7328232895255378,1,True
IN.ADM2.00169,potato,21,8.096764377133754,1,True
IN.ADM2.00169,ragi,1,,0,False
IN.ADM2.00169,rapeseed_mustard,22,0.6485623399125238,1,True
IN.ADM2.00169,rice,23,1.1306653738235417,3,True
IN.ADM2.00169,sesamum,19,0.47040753787833084,1,True
IN.ADM2.00169,sugarcane,9,1.7167536124261271,1,True
IN.ADM2.00169,wheat,24,1.342313539374312,2,True
IN.ADM2.00170,arhartur,26,0.605230703112375,2,True
IN.ADM2.00170,bajra,9,1.2076762074754042,1,True
IN.ADM2.00170,barley,1,,0,False
IN.ADM2.00170,cottonlint,3,,0,False
IN.ADM2.00170,gram,2,,0,False
IN.ADM2.00170,groundnut,26,0.7105193751685773,0,True
IN.ADM2.00170,jowar,10,1.4698651547360506,1,True
IN.ADM2.00170,maize,27,3.918269235694526,1,True
IN.ADM2.00170,potato,25,11.418522097729943,2,True
IN.ADM2.00170,ragi,27,2.131039295959327,1,True
IN.ADM2.00170,rapeseed_mustard,23,0.30679352731043397,1,True
IN.ADM2.00170,rice,27,3.0884227400107984,1,True
IN.ADM2.00170,sesamum,24,0.5743557052590784,3,True
IN.ADM2.00170,soyabean,4,,0,False
IN.ADM2.00170,sugarcane,17,89.39487399058011,1,True
IN.ADM2.00170,wheat,4,,0,False
IN.ADM2.00171,arhartur,25,0.6816062866354694,0,True
IN.ADM2.00171,bajra,19,0.934544633606135,0,True
IN.ADM2.00171,barley,1,,0,False
IN.ADM2.00171,cottonlint,9,0.4147685185185186,0,True
IN.ADM2.00171,gram,3,,0,False
IN.ADM2.00171,groundnut,25,1.0428424042008735,0,True
IN.ADM2.00171,jowar,8,1.3817083217451929,1,True
IN.ADM2.00171,maize,26,3.711275687229175,1,True
IN.ADM2.00171,potato,25,14.229361102007452,2,True
IN.ADM2.00171,ragi,26,1.9631590688631348,2,True
IN.ADM2.00171,rapeseed_mustard,23,0.29886526021765325,2,True
IN.ADM2.00171,rice,27,2.614343596466657,2,True
IN.ADM2.00171,sesamum,25,0.5145218887718213,1,True
IN.ADM2.00171,soyabean,8,1.0495353643849885,0,True
IN.ADM2.00171,sugarcane,23,84.3959916990037,0,True
IN.ADM2.00171,wheat,8,1.223172514619883,0,True
IN.ADM2.00172,arhartur,26,0.396740724350497,1,True
IN.ADM2.00172,bajra,27,0.5988359322633247,1,True
IN.ADM2.00172,barley,1,,0,False
IN.ADM2.00172,cottonlint,25,0.34389368302472456,2,True
IN.ADM2.00172,gram,3,,0,False
IN.ADM2.00172,groundnut,26,0.8265466523509291,1,True
IN.ADM2.00172,jowar,27,0.9693955163953285,2,True
IN.ADM2.00172,maize,27,3.165541624442378,1,True
IN.ADM2.00172,potato,25,9.227194681493373,1,True
IN.ADM2.00172,ragi,27,0.9094127606992864,2,True
IN.ADM2.00172,rapeseed_mustard,24,0.22596972739221574,1,True
IN.ADM2.00172,rice,27,1.8422624816857318,1,True
IN.ADM2.00172,sesamum,25,0.4598094704396076,1,True
IN.ADM2.00172,soyabean,25,0.8525748172535432,1,True
IN.ADM2.00172,sugarcane,24,87.74500947349702,2,True
IN.ADM2.00172,wheat,27,1.1977876552275106,0,True
IN.ADM2.00173,arhartur,26,0.6118416234132459,0,True
IN.ADM2.00173,bajra,27,0.9226448934444679,1,True
IN.ADM2.00173,barley,1,,0,False
IN.ADM2.00173,cottonlint,25,0.3404625163502106,0,True
IN.ADM2.00173,gram,3,,0,False
IN.ADM2.00173,groundnut,26,0.7509169316338122,1,True
IN.ADM2.00173,jowar,27,1.5505337858876072,1,True
IN.ADM2.00173,maize,27,2.8731174817974954,1,True
IN.ADM2.00173,potato,23,8.18239215427279,1,True
IN.ADM2.00173,ragi,27,1.2591695443259112,0,True
IN.ADM2.00173,rapeseed_mustard,25,0.22200697456737284,1,True
IN.ADM2.00173,rice,27,3.139520112783097,1,True
IN.ADM2.00173,sesamum,25,0.6353559797622647,1,True
IN.ADM2.00173,soyabean,16,0.9885211165301698,1,True
IN.ADM2.00173,sugarcane,24,100.38996943511573,2,True
IN.ADM2.00173,wheat,27,1.1301535191651908,1,True
IN.ADM2.00174,arhartur,26,0.746082248413672,1,True
IN.ADM2.00174,bajra,27,0.8380474981799103,2,True
IN.ADM2.00174,cottonlint,25,0.2995505119766166,1,True
IN.ADM2.00174,gram,3,,0,False
IN.ADM2.00174,groundnut,26,0.7395661365309465,2,True
IN.ADM2.00174,jowar,27,1.0862650170112669,1,True
IN.ADM2.00174,maize,27,2.1492309302117696,3,True
IN.ADM2.00174,potato,25,13.752522223164753,1,True
IN.ADM2.00174,ragi,6,1.4119588744588745,0,True
IN.ADM2.00174,rapeseed_mustard,23,0.19139427391574768,2,True
IN.ADM2.00174,rice,27,0.9574185436358781,1,True
IN.ADM2.00174,sesamum,25,0.5571467459405676,1,True
IN.ADM2.00174,soyabean,25,0.9533631277609936,1,True
IN.ADM2.00174,sugarcane,24,65.0761905863457,2,True
IN.ADM2.00174,wheat,27,1.0203514460347145,1,True
IN.ADM2.00175,arhartur,26,0.4628987306021657,1,True
IN.ADM2.00175,bajra,27,0.8625221433782521,1,True
IN.ADM2.00175,barley,1,,0,False
IN.ADM2.00175,cottonlint,25,0.35331962857930466,1,True
IN.ADM2.00175,gram,3,,0,False
IN.ADM2.00175,groundnut,26,0.7847203823705848,1,True
IN.ADM2.00175,jowar,27,0.8760562008405722,2,True
IN.ADM2.00175,maize,27,3.237166072827042,1,True
IN.ADM2.00175,potato,7,11.685330674616386,0,True
IN.ADM2.00175,ragi,6,1.3967691985561614,0,True
IN.ADM2.00175,rapeseed_mustard,14,0.19312176312097035,1,True
IN.ADM2.00175,rice,27,2.6129464171568526,0,True
IN.ADM2.00175,sesamum,25,0.5139784827419525,1,True
IN.ADM2.00175,soyabean,25,0.9202341102340925,1,True
IN.ADM2.00175,sugarcane,24,87.04827578374544,2,True
IN.ADM2.00175,wheat,27,1.0520682103269177,2,True
IN.ADM2.00176,arhartur,26,0.5875592126202076,2,True
IN.ADM2.00176,bajra,8,1.1579586834733893,0,True
IN.ADM2.00176,barley,1,,0,False
IN.ADM2.00176,cottonlint,25,0.2729515013056385,1,True
IN.ADM2.00176,gram,3,,0,False
IN.ADM2.00176,groundnut,26,0.9154098568403672,0,True
IN.ADM2.00176,jowar,27,0.8439358754697971,2,True
IN.ADM2.00176,maize,27,2.7421274011691157,1,True
IN.ADM2.00176,potato,25,7.766435525258386,2,True
IN.ADM2.00176,ragi,27,1.3107894534071693,2,True
IN.ADM2.00176,rapeseed_mustard,20,0.2789823270403629,1,True
IN.ADM2.00176,rice,27,2.480119515500328,2,True
IN.ADM2.00176,sesamum,25,0.7358750643766894,1,True
IN.ADM2.00176,soyabean,9,1.0794356416074082,0,True
IN.ADM2.00176,sugarcane,24,82.25726115598532,0,True
IN.ADM2.00176,wheat,20,0.9844898739689357,1,True
IN.ADM2.00178,arhartur,3,,0,False
IN.ADM2.00178,bajra,3,,0,False
IN.ADM2.00178,cottonlint,1,,0,False
IN.ADM2.00178,groundnut,25,1.957381592547652,1,True
IN.ADM2.00178,jowar,5,1.2976190476190474,0,True
IN.ADM2.00178,maize,19,3.1533281059327254,0,True
IN.ADM2.00178,potato,3,,0,False
IN.ADM2.00178,ragi,3,,0,False
IN.ADM2.00178,rapeseed_mustard,2,,0,False
IN.ADM2.00178,rice,27,2.511208628186868,2,True
IN.ADM2.00178,sesamum,23,0.5817798811156184,1,True
IN.ADM2.00178,sugarcane,24,87.55244772020228,2,True
IN.ADM2.00178,wheat,2,,0,False
IN.ADM2.00179,arhartur,26,0.4985525967744948,1,True
IN.ADM2.00179,bajra,27,0.6854778582644065,2,True
IN.ADM2.00179,barley,1,,0,False
IN.ADM2.00179,cottonlint,25,0.25892647949675285,0,True
IN.ADM2.00179,gram,3,,0,False
IN.ADM2.00179,groundnut,26,0.691993626305111,0,True
IN.ADM2.00179,jowar,27,0.7333094892108455,2,True
IN.ADM2.00179,maize,27,2.6421415242235273,2,True
IN.ADM2.00179,potato,24,5.854195125372601,0,True
IN.ADM2.00179,ragi,27,0.964401184122239,1,True
IN.ADM2.00179,rapeseed_mustard,24,0.23810459655099794,2,True
IN.ADM2.00179,rice,27,1.512959181477564,0,True
IN.ADM2.00179,sesamum,25,0.5525171704545273,2,True
IN.ADM2.00179,soyabean,25,0.7755412219421632,2,True
IN.ADM2.00179,sugarcane,24,74.21229956265138,1,True
IN.ADM2.00179,wheat,27,0.6332819423205701,2,True
IN.ADM2.00180,arhartur,26,0.6501053658718572,2,True
IN.ADM2.00180,bajra,27,0.9979016251458336,2,True
IN.ADM2.00180,barley,1,,0,False
IN.ADM2.00180,cottonlint,25,0.5338360608011306,1,True
IN.ADM2.00180,gram,3,,0,False
IN.ADM2.00180,groundnut,26,0.8483855991913412,1,True
IN.ADM2.00180,jowar,27,0.9629056634186223,2,True
IN.ADM2.00180,maize,27,2.587684373526812,2,True
IN.ADM2.00180,potato,25,12.419765439211114,1,True
IN.ADM2.00180,ragi,11,1.2412553156025479,0,True
IN.ADM2.00180,rapeseed_mustard,16,0.2646294174180063,1,True
IN.ADM2.00180,rice,27,2.4834455002973517,2,True
IN.ADM2.00180,sesamum,25,0.6171292363651744,1,True
IN.ADM2.00180,soyabean,25,0.8894159251603001,2,True
IN.ADM2.00180,sugarcane,24,65.19580104185866,1,True
IN.ADM2.00180,wheat,27,1.1612755182460477,1,True
IN.ADM2.00181,arhartur,26,0.4172190610567655,1,True
IN.ADM2.00181,bajra,8,1.164435726211352,0,True
IN.ADM2.00181,barley,1,,0,False
IN.ADM2.00181,cottonlint,25,0.3015624879469812,0,True
IN.ADM2.00181,gram,3,,0,False
IN.ADM2.00181,groundnut,26,0.8304729889252113,1,True
IN.ADM2.00181,jowar,27,0.9496451638626904,1,True
IN.ADM2.00181,maize,27,3.4635820023010844,1,True
IN.ADM2.00181,potato,25,6.240580313186769,1,True
IN.ADM2.00181,ragi,27,1.3588436462394582,1,True
IN.ADM2.00181,rapeseed_mustard,23,0.2540315876928404,1,True
IN.ADM2.00181,rice,27,2.516081471018312,2,True
IN.ADM2.00181,sesamum,25,0.5373152128987029,1,True
IN.ADM2.00181,soyabean,12,0.9723378484863363,1,True
IN.ADM2.00181,sugarcane,24,101.15864726616387,1,True
IN.ADM2.00181,wheat,5,1.2238095238095237,0,True
IN.ADM2.00182,arhartur,4,,0,False
IN.ADM2.00182,bajra,2,,0,False
IN.ADM2.00182,cottonlint,2,,0,False
IN.ADM2.00182,groundnut,21,0.7793220908788864,2,True
IN.ADM2.00182,jowar,5,1.5345638038263743,0,True
IN.ADM2.00182,maize,27,4.306685776541486,1,True
IN.ADM2.00182,potato,17,6.53899346115304,0,True
IN.ADM2.00182,ragi,22,1.3631208328871987,0,True
IN.ADM2.00182,rice,27,2.4706378887036275,3,True
IN.ADM2.00182,sesamum,4,,0,False
IN.ADM2.00182,sugarcane,3,,0,False
IN.ADM2.00182,wheat,2,,0,False
IN.ADM2.00183,arhartur,26,0.6341260598925514,1,True
IN.ADM2.00183,bajra,22,0.8207297534923653,1,True
IN.ADM2.00183,barley,1,,0,False
IN.ADM2.00183,cottonlint,14,0.386990362261421,1,True
IN.ADM2.00183,gram,3,,0,False
IN.ADM2.00183,groundnut,26,0.7631643514699614,1,True
IN.ADM2.00183,jowar,12,1.4297826504024131,1,True
IN.ADM2.00183,maize,27,2.686463503478446,1,True
IN.ADM2.00183,potato,25,15.739207600317025,2,True
IN.ADM2.00183,ragi,27,1.6025439322338235,1,True
IN.ADM2.00183,rapeseed_mustard,24,0.27081851961864256,2,True
IN.ADM2.00183,rice,27,2.4757117220082447,1,True
IN.ADM2.00183,sesamum,14,0.6201125666025653,0,True
IN.ADM2.00183,soyabean,5,1.1053214062825047,0,True
IN.ADM2.00183,sugarcane,20,88.86313429659664,2,True
IN.ADM2.00183,wheat,6,1.2183333333333335,0,True
IN.ADM2.00184,arhartur,26,0.4803272511982843,0,True
IN.ADM2.00184,bajra,8,1.0097304374282792,0,True
IN.ADM2.00184,cottonlint,15,0.38017108304539493,0,True
IN.ADM2.00184,gram,2,,0,False
IN.ADM2.00184,groundnut,26,0.7859229654396991,1,True
IN.ADM2.00184,jowar,22,1.099504222269646,1,True
IN.ADM2.00184,maize,26,2.68184688882512,1,True
IN.ADM2.00184,potato,25,13.27256978053553,1,True
IN.ADM2.00184,ragi,27,1.6577555693447947,3,True
IN.ADM2.00184,rapeseed_mustard,3,,0,False
IN.ADM2.00184,rice,27,3.189359710464289,1,True
IN.ADM2.00184,sesamum,25,0.6204586333941603,1,True
IN.ADM2.00184,soyabean,18,0.9094808954112334,0,True
IN.ADM2.00184,sugarcane,24,116.48071786846856,1,True
IN.ADM2.00184,wheat,5,0.9333333333333332,0,True
IN.ADM2.00185,arhartur,26,0.5180084973677969,0,True
IN.ADM2.00185,bajra,27,1.0849614150170273,2,True
IN.ADM2.00185,barley,1,,0,False
IN.ADM2.00185,cottonlint,25,0.2462231913368589,1,True
IN.ADM2.00185,gram,3,,0,False
IN.ADM2.00185,groundnut,26,0.850227476622371,1,True
IN.ADM2.00185,jowar,27,0.8369206032126022,2,True
IN.ADM2.00185,maize,27,3.1566302371226813,2,True
IN.ADM2.00185,potato,24,7.496775218954255,0,True
IN.ADM2.00185,ragi,27,1.5155208494469294,2,True
IN.ADM2.00185,rapeseed_mustard,6,0.2565079365079365,0,True
IN.ADM2.00185,rice,27,3.062750603004588,1,True
IN.ADM2.00185,sesamum,25,0.6353805677162374,1,True
IN.ADM2.00185,soyabean,14,0.9270204927736562,0,True
IN.ADM2.00185,sugarcane,24,102.31263306986155,2,True
IN.ADM2.00185,wheat,11,1.2326714996918489,0,True
IN.ADM2.00186,arhartur,26,0.38482281628296355,2,True
IN.ADM2.00186,bajra,27,0.8530838032926069,1,True
IN.ADM2.00186,barley,1,,0,False
IN.ADM2.00186,cottonlint,25,0.33088342865464354,0,True
IN.ADM2.00186,gram,3,,0,False
IN.ADM2.00186,groundnut,26,0.8126001915623603,1,True
IN.ADM2.00186,jowar,27,0.9950371313923709,1,True
IN.ADM2.00186,maize,27,2.6010908857354873,0,True
IN.ADM2.00186,potato,6,11.966888796028172,0,True
IN.ADM2.00186,ragi,6,1.4151623602510914,0,True
IN.ADM2.00186,rapeseed_mustard,11,0.23685244418788248,1,True
IN.ADM2.00186,rice,27,3.243442622782888,2,True
IN.ADM2.00186,sesamum,25,0.4743591126516325,2,True
IN.ADM2.00186,soyabean,6,1.1089750084430936,0,True
IN.ADM2.00186,sugarcane,24,86.95626899417266,3,True
IN.ADM2.00186,wheat,27,0.510197531162974,1,True
IN.ADM2.00188,arhartur,26,0.40954069531354,1,True
IN.ADM2.00188,bajra,27,0.7259081964728519,2,True
IN.ADM2.00188,barley,1,,0,False
IN.ADM2.00188,cottonlint,25,0.42308222652989635,1,True
IN.ADM2.00188,gram,3,,0,False
IN.ADM2.00188,groundnut,26,0.6005304999327276,2,True
IN.ADM2.00188,jowar,26,1.136288841547739,0,True
IN.ADM2.00188,maize,27,2.262126366150594,0,True
IN.ADM2.00188,potato,24,10.663594304997423,2,True
IN.ADM2.00188,ragi,27,1.3291332884513076,1,True
IN.ADM2.00188,rapeseed_mustard,25,0.23372555714296564,3,True
IN.ADM2.00188,rice,27,2.7077461484479426,1,True
IN.ADM2.00188,sesamum,25,0.5325783198802987,1,True
IN.ADM2.00188,soyabean,18,0.8749629100652119,1,True
IN.ADM2.00188,sugarcane,24,93.25583765543581,2,True
IN.ADM2.00188,wheat,10,1.2060714285714285,0,True
IN.ADM2.00189,arhartur,25,0.6003673924759542,1,True
IN.ADM2.00189,bajra,4,,0,False
IN.ADM2.00189,barley,1,,0,False
IN.ADM2.00189,cottonlint,25,0.3348323254932939,1,True
IN.ADM2.00189,gram,3,,0,False
IN.ADM2.00189,groundnut,26,1.6846821969365848,1,True
IN.ADM2.00189,jowar,24,1.156012138837878,1,True
IN.ADM2.00189,maize,27,3.3554043923688557,2,True
IN.ADM2.00189,potato,2,,0,False
IN.ADM2.00189,ragi,25,1.2544106161696025,0,True
IN.ADM2.00189,rapeseed_mustard,4,,0,False
IN.ADM2.00189,rice,27,1.8865100991644073,3,True
IN.ADM2.00189,sesamum,19,0.6925530609741136,0,True
IN.ADM2.00189,soyabean,17,0.9092333673002252,1,True
IN.ADM2.00189,sugarcane,23,78.69643314235721,0,True
IN.ADM2.00190,gram,2,,0,False
IN.ADM2.00190,groundnut,1,,0,False
IN.ADM2.00190,maize,3,,0,False
IN.ADM2.00190,potato,1,,0,False
IN.ADM2.00190,ragi,3,,0,False
IN.ADM2.00190,rice,26,2.785950648491843,2,True
IN.ADM2.00190,sesamum,25,0.3112678097727543,2,True
IN.ADM2.00190,sugarcane,25,60.875118025813265,0,True
IN.ADM2.00191,bajra,1,,0,False
IN.ADM2.00191,jowar,1,,0,False
IN.ADM2.00191,maize,2,,0,False
IN.ADM2.00191,potato,1,,0,False
IN.ADM2.00191,ragi,3,,0,False
IN.ADM2.00191,rice,26,2.0763487363576285,0,True
IN.ADM2.00191,sesamum,25,0.28271518214763636,2,True
IN.ADM2.00191,sugarcane,13,77.83326007326008,0,True
IN.ADM2.00192,arhartur,2,,0,False
IN.ADM2.00192,jowar,8,0.6931818181818181,0,True
IN.ADM2.00192,maize,12,2.2308124407167473,1,True
IN.ADM2.00192,potato,12,15.014119771362507,1,True
IN.ADM2.00192,ragi,20,1.261907779987506,1,True
IN.ADM2.00192,rapeseed_mustard,1,,0,False
IN.ADM2.00192,rice,26,2.4771784470140332,1,True
IN.ADM2.00192,sesamum,12,0.35284422162075285,0,True
IN.ADM2.00192,sugarcane,25,83.44157137374896,3,True
IN.ADM2.00192,wheat,9,1.411111111111111,0,True
IN.ADM2.00193,arhartur,2,,0,False
IN.ADM2.00193,bajra,1,,0,False
IN.ADM2.00193,gram,2,,0,False
IN.ADM2.00193,jowar,3,,0,False
IN.ADM2.00193,maize,2,,0,False
IN.ADM2.00193,potato,1,,0,False
IN.ADM2.00193,ragi,2,,0,False
IN.ADM2.00193,rice,26,2.0209481885400433,2,True
IN.ADM2.00193,sesamum,10,0.4271378861403717,1,True
IN.ADM2.00193,sugarcane,24,105.39856591598765,1,True
IN.ADM2.00194,arhartur,2,,0,False
IN.ADM2.00194,bajra,1,,0,False
IN.ADM2.00194,gram,2,,0,False
IN.ADM2.00194,groundnut,1,,0,False
IN.ADM2.00194,jowar,9,0.6148148148148148,0,True
IN.ADM2.00194,maize,2,,0,False
IN.ADM2.00194,potato,1,,0,False
IN.ADM2.00194,ragi,3,,0,False
IN.ADM2.00194,rice,26,2.1950766478997,0,True
IN.ADM2.00194,sesamum,4,,0,False
IN.ADM2.00194,sugarcane,13,30.94764201694895,0,True
IN.ADM2.00195,gram,2,,0,False
IN.ADM2.00195,jowar,3,,0,False
IN.ADM2.00195,maize,1,,0,False
IN.ADM2.00195,potato,1,,0,False
IN.ADM2.00195,ragi,2,,0,False
IN.ADM2.00195,rice,26,2.1888330153694033,1,True
IN.ADM2.00195,sesamum,25,0.5928776072972922,3,True
IN.ADM2.00195,sugarcane,9,79.67407407407407,0,True
IN.ADM2.00196,bajra,1,,0,False
IN.ADM2.00196,jowar,1,,0,False
IN.ADM2.00196,maize,1,,0,False
IN.ADM2.00196,potato,1,,0,False
IN.ADM2.00196,ragi,1,,0,False
IN.ADM2.00196,rice,26,2.728039515933604,1,True
IN.ADM2.00196,sesamum,7,0.48899240855762593,0,True
IN.ADM2.00196,sugarcane,25,58.37073389257933,0,True
IN.ADM2.00197,bajra,1,,0,False
IN.ADM2.00197,gram,2,,0,False
IN.ADM2.00197,jowar,1,,0,False
IN.ADM2.00197,maize,1,,0,False
IN.ADM2.00197,potato,1,,0,False
IN.ADM2.00197,ragi,1,,0,False
IN.ADM2.00197,rice,26,1.3965511755405464,0,True
IN.ADM2.00197,sesamum,5,0.274193651537432,0,True
IN.ADM2.00197,sugarcane,5,92.73333333333333,0,True
IN.ADM2.00198,jowar,3,,0,False
IN.ADM2.00198,maize,1,,0,False
IN.ADM2.00198,potato,1,,0,False
IN.ADM2.00198,ragi,6,0.8494258224705152,0,True
IN.ADM2.00198,rice,26,2.490764086922875,1,True
IN.ADM2.00198,sesamum,25,0.3506772158517127,1,True
IN.ADM2.00198,sugarcane,11,87.2572805981897,1,True
IN.ADM2.00199,arhartur,11,1.6022333367246728,1,True
IN.ADM2.00199,bajra,2,,0,False
IN.ADM2.00199,cottonlint,19,0.41282493825279587,1,True
IN.ADM2.00199,gram,2,,0,False
IN.ADM2.00199,groundnut,23,1.0264625370004545,0,True
IN.ADM2.00199,jowar,23,0.6404393243137344,2,True
IN.ADM2.00199,maize,12,1.586566973742082,0,True
IN.ADM2.00199,potato,5,12.135493570173004,0,True
IN.ADM2.00199,ragi,24,0.9764507086087817,2,True
IN.ADM2.00199,rapeseed_mustard,3,,0,False
IN.ADM2.00199,rice,26,2.5792351283597483,2,True
IN.ADM2.00199,sesamum,25,0.22580984287702058,1,True
IN.ADM2.00199,soyabean,4,,0,False
IN.ADM2.00199,sugarcane,25,72.17249286646256,0,True
IN.ADM2.00200,arhartur,2,,0,False
IN.ADM2.00200,gram,1,,0,False
IN.ADM2.00200,maize,2,,0,False
IN.ADM2.00200,potato,1,,0,False
IN.ADM2.00200,rice,26,2.7929682987301185,2,True
IN.ADM2.00200,sesamum,12,0.3516150295230467,0,True
IN.ADM2.00200,sugarcane,25,63.29687565599159,1,True
IN.ADM2.00201,gram,2,,0,False
IN.ADM2.00201,groundnut,5,1.0071428571428571,0,True
IN.ADM2.00201,jowar,2,,0,False
IN.ADM2.00201,maize,2,,0,False
IN.ADM2.00201,potato,1,,0,False
IN.ADM2.00201,ragi,3,,0,False
IN.ADM2.00201,rice,26,2.4014612412354586,1,True
IN.ADM2.00201,sesamum,9,1.3143386243386244,1,True
IN.ADM2.00201,sugarcane,7,56.42857142857143,0,True
IN.ADM2.00202,arhartur,2,,0,False
IN.ADM2.00202,cottonlint,1,,0,False
IN.ADM2.00202,groundnut,1,,0,False
IN.ADM2.00202,jowar,1,,0,False
IN.ADM2.00202,maize,1,,0,False
IN.ADM2.00202,potato,1,,0,False
IN.ADM2.00202,ragi,1,,0,False
IN.ADM2.00202,rice,26,2.735713223617758,2,True
IN.ADM2.00202,sesamum,24,0.30605237418363335,1,True
IN.ADM2.00202,sugarcane,11,80.57610588645072,0,True
IN.ADM2.00203,arhartur,4,,0,False
IN.ADM2.00203,gram,2,,0,False
IN.ADM2.00203,jowar,7,0.6001984126984128,0,True
IN.ADM2.00203,maize,5,3.41827738425213,0,True
IN.ADM2.00203,potato,1,,0,False
IN.ADM2.00203,ragi,7,0.6333333333333334,0,True
IN.ADM2.00203,rice,26,2.603432087576332,1,True
IN.ADM2.00203,sesamum,19,0.3171277891083985,0,True
IN.ADM2.00203,sugarcane,10,75.71255060728745,0,True
IN.ADM2.00205,arhartur,26,1.1086190195788181,2,True
IN.ADM2.00205,bajra,12,0.727588383838384,1,True
IN.ADM2.00205,barley,9,1.6749367911490238,0,True
IN.ADM2.00205,gram,3,,0,False
IN.ADM2.00205,groundnut,22,1.12155339026062,1,True
IN.ADM2.00205,jowar,22,1.635250764468507,0,True
IN.ADM2.00205,maize,27,2.0164493155571663,0,True
IN.ADM2.00205,potato,19,14.818075734453302,1,True
IN.ADM2.00205,ragi,14,0.2887474418397451,1,True
IN.ADM2.00205,rapeseed_mustard,26,0.8169338291656028,2,True
IN.ADM2.00205,rice,26,1.6225551983129032,2,True
IN.ADM2.00205,sesamum,26,0.7901517995052132,2,True
IN.ADM2.00205,soyabean,22,1.1931756421143458,2,True
IN.ADM2.00205,sugarcane,24,36.20047352869884,1,True
IN.ADM2.00205,wheat,27,1.3093834939821245,2,True
IN.ADM2.00206,arhartur,26,0.6341604848331965,2,True
IN.ADM2.00206,bajra,4,,0,False
IN.ADM2.00206,barley,1,,0,False
IN.ADM2.00206,cottonlint,11,0.14339679936365887,1,True
IN.ADM2.00206,gram,3,,0,False
IN.ADM2.00206,groundnut,25,1.3101355939626673,1,True
IN.ADM2.00206,jowar,26,0.9787838302452884,1,True
IN.ADM2.00206,maize,27,2.2770448050480203,1,True
IN.ADM2.00206,potato,24,6.3304977831058595,2,True
IN.ADM2.00206,ragi,24,0.2696788894571827,2,True
IN.ADM2.00206,rapeseed_mustard,26,0.5040294403920245,1,True
IN.ADM2.00206,rice,26,1.4753006676010019,0,True
IN.ADM2.00206,sesamum,26,0.3324509252732276,0,True
IN.ADM2.00206,soyabean,26,1.0406421964006614,1,True
IN.ADM2.00206,sugarcane,25,6.113006153222428,3,True
IN.ADM2.00206,wheat,26,1.8124014425089905,1,True
IN.ADM2.00207,arhartur,26,0.7253647095630295,2,True
IN.ADM2.00207,bajra,13,1.3178103095409346,1,True
IN.ADM2.00207,barley,2,,0,False
IN.ADM2.00207,cottonlint,24,0.15498847953300116,1,True
IN.ADM2.00207,gram,3,,0,False
IN.ADM2.00207,groundnut,26,1.39234499792715,1,True
IN.ADM2.00207,jowar,27,1.1584975148826204,1,True
IN.ADM2.00207,maize,27,2.1369839048817645,2,True
IN.ADM2.00207,potato,19,11.365743903455169,1,True
IN.ADM2.00207,ragi,5,0.2394690740228497,0,True
IN.ADM2.00207,rapeseed_mustard,25,0.9120984712461933,2,True
IN.ADM2.00207,rice,26,1.4693252256482718,1,True
IN.ADM2.00207,sesamum,26,0.3546325719834896,1,True
IN.ADM2.00207,soyabean,26,0.9258994290509643,2,True
IN.ADM2.00207,sugarcane,25,35.880384172021344,1,True
IN.ADM2.00207,wheat,27,1.971418859106718,3,True
IN.ADM2.00208,arhartur,26,0.8032650214038278,0,True
IN.ADM2.00208,bajra,27,1.9371177914449054,1,True
IN.ADM2.00208,barley,26,2.157638199911816,2,True
IN.ADM2.00208,cottonlint,1,,0,False
IN.ADM2.00208,gram,3,,0,False
IN.ADM2.00208,groundnut,13,1.0807379136838569,0,True
IN.ADM2.00208,jowar,27,1.7197198347526177,1,True
IN.ADM2.00208,maize,12,1.6103496855549093,1,True
IN.ADM2.00208,potato,19,14.071291244470885,0,True
IN.ADM2.00208,rapeseed_mustard,26,1.3106874114741665,1,True
IN.ADM2.00208,rice,26,2.715840713036388,0,True
IN.ADM2.00208,sesamum,26,0.5836605896464384,1,True
IN.ADM2.00208,soyabean,24,0.875485390766277,2,True
IN.ADM2.00208,sugarcane,21,20.206536257403133,1,True
IN.ADM2.00208,wheat,27,2.924583794393671,1,True
IN.ADM2.00209,arhartur,26,0.7851882912758257,2,True
IN.ADM2.00209,bajra,3,,0,False
IN.ADM2.00209,barley,9,1.4166666666666667,1,True
IN.ADM2.00209,cottonlint,1,,0,False
IN.ADM2.00209,gram,3,,0,False
IN.ADM2.00209,groundnut,24,1.263384153821596,1,True
IN.ADM2.00209,jowar,25,1.4035849747855937,3,True
IN.ADM2.00209,maize,27,1.5942279036532043,1,True
IN.ADM2.00209,potato,19,14.20018868849509,1,True
IN.ADM2.00209,rapeseed_mustard,25,0.9343486487948028,3,True
IN.ADM2.00209,rice,25,1.18833093554205,1,True
IN.ADM2.00209,sesamum,21,0.4193465265382984,1,True
IN.ADM2.00209,soyabean,26,1.0095880879631816,1,True
IN.ADM2.00209,sugarcane,23,20.946649002347506,1,True
IN.ADM2.00209,wheat,27,2.4502753453483024,2,True
IN.ADM2.00210,arhartur,26,0.5629952957687596,2,True
IN.ADM2.00210,bajra,24,0.5574290013737327,2,True
IN.ADM2.00210,barley,26,0.870147426347288,1,True
IN.ADM2.00210,cottonlint,14,0.43673189059870265,2,True
IN.ADM2.00210,gram,3,,0,False
IN.ADM2.00210,groundnut,25,1.3730117197921548,2,True
IN.ADM2.00210,jowar,26,1.0081710972389306,1,True
IN.ADM2.00210,maize,27,1.6266658855295806,1,True
IN.ADM2.00210,potato,24,6.091769485615635,1,True
IN.ADM2.00210,ragi,22,0.2639006371369936,2,True
IN.ADM2.00210,rapeseed_mustard,26,0.40787184097411294,1,True
IN.ADM2.00210,rice,26,1.6409320587153782,0,True
IN.ADM2.00210,sesamum,26,0.3140849321747448,1,True
IN.ADM2.00210,soyabean,26,0.8763476367174963,0,True
IN.ADM2.00210,sugarcane,25,5.6893825006856344,2,True
IN.ADM2.00210,wheat,26,1.102996862517985,2,True
IN.ADM2.00211,arhartur,26,0.5435516964574436,1,True
IN.ADM2.00211,bajra,22,0.6911641200420342,1,True
IN.ADM2.00211,barley,26,1.561114853391903,2,True
IN.ADM2.00211,cottonlint,1,,0,False
IN.ADM2.00211,gram,3,,0,False
IN.ADM2.00211,groundnut,26,0.9641637293757843,1,True
IN.ADM2.00211,jowar,27,1.0369394656018003,1,True
IN.ADM2.00211,maize,27,0.9751269520704248,1,True
IN.ADM2.00211,potato,19,8.72644466723121,0,True
IN.ADM2.00211,ragi,2,,0,False
IN.ADM2.00211,rapeseed_mustard,26,0.49858134983235364,0,True
IN.ADM2.00211,rice,26,0.7926682119476127,1,True
IN.ADM2.00211,sesamum,26,0.3376649401155517,2,True
IN.ADM2.00211,soyabean,26,0.6934096943258695,1,True
IN.ADM2.00211,sugarcane,24,18.127846707283158,2,True
IN.ADM2.00211,wheat,27,2.0173304368478493,0,True
IN.ADM2.00212,arhartur,26,1.4234093016328706,1,True
IN.ADM2.00212,bajra,22,0.8799810938526071,2,True
IN.ADM2.00212,barley,1,,0,False
IN.ADM2.00212,cottonlint,26,0.4119124781511887,2,True
IN.ADM2.00212,gram,3,,0,False
IN.ADM2.00212,groundnut,26,1.7349238028791993,1,True
IN.ADM2.00212,jowar,27,1.4043769144853684,3,True
IN.ADM2.00212,maize,27,3.0800821820976076,1,True
IN.ADM2.00212,potato,19,20.35249356085169,1,True
IN.ADM2.00212,ragi,6,0.33245614035087717,0,True
IN.ADM2.00212,rapeseed_mustard,25,0.8795163628299517,2,True
IN.ADM2.00212,rice,26,1.3359646865094867,1,True
IN.ADM2.00212,sesamum,26,0.3910372532879264,2,True
IN.ADM2.00212,soyabean,26,1.2402203783597325,1,True
IN.ADM2.00212,sugarcane,24,49.49928593615444,1,True
IN.ADM2.00212,wheat,27,2.7997252670555137,2,True
IN.ADM2.00213,arhartur,26,0.8145213873544613,2,True
IN.ADM2.00213,bajra,17,1.3623172357027298,2,True
IN.ADM2.00213,barley,22,1.6230557560452394,1,True
IN.ADM2.00213,cottonlint,1,,0,False
IN.ADM2.00213,gram,3,,0,False
IN.ADM2.00213,groundnut,26,1.1619530714378734,2,True
IN.ADM2.00213,jowar,27,1.5615994310835024,2,True
IN.ADM2.00213,maize,27,1.9603559044493044,1,True
IN.ADM2.00213,potato,19,18.658531160857883,1,True
IN.ADM2.00213,rapeseed_mustard,25,0.8574902662220186,2,True
IN.ADM2.00213,rice,26,1.1043997401606043,1,True
IN.ADM2.00213,sesamum,26,0.39120144295069653,2,True
IN.ADM2.00213,soyabean,26,0.9221627892889456,0,True
IN.ADM2.00213,sugarcane,25,22.31118309234116,0,True
IN.ADM2.00213,wheat,27,2.0240276862893496,2,True
IN.ADM2.00214,arhartur,22,0.5822838789997712,1,True
IN.ADM2.00214,bajra,26,1.3041994437759483,0,True
IN.ADM2.00214,barley,26,2.3554142968033527,1,True
IN.ADM2.00214,cottonlint,2,,0,False
IN.ADM2.00214,gram,3,,0,False
IN.ADM2.00214,groundnut,26,1.1265763156719653,2,True
IN.ADM2.00214,jowar,27,1.1309221981262425,1,True
IN.ADM2.00214,maize,26,1.3761979506234505,0,True
IN.ADM2.00214,potato,19,18.18772031493246,1,True
IN.ADM2.00214,rapeseed_mustard,26,0.7295793800586533,3,True
IN.ADM2.00214,rice,26,1.3266936166263432,0,True
IN.ADM2.00214,sesamum,26,0.5255441413620237,2,True
IN.ADM2.00214,soyabean,26,0.7629491687352533,1,True
IN.ADM2.00214,sugarcane,23,32.488250370825405,1,True
IN.ADM2.00214,wheat,27,2.616068804095398,0,True
IN.ADM2.00215,arhartur,26,0.7430189714847407,2,True
IN.ADM2.00215,bajra,13,0.9271550428782126,0,True
IN.ADM2.00215,barley,17,1.961948113135385,1,True
IN.ADM2.00215,cottonlint,26,0.2367893349640625,1,True
IN.ADM2.00215,gram,3,,0,False
IN.ADM2.00215,groundnut,24,1.3357865745302684,2,True
IN.ADM2.00215,jowar,27,1.4313114448225956,2,True
IN.ADM2.00215,maize,27,1.7172147061518908,2,True
IN.ADM2.00215,potato,19,14.905258663430219,1,True
IN.ADM2.00215,rapeseed_mustard,26,1.122453020539035,2,True
IN.ADM2.00215,rice,24,0.8642318838420687,1,True
IN.ADM2.00215,sesamum,21,0.6542790637393989,2,True
IN.ADM2.00215,soyabean,26,1.1097783251453952,1,True
IN.ADM2.00215,sugarcane,23,17.337601381405044,1,True
IN.ADM2.00215,wheat,27,2.736002420203373,1,True
IN.ADM2.00216,arhartur,26,0.6391663818606387,1,True
IN.ADM2.00216,bajra,27,0.7610796616585249,2,True
IN.ADM2.00216,barley,22,1.6934744333854992,1,True
IN.ADM2.00216,cottonlint,26,0.262604549705073,1,True
IN.ADM2.00216,gram,3,,0,False
IN.ADM2.00216,groundnut,26,1.319489342199572,2,True
IN.ADM2.00216,jowar,27,1.1453643577707529,2,True
IN.ADM2.00216,maize,27,2.1250046277429457,1,True
IN.ADM2.00216,potato,19,15.651679585734735,0,True
IN.ADM2.00216,ragi,3,,0,False
IN.ADM2.00216,rapeseed_mustard,23,0.7815967554729322,2,True
IN.ADM2.00216,rice,24,0.7730500892185262,2,True
IN.ADM2.00216,sesamum,21,0.4108989461403826,2,True
IN.ADM2.00216,soyabean,26,1.2188093424425914,1,True
IN.ADM2.00216,sugarcane,24,22.360136757720923,2,True
IN.ADM2.00216,wheat,27,2.7983662533380387,2,True
IN.ADM2.00217,arhartur,26,0.5216766391170676,2,True
IN.ADM2.00217,bajra,8,0.6789736994281268,0,True
IN.ADM2.00217,barley,21,0.7669994219221762,1,True
IN.ADM2.00217,cottonlint,19,0.24528950731321794,1,True
IN.ADM2.00217,gram,3,,0,False
IN.ADM2.00217,groundnut,25,1.4970628279654852,1,True
IN.ADM2.00217,jowar,26,0.9635449530943283,1,True
IN.ADM2.00217,maize,27,1.457338888389732,1,True
IN.ADM2.00217,potato,23,6.622402594530479,1,True
IN.ADM2.00217,ragi,22,0.28222376695003526,1,True
IN.ADM2.00217,rapeseed_mustard,26,0.40196711413926695,1,True
IN.ADM2.00217,rice,26,1.6598091776155774,1,True
IN.ADM2.00217,sesamum,26,0.30640706100495535,1,True
IN.ADM2.00217,soyabean,26,0.6894912994458373,1,True
IN.ADM2.00217,sugarcane,25,5.35638689759817,3,True
IN.ADM2.00217,wheat,26,0.9775762562459145,1,True
IN.ADM2.00218,arhartur,26,0.9578513939563879,2,True
IN.ADM2.00218,bajra,24,0.771709739513675,2,True
IN.ADM2.00218,barley,9,1.8641647390391105,1,True
IN.ADM2.00218,cottonlint,26,0.21181923006519343,1,True
IN.ADM2.00218,gram,3,,0,False
IN.ADM2.00218,groundnut,26,1.2893765354956341,1,True
IN.ADM2.00218,jowar,27,1.906392975208617,1,True
IN.ADM2.00218,maize,27,2.4341500408364216,1,True
IN.ADM2.00218,potato,19,14.279556285868392,0,True
IN.ADM2.00218,ragi,2,,0,False
IN.ADM2.00218,rapeseed_mustard,20,0.7701293252035538,1,True
IN.ADM2.00218,rice,26,1.017649271132117,1,True
IN.ADM2.00218,sesamum,24,0.43076806958640645,2,True
IN.ADM2.00218,soyabean,26,0.6453333007182268,1,True
IN.ADM2.00218,sugarcane,24,43.616856420096234,0,True
IN.ADM2.00218,wheat,27,2.2959122385334627,2,True
IN.ADM2.00219,arhartur,23,0.6218208616733198,3,True
IN.ADM2.00219,bajra,24,1.362876897164386,2,True
IN.ADM2.00219,barley,25,2.157680655442192,2,True
IN.ADM2.00219,cottonlint,9,0.22567733811382087,1,True
IN.ADM2.00219,gram,3,,0,False
IN.ADM2.00219,groundnut,25,1.5644721929251484,2,True
IN.ADM2.00219,jowar,27,0.9696247994181817,2,True
IN.ADM2.00219,maize,27,1.7073464283708304,0,True
IN.ADM2.00219,potato,19,14.456752742035729,0,True
IN.ADM2.00219,rapeseed_mustard,26,0.9678075325643286,2,True
IN.ADM2.00219,rice,25,1.4222887488725646,1,True
IN.ADM2.00219,sesamum,25,0.6807315386488512,1,True
IN.ADM2.00219,soyabean,26,0.9459653015227366,3,True
IN.ADM2.00219,sugarcane,23,21.331076955057974,1,True
IN.ADM2.00219,wheat,27,2.3426706015092202,0,True
IN.ADM2.00220,arhartur,23,0.596554006659967,1,True
IN.ADM2.00220,bajra,27,1.990958297182747,1,True
IN.ADM2.00220,barley,26,2.5155149196366704,2,True
IN.ADM2.00220,gram,3,,0,False
IN.ADM2.00220,groundnut,24,1.2506156884033481,0,True
IN.ADM2.00220,jowar,27,2.083041540264232,2,True
IN.ADM2.00220,maize,23,2.2649281874958063,1,True
IN.ADM2.00220,potato,19,21.230421597498715,1,True
IN.ADM2.00220,rapeseed_mustard,26,1.0173548559124574,0,True
IN.ADM2.00220,rice,26,2.4196387301342095,2,True
IN.ADM2.00220,sesamum,26,0.5382894685971558,1,True
IN.ADM2.00220,soyabean,26,1.535705209449565,1,True
IN.ADM2.00220,sugarcane,22,31.308648296534862,1,True
IN.ADM2.00220,wheat,27,3.0476862492020804,1,True
IN.ADM2.00221,arhartur,26,1.069304863680922,2,True
IN.ADM2.00221,bajra,22,1.1110484697035492,2,True
IN.ADM2.00221,barley,22,2.0447931212061983,3,True
IN.ADM2.00221,cottonlint,23,0.2039807883608759,1,True
IN.ADM2.00221,gram,3,,0,False
IN.ADM2.00221,groundnut,21,1.0624687516859477,1,True
IN.ADM2.00221,jowar,27,1.5444469224742225,2,True
IN.ADM2.00221,maize,27,1.913531606228649,1,True
IN.ADM2.00221,potato,19,14.308207293788053,0,True
IN.ADM2.00221,ragi,4,,0,False
IN.ADM2.00221,rapeseed_mustard,25,0.9286138360804493,2,True
IN.ADM2.00221,rice,26,2.1290278208470084,1,True
IN.ADM2.00221,sesamum,24,0.5852128368995829,3,True
IN.ADM2.00221,soyabean,26,0.980517652733366,1,True
IN.ADM2.00221,sugarcane,25,28.495046481459543,1,True
IN.ADM2.00221,wheat,27,3.305602262405436,1,True
IN.ADM2.00222,arhartur,24,0.6653486570435726,1,True
IN.ADM2.00222,bajra,7,1.767486481772196,1,True
IN.ADM2.00222,barley,11,2.059090909090909,1,True
IN.ADM2.00222,cottonlint,19,0.18110146374087027,1,True
IN.ADM2.00222,gram,3,,0,False
IN.ADM2.00222,groundnut,22,1.3161355628507747,2,True
IN.ADM2.00222,jowar,24,1.522146744355836,2,True
IN.ADM2.00222,maize,27,1.6762980969040517,2,True
IN.ADM2.00222,potato,19,15.934322268691814,1,True
IN.ADM2.00222,rapeseed_mustard,20,0.9348566863024722,1,True
IN.ADM2.00222,rice,22,0.952868367405,3,True
IN.ADM2.00222,sesamum,9,0.4956790123456789,1,True
IN.ADM2.00222,soyabean,26,1.2086261240900973,1,True
IN.ADM2.00222,sugarcane,22,23.09339204862379,0,True
IN.ADM2.00222,wheat,27,3.2889194354353104,0,True
IN.ADM2.00223,arhartur,26,1.0267064436114204,1,True
IN.ADM2.00223,bajra,14,1.31530630414559,1,True
IN.ADM2.00223,barley,25,1.5719666131376868,1,True
IN.ADM2.00223,cottonlint,4,,0,False
IN.ADM2.00223,gram,3,,0,False
IN.ADM2.00223,groundnut,22,1.3532368881902714,1,True
IN.ADM2.00223,jowar,26,1.382213465377615,1,True
IN.ADM2.00223,maize,27,1.7423862425745449,1,True
IN.ADM2.00223,potato,19,13.434600584790592,1,True
IN.ADM2.00223,ragi,4,,0,False
IN.ADM2.00223,rapeseed_mustard,26,0.7964828082063496,1,True
IN.ADM2.00223,rice,26,1.4902370794560242,1,True
IN.ADM2.00223,sesamum,26,0.3710928848659107,2,True
IN.ADM2.00223,soyabean,26,0.9113409340267946,1,True
IN.ADM2.00223,sugarcane,24,24.909091277996552,1,True
IN.ADM2.00223,wheat,27,2.315968877801736,1,True
IN.ADM2.00224,arhartur,26,0.6117869352887336,1,True
IN.ADM2.00224,bajra,27,0.8083872575836074,2,True
IN.ADM2.00224,barley,22,1.2912897624020052,2,True
IN.ADM2.00224,cottonlint,26,0.18756479459397393,1,True
IN.ADM2.00224,gram,3,,0,False
IN.ADM2.00224,groundnut,26,1.1433756292615922,1,True
IN.ADM2.00224,jowar,27,1.1110938200556508,3,True
IN.ADM2.00224,maize,27,1.713484338566258,1,True
IN.ADM2.00224,potato,19,14.826744389061655,0,True
IN.ADM2.00224,rapeseed_mustard,17,0.625687644930298,1,True
IN.ADM2.00224,rice,26,0.7738937686381697,1,True
IN.ADM2.00224,sesamum,22,0.4429999391474807,2,True
IN.ADM2.00224,soyabean,26,0.7992896901146657,1,True
IN.ADM2.00224,sugarcane,22,24.18513365549459,2,True
IN.ADM2.00224,wheat,27,2.2324944028482205,2,True
IN.ADM2.00225,arhartur,25,0.7501660017788758,1,True
IN.ADM2.00225,bajra,3,,0,False
IN.ADM2.00225,barley,21,1.0894850215459548,2,True
IN.ADM2.00225,cottonlint,2,,0,False
IN.ADM2.00225,gram,3,,0,False
IN.ADM2.00225,groundnut,20,1.0833619776652499,0,True
IN.ADM2.00225,jowar,25,1.0787370433745018,2,True
IN.ADM2.00225,maize,27,1.752251137863526,1,True
IN.ADM2.00225,potato,19,11.827286949269498,0,True
IN.ADM2.00225,ragi,6,0.19444444444444442,0,True
IN.ADM2.00225,rapeseed_mustard,26,0.6882496865229629,2,True
IN.ADM2.00225,rice,26,1.2225795941993494,1,True
IN.ADM2.00225,sesamum,26,0.37539686710937736,2,True
IN.ADM2.00225,soyabean,26,0.7707989638707412,2,True
IN.ADM2.00225,sugarcane,24,21.805698511256235,2,True
IN.ADM2.00225,wheat,27,1.340105636780765,1,True
IN.ADM2.00226,arhartur,23,0.5411392777564142,1,True
IN.ADM2.00226,bajra,24,0.9437952551916619,2,True
IN.ADM2.00226,barley,23,2.685436720343758,2,True
IN.ADM2.00226,cottonlint,21,0.14214742262718738,1,True
IN.ADM2.00226,gram,3,,0,False
IN.ADM2.00226,groundnut,26,1.2093190482043876,1,True
IN.ADM2.00226,jowar,25,0.9021916649270377,1,True
IN.ADM2.00226,maize,27,2.062595398578706,0,True
IN.ADM2.00226,potato,19,14.994861006686856,0,True
IN.ADM2.00226,rapeseed_mustard,26,1.09772647446275,2,True
IN.ADM2.00226,rice,22,0.6923051375357153,1,True
IN.ADM2.00226,sesamum,25,0.43413216054910686,0,True
IN.ADM2.00226,soyabean,26,0.9615240821937827,1,True
IN.ADM2.00226,sugarcane,20,26.732803840393576,2,True
IN.ADM2.00226,wheat,27,3.1771967031871187,1,True
IN.ADM2.00227,arhartur,26,0.914061456500501,1,True
IN.ADM2.00227,bajra,27,2.014041303424509,2,True
IN.ADM2.00227,barley,26,2.1124520569371383,2,True
IN.ADM2.00227,cottonlint,14,0.1777372088533816,1,True
IN.ADM2.00227,gram,3,,0,False
IN.ADM2.00227,groundnut,23,1.2773590504971073,1,True
IN.ADM2.00227,jowar,26,1.4317573568241833,1,True
IN.ADM2.00227,maize,27,1.4621060037348093,1,True
IN.ADM2.00227,potato,19,15.534347735208371,1,True
IN.ADM2.00227,rapeseed_mustard,26,1.4157225870028751,0,True
IN.ADM2.00227,rice,26,2.6724614250601393,1,True
IN.ADM2.00227,sesamum,26,0.42676906513367396,2,True
IN.ADM2.00227,soyabean,26,1.1348443501217118,2,True
IN.ADM2.00227,sugarcane,24,32.620982219596534,1,True
IN.ADM2.00227,wheat,27,3.3374433722299197,0,True
IN.ADM2.00228,arhartur,26,1.338429279881638,1,True
IN.ADM2.00228,bajra,19,1.4745732262384055,2,True
IN.ADM2.00228,barley,1,,0,False
IN.ADM2.00228,cottonlint,4,,0,False
IN.ADM2.00228,gram,3,,0,False
IN.ADM2.00228,groundnut,19,2.099364318053544,1,True
IN.ADM2.00228,jowar,27,1.8090601169164318,1,True
IN.ADM2.00228,maize,27,2.092569210346889,1,True
IN.ADM2.00228,potato,19,19.582913982001866,0,True
IN.ADM2.00228,ragi,1,,0,False
IN.ADM2.00228,rapeseed_mustard,25,1.1259727219506346,1,True
IN.ADM2.00228,rice,26,1.6951804664108008,1,True
IN.ADM2.00228,sesamum,25,0.6176188580398531,1,True
IN.ADM2.00228,soyabean,26,1.2934693021607029,1,True
IN.ADM2.00228,sugarcane,25,40.12745528196608,0,True
IN.ADM2.00228,wheat,27,3.154819133377593,1,True
IN.ADM2.00229,arhartur,26,0.7242701905126694,2,True
IN.ADM2.00229,bajra,23,1.1190244980166104,0,True
IN.ADM2.00229,barley,26,1.4528622217455573,2,True
IN.ADM2.00229,gram,3,,0,False
IN.ADM2.00229,groundnut,22,1.034701461201776,0,True
IN.ADM2.00229,jowar,27,1.331588385416757,0,True
IN.ADM2.00229,maize,27,1.2649979605467319,1,True
IN.ADM2.00229,potato,19,7.995123744628704,1,True
IN.ADM2.00229,ragi,2,,0,False
IN.ADM2.00229,rapeseed_mustard,26,0.5461424768481845,2,True
IN.ADM2.00229,rice,26,1.104851079760994,3,True
IN.ADM2.00229,sesamum,26,0.44355899183661224,1,True
IN.ADM2.00229,soyabean,26,0.7248196355107889,2,True
IN.ADM2.00229,sugarcane,22,16.162130899650116,0,True
IN.ADM2.00229,wheat,27,1.7417530098438772,1,True
IN.ADM2.00230,arhartur,26,0.5377106295271088,2,True
IN.ADM2.00230,bajra,24,0.4338630581066043,0,True
IN.ADM2.00230,barley,21,0.958442265795207,1,True
IN.ADM2.00230,cottonlint,14,0.33462351619218167,1,True
IN.ADM2.00230,gram,3,,0,False
IN.ADM2.00230,groundnut,25,1.3001590040403288,2,True
IN.ADM2.00230,jowar,26,1.0533950287430571,0,True
IN.ADM2.00230,maize,27,1.8444320989197516,1,True
IN.ADM2.00230,potato,24,6.204347798383168,1,True
IN.ADM2.00230,ragi,24,0.24088715412143494,1,True
IN.ADM2.00230,rapeseed_mustard,26,0.4710329001151268,1,True
IN.ADM2.00230,rice,26,1.5588097635240636,0,True
IN.ADM2.00230,sesamum,26,0.43352206250045955,1,True
IN.ADM2.00230,soyabean,26,1.0932906944518406,1,True
IN.ADM2.00230,sugarcane,25,5.51744517161512,1,True
IN.ADM2.00230,wheat,26,1.4871561484679385,1,True
IN.ADM2.00232,arhartur,26,0.7192388709619646,2,True
IN.ADM2.00232,bajra,14,1.838008850755156,2,True
IN.ADM2.00232,barley,19,2.385870056927299,1,True
IN.ADM2.00232,cottonlint,11,0.0786400316854862,0,True
IN.ADM2.00232,gram,3,,0,False
IN.ADM2.00232,groundnut,21,1.340217567011825,2,True
IN.ADM2.00232,jowar,24,2.131592611231864,2,True
IN.ADM2.00232,maize,27,1.6664632888531767,1,True
IN.ADM2.00232,potato,19,16.832404745857126,1,True
IN.ADM2.00232,rapeseed_mustard,25,0.9331504465191004,1,True
IN.ADM2.00232,rice,26,1.4478789192228945,2,True
IN.ADM2.00232,sesamum,23,0.43789712417176174,0,True
IN.ADM2.00232,soyabean,26,0.8423809780828303,2,True
IN.ADM2.00232,sugarcane,23,16.421724238008906,2,True
IN.ADM2.00232,wheat,27,2.356869084489747,3,True
IN.ADM2.00233,arhartur,25,0.6537370799177018,1,True
IN.ADM2.00233,bajra,8,0.9935393772893772,1,True
IN.ADM2.00233,barley,24,1.7802282072003148,2,True
IN.ADM2.00233,cottonlint,5,0.13573846153846153,0,True
IN.ADM2.00233,gram,3,,0,False
IN.ADM2.00233,groundnut,24,1.058450020773708,2,True
IN.ADM2.00233,jowar,27,1.0557801563860953,1,True
IN.ADM2.00233,maize,27,1.539106617215226,2,True
IN.ADM2.00233,potato,19,15.469367208431619,2,True
IN.ADM2.00233,ragi,1,,0,False
IN.ADM2.00233,rapeseed_mustard,26,0.8616837474144915,1,True
IN.ADM2.00233,rice,26,0.9874728498743006,1,True
IN.ADM2.00233,sesamum,25,0.49416880443929434,1,True
IN.ADM2.00233,soyabean,26,0.909564929557927,0,True
IN.ADM2.00233,sugarcane,19,25.423672358980934,3,True
IN.ADM2.00233,wheat,27,2.263881189156131,1,True
IN.ADM2.00235,arhartur,25,0.8000250715439623,2,True
IN.ADM2.00235,bajra,18,1.4242257530908935,0,True
IN.ADM2.00235,barley,23,2.9959231090667733,2,True
IN.ADM2.00235,cottonlint,26,0.23364564212740202,1,True
IN.ADM2.00235,gram,3,,0,False
IN.ADM2.00235,groundnut,23,1.2975101219272462,1,True
IN.ADM2.00235,jowar,21,1.7040343012336,1,True
IN.ADM2.00235,maize,27,2.3313589082357136,3,True
IN.ADM2.00235,potato,19,19.662140558667744,1,True
IN.ADM2.00235,rapeseed_mustard,26,1.4045268006343117,1,True
IN.ADM2.00235,rice,23,0.8679863492534039,2,True
IN.ADM2.00235,sesamum,19,0.6238626405145338,1,True
IN.ADM2.00235,soyabean,26,1.0559716709949347,1,True
IN.ADM2.00235,sugarcane,20,44.47343198014457,1,True
IN.ADM2.00235,wheat,27,3.1673592622543536,2,True
IN.ADM2.00236,arhartur,26,0.5958520125617714,2,True
IN.ADM2.00236,bajra,26,0.6153474896680579,2,True
IN.ADM2.00236,barley,26,1.123304994931786,2,True
IN.ADM2.00236,cottonlint,2,,0,False
IN.ADM2.00236,gram,3,,0,False
IN.ADM2.00236,groundnut,9,0.8786916786916786,1,True
IN.ADM2.00236,jowar,27,0.925522254226835,1,True
IN.ADM2.00236,maize,27,1.1591399576283739,0,True
IN.ADM2.00236,potato,19,10.758564798854465,2,True
IN.ADM2.00236,rapeseed_mustard,26,0.5232496197499631,1,True
IN.ADM2.00236,rice,26,1.570520441901134,1,True
IN.ADM2.00236,sesamum,26,0.256352561022168,2,True
IN.ADM2.00236,soyabean,26,0.6849543860097873,1,True
IN.ADM2.00236,sugarcane,21,22.861033212327914,1,True
IN.ADM2.00236,wheat,27,1.8500756488703243,2,True
IN.ADM2.00237,arhartur,26,0.7568731069727097,1,True
IN.ADM2.00237,bajra,21,1.0620204084487415,1,True
IN.ADM2.00237,barley,26,1.5641618265840787,3,True
IN.ADM2.00237,cottonlint,1,,0,False
IN.ADM2.00237,gram,3,,0,False
IN.ADM2.00237,groundnut,26,1.0728056868070426,3,True
IN.ADM2.00237,jowar,27,1.3885805483979698,2,True
IN.ADM2.00237,maize,27,1.5654689748580717,1,True
IN.ADM2.00237,potato,19,14.23725558403083,0,True
IN.ADM2.00237,ragi,3,,0,False
IN.ADM2.00237,rapeseed_mustard,25,0.7246914146993171,2,True
IN.ADM2.00237,rice,26,0.8829447162617667,2,True
IN.ADM2.00237,sesamum,26,0.2861994542267101,1,True
IN.ADM2.00237,soyabean,26,0.8240968292989432,0,True
IN.ADM2.00237,sugarcane,24,22.313205882751095,1,True
IN.ADM2.00237,wheat,27,1.7854661486371404,1,True
IN.ADM2.00238,arhartur,26,0.5577827007528426,1,True
IN.ADM2.00238,bajra,23,0.6366249873815961,2,True
IN.ADM2.00238,barley,26,1.4755690912070039,3,True
IN.ADM2.00238,cottonlint,4,,0,False
IN.ADM2.00238,gram,3,,0,False
IN.ADM2.00238,groundnut,19,1.2163429868016384,1,True
IN.ADM2.00238,jowar,27,0.9934119192558079,2,True
IN.ADM2.00238,maize,26,1.1986532192548252,0,True
IN.ADM2.00238,potato,19,10.929462234355515,0,True
IN.ADM2.00238,ragi,2,,0,False
IN.ADM2.00238,rapeseed_mustard,26,0.5297322950466034,1,True
IN.ADM2.00238,rice,26,1.6523153379489206,1,True
IN.ADM2.00238,sesamum,26,0.25043100292696285,2,True
IN.ADM2.00238,soyabean,26,0.5448491597629801,1,True
IN.ADM2.00238,sugarcane,22,19.972713418510526,0,True
IN.ADM2.00238,wheat,27,1.9904830009829457,1,True
IN.ADM2.00239,arhartur,26,0.6693347048241166,2,True
IN.ADM2.00239,bajra,7,1.7373840445269018,0,True
IN.ADM2.00239,barley,22,1.8225287784342563,3,True
IN.ADM2.00239,cottonlint,15,0.14112480077171535,1,True
IN.ADM2.00239,gram,3,,0,False
IN.ADM2.00239,groundnut,24,1.1878979073945792,0,True
IN.ADM2.00239,jowar,27,1.8101155821741859,2,True
IN.ADM2.00239,maize,27,1.7738778342266004,1,True
IN.ADM2.00239,potato,19,16.786631214750336,1,True
IN.ADM2.00239,rapeseed_mustard,23,0.9318258361640817,0,True
IN.ADM2.00239,rice,25,1.9138203790062145,0,True
IN.ADM2.00239,sesamum,23,0.45191754824136193,2,True
IN.ADM2.00239,soyabean,26,1.0717675624474345,0,True
IN.ADM2.00239,sugarcane,23,36.613735495525404,0,True
IN.ADM2.00239,wheat,27,2.511120588038119,1,True
IN.ADM2.00240,arhartur,26,1.0712914236218134,2,True
IN.ADM2.00240,bajra,8,1.0674038461538462,0,True
IN.ADM2.00240,barley,5,1.2285714285714284,0,True
IN.ADM2.00240,cottonlint,13,0.2696581472626442,1,True
IN.ADM2.00240,gram,3,,0,False
IN.ADM2.00240,groundnut,26,1.2698438892908135,1,True
IN.ADM2.00240,jowar,25,1.09272734088788,2,True
IN.ADM2.00240,maize,27,2.2664748163055974,0,True
IN.ADM2.00240,potato,19,20.303966702312863,0,True
IN.ADM2.00240,ragi,5,0.1545454545454545,0,True
IN.ADM2.00240,rapeseed_mustard,25,0.789956333031628,2,True
IN.ADM2.00240,rice,26,1.5616371809504304,2,True
IN.ADM2.00240,sesamum,24,0.34612025272237396,1,True
IN.ADM2.00240,soyabean,26,0.8947770886464691,2,True
IN.ADM2.00240,sugarcane,22,27.51706929075203,1,True
IN.ADM2.00240,wheat,27,1.9634735845309645,0,True
IN.ADM2.00241,arhartur,26,0.5783070358685328,2,True
IN.ADM2.00241,bajra,11,0.9534407944996178,1,True
IN.ADM2.00241,barley,25,0.8495934122374057,1,True
IN.ADM2.00241,cottonlint,3,,0,False
IN.ADM2.00241,gram,3,,0,False
IN.ADM2.00241,groundnut,26,0.9163511823597357,1,True
IN.ADM2.00241,jowar,27,1.0936384762828975,1,True
IN.ADM2.00241,maize,27,1.3759787533177215,1,True
IN.ADM2.00241,potato,19,13.374459868782612,0,True
IN.ADM2.00241,rapeseed_mustard,26,0.4125732252435143,1,True
IN.ADM2.00241,rice,26,1.2674578609817866,0,True
IN.ADM2.00241,sesamum,26,0.2989441843007595,1,True
IN.ADM2.00241,soyabean,26,0.6366677224136209,1,True
IN.ADM2.00241,sugarcane,22,20.65980715919364,2,True
IN.ADM2.00241,wheat,27,1.3827567085519004,0,True
IN.ADM2.00242,arhartur,26,0.5666938912678336,2,True
IN.ADM2.00242,bajra,21,0.8907740975177951,1,True
IN.ADM2.00242,barley,22,1.6492358520648636,0,True
IN.ADM2.00242,cottonlint,9,0.18235042735042734,1,True
IN.ADM2.00242,gram,3,,0,False
IN.ADM2.00242,groundnut,26,1.1145348889296387,1,True
IN.ADM2.00242,jowar,27,1.3285954869218646,1,True
IN.ADM2.00242,maize,27,1.5856890171083369,1,True
IN.ADM2.00242,potato,19,15.222158370231485,1,True
IN.ADM2.00242,rapeseed_mustard,26,0.9372621367470427,2,True
IN.ADM2.00242,rice,23,0.7535011776408022,2,True
IN.ADM2.00242,sesamum,26,0.5095897580241457,3,True
IN.ADM2.00242,soyabean,26,0.924156001645049,1,True
IN.ADM2.00242,sugarcane,20,26.141918556863697,0,True
IN.ADM2.00242,wheat,27,2.5515963262861834,1,True
IN.ADM2.00243,arhartur,24,0.5600007983493489,1,True
IN.ADM2.00243,bajra,27,1.4266233440277063,2,True
IN.ADM2.00243,barley,26,1.6400362897172416,1,True
IN.ADM2.00243,cottonlint,7,0.1725180168414791,0,True
IN.ADM2.00243,gram,3,,0,False
IN.ADM2.00243,groundnut,26,1.484105095441696,2,True
IN.ADM2.00243,jowar,26,0.8895461678096468,1,True
IN.ADM2.00243,maize,27,1.7347039796039427,0,True
IN.ADM2.00243,potato,19,14.862814577570568,0,True
IN.ADM2.00243,ragi,1,,0,False
IN.ADM2.00243,rapeseed_mustard,26,0.7790394348966617,2,True
IN.ADM2.00243,rice,26,1.5837270428295915,1,True
IN.ADM2.00243,sesamum,26,0.5078346513973527,1,True
IN.ADM2.00243,soyabean,26,0.7996166872387948,2,True
IN.ADM2.00243,sugarcane,23,21.458299960715795,2,True
IN.ADM2.00243,wheat,27,2.3629367536339156,2,True
IN.ADM2.00244,arhartur,26,0.741729396706069,1,True
IN.ADM2.00244,bajra,15,0.81301352858426,1,True
IN.ADM2.00244,barley,26,1.5036431903360161,2,True
IN.ADM2.00244,cottonlint,9,0.12928571428571425,1,True
IN.ADM2.00244,gram,3,,0,False
IN.ADM2.00244,groundnut,20,1.160755504646782,1,True
IN.ADM2.00244,jowar,27,1.130348059266507,1,True
IN.ADM2.00244,maize,27,1.6423408631830578,1,True
IN.ADM2.00244,potato,19,14.13164257527015,0,True
IN.ADM2.00244,ragi,3,,0,False
IN.ADM2.00244,rapeseed_mustard,26,0.5491942630456227,2,True
IN.ADM2.00244,rice,26,1.422720449005972,1,True
IN.ADM2.00244,sesamum,26,0.38024279738625666,1,True
IN.ADM2.00244,soyabean,24,0.5171799950609562,1,True
IN.ADM2.00244,sugarcane,21,21.79875729047059,1,True
IN.ADM2.00244,wheat,27,1.7081203789532848,0,True
IN.ADM2.00245,arhartur,25,0.5919667422863015,2,True
IN.ADM2.00245,bajra,8,0.5154933262585467,1,True
IN.ADM2.00245,barley,26,0.839774652054344,1,True
IN.ADM2.00245,cottonlint,12,0.19121626984126983,0,True
IN.ADM2.00245,gram,3,,0,False
IN.ADM2.00245,groundnut,25,1.2360553800290315,1,True
IN.ADM2.00245,jowar,26,0.9507870626651803,1,True
IN.ADM2.00245,maize,26,1.8283611407044198,1,True
IN.ADM2.00245,potato,23,5.338587984608585,0,True
IN.ADM2.00245,ragi,23,0.22808038097740319,1,True
IN.ADM2.00245,rapeseed_mustard,25,0.4653879467148354,1,True
IN.ADM2.00245,rice,25,1.337864499591661,2,True
IN.ADM2.00245,sesamum,25,0.31627393578180024,1,True
IN.ADM2.00245,soyabean,25,0.9710350533702851,1,True
IN.ADM2.00245,sugarcane,24,5.023526263640318,3,True
IN.ADM2.00245,wheat,26,1.3657137647106208,0,True
IN.ADM2.00246,arhartur,22,0.4830865470302495,1,True
IN.ADM2.00246,bajra,11,0.9944943944943945,2,True
IN.ADM2.00246,barley,26,2.0060038687305064,2,True
IN.ADM2.00246,cottonlint,1,,0,False
IN.ADM2.00246,gram,3,,0,False
IN.ADM2.00246,groundnut,26,1.3323109168556717,0,True
IN.ADM2.00246,jowar,27,1.1175084500323471,3,True
IN.ADM2.00246,maize,27,1.2194860851681038,0,True
IN.ADM2.00246,potato,19,10.419082163246992,1,True
IN.ADM2.00246,ragi,2,,0,False
IN.ADM2.00246,rapeseed_mustard,26,0.5708437265218588,1,True
IN.ADM2.00246,rice,26,0.641623311133139,1,True
IN.ADM2.00246,sesamum,26,0.37041272817924337,1,True
IN.ADM2.00246,soyabean,26,0.8884015139346341,1,True
IN.ADM2.00246,sugarcane,24,33.4399746061036,0,True
IN.ADM2.00246,wheat,27,2.1655124215278723,1,True
IN.ADM2.00247,arhartur,26,0.6755151614180631,1,True
IN.ADM2.00247,bajra,21,1.0060585408029386,2,True
IN.ADM2.00247,barley,20,1.6708457701736168,0,True
IN.ADM2.00247,cottonlint,16,0.09200308651777744,1,True
IN.ADM2.00247,gram,3,,0,False
IN.ADM2.00247,groundnut,24,1.4262505308403777,1,True
IN.ADM2.00247,jowar,24,1.0958261316240039,1,True
IN.ADM2.00247,maize,27,1.490449026710458,2,True
IN.ADM2.00247,potato,19,14.9049413272637,0,True
IN.ADM2.00247,rapeseed_mustard,26,0.8561245130828473,2,True
IN.ADM2.00247,rice,15,0.8311964081932098,1,True
IN.ADM2.00247,sesamum,19,0.5100953710148581,0,True
IN.ADM2.00247,soyabean,26,1.0434525913885764,0,True
IN.ADM2.00247,sugarcane,23,18.28213122415544,2,True
IN.ADM2.00247,wheat,27,2.6832958377475,0,True
IN.ADM2.00248,arhartur,26,0.6716050827635975,1,True
IN.ADM2.00248,bajra,10,1.9470579710144928,0,True
IN.ADM2.00248,barley,24,2.0440562884771567,3,True
IN.ADM2.00248,cottonlint,5,0.10818515519568146,0,True
IN.ADM2.00248,gram,3,,0,False
IN.ADM2.00248,groundnut,25,1.4853947029008951,1,True
IN.ADM2.00248,jowar,26,1.5694245309842247,2,True
IN.ADM2.00248,maize,27,1.751224893474836,0,True
IN.ADM2.00248,potato,19,13.611768930343116,0,True
IN.ADM2.00248,rapeseed_mustard,23,0.8398420496427598,1,True
IN.ADM2.00248,rice,25,1.0470060222024467,3,True
IN.ADM2.00248,sesamum,21,0.45769624048821905,2,True
IN.ADM2.00248,soyabean,26,0.9688109685228704,1,True
IN.ADM2.00248,sugarcane,22,15.508466371343495,1,True
IN.ADM2.00248,wheat,27,2.122193545684703,1,True
IN.ADM2.00249,arhartur,26,0.6412870100479103,2,True
IN.ADM2.00249,bajra,27,0.7853001733364374,1,True
IN.ADM2.00249,barley,6,2.393130199182948,0,True
IN.ADM2.00249,cottonlint,26,0.24384729910223407,1,True
IN.ADM2.00249,gram,3,,0,False
IN.ADM2.00249,groundnut,26,1.1277124936642924,1,True
IN.ADM2.00249,jowar,27,1.7425551240740875,1,True
IN.ADM2.00249,maize,27,2.3406329510643245,1,True
IN.ADM2.00249,potato,19,13.44046186769931,0,True
IN.ADM2.00249,rapeseed_mustard,22,0.608122991752838,2,True
IN.ADM2.00249,rice,26,0.7562065552933356,3,True
IN.ADM2.00249,sesamum,24,0.3533208414019205,2,True
IN.ADM2.00249,soyabean,26,0.7891909503320603,2,True
IN.ADM2.00249,sugarcane,25,28.90400748582074,1,True
IN.ADM2.00249,wheat,27,2.8960846584794386,0,True
IN.ADM2.00250,arhartur,26,0.5229794420551224,0,True
IN.ADM2.00250,bajra,27,0.7194305651178768,2,True
IN.ADM2.00250,cottonlint,26,1.4331425827366928,1,True
IN.ADM2.00250,gram,3,,0,False
IN.ADM2.00250,groundnut,25,1.0897082123506268,1,True
IN.ADM2.00250,jowar,27,0.47666534508883307,1,True
IN.ADM2.00250,maize,27,2.170402383129444,1,True
IN.ADM2.00250,ragi,27,0.9498622213749399,1,True
IN.ADM2.00250,rapeseed_mustard,11,0.2584463259945463,0,True
IN.ADM2.00250,rice,27,1.0596631252866067,1,True
IN.ADM2.00250,sesamum,23,0.29004433181870753,1,True
IN.ADM2.00250,soyabean,25,1.1609415826667309,1,True
IN.ADM2.00250,sugarcane,26,78.21357298863315,1,True
IN.ADM2.00250,wheat,27,1.6989409995995457,2,True
IN.ADM2.00251,arhartur,26,0.8911424655489101,2,True
IN.ADM2.00251,bajra,27,0.469554830503883,2,True
IN.ADM2.00251,cottonlint,26,0.5877280311778451,1,True
IN.ADM2.00251,gram,3,,0,False
IN.ADM2.00251,groundnut,25,1.4174982187140832,1,True
IN.ADM2.00251,jowar,27,1.3033957505300995,2,True
IN.ADM2.00251,maize,27,1.8981227505044136,1,True
IN.ADM2.00251,rapeseed_mustard,13,0.269614432933627,1,True
IN.ADM2.00251,rice,15,0.8964219646556307,0,True
IN.ADM2.00251,sesamum,25,0.2405398006639835,1,True
IN.ADM2.00251,soyabean,25,1.1887807183613541,1,True
IN.ADM2.00251,sugarcane,21,60.74744945202682,1,True
IN.ADM2.00251,wheat,27,1.539504019509295,3,True
IN.ADM2.00252,arhartur,26,0.8681787473876125,3,True
IN.ADM2.00252,bajra,22,0.5254000402762012,3,True
IN.ADM2.00252,cottonlint,26,0.4971796392902608,1,True
IN.ADM2.00252,gram,3,,0,False
IN.ADM2.00252,groundnut,25,1.0831191576356465,1,True
IN.ADM2.00252,jowar,27,1.080940725769437,1,True
IN.ADM2.00252,maize,27,2.0271199612561293,1,True
IN.ADM2.00252,rapeseed_mustard,10,0.37400753900753897,1,True
IN.ADM2.00252,rice,27,0.5637451910815412,1,True
IN.ADM2.00252,sesamum,23,0.3089591273492374,1,True
IN.ADM2.00252,soyabean,25,1.0013858278627537,0,True
IN.ADM2.00252,sugarcane,23,59.93766242995406,1,True
IN.ADM2.00252,wheat,27,1.525606110761964,1,True
IN.ADM2.00253,arhartur,26,0.5689223937427029,1,True
IN.ADM2.00253,bajra,27,0.9069159286486439,1,True
IN.ADM2.00253,cottonlint,26,0.5956858990279377,1,True
IN.ADM2.00253,gram,3,,0,False
IN.ADM2.00253,groundnut,25,0.7037864427669698,1,True
IN.ADM2.00253,jowar,27,0.7349557116096122,0,True
IN.ADM2.00253,maize,27,2.2619023109992664,1,True
IN.ADM2.00253,ragi,1,,0,False
IN.ADM2.00253,rapeseed_mustard,13,0.22900338065386608,0,True
IN.ADM2.00253,rice,13,0.7963289701751239,1,True
IN.ADM2.00253,sesamum,24,0.22909269631983642,1,True
IN.ADM2.00253,soyabean,25,1.0521385519643527,1,True
IN.ADM2.00253,sugarcane,25,65.45881437606522,1,True
IN.ADM2.00253,wheat,27,1.557940034133459,0,True
IN.ADM2.00254,arhartur,26,0.828283444693384,1,True
IN.ADM2.00254,bajra,1,,0,False
IN.ADM2.00254,cottonlint,6,0.461414885936921,0,True
IN.ADM2.00254,gram,3,,0,False
IN.ADM2.00254,groundnut,22,0.9344290305653945,1,True
IN.ADM2.00254,jowar,14,0.6224518913291117,1,True
IN.ADM2.00254,maize,27,1.4781237053811722,2,True
IN.ADM2.00254,rapeseed_mustard,19,0.3831382462871527,1,True
IN.ADM2.00254,rice,27,1.619064402553388,1,True
IN.ADM2.00254,sesamum,24,0.24739203171251253,1,True
IN.ADM2.00254,soyabean,25,0.9880081671648064,2,True
IN.ADM2.00254,sugarcane,25,60.21922220742179,1,True
IN.ADM2.00254,wheat,27,0.9991238012348097,2,True
IN.ADM2.00255,arhartur,26,0.5485666370498312,2,True
IN.ADM2.00255,bajra,27,0.7471627916263572,3,True
IN.ADM2.00255,cottonlint,26,0.5535354348074871,1,True
IN.ADM2.00255,gram,3,,0,False
IN.ADM2.00255,groundnut,25,0.6516504601081278,3,True
IN.ADM2.00255,jowar,27,0.7102499709726332,2,True
IN.ADM2.00255,maize,27,1.2060242306582938,0,True
IN.ADM2.00255,ragi,1,,0,False
IN.ADM2.00255,rapeseed_mustard,19,0.26832841023124415,2,True
IN.ADM2.00255,rice,24,0.5291418333475991,1,True
IN.ADM2.00255,sesamum,25,0.21405550625025246,1,True
IN.ADM2.00255,soyabean,25,1.0169714032172161,1,True
IN.ADM2.00255,sugarcane,25,64.65706159635828,1,True
IN.ADM2.00255,wheat,27,1.199758301216059,1,True
IN.ADM2.00256,arhartur,26,0.8244866494046238,1,True
IN.ADM2.00256,bajra,27,0.510071781309465,1,True
IN.ADM2.00256,cottonlint,26,0.5396588319426365,1,True
IN.ADM2.00256,gram,3,,0,False
IN.ADM2.00256,groundnut,25,1.0853072822087015,0,True
IN.ADM2.00256,jowar,27,1.2344362720416826,0,True
IN.ADM2.00256,maize,27,1.9913659578334422,1,True
IN.ADM2.00256,ragi,2,,0,False
IN.ADM2.00256,rapeseed_mustard,12,0.5387806637806638,0,True
IN.ADM2.00256,rice,7,0.7326530612244898,0,True
IN.ADM2.00256,sesamum,25,0.25977056073844784,1,True
IN.ADM2.00256,soyabean,25,1.2585014244116497,1,True
IN.ADM2.00256,sugarcane,23,65.06334331431367,1,True
IN.ADM2.00256,wheat,27,1.58687235189585,2,True
IN.ADM2.00257,arhartur,26,0.8586586633830928,1,True
IN.ADM2.00257,bajra,3,,0,False
IN.ADM2.00257,cottonlint,26,0.6716670133693121,1,True
IN.ADM2.00257,gram,3,,0,False
IN.ADM2.00257,groundnut,20,1.2252057236687777,0,True
IN.ADM2.00257,jowar,27,0.6346152690957075,1,True
IN.ADM2.00257,maize,15,1.3720918003624716,0,True
IN.ADM2.00257,rapeseed_mustard,19,0.3572580901730106,0,True
IN.ADM2.00257,rice,27,1.2875353839912231,0,True
IN.ADM2.00257,sesamum,24,0.2629559631940522,1,True
IN.ADM2.00257,soyabean,25,1.0663278657869848,2,True
IN.ADM2.00257,sugarcane,6,61.5,0,True
IN.ADM2.00257,wheat,27,0.9088205847928026,1,True
IN.ADM2.00258,arhartur,26,0.479293166419793,2,True
IN.ADM2.00258,bajra,27,0.8943719289118526,1,True
IN.ADM2.00258,cottonlint,26,0.8830770186942423,1,True
IN.ADM2.00258,gram,3,,0,False
IN.ADM2.00258,groundnut,25,0.8727078255739287,1,True
IN.ADM2.00258,jowar,27,1.2496525337336437,1,True
IN.ADM2.00258,maize,27,2.0856830430262554,1,True
IN.ADM2.00258,ragi,27,0.9415141796733189,1,True
IN.ADM2.00258,rapeseed_mustard,19,0.5134737780763935,0,True
IN.ADM2.00258,rice,27,1.0430026833937407,1,True
IN.ADM2.00258,sesamum,25,0.9423454381472562,1,True
IN.ADM2.00258,soyabean,25,1.3463785836775584,1,True
IN.ADM2.00258,sugarcane,26,69.53396259644116,2,True
IN.ADM2.00258,wheat,27,1.812898514468247,1,True
IN.ADM2.00259,arhartur,26,0.8708162179764286,1,True
IN.ADM2.00259,bajra,1,,0,False
IN.ADM2.00259,cottonlint,21,0.3195600556064192,1,True
IN.ADM2.00259,gram,3,,0,False
IN.ADM2.00259,groundnut,9,1.1655481336664133,0,True
IN.ADM2.00259,jowar,27,0.6260346004602171,3,True
IN.ADM2.00259,maize,27,1.8247930792458684,1,True
IN.ADM2.00259,rapeseed_mustard,19,0.3300054130666369,1,True
IN.ADM2.00259,rice,27,1.3368240200908301,1,True
IN.ADM2.00259,sesamum,23,0.25710559989557075,1,True
IN.ADM2.00259,soyabean,25,1.0752955313215873,2,True
IN.ADM2.00259,sugarcane,4,,0,False
IN.ADM2.00259,wheat,27,0.9429748598316039,1,True
IN.ADM2.00260,arhartur,26,0.6746681361025281,2,True
IN.ADM2.00260,bajra,27,1.0108570950789753,1,True
IN.ADM2.00260,cottonlint,26,0.9927253188251974,1,True
IN.ADM2.00260,gram,3,,0,False
IN.ADM2.00260,groundnut,25,1.0911623242592214,1,True
IN.ADM2.00260,jowar,27,1.7422681639426614,1,True
IN.ADM2.00260,maize,27,2.596866666238062,1,True
IN.ADM2.00260,rapeseed_mustard,10,0.55,0,True
IN.ADM2.00260,rice,13,1.0285319255907492,1,True
IN.ADM2.00260,sesamum,25,0.6795950703256208,1,True
IN.ADM2.00260,soyabean,25,1.6079027590836943,0,True
IN.ADM2.00260,sugarcane,26,71.02260899019335,1,True
IN.ADM2.00260,wheat,27,1.9439680770407468,0,True
IN.ADM2.00261,arhartur,26,0.6954046221650536,1,True
IN.ADM2.00261,bajra,27,0.8276238265907516,1,True
IN.ADM2.00261,cottonlint,26,0.6883347186996425,1,True
IN.ADM2.00261,gram,3,,0,False
IN.ADM2.00261,groundnut,25,0.8133133079620558,3,True
IN.ADM2.00261,jowar,27,0.8126038420046979,3,True
IN.ADM2.00261,maize,27,2.202319382515592,2,True
IN.ADM2.00261,rapeseed_mustard,13,0.28720691073632254,0,True
IN.ADM2.00261,rice,9,0.42546157546157537,1,True
IN.ADM2.00261,sesamum,23,0.23669289250755207,1,True
IN.ADM2.00261,soyabean,25,1.1817504984319585,0,True
IN.ADM2.00261,sugarcane,25,66.76382778768775,3,True
IN.ADM2.00261,wheat,27,1.458035767883295,2,True
IN.ADM2.00262,arhartur,26,0.5523347665554019,1,True
IN.ADM2.00262,bajra,3,,0,False
IN.ADM2.00262,cottonlint,15,1.3251282051282056,1,True
IN.ADM2.00262,gram,3,,0,False
IN.ADM2.00262,groundnut,25,1.5501779121424857,1,True
IN.ADM2.00262,jowar,27,1.9054803489075938,1,True
IN.ADM2.00262,maize,27,2.4247692221760655,2,True
IN.ADM2.00262,ragi,27,1.6286600584146458,1,True
IN.ADM2.00262,rapeseed_mustard,2,,0,False
IN.ADM2.00262,rice,27,10.932362898422566,1,True
IN.ADM2.00262,sesamum,6,0.6226495726495727,0,True
IN.ADM2.00262,soyabean,25,2.0845668989089665,1,True
IN.ADM2.00262,sugarcane,25,88.9976958150283,1,True
IN.ADM2.00262,wheat,27,2.2250398417539223,2,True
IN.ADM2.00263,arhartur,26,0.9377107173375205,1,True
IN.ADM2.00263,bajra,27,0.42494216499223314,1,True
IN.ADM2.00263,cottonlint,26,0.5816860696985446,1,True
IN.ADM2.00263,gram,3,,0,False
IN.ADM2.00263,groundnut,25,0.6440546121075075,2,True
IN.ADM2.00263,jowar,27,1.0886402877975785,1,True
IN.ADM2.00263,maize,27,1.1030493348602846,1,True
IN.ADM2.00263,rapeseed_mustard,19,0.27966498643612775,1,True
IN.ADM2.00263,rice,27,0.4185276636904891,1,True
IN.ADM2.00263,sesamum,25,0.1879651876356289,0,True
IN.ADM2.00263,soyabean,25,1.1512314540778226,1,True
IN.ADM2.00263,sugarcane,25,64.74369162966741,1,True
IN.ADM2.00263,wheat,27,1.0287256286562636,2,True
IN.ADM2.00264,maize,1,,0,False
IN.ADM2.00265,maize,1,,0,False
IN.ADM2.00266,arhartur,26,0.8436462161995841,1,True
IN.ADM2.00266,bajra,3,,0,False
IN.ADM2.00266,cottonlint,26,0.6116574584844694,1,True
IN.ADM2.00266,gram,3,,0,False
IN.ADM2.00266,groundnut,25,0.8893190578276124,1,True
IN.ADM2.00266,jowar,27,0.7042929209601252,1,True
IN.ADM2.00266,maize,26,1.6792887963167529,2,True
IN.ADM2.00266,rapeseed_mustard,19,0.3896013429295163,1,True
IN.ADM2.00266,rice,27,1.4426623163948253,0,True
IN.ADM2.00266,sesamum,20,0.4242285086183594,3,True
IN.ADM2.00266,soyabean,25,0.9310899426086575,1,True
IN.ADM2.00266,sugarcane,24,62.972689146475545,2,True
IN.ADM2.00266,wheat,27,1.3636604704199269,2,True
IN.ADM2.00267,arhartur,26,0.7178601548290039,1,True
IN.ADM2.00267,bajra,15,0.5196643975148416,1,True
IN.ADM2.00267,cottonlint,26,0.370626804101182,1,True
IN.ADM2.00267,gram,3,,0,False
IN.ADM2.00267,groundnut,25,1.045901338536578,2,True
IN.ADM2.00267,jowar,27,0.9456976815345014,2,True
IN.ADM2.00267,maize,27,1.3663005815927798,1,True
IN.ADM2.00267,rapeseed_mustard,17,0.2948466566113625,0,True
IN.ADM2.00267,rice,27,0.9754852909072114,1,True
IN.ADM2.00267,sesamum,25,0.2174901942460706,2,True
IN.ADM2.00267,soyabean,25,1.040261003825804,0,True
IN.ADM2.00267,sugarcane,25,64.17943953644799,2,True
IN.ADM2.00267,wheat,27,1.24352579583021,1,True
IN.ADM2.00268,arhartur,26,0.5827910413866418,1,True
IN.ADM2.00268,bajra,27,0.9188902878115047,1,True
IN.ADM2.00268,cottonlint,26,0.8527079700932827,1,True
IN.ADM2.00268,gram,3,,0,False
IN.ADM2.00268,groundnut,25,0.9547191915845024,1,True
IN.ADM2.00268,jowar,27,0.8124279541395112,1,True
IN.ADM2.00268,maize,27,2.6916224493065375,1,True
IN.ADM2.00268,ragi,27,0.8142678479539067,1,True
IN.ADM2.00268,rapeseed_mustard,17,0.45505368814192343,0,True
IN.ADM2.00268,rice,27,1.3338426976919353,3,True
IN.ADM2.00268,sesamum,21,0.4528439364696806,0,True
IN.ADM2.00268,soyabean,25,1.5271237590051836,1,True
IN.ADM2.00268,sugarcane,26,76.11937331065711,1,True
IN.ADM2.00268,wheat,27,1.7187878333328341,2,True
IN.ADM2.00269,arhartur,26,0.5936046966248695,1,True
IN.ADM2.00269,bajra,27,0.38972980881880137,2,True
IN.ADM2.00269,cottonlint,26,0.4793255719930831,1,True
IN.ADM2.00269,gram,3,,0,False
IN.ADM2.00269,groundnut,25,0.6372247041473454,1,True
IN.ADM2.00269,jowar,27,0.7419947421328789,1,True
IN.ADM2.00269,maize,27,0.8498271888391231,1,True
IN.ADM2.00269,ragi,3,,0,False
IN.ADM2.00269,rapeseed_mustard,12,0.31133225641554496,0,True
IN.ADM2.00269,rice,26,0.3529164472368195,1,True
IN.ADM2.00269,sesamum,25,0.1943397490109462,0,True
IN.ADM2.00269,soyabean,25,0.886550173677538,1,True
IN.ADM2.00269,sugarcane,25,58.34608613137961,1,True
IN.ADM2.00269,wheat,27,0.9059620017051796,0,True
IN.ADM2.00270,arhartur,26,0.6861870402269326,1,True
IN.ADM2.00270,bajra,27,0.586483394892768,2,True
IN.ADM2.00270,cottonlint,26,0.6340515067416705,1,True
IN.ADM2.00270,gram,3,,0,False
IN.ADM2.00270,groundnut,25,1.0514175945555855,2,True
IN.ADM2.00270,jowar,27,0.8732335542630373,1,True
IN.ADM2.00270,maize,27,1.1221222024959594,0,True
IN.ADM2.00270,rapeseed_mustard,18,0.2640822398961934,1,True
IN.ADM2.00270,rice,21,0.3928185720239233,1,True
IN.ADM2.00270,sesamum,24,0.21754468430024076,1,True
IN.ADM2.00270,soyabean,25,1.1618098201274547,1,True
IN.ADM2.00270,sugarcane,25,67.39012268191654,1,True
IN.ADM2.00270,wheat,27,1.365899767051027,1,True
IN.ADM2.00271,arhartur,26,0.5743348059468494,2,True
IN.ADM2.00271,bajra,27,0.8873739642333942,2,True
IN.ADM2.00271,cottonlint,16,3.940084108353091,1,True
IN.ADM2.00271,gram,3,,0,False
IN.ADM2.00271,groundnut,25,1.159818446830083,2,True
IN.ADM2.00271,jowar,27,0.5787755361435338,1,True
IN.ADM2.00271,maize,27,2.615747022726191,1,True
IN.ADM2.00271,ragi,27,0.8911764583049255,1,True
IN.ADM2.00271,rapeseed_mustard,15,0.45085271317829456,0,True
IN.ADM2.00271,rice,27,1.5845927707090712,1,True
IN.ADM2.00271,sesamum,24,0.2482136238392222,0,True
IN.ADM2.00271,soyabean,25,2.0466091110336846,3,True
IN.ADM2.00271,sugarcane,26,94.31320439364254,1,True
IN.ADM2.00271,wheat,27,1.836993463986747,1,True
IN.ADM2.00272,arhartur,26,0.5312275494454408,2,True
IN.ADM2.00272,gram,3,,0,False
IN.ADM2.00272,groundnut,25,2.012366833981383,1,True
IN.ADM2.00272,maize,5,2.5,0,True
IN.ADM2.00272,ragi,27,0.8506407806636709,1,True
IN.ADM2.00272,rapeseed_mustard,11,0.4799704360679971,0,True
IN.ADM2.00272,rice,27,2.5132303909063163,2,True
IN.ADM2.00272,sesamum,17,0.4766531678867487,0,True
IN.ADM2.00272,wheat,1,,0,False
IN.ADM2.00273,arhartur,23,0.5596916327762456,2,True
IN.ADM2.00273,gram,1,,0,False
IN.ADM2.00273,groundnut,23,1.631215075180406,1,True
IN.ADM2.00273,jowar,1,,0,False
IN.ADM2.00273,maize,16,2.3847393263165193,0,True
IN.ADM2.00273,ragi,27,1.3121400905913083,2,True
IN.ADM2.00273,rapeseed_mustard,13,0.4204056949339968,2,True
IN.ADM2.00273,rice,27,2.73637094241264,1,True
IN.ADM2.00273,sesamum,21,0.5680192830545804,1,True
IN.ADM2.00273,sugarcane,3,,0,False
IN.ADM2.00274,arhartur,26,0.39721103461187834,1,True
IN.ADM2.00274,bajra,27,0.4453047240471175,0,True
IN.ADM2.00274,cottonlint,25,1.8419210317921937,1,True
IN.ADM2.00274,gram,3,,0,False
IN.ADM2.00274,groundnut,25,0.9829279022551642,1,True
IN.ADM2.00274,jowar,27,0.7271839824055346,0,True
IN.ADM2.00274,maize,27,2.180208399335174,2,True
IN.ADM2.00274,ragi,19,1.4693180720143948,1,True
IN.ADM2.00274,rapeseed_mustard,16,0.384375,0,True
IN.ADM2.00274,rice,27,2.20837709047875,0,True
IN.ADM2.00274,sesamum,20,0.37934343434343437,3,True
IN.ADM2.00274,soyabean,25,1.8005390882101975,1,True
IN.ADM2.00274,sugarcane,25,99.65038262854114,0,True
IN.ADM2.00274,wheat,27,1.840396669122072,1,True
IN.ADM2.00275,arhartur,26,0.42138674564157347,1,True
IN.ADM2.00275,bajra,27,0.5634207238797116,1,True
IN.ADM2.00275,cottonlint,26,1.7888399601042504,1,True
IN.ADM2.00275,gram,3,,0,False
IN.ADM2.00275,groundnut,25,1.4015862544011868,3,True
IN.ADM2.00275,jowar,27,0.9677825465138504,0,True
IN.ADM2.00275,maize,27,2.043004748156954,1,True
IN.ADM2.00275,ragi,27,1.0353971060944422,2,True
IN.ADM2.00275,rapeseed_mustard,18,0.31047453703703703,0,True
IN.ADM2.00275,rice,27,1.7485029462360542,1,True
IN.ADM2.00275,sesamum,21,0.31225886143931253,1,True
IN.ADM2.00275,soyabean,25,1.8220239478704099,2,True
IN.ADM2.00275,sugarcane,25,96.14984659954672,3,True
IN.ADM2.00275,wheat,27,1.8528447121986877,1,True
IN.ADM2.00276,arhartur,4,,0,False
IN.ADM2.00276,groundnut,25,1.741770585189762,1,True
IN.ADM2.00276,maize,21,2.1401317554858585,1,True
IN.ADM2.00276,ragi,27,1.395965209239813,1,True
IN.ADM2.00276,rapeseed_mustard,8,0.6392592592592592,0,True
IN.ADM2.00276,rice,27,2.7720717736257106,0,True
IN.ADM2.00276,sesamum,19,0.4229107248636008,1,True
IN.ADM2.00276,sugarcane,5,81.17960272643509,0,True
IN.ADM2.00277,arhartur,26,0.3767486658558148,2,True
IN.ADM2.00277,bajra,27,0.3713603044933378,1,True
IN.ADM2.00277,cottonlint,26,1.3635370386151875,1,True
IN.ADM2.00277,gram,3,,0,False
IN.ADM2.00277,groundnut,25,1.0656493381604886,2,True
IN.ADM2.00277,jowar,27,0.4981831388021782,2,True
IN.ADM2.00277,maize,27,1.7365115193068048,2,True
IN.ADM2.00277,ragi,4,,0,False
IN.ADM2.00277,rapeseed_mustard,7,0.24961832061068698,0,True
IN.ADM2.00277,rice,25,0.7324665506727532,1,True
IN.ADM2.00277,sesamum,24,0.3773066828413034,2,True
IN.ADM2.00277,soyabean,25,1.194698485665128,1,True
IN.ADM2.00277,sugarcane,26,81.4080411847598,1,True
IN.ADM2.00277,wheat,27,1.1657367873237905,2,True
IN.ADM2.00278,arhartur,26,0.5194110430182505,2,True
IN.ADM2.00278,bajra,1,,0,False
IN.ADM2.00278,gram,3,,0,False
IN.ADM2.00278,groundnut,23,1.4643998466475912,2,True
IN.ADM2.00278,jowar,2,,0,False
IN.ADM2.00278,maize,19,2.580613623458676,0,True
IN.ADM2.00278,ragi,27,0.7855220395603487,1,True
IN.ADM2.00278,rapeseed_mustard,18,0.47438271604938276,1,True
IN.ADM2.00278,rice,27,2.1970121896178685,2,True
IN.ADM2.00278,sesamum,25,0.35208394684027283,2,True
IN.ADM2.00278,sugarcane,1,,0,False
IN.ADM2.00278,wheat,22,1.3415404128405817,2,True
IN.ADM2.00279,arhartur,26,0.9751706131086938,0,True
IN.ADM2.00279,bajra,4,,0,False
IN.ADM2.00279,cottonlint,26,0.5668366928948871,1,True
IN.ADM2.00279,gram,3,,0,False
IN.ADM2.00279,groundnut,25,1.2864165060335875,0,True
IN.ADM2.00279,jowar,27,0.6788350930724559,1,True
IN.ADM2.00279,maize,20,1.334642920951366,1,True
IN.ADM2.00279,rapeseed_mustard,11,0.3893939393939394,0,True
IN.ADM2.00279,rice,11,0.7696969696969697,1,True
IN.ADM2.00279,sesamum,19,0.28477807709051106,1,True
IN.ADM2.00279,soyabean,25,1.058895070455511,0,True
IN.ADM2.00279,sugarcane,25,64.26900248098636,1,True
IN.ADM2.00279,wheat,27,1.4324783008923487,1,True
IN.ADM2.00280,arhartur,26,0.8432510861472721,2,True
IN.ADM2.00280,bajra,26,0.5237772115053446,3,True
IN.ADM2.00280,cottonlint,26,0.4847118999281417,1,True
IN.ADM2.00280,gram,3,,0,False
IN.ADM2.00280,groundnut,25,1.1819663325456462,1,True
IN.ADM2.00280,jowar,27,0.8011976007341779,1,True
IN.ADM2.00280,maize,27,1.7041285795972967,1,True
IN.ADM2.00280,rapeseed_mustard,9,0.3733660130718954,0,True
IN.ADM2.00280,rice,15,0.7038307853186293,1,True
IN.ADM2.00280,sesamum,23,0.23116946924663406,0,True
IN.ADM2.00280,soyabean,25,1.0422867215344025,1,True
IN.ADM2.00280,sugarcane,25,71.01780455195194,2,True
IN.ADM2.00280,wheat,27,1.207356445998609,2,True
IN.ADM2.00281,arhartur,11,1.0703150050988464,1,True
IN.ADM2.00281,groundnut,11,0.8506718924590608,1,True
IN.ADM2.00281,maize,14,2.0671694098471134,0,True
IN.ADM2.00281,potato,21,7.195290399337332,1,True
IN.ADM2.00281,rapeseed_mustard,17,0.6796465597344642,1,True
IN.ADM2.00281,rice,27,2.9434346627527965,1,True
IN.ADM2.00281,soyabean,12,0.8628864517367615,1,True
IN.ADM2.00281,sugarcane,21,47.49782061442259,1,True
IN.ADM2.00281,wheat,14,2.589897567918487,1,True
IN.ADM2.00282,arhartur,10,0.9735268884047521,0,True
IN.ADM2.00282,groundnut,11,0.8209549214167088,2,True
IN.ADM2.00282,maize,25,2.4032259880956093,1,True
IN.ADM2.00282,potato,21,7.190090580979963,1,True
IN.ADM2.00282,rapeseed_mustard,17,0.7426101523566773,2,True
IN.ADM2.00282,rice,27,1.4505372527558407,1,True
IN.ADM2.00282,sesamum,10,0.5242490842490842,0,True
IN.ADM2.00282,soyabean,19,1.0098559325891847,1,True
IN.ADM2.00282,sugarcane,19,44.61288477604267,0,True
IN.ADM2.00282,wheat,4,,0,False
IN.ADM2.00283,arhartur,11,0.9632760232192049,1,True
IN.ADM2.00283,cottonlint,6,0.06894444444444438,0,True
IN.ADM2.00283,groundnut,11,0.7917355614935127,1,True
IN.ADM2.00283,maize,26,2.047283257959042,1,True
IN.ADM2.00283,potato,17,7.637702912169084,0,True
IN.ADM2.00283,rapeseed_mustard,12,0.7865896909346425,1,True
IN.ADM2.00283,rice,27,1.4946114324344355,3,True
IN.ADM2.00283,sesamum,7,0.4942142150780546,0,True
IN.ADM2.00283,soyabean,12,0.7941756198862548,1,True
IN.ADM2.00283,sugarcane,21,43.210027423816534,0,True
IN.ADM2.00283,wheat,14,2.4553311699229754,1,True
IN.ADM2.00284,arhartur,11,1.0478947106965715,0,True
IN.ADM2.00284,cottonlint,1,,0,False
IN.ADM2.00284,groundnut,11,0.8856918628599947,1,True
IN.ADM2.00284,maize,14,2.1883174637230707,1,True
IN.ADM2.00284,potato,21,7.154158827522061,0,True
IN.ADM2.00284,rapeseed_mustard,13,0.7738183987668716,1,True
IN.ADM2.00284,rice,27,2.8097558786347885,1,True
IN.ADM2.00284,soyabean,13,0.8785955645007143,1,True
IN.ADM2.00284,sugarcane,17,53.263515610113984,1,True
IN.ADM2.00284,wheat,14,2.4670153660852563,2,True
IN.ADM2.00285,arhartur,12,0.9692177225759315,2,True
IN.ADM2.00285,groundnut,11,0.7735152744127402,1,True
IN.ADM2.00285,maize,25,2.6484013287223593,1,True
IN.ADM2.00285,potato,21,7.392494749370265,1,True
IN.ADM2.00285,rapeseed_mustard,16,0.6961833080484978,1,True
IN.ADM2.00285,rice,27,1.7088369204413454,1,True
IN.ADM2.00285,sesamum,3,,0,False
IN.ADM2.00285,soyabean,17,0.8795528261246,1,True
IN.ADM2.00285,sugarcane,13,51.41527807704278,1,True
IN.ADM2.00285,wheat,14,2.444837724050931,1,True
IN.ADM2.00286,arhartur,11,0.9729066961355657,2,True
IN.ADM2.00286,groundnut,11,0.7725527038158617,1,True
IN.ADM2.00286,maize,16,2.2466305536253155,2,True
IN.ADM2.00286,potato,20,7.055759749364732,0,True
IN.ADM2.00286,rapeseed_mustard,11,0.8290026878548599,1,True
IN.ADM2.00286,rice,27,1.1653462503592256,1,True
IN.ADM2.00286,sesamum,4,,0,False
IN.ADM2.00286,soyabean,15,0.8172361636555022,2,True
IN.ADM2.00286,sugarcane,16,51.29460942840055,1,True
IN.ADM2.00286,wheat,4,,0,False
IN.ADM2.00287,arhartur,11,0.9949158249158251,1,True
IN.ADM2.00287,groundnut,11,0.8507773032016762,1,True
IN.ADM2.00287,maize,14,2.1889623938347045,1,True
IN.ADM2.00287,potato,21,7.285336487309892,0,True
IN.ADM2.00287,rapeseed_mustard,13,0.7921932845835028,1,True
IN.ADM2.00287,rice,27,2.9293401346631347,0,True
IN.ADM2.00287,soyabean,12,0.8804095476376981,1,True
IN.ADM2.00287,sugarcane,17,53.26292493709189,0,True
IN.ADM2.00287,wheat,14,2.4697866470637706,0,True
IN.ADM2.00288,arhartur,11,1.0834754807395026,1,True
IN.ADM2.00288,groundnut,11,0.6877743305294917,1,True
IN.ADM2.00288,maize,26,2.290443764566554,3,True
IN.ADM2.00288,potato,21,6.907438438330502,0,True
IN.ADM2.00288,rapeseed_mustard,11,0.7686125337302006,1,True
IN.ADM2.00288,rice,27,1.736331404322051,1,True
IN.ADM2.00288,sesamum,2,,0,False
IN.ADM2.00288,soyabean,16,0.8544690763895773,1,True
IN.ADM2.00288,sugarcane,13,55.99449635331989,1,True
IN.ADM2.00288,wheat,4,,0,False
IN.ADM2.00289,arhartur,25,0.9140989462372769,2,True
IN.ADM2.00289,cottonlint,26,0.1631776943543358,0,True
IN.ADM2.00289,gram,2,,0,False
IN.ADM2.00289,maize,27,1.5505484024891234,1,True
IN.ADM2.00289,potato,25,7.79985245597852,2,True
IN.ADM2.00289,rapeseed_mustard,25,0.6381176581785047,0,True
IN.ADM2.00289,rice,27,1.875875441599646,1,True
IN.ADM2.00289,sesamum,25,0.6631118609085702,1,True
IN.ADM2.00289,soyabean,23,0.9951160354304405,1,True
IN.ADM2.00289,sugarcane,25,2.828745886948234,2,True
IN.ADM2.00289,wheat,25,1.175709521000907,1,True
IN.ADM2.00291,maize,27,1.4877275869158544,1,True
IN.ADM2.00291,potato,25,5.653907570271107,1,True
IN.ADM2.00291,rapeseed_mustard,25,0.800063132569942,0,True
IN.ADM2.00291,rice,27,1.7937282326219324,1,True
IN.ADM2.00291,sesamum,25,0.6286282840484512,1,True
IN.ADM2.00291,soyabean,23,1.2620404675010886,1,True
IN.ADM2.00291,sugarcane,25,0.8717765567765567,1,True
IN.ADM2.00293,maize,27,1.5504686971058097,0,True
IN.ADM2.00293,potato,25,8.527167532977446,2,True
IN.ADM2.00293,rapeseed_mustard,25,0.830139849371746,2,True
IN.ADM2.00293,rice,27,1.6640163314061884,2,True
IN.ADM2.00293,sesamum,25,0.9016086985607669,1,True
IN.ADM2.00293,soyabean,23,0.9303724345219422,0,True
IN.ADM2.00293,sugarcane,24,2.325130772005772,0,True
IN.ADM2.00293,wheat,17,1.2205882352941178,0,True
IN.ADM2.00294,arhartur,19,1.0497472464472224,1,True
IN.ADM2.00294,cottonlint,21,0.23307431979207935,2,True
IN.ADM2.00294,groundnut,4,,0,False
IN.ADM2.00294,maize,27,1.601556871881081,1,True
IN.ADM2.00294,potato,24,5.750104851018569,0,True
IN.ADM2.00294,rapeseed_mustard,20,0.8099135920543594,0,True
IN.ADM2.00294,rice,27,1.6111028159256318,2,True
IN.ADM2.00294,sesamum,21,0.7035077059724767,2,True
IN.ADM2.00294,soyabean,21,1.5303414977744314,2,True
IN.ADM2.00294,sugarcane,25,17.33680566549701,1,True
IN.ADM2.00294,wheat,4,,0,False
IN.ADM2.00295,arhartur,14,0.8509020977690456,0,True
IN.ADM2.00295,cottonlint,14,0.1510739213167784,1,True
IN.ADM2.00295,groundnut,1,,0,False
IN.ADM2.00295,maize,21,1.7131295824670278,1,True
IN.ADM2.00295,potato,18,5.202984033935514,1,True
IN.ADM2.00295,rapeseed_mustard,12,0.6799971170076505,0,True
IN.ADM2.00295,rice,21,1.378923530186044,0,True
IN.ADM2.00295,sesamum,16,0.5047839598666046,1,True
IN.ADM2.00295,soyabean,16,1.006726276783267,1,True
IN.ADM2.00295,sugarcane,19,19.00266820257123,1,True
IN.ADM2.00296,arhartur,19,1.3733265450963001,1,True
IN.ADM2.00296,cottonlint,21,0.19890476886033912,1,True
IN.ADM2.00296,groundnut,3,,0,False
IN.ADM2.00296,maize,27,1.9667170438278556,2,True
IN.ADM2.00296,potato,21,2.3479396714724006,1,True
IN.ADM2.00296,rapeseed_mustard,20,1.041976659233861,2,True
IN.ADM2.00296,rice,27,1.479575345939879,2,True
IN.ADM2.00296,sesamum,21,0.8180185580768482,1,True
IN.ADM2.00296,soyabean,21,1.3074340580472747,1,True
IN.ADM2.00296,sugarcane,25,10.774505916819228,1,True
IN.ADM2.00297,arhartur,24,0.9087674647731278,2,True
IN.ADM2.00297,bajra,23,1.0797395634314086,1,True
IN.ADM2.00297,barley,17,1.3189987647091521,0,True
IN.ADM2.00297,cottonlint,18,0.15596179143025976,1,True
IN.ADM2.00297,gram,3,,0,False
IN.ADM2.00297,groundnut,24,1.0703540629946346,3,True
IN.ADM2.00297,jowar,25,1.109053844834028,2,True
IN.ADM2.00297,maize,27,1.7801190949030017,2,True
IN.ADM2.00297,potato,23,10.533433003453872,3,True
IN.ADM2.00297,ragi,15,0.9810568321458815,1,True
IN.ADM2.00297,rapeseed_mustard,24,0.9663942560205699,1,True
IN.ADM2.00297,rice,27,2.105640665445118,2,True
IN.ADM2.00297,sesamum,24,0.6696910173781582,3,True
IN.ADM2.00297,soyabean,24,1.3382314640621058,1,True
IN.ADM2.00297,sugarcane,23,49.41734793890346,2,True
IN.ADM2.00297,wheat,25,1.8263370424952716,2,True
IN.ADM2.00298,arhartur,23,0.9191783211748982,2,True
IN.ADM2.00298,bajra,23,1.011557006356411,3,True
IN.ADM2.00298,barley,17,1.3203248861624801,1,True
IN.ADM2.00298,cottonlint,6,0.24770202020202017,1,True
IN.ADM2.00298,gram,3,,0,False
IN.ADM2.00298,groundnut,24,1.103907609924458,1,True
IN.ADM2.00298,jowar,10,1.150302197802198,1,True
IN.ADM2.00298,maize,27,1.766549971463686,1,True
IN.ADM2.00298,potato,23,10.492929936796573,2,True
IN.ADM2.00298,ragi,15,0.8824481403148968,1,True
IN.ADM2.00298,rapeseed_mustard,24,0.9283196574898552,1,True
IN.ADM2.00298,rice,26,1.8707901259296271,2,True
IN.ADM2.00298,sesamum,24,0.615755513432826,2,True
IN.ADM2.00298,soyabean,24,1.2281757993561728,1,True
IN.ADM2.00298,sugarcane,22,39.15510671717542,1,True
IN.ADM2.00298,wheat,24,1.711385599046084,2,True
IN.ADM2.00299,arhartur,23,0.9041836850095933,1,True
IN.ADM2.00299,bajra,23,1.0440749610862508,1,True
IN.ADM2.00299,barley,17,1.3194120682328658,0,True
IN.ADM2.00299,cottonlint,10,0.1689175213675213,1,True
IN.ADM2.00299,gram,3,,0,False
IN.ADM2.00299,groundnut,24,1.0310759618264689,2,True
IN.ADM2.00299,jowar,26,1.0064440009872793,2,True
IN.ADM2.00299,maize,27,1.8187386683766533,4,True
IN.ADM2.00299,potato,23,10.018468601003278,2,True
IN.ADM2.00299,ragi,14,0.9629784995894909,1,True
IN.ADM2.00299,rapeseed_mustard,24,0.9088645217950052,1,True
IN.ADM2.00299,rice,27,1.7843531540256488,3,True
IN.ADM2.00299,sesamum,24,0.6427619688326894,2,True
IN.ADM2.00299,soyabean,24,1.2348445581984107,2,True
IN.ADM2.00299,sugarcane,18,42.56978746286469,1,True
IN.ADM2.00299,wheat,24,1.6665755423435227,1,True
IN.ADM2.00300,arhartur,23,0.9323957778083077,1,True
IN.ADM2.00300,bajra,23,0.9919471461384767,2,True
IN.ADM2.00300,barley,17,1.4114565826330532,1,True
IN.ADM2.00300,cottonlint,21,0.14377948717948716,1,True
IN.ADM2.00300,gram,3,,0,False
IN.ADM2.00300,groundnut,24,1.046405913770027,2,True
IN.ADM2.00300,jowar,26,0.9802956405704731,2,True
IN.ADM2.00300,maize,27,1.7738632886478445,3,True
IN.ADM2.00300,potato,23,10.333914159589424,1,True
IN.ADM2.00300,rapeseed_mustard,24,0.9358384598023212,2,True
IN.ADM2.00300,rice,27,2.1579990102376723,1,True
IN.ADM2.00300,sesamum,24,0.6308537041751617,2,True
IN.ADM2.00300,soyabean,24,1.2938032574034475,2,True
IN.ADM2.00300,sugarcane,16,39.922582221062136,1,True
IN.ADM2.00300,wheat,24,1.7278659644469296,2,True
IN.ADM2.00301,arhartur,23,0.9081148080207141,2,True
IN.ADM2.00301,bajra,23,0.9898723458719259,2,True
IN.ADM2.00301,barley,17,1.2944837269946343,1,True
IN.ADM2.00301,cottonlint,6,0.2616794871794872,1,True
IN.ADM2.00301,gram,3,,0,False
IN.ADM2.00301,groundnut,24,1.076072588815293,1,True
IN.ADM2.00301,jowar,13,1.106782173730885,1,True
IN.ADM2.00301,maize,27,1.7856098613528044,2,True
IN.ADM2.00301,potato,23,10.200424712367273,2,True
IN.ADM2.00301,ragi,15,0.8891227783253487,2,True
IN.ADM2.00301,rapeseed_mustard,24,0.9327306203030052,2,True
IN.ADM2.00301,rice,27,1.7934933667729391,3,True
IN.ADM2.00301,sesamum,24,0.6412548739086709,2,True
IN.ADM2.00301,soyabean,24,1.248611406579398,1,True
IN.ADM2.00301,sugarcane,14,42.07095442693918,1,True
IN.ADM2.00301,wheat,24,1.6922777687022856,1,True
IN.ADM2.00302,arhartur,23,0.9893355281338343,2,True
IN.ADM2.00302,bajra,23,0.9442401683506746,1,True
IN.ADM2.00302,barley,17,1.2710488473464252,1,True
IN.ADM2.00302,cottonlint,6,0.26465909090909084,1,True
IN.ADM2.00302,gram,3,,0,False
IN.ADM2.00302,groundnut,24,1.0125630424177514,2,True
IN.ADM2.00302,jowar,26,0.9908018823061367,2,True
IN.ADM2.00302,maize,27,1.7581118282329118,1,True
IN.ADM2.00302,potato,23,11.003730860643728,2,True
IN.ADM2.00302,ragi,14,0.9564500871758727,1,True
IN.ADM2.00302,rapeseed_mustard,24,0.9242994907966037,2,True
IN.ADM2.00302,rice,27,1.8966319923919495,3,True
IN.ADM2.00302,sesamum,24,0.6170891145571017,2,True
IN.ADM2.00302,soyabean,24,1.2566027679427911,2,True
IN.ADM2.00302,sugarcane,23,39.429259089187134,1,True
IN.ADM2.00302,wheat,24,1.7651067495173567,2,True
IN.ADM2.00303,arhartur,23,0.9038531146837718,2,True
IN.ADM2.00303,bajra,23,0.9984390212241728,2,True
IN.ADM2.00303,barley,17,1.3091547310748197,0,True
IN.ADM2.00303,cottonlint,6,0.2261036324786325,1,True
IN.ADM2.00303,gram,3,,0,False
IN.ADM2.00303,groundnut,24,1.1062797529798962,1,True
IN.ADM2.00303,jowar,26,0.9700723002412658,2,True
IN.ADM2.00303,maize,27,1.7928409396004612,2,True
IN.ADM2.00303,potato,23,10.091643748420603,2,True
IN.ADM2.00303,rapeseed_mustard,24,0.9175721231325206,2,True
IN.ADM2.00303,rice,27,1.7894065121492033,3,True
IN.ADM2.00303,sesamum,24,0.6470021791570915,1,True
IN.ADM2.00303,soyabean,24,1.2823383424272474,2,True
IN.ADM2.00303,sugarcane,23,38.75303607390539,2,True
IN.ADM2.00303,wheat,24,1.720822562689679,2,True
IN.ADM2.00310,arhartur,7,0.7434087682408818,1,True
IN.ADM2.00310,bajra,7,0.612915787004457,1,True
IN.ADM2.00310,cottonlint,2,,0,False
IN.ADM2.00310,groundnut,26,1.0876482178833975,1,True
IN.ADM2.00310,jowar,7,0.5622242973890081,0,True
IN.ADM2.00310,maize,27,1.470013841604415,2,True
IN.ADM2.00310,potato,26,11.134342939366421,2,True
IN.ADM2.00310,ragi,15,0.5991256792645119,0,True
IN.ADM2.00310,rapeseed_mustard,25,0.25933887407784595,1,True
IN.ADM2.00310,rice,26,1.7000083400763075,2,True
IN.ADM2.00310,sesamum,26,0.24477466694448752,1,True
IN.ADM2.00310,sugarcane,24,53.08345651125105,1,True
IN.ADM2.00310,wheat,20,1.4216642971213702,1,True
IN.ADM2.00312,arhartur,7,0.694457336096048,1,True
IN.ADM2.00312,bajra,6,0.4469348659003831,0,True
IN.ADM2.00312,groundnut,26,1.3550770964315506,2,True
IN.ADM2.00312,jowar,6,0.5182683861652361,0,True
IN.ADM2.00312,maize,27,1.311683890081372,1,True
IN.ADM2.00312,potato,26,9.914711330627481,0,True
IN.ADM2.00312,ragi,16,0.5506403447348089,1,True
IN.ADM2.00312,rapeseed_mustard,25,0.28314991074294976,2,True
IN.ADM2.00312,rice,26,1.6368801550837957,2,True
IN.ADM2.00312,sesamum,26,0.3253228087695013,1,True
IN.ADM2.00312,sugarcane,19,45.90848444641014,2,True
IN.ADM2.00312,wheat,26,1.303162173976214,1,True
IN.ADM2.00316,arhartur,7,0.4974794290514807,1,True
IN.ADM2.00316,bajra,6,0.5863695090439277,1,True
IN.ADM2.00316,groundnut,26,1.0999564209705694,1,True
IN.ADM2.00316,jowar,7,0.5745654458783405,0,True
IN.ADM2.00316,maize,27,1.6116078549287804,1,True
IN.ADM2.00316,potato,26,7.98662002273402,2,True
IN.ADM2.00316,ragi,27,0.5582296301127803,1,True
IN.ADM2.00316,rapeseed_mustard,25,0.32697726085242906,2,True
IN.ADM2.00316,rice,26,1.3125964649404007,1,True
IN.ADM2.00316,sesamum,26,0.27368932952864267,2,True
IN.ADM2.00316,sugarcane,25,77.62251321774471,1,True
IN.ADM2.00316,wheat,26,1.6746556978991192,1,True
IN.ADM2.00317,bajra,1,,0,False
IN.ADM2.00317,cottonlint,25,0.3429758335159,0,True
IN.ADM2.00317,groundnut,17,1.0900024293119348,1,True
IN.ADM2.00317,jowar,2,,0,False
IN.ADM2.00317,ragi,9,1.3564444444444446,0,True
IN.ADM2.00317,rapeseed_mustard,3,,0,False
IN.ADM2.00317,rice,26,2.0769905024611637,2,True
IN.ADM2.00317,sesamum,17,0.2565011654605525,1,True
IN.ADM2.00317,sugarcane,13,70.1839732731037,1,True
IN.ADM2.00318,groundnut,1,,0,False
IN.ADM2.00318,rapeseed_mustard,1,,0,False
IN.ADM2.00318,rice,4,,0,False
IN.ADM2.00319,bajra,22,2.343820401855188,1,True
IN.ADM2.00319,cottonlint,24,0.3757475191207253,0,True
IN.ADM2.00319,groundnut,22,2.450945678132179,2,True
IN.ADM2.00319,jowar,15,2.1011111111111114,1,True
IN.ADM2.00319,ragi,24,2.3885416068414838,1,True
IN.ADM2.00319,rapeseed_mustard,3,,0,False
IN.ADM2.00319,rice,26,3.0161067390972414,1,True
IN.ADM2.00319,sesamum,20,0.9372796197260633,1,True
IN.ADM2.00319,sugarcane,25,119.34516741705316,0,True
IN.ADM2.00320,ragi,3,,0,False
IN.ADM2.00320,rice,26,3.5649078393897473,1,True
IN.ADM2.00320,sesamum,1,,0,False
IN.ADM2.00321,arhartur,26,0.8844100344100345,0,True
IN.ADM2.00321,bajra,4,,0,False
IN.ADM2.00321,cottonlint,17,0.42983333333333335,1,True
IN.ADM2.00321,maize,27,3.2704010905349783,2,True
IN.ADM2.00321,rapeseed_mustard,25,1.310364587002874,2,True
IN.ADM2.00321,rice,27,3.163246870869409,1,True
IN.ADM2.00321,sesamum,26,0.33941767282668683,2,True
IN.ADM2.00321,sugarcane,22,67.6169065676108,1,True
IN.ADM2.00321,wheat,27,4.501508742133124,1,True
IN.ADM2.00324,arhartur,16,0.9505208333333333,1,True
IN.ADM2.00324,bajra,4,,0,False
IN.ADM2.00324,barley,26,3.584626535323651,1,True
IN.ADM2.00324,cottonlint,26,0.5370521179635929,1,True
IN.ADM2.00324,gram,3,,0,False
IN.ADM2.00324,groundnut,6,1.1666666666666667,0,True
IN.ADM2.00324,jowar,4,,0,False
IN.ADM2.00324,maize,7,3.5535714285714284,0,True
IN.ADM2.00324,rapeseed_mustard,25,1.4224724369197688,1,True
IN.ADM2.00324,rice,27,3.8126777683477617,0,True
IN.ADM2.00324,sesamum,26,0.43594680001724784,1,True
IN.ADM2.00324,sugarcane,22,69.1402417027417,1,True
IN.ADM2.00324,wheat,27,4.575224397606802,1,True
IN.ADM2.00325,arhartur,3,,0,False
IN.ADM2.00325,bajra,2,,0,False
IN.ADM2.00325,barley,1,,0,False
IN.ADM2.00325,gram,2,,0,False
IN.ADM2.00325,maize,27,2.4757733695721718,2,True
IN.ADM2.00325,rapeseed_mustard,25,1.2375406041327093,1,True
IN.ADM2.00325,rice,27,3.196520435337563,1,True
IN.ADM2.00325,sesamum,26,0.2898279076476516,1,True
IN.ADM2.00325,sugarcane,22,69.22084826365824,1,True
IN.ADM2.00325,wheat,27,4.228004303837886,1,True
IN.ADM2.00328,arhartur,4,,0,False
IN.ADM2.00328,bajra,2,,0,False
IN.ADM2.00328,barley,1,,0,False
IN.ADM2.00328,maize,27,3.9953928110161447,1,True
IN.ADM2.00328,rapeseed_mustard,24,1.2124007936507937,2,True
IN.ADM2.00328,rice,27,3.8505645362763175,1,True
IN.ADM2.00328,sesamum,9,1.403703703703704,1,True
IN.ADM2.00328,sugarcane,22,67.57632001710948,1,True
IN.ADM2.00328,wheat,27,4.424183637337368,1,True
IN.ADM2.00329,arhartur,26,1.1705676799388294,1,True
IN.ADM2.00329,bajra,1,,0,False
IN.ADM2.00329,barley,27,3.5291716678794463,1,True
IN.ADM2.00329,cottonlint,16,0.4905208333333333,0,True
IN.ADM2.00329,groundnut,5,1.0,0,True
IN.ADM2.00329,maize,27,3.812417663817664,2,True
IN.ADM2.00329,rapeseed_mustard,25,1.4177769283856239,1,True
IN.ADM2.00329,rice,27,4.35228633545454,1,True
IN.ADM2.00329,sesamum,3,,0,False
IN.ADM2.00329,sugarcane,22,71.48552096052096,1,True
IN.ADM2.00329,wheat,27,4.813322553728228,1,True
IN.ADM2.00331,arhartur,26,0.9365455057762749,1,True
IN.ADM2.00331,bajra,8,0.9,1,True
IN.ADM2.00331,barley,10,3.4156500000000003,0,True
IN.ADM2.00331,gram,3,,0,False
IN.ADM2.00331,groundnut,2,,0,False
IN.ADM2.00331,maize,27,3.133541053230422,1,True
IN.ADM2.00331,rapeseed_mustard,25,1.0496605472467542,2,True
IN.ADM2.00331,rice,27,3.5377498888045014,1,True
IN.ADM2.00331,sesamum,18,0.35462962962962963,2,True
IN.ADM2.00331,sugarcane,22,63.80072831513987,1,True
IN.ADM2.00331,wheat,27,4.129894141186687,1,True
IN.ADM2.00332,arhartur,26,0.9077163484090729,2,True
IN.ADM2.00332,bajra,16,1.0,1,True
IN.ADM2.00332,barley,27,3.77357383945031,1,True
IN.ADM2.00332,cottonlint,26,0.540698058052173,2,True
IN.ADM2.00332,gram,3,,0,False
IN.ADM2.00332,groundnut,11,1.0151515151515151,1,True
IN.ADM2.00332,maize,20,3.187195833333333,0,True
IN.ADM2.00332,rapeseed_mustard,25,1.2869974937343358,0,True
IN.ADM2.00332,rice,27,4.527408839487429,1,True
IN.ADM2.00332,sesamum,1,,0,False
IN.ADM2.00332,sugarcane,22,76.89653555257003,1,True
IN.ADM2.00332,wheat,27,4.885805951740231,1,True
IN.ADM2.00333,arhartur,22,0.5676209909508663,1,True
IN.ADM2.00333,bajra,27,0.8356348103357802,2,True
IN.ADM2.00333,barley,27,2.3662916867117536,2,True
IN.ADM2.00333,cottonlint,26,0.42110603748336,0,True
IN.ADM2.00333,gram,3,,0,False
IN.ADM2.00333,groundnut,26,1.2180926954551285,1,True
IN.ADM2.00333,jowar,27,0.4585141018784802,1,True
IN.ADM2.00333,maize,27,1.027045086774181,2,True
IN.ADM2.00333,potato,25,4.084573164101551,1,True
IN.ADM2.00333,rapeseed_mustard,26,1.1416660385341968,1,True
IN.ADM2.00333,rice,27,1.841166167703039,2,True
IN.ADM2.00333,sesamum,26,0.2507469637107214,1,True
IN.ADM2.00333,soyabean,25,1.086185790613535,1,True
IN.ADM2.00333,sugarcane,26,64.3683089237801,1,True
IN.ADM2.00333,wheat,27,2.491335234539125,3,True
IN.ADM2.00334,arhartur,26,1.044873070035057,1,True
IN.ADM2.00334,bajra,27,1.5298265413115015,2,True
IN.ADM2.00334,barley,27,3.017820920052216,2,True
IN.ADM2.00334,cottonlint,26,0.374828693884839,1,True
IN.ADM2.00334,gram,3,,0,False
IN.ADM2.00334,groundnut,26,1.7122173551652486,1,True
IN.ADM2.00334,jowar,27,0.6470619595472519,1,True
IN.ADM2.00334,maize,27,1.4613107884445435,2,True
IN.ADM2.00334,potato,26,6.193540788534236,2,True
IN.ADM2.00334,rapeseed_mustard,26,1.3616144959548835,0,True
IN.ADM2.00334,rice,27,1.8360327962985896,2,True
IN.ADM2.00334,sesamum,26,0.31429127947982727,1,True
IN.ADM2.00334,soyabean,18,1.0503546507169697,1,True
IN.ADM2.00334,sugarcane,26,60.25113193160779,1,True
IN.ADM2.00334,wheat,27,3.5318505764423804,2,True
IN.ADM2.00335,arhartur,26,0.6974860484044589,1,True
IN.ADM2.00335,bajra,26,0.8432563547906119,1,True
IN.ADM2.00335,barley,27,2.4284784702559565,1,True
IN.ADM2.00335,cottonlint,26,0.3940204336106345,1,True
IN.ADM2.00335,gram,3,,0,False
IN.ADM2.00335,groundnut,26,1.2381075543196265,1,True
IN.ADM2.00335,jowar,27,0.8577523725994938,2,True
IN.ADM2.00335,maize,27,1.6946913548810176,1,True
IN.ADM2.00335,potato,25,7.512661688583368,2,True
IN.ADM2.00335,rapeseed_mustard,26,1.2811608533272967,1,True
IN.ADM2.00335,rice,27,0.8321173799317203,1,True
IN.ADM2.00335,sesamum,26,0.28106149060465996,1,True
IN.ADM2.00335,soyabean,26,1.0844308957383015,2,True
IN.ADM2.00335,sugarcane,26,63.91668733741186,1,True
IN.ADM2.00335,wheat,27,2.8628423269188072,1,True
IN.ADM2.00336,bajra,27,0.30509472021918493,1,True
IN.ADM2.00336,barley,26,2.831526451721259,3,True
IN.ADM2.00336,cottonlint,19,0.419046697063945,2,True
IN.ADM2.00336,gram,3,,0,False
IN.ADM2.00336,groundnut,22,1.6559732158162894,1,True
IN.ADM2.00336,jowar,26,0.3401407196348041,1,True
IN.ADM2.00336,maize,26,1.6144687975137546,1,True
IN.ADM2.00336,potato,4,,0,False
IN.ADM2.00336,rapeseed_mustard,26,0.962524444949593,2,True
IN.ADM2.00336,sesamum,25,0.16037676602682893,1,True
IN.ADM2.00336,soyabean,1,,0,False
IN.ADM2.00336,wheat,27,1.7037803513753706,2,True
IN.ADM2.00337,arhartur,24,0.9004288132584503,1,True
IN.ADM2.00337,bajra,27,1.6350917459950862,1,True
IN.ADM2.00337,barley,27,3.0669510837274254,0,True
IN.ADM2.00337,cottonlint,26,0.37258097469796275,1,True
IN.ADM2.00337,gram,3,,0,False
IN.ADM2.00337,groundnut,25,1.6085625160240529,2,True
IN.ADM2.00337,jowar,27,0.7944611097436654,1,True
IN.ADM2.00337,maize,24,1.5145302131299483,2,True
IN.ADM2.00337,potato,26,12.019916949092636,1,True
IN.ADM2.00337,rapeseed_mustard,26,1.5176336826786971,1,True
IN.ADM2.00337,rice,27,1.8475984313189766,1,True
IN.ADM2.00337,sesamum,26,0.39320762541907794,1,True
IN.ADM2.00337,soyabean,15,1.0098972922502336,0,True
IN.ADM2.00337,sugarcane,26,62.99423435754284,1,True
IN.ADM2.00337,wheat,27,3.9497185651834665,1,True
IN.ADM2.00338,arhartur,17,0.8296316044698774,1,True
IN.ADM2.00338,bajra,27,0.9887653411054429,3,True
IN.ADM2.00338,barley,27,2.475122768317306,1,True
IN.ADM2.00338,cottonlint,26,0.375483458027228,1,True
IN.ADM2.00338,gram,3,,0,False
IN.ADM2.00338,groundnut,26,1.0585076970379967,1,True
IN.ADM2.00338,jowar,27,0.7392529610496223,2,True
IN.ADM2.00338,maize,27,1.621286921582755,0,True
IN.ADM2.00338,potato,25,2.755511638275725,1,True
IN.ADM2.00338,rapeseed_mustard,26,1.1289097426549308,0,True
IN.ADM2.00338,rice,27,1.7880067462366922,1,True
IN.ADM2.00338,sesamum,26,0.21932258778901628,2,True
IN.ADM2.00338,soyabean,26,1.0942002593619844,1,True
IN.ADM2.00338,sugarcane,26,59.7217894644795,1,True
IN.ADM2.00338,wheat,27,2.8956485428216747,1,True
IN.ADM2.00339,arhartur,22,1.343428204289018,0,True
IN.ADM2.00339,bajra,27,0.44281656526635127,2,True
IN.ADM2.00339,barley,27,3.04494804715834,2,True
IN.ADM2.00339,cottonlint,26,0.4136655680943428,1,True
IN.ADM2.00339,gram,3,,0,False
IN.ADM2.00339,groundnut,26,1.9273062095281748,2,True
IN.ADM2.00339,jowar,27,0.5713687934525581,2,True
IN.ADM2.00339,maize,27,1.5905923808254756,2,True
IN.ADM2.00339,potato,26,17.651993152823085,0,True
IN.ADM2.00339,rapeseed_mustard,26,1.31447566344026,2,True
IN.ADM2.00339,rice,27,2.65214591873609,1,True
IN.ADM2.00339,sesamum,26,0.19162234691566857,1,True
IN.ADM2.00339,soyabean,4,,0,False
IN.ADM2.00339,sugarcane,26,66.47774929545008,1,True
IN.ADM2.00339,wheat,27,3.2353490233657536,1,True
IN.ADM2.00340,arhartur,25,0.7902465990026005,1,True
IN.ADM2.00340,bajra,27,1.012579847009878,0,True
IN.ADM2.00340,barley,27,2.7658885754333773,1,True
IN.ADM2.00340,cottonlint,24,0.4198671823200933,2,True
IN.ADM2.00340,gram,3,,0,False
IN.ADM2.00340,groundnut,26,1.6516184525055506,2,True
IN.ADM2.00340,jowar,27,0.7619192693497971,3,True
IN.ADM2.00340,maize,27,2.186031291442543,2,True
IN.ADM2.00340,potato,26,5.346119736147529,1,True
IN.ADM2.00340,rapeseed_mustard,26,1.2502030750831328,1,True
IN.ADM2.00340,rice,27,1.9633027557420122,2,True
IN.ADM2.00340,sesamum,26,0.28626502404418963,1,True
IN.ADM2.00340,soyabean,26,1.066136991148873,1,True
IN.ADM2.00340,sugarcane,26,60.29742757661883,0,True
IN.ADM2.00340,wheat,27,3.618062652090751,1,True
IN.ADM2.00342,bajra,27,0.4823635124864663,1,True
IN.ADM2.00342,barley,27,1.8705943110754386,1,True
IN.ADM2.00342,cottonlint,26,0.36844866356423006,0,True
IN.ADM2.00342,gram,3,,0,False
IN.ADM2.00342,groundnut,26,1.9744605412306444,1,True
IN.ADM2.00342,jowar,20,0.5811566700518312,1,True
IN.ADM2.00342,maize,7,1.7706632653061225,0,True
IN.ADM2.00342,potato,10,7.459999999999999,1,True
IN.ADM2.00342,rapeseed_mustard,26,0.9319709735418343,1,True
IN.ADM2.00342,sesamum,26,0.2117685302035707,1,True
IN.ADM2.00342,wheat,27,2.2082946292563115,2,True
IN.ADM2.00343,arhartur,26,1.057449235876332,1,True
IN.ADM2.00343,bajra,27,1.9049127492529574,1,True
IN.ADM2.00343,barley,27,2.8150831218658556,1,True
IN.ADM2.00343,cottonlint,19,0.4254453834855211,1,True
IN.ADM2.00343,gram,3,,0,False
IN.ADM2.00343,groundnut,26,1.6568733126791177,2,True
IN.ADM2.00343,jowar,27,0.5844111499518359,2,True
IN.ADM2.00343,maize,19,1.5580072965978131,1,True
IN.ADM2.00343,potato,26,13.38526987330735,2,True
IN.ADM2.00343,rapeseed_mustard,26,1.5295593003307362,1,True
IN.ADM2.00343,rice,27,1.843172251749762,1,True
IN.ADM2.00343,sesamum,26,0.43764453577516566,1,True
IN.ADM2.00343,soyabean,12,1.1373667755246701,1,True
IN.ADM2.00343,sugarcane,26,72.27207711898824,1,True
IN.ADM2.00343,wheat,27,3.8090963865893395,0,True
IN.ADM2.00344,arhartur,26,0.4873685146344297,1,True
IN.ADM2.00344,bajra,26,0.845379084254553,1,True
IN.ADM2.00344,barley,27,2.795129885565609,3,True
IN.ADM2.00344,cottonlint,25,0.408946057711442,1,True
IN.ADM2.00344,gram,3,,0,False
IN.ADM2.00344,groundnut,25,1.6781813124475875,2,True
IN.ADM2.00344,jowar,27,0.5780920466952241,1,True
IN.ADM2.00344,maize,27,1.025404353979201,2,True
IN.ADM2.00344,potato,10,4.8620448179271705,0,True
IN.ADM2.00344,rapeseed_mustard,26,1.2273042739026578,1,True
IN.ADM2.00344,rice,27,0.7682114735184181,2,True
IN.ADM2.00344,sesamum,26,0.26206288589715393,1,True
IN.ADM2.00344,soyabean,25,1.0861403382247303,1,True
IN.ADM2.00344,sugarcane,26,61.127536909303835,1,True
IN.ADM2.00344,wheat,27,2.002089623660791,1,True
IN.ADM2.00347,arhartur,5,0.37653846153846154,0,True
IN.ADM2.00347,bajra,26,0.1811757908318741,2,True
IN.ADM2.00347,barley,27,2.6971687491658987,2,True
IN.ADM2.00347,cottonlint,26,0.41139607143628765,2,True
IN.ADM2.00347,gram,3,,0,False
IN.ADM2.00347,groundnut,26,1.324239990420171,1,True
IN.ADM2.00347,jowar,26,0.4467683779155974,0,True
IN.ADM2.00347,maize,2,,0,False
IN.ADM2.00347,potato,6,1.4484126984126984,0,True
IN.ADM2.00347,rapeseed_mustard,26,0.7944618264535905,1,True
IN.ADM2.00347,sesamum,26,0.24679029181485024,1,True
IN.ADM2.00347,sugarcane,7,55.542857142857144,0,True
IN.ADM2.00347,wheat,27,1.928106350721077,2,True
IN.ADM2.00348,arhartur,4,,0,False
IN.ADM2.00348,bajra,27,0.6037166687912957,2,True
IN.ADM2.00348,barley,27,2.733345910744242,1,True
IN.ADM2.00348,cottonlint,26,0.45081683906241793,1,True
IN.ADM2.00348,gram,3,,0,False
IN.ADM2.00348,groundnut,26,1.5538735565372297,1,True
IN.ADM2.00348,jowar,27,0.42603613438431476,0,True
IN.ADM2.00348,maize,27,1.5790376524095744,1,True
IN.ADM2.00348,potato,24,3.0605057143662298,1,True
IN.ADM2.00348,rapeseed_mustard,26,1.117097860861745,0,True
IN.ADM2.00348,sesamum,24,0.23685254786641494,1,True
IN.ADM2.00348,soyabean,3,,0,False
IN.ADM2.00348,wheat,27,1.863504565036672,0,True
IN.ADM2.00349,arhartur,26,0.803891463683044,0,True
IN.ADM2.00349,bajra,27,0.8407687925174676,2,True
IN.ADM2.00349,barley,27,2.802732442961984,3,True
IN.ADM2.00349,cottonlint,19,0.4292474217416465,1,True
IN.ADM2.00349,gram,3,,0,False
IN.ADM2.00349,groundnut,26,1.5172525479975296,2,True
IN.ADM2.00349,jowar,27,1.0234685735425377,1,True
IN.ADM2.00349,maize,27,1.8220507162701534,1,True
IN.ADM2.00349,potato,26,7.420510647662757,2,True
IN.ADM2.00349,rapeseed_mustard,26,1.2872905409356687,1,True
IN.ADM2.00349,rice,27,1.8873843010504237,1,True
IN.ADM2.00349,sesamum,26,0.32087592845038776,0,True
IN.ADM2.00349,soyabean,26,1.0227063617538683,0,True
IN.ADM2.00349,sugarcane,26,64.6463937766962,1,True
IN.ADM2.00349,wheat,27,3.230388839054803,0,True
IN.ADM2.00350,arhartur,17,0.7272089652711081,1,True
IN.ADM2.00350,bajra,27,1.0182833049306068,1,True
IN.ADM2.00350,barley,27,2.800900621711846,3,True
IN.ADM2.00350,cottonlint,26,0.38000758488368913,2,True
IN.ADM2.00350,gram,3,,0,False
IN.ADM2.00350,groundnut,26,1.7893050650864466,0,True
IN.ADM2.00350,jowar,24,0.5971196885511706,1,True
IN.ADM2.00350,maize,27,1.6419059070545317,2,True
IN.ADM2.00350,potato,24,5.932957730407421,3,True
IN.ADM2.00350,rapeseed_mustard,26,1.173933835203926,2,True
IN.ADM2.00350,sesamum,26,0.2750518244230697,1,True
IN.ADM2.00350,soyabean,9,1.0833333333333333,0,True
IN.ADM2.00350,sugarcane,25,63.82152135506007,1,True
IN.ADM2.00350,wheat,27,3.181923838330956,2,True
IN.ADM2.00351,arhartur,2,,0,False
IN.ADM2.00351,bajra,27,0.5968104434177773,1,True
IN.ADM2.00351,barley,27,2.783852141753593,3,True
IN.ADM2.00351,cottonlint,26,0.47798393641557946,2,True
IN.ADM2.00351,gram,3,,0,False
IN.ADM2.00351,groundnut,26,1.7144646076125187,1,True
IN.ADM2.00351,jowar,27,0.4537775393834681,2,True
IN.ADM2.00351,maize,25,1.564848847609219,0,True
IN.ADM2.00351,potato,9,14.217348927875243,0,True
IN.ADM2.00351,rapeseed_mustard,26,1.1591970468844683,1,True
IN.ADM2.00351,rice,1,,0,False
IN.ADM2.00351,sesamum,26,0.27621955982839663,0,True
IN.ADM2.00351,soyabean,2,,0,False
IN.ADM2.00351,sugarcane,4,,0,False
IN.ADM2.00351,wheat,27,2.211653568310855,2,True
IN.ADM2.00357,arhartur,23,0.7123554586758941,2,True
IN.ADM2.00357,bajra,27,0.6786417304438388,1,True
IN.ADM2.00357,barley,27,2.8068724375542566,2,True
IN.ADM2.00357,cottonlint,26,0.38973245327619094,0,True
IN.ADM2.00357,gram,3,,0,False
IN.ADM2.00357,groundnut,25,1.50306486491242,1,True
IN.ADM2.00357,jowar,25,0.5921282496523935,2,True
IN.ADM2.00357,maize,27,1.3007777015541382,1,True
IN.ADM2.00357,potato,26,15.040915134616661,1,True
IN.ADM2.00357,rapeseed_mustard,26,1.0661049769838806,2,True
IN.ADM2.00357,rice,14,1.6240723562152135,1,True
IN.ADM2.00357,sesamum,26,0.24930144771369514,0,True
IN.ADM2.00357,soyabean,5,1.2416666666666667,0,True
IN.ADM2.00357,sugarcane,6,67.56720430107526,0,True
IN.ADM2.00357,wheat,27,2.5550794881692434,0,True
IN.ADM2.00360,barley,27,1.0773720620950533,2,True
IN.ADM2.00360,maize,27,1.6702079161380907,1,True
IN.ADM2.00360,potato,2,,0,False
IN.ADM2.00360,ragi,1,,0,False
IN.ADM2.00360,rapeseed_mustard,26,1.023893708450592,1,True
IN.ADM2.00360,rice,27,2.149154093740931,1,True
IN.ADM2.00360,soyabean,26,0.9206639918902211,2,True
IN.ADM2.00360,wheat,27,1.2682972535311137,3,True
IN.ADM2.00361,barley,27,1.0598270867990598,3,True
IN.ADM2.00361,maize,27,1.508678996770533,3,True
IN.ADM2.00361,potato,2,,0,False
IN.ADM2.00361,ragi,1,,0,False
IN.ADM2.00361,rapeseed_mustard,26,0.8834926409994206,1,True
IN.ADM2.00361,rice,27,1.389701799269537,1,True
IN.ADM2.00361,soyabean,26,1.064105397424649,1,True
IN.ADM2.00361,wheat,23,1.0461516601879537,1,True
IN.ADM2.00362,barley,26,1.0084212346543582,1,True
IN.ADM2.00362,maize,27,2.677542309807904,2,True
IN.ADM2.00362,potato,2,,0,False
IN.ADM2.00362,ragi,1,,0,False
IN.ADM2.00362,rapeseed_mustard,26,0.8095925081555362,2,True
IN.ADM2.00362,rice,27,1.7095021700828947,1,True
IN.ADM2.00362,soyabean,26,1.1820468189240332,1,True
IN.ADM2.00362,wheat,20,1.1509705843100249,1,True
IN.ADM2.00363,barley,22,1.1352700345939704,1,True
IN.ADM2.00363,maize,27,1.6532169407750874,3,True
IN.ADM2.00363,potato,2,,0,False
IN.ADM2.00363,ragi,1,,0,False
IN.ADM2.00363,rapeseed_mustard,26,0.8966823122036822,1,True
IN.ADM2.00363,rice,27,2.7327374671813227,2,True
IN.ADM2.00363,soyabean,26,0.8857319833861685,2,True
IN.ADM2.00363,wheat,19,1.221451151894614,1,True
IN.ADM2.00364,arhartur,24,0.7612339984782351,1,True
IN.ADM2.00364,bajra,25,2.2731116669260434,0,True
IN.ADM2.00364,cottonlint,20,0.38903304879687506,1,True
IN.ADM2.00364,gram,1,,0,False
IN.ADM2.00364,groundnut,26,3.611664349877331,0,True
IN.ADM2.00364,jowar,25,1.154295972451524,1,True
IN.ADM2.00364,maize,19,5.3025544831094615,0,True
IN.ADM2.00364,potato,3,,0,False
IN.ADM2.00364,ragi,27,2.8405972312252343,0,True
IN.ADM2.00364,rapeseed_mustard,2,,0,False
IN.ADM2.00364,rice,27,3.7025318655069266,1,True
IN.ADM2.00364,sesamum,26,0.5515285431898972,2,True
IN.ADM2.00364,sugarcane,26,171.7218551100811,1,True
IN.ADM2.00365,arhartur,24,0.7736309840271184,1,True
IN.ADM2.00365,bajra,25,1.8695614055698142,2,True
IN.ADM2.00365,cottonlint,26,0.2286329710839308,1,True
IN.ADM2.00365,groundnut,26,2.3290099010176095,2,True
IN.ADM2.00365,jowar,25,1.3481242989915225,1,True
IN.ADM2.00365,maize,25,2.760466445445904,1,True
IN.ADM2.00365,ragi,26,2.721519053452465,1,True
IN.ADM2.00365,rice,27,4.112142806456623,2,True
IN.ADM2.00365,sesamum,26,0.38244954484348337,1,True
IN.ADM2.00365,sugarcane,26,143.91989436445164,1,True
IN.ADM2.00366,arhartur,24,0.9188641635426179,2,True
IN.ADM2.00366,bajra,25,2.0696990746490624,2,True
IN.ADM2.00366,cottonlint,26,0.3825401356536267,2,True
IN.ADM2.00366,gram,3,,0,False
IN.ADM2.00366,groundnut,26,1.7349734440668492,1,True
IN.ADM2.00366,jowar,25,0.4950726251498917,0,True
IN.ADM2.00366,maize,25,5.433402155531876,1,True
IN.ADM2.00366,potato,23,16.829636759975667,2,True
IN.ADM2.00366,ragi,27,1.915162497551104,1,True
IN.ADM2.00366,rapeseed_mustard,18,0.219753934214877,2,True
IN.ADM2.00366,rice,27,4.261707504894409,2,True
IN.ADM2.00366,sesamum,26,0.6809838186360799,1,True
IN.ADM2.00366,sugarcane,26,154.26955733413413,1,True
IN.ADM2.00366,wheat,4,,0,False
IN.ADM2.00367,arhartur,24,0.846135719986127,1,True
IN.ADM2.00367,bajra,25,2.2208519850563424,2,True
IN.ADM2.00367,cottonlint,26,0.34190451885698453,1,True
IN.ADM2.00367,gram,3,,0,False
IN.ADM2.00367,groundnut,26,2.1764216808712784,3,True
IN.ADM2.00367,jowar,25,1.4386302497933092,2,True
IN.ADM2.00367,maize,25,4.574896215477082,0,True
IN.ADM2.00367,potato,23,23.89788928889324,0,True
IN.ADM2.00367,ragi,27,2.2960921751217094,2,True
IN.ADM2.00367,rapeseed_mustard,23,0.24251113909079247,0,True
IN.ADM2.00367,rice,27,3.897559820877231,0,True
IN.ADM2.00367,sesamum,26,0.46230137243743247,1,True
IN.ADM2.00367,sugarcane,26,122.58811476708027,1,True
IN.ADM2.00368,arhartur,24,0.7223563143161229,0,True
IN.ADM2.00368,bajra,25,1.923680538416227,1,True
IN.ADM2.00368,cottonlint,26,0.43474959315599865,2,True
IN.ADM2.00368,gram,3,,0,False
IN.ADM2.00368,groundnut,26,2.5688747244665757,2,True
IN.ADM2.00368,jowar,25,1.2392372420471234,2,True
IN.ADM2.00368,maize,25,5.097772202218881,2,True
IN.ADM2.00368,potato,23,14.697310917732906,1,True
IN.ADM2.00368,ragi,26,2.6267417383802063,1,True
IN.ADM2.00368,rapeseed_mustard,5,0.20825396825396822,0,True
IN.ADM2.00368,rice,27,4.260889046294959,1,True
IN.ADM2.00368,sesamum,26,0.5006776025794295,1,True
IN.ADM2.00368,sugarcane,26,130.89262368254,1,True
IN.ADM2.00368,wheat,1,,0,False
IN.ADM2.00369,arhartur,24,0.7264754819672695,2,True
IN.ADM2.00369,bajra,25,2.29160574059114,3,True
IN.ADM2.00369,cottonlint,26,0.2530987272207868,1,True
IN.ADM2.00369,gram,1,,0,False
IN.ADM2.00369,groundnut,26,1.2997206383558315,1,True
IN.ADM2.00369,jowar,25,1.5290205619509682,1,True
IN.ADM2.00369,maize,25,4.4661826622477845,1,True
IN.ADM2.00369,potato,1,,0,False
IN.ADM2.00369,ragi,26,2.8111168951066285,1,True
IN.ADM2.00369,rice,27,3.221775290569082,2,True
IN.ADM2.00369,sesamum,26,0.3659435997696239,1,True
IN.ADM2.00369,sugarcane,26,136.50352792182775,1,True
IN.ADM2.00370,arhartur,6,0.861111111111111,0,True
IN.ADM2.00370,cottonlint,6,0.2795555555555555,1,True
IN.ADM2.00370,groundnut,26,1.8561407466088338,2,True
IN.ADM2.00370,jowar,2,,0,False
IN.ADM2.00370,maize,7,6.82285895275509,1,True
IN.ADM2.00370,ragi,1,,0,False
IN.ADM2.00370,rice,27,4.183379400116255,2,True
IN.ADM2.00370,sesamum,4,,0,False
IN.ADM2.00370,sugarcane,6,89.15079365079366,0,True
IN.ADM2.00373,bajra,5,1.7,0,True
IN.ADM2.00373,cottonlint,10,0.33279523809523803,0,True
IN.ADM2.00373,groundnut,12,1.6558658933658934,0,True
IN.ADM2.00373,jowar,5,0.9666666666666666,0,True
IN.ADM2.00373,maize,6,7.405790982138286,0,True
IN.ADM2.00373,potato,23,23.689440531909714,2,True
IN.ADM2.00373,ragi,15,1.8347700880615039,1,True
IN.ADM2.00373,rice,27,3.7761185456089588,2,True
IN.ADM2.00373,sesamum,4,,0,False
IN.ADM2.00373,sugarcane,20,151.57755640193142,1,True
IN.ADM2.00373,wheat,2,,0,False
IN.ADM2.00374,arhartur,24,0.7427272594332175,1,True
IN.ADM2.00374,bajra,25,2.1750750464565924,2,True
IN.ADM2.00374,cottonlint,26,0.31648943030052457,1,True
IN.ADM2.00374,gram,2,,0,False
IN.ADM2.00374,groundnut,26,2.1087544878154008,1,True
IN.ADM2.00374,jowar,25,1.3570538670333658,1,True
IN.ADM2.00374,maize,25,4.927199014322616,0,True
IN.ADM2.00374,potato,8,16.99583333333333,1,True
IN.ADM2.00374,ragi,27,2.8891143088298215,1,True
IN.ADM2.00374,rapeseed_mustard,9,0.3781830086177912,1,True
IN.ADM2.00374,rice,27,3.8426477907551733,1,True
IN.ADM2.00374,sesamum,26,0.557026773780122,1,True
IN.ADM2.00374,sugarcane,26,113.34128754913137,1,True
IN.ADM2.00376,arhartur,24,0.6014436937402922,2,True
IN.ADM2.00376,bajra,22,2.0772432946629658,0,True
IN.ADM2.00376,cottonlint,25,0.3654774255522392,0,True
IN.ADM2.00376,gram,1,,0,False
IN.ADM2.00376,groundnut,26,1.9280529463765235,2,True
IN.ADM2.00376,jowar,25,1.0081294712212092,1,True
IN.ADM2.00376,maize,25,5.586733969015876,2,True
IN.ADM2.00376,potato,1,,0,False
IN.ADM2.00376,ragi,27,2.3933628025952847,1,True
IN.ADM2.00376,rice,27,2.685234997836823,1,True
IN.ADM2.00376,sesamum,26,0.4437860615917471,0,True
IN.ADM2.00376,sugarcane,26,143.18784688800457,1,True
IN.ADM2.00377,arhartur,13,0.8776774177448246,1,True
IN.ADM2.00377,bajra,24,1.3631711494622591,2,True
IN.ADM2.00377,cottonlint,26,0.16654433249125303,1,True
IN.ADM2.00377,groundnut,26,1.2241355981005813,2,True
IN.ADM2.00377,jowar,24,1.0945249620094943,1,True
IN.ADM2.00377,maize,21,4.732398946340989,1,True
IN.ADM2.00377,potato,1,,0,False
IN.ADM2.00377,ragi,27,2.209438560056023,1,True
IN.ADM2.00377,rice,27,1.6247704071746212,0,True
IN.ADM2.00377,sesamum,26,0.2592255566906664,0,True
IN.ADM2.00377,sugarcane,26,142.5280761213865,1,True
IN.ADM2.00378,arhartur,24,0.8719943704104544,2,True
IN.ADM2.00378,bajra,25,1.9654345939680753,0,True
IN.ADM2.00378,cottonlint,26,0.384361789785396,1,True
IN.ADM2.00378,gram,3,,0,False
IN.ADM2.00378,groundnut,26,1.7991807536952749,1,True
IN.ADM2.00378,jowar,25,0.9524367333490211,2,True
IN.ADM2.00378,maize,25,5.663157263346135,2,True
IN.ADM2.00378,potato,4,,0,False
IN.ADM2.00378,ragi,27,2.6259398964817384,1,True
IN.ADM2.00378,rapeseed_mustard,17,0.22370808773881748,0,True
IN.ADM2.00378,rice,27,4.171158384037384,0,True
IN.ADM2.00378,sesamum,26,0.7289620344186154,2,True
IN.ADM2.00378,sugarcane,26,160.9171184851701,1,True
IN.ADM2.00378,wheat,4,,0,False
IN.ADM2.00379,arhartur,24,0.7954887129959122,1,True
IN.ADM2.00379,bajra,24,2.0670057501975294,1,True
IN.ADM2.00379,cottonlint,26,0.32623797315112085,1,True
IN.ADM2.00379,groundnut,26,1.694761017644494,1,True
IN.ADM2.00379,jowar,25,1.0569858990172545,2,True
IN.ADM2.00379,maize,23,4.875039646864452,1,True
IN.ADM2.00379,potato,1,,0,False
IN.ADM2.00379,ragi,27,2.5889237051716014,0,True
IN.ADM2.00379,rice,27,2.0135969390038047,0,True
IN.ADM2.00379,sesamum,26,0.4756601121564448,1,True
IN.ADM2.00379,sugarcane,26,118.52779276128959,1,True
IN.ADM2.00383,arhartur,23,0.7704721028357541,2,True
IN.ADM2.00383,bajra,25,2.176456712529102,1,True
IN.ADM2.00383,cottonlint,26,0.3553699641772612,3,True
IN.ADM2.00383,groundnut,26,2.2986106921087104,1,True
IN.ADM2.00383,jowar,25,2.1236635554980365,1,True
IN.ADM2.00383,maize,25,3.602343855440229,2,True
IN.ADM2.00383,potato,3,,0,False
IN.ADM2.00383,ragi,27,2.9102618700694896,1,True
IN.ADM2.00383,rapeseed_mustard,2,,0,False
IN.ADM2.00383,rice,27,4.188595786858299,2,True
IN.ADM2.00383,sesamum,26,0.4350014898535327,1,True
IN.ADM2.00383,sugarcane,26,129.3732316243255,1,True
IN.ADM2.00384,arhartur,24,0.8207701201418286,2,True
IN.ADM2.00384,bajra,25,1.6616468433489882,2,True
IN.ADM2.00384,cottonlint,26,0.36267531507291817,1,True
IN.ADM2.00384,groundnut,26,1.919308935826084,1,True
IN.ADM2.00384,jowar,25,1.0025770717655644,1,True
IN.ADM2.00384,maize,25,4.465025683847416,2,True
IN.ADM2.00384,potato,4,,0,False
IN.ADM2.00384,ragi,27,2.360282489281444,2,True
IN.ADM2.00384,rapeseed_mustard,6,0.23888888888888885,0,True
IN.ADM2.00384,rice,27,3.4752123648365876,1,True
IN.ADM2.00384,sesamum,26,0.5740706443691911,2,True
IN.ADM2.00384,sugarcane,26,119.70754316534342,1,True
IN.ADM2.00387,arhartur,20,0.7357434929010607,2,True
IN.ADM2.00387,cottonlint,25,0.22824671829019974,1,True
IN.ADM2.00387,gram,3,,0,False
IN.ADM2.00387,groundnut,20,1.204751921777218,1,True
IN.ADM2.00387,jowar,4,,0,False
IN.ADM2.00387,maize,26,1.3361949013352854,0,True
IN.ADM2.00387,potato,5,18.807532121732457,0,True
IN.ADM2.00387,rapeseed_mustard,20,0.7679066874458769,2,True
IN.ADM2.00387,rice,26,2.799754260125741,2,True
IN.ADM2.00387,sesamum,20,0.5607851988929926,1,True
IN.ADM2.00387,soyabean,5,0.7917393795203975,0,True
IN.ADM2.00387,sugarcane,25,53.390179580579726,1,True
IN.ADM2.00387,wheat,26,2.0037762872412355,2,True
IN.ADM2.00388,arhartur,23,0.8543067821629257,1,True
IN.ADM2.00388,bajra,27,1.8795397413588755,2,True
IN.ADM2.00388,barley,27,3.178028112841747,1,True
IN.ADM2.00388,cottonlint,24,0.08696201879145932,2,True
IN.ADM2.00388,gram,3,,0,False
IN.ADM2.00388,groundnut,24,0.8955166660362677,1,True
IN.ADM2.00388,jowar,27,1.0072942615488676,1,True
IN.ADM2.00388,maize,27,2.1234598475208726,2,True
IN.ADM2.00388,potato,26,28.143097999858487,0,True
IN.ADM2.00388,rapeseed_mustard,26,1.4972584605280206,2,True
IN.ADM2.00388,rice,27,2.182368415746085,1,True
IN.ADM2.00388,sesamum,25,0.1706510715251352,2,True
IN.ADM2.00388,soyabean,5,0.8133333333333332,0,True
IN.ADM2.00388,sugarcane,26,61.08605129661035,1,True
IN.ADM2.00388,wheat,27,3.4841520289636643,1,True
IN.ADM2.00390,arhartur,23,1.4474410085354663,1,True
IN.ADM2.00390,bajra,27,1.0341167704599141,2,True
IN.ADM2.00390,barley,27,1.9219756007129538,1,True
IN.ADM2.00390,gram,3,,0,False
IN.ADM2.00390,groundnut,23,0.8437282689977769,0,True
IN.ADM2.00390,jowar,27,1.2180319715607255,0,True
IN.ADM2.00390,maize,27,1.7809380969407405,0,True
IN.ADM2.00390,potato,26,19.952916975496354,2,True
IN.ADM2.00390,ragi,1,,0,False
IN.ADM2.00390,rapeseed_mustard,26,0.8989129477231352,1,True
IN.ADM2.00390,rice,27,2.346025236880275,1,True
IN.ADM2.00390,sesamum,25,0.21319341902520436,2,True
IN.ADM2.00390,soyabean,5,0.7117179487179488,0,True
IN.ADM2.00390,sugarcane,23,50.99730906870857,2,True
IN.ADM2.00390,wheat,27,2.4821285591541815,2,True
IN.ADM2.00391,arhartur,22,0.6849118315392058,2,True
IN.ADM2.00391,bajra,1,,0,False
IN.ADM2.00391,barley,27,1.0578237750528017,1,True
IN.ADM2.00391,gram,3,,0,False
IN.ADM2.00391,groundnut,9,0.9831649831649831,1,True
IN.ADM2.00391,maize,27,1.2442432160770152,1,True
IN.ADM2.00391,potato,26,11.739913731039302,0,True
IN.ADM2.00391,ragi,26,1.194024578220719,2,True
IN.ADM2.00391,rapeseed_mustard,26,0.5893253490897964,1,True
IN.ADM2.00391,rice,27,1.2437449510568521,2,True
IN.ADM2.00391,sesamum,25,0.22325696751508534,1,True
IN.ADM2.00391,soyabean,26,1.0151976608209967,1,True
IN.ADM2.00391,wheat,27,1.1623436230941648,1,True
IN.ADM2.00392,arhartur,23,0.959650024926665,1,True
IN.ADM2.00392,bajra,27,1.6487143975461205,2,True
IN.ADM2.00392,barley,27,2.175263663159468,1,True
IN.ADM2.00392,cottonlint,1,,0,False
IN.ADM2.00392,gram,3,,0,False
IN.ADM2.00392,groundnut,25,0.8679851931010483,1,True
IN.ADM2.00392,jowar,25,1.253148996455739,2,True
IN.ADM2.00392,maize,27,1.6024830465320765,1,True
IN.ADM2.00392,potato,26,19.790035202952428,0,True
IN.ADM2.00392,ragi,4,,0,False
IN.ADM2.00392,rapeseed_mustard,26,1.105180001028584,1,True
IN.ADM2.00392,rice,27,2.0403140760075753,1,True
IN.ADM2.00392,sesamum,25,0.19153047091796413,2,True
IN.ADM2.00392,soyabean,3,,0,False
IN.ADM2.00392,sugarcane,26,50.68713219574295,1,True
IN.ADM2.00392,wheat,27,2.8085063086730835,1,True
IN.ADM2.00393,arhartur,23,0.5891801232913022,0,True
IN.ADM2.00393,bajra,26,1.8462808612933275,0,True
IN.ADM2.00393,barley,27,2.4656991279492977,1,True
IN.ADM2.00393,gram,3,,0,False
IN.ADM2.00393,groundnut,25,0.9093568000333946,1,True
IN.ADM2.00393,jowar,27,1.1319641427057368,1,True
IN.ADM2.00393,maize,27,1.1841567106120245,2,True
IN.ADM2.00393,potato,26,23.187638512978932,2,True
IN.ADM2.00393,ragi,2,,0,False
IN.ADM2.00393,rapeseed_mustard,26,0.7199844729308496,2,True
IN.ADM2.00393,rice,27,2.071608136728054,1,True
IN.ADM2.00393,sesamum,25,0.1938893233839652,3,True
IN.ADM2.00393,soyabean,21,0.7351818986599785,1,True
IN.ADM2.00393,sugarcane,26,57.78984965955313,1,True
IN.ADM2.00393,wheat,27,2.8164710204655994,2,True
IN.ADM2.00394,arhartur,23,0.9156413688522853,1,True
IN.ADM2.00394,bajra,27,1.6504937854021666,2,True
IN.ADM2.00394,barley,27,2.164612750429911,1,True
IN.ADM2.00394,gram,3,,0,False
IN.ADM2.00394,groundnut,25,0.8677725016392395,1,True
IN.ADM2.00394,jowar,27,1.191940830949751,1,True
IN.ADM2.00394,maize,27,1.3049254645439703,1,True
IN.ADM2.00394,potato,26,23.23765062123184,1,True
IN.ADM2.00394,ragi,4,,0,False
IN.ADM2.00394,rapeseed_mustard,26,1.1048877560028216,1,True
IN.ADM2.00394,rice,27,1.9858810599389638,2,True
IN.ADM2.00394,sesamum,4,,0,False
IN.ADM2.00394,sugarcane,26,46.45289513998195,0,True
IN.ADM2.00394,wheat,27,2.8841112921531424,1,True
IN.ADM2.00395,arhartur,23,1.2415243857994833,0,True
IN.ADM2.00395,bajra,27,1.0128383052745857,2,True
IN.ADM2.00395,barley,27,1.8094146154614743,1,True
IN.ADM2.00395,cottonlint,1,,0,False
IN.ADM2.00395,gram,3,,0,False
IN.ADM2.00395,groundnut,25,0.7845337371899466,2,True
IN.ADM2.00395,jowar,27,1.028180380395044,2,True
IN.ADM2.00395,maize,27,1.726586745606208,2,True
IN.ADM2.00395,potato,26,23.501169387699345,1,True
IN.ADM2.00395,ragi,3,,0,False
IN.ADM2.00395,rapeseed_mustard,26,0.5342092418173673,1,True
IN.ADM2.00395,rice,27,1.4957557836655622,1,True
IN.ADM2.00395,sesamum,25,0.18231922545382134,1,True
IN.ADM2.00395,soyabean,25,0.7529911540752314,1,True
IN.ADM2.00395,sugarcane,23,40.280356995168134,2,True
IN.ADM2.00395,wheat,27,2.006153479483092,2,True
IN.ADM2.00396,arhartur,23,0.9789973389805187,2,True
IN.ADM2.00396,bajra,27,1.5167392844505518,3,True
IN.ADM2.00396,barley,27,2.4453739802671075,1,True
IN.ADM2.00396,cottonlint,2,,0,False
IN.ADM2.00396,gram,3,,0,False
IN.ADM2.00396,groundnut,24,0.8179060548990825,1,True
IN.ADM2.00396,jowar,27,0.9650030470273214,2,True
IN.ADM2.00396,maize,27,1.0881246422724031,1,True
IN.ADM2.00396,potato,26,23.372754054515916,1,True
IN.ADM2.00396,ragi,3,,0,False
IN.ADM2.00396,rapeseed_mustard,26,0.813227151454769,1,True
IN.ADM2.00396,rice,27,2.480171157587193,1,True
IN.ADM2.00396,sesamum,25,0.1932868395092645,2,True
IN.ADM2.00396,soyabean,2,,0,False
IN.ADM2.00396,sugarcane,26,60.93309346762142,0,True
IN.ADM2.00396,wheat,27,3.2533709178817807,1,True
IN.ADM2.00397,arhartur,23,0.9187214982359627,0,True
IN.ADM2.00397,bajra,27,1.4027379915531568,2,True
IN.ADM2.00397,barley,27,2.5004841725878313,1,True
IN.ADM2.00397,cottonlint,2,,0,False
IN.ADM2.00397,gram,3,,0,False
IN.ADM2.00397,groundnut,23,0.9845133763807619,2,True
IN.ADM2.00397,jowar,27,0.9519417901389252,2,True
IN.ADM2.00397,maize,27,1.8631530704146857,1,True
IN.ADM2.00397,potato,26,22.56339612296885,1,True
IN.ADM2.00397,ragi,2,,0,False
IN.ADM2.00397,rapeseed_mustard,26,0.891627570413517,2,True
IN.ADM2.00397,rice,27,2.209620093101541,1,True
IN.ADM2.00397,sesamum,25,0.15004868331445598,1,True
IN.ADM2.00397,soyabean,11,0.8701583341377508,0,True
IN.ADM2.00397,sugarcane,26,63.16048412164267,1,True
IN.ADM2.00397,wheat,27,3.056435287152568,1,True
IN.ADM2.00398,arhartur,23,0.7089427387663186,1,True
IN.ADM2.00398,bajra,26,1.9599326367534287,1,True
IN.ADM2.00398,barley,27,2.5583712552326827,1,True
IN.ADM2.00398,cottonlint,1,,0,False
IN.ADM2.00398,gram,3,,0,False
IN.ADM2.00398,groundnut,25,0.868800888380823,1,True
IN.ADM2.00398,jowar,17,1.0896692611740493,1,True
IN.ADM2.00398,maize,27,1.2874095525387272,0,True
IN.ADM2.00398,potato,26,21.516299476516654,1,True
IN.ADM2.00398,ragi,2,,0,False
IN.ADM2.00398,rapeseed_mustard,26,1.0366326131304722,0,True
IN.ADM2.00398,rice,27,2.130005670871961,1,True
IN.ADM2.00398,sesamum,25,0.1931793076755912,3,True
IN.ADM2.00398,soyabean,1,,0,False
IN.ADM2.00398,sugarcane,26,57.751249998858874,2,True
IN.ADM2.00398,wheat,27,2.871267128946597,1,True
IN.ADM2.00399,arhartur,22,0.8888684112490882,1,True
IN.ADM2.00399,bajra,7,0.9669732199664526,1,True
IN.ADM2.00399,barley,27,2.5637346602050672,1,True
IN.ADM2.00399,cottonlint,4,,0,False
IN.ADM2.00399,gram,3,,0,False
IN.ADM2.00399,groundnut,25,1.0558341919013214,1,True
IN.ADM2.00399,jowar,10,1.0303854875283447,0,True
IN.ADM2.00399,maize,26,1.8029188099967288,1,True
IN.ADM2.00399,potato,26,24.559261680521942,2,True
IN.ADM2.00399,rapeseed_mustard,26,1.0728066640079845,1,True
IN.ADM2.00399,rice,27,2.6313909910920237,1,True
IN.ADM2.00399,sesamum,25,0.19022247852049046,1,True
IN.ADM2.00399,soyabean,7,0.7683673469387754,0,True
IN.ADM2.00399,sugarcane,26,67.51488760186452,0,True
IN.ADM2.00399,wheat,27,3.119530736674216,1,True
IN.ADM2.00400,arhartur,23,0.8915756578717698,1,True
IN.ADM2.00400,bajra,27,1.5337017021473718,0,True
IN.ADM2.00400,barley,27,2.505257674504288,1,True
IN.ADM2.00400,cottonlint,7,0.21394557823129248,0,True
IN.ADM2.00400,gram,3,,0,False
IN.ADM2.00400,groundnut,25,0.9195558358734491,2,True
IN.ADM2.00400,jowar,27,0.9831414726116091,0,True
IN.ADM2.00400,maize,27,1.8429094124246144,2,True
IN.ADM2.00400,potato,26,23.38218530110425,1,True
IN.ADM2.00400,ragi,2,,0,False
IN.ADM2.00400,rapeseed_mustard,26,1.2252010906557775,1,True
IN.ADM2.00400,rice,27,2.2347563899374943,3,True
IN.ADM2.00400,sesamum,25,0.15308297142396063,2,True
IN.ADM2.00400,soyabean,9,0.6710090734858537,0,True
IN.ADM2.00400,sugarcane,26,65.56646795988321,1,True
IN.ADM2.00400,wheat,27,3.2597186353963252,1,True
IN.ADM2.00401,arhartur,23,0.8150524207251731,2,True
IN.ADM2.00401,bajra,27,1.6801787167820361,1,True
IN.ADM2.00401,barley,27,3.429226734221572,1,True
IN.ADM2.00401,cottonlint,24,0.10008938506159486,2,True
IN.ADM2.00401,gram,3,,0,False
IN.ADM2.00401,groundnut,18,0.9126831501831502,1,True
IN.ADM2.00401,jowar,27,1.0019132789311835,1,True
IN.ADM2.00401,maize,27,2.1273403827301127,2,True
IN.ADM2.00401,potato,26,23.047722110113117,1,True
IN.ADM2.00401,ragi,1,,0,False
IN.ADM2.00401,rapeseed_mustard,26,1.252379762631273,1,True
IN.ADM2.00401,rice,27,2.4765640478581323,2,True
IN.ADM2.00401,sesamum,23,0.20002101945308806,1,True
IN.ADM2.00401,sugarcane,26,67.70380210875084,0,True
IN.ADM2.00401,wheat,27,3.8562906690768237,1,True
IN.ADM2.00402,arhartur,26,0.7582422239710221,1,True
IN.ADM2.00402,bajra,1,,0,False
IN.ADM2.00402,barley,27,1.161104874376187,1,True
IN.ADM2.00402,gram,3,,0,False
IN.ADM2.00402,groundnut,3,,0,False
IN.ADM2.00402,maize,27,1.3394593879678236,0,True
IN.ADM2.00402,potato,26,12.88958944635746,0,True
IN.ADM2.00402,ragi,26,1.3959421716478209,1,True
IN.ADM2.00402,rapeseed_mustard,26,0.5470563142989333,1,True
IN.ADM2.00402,rice,27,1.3741137933157237,2,True
IN.ADM2.00402,sesamum,25,0.21428887552989273,0,True
IN.ADM2.00402,soyabean,26,0.8219532789763835,1,True
IN.ADM2.00402,sugarcane,9,59.21111111111111,0,True
IN.ADM2.00402,wheat,27,1.3387183772947648,2,True
IN.ADM2.00403,arhartur,26,0.8077377444837276,1,True
IN.ADM2.00403,bajra,1,,0,False
IN.ADM2.00403,barley,27,1.561062336552985,2,True
IN.ADM2.00403,gram,3,,0,False
IN.ADM2.00403,groundnut,26,1.0838206671699593,1,True
IN.ADM2.00403,jowar,1,,0,False
IN.ADM2.00403,maize,27,1.9880526805205188,1,True
IN.ADM2.00403,potato,26,16.12529269532898,0,True
IN.ADM2.00403,ragi,26,1.5967062227983702,1,True
IN.ADM2.00403,rapeseed_mustard,26,0.7495691187446578,1,True
IN.ADM2.00403,rice,27,2.129900134981755,2,True
IN.ADM2.00403,sesamum,25,0.2198879872761871,1,True
IN.ADM2.00403,soyabean,25,0.8405542307933611,2,True
IN.ADM2.00403,sugarcane,26,63.58881658215307,0,True
IN.ADM2.00403,wheat,27,2.135170439932123,1,True
IN.ADM2.00405,arhartur,23,0.9000332267288039,1,True
IN.ADM2.00405,bajra,27,2.1464563403582666,2,True
IN.ADM2.00405,barley,27,3.0290467994619643,2,True
IN.ADM2.00405,cottonlint,18,0.08881509037962251,1,True
IN.ADM2.00405,gram,3,,0,False
IN.ADM2.00405,groundnut,25,0.8712283935206852,1,True
IN.ADM2.00405,jowar,26,0.9516312709034696,0,True
IN.ADM2.00405,maize,27,2.3566523909862664,1,True
IN.ADM2.00405,potato,26,25.036697349692947,2,True
IN.ADM2.00405,rapeseed_mustard,26,1.5324339620119285,0,True
IN.ADM2.00405,rice,27,2.236305597724531,1,True
IN.ADM2.00405,sesamum,25,0.20380570528832478,1,True
IN.ADM2.00405,soyabean,4,,0,False
IN.ADM2.00405,sugarcane,26,59.450336903625846,1,True
IN.ADM2.00405,wheat,27,3.28289495818793,1,True
IN.ADM2.00406,arhartur,23,1.3866549745430516,2,True
IN.ADM2.00406,bajra,27,2.033379110951472,1,True
IN.ADM2.00406,barley,27,2.6611818118297212,1,True
IN.ADM2.00406,cottonlint,1,,0,False
IN.ADM2.00406,gram,3,,0,False
IN.ADM2.00406,groundnut,25,0.902395010184679,1,True
IN.ADM2.00406,jowar,27,1.2562210614478506,1,True
IN.ADM2.00406,maize,27,2.2809014429715373,2,True
IN.ADM2.00406,potato,26,26.03888555262226,2,True
IN.ADM2.00406,rapeseed_mustard,26,1.3868807452321097,1,True
IN.ADM2.00406,rice,27,2.7738342794278967,1,True
IN.ADM2.00406,sesamum,25,0.15748296189900884,2,True
IN.ADM2.00406,soyabean,5,0.9,0,True
IN.ADM2.00406,sugarcane,23,55.94473750082683,1,True
IN.ADM2.00406,wheat,27,3.4054014282016647,1,True
IN.ADM2.00408,arhartur,23,1.123215767154709,2,True
IN.ADM2.00408,bajra,27,1.577765299865723,3,True
IN.ADM2.00408,barley,27,2.64173777815694,1,True
IN.ADM2.00408,cottonlint,1,,0,False
IN.ADM2.00408,gram,3,,0,False
IN.ADM2.00408,groundnut,25,0.9027748661266298,1,True
IN.ADM2.00408,jowar,27,1.2067656391479529,2,True
IN.ADM2.00408,maize,27,2.254652976083839,1,True
IN.ADM2.00408,potato,26,25.96415464001381,0,True
IN.ADM2.00408,rapeseed_mustard,26,1.2978940664341077,2,True
IN.ADM2.00408,rice,27,2.5599743693135846,1,True
IN.ADM2.00408,sesamum,25,0.1681973655451635,1,True
IN.ADM2.00408,soyabean,2,,0,False
IN.ADM2.00408,sugarcane,26,58.9064703138068,2,True
IN.ADM2.00408,wheat,27,3.546435852954692,1,True
IN.ADM2.00409,arhartur,23,1.2467965397135266,0,True
IN.ADM2.00409,bajra,27,1.0611012736239815,1,True
IN.ADM2.00409,barley,27,1.9231079988515807,0,True
IN.ADM2.00409,gram,3,,0,False
IN.ADM2.00409,groundnut,24,0.8566642752759233,0,True
IN.ADM2.00409,jowar,27,1.2990322002220376,2,True
IN.ADM2.00409,maize,27,1.6605606292670572,2,True
IN.ADM2.00409,potato,26,20.76726220969921,1,True
IN.ADM2.00409,ragi,4,,0,False
IN.ADM2.00409,rapeseed_mustard,26,0.8867531611930338,2,True
IN.ADM2.00409,rice,27,2.239370842508185,1,True
IN.ADM2.00409,sesamum,25,0.21276343167860617,0,True
IN.ADM2.00409,soyabean,7,0.7142857142857143,0,True
IN.ADM2.00409,sugarcane,23,54.14656589675946,0,True
IN.ADM2.00409,wheat,27,2.9589488378475304,2,True
IN.ADM2.00410,arhartur,23,0.9776878379060829,2,True
IN.ADM2.00410,bajra,27,2.004337127799638,2,True
IN.ADM2.00410,barley,27,3.097405038466661,1,True
IN.ADM2.00410,cottonlint,20,0.11343206678587114,1,True
IN.ADM2.00410,gram,3,,0,False
IN.ADM2.00410,groundnut,25,1.305733601673241,0,True
IN.ADM2.00410,jowar,27,1.0068462857968905,1,True
IN.ADM2.00410,maize,27,2.3975969043589886,1,True
IN.ADM2.00410,potato,26,27.48311130245258,0,True
IN.ADM2.00410,ragi,1,,0,False
IN.ADM2.00410,rapeseed_mustard,26,1.4791721899311543,3,True
IN.ADM2.00410,rice,27,2.5390183134900357,0,True
IN.ADM2.00410,sesamum,25,0.16674309862817693,2,True
IN.ADM2.00410,soyabean,2,,0,False
IN.ADM2.00410,sugarcane,23,49.04400126146963,2,True
IN.ADM2.00410,wheat,27,3.3367209661678605,1,True
IN.ADM2.00412,arhartur,23,1.0579161292470913,1,True
IN.ADM2.00412,bajra,27,1.2712792963866422,1,True
IN.ADM2.00412,barley,27,1.9574361454548586,2,True
IN.ADM2.00412,gram,3,,0,False
IN.ADM2.00412,groundnut,22,0.8357857624713471,0,True
IN.ADM2.00412,jowar,27,1.3863214621402435,1,True
IN.ADM2.00412,maize,27,1.5572867436207387,2,True
IN.ADM2.00412,potato,26,21.563231796421274,1,True
IN.ADM2.00412,ragi,2,,0,False
IN.ADM2.00412,rapeseed_mustard,26,0.9931730168114311,2,True
IN.ADM2.00412,rice,27,2.241529448693462,2,True
IN.ADM2.00412,sesamum,24,0.19289133454718924,2,True
IN.ADM2.00412,sugarcane,26,48.044961740526716,1,True
IN.ADM2.00412,wheat,27,2.6571573038302265,1,True
IN.ADM2.00413,arhartur,23,0.5775464927458553,0,True
IN.ADM2.00413,bajra,14,1.6446664305244436,0,True
IN.ADM2.00413,barley,27,2.4661527012357953,1,True
IN.ADM2.00413,gram,3,,0,False
IN.ADM2.00413,groundnut,25,0.9067133042445988,1,True
IN.ADM2.00413,jowar,24,1.1521589519202706,2,True
IN.ADM2.00413,maize,27,1.0871088347131068,2,True
IN.ADM2.00413,potato,26,23.169791001980833,2,True
IN.ADM2.00413,ragi,2,,0,False
IN.ADM2.00413,rapeseed_mustard,26,0.7863787209480856,2,True
IN.ADM2.00413,rice,27,2.1131864296627874,1,True
IN.ADM2.00413,sesamum,25,0.19401765530003032,2,True
IN.ADM2.00413,soyabean,4,,0,False
IN.ADM2.00413,sugarcane,26,55.8544630581551,1,True
IN.ADM2.00413,wheat,27,2.8079089856153923,2,True
IN.ADM2.00414,arhartur,23,0.6636305362149957,1,True
IN.ADM2.00414,bajra,27,1.8315516916784313,1,True
IN.ADM2.00414,barley,27,2.4574687818659586,1,True
IN.ADM2.00414,gram,3,,0,False
IN.ADM2.00414,groundnut,25,0.9955758707565454,2,True
IN.ADM2.00414,jowar,16,1.1674331811850112,0,True
IN.ADM2.00414,maize,27,1.1288493342132742,2,True
IN.ADM2.00414,potato,26,19.573358298805704,0,True
IN.ADM2.00414,ragi,3,,0,False
IN.ADM2.00414,rapeseed_mustard,26,0.8118489916473194,2,True
IN.ADM2.00414,rice,27,2.0338172410916564,1,True
IN.ADM2.00414,sesamum,25,0.19217391534648626,2,True
IN.ADM2.00414,soyabean,1,,0,False
IN.ADM2.00414,sugarcane,26,58.1544388040538,0,True
IN.ADM2.00414,wheat,27,2.9149113688723083,2,True
IN.ADM2.00416,arhartur,23,0.8303867967890313,2,True
IN.ADM2.00416,bajra,27,1.1984290725637885,2,True
IN.ADM2.00416,barley,27,2.037785545610973,2,True
IN.ADM2.00416,cottonlint,4,,0,False
IN.ADM2.00416,gram,3,,0,False
IN.ADM2.00416,groundnut,25,0.9128947186405523,1,True
IN.ADM2.00416,jowar,27,1.107911236766732,1,True
IN.ADM2.00416,maize,27,1.72776389252104,1,True
IN.ADM2.00416,potato,26,19.091776498048635,3,True
IN.ADM2.00416,ragi,1,,0,False
IN.ADM2.00416,rapeseed_mustard,26,0.9084174408807981,1,True
IN.ADM2.00416,rice,27,2.2580084802962923,1,True
IN.ADM2.00416,sesamum,25,0.3438581082112306,0,True
IN.ADM2.00416,soyabean,14,0.7246283990727341,0,True
IN.ADM2.00416,sugarcane,26,59.60820514839528,0,True
IN.ADM2.00416,wheat,27,3.144145876555056,1,True
IN.ADM2.00417,arhartur,16,0.8123762393375429,1,True
IN.ADM2.00417,bajra,10,1.166948629251261,0,True
IN.ADM2.00417,barley,26,1.5486691610516097,1,True
IN.ADM2.00417,cottonlint,2,,0,False
IN.ADM2.00417,gram,2,,0,False
IN.ADM2.00417,groundnut,26,1.162044918834942,0,True
IN.ADM2.00417,jowar,4,,0,False
IN.ADM2.00417,maize,27,1.9582954967369663,2,True
IN.ADM2.00417,potato,26,18.335902909311397,2,True
IN.ADM2.00417,rapeseed_mustard,26,0.850468520560162,1,True
IN.ADM2.00417,rice,27,2.1769706519754433,1,True
IN.ADM2.00417,sesamum,25,0.24544846991695862,2,True
IN.ADM2.00417,soyabean,6,0.8222222222222223,0,True
IN.ADM2.00417,sugarcane,24,65.44283340524208,1,True
IN.ADM2.00417,wheat,27,2.84251501038209,2,True
IN.ADM2.00418,arhartur,23,1.197929385422498,1,True
IN.ADM2.00418,bajra,27,1.1901647683139709,0,True
IN.ADM2.00418,barley,27,2.2169005468367735,1,True
IN.ADM2.00418,cottonlint,1,,0,False
IN.ADM2.00418,gram,3,,0,False
IN.ADM2.00418,groundnut,25,0.8458762132295492,1,True
IN.ADM2.00418,jowar,27,1.2730360589970902,1,True
IN.ADM2.00418,maize,25,1.3352779862786017,1,True
IN.ADM2.00418,potato,26,22.719516057027622,1,True
IN.ADM2.00418,ragi,1,,0,False
IN.ADM2.00418,rapeseed_mustard,26,0.7979868443209088,2,True
IN.ADM2.00418,rice,27,1.2916958832411463,2,True
IN.ADM2.00418,sesamum,25,0.19893909584325076,1,True
IN.ADM2.00418,soyabean,25,0.715950789504844,1,True
IN.ADM2.00418,sugarcane,23,39.55254349608595,3,True
IN.ADM2.00418,wheat,27,3.0572024456575644,3,True
IN.ADM2.00419,arhartur,23,1.0890713581809162,2,True
IN.ADM2.00419,bajra,27,1.1781202425448623,1,True
IN.ADM2.00419,barley,27,1.9379989699947615,2,True
IN.ADM2.00419,cottonlint,2,,0,False
IN.ADM2.00419,gram,3,,0,False
IN.ADM2.00419,groundnut,4,,0,False
IN.ADM2.00419,jowar,27,1.2883691212484143,1,True
IN.ADM2.00419,maize,27,1.6156405094656965,1,True
IN.ADM2.00419,potato,26,19.05651520709611,2,True
IN.ADM2.00419,ragi,2,,0,False
IN.ADM2.00419,rapeseed_mustard,26,0.9933154468759071,2,True
IN.ADM2.00419,rice,27,2.220879980593276,2,True
IN.ADM2.00419,sesamum,25,0.1921954018326429,2,True
IN.ADM2.00419,soyabean,1,,0,False
IN.ADM2.00419,sugarcane,26,54.81578084461293,2,True
IN.ADM2.00419,wheat,27,2.9065393088531404,1,True
IN.ADM2.00420,arhartur,23,0.8444461407150826,0,True
IN.ADM2.00420,bajra,27,1.1454007282249394,0,True
IN.ADM2.00420,barley,27,1.9605933015936725,1,True
IN.ADM2.00420,cottonlint,1,,0,False
IN.ADM2.00420,gram,3,,0,False
IN.ADM2.00420,groundnut,25,0.8761205459965025,0,True
IN.ADM2.00420,jowar,27,0.9517059493282024,2,True
IN.ADM2.00420,maize,27,0.785705970993809,2,True
IN.ADM2.00420,potato,26,22.73307235657114,1,True
IN.ADM2.00420,ragi,1,,0,False
IN.ADM2.00420,rapeseed_mustard,26,0.7112176327754445,2,True
IN.ADM2.00420,rice,27,1.5672178314609622,1,True
IN.ADM2.00420,sesamum,25,0.18770558048506353,1,True
IN.ADM2.00420,soyabean,26,0.7617116036367084,1,True
IN.ADM2.00420,sugarcane,23,39.55419457709611,3,True
IN.ADM2.00420,wheat,27,2.5874032220025067,2,True
IN.ADM2.00421,arhartur,20,1.5864853874431175,2,True
IN.ADM2.00421,bajra,23,1.9714147617952695,1,True
IN.ADM2.00421,barley,24,2.697426682762135,1,True
IN.ADM2.00421,cottonlint,1,,0,False
IN.ADM2.00421,gram,3,,0,False
IN.ADM2.00421,groundnut,12,0.826528856492092,0,True
IN.ADM2.00421,jowar,23,1.2944013165521469,1,True
IN.ADM2.00421,maize,24,1.824890363028035,2,True
IN.ADM2.00421,potato,22,25.643066366653592,1,True
IN.ADM2.00421,rapeseed_mustard,22,1.327903739692419,1,True
IN.ADM2.00421,rice,23,2.692128127833688,1,True
IN.ADM2.00421,sesamum,22,0.15206887714381875,2,True
IN.ADM2.00421,soyabean,19,0.7957552956362729,1,True
IN.ADM2.00421,sugarcane,21,54.9890281527645,1,True
IN.ADM2.00421,wheat,23,3.6304464029590298,1,True
IN.ADM2.00422,arhartur,23,1.8105389712251974,1,True
IN.ADM2.00422,bajra,27,1.672036775172404,2,True
IN.ADM2.00422,barley,27,2.2363119815358994,1,True
IN.ADM2.00422,cottonlint,6,0.18629853479853478,0,True
IN.ADM2.00422,gram,3,,0,False
IN.ADM2.00422,groundnut,25,0.9029684245177593,1,True
IN.ADM2.00422,jowar,27,1.3595417484037517,2,True
IN.ADM2.00422,maize,27,1.8963160237183654,2,True
IN.ADM2.00422,potato,26,23.014779730328602,1,True
IN.ADM2.00422,rapeseed_mustard,26,1.0867085889131636,1,True
IN.ADM2.00422,rice,27,2.4114234184565397,1,True
IN.ADM2.00422,sesamum,25,0.15449841896076735,0,True
IN.ADM2.00422,soyabean,14,0.7649409567902395,0,True
IN.ADM2.00422,sugarcane,24,49.79087800665474,1,True
IN.ADM2.00422,wheat,27,3.264678561550783,2,True
IN.ADM2.00423,arhartur,23,0.775276763694186,2,True
IN.ADM2.00423,bajra,27,1.069397689427242,1,True
IN.ADM2.00423,barley,26,2.0283894299487466,2,True
IN.ADM2.00423,gram,3,,0,False
IN.ADM2.00423,groundnut,25,0.8060191853661091,2,True
IN.ADM2.00423,jowar,27,0.9885639342279302,3,True
IN.ADM2.00423,maize,27,1.2346874168904862,1,True
IN.ADM2.00423,potato,26,19.542125657600913,1,True
IN.ADM2.00423,rapeseed_mustard,26,0.7908852091466382,1,True
IN.ADM2.00423,rice,27,2.556005898194218,1,True
IN.ADM2.00423,sesamum,25,0.19633297812127792,1,True
IN.ADM2.00423,soyabean,5,0.6723809523809523,0,True
IN.ADM2.00423,sugarcane,26,64.21174480859284,0,True
IN.ADM2.00423,wheat,27,3.3123378351666,1,True
IN.ADM2.00424,arhartur,16,0.8377427437323306,0,True
IN.ADM2.00424,bajra,6,0.9487861811391222,0,True
IN.ADM2.00424,barley,27,2.031299097369334,1,True
IN.ADM2.00424,gram,3,,0,False
IN.ADM2.00424,groundnut,25,0.7753155413447493,2,True
IN.ADM2.00424,jowar,26,1.0416046201486255,2,True
IN.ADM2.00424,maize,27,1.069223101439932,2,True
IN.ADM2.00424,potato,26,22.58084668489524,1,True
IN.ADM2.00424,rapeseed_mustard,26,0.6443996212631932,0,True
IN.ADM2.00424,rice,27,0.7984522578168693,2,True
IN.ADM2.00424,sesamum,25,0.14987161643448915,3,True
IN.ADM2.00424,soyabean,26,0.7670088455632057,2,True
IN.ADM2.00424,sugarcane,23,39.55264152951219,3,True
IN.ADM2.00424,wheat,27,2.386223057621871,1,True
IN.ADM2.00425,arhartur,23,0.7910887261826767,2,True
IN.ADM2.00425,bajra,27,1.1473990142077226,2,True
IN.ADM2.00425,barley,27,2.023893690137353,2,True
IN.ADM2.00425,cottonlint,1,,0,False
IN.ADM2.00425,gram,3,,0,False
IN.ADM2.00425,groundnut,23,0.9015081516438532,2,True
IN.ADM2.00425,jowar,27,0.9640514443131613,1,True
IN.ADM2.00425,maize,27,1.248152912670597,2,True
IN.ADM2.00425,potato,26,18.731584373941363,0,True
IN.ADM2.00425,ragi,2,,0,False
IN.ADM2.00425,rapeseed_mustard,26,0.783927476979772,2,True
IN.ADM2.00425,rice,27,2.077021112080797,1,True
IN.ADM2.00425,sesamum,25,0.26204165131780344,2,True
IN.ADM2.00425,soyabean,5,0.7,0,True
IN.ADM2.00425,sugarcane,23,58.93410154056482,0,True
IN.ADM2.00425,wheat,27,2.749422956501051,2,True
IN.ADM2.00426,arhartur,23,0.6414516570638077,1,True
IN.ADM2.00426,bajra,13,1.6479171861298327,1,True
IN.ADM2.00426,barley,26,2.42201283963749,1,True
IN.ADM2.00426,gram,3,,0,False
IN.ADM2.00426,groundnut,25,0.994594183349429,2,True
IN.ADM2.00426,jowar,4,,0,False
IN.ADM2.00426,maize,27,1.7791971931576018,0,True
IN.ADM2.00426,potato,26,19.1253740852256,1,True
IN.ADM2.00426,ragi,3,,0,False
IN.ADM2.00426,rapeseed_mustard,26,0.7351476450503232,0,True
IN.ADM2.00426,rice,27,2.4880267872968402,1,True
IN.ADM2.00426,sesamum,24,0.19926708224034204,1,True
IN.ADM2.00426,soyabean,1,,0,False
IN.ADM2.00426,sugarcane,26,58.85912169431076,1,True
IN.ADM2.00426,wheat,27,3.0194583988082426,2,True
IN.ADM2.00427,arhartur,23,1.0008219500907913,1,True
IN.ADM2.00427,bajra,27,2.05614615649778,2,True
IN.ADM2.00427,barley,27,3.1266377919962873,2,True
IN.ADM2.00427,gram,3,,0,False
IN.ADM2.00427,groundnut,25,1.2841462796392549,0,True
IN.ADM2.00427,jowar,26,1.0016446911246948,1,True
IN.ADM2.00427,maize,27,2.4514412894001363,1,True
IN.ADM2.00427,potato,26,25.89209708529158,1,True
IN.ADM2.00427,rapeseed_mustard,26,1.4969077504447341,1,True
IN.ADM2.00427,rice,27,2.4610624665282668,2,True
IN.ADM2.00427,sesamum,25,0.1656283160005913,2,True
IN.ADM2.00427,sugarcane,23,51.91478090182479,1,True
IN.ADM2.00427,wheat,27,3.4685825118824987,1,True
IN.ADM2.00429,arhartur,23,0.9391086867724416,1,True
IN.ADM2.00429,bajra,27,1.6542200637236064,2,True
IN.ADM2.00429,barley,27,2.178885505623006,2,True
IN.ADM2.00429,gram,3,,0,False
IN.ADM2.00429,groundnut,25,0.8675822211837628,1,True
IN.ADM2.00429,jowar,25,1.2701977779924345,2,True
IN.ADM2.00429,maize,27,1.5118354240547351,1,True
IN.ADM2.00429,potato,26,21.188751717173567,1,True
IN.ADM2.00429,ragi,3,,0,False
IN.ADM2.00429,rapeseed_mustard,26,1.1052380047280925,1,True
IN.ADM2.00429,rice,27,1.9999926315092833,2,True
IN.ADM2.00429,sesamum,24,0.19706895600052202,1,True
IN.ADM2.00429,soyabean,2,,0,False
IN.ADM2.00429,sugarcane,26,49.16409237111865,1,True
IN.ADM2.00429,wheat,27,2.832517406432303,1,True
IN.ADM2.00430,arhartur,23,0.847062241118637,1,True
IN.ADM2.00430,bajra,27,1.6470690721788788,2,True
IN.ADM2.00430,barley,27,3.335324414450815,1,True
IN.ADM2.00430,cottonlint,24,0.09961648536947727,2,True
IN.ADM2.00430,gram,3,,0,False
IN.ADM2.00430,groundnut,3,,0,False
IN.ADM2.00430,jowar,21,0.8829339995194261,1,True
IN.ADM2.00430,maize,27,1.9326674142931262,2,True
IN.ADM2.00430,potato,26,24.576694633058935,0,True
IN.ADM2.00430,ragi,1,,0,False
IN.ADM2.00430,rapeseed_mustard,26,1.2305783443009792,1,True
IN.ADM2.00430,rice,27,2.58084383405779,1,True
IN.ADM2.00430,sesamum,11,0.1736914600550964,1,True
IN.ADM2.00430,sugarcane,26,73.30149108393772,1,True
IN.ADM2.00430,wheat,27,3.9634398348733817,1,True
IN.ADM2.00431,arhartur,23,0.9306939806986171,1,True
IN.ADM2.00431,bajra,27,1.2508645937684393,2,True
IN.ADM2.00431,barley,27,1.56449859844136,0,True
IN.ADM2.00431,gram,3,,0,False
IN.ADM2.00431,groundnut,25,1.2706984723276533,2,True
IN.ADM2.00431,jowar,27,1.1377973711685685,1,True
IN.ADM2.00431,maize,27,1.0524372952260455,1,True
IN.ADM2.00431,potato,26,23.951180717695106,1,True
IN.ADM2.00431,ragi,3,,0,False
IN.ADM2.00431,rapeseed_mustard,26,0.6317556878325805,2,True
IN.ADM2.00431,rice,27,2.251170689727909,1,True
IN.ADM2.00431,sesamum,25,0.1272489115089887,3,True
IN.ADM2.00431,soyabean,3,,0,False
IN.ADM2.00431,sugarcane,23,57.006867091621636,1,True
IN.ADM2.00431,wheat,27,2.330269207963223,2,True
IN.ADM2.00433,arhartur,22,0.7746583025993389,2,True
IN.ADM2.00433,bajra,6,1.425332383665717,0,True
IN.ADM2.00433,barley,27,2.5482535653471903,1,True
IN.ADM2.00433,cottonlint,22,0.0870042376871571,1,True
IN.ADM2.00433,gram,3,,0,False
IN.ADM2.00433,groundnut,14,0.9838618073140547,1,True
IN.ADM2.00433,jowar,6,0.85,0,True
IN.ADM2.00433,maize,27,1.5820380587393286,2,True
IN.ADM2.00433,potato,26,21.350215451316544,3,True
IN.ADM2.00433,ragi,1,,0,False
IN.ADM2.00433,rapeseed_mustard,26,1.1093178869961429,1,True
IN.ADM2.00433,rice,27,2.5666401842547457,2,True
IN.ADM2.00433,sesamum,19,0.2230004857099245,1,True
IN.ADM2.00433,soyabean,5,0.768888888888889,0,True
IN.ADM2.00433,sugarcane,26,74.17726511483119,2,True
IN.ADM2.00433,wheat,27,3.694787795656749,1,True
IN.ADM2.00436,arhartur,21,0.8968839303536524,1,True
IN.ADM2.00436,bajra,14,1.795320375500788,1,True
IN.ADM2.00436,barley,25,2.453101570280994,1,True
IN.ADM2.00436,cottonlint,1,,0,False
IN.ADM2.00436,gram,3,,0,False
IN.ADM2.00436,groundnut,24,0.9464293239533855,1,True
IN.ADM2.00436,jowar,13,0.8081736412311226,0,True
IN.ADM2.00436,maize,27,1.8633250710999023,2,True
IN.ADM2.00436,potato,26,22.076614394357843,1,True
IN.ADM2.00436,ragi,1,,0,False
IN.ADM2.00436,rapeseed_mustard,26,0.7975340622172803,3,True
IN.ADM2.00436,rice,27,2.8428159962165944,1,True
IN.ADM2.00436,sesamum,25,0.1338469761885569,1,True
IN.ADM2.00436,soyabean,18,0.9140158225804002,2,True
IN.ADM2.00436,sugarcane,26,65.38088476893724,1,True
IN.ADM2.00436,wheat,27,3.5874447666087486,1,True
IN.ADM2.00437,arhartur,22,0.5692802123682186,1,True
IN.ADM2.00437,bajra,1,,0,False
IN.ADM2.00437,barley,27,1.3415479066795566,2,True
IN.ADM2.00437,gram,3,,0,False
IN.ADM2.00437,groundnut,19,1.0949351512722116,0,True
IN.ADM2.00437,maize,27,1.3544904966615574,0,True
IN.ADM2.00437,potato,26,13.044905401273612,1,True
IN.ADM2.00437,ragi,26,1.5218397059541702,2,True
IN.ADM2.00437,rapeseed_mustard,26,0.6725585173688878,1,True
IN.ADM2.00437,rice,27,1.2864519750359287,1,True
IN.ADM2.00437,sesamum,25,0.21109059172337483,0,True
IN.ADM2.00437,soyabean,26,1.1361138709283132,2,True
IN.ADM2.00437,sugarcane,21,64.45771197367836,1,True
IN.ADM2.00437,wheat,27,1.5014207473652643,2,True
IN.ADM2.00438,arhartur,23,1.084591570037019,1,True
IN.ADM2.00438,bajra,27,0.9505105591608983,1,True
IN.ADM2.00438,barley,27,1.994641702117113,1,True
IN.ADM2.00438,gram,3,,0,False
IN.ADM2.00438,groundnut,13,0.9096896968111634,0,True
IN.ADM2.00438,jowar,27,1.1530615233327104,1,True
IN.ADM2.00438,maize,27,1.6464560248912317,1,True
IN.ADM2.00438,potato,26,18.89015733458312,2,True
IN.ADM2.00438,ragi,4,,0,False
IN.ADM2.00438,rapeseed_mustard,26,0.8826917568414621,2,True
IN.ADM2.00438,rice,27,2.149055117592273,1,True
IN.ADM2.00438,sesamum,25,0.2098922202120289,1,True
IN.ADM2.00438,sugarcane,23,52.125753928005146,2,True
IN.ADM2.00438,wheat,27,2.6310866625174976,1,True
IN.ADM2.00439,arhartur,23,1.0252485762667853,2,True
IN.ADM2.00439,bajra,27,1.2059317400216898,0,True
IN.ADM2.00439,barley,27,2.1603576139284852,2,True
IN.ADM2.00439,gram,3,,0,False
IN.ADM2.00439,groundnut,25,0.7780474344130277,1,True
IN.ADM2.00439,jowar,27,0.9308640956489724,2,True
IN.ADM2.00439,maize,27,1.3364725491013392,1,True
IN.ADM2.00439,potato,26,18.78408467272701,0,True
IN.ADM2.00439,ragi,4,,0,False
IN.ADM2.00439,rapeseed_mustard,26,0.7672575167840118,1,True
IN.ADM2.00439,rice,27,2.2874587823889305,2,True
IN.ADM2.00439,sesamum,25,0.24582164477797078,2,True
IN.ADM2.00439,soyabean,1,,0,False
IN.ADM2.00439,sugarcane,26,52.46557076704245,1,True
IN.ADM2.00439,wheat,27,2.797255417772833,2,True
IN.ADM2.00440,arhartur,19,0.9504537036233187,1,True
IN.ADM2.00440,bajra,27,1.067857432041824,2,True
IN.ADM2.00440,barley,17,2.4433478651911473,0,True
IN.ADM2.00440,cottonlint,1,,0,False
IN.ADM2.00440,gram,3,,0,False
IN.ADM2.00440,groundnut,22,1.0598902071823206,1,True
IN.ADM2.00440,jowar,27,1.0092835236924513,2,True
IN.ADM2.00440,maize,27,1.7652947733368294,1,True
IN.ADM2.00440,potato,26,24.56059367032754,2,True
IN.ADM2.00440,rapeseed_mustard,26,1.0949855692927766,1,True
IN.ADM2.00440,rice,27,2.3616160182724464,2,True
IN.ADM2.00440,sesamum,25,0.20041599395291088,1,True
IN.ADM2.00440,soyabean,19,0.7924503772800986,2,True
IN.ADM2.00440,sugarcane,26,64.36022765786126,0,True
IN.ADM2.00440,wheat,27,3.522605855792218,1,True
IN.ADM2.00441,arhartur,12,0.7833759688379254,1,True
IN.ADM2.00441,bajra,20,1.7148476543871278,1,True
IN.ADM2.00441,barley,26,2.5746419048597438,2,True
IN.ADM2.00441,cottonlint,18,0.08149001659588066,0,True
IN.ADM2.00441,gram,3,,0,False
IN.ADM2.00441,groundnut,25,1.0113106344422598,0,True
IN.ADM2.00441,maize,27,1.529043264430853,2,True
IN.ADM2.00441,potato,26,21.293210734417123,3,True
IN.ADM2.00441,rapeseed_mustard,26,1.1059230894409462,1,True
IN.ADM2.00441,rice,27,2.4180465731447414,1,True
IN.ADM2.00441,sesamum,25,0.19719553372669996,1,True
IN.ADM2.00441,soyabean,1,,0,False
IN.ADM2.00441,sugarcane,26,66.1681600461686,0,True
IN.ADM2.00441,wheat,27,3.2728037831700543,1,True
IN.ADM2.00442,arhartur,23,0.9026336974394215,1,True
IN.ADM2.00442,bajra,27,1.2383430621756963,2,True
IN.ADM2.00442,barley,27,2.4957344128852124,1,True
IN.ADM2.00442,cottonlint,2,,0,False
IN.ADM2.00442,gram,3,,0,False
IN.ADM2.00442,groundnut,25,0.9032512209283736,1,True
IN.ADM2.00442,jowar,27,0.9579374280157671,3,True
IN.ADM2.00442,maize,27,1.5962578741115763,1,True
IN.ADM2.00442,potato,26,22.70304609088611,2,True
IN.ADM2.00442,rapeseed_mustard,26,0.937237177052478,2,True
IN.ADM2.00442,rice,27,2.6939355958245517,3,True
IN.ADM2.00442,sesamum,25,0.12180580563219222,2,True
IN.ADM2.00442,soyabean,22,0.8120768273210494,1,True
IN.ADM2.00442,sugarcane,26,63.32414051515356,1,True
IN.ADM2.00442,wheat,27,3.618570610794463,1,True
IN.ADM2.00443,arhartur,23,0.6963521978094072,2,True
IN.ADM2.00443,bajra,10,1.8330209982543741,0,True
IN.ADM2.00443,barley,27,2.554540732868414,1,True
IN.ADM2.00443,gram,3,,0,False
IN.ADM2.00443,groundnut,25,0.8686180648208603,1,True
IN.ADM2.00443,jowar,11,1.1362824592448746,0,True
IN.ADM2.00443,maize,27,1.3279712742186907,0,True
IN.ADM2.00443,potato,26,21.493568679161847,1,True
IN.ADM2.00443,ragi,4,,0,False
IN.ADM2.00443,rapeseed_mustard,26,1.0354539457664274,1,True
IN.ADM2.00443,rice,27,2.158185492290103,2,True
IN.ADM2.00443,sesamum,6,0.18285834535834533,0,True
IN.ADM2.00443,soyabean,1,,0,False
IN.ADM2.00443,sugarcane,26,57.61689123890737,2,True
IN.ADM2.00443,wheat,27,3.0735359510625666,1,True
IN.ADM2.00444,arhartur,23,1.0884968377548347,1,True
IN.ADM2.00444,bajra,27,0.8828562766093577,1,True
IN.ADM2.00444,barley,27,2.043298629994126,2,True
IN.ADM2.00444,cottonlint,7,0.08537299346616113,0,True
IN.ADM2.00444,gram,3,,0,False
IN.ADM2.00444,groundnut,25,0.8249418795484147,2,True
IN.ADM2.00444,jowar,27,1.0331362168298612,1,True
IN.ADM2.00444,maize,27,0.9132589427983857,1,True
IN.ADM2.00444,potato,26,19.833324494905835,1,True
IN.ADM2.00444,ragi,3,,0,False
IN.ADM2.00444,rapeseed_mustard,26,0.7720865785262215,2,True
IN.ADM2.00444,rice,27,2.110690909524887,1,True
IN.ADM2.00444,sesamum,25,0.2449612925855686,1,True
IN.ADM2.00444,soyabean,8,0.6253357753357753,0,True
IN.ADM2.00444,sugarcane,26,60.7856271980193,2,True
IN.ADM2.00444,wheat,27,2.866795743821998,2,True
IN.ADM2.00445,arhartur,23,0.8042096303798264,1,True
IN.ADM2.00445,bajra,26,1.2914663082789644,1,True
IN.ADM2.00445,barley,27,1.4166320987025547,0,True
IN.ADM2.00445,gram,3,,0,False
IN.ADM2.00445,groundnut,25,1.256764807825512,2,True
IN.ADM2.00445,jowar,27,1.1625203373138606,1,True
IN.ADM2.00445,maize,27,0.9435148394933371,1,True
IN.ADM2.00445,potato,26,23.880637505045573,1,True
IN.ADM2.00445,ragi,4,,0,False
IN.ADM2.00445,rapeseed_mustard,26,0.5402575919592235,1,True
IN.ADM2.00445,rice,27,1.9386701875628678,1,True
IN.ADM2.00445,sesamum,25,0.16772953822288678,0,True
IN.ADM2.00445,sugarcane,23,54.910183712099524,1,True
IN.ADM2.00445,wheat,27,1.8617691180561209,2,True
IN.ADM2.00448,arhartur,23,1.0073875733748194,2,True
IN.ADM2.00448,bajra,27,1.1388573316747574,1,True
IN.ADM2.00448,barley,27,2.0311322856666605,2,True
IN.ADM2.00448,gram,3,,0,False
IN.ADM2.00448,groundnut,25,0.8261500331736142,2,True
IN.ADM2.00448,jowar,27,0.9771070948902689,0,True
IN.ADM2.00448,maize,27,1.4757755934608492,2,True
IN.ADM2.00448,potato,26,21.425435062411662,2,True
IN.ADM2.00448,ragi,3,,0,False
IN.ADM2.00448,rapeseed_mustard,26,0.8867366879911062,1,True
IN.ADM2.00448,rice,27,1.8484517216056782,1,True
IN.ADM2.00448,sesamum,25,0.18399971488854125,2,True
IN.ADM2.00448,soyabean,6,0.7084986772486772,0,True
IN.ADM2.00448,sugarcane,23,56.83827228694357,1,True
IN.ADM2.00448,wheat,27,2.822812831532633,3,True
IN.ADM2.00449,arhartur,26,0.7741213902209699,2,True
IN.ADM2.00449,barley,27,1.3590516372687946,2,True
IN.ADM2.00449,gram,3,,0,False
IN.ADM2.00449,maize,27,1.5893480631923338,0,True
IN.ADM2.00449,potato,26,12.41815504020376,0,True
IN.ADM2.00449,ragi,26,1.6409263069036573,1,True
IN.ADM2.00449,rapeseed_mustard,26,0.5534535556015003,1,True
IN.ADM2.00449,rice,27,1.6357648204005668,1,True
IN.ADM2.00449,sesamum,25,0.24366372982761775,1,True
IN.ADM2.00449,soyabean,26,0.916567942773203,1,True
IN.ADM2.00449,sugarcane,1,,0,False
IN.ADM2.00449,wheat,27,1.5762986132866175,1,True
IN.ADM2.00451,arhartur,20,0.8933358782386897,0,True
IN.ADM2.00451,bajra,12,0.7139372193504011,0,True
IN.ADM2.00451,barley,1,,0,False
IN.ADM2.00451,cottonlint,4,,0,False
IN.ADM2.00451,gram,3,,0,False
IN.ADM2.00451,groundnut,26,1.4223244820917398,1,True
IN.ADM2.00451,jowar,8,1.1237476640641813,1,True
IN.ADM2.00451,maize,27,2.3198683328493974,0,True
IN.ADM2.00451,potato,26,26.483568539685514,1,True
IN.ADM2.00451,ragi,3,,0,False
IN.ADM2.00451,rapeseed_mustard,26,0.7828742289402058,2,True
IN.ADM2.00451,rice,27,2.7508520266017116,1,True
IN.ADM2.00451,sesamum,26,0.715493681440864,2,True
IN.ADM2.00451,soyabean,12,0.46109318395072685,0,True
IN.ADM2.00451,sugarcane,26,91.46419822279003,2,True
IN.ADM2.00451,wheat,27,2.205963745583752,2,True
IN.ADM2.00452,arhartur,23,1.077307207723849,1,True
IN.ADM2.00452,bajra,4,,0,False
IN.ADM2.00452,barley,6,1.0009254280493696,0,True
IN.ADM2.00452,cottonlint,5,0.29805473684210526,0,True
IN.ADM2.00452,gram,3,,0,False
IN.ADM2.00452,groundnut,26,1.9250330702283789,3,True
IN.ADM2.00452,jowar,1,,0,False
IN.ADM2.00452,maize,27,2.3318564235497243,2,True
IN.ADM2.00452,potato,26,27.019133444394942,2,True
IN.ADM2.00452,rapeseed_mustard,26,0.9308480820827782,2,True
IN.ADM2.00452,rice,27,3.0952286800560143,1,True
IN.ADM2.00452,sesamum,26,0.8073533724600672,2,True
IN.ADM2.00452,soyabean,20,0.7626843711843712,1,True
IN.ADM2.00452,sugarcane,26,68.08082778002813,3,True
IN.ADM2.00452,wheat,27,2.51068793472437,1,True
IN.ADM2.00453,arhartur,23,0.9750787436109831,1,True
IN.ADM2.00453,bajra,2,,0,False
IN.ADM2.00453,barley,23,1.3195714970832042,2,True
IN.ADM2.00453,cottonlint,2,,0,False
IN.ADM2.00453,gram,3,,0,False
IN.ADM2.00453,groundnut,26,1.207298240538479,2,True
IN.ADM2.00453,jowar,6,0.6502302327464304,0,True
IN.ADM2.00453,maize,27,2.099768917328465,2,True
IN.ADM2.00453,potato,26,24.996600498350084,2,True
IN.ADM2.00453,ragi,1,,0,False
IN.ADM2.00453,rapeseed_mustard,26,0.978946821038525,1,True
IN.ADM2.00453,rice,27,3.059251556398369,2,True
IN.ADM2.00453,sesamum,26,0.7393094854453394,0,True
IN.ADM2.00453,soyabean,25,0.9541878655778463,1,True
IN.ADM2.00453,sugarcane,26,74.42579580969515,2,True
IN.ADM2.00453,wheat,27,2.7786126205353323,0,True
IN.ADM2.00455,arhartur,24,1.1569502184763356,1,True
IN.ADM2.00455,barley,12,1.7482440435995121,0,True
IN.ADM2.00455,gram,1,,0,False
IN.ADM2.00455,groundnut,22,1.7172403458134193,1,True
IN.ADM2.00455,maize,27,2.7351798077001175,2,True
IN.ADM2.00455,potato,26,16.242836414293873,2,True
IN.ADM2.00455,ragi,27,1.1572172731281907,1,True
IN.ADM2.00455,rapeseed_mustard,26,0.5497184676437638,2,True
IN.ADM2.00455,rice,27,1.9925333018859206,2,True
IN.ADM2.00455,sesamum,26,0.625861977532431,1,True
IN.ADM2.00455,soyabean,25,0.6754115401864111,1,True
IN.ADM2.00455,sugarcane,16,94.27132177033492,1,True
IN.ADM2.00455,wheat,27,1.8102170620792224,1,True
IN.ADM2.00456,cottonlint,6,0.22307758620689655,1,True
IN.ADM2.00456,gram,3,,0,False
IN.ADM2.00456,groundnut,26,1.8114058133010735,1,True
IN.ADM2.00456,maize,23,2.0568134560963904,2,True
IN.ADM2.00456,potato,26,26.55857199273944,3,True
IN.ADM2.00456,rapeseed_mustard,26,0.7123714407323654,1,True
IN.ADM2.00456,rice,27,2.3415412583067723,1,True
IN.ADM2.00456,sesamum,26,0.9647581640849997,1,True
IN.ADM2.00456,sugarcane,24,78.4825690776784,1,True
IN.ADM2.00456,wheat,26,1.9946418404934287,0,True
IN.ADM2.00457,arhartur,9,1.5150218520701002,1,True
IN.ADM2.00457,bajra,3,,0,False
IN.ADM2.00457,gram,3,,0,False
IN.ADM2.00457,groundnut,26,1.910396657256165,2,True
IN.ADM2.00457,jowar,2,,0,False
IN.ADM2.00457,maize,23,2.5327662888030864,2,True
IN.ADM2.00457,potato,26,25.22247789497049,1,True
IN.ADM2.00457,rapeseed_mustard,26,0.838503953760086,2,True
IN.ADM2.00457,rice,27,2.926568889866552,1,True
IN.ADM2.00457,sesamum,26,0.8885557784631211,3,True
IN.ADM2.00457,sugarcane,25,86.8739877146825,1,True
IN.ADM2.00457,wheat,26,2.3591541089499986,1,True
IN.ADM2.00458,arhartur,21,1.1233838341094373,1,True
IN.ADM2.00458,barley,17,1.2772080790134286,1,True
IN.ADM2.00458,gram,3,,0,False
IN.ADM2.00458,groundnut,26,1.7970999073109222,1,True
IN.ADM2.00458,maize,27,3.157003240416455,1,True
IN.ADM2.00458,potato,26,25.71692572784911,2,True
IN.ADM2.00458,ragi,26,0.928510860942342,1,True
IN.ADM2.00458,rapeseed_mustard,26,0.6421805755503769,2,True
IN.ADM2.00458,rice,27,1.9982717886507386,0,True
IN.ADM2.00458,sesamum,26,0.7383383577005354,1,True
IN.ADM2.00458,sugarcane,25,89.78752561477022,1,True
IN.ADM2.00458,wheat,27,2.217258616527432,2,True
IN.ADM2.00459,arhartur,11,0.740243333898868,1,True
IN.ADM2.00459,bajra,4,,0,False
IN.ADM2.00459,barley,3,,0,False
IN.ADM2.00459,gram,3,,0,False
IN.ADM2.00459,groundnut,23,1.2121141709099372,2,True
IN.ADM2.00459,maize,27,5.136223527350925,3,True
IN.ADM2.00459,potato,26,24.911338319666932,3,True
IN.ADM2.00459,ragi,19,0.34970073632123494,1,True
IN.ADM2.00459,rapeseed_mustard,26,0.5789201670700013,2,True
IN.ADM2.00459,rice,27,2.2208207869840386,1,True
IN.ADM2.00459,sesamum,26,0.6937710521426518,1,True
IN.ADM2.00459,sugarcane,18,86.4002504992981,1,True
IN.ADM2.00459,wheat,27,2.1282951697441685,1,True
IN.ADM2.00460,arhartur,26,1.2732806566294999,2,True
IN.ADM2.00460,barley,21,1.2927127047510192,2,True
IN.ADM2.00460,gram,3,,0,False
IN.ADM2.00460,groundnut,22,1.3524341420985195,2,True
IN.ADM2.00460,maize,27,4.079608593708615,0,True
IN.ADM2.00460,potato,26,27.519117454343334,1,True
IN.ADM2.00460,rapeseed_mustard,26,1.1200381505842505,1,True
IN.ADM2.00460,rice,27,2.9701098666674817,0,True
IN.ADM2.00460,sesamum,26,0.5340049216000455,1,True
IN.ADM2.00460,sugarcane,26,93.91918711092595,1,True
IN.ADM2.00460,wheat,27,2.811685070344738,2,True
IN.ADM2.00461,arhartur,26,0.8829031476708719,0,True
IN.ADM2.00461,bajra,1,,0,False
IN.ADM2.00461,barley,1,,0,False
IN.ADM2.00461,cottonlint,5,0.6318016038772467,0,True
IN.ADM2.00461,gram,3,,0,False
IN.ADM2.00461,groundnut,26,2.180010589046575,2,True
IN.ADM2.00461,jowar,3,,0,False
IN.ADM2.00461,maize,27,2.3424186201613093,1,True
IN.ADM2.00461,potato,26,25.42842465892501,1,True
IN.ADM2.00461,ragi,1,,0,False
IN.ADM2.00461,rapeseed_mustard,26,0.8601291183566147,1,True
IN.ADM2.00461,rice,27,2.627558044577294,1,True
IN.ADM2.00461,sesamum,26,0.8517311267369693,2,True
IN.ADM2.00461,soyabean,3,,0,False
IN.ADM2.00461,sugarcane,25,95.13403672377868,1,True
IN.ADM2.00461,wheat,26,2.133711390245246,0,True
IN.ADM2.00462,arhartur,26,1.3927977116203887,2,True
IN.ADM2.00462,bajra,3,,0,False
IN.ADM2.00462,barley,26,1.3388077273614414,1,True
IN.ADM2.00462,gram,3,,0,False
IN.ADM2.00462,groundnut,26,2.0154242746330624,1,True
IN.ADM2.00462,jowar,18,0.48367576717417915,0,True
IN.ADM2.00462,maize,27,4.375962567013112,1,True
IN.ADM2.00462,potato,26,25.246073781748173,2,True
IN.ADM2.00462,rapeseed_mustard,26,1.0609770920330233,2,True
IN.ADM2.00462,rice,27,2.9055567313979123,1,True
IN.ADM2.00462,sesamum,26,0.8553866820033812,2,True
IN.ADM2.00462,sugarcane,26,72.65271183481585,1,True
IN.ADM2.00462,wheat,26,2.564647701510832,1,True
IN.ADM2.00463,arhartur,25,1.2659232640007467,1,True
IN.ADM2.00463,barley,20,1.1963325716901623,0,True
IN.ADM2.00463,gram,3,,0,False
IN.ADM2.00463,groundnut,26,1.7805490396127865,1,True
IN.ADM2.00463,jowar,8,0.635,0,True
IN.ADM2.00463,maize,27,3.287098751717244,1,True
IN.ADM2.00463,potato,26,28.06757566210914,2,True
IN.ADM2.00463,rapeseed_mustard,26,0.9875671710614875,0,True
IN.ADM2.00463,rice,27,2.9535907702631876,0,True
IN.ADM2.00463,sesamum,26,1.0291469077837294,1,True
IN.ADM2.00463,sugarcane,26,84.9704751669267,3,True
IN.ADM2.00463,wheat,25,2.6310667197856383,0,True
IN.ADM2.00464,arhartur,16,1.1562840153588674,2,True
IN.ADM2.00464,cottonlint,12,0.45984157811315235,1,True
IN.ADM2.00464,gram,3,,0,False
IN.ADM2.00464,groundnut,26,1.8639706477930902,3,True
IN.ADM2.00464,maize,19,3.2609773268954645,2,True
IN.ADM2.00464,potato,26,27.423614066548843,3,True
IN.ADM2.00464,rapeseed_mustard,26,1.1265292428178253,1,True
IN.ADM2.00464,rice,27,2.832329130663956,1,True
IN.ADM2.00464,sesamum,26,1.1027694086387707,1,True
IN.ADM2.00464,sugarcane,26,77.93991557279752,2,True
IN.ADM2.00464,wheat,27,2.5218381516635806,2,True
IN.ADM2.00465,arhartur,26,0.8964814191380207,1,True
IN.ADM2.00465,bajra,23,0.37718383044859216,1,True
IN.ADM2.00465,cottonlint,5,0.6052000000000001,0,True
IN.ADM2.00465,gram,3,,0,False
IN.ADM2.00465,groundnut,26,1.02565520922004,1,True
IN.ADM2.00465,jowar,27,0.47933102134208605,1,True
IN.ADM2.00465,maize,27,2.0504240303567736,1,True
IN.ADM2.00465,potato,26,16.428691053164048,2,True
IN.ADM2.00465,ragi,27,0.35009332917325164,1,True
IN.ADM2.00465,rapeseed_mustard,24,0.765642496755642,1,True
IN.ADM2.00465,rice,27,2.2736328319485706,0,True
IN.ADM2.00465,sesamum,26,0.5585476359889638,1,True
IN.ADM2.00465,soyabean,7,0.35542507601331125,0,True
IN.ADM2.00465,sugarcane,26,78.44776580868434,1,True
IN.ADM2.00465,wheat,27,2.0913662813826637,1,True
IN.ADM2.00466,arhartur,19,1.401471320852005,1,True
IN.ADM2.00466,barley,2,,0,False
IN.ADM2.00466,cottonlint,26,0.48346618197592706,1,True
IN.ADM2.00466,gram,3,,0,False
IN.ADM2.00466,groundnut,25,1.5418136332635093,2,True
IN.ADM2.00466,maize,22,2.8464438287545093,2,True
IN.ADM2.00466,potato,26,21.60441417104565,2,True
IN.ADM2.00466,rapeseed_mustard,26,0.977540728120893,1,True
IN.ADM2.00466,rice,27,2.3336475520313185,2,True
IN.ADM2.00466,sesamum,26,1.0476360557667972,2,True
IN.ADM2.00466,sugarcane,26,79.32671082983863,3,True
IN.ADM2.00466,wheat,27,2.2992557179207687,1,True
IN.ADM2.00468,arhartur,19,1.724294511185018,2,True
IN.ADM2.00468,bajra,8,0.6951262231036854,0,True
IN.ADM2.00468,barley,2,,0,False
IN.ADM2.00468,gram,3,,0,False
IN.ADM2.00468,groundnut,8,0.9728456253040895,0,True
IN.ADM2.00468,jowar,9,1.958278416097965,0,True
IN.ADM2.00468,maize,24,1.5097352297547797,1,True
IN.ADM2.00468,potato,15,10.662294032518243,1,True
IN.ADM2.00468,ragi,18,1.2412602607457708,1,True
IN.ADM2.00468,rapeseed_mustard,20,0.7869054705226245,1,True
IN.ADM2.00468,rice,24,1.4303754401139408,1,True
IN.ADM2.00468,sesamum,6,0.465256856964174,0,True
IN.ADM2.00468,soyabean,6,1.4007120282580405,0,True
IN.ADM2.00468,sugarcane,2,,0,False
IN.ADM2.00468,wheat,24,1.6647793445844083,1,True
IN.ADM2.00470,arhartur,26,1.4496467219049778,2,True
IN.ADM2.00470,bajra,22,1.0578942967627685,1,True
IN.ADM2.00470,barley,26,0.9746656156448558,2,True
IN.ADM2.00470,gram,3,,0,False
IN.ADM2.00470,groundnut,1,,0,False
IN.ADM2.00470,jowar,22,1.0421197626751304,2,True
IN.ADM2.00470,maize,27,3.4234677014168615,3,True
IN.ADM2.00470,potato,18,10.469723736804614,1,True
IN.ADM2.00470,rapeseed_mustard,26,1.0932896744293676,3,True
IN.ADM2.00470,rice,27,1.7132963870243243,2,True
IN.ADM2.00470,sesamum,25,0.7819985349853436,1,True
IN.ADM2.00470,sugarcane,24,51.017790853707346,1,True
IN.ADM2.00470,wheat,27,2.340739364272672,1,True
IN.ADM2.00471,arhartur,26,1.3283394761403544,1,True
IN.ADM2.00471,bajra,5,0.9521687462863934,0,True
IN.ADM2.00471,barley,26,1.1869076208035416,2,True
IN.ADM2.00471,gram,3,,0,False
IN.ADM2.00471,groundnut,2,,0,False
IN.ADM2.00471,jowar,1,,0,False
IN.ADM2.00471,maize,27,2.936109438210713,2,True
IN.ADM2.00471,potato,18,11.475447825607448,1,True
IN.ADM2.00471,ragi,3,,0,False
IN.ADM2.00471,rapeseed_mustard,26,0.9113511009061876,1,True
IN.ADM2.00471,rice,27,2.2831222001077016,2,True
IN.ADM2.00471,sesamum,15,0.7528568947392477,1,True
IN.ADM2.00471,sugarcane,24,55.08251996903842,2,True
IN.ADM2.00471,wheat,27,2.0942124556984347,2,True
IN.ADM2.00472,arhartur,26,1.7501458037476911,1,True
IN.ADM2.00472,bajra,27,1.0246546776399246,1,True
IN.ADM2.00472,barley,26,1.5454548870168023,1,True
IN.ADM2.00472,gram,3,,0,False
IN.ADM2.00472,jowar,27,1.0508177563959489,2,True
IN.ADM2.00472,maize,27,2.0236574369407143,2,True
IN.ADM2.00472,potato,18,13.038397058323097,1,True
IN.ADM2.00472,ragi,16,0.9399647548441441,1,True
IN.ADM2.00472,rapeseed_mustard,25,1.1474531152272878,1,True
IN.ADM2.00472,rice,27,2.5827690980630287,2,True
IN.ADM2.00472,sesamum,18,0.814109483859609,2,True
IN.ADM2.00472,sugarcane,23,46.061279692033644,1,True
IN.ADM2.00472,wheat,27,2.697060283710622,1,True
IN.ADM2.00473,arhartur,26,1.8433851291555086,1,True
IN.ADM2.00473,bajra,27,1.045358041954145,1,True
IN.ADM2.00473,barley,26,1.6480790935746403,1,True
IN.ADM2.00473,gram,3,,0,False
IN.ADM2.00473,jowar,27,1.0582209555482953,2,True
IN.ADM2.00473,maize,27,1.8074434416984049,1,True
IN.ADM2.00473,potato,18,14.041796952121805,1,True
IN.ADM2.00473,ragi,3,,0,False
IN.ADM2.00473,rapeseed_mustard,26,1.047141373561144,1,True
IN.ADM2.00473,rice,26,2.7121652158300344,1,True
IN.ADM2.00473,sesamum,3,,0,False
IN.ADM2.00473,sugarcane,24,64.21742571916036,1,True
IN.ADM2.00473,wheat,27,2.7538889739719914,1,True
IN.ADM2.00474,arhartur,13,21.83771867492654,1,True
IN.ADM2.00474,bajra,3,,0,False
IN.ADM2.00474,gram,3,,0,False
IN.ADM2.00474,groundnut,5,1.2098424572492736,0,True
IN.ADM2.00474,jowar,3,,0,False
IN.ADM2.00474,maize,24,1.5122515171821025,1,True
IN.ADM2.00474,potato,14,6.660547287711525,1,True
IN.ADM2.00474,ragi,14,0.6934928828721701,1,True
IN.ADM2.00474,rapeseed_mustard,15,0.9243309100722433,1,True
IN.ADM2.00474,rice,24,1.5633811089331058,0,True
IN.ADM2.00474,sesamum,6,0.4593244731613331,0,True
IN.ADM2.00474,sugarcane,1,,0,False
IN.ADM2.00474,wheat,24,1.7672804005907612,1,True
IN.ADM2.00477,arhartur,23,1.4770146121418828,2,True
IN.ADM2.00477,bajra,2,,0,False
IN.ADM2.00477,barley,2,,0,False
IN.ADM2.00477,gram,3,,0,False
IN.ADM2.00477,groundnut,8,0.9661975649312258,1,True
IN.ADM2.00477,jowar,6,0.44972886590533645,0,True
IN.ADM2.00477,maize,24,1.8052950817053546,1,True
IN.ADM2.00477,potato,16,7.555849719546718,1,True
IN.ADM2.00477,ragi,19,0.9815133085575249,1,True
IN.ADM2.00477,rapeseed_mustard,23,0.7593738926604907,1,True
IN.ADM2.00477,rice,24,1.6008520420468584,0,True
IN.ADM2.00477,sesamum,7,0.4155599886616561,0,True
IN.ADM2.00477,soyabean,6,1.495169962363142,0,True
IN.ADM2.00477,sugarcane,11,31.808171370075808,1,True
IN.ADM2.00477,wheat,24,1.6868121387433057,1,True
IN.ADM2.00479,arhartur,26,1.48402921756212,3,True
IN.ADM2.00479,bajra,1,,0,False
IN.ADM2.00479,barley,26,1.1310573238129007,2,True
IN.ADM2.00479,gram,3,,0,False
IN.ADM2.00479,jowar,2,,0,False
IN.ADM2.00479,maize,27,1.96647454771759,1,True
IN.ADM2.00479,potato,18,11.670679885890252,2,True
IN.ADM2.00479,ragi,11,0.8113933954767436,0,True
IN.ADM2.00479,rapeseed_mustard,26,1.0122932098489483,2,True
IN.ADM2.00479,rice,27,1.5924988102014064,3,True
IN.ADM2.00479,sesamum,2,,0,False
IN.ADM2.00479,sugarcane,23,47.69784547344009,3,True
IN.ADM2.00479,wheat,27,1.6462853156237902,1,True
IN.ADM2.00480,arhartur,23,1.4497709496082671,2,True
IN.ADM2.00480,bajra,7,0.61998542711414,0,True
IN.ADM2.00480,barley,3,,0,False
IN.ADM2.00480,gram,3,,0,False
IN.ADM2.00480,groundnut,8,1.0921506184456273,0,True
IN.ADM2.00480,jowar,9,0.5861625719622067,0,True
IN.ADM2.00480,maize,24,1.2657427841122273,2,True
IN.ADM2.00480,potato,18,7.485611981236649,1,True
IN.ADM2.00480,ragi,23,0.7751093103104536,1,True
IN.ADM2.00480,rapeseed_mustard,23,0.8368797644547046,1,True
IN.ADM2.00480,rice,24,1.3261027135748014,1,True
IN.ADM2.00480,sesamum,8,0.37749827644886214,0,True
IN.ADM2.00480,soyabean,5,1.0323444976076555,0,True
IN.ADM2.00480,sugarcane,10,49.62926014562687,1,True
IN.ADM2.00480,wheat,24,1.3240581762889538,1,True
IN.ADM2.00481,arhartur,25,1.2528911177256143,2,True
IN.ADM2.00481,bajra,5,0.7401668828630443,0,True
IN.ADM2.00481,barley,4,,0,False
IN.ADM2.00481,gram,3,,0,False
IN.ADM2.00481,groundnut,8,0.9922394621755134,0,True
IN.ADM2.00481,jowar,7,0.8862154914098583,0,True
IN.ADM2.00481,maize,24,1.5041100650677979,0,True
IN.ADM2.00481,potato,17,7.488894099768489,0,True
IN.ADM2.00481,ragi,15,0.7662117005976978,0,True
IN.ADM2.00481,rapeseed_mustard,25,0.7064255146538607,1,True
IN.ADM2.00481,rice,25,1.3481921179339884,0,True
IN.ADM2.00481,sesamum,10,0.41360408607483745,0,True
IN.ADM2.00481,soyabean,3,,0,False
IN.ADM2.00481,sugarcane,11,53.28037118965804,1,True
IN.ADM2.00481,wheat,26,1.5556181185198585,0,True
IN.ADM2.00482,arhartur,26,1.5597617799654144,1,True
IN.ADM2.00482,bajra,11,0.9497778133276452,1,True
IN.ADM2.00482,barley,26,1.5444891080835317,1,True
IN.ADM2.00482,cottonlint,1,,0,False
IN.ADM2.00482,gram,3,,0,False
IN.ADM2.00482,groundnut,15,0.6738173695765918,1,True
IN.ADM2.00482,jowar,9,1.0447608240598,1,True
IN.ADM2.00482,maize,21,1.823015044522564,1,True
IN.ADM2.00482,potato,18,14.503162584308123,0,True
IN.ADM2.00482,ragi,12,0.886468666317418,0,True
IN.ADM2.00482,rapeseed_mustard,26,1.0015692811436974,2,True
IN.ADM2.00482,rice,27,3.2019128852212497,2,True
IN.ADM2.00482,sesamum,16,0.8036552892482749,0,True
IN.ADM2.00482,sugarcane,15,38.172071186366786,1,True
IN.ADM2.00482,wheat,27,2.7184863090523375,2,True
IN.ADM2.00483,arhartur,22,1.2948113889543034,2,True
IN.ADM2.00483,bajra,2,,0,False
IN.ADM2.00483,barley,23,1.3282340326613715,0,True
IN.ADM2.00483,gram,3,,0,False
IN.ADM2.00483,jowar,5,1.0170285639135266,0,True
IN.ADM2.00483,maize,23,1.9278590817404158,1,True
IN.ADM2.00483,potato,14,15.943806211564842,1,True
IN.ADM2.00483,ragi,9,0.8178394995110192,0,True
IN.ADM2.00483,rapeseed_mustard,22,0.931906485521209,1,True
IN.ADM2.00483,rice,23,2.7623553244752865,1,True
IN.ADM2.00483,sesamum,14,0.8602612477289141,2,True
IN.ADM2.00483,sugarcane,20,46.90701068335782,1,True
IN.ADM2.00483,wheat,23,2.486632012609776,0,True
IN.ADM2.00484,arhartur,12,1.4696918972267268,1,True
IN.ADM2.00484,bajra,1,,0,False
IN.ADM2.00484,barley,14,1.215789308532782,0,True
IN.ADM2.00484,gram,1,,0,False
IN.ADM2.00484,jowar,3,,0,False
IN.ADM2.00484,maize,27,4.250766093606241,2,True
IN.ADM2.00484,potato,18,13.269915989314093,0,True
IN.ADM2.00484,ragi,27,0.9439554785027285,1,True
IN.ADM2.00484,rapeseed_mustard,26,0.9109947785374294,0,True
IN.ADM2.00484,rice,27,1.387664253592007,0,True
IN.ADM2.00484,sesamum,25,0.8298423833963671,2,True
IN.ADM2.00484,sugarcane,24,51.854413806138176,1,True
IN.ADM2.00484,wheat,27,2.171373674046902,2,True
IN.ADM2.00485,arhartur,20,1.5766257392138245,1,True
IN.ADM2.00485,barley,11,1.1037998050548852,0,True
IN.ADM2.00485,groundnut,8,0.9223306280875088,1,True
IN.ADM2.00485,jowar,3,,0,False
IN.ADM2.00485,maize,27,4.636203912038096,2,True
IN.ADM2.00485,potato,18,14.035412849177018,1,True
IN.ADM2.00485,ragi,27,0.8753038160240407,1,True
IN.ADM2.00485,rapeseed_mustard,26,0.9282411870201243,1,True
IN.ADM2.00485,rice,27,1.503873837685421,2,True
IN.ADM2.00485,sesamum,25,0.7900662213864134,1,True
IN.ADM2.00485,sugarcane,7,56.12600794920421,1,True
IN.ADM2.00485,wheat,27,1.9615425604520829,2,True
IN.ADM2.00488,arhartur,26,0.6933325131534005,1,True
IN.ADM2.00488,bajra,25,0.8576775808513102,1,True
IN.ADM2.00488,barley,27,2.802133643059111,3,True
IN.ADM2.00488,cottonlint,13,0.4874158537369064,1,True
IN.ADM2.00488,gram,3,,0,False
IN.ADM2.00488,groundnut,26,1.6517090083891037,2,True
IN.ADM2.00488,jowar,27,1.1570768126876116,2,True
IN.ADM2.00488,maize,27,1.584055098197207,1,True
IN.ADM2.00488,potato,26,15.280629433963457,1,True
IN.ADM2.00488,rapeseed_mustard,26,1.5132751297764027,2,True
IN.ADM2.00488,rice,27,2.3606427045950302,2,True
IN.ADM2.00488,sesamum,26,0.29223299085206184,1,True
IN.ADM2.00488,soyabean,26,1.1630685792610138,1,True
IN.ADM2.00488,sugarcane,26,63.51875239912447,2,True
IN.ADM2.00488,wheat,27,3.6190388674942944,1,True
IN.ADM2.00489,arhartur,20,0.7141400258393996,2,True
IN.ADM2.00489,bajra,27,0.9580796647083442,1,True
IN.ADM2.00489,barley,27,2.802369600488722,3,True
IN.ADM2.00489,cottonlint,7,0.5581996658312447,1,True
IN.ADM2.00489,gram,3,,0,False
IN.ADM2.00489,groundnut,26,1.5565613673195646,1,True
IN.ADM2.00489,jowar,27,1.0494311615686667,2,True
IN.ADM2.00489,maize,27,1.8592898558046331,1,True
IN.ADM2.00489,potato,26,6.259692515804005,2,True
IN.ADM2.00489,rapeseed_mustard,26,1.5066675998631214,2,True
IN.ADM2.00489,rice,27,2.2529425161314203,0,True
IN.ADM2.00489,sesamum,26,0.3206012496988594,1,True
IN.ADM2.00489,soyabean,26,1.1363507947877776,1,True
IN.ADM2.00489,sugarcane,26,65.46397601773505,1,True
IN.ADM2.00489,wheat,27,3.5725610735866153,1,True
IN.ADM2.00491,arhartur,11,0.7119580977236479,0,True
IN.ADM2.00491,bajra,27,0.8298337969585607,1,True
IN.ADM2.00491,barley,27,2.3236018619521084,1,True
IN.ADM2.00491,cottonlint,26,0.43303687560984905,3,True
IN.ADM2.00491,gram,3,,0,False
IN.ADM2.00491,groundnut,26,1.1986417484669103,2,True
IN.ADM2.00491,jowar,26,1.4254884821096971,0,True
IN.ADM2.00491,maize,27,1.5191900534322185,1,True
IN.ADM2.00491,potato,24,3.6734184735829474,1,True
IN.ADM2.00491,rapeseed_mustard,26,0.9758793731419749,2,True
IN.ADM2.00491,rice,27,1.8439020116499218,1,True
IN.ADM2.00491,sesamum,26,0.26859004050877516,1,True
IN.ADM2.00491,soyabean,20,1.0889510965556888,2,True
IN.ADM2.00491,sugarcane,26,55.973008300189235,1,True
IN.ADM2.00491,wheat,27,2.8735310072265396,2,True
IN.ADM2.00492,arhartur,24,0.7997348731519565,0,True
IN.ADM2.00492,bajra,18,2.3230227912031705,0,True
IN.ADM2.00492,cottonlint,26,0.41196854650576137,2,True
IN.ADM2.00492,gram,2,,0,False
IN.ADM2.00492,groundnut,26,3.0192550457548775,1,True
IN.ADM2.00492,jowar,16,1.2063221468086525,0,True
IN.ADM2.00492,maize,25,5.2051964704234805,1,True
IN.ADM2.00492,ragi,26,2.801820649784645,0,True
IN.ADM2.00492,rice,27,2.844390156152366,1,True
IN.ADM2.00492,sesamum,26,0.4048284766186961,1,True
IN.ADM2.00492,sugarcane,26,128.01666194053166,1,True
IN.ADM2.00494,arhartur,26,0.8334148824665651,1,True
IN.ADM2.00494,bajra,27,1.7533373783720394,2,True
IN.ADM2.00494,barley,27,2.5883568822042884,1,True
IN.ADM2.00494,cottonlint,20,0.4431845246502125,1,True
IN.ADM2.00494,gram,3,,0,False
IN.ADM2.00494,groundnut,26,1.1814286296230943,2,True
IN.ADM2.00494,jowar,27,0.9485283444264034,2,True
IN.ADM2.00494,maize,27,1.6196292695648453,2,True
IN.ADM2.00494,potato,25,3.980684581376247,2,True
IN.ADM2.00494,rapeseed_mustard,26,1.2826950538464872,1,True
IN.ADM2.00494,rice,27,1.8343914220524755,1,True
IN.ADM2.00494,sesamum,26,0.47537040752652404,1,True
IN.ADM2.00494,soyabean,26,1.2030751241677091,2,True
IN.ADM2.00494,sugarcane,26,78.62620016546985,2,True
IN.ADM2.00494,wheat,27,3.348394399927032,2,True
IN.ADM2.00495,arhartur,22,0.8040294250532515,1,True
IN.ADM2.00495,bajra,27,1.521692816633177,1,True
IN.ADM2.00495,barley,27,2.8080554652948213,2,True
IN.ADM2.00495,cottonlint,25,0.4313320039129419,1,True
IN.ADM2.00495,gram,3,,0,False
IN.ADM2.00495,groundnut,26,1.3856455511960983,1,True
IN.ADM2.00495,jowar,27,0.7620178654992151,1,True
IN.ADM2.00495,maize,27,1.5859890530924614,2,True
IN.ADM2.00495,potato,22,3.277548986101617,1,True
IN.ADM2.00495,rapeseed_mustard,26,1.340762095217366,1,True
IN.ADM2.00495,rice,5,1.1608751608751608,0,True
IN.ADM2.00495,sesamum,26,0.34449194749003303,1,True
IN.ADM2.00495,soyabean,4,,0,False
IN.ADM2.00495,sugarcane,20,60.053,1,True
IN.ADM2.00495,wheat,27,3.5372166843298207,2,True
IN.ADM2.00497,arhartur,7,1.0025472979996386,0,True
IN.ADM2.00497,groundnut,9,0.6986218561406441,1,True
IN.ADM2.00497,maize,27,1.6843864388088519,0,True
IN.ADM2.00497,potato,25,8.739555792826394,0,True
IN.ADM2.00497,ragi,1,,0,False
IN.ADM2.00497,rapeseed_mustard,9,1.2885946935967223,0,True
IN.ADM2.00497,rice,27,1.5998881064595647,0,True
IN.ADM2.00497,sesamum,9,0.6201869643959489,1,True
IN.ADM2.00497,soyabean,9,0.9533922780992552,1,True
IN.ADM2.00497,sugarcane,25,18.051206899996778,1,True
IN.ADM2.00497,wheat,27,1.9691576048504098,2,True
IN.ADM2.00498,arhartur,21,1.025009078424834,3,True
IN.ADM2.00498,bajra,26,1.913534155024673,2,True
IN.ADM2.00498,barley,10,1.7434338983050846,0,True
IN.ADM2.00498,cottonlint,6,0.27119047619047615,0,True
IN.ADM2.00498,gram,3,,0,False
IN.ADM2.00498,groundnut,3,,0,False
IN.ADM2.00498,jowar,7,0.329802653469963,0,True
IN.ADM2.00498,maize,18,3.2296968386039255,1,True
IN.ADM2.00498,potato,23,22.601022834662597,0,True
IN.ADM2.00498,rapeseed_mustard,23,1.6331100210358687,3,True
IN.ADM2.00498,rice,27,3.251822101814742,1,True
IN.ADM2.00498,sesamum,10,0.330995670995671,1,True
IN.ADM2.00498,sugarcane,25,70.09137493713328,2,True
IN.ADM2.00498,wheat,27,4.620545161583412,2,True
IN.ADM2.00499,arhartur,22,1.0712671489461858,1,True
IN.ADM2.00499,bajra,20,2.210227977459125,0,True
IN.ADM2.00499,barley,10,1.8285428571428572,1,True
IN.ADM2.00499,cottonlint,8,0.2401172077922078,1,True
IN.ADM2.00499,gram,2,,0,False
IN.ADM2.00499,groundnut,1,,0,False
IN.ADM2.00499,jowar,9,0.2813918855108786,1,True
IN.ADM2.00499,maize,10,1.6024151859364437,1,True
IN.ADM2.00499,potato,24,28.076497755273014,1,True
IN.ADM2.00499,rapeseed_mustard,24,1.7025005391366133,2,True
IN.ADM2.00499,rice,27,2.6136629396189033,0,True
IN.ADM2.00499,sesamum,3,,0,False
IN.ADM2.00499,sugarcane,25,69.0281849558658,2,True
IN.ADM2.00499,wheat,27,4.585081051616038,3,True
IN.ADM2.00500,maize,27,2.567562871152103,0,True
IN.ADM2.00500,potato,25,9.908916525593872,1,True
IN.ADM2.00500,rapeseed_mustard,25,0.6831907891039082,0,True
IN.ADM2.00500,rice,27,1.999467416310633,1,True
IN.ADM2.00500,sesamum,25,0.9597029452151622,0,True
IN.ADM2.00500,soyabean,23,1.0813029800025158,2,True
IN.ADM2.00501,maize,27,2.691498779111581,2,True
IN.ADM2.00501,potato,25,5.836684239092912,2,True
IN.ADM2.00501,rapeseed_mustard,25,0.5610083347544662,2,True
IN.ADM2.00501,rice,27,2.8410285592138678,2,True
IN.ADM2.00501,sesamum,14,0.9722222222222222,2,True
IN.ADM2.00501,soyabean,23,1.1281319711840754,1,True
IN.ADM2.00501,wheat,4,,0,False
IN.ADM2.00502,arhartur,25,1.0695303759919246,1,True
IN.ADM2.00502,cottonlint,26,0.1828200745489731,1,True
IN.ADM2.00502,gram,2,,0,False
IN.ADM2.00502,maize,27,1.848966031858514,2,True
IN.ADM2.00502,potato,25,7.893797133952139,1,True
IN.ADM2.00502,rapeseed_mustard,25,0.7988447542537307,1,True
IN.ADM2.00502,rice,27,2.403783897685464,1,True
IN.ADM2.00502,sesamum,25,0.6820722682673274,0,True
IN.ADM2.00502,soyabean,23,3.189504398296549,1,True
IN.ADM2.00502,sugarcane,25,3.2898013768216594,0,True
IN.ADM2.00502,wheat,25,1.8836430202945464,2,True
IN.ADM2.00503,arhartur,25,0.7595093904169841,0,True
IN.ADM2.00503,cottonlint,26,0.17471176127297594,1,True
IN.ADM2.00503,gram,2,,0,False
IN.ADM2.00503,maize,27,1.3558063510308236,1,True
IN.ADM2.00503,potato,25,7.447564569361222,2,True
IN.ADM2.00503,rapeseed_mustard,25,0.7348917933382577,1,True
IN.ADM2.00503,rice,27,1.6591844177799715,0,True
IN.ADM2.00503,sesamum,25,0.661896419498401,0,True
IN.ADM2.00503,soyabean,23,1.6077731852688377,1,True
IN.ADM2.00503,sugarcane,25,3.272178932178932,1,True
IN.ADM2.00503,wheat,1,,0,False
IN.ADM2.00504,arhartur,7,0.6205965424744162,0,True
IN.ADM2.00504,bajra,7,0.6145668073343454,1,True
IN.ADM2.00504,cottonlint,3,,0,False
IN.ADM2.00504,groundnut,26,1.3283877059848992,0,True
IN.ADM2.00504,jowar,7,0.6008554665331997,1,True
IN.ADM2.00504,maize,27,1.635745571062718,1,True
IN.ADM2.00504,potato,26,9.976368677049429,1,True
IN.ADM2.00504,ragi,27,0.9107158759408963,1,True
IN.ADM2.00504,rapeseed_mustard,23,0.13188392053084502,1,True
IN.ADM2.00504,rice,26,1.7532283023647586,1,True
IN.ADM2.00504,sesamum,26,0.1849473206134002,1,True
IN.ADM2.00504,sugarcane,26,70.29947554713502,2,True
IN.ADM2.00504,wheat,6,1.323130677847659,0,True
IN.ADM2.00505,arhartur,7,0.8255489959085845,0,True
IN.ADM2.00505,bajra,7,0.5041146568052254,0,True
IN.ADM2.00505,cottonlint,3,,0,False
IN.ADM2.00505,groundnut,26,1.1489548197517665,3,True
IN.ADM2.00505,jowar,7,0.47927179099219513,0,True
IN.ADM2.00505,maize,27,1.6765774290029396,2,True
IN.ADM2.00505,potato,15,8.340887116781854,0,True
IN.ADM2.00505,ragi,27,0.8173146312657396,1,True
IN.ADM2.00505,rapeseed_mustard,25,0.12227512509405117,1,True
IN.ADM2.00505,rice,26,1.6617464723723,0,True
IN.ADM2.00505,sesamum,26,0.23501667874915635,1,True
IN.ADM2.00505,sugarcane,23,58.370188137537404,2,True
IN.ADM2.00505,wheat,5,0.9361228406909788,0,True
IN.ADM2.00506,arhartur,7,0.4349256700291612,0,True
IN.ADM2.00506,bajra,7,0.5910611510415776,0,True
IN.ADM2.00506,cottonlint,3,,0,False
IN.ADM2.00506,groundnut,26,1.2058600418644425,2,True
IN.ADM2.00506,jowar,7,0.6668307740959877,0,True
IN.ADM2.00506,maize,27,1.6249109406127729,1,True
IN.ADM2.00506,potato,26,8.868813268708752,2,True
IN.ADM2.00506,ragi,27,0.7289791975869214,1,True
IN.ADM2.00506,rapeseed_mustard,25,0.1894820536115513,1,True
IN.ADM2.00506,rice,26,1.9286232046240541,2,True
IN.ADM2.00506,sesamum,26,0.30913503459937736,1,True
IN.ADM2.00506,sugarcane,26,74.23955608646,2,True
IN.ADM2.00506,wheat,17,1.6538774367959534,1,True
IN.ADM2.00507,arhartur,7,0.5266153748550518,0,True
IN.ADM2.00507,bajra,7,0.5453596057041941,0,True
IN.ADM2.00507,groundnut,26,2.341079188989655,2,True
IN.ADM2.00507,jowar,7,0.6223391594992504,0,True
IN.ADM2.00507,maize,27,1.1127211632147957,3,True
IN.ADM2.00507,potato,4,,0,False
IN.ADM2.00507,ragi,27,0.6334199031938739,3,True
IN.ADM2.00507,rapeseed_mustard,8,0.10604149454856732,0,True
IN.ADM2.00507,rice,26,1.522763066563009,2,True
IN.ADM2.00507,sesamum,26,0.2048495782943829,2,True
IN.ADM2.00507,sugarcane,5,47.25,0,True
IN.ADM2.00507,wheat,3,,0,False
IN.ADM2.00508,arhartur,7,0.6753005916518607,0,True
IN.ADM2.00508,bajra,6,0.7121188387635756,0,True
IN.ADM2.00508,cottonlint,2,,0,False
IN.ADM2.00508,groundnut,26,0.7592482488619944,1,True
IN.ADM2.00508,jowar,7,0.7521259485480382,0,True
IN.ADM2.00508,maize,27,2.586810519835227,2,True
IN.ADM2.00508,potato,26,10.599892208921453,0,True
IN.ADM2.00508,ragi,27,0.40851568412519385,2,True
IN.ADM2.00508,rapeseed_mustard,10,0.15536684379420346,1,True
IN.ADM2.00508,rice,26,1.7576982053276906,0,True
IN.ADM2.00508,sesamum,10,0.2047783227692547,1,True
IN.ADM2.00508,sugarcane,26,45.08119462521027,2,True
IN.ADM2.00508,wheat,20,1.609181078888272,2,True
IN.ADM2.00509,arhartur,7,0.7133734011636577,1,True
IN.ADM2.00509,bajra,7,0.5476025316010678,1,True
IN.ADM2.00509,cottonlint,3,,0,False
IN.ADM2.00509,groundnut,26,0.908771435758055,2,True
IN.ADM2.00509,jowar,7,0.5950376884806786,0,True
IN.ADM2.00509,maize,27,1.2699147187150874,0,True
IN.ADM2.00509,potato,25,9.174019448758862,1,True
IN.ADM2.00509,ragi,27,0.6685706112378149,2,True
IN.ADM2.00509,rapeseed_mustard,25,0.1696049544457268,1,True
IN.ADM2.00509,rice,26,1.9496214614094134,2,True
IN.ADM2.00509,sesamum,26,0.274773629491953,1,True
IN.ADM2.00509,sugarcane,20,47.920582562271775,1,True
IN.ADM2.00509,wheat,12,0.9801221493116355,1,True
IN.ADM2.00510,arhartur,3,,0,False
IN.ADM2.00510,bajra,17,0.8974509803921569,1,True
IN.ADM2.00510,barley,27,3.2699794238683126,1,True
IN.ADM2.00510,cottonlint,26,0.5813968579975235,2,True
IN.ADM2.00510,gram,3,,0,False
IN.ADM2.00510,groundnut,13,0.8992673992673992,1,True
IN.ADM2.00510,maize,8,3.540905,0,True
IN.ADM2.00510,rapeseed_mustard,25,1.3805367289715114,1,True
IN.ADM2.00510,rice,27,4.23066780270611,1,True
IN.ADM2.00510,sesamum,6,0.39166666666666666,0,True
IN.ADM2.00510,sugarcane,6,70.0,0,True
IN.ADM2.00510,wheat,27,4.582814374738801,1,True
IN.ADM2.00511,arhartur,1,,0,False
IN.ADM2.00511,bajra,23,0.8608695652173914,1,True
IN.ADM2.00511,barley,27,3.155944444444444,1,True
IN.ADM2.00511,cottonlint,26,0.539510407207304,2,True
IN.ADM2.00511,gram,3,,0,False
IN.ADM2.00511,groundnut,10,0.9666666666666666,1,True
IN.ADM2.00511,maize,5,3.56544,0,True
IN.ADM2.00511,rapeseed_mustard,25,1.3553323227423397,1,True
IN.ADM2.00511,rice,27,4.016127947625148,1,True
IN.ADM2.00511,sesamum,11,0.3151515151515151,0,True
IN.ADM2.00511,sugarcane,8,65.0,1,True
IN.ADM2.00511,wheat,27,4.612836187702087,1,True
IN.ADM2.00512,arhartur,14,0.9261904761904762,0,True
IN.ADM2.00512,barley,26,3.8858608974358977,1,True
IN.ADM2.00512,cottonlint,21,0.49650793650793645,1,True
IN.ADM2.00512,maize,26,3.135765995115995,1,True
IN.ADM2.00512,rapeseed_mustard,23,1.2877611518915868,1,True
IN.ADM2.00512,rice,27,3.9310455104611424,0,True
IN.ADM2.00512,sugarcane,22,75.30681818181819,1,True
IN.ADM2.00512,wheat,27,4.708946994046876,2,True
IN.ADM2.00513,arhartur,12,1.0069444444444444,2,True
IN.ADM2.00513,bajra,2,,0,False
IN.ADM2.00513,barley,16,3.2192854166666667,1,True
IN.ADM2.00513,maize,21,3.444154761904762,0,True
IN.ADM2.00513,rapeseed_mustard,21,1.4191232048374907,1,True
IN.ADM2.00513,rice,27,4.251723719321485,2,True
IN.ADM2.00513,sugarcane,22,73.40151515151516,1,True
IN.ADM2.00513,wheat,27,4.736474402971521,1,True
IN.ADM2.00514,arhartur,16,1.0132618942014102,1,True
IN.ADM2.00514,barley,20,1.3139479810534431,1,True
IN.ADM2.00514,gram,3,,0,False
IN.ADM2.00514,groundnut,24,2.0134368068510535,1,True
IN.ADM2.00514,maize,26,5.760586287720679,0,True
IN.ADM2.00514,potato,26,24.452518781778636,1,True
IN.ADM2.00514,ragi,20,1.2257102523057781,1,True
IN.ADM2.00514,rapeseed_mustard,26,0.8684727734084897,0,True
IN.ADM2.00514,rice,27,2.4779955087707055,1,True
IN.ADM2.00514,sesamum,26,0.5368178015062199,2,True
IN.ADM2.00514,sugarcane,21,91.78628275880104,0,True
IN.ADM2.00514,wheat,27,2.445500260884988,0,True
IN.ADM2.00515,arhartur,5,1.4531936569300345,0,True
IN.ADM2.00515,barley,6,0.787498741799817,0,True
IN.ADM2.00515,gram,3,,0,False
IN.ADM2.00515,groundnut,18,1.8297536924989737,1,True
IN.ADM2.00515,maize,24,5.051466766700165,1,True
IN.ADM2.00515,potato,26,22.59588361769659,0,True
IN.ADM2.00515,rapeseed_mustard,26,1.0363550873839504,1,True
IN.ADM2.00515,rice,27,2.6369463847369183,2,True
IN.ADM2.00515,sesamum,15,0.6397035799148496,1,True
IN.ADM2.00515,sugarcane,7,84.48991596638655,1,True
IN.ADM2.00515,wheat,27,2.9219457052269973,1,True
IN.ADM2.00516,arhartur,7,0.617920728518629,0,True
IN.ADM2.00516,cottonlint,3,,0,False
IN.ADM2.00516,groundnut,26,1.0856117592349404,0,True
IN.ADM2.00516,jowar,7,0.5842180783629326,0,True
IN.ADM2.00516,maize,27,1.4239584357758395,0,True
IN.ADM2.00516,potato,25,8.313391768519342,1,True
IN.ADM2.00516,ragi,23,0.40335334630536207,1,True
IN.ADM2.00516,rapeseed_mustard,25,0.15926211011355043,1,True
IN.ADM2.00516,rice,26,1.4944861884155134,2,True
IN.ADM2.00516,sesamum,26,0.19069835178347144,2,True
IN.ADM2.00516,sugarcane,26,63.43050504640537,1,True
IN.ADM2.00516,wheat,18,1.5698179262202487,1,True
IN.ADM2.00517,arhartur,7,0.5126299012189539,1,True
IN.ADM2.00517,cottonlint,3,,0,False
IN.ADM2.00517,groundnut,26,1.6014130722547006,1,True
IN.ADM2.00517,jowar,5,0.8800000000000001,0,True
IN.ADM2.00517,maize,20,1.489908703026884,1,True
IN.ADM2.00517,potato,22,8.428522014941198,2,True
IN.ADM2.00517,ragi,10,0.30289915966386555,1,True
IN.ADM2.00517,rapeseed_mustard,23,0.19682405183056711,2,True
IN.ADM2.00517,rice,26,2.3212097554388444,2,True
IN.ADM2.00517,sesamum,23,0.2216652755205283,0,True
IN.ADM2.00517,sugarcane,20,62.27019844536831,1,True
IN.ADM2.00517,wheat,17,1.577822747789458,1,True
IN.ADM2.00518,arhartur,6,0.5373057065046235,0,True
IN.ADM2.00518,groundnut,26,1.2480856580954987,1,True
IN.ADM2.00518,maize,19,2.0715115503912904,1,True
IN.ADM2.00518,potato,26,13.272155183834004,1,True
IN.ADM2.00518,ragi,2,,0,False
IN.ADM2.00518,rapeseed_mustard,25,0.3496751731474212,1,True
IN.ADM2.00518,rice,26,1.8328651585979188,2,True
IN.ADM2.00518,sesamum,26,0.31945995277044675,0,True
IN.ADM2.00518,sugarcane,23,44.92900399793169,1,True
IN.ADM2.00518,wheat,20,1.1143778288667312,2,True
IN.ADM2.00519,arhartur,6,0.7686083240431066,0,True
IN.ADM2.00519,groundnut,24,1.052779336976555,1,True
IN.ADM2.00519,maize,15,2.452627041742287,1,True
IN.ADM2.00519,potato,26,12.330067967869061,0,True
IN.ADM2.00519,ragi,1,,0,False
IN.ADM2.00519,rapeseed_mustard,25,0.3715010015743613,1,True
IN.ADM2.00519,rice,26,1.8223617320547976,2,True
IN.ADM2.00519,sesamum,26,0.24886724553298925,1,True
IN.ADM2.00519,sugarcane,26,57.507853186466455,1,True
IN.ADM2.00519,wheat,19,0.9723649466548488,1,True
IN.ADM2.00520,arhartur,7,0.7374062276989861,1,True
IN.ADM2.00520,groundnut,26,1.2372131352491824,1,True
IN.ADM2.00520,jowar,4,,0,False
IN.ADM2.00520,maize,23,1.672788871073817,2,True
IN.ADM2.00520,potato,26,13.992861747058688,2,True
IN.ADM2.00520,ragi,18,0.6761521948148776,1,True
IN.ADM2.00520,rapeseed_mustard,25,0.2845658125093788,2,True
IN.ADM2.00520,rice,26,1.9456426557187074,2,True
IN.ADM2.00520,sesamum,22,0.35182506483591813,2,True
IN.ADM2.00520,sugarcane,26,57.405502195477226,2,True
IN.ADM2.00520,wheat,15,1.3616788137819618,1,True
IN.ADM2.00521,arhartur,6,0.6838658662904806,0,True
IN.ADM2.00521,groundnut,26,1.4120223470242454,1,True
IN.ADM2.00521,maize,6,1.8613227513227513,0,True
IN.ADM2.00521,potato,26,14.488203708313346,1,True
IN.ADM2.00521,ragi,8,0.6592918417366948,0,True
IN.ADM2.00521,rapeseed_mustard,24,0.21921856998495073,1,True
IN.ADM2.00521,rice,26,1.846138303884814,2,True
IN.ADM2.00521,sesamum,20,0.4034188874198835,2,True
IN.ADM2.00521,sugarcane,26,58.6868315420522,2,True
IN.ADM2.00521,wheat,6,1.309920634920635,0,True
IN.ADM2.00522,arhartur,7,0.4002468286349042,0,True
IN.ADM2.00522,groundnut,26,1.3524896832801725,1,True
IN.ADM2.00522,jowar,5,0.3847979797979798,0,True
IN.ADM2.00522,maize,25,1.048299426011377,1,True
IN.ADM2.00522,potato,26,12.565060835694887,2,True
IN.ADM2.00522,ragi,2,,0,False
IN.ADM2.00522,rapeseed_mustard,25,0.10284064962101092,2,True
IN.ADM2.00522,rice,26,1.451668392352115,2,True
IN.ADM2.00522,sesamum,17,0.18123311520974994,1,True
IN.ADM2.00522,sugarcane,26,43.89999677256701,1,True
IN.ADM2.00522,wheat,18,1.2100825333427674,1,True
IN.ADM2.00523,arhartur,7,0.8131228201295466,0,True
IN.ADM2.00523,groundnut,26,1.3292609145735181,2,True
IN.ADM2.00523,maize,4,,0,False
IN.ADM2.00523,potato,26,14.473890344514784,2,True
IN.ADM2.00523,ragi,7,0.5690871220282985,0,True
IN.ADM2.00523,rapeseed_mustard,25,0.20986618186882158,2,True
IN.ADM2.00523,rice,26,1.460752222997896,2,True
IN.ADM2.00523,sesamum,25,0.4087665322499903,1,True
IN.ADM2.00523,sugarcane,26,52.6460593675681,2,True
IN.ADM2.00523,wheat,15,1.3325569863206312,2,True
IN.ADM2.00524,arhartur,6,0.6607018964588076,1,True
IN.ADM2.00524,cottonlint,2,,0,False
IN.ADM2.00524,groundnut,26,1.4380242818185498,1,True
IN.ADM2.00524,maize,27,1.2407597459284703,2,True
IN.ADM2.00524,potato,26,12.947112898146672,1,True
IN.ADM2.00524,ragi,23,0.511230344284178,1,True
IN.ADM2.00524,rapeseed_mustard,25,0.16690417336620075,2,True
IN.ADM2.00524,rice,26,1.9424801119453687,1,True
IN.ADM2.00524,sesamum,26,0.21807226731906035,1,True
IN.ADM2.00524,sugarcane,26,65.47342254338955,2,True
IN.ADM2.00524,wheat,21,1.329233244848533,1,True
IN.ADM2.00525,arhartur,6,0.6613200787373582,1,True
IN.ADM2.00525,cottonlint,3,,0,False
IN.ADM2.00525,groundnut,26,1.1552882840517935,2,True
IN.ADM2.00525,maize,27,1.2244355759447865,1,True
IN.ADM2.00525,potato,26,10.641828301640107,3,True
IN.ADM2.00525,ragi,23,0.519683931290877,1,True
IN.ADM2.00525,rapeseed_mustard,25,0.14228405861971713,0,True
IN.ADM2.00525,rice,26,1.5893968375064418,0,True
IN.ADM2.00525,sesamum,26,0.2276697354555332,1,True
IN.ADM2.00525,sugarcane,26,54.745814251056444,1,True
IN.ADM2.00525,wheat,17,1.4374812427760981,1,True
IN.ADM2.00526,arhartur,7,0.743753670703897,0,True
IN.ADM2.00526,bajra,7,0.6213157942221982,0,True
IN.ADM2.00526,cottonlint,3,,0,False
IN.ADM2.00526,groundnut,26,0.9459619921517088,2,True
IN.ADM2.00526,jowar,7,0.7643216659285095,0,True
IN.ADM2.00526,maize,27,1.151908609634855,2,True
IN.ADM2.00526,potato,10,7.331251731980497,1,True
IN.ADM2.00526,ragi,27,0.4729603541301131,2,True
IN.ADM2.00526,rapeseed_mustard,25,0.19287037097674173,1,True
IN.ADM2.00526,rice,26,1.6638784425296684,0,True
IN.ADM2.00526,sesamum,26,0.14572234695523695,1,True
IN.ADM2.00526,sugarcane,26,55.264459732161455,2,True
IN.ADM2.00526,wheat,22,1.0841343608456155,1,True
IN.ADM2.00527,arhartur,7,0.45905498330410766,0,True
IN.ADM2.00527,bajra,3,,0,False
IN.ADM2.00527,cottonlint,3,,0,False
IN.ADM2.00527,groundnut,26,0.9554529958402406,1,True
IN.ADM2.00527,jowar,7,0.37080523771393115,1,True
IN.ADM2.00527,maize,27,1.1144157164565043,1,True
IN.ADM2.00527,potato,25,7.612239246577161,0,True
IN.ADM2.00527,ragi,27,0.47179491388748146,1,True
IN.ADM2.00527,rapeseed_mustard,23,0.07824493340390373,1,True
IN.ADM2.00527,rice,26,1.3538426843785063,1,True
IN.ADM2.00527,sesamum,26,0.0949041932494993,1,True
IN.ADM2.00527,soyabean,1,,0,False
IN.ADM2.00527,sugarcane,23,42.83706099689541,1,True
IN.ADM2.00527,wheat,19,1.1707111307561675,1,True
IN.ADM2.00528,arhartur,3,,0,False
IN.ADM2.00528,groundnut,26,1.3512387096693261,1,True
IN.ADM2.00528,maize,5,1.4866666666666666,0,True
IN.ADM2.00528,potato,26,13.051871254528505,1,True
IN.ADM2.00528,ragi,22,0.5843492103221448,1,True
IN.ADM2.00528,rapeseed_mustard,24,0.14732753832495404,1,True
IN.ADM2.00528,rice,26,1.6542853182641697,3,True
IN.ADM2.00528,sesamum,26,0.28847388557571957,2,True
IN.ADM2.00528,sugarcane,23,54.919046817036545,1,True
IN.ADM2.00528,wheat,11,1.159862689420831,1,True
IN.ADM2.00529,arhartur,7,0.4083995083964583,1,True
IN.ADM2.00529,groundnut,26,1.5548562277641138,1,True
IN.ADM2.00529,jowar,3,,0,False
IN.ADM2.00529,maize,27,1.4503568004168985,0,True
IN.ADM2.00529,potato,26,13.570969031039754,0,True
IN.ADM2.00529,ragi,24,0.5635686734758245,0,True
IN.ADM2.00529,rapeseed_mustard,23,0.15720496211762675,2,True
IN.ADM2.00529,rice,26,1.6815533769738082,2,True
IN.ADM2.00529,sesamum,24,0.3355380394811662,1,True
IN.ADM2.00529,sugarcane,23,53.8740769347538,1,True
IN.ADM2.00529,wheat,10,1.0220517202096149,0,True
IN.ADM2.00530,arhartur,7,0.7854688003033765,0,True
IN.ADM2.00530,bajra,2,,0,False
IN.ADM2.00530,cottonlint,2,,0,False
IN.ADM2.00530,groundnut,26,1.1176541801746704,1,True
IN.ADM2.00530,jowar,7,0.6267704517704518,0,True
IN.ADM2.00530,maize,27,1.5622554992918196,1,True
IN.ADM2.00530,potato,21,8.41351010742292,1,True
IN.ADM2.00530,ragi,24,0.6196592277902951,2,True
IN.ADM2.00530,rapeseed_mustard,25,0.1488355317834236,1,True
IN.ADM2.00530,rice,26,1.5668066697339829,0,True
IN.ADM2.00530,sesamum,25,0.2110624883621795,1,True
IN.ADM2.00530,sugarcane,26,63.18897806222957,3,True
IN.ADM2.00530,wheat,16,1.1500864470004304,1,True
IN.ADM2.00532,arhartur,7,0.7238241913959437,1,True
IN.ADM2.00532,bajra,1,,0,False
IN.ADM2.00532,cottonlint,1,,0,False
IN.ADM2.00532,groundnut,26,1.0589215982421096,2,True
IN.ADM2.00532,jowar,6,0.605041926331256,0,True
IN.ADM2.00532,maize,27,1.408934411681469,1,True
IN.ADM2.00532,potato,26,8.965659734523266,0,True
IN.ADM2.00532,ragi,21,0.4146727522713338,1,True
IN.ADM2.00532,rapeseed_mustard,25,0.3054249828045965,1,True
IN.ADM2.00532,rice,26,2.0695149873540606,2,True
IN.ADM2.00532,sesamum,26,0.22695316860127823,1,True
IN.ADM2.00532,sugarcane,26,74.87437262922364,1,True
IN.ADM2.00532,wheat,26,1.44583404700909,2,True
IN.ADM2.00533,arhartur,24,0.8158548705979772,1,True
IN.ADM2.00533,bajra,25,2.6681267787032255,1,True
IN.ADM2.00533,cottonlint,26,0.2643883799653661,2,True
IN.ADM2.00533,groundnut,26,3.868859784223335,2,True
IN.ADM2.00533,jowar,25,0.9535036249240999,1,True
IN.ADM2.00533,maize,25,3.419919521426847,1,True
IN.ADM2.00533,potato,1,,0,False
IN.ADM2.00533,ragi,27,2.5825863680756953,1,True
IN.ADM2.00533,rapeseed_mustard,1,,0,False
IN.ADM2.00533,rice,27,3.3100790725216376,1,True
IN.ADM2.00533,sesamum,26,0.519715341112564,0,True
IN.ADM2.00533,sugarcane,26,153.1543095248251,1,True
IN.ADM2.00534,arhartur,24,0.8155803433643984,1,True
IN.ADM2.00534,bajra,25,1.7484499020460404,0,True
IN.ADM2.00534,cottonlint,26,0.3322286280045917,1,True
IN.ADM2.00534,groundnut,26,2.363110065446973,1,True
IN.ADM2.00534,jowar,25,1.074544005558976,1,True
IN.ADM2.00534,maize,22,5.713477672880529,2,True
IN.ADM2.00534,ragi,27,2.351858283470315,2,True
IN.ADM2.00534,rapeseed_mustard,8,0.33363095238095236,0,True
IN.ADM2.00534,rice,27,3.6493888359615942,2,True
IN.ADM2.00534,sesamum,26,0.5896995975421466,1,True
IN.ADM2.00534,sugarcane,26,148.42721163350433,1,True
IN.ADM2.00536,arhartur,7,0.9326557316046824,0,True
IN.ADM2.00536,groundnut,2,,0,False
IN.ADM2.00536,maize,27,1.4518495906329276,1,True
IN.ADM2.00536,potato,25,6.948058044824333,1,True
IN.ADM2.00536,ragi,1,,0,False
IN.ADM2.00536,rapeseed_mustard,9,1.376377986873433,0,True
IN.ADM2.00536,rice,27,1.3702394575530041,1,True
IN.ADM2.00536,sesamum,9,0.5171579755530618,1,True
IN.ADM2.00536,soyabean,4,,0,False
IN.ADM2.00536,sugarcane,20,13.00367975377828,1,True
IN.ADM2.00536,wheat,1,,0,False
IN.ADM2.00537,arhartur,23,1.4911460954503317,2,True
IN.ADM2.00537,bajra,7,0.5299720199485268,1,True
IN.ADM2.00537,barley,3,,0,False
IN.ADM2.00537,gram,3,,0,False
IN.ADM2.00537,groundnut,8,1.0647444304840477,0,True
IN.ADM2.00537,jowar,9,0.7121819852083631,0,True
IN.ADM2.00537,maize,24,1.6149210343673708,0,True
IN.ADM2.00537,potato,18,7.944821435777742,1,True
IN.ADM2.00537,ragi,24,0.93780345524573,2,True
IN.ADM2.00537,rapeseed_mustard,21,0.6610614586676851,2,True
IN.ADM2.00537,rice,24,1.5074261045662964,1,True
IN.ADM2.00537,sesamum,7,0.4613957704562822,0,True
IN.ADM2.00537,soyabean,1,,0,False
IN.ADM2.00537,sugarcane,14,26.641036589193288,1,True
IN.ADM2.00537,wheat,24,1.8343620009653883,1,True
IN.ADM2.00538,arhartur,23,1.5245436586868737,1,True
IN.ADM2.00538,bajra,3,,0,False
IN.ADM2.00538,barley,2,,0,False
IN.ADM2.00538,gram,3,,0,False
IN.ADM2.00538,groundnut,7,1.0002126092276078,0,True
IN.ADM2.00538,jowar,7,0.6506556245686681,0,True
IN.ADM2.00538,maize,23,1.3050436485214023,1,True
IN.ADM2.00538,potato,15,7.173908586229843,0,True
IN.ADM2.00538,ragi,24,0.8996228589373177,2,True
IN.ADM2.00538,rapeseed_mustard,21,0.678558851287601,0,True
IN.ADM2.00538,rice,24,1.4311841341109632,1,True
IN.ADM2.00538,sesamum,8,0.4522435751500098,0,True
IN.ADM2.00538,soyabean,3,,0,False
IN.ADM2.00538,sugarcane,10,28.955313060050877,0,True
IN.ADM2.00538,wheat,24,1.8307157942782368,2,True
IN.ADM2.00539,arhartur,26,1.5618584628469898,1,True
IN.ADM2.00539,barley,17,0.926496076265393,1,True
IN.ADM2.00539,gram,3,,0,False
IN.ADM2.00539,groundnut,1,,0,False
IN.ADM2.00539,jowar,1,,0,False
IN.ADM2.00539,maize,27,2.288968033490741,2,True
IN.ADM2.00539,potato,18,11.955215770404827,2,True
IN.ADM2.00539,ragi,6,1.0148809523809523,0,True
IN.ADM2.00539,rapeseed_mustard,26,1.0207411153889698,0,True
IN.ADM2.00539,rice,27,1.9966932191061841,2,True
IN.ADM2.00539,sugarcane,14,61.446583984471204,1,True
IN.ADM2.00539,wheat,27,2.1577419415089736,2,True
IN.ADM2.00540,arhartur,20,1.6236672378419132,2,True
IN.ADM2.00540,barley,12,1.0992049748552957,1,True
IN.ADM2.00540,gram,3,,0,False
IN.ADM2.00540,jowar,1,,0,False
IN.ADM2.00540,maize,27,1.968710306572801,2,True
IN.ADM2.00540,potato,18,11.764681376013584,1,True
IN.ADM2.00540,ragi,2,,0,False
IN.ADM2.00540,rapeseed_mustard,25,1.1496204294986259,1,True
IN.ADM2.00540,rice,26,2.2946867324194185,1,True
IN.ADM2.00540,soyabean,3,,0,False
IN.ADM2.00540,sugarcane,1,,0,False
IN.ADM2.00540,wheat,27,2.419258586908612,0,True
IN.ADM2.00541,arhartur,26,1.5540966266582479,1,True
IN.ADM2.00541,barley,10,0.9560406559531028,0,True
IN.ADM2.00541,gram,3,,0,False
IN.ADM2.00541,groundnut,1,,0,False
IN.ADM2.00541,jowar,2,,0,False
IN.ADM2.00541,maize,27,2.0117663519045403,1,True
IN.ADM2.00541,potato,18,11.59352495414749,2,True
IN.ADM2.00541,ragi,4,,0,False
IN.ADM2.00541,rapeseed_mustard,26,0.7140482921785516,0,True
IN.ADM2.00541,rice,26,1.9866800794675348,2,True
IN.ADM2.00541,sesamum,4,,0,False
IN.ADM2.00541,sugarcane,24,48.928053734299,3,True
IN.ADM2.00541,wheat,27,2.145145815328569,0,True
IN.ADM2.00542,arhartur,22,1.167248587021422,2,True
IN.ADM2.00542,bajra,9,0.6778903849663743,0,True
IN.ADM2.00542,barley,2,,0,False
IN.ADM2.00542,gram,3,,0,False
IN.ADM2.00542,groundnut,4,,0,False
IN.ADM2.00542,jowar,7,0.6531377144159098,0,True
IN.ADM2.00542,maize,24,1.4224596978260653,1,True
IN.ADM2.00542,potato,14,9.892275645787683,1,True
IN.ADM2.00542,ragi,7,0.8728265457032812,0,True
IN.ADM2.00542,rapeseed_mustard,23,0.8420728682456778,1,True
IN.ADM2.00542,rice,24,1.4735318339157164,0,True
IN.ADM2.00542,sesamum,4,,0,False
IN.ADM2.00542,soyabean,2,,0,False
IN.ADM2.00542,sugarcane,5,46.6691723202171,0,True
IN.ADM2.00542,wheat,24,1.6584462535926152,1,True
IN.ADM2.00543,arhartur,23,1.228681957894285,2,True
IN.ADM2.00543,bajra,4,,0,False
IN.ADM2.00543,barley,2,,0,False
IN.ADM2.00543,gram,3,,0,False
IN.ADM2.00543,groundnut,4,,0,False
IN.ADM2.00543,jowar,6,0.7284160128868081,1,True
IN.ADM2.00543,maize,24,1.3943008411165956,1,True
IN.ADM2.00543,potato,14,10.59867461362777,1,True
IN.ADM2.00543,ragi,6,0.8493881907768266,0,True
IN.ADM2.00543,rapeseed_mustard,23,1.0193690246738856,1,True
IN.ADM2.00543,rice,24,1.4004261364711803,1,True
IN.ADM2.00543,sesamum,7,0.3697302234063159,1,True
IN.ADM2.00543,soyabean,4,,0,False
IN.ADM2.00543,sugarcane,6,40.6034476687743,0,True
IN.ADM2.00543,wheat,24,1.5469527703306827,3,True
IN.ADM2.00544,arhartur,26,1.5375157700894313,0,True
IN.ADM2.00544,bajra,6,0.836890384172993,0,True
IN.ADM2.00544,barley,26,1.3717134512241895,1,True
IN.ADM2.00544,groundnut,1,,0,False
IN.ADM2.00544,jowar,6,1.1374862280632723,1,True
IN.ADM2.00544,maize,27,3.5425041642027657,0,True
IN.ADM2.00544,potato,18,10.672360084578054,1,True
IN.ADM2.00544,ragi,27,0.9978214211796017,1,True
IN.ADM2.00544,rapeseed_mustard,26,0.9377803508829797,1,True
IN.ADM2.00544,rice,27,1.2932847046698626,1,True
IN.ADM2.00544,sesamum,16,0.7864487277663774,1,True
IN.ADM2.00544,sugarcane,24,49.46499470144832,1,True
IN.ADM2.00544,wheat,27,2.263245243615038,1,True
IN.ADM2.00545,arhartur,26,1.5997402465163286,1,True
IN.ADM2.00545,bajra,2,,0,False
IN.ADM2.00545,barley,12,1.3078631320746823,1,True
IN.ADM2.00545,gram,1,,0,False
IN.ADM2.00545,groundnut,2,,0,False
IN.ADM2.00545,jowar,1,,0,False
IN.ADM2.00545,maize,27,3.4502760005745063,1,True
IN.ADM2.00545,potato,18,10.15856394063873,1,True
IN.ADM2.00545,ragi,15,1.0801960731579583,1,True
IN.ADM2.00545,rapeseed_mustard,26,0.7329413880037776,1,True
IN.ADM2.00545,rice,27,1.2493926351064903,1,True
IN.ADM2.00545,sesamum,15,0.8185219855519115,0,True
IN.ADM2.00545,sugarcane,24,57.49275720906359,1,True
IN.ADM2.00545,wheat,27,2.282959054237089,1,True
IN.ADM2.00546,arhartur,7,0.7141019083595056,0,True
IN.ADM2.00546,cottonlint,3,,0,False
IN.ADM2.00546,groundnut,26,0.8166565873551258,1,True
IN.ADM2.00546,maize,27,0.8107878622490031,2,True
IN.ADM2.00546,potato,26,7.353970410420904,2,True
IN.ADM2.00546,ragi,19,0.40477786091559603,0,True
IN.ADM2.00546,rapeseed_mustard,25,0.10962070575620463,1,True
IN.ADM2.00546,rice,26,1.7925976575483273,2,True
IN.ADM2.00546,sesamum,26,0.15747376587825532,1,True
IN.ADM2.00546,sugarcane,24,53.16111096396591,2,True
IN.ADM2.00546,wheat,20,1.3899909411964884,2,True
IN.ADM2.00547,arhartur,7,0.7173294789545395,1,True
IN.ADM2.00547,bajra,5,0.38196248196248195,0,True
IN.ADM2.00547,cottonlint,2,,0,False
IN.ADM2.00547,groundnut,26,0.9288361110029052,0,True
IN.ADM2.00547,jowar,7,0.4290303273824104,0,True
IN.ADM2.00547,maize,27,1.1425622109099673,2,True
IN.ADM2.00547,potato,26,6.74966130682356,0,True
IN.ADM2.00547,ragi,26,0.4261533518458985,0,True
IN.ADM2.00547,rapeseed_mustard,25,0.15392607402614858,2,True
IN.ADM2.00547,rice,26,1.4279743159311546,2,True
IN.ADM2.00547,sesamum,23,0.19855601290679073,2,True
IN.ADM2.00547,sugarcane,11,44.17272727272727,0,True
IN.ADM2.00547,wheat,14,1.0496940035787918,2,True
IN.ADM2.00548,arhartur,7,0.6743955134735794,1,True
IN.ADM2.00548,groundnut,25,1.078685130601178,0,True
IN.ADM2.00548,jowar,7,0.5767172051006637,0,True
IN.ADM2.00548,maize,26,1.2265186762600155,2,True
IN.ADM2.00548,potato,26,9.073667787724712,1,True
IN.ADM2.00548,ragi,25,0.4442980382600898,2,True
IN.ADM2.00548,rapeseed_mustard,25,0.4131697556572419,3,True
IN.ADM2.00548,rice,26,1.7827628684453707,0,True
IN.ADM2.00548,sesamum,26,0.3102212857228182,1,True
IN.ADM2.00548,sugarcane,20,54.038155210999456,1,True
IN.ADM2.00548,wheat,24,1.4579152293230004,1,True
IN.ADM2.00549,arhartur,7,0.6082674625848051,0,True
IN.ADM2.00549,groundnut,26,1.4710495917547233,1,True
IN.ADM2.00549,jowar,7,0.5512265512265512,0,True
IN.ADM2.00549,maize,27,1.2091865030459035,1,True
IN.ADM2.00549,potato,26,8.632135573986263,2,True
IN.ADM2.00549,ragi,11,0.37200067905950257,1,True
IN.ADM2.00549,rapeseed_mustard,25,0.22287963899134217,1,True
IN.ADM2.00549,rice,26,1.4592820642065867,1,True
IN.ADM2.00549,sesamum,26,0.2548094479987386,2,True
IN.ADM2.00549,sugarcane,25,48.553320278962836,2,True
IN.ADM2.00549,wheat,19,1.4317226667973435,1,True
IN.ADM2.00550,arhartur,7,0.6332100128406745,1,True
IN.ADM2.00550,groundnut,26,1.2035887222385215,2,True
IN.ADM2.00550,maize,26,2.2528711569537276,1,True
IN.ADM2.00550,potato,26,10.26827848321226,0,True
IN.ADM2.00550,ragi,16,0.4815954046123728,1,True
IN.ADM2.00550,rapeseed_mustard,25,0.33496632812284394,0,True
IN.ADM2.00550,rice,26,1.3941775344791254,1,True
IN.ADM2.00550,sesamum,26,0.2738134740598822,2,True
IN.ADM2.00550,sugarcane,24,74.28820402946923,1,True
IN.ADM2.00550,wheat,17,1.5052693597860174,1,True
IN.ADM2.00552,arhartur,21,0.9587028382602408,1,True
IN.ADM2.00552,bajra,27,0.8286584825528409,1,True
IN.ADM2.00552,barley,27,2.9776132433975073,1,True
IN.ADM2.00552,cottonlint,26,0.43738595034541017,2,True
IN.ADM2.00552,gram,3,,0,False
IN.ADM2.00552,groundnut,26,1.6321888357406626,1,True
IN.ADM2.00552,jowar,23,0.5827677186896887,1,True
IN.ADM2.00552,maize,22,1.6194595481493073,2,True
IN.ADM2.00552,potato,26,15.536422956529627,2,True
IN.ADM2.00552,rapeseed_mustard,26,1.282673855026587,1,True
IN.ADM2.00552,rice,27,3.190051551276977,1,True
IN.ADM2.00552,sesamum,26,0.42495868889902855,0,True
IN.ADM2.00552,soyabean,7,1.080952380952381,0,True
IN.ADM2.00552,sugarcane,26,65.18347974236566,1,True
IN.ADM2.00552,wheat,27,3.590291436401005,2,True
IN.ADM2.00553,arhartur,23,0.6367908410078895,1,True
IN.ADM2.00553,bajra,27,1.8413349173922597,0,True
IN.ADM2.00553,barley,27,2.452227094093053,1,True
IN.ADM2.00553,gram,3,,0,False
IN.ADM2.00553,groundnut,25,0.9249976819595495,2,True
IN.ADM2.00553,jowar,27,1.297135194556476,2,True
IN.ADM2.00553,maize,27,1.6590349577355836,0,True
IN.ADM2.00553,potato,26,19.324578439560447,0,True
IN.ADM2.00553,ragi,4,,0,False
IN.ADM2.00553,rapeseed_mustard,26,0.7611458883007932,2,True
IN.ADM2.00553,rice,27,2.0336964912140467,1,True
IN.ADM2.00553,sesamum,25,0.19337574001563718,3,True
IN.ADM2.00553,soyabean,3,,0,False
IN.ADM2.00553,sugarcane,26,55.509838961012846,0,True
IN.ADM2.00553,wheat,27,2.829152667845857,1,True
IN.ADM2.00554,arhartur,23,0.6458797512749146,1,True
IN.ADM2.00554,bajra,27,1.8434674408598266,1,True
IN.ADM2.00554,barley,25,2.4075340002449073,1,True
IN.ADM2.00554,cottonlint,2,,0,False
IN.ADM2.00554,gram,3,,0,False
IN.ADM2.00554,groundnut,25,0.9759709193472227,1,True
IN.ADM2.00554,jowar,20,1.295985864263285,1,True
IN.ADM2.00554,maize,27,2.0582922319533203,1,True
IN.ADM2.00554,potato,26,19.30143298276192,0,True
IN.ADM2.00554,ragi,4,,0,False
IN.ADM2.00554,rapeseed_mustard,26,0.739940155023829,2,True
IN.ADM2.00554,rice,27,2.468769617894185,1,True
IN.ADM2.00554,sesamum,25,0.1969415790393368,3,True
IN.ADM2.00554,sugarcane,26,58.944991554757,0,True
IN.ADM2.00554,wheat,27,2.8804300890342116,1,True
IN.ADM2.00555,arhartur,23,1.032057243276294,0,True
IN.ADM2.00555,bajra,27,1.17837032470872,2,True
IN.ADM2.00555,barley,27,1.9218200386036766,1,True
IN.ADM2.00555,cottonlint,1,,0,False
IN.ADM2.00555,gram,3,,0,False
IN.ADM2.00555,groundnut,19,0.8665914396186583,1,True
IN.ADM2.00555,jowar,27,1.2227202435824198,2,True
IN.ADM2.00555,maize,27,1.5336655964980153,3,True
IN.ADM2.00555,potato,26,20.393443969639364,2,True
IN.ADM2.00555,ragi,2,,0,False
IN.ADM2.00555,rapeseed_mustard,26,0.9931308585334316,2,True
IN.ADM2.00555,rice,27,2.641809171553927,2,True
IN.ADM2.00555,sesamum,25,0.19298480801673454,2,True
IN.ADM2.00555,sugarcane,26,50.48580312186941,1,True
IN.ADM2.00555,wheat,27,2.5999541019647543,1,True
IN.ADM2.00556,arhartur,23,1.0743560059684192,3,True
IN.ADM2.00556,bajra,27,1.2154582745058522,2,True
IN.ADM2.00556,barley,27,1.5904376589633487,0,True
IN.ADM2.00556,cottonlint,2,,0,False
IN.ADM2.00556,gram,3,,0,False
IN.ADM2.00556,groundnut,2,,0,False
IN.ADM2.00556,jowar,27,1.098237236320026,1,True
IN.ADM2.00556,maize,27,1.0538872779633863,2,True
IN.ADM2.00556,potato,26,23.696657177068378,1,True
IN.ADM2.00556,ragi,2,,0,False
IN.ADM2.00556,rapeseed_mustard,26,0.5840400051623227,2,True
IN.ADM2.00556,rice,27,2.373822437320228,1,True
IN.ADM2.00556,sesamum,24,0.15538133757011188,2,True
IN.ADM2.00556,soyabean,1,,0,False
IN.ADM2.00556,sugarcane,23,52.614344442646015,1,True
IN.ADM2.00556,wheat,27,2.638775286946643,1,True
IN.ADM2.00557,arhartur,8,1.0,8,True
IN.ADM2.00557,barley,1,,0,False
IN.ADM2.00557,maize,27,3.7084866100689844,1,True
IN.ADM2.00557,rapeseed_mustard,25,1.224133552721788,1,True
IN.ADM2.00557,rice,27,3.9068629594715323,1,True
IN.ADM2.00557,sesamum,7,0.5142857142857143,0,True
IN.ADM2.00557,sugarcane,22,64.38530491806648,1,True
IN.ADM2.00557,wheat,27,4.493224062444103,2,True
IN.ADM2.00558,arhartur,20,0.7595116636735869,1,True
IN.ADM2.00558,cottonlint,25,0.2529335233881175,1,True
IN.ADM2.00558,gram,3,,0,False
IN.ADM2.00558,groundnut,20,1.185901766650902,1,True
IN.ADM2.00558,jowar,5,0.828508008304597,0,True
IN.ADM2.00558,maize,26,1.2744224689450279,2,True
IN.ADM2.00558,potato,5,16.242089194393106,0,True
IN.ADM2.00558,rapeseed_mustard,20,0.8029144384854401,1,True
IN.ADM2.00558,rice,26,2.301762072254962,2,True
IN.ADM2.00558,sesamum,20,0.5338010904364543,1,True
IN.ADM2.00558,soyabean,4,,0,False
IN.ADM2.00558,sugarcane,25,50.31226336107641,1,True
IN.ADM2.00558,wheat,23,2.082991434528302,1,True
IN.ADM2.00559,arhartur,9,1.1956496944760195,1,True
IN.ADM2.00559,bajra,13,1.4144537167093556,1,True
IN.ADM2.00559,barley,10,1.7290816693944353,1,True
IN.ADM2.00559,cottonlint,4,,0,False
IN.ADM2.00559,gram,1,,0,False
IN.ADM2.00559,groundnut,6,0.09999999999999999,0,True
IN.ADM2.00559,jowar,4,,0,False
IN.ADM2.00559,maize,25,2.9257295680048845,2,True
IN.ADM2.00559,potato,23,21.99715382500441,1,True
IN.ADM2.00559,rapeseed_mustard,23,1.5320708212433376,1,True
IN.ADM2.00559,rice,27,3.5239039110693238,2,True
IN.ADM2.00559,sesamum,8,0.23125,1,True
IN.ADM2.00559,sugarcane,25,62.301701231382616,2,True
IN.ADM2.00559,wheat,27,4.056297800352722,1,True
IN.ADM2.00560,arhartur,14,1.1751244941587724,1,True
IN.ADM2.00560,bajra,25,2.373579474536167,1,True
IN.ADM2.00560,barley,9,1.6348888888888888,1,True
IN.ADM2.00560,cottonlint,3,,0,False
IN.ADM2.00560,gram,3,,0,False
IN.ADM2.00560,groundnut,11,0.7825267449056098,1,True
IN.ADM2.00560,jowar,3,,0,False
IN.ADM2.00560,maize,27,2.514277531438061,1,True
IN.ADM2.00560,potato,23,21.838941721947513,2,True
IN.ADM2.00560,rapeseed_mustard,21,1.215818987339439,0,True
IN.ADM2.00560,rice,27,3.1920930196131767,2,True
IN.ADM2.00560,sesamum,10,0.23302675011923862,1,True
IN.ADM2.00560,sugarcane,20,72.6698706779651,2,True
IN.ADM2.00560,wheat,27,3.109043145732707,2,True
IN.ADM2.00561,arhartur,9,1.0,0,True
IN.ADM2.00561,bajra,1,,0,False
IN.ADM2.00561,barley,11,3.5089,0,True
IN.ADM2.00561,cottonlint,26,0.5175761970530206,1,True
IN.ADM2.00561,gram,1,,0,False
IN.ADM2.00561,groundnut,7,0.8571428571428571,0,True
IN.ADM2.00561,maize,1,,0,False
IN.ADM2.00561,rapeseed_mustard,16,1.3359375,2,True
IN.ADM2.00561,rice,27,3.9749082960755158,2,True
IN.ADM2.00561,sesamum,6,0.2388888888888889,0,True
IN.ADM2.00561,sugarcane,9,64.9074074074074,1,True
IN.ADM2.00561,wheat,27,4.683933592014709,1,True
IN.ADM2.00562,arhartur,26,0.8929487179487179,1,True
IN.ADM2.00562,bajra,2,,0,False
IN.ADM2.00562,barley,19,3.2623280701754385,3,True
IN.ADM2.00562,cottonlint,24,0.5406494708994709,2,True
IN.ADM2.00562,gram,1,,0,False
IN.ADM2.00562,maize,9,3.5733981481481485,0,True
IN.ADM2.00562,rapeseed_mustard,24,1.2290178571428572,1,True
IN.ADM2.00562,rice,27,4.3962186462696575,1,True
IN.ADM2.00562,sesamum,3,,0,False
IN.ADM2.00562,sugarcane,8,65.625,1,True
IN.ADM2.00562,wheat,27,4.886382997563141,1,True
IN.ADM2.00563,arhartur,6,0.8952380952380952,0,True
IN.ADM2.00563,bajra,3,,0,False
IN.ADM2.00563,barley,27,3.485328042328042,0,True
IN.ADM2.00563,cottonlint,26,0.5496045272450499,1,True
IN.ADM2.00563,gram,1,,0,False
IN.ADM2.00563,groundnut,3,,0,False
IN.ADM2.00563,maize,6,3.2507215007215007,0,True
IN.ADM2.00563,rapeseed_mustard,25,1.292888888888889,3,True
IN.ADM2.00563,rice,27,3.815338685741383,1,True
IN.ADM2.00563,sesamum,17,0.4702253628724216,1,True
IN.ADM2.00563,sugarcane,13,67.26923076923077,0,True
IN.ADM2.00563,wheat,27,4.66527968494138,0,True
IN.ADM2.00564,arhartur,14,0.9285714285714286,1,True
IN.ADM2.00564,bajra,1,,0,False
IN.ADM2.00564,gram,3,,0,False
IN.ADM2.00564,groundnut,26,1.401749490390549,0,True
IN.ADM2.00564,maize,27,3.3640424343433293,1,True
IN.ADM2.00564,rapeseed_mustard,25,1.080541719019033,2,True
IN.ADM2.00564,rice,27,3.3964405439236525,1,True
IN.ADM2.00564,sesamum,24,0.298859126984127,1,True
IN.ADM2.00564,sugarcane,22,64.55769743185614,1,True
IN.ADM2.00564,wheat,27,3.851346023043444,3,True
IN.ADM2.00565,arhartur,26,0.9979562104562104,2,True
IN.ADM2.00565,barley,1,,0,False
IN.ADM2.00565,cottonlint,3,,0,False
IN.ADM2.00565,groundnut,1,,0,False
IN.ADM2.00565,maize,27,3.685280756135131,1,True
IN.ADM2.00565,rapeseed_mustard,25,1.2858571428571428,1,True
IN.ADM2.00565,rice,27,3.7919845331417745,1,True
IN.ADM2.00565,sesamum,25,0.5653923723335488,1,True
IN.ADM2.00565,sugarcane,22,68.1143191359956,1,True
IN.ADM2.00565,wheat,27,4.555379042009947,1,True
IN.ADM2.00566,arhartur,24,0.6596785096231289,1,True
IN.ADM2.00566,bajra,25,1.3740983118152383,1,True
IN.ADM2.00566,cottonlint,26,0.2936309727589845,2,True
IN.ADM2.00566,gram,2,,0,False
IN.ADM2.00566,groundnut,26,1.992334429181528,1,True
IN.ADM2.00566,jowar,25,0.9098059837599611,1,True
IN.ADM2.00566,maize,25,4.545726125748314,1,True
IN.ADM2.00566,ragi,27,2.3371492029574736,0,True
IN.ADM2.00566,rapeseed_mustard,1,,0,False
IN.ADM2.00566,rice,27,3.872623628363821,0,True
IN.ADM2.00566,sesamum,26,0.6392309752334688,2,True
IN.ADM2.00566,sugarcane,26,146.03727640990869,1,True
IN.ADM2.00567,arhartur,24,0.5018760466025948,1,True
IN.ADM2.00567,bajra,25,1.3038005463057163,0,True
IN.ADM2.00567,cottonlint,25,0.366097239628244,2,True
IN.ADM2.00567,groundnut,26,2.339549001554034,2,True
IN.ADM2.00567,jowar,25,0.5592189048294466,2,True
IN.ADM2.00567,maize,23,4.935475808727278,1,True
IN.ADM2.00567,potato,2,,0,False
IN.ADM2.00567,ragi,23,2.9590694646144162,1,True
IN.ADM2.00567,rapeseed_mustard,1,,0,False
IN.ADM2.00567,rice,27,3.553287833678888,2,True
IN.ADM2.00567,sesamum,26,0.43758727935815417,1,True
IN.ADM2.00567,sugarcane,26,141.7122353159284,1,True
IN.ADM2.00568,arhartur,24,0.7350266047643412,2,True
IN.ADM2.00568,bajra,25,2.1024651244799446,1,True
IN.ADM2.00568,cottonlint,26,0.2997859688853068,2,True
IN.ADM2.00568,gram,1,,0,False
IN.ADM2.00568,groundnut,26,2.6168587838017863,1,True
IN.ADM2.00568,jowar,25,1.1302012685838916,2,True
IN.ADM2.00568,maize,25,4.449092286816907,1,True
IN.ADM2.00568,ragi,27,2.4226195617858646,1,True
IN.ADM2.00568,rapeseed_mustard,4,,0,False
IN.ADM2.00568,rice,27,3.416142166782876,1,True
IN.ADM2.00568,sesamum,26,0.461461648754372,0,True
IN.ADM2.00568,sugarcane,26,127.50826934286458,1,True
IN.ADM2.00569,arhartur,20,0.7344253652700476,1,True
IN.ADM2.00569,cottonlint,25,0.2258500490118934,1,True
IN.ADM2.00569,gram,3,,0,False
IN.ADM2.00569,groundnut,20,1.2931753337803593,1,True
IN.ADM2.00569,jowar,5,0.8051864801864801,0,True
IN.ADM2.00569,maize,26,1.280785148415014,1,True
IN.ADM2.00569,potato,5,16.64303296915266,0,True
IN.ADM2.00569,rapeseed_mustard,20,0.7772502756989548,2,True
IN.ADM2.00569,rice,26,2.5090529393985017,1,True
IN.ADM2.00569,sesamum,20,0.5576755745533639,2,True
IN.ADM2.00569,soyabean,5,0.793632765134969,0,True
IN.ADM2.00569,sugarcane,25,53.36732593145712,2,True
IN.ADM2.00569,wheat,25,2.1019616502388754,1,True
IN.ADM2.00570,arhartur,20,0.7062980399264045,2,True
IN.ADM2.00570,cottonlint,25,0.2218094182005651,1,True
IN.ADM2.00570,gram,3,,0,False
IN.ADM2.00570,groundnut,20,1.158139058085352,1,True
IN.ADM2.00570,jowar,5,0.8148141882181543,0,True
IN.ADM2.00570,maize,26,1.3162368516566145,1,True
IN.ADM2.00570,potato,5,19.242712719814847,0,True
IN.ADM2.00570,rapeseed_mustard,20,0.8431282921353113,1,True
IN.ADM2.00570,rice,26,2.804556689440607,1,True
IN.ADM2.00570,sesamum,20,0.6097268867088975,0,True
IN.ADM2.00570,soyabean,5,0.8124015594541911,0,True
IN.ADM2.00570,sugarcane,25,49.42056645388117,2,True
IN.ADM2.00570,wheat,26,2.002824801808857,1,True
IN.ADM2.00571,arhartur,23,1.0737774199288268,2,True
IN.ADM2.00571,bajra,24,1.5029779918420025,2,True
IN.ADM2.00571,barley,27,2.4519154912066727,1,True
IN.ADM2.00571,gram,3,,0,False
IN.ADM2.00571,groundnut,3,,0,False
IN.ADM2.00571,jowar,27,0.880677769263714,2,True
IN.ADM2.00571,maize,27,1.5332793263177906,1,True
IN.ADM2.00571,potato,26,20.47909168321254,1,True
IN.ADM2.00571,ragi,1,,0,False
IN.ADM2.00571,rapeseed_mustard,26,0.7889225236598788,1,True
IN.ADM2.00571,rice,27,2.4167109089134553,2,True
IN.ADM2.00571,sesamum,20,0.19889283966265672,1,True
IN.ADM2.00571,sugarcane,26,60.726606335302094,2,True
IN.ADM2.00571,wheat,27,2.8312637044760045,2,True
IN.ADM2.00572,arhartur,23,0.9990530490493,1,True
IN.ADM2.00572,bajra,27,1.5236865978531158,1,True
IN.ADM2.00572,barley,27,2.4548435020696844,1,True
IN.ADM2.00572,gram,3,,0,False
IN.ADM2.00572,groundnut,10,0.7937821398534182,1,True
IN.ADM2.00572,jowar,27,0.9324382058298158,3,True
IN.ADM2.00572,maize,27,1.3845945878396093,1,True
IN.ADM2.00572,potato,26,20.704418341598284,1,True
IN.ADM2.00572,rapeseed_mustard,26,0.7862417033006956,1,True
IN.ADM2.00572,rice,27,2.591068475195291,2,True
IN.ADM2.00572,sesamum,22,0.19466347777165513,0,True
IN.ADM2.00572,sugarcane,26,59.89969610461754,2,True
IN.ADM2.00572,wheat,27,3.21878934323829,1,True
IN.ADM2.00573,arhartur,23,0.9947899289854768,2,True
IN.ADM2.00573,bajra,26,1.0182901657694932,1,True
IN.ADM2.00573,barley,27,1.8137172606520056,1,True
IN.ADM2.00573,gram,3,,0,False
IN.ADM2.00573,groundnut,25,0.6776285734150116,1,True
IN.ADM2.00573,jowar,27,0.8519263330430377,2,True
IN.ADM2.00573,maize,18,1.856901037799532,1,True
IN.ADM2.00573,potato,26,23.37356169781687,1,True
IN.ADM2.00573,rapeseed_mustard,26,0.6953035180980093,2,True
IN.ADM2.00573,rice,27,1.506155049410487,2,True
IN.ADM2.00573,sesamum,25,0.16218667532965247,2,True
IN.ADM2.00573,soyabean,26,0.7365494771131889,1,True
IN.ADM2.00573,sugarcane,23,42.07350504185393,2,True
IN.ADM2.00573,wheat,27,2.517066898133383,2,True
IN.ADM2.00574,arhartur,23,0.8629333309404789,0,True
IN.ADM2.00574,bajra,21,1.0184254116006286,2,True
IN.ADM2.00574,barley,27,1.7483762942693746,0,True
IN.ADM2.00574,gram,3,,0,False
IN.ADM2.00574,groundnut,25,0.6411878158439842,1,True
IN.ADM2.00574,jowar,27,0.8282081051586685,2,True
IN.ADM2.00574,maize,24,1.8615814264630106,1,True
IN.ADM2.00574,potato,26,23.48777832541273,1,True
IN.ADM2.00574,rapeseed_mustard,26,0.47804296592007883,2,True
IN.ADM2.00574,rice,27,1.5050371847925874,2,True
IN.ADM2.00574,sesamum,25,0.14256419303146034,1,True
IN.ADM2.00574,soyabean,24,0.7713910180006006,2,True
IN.ADM2.00574,sugarcane,23,41.60562169498883,1,True
IN.ADM2.00574,wheat,27,1.9221607165111996,1,True
IN.ADM2.00575,arhartur,22,0.7545371295371294,0,True
IN.ADM2.00575,bajra,1,,0,False
IN.ADM2.00575,barley,27,1.279416475516834,2,True
IN.ADM2.00575,gram,3,,0,False
IN.ADM2.00575,groundnut,24,1.0132002526069936,1,True
IN.ADM2.00575,maize,27,1.7350581264463258,0,True
IN.ADM2.00575,potato,26,13.537222587675112,0,True
IN.ADM2.00575,ragi,26,1.4695374916080082,1,True
IN.ADM2.00575,rapeseed_mustard,26,0.9222921168156882,1,True
IN.ADM2.00575,rice,27,2.7759990228952054,2,True
IN.ADM2.00575,sesamum,25,0.177801815447927,0,True
IN.ADM2.00575,soyabean,26,1.318238979523676,1,True
IN.ADM2.00575,sugarcane,26,64.91969943942124,1,True
IN.ADM2.00575,wheat,27,2.8250722386518428,2,True
IN.ADM2.00576,arhartur,20,0.7324182552084474,0,True
IN.ADM2.00576,bajra,6,1.1402116402116402,0,True
IN.ADM2.00576,barley,26,1.412794864139973,3,True
IN.ADM2.00576,gram,2,,0,False
IN.ADM2.00576,groundnut,23,1.0927131662908631,1,True
IN.ADM2.00576,maize,27,1.9369740348259243,0,True
IN.ADM2.00576,potato,26,17.085201963491727,2,True
IN.ADM2.00576,ragi,3,,0,False
IN.ADM2.00576,rapeseed_mustard,26,0.9607365705388765,0,True
IN.ADM2.00576,rice,27,3.072770679948376,1,True
IN.ADM2.00576,sesamum,17,0.35998707175177763,2,True
IN.ADM2.00576,soyabean,26,1.1794524434523388,1,True
IN.ADM2.00576,sugarcane,26,64.97354075554544,1,True
IN.ADM2.00576,wheat,27,3.6847431884231887,1,True
IN.ADM2.00577,arhartur,24,0.7552590756800317,2,True
IN.ADM2.00577,bajra,25,2.127270256036953,0,True
IN.ADM2.00577,cottonlint,26,0.2378262947533008,1,True
IN.ADM2.00577,gram,3,,0,False
IN.ADM2.00577,groundnut,26,2.0355920271033083,1,True
IN.ADM2.00577,jowar,25,1.4382120048790141,3,True
IN.ADM2.00577,maize,25,3.8204964216712547,1,True
IN.ADM2.00577,potato,1,,0,False
IN.ADM2.00577,ragi,27,2.4426627148908753,1,True
IN.ADM2.00577,rapeseed_mustard,2,,0,False
IN.ADM2.00577,rice,27,3.8233939167271163,2,True
IN.ADM2.00577,sesamum,26,0.44341150565992044,2,True
IN.ADM2.00577,sugarcane,26,186.32981406386716,1,True
IN.ADM2.00578,arhartur,24,1.130203776533859,2,True
IN.ADM2.00578,bajra,25,2.042432251344702,1,True
IN.ADM2.00578,cottonlint,26,0.48255809942233346,2,True
IN.ADM2.00578,groundnut,26,2.4154417318084365,1,True
IN.ADM2.00578,jowar,25,2.340628383071931,1,True
IN.ADM2.00578,maize,25,5.249238738978435,2,True
IN.ADM2.00578,potato,3,,0,False
IN.ADM2.00578,ragi,27,2.6435873048168563,1,True
IN.ADM2.00578,rapeseed_mustard,2,,0,False
IN.ADM2.00578,rice,27,4.420894245375943,1,True
IN.ADM2.00578,sesamum,26,0.4879331282788178,2,True
IN.ADM2.00578,sugarcane,26,156.29744366346893,1,True
