stable_id,crop,scenario,n_years,r,r_squared,p_value
IN.ADM2.00001,arhartur,full,7,-0.02511642928445046,0.0006308350200008005,0.9573744731564865
IN.ADM2.00001,arhartur,cleaned,7,-0.02511642928445046,0.0006308350200008005,0.9573744731564865
IN.ADM2.00001,rice,full,13,0.10995453296391208,0.012089999319312029,0.7206520154237046
IN.ADM2.00001,rice,cleaned,13,0.10995453296391208,0.012089999319312029,0.7206520154237046
IN.ADM2.00001,sugarcane,full,13,0.10276513295035469,0.010560672550304075,0.7383217578954895
IN.ADM2.00001,sugarcane,cleaned,13,0.10276513295035469,0.010560672550304075,0.7383217578954895
IN.ADM2.00003,arhartur,full,16,0.5446597819741064,0.2966542781000811,0.029143376455463922
IN.ADM2.00003,arhartur,cleaned,16,0.5446597819741064,0.2966542781000811,0.029143376455463922
IN.ADM2.00003,bajra,full,14,0.37778656179685793,0.14272268627429116,0.18293967445980094
IN.ADM2.00003,bajra,cleaned,14,0.37778656179685793,0.14272268627429116,0.18293967445980094
IN.ADM2.00003,cottonlint,full,16,0.3826264198880834,0.14640297719637188,0.14354878241762942
IN.ADM2.00003,cottonlint,cleaned,16,0.3826264198880834,0.14640297719637188,0.14354878241762942
IN.ADM2.00003,groundnut,full,16,-0.15406605931421674,0.02373635063261175,0.5688855356156944
IN.ADM2.00003,groundnut,cleaned,16,-0.15406605931421674,0.02373635063261175,0.5688855356156944
IN.ADM2.00003,jowar,full,16,0.33807359109488055,0.1142937529957885,0.20029440877277627
IN.ADM2.00003,jowar,cleaned,16,0.33807359109488055,0.1142937529957885,0.20029440877277627
IN.ADM2.00003,maize,full,16,-0.30407355520254514,0.09246072697351526,0.25220724784726767
IN.ADM2.00003,maize,cleaned,16,-0.30407355520254514,0.09246072697351526,0.25220724784726767
IN.ADM2.00003,rapeseed_mustard,full,7,0.33848115380349786,0.11456949148014717,0.45772002327079153
IN.ADM2.00003,rapeseed_mustard,cleaned,7,0.33848115380349786,0.11456949148014717,0.45772002327079153
IN.ADM2.00003,rice,full,16,0.07084484050241324,0.005018991425812372,0.7943090765883354
IN.ADM2.00003,rice,cleaned,16,0.07084484050241324,0.005018991425812372,0.7943090765883354
IN.ADM2.00003,sesamum,full,16,0.4847315967845773,0.234964720921326,0.05704774456961593
IN.ADM2.00003,sesamum,cleaned,16,0.4847315967845773,0.234964720921326,0.05704774456961593
IN.ADM2.00003,soyabean,full,13,0.43715996932218054,0.19110883877776982,0.13523731173469541
IN.ADM2.00003,soyabean,cleaned,13,0.43715996932218054,0.19110883877776982,0.13523731173469541
IN.ADM2.00003,sugarcane,full,12,-0.1903789465027828,0.03624414327150944,0.5534044487373232
IN.ADM2.00003,sugarcane,cleaned,12,-0.1903789465027828,0.03624414327150944,0.5534044487373232
IN.ADM2.00003,wheat,full,16,0.26634790783153706,0.07094120800623696,0.31869898710280836
IN.ADM2.00003,wheat,cleaned,15,0.006358540880955433,4.043104213478149e-05,0.9820570694289291
IN.ADM2.00004,arhartur,full,16,0.4308700536283774,0.1856490031137208,0.09568340886457832
IN.ADM2.00004,arhartur,cleaned,15,0.5374588061085057,0.28886196826358035,0.03880640510168887
IN.ADM2.00004,bajra,full,16,0.5511614295750029,0.3037789214511609,0.026903917429332656
IN.ADM2.00004,bajra,cleaned,15,0.39950221514350087,0.15960201990456405,0.14013428215536633
IN.ADM2.00004,cottonlint,full,16,-0.5292620747348084,0.28011834375259387,0.03501306273118955
IN.ADM2.00004,cottonlint,cleaned,16,-0.5292620747348084,0.28011834375259387,0.03501306273118955
IN.ADM2.00004,groundnut,full,16,0.4169744597772875,0.17386770010656072,0.10809986310751091
IN.ADM2.00004,groundnut,cleaned,16,0.4169744597772875,0.17386770010656072,0.10809986310751091
IN.ADM2.00004,jowar,full,16,-0.3180678316596338,0.10116714553666116,0.22992218841840228
IN.ADM2.00004,jowar,cleaned,16,-0.3180678316596338,0.10116714553666116,0.22992218841840228
IN.ADM2.00004,maize,full,16,0.7309199764002489,0.5342440119009404,0.001297281745967389
IN.ADM2.00004,maize,cleaned,16,0.7309199764002489,0.5342440119009404,0.001297281745967389
IN.ADM2.00004,potato,full,9,-0.5072967156519944,0.2573499577113005,0.16331751594756225
IN.ADM2.00004,potato,cleaned,9,-0.5072967156519944,0.2573499577113005,0.16331751594756225
IN.ADM2.00004,ragi,full,16,0.48713311804066217,0.2372986746920177,0.055648604836667684
IN.ADM2.00004,ragi,cleaned,16,0.48713311804066217,0.2372986746920177,0.055648604836667684
IN.ADM2.00004,rice,full,16,0.4374046090348498,0.1913227920049298,0.09020950412061966
IN.ADM2.00004,rice,cleaned,16,0.4374046090348498,0.1913227920049298,0.09020950412061966
IN.ADM2.00004,sugarcane,full,14,0.4823068675777026,0.23261991451261554,0.08070423851963943
IN.ADM2.00004,sugarcane,cleaned,14,0.4823068675777026,0.23261991451261554,0.08070423851963943
IN.ADM2.00005,arhartur,full,16,-0.27513691780908966,0.07570032354148576,0.302375142973632
IN.ADM2.00005,arhartur,cleaned,16,-0.27513691780908966,0.07570032354148576,0.302375142973632
IN.ADM2.00005,bajra,full,16,0.2717204759506977,0.0738320170508737,0.3086607340576526
IN.ADM2.00005,bajra,cleaned,16,0.2717204759506977,0.0738320170508737,0.3086607340576526
IN.ADM2.00005,cottonlint,full,16,0.22189222703221734,0.049236160417317085,0.4088366178149393
IN.ADM2.00005,cottonlint,cleaned,16,0.22189222703221734,0.049236160417317085,0.4088366178149393
IN.ADM2.00005,groundnut,full,16,0.31301544742338977,0.09797867032566489,0.2378191893178722
IN.ADM2.00005,groundnut,cleaned,16,0.31301544742338977,0.09797867032566489,0.2378191893178722
IN.ADM2.00005,jowar,full,16,-0.20487561756756403,0.04197401867369075,0.4465643140098743
IN.ADM2.00005,jowar,cleaned,16,-0.20487561756756403,0.04197401867369075,0.4465643140098743
IN.ADM2.00005,maize,full,16,0.48790118392543985,0.2380475652758459,0.055206523570090454
IN.ADM2.00005,maize,cleaned,16,0.48790118392543985,0.2380475652758459,0.055206523570090454
IN.ADM2.00005,potato,full,15,-0.3480716926319136,0.12115390321164535,0.20360875864336753
IN.ADM2.00005,potato,cleaned,15,-0.3480716926319136,0.12115390321164535,0.20360875864336753
IN.ADM2.00005,ragi,full,16,0.16221239529052983,0.026312861185891104,0.5483638525133816
IN.ADM2.00005,ragi,cleaned,16,0.16221239529052983,0.026312861185891104,0.5483638525133816
IN.ADM2.00005,rapeseed_mustard,full,5,0.7365825920157351,0.5425539148606188,0.15572154761185678
IN.ADM2.00005,rice,full,16,-0.2385731081594452,0.056917127936858346,0.37355677331196346
IN.ADM2.00005,rice,cleaned,16,-0.2385731081594452,0.056917127936858346,0.37355677331196346
IN.ADM2.00005,sesamum,full,16,-0.34314346290517567,0.11774743613455567,0.19319983757809356
IN.ADM2.00005,sesamum,cleaned,16,-0.34314346290517567,0.11774743613455567,0.19319983757809356
IN.ADM2.00005,sugarcane,full,16,0.2758358905976327,0.07608543854178919,0.3010985576021231
IN.ADM2.00005,sugarcane,cleaned,16,0.2758358905976327,0.07608543854178919,0.3010985576021231
IN.ADM2.00007,arhartur,full,16,0.04222812177134469,0.0017832142683355155,0.8766015675759653
IN.ADM2.00007,arhartur,cleaned,15,-0.271267018284546,0.07358579520898823,0.32808867053545954
IN.ADM2.00007,bajra,full,16,0.020571450655311845,0.0004231845820639301,0.9397228377573716
IN.ADM2.00007,bajra,cleaned,16,0.020571450655311845,0.0004231845820639301,0.9397228377573716
IN.ADM2.00007,cottonlint,full,16,-0.10701272289701926,0.01145172286183423,0.6932382470681514
IN.ADM2.00007,cottonlint,cleaned,16,-0.10701272289701926,0.01145172286183423,0.6932382470681514
IN.ADM2.00007,groundnut,full,16,-0.05606391033328778,0.0031431620418589322,0.8366147141570495
IN.ADM2.00007,groundnut,cleaned,16,-0.05606391033328778,0.0031431620418589322,0.8366147141570495
IN.ADM2.00007,jowar,full,16,-0.08264407751600567,0.006830043548471553,0.7609135649195777
IN.ADM2.00007,jowar,cleaned,16,-0.08264407751600567,0.006830043548471553,0.7609135649195777
IN.ADM2.00007,maize,full,16,0.18053145729603814,0.03259160707343124,0.5034445530117589
IN.ADM2.00007,maize,cleaned,16,0.18053145729603814,0.03259160707343124,0.5034445530117589
IN.ADM2.00007,potato,full,15,0.011632832666122674,0.00013532279583801076,0.9671794509430274
IN.ADM2.00007,potato,cleaned,15,0.011632832666122674,0.00013532279583801076,0.9671794509430274
IN.ADM2.00007,ragi,full,16,-0.3357687758805749,0.11274067085633975,0.20357473928051315
IN.ADM2.00007,ragi,cleaned,16,-0.3357687758805749,0.11274067085633975,0.20357473928051315
IN.ADM2.00007,rice,full,16,0.2719068569346471,0.07393333884807865,0.3083158659434164
IN.ADM2.00007,rice,cleaned,16,0.2719068569346471,0.07393333884807865,0.3083158659434164
IN.ADM2.00007,sugarcane,full,16,0.4332822919862756,0.1877335445488802,0.09363595153381656
IN.ADM2.00007,sugarcane,cleaned,16,0.4332822919862756,0.1877335445488802,0.09363595153381656
IN.ADM2.00008,arhartur,full,16,0.1278937729978561,0.016356817171627146,0.6369098180343842
IN.ADM2.00008,arhartur,cleaned,16,0.1278937729978561,0.016356817171627146,0.6369098180343842
IN.ADM2.00008,bajra,full,16,0.2772356592433476,0.07685961075609354,0.29855165778505954
IN.ADM2.00008,bajra,cleaned,16,0.2772356592433476,0.07685961075609354,0.29855165778505954
IN.ADM2.00008,cottonlint,full,16,-0.10861687348621554,0.011797625205920552,0.6888526060700048
IN.ADM2.00008,cottonlint,cleaned,16,-0.10861687348621554,0.011797625205920552,0.6888526060700048
IN.ADM2.00008,groundnut,full,16,-0.3393935677231804,0.11518799381186905,0.19843126871737043
IN.ADM2.00008,groundnut,cleaned,16,-0.3393935677231804,0.11518799381186905,0.19843126871737043
IN.ADM2.00008,jowar,full,16,0.42141713448990803,0.17759240124168524,0.10401348849875924
IN.ADM2.00008,jowar,cleaned,16,0.42141713448990803,0.17759240124168524,0.10401348849875924
IN.ADM2.00008,maize,full,16,0.4810143101139549,0.23137476653440398,0.05926439186249321
IN.ADM2.00008,maize,cleaned,16,0.4810143101139549,0.23137476653440398,0.05926439186249321
IN.ADM2.00008,ragi,full,16,-0.10875281127300643,0.011827173959782155,0.6884813855455927
IN.ADM2.00008,ragi,cleaned,16,-0.10875281127300643,0.011827173959782155,0.6884813855455927
IN.ADM2.00008,rapeseed_mustard,full,15,0.5298662220353375,0.2807582132540016,0.04219769467308786
IN.ADM2.00008,rapeseed_mustard,cleaned,13,0.17371644370131678,0.030177402812232763,0.5703219487858063
IN.ADM2.00008,rice,full,16,-0.36827683888511653,0.13562783005921408,0.16046083660000518
IN.ADM2.00008,rice,cleaned,16,-0.36827683888511653,0.13562783005921408,0.16046083660000518
IN.ADM2.00008,sesamum,full,16,0.3221821066605274,0.10380130985221545,0.2236153152813956
IN.ADM2.00008,sesamum,cleaned,16,0.3221821066605274,0.10380130985221545,0.2236153152813956
IN.ADM2.00008,soyabean,full,13,0.29826886961020266,0.08896431857854807,0.32225250549828277
IN.ADM2.00008,soyabean,cleaned,13,0.29826886961020266,0.08896431857854807,0.32225250549828277
IN.ADM2.00008,sugarcane,full,16,-0.17309195599881855,0.029960825231496936,0.5214758842226874
IN.ADM2.00008,sugarcane,cleaned,16,-0.17309195599881855,0.029960825231496936,0.5214758842226874
IN.ADM2.00010,arhartur,full,16,0.139153580703618,0.019363719022638327,0.6072692048967939
IN.ADM2.00010,arhartur,cleaned,16,0.139153580703618,0.019363719022638327,0.6072692048967939
IN.ADM2.00010,bajra,full,16,0.14555170812688834,0.021185299738654892,0.5906750656600064
IN.ADM2.00010,bajra,cleaned,16,0.14555170812688834,0.021185299738654892,0.5906750656600064
IN.ADM2.00010,cottonlint,full,16,0.2866933391072215,0.0821930706884483,0.28167957869350424
IN.ADM2.00010,cottonlint,cleaned,16,0.2866933391072215,0.0821930706884483,0.28167957869350424
IN.ADM2.00010,groundnut,full,16,0.05607429725309254,0.003144326812428182,0.836584823367601
IN.ADM2.00010,groundnut,cleaned,16,0.05607429725309254,0.003144326812428182,0.836584823367601
IN.ADM2.00010,jowar,full,16,0.5119888462614985,0.2621325786961804,0.042617266208405113
IN.ADM2.00010,jowar,cleaned,16,0.5119888462614985,0.2621325786961804,0.042617266208405113
IN.ADM2.00010,maize,full,16,0.5287042915250595,0.2795282278770151,0.03524128384199601
IN.ADM2.00010,maize,cleaned,16,0.5287042915250595,0.2795282278770151,0.03524128384199601
IN.ADM2.00010,potato,full,14,0.2725675500593129,0.07429306934533603,0.34578772546916803
IN.ADM2.00010,potato,cleaned,14,0.2725675500593129,0.07429306934533603,0.34578772546916803
IN.ADM2.00010,ragi,full,12,0.4385682731718679,0.19234213023295416,0.15381108158795032
IN.ADM2.00010,ragi,cleaned,12,0.4385682731718679,0.19234213023295416,0.15381108158795032
IN.ADM2.00010,rapeseed_mustard,full,10,0.07943868514483399,0.006310504697540068,0.8273203202662824
IN.ADM2.00010,rapeseed_mustard,cleaned,10,0.07943868514483399,0.006310504697540068,0.8273203202662824
IN.ADM2.00010,rice,full,16,0.14375382030921682,0.0206651608534946,0.5953193062215718
IN.ADM2.00010,rice,cleaned,16,0.14375382030921682,0.0206651608534946,0.5953193062215718
IN.ADM2.00010,sesamum,full,16,-0.036043158920488955,0.0012991093049676225,0.894573311903476
IN.ADM2.00010,sesamum,cleaned,16,-0.036043158920488955,0.0012991093049676225,0.894573311903476
IN.ADM2.00010,soyabean,full,12,0.20731614800634626,0.04297998522418927,0.5179373075170245
IN.ADM2.00010,soyabean,cleaned,12,0.20731614800634626,0.04297998522418927,0.5179373075170245
IN.ADM2.00010,sugarcane,full,16,0.2089812240709105,0.0436731520141761,0.4373046764103313
IN.ADM2.00010,sugarcane,cleaned,16,0.2089812240709105,0.0436731520141761,0.4373046764103313
IN.ADM2.00011,arhartur,full,16,0.050854458129569916,0.0025861759116521795,0.8516317442375436
IN.ADM2.00011,arhartur,cleaned,16,0.050854458129569916,0.0025861759116521795,0.8516317442375436
IN.ADM2.00011,bajra,full,12,-0.24716751447331756,0.06109178021091764,0.43863686354041176
IN.ADM2.00011,bajra,cleaned,12,-0.24716751447331756,0.06109178021091764,0.43863686354041176
IN.ADM2.00011,cottonlint,full,16,-0.03332872683185979,0.0011108040322327308,0.9024763822910159
IN.ADM2.00011,cottonlint,cleaned,16,-0.03332872683185979,0.0011108040322327308,0.9024763822910159
IN.ADM2.00011,groundnut,full,16,0.22996412073963116,0.052883496827551654,0.39155033395002214
IN.ADM2.00011,groundnut,cleaned,16,0.22996412073963116,0.052883496827551654,0.39155033395002214
IN.ADM2.00011,jowar,full,16,-0.2608727888450705,0.06805461195980472,0.32912149590101814
IN.ADM2.00011,jowar,cleaned,16,-0.2608727888450705,0.06805461195980472,0.32912149590101814
IN.ADM2.00011,maize,full,16,0.26248011980294206,0.06889581329176682,0.3260416511395081
IN.ADM2.00011,maize,cleaned,16,0.26248011980294206,0.06889581329176682,0.3260416511395081
IN.ADM2.00011,ragi,full,8,0.8645414890595865,0.7474319863053671,0.005599639499413466
IN.ADM2.00011,ragi,cleaned,8,0.8645414890595865,0.7474319863053671,0.005599639499413466
IN.ADM2.00011,rice,full,16,-0.20025455290872746,0.04010188596067432,0.45710375748024124
IN.ADM2.00011,rice,cleaned,16,-0.20025455290872746,0.04010188596067432,0.45710375748024124
IN.ADM2.00011,sugarcane,full,16,0.27489700386341365,0.07556836273308165,0.3028140511961821
IN.ADM2.00011,sugarcane,cleaned,16,0.27489700386341365,0.07556836273308165,0.3028140511961821
IN.ADM2.00012,arhartur,full,16,-0.1490998936574664,0.022230778288667787,0.5815533020441392
IN.ADM2.00012,arhartur,cleaned,16,-0.1490998936574664,0.022230778288667787,0.5815533020441392
IN.ADM2.00012,cottonlint,full,16,0.1574411749443884,0.02478772356786951,0.5603437445083664
IN.ADM2.00012,cottonlint,cleaned,16,0.1574411749443884,0.02478772356786951,0.5603437445083664
IN.ADM2.00012,groundnut,full,16,-0.053298084676730945,0.002840685830207982,0.8445813619280109
IN.ADM2.00012,groundnut,cleaned,16,-0.053298084676730945,0.002840685830207982,0.8445813619280109
IN.ADM2.00012,jowar,full,14,0.578779112440682,0.33498526099762366,0.03011555771498942
IN.ADM2.00012,jowar,cleaned,14,0.578779112440682,0.33498526099762366,0.03011555771498942
IN.ADM2.00012,maize,full,16,0.6273120005482906,0.39352034603189856,0.009290544918909342
IN.ADM2.00012,maize,cleaned,16,0.6273120005482906,0.39352034603189856,0.009290544918909342
IN.ADM2.00012,rapeseed_mustard,full,12,0.38736929851282165,0.1500549734303155,0.21346563603322216
IN.ADM2.00012,rapeseed_mustard,cleaned,12,0.38736929851282165,0.1500549734303155,0.21346563603322216
IN.ADM2.00012,rice,full,16,-0.019203451518407022,0.00036877255021980896,0.9437251409141648
IN.ADM2.00012,rice,cleaned,16,-0.019203451518407022,0.00036877255021980896,0.9437251409141648
IN.ADM2.00012,sugarcane,full,16,0.19421754757822418,0.037720455787299774,0.4710570890119333
IN.ADM2.00012,sugarcane,cleaned,16,0.19421754757822418,0.037720455787299774,0.4710570890119333
IN.ADM2.00013,arhartur,full,16,0.23308333324010366,0.054327840234317214,0.38497770902153294
IN.ADM2.00013,arhartur,cleaned,16,0.23308333324010366,0.054327840234317214,0.38497770902153294
IN.ADM2.00013,bajra,full,16,0.4655442349806905,0.21673143472375636,0.06917424059960244
IN.ADM2.00013,bajra,cleaned,16,0.4655442349806905,0.21673143472375636,0.06917424059960244
IN.ADM2.00013,cottonlint,full,16,0.5718387511478453,0.3269995573143274,0.02064776723864089
IN.ADM2.00013,cottonlint,cleaned,16,0.5718387511478453,0.3269995573143274,0.02064776723864089
IN.ADM2.00013,groundnut,full,16,0.2292920968988612,0.05257486570027676,0.392974252911943
IN.ADM2.00013,groundnut,cleaned,16,0.2292920968988612,0.05257486570027676,0.392974252911943
IN.ADM2.00013,jowar,full,16,0.21625754566553715,0.046767326057281886,0.42113816655010305
IN.ADM2.00013,jowar,cleaned,16,0.21625754566553715,0.046767326057281886,0.42113816655010305
IN.ADM2.00013,maize,full,16,0.6789760548631886,0.46100848307757963,0.0038246585036967266
IN.ADM2.00013,maize,cleaned,16,0.6789760548631886,0.46100848307757963,0.0038246585036967266
IN.ADM2.00013,potato,full,11,0.13694470346333543,0.018753851806660875,0.6880425523458097
IN.ADM2.00013,potato,cleaned,11,0.13694470346333543,0.018753851806660875,0.6880425523458097
IN.ADM2.00013,ragi,full,8,0.5555707848846774,0.3086588970173765,0.1528085841187615
IN.ADM2.00013,ragi,cleaned,8,0.5555707848846774,0.3086588970173765,0.1528085841187615
IN.ADM2.00013,rapeseed_mustard,full,15,0.31191648958382273,0.097291896474295,0.25773076284180396
IN.ADM2.00013,rapeseed_mustard,cleaned,13,-0.019139653266941295,0.00036632632717873657,0.9505148386490667
IN.ADM2.00013,rice,full,16,-0.08207923514656362,0.006737000842244885,0.7625037449022748
IN.ADM2.00013,rice,cleaned,16,-0.08207923514656362,0.006737000842244885,0.7625037449022748
IN.ADM2.00013,sesamum,full,14,0.13716052465584935,0.018813009523867857,0.6400849024193717
IN.ADM2.00013,sesamum,cleaned,13,0.041132615855883084,0.0016918920871476445,0.8938636228391957
IN.ADM2.00013,sugarcane,full,16,0.32327278524637415,0.10450529368094834,0.22196200160564583
IN.ADM2.00013,sugarcane,cleaned,16,0.32327278524637415,0.10450529368094834,0.22196200160564583
IN.ADM2.00014,arhartur,full,16,0.41206903359582236,0.16980088844859498,0.11274139441576395
IN.ADM2.00014,arhartur,cleaned,16,0.41206903359582236,0.16980088844859498,0.11274139441576395
IN.ADM2.00014,bajra,full,16,0.16315657411521964,0.02662006767701516,0.5460065485753633
IN.ADM2.00014,bajra,cleaned,16,0.16315657411521964,0.02662006767701516,0.5460065485753633
IN.ADM2.00014,cottonlint,full,16,0.62784287851312,0.3941866800996404,0.009213327285401918
IN.ADM2.00014,cottonlint,cleaned,16,0.62784287851312,0.3941866800996404,0.009213327285401918
IN.ADM2.00014,groundnut,full,16,0.23065439806618893,0.05320145134727594,0.3900906384696655
IN.ADM2.00014,groundnut,cleaned,16,0.23065439806618893,0.05320145134727594,0.3900906384696655
IN.ADM2.00014,jowar,full,16,0.44262324748892634,0.19591533921764334,0.08600140106446988
IN.ADM2.00014,jowar,cleaned,16,0.44262324748892634,0.19591533921764334,0.08600140106446988
IN.ADM2.00014,maize,full,16,0.691406750997074,0.47804329532432993,0.003011037912784463
IN.ADM2.00014,maize,cleaned,16,0.691406750997074,0.47804329532432993,0.003011037912784463
IN.ADM2.00014,potato,full,14,0.29130738844198467,0.08485999456088934,0.3122616050706982
IN.ADM2.00014,potato,cleaned,14,0.29130738844198467,0.08485999456088934,0.3122616050706982
IN.ADM2.00014,ragi,full,16,0.3854493947133717,0.14857123588490462,0.1403706229236276
IN.ADM2.00014,ragi,cleaned,16,0.3854493947133717,0.14857123588490462,0.1403706229236276
IN.ADM2.00014,rice,full,16,0.4207303127306518,0.17701399605043208,0.10463799762768831
IN.ADM2.00014,rice,cleaned,16,0.4207303127306518,0.17701399605043208,0.10463799762768831
IN.ADM2.00014,sesamum,full,14,0.3874558392978267,0.1501220274059833,0.17107736399779086
IN.ADM2.00014,sesamum,cleaned,14,0.3874558392978267,0.1501220274059833,0.17107736399779086
IN.ADM2.00014,sugarcane,full,16,0.3991408473135561,0.1593134159941835,0.1256377162769066
IN.ADM2.00014,sugarcane,cleaned,16,0.3991408473135561,0.1593134159941835,0.1256377162769066
IN.ADM2.00016,arhartur,full,16,0.027676369738140773,0.0007659814418822744,0.918960000196865
IN.ADM2.00016,arhartur,cleaned,16,0.027676369738140773,0.0007659814418822744,0.918960000196865
IN.ADM2.00016,bajra,full,16,0.2596016978787846,0.06739304154154777,0.33156887103270455
IN.ADM2.00016,bajra,cleaned,16,0.2596016978787846,0.06739304154154777,0.33156887103270455
IN.ADM2.00016,cottonlint,full,16,0.4357770504098113,0.18990163766387522,0.09155144995730424
IN.ADM2.00016,cottonlint,cleaned,16,0.4357770504098113,0.18990163766387522,0.09155144995730424
IN.ADM2.00016,groundnut,full,16,-0.23117488034684863,0.053441825303379785,0.38899194590141817
IN.ADM2.00016,groundnut,cleaned,16,-0.23117488034684863,0.053441825303379785,0.38899194590141817
IN.ADM2.00016,jowar,full,16,0.283804332604709,0.08054489920520429,0.2867712013787598
IN.ADM2.00016,jowar,cleaned,16,0.283804332604709,0.08054489920520429,0.2867712013787598
IN.ADM2.00016,maize,full,16,0.024792589248738922,0.0006146724816566848,0.9273821264809405
IN.ADM2.00016,maize,cleaned,16,0.024792589248738922,0.0006146724816566848,0.9273821264809405
IN.ADM2.00016,rice,full,16,0.030183929381096146,0.0009110695928829991,0.9116431616321923
IN.ADM2.00016,rice,cleaned,16,0.030183929381096146,0.0009110695928829991,0.9116431616321923
IN.ADM2.00016,sesamum,full,15,0.13076611401126897,0.017099776573608196,0.6422742934683778
IN.ADM2.00016,sesamum,cleaned,15,0.13076611401126897,0.017099776573608196,0.6422742934683778
IN.ADM2.00016,sugarcane,full,15,0.32273776678827726,0.10415966611148444,0.24069618537178628
IN.ADM2.00016,sugarcane,cleaned,15,0.32273776678827726,0.10415966611148444,0.24069618537178628
IN.ADM2.00018,arhartur,full,16,0.19579277207941015,0.03833480959853985,0.46739629950461165
IN.ADM2.00018,arhartur,cleaned,16,0.19579277207941015,0.03833480959853985,0.46739629950461165
IN.ADM2.00018,bajra,full,16,0.4549428464675772,0.20697299355202153,0.0766285810620525
IN.ADM2.00018,bajra,cleaned,16,0.4549428464675772,0.20697299355202153,0.0766285810620525
IN.ADM2.00018,cottonlint,full,16,0.021344747336158806,0.00045559823884445846,0.9374610253669768
IN.ADM2.00018,cottonlint,cleaned,16,0.021344747336158806,0.00045559823884445846,0.9374610253669768
IN.ADM2.00018,groundnut,full,16,0.5258453177249819,0.2765132981732871,0.03642876898014338
IN.ADM2.00018,groundnut,cleaned,16,0.5258453177249819,0.2765132981732871,0.03642876898014338
IN.ADM2.00018,jowar,full,16,-0.3256744422258505,0.10606384231911885,0.2183488983768041
IN.ADM2.00018,jowar,cleaned,16,-0.3256744422258505,0.10606384231911885,0.2183488983768041
IN.ADM2.00018,maize,full,16,0.5129849552206582,0.2631535642827407,0.04214777178351306
IN.ADM2.00018,maize,cleaned,16,0.5129849552206582,0.2631535642827407,0.04214777178351306
IN.ADM2.00018,ragi,full,7,-0.024599478513787663,0.0006051343431503008,0.9582512627082928
IN.ADM2.00018,ragi,cleaned,7,-0.024599478513787663,0.0006051343431503008,0.9582512627082928
IN.ADM2.00018,rapeseed_mustard,full,13,0.1924468593172793,0.0370357936610847,0.5287641676081712
IN.ADM2.00018,rapeseed_mustard,cleaned,12,0.2694107359125025,0.07258214462491615,0.3971113701137059
IN.ADM2.00018,rice,full,16,0.5482364199614125,0.3005631721721062,0.02789450627447951
IN.ADM2.00018,rice,cleaned,16,0.5482364199614125,0.3005631721721062,0.02789450627447951
IN.ADM2.00018,sesamum,full,16,-0.2404408560212363,0.057811805244224884,0.3697140549057325
IN.ADM2.00018,sesamum,cleaned,16,-0.2404408560212363,0.057811805244224884,0.3697140549057325
IN.ADM2.00018,soyabean,full,13,0.7718332205345276,0.5957265203207007,0.001995305550948386
IN.ADM2.00018,soyabean,cleaned,13,0.7718332205345276,0.5957265203207007,0.001995305550948386
IN.ADM2.00018,sugarcane,full,16,0.32471528993089516,0.1054400195149053,0.2197873382834412
IN.ADM2.00018,sugarcane,cleaned,16,0.32471528993089516,0.1054400195149053,0.2197873382834412
IN.ADM2.00021,arhartur,full,16,0.05162991614069313,0.002665648240695005,0.8493932168438223
IN.ADM2.00021,arhartur,cleaned,16,0.05162991614069313,0.002665648240695005,0.8493932168438223
IN.ADM2.00021,bajra,full,16,-0.22753590288661604,0.05177258710242757,0.3967084920672306
IN.ADM2.00021,bajra,cleaned,16,-0.22753590288661604,0.05177258710242757,0.3967084920672306
IN.ADM2.00021,cottonlint,full,16,-0.1163305440635802,0.013532795482128575,0.6678955173186598
IN.ADM2.00021,cottonlint,cleaned,16,-0.1163305440635802,0.013532795482128575,0.6678955173186598
IN.ADM2.00021,groundnut,full,16,-0.034974628063046104,0.001223224608148412,0.897683270179387
IN.ADM2.00021,groundnut,cleaned,16,-0.034974628063046104,0.001223224608148412,0.897683270179387
IN.ADM2.00021,jowar,full,16,-0.168369920179114,0.028348430021121224,0.5330715720158694
IN.ADM2.00021,jowar,cleaned,16,-0.168369920179114,0.028348430021121224,0.5330715720158694
IN.ADM2.00021,maize,full,16,0.14326525107371363,0.020524932165214203,0.5965839126534346
IN.ADM2.00021,maize,cleaned,16,0.14326525107371363,0.020524932165214203,0.5965839126534346
IN.ADM2.00021,ragi,full,16,-0.5913696588775771,0.3497180734409819,0.01583269469041842
IN.ADM2.00021,ragi,cleaned,16,-0.5913696588775771,0.3497180734409819,0.01583269469041842
IN.ADM2.00021,rice,full,16,0.06835217116610508,0.004672019303120526,0.8014091996715411
IN.ADM2.00021,rice,cleaned,16,0.06835217116610508,0.004672019303120526,0.8014091996715411
IN.ADM2.00021,sesamum,full,16,-0.5442931121702594,0.29625499195598665,0.029273778204618597
IN.ADM2.00021,sesamum,cleaned,16,-0.5442931121702594,0.29625499195598665,0.029273778204618597
IN.ADM2.00021,sugarcane,full,16,0.31815659955182196,0.1012236218383784,0.22978494135685823
IN.ADM2.00021,sugarcane,cleaned,16,0.31815659955182196,0.1012236218383784,0.22978494135685823
IN.ADM2.00025,arhartur,full,14,-0.012301966710824785,0.0001513383849542412,0.966706589888539
IN.ADM2.00025,arhartur,cleaned,14,-0.012301966710824785,0.0001513383849542412,0.966706589888539
IN.ADM2.00025,cottonlint,full,16,-0.0600137845308662,0.003601654333717235,0.8252634823705899
IN.ADM2.00025,cottonlint,cleaned,16,-0.0600137845308662,0.003601654333717235,0.8252634823705899
IN.ADM2.00025,groundnut,full,16,-0.2466594807259245,0.06084089943198272,0.3570781289404912
IN.ADM2.00025,groundnut,cleaned,15,-0.2798783196309891,0.07833187379946609,0.3123494614413604
IN.ADM2.00025,jowar,full,14,0.051460987529072674,0.0026482332374673733,0.8613064085220856
IN.ADM2.00025,jowar,cleaned,14,0.051460987529072674,0.0026482332374673733,0.8613064085220856
IN.ADM2.00025,maize,full,16,0.17988148843747653,0.032357349882482005,0.505008142436647
IN.ADM2.00025,maize,cleaned,16,0.17988148843747653,0.032357349882482005,0.505008142436647
IN.ADM2.00025,rice,full,16,-0.1676399782679367,0.02810316231367429,0.5348743246825048
IN.ADM2.00025,rice,cleaned,16,-0.1676399782679367,0.02810316231367429,0.5348743246825048
IN.ADM2.00025,sugarcane,full,16,0.16012103434552719,0.025638745639881496,0.5536011235939956
IN.ADM2.00025,sugarcane,cleaned,16,0.16012103434552719,0.025638745639881496,0.5536011235939956
IN.ADM2.00026,maize,full,16,0.01138130139369875,0.00012953402141420913,0.9666316451509117
IN.ADM2.00026,maize,cleaned,16,0.01138130139369875,0.00012953402141420913,0.9666316451509117
IN.ADM2.00026,potato,full,16,-0.025881328218621782,0.0006698431503600282,0.9242015521568709
IN.ADM2.00026,potato,cleaned,15,0.1465402685989381,0.02147405032104892,0.6022701529263584
IN.ADM2.00026,rice,full,16,-0.02470063393106532,0.0006101213165964955,0.9276508068745934
IN.ADM2.00026,rice,cleaned,16,-0.02470063393106532,0.0006101213165964955,0.9276508068745934
IN.ADM2.00026,sugarcane,full,15,-0.24517804605270754,0.06011227426622358,0.3784554600486373
IN.ADM2.00026,sugarcane,cleaned,15,-0.24517804605270754,0.06011227426622358,0.3784554600486373
IN.ADM2.00027,maize,full,16,-0.16395466784315232,0.026881133107558408,0.5440174584403559
IN.ADM2.00027,maize,cleaned,16,-0.16395466784315232,0.026881133107558408,0.5440174584403559
IN.ADM2.00027,potato,full,16,-0.05463569817731877,0.0029850595153230733,0.8407267073498486
IN.ADM2.00027,potato,cleaned,16,-0.05463569817731877,0.0029850595153230733,0.8407267073498486
IN.ADM2.00027,sugarcane,full,16,0.07415381762371574,0.005498788668171295,0.784907202174245
IN.ADM2.00027,sugarcane,cleaned,11,0.04988603137771193,0.0024886161266180593,0.8841914554079104
IN.ADM2.00027,wheat,full,16,0.17135965021225247,0.029364129720865516,0.5257163975662456
IN.ADM2.00027,wheat,cleaned,16,0.17135965021225247,0.029364129720865516,0.5257163975662456
IN.ADM2.00030,maize,full,16,0.3540224387710793,0.12533188715342258,0.17853506569382133
IN.ADM2.00030,maize,cleaned,15,0.2978860395702852,0.08873609257086952,0.28088173198374056
IN.ADM2.00030,potato,full,16,0.23591073128574397,0.055653873135774495,0.3790721211666672
IN.ADM2.00030,potato,cleaned,16,0.23591073128574397,0.055653873135774495,0.3790721211666672
IN.ADM2.00030,rice,full,16,-0.1279855620088524,0.0163803040827218,0.6366660142296854
IN.ADM2.00030,rice,cleaned,16,-0.1279855620088524,0.0163803040827218,0.6366660142296854
IN.ADM2.00030,sugarcane,full,15,-0.22867207687548716,0.05229091874254871,0.41235475087364704
IN.ADM2.00030,sugarcane,cleaned,15,-0.22867207687548716,0.05229091874254871,0.41235475087364704
IN.ADM2.00033,maize,full,16,0.10368300019857085,0.010750164530176843,0.702370551051536
IN.ADM2.00033,maize,cleaned,15,-0.40869140306327423,0.16702866293782767,0.13040657190376928
IN.ADM2.00033,potato,full,16,0.028823771307487506,0.00083080979238634,0.9156111931428902
IN.ADM2.00033,potato,cleaned,16,0.028823771307487506,0.00083080979238634,0.9156111931428902
IN.ADM2.00033,rice,full,16,-0.07852800266890514,0.006166647203167573,0.7725215771080214
IN.ADM2.00033,rice,cleaned,16,-0.07852800266890514,0.006166647203167573,0.7725215771080214
IN.ADM2.00033,sugarcane,full,5,0.8187861024084995,0.6704106814973018,0.09004280684488337
IN.ADM2.00033,sugarcane,cleaned,5,0.8187861024084995,0.6704106814973018,0.09004280684488337
IN.ADM2.00034,potato,full,16,0.040356335146974356,0.0016286337864949178,0.8820348742153787
IN.ADM2.00034,potato,cleaned,16,0.040356335146974356,0.0016286337864949178,0.8820348742153787
IN.ADM2.00034,sugarcane,full,16,-0.29879587103346517,0.08927897254664714,0.2609465165606651
IN.ADM2.00034,sugarcane,cleaned,16,-0.29879587103346517,0.08927897254664714,0.2609465165606651
IN.ADM2.00036,maize,full,16,-0.07337246145809498,0.005383518100419633,0.7871248245845142
IN.ADM2.00036,maize,cleaned,15,-0.06785293710672465,0.00460402107400913,0.8101203901732911
IN.ADM2.00036,potato,full,16,-0.059968868064860736,0.0035962651369806737,0.82539238625038
IN.ADM2.00036,potato,cleaned,16,-0.059968868064860736,0.0035962651369806737,0.82539238625038
IN.ADM2.00036,rice,full,16,-0.06054305914160306,0.0036654620102236457,0.8237448553871077
IN.ADM2.00036,rice,cleaned,16,-0.06054305914160306,0.0036654620102236457,0.8237448553871077
IN.ADM2.00036,sugarcane,full,16,0.3401195759479513,0.1156813259430142,0.1974113234796408
IN.ADM2.00036,sugarcane,cleaned,14,0.12115896885975073,0.014679495735158048,0.6799033360005726
IN.ADM2.00037,arhartur,full,16,0.11605535531207972,0.01346884549661307,0.6686393349341371
IN.ADM2.00037,arhartur,cleaned,16,0.11605535531207972,0.01346884549661307,0.6686393349341371
IN.ADM2.00037,cottonlint,full,16,0.24438120760460894,0.05972217463028697,0.3616791146911318
IN.ADM2.00037,cottonlint,cleaned,16,0.24438120760460894,0.05972217463028697,0.3616791146911318
IN.ADM2.00037,maize,full,15,0.29183674323833264,0.0851686847039565,0.29123338216203287
IN.ADM2.00037,maize,cleaned,15,0.29183674323833264,0.0851686847039565,0.29123338216203287
IN.ADM2.00037,potato,full,16,-0.5370073274553872,0.2883768697407774,0.03195830702127604
IN.ADM2.00037,potato,cleaned,16,-0.5370073274553872,0.2883768697407774,0.03195830702127604
IN.ADM2.00037,rapeseed_mustard,full,16,-0.30414815657313965,0.09250610114683908,0.25208503141202543
IN.ADM2.00037,rapeseed_mustard,cleaned,16,-0.30414815657313965,0.09250610114683908,0.25208503141202543
IN.ADM2.00037,rice,full,16,-0.13494183002729948,0.018209297491116584,0.6182924052120484
IN.ADM2.00037,rice,cleaned,16,-0.13494183002729948,0.018209297491116584,0.6182924052120484
IN.ADM2.00037,sesamum,full,16,-0.1082476335642917,0.011717550172269173,0.6898612665859483
IN.ADM2.00037,sesamum,cleaned,16,-0.1082476335642917,0.011717550172269173,0.6898612665859483
IN.ADM2.00037,sugarcane,full,16,0.20933111026897722,0.0438195137264427,0.43652012584995714
IN.ADM2.00037,sugarcane,cleaned,16,0.20933111026897722,0.0438195137264427,0.43652012584995714
IN.ADM2.00037,wheat,full,16,-0.24610675288298003,0.060568533814604204,0.35819134574591127
IN.ADM2.00037,wheat,cleaned,16,-0.24610675288298003,0.060568533814604204,0.35819134574591127
IN.ADM2.00039,arhartur,full,16,0.1352101561611359,0.018281786329118758,0.6175878165086942
IN.ADM2.00039,arhartur,cleaned,15,0.0333294255144414,0.0011108506051226974,0.906133227121006
IN.ADM2.00039,cottonlint,full,16,-0.19778108080643092,0.039117355924959955,0.4627955955178169
IN.ADM2.00039,maize,full,15,0.34577083140306974,0.11955746784917008,0.206816146250107
IN.ADM2.00039,maize,cleaned,13,0.3304621024021608,0.1092052011240562,0.2701161962561869
IN.ADM2.00039,potato,full,16,0.027049142518992875,0.0007316561110127882,0.9207911693582745
IN.ADM2.00039,potato,cleaned,16,0.027049142518992875,0.0007316561110127882,0.9207911693582745
IN.ADM2.00039,rapeseed_mustard,full,16,0.13007099927927765,0.016918464853509847,0.6311362711525876
IN.ADM2.00039,rapeseed_mustard,cleaned,16,0.13007099927927765,0.016918464853509847,0.6311362711525876
IN.ADM2.00039,rice,full,16,0.5329485878339083,0.2840341972741571,0.033532709424472895
IN.ADM2.00039,rice,cleaned,16,0.5329485878339083,0.2840341972741571,0.033532709424472895
IN.ADM2.00039,sesamum,full,16,-0.11938780500743795,0.014253447984494027,0.6596515508096328
IN.ADM2.00039,sesamum,cleaned,16,-0.11938780500743795,0.014253447984494027,0.6596515508096328
IN.ADM2.00039,sugarcane,full,16,-0.06903239654164393,0.004765471772282774,0.7994701748965005
IN.ADM2.00039,sugarcane,cleaned,16,-0.06903239654164393,0.004765471772282774,0.7994701748965005
IN.ADM2.00039,wheat,full,16,-0.21778118647186556,0.04742864518109348,0.4177929151535911
IN.ADM2.00039,wheat,cleaned,16,-0.21778118647186556,0.04742864518109348,0.4177929151535911
IN.ADM2.00041,arhartur,full,16,0.1515188618859505,0.022957965507213747,0.5753683341011189
IN.ADM2.00041,arhartur,cleaned,12,0.06395843297635749,0.004090681148791213,0.8434576244949781
IN.ADM2.00041,cottonlint,full,16,-0.24997096427972074,0.06248548298293342,0.3504492934792909
IN.ADM2.00041,cottonlint,cleaned,13,0.17747462248986715,0.031497241627920856,0.5618779664386738
IN.ADM2.00041,maize,full,15,0.3090115585589219,0.095488143323014,0.2624254324209247
IN.ADM2.00041,maize,cleaned,15,0.3090115585589219,0.095488143323014,0.2624254324209247
IN.ADM2.00041,potato,full,16,-0.33884912002689727,0.11481872614300263,0.19919838554780553
IN.ADM2.00041,potato,cleaned,16,-0.33884912002689727,0.11481872614300263,0.19919838554780553
IN.ADM2.00041,rapeseed_mustard,full,16,0.07403950990371494,0.0054818490267823025,0.7852315306154358
IN.ADM2.00041,rapeseed_mustard,cleaned,15,0.15526533513844648,0.024107324295654105,0.5805779880614653
IN.ADM2.00041,rice,full,16,0.0009915270699751705,9.831259304935466e-07,0.9970922363901172
IN.ADM2.00041,rice,cleaned,16,0.0009915270699751705,9.831259304935466e-07,0.9970922363901172
IN.ADM2.00041,sugarcane,full,16,0.3792830448322999,0.14385562809726044,0.14737573920088864
IN.ADM2.00041,sugarcane,cleaned,16,0.3792830448322999,0.14385562809726044,0.14737573920088864
IN.ADM2.00042,arhartur,full,16,0.07909691140232046,0.006256321393386532,0.7709144065631759
IN.ADM2.00042,arhartur,cleaned,16,0.07909691140232046,0.006256321393386532,0.7709144065631759
IN.ADM2.00042,maize,full,15,0.31484836543905115,0.0991294932196423,0.2530448169064509
IN.ADM2.00042,maize,cleaned,15,0.31484836543905115,0.0991294932196423,0.2530448169064509
IN.ADM2.00042,potato,full,16,0.06470025010125353,0.004186122363164758,0.8118375579717229
IN.ADM2.00042,potato,cleaned,15,0.2103165781619726,0.044233063049761136,0.45183256452680126
IN.ADM2.00042,rapeseed_mustard,full,16,-0.33765839422735844,0.1140131911921982,0.20088279230149725
IN.ADM2.00042,rapeseed_mustard,cleaned,16,-0.33765839422735844,0.1140131911921982,0.20088279230149725
IN.ADM2.00042,rice,full,16,-0.06537439271960296,0.004273811223456877,0.8099102031435849
IN.ADM2.00042,rice,cleaned,16,-0.06537439271960296,0.004273811223456877,0.8099102031435849
IN.ADM2.00042,sesamum,full,16,0.002303026847529893,5.303932660443478e-06,0.9932461755275102
IN.ADM2.00042,sesamum,cleaned,16,0.002303026847529893,5.303932660443478e-06,0.9932461755275102
IN.ADM2.00042,sugarcane,full,16,0.5271651852166659,0.27790313250452164,0.035876859304474824
IN.ADM2.00042,sugarcane,cleaned,16,0.5271651852166659,0.27790313250452164,0.035876859304474824
IN.ADM2.00043,arhartur,full,16,0.11464063322971257,0.01314247478730948,0.6724677874922507
IN.ADM2.00043,arhartur,cleaned,16,0.11464063322971257,0.01314247478730948,0.6724677874922507
IN.ADM2.00043,maize,full,14,0.40967745127648764,0.1678356140843989,0.14574495698034684
IN.ADM2.00043,maize,cleaned,13,0.20187149091907391,0.04075209884588974,0.5083679708507165
IN.ADM2.00043,potato,full,16,0.18342642672803097,0.033645254022213716,0.49650800401707096
IN.ADM2.00043,potato,cleaned,16,0.18342642672803097,0.033645254022213716,0.49650800401707096
IN.ADM2.00043,rapeseed_mustard,full,16,-0.0036831055457905854,1.3565266461433366e-05,0.9891991544077227
IN.ADM2.00043,rapeseed_mustard,cleaned,16,-0.0036831055457905854,1.3565266461433366e-05,0.9891991544077227
IN.ADM2.00043,rice,full,16,-0.6900918269644851,0.47622672964318086,0.0030898334089795388
IN.ADM2.00043,rice,cleaned,16,-0.6900918269644851,0.47622672964318086,0.0030898334089795388
IN.ADM2.00043,sesamum,full,16,-0.040595796830745316,0.0016480187203231514,0.8813394995957298
IN.ADM2.00043,sesamum,cleaned,16,-0.040595796830745316,0.0016480187203231514,0.8813394995957298
IN.ADM2.00043,sugarcane,full,16,0.32519241362039863,0.10575010587626042,0.21907104371310632
IN.ADM2.00043,sugarcane,cleaned,16,0.32519241362039863,0.10575010587626042,0.21907104371310632
IN.ADM2.00045,arhartur,full,16,-0.12182395015031112,0.01484107483022549,0.653108562443145
IN.ADM2.00045,arhartur,cleaned,16,-0.12182395015031112,0.01484107483022549,0.653108562443145
IN.ADM2.00045,cottonlint,full,16,0.10906173188520474,0.011894461361800284,0.6876380293685104
IN.ADM2.00045,cottonlint,cleaned,16,0.10906173188520474,0.011894461361800284,0.6876380293685104
IN.ADM2.00045,maize,full,15,0.28045487766746807,0.07865493840747448,0.31131156795136183
IN.ADM2.00045,maize,cleaned,14,0.0389608208945179,0.0015179455647747024,0.8947981796841608
IN.ADM2.00045,potato,full,16,0.3636869060282149,0.1322681656163756,0.16614078332660823
IN.ADM2.00045,potato,cleaned,16,0.3636869060282149,0.1322681656163756,0.16614078332660823
IN.ADM2.00045,rapeseed_mustard,full,16,0.13068619067822831,0.01707888043398625,0.629508510906506
IN.ADM2.00045,rapeseed_mustard,cleaned,16,0.13068619067822831,0.01707888043398625,0.629508510906506
IN.ADM2.00045,rice,full,16,-0.3508426059510538,0.12309053415052643,0.18274295709301924
IN.ADM2.00045,rice,cleaned,16,-0.3508426059510538,0.12309053415052643,0.18274295709301924
IN.ADM2.00045,sugarcane,full,16,0.2683163767652823,0.07199367804044893,0.3149992636197236
IN.ADM2.00045,sugarcane,cleaned,16,0.2683163767652823,0.07199367804044893,0.3149992636197236
IN.ADM2.00047,arhartur,full,16,-0.0404434187848277,0.001635670123004954,0.8817819820006192
IN.ADM2.00047,arhartur,cleaned,16,-0.0404434187848277,0.001635670123004954,0.8817819820006192
IN.ADM2.00047,cottonlint,full,16,0.24736939967654803,0.06119161989633576,0.355651165370856
IN.ADM2.00047,cottonlint,cleaned,16,0.24736939967654803,0.06119161989633576,0.355651165370856
IN.ADM2.00047,potato,full,16,0.034929232433184826,0.0012200512783714507,0.8978154253540532
IN.ADM2.00047,potato,cleaned,16,0.034929232433184826,0.0012200512783714507,0.8978154253540532
IN.ADM2.00047,rapeseed_mustard,full,16,0.2147769360140529,0.04612913224358457,0.4244022620394984
IN.ADM2.00047,rapeseed_mustard,cleaned,16,0.2147769360140529,0.04612913224358457,0.4244022620394984
IN.ADM2.00047,rice,full,16,-0.45059370558290146,0.20303468751093048,0.07984870576631846
IN.ADM2.00047,rice,cleaned,16,-0.45059370558290146,0.20303468751093048,0.07984870576631846
IN.ADM2.00047,sugarcane,full,16,0.3297223563966343,0.10871683230774912,0.21234450769909471
IN.ADM2.00047,sugarcane,cleaned,16,0.3297223563966343,0.10871683230774912,0.21234450769909471
IN.ADM2.00049,arhartur,full,16,-0.48438318420150345,0.23462706913718762,0.0572528669881176
IN.ADM2.00049,arhartur,cleaned,15,-0.3884545091194526,0.1508969056552349,0.15246396494102465
IN.ADM2.00049,cottonlint,full,16,-0.12746559367525478,0.01624747757098515,0.6380475802159593
IN.ADM2.00049,maize,full,15,-0.053327700383498405,0.0028438436281921758,0.8502870170175159
IN.ADM2.00049,maize,cleaned,15,-0.053327700383498405,0.0028438436281921758,0.8502870170175159
IN.ADM2.00049,potato,full,16,-0.33862604823371506,0.11466760054238231,0.19951324432949358
IN.ADM2.00049,potato,cleaned,16,-0.33862604823371506,0.11466760054238231,0.19951324432949358
IN.ADM2.00049,rapeseed_mustard,full,16,-0.30088808703913233,0.09053364092206848,0.2574600809785785
IN.ADM2.00049,rapeseed_mustard,cleaned,16,-0.30088808703913233,0.09053364092206848,0.2574600809785785
IN.ADM2.00049,rice,full,16,-0.4112671421364194,0.1691406622010578,0.11351318798745712
IN.ADM2.00049,rice,cleaned,16,-0.4112671421364194,0.1691406622010578,0.11351318798745712
IN.ADM2.00049,sugarcane,full,16,0.2670257822124711,0.07130276836618205,0.31742208680466866
IN.ADM2.00049,sugarcane,cleaned,16,0.2670257822124711,0.07130276836618205,0.31742208680466866
IN.ADM2.00050,arhartur,full,16,-0.03312761551878057,0.0010974389099601516,0.9030622684281757
IN.ADM2.00050,arhartur,cleaned,16,-0.03312761551878057,0.0010974389099601516,0.9030622684281757
IN.ADM2.00050,cottonlint,full,16,-0.09343446968712815,0.008730000125714869,0.7307145093698958
IN.ADM2.00050,cottonlint,cleaned,15,-0.015572189456116409,0.00024249308445718307,0.9560736897892436
IN.ADM2.00050,maize,full,15,0.3691766212216779,0.13629137765665422,0.17567360924394854
IN.ADM2.00050,maize,cleaned,15,0.3691766212216779,0.13629137765665422,0.17567360924394854
IN.ADM2.00050,potato,full,16,0.229466639433433,0.05265493861287315,0.3926041555698917
IN.ADM2.00050,potato,cleaned,16,0.229466639433433,0.05265493861287315,0.3926041555698917
IN.ADM2.00050,rapeseed_mustard,full,16,0.4318093681027142,0.18645933038126533,0.09488239427811704
IN.ADM2.00050,rapeseed_mustard,cleaned,16,0.4318093681027142,0.18645933038126533,0.09488239427811704
IN.ADM2.00050,rice,full,16,0.06064474553985636,0.003677785161593928,0.8234531575272644
IN.ADM2.00050,rice,cleaned,16,0.06064474553985636,0.003677785161593928,0.8234531575272644
IN.ADM2.00050,sugarcane,full,16,0.174517749739296,0.030456444974067555,0.5179974563031651
IN.ADM2.00050,sugarcane,cleaned,16,0.174517749739296,0.030456444974067555,0.5179974563031651
IN.ADM2.00052,arhartur,full,16,-0.007270399134211264,5.28587035707399e-05,0.9786809563926022
IN.ADM2.00052,arhartur,cleaned,15,0.005664815169246837,3.209013090172907e-05,0.9840144238367023
IN.ADM2.00052,cottonlint,full,16,-0.30550788648495303,0.09333506870450295,0.24986386430418783
IN.ADM2.00052,cottonlint,cleaned,16,-0.30550788648495303,0.09333506870450295,0.24986386430418783
IN.ADM2.00052,maize,full,15,0.1896245636139702,0.03595747512578863,0.49848093214519523
IN.ADM2.00052,maize,cleaned,15,0.1896245636139702,0.03595747512578863,0.49848093214519523
IN.ADM2.00052,potato,full,16,-0.09695094091279806,0.00939948494387686,0.7209502390069396
IN.ADM2.00052,potato,cleaned,16,-0.09695094091279806,0.00939948494387686,0.7209502390069396
IN.ADM2.00052,rapeseed_mustard,full,16,-0.4578038221067068,0.20958433953550923,0.07456218285766882
IN.ADM2.00052,rapeseed_mustard,cleaned,16,-0.4578038221067068,0.20958433953550923,0.07456218285766882
IN.ADM2.00052,rice,full,16,-0.07439847687802686,0.005535133361770298,0.7842131352738673
IN.ADM2.00052,rice,cleaned,16,-0.07439847687802686,0.005535133361770298,0.7842131352738673
IN.ADM2.00052,sesamum,full,16,0.11518558746668467,0.013267719560045264,0.6709921593348105
IN.ADM2.00052,sesamum,cleaned,16,0.11518558746668467,0.013267719560045264,0.6709921593348105
IN.ADM2.00052,sugarcane,full,16,0.41237483242901246,0.1700530024208561,0.11244804231954461
IN.ADM2.00052,sugarcane,cleaned,15,0.10678415253973482,0.011402855233629354,0.7048512099551386
IN.ADM2.00052,wheat,full,16,-0.04124908437958903,0.0017014869621544558,0.8794428274344629
IN.ADM2.00052,wheat,cleaned,15,-0.006218875183177361,3.8674408543939255e-05,0.9824511303650175
IN.ADM2.00053,maize,full,15,0.27199232817075153,0.0739798265837458,0.32674586660142346
IN.ADM2.00053,maize,cleaned,12,0.3609493385963224,0.1302844250331226,0.24903151171188154
IN.ADM2.00053,rapeseed_mustard,full,16,-0.019258528642977918,0.0003708909254924009,0.9435639788719079
IN.ADM2.00053,rapeseed_mustard,cleaned,16,-0.019258528642977918,0.0003708909254924009,0.9435639788719079
IN.ADM2.00053,rice,full,16,-0.0410487831118454,0.0016850025949633242,0.8800242918612438
IN.ADM2.00053,rice,cleaned,16,-0.0410487831118454,0.0016850025949633242,0.8800242918612438
IN.ADM2.00053,sesamum,full,16,-0.1659897560036564,0.027552599098153385,0.5389599466474574
IN.ADM2.00053,sesamum,cleaned,14,-0.22094905272384224,0.04881848389956322,0.44779582962620706
IN.ADM2.00054,arhartur,full,16,-0.15715063166521917,0.024696321032777385,0.5610768784412095
IN.ADM2.00054,arhartur,cleaned,16,-0.15715063166521917,0.024696321032777385,0.5610768784412095
IN.ADM2.00054,cottonlint,full,16,0.09666300085891096,0.00934373573504982,0.7217482743301806
IN.ADM2.00054,cottonlint,cleaned,15,-0.1582235678018573,0.025034697407948937,0.5732971641870197
IN.ADM2.00054,maize,full,15,0.17851591441667441,0.031867931700021425,0.5244154555242875
IN.ADM2.00054,maize,cleaned,15,0.17851591441667441,0.031867931700021425,0.5244154555242875
IN.ADM2.00054,potato,full,16,-0.2813176679797872,0.07913963031758578,0.29119759941339535
IN.ADM2.00054,potato,cleaned,16,-0.2813176679797872,0.07913963031758578,0.29119759941339535
IN.ADM2.00054,rapeseed_mustard,full,16,0.1694392761002896,0.028709668285390174,0.5304355007153955
IN.ADM2.00054,rapeseed_mustard,cleaned,16,0.1694392761002896,0.028709668285390174,0.5304355007153955
IN.ADM2.00054,rice,full,16,-0.22347353721892557,0.04994042183713851,0.40541883427848374
IN.ADM2.00054,rice,cleaned,16,-0.22347353721892557,0.04994042183713851,0.40541883427848374
IN.ADM2.00054,sugarcane,full,16,0.18677134107338017,0.03488353384634891,0.4885501537405635
IN.ADM2.00054,sugarcane,cleaned,16,0.18677134107338017,0.03488353384634891,0.4885501537405635
IN.ADM2.00056,maize,full,15,0.3583332724191209,0.1284027341225959,0.1896928902240357
IN.ADM2.00056,maize,cleaned,15,0.3583332724191209,0.1284027341225959,0.1896928902240357
IN.ADM2.00056,rice,full,16,-0.004762356008816054,2.268003475470638e-05,0.9860344664003101
IN.ADM2.00056,rice,cleaned,16,-0.004762356008816054,2.268003475470638e-05,0.9860344664003101
IN.ADM2.00058,arhartur,full,16,-0.12082795101489624,0.014599393746458165,0.655780782323301
IN.ADM2.00058,arhartur,cleaned,16,-0.12082795101489624,0.014599393746458165,0.655780782323301
IN.ADM2.00058,cottonlint,full,16,0.26643067477254584,0.0709853044597541,0.31854292062487277
IN.ADM2.00058,cottonlint,cleaned,16,0.26643067477254584,0.0709853044597541,0.31854292062487277
IN.ADM2.00058,maize,full,15,0.3077305858792534,0.09469811348558854,0.26451199014563864
IN.ADM2.00058,maize,cleaned,15,0.3077305858792534,0.09469811348558854,0.26451199014563864
IN.ADM2.00058,potato,full,16,0.07224460775261202,0.005219283349328768,0.7903285682073411
IN.ADM2.00058,potato,cleaned,16,0.07224460775261202,0.005219283349328768,0.7903285682073411
IN.ADM2.00058,rapeseed_mustard,full,16,-0.2869356385723608,0.08233206068292848,0.2812550387553308
IN.ADM2.00058,rapeseed_mustard,cleaned,16,-0.2869356385723608,0.08233206068292848,0.2812550387553308
IN.ADM2.00058,rice,full,16,-0.6508414731184927,0.4235946231310497,0.006324686000068906
IN.ADM2.00058,rice,cleaned,16,-0.6508414731184927,0.4235946231310497,0.006324686000068906
IN.ADM2.00058,sesamum,full,16,0.14210918039842071,0.020195019153510883,0.5995805869118669
IN.ADM2.00058,sesamum,cleaned,16,0.14210918039842071,0.020195019153510883,0.5995805869118669
IN.ADM2.00058,sugarcane,full,16,0.3917461539150147,0.1534650491072064,0.13345547876117037
IN.ADM2.00058,sugarcane,cleaned,16,0.3917461539150147,0.1534650491072064,0.13345547876117037
IN.ADM2.00059,arhartur,full,16,0.21418445248660678,0.04587497968698752,0.42571209672517485
IN.ADM2.00059,arhartur,cleaned,16,0.21418445248660678,0.04587497968698752,0.42571209672517485
IN.ADM2.00059,maize,full,15,0.3981987234198237,0.15856222333317727,0.14155276010630316
IN.ADM2.00059,maize,cleaned,14,0.23388628823699303,0.05470279582527779,0.420942233021265
IN.ADM2.00059,potato,full,16,0.32150926424444937,0.10336820699500716,0.22463913732542876
IN.ADM2.00059,potato,cleaned,16,0.32150926424444937,0.10336820699500716,0.22463913732542876
IN.ADM2.00059,rapeseed_mustard,full,16,-0.19533327062006273,0.03815508661113066,0.4684627218642205
IN.ADM2.00059,rapeseed_mustard,cleaned,16,-0.19533327062006273,0.03815508661113066,0.4684627218642205
IN.ADM2.00059,rice,full,16,-0.03859201985925426,0.0014893439968170755,0.8871607420703989
IN.ADM2.00059,rice,cleaned,16,-0.03859201985925426,0.0014893439968170755,0.8871607420703989
IN.ADM2.00059,sugarcane,full,16,0.3029261416372297,0.09176424728721895,0.25409162817559117
IN.ADM2.00059,sugarcane,cleaned,16,0.3029261416372297,0.09176424728721895,0.25409162817559117
IN.ADM2.00060,arhartur,full,15,0.05484462714042515,0.0030079331261722592,0.8460745689115877
IN.ADM2.00060,arhartur,cleaned,15,0.05484462714042515,0.0030079331261722592,0.8460745689115877
IN.ADM2.00060,barley,full,11,0.48915497793770807,0.23927259244123966,0.12676634826912928
IN.ADM2.00060,barley,cleaned,11,0.48915497793770807,0.23927259244123966,0.12676634826912928
IN.ADM2.00060,groundnut,full,7,0.8619212019677163,0.7429081584014727,0.01261438142925638
IN.ADM2.00060,groundnut,cleaned,7,0.8619212019677163,0.7429081584014727,0.01261438142925638
IN.ADM2.00060,jowar,full,5,0.48290617719175377,0.2331983759699535,0.40995663610189653
IN.ADM2.00060,jowar,cleaned,5,0.48290617719175377,0.2331983759699535,0.40995663610189653
IN.ADM2.00060,maize,full,16,-0.1702363986885534,0.0289804314384481,0.5284743454106587
IN.ADM2.00060,maize,cleaned,16,-0.1702363986885534,0.0289804314384481,0.5284743454106587
IN.ADM2.00060,potato,full,8,0.6760129701857303,0.456993535859333,0.06569988826589158
IN.ADM2.00060,potato,cleaned,8,0.6760129701857303,0.456993535859333,0.06569988826589158
IN.ADM2.00060,rapeseed_mustard,full,15,-0.08205976561661348,0.006733805133053539,0.771254493016087
IN.ADM2.00060,rapeseed_mustard,cleaned,15,-0.08205976561661348,0.006733805133053539,0.771254493016087
IN.ADM2.00060,rice,full,16,0.3354670260407717,0.11253812556063982,0.20400675878174598
IN.ADM2.00060,rice,cleaned,16,0.3354670260407717,0.11253812556063982,0.20400675878174598
IN.ADM2.00060,sesamum,full,13,-0.14905367063802383,0.022216996730668487,0.6269672013054551
IN.ADM2.00060,sesamum,cleaned,13,-0.14905367063802383,0.022216996730668487,0.6269672013054551
IN.ADM2.00061,arhartur,full,16,0.018733609326260687,0.0003509481183889614,0.945100036142946
IN.ADM2.00061,arhartur,cleaned,16,0.018733609326260687,0.0003509481183889614,0.945100036142946
IN.ADM2.00061,barley,full,16,0.208177565343563,0.04333789871237344,0.4391094477862262
IN.ADM2.00061,barley,cleaned,16,0.208177565343563,0.04333789871237344,0.4391094477862262
IN.ADM2.00061,maize,full,16,0.13249872003057603,0.01755591080974097,0.6247219717867382
IN.ADM2.00061,maize,cleaned,16,0.13249872003057603,0.01755591080974097,0.6247219717867382
IN.ADM2.00061,potato,full,8,-0.7807111176353168,0.6095098491993854,0.022217070769980828
IN.ADM2.00061,potato,cleaned,8,-0.7807111176353168,0.6095098491993854,0.022217070769980828
IN.ADM2.00061,rapeseed_mustard,full,16,-0.18848801414923233,0.03552773147792121,0.48448990074225107
IN.ADM2.00061,rapeseed_mustard,cleaned,16,-0.18848801414923233,0.03552773147792121,0.48448990074225107
IN.ADM2.00061,rice,full,16,0.20948562267356496,0.04388422610693123,0.4361738917644889
IN.ADM2.00061,rice,cleaned,16,0.20948562267356496,0.04388422610693123,0.4361738917644889
IN.ADM2.00061,sesamum,full,15,-0.638152450434157,0.4072385499951192,0.010467434580510407
IN.ADM2.00061,sesamum,cleaned,14,-0.21147259937982402,0.04472066028845954,0.46798736601835467
IN.ADM2.00061,sugarcane,full,14,-0.04353806120282633,0.0018955627733010512,0.882512610148561
IN.ADM2.00061,sugarcane,cleaned,14,-0.04353806120282633,0.0018955627733010512,0.882512610148561
IN.ADM2.00061,wheat,full,16,-0.12584853034482762,0.015837852589953,0.6423512729589919
IN.ADM2.00061,wheat,cleaned,16,-0.12584853034482762,0.015837852589953,0.6423512729589919
IN.ADM2.00065,arhartur,full,16,-0.08436846495988286,0.007118037879686982,0.756064531421445
IN.ADM2.00065,arhartur,cleaned,15,-0.06525616476062122,0.0042583670392653435,0.8172718840341379
IN.ADM2.00065,barley,full,16,0.14414831351430157,0.02077873628901738,0.5942989986638237
IN.ADM2.00065,barley,cleaned,16,0.14414831351430157,0.02077873628901738,0.5942989986638237
IN.ADM2.00065,maize,full,16,-0.05743541196184086,0.0032988265472263727,0.8326697248585986
IN.ADM2.00065,maize,cleaned,15,-0.008566672742748416,7.338788188134866e-05,0.9758274845599432
IN.ADM2.00065,potato,full,8,0.18113610219348986,0.0328102875178504,0.6677255944813418
IN.ADM2.00065,potato,cleaned,7,0.5633854318455938,0.31740314481584614,0.1878256510882122
IN.ADM2.00065,rapeseed_mustard,full,16,-0.024320312097531403,0.0005914775805213324,0.928762130847797
IN.ADM2.00065,rapeseed_mustard,cleaned,15,0.06909979755893905,0.00477478202268636,0.8066914568322877
IN.ADM2.00065,rice,full,16,0.5230415268720685,0.27357243883266474,0.03762245083266508
IN.ADM2.00065,rice,cleaned,16,0.5230415268720685,0.27357243883266474,0.03762245083266508
IN.ADM2.00065,sesamum,full,10,0.029190991254752337,0.0008521139704350274,0.9361990908043111
IN.ADM2.00065,sesamum,cleaned,6,-0.06668500649232986,0.0044468900908820755,0.9001207607087958
IN.ADM2.00065,sugarcane,full,14,0.6953541010248301,0.4835173258120496,0.005761692202805703
IN.ADM2.00065,sugarcane,cleaned,14,0.6953541010248301,0.4835173258120496,0.005761692202805703
IN.ADM2.00065,wheat,full,16,-0.14894839075063504,0.022185623107203862,0.5819415906939075
IN.ADM2.00065,wheat,cleaned,15,-0.2485803169245729,0.06179217396232111,0.3716614589368654
IN.ADM2.00066,arhartur,full,9,0.08641346295649192,0.007467286580133002,0.8250517124006759
IN.ADM2.00066,arhartur,cleaned,9,0.08641346295649192,0.007467286580133002,0.8250517124006759
IN.ADM2.00066,maize,full,14,-0.40614851713424815,0.16495661797034866,0.14959038948990852
IN.ADM2.00066,maize,cleaned,14,-0.40614851713424815,0.16495661797034866,0.14959038948990852
IN.ADM2.00066,potato,full,12,-0.0647509615217366,0.004192687017989413,0.8415393714341594
IN.ADM2.00066,potato,cleaned,12,-0.0647509615217366,0.004192687017989413,0.8415393714341594
IN.ADM2.00066,ragi,full,6,0.5328185887481743,0.2838956485155961,0.2764045562746522
IN.ADM2.00066,ragi,cleaned,6,0.5328185887481743,0.2838956485155961,0.2764045562746522
IN.ADM2.00066,rapeseed_mustard,full,13,-0.6169076826046984,0.38057508885669933,0.02470748481177621
IN.ADM2.00066,rapeseed_mustard,cleaned,13,-0.6169076826046984,0.38057508885669933,0.02470748481177621
IN.ADM2.00066,rice,full,14,0.1184673108984236,0.014034503751503757,0.6866815326796616
IN.ADM2.00066,rice,cleaned,14,0.1184673108984236,0.014034503751503757,0.6866815326796616
IN.ADM2.00068,arhartur,full,15,0.41648395196126836,0.1734588822412761,0.12252647554915376
IN.ADM2.00068,arhartur,cleaned,15,0.41648395196126836,0.1734588822412761,0.12252647554915376
IN.ADM2.00068,maize,full,14,0.3226088086474793,0.10407644341694593,0.2606044789870321
IN.ADM2.00068,maize,cleaned,14,0.3226088086474793,0.10407644341694593,0.2606044789870321
IN.ADM2.00068,potato,full,14,0.4384652109315198,0.19225174119722216,0.11681544239119257
IN.ADM2.00068,potato,cleaned,14,0.4384652109315198,0.19225174119722216,0.11681544239119257
IN.ADM2.00068,ragi,full,10,0.5609054892644297,0.3146149678869693,0.09163447983139099
IN.ADM2.00068,ragi,cleaned,9,0.04453798179931536,0.0019836318227561462,0.9094178171349436
IN.ADM2.00068,rapeseed_mustard,full,15,0.044688585263702243,0.0019970696528711853,0.8743460910888446
IN.ADM2.00068,rapeseed_mustard,cleaned,15,0.044688585263702243,0.0019970696528711853,0.8743460910888446
IN.ADM2.00068,rice,full,14,-0.20429712275936876,0.04173731436775659,0.48356161317898716
IN.ADM2.00068,rice,cleaned,14,-0.20429712275936876,0.04173731436775659,0.48356161317898716
IN.ADM2.00069,arhartur,full,16,0.13022135438872345,0.016957601138833506,0.6307382932641985
IN.ADM2.00069,arhartur,cleaned,16,0.13022135438872345,0.016957601138833506,0.6307382932641985
IN.ADM2.00069,barley,full,16,-0.10453540453689658,0.010927650801692619,0.7000290006176026
IN.ADM2.00069,barley,cleaned,16,-0.10453540453689658,0.010927650801692619,0.7000290006176026
IN.ADM2.00069,groundnut,full,13,-0.1406588081034483,0.019784900297082693,0.6467068106462751
IN.ADM2.00069,groundnut,cleaned,13,-0.1406588081034483,0.019784900297082693,0.6467068106462751
IN.ADM2.00069,jowar,full,7,0.7049249987934043,0.4969192539238811,0.0769024087692816
IN.ADM2.00069,jowar,cleaned,7,0.7049249987934043,0.4969192539238811,0.0769024087692816
IN.ADM2.00069,maize,full,16,0.1538308304847253,0.023663924407620288,0.5694829082442803
IN.ADM2.00069,maize,cleaned,16,0.1538308304847253,0.023663924407620288,0.5694829082442803
IN.ADM2.00069,potato,full,8,-0.21844235301636025,0.047717061591324154,0.6032633563662502
IN.ADM2.00069,potato,cleaned,8,-0.21844235301636025,0.047717061591324154,0.6032633563662502
IN.ADM2.00069,rapeseed_mustard,full,16,-0.018121333850903337,0.0003283827405358952,0.9468919501470942
IN.ADM2.00069,rapeseed_mustard,cleaned,16,-0.018121333850903337,0.0003283827405358952,0.9468919501470942
IN.ADM2.00069,rice,full,16,0.4109084185474205,0.1688457284331421,0.11385963987138317
IN.ADM2.00069,rice,cleaned,16,0.4109084185474205,0.1688457284331421,0.11385963987138317
IN.ADM2.00069,sesamum,full,15,-0.2148057943190011,0.046141529273017005,0.4420083271668515
IN.ADM2.00069,sesamum,cleaned,15,-0.2148057943190011,0.046141529273017005,0.4420083271668515
IN.ADM2.00069,sugarcane,full,14,0.40223560104609,0.1617934787489093,0.15393208802574707
IN.ADM2.00069,sugarcane,cleaned,14,0.40223560104609,0.1617934787489093,0.15393208802574707
IN.ADM2.00069,wheat,full,16,0.15694129452603178,0.024630569927506653,0.5616053586046559
IN.ADM2.00069,wheat,cleaned,16,0.15694129452603178,0.024630569927506653,0.5616053586046559
IN.ADM2.00071,arhartur,full,15,0.13298893043159649,0.01768605561734001,0.6365783816578995
IN.ADM2.00071,arhartur,cleaned,15,0.13298893043159649,0.01768605561734001,0.6365783816578995
IN.ADM2.00071,maize,full,14,-0.050196729476191894,0.002519711650105992,0.8646848103013227
IN.ADM2.00071,maize,cleaned,14,-0.050196729476191894,0.002519711650105992,0.8646848103013227
IN.ADM2.00071,potato,full,12,0.04178173858804021,0.0017457136794393284,0.8974167079212421
IN.ADM2.00071,potato,cleaned,12,0.04178173858804021,0.0017457136794393284,0.8974167079212421
IN.ADM2.00071,rapeseed_mustard,full,15,-0.15784547586656605,0.024915194251542688,0.5742256009819748
IN.ADM2.00071,rapeseed_mustard,cleaned,15,-0.15784547586656605,0.024915194251542688,0.5742256009819748
IN.ADM2.00072,arhartur,full,16,0.015657419008139967,0.0002451547699964627,0.9541052892768807
IN.ADM2.00072,arhartur,cleaned,16,0.015657419008139967,0.0002451547699964627,0.9541052892768807
IN.ADM2.00072,barley,full,11,-0.053141985211719145,0.0028240705922425763,0.8766811101616889
IN.ADM2.00072,barley,cleaned,11,-0.053141985211719145,0.0028240705922425763,0.8766811101616889
IN.ADM2.00072,maize,full,16,0.35292087475997114,0.12455314384134324,0.17998545853988432
IN.ADM2.00072,maize,cleaned,16,0.35292087475997114,0.12455314384134324,0.17998545853988432
IN.ADM2.00072,potato,full,8,0.7243043441456443,0.5246167829482519,0.04215273066871268
IN.ADM2.00072,potato,cleaned,8,0.7243043441456443,0.5246167829482519,0.04215273066871268
IN.ADM2.00072,rapeseed_mustard,full,16,0.3725082624856177,0.13876240562005385,0.15534126501021134
IN.ADM2.00072,rapeseed_mustard,cleaned,16,0.3725082624856177,0.13876240562005385,0.15534126501021134
IN.ADM2.00072,rice,full,16,-0.2028581161167349,0.041151415274430704,0.4511505212077752
IN.ADM2.00072,rice,cleaned,16,-0.2028581161167349,0.041151415274430704,0.4511505212077752
IN.ADM2.00072,sesamum,full,6,0.2709132331459555,0.07339397989359485,0.6035718504742781
IN.ADM2.00072,sesamum,cleaned,6,0.2709132331459555,0.07339397989359485,0.6035718504742781
IN.ADM2.00072,sugarcane,full,14,0.45998468399073844,0.21158590950605952,0.09793628845178062
IN.ADM2.00072,sugarcane,cleaned,14,0.45998468399073844,0.21158590950605952,0.09793628845178062
IN.ADM2.00072,wheat,full,16,-0.10396351361562957,0.010808412163307194,0.7015997039298925
IN.ADM2.00072,wheat,cleaned,16,-0.10396351361562957,0.010808412163307194,0.7015997039298925
IN.ADM2.00073,arhartur,full,15,0.025626332525316507,0.0006567089186980947,0.9277676357863317
IN.ADM2.00073,arhartur,cleaned,15,0.025626332525316507,0.0006567089186980947,0.9277676357863317
IN.ADM2.00073,maize,full,14,0.12190634937847744,0.014861158018787407,0.6780252188556932
IN.ADM2.00073,maize,cleaned,14,0.12190634937847744,0.014861158018787407,0.6780252188556932
IN.ADM2.00073,potato,full,14,0.04838583265830304,0.002341188802037305,0.8695276946357205
IN.ADM2.00073,potato,cleaned,14,0.04838583265830304,0.002341188802037305,0.8695276946357205
IN.ADM2.00073,ragi,full,14,0.04275962083777006,0.0018283851741898594,0.8846003281902155
IN.ADM2.00073,ragi,cleaned,13,0.08469398786792513,0.00717307158097225,0.7832448690950791
IN.ADM2.00073,rapeseed_mustard,full,15,-0.25473456209894535,0.06488969712774144,0.35954258240560355
IN.ADM2.00073,rapeseed_mustard,cleaned,15,-0.25473456209894535,0.06488969712774144,0.35954258240560355
IN.ADM2.00073,rice,full,14,0.013637891085688789,0.00018599207326510972,0.9630932442465021
IN.ADM2.00073,rice,cleaned,14,0.013637891085688789,0.00018599207326510972,0.9630932442465021
IN.ADM2.00073,sugarcane,full,5,0.22190504489788385,0.049241848951131845,0.7197979420079299
IN.ADM2.00073,sugarcane,cleaned,5,0.22190504489788385,0.049241848951131845,0.7197979420079299
IN.ADM2.00073,wheat,full,15,-0.5054099652447612,0.25543923296871074,0.05462301646921653
IN.ADM2.00073,wheat,cleaned,15,-0.5054099652447612,0.25543923296871074,0.05462301646921653
IN.ADM2.00075,arhartur,full,16,0.014472187125360497,0.00020944420019145012,0.9575763879150012
IN.ADM2.00075,arhartur,cleaned,16,0.014472187125360497,0.00020944420019145012,0.9575763879150012
IN.ADM2.00075,barley,full,16,-0.2445616600731806,0.05981040557774993,0.36131349200966634
IN.ADM2.00075,barley,cleaned,15,-0.0010337295320722445,1.0685967454783015e-06,0.997082746480445
IN.ADM2.00075,groundnut,full,8,-0.5083967960491804,0.25846730223307196,0.19827458382003707
IN.ADM2.00075,groundnut,cleaned,8,-0.5083967960491804,0.25846730223307196,0.19827458382003707
IN.ADM2.00075,maize,full,16,-0.19041264342625744,0.03625697477657506,0.4799571941485815
IN.ADM2.00075,maize,cleaned,15,-0.08130362335133598,0.006610279170055905,0.7733112428697927
IN.ADM2.00075,potato,full,8,-0.6400635215354089,0.40968131160030885,0.08737317136958218
IN.ADM2.00075,potato,cleaned,8,-0.6400635215354089,0.40968131160030885,0.08737317136958218
IN.ADM2.00075,rapeseed_mustard,full,16,0.0378220542125262,0.0014305077848552708,0.8893990507455727
IN.ADM2.00075,rapeseed_mustard,cleaned,16,0.0378220542125262,0.0014305077848552708,0.8893990507455727
IN.ADM2.00075,rice,full,16,0.27754597004971227,0.07703176549083578,0.2979887777150501
IN.ADM2.00075,rice,cleaned,16,0.27754597004971227,0.07703176549083578,0.2979887777150501
IN.ADM2.00075,sesamum,full,15,0.2517881632623735,0.06339727915903966,0.3653170963207424
IN.ADM2.00075,sesamum,cleaned,15,0.2517881632623735,0.06339727915903966,0.3653170963207424
IN.ADM2.00075,sugarcane,full,14,-0.19176826178347228,0.036775066227454356,0.5113275044797798
IN.ADM2.00075,sugarcane,cleaned,14,-0.19176826178347228,0.036775066227454356,0.5113275044797798
IN.ADM2.00075,wheat,full,16,0.1602677761163339,0.025685760061275324,0.5532329384083382
IN.ADM2.00075,wheat,cleaned,16,0.1602677761163339,0.025685760061275324,0.5532329384083382
IN.ADM2.00076,arhartur,full,15,-0.2355145186641969,0.05546708850162835,0.39811472753310057
IN.ADM2.00076,arhartur,cleaned,15,-0.2355145186641969,0.05546708850162835,0.39811472753310057
IN.ADM2.00076,barley,full,16,0.18248862254954562,0.03330209736003053,0.4987500789565809
IN.ADM2.00076,barley,cleaned,16,0.18248862254954562,0.03330209736003053,0.4987500789565809
IN.ADM2.00076,maize,full,16,0.13908126050452765,0.019343597023528284,0.6074578256466745
IN.ADM2.00076,maize,cleaned,16,0.13908126050452765,0.019343597023528284,0.6074578256466745
IN.ADM2.00076,potato,full,8,0.48098435767753167,0.23134595233046773,0.22759303236045245
IN.ADM2.00076,potato,cleaned,8,0.48098435767753167,0.23134595233046773,0.22759303236045245
IN.ADM2.00076,rapeseed_mustard,full,16,-0.48320587962102657,0.23348792210033,0.05795001215150182
IN.ADM2.00076,rapeseed_mustard,cleaned,16,-0.48320587962102657,0.23348792210033,0.05795001215150182
IN.ADM2.00076,rice,full,16,0.39451351335598417,0.1556409122204823,0.13049169263429705
IN.ADM2.00076,rice,cleaned,16,0.39451351335598417,0.1556409122204823,0.13049169263429705
IN.ADM2.00076,sugarcane,full,14,0.2912938992193677,0.08485213572242316,0.31228504343068336
IN.ADM2.00076,sugarcane,cleaned,14,0.2912938992193677,0.08485213572242316,0.31228504343068336
IN.ADM2.00078,arhartur,full,16,0.0768642763057783,0.005908116972011031,0.7772265684402422
IN.ADM2.00078,arhartur,cleaned,15,0.012601694342708277,0.0001588027003070458,0.9644474619290726
IN.ADM2.00078,barley,full,5,0.39580272998373484,0.15665980106257732,0.5095344261105741
IN.ADM2.00078,barley,cleaned,5,0.39580272998373484,0.15665980106257732,0.5095344261105741
IN.ADM2.00078,maize,full,16,-0.34825287915984526,0.12128006784312179,0.1862177749568436
IN.ADM2.00078,maize,cleaned,16,-0.34825287915984526,0.12128006784312179,0.1862177749568436
IN.ADM2.00078,potato,full,8,0.7493034754687641,0.5614556983495688,0.03235506283862228
IN.ADM2.00078,potato,cleaned,8,0.7493034754687641,0.5614556983495688,0.03235506283862228
IN.ADM2.00078,rapeseed_mustard,full,16,-0.658270713064262,0.43332033167813194,0.005564901990910282
IN.ADM2.00078,rapeseed_mustard,cleaned,16,-0.658270713064262,0.43332033167813194,0.005564901990910282
IN.ADM2.00078,rice,full,16,0.10229922172122441,0.010465130764768233,0.7061771237396474
IN.ADM2.00078,rice,cleaned,16,0.10229922172122441,0.010465130764768233,0.7061771237396474
IN.ADM2.00078,sesamum,full,15,0.5569685610570544,0.31021397800596573,0.031024832132077223
IN.ADM2.00078,sesamum,cleaned,15,0.5569685610570544,0.31021397800596573,0.031024832132077223
IN.ADM2.00078,sugarcane,full,10,0.49768381665506345,0.2476891813603508,0.1432606813635705
IN.ADM2.00078,sugarcane,cleaned,10,0.49768381665506345,0.2476891813603508,0.1432606813635705
IN.ADM2.00078,wheat,full,16,0.07285451133478987,0.005307779821831026,0.7885957022625838
IN.ADM2.00078,wheat,cleaned,16,0.07285451133478987,0.005307779821831026,0.7885957022625838
IN.ADM2.00081,arhartur,full,16,-0.2423739959744049,0.05874515392460084,0.3657598797812788
IN.ADM2.00081,arhartur,cleaned,16,-0.2423739959744049,0.05874515392460084,0.3657598797812788
IN.ADM2.00081,barley,full,16,0.15836669975143752,0.02508001159016196,0.5580111013744995
IN.ADM2.00081,barley,cleaned,16,0.15836669975143752,0.02508001159016196,0.5580111013744995
IN.ADM2.00081,maize,full,16,-0.2619206564935684,0.06860243029802185,0.3271117585147668
IN.ADM2.00081,maize,cleaned,16,-0.2619206564935684,0.06860243029802185,0.3271117585147668
IN.ADM2.00081,potato,full,8,0.2535751998975147,0.06430038200306454,0.5445345717475669
IN.ADM2.00081,potato,cleaned,7,0.247236221169304,0.061125749058077,0.5929881541590908
IN.ADM2.00081,rapeseed_mustard,full,16,-0.1481546355425257,0.021949796032738618,0.5839776714209804
IN.ADM2.00081,rapeseed_mustard,cleaned,16,-0.1481546355425257,0.021949796032738618,0.5839776714209804
IN.ADM2.00081,rice,full,16,0.3514811310553475,0.12353898548794637,0.1818928064934736
IN.ADM2.00081,rice,cleaned,16,0.3514811310553475,0.12353898548794637,0.1818928064934736
IN.ADM2.00081,sugarcane,full,14,0.12135403347067587,0.01472680143960192,0.6794129847979232
IN.ADM2.00081,sugarcane,cleaned,14,0.12135403347067587,0.01472680143960192,0.6794129847979232
IN.ADM2.00081,wheat,full,16,-0.11109251540573839,0.012341546979174221,0.6821025994954846
IN.ADM2.00081,wheat,cleaned,16,-0.11109251540573839,0.012341546979174221,0.6821025994954846
IN.ADM2.00083,arhartur,full,16,0.0893474241835635,0.007982962208237628,0.7421119132647377
IN.ADM2.00083,arhartur,cleaned,16,0.0893474241835635,0.007982962208237628,0.7421119132647377
IN.ADM2.00083,barley,full,16,-0.02282068337969596,0.0005207835899163314,0.933145323448352
IN.ADM2.00083,barley,cleaned,16,-0.02282068337969596,0.0005207835899163314,0.933145323448352
IN.ADM2.00083,maize,full,16,0.300341943068187,0.09020528276597409,0.2583673851861023
IN.ADM2.00083,maize,cleaned,16,0.300341943068187,0.09020528276597409,0.2583673851861023
IN.ADM2.00083,potato,full,8,-0.06005551838769645,0.003606665288814946,0.8876663602634365
IN.ADM2.00083,potato,cleaned,8,-0.06005551838769645,0.003606665288814946,0.8876663602634365
IN.ADM2.00083,rapeseed_mustard,full,16,-0.2040329372657959,0.04162943948930821,0.44847703184171883
IN.ADM2.00083,rapeseed_mustard,cleaned,15,-0.22963442792694239,0.0527319704893341,0.41033611046850715
IN.ADM2.00083,rice,full,16,0.11190350077666456,0.012522393486072965,0.6798962676350804
IN.ADM2.00083,rice,cleaned,16,0.11190350077666456,0.012522393486072965,0.6798962676350804
IN.ADM2.00083,sesamum,full,15,-0.1870662133215811,0.034993768166475286,0.5044000080004181
IN.ADM2.00083,sesamum,cleaned,15,-0.1870662133215811,0.034993768166475286,0.5044000080004181
IN.ADM2.00083,sugarcane,full,14,0.005792865877092665,3.355729506998458e-05,0.9843194080544693
IN.ADM2.00083,sugarcane,cleaned,13,0.1679268949393249,0.02819944204396306,0.5834301755338331
IN.ADM2.00083,wheat,full,16,-0.21102107013235857,0.0445298920398058,0.4327408857314549
IN.ADM2.00083,wheat,cleaned,16,-0.21102107013235857,0.0445298920398058,0.4327408857314549
IN.ADM2.00084,arhartur,full,16,-0.10796321899226768,0.01165605665517235,0.6906385418075578
IN.ADM2.00084,arhartur,cleaned,16,-0.10796321899226768,0.01165605665517235,0.6906385418075578
IN.ADM2.00084,barley,full,16,-0.340244621353641,0.11576640236008252,0.19723599577110096
IN.ADM2.00084,barley,cleaned,16,-0.340244621353641,0.11576640236008252,0.19723599577110096
IN.ADM2.00084,groundnut,full,14,-0.10319230069170929,0.010648650922048145,0.7255500870250631
IN.ADM2.00084,groundnut,cleaned,14,-0.10319230069170929,0.010648650922048145,0.7255500870250631
IN.ADM2.00084,maize,full,16,0.08161205052016406,0.006660526790105811,0.7638196660701221
IN.ADM2.00084,maize,cleaned,16,0.08161205052016406,0.006660526790105811,0.7638196660701221
IN.ADM2.00084,potato,full,8,0.28046834336372695,0.07866249162919343,0.5010489751327927
IN.ADM2.00084,potato,cleaned,8,0.28046834336372695,0.07866249162919343,0.5010489751327927
IN.ADM2.00084,rapeseed_mustard,full,16,0.2969029055044907,0.08815133529700854,0.26412577263875187
IN.ADM2.00084,rapeseed_mustard,cleaned,15,0.09055155546645566,0.008199584197394595,0.7482562199466058
IN.ADM2.00084,rice,full,16,0.18899359666123786,0.03571857957895066,0.4832972090351877
IN.ADM2.00084,rice,cleaned,16,0.18899359666123786,0.03571857957895066,0.4832972090351877
IN.ADM2.00084,sesamum,full,8,-0.38807641111832347,0.15060330086647802,0.3421129278255841
IN.ADM2.00084,sesamum,cleaned,8,-0.38807641111832347,0.15060330086647802,0.3421129278255841
IN.ADM2.00084,sugarcane,full,14,0.37089997034537026,0.13756678800219654,0.1917027656367501
IN.ADM2.00084,sugarcane,cleaned,14,0.37089997034537026,0.13756678800219654,0.1917027656367501
IN.ADM2.00084,wheat,full,16,-0.003426698298247932,1.1742261227215275e-05,0.9899510416705549
IN.ADM2.00084,wheat,cleaned,16,-0.003426698298247932,1.1742261227215275e-05,0.9899510416705549
IN.ADM2.00087,arhartur,full,16,0.10553902891781057,0.011138486624914457,0.6972752940146201
IN.ADM2.00087,arhartur,cleaned,16,0.10553902891781057,0.011138486624914457,0.6972752940146201
IN.ADM2.00087,barley,full,16,-0.001011218764612673,1.0225633899047805e-06,0.9970344885354241
IN.ADM2.00087,barley,cleaned,16,-0.001011218764612673,1.0225633899047805e-06,0.9970344885354241
IN.ADM2.00087,groundnut,full,7,-0.4175675903835872,0.17436269253875528,0.3512649955942658
IN.ADM2.00087,groundnut,cleaned,7,-0.4175675903835872,0.17436269253875528,0.3512649955942658
IN.ADM2.00087,jowar,full,9,0.2346376239176944,0.0550548145577414,0.5433905860930179
IN.ADM2.00087,jowar,cleaned,9,0.2346376239176944,0.0550548145577414,0.5433905860930179
IN.ADM2.00087,maize,full,16,-0.6286110133635076,0.3951518061218959,0.009102498877506278
IN.ADM2.00087,maize,cleaned,16,-0.6286110133635076,0.3951518061218959,0.009102498877506278
IN.ADM2.00087,potato,full,8,-0.5796561958074067,0.3360013053379146,0.1320606655280659
IN.ADM2.00087,potato,cleaned,8,-0.5796561958074067,0.3360013053379146,0.1320606655280659
IN.ADM2.00087,rapeseed_mustard,full,16,-0.14278323400357043,0.020387051912518352,0.59783262274581
IN.ADM2.00087,rapeseed_mustard,cleaned,16,-0.14278323400357043,0.020387051912518352,0.59783262274581
IN.ADM2.00087,rice,full,16,0.04041453083115436,0.0016333343023023261,0.8818658718739341
IN.ADM2.00087,rice,cleaned,16,0.04041453083115436,0.0016333343023023261,0.8818658718739341
IN.ADM2.00087,sugarcane,full,14,0.13656412583776564,0.01864976046583309,0.6415537263085935
IN.ADM2.00087,sugarcane,cleaned,14,0.13656412583776564,0.01864976046583309,0.6415537263085935
IN.ADM2.00087,wheat,full,16,-0.4445385611665486,0.19761453236402526,0.08449286516017665
IN.ADM2.00087,wheat,cleaned,16,-0.4445385611665486,0.19761453236402526,0.08449286516017665
IN.ADM2.00088,arhartur,full,15,0.34734911784616157,0.12065140966850664,0.2046125757851994
IN.ADM2.00088,arhartur,cleaned,15,0.34734911784616157,0.12065140966850664,0.2046125757851994
IN.ADM2.00088,maize,full,14,0.6634816600828713,0.44020791326632286,0.00968266809820645
IN.ADM2.00088,maize,cleaned,14,0.6634816600828713,0.44020791326632286,0.00968266809820645
IN.ADM2.00088,potato,full,11,0.20780721355896867,0.04318383800714281,0.5397792805565874
IN.ADM2.00088,potato,cleaned,11,0.20780721355896867,0.04318383800714281,0.5397792805565874
IN.ADM2.00088,ragi,full,9,0.08338681763901841,0.006953361355962912,0.831107023358751
IN.ADM2.00088,ragi,cleaned,9,0.08338681763901841,0.006953361355962912,0.831107023358751
IN.ADM2.00088,rapeseed_mustard,full,12,-0.21668794377914263,0.04695366497923288,0.49874939995330436
IN.ADM2.00088,rapeseed_mustard,cleaned,12,-0.21668794377914263,0.04695366497923288,0.49874939995330436
IN.ADM2.00088,rice,full,14,0.18315766168802097,0.033546729035023544,0.5308184555493187
IN.ADM2.00088,rice,cleaned,14,0.18315766168802097,0.033546729035023544,0.5308184555493187
IN.ADM2.00090,arhartur,full,16,0.26470669147185977,0.07006963250997836,0.3218028613544134
IN.ADM2.00090,arhartur,cleaned,15,0.18919576683125008,0.03579503818686475,0.4994707379289153
IN.ADM2.00090,barley,full,12,0.2002798574907279,0.04011202131650628,0.5325505414750218
IN.ADM2.00090,barley,cleaned,12,0.2002798574907279,0.04011202131650628,0.5325505414750218
IN.ADM2.00090,maize,full,16,-0.030962601023219738,0.000958682662123088,0.9093723935017015
IN.ADM2.00090,maize,cleaned,16,-0.030962601023219738,0.000958682662123088,0.9093723935017015
IN.ADM2.00090,potato,full,8,0.7825264886245284,0.6123477053990343,0.021701808865810416
IN.ADM2.00090,potato,cleaned,8,0.7825264886245284,0.6123477053990343,0.021701808865810416
IN.ADM2.00090,ragi,full,12,0.3495347912403515,0.12217457028743609,0.2654076189182327
IN.ADM2.00090,ragi,cleaned,12,0.3495347912403515,0.12217457028743609,0.2654076189182327
IN.ADM2.00090,rapeseed_mustard,full,16,0.32669786942446727,0.10673149788648627,0.21682070294561795
IN.ADM2.00090,rapeseed_mustard,cleaned,16,0.32669786942446727,0.10673149788648627,0.21682070294561795
IN.ADM2.00090,rice,full,16,0.35703397796727054,0.12747326142313342,0.17460934190548008
IN.ADM2.00090,rice,cleaned,16,0.35703397796727054,0.12747326142313342,0.17460934190548008
IN.ADM2.00090,sesamum,full,14,-0.31251165060110797,0.09766353176142899,0.2766688727869348
IN.ADM2.00090,sesamum,cleaned,14,-0.31251165060110797,0.09766353176142899,0.2766688727869348
IN.ADM2.00090,sugarcane,full,14,0.3152931336744381,0.0994097601422471,0.27218643224028316
IN.ADM2.00090,sugarcane,cleaned,13,0.05934169258930498,0.0035214364793635738,0.8472968883684439
IN.ADM2.00090,wheat,full,16,-0.23202268831319953,0.053834527892084136,0.3872058837551136
IN.ADM2.00090,wheat,cleaned,16,-0.23202268831319953,0.053834527892084136,0.3872058837551136
IN.ADM2.00091,arhartur,full,11,0.7271112566529414,0.5286907795514196,0.011231963765132134
IN.ADM2.00091,arhartur,cleaned,11,0.7271112566529414,0.5286907795514196,0.011231963765132134
IN.ADM2.00091,maize,full,13,-0.22786448409949514,0.05192222311392907,0.45402009884123057
IN.ADM2.00091,maize,cleaned,13,-0.22786448409949514,0.05192222311392907,0.45402009884123057
IN.ADM2.00091,potato,full,11,-0.08678041486119127,0.0075308404034804665,0.7997221641536343
IN.ADM2.00091,potato,cleaned,11,-0.08678041486119127,0.0075308404034804665,0.7997221641536343
IN.ADM2.00091,rapeseed_mustard,full,13,0.2753105804420996,0.0757959157033658,0.36261216512876465
IN.ADM2.00091,rapeseed_mustard,cleaned,12,-0.2380887047267018,0.05668623131843859,0.45616448572044493
IN.ADM2.00091,rice,full,14,0.294674154095437,0.08683285709186135,0.30644314392530647
IN.ADM2.00091,rice,cleaned,14,0.294674154095437,0.08683285709186135,0.30644314392530647
IN.ADM2.00092,arhartur,full,16,0.21079892168104325,0.044436185381890606,0.4332367115033213
IN.ADM2.00092,arhartur,cleaned,16,0.21079892168104325,0.044436185381890606,0.4332367115033213
IN.ADM2.00092,barley,full,7,0.6922710493909173,0.4792392058248019,0.08477158408025443
IN.ADM2.00092,barley,cleaned,7,0.6922710493909173,0.4792392058248019,0.08477158408025443
IN.ADM2.00092,maize,full,16,0.06854755781431934,0.004698767682307453,0.8008521261191115
IN.ADM2.00092,maize,cleaned,16,0.06854755781431934,0.004698767682307453,0.8008521261191115
IN.ADM2.00092,potato,full,8,0.43627163078662706,0.19033293582922303,0.2798600241317762
IN.ADM2.00092,potato,cleaned,8,0.43627163078662706,0.19033293582922303,0.2798600241317762
IN.ADM2.00092,rapeseed_mustard,full,16,-0.19028435971419527,0.03620813755184126,0.4802586754719103
IN.ADM2.00092,rapeseed_mustard,cleaned,15,-0.32633571564774705,0.10649499930732721,0.23519083668710203
IN.ADM2.00092,rice,full,16,0.13621690717691132,0.018555045800843273,0.6149470113914053
IN.ADM2.00092,rice,cleaned,16,0.13621690717691132,0.018555045800843273,0.6149470113914053
IN.ADM2.00092,sesamum,full,14,-0.09962054708244439,0.00992425340100552,0.734731873661328
IN.ADM2.00092,sesamum,cleaned,14,-0.09962054708244439,0.00992425340100552,0.734731873661328
IN.ADM2.00093,arhartur,full,15,0.10987150802990067,0.012071748276764528,0.696686194679164
IN.ADM2.00093,arhartur,cleaned,15,0.10987150802990067,0.012071748276764528,0.696686194679164
IN.ADM2.00093,maize,full,14,0.3762823396711935,0.14158839914842744,0.18483136275564527
IN.ADM2.00093,maize,cleaned,14,0.3762823396711935,0.14158839914842744,0.18483136275564527
IN.ADM2.00093,potato,full,15,0.32364666042700485,0.10474716080555299,0.2392979936408693
IN.ADM2.00093,potato,cleaned,15,0.32364666042700485,0.10474716080555299,0.2392979936408693
IN.ADM2.00093,ragi,full,14,-0.19683369805734446,0.03874350469092985,0.5000154904517312
IN.ADM2.00093,ragi,cleaned,14,-0.19683369805734446,0.03874350469092985,0.5000154904517312
IN.ADM2.00093,rapeseed_mustard,full,15,0.21229087549321513,0.04506741581767577,0.4474986951342567
IN.ADM2.00093,rapeseed_mustard,cleaned,15,0.21229087549321513,0.04506741581767577,0.4474986951342567
IN.ADM2.00093,rice,full,14,0.08837911802729365,0.007810868503282301,0.7638404546818502
IN.ADM2.00093,rice,cleaned,14,0.08837911802729365,0.007810868503282301,0.7638404546818502
IN.ADM2.00097,arhartur,full,16,0.06629920480851864,0.004395584558241902,0.8072678583264293
IN.ADM2.00097,arhartur,cleaned,16,0.06629920480851864,0.004395584558241902,0.8072678583264293
IN.ADM2.00097,barley,full,16,0.19351496912270053,0.037448043274559736,0.47269438350475707
IN.ADM2.00097,barley,cleaned,16,0.19351496912270053,0.037448043274559736,0.47269438350475707
IN.ADM2.00097,maize,full,16,-0.35965963492929376,0.12935505299747285,0.17123366920880168
IN.ADM2.00097,maize,cleaned,16,-0.35965963492929376,0.12935505299747285,0.17123366920880168
IN.ADM2.00097,potato,full,8,0.2842090416644812,0.08077477936384281,0.4951088225359427
IN.ADM2.00097,potato,cleaned,8,0.2842090416644812,0.08077477936384281,0.4951088225359427
IN.ADM2.00097,rapeseed_mustard,full,16,0.046573512512714174,0.002169092067771944,0.8640083119522802
IN.ADM2.00097,rapeseed_mustard,cleaned,15,-0.00507656621588985,2.5771524544314188e-05,0.9856742411673916
IN.ADM2.00097,rice,full,16,0.3995575732010266,0.1596462543022937,0.12520679806139356
IN.ADM2.00097,rice,cleaned,16,0.3995575732010266,0.1596462543022937,0.12520679806139356
IN.ADM2.00097,sesamum,full,15,-0.28004746498559413,0.07842658264485756,0.31204476625642835
IN.ADM2.00097,sesamum,cleaned,15,-0.28004746498559413,0.07842658264485756,0.31204476625642835
IN.ADM2.00097,sugarcane,full,14,0.6094004194507081,0.371368871226699,0.020694239848412736
IN.ADM2.00097,sugarcane,cleaned,14,0.6094004194507081,0.371368871226699,0.020694239848412736
IN.ADM2.00097,wheat,full,16,0.24317995596228137,0.05913649098181711,0.36411826649800383
IN.ADM2.00097,wheat,cleaned,16,0.24317995596228137,0.05913649098181711,0.36411826649800383
IN.ADM2.00098,arhartur,full,16,0.10172422379687493,0.010347817707076696,0.7077607871301701
IN.ADM2.00098,arhartur,cleaned,16,0.10172422379687493,0.010347817707076696,0.7077607871301701
IN.ADM2.00098,barley,full,14,-0.3116788823432722,0.09714372569875131,0.27801934529131056
IN.ADM2.00098,barley,cleaned,14,-0.3116788823432722,0.09714372569875131,0.27801934529131056
IN.ADM2.00098,jowar,full,5,-0.5743835635813115,0.3299164781123665,0.3111561355838919
IN.ADM2.00098,jowar,cleaned,5,-0.5743835635813115,0.3299164781123665,0.3111561355838919
IN.ADM2.00098,maize,full,16,-0.030888698452226596,0.0009541116920725857,0.9095878807545961
IN.ADM2.00098,maize,cleaned,16,-0.030888698452226596,0.0009541116920725857,0.9095878807545961
IN.ADM2.00098,potato,full,8,-0.23111195732115486,0.053412736816815305,0.5818482287010023
IN.ADM2.00098,potato,cleaned,8,-0.23111195732115486,0.053412736816815305,0.5818482287010023
IN.ADM2.00098,rapeseed_mustard,full,16,-0.4407368312168469,0.1942489543910674,0.08750595069206629
IN.ADM2.00098,rapeseed_mustard,cleaned,15,-0.44986178337734184,0.20237562414344243,0.09246979232706286
IN.ADM2.00098,rice,full,16,-0.22026558256796927,0.04851692686400689,0.4123682127663255
IN.ADM2.00098,rice,cleaned,16,-0.22026558256796927,0.04851692686400689,0.4123682127663255
IN.ADM2.00098,sugarcane,full,13,0.09239003212311085,0.008535918035709454,0.7640291677934278
IN.ADM2.00098,sugarcane,cleaned,13,0.09239003212311085,0.008535918035709454,0.7640291677934278
IN.ADM2.00098,wheat,full,16,-0.543909584353396,0.295837635951484,0.02941065097239536
IN.ADM2.00098,wheat,cleaned,16,-0.543909584353396,0.295837635951484,0.02941065097239536
IN.ADM2.00100,arhartur,full,16,0.15213875099910515,0.02314619955556772,0.5737878212028981
IN.ADM2.00100,arhartur,cleaned,16,0.15213875099910515,0.02314619955556772,0.5737878212028981
IN.ADM2.00100,barley,full,16,-0.10553051215149892,0.01113668899495766,0.6972986471567001
IN.ADM2.00100,barley,cleaned,16,-0.10553051215149892,0.01113668899495766,0.6972986471567001
IN.ADM2.00100,maize,full,16,0.33676031602666,0.11340751045037592,0.20215930236448082
IN.ADM2.00100,maize,cleaned,15,0.750362346003806,0.5630436503003355,0.0012700943867009213
IN.ADM2.00100,potato,full,8,0.5960719523085966,0.3553017723289818,0.11887896498480142
IN.ADM2.00100,potato,cleaned,8,0.5960719523085966,0.3553017723289818,0.11887896498480142
IN.ADM2.00100,rapeseed_mustard,full,16,-0.07977752659226667,0.006364453749179815,0.7689928121762463
IN.ADM2.00100,rapeseed_mustard,cleaned,15,-0.08310613014470071,0.006906628867627932,0.7684106550443839
IN.ADM2.00100,rice,full,16,0.12700795590349293,0.016131020862783604,0.6392644573275978
IN.ADM2.00100,rice,cleaned,16,0.12700795590349293,0.016131020862783604,0.6392644573275978
IN.ADM2.00100,sesamum,full,15,0.13298684877368144,0.017685501946754018,0.6365837070897948
IN.ADM2.00100,sesamum,cleaned,14,0.0537803494155009,0.0028923259832533683,0.8551142819384854
IN.ADM2.00100,sugarcane,full,14,-0.0694255641285128,0.004819908954562244,0.8135638596561607
IN.ADM2.00100,sugarcane,cleaned,13,0.2647898807237975,0.0701136809337229,0.3819687108165219
IN.ADM2.00100,wheat,full,16,-0.09851914875215007,0.009706022670848271,0.7166086548933712
IN.ADM2.00100,wheat,cleaned,16,-0.09851914875215007,0.009706022670848271,0.7166086548933712
IN.ADM2.00101,arhartur,full,16,-0.020060462853728228,0.00040242216990581006,0.9412176619930208
IN.ADM2.00101,arhartur,cleaned,16,-0.020060462853728228,0.00040242216990581006,0.9412176619930208
IN.ADM2.00101,barley,full,16,0.05908877227485114,0.003491483008949217,0.8279189761241518
IN.ADM2.00101,barley,cleaned,16,0.05908877227485114,0.003491483008949217,0.8279189761241518
IN.ADM2.00101,jowar,full,5,0.9793574691170474,0.9591410523153484,0.003549187545887244
IN.ADM2.00101,jowar,cleaned,5,0.9793574691170474,0.9591410523153484,0.003549187545887244
IN.ADM2.00101,maize,full,16,0.4301459502822298,0.1850255385442025,0.09630416870691684
IN.ADM2.00101,maize,cleaned,16,0.4301459502822298,0.1850255385442025,0.09630416870691684
IN.ADM2.00101,potato,full,8,0.26619874647257824,0.07086177262357199,0.5239552361923179
IN.ADM2.00101,potato,cleaned,8,0.26619874647257824,0.07086177262357199,0.5239552361923179
IN.ADM2.00101,rapeseed_mustard,full,16,0.27646690185417944,0.07643394782084849,0.29994883753418994
IN.ADM2.00101,rapeseed_mustard,cleaned,16,0.27646690185417944,0.07643394782084849,0.29994883753418994
IN.ADM2.00101,rice,full,16,-0.18668182766809288,0.03485010478149953,0.48876231541715365
IN.ADM2.00101,rice,cleaned,16,-0.18668182766809288,0.03485010478149953,0.48876231541715365
IN.ADM2.00101,sesamum,full,15,0.2580499756059897,0.06658978991025187,0.35310555619081135
IN.ADM2.00101,sesamum,cleaned,15,0.2580499756059897,0.06658978991025187,0.35310555619081135
IN.ADM2.00101,sugarcane,full,14,0.11115260757812404,0.012354902171416438,0.7052112168525921
IN.ADM2.00101,sugarcane,cleaned,13,0.3213760074478896,0.10328253816314598,0.2842964846478414
IN.ADM2.00101,wheat,full,16,-0.3382657953025748,0.11442374827168342,0.20002241102261137
IN.ADM2.00101,wheat,cleaned,16,-0.3382657953025748,0.11442374827168342,0.20002241102261137
IN.ADM2.00102,maize,full,15,-0.28174807073553054,0.07938197536319352,0.3089909023373162
IN.ADM2.00102,maize,cleaned,10,-0.0022903515988538237,5.245710446372266e-06,0.9949898821591897
IN.ADM2.00102,potato,full,15,-0.2894641605563657,0.08378950024660146,0.2953540573854685
IN.ADM2.00102,potato,cleaned,14,-0.3869091084391544,0.14969865819318132,0.17173440237138696
IN.ADM2.00102,rice,full,16,0.04184297644252344,0.0017508346775695714,0.8777191293768952
IN.ADM2.00102,rice,cleaned,7,-0.16300595929093428,0.026570942764357723,0.7269342444882664
IN.ADM2.00102,wheat,full,16,-0.08297395858809373,0.0068846778037786925,0.7599852772299269
IN.ADM2.00108,groundnut,full,9,0.204305499022993,0.041740736931034195,0.5979990274003033
IN.ADM2.00108,groundnut,cleaned,9,0.204305499022993,0.041740736931034195,0.5979990274003033
IN.ADM2.00108,ragi,full,11,-0.22615250838235632,0.051144957047631744,0.5037039605898777
IN.ADM2.00108,ragi,cleaned,11,-0.22615250838235632,0.051144957047631744,0.5037039605898777
IN.ADM2.00108,rice,full,13,0.3841108449413193,0.14754114120153425,0.19504863255447338
IN.ADM2.00108,rice,cleaned,13,0.3841108449413193,0.14754114120153425,0.19504863255447338
IN.ADM2.00108,sugarcane,full,13,-0.44638058272839587,0.19925562463694227,0.126258022446762
IN.ADM2.00108,sugarcane,cleaned,13,-0.44638058272839587,0.19925562463694227,0.126258022446762
IN.ADM2.00109,arhartur,full,16,0.18424982836611395,0.03394799925294245,0.49454338313063634
IN.ADM2.00109,arhartur,cleaned,16,0.18424982836611395,0.03394799925294245,0.49454338313063634
IN.ADM2.00109,bajra,full,16,0.3417398825766237,0.11678614734348455,0.1951473088113618
IN.ADM2.00109,bajra,cleaned,16,0.3417398825766237,0.11678614734348455,0.1951473088113618
IN.ADM2.00109,cottonlint,full,16,0.6559971392201009,0.4303322466649565,0.005789223137860758
IN.ADM2.00109,cottonlint,cleaned,16,0.6559971392201009,0.4303322466649565,0.005789223137860758
IN.ADM2.00109,groundnut,full,16,0.23513039428796825,0.055286302318015415,0.3806970420975543
IN.ADM2.00109,groundnut,cleaned,16,0.23513039428796825,0.055286302318015415,0.3806970420975543
IN.ADM2.00109,jowar,full,7,-0.14711251429494163,0.021642091862179403,0.7529477555958849
IN.ADM2.00109,jowar,cleaned,7,-0.14711251429494163,0.021642091862179403,0.7529477555958849
IN.ADM2.00109,maize,full,13,-0.332936328574041,0.11084659888436178,0.26632810614674146
IN.ADM2.00109,maize,cleaned,13,-0.332936328574041,0.11084659888436178,0.26632810614674146
IN.ADM2.00109,rapeseed_mustard,full,13,0.36256391530246523,0.1314525926794532,0.22341647527562158
IN.ADM2.00109,rapeseed_mustard,cleaned,13,0.36256391530246523,0.1314525926794532,0.22341647527562158
IN.ADM2.00109,sesamum,full,16,-0.4999168121983092,0.24991681911851954,0.04862372261533725
IN.ADM2.00109,sesamum,cleaned,15,-0.07023617967719123,0.00493312093564669,0.8035691861966214
IN.ADM2.00109,sugarcane,full,13,0.34030917584002285,0.11581033516091559,0.25522674781710314
IN.ADM2.00109,sugarcane,cleaned,13,0.34030917584002285,0.11581033516091559,0.25522674781710314
IN.ADM2.00109,wheat,full,16,0.736302220728965,0.5421409602504055,0.001144112804798928
IN.ADM2.00109,wheat,cleaned,16,0.736302220728965,0.5421409602504055,0.001144112804798928
IN.ADM2.00110,arhartur,full,16,0.2995456897787751,0.08972762026504218,0.259693714855584
IN.ADM2.00110,arhartur,cleaned,16,0.2995456897787751,0.08972762026504218,0.259693714855584
IN.ADM2.00110,bajra,full,16,0.1733021795871779,0.030033645449666458,0.5209623437508911
IN.ADM2.00110,bajra,cleaned,16,0.1733021795871779,0.030033645449666458,0.5209623437508911
IN.ADM2.00110,cottonlint,full,16,0.33149031132735185,0.10988582650390466,0.20975561620264022
IN.ADM2.00110,cottonlint,cleaned,16,0.33149031132735185,0.10988582650390466,0.20975561620264022
IN.ADM2.00110,groundnut,full,16,0.4853477639369064,0.235562451958555,0.05668631383107647
IN.ADM2.00110,groundnut,cleaned,16,0.4853477639369064,0.235562451958555,0.05668631383107647
IN.ADM2.00110,jowar,full,15,0.6311263942007833,0.3983205254568825,0.011631971377795938
IN.ADM2.00110,jowar,cleaned,15,0.6311263942007833,0.3983205254568825,0.011631971377795938
IN.ADM2.00110,maize,full,16,0.6795000474709726,0.461720314513054,0.00378713079628017
IN.ADM2.00110,maize,cleaned,16,0.6795000474709726,0.461720314513054,0.00378713079628017
IN.ADM2.00110,potato,full,16,0.21187294068465345,0.04489014299436268,0.43084225402148035
IN.ADM2.00110,potato,cleaned,16,0.21187294068465345,0.04489014299436268,0.43084225402148035
IN.ADM2.00110,rapeseed_mustard,full,16,0.19760964641959283,0.0390495723580765,0.4631913878095377
IN.ADM2.00110,rapeseed_mustard,cleaned,16,0.19760964641959283,0.0390495723580765,0.4631913878095377
IN.ADM2.00110,rice,full,16,0.11098915363843556,0.012318592225376254,0.6823839750074407
IN.ADM2.00110,rice,cleaned,16,0.11098915363843556,0.012318592225376254,0.6823839750074407
IN.ADM2.00110,sesamum,full,16,0.45202818847453,0.20432948317556524,0.07877602072932825
IN.ADM2.00110,sesamum,cleaned,16,0.45202818847453,0.20432948317556524,0.07877602072932825
IN.ADM2.00110,wheat,full,16,0.06068345720447585,0.003682481978287452,0.8233421148398863
IN.ADM2.00110,wheat,cleaned,15,0.5854365692998562,0.34273597667358535,0.02185434778602491
IN.ADM2.00111,arhartur,full,16,0.4775449780078763,0.22804920602054307,0.06138977384684734
IN.ADM2.00111,arhartur,cleaned,16,0.4775449780078763,0.22804920602054307,0.06138977384684734
IN.ADM2.00111,bajra,full,16,0.4555255879764709,0.20750356130130954,0.07620436432920362
IN.ADM2.00111,bajra,cleaned,16,0.4555255879764709,0.20750356130130954,0.07620436432920362
IN.ADM2.00111,cottonlint,full,16,0.25299015587976076,0.06400401897206565,0.34446643796796383
IN.ADM2.00111,cottonlint,cleaned,16,0.25299015587976076,0.06400401897206565,0.34446643796796383
IN.ADM2.00111,groundnut,full,16,-0.09087989643790864,0.008259155576565,0.7378323339024302
IN.ADM2.00111,groundnut,cleaned,16,-0.09087989643790864,0.008259155576565,0.7378323339024302
IN.ADM2.00111,jowar,full,16,0.09807581177047744,0.009618864854438122,0.717835215238958
IN.ADM2.00111,jowar,cleaned,16,0.09807581177047744,0.009618864854438122,0.717835215238958
IN.ADM2.00111,maize,full,16,-0.05372668753651011,0.0028865569536457906,0.8433458757620516
IN.ADM2.00111,maize,cleaned,16,-0.05372668753651011,0.0028865569536457906,0.8433458757620516
IN.ADM2.00111,potato,full,16,-0.04654793745352019,0.0021667104811768276,0.8640823435028919
IN.ADM2.00111,potato,cleaned,16,-0.04654793745352019,0.0021667104811768276,0.8640823435028919
IN.ADM2.00111,rapeseed_mustard,full,16,0.38778455938064893,0.15037686449404403,0.1377782138722436
IN.ADM2.00111,rapeseed_mustard,cleaned,16,0.38778455938064893,0.15037686449404403,0.1377782138722436
IN.ADM2.00111,rice,full,16,0.33846850588317445,0.1145609294747885,0.19973580470199553
IN.ADM2.00111,rice,cleaned,16,0.33846850588317445,0.1145609294747885,0.19973580470199553
IN.ADM2.00111,sesamum,full,16,-0.06034354511016218,0.0036413434364621785,0.8243172446639175
IN.ADM2.00111,sesamum,cleaned,15,-0.18048645392782603,0.032575360051441266,0.5197711310200898
IN.ADM2.00111,soyabean,full,7,-0.19903641208779083,0.03961549333678088,0.6687582638065176
IN.ADM2.00111,soyabean,cleaned,7,-0.19903641208779083,0.03961549333678088,0.6687582638065176
IN.ADM2.00111,sugarcane,full,16,0.10253218216379859,0.010512848379270377,0.7055358235483145
IN.ADM2.00111,sugarcane,cleaned,15,0.32659220648348286,0.10666246933574991,0.2348013886062779
IN.ADM2.00111,wheat,full,16,0.5054809748703629,0.2555110159558925,0.04578171673879269
IN.ADM2.00111,wheat,cleaned,16,0.5054809748703629,0.2555110159558925,0.04578171673879269
IN.ADM2.00112,arhartur,full,16,0.42318108714774944,0.1790822325195511,0.10242162028740162
IN.ADM2.00112,arhartur,cleaned,16,0.42318108714774944,0.1790822325195511,0.10242162028740162
IN.ADM2.00112,bajra,full,16,0.5549304543736325,0.30794780919132625,0.02566745013122929
IN.ADM2.00112,bajra,cleaned,16,0.5549304543736325,0.30794780919132625,0.02566745013122929
IN.ADM2.00112,cottonlint,full,16,0.5924039060370027,0.3509423878878979,0.015604640368926847
IN.ADM2.00112,cottonlint,cleaned,16,0.5924039060370027,0.3509423878878979,0.015604640368926847
IN.ADM2.00112,groundnut,full,16,0.44971260649230727,0.2022414284381048,0.08051277614203724
IN.ADM2.00112,groundnut,cleaned,16,0.44971260649230727,0.2022414284381048,0.08051277614203724
IN.ADM2.00112,jowar,full,15,0.37155602892297984,0.13805388262901425,0.1726908172763196
IN.ADM2.00112,jowar,cleaned,15,0.37155602892297984,0.13805388262901425,0.1726908172763196
IN.ADM2.00112,maize,full,16,-0.2057145648807377,0.04231848220407124,0.44466417368684175
IN.ADM2.00112,maize,cleaned,16,-0.2057145648807377,0.04231848220407124,0.44466417368684175
IN.ADM2.00112,rapeseed_mustard,full,16,-0.10241200654744739,0.010488219085074408,0.7058666232628803
IN.ADM2.00112,rapeseed_mustard,cleaned,16,-0.10241200654744739,0.010488219085074408,0.7058666232628803
IN.ADM2.00112,rice,full,16,0.2918437224460526,0.0851727583311686,0.2727385405179209
IN.ADM2.00112,rice,cleaned,16,0.2918437224460526,0.0851727583311686,0.2727385405179209
IN.ADM2.00112,sesamum,full,16,0.10639179718822359,0.0113192145089401,0.6949382792188221
IN.ADM2.00112,sesamum,cleaned,16,0.10639179718822359,0.0113192145089401,0.6949382792188221
IN.ADM2.00112,sugarcane,full,15,0.13096123592392217,0.017150845314721202,0.641773551499261
IN.ADM2.00112,sugarcane,cleaned,14,-0.14346461372100383,0.02058209539011684,0.6246347810674271
IN.ADM2.00112,wheat,full,16,0.044617432254990014,0.0019907152610286233,0.8696735523028618
IN.ADM2.00112,wheat,cleaned,16,0.044617432254990014,0.0019907152610286233,0.8696735523028618
IN.ADM2.00113,bajra,full,16,-0.051038182423172825,0.0026048960650610674,0.851101287680124
IN.ADM2.00113,bajra,cleaned,16,-0.051038182423172825,0.0026048960650610674,0.851101287680124
IN.ADM2.00113,cottonlint,full,16,-0.10824925150706612,0.011717900451840057,0.6898568457482668
IN.ADM2.00113,cottonlint,cleaned,16,-0.10824925150706612,0.011717900451840057,0.6898568457482668
IN.ADM2.00113,groundnut,full,16,-0.046658483286217356,0.0021770140625702243,0.8637623565764301
IN.ADM2.00113,groundnut,cleaned,15,-0.021349468827050404,0.00045579981919719695,0.9398005761335108
IN.ADM2.00113,jowar,full,12,0.442886690756469,0.19614862084921622,0.14933139125283162
IN.ADM2.00113,jowar,cleaned,12,0.442886690756469,0.19614862084921622,0.14933139125283162
IN.ADM2.00113,maize,full,13,0.0011700425040372282,1.3689994612537073e-06,0.9969732239726189
IN.ADM2.00113,maize,cleaned,13,0.0011700425040372282,1.3689994612537073e-06,0.9969732239726189
IN.ADM2.00113,potato,full,16,-0.03857746008236526,0.0014882204264064852,0.8872030603287482
IN.ADM2.00113,potato,cleaned,16,-0.03857746008236526,0.0014882204264064852,0.8872030603287482
IN.ADM2.00113,rapeseed_mustard,full,16,0.18281162196079304,0.0334200891239359,0.497977322239056
IN.ADM2.00113,rapeseed_mustard,cleaned,16,0.18281162196079304,0.0334200891239359,0.497977322239056
IN.ADM2.00113,rice,full,16,0.26528870574554586,0.07037809739614682,0.32070015570934207
IN.ADM2.00113,rice,cleaned,16,0.26528870574554586,0.07037809739614682,0.32070015570934207
IN.ADM2.00113,sesamum,full,16,-0.1354150009185821,0.018337222473779592,0.61705013169884
IN.ADM2.00113,sesamum,cleaned,16,-0.1354150009185821,0.018337222473779592,0.61705013169884
IN.ADM2.00113,wheat,full,16,0.042659739230650806,0.0018198533512271274,0.8753494190386639
IN.ADM2.00113,wheat,cleaned,16,0.042659739230650806,0.0018198533512271274,0.8753494190386639
IN.ADM2.00114,arhartur,full,16,-0.0926979577268861,0.008592911366735564,0.7327645731902752
IN.ADM2.00114,arhartur,cleaned,16,-0.0926979577268861,0.008592911366735564,0.7327645731902752
IN.ADM2.00114,bajra,full,16,0.2088620889379974,0.043623372195543936,0.4375719777563034
IN.ADM2.00114,bajra,cleaned,16,0.2088620889379974,0.043623372195543936,0.4375719777563034
IN.ADM2.00114,cottonlint,full,16,0.7341175476453651,0.5389285737608449,0.001204394965191362
IN.ADM2.00114,cottonlint,cleaned,16,0.7341175476453651,0.5389285737608449,0.001204394965191362
IN.ADM2.00114,groundnut,full,16,0.7438092688622566,0.5532522284454048,0.0009554504155941826
IN.ADM2.00114,groundnut,cleaned,16,0.7438092688622566,0.5532522284454048,0.0009554504155941826
IN.ADM2.00114,jowar,full,10,0.5351290661985931,0.28636311749057825,0.11095138397089888
IN.ADM2.00114,jowar,cleaned,10,0.5351290661985931,0.28636311749057825,0.11095138397089888
IN.ADM2.00114,maize,full,10,-0.2572757010004515,0.06619078632527371,0.4730048457504283
IN.ADM2.00114,maize,cleaned,10,-0.2572757010004515,0.06619078632527371,0.4730048457504283
IN.ADM2.00114,sesamum,full,16,-0.28546247043815237,0.08148882202865301,0.2838421759849352
IN.ADM2.00114,sesamum,cleaned,15,0.48861800413542406,0.23874755396528527,0.06457970080496021
IN.ADM2.00114,wheat,full,16,0.7302273394889726,0.5332319673371432,0.001318152791386086
IN.ADM2.00114,wheat,cleaned,16,0.7302273394889726,0.5332319673371432,0.001318152791386086
IN.ADM2.00115,arhartur,full,16,0.08710972698776095,0.007588104535882249,0.7483736138875803
IN.ADM2.00115,arhartur,cleaned,16,0.08710972698776095,0.007588104535882249,0.7483736138875803
IN.ADM2.00115,bajra,full,16,0.273325039387002,0.07470657715590619,0.3056991643007443
IN.ADM2.00115,bajra,cleaned,15,0.04637552313404033,0.0021506891459559096,0.8696394673538398
IN.ADM2.00115,cottonlint,full,16,0.45018036239087855,0.20266235868238275,0.08015974237383847
IN.ADM2.00115,cottonlint,cleaned,16,0.45018036239087855,0.20266235868238275,0.08015974237383847
IN.ADM2.00115,groundnut,full,16,0.2846073222869051,0.08100132789932227,0.28535050232823056
IN.ADM2.00115,groundnut,cleaned,16,0.2846073222869051,0.08100132789932227,0.28535050232823056
IN.ADM2.00115,jowar,full,16,0.2686683655195893,0.07218269063096763,0.3143403560849374
IN.ADM2.00115,jowar,cleaned,16,0.2686683655195893,0.07218269063096763,0.3143403560849374
IN.ADM2.00115,maize,full,5,0.6148079863384757,0.37798886006557125,0.26977974570569535
IN.ADM2.00115,maize,cleaned,5,0.6148079863384757,0.37798886006557125,0.26977974570569535
IN.ADM2.00115,rapeseed_mustard,full,13,-0.29821400873528164,0.08893159500596663,0.32234582805076295
IN.ADM2.00115,rapeseed_mustard,cleaned,9,-0.2667890343468814,0.07117638884774145,0.4877149897313741
IN.ADM2.00115,sugarcane,full,14,0.3975771083963449,0.158067557120799,0.15920840882121667
IN.ADM2.00115,sugarcane,cleaned,13,0.2557026910046111,0.06538386618699964,0.399113954291307
IN.ADM2.00115,wheat,full,16,0.2922900909120883,0.08543349724539684,0.27197186395986117
IN.ADM2.00115,wheat,cleaned,16,0.2922900909120883,0.08543349724539684,0.27197186395986117
IN.ADM2.00116,bajra,full,16,0.39217765219147066,0.15380331087841415,0.13299033915476938
IN.ADM2.00116,bajra,cleaned,16,0.39217765219147066,0.15380331087841415,0.13299033915476938
IN.ADM2.00116,cottonlint,full,16,0.4404575333070452,0.1940028386469268,0.08773030083690286
IN.ADM2.00116,cottonlint,cleaned,16,0.4404575333070452,0.1940028386469268,0.08773030083690286
IN.ADM2.00116,groundnut,full,16,-0.4311165796812232,0.18586150527603645,0.09547271685956232
IN.ADM2.00116,groundnut,cleaned,16,-0.4311165796812232,0.18586150527603645,0.09547271685956232
IN.ADM2.00116,jowar,full,5,-0.2997574690811494,0.08985454026993625,0.6241322529381433
IN.ADM2.00116,jowar,cleaned,5,-0.2997574690811494,0.08985454026993625,0.6241322529381433
IN.ADM2.00116,maize,full,5,-0.9585428767446978,0.918804446558001,0.010069625941933499
IN.ADM2.00116,maize,cleaned,5,-0.9585428767446978,0.918804446558001,0.010069625941933499
IN.ADM2.00116,sesamum,full,16,0.23323038986747802,0.054396414757735795,0.38466932694153666
IN.ADM2.00116,sesamum,cleaned,16,0.23323038986747802,0.054396414757735795,0.38466932694153666
IN.ADM2.00116,wheat,full,16,0.30621693961977614,0.09376881411010163,0.24871043213143568
IN.ADM2.00116,wheat,cleaned,16,0.30621693961977614,0.09376881411010163,0.24871043213143568
IN.ADM2.00117,arhartur,full,16,0.7117649861273825,0.506609395476913,0.0019840313917315333
IN.ADM2.00117,arhartur,cleaned,16,0.7117649861273825,0.506609395476913,0.0019840313917315333
IN.ADM2.00117,bajra,full,16,-0.3676170005439301,0.1351422590889159,0.16126924305571
IN.ADM2.00117,bajra,cleaned,16,-0.3676170005439301,0.1351422590889159,0.16126924305571
IN.ADM2.00117,cottonlint,full,16,0.5594785275811062,0.31301622282432257,0.024233946592836897
IN.ADM2.00117,cottonlint,cleaned,16,0.5594785275811062,0.31301622282432257,0.024233946592836897
IN.ADM2.00117,groundnut,full,16,0.5375125421905754,0.2889197330121751,0.03176633493100938
IN.ADM2.00117,groundnut,cleaned,16,0.5375125421905754,0.2889197330121751,0.03176633493100938
IN.ADM2.00117,jowar,full,16,0.5410349982802245,0.29271886936408253,0.030452122458918318
IN.ADM2.00117,jowar,cleaned,15,0.33853268444535656,0.11460437843777936,0.21711521994973013
IN.ADM2.00117,maize,full,16,-0.3332552743308188,0.1110590778693093,0.2071914282169477
IN.ADM2.00117,maize,cleaned,16,-0.3332552743308188,0.1110590778693093,0.2071914282169477
IN.ADM2.00117,potato,full,16,0.24673401466638747,0.06087767399339311,0.35692816271145744
IN.ADM2.00117,potato,cleaned,16,0.24673401466638747,0.06087767399339311,0.35692816271145744
IN.ADM2.00117,ragi,full,10,0.5506526254985029,0.3032183139683945,0.09903815079219386
IN.ADM2.00117,rapeseed_mustard,full,16,0.3595373424230115,0.12926710059660182,0.17138992400287706
IN.ADM2.00117,rapeseed_mustard,cleaned,16,0.3595373424230115,0.12926710059660182,0.17138992400287706
IN.ADM2.00117,rice,full,16,0.5938272447170482,0.35263079656824103,0.015294986345997616
IN.ADM2.00117,rice,cleaned,16,0.5938272447170482,0.35263079656824103,0.015294986345997616
IN.ADM2.00117,sesamum,full,16,-0.26214277413213366,0.06871883402969084,0.32668666329545604
IN.ADM2.00117,sesamum,cleaned,15,-0.5183982313079557,0.26873672622321676,0.047730450928465805
IN.ADM2.00117,soyabean,full,7,-0.5485005596986894,0.3008528639897755,0.2023378410040473
IN.ADM2.00117,soyabean,cleaned,7,-0.5485005596986894,0.3008528639897755,0.2023378410040473
IN.ADM2.00117,sugarcane,full,12,0.41092718986726773,0.1688611553722095,0.18450724969470672
IN.ADM2.00117,sugarcane,cleaned,12,0.41092718986726773,0.1688611553722095,0.18450724969470672
IN.ADM2.00117,wheat,full,16,0.09355953370054113,0.00875338634626269,0.7303665658259708
IN.ADM2.00117,wheat,cleaned,16,0.09355953370054113,0.00875338634626269,0.7303665658259708
IN.ADM2.00120,arhartur,full,16,0.4084541160029468,0.16683476487974871,0.11624981670775042
IN.ADM2.00120,arhartur,cleaned,16,0.4084541160029468,0.16683476487974871,0.11624981670775042
IN.ADM2.00120,bajra,full,16,0.515832814917895,0.2660834929461193,0.04082689145767886
IN.ADM2.00120,bajra,cleaned,16,0.515832814917895,0.2660834929461193,0.04082689145767886
IN.ADM2.00120,cottonlint,full,16,0.8393239207158789,0.704464643885875,4.7936455650190074e-05
IN.ADM2.00120,cottonlint,cleaned,16,0.8393239207158789,0.704464643885875,4.7936455650190074e-05
IN.ADM2.00120,groundnut,full,16,0.42650026334744895,0.18190247463544332,0.0994730192670125
IN.ADM2.00120,groundnut,cleaned,16,0.42650026334744895,0.18190247463544332,0.0994730192670125
IN.ADM2.00120,jowar,full,16,0.3801403810921597,0.1445067093368924,0.1463878726395219
IN.ADM2.00120,jowar,cleaned,16,0.3801403810921597,0.1445067093368924,0.1463878726395219
IN.ADM2.00120,maize,full,15,0.16435205415307153,0.027011597704334155,0.5583363229214172
IN.ADM2.00120,maize,cleaned,15,0.16435205415307153,0.027011597704334155,0.5583363229214172
IN.ADM2.00120,potato,full,7,0.03830951795973494,0.0014676191663072539,0.9350114561129972
IN.ADM2.00120,potato,cleaned,7,0.03830951795973494,0.0014676191663072539,0.9350114561129972
IN.ADM2.00120,rice,full,13,0.24522128059487366,0.060133476456589764,0.419371080231483
IN.ADM2.00120,rice,cleaned,13,0.24522128059487366,0.060133476456589764,0.419371080231483
IN.ADM2.00120,sesamum,full,16,-0.060058707801553896,0.003607048382792431,0.8251345631479741
IN.ADM2.00120,sesamum,cleaned,15,0.42579758757111574,0.181303585581382,0.1135446954859346
IN.ADM2.00120,wheat,full,16,0.6534261505742541,0.42696573425428785,0.0060515225999654065
IN.ADM2.00120,wheat,cleaned,16,0.6534261505742541,0.42696573425428785,0.0060515225999654065
IN.ADM2.00121,arhartur,full,16,0.4817888456502011,0.23212049179295327,0.05879738740110284
IN.ADM2.00121,arhartur,cleaned,16,0.4817888456502011,0.23212049179295327,0.05879738740110284
IN.ADM2.00121,bajra,full,16,0.47291024552726424,0.22364410032465734,0.06431575583537062
IN.ADM2.00121,bajra,cleaned,16,0.47291024552726424,0.22364410032465734,0.06431575583537062
IN.ADM2.00121,cottonlint,full,16,0.49395274529408617,0.24398931458356438,0.051813675688678396
IN.ADM2.00121,cottonlint,cleaned,16,0.49395274529408617,0.24398931458356438,0.051813675688678396
IN.ADM2.00121,groundnut,full,16,0.06809216331026259,0.004636542704271471,0.8021506560283457
IN.ADM2.00121,groundnut,cleaned,16,0.06809216331026259,0.004636542704271471,0.8021506560283457
IN.ADM2.00121,jowar,full,10,0.41427464056957664,0.1716234778190519,0.2339427605861469
IN.ADM2.00121,jowar,cleaned,10,0.41427464056957664,0.1716234778190519,0.2339427605861469
IN.ADM2.00121,maize,full,16,-0.04628412977810868,0.0021422206693168066,0.8648460434171807
IN.ADM2.00121,maize,cleaned,16,-0.04628412977810868,0.0021422206693168066,0.8648460434171807
IN.ADM2.00121,rice,full,16,0.035884572764035214,0.0012877025624573378,0.8950347868883763
IN.ADM2.00121,rice,cleaned,16,0.035884572764035214,0.0012877025624573378,0.8950347868883763
IN.ADM2.00121,sesamum,full,16,-0.31501351993153537,0.09923351773965583,0.2346760958130772
IN.ADM2.00121,sesamum,cleaned,16,-0.31501351993153537,0.09923351773965583,0.2346760958130772
IN.ADM2.00121,soyabean,full,7,-0.6254426677620242,0.39117853065727776,0.1330584178522713
IN.ADM2.00121,soyabean,cleaned,7,-0.6254426677620242,0.39117853065727776,0.1330584178522713
IN.ADM2.00121,wheat,full,16,0.45268445417517067,0.2049232150518722,0.07828875842189156
IN.ADM2.00121,wheat,cleaned,16,0.45268445417517067,0.2049232150518722,0.07828875842189156
IN.ADM2.00123,arhartur,full,15,-0.08143963310669401,0.006632413840552931,0.7729411849570439
IN.ADM2.00123,arhartur,cleaned,15,-0.08143963310669401,0.006632413840552931,0.7729411849570439
IN.ADM2.00123,groundnut,full,16,-0.14152609363398827,0.020029635179296415,0.6010943101925579
IN.ADM2.00123,groundnut,cleaned,16,-0.14152609363398827,0.020029635179296415,0.6010943101925579
IN.ADM2.00123,jowar,full,16,-0.1585632151676356,0.025142293204297908,0.5575163549846116
IN.ADM2.00123,jowar,cleaned,15,-0.05563439046863618,0.003095185402816676,0.843882949403309
IN.ADM2.00123,maize,full,14,0.00014400092373637735,2.0736266036929965e-08,0.9996101850128889
IN.ADM2.00123,maize,cleaned,14,0.00014400092373637735,2.0736266036929965e-08,0.9996101850128889
IN.ADM2.00123,ragi,full,16,-0.3035245502056857,0.09212715257756382,0.25310778845333914
IN.ADM2.00123,ragi,cleaned,16,-0.3035245502056857,0.09212715257756382,0.25310778845333914
IN.ADM2.00123,rice,full,16,-0.21304376123779686,0.0453876442023474,0.4282397721819611
IN.ADM2.00123,rice,cleaned,16,-0.21304376123779686,0.0453876442023474,0.4282397721819611
IN.ADM2.00124,arhartur,full,16,0.27542695760405317,0.0758600089750249,0.30184503452466815
IN.ADM2.00124,arhartur,cleaned,16,0.27542695760405317,0.0758600089750249,0.30184503452466815
IN.ADM2.00124,groundnut,full,16,-0.1673957005006772,0.02802132054611242,0.5354782316960979
IN.ADM2.00124,groundnut,cleaned,16,-0.1673957005006772,0.02802132054611242,0.5354782316960979
IN.ADM2.00124,jowar,full,16,-0.4806595827625719,0.23103363450148973,0.05947918294186507
IN.ADM2.00124,jowar,cleaned,15,-0.1920182579478011,0.03687101138530829,0.49297239088913763
IN.ADM2.00124,ragi,full,16,-0.5135658080575506,0.2637498392058049,0.04187579650652
IN.ADM2.00124,ragi,cleaned,16,-0.5135658080575506,0.2637498392058049,0.04187579650652
IN.ADM2.00124,rapeseed_mustard,full,12,-0.15685547156062105,0.024603638958504797,0.6263744065190818
IN.ADM2.00124,rapeseed_mustard,cleaned,7,-0.6260959892651078,0.391996187773854,0.13253206951967028
IN.ADM2.00124,rice,full,16,-0.005466268832723407,2.9880094951603324e-05,0.9839704840108905
IN.ADM2.00124,rice,cleaned,16,-0.005466268832723407,2.9880094951603324e-05,0.9839704840108905
IN.ADM2.00124,sesamum,full,5,0.20878062167794734,0.04358934798823017,0.7361162938465816
IN.ADM2.00124,sesamum,cleaned,5,0.20878062167794734,0.04358934798823017,0.7361162938465816
IN.ADM2.00124,sugarcane,full,16,0.21185895479639844,0.0448842167274224,0.43087339078559345
IN.ADM2.00124,sugarcane,cleaned,15,0.5471507841033,0.299373980544856,0.03477775562477319
IN.ADM2.00126,arhartur,full,16,0.11383603944583069,0.01295864387671272,0.6746485169178513
IN.ADM2.00126,arhartur,cleaned,16,0.11383603944583069,0.01295864387671272,0.6746485169178513
IN.ADM2.00126,bajra,full,15,-0.7283159837277046,0.530444172153254,0.0020764609386741623
IN.ADM2.00126,bajra,cleaned,15,-0.7283159837277046,0.530444172153254,0.0020764609386741623
IN.ADM2.00126,cottonlint,full,16,-0.04575998186878189,0.0020939759406312475,0.8663637374632025
IN.ADM2.00126,cottonlint,cleaned,16,-0.04575998186878189,0.0020939759406312475,0.8663637374632025
IN.ADM2.00126,groundnut,full,16,-0.20071148282195864,0.0402850993365894,0.4560561291829667
IN.ADM2.00126,groundnut,cleaned,16,-0.20071148282195864,0.0402850993365894,0.4560561291829667
IN.ADM2.00126,jowar,full,16,-0.2810498308493643,0.07898900742045628,0.291676783079643
IN.ADM2.00126,jowar,cleaned,16,-0.2810498308493643,0.07898900742045628,0.291676783079643
IN.ADM2.00126,maize,full,16,-0.22436572705676383,0.050339979477710246,0.4034972025845453
IN.ADM2.00126,maize,cleaned,16,-0.22436572705676383,0.050339979477710246,0.4034972025845453
IN.ADM2.00126,rapeseed_mustard,full,12,-0.6285114884697992,0.39502669113852257,0.02860187231676217
IN.ADM2.00126,rapeseed_mustard,cleaned,7,-0.9531881205438261,0.9085675931458715,0.0008879019322184295
IN.ADM2.00126,rice,full,16,-0.3421136515448481,0.11704175057334973,0.19462746020927263
IN.ADM2.00126,rice,cleaned,16,-0.3421136515448481,0.11704175057334973,0.19462746020927263
IN.ADM2.00126,sesamum,full,12,0.07734674302721653,0.005982518656918269,0.811164675107544
IN.ADM2.00126,sesamum,cleaned,12,0.07734674302721653,0.005982518656918269,0.811164675107544
IN.ADM2.00126,soyabean,full,7,0.532041456657774,0.28306811160252604,0.21898696402923984
IN.ADM2.00126,soyabean,cleaned,7,0.532041456657774,0.28306811160252604,0.21898696402923984
IN.ADM2.00126,sugarcane,full,16,0.10760556075585694,0.011578956705582419,0.6916163956171881
IN.ADM2.00126,sugarcane,cleaned,15,0.1519347185110827,0.023084158689041935,0.5888205252852463
IN.ADM2.00129,arhartur,full,15,-0.5257249637193165,0.27638673747767667,0.04413762540108295
IN.ADM2.00129,arhartur,cleaned,14,-0.06486361437893826,0.004207288470299606,0.825637219043706
IN.ADM2.00129,groundnut,full,10,0.26248620994177724,0.06889901040959875,0.4637638401443336
IN.ADM2.00129,groundnut,cleaned,6,0.2621719996725364,0.06873415741229642,0.6157520862384898
IN.ADM2.00129,jowar,full,13,0.5725327005546591,0.32779369320441093,0.04086209423852277
IN.ADM2.00129,jowar,cleaned,12,0.6860172731983196,0.4706196991264579,0.013769682118841083
IN.ADM2.00129,rapeseed_mustard,full,15,-0.2898319271493925,0.08400254599513075,0.29471308888725734
IN.ADM2.00129,rapeseed_mustard,cleaned,15,-0.2898319271493925,0.08400254599513075,0.29471308888725734
IN.ADM2.00129,sesamum,full,15,0.17802243888573893,0.03169198874682665,0.5255814358096915
IN.ADM2.00129,sesamum,cleaned,15,0.17802243888573893,0.03169198874682665,0.5255814358096915
IN.ADM2.00129,wheat,full,16,-0.08168580750463292,0.006672571147683944,0.763611874035609
IN.ADM2.00129,wheat,cleaned,15,0.07967319045209095,0.006347817276815157,0.7777508627951285
IN.ADM2.00130,arhartur,full,16,-0.050654324510288645,0.002565860591593629,0.8522096463458642
IN.ADM2.00130,arhartur,cleaned,16,-0.050654324510288645,0.002565860591593629,0.8522096463458642
IN.ADM2.00130,barley,full,16,0.44998285231527824,0.2024845673777935,0.08030867463520455
IN.ADM2.00130,barley,cleaned,16,0.44998285231527824,0.2024845673777935,0.08030867463520455
IN.ADM2.00130,cottonlint,full,7,0.17910736197066526,0.03207944711209091,0.7007914121571336
IN.ADM2.00130,cottonlint,cleaned,7,0.17910736197066526,0.03207944711209091,0.7007914121571336
IN.ADM2.00130,groundnut,full,7,-0.6698562008760569,0.4487073298521043,0.09971019155417331
IN.ADM2.00130,groundnut,cleaned,7,-0.6698562008760569,0.4487073298521043,0.09971019155417331
IN.ADM2.00130,jowar,full,16,0.21014082465706682,0.044159166187552105,0.43470726692943984
IN.ADM2.00130,jowar,cleaned,15,0.09413029568157137,0.008860512565100054,0.7386214538382292
IN.ADM2.00130,potato,full,14,-0.2510295974590243,0.06301585880043979,0.3866653054645436
IN.ADM2.00130,potato,cleaned,14,-0.2510295974590243,0.06301585880043979,0.3866653054645436
IN.ADM2.00130,rapeseed_mustard,full,15,0.2567718153852558,0.06593176517623987,0.3555795301687536
IN.ADM2.00130,rapeseed_mustard,cleaned,15,0.2567718153852558,0.06593176517623987,0.3555795301687536
IN.ADM2.00130,rice,full,16,0.12024900215018236,0.014459822518114562,0.6573358783948506
IN.ADM2.00130,rice,cleaned,16,0.12024900215018236,0.014459822518114562,0.6573358783948506
IN.ADM2.00130,sesamum,full,16,0.49700486487965323,0.24701383571404237,0.050162394507812354
IN.ADM2.00130,sesamum,cleaned,16,0.49700486487965323,0.24701383571404237,0.050162394507812354
IN.ADM2.00130,sugarcane,full,16,0.19741863130896006,0.0389741159879031,0.4636325835693081
IN.ADM2.00130,sugarcane,cleaned,14,0.5021568382685622,0.2521614902198789,0.06727941743319762
IN.ADM2.00130,wheat,full,16,0.28634259748463325,0.0819920831342467,0.28229480664515294
IN.ADM2.00130,wheat,cleaned,16,0.28634259748463325,0.0819920831342467,0.28229480664515294
IN.ADM2.00132,arhartur,full,12,0.22254001050147137,0.04952405627399499,0.48693167905647244
IN.ADM2.00132,arhartur,cleaned,12,0.22254001050147137,0.04952405627399499,0.48693167905647244
IN.ADM2.00132,barley,full,16,0.12817878370655655,0.01642980059249221,0.6361529059499264
IN.ADM2.00132,barley,cleaned,16,0.12817878370655655,0.01642980059249221,0.6361529059499264
IN.ADM2.00132,cottonlint,full,16,0.4689947916575161,0.21995611460187695,0.06686613783246333
IN.ADM2.00132,cottonlint,cleaned,16,0.4689947916575161,0.21995611460187695,0.06686613783246333
IN.ADM2.00132,groundnut,full,16,-0.3738416126304265,0.13975755133411785,0.15375113296184795
IN.ADM2.00132,groundnut,cleaned,16,-0.3738416126304265,0.13975755133411785,0.15375113296184795
IN.ADM2.00132,potato,full,16,-0.6132269064271889,0.3760472387662603,0.01153318426808446
IN.ADM2.00132,potato,cleaned,16,-0.6132269064271889,0.3760472387662603,0.01153318426808446
IN.ADM2.00132,rapeseed_mustard,full,15,0.007893537956031748,6.230794146331385e-05,0.9777264114599914
IN.ADM2.00132,rapeseed_mustard,cleaned,15,0.007893537956031748,6.230794146331385e-05,0.9777264114599914
IN.ADM2.00132,rice,full,16,0.29220060116989116,0.0853811913240458,0.27212546526145087
IN.ADM2.00132,rice,cleaned,16,0.29220060116989116,0.0853811913240458,0.27212546526145087
IN.ADM2.00132,sesamum,full,14,-0.2296873730289269,0.05275628932892941,0.42956635829827344
IN.ADM2.00132,sesamum,cleaned,13,-0.05246015473573573,0.002752067834897336,0.8648494625282901
IN.ADM2.00132,sugarcane,full,16,-0.21864480752547755,0.047805551857853124,0.4159029727886966
IN.ADM2.00132,sugarcane,cleaned,14,-0.02343488976385131,0.0005491940582438629,0.9366190499995922
IN.ADM2.00132,wheat,full,16,0.3668958784129938,0.13461258559644235,0.16215584880161596
IN.ADM2.00132,wheat,cleaned,16,0.3668958784129938,0.13461258559644235,0.16215584880161596
IN.ADM2.00133,arhartur,full,12,-0.10709468405638448,0.011469271353136811,0.7404356527609737
IN.ADM2.00133,arhartur,cleaned,12,-0.10709468405638448,0.011469271353136811,0.7404356527609737
IN.ADM2.00133,barley,full,16,0.30330141035200936,0.09199174552151797,0.2534743754322181
IN.ADM2.00133,barley,cleaned,16,0.30330141035200936,0.09199174552151797,0.2534743754322181
IN.ADM2.00133,cottonlint,full,16,0.4166885614527582,0.17362935724556902,0.10836663529444629
IN.ADM2.00133,cottonlint,cleaned,16,0.4166885614527582,0.17362935724556902,0.10836663529444629
IN.ADM2.00133,potato,full,8,-0.396542555426436,0.15724599826412808,0.330749234142275
IN.ADM2.00133,potato,cleaned,8,-0.396542555426436,0.15724599826412808,0.330749234142275
IN.ADM2.00133,rapeseed_mustard,full,15,-0.09380277035738427,0.008798959726720169,0.7395017493411413
IN.ADM2.00133,rapeseed_mustard,cleaned,15,-0.09380277035738427,0.008798959726720169,0.7395017493411413
IN.ADM2.00133,rice,full,16,0.41208391961228913,0.16981315680302758,0.11272710191569582
IN.ADM2.00133,rice,cleaned,16,0.41208391961228913,0.16981315680302758,0.11272710191569582
IN.ADM2.00133,sugarcane,full,16,-0.25201512042888635,0.06351162092478609,0.3463922131818677
IN.ADM2.00133,sugarcane,cleaned,14,0.35304294357621335,0.12463932000895736,0.21565558714977606
IN.ADM2.00133,wheat,full,16,0.47437924903770023,0.22503567191757243,0.0633775245236094
IN.ADM2.00133,wheat,cleaned,15,0.3727797862202781,0.13896476901443622,0.17116976976580997
IN.ADM2.00134,cottonlint,full,16,0.09106121753811157,0.008292145339523278,0.7373264514736132
IN.ADM2.00134,cottonlint,cleaned,16,0.09106121753811157,0.008292145339523278,0.7373264514736132
IN.ADM2.00134,potato,full,16,0.139027419766621,0.01932862344696424,0.6075982645675777
IN.ADM2.00134,potato,cleaned,16,0.139027419766621,0.01932862344696424,0.6075982645675777
IN.ADM2.00134,rapeseed_mustard,full,15,-0.30454434512814066,0.09274725814952806,0.26974545511409054
IN.ADM2.00134,rapeseed_mustard,cleaned,15,-0.30454434512814066,0.09274725814952806,0.26974545511409054
IN.ADM2.00134,rice,full,16,0.3024757396233993,0.09149157306072245,0.2548336873454806
IN.ADM2.00134,rice,cleaned,16,0.3024757396233993,0.09149157306072245,0.2548336873454806
IN.ADM2.00134,sesamum,full,7,0.8079084861785779,0.6527161220393615,0.027925701521192395
IN.ADM2.00134,sugarcane,full,16,-0.3199977467961756,0.10239855795462931,0.22694994439971417
IN.ADM2.00134,sugarcane,cleaned,15,0.03409025953749391,0.0011621457953336944,0.9039994844073406
IN.ADM2.00134,wheat,full,16,0.34074733635072235,0.11610874723011232,0.1965321540334099
IN.ADM2.00134,wheat,cleaned,15,-0.057837833551051716,0.0033452149898791634,0.8377739840944739
IN.ADM2.00137,rapeseed_mustard,full,15,-0.07785357077952094,0.006061178483121877,0.7827131709984106
IN.ADM2.00137,rapeseed_mustard,cleaned,15,-0.07785357077952094,0.006061178483121877,0.7827131709984106
IN.ADM2.00137,wheat,full,16,0.1853199842259918,0.03434349655352185,0.4919955405465827
IN.ADM2.00137,wheat,cleaned,16,0.1853199842259918,0.03434349655352185,0.4919955405465827
IN.ADM2.00140,arhartur,full,16,0.10730688792590759,0.011514768196343292,0.6924333308744022
IN.ADM2.00140,arhartur,cleaned,16,0.10730688792590759,0.011514768196343292,0.6924333308744022
IN.ADM2.00140,barley,full,16,0.4737858748050515,0.22447305516478797,0.06375528848549156
IN.ADM2.00140,barley,cleaned,16,0.4737858748050515,0.22447305516478797,0.06375528848549156
IN.ADM2.00140,cottonlint,full,16,0.0994035457462426,0.009881064906925346,0.7141637750773514
IN.ADM2.00140,cottonlint,cleaned,16,0.0994035457462426,0.009881064906925346,0.7141637750773514
IN.ADM2.00140,groundnut,full,14,0.39515721130990916,0.1561492216502242,0.1619955130568439
IN.ADM2.00140,groundnut,cleaned,7,0.7100388463674723,0.5041551633508509,0.07383790699206412
IN.ADM2.00140,jowar,full,16,0.13115112304449375,0.01720061707583194,0.6282793863644263
IN.ADM2.00140,jowar,cleaned,15,0.19032628283394895,0.03622409393738833,0.4968631112610724
IN.ADM2.00140,maize,full,12,0.32824356600529825,0.10774383862387459,0.2975709043312319
IN.ADM2.00140,maize,cleaned,9,0.3597362025383622,0.12941013541672156,0.34165257017138934
IN.ADM2.00140,rapeseed_mustard,full,15,0.024980588660458273,0.0006240298098230165,0.9295835631217355
IN.ADM2.00140,rapeseed_mustard,cleaned,15,0.024980588660458273,0.0006240298098230165,0.9295835631217355
IN.ADM2.00140,rice,full,16,-0.02865923228071863,0.0008213515949201847,0.9160913364154839
IN.ADM2.00140,rice,cleaned,16,-0.02865923228071863,0.0008213515949201847,0.9160913364154839
IN.ADM2.00140,sugarcane,full,16,0.10212570475221555,0.010429659571136701,0.7066549067036878
IN.ADM2.00140,sugarcane,cleaned,14,0.19842339093416575,0.03937184206981277,0.4964893937384893
IN.ADM2.00140,wheat,full,16,0.14704881439913117,0.021623353816190127,0.5868191381894332
IN.ADM2.00140,wheat,cleaned,16,0.14704881439913117,0.021623353816190127,0.5868191381894332
IN.ADM2.00141,cottonlint,full,16,0.322778167836826,0.10418574563209822,0.2227108052996493
IN.ADM2.00141,cottonlint,cleaned,16,0.322778167836826,0.10418574563209822,0.2227108052996493
IN.ADM2.00141,groundnut,full,16,-0.04235472083494418,0.0017939223770060547,0.8762342674214831
IN.ADM2.00141,groundnut,cleaned,16,-0.04235472083494418,0.0017939223770060547,0.8762342674214831
IN.ADM2.00141,rapeseed_mustard,full,15,0.447255644597362,0.20003761162420178,0.09460756922739717
IN.ADM2.00141,rapeseed_mustard,cleaned,15,0.447255644597362,0.20003761162420178,0.09460756922739717
IN.ADM2.00141,rice,full,16,-0.492243075579502,0.2423032454559673,0.052756093888687544
IN.ADM2.00141,rice,cleaned,15,0.38230392771508265,0.14615629314637915,0.15963293571673853
IN.ADM2.00141,sesamum,full,14,-0.1982675773154941,0.03931003221455543,0.49683449386226886
IN.ADM2.00141,sesamum,cleaned,14,-0.1982675773154941,0.03931003221455543,0.49683449386226886
IN.ADM2.00141,wheat,full,16,0.4637564149498118,0.21507001240710202,0.0703926961779988
IN.ADM2.00141,wheat,cleaned,16,0.4637564149498118,0.21507001240710202,0.0703926961779988
IN.ADM2.00142,arhartur,full,16,-0.03440995394249928,0.0011840449303249217,0.8993273205466785
IN.ADM2.00142,arhartur,cleaned,15,-0.22518509565129485,0.05070832730348281,0.4197122522481872
IN.ADM2.00142,barley,full,5,0.5016723947700272,0.25167519167429403,0.3891591693721525
IN.ADM2.00142,barley,cleaned,5,0.5016723947700272,0.25167519167429403,0.3891591693721525
IN.ADM2.00142,cottonlint,full,14,-0.12649699781443716,0.01600149045606572,0.6665276608744627
IN.ADM2.00142,cottonlint,cleaned,14,-0.12649699781443716,0.01600149045606572,0.6665276608744627
IN.ADM2.00142,jowar,full,16,-0.16695435075503123,0.027873755236033998,0.536570115900816
IN.ADM2.00142,jowar,cleaned,15,0.024476351708674796,0.0005990917929667477,0.9310017766931816
IN.ADM2.00142,maize,full,14,-0.0050193143196492615,2.519351623943613e-05,0.986413129791569
IN.ADM2.00142,maize,cleaned,12,-0.14076125056449004,0.01981372966047915,0.6625851261367299
IN.ADM2.00142,potato,full,16,-0.5094263055736447,0.25951516081041237,0.04384307974939884
IN.ADM2.00142,potato,cleaned,16,-0.5094263055736447,0.25951516081041237,0.04384307974939884
IN.ADM2.00142,rapeseed_mustard,full,15,-0.004272909582118029,1.825775629695607e-05,0.9879419448515329
IN.ADM2.00142,rapeseed_mustard,cleaned,15,-0.004272909582118029,1.825775629695607e-05,0.9879419448515329
IN.ADM2.00142,rice,full,16,0.3186729783269845,0.10155246711579073,0.22898757645667323
IN.ADM2.00142,rice,cleaned,16,0.3186729783269845,0.10155246711579073,0.22898757645667323
IN.ADM2.00142,sugarcane,full,16,0.0762236833850902,0.0058100499087904755,0.7790401011259467
IN.ADM2.00142,sugarcane,cleaned,14,0.7366131850937804,0.5425989844540039,0.002657454759292974
IN.ADM2.00142,wheat,full,16,0.23719840860132352,0.05626308504300043,0.3763990533027244
IN.ADM2.00142,wheat,cleaned,16,0.23719840860132352,0.05626308504300043,0.3763990533027244
IN.ADM2.00143,groundnut,full,10,-0.2656609126760097,0.07057572052385046,0.4581730838086612
IN.ADM2.00143,groundnut,cleaned,10,-0.2656609126760097,0.07057572052385046,0.4581730838086612
IN.ADM2.00143,maize,full,15,-0.02359726953778895,0.0005568311296390623,0.9334747358926291
IN.ADM2.00143,maize,cleaned,15,-0.02359726953778895,0.0005568311296390623,0.9334747358926291
IN.ADM2.00143,potato,full,16,-0.04172196452735402,0.0017407223240217874,0.8780703099222726
IN.ADM2.00143,potato,cleaned,16,-0.04172196452735402,0.0017407223240217874,0.8780703099222726
IN.ADM2.00143,rapeseed_mustard,full,15,-0.5761719467775703,0.33197411225345536,0.024574607900237286
IN.ADM2.00143,rapeseed_mustard,cleaned,14,-0.3282525555434606,0.1077497402208127,0.25187519789717533
IN.ADM2.00143,rice,full,16,0.7084866807891262,0.5019533768555933,0.0021267147886041187
IN.ADM2.00143,rice,cleaned,16,0.7084866807891262,0.5019533768555933,0.0021267147886041187
IN.ADM2.00143,sesamum,full,5,0.7562135102010075,0.5718588730105292,0.13908883505168193
IN.ADM2.00143,sugarcane,full,16,0.21997370003366973,0.04838842870650291,0.41300361082168446
IN.ADM2.00143,sugarcane,cleaned,16,0.21997370003366973,0.04838842870650291,0.41300361082168446
IN.ADM2.00143,wheat,full,16,-0.13217399559809412,0.017469965112365003,0.6255784798050825
IN.ADM2.00143,wheat,cleaned,16,-0.13217399559809412,0.017469965112365003,0.6255784798050825
IN.ADM2.00144,barley,full,16,0.27163543582060945,0.07378580999345244,0.30881816238411985
IN.ADM2.00144,barley,cleaned,16,0.27163543582060945,0.07378580999345244,0.30881816238411985
IN.ADM2.00144,maize,full,16,0.2804297233880081,0.07864082975947473,0.2927880131039259
IN.ADM2.00144,maize,cleaned,16,0.2804297233880081,0.07864082975947473,0.2927880131039259
IN.ADM2.00144,potato,full,16,0.3939781286727415,0.15521876587247527,0.13106151042187786
IN.ADM2.00144,potato,cleaned,16,0.3939781286727415,0.15521876587247527,0.13106151042187786
IN.ADM2.00144,rapeseed_mustard,full,14,0.4567163811378826,0.20858985279968364,0.10065723209692944
IN.ADM2.00144,rapeseed_mustard,cleaned,14,0.4567163811378826,0.20858985279968364,0.10065723209692944
IN.ADM2.00144,rice,full,16,0.04526097653917183,0.0020485559972794627,0.8678090369071607
IN.ADM2.00144,rice,cleaned,16,0.04526097653917183,0.0020485559972794627,0.8678090369071607
IN.ADM2.00144,soyabean,full,12,0.02199578388627195,0.00048381450877158075,0.945904654057841
IN.ADM2.00144,soyabean,cleaned,12,0.02199578388627195,0.00048381450877158075,0.945904654057841
IN.ADM2.00144,sugarcane,full,14,0.04502805100410537,0.0020275253772283146,0.8785185577827923
IN.ADM2.00144,sugarcane,cleaned,9,-0.3072401518288587,0.09439651089582016,0.42126375906683294
IN.ADM2.00144,wheat,full,16,0.45412587594846887,0.20623031120596413,0.0772261807355459
IN.ADM2.00144,wheat,cleaned,16,0.45412587594846887,0.20623031120596413,0.0772261807355459
IN.ADM2.00145,barley,full,16,-0.04033342624117027,0.0016267852723519224,0.8821014038035419
IN.ADM2.00145,barley,cleaned,16,-0.04033342624117027,0.0016267852723519224,0.8821014038035419
IN.ADM2.00145,maize,full,16,0.08021849065358705,0.006435006242739633,0.7677485013946272
IN.ADM2.00145,maize,cleaned,16,0.08021849065358705,0.006435006242739633,0.7677485013946272
IN.ADM2.00145,potato,full,16,0.345721446923719,0.11952331886302983,0.18965599223823382
IN.ADM2.00145,potato,cleaned,16,0.345721446923719,0.11952331886302983,0.18965599223823382
IN.ADM2.00145,ragi,full,12,0.05985376227365337,0.0035824728583110114,0.8534049475913539
IN.ADM2.00145,ragi,cleaned,8,0.1274200070896382,0.016235858206723446,0.7636608575512573
IN.ADM2.00145,rapeseed_mustard,full,14,-0.222006599785311,0.04928693034823525,0.4455695704744542
IN.ADM2.00145,rapeseed_mustard,cleaned,14,-0.222006599785311,0.04928693034823525,0.4455695704744542
IN.ADM2.00145,rice,full,16,-0.13233361807560615,0.017512186472980393,0.6251573960784329
IN.ADM2.00145,rice,cleaned,16,-0.13233361807560615,0.017512186472980393,0.6251573960784329
IN.ADM2.00145,wheat,full,16,-0.012024863247050252,0.00014459733611025993,0.9647458754063548
IN.ADM2.00145,wheat,cleaned,16,-0.012024863247050252,0.00014459733611025993,0.9647458754063548
IN.ADM2.00147,arhartur,full,6,0.7692189065583942,0.5916977262068915,0.07374417914538539
IN.ADM2.00147,arhartur,cleaned,6,0.7692189065583942,0.5916977262068915,0.07374417914538539
IN.ADM2.00147,bajra,full,15,0.39518486418043686,0.15617107687731033,0.14486950067604099
IN.ADM2.00147,bajra,cleaned,15,0.39518486418043686,0.15617107687731033,0.14486950067604099
IN.ADM2.00147,barley,full,16,-0.043346871603040765,0.001878951277770502,0.8733565790948337
IN.ADM2.00147,barley,cleaned,16,-0.043346871603040765,0.001878951277770502,0.8733565790948337
IN.ADM2.00147,maize,full,16,0.14390570343428027,0.020708851480915027,0.5949263953798304
IN.ADM2.00147,maize,cleaned,15,0.2512958681974766,0.06314961337312354,0.3662868563716481
IN.ADM2.00147,potato,full,16,0.006318503112056423,3.99234815770667e-05,0.9814717286300432
IN.ADM2.00147,potato,cleaned,16,0.006318503112056423,3.99234815770667e-05,0.9814717286300432
IN.ADM2.00147,ragi,full,12,0.209554294249176,0.04391300223827023,0.5133259601408304
IN.ADM2.00147,ragi,cleaned,8,0.05635906447332213,0.003176344148308081,0.8945503106124235
IN.ADM2.00147,rapeseed_mustard,full,14,0.40390061309241254,0.16313570525642673,0.15207458872364837
IN.ADM2.00147,rapeseed_mustard,cleaned,14,0.40390061309241254,0.16313570525642673,0.15207458872364837
IN.ADM2.00147,rice,full,16,0.1778497616513101,0.031630537719427816,0.5099103453808813
IN.ADM2.00147,rice,cleaned,16,0.1778497616513101,0.031630537719427816,0.5099103453808813
IN.ADM2.00147,sesamum,full,14,0.3688915485783666,0.1360809746125454,0.19430800741503249
IN.ADM2.00147,sesamum,cleaned,14,0.3688915485783666,0.1360809746125454,0.19430800741503249
IN.ADM2.00147,wheat,full,16,0.2373346034781566,0.05632771400813382,0.3761169341368562
IN.ADM2.00147,wheat,cleaned,16,0.2373346034781566,0.05632771400813382,0.3761169341368562
IN.ADM2.00149,barley,full,16,0.23582894516390163,0.05561529137711852,0.3792422490288988
IN.ADM2.00149,barley,cleaned,16,0.23582894516390163,0.05561529137711852,0.3792422490288988
IN.ADM2.00149,maize,full,16,0.15876750914373894,0.025207121959707226,0.5570022264719969
IN.ADM2.00149,maize,cleaned,15,0.2643832019765859,0.06989847748739221,0.3409890434763499
IN.ADM2.00149,potato,full,16,-0.42629832651275346,0.18173026318757415,0.09965067355126626
IN.ADM2.00149,potato,cleaned,16,-0.42629832651275346,0.18173026318757415,0.09965067355126626
IN.ADM2.00149,ragi,full,12,-0.18752667747526947,0.03516625476491374,0.5594736716003164
IN.ADM2.00149,ragi,cleaned,12,-0.18752667747526947,0.03516625476491374,0.5594736716003164
IN.ADM2.00149,rapeseed_mustard,full,14,0.48748656447181865,0.2376431505405366,0.07703344712519575
IN.ADM2.00149,rapeseed_mustard,cleaned,14,0.48748656447181865,0.2376431505405366,0.07703344712519575
IN.ADM2.00149,rice,full,16,0.301118526118459,0.09067236677175308,0.25707784405497613
IN.ADM2.00149,rice,cleaned,16,0.301118526118459,0.09067236677175308,0.25707784405497613
IN.ADM2.00149,wheat,full,16,-0.022200865994657024,0.0004928784509127186,0.9349574907009551
IN.ADM2.00149,wheat,cleaned,16,-0.022200865994657024,0.0004928784509127186,0.9349574907009551
IN.ADM2.00151,bajra,full,13,0.09814999189436577,0.009633420908864066,0.7497278944392558
IN.ADM2.00151,bajra,cleaned,13,0.09814999189436577,0.009633420908864066,0.7497278944392558
IN.ADM2.00151,maize,full,16,0.3744985860363416,0.14024919094321917,0.1529716905134336
IN.ADM2.00151,maize,cleaned,16,0.3744985860363416,0.14024919094321917,0.1529716905134336
IN.ADM2.00151,ragi,full,11,-0.11050916838527751,0.012212276297205619,0.7463438381505478
IN.ADM2.00151,ragi,cleaned,11,-0.11050916838527751,0.012212276297205619,0.7463438381505478
IN.ADM2.00151,soyabean,full,14,0.49330021678173724,0.24334510387690897,0.07305572438285204
IN.ADM2.00151,soyabean,cleaned,14,0.49330021678173724,0.24334510387690897,0.07305572438285204
IN.ADM2.00151,wheat,full,16,0.4994552844478225,0.2494555811628553,0.04886521927490338
IN.ADM2.00151,wheat,cleaned,16,0.4994552844478225,0.2494555811628553,0.04886521927490338
IN.ADM2.00152,bajra,full,15,-0.2044557943273887,0.041802171834043465,0.4648196789571898
IN.ADM2.00152,bajra,cleaned,14,-0.26132811605235573,0.06829238423947351,0.3668108024619759
IN.ADM2.00152,barley,full,16,0.3971849385561925,0.15775587541588643,0.12767393880403607
IN.ADM2.00152,barley,cleaned,16,0.3971849385561925,0.15775587541588643,0.12767393880403607
IN.ADM2.00152,groundnut,full,14,-0.1102516675546791,0.012155430198587482,0.7075042656471883
IN.ADM2.00152,groundnut,cleaned,10,0.16173961390507868,0.026159702706163922,0.6553056718281522
IN.ADM2.00152,maize,full,16,0.06239314187383918,0.0038929041528890243,0.8184411215603846
IN.ADM2.00152,maize,cleaned,16,0.06239314187383918,0.0038929041528890243,0.8184411215603846
IN.ADM2.00152,potato,full,15,0.19903391910216614,0.03961450095316762,0.47699445089200804
IN.ADM2.00152,potato,cleaned,15,0.19903391910216614,0.03961450095316762,0.47699445089200804
IN.ADM2.00152,ragi,full,12,-0.012388339480204402,0.00015347095507679107,0.9695193084263347
IN.ADM2.00152,ragi,cleaned,12,-0.012388339480204402,0.00015347095507679107,0.9695193084263347
IN.ADM2.00152,rapeseed_mustard,full,14,0.691538569148361,0.47822559261976244,0.006151159179848696
IN.ADM2.00152,rapeseed_mustard,cleaned,14,0.691538569148361,0.47822559261976244,0.006151159179848696
IN.ADM2.00152,rice,full,16,0.28479110746662095,0.08110597489206445,0.28502593348731425
IN.ADM2.00152,rice,cleaned,16,0.28479110746662095,0.08110597489206445,0.28502593348731425
IN.ADM2.00152,soyabean,full,14,0.37024154468708614,0.1370788014122796,0.19255437794036728
IN.ADM2.00152,soyabean,cleaned,14,0.37024154468708614,0.1370788014122796,0.19255437794036728
IN.ADM2.00152,sugarcane,full,9,0.09554373542257574,0.009128605378499155,0.8068344852937648
IN.ADM2.00152,sugarcane,cleaned,9,0.09554373542257574,0.009128605378499155,0.8068344852937648
IN.ADM2.00152,wheat,full,16,0.4398793904322674,0.19349387812706317,0.08819600982631456
IN.ADM2.00152,wheat,cleaned,16,0.4398793904322674,0.19349387812706317,0.08819600982631456
IN.ADM2.00153,bajra,full,15,-0.11508548812466127,0.013244669576891549,0.6829672589820217
IN.ADM2.00153,bajra,cleaned,15,-0.11508548812466127,0.013244669576891549,0.6829672589820217
IN.ADM2.00153,barley,full,16,0.2770560626859261,0.07676006187102781,0.2988777199562266
IN.ADM2.00153,barley,cleaned,16,0.2770560626859261,0.07676006187102781,0.2988777199562266
IN.ADM2.00153,groundnut,full,14,-0.004722321250852063,2.2300317996248992e-05,0.9872170039144781
IN.ADM2.00153,groundnut,cleaned,14,-0.004722321250852063,2.2300317996248992e-05,0.9872170039144781
IN.ADM2.00153,maize,full,16,-0.04042318708008611,0.0016340340537116407,0.881840734226458
IN.ADM2.00153,maize,cleaned,16,-0.04042318708008611,0.0016340340537116407,0.881840734226458
IN.ADM2.00153,potato,full,16,0.023506005145777564,0.0005525322779133213,0.9311419988449995
IN.ADM2.00153,potato,cleaned,16,0.023506005145777564,0.0005525322779133213,0.9311419988449995
IN.ADM2.00153,ragi,full,12,0.3477107936441528,0.12090279601664661,0.26808072974924635
IN.ADM2.00153,ragi,cleaned,12,0.3477107936441528,0.12090279601664661,0.26808072974924635
IN.ADM2.00153,rapeseed_mustard,full,14,0.46024079528124184,0.21182158964110998,0.09772524622512446
IN.ADM2.00153,rapeseed_mustard,cleaned,14,0.46024079528124184,0.21182158964110998,0.09772524622512446
IN.ADM2.00153,rice,full,16,0.3686382789471656,0.1358941807051283,0.16001916962364848
IN.ADM2.00153,rice,cleaned,16,0.3686382789471656,0.1358941807051283,0.16001916962364848
IN.ADM2.00153,wheat,full,16,-0.22501528085446149,0.05063187661801218,0.40210122264089787
IN.ADM2.00153,wheat,cleaned,16,-0.22501528085446149,0.05063187661801218,0.40210122264089787
IN.ADM2.00156,maize,full,14,0.35541106209006007,0.12631702305598452,0.2123764949668148
IN.ADM2.00156,maize,cleaned,14,0.35541106209006007,0.12631702305598452,0.2123764949668148
IN.ADM2.00156,rapeseed_mustard,full,13,0.2760489768369422,0.07620303761272264,0.36127373923103684
IN.ADM2.00156,rapeseed_mustard,cleaned,13,0.2760489768369422,0.07620303761272264,0.36127373923103684
IN.ADM2.00156,rice,full,14,0.5066758656446037,0.2567204328267085,0.06446121695457954
IN.ADM2.00156,rice,cleaned,14,0.5066758656446037,0.2567204328267085,0.06446121695457954
IN.ADM2.00156,wheat,full,8,-0.5171952984020775,0.26749097668921396,0.18931288761892523
IN.ADM2.00156,wheat,cleaned,8,-0.5171952984020775,0.26749097668921396,0.18931288761892523
IN.ADM2.00158,maize,full,14,0.2018514950811382,0.04074402606649076,0.48892494012338905
IN.ADM2.00158,maize,cleaned,14,0.2018514950811382,0.04074402606649076,0.48892494012338905
IN.ADM2.00158,rice,full,14,0.09014038128281193,0.008125288337810711,0.7592595954368445
IN.ADM2.00158,rice,cleaned,14,0.09014038128281193,0.008125288337810711,0.7592595954368445
IN.ADM2.00159,bajra,full,5,0.7385941219829669,0.5455212770277899,0.15399212444422586
IN.ADM2.00159,bajra,cleaned,5,0.7385941219829669,0.5455212770277899,0.15399212444422586
IN.ADM2.00159,barley,full,16,-0.09406998796462161,0.008849162635664055,0.7289469306869345
IN.ADM2.00159,maize,full,14,-0.1314531513449955,0.017279930998530292,0.6541906827100867
IN.ADM2.00159,maize,cleaned,14,-0.1314531513449955,0.017279930998530292,0.6541906827100867
IN.ADM2.00159,potato,full,13,-0.4200909367306053,0.17647639512319743,0.15295057684215743
IN.ADM2.00159,potato,cleaned,13,-0.4200909367306053,0.17647639512319743,0.15295057684215743
IN.ADM2.00159,rapeseed_mustard,full,13,-0.7308676927508305,0.5341675843069225,0.004539541861975597
IN.ADM2.00159,rapeseed_mustard,cleaned,13,-0.7308676927508305,0.5341675843069225,0.004539541861975597
IN.ADM2.00159,wheat,full,15,0.27744019316005636,0.07697306078068938,0.316760573738864
IN.ADM2.00159,wheat,cleaned,15,0.27744019316005636,0.07697306078068938,0.316760573738864
IN.ADM2.00160,bajra,full,14,-0.30477496196214693,0.09288777743902811,0.28936478180256564
IN.ADM2.00160,bajra,cleaned,14,-0.30477496196214693,0.09288777743902811,0.28936478180256564
IN.ADM2.00160,barley,full,14,-0.3295700696829206,0.10861643083080512,0.2498631972061967
IN.ADM2.00160,barley,cleaned,14,-0.3295700696829206,0.10861643083080512,0.2498631972061967
IN.ADM2.00160,cottonlint,full,11,-0.0935943918777469,0.008759910190965255,0.7843050568842946
IN.ADM2.00160,cottonlint,cleaned,11,-0.0935943918777469,0.008759910190965255,0.7843050568842946
IN.ADM2.00160,jowar,full,5,0.9809812763750759,0.9623242645984731,0.0031395186058124492
IN.ADM2.00160,jowar,cleaned,5,0.9809812763750759,0.9623242645984731,0.0031395186058124492
IN.ADM2.00160,maize,full,14,0.021666334921287556,0.0004694300689214046,0.9413944163747034
IN.ADM2.00160,maize,cleaned,14,0.021666334921287556,0.0004694300689214046,0.9413944163747034
IN.ADM2.00160,potato,full,15,-0.007997712968477802,6.396341272615802e-05,0.9774325241368252
IN.ADM2.00160,potato,cleaned,15,-0.007997712968477802,6.396341272615802e-05,0.9774325241368252
IN.ADM2.00160,rapeseed_mustard,full,14,-0.04377502443755933,0.0019162527645089167,0.8818772328637694
IN.ADM2.00160,rapeseed_mustard,cleaned,14,-0.04377502443755933,0.0019162527645089167,0.8818772328637694
IN.ADM2.00160,rice,full,14,0.5704843379680652,0.32545237986686165,0.03314298021037989
IN.ADM2.00160,rice,cleaned,14,0.5704843379680652,0.32545237986686165,0.03314298021037989
IN.ADM2.00160,sesamum,full,13,-0.042144678289860835,0.0017761739081558672,0.891265884679453
IN.ADM2.00160,wheat,full,14,0.24065047619255925,0.05791265169170553,0.40723711837906923
IN.ADM2.00160,wheat,cleaned,14,0.24065047619255925,0.05791265169170553,0.40723711837906923
IN.ADM2.00164,barley,full,14,-0.010773228941188623,0.00011606246181926413,0.9708421731135415
IN.ADM2.00164,barley,cleaned,14,-0.010773228941188623,0.00011606246181926413,0.9708421731135415
IN.ADM2.00164,potato,full,14,-0.4770084527778946,0.2275370640215609,0.08458485265172859
IN.ADM2.00164,potato,cleaned,14,-0.4770084527778946,0.2275370640215609,0.08458485265172859
IN.ADM2.00164,rapeseed_mustard,full,13,0.536431585620771,0.28775884605161456,0.05876708409789444
IN.ADM2.00164,rapeseed_mustard,cleaned,13,0.536431585620771,0.28775884605161456,0.05876708409789444
IN.ADM2.00165,maize,full,14,-0.03391462929764115,0.0011502020803964195,0.9083677921214164
IN.ADM2.00165,maize,cleaned,14,-0.03391462929764115,0.0011502020803964195,0.9083677921214164
IN.ADM2.00165,rapeseed_mustard,full,13,-0.3210033788042371,0.10304316920373656,0.28488704867820325
IN.ADM2.00165,rapeseed_mustard,cleaned,13,-0.3210033788042371,0.10304316920373656,0.28488704867820325
IN.ADM2.00166,potato,full,13,-0.2845558101104574,0.08097200906761869,0.34604639818311184
IN.ADM2.00166,potato,cleaned,13,-0.2845558101104574,0.08097200906761869,0.34604639818311184
IN.ADM2.00166,rapeseed_mustard,full,13,0.008604924969592948,7.404473373232419e-05,0.977742396993642
IN.ADM2.00166,rapeseed_mustard,cleaned,13,0.008604924969592948,7.404473373232419e-05,0.977742396993642
IN.ADM2.00166,wheat,full,14,0.1970961819558861,0.03884690494158776,0.4994324809796117
IN.ADM2.00166,wheat,cleaned,14,0.1970961819558861,0.03884690494158776,0.4994324809796117
IN.ADM2.00167,bajra,full,13,-0.09237630365777823,0.008533381477474051,0.7640633382250882
IN.ADM2.00167,bajra,cleaned,13,-0.09237630365777823,0.008533381477474051,0.7640633382250882
IN.ADM2.00167,maize,full,14,-0.3038050534866672,0.09229751052403672,0.29098001796843254
IN.ADM2.00167,maize,cleaned,14,-0.3038050534866672,0.09229751052403672,0.29098001796843254
IN.ADM2.00167,rice,full,14,-0.4418014678908484,0.19518853703050834,0.11373798803263468
IN.ADM2.00167,rice,cleaned,14,-0.4418014678908484,0.19518853703050834,0.11373798803263468
IN.ADM2.00167,sesamum,full,11,0.14600165229229856,0.021316482472081247,0.6683970576815185
IN.ADM2.00167,sesamum,cleaned,11,0.14600165229229856,0.021316482472081247,0.6683970576815185
IN.ADM2.00167,wheat,full,14,0.4127974982200201,0.1704017745367075,0.14240025807050707
IN.ADM2.00167,wheat,cleaned,14,0.4127974982200201,0.1704017745367075,0.14240025807050707
IN.ADM2.00168,maize,full,14,0.4917080696895215,0.24177682579779536,0.0741302521315414
IN.ADM2.00168,maize,cleaned,14,0.4917080696895215,0.24177682579779536,0.0741302521315414
IN.ADM2.00168,potato,full,15,0.09814686821105825,0.009632807739638836,0.7278508273434847
IN.ADM2.00168,potato,cleaned,15,0.09814686821105825,0.009632807739638836,0.7278508273434847
IN.ADM2.00168,rapeseed_mustard,full,13,0.30654046756360276,0.0939670582541122,0.30835495929104934
IN.ADM2.00168,rapeseed_mustard,cleaned,12,0.46793136155153825,0.2189597591234764,0.12500357092363798
IN.ADM2.00168,wheat,full,9,0.3834348938763566,0.14702231784197284,0.30835622947011365
IN.ADM2.00168,wheat,cleaned,9,0.3834348938763566,0.14702231784197284,0.30835622947011365
IN.ADM2.00169,bajra,full,14,-0.09068136799967533,0.00822311050229254,0.7578540108412966
IN.ADM2.00169,bajra,cleaned,14,-0.09068136799967533,0.00822311050229254,0.7578540108412966
IN.ADM2.00169,barley,full,14,0.21336147573581477,0.04552311932816467,0.4639281880234364
IN.ADM2.00169,barley,cleaned,14,0.21336147573581477,0.04552311932816467,0.4639281880234364
IN.ADM2.00169,maize,full,14,-0.08502277885711057,0.007228872924585128,0.7725897372934729
IN.ADM2.00169,maize,cleaned,14,-0.08502277885711057,0.007228872924585128,0.7725897372934729
IN.ADM2.00169,rapeseed_mustard,full,14,0.006562302024813891,4.3063807864876494e-05,0.9822369182824082
IN.ADM2.00169,rapeseed_mustard,cleaned,13,-0.10545331207387737,0.01112040102735057,0.7317005288788444
IN.ADM2.00169,sesamum,full,13,0.08397719703801601,0.007052169622361765,0.7850405208284656
IN.ADM2.00169,sesamum,cleaned,12,-0.040148093341087904,0.0016118693989247068,0.9014100848566091
IN.ADM2.00169,wheat,full,14,0.39740312230666924,0.1579292416190895,0.15940773870107436
IN.ADM2.00169,wheat,cleaned,14,0.39740312230666924,0.1579292416190895,0.15940773870107436
IN.ADM2.00170,arhartur,full,16,-0.3723294240728869,0.13862920003044762,0.15555538420064244
IN.ADM2.00170,arhartur,cleaned,16,-0.3723294240728869,0.13862920003044762,0.15555538420064244
IN.ADM2.00170,groundnut,full,16,0.01029622574754363,0.00010601226464438039,0.9698115124454725
IN.ADM2.00170,groundnut,cleaned,16,0.01029622574754363,0.00010601226464438039,0.9698115124454725
IN.ADM2.00170,maize,full,16,-0.06613263171926193,0.004373524978115529,0.807743642487265
IN.ADM2.00170,maize,cleaned,16,-0.06613263171926193,0.004373524978115529,0.807743642487265
IN.ADM2.00170,potato,full,16,0.14134536115431182,0.01997851111984284,0.6015638119503462
IN.ADM2.00170,potato,cleaned,16,0.14134536115431182,0.01997851111984284,0.6015638119503462
IN.ADM2.00170,ragi,full,16,0.2664768462820797,0.07100990960444313,0.31845587830717137
IN.ADM2.00170,ragi,cleaned,16,0.2664768462820797,0.07100990960444313,0.31845587830717137
IN.ADM2.00170,rice,full,16,0.08695103346593232,0.007560482220793682,0.7488182478339046
IN.ADM2.00170,rice,cleaned,16,0.08695103346593232,0.007560482220793682,0.7488182478339046
IN.ADM2.00170,sesamum,full,15,0.05921495936721226,0.0035064114128605986,0.8339602933275855
IN.ADM2.00170,sesamum,cleaned,15,0.05921495936721226,0.0035064114128605986,0.8339602933275855
IN.ADM2.00171,arhartur,full,16,0.3346642640979808,0.11200016966424303,0.2051589658835884
IN.ADM2.00171,arhartur,cleaned,16,0.3346642640979808,0.11200016966424303,0.2051589658835884
IN.ADM2.00171,bajra,full,12,-0.4515772696580138,0.20392203047178653,0.14057187009284866
IN.ADM2.00171,bajra,cleaned,12,-0.4515772696580138,0.20392203047178653,0.14057187009284866
IN.ADM2.00171,groundnut,full,16,0.12185890444008982,0.014849592591338941,0.6530148532127791
IN.ADM2.00171,groundnut,cleaned,16,0.12185890444008982,0.014849592591338941,0.6530148532127791
IN.ADM2.00171,maize,full,16,0.37087330967233895,0.13754701182731463,0.15730615800445624
IN.ADM2.00171,maize,cleaned,16,0.37087330967233895,0.13754701182731463,0.15730615800445624
IN.ADM2.00171,potato,full,16,0.3434030695331837,0.11792566816481262,0.1928410267331932
IN.ADM2.00171,potato,cleaned,16,0.3434030695331837,0.11792566816481262,0.1928410267331932
IN.ADM2.00171,ragi,full,16,0.2484670130142412,0.06173585655621911,0.3534512203229658
IN.ADM2.00171,ragi,cleaned,16,0.2484670130142412,0.06173585655621911,0.3534512203229658
IN.ADM2.00171,rapeseed_mustard,full,16,0.29901868519604446,0.08941217409637114,0.26057385051839044
IN.ADM2.00171,rapeseed_mustard,cleaned,16,0.29901868519604446,0.08941217409637114,0.26057385051839044
IN.ADM2.00171,rice,full,16,0.3335504307381175,0.11125588984558374,0.20676459660091562
IN.ADM2.00171,rice,cleaned,16,0.3335504307381175,0.11125588984558374,0.20676459660091562
IN.ADM2.00171,sesamum,full,16,0.34215940900195224,0.11707306116856524,0.19456388144720935
IN.ADM2.00171,sesamum,cleaned,16,0.34215940900195224,0.11707306116856524,0.19456388144720935
IN.ADM2.00171,sugarcane,full,15,0.43731455371833416,0.19124401889386577,0.10308139862413347
IN.ADM2.00171,sugarcane,cleaned,15,0.43731455371833416,0.19124401889386577,0.10308139862413347
IN.ADM2.00172,arhartur,full,16,0.05351264157911591,0.0028636028087749245,0.8439628397957379
IN.ADM2.00172,arhartur,cleaned,16,0.05351264157911591,0.0028636028087749245,0.8439628397957379
IN.ADM2.00172,bajra,full,16,0.40901871357330993,0.16729630805316534,0.11569690001144715
IN.ADM2.00172,bajra,cleaned,16,0.40901871357330993,0.16729630805316534,0.11569690001144715
IN.ADM2.00172,cottonlint,full,16,0.557826615946361,0.31117053345816886,0.02474730982247517
IN.ADM2.00172,cottonlint,cleaned,16,0.557826615946361,0.31117053345816886,0.02474730982247517
IN.ADM2.00172,groundnut,full,16,-0.21395856826420065,0.045778268933666606,0.4262120219692209
IN.ADM2.00172,groundnut,cleaned,16,-0.21395856826420065,0.045778268933666606,0.4262120219692209
IN.ADM2.00172,jowar,full,16,0.7923544970797016,0.6278256490424269,0.00025262622084550496
IN.ADM2.00172,jowar,cleaned,16,0.7923544970797016,0.6278256490424269,0.00025262622084550496
IN.ADM2.00172,maize,full,16,0.5117674681429731,0.26190594144946905,0.042722138392620526
IN.ADM2.00172,maize,cleaned,16,0.5117674681429731,0.26190594144946905,0.042722138392620526
IN.ADM2.00172,potato,full,16,-0.05675887350644554,0.0032215697217206855,0.8346152590653482
IN.ADM2.00172,potato,cleaned,16,-0.05675887350644554,0.0032215697217206855,0.8346152590653482
IN.ADM2.00172,ragi,full,16,-0.4830919580841935,0.23337783996562014,0.05801780163885854
IN.ADM2.00172,ragi,cleaned,16,-0.4830919580841935,0.23337783996562014,0.05801780163885854
IN.ADM2.00172,rapeseed_mustard,full,15,0.3124588249600433,0.09763051729541097,0.2568600026724103
IN.ADM2.00172,rapeseed_mustard,cleaned,14,0.5094383820976802,0.25952746515430203,0.06278061910117819
IN.ADM2.00172,rice,full,16,0.45224837796374884,0.20452859537084184,0.07861229174982455
IN.ADM2.00172,rice,cleaned,16,0.45224837796374884,0.20452859537084184,0.07861229174982455
IN.ADM2.00172,sesamum,full,16,-0.1545331404446239,0.023880491495677857,0.5677001541060092
IN.ADM2.00172,sesamum,cleaned,16,-0.1545331404446239,0.023880491495677857,0.5677001541060092
IN.ADM2.00172,soyabean,full,16,0.29421810459347664,0.08656429307057796,0.268675399419964
IN.ADM2.00172,soyabean,cleaned,16,0.29421810459347664,0.08656429307057796,0.268675399419964
IN.ADM2.00172,sugarcane,full,15,0.8837103610528455,0.7809440022321505,1.2476903985246163e-05
IN.ADM2.00172,sugarcane,cleaned,14,0.8210664054325439,0.6741500421299186,0.00031843757152973936
IN.ADM2.00172,wheat,full,16,0.6978384815773617,0.48697854637019783,0.0026486389990150504
IN.ADM2.00172,wheat,cleaned,16,0.6978384815773617,0.48697854637019783,0.0026486389990150504
IN.ADM2.00173,arhartur,full,16,0.6877712803972105,0.4730293341392183,0.003232943942952422
IN.ADM2.00173,arhartur,cleaned,16,0.6877712803972105,0.4730293341392183,0.003232943942952422
IN.ADM2.00173,bajra,full,16,-0.04804952278793659,0.0023087566401484376,0.8597375530039478
IN.ADM2.00173,bajra,cleaned,16,-0.04804952278793659,0.0023087566401484376,0.8597375530039478
IN.ADM2.00173,cottonlint,full,16,0.5678395336651963,0.32244173599310766,0.021759924603962765
IN.ADM2.00173,cottonlint,cleaned,16,0.5678395336651963,0.32244173599310766,0.021759924603962765
IN.ADM2.00173,groundnut,full,16,0.2613993518913075,0.0683296211691956,0.32811069827794437
IN.ADM2.00173,groundnut,cleaned,16,0.2613993518913075,0.0683296211691956,0.32811069827794437
IN.ADM2.00173,jowar,full,16,0.5770973762562892,0.333041381681893,0.019252816531504843
IN.ADM2.00173,jowar,cleaned,16,0.5770973762562892,0.333041381681893,0.019252816531504843
IN.ADM2.00173,maize,full,16,0.7104741084758284,0.5047734588145232,0.0020392567148742706
IN.ADM2.00173,maize,cleaned,16,0.7104741084758284,0.5047734588145232,0.0020392567148742706
IN.ADM2.00173,potato,full,15,-0.15736757155993125,0.024764552578670083,0.5754000300469113
IN.ADM2.00173,potato,cleaned,15,-0.15736757155993125,0.024764552578670083,0.5754000300469113
IN.ADM2.00173,ragi,full,16,0.7393199019590646,0.5465939174327609,0.0010649214482821522
IN.ADM2.00173,ragi,cleaned,16,0.7393199019590646,0.5465939174327609,0.0010649214482821522
IN.ADM2.00173,rapeseed_mustard,full,16,0.396284583711773,0.15704147128761323,0.12861887551280995
IN.ADM2.00173,rapeseed_mustard,cleaned,16,0.396284583711773,0.15704147128761323,0.12861887551280995
IN.ADM2.00173,rice,full,16,0.4386885898756695,0.19244767888710335,0.08916079726728418
IN.ADM2.00173,rice,cleaned,16,0.4386885898756695,0.19244767888710335,0.08916079726728418
IN.ADM2.00173,sesamum,full,16,0.48050100550687735,0.2308812162931202,0.05957538815548949
IN.ADM2.00173,sesamum,cleaned,16,0.48050100550687735,0.2308812162931202,0.05957538815548949
IN.ADM2.00173,soyabean,full,7,0.4426307926320123,0.1959220185860435,0.3199608956415365
IN.ADM2.00173,soyabean,cleaned,7,0.4426307926320123,0.1959220185860435,0.3199608956415365
IN.ADM2.00173,sugarcane,full,15,0.6552881713210289,0.4294025874732581,0.008006605169136535
IN.ADM2.00173,sugarcane,cleaned,15,0.6552881713210289,0.4294025874732581,0.008006605169136535
IN.ADM2.00173,wheat,full,16,0.7346845426373219,0.5397613771902108,0.001188506148630777
IN.ADM2.00173,wheat,cleaned,16,0.7346845426373219,0.5397613771902108,0.001188506148630777
IN.ADM2.00174,arhartur,full,16,0.6100723133838484,0.3721882275575205,0.01208932171674872
IN.ADM2.00174,arhartur,cleaned,16,0.6100723133838484,0.3721882275575205,0.01208932171674872
IN.ADM2.00174,bajra,full,16,0.42639199071093187,0.1818101297424314,0.09956824441079717
IN.ADM2.00174,bajra,cleaned,16,0.42639199071093187,0.1818101297424314,0.09956824441079717
IN.ADM2.00174,cottonlint,full,16,0.1954339388975461,0.03819442447300978,0.4682289861654042
IN.ADM2.00174,cottonlint,cleaned,16,0.1954339388975461,0.03819442447300978,0.4682289861654042
IN.ADM2.00174,groundnut,full,16,0.5592255667086754,0.31273323446063916,0.024312023821082253
IN.ADM2.00174,groundnut,cleaned,16,0.5592255667086754,0.31273323446063916,0.024312023821082253
IN.ADM2.00174,jowar,full,16,0.5886396255324824,0.3464966087470211,0.016447161022100604
IN.ADM2.00174,jowar,cleaned,16,0.5886396255324824,0.3464966087470211,0.016447161022100604
IN.ADM2.00174,maize,full,16,0.48995258649296625,0.24005353701114757,0.05403851162170818
IN.ADM2.00174,maize,cleaned,16,0.48995258649296625,0.24005353701114757,0.05403851162170818
IN.ADM2.00174,potato,full,16,0.048719303613163456,0.002373570544551602,0.8578007716094733
IN.ADM2.00174,potato,cleaned,16,0.048719303613163456,0.002373570544551602,0.8578007716094733
IN.ADM2.00174,rapeseed_mustard,full,15,0.19463172401406106,0.03788150799268564,0.4869910382460959
IN.ADM2.00174,rapeseed_mustard,cleaned,15,0.19463172401406106,0.03788150799268564,0.4869910382460959
IN.ADM2.00174,rice,full,16,0.3567876836453005,0.12729745120097904,0.1749282347748327
IN.ADM2.00174,rice,cleaned,16,0.3567876836453005,0.12729745120097904,0.1749282347748327
IN.ADM2.00174,sesamum,full,16,0.6291474595655847,0.39582652587782907,0.009025726150810003
IN.ADM2.00174,sesamum,cleaned,16,0.6291474595655847,0.39582652587782907,0.009025726150810003
IN.ADM2.00174,soyabean,full,16,0.48123225384413465,0.23158448213990565,0.059132708126080874
IN.ADM2.00174,soyabean,cleaned,16,0.48123225384413465,0.23158448213990565,0.059132708126080874
IN.ADM2.00174,sugarcane,full,15,0.673478451098798,0.45357322409443607,0.0059165371774918965
IN.ADM2.00174,sugarcane,cleaned,15,0.673478451098798,0.45357322409443607,0.0059165371774918965
IN.ADM2.00175,arhartur,full,16,0.6227868782101903,0.3878634956707944,0.00996969961011205
IN.ADM2.00175,arhartur,cleaned,16,0.6227868782101903,0.3878634956707944,0.00996969961011205
IN.ADM2.00175,bajra,full,16,0.39582178564584136,0.15667488599186238,0.1291064611606486
IN.ADM2.00175,bajra,cleaned,16,0.39582178564584136,0.15667488599186238,0.1291064611606486
IN.ADM2.00175,cottonlint,full,16,0.503173109021793,0.2531831776426572,0.04694502445265323
IN.ADM2.00175,cottonlint,cleaned,16,0.503173109021793,0.2531831776426572,0.04694502445265323
IN.ADM2.00175,groundnut,full,16,0.004823701652046888,2.326809762795988e-05,0.9858545879091525
IN.ADM2.00175,groundnut,cleaned,16,0.004823701652046888,2.326809762795988e-05,0.9858545879091525
IN.ADM2.00175,jowar,full,16,0.555899464587322,0.30902421472847125,0.025356714216075632
IN.ADM2.00175,jowar,cleaned,16,0.555899464587322,0.30902421472847125,0.025356714216075632
IN.ADM2.00175,maize,full,16,0.303561995832752,0.09214988531396374,0.2530463027670129
IN.ADM2.00175,maize,cleaned,15,0.542771170774231,0.29460054382362943,0.03655739884799218
IN.ADM2.00175,rapeseed_mustard,full,8,0.1919197877239681,0.03683320492001297,0.6488890335940125
IN.ADM2.00175,rapeseed_mustard,cleaned,8,0.1919197877239681,0.03683320492001297,0.6488890335940125
IN.ADM2.00175,rice,full,16,0.5745747075208345,0.3301360945226525,0.019912586499255973
IN.ADM2.00175,rice,cleaned,16,0.5745747075208345,0.3301360945226525,0.019912586499255973
IN.ADM2.00175,sesamum,full,16,0.5499559041600317,0.302451496520478,0.02730886662471466
IN.ADM2.00175,sesamum,cleaned,16,0.5499559041600317,0.302451496520478,0.02730886662471466
IN.ADM2.00175,soyabean,full,16,0.33883675119384915,0.11481034395960243,0.1992158353194325
IN.ADM2.00175,soyabean,cleaned,16,0.33883675119384915,0.11481034395960243,0.1992158353194325
IN.ADM2.00175,sugarcane,full,15,0.6001061942328209,0.3601274443566001,0.018024359049955273
IN.ADM2.00175,sugarcane,cleaned,15,0.6001061942328209,0.3601274443566001,0.018024359049955273
IN.ADM2.00176,arhartur,full,16,-0.6832389328491829,0.46681543936089026,0.0035278656800850562
IN.ADM2.00176,arhartur,cleaned,16,-0.6832389328491829,0.46681543936089026,0.0035278656800850562
IN.ADM2.00176,cottonlint,full,16,0.3910106980693896,0.15288936600471134,0.1342508460760342
IN.ADM2.00176,cottonlint,cleaned,16,0.3910106980693896,0.15288936600471134,0.1342508460760342
IN.ADM2.00176,groundnut,full,16,0.25798757691658386,0.06655758984329027,0.3346917266346997
IN.ADM2.00176,groundnut,cleaned,16,0.25798757691658386,0.06655758984329027,0.3346917266346997
IN.ADM2.00176,jowar,full,16,0.4631919602482501,0.2145467920386165,0.07078061312168875
IN.ADM2.00176,jowar,cleaned,16,0.4631919602482501,0.2145467920386165,0.07078061312168875
IN.ADM2.00176,maize,full,16,0.24110179969621334,0.05813007781675298,0.3683594710756216
IN.ADM2.00176,maize,cleaned,16,0.24110179969621334,0.05813007781675298,0.3683594710756216
IN.ADM2.00176,potato,full,16,0.05437166319963735,0.0029562777590947985,0.8414873216374372
IN.ADM2.00176,potato,cleaned,16,0.05437166319963735,0.0029562777590947985,0.8414873216374372
IN.ADM2.00176,ragi,full,16,0.5812914120348971,0.3378997057055245,0.018193530034938354
IN.ADM2.00176,ragi,cleaned,16,0.5812914120348971,0.3378997057055245,0.018193530034938354
IN.ADM2.00176,rapeseed_mustard,full,16,0.13328217900035427,0.017764139239082478,0.6226573389369627
IN.ADM2.00176,rapeseed_mustard,cleaned,16,0.13328217900035427,0.017764139239082478,0.6226573389369627
IN.ADM2.00176,rice,full,16,0.41741705388446293,0.17423699687358463,0.1076877880287812
IN.ADM2.00176,rice,cleaned,16,0.41741705388446293,0.17423699687358463,0.1076877880287812
IN.ADM2.00176,sugarcane,full,15,-0.0758501743757049,0.005753248952824841,0.78818565767124
IN.ADM2.00176,sugarcane,cleaned,15,-0.0758501743757049,0.005753248952824841,0.78818565767124
IN.ADM2.00178,groundnut,full,16,0.12600820750660402,0.015878068359027376,0.6419258265171747
IN.ADM2.00178,groundnut,cleaned,16,0.12600820750660402,0.015878068359027376,0.6419258265171747
IN.ADM2.00178,rice,full,16,-0.19288702575188402,0.03720540470340797,0.4741600986087459
IN.ADM2.00178,rice,cleaned,16,-0.19288702575188402,0.03720540470340797,0.4741600986087459
IN.ADM2.00179,arhartur,full,16,0.15489710535662904,0.023993113247862637,0.5667771947266599
IN.ADM2.00179,arhartur,cleaned,16,0.15489710535662904,0.023993113247862637,0.5667771947266599
IN.ADM2.00179,bajra,full,16,0.15715269098680987,0.02469696828439575,0.5610716806616326
IN.ADM2.00179,bajra,cleaned,15,0.04651813636880785,0.002163937011227003,0.8692417547339525
IN.ADM2.00179,cottonlint,full,16,0.8002653072702095,0.6404245620202829,0.000196883318937219
IN.ADM2.00179,cottonlint,cleaned,16,0.8002653072702095,0.6404245620202829,0.000196883318937219
IN.ADM2.00179,groundnut,full,16,0.7368420879240537,0.5429362625362789,0.0011296026884424527
IN.ADM2.00179,groundnut,cleaned,16,0.7368420879240537,0.5429362625362789,0.0011296026884424527
IN.ADM2.00179,jowar,full,16,0.7506660778497427,0.5634995604343159,0.0008061598093208766
IN.ADM2.00179,jowar,cleaned,16,0.7506660778497427,0.5634995604343159,0.0008061598093208766
IN.ADM2.00179,maize,full,16,0.7426328162641757,0.5515034997924608,0.0009832033409788513
IN.ADM2.00179,maize,cleaned,16,0.7426328162641757,0.5515034997924608,0.0009832033409788513
IN.ADM2.00179,ragi,full,16,0.2891384774659879,0.0836010591513496,0.27741308188331576
IN.ADM2.00179,ragi,cleaned,16,0.2891384774659879,0.0836010591513496,0.27741308188331576
IN.ADM2.00179,rapeseed_mustard,full,16,0.4052291461472043,0.16421066088719224,0.11944340508534787
IN.ADM2.00179,rapeseed_mustard,cleaned,16,0.4052291461472043,0.16421066088719224,0.11944340508534787
IN.ADM2.00179,rice,full,16,0.1799445978758649,0.03238005830470672,0.5048562244730029
IN.ADM2.00179,rice,cleaned,16,0.1799445978758649,0.03238005830470672,0.5048562244730029
IN.ADM2.00179,sesamum,full,16,0.4336026289559561,0.18801123983751653,0.0933664208564058
IN.ADM2.00179,sesamum,cleaned,16,0.4336026289559561,0.18801123983751653,0.0933664208564058
IN.ADM2.00179,soyabean,full,16,-0.09574908666028421,0.009167887596278616,0.7242829966212221
IN.ADM2.00179,soyabean,cleaned,16,-0.09574908666028421,0.009167887596278616,0.7242829966212221
IN.ADM2.00179,sugarcane,full,15,0.16061001921511914,0.025795578272280937,0.5674515327024129
IN.ADM2.00179,sugarcane,cleaned,15,0.16061001921511914,0.025795578272280937,0.5674515327024129
IN.ADM2.00180,arhartur,full,16,0.38769557591122983,0.15030785958114018,0.13787639511225663
IN.ADM2.00180,arhartur,cleaned,16,0.38769557591122983,0.15030785958114018,0.13787639511225663
IN.ADM2.00180,bajra,full,16,0.37907051737108904,0.14369445713998513,0.1476213218995362
IN.ADM2.00180,bajra,cleaned,16,0.37907051737108904,0.14369445713998513,0.1476213218995362
IN.ADM2.00180,cottonlint,full,16,0.558718351916309,0.31216619676807655,0.024469159430546897
IN.ADM2.00180,cottonlint,cleaned,16,0.558718351916309,0.31216619676807655,0.024469159430546897
IN.ADM2.00180,groundnut,full,16,0.05634237147104975,0.0031744628229817607,0.8358134497588752
IN.ADM2.00180,groundnut,cleaned,16,0.05634237147104975,0.0031744628229817607,0.8358134497588752
IN.ADM2.00180,jowar,full,16,0.22746050729399553,0.051738282378441795,0.3968692318998407
IN.ADM2.00180,jowar,cleaned,16,0.22746050729399553,0.051738282378441795,0.3968692318998407
IN.ADM2.00180,maize,full,16,0.40054728618046964,0.16043812846653904,0.1241874782590263
IN.ADM2.00180,maize,cleaned,16,0.40054728618046964,0.16043812846653904,0.1241874782590263
IN.ADM2.00180,potato,full,16,-0.5158093464150297,0.26605928184910016,0.04083764777676926
IN.ADM2.00180,potato,cleaned,16,-0.5158093464150297,0.26605928184910016,0.04083764777676926
IN.ADM2.00180,rapeseed_mustard,full,12,0.13593894507035992,0.01847939678684233,0.6735695945010155
IN.ADM2.00180,rapeseed_mustard,cleaned,12,0.13593894507035992,0.01847939678684233,0.6735695945010155
IN.ADM2.00180,rice,full,16,-0.05236737040951648,0.0027423414836075023,0.8472653953776925
IN.ADM2.00180,rice,cleaned,16,-0.05236737040951648,0.0027423414836075023,0.8472653953776925
IN.ADM2.00180,sesamum,full,16,0.26383007376035045,0.06960630782039195,0.32346787483187606
IN.ADM2.00180,sesamum,cleaned,16,0.26383007376035045,0.06960630782039195,0.32346787483187606
IN.ADM2.00180,sugarcane,full,15,0.39429017940010275,0.15546474557136522,0.14586407575715654
IN.ADM2.00180,sugarcane,cleaned,15,0.39429017940010275,0.15546474557136522,0.14586407575715654
IN.ADM2.00181,arhartur,full,16,0.3041743554393336,0.09252203850693404,0.2520421195583643
IN.ADM2.00181,arhartur,cleaned,15,0.6531883818920183,0.4266550622387132,0.008280961529697995
IN.ADM2.00181,cottonlint,full,16,0.26927420781904243,0.07250859899657286,0.3132081321442588
IN.ADM2.00181,cottonlint,cleaned,16,0.26927420781904243,0.07250859899657286,0.3132081321442588
IN.ADM2.00181,groundnut,full,16,0.06391614157867637,0.004085273154305402,0.814080576252322
IN.ADM2.00181,groundnut,cleaned,16,0.06391614157867637,0.004085273154305402,0.814080576252322
IN.ADM2.00181,jowar,full,16,0.7734112145767693,0.5981649068331135,0.00044081297837377176
IN.ADM2.00181,jowar,cleaned,16,0.7734112145767693,0.5981649068331135,0.00044081297837377176
IN.ADM2.00181,maize,full,16,0.7535992117081607,0.5679117718871612,0.0007484357491996373
IN.ADM2.00181,maize,cleaned,16,0.7535992117081607,0.5679117718871612,0.0007484357491996373
IN.ADM2.00181,potato,full,16,-0.1782571574310788,0.03177561417540842,0.5089256014757779
IN.ADM2.00181,potato,cleaned,16,-0.1782571574310788,0.03177561417540842,0.5089256014757779
IN.ADM2.00181,ragi,full,16,0.5953955750483211,0.35449589078712096,0.014959360853695019
IN.ADM2.00181,ragi,cleaned,16,0.5953955750483211,0.35449589078712096,0.014959360853695019
IN.ADM2.00181,rapeseed_mustard,full,16,0.5695638640974718,0.32440299528564337,0.02127487275758145
IN.ADM2.00181,rapeseed_mustard,cleaned,16,0.5695638640974718,0.32440299528564337,0.02127487275758145
IN.ADM2.00181,rice,full,16,0.7047383058540049,0.49665607973797293,0.0022999404745938207
IN.ADM2.00181,rice,cleaned,16,0.7047383058540049,0.49665607973797293,0.0022999404745938207
IN.ADM2.00181,sesamum,full,16,0.603020797927923,0.3636340827336289,0.01340861140577157
IN.ADM2.00181,sesamum,cleaned,16,0.603020797927923,0.3636340827336289,0.01340861140577157
IN.ADM2.00181,sugarcane,full,15,0.6865669722477367,0.4713742073814244,0.004699581384673735
IN.ADM2.00181,sugarcane,cleaned,15,0.6865669722477367,0.4713742073814244,0.004699581384673735
IN.ADM2.00182,maize,full,16,-0.1437856810825296,0.020674322084366908,0.5952368759505469
IN.ADM2.00182,maize,cleaned,16,-0.1437856810825296,0.020674322084366908,0.5952368759505469
IN.ADM2.00182,ragi,full,12,-0.008183494816283304,6.696958740813571e-05,0.9798627288907162
IN.ADM2.00182,ragi,cleaned,12,-0.008183494816283304,6.696958740813571e-05,0.9798627288907162
IN.ADM2.00182,rice,full,16,-0.07515133696044451,0.0056477234469422734,0.7820783261215112
IN.ADM2.00182,rice,cleaned,16,-0.07515133696044451,0.0056477234469422734,0.7820783261215112
IN.ADM2.00183,arhartur,full,16,0.19368306206349012,0.03751312853028976,0.4723024053589753
IN.ADM2.00183,arhartur,cleaned,16,0.19368306206349012,0.03751312853028976,0.4723024053589753
IN.ADM2.00183,bajra,full,11,0.36043448414991885,0.1299130173644181,0.27619658777652667
IN.ADM2.00183,bajra,cleaned,11,0.36043448414991885,0.1299130173644181,0.27619658777652667
IN.ADM2.00183,cottonlint,full,7,-0.7399598228568127,0.5475405394422856,0.0572412838259274
IN.ADM2.00183,cottonlint,cleaned,7,-0.7399598228568127,0.5475405394422856,0.0572412838259274
IN.ADM2.00183,groundnut,full,16,0.36470197162903684,0.1330075281101068,0.16487326804370628
IN.ADM2.00183,groundnut,cleaned,16,0.36470197162903684,0.1330075281101068,0.16487326804370628
IN.ADM2.00183,jowar,full,6,-0.0917050693392613,0.008409819742518723,0.862828007542417
IN.ADM2.00183,jowar,cleaned,6,-0.0917050693392613,0.008409819742518723,0.862828007542417
IN.ADM2.00183,maize,full,16,0.366107158645051,0.13403445161115254,0.16312929593036402
IN.ADM2.00183,maize,cleaned,16,0.366107158645051,0.13403445161115254,0.16312929593036402
IN.ADM2.00183,potato,full,16,-0.31824790768069305,0.10128173074313893,0.22964382073359554
IN.ADM2.00183,potato,cleaned,16,-0.31824790768069305,0.10128173074313893,0.22964382073359554
IN.ADM2.00183,ragi,full,16,0.10838912152885694,0.011748201665797318,0.6894747029714866
IN.ADM2.00183,ragi,cleaned,16,0.10838912152885694,0.011748201665797318,0.6894747029714866
IN.ADM2.00183,rapeseed_mustard,full,15,0.382898579469997,0.1466113221601416,0.1589302265117548
IN.ADM2.00183,rapeseed_mustard,cleaned,14,0.18518124486831833,0.034292093450980075,0.5262086473101446
IN.ADM2.00183,rice,full,16,0.045938950537402184,0.0021103871764778844,0.8658454760963428
IN.ADM2.00183,rice,cleaned,15,0.24639422511804823,0.06071011417152343,0.3760191950939313
IN.ADM2.00183,sesamum,full,7,0.24373804523975248,0.05940823469729563,0.5983981718360152
IN.ADM2.00183,sesamum,cleaned,7,0.24373804523975248,0.05940823469729563,0.5983981718360152
IN.ADM2.00183,sugarcane,full,12,0.34615223755532915,0.11982137156456102,0.2703770894264242
IN.ADM2.00183,sugarcane,cleaned,12,0.34615223755532915,0.11982137156456102,0.2703770894264242
IN.ADM2.00184,arhartur,full,16,0.482599384036667,0.23290216547257042,0.05831158266958804
IN.ADM2.00184,arhartur,cleaned,16,0.482599384036667,0.23290216547257042,0.05831158266958804
IN.ADM2.00184,groundnut,full,16,0.12603986528433134,0.01588604764089239,0.6418414894100539
IN.ADM2.00184,groundnut,cleaned,15,-0.1998317246535812,0.03993271817802469,0.4751934228518435
IN.ADM2.00184,jowar,full,13,0.2543609865951758,0.0646995115016712,0.40167845176290007
IN.ADM2.00184,jowar,cleaned,13,0.2543609865951758,0.0646995115016712,0.40167845176290007
IN.ADM2.00184,potato,full,16,-0.37459279410282986,0.1403197613937651,0.15286013986806093
IN.ADM2.00184,potato,cleaned,16,-0.37459279410282986,0.1403197613937651,0.15286013986806093
IN.ADM2.00184,ragi,full,16,0.710386494079302,0.5046489709702822,0.0020430497062598873
IN.ADM2.00184,ragi,cleaned,16,0.710386494079302,0.5046489709702822,0.0020430497062598873
IN.ADM2.00184,rice,full,16,0.6003075204644438,0.3603691191261686,0.013945255488505445
IN.ADM2.00184,rice,cleaned,16,0.6003075204644438,0.3603691191261686,0.013945255488505445
IN.ADM2.00184,sugarcane,full,15,0.07004099409958309,0.004905740854457833,0.8041052743273258
IN.ADM2.00184,sugarcane,cleaned,15,0.07004099409958309,0.004905740854457833,0.8041052743273258
IN.ADM2.00185,arhartur,full,16,0.2666426703742988,0.07109831366433696,0.3181433815443738
IN.ADM2.00185,arhartur,cleaned,16,0.2666426703742988,0.07109831366433696,0.3181433815443738
IN.ADM2.00185,bajra,full,16,-0.15007258694692058,0.022521781352941035,0.5790629419656173
IN.ADM2.00185,bajra,cleaned,16,-0.15007258694692058,0.022521781352941035,0.5790629419656173
IN.ADM2.00185,cottonlint,full,16,0.14189450668157602,0.020134051026407824,0.6001377126228478
IN.ADM2.00185,cottonlint,cleaned,16,0.14189450668157602,0.020134051026407824,0.6001377126228478
IN.ADM2.00185,groundnut,full,16,0.4333190878997425,0.18776543193826475,0.09360496343531133
IN.ADM2.00185,groundnut,cleaned,16,0.4333190878997425,0.18776543193826475,0.09360496343531133
IN.ADM2.00185,jowar,full,16,0.5913459610020346,0.3496900455934199,0.015837950396243156
IN.ADM2.00185,jowar,cleaned,16,0.5913459610020346,0.3496900455934199,0.015837950396243156
IN.ADM2.00185,maize,full,16,0.6494066794500002,0.4217290353142753,0.006480509758548217
IN.ADM2.00185,maize,cleaned,16,0.6494066794500002,0.4217290353142753,0.006480509758548217
IN.ADM2.00185,ragi,full,16,0.7016973573256984,0.49237918127786884,0.002448721424491055
IN.ADM2.00185,ragi,cleaned,16,0.7016973573256984,0.49237918127786884,0.002448721424491055
IN.ADM2.00185,rice,full,16,0.37264403127987245,0.13886357404851454,0.15517884475962
IN.ADM2.00185,rice,cleaned,16,0.37264403127987245,0.13886357404851454,0.15517884475962
IN.ADM2.00185,sesamum,full,16,0.5183024882896488,0.2686374693672415,0.03970681633113602
IN.ADM2.00185,sesamum,cleaned,15,0.7144049523947715,0.5103744360061758,0.0027677517154451577
IN.ADM2.00185,sugarcane,full,15,0.41674288320010977,0.17367463069794034,0.12227038391382061
IN.ADM2.00185,sugarcane,cleaned,15,0.41674288320010977,0.17367463069794034,0.12227038391382061
IN.ADM2.00186,arhartur,full,16,0.18296548493533676,0.03347636867762294,0.4976094133864286
IN.ADM2.00186,arhartur,cleaned,16,0.18296548493533676,0.03347636867762294,0.4976094133864286
IN.ADM2.00186,bajra,full,16,0.530827691216203,0.28177803776192456,0.03437845372241002
IN.ADM2.00186,bajra,cleaned,16,0.530827691216203,0.28177803776192456,0.03437845372241002
IN.ADM2.00186,cottonlint,full,16,-0.1407337852065027,0.01980599829855004,0.6031536353413729
IN.ADM2.00186,cottonlint,cleaned,16,-0.1407337852065027,0.01980599829855004,0.6031536353413729
IN.ADM2.00186,groundnut,full,16,0.4972254581080901,0.24723315619080005,0.05004458235578331
IN.ADM2.00186,groundnut,cleaned,16,0.4972254581080901,0.24723315619080005,0.05004458235578331
IN.ADM2.00186,jowar,full,16,0.521215565347328,0.2716656655603348,0.038415544071685404
IN.ADM2.00186,jowar,cleaned,16,0.521215565347328,0.2716656655603348,0.038415544071685404
IN.ADM2.00186,maize,full,16,0.4674736630445794,0.21853162564031695,0.0678765924695602
IN.ADM2.00186,maize,cleaned,16,0.4674736630445794,0.21853162564031695,0.0678765924695602
IN.ADM2.00186,rice,full,16,-0.31379718749143504,0.09846867487753483,0.23658633663397335
IN.ADM2.00186,rice,cleaned,16,-0.31379718749143504,0.09846867487753483,0.23658633663397335
IN.ADM2.00186,sesamum,full,16,0.5558822321261355,0.30900505599353484,0.025362214888450484
IN.ADM2.00186,sesamum,cleaned,16,0.5558822321261355,0.30900505599353484,0.025362214888450484
IN.ADM2.00186,sugarcane,full,15,0.6610623724510761,0.4370034602706453,0.007288785517791944
IN.ADM2.00186,sugarcane,cleaned,15,0.6610623724510761,0.4370034602706453,0.007288785517791944
IN.ADM2.00186,wheat,full,16,0.5293542560597719,0.2802159284085946,0.034975454027909636
IN.ADM2.00186,wheat,cleaned,15,0.6848446988512612,0.4690122615446746,0.004847263387051198
IN.ADM2.00188,arhartur,full,16,0.4486849928750588,0.20131822283129158,0.08129228800174804
IN.ADM2.00188,arhartur,cleaned,16,0.4486849928750588,0.20131822283129158,0.08129228800174804
IN.ADM2.00188,bajra,full,16,-0.4219920829006366,0.17807731803081775,0.10349272687812512
IN.ADM2.00188,bajra,cleaned,16,-0.4219920829006366,0.17807731803081775,0.10349272687812512
IN.ADM2.00188,cottonlint,full,16,-0.1559253781159064,0.02431272354058838,0.5641731116151502
IN.ADM2.00188,cottonlint,cleaned,15,0.36065054547109243,0.1300688159485965,0.18663795093480828
IN.ADM2.00188,groundnut,full,16,0.27596875700081164,0.07615875484057302,0.3008562550178675
IN.ADM2.00188,groundnut,cleaned,16,0.27596875700081164,0.07615875484057302,0.3008562550178675
IN.ADM2.00188,jowar,full,16,0.5015355859397002,0.25153794396387835,0.047783712030889644
IN.ADM2.00188,jowar,cleaned,16,0.5015355859397002,0.25153794396387835,0.047783712030889644
IN.ADM2.00188,maize,full,16,0.4431909010260805,0.19641817475230908,0.08555230951101664
IN.ADM2.00188,maize,cleaned,16,0.4431909010260805,0.19641817475230908,0.08555230951101664
IN.ADM2.00188,potato,full,16,0.042120270278485555,0.0017741171683326737,0.8769144942805116
IN.ADM2.00188,potato,cleaned,15,0.14129275666205043,0.0199636430851614,0.6154686498255556
IN.ADM2.00188,ragi,full,16,0.37803337572655327,0.14290923316321338,0.1488237564286544
IN.ADM2.00188,ragi,cleaned,16,0.37803337572655327,0.14290923316321338,0.1488237564286544
IN.ADM2.00188,rapeseed_mustard,full,16,0.3333385414660847,0.11111458322673667,0.2070709565146821
IN.ADM2.00188,rapeseed_mustard,cleaned,16,0.3333385414660847,0.11111458322673667,0.2070709565146821
IN.ADM2.00188,rice,full,16,0.3272792317175629,0.10711169551363824,0.2159556553128763
IN.ADM2.00188,rice,cleaned,16,0.3272792317175629,0.10711169551363824,0.2159556553128763
IN.ADM2.00188,sesamum,full,16,0.3793176296839832,0.14388186418907542,0.14733580146835237
IN.ADM2.00188,sesamum,cleaned,16,0.3793176296839832,0.14388186418907542,0.14733580146835237
IN.ADM2.00188,sugarcane,full,15,0.5807927790939402,0.33732025224766243,0.023187481617906187
IN.ADM2.00188,sugarcane,cleaned,15,0.5807927790939402,0.33732025224766243,0.023187481617906187
IN.ADM2.00189,arhartur,full,16,-0.676018983732483,0.45700166636669914,0.004042085312653067
IN.ADM2.00189,arhartur,cleaned,16,-0.676018983732483,0.45700166636669914,0.004042085312653067
IN.ADM2.00189,cottonlint,full,16,-0.06966273577156902,0.004852896755179442,0.7976743332186335
IN.ADM2.00189,cottonlint,cleaned,16,-0.06966273577156902,0.004852896755179442,0.7976743332186335
IN.ADM2.00189,groundnut,full,16,-0.37581282274129707,0.14123527773678157,0.15142047781687884
IN.ADM2.00189,groundnut,cleaned,16,-0.37581282274129707,0.14123527773678157,0.15142047781687884
IN.ADM2.00189,jowar,full,13,0.18872185610950842,0.035615938973418,0.5369224250907131
IN.ADM2.00189,jowar,cleaned,13,0.18872185610950842,0.035615938973418,0.5369224250907131
IN.ADM2.00189,maize,full,16,0.16766876318596718,0.028112814148311946,0.5348031822929338
IN.ADM2.00189,maize,cleaned,16,0.16766876318596718,0.028112814148311946,0.5348031822929338
IN.ADM2.00189,ragi,full,15,-0.42598888451839356,0.18146652973322525,0.11336513352195177
IN.ADM2.00189,ragi,cleaned,15,-0.42598888451839356,0.18146652973322525,0.11336513352195177
IN.ADM2.00189,rice,full,16,-0.5529986841904269,0.30580754471634347,0.026295620816595484
IN.ADM2.00189,rice,cleaned,16,-0.5529986841904269,0.30580754471634347,0.026295620816595484
IN.ADM2.00189,soyabean,full,9,0.07815191646786901,0.006107722047600775,0.841598338435795
IN.ADM2.00189,soyabean,cleaned,9,0.07815191646786901,0.006107722047600775,0.841598338435795
IN.ADM2.00189,sugarcane,full,15,0.19855935370464617,0.039425816943606785,0.4780673272543326
IN.ADM2.00189,sugarcane,cleaned,15,0.19855935370464617,0.039425816943606785,0.4780673272543326
IN.ADM2.00191,rice,full,16,-0.11646082939994518,0.013563124784523135,0.6675434653530978
IN.ADM2.00191,rice,cleaned,16,-0.11646082939994518,0.013563124784523135,0.6675434653530978
IN.ADM2.00191,sugarcane,full,6,0.23008464418887475,0.0529389434915211,0.6609632527051785
IN.ADM2.00191,sugarcane,cleaned,6,0.23008464418887475,0.0529389434915211,0.6609632527051785
IN.ADM2.00192,jowar,full,7,0.0704126091728791,0.004957935530532618,0.8807599478478503
IN.ADM2.00192,jowar,cleaned,7,0.0704126091728791,0.004957935530532618,0.8807599478478503
IN.ADM2.00192,maize,full,5,-0.6162112411239238,0.37971629368748655,0.2683716114157984
IN.ADM2.00192,maize,cleaned,5,-0.6162112411239238,0.37971629368748655,0.2683716114157984
IN.ADM2.00192,potato,full,6,-0.6634003743632868,0.4401000567053491,0.15088070964288597
IN.ADM2.00192,potato,cleaned,6,-0.6634003743632868,0.4401000567053491,0.15088070964288597
IN.ADM2.00192,ragi,full,10,0.577084403839418,0.33302640915469645,0.08068867713805977
IN.ADM2.00192,ragi,cleaned,10,0.577084403839418,0.33302640915469645,0.08068867713805977
IN.ADM2.00192,rice,full,16,-0.27447142923724055,0.07533456546753355,0.3035935393381587
IN.ADM2.00192,rice,cleaned,16,-0.27447142923724055,0.07533456546753355,0.3035935393381587
IN.ADM2.00192,sugarcane,full,16,-0.21388771793178105,0.04574795588206513,0.42636889001133327
IN.ADM2.00192,sugarcane,cleaned,16,-0.21388771793178105,0.04574795588206513,0.42636889001133327
IN.ADM2.00194,jowar,full,9,0.11503174226511872,0.013232301728548702,0.7682279525328062
IN.ADM2.00194,jowar,cleaned,9,0.11503174226511872,0.013232301728548702,0.7682279525328062
IN.ADM2.00194,rice,full,16,0.08905376873674826,0.007930573726218243,0.742932788336099
IN.ADM2.00194,rice,cleaned,16,0.08905376873674826,0.007930573726218243,0.742932788336099
IN.ADM2.00194,sugarcane,full,10,-0.6954947541009597,0.48371295298195444,0.025538048670458433
IN.ADM2.00194,sugarcane,cleaned,10,-0.6954947541009597,0.48371295298195444,0.025538048670458433
IN.ADM2.00196,rice,full,16,-0.04778024981861219,0.00228295227272899,0.8605164119765334
IN.ADM2.00196,rice,cleaned,16,-0.04778024981861219,0.00228295227272899,0.8605164119765334
IN.ADM2.00196,sugarcane,full,16,-0.143938062720251,0.02071816589965891,0.5948426978022945
IN.ADM2.00196,sugarcane,cleaned,16,-0.143938062720251,0.02071816589965891,0.5948426978022945
IN.ADM2.00197,rice,full,16,-0.3279842573882521,0.1075736730945232,0.21490956470107594
IN.ADM2.00197,rice,cleaned,16,-0.3279842573882521,0.1075736730945232,0.21490956470107594
IN.ADM2.00199,arhartur,full,5,-0.8773702168769574,0.7697784974627192,0.05059102570703194
IN.ADM2.00199,arhartur,cleaned,5,-0.8773702168769574,0.7697784974627192,0.05059102570703194
IN.ADM2.00199,cottonlint,full,10,-0.011570945838610014,0.0001338867876000464,0.9746919445737443
IN.ADM2.00199,cottonlint,cleaned,10,-0.011570945838610014,0.0001338867876000464,0.9746919445737443
IN.ADM2.00199,groundnut,full,14,0.008583295500829455,7.367296165455917e-05,0.9767676036150879
IN.ADM2.00199,groundnut,cleaned,14,0.008583295500829455,7.367296165455917e-05,0.9767676036150879
IN.ADM2.00199,jowar,full,14,-0.25849885902388786,0.06682166011665185,0.37220940175214556
IN.ADM2.00199,jowar,cleaned,14,-0.25849885902388786,0.06682166011665185,0.37220940175214556
IN.ADM2.00199,maize,full,5,-0.36435737774390364,0.1327562987164137,0.5465651394906966
IN.ADM2.00199,maize,cleaned,5,-0.36435737774390364,0.1327562987164137,0.5465651394906966
IN.ADM2.00199,rice,full,16,-0.1648764471048907,0.027184242809931817,0.5417240984058721
IN.ADM2.00199,rice,cleaned,16,-0.1648764471048907,0.027184242809931817,0.5417240984058721
IN.ADM2.00199,sesamum,full,16,-0.009363806502595239,8.768087221804487e-05,0.9725443549909244
IN.ADM2.00199,sesamum,cleaned,16,-0.009363806502595239,8.768087221804487e-05,0.9725443549909244
IN.ADM2.00199,sugarcane,full,16,-0.11974270882574604,0.0143383163169274,0.6586968978308211
IN.ADM2.00199,sugarcane,cleaned,16,-0.11974270882574604,0.0143383163169274,0.6586968978308211
IN.ADM2.00200,rice,full,16,0.2844806183936333,0.08092922224162402,0.28557439345040964
IN.ADM2.00200,rice,cleaned,16,0.2844806183936333,0.08092922224162402,0.28557439345040964
IN.ADM2.00200,sugarcane,full,16,0.03363228945262913,0.0011311308938254288,0.9015921200284054
IN.ADM2.00200,sugarcane,cleaned,15,-0.10791613674125015,0.011645892569156201,0.7018539679143483
IN.ADM2.00201,rice,full,16,-0.20534993238105761,0.04216859472890493,0.4454895297912491
IN.ADM2.00201,rice,cleaned,16,-0.20534993238105761,0.04216859472890493,0.4454895297912491
IN.ADM2.00202,rice,full,16,0.22100331010465074,0.04884246307721242,0.4107645528257203
IN.ADM2.00202,rice,cleaned,16,0.22100331010465074,0.04884246307721242,0.4107645528257203
IN.ADM2.00202,sesamum,full,15,-0.11810516431678764,0.013948829838295408,0.6750635288438929
IN.ADM2.00202,sesamum,cleaned,15,-0.11810516431678764,0.013948829838295408,0.6750635288438929
IN.ADM2.00202,sugarcane,full,9,-0.6907767041774528,0.4771724550342642,0.03937106696054883
IN.ADM2.00202,sugarcane,cleaned,5,-0.9009349509011205,0.8116837857552045,0.03686833407374968
IN.ADM2.00203,jowar,full,7,-0.39984795274466134,0.15987838531409693,0.37413266758992053
IN.ADM2.00203,jowar,cleaned,7,-0.39984795274466134,0.15987838531409693,0.37413266758992053
IN.ADM2.00203,ragi,full,5,-0.9602710198905161,0.922120431641572,0.009449086399148975
IN.ADM2.00203,ragi,cleaned,5,-0.9602710198905161,0.922120431641572,0.009449086399148975
IN.ADM2.00203,rice,full,16,-0.0667862270673709,0.004460400125894426,0.8058771362309191
IN.ADM2.00203,rice,cleaned,16,-0.0667862270673709,0.004460400125894426,0.8058771362309191
IN.ADM2.00203,sugarcane,full,8,-0.3204312565110323,0.102676190149239,0.4390504268886003
IN.ADM2.00205,arhartur,full,16,-0.11150182211521457,0.012432656335012953,0.6809887542970177
IN.ADM2.00205,arhartur,cleaned,16,-0.11150182211521457,0.012432656335012953,0.6809887542970177
IN.ADM2.00205,bajra,full,8,0.3794402846032684,0.1439749295798093,0.353887326320293
IN.ADM2.00205,bajra,cleaned,8,0.3794402846032684,0.1439749295798093,0.353887326320293
IN.ADM2.00205,groundnut,full,13,0.37266335219915614,0.13887797407231228,0.20982285482360433
IN.ADM2.00205,groundnut,cleaned,13,0.37266335219915614,0.13887797407231228,0.20982285482360433
IN.ADM2.00205,jowar,full,14,0.07407694914748304,0.0054873943949987885,0.8012933205608767
IN.ADM2.00205,jowar,cleaned,14,0.07407694914748304,0.0054873943949987885,0.8012933205608767
IN.ADM2.00205,maize,full,16,-0.07236209495128566,0.005236272785738882,0.789994690188724
IN.ADM2.00205,maize,cleaned,16,-0.07236209495128566,0.005236272785738882,0.789994690188724
IN.ADM2.00205,potato,full,15,0.39741284573243457,0.15793696995315185,0.14241262838914093
IN.ADM2.00205,potato,cleaned,15,0.39741284573243457,0.15793696995315185,0.14241262838914093
IN.ADM2.00205,ragi,full,12,0.19337634578570856,0.03739441110943392,0.5470558289035032
IN.ADM2.00205,ragi,cleaned,12,0.19337634578570856,0.03739441110943392,0.5470558289035032
IN.ADM2.00205,rapeseed_mustard,full,16,-0.4041280303756141,0.1633194649352733,0.12054763485910341
IN.ADM2.00205,rapeseed_mustard,cleaned,16,-0.4041280303756141,0.1633194649352733,0.12054763485910341
IN.ADM2.00205,rice,full,16,-0.22403570877002593,0.050191998804087874,0.40420744301114186
IN.ADM2.00205,rice,cleaned,16,-0.22403570877002593,0.050191998804087874,0.40420744301114186
IN.ADM2.00205,sesamum,full,16,-0.399043635205344,0.15923582279789567,0.12573838642273916
IN.ADM2.00205,sesamum,cleaned,16,-0.399043635205344,0.15923582279789567,0.12573838642273916
IN.ADM2.00205,soyabean,full,13,0.19521136753342616,0.03810747801427039,0.5227446980029398
IN.ADM2.00205,soyabean,cleaned,13,0.19521136753342616,0.03810747801427039,0.5227446980029398
IN.ADM2.00205,sugarcane,full,15,-0.35085511921481705,0.12309931467924348,0.19977143037358452
IN.ADM2.00205,sugarcane,cleaned,15,-0.35085511921481705,0.12309931467924348,0.19977143037358452
IN.ADM2.00206,arhartur,full,16,-0.3364862695839398,0.11322300961851581,0.20254986888282084
IN.ADM2.00206,arhartur,cleaned,16,-0.3364862695839398,0.11322300961851581,0.20254986888282084
IN.ADM2.00206,groundnut,full,16,-0.08942423074797094,0.007996693044866351,0.7418972535880106
IN.ADM2.00206,groundnut,cleaned,16,-0.08942423074797094,0.007996693044866351,0.7418972535880106
IN.ADM2.00206,jowar,full,16,-0.2249987258093579,0.05062442661583461,0.402136769713479
IN.ADM2.00206,jowar,cleaned,16,-0.2249987258093579,0.05062442661583461,0.402136769713479
IN.ADM2.00206,maize,full,16,0.01871124156528836,0.0003501105609145748,0.9451654943839896
IN.ADM2.00206,maize,cleaned,16,0.01871124156528836,0.0003501105609145748,0.9451654943839896
IN.ADM2.00206,potato,full,16,-0.06407375540690241,0.0041054461319435555,0.8136295973347729
IN.ADM2.00206,potato,cleaned,16,-0.06407375540690241,0.0041054461319435555,0.8136295973347729
IN.ADM2.00206,ragi,full,15,-0.33289313318951547,0.11081783812473249,0.22536026093025627
IN.ADM2.00206,ragi,cleaned,15,-0.33289313318951547,0.11081783812473249,0.22536026093025627
IN.ADM2.00206,rapeseed_mustard,full,16,-0.114595878082991,0.013132215273611737,0.6725890254604572
IN.ADM2.00206,rapeseed_mustard,cleaned,16,-0.114595878082991,0.013132215273611737,0.6725890254604572
IN.ADM2.00206,rice,full,16,-0.4255410877033649,0.1810852173237629,0.10031885541540152
IN.ADM2.00206,rice,cleaned,16,-0.4255410877033649,0.1810852173237629,0.10031885541540152
IN.ADM2.00206,soyabean,full,16,-0.3347436439611332,0.11205330717237791,0.2050448450177156
IN.ADM2.00206,soyabean,cleaned,16,-0.3347436439611332,0.11205330717237791,0.2050448450177156
IN.ADM2.00206,sugarcane,full,16,0.07212826854865294,0.005202487123826597,0.7906592175139115
IN.ADM2.00206,sugarcane,cleaned,16,0.07212826854865294,0.005202487123826597,0.7906592175139115
IN.ADM2.00207,arhartur,full,16,-0.585448780931901,0.342750275094649,0.017188694792184465
IN.ADM2.00207,arhartur,cleaned,15,-0.12141165994785602,0.014740791171293826,0.6664450954749903
IN.ADM2.00207,bajra,full,6,-0.32550837675763866,0.10595570333939283,0.5289821693646519
IN.ADM2.00207,bajra,cleaned,6,-0.32550837675763866,0.10595570333939283,0.5289821693646519
IN.ADM2.00207,cottonlint,full,14,-0.24191635645166637,0.0585235235188497,0.4046982604978179
IN.ADM2.00207,cottonlint,cleaned,14,-0.24191635645166637,0.0585235235188497,0.4046982604978179
IN.ADM2.00207,groundnut,full,16,-0.14167721410940803,0.020072432997803046,0.600701846530736
IN.ADM2.00207,groundnut,cleaned,15,-0.23466508811605608,0.05506770358051636,0.3998681853786808
IN.ADM2.00207,jowar,full,16,0.0045827516617960445,2.1001612793694407e-05,0.9865611081933048
IN.ADM2.00207,jowar,cleaned,16,0.0045827516617960445,2.1001612793694407e-05,0.9865611081933048
IN.ADM2.00207,maize,full,16,-0.48909634720245465,0.23921523684678406,0.05452378494177381
IN.ADM2.00207,maize,cleaned,16,-0.48909634720245465,0.23921523684678406,0.05452378494177381
IN.ADM2.00207,potato,full,15,-0.48954940632409893,0.2396586212322777,0.06399533535904837
IN.ADM2.00207,potato,cleaned,15,-0.48954940632409893,0.2396586212322777,0.06399533535904837
IN.ADM2.00207,rapeseed_mustard,full,15,-0.26507970580041024,0.07026725042723204,0.33967098322881867
IN.ADM2.00207,rapeseed_mustard,cleaned,15,-0.26507970580041024,0.07026725042723204,0.33967098322881867
IN.ADM2.00207,rice,full,16,-0.5199964812994222,0.27039634056378037,0.03895201464431681
IN.ADM2.00207,rice,cleaned,15,-0.33475199401192257,0.11205889749495825,0.22262121725612288
IN.ADM2.00207,soyabean,full,16,-0.14006453395257773,0.0196180736713528,0.6048953091056851
IN.ADM2.00207,soyabean,cleaned,16,-0.14006453395257773,0.0196180736713528,0.6048953091056851
IN.ADM2.00207,sugarcane,full,16,-0.44992597401081774,0.20243338208958303,0.08035160061480534
IN.ADM2.00207,sugarcane,cleaned,16,-0.44992597401081774,0.20243338208958303,0.08035160061480534
IN.ADM2.00207,wheat,full,16,-0.5938548246900385,0.35266355280763634,0.01528903389949805
IN.ADM2.00207,wheat,cleaned,16,-0.5938548246900385,0.35266355280763634,0.01528903389949805
IN.ADM2.00208,arhartur,full,16,0.2884481853963014,0.08320235565841906,0.2786135837831294
IN.ADM2.00208,arhartur,cleaned,16,0.2884481853963014,0.08320235565841906,0.2786135837831294
IN.ADM2.00208,barley,full,15,0.48362833268683314,0.23389636417744616,0.0677762233101064
IN.ADM2.00208,barley,cleaned,15,0.48362833268683314,0.23389636417744616,0.0677762233101064
IN.ADM2.00208,jowar,full,16,0.34679328726931885,0.1202655840950603,0.18819517803481672
IN.ADM2.00208,jowar,cleaned,15,0.4975720059605882,0.24757790111564362,0.05911958031398143
IN.ADM2.00208,maize,full,8,0.458800547844734,0.21049794270262806,0.2528462484814143
IN.ADM2.00208,maize,cleaned,8,0.458800547844734,0.21049794270262806,0.2528462484814143
IN.ADM2.00208,potato,full,15,0.010181863248746592,0.00010367033921617651,0.9712715086373218
IN.ADM2.00208,potato,cleaned,15,0.010181863248746592,0.00010367033921617651,0.9712715086373218
IN.ADM2.00208,rapeseed_mustard,full,16,-0.3470126868716489,0.12041780484988103,0.18789706889116387
IN.ADM2.00208,rapeseed_mustard,cleaned,16,-0.3470126868716489,0.12041780484988103,0.18789706889116387
IN.ADM2.00208,rice,full,16,0.6405484729416746,0.4103023461879112,0.007511547085964952
IN.ADM2.00208,rice,cleaned,16,0.6405484729416746,0.4103023461879112,0.007511547085964952
IN.ADM2.00208,soyabean,full,14,0.03420589271408106,0.0011700430963672238,0.907583895842414
IN.ADM2.00208,soyabean,cleaned,13,0.5992531096471011,0.35910428942172057,0.030430939409153184
IN.ADM2.00208,sugarcane,full,13,0.24223243308881137,0.05867655164012548,0.42524055230336927
IN.ADM2.00208,sugarcane,cleaned,13,0.24223243308881137,0.05867655164012548,0.42524055230336927
IN.ADM2.00208,wheat,full,16,0.5352664697089204,0.28651019359465063,0.03262655853840366
IN.ADM2.00208,wheat,cleaned,16,0.5352664697089204,0.28651019359465063,0.03262655853840366
IN.ADM2.00209,arhartur,full,16,-0.6567049437794651,0.4312613831843904,0.005718628048925707
IN.ADM2.00209,arhartur,cleaned,16,-0.6567049437794651,0.4312613831843904,0.005718628048925707
IN.ADM2.00209,groundnut,full,14,0.28071567613116394,0.07880129082577653,0.33097417323223327
IN.ADM2.00209,groundnut,cleaned,14,0.28071567613116394,0.07880129082577653,0.33097417323223327
IN.ADM2.00209,jowar,full,14,0.5362708462249156,0.2875864205107871,0.04805546740618907
IN.ADM2.00209,jowar,cleaned,14,0.5362708462249156,0.2875864205107871,0.04805546740618907
IN.ADM2.00209,maize,full,16,-0.4309504196684515,0.18571826421241447,0.09561468826608094
IN.ADM2.00209,maize,cleaned,16,-0.4309504196684515,0.18571826421241447,0.09561468826608094
IN.ADM2.00209,potato,full,15,-0.7396906196093753,0.5471422127381016,0.0016208120203048764
IN.ADM2.00209,potato,cleaned,15,-0.7396906196093753,0.5471422127381016,0.0016208120203048764
IN.ADM2.00209,rapeseed_mustard,full,15,0.05149076982164394,0.002651299376825518,0.8553931282033646
IN.ADM2.00209,rapeseed_mustard,cleaned,15,0.05149076982164394,0.002651299376825518,0.8553931282033646
IN.ADM2.00209,rice,full,15,-0.555093262945747,0.30812853056775624,0.03171695265378247
IN.ADM2.00209,rice,cleaned,15,-0.555093262945747,0.30812853056775624,0.03171695265378247
IN.ADM2.00209,sesamum,full,13,0.209972339044458,0.04408838316380082,0.4911245622589094
IN.ADM2.00209,sesamum,cleaned,13,0.209972339044458,0.04408838316380082,0.4911245622589094
IN.ADM2.00209,soyabean,full,16,0.44219923581849396,0.19554016415846004,0.08633795285223483
IN.ADM2.00209,soyabean,cleaned,16,0.44219923581849396,0.19554016415846004,0.08633795285223483
IN.ADM2.00209,sugarcane,full,15,-0.35234479161182264,0.12414685217597872,0.19773691660814663
IN.ADM2.00209,sugarcane,cleaned,15,-0.35234479161182264,0.12414685217597872,0.19773691660814663
IN.ADM2.00209,wheat,full,16,-0.6871328213787913,0.4721515142159779,0.0032732414616348515
IN.ADM2.00209,wheat,cleaned,16,-0.6871328213787913,0.4721515142159779,0.0032732414616348515
IN.ADM2.00210,arhartur,full,16,-0.023986432042473083,0.0005753489221281794,0.9297378508722987
IN.ADM2.00210,arhartur,cleaned,16,-0.023986432042473083,0.0005753489221281794,0.9297378508722987
IN.ADM2.00210,bajra,full,16,-0.21491827135676422,0.04618986336297974,0.42409011392152696
IN.ADM2.00210,bajra,cleaned,16,-0.21491827135676422,0.04618986336297974,0.42409011392152696
IN.ADM2.00210,barley,full,16,-0.056649455065210706,0.003209160759185327,0.8349300004950364
IN.ADM2.00210,barley,cleaned,16,-0.056649455065210706,0.003209160759185327,0.8349300004950364
IN.ADM2.00210,groundnut,full,16,-0.31135797619582556,0.09694378934076027,0.2404464224392965
IN.ADM2.00210,groundnut,cleaned,16,-0.31135797619582556,0.09694378934076027,0.2404464224392965
IN.ADM2.00210,jowar,full,16,-0.3245551234908226,0.10533602818414312,0.22002812646382736
IN.ADM2.00210,jowar,cleaned,16,-0.3245551234908226,0.10533602818414312,0.22002812646382736
IN.ADM2.00210,maize,full,16,-0.17269393255879523,0.029823194342621713,0.522448820946033
IN.ADM2.00210,maize,cleaned,16,-0.17269393255879523,0.029823194342621713,0.522448820946033
IN.ADM2.00210,potato,full,16,0.2777821067126542,0.0771628988097204,0.2975608659346464
IN.ADM2.00210,potato,cleaned,16,0.2777821067126542,0.0771628988097204,0.2975608659346464
IN.ADM2.00210,ragi,full,15,-0.09369794579982677,0.008779305047107274,0.7397835515836301
IN.ADM2.00210,ragi,cleaned,15,-0.09369794579982677,0.008779305047107274,0.7397835515836301
IN.ADM2.00210,rapeseed_mustard,full,16,0.12637952768795868,0.015971785018631515,0.6409368786853542
IN.ADM2.00210,rapeseed_mustard,cleaned,16,0.12637952768795868,0.015971785018631515,0.6409368786853542
IN.ADM2.00210,rice,full,16,-0.32620387037472964,0.10640896504745342,0.21755749374035
IN.ADM2.00210,rice,cleaned,16,-0.32620387037472964,0.10640896504745342,0.21755749374035
IN.ADM2.00210,soyabean,full,16,-0.1791666060299266,0.032100672716282926,0.5067305100331743
IN.ADM2.00210,soyabean,cleaned,16,-0.1791666060299266,0.032100672716282926,0.5067305100331743
IN.ADM2.00210,sugarcane,full,16,-0.3042459190890082,0.09256557928231533,0.2519249265054144
IN.ADM2.00210,sugarcane,cleaned,16,-0.3042459190890082,0.09256557928231533,0.2519249265054144
IN.ADM2.00210,wheat,full,16,-0.5162379135873839,0.26650158342505526,0.04064155789212835
IN.ADM2.00210,wheat,cleaned,16,-0.5162379135873839,0.26650158342505526,0.04064155789212835
IN.ADM2.00211,arhartur,full,16,-0.16904103344271632,0.028574870987381536,0.53141652202011
IN.ADM2.00211,arhartur,cleaned,15,-0.5107145367014486,0.2608293379981753,0.05172536399403866
IN.ADM2.00211,bajra,full,13,-0.12276350316190016,0.01507087770858187,0.6894898179553467
IN.ADM2.00211,bajra,cleaned,13,-0.12276350316190016,0.01507087770858187,0.6894898179553467
IN.ADM2.00211,barley,full,15,-0.4965004163903308,0.2465126634757719,0.059754657927814155
IN.ADM2.00211,barley,cleaned,15,-0.4965004163903308,0.2465126634757719,0.059754657927814155
IN.ADM2.00211,groundnut,full,16,-0.10681822487931486,0.01141013316636788,0.6937706159811846
IN.ADM2.00211,groundnut,cleaned,16,-0.10681822487931486,0.01141013316636788,0.6937706159811846
IN.ADM2.00211,jowar,full,16,-0.21753489615019894,0.04732143104307784,0.4183327171663709
IN.ADM2.00211,jowar,cleaned,16,-0.21753489615019894,0.04732143104307784,0.4183327171663709
IN.ADM2.00211,maize,full,16,-0.13374113792125109,0.017886691972471107,0.6214490760289164
IN.ADM2.00211,maize,cleaned,16,-0.13374113792125109,0.017886691972471107,0.6214490760289164
IN.ADM2.00211,potato,full,15,-0.38601186848099817,0.14900516260819144,0.15528477847577668
IN.ADM2.00211,potato,cleaned,15,-0.38601186848099817,0.14900516260819144,0.15528477847577668
IN.ADM2.00211,rapeseed_mustard,full,16,-0.4585578897008335,0.21027533820688177,0.07402433388856804
IN.ADM2.00211,rapeseed_mustard,cleaned,16,-0.4585578897008335,0.21027533820688177,0.07402433388856804
IN.ADM2.00211,rice,full,16,0.06484439452156882,0.004204795500868864,0.8114253676073223
IN.ADM2.00211,rice,cleaned,16,0.06484439452156882,0.004204795500868864,0.8114253676073223
IN.ADM2.00211,sesamum,full,16,0.36326043436221483,0.13195814317302498,0.16667525458293062
IN.ADM2.00211,sesamum,cleaned,16,0.36326043436221483,0.13195814317302498,0.16667525458293062
IN.ADM2.00211,soyabean,full,16,-0.06195177775966518,0.003838022767582945,0.8197057427863446
IN.ADM2.00211,soyabean,cleaned,16,-0.06195177775966518,0.003838022767582945,0.8197057427863446
IN.ADM2.00211,sugarcane,full,15,-0.25502176072385574,0.06503609844269553,0.35898242620983356
IN.ADM2.00211,sugarcane,cleaned,15,-0.25502176072385574,0.06503609844269553,0.35898242620983356
IN.ADM2.00211,wheat,full,16,-0.155893741023033,0.02430285849015648,0.5642531556492207
IN.ADM2.00211,wheat,cleaned,16,-0.155893741023033,0.02430285849015648,0.5642531556492207
IN.ADM2.00212,arhartur,full,16,-0.21630109976589826,0.04678616575993707,0.42104234742629754
IN.ADM2.00212,arhartur,cleaned,15,-0.30799435144473475,0.09486052052186278,0.26408152715478145
IN.ADM2.00212,bajra,full,13,0.27219224017556853,0.07408861561179439,0.3682937200604626
IN.ADM2.00212,bajra,cleaned,13,0.27219224017556853,0.07408861561179439,0.3682937200604626
IN.ADM2.00212,cottonlint,full,16,0.6090451395662692,0.3709359820292963,0.012274878311243556
IN.ADM2.00212,cottonlint,cleaned,16,0.6090451395662692,0.3709359820292963,0.012274878311243556
IN.ADM2.00212,groundnut,full,16,0.19348708288269612,0.03743725124245532,0.4727594271738635
IN.ADM2.00212,groundnut,cleaned,16,0.19348708288269612,0.03743725124245532,0.4727594271738635
IN.ADM2.00212,jowar,full,16,0.13625765344906143,0.018566148123444523,0.6148402229620902
IN.ADM2.00212,jowar,cleaned,16,0.13625765344906143,0.018566148123444523,0.6148402229620902
IN.ADM2.00212,maize,full,16,-0.05089697108547932,0.002590501665676118,0.8515089937212588
IN.ADM2.00212,maize,cleaned,16,-0.05089697108547932,0.002590501665676118,0.8515089937212588
IN.ADM2.00212,potato,full,15,-0.15530170857159262,0.024118620685255884,0.5804882348717286
IN.ADM2.00212,potato,cleaned,13,-0.13749450295362342,0.01890473834246396,0.6542037659854189
IN.ADM2.00212,rapeseed_mustard,full,15,-0.22161450921023906,0.04911299069249513,0.42731584254655286
IN.ADM2.00212,rapeseed_mustard,cleaned,15,-0.22161450921023906,0.04911299069249513,0.42731584254655286
IN.ADM2.00212,rice,full,16,-0.03174887384056626,0.0010079909901441926,0.9070801259849834
IN.ADM2.00212,rice,cleaned,16,-0.03174887384056626,0.0010079909901441926,0.9070801259849834
IN.ADM2.00212,sesamum,full,16,-0.01622780107442632,0.000263341527711152,0.9524351265642503
IN.ADM2.00212,sesamum,cleaned,16,-0.01622780107442632,0.000263341527711152,0.9524351265642503
IN.ADM2.00212,soyabean,full,16,0.1362046056491204,0.018551694600032403,0.6149792528407163
IN.ADM2.00212,soyabean,cleaned,16,0.1362046056491204,0.018551694600032403,0.6149792528407163
IN.ADM2.00212,sugarcane,full,15,0.12634953134635965,0.01596420407144472,0.6536464875742698
IN.ADM2.00212,sugarcane,cleaned,15,0.12634953134635965,0.01596420407144472,0.6536464875742698
IN.ADM2.00212,wheat,full,16,-0.001847418977600511,3.4129568787985173e-06,0.9945822643348342
IN.ADM2.00212,wheat,cleaned,16,-0.001847418977600511,3.4129568787985173e-06,0.9945822643348342
IN.ADM2.00213,arhartur,full,16,-0.2821571839650449,0.0796126764630842,0.28969868049210756
IN.ADM2.00213,arhartur,cleaned,16,-0.2821571839650449,0.0796126764630842,0.28969868049210756
IN.ADM2.00213,bajra,full,14,0.5259447897873989,0.27661792190451123,0.05338733292181714
IN.ADM2.00213,bajra,cleaned,14,0.5259447897873989,0.27661792190451123,0.05338733292181714
IN.ADM2.00213,barley,full,13,0.1635635529977288,0.026753035869240833,0.5933878239628014
IN.ADM2.00213,barley,cleaned,13,0.1635635529977288,0.026753035869240833,0.5933878239628014
IN.ADM2.00213,groundnut,full,16,0.24878821044572727,0.06189557365678748,0.3528088929547976
IN.ADM2.00213,groundnut,cleaned,16,0.24878821044572727,0.06189557365678748,0.3528088929547976
IN.ADM2.00213,jowar,full,16,0.23755786618590263,0.05643373978679922,0.3756547102250609
IN.ADM2.00213,jowar,cleaned,16,0.23755786618590263,0.05643373978679922,0.3756547102250609
IN.ADM2.00213,maize,full,16,-0.22355737971138184,0.04997790202341896,0.4052380447780651
IN.ADM2.00213,maize,cleaned,16,-0.22355737971138184,0.04997790202341896,0.4052380447780651
IN.ADM2.00213,potato,full,15,-0.3852140889935357,0.14838989435911965,0.1562135586046596
IN.ADM2.00213,potato,cleaned,12,0.11662183512600341,0.013600652428156723,0.7181421570510071
IN.ADM2.00213,rapeseed_mustard,full,15,0.15376319611370143,0.023643120479100607,0.5842895661584752
IN.ADM2.00213,rapeseed_mustard,cleaned,14,0.05316505227497329,0.0028265227834006427,0.8567562331544742
IN.ADM2.00213,rice,full,16,0.03470302385307572,0.0012042998645471425,0.8984739983344641
IN.ADM2.00213,rice,cleaned,16,0.03470302385307572,0.0012042998645471425,0.8984739983344641
IN.ADM2.00213,sesamum,full,16,0.30214986869623917,0.09129454315315456,0.25537140880839904
IN.ADM2.00213,sesamum,cleaned,16,0.30214986869623917,0.09129454315315456,0.25537140880839904
IN.ADM2.00213,soyabean,full,16,0.3912297595013883,0.1530607247195141,0.1340136002515242
IN.ADM2.00213,soyabean,cleaned,16,0.3912297595013883,0.1530607247195141,0.1340136002515242
IN.ADM2.00213,sugarcane,full,16,-0.006740667554418392,4.543659907918883e-05,0.9802339987152446
IN.ADM2.00213,sugarcane,cleaned,16,-0.006740667554418392,4.543659907918883e-05,0.9802339987152446
IN.ADM2.00213,wheat,full,16,-0.21943163373201988,0.048150241882303324,0.4141849982039302
IN.ADM2.00213,wheat,cleaned,16,-0.21943163373201988,0.048150241882303324,0.4141849982039302
IN.ADM2.00214,arhartur,full,15,0.09613793751570157,0.00924250302977294,0.7332320966416784
IN.ADM2.00214,arhartur,cleaned,15,0.09613793751570157,0.00924250302977294,0.7332320966416784
IN.ADM2.00214,barley,full,15,0.4027707551221077,0.16222428118163285,0.13661973500116686
IN.ADM2.00214,barley,cleaned,14,0.38017175227346856,0.14453056122667954,0.17996570750521884
IN.ADM2.00214,groundnut,full,16,0.16576521891975232,0.027478107803513414,0.5395169271596254
IN.ADM2.00214,groundnut,cleaned,16,0.16576521891975232,0.027478107803513414,0.5395169271596254
IN.ADM2.00214,jowar,full,16,0.0677751428241749,0.004593469984837307,0.8030549076210456
IN.ADM2.00214,jowar,cleaned,16,0.0677751428241749,0.004593469984837307,0.8030549076210456
IN.ADM2.00214,maize,full,16,0.28909606953175676,0.08357653741871034,0.2774867441077221
IN.ADM2.00214,maize,cleaned,16,0.28909606953175676,0.08357653741871034,0.2774867441077221
IN.ADM2.00214,potato,full,15,0.06535129544928274,0.0042707918168994425,0.8170096551641843
IN.ADM2.00214,potato,cleaned,13,0.10223105983736988,0.0104511895954719,0.7396392248478003
IN.ADM2.00214,rapeseed_mustard,full,16,0.1585379120864537,0.025134269568732125,0.5575800472776381
IN.ADM2.00214,rapeseed_mustard,cleaned,16,0.1585379120864537,0.025134269568732125,0.5575800472776381
IN.ADM2.00214,rice,full,16,-0.19312567967692218,0.03729752815067315,0.47360278303096254
IN.ADM2.00214,rice,cleaned,16,-0.19312567967692218,0.03729752815067315,0.47360278303096254
IN.ADM2.00214,sesamum,full,16,0.4189992222464188,0.17556034824310385,0.1062237427771969
IN.ADM2.00214,sesamum,cleaned,16,0.4189992222464188,0.17556034824310385,0.1062237427771969
IN.ADM2.00214,soyabean,full,16,0.24549654082685818,0.06026855155795324,0.3594225865818149
IN.ADM2.00214,soyabean,cleaned,15,0.23533343705018797,0.05538182659385479,0.39848818771459743
IN.ADM2.00214,sugarcane,full,15,0.022905635620365735,0.0005246681431729676,0.935420779549673
IN.ADM2.00214,sugarcane,cleaned,15,0.022905635620365735,0.0005246681431729676,0.935420779549673
IN.ADM2.00214,wheat,full,16,0.25835701106920494,0.06674834516861329,0.33397549844628616
IN.ADM2.00214,wheat,cleaned,16,0.25835701106920494,0.06674834516861329,0.33397549844628616
IN.ADM2.00215,bajra,full,8,-0.49613633909393307,0.24615126696953013,0.21112717895450697
IN.ADM2.00215,bajra,cleaned,8,-0.49613633909393307,0.24615126696953013,0.21112717895450697
IN.ADM2.00215,cottonlint,full,16,-0.3516900629985741,0.12368590041194101,0.18161519498055984
IN.ADM2.00215,cottonlint,cleaned,16,-0.3516900629985741,0.12368590041194101,0.18161519498055984
IN.ADM2.00215,jowar,full,16,-0.007116447848318594,5.0643829977838345e-05,0.9791322964204563
IN.ADM2.00215,jowar,cleaned,16,-0.007116447848318594,5.0643829977838345e-05,0.9791322964204563
IN.ADM2.00215,maize,full,16,-0.2937575449218279,0.08629349519849971,0.2694606270326826
IN.ADM2.00215,maize,cleaned,16,-0.2937575449218279,0.08629349519849971,0.2694606270326826
IN.ADM2.00215,potato,full,15,-0.4427051879992112,0.19598788348141694,0.09842319552592638
IN.ADM2.00215,potato,cleaned,15,-0.4427051879992112,0.19598788348141694,0.09842319552592638
IN.ADM2.00215,sesamum,full,13,-0.3878465307712135,0.15042493143126587,0.19037256824861196
IN.ADM2.00215,sesamum,cleaned,12,-0.3004495288172634,0.09026991936651559,0.3426804018869565
IN.ADM2.00215,soyabean,full,16,0.2395665283387326,0.05739212150027277,0.37151017884118154
IN.ADM2.00215,soyabean,cleaned,16,0.2395665283387326,0.05739212150027277,0.37151017884118154
IN.ADM2.00215,wheat,full,16,-0.4427672175062157,0.19604280889819656,0.08588734153652039
IN.ADM2.00215,wheat,cleaned,16,-0.4427672175062157,0.19604280889819656,0.08588734153652039
IN.ADM2.00216,arhartur,full,16,-0.15170797617893036,0.023015310036306903,0.5748859613494353
IN.ADM2.00216,arhartur,cleaned,16,-0.15170797617893036,0.023015310036306903,0.5748859613494353
IN.ADM2.00216,bajra,full,16,-0.2705704957876684,0.07320839319078468,0.3107935938394847
IN.ADM2.00216,bajra,cleaned,16,-0.2705704957876684,0.07320839319078468,0.3107935938394847
IN.ADM2.00216,barley,full,14,-0.420339037155915,0.17668490615716168,0.1345279970172019
IN.ADM2.00216,barley,cleaned,14,-0.420339037155915,0.17668490615716168,0.1345279970172019
IN.ADM2.00216,cottonlint,full,16,-0.13723299205366402,0.01883289410800101,0.6122862087145889
IN.ADM2.00216,cottonlint,cleaned,16,-0.13723299205366402,0.01883289410800101,0.6122862087145889
IN.ADM2.00216,groundnut,full,16,-0.08136961620312842,0.0066210144410444195,0.764502771101891
IN.ADM2.00216,groundnut,cleaned,16,-0.08136961620312842,0.0066210144410444195,0.764502771101891
IN.ADM2.00216,jowar,full,16,-0.10818230326143133,0.011703410738948296,0.6900397817807515
IN.ADM2.00216,jowar,cleaned,16,-0.10818230326143133,0.011703410738948296,0.6900397817807515
IN.ADM2.00216,maize,full,16,-0.31386501473432304,0.09851124747417682,0.23647955834781248
IN.ADM2.00216,maize,cleaned,16,-0.31386501473432304,0.09851124747417682,0.23647955834781248
IN.ADM2.00216,potato,full,15,-0.418892521560742,0.17547094461951673,0.1201584945823003
IN.ADM2.00216,potato,cleaned,15,-0.418892521560742,0.17547094461951673,0.1201584945823003
IN.ADM2.00216,rapeseed_mustard,full,14,-0.3007739556243263,0.09046497238190421,0.29606169257276405
IN.ADM2.00216,rapeseed_mustard,cleaned,14,-0.3007739556243263,0.09046497238190421,0.29606169257276405
IN.ADM2.00216,rice,full,15,0.4485512246655956,0.20119820114900563,0.09354052253449464
IN.ADM2.00216,rice,cleaned,15,0.4485512246655956,0.20119820114900563,0.09354052253449464
IN.ADM2.00216,sesamum,full,13,-0.04598029386042135,0.0021141874234907013,0.8814299818831415
IN.ADM2.00216,sesamum,cleaned,13,-0.04598029386042135,0.0021141874234907013,0.8814299818831415
IN.ADM2.00216,soyabean,full,16,0.32920309694136807,0.10837467903578778,0.21310875575492633
IN.ADM2.00216,soyabean,cleaned,16,0.32920309694136807,0.10837467903578778,0.21310875575492633
IN.ADM2.00216,sugarcane,full,15,-0.3168404420617142,0.10038786572586246,0.24989089486183308
IN.ADM2.00216,sugarcane,cleaned,15,-0.3168404420617142,0.10038786572586246,0.24989089486183308
IN.ADM2.00216,wheat,full,16,0.10207259071997675,0.010418813776287884,0.7068011779459515
IN.ADM2.00216,wheat,cleaned,16,0.10207259071997675,0.010418813776287884,0.7068011779459515
IN.ADM2.00217,arhartur,full,16,-0.5211712041091113,0.27161942399254096,0.038434967525529794
IN.ADM2.00217,arhartur,cleaned,16,-0.5211712041091113,0.27161942399254096,0.038434967525529794
IN.ADM2.00217,barley,full,15,0.3637544980533017,0.13231733485400946,0.18259620883947267
IN.ADM2.00217,barley,cleaned,15,0.3637544980533017,0.13231733485400946,0.18259620883947267
IN.ADM2.00217,groundnut,full,16,-0.22993695375618006,0.05287100270267169,0.39160784276333666
IN.ADM2.00217,groundnut,cleaned,16,-0.22993695375618006,0.05287100270267169,0.39160784276333666
IN.ADM2.00217,jowar,full,16,-0.37419443630506477,0.1400214761616652,0.15333220566119476
IN.ADM2.00217,jowar,cleaned,16,-0.37419443630506477,0.1400214761616652,0.15333220566119476
IN.ADM2.00217,maize,full,16,0.07345469661680962,0.005395592455067542,0.7868913546255091
IN.ADM2.00217,maize,cleaned,16,0.07345469661680962,0.005395592455067542,0.7868913546255091
IN.ADM2.00217,ragi,full,14,0.19567404038225805,0.038288330079517555,0.5025949822877565
IN.ADM2.00217,ragi,cleaned,14,0.19567404038225805,0.038288330079517555,0.5025949822877565
IN.ADM2.00217,rapeseed_mustard,full,16,-0.17725014231350994,0.031417612950159525,0.5113613345407001
IN.ADM2.00217,rapeseed_mustard,cleaned,16,-0.17725014231350994,0.031417612950159525,0.5113613345407001
IN.ADM2.00217,rice,full,16,-0.06653612330343525,0.00442705570424994,0.8065912550989943
IN.ADM2.00217,rice,cleaned,16,-0.06653612330343525,0.00442705570424994,0.8065912550989943
IN.ADM2.00217,soyabean,full,16,-0.10760933460173899,0.01157976889342902,0.6916060753637508
IN.ADM2.00217,soyabean,cleaned,16,-0.10760933460173899,0.01157976889342902,0.6916060753637508
IN.ADM2.00217,sugarcane,full,16,-0.12307039829800369,0.015146322937229268,0.6497699625015166
IN.ADM2.00217,sugarcane,cleaned,16,-0.12307039829800369,0.015146322937229268,0.6497699625015166
IN.ADM2.00218,arhartur,full,16,-0.11343927573688323,0.012868469279708623,0.6757247801774412
IN.ADM2.00218,arhartur,cleaned,16,-0.11343927573688323,0.012868469279708623,0.6757247801774412
IN.ADM2.00218,bajra,full,13,0.14829574743745713,0.021991628708034075,0.6287402527441022
IN.ADM2.00218,bajra,cleaned,13,0.14829574743745713,0.021991628708034075,0.6287402527441022
IN.ADM2.00218,cottonlint,full,16,-0.36268292654129053,0.13153890520455513,0.1674008369500028
IN.ADM2.00218,cottonlint,cleaned,16,-0.36268292654129053,0.13153890520455513,0.1674008369500028
IN.ADM2.00218,groundnut,full,16,-0.10947547901805638,0.011984880506232903,0.6865090364233652
IN.ADM2.00218,groundnut,cleaned,15,-0.026134944816503664,0.0006830353405616917,0.9263375751635228
IN.ADM2.00218,jowar,full,16,-0.3928681505961438,0.1543453837528343,0.13224832584819085
IN.ADM2.00218,jowar,cleaned,16,-0.3928681505961438,0.1543453837528343,0.13224832584819085
IN.ADM2.00218,maize,full,16,-0.4511429653454747,0.2035299751807082,0.07943674085610261
IN.ADM2.00218,maize,cleaned,16,-0.4511429653454747,0.2035299751807082,0.07943674085610261
IN.ADM2.00218,potato,full,15,0.0958600243048362,0.009189144259723787,0.7339774499174702
IN.ADM2.00218,potato,cleaned,15,0.0958600243048362,0.009189144259723787,0.7339774499174702
IN.ADM2.00218,rapeseed_mustard,full,13,-0.09620778726869822,0.009255938331139092,0.7545421607676829
IN.ADM2.00218,rapeseed_mustard,cleaned,13,-0.09620778726869822,0.009255938331139092,0.7545421607676829
IN.ADM2.00218,rice,full,16,0.2598199763738513,0.06750642012290864,0.3311478538049134
IN.ADM2.00218,rice,cleaned,16,0.2598199763738513,0.06750642012290864,0.3311478538049134
IN.ADM2.00218,sesamum,full,14,0.5758807709217781,0.33163866231746153,0.031148960963609557
IN.ADM2.00218,sesamum,cleaned,14,0.5758807709217781,0.33163866231746153,0.031148960963609557
IN.ADM2.00218,soyabean,full,16,-0.026819691034106613,0.0007192958271649387,0.9214611390613412
IN.ADM2.00218,soyabean,cleaned,15,-0.1336778535413629,0.017869768527426073,0.6348168421413978
IN.ADM2.00218,sugarcane,full,15,0.08568815206130313,0.007342459403681009,0.7614049468204148
IN.ADM2.00218,sugarcane,cleaned,15,0.08568815206130313,0.007342459403681009,0.7614049468204148
IN.ADM2.00218,wheat,full,16,-0.38593212972176855,0.14894360875158,0.13983200050880476
IN.ADM2.00218,wheat,cleaned,16,-0.38593212972176855,0.14894360875158,0.13983200050880476
IN.ADM2.00219,arhartur,full,15,-0.16456919307336385,0.027083019308818106,0.557809323332642
IN.ADM2.00219,arhartur,cleaned,15,-0.16456919307336385,0.027083019308818106,0.557809323332642
IN.ADM2.00219,bajra,full,13,0.23413512272812037,0.054819255694911986,0.441345997610687
IN.ADM2.00219,bajra,cleaned,13,0.23413512272812037,0.054819255694911986,0.441345997610687
IN.ADM2.00219,barley,full,14,-0.21240516352577732,0.0451159534924122,0.4659811625435742
IN.ADM2.00219,barley,cleaned,14,-0.21240516352577732,0.0451159534924122,0.4659811625435742
IN.ADM2.00219,groundnut,full,15,0.3211486950110887,0.10313648430732529,0.24315284717828617
IN.ADM2.00219,groundnut,cleaned,15,0.3211486950110887,0.10313648430732529,0.24315284717828617
IN.ADM2.00219,jowar,full,16,0.2392409268220718,0.05723622106668391,0.37218028518446855
IN.ADM2.00219,jowar,cleaned,16,0.2392409268220718,0.05723622106668391,0.37218028518446855
IN.ADM2.00219,maize,full,16,0.010137799002679776,0.00010277496861873505,0.9702758265172449
IN.ADM2.00219,maize,cleaned,16,0.010137799002679776,0.00010277496861873505,0.9702758265172449
IN.ADM2.00219,potato,full,15,-0.36506711998461217,0.13327400209385923,0.18090429982942255
IN.ADM2.00219,potato,cleaned,15,-0.36506711998461217,0.13327400209385923,0.18090429982942255
IN.ADM2.00219,rapeseed_mustard,full,16,-0.09865742345082976,0.009733287201956334,0.7162262292015188
IN.ADM2.00219,rapeseed_mustard,cleaned,16,-0.09865742345082976,0.009733287201956334,0.7162262292015188
IN.ADM2.00219,rice,full,15,-0.26477666372607844,0.07010668165391283,0.3402441051845141
IN.ADM2.00219,rice,cleaned,15,-0.26477666372607844,0.07010668165391283,0.3402441051845141
IN.ADM2.00219,sesamum,full,15,0.5607399855771628,0.3144293314250767,0.02966740038936722
IN.ADM2.00219,sesamum,cleaned,15,0.5607399855771628,0.3144293314250767,0.02966740038936722
IN.ADM2.00219,soyabean,full,16,0.5301175739133569,0.2810246421717834,0.034665204622746575
IN.ADM2.00219,soyabean,cleaned,16,0.5301175739133569,0.2810246421717834,0.034665204622746575
IN.ADM2.00219,sugarcane,full,15,-0.27068815755830156,0.07327207864230789,0.32916259914390156
IN.ADM2.00219,sugarcane,cleaned,15,-0.27068815755830156,0.07327207864230789,0.32916259914390156
IN.ADM2.00219,wheat,full,16,-0.06904735761454506,0.004767537593550873,0.7994275397245015
IN.ADM2.00219,wheat,cleaned,16,-0.06904735761454506,0.004767537593550873,0.7994275397245015
IN.ADM2.00220,arhartur,full,15,0.3650122887189033,0.13323397091581202,0.18097476939006632
IN.ADM2.00220,arhartur,cleaned,15,0.3650122887189033,0.13323397091581202,0.18097476939006632
IN.ADM2.00220,barley,full,15,0.2567161358791077,0.06590317442070048,0.3556875198724308
IN.ADM2.00220,barley,cleaned,15,0.2567161358791077,0.06590317442070048,0.3556875198724308
IN.ADM2.00220,groundnut,full,14,0.7618059537926886,0.5803483112339879,0.0015433027964502563
IN.ADM2.00220,groundnut,cleaned,14,0.7618059537926886,0.5803483112339879,0.0015433027964502563
IN.ADM2.00220,jowar,full,16,0.04422149206118568,0.0019555403601175083,0.8708210146554186
IN.ADM2.00220,jowar,cleaned,15,0.09950653280619252,0.009901550071109868,0.7242153963324348
IN.ADM2.00220,maize,full,14,0.6081660381818098,0.3698659299977585,0.0210242438384374
IN.ADM2.00220,maize,cleaned,14,0.6081660381818098,0.3698659299977585,0.0210242438384374
IN.ADM2.00220,potato,full,15,0.11082499245089551,0.012282178951741047,0.694170734700221
IN.ADM2.00220,potato,cleaned,13,0.35843393391632666,0.12847488498273363,0.22912672954969424
IN.ADM2.00220,rapeseed_mustard,full,16,0.03499160991721097,0.001224412764598257,0.8976338334713667
IN.ADM2.00220,rapeseed_mustard,cleaned,16,0.03499160991721097,0.001224412764598257,0.8976338334713667
IN.ADM2.00220,rice,full,16,0.3585778294298901,0.12857805975865136,0.17261919481719984
IN.ADM2.00220,rice,cleaned,16,0.3585778294298901,0.12857805975865136,0.17261919481719984
IN.ADM2.00220,sesamum,full,16,0.22777360011680797,0.05188081291017155,0.3962019612654572
IN.ADM2.00220,sesamum,cleaned,16,0.22777360011680797,0.05188081291017155,0.3962019612654572
IN.ADM2.00220,soyabean,full,16,-0.04493619342495664,0.0020192614795251163,0.8687499371369214
IN.ADM2.00220,soyabean,cleaned,16,-0.04493619342495664,0.0020192614795251163,0.8687499371369214
IN.ADM2.00220,sugarcane,full,14,0.26653394069099684,0.07104034154027182,0.3569890242797582
IN.ADM2.00220,sugarcane,cleaned,14,0.26653394069099684,0.07104034154027182,0.3569890242797582
IN.ADM2.00220,wheat,full,16,0.5123116099061479,0.26246318564462906,0.04246471124631548
IN.ADM2.00220,wheat,cleaned,16,0.5123116099061479,0.26246318564462906,0.04246471124631548
IN.ADM2.00221,arhartur,full,16,-0.32634776122209513,0.10650286125467362,0.21734271837191568
IN.ADM2.00221,arhartur,cleaned,16,-0.32634776122209513,0.10650286125467362,0.21734271837191568
IN.ADM2.00221,bajra,full,14,0.2769230182031698,0.0766863580107531,0.3378243590347016
IN.ADM2.00221,bajra,cleaned,14,0.2769230182031698,0.0766863580107531,0.3378243590347016
IN.ADM2.00221,barley,full,13,0.42988108305823064,0.1847977455713174,0.14261631126595392
IN.ADM2.00221,barley,cleaned,13,0.42988108305823064,0.1847977455713174,0.14261631126595392
IN.ADM2.00221,cottonlint,full,14,-0.18587864427121759,0.03455087039610585,0.5246240714902044
IN.ADM2.00221,cottonlint,cleaned,14,-0.18587864427121759,0.03455087039610585,0.5246240714902044
IN.ADM2.00221,groundnut,full,13,0.1990923416496868,0.039637760503555615,0.5143454503721882
IN.ADM2.00221,groundnut,cleaned,13,0.1990923416496868,0.039637760503555615,0.5143454503721882
IN.ADM2.00221,jowar,full,16,0.18798928426185246,0.035339970997283573,0.48566781316317187
IN.ADM2.00221,jowar,cleaned,16,0.18798928426185246,0.035339970997283573,0.48566781316317187
IN.ADM2.00221,maize,full,16,-0.337036685182143,0.11359372715856698,0.2017659193272679
IN.ADM2.00221,maize,cleaned,16,-0.337036685182143,0.11359372715856698,0.2017659193272679
IN.ADM2.00221,potato,full,15,-0.22337047086054934,0.049894367252463524,0.423567734153623
IN.ADM2.00221,potato,cleaned,15,-0.22337047086054934,0.049894367252463524,0.423567734153623
IN.ADM2.00221,rapeseed_mustard,full,15,0.3792108086331198,0.1438008373841846,0.16332140444805907
IN.ADM2.00221,rapeseed_mustard,cleaned,15,0.3792108086331198,0.1438008373841846,0.16332140444805907
IN.ADM2.00221,rice,full,16,-0.024926661415922924,0.0006213384493440606,0.9269903998143697
IN.ADM2.00221,rice,cleaned,15,0.3739349624237102,0.13982735612282157,0.16974207387726267
IN.ADM2.00221,sesamum,full,14,0.5333320770040904,0.28444310436149695,0.049531569192579436
IN.ADM2.00221,sesamum,cleaned,14,0.5333320770040904,0.28444310436149695,0.049531569192579436
IN.ADM2.00221,soyabean,full,16,0.3719047258173655,0.1383131250852898,0.15606466221746887
IN.ADM2.00221,soyabean,cleaned,16,0.3719047258173655,0.1383131250852898,0.15606466221746887
IN.ADM2.00221,sugarcane,full,16,-0.13281317856427596,0.017639340400346253,0.6238929704536383
IN.ADM2.00221,sugarcane,cleaned,16,-0.13281317856427596,0.017639340400346253,0.6238929704536383
IN.ADM2.00221,wheat,full,16,0.43334416657728425,0.1877871667065611,0.0935838473233546
IN.ADM2.00221,wheat,cleaned,16,0.43334416657728425,0.1877871667065611,0.0935838473233546
IN.ADM2.00222,jowar,full,13,0.5127307137398214,0.2628927848121467,0.07318074247799417
IN.ADM2.00222,jowar,cleaned,13,0.5127307137398214,0.2628927848121467,0.07318074247799417
IN.ADM2.00222,maize,full,16,-0.37379614455105625,0.13972355768123415,0.15380517586682144
IN.ADM2.00222,maize,cleaned,16,-0.37379614455105625,0.13972355768123415,0.15380517586682144
IN.ADM2.00222,sesamum,full,5,0.6816345815350411,0.4646257027444506,0.20502654782304716
IN.ADM2.00222,sesamum,cleaned,5,0.6816345815350411,0.4646257027444506,0.20502654782304716
IN.ADM2.00222,soyabean,full,16,0.274713260570799,0.0754673755334397,0.3031504527704506
IN.ADM2.00222,soyabean,cleaned,16,0.274713260570799,0.0754673755334397,0.3031504527704506
IN.ADM2.00222,wheat,full,16,-0.13321216877733055,0.01774548191036,0.6228417284860046
IN.ADM2.00222,wheat,cleaned,16,-0.13321216877733055,0.01774548191036,0.6228417284860046
IN.ADM2.00223,arhartur,full,16,-0.07440227161666149,0.005535698021719472,0.784202371286679
IN.ADM2.00223,arhartur,cleaned,15,0.08552439670419716,0.00731442243161689,0.7618487539886305
IN.ADM2.00223,bajra,full,8,-0.276270669682505,0.0763254829268198,0.5077470709328475
IN.ADM2.00223,bajra,cleaned,7,-0.0929823231430093,0.008645712417071004,0.8428297899448184
IN.ADM2.00223,barley,full,14,-0.2987169630631973,0.08923182402169957,0.2995394318963472
IN.ADM2.00223,barley,cleaned,13,0.018215915198996634,0.0003318195665370366,0.9529007062388746
IN.ADM2.00223,groundnut,full,13,0.0839876109330336,0.007053918790238625,0.7850144256691212
IN.ADM2.00223,groundnut,cleaned,13,0.0839876109330336,0.007053918790238625,0.7850144256691212
IN.ADM2.00223,jowar,full,15,0.33107985258666256,0.10961386878880622,0.22805242210201102
IN.ADM2.00223,jowar,cleaned,15,0.33107985258666256,0.10961386878880622,0.22805242210201102
IN.ADM2.00223,maize,full,16,-0.002983197543749174,8.899467585031106e-06,0.9912515793227588
IN.ADM2.00223,maize,cleaned,16,-0.002983197543749174,8.899467585031106e-06,0.9912515793227588
IN.ADM2.00223,potato,full,15,-0.032241944507681836,0.001039542985636435,0.9091840755801689
IN.ADM2.00223,potato,cleaned,15,-0.032241944507681836,0.001039542985636435,0.9091840755801689
IN.ADM2.00223,rapeseed_mustard,full,16,0.11217616595994068,0.012583492209472153,0.6791550119868563
IN.ADM2.00223,rapeseed_mustard,cleaned,16,0.11217616595994068,0.012583492209472153,0.6791550119868563
IN.ADM2.00223,rice,full,16,-0.2682040573775398,0.07193341639377465,0.31520969006738864
IN.ADM2.00223,rice,cleaned,16,-0.2682040573775398,0.07193341639377465,0.31520969006738864
IN.ADM2.00223,sesamum,full,16,-0.05342251213201987,0.0028539648024958103,0.8442226535231132
IN.ADM2.00223,sesamum,cleaned,16,-0.05342251213201987,0.0028539648024958103,0.8442226535231132
IN.ADM2.00223,soyabean,full,16,0.12999804735471784,0.016899492316039464,0.6313294032735548
IN.ADM2.00223,soyabean,cleaned,16,0.12999804735471784,0.016899492316039464,0.6313294032735548
IN.ADM2.00223,sugarcane,full,15,0.14878170597931645,0.022135996034115767,0.596666944008237
IN.ADM2.00223,sugarcane,cleaned,15,0.14878170597931645,0.022135996034115767,0.596666944008237
IN.ADM2.00223,wheat,full,16,-0.06199330187774693,0.003843169477705461,0.8195867477548282
IN.ADM2.00223,wheat,cleaned,16,-0.06199330187774693,0.003843169477705461,0.8195867477548282
IN.ADM2.00224,arhartur,full,16,-0.2808777677674454,0.07889232042602298,0.2919848667979277
IN.ADM2.00224,arhartur,cleaned,16,-0.2808777677674454,0.07889232042602298,0.2919848667979277
IN.ADM2.00224,bajra,full,16,-0.017178847534506693,0.0002951128026138267,0.9496507382658603
IN.ADM2.00224,bajra,cleaned,16,-0.017178847534506693,0.0002951128026138267,0.9496507382658603
IN.ADM2.00224,barley,full,15,-0.3376747237324591,0.11402421904779259,0.21835708386411193
IN.ADM2.00224,barley,cleaned,15,-0.3376747237324591,0.11402421904779259,0.21835708386411193
IN.ADM2.00224,cottonlint,full,16,-0.1909447351743816,0.03645989189081472,0.4787076971964253
IN.ADM2.00224,cottonlint,cleaned,16,-0.1909447351743816,0.03645989189081472,0.4787076971964253
IN.ADM2.00224,groundnut,full,16,0.26506750717959837,0.07026078336240643,0.32111898805274885
IN.ADM2.00224,groundnut,cleaned,16,0.26506750717959837,0.07026078336240643,0.32111898805274885
IN.ADM2.00224,jowar,full,16,0.08389326710061043,0.007038080264814364,0.7573999597929091
IN.ADM2.00224,jowar,cleaned,16,0.08389326710061043,0.007038080264814364,0.7573999597929091
IN.ADM2.00224,maize,full,16,-0.39226791456880533,0.15387411680015955,0.1328931805968438
IN.ADM2.00224,maize,cleaned,16,-0.39226791456880533,0.15387411680015955,0.1328931805968438
IN.ADM2.00224,potato,full,15,-0.2410877305351268,0.05812329381457791,0.38671161659151343
IN.ADM2.00224,potato,cleaned,15,-0.2410877305351268,0.05812329381457791,0.38671161659151343
IN.ADM2.00224,rapeseed_mustard,full,9,0.7472796029517106,0.5584268049876662,0.020651963528015127
IN.ADM2.00224,rapeseed_mustard,cleaned,9,0.7472796029517106,0.5584268049876662,0.020651963528015127
IN.ADM2.00224,rice,full,16,0.23555722627181608,0.05548720684887156,0.37980776598870647
IN.ADM2.00224,rice,cleaned,16,0.23555722627181608,0.05548720684887156,0.37980776598870647
IN.ADM2.00224,sesamum,full,14,0.36782638281472735,0.13529624789456635,0.19569880017000438
IN.ADM2.00224,sesamum,cleaned,14,0.36782638281472735,0.13529624789456635,0.19569880017000438
IN.ADM2.00224,soyabean,full,16,-0.16297439316794643,0.026560652828460384,0.5464610468145049
IN.ADM2.00224,soyabean,cleaned,16,-0.16297439316794643,0.026560652828460384,0.5464610468145049
IN.ADM2.00224,sugarcane,full,14,0.10419800635587836,0.010857224528539667,0.7229708669662233
IN.ADM2.00224,sugarcane,cleaned,14,0.10419800635587836,0.010857224528539667,0.7229708669662233
IN.ADM2.00225,arhartur,full,16,0.1205523376782365,0.01453286611968756,0.6565209337005298
IN.ADM2.00225,arhartur,cleaned,16,0.1205523376782365,0.01453286611968756,0.6565209337005298
IN.ADM2.00225,barley,full,14,-0.010467335118591714,0.00010956510448490341,0.9716697703351974
IN.ADM2.00225,barley,cleaned,13,0.24940641411870473,0.06220355940355084,0.4112213971634872
IN.ADM2.00225,jowar,full,15,0.2910272311252846,0.08469684925644982,0.2926354963345224
IN.ADM2.00225,jowar,cleaned,15,0.2910272311252846,0.08469684925644982,0.2926354963345224
IN.ADM2.00225,maize,full,16,0.015705400228360603,0.00024665959633298927,0.9539647862082824
IN.ADM2.00225,maize,cleaned,16,0.015705400228360603,0.00024665959633298927,0.9539647862082824
IN.ADM2.00225,potato,full,15,0.26535751889157194,0.07041461283229096,0.3391460533954986
IN.ADM2.00225,potato,cleaned,15,0.26535751889157194,0.07041461283229096,0.3391460533954986
IN.ADM2.00225,rapeseed_mustard,full,16,0.36054091075329514,0.12998974832681554,0.17011045020377147
IN.ADM2.00225,rapeseed_mustard,cleaned,16,0.36054091075329514,0.12998974832681554,0.17011045020377147
IN.ADM2.00225,rice,full,16,-0.06661042018490806,0.004436948077210008,0.8063791009490482
IN.ADM2.00225,rice,cleaned,16,-0.06661042018490806,0.004436948077210008,0.8063791009490482
IN.ADM2.00225,soyabean,full,16,0.2240035525201003,0.05017759154162533,0.4042766827588954
IN.ADM2.00225,soyabean,cleaned,16,0.2240035525201003,0.05017759154162533,0.4042766827588954
IN.ADM2.00226,arhartur,full,15,-0.6572666908309233,0.43199950287583244,0.007754667783051154
IN.ADM2.00226,arhartur,cleaned,15,-0.6572666908309233,0.43199950287583244,0.007754667783051154
IN.ADM2.00226,bajra,full,13,0.0526501588836733,0.0027720392304760423,0.864364020678983
IN.ADM2.00226,bajra,cleaned,13,0.0526501588836733,0.0027720392304760423,0.864364020678983
IN.ADM2.00226,barley,full,13,0.5202300866824293,0.2706393430896079,0.06837840374165913
IN.ADM2.00226,barley,cleaned,13,0.5202300866824293,0.2706393430896079,0.06837840374165913
IN.ADM2.00226,cottonlint,full,14,-0.107894381929407,0.011641197651928746,0.7135148377638625
IN.ADM2.00226,cottonlint,cleaned,14,-0.107894381929407,0.011641197651928746,0.7135148377638625
IN.ADM2.00226,groundnut,full,16,0.1845022770545291,0.03404109023830621,0.49394178565972685
IN.ADM2.00226,groundnut,cleaned,16,0.1845022770545291,0.03404109023830621,0.49394178565972685
IN.ADM2.00226,jowar,full,14,-0.0021799654269115338,4.7522492625295855e-06,0.9940988122053938
IN.ADM2.00226,jowar,cleaned,14,-0.0021799654269115338,4.7522492625295855e-06,0.9940988122053938
IN.ADM2.00226,maize,full,16,-0.27989958261886494,0.0783437763502148,0.29374002104385255
IN.ADM2.00226,maize,cleaned,16,-0.27989958261886494,0.0783437763502148,0.29374002104385255
IN.ADM2.00226,potato,full,15,-0.6807493096590757,0.4634196226013081,0.005213225177760634
IN.ADM2.00226,potato,cleaned,15,-0.6807493096590757,0.4634196226013081,0.005213225177760634
IN.ADM2.00226,rapeseed_mustard,full,16,-0.012644975282356849,0.00015989539989141568,0.9629289840688853
IN.ADM2.00226,rapeseed_mustard,cleaned,16,-0.012644975282356849,0.00015989539989141568,0.9629289840688853
IN.ADM2.00226,rice,full,13,0.4013510859755175,0.16108269421372723,0.1740613430577969
IN.ADM2.00226,rice,cleaned,13,0.4013510859755175,0.16108269421372723,0.1740613430577969
IN.ADM2.00226,sesamum,full,15,0.3995037148361581,0.15960321816789033,0.14013265572242642
IN.ADM2.00226,sesamum,cleaned,15,0.3995037148361581,0.15960321816789033,0.14013265572242642
IN.ADM2.00226,soyabean,full,16,0.15033755423435885,0.02260138021316879,0.5783853252627089
IN.ADM2.00226,soyabean,cleaned,16,0.15033755423435885,0.02260138021316879,0.5783853252627089
IN.ADM2.00226,sugarcane,full,12,-0.485057908213277,0.23528117432023984,0.10995745844614717
IN.ADM2.00226,sugarcane,cleaned,12,-0.485057908213277,0.23528117432023984,0.10995745844614717
IN.ADM2.00226,wheat,full,16,-0.2572060894263572,0.06615497243799925,0.3362097025112146
IN.ADM2.00226,wheat,cleaned,16,-0.2572060894263572,0.06615497243799925,0.3362097025112146
IN.ADM2.00227,arhartur,full,16,-0.17860358201322127,0.03189923950795345,0.5080889320882069
IN.ADM2.00227,arhartur,cleaned,15,-0.11155801681124883,0.012445191114858875,0.6922388975513132
IN.ADM2.00227,barley,full,15,0.10707664266812644,0.011465407405077637,0.7040763731986224
IN.ADM2.00227,barley,cleaned,15,0.10707664266812644,0.011465407405077637,0.7040763731986224
IN.ADM2.00227,cottonlint,full,9,0.7966643857775157,0.6346741435662664,0.010166174694313876
IN.ADM2.00227,cottonlint,cleaned,9,0.7966643857775157,0.6346741435662664,0.010166174694313876
IN.ADM2.00227,groundnut,full,13,0.33151089621705154,0.10989947431063272,0.26850663309598116
IN.ADM2.00227,groundnut,cleaned,13,0.33151089621705154,0.10989947431063272,0.26850663309598116
IN.ADM2.00227,jowar,full,15,0.146811953892979,0.02155374980587419,0.6015898773213652
IN.ADM2.00227,jowar,cleaned,15,0.146811953892979,0.02155374980587419,0.6015898773213652
IN.ADM2.00227,maize,full,16,0.2128796718423126,0.0453177546836907,0.4286040171819046
IN.ADM2.00227,maize,cleaned,16,0.2128796718423126,0.0453177546836907,0.4286040171819046
IN.ADM2.00227,potato,full,15,-0.1452270675117764,0.021090901138070058,0.6055625757876313
IN.ADM2.00227,potato,cleaned,15,-0.1452270675117764,0.021090901138070058,0.6055625757876313
IN.ADM2.00227,rapeseed_mustard,full,16,0.06468043630795317,0.0041835588409871866,0.8118942204288689
IN.ADM2.00227,rapeseed_mustard,cleaned,16,0.06468043630795317,0.0041835588409871866,0.8118942204288689
IN.ADM2.00227,rice,full,16,0.3677972766209902,0.13527483668981719,0.1610481058420813
IN.ADM2.00227,rice,cleaned,16,0.3677972766209902,0.13527483668981719,0.1610481058420813
IN.ADM2.00227,sesamum,full,16,0.0030820238270139605,9.498870870281778e-06,0.9909617756592819
IN.ADM2.00227,sesamum,cleaned,16,0.0030820238270139605,9.498870870281778e-06,0.9909617756592819
IN.ADM2.00227,soyabean,full,16,0.2662752659251991,0.07090251724353551,0.31883599829815223
IN.ADM2.00227,soyabean,cleaned,16,0.2662752659251991,0.07090251724353551,0.31883599829815223
IN.ADM2.00227,sugarcane,full,15,0.48173194184101553,0.23206566378991558,0.06902054879460334
IN.ADM2.00227,sugarcane,cleaned,15,0.48173194184101553,0.23206566378991558,0.06902054879460334
IN.ADM2.00227,wheat,full,16,0.22351049302737686,0.049956940493341075,0.40533914122364434
IN.ADM2.00227,wheat,cleaned,16,0.22351049302737686,0.049956940493341075,0.40533914122364434
IN.ADM2.00228,arhartur,full,16,-0.1496168262954663,0.022385194710727734,0.5802292597239056
IN.ADM2.00228,arhartur,cleaned,16,-0.1496168262954663,0.022385194710727734,0.5802292597239056
IN.ADM2.00228,bajra,full,12,0.5962211793315341,0.3554796946834853,0.04074528618720451
IN.ADM2.00228,bajra,cleaned,12,0.5962211793315341,0.3554796946834853,0.04074528618720451
IN.ADM2.00228,groundnut,full,13,0.21059098416003433,0.044348562609491826,0.4898188871506692
IN.ADM2.00228,groundnut,cleaned,13,0.21059098416003433,0.044348562609491826,0.4898188871506692
IN.ADM2.00228,jowar,full,16,0.14327316727145312,0.020527200459993785,0.5965634138124587
IN.ADM2.00228,jowar,cleaned,16,0.14327316727145312,0.020527200459993785,0.5965634138124587
IN.ADM2.00228,maize,full,16,-0.4400788917560746,0.19366943096925485,0.08803510702723083
IN.ADM2.00228,maize,cleaned,16,-0.4400788917560746,0.19366943096925485,0.08803510702723083
IN.ADM2.00228,potato,full,15,-0.09640218425677373,0.009293381129476953,0.7325236013686095
IN.ADM2.00228,potato,cleaned,15,-0.09640218425677373,0.009293381129476953,0.7325236013686095
IN.ADM2.00228,rapeseed_mustard,full,15,0.3355521536576256,0.11259524782427077,0.22144865325576807
IN.ADM2.00228,rapeseed_mustard,cleaned,15,0.3355521536576256,0.11259524782427077,0.22144865325576807
IN.ADM2.00228,rice,full,16,0.10111823921226211,0.010224898301388263,0.709431010133275
IN.ADM2.00228,rice,cleaned,16,0.10111823921226211,0.010224898301388263,0.709431010133275
IN.ADM2.00228,sesamum,full,15,0.5033269815277148,0.2533380503338006,0.055792727760074656
IN.ADM2.00228,sesamum,cleaned,15,0.5033269815277148,0.2533380503338006,0.055792727760074656
IN.ADM2.00228,soyabean,full,16,0.43390898223077357,0.18827700486054577,0.09310917306997572
IN.ADM2.00228,soyabean,cleaned,16,0.43390898223077357,0.18827700486054577,0.09310917306997572
IN.ADM2.00228,sugarcane,full,16,-0.22194495512819784,0.04925956310685775,0.4087224085513639
IN.ADM2.00228,sugarcane,cleaned,16,-0.22194495512819784,0.04925956310685775,0.4087224085513639
IN.ADM2.00229,arhartur,full,16,-0.1304065232833795,0.0170058613148586,0.6302482967843012
IN.ADM2.00229,arhartur,cleaned,16,-0.1304065232833795,0.0170058613148586,0.6302482967843012
IN.ADM2.00229,bajra,full,14,0.40930293080104635,0.16752888916232614,0.14614991940089916
IN.ADM2.00229,bajra,cleaned,14,0.40930293080104635,0.16752888916232614,0.14614991940089916
IN.ADM2.00229,barley,full,15,-0.1993290018739161,0.03973205098805165,0.4763279256871538
IN.ADM2.00229,barley,cleaned,14,0.1812656302831278,0.03285722872193958,0.5351446087831239
IN.ADM2.00229,groundnut,full,13,0.4672954105705333,0.21836500074028328,0.10738493813635615
IN.ADM2.00229,groundnut,cleaned,13,0.4672954105705333,0.21836500074028328,0.10738493813635615
IN.ADM2.00229,jowar,full,16,-0.058901228409452625,0.003469354708142509,0.8284575847133404
IN.ADM2.00229,jowar,cleaned,16,-0.058901228409452625,0.003469354708142509,0.8284575847133404
IN.ADM2.00229,maize,full,16,-0.014384283366758122,0.00020690760797519435,0.9578338541662558
IN.ADM2.00229,maize,cleaned,16,-0.014384283366758122,0.00020690760797519435,0.9578338541662558
IN.ADM2.00229,potato,full,15,0.021877266082510054,0.0004786147712449448,0.9383149172739622
IN.ADM2.00229,potato,cleaned,15,0.021877266082510054,0.0004786147712449448,0.9383149172739622
IN.ADM2.00229,rapeseed_mustard,full,16,-0.3031878482014733,0.09192287129703963,0.2536610678143047
IN.ADM2.00229,rapeseed_mustard,cleaned,16,-0.3031878482014733,0.09192287129703963,0.2536610678143047
IN.ADM2.00229,rice,full,16,-0.1787188220466008,0.03194041735372457,0.5078107515728905
IN.ADM2.00229,rice,cleaned,16,-0.1787188220466008,0.03194041735372457,0.5078107515728905
IN.ADM2.00229,soyabean,full,16,0.2902026751066733,0.08421759263906937,0.27556845207596636
IN.ADM2.00229,soyabean,cleaned,16,0.2902026751066733,0.08421759263906937,0.27556845207596636
IN.ADM2.00229,sugarcane,full,14,-0.19170544972918724,0.036750979455869935,0.5114684989236782
IN.ADM2.00229,sugarcane,cleaned,14,-0.19170544972918724,0.036750979455869935,0.5114684989236782
IN.ADM2.00229,wheat,full,16,-0.2617726815731759,0.06852493681801135,0.32739513414969684
IN.ADM2.00229,wheat,cleaned,16,-0.2617726815731759,0.06852493681801135,0.32739513414969684
IN.ADM2.00230,arhartur,full,16,-0.24437719124764132,0.05972021160208626,0.36168725475038654
IN.ADM2.00230,arhartur,cleaned,16,-0.24437719124764132,0.05972021160208626,0.36168725475038654
IN.ADM2.00230,bajra,full,16,-0.21629251215717102,0.046782450815259974,0.4210612392864689
IN.ADM2.00230,bajra,cleaned,16,-0.21629251215717102,0.046782450815259974,0.4210612392864689
IN.ADM2.00230,barley,full,15,-0.2088425866572631,0.04361522600169645,0.45508173203090224
IN.ADM2.00230,barley,cleaned,15,-0.2088425866572631,0.04361522600169645,0.45508173203090224
IN.ADM2.00230,cottonlint,full,8,0.3785156080228037,0.14327406551687277,0.3551588362900827
IN.ADM2.00230,cottonlint,cleaned,8,0.3785156080228037,0.14327406551687277,0.3551588362900827
IN.ADM2.00230,groundnut,full,16,-0.5137586685694978,0.2639479695303031,0.041785784482199245
IN.ADM2.00230,groundnut,cleaned,16,-0.5137586685694978,0.2639479695303031,0.041785784482199245
IN.ADM2.00230,jowar,full,16,-0.2856362955268813,0.08158809332231987,0.28353616732727116
IN.ADM2.00230,jowar,cleaned,16,-0.2856362955268813,0.08158809332231987,0.28353616732727116
IN.ADM2.00230,maize,full,16,0.06324929262903656,0.0040004730180734985,0.8159892289349282
IN.ADM2.00230,maize,cleaned,16,0.06324929262903656,0.0040004730180734985,0.8159892289349282
IN.ADM2.00230,potato,full,16,0.19936250003098857,0.03974540641860592,0.45915247013089205
IN.ADM2.00230,potato,cleaned,16,0.19936250003098857,0.03974540641860592,0.45915247013089205
IN.ADM2.00230,ragi,full,15,-0.05799581615897553,0.0033635146919456876,0.8373363092172561
IN.ADM2.00230,ragi,cleaned,15,-0.05799581615897553,0.0033635146919456876,0.8373363092172561
IN.ADM2.00230,rapeseed_mustard,full,16,0.009174235140400389,8.416659041135734e-05,0.9731000086967374
IN.ADM2.00230,rapeseed_mustard,cleaned,16,0.009174235140400389,8.416659041135734e-05,0.9731000086967374
IN.ADM2.00230,rice,full,16,-0.36090322735208824,0.1302511395131531,0.16965008926613837
IN.ADM2.00230,rice,cleaned,16,-0.36090322735208824,0.1302511395131531,0.16965008926613837
IN.ADM2.00230,soyabean,full,16,-0.021721976835094386,0.0004718442776243771,0.9363578299359043
IN.ADM2.00230,soyabean,cleaned,16,-0.021721976835094386,0.0004718442776243771,0.9363578299359043
IN.ADM2.00230,sugarcane,full,16,0.09350816004629953,0.008743775995244367,0.7305094877213297
IN.ADM2.00230,sugarcane,cleaned,16,0.09350816004629953,0.008743775995244367,0.7305094877213297
IN.ADM2.00230,wheat,full,16,-0.5064535693823323,0.2564952179401049,0.045297972964326014
IN.ADM2.00230,wheat,cleaned,16,-0.5064535693823323,0.2564952179401049,0.045297972964326014
IN.ADM2.00232,arhartur,full,16,-0.2508212117736456,0.06291128027559996,0.34875855131084055
IN.ADM2.00232,arhartur,cleaned,16,-0.2508212117736456,0.06291128027559996,0.34875855131084055
IN.ADM2.00232,bajra,full,9,-0.1441702633661733,0.020785064839071773,0.7113384537508782
IN.ADM2.00232,bajra,cleaned,9,-0.1441702633661733,0.020785064839071773,0.7113384537508782
IN.ADM2.00232,barley,full,12,-0.008116704735519356,6.588089576360234e-05,0.9800270514376748
IN.ADM2.00232,barley,cleaned,12,-0.008116704735519356,6.588089576360234e-05,0.9800270514376748
IN.ADM2.00232,groundnut,full,13,0.05883359644833068,0.0034613920710450286,0.8485907571147063
IN.ADM2.00232,groundnut,cleaned,13,0.05883359644833068,0.0034613920710450286,0.8485907571147063
IN.ADM2.00232,jowar,full,13,0.6831931358749086,0.4667528609065913,0.010050993232374844
IN.ADM2.00232,jowar,cleaned,13,0.6831931358749086,0.4667528609065913,0.010050993232374844
IN.ADM2.00232,maize,full,16,-0.18477827372259198,0.034143010439901124,0.49328447042583046
IN.ADM2.00232,maize,cleaned,16,-0.18477827372259198,0.034143010439901124,0.49328447042583046
IN.ADM2.00232,potato,full,15,-0.5618234509764345,0.3156455900670701,0.029285849251248965
IN.ADM2.00232,potato,cleaned,15,-0.5618234509764345,0.3156455900670701,0.029285849251248965
IN.ADM2.00232,rapeseed_mustard,full,15,0.40524481663898143,0.16422336141276167,0.13399953008423363
IN.ADM2.00232,rapeseed_mustard,cleaned,15,0.40524481663898143,0.16422336141276167,0.13399953008423363
IN.ADM2.00232,rice,full,16,-0.10612907975564213,0.011263381569779449,0.6956579840834507
IN.ADM2.00232,rice,cleaned,16,-0.10612907975564213,0.011263381569779449,0.6956579840834507
IN.ADM2.00232,soyabean,full,16,0.43262538000768813,0.18716471942679655,0.09419040666232961
IN.ADM2.00232,soyabean,cleaned,16,0.43262538000768813,0.18716471942679655,0.09419040666232961
IN.ADM2.00232,sugarcane,full,15,-0.06291175174674865,0.003957888507844532,0.8237399061315575
IN.ADM2.00232,sugarcane,cleaned,14,0.043661179651610094,0.0019062986085701713,0.8821824803985847
IN.ADM2.00232,wheat,full,16,-0.7365466975932139,0.5425010377354693,0.0011375231986890967
IN.ADM2.00232,wheat,cleaned,16,-0.7365466975932139,0.5425010377354693,0.0011375231986890967
IN.ADM2.00233,arhartur,full,15,-0.09142079887425317,0.008357762466806648,0.7459127849569595
IN.ADM2.00233,arhartur,cleaned,15,-0.09142079887425317,0.008357762466806648,0.7459127849569595
IN.ADM2.00233,barley,full,14,-0.32834441843513806,0.10781005711750903,0.2517345952802669
IN.ADM2.00233,barley,cleaned,14,-0.32834441843513806,0.10781005711750903,0.2517345952802669
IN.ADM2.00233,groundnut,full,14,0.36459885128961567,0.13293232236170727,0.1999515877193743
IN.ADM2.00233,groundnut,cleaned,14,0.36459885128961567,0.13293232236170727,0.1999515877193743
IN.ADM2.00233,jowar,full,16,0.5850938533405685,0.3423348172169147,0.017272757109592383
IN.ADM2.00233,jowar,cleaned,16,0.5850938533405685,0.3423348172169147,0.017272757109592383
IN.ADM2.00233,maize,full,16,-0.11516945810259269,0.013264004079644853,0.6710358183106764
IN.ADM2.00233,maize,cleaned,16,-0.11516945810259269,0.013264004079644853,0.6710358183106764
IN.ADM2.00233,potato,full,15,-0.29047878536252664,0.08437792474568882,0.2935876901139379
IN.ADM2.00233,potato,cleaned,15,-0.29047878536252664,0.08437792474568882,0.2935876901139379
IN.ADM2.00233,rapeseed_mustard,full,16,0.03163187463733691,0.001000575493072198,0.9074211775468568
IN.ADM2.00233,rapeseed_mustard,cleaned,16,0.03163187463733691,0.001000575493072198,0.9074211775468568
IN.ADM2.00233,rice,full,16,-0.22878015814260927,0.05234036075975731,0.3940608421945511
IN.ADM2.00233,rice,cleaned,15,0.16173679980836148,0.026158792412249998,0.5647002307789447
IN.ADM2.00233,sesamum,full,15,0.3387433885656054,0.1147470832969087,0.21681091838037553
IN.ADM2.00233,sesamum,cleaned,15,0.3387433885656054,0.1147470832969087,0.21681091838037553
IN.ADM2.00233,soyabean,full,16,0.2750688174791607,0.07566285434938382,0.30249969024473455
IN.ADM2.00233,soyabean,cleaned,16,0.2750688174791607,0.07566285434938382,0.30249969024473455
IN.ADM2.00233,sugarcane,full,13,0.32986723494399633,0.10881239268959768,0.27103163714847756
IN.ADM2.00233,sugarcane,cleaned,13,0.32986723494399633,0.10881239268959768,0.27103163714847756
IN.ADM2.00233,wheat,full,16,-0.7383946294344084,0.5452266287775772,0.0010887107033573783
IN.ADM2.00233,wheat,cleaned,16,-0.7383946294344084,0.5452266287775772,0.0010887107033573783
IN.ADM2.00235,arhartur,full,15,0.15559362142502595,0.024209375028154293,0.5797681329684704
IN.ADM2.00235,arhartur,cleaned,15,0.15559362142502595,0.024209375028154293,0.5797681329684704
IN.ADM2.00235,bajra,full,11,0.17550936221058408,0.030803536223566,0.6057267620474517
IN.ADM2.00235,bajra,cleaned,11,0.17550936221058408,0.030803536223566,0.6057267620474517
IN.ADM2.00235,barley,full,13,0.0766977445528837,0.0058825440194994,0.8033306029344677
IN.ADM2.00235,barley,cleaned,13,0.0766977445528837,0.0058825440194994,0.8033306029344677
IN.ADM2.00235,cottonlint,full,16,-0.18088395197629165,0.032719004082561384,0.5025975293704981
IN.ADM2.00235,cottonlint,cleaned,16,-0.18088395197629165,0.032719004082561384,0.5025975293704981
IN.ADM2.00235,groundnut,full,13,0.04807092430914036,0.0023108137639351015,0.8760753513265958
IN.ADM2.00235,groundnut,cleaned,13,0.04807092430914036,0.0023108137639351015,0.8760753513265958
IN.ADM2.00235,jowar,full,11,0.5565866036915537,0.3097886474088986,0.07534666560952344
IN.ADM2.00235,jowar,cleaned,11,0.5565866036915537,0.3097886474088986,0.07534666560952344
IN.ADM2.00235,maize,full,16,0.13019902505898623,0.016951786126310524,0.6307973911938242
IN.ADM2.00235,maize,cleaned,16,0.13019902505898623,0.016951786126310524,0.6307973911938242
IN.ADM2.00235,potato,full,15,-0.13054869894232485,0.01704296279553377,0.6428324148754695
IN.ADM2.00235,potato,cleaned,15,-0.13054869894232485,0.01704296279553377,0.6428324148754695
IN.ADM2.00235,rapeseed_mustard,full,16,0.38328521730010867,0.1469075578007915,0.1428027550787579
IN.ADM2.00235,rapeseed_mustard,cleaned,16,0.38328521730010867,0.1469075578007915,0.1428027550787579
IN.ADM2.00235,rice,full,14,0.22781946401902461,0.05190170818591565,0.4334312610439087
IN.ADM2.00235,rice,cleaned,14,0.22781946401902461,0.05190170818591565,0.4334312610439087
IN.ADM2.00235,sesamum,full,13,0.09515412810887211,0.009054308096159645,0.7571573647528757
IN.ADM2.00235,sesamum,cleaned,13,0.09515412810887211,0.009054308096159645,0.7571573647528757
IN.ADM2.00235,soyabean,full,16,0.4273930150597147,0.18266478932183353,0.09869030525511688
IN.ADM2.00235,soyabean,cleaned,16,0.4273930150597147,0.18266478932183353,0.09869030525511688
IN.ADM2.00235,sugarcane,full,12,0.16966338653159627,0.02878566472936984,0.5980847115260128
IN.ADM2.00235,sugarcane,cleaned,12,0.16966338653159627,0.02878566472936984,0.5980847115260128
IN.ADM2.00235,wheat,full,16,0.3073232843409685,0.09444760109811978,0.24691733141400335
IN.ADM2.00235,wheat,cleaned,16,0.3073232843409685,0.09444760109811978,0.24691733141400335
IN.ADM2.00236,arhartur,full,16,-0.12652353033472918,0.016008203728363136,0.640553504428901
IN.ADM2.00236,arhartur,cleaned,16,-0.12652353033472918,0.016008203728363136,0.640553504428901
IN.ADM2.00236,barley,full,15,-0.206391127239072,0.0425972974030148,0.46051106197330866
IN.ADM2.00236,barley,cleaned,13,0.5054560282216071,0.255485796465562,0.07805971256014983
IN.ADM2.00236,groundnut,full,7,-0.048279592932743434,0.0023309190937514097,0.9181335073996206
IN.ADM2.00236,groundnut,cleaned,7,-0.048279592932743434,0.0023309190937514097,0.9181335073996206
IN.ADM2.00236,jowar,full,16,-0.4485666588481027,0.20121204743015017,0.08138239964052174
IN.ADM2.00236,jowar,cleaned,16,-0.4485666588481027,0.20121204743015017,0.08138239964052174
IN.ADM2.00236,maize,full,16,0.3225001594343171,0.10400635283515994,0.2231323873071056
IN.ADM2.00236,maize,cleaned,16,0.3225001594343171,0.10400635283515994,0.2231323873071056
IN.ADM2.00236,potato,full,15,0.26988904591718865,0.07284009710609037,0.3306484319370324
IN.ADM2.00236,potato,cleaned,15,0.26988904591718865,0.07284009710609037,0.3306484319370324
IN.ADM2.00236,rapeseed_mustard,full,16,-0.44699947328989065,0.19980852912143965,0.08258260643206253
IN.ADM2.00236,rapeseed_mustard,cleaned,16,-0.44699947328989065,0.19980852912143965,0.08258260643206253
IN.ADM2.00236,rice,full,16,0.013859805839760403,0.00019209421791585658,0.9593701062131699
IN.ADM2.00236,rice,cleaned,16,0.013859805839760403,0.00019209421791585658,0.9593701062131699
IN.ADM2.00236,sesamum,full,16,0.49145901278945725,0.2415319612519879,0.05319251485405213
IN.ADM2.00236,sesamum,cleaned,16,0.49145901278945725,0.2415319612519879,0.05319251485405213
IN.ADM2.00236,soyabean,full,16,0.38849686757377355,0.15092981611463416,0.13699400147491014
IN.ADM2.00236,soyabean,cleaned,16,0.38849686757377355,0.15092981611463416,0.13699400147491014
IN.ADM2.00236,sugarcane,full,13,0.3426255279434004,0.11739225239849385,0.25179676122639416
IN.ADM2.00236,sugarcane,cleaned,13,0.3426255279434004,0.11739225239849385,0.25179676122639416
IN.ADM2.00236,wheat,full,16,0.5093318805219409,0.25941896451601665,0.043888747424218624
IN.ADM2.00236,wheat,cleaned,16,0.5093318805219409,0.25941896451601665,0.043888747424218624
IN.ADM2.00237,arhartur,full,16,-0.3792396764720739,0.1438227322106433,0.14742583029016926
IN.ADM2.00237,arhartur,cleaned,16,-0.3792396764720739,0.1438227322106433,0.14742583029016926
IN.ADM2.00237,bajra,full,13,0.02654165067975625,0.0007044592208062055,0.9314119192056665
IN.ADM2.00237,bajra,cleaned,12,0.4774336183046926,0.22794285988751092,0.11649875668062312
IN.ADM2.00237,barley,full,15,-0.10817919513173911,0.011702738259350887,0.7011580296136947
IN.ADM2.00237,barley,cleaned,15,-0.10817919513173911,0.011702738259350887,0.7011580296136947
IN.ADM2.00237,groundnut,full,16,0.5484422763101922,0.30078893044430516,0.027823892385451333
IN.ADM2.00237,groundnut,cleaned,16,0.5484422763101922,0.30078893044430516,0.027823892385451333
IN.ADM2.00237,jowar,full,16,0.43957978690560245,0.19323038905597487,0.08843804252080709
IN.ADM2.00237,jowar,cleaned,16,0.43957978690560245,0.19323038905597487,0.08843804252080709
IN.ADM2.00237,maize,full,16,-0.020010264210844522,0.00040041067378780514,0.9413645211886652
IN.ADM2.00237,maize,cleaned,16,-0.020010264210844522,0.00040041067378780514,0.9413645211886652
IN.ADM2.00237,potato,full,15,-0.4587701190022294,0.21047002208931975,0.08541975361550497
IN.ADM2.00237,potato,cleaned,15,-0.4587701190022294,0.21047002208931975,0.08541975361550497
IN.ADM2.00237,rapeseed_mustard,full,15,0.10168731645048731,0.010340310326901548,0.7183959125777515
IN.ADM2.00237,rapeseed_mustard,cleaned,15,0.10168731645048731,0.010340310326901548,0.7183959125777515
IN.ADM2.00237,rice,full,16,0.2885263422664218,0.08324745018164038,0.2784775021897828
IN.ADM2.00237,rice,cleaned,16,0.2885263422664218,0.08324745018164038,0.2784775021897828
IN.ADM2.00237,sesamum,full,16,-0.005422744937666757,2.940616265899044e-05,0.9840981002338232
IN.ADM2.00237,sesamum,cleaned,16,-0.005422744937666757,2.940616265899044e-05,0.9840981002338232
IN.ADM2.00237,soyabean,full,16,0.19167228378009127,0.03673826436947584,0.4770017718671769
IN.ADM2.00237,soyabean,cleaned,16,0.19167228378009127,0.03673826436947584,0.4770017718671769
IN.ADM2.00237,sugarcane,full,15,-0.3919410144642248,0.15361775881924566,0.14849734136410375
IN.ADM2.00237,sugarcane,cleaned,15,-0.3919410144642248,0.15361775881924566,0.14849734136410375
IN.ADM2.00237,wheat,full,16,-0.6670231877185386,0.44491993295420085,0.004765257800792053
IN.ADM2.00237,wheat,cleaned,16,-0.6670231877185386,0.44491993295420085,0.004765257800792053
IN.ADM2.00238,arhartur,full,16,-0.0489469297106077,0.0023958019280951705,0.8571427258517732
IN.ADM2.00238,arhartur,cleaned,16,-0.0489469297106077,0.0023958019280951705,0.8571427258517732
IN.ADM2.00238,bajra,full,13,0.39794696613212677,0.15836178785376404,0.17808568401382077
IN.ADM2.00238,bajra,cleaned,12,0.2518135152986193,0.06341004648704797,0.4297951903637437
IN.ADM2.00238,barley,full,15,-0.2873869923013519,0.08259128334401729,0.29898967143766686
IN.ADM2.00238,barley,cleaned,15,-0.2873869923013519,0.08259128334401729,0.29898967143766686
IN.ADM2.00238,groundnut,full,13,-0.029764668781003097,0.0008859355076428204,0.9231040244428657
IN.ADM2.00238,groundnut,cleaned,13,-0.029764668781003097,0.0008859355076428204,0.9231040244428657
IN.ADM2.00238,jowar,full,16,-0.45178637940679117,0.20411093261749708,0.07895610901770655
IN.ADM2.00238,jowar,cleaned,16,-0.45178637940679117,0.20411093261749708,0.07895610901770655
IN.ADM2.00238,maize,full,15,0.03033792902201029,0.0009203899373445342,0.914528465204223
IN.ADM2.00238,maize,cleaned,15,0.03033792902201029,0.0009203899373445342,0.914528465204223
IN.ADM2.00238,potato,full,15,-0.2129894586640999,0.04536450950202632,0.44597019743811595
IN.ADM2.00238,potato,cleaned,15,-0.2129894586640999,0.04536450950202632,0.44597019743811595
IN.ADM2.00238,rapeseed_mustard,full,16,-0.4529205890294744,0.20513705996680606,0.07811396723596914
IN.ADM2.00238,rapeseed_mustard,cleaned,16,-0.4529205890294744,0.20513705996680606,0.07811396723596914
IN.ADM2.00238,rice,full,16,-0.36106200719055814,0.13036577303647465,0.16944860448993132
IN.ADM2.00238,rice,cleaned,16,-0.36106200719055814,0.13036577303647465,0.16944860448993132
IN.ADM2.00238,sesamum,full,16,-0.0028745261783574283,8.262900750062161e-06,0.9915702544323084
IN.ADM2.00238,sesamum,cleaned,16,-0.0028745261783574283,8.262900750062161e-06,0.9915702544323084
IN.ADM2.00238,soyabean,full,16,0.3153769892222275,0.09946264533087701,0.2341071576470366
IN.ADM2.00238,soyabean,cleaned,15,-0.291317387872065,0.08486582047660317,0.2921324736132826
IN.ADM2.00238,sugarcane,full,14,-0.24515367483480505,0.060100324285009325,0.39824302743354456
IN.ADM2.00238,sugarcane,cleaned,14,-0.24515367483480505,0.060100324285009325,0.39824302743354456
IN.ADM2.00238,wheat,full,16,-0.12843477409360932,0.016495491196476458,0.6354733515689406
IN.ADM2.00238,wheat,cleaned,16,-0.12843477409360932,0.016495491196476458,0.6354733515689406
IN.ADM2.00239,arhartur,full,16,-0.18067619605492452,0.03264388782087752,0.5030966734417538
IN.ADM2.00239,arhartur,cleaned,15,-0.2920277286234191,0.0852801942849533,0.29090316601925176
IN.ADM2.00239,barley,full,13,0.16964088214624445,0.028778028895356002,0.5795370045007401
IN.ADM2.00239,barley,cleaned,13,0.16964088214624445,0.028778028895356002,0.5795370045007401
IN.ADM2.00239,cottonlint,full,10,-0.28248856575271986,0.07979978978102872,0.42905186062444367
IN.ADM2.00239,cottonlint,cleaned,10,-0.28248856575271986,0.07979978978102872,0.42905186062444367
IN.ADM2.00239,groundnut,full,14,0.11386205272925132,0.012964567051718808,0.698329279654428
IN.ADM2.00239,groundnut,cleaned,14,0.11386205272925132,0.012964567051718808,0.698329279654428
IN.ADM2.00239,jowar,full,16,0.3970915388185961,0.1576816902013206,0.12777173990342575
IN.ADM2.00239,jowar,cleaned,16,0.3970915388185961,0.1576816902013206,0.12777173990342575
IN.ADM2.00239,maize,full,16,-0.24478454818126452,0.05991947502830581,0.36086217282349276
IN.ADM2.00239,maize,cleaned,16,-0.24478454818126452,0.05991947502830581,0.36086217282349276
IN.ADM2.00239,potato,full,15,-0.3527371629662554,0.12442350613748263,0.19720326188509368
IN.ADM2.00239,potato,cleaned,15,-0.3527371629662554,0.12442350613748263,0.19720326188509368
IN.ADM2.00239,rapeseed_mustard,full,13,0.0328582102609134,0.0010796619815503948,0.9151366182172426
IN.ADM2.00239,rapeseed_mustard,cleaned,13,0.0328582102609134,0.0010796619815503948,0.9151366182172426
IN.ADM2.00239,rice,full,15,-0.7864405548093647,0.6184887462488614,0.000506138247658115
IN.ADM2.00239,rice,cleaned,15,-0.7864405548093647,0.6184887462488614,0.000506138247658115
IN.ADM2.00239,sesamum,full,13,0.3017952248490097,0.09108035774166434,0.3162855900696513
IN.ADM2.00239,sesamum,cleaned,13,0.3017952248490097,0.09108035774166434,0.3162855900696513
IN.ADM2.00239,soyabean,full,16,0.49340798424662696,0.2434514389183197,0.05211259657542449
IN.ADM2.00239,soyabean,cleaned,16,0.49340798424662696,0.2434514389183197,0.05211259657542449
IN.ADM2.00239,sugarcane,full,14,0.14068032521548843,0.019790953902735588,0.6314413405346242
IN.ADM2.00239,sugarcane,cleaned,14,0.14068032521548843,0.019790953902735588,0.6314413405346242
IN.ADM2.00239,wheat,full,16,-0.4796552476853002,0.2300691566320467,0.06009042485544783
IN.ADM2.00239,wheat,cleaned,16,-0.4796552476853002,0.2300691566320467,0.06009042485544783
IN.ADM2.00240,arhartur,full,16,-0.4582515629722941,0.2099944949665504,0.07424248522816992
IN.ADM2.00240,arhartur,cleaned,16,-0.4582515629722941,0.2099944949665504,0.07424248522816992
IN.ADM2.00240,cottonlint,full,7,0.04431587431719365,0.001963896716497304,0.9248408882652837
IN.ADM2.00240,cottonlint,cleaned,7,0.04431587431719365,0.001963896716497304,0.9248408882652837
IN.ADM2.00240,groundnut,full,16,0.30095725396944295,0.09057526871682778,0.2573453147578653
IN.ADM2.00240,groundnut,cleaned,16,0.30095725396944295,0.09057526871682778,0.2573453147578653
IN.ADM2.00240,jowar,full,14,-0.22230084120535565,0.04941766400060875,0.44495113394769864
IN.ADM2.00240,jowar,cleaned,14,-0.22230084120535565,0.04941766400060875,0.44495113394769864
IN.ADM2.00240,maize,full,16,-0.28761422017271654,0.08272193964555986,0.2800681294760516
IN.ADM2.00240,maize,cleaned,16,-0.28761422017271654,0.08272193964555986,0.2800681294760516
IN.ADM2.00240,potato,full,15,-0.3216351512627303,0.1034491705277994,0.2423991609353789
IN.ADM2.00240,potato,cleaned,15,-0.3216351512627303,0.1034491705277994,0.2423991609353789
IN.ADM2.00240,rapeseed_mustard,full,15,-0.2041038414514478,0.041658378095237744,0.4656053403292384
IN.ADM2.00240,rapeseed_mustard,cleaned,15,-0.2041038414514478,0.041658378095237744,0.4656053403292384
IN.ADM2.00240,rice,full,16,-0.2725429168861714,0.07427964154482253,0.3071406438909635
IN.ADM2.00240,rice,cleaned,16,-0.2725429168861714,0.07427964154482253,0.3071406438909635
IN.ADM2.00240,sesamum,full,15,0.37033776668008606,0.13715006142959385,0.1742138271272833
IN.ADM2.00240,sesamum,cleaned,15,0.37033776668008606,0.13715006142959385,0.1742138271272833
IN.ADM2.00240,soyabean,full,16,-0.2109715259432026,0.044508984758803403,0.43285144094783556
IN.ADM2.00240,soyabean,cleaned,16,-0.2109715259432026,0.044508984758803403,0.43285144094783556
IN.ADM2.00240,sugarcane,full,14,-0.27053946446744087,0.0731916018343297,0.3495309057210403
IN.ADM2.00240,sugarcane,cleaned,14,-0.27053946446744087,0.0731916018343297,0.3495309057210403
IN.ADM2.00240,wheat,full,16,-0.45136493921955795,0.20373030835667524,0.07927068806378666
IN.ADM2.00240,wheat,cleaned,16,-0.45136493921955795,0.20373030835667524,0.07927068806378666
IN.ADM2.00241,arhartur,full,16,-0.15289578819395164,0.02337712204744972,0.5718601085890423
IN.ADM2.00241,arhartur,cleaned,16,-0.15289578819395164,0.02337712204744972,0.5718601085890423
IN.ADM2.00241,barley,full,14,-0.3963119263935635,0.1570631430017773,0.1606616195108082
IN.ADM2.00241,barley,cleaned,13,0.31379776888473887,0.09846903975704,0.2964461803084021
IN.ADM2.00241,groundnut,full,16,0.12133977525236028,0.014723341058293305,0.6544070901878797
IN.ADM2.00241,groundnut,cleaned,16,0.12133977525236028,0.014723341058293305,0.6544070901878797
IN.ADM2.00241,jowar,full,16,0.26793601463698735,0.0717897079395519,0.31571219001993367
IN.ADM2.00241,jowar,cleaned,16,0.26793601463698735,0.0717897079395519,0.31571219001993367
IN.ADM2.00241,maize,full,16,-0.15898967181864437,0.02527771574500024,0.5564433623550448
IN.ADM2.00241,maize,cleaned,16,-0.15898967181864437,0.02527771574500024,0.5564433623550448
IN.ADM2.00241,potato,full,15,-0.20982741084931006,0.04402754234372516,0.4529095713768617
IN.ADM2.00241,potato,cleaned,15,-0.20982741084931006,0.04402754234372516,0.4529095713768617
IN.ADM2.00241,rapeseed_mustard,full,16,0.12744104827422909,0.01624122078523439,0.6381128254732382
IN.ADM2.00241,rapeseed_mustard,cleaned,16,0.12744104827422909,0.01624122078523439,0.6381128254732382
IN.ADM2.00241,rice,full,16,0.04056239585923832,0.001645307957841554,0.8814364880677833
IN.ADM2.00241,rice,cleaned,16,0.04056239585923832,0.001645307957841554,0.8814364880677833
IN.ADM2.00241,sesamum,full,16,0.4576754943611563,0.2094668581387288,0.07465399557110422
IN.ADM2.00241,sesamum,cleaned,15,0.20407462693074982,0.04164645335692472,0.46567058479121665
IN.ADM2.00241,soyabean,full,16,0.03925097965084419,0.0015406394035509846,0.8852457641415005
IN.ADM2.00241,soyabean,cleaned,16,0.03925097965084419,0.0015406394035509846,0.8852457641415005
IN.ADM2.00241,sugarcane,full,13,0.3908030981754394,0.1527270615435221,0.186722247396699
IN.ADM2.00241,sugarcane,cleaned,13,0.3908030981754394,0.1527270615435221,0.186722247396699
IN.ADM2.00242,arhartur,full,16,-0.4280680089010941,0.18324222024454717,0.09810141234245887
IN.ADM2.00242,arhartur,cleaned,16,-0.4280680089010941,0.18324222024454717,0.09810141234245887
IN.ADM2.00242,bajra,full,14,0.09657026500302449,0.009325816082754375,0.7425993432567033
IN.ADM2.00242,bajra,cleaned,14,0.09657026500302449,0.009325816082754375,0.7425993432567033
IN.ADM2.00242,cottonlint,full,7,0.7491383841283756,0.5612083185744737,0.05260562021082029
IN.ADM2.00242,cottonlint,cleaned,7,0.7491383841283756,0.5612083185744737,0.05260562021082029
IN.ADM2.00242,jowar,full,16,0.17544459696506576,0.03078080660423436,0.515742012550692
IN.ADM2.00242,jowar,cleaned,15,0.45867693477400534,0.21038453049367714,0.08549146156024781
IN.ADM2.00242,maize,full,16,-0.3108351513294203,0.09661849130198362,0.24127889474861056
IN.ADM2.00242,maize,cleaned,16,-0.3108351513294203,0.09661849130198362,0.24127889474861056
IN.ADM2.00242,potato,full,15,-0.6538588250107067,0.42753136304438194,0.008192573547699016
IN.ADM2.00242,potato,cleaned,15,-0.6538588250107067,0.42753136304438194,0.008192573547699016
IN.ADM2.00242,rapeseed_mustard,full,16,-0.06916145526448858,0.004783306894301855,0.7991024085320526
IN.ADM2.00242,rapeseed_mustard,cleaned,16,-0.06916145526448858,0.004783306894301855,0.7991024085320526
IN.ADM2.00242,sesamum,full,16,-0.015441396288143769,0.00023843671932750017,0.9547378827204426
IN.ADM2.00242,sesamum,cleaned,16,-0.015441396288143769,0.00023843671932750017,0.9547378827204426
IN.ADM2.00242,soyabean,full,16,0.2504525478465117,0.06272647872280925,0.3494910844753855
IN.ADM2.00242,soyabean,cleaned,16,0.2504525478465117,0.06272647872280925,0.3494910844753855
IN.ADM2.00242,wheat,full,16,-0.33709775434653855,0.11363489598547925,0.20167906053865106
IN.ADM2.00242,wheat,cleaned,16,-0.33709775434653855,0.11363489598547925,0.20167906053865106
IN.ADM2.00243,arhartur,full,15,0.2231989337553745,0.049817764029536055,0.4239331336065373
IN.ADM2.00243,arhartur,cleaned,15,0.2231989337553745,0.049817764029536055,0.4239331336065373
IN.ADM2.00243,barley,full,15,-0.051159535220836605,0.002617298044012021,0.856314432721068
IN.ADM2.00243,barley,cleaned,14,0.2899229923861096,0.08405534151411616,0.31467232527505334
IN.ADM2.00243,cottonlint,full,6,0.5724029327848603,0.32764511746070935,0.23516811389628453
IN.ADM2.00243,cottonlint,cleaned,6,0.5724029327848603,0.32764511746070935,0.23516811389628453
IN.ADM2.00243,groundnut,full,16,0.7473840245123797,0.5585828800963214,0.0008750285606347673
IN.ADM2.00243,groundnut,cleaned,16,0.7473840245123797,0.5585828800963214,0.0008750285606347673
IN.ADM2.00243,jowar,full,15,0.20221838015683383,0.04089227327325377,0.4698252578207107
IN.ADM2.00243,jowar,cleaned,15,0.20221838015683383,0.04089227327325377,0.4698252578207107
IN.ADM2.00243,maize,full,16,0.11085381611200884,0.012288568546595071,0.6827524554951708
IN.ADM2.00243,maize,cleaned,16,0.11085381611200884,0.012288568546595071,0.6827524554951708
IN.ADM2.00243,potato,full,15,-0.2363697266178505,0.055870647661397384,0.39635346574970065
IN.ADM2.00243,potato,cleaned,15,-0.2363697266178505,0.055870647661397384,0.39635346574970065
IN.ADM2.00243,rapeseed_mustard,full,16,-0.03585004595773578,0.0012852257951717673,0.8951352617462507
IN.ADM2.00243,rapeseed_mustard,cleaned,16,-0.03585004595773578,0.0012852257951717673,0.8951352617462507
IN.ADM2.00243,rice,full,16,-0.17244371920365126,0.02973683629278772,0.5230608713521806
IN.ADM2.00243,rice,cleaned,16,-0.17244371920365126,0.02973683629278772,0.5230608713521806
IN.ADM2.00243,soyabean,full,16,0.4517923903708809,0.20411636399703445,0.07895162873052711
IN.ADM2.00243,soyabean,cleaned,15,0.4145190130484379,0.17182601217865104,0.1244818662813754
IN.ADM2.00243,sugarcane,full,15,0.1646141659944787,0.027097823646057787,0.5577001999467022
IN.ADM2.00243,sugarcane,cleaned,15,0.1646141659944787,0.027097823646057787,0.5577001999467022
IN.ADM2.00243,wheat,full,16,0.12058397204935625,0.01454049431519993,0.6564359653153115
IN.ADM2.00243,wheat,cleaned,16,0.12058397204935625,0.01454049431519993,0.6564359653153115
IN.ADM2.00244,arhartur,full,16,0.5197094250558362,0.2700978864918678,0.03907915324923476
IN.ADM2.00244,arhartur,cleaned,16,0.5197094250558362,0.2700978864918678,0.03907915324923476
IN.ADM2.00244,bajra,full,6,-0.7518405501121084,0.5652642127928778,0.08473345318427998
IN.ADM2.00244,bajra,cleaned,6,-0.7518405501121084,0.5652642127928778,0.08473345318427998
IN.ADM2.00244,barley,full,15,-0.015895460630152153,0.0002526656686447171,0.955162636719771
IN.ADM2.00244,barley,cleaned,15,-0.015895460630152153,0.0002526656686447171,0.955162636719771
IN.ADM2.00244,groundnut,full,13,0.37724820969464296,0.1423162117178133,0.2038248944493776
IN.ADM2.00244,groundnut,cleaned,13,0.37724820969464296,0.1423162117178133,0.2038248944493776
IN.ADM2.00244,jowar,full,16,-0.06438382962497918,0.004145277517178347,0.8127425452725867
IN.ADM2.00244,jowar,cleaned,16,-0.06438382962497918,0.004145277517178347,0.8127425452725867
IN.ADM2.00244,maize,full,16,0.24352756038161674,0.059305672665421985,0.36341151587684545
IN.ADM2.00244,maize,cleaned,16,0.24352756038161674,0.059305672665421985,0.36341151587684545
IN.ADM2.00244,potato,full,15,0.27056691335552674,0.07320645460273711,0.3293877901418712
IN.ADM2.00244,potato,cleaned,15,0.27056691335552674,0.07320645460273711,0.3293877901418712
IN.ADM2.00244,rapeseed_mustard,full,16,0.36605869359971677,0.13399896715993131,0.16318923928923218
IN.ADM2.00244,rapeseed_mustard,cleaned,16,0.36605869359971677,0.13399896715993131,0.16318923928923218
IN.ADM2.00244,rice,full,16,0.0034275541837371915,1.1748127682454324e-05,0.9899485318629344
IN.ADM2.00244,rice,cleaned,16,0.0034275541837371915,1.1748127682454324e-05,0.9899485318629344
IN.ADM2.00244,sesamum,full,16,-0.11530567149774155,0.01329539787954509,0.6706671468001169
IN.ADM2.00244,sesamum,cleaned,16,-0.11530567149774155,0.01329539787954509,0.6706671468001169
IN.ADM2.00244,soyabean,full,15,0.503423301845598,0.2534350208411241,0.05573823823572426
IN.ADM2.00244,soyabean,cleaned,14,-0.20557565095145897,0.042261348264116094,0.48076885478993286
IN.ADM2.00245,arhartur,full,16,0.23422375655034405,0.05486076813255484,0.3825897244414086
IN.ADM2.00245,arhartur,cleaned,16,0.23422375655034405,0.05486076813255484,0.3825897244414086
IN.ADM2.00245,barley,full,16,0.3006202318667637,0.09037252380762675,0.25790482088720756
IN.ADM2.00245,barley,cleaned,16,0.3006202318667637,0.09037252380762675,0.25790482088720756
IN.ADM2.00245,cottonlint,full,11,-0.32550405968713264,0.1059528928728044,0.32867113012436244
IN.ADM2.00245,cottonlint,cleaned,7,-0.32165202418663363,0.10346002466335875,0.4817499749733302
IN.ADM2.00245,groundnut,full,16,-0.005944467760721675,3.533669695825936e-05,0.9825683836476224
IN.ADM2.00245,groundnut,cleaned,16,-0.005944467760721675,3.533669695825936e-05,0.9825683836476224
IN.ADM2.00245,jowar,full,16,-0.5142269464540121,0.26442935245941745,0.04156783379547173
IN.ADM2.00245,jowar,cleaned,16,-0.5142269464540121,0.26442935245941745,0.04156783379547173
IN.ADM2.00245,maize,full,16,0.22894148821915083,0.05241420502799958,0.3937182452297669
IN.ADM2.00245,maize,cleaned,16,0.22894148821915083,0.05241420502799958,0.3937182452297669
IN.ADM2.00245,potato,full,16,0.31372537894591923,0.09842361339476062,0.23669941553016485
IN.ADM2.00245,potato,cleaned,16,0.31372537894591923,0.09842361339476062,0.23669941553016485
IN.ADM2.00245,ragi,full,15,0.03472112733144199,0.0012055566831662078,0.9022306907560134
IN.ADM2.00245,ragi,cleaned,15,0.03472112733144199,0.0012055566831662078,0.9022306907560134
IN.ADM2.00245,rapeseed_mustard,full,16,0.561730736396514,0.31554142021257,0.023547257765930873
IN.ADM2.00245,rapeseed_mustard,cleaned,16,0.561730736396514,0.31554142021257,0.023547257765930873
IN.ADM2.00245,rice,full,16,0.3307303421498582,0.10938255921856227,0.21086597324046275
IN.ADM2.00245,rice,cleaned,16,0.3307303421498582,0.10938255921856227,0.21086597324046275
IN.ADM2.00245,sugarcane,full,16,0.08951661297814928,0.008013223999079763,0.7416390865276671
IN.ADM2.00245,sugarcane,cleaned,16,0.08951661297814928,0.008013223999079763,0.7416390865276671
IN.ADM2.00245,wheat,full,16,0.2878207069453654,0.0828407593465299,0.2797075633671568
IN.ADM2.00245,wheat,cleaned,16,0.2878207069453654,0.0828407593465299,0.2797075633671568
IN.ADM2.00246,arhartur,full,14,-0.620638061744696,0.38519160368621314,0.017866794663020383
IN.ADM2.00246,arhartur,cleaned,14,-0.620638061744696,0.38519160368621314,0.017866794663020383
IN.ADM2.00246,barley,full,15,-0.48123307112831415,0.23158526874758906,0.06935060347253211
IN.ADM2.00246,barley,cleaned,15,-0.48123307112831415,0.23158526874758906,0.06935060347253211
IN.ADM2.00246,groundnut,full,16,0.17361552616735337,0.030142350926366964,0.5201973209382049
IN.ADM2.00246,groundnut,cleaned,16,0.17361552616735337,0.030142350926366964,0.5201973209382049
IN.ADM2.00246,jowar,full,16,0.10698276705889698,0.011445312447578211,0.6933202317283631
IN.ADM2.00246,jowar,cleaned,16,0.10698276705889698,0.011445312447578211,0.6933202317283631
IN.ADM2.00246,maize,full,16,-0.3819574043297047,0.14589145872228554,0.14430909119187552
IN.ADM2.00246,maize,cleaned,16,-0.3819574043297047,0.14589145872228554,0.14430909119187552
IN.ADM2.00246,potato,full,15,-0.36589348057740495,0.1338780391290478,0.17984442207095705
IN.ADM2.00246,potato,cleaned,15,-0.36589348057740495,0.1338780391290478,0.17984442207095705
IN.ADM2.00246,rapeseed_mustard,full,16,-0.5213098404081082,0.2717639497063273,0.03837429054408309
IN.ADM2.00246,rapeseed_mustard,cleaned,16,-0.5213098404081082,0.2717639497063273,0.03837429054408309
IN.ADM2.00246,rice,full,16,-0.24337982069229197,0.05923373712021219,0.3637118075926278
IN.ADM2.00246,rice,cleaned,16,-0.24337982069229197,0.05923373712021219,0.3637118075926278
IN.ADM2.00246,sesamum,full,16,0.3673064593206731,0.13491403505868926,0.16165064822337424
IN.ADM2.00246,sesamum,cleaned,16,0.3673064593206731,0.13491403505868926,0.16165064822337424
IN.ADM2.00246,soyabean,full,16,0.22977719420784998,0.052797558978032004,0.391946124103003
IN.ADM2.00246,soyabean,cleaned,16,0.22977719420784998,0.052797558978032004,0.391946124103003
IN.ADM2.00246,sugarcane,full,16,0.4434876818335238,0.1966813239380728,0.08531818588755942
IN.ADM2.00246,sugarcane,cleaned,16,0.4434876818335238,0.1966813239380728,0.08531818588755942
IN.ADM2.00246,wheat,full,16,-0.2501460584054784,0.062573050535797,0.3501007369028388
IN.ADM2.00246,wheat,cleaned,16,-0.2501460584054784,0.062573050535797,0.3501007369028388
IN.ADM2.00247,bajra,full,11,-0.08710871663350864,0.007587928513536905,0.798977841637972
IN.ADM2.00247,bajra,cleaned,11,-0.08710871663350864,0.007587928513536905,0.798977841637972
IN.ADM2.00247,jowar,full,13,0.3198286997609597,0.10229039719078609,0.2867533910287505
IN.ADM2.00247,jowar,cleaned,13,0.3198286997609597,0.10229039719078609,0.2867533910287505
IN.ADM2.00247,maize,full,16,-0.08108567741340948,0.006574887081591505,0.7653030298826129
IN.ADM2.00247,maize,cleaned,16,-0.08108567741340948,0.006574887081591505,0.7653030298826129
IN.ADM2.00247,sesamum,full,13,0.13465369556922568,0.01813161773044971,0.6609598393050029
IN.ADM2.00247,sesamum,cleaned,13,0.13465369556922568,0.01813161773044971,0.6609598393050029
IN.ADM2.00247,soyabean,full,16,0.5565606327573611,0.30975973793527417,0.025146356753954203
IN.ADM2.00247,soyabean,cleaned,16,0.5565606327573611,0.30975973793527417,0.025146356753954203
IN.ADM2.00247,wheat,full,16,-0.5677304412861379,0.32231785396295287,0.021790896507432884
IN.ADM2.00247,wheat,cleaned,16,-0.5677304412861379,0.32231785396295287,0.021790896507432884
IN.ADM2.00248,arhartur,full,16,-0.5765415026534872,0.33240010428194106,0.019396722191831584
IN.ADM2.00248,arhartur,cleaned,16,-0.5765415026534872,0.33240010428194106,0.019396722191831584
IN.ADM2.00248,barley,full,14,0.11370051605342582,0.012927807350815343,0.6987389821158476
IN.ADM2.00248,barley,cleaned,14,0.11370051605342582,0.012927807350815343,0.6987389821158476
IN.ADM2.00248,groundnut,full,15,0.02370263798467925,0.0005618150474327597,0.9331782921422794
IN.ADM2.00248,groundnut,cleaned,15,0.02370263798467925,0.0005618150474327597,0.9331782921422794
IN.ADM2.00248,jowar,full,15,0.3480025966193151,0.12110580725378574,0.20370461192887418
IN.ADM2.00248,jowar,cleaned,15,0.3480025966193151,0.12110580725378574,0.20370461192887418
IN.ADM2.00248,maize,full,16,-0.21115976094497643,0.044588444642339596,0.4324314817748519
IN.ADM2.00248,maize,cleaned,16,-0.21115976094497643,0.044588444642339596,0.4324314817748519
IN.ADM2.00248,potato,full,15,-0.41488579813032356,0.1721302254902356,0.12411525159149367
IN.ADM2.00248,potato,cleaned,15,-0.41488579813032356,0.1721302254902356,0.12411525159149367
IN.ADM2.00248,rapeseed_mustard,full,13,0.028309867602709676,0.0008014486036829509,0.9268531875119372
IN.ADM2.00248,rapeseed_mustard,cleaned,13,0.028309867602709676,0.0008014486036829509,0.9268531875119372
IN.ADM2.00248,rice,full,15,0.41110002330406703,0.16900322916060445,0.12793499434072544
IN.ADM2.00248,rice,cleaned,15,0.41110002330406703,0.16900322916060445,0.12793499434072544
IN.ADM2.00248,sesamum,full,13,0.5128094827854883,0.26297356563472,0.0731291108264136
IN.ADM2.00248,sesamum,cleaned,13,0.5128094827854883,0.26297356563472,0.0731291108264136
IN.ADM2.00248,soyabean,full,16,0.5699000385282,0.3247860539144439,0.021181287430323145
IN.ADM2.00248,soyabean,cleaned,16,0.5699000385282,0.3247860539144439,0.021181287430323145
IN.ADM2.00248,sugarcane,full,13,-0.3578327326330812,0.12804426454365817,0.22996530468188664
IN.ADM2.00248,sugarcane,cleaned,13,-0.3578327326330812,0.12804426454365817,0.22996530468188664
IN.ADM2.00248,wheat,full,16,-0.45219728704388085,0.20448238640984598,0.07865026014303145
IN.ADM2.00248,wheat,cleaned,16,-0.45219728704388085,0.20448238640984598,0.07865026014303145
IN.ADM2.00249,arhartur,full,16,-0.13219783078944444,0.017476266465434584,0.6255155957305556
IN.ADM2.00249,arhartur,cleaned,16,-0.13219783078944444,0.017476266465434584,0.6255155957305556
IN.ADM2.00249,bajra,full,16,-0.34957834407788047,0.12220501864823298,0.18443393388619722
IN.ADM2.00249,bajra,cleaned,16,-0.34957834407788047,0.12220501864823298,0.18443393388619722
IN.ADM2.00249,cottonlint,full,16,0.05243180467545072,0.0027490941415246163,0.8470795260527608
IN.ADM2.00249,cottonlint,cleaned,16,0.05243180467545072,0.0027490941415246163,0.8470795260527608
IN.ADM2.00249,groundnut,full,16,-0.0822917007519865,0.006771924012654495,0.761905493443312
IN.ADM2.00249,groundnut,cleaned,16,-0.0822917007519865,0.006771924012654495,0.761905493443312
IN.ADM2.00249,jowar,full,16,-0.19957449803102567,0.03982998026433587,0.4586651764595783
IN.ADM2.00249,jowar,cleaned,15,-0.14597208366949124,0.02130784921081295,0.6036938208734185
IN.ADM2.00249,maize,full,16,-0.251515292936282,0.06325994258082375,0.34738176866327086
IN.ADM2.00249,maize,cleaned,16,-0.251515292936282,0.06325994258082375,0.34738176866327086
IN.ADM2.00249,potato,full,15,-0.21856399748143418,0.047770220995064366,0.4338673392961545
IN.ADM2.00249,potato,cleaned,15,-0.21856399748143418,0.047770220995064366,0.4338673392961545
IN.ADM2.00249,rapeseed_mustard,full,13,-0.023374168486439684,0.00054635175243247,0.9395829033919006
IN.ADM2.00249,rapeseed_mustard,cleaned,13,-0.023374168486439684,0.00054635175243247,0.9395829033919006
IN.ADM2.00249,rice,full,16,-0.10970002751666526,0.012034096037157115,0.6858965701230291
IN.ADM2.00249,rice,cleaned,16,-0.10970002751666526,0.012034096037157115,0.6858965701230291
IN.ADM2.00249,sesamum,full,15,0.2601821796245207,0.06769476659416637,0.34899988481353245
IN.ADM2.00249,sesamum,cleaned,15,0.2601821796245207,0.06769476659416637,0.34899988481353245
IN.ADM2.00249,soyabean,full,16,-0.26931394290515354,0.0725299998431203,0.3131339569276087
IN.ADM2.00249,soyabean,cleaned,16,-0.26931394290515354,0.0725299998431203,0.3131339569276087
IN.ADM2.00249,sugarcane,full,16,-0.1100223015424379,0.012104906836695134,0.6850178732415009
IN.ADM2.00249,sugarcane,cleaned,16,-0.1100223015424379,0.012104906836695134,0.6850178732415009
IN.ADM2.00249,wheat,full,16,-0.028337855177011165,0.0008030340360332585,0.917029229012896
IN.ADM2.00249,wheat,cleaned,16,-0.028337855177011165,0.0008030340360332585,0.917029229012896
IN.ADM2.00250,arhartur,full,16,0.31683293035084525,0.10038310575470356,0.23183687920169363
IN.ADM2.00250,arhartur,cleaned,16,0.31683293035084525,0.10038310575470356,0.23183687920169363
IN.ADM2.00250,bajra,full,16,0.49574013694733865,0.24575828338056607,0.05084183035324683
IN.ADM2.00250,bajra,cleaned,16,0.49574013694733865,0.24575828338056607,0.05084183035324683
IN.ADM2.00250,cottonlint,full,16,0.7250435919276852,0.5256882101953997,0.0014832129771090805
IN.ADM2.00250,cottonlint,cleaned,16,0.7250435919276852,0.5256882101953997,0.0014832129771090805
IN.ADM2.00250,groundnut,full,16,0.5319390757379424,0.28295918029693645,0.033933278993279005
IN.ADM2.00250,groundnut,cleaned,16,0.5319390757379424,0.28295918029693645,0.033933278993279005
IN.ADM2.00250,jowar,full,16,0.5059720975475606,0.25600776349667814,0.04553696491855814
IN.ADM2.00250,jowar,cleaned,16,0.5059720975475606,0.25600776349667814,0.04553696491855814
IN.ADM2.00250,maize,full,16,0.44424029356925543,0.19734943843049824,0.08472652834887326
IN.ADM2.00250,maize,cleaned,16,0.44424029356925543,0.19734943843049824,0.08472652834887326
IN.ADM2.00250,ragi,full,16,-0.1766144653291019,0.03119266936348454,0.5129016654924798
IN.ADM2.00250,ragi,cleaned,15,-0.16134429313575638,0.026031980927476883,0.5656579882342987
IN.ADM2.00250,rapeseed_mustard,full,7,0.2895394266332329,0.08383307957510126,0.5288044098148322
IN.ADM2.00250,rapeseed_mustard,cleaned,7,0.2895394266332329,0.08383307957510126,0.5288044098148322
IN.ADM2.00250,rice,full,16,0.0022217007460246727,4.935954204886587e-06,0.9934846665256611
IN.ADM2.00250,rice,cleaned,16,0.0022217007460246727,4.935954204886587e-06,0.9934846665256611
IN.ADM2.00250,sesamum,full,14,0.019293178907384315,0.00037222675235233904,0.9478051479427034
IN.ADM2.00250,sesamum,cleaned,13,0.1411938027344507,0.019935689930614977,0.6454422927333048
IN.ADM2.00250,soyabean,full,16,0.694745489861134,0.4826712956823871,0.0028182325060699363
IN.ADM2.00250,soyabean,cleaned,16,0.694745489861134,0.4826712956823871,0.0028182325060699363
IN.ADM2.00250,sugarcane,full,16,0.7348890124967769,0.5400618606884878,0.001182818502864197
IN.ADM2.00250,sugarcane,cleaned,16,0.7348890124967769,0.5400618606884878,0.001182818502864197
IN.ADM2.00251,arhartur,full,16,0.4612395656738606,0.21274193694301155,0.07213437398310364
IN.ADM2.00251,arhartur,cleaned,16,0.4612395656738606,0.21274193694301155,0.07213437398310364
IN.ADM2.00251,bajra,full,16,0.2943454649372568,0.08663925272912985,0.268458503893098
IN.ADM2.00251,bajra,cleaned,16,0.2943454649372568,0.08663925272912985,0.268458503893098
IN.ADM2.00251,cottonlint,full,16,0.7407715403997951,0.5487424750662853,0.0010284568987202387
IN.ADM2.00251,cottonlint,cleaned,16,0.7407715403997951,0.5487424750662853,0.0010284568987202387
IN.ADM2.00251,jowar,full,16,0.41796517195073846,0.17469488496381036,0.10717899659408835
IN.ADM2.00251,jowar,cleaned,16,0.41796517195073846,0.17469488496381036,0.10717899659408835
IN.ADM2.00251,maize,full,16,0.6422146200744256,0.4124396182373389,0.007308298310549334
IN.ADM2.00251,maize,cleaned,16,0.6422146200744256,0.4124396182373389,0.007308298310549334
IN.ADM2.00251,rice,full,10,-0.052566109428740695,0.0027631958604743415,0.8853288445646053
IN.ADM2.00251,rice,cleaned,10,-0.052566109428740695,0.0027631958604743415,0.8853288445646053
IN.ADM2.00251,sesamum,full,16,0.4880639884747354,0.23820645684586667,0.05511315140910311
IN.ADM2.00251,sesamum,cleaned,16,0.4880639884747354,0.23820645684586667,0.05511315140910311
IN.ADM2.00251,soyabean,full,16,0.7215835826567888,0.5206828667598068,0.0016024743689503124
IN.ADM2.00251,soyabean,cleaned,16,0.7215835826567888,0.5206828667598068,0.0016024743689503124
IN.ADM2.00251,sugarcane,full,14,0.5705772982997466,0.32555845333503797,0.033107849795447425
IN.ADM2.00251,sugarcane,cleaned,14,0.5705772982997466,0.32555845333503797,0.033107849795447425
IN.ADM2.00251,wheat,full,16,0.5853886322966497,0.3426798508221422,0.01720291818617258
IN.ADM2.00251,wheat,cleaned,16,0.5853886322966497,0.3426798508221422,0.01720291818617258
IN.ADM2.00252,arhartur,full,16,0.2767816823124972,0.07660809966373613,0.29937627189473837
IN.ADM2.00252,arhartur,cleaned,16,0.2767816823124972,0.07660809966373613,0.29937627189473837
IN.ADM2.00252,bajra,full,13,-0.21106253996020286,0.04454739577445223,0.48882472499551743
IN.ADM2.00252,bajra,cleaned,13,-0.21106253996020286,0.04454739577445223,0.48882472499551743
IN.ADM2.00252,cottonlint,full,16,0.40586502630831417,0.16472641958024856,0.11880893973565007
IN.ADM2.00252,cottonlint,cleaned,16,0.40586502630831417,0.16472641958024856,0.11880893973565007
IN.ADM2.00252,groundnut,full,16,0.22528620437172053,0.050753873880216634,0.40151973221918735
IN.ADM2.00252,groundnut,cleaned,16,0.22528620437172053,0.050753873880216634,0.40151973221918735
IN.ADM2.00252,jowar,full,16,0.24252991498005466,0.05882075966023254,0.3654419778674495
IN.ADM2.00252,jowar,cleaned,16,0.24252991498005466,0.05882075966023254,0.3654419778674495
IN.ADM2.00252,maize,full,16,0.6145888382555322,0.3777194401082848,0.011299390932352577
IN.ADM2.00252,maize,cleaned,16,0.6145888382555322,0.3777194401082848,0.011299390932352577
IN.ADM2.00252,rapeseed_mustard,full,6,-0.20910911114023034,0.043726620361857205,0.6909081506481717
IN.ADM2.00252,rapeseed_mustard,cleaned,6,-0.20910911114023034,0.043726620361857205,0.6909081506481717
IN.ADM2.00252,rice,full,16,0.2751888121315319,0.07572888232236356,0.30228025486875226
IN.ADM2.00252,rice,cleaned,15,0.6478290309903537,0.4196824533939007,0.009014687362310116
IN.ADM2.00252,sesamum,full,14,-0.13551213507723214,0.01836353875319001,0.6441475618792409
IN.ADM2.00252,sesamum,cleaned,13,0.17651764595335395,0.031158479332913616,0.5640232110099129
IN.ADM2.00252,soyabean,full,16,0.6783583328584641,0.46017002775851484,0.003869282414045568
IN.ADM2.00252,soyabean,cleaned,16,0.6783583328584641,0.46017002775851484,0.003869282414045568
IN.ADM2.00252,sugarcane,full,16,0.527148582690276,0.27788562823236673,0.0358837622413849
IN.ADM2.00252,sugarcane,cleaned,16,0.527148582690276,0.27788562823236673,0.0358837622413849
IN.ADM2.00252,wheat,full,16,0.4213115827824643,0.17750344978666524,0.10410929263353023
IN.ADM2.00252,wheat,cleaned,16,0.4213115827824643,0.17750344978666524,0.10410929263353023
IN.ADM2.00253,arhartur,full,16,0.5374351717104797,0.2888365637914728,0.03179567727622795
IN.ADM2.00253,arhartur,cleaned,16,0.5374351717104797,0.2888365637914728,0.03179567727622795
IN.ADM2.00253,bajra,full,16,0.7379712888050904,0.5446016231006462,0.0010997389546238724
IN.ADM2.00253,bajra,cleaned,16,0.7379712888050904,0.5446016231006462,0.0010997389546238724
IN.ADM2.00253,cottonlint,full,16,0.7458114809920733,0.5562347651795897,0.000909693645677287
IN.ADM2.00253,cottonlint,cleaned,16,0.7458114809920733,0.5562347651795897,0.000909693645677287
IN.ADM2.00253,groundnut,full,16,0.47479476883306093,0.22543007251123978,0.0631139675892729
IN.ADM2.00253,groundnut,cleaned,16,0.47479476883306093,0.22543007251123978,0.0631139675892729
IN.ADM2.00253,jowar,full,16,0.5517667336219904,0.30444652833188046,0.026702330183140267
IN.ADM2.00253,jowar,cleaned,16,0.5517667336219904,0.30444652833188046,0.026702330183140267
IN.ADM2.00253,maize,full,16,0.5017819594656974,0.25178513484523474,0.04765681896041428
IN.ADM2.00253,maize,cleaned,16,0.5017819594656974,0.25178513484523474,0.04765681896041428
IN.ADM2.00253,rice,full,7,0.7513720052044887,0.5645598902050142,0.05150975966608179
IN.ADM2.00253,rice,cleaned,7,0.7513720052044887,0.5645598902050142,0.05150975966608179
IN.ADM2.00253,sesamum,full,15,0.3950940787786552,0.15609933108595422,0.1449702135314704
IN.ADM2.00253,sesamum,cleaned,15,0.3950940787786552,0.15609933108595422,0.1449702135314704
IN.ADM2.00253,soyabean,full,16,0.826774655977587,0.6835563317668574,7.833583370963372e-05
IN.ADM2.00253,soyabean,cleaned,16,0.826774655977587,0.6835563317668574,7.833583370963372e-05
IN.ADM2.00253,sugarcane,full,16,0.6953014640821658,0.48344412595480324,0.0027871179310371536
IN.ADM2.00253,sugarcane,cleaned,16,0.6953014640821658,0.48344412595480324,0.0027871179310371536
IN.ADM2.00253,wheat,full,16,0.3242444901517635,0.10513448939377705,0.22049559963103882
IN.ADM2.00253,wheat,cleaned,16,0.3242444901517635,0.10513448939377705,0.22049559963103882
IN.ADM2.00254,arhartur,full,16,0.03708942467476259,0.001375625422704888,0.8915295500817063
IN.ADM2.00254,arhartur,cleaned,15,-0.3315065146417959,0.10989656924995125,0.227417158245157
IN.ADM2.00254,jowar,full,6,-0.49971067681181747,0.24971076051972468,0.31282555135552637
IN.ADM2.00254,jowar,cleaned,6,-0.49971067681181747,0.24971076051972468,0.31282555135552637
IN.ADM2.00254,maize,full,16,-0.32147183233005355,0.10334413898164206,0.22469618227401716
IN.ADM2.00254,maize,cleaned,16,-0.32147183233005355,0.10334413898164206,0.22469618227401716
IN.ADM2.00254,rice,full,16,-0.05328716503079761,0.00283952195701946,0.8446128432349997
IN.ADM2.00254,rice,cleaned,16,-0.05328716503079761,0.00283952195701946,0.8446128432349997
IN.ADM2.00254,sesamum,full,15,-0.34431045031141566,0.11854968619364983,0.20886852770385672
IN.ADM2.00254,sesamum,cleaned,14,-0.11463898626899756,0.013142097172783411,0.6963598258517317
IN.ADM2.00254,soyabean,full,16,0.0039400896146375534,1.5524306171374704e-05,0.9884455842271842
IN.ADM2.00254,soyabean,cleaned,16,0.0039400896146375534,1.5524306171374704e-05,0.9884455842271842
IN.ADM2.00254,sugarcane,full,16,0.07442430917916591,0.005538977796796079,0.7841398612399113
IN.ADM2.00254,sugarcane,cleaned,16,0.07442430917916591,0.005538977796796079,0.7841398612399113
IN.ADM2.00254,wheat,full,16,-0.5673861544344727,0.3219270482439393,0.021888864356247005
IN.ADM2.00254,wheat,cleaned,16,-0.5673861544344727,0.3219270482439393,0.021888864356247005
IN.ADM2.00255,arhartur,full,16,0.3430301859667953,0.11766970848441416,0.193356537668326
IN.ADM2.00255,arhartur,cleaned,16,0.3430301859667953,0.11766970848441416,0.193356537668326
IN.ADM2.00255,bajra,full,16,0.6959593892296869,0.48435947145695885,0.002750656978798009
IN.ADM2.00255,bajra,cleaned,16,0.6959593892296869,0.48435947145695885,0.002750656978798009
IN.ADM2.00255,cottonlint,full,16,0.7344004599427167,0.539344035564074,0.0011964454122792142
IN.ADM2.00255,cottonlint,cleaned,16,0.7344004599427167,0.539344035564074,0.0011964454122792142
IN.ADM2.00255,groundnut,full,16,0.7176599312677476,0.5150357769472282,0.0017470438990615557
IN.ADM2.00255,groundnut,cleaned,16,0.7176599312677476,0.5150357769472282,0.0017470438990615557
IN.ADM2.00255,jowar,full,16,0.7078592302097599,0.5010646897931539,0.0021549493291446596
IN.ADM2.00255,jowar,cleaned,16,0.7078592302097599,0.5010646897931539,0.0021549493291446596
IN.ADM2.00255,maize,full,16,0.5049847327247884,0.25500958028512594,0.04603001658506788
IN.ADM2.00255,maize,cleaned,16,0.5049847327247884,0.25500958028512594,0.04603001658506788
IN.ADM2.00255,rapeseed_mustard,full,13,0.13392870188435535,0.01793689718842853,0.6626878541315432
IN.ADM2.00255,rapeseed_mustard,cleaned,13,0.13392870188435535,0.01793689718842853,0.6626878541315432
IN.ADM2.00255,rice,full,16,0.3286137857537249,0.10798702018739502,0.21397823875769795
IN.ADM2.00255,rice,cleaned,16,0.3286137857537249,0.10798702018739502,0.21397823875769795
IN.ADM2.00255,sesamum,full,16,0.4114630076671809,0.16930180667852257,0.11332433417554472
IN.ADM2.00255,sesamum,cleaned,16,0.4114630076671809,0.16930180667852257,0.11332433417554472
IN.ADM2.00255,soyabean,full,16,0.37434909196423255,0.14013724265444544,0.15314881743314565
IN.ADM2.00255,soyabean,cleaned,16,0.37434909196423255,0.14013724265444544,0.15314881743314565
IN.ADM2.00255,sugarcane,full,16,0.46838833063840446,0.2193876282782313,0.06726767183995193
IN.ADM2.00255,sugarcane,cleaned,16,0.46838833063840446,0.2193876282782313,0.06726767183995193
IN.ADM2.00255,wheat,full,16,0.567002801378461,0.32149217677102254,0.021998347837209546
IN.ADM2.00255,wheat,cleaned,16,0.567002801378461,0.32149217677102254,0.021998347837209546
IN.ADM2.00256,arhartur,full,16,0.41119861133155533,0.1690842979609995,0.11357931739440913
IN.ADM2.00256,arhartur,cleaned,16,0.41119861133155533,0.1690842979609995,0.11357931739440913
IN.ADM2.00256,bajra,full,16,0.21672376116509132,0.04696918865354354,0.42011308171986605
IN.ADM2.00256,bajra,cleaned,16,0.21672376116509132,0.04696918865354354,0.42011308171986605
IN.ADM2.00256,cottonlint,full,16,0.47305909758928105,0.22378490981198493,0.06422022598684263
IN.ADM2.00256,cottonlint,cleaned,16,0.47305909758928105,0.22378490981198493,0.06422022598684263
IN.ADM2.00256,groundnut,full,16,0.4488338903540569,0.20145186113035757,0.08117900431118953
IN.ADM2.00256,groundnut,cleaned,16,0.4488338903540569,0.20145186113035757,0.08117900431118953
IN.ADM2.00256,jowar,full,16,0.45225877761935696,0.20453800193375496,0.07860456483080588
IN.ADM2.00256,jowar,cleaned,16,0.45225877761935696,0.20453800193375496,0.07860456483080588
IN.ADM2.00256,maize,full,16,0.4543758562967668,0.20645741878542007,0.07704296802946772
IN.ADM2.00256,maize,cleaned,16,0.4543758562967668,0.20645741878542007,0.07704296802946772
IN.ADM2.00256,sesamum,full,16,0.6511960657222895,0.4240563160121884,0.006286639927590265
IN.ADM2.00256,sesamum,cleaned,16,0.6511960657222895,0.4240563160121884,0.006286639927590265
IN.ADM2.00256,soyabean,full,16,0.8100182268843097,0.6561295278848011,0.0001425841854641734
IN.ADM2.00256,soyabean,cleaned,16,0.8100182268843097,0.6561295278848011,0.0001425841854641734
IN.ADM2.00256,sugarcane,full,16,0.2345529678846469,0.0550150947434962,0.3819018768614152
IN.ADM2.00256,sugarcane,cleaned,16,0.2345529678846469,0.0550150947434962,0.3819018768614152
IN.ADM2.00256,wheat,full,16,0.47167899133697416,0.22248107086866534,0.06510994028040465
IN.ADM2.00256,wheat,cleaned,16,0.47167899133697416,0.22248107086866534,0.06510994028040465
IN.ADM2.00257,arhartur,full,16,-0.4896394058766125,0.23974674778720204,0.054215634353405616
IN.ADM2.00257,arhartur,cleaned,16,-0.4896394058766125,0.23974674778720204,0.054215634353405616
IN.ADM2.00257,cottonlint,full,16,-0.09914770585932622,0.009830267577167472,0.7148707674022909
IN.ADM2.00257,cottonlint,cleaned,16,-0.09914770585932622,0.009830267577167472,0.7148707674022909
IN.ADM2.00257,jowar,full,16,0.07660503391289114,0.005868331220795202,0.7779603600424899
IN.ADM2.00257,jowar,cleaned,15,0.02861241598681794,0.0008186703486027147,0.9193747580640621
IN.ADM2.00257,maize,full,5,-0.2337300145304789,0.05462971969241787,0.7051379335215043
IN.ADM2.00257,maize,cleaned,5,-0.2337300145304789,0.05462971969241787,0.7051379335215043
IN.ADM2.00257,rapeseed_mustard,full,13,0.040628350393243653,0.0016506628556761818,0.8951583250642914
IN.ADM2.00257,rapeseed_mustard,cleaned,13,0.040628350393243653,0.0016506628556761818,0.8951583250642914
IN.ADM2.00257,rice,full,16,0.03123183934918862,0.0009754277891335266,0.9085873908042278
IN.ADM2.00257,rice,cleaned,16,0.03123183934918862,0.0009754277891335266,0.9085873908042278
IN.ADM2.00257,soyabean,full,16,0.2643409176594702,0.06987612074905081,0.32249699286127376
IN.ADM2.00257,soyabean,cleaned,16,0.2643409176594702,0.06987612074905081,0.32249699286127376
IN.ADM2.00257,wheat,full,16,-0.11818470791632382,0.013967625185266775,0.6628914096349818
IN.ADM2.00257,wheat,cleaned,16,-0.11818470791632382,0.013967625185266775,0.6628914096349818
IN.ADM2.00258,arhartur,full,16,0.7948726421160529,0.6318225171845547,0.00023362174906318685
IN.ADM2.00258,arhartur,cleaned,16,0.7948726421160529,0.6318225171845547,0.00023362174906318685
IN.ADM2.00258,bajra,full,16,0.7868210074146778,0.6190872977090484,0.0002989147289449144
IN.ADM2.00258,bajra,cleaned,16,0.7868210074146778,0.6190872977090484,0.0002989147289449144
IN.ADM2.00258,cottonlint,full,16,0.8013838210986857,0.6422160287187302,0.00018989854087592318
IN.ADM2.00258,cottonlint,cleaned,16,0.8013838210986857,0.6422160287187302,0.00018989854087592318
IN.ADM2.00258,groundnut,full,16,0.8034491609303226,0.6455305541996395,0.00017754116104771043
IN.ADM2.00258,groundnut,cleaned,16,0.8034491609303226,0.6455305541996395,0.00017754116104771043
IN.ADM2.00258,jowar,full,16,0.7693067293681799,0.591832843851166,0.0004939506098861683
IN.ADM2.00258,jowar,cleaned,16,0.7693067293681799,0.591832843851166,0.0004939506098861683
IN.ADM2.00258,maize,full,16,0.7492308674981756,0.5613468928120687,0.0008357066932013728
IN.ADM2.00258,maize,cleaned,16,0.7492308674981756,0.5613468928120687,0.0008357066932013728
IN.ADM2.00258,ragi,full,16,0.22217084640525187,0.049359884992426016,0.40823331810871427
IN.ADM2.00258,ragi,cleaned,16,0.22217084640525187,0.049359884992426016,0.40823331810871427
IN.ADM2.00258,rapeseed_mustard,full,13,-0.19090614305284065,0.036445155455311656,0.5321319810142943
IN.ADM2.00258,rapeseed_mustard,cleaned,13,-0.19090614305284065,0.036445155455311656,0.5321319810142943
IN.ADM2.00258,rice,full,16,0.4657089638702981,0.2168848390291466,0.06906275104434377
IN.ADM2.00258,rice,cleaned,16,0.4657089638702981,0.2168848390291466,0.06906275104434377
IN.ADM2.00258,sesamum,full,16,-0.3393209105406301,0.11513868033012231,0.1985335303184475
IN.ADM2.00258,sesamum,cleaned,15,0.511266535841184,0.2613934706710447,0.05143045282194777
IN.ADM2.00258,soyabean,full,16,0.43384798230384786,0.18822407174911987,0.09316035501080619
IN.ADM2.00258,soyabean,cleaned,16,0.43384798230384786,0.18822407174911987,0.09316035501080619
IN.ADM2.00258,sugarcane,full,16,0.2196642808349792,0.0482523962747486,0.41367774634548626
IN.ADM2.00258,sugarcane,cleaned,16,0.2196642808349792,0.0482523962747486,0.41367774634548626
IN.ADM2.00258,wheat,full,16,0.5532541436355917,0.3060901474499519,0.026211882089559217
IN.ADM2.00258,wheat,cleaned,16,0.5532541436355917,0.3060901474499519,0.026211882089559217
IN.ADM2.00259,arhartur,full,16,-0.23890159490931648,0.05707397205021515,0.3728793568450879
IN.ADM2.00259,arhartur,cleaned,15,-0.5538990233203565,0.30680412803524476,0.03216372568404463
IN.ADM2.00259,cottonlint,full,15,0.16275788514943118,0.02649012917831543,0.5622118946350534
IN.ADM2.00259,cottonlint,cleaned,11,0.24961272415186467,0.06230651205851488,0.45916326661075335
IN.ADM2.00259,jowar,full,16,-0.6023678408989632,0.3628470157492787,0.013536253374447301
IN.ADM2.00259,jowar,cleaned,16,-0.6023678408989632,0.3628470157492787,0.013536253374447301
IN.ADM2.00259,maize,full,16,-0.295130097838105,0.08710177464992944,0.2671246246187593
IN.ADM2.00259,maize,cleaned,16,-0.295130097838105,0.08710177464992944,0.2671246246187593
IN.ADM2.00259,rice,full,16,-0.036186016773901916,0.001309427809961111,0.8941576323465328
IN.ADM2.00259,rice,cleaned,16,-0.036186016773901916,0.001309427809961111,0.8941576323465328
IN.ADM2.00259,soyabean,full,16,3.1515977511331617e-05,9.932568384947601e-10,0.9999075757028526
IN.ADM2.00259,soyabean,cleaned,16,3.1515977511331617e-05,9.932568384947601e-10,0.9999075757028526
IN.ADM2.00260,arhartur,full,16,0.10867433483294846,0.011810111051383795,0.688695681815182
IN.ADM2.00260,arhartur,cleaned,16,0.10867433483294846,0.011810111051383795,0.688695681815182
IN.ADM2.00260,bajra,full,16,0.45138343258577207,0.20374700321291425,0.07925686497358081
IN.ADM2.00260,bajra,cleaned,16,0.45138343258577207,0.20374700321291425,0.07925686497358081
IN.ADM2.00260,cottonlint,full,16,0.3385408593249323,0.11460991343246359,0.19963357088278788
IN.ADM2.00260,cottonlint,cleaned,16,0.3385408593249323,0.11460991343246359,0.19963357088278788
IN.ADM2.00260,groundnut,full,16,0.2324054266739045,0.05401228234747961,0.38640103320419905
IN.ADM2.00260,groundnut,cleaned,16,0.2324054266739045,0.05401228234747961,0.38640103320419905
IN.ADM2.00260,jowar,full,16,0.348790077633834,0.12165451825581595,0.18549344241973947
IN.ADM2.00260,jowar,cleaned,16,0.348790077633834,0.12165451825581595,0.18549344241973947
IN.ADM2.00260,maize,full,16,0.2623346697653925,0.06881947896091753,0.3263196645305797
IN.ADM2.00260,maize,cleaned,16,0.2623346697653925,0.06881947896091753,0.3263196645305797
IN.ADM2.00260,rice,full,9,0.24456627942858347,0.05981266503353997,0.5259435796087661
IN.ADM2.00260,rice,cleaned,9,0.24456627942858347,0.05981266503353997,0.5259435796087661
IN.ADM2.00260,sesamum,full,16,0.1172976140067029,0.013758730251665463,0.6652838900861007
IN.ADM2.00260,sesamum,cleaned,15,0.4615650680098863,0.21304231200697094,0.083288751395737
IN.ADM2.00260,soyabean,full,16,0.13026158001273733,0.016968079227414768,0.6306318353934057
IN.ADM2.00260,soyabean,cleaned,16,0.13026158001273733,0.016968079227414768,0.6306318353934057
IN.ADM2.00260,sugarcane,full,16,-0.20252492954132545,0.041016347085718836,0.45191019412681144
IN.ADM2.00260,sugarcane,cleaned,16,-0.20252492954132545,0.041016347085718836,0.45191019412681144
IN.ADM2.00260,wheat,full,16,0.4054756856078472,0.16441053161915373,0.11919713523145758
IN.ADM2.00260,wheat,cleaned,16,0.4054756856078472,0.16441053161915373,0.11919713523145758
IN.ADM2.00261,arhartur,full,16,0.5545819099964312,0.3075610948952897,0.025779929981680143
IN.ADM2.00261,arhartur,cleaned,16,0.5545819099964312,0.3075610948952897,0.025779929981680143
IN.ADM2.00261,bajra,full,16,0.6741884664602015,0.4545300883079582,0.004181580005233269
IN.ADM2.00261,bajra,cleaned,16,0.6741884664602015,0.4545300883079582,0.004181580005233269
IN.ADM2.00261,cottonlint,full,16,0.7368051037038637,0.5428817608440613,0.001130591896864784
IN.ADM2.00261,cottonlint,cleaned,16,0.7368051037038637,0.5428817608440613,0.001130591896864784
IN.ADM2.00261,groundnut,full,16,0.3365908787796411,0.11329341967765105,0.20240072402280246
IN.ADM2.00261,groundnut,cleaned,16,0.3365908787796411,0.11329341967765105,0.20240072402280246
IN.ADM2.00261,jowar,full,16,0.4440802453444785,0.1972072643052122,0.08485210130602319
IN.ADM2.00261,jowar,cleaned,16,0.4440802453444785,0.1972072643052122,0.08485210130602319
IN.ADM2.00261,maize,full,16,0.7572173112985932,0.5733780565302705,0.0006819487415643468
IN.ADM2.00261,maize,cleaned,16,0.7572173112985932,0.5733780565302705,0.0006819487415643468
IN.ADM2.00261,rapeseed_mustard,full,9,0.49042926250837227,0.2405208615245059,0.18012007545401762
IN.ADM2.00261,rapeseed_mustard,cleaned,9,0.49042926250837227,0.2405208615245059,0.18012007545401762
IN.ADM2.00261,sesamum,full,15,0.25726561282145827,0.06618559554040047,0.354622611973817
IN.ADM2.00261,sesamum,cleaned,15,0.25726561282145827,0.06618559554040047,0.354622611973817
IN.ADM2.00261,soyabean,full,16,0.6858213720394286,0.47035095434604435,0.003357286252649944
IN.ADM2.00261,soyabean,cleaned,16,0.6858213720394286,0.47035095434604435,0.003357286252649944
IN.ADM2.00261,sugarcane,full,16,0.0920217085144347,0.008467994837915584,0.7346483898481564
IN.ADM2.00261,sugarcane,cleaned,16,0.0920217085144347,0.008467994837915584,0.7346483898481564
IN.ADM2.00261,wheat,full,16,0.6449184267873007,0.41591977720980694,0.00698778792486429
IN.ADM2.00261,wheat,cleaned,16,0.6449184267873007,0.41591977720980694,0.00698778792486429
IN.ADM2.00262,arhartur,full,16,-0.023961410431334068,0.000574149189858845,0.9298109769961469
IN.ADM2.00262,arhartur,cleaned,16,-0.023961410431334068,0.000574149189858845,0.9298109769961469
IN.ADM2.00262,cottonlint,full,10,0.34489422431725836,0.11895202596740333,0.32906422937047264
IN.ADM2.00262,cottonlint,cleaned,5,0.5045505853423585,0.2545712931693166,0.38599212264818644
IN.ADM2.00262,groundnut,full,16,-0.11388980363391274,0.012970887371771203,0.6745027213221049
IN.ADM2.00262,groundnut,cleaned,16,-0.11388980363391274,0.012970887371771203,0.6745027213221049
IN.ADM2.00262,jowar,full,16,-0.3358442708842666,0.11279137428578465,0.20346674454584687
IN.ADM2.00262,jowar,cleaned,16,-0.3358442708842666,0.11279137428578465,0.20346674454584687
IN.ADM2.00262,maize,full,16,-0.3190488187240821,0.10179214872923219,0.22840832429105018
IN.ADM2.00262,maize,cleaned,16,-0.3190488187240821,0.10179214872923219,0.22840832429105018
IN.ADM2.00262,ragi,full,16,-0.0003142912175723711,9.877896944312351e-08,0.9990783043555553
IN.ADM2.00262,ragi,cleaned,16,-0.0003142912175723711,9.877896944312351e-08,0.9990783043555553
IN.ADM2.00262,rice,full,16,-0.1705174063817841,0.0290761858791705,0.5277837669387775
IN.ADM2.00262,rice,cleaned,16,-0.1705174063817841,0.0290761858791705,0.5277837669387775
IN.ADM2.00262,soyabean,full,16,-0.07278938660941289,0.005298294802974577,0.7887806913173713
IN.ADM2.00262,soyabean,cleaned,16,-0.07278938660941289,0.005298294802974577,0.7887806913173713
IN.ADM2.00262,sugarcane,full,16,0.4151664881923364,0.17236321291795742,0.10979466809708655
IN.ADM2.00262,sugarcane,cleaned,15,0.03712992708942801,0.0013786314856662398,0.8954810165929729
IN.ADM2.00263,arhartur,full,16,0.3520812645286529,0.12396121683209527,0.18109614942108906
IN.ADM2.00263,arhartur,cleaned,15,0.6382243589400891,0.4073303323444877,0.010456005713441748
IN.ADM2.00263,bajra,full,16,0.692852957301092,0.4800452204408688,0.0029262565561330987
IN.ADM2.00263,bajra,cleaned,16,0.692852957301092,0.4800452204408688,0.0029262565561330987
IN.ADM2.00263,cottonlint,full,16,0.6061630641767932,0.36743366037219916,0.012807471948828475
IN.ADM2.00263,cottonlint,cleaned,16,0.6061630641767932,0.36743366037219916,0.012807471948828475
IN.ADM2.00263,groundnut,full,16,0.8172041293216851,0.6678225889804134,0.00011109677166594171
IN.ADM2.00263,groundnut,cleaned,16,0.8172041293216851,0.6678225889804134,0.00011109677166594171
IN.ADM2.00263,jowar,full,16,0.8478585831280645,0.718864176983929,3.3505567451133816e-05
IN.ADM2.00263,jowar,cleaned,16,0.8478585831280645,0.718864176983929,3.3505567451133816e-05
IN.ADM2.00263,maize,full,16,0.5359611686070977,0.28725437425468586,0.03235862922841928
IN.ADM2.00263,maize,cleaned,16,0.5359611686070977,0.28725437425468586,0.03235862922841928
IN.ADM2.00263,rapeseed_mustard,full,13,-0.45809765594598917,0.20985346238320987,0.1154324141638365
IN.ADM2.00263,rapeseed_mustard,cleaned,12,-0.38002335937306825,0.14441775366919218,0.22302635190285636
IN.ADM2.00263,rice,full,16,0.6730813678504649,0.45303852774745285,0.0042678047146157295
IN.ADM2.00263,rice,cleaned,16,0.6730813678504649,0.45303852774745285,0.0042678047146157295
IN.ADM2.00263,sesamum,full,16,0.6101462730018653,0.3722784744580667,0.012076046565227531
IN.ADM2.00263,sesamum,cleaned,16,0.6101462730018653,0.3722784744580667,0.012076046565227531
IN.ADM2.00263,soyabean,full,16,0.707412922959539,0.5004330435701586,0.0021752170407617426
IN.ADM2.00263,soyabean,cleaned,16,0.707412922959539,0.5004330435701586,0.0021752170407617426
IN.ADM2.00263,sugarcane,full,16,0.6547177507438147,0.4286553331390398,0.005918590881503835
IN.ADM2.00263,sugarcane,cleaned,15,0.2810595214767222,0.07899445461272407,0.31022526614230933
IN.ADM2.00263,wheat,full,16,0.6398416673230344,0.4093973592427206,0.0075991124045494286
IN.ADM2.00263,wheat,cleaned,16,0.6398416673230344,0.4093973592427206,0.0075991124045494286
IN.ADM2.00266,arhartur,full,16,0.2696030925727804,0.0726858275248072,0.31259449792981936
IN.ADM2.00266,arhartur,cleaned,15,0.13800966253062605,0.01904666695181729,0.623782562017618
IN.ADM2.00266,cottonlint,full,16,0.2424589471699085,0.058786341062740485,0.36558665452429884
IN.ADM2.00266,cottonlint,cleaned,16,0.2424589471699085,0.058786341062740485,0.36558665452429884
IN.ADM2.00266,groundnut,full,16,0.12206363693813249,0.014899531462564224,0.6524660819225903
IN.ADM2.00266,groundnut,cleaned,16,0.12206363693813249,0.014899531462564224,0.6524660819225903
IN.ADM2.00266,jowar,full,16,0.2970073668144076,0.08821337594202806,0.2639497134071648
IN.ADM2.00266,jowar,cleaned,16,0.2970073668144076,0.08821337594202806,0.2639497134071648
IN.ADM2.00266,maize,full,16,-0.042943806485661346,0.0018441705154779294,0.8745254736805084
IN.ADM2.00266,maize,cleaned,16,-0.042943806485661346,0.0018441705154779294,0.8745254736805084
IN.ADM2.00266,rapeseed_mustard,full,13,-0.13140250244427243,0.017266617648617023,0.6687209957237547
IN.ADM2.00266,rapeseed_mustard,cleaned,13,-0.13140250244427243,0.017266617648617023,0.6687209957237547
IN.ADM2.00266,rice,full,16,0.24062044517261538,0.05789819863506761,0.36934572076627953
IN.ADM2.00266,rice,cleaned,16,0.24062044517261538,0.05789819863506761,0.36934572076627953
IN.ADM2.00266,sesamum,full,13,0.5079885965577183,0.2580524142326803,0.07633624221618472
IN.ADM2.00266,sesamum,cleaned,13,0.5079885965577183,0.2580524142326803,0.07633624221618472
IN.ADM2.00266,soyabean,full,16,0.43347150863199807,0.18789754879570036,0.09347667830341458
IN.ADM2.00266,soyabean,cleaned,16,0.43347150863199807,0.18789754879570036,0.09347667830341458
IN.ADM2.00266,sugarcane,full,15,-0.13728344506128268,0.018846744287894217,0.6256273409348265
IN.ADM2.00266,sugarcane,cleaned,15,-0.13728344506128268,0.018846744287894217,0.6256273409348265
IN.ADM2.00266,wheat,full,16,0.28667373854955147,0.0821818323739766,0.2817139382659166
IN.ADM2.00266,wheat,cleaned,16,0.28667373854955147,0.0821818323739766,0.2817139382659166
IN.ADM2.00267,arhartur,full,16,0.10546589636235185,0.01112305529551434,0.6974758332271975
IN.ADM2.00267,arhartur,cleaned,16,0.10546589636235185,0.01112305529551434,0.6974758332271975
IN.ADM2.00267,bajra,full,7,-0.08126344962066873,0.0066037482442509645,0.8624979486623595
IN.ADM2.00267,bajra,cleaned,7,-0.08126344962066873,0.0066037482442509645,0.8624979486623595
IN.ADM2.00267,cottonlint,full,16,0.6641737837577544,0.44112681503109225,0.005014753306498106
IN.ADM2.00267,cottonlint,cleaned,16,0.6641737837577544,0.44112681503109225,0.005014753306498106
IN.ADM2.00267,groundnut,full,16,0.1316172548851619,0.017323101783505674,0.6270480091323971
IN.ADM2.00267,groundnut,cleaned,16,0.1316172548851619,0.017323101783505674,0.6270480091323971
IN.ADM2.00267,jowar,full,16,0.5813979163895918,0.3380235371821588,0.018167232092804526
IN.ADM2.00267,jowar,cleaned,16,0.5813979163895918,0.3380235371821588,0.018167232092804526
IN.ADM2.00267,maize,full,16,0.3498957977543598,0.12242706928615986,0.18400836998772957
IN.ADM2.00267,maize,cleaned,16,0.3498957977543598,0.12242706928615986,0.18400836998772957
IN.ADM2.00267,rapeseed_mustard,full,12,0.5487507151717523,0.30112734740150965,0.06465669054574326
IN.ADM2.00267,rapeseed_mustard,cleaned,12,0.5487507151717523,0.30112734740150965,0.06465669054574326
IN.ADM2.00267,rice,full,16,-0.20506473492965194,0.04205154551176841,0.44613562230144893
IN.ADM2.00267,rice,cleaned,16,-0.20506473492965194,0.04205154551176841,0.44613562230144893
IN.ADM2.00267,sesamum,full,16,0.20305212297542652,0.04123016464482773,0.45070847704247535
IN.ADM2.00267,sesamum,cleaned,16,0.20305212297542652,0.04123016464482773,0.45070847704247535
IN.ADM2.00267,soyabean,full,16,0.4478231046304094,0.20054553304081862,0.08195026403719316
IN.ADM2.00267,soyabean,cleaned,16,0.4478231046304094,0.20054553304081862,0.08195026403719316
IN.ADM2.00267,sugarcane,full,16,0.432241035005934,0.18683231234300107,0.09451588704144166
IN.ADM2.00267,sugarcane,cleaned,16,0.432241035005934,0.18683231234300107,0.09451588704144166
IN.ADM2.00267,wheat,full,16,0.5488419062266772,0.3012274380305327,0.02768719940108918
IN.ADM2.00267,wheat,cleaned,16,0.5488419062266772,0.3012274380305327,0.02768719940108918
IN.ADM2.00268,arhartur,full,16,0.276126122977541,0.07624563579060811,0.30056942289394717
IN.ADM2.00268,arhartur,cleaned,16,0.276126122977541,0.07624563579060811,0.30056942289394717
IN.ADM2.00268,bajra,full,16,0.42944084399599847,0.1844194384919955,0.09691138484417393
IN.ADM2.00268,bajra,cleaned,16,0.42944084399599847,0.1844194384919955,0.09691138484417393
IN.ADM2.00268,cottonlint,full,16,0.3469003841523738,0.1203398765250645,0.1880496215091434
IN.ADM2.00268,cottonlint,cleaned,16,0.3469003841523738,0.1203398765250645,0.1880496215091434
IN.ADM2.00268,groundnut,full,16,-0.23991459997272144,0.05755901528007095,0.37079456327335636
IN.ADM2.00268,groundnut,cleaned,15,-0.03873645258844894,0.0015005127591371525,0.8909830555384383
IN.ADM2.00268,jowar,full,16,-0.05628466473886812,0.003167963484766784,0.8359794869150088
IN.ADM2.00268,jowar,cleaned,15,0.024373110760532727,0.0005940485281451962,0.9312921754039042
IN.ADM2.00268,maize,full,16,0.0745565923687285,0.005558685465636744,0.7837646629801359
IN.ADM2.00268,maize,cleaned,16,0.0745565923687285,0.005558685465636744,0.7837646629801359
IN.ADM2.00268,ragi,full,16,-0.39304068018233135,0.15448097627818969,0.13206336993699191
IN.ADM2.00268,ragi,cleaned,16,-0.39304068018233135,0.15448097627818969,0.13206336993699191
IN.ADM2.00268,rapeseed_mustard,full,11,0.3804291325565134,0.14472632489770124,0.2484266742109484
IN.ADM2.00268,rapeseed_mustard,cleaned,11,0.3804291325565134,0.14472632489770124,0.2484266742109484
IN.ADM2.00268,rice,full,16,-0.5069630943903471,0.25701157907383604,0.04504607834764987
IN.ADM2.00268,rice,cleaned,16,-0.5069630943903471,0.25701157907383604,0.04504607834764987
IN.ADM2.00268,sesamum,full,12,0.5764494098426313,0.33229392210791786,0.0497714813947865
IN.ADM2.00268,sesamum,cleaned,12,0.5764494098426313,0.33229392210791786,0.0497714813947865
IN.ADM2.00268,soyabean,full,16,0.006479929606505383,4.198948770526501e-05,0.9809984428269756
IN.ADM2.00268,soyabean,cleaned,16,0.006479929606505383,4.198948770526501e-05,0.9809984428269756
IN.ADM2.00268,sugarcane,full,16,0.16444671113077355,0.027042720801728082,0.5427927356140334
IN.ADM2.00268,sugarcane,cleaned,16,0.16444671113077355,0.027042720801728082,0.5427927356140334
IN.ADM2.00269,arhartur,full,16,0.5617057087619717,0.31551330325578897,0.023554805415589332
IN.ADM2.00269,arhartur,cleaned,16,0.5617057087619717,0.31551330325578897,0.023554805415589332
IN.ADM2.00269,bajra,full,16,0.5667980285420646,0.3212600051591711,0.02205700252815105
IN.ADM2.00269,bajra,cleaned,16,0.5667980285420646,0.3212600051591711,0.02205700252815105
IN.ADM2.00269,cottonlint,full,16,0.7059762832969511,0.4984025125777769,0.0022415098587676694
IN.ADM2.00269,cottonlint,cleaned,16,0.7059762832969511,0.4984025125777769,0.0022415098587676694
IN.ADM2.00269,groundnut,full,16,0.5621438950168562,0.3160057587047223,0.023422929019790137
IN.ADM2.00269,groundnut,cleaned,16,0.5621438950168562,0.3160057587047223,0.023422929019790137
IN.ADM2.00269,jowar,full,16,0.5247562774140527,0.27536915068545426,0.036888966556616054
IN.ADM2.00269,jowar,cleaned,16,0.5247562774140527,0.27536915068545426,0.036888966556616054
IN.ADM2.00269,maize,full,16,0.6133819134063253,0.3762373716940048,0.011506385186428802
IN.ADM2.00269,maize,cleaned,16,0.6133819134063253,0.3762373716940048,0.011506385186428802
IN.ADM2.00269,rapeseed_mustard,full,9,-0.19100329914151165,0.036482260282941784,0.6225275514647273
IN.ADM2.00269,rapeseed_mustard,cleaned,9,-0.19100329914151165,0.036482260282941784,0.6225275514647273
IN.ADM2.00269,rice,full,16,0.4512710042987021,0.2036455193207592,0.07934092770822436
IN.ADM2.00269,rice,cleaned,16,0.4512710042987021,0.2036455193207592,0.07934092770822436
IN.ADM2.00269,sesamum,full,16,0.4913781078618074,0.24145244488585005,0.05323769947626014
IN.ADM2.00269,sesamum,cleaned,16,0.4913781078618074,0.24145244488585005,0.05323769947626014
IN.ADM2.00269,soyabean,full,16,0.6442691950472642,0.41508279568684975,0.007063708222755775
IN.ADM2.00269,soyabean,cleaned,16,0.6442691950472642,0.41508279568684975,0.007063708222755775
IN.ADM2.00269,sugarcane,full,16,0.6018743757272701,0.36225276415709107,0.013633346777225932
IN.ADM2.00269,sugarcane,cleaned,16,0.6018743757272701,0.36225276415709107,0.013633346777225932
IN.ADM2.00270,arhartur,full,16,0.5759668303265403,0.33173778963640166,0.019546368572600517
IN.ADM2.00270,arhartur,cleaned,16,0.5759668303265403,0.33173778963640166,0.019546368572600517
IN.ADM2.00270,bajra,full,16,0.5521135476366842,0.30482936948396516,0.0265873512781811
IN.ADM2.00270,bajra,cleaned,16,0.5521135476366842,0.30482936948396516,0.0265873512781811
IN.ADM2.00270,cottonlint,full,16,0.5707771452173666,0.32578654950248676,0.020938611528464244
IN.ADM2.00270,cottonlint,cleaned,16,0.5707771452173666,0.32578654950248676,0.020938611528464244
IN.ADM2.00270,groundnut,full,16,0.32338473058896444,0.10457768397809711,0.22179274944280117
IN.ADM2.00270,groundnut,cleaned,16,0.32338473058896444,0.10457768397809711,0.22179274944280117
IN.ADM2.00270,jowar,full,16,0.5392769916477222,0.2908196737206175,0.031102746757656813
IN.ADM2.00270,jowar,cleaned,16,0.5392769916477222,0.2908196737206175,0.031102746757656813
IN.ADM2.00270,maize,full,16,0.344753412234214,0.1188549152471339,0.19098168566383059
IN.ADM2.00270,maize,cleaned,16,0.344753412234214,0.1188549152471339,0.19098168566383059
IN.ADM2.00270,rapeseed_mustard,full,13,-0.05280426922585196,0.002788290848476257,0.8639703161433598
IN.ADM2.00270,rapeseed_mustard,cleaned,13,-0.05280426922585196,0.002788290848476257,0.8639703161433598
IN.ADM2.00270,rice,full,14,-0.041896111300388325,0.0017552841420945262,0.8869170093702923
IN.ADM2.00270,rice,cleaned,14,-0.041896111300388325,0.0017552841420945262,0.8869170093702923
IN.ADM2.00270,sesamum,full,15,0.024223655411789922,0.0005867854815091391,0.9317125813721121
IN.ADM2.00270,sesamum,cleaned,15,0.024223655411789922,0.0005867854815091391,0.9317125813721121
IN.ADM2.00270,soyabean,full,16,0.7647147839692316,0.5847887008211087,0.0005595425172045003
IN.ADM2.00270,soyabean,cleaned,16,0.7647147839692316,0.5847887008211087,0.0005595425172045003
IN.ADM2.00270,sugarcane,full,16,0.4543249119514742,0.20641112561971475,0.07708028005145078
IN.ADM2.00270,sugarcane,cleaned,16,0.4543249119514742,0.20641112561971475,0.07708028005145078
IN.ADM2.00270,wheat,full,16,0.716062221580009,0.5127451051740979,0.0018088700979000873
IN.ADM2.00270,wheat,cleaned,16,0.716062221580009,0.5127451051740979,0.0018088700979000873
IN.ADM2.00271,arhartur,full,16,-0.1319801260048606,0.017418753660258877,0.6260900532723994
IN.ADM2.00271,arhartur,cleaned,16,-0.1319801260048606,0.017418753660258877,0.6260900532723994
IN.ADM2.00271,bajra,full,16,0.4432339731134649,0.19645635492194774,0.08551830237744931
IN.ADM2.00271,bajra,cleaned,16,0.4432339731134649,0.19645635492194774,0.08551830237744931
IN.ADM2.00271,cottonlint,full,8,-0.6467473736418545,0.41828216531263657,0.08306920137824654
IN.ADM2.00271,cottonlint,cleaned,8,-0.6467473736418545,0.41828216531263657,0.08306920137824654
IN.ADM2.00271,groundnut,full,16,0.14644269683821792,0.0214454634572502,0.5883789987261016
IN.ADM2.00271,groundnut,cleaned,16,0.14644269683821792,0.0214454634572502,0.5883789987261016
IN.ADM2.00271,jowar,full,16,0.6888788222649314,0.4745540317651189,0.0031639886914567343
IN.ADM2.00271,jowar,cleaned,16,0.6888788222649314,0.4745540317651189,0.0031639886914567343
IN.ADM2.00271,maize,full,16,-0.16910579702267597,0.028596770586674487,0.5312569293814865
IN.ADM2.00271,maize,cleaned,15,0.32922842354042425,0.10839135486691298,0.2308219000896834
IN.ADM2.00271,ragi,full,16,-0.1459164751317728,0.02129161771488127,0.5897346229046875
IN.ADM2.00271,ragi,cleaned,16,-0.1459164751317728,0.02129161771488127,0.5897346229046875
IN.ADM2.00271,rapeseed_mustard,full,10,0.14248329680462146,0.020301489868313854,0.6945686980794014
IN.ADM2.00271,rapeseed_mustard,cleaned,10,0.14248329680462146,0.020301489868313854,0.6945686980794014
IN.ADM2.00271,rice,full,16,-0.5270471706726298,0.2777787201140242,0.035925948754571654
IN.ADM2.00271,rice,cleaned,16,-0.5270471706726298,0.2777787201140242,0.035925948754571654
IN.ADM2.00271,sesamum,full,15,0.07357795661735372,0.0054137156999851865,0.7944035898520067
IN.ADM2.00271,sesamum,cleaned,15,0.07357795661735372,0.0054137156999851865,0.7944035898520067
IN.ADM2.00271,sugarcane,full,16,0.3706015038393744,0.13734547464800584,0.15763442803916777
IN.ADM2.00271,sugarcane,cleaned,16,0.3706015038393744,0.13734547464800584,0.15763442803916777
IN.ADM2.00272,maize,full,5,-0.11896304388452895,0.014152205810272362,0.8488895792293026
IN.ADM2.00272,maize,cleaned,5,-0.11896304388452895,0.014152205810272362,0.8488895792293026
IN.ADM2.00272,ragi,full,16,0.23532526700543283,0.05537798129117825,0.3802908969457872
IN.ADM2.00272,ragi,cleaned,16,0.23532526700543283,0.05537798129117825,0.3802908969457872
IN.ADM2.00273,arhartur,full,16,-0.36705895902617786,0.13473227940138133,0.16195505931336454
IN.ADM2.00273,arhartur,cleaned,12,-0.39474900333518764,0.15582677563412398,0.20411538709343033
IN.ADM2.00273,groundnut,full,14,-0.04198926956334136,0.0017630987584629453,0.8866670374337373
IN.ADM2.00273,groundnut,cleaned,14,-0.04198926956334136,0.0017630987584629453,0.8866670374337373
IN.ADM2.00273,maize,full,11,-0.7037648116956506,0.4952849101810146,0.01565554449914441
IN.ADM2.00273,maize,cleaned,6,-0.8672070386412046,0.7520480478688478,0.02528012229231429
IN.ADM2.00273,ragi,full,16,-0.45015540179351726,0.20263988576388298,0.08017855288836351
IN.ADM2.00273,ragi,cleaned,15,-0.5469727306286439,0.2991791680513551,0.03484881560894627
IN.ADM2.00273,rapeseed_mustard,full,8,-0.33855749401435875,0.11462117675328257,0.41204403174487314
IN.ADM2.00273,rapeseed_mustard,cleaned,8,-0.33855749401435875,0.11462117675328257,0.41204403174487314
IN.ADM2.00273,rice,full,16,-0.48698673319168534,0.23715607830470972,0.055733156493195254
IN.ADM2.00273,rice,cleaned,16,-0.48698673319168534,0.23715607830470972,0.055733156493195254
IN.ADM2.00274,arhartur,full,16,0.34648882411329385,0.12005450523541308,0.18860938011839284
IN.ADM2.00274,arhartur,cleaned,15,0.44017742513027763,0.19375616559432118,0.10058874482344682
IN.ADM2.00274,bajra,full,16,0.5783528453673088,0.3344920137444622,0.01893084087769217
IN.ADM2.00274,bajra,cleaned,16,0.5783528453673088,0.3344920137444622,0.01893084087769217
IN.ADM2.00274,cottonlint,full,16,-0.18854338215868183,0.03554860695583474,0.48435921609904087
IN.ADM2.00274,cottonlint,cleaned,16,-0.18854338215868183,0.03554860695583474,0.48435921609904087
IN.ADM2.00274,groundnut,full,16,0.3060736634210016,0.09368108743995258,0.24894323567286608
IN.ADM2.00274,groundnut,cleaned,16,0.3060736634210016,0.09368108743995258,0.24894323567286608
IN.ADM2.00274,jowar,full,16,0.5904930734330646,0.3486820697724266,0.01602801009516166
IN.ADM2.00274,jowar,cleaned,16,0.5904930734330646,0.3486820697724266,0.01602801009516166
IN.ADM2.00274,maize,full,16,0.10374111367662135,0.010762218666865674,0.7022108336301551
IN.ADM2.00274,maize,cleaned,16,0.10374111367662135,0.010762218666865674,0.7022108336301551
IN.ADM2.00274,ragi,full,11,-0.06831245413028246,0.004666591389301945,0.8418171744806136
IN.ADM2.00274,ragi,cleaned,7,0.08298854272416425,0.006887098223480436,0.8595989195075805
IN.ADM2.00274,rapeseed_mustard,full,12,0.3568426407950371,0.12733667028957585,0.2548532389722594
IN.ADM2.00274,rapeseed_mustard,cleaned,12,0.3568426407950371,0.12733667028957585,0.2548532389722594
IN.ADM2.00274,rice,full,16,-0.14100188185695725,0.01988153068720333,0.6024564975255005
IN.ADM2.00274,rice,cleaned,16,-0.14100188185695725,0.01988153068720333,0.6024564975255005
IN.ADM2.00274,sesamum,full,13,-0.5761773807165801,0.3319803740494189,0.03930568915874834
IN.ADM2.00274,sesamum,cleaned,13,-0.5761773807165801,0.3319803740494189,0.03930568915874834
IN.ADM2.00274,soyabean,full,16,-0.16676825537606096,0.027811651001175088,0.5370308074269297
IN.ADM2.00274,soyabean,cleaned,16,-0.16676825537606096,0.027811651001175088,0.5370308074269297
IN.ADM2.00274,sugarcane,full,16,0.05916891093110531,0.0035009600207730734,0.8276888472392654
IN.ADM2.00274,sugarcane,cleaned,16,0.05916891093110531,0.0035009600207730734,0.8276888472392654
IN.ADM2.00275,arhartur,full,16,0.3465249245425509,0.1200795233292206,0.1885602367034467
IN.ADM2.00275,arhartur,cleaned,16,0.3465249245425509,0.1200795233292206,0.1885602367034467
IN.ADM2.00275,bajra,full,16,0.23693969182813232,0.056140417563610316,0.3769352881142215
IN.ADM2.00275,bajra,cleaned,16,0.23693969182813232,0.056140417563610316,0.3769352881142215
IN.ADM2.00275,cottonlint,full,16,-0.08117589131771122,0.006589525331224863,0.7650487450444026
IN.ADM2.00275,cottonlint,cleaned,16,-0.08117589131771122,0.006589525331224863,0.7650487450444026
IN.ADM2.00275,groundnut,full,16,-0.06957625187858582,0.004840854825472417,0.7979206704603725
IN.ADM2.00275,groundnut,cleaned,16,-0.06957625187858582,0.004840854825472417,0.7979206704603725
IN.ADM2.00275,jowar,full,16,0.22324171608214602,0.049836863799301495,0.4059189327124286
IN.ADM2.00275,jowar,cleaned,16,0.22324171608214602,0.049836863799301495,0.4059189327124286
IN.ADM2.00275,maize,full,16,-0.040524849052634204,0.0016422633907387874,0.8815455169438877
IN.ADM2.00275,maize,cleaned,16,-0.040524849052634204,0.0016422633907387874,0.8815455169438877
IN.ADM2.00275,ragi,full,16,-0.4547794584534897,0.2068243558312494,0.07674782811561726
IN.ADM2.00275,ragi,cleaned,16,-0.4547794584534897,0.2068243558312494,0.07674782811561726
IN.ADM2.00275,rapeseed_mustard,full,12,0.11339870976934444,0.012859267377352013,0.7256626233987551
IN.ADM2.00275,rapeseed_mustard,cleaned,12,0.11339870976934444,0.012859267377352013,0.7256626233987551
IN.ADM2.00275,rice,full,16,0.3576446825071688,0.12790971892565356,0.17382028649654652
IN.ADM2.00275,rice,cleaned,16,0.3576446825071688,0.12790971892565356,0.17382028649654652
IN.ADM2.00275,soyabean,full,16,-0.19659416059527512,0.038649263980160824,0.46553928134461176
IN.ADM2.00275,soyabean,cleaned,16,-0.19659416059527512,0.038649263980160824,0.46553928134461176
IN.ADM2.00275,sugarcane,full,16,0.10932392736276855,0.011951721094019895,0.6869225038876422
IN.ADM2.00275,sugarcane,cleaned,16,0.10932392736276855,0.011951721094019895,0.6869225038876422
IN.ADM2.00276,groundnut,full,16,-0.11333339990183813,0.012844459533309963,0.6760120791444804
IN.ADM2.00276,groundnut,cleaned,16,-0.11333339990183813,0.012844459533309963,0.6760120791444804
IN.ADM2.00276,ragi,full,16,-0.059512827467022925,0.0035417766331196383,0.8267013942544408
IN.ADM2.00276,ragi,cleaned,16,-0.059512827467022925,0.0035417766331196383,0.8267013942544408
IN.ADM2.00276,rapeseed_mustard,full,5,-0.8649971637972044,0.7482200933772076,0.05832464750362454
IN.ADM2.00276,rapeseed_mustard,cleaned,5,-0.8649971637972044,0.7482200933772076,0.05832464750362454
IN.ADM2.00276,rice,full,16,-0.10626336675851027,0.011291903114853665,0.6952900792497085
IN.ADM2.00276,rice,cleaned,16,-0.10626336675851027,0.011291903114853665,0.6952900792497085
IN.ADM2.00277,arhartur,full,16,0.42773081136897784,0.1829536469943641,0.09839528545915319
IN.ADM2.00277,arhartur,cleaned,16,0.42773081136897784,0.1829536469943641,0.09839528545915319
IN.ADM2.00277,bajra,full,16,0.2676267264521882,0.07162406471151438,0.3162925928746297
IN.ADM2.00277,bajra,cleaned,16,0.2676267264521882,0.07162406471151438,0.3162925928746297
IN.ADM2.00277,cottonlint,full,16,0.5652596371491372,0.31951845738997425,0.022501519968828067
IN.ADM2.00277,cottonlint,cleaned,16,0.5652596371491372,0.31951845738997425,0.022501519968828067
IN.ADM2.00277,groundnut,full,16,0.5502743490405703,0.30280185921202335,0.02720144744684279
IN.ADM2.00277,groundnut,cleaned,16,0.5502743490405703,0.30280185921202335,0.02720144744684279
IN.ADM2.00277,jowar,full,16,0.6115896513546558,0.37404190164410944,0.011819255012805865
IN.ADM2.00277,jowar,cleaned,16,0.6115896513546558,0.37404190164410944,0.011819255012805865
IN.ADM2.00277,maize,full,16,0.6728001243524999,0.45266000732873934,0.004289934647593601
IN.ADM2.00277,maize,cleaned,16,0.6728001243524999,0.45266000732873934,0.004289934647593601
IN.ADM2.00277,rice,full,15,0.04711227012765409,0.0022195659965810483,0.8675851783512871
IN.ADM2.00277,rice,cleaned,15,0.04711227012765409,0.0022195659965810483,0.8675851783512871
IN.ADM2.00277,sesamum,full,15,-0.37807098965907104,0.1429376732217894,0.16469471942214142
IN.ADM2.00277,sesamum,cleaned,13,0.18141784954265017,0.032912436132679655,0.5530743183371314
IN.ADM2.00277,soyabean,full,16,0.16587587500922615,0.027514805910076417,0.5392424047173788
IN.ADM2.00277,soyabean,cleaned,16,0.16587587500922615,0.027514805910076417,0.5392424047173788
IN.ADM2.00277,sugarcane,full,16,0.8152110901954143,0.6645691215775958,0.00011918360114171333
IN.ADM2.00277,sugarcane,cleaned,16,0.8152110901954143,0.6645691215775958,0.00011918360114171333
IN.ADM2.00278,arhartur,full,16,-0.21036611252803228,0.04425390130015674,0.4342035604248915
IN.ADM2.00278,arhartur,cleaned,16,-0.21036611252803228,0.04425390130015674,0.4342035604248915
IN.ADM2.00278,groundnut,full,15,0.10599964507274237,0.011235924755547357,0.7069307799119132
IN.ADM2.00278,groundnut,cleaned,15,0.10599964507274237,0.011235924755547357,0.7069307799119132
IN.ADM2.00278,ragi,full,16,-0.36450954094196897,0.13286720543772496,0.16511305886817731
IN.ADM2.00278,ragi,cleaned,16,-0.36450954094196897,0.13286720543772496,0.16511305886817731
IN.ADM2.00278,rice,full,16,-0.46060664041023613,0.21215847719000458,0.07257724418024422
IN.ADM2.00278,rice,cleaned,16,-0.46060664041023613,0.21215847719000458,0.07257724418024422
IN.ADM2.00279,arhartur,full,16,0.15044222437109894,0.022632862873724076,0.5781177373241131
IN.ADM2.00279,arhartur,cleaned,16,0.15044222437109894,0.022632862873724076,0.5781177373241131
IN.ADM2.00279,cottonlint,full,16,0.49960000783158603,0.24960016782532082,0.048789396179117955
IN.ADM2.00279,cottonlint,cleaned,16,0.49960000783158603,0.24960016782532082,0.048789396179117955
IN.ADM2.00279,groundnut,full,16,0.45859703910997696,0.21031124428043774,0.07399648707198686
IN.ADM2.00279,groundnut,cleaned,16,0.45859703910997696,0.21031124428043774,0.07399648707198686
IN.ADM2.00279,jowar,full,16,0.10792831366446365,0.011648520890454851,0.6907339543925726
IN.ADM2.00279,jowar,cleaned,16,0.10792831366446365,0.011648520890454851,0.6907339543925726
IN.ADM2.00279,maize,full,9,0.8886260796231196,0.7896563093863549,0.0013592266579457318
IN.ADM2.00279,maize,cleaned,9,0.8886260796231196,0.7896563093863549,0.0013592266579457318
IN.ADM2.00279,sesamum,full,10,-0.3297035589566655,0.10870443678869139,0.3521928456032466
IN.ADM2.00279,sesamum,cleaned,9,0.742578166952975,0.5514223340352403,0.021917779216607154
IN.ADM2.00279,soyabean,full,16,0.5817158340573314,0.3383933115930167,0.018088907583681188
IN.ADM2.00279,soyabean,cleaned,16,0.5817158340573314,0.3383933115930167,0.018088907583681188
IN.ADM2.00279,sugarcane,full,16,-0.07815964665380204,0.006108930365047188,0.7735626479220747
IN.ADM2.00279,sugarcane,cleaned,16,-0.07815964665380204,0.006108930365047188,0.7735626479220747
IN.ADM2.00279,wheat,full,16,0.37358541333286055,0.13956606105508426,0.15405581621958347
IN.ADM2.00279,wheat,cleaned,16,0.37358541333286055,0.13956606105508426,0.15405581621958347
IN.ADM2.00280,arhartur,full,16,0.39983109097028713,0.15986490130649003,0.12492452149515215
IN.ADM2.00280,arhartur,cleaned,16,0.39983109097028713,0.15986490130649003,0.12492452149515215
IN.ADM2.00280,bajra,full,15,-0.1443618874081213,0.020840354536035093,0.6077355952874905
IN.ADM2.00280,bajra,cleaned,15,-0.1443618874081213,0.020840354536035093,0.6077355952874905
IN.ADM2.00280,cottonlint,full,16,0.46701883555520657,0.21810659276334107,0.06818087661716146
IN.ADM2.00280,cottonlint,cleaned,16,0.46701883555520657,0.21810659276334107,0.06818087661716146
IN.ADM2.00280,groundnut,full,16,-0.03912066916381409,0.0015304267558245946,0.8856244075792772
IN.ADM2.00280,groundnut,cleaned,16,-0.03912066916381409,0.0015304267558245946,0.8856244075792772
IN.ADM2.00280,jowar,full,16,0.5230168904758259,0.27354666772300207,0.03763306858663936
IN.ADM2.00280,jowar,cleaned,16,0.5230168904758259,0.27354666772300207,0.03763306858663936
IN.ADM2.00280,rice,full,11,0.022041415679466034,0.0004858240051550111,0.9487120432767979
IN.ADM2.00280,rice,cleaned,11,0.022041415679466034,0.0004858240051550111,0.9487120432767979
IN.ADM2.00280,sesamum,full,14,0.19503880653815742,0.038040136055828795,0.5040105533874302
IN.ADM2.00280,sesamum,cleaned,14,0.19503880653815742,0.038040136055828795,0.5040105533874302
IN.ADM2.00280,soyabean,full,16,0.5018144464005349,0.25181773861627527,0.04764010554014308
IN.ADM2.00280,soyabean,cleaned,16,0.5018144464005349,0.25181773861627527,0.04764010554014308
IN.ADM2.00280,sugarcane,full,16,0.411553074316714,0.16937593297953873,0.1132375655489648
IN.ADM2.00280,sugarcane,cleaned,16,0.411553074316714,0.16937593297953873,0.1132375655489648
IN.ADM2.00280,wheat,full,16,0.7579563748695008,0.5744978662053153,0.000668983562335461
IN.ADM2.00280,wheat,cleaned,16,0.7579563748695008,0.5744978662053153,0.000668983562335461
IN.ADM2.00282,arhartur,full,8,-0.6706874143318736,0.4498216077431743,0.06868325869431767
IN.ADM2.00282,arhartur,cleaned,8,-0.6706874143318736,0.4498216077431743,0.06868325869431767
IN.ADM2.00282,groundnut,full,9,-0.5832483699670036,0.34017866106916667,0.09924701573786271
IN.ADM2.00282,groundnut,cleaned,5,-0.8458075203048188,0.7153903614041864,0.07097737185846549
IN.ADM2.00282,maize,full,16,0.22146783119634317,0.04904800025481195,0.4097564749078213
IN.ADM2.00282,maize,cleaned,16,0.22146783119634317,0.04904800025481195,0.4097564749078213
IN.ADM2.00282,potato,full,14,-0.32440116346427145,0.10523611485697297,0.25781278299313876
IN.ADM2.00282,potato,cleaned,14,-0.32440116346427145,0.10523611485697297,0.25781278299313876
IN.ADM2.00282,rapeseed_mustard,full,13,-0.3863074600602869,0.14923345369823013,0.19229043057146114
IN.ADM2.00282,rapeseed_mustard,cleaned,13,-0.3863074600602869,0.14923345369823013,0.19229043057146114
IN.ADM2.00282,rice,full,16,0.20358189826335732,0.04144558930051197,0.44950249556357585
IN.ADM2.00282,rice,cleaned,16,0.20358189826335732,0.04144558930051197,0.44950249556357585
IN.ADM2.00282,sugarcane,full,13,-0.24505584888520293,0.06005236907284742,0.4196948829176779
IN.ADM2.00282,sugarcane,cleaned,11,-0.217698322275061,0.04739255952137632,0.520197639765796
IN.ADM2.00283,groundnut,full,9,-0.22484043890599822,0.05055322296744192,0.560818720374243
IN.ADM2.00283,groundnut,cleaned,9,-0.22484043890599822,0.05055322296744192,0.560818720374243
IN.ADM2.00283,maize,full,15,-0.443387145721167,0.19659216099076338,0.09784460340612039
IN.ADM2.00283,maize,cleaned,15,-0.443387145721167,0.19659216099076338,0.09784460340612039
IN.ADM2.00283,potato,full,10,-0.13926983292271986,0.019396086362322304,0.7011878615793676
IN.ADM2.00283,potato,cleaned,10,-0.13926983292271986,0.019396086362322304,0.7011878615793676
IN.ADM2.00283,rapeseed_mustard,full,9,-0.2769289117489888,0.07668962216247924,0.470666287874284
IN.ADM2.00283,rapeseed_mustard,cleaned,9,-0.2769289117489888,0.07668962216247924,0.470666287874284
IN.ADM2.00283,rice,full,16,0.2926191419809762,0.08562596225368271,0.2714075298476626
IN.ADM2.00283,rice,cleaned,16,0.2926191419809762,0.08562596225368271,0.2714075298476626
IN.ADM2.00283,soyabean,full,9,0.18865610324767082,0.03559112529259583,0.6268900147785389
IN.ADM2.00283,soyabean,cleaned,9,0.18865610324767082,0.03559112529259583,0.6268900147785389
IN.ADM2.00283,sugarcane,full,14,0.22571408907654852,0.05094685000765608,0.4378083442233027
IN.ADM2.00283,sugarcane,cleaned,12,0.043318848187864925,0.0018765226083232883,0.8936613008379928
IN.ADM2.00285,groundnut,full,9,0.15033718025582468,0.022601267767272323,0.6994454054361684
IN.ADM2.00285,groundnut,cleaned,9,0.15033718025582468,0.022601267767272323,0.6994454054361684
IN.ADM2.00285,maize,full,16,0.005446289559805792,2.9662069969249566e-05,0.98402906510484
IN.ADM2.00285,maize,cleaned,16,0.005446289559805792,2.9662069969249566e-05,0.98402906510484
IN.ADM2.00285,potato,full,14,-0.18124826471815156,0.03285093346334114,0.535184386715446
IN.ADM2.00285,potato,cleaned,14,-0.18124826471815156,0.03285093346334114,0.535184386715446
IN.ADM2.00285,rapeseed_mustard,full,12,-0.08669657664199001,0.007516296401440448,0.7887689154632187
IN.ADM2.00285,rapeseed_mustard,cleaned,12,-0.08669657664199001,0.007516296401440448,0.7887689154632187
IN.ADM2.00285,rice,full,16,0.19587889113694884,0.03836853999304066,0.4671965653547375
IN.ADM2.00285,rice,cleaned,16,0.19587889113694884,0.03836853999304066,0.4671965653547375
IN.ADM2.00285,sugarcane,full,9,0.8163449089659683,0.6664190103946551,0.007266829542070438
IN.ADM2.00285,sugarcane,cleaned,7,0.8470257223052804,0.717452574246782,0.01616025875034859
IN.ADM2.00286,groundnut,full,9,0.2579725075609837,0.06654981465730181,0.5027421962861499
IN.ADM2.00286,groundnut,cleaned,9,0.2579725075609837,0.06654981465730181,0.5027421962861499
IN.ADM2.00286,maize,full,9,0.04350591389040628,0.001892764543439446,0.911510156641979
IN.ADM2.00286,maize,cleaned,9,0.04350591389040628,0.001892764543439446,0.911510156641979
IN.ADM2.00286,potato,full,14,-0.08626340354065104,0.007441374790417206,0.7693527012037245
IN.ADM2.00286,potato,cleaned,14,-0.08626340354065104,0.007441374790417206,0.7693527012037245
IN.ADM2.00286,rapeseed_mustard,full,9,-0.03950443500550155,0.0015606003851038961,0.9196268137379235
IN.ADM2.00286,rapeseed_mustard,cleaned,9,-0.03950443500550155,0.0015606003851038961,0.9196268137379235
IN.ADM2.00286,rice,full,16,0.02883492206461663,0.000831452730472515,0.915578654974865
IN.ADM2.00286,rice,cleaned,15,0.3384900818624226,0.11457553551922954,0.2171767799300572
IN.ADM2.00286,soyabean,full,12,-0.02572847459431625,0.0006619544049503767,0.9367396819923156
IN.ADM2.00286,soyabean,cleaned,12,-0.02572847459431625,0.0006619544049503767,0.9367396819923156
IN.ADM2.00288,groundnut,full,9,0.2350135112953042,0.05523135049134808,0.542726073844551
IN.ADM2.00288,groundnut,cleaned,9,0.2350135112953042,0.05523135049134808,0.542726073844551
IN.ADM2.00288,maize,full,16,0.10668580940635124,0.011381861928688302,0.6941331329218363
IN.ADM2.00288,maize,cleaned,16,0.10668580940635124,0.011381861928688302,0.6941331329218363
IN.ADM2.00288,potato,full,14,0.002118701908550971,4.488897777297528e-06,0.9942646506332029
IN.ADM2.00288,potato,cleaned,14,0.002118701908550971,4.488897777297528e-06,0.9942646506332029
IN.ADM2.00288,rapeseed_mustard,full,9,-0.24574234244106785,0.06038929886842306,0.5238916428370607
IN.ADM2.00288,rapeseed_mustard,cleaned,9,-0.24574234244106785,0.06038929886842306,0.5238916428370607
IN.ADM2.00288,rice,full,16,0.22978749384968344,0.05280229232971831,0.3919243104782
IN.ADM2.00288,rice,cleaned,16,0.22978749384968344,0.05280229232971831,0.3919243104782
IN.ADM2.00289,arhartur,full,15,0.02847360628601045,0.0008107462549307339,0.9197647369588533
IN.ADM2.00289,arhartur,cleaned,15,0.02847360628601045,0.0008107462549307339,0.9197647369588533
IN.ADM2.00289,cottonlint,full,16,0.028953066211364002,0.0008382800430396279,0.9152339153410689
IN.ADM2.00289,cottonlint,cleaned,16,0.028953066211364002,0.0008382800430396279,0.9152339153410689
IN.ADM2.00289,maize,full,16,-0.2724001844242075,0.07420186047434225,0.3074041353266259
IN.ADM2.00289,maize,cleaned,16,-0.2724001844242075,0.07420186047434225,0.3074041353266259
IN.ADM2.00289,potato,full,15,-0.43171487671550235,0.1863777347774814,0.10808098683872228
IN.ADM2.00289,rice,full,16,-0.18338228668109285,0.033629063068386526,0.4966134255919954
IN.ADM2.00289,rice,cleaned,16,-0.18338228668109285,0.033629063068386526,0.4966134255919954
IN.ADM2.00289,soyabean,full,13,-0.37066052151130424,0.13738922220703204,0.21247688539764165
IN.ADM2.00289,soyabean,cleaned,13,-0.37066052151130424,0.13738922220703204,0.21247688539764165
IN.ADM2.00289,sugarcane,full,16,-0.19662258247209713,0.038660439937996637,0.4654734876671676
IN.ADM2.00291,maize,full,16,-0.06690379030263627,0.004476117156859126,0.8055415086983726
IN.ADM2.00291,maize,cleaned,16,-0.06690379030263627,0.004476117156859126,0.8055415086983726
IN.ADM2.00291,potato,full,15,0.4391799882300814,0.19287906206177446,0.10145235690555238
IN.ADM2.00291,potato,cleaned,15,0.4391799882300814,0.19287906206177446,0.10145235690555238
IN.ADM2.00291,rapeseed_mustard,full,16,-0.0023538283181538805,5.540507751343126e-06,0.9930971991080132
IN.ADM2.00291,rapeseed_mustard,cleaned,16,-0.0023538283181538805,5.540507751343126e-06,0.9930971991080132
IN.ADM2.00291,rice,full,16,0.11742938776528154,0.013789661110928855,0.6649283058606248
IN.ADM2.00291,rice,cleaned,16,0.11742938776528154,0.013789661110928855,0.6649283058606248
IN.ADM2.00291,soyabean,full,13,-0.4735458052807649,0.2242456296990081,0.1021384097854878
IN.ADM2.00291,soyabean,cleaned,13,-0.4735458052807649,0.2242456296990081,0.1021384097854878
IN.ADM2.00291,sugarcane,full,16,-0.11713674299167781,0.01372101655869838,0.6657180823111244
IN.ADM2.00291,sugarcane,cleaned,9,-0.12221653180089458,0.014936880645439075,0.7541008542966204
IN.ADM2.00293,maize,full,16,-0.17513813748318136,0.030673367201077734,0.5164872676306961
IN.ADM2.00293,maize,cleaned,16,-0.17513813748318136,0.030673367201077734,0.5164872676306961
IN.ADM2.00293,potato,full,15,0.5033506482009956,0.2533618750443625,0.05577933564053936
IN.ADM2.00293,potato,cleaned,15,0.5033506482009956,0.2533618750443625,0.05577933564053936
IN.ADM2.00293,rapeseed_mustard,full,16,0.1638352418458903,0.02684198647070136,0.5443149002589918
IN.ADM2.00293,rapeseed_mustard,cleaned,16,0.1638352418458903,0.02684198647070136,0.5443149002589918
IN.ADM2.00293,rice,full,16,0.39702130850534306,0.15762591940729478,0.12784531378979064
IN.ADM2.00293,rice,cleaned,16,0.39702130850534306,0.15762591940729478,0.12784531378979064
IN.ADM2.00293,soyabean,full,13,-0.2938241355347075,0.08633262262271815,0.32986215520841083
IN.ADM2.00293,soyabean,cleaned,13,-0.2938241355347075,0.08633262262271815,0.32986215520841083
IN.ADM2.00293,sugarcane,full,16,-0.3583896220944781,0.12844312122502283,0.17286099946008326
IN.ADM2.00293,sugarcane,cleaned,6,-0.45421636266538734,0.2063125041129747,0.3655307135972107
IN.ADM2.00294,cottonlint,full,16,0.47077686157380044,0.22163085339327726,0.06569636953863608
IN.ADM2.00294,cottonlint,cleaned,16,0.47077686157380044,0.22163085339327726,0.06569636953863608
IN.ADM2.00294,maize,full,16,0.7051655996876242,0.4972585229828066,0.002279635051812755
IN.ADM2.00294,maize,cleaned,15,0.18085174328322,0.03270735304857972,0.5189122430486808
IN.ADM2.00294,potato,full,15,-0.06105458337326188,0.0037276621508825864,0.8288711679062467
IN.ADM2.00294,potato,cleaned,15,-0.06105458337326188,0.0037276621508825864,0.8288711679062467
IN.ADM2.00294,rapeseed_mustard,full,11,0.3613026112759056,0.13053957691478818,0.27495628524069576
IN.ADM2.00294,rapeseed_mustard,cleaned,11,0.3613026112759056,0.13053957691478818,0.27495628524069576
IN.ADM2.00294,rice,full,16,0.7733189212495322,0.5980221539625401,0.00044195368966236127
IN.ADM2.00294,rice,cleaned,14,0.4779204622393848,0.2284079682271072,0.08390774570371953
IN.ADM2.00294,soyabean,full,12,-0.3018331241490194,0.09110323483355737,0.34035249892927155
IN.ADM2.00294,soyabean,cleaned,12,-0.3018331241490194,0.09110323483355737,0.34035249892927155
IN.ADM2.00294,sugarcane,full,15,0.4124510185148327,0.17011584267392285,0.12656278506186
IN.ADM2.00294,sugarcane,cleaned,15,0.4124510185148327,0.17011584267392285,0.12656278506186
IN.ADM2.00295,rice,full,14,0.45930833957445655,0.21096415080264427,0.09849513112808755
IN.ADM2.00295,rice,cleaned,14,0.45930833957445655,0.21096415080264427,0.09849513112808755
IN.ADM2.00296,maize,full,16,0.51636013282577,0.26662778677184684,0.04058576666960728
IN.ADM2.00296,maize,cleaned,16,0.51636013282577,0.26662778677184684,0.04058576666960728
IN.ADM2.00296,rice,full,16,0.7201470739931513,0.5186118081808972,0.0016542275198235196
IN.ADM2.00296,rice,cleaned,15,0.30896155177980755,0.0954572404781867,0.2625066997975338
IN.ADM2.00296,soyabean,full,12,0.4332061985953691,0.18766761050145034,0.1594915032298173
IN.ADM2.00296,soyabean,cleaned,12,0.4332061985953691,0.18766761050145034,0.1594915032298173
IN.ADM2.00297,arhartur,full,16,0.2893757076646545,0.08373830018641958,0.27700123315470093
IN.ADM2.00297,arhartur,cleaned,16,0.2893757076646545,0.08373830018641958,0.27700123315470093
IN.ADM2.00297,bajra,full,13,-0.041476320657518884,0.0017202851752853277,0.8929812988697987
IN.ADM2.00297,bajra,cleaned,11,0.08375749670937228,0.007015318255020509,0.8065826537258144
IN.ADM2.00297,barley,full,12,0.1821984091020904,0.033196260279332694,0.5708834866693154
IN.ADM2.00297,barley,cleaned,12,0.1821984091020904,0.033196260279332694,0.5708834866693154
IN.ADM2.00297,groundnut,full,16,-0.047694598867457735,0.0022747747611277006,0.8607641784876344
IN.ADM2.00297,groundnut,cleaned,15,-0.1401956793020412,0.01965482849496078,0.6182420607328969
IN.ADM2.00297,jowar,full,16,0.0045927931631503105,2.1093749039480235e-05,0.9865316640325029
IN.ADM2.00297,jowar,cleaned,9,-0.012966599400376144,0.000168132700009835,0.9735883614009184
IN.ADM2.00297,maize,full,16,-0.010258116244164714,0.00010522894887879597,0.9699232022236253
IN.ADM2.00297,maize,cleaned,16,-0.010258116244164714,0.00010522894887879597,0.9699232022236253
IN.ADM2.00297,potato,full,15,-0.09601089003050145,0.009218091004449043,0.7335728060504163
IN.ADM2.00297,potato,cleaned,15,-0.09601089003050145,0.009218091004449043,0.7335728060504163
IN.ADM2.00297,ragi,full,8,-0.06612394998070538,0.004372376761050827,0.8763785182628259
IN.ADM2.00297,rapeseed_mustard,full,16,-0.08572492160294015,0.007348762183830235,0.7522561093607907
IN.ADM2.00297,rapeseed_mustard,cleaned,16,-0.08572492160294015,0.007348762183830235,0.7522561093607907
IN.ADM2.00297,rice,full,16,0.10905004850972284,0.011891913079972906,0.687669918821666
IN.ADM2.00297,rice,cleaned,16,0.10905004850972284,0.011891913079972906,0.687669918821666
IN.ADM2.00297,sesamum,full,16,0.34364055932528625,0.11808883401339558,0.19251316520606668
IN.ADM2.00297,sesamum,cleaned,16,0.34364055932528625,0.11808883401339558,0.19251316520606668
IN.ADM2.00297,soyabean,full,16,-0.08186372093613448,0.0067016688055093025,0.7631107092733649
IN.ADM2.00297,soyabean,cleaned,15,-0.16024745796704357,0.025679247784899394,0.5683380101318061
IN.ADM2.00297,sugarcane,full,15,-0.07733284284044405,0.005980368581784818,0.7841346952891928
IN.ADM2.00297,sugarcane,cleaned,15,-0.07733284284044405,0.005980368581784818,0.7841346952891928
IN.ADM2.00297,wheat,full,16,-0.25126885348203093,0.06313603673017433,0.34787025512948033
IN.ADM2.00297,wheat,cleaned,16,-0.25126885348203093,0.06313603673017433,0.34787025512948033
IN.ADM2.00300,arhartur,full,15,0.24337780338361012,0.05923275517983118,0.3820773573552524
IN.ADM2.00300,arhartur,cleaned,14,0.24263021937291848,0.05886942335295055,0.40327016658575854
IN.ADM2.00300,bajra,full,13,-0.036690387580116945,0.0013461845407792,0.9052770462968776
IN.ADM2.00300,bajra,cleaned,8,-0.056921668175955155,0.003240076307933546,0.8935021862672712
IN.ADM2.00300,barley,full,12,-0.027559598749157563,0.0007595314832145671,0.9322461874005084
IN.ADM2.00300,barley,cleaned,8,0.15816217438178012,0.025015273405172626,0.7083543960099461
IN.ADM2.00300,groundnut,full,16,-0.24030931336325792,0.05774856608912049,0.3699839751117894
IN.ADM2.00300,groundnut,cleaned,11,-0.4887784418083789,0.23890436517662686,0.12710324620196067
IN.ADM2.00300,jowar,full,16,-0.14008461178466808,0.019623698458861166,0.6048430289952471
IN.ADM2.00300,jowar,cleaned,9,-0.1939861149698022,0.037630612801077316,0.6169983757070545
IN.ADM2.00300,maize,full,16,-0.05740791485626753,0.0032956686881444627,0.8327487811254282
IN.ADM2.00300,maize,cleaned,15,-0.31041845338425883,0.09635961620147528,0.2601453081906949
IN.ADM2.00300,potato,full,15,-0.24561883556406852,0.06032861238384893,0.37757148008459024
IN.ADM2.00300,potato,cleaned,15,-0.24561883556406852,0.06032861238384893,0.37757148008459024
IN.ADM2.00300,rapeseed_mustard,full,16,-0.302086216512225,0.09125608220667088,0.2554765233130937
IN.ADM2.00300,rapeseed_mustard,cleaned,13,-0.24057319088895554,0.05787546017449384,0.42851657455968495
IN.ADM2.00300,rice,full,16,-0.16561562058667526,0.027428533782309573,0.5398881587047755
IN.ADM2.00300,rice,cleaned,16,-0.16561562058667526,0.027428533782309573,0.5398881587047755
IN.ADM2.00300,sugarcane,full,10,0.09303385992123822,0.008655299091844575,0.7982407562240085
IN.ADM2.00300,sugarcane,cleaned,10,0.09303385992123822,0.008655299091844575,0.7982407562240085
IN.ADM2.00301,bajra,full,13,0.0840524568024924,0.007064815494534852,0.7848519394130163
IN.ADM2.00301,bajra,cleaned,9,0.12227974924861408,0.014952337076303937,0.7539768265964686
IN.ADM2.00301,jowar,full,7,-0.29790078836842326,0.08874487971052811,0.5164065174394467
IN.ADM2.00301,jowar,cleaned,7,-0.29790078836842326,0.08874487971052811,0.5164065174394467
IN.ADM2.00301,maize,full,16,-0.13806874939902986,0.019062979560612106,0.6101010235192501
IN.ADM2.00301,maize,cleaned,16,-0.13806874939902986,0.019062979560612106,0.6101010235192501
IN.ADM2.00301,ragi,full,8,0.06514132886943724,0.004243392726876178,0.8782050938113695
IN.ADM2.00301,rapeseed_mustard,full,16,-0.08748380960386788,0.007653416942805806,0.7473257883305235
IN.ADM2.00301,rapeseed_mustard,cleaned,16,-0.08748380960386788,0.007653416942805806,0.7473257883305235
IN.ADM2.00301,rice,full,16,-0.045824274291833646,0.002099864114373206,0.8661775521801087
IN.ADM2.00301,rice,cleaned,16,-0.045824274291833646,0.002099864114373206,0.8661775521801087
IN.ADM2.00301,soyabean,full,16,-0.0010545841665708724,1.1121477643819817e-06,0.9969073152264982
IN.ADM2.00301,soyabean,cleaned,16,-0.0010545841665708724,1.1121477643819817e-06,0.9969073152264982
IN.ADM2.00301,wheat,full,16,-0.24169947021613525,0.05841863390276045,0.3671369290217825
IN.ADM2.00301,wheat,cleaned,16,-0.24169947021613525,0.05841863390276045,0.3671369290217825
IN.ADM2.00302,bajra,full,13,0.22078828230396919,0.04874746560273719,0.4685300975316578
IN.ADM2.00302,bajra,cleaned,8,0.30311687000148313,0.09187983687949602,0.4655091980938595
IN.ADM2.00302,barley,full,12,-0.06082219293236853,0.00369933915310226,0.8510562183980337
IN.ADM2.00302,barley,cleaned,7,0.09810908837211096,0.00962539322120668,0.8342452594519391
IN.ADM2.00302,jowar,full,16,-0.04857277505019769,0.0023593144760771074,0.8582244184483172
IN.ADM2.00302,jowar,cleaned,13,-0.03522814602591362,0.0012410222724230937,0.9090377541987156
IN.ADM2.00302,maize,full,16,-0.015461509793685886,0.00023905828510024457,0.954678981953381
IN.ADM2.00302,maize,cleaned,16,-0.015461509793685886,0.00023905828510024457,0.954678981953381
IN.ADM2.00302,ragi,full,8,0.03645096585805063,0.0013286729119847728,0.93171495414878
IN.ADM2.00302,rapeseed_mustard,full,16,-0.2110025941244062,0.04452209472722889,0.432782112260913
IN.ADM2.00302,rapeseed_mustard,cleaned,14,-0.21146585268362877,0.04471780685121419,0.4680018951477785
IN.ADM2.00302,rice,full,16,-0.001940171273007038,3.7642645686017507e-06,0.9943102632135161
IN.ADM2.00302,rice,cleaned,16,-0.001940171273007038,3.7642645686017507e-06,0.9943102632135161
IN.ADM2.00302,wheat,full,16,-0.07163895614578888,0.005132140037658263,0.7920502650892068
IN.ADM2.00302,wheat,cleaned,15,-0.26418780740689624,0.0697951975824633,0.3413593234122047
IN.ADM2.00310,groundnut,full,16,0.18526233750825083,0.03432213369902104,0.4921326270828202
IN.ADM2.00310,groundnut,cleaned,16,0.18526233750825083,0.03432213369902104,0.4921326270828202
IN.ADM2.00310,maize,full,16,0.5821633161040138,0.3389141266172219,0.01797910692302657
IN.ADM2.00310,maize,cleaned,16,0.5821633161040138,0.3389141266172219,0.01797910692302657
IN.ADM2.00310,potato,full,16,-0.12233676528443559,0.014966284140259084,0.6517342403905775
IN.ADM2.00310,potato,cleaned,15,0.035172696865449125,0.0012371186047887748,0.9009648656032777
IN.ADM2.00310,ragi,full,6,0.18612105082129757,0.03464104555882403,0.7240421376685322
IN.ADM2.00310,ragi,cleaned,6,0.18612105082129757,0.03464104555882403,0.7240421376685322
IN.ADM2.00310,rapeseed_mustard,full,16,0.273540089106312,0.07482418034828911,0.3053035194321858
IN.ADM2.00310,rapeseed_mustard,cleaned,16,0.273540089106312,0.07482418034828911,0.3053035194321858
IN.ADM2.00310,rice,full,16,0.2587785528221213,0.06696633940071144,0.33315932146072424
IN.ADM2.00310,rice,cleaned,16,0.2587785528221213,0.06696633940071144,0.33315932146072424
IN.ADM2.00310,sesamum,full,16,0.3098589218551972,0.0960125514532652,0.24283812025900592
IN.ADM2.00310,sesamum,cleaned,16,0.3098589218551972,0.0960125514532652,0.24283812025900592
IN.ADM2.00310,sugarcane,full,16,0.3782998215781762,0.14311075500607995,0.14851421488204958
IN.ADM2.00310,sugarcane,cleaned,16,0.3782998215781762,0.14311075500607995,0.14851421488204958
IN.ADM2.00312,groundnut,full,16,0.31360104775586156,0.09834561715357416,0.23689528347199634
IN.ADM2.00312,groundnut,cleaned,16,0.31360104775586156,0.09834561715357416,0.23689528347199634
IN.ADM2.00312,maize,full,16,0.23894778221729246,0.05709604262656263,0.37278416203444786
IN.ADM2.00312,maize,cleaned,16,0.23894778221729246,0.05709604262656263,0.37278416203444786
IN.ADM2.00312,potato,full,16,0.2274267629673008,0.05172293251378482,0.39694118450803345
IN.ADM2.00312,potato,cleaned,16,0.2274267629673008,0.05172293251378482,0.39694118450803345
IN.ADM2.00312,ragi,full,5,0.5846288361844744,0.34179087609841297,0.3005252413592282
IN.ADM2.00312,ragi,cleaned,5,0.5846288361844744,0.34179087609841297,0.3005252413592282
IN.ADM2.00312,rapeseed_mustard,full,16,-0.11728209993170655,0.013755090964390801,0.6653257583642733
IN.ADM2.00312,rapeseed_mustard,cleaned,16,-0.11728209993170655,0.013755090964390801,0.6653257583642733
IN.ADM2.00312,rice,full,16,0.3664144764566405,0.13425956855699395,0.16274953685844346
IN.ADM2.00312,rice,cleaned,16,0.3664144764566405,0.13425956855699395,0.16274953685844346
IN.ADM2.00312,sugarcane,full,15,0.647360295126811,0.4190753517066719,0.009081200493134123
IN.ADM2.00312,sugarcane,cleaned,15,0.647360295126811,0.4190753517066719,0.009081200493134123
IN.ADM2.00316,groundnut,full,16,0.29285735193885065,0.08576542858463583,0.27099943612530275
IN.ADM2.00316,groundnut,cleaned,16,0.29285735193885065,0.08576542858463583,0.27099943612530275
IN.ADM2.00316,maize,full,16,0.6213779557493151,0.3861105638911978,0.010188963085954107
IN.ADM2.00316,maize,cleaned,16,0.6213779557493151,0.3861105638911978,0.010188963085954107
IN.ADM2.00316,potato,full,16,-0.5268523696407912,0.27757341939611685,0.03600708944776061
IN.ADM2.00316,potato,cleaned,16,-0.5268523696407912,0.27757341939611685,0.03600708944776061
IN.ADM2.00316,ragi,full,16,-0.06320602638383653,0.003995001771234239,0.8161130990478853
IN.ADM2.00316,ragi,cleaned,16,-0.06320602638383653,0.003995001771234239,0.8161130990478853
IN.ADM2.00316,rapeseed_mustard,full,16,-0.03739272888418674,0.001398216173406293,0.890647451034861
IN.ADM2.00316,rapeseed_mustard,cleaned,16,-0.03739272888418674,0.001398216173406293,0.890647451034861
IN.ADM2.00316,rice,full,16,0.40543730652609694,0.1643794095231363,0.11923544911973666
IN.ADM2.00316,rice,cleaned,16,0.40543730652609694,0.1643794095231363,0.11923544911973666
IN.ADM2.00321,arhartur,full,16,-0.018526691753969787,0.00034323830734661213,0.9457055835760302
IN.ADM2.00321,arhartur,cleaned,16,-0.018526691753969787,0.00034323830734661213,0.9457055835760302
IN.ADM2.00321,cottonlint,full,12,0.1715705762609872,0.029436462638527228,0.5939143483772454
IN.ADM2.00321,cottonlint,cleaned,12,0.1715705762609872,0.029436462638527228,0.5939143483772454
IN.ADM2.00321,maize,full,16,0.5301794673005877,0.281090267547135,0.034640139793980326
IN.ADM2.00321,maize,cleaned,12,0.5261547791497869,0.27683885162216104,0.07888363913983606
IN.ADM2.00321,rapeseed_mustard,full,16,0.3233374184831571,0.10454708619135226,0.22186427144431603
IN.ADM2.00321,rapeseed_mustard,cleaned,8,0.6335742198902462,0.40141629210953406,0.09167297773902011
IN.ADM2.00321,rice,full,16,0.3334182387260113,0.11116772191515545,0.20695569201528935
IN.ADM2.00321,rice,cleaned,16,0.3334182387260113,0.11116772191515545,0.20695569201528935
IN.ADM2.00321,sesamum,full,16,-0.08128350934722717,0.006607008891800766,0.7647454328325318
IN.ADM2.00321,sesamum,cleaned,16,-0.08128350934722717,0.006607008891800766,0.7647454328325318
IN.ADM2.00321,sugarcane,full,12,-0.5712830034595737,0.3263642700417913,0.052343982127177106
IN.ADM2.00321,sugarcane,cleaned,11,-0.07061293934892636,0.004986187203495153,0.8365510776782644
IN.ADM2.00321,wheat,full,16,0.026883415774026104,0.0007227180436791556,0.9212750657889924
IN.ADM2.00321,wheat,cleaned,16,0.026883415774026104,0.0007227180436791556,0.9212750657889924
IN.ADM2.00324,arhartur,full,11,0.2661363736819097,0.07082856939655706,0.4289285803145611
IN.ADM2.00324,barley,full,16,0.39557418704245473,0.15647893745429894,0.1293678436800325
IN.ADM2.00324,barley,cleaned,16,0.39557418704245473,0.15647893745429894,0.1293678436800325
IN.ADM2.00324,cottonlint,full,16,0.231502213688357,0.0535932749426097,0.3883018315238345
IN.ADM2.00324,cottonlint,cleaned,16,0.231502213688357,0.0535932749426097,0.3883018315238345
IN.ADM2.00324,groundnut,full,5,-0.9537495971065036,0.909638293980818,0.011856897096021465
IN.ADM2.00324,rapeseed_mustard,full,16,0.2612560887941279,0.06825474393200526,0.3283855308239264
IN.ADM2.00324,rapeseed_mustard,cleaned,16,0.2612560887941279,0.06825474393200526,0.3283855308239264
IN.ADM2.00324,rice,full,16,0.3013823314699039,0.09083130972223502,0.25664069090024844
IN.ADM2.00324,rice,cleaned,16,0.3013823314699039,0.09083130972223502,0.25664069090024844
IN.ADM2.00324,sugarcane,full,12,0.0042055570877669625,1.7686710418466936e-05,0.9896506309179189
IN.ADM2.00324,sugarcane,cleaned,11,0.3368918164546613,0.11349609599412121,0.3110170950484837
IN.ADM2.00324,wheat,full,16,0.28122924265625127,0.07908988692500865,0.2913557479272062
IN.ADM2.00324,wheat,cleaned,16,0.28122924265625127,0.07908988692500865,0.2913557479272062
IN.ADM2.00325,maize,full,16,-0.11491196831393898,0.013204760461783715,0.6717329253531381
IN.ADM2.00325,maize,cleaned,16,-0.11491196831393898,0.013204760461783715,0.6717329253531381
IN.ADM2.00325,rapeseed_mustard,full,16,0.6627440501588646,0.4392296760209757,0.005143820820430586
IN.ADM2.00325,rapeseed_mustard,cleaned,16,0.6627440501588646,0.4392296760209757,0.005143820820430586
IN.ADM2.00325,rice,full,16,0.021525860112130812,0.0004633626535670243,0.936931353504215
IN.ADM2.00325,rice,cleaned,16,0.021525860112130812,0.0004633626535670243,0.936931353504215
IN.ADM2.00325,sesamum,full,16,-0.24912372428216034,0.06206263000021384,0.3521386365623428
IN.ADM2.00325,sesamum,cleaned,16,-0.24912372428216034,0.06206263000021384,0.3521386365623428
IN.ADM2.00325,sugarcane,full,12,-0.15982600214900286,0.025544350962933067,0.6197701481524538
IN.ADM2.00325,sugarcane,cleaned,11,0.3675876437198703,0.1351206758155263,0.26607020630563327
IN.ADM2.00325,wheat,full,16,0.04282046791991251,0.0018335924728802562,0.874883205991824
IN.ADM2.00325,wheat,cleaned,15,0.06279630125870578,0.003943375451774133,0.8240586990251332
IN.ADM2.00328,maize,full,16,-0.023353025356955673,0.0005453637933226146,0.9315891543887811
IN.ADM2.00328,maize,cleaned,16,-0.023353025356955673,0.0005453637933226146,0.9315891543887811
IN.ADM2.00328,rapeseed_mustard,full,15,0.2006344226185846,0.04025417153949282,0.473384667433458
IN.ADM2.00328,rice,full,16,0.3308091336858072,0.10943468292995427,0.21075067946322648
IN.ADM2.00328,rice,cleaned,16,0.3308091336858072,0.10943468292995427,0.21075067946322648
IN.ADM2.00328,sesamum,full,5,0.7138459241516151,0.5095760034278733,0.17565185123393046
IN.ADM2.00328,sesamum,cleaned,5,0.7138459241516151,0.5095760034278733,0.17565185123393046
IN.ADM2.00328,sugarcane,full,12,0.04161065381502993,0.0017314465109142649,0.8978348165198629
IN.ADM2.00328,sugarcane,cleaned,11,0.44747219789677484,0.20023136789057042,0.16757507474527783
IN.ADM2.00328,wheat,full,16,0.012856252553691674,0.0001652832297243037,0.9623099928758561
IN.ADM2.00328,wheat,cleaned,16,0.012856252553691674,0.0001652832297243037,0.9623099928758561
IN.ADM2.00329,arhartur,full,16,0.03463739579096947,0.0011997491871802697,0.8986650764186042
IN.ADM2.00329,arhartur,cleaned,15,0.10763685875595246,0.011585693362848858,0.7025930568847025
IN.ADM2.00329,barley,full,16,0.1515427866430723,0.022965216183547733,0.5753072999743734
IN.ADM2.00329,barley,cleaned,16,0.1515427866430723,0.022965216183547733,0.5753072999743734
IN.ADM2.00329,cottonlint,full,12,0.24214300437961686,0.05863323456998715,0.4482966840668357
IN.ADM2.00329,cottonlint,cleaned,12,0.24214300437961686,0.05863323456998715,0.4482966840668357
IN.ADM2.00329,maize,full,16,0.2524384405796753,0.06372516628229825,0.3455553746403225
IN.ADM2.00329,maize,cleaned,16,0.2524384405796753,0.06372516628229825,0.3455553746403225
IN.ADM2.00329,rapeseed_mustard,full,16,-0.25341748391035085,0.06422042115145293,0.3436243459892692
IN.ADM2.00329,rapeseed_mustard,cleaned,12,-0.22388707096726987,0.05012542054630333,0.4842295680225912
IN.ADM2.00329,rice,full,16,-0.2142808869460179,0.04591629851037211,0.4254987613301631
IN.ADM2.00329,rice,cleaned,15,-0.06461546488496937,0.0041751583023007105,0.8190384480038971
IN.ADM2.00329,sugarcane,full,12,0.15921529540624574,0.025349510291298095,0.6211258225466165
IN.ADM2.00329,sugarcane,cleaned,11,-0.11924604200296626,0.014219618533373194,0.7269271219984581
IN.ADM2.00329,wheat,full,16,0.16792980981839994,0.028200421025643973,0.5341581949442917
IN.ADM2.00329,wheat,cleaned,16,0.16792980981839994,0.028200421025643973,0.5341581949442917
IN.ADM2.00332,arhartur,full,16,-0.3214165748350368,0.1033086145786868,0.224780409585603
IN.ADM2.00332,arhartur,cleaned,11,-0.5252196849753212,0.2758557174855757,0.09710174878031605
IN.ADM2.00332,barley,full,16,0.022287042019280084,0.0004967122419691561,0.9347055187525654
IN.ADM2.00332,barley,cleaned,16,0.022287042019280084,0.0004967122419691561,0.9347055187525654
IN.ADM2.00332,cottonlint,full,16,0.3167397165467396,0.10032404803810895,0.23198181202745594
IN.ADM2.00332,cottonlint,cleaned,16,0.3167397165467396,0.10032404803810895,0.23198181202745594
IN.ADM2.00332,groundnut,full,7,-0.5299767835507078,0.2808753911027537,0.22111958277960103
IN.ADM2.00332,groundnut,cleaned,7,-0.5299767835507078,0.2808753911027537,0.22111958277960103
IN.ADM2.00332,maize,full,11,0.2790954434404147,0.07789426654920173,0.4059037661913112
IN.ADM2.00332,maize,cleaned,11,0.2790954434404147,0.07789426654920173,0.4059037661913112
IN.ADM2.00332,rapeseed_mustard,full,16,-0.061957289026060694,0.003838705663458821,0.8196899490220511
IN.ADM2.00332,rapeseed_mustard,cleaned,16,-0.061957289026060694,0.003838705663458821,0.8196899490220511
IN.ADM2.00332,rice,full,16,0.21207794567278684,0.044977055040789526,0.4303859847415541
IN.ADM2.00332,rice,cleaned,16,0.21207794567278684,0.044977055040789526,0.4303859847415541
IN.ADM2.00332,sugarcane,full,12,-0.5001402793320449,0.25014029901033585,0.09774542576991427
IN.ADM2.00332,sugarcane,cleaned,11,-0.10907048215486123,0.011896370077493902,0.7495542031371065
IN.ADM2.00332,wheat,full,16,-0.0691358944567752,0.004779771902338361,0.7991752435931369
IN.ADM2.00332,wheat,cleaned,16,-0.0691358944567752,0.004779771902338361,0.7991752435931369
IN.ADM2.00333,arhartur,full,13,0.5234727043506459,0.2740236722001787,0.06637214370312457
IN.ADM2.00333,arhartur,cleaned,13,0.5234727043506459,0.2740236722001787,0.06637214370312457
IN.ADM2.00333,bajra,full,16,0.48592836000667994,0.23612637105878154,0.056347297424761314
IN.ADM2.00333,bajra,cleaned,16,0.48592836000667994,0.23612637105878154,0.056347297424761314
IN.ADM2.00333,barley,full,16,0.25158002862143913,0.06329251080116413,0.34725351541255545
IN.ADM2.00333,barley,cleaned,16,0.25158002862143913,0.06329251080116413,0.34725351541255545
IN.ADM2.00333,cottonlint,full,16,0.29569820014270753,0.08743742556763673,0.2661613785453727
IN.ADM2.00333,cottonlint,cleaned,16,0.29569820014270753,0.08743742556763673,0.2661613785453727
IN.ADM2.00333,groundnut,full,16,0.5308822477417,0.28183596096727975,0.0343564979310878
IN.ADM2.00333,groundnut,cleaned,16,0.5308822477417,0.28183596096727975,0.0343564979310878
IN.ADM2.00333,jowar,full,16,0.6314010270152938,0.3986672569159677,0.00870878516321827
IN.ADM2.00333,jowar,cleaned,16,0.6314010270152938,0.3986672569159677,0.00870878516321827
IN.ADM2.00333,maize,full,16,0.5479843441989728,0.30028684148717827,0.02798116099992258
IN.ADM2.00333,maize,cleaned,16,0.5479843441989728,0.30028684148717827,0.02798116099992258
IN.ADM2.00333,potato,full,16,0.047308081829052516,0.0022380546063443287,0.8618824255098012
IN.ADM2.00333,potato,cleaned,16,0.047308081829052516,0.0022380546063443287,0.8618824255098012
IN.ADM2.00333,rapeseed_mustard,full,16,-0.0553818559044939,0.0030671499634261257,0.8385779420397914
IN.ADM2.00333,rapeseed_mustard,cleaned,16,-0.0553818559044939,0.0030671499634261257,0.8385779420397914
IN.ADM2.00333,rice,full,16,0.508887083664045,0.25896606392009675,0.04410434783218189
IN.ADM2.00333,rice,cleaned,16,0.508887083664045,0.25896606392009675,0.04410434783218189
IN.ADM2.00333,sesamum,full,16,0.564387294825243,0.31853301856015576,0.02275663034776051
IN.ADM2.00333,sesamum,cleaned,16,0.564387294825243,0.31853301856015576,0.02275663034776051
IN.ADM2.00333,soyabean,full,16,0.2009867430906523,0.040395670898187866,0.45542560425699785
IN.ADM2.00333,soyabean,cleaned,16,0.2009867430906523,0.040395670898187866,0.45542560425699785
IN.ADM2.00333,sugarcane,full,16,0.5278293791974604,0.2786038535439765,0.03560152569225787
IN.ADM2.00333,sugarcane,cleaned,16,0.5278293791974604,0.2786038535439765,0.03560152569225787
IN.ADM2.00333,wheat,full,16,-0.09261441632524156,0.008577430111265171,0.7329972159816891
IN.ADM2.00333,wheat,cleaned,16,-0.09261441632524156,0.008577430111265171,0.7329972159816891
IN.ADM2.00334,arhartur,full,16,0.2662356183205503,0.07088140446252575,0.3189107927937539
IN.ADM2.00334,arhartur,cleaned,15,0.5400242643299711,0.29162620606512646,0.0377077961411871
IN.ADM2.00334,barley,full,16,-0.307006570073774,0.09425303406846312,0.24742982037058564
IN.ADM2.00334,barley,cleaned,16,-0.307006570073774,0.09425303406846312,0.24742982037058564
IN.ADM2.00334,cottonlint,full,16,-0.440269792390345,0.19383749009143753,0.08788133760885683
IN.ADM2.00334,cottonlint,cleaned,16,-0.440269792390345,0.19383749009143753,0.08788133760885683
IN.ADM2.00334,groundnut,full,16,0.5068647074890652,0.25691183169797566,0.04509463624305439
IN.ADM2.00334,groundnut,cleaned,16,0.5068647074890652,0.25691183169797566,0.04509463624305439
IN.ADM2.00334,jowar,full,16,0.5993220082661915,0.35918686959222096,0.014144278583329516
IN.ADM2.00334,jowar,cleaned,16,0.5993220082661915,0.35918686959222096,0.014144278583329516
IN.ADM2.00334,maize,full,16,0.5550912003578455,0.30812624071471384,0.02561570223443311
IN.ADM2.00334,maize,cleaned,16,0.5550912003578455,0.30812624071471384,0.02561570223443311
IN.ADM2.00334,potato,full,16,-0.29241016059361724,0.08550370201838503,0.2717658576733509
IN.ADM2.00334,potato,cleaned,16,-0.29241016059361724,0.08550370201838503,0.2717658576733509
IN.ADM2.00334,rapeseed_mustard,full,16,0.08707833434063025,0.007582636311538586,0.7484615651871345
IN.ADM2.00334,rapeseed_mustard,cleaned,16,0.08707833434063025,0.007582636311538586,0.7484615651871345
IN.ADM2.00334,sesamum,full,16,0.350433140838187,0.12280338619771661,0.18328950416330378
IN.ADM2.00334,sesamum,cleaned,16,0.350433140838187,0.12280338619771661,0.18328950416330378
IN.ADM2.00334,sugarcane,full,16,0.16026284866866244,0.0256841806633946,0.5532452999833399
IN.ADM2.00334,sugarcane,cleaned,16,0.16026284866866244,0.0256841806633946,0.5532452999833399
IN.ADM2.00334,wheat,full,16,-0.07174410577145976,0.0051472167129464055,0.7917512894714063
IN.ADM2.00334,wheat,cleaned,16,-0.07174410577145976,0.0051472167129464055,0.7917512894714063
IN.ADM2.00335,arhartur,full,16,0.46533221000712954,0.21653406567011932,0.0693179333703253
IN.ADM2.00335,arhartur,cleaned,16,0.46533221000712954,0.21653406567011932,0.0693179333703253
IN.ADM2.00335,bajra,full,16,0.37115281506451175,0.13775441213031167,0.15696906876302197
IN.ADM2.00335,bajra,cleaned,16,0.37115281506451175,0.13775441213031167,0.15696906876302197
IN.ADM2.00335,barley,full,16,-0.2054992674726222,0.04222994893178432,0.44515141183303036
IN.ADM2.00335,barley,cleaned,16,-0.2054992674726222,0.04222994893178432,0.44515141183303036
IN.ADM2.00335,cottonlint,full,16,0.3214599434380414,0.10333649523518879,0.22471430245847546
IN.ADM2.00335,cottonlint,cleaned,16,0.3214599434380414,0.10333649523518879,0.22471430245847546
IN.ADM2.00335,groundnut,full,16,0.3772917013483714,0.1423490279063487,0.14968769229398118
IN.ADM2.00335,groundnut,cleaned,16,0.3772917013483714,0.1423490279063487,0.14968769229398118
IN.ADM2.00335,jowar,full,16,0.39715880424296796,0.15773511578770413,0.12770129946104214
IN.ADM2.00335,jowar,cleaned,16,0.39715880424296796,0.15773511578770413,0.12770129946104214
IN.ADM2.00335,maize,full,16,0.5630335863201754,0.31700681932455843,0.023156915612750142
IN.ADM2.00335,maize,cleaned,16,0.5630335863201754,0.31700681932455843,0.023156915612750142
IN.ADM2.00335,potato,full,16,0.2659778710882176,0.07074422790862049,0.31939727694345177
IN.ADM2.00335,potato,cleaned,15,0.35289180942720844,0.12453262916080919,0.1969931857263608
IN.ADM2.00335,rapeseed_mustard,full,16,0.19848778054331168,0.039397399025009855,0.46116580072292324
IN.ADM2.00335,rapeseed_mustard,cleaned,16,0.19848778054331168,0.039397399025009855,0.46116580072292324
IN.ADM2.00335,rice,full,16,0.49134709552452893,0.24142196828039056,0.05325502710360114
IN.ADM2.00335,rice,cleaned,16,0.49134709552452893,0.24142196828039056,0.05325502710360114
IN.ADM2.00335,sesamum,full,16,0.18371552981450884,0.03375139589502569,0.4958177887805263
IN.ADM2.00335,sesamum,cleaned,16,0.18371552981450884,0.03375139589502569,0.4958177887805263
IN.ADM2.00335,soyabean,full,16,0.2647095665076306,0.07007115460065771,0.32179740881170127
IN.ADM2.00335,soyabean,cleaned,16,0.2647095665076306,0.07007115460065771,0.32179740881170127
IN.ADM2.00335,sugarcane,full,16,0.26383679601333826,0.06960985493058386,0.3234550879160827
IN.ADM2.00335,sugarcane,cleaned,16,0.26383679601333826,0.06960985493058386,0.3234550879160827
IN.ADM2.00335,wheat,full,16,0.1975668502129004,0.039032660303046626,0.46329021796737374
IN.ADM2.00335,wheat,cleaned,16,0.1975668502129004,0.039032660303046626,0.46329021796737374
IN.ADM2.00336,bajra,full,16,0.8788141638734787,0.7723143346246414,7.428082502488633e-06
IN.ADM2.00336,bajra,cleaned,16,0.8788141638734787,0.7723143346246414,7.428082502488633e-06
IN.ADM2.00336,barley,full,16,-0.10901900859560877,0.011885144235169419,0.6877546438132077
IN.ADM2.00336,barley,cleaned,16,-0.10901900859560877,0.011885144235169419,0.6877546438132077
IN.ADM2.00336,cottonlint,full,14,0.5194552907681363,0.26983379910700905,0.05694982799727661
IN.ADM2.00336,cottonlint,cleaned,14,0.5194552907681363,0.26983379910700905,0.05694982799727661
IN.ADM2.00336,groundnut,full,16,0.5968378963436481,0.35621547451191127,0.01465580150847047
IN.ADM2.00336,groundnut,cleaned,16,0.5968378963436481,0.35621547451191127,0.01465580150847047
IN.ADM2.00336,jowar,full,15,0.4153122053595118,0.1724842279205813,0.12368997328839924
IN.ADM2.00336,jowar,cleaned,15,0.4153122053595118,0.1724842279205813,0.12368997328839924
IN.ADM2.00336,rapeseed_mustard,full,16,0.14905511479703468,0.022217427247157185,0.5816680551313664
IN.ADM2.00336,rapeseed_mustard,cleaned,16,0.14905511479703468,0.022217427247157185,0.5816680551313664
IN.ADM2.00336,sesamum,full,15,0.6731685429943699,0.4531558872771628,0.005948097337763186
IN.ADM2.00336,sesamum,cleaned,14,0.628254831440436,0.3947041332282507,0.01612410024840736
IN.ADM2.00337,arhartur,full,16,0.11546241969089757,0.013331570360876972,0.6702429834999597
IN.ADM2.00337,arhartur,cleaned,15,0.01026845164464673,0.00010544109917844812,0.9710272904294505
IN.ADM2.00337,barley,full,16,0.1353844564867407,0.018328951058210183,0.6171302944009956
IN.ADM2.00337,barley,cleaned,16,0.1353844564867407,0.018328951058210183,0.6171302944009956
IN.ADM2.00337,cottonlint,full,16,0.11197351798771732,0.012538068730545655,0.6797058956502685
IN.ADM2.00337,cottonlint,cleaned,16,0.11197351798771732,0.012538068730545655,0.6797058956502685
IN.ADM2.00337,jowar,full,16,0.4051994312983714,0.16418657912452359,0.1194731113061614
IN.ADM2.00337,jowar,cleaned,16,0.4051994312983714,0.16418657912452359,0.1194731113061614
IN.ADM2.00337,maize,full,16,0.14911217331459994,0.02223444023060329,0.5815218350752155
IN.ADM2.00337,maize,cleaned,16,0.14911217331459994,0.02223444023060329,0.5815218350752155
IN.ADM2.00337,potato,full,16,-0.1506443918268111,0.022693732788869794,0.5776010451415616
IN.ADM2.00337,potato,cleaned,16,-0.1506443918268111,0.022693732788869794,0.5776010451415616
IN.ADM2.00337,rapeseed_mustard,full,16,-0.37230766815891464,0.1386129997699285,0.15558144562120407
IN.ADM2.00337,rapeseed_mustard,cleaned,16,-0.37230766815891464,0.1386129997699285,0.15558144562120407
IN.ADM2.00337,rice,full,16,0.35603729198135814,0.12676255328141886,0.17590219174301394
IN.ADM2.00337,rice,cleaned,16,0.35603729198135814,0.12676255328141886,0.17590219174301394
IN.ADM2.00337,sesamum,full,16,0.4504666235360562,0.202920178919975,0.07994424094175741
IN.ADM2.00337,sesamum,cleaned,16,0.4504666235360562,0.202920178919975,0.07994424094175741
IN.ADM2.00337,sugarcane,full,16,0.5614368094880421,0.3152112910481121,0.023636015512434813
IN.ADM2.00337,sugarcane,cleaned,15,0.07674231011806704,0.005889382162257574,0.7857475446881885
IN.ADM2.00337,wheat,full,16,0.11166126700508035,0.012468238549179845,0.6805550243874341
IN.ADM2.00337,wheat,cleaned,16,0.11166126700508035,0.012468238549179845,0.6805550243874341
IN.ADM2.00338,arhartur,full,10,-0.11012372333214633,0.01212723444053511,0.7620045574627112
IN.ADM2.00338,arhartur,cleaned,10,-0.11012372333214633,0.01212723444053511,0.7620045574627112
IN.ADM2.00338,bajra,full,16,0.348684774986906,0.12158107230766925,0.18563528148001848
IN.ADM2.00338,bajra,cleaned,16,0.348684774986906,0.12158107230766925,0.18563528148001848
IN.ADM2.00338,barley,full,16,0.25190206121261943,0.06345464844316627,0.3466159075091522
IN.ADM2.00338,barley,cleaned,16,0.25190206121261943,0.06345464844316627,0.3466159075091522
IN.ADM2.00338,cottonlint,full,16,0.7618620826403484,0.580433832965089,0.0006037833781851367
IN.ADM2.00338,cottonlint,cleaned,16,0.7618620826403484,0.580433832965089,0.0006037833781851367
IN.ADM2.00338,groundnut,full,16,0.4469030489547481,0.19972233516504997,0.08265686488315825
IN.ADM2.00338,groundnut,cleaned,16,0.4469030489547481,0.19972233516504997,0.08265686488315825
IN.ADM2.00338,jowar,full,16,0.4423507391172168,0.19567417639754797,0.08621759161701681
IN.ADM2.00338,jowar,cleaned,16,0.4423507391172168,0.19567417639754797,0.08621759161701681
IN.ADM2.00338,maize,full,16,0.5130808662904187,0.2632519753533265,0.04210277183332528
IN.ADM2.00338,maize,cleaned,16,0.5130808662904187,0.2632519753533265,0.04210277183332528
IN.ADM2.00338,potato,full,16,0.43956767823773174,0.19321974375131007,0.0884478344016615
IN.ADM2.00338,potato,cleaned,16,0.43956767823773174,0.19321974375131007,0.0884478344016615
IN.ADM2.00338,rapeseed_mustard,full,16,0.03560026162588997,0.001267378627831814,0.8958621919695062
IN.ADM2.00338,rapeseed_mustard,cleaned,16,0.03560026162588997,0.001267378627831814,0.8958621919695062
IN.ADM2.00338,rice,full,16,0.5100525565842537,0.26015361047813335,0.0435410999575885
IN.ADM2.00338,rice,cleaned,16,0.5100525565842537,0.26015361047813335,0.0435410999575885
IN.ADM2.00338,sesamum,full,16,-0.005308062209545425,2.8175524420404258e-05,0.9844343626843128
IN.ADM2.00338,sesamum,cleaned,16,-0.005308062209545425,2.8175524420404258e-05,0.9844343626843128
IN.ADM2.00338,soyabean,full,16,0.4287425288047434,0.18382015600588622,0.09751542496915791
IN.ADM2.00338,soyabean,cleaned,16,0.4287425288047434,0.18382015600588622,0.09751542496915791
IN.ADM2.00338,sugarcane,full,16,0.34800618193716354,0.12110830266648218,0.18655103037389642
IN.ADM2.00338,sugarcane,cleaned,15,0.20929158698235112,0.04380296838159104,0.4540907632101991
IN.ADM2.00338,wheat,full,16,0.03197951915129046,0.0010226896451477532,0.9064078417241626
IN.ADM2.00338,wheat,cleaned,16,0.03197951915129046,0.0010226896451477532,0.9064078417241626
IN.ADM2.00339,arhartur,full,14,0.42187591542801706,0.1779792880182274,0.13296031693192417
IN.ADM2.00339,arhartur,cleaned,14,0.42187591542801706,0.1779792880182274,0.13296031693192417
IN.ADM2.00339,barley,full,16,0.0010550779128482013,1.1131894021801166e-06,0.9969058672673453
IN.ADM2.00339,barley,cleaned,16,0.0010550779128482013,1.1131894021801166e-06,0.9969058672673453
IN.ADM2.00339,cottonlint,full,16,0.07106554474153817,0.005050311649411564,0.7936811428650578
IN.ADM2.00339,cottonlint,cleaned,16,0.07106554474153817,0.005050311649411564,0.7936811428650578
IN.ADM2.00339,groundnut,full,16,0.5391476270171441,0.2906801637182176,0.031151037882874707
IN.ADM2.00339,groundnut,cleaned,16,0.5391476270171441,0.2906801637182176,0.031151037882874707
IN.ADM2.00339,jowar,full,16,0.5012820535040763,0.2512836971652636,0.04791455496536171
IN.ADM2.00339,jowar,cleaned,16,0.5012820535040763,0.2512836971652636,0.04791455496536171
IN.ADM2.00339,potato,full,16,-0.35625481442652773,0.1269174928020797,0.17561949395060095
IN.ADM2.00339,potato,cleaned,16,-0.35625481442652773,0.1269174928020797,0.17561949395060095
IN.ADM2.00339,rapeseed_mustard,full,16,-0.38923341957870616,0.15150265491693313,0.13618631706667408
IN.ADM2.00339,rapeseed_mustard,cleaned,16,-0.38923341957870616,0.15150265491693313,0.13618631706667408
IN.ADM2.00339,sesamum,full,16,0.7779349233720831,0.6051827450019289,0.0003878010165894166
IN.ADM2.00339,sesamum,cleaned,16,0.7779349233720831,0.6051827450019289,0.0003878010165894166
IN.ADM2.00339,wheat,full,16,-0.08835158300558084,0.007806002219592041,0.7448967074126294
IN.ADM2.00339,wheat,cleaned,16,-0.08835158300558084,0.007806002219592041,0.7448967074126294
IN.ADM2.00340,arhartur,full,16,0.18454542868561313,0.03405701524875672,0.4938389880470244
IN.ADM2.00340,arhartur,cleaned,16,0.18454542868561313,0.03405701524875672,0.4938389880470244
IN.ADM2.00340,barley,full,16,0.013466484927459471,0.0001813462163014931,0.9605222744168613
IN.ADM2.00340,barley,cleaned,16,0.013466484927459471,0.0001813462163014931,0.9605222744168613
IN.ADM2.00340,cottonlint,full,15,0.4460645920341877,0.1989736202666263,0.09559605657857081
IN.ADM2.00340,cottonlint,cleaned,15,0.4460645920341877,0.1989736202666263,0.09559605657857081
IN.ADM2.00340,groundnut,full,16,0.27539170750673064,0.07584059256347268,0.3019094321207575
IN.ADM2.00340,groundnut,cleaned,16,0.27539170750673064,0.07584059256347268,0.3019094321207575
IN.ADM2.00340,jowar,full,16,0.3559527542976774,0.12670236329210272,0.17601214032568857
IN.ADM2.00340,jowar,cleaned,16,0.3559527542976774,0.12670236329210272,0.17601214032568857
IN.ADM2.00340,maize,full,16,0.3774414808422644,0.14246207146040146,0.14951294939886325
IN.ADM2.00340,maize,cleaned,16,0.3774414808422644,0.14246207146040146,0.14951294939886325
IN.ADM2.00340,potato,full,16,-0.019855403223136565,0.0003942370371533419,0.9418175876056404
IN.ADM2.00340,potato,cleaned,16,-0.019855403223136565,0.0003942370371533419,0.9418175876056404
IN.ADM2.00340,rapeseed_mustard,full,16,0.3882080505367099,0.15070549050151272,0.13731160404467274
IN.ADM2.00340,rapeseed_mustard,cleaned,16,0.3882080505367099,0.15070549050151272,0.13731160404467274
IN.ADM2.00340,rice,full,16,0.11495640759764368,0.013214975647755589,0.6716125961020867
IN.ADM2.00340,rice,cleaned,16,0.11495640759764368,0.013214975647755589,0.6716125961020867
IN.ADM2.00340,sesamum,full,16,0.15624355858046207,0.024412049597886284,0.5633683631651332
IN.ADM2.00340,sesamum,cleaned,16,0.15624355858046207,0.024412049597886284,0.5633683631651332
IN.ADM2.00340,soyabean,full,16,0.32612264718231215,0.10635598100519886,0.21767878946827995
IN.ADM2.00340,soyabean,cleaned,16,0.32612264718231215,0.10635598100519886,0.21767878946827995
IN.ADM2.00340,sugarcane,full,16,0.023977022685470334,0.000574897616859559,0.9297653498313198
IN.ADM2.00340,sugarcane,cleaned,16,0.023977022685470334,0.000574897616859559,0.9297653498313198
IN.ADM2.00340,wheat,full,16,0.34425811855122035,0.11851365218842608,0.19166230997250422
IN.ADM2.00340,wheat,cleaned,15,0.6612664721539832,0.43727334719497457,0.007264372610398464
IN.ADM2.00342,groundnut,full,16,0.4132290165938404,0.17075822015511244,0.11163145524549947
IN.ADM2.00342,groundnut,cleaned,16,0.4132290165938404,0.17075822015511244,0.11163145524549947
IN.ADM2.00342,jowar,full,13,0.7032919009654065,0.49461949796353516,0.007319145947266376
IN.ADM2.00342,jowar,cleaned,13,0.7032919009654065,0.49461949796353516,0.007319145947266376
IN.ADM2.00342,sesamum,full,16,0.34906586798813055,0.12184698019430698,0.185122299448843
IN.ADM2.00342,sesamum,cleaned,16,0.34906586798813055,0.12184698019430698,0.185122299448843
IN.ADM2.00342,wheat,full,16,-9.267049181427289e-05,8.58782005309922e-09,0.9997282329275988
IN.ADM2.00342,wheat,cleaned,16,-9.267049181427289e-05,8.58782005309922e-09,0.9997282329275988
IN.ADM2.00343,arhartur,full,16,-0.27487237433542727,0.07555482217279526,0.30285913072306897
IN.ADM2.00343,arhartur,cleaned,9,-0.26244180686184104,0.06887570198890787,0.495101231598249
IN.ADM2.00343,barley,full,16,0.2743740706879686,0.07528113066588639,0.30377202876948584
IN.ADM2.00343,barley,cleaned,15,0.48783515927960763,0.23798314262936016,0.06507384237882766
IN.ADM2.00343,cottonlint,full,12,-0.1870211375925777,0.034976905906421885,0.560552212163605
IN.ADM2.00343,cottonlint,cleaned,12,-0.1870211375925777,0.034976905906421885,0.560552212163605
IN.ADM2.00343,jowar,full,16,0.07697865800888656,0.005925713788849115,0.7769028644570248
IN.ADM2.00343,jowar,cleaned,16,0.07697865800888656,0.005925713788849115,0.7769028644570248
IN.ADM2.00343,potato,full,16,-0.16355229643279567,0.02674935366844107,0.5450198891427231
IN.ADM2.00343,potato,cleaned,16,-0.16355229643279567,0.02674935366844107,0.5450198891427231
IN.ADM2.00343,rapeseed_mustard,full,16,-0.01796754806357756,0.0003228327834169697,0.9473420646332449
IN.ADM2.00343,rapeseed_mustard,cleaned,16,-0.01796754806357756,0.0003228327834169697,0.9473420646332449
IN.ADM2.00343,rice,full,16,-0.1493802556351735,0.02231446077362978,0.5808350428500809
IN.ADM2.00343,rice,cleaned,16,-0.1493802556351735,0.02231446077362978,0.5808350428500809
IN.ADM2.00343,sesamum,full,16,-0.10678500314148852,0.011403036895927712,0.6938615620649148
IN.ADM2.00343,sesamum,cleaned,15,-0.4399927275135745,0.1935936002648346,0.10074827228766552
IN.ADM2.00343,sugarcane,full,16,0.6176369339937927,0.38147538223325267,0.010789647090627607
IN.ADM2.00343,sugarcane,cleaned,16,0.6176369339937927,0.38147538223325267,0.010789647090627607
IN.ADM2.00343,wheat,full,16,0.4187734567183189,0.1753712080518097,0.10643179155782816
IN.ADM2.00343,wheat,cleaned,16,0.4187734567183189,0.1753712080518097,0.10643179155782816
IN.ADM2.00344,arhartur,full,16,0.4635075128470534,0.21483921446566134,0.07056356098360714
IN.ADM2.00344,arhartur,cleaned,16,0.4635075128470534,0.21483921446566134,0.07056356098360714
IN.ADM2.00344,bajra,full,16,0.48049684300223244,0.230877216135112,0.0595779149934398
IN.ADM2.00344,bajra,cleaned,16,0.48049684300223244,0.230877216135112,0.0595779149934398
IN.ADM2.00344,barley,full,16,-0.6163795360976838,0.3799237325199959,0.010997684273378102
IN.ADM2.00344,barley,cleaned,16,-0.6163795360976838,0.3799237325199959,0.010997684273378102
IN.ADM2.00344,cottonlint,full,16,0.6509039853053424,0.42367599808637746,0.0063179654583956565
IN.ADM2.00344,cottonlint,cleaned,15,0.7088747244044795,0.5025033748995268,0.0030889881104139497
IN.ADM2.00344,groundnut,full,16,0.6436198761130466,0.41424654492777346,0.007140293147859048
IN.ADM2.00344,groundnut,cleaned,16,0.6436198761130466,0.41424654492777346,0.007140293147859048
IN.ADM2.00344,jowar,full,16,0.6347406820011146,0.40289573338724005,0.008255362322336956
IN.ADM2.00344,jowar,cleaned,16,0.6347406820011146,0.40289573338724005,0.008255362322336956
IN.ADM2.00344,maize,full,16,0.3724920659305544,0.1387503391812125,0.15536064859761695
IN.ADM2.00344,maize,cleaned,16,0.3724920659305544,0.1387503391812125,0.15536064859761695
IN.ADM2.00344,rapeseed_mustard,full,16,0.07019968018098635,0.004927995097512768,0.7961453236438767
IN.ADM2.00344,rapeseed_mustard,cleaned,15,-0.05929460256401276,0.0035158498932242287,0.833739840703624
IN.ADM2.00344,rice,full,16,0.5984718690969144,0.35816857810035424,0.01431774092767674
IN.ADM2.00344,rice,cleaned,16,0.5984718690969144,0.35816857810035424,0.01431774092767674
IN.ADM2.00344,sugarcane,full,16,0.5246774059692428,0.27528638033461367,0.03692246502216045
IN.ADM2.00344,sugarcane,cleaned,16,0.5246774059692428,0.27528638033461367,0.03692246502216045
IN.ADM2.00347,barley,full,16,-0.16348806695103646,0.026728348035386578,0.5451799798488827
IN.ADM2.00347,barley,cleaned,15,0.11345892355931858,0.012872927335239297,0.6872374035237605
IN.ADM2.00347,groundnut,full,16,0.14467045709936174,0.020929541157338267,0.5929496325136125
IN.ADM2.00347,groundnut,cleaned,16,0.14467045709936174,0.020929541157338267,0.5929496325136125
IN.ADM2.00347,jowar,full,15,0.6161898486455657,0.3796899295738452,0.014441193137607786
IN.ADM2.00347,jowar,cleaned,15,0.6161898486455657,0.3796899295738452,0.014441193137607786
IN.ADM2.00347,rapeseed_mustard,full,16,-0.0033275941851407947,1.107288306098283e-05,0.9902416562068274
IN.ADM2.00347,rapeseed_mustard,cleaned,16,-0.0033275941851407947,1.107288306098283e-05,0.9902416562068274
IN.ADM2.00347,sesamum,full,16,0.5365528861884165,0.2878889996771198,0.032131738098834024
IN.ADM2.00347,sesamum,cleaned,16,0.5365528861884165,0.2878889996771198,0.032131738098834024
IN.ADM2.00348,bajra,full,16,0.7881568545816457,0.6211912274240334,0.00028714470666602466
IN.ADM2.00348,bajra,cleaned,16,0.7881568545816457,0.6211912274240334,0.00028714470666602466
IN.ADM2.00348,barley,full,16,-0.11745886575884605,0.013796585145354617,0.6648487702801462
IN.ADM2.00348,barley,cleaned,15,-0.16128959061392473,0.026014332040407435,0.5657915225615704
IN.ADM2.00348,cottonlint,full,16,0.4262172597386937,0.18166115249916107,0.09972205531080022
IN.ADM2.00348,cottonlint,cleaned,15,0.5879348598663778,0.34566739944609737,0.021161783001554257
IN.ADM2.00348,groundnut,full,16,0.5230906667799966,0.27362384567234144,0.03760127934404653
IN.ADM2.00348,groundnut,cleaned,16,0.5230906667799966,0.27362384567234144,0.03760127934404653
IN.ADM2.00348,jowar,full,16,0.786748095386808,0.61897256559477,0.00029956846094338774
IN.ADM2.00348,jowar,cleaned,16,0.786748095386808,0.61897256559477,0.00029956846094338774
IN.ADM2.00348,maize,full,16,0.7937889479272903,0.6301008938515144,0.00024164968547483459
IN.ADM2.00348,maize,cleaned,16,0.7937889479272903,0.6301008938515144,0.00024164968547483459
IN.ADM2.00348,potato,full,16,-0.2364277436829022,0.055898077982988105,0.3779976203022698
IN.ADM2.00348,potato,cleaned,16,-0.2364277436829022,0.055898077982988105,0.3779976203022698
IN.ADM2.00348,rapeseed_mustard,full,16,-0.19107026564317792,0.03650784641295458,0.4784131475716259
IN.ADM2.00348,rapeseed_mustard,cleaned,16,-0.19107026564317792,0.03650784641295458,0.4784131475716259
IN.ADM2.00348,sesamum,full,14,0.643177398191148,0.41367716554393463,0.013087585234059614
IN.ADM2.00348,sesamum,cleaned,14,0.643177398191148,0.41367716554393463,0.013087585234059614
IN.ADM2.00349,arhartur,full,16,0.6269547540433046,0.39307226361750053,0.009342794593745344
IN.ADM2.00349,arhartur,cleaned,16,0.6269547540433046,0.39307226361750053,0.009342794593745344
IN.ADM2.00349,bajra,full,16,0.22811461549630863,0.052036277803028726,0.3954758663809736
IN.ADM2.00349,bajra,cleaned,16,0.22811461549630863,0.052036277803028726,0.3954758663809736
IN.ADM2.00349,barley,full,16,0.02032002804422084,0.0004129035397179214,0.940458316597141
IN.ADM2.00349,barley,cleaned,16,0.02032002804422084,0.0004129035397179214,0.940458316597141
IN.ADM2.00349,cottonlint,full,14,-0.15708388505670492,0.024675346944508084,0.5917481008714011
IN.ADM2.00349,cottonlint,cleaned,14,-0.15708388505670492,0.024675346944508084,0.5917481008714011
IN.ADM2.00349,groundnut,full,16,-0.03165514855159726,0.0010020484298236903,0.90735333309888
IN.ADM2.00349,groundnut,cleaned,16,-0.03165514855159726,0.0010020484298236903,0.90735333309888
IN.ADM2.00349,jowar,full,16,0.5158971774874961,0.26614989773956504,0.04079740308514956
IN.ADM2.00349,jowar,cleaned,16,0.5158971774874961,0.26614989773956504,0.04079740308514956
IN.ADM2.00349,maize,full,16,0.597954861863642,0.35755001682636717,0.014424041076453722
IN.ADM2.00349,maize,cleaned,16,0.597954861863642,0.35755001682636717,0.014424041076453722
IN.ADM2.00349,potato,full,16,0.21258104166024472,0.0451906992733547,0.4292673257244553
IN.ADM2.00349,potato,cleaned,16,0.21258104166024472,0.0451906992733547,0.4292673257244553
IN.ADM2.00349,rapeseed_mustard,full,16,0.3968009341713018,0.15745098135921778,0.1280763696395855
IN.ADM2.00349,rapeseed_mustard,cleaned,16,0.3968009341713018,0.15745098135921778,0.1280763696395855
IN.ADM2.00349,rice,full,16,0.43853784600702617,0.1923154423804822,0.08928346558676575
IN.ADM2.00349,rice,cleaned,15,0.5590244275295609,0.3125083105747533,0.030279201401816537
IN.ADM2.00349,sesamum,full,16,0.5974164116859388,0.3569063689517032,0.01453540449621166
IN.ADM2.00349,sesamum,cleaned,16,0.5974164116859388,0.3569063689517032,0.01453540449621166
IN.ADM2.00349,soyabean,full,16,0.49351423481245926,0.24355629996252717,0.05205419468436617
IN.ADM2.00349,soyabean,cleaned,16,0.49351423481245926,0.24355629996252717,0.05205419468436617
IN.ADM2.00349,sugarcane,full,16,0.23343633235424355,0.05449252126300085,0.3842376850449223
IN.ADM2.00349,sugarcane,cleaned,16,0.23343633235424355,0.05449252126300085,0.3842376850449223
IN.ADM2.00349,wheat,full,16,0.2036154121201505,0.04145923605285873,0.44942625925554347
IN.ADM2.00349,wheat,cleaned,16,0.2036154121201505,0.04145923605285873,0.44942625925554347
IN.ADM2.00350,arhartur,full,10,0.18486467122164446,0.034174946665886705,0.6091475145712019
IN.ADM2.00350,arhartur,cleaned,10,0.18486467122164446,0.034174946665886705,0.6091475145712019
IN.ADM2.00350,barley,full,16,-0.11311193313395188,0.0127943094172996,0.6766131749249762
IN.ADM2.00350,barley,cleaned,16,-0.11311193313395188,0.0127943094172996,0.6766131749249762
IN.ADM2.00350,cottonlint,full,16,0.43725030201766624,0.19118782661454034,0.09033612628574579
IN.ADM2.00350,cottonlint,cleaned,16,0.43725030201766624,0.19118782661454034,0.09033612628574579
IN.ADM2.00350,groundnut,full,16,0.6886008233274105,0.47417109388718753,0.003181184262334721
IN.ADM2.00350,groundnut,cleaned,16,0.6886008233274105,0.47417109388718753,0.003181184262334721
IN.ADM2.00350,jowar,full,16,0.5504804734408045,0.3030287516396123,0.027132089193379234
IN.ADM2.00350,jowar,cleaned,16,0.5504804734408045,0.3030287516396123,0.027132089193379234
IN.ADM2.00350,rapeseed_mustard,full,16,-0.24788709471785772,0.061448011727660165,0.35461259615756147
IN.ADM2.00350,rapeseed_mustard,cleaned,16,-0.24788709471785772,0.061448011727660165,0.35461259615756147
IN.ADM2.00350,sesamum,full,16,0.4411095191188463,0.19457760785725986,0.08720722359251708
IN.ADM2.00350,sesamum,cleaned,16,0.4411095191188463,0.19457760785725986,0.08720722359251708
IN.ADM2.00350,sugarcane,full,16,0.3606226678155263,0.13004870854238745,0.17000649683154354
IN.ADM2.00350,sugarcane,cleaned,16,0.3606226678155263,0.13004870854238745,0.17000649683154354
IN.ADM2.00350,wheat,full,16,-0.2884845728469589,0.08322334877069233,0.27855022335481805
IN.ADM2.00350,wheat,cleaned,16,-0.2884845728469589,0.08322334877069233,0.27855022335481805
IN.ADM2.00351,bajra,full,16,0.6315119026108895,0.3988072831392256,0.008693422125882786
IN.ADM2.00351,bajra,cleaned,16,0.6315119026108895,0.3988072831392256,0.008693422125882786
IN.ADM2.00351,barley,full,16,0.10240917518294879,0.010487639161651893,0.7058744175739886
IN.ADM2.00351,barley,cleaned,16,0.10240917518294879,0.010487639161651893,0.7058744175739886
IN.ADM2.00351,groundnut,full,16,0.1850968555957976,0.034260845951451555,0.49252625171960207
IN.ADM2.00351,groundnut,cleaned,16,0.1850968555957976,0.034260845951451555,0.49252625171960207
IN.ADM2.00351,jowar,full,16,0.4779910622057017,0.228475455548535,0.06111340398173011
IN.ADM2.00351,jowar,cleaned,16,0.4779910622057017,0.228475455548535,0.06111340398173011
IN.ADM2.00351,maize,full,16,0.4102208200913428,0.16828112123641384,0.11452577987917541
IN.ADM2.00351,maize,cleaned,16,0.4102208200913428,0.16828112123641384,0.11452577987917541
IN.ADM2.00351,rapeseed_mustard,full,16,0.008232022105785324,6.776618795013823e-05,0.9758619020892938
IN.ADM2.00351,rapeseed_mustard,cleaned,16,0.008232022105785324,6.776618795013823e-05,0.9758619020892938
IN.ADM2.00351,sesamum,full,16,0.660290694677961,0.4359838014783043,0.005371476891215104
IN.ADM2.00351,sesamum,cleaned,16,0.660290694677961,0.4359838014783043,0.005371476891215104
IN.ADM2.00357,arhartur,full,15,0.6797120530124283,0.4620084750103702,0.005309295308065119
IN.ADM2.00357,arhartur,cleaned,15,0.6797120530124283,0.4620084750103702,0.005309295308065119
IN.ADM2.00357,bajra,full,16,0.42138615881646846,0.177566294842098,0.10404159716108904
IN.ADM2.00357,bajra,cleaned,16,0.42138615881646846,0.177566294842098,0.10404159716108904
IN.ADM2.00357,barley,full,16,-0.2576647338236382,0.06639111505640632,0.3353183469428274
IN.ADM2.00357,barley,cleaned,16,-0.2576647338236382,0.06639111505640632,0.3353183469428274
IN.ADM2.00357,cottonlint,full,16,0.36020708264653895,0.12974914238873053,0.17053534839976642
IN.ADM2.00357,cottonlint,cleaned,16,0.36020708264653895,0.12974914238873053,0.17053534839976642
IN.ADM2.00357,groundnut,full,16,0.425592601259659,0.18112906224696307,0.1002733000621161
IN.ADM2.00357,groundnut,cleaned,16,0.425592601259659,0.18112906224696307,0.1002733000621161
IN.ADM2.00357,jowar,full,15,0.42925162700773484,0.18425695928878752,0.11033273138227241
IN.ADM2.00357,jowar,cleaned,15,0.42925162700773484,0.18425695928878752,0.11033273138227241
IN.ADM2.00357,maize,full,16,0.5309477307425235,0.2819054927806353,0.03433015890345618
IN.ADM2.00357,maize,cleaned,16,0.5309477307425235,0.2819054927806353,0.03433015890345618
IN.ADM2.00357,potato,full,16,-0.16257508051287037,0.026430656803766283,0.5474578189671584
IN.ADM2.00357,potato,cleaned,14,-0.1599293399075464,0.025577393763263515,0.584965599374063
IN.ADM2.00357,rapeseed_mustard,full,16,0.302568339036707,0.09154759978743167,0.25468101617748606
IN.ADM2.00357,rapeseed_mustard,cleaned,16,0.302568339036707,0.09154759978743167,0.25468101617748606
IN.ADM2.00360,barley,full,16,0.32008402694797494,0.10245378430723195,0.226817636014719
IN.ADM2.00360,barley,cleaned,16,0.32008402694797494,0.10245378430723195,0.226817636014719
IN.ADM2.00360,maize,full,16,-0.18666595463421282,0.034844178619501995,0.48879994175285824
IN.ADM2.00360,maize,cleaned,15,-0.32798884843205145,0.10757668469578321,0.2326878135457523
IN.ADM2.00360,rapeseed_mustard,full,16,-0.3961094114938201,0.15690266587398052,0.12880328039672886
IN.ADM2.00360,rapeseed_mustard,cleaned,15,-0.24461038507862432,0.05983424048831287,0.3795955220285518
IN.ADM2.00360,rice,full,16,-0.38898283609371936,0.15130764677551334,0.13646073357195942
IN.ADM2.00360,rice,cleaned,15,-0.22607168256045135,0.05110840565571348,0.41783516430153755
IN.ADM2.00360,soyabean,full,16,0.0964538627745333,0.0093033476441285,0.7223280761559296
IN.ADM2.00360,soyabean,cleaned,15,0.045096206452119404,0.002033667836372176,0.8732084477963479
IN.ADM2.00361,barley,full,16,-0.0322736122509477,0.0010415860477245215,0.9055507064889031
IN.ADM2.00361,barley,cleaned,16,-0.0322736122509477,0.0010415860477245215,0.9055507064889031
IN.ADM2.00361,rapeseed_mustard,full,16,0.007983549997523369,6.373707056295538e-05,0.976590288287985
IN.ADM2.00361,rapeseed_mustard,cleaned,15,-0.41136049067586017,0.16921745328908444,0.12766964993505997
IN.ADM2.00361,rice,full,16,-0.20701939000241906,0.042857027836973684,0.44171702195904605
IN.ADM2.00361,rice,cleaned,15,-0.12211242541624365,0.014911444441037668,0.6646234582248698
IN.ADM2.00363,barley,full,16,0.08182747638040301,0.006695735890785413,0.7632127995014069
IN.ADM2.00363,barley,cleaned,16,0.08182747638040301,0.006695735890785413,0.7632127995014069
IN.ADM2.00363,maize,full,16,-0.3460925935905971,0.1197800833382662,0.18914931869131957
IN.ADM2.00363,maize,cleaned,16,-0.3460925935905971,0.1197800833382662,0.18914931869131957
IN.ADM2.00363,rapeseed_mustard,full,16,-0.18034129947094607,0.03252298429486945,0.5039017686952681
IN.ADM2.00363,rapeseed_mustard,cleaned,16,-0.18034129947094607,0.03252298429486945,0.5039017686952681
IN.ADM2.00363,rice,full,16,0.22124257790345297,0.04894827827736546,0.41024514386727995
IN.ADM2.00363,rice,cleaned,14,0.18501335024224708,0.03422993976786039,0.526590441126558
IN.ADM2.00363,soyabean,full,16,0.3635221119700812,0.13214832589118827,0.16634717399760268
IN.ADM2.00363,soyabean,cleaned,15,0.25270750151178756,0.06386108132033011,0.36350989227417885
IN.ADM2.00364,arhartur,full,14,0.1494289365290004,0.022329007072188035,0.6101480129750971
IN.ADM2.00364,arhartur,cleaned,14,0.1494289365290004,0.022329007072188035,0.6101480129750971
IN.ADM2.00364,bajra,full,14,-0.1612379454118836,0.025997675040645558,0.5818569543908787
IN.ADM2.00364,bajra,cleaned,14,-0.1612379454118836,0.025997675040645558,0.5818569543908787
IN.ADM2.00364,cottonlint,full,14,-0.10376292733622011,0.010766745089381694,0.7240863313610636
IN.ADM2.00364,cottonlint,cleaned,14,-0.10376292733622011,0.010766745089381694,0.7240863313610636
IN.ADM2.00364,groundnut,full,16,-0.0951584666363389,0.009055133772579223,0.7259225003284641
IN.ADM2.00364,groundnut,cleaned,16,-0.0951584666363389,0.009055133772579223,0.7259225003284641
IN.ADM2.00364,jowar,full,14,-0.1294027700822457,0.016745076904958547,0.6592848067556789
IN.ADM2.00364,jowar,cleaned,14,-0.1294027700822457,0.016745076904958547,0.6592848067556789
IN.ADM2.00364,ragi,full,16,0.06775266230396719,0.004590423249275417,0.8031190387127689
IN.ADM2.00364,ragi,cleaned,16,0.06775266230396719,0.004590423249275417,0.8031190387127689
IN.ADM2.00364,rice,full,16,0.2989838385364578,0.08939133570599468,0.26063211144441906
IN.ADM2.00364,rice,cleaned,16,0.2989838385364578,0.08939133570599468,0.26063211144441906
IN.ADM2.00364,sesamum,full,16,0.06411407000083567,0.004110613972072057,0.8135142543861296
IN.ADM2.00364,sesamum,cleaned,16,0.06411407000083567,0.004110613972072057,0.8135142543861296
IN.ADM2.00364,sugarcane,full,16,0.20388358906480492,0.04156851788994624,0.44881645306201745
IN.ADM2.00364,sugarcane,cleaned,16,0.20388358906480492,0.04156851788994624,0.44881645306201745
IN.ADM2.00365,arhartur,full,14,-0.09201392432167198,0.008466562269074378,0.7543947532607467
IN.ADM2.00365,arhartur,cleaned,14,-0.09201392432167198,0.008466562269074378,0.7543947532607467
IN.ADM2.00365,bajra,full,14,0.08127264592545405,0.006605242975724223,0.7823953065318991
IN.ADM2.00365,bajra,cleaned,14,0.08127264592545405,0.006605242975724223,0.7823953065318991
IN.ADM2.00365,cottonlint,full,16,0.004913811151588322,2.4145540033473753e-05,0.985590368825777
IN.ADM2.00365,cottonlint,cleaned,15,0.2804721564396141,0.07866463053788736,0.31128049438276884
IN.ADM2.00365,groundnut,full,16,-0.19273664843574606,0.037147415650244375,0.4745114308859533
IN.ADM2.00365,groundnut,cleaned,16,-0.19273664843574606,0.037147415650244375,0.4745114308859533
IN.ADM2.00365,jowar,full,14,0.2672371446930986,0.07141569150372012,0.3556734348157361
IN.ADM2.00365,jowar,cleaned,14,0.2672371446930986,0.07141569150372012,0.3556734348157361
IN.ADM2.00365,maize,full,14,0.36969741071152884,0.13667617548680883,0.19325998275461087
IN.ADM2.00365,maize,cleaned,14,0.36969741071152884,0.13667617548680883,0.19325998275461087
IN.ADM2.00365,ragi,full,16,-0.3286024298128397,0.10797955687890225,0.21399501584031383
IN.ADM2.00365,ragi,cleaned,15,-0.4072660285751166,0.16586561803134772,0.131884424860023
IN.ADM2.00365,rice,full,16,-0.025785626176192622,0.0006648985172983501,0.9244810876716888
IN.ADM2.00365,rice,cleaned,16,-0.025785626176192622,0.0006648985172983501,0.9244810876716888
IN.ADM2.00365,sesamum,full,16,0.32889374916368963,0.108171098238948,0.2135648916770434
IN.ADM2.00365,sesamum,cleaned,16,0.32889374916368963,0.108171098238948,0.2135648916770434
IN.ADM2.00365,sugarcane,full,16,0.056423555348521184,0.0031836175981676336,0.8355798738026163
IN.ADM2.00365,sugarcane,cleaned,16,0.056423555348521184,0.0031836175981676336,0.8355798738026163
IN.ADM2.00366,arhartur,full,14,0.4305226420482722,0.1853497453162247,0.12436890915157794
IN.ADM2.00366,arhartur,cleaned,14,0.4305226420482722,0.1853497453162247,0.12436890915157794
IN.ADM2.00366,bajra,full,14,0.41857381861579057,0.17520404163060474,0.13634383320644605
IN.ADM2.00366,bajra,cleaned,14,0.41857381861579057,0.17520404163060474,0.13634383320644605
IN.ADM2.00366,cottonlint,full,16,0.3639503828671631,0.13245988118915458,0.16581115601242952
IN.ADM2.00366,cottonlint,cleaned,16,0.3639503828671631,0.13245988118915458,0.16581115601242952
IN.ADM2.00366,groundnut,full,16,0.3722104781822436,0.13854064006865446,0.155697905460437
IN.ADM2.00366,groundnut,cleaned,15,0.34439470917371307,0.1186077157068464,0.20874976141941357
IN.ADM2.00366,jowar,full,14,0.14147577265042233,0.020015394247033986,0.6294939640507815
IN.ADM2.00366,jowar,cleaned,14,0.14147577265042233,0.020015394247033986,0.6294939640507815
IN.ADM2.00366,maize,full,14,0.5482759399619724,0.3006065063411844,0.04235667812047677
IN.ADM2.00366,maize,cleaned,13,0.54197721109064,0.29373929734158816,0.05570960097008345
IN.ADM2.00366,potato,full,13,-0.06941076179161987,0.004817853852492997,0.8217324279566823
IN.ADM2.00366,potato,cleaned,13,-0.06941076179161987,0.004817853852492997,0.8217324279566823
IN.ADM2.00366,ragi,full,16,0.2440441295344465,0.05955753716022571,0.3623626346911001
IN.ADM2.00366,ragi,cleaned,15,0.027945663698538292,0.0007809601195518009,0.9212481194901307
IN.ADM2.00366,rice,full,16,-0.11055497283776905,0.012222402019159853,0.6835663472760583
IN.ADM2.00366,rice,cleaned,16,-0.11055497283776905,0.012222402019159853,0.6835663472760583
IN.ADM2.00366,sesamum,full,16,0.5666648079016282,0.3211090045141892,0.022095226641010157
IN.ADM2.00366,sesamum,cleaned,15,0.5793028694673031,0.33559181457305126,0.023628052481100975
IN.ADM2.00366,sugarcane,full,16,0.46781656458933185,0.2188523381041645,0.06764784375539422
IN.ADM2.00366,sugarcane,cleaned,16,0.46781656458933185,0.2188523381041645,0.06764784375539422
IN.ADM2.00367,arhartur,full,14,0.33066440540012687,0.10933894899861946,0.24819944953884615
IN.ADM2.00367,arhartur,cleaned,14,0.33066440540012687,0.10933894899861946,0.24819944953884615
IN.ADM2.00367,bajra,full,14,0.20890672399336402,0.04364201932963958,0.47352863597248845
IN.ADM2.00367,bajra,cleaned,14,0.20890672399336402,0.04364201932963958,0.47352863597248845
IN.ADM2.00367,cottonlint,full,16,0.22852119319946074,0.05222193574130526,0.39461110924517817
IN.ADM2.00367,cottonlint,cleaned,16,0.22852119319946074,0.05222193574130526,0.39461110924517817
IN.ADM2.00367,groundnut,full,16,0.37276728065831044,0.1389554455293916,0.15503150061398088
IN.ADM2.00367,groundnut,cleaned,16,0.37276728065831044,0.1389554455293916,0.15503150061398088
IN.ADM2.00367,jowar,full,14,0.15634866702125388,0.02444490567932292,0.5935056689851832
IN.ADM2.00367,jowar,cleaned,14,0.15634866702125388,0.02444490567932292,0.5935056689851832
IN.ADM2.00367,maize,full,14,0.29970147731865066,0.08982097550698168,0.29787198272815224
IN.ADM2.00367,maize,cleaned,14,0.29970147731865066,0.08982097550698168,0.29787198272815224
IN.ADM2.00367,potato,full,13,-0.6201979573493378,0.38464550630029104,0.023735751660632083
IN.ADM2.00367,potato,cleaned,13,-0.6201979573493378,0.38464550630029104,0.023735751660632083
IN.ADM2.00367,ragi,full,16,0.1314052764507624,0.01726734667910129,0.6276078769155902
IN.ADM2.00367,ragi,cleaned,16,0.1314052764507624,0.01726734667910129,0.6276078769155902
IN.ADM2.00367,rice,full,16,0.20753030845316287,0.04306882892666492,0.44056574537299564
IN.ADM2.00367,rice,cleaned,16,0.20753030845316287,0.04306882892666492,0.44056574537299564
IN.ADM2.00367,sesamum,full,16,0.6384124908605986,0.4075705084868339,0.007778646599296659
IN.ADM2.00367,sesamum,cleaned,16,0.6384124908605986,0.4075705084868339,0.007778646599296659
IN.ADM2.00367,sugarcane,full,16,0.70993218996942,0.5040037143547766,0.0020628093074631895
IN.ADM2.00367,sugarcane,cleaned,16,0.70993218996942,0.5040037143547766,0.0020628093074631895
IN.ADM2.00368,arhartur,full,14,0.10637516479610053,0.011315675685397545,0.717396741306056
IN.ADM2.00368,arhartur,cleaned,14,0.10637516479610053,0.011315675685397545,0.717396741306056
IN.ADM2.00368,bajra,full,14,-0.19998064289478354,0.03999225753261094,0.4930464616662663
IN.ADM2.00368,bajra,cleaned,14,-0.19998064289478354,0.03999225753261094,0.4930464616662663
IN.ADM2.00368,cottonlint,full,16,-0.14818796802787998,0.02195967386823198,0.5838921102336869
IN.ADM2.00368,cottonlint,cleaned,16,-0.14818796802787998,0.02195967386823198,0.5838921102336869
IN.ADM2.00368,groundnut,full,16,-0.06345961435936964,0.004027122654639914,0.8153871416256794
IN.ADM2.00368,groundnut,cleaned,16,-0.06345961435936964,0.004027122654639914,0.8153871416256794
IN.ADM2.00368,jowar,full,14,-0.3081358192831504,0.09494768312529833,0.28380845363553603
IN.ADM2.00368,jowar,cleaned,14,-0.3081358192831504,0.09494768312529833,0.28380845363553603
IN.ADM2.00368,maize,full,14,0.19252667962096726,0.03706652236587457,0.5096264740339138
IN.ADM2.00368,maize,cleaned,13,0.2337072770245205,0.05461909133421596,0.44220519037393596
IN.ADM2.00368,ragi,full,16,-0.4691355740841133,0.22008818687123058,0.06677317754364796
IN.ADM2.00368,ragi,cleaned,16,-0.4691355740841133,0.22008818687123058,0.06677317754364796
IN.ADM2.00368,rice,full,16,-0.26552127890685717,0.07050154955233304,0.320260127960071
IN.ADM2.00368,rice,cleaned,16,-0.26552127890685717,0.07050154955233304,0.320260127960071
IN.ADM2.00368,sesamum,full,16,0.1754293130823247,0.030775443888536303,0.5157791684961601
IN.ADM2.00368,sesamum,cleaned,16,0.1754293130823247,0.030775443888536303,0.5157791684961601
IN.ADM2.00368,sugarcane,full,16,0.26515707376285236,0.07030827376647873,0.3209493584141627
IN.ADM2.00368,sugarcane,cleaned,16,0.26515707376285236,0.07030827376647873,0.3209493584141627
IN.ADM2.00369,arhartur,full,14,-0.4344396768815657,0.1887378328489592,0.12060360913442249
IN.ADM2.00369,arhartur,cleaned,14,-0.4344396768815657,0.1887378328489592,0.12060360913442249
IN.ADM2.00369,bajra,full,14,-0.12629543968084267,0.01595053808417737,0.6670310711037507
IN.ADM2.00369,bajra,cleaned,14,-0.12629543968084267,0.01595053808417737,0.6670310711037507
IN.ADM2.00369,cottonlint,full,16,0.060113796181612805,0.0036136684913644864,0.8249764781702539
IN.ADM2.00369,cottonlint,cleaned,16,0.060113796181612805,0.0036136684913644864,0.8249764781702539
IN.ADM2.00369,groundnut,full,16,0.2388456589586451,0.057047248803389405,0.37299466209168197
IN.ADM2.00369,groundnut,cleaned,16,0.2388456589586451,0.057047248803389405,0.37299466209168197
IN.ADM2.00369,jowar,full,14,-0.4240850634730806,0.1798481410609668,0.13072846125645804
IN.ADM2.00369,jowar,cleaned,13,-0.10931101409351213,0.011948897802152006,0.7222285690490667
IN.ADM2.00369,ragi,full,16,-0.4367253343451678,0.1907290176588986,0.09076785735733732
IN.ADM2.00369,ragi,cleaned,16,-0.4367253343451678,0.1907290176588986,0.09076785735733732
IN.ADM2.00369,rice,full,16,-0.06484290997365377,0.004204602973851368,0.8114296125324043
IN.ADM2.00369,rice,cleaned,16,-0.06484290997365377,0.004204602973851368,0.8114296125324043
IN.ADM2.00369,sesamum,full,16,-0.44124056491195973,0.19469323612382536,0.08710235785260753
IN.ADM2.00369,sesamum,cleaned,15,0.15727646966993813,0.02473588791183897,0.5756240221592633
IN.ADM2.00369,sugarcane,full,16,-0.024619819939960763,0.0006061355338760895,0.9278869399432235
IN.ADM2.00369,sugarcane,cleaned,16,-0.024619819939960763,0.0006061355338760895,0.9278869399432235
IN.ADM2.00370,rice,full,16,-0.3984296167201944,0.158746159479801,0.12637553554325487
IN.ADM2.00370,rice,cleaned,16,-0.3984296167201944,0.158746159479801,0.12637553554325487
IN.ADM2.00370,sugarcane,full,5,-0.8523000681518719,0.7264154061716854,0.0666101891831798
IN.ADM2.00370,sugarcane,cleaned,5,-0.8523000681518719,0.7264154061716854,0.0666101891831798
IN.ADM2.00374,arhartur,full,14,0.03887332676205656,0.001511135533549623,0.8950332408714134
IN.ADM2.00374,arhartur,cleaned,14,0.03887332676205656,0.001511135533549623,0.8950332408714134
IN.ADM2.00374,bajra,full,14,-0.44822634761387115,0.20090685869527086,0.10796849049429881
IN.ADM2.00374,bajra,cleaned,14,-0.44822634761387115,0.20090685869527086,0.10796849049429881
IN.ADM2.00374,cottonlint,full,16,0.03466684989218035,0.0012017904814469647,0.8985793192676366
IN.ADM2.00374,cottonlint,cleaned,16,0.03466684989218035,0.0012017904814469647,0.8985793192676366
IN.ADM2.00374,groundnut,full,16,-0.04473984020733822,0.0020016533017781575,0.8693188547226076
IN.ADM2.00374,groundnut,cleaned,16,-0.04473984020733822,0.0020016533017781575,0.8693188547226076
IN.ADM2.00374,jowar,full,14,-0.44108705502332374,0.19455779010914862,0.11439226932492075
IN.ADM2.00374,jowar,cleaned,13,0.11760517471342291,0.013830977119374728,0.7019880883669675
IN.ADM2.00374,maize,full,14,-0.11233856660329533,0.012619953546483022,0.7021962908166951
IN.ADM2.00374,maize,cleaned,14,-0.11233856660329533,0.012619953546483022,0.7021962908166951
IN.ADM2.00374,potato,full,7,0.5201699079206934,0.27057673310622266,0.23138203080968392
IN.ADM2.00374,potato,cleaned,7,0.5201699079206934,0.27057673310622266,0.23138203080968392
IN.ADM2.00374,ragi,full,16,-0.18260088230546356,0.033343082218733756,0.49848144005982
IN.ADM2.00374,ragi,cleaned,16,-0.18260088230546356,0.033343082218733756,0.49848144005982
IN.ADM2.00374,rapeseed_mustard,full,6,0.5203134741513651,0.27072611138346325,0.28996101055166196
IN.ADM2.00374,rapeseed_mustard,cleaned,6,0.5203134741513651,0.27072611138346325,0.28996101055166196
IN.ADM2.00374,rice,full,16,-0.2951699280019597,0.08712528639668206,0.26705702128850045
IN.ADM2.00374,rice,cleaned,16,-0.2951699280019597,0.08712528639668206,0.26705702128850045
IN.ADM2.00374,sugarcane,full,16,0.4298845014860246,0.18480068461788787,0.0965290045474961
IN.ADM2.00374,sugarcane,cleaned,16,0.4298845014860246,0.18480068461788787,0.0965290045474961
IN.ADM2.00376,arhartur,full,14,0.04276203580827449,0.00182859170646815,0.8845938503392301
IN.ADM2.00376,arhartur,cleaned,14,0.04276203580827449,0.00182859170646815,0.8845938503392301
IN.ADM2.00376,bajra,full,11,-0.31521762843958945,0.09936215327907907,0.34506490552658603
IN.ADM2.00376,bajra,cleaned,11,-0.31521762843958945,0.09936215327907907,0.34506490552658603
IN.ADM2.00376,cottonlint,full,16,-0.33153193338953835,0.1099134228570053,0.20969491282234365
IN.ADM2.00376,cottonlint,cleaned,16,-0.33153193338953835,0.1099134228570053,0.20969491282234365
IN.ADM2.00376,groundnut,full,16,-0.1887169052800979,0.03561407033849744,0.4839497609141615
IN.ADM2.00376,groundnut,cleaned,16,-0.1887169052800979,0.03561407033849744,0.4839497609141615
IN.ADM2.00376,jowar,full,14,-0.5345448144084145,0.28573815861092633,0.048918489521606656
IN.ADM2.00376,jowar,cleaned,14,-0.5345448144084145,0.28573815861092633,0.048918489521606656
IN.ADM2.00376,maize,full,14,0.038037313691516736,0.0014468372328668465,0.8972796695567595
IN.ADM2.00376,maize,cleaned,14,0.038037313691516736,0.0014468372328668465,0.8972796695567595
IN.ADM2.00376,ragi,full,16,0.053575823140075474,0.0028703688251366464,0.8437807170026077
IN.ADM2.00376,ragi,cleaned,16,0.053575823140075474,0.0028703688251366464,0.8437807170026077
IN.ADM2.00376,rice,full,16,-0.05280412475269344,0.0027882755908980126,0.8460056668592268
IN.ADM2.00376,rice,cleaned,16,-0.05280412475269344,0.0027882755908980126,0.8460056668592268
IN.ADM2.00376,sesamum,full,16,0.22532236854312626,0.050770169765884415,0.40144214601070305
IN.ADM2.00376,sesamum,cleaned,16,0.22532236854312626,0.050770169765884415,0.40144214601070305
IN.ADM2.00376,sugarcane,full,16,0.1148361912321516,0.01318735081670729,0.6719381259005848
IN.ADM2.00376,sugarcane,cleaned,16,0.1148361912321516,0.01318735081670729,0.6719381259005848
IN.ADM2.00377,arhartur,full,7,-0.7536126802760983,0.5679320718729247,0.05042309615943856
IN.ADM2.00377,arhartur,cleaned,7,-0.7536126802760983,0.5679320718729247,0.05042309615943856
IN.ADM2.00377,bajra,full,13,-0.14716421479026487,0.021657306114835212,0.6313907213649055
IN.ADM2.00377,bajra,cleaned,13,-0.14716421479026487,0.021657306114835212,0.6313907213649055
IN.ADM2.00377,cottonlint,full,16,-0.14891812353551223,0.022176607517338083,0.5820191758008202
IN.ADM2.00377,cottonlint,cleaned,15,0.17821993394779118,0.03176234485635505,0.525114656101358
IN.ADM2.00377,groundnut,full,16,-0.15121946494402153,0.022867326577956155,0.5761323512992664
IN.ADM2.00377,groundnut,cleaned,16,-0.15121946494402153,0.022867326577956155,0.5761323512992664
IN.ADM2.00377,jowar,full,13,-0.32628332071506555,0.10646080537685032,0.27658532784555057
IN.ADM2.00377,jowar,cleaned,13,-0.32628332071506555,0.10646080537685032,0.27658532784555057
IN.ADM2.00377,ragi,full,16,-0.16696729836351282,0.02787807872281031,0.5365380698034474
IN.ADM2.00377,ragi,cleaned,16,-0.16696729836351282,0.02787807872281031,0.5365380698034474
IN.ADM2.00377,rice,full,16,0.18688620431543634,0.03492645336343102,0.48827797333066314
IN.ADM2.00377,rice,cleaned,16,0.18688620431543634,0.03492645336343102,0.48827797333066314
IN.ADM2.00377,sesamum,full,16,-0.002317713892639822,5.371797688135637e-06,0.993203105426018
IN.ADM2.00377,sesamum,cleaned,16,-0.002317713892639822,5.371797688135637e-06,0.993203105426018
IN.ADM2.00377,sugarcane,full,16,-0.02800472640833606,0.0007842647012057551,0.9180015254116731
IN.ADM2.00377,sugarcane,cleaned,16,-0.02800472640833606,0.0007842647012057551,0.9180015254116731
IN.ADM2.00378,arhartur,full,14,0.22596315051764454,0.05105934539185968,0.43728939631147756
IN.ADM2.00378,arhartur,cleaned,14,0.22596315051764454,0.05105934539185968,0.43728939631147756
IN.ADM2.00378,bajra,full,14,0.32906928542306285,0.10828659460884521,0.2506268024956365
IN.ADM2.00378,bajra,cleaned,14,0.32906928542306285,0.10828659460884521,0.2506268024956365
IN.ADM2.00378,cottonlint,full,16,0.21076686335860317,0.0444226706900241,0.43330828838410584
IN.ADM2.00378,cottonlint,cleaned,16,0.21076686335860317,0.0444226706900241,0.43330828838410584
IN.ADM2.00378,groundnut,full,16,0.4808257271698013,0.23119337990836822,0.05937850958943271
IN.ADM2.00378,groundnut,cleaned,16,0.4808257271698013,0.23119337990836822,0.05937850958943271
IN.ADM2.00378,jowar,full,14,-0.19368682528222048,0.0375145862879054,0.5070294107133733
IN.ADM2.00378,jowar,cleaned,13,0.05928160046564576,0.003514308153768452,0.8474498948768319
IN.ADM2.00378,maize,full,14,-0.17038273545386062,0.029030276540740255,0.5603232625967248
IN.ADM2.00378,maize,cleaned,14,-0.17038273545386062,0.029030276540740255,0.5603232625967248
IN.ADM2.00378,ragi,full,16,-0.12024732584701925,0.014459419373359223,0.6573403829766331
IN.ADM2.00378,ragi,cleaned,16,-0.12024732584701925,0.014459419373359223,0.6573403829766331
IN.ADM2.00378,rice,full,16,0.19193500842974145,0.03683904746092492,0.4763864734938992
IN.ADM2.00378,rice,cleaned,16,0.19193500842974145,0.03683904746092492,0.4763864734938992
IN.ADM2.00378,sesamum,full,16,0.25654283148456053,0.06581422438611562,0.3375011071354135
IN.ADM2.00378,sesamum,cleaned,16,0.25654283148456053,0.06581422438611562,0.3375011071354135
IN.ADM2.00378,sugarcane,full,16,0.26996675270336856,0.07288204756520175,0.3119167989516664
IN.ADM2.00378,sugarcane,cleaned,16,0.26996675270336856,0.07288204756520175,0.3119167989516664
IN.ADM2.00383,arhartur,full,14,-0.4576561234823777,0.20944912736091736,0.09986958475972069
IN.ADM2.00383,arhartur,cleaned,14,-0.4576561234823777,0.20944912736091736,0.09986958475972069
IN.ADM2.00383,cottonlint,full,16,0.10925213615007148,0.011936029253353755,0.6871183957320322
IN.ADM2.00383,cottonlint,cleaned,16,0.10925213615007148,0.011936029253353755,0.6871183957320322
IN.ADM2.00383,groundnut,full,16,-0.3469004398599762,0.12033991517504497,0.1880495458155335
IN.ADM2.00383,groundnut,cleaned,16,-0.3469004398599762,0.12033991517504497,0.1880495458155335
IN.ADM2.00383,jowar,full,14,0.057630749679879585,0.003321303308664941,0.8448519104140104
IN.ADM2.00383,jowar,cleaned,14,0.057630749679879585,0.003321303308664941,0.8448519104140104
IN.ADM2.00383,maize,full,14,-0.07019802177201137,0.004927762260703783,0.8115232549170773
IN.ADM2.00383,maize,cleaned,14,-0.07019802177201137,0.004927762260703783,0.8115232549170773
IN.ADM2.00383,rice,full,16,-0.3570547229305262,0.12748807516699484,0.17458249968779072
IN.ADM2.00383,rice,cleaned,15,-0.24165584525873635,0.058397547547714326,0.3855591619349398
IN.ADM2.00383,sesamum,full,16,0.27157921873316887,0.07375527204771838,0.308922258675546
IN.ADM2.00383,sesamum,cleaned,16,0.27157921873316887,0.07375527204771838,0.308922258675546
IN.ADM2.00383,sugarcane,full,16,0.34915965592524123,0.12191246532583284,0.18499619616343466
IN.ADM2.00383,sugarcane,cleaned,16,0.34915965592524123,0.12191246532583284,0.18499619616343466
IN.ADM2.00384,arhartur,full,14,0.30065398953844447,0.09039282142538307,0.296263871104807
IN.ADM2.00384,arhartur,cleaned,14,0.30065398953844447,0.09039282142538307,0.296263871104807
IN.ADM2.00384,bajra,full,14,-0.07765544501673885,0.006030368140747751,0.7918818571086412
IN.ADM2.00384,bajra,cleaned,14,-0.07765544501673885,0.006030368140747751,0.7918818571086412
IN.ADM2.00384,cottonlint,full,16,-0.3000096239825617,0.09000577448215806,0.2589204256343695
IN.ADM2.00384,cottonlint,cleaned,16,-0.3000096239825617,0.09000577448215806,0.2589204256343695
IN.ADM2.00384,groundnut,full,16,0.06313219102531364,0.003985673543656693,0.8163244971457995
IN.ADM2.00384,groundnut,cleaned,16,0.06313219102531364,0.003985673543656693,0.8163244971457995
IN.ADM2.00384,jowar,full,14,-0.2978207962482056,0.08869722667791521,0.30106193789361374
IN.ADM2.00384,jowar,cleaned,13,0.18837382932584126,0.03548469957488117,0.5376874055372513
IN.ADM2.00384,maize,full,14,-0.25503460924021104,0.06504265191030714,0.3788774776979742
IN.ADM2.00384,maize,cleaned,14,-0.25503460924021104,0.06504265191030714,0.3788774776979742
IN.ADM2.00384,ragi,full,16,0.25271630241812243,0.06386552950788792,0.34500670731493976
IN.ADM2.00384,ragi,cleaned,16,0.25271630241812243,0.06386552950788792,0.34500670731493976
IN.ADM2.00384,rice,full,16,-0.3614706609104536,0.13066103869904014,0.16893077316269273
IN.ADM2.00384,rice,cleaned,16,-0.3614706609104536,0.13066103869904014,0.16893077316269273
IN.ADM2.00384,sesamum,full,16,0.2785796033395041,0.07760659539679544,0.29611839046480504
IN.ADM2.00384,sesamum,cleaned,16,0.2785796033395041,0.07760659539679544,0.29611839046480504
IN.ADM2.00384,sugarcane,full,16,0.24751435027003826,0.06126335358959919,0.3553602024970202
IN.ADM2.00384,sugarcane,cleaned,16,0.24751435027003826,0.06126335358959919,0.3553602024970202
IN.ADM2.00387,arhartur,full,13,-0.04262552006202078,0.0018169349605577359,0.8900320198230094
IN.ADM2.00387,cottonlint,full,16,-0.12473506565070591,0.015558836602885914,0.6453208986391408
IN.ADM2.00387,cottonlint,cleaned,15,0.10057218258297478,0.010114763909503215,0.7213699069796362
IN.ADM2.00387,groundnut,full,13,0.5825513501517299,0.3393660755636034,0.03668773182194196
IN.ADM2.00387,groundnut,cleaned,13,0.5825513501517299,0.3393660755636034,0.03668773182194196
IN.ADM2.00387,rapeseed_mustard,full,13,-0.24852505573166372,0.061764703326426564,0.4129309331500693
IN.ADM2.00387,rapeseed_mustard,cleaned,13,-0.24852505573166372,0.061764703326426564,0.4129309331500693
IN.ADM2.00387,rice,full,16,0.027598834256889082,0.0007616956523392343,0.9191863419728612
IN.ADM2.00387,rice,cleaned,16,0.027598834256889082,0.0007616956523392343,0.9191863419728612
IN.ADM2.00387,sesamum,full,13,-0.05710935351214102,0.0032614782585746937,0.8529841351460056
IN.ADM2.00387,sesamum,cleaned,12,-0.0494082457255479,0.002441174745676123,0.8788042919942954
IN.ADM2.00387,sugarcane,full,16,0.11543213557459929,0.013324577923312672,0.6703249255657939
IN.ADM2.00387,sugarcane,cleaned,15,0.5048456041224735,0.2548690840017852,0.05493814723636668
IN.ADM2.00388,arhartur,full,13,0.17765901960104988,0.03156272724560622,0.5614649936169501
IN.ADM2.00388,arhartur,cleaned,13,0.17765901960104988,0.03156272724560622,0.5614649936169501
IN.ADM2.00388,barley,full,16,0.1479201951578895,0.02188038413554812,0.5845796030709294
IN.ADM2.00388,barley,cleaned,15,0.08957261665955976,0.008023253655240443,0.7508978374990863
IN.ADM2.00388,cottonlint,full,15,0.5302853057956392,0.28120250554277454,0.04200496732522941
IN.ADM2.00388,cottonlint,cleaned,15,0.5302853057956392,0.28120250554277454,0.04200496732522941
IN.ADM2.00388,groundnut,full,14,-0.08856384917663536,0.007843555380981816,0.7633596485777814
IN.ADM2.00388,groundnut,cleaned,14,-0.08856384917663536,0.007843555380981816,0.7633596485777814
IN.ADM2.00388,jowar,full,16,-0.31021463532811266,0.09623311997175392,0.24226925125623583
IN.ADM2.00388,jowar,cleaned,15,-0.5696390458367427,0.3244886425417947,0.026642193506543878
IN.ADM2.00388,maize,full,16,0.33431602320118914,0.11176720336905803,0.20566010041554933
IN.ADM2.00388,maize,cleaned,16,0.33431602320118914,0.11176720336905803,0.20566010041554933
IN.ADM2.00388,potato,full,16,0.18211703631843468,0.033166614917410055,0.4996397763368437
IN.ADM2.00388,potato,cleaned,16,0.18211703631843468,0.033166614917410055,0.4996397763368437
IN.ADM2.00388,rapeseed_mustard,full,16,-0.12551734603619333,0.015754604155969496,0.643234018087767
IN.ADM2.00388,rapeseed_mustard,cleaned,16,-0.12551734603619333,0.015754604155969496,0.643234018087767
IN.ADM2.00388,rice,full,16,0.06381685852061107,0.00407259143143969,0.8143646820149251
IN.ADM2.00388,rice,cleaned,16,0.06381685852061107,0.00407259143143969,0.8143646820149251
IN.ADM2.00388,sesamum,full,16,0.6151423260996703,0.3784000813593132,0.011205449697381797
IN.ADM2.00388,sesamum,cleaned,16,0.6151423260996703,0.3784000813593132,0.011205449697381797
IN.ADM2.00388,sugarcane,full,16,0.07377020919148651,0.005442043764155681,0.7859957557906379
IN.ADM2.00388,sugarcane,cleaned,16,0.07377020919148651,0.005442043764155681,0.7859957557906379
IN.ADM2.00388,wheat,full,16,0.10790011437773042,0.011642434682727307,0.690811039418312
IN.ADM2.00388,wheat,cleaned,15,-0.017262506966541767,0.00029799414676990303,0.9513105652949322
IN.ADM2.00390,arhartur,full,13,0.03567292559881022,0.0012725576207782492,0.9078936470054154
IN.ADM2.00390,arhartur,cleaned,13,0.03567292559881022,0.0012725576207782492,0.9078936470054154
IN.ADM2.00390,barley,full,16,0.15632829854950292,0.02443853692738252,0.5631541200510037
IN.ADM2.00390,barley,cleaned,16,0.15632829854950292,0.02443853692738252,0.5631541200510037
IN.ADM2.00390,groundnut,full,15,0.33207330767726745,0.11027268167172113,0.2265749669796844
IN.ADM2.00390,groundnut,cleaned,15,0.33207330767726745,0.11027268167172113,0.2265749669796844
IN.ADM2.00390,jowar,full,16,-0.11387953389150325,0.012968548239346038,0.6745305695643815
IN.ADM2.00390,jowar,cleaned,16,-0.11387953389150325,0.012968548239346038,0.6745305695643815
IN.ADM2.00390,maize,full,16,0.1504833276248082,0.022645231893035363,0.578012671497155
IN.ADM2.00390,maize,cleaned,16,0.1504833276248082,0.022645231893035363,0.578012671497155
IN.ADM2.00390,potato,full,16,-0.38156294804170066,0.14559028331827356,0.14475865586500933
IN.ADM2.00390,potato,cleaned,16,-0.38156294804170066,0.14559028331827356,0.14475865586500933
IN.ADM2.00390,rapeseed_mustard,full,16,-0.3096831537193869,0.09590365569758544,0.243119522071781
IN.ADM2.00390,rapeseed_mustard,cleaned,15,-0.030868164915683928,0.0009528436052618601,0.9130397930460836
IN.ADM2.00390,rice,full,16,-0.20225728003864785,0.040908007328632014,0.45252090586532867
IN.ADM2.00390,rice,cleaned,15,-0.20932548964502729,0.04381716061513043,0.454015981596287
IN.ADM2.00390,sesamum,full,16,0.06904139448599769,0.004766714152571153,0.7994445330284419
IN.ADM2.00390,sesamum,cleaned,16,0.06904139448599769,0.004766714152571153,0.7994445330284419
IN.ADM2.00390,sugarcane,full,16,0.4494974253026548,0.20204793535371574,0.08067555747556927
IN.ADM2.00390,sugarcane,cleaned,16,0.4494974253026548,0.20204793535371574,0.08067555747556927
IN.ADM2.00390,wheat,full,16,-0.4823199834558559,0.2326325664408571,0.058478709121921796
IN.ADM2.00390,wheat,cleaned,16,-0.4823199834558559,0.2326325664408571,0.058478709121921796
IN.ADM2.00391,barley,full,16,-0.14577984112103848,0.02125176207727522,0.5900868210830021
IN.ADM2.00391,barley,cleaned,15,-0.17556994143378335,0.030824804335062114,0.5313934039817428
IN.ADM2.00391,groundnut,full,6,-0.6042429318285658,0.3651095206647808,0.20394302585965607
IN.ADM2.00391,maize,full,16,-0.1396136448267865,0.019491969821820092,0.6060698404055953
IN.ADM2.00391,maize,cleaned,16,-0.1396136448267865,0.019491969821820092,0.6060698404055953
IN.ADM2.00391,potato,full,16,-0.27185106723036134,0.07390300275428645,0.30841907210224007
IN.ADM2.00391,potato,cleaned,16,-0.27185106723036134,0.07390300275428645,0.30841907210224007
IN.ADM2.00391,ragi,full,16,0.15751695893807005,0.024811592353097645,0.5601525849862561
IN.ADM2.00391,ragi,cleaned,16,0.15751695893807005,0.024811592353097645,0.5601525849862561
IN.ADM2.00391,rice,full,16,0.4275797415323529,0.18282443536887372,0.09852714737205577
IN.ADM2.00391,rice,cleaned,15,0.2610205809859685,0.06813174369825253,0.34739283144691036
IN.ADM2.00391,soyabean,full,16,0.12365651539578267,0.015290933799827435,0.6482022050345437
IN.ADM2.00391,soyabean,cleaned,16,0.12365651539578267,0.015290933799827435,0.6482022050345437
IN.ADM2.00391,wheat,full,16,-0.32381367432292113,0.10485529567851083,0.22114498163958185
IN.ADM2.00391,wheat,cleaned,16,-0.32381367432292113,0.10485529567851083,0.22114498163958185
IN.ADM2.00392,arhartur,full,13,0.2535418502049238,0.06428346980533603,0.40324827548868075
IN.ADM2.00392,arhartur,cleaned,13,0.2535418502049238,0.06428346980533603,0.40324827548868075
IN.ADM2.00392,barley,full,16,-0.49015539604517666,0.24025231227220398,0.05392403916070604
IN.ADM2.00392,barley,cleaned,15,-0.4489731310109481,0.20157687236977398,0.09319487552334808
IN.ADM2.00392,groundnut,full,15,-0.009142768930413004,8.359022371492535e-05,0.9742024008184813
IN.ADM2.00392,groundnut,cleaned,15,-0.009142768930413004,8.359022371492535e-05,0.9742024008184813
IN.ADM2.00392,jowar,full,14,0.15869588721831515,0.0251843846200082,0.5879018356793502
IN.ADM2.00392,jowar,cleaned,14,0.15869588721831515,0.0251843846200082,0.5879018356793502
IN.ADM2.00392,maize,full,16,0.5242812011739696,0.2748707779044204,0.03709108963814137
IN.ADM2.00392,maize,cleaned,16,0.5242812011739696,0.2748707779044204,0.03709108963814137
IN.ADM2.00392,potato,full,16,-0.04177036499014082,0.001744763391409582,0.8779298476313229
IN.ADM2.00392,potato,cleaned,16,-0.04177036499014082,0.001744763391409582,0.8779298476313229
IN.ADM2.00392,rapeseed_mustard,full,16,-0.4809787890394097,0.23134059550581698,0.059285874481303145
IN.ADM2.00392,rapeseed_mustard,cleaned,15,-0.43479737449106914,0.189048756864327,0.10530842071002351
IN.ADM2.00392,rice,full,16,-0.3301519302967339,0.10900029707865944,0.21171358924272413
IN.ADM2.00392,rice,cleaned,15,-0.35390333988849004,0.12524757398422812,0.19562264448389458
IN.ADM2.00392,sesamum,full,16,0.034660820858572555,0.0012013725025900584,0.8985968730276447
IN.ADM2.00392,sesamum,cleaned,16,0.034660820858572555,0.0012013725025900584,0.8985968730276447
IN.ADM2.00392,sugarcane,full,16,0.24711162681673443,0.061064156108013024,0.35616892864340444
IN.ADM2.00392,sugarcane,cleaned,16,0.24711162681673443,0.061064156108013024,0.35616892864340444
IN.ADM2.00392,wheat,full,16,-0.4686849928365472,0.21966562251019428,0.0670710343800821
IN.ADM2.00392,wheat,cleaned,15,-0.43416822059613436,0.18850204377561358,0.10587024628095296
IN.ADM2.00393,arhartur,full,13,-0.3517552916645963,0.12373178521404521,0.23854699430156057
IN.ADM2.00393,arhartur,cleaned,13,-0.3517552916645963,0.12373178521404521,0.23854699430156057
IN.ADM2.00393,bajra,full,15,0.052351222498330366,0.0027406504970696917,0.8530006552663681
IN.ADM2.00393,bajra,cleaned,15,0.052351222498330366,0.0027406504970696917,0.8530006552663681
IN.ADM2.00393,barley,full,16,-0.01220787544110883,0.0001490322227856281,0.9642096432861653
IN.ADM2.00393,barley,cleaned,16,-0.01220787544110883,0.0001490322227856281,0.9642096432861653
IN.ADM2.00393,groundnut,full,15,0.01448049313838986,0.00020968468153095585,0.9591507097872517
IN.ADM2.00393,groundnut,cleaned,15,0.01448049313838986,0.00020968468153095585,0.9591507097872517
IN.ADM2.00393,jowar,full,16,-0.5499719286107612,0.3024691222598402,0.02730345344962688
IN.ADM2.00393,jowar,cleaned,16,-0.5499719286107612,0.3024691222598402,0.02730345344962688
IN.ADM2.00393,maize,full,16,0.14237285378718326,0.020270029495506662,0.5988965810531351
IN.ADM2.00393,maize,cleaned,16,0.14237285378718326,0.020270029495506662,0.5988965810531351
IN.ADM2.00393,potato,full,16,0.0142604224205395,0.0002033596476122257,0.9581966440683598
IN.ADM2.00393,potato,cleaned,16,0.0142604224205395,0.0002033596476122257,0.9581966440683598
IN.ADM2.00393,rapeseed_mustard,full,16,-0.4188882835504004,0.17546739409580067,0.10632593987587186
IN.ADM2.00393,rapeseed_mustard,cleaned,16,-0.4188882835504004,0.17546739409580067,0.10632593987587186
IN.ADM2.00393,rice,full,16,-0.6397025165910462,0.4092193097329177,0.007616446691962233
IN.ADM2.00393,rice,cleaned,16,-0.6397025165910462,0.4092193097329177,0.007616446691962233
IN.ADM2.00393,sesamum,full,16,0.18694243371751423,0.0349474735242272,0.48814475839073085
IN.ADM2.00393,sesamum,cleaned,16,0.18694243371751423,0.0349474735242272,0.48814475839073085
IN.ADM2.00393,sugarcane,full,16,0.46345827732466144,0.2147935748207428,0.07059739560075226
IN.ADM2.00393,sugarcane,cleaned,16,0.46345827732466144,0.2147935748207428,0.07059739560075226
IN.ADM2.00393,wheat,full,16,-0.18084047609687748,0.032703277794945314,0.5027019631189467
IN.ADM2.00393,wheat,cleaned,16,-0.18084047609687748,0.032703277794945314,0.5027019631189467
IN.ADM2.00394,arhartur,full,13,0.34121149358928793,0.11642528335743267,0.2538873357644687
IN.ADM2.00394,arhartur,cleaned,13,0.34121149358928793,0.11642528335743267,0.2538873357644687
IN.ADM2.00394,barley,full,16,-0.32237439592587575,0.10392525114857329,0.22332326604009314
IN.ADM2.00394,barley,cleaned,15,-0.022356722391314504,0.0004998230360823033,0.9369654934130391
IN.ADM2.00394,groundnut,full,15,0.12655083571564726,0.016015114020328743,0.6531265879996506
IN.ADM2.00394,groundnut,cleaned,15,0.12655083571564726,0.016015114020328743,0.6531265879996506
IN.ADM2.00394,jowar,full,16,-0.029977552378813,0.000898653646624477,0.9122451079582937
IN.ADM2.00394,jowar,cleaned,16,-0.029977552378813,0.000898653646624477,0.9122451079582937
IN.ADM2.00394,maize,full,16,0.5744352870539002,0.32997589901269675,0.01994955339445952
IN.ADM2.00394,maize,cleaned,16,0.5744352870539002,0.32997589901269675,0.01994955339445952
IN.ADM2.00394,potato,full,16,-0.28794532913947996,0.08291251257324345,0.27949008436894435
IN.ADM2.00394,potato,cleaned,16,-0.28794532913947996,0.08291251257324345,0.27949008436894435
IN.ADM2.00394,rapeseed_mustard,full,16,-0.542470590291031,0.2942743413306996,0.029928551168806064
IN.ADM2.00394,rapeseed_mustard,cleaned,15,-0.3813290339670648,0.14541183214625486,0.16078944294817427
IN.ADM2.00394,rice,full,16,-0.348143413444971,0.12120383632511603,0.18636560047018016
IN.ADM2.00394,rice,cleaned,15,-0.2335686028897308,0.05455429225586077,0.4021376538359955
IN.ADM2.00394,sugarcane,full,16,0.0581583864342349,0.0033823979126337976,0.830591659794561
IN.ADM2.00394,sugarcane,cleaned,16,0.0581583864342349,0.0033823979126337976,0.830591659794561
IN.ADM2.00394,wheat,full,16,-0.503371010395516,0.2533823741066027,0.04684441442686684
IN.ADM2.00394,wheat,cleaned,16,-0.503371010395516,0.2533823741066027,0.04684441442686684
IN.ADM2.00395,arhartur,full,13,-0.18874309638363718,0.03562395643248295,0.5368757530661468
IN.ADM2.00395,arhartur,cleaned,13,-0.18874309638363718,0.03562395643248295,0.5368757530661468
IN.ADM2.00395,barley,full,16,0.16705971032400446,0.027908946813540284,0.5363093695679594
IN.ADM2.00395,barley,cleaned,16,0.16705971032400446,0.027908946813540284,0.5363093695679594
IN.ADM2.00395,groundnut,full,15,0.3484280298185624,0.12140209196324502,0.2031148887015911
IN.ADM2.00395,groundnut,cleaned,15,0.3484280298185624,0.12140209196324502,0.2031148887015911
IN.ADM2.00395,jowar,full,16,0.2859958984653039,0.0817936539389764,0.2829037378580455
IN.ADM2.00395,jowar,cleaned,15,0.4907756510344867,0.2408607396483243,0.06323184137570492
IN.ADM2.00395,potato,full,16,-0.1619382320056857,0.026223990985127284,0.549049183271477
IN.ADM2.00395,potato,cleaned,16,-0.1619382320056857,0.026223990985127284,0.549049183271477
IN.ADM2.00395,rapeseed_mustard,full,16,-0.3916913925071429,0.15342214696418469,0.13351458936197502
IN.ADM2.00395,rapeseed_mustard,cleaned,16,-0.3916913925071429,0.15342214696418469,0.13351458936197502
IN.ADM2.00395,rice,full,16,0.2973569256558314,0.08842114123548764,0.26336108915177237
IN.ADM2.00395,rice,cleaned,16,0.2973569256558314,0.08842114123548764,0.26336108915177237
IN.ADM2.00395,sesamum,full,16,0.04429209722791205,0.0019617898768468146,0.870616378187548
IN.ADM2.00395,sesamum,cleaned,16,0.04429209722791205,0.0019617898768468146,0.870616378187548
IN.ADM2.00395,soyabean,full,16,0.02477436644752009,0.0006137692328760092,0.9274353703375708
IN.ADM2.00395,soyabean,cleaned,16,0.02477436644752009,0.0006137692328760092,0.9274353703375708
IN.ADM2.00395,sugarcane,full,16,0.01625937704981728,0.0002643673420481249,0.9523426728172638
IN.ADM2.00395,sugarcane,cleaned,16,0.01625937704981728,0.0002643673420481249,0.9523426728172638
IN.ADM2.00395,wheat,full,16,-0.3154576006657372,0.09951349781778371,0.2339810942811991
IN.ADM2.00395,wheat,cleaned,16,-0.3154576006657372,0.09951349781778371,0.2339810942811991
IN.ADM2.00396,arhartur,full,13,-0.18009179003436263,0.03243305283778095,0.5560284076799147
IN.ADM2.00396,arhartur,cleaned,13,-0.18009179003436263,0.03243305283778095,0.5560284076799147
IN.ADM2.00396,barley,full,16,-0.14700557618706878,0.02161063943009208,0.5869303565529336
IN.ADM2.00396,barley,cleaned,16,-0.14700557618706878,0.02161063943009208,0.5869303565529336
IN.ADM2.00396,groundnut,full,15,0.10230296171714756,0.01046589597610016,0.7167556265313705
IN.ADM2.00396,groundnut,cleaned,15,0.10230296171714756,0.01046589597610016,0.7167556265313705
IN.ADM2.00396,jowar,full,16,0.25162165069296166,0.06331345509745082,0.347171068596049
IN.ADM2.00396,jowar,cleaned,16,0.25162165069296166,0.06331345509745082,0.347171068596049
IN.ADM2.00396,maize,full,16,0.6491751850582144,0.42142842089536686,0.0065059347943553615
IN.ADM2.00396,maize,cleaned,16,0.6491751850582144,0.42142842089536686,0.0065059347943553615
IN.ADM2.00396,potato,full,16,-0.03867990256109563,0.0014961348621358524,0.8869053154588249
IN.ADM2.00396,potato,cleaned,15,0.2471062120802826,0.06106148004866561,0.37459689359946163
IN.ADM2.00396,rapeseed_mustard,full,16,0.17757878163139407,0.03153422368569034,0.5105658394677697
IN.ADM2.00396,rapeseed_mustard,cleaned,16,0.17757878163139407,0.03153422368569034,0.5105658394677697
IN.ADM2.00396,rice,full,16,-0.04276596390001468,0.0018289276682973586,0.8750412971932424
IN.ADM2.00396,rice,cleaned,16,-0.04276596390001468,0.0018289276682973586,0.8750412971932424
IN.ADM2.00396,sesamum,full,16,0.24108985768228675,0.05812431947726528,0.3683839215046587
IN.ADM2.00396,sesamum,cleaned,16,0.24108985768228675,0.05812431947726528,0.3683839215046587
IN.ADM2.00396,sugarcane,full,16,0.5506756298736615,0.3032436493367538,0.027066546278888208
IN.ADM2.00396,sugarcane,cleaned,16,0.5506756298736615,0.3032436493367538,0.027066546278888208
IN.ADM2.00396,wheat,full,16,-0.2101070595678234,0.044144976480236894,0.43478278590645403
IN.ADM2.00396,wheat,cleaned,15,-0.14497657156831475,0.02101820630370269,0.6061914163145585
IN.ADM2.00397,jowar,full,16,-0.4668186971206162,0.2179196959813896,0.0683150859278911
IN.ADM2.00397,jowar,cleaned,16,-0.4668186971206162,0.2179196959813896,0.0683150859278911
IN.ADM2.00397,maize,full,16,0.029886976664968534,0.0008932313741723737,0.912509307147705
IN.ADM2.00397,maize,cleaned,16,0.029886976664968534,0.0008932313741723737,0.912509307147705
IN.ADM2.00397,potato,full,16,0.177654743466601,0.031561207876183814,0.5103820501802694
IN.ADM2.00397,potato,cleaned,16,0.177654743466601,0.031561207876183814,0.5103820501802694
IN.ADM2.00397,rapeseed_mustard,full,16,-0.14439382454234778,0.020849576565966317,0.5936643736781579
IN.ADM2.00397,rapeseed_mustard,cleaned,16,-0.14439382454234778,0.020849576565966317,0.5936643736781579
IN.ADM2.00397,rice,full,16,0.41081989054611234,0.16877298246831973,0.11394525291195118
IN.ADM2.00397,rice,cleaned,16,0.41081989054611234,0.16877298246831973,0.11394525291195118
IN.ADM2.00397,sesamum,full,16,0.01722857452057002,0.00029682378001083456,0.9495051668266637
IN.ADM2.00397,sesamum,cleaned,15,0.30648638719510335,0.09393390553590682,0.26654823798632254
IN.ADM2.00397,soyabean,full,9,-0.2065048701819207,0.04264426140885193,0.5939762575573524
IN.ADM2.00397,soyabean,cleaned,9,-0.2065048701819207,0.04264426140885193,0.5939762575573524
IN.ADM2.00397,sugarcane,full,16,0.4456511166131831,0.19860491773857689,0.08362536768910017
IN.ADM2.00397,sugarcane,cleaned,16,0.4456511166131831,0.19860491773857689,0.08362536768910017
IN.ADM2.00397,wheat,full,16,-0.18919117338050076,0.0357933000850907,0.482831501784433
IN.ADM2.00397,wheat,cleaned,15,0.0055118283486041905,3.0380251744476797e-05,0.9844460895138339
IN.ADM2.00398,arhartur,full,13,0.18447452898313535,0.03403085184354964,0.5462901179945204
IN.ADM2.00398,arhartur,cleaned,13,0.18447452898313535,0.03403085184354964,0.5462901179945204
IN.ADM2.00398,barley,full,16,-0.008732566397548491,7.625771588759303e-05,0.9743946310543528
IN.ADM2.00398,barley,cleaned,16,-0.008732566397548491,7.625771588759303e-05,0.9743946310543528
IN.ADM2.00398,groundnut,full,15,0.071000678392087,0.00504109633213657,0.8014702318635205
IN.ADM2.00398,groundnut,cleaned,15,0.071000678392087,0.00504109633213657,0.8014702318635205
IN.ADM2.00398,jowar,full,10,0.11401410250848618,0.012999215570815594,0.7538110227239812
IN.ADM2.00398,jowar,cleaned,10,0.11401410250848618,0.012999215570815594,0.7538110227239812
IN.ADM2.00398,maize,full,16,0.02166287367540995,0.0004692800958767694,0.9365306680871401
IN.ADM2.00398,maize,cleaned,16,0.02166287367540995,0.0004692800958767694,0.9365306680871401
IN.ADM2.00398,potato,full,16,0.4046078874980754,0.16370754262565526,0.1200655525845921
IN.ADM2.00398,potato,cleaned,16,0.4046078874980754,0.16370754262565526,0.1200655525845921
IN.ADM2.00398,rapeseed_mustard,full,16,-0.19913491489704005,0.03965471433105138,0.45967587854915176
IN.ADM2.00398,rapeseed_mustard,cleaned,16,-0.19913491489704005,0.03965471433105138,0.45967587854915176
IN.ADM2.00398,rice,full,16,-0.3695078037795598,0.13653601705399365,0.15895998493301966
IN.ADM2.00398,rice,cleaned,16,-0.3695078037795598,0.13653601705399365,0.15895998493301966
IN.ADM2.00398,sesamum,full,16,0.08753951896604137,0.0076631673808059166,0.7471697788347464
IN.ADM2.00398,sesamum,cleaned,16,0.08753951896604137,0.0076631673808059166,0.7471697788347464
IN.ADM2.00398,sugarcane,full,16,0.6746299779826794,0.4551256071929105,0.004147586167039332
IN.ADM2.00398,sugarcane,cleaned,16,0.6746299779826794,0.4551256071929105,0.004147586167039332
IN.ADM2.00398,wheat,full,16,-0.27599861319837066,0.07617523448742382,0.3008018234660444
IN.ADM2.00398,wheat,cleaned,16,-0.27599861319837066,0.07617523448742382,0.3008018234660444
IN.ADM2.00399,arhartur,full,13,-0.2694668649621242,0.07261239131251568,0.37329785368804963
IN.ADM2.00399,arhartur,cleaned,13,-0.2694668649621242,0.07261239131251568,0.37329785368804963
IN.ADM2.00399,barley,full,16,-0.49349640353994517,0.24353870030686042,0.052063992464467024
IN.ADM2.00399,barley,cleaned,15,-0.5284208036635774,0.279228545744461,0.04286744901965753
IN.ADM2.00399,groundnut,full,15,0.25986486696730704,0.06752974908393619,0.34960919243013355
IN.ADM2.00399,groundnut,cleaned,15,0.25986486696730704,0.06752974908393619,0.34960919243013355
IN.ADM2.00399,jowar,full,5,0.7431746565665672,0.5523085701628352,0.1500751009733208
IN.ADM2.00399,jowar,cleaned,5,0.7431746565665672,0.5523085701628352,0.1500751009733208
IN.ADM2.00399,potato,full,16,0.3562334754395895,0.12690228902376863,0.1756472133351379
IN.ADM2.00399,potato,cleaned,16,0.3562334754395895,0.12690228902376863,0.1756472133351379
IN.ADM2.00399,rapeseed_mustard,full,16,-0.06031952288536263,0.0036384448411177863,0.8243861680464868
IN.ADM2.00399,rapeseed_mustard,cleaned,16,-0.06031952288536263,0.0036384448411177863,0.8243861680464868
IN.ADM2.00399,rice,full,16,0.4158771303022545,0.17295378750843834,0.10912630000054964
IN.ADM2.00399,rice,cleaned,16,0.4158771303022545,0.17295378750843834,0.10912630000054964
IN.ADM2.00399,sesamum,full,16,0.027935546304289266,0.0007803947473190897,0.9182034537268954
IN.ADM2.00399,sesamum,cleaned,16,0.027935546304289266,0.0007803947473190897,0.9182034537268954
IN.ADM2.00399,soyabean,full,5,-0.15739920941764649,0.024774511125300134,0.8004237020791964
IN.ADM2.00399,soyabean,cleaned,5,-0.15739920941764649,0.024774511125300134,0.8004237020791964
IN.ADM2.00399,sugarcane,full,16,0.45381100669137187,0.20594442979423636,0.07745739893983153
IN.ADM2.00399,sugarcane,cleaned,16,0.45381100669137187,0.20594442979423636,0.07745739893983153
IN.ADM2.00400,arhartur,full,13,-0.4070044197777613,0.16565259771863214,0.16750727323282538
IN.ADM2.00400,arhartur,cleaned,13,-0.4070044197777613,0.16565259771863214,0.16750727323282538
IN.ADM2.00400,barley,full,16,-0.3881609953343787,0.15066895829897556,0.1373633967938745
IN.ADM2.00400,barley,cleaned,15,-0.3528556118574197,0.12450708281927403,0.1970423446277396
IN.ADM2.00400,groundnut,full,15,0.09952221894672435,0.009904672064079738,0.7241734869241905
IN.ADM2.00400,groundnut,cleaned,15,0.09952221894672435,0.009904672064079738,0.7241734869241905
IN.ADM2.00400,jowar,full,16,-0.023480877883875026,0.0005513516261974514,0.9312154437905443
IN.ADM2.00400,jowar,cleaned,16,-0.023480877883875026,0.0005513516261974514,0.9312154437905443
IN.ADM2.00400,maize,full,16,0.03783444003914668,0.0014314448530757856,0.8893630386071487
IN.ADM2.00400,maize,cleaned,16,0.03783444003914668,0.0014314448530757856,0.8893630386071487
IN.ADM2.00400,potato,full,16,0.20406275843081678,0.04164160937839389,0.4484092732729331
IN.ADM2.00400,potato,cleaned,16,0.20406275843081678,0.04164160937839389,0.4484092732729331
IN.ADM2.00400,rapeseed_mustard,full,16,0.16677590063579625,0.027814201032880986,0.5370118775986239
IN.ADM2.00400,rapeseed_mustard,cleaned,16,0.16677590063579625,0.027814201032880986,0.5370118775986239
IN.ADM2.00400,rice,full,16,0.27552219926169064,0.07591248228599876,0.30167108031917156
IN.ADM2.00400,rice,cleaned,16,0.27552219926169064,0.07591248228599876,0.30167108031917156
IN.ADM2.00400,sesamum,full,16,0.17443324217401468,0.030426955975338454,0.5182033270020029
IN.ADM2.00400,sesamum,cleaned,16,0.17443324217401468,0.030426955975338454,0.5182033270020029
IN.ADM2.00400,soyabean,full,6,-0.16435539368947374,0.027012695434821907,0.7556867505621914
IN.ADM2.00400,soyabean,cleaned,6,-0.16435539368947374,0.027012695434821907,0.7556867505621914
IN.ADM2.00400,sugarcane,full,16,0.5243819884254353,0.27497646978501333,0.03704813960253253
IN.ADM2.00400,sugarcane,cleaned,16,0.5243819884254353,0.27497646978501333,0.03704813960253253
IN.ADM2.00400,wheat,full,16,-0.282443724442368,0.0797744574768763,0.2891881329874644
IN.ADM2.00400,wheat,cleaned,15,-0.20754571467541644,0.04307522368012937,0.45795000110272094
IN.ADM2.00401,arhartur,full,13,0.11802488655307196,0.013929873845865507,0.7009685256904795
IN.ADM2.00401,arhartur,cleaned,13,0.11802488655307196,0.013929873845865507,0.7009685256904795
IN.ADM2.00401,barley,full,16,0.26727529288412666,0.07143608218629569,0.31695283882421926
IN.ADM2.00401,barley,cleaned,16,0.26727529288412666,0.07143608218629569,0.31695283882421926
IN.ADM2.00401,cottonlint,full,15,-0.01345422546518327,0.000181016182867986,0.9620438035241096
IN.ADM2.00401,cottonlint,cleaned,15,-0.01345422546518327,0.000181016182867986,0.9620438035241096
IN.ADM2.00401,groundnut,full,9,-0.39106807917710157,0.15293424255126778,0.2979970191585571
IN.ADM2.00401,groundnut,cleaned,8,-0.15597852762281222,0.024329301079380396,0.7122491991528523
IN.ADM2.00401,jowar,full,16,-0.3621320320994286,0.1311396086724616,0.16809494199867792
IN.ADM2.00401,jowar,cleaned,15,-0.4002669298683086,0.16021361514620147,0.13930659492386915
IN.ADM2.00401,maize,full,16,0.1672677057996881,0.027978485403491016,0.5357947838141435
IN.ADM2.00401,maize,cleaned,16,0.1672677057996881,0.027978485403491016,0.5357947838141435
IN.ADM2.00401,potato,full,16,-0.0860364903335227,0.007402277668910345,0.7513820937819216
IN.ADM2.00401,potato,cleaned,16,-0.0860364903335227,0.007402277668910345,0.7513820937819216
IN.ADM2.00401,rapeseed_mustard,full,16,0.15145079941769687,0.022937344644259453,0.5755419822110713
IN.ADM2.00401,rapeseed_mustard,cleaned,16,0.15145079941769687,0.022937344644259453,0.5755419822110713
IN.ADM2.00401,rice,full,16,0.24491199657824947,0.05998188606794448,0.36060424772863475
IN.ADM2.00401,rice,cleaned,16,0.24491199657824947,0.05998188606794448,0.36060424772863475
IN.ADM2.00401,sesamum,full,14,-0.11805438951291976,0.013936838883268179,0.6877233146617683
IN.ADM2.00401,sesamum,cleaned,14,-0.11805438951291976,0.013936838883268179,0.6877233146617683
IN.ADM2.00401,sugarcane,full,16,0.29027543348299956,0.0842598272837433,0.27544260820531824
IN.ADM2.00401,sugarcane,cleaned,16,0.29027543348299956,0.0842598272837433,0.27544260820531824
IN.ADM2.00401,wheat,full,16,-0.12323386348229676,0.015186585108773354,0.6493325837738412
IN.ADM2.00401,wheat,cleaned,15,-0.15612667969813876,0.024375540113565214,0.5784541157420943
IN.ADM2.00402,barley,full,16,-0.14823511854369154,0.02197365036966228,0.5837710883866367
IN.ADM2.00402,barley,cleaned,16,-0.14823511854369154,0.02197365036966228,0.5837710883866367
IN.ADM2.00402,maize,full,16,0.36556117667853216,0.133634973894593,0.16380543897943772
IN.ADM2.00402,maize,cleaned,16,0.36556117667853216,0.133634973894593,0.16380543897943772
IN.ADM2.00402,potato,full,16,0.15743062628624044,0.0247844020928779,0.5603703549443406
IN.ADM2.00402,potato,cleaned,16,0.15743062628624044,0.0247844020928779,0.5603703549443406
IN.ADM2.00402,ragi,full,16,0.2800612897350724,0.07843432600807217,0.2934494379932645
IN.ADM2.00402,ragi,cleaned,16,0.2800612897350724,0.07843432600807217,0.2934494379932645
IN.ADM2.00402,rice,full,16,0.3523938836452169,0.12418144923055867,0.18068207020780563
IN.ADM2.00402,rice,cleaned,16,0.3523938836452169,0.12418144923055867,0.18068207020780563
IN.ADM2.00402,soyabean,full,16,0.16208275478730538,0.026270819399441765,0.548687870372943
IN.ADM2.00402,soyabean,cleaned,16,0.16208275478730538,0.026270819399441765,0.548687870372943
IN.ADM2.00402,wheat,full,16,-0.11241904025142757,0.012638040611052092,0.678494976517945
IN.ADM2.00402,wheat,cleaned,16,-0.11241904025142757,0.012638040611052092,0.678494976517945
IN.ADM2.00403,barley,full,16,0.02613140780818446,0.0006828504740376437,0.9234711355272873
IN.ADM2.00403,barley,cleaned,16,0.02613140780818446,0.0006828504740376437,0.9234711355272873
IN.ADM2.00403,groundnut,full,16,-0.09711835248489899,0.009431974389381086,0.7204863763321887
IN.ADM2.00403,groundnut,cleaned,16,-0.09711835248489899,0.009431974389381086,0.7204863763321887
IN.ADM2.00403,maize,full,16,0.2676905401281465,0.07165822527409882,0.3161727907703904
IN.ADM2.00403,maize,cleaned,16,0.2676905401281465,0.07165822527409882,0.3161727907703904
IN.ADM2.00403,potato,full,16,-0.17555590582815428,0.030819876071143774,0.5154714518942494
IN.ADM2.00403,potato,cleaned,16,-0.17555590582815428,0.030819876071143774,0.5154714518942494
IN.ADM2.00403,ragi,full,16,0.3480292006830247,0.12112432452806507,0.18651991855129121
IN.ADM2.00403,ragi,cleaned,16,0.3480292006830247,0.12112432452806507,0.18651991855129121
IN.ADM2.00403,rapeseed_mustard,full,16,-0.2519832969700119,0.06349558195187723,0.34645516951528116
IN.ADM2.00403,rapeseed_mustard,cleaned,16,-0.2519832969700119,0.06349558195187723,0.34645516951528116
IN.ADM2.00403,rice,full,16,0.229310752673548,0.0525834212917091,0.39293468653264263
IN.ADM2.00403,rice,cleaned,16,0.229310752673548,0.0525834212917091,0.39293468653264263
IN.ADM2.00403,soyabean,full,16,0.053139420160288595,0.002823797974971686,0.8450388129118802
IN.ADM2.00403,soyabean,cleaned,16,0.053139420160288595,0.002823797974971686,0.8450388129118802
IN.ADM2.00403,sugarcane,full,16,0.2910291928960765,0.08469799111774169,0.2741409449672928
IN.ADM2.00403,sugarcane,cleaned,16,0.2910291928960765,0.08469799111774169,0.2741409449672928
IN.ADM2.00403,wheat,full,16,-0.23646398591243803,0.05591521663359769,0.37792236104608057
IN.ADM2.00403,wheat,cleaned,16,-0.23646398591243803,0.05591521663359769,0.37792236104608057
IN.ADM2.00405,arhartur,full,13,0.09198621182916702,0.008461463166680387,0.7650344489660184
IN.ADM2.00405,arhartur,cleaned,13,0.09198621182916702,0.008461463166680387,0.7650344489660184
IN.ADM2.00405,barley,full,16,-0.24398898683497186,0.05953062569675607,0.36247452025728755
IN.ADM2.00405,barley,cleaned,16,-0.24398898683497186,0.05953062569675607,0.36247452025728755
IN.ADM2.00405,cottonlint,full,10,-0.06434086013740245,0.004139746283220783,0.8598355738640816
IN.ADM2.00405,cottonlint,cleaned,10,-0.06434086013740245,0.004139746283220783,0.8598355738640816
IN.ADM2.00405,groundnut,full,15,0.02414153748894808,0.0005828138323302856,0.9319435796729199
IN.ADM2.00405,groundnut,cleaned,15,0.02414153748894808,0.0005828138323302856,0.9319435796729199
IN.ADM2.00405,jowar,full,15,-0.3963231083080917,0.1570720061789874,0.14361078276150285
IN.ADM2.00405,jowar,cleaned,15,-0.3963231083080917,0.1570720061789874,0.14361078276150285
IN.ADM2.00405,maize,full,16,0.5836102414793054,0.3406009139595332,0.01762760540226376
IN.ADM2.00405,maize,cleaned,16,0.5836102414793054,0.3406009139595332,0.01762760540226376
IN.ADM2.00405,potato,full,16,-0.2543930743252415,0.06471583626464784,0.34170622932230543
IN.ADM2.00405,potato,cleaned,16,-0.2543930743252415,0.06471583626464784,0.34170622932230543
IN.ADM2.00405,rapeseed_mustard,full,16,-0.19104392270373421,0.036497780402030375,0.4784749523871671
IN.ADM2.00405,rapeseed_mustard,cleaned,16,-0.19104392270373421,0.036497780402030375,0.4784749523871671
IN.ADM2.00405,rice,full,16,-0.05195115094591225,0.0026989220846049596,0.8484662179523013
IN.ADM2.00405,rice,cleaned,15,0.13637347363229482,0.018597724310538213,0.6279418132637324
IN.ADM2.00405,sesamum,full,16,0.35258102963240884,0.12431338245664957,0.18043448511642024
IN.ADM2.00405,sesamum,cleaned,16,0.35258102963240884,0.12431338245664957,0.18043448511642024
IN.ADM2.00405,sugarcane,full,16,0.6457196859184534,0.4169539127826261,0.00689498584031107
IN.ADM2.00405,sugarcane,cleaned,16,0.6457196859184534,0.4169539127826261,0.00689498584031107
IN.ADM2.00405,wheat,full,16,-0.2090547730222136,0.04370389812336924,0.43713969763890487
IN.ADM2.00405,wheat,cleaned,15,-0.1964332178286873,0.03858600906653252,0.4828881955308901
IN.ADM2.00406,arhartur,full,13,-0.2227674614480838,0.0496253418800235,0.4644497659705835
IN.ADM2.00406,arhartur,cleaned,13,-0.2227674614480838,0.0496253418800235,0.4644497659705835
IN.ADM2.00406,barley,full,16,-0.04414928021754257,0.001949158943727096,0.8710303157358718
IN.ADM2.00406,barley,cleaned,15,0.0949736959229349,0.009020002917262102,0.7363560208988673
IN.ADM2.00406,groundnut,full,15,0.3327247091850755,0.11070573210229308,0.22560947454149136
IN.ADM2.00406,groundnut,cleaned,15,0.3327247091850755,0.11070573210229308,0.22560947454149136
IN.ADM2.00406,jowar,full,16,-0.37513513459995046,0.14072636921132295,0.15221902914903956
IN.ADM2.00406,jowar,cleaned,16,-0.37513513459995046,0.14072636921132295,0.15221902914903956
IN.ADM2.00406,maize,full,16,0.3241671792183123,0.1050843600823574,0.220612043305797
IN.ADM2.00406,maize,cleaned,16,0.3241671792183123,0.1050843600823574,0.220612043305797
IN.ADM2.00406,potato,full,16,-0.2950185801584062,0.08703596263868195,0.26731395800866137
IN.ADM2.00406,potato,cleaned,16,-0.2950185801584062,0.08703596263868195,0.26731395800866137
IN.ADM2.00406,rapeseed_mustard,full,16,-0.46496080660968875,0.2161885516831324,0.06957016332031163
IN.ADM2.00406,rapeseed_mustard,cleaned,15,-0.6056172019596121,0.3667721953093896,0.016727339678287358
IN.ADM2.00406,rice,full,16,0.15137638528194422,0.022914810021027618,0.575731860520041
IN.ADM2.00406,rice,cleaned,16,0.15137638528194422,0.022914810021027618,0.575731860520041
IN.ADM2.00406,sesamum,full,16,-0.2962379477837509,0.08775692170712833,0.2652481782037432
IN.ADM2.00406,sesamum,cleaned,16,-0.2962379477837509,0.08775692170712833,0.2652481782037432
IN.ADM2.00406,sugarcane,full,16,0.49109083404373094,0.24117020728176727,0.05339836886777302
IN.ADM2.00406,sugarcane,cleaned,16,0.49109083404373094,0.24117020728176727,0.05339836886777302
IN.ADM2.00406,wheat,full,16,-0.063271115082513,0.004003234003784604,0.8159267533784145
IN.ADM2.00406,wheat,cleaned,15,0.11891181650923334,0.01414002010552558,0.6729574719145821
IN.ADM2.00409,arhartur,full,13,0.3386383910129991,0.11467595986787286,0.2577179516588331
IN.ADM2.00409,arhartur,cleaned,13,0.3386383910129991,0.11467595986787286,0.2577179516588331
IN.ADM2.00409,barley,full,16,0.19671486601706561,0.038696738512112076,0.46525989254033523
IN.ADM2.00409,barley,cleaned,16,0.19671486601706561,0.038696738512112076,0.46525989254033523
IN.ADM2.00409,groundnut,full,15,0.5390717706040882,0.29059837386222664,0.038112938482233676
IN.ADM2.00409,groundnut,cleaned,15,0.5390717706040882,0.29059837386222664,0.038112938482233676
IN.ADM2.00409,jowar,full,16,0.2729110159091738,0.07448042260457732,0.3064617273050976
IN.ADM2.00409,jowar,cleaned,16,0.2729110159091738,0.07448042260457732,0.3064617273050976
IN.ADM2.00409,maize,full,16,-0.16953573082727755,0.028742364027139106,0.5301980194071234
IN.ADM2.00409,maize,cleaned,16,-0.16953573082727755,0.028742364027139106,0.5301980194071234
IN.ADM2.00409,potato,full,16,-0.12441230254671107,0.015478421024974369,0.646182654655888
IN.ADM2.00409,potato,cleaned,16,-0.12441230254671107,0.015478421024974369,0.646182654655888
IN.ADM2.00409,rapeseed_mustard,full,16,-0.13541058935336364,0.018336027709025277,0.6170617094339299
IN.ADM2.00409,rapeseed_mustard,cleaned,16,-0.13541058935336364,0.018336027709025277,0.6170617094339299
IN.ADM2.00409,rice,full,16,0.07004817687349128,0.004906747083299919,0.7965766761931687
IN.ADM2.00409,rice,cleaned,16,0.07004817687349128,0.004906747083299919,0.7965766761931687
IN.ADM2.00409,sesamum,full,16,0.2888894123636925,0.08345709257583955,0.2778458751005671
IN.ADM2.00409,sesamum,cleaned,16,0.2888894123636925,0.08345709257583955,0.2778458751005671
IN.ADM2.00409,sugarcane,full,16,0.29256184369362487,0.08559243238541299,0.2715057471753273
IN.ADM2.00409,sugarcane,cleaned,16,0.29256184369362487,0.08559243238541299,0.2715057471753273
IN.ADM2.00409,wheat,full,16,-0.049619947034980724,0.0024621391437542922,0.8551976130664811
IN.ADM2.00409,wheat,cleaned,15,0.1539042615711687,0.023686521729766718,0.5839406002923454
IN.ADM2.00410,arhartur,full,13,0.08969370330591724,0.008044960412729908,0.7707478654867455
IN.ADM2.00410,arhartur,cleaned,13,0.08969370330591724,0.008044960412729908,0.7707478654867455
IN.ADM2.00410,barley,full,16,0.14141007756783372,0.01999681003774075,0.6013956765807913
IN.ADM2.00410,barley,cleaned,15,-0.03516321138114951,0.0012364514346354023,0.9009914527401842
IN.ADM2.00410,cottonlint,full,13,0.21303701699681904,0.045384770610902965,0.48467214742851633
IN.ADM2.00410,cottonlint,cleaned,13,0.21303701699681904,0.045384770610902965,0.48467214742851633
IN.ADM2.00410,groundnut,full,15,-0.17049567686406886,0.029068775829336986,0.5435085542605856
IN.ADM2.00410,groundnut,cleaned,15,-0.17049567686406886,0.029068775829336986,0.5435085542605856
IN.ADM2.00410,jowar,full,16,-0.36409960910337724,0.1325685253492321,0.165624657738071
IN.ADM2.00410,jowar,cleaned,15,-0.471519063770802,0.22233022749929363,0.07600635473053974
IN.ADM2.00410,maize,full,16,0.5514816058390896,0.30413196157886097,0.026797143071623335
IN.ADM2.00410,maize,cleaned,16,0.5514816058390896,0.30413196157886097,0.026797143071623335
IN.ADM2.00410,potato,full,16,0.10608765577630522,0.011254590708111826,0.6957714858156481
IN.ADM2.00410,potato,cleaned,16,0.10608765577630522,0.011254590708111826,0.6957714858156481
IN.ADM2.00410,rapeseed_mustard,full,16,-0.02054357703923737,0.0004220385575670809,0.9398043733495525
IN.ADM2.00410,rapeseed_mustard,cleaned,16,-0.02054357703923737,0.0004220385575670809,0.9398043733495525
IN.ADM2.00410,rice,full,16,-0.03930067191491661,0.0015445428129639152,0.8851013793584113
IN.ADM2.00410,rice,cleaned,16,-0.03930067191491661,0.0015445428129639152,0.8851013793584113
IN.ADM2.00410,sesamum,full,16,0.4442374040326123,0.19734687114163443,0.08472879428066318
IN.ADM2.00410,sesamum,cleaned,16,0.4442374040326123,0.19734687114163443,0.08472879428066318
IN.ADM2.00410,sugarcane,full,16,0.10070546826934751,0.010141591339348558,0.7105694061778822
IN.ADM2.00410,sugarcane,cleaned,16,0.10070546826934751,0.010141591339348558,0.7105694061778822
IN.ADM2.00410,wheat,full,16,0.15991441124862704,0.025572618924995016,0.554119735782722
IN.ADM2.00410,wheat,cleaned,15,-0.09286584434322565,0.008624065045580215,0.7420215959660738
IN.ADM2.00412,arhartur,full,13,0.4627149654503007,0.214105139251673,0.11134352867085011
IN.ADM2.00412,arhartur,cleaned,13,0.4627149654503007,0.214105139251673,0.11134352867085011
IN.ADM2.00412,barley,full,16,-0.6111686819865703,0.37352715784120144,0.011893702340804444
IN.ADM2.00412,barley,cleaned,16,-0.6111686819865703,0.37352715784120144,0.011893702340804444
IN.ADM2.00412,groundnut,full,14,-0.08787632985710678,0.007722249349155036,0.7651494790003335
IN.ADM2.00412,groundnut,cleaned,14,-0.08787632985710678,0.007722249349155036,0.7651494790003335
IN.ADM2.00412,jowar,full,16,0.3750866588404891,0.14069000164012144,0.15227625918890747
IN.ADM2.00412,jowar,cleaned,16,0.3750866588404891,0.14069000164012144,0.15227625918890747
IN.ADM2.00412,maize,full,16,0.3008593001063447,0.09051631846047958,0.25750785539835175
IN.ADM2.00412,maize,cleaned,16,0.3008593001063447,0.09051631846047958,0.25750785539835175
IN.ADM2.00412,potato,full,16,0.19803866331942516,0.03921931216934463,0.46220122722550416
IN.ADM2.00412,potato,cleaned,16,0.19803866331942516,0.03921931216934463,0.46220122722550416
IN.ADM2.00412,rapeseed_mustard,full,16,-0.5799310446230771,0.33632001651761345,0.01853203515475719
IN.ADM2.00412,rapeseed_mustard,cleaned,16,-0.5799310446230771,0.33632001651761345,0.01853203515475719
IN.ADM2.00412,rice,full,16,-0.18079272532434604,0.03268600953020443,0.502816677359615
IN.ADM2.00412,rice,cleaned,15,0.007087071598363146,5.0226583840325556e-05,0.9800016147604169
IN.ADM2.00412,sesamum,full,15,-0.47183905607136,0.222632094834312,0.07578008950578805
IN.ADM2.00412,sesamum,cleaned,15,-0.47183905607136,0.222632094834312,0.07578008950578805
IN.ADM2.00412,sugarcane,full,16,0.35238559833805794,0.1241756099160711,0.18069303644195037
IN.ADM2.00412,sugarcane,cleaned,15,0.323651262554164,0.1047501397529044,0.23929092681925812
IN.ADM2.00412,wheat,full,16,-0.5398389749820744,0.29142611890969683,0.03089362216991452
IN.ADM2.00412,wheat,cleaned,15,-0.4788224605731297,0.22927094874930637,0.07096151908845454
IN.ADM2.00413,arhartur,full,13,0.1279731358331862,0.016377123494979128,0.6769404413132739
IN.ADM2.00413,arhartur,cleaned,13,0.1279731358331862,0.016377123494979128,0.6769404413132739
IN.ADM2.00413,bajra,full,10,0.5412882958427224,0.2929930192163186,0.10612233970945115
IN.ADM2.00413,bajra,cleaned,10,0.5412882958427224,0.2929930192163186,0.10612233970945115
IN.ADM2.00413,barley,full,16,-0.10506497395196533,0.011038648751527153,0.69857554911364
IN.ADM2.00413,barley,cleaned,16,-0.10506497395196533,0.011038648751527153,0.69857554911364
IN.ADM2.00413,groundnut,full,15,-0.08683433646028918,0.007540201988498707,0.758300514718818
IN.ADM2.00413,groundnut,cleaned,15,-0.08683433646028918,0.007540201988498707,0.758300514718818
IN.ADM2.00413,jowar,full,15,-0.4472486021884175,0.20003131215949332,0.09461339269107472
IN.ADM2.00413,jowar,cleaned,15,-0.4472486021884175,0.20003131215949332,0.09461339269107472
IN.ADM2.00413,maize,full,16,0.3612148991384351,0.13047620335958982,0.16925474176895894
IN.ADM2.00413,maize,cleaned,16,0.3612148991384351,0.13047620335958982,0.16925474176895894
IN.ADM2.00413,potato,full,16,0.33838629073112847,0.1145052817547718,0.1998520140906621
IN.ADM2.00413,potato,cleaned,16,0.33838629073112847,0.1145052817547718,0.1998520140906621
IN.ADM2.00413,rapeseed_mustard,full,16,0.09012492138452943,0.00812250145456761,0.7399397823363492
IN.ADM2.00413,rapeseed_mustard,cleaned,16,0.09012492138452943,0.00812250145456761,0.7399397823363492
IN.ADM2.00413,rice,full,16,-0.6190681838673212,0.38324541627678343,0.010556630127922947
IN.ADM2.00413,rice,cleaned,15,-0.6687540522988245,0.44723198246609885,0.006412256792174828
IN.ADM2.00413,sesamum,full,16,0.2177536928585776,0.047416670753547746,0.4178531556689914
IN.ADM2.00413,sesamum,cleaned,16,0.2177536928585776,0.047416670753547746,0.4178531556689914
IN.ADM2.00413,sugarcane,full,16,0.5003544306870438,0.2503545563081557,0.04839555844626525
IN.ADM2.00413,sugarcane,cleaned,16,0.5003544306870438,0.2503545563081557,0.04839555844626525
IN.ADM2.00413,wheat,full,16,-0.25299963378549734,0.06400881469559576,0.34444774815354845
IN.ADM2.00413,wheat,cleaned,16,-0.25299963378549734,0.06400881469559576,0.34444774815354845
IN.ADM2.00414,arhartur,full,13,-0.13849808873547473,0.01918172058337943,0.6518227692142994
IN.ADM2.00414,arhartur,cleaned,13,-0.13849808873547473,0.01918172058337943,0.6518227692142994
IN.ADM2.00414,barley,full,16,-0.3226799976259294,0.10412238086786982,0.22285961631373896
IN.ADM2.00414,barley,cleaned,16,-0.3226799976259294,0.10412238086786982,0.22285961631373896
IN.ADM2.00414,groundnut,full,15,-0.017554753831130664,0.0003081693820715967,0.9504871973836229
IN.ADM2.00414,groundnut,cleaned,15,-0.017554753831130664,0.0003081693820715967,0.9504871973836229
IN.ADM2.00414,jowar,full,11,0.3168093680655106,0.10036817569406815,0.3425005898937542
IN.ADM2.00414,jowar,cleaned,11,0.3168093680655106,0.10036817569406815,0.3425005898937542
IN.ADM2.00414,maize,full,16,0.7396553173018412,0.5470899884128874,0.001056403456094479
IN.ADM2.00414,maize,cleaned,16,0.7396553173018412,0.5470899884128874,0.001056403456094479
IN.ADM2.00414,potato,full,16,0.32198522167587695,0.10367448297766362,0.22391459563150268
IN.ADM2.00414,potato,cleaned,16,0.32198522167587695,0.10367448297766362,0.22391459563150268
IN.ADM2.00414,rapeseed_mustard,full,16,-0.3088826470841992,0.09540848966974196,0.24440369213658586
IN.ADM2.00414,rapeseed_mustard,cleaned,16,-0.3088826470841992,0.09540848966974196,0.24440369213658586
IN.ADM2.00414,rice,full,16,-0.2282910559513548,0.052116806227384606,0.3951004673152254
IN.ADM2.00414,rice,cleaned,15,-0.23194551058549273,0.05379871988076492,0.4055095038597057
IN.ADM2.00414,sesamum,full,16,0.1941842438187282,0.03770752054745128,0.47113463756060575
IN.ADM2.00414,sesamum,cleaned,16,0.1941842438187282,0.03770752054745128,0.47113463756060575
IN.ADM2.00414,sugarcane,full,16,0.42603364893003215,0.1815046700206379,0.09988386398164392
IN.ADM2.00414,sugarcane,cleaned,16,0.42603364893003215,0.1815046700206379,0.09988386398164392
IN.ADM2.00414,wheat,full,16,-0.30435937667917345,0.092634630172535,0.2517391968347563
IN.ADM2.00414,wheat,cleaned,15,-0.21355202177700444,0.04560446600504618,0.4447412141960882
IN.ADM2.00416,arhartur,full,13,-0.303795023191162,0.09229141611571864,0.3129295281630591
IN.ADM2.00416,arhartur,cleaned,13,-0.303795023191162,0.09229141611571864,0.3129295281630591
IN.ADM2.00416,barley,full,16,-0.014452615743132335,0.00020887810181863663,0.9576337112952911
IN.ADM2.00416,barley,cleaned,15,-0.005400944261331149,2.917019891400587e-05,0.984758961160466
IN.ADM2.00416,groundnut,full,15,0.41526887841699606,0.17244824138170986,0.12373313986635881
IN.ADM2.00416,groundnut,cleaned,15,0.41526887841699606,0.17244824138170986,0.12373313986635881
IN.ADM2.00416,jowar,full,16,-0.12586710007990834,0.015842526882525663,0.6423017900936883
IN.ADM2.00416,jowar,cleaned,16,-0.12586710007990834,0.015842526882525663,0.6423017900936883
IN.ADM2.00416,maize,full,16,0.30391191248855925,0.09236245055245369,0.2524721864119662
IN.ADM2.00416,maize,cleaned,16,0.30391191248855925,0.09236245055245369,0.2524721864119662
IN.ADM2.00416,potato,full,16,0.10725054685263469,0.011502679800189188,0.6925874716491447
IN.ADM2.00416,potato,cleaned,16,0.10725054685263469,0.011502679800189188,0.6925874716491447
IN.ADM2.00416,rapeseed_mustard,full,16,-0.31661516434079584,0.10024516229054915,0.2321755602473069
IN.ADM2.00416,rapeseed_mustard,cleaned,15,-0.34885999705939896,0.12170329754828385,0.20251722692508922
IN.ADM2.00416,rice,full,16,0.12717054279951207,0.01617234695592253,0.6388320333094846
IN.ADM2.00416,rice,cleaned,16,0.12717054279951207,0.01617234695592253,0.6388320333094846
IN.ADM2.00416,sesamum,full,16,0.1644962121763746,0.027059003820374856,0.5426695923745223
IN.ADM2.00416,sesamum,cleaned,16,0.1644962121763746,0.027059003820374856,0.5426695923745223
IN.ADM2.00416,soyabean,full,7,-0.20769064334038076,0.04313540333114125,0.6549684361554209
IN.ADM2.00416,soyabean,cleaned,7,-0.20769064334038076,0.04313540333114125,0.6549684361554209
IN.ADM2.00416,sugarcane,full,16,0.3594070232633153,0.12917340837099728,0.1715565388019084
IN.ADM2.00416,sugarcane,cleaned,16,0.3594070232633153,0.12917340837099728,0.1715565388019084
IN.ADM2.00416,wheat,full,16,-0.21110841695804347,0.044566763710531136,0.43254601130256254
IN.ADM2.00416,wheat,cleaned,15,-0.1957535141373683,0.038319438297128854,0.4844342560323759
IN.ADM2.00417,arhartur,full,12,0.7667828125311968,0.5879558815932525,0.003616963167093728
IN.ADM2.00417,arhartur,cleaned,12,0.7667828125311968,0.5879558815932525,0.003616963167093728
IN.ADM2.00417,barley,full,16,-0.39295595953579576,0.15441438613469796,0.1321541702933895
IN.ADM2.00417,barley,cleaned,16,-0.39295595953579576,0.15441438613469796,0.1321541702933895
IN.ADM2.00417,groundnut,full,16,-0.09543077838548025,0.009107033463258645,0.725166450352934
IN.ADM2.00417,groundnut,cleaned,16,-0.09543077838548025,0.009107033463258645,0.725166450352934
IN.ADM2.00417,maize,full,16,-0.4282375092241086,0.1833873643064685,0.09795392522932846
IN.ADM2.00417,maize,cleaned,16,-0.4282375092241086,0.1833873643064685,0.09795392522932846
IN.ADM2.00417,potato,full,16,-0.07071291306394047,0.0050003160739884025,0.7946844847549791
IN.ADM2.00417,potato,cleaned,16,-0.07071291306394047,0.0050003160739884025,0.7946844847549791
IN.ADM2.00417,rapeseed_mustard,full,16,-0.06758221351511465,0.004567355583602545,0.8036053231708471
IN.ADM2.00417,rapeseed_mustard,cleaned,16,-0.06758221351511465,0.004567355583602545,0.8036053231708471
IN.ADM2.00417,rice,full,16,0.16806846665464711,0.02824700948364423,0.5338157470895322
IN.ADM2.00417,rice,cleaned,16,0.16806846665464711,0.02824700948364423,0.5338157470895322
IN.ADM2.00417,sugarcane,full,15,0.41793603978691407,0.17467053335276903,0.1210950587965317
IN.ADM2.00417,sugarcane,cleaned,15,0.41793603978691407,0.17467053335276903,0.1210950587965317
IN.ADM2.00417,wheat,full,16,-0.07859225360514668,0.006176742326735692,0.7723400242841807
IN.ADM2.00417,wheat,cleaned,15,0.11405080939973616,0.013007587124734947,0.6856825298244676
IN.ADM2.00418,arhartur,full,13,-0.09759582702765095,0.009524945453211163,0.7511006953264604
IN.ADM2.00418,arhartur,cleaned,13,-0.09759582702765095,0.009524945453211163,0.7511006953264604
IN.ADM2.00418,barley,full,16,0.09766689282996559,0.009538821955059984,0.7189671258528437
IN.ADM2.00418,barley,cleaned,16,0.09766689282996559,0.009538821955059984,0.7189671258528437
IN.ADM2.00418,groundnut,full,15,0.21512039606107186,0.046276784801472425,0.4413239089026838
IN.ADM2.00418,groundnut,cleaned,14,0.5390104418499195,0.2905322564232455,0.04670850170365641
IN.ADM2.00418,jowar,full,16,-0.0798829160465194,0.006381280276095266,0.76869537641057
IN.ADM2.00418,jowar,cleaned,16,-0.0798829160465194,0.006381280276095266,0.76869537641057
IN.ADM2.00418,potato,full,16,-0.1668926214972617,0.027853147110228255,0.5367229112237271
IN.ADM2.00418,potato,cleaned,16,-0.1668926214972617,0.027853147110228255,0.5367229112237271
IN.ADM2.00418,rapeseed_mustard,full,16,-0.30719748431348853,0.09437029436853603,0.24712081475507958
IN.ADM2.00418,rapeseed_mustard,cleaned,16,-0.30719748431348853,0.09437029436853603,0.24712081475507958
IN.ADM2.00418,rice,full,16,0.4630853791008108,0.2144480683369417,0.07085403431572412
IN.ADM2.00418,rice,cleaned,16,0.4630853791008108,0.2144480683369417,0.07085403431572412
IN.ADM2.00418,sesamum,full,16,-0.3147534910335148,0.09906976011778489,0.23508365172580004
IN.ADM2.00418,sesamum,cleaned,16,-0.3147534910335148,0.09906976011778489,0.23508365172580004
IN.ADM2.00418,soyabean,full,15,-0.038526927321437275,0.00148432412883131,0.8915695137036928
IN.ADM2.00418,soyabean,cleaned,15,-0.038526927321437275,0.00148432412883131,0.8915695137036928
IN.ADM2.00418,sugarcane,full,16,0.703330655334173,0.4946740107327973,0.0023678725259074205
IN.ADM2.00418,sugarcane,cleaned,16,0.703330655334173,0.4946740107327973,0.0023678725259074205
IN.ADM2.00418,wheat,full,16,-0.09290962633444283,0.008632198665605793,0.7321752244808333
IN.ADM2.00418,wheat,cleaned,15,0.0032854774639321654,1.0794362166006134e-05,0.9907283293146268
IN.ADM2.00419,arhartur,full,13,0.287884547541382,0.08287751271310623,0.34018479421743897
IN.ADM2.00419,arhartur,cleaned,13,0.287884547541382,0.08287751271310623,0.34018479421743897
IN.ADM2.00419,barley,full,16,-0.20261611327126614,0.04105328935715455,0.451702229357935
IN.ADM2.00419,barley,cleaned,16,-0.20261611327126614,0.04105328935715455,0.451702229357935
IN.ADM2.00419,jowar,full,16,-0.25689801808809454,0.06599659169759095,0.33680918507345314
IN.ADM2.00419,jowar,cleaned,16,-0.25689801808809454,0.06599659169759095,0.33680918507345314
IN.ADM2.00419,maize,full,16,0.07267149189122926,0.005281145733697,0.789115602282884
IN.ADM2.00419,maize,cleaned,16,0.07267149189122926,0.005281145733697,0.789115602282884
IN.ADM2.00419,potato,full,16,0.32306776529639575,0.10437278097360705,0.22227218779542818
IN.ADM2.00419,potato,cleaned,16,0.32306776529639575,0.10437278097360705,0.22227218779542818
IN.ADM2.00419,rapeseed_mustard,full,16,-0.3517555303176456,0.12373195310904811,0.18152826486414353
IN.ADM2.00419,rapeseed_mustard,cleaned,16,-0.3517555303176456,0.12373195310904811,0.18152826486414353
IN.ADM2.00419,rice,full,16,-0.0317660015269248,0.0010090788530085885,0.9070302002181363
IN.ADM2.00419,rice,cleaned,15,-0.19970902719353928,0.03988369554258981,0.475470195930823
IN.ADM2.00419,sesamum,full,16,-0.3397705954639471,0.1154440575419252,0.1979011687735477
IN.ADM2.00419,sesamum,cleaned,16,-0.3397705954639471,0.1154440575419252,0.1979011687735477
IN.ADM2.00419,sugarcane,full,16,0.08160563771892994,0.00665948010751324,0.7638377332633801
IN.ADM2.00419,sugarcane,cleaned,16,0.08160563771892994,0.00665948010751324,0.7638377332633801
IN.ADM2.00419,wheat,full,16,-0.049756833945760276,0.0024757425243059623,0.8548020863107109
IN.ADM2.00419,wheat,cleaned,15,0.04202194704150832,0.00176584403315933,0.8817940409086159
IN.ADM2.00420,arhartur,full,13,-0.08373170452988085,0.007010998343479269,0.7856557363144372
IN.ADM2.00420,arhartur,cleaned,13,-0.08373170452988085,0.007010998343479269,0.7856557363144372
IN.ADM2.00420,barley,full,16,-0.28675387697130605,0.08222778595807492,0.2815734723901162
IN.ADM2.00420,barley,cleaned,15,-0.25595591397713413,0.0655134298998701,0.35716377865638227
IN.ADM2.00420,groundnut,full,15,0.13209232777424532,0.017448383056818662,0.6388736534596353
IN.ADM2.00420,groundnut,cleaned,15,0.13209232777424532,0.017448383056818662,0.6388736534596353
IN.ADM2.00420,jowar,full,16,0.1664100358373389,0.027692300027384417,0.5379181005746743
IN.ADM2.00420,jowar,cleaned,16,0.1664100358373389,0.027692300027384417,0.5379181005746743
IN.ADM2.00420,maize,full,16,0.11904028491415927,0.014170589432444215,0.6605868196518465
IN.ADM2.00420,maize,cleaned,16,0.11904028491415927,0.014170589432444215,0.6605868196518465
IN.ADM2.00420,potato,full,16,-0.19576400139546538,0.03832354424236377,0.4674630361236801
IN.ADM2.00420,potato,cleaned,16,-0.19576400139546538,0.03832354424236377,0.4674630361236801
IN.ADM2.00420,rapeseed_mustard,full,16,-0.46928695890258904,0.22023024979604028,0.0666733217224354
IN.ADM2.00420,rapeseed_mustard,cleaned,16,-0.46928695890258904,0.22023024979604028,0.0666733217224354
IN.ADM2.00420,rice,full,16,0.32336224868466446,0.10456314387440278,0.2218267336474335
IN.ADM2.00420,rice,cleaned,16,0.32336224868466446,0.10456314387440278,0.2218267336474335
IN.ADM2.00420,soyabean,full,16,0.004870394640496198,2.372074395417409e-05,0.9857176745501794
IN.ADM2.00420,soyabean,cleaned,16,0.004870394640496198,2.372074395417409e-05,0.9857176745501794
IN.ADM2.00420,sugarcane,full,16,0.6188119232913676,0.38292819640756137,0.010598056959024759
IN.ADM2.00420,sugarcane,cleaned,16,0.6188119232913676,0.38292819640756137,0.010598056959024759
IN.ADM2.00420,wheat,full,16,-0.3384877875786025,0.11457398233985712,0.1997085567743746
IN.ADM2.00420,wheat,cleaned,15,-0.3152618699608441,0.09939004665120818,0.25238814859836406
IN.ADM2.00421,arhartur,full,12,-0.08912667274268399,0.007943563794181489,0.7829713539759606
IN.ADM2.00421,arhartur,cleaned,12,-0.08912667274268399,0.007943563794181489,0.7829713539759606
IN.ADM2.00421,barley,full,14,0.10444436858190499,0.010908626128472822,0.7223394650337125
IN.ADM2.00421,barley,cleaned,14,0.10444436858190499,0.010908626128472822,0.7223394650337125
IN.ADM2.00421,groundnut,full,9,0.09479511255686575,0.008986113364668846,0.8083252688188328
IN.ADM2.00421,groundnut,cleaned,9,0.09479511255686575,0.008986113364668846,0.8083252688188328
IN.ADM2.00421,jowar,full,14,0.08631798579817679,0.00745079467225425,0.7692103650261317
IN.ADM2.00421,jowar,cleaned,14,0.08631798579817679,0.00745079467225425,0.7692103650261317
IN.ADM2.00421,maize,full,15,0.11007493528772502,0.012116491378596852,0.6961492705770266
IN.ADM2.00421,maize,cleaned,15,0.11007493528772502,0.012116491378596852,0.6961492705770266
IN.ADM2.00421,potato,full,14,0.010828216394259585,0.00011725027028091205,0.9706934071621969
IN.ADM2.00421,potato,cleaned,13,0.07355025619383068,0.005409640186178129,0.8112680604354048
IN.ADM2.00421,rapeseed_mustard,full,14,-0.3404600500122974,0.11591304565437605,0.23360731611295354
IN.ADM2.00421,rapeseed_mustard,cleaned,14,-0.3404600500122974,0.11591304565437605,0.23360731611295354
IN.ADM2.00421,rice,full,14,0.02471843128898285,0.0006110008453881664,0.9331545245198674
IN.ADM2.00421,rice,cleaned,14,0.02471843128898285,0.0006110008453881664,0.9331545245198674
IN.ADM2.00421,sesamum,full,14,-0.10024561205381832,0.010049182736044646,0.7331226230414503
IN.ADM2.00421,sesamum,cleaned,14,-0.10024561205381832,0.010049182736044646,0.7331226230414503
IN.ADM2.00421,sugarcane,full,14,0.511115272219873,0.2612388214963948,0.061775921899601224
IN.ADM2.00421,sugarcane,cleaned,14,0.511115272219873,0.2612388214963948,0.061775921899601224
IN.ADM2.00421,wheat,full,14,-0.07863262931264331,0.006183090392619572,0.7893163757972266
IN.ADM2.00421,wheat,cleaned,13,-0.09935080137961186,0.009870581734771086,0.7467555302568524
IN.ADM2.00422,arhartur,full,13,0.3467732540004476,0.12025168969005896,0.24572401078387401
IN.ADM2.00422,arhartur,cleaned,13,0.3467732540004476,0.12025168969005896,0.24572401078387401
IN.ADM2.00422,barley,full,16,0.24497993421911568,0.06001516817000225,0.360466800165375
IN.ADM2.00422,barley,cleaned,16,0.24497993421911568,0.06001516817000225,0.360466800165375
IN.ADM2.00422,groundnut,full,15,0.6552332417298234,0.42933060106777327,0.008013690155743314
IN.ADM2.00422,groundnut,cleaned,15,0.6552332417298234,0.42933060106777327,0.008013690155743314
IN.ADM2.00422,jowar,full,16,-0.10983010244087818,0.012062651402173795,0.6855418686044905
IN.ADM2.00422,jowar,cleaned,16,-0.10983010244087818,0.012062651402173795,0.6855418686044905
IN.ADM2.00422,maize,full,16,-0.14261118283794694,0.02033794947043833,0.5982785925099896
IN.ADM2.00422,maize,cleaned,16,-0.14261118283794694,0.02033794947043833,0.5982785925099896
IN.ADM2.00422,potato,full,16,-0.4811430447015974,0.23149862946472335,0.05918658310026359
IN.ADM2.00422,potato,cleaned,16,-0.4811430447015974,0.23149862946472335,0.05918658310026359
IN.ADM2.00422,rapeseed_mustard,full,16,0.1945421367588518,0.03784664297469979,0.4703016035046275
IN.ADM2.00422,rapeseed_mustard,cleaned,16,0.1945421367588518,0.03784664297469979,0.4703016035046275
IN.ADM2.00422,rice,full,16,0.39231101080158565,0.15390792919616186,0.13284680895181664
IN.ADM2.00422,rice,cleaned,16,0.39231101080158565,0.15390792919616186,0.13284680895181664
IN.ADM2.00422,sesamum,full,16,0.02788078728094108,0.0007773382994050859,0.9183632919839522
IN.ADM2.00422,sesamum,cleaned,16,0.02788078728094108,0.0007773382994050859,0.9183632919839522
IN.ADM2.00422,soyabean,full,10,0.3422047879194053,0.11710411687496515,0.3331004591763388
IN.ADM2.00422,soyabean,cleaned,10,0.3422047879194053,0.11710411687496515,0.3331004591763388
IN.ADM2.00422,sugarcane,full,16,0.5379681409773991,0.28940972070667875,0.03159396871764094
IN.ADM2.00422,sugarcane,cleaned,16,0.5379681409773991,0.28940972070667875,0.03159396871764094
IN.ADM2.00422,wheat,full,16,0.30655330550930177,0.0939749291186793,0.2481644164963355
IN.ADM2.00422,wheat,cleaned,15,0.46463490502852167,0.21588559497086335,0.08099203318172027
IN.ADM2.00423,arhartur,full,13,-0.2102132093128687,0.04418959336961594,0.49061600586024856
IN.ADM2.00423,arhartur,cleaned,13,-0.2102132093128687,0.04418959336961594,0.49061600586024856
IN.ADM2.00423,barley,full,16,-0.32418033727568,0.10509289107617366,0.22059222222556316
IN.ADM2.00423,barley,cleaned,15,-0.24520055436427962,0.06012331186055005,0.3784102937114775
IN.ADM2.00423,groundnut,full,15,0.5831342263011904,0.3400455258838879,0.022507781954513306
IN.ADM2.00423,groundnut,cleaned,15,0.5831342263011904,0.3400455258838879,0.022507781954513306
IN.ADM2.00423,jowar,full,16,-0.20851741877736618,0.043479513933575506,0.43834577793523855
IN.ADM2.00423,jowar,cleaned,16,-0.20851741877736618,0.043479513933575506,0.43834577793523855
IN.ADM2.00423,maize,full,16,0.43300641619330515,0.1874945564645698,0.09386851606413826
IN.ADM2.00423,maize,cleaned,16,0.43300641619330515,0.1874945564645698,0.09386851606413826
IN.ADM2.00423,potato,full,16,-0.0924320996680065,0.008543693049036287,0.7335049998320402
IN.ADM2.00423,potato,cleaned,16,-0.0924320996680065,0.008543693049036287,0.7335049998320402
IN.ADM2.00423,rapeseed_mustard,full,16,-0.2924447970648656,0.08552395933031041,0.2717064487248366
IN.ADM2.00423,rapeseed_mustard,cleaned,16,-0.2924447970648656,0.08552395933031041,0.2717064487248366
IN.ADM2.00423,rice,full,16,0.23228655243942342,0.053957042444193005,0.3866509135986126
IN.ADM2.00423,rice,cleaned,16,0.23228655243942342,0.053957042444193005,0.3866509135986126
IN.ADM2.00423,sesamum,full,16,0.13675999739271433,0.01870329688685523,0.6135242686993487
IN.ADM2.00423,sesamum,cleaned,15,-0.14293025382352056,0.020429057458056014,0.6113380355963588
IN.ADM2.00423,sugarcane,full,16,0.749122426701054,0.561184410186476,0.0008379747711846044
IN.ADM2.00423,sugarcane,cleaned,16,0.749122426701054,0.561184410186476,0.0008379747711846044
IN.ADM2.00423,wheat,full,16,-0.3335177996522662,0.11123412268488916,0.2068117571905185
IN.ADM2.00423,wheat,cleaned,15,-0.4846794583375229,0.2349141773343546,0.06709354164056679
IN.ADM2.00424,arhartur,full,9,-0.5728020358210689,0.3281021722407611,0.10694722675855294
IN.ADM2.00424,arhartur,cleaned,9,-0.5728020358210689,0.3281021722407611,0.10694722675855294
IN.ADM2.00424,barley,full,16,-0.07387534100362038,0.005457566008401194,0.7856973894880916
IN.ADM2.00424,barley,cleaned,16,-0.07387534100362038,0.005457566008401194,0.7856973894880916
IN.ADM2.00424,groundnut,full,15,0.16685703184329165,0.027841269075553243,0.5522696805185535
IN.ADM2.00424,groundnut,cleaned,15,0.16685703184329165,0.027841269075553243,0.5522696805185535
IN.ADM2.00424,jowar,full,16,0.22756250122800653,0.05178469196514647,0.39665179398907846
IN.ADM2.00424,jowar,cleaned,16,0.22756250122800653,0.05178469196514647,0.39665179398907846
IN.ADM2.00424,maize,full,16,0.4012462883788087,0.1609985839377701,0.12347103671729182
IN.ADM2.00424,maize,cleaned,16,0.4012462883788087,0.1609985839377701,0.12347103671729182
IN.ADM2.00424,potato,full,16,-0.1544879939961023,0.023866540288939742,0.5678146831262076
IN.ADM2.00424,potato,cleaned,16,-0.1544879939961023,0.023866540288939742,0.5678146831262076
IN.ADM2.00424,rapeseed_mustard,full,16,-0.27455565827742057,0.07538080949214773,0.30343917043734614
IN.ADM2.00424,rapeseed_mustard,cleaned,16,-0.27455565827742057,0.07538080949214773,0.30343917043734614
IN.ADM2.00424,rice,full,16,0.25437754091388376,0.0647079333213946,0.34173672194034627
IN.ADM2.00424,rice,cleaned,16,0.25437754091388376,0.0647079333213946,0.34173672194034627
IN.ADM2.00424,sesamum,full,16,0.5266761861969205,0.2773878051069332,0.0360805945619185
IN.ADM2.00424,sesamum,cleaned,16,0.5266761861969205,0.2773878051069332,0.0360805945619185
IN.ADM2.00424,soyabean,full,16,0.37285856928232336,0.13902351268726112,0.15492242622379884
IN.ADM2.00424,soyabean,cleaned,16,0.37285856928232336,0.13902351268726112,0.15492242622379884
IN.ADM2.00424,sugarcane,full,16,0.25194667827820016,0.0634771286954189,0.346527620260562
IN.ADM2.00424,sugarcane,cleaned,16,0.25194667827820016,0.0634771286954189,0.346527620260562
IN.ADM2.00424,wheat,full,16,-0.013211712329421671,0.0001745493426753926,0.9612686275974309
IN.ADM2.00424,wheat,cleaned,16,-0.013211712329421671,0.0001745493426753926,0.9612686275974309
IN.ADM2.00425,arhartur,full,13,-0.05879463763727837,0.0034568094148988704,0.8486899803325186
IN.ADM2.00425,arhartur,cleaned,13,-0.05879463763727837,0.0034568094148988704,0.8486899803325186
IN.ADM2.00425,barley,full,16,-0.049177564978039545,0.0024184328971693014,0.856476070808842
IN.ADM2.00425,barley,cleaned,15,-0.002106163280907788,4.435923765844257e-06,0.9940563037790016
IN.ADM2.00425,groundnut,full,15,0.6302509234526084,0.3972162265128656,0.011783855129603508
IN.ADM2.00425,groundnut,cleaned,15,0.6302509234526084,0.3972162265128656,0.011783855129603508
IN.ADM2.00425,jowar,full,16,-0.1247012056867902,0.015550390699739158,0.6454112826552725
IN.ADM2.00425,jowar,cleaned,16,-0.1247012056867902,0.015550390699739158,0.6454112826552725
IN.ADM2.00425,maize,full,16,0.245714813314133,0.060375769481999235,0.35898190153764653
IN.ADM2.00425,maize,cleaned,16,0.245714813314133,0.060375769481999235,0.35898190153764653
IN.ADM2.00425,potato,full,16,0.15684744832813247,0.024601122047046182,0.5618423465398371
IN.ADM2.00425,potato,cleaned,16,0.15684744832813247,0.024601122047046182,0.5618423465398371
IN.ADM2.00425,rapeseed_mustard,full,16,-0.46273609247406394,0.21412469127816547,0.071095037723018
IN.ADM2.00425,rapeseed_mustard,cleaned,16,-0.46273609247406394,0.21412469127816547,0.071095037723018
IN.ADM2.00425,rice,full,16,-0.29769319178032705,0.08862123643235859,0.26279560812551184
IN.ADM2.00425,rice,cleaned,16,-0.29769319178032705,0.08862123643235859,0.26279560812551184
IN.ADM2.00425,sesamum,full,16,0.057887414009146224,0.0033509527006662983,0.8313704006042767
IN.ADM2.00425,sesamum,cleaned,15,0.11648464222544158,0.013568671874389128,0.6793012422015132
IN.ADM2.00425,sugarcane,full,16,0.6001573862531653,0.360188888274231,0.013975432673857991
IN.ADM2.00425,sugarcane,cleaned,16,0.6001573862531653,0.360188888274231,0.013975432673857991
IN.ADM2.00425,wheat,full,16,-0.10785231578341031,0.011632122019844458,0.6909417072370245
IN.ADM2.00425,wheat,cleaned,15,0.0018280904581144811,3.3419147230492133e-06,0.994841028594999
IN.ADM2.00426,arhartur,full,13,-0.16383393461154813,0.02684155813030103,0.5927688511117787
IN.ADM2.00426,arhartur,cleaned,13,-0.16383393461154813,0.02684155813030103,0.5927688511117787
IN.ADM2.00426,barley,full,16,-0.30170574950397405,0.09102635928375474,0.25610537889911855
IN.ADM2.00426,barley,cleaned,16,-0.30170574950397405,0.09102635928375474,0.25610537889911855
IN.ADM2.00426,groundnut,full,15,-0.13503835743290613,0.018235357978177314,0.6313434483394443
IN.ADM2.00426,groundnut,cleaned,15,-0.13503835743290613,0.018235357978177314,0.6313434483394443
IN.ADM2.00426,maize,full,16,0.41037525922451684,0.1684078533835894,0.11437592407116079
IN.ADM2.00426,maize,cleaned,16,0.41037525922451684,0.1684078533835894,0.11437592407116079
IN.ADM2.00426,potato,full,16,0.12213441850579246,0.01491681618374806,0.6522763956737735
IN.ADM2.00426,potato,cleaned,16,0.12213441850579246,0.01491681618374806,0.6522763956737735
IN.ADM2.00426,rapeseed_mustard,full,16,-0.3909805010434644,0.15286575219619844,0.13428357235803312
IN.ADM2.00426,rapeseed_mustard,cleaned,16,-0.3909805010434644,0.15286575219619844,0.13428357235803312
IN.ADM2.00426,rice,full,16,0.44625512491946423,0.19914363651688663,0.0831570907308757
IN.ADM2.00426,rice,cleaned,16,0.44625512491946423,0.19914363651688663,0.0831570907308757
IN.ADM2.00426,sesamum,full,15,-0.20832478505207516,0.04339921606699332,0.45622587672987636
IN.ADM2.00426,sesamum,cleaned,15,-0.20832478505207516,0.04339921606699332,0.45622587672987636
IN.ADM2.00426,sugarcane,full,16,0.25068389785350065,0.06284241664302434,0.3490312920143759
IN.ADM2.00426,sugarcane,cleaned,16,0.25068389785350065,0.06284241664302434,0.3490312920143759
IN.ADM2.00426,wheat,full,16,-0.24803258421146487,0.06152016283061741,0.3543210301673323
IN.ADM2.00426,wheat,cleaned,15,-0.4416939046362262,0.19509350539279569,0.09928560686993435
IN.ADM2.00427,arhartur,full,13,0.2804990376110876,0.07867971010074633,0.3532638334145638
IN.ADM2.00427,arhartur,cleaned,13,0.2804990376110876,0.07867971010074633,0.3532638334145638
IN.ADM2.00427,barley,full,16,-0.18573197554886994,0.03449636674128602,0.4910163362977369
IN.ADM2.00427,barley,cleaned,15,-0.2318491398505205,0.05375402364942621,0.4057101723176779
IN.ADM2.00427,groundnut,full,15,0.36006958058798366,0.12965010286480647,0.187400837484121
IN.ADM2.00427,groundnut,cleaned,15,0.36006958058798366,0.12965010286480647,0.187400837484121
IN.ADM2.00427,jowar,full,15,-0.10305273646512571,0.01061986649295065,0.7147595254857161
IN.ADM2.00427,jowar,cleaned,14,-0.5527176493984971,0.30549679995659995,0.04037936959741249
IN.ADM2.00427,maize,full,16,0.3054006360630557,0.09326954850771899,0.25003861924078413
IN.ADM2.00427,maize,cleaned,16,0.3054006360630557,0.09326954850771899,0.25003861924078413
IN.ADM2.00427,potato,full,16,-0.0276964060709078,0.0007670909092446184,0.9189015110305496
IN.ADM2.00427,potato,cleaned,16,-0.0276964060709078,0.0007670909092446184,0.9189015110305496
IN.ADM2.00427,rapeseed_mustard,full,16,-0.21180299805926203,0.044860509986891756,0.43099797878994833
IN.ADM2.00427,rapeseed_mustard,cleaned,16,-0.21180299805926203,0.044860509986891756,0.43099797878994833
IN.ADM2.00427,rice,full,16,0.36085494368035365,0.1302162903785512,0.1697113907631367
IN.ADM2.00427,rice,cleaned,16,0.36085494368035365,0.1302162903785512,0.1697113907631367
IN.ADM2.00427,sesamum,full,16,0.2589868531231175,0.06707419009061523,0.33275643881061767
IN.ADM2.00427,sesamum,cleaned,16,0.2589868531231175,0.06707419009061523,0.33275643881061767
IN.ADM2.00427,sugarcane,full,16,0.02162720371532452,0.0004677359405441467,0.9366349807160494
IN.ADM2.00427,sugarcane,cleaned,16,0.02162720371532452,0.0004677359405441467,0.9366349807160494
IN.ADM2.00427,wheat,full,16,-0.029824681460554628,0.0008895116242235509,0.9126910202531031
IN.ADM2.00427,wheat,cleaned,15,-0.0007749123619897394,6.004891687645169e-07,0.9978131438782808
IN.ADM2.00429,arhartur,full,13,0.4011574205040847,0.16092727602549103,0.17428872133528167
IN.ADM2.00429,arhartur,cleaned,13,0.4011574205040847,0.16092727602549103,0.17428872133528167
IN.ADM2.00429,barley,full,16,-0.4200287766109686,0.17642417318130696,0.10527860840173624
IN.ADM2.00429,barley,cleaned,15,-0.3813316680446356,0.14541384105370414,0.16078631069637106
IN.ADM2.00429,groundnut,full,15,0.13882065311635156,0.019271173731650406,0.6217248871183946
IN.ADM2.00429,groundnut,cleaned,15,0.13882065311635156,0.019271173731650406,0.6217248871183946
IN.ADM2.00429,jowar,full,14,0.3773834573341107,0.14241827386944655,0.18344538632952836
IN.ADM2.00429,jowar,cleaned,14,0.3773834573341107,0.14241827386944655,0.18344538632952836
IN.ADM2.00429,maize,full,16,0.5423603892165847,0.2941547917911652,0.029968497543585597
IN.ADM2.00429,maize,cleaned,16,0.5423603892165847,0.2941547917911652,0.029968497543585597
IN.ADM2.00429,potato,full,16,-0.03049976471618021,0.0009302356477423514,0.9107220420301725
IN.ADM2.00429,potato,cleaned,16,-0.03049976471618021,0.0009302356477423514,0.9107220420301725
IN.ADM2.00429,rapeseed_mustard,full,16,-0.4694405198449565,0.220374401672303,0.0665721419709094
IN.ADM2.00429,rapeseed_mustard,cleaned,15,-0.4565749833173603,0.20846071539124783,0.08712034407945489
IN.ADM2.00429,rice,full,16,-0.2495343313294829,0.062267382512052154,0.3513193412301411
IN.ADM2.00429,rice,cleaned,16,-0.2495343313294829,0.062267382512052154,0.3513193412301411
IN.ADM2.00429,sesamum,full,15,0.0704813994082749,0.004967627662548773,0.8028957916269527
IN.ADM2.00429,sesamum,cleaned,15,0.0704813994082749,0.004967627662548773,0.8028957916269527
IN.ADM2.00429,sugarcane,full,16,0.253673996384679,0.06435049644177415,0.34311942412406005
IN.ADM2.00429,sugarcane,cleaned,16,0.253673996384679,0.06435049644177415,0.34311942412406005
IN.ADM2.00429,wheat,full,16,-0.40275530924699154,0.16221183912663978,0.12193414115052853
IN.ADM2.00429,wheat,cleaned,15,-0.3442091836987481,0.1184799621425585,0.20901132400635514
IN.ADM2.00430,arhartur,full,13,0.2719287002448274,0.0739452180168412,0.36877604501754135
IN.ADM2.00430,arhartur,cleaned,13,0.2719287002448274,0.0739452180168412,0.36877604501754135
IN.ADM2.00430,cottonlint,full,15,-0.2765688005751155,0.07649030145155801,0.3183457809645382
IN.ADM2.00430,cottonlint,cleaned,15,-0.2765688005751155,0.07649030145155801,0.3183457809645382
IN.ADM2.00430,jowar,full,13,-0.4422735076262756,0.19560585554804927,0.13020710551487874
IN.ADM2.00430,jowar,cleaned,13,-0.4422735076262756,0.19560585554804927,0.13020710551487874
IN.ADM2.00430,maize,full,16,0.1003168047890026,0.010063461323074854,0.7116418399349197
IN.ADM2.00430,maize,cleaned,16,0.1003168047890026,0.010063461323074854,0.7116418399349197
IN.ADM2.00430,potato,full,16,-0.35134445506863615,0.12344292610747688,0.18207456134801892
IN.ADM2.00430,potato,cleaned,16,-0.35134445506863615,0.12344292610747688,0.18207456134801892
IN.ADM2.00430,rapeseed_mustard,full,16,0.17607586711231693,0.03100271097935429,0.5142084391919537
IN.ADM2.00430,rapeseed_mustard,cleaned,16,0.17607586711231693,0.03100271097935429,0.5142084391919537
IN.ADM2.00430,rice,full,16,0.3134767737060038,0.09826768765312512,0.23709116299242783
IN.ADM2.00430,rice,cleaned,16,0.3134767737060038,0.09826768765312512,0.23709116299242783
IN.ADM2.00430,sesamum,full,6,0.3269364519835202,0.10688744363557262,0.5270680228166209
IN.ADM2.00430,sesamum,cleaned,6,0.3269364519835202,0.10688744363557262,0.5270680228166209
IN.ADM2.00430,sugarcane,full,16,0.557050871349487,0.31030567327122277,0.0249912486843897
IN.ADM2.00430,sugarcane,cleaned,16,0.557050871349487,0.31030567327122277,0.0249912486843897
IN.ADM2.00433,arhartur,full,13,-0.03637070212223889,0.0013228279728646325,0.9060990857327349
IN.ADM2.00433,arhartur,cleaned,13,-0.03637070212223889,0.0013228279728646325,0.9060990857327349
IN.ADM2.00433,barley,full,16,-0.42908998733831744,0.1841182172339974,0.09721454183591009
IN.ADM2.00433,barley,cleaned,15,-0.46161575604491717,0.2130891062289205,0.08325045700674033
IN.ADM2.00433,maize,full,16,0.02831889838712809,0.0008019600058604858,0.9170845548778642
IN.ADM2.00433,maize,cleaned,16,0.02831889838712809,0.0008019600058604858,0.9170845548778642
IN.ADM2.00433,potato,full,16,0.15702361521158426,0.024656415734115675,0.5613975111684144
IN.ADM2.00433,potato,cleaned,16,0.15702361521158426,0.024656415734115675,0.5613975111684144
IN.ADM2.00433,rapeseed_mustard,full,16,-0.04374279869452227,0.0019134324376294993,0.8722086238952298
IN.ADM2.00433,rapeseed_mustard,cleaned,15,0.10950604331291436,0.011991573522049876,0.6976511345717503
IN.ADM2.00433,rice,full,16,0.23748322340634984,0.056398281399470264,0.37580920954125724
IN.ADM2.00433,rice,cleaned,16,0.23748322340634984,0.056398281399470264,0.37580920954125724
IN.ADM2.00433,sesamum,full,13,0.4785080380537802,0.228969942482078,0.09809938278461945
IN.ADM2.00433,sesamum,cleaned,13,0.4785080380537802,0.228969942482078,0.09809938278461945
IN.ADM2.00433,sugarcane,full,16,0.4270489078728216,0.1823707697153697,0.0989914804134922
IN.ADM2.00433,sugarcane,cleaned,16,0.4270489078728216,0.1823707697153697,0.0989914804134922
IN.ADM2.00436,arhartur,full,12,0.11733219637782581,0.01376684430684468,0.7164877409093726
IN.ADM2.00436,arhartur,cleaned,12,0.11733219637782581,0.01376684430684468,0.7164877409093726
IN.ADM2.00436,barley,full,16,-0.5532528100107713,0.30608867178481464,0.026212318716108206
IN.ADM2.00436,barley,cleaned,16,-0.5532528100107713,0.30608867178481464,0.026212318716108206
IN.ADM2.00436,groundnut,full,15,0.2795614451884833,0.07815460163587336,0.3129207364170047
IN.ADM2.00436,groundnut,cleaned,15,0.2795614451884833,0.07815460163587336,0.3129207364170047
IN.ADM2.00436,jowar,full,9,-0.2374119069288652,0.05636441355160016,0.5384934024611691
IN.ADM2.00436,jowar,cleaned,9,-0.2374119069288652,0.05636441355160016,0.5384934024611691
IN.ADM2.00436,maize,full,16,-0.4029867107825816,0.16239828906736406,0.12169964430390268
IN.ADM2.00436,maize,cleaned,16,-0.4029867107825816,0.16239828906736406,0.12169964430390268
IN.ADM2.00436,potato,full,16,0.18827928365950417,0.03544908865533603,0.4849827180987252
IN.ADM2.00436,potato,cleaned,16,0.18827928365950417,0.03544908865533603,0.4849827180987252
IN.ADM2.00436,rapeseed_mustard,full,16,-0.3644978632746748,0.13285869233180353,0.16512761808227644
IN.ADM2.00436,rapeseed_mustard,cleaned,16,-0.3644978632746748,0.13285869233180353,0.16512761808227644
IN.ADM2.00436,rice,full,16,0.24227825989482926,0.05869875521766643,0.36595515116128535
IN.ADM2.00436,rice,cleaned,16,0.24227825989482926,0.05869875521766643,0.36595515116128535
IN.ADM2.00436,sesamum,full,16,0.40198439318038587,0.16159145236060304,0.12271763033360852
IN.ADM2.00436,sesamum,cleaned,16,0.40198439318038587,0.16159145236060304,0.12271763033360852
IN.ADM2.00436,soyabean,full,14,-0.31240611287143977,0.09759757935944276,0.2768398046114425
IN.ADM2.00436,soyabean,cleaned,14,-0.31240611287143977,0.09759757935944276,0.2768398046114425
IN.ADM2.00436,sugarcane,full,16,0.6837449403259893,0.4675071434213907,0.003493904088450628
IN.ADM2.00436,sugarcane,cleaned,16,0.6837449403259893,0.4675071434213907,0.003493904088450628
IN.ADM2.00436,wheat,full,16,-0.26174206268081873,0.06850890737640965,0.32745378774920164
IN.ADM2.00436,wheat,cleaned,15,0.052971387941772405,0.0028059679404777507,0.8512770324493766
IN.ADM2.00437,barley,full,16,-0.4077225283622514,0.16623766013410693,0.11696900515854988
IN.ADM2.00437,barley,cleaned,16,-0.4077225283622514,0.16623766013410693,0.11696900515854988
IN.ADM2.00437,groundnut,full,13,-0.13063564240030823,0.01706567106534121,0.6705560813885203
IN.ADM2.00437,groundnut,cleaned,13,-0.13063564240030823,0.01706567106534121,0.6705560813885203
IN.ADM2.00437,maize,full,16,0.29331980202212116,0.08603650625829636,0.2702082477771447
IN.ADM2.00437,maize,cleaned,16,0.29331980202212116,0.08603650625829636,0.2702082477771447
IN.ADM2.00437,potato,full,16,0.007593391972052381,5.765960164122955e-05,0.9777340559562838
IN.ADM2.00437,potato,cleaned,16,0.007593391972052381,5.765960164122955e-05,0.9777340559562838
IN.ADM2.00437,ragi,full,16,0.23231304227004612,0.05396934960876423,0.38659522288912407
IN.ADM2.00437,ragi,cleaned,16,0.23231304227004612,0.05396934960876423,0.38659522288912407
IN.ADM2.00437,rice,full,16,0.2536102972380786,0.06431818286518658,0.34324477089109
IN.ADM2.00437,rice,cleaned,16,0.2536102972380786,0.06431818286518658,0.34324477089109
IN.ADM2.00437,soyabean,full,16,0.09065283079813898,0.008217935731716015,0.7384659849685612
IN.ADM2.00437,soyabean,cleaned,16,0.09065283079813898,0.008217935731716015,0.7384659849685612
IN.ADM2.00437,sugarcane,full,13,0.3246722690770996,0.10541208230767257,0.27910328365365605
IN.ADM2.00437,sugarcane,cleaned,13,0.3246722690770996,0.10541208230767257,0.27910328365365605
IN.ADM2.00437,wheat,full,16,-0.0746109590335805,0.005566795207910628,0.7836104743331689
IN.ADM2.00437,wheat,cleaned,16,-0.0746109590335805,0.005566795207910628,0.7836104743331689
IN.ADM2.00438,arhartur,full,13,-0.25033916315077,0.06266969660702783,0.40941610472118567
IN.ADM2.00438,arhartur,cleaned,13,-0.25033916315077,0.06266969660702783,0.40941610472118567
IN.ADM2.00438,barley,full,16,-0.13667037579312852,0.01867879161943497,0.6137589630548398
IN.ADM2.00438,barley,cleaned,16,-0.13667037579312852,0.01867879161943497,0.6137589630548398
IN.ADM2.00438,groundnut,full,6,0.6363941962269141,0.4049975729913,0.1742777581284537
IN.ADM2.00438,groundnut,cleaned,5,0.7692674362270482,0.5917723884393357,0.1283405382038868
IN.ADM2.00438,jowar,full,16,0.04651302936761591,0.0021634619009527,0.8641833928672575
IN.ADM2.00438,jowar,cleaned,16,0.04651302936761591,0.0021634619009527,0.8641833928672575
IN.ADM2.00438,maize,full,16,0.053813564220145715,0.0028958996940757474,0.8430954875760146
IN.ADM2.00438,maize,cleaned,16,0.053813564220145715,0.0028958996940757474,0.8430954875760146
IN.ADM2.00438,potato,full,16,-0.25174681036663943,0.06337645652977672,0.3469232134929122
IN.ADM2.00438,potato,cleaned,16,-0.25174681036663943,0.06337645652977672,0.3469232134929122
IN.ADM2.00438,rapeseed_mustard,full,16,-0.3188314699874729,0.10165350625437285,0.22874319311062166
IN.ADM2.00438,rapeseed_mustard,cleaned,15,-0.04258586441752499,0.0018135558481878209,0.880218226882072
IN.ADM2.00438,rice,full,16,-0.18128256352809058,0.0328633678393162,0.5016404965920465
IN.ADM2.00438,rice,cleaned,16,-0.18128256352809058,0.0328633678393162,0.5016404965920465
IN.ADM2.00438,sesamum,full,16,0.15913107951016914,0.02532270046607177,0.5560877689824659
IN.ADM2.00438,sesamum,cleaned,16,0.15913107951016914,0.02532270046607177,0.5560877689824659
IN.ADM2.00438,sugarcane,full,16,0.023597789274998428,0.0005568556586672309,0.9308737257207207
IN.ADM2.00438,sugarcane,cleaned,16,0.023597789274998428,0.0005568556586672309,0.9308737257207207
IN.ADM2.00438,wheat,full,16,-0.44867469542092997,0.20130898231106428,0.08130012668235947
IN.ADM2.00438,wheat,cleaned,15,-0.19809758050326295,0.03924265140124675,0.47911239551838697
IN.ADM2.00439,arhartur,full,13,-0.10464783433194212,0.010951169230365604,0.7336827217141711
IN.ADM2.00439,arhartur,cleaned,13,-0.10464783433194212,0.010951169230365604,0.7336827217141711
IN.ADM2.00439,barley,full,16,-0.3034991156883427,0.09211171322360602,0.2531495571763901
IN.ADM2.00439,barley,cleaned,16,-0.3034991156883427,0.09211171322360602,0.2531495571763901
IN.ADM2.00439,groundnut,full,15,0.17053489043540612,0.029082148855815972,0.5434144683439214
IN.ADM2.00439,groundnut,cleaned,15,0.17053489043540612,0.029082148855815972,0.5434144683439214
IN.ADM2.00439,jowar,full,16,0.018804251442007723,0.00035359987229424954,0.9448933073494263
IN.ADM2.00439,jowar,cleaned,16,0.018804251442007723,0.00035359987229424954,0.9448933073494263
IN.ADM2.00439,maize,full,16,0.05505030846177596,0.0030305364617366813,0.8395325925222938
IN.ADM2.00439,maize,cleaned,16,0.05505030846177596,0.0030305364617366813,0.8395325925222938
IN.ADM2.00439,potato,full,16,0.3033321753804898,0.09201040862106022,0.25342381337941244
IN.ADM2.00439,potato,cleaned,16,0.3033321753804898,0.09201040862106022,0.25342381337941244
IN.ADM2.00439,rapeseed_mustard,full,16,-0.06346750546415175,0.004028124249842132,0.8153645536690084
IN.ADM2.00439,rapeseed_mustard,cleaned,15,-0.310671283389615,0.09651664632295048,0.25973683347656945
IN.ADM2.00439,rice,full,16,-0.339970488364113,0.11557993295853347,0.19762049330142048
IN.ADM2.00439,rice,cleaned,16,-0.339970488364113,0.11557993295853347,0.19762049330142048
IN.ADM2.00439,sesamum,full,16,-0.09361995586433777,0.008764696136040553,0.7301984815508269
IN.ADM2.00439,sesamum,cleaned,16,-0.09361995586433777,0.008764696136040553,0.7301984815508269
IN.ADM2.00439,sugarcane,full,16,0.5007710653605371,0.2507716599023273,0.04817907661044463
IN.ADM2.00439,sugarcane,cleaned,16,0.5007710653605371,0.2507716599023273,0.04817907661044463
IN.ADM2.00439,wheat,full,16,-0.4017428421043239,0.16139731118205974,0.12296383726339505
IN.ADM2.00439,wheat,cleaned,15,-0.22942573603758556,0.05263616835638789,0.41077342641839654
IN.ADM2.00440,arhartur,full,13,-0.01847742289629331,0.00034141515688846427,0.9522252362358995
IN.ADM2.00440,arhartur,cleaned,13,-0.01847742289629331,0.00034141515688846427,0.9522252362358995
IN.ADM2.00440,barley,full,12,-0.28419355595929086,0.08076597724878658,0.3706651503856443
IN.ADM2.00440,barley,cleaned,12,-0.28419355595929086,0.08076597724878658,0.3706651503856443
IN.ADM2.00440,groundnut,full,12,0.0959011435629802,0.009197029336687338,0.7668635099613875
IN.ADM2.00440,groundnut,cleaned,12,0.0959011435629802,0.009197029336687338,0.7668635099613875
IN.ADM2.00440,jowar,full,16,-0.11394340299079325,0.012983099085122313,0.6743573835124086
IN.ADM2.00440,jowar,cleaned,16,-0.11394340299079325,0.012983099085122313,0.6743573835124086
IN.ADM2.00440,maize,full,16,0.33513994755535736,0.11231878444740769,0.20447570999358186
IN.ADM2.00440,maize,cleaned,16,0.33513994755535736,0.11231878444740769,0.20447570999358186
IN.ADM2.00440,potato,full,16,0.13096874831301783,0.01715281303467861,0.6287614148238168
IN.ADM2.00440,potato,cleaned,16,0.13096874831301783,0.01715281303467861,0.6287614148238168
IN.ADM2.00440,rapeseed_mustard,full,16,-0.10030851558902748,0.01006179829967417,0.7116647177374897
IN.ADM2.00440,rapeseed_mustard,cleaned,16,-0.10030851558902748,0.01006179829967417,0.7116647177374897
IN.ADM2.00440,rice,full,16,0.49696872132038145,0.24697790997081495,0.05018171732453922
IN.ADM2.00440,rice,cleaned,16,0.49696872132038145,0.24697790997081495,0.05018171732453922
IN.ADM2.00440,sesamum,full,16,0.03556005690083358,0.001264517646790522,0.8959792042967943
IN.ADM2.00440,sesamum,cleaned,16,0.03556005690083358,0.001264517646790522,0.8959792042967943
IN.ADM2.00440,soyabean,full,13,-0.3012322891496049,0.09074089202631119,0.3172339388766093
IN.ADM2.00440,soyabean,cleaned,13,-0.3012322891496049,0.09074089202631119,0.3172339388766093
IN.ADM2.00440,sugarcane,full,16,0.670205248265175,0.4491750748021849,0.004498491571176742
IN.ADM2.00440,sugarcane,cleaned,16,0.670205248265175,0.4491750748021849,0.004498491571176742
IN.ADM2.00440,wheat,full,16,-0.31565521722831924,0.0996382161634574,0.23367223437678608
IN.ADM2.00440,wheat,cleaned,15,-0.16412334981992438,0.02693647395611327,0.5588916219029662
IN.ADM2.00441,arhartur,full,8,0.044000639600871,0.0019360562852857373,0.9176052235438578
IN.ADM2.00441,arhartur,cleaned,8,0.044000639600871,0.0019360562852857373,0.9176052235438578
IN.ADM2.00441,bajra,full,11,-0.10224854819837607,0.010454765608675635,0.7648249043099835
IN.ADM2.00441,bajra,cleaned,11,-0.10224854819837607,0.010454765608675635,0.7648249043099835
IN.ADM2.00441,barley,full,16,-0.37905689053719005,0.1436841262637233,0.1476370776316385
IN.ADM2.00441,barley,cleaned,16,-0.37905689053719005,0.1436841262637233,0.1476370776316385
IN.ADM2.00441,groundnut,full,15,-0.4013121624565783,0.16105145173557509,0.1381806458895115
IN.ADM2.00441,groundnut,cleaned,15,-0.4013121624565783,0.16105145173557509,0.1381806458895115
IN.ADM2.00441,maize,full,16,0.07364497989789481,0.005423583064161331,0.7863511956046506
IN.ADM2.00441,maize,cleaned,16,0.07364497989789481,0.005423583064161331,0.7863511956046506
IN.ADM2.00441,potato,full,16,0.12243010428189025,0.01498913043447452,0.6514842088089599
IN.ADM2.00441,potato,cleaned,16,0.12243010428189025,0.01498913043447452,0.6514842088089599
IN.ADM2.00441,rapeseed_mustard,full,16,0.01863500195273038,0.00034726329777826504,0.9453886086311238
IN.ADM2.00441,rapeseed_mustard,cleaned,15,0.13994291026159317,0.019584018132484317,0.6188817408457895
IN.ADM2.00441,rice,full,16,-0.07340460073195561,0.005388235408617817,0.787033577464249
IN.ADM2.00441,rice,cleaned,16,-0.07340460073195561,0.005388235408617817,0.787033577464249
IN.ADM2.00441,sesamum,full,16,-0.11049913535407613,0.012210058913998437,0.6837184554424501
IN.ADM2.00441,sesamum,cleaned,16,-0.11049913535407613,0.012210058913998437,0.6837184554424501
IN.ADM2.00441,sugarcane,full,16,0.6605082743566587,0.43627118049361113,0.0053509671862305265
IN.ADM2.00441,sugarcane,cleaned,16,0.6605082743566587,0.43627118049361113,0.0053509671862305265
IN.ADM2.00441,wheat,full,16,-0.1407112042361503,0.019799642997587602,0.6032123678656653
IN.ADM2.00441,wheat,cleaned,15,-0.10523747660773108,0.011074926482762747,0.7089529771531636
IN.ADM2.00442,arhartur,full,13,-0.08935292398957564,0.007983945025486883,0.7715980767553215
IN.ADM2.00442,arhartur,cleaned,13,-0.08935292398957564,0.007983945025486883,0.7715980767553215
IN.ADM2.00442,barley,full,16,-0.5441921016038245,0.2961450434479872,0.029309779465468297
IN.ADM2.00442,barley,cleaned,15,-0.5507734970801552,0.3033514450859037,0.033355398327353125
IN.ADM2.00442,groundnut,full,15,0.6064299097201693,0.3677572354032127,0.016542316855345265
IN.ADM2.00442,groundnut,cleaned,15,0.6064299097201693,0.3677572354032127,0.016542316855345265
IN.ADM2.00442,jowar,full,16,-0.20737546332882079,0.04300458279084309,0.4409145037149054
IN.ADM2.00442,jowar,cleaned,16,-0.20737546332882079,0.04300458279084309,0.4409145037149054
IN.ADM2.00442,maize,full,16,0.25705471163494864,0.0660771247737266,0.3365041955462187
IN.ADM2.00442,maize,cleaned,15,-0.11840979528969325,0.014020879620547063,0.6742679157555755
IN.ADM2.00442,potato,full,16,0.41553660543977583,0.17267067046041193,0.10944621084181473
IN.ADM2.00442,potato,cleaned,16,0.41553660543977583,0.17267067046041193,0.10944621084181473
IN.ADM2.00442,rapeseed_mustard,full,16,0.2272456444334079,0.05164058291395485,0.39732750070606926
IN.ADM2.00442,rapeseed_mustard,cleaned,16,0.2272456444334079,0.05164058291395485,0.39732750070606926
IN.ADM2.00442,rice,full,16,0.336861119233662,0.11347541365135547,0.20201576193790105
IN.ADM2.00442,rice,cleaned,16,0.336861119233662,0.11347541365135547,0.20201576193790105
IN.ADM2.00442,sesamum,full,16,0.533837701057548,0.284982691070408,0.033182892389345076
IN.ADM2.00442,sesamum,cleaned,15,0.5572681734478998,0.31054781713795854,0.030915315751378476
IN.ADM2.00442,soyabean,full,14,-0.31665282754669416,0.10026901319331644,0.27001105032053785
IN.ADM2.00442,soyabean,cleaned,14,-0.31665282754669416,0.10026901319331644,0.27001105032053785
IN.ADM2.00442,sugarcane,full,16,0.5328544926924588,0.2839339103825376,0.033569893651483426
IN.ADM2.00442,sugarcane,cleaned,16,0.5328544926924588,0.2839339103825376,0.033569893651483426
IN.ADM2.00442,wheat,full,16,-0.1589627983914132,0.02526917127242908,0.5565109512310333
IN.ADM2.00442,wheat,cleaned,15,0.08614333072993852,0.00742067342924757,0.7601716916775711
IN.ADM2.00443,arhartur,full,13,-0.08729988943394518,0.007621270695179053,0.776725138944969
IN.ADM2.00443,arhartur,cleaned,13,-0.08729988943394518,0.007621270695179053,0.776725138944969
IN.ADM2.00443,barley,full,16,-0.05824267328544316,0.003392208991434874,0.8303494600379566
IN.ADM2.00443,barley,cleaned,16,-0.05824267328544316,0.003392208991434874,0.8303494600379566
IN.ADM2.00443,groundnut,full,15,0.008065116071612243,6.50460972485781e-05,0.9772423751960696
IN.ADM2.00443,groundnut,cleaned,15,0.008065116071612243,6.50460972485781e-05,0.9772423751960696
IN.ADM2.00443,jowar,full,6,-0.550345635854909,0.30288031890454414,0.257825977065366
IN.ADM2.00443,jowar,cleaned,6,-0.550345635854909,0.30288031890454414,0.257825977065366
IN.ADM2.00443,maize,full,16,0.08282248886582635,0.00685956466192993,0.7604114760623871
IN.ADM2.00443,maize,cleaned,16,0.08282248886582635,0.00685956466192993,0.7604114760623871
IN.ADM2.00443,potato,full,16,0.3223275220433795,0.10389503146662529,0.22339443582907265
IN.ADM2.00443,potato,cleaned,16,0.3223275220433795,0.10389503146662529,0.22339443582907265
IN.ADM2.00443,rapeseed_mustard,full,16,-0.30504930935301966,0.09305508113675429,0.2506116052158207
IN.ADM2.00443,rapeseed_mustard,cleaned,16,-0.30504930935301966,0.09305508113675429,0.2506116052158207
IN.ADM2.00443,rice,full,16,-0.6318561958564305,0.39924225224215987,0.008645853161964197
IN.ADM2.00443,rice,cleaned,16,-0.6318561958564305,0.39924225224215987,0.008645853161964197
IN.ADM2.00443,sugarcane,full,16,0.12296896848408825,0.01512136721004069,0.6500414090274831
IN.ADM2.00443,sugarcane,cleaned,16,0.12296896848408825,0.01512136721004069,0.6500414090274831
IN.ADM2.00443,wheat,full,16,-0.24483009461506094,0.059941775229219695,0.3607699859294379
IN.ADM2.00443,wheat,cleaned,16,-0.24483009461506094,0.059941775229219695,0.3607699859294379
IN.ADM2.00444,arhartur,full,13,-0.3531608302987205,0.12472257205728164,0.2365453587297408
IN.ADM2.00444,arhartur,cleaned,13,-0.3531608302987205,0.12472257205728164,0.2365453587297408
IN.ADM2.00444,barley,full,16,-0.20960097805768746,0.04393257000273918,0.43591549309472916
IN.ADM2.00444,barley,cleaned,15,-0.234532870517162,0.055005667353019885,0.40014148535393035
IN.ADM2.00444,cottonlint,full,5,-0.5133021934078387,0.2634791417572982,0.376400263791589
IN.ADM2.00444,cottonlint,cleaned,5,-0.5133021934078387,0.2634791417572982,0.376400263791589
IN.ADM2.00444,groundnut,full,15,-0.05084274229062036,0.0025849844436304356,0.8571957299193869
IN.ADM2.00444,groundnut,cleaned,15,-0.05084274229062036,0.0025849844436304356,0.8571957299193869
IN.ADM2.00444,jowar,full,16,-0.17754751019175846,0.03152311837529258,0.5106415094898231
IN.ADM2.00444,jowar,cleaned,16,-0.17754751019175846,0.03152311837529258,0.5106415094898231
IN.ADM2.00444,maize,full,16,0.6956954287455337,0.48399212957743193,0.002765238569477525
IN.ADM2.00444,maize,cleaned,16,0.6956954287455337,0.48399212957743193,0.002765238569477525
IN.ADM2.00444,potato,full,16,0.15212753618459007,0.023142787265593764,0.5738163990458078
IN.ADM2.00444,potato,cleaned,16,0.15212753618459007,0.023142787265593764,0.5738163990458078
IN.ADM2.00444,rapeseed_mustard,full,16,-0.026112314268170657,0.0006818529564397088,0.9235269007158422
IN.ADM2.00444,rapeseed_mustard,cleaned,16,-0.026112314268170657,0.0006818529564397088,0.9235269007158422
IN.ADM2.00444,rice,full,16,-0.07364958864929558,0.005424261908210448,0.7863381138285445
IN.ADM2.00444,rice,cleaned,16,-0.07364958864929558,0.005424261908210448,0.7863381138285445
IN.ADM2.00444,sesamum,full,16,0.068406911544766,0.00467950554709344,0.8012531184506471
IN.ADM2.00444,sesamum,cleaned,15,0.02441935177222773,0.0005963047409758015,0.9311621065378499
IN.ADM2.00444,sugarcane,full,16,0.6218941431891216,0.3867523253329317,0.010108194559867296
IN.ADM2.00444,sugarcane,cleaned,16,0.6218941431891216,0.3867523253329317,0.010108194559867296
IN.ADM2.00444,wheat,full,16,-0.31163147444697975,0.09711417586599859,0.24001165916526312
IN.ADM2.00444,wheat,cleaned,15,-0.2664208997426863,0.0709800958197025,0.33714101801716867
IN.ADM2.00445,arhartur,full,13,0.4127151194488168,0.1703337698216511,0.16104981466828477
IN.ADM2.00445,arhartur,cleaned,13,0.4127151194488168,0.1703337698216511,0.16104981466828477
IN.ADM2.00445,bajra,full,16,0.3395329745592978,0.11528264081308479,0.19823515583032134
IN.ADM2.00445,bajra,cleaned,16,0.3395329745592978,0.11528264081308479,0.19823515583032134
IN.ADM2.00445,barley,full,16,0.5438688696844207,0.2957933474118094,0.029425209755850636
IN.ADM2.00445,barley,cleaned,16,0.5438688696844207,0.2957933474118094,0.029425209755850636
IN.ADM2.00445,groundnut,full,15,0.04051610258490894,0.0016415545686708649,0.8860039834191176
IN.ADM2.00445,groundnut,cleaned,15,0.04051610258490894,0.0016415545686708649,0.8860039834191176
IN.ADM2.00445,jowar,full,16,0.15836932803856624,0.025080844063387002,0.5580044831587739
IN.ADM2.00445,jowar,cleaned,16,0.15836932803856624,0.025080844063387002,0.5580044831587739
IN.ADM2.00445,maize,full,16,0.6069108677783994,0.36834080142752984,0.012667573850510717
IN.ADM2.00445,maize,cleaned,16,0.6069108677783994,0.36834080142752984,0.012667573850510717
IN.ADM2.00445,potato,full,16,-0.03613272116726774,0.0013055735389515182,0.894312705820268
IN.ADM2.00445,potato,cleaned,16,-0.03613272116726774,0.0013055735389515182,0.894312705820268
IN.ADM2.00445,rapeseed_mustard,full,16,-0.5512944590685778,0.30392558059971575,0.026859514472874366
IN.ADM2.00445,rapeseed_mustard,cleaned,16,-0.5512944590685778,0.30392558059971575,0.026859514472874366
IN.ADM2.00445,rice,full,16,0.24475727031572186,0.059906121372403344,0.36091739005170465
IN.ADM2.00445,rice,cleaned,16,0.24475727031572186,0.059906121372403344,0.36091739005170465
IN.ADM2.00445,sesamum,full,16,0.6125245244900706,0.375186293101787,0.011655234183441164
IN.ADM2.00445,sesamum,cleaned,16,0.6125245244900706,0.375186293101787,0.011655234183441164
IN.ADM2.00445,sugarcane,full,16,0.14042030025971441,0.019717860725028354,0.6039692058415211
IN.ADM2.00445,sugarcane,cleaned,16,0.14042030025971441,0.019717860725028354,0.6039692058415211
IN.ADM2.00445,wheat,full,16,0.14053742061120844,0.019750766592051716,0.603664451042438
IN.ADM2.00445,wheat,cleaned,16,0.14053742061120844,0.019750766592051716,0.603664451042438
IN.ADM2.00448,arhartur,full,13,-0.3196919700868526,0.10220295573801304,0.286971086264241
IN.ADM2.00448,arhartur,cleaned,13,-0.3196919700868526,0.10220295573801304,0.286971086264241
IN.ADM2.00448,barley,full,16,0.15325080885249787,0.02348581041394484,0.570957030253967
IN.ADM2.00448,barley,cleaned,15,0.06932675462722551,0.004806198907143534,0.8060676621357133
IN.ADM2.00448,groundnut,full,15,0.1816792253307322,0.033007340916774965,0.5169690096838028
IN.ADM2.00448,groundnut,cleaned,15,0.1816792253307322,0.033007340916774965,0.5169690096838028
IN.ADM2.00448,jowar,full,16,-0.1390329707853353,0.0193301669653959,0.607583784619212
IN.ADM2.00448,jowar,cleaned,16,-0.1390329707853353,0.0193301669653959,0.607583784619212
IN.ADM2.00448,maize,full,16,0.36872396879079455,0.13595736516083484,0.1599145794120453
IN.ADM2.00448,maize,cleaned,16,0.36872396879079455,0.13595736516083484,0.1599145794120453
IN.ADM2.00448,potato,full,16,-0.28118526672118577,0.07906515422106437,0.2914344178826299
IN.ADM2.00448,potato,cleaned,16,-0.28118526672118577,0.07906515422106437,0.2914344178826299
IN.ADM2.00448,rapeseed_mustard,full,16,-0.015039798574713548,0.00022619554116795566,0.9559139745830645
IN.ADM2.00448,rapeseed_mustard,cleaned,16,-0.015039798574713548,0.00022619554116795566,0.9559139745830645
IN.ADM2.00448,rice,full,16,-0.06789980429336118,0.004610383423076749,0.8026993021794089
IN.ADM2.00448,rice,cleaned,16,-0.06789980429336118,0.004610383423076749,0.8026993021794089
IN.ADM2.00448,sesamum,full,16,0.0777848062915894,0.006050476089820086,0.7746224167573523
IN.ADM2.00448,sesamum,cleaned,16,0.0777848062915894,0.006050476089820086,0.7746224167573523
IN.ADM2.00448,sugarcane,full,16,0.34296847733609165,0.1176273764462372,0.19344193630408552
IN.ADM2.00448,sugarcane,cleaned,16,0.34296847733609165,0.1176273764462372,0.19344193630408552
IN.ADM2.00448,wheat,full,16,-0.08094093341026275,0.006551434701324588,0.7657110649874301
IN.ADM2.00448,wheat,cleaned,15,-0.042247671991177856,0.0017848657886741538,0.8811632240829892
IN.ADM2.00449,barley,full,16,0.056835218361641224,0.00323024204621544,0.8343956675238254
IN.ADM2.00449,barley,cleaned,16,0.056835218361641224,0.00323024204621544,0.8343956675238254
IN.ADM2.00449,maize,full,16,0.4107955124374018,0.16875295303870755,0.11396883621785543
IN.ADM2.00449,maize,cleaned,16,0.4107955124374018,0.16875295303870755,0.11396883621785543
IN.ADM2.00449,potato,full,16,-0.03563292915176702,0.001269705639934848,0.8957671174812778
IN.ADM2.00449,potato,cleaned,16,-0.03563292915176702,0.001269705639934848,0.8957671174812778
IN.ADM2.00449,ragi,full,16,0.1574220448685614,0.024781700210599358,0.560392003147723
IN.ADM2.00449,ragi,cleaned,16,0.1574220448685614,0.024781700210599358,0.560392003147723
IN.ADM2.00449,rapeseed_mustard,full,16,0.46838836860218397,0.21938766384181535,0.06726764664942003
IN.ADM2.00449,rapeseed_mustard,cleaned,16,0.46838836860218397,0.21938766384181535,0.06726764664942003
IN.ADM2.00449,rice,full,16,0.13086029795318874,0.017124417580397334,0.6290481229575838
IN.ADM2.00449,rice,cleaned,15,0.14649530261267632,0.02146087368757961,0.6023827731061502
IN.ADM2.00451,arhartur,full,10,-0.2915290038126779,0.08498916006401236,0.4137716827618978
IN.ADM2.00451,arhartur,cleaned,10,-0.2915290038126779,0.08498916006401236,0.4137716827618978
IN.ADM2.00451,bajra,full,8,-0.167391907232194,0.02802005060683144,0.691953802350953
IN.ADM2.00451,bajra,cleaned,8,-0.167391907232194,0.02802005060683144,0.691953802350953
IN.ADM2.00451,groundnut,full,16,-0.22839497044800045,0.05216426252594299,0.39487946581145456
IN.ADM2.00451,groundnut,cleaned,16,-0.22839497044800045,0.05216426252594299,0.39487946581145456
IN.ADM2.00451,potato,full,16,-0.09690868680612302,0.009391293578487243,0.7210673307769803
IN.ADM2.00451,potato,cleaned,16,-0.09690868680612302,0.009391293578487243,0.7210673307769803
IN.ADM2.00451,rapeseed_mustard,full,16,0.1476898123218971,0.021812280663677186,0.5851713663985153
IN.ADM2.00451,rapeseed_mustard,cleaned,16,0.1476898123218971,0.021812280663677186,0.5851713663985153
IN.ADM2.00451,rice,full,16,-0.1624322584064115,0.026384238571007242,0.5478145281405359
IN.ADM2.00451,rice,cleaned,16,-0.1624322584064115,0.026384238571007242,0.5478145281405359
IN.ADM2.00451,sesamum,full,16,0.48748959171849865,0.23764610203386852,0.055443102637452946
IN.ADM2.00451,sesamum,cleaned,16,0.48748959171849865,0.23764610203386852,0.055443102637452946
IN.ADM2.00451,sugarcane,full,16,0.0116692714182116,0.00013617189543189016,0.9657878121845636
IN.ADM2.00451,sugarcane,cleaned,16,0.0116692714182116,0.00013617189543189016,0.9657878121845636
IN.ADM2.00452,arhartur,full,13,0.1586748169299373,0.025177697527749114,0.6046227356767226
IN.ADM2.00452,arhartur,cleaned,13,0.1586748169299373,0.025177697527749114,0.6046227356767226
IN.ADM2.00452,cottonlint,full,5,0.3378804366678114,0.11416318948283093,0.5781290474228888
IN.ADM2.00452,cottonlint,cleaned,5,0.3378804366678114,0.11416318948283093,0.5781290474228888
IN.ADM2.00452,groundnut,full,16,0.02262001311945018,0.0005116649935240983,0.9337319921229514
IN.ADM2.00452,groundnut,cleaned,16,0.02262001311945018,0.0005116649935240983,0.9337319921229514
IN.ADM2.00452,maize,full,16,-0.36040337024820274,0.1298905892862631,0.17028542710413846
IN.ADM2.00452,maize,cleaned,16,-0.36040337024820274,0.1298905892862631,0.17028542710413846
IN.ADM2.00452,potato,full,16,0.43288742400909086,0.18739152186522642,0.09396895375486308
IN.ADM2.00452,potato,cleaned,16,0.43288742400909086,0.18739152186522642,0.09396895375486308
IN.ADM2.00452,rapeseed_mustard,full,16,0.5916495918204634,0.35004923950132094,0.015770714046608975
IN.ADM2.00452,rapeseed_mustard,cleaned,16,0.5916495918204634,0.35004923950132094,0.015770714046608975
IN.ADM2.00452,rice,full,16,0.19957110976422515,0.039828627852524404,0.45867296262560275
IN.ADM2.00452,rice,cleaned,16,0.19957110976422515,0.039828627852524404,0.45867296262560275
IN.ADM2.00452,sesamum,full,16,0.48917788538107504,0.2392950035459002,0.05447743484774688
IN.ADM2.00452,sesamum,cleaned,16,0.48917788538107504,0.2392950035459002,0.05447743484774688
IN.ADM2.00452,sugarcane,full,16,0.2965845449723039,0.08796239231642856,0.2646627812164067
IN.ADM2.00452,sugarcane,cleaned,16,0.2965845449723039,0.08796239231642856,0.2646627812164067
IN.ADM2.00452,wheat,full,16,-0.02204389711547565,0.00048593340003767564,0.9354164702697674
IN.ADM2.00452,wheat,cleaned,16,-0.02204389711547565,0.00048593340003767564,0.9354164702697674
IN.ADM2.00453,arhartur,full,13,0.32594636358960605,0.10624103193728766,0.27711086787576644
IN.ADM2.00453,arhartur,cleaned,13,0.32594636358960605,0.10624103193728766,0.27711086787576644
IN.ADM2.00453,barley,full,15,-0.40852125182066124,0.1668896131891201,0.13058239176267705
IN.ADM2.00453,barley,cleaned,15,-0.40852125182066124,0.1668896131891201,0.13058239176267705
IN.ADM2.00453,groundnut,full,16,0.023568725599201604,0.000555484826370461,0.9309586743280094
IN.ADM2.00453,groundnut,cleaned,16,0.023568725599201604,0.000555484826370461,0.9309586743280094
IN.ADM2.00453,potato,full,16,0.32408732403317747,0.10503259359898577,0.22073236015603157
IN.ADM2.00453,potato,cleaned,15,0.1053615990357483,0.011101066551369795,0.7086235302458361
IN.ADM2.00453,rapeseed_mustard,full,16,-0.05254692217011955,0.002761179029552602,0.8467474729375621
IN.ADM2.00453,rapeseed_mustard,cleaned,16,-0.05254692217011955,0.002761179029552602,0.8467474729375621
IN.ADM2.00453,rice,full,16,-0.003513528873086272,1.2344885142010888e-05,0.9896964192326216
IN.ADM2.00453,rice,cleaned,16,-0.003513528873086272,1.2344885142010888e-05,0.9896964192326216
IN.ADM2.00453,sesamum,full,16,0.24387327256043168,0.0594741730693346,0.36270936912582075
IN.ADM2.00453,sesamum,cleaned,16,0.24387327256043168,0.0594741730693346,0.36270936912582075
IN.ADM2.00453,sugarcane,full,16,-0.008797027211225633,7.738768775504424e-05,0.9742056792815939
IN.ADM2.00453,sugarcane,cleaned,16,-0.008797027211225633,7.738768775504424e-05,0.9742056792815939
IN.ADM2.00453,wheat,full,16,-0.023324061202509183,0.0005440118309783941,0.9316738179465018
IN.ADM2.00453,wheat,cleaned,16,-0.023324061202509183,0.0005440118309783941,0.9316738179465018
IN.ADM2.00455,arhartur,full,16,-0.29563090166490413,0.08739763001920421,0.26627537552862945
IN.ADM2.00455,arhartur,cleaned,16,-0.29563090166490413,0.08739763001920421,0.26627537552862945
IN.ADM2.00455,maize,full,16,-0.3108490817819601,0.0966271516446877,0.24125669054040688
IN.ADM2.00455,maize,cleaned,16,-0.3108490817819601,0.0966271516446877,0.24125669054040688
IN.ADM2.00455,potato,full,16,-0.09425537080158622,0.008884074924944512,0.7284315625844164
IN.ADM2.00455,potato,cleaned,16,-0.09425537080158622,0.008884074924944512,0.7284315625844164
IN.ADM2.00455,rice,full,16,-0.5184147960142815,0.2687539007265291,0.03965643683254323
IN.ADM2.00455,rice,cleaned,16,-0.5184147960142815,0.2687539007265291,0.03965643683254323
IN.ADM2.00455,soyabean,full,15,-0.1362400915802921,0.018561362553806377,0.6282813357837
IN.ADM2.00455,soyabean,cleaned,10,-0.705848423992099,0.49822199765213,0.022549826423512557
IN.ADM2.00457,groundnut,full,16,0.3593184097456349,0.12910971958213197,0.17166989381690015
IN.ADM2.00457,groundnut,cleaned,16,0.3593184097456349,0.12910971958213197,0.17166989381690015
IN.ADM2.00457,potato,full,16,0.4810415614663195,0.23140098385795482,0.05924791453313297
IN.ADM2.00457,potato,cleaned,16,0.4810415614663195,0.23140098385795482,0.05924791453313297
IN.ADM2.00457,rapeseed_mustard,full,16,0.3398045356684241,0.11546712246083332,0.19785349410476516
IN.ADM2.00457,rapeseed_mustard,cleaned,16,0.3398045356684241,0.11546712246083332,0.19785349410476516
IN.ADM2.00457,rice,full,16,0.2841014482606845,0.0807136329038184,0.2862450326645607
IN.ADM2.00457,rice,cleaned,16,0.2841014482606845,0.0807136329038184,0.2862450326645607
IN.ADM2.00457,sesamum,full,16,0.1369371777492947,0.01875179064994193,0.6130603855319838
IN.ADM2.00457,sesamum,cleaned,16,0.1369371777492947,0.01875179064994193,0.6130603855319838
IN.ADM2.00457,sugarcane,full,16,-0.12006768251024202,0.014416248383380278,0.6578231867374842
IN.ADM2.00457,sugarcane,cleaned,16,-0.12006768251024202,0.014416248383380278,0.6578231867374842
IN.ADM2.00457,wheat,full,16,0.24428168601914824,0.05967354212435772,0.361880847817551
IN.ADM2.00457,wheat,cleaned,16,0.24428168601914824,0.05967354212435772,0.361880847817551
IN.ADM2.00458,arhartur,full,12,-0.6382359314232684,0.40734510415972697,0.025523855453318155
IN.ADM2.00458,arhartur,cleaned,12,-0.6382359314232684,0.40734510415972697,0.025523855453318155
IN.ADM2.00458,barley,full,13,-0.05899034624438722,0.0034798609500326892,0.8481915557647933
IN.ADM2.00458,barley,cleaned,12,0.015159630166303159,0.00022981438677908874,0.9627045268239696
IN.ADM2.00458,maize,full,16,-0.13139791676055962,0.017265412529014954,0.6276273184166423
IN.ADM2.00458,maize,cleaned,16,-0.13139791676055962,0.017265412529014954,0.6276273184166423
IN.ADM2.00458,potato,full,16,-0.477419639402635,0.22792951208734202,0.06146759183051806
IN.ADM2.00458,potato,cleaned,16,-0.477419639402635,0.22792951208734202,0.06146759183051806
IN.ADM2.00458,rapeseed_mustard,full,16,-0.3734852101656395,0.1394912022124719,0.1541750928544298
IN.ADM2.00458,rapeseed_mustard,cleaned,16,-0.3734852101656395,0.1394912022124719,0.1541750928544298
IN.ADM2.00458,rice,full,16,-0.20844518886851,0.0434493967624288,0.43850802584967763
IN.ADM2.00458,rice,cleaned,16,-0.20844518886851,0.0434493967624288,0.43850802584967763
IN.ADM2.00458,wheat,full,16,-0.41879239897342935,0.17538707343792004,0.10641432477360362
IN.ADM2.00458,wheat,cleaned,16,-0.41879239897342935,0.17538707343792004,0.10641432477360362
IN.ADM2.00459,arhartur,full,7,-0.8076215567746562,0.6522525789671192,0.028025491173932358
IN.ADM2.00459,arhartur,cleaned,7,-0.8076215567746562,0.6522525789671192,0.028025491173932358
IN.ADM2.00459,potato,full,16,-0.32129440411664956,0.10323009411667292,0.22496670174909628
IN.ADM2.00459,potato,cleaned,16,-0.32129440411664956,0.10323009411667292,0.22496670174909628
IN.ADM2.00459,rapeseed_mustard,full,16,0.48174459886719595,0.23207785853771554,0.05882399268413049
IN.ADM2.00459,rapeseed_mustard,cleaned,16,0.48174459886719595,0.23207785853771554,0.05882399268413049
IN.ADM2.00459,rice,full,16,-0.05153253095522814,0.0026556017466515466,0.8496742813905662
IN.ADM2.00459,rice,cleaned,16,-0.05153253095522814,0.0026556017466515466,0.8496742813905662
IN.ADM2.00460,arhartur,full,16,-0.3461729698525219,0.11983572505651502,0.1890397092483005
IN.ADM2.00460,arhartur,cleaned,16,-0.3461729698525219,0.11983572505651502,0.1890397092483005
IN.ADM2.00460,barley,full,16,-0.05847532752550294,0.0034193639292148417,0.8296809983230933
IN.ADM2.00460,barley,cleaned,16,-0.05847532752550294,0.0034193639292148417,0.8296809983230933
IN.ADM2.00460,groundnut,full,15,-0.15092293099857929,0.022777731101201924,0.5913338395714082
IN.ADM2.00460,groundnut,cleaned,15,-0.15092293099857929,0.022777731101201924,0.5913338395714082
IN.ADM2.00460,maize,full,16,-0.23676117252906076,0.056055852817335675,0.37730554371110925
IN.ADM2.00460,maize,cleaned,16,-0.23676117252906076,0.056055852817335675,0.37730554371110925
IN.ADM2.00460,potato,full,16,-0.010305663285123806,0.0001062066957463488,0.9697838533764331
IN.ADM2.00460,potato,cleaned,16,-0.010305663285123806,0.0001062066957463488,0.9697838533764331
IN.ADM2.00460,rapeseed_mustard,full,16,-0.23327798750476914,0.05441861945427522,0.38456954203875027
IN.ADM2.00460,rapeseed_mustard,cleaned,16,-0.23327798750476914,0.05441861945427522,0.38456954203875027
IN.ADM2.00460,rice,full,16,-0.01977435332178344,0.00039102504929472784,0.9420547165473839
IN.ADM2.00460,rice,cleaned,16,-0.01977435332178344,0.00039102504929472784,0.9420547165473839
IN.ADM2.00460,sesamum,full,16,-0.3096696323357808,0.09589528119097768,0.24314117800269192
IN.ADM2.00460,sesamum,cleaned,16,-0.3096696323357808,0.09589528119097768,0.24314117800269192
IN.ADM2.00460,sugarcane,full,16,-0.14578711706086767,0.021253883500919134,0.5900680639002585
IN.ADM2.00460,sugarcane,cleaned,16,-0.14578711706086767,0.021253883500919134,0.5900680639002585
IN.ADM2.00460,wheat,full,16,-0.10455196600988861,0.010931113596532904,0.6999835313310849
IN.ADM2.00460,wheat,cleaned,16,-0.10455196600988861,0.010931113596532904,0.6999835313310849
IN.ADM2.00461,arhartur,full,16,0.5118518833213801,0.2619923504596437,0.042682126080068855
IN.ADM2.00461,arhartur,cleaned,16,0.5118518833213801,0.2619923504596437,0.042682126080068855
IN.ADM2.00461,groundnut,full,16,-0.07814373088634564,0.00610644267683761,0.7736076382285989
IN.ADM2.00461,groundnut,cleaned,16,-0.07814373088634564,0.00610644267683761,0.7736076382285989
IN.ADM2.00461,potato,full,16,0.061775285301702745,0.003816185874106771,0.8202115556469018
IN.ADM2.00461,potato,cleaned,16,0.061775285301702745,0.003816185874106771,0.8202115556469018
IN.ADM2.00461,rapeseed_mustard,full,16,-0.11028349507502985,0.012162449285964133,0.6843059930549089
IN.ADM2.00461,rapeseed_mustard,cleaned,16,-0.11028349507502985,0.012162449285964133,0.6843059930549089
IN.ADM2.00461,rice,full,16,0.24479077703741947,0.05992252452258361,0.36084956471940355
IN.ADM2.00461,rice,cleaned,16,0.24479077703741947,0.05992252452258361,0.36084956471940355
IN.ADM2.00461,sesamum,full,16,-0.022338478148157342,0.0004990076059757031,0.9345551263066479
IN.ADM2.00461,sesamum,cleaned,16,-0.022338478148157342,0.0004990076059757031,0.9345551263066479
IN.ADM2.00461,sugarcane,full,15,-0.22864010101016563,0.05227629578993874,0.4124219125559844
IN.ADM2.00461,sugarcane,cleaned,15,-0.22864010101016563,0.05227629578993874,0.4124219125559844
IN.ADM2.00461,wheat,full,16,-0.27249269780453855,0.07425227035679557,0.30723333574207234
IN.ADM2.00461,wheat,cleaned,16,-0.27249269780453855,0.07425227035679557,0.30723333574207234
IN.ADM2.00462,jowar,full,9,-0.32128428456758557,0.1032235915101053,0.3992034298651569
IN.ADM2.00462,jowar,cleaned,9,-0.32128428456758557,0.1032235915101053,0.3992034298651569
IN.ADM2.00462,maize,full,16,-0.012145072165603031,0.0001475027779077055,0.9643936574671534
IN.ADM2.00462,maize,cleaned,16,-0.012145072165603031,0.0001475027779077055,0.9643936574671534
IN.ADM2.00462,potato,full,16,0.4079009604692089,0.1663831935517031,0.11679331208854053
IN.ADM2.00462,potato,cleaned,16,0.4079009604692089,0.1663831935517031,0.11679331208854053
IN.ADM2.00462,rapeseed_mustard,full,16,0.3052094128105978,0.09315278566818992,0.25035038834972534
IN.ADM2.00462,rapeseed_mustard,cleaned,16,0.3052094128105978,0.09315278566818992,0.25035038834972534
IN.ADM2.00462,rice,full,16,-0.07865813460637176,0.006187102139754099,0.7721538769064784
IN.ADM2.00462,rice,cleaned,16,-0.07865813460637176,0.006187102139754099,0.7721538769064784
IN.ADM2.00462,sesamum,full,16,-0.2818323183294227,0.07942945565493705,0.29027816568470133
IN.ADM2.00462,sesamum,cleaned,16,-0.2818323183294227,0.07942945565493705,0.29027816568470133
IN.ADM2.00463,arhartur,full,15,0.43827400944847916,0.1920841073580456,0.10224126308515807
IN.ADM2.00463,arhartur,cleaned,15,0.43827400944847916,0.1920841073580456,0.10224126308515807
IN.ADM2.00463,barley,full,16,0.2731510102538275,0.07461147440268656,0.30601956105788697
IN.ADM2.00463,barley,cleaned,16,0.2731510102538275,0.07461147440268656,0.30601956105788697
IN.ADM2.00463,jowar,full,7,-0.4885559934247536,0.23868695871124787,0.26593248654751833
IN.ADM2.00463,jowar,cleaned,7,-0.4885559934247536,0.23868695871124787,0.26593248654751833
IN.ADM2.00463,maize,full,16,0.00465846999785945,2.1701342720956623e-05,0.9863390837437089
IN.ADM2.00463,maize,cleaned,16,0.00465846999785945,2.1701342720956623e-05,0.9863390837437089
IN.ADM2.00463,potato,full,16,0.2671089791017076,0.07134720671675647,0.3172655757456932
IN.ADM2.00463,potato,cleaned,16,0.2671089791017076,0.07134720671675647,0.3172655757456932
IN.ADM2.00463,rapeseed_mustard,full,16,-0.05579147286265163,0.0031126884441839936,0.8373987913654986
IN.ADM2.00463,rapeseed_mustard,cleaned,16,-0.05579147286265163,0.0031126884441839936,0.8373987913654986
IN.ADM2.00463,rice,full,16,-0.22831793076133794,0.052129077507139104,0.3950433045999229
IN.ADM2.00463,rice,cleaned,16,-0.22831793076133794,0.052129077507139104,0.3950433045999229
IN.ADM2.00463,sesamum,full,16,-0.5487712971096501,0.30114993653140787,0.02771131376039713
IN.ADM2.00463,sesamum,cleaned,16,-0.5487712971096501,0.30114993653140787,0.02771131376039713
IN.ADM2.00464,arhartur,full,7,0.5561326506029185,0.3092835250666278,0.19483169909338383
IN.ADM2.00464,arhartur,cleaned,7,0.5561326506029185,0.3092835250666278,0.19483169909338383
IN.ADM2.00464,cottonlint,full,12,-0.49446487607286327,0.24449551366975203,0.10222842071609073
IN.ADM2.00464,cottonlint,cleaned,12,-0.49446487607286327,0.24449551366975203,0.10222842071609073
IN.ADM2.00464,groundnut,full,16,0.20879296720237717,0.043594503153172946,0.43772710321051606
IN.ADM2.00464,groundnut,cleaned,16,0.20879296720237717,0.043594503153172946,0.43772710321051606
IN.ADM2.00464,potato,full,16,0.3264459865644922,0.10656698214406463,0.2171961823392395
IN.ADM2.00464,potato,cleaned,16,0.3264459865644922,0.10656698214406463,0.2171961823392395
IN.ADM2.00464,rapeseed_mustard,full,16,0.27248594304398405,0.07424858915656932,0.3072458045934625
IN.ADM2.00464,rapeseed_mustard,cleaned,16,0.27248594304398405,0.07424858915656932,0.3072458045934625
IN.ADM2.00464,rice,full,16,0.04429434277390293,0.0019619888017720064,0.8706098699996622
IN.ADM2.00464,rice,cleaned,16,0.04429434277390293,0.0019619888017720064,0.8706098699996622
IN.ADM2.00464,sesamum,full,16,0.15679860038803523,0.02458580108364676,0.5619657182559731
IN.ADM2.00464,sesamum,cleaned,16,0.15679860038803523,0.02458580108364676,0.5619657182559731
IN.ADM2.00464,sugarcane,full,16,0.10188629298853036,0.01038081669894465,0.7073143010435655
IN.ADM2.00464,sugarcane,cleaned,16,0.10188629298853036,0.01038081669894465,0.7073143010435655
IN.ADM2.00465,arhartur,full,16,0.31736698279211295,0.10072180176656932,0.23100761189689845
IN.ADM2.00465,arhartur,cleaned,15,0.5109361104713452,0.2610557089835867,0.05160683715663426
IN.ADM2.00465,bajra,full,15,0.46217733725431154,0.21360789107148562,0.08282702460375546
IN.ADM2.00465,bajra,cleaned,14,0.28839881753680013,0.08317387795662454,0.3173386933216138
IN.ADM2.00465,cottonlint,full,5,0.2055004973596266,0.0422304544150539,0.7402020950506074
IN.ADM2.00465,groundnut,full,16,-0.5207954579746937,0.271227909047071,0.0385997839532605
IN.ADM2.00465,groundnut,cleaned,15,0.0008858827871705693,7.847883126050962e-07,0.997499978530864
IN.ADM2.00465,jowar,full,16,-0.3063708473878307,0.09386309612913746,0.24846050442665452
IN.ADM2.00465,jowar,cleaned,15,-0.6405891842312521,0.41035450295406106,0.010085537798045465
IN.ADM2.00465,maize,full,16,0.3774282055337724,0.14245205033244351,0.14952843169071356
IN.ADM2.00465,maize,cleaned,16,0.3774282055337724,0.14245205033244351,0.14952843169071356
IN.ADM2.00465,potato,full,16,-0.21759925658421192,0.0473494364660017,0.4181916212594941
IN.ADM2.00465,potato,cleaned,16,-0.21759925658421192,0.0473494364660017,0.4181916212594941
IN.ADM2.00465,ragi,full,16,0.27938767780607837,0.07805747450987306,0.29466102865421356
IN.ADM2.00465,ragi,cleaned,16,0.27938767780607837,0.07805747450987306,0.29466102865421356
IN.ADM2.00465,rapeseed_mustard,full,14,0.2223539258425179,0.04944126833757995,0.444839605960968
IN.ADM2.00465,rapeseed_mustard,cleaned,14,0.2223539258425179,0.04944126833757995,0.444839605960968
IN.ADM2.00465,rice,full,16,0.1549812601255986,0.02401919099011846,0.5665638820860425
IN.ADM2.00465,rice,cleaned,16,0.1549812601255986,0.02401919099011846,0.5665638820860425
IN.ADM2.00465,sesamum,full,16,0.02534856839081659,0.0006425499194639059,0.9257577919380793
IN.ADM2.00465,sesamum,cleaned,16,0.02534856839081659,0.0006425499194639059,0.9257577919380793
IN.ADM2.00465,sugarcane,full,16,0.034584279780527416,0.0011960724079377975,0.8988197291080864
IN.ADM2.00465,sugarcane,cleaned,16,0.034584279780527416,0.0011960724079377975,0.8988197291080864
IN.ADM2.00466,arhartur,full,12,0.6488927757837709,0.4210618344643672,0.022434331600056208
IN.ADM2.00466,arhartur,cleaned,12,0.6488927757837709,0.4210618344643672,0.022434331600056208
IN.ADM2.00466,cottonlint,full,16,-0.34015979686608433,0.11570868740397576,0.19735491819166018
IN.ADM2.00466,cottonlint,cleaned,16,-0.34015979686608433,0.11570868740397576,0.19735491819166018
IN.ADM2.00466,groundnut,full,15,-0.04620786950074758,0.0021351672037981185,0.8701070484535548
IN.ADM2.00466,groundnut,cleaned,15,-0.04620786950074758,0.0021351672037981185,0.8701070484535548
IN.ADM2.00466,potato,full,16,-0.1494587938556501,0.022337931060785715,0.5806339019875288
IN.ADM2.00466,potato,cleaned,16,-0.1494587938556501,0.022337931060785715,0.5806339019875288
IN.ADM2.00466,rapeseed_mustard,full,16,-0.07332038342854086,0.005375878626108249,0.7872726856522105
IN.ADM2.00466,rapeseed_mustard,cleaned,15,-0.13561166278709552,0.018390523083880908,0.62988192381918
IN.ADM2.00466,rice,full,16,0.4375487496061908,0.19144890828194103,0.09009133890289021
IN.ADM2.00466,rice,cleaned,16,0.4375487496061908,0.19144890828194103,0.09009133890289021
IN.ADM2.00466,sesamum,full,16,-0.1286099032267425,0.016540507207992074,0.6350086091814564
IN.ADM2.00466,sesamum,cleaned,16,-0.1286099032267425,0.016540507207992074,0.6350086091814564
IN.ADM2.00466,sugarcane,full,16,0.18568518548258037,0.034478988107700274,0.4911274981981454
IN.ADM2.00466,sugarcane,cleaned,16,0.18568518548258037,0.034478988107700274,0.4911274981981454
IN.ADM2.00466,wheat,full,16,-0.3790040786560919,0.1436440916379531,0.14769815100310105
IN.ADM2.00466,wheat,cleaned,16,-0.3790040786560919,0.1436440916379531,0.14769815100310105
IN.ADM2.00468,arhartur,full,11,0.10896826498765785,0.011874082774420421,0.7497824326304146
IN.ADM2.00468,arhartur,cleaned,11,0.10896826498765785,0.011874082774420421,0.7497824326304146
IN.ADM2.00468,maize,full,14,-0.009001462361571351,8.102632464678568e-05,0.9756360504180774
IN.ADM2.00468,maize,cleaned,14,-0.009001462361571351,8.102632464678568e-05,0.9756360504180774
IN.ADM2.00468,potato,full,12,0.17722305451168555,0.031408011050451864,0.581620707873503
IN.ADM2.00468,potato,cleaned,11,-0.05969891668059529,0.003563960652836659,0.8615847956556747
IN.ADM2.00468,ragi,full,10,0.29713827102589635,0.08829115210825904,0.4044221731610349
IN.ADM2.00468,ragi,cleaned,10,0.29713827102589635,0.08829115210825904,0.4044221731610349
IN.ADM2.00468,rapeseed_mustard,full,13,-0.037217520840799524,0.001385143857535347,0.9039217655344777
IN.ADM2.00468,rapeseed_mustard,cleaned,13,-0.037217520840799524,0.001385143857535347,0.9039217655344777
IN.ADM2.00468,rice,full,14,0.4016943684808426,0.16135836566922296,0.1545390984119598
IN.ADM2.00468,rice,cleaned,14,0.4016943684808426,0.16135836566922296,0.1545390984119598
IN.ADM2.00468,wheat,full,15,-0.35405313934326677,0.12535362547882267,0.19542020188345025
IN.ADM2.00468,wheat,cleaned,15,-0.35405313934326677,0.12535362547882267,0.19542020188345025
IN.ADM2.00470,arhartur,full,16,-0.14593274378813395,0.02129636570953315,0.5896926933173444
IN.ADM2.00470,arhartur,cleaned,16,-0.14593274378813395,0.02129636570953315,0.5896926933173444
IN.ADM2.00470,barley,full,16,-0.23390170166149443,0.05471000604014275,0.3832632714259948
IN.ADM2.00470,barley,cleaned,16,-0.23390170166149443,0.05471000604014275,0.3832632714259948
IN.ADM2.00470,jowar,full,14,-0.07784145987404148,0.00605929287532201,0.7913933454875026
IN.ADM2.00470,jowar,cleaned,10,-0.15604008997691118,0.024348509680002538,0.6668526540619731
IN.ADM2.00470,maize,full,16,0.02224878946366196,0.0004950086325983554,0.9348173655142191
IN.ADM2.00470,maize,cleaned,16,0.02224878946366196,0.0004950086325983554,0.9348173655142191
IN.ADM2.00470,potato,full,8,-0.14072280299031115,0.019802907281449924,0.7396074507293988
IN.ADM2.00470,potato,cleaned,8,-0.14072280299031115,0.019802907281449924,0.7396074507293988
IN.ADM2.00470,rapeseed_mustard,full,16,-0.01030110727715295,0.00010611281113541346,0.9697972058955525
IN.ADM2.00470,rapeseed_mustard,cleaned,16,-0.01030110727715295,0.00010611281113541346,0.9697972058955525
IN.ADM2.00470,rice,full,16,0.09334869757424549,0.008713979338807947,0.7309531664488836
IN.ADM2.00470,rice,cleaned,16,0.09334869757424549,0.008713979338807947,0.7309531664488836
IN.ADM2.00470,sugarcane,full,14,0.19245933430070394,0.037040595359470116,0.5097774164703963
IN.ADM2.00470,sugarcane,cleaned,13,0.15388119852151988,0.023679423258419412,0.6157174772776369
IN.ADM2.00470,wheat,full,16,-0.36876356586995024,0.13598656751312113,0.15986626401755138
IN.ADM2.00470,wheat,cleaned,15,0.008822821489008016,7.784217902690162e-05,0.9751049148733401
IN.ADM2.00471,arhartur,full,16,0.48241267253504605,0.23272198662240556,0.05842322709573949
IN.ADM2.00471,arhartur,cleaned,16,0.48241267253504605,0.23272198662240556,0.05842322709573949
IN.ADM2.00471,barley,full,16,-0.03376024377906778,0.0011397540600220845,0.9012194281075412
IN.ADM2.00471,barley,cleaned,16,-0.03376024377906778,0.0011397540600220845,0.9012194281075412
IN.ADM2.00471,maize,full,16,0.2815325635764425,0.07926058435392365,0.2908134727239965
IN.ADM2.00471,maize,cleaned,16,0.2815325635764425,0.07926058435392365,0.2908134727239965
IN.ADM2.00471,potato,full,8,-0.2366306341586935,0.055994057022345445,0.5726017289156435
IN.ADM2.00471,potato,cleaned,8,-0.2366306341586935,0.055994057022345445,0.5726017289156435
IN.ADM2.00471,rapeseed_mustard,full,16,-0.40556571764378024,0.16448355132791448,0.11910728972878211
IN.ADM2.00471,rapeseed_mustard,cleaned,15,-0.025970360083378226,0.0006744596028603251,0.9268003138805416
IN.ADM2.00471,rice,full,16,0.23960433892536498,0.05741023923186117,0.37143240561021573
IN.ADM2.00471,rice,cleaned,16,0.23960433892536498,0.05741023923186117,0.37143240561021573
IN.ADM2.00471,sesamum,full,5,-0.043278671140049824,0.0018730433756485815,0.9449130913635992
IN.ADM2.00471,sesamum,cleaned,5,-0.043278671140049824,0.0018730433756485815,0.9449130913635992
IN.ADM2.00471,sugarcane,full,14,-0.20753455237141677,0.04307059042800433,0.47650477772073785
IN.ADM2.00471,sugarcane,cleaned,14,-0.20753455237141677,0.04307059042800433,0.47650477772073785
IN.ADM2.00474,arhartur,full,6,-0.6143749786834372,0.37745661443227385,0.19438748169771955
IN.ADM2.00474,arhartur,cleaned,5,0.4085285274192987,0.16689555771538067,0.4946996480678647
IN.ADM2.00474,maize,full,14,0.21230280618412672,0.04507248151365487,0.4662011585962373
IN.ADM2.00474,maize,cleaned,13,0.484070483926474,0.23432423340881073,0.09370299867075986
IN.ADM2.00474,potato,full,11,0.05921623941267784,0.0035065630101795806,0.862694726003866
IN.ADM2.00474,potato,cleaned,11,0.05921623941267784,0.0035065630101795806,0.862694726003866
IN.ADM2.00474,rapeseed_mustard,full,7,-0.08717503982163288,0.0075994875679032785,0.8525687496492171
IN.ADM2.00474,rapeseed_mustard,cleaned,6,-0.8320974017104957,0.6923860859333582,0.039920228977080106
IN.ADM2.00474,rice,full,14,0.16295996967778092,0.02655595171738328,0.5777764738048732
IN.ADM2.00474,rice,cleaned,14,0.16295996967778092,0.02655595171738328,0.5777764738048732
IN.ADM2.00474,wheat,full,15,0.27910682318177793,0.07790061874662425,0.31374140387517985
IN.ADM2.00474,wheat,cleaned,15,0.27910682318177793,0.07790061874662425,0.31374140387517985
IN.ADM2.00477,arhartur,full,15,0.49169598599065034,0.2417649426393178,0.06266317161873929
IN.ADM2.00477,arhartur,cleaned,15,0.49169598599065034,0.2417649426393178,0.06266317161873929
IN.ADM2.00477,maize,full,14,0.5374059523458005,0.2888051576166968,0.047493987504193994
IN.ADM2.00477,maize,cleaned,13,0.08754161259843438,0.007663533936334364,0.7761210446621873
IN.ADM2.00477,potato,full,13,-0.2159051332474648,0.04661502656260553,0.4786694360038087
IN.ADM2.00477,potato,cleaned,13,-0.2159051332474648,0.04661502656260553,0.4786694360038087
IN.ADM2.00477,ragi,full,10,0.6584860678252044,0.43360390151989964,0.03842480304780087
IN.ADM2.00477,ragi,cleaned,10,0.6584860678252044,0.43360390151989964,0.03842480304780087
IN.ADM2.00477,rapeseed_mustard,full,15,0.44006603910424635,0.19365811877290007,0.1006849302538436
IN.ADM2.00477,rapeseed_mustard,cleaned,15,0.44006603910424635,0.19365811877290007,0.1006849302538436
IN.ADM2.00477,rice,full,14,0.17143834162507013,0.029391104979154252,0.5578593767636802
IN.ADM2.00477,rice,cleaned,14,0.17143834162507013,0.029391104979154252,0.5578593767636802
IN.ADM2.00477,sugarcane,full,8,0.8077844508002581,0.6525157189546745,0.01529327594734727
IN.ADM2.00477,sugarcane,cleaned,8,0.8077844508002581,0.6525157189546745,0.01529327594734727
IN.ADM2.00477,wheat,full,15,0.4931586190138896,0.2432054235076867,0.06176706962356151
IN.ADM2.00477,wheat,cleaned,15,0.4931586190138896,0.2432054235076867,0.06176706962356151
IN.ADM2.00479,arhartur,full,16,-0.03890955746109902,0.0015139536618185663,0.8862378844715322
IN.ADM2.00479,arhartur,cleaned,16,-0.03890955746109902,0.0015139536618185663,0.8862378844715322
IN.ADM2.00479,barley,full,16,0.09997121684923743,0.009994244198317254,0.7125958418186993
IN.ADM2.00479,barley,cleaned,16,0.09997121684923743,0.009994244198317254,0.7125958418186993
IN.ADM2.00479,maize,full,16,-0.056145302017608444,0.0031522949386484666,0.8363804961769454
IN.ADM2.00479,maize,cleaned,16,-0.056145302017608444,0.0031522949386484666,0.8363804961769454
IN.ADM2.00479,potato,full,8,-0.2885792631498024,0.08327799112008291,0.488203747570873
IN.ADM2.00479,potato,cleaned,8,-0.2885792631498024,0.08327799112008291,0.488203747570873
IN.ADM2.00479,rapeseed_mustard,full,16,-0.20736166841115528,0.04299886152625791,0.44094558088221464
IN.ADM2.00479,rapeseed_mustard,cleaned,16,-0.20736166841115528,0.04299886152625791,0.44094558088221464
IN.ADM2.00479,rice,full,16,-0.039550084454537775,0.0015642091803610705,0.8843767428767132
IN.ADM2.00479,rice,cleaned,16,-0.039550084454537775,0.0015642091803610705,0.8843767428767132
IN.ADM2.00479,sugarcane,full,14,-0.12046635047336184,0.014512141596370846,0.6816453814282945
IN.ADM2.00479,sugarcane,cleaned,14,-0.12046635047336184,0.014512141596370846,0.6816453814282945
IN.ADM2.00479,wheat,full,16,-0.31237639781764776,0.09757901391352933,0.23882999644333872
IN.ADM2.00479,wheat,cleaned,16,-0.31237639781764776,0.09757901391352933,0.23882999644333872
IN.ADM2.00480,arhartur,full,15,-0.5706786848503259,0.3256741613424976,0.026304645642552995
IN.ADM2.00480,arhartur,cleaned,15,-0.5706786848503259,0.3256741613424976,0.026304645642552995
IN.ADM2.00480,maize,full,14,0.28763542068343917,0.08273413523173903,0.31867898566565334
IN.ADM2.00480,maize,cleaned,14,0.28763542068343917,0.08273413523173903,0.31867898566565334
IN.ADM2.00480,potato,full,15,0.271231416425325,0.07356648125608806,0.32815466299399804
IN.ADM2.00480,potato,cleaned,15,0.271231416425325,0.07356648125608806,0.32815466299399804
IN.ADM2.00480,ragi,full,13,-0.31664604565226956,0.10026471822721918,0.291845400938308
IN.ADM2.00480,ragi,cleaned,13,-0.31664604565226956,0.10026471822721918,0.291845400938308
IN.ADM2.00480,rapeseed_mustard,full,15,0.33610415099206026,0.11296600031409364,0.2206420204273936
IN.ADM2.00480,rapeseed_mustard,cleaned,15,0.33610415099206026,0.11296600031409364,0.2206420204273936
IN.ADM2.00480,rice,full,14,-0.14902429016576615,0.022208239059410467,0.6111267516277417
IN.ADM2.00480,rice,cleaned,13,-0.0790336572760913,0.006246318982434659,0.7974509725870927
IN.ADM2.00480,sugarcane,full,7,-0.6832920414294905,0.4668880138808806,0.09060252401532995
IN.ADM2.00480,sugarcane,cleaned,7,-0.6832920414294905,0.4668880138808806,0.09060252401532995
IN.ADM2.00480,wheat,full,15,-0.015856645994093338,0.0002514332221819963,0.9552720226570866
IN.ADM2.00480,wheat,cleaned,15,-0.015856645994093338,0.0002514332221819963,0.9552720226570866
IN.ADM2.00481,arhartur,full,15,0.30674901526232873,0.09409495836440838,0.26611763571171665
IN.ADM2.00481,arhartur,cleaned,15,0.30674901526232873,0.09409495836440838,0.26611763571171665
IN.ADM2.00481,maize,full,13,0.4487953686010293,0.20141728287773378,0.12397376280589838
IN.ADM2.00481,maize,cleaned,13,0.4487953686010293,0.20141728287773378,0.12397376280589838
IN.ADM2.00481,potato,full,12,0.4598809264986378,0.21149046655724552,0.13251882907655793
IN.ADM2.00481,potato,cleaned,12,0.4598809264986378,0.21149046655724552,0.13251882907655793
IN.ADM2.00481,ragi,full,9,0.4586217802581385,0.21033393732714425,0.21436167664495634
IN.ADM2.00481,ragi,cleaned,9,0.4586217802581385,0.21033393732714425,0.21436167664495634
IN.ADM2.00481,rapeseed_mustard,full,15,-0.14236351756302262,0.02026737113291705,0.6127664156671049
IN.ADM2.00481,rapeseed_mustard,cleaned,15,-0.14236351756302262,0.02026737113291705,0.6127664156671049
IN.ADM2.00481,rice,full,14,0.15015942958771966,0.02254785429410934,0.6083826655922973
IN.ADM2.00481,rice,cleaned,14,0.15015942958771966,0.02254785429410934,0.6083826655922973
IN.ADM2.00481,sugarcane,full,7,-0.6060406126436646,0.36728522417350834,0.14917142646731024
IN.ADM2.00481,sugarcane,cleaned,7,-0.6060406126436646,0.36728522417350834,0.14917142646731024
IN.ADM2.00481,wheat,full,15,-0.30094779799206656,0.0905695771162737,0.27572726597717756
IN.ADM2.00481,wheat,cleaned,15,-0.30094779799206656,0.0905695771162737,0.27572726597717756
IN.ADM2.00482,arhartur,full,16,0.25604853660844173,0.06556085309932452,0.33846536787588644
IN.ADM2.00482,arhartur,cleaned,16,0.25604853660844173,0.06556085309932452,0.33846536787588644
IN.ADM2.00482,barley,full,16,-0.2308701431859192,0.05330102301468683,0.3896350162861053
IN.ADM2.00482,barley,cleaned,16,-0.2308701431859192,0.05330102301468683,0.3896350162861053
IN.ADM2.00482,groundnut,full,12,-0.7193599009061913,0.5174786670317654,0.008361804163130985
IN.ADM2.00482,groundnut,cleaned,12,-0.7193599009061913,0.5174786670317654,0.008361804163130985
IN.ADM2.00482,jowar,full,6,-0.3071427376449817,0.09433666128805404,0.5537733037366775
IN.ADM2.00482,jowar,cleaned,6,-0.3071427376449817,0.09433666128805404,0.5537733037366775
IN.ADM2.00482,maize,full,16,0.20072925437210976,0.040292233560783146,0.4560154076209446
IN.ADM2.00482,maize,cleaned,16,0.20072925437210976,0.040292233560783146,0.4560154076209446
IN.ADM2.00482,potato,full,8,-0.6935587086022037,0.4810236822779565,0.05642078710504754
IN.ADM2.00482,potato,cleaned,8,-0.6935587086022037,0.4810236822779565,0.05642078710504754
IN.ADM2.00482,rapeseed_mustard,full,16,0.13762152106640363,0.01893968306063058,0.6112699717815127
IN.ADM2.00482,rapeseed_mustard,cleaned,16,0.13762152106640363,0.01893968306063058,0.6112699717815127
IN.ADM2.00482,rice,full,16,0.33939084742582937,0.11518614731642259,0.19843509679305238
IN.ADM2.00482,rice,cleaned,15,0.2448109976206531,0.05993242455601941,0.37919240992232733
IN.ADM2.00482,sesamum,full,12,0.5594174266903932,0.31294785728490143,0.05860215932113251
IN.ADM2.00482,sesamum,cleaned,12,0.5594174266903932,0.31294785728490143,0.05860215932113251
IN.ADM2.00482,wheat,full,16,-0.46428534838469443,0.2155608847246971,0.07003059713406107
IN.ADM2.00482,wheat,cleaned,16,-0.46428534838469443,0.2155608847246971,0.07003059713406107
IN.ADM2.00483,arhartur,full,16,0.5966873381595162,0.3560357795198889,0.014687262082395588
IN.ADM2.00483,arhartur,cleaned,16,0.5966873381595162,0.3560357795198889,0.014687262082395588
IN.ADM2.00483,barley,full,16,-0.04809394185957664,0.002313027243592338,0.8596090846262623
IN.ADM2.00483,barley,cleaned,16,-0.04809394185957664,0.002313027243592338,0.8596090846262623
IN.ADM2.00483,jowar,full,5,-0.07363999891013788,0.0054228494394851084,0.9063234526674815
IN.ADM2.00483,maize,full,16,-0.11330327088187553,0.012837631192531663,0.6760938432928468
IN.ADM2.00483,maize,cleaned,16,-0.11330327088187553,0.012837631192531663,0.6760938432928468
IN.ADM2.00483,potato,full,8,-0.94858943234356,0.8998219111538773,0.00032673779752048044
IN.ADM2.00483,potato,cleaned,8,-0.94858943234356,0.8998219111538773,0.00032673779752048044
IN.ADM2.00483,rapeseed_mustard,full,16,0.19187081547439092,0.03681440983080777,0.4765367770587178
IN.ADM2.00483,rapeseed_mustard,cleaned,16,0.19187081547439092,0.03681440983080777,0.4765367770587178
IN.ADM2.00483,rice,full,16,0.1019942354408631,0.010402824063166213,0.7070169788561393
IN.ADM2.00483,rice,cleaned,16,0.1019942354408631,0.010402824063166213,0.7070169788561393
IN.ADM2.00483,sesamum,full,10,0.6188172826101906,0.38293482925706057,0.05646083650031097
IN.ADM2.00483,sesamum,cleaned,10,0.6188172826101906,0.38293482925706057,0.05646083650031097
IN.ADM2.00483,sugarcane,full,14,-0.05054455754116741,0.0025547522970323835,0.8637551133564353
IN.ADM2.00483,sugarcane,cleaned,14,-0.05054455754116741,0.0025547522970323835,0.8637551133564353
IN.ADM2.00483,wheat,full,16,-0.11244023520480241,0.012642806492911288,0.6784373874701277
IN.ADM2.00483,wheat,cleaned,16,-0.11244023520480241,0.012642806492911288,0.6784373874701277
IN.ADM2.00484,maize,full,16,0.12240736930854024,0.014983564061037359,0.6515451068504386
IN.ADM2.00484,maize,cleaned,16,0.12240736930854024,0.014983564061037359,0.6515451068504386
IN.ADM2.00484,potato,full,8,0.68913030640754,0.47490057920935,0.05868367356206784
IN.ADM2.00484,potato,cleaned,8,0.68913030640754,0.47490057920935,0.05868367356206784
IN.ADM2.00484,rapeseed_mustard,full,16,0.5035635448711124,0.25357624372316084,0.04674668732118195
IN.ADM2.00484,rapeseed_mustard,cleaned,16,0.5035635448711124,0.25357624372316084,0.04674668732118195
IN.ADM2.00484,rice,full,16,0.4675240578263527,0.21857874464641877,0.06784293892362042
IN.ADM2.00484,rice,cleaned,16,0.4675240578263527,0.21857874464641877,0.06784293892362042
IN.ADM2.00484,sesamum,full,15,-0.6646077509321024,0.44170346259902754,0.0068737728037164166
IN.ADM2.00484,sesamum,cleaned,12,-0.6910532168218619,0.4775545484798433,0.012821507389244296
IN.ADM2.00484,wheat,full,16,0.3774706537352386,0.14248409443130838,0.1494789304068322
IN.ADM2.00484,wheat,cleaned,16,0.3774706537352386,0.14248409443130838,0.1494789304068322
IN.ADM2.00485,arhartur,full,13,-0.42072995895942467,0.17701369836599917,0.15226160674456699
IN.ADM2.00485,arhartur,cleaned,13,-0.42072995895942467,0.17701369836599917,0.15226160674456699
IN.ADM2.00485,barley,full,8,-0.6275141487275155,0.3937740068532185,0.0957965211040954
IN.ADM2.00485,barley,cleaned,8,-0.6275141487275155,0.3937740068532185,0.0957965211040954
IN.ADM2.00485,groundnut,full,7,-0.12680809384513264,0.016080292664635967,0.7864505622418057
IN.ADM2.00485,groundnut,cleaned,7,-0.12680809384513264,0.016080292664635967,0.7864505622418057
IN.ADM2.00485,maize,full,16,0.002643076082569029,6.985851178248446e-06,0.9922489779477386
IN.ADM2.00485,maize,cleaned,16,0.002643076082569029,6.985851178248446e-06,0.9922489779477386
IN.ADM2.00485,potato,full,8,0.40755825783637806,0.1661037335306236,0.3162326834337673
IN.ADM2.00485,potato,cleaned,8,0.40755825783637806,0.1661037335306236,0.3162326834337673
IN.ADM2.00485,rapeseed_mustard,full,16,-0.04926442802573418,0.002426983868702743,0.8562250152921718
IN.ADM2.00485,rapeseed_mustard,cleaned,16,-0.04926442802573418,0.002426983868702743,0.8562250152921718
IN.ADM2.00485,rice,full,16,0.3683757580686614,0.13570069913266097,0.16033987967948568
IN.ADM2.00485,rice,cleaned,16,0.3683757580686614,0.13570069913266097,0.16033987967948568
IN.ADM2.00485,sesamum,full,15,-0.330625678098975,0.10931333901840702,0.22872986888278435
IN.ADM2.00485,sesamum,cleaned,15,-0.330625678098975,0.10931333901840702,0.22872986888278435
IN.ADM2.00485,wheat,full,16,0.012053754601499003,0.0001452929999931584,0.9646612217818233
IN.ADM2.00485,wheat,cleaned,16,0.012053754601499003,0.0001452929999931584,0.9646612217818233
IN.ADM2.00488,arhartur,full,16,0.5385683953736389,0.2900559164953362,0.031367961721317075
IN.ADM2.00488,arhartur,cleaned,14,0.5745111473905447,0.33006305847600015,0.031646368222388206
IN.ADM2.00488,barley,full,16,0.15434935683044337,0.023823723953971535,0.568166443895368
IN.ADM2.00488,barley,cleaned,16,0.15434935683044337,0.023823723953971535,0.568166443895368
IN.ADM2.00488,cottonlint,full,8,-0.3322194426918732,0.11036975810249883,0.4214046722385262
IN.ADM2.00488,cottonlint,cleaned,7,0.22834797431098458,0.052142797371930075,0.6223716143107466
IN.ADM2.00488,jowar,full,16,0.07329330639620019,0.005371908762487279,0.7873495660398329
IN.ADM2.00488,jowar,cleaned,16,0.07329330639620019,0.005371908762487279,0.7873495660398329
IN.ADM2.00488,maize,full,16,0.18964156573107122,0.03596392345293221,0.4817706937645804
IN.ADM2.00488,maize,cleaned,16,0.18964156573107122,0.03596392345293221,0.4817706937645804
IN.ADM2.00488,potato,full,16,-0.337133983209348,0.11365932263460095,0.2016275435971881
IN.ADM2.00488,potato,cleaned,8,-0.24025190257398035,0.05772097669041735,0.5665619820306742
IN.ADM2.00488,rapeseed_mustard,full,16,0.3443010073714596,0.11854318367700187,0.19160331033130878
IN.ADM2.00488,rapeseed_mustard,cleaned,16,0.3443010073714596,0.11854318367700187,0.19160331033130878
IN.ADM2.00488,rice,full,16,0.7285734234239194,0.5308192333196498,0.0013690997642773204
IN.ADM2.00488,rice,cleaned,16,0.7285734234239194,0.5308192333196498,0.0013690997642773204
IN.ADM2.00488,soyabean,full,16,0.40141670500701593,0.16113537105868964,0.12329680343778526
IN.ADM2.00488,soyabean,cleaned,15,-0.021122330701859426,0.0004461528542787133,0.940439988016685
IN.ADM2.00488,sugarcane,full,16,0.44607304454794655,0.19898116107227432,0.08329805551908369
IN.ADM2.00488,sugarcane,cleaned,16,0.44607304454794655,0.19898116107227432,0.08329805551908369
IN.ADM2.00488,wheat,full,16,0.45892780884653883,0.21061473373268527,0.07376151500225572
IN.ADM2.00488,wheat,cleaned,15,0.4800586256330628,0.23045628404470514,0.07013211066496074
IN.ADM2.00489,arhartur,full,14,0.26570332776657907,0.07059825838623415,0.3585463993090477
IN.ADM2.00489,arhartur,cleaned,14,0.26570332776657907,0.07059825838623415,0.3585463993090477
IN.ADM2.00489,bajra,full,16,0.6187940657993035,0.38290609586843277,0.01060094854905341
IN.ADM2.00489,bajra,cleaned,16,0.6187940657993035,0.38290609586843277,0.01060094854905341
IN.ADM2.00489,barley,full,16,0.09582744930738132,0.009182900040758737,0.7240655537487961
IN.ADM2.00489,barley,cleaned,16,0.09582744930738132,0.009182900040758737,0.7240655537487961
IN.ADM2.00489,cottonlint,full,6,-0.2286986401741009,0.052303068017482884,0.6629328600051144
IN.ADM2.00489,cottonlint,cleaned,6,-0.2286986401741009,0.052303068017482884,0.6629328600051144
IN.ADM2.00489,jowar,full,16,0.6516604088476625,0.4246612884595027,0.006237094182142537
IN.ADM2.00489,jowar,cleaned,16,0.6516604088476625,0.4246612884595027,0.006237094182142537
IN.ADM2.00489,maize,full,16,0.10538061022899653,0.011105073012235688,0.6977097228782043
IN.ADM2.00489,maize,cleaned,16,0.10538061022899653,0.011105073012235688,0.6977097228782043
IN.ADM2.00489,potato,full,16,0.14930515583846954,0.022292029559949675,0.5810274048048922
IN.ADM2.00489,potato,cleaned,16,0.14930515583846954,0.022292029559949675,0.5810274048048922
IN.ADM2.00489,rapeseed_mustard,full,16,0.3279381827443804,0.10754345170168664,0.21497782932893628
IN.ADM2.00489,rapeseed_mustard,cleaned,16,0.3279381827443804,0.10754345170168664,0.21497782932893628
IN.ADM2.00489,rice,full,16,0.386121804589474,0.14909004797943193,0.1396207532747506
IN.ADM2.00489,rice,cleaned,16,0.386121804589474,0.14909004797943193,0.1396207532747506
IN.ADM2.00489,sesamum,full,16,0.6287379697284612,0.3953114345782674,0.009084283240640634
IN.ADM2.00489,sesamum,cleaned,16,0.6287379697284612,0.3953114345782674,0.009084283240640634
IN.ADM2.00489,soyabean,full,16,0.4550540058471657,0.20707414823755232,0.07654752916669269
IN.ADM2.00489,soyabean,cleaned,16,0.4550540058471657,0.20707414823755232,0.07654752916669269
IN.ADM2.00489,sugarcane,full,16,0.04138584325085676,0.0017127880215844857,0.8790458565199678
IN.ADM2.00489,sugarcane,cleaned,16,0.04138584325085676,0.0017127880215844857,0.8790458565199678
IN.ADM2.00489,wheat,full,16,0.21115951150100312,0.04458833929734227,0.4324320381548039
IN.ADM2.00489,wheat,cleaned,16,0.21115951150100312,0.04458833929734227,0.4324320381548039
IN.ADM2.00491,arhartur,full,7,-0.8113652528599301,0.6583135735484583,0.026739162476756683
IN.ADM2.00491,arhartur,cleaned,7,-0.8113652528599301,0.6583135735484583,0.026739162476756683
IN.ADM2.00491,bajra,full,16,0.3638952363817973,0.13241974306136414,0.16588011182839807
IN.ADM2.00491,bajra,cleaned,16,0.3638952363817973,0.13241974306136414,0.16588011182839807
IN.ADM2.00491,barley,full,16,0.3257437759241707,0.10610900755333633,0.21824515199937147
IN.ADM2.00491,barley,cleaned,16,0.3257437759241707,0.10610900755333633,0.21824515199937147
IN.ADM2.00491,cottonlint,full,16,0.2531612698430141,0.06409062854852741,0.34412910080609294
IN.ADM2.00491,cottonlint,cleaned,16,0.2531612698430141,0.06409062854852741,0.34412910080609294
IN.ADM2.00491,groundnut,full,16,0.21650542938734813,0.046874600954199985,0.4205929734987378
IN.ADM2.00491,groundnut,cleaned,16,0.21650542938734813,0.046874600954199985,0.4205929734987378
IN.ADM2.00491,jowar,full,15,0.7025827617105833,0.4936225370528703,0.0034899440809806476
IN.ADM2.00491,jowar,cleaned,15,0.7025827617105833,0.4936225370528703,0.0034899440809806476
IN.ADM2.00491,maize,full,16,0.5275901237719467,0.27835133870169804,0.03570052136162388
IN.ADM2.00491,maize,cleaned,16,0.5275901237719467,0.27835133870169804,0.03570052136162388
IN.ADM2.00491,potato,full,16,0.3958144937664091,0.1566691134755587,0.12911415377525445
IN.ADM2.00491,potato,cleaned,11,0.5112897732671838,0.26141723224760827,0.10795515018551347
IN.ADM2.00491,rapeseed_mustard,full,16,-0.019249049635580176,0.0003705259118730293,0.9435917153988167
IN.ADM2.00491,rapeseed_mustard,cleaned,16,-0.019249049635580176,0.0003705259118730293,0.9435917153988167
IN.ADM2.00491,rice,full,16,0.4850123102342926,0.2352369410788057,0.05688287373176841
IN.ADM2.00491,rice,cleaned,16,0.4850123102342926,0.2352369410788057,0.05688287373176841
IN.ADM2.00491,sesamum,full,16,-0.05653015372471561,0.0031956582801399777,0.8352731967834915
IN.ADM2.00491,sesamum,cleaned,15,-0.10690600921826221,0.011428894806975164,0.7045283661785221
IN.ADM2.00491,soyabean,full,11,0.51348252779689,0.2636643063526839,0.10619682886183332
IN.ADM2.00491,soyabean,cleaned,11,0.51348252779689,0.2636643063526839,0.10619682886183332
IN.ADM2.00491,sugarcane,full,16,0.5195810238757552,0.26996444037177814,0.03913612378947388
IN.ADM2.00491,sugarcane,cleaned,16,0.5195810238757552,0.26996444037177814,0.03913612378947388
IN.ADM2.00492,arhartur,full,14,-0.42089803547940874,0.1771551562704256,0.1339563680974861
IN.ADM2.00492,arhartur,cleaned,14,-0.42089803547940874,0.1771551562704256,0.1339563680974861
IN.ADM2.00492,bajra,full,11,-0.5839916557879672,0.3410462540299716,0.059236602504059245
IN.ADM2.00492,bajra,cleaned,11,-0.5839916557879672,0.3410462540299716,0.059236602504059245
IN.ADM2.00492,cottonlint,full,16,0.19783025485359573,0.039136809735438635,0.462682097821567
IN.ADM2.00492,cottonlint,cleaned,16,0.19783025485359573,0.039136809735438635,0.462682097821567
IN.ADM2.00492,groundnut,full,16,0.34769255502894514,0.12089011282255605,0.18697526330087444
IN.ADM2.00492,groundnut,cleaned,16,0.34769255502894514,0.12089011282255605,0.18697526330087444
IN.ADM2.00492,jowar,full,8,-0.30318221524526606,0.09191945564102684,0.4654081605116813
IN.ADM2.00492,jowar,cleaned,8,-0.30318221524526606,0.09191945564102684,0.4654081605116813
IN.ADM2.00492,maize,full,14,-0.059239571084929527,0.0035093267823264186,0.8405706356371068
IN.ADM2.00492,maize,cleaned,14,-0.059239571084929527,0.0035093267823264186,0.8405706356371068
IN.ADM2.00492,ragi,full,15,-0.02876266200398835,0.0008272907255556751,0.9189526686306594
IN.ADM2.00492,ragi,cleaned,15,-0.02876266200398835,0.0008272907255556751,0.9189526686306594
IN.ADM2.00492,rice,full,16,0.0489973144642224,0.0024007368247058974,0.8569970801477672
IN.ADM2.00492,rice,cleaned,16,0.0489973144642224,0.0024007368247058974,0.8569970801477672
IN.ADM2.00492,sesamum,full,16,-0.17455471801941536,0.030469349582837608,0.5179074088936128
IN.ADM2.00492,sesamum,cleaned,16,-0.17455471801941536,0.030469349582837608,0.5179074088936128
IN.ADM2.00492,sugarcane,full,16,-0.17206922240651612,0.02960781729958311,0.5239775435509095
IN.ADM2.00492,sugarcane,cleaned,16,-0.17206922240651612,0.02960781729958311,0.5239775435509095
IN.ADM2.00494,arhartur,full,16,0.24757682301571265,0.061294283294553505,0.3552348405650086
IN.ADM2.00494,arhartur,cleaned,16,0.24757682301571265,0.061294283294553505,0.3552348405650086
IN.ADM2.00494,barley,full,16,0.2929131613466208,0.08579812009007153,0.27090387922755355
IN.ADM2.00494,barley,cleaned,16,0.2929131613466208,0.08579812009007153,0.27090387922755355
IN.ADM2.00494,cottonlint,full,15,-0.2754637466494705,0.07588027571816366,0.3203626100678033
IN.ADM2.00494,cottonlint,cleaned,15,-0.2754637466494705,0.07588027571816366,0.3203626100678033
IN.ADM2.00494,groundnut,full,16,0.5796970361253391,0.3360486536925027,0.018590753270599586
IN.ADM2.00494,groundnut,cleaned,16,0.5796970361253391,0.3360486536925027,0.018590753270599586
IN.ADM2.00494,jowar,full,16,0.12442454618365775,0.015481467693009182,0.6461499572555818
IN.ADM2.00494,jowar,cleaned,16,0.12442454618365775,0.015481467693009182,0.6461499572555818
IN.ADM2.00494,maize,full,16,0.2006890675420857,0.04027610183091184,0.4561074939334734
IN.ADM2.00494,maize,cleaned,16,0.2006890675420857,0.04027610183091184,0.4561074939334734
IN.ADM2.00494,potato,full,16,-0.5090425685466973,0.25912433659261896,0.044028891814895256
IN.ADM2.00494,potato,cleaned,16,-0.5090425685466973,0.25912433659261896,0.044028891814895256
IN.ADM2.00494,rapeseed_mustard,full,16,-0.07302898281892525,0.00533323233156688,0.7881001621297286
IN.ADM2.00494,rapeseed_mustard,cleaned,16,-0.07302898281892525,0.00533323233156688,0.7881001621297286
IN.ADM2.00494,rice,full,16,-0.11011694877470275,0.01212574240745051,0.684759884479146
IN.ADM2.00494,rice,cleaned,16,-0.11011694877470275,0.01212574240745051,0.684759884479146
IN.ADM2.00494,sesamum,full,16,0.09928005591369987,0.009856529502227374,0.7145050018246155
IN.ADM2.00494,sesamum,cleaned,16,0.09928005591369987,0.009856529502227374,0.7145050018246155
IN.ADM2.00494,soyabean,full,16,0.23802323959497868,0.05665506258728863,0.3746922431843559
IN.ADM2.00494,soyabean,cleaned,16,0.23802323959497868,0.05665506258728863,0.3746922431843559
IN.ADM2.00494,sugarcane,full,16,-0.3158488112334812,0.09976047155760323,0.23336991031874493
IN.ADM2.00494,sugarcane,cleaned,15,-0.3000483743029162,0.09002902692182291,0.2772355211982585
IN.ADM2.00494,wheat,full,16,0.08954352945514296,0.008018043667284055,0.7415638718570836
IN.ADM2.00494,wheat,cleaned,16,0.08954352945514296,0.008018043667284055,0.7415638718570836
IN.ADM2.00495,arhartur,full,16,0.3005623629880151,0.09033773404493935,0.2580009669925067
IN.ADM2.00495,arhartur,cleaned,16,0.3005623629880151,0.09033773404493935,0.2580009669925067
IN.ADM2.00495,barley,full,16,0.05872646326451593,0.003448797487558539,0.828959558500757
IN.ADM2.00495,barley,cleaned,16,0.05872646326451593,0.003448797487558539,0.828959558500757
IN.ADM2.00495,cottonlint,full,16,0.34692004061284787,0.12035351457882001,0.18802291421287415
IN.ADM2.00495,cottonlint,cleaned,15,0.10092157871491653,0.010185165050311093,0.720437687958012
IN.ADM2.00495,groundnut,full,16,0.38682381253578935,0.1496326619447235,0.13884080009901412
IN.ADM2.00495,groundnut,cleaned,16,0.38682381253578935,0.1496326619447235,0.13884080009901412
IN.ADM2.00495,jowar,full,16,0.3181155835637843,0.10119752450612701,0.22984835114228339
IN.ADM2.00495,jowar,cleaned,16,0.3181155835637843,0.10119752450612701,0.22984835114228339
IN.ADM2.00495,maize,full,16,0.23767541462330807,0.05648960271636141,0.3754114732881455
IN.ADM2.00495,maize,cleaned,16,0.23767541462330807,0.05648960271636141,0.3754114732881455
IN.ADM2.00495,rapeseed_mustard,full,16,-0.4951280931091817,0.2451518285859345,0.05117307521637674
IN.ADM2.00495,rapeseed_mustard,cleaned,16,-0.4951280931091817,0.2451518285859345,0.05117307521637674
IN.ADM2.00495,sesamum,full,16,0.19172045034236532,0.03675673107947937,0.47688893736864096
IN.ADM2.00495,sesamum,cleaned,16,0.19172045034236532,0.03675673107947937,0.47688893736864096
IN.ADM2.00495,wheat,full,16,0.01335888363121316,0.0001784597718722949,0.9608374873704206
IN.ADM2.00495,wheat,cleaned,16,0.01335888363121316,0.0001784597718722949,0.9608374873704206
IN.ADM2.00497,maize,full,16,-0.10742419336784495,0.011539957320732142,0.6921124369811229
IN.ADM2.00497,maize,cleaned,16,-0.10742419336784495,0.011539957320732142,0.6921124369811229
IN.ADM2.00497,potato,full,16,0.012367837252177716,0.00015296339829635482,0.9637409613618331
IN.ADM2.00497,potato,cleaned,16,0.012367837252177716,0.00015296339829635482,0.9637409613618331
IN.ADM2.00497,sugarcane,full,15,-0.16287412171616447,0.026527979524811958,0.5619289272244384
IN.ADM2.00497,sugarcane,cleaned,14,-0.04046655953701285,0.0016375424407626057,0.8907541441846871
IN.ADM2.00498,arhartur,full,15,-0.014047028076442078,0.00019731899778035203,0.9603726111100467
IN.ADM2.00498,arhartur,cleaned,13,-0.004640072704386246,2.153027470199029e-05,0.9879969863859961
IN.ADM2.00498,maize,full,8,0.892937045692842,0.7973365675706607,0.00282693829430705
IN.ADM2.00498,maize,cleaned,8,0.892937045692842,0.7973365675706607,0.00282693829430705
IN.ADM2.00498,potato,full,16,-0.04348080617009946,0.0018905805052017591,0.8729682211743419
IN.ADM2.00498,potato,cleaned,16,-0.04348080617009946,0.0018905805052017591,0.8729682211743419
IN.ADM2.00498,rapeseed_mustard,full,15,-0.6239072829006346,0.3892602976564525,0.012930978394950712
IN.ADM2.00498,rapeseed_mustard,cleaned,15,-0.6239072829006346,0.3892602976564525,0.012930978394950712
IN.ADM2.00498,rice,full,16,0.4506592998461635,0.2030938045378343,0.07979942685452049
IN.ADM2.00498,rice,cleaned,16,0.4506592998461635,0.2030938045378343,0.07979942685452049
IN.ADM2.00498,sesamum,full,6,0.3310296259298573,0.10958061324326125,0.5215927758107546
IN.ADM2.00498,sugarcane,full,16,0.15982877289050876,0.025545236643685826,0.5543347450590212
IN.ADM2.00498,sugarcane,cleaned,14,0.23257067067707857,0.05408911685918613,0.4236348237692841
IN.ADM2.00498,wheat,full,16,0.3054196346673619,0.0932811532403448,0.25000765719803214
IN.ADM2.00498,wheat,cleaned,15,0.3392343488045179,0.11507994340882532,0.21610291391230624
IN.ADM2.00500,maize,full,16,-0.13711331572227728,0.01880006134835689,0.6125993678801676
IN.ADM2.00500,maize,cleaned,16,-0.13711331572227728,0.01880006134835689,0.6125993678801676
IN.ADM2.00500,potato,full,15,-0.004048446848473053,1.6389921884911394e-05,0.9885753345374643
IN.ADM2.00500,potato,cleaned,15,-0.004048446848473053,1.6389921884911394e-05,0.9885753345374643
IN.ADM2.00500,rice,full,16,0.0037178319007015286,1.382227404187394e-05,0.9890973236694098
IN.ADM2.00500,rice,cleaned,16,0.0037178319007015286,1.382227404187394e-05,0.9890973236694098
IN.ADM2.00502,arhartur,full,15,-0.1530435238907996,0.023422320204913746,0.5860712079760736
IN.ADM2.00502,arhartur,cleaned,15,-0.1530435238907996,0.023422320204913746,0.5860712079760736
IN.ADM2.00502,cottonlint,full,16,-0.16472306089350108,0.027133686790124067,0.5421054214007741
IN.ADM2.00502,cottonlint,cleaned,16,-0.16472306089350108,0.027133686790124067,0.5421054214007741
IN.ADM2.00502,maize,full,16,-0.17048804464599787,0.029066173367215762,0.5278559045003104
IN.ADM2.00502,maize,cleaned,16,-0.17048804464599787,0.029066173367215762,0.5278559045003104
IN.ADM2.00502,potato,full,15,-0.1410618315029296,0.019898440306960904,0.6160520289200008
IN.ADM2.00502,rapeseed_mustard,full,16,-0.1954173001448857,0.038187921195916345,0.46826761474090167
IN.ADM2.00502,rapeseed_mustard,cleaned,16,-0.1954173001448857,0.038187921195916345,0.46826761474090167
IN.ADM2.00502,soyabean,full,13,-0.305574025044293,0.0933754847817702,0.30996094576477035
IN.ADM2.00502,soyabean,cleaned,13,-0.305574025044293,0.0933754847817702,0.30996094576477035
IN.ADM2.00502,sugarcane,full,16,-0.19125670729627647,0.036579128085813574,0.47797583592873566
IN.ADM2.00502,sugarcane,cleaned,16,-0.19125670729627647,0.036579128085813574,0.47797583592873566
IN.ADM2.00503,arhartur,full,15,0.1602096156012894,0.025667120931112914,0.5684305698416182
IN.ADM2.00503,cottonlint,full,16,-0.01579434977725705,0.0002494614848863398,0.9537043192365703
IN.ADM2.00503,cottonlint,cleaned,16,-0.01579434977725705,0.0002494614848863398,0.9537043192365703
IN.ADM2.00503,maize,full,16,0.0720309463998362,0.005188457239256076,0.7909358438909271
IN.ADM2.00503,maize,cleaned,16,0.0720309463998362,0.005188457239256076,0.7909358438909271
IN.ADM2.00503,potato,full,15,0.08077114941722052,0.006523978578178963,0.7747604433279842
IN.ADM2.00503,rapeseed_mustard,full,16,-0.0743329515323876,0.005525387683516284,0.7843990073430126
IN.ADM2.00503,rapeseed_mustard,cleaned,16,-0.0743329515323876,0.005525387683516284,0.7843990073430126
IN.ADM2.00503,rice,full,16,0.23897469447867012,0.057108904601173724,0.37272870041500916
IN.ADM2.00503,rice,cleaned,16,0.23897469447867012,0.057108904601173724,0.37272870041500916
IN.ADM2.00503,soyabean,full,13,-0.04572745804395622,0.0020910004191617764,0.8820778769561377
IN.ADM2.00503,soyabean,cleaned,12,-0.020401785280735458,0.00041623284264123397,0.9498203351238055
IN.ADM2.00503,sugarcane,full,16,-0.057708513792604714,0.0033302725641512483,0.83188461807272
IN.ADM2.00503,sugarcane,cleaned,11,0.05445616124568922,0.0029654734976165046,0.8736523177413242
IN.ADM2.00504,groundnut,full,16,-0.35898289461592536,0.12886871862682858,0.1720995378307854
IN.ADM2.00504,groundnut,cleaned,16,-0.35898289461592536,0.12886871862682858,0.1720995378307854
IN.ADM2.00504,maize,full,16,0.31309825523485457,0.09803051743111015,0.23768840591248086
IN.ADM2.00504,maize,cleaned,16,0.31309825523485457,0.09803051743111015,0.23768840591248086
IN.ADM2.00504,ragi,full,16,-0.09309611161431502,0.008666885997705001,0.7316561099129101
IN.ADM2.00504,ragi,cleaned,16,-0.09309611161431502,0.008666885997705001,0.7316561099129101
IN.ADM2.00504,rice,full,16,-0.11381672418503665,0.012954246704212706,0.6747008979261245
IN.ADM2.00504,rice,cleaned,16,-0.11381672418503665,0.012954246704212706,0.6747008979261245
IN.ADM2.00504,sugarcane,full,16,0.14045721419466556,0.01972822901932616,0.6038731467494212
IN.ADM2.00504,sugarcane,cleaned,15,0.3078316843424728,0.09476034588512383,0.26434694817557186
IN.ADM2.00505,groundnut,full,16,-0.042846812263631726,0.001835849321154902,0.8748067947049611
IN.ADM2.00505,groundnut,cleaned,16,-0.042846812263631726,0.001835849321154902,0.8748067947049611
IN.ADM2.00505,maize,full,16,0.07089661833860493,0.005026330491849813,0.794161750922737
IN.ADM2.00505,maize,cleaned,16,0.07089661833860493,0.005026330491849813,0.794161750922737
IN.ADM2.00505,potato,full,11,0.008980258737012092,8.064504698368201e-05,0.9790940437375917
IN.ADM2.00505,potato,cleaned,11,0.008980258737012092,8.064504698368201e-05,0.9790940437375917
IN.ADM2.00505,ragi,full,16,0.4233102019022578,0.17919152703453028,0.1023057810386239
IN.ADM2.00505,ragi,cleaned,16,0.4233102019022578,0.17919152703453028,0.1023057810386239
IN.ADM2.00505,rapeseed_mustard,full,16,-0.04944791679111611,0.002445096474981143,0.8556947302564561
IN.ADM2.00505,rapeseed_mustard,cleaned,16,-0.04944791679111611,0.002445096474981143,0.8556947302564561
IN.ADM2.00505,rice,full,16,0.0758823244909639,0.0057581271701519395,0.7800069328824111
IN.ADM2.00505,rice,cleaned,16,0.0758823244909639,0.0057581271701519395,0.7800069328824111
IN.ADM2.00505,sugarcane,full,16,0.11773283835581513,0.013861021227316495,0.6641097158566261
IN.ADM2.00505,sugarcane,cleaned,16,0.11773283835581513,0.013861021227316495,0.6641097158566261
IN.ADM2.00506,groundnut,full,16,0.1923985118533033,0.03701718736336569,0.475301895823529
IN.ADM2.00506,groundnut,cleaned,16,0.1923985118533033,0.03701718736336569,0.475301895823529
IN.ADM2.00506,maize,full,16,0.40426064404690415,0.16342666832521774,0.12041427204787589
IN.ADM2.00506,maize,cleaned,16,0.40426064404690415,0.16342666832521774,0.12041427204787589
IN.ADM2.00506,potato,full,16,0.38446244746821356,0.14781137351324888,0.1414762347044561
IN.ADM2.00506,potato,cleaned,16,0.38446244746821356,0.14781137351324888,0.1414762347044561
IN.ADM2.00506,ragi,full,16,-0.09839691181754384,0.0096819522552295,0.7169467775929821
IN.ADM2.00506,ragi,cleaned,16,-0.09839691181754384,0.0096819522552295,0.7169467775929821
IN.ADM2.00506,rapeseed_mustard,full,16,0.1330436927582178,0.01770062418274306,0.6232855385963989
IN.ADM2.00506,rapeseed_mustard,cleaned,16,0.1330436927582178,0.01770062418274306,0.6232855385963989
IN.ADM2.00506,rice,full,16,0.4024454956016329,0.16196237693004392,0.1222485894496331
IN.ADM2.00506,rice,cleaned,16,0.4024454956016329,0.16196237693004392,0.1222485894496331
IN.ADM2.00506,sugarcane,full,16,0.47261281568980684,0.22336287355424733,0.06450695108113001
IN.ADM2.00506,sugarcane,cleaned,16,0.47261281568980684,0.22336287355424733,0.06450695108113001
IN.ADM2.00507,groundnut,full,16,-0.552177759486281,0.30490027807128917,0.026566104838792785
IN.ADM2.00507,groundnut,cleaned,16,-0.552177759486281,0.30490027807128917,0.026566104838792785
IN.ADM2.00507,maize,full,16,0.23474067863055267,0.05510318620393241,0.3815099795333958
IN.ADM2.00507,maize,cleaned,16,0.23474067863055267,0.05510318620393241,0.3815099795333958
IN.ADM2.00507,ragi,full,16,-0.22302490244326176,0.049740107109826424,0.40638695198169056
IN.ADM2.00507,ragi,cleaned,16,-0.22302490244326176,0.049740107109826424,0.40638695198169056
IN.ADM2.00507,rice,full,16,0.11278651500057657,0.012720797965975283,0.6774967431549515
IN.ADM2.00507,rice,cleaned,16,0.11278651500057657,0.012720797965975283,0.6774967431549515
IN.ADM2.00508,groundnut,full,16,-0.1329209010425683,0.017667965933968233,0.6236090808267318
IN.ADM2.00508,groundnut,cleaned,16,-0.1329209010425683,0.017667965933968233,0.6236090808267318
IN.ADM2.00508,maize,full,16,0.05448682123072585,0.0029688136878290774,0.8411555658932708
IN.ADM2.00508,maize,cleaned,16,0.05448682123072585,0.0029688136878290774,0.8411555658932708
IN.ADM2.00508,potato,full,16,0.4552279571978681,0.20723249301454405,0.0764208169499283
IN.ADM2.00508,potato,cleaned,16,0.4552279571978681,0.20723249301454405,0.0764208169499283
IN.ADM2.00508,ragi,full,16,-0.1757408272864786,0.030884838375335903,0.5150221043570915
IN.ADM2.00508,ragi,cleaned,16,-0.1757408272864786,0.030884838375335903,0.5150221043570915
IN.ADM2.00508,rapeseed_mustard,full,7,0.23217623440727167,0.05390580382354036,0.6163825321488094
IN.ADM2.00508,rapeseed_mustard,cleaned,7,0.23217623440727167,0.05390580382354036,0.6163825321488094
IN.ADM2.00508,rice,full,16,0.15819396565939128,0.025025330771044667,0.5584461325436584
IN.ADM2.00508,rice,cleaned,16,0.15819396565939128,0.025025330771044667,0.5584461325436584
IN.ADM2.00508,sugarcane,full,16,-0.16755292587047,0.028073982967755214,0.5350895018796961
IN.ADM2.00508,sugarcane,cleaned,16,-0.16755292587047,0.028073982967755214,0.5350895018796961
IN.ADM2.00509,groundnut,full,16,0.43149583086222887,0.18618865205148522,0.09514923597021285
IN.ADM2.00509,groundnut,cleaned,16,0.43149583086222887,0.18618865205148522,0.09514923597021285
IN.ADM2.00509,maize,full,16,0.3873563614381136,0.15004495074657448,0.13825111139852425
IN.ADM2.00509,maize,cleaned,16,0.3873563614381136,0.15004495074657448,0.13825111139852425
IN.ADM2.00509,potato,full,16,-0.0004139826641167965,1.7138164618924037e-07,0.9987859477400174
IN.ADM2.00509,potato,cleaned,16,-0.0004139826641167965,1.7138164618924037e-07,0.9987859477400174
IN.ADM2.00509,ragi,full,16,-0.056868288929322316,0.003234002285748883,0.8343005498481981
IN.ADM2.00509,ragi,cleaned,16,-0.056868288929322316,0.003234002285748883,0.8343005498481981
IN.ADM2.00509,rapeseed_mustard,full,16,0.1240200678489245,0.015380977229251835,0.6472304629846988
IN.ADM2.00509,rapeseed_mustard,cleaned,16,0.1240200678489245,0.015380977229251835,0.6472304629846988
IN.ADM2.00509,rice,full,16,0.08289858877580397,0.006872176021019852,0.7601973414050365
IN.ADM2.00509,rice,cleaned,16,0.08289858877580397,0.006872176021019852,0.7601973414050365
IN.ADM2.00509,sesamum,full,16,-0.003718801321598103,1.3829483269519798e-05,0.9890944809648559
IN.ADM2.00509,sesamum,cleaned,16,-0.003718801321598103,1.3829483269519798e-05,0.9890944809648559
IN.ADM2.00509,sugarcane,full,15,0.24178446219720076,0.0584597261599896,0.385298511109704
IN.ADM2.00509,sugarcane,cleaned,15,0.24178446219720076,0.0584597261599896,0.385298511109704
IN.ADM2.00510,barley,full,16,-0.1541112256243644,0.023750269863443755,0.5687708644766976
IN.ADM2.00510,barley,cleaned,12,-0.30509501429649566,0.0930829677485789,0.3348981916016475
IN.ADM2.00510,cottonlint,full,16,0.07525486243740018,0.005663294320472024,0.781784883055044
IN.ADM2.00510,cottonlint,cleaned,16,0.07525486243740018,0.005663294320472024,0.781784883055044
IN.ADM2.00510,groundnut,full,10,0.4065909201167402,0.1653161763213774,0.2436071700056644
IN.ADM2.00510,groundnut,cleaned,10,0.4065909201167402,0.1653161763213774,0.2436071700056644
IN.ADM2.00510,rapeseed_mustard,full,16,0.8137313052813416,0.662158637194876,0.0001254996998692916
IN.ADM2.00510,rapeseed_mustard,cleaned,16,0.8137313052813416,0.662158637194876,0.0001254996998692916
IN.ADM2.00510,rice,full,16,0.32693140937766185,0.10688414643766432,0.2164729377839773
IN.ADM2.00510,rice,cleaned,16,0.32693140937766185,0.10688414643766432,0.2164729377839773
IN.ADM2.00510,sesamum,full,5,0.9281537731757526,0.8614694266603865,0.02286668743534931
IN.ADM2.00510,sesamum,cleaned,5,0.9281537731757526,0.8614694266603865,0.02286668743534931
IN.ADM2.00510,wheat,full,16,-0.11098663697662947,0.012318033587382137,0.6823908264534924
IN.ADM2.00510,wheat,cleaned,16,-0.11098663697662947,0.012318033587382137,0.6823908264534924
IN.ADM2.00511,barley,full,16,-0.18724856745492985,0.035062026013923414,0.4874197923337567
IN.ADM2.00511,barley,cleaned,8,-0.15547999494659595,0.024174028828593503,0.7131391593365078
IN.ADM2.00511,cottonlint,full,16,0.3621028963863057,0.13111850757135166,0.168131705144538
IN.ADM2.00511,cottonlint,cleaned,16,0.3621028963863057,0.13111850757135166,0.168131705144538
IN.ADM2.00511,groundnut,full,9,0.8133661011377596,0.6615644144800402,0.007663990458462668
IN.ADM2.00511,rapeseed_mustard,full,16,0.37040323070780784,0.13719855331878153,0.15787418023590283
IN.ADM2.00511,rapeseed_mustard,cleaned,7,0.7332352793713683,0.5376339749148086,0.06077304355031721
IN.ADM2.00511,rice,full,16,0.5869743744108653,0.3445389162150267,0.016830982253238952
IN.ADM2.00511,rice,cleaned,16,0.5869743744108653,0.3445389162150267,0.016830982253238952
IN.ADM2.00511,sesamum,full,9,0.516148269768971,0.26640903638550245,0.1548764511963177
IN.ADM2.00511,sesamum,cleaned,9,0.516148269768971,0.26640903638550245,0.1548764511963177
IN.ADM2.00511,wheat,full,16,0.1563901499748802,0.024457879009165524,0.5629977667422843
IN.ADM2.00511,wheat,cleaned,16,0.1563901499748802,0.024457879009165524,0.5629977667422843
IN.ADM2.00512,arhartur,full,10,0.08586648134973443,0.007373052619384291,0.8135458582905704
IN.ADM2.00512,barley,full,15,0.03762210865842965,0.0014154230599066873,0.8941026833096379
IN.ADM2.00512,barley,cleaned,11,0.002462076521823106,6.0618207993125635e-06,0.9942678107061732
IN.ADM2.00512,cottonlint,full,14,0.11585402446590917,0.013422154984947482,0.693283383740511
IN.ADM2.00512,cottonlint,cleaned,9,0.3032558057822255,0.09196408374062687,0.42761989500518405
IN.ADM2.00512,maize,full,16,0.3389764116302231,0.11490500764170243,0.19901886198742053
IN.ADM2.00512,maize,cleaned,16,0.3389764116302231,0.11490500764170243,0.19901886198742053
IN.ADM2.00512,rapeseed_mustard,full,14,-0.09364463756724795,0.008769318145101226,0.7501673161990716
IN.ADM2.00512,rapeseed_mustard,cleaned,6,-0.02233662216708189,0.0004989246898349741,0.9665006388955202
IN.ADM2.00512,rice,full,16,0.48484316606823175,0.23507289568306694,0.05698217466033032
IN.ADM2.00512,rice,cleaned,16,0.48484316606823175,0.23507289568306694,0.05698217466033032
IN.ADM2.00512,sugarcane,full,12,-0.15612371602004094,0.024374614703906387,0.6280051859772795
IN.ADM2.00512,sugarcane,cleaned,11,0.43843111218213476,0.19222184012926363,0.17737565560693622
IN.ADM2.00512,wheat,full,16,0.2750939062126851,0.07567665723535358,0.30245380245967785
IN.ADM2.00512,wheat,cleaned,16,0.2750939062126851,0.07567665723535358,0.30245380245967785
IN.ADM2.00514,arhartur,full,9,-0.12976669201181523,0.016839394355689312,0.7393231091988038
IN.ADM2.00514,arhartur,cleaned,9,-0.12976669201181523,0.016839394355689312,0.7393231091988038
IN.ADM2.00514,barley,full,16,0.021635658247919715,0.0004681017078207764,0.9366102563362846
IN.ADM2.00514,barley,cleaned,16,0.021635658247919715,0.0004681017078207764,0.9366102563362846
IN.ADM2.00514,maize,full,16,-0.5688141261350343,0.32354951009076277,0.02148473669464101
IN.ADM2.00514,maize,cleaned,16,-0.5688141261350343,0.32354951009076277,0.02148473669464101
IN.ADM2.00514,potato,full,16,-0.11927179910534094,0.014225762061824809,0.6599637010403969
IN.ADM2.00514,potato,cleaned,16,-0.11927179910534094,0.014225762061824809,0.6599637010403969
IN.ADM2.00514,rapeseed_mustard,full,16,-0.3427691327971938,0.11749067839854027,0.19371797739707164
IN.ADM2.00514,rapeseed_mustard,cleaned,16,-0.3427691327971938,0.11749067839854027,0.19371797739707164
IN.ADM2.00514,rice,full,16,-0.0546605744635347,0.0029877784006836217,0.8406550522070293
IN.ADM2.00514,rice,cleaned,16,-0.0546605744635347,0.0029877784006836217,0.8406550522070293
IN.ADM2.00514,sesamum,full,16,0.07320298601497122,0.005358677161508072,0.7876060279062166
IN.ADM2.00514,sesamum,cleaned,16,0.07320298601497122,0.005358677161508072,0.7876060279062166
IN.ADM2.00514,sugarcane,full,12,-0.3959130581995257,0.15674714965290104,0.20266376423722696
IN.ADM2.00514,sugarcane,cleaned,12,-0.3959130581995257,0.15674714965290104,0.20266376423722696
IN.ADM2.00515,groundnut,full,9,0.493053389888327,0.24310164528037057,0.17744423152638017
IN.ADM2.00515,groundnut,cleaned,9,0.493053389888327,0.24310164528037057,0.17744423152638017
IN.ADM2.00515,maize,full,13,0.012675742053226347,0.0001606744365999309,0.967217032231837
IN.ADM2.00515,maize,cleaned,13,0.012675742053226347,0.0001606744365999309,0.967217032231837
IN.ADM2.00515,potato,full,16,-0.04789071938967027,0.0022935210036601397,0.8601968694939415
IN.ADM2.00515,potato,cleaned,16,-0.04789071938967027,0.0022935210036601397,0.8601968694939415
IN.ADM2.00515,rapeseed_mustard,full,16,-0.38683627703104206,0.14964230522723712,0.13882697861350196
IN.ADM2.00515,rapeseed_mustard,cleaned,16,-0.38683627703104206,0.14964230522723712,0.13882697861350196
IN.ADM2.00515,rice,full,16,-0.061984277559533243,0.0038420506645772566,0.8196126082920783
IN.ADM2.00515,rice,cleaned,16,-0.061984277559533243,0.0038420506645772566,0.8196126082920783
IN.ADM2.00515,sesamum,full,5,0.6060096651813056,0.3672477142931581,0.278652919674634
IN.ADM2.00515,sesamum,cleaned,5,0.6060096651813056,0.3672477142931581,0.278652919674634
IN.ADM2.00516,groundnut,full,16,-0.10066151722489033,0.010132741050016894,0.7106906542063918
IN.ADM2.00516,groundnut,cleaned,16,-0.10066151722489033,0.010132741050016894,0.7106906542063918
IN.ADM2.00516,maize,full,16,0.03904325085108838,0.0015243754370210137,0.8858493731129946
IN.ADM2.00516,maize,cleaned,16,0.03904325085108838,0.0015243754370210137,0.8858493731129946
IN.ADM2.00516,potato,full,16,-0.32042894946425793,0.10267471165476796,0.22628919415357038
IN.ADM2.00516,potato,cleaned,15,-0.1999291653764987,0.039971671168143375,0.47497367768738247
IN.ADM2.00516,ragi,full,14,0.26491621184989605,0.07018059930089901,0.36002563557799294
IN.ADM2.00516,ragi,cleaned,13,-0.1265862069070892,0.016024067779124393,0.680274044611692
IN.ADM2.00516,rapeseed_mustard,full,16,-0.3119159949475959,0.09729158790414869,0.23955989686711293
IN.ADM2.00516,rapeseed_mustard,cleaned,16,-0.3119159949475959,0.09729158790414869,0.23955989686711293
IN.ADM2.00516,rice,full,16,0.12305143415174734,0.015141655446801811,0.6498207112236318
IN.ADM2.00516,rice,cleaned,16,0.12305143415174734,0.015141655446801811,0.6498207112236318
IN.ADM2.00516,sugarcane,full,16,0.30657418115049334,0.0939877285480955,0.24813055406904033
IN.ADM2.00516,sugarcane,cleaned,16,0.30657418115049334,0.0939877285480955,0.24813055406904033
IN.ADM2.00517,groundnut,full,16,-0.011806103129604673,0.00013938407110686125,0.9653868687553708
IN.ADM2.00517,groundnut,cleaned,16,-0.011806103129604673,0.00013938407110686125,0.9653868687553708
IN.ADM2.00517,maize,full,16,0.03497708862142972,0.001223396728431348,0.897676107105414
IN.ADM2.00517,maize,cleaned,15,-0.3291030392274409,0.1083088104287385,0.23101021311925407
IN.ADM2.00517,ragi,full,5,0.22310080133236332,0.04977396755514265,0.7183136233311458
IN.ADM2.00517,ragi,cleaned,5,0.22310080133236332,0.04977396755514265,0.7183136233311458
IN.ADM2.00517,rice,full,16,0.26503984139580616,0.07024611752711409,0.32117139463123073
IN.ADM2.00517,rice,cleaned,16,0.26503984139580616,0.07024611752711409,0.32117139463123073
IN.ADM2.00517,sugarcane,full,16,0.3703167180169664,0.13713447164285741,0.15797886829685878
IN.ADM2.00517,sugarcane,cleaned,15,0.0730690069283964,0.00533907977350204,0.7957979220087119
IN.ADM2.00518,groundnut,full,16,0.14978952190832961,0.02243690087352596,0.5797872066601473
IN.ADM2.00518,groundnut,cleaned,16,0.14978952190832961,0.02243690087352596,0.5797872066601473
IN.ADM2.00518,maize,full,12,-0.46853932475549953,0.21952909884233945,0.12444761738496363
IN.ADM2.00518,maize,cleaned,12,-0.46853932475549953,0.21952909884233945,0.12444761738496363
IN.ADM2.00518,rapeseed_mustard,full,16,0.11428974198011752,0.013062145121881835,0.673418525303068
IN.ADM2.00518,rapeseed_mustard,cleaned,15,0.06801293328487068,0.00462575909401227,0.8096802115094803
IN.ADM2.00518,rice,full,16,0.4413824456561205,0.19481846333337816,0.0869889235700648
IN.ADM2.00518,rice,cleaned,16,0.4413824456561205,0.19481846333337816,0.0869889235700648
IN.ADM2.00518,sesamum,full,16,0.21008335738239947,0.044135017049060976,0.43483580221731355
IN.ADM2.00518,sesamum,cleaned,16,0.21008335738239947,0.044135017049060976,0.43483580221731355
IN.ADM2.00518,sugarcane,full,16,-0.0018275523336056532,3.3399475320674688e-06,0.994640524416207
IN.ADM2.00518,sugarcane,cleaned,16,-0.0018275523336056532,3.3399475320674688e-06,0.994640524416207
IN.ADM2.00521,ragi,full,5,0.8120730135574021,0.6594625793482006,0.09499042332448106
IN.ADM2.00521,ragi,cleaned,5,0.8120730135574021,0.6594625793482006,0.09499042332448106
IN.ADM2.00521,rice,full,16,0.5385933881976869,0.2900828378102642,0.03135857819302786
IN.ADM2.00521,rice,cleaned,16,0.5385933881976869,0.2900828378102642,0.03135857819302786
IN.ADM2.00521,sesamum,full,15,-0.03444472025736112,0.0011864387536078633,0.9030056141835288
IN.ADM2.00521,sesamum,cleaned,15,-0.03444472025736112,0.0011864387536078633,0.9030056141835288
IN.ADM2.00522,groundnut,full,16,-0.09296121013628157,0.0086417865900019,0.7320316209958737
IN.ADM2.00522,groundnut,cleaned,16,-0.09296121013628157,0.0086417865900019,0.7320316209958737
IN.ADM2.00522,maize,full,16,-0.1069727644838376,0.01144317234131459,0.6933476079944871
IN.ADM2.00522,maize,cleaned,16,-0.1069727644838376,0.01144317234131459,0.6933476079944871
IN.ADM2.00522,potato,full,16,-0.36053724166223583,0.12998710262541344,0.17011511641128316
IN.ADM2.00522,potato,cleaned,16,-0.36053724166223583,0.12998710262541344,0.17011511641128316
IN.ADM2.00522,rapeseed_mustard,full,16,-0.27981600346375857,0.07829699579443014,0.2938902775364681
IN.ADM2.00522,rapeseed_mustard,cleaned,16,-0.27981600346375857,0.07829699579443014,0.2938902775364681
IN.ADM2.00522,rice,full,16,-0.13953156439404973,0.019469057462250847,0.6062837510472832
IN.ADM2.00522,rice,cleaned,16,-0.13953156439404973,0.019469057462250847,0.6062837510472832
IN.ADM2.00522,sesamum,full,12,0.4272866367242699,0.1825738699231382,0.16591518681367154
IN.ADM2.00522,sesamum,cleaned,12,0.4272866367242699,0.1825738699231382,0.16591518681367154
IN.ADM2.00522,sugarcane,full,16,-0.06688548090674044,0.00447366755612594,0.8055937775184991
IN.ADM2.00522,sugarcane,cleaned,16,-0.06688548090674044,0.00447366755612594,0.8055937775184991
IN.ADM2.00523,groundnut,full,16,-0.07798434201606558,0.006081557599678691,0.7740582320716518
IN.ADM2.00523,groundnut,cleaned,16,-0.07798434201606558,0.006081557599678691,0.7740582320716518
IN.ADM2.00523,potato,full,16,-0.5747396541526038,0.33032567005545455,0.019868919876785456
IN.ADM2.00523,potato,cleaned,16,-0.5747396541526038,0.33032567005545455,0.019868919876785456
IN.ADM2.00523,rapeseed_mustard,full,16,-0.5982440019166766,0.35789588582928056,0.014364516232669966
IN.ADM2.00523,rapeseed_mustard,cleaned,16,-0.5982440019166766,0.35789588582928056,0.014364516232669966
IN.ADM2.00523,rice,full,16,0.2561724585234781,0.0656243285059631,0.3382234760782578
IN.ADM2.00523,rice,cleaned,16,0.2561724585234781,0.0656243285059631,0.3382234760782578
IN.ADM2.00523,sesamum,full,15,-0.0412649316437001,0.0017027945835592416,0.8839100952557102
IN.ADM2.00523,sesamum,cleaned,15,-0.0412649316437001,0.0017027945835592416,0.8839100952557102
IN.ADM2.00523,sugarcane,full,16,-0.033820414557781335,0.0011438204408601876,0.9010441756656538
IN.ADM2.00523,sugarcane,cleaned,16,-0.033820414557781335,0.0011438204408601876,0.9010441756656538
IN.ADM2.00524,groundnut,full,16,0.29362064679928646,0.08621308422683133,0.2696942996587145
IN.ADM2.00524,groundnut,cleaned,16,0.29362064679928646,0.08621308422683133,0.2696942996587145
IN.ADM2.00524,maize,full,16,0.1035857780035602,0.010730013404602855,0.7026377798518322
IN.ADM2.00524,maize,cleaned,16,0.1035857780035602,0.010730013404602855,0.7026377798518322
IN.ADM2.00524,ragi,full,15,-0.09249304478599714,0.008554963333784473,0.7430249122003431
IN.ADM2.00524,ragi,cleaned,15,-0.09249304478599714,0.008554963333784473,0.7430249122003431
IN.ADM2.00524,rice,full,16,0.09607737573195485,0.009230862127539227,0.7233721830722473
IN.ADM2.00524,rice,cleaned,16,0.09607737573195485,0.009230862127539227,0.7233721830722473
IN.ADM2.00524,sugarcane,full,16,-0.4637810707016244,0.21509288154114511,0.0703757870507067
IN.ADM2.00524,sugarcane,cleaned,16,-0.4637810707016244,0.21509288154114511,0.0703757870507067
IN.ADM2.00525,groundnut,full,16,0.31582751889657,0.09974702169236328,0.2334031492185988
IN.ADM2.00525,groundnut,cleaned,16,0.31582751889657,0.09974702169236328,0.2334031492185988
IN.ADM2.00525,maize,full,16,0.7004218972877295,0.4905908342001427,0.0025133988767587633
IN.ADM2.00525,maize,cleaned,16,0.7004218972877295,0.4905908342001427,0.0025133988767587633
IN.ADM2.00525,potato,full,16,-0.3658054798765228,0.1338136491076931,0.16350266305502073
IN.ADM2.00525,potato,cleaned,16,-0.3658054798765228,0.1338136491076931,0.16350266305502073
IN.ADM2.00525,ragi,full,15,0.2509106871574617,0.0629561729298296,0.36704659812213064
IN.ADM2.00525,ragi,cleaned,15,0.2509106871574617,0.0629561729298296,0.36704659812213064
IN.ADM2.00525,rapeseed_mustard,full,16,-0.1741509990840279,0.030328570481965085,0.5188911776262594
IN.ADM2.00525,rapeseed_mustard,cleaned,16,-0.1741509990840279,0.030328570481965085,0.5188911776262594
IN.ADM2.00525,rice,full,16,0.03429510930278504,0.0011761545220899728,0.8996617382271723
IN.ADM2.00525,rice,cleaned,16,0.03429510930278504,0.0011761545220899728,0.8996617382271723
IN.ADM2.00525,sugarcane,full,16,0.04868563785956888,0.0023702913337930866,0.8578981036157971
IN.ADM2.00525,sugarcane,cleaned,16,0.04868563785956888,0.0023702913337930866,0.8578981036157971
IN.ADM2.00526,groundnut,full,16,-0.40860464696918547,0.16695775752481268,0.11610222031294865
IN.ADM2.00526,groundnut,cleaned,16,-0.40860464696918547,0.16695775752481268,0.11610222031294865
IN.ADM2.00526,maize,full,16,0.07821305893483499,0.006117282587943971,0.7734116683174941
IN.ADM2.00526,maize,cleaned,16,0.07821305893483499,0.006117282587943971,0.7734116683174941
IN.ADM2.00526,ragi,full,16,-0.36286613180082844,0.1316718296080962,0.1671704297079985
IN.ADM2.00526,ragi,cleaned,16,-0.36286613180082844,0.1316718296080962,0.1671704297079985
IN.ADM2.00526,rapeseed_mustard,full,16,-0.4141909565785259,0.17155414851143433,0.11071683555567904
IN.ADM2.00526,rapeseed_mustard,cleaned,16,-0.4141909565785259,0.17155414851143433,0.11071683555567904
IN.ADM2.00526,rice,full,16,0.004688775080926209,2.1984611759514582e-05,0.9862502221830536
IN.ADM2.00526,rice,cleaned,16,0.004688775080926209,2.1984611759514582e-05,0.9862502221830536
IN.ADM2.00526,sesamum,full,16,-0.3353393128082527,0.11245245471471114,0.20418978583381714
IN.ADM2.00526,sesamum,cleaned,16,-0.3353393128082527,0.11245245471471114,0.20418978583381714
IN.ADM2.00526,sugarcane,full,16,-0.16106231740637106,0.025941070088310616,0.5512412333135475
IN.ADM2.00526,sugarcane,cleaned,16,-0.16106231740637106,0.025941070088310616,0.5512412333135475
IN.ADM2.00527,groundnut,full,16,0.09563912315080174,0.00914684187705422,0.7245881597698338
IN.ADM2.00527,groundnut,cleaned,16,0.09563912315080174,0.00914684187705422,0.7245881597698338
IN.ADM2.00527,maize,full,16,-0.16629084604496047,0.027652645478348746,0.5382134729888447
IN.ADM2.00527,maize,cleaned,16,-0.16629084604496047,0.027652645478348746,0.5382134729888447
IN.ADM2.00527,ragi,full,16,-0.2510872744495199,0.06304481939048852,0.34823042480898503
IN.ADM2.00527,ragi,cleaned,16,-0.2510872744495199,0.06304481939048852,0.34823042480898503
IN.ADM2.00527,rice,full,16,0.029477380596101457,0.0008689159668074187,0.9137041597781568
IN.ADM2.00527,rice,cleaned,16,0.029477380596101457,0.0008689159668074187,0.9137041597781568
IN.ADM2.00527,sugarcane,full,14,0.5717348774760735,0.3268807701225808,0.032672700867687136
IN.ADM2.00527,sugarcane,cleaned,14,0.5717348774760735,0.3268807701225808,0.032672700867687136
IN.ADM2.00529,groundnut,full,16,0.11291301206031559,0.012749348292532974,0.6771532341973848
IN.ADM2.00529,groundnut,cleaned,16,0.11291301206031559,0.012749348292532974,0.6771532341973848
IN.ADM2.00529,maize,full,16,0.42451549988554865,0.18021340964307725,0.10122886995833241
IN.ADM2.00529,maize,cleaned,16,0.42451549988554865,0.18021340964307725,0.10122886995833241
IN.ADM2.00529,potato,full,16,-0.558787165215412,0.3122430960094762,0.024447795399976314
IN.ADM2.00529,potato,cleaned,16,-0.558787165215412,0.3122430960094762,0.024447795399976314
IN.ADM2.00529,ragi,full,16,-0.3158137985335834,0.09973835534421079,0.23342456929029476
IN.ADM2.00529,ragi,cleaned,16,-0.3158137985335834,0.09973835534421079,0.23342456929029476
IN.ADM2.00529,rapeseed_mustard,full,16,0.01477300832123423,0.00021824177485925582,0.9566953257260788
IN.ADM2.00529,rapeseed_mustard,cleaned,16,0.01477300832123423,0.00021824177485925582,0.9566953257260788
IN.ADM2.00529,rice,full,16,-0.056895933363562495,0.003237147233310944,0.8342210404879051
IN.ADM2.00529,rice,cleaned,16,-0.056895933363562495,0.003237147233310944,0.8342210404879051
IN.ADM2.00529,sugarcane,full,16,-0.062435951077114374,0.0038982479869038196,0.8183184844991203
IN.ADM2.00529,sugarcane,cleaned,16,-0.062435951077114374,0.0038982479869038196,0.8183184844991203
IN.ADM2.00530,groundnut,full,16,-0.34890938280111655,0.12173775740665609,0.18533282842037505
IN.ADM2.00530,groundnut,cleaned,16,-0.34890938280111655,0.12173775740665609,0.18533282842037505
IN.ADM2.00530,maize,full,16,0.5001538616349059,0.2501538853083086,0.04850003131901485
IN.ADM2.00530,maize,cleaned,16,0.5001538616349059,0.2501538853083086,0.04850003131901485
IN.ADM2.00530,potato,full,14,-0.19541240428136655,0.03818600774702424,0.5031777975452683
IN.ADM2.00530,potato,cleaned,14,-0.19541240428136655,0.03818600774702424,0.5031777975452683
IN.ADM2.00530,ragi,full,16,-0.09876166249382508,0.009753865978544215,0.7159379775493634
IN.ADM2.00530,ragi,cleaned,16,-0.09876166249382508,0.009753865978544215,0.7159379775493634
IN.ADM2.00530,rapeseed_mustard,full,16,-0.5154581267902963,0.26569708047416124,0.0409988767717435
IN.ADM2.00530,rapeseed_mustard,cleaned,16,-0.5154581267902963,0.26569708047416124,0.0409988767717435
IN.ADM2.00530,rice,full,16,-0.20786018359936503,0.04320585592596174,0.4398232347543672
IN.ADM2.00530,rice,cleaned,16,-0.20786018359936503,0.04320585592596174,0.4398232347543672
IN.ADM2.00530,sugarcane,full,16,-0.3239851510177279,0.10496637807997995,0.22088636390864563
IN.ADM2.00530,sugarcane,cleaned,16,-0.3239851510177279,0.10496637807997995,0.22088636390864563
IN.ADM2.00532,groundnut,full,16,-0.2931408614430542,0.08593156464757588,0.27051422346829457
IN.ADM2.00532,groundnut,cleaned,16,-0.2931408614430542,0.08593156464757588,0.27051422346829457
IN.ADM2.00532,maize,full,16,0.3879044230770754,0.1504698414427587,0.13764603609245413
IN.ADM2.00532,maize,cleaned,16,0.3879044230770754,0.1504698414427587,0.13764603609245413
IN.ADM2.00532,potato,full,16,-0.15099103283636123,0.022798291996991113,0.5767155624361285
IN.ADM2.00532,potato,cleaned,16,-0.15099103283636123,0.022798291996991113,0.5767155624361285
IN.ADM2.00532,ragi,full,12,0.37468211940775953,0.14038669060389056,0.23013671356396653
IN.ADM2.00532,ragi,cleaned,12,0.37468211940775953,0.14038669060389056,0.23013671356396653
IN.ADM2.00532,rapeseed_mustard,full,16,-0.2693220472214216,0.07253436511953765,0.3131188295081444
IN.ADM2.00532,rapeseed_mustard,cleaned,16,-0.2693220472214216,0.07253436511953765,0.3131188295081444
IN.ADM2.00532,rice,full,16,-0.017906836944893922,0.00032065480937101793,0.9475197636760069
IN.ADM2.00532,rice,cleaned,16,-0.017906836944893922,0.00032065480937101793,0.9475197636760069
IN.ADM2.00532,sesamum,full,16,0.3638224940802987,0.132366807198809,0.1659710989393517
IN.ADM2.00532,sesamum,cleaned,16,0.3638224940802987,0.132366807198809,0.1659710989393517
IN.ADM2.00532,sugarcane,full,16,-0.06389080294359245,0.004082034700776962,0.8141530825544159
IN.ADM2.00532,sugarcane,cleaned,16,-0.06389080294359245,0.004082034700776962,0.8141530825544159
IN.ADM2.00533,arhartur,full,14,-0.27427812458146256,0.0752284896239243,0.34264788955101994
IN.ADM2.00533,arhartur,cleaned,14,-0.27427812458146256,0.0752284896239243,0.34264788955101994
IN.ADM2.00533,bajra,full,14,0.004797510587109199,2.3016107833424855e-05,0.9870134870888091
IN.ADM2.00533,bajra,cleaned,14,0.004797510587109199,2.3016107833424855e-05,0.9870134870888091
IN.ADM2.00533,cottonlint,full,16,-0.3739089372988414,0.1398078933919489,0.15367113506490632
IN.ADM2.00533,cottonlint,cleaned,16,-0.3739089372988414,0.1398078933919489,0.15367113506490632
IN.ADM2.00533,groundnut,full,16,0.3340075181491503,0.11156102218015497,0.20610471220556653
IN.ADM2.00533,groundnut,cleaned,16,0.3340075181491503,0.11156102218015497,0.20610471220556653
IN.ADM2.00533,jowar,full,14,-0.1363942112779033,0.018603380870121325,0.6419724189730414
IN.ADM2.00533,jowar,cleaned,13,-0.11350346952269127,0.012883037593688506,0.7119758911743191
IN.ADM2.00533,maize,full,14,0.1164256018222185,0.01355492075966577,0.6918376807173411
IN.ADM2.00533,maize,cleaned,14,0.1164256018222185,0.01355492075966577,0.6918376807173411
IN.ADM2.00533,ragi,full,16,0.1997899984211817,0.039916043469135784,0.45817009629552946
IN.ADM2.00533,ragi,cleaned,16,0.1997899984211817,0.039916043469135784,0.45817009629552946
IN.ADM2.00533,rice,full,16,-0.06168494829668063,0.003805032846364162,0.8204704797857885
IN.ADM2.00533,rice,cleaned,16,-0.06168494829668063,0.003805032846364162,0.8204704797857885
IN.ADM2.00533,sesamum,full,16,0.044257985844708636,0.00195876931103043,0.8707152429805765
IN.ADM2.00533,sesamum,cleaned,16,0.044257985844708636,0.00195876931103043,0.8707152429805765
IN.ADM2.00533,sugarcane,full,16,-0.2911383248349192,0.08476152418768293,0.2739527953624462
IN.ADM2.00533,sugarcane,cleaned,16,-0.2911383248349192,0.08476152418768293,0.2739527953624462
IN.ADM2.00534,arhartur,full,14,0.17012254207984318,0.028941679323708013,0.560931281438246
IN.ADM2.00534,arhartur,cleaned,13,-0.02714241985956283,0.0007367109558327908,0.9298628224788391
IN.ADM2.00534,bajra,full,14,0.11755119161463856,0.013818282650021472,0.6889935564395825
IN.ADM2.00534,bajra,cleaned,14,0.11755119161463856,0.013818282650021472,0.6889935564395825
IN.ADM2.00534,cottonlint,full,16,0.07913090737062677,0.006261700501298714,0.7708183953375828
IN.ADM2.00534,cottonlint,cleaned,16,0.07913090737062677,0.006261700501298714,0.7708183953375828
IN.ADM2.00534,groundnut,full,16,-0.09621869657458544,0.00925803757051214,0.7229802059804543
IN.ADM2.00534,groundnut,cleaned,16,-0.09621869657458544,0.00925803757051214,0.7229802059804543
IN.ADM2.00534,jowar,full,14,0.011906176355984163,0.00014175703541979633,0.9677772220490344
IN.ADM2.00534,jowar,cleaned,13,0.28426424404733175,0.08080616044380098,0.34656242492435946
IN.ADM2.00534,maize,full,14,0.24304860603179565,0.05907262489399901,0.40243439777002915
IN.ADM2.00534,maize,cleaned,14,0.24304860603179565,0.05907262489399901,0.40243439777002915
IN.ADM2.00534,ragi,full,16,-0.13676717737696104,0.018705260807661123,0.6135054678141366
IN.ADM2.00534,ragi,cleaned,15,0.10674280294091523,0.011394025979683062,0.7049607710849682
IN.ADM2.00534,rice,full,16,0.017335734945003012,0.0003005277060833986,0.9491914690721308
IN.ADM2.00534,rice,cleaned,16,0.017335734945003012,0.0003005277060833986,0.9491914690721308
IN.ADM2.00534,sesamum,full,16,0.1840394814700491,0.033870530739764544,0.495044915548175
IN.ADM2.00534,sesamum,cleaned,15,0.6074112806107117,0.3689484638131448,0.016321000531376986
IN.ADM2.00534,sugarcane,full,16,0.2512364210327046,0.06311973925332241,0.34793457082833845
IN.ADM2.00534,sugarcane,cleaned,16,0.2512364210327046,0.06311973925332241,0.34793457082833845
IN.ADM2.00536,potato,full,16,-0.16525523349511118,0.027309292197523715,0.5407829330966958
IN.ADM2.00536,potato,cleaned,16,-0.16525523349511118,0.027309292197523715,0.5407829330966958
IN.ADM2.00536,sugarcane,full,12,-0.6717790108807737,0.45128703945995075,0.01673076786234027
IN.ADM2.00536,sugarcane,cleaned,11,-0.08440011357624155,0.007123379171682474,0.8051231994722099
IN.ADM2.00537,arhartur,full,15,0.306181404142932,0.09374705224293745,0.26704881336541686
IN.ADM2.00537,arhartur,cleaned,15,0.306181404142932,0.09374705224293745,0.26704881336541686
IN.ADM2.00537,maize,full,14,0.5448039010800929,0.29681129063208767,0.04395103783066486
IN.ADM2.00537,maize,cleaned,14,0.5448039010800929,0.29681129063208767,0.04395103783066486
IN.ADM2.00537,potato,full,15,-0.2009750093455388,0.04039095438143941,0.4726182154733109
IN.ADM2.00537,potato,cleaned,15,-0.2009750093455388,0.04039095438143941,0.4726182154733109
IN.ADM2.00537,ragi,full,14,0.5698769677204814,0.32475975833829057,0.03337319062957043
IN.ADM2.00537,ragi,cleaned,14,0.5698769677204814,0.32475975833829057,0.03337319062957043
IN.ADM2.00537,rapeseed_mustard,full,13,0.5218256095450778,0.272301966777092,0.06738598052151945
IN.ADM2.00537,rapeseed_mustard,cleaned,13,0.5218256095450778,0.272301966777092,0.06738598052151945
IN.ADM2.00537,rice,full,14,0.061985380681605695,0.0038421874182435764,0.8332732053273024
IN.ADM2.00537,rice,cleaned,14,0.061985380681605695,0.0038421874182435764,0.8332732053273024
IN.ADM2.00537,sugarcane,full,11,0.5590668621417703,0.3125557563450452,0.07378023510667742
IN.ADM2.00537,sugarcane,cleaned,11,0.5590668621417703,0.3125557563450452,0.07378023510667742
IN.ADM2.00538,arhartur,full,15,0.6505698009699099,0.4232410659340282,0.008633367709463824
IN.ADM2.00538,arhartur,cleaned,14,0.6500024506350581,0.4225031858315812,0.011854509001416883
IN.ADM2.00538,maize,full,13,0.22017305065428389,0.04847617223441386,0.4698019251287598
IN.ADM2.00538,maize,cleaned,13,0.22017305065428389,0.04847617223441386,0.4698019251287598
IN.ADM2.00538,potato,full,12,0.19842121881310437,0.039370980075277846,0.5364396437540102
IN.ADM2.00538,potato,cleaned,12,0.19842121881310437,0.039370980075277846,0.5364396437540102
IN.ADM2.00538,rapeseed_mustard,full,13,-0.44134891372179735,0.19478886364341053,0.13110729403660168
IN.ADM2.00538,rapeseed_mustard,cleaned,13,-0.44134891372179735,0.19478886364341053,0.13110729403660168
IN.ADM2.00538,rice,full,14,-0.06779678959135524,0.004596404678894494,0.8178701910495401
IN.ADM2.00538,rice,cleaned,14,-0.06779678959135524,0.004596404678894494,0.8178701910495401
IN.ADM2.00538,sugarcane,full,7,-0.002499889978682626,6.249449905517822e-06,0.9957560682233539
IN.ADM2.00538,sugarcane,cleaned,7,-0.002499889978682626,6.249449905517822e-06,0.9957560682233539
IN.ADM2.00538,wheat,full,15,-0.07258240760749958,0.005268205894101213,0.7971315588867595
IN.ADM2.00538,wheat,cleaned,15,-0.07258240760749958,0.005268205894101213,0.7971315588867595
IN.ADM2.00540,arhartur,full,15,0.08658831148624307,0.007497535686038654,0.7589665845187537
IN.ADM2.00540,arhartur,cleaned,15,0.08658831148624307,0.007497535686038654,0.7589665845187537
IN.ADM2.00540,barley,full,6,0.5992303540436523,0.3590770172072809,0.20873939300955027
IN.ADM2.00540,barley,cleaned,6,0.5992303540436523,0.3590770172072809,0.20873939300955027
IN.ADM2.00540,maize,full,16,0.24306469497651229,0.05908044594402496,0.36435278389836623
IN.ADM2.00540,maize,cleaned,16,0.24306469497651229,0.05908044594402496,0.36435278389836623
IN.ADM2.00540,potato,full,8,0.023350265080231553,0.0005452348793170811,0.9562341645951727
IN.ADM2.00540,potato,cleaned,8,0.023350265080231553,0.0005452348793170811,0.9562341645951727
IN.ADM2.00540,rapeseed_mustard,full,15,-0.671795369248029,0.4513090181430956,0.006089539763525666
IN.ADM2.00540,rapeseed_mustard,cleaned,15,-0.671795369248029,0.4513090181430956,0.006089539763525666
IN.ADM2.00540,rice,full,16,-0.09863481963356094,0.009728827644145099,0.7162887401538807
IN.ADM2.00540,rice,cleaned,16,-0.09863481963356094,0.009728827644145099,0.7162887401538807
IN.ADM2.00540,wheat,full,16,-0.2202445807906423,0.04850767536764576,0.41241391427038626
IN.ADM2.00540,wheat,cleaned,16,-0.2202445807906423,0.04850767536764576,0.41241391427038626
IN.ADM2.00541,arhartur,full,16,0.3234026015886863,0.10458924271433055,0.22176573755804393
IN.ADM2.00541,arhartur,cleaned,15,0.2988136989062924,0.08928962665406037,0.27931399026150777
IN.ADM2.00541,barley,full,6,-0.25241344418307826,0.06371254680436396,0.6294207854136651
IN.ADM2.00541,barley,cleaned,6,-0.25241344418307826,0.06371254680436396,0.6294207854136651
IN.ADM2.00541,maize,full,16,0.1262773998794923,0.0159459817203252,0.6412088222987933
IN.ADM2.00541,maize,cleaned,16,0.1262773998794923,0.0159459817203252,0.6412088222987933
IN.ADM2.00541,potato,full,8,0.2807947536918749,0.0788456937008807,0.5005295579345317
IN.ADM2.00541,potato,cleaned,8,0.2807947536918749,0.0788456937008807,0.5005295579345317
IN.ADM2.00541,rapeseed_mustard,full,16,-0.251104221912237,0.06305333026214997,0.3481967998990964
IN.ADM2.00541,rapeseed_mustard,cleaned,16,-0.251104221912237,0.06305333026214997,0.3481967998990964
IN.ADM2.00541,rice,full,16,0.1023534259185207,0.010476223797258105,0.7060278923086911
IN.ADM2.00541,rice,cleaned,16,0.1023534259185207,0.010476223797258105,0.7060278923086911
IN.ADM2.00541,sugarcane,full,14,0.5472119469121869,0.29944091484342605,0.042840683618867045
IN.ADM2.00541,sugarcane,cleaned,14,0.5472119469121869,0.29944091484342605,0.042840683618867045
IN.ADM2.00541,wheat,full,16,0.12410030643640102,0.015400886057608636,0.6470160645345988
IN.ADM2.00541,wheat,cleaned,16,0.12410030643640102,0.015400886057608636,0.6470160645345988
IN.ADM2.00542,arhartur,full,14,-0.46164752169541057,0.21311843428751456,0.09657168592088544
IN.ADM2.00542,arhartur,cleaned,14,-0.46164752169541057,0.21311843428751456,0.09657168592088544
IN.ADM2.00542,maize,full,14,-0.452889109708349,0.20510854569242098,0.10390941546054289
IN.ADM2.00542,maize,cleaned,14,-0.452889109708349,0.20510854569242098,0.10390941546054289
IN.ADM2.00542,potato,full,11,-0.08830352628995633,0.007797512755241009,0.7962702524940294
IN.ADM2.00542,potato,cleaned,11,-0.08830352628995633,0.007797512755241009,0.7962702524940294
IN.ADM2.00542,rapeseed_mustard,full,15,-0.45919227950807523,0.21085754955982228,0.0850954236654438
IN.ADM2.00542,rapeseed_mustard,cleaned,15,-0.45919227950807523,0.21085754955982228,0.0850954236654438
IN.ADM2.00542,rice,full,14,-0.34206914603853633,0.1170113006715335,0.23126199350677534
IN.ADM2.00542,rice,cleaned,14,-0.34206914603853633,0.1170113006715335,0.23126199350677534
IN.ADM2.00542,wheat,full,15,-0.19821220112954363,0.039288076676618655,0.47885288805829845
IN.ADM2.00542,wheat,cleaned,15,-0.19821220112954363,0.039288076676618655,0.47885288805829845
IN.ADM2.00543,arhartur,full,15,0.18683014389826072,0.03490550266904481,0.5049478215259827
IN.ADM2.00543,arhartur,cleaned,15,0.18683014389826072,0.03490550266904481,0.5049478215259827
IN.ADM2.00543,maize,full,14,0.17083633740946125,0.029185054179479288,0.5592639512241697
IN.ADM2.00543,maize,cleaned,14,0.17083633740946125,0.029185054179479288,0.5592639512241697
IN.ADM2.00543,potato,full,11,0.5345947454353756,0.285791541847114,0.09021552330577357
IN.ADM2.00543,potato,cleaned,11,0.5345947454353756,0.285791541847114,0.09021552330577357
IN.ADM2.00543,rapeseed_mustard,full,15,0.10822336846916918,0.011712297482813562,0.7010411877386387
IN.ADM2.00543,rapeseed_mustard,cleaned,15,0.10822336846916918,0.011712297482813562,0.7010411877386387
IN.ADM2.00543,rice,full,14,0.6318412570428786,0.39922337410152503,0.015349816357092757
IN.ADM2.00543,rice,cleaned,14,0.6318412570428786,0.39922337410152503,0.015349816357092757
IN.ADM2.00543,wheat,full,15,0.29608009201208735,0.0876634208858861,0.2839488017084378
IN.ADM2.00543,wheat,cleaned,15,0.29608009201208735,0.0876634208858861,0.2839488017084378
IN.ADM2.00546,groundnut,full,16,-0.008781805340712545,7.712010504216738e-05,0.9742502985130469
IN.ADM2.00546,groundnut,cleaned,16,-0.008781805340712545,7.712010504216738e-05,0.9742502985130469
IN.ADM2.00546,maize,full,16,0.23480253140216711,0.05513222875286567,0.3813808930397866
IN.ADM2.00546,maize,cleaned,16,0.23480253140216711,0.05513222875286567,0.3813808930397866
IN.ADM2.00546,ragi,full,13,0.008032849525192218,6.452667149438084e-05,0.9792218376202972
IN.ADM2.00546,ragi,cleaned,13,0.008032849525192218,6.452667149438084e-05,0.9792218376202972
IN.ADM2.00546,rapeseed_mustard,full,16,-0.2599696382113889,0.06758421279176044,0.3308593624051084
IN.ADM2.00546,rapeseed_mustard,cleaned,16,-0.2599696382113889,0.06758421279176044,0.3308593624051084
IN.ADM2.00546,rice,full,16,-0.08118407360174977,0.006590853806574324,0.7650256828518209
IN.ADM2.00546,rice,cleaned,16,-0.08118407360174977,0.006590853806574324,0.7650256828518209
IN.ADM2.00546,sesamum,full,16,-0.4175935219383838,0.17438434956490342,0.10752379645636077
IN.ADM2.00546,sesamum,cleaned,16,-0.4175935219383838,0.17438434956490342,0.10752379645636077
IN.ADM2.00546,sugarcane,full,15,0.1012742001010404,0.010256463606105572,0.7194972339924445
IN.ADM2.00546,sugarcane,cleaned,15,0.1012742001010404,0.010256463606105572,0.7194972339924445
IN.ADM2.00547,groundnut,full,16,0.05560245683342019,0.0030916332059123556,0.8379428653431765
IN.ADM2.00547,groundnut,cleaned,16,0.05560245683342019,0.0030916332059123556,0.8379428653431765
IN.ADM2.00547,maize,full,16,0.29032632819423065,0.08428937684274412,0.2753546007244614
IN.ADM2.00547,maize,cleaned,16,0.29032632819423065,0.08428937684274412,0.2753546007244614
IN.ADM2.00547,potato,full,16,-0.18803900009159885,0.03535866555544831,0.4855503313820121
IN.ADM2.00547,potato,cleaned,16,-0.18803900009159885,0.03535866555544831,0.4855503313820121
IN.ADM2.00547,ragi,full,16,0.10508914863839011,0.01104372916154165,0.6985092228626474
IN.ADM2.00547,ragi,cleaned,16,0.10508914863839011,0.01104372916154165,0.6985092228626474
IN.ADM2.00547,rapeseed_mustard,full,16,-0.6696132351587035,0.4483818846997052,0.0045471933792139594
IN.ADM2.00547,rapeseed_mustard,cleaned,16,-0.6696132351587035,0.4483818846997052,0.0045471933792139594
IN.ADM2.00547,rice,full,16,-0.04297150500799471,0.0018465502426521143,0.8744451397612365
IN.ADM2.00547,rice,cleaned,16,-0.04297150500799471,0.0018465502426521143,0.8744451397612365
IN.ADM2.00547,sugarcane,full,8,-0.10322700938253454,0.010655815466061874,0.8078199219657525
IN.ADM2.00547,sugarcane,cleaned,8,-0.10322700938253454,0.010655815466061874,0.8078199219657525
IN.ADM2.00548,groundnut,full,16,-0.1768277847722221,0.031268065467451304,0.5123845245277677
IN.ADM2.00548,groundnut,cleaned,16,-0.1768277847722221,0.031268065467451304,0.5123845245277677
IN.ADM2.00548,maize,full,16,-0.02298459175249598,0.0005282914580289062,0.9326661537515542
IN.ADM2.00548,maize,cleaned,16,-0.02298459175249598,0.0005282914580289062,0.9326661537515542
IN.ADM2.00548,potato,full,16,-0.38909480505292093,0.15139476731917054,0.13633806847227792
IN.ADM2.00548,potato,cleaned,16,-0.38909480505292093,0.15139476731917054,0.13633806847227792
IN.ADM2.00548,ragi,full,15,0.011217948789502497,0.00012584237504390054,0.9683494426763977
IN.ADM2.00548,ragi,cleaned,15,0.011217948789502497,0.00012584237504390054,0.9683494426763977
IN.ADM2.00548,rapeseed_mustard,full,16,-0.04491440757174328,0.00201730400752067,0.8688130569145485
IN.ADM2.00548,rapeseed_mustard,cleaned,16,-0.04491440757174328,0.00201730400752067,0.8688130569145485
IN.ADM2.00548,rice,full,16,0.06554553141576537,0.004296216688575085,0.8094210848921506
IN.ADM2.00548,rice,cleaned,16,0.06554553141576537,0.004296216688575085,0.8094210848921506
IN.ADM2.00548,sugarcane,full,16,-0.18961620942943963,0.03595430687838911,0.4818303854719491
IN.ADM2.00548,sugarcane,cleaned,15,-0.2887678268934008,0.08338685784873709,0.29656992010354066
IN.ADM2.00550,groundnut,full,16,0.433439254655699,0.18786958747648788,0.09350381446559722
IN.ADM2.00550,groundnut,cleaned,16,0.433439254655699,0.18786958747648788,0.09350381446559722
IN.ADM2.00550,maize,full,15,0.7279658564353101,0.5299342881355945,0.0020919623421993675
IN.ADM2.00550,maize,cleaned,14,0.884318106387616,0.782018513284979,2.6848212583785672e-05
IN.ADM2.00550,potato,full,16,-0.1688284267588905,0.028503037681882056,0.5319405864168132
IN.ADM2.00550,potato,cleaned,16,-0.1688284267588905,0.028503037681882056,0.5319405864168132
IN.ADM2.00550,ragi,full,9,0.21583651766970754,0.04658540235978598,0.5770152240990353
IN.ADM2.00550,ragi,cleaned,9,0.21583651766970754,0.04658540235978598,0.5770152240990353
IN.ADM2.00550,rapeseed_mustard,full,16,-0.09620606837649782,0.009255607592463374,0.7230152297836007
IN.ADM2.00550,rapeseed_mustard,cleaned,16,-0.09620606837649782,0.009255607592463374,0.7230152297836007
IN.ADM2.00550,rice,full,16,-0.0275989835052462,0.0007617038905228518,0.9191859062810823
IN.ADM2.00550,rice,cleaned,16,-0.0275989835052462,0.0007617038905228518,0.9191859062810823
IN.ADM2.00550,sugarcane,full,16,-0.4428875074040548,0.1961493442145767,0.08579212564494629
IN.ADM2.00550,sugarcane,cleaned,16,-0.4428875074040548,0.1961493442145767,0.08579212564494629
IN.ADM2.00552,arhartur,full,14,0.7014481600033734,0.4920295211721181,0.0051798079121936225
IN.ADM2.00552,arhartur,cleaned,13,0.6526456506484224,0.4259463453103026,0.015602473821134256
IN.ADM2.00552,cottonlint,full,16,0.3696932074201552,0.1366730676126019,0.1587347518294178
IN.ADM2.00552,cottonlint,cleaned,16,0.3696932074201552,0.1366730676126019,0.1587347518294178
IN.ADM2.00552,groundnut,full,16,0.5195187763667232,0.26989975899757734,0.03916376498872741
IN.ADM2.00552,groundnut,cleaned,16,0.5195187763667232,0.26989975899757734,0.03916376498872741
IN.ADM2.00552,jowar,full,13,0.6353106968982459,0.4036196815933349,0.019631593652265356
IN.ADM2.00552,jowar,cleaned,13,0.6353106968982459,0.4036196815933349,0.019631593652265356
IN.ADM2.00552,potato,full,16,-0.36644076474540027,0.1342788340671938,0.16271707937078816
IN.ADM2.00552,potato,cleaned,16,-0.36644076474540027,0.1342788340671938,0.16271707937078816
IN.ADM2.00552,rapeseed_mustard,full,16,-0.012957534409102509,0.0001678976979630755,0.9620132687243389
IN.ADM2.00552,rapeseed_mustard,cleaned,16,-0.012957534409102509,0.0001678976979630755,0.9620132687243389
IN.ADM2.00552,rice,full,16,0.3740116624914224,0.13988472367959767,0.15354912695636974
IN.ADM2.00552,rice,cleaned,16,0.3740116624914224,0.13988472367959767,0.15354912695636974
IN.ADM2.00552,sesamum,full,16,0.31023370109693865,0.09624494929630467,0.2422387841521289
IN.ADM2.00552,sesamum,cleaned,16,0.31023370109693865,0.09624494929630467,0.2422387841521289
IN.ADM2.00552,wheat,full,16,-0.19200958007829613,0.03686767884184362,0.4762118978720816
IN.ADM2.00552,wheat,cleaned,16,-0.19200958007829613,0.03686767884184362,0.4762118978720816
IN.ADM2.00554,arhartur,full,13,-0.1026963906580394,0.010546548654188642,0.738491296559655
IN.ADM2.00554,arhartur,cleaned,13,-0.1026963906580394,0.010546548654188642,0.738491296559655
IN.ADM2.00554,barley,full,16,-0.24417652514737415,0.05962217543304624,0.36209407995818665
IN.ADM2.00554,barley,cleaned,16,-0.24417652514737415,0.05962217543304624,0.36209407995818665
IN.ADM2.00554,groundnut,full,15,-0.0016577461798285577,2.748122396736177e-06,0.9953217443859715
IN.ADM2.00554,groundnut,cleaned,15,-0.0016577461798285577,2.748122396736177e-06,0.9953217443859715
IN.ADM2.00554,jowar,full,13,0.056205086704713726,0.003159011771484388,0.8552897801689698
IN.ADM2.00554,jowar,cleaned,13,0.056205086704713726,0.003159011771484388,0.8552897801689698
IN.ADM2.00554,maize,full,16,0.19589353856628194,0.03837427845201939,0.46716259805763727
IN.ADM2.00554,maize,cleaned,16,0.19589353856628194,0.03837427845201939,0.46716259805763727
IN.ADM2.00554,potato,full,16,0.38608096548959725,0.14905851191337957,0.13966621871946786
IN.ADM2.00554,potato,cleaned,16,0.38608096548959725,0.14905851191337957,0.13966621871946786
IN.ADM2.00554,rapeseed_mustard,full,16,0.20702349907657058,0.04285872916990682,0.441707756692293
IN.ADM2.00554,rapeseed_mustard,cleaned,16,0.20702349907657058,0.04285872916990682,0.441707756692293
IN.ADM2.00554,rice,full,16,-0.31604441325224036,0.09988407114795289,0.23306470062721824
IN.ADM2.00554,rice,cleaned,15,-0.3864042707425557,0.14930826044808626,0.15482929523049288
IN.ADM2.00554,sesamum,full,16,0.09242504081879784,0.008542388170356446,0.733524662048535
IN.ADM2.00554,sesamum,cleaned,16,0.09242504081879784,0.008542388170356446,0.733524662048535
IN.ADM2.00554,sugarcane,full,16,0.31915926704059105,0.10186263773788731,0.22823827559030238
IN.ADM2.00554,sugarcane,cleaned,16,0.31915926704059105,0.10186263773788731,0.22823827559030238
IN.ADM2.00554,wheat,full,16,-0.32598177617014407,0.1062641183950419,0.21788926337943243
IN.ADM2.00554,wheat,cleaned,15,-0.3004677047334207,0.0902808415877701,0.27653172724071307
IN.ADM2.00555,arhartur,full,13,0.5994018783450478,0.35928261176357146,0.030378992181793574
IN.ADM2.00555,arhartur,cleaned,13,0.5994018783450478,0.35928261176357146,0.030378992181793574
IN.ADM2.00555,barley,full,16,-0.49265663945250693,0.2427105643966374,0.05252697004053529
IN.ADM2.00555,barley,cleaned,16,-0.49265663945250693,0.2427105643966374,0.05252697004053529
IN.ADM2.00555,groundnut,full,11,0.39875682863386286,0.15900700838213588,0.2244438900426851
IN.ADM2.00555,groundnut,cleaned,11,0.39875682863386286,0.15900700838213588,0.2244438900426851
IN.ADM2.00555,jowar,full,16,-0.30031670871395577,0.09019012553278295,0.2584093542943776
IN.ADM2.00555,jowar,cleaned,16,-0.30031670871395577,0.09019012553278295,0.2584093542943776
IN.ADM2.00555,maize,full,16,0.3100674767382896,0.09614184013084977,0.2425044912326809
IN.ADM2.00555,maize,cleaned,16,0.3100674767382896,0.09614184013084977,0.2425044912326809
IN.ADM2.00555,potato,full,16,0.3470397723613026,0.12043660360058474,0.187860287953277
IN.ADM2.00555,potato,cleaned,16,0.3470397723613026,0.12043660360058474,0.187860287953277
IN.ADM2.00555,rapeseed_mustard,full,16,-0.5337036777731108,0.2848396156685445,0.033235445168873015
IN.ADM2.00555,rapeseed_mustard,cleaned,16,-0.5337036777731108,0.2848396156685445,0.033235445168873015
IN.ADM2.00555,rice,full,16,0.2729936612590371,0.0745255390876139,0.3063094188726371
IN.ADM2.00555,rice,cleaned,16,0.2729936612590371,0.0745255390876139,0.3063094188726371
IN.ADM2.00555,sesamum,full,16,-0.4741103270153478,0.22478060218260001,0.06354852641308685
IN.ADM2.00555,sesamum,cleaned,16,-0.4741103270153478,0.22478060218260001,0.06354852641308685
IN.ADM2.00555,sugarcane,full,16,0.32688526678889596,0.10685397764364768,0.21654162060659754
IN.ADM2.00555,sugarcane,cleaned,16,0.32688526678889596,0.10685397764364768,0.21654162060659754
IN.ADM2.00555,wheat,full,16,-0.277121189031075,0.07679615340999682,0.2987594570217407
IN.ADM2.00555,wheat,cleaned,16,-0.277121189031075,0.07679615340999682,0.2987594570217407
IN.ADM2.00556,arhartur,full,13,-0.04842494949467213,0.0023449757335615466,0.8751690784711311
IN.ADM2.00556,arhartur,cleaned,13,-0.04842494949467213,0.0023449757335615466,0.8751690784711311
IN.ADM2.00556,barley,full,16,0.2539038656401944,0.06446717298703389,0.3426673049030199
IN.ADM2.00556,barley,cleaned,16,0.2539038656401944,0.06446717298703389,0.3426673049030199
IN.ADM2.00556,jowar,full,16,-0.13170390278445335,0.017345918008656737,0.6268192135451048
IN.ADM2.00556,jowar,cleaned,16,-0.13170390278445335,0.017345918008656737,0.6268192135451048
IN.ADM2.00556,maize,full,16,0.34270618943457903,0.11744753227676957,0.19380519111984257
IN.ADM2.00556,maize,cleaned,16,0.34270618943457903,0.11744753227676957,0.19380519111984257
IN.ADM2.00556,potato,full,16,-0.02474876089854028,0.0006125011660131162,0.9275101857871323
IN.ADM2.00556,potato,cleaned,16,-0.02474876089854028,0.0006125011660131162,0.9275101857871323
IN.ADM2.00556,rapeseed_mustard,full,16,-0.35841296051303145,0.12845985026371584,0.17283100257208506
IN.ADM2.00556,rapeseed_mustard,cleaned,16,-0.35841296051303145,0.12845985026371584,0.17283100257208506
IN.ADM2.00556,rice,full,16,-0.18149765564019538,0.032941399002886944,0.501124434733841
IN.ADM2.00556,rice,cleaned,15,0.011478886555321727,0.00013176483654994589,0.9676135789696416
IN.ADM2.00556,sugarcane,full,16,0.21697486855971868,0.0470780935865072,0.4195615027809325
IN.ADM2.00556,sugarcane,cleaned,16,0.21697486855971868,0.0470780935865072,0.4195615027809325
IN.ADM2.00556,wheat,full,16,-0.5359712181263228,0.28726514665981423,0.03235476566244065
IN.ADM2.00556,wheat,cleaned,16,-0.5359712181263228,0.28726514665981423,0.03235476566244065
IN.ADM2.00559,maize,full,15,0.4588145041870279,0.21051074925238825,0.08538561295169354
IN.ADM2.00559,maize,cleaned,15,0.4588145041870279,0.21051074925238825,0.08538561295169354
IN.ADM2.00559,potato,full,16,0.3724857830719138,0.13874565859069685,0.1553681681870363
IN.ADM2.00559,potato,cleaned,16,0.3724857830719138,0.13874565859069685,0.1553681681870363
IN.ADM2.00559,rapeseed_mustard,full,14,-0.3604652389783592,0.1299351885117256,0.20548316744541692
IN.ADM2.00559,rapeseed_mustard,cleaned,13,0.16166963485233823,0.026137070833288378,0.597730567303141
IN.ADM2.00559,rice,full,16,0.43085445694288194,0.1856355630675457,0.0956967495759245
IN.ADM2.00559,rice,cleaned,16,0.43085445694288194,0.1856355630675457,0.0956967495759245
IN.ADM2.00559,sugarcane,full,16,0.06220780590936284,0.0038698111160569582,0.8189721056416095
IN.ADM2.00559,sugarcane,cleaned,14,0.09155555420552632,0.008382419505881067,0.7555841824778057
IN.ADM2.00559,wheat,full,16,0.5786195246034113,0.33480055425227767,0.018862989251361637
IN.ADM2.00559,wheat,cleaned,16,0.5786195246034113,0.33480055425227767,0.018862989251361637
IN.ADM2.00561,cottonlint,full,16,0.40043552138465804,0.16034860678660293,0.12430229774035405
IN.ADM2.00561,cottonlint,cleaned,16,0.40043552138465804,0.16034860678660293,0.12430229774035405
IN.ADM2.00561,groundnut,full,5,0.5678392991217824,0.3224414696271171,0.3179959604662551
IN.ADM2.00561,groundnut,cleaned,5,0.5678392991217824,0.3224414696271171,0.3179959604662551
IN.ADM2.00561,rapeseed_mustard,full,7,-0.012462522536603175,0.00015531446797534206,0.9788446075975592
IN.ADM2.00561,rapeseed_mustard,cleaned,7,-0.012462522536603175,0.00015531446797534206,0.9788446075975592
IN.ADM2.00561,rice,full,16,0.675666602120137,0.45652535722057147,0.0040686437628653736
IN.ADM2.00561,rice,cleaned,16,0.675666602120137,0.45652535722057147,0.0040686437628653736
IN.ADM2.00561,sugarcane,full,5,0.8060332082613735,0.6496895328201227,0.0995101219515539
IN.ADM2.00561,sugarcane,cleaned,5,0.8060332082613735,0.6496895328201227,0.0995101219515539
IN.ADM2.00561,wheat,full,16,-0.03341550226774603,0.0011165957918057403,0.9022235989071693
IN.ADM2.00561,wheat,cleaned,16,-0.03341550226774603,0.0011165957918057403,0.9022235989071693
IN.ADM2.00562,arhartur,full,16,0.07301296872305617,0.005330893601753978,0.7881456427639557
IN.ADM2.00562,arhartur,cleaned,16,0.07301296872305617,0.005330893601753978,0.7881456427639557
IN.ADM2.00562,barley,full,8,0.4274041134947103,0.1826742762321992,0.29086354777488793
IN.ADM2.00562,cottonlint,full,15,0.4290741446837783,0.1841046216361159,0.11049622087138186
IN.ADM2.00562,cottonlint,cleaned,15,0.4290741446837783,0.1841046216361159,0.11049622087138186
IN.ADM2.00562,rapeseed_mustard,full,15,-0.3833602870057543,0.1469651096531343,0.15838603985738264
IN.ADM2.00562,rapeseed_mustard,cleaned,5,-0.9250282103858902,0.8556771900097228,0.024363264029590718
IN.ADM2.00562,rice,full,16,0.4419609931250794,0.19532951944410648,0.08652746731665058
IN.ADM2.00562,rice,cleaned,16,0.4419609931250794,0.19532951944410648,0.08652746731665058
IN.ADM2.00562,wheat,full,16,0.0031963798407227823,1.0216844086179e-05,0.9906264330788397
IN.ADM2.00562,wheat,cleaned,15,-0.1253819747415714,0.015720639590096046,0.6561474111064389
IN.ADM2.00564,arhartur,full,10,0.07596880512014183,0.005771259351382087,0.8347740003536602
IN.ADM2.00564,groundnut,full,16,0.11849408134875081,0.014040847314684374,0.6620577500829492
IN.ADM2.00564,groundnut,cleaned,16,0.11849408134875081,0.014040847314684374,0.6620577500829492
IN.ADM2.00564,maize,full,16,0.1723732577980432,0.029712540003910656,0.5232332869559766
IN.ADM2.00564,maize,cleaned,16,0.1723732577980432,0.029712540003910656,0.5232332869559766
IN.ADM2.00564,rapeseed_mustard,full,16,-0.1964120392511312,0.038577689162787906,0.46596098214010656
IN.ADM2.00564,rapeseed_mustard,cleaned,16,-0.1964120392511312,0.038577689162787906,0.46596098214010656
IN.ADM2.00564,rice,full,16,-0.19949106220604618,0.03979668390009659,0.4588569293738333
IN.ADM2.00564,rice,cleaned,16,-0.19949106220604618,0.03979668390009659,0.4588569293738333
IN.ADM2.00564,sesamum,full,15,0.14077357652512068,0.019817199847674008,0.6167805378641686
IN.ADM2.00564,sesamum,cleaned,15,0.14077357652512068,0.019817199847674008,0.6167805378641686
IN.ADM2.00564,sugarcane,full,12,0.3359486456124126,0.1128614924888144,0.2856893467725216
IN.ADM2.00564,sugarcane,cleaned,11,0.1238739674387995,0.015344759809028758,0.7166994449610206
IN.ADM2.00566,arhartur,full,14,-0.058399850473010335,0.0034105425352699654,0.8428047333414401
IN.ADM2.00566,arhartur,cleaned,14,-0.058399850473010335,0.0034105425352699654,0.8428047333414401
IN.ADM2.00566,bajra,full,14,0.013002711195405026,0.0001690704984311112,0.964811170896344
IN.ADM2.00566,bajra,cleaned,14,0.013002711195405026,0.0001690704984311112,0.964811170896344
IN.ADM2.00566,cottonlint,full,16,-0.2438845716300453,0.05947968427917069,0.3626864332789535
IN.ADM2.00566,cottonlint,cleaned,16,-0.2438845716300453,0.05947968427917069,0.3626864332789535
IN.ADM2.00566,groundnut,full,16,-0.044383091067390024,0.001969858772696236,0.8703526601421973
IN.ADM2.00566,groundnut,cleaned,16,-0.044383091067390024,0.001969858772696236,0.8703526601421973
IN.ADM2.00566,jowar,full,14,-0.21173668467894644,0.04483242363883159,0.46741882418916264
IN.ADM2.00566,jowar,cleaned,14,-0.21173668467894644,0.04483242363883159,0.46741882418916264
IN.ADM2.00566,maize,full,14,-0.10151835742080037,0.010305976893417373,0.729849051443182
IN.ADM2.00566,maize,cleaned,14,-0.10151835742080037,0.010305976893417373,0.729849051443182
IN.ADM2.00566,ragi,full,16,-0.1273491362100046,0.016217802493434304,0.6383571632629464
IN.ADM2.00566,ragi,cleaned,16,-0.1273491362100046,0.016217802493434304,0.6383571632629464
IN.ADM2.00566,rice,full,16,-0.17276459298191546,0.029847604588206914,0.5222760366945953
IN.ADM2.00566,rice,cleaned,16,-0.17276459298191546,0.029847604588206914,0.5222760366945953
IN.ADM2.00566,sesamum,full,16,0.05573490823989438,0.003106379996509447,0.8375616028089556
IN.ADM2.00566,sesamum,cleaned,16,0.05573490823989438,0.003106379996509447,0.8375616028089556
IN.ADM2.00566,sugarcane,full,16,-0.23808543941223748,0.056684676460118204,0.3745637066091408
IN.ADM2.00566,sugarcane,cleaned,16,-0.23808543941223748,0.056684676460118204,0.3745637066091408
IN.ADM2.00567,arhartur,full,14,0.031734323961135874,0.0010070673172703224,0.9142382074332716
IN.ADM2.00567,arhartur,cleaned,14,0.031734323961135874,0.0010070673172703224,0.9142382074332716
IN.ADM2.00567,bajra,full,14,-0.3797647191422317,0.14422124190517813,0.18047099457737362
IN.ADM2.00567,bajra,cleaned,14,-0.3797647191422317,0.14422124190517813,0.18047099457737362
IN.ADM2.00567,cottonlint,full,16,0.0922456466940916,0.008509259334011173,0.7340244111806085
IN.ADM2.00567,cottonlint,cleaned,16,0.0922456466940916,0.008509259334011173,0.7340244111806085
IN.ADM2.00567,groundnut,full,16,0.1694185751407831,0.028702653602733167,0.5304864748258439
IN.ADM2.00567,groundnut,cleaned,16,0.1694185751407831,0.028702653602733167,0.5304864748258439
IN.ADM2.00567,jowar,full,14,-0.3775164364513163,0.14251865979090073,0.1832784590860808
IN.ADM2.00567,jowar,cleaned,13,-0.1787447820083312,0.031949697095205835,0.5590358901239458
IN.ADM2.00567,maize,full,14,0.007417117268546089,5.501362857536459e-05,0.9799234726207555
IN.ADM2.00567,maize,cleaned,14,0.007417117268546089,5.501362857536459e-05,0.9799234726207555
IN.ADM2.00567,ragi,full,14,0.08750406618180101,0.007656961598349011,0.7661190546176229
IN.ADM2.00567,ragi,cleaned,14,0.08750406618180101,0.007656961598349011,0.7661190546176229
IN.ADM2.00567,rice,full,16,-0.15251320594864043,0.02326027798873241,0.5728339707583758
IN.ADM2.00567,rice,cleaned,15,0.10869765581448515,0.011815180379564277,0.6997870534221758
IN.ADM2.00567,sesamum,full,16,0.14530770034714646,0.021114327780176106,0.5913045087131662
IN.ADM2.00567,sesamum,cleaned,16,0.14530770034714646,0.021114327780176106,0.5913045087131662
IN.ADM2.00567,sugarcane,full,16,0.7571062772831968,0.5732099151016209,0.0006839142915936373
IN.ADM2.00567,sugarcane,cleaned,16,0.7571062772831968,0.5732099151016209,0.0006839142915936373
IN.ADM2.00568,arhartur,full,14,-0.1493471938311295,0.022304584305232963,0.6103456794474056
IN.ADM2.00568,arhartur,cleaned,14,-0.1493471938311295,0.022304584305232963,0.6103456794474056
IN.ADM2.00568,bajra,full,14,-0.2642794343729527,0.06984361943248782,0.36122476935609027
IN.ADM2.00568,bajra,cleaned,14,-0.2642794343729527,0.06984361943248782,0.36122476935609027
IN.ADM2.00568,cottonlint,full,16,-0.3253871751022878,0.10587681372104692,0.21877908109782962
IN.ADM2.00568,cottonlint,cleaned,16,-0.3253871751022878,0.10587681372104692,0.21877908109782962
IN.ADM2.00568,groundnut,full,16,0.250447746998504,0.06272407397662666,0.3495006294496819
IN.ADM2.00568,groundnut,cleaned,16,0.250447746998504,0.06272407397662666,0.3495006294496819
IN.ADM2.00568,jowar,full,14,-0.3856581100033071,0.1487321778113229,0.17324395835379894
IN.ADM2.00568,jowar,cleaned,14,-0.3856581100033071,0.1487321778113229,0.17324395835379894
IN.ADM2.00568,maize,full,14,-0.2728474160035293,0.07444571241980298,0.3452729333356529
IN.ADM2.00568,maize,cleaned,14,-0.2728474160035293,0.07444571241980298,0.3452729333356529
IN.ADM2.00568,ragi,full,16,-0.02808329187600679,0.0007886712825929891,0.9177722080588575
IN.ADM2.00568,ragi,cleaned,16,-0.02808329187600679,0.0007886712825929891,0.9177722080588575
IN.ADM2.00568,rice,full,16,-0.08177045064872424,0.0066864065992954455,0.7633734315800056
IN.ADM2.00568,rice,cleaned,16,-0.08177045064872424,0.0066864065992954455,0.7633734315800056
IN.ADM2.00568,sesamum,full,16,0.12664905970833468,0.01603998432500532,0.6402193805378974
IN.ADM2.00568,sesamum,cleaned,16,0.12664905970833468,0.01603998432500532,0.6402193805378974
IN.ADM2.00568,sugarcane,full,16,0.07986413010531045,0.006378279277477954,0.7687483928869072
IN.ADM2.00568,sugarcane,cleaned,16,0.07986413010531045,0.006378279277477954,0.7687483928869072
IN.ADM2.00569,maize,full,16,0.13563535954178407,0.018396950758029034,0.6164719289947656
IN.ADM2.00569,maize,cleaned,16,0.13563535954178407,0.018396950758029034,0.6164719289947656
IN.ADM2.00569,rice,full,16,0.2033275576277799,0.041342095690878156,0.4500812741426655
IN.ADM2.00569,rice,cleaned,16,0.2033275576277799,0.041342095690878156,0.4500812741426655
IN.ADM2.00570,arhartur,full,13,-0.23582084850588333,0.05561147259003478,0.43796873099878775
IN.ADM2.00570,arhartur,cleaned,13,-0.23582084850588333,0.05561147259003478,0.43796873099878775
IN.ADM2.00570,cottonlint,full,16,-0.13624632261790762,0.018563060426902964,0.6148699182434699
IN.ADM2.00570,cottonlint,cleaned,15,0.23548233930058032,0.05545193212247364,0.3981810802544118
IN.ADM2.00570,groundnut,full,13,0.6192941550142761,0.38352525043484625,0.023999808053774937
IN.ADM2.00570,groundnut,cleaned,13,0.6192941550142761,0.38352525043484625,0.023999808053774937
IN.ADM2.00570,rapeseed_mustard,full,13,0.16198519705641343,0.02623920406540509,0.5970061274583301
IN.ADM2.00570,rice,full,16,0.2647520694553931,0.07009365828091328,0.3217168076661123
IN.ADM2.00570,rice,cleaned,16,0.2647520694553931,0.07009365828091328,0.3217168076661123
IN.ADM2.00570,sesamum,full,13,-0.3137291240130331,0.0984259632539851,0.29655757057276577
IN.ADM2.00570,sesamum,cleaned,13,-0.3137291240130331,0.0984259632539851,0.29655757057276577
IN.ADM2.00570,sugarcane,full,16,0.5376139007890856,0.2890287063216567,0.03172792636638601
IN.ADM2.00570,wheat,full,16,0.07763783014941938,0.006027632670310094,0.7750380575387259
IN.ADM2.00570,wheat,cleaned,16,0.07763783014941938,0.006027632670310094,0.7750380575387259
IN.ADM2.00571,arhartur,full,13,-0.4361613401889035,0.19023671467538042,0.1362344219674229
IN.ADM2.00571,arhartur,cleaned,13,-0.4361613401889035,0.19023671467538042,0.1362344219674229
IN.ADM2.00571,barley,full,16,-0.009421506380212025,8.87647824723759e-05,0.9723752328877745
IN.ADM2.00571,barley,cleaned,16,-0.009421506380212025,8.87647824723759e-05,0.9723752328877745
IN.ADM2.00571,jowar,full,16,0.07423649364922003,0.005511056989330685,0.784672643879711
IN.ADM2.00571,jowar,cleaned,16,0.07423649364922003,0.005511056989330685,0.784672643879711
IN.ADM2.00571,maize,full,16,0.3932758446044191,0.1546658899493192,0.13181155447417586
IN.ADM2.00571,maize,cleaned,16,0.3932758446044191,0.1546658899493192,0.13181155447417586
IN.ADM2.00571,potato,full,16,-0.09304460021478242,0.008657297629128688,0.7317994900556192
IN.ADM2.00571,potato,cleaned,16,-0.09304460021478242,0.008657297629128688,0.7317994900556192
IN.ADM2.00571,rapeseed_mustard,full,16,0.11538688056474256,0.013314132206462163,0.6704473820240604
IN.ADM2.00571,rapeseed_mustard,cleaned,16,0.11538688056474256,0.013314132206462163,0.6704473820240604
IN.ADM2.00571,rice,full,16,-0.4009424992462267,0.1607548877018105,0.12378205238945031
IN.ADM2.00571,rice,cleaned,16,-0.4009424992462267,0.1607548877018105,0.12378205238945031
IN.ADM2.00571,sesamum,full,12,0.3355400210802572,0.11258710574653945,0.28631259269772485
IN.ADM2.00571,sesamum,cleaned,12,0.3355400210802572,0.11258710574653945,0.28631259269772485
IN.ADM2.00571,sugarcane,full,16,0.27633201364169424,0.07635938176327349,0.30019438889331695
IN.ADM2.00571,sugarcane,cleaned,16,0.27633201364169424,0.07635938176327349,0.30019438889331695
IN.ADM2.00571,wheat,full,16,-0.3784877972088585,0.143253012636014,0.14829609824063855
IN.ADM2.00571,wheat,cleaned,16,-0.3784877972088585,0.143253012636014,0.14829609824063855
IN.ADM2.00572,arhartur,full,13,-0.019480750498039913,0.0003794996399668823,0.9496339341225343
IN.ADM2.00572,arhartur,cleaned,13,-0.019480750498039913,0.0003794996399668823,0.9496339341225343
IN.ADM2.00572,barley,full,16,-0.05849512984343229,0.003421680215400003,0.8296241073918302
IN.ADM2.00572,barley,cleaned,16,-0.05849512984343229,0.003421680215400003,0.8296241073918302
IN.ADM2.00572,groundnut,full,6,0.5619117314375189,0.3157447939271104,0.2458427547677043
IN.ADM2.00572,groundnut,cleaned,6,0.5619117314375189,0.3157447939271104,0.2458427547677043
IN.ADM2.00572,jowar,full,16,0.19521568936673528,0.03810916537492968,0.46873579940711085
IN.ADM2.00572,jowar,cleaned,16,0.19521568936673528,0.03810916537492968,0.46873579940711085
IN.ADM2.00572,maize,full,16,0.3631702995367866,0.1318926664656393,0.16678836179127274
IN.ADM2.00572,maize,cleaned,16,0.3631702995367866,0.1318926664656393,0.16678836179127274
IN.ADM2.00572,potato,full,16,0.16199134536736698,0.026241195973929567,0.5489163855661814
IN.ADM2.00572,potato,cleaned,16,0.16199134536736698,0.026241195973929567,0.5489163855661814
IN.ADM2.00572,rapeseed_mustard,full,16,0.156518447687376,0.024498024466465856,0.5626735041620073
IN.ADM2.00572,rapeseed_mustard,cleaned,16,0.156518447687376,0.024498024466465856,0.5626735041620073
IN.ADM2.00572,rice,full,16,-0.2916854150318547,0.08508038134230532,0.2730107622154877
IN.ADM2.00572,rice,cleaned,16,-0.2916854150318547,0.08508038134230532,0.2730107622154877
IN.ADM2.00572,sesamum,full,14,-0.09573170405519199,0.009164559161310863,0.7447663443055133
IN.ADM2.00572,sesamum,cleaned,14,-0.09573170405519199,0.009164559161310863,0.7447663443055133
IN.ADM2.00572,sugarcane,full,16,0.2373136154470992,0.05631775207657368,0.37616040197412537
IN.ADM2.00572,sugarcane,cleaned,16,0.2373136154470992,0.05631775207657368,0.37616040197412537
IN.ADM2.00572,wheat,full,16,-0.3308307249576833,0.10944896857602629,0.2107190925368772
IN.ADM2.00572,wheat,cleaned,15,-0.3423445722119857,0.11719980612300751,0.21165172428273862
IN.ADM2.00573,arhartur,full,13,0.1455154754518444,0.021174753595976332,0.6352599460660688
IN.ADM2.00573,arhartur,cleaned,13,0.1455154754518444,0.021174753595976332,0.6352599460660688
IN.ADM2.00573,barley,full,16,0.4024668064624486,0.16197953030408205,0.12222694179757945
IN.ADM2.00573,barley,cleaned,16,0.4024668064624486,0.16197953030408205,0.12222694179757945
IN.ADM2.00573,groundnut,full,15,0.3364750798142299,0.1132154793359924,0.22010102409742846
IN.ADM2.00573,groundnut,cleaned,15,0.3364750798142299,0.1132154793359924,0.22010102409742846
IN.ADM2.00573,jowar,full,16,0.41507172000262904,0.17228453274594088,0.10988401521407559
IN.ADM2.00573,jowar,cleaned,16,0.41507172000262904,0.17228453274594088,0.10988401521407559
IN.ADM2.00573,potato,full,16,-0.0263008021357101,0.0006917321929817731,0.9229764118290169
IN.ADM2.00573,potato,cleaned,16,-0.0263008021357101,0.0006917321929817731,0.9229764118290169
IN.ADM2.00573,rapeseed_mustard,full,16,-0.1879532318110587,0.03532641734822156,0.4857530160240261
IN.ADM2.00573,rapeseed_mustard,cleaned,16,-0.1879532318110587,0.03532641734822156,0.4857530160240261
IN.ADM2.00573,rice,full,16,0.22131390873637857,0.04897984620017411,0.4100903640805171
IN.ADM2.00573,rice,cleaned,16,0.22131390873637857,0.04897984620017411,0.4100903640805171
IN.ADM2.00573,sesamum,full,16,-0.007921654650154653,6.275261239631683e-05,0.9767717347796291
IN.ADM2.00573,sesamum,cleaned,16,-0.007921654650154653,6.275261239631683e-05,0.9767717347796291
IN.ADM2.00573,soyabean,full,16,0.2535666247419798,0.06429603318303999,0.34333072435306455
IN.ADM2.00573,soyabean,cleaned,16,0.2535666247419798,0.06429603318303999,0.34333072435306455
IN.ADM2.00573,sugarcane,full,16,0.09697316595170952,0.009403794914697793,0.7208886527890972
IN.ADM2.00573,sugarcane,cleaned,16,0.09697316595170952,0.009403794914697793,0.7208886527890972
IN.ADM2.00573,wheat,full,16,-0.11970887713376391,0.014330215264626583,0.6587878801594289
IN.ADM2.00573,wheat,cleaned,15,-0.0221644073418419,0.000491260952815095,0.9375067428165282
IN.ADM2.00574,arhartur,full,13,-0.3303144847502377,0.10910765883581502,0.27034319547711383
IN.ADM2.00574,arhartur,cleaned,13,-0.3303144847502377,0.10910765883581502,0.27034319547711383
IN.ADM2.00574,groundnut,full,15,0.0015972874935100898,2.551327336923745e-06,0.9954923606697642
IN.ADM2.00574,groundnut,cleaned,15,0.0015972874935100898,2.551327336923745e-06,0.9954923606697642
IN.ADM2.00574,jowar,full,16,-0.06962095130213752,0.004847076860214605,0.7977933481873831
IN.ADM2.00574,jowar,cleaned,16,-0.06962095130213752,0.004847076860214605,0.7977933481873831
IN.ADM2.00574,rapeseed_mustard,full,16,-0.5347148800033379,0.28592000289698405,0.032840490773335784
IN.ADM2.00574,rapeseed_mustard,cleaned,16,-0.5347148800033379,0.28592000289698405,0.032840490773335784
IN.ADM2.00574,sesamum,full,16,0.15228208602341908,0.02318983372364401,0.5734226244267471
IN.ADM2.00574,sesamum,cleaned,16,0.15228208602341908,0.02318983372364401,0.5734226244267471
IN.ADM2.00574,soyabean,full,14,0.2835001064690117,0.08037231036794097,0.32599510680999266
IN.ADM2.00574,soyabean,cleaned,14,0.2835001064690117,0.08037231036794097,0.32599510680999266
IN.ADM2.00574,wheat,full,16,-0.29355031509467727,0.0861717874921843,0.2698143974483329
IN.ADM2.00574,wheat,cleaned,16,-0.29355031509467727,0.0861717874921843,0.2698143974483329
IN.ADM2.00575,barley,full,16,-0.4923268064649474,0.24238568436397379,0.05270964536961048
IN.ADM2.00575,barley,cleaned,16,-0.4923268064649474,0.24238568436397379,0.05270964536961048
IN.ADM2.00575,groundnut,full,14,-0.07588075039992372,0.005757888281255523,0.7965461012007676
IN.ADM2.00575,groundnut,cleaned,14,-0.07588075039992372,0.005757888281255523,0.7965461012007676
IN.ADM2.00575,maize,full,16,-0.03602939341077041,0.0012981171895480664,0.8946133673512049
IN.ADM2.00575,maize,cleaned,16,-0.03602939341077041,0.0012981171895480664,0.8946133673512049
IN.ADM2.00575,potato,full,16,-0.09376988404209709,0.008792791153268333,0.7297814563608453
IN.ADM2.00575,potato,cleaned,16,-0.09376988404209709,0.008792791153268333,0.7297814563608453
IN.ADM2.00575,ragi,full,16,0.6363783528104228,0.4049774079257069,0.008039962460005181
IN.ADM2.00575,ragi,cleaned,16,0.6363783528104228,0.4049774079257069,0.008039962460005181
IN.ADM2.00575,rapeseed_mustard,full,16,0.09872958517635927,0.00974753098909598,0.7160266769503272
IN.ADM2.00575,rapeseed_mustard,cleaned,16,0.09872958517635927,0.00974753098909598,0.7160266769503272
IN.ADM2.00575,rice,full,16,0.20124983881932007,0.040501497624802305,0.4548233516146127
IN.ADM2.00575,rice,cleaned,16,0.20124983881932007,0.040501497624802305,0.4548233516146127
IN.ADM2.00575,sesamum,full,16,-0.37081790270279424,0.13750591696489897,0.15737303772399347
IN.ADM2.00575,sesamum,cleaned,16,-0.37081790270279424,0.13750591696489897,0.15737303772399347
IN.ADM2.00575,soyabean,full,16,-0.3669709106251032,0.13466764924501745,0.16206344631091052
IN.ADM2.00575,soyabean,cleaned,16,-0.3669709106251032,0.13466764924501745,0.16206344631091052
IN.ADM2.00575,sugarcane,full,16,0.44807566287810907,0.20077179966365685,0.08175706247490253
IN.ADM2.00575,sugarcane,cleaned,16,0.44807566287810907,0.20077179966365685,0.08175706247490253
IN.ADM2.00575,wheat,full,16,-0.6438875945824225,0.4145912344571381,0.007108637128495165
IN.ADM2.00575,wheat,cleaned,16,-0.6438875945824225,0.4145912344571381,0.007108637128495165
IN.ADM2.00577,arhartur,full,14,-0.12882482919331545,0.0165958366166869,0.6607231821953884
IN.ADM2.00577,arhartur,cleaned,14,-0.12882482919331545,0.0165958366166869,0.6607231821953884
IN.ADM2.00577,bajra,full,14,0.3296775962278026,0.10868731745454206,0.24969942290854175
IN.ADM2.00577,bajra,cleaned,14,0.3296775962278026,0.10868731745454206,0.24969942290854175
IN.ADM2.00577,cottonlint,full,16,0.584506501073058,0.3416478497966688,0.01741256913479188
IN.ADM2.00577,cottonlint,cleaned,16,0.584506501073058,0.3416478497966688,0.01741256913479188
IN.ADM2.00577,groundnut,full,16,0.12790013906007142,0.016358445571585604,0.6368929078004442
IN.ADM2.00577,groundnut,cleaned,16,0.12790013906007142,0.016358445571585604,0.6368929078004442
IN.ADM2.00577,jowar,full,14,-0.3527519493047713,0.12443393773831592,0.21606069220675583
IN.ADM2.00577,jowar,cleaned,14,-0.3527519493047713,0.12443393773831592,0.21606069220675583
IN.ADM2.00577,maize,full,14,0.16934858180518592,0.028678942159427748,0.5627415062122411
IN.ADM2.00577,maize,cleaned,13,0.11136008280186074,0.012401068041637282,0.7172121062365968
IN.ADM2.00577,ragi,full,16,-0.0766654125787507,0.005877585485870067,0.7777894410933511
IN.ADM2.00577,ragi,cleaned,16,-0.0766654125787507,0.005877585485870067,0.7777894410933511
IN.ADM2.00577,rice,full,16,0.0012534076359291546,1.5710307018055122e-06,0.9963242467733813
IN.ADM2.00577,rice,cleaned,16,0.0012534076359291546,1.5710307018055122e-06,0.9963242467733813
IN.ADM2.00577,sesamum,full,16,0.05121140018050724,0.002622607508448057,0.8506012208412881
IN.ADM2.00577,sesamum,cleaned,16,0.05121140018050724,0.002622607508448057,0.8506012208412881
IN.ADM2.00577,sugarcane,full,16,0.19662300456148407,0.038660605922785383,0.46547251060888906
IN.ADM2.00577,sugarcane,cleaned,16,0.19662300456148407,0.038660605922785383,0.46547251060888906
IN.ADM2.00578,arhartur,full,14,-0.30539646936452186,0.09326700350031535,0.28833251743293686
IN.ADM2.00578,arhartur,cleaned,14,-0.30539646936452186,0.09326700350031535,0.28833251743293686
IN.ADM2.00578,bajra,full,14,0.07569409315467077,0.005729595738507976,0.7970370427629987
IN.ADM2.00578,bajra,cleaned,14,0.07569409315467077,0.005729595738507976,0.7970370427629987
IN.ADM2.00578,cottonlint,full,16,0.08195006817261993,0.006715813673497054,0.7628675093111854
IN.ADM2.00578,cottonlint,cleaned,16,0.08195006817261993,0.006715813673497054,0.7628675093111854
IN.ADM2.00578,groundnut,full,16,-0.055680448132189586,0.003100312304201455,0.8377183626095439
IN.ADM2.00578,groundnut,cleaned,15,-0.03662429702751737,0.0013413391327598177,0.896897300728423
IN.ADM2.00578,jowar,full,14,0.00037839048924995233,1.431793623548183e-07,0.9989756853653321
IN.ADM2.00578,jowar,cleaned,14,0.00037839048924995233,1.431793623548183e-07,0.9989756853653321
IN.ADM2.00578,maize,full,14,0.012484332122372266,0.000155858548541696,0.9662133000243345
IN.ADM2.00578,maize,cleaned,14,0.012484332122372266,0.000155858548541696,0.9662133000243345
IN.ADM2.00578,ragi,full,16,-0.3358629749346187,0.1128039379319323,0.20343999434040233
IN.ADM2.00578,ragi,cleaned,16,-0.3358629749346187,0.1128039379319323,0.20343999434040233
IN.ADM2.00578,rice,full,16,0.3083982166185498,0.09510946001350198,0.24518286298849568
IN.ADM2.00578,rice,cleaned,16,0.3083982166185498,0.09510946001350198,0.24518286298849568
IN.ADM2.00578,sesamum,full,16,0.5210108050793747,0.2714522590094582,0.03850525958837069
IN.ADM2.00578,sesamum,cleaned,15,0.19531637712756458,0.038148487174237036,0.48542981656789985
IN.ADM2.00578,sugarcane,full,16,0.2198619369550089,0.04833927132160831,0.41324704375206156
IN.ADM2.00578,sugarcane,cleaned,16,0.2198619369550089,0.04833927132160831,0.41324704375206156
