stable_id,crop,season,scenario,n_years,r,r_squared,p_value
IN.ADM2.00001,rice,Kharif,full,6,-0.05697025115813581,0.0032456095170210744,0.9146370748574691
IN.ADM2.00001,rice,Kharif,cleaned,6,-0.05697025115813581,0.0032456095170210744,0.9146370748574691
IN.ADM2.00003,rice,Kharif,full,16,0.13768141982848614,0.018956173365987858,0.6111133595853009
IN.ADM2.00003,rice,Kharif,cleaned,16,0.13768141982848614,0.018956173365987858,0.6111133595853009
IN.ADM2.00004,rice,Kharif,full,16,0.45198180223473494,0.20428754955135905,0.07881054406935581
IN.ADM2.00004,rice,Kharif,cleaned,16,0.45198180223473494,0.20428754955135905,0.07881054406935581
IN.ADM2.00005,rice,Kharif,full,16,-0.21892041061042916,0.04792614618183891,0.4153007899851836
IN.ADM2.00005,rice,Kharif,cleaned,16,-0.21892041061042916,0.04792614618183891,0.4153007899851836
IN.ADM2.00007,rice,Kharif,full,16,0.5076034890478988,0.2576613020936003,0.04473097253143659
IN.ADM2.00007,rice,Kharif,cleaned,16,0.5076034890478988,0.2576613020936003,0.04473097253143659
IN.ADM2.00008,rice,Kharif,full,16,-0.5786857514096155,0.33487719888451134,0.018846168308090203
IN.ADM2.00008,rice,Kharif,cleaned,16,-0.5786857514096155,0.33487719888451134,0.018846168308090203
IN.ADM2.00010,rice,Kharif,full,16,0.5557400750620153,0.3088470310299344,0.02540762692954587
IN.ADM2.00010,rice,Kharif,cleaned,16,0.5557400750620153,0.3088470310299344,0.02540762692954587
IN.ADM2.00011,rice,Kharif,full,16,0.39596909730691576,0.15679152602205373,0.12895112144054288
IN.ADM2.00011,rice,Kharif,cleaned,16,0.39596909730691576,0.15679152602205373,0.12895112144054288
IN.ADM2.00012,rice,Kharif,full,16,0.006477914825262776,4.196338048335926e-05,0.981004349921105
IN.ADM2.00012,rice,Kharif,cleaned,16,0.006477914825262776,4.196338048335926e-05,0.981004349921105
IN.ADM2.00013,rice,Kharif,full,16,0.1818623165757202,0.03307390219028747,0.500250089563005
IN.ADM2.00013,rice,Kharif,cleaned,16,0.1818623165757202,0.03307390219028747,0.500250089563005
IN.ADM2.00014,rice,Kharif,full,16,0.4004662610755382,0.16037322625982112,0.12427071056816856
IN.ADM2.00014,rice,Kharif,cleaned,16,0.4004662610755382,0.16037322625982112,0.12427071056816856
IN.ADM2.00016,rice,Kharif,full,16,0.20903160967387277,0.0436942138428503,0.4371916522647
IN.ADM2.00016,rice,Kharif,cleaned,16,0.20903160967387277,0.0436942138428503,0.4371916522647
IN.ADM2.00018,rice,Kharif,full,16,0.5247226383312485,0.27533384717730625,0.036903251019425785
IN.ADM2.00018,rice,Kharif,cleaned,16,0.5247226383312485,0.27533384717730625,0.036903251019425785
IN.ADM2.00021,rice,Kharif,full,16,0.10643657678222651,0.0113287448771188,0.6948156314836966
IN.ADM2.00021,rice,Kharif,cleaned,16,0.10643657678222651,0.0113287448771188,0.6948156314836966
IN.ADM2.00025,rice,Kharif,full,16,0.011152859551931182,0.0001243862761851026,0.967301067490977
IN.ADM2.00025,rice,Kharif,cleaned,16,0.011152859551931182,0.0001243862761851026,0.967301067490977
IN.ADM2.00026,rice,Kharif,full,16,-0.07461354306689091,0.005567180808994785,0.7836031459750898
IN.ADM2.00026,rice,Kharif,cleaned,16,-0.07461354306689091,0.005567180808994785,0.7836031459750898
IN.ADM2.00030,rice,Kharif,full,16,0.01971386420275477,0.00038863644180465594,0.9422316934665097
IN.ADM2.00030,rice,Kharif,cleaned,16,0.01971386420275477,0.00038863644180465594,0.9422316934665097
IN.ADM2.00033,rice,Kharif,full,16,-0.027915170229262876,0.0007792567289287243,0.9182629299072849
IN.ADM2.00033,rice,Kharif,cleaned,16,-0.027915170229262876,0.0007792567289287243,0.9182629299072849
IN.ADM2.00036,rice,Kharif,full,16,-0.39311946302002143,0.15454291220514998,0.13197897199407557
IN.ADM2.00036,rice,Kharif,cleaned,16,-0.39311946302002143,0.15454291220514998,0.13197897199407557
IN.ADM2.00102,rice,Kharif,full,16,0.31984327060773976,0.10229971775305584,0.2271869516615018
IN.ADM2.00102,rice,Kharif,cleaned,7,0.5611078824640899,0.31484205576333496,0.19001233016159053
IN.ADM2.00108,rice,Kharif,full,13,0.2989655013589041,0.08938037100278089,0.32106879370774966
IN.ADM2.00108,rice,Kharif,cleaned,13,0.2989655013589041,0.08938037100278089,0.32106879370774966
IN.ADM2.00110,rice,Kharif,full,16,0.09022437353148599,0.00814043757914911,0.7396620706142711
IN.ADM2.00110,rice,Kharif,cleaned,16,0.09022437353148599,0.00814043757914911,0.7396620706142711
IN.ADM2.00111,rice,Kharif,full,16,0.30791263345734216,0.09481018984263555,0.24596543861023049
IN.ADM2.00111,rice,Kharif,cleaned,16,0.30791263345734216,0.09481018984263555,0.24596543861023049
IN.ADM2.00112,rice,Kharif,full,16,0.4383089616177155,0.1921147458344,0.08946995149206616
IN.ADM2.00112,rice,Kharif,cleaned,16,0.4383089616177155,0.1921147458344,0.08946995149206616
IN.ADM2.00113,rice,Kharif,full,16,0.055724899530944845,0.003105264427733897,0.8375904117830674
IN.ADM2.00113,rice,Kharif,cleaned,16,0.055724899530944845,0.003105264427733897,0.8375904117830674
IN.ADM2.00117,rice,Kharif,full,16,0.41377344147440764,0.17120846086957506,0.11111316479929068
IN.ADM2.00117,rice,Kharif,cleaned,16,0.41377344147440764,0.17120846086957506,0.11111316479929068
IN.ADM2.00120,rice,Kharif,full,13,0.28450660612953493,0.08094400893134633,0.34613345221250563
IN.ADM2.00120,rice,Kharif,cleaned,13,0.28450660612953493,0.08094400893134633,0.34613345221250563
IN.ADM2.00121,rice,Kharif,full,16,0.2011941067653769,0.04047906859711788,0.4549508946325327
IN.ADM2.00121,rice,Kharif,cleaned,16,0.2011941067653769,0.04047906859711788,0.4549508946325327
IN.ADM2.00123,rice,Kharif,full,16,-0.27031763886471377,0.07307162588139382,0.3112637207148665
IN.ADM2.00123,rice,Kharif,cleaned,16,-0.27031763886471377,0.07307162588139382,0.3112637207148665
IN.ADM2.00124,rice,Kharif,full,16,-0.011245322013069818,0.00012645726717763262,0.9670301144759041
IN.ADM2.00124,rice,Kharif,cleaned,16,-0.011245322013069818,0.00012645726717763262,0.9670301144759041
IN.ADM2.00126,rice,Kharif,full,16,-0.34573054385380286,0.1195296089534463,0.18964356289802622
IN.ADM2.00126,rice,Kharif,cleaned,16,-0.34573054385380286,0.1195296089534463,0.18964356289802622
IN.ADM2.00130,rice,Kharif,full,16,0.2862879642368101,0.08196079846685704,0.2823907103437672
IN.ADM2.00130,rice,Kharif,cleaned,16,0.2862879642368101,0.08196079846685704,0.2823907103437672
IN.ADM2.00132,rice,Kharif,full,16,0.5319888853102175,0.28301217409360774,0.03391343015109434
IN.ADM2.00132,rice,Kharif,cleaned,16,0.5319888853102175,0.28301217409360774,0.03391343015109434
IN.ADM2.00133,rice,Kharif,full,16,0.3873753216496391,0.15005963982316137,0.13823014847806098
IN.ADM2.00133,rice,Kharif,cleaned,16,0.3873753216496391,0.15005963982316137,0.13823014847806098
IN.ADM2.00134,rice,Kharif,full,16,0.20999434182999321,0.044097623600612035,0.4350349390299739
IN.ADM2.00134,rice,Kharif,cleaned,16,0.20999434182999321,0.044097623600612035,0.4350349390299739
IN.ADM2.00140,rice,Kharif,full,16,-0.18398345088626877,0.033849910200020074,0.49517855057601934
IN.ADM2.00140,rice,Kharif,cleaned,16,-0.18398345088626877,0.033849910200020074,0.49517855057601934
IN.ADM2.00141,rice,Kharif,full,16,-0.28355775919204546,0.08040500279801403,0.28720830363632555
IN.ADM2.00141,rice,Kharif,cleaned,15,0.35567475603487353,0.1265045320804668,0.19323734643361223
IN.ADM2.00142,rice,Kharif,full,16,0.2087072294740715,0.04355870763474274,0.4379195578990859
IN.ADM2.00142,rice,Kharif,cleaned,16,0.2087072294740715,0.04355870763474274,0.4379195578990859
IN.ADM2.00143,rice,Kharif,full,16,0.7138095825462402,0.5095241201348376,0.0018990502142167938
IN.ADM2.00143,rice,Kharif,cleaned,16,0.7138095825462402,0.5095241201348376,0.0018990502142167938
IN.ADM2.00144,rice,Kharif,full,16,0.2552109868782443,0.06513264782336738,0.3401028235027574
IN.ADM2.00144,rice,Kharif,cleaned,16,0.2552109868782443,0.06513264782336738,0.3401028235027574
IN.ADM2.00145,rice,Kharif,full,16,-0.042113342149855265,0.001773533587030776,0.8769345965475654
IN.ADM2.00145,rice,Kharif,cleaned,16,-0.042113342149855265,0.001773533587030776,0.8769345965475654
IN.ADM2.00147,rice,Kharif,full,16,0.2754150638716534,0.07585345740742691,0.30186676200475127
IN.ADM2.00147,rice,Kharif,cleaned,16,0.2754150638716534,0.07585345740742691,0.30186676200475127
IN.ADM2.00149,rice,Kharif,full,16,0.08911243057175244,0.0079410252824054,0.7427687861302894
IN.ADM2.00149,rice,Kharif,cleaned,16,0.08911243057175244,0.0079410252824054,0.7427687861302894
IN.ADM2.00152,rice,Kharif,full,16,0.4811478811391495,0.23150328352469315,0.05918366136442342
IN.ADM2.00152,rice,Kharif,cleaned,16,0.4811478811391495,0.23150328352469315,0.05918366136442342
IN.ADM2.00153,rice,Kharif,full,16,0.646645882162484,0.41815089691769713,0.006788937845247545
IN.ADM2.00153,rice,Kharif,cleaned,16,0.646645882162484,0.41815089691769713,0.006788937845247545
IN.ADM2.00156,rice,Kharif,full,14,0.1452920695649069,0.021109785478453744,0.6201823557350322
IN.ADM2.00156,rice,Kharif,cleaned,14,0.1452920695649069,0.021109785478453744,0.6201823557350322
IN.ADM2.00158,rice,Kharif,full,14,-0.2808896238008024,0.0788989807589563,0.3306618794322107
IN.ADM2.00158,rice,Kharif,cleaned,14,-0.2808896238008024,0.0788989807589563,0.3306618794322107
IN.ADM2.00160,rice,Kharif,full,14,0.5251479761984592,0.27578039690533745,0.05381582837610255
IN.ADM2.00160,rice,Kharif,cleaned,14,0.5251479761984592,0.27578039690533745,0.05381582837610255
IN.ADM2.00167,rice,Kharif,full,14,-0.41112350616438076,0.16902253732089362,0.14418836003446836
IN.ADM2.00167,rice,Kharif,cleaned,14,-0.41112350616438076,0.16902253732089362,0.14418836003446836
IN.ADM2.00170,rice,Kharif,full,16,0.3148307999741127,0.09911843261233974,0.23496243523721963
IN.ADM2.00170,rice,Kharif,cleaned,16,0.3148307999741127,0.09911843261233974,0.23496243523721963
IN.ADM2.00171,rice,Kharif,full,16,0.3732251623468425,0.13929702180882694,0.1544849307477409
IN.ADM2.00171,rice,Kharif,cleaned,16,0.3732251623468425,0.13929702180882694,0.1544849307477409
IN.ADM2.00172,rice,Kharif,full,16,0.5172977848694595,0.26759699823084965,0.040159655596854055
IN.ADM2.00172,rice,Kharif,cleaned,16,0.5172977848694595,0.26759699823084965,0.040159655596854055
IN.ADM2.00173,rice,Kharif,full,16,0.3716052180726987,0.13809043809885796,0.1564244919661455
IN.ADM2.00173,rice,Kharif,cleaned,16,0.3716052180726987,0.13809043809885796,0.1564244919661455
IN.ADM2.00174,rice,Kharif,full,16,0.2117014401810743,0.04481749977474098,0.43122414539349735
IN.ADM2.00174,rice,Kharif,cleaned,16,0.2117014401810743,0.04481749977474098,0.43122414539349735
IN.ADM2.00175,rice,Kharif,full,16,0.36375491952161854,0.13231764147617917,0.16605565200850728
IN.ADM2.00175,rice,Kharif,cleaned,16,0.36375491952161854,0.13231764147617917,0.16605565200850728
IN.ADM2.00176,rice,Kharif,full,16,0.31528157908432725,0.0994024741099069,0.23425641899272237
IN.ADM2.00176,rice,Kharif,cleaned,16,0.31528157908432725,0.0994024741099069,0.23425641899272237
IN.ADM2.00178,rice,Kharif,full,16,-0.1567737191973927,0.024577999030982935,0.5620285633522
IN.ADM2.00178,rice,Kharif,cleaned,16,-0.1567737191973927,0.024577999030982935,0.5620285633522
IN.ADM2.00179,rice,Kharif,full,16,-0.09113610771928565,0.008305790130221239,0.7371175387692123
IN.ADM2.00179,rice,Kharif,cleaned,16,-0.09113610771928565,0.008305790130221239,0.7371175387692123
IN.ADM2.00180,rice,Kharif,full,16,0.07241461950050956,0.00524387711740358,0.7898454357016411
IN.ADM2.00180,rice,Kharif,cleaned,16,0.07241461950050956,0.00524387711740358,0.7898454357016411
IN.ADM2.00181,rice,Kharif,full,16,0.7231620821687291,0.5229633970866118,0.0015471335199837362
IN.ADM2.00181,rice,Kharif,cleaned,16,0.7231620821687291,0.5229633970866118,0.0015471335199837362
IN.ADM2.00182,rice,Kharif,full,16,-0.27335804903233807,0.07472462297076614,0.30563841410588916
IN.ADM2.00182,rice,Kharif,cleaned,16,-0.27335804903233807,0.07472462297076614,0.30563841410588916
IN.ADM2.00183,rice,Kharif,full,16,0.21144390985322054,0.044708527014016855,0.4317979322198543
IN.ADM2.00183,rice,Kharif,cleaned,15,0.21011027844480043,0.04414632910815157,0.4522866223344573
IN.ADM2.00184,rice,Kharif,full,16,0.3207735200461642,0.10289565116280691,0.22576207076121366
IN.ADM2.00184,rice,Kharif,cleaned,16,0.3207735200461642,0.10289565116280691,0.22576207076121366
IN.ADM2.00185,rice,Kharif,full,16,0.33733481534924914,0.11379477764671202,0.2013421175588685
IN.ADM2.00185,rice,Kharif,cleaned,16,0.33733481534924914,0.11379477764671202,0.2013421175588685
IN.ADM2.00186,rice,Kharif,full,16,-0.23773429739743493,0.05651759615905204,0.37528966267584196
IN.ADM2.00186,rice,Kharif,cleaned,16,-0.23773429739743493,0.05651759615905204,0.37528966267584196
IN.ADM2.00188,rice,Kharif,full,16,0.3917664668799078,0.1534809645715659,0.13343355709500337
IN.ADM2.00188,rice,Kharif,cleaned,16,0.3917664668799078,0.1534809645715659,0.13343355709500337
IN.ADM2.00189,rice,Kharif,full,16,-0.6593622682922244,0.43475860084746737,0.005459700378877689
IN.ADM2.00189,rice,Kharif,cleaned,16,-0.6593622682922244,0.43475860084746737,0.005459700378877689
IN.ADM2.00205,rice,Kharif,full,15,-0.17264718599418896,0.029807050831712076,0.5383569591318059
IN.ADM2.00205,rice,Kharif,cleaned,15,-0.17264718599418896,0.029807050831712076,0.5383569591318059
IN.ADM2.00206,rice,Kharif,full,16,-0.6017324118377625,0.3620818954560906,0.013661380054958894
IN.ADM2.00206,rice,Kharif,cleaned,16,-0.6017324118377625,0.3620818954560906,0.013661380054958894
IN.ADM2.00207,rice,Kharif,full,15,-0.5139834067418088,0.2641789424059156,0.04999690736139212
IN.ADM2.00207,rice,Kharif,cleaned,14,-0.4389941332118119,0.19271584899439007,0.11632380873342242
IN.ADM2.00208,rice,Kharif,full,15,0.36979800418932995,0.1367505639024117,0.17489141859524435
IN.ADM2.00208,rice,Kharif,cleaned,15,0.36979800418932995,0.1367505639024117,0.17489141859524435
IN.ADM2.00209,rice,Kharif,full,14,-0.5062399986813378,0.25627893626488096,0.06472929004912113
IN.ADM2.00209,rice,Kharif,cleaned,14,-0.5062399986813378,0.25627893626488096,0.06472929004912113
IN.ADM2.00210,rice,Kharif,full,16,-0.5189484022467282,0.26930744419443203,0.03941772625032903
IN.ADM2.00210,rice,Kharif,cleaned,16,-0.5189484022467282,0.26930744419443203,0.03941772625032903
IN.ADM2.00211,rice,Kharif,full,15,0.05566217839607729,0.0030982781037967332,0.8438058562401884
IN.ADM2.00211,rice,Kharif,cleaned,15,0.05566217839607729,0.0030982781037967332,0.8438058562401884
IN.ADM2.00212,rice,Kharif,full,15,-0.3590589457594856,0.12892332652991323,0.18873275269833287
IN.ADM2.00212,rice,Kharif,cleaned,15,-0.3590589457594856,0.12892332652991323,0.18873275269833287
IN.ADM2.00213,rice,Kharif,full,15,-0.0003440850070761392,1.1839449209458677e-07,0.9990289675244775
IN.ADM2.00213,rice,Kharif,cleaned,15,-0.0003440850070761392,1.1839449209458677e-07,0.9990289675244775
IN.ADM2.00214,rice,Kharif,full,15,0.0059807499863128305,3.5769370398780924e-05,0.9831229993039715
IN.ADM2.00214,rice,Kharif,cleaned,15,0.0059807499863128305,3.5769370398780924e-05,0.9831229993039715
IN.ADM2.00216,rice,Kharif,full,14,0.3750168675592084,0.14063765095392083,0.18643249443298213
IN.ADM2.00216,rice,Kharif,cleaned,14,0.3750168675592084,0.14063765095392083,0.18643249443298213
IN.ADM2.00217,rice,Kharif,full,16,-0.1940006490005185,0.03763625181262238,0.47156225445488953
IN.ADM2.00217,rice,Kharif,cleaned,16,-0.1940006490005185,0.03763625181262238,0.47156225445488953
IN.ADM2.00218,rice,Kharif,full,15,0.20197678332152044,0.040794621000908415,0.4703673231241614
IN.ADM2.00218,rice,Kharif,cleaned,15,0.20197678332152044,0.040794621000908415,0.4703673231241614
IN.ADM2.00219,rice,Kharif,full,14,-0.22539618686577617,0.05080344105363189,0.4384711764197331
IN.ADM2.00219,rice,Kharif,cleaned,14,-0.22539618686577617,0.05080344105363189,0.4384711764197331
IN.ADM2.00220,rice,Kharif,full,15,0.345565557157293,0.11941555429343031,0.20710385340984053
IN.ADM2.00220,rice,Kharif,cleaned,15,0.345565557157293,0.11941555429343031,0.20710385340984053
IN.ADM2.00221,rice,Kharif,full,15,-0.11222552915281953,0.012594569393630345,0.690481242789681
IN.ADM2.00221,rice,Kharif,cleaned,14,0.4124779299308035,0.17013804268000085,0.14274046349313235
IN.ADM2.00223,rice,Kharif,full,15,-0.2684874714912907,0.07208552234778665,0.3332636489308169
IN.ADM2.00223,rice,Kharif,cleaned,15,-0.2684874714912907,0.07208552234778665,0.3332636489308169
IN.ADM2.00224,rice,Kharif,full,15,0.1599667649422487,0.02558936588608865,0.569024715859825
IN.ADM2.00224,rice,Kharif,cleaned,15,0.1599667649422487,0.02558936588608865,0.569024715859825
IN.ADM2.00225,rice,Kharif,full,15,-0.08631296284108957,0.0074499275544073085,0.7597122295503734
IN.ADM2.00225,rice,Kharif,cleaned,15,-0.08631296284108957,0.0074499275544073085,0.7597122295503734
IN.ADM2.00226,rice,Kharif,full,12,0.6290489872031028,0.39570262830124936,0.028425084411691042
IN.ADM2.00226,rice,Kharif,cleaned,12,0.6290489872031028,0.39570262830124936,0.028425084411691042
IN.ADM2.00227,rice,Kharif,full,15,0.6003595010039993,0.360431530445771,0.01796310122661085
IN.ADM2.00227,rice,Kharif,cleaned,15,0.6003595010039993,0.360431530445771,0.01796310122661085
IN.ADM2.00228,rice,Kharif,full,15,0.0434568597194895,0.0018884986566793892,0.8777851338213121
IN.ADM2.00228,rice,Kharif,cleaned,15,0.0434568597194895,0.0018884986566793892,0.8777851338213121
IN.ADM2.00229,rice,Kharif,full,15,-0.2568986537091992,0.06599691827759903,0.35533359671227827
IN.ADM2.00229,rice,Kharif,cleaned,15,-0.2568986537091992,0.06599691827759903,0.35533359671227827
IN.ADM2.00230,rice,Kharif,full,16,-0.3535688271256564,0.1250109155150123,0.1791313832257928
IN.ADM2.00230,rice,Kharif,cleaned,16,-0.3535688271256564,0.1250109155150123,0.1791313832257928
IN.ADM2.00232,rice,Kharif,full,15,-0.03184356490700558,0.0010140126259866773,0.9103019973502819
IN.ADM2.00232,rice,Kharif,cleaned,15,-0.03184356490700558,0.0010140126259866773,0.9103019973502819
IN.ADM2.00233,rice,Kharif,full,15,-0.052745710151359995,0.002782109939371281,0.8519041857381794
IN.ADM2.00233,rice,Kharif,cleaned,14,0.10379563186641677,0.010773533194548712,0.7240024651018747
IN.ADM2.00235,rice,Kharif,full,13,-0.09348603711432396,0.008739639135340756,0.7613024630132029
IN.ADM2.00235,rice,Kharif,cleaned,13,-0.09348603711432396,0.008739639135340756,0.7613024630132029
IN.ADM2.00236,rice,Kharif,full,15,-0.17367224326042152,0.03016204807910703,0.5359101544405095
IN.ADM2.00236,rice,Kharif,cleaned,15,-0.17367224326042152,0.03016204807910703,0.5359101544405095
IN.ADM2.00237,rice,Kharif,full,15,0.116945691827539,0.013676294837021721,0.6780946701900878
IN.ADM2.00237,rice,Kharif,cleaned,15,0.116945691827539,0.013676294837021721,0.6780946701900878
IN.ADM2.00238,rice,Kharif,full,15,-0.6565226603382591,0.43102200353762515,0.007848668884948444
IN.ADM2.00238,rice,Kharif,cleaned,15,-0.6565226603382591,0.43102200353762515,0.007848668884948444
IN.ADM2.00239,rice,Kharif,full,14,-0.6941956222271137,0.4819075619192896,0.00587784935570821
IN.ADM2.00239,rice,Kharif,cleaned,14,-0.6941956222271137,0.4819075619192896,0.00587784935570821
IN.ADM2.00240,rice,Kharif,full,15,-0.2742616574820243,0.07521945676478721,0.32256485098423304
IN.ADM2.00240,rice,Kharif,cleaned,15,-0.2742616574820243,0.07521945676478721,0.32256485098423304
IN.ADM2.00241,rice,Kharif,full,15,-0.4174575879132976,0.17427083770638863,0.12156542414786714
IN.ADM2.00241,rice,Kharif,cleaned,15,-0.4174575879132976,0.17427083770638863,0.12156542414786714
IN.ADM2.00243,rice,Kharif,full,15,0.019859935374536675,0.0003944170330807732,0.943994336470998
IN.ADM2.00243,rice,Kharif,cleaned,15,0.019859935374536675,0.0003944170330807732,0.943994336470998
IN.ADM2.00244,rice,Kharif,full,15,-0.22079751957290378,0.04875154464954683,0.4290654795361575
IN.ADM2.00244,rice,Kharif,cleaned,15,-0.22079751957290378,0.04875154464954683,0.4290654795361575
IN.ADM2.00245,rice,Kharif,full,16,0.04632162355446688,0.002145692808721741,0.8647374953956952
IN.ADM2.00245,rice,Kharif,cleaned,16,0.04632162355446688,0.002145692808721741,0.8647374953956952
IN.ADM2.00246,rice,Kharif,full,15,-0.06742881255220692,0.004546644762200658,0.8112874894010791
IN.ADM2.00246,rice,Kharif,cleaned,15,-0.06742881255220692,0.004546644762200658,0.8112874894010791
IN.ADM2.00248,rice,Kharif,full,14,0.4337223746057333,0.18811509823363606,0.12128726146945958
IN.ADM2.00248,rice,Kharif,cleaned,14,0.4337223746057333,0.18811509823363606,0.12128726146945958
IN.ADM2.00249,rice,Kharif,full,15,-0.3355890956675371,0.11262004113095536,0.22139461206890707
IN.ADM2.00249,rice,Kharif,cleaned,15,-0.3355890956675371,0.11262004113095536,0.22139461206890707
IN.ADM2.00250,rice,Kharif,full,16,0.16990201830471874,0.02886669582401698,0.5292966197174965
IN.ADM2.00250,rice,Kharif,cleaned,16,0.16990201830471874,0.02886669582401698,0.5292966197174965
IN.ADM2.00251,rice,Kharif,full,10,-0.0851128077621384,0.007244190045154728,0.8151586349661066
IN.ADM2.00251,rice,Kharif,cleaned,10,-0.0851128077621384,0.007244190045154728,0.8151586349661066
IN.ADM2.00252,rice,Kharif,full,16,0.4221859296634742,0.17824095920581196,0.10331756469410672
IN.ADM2.00252,rice,Kharif,cleaned,15,0.5415710441995787,0.29329919591542203,0.03705673492110251
IN.ADM2.00253,rice,Kharif,full,7,0.5616370963872426,0.3154362280382928,0.1895031356781422
IN.ADM2.00253,rice,Kharif,cleaned,7,0.5616370963872426,0.3154362280382928,0.1895031356781422
IN.ADM2.00254,rice,Kharif,full,16,-0.17764216353289777,0.0315567382646488,0.5104124851451802
IN.ADM2.00254,rice,Kharif,cleaned,16,-0.17764216353289777,0.0315567382646488,0.5104124851451802
IN.ADM2.00255,rice,Kharif,full,16,0.40471338859279904,0.16379292690626596,0.11995974217240422
IN.ADM2.00255,rice,Kharif,cleaned,16,0.40471338859279904,0.16379292690626596,0.11995974217240422
IN.ADM2.00257,rice,Kharif,full,16,-0.05242732315283389,0.0027486242129716723,0.8470924533644117
IN.ADM2.00257,rice,Kharif,cleaned,16,-0.05242732315283389,0.0027486242129716723,0.8470924533644117
IN.ADM2.00258,rice,Kharif,full,16,0.5660318891332707,0.3203920995157793,0.022277523831534633
IN.ADM2.00258,rice,Kharif,cleaned,16,0.5660318891332707,0.3203920995157793,0.022277523831534633
IN.ADM2.00259,rice,Kharif,full,16,-0.13652877679202963,0.018640106892327847,0.6141298435936084
IN.ADM2.00259,rice,Kharif,cleaned,16,-0.13652877679202963,0.018640106892327847,0.6141298435936084
IN.ADM2.00260,rice,Kharif,full,9,0.2071158890074988,0.04289699147936656,0.5928603587587689
IN.ADM2.00260,rice,Kharif,cleaned,9,0.2071158890074988,0.04289699147936656,0.5928603587587689
IN.ADM2.00262,rice,Kharif,full,16,0.035818440990669304,0.001282960715002059,0.8952272352052991
IN.ADM2.00262,rice,Kharif,cleaned,16,0.035818440990669304,0.001282960715002059,0.8952272352052991
IN.ADM2.00263,rice,Kharif,full,16,0.5879300281042136,0.34566171794662137,0.016609873059777795
IN.ADM2.00263,rice,Kharif,cleaned,16,0.5879300281042136,0.34566171794662137,0.016609873059777795
IN.ADM2.00266,rice,Kharif,full,16,0.17411713661062866,0.030316777261484323,0.5189737315076396
IN.ADM2.00266,rice,Kharif,cleaned,16,0.17411713661062866,0.030316777261484323,0.5189737315076396
IN.ADM2.00267,rice,Kharif,full,16,0.25123701113073826,0.0631200357619067,0.34793340056482835
IN.ADM2.00267,rice,Kharif,cleaned,16,0.25123701113073826,0.0631200357619067,0.34793340056482835
IN.ADM2.00268,rice,Kharif,full,16,-0.3415515571150359,0.11665746616770561,0.1954095793427619
IN.ADM2.00268,rice,Kharif,cleaned,16,-0.3415515571150359,0.11665746616770561,0.1954095793427619
IN.ADM2.00269,rice,Kharif,full,16,0.3464014048769617,0.11999393330073274,0.18872841841577342
IN.ADM2.00269,rice,Kharif,cleaned,16,0.3464014048769617,0.11999393330073274,0.18872841841577342
IN.ADM2.00270,rice,Kharif,full,14,-0.1772962273589926,0.03143395223573159,0.5442705001380788
IN.ADM2.00270,rice,Kharif,cleaned,14,-0.1772962273589926,0.03143395223573159,0.5442705001380788
IN.ADM2.00271,rice,Kharif,full,16,-0.46239923191669574,0.21381304967715017,0.07132803141438607
IN.ADM2.00271,rice,Kharif,cleaned,16,-0.46239923191669574,0.21381304967715017,0.07132803141438607
IN.ADM2.00273,rice,Kharif,full,16,-0.44441586246116715,0.19750545880710305,0.08458893140262869
IN.ADM2.00273,rice,Kharif,cleaned,16,-0.44441586246116715,0.19750545880710305,0.08458893140262869
IN.ADM2.00274,rice,Kharif,full,16,-0.00027169018575597115,7.381555703611411e-08,0.9992032368092034
IN.ADM2.00274,rice,Kharif,cleaned,16,-0.00027169018575597115,7.381555703611411e-08,0.9992032368092034
IN.ADM2.00275,rice,Kharif,full,16,0.38969524953542795,0.15186238751047945,0.13568155329775566
IN.ADM2.00275,rice,Kharif,cleaned,16,0.38969524953542795,0.15186238751047945,0.13568155329775566
IN.ADM2.00276,rice,Kharif,full,16,-0.09664076108232719,0.009339436702571447,0.7218099238062821
IN.ADM2.00276,rice,Kharif,cleaned,16,-0.09664076108232719,0.009339436702571447,0.7218099238062821
IN.ADM2.00277,rice,Kharif,full,15,-0.056413328319400186,0.003182463612072439,0.8417224114280186
IN.ADM2.00277,rice,Kharif,cleaned,15,-0.056413328319400186,0.003182463612072439,0.8417224114280186
IN.ADM2.00278,rice,Kharif,full,16,-0.3515239573774053,0.12356909261027188,0.18183587966100323
IN.ADM2.00278,rice,Kharif,cleaned,16,-0.3515239573774053,0.12356909261027188,0.18183587966100323
IN.ADM2.00280,rice,Kharif,full,11,0.05081277981679661,0.002581938592710253,0.8820528752243767
IN.ADM2.00280,rice,Kharif,cleaned,11,0.05081277981679661,0.002581938592710253,0.8820528752243767
IN.ADM2.00282,rice,Kharif,full,16,0.09704677490878771,0.009418076520196909,0.7206846917490157
IN.ADM2.00282,rice,Kharif,cleaned,16,0.09704677490878771,0.009418076520196909,0.7206846917490157
IN.ADM2.00283,rice,Kharif,full,16,0.23092914942482867,0.05332827205407485,0.3895104538032142
IN.ADM2.00283,rice,Kharif,cleaned,16,0.23092914942482867,0.05332827205407485,0.3895104538032142
IN.ADM2.00285,rice,Kharif,full,16,0.21707143443207896,0.047120007646400355,0.4193494882600026
IN.ADM2.00285,rice,Kharif,cleaned,16,0.21707143443207896,0.047120007646400355,0.4193494882600026
IN.ADM2.00286,rice,Kharif,full,16,0.055433980572556614,0.003072926202118584,0.8384278745664487
IN.ADM2.00286,rice,Kharif,cleaned,15,0.31992391209565924,0.1023513095305911,0.24505685419188397
IN.ADM2.00288,rice,Kharif,full,16,0.21057406143752427,0.04434143535029425,0.4337388869090761
IN.ADM2.00288,rice,Kharif,cleaned,16,0.21057406143752427,0.04434143535029425,0.4337388869090761
IN.ADM2.00294,rice,Kharif,full,15,0.6025049713154074,0.36301224045977987,0.01745064644995917
IN.ADM2.00294,rice,Kharif,cleaned,13,0.2559441320334208,0.06550739872234114,0.3986533677867863
IN.ADM2.00295,rice,Kharif,full,13,0.253993230881696,0.06451256133372253,0.4023828439968986
IN.ADM2.00295,rice,Kharif,cleaned,13,0.253993230881696,0.06451256133372253,0.4023828439968986
IN.ADM2.00296,rice,Kharif,full,15,0.5196417652006798,0.2700275641408785,0.04710596232969439
IN.ADM2.00296,rice,Kharif,cleaned,14,0.22283906805092446,0.049657250249804545,0.44382098993237806
IN.ADM2.00297,rice,Kharif,full,16,-0.4176786214598657,0.17445543082461376,0.1074447763101822
IN.ADM2.00297,rice,Kharif,cleaned,16,-0.4176786214598657,0.17445543082461376,0.1074447763101822
IN.ADM2.00300,rice,Kharif,full,16,-0.478468154481155,0.22893177485260238,0.0608188357869364
IN.ADM2.00300,rice,Kharif,cleaned,16,-0.478468154481155,0.22893177485260238,0.0608188357869364
IN.ADM2.00301,rice,Kharif,full,16,-0.37774078245418224,0.14268809872909782,0.14916417780301977
IN.ADM2.00301,rice,Kharif,cleaned,16,-0.37774078245418224,0.14268809872909782,0.14916417780301977
IN.ADM2.00302,rice,Kharif,full,16,-0.24185525080799844,0.05849396234339983,0.3668186473462104
IN.ADM2.00302,rice,Kharif,cleaned,16,-0.24185525080799844,0.05849396234339983,0.3668186473462104
IN.ADM2.00321,rice,Kharif,full,16,0.03570258347986975,0.0012746744671370686,0.8955644022674618
IN.ADM2.00321,rice,Kharif,cleaned,16,0.03570258347986975,0.0012746744671370686,0.8955644022674618
IN.ADM2.00324,rice,Kharif,full,16,0.4418449096321328,0.1952269241678276,0.0866199159271259
IN.ADM2.00324,rice,Kharif,cleaned,16,0.4418449096321328,0.1952269241678276,0.0866199159271259
IN.ADM2.00325,rice,Kharif,full,16,0.49505690030288085,0.2450813345374965,0.05121170931738563
IN.ADM2.00325,rice,Kharif,cleaned,16,0.49505690030288085,0.2450813345374965,0.05121170931738563
IN.ADM2.00328,rice,Kharif,full,16,0.1862446355464341,0.03468706426982407,0.48979916676174906
IN.ADM2.00328,rice,Kharif,cleaned,16,0.1862446355464341,0.03468706426982407,0.48979916676174906
IN.ADM2.00329,rice,Kharif,full,16,0.16571565611002875,0.02746167867997731,0.5396399057820223
IN.ADM2.00329,rice,Kharif,cleaned,15,0.4249785333336692,0.18060675379443658,0.11431572963886913
IN.ADM2.00332,rice,Kharif,full,16,0.5447445086815746,0.29674657973873014,0.02911330753513003
IN.ADM2.00332,rice,Kharif,cleaned,16,0.5447445086815746,0.29674657973873014,0.02911330753513003
IN.ADM2.00333,rice,Kharif,full,16,0.809807627856497,0.6557883941345667,0.00014360835966246985
IN.ADM2.00333,rice,Kharif,cleaned,16,0.809807627856497,0.6557883941345667,0.00014360835966246985
IN.ADM2.00335,rice,Kharif,full,16,0.3641320574922777,0.13259215529355944,0.1655841233070689
IN.ADM2.00335,rice,Kharif,cleaned,16,0.3641320574922777,0.13259215529355944,0.1655841233070689
IN.ADM2.00337,rice,Kharif,full,16,0.3821741086850411,0.1460570493492056,0.1440625163064262
IN.ADM2.00337,rice,Kharif,cleaned,16,0.3821741086850411,0.1460570493492056,0.1440625163064262
IN.ADM2.00338,rice,Kharif,full,16,0.8220139358783217,0.6757069107781696,9.344297849250195e-05
IN.ADM2.00338,rice,Kharif,cleaned,16,0.8220139358783217,0.6757069107781696,9.344297849250195e-05
IN.ADM2.00340,rice,Kharif,full,16,0.2261146053442469,0.05112781474998453,0.3997444963135174
IN.ADM2.00340,rice,Kharif,cleaned,16,0.2261146053442469,0.05112781474998453,0.3997444963135174
IN.ADM2.00343,rice,Kharif,full,16,0.2368467748770767,0.05609639476967265,0.37712797645387963
IN.ADM2.00343,rice,Kharif,cleaned,16,0.2368467748770767,0.05609639476967265,0.37712797645387963
IN.ADM2.00344,rice,Kharif,full,16,0.56863026483155,0.3233403780823987,0.021536445517012278
IN.ADM2.00344,rice,Kharif,cleaned,16,0.56863026483155,0.3233403780823987,0.021536445517012278
IN.ADM2.00349,rice,Kharif,full,16,0.5224882536117725,0.2729939751622799,0.037861444701544594
IN.ADM2.00349,rice,Kharif,cleaned,15,0.6379900699252075,0.4070313293231711,0.010493278553683844
IN.ADM2.00360,rice,Kharif,full,16,-0.2913605970248427,0.08489099749867277,0.273569827936527
IN.ADM2.00360,rice,Kharif,cleaned,15,-0.13213153590660162,0.017458742781037553,0.6387732181959173
IN.ADM2.00361,rice,Kharif,full,16,-0.08964807071334174,0.008036776582624321,0.7412717654151213
IN.ADM2.00361,rice,Kharif,cleaned,15,0.1469808618703758,0.02160337375615849,0.6011671006123643
IN.ADM2.00363,rice,Kharif,full,16,0.17257594996925146,0.029782458507789582,0.5227373790909422
IN.ADM2.00363,rice,Kharif,cleaned,14,0.029067557283362293,0.0008449228864215483,0.92142390890288
IN.ADM2.00364,rice,Kharif,full,16,0.09514681879730817,0.009052917127247796,0.7259548448404306
IN.ADM2.00364,rice,Kharif,cleaned,16,0.09514681879730817,0.009052917127247796,0.7259548448404306
IN.ADM2.00365,rice,Kharif,full,16,0.050833870759394995,0.0025840824163828736,0.8516911886834414
IN.ADM2.00365,rice,Kharif,cleaned,16,0.050833870759394995,0.0025840824163828736,0.8516911886834414
IN.ADM2.00366,rice,Kharif,full,16,-0.039443833255974586,0.0015558159819251268,0.8846854317780986
IN.ADM2.00366,rice,Kharif,cleaned,16,-0.039443833255974586,0.0015558159819251268,0.8846854317780986
IN.ADM2.00367,rice,Kharif,full,16,-0.046963544674015006,0.0022055745283482034,0.8628794263379769
IN.ADM2.00367,rice,Kharif,cleaned,16,-0.046963544674015006,0.0022055745283482034,0.8628794263379769
IN.ADM2.00368,rice,Kharif,full,16,-0.23436031980081426,0.05492475949713993,0.38230431011950006
IN.ADM2.00368,rice,Kharif,cleaned,16,-0.23436031980081426,0.05492475949713993,0.38230431011950006
IN.ADM2.00369,rice,Kharif,full,16,-0.29189920202103903,0.08520514414051936,0.27264317817546285
IN.ADM2.00369,rice,Kharif,cleaned,16,-0.29189920202103903,0.08520514414051936,0.27264317817546285
IN.ADM2.00370,rice,Kharif,full,16,-0.20150672238134967,0.04060495916487433,0.45423570391346607
IN.ADM2.00370,rice,Kharif,cleaned,16,-0.20150672238134967,0.04060495916487433,0.45423570391346607
IN.ADM2.00374,rice,Kharif,full,16,-0.4287805024577698,0.1838527192879375,0.09748250943057185
IN.ADM2.00374,rice,Kharif,cleaned,16,-0.4287805024577698,0.1838527192879375,0.09748250943057185
IN.ADM2.00376,rice,Kharif,full,16,0.062240979144234654,0.0038739394848330533,0.8188770595172599
IN.ADM2.00376,rice,Kharif,cleaned,16,0.062240979144234654,0.0038739394848330533,0.8188770595172599
IN.ADM2.00377,rice,Kharif,full,16,0.273243153816205,0.07466182110742627,0.3058498953181713
IN.ADM2.00377,rice,Kharif,cleaned,16,0.273243153816205,0.07466182110742627,0.3058498953181713
IN.ADM2.00378,rice,Kharif,full,16,0.11779861831456478,0.013876514476820518,0.6639323143692345
IN.ADM2.00378,rice,Kharif,cleaned,16,0.11779861831456478,0.013876514476820518,0.6639323143692345
IN.ADM2.00383,rice,Kharif,full,16,-0.23618091002728736,0.05578142226131761,0.378510403823702
IN.ADM2.00383,rice,Kharif,cleaned,15,-0.01760605305612839,0.0003099731042152078,0.9503426731959294
IN.ADM2.00384,rice,Kharif,full,16,-0.3604569524003086,0.12992921453371836,0.1702172464931799
IN.ADM2.00384,rice,Kharif,cleaned,16,-0.3604569524003086,0.12992921453371836,0.1702172464931799
IN.ADM2.00387,rice,Kharif,full,16,-0.2649388938106211,0.07019261745359555,0.321362659096066
IN.ADM2.00387,rice,Kharif,cleaned,16,-0.2649388938106211,0.07019261745359555,0.321362659096066
IN.ADM2.00388,rice,Kharif,full,16,0.15293678758164048,0.02338966099579182,0.5717557862343172
IN.ADM2.00388,rice,Kharif,cleaned,16,0.15293678758164048,0.02338966099579182,0.5717557862343172
IN.ADM2.00390,rice,Kharif,full,16,-0.018995668614549405,0.0003608354261137773,0.9443331561165396
IN.ADM2.00390,rice,Kharif,cleaned,15,-0.0046935397579246085,2.2029315459218994e-05,0.9867550274968786
IN.ADM2.00391,rice,Kharif,full,16,0.7088522618868658,0.5024715291821258,0.0021104029100405706
IN.ADM2.00391,rice,Kharif,cleaned,15,0.5276065979413518,0.27836872219124725,0.043248176501237696
IN.ADM2.00392,rice,Kharif,full,16,-0.4142488649476649,0.1716021221104287,0.1106619439379741
IN.ADM2.00392,rice,Kharif,cleaned,15,-0.38680389793595754,0.14961725545845067,0.1543663425459125
IN.ADM2.00393,rice,Kharif,full,16,-0.20368429493041595,0.04148729200130067,0.4492695871710749
IN.ADM2.00393,rice,Kharif,cleaned,16,-0.20368429493041595,0.04148729200130067,0.4492695871710749
IN.ADM2.00394,rice,Kharif,full,16,-0.4229114959797011,0.17885413343178877,0.10266379067724624
IN.ADM2.00394,rice,Kharif,cleaned,15,-0.3554282294676827,0.1263292263025317,0.19356817664413767
IN.ADM2.00395,rice,Kharif,full,16,0.2518050014910735,0.06340575877591952,0.34680801102380676
IN.ADM2.00395,rice,Kharif,cleaned,16,0.2518050014910735,0.06340575877591952,0.34680801102380676
IN.ADM2.00396,rice,Kharif,full,16,-0.08221999983054466,0.006760128372134765,0.7621073716845435
IN.ADM2.00396,rice,Kharif,cleaned,16,-0.08221999983054466,0.006760128372134765,0.7621073716845435
IN.ADM2.00397,rice,Kharif,full,16,0.4334639018015419,0.18789095416501675,0.09348307763509281
IN.ADM2.00397,rice,Kharif,cleaned,16,0.4334639018015419,0.18789095416501675,0.09348307763509281
IN.ADM2.00398,rice,Kharif,full,16,-0.39203141134912833,0.15368862748438947,0.133147856570563
IN.ADM2.00398,rice,Kharif,cleaned,16,-0.39203141134912833,0.15368862748438947,0.133147856570563
IN.ADM2.00399,rice,Kharif,full,16,0.47497937929703155,0.22560541075739335,0.06299713054080364
IN.ADM2.00399,rice,Kharif,cleaned,16,0.47497937929703155,0.22560541075739335,0.06299713054080364
IN.ADM2.00400,rice,Kharif,full,16,0.3602948750366443,0.12981239697767114,0.1704235374562798
IN.ADM2.00400,rice,Kharif,cleaned,16,0.3602948750366443,0.12981239697767114,0.1704235374562798
IN.ADM2.00401,rice,Kharif,full,16,-0.022215391911992816,0.0004935236378034358,0.9349150176498684
IN.ADM2.00401,rice,Kharif,cleaned,16,-0.022215391911992816,0.0004935236378034358,0.9349150176498684
IN.ADM2.00402,rice,Kharif,full,16,0.6456968011391324,0.4169243590013083,0.006897622690508676
IN.ADM2.00402,rice,Kharif,cleaned,16,0.6456968011391324,0.4169243590013083,0.006897622690508676
IN.ADM2.00403,rice,Kharif,full,16,0.1065116600512462,0.011344733726872235,0.6946100003234231
IN.ADM2.00403,rice,Kharif,cleaned,16,0.1065116600512462,0.011344733726872235,0.6946100003234231
IN.ADM2.00405,rice,Kharif,full,16,-0.05022703384074193,0.002522754928439035,0.8534437184750253
IN.ADM2.00405,rice,Kharif,cleaned,15,0.04575359819687927,0.002093391747961474,0.8713741981692836
IN.ADM2.00406,rice,Kharif,full,16,0.06623858255040868,0.004387549818287305,0.8074410068868354
IN.ADM2.00406,rice,Kharif,cleaned,16,0.06623858255040868,0.004387549818287305,0.8074410068868354
IN.ADM2.00409,rice,Kharif,full,16,0.3392764768412436,0.11510852773780691,0.19859608553221147
IN.ADM2.00409,rice,Kharif,cleaned,16,0.3392764768412436,0.11510852773780691,0.19859608553221147
IN.ADM2.00410,rice,Kharif,full,16,-0.06603074588262875,0.004360059401816293,0.8080346910349974
IN.ADM2.00410,rice,Kharif,cleaned,16,-0.06603074588262875,0.004360059401816293,0.8080346910349974
IN.ADM2.00412,rice,Kharif,full,16,-0.24582036290090703,0.06042765081673363,0.3587689085891158
IN.ADM2.00412,rice,Kharif,cleaned,15,0.05129108940681744,0.00263077585253814,0.8559485038176436
IN.ADM2.00413,rice,Kharif,full,16,-0.45733033484570307,0.20915103517008288,0.0749013480841142
IN.ADM2.00413,rice,Kharif,cleaned,15,-0.5935946137650051,0.3523545654908256,0.019654871900030055
IN.ADM2.00414,rice,Kharif,full,16,-0.4809798145426976,0.2313415819975278,0.059285254191800967
IN.ADM2.00414,rice,Kharif,cleaned,15,-0.4435045161848157,0.19669625587632744,0.09774526423235838
IN.ADM2.00416,rice,Kharif,full,16,0.0729813342260126,0.005326275145408959,0.788235487809982
IN.ADM2.00416,rice,Kharif,cleaned,16,0.0729813342260126,0.005326275145408959,0.788235487809982
IN.ADM2.00417,rice,Kharif,full,16,0.18023623209852194,0.03248509936107227,0.5041544762404272
IN.ADM2.00417,rice,Kharif,cleaned,16,0.18023623209852194,0.03248509936107227,0.5041544762404272
IN.ADM2.00418,rice,Kharif,full,16,0.21585798908107945,0.04659467145012741,0.4220177220609659
IN.ADM2.00418,rice,Kharif,cleaned,16,0.21585798908107945,0.04659467145012741,0.4220177220609659
IN.ADM2.00419,rice,Kharif,full,16,-0.1681881407531971,0.02828725069001724,0.533520261089909
IN.ADM2.00419,rice,Kharif,cleaned,15,-0.3408071829362278,0.11614953594092745,0.2138446171067475
IN.ADM2.00420,rice,Kharif,full,16,0.25709621881199524,0.06609846572742534,0.3364234320929774
IN.ADM2.00420,rice,Kharif,cleaned,16,0.25709621881199524,0.06609846572742534,0.3364234320929774
IN.ADM2.00421,rice,Kharif,full,14,-0.18351313085084667,0.03367706919467997,0.5300073952868822
IN.ADM2.00421,rice,Kharif,cleaned,14,-0.18351313085084667,0.03367706919467997,0.5300073952868822
IN.ADM2.00422,rice,Kharif,full,16,0.4525373210226361,0.20479002691834441,0.07839781167496877
IN.ADM2.00422,rice,Kharif,cleaned,16,0.4525373210226361,0.20479002691834441,0.07839781167496877
IN.ADM2.00423,rice,Kharif,full,16,0.2789616174694962,0.07781958402119754,0.2954288953880593
IN.ADM2.00423,rice,Kharif,cleaned,16,0.2789616174694962,0.07781958402119754,0.2954288953880593
IN.ADM2.00424,rice,Kharif,full,16,0.2578893165721353,0.06650689960204303,0.3348823734646451
IN.ADM2.00424,rice,Kharif,cleaned,16,0.2578893165721353,0.06650689960204303,0.3348823734646451
IN.ADM2.00425,rice,Kharif,full,16,-0.3951801017421083,0.15616731281290308,0.129784619617409
IN.ADM2.00425,rice,Kharif,cleaned,16,-0.3951801017421083,0.15616731281290308,0.129784619617409
IN.ADM2.00426,rice,Kharif,full,16,0.313172458451454,0.0980769887325277,0.23757125058402545
IN.ADM2.00426,rice,Kharif,cleaned,16,0.313172458451454,0.0980769887325277,0.23757125058402545
IN.ADM2.00427,rice,Kharif,full,16,0.3248622135669268,0.10553545780360356,0.21956660651257703
IN.ADM2.00427,rice,Kharif,cleaned,16,0.3248622135669268,0.10553545780360356,0.21956660651257703
IN.ADM2.00429,rice,Kharif,full,16,-0.4833499249632249,0.2336271499619551,0.05786438096232929
IN.ADM2.00429,rice,Kharif,cleaned,16,-0.4833499249632249,0.2336271499619551,0.05786438096232929
IN.ADM2.00430,rice,Kharif,full,16,0.15321332003127375,0.02347432143500551,0.5710523633813087
IN.ADM2.00430,rice,Kharif,cleaned,16,0.15321332003127375,0.02347432143500551,0.5710523633813087
IN.ADM2.00433,rice,Kharif,full,16,0.2336729919253027,0.05460306715532258,0.3837419872828182
IN.ADM2.00433,rice,Kharif,cleaned,16,0.2336729919253027,0.05460306715532258,0.3837419872828182
IN.ADM2.00436,rice,Kharif,full,16,0.2489503900049756,0.06197629668362945,0.35248481722772196
IN.ADM2.00436,rice,Kharif,cleaned,16,0.2489503900049756,0.06197629668362945,0.35248481722772196
IN.ADM2.00437,rice,Kharif,full,16,0.0860387674698457,0.00740266950773018,0.7513757069786666
IN.ADM2.00437,rice,Kharif,cleaned,16,0.0860387674698457,0.00740266950773018,0.7513757069786666
IN.ADM2.00438,rice,Kharif,full,16,-0.2633652247645059,0.06936124161525872,0.3243528093033319
IN.ADM2.00438,rice,Kharif,cleaned,16,-0.2633652247645059,0.06936124161525872,0.3243528093033319
IN.ADM2.00439,rice,Kharif,full,16,-0.3536909492956113,0.12509728761363068,0.17897071237312634
IN.ADM2.00439,rice,Kharif,cleaned,16,-0.3536909492956113,0.12509728761363068,0.17897071237312634
IN.ADM2.00440,rice,Kharif,full,16,0.6012702406259272,0.36152590226236037,0.013752956483734438
IN.ADM2.00440,rice,Kharif,cleaned,16,0.6012702406259272,0.36152590226236037,0.013752956483734438
IN.ADM2.00441,rice,Kharif,full,16,-0.1806975697267657,0.03265161170515935,0.5030453113868852
IN.ADM2.00441,rice,Kharif,cleaned,16,-0.1806975697267657,0.03265161170515935,0.5030453113868852
IN.ADM2.00442,rice,Kharif,full,16,0.4318911754194269,0.18652998740517418,0.09481285823351612
IN.ADM2.00442,rice,Kharif,cleaned,16,0.4318911754194269,0.18652998740517418,0.09481285823351612
IN.ADM2.00443,rice,Kharif,full,16,-0.6451470100944053,0.41621466463375073,0.006961212684884495
IN.ADM2.00443,rice,Kharif,cleaned,16,-0.6451470100944053,0.41621466463375073,0.006961212684884495
IN.ADM2.00444,rice,Kharif,full,16,-0.08802146456682808,0.007747778224489371,0.7458205143839218
IN.ADM2.00444,rice,Kharif,cleaned,16,-0.08802146456682808,0.007747778224489371,0.7458205143839218
IN.ADM2.00445,rice,Kharif,full,16,0.3399491683210609,0.11556543704218102,0.1976504170733127
IN.ADM2.00445,rice,Kharif,cleaned,16,0.3399491683210609,0.11556543704218102,0.1976504170733127
IN.ADM2.00448,rice,Kharif,full,16,-0.005238069472470255,2.743737179842482e-05,0.9846395903458189
IN.ADM2.00448,rice,Kharif,cleaned,16,-0.005238069472470255,2.743737179842482e-05,0.9846395903458189
IN.ADM2.00449,rice,Kharif,full,16,0.17075987322699587,0.0291589343044997,0.5271882314528149
IN.ADM2.00449,rice,Kharif,cleaned,15,0.06622948592892824,0.004386344806410104,0.8145897664535776
IN.ADM2.00488,rice,Kharif,full,16,0.5291956061881589,0.2800479896088529,0.03504019996255058
IN.ADM2.00488,rice,Kharif,cleaned,16,0.5291956061881589,0.2800479896088529,0.03504019996255058
IN.ADM2.00489,rice,Kharif,full,16,0.2675670332857206,0.07159211730132192,0.316404683186158
IN.ADM2.00489,rice,Kharif,cleaned,16,0.2675670332857206,0.07159211730132192,0.316404683186158
IN.ADM2.00491,rice,Kharif,full,16,0.7149883924427106,0.5112084013278115,0.0018514142651850898
IN.ADM2.00491,rice,Kharif,cleaned,16,0.7149883924427106,0.5112084013278115,0.0018514142651850898
IN.ADM2.00492,rice,Kharif,full,16,0.0038444945191960234,1.4780138108128264e-05,0.9887259025636527
IN.ADM2.00492,rice,Kharif,cleaned,16,0.0038444945191960234,1.4780138108128264e-05,0.9887259025636527
IN.ADM2.00494,rice,Kharif,full,16,-0.11047851197788541,0.012205501608847771,0.6837746389367628
IN.ADM2.00494,rice,Kharif,cleaned,16,-0.11047851197788541,0.012205501608847771,0.6837746389367628
IN.ADM2.00498,rice,Kharif,full,16,0.35436951129935385,0.12557775053854286,0.17807969065169346
IN.ADM2.00498,rice,Kharif,cleaned,16,0.35436951129935385,0.12557775053854286,0.17807969065169346
IN.ADM2.00510,rice,Kharif,full,16,0.41305894066218063,0.17061768846096287,0.11179371324084653
IN.ADM2.00510,rice,Kharif,cleaned,16,0.41305894066218063,0.17061768846096287,0.11179371324084653
IN.ADM2.00511,rice,Kharif,full,16,0.684830402940072,0.46899268079106143,0.0034219391651633653
IN.ADM2.00511,rice,Kharif,cleaned,16,0.684830402940072,0.46899268079106143,0.0034219391651633653
IN.ADM2.00512,rice,Kharif,full,16,0.8224363866160693,0.6764016100300967,9.201122642088148e-05
IN.ADM2.00512,rice,Kharif,cleaned,16,0.8224363866160693,0.6764016100300967,9.201122642088148e-05
IN.ADM2.00533,rice,Kharif,full,16,-0.009668807296769208,9.348583454205748e-05,0.9716503903604392
IN.ADM2.00533,rice,Kharif,cleaned,16,-0.009668807296769208,9.348583454205748e-05,0.9716503903604392
IN.ADM2.00534,rice,Kharif,full,16,0.09141849565598761,0.008357341348003826,0.7363299482331847
IN.ADM2.00534,rice,Kharif,cleaned,16,0.09141849565598761,0.008357341348003826,0.7363299482331847
IN.ADM2.00552,rice,Kharif,full,16,0.44489851469930936,0.19793468838165157,0.08421149347635759
IN.ADM2.00552,rice,Kharif,cleaned,16,0.44489851469930936,0.19793468838165157,0.08421149347635759
IN.ADM2.00554,rice,Kharif,full,16,-0.6648712812502836,0.4420538206313937,0.0049527353374846095
IN.ADM2.00554,rice,Kharif,cleaned,15,-0.6967490626882343,0.4854592563569331,0.0038977358222566667
IN.ADM2.00555,rice,Kharif,full,16,0.29568248850860984,0.08742813401064418,0.2661879898349121
IN.ADM2.00555,rice,Kharif,cleaned,16,0.29568248850860984,0.08742813401064418,0.2661879898349121
IN.ADM2.00556,rice,Kharif,full,16,-0.42452086900837677,0.18021796822362737,0.10122409074595053
IN.ADM2.00556,rice,Kharif,cleaned,15,-0.30280156841667194,0.09168878983559646,0.2726342076795401
IN.ADM2.00559,rice,Kharif,full,16,0.3673330034767971,0.13493353544328462,0.16161802322288665
IN.ADM2.00559,rice,Kharif,cleaned,16,0.3673330034767971,0.13493353544328462,0.16161802322288665
IN.ADM2.00561,rice,Kharif,full,16,0.714791272069728,0.5109265626270599,0.0018593116015672554
IN.ADM2.00561,rice,Kharif,cleaned,16,0.714791272069728,0.5109265626270599,0.0018593116015672554
IN.ADM2.00562,rice,Kharif,full,16,0.5250142470468403,0.27563995960216064,0.036779561339499424
IN.ADM2.00562,rice,Kharif,cleaned,16,0.5250142470468403,0.27563995960216064,0.036779561339499424
IN.ADM2.00564,rice,Kharif,full,16,0.08913686324395909,0.007945380388972264,0.7427004822200638
IN.ADM2.00564,rice,Kharif,cleaned,16,0.08913686324395909,0.007945380388972264,0.7427004822200638
IN.ADM2.00566,rice,Kharif,full,16,-0.3782706563748356,0.14308868947424894,0.14854807606191486
IN.ADM2.00566,rice,Kharif,cleaned,16,-0.3782706563748356,0.14308868947424894,0.14854807606191486
IN.ADM2.00567,rice,Kharif,full,16,-0.2771894547010173,0.07683399379744732,0.29863552316524444
IN.ADM2.00567,rice,Kharif,cleaned,15,-0.026885805466341145,0.0007228465355739394,0.9242267706165234
IN.ADM2.00568,rice,Kharif,full,16,0.047761247177472266,0.0022811367319476024,0.8605713807531212
IN.ADM2.00568,rice,Kharif,cleaned,16,0.047761247177472266,0.0022811367319476024,0.8605713807531212
IN.ADM2.00569,rice,Kharif,full,16,-0.30687175714096193,0.09417027533078152,0.24764816741402243
IN.ADM2.00569,rice,Kharif,cleaned,16,-0.30687175714096193,0.09417027533078152,0.24764816741402243
IN.ADM2.00570,rice,Kharif,full,16,-0.37690082664687874,0.14205423312710053,0.15014436428713818
IN.ADM2.00570,rice,Kharif,cleaned,16,-0.37690082664687874,0.14205423312710053,0.15014436428713818
IN.ADM2.00571,rice,Kharif,full,16,-0.3896154764311736,0.1518002194746904,0.1357686507222889
IN.ADM2.00571,rice,Kharif,cleaned,16,-0.3896154764311736,0.1518002194746904,0.1357686507222889
IN.ADM2.00572,rice,Kharif,full,16,-0.44600772847990705,0.1989228938638065,0.08334866438050302
IN.ADM2.00572,rice,Kharif,cleaned,16,-0.44600772847990705,0.1989228938638065,0.08334866438050302
IN.ADM2.00573,rice,Kharif,full,16,0.29517018255952665,0.08712543667222429,0.26705658926413894
IN.ADM2.00573,rice,Kharif,cleaned,16,0.29517018255952665,0.08712543667222429,0.26705658926413894
IN.ADM2.00575,rice,Kharif,full,16,0.23256324103514792,0.054085661080772306,0.38606943372947583
IN.ADM2.00575,rice,Kharif,cleaned,16,0.23256324103514792,0.054085661080772306,0.38606943372947583
IN.ADM2.00577,rice,Kharif,full,16,-0.05237323062294272,0.002742955285883945,0.8472484904900757
IN.ADM2.00577,rice,Kharif,cleaned,16,-0.05237323062294272,0.002742955285883945,0.8472484904900757
IN.ADM2.00578,rice,Kharif,full,16,0.2513114427310257,0.0631574412475496,0.34778580801868353
IN.ADM2.00578,rice,Kharif,cleaned,16,0.2513114427310257,0.0631574412475496,0.34778580801868353
IN.ADM2.00003,rice,Rabi,full,17,-0.17697533518127495,0.03132026926252462,0.4968195327216683
IN.ADM2.00003,rice,Rabi,cleaned,17,-0.17697533518127495,0.03132026926252462,0.4968195327216683
IN.ADM2.00004,rice,Rabi,full,17,0.4191562515026745,0.1756919631737733,0.09398425808293101
IN.ADM2.00004,rice,Rabi,cleaned,17,0.4191562515026745,0.1756919631737733,0.09398425808293101
IN.ADM2.00005,rice,Rabi,full,17,0.4087663911484457,0.16708996253252412,0.10329032824111561
IN.ADM2.00005,rice,Rabi,cleaned,17,0.4087663911484457,0.16708996253252412,0.10329032824111561
IN.ADM2.00007,rice,Rabi,full,17,0.6845340842946193,0.46858691256107293,0.0024346243556326525
IN.ADM2.00007,rice,Rabi,cleaned,17,0.6845340842946193,0.46858691256107293,0.0024346243556326525
IN.ADM2.00008,rice,Rabi,full,17,0.5944114716977943,0.3533249976859377,0.011855587605804439
IN.ADM2.00008,rice,Rabi,cleaned,17,0.5944114716977943,0.3533249976859377,0.011855587605804439
IN.ADM2.00010,rice,Rabi,full,17,0.5255730827021272,0.27622706526101704,0.030256830068475904
IN.ADM2.00010,rice,Rabi,cleaned,17,0.5255730827021272,0.27622706526101704,0.030256830068475904
IN.ADM2.00011,rice,Rabi,full,17,0.4691944601611802,0.22014344144594133,0.05743100684870373
IN.ADM2.00011,rice,Rabi,cleaned,17,0.4691944601611802,0.22014344144594133,0.05743100684870373
IN.ADM2.00012,rice,Rabi,full,17,-0.18155213270080833,0.032961176888211915,0.48557073944081675
IN.ADM2.00012,rice,Rabi,cleaned,17,-0.18155213270080833,0.032961176888211915,0.48557073944081675
IN.ADM2.00013,rice,Rabi,full,17,0.29331925449509133,0.08603618505755616,0.2531942617060024
IN.ADM2.00013,rice,Rabi,cleaned,17,0.29331925449509133,0.08603618505755616,0.2531942617060024
IN.ADM2.00014,rice,Rabi,full,17,0.10117711443071177,0.010236808484525343,0.6992132880535492
IN.ADM2.00014,rice,Rabi,cleaned,17,0.10117711443071177,0.010236808484525343,0.6992132880535492
IN.ADM2.00016,rice,Rabi,full,17,0.7307455462515658,0.5339890533664994,0.0008623292424895105
IN.ADM2.00016,rice,Rabi,cleaned,17,0.7307455462515658,0.5339890533664994,0.0008623292424895105
IN.ADM2.00018,rice,Rabi,full,17,0.37742805325742346,0.14245193538568848,0.1352982988862081
IN.ADM2.00018,rice,Rabi,cleaned,17,0.37742805325742346,0.14245193538568848,0.1352982988862081
IN.ADM2.00021,rice,Rabi,full,17,0.15667175105652245,0.024546037579116945,0.5481743607549467
IN.ADM2.00021,rice,Rabi,cleaned,17,0.15667175105652245,0.024546037579116945,0.5481743607549467
IN.ADM2.00025,rice,Rabi,full,17,0.3249030506009512,0.10556199228980426,0.20321847206368557
IN.ADM2.00025,rice,Rabi,cleaned,17,0.3249030506009512,0.10556199228980426,0.20321847206368557
IN.ADM2.00108,rice,Rabi,full,9,0.5690503198834479,0.3238182665594544,0.10979811629910602
IN.ADM2.00108,rice,Rabi,cleaned,9,0.5690503198834479,0.3238182665594544,0.10979811629910602
IN.ADM2.00171,rice,Rabi,full,14,0.11984665824792094,0.014363221493193957,0.6832052568630573
IN.ADM2.00171,rice,Rabi,cleaned,14,0.11984665824792094,0.014363221493193957,0.6832052568630573
IN.ADM2.00173,rice,Rabi,full,17,-0.038906212426416335,0.0015136933653694328,0.8821448358250645
IN.ADM2.00173,rice,Rabi,cleaned,17,-0.038906212426416335,0.0015136933653694328,0.8821448358250645
IN.ADM2.00174,rice,Rabi,full,6,0.08346246515591803,0.006965983089902831,0.875097001326582
IN.ADM2.00174,rice,Rabi,cleaned,6,0.08346246515591803,0.006965983089902831,0.875097001326582
IN.ADM2.00178,rice,Rabi,full,17,0.2313668690655439,0.05353062810119254,0.37158998379463654
IN.ADM2.00178,rice,Rabi,cleaned,17,0.2313668690655439,0.05353062810119254,0.37158998379463654
IN.ADM2.00180,rice,Rabi,full,17,0.39702731665795593,0.1576306901726168,0.11457317221148937
IN.ADM2.00180,rice,Rabi,cleaned,17,0.39702731665795593,0.1576306901726168,0.11457317221148937
IN.ADM2.00181,rice,Rabi,full,17,0.2563378673386828,0.06570910223174414,0.32064733701136594
IN.ADM2.00181,rice,Rabi,cleaned,17,0.2563378673386828,0.06570910223174414,0.32064733701136594
IN.ADM2.00182,rice,Rabi,full,15,0.1515025918193349,0.022953035327976,0.5898934121042126
IN.ADM2.00182,rice,Rabi,cleaned,15,0.1515025918193349,0.022953035327976,0.5898934121042126
IN.ADM2.00184,rice,Rabi,full,13,0.041446764308580714,0.00171783427165104,0.8930571684762956
IN.ADM2.00184,rice,Rabi,cleaned,13,0.041446764308580714,0.00171783427165104,0.8930571684762956
IN.ADM2.00185,rice,Rabi,full,17,0.1642976794777314,0.026993727481767364,0.5286139595186573
IN.ADM2.00185,rice,Rabi,cleaned,17,0.1642976794777314,0.026993727481767364,0.5286139595186573
IN.ADM2.00188,rice,Rabi,full,17,-0.2824303789190005,0.07976691893633021,0.2720537803215098
IN.ADM2.00188,rice,Rabi,cleaned,17,-0.2824303789190005,0.07976691893633021,0.2720537803215098
IN.ADM2.00189,rice,Rabi,full,17,0.22709196306130303,0.05157075968703622,0.3807375398497813
IN.ADM2.00189,rice,Rabi,cleaned,17,0.22709196306130303,0.05157075968703622,0.3807375398497813
IN.ADM2.00289,rice,Rabi,full,9,-0.08624630009280987,0.007438424279699016,0.8253859442020637
IN.ADM2.00289,rice,Rabi,cleaned,9,-0.08624630009280987,0.007438424279699016,0.8253859442020637
IN.ADM2.00291,rice,Rabi,full,9,0.020921804181743234,0.00043772189021920864,0.9573939944352251
IN.ADM2.00291,rice,Rabi,cleaned,9,0.020921804181743234,0.00043772189021920864,0.9573939944352251
IN.ADM2.00293,rice,Rabi,full,9,-0.1612565818840197,0.026003685200917552,0.6785264552133531
IN.ADM2.00293,rice,Rabi,cleaned,9,-0.1612565818840197,0.026003685200917552,0.6785264552133531
IN.ADM2.00294,rice,Rabi,full,6,0.024884515383512662,0.0006192391058722783,0.9626809316572591
IN.ADM2.00295,rice,Rabi,full,8,-0.19544331192627762,0.038198088176712254,0.6427688024093221
IN.ADM2.00295,rice,Rabi,cleaned,8,-0.19544331192627762,0.038198088176712254,0.6427688024093221
IN.ADM2.00296,rice,Rabi,full,10,-0.2607041668474761,0.06796666261163666,0.46691528439151153
IN.ADM2.00296,rice,Rabi,cleaned,9,-0.25237363089960463,0.06369244957344987,0.5123810649084365
IN.ADM2.00297,rice,Rabi,full,14,-0.2788847636178939,0.07777671137820855,0.3342713063049935
IN.ADM2.00297,rice,Rabi,cleaned,14,-0.2788847636178939,0.07777671137820855,0.3342713063049935
IN.ADM2.00302,rice,Rabi,full,6,0.8852470361533079,0.783662315018216,0.018996816627495933
IN.ADM2.00302,rice,Rabi,cleaned,6,0.8852470361533079,0.783662315018216,0.018996816627495933
IN.ADM2.00500,rice,Rabi,full,9,-0.19822234368872702,0.03929209753745182,0.6091743559218544
IN.ADM2.00500,rice,Rabi,cleaned,9,-0.19822234368872702,0.03929209753745182,0.6091743559218544
IN.ADM2.00503,rice,Rabi,full,9,0.015184447841579629,0.00023056745625365225,0.9690724398016289
IN.ADM2.00503,rice,Rabi,cleaned,9,0.015184447841579629,0.00023056745625365225,0.9690724398016289
IN.ADM2.00575,rice,Rabi,full,6,-0.7330925089790606,0.5374246267212142,0.09735222052650395
IN.ADM2.00575,rice,Rabi,cleaned,6,-0.7330925089790606,0.5374246267212142,0.09735222052650395
IN.ADM2.00037,rice,Summer,full,16,0.0001386660507500248,1.9228273630608455e-08,0.999593345571886
IN.ADM2.00037,rice,Summer,cleaned,16,0.0001386660507500248,1.9228273630608455e-08,0.999593345571886
IN.ADM2.00039,rice,Summer,full,16,0.0881604740565825,0.007772269185881357,0.7454314690996551
IN.ADM2.00039,rice,Summer,cleaned,16,0.0881604740565825,0.007772269185881357,0.7454314690996551
IN.ADM2.00041,rice,Summer,full,16,0.08027338938497071,0.006443817043351128,0.7675936255023124
IN.ADM2.00041,rice,Summer,cleaned,16,0.08027338938497071,0.006443817043351128,0.7675936255023124
IN.ADM2.00042,rice,Summer,full,16,-0.21258255066250392,0.04519134084617605,0.42926397264198796
IN.ADM2.00042,rice,Summer,cleaned,16,-0.21258255066250392,0.04519134084617605,0.42926397264198796
IN.ADM2.00043,rice,Summer,full,16,0.12499148881400325,0.0156228722759411,0.6446365671894607
IN.ADM2.00043,rice,Summer,cleaned,16,0.12499148881400325,0.0156228722759411,0.6446365671894607
IN.ADM2.00045,rice,Summer,full,16,0.2515290728664567,0.06326687449705928,0.3473544658559479
IN.ADM2.00045,rice,Summer,cleaned,16,0.2515290728664567,0.06326687449705928,0.3473544658559479
IN.ADM2.00047,rice,Summer,full,16,0.14017977682972266,0.019650369832030848,0.604595255858156
IN.ADM2.00047,rice,Summer,cleaned,16,0.14017977682972266,0.019650369832030848,0.604595255858156
IN.ADM2.00049,rice,Summer,full,16,-0.3376949994144717,0.11403791262954002,0.2008308734366269
IN.ADM2.00049,rice,Summer,cleaned,16,-0.3376949994144717,0.11403791262954002,0.2008308734366269
IN.ADM2.00050,rice,Summer,full,16,-0.2607255328155823,0.06797780346196929,0.32940449081762213
IN.ADM2.00050,rice,Summer,cleaned,16,-0.2607255328155823,0.06797780346196929,0.32940449081762213
IN.ADM2.00052,rice,Summer,full,16,-0.2534166279254169,0.06421998730908919,0.34362603162404126
IN.ADM2.00052,rice,Summer,cleaned,16,-0.2534166279254169,0.06421998730908919,0.34362603162404126
IN.ADM2.00053,rice,Summer,full,16,-0.302095826214532,0.09126188821624073,0.25546065224742986
IN.ADM2.00053,rice,Summer,cleaned,16,-0.302095826214532,0.09126188821624073,0.25546065224742986
IN.ADM2.00054,rice,Summer,full,16,-0.6221871097089603,0.38711679948798977,0.010062578831112274
IN.ADM2.00054,rice,Summer,cleaned,16,-0.6221871097089603,0.38711679948798977,0.010062578831112274
IN.ADM2.00056,rice,Summer,full,11,0.03234743260033526,0.0010463563958332325,0.9247802660783974
IN.ADM2.00056,rice,Summer,cleaned,11,0.03234743260033526,0.0010463563958332325,0.9247802660783974
IN.ADM2.00058,rice,Summer,full,16,-0.27833103560162564,0.0774681653790734,0.2965675419458613
IN.ADM2.00058,rice,Summer,cleaned,16,-0.27833103560162564,0.0774681653790734,0.2965675419458613
IN.ADM2.00059,rice,Summer,full,14,0.003338753307065817,1.114727364544293e-05,0.9909620583766197
IN.ADM2.00059,rice,Summer,cleaned,14,0.003338753307065817,1.114727364544293e-05,0.9909620583766197
IN.ADM2.00060,rice,Summer,full,16,-0.2715875809922842,0.07375981414924053,0.308906773108906
IN.ADM2.00060,rice,Summer,cleaned,16,-0.2715875809922842,0.07375981414924053,0.308906773108906
IN.ADM2.00065,rice,Summer,full,16,0.11743022175163564,0.013789856980638322,0.6649260556075269
IN.ADM2.00065,rice,Summer,cleaned,16,0.11743022175163564,0.013789856980638322,0.6649260556075269
IN.ADM2.00069,rice,Summer,full,9,-0.1996609798755031,0.03986450688484606,0.6065250238122654
IN.ADM2.00069,rice,Summer,cleaned,9,-0.1996609798755031,0.03986450688484606,0.6065250238122654
IN.ADM2.00075,rice,Summer,full,5,0.29087033224774317,0.0846055501819125,0.6349429982410019
IN.ADM2.00075,rice,Summer,cleaned,5,0.29087033224774317,0.0846055501819125,0.6349429982410019
IN.ADM2.00076,rice,Summer,full,16,-0.2066622813053782,0.04270929851434327,0.44252261897210865
IN.ADM2.00076,rice,Summer,cleaned,16,-0.2066622813053782,0.04270929851434327,0.44252261897210865
IN.ADM2.00078,rice,Summer,full,16,0.0563589904610558,0.003176335805789379,0.8357656338421053
IN.ADM2.00078,rice,Summer,cleaned,16,0.0563589904610558,0.003176335805789379,0.8357656338421053
IN.ADM2.00081,rice,Summer,full,16,0.19065361594222224,0.03634880127184438,0.4793911292000307
IN.ADM2.00081,rice,Summer,cleaned,16,0.19065361594222224,0.03634880127184438,0.4793911292000307
IN.ADM2.00083,rice,Summer,full,13,0.013098499559309806,0.0001715706907052392,0.9661242182575883
IN.ADM2.00083,rice,Summer,cleaned,13,0.013098499559309806,0.0001715706907052392,0.9661242182575883
IN.ADM2.00084,rice,Summer,full,5,-0.31260977022698977,0.09772486844137133,0.6085542506528472
IN.ADM2.00084,rice,Summer,cleaned,5,-0.31260977022698977,0.09772486844137133,0.6085542506528472
IN.ADM2.00087,rice,Summer,full,14,0.21700028113131997,0.047089122011071904,0.45615671977714434
IN.ADM2.00087,rice,Summer,cleaned,14,0.21700028113131997,0.047089122011071904,0.45615671977714434
IN.ADM2.00090,rice,Summer,full,10,0.5022674706042157,0.25227261202715673,0.13903022716817676
IN.ADM2.00090,rice,Summer,cleaned,10,0.5022674706042157,0.25227261202715673,0.13903022716817676
IN.ADM2.00092,rice,Summer,full,16,0.14997981204317615,0.022493944020506446,0.5793002790094357
IN.ADM2.00092,rice,Summer,cleaned,16,0.14997981204317615,0.022493944020506446,0.5793002790094357
IN.ADM2.00097,rice,Summer,full,13,0.3427795754661002,0.1174978373567199,0.25156963244034364
IN.ADM2.00097,rice,Summer,cleaned,13,0.3427795754661002,0.1174978373567199,0.25156963244034364
IN.ADM2.00098,rice,Summer,full,14,-0.20610243647948664,0.04247821432278083,0.47962039329597206
IN.ADM2.00098,rice,Summer,cleaned,14,-0.20610243647948664,0.04247821432278083,0.47962039329597206
IN.ADM2.00100,rice,Summer,full,12,0.14388017162876274,0.02070150378792222,0.6555129087100382
IN.ADM2.00100,rice,Summer,cleaned,12,0.14388017162876274,0.02070150378792222,0.6555129087100382
IN.ADM2.00101,rice,Summer,full,16,0.13475395364683898,0.01815862802345443,0.6187859292464966
IN.ADM2.00101,rice,Summer,cleaned,16,0.13475395364683898,0.01815862802345443,0.6187859292464966
IN.ADM2.00111,rice,Summer,full,16,0.0070702862546460216,4.998894772263647e-05,0.9792676298396213
IN.ADM2.00111,rice,Summer,cleaned,16,0.0070702862546460216,4.998894772263647e-05,0.9792676298396213
IN.ADM2.00112,rice,Summer,full,13,0.11290050967748591,0.01274652508543609,0.7134477357538428
IN.ADM2.00112,rice,Summer,cleaned,13,0.11290050967748591,0.01274652508543609,0.7134477357538428
IN.ADM2.00113,rice,Summer,full,5,-0.4896733365240324,0.23977997650257826,0.4024278327411862
IN.ADM2.00113,rice,Summer,cleaned,5,-0.4896733365240324,0.23977997650257826,0.4024278327411862
IN.ADM2.00117,rice,Summer,full,16,-0.45407283608154,0.20618214046713307,0.07726509456175681
IN.ADM2.00117,rice,Summer,cleaned,16,-0.45407283608154,0.20618214046713307,0.07726509456175681
IN.ADM2.00124,rice,Summer,full,16,-0.0924300248086508,0.008543309486127802,0.7335107792755322
IN.ADM2.00124,rice,Summer,cleaned,16,-0.0924300248086508,0.008543309486127802,0.7335107792755322
IN.ADM2.00126,rice,Summer,full,16,-0.3394684762601228,0.11523884637436954,0.19832587423971965
IN.ADM2.00126,rice,Summer,cleaned,16,-0.3394684762601228,0.11523884637436954,0.19832587423971965
IN.ADM2.00170,rice,Summer,full,16,-0.3993943199905565,0.15951582284071905,0.12537548916798405
IN.ADM2.00170,rice,Summer,cleaned,16,-0.3993943199905565,0.15951582284071905,0.12537548916798405
IN.ADM2.00171,rice,Summer,full,16,-0.32732032406199907,0.10713859454405208,0.21589459488375246
IN.ADM2.00171,rice,Summer,cleaned,16,-0.32732032406199907,0.10713859454405208,0.21589459488375246
IN.ADM2.00172,rice,Summer,full,15,-0.29856643423880536,0.08914191565407488,0.27973135471783056
IN.ADM2.00172,rice,Summer,cleaned,15,-0.29856643423880536,0.08914191565407488,0.27973135471783056
IN.ADM2.00173,rice,Summer,full,16,-0.2971432242593364,0.0882940957232343,0.26372084661310796
IN.ADM2.00173,rice,Summer,cleaned,16,-0.2971432242593364,0.0882940957232343,0.26372084661310796
IN.ADM2.00175,rice,Summer,full,6,-0.9631822290064167,0.9277200062737694,0.0020083682586829704
IN.ADM2.00175,rice,Summer,cleaned,6,-0.9631822290064167,0.9277200062737694,0.0020083682586829704
IN.ADM2.00176,rice,Summer,full,16,-0.5330077668589762,0.28409727953199276,0.03350933924397728
IN.ADM2.00176,rice,Summer,cleaned,16,-0.5330077668589762,0.28409727953199276,0.03350933924397728
IN.ADM2.00178,rice,Summer,full,16,-0.448130786554628,0.20082120185806956,0.08171493767846434
IN.ADM2.00178,rice,Summer,cleaned,16,-0.448130786554628,0.20082120185806956,0.08171493767846434
IN.ADM2.00179,rice,Summer,full,16,-0.08188811466554019,0.006705663323476658,0.7630420013894421
IN.ADM2.00179,rice,Summer,cleaned,16,-0.08188811466554019,0.006705663323476658,0.7630420013894421
IN.ADM2.00180,rice,Summer,full,16,-0.27439995382005766,0.07529533465644977,0.3037245706516738
IN.ADM2.00180,rice,Summer,cleaned,16,-0.27439995382005766,0.07529533465644977,0.3037245706516738
IN.ADM2.00181,rice,Summer,full,16,-0.49644728582870634,0.24645990760668926,0.050461099550323525
IN.ADM2.00181,rice,Summer,cleaned,16,-0.49644728582870634,0.24645990760668926,0.050461099550323525
IN.ADM2.00182,rice,Summer,full,16,-0.5469895057702977,0.29919751942283457,0.02832516037909425
IN.ADM2.00182,rice,Summer,cleaned,16,-0.5469895057702977,0.29919751942283457,0.02832516037909425
IN.ADM2.00183,rice,Summer,full,16,-0.15347588611941865,0.023554847620140762,0.5703848059870692
IN.ADM2.00183,rice,Summer,cleaned,15,-0.05940505253205364,0.0035289602663360524,0.833434133860651
IN.ADM2.00184,rice,Summer,full,16,-0.18956181812686718,0.03593368289156347,0.4819584410266832
IN.ADM2.00184,rice,Summer,cleaned,16,-0.18956181812686718,0.03593368289156347,0.4819584410266832
IN.ADM2.00185,rice,Summer,full,16,-0.1683183417127766,0.02833106415693903,0.5331988667468166
IN.ADM2.00185,rice,Summer,cleaned,16,-0.1683183417127766,0.02833106415693903,0.5331988667468166
IN.ADM2.00186,rice,Summer,full,16,-0.4430250183198923,0.19627116685734095,0.08568337111961954
IN.ADM2.00186,rice,Summer,cleaned,16,-0.4430250183198923,0.19627116685734095,0.08568337111961954
IN.ADM2.00188,rice,Summer,full,16,-0.28477845501200216,0.08109876843902294,0.28504827090410173
IN.ADM2.00188,rice,Summer,cleaned,16,-0.28477845501200216,0.08109876843902294,0.28504827090410173
IN.ADM2.00189,rice,Summer,full,16,-0.30525184674762285,0.09317868994283422,0.2502811835483392
IN.ADM2.00189,rice,Summer,cleaned,16,-0.30525184674762285,0.09317868994283422,0.2502811835483392
IN.ADM2.00191,rice,Summer,full,16,-0.06974920384828326,0.0048649514374693725,0.7974280589179177
IN.ADM2.00191,rice,Summer,cleaned,16,-0.06974920384828326,0.0048649514374693725,0.7974280589179177
IN.ADM2.00192,rice,Summer,full,16,0.014222374270494692,0.00020227592989002942,0.9583080890128701
IN.ADM2.00192,rice,Summer,cleaned,16,0.014222374270494692,0.00020227592989002942,0.9583080890128701
IN.ADM2.00194,rice,Summer,full,16,-0.04992149245198829,0.002492155408633924,0.8543263580904359
IN.ADM2.00194,rice,Summer,cleaned,16,-0.04992149245198829,0.002492155408633924,0.8543263580904359
IN.ADM2.00196,rice,Summer,full,16,0.1438495152467013,0.020692683036710954,0.5950717379668684
IN.ADM2.00196,rice,Summer,cleaned,16,0.1438495152467013,0.020692683036710954,0.5950717379668684
IN.ADM2.00197,rice,Summer,full,16,-0.24614145751065541,0.06058561710546979,0.35812139220707817
IN.ADM2.00197,rice,Summer,cleaned,16,-0.24614145751065541,0.06058561710546979,0.35812139220707817
IN.ADM2.00199,rice,Summer,full,16,0.2875862706291314,0.082705863054372,0.28011695635532835
IN.ADM2.00199,rice,Summer,cleaned,16,0.2875862706291314,0.082705863054372,0.28011695635532835
IN.ADM2.00200,rice,Summer,full,16,0.20965547088480851,0.04395541647193079,0.4357934551952751
IN.ADM2.00200,rice,Summer,cleaned,16,0.20965547088480851,0.04395541647193079,0.4357934551952751
IN.ADM2.00201,rice,Summer,full,16,-0.07532483810491851,0.005673831235532184,0.7815865525806686
IN.ADM2.00201,rice,Summer,cleaned,16,-0.07532483810491851,0.005673831235532184,0.7815865525806686
IN.ADM2.00202,rice,Summer,full,16,0.16120851455806295,0.025988185166017197,0.5508750971133951
IN.ADM2.00202,rice,Summer,cleaned,16,0.16120851455806295,0.025988185166017197,0.5508750971133951
IN.ADM2.00203,rice,Summer,full,16,0.2837405105116559,0.08050867730541511,0.2868843009364208
IN.ADM2.00203,rice,Summer,cleaned,16,0.2837405105116559,0.08050867730541511,0.2868843009364208
IN.ADM2.00254,rice,Summer,full,16,0.007073139776068577,5.0029306291803435e-05,0.9792592640642823
IN.ADM2.00254,rice,Summer,cleaned,16,0.007073139776068577,5.0029306291803435e-05,0.9792592640642823
IN.ADM2.00257,rice,Summer,full,16,-0.00944059098163863,8.912475808259664e-05,0.9723192949192285
IN.ADM2.00257,rice,Summer,cleaned,16,-0.00944059098163863,8.912475808259664e-05,0.9723192949192285
IN.ADM2.00259,rice,Summer,full,16,-0.2733226555004462,0.0747052740098156,0.3057035518261644
IN.ADM2.00259,rice,Summer,cleaned,16,-0.2733226555004462,0.0747052740098156,0.3057035518261644
IN.ADM2.00262,rice,Summer,full,16,-0.13375668854094774,0.0178908517294401,0.6214081530600315
IN.ADM2.00262,rice,Summer,cleaned,16,-0.13375668854094774,0.0178908517294401,0.6214081530600315
IN.ADM2.00266,rice,Summer,full,10,-0.17396668379817623,0.030264407071734632,0.6307574340331267
IN.ADM2.00266,rice,Summer,cleaned,10,-0.17396668379817623,0.030264407071734632,0.6307574340331267
IN.ADM2.00273,rice,Summer,full,13,0.2268789448251008,0.05147405560495113,0.4560278670997312
IN.ADM2.00273,rice,Summer,cleaned,13,0.2268789448251008,0.05147405560495113,0.4560278670997312
IN.ADM2.00276,rice,Summer,full,16,-0.1479753183271435,0.021896694834019452,0.5844380498873101
IN.ADM2.00276,rice,Summer,cleaned,16,-0.1479753183271435,0.021896694834019452,0.5844380498873101
IN.ADM2.00278,rice,Summer,full,16,-0.34065471025008953,0.11604563161557245,0.19666171518900322
IN.ADM2.00278,rice,Summer,cleaned,16,-0.34065471025008953,0.11604563161557245,0.19666171518900322
IN.ADM2.00289,rice,Summer,full,5,-0.32501992039816646,0.10563794865563046,0.5935778240295907
IN.ADM2.00289,rice,Summer,cleaned,5,-0.32501992039816646,0.10563794865563046,0.5935778240295907
IN.ADM2.00291,rice,Summer,full,5,0.632458687812613,0.40000399178965235,0.2522123839828232
IN.ADM2.00291,rice,Summer,cleaned,5,0.632458687812613,0.40000399178965235,0.2522123839828232
IN.ADM2.00310,rice,Summer,full,13,0.4366241339695642,0.19064063436467193,0.13577173091889588
IN.ADM2.00310,rice,Summer,cleaned,13,0.4366241339695642,0.19064063436467193,0.13577173091889588
IN.ADM2.00312,rice,Summer,full,13,0.41034787238599973,0.16838537637171672,0.16370677872729567
IN.ADM2.00312,rice,Summer,cleaned,13,0.41034787238599973,0.16838537637171672,0.16370677872729567
IN.ADM2.00316,rice,Summer,full,11,0.17978747263240596,0.03232353531554812,0.5968239299478434
IN.ADM2.00316,rice,Summer,cleaned,11,0.17978747263240596,0.03232353531554812,0.5968239299478434
IN.ADM2.00388,rice,Summer,full,7,0.4222879665507092,0.1783271266935329,0.34527472010168847
IN.ADM2.00388,rice,Summer,cleaned,7,0.4222879665507092,0.1783271266935329,0.34527472010168847
IN.ADM2.00397,rice,Summer,full,14,0.4960153506901053,0.24603122812022818,0.0712488661534646
IN.ADM2.00397,rice,Summer,cleaned,14,0.4960153506901053,0.24603122812022818,0.0712488661534646
IN.ADM2.00398,rice,Summer,full,11,-0.3046256715831126,0.09279679978746237,0.3623827530491823
IN.ADM2.00398,rice,Summer,cleaned,11,-0.3046256715831126,0.09279679978746237,0.3623827530491823
IN.ADM2.00399,rice,Summer,full,14,0.5206486268001718,0.27107499258890455,0.05628222234916904
IN.ADM2.00399,rice,Summer,cleaned,14,0.5206486268001718,0.27107499258890455,0.05628222234916904
IN.ADM2.00400,rice,Summer,full,14,-0.19445379259843668,0.037812277455915824,0.5053158269938959
IN.ADM2.00400,rice,Summer,cleaned,14,-0.19445379259843668,0.037812277455915824,0.5053158269938959
IN.ADM2.00401,rice,Summer,full,7,0.32333391865701144,0.10454482295409889,0.47932834260510354
IN.ADM2.00401,rice,Summer,cleaned,7,0.32333391865701144,0.10454482295409889,0.47932834260510354
IN.ADM2.00414,rice,Summer,full,14,0.19747121282511787,0.038994879894623,0.49860003505870754
IN.ADM2.00414,rice,Summer,cleaned,13,0.22355329351797099,0.04997607504273209,0.46283438226425355
IN.ADM2.00416,rice,Summer,full,13,-0.33464119878809045,0.11198473192633027,0.2637362175472827
IN.ADM2.00416,rice,Summer,cleaned,13,-0.33464119878809045,0.11198473192633027,0.2637362175472827
IN.ADM2.00417,rice,Summer,full,7,0.13831715800736355,0.019131636199233974,0.7674252316453706
IN.ADM2.00417,rice,Summer,cleaned,7,0.13831715800736355,0.019131636199233974,0.7674252316453706
IN.ADM2.00423,rice,Summer,full,14,0.27138468572404056,0.07364964764553626,0.3479682000346124
IN.ADM2.00423,rice,Summer,cleaned,14,0.27138468572404056,0.07364964764553626,0.3479682000346124
IN.ADM2.00426,rice,Summer,full,14,0.05481828887578802,0.0030050447952693444,0.8523457263977054
IN.ADM2.00426,rice,Summer,cleaned,14,0.05481828887578802,0.0030050447952693444,0.8523457263977054
IN.ADM2.00427,rice,Summer,full,10,-0.15523599123101628,0.02409821297347616,0.6684868677602884
IN.ADM2.00427,rice,Summer,cleaned,10,-0.15523599123101628,0.02409821297347616,0.6684868677602884
IN.ADM2.00433,rice,Summer,full,9,-0.04141437603290893,0.0017151505421951815,0.915751820371316
IN.ADM2.00433,rice,Summer,cleaned,9,-0.04141437603290893,0.0017151505421951815,0.915751820371316
IN.ADM2.00436,rice,Summer,full,14,0.43978087410444255,0.19340721722806756,0.11559514420074411
IN.ADM2.00436,rice,Summer,cleaned,14,0.43978087410444255,0.19340721722806756,0.11559514420074411
IN.ADM2.00439,rice,Summer,full,6,0.2521213137191359,0.06356515683146294,0.629831094844852
IN.ADM2.00439,rice,Summer,cleaned,6,0.2521213137191359,0.06356515683146294,0.629831094844852
IN.ADM2.00440,rice,Summer,full,14,0.32222972209485934,0.10383199380133028,0.26119724423004476
IN.ADM2.00440,rice,Summer,cleaned,14,0.32222972209485934,0.10383199380133028,0.26119724423004476
IN.ADM2.00442,rice,Summer,full,14,0.020800384094243018,0.0004326559784680379,0.9437332919801773
IN.ADM2.00442,rice,Summer,cleaned,14,0.020800384094243018,0.0004326559784680379,0.9437332919801773
IN.ADM2.00444,rice,Summer,full,11,0.11616125542047281,0.013493437260860325,0.733766869456314
IN.ADM2.00444,rice,Summer,cleaned,11,0.11616125542047281,0.013493437260860325,0.733766869456314
IN.ADM2.00448,rice,Summer,full,5,0.5823757730327023,0.33916154101543755,0.30285493558642534
IN.ADM2.00448,rice,Summer,cleaned,5,0.5823757730327023,0.33916154101543755,0.30285493558642534
IN.ADM2.00451,rice,Summer,full,16,-0.28279245766096434,0.0799715741099283,0.288567499250575
IN.ADM2.00451,rice,Summer,cleaned,16,-0.28279245766096434,0.0799715741099283,0.288567499250575
IN.ADM2.00452,rice,Summer,full,16,-0.43526506589977254,0.18945567759273332,0.09197651576100035
IN.ADM2.00452,rice,Summer,cleaned,16,-0.43526506589977254,0.18945567759273332,0.09197651576100035
IN.ADM2.00453,rice,Summer,full,16,-0.28281309924037457,0.07998324910194596,0.28853078883996375
IN.ADM2.00453,rice,Summer,cleaned,16,-0.28281309924037457,0.07998324910194596,0.28853078883996375
IN.ADM2.00455,rice,Summer,full,16,0.26293272000969903,0.06913361525169878,0.32517742548042766
IN.ADM2.00455,rice,Summer,cleaned,16,0.26293272000969903,0.06913361525169878,0.32517742548042766
IN.ADM2.00457,rice,Summer,full,16,0.15517127702814168,0.02407812521454429,0.566082359545967
IN.ADM2.00457,rice,Summer,cleaned,16,0.15517127702814168,0.02407812521454429,0.566082359545967
IN.ADM2.00458,rice,Summer,full,16,-0.1438548551277848,0.02069421934383595,0.5950579246201282
IN.ADM2.00458,rice,Summer,cleaned,16,-0.1438548551277848,0.02069421934383595,0.5950579246201282
IN.ADM2.00459,rice,Summer,full,16,-0.06687490603355703,0.004472253056997082,0.805623966530939
IN.ADM2.00459,rice,Summer,cleaned,16,-0.06687490603355703,0.004472253056997082,0.805623966530939
IN.ADM2.00460,rice,Summer,full,16,0.0948776901524802,0.009001776088670038,0.7267023003598312
IN.ADM2.00460,rice,Summer,cleaned,16,0.0948776901524802,0.009001776088670038,0.7267023003598312
IN.ADM2.00461,rice,Summer,full,16,-0.1929937870683928,0.037246601847000134,0.4739107451397637
IN.ADM2.00461,rice,Summer,cleaned,16,-0.1929937870683928,0.037246601847000134,0.4739107451397637
IN.ADM2.00462,rice,Summer,full,16,-0.023968620969681137,0.0005744947911882383,0.9297899040097262
IN.ADM2.00462,rice,Summer,cleaned,16,-0.023968620969681137,0.0005744947911882383,0.9297899040097262
IN.ADM2.00463,rice,Summer,full,16,-0.2452580673293131,0.06015151959010988,0.3599044016190953
IN.ADM2.00463,rice,Summer,cleaned,16,-0.2452580673293131,0.06015151959010988,0.3599044016190953
IN.ADM2.00464,rice,Summer,full,16,-0.1857177329172976,0.03449107631994068,0.4910501720805991
IN.ADM2.00464,rice,Summer,cleaned,16,-0.1857177329172976,0.03449107631994068,0.4910501720805991
IN.ADM2.00465,rice,Summer,full,16,-0.1562200989312695,0.02440471931009563,0.5634276809937327
IN.ADM2.00465,rice,Summer,cleaned,16,-0.1562200989312695,0.02440471931009563,0.5634276809937327
IN.ADM2.00466,rice,Summer,full,16,0.290274895703707,0.08425951507579799,0.2754435382279042
IN.ADM2.00466,rice,Summer,cleaned,16,0.290274895703707,0.08425951507579799,0.2754435382279042
IN.ADM2.00470,rice,Summer,full,15,-0.36644726165317937,0.1342835955731137,0.17913642423029302
IN.ADM2.00470,rice,Summer,cleaned,15,-0.36644726165317937,0.1342835955731137,0.17913642423029302
IN.ADM2.00482,rice,Summer,full,9,-0.10229704899371873,0.010464686232823291,0.79341096395261
IN.ADM2.00482,rice,Summer,cleaned,8,-0.06269636335974971,0.0039308339785377655,0.8827520166634689
IN.ADM2.00484,rice,Summer,full,16,0.22925207905683104,0.05255651575187951,0.3930591325830838
IN.ADM2.00484,rice,Summer,cleaned,16,0.22925207905683104,0.05255651575187951,0.3930591325830838
IN.ADM2.00485,rice,Summer,full,16,0.38665199871731504,0.1494997681120946,0.1390314148576913
IN.ADM2.00485,rice,Summer,cleaned,16,0.38665199871731504,0.1494997681120946,0.1390314148576913
IN.ADM2.00500,rice,Summer,full,5,-0.36582650222644575,0.13382902973123573,0.544823713450916
IN.ADM2.00500,rice,Summer,cleaned,5,-0.36582650222644575,0.13382902973123573,0.544823713450916
IN.ADM2.00503,rice,Summer,full,5,-0.8635461181129628,0.745711898107967,0.05925400007571846
IN.ADM2.00503,rice,Summer,cleaned,5,-0.8635461181129628,0.745711898107967,0.05925400007571846
IN.ADM2.00504,rice,Summer,full,8,-0.19191236813330434,0.03683035704253293,0.6489019394111176
IN.ADM2.00504,rice,Summer,cleaned,8,-0.19191236813330434,0.03683035704253293,0.6489019394111176
IN.ADM2.00505,rice,Summer,full,6,0.822842367053528,0.6770695610182529,0.04429720954378412
IN.ADM2.00505,rice,Summer,cleaned,6,0.822842367053528,0.6770695610182529,0.04429720954378412
IN.ADM2.00506,rice,Summer,full,13,0.377219275760143,0.14229438200500683,0.20386240766638514
IN.ADM2.00506,rice,Summer,cleaned,13,0.377219275760143,0.14229438200500683,0.20386240766638514
IN.ADM2.00507,rice,Summer,full,7,0.6481701109389961,0.42012449271467056,0.11537412434753791
IN.ADM2.00507,rice,Summer,cleaned,7,0.6481701109389961,0.42012449271467056,0.11537412434753791
IN.ADM2.00508,rice,Summer,full,11,0.7332609614579845,0.5376716375982878,0.010236616577745727
IN.ADM2.00508,rice,Summer,cleaned,11,0.7332609614579845,0.5376716375982878,0.010236616577745727
IN.ADM2.00509,rice,Summer,full,13,0.2696167904852305,0.0726932137115567,0.37302163964238905
IN.ADM2.00509,rice,Summer,cleaned,13,0.2696167904852305,0.0726932137115567,0.37302163964238905
IN.ADM2.00514,rice,Summer,full,16,0.06468890323385824,0.004184654201599475,0.8118700070467673
IN.ADM2.00514,rice,Summer,cleaned,16,0.06468890323385824,0.004184654201599475,0.8118700070467673
IN.ADM2.00515,rice,Summer,full,16,-0.26091963175827027,0.06807905423687136,0.3290315030764718
IN.ADM2.00515,rice,Summer,cleaned,16,-0.26091963175827027,0.06807905423687136,0.3290315030764718
IN.ADM2.00516,rice,Summer,full,13,0.2999002936003523,0.08994018610157752,0.31948422608807314
IN.ADM2.00516,rice,Summer,cleaned,13,0.2999002936003523,0.08994018610157752,0.31948422608807314
IN.ADM2.00517,rice,Summer,full,13,0.27109734857806217,0.07349377240605534,0.37029976785870894
IN.ADM2.00517,rice,Summer,cleaned,13,0.27109734857806217,0.07349377240605534,0.37029976785870894
IN.ADM2.00518,rice,Summer,full,13,0.3956712407362545,0.15655573074576704,0.1808087800760817
IN.ADM2.00518,rice,Summer,cleaned,13,0.3956712407362545,0.15655573074576704,0.1808087800760817
IN.ADM2.00521,rice,Summer,full,11,0.5454299174695637,0.2974937948708551,0.08266761820509995
IN.ADM2.00521,rice,Summer,cleaned,11,0.5454299174695637,0.2974937948708551,0.08266761820509995
IN.ADM2.00522,rice,Summer,full,13,0.50316405601072,0.253174067261159,0.07964261488720532
IN.ADM2.00522,rice,Summer,cleaned,13,0.50316405601072,0.253174067261159,0.07964261488720532
IN.ADM2.00523,rice,Summer,full,13,0.5592029666939795,0.31270795795934797,0.04693498675334622
IN.ADM2.00523,rice,Summer,cleaned,13,0.5592029666939795,0.31270795795934797,0.04693498675334622
IN.ADM2.00524,rice,Summer,full,10,0.45249568027454046,0.20475234066711914,0.18915199690670317
IN.ADM2.00524,rice,Summer,cleaned,10,0.45249568027454046,0.20475234066711914,0.18915199690670317
IN.ADM2.00525,rice,Summer,full,10,0.6233245826418115,0.38853353532558843,0.054175501995145724
IN.ADM2.00525,rice,Summer,cleaned,10,0.6233245826418115,0.38853353532558843,0.054175501995145724
IN.ADM2.00526,rice,Summer,full,13,0.515863269165892,0.2661149124745215,0.07114698136658414
IN.ADM2.00526,rice,Summer,cleaned,13,0.515863269165892,0.2661149124745215,0.07114698136658414
IN.ADM2.00527,rice,Summer,full,13,0.3762478476989053,0.14156244289805864,0.20512437059531594
IN.ADM2.00527,rice,Summer,cleaned,13,0.3762478476989053,0.14156244289805864,0.20512437059531594
IN.ADM2.00529,rice,Summer,full,13,0.37866672980128263,0.1433884922583976,0.2019910326009495
IN.ADM2.00529,rice,Summer,cleaned,13,0.37866672980128263,0.1433884922583976,0.2019910326009495
IN.ADM2.00532,rice,Summer,full,13,0.24383167009654394,0.05945388334206984,0.42209489575778725
IN.ADM2.00532,rice,Summer,cleaned,13,0.24383167009654394,0.05945388334206984,0.42209489575778725
IN.ADM2.00546,rice,Summer,full,12,0.20194991212156277,0.040783767005906926,0.5290663143161971
IN.ADM2.00546,rice,Summer,cleaned,12,0.20194991212156277,0.040783767005906926,0.5290663143161971
IN.ADM2.00547,rice,Summer,full,9,0.30260810121813264,0.0915716629228436,0.4286571828886921
IN.ADM2.00547,rice,Summer,cleaned,9,0.30260810121813264,0.0915716629228436,0.4286571828886921
IN.ADM2.00548,rice,Summer,full,13,0.15924174360921886,0.025357932907704196,0.603315691009384
IN.ADM2.00548,rice,Summer,cleaned,13,0.15924174360921886,0.025357932907704196,0.603315691009384
IN.ADM2.00550,rice,Summer,full,8,-0.05705024468626885,0.003254730418763147,0.8932626685409746
IN.ADM2.00550,rice,Summer,cleaned,8,-0.05705024468626885,0.003254730418763147,0.8932626685409746
IN.ADM2.00575,rice,Summer,full,11,0.07481359455074967,0.00559707392960396,0.8269509095348939
IN.ADM2.00575,rice,Summer,cleaned,11,0.07481359455074967,0.00559707392960396,0.8269509095348939
IN.ADM2.00001,rice,Autumn,full,7,0.6358099318336523,0.4042542694183136,0.12483143969645674
IN.ADM2.00001,rice,Autumn,cleaned,7,0.6358099318336523,0.4042542694183136,0.12483143969645674
IN.ADM2.00037,rice,Autumn,full,16,0.2141863771647367,0.04587580416295484,0.4257078383485528
IN.ADM2.00037,rice,Autumn,cleaned,16,0.2141863771647367,0.04587580416295484,0.4257078383485528
IN.ADM2.00039,rice,Autumn,full,16,0.3665570399292187,0.13436406352167082,0.1625735693043331
IN.ADM2.00039,rice,Autumn,cleaned,16,0.3665570399292187,0.13436406352167082,0.1625735693043331
IN.ADM2.00041,rice,Autumn,full,16,-0.08744946273010998,0.007647408531784894,0.74742197851338
IN.ADM2.00041,rice,Autumn,cleaned,16,-0.08744946273010998,0.007647408531784894,0.74742197851338
IN.ADM2.00042,rice,Autumn,full,16,-0.07938267310586529,0.006301608789432669,0.7701074571009303
IN.ADM2.00042,rice,Autumn,cleaned,16,-0.07938267310586529,0.006301608789432669,0.7701074571009303
IN.ADM2.00043,rice,Autumn,full,16,0.16204042414005573,0.026257099055489157,0.5487936879356579
IN.ADM2.00043,rice,Autumn,cleaned,16,0.16204042414005573,0.026257099055489157,0.5487936879356579
IN.ADM2.00045,rice,Autumn,full,16,0.22347690345049456,0.04994192637582167,0.4054115748514376
IN.ADM2.00045,rice,Autumn,cleaned,16,0.22347690345049456,0.04994192637582167,0.4054115748514376
IN.ADM2.00047,rice,Autumn,full,16,0.007315300725032753,5.351362469766472e-05,0.9785493192308222
IN.ADM2.00047,rice,Autumn,cleaned,16,0.007315300725032753,5.351362469766472e-05,0.9785493192308222
IN.ADM2.00049,rice,Autumn,full,16,0.09177850999984516,0.008423294897791677,0.7353262115646878
IN.ADM2.00049,rice,Autumn,cleaned,16,0.09177850999984516,0.008423294897791677,0.7353262115646878
IN.ADM2.00050,rice,Autumn,full,16,-0.11029499367844427,0.01216498563052806,0.6842746594536946
IN.ADM2.00050,rice,Autumn,cleaned,16,-0.11029499367844427,0.01216498563052806,0.6842746594536946
IN.ADM2.00052,rice,Autumn,full,16,0.44833218402609615,0.20100174723360933,0.08156116513222626
IN.ADM2.00052,rice,Autumn,cleaned,16,0.44833218402609615,0.20100174723360933,0.08156116513222626
IN.ADM2.00053,rice,Autumn,full,16,0.25314195566797654,0.06408084971940779,0.3441671677425986
IN.ADM2.00053,rice,Autumn,cleaned,16,0.25314195566797654,0.06408084971940779,0.3441671677425986
IN.ADM2.00054,rice,Autumn,full,16,-0.034305494324179314,0.0011768669408262992,0.8996314972894622
IN.ADM2.00054,rice,Autumn,cleaned,16,-0.034305494324179314,0.0011768669408262992,0.8996314972894622
IN.ADM2.00056,rice,Autumn,full,16,-0.30101647771023904,0.09061091985307884,0.25724707196498686
IN.ADM2.00056,rice,Autumn,cleaned,16,-0.30101647771023904,0.09061091985307884,0.25724707196498686
IN.ADM2.00058,rice,Autumn,full,16,-0.04744925397095745,0.002251431702400421,0.8614739664474631
IN.ADM2.00058,rice,Autumn,cleaned,16,-0.04744925397095745,0.002251431702400421,0.8614739664474631
IN.ADM2.00059,rice,Autumn,full,16,-0.04844318371028017,0.002346742047987954,0.8585991262150954
IN.ADM2.00059,rice,Autumn,cleaned,16,-0.04844318371028017,0.002346742047987954,0.8585991262150954
IN.ADM2.00060,rice,Autumn,full,16,0.14314562014343127,0.020490668566247514,0.5968937293030072
IN.ADM2.00060,rice,Autumn,cleaned,16,0.14314562014343127,0.020490668566247514,0.5968937293030072
IN.ADM2.00065,rice,Autumn,full,16,0.5923795951565758,0.35091358475786866,0.015609971426435512
IN.ADM2.00065,rice,Autumn,cleaned,16,0.5923795951565758,0.35091358475786866,0.015609971426435512
IN.ADM2.00066,rice,Autumn,full,14,0.4067410683405098,0.16543829667477927,0.14894005281750813
IN.ADM2.00066,rice,Autumn,cleaned,14,0.4067410683405098,0.16543829667477927,0.14894005281750813
IN.ADM2.00068,rice,Autumn,full,14,-0.020159948273191924,0.00040642351437777404,0.9454633386663029
IN.ADM2.00068,rice,Autumn,cleaned,14,-0.020159948273191924,0.00040642351437777404,0.9454633386663029
IN.ADM2.00069,rice,Autumn,full,13,0.5327410726175499,0.28381305045369754,0.0608665505814354
IN.ADM2.00069,rice,Autumn,cleaned,13,0.5327410726175499,0.28381305045369754,0.0608665505814354
IN.ADM2.00072,rice,Autumn,full,16,-0.17229392242064723,0.029685195703092006,0.523427447732173
IN.ADM2.00072,rice,Autumn,cleaned,16,-0.17229392242064723,0.029685195703092006,0.523427447732173
IN.ADM2.00073,rice,Autumn,full,14,0.22202774891159255,0.049296321286749184,0.4455251050649162
IN.ADM2.00073,rice,Autumn,cleaned,14,0.22202774891159255,0.049296321286749184,0.4455251050649162
IN.ADM2.00075,rice,Autumn,full,8,0.13910274859015662,0.01934957466533632,0.742527289827499
IN.ADM2.00075,rice,Autumn,cleaned,8,0.13910274859015662,0.01934957466533632,0.742527289827499
IN.ADM2.00076,rice,Autumn,full,16,0.3511936355006364,0.12333696961615388,0.18227526337830563
IN.ADM2.00076,rice,Autumn,cleaned,16,0.3511936355006364,0.12333696961615388,0.18227526337830563
IN.ADM2.00078,rice,Autumn,full,16,-0.38173878395741645,0.14572449917728708,0.14455813692906222
IN.ADM2.00078,rice,Autumn,cleaned,16,-0.38173878395741645,0.14572449917728708,0.14455813692906222
IN.ADM2.00081,rice,Autumn,full,16,0.3220657082647366,0.10372632044006644,0.22379221910760075
IN.ADM2.00081,rice,Autumn,cleaned,16,0.3220657082647366,0.10372632044006644,0.22379221910760075
IN.ADM2.00083,rice,Autumn,full,16,0.106743676521446,0.011394212477315101,0.6939747011143268
IN.ADM2.00083,rice,Autumn,cleaned,16,0.106743676521446,0.011394212477315101,0.6939747011143268
IN.ADM2.00084,rice,Autumn,full,10,0.619759394986801,0.3841017076744056,0.055977986643468626
IN.ADM2.00084,rice,Autumn,cleaned,10,0.619759394986801,0.3841017076744056,0.055977986643468626
IN.ADM2.00087,rice,Autumn,full,16,0.31741858037555853,0.10075455516763492,0.23092759132079188
IN.ADM2.00087,rice,Autumn,cleaned,16,0.31741858037555853,0.10075455516763492,0.23092759132079188
IN.ADM2.00088,rice,Autumn,full,14,-0.04715901698481887,0.0022239728829744347,0.8728109972252971
IN.ADM2.00088,rice,Autumn,cleaned,14,-0.04715901698481887,0.0022239728829744347,0.8728109972252971
IN.ADM2.00090,rice,Autumn,full,16,0.30920382879746433,0.09560700774301163,0.2438879467337226
IN.ADM2.00090,rice,Autumn,cleaned,16,0.30920382879746433,0.09560700774301163,0.2438879467337226
IN.ADM2.00091,rice,Autumn,full,14,-0.030780978213629184,0.0009474686197879145,0.9168063603850494
IN.ADM2.00091,rice,Autumn,cleaned,14,-0.030780978213629184,0.0009474686197879145,0.9168063603850494
IN.ADM2.00092,rice,Autumn,full,16,0.1249393429833145,0.015609839425102297,0.6447757101699805
IN.ADM2.00092,rice,Autumn,cleaned,16,0.1249393429833145,0.015609839425102297,0.6447757101699805
IN.ADM2.00093,rice,Autumn,full,14,0.4394375122468189,0.19310532716967307,0.11591277558743923
IN.ADM2.00093,rice,Autumn,cleaned,14,0.4394375122468189,0.19310532716967307,0.11591277558743923
IN.ADM2.00097,rice,Autumn,full,16,0.4341428963958933,0.18848005449101535,0.09291309314864765
IN.ADM2.00097,rice,Autumn,cleaned,16,0.4341428963958933,0.18848005449101535,0.09291309314864765
IN.ADM2.00098,rice,Autumn,full,16,-0.3723022192144283,0.13860894243198824,0.15558797337513994
IN.ADM2.00098,rice,Autumn,cleaned,16,-0.3723022192144283,0.13860894243198824,0.15558797337513994
IN.ADM2.00100,rice,Autumn,full,16,0.0657683574526502,0.004325476842019569,0.8087843421693317
IN.ADM2.00100,rice,Autumn,cleaned,16,0.0657683574526502,0.004325476842019569,0.8087843421693317
IN.ADM2.00101,rice,Autumn,full,16,-0.17363835370943032,0.030150277878921234,0.5201416085403376
IN.ADM2.00101,rice,Autumn,cleaned,16,-0.17363835370943032,0.030150277878921234,0.5201416085403376
IN.ADM2.00191,rice,Autumn,full,16,-0.41707236892664223,0.17394936092208116,0.1080086100366468
IN.ADM2.00191,rice,Autumn,cleaned,16,-0.41707236892664223,0.17394936092208116,0.1080086100366468
IN.ADM2.00192,rice,Autumn,full,16,-0.23500773390577673,0.05522863499552836,0.38095280673733245
IN.ADM2.00192,rice,Autumn,cleaned,16,-0.23500773390577673,0.05522863499552836,0.38095280673733245
IN.ADM2.00194,rice,Autumn,full,16,0.035135114061601774,0.0012344762401217666,0.8972160856328513
IN.ADM2.00194,rice,Autumn,cleaned,16,0.035135114061601774,0.0012344762401217666,0.8972160856328513
IN.ADM2.00196,rice,Autumn,full,16,0.6885537174843626,0.4741062218615354,0.0031841054377665943
IN.ADM2.00196,rice,Autumn,cleaned,16,0.6885537174843626,0.4741062218615354,0.0031841054377665943
IN.ADM2.00197,rice,Autumn,full,16,0.049159447250130175,0.0024166512539383314,0.856528437113827
IN.ADM2.00197,rice,Autumn,cleaned,16,0.049159447250130175,0.0024166512539383314,0.856528437113827
IN.ADM2.00199,rice,Autumn,full,16,-0.06824864125617527,0.00465787703331411,0.8017044137111393
IN.ADM2.00199,rice,Autumn,cleaned,16,-0.06824864125617527,0.00465787703331411,0.8017044137111393
IN.ADM2.00200,rice,Autumn,full,16,0.3712190315413864,0.13780356937852484,0.15688928159424795
IN.ADM2.00200,rice,Autumn,cleaned,16,0.3712190315413864,0.13780356937852484,0.15688928159424795
IN.ADM2.00201,rice,Autumn,full,16,-0.45564573451143986,0.20761303537846953,0.07611711329660535
IN.ADM2.00201,rice,Autumn,cleaned,16,-0.45564573451143986,0.20761303537846953,0.07611711329660535
IN.ADM2.00202,rice,Autumn,full,16,0.24038378912374658,0.057784366073489864,0.36983114051859645
IN.ADM2.00202,rice,Autumn,cleaned,16,0.24038378912374658,0.057784366073489864,0.36983114051859645
IN.ADM2.00289,rice,Autumn,full,13,0.030579066124010804,0.0009350792850166251,0.9210058776682144
IN.ADM2.00289,rice,Autumn,cleaned,13,0.030579066124010804,0.0009350792850166251,0.9210058776682144
IN.ADM2.00291,rice,Autumn,full,13,-0.07102288374990341,0.005044250016152294,0.8176537672360962
IN.ADM2.00291,rice,Autumn,cleaned,13,-0.07102288374990341,0.005044250016152294,0.8176537672360962
IN.ADM2.00293,rice,Autumn,full,13,-0.012358650796363878,0.00015273624950646553,0.968036737189634
IN.ADM2.00293,rice,Autumn,cleaned,13,-0.012358650796363878,0.00015273624950646553,0.968036737189634
IN.ADM2.00294,rice,Autumn,full,7,-0.4890536614415184,0.2391734837693553,0.2653715350100317
IN.ADM2.00294,rice,Autumn,cleaned,7,-0.4890536614415184,0.2391734837693553,0.2653715350100317
IN.ADM2.00295,rice,Autumn,full,7,-0.055946182954386886,0.0031299753871657297,0.905171378303118
IN.ADM2.00295,rice,Autumn,cleaned,7,-0.055946182954386886,0.0031299753871657297,0.905171378303118
IN.ADM2.00296,rice,Autumn,full,7,0.7519490053192492,0.5654273066006084,0.05122871951903443
IN.ADM2.00296,rice,Autumn,cleaned,7,0.7519490053192492,0.5654273066006084,0.05122871951903443
IN.ADM2.00310,rice,Autumn,full,13,-0.28240757833119623,0.07975404029889073,0.3498582562359145
IN.ADM2.00310,rice,Autumn,cleaned,13,-0.28240757833119623,0.07975404029889073,0.3498582562359145
IN.ADM2.00312,rice,Autumn,full,13,-0.35371114410161303,0.12511157346167207,0.2357644297081949
IN.ADM2.00312,rice,Autumn,cleaned,13,-0.35371114410161303,0.12511157346167207,0.2357644297081949
IN.ADM2.00316,rice,Autumn,full,13,-0.26923922527568683,0.07248976042705205,0.37371745085635016
IN.ADM2.00316,rice,Autumn,cleaned,13,-0.26923922527568683,0.07248976042705205,0.37371745085635016
IN.ADM2.00451,rice,Autumn,full,16,-0.41744173081267816,0.17425759862388446,0.10766484522475611
IN.ADM2.00451,rice,Autumn,cleaned,16,-0.41744173081267816,0.17425759862388446,0.10766484522475611
IN.ADM2.00452,rice,Autumn,full,16,-0.04585786849859841,0.0021029441032347444,0.8660802688930824
IN.ADM2.00452,rice,Autumn,cleaned,16,-0.04585786849859841,0.0021029441032347444,0.8660802688930824
IN.ADM2.00453,rice,Autumn,full,16,0.025143153842950794,0.0006321781851702913,0.9263578941675751
IN.ADM2.00453,rice,Autumn,cleaned,16,0.025143153842950794,0.0006321781851702913,0.9263578941675751
IN.ADM2.00455,rice,Autumn,full,16,0.02509240186149503,0.0006296286311787591,0.9265061677816253
IN.ADM2.00455,rice,Autumn,cleaned,16,0.02509240186149503,0.0006296286311787591,0.9265061677816253
IN.ADM2.00457,rice,Autumn,full,16,0.49852768818621807,0.24852985588829507,0.04935328754469769
IN.ADM2.00457,rice,Autumn,cleaned,16,0.49852768818621807,0.24852985588829507,0.04935328754469769
IN.ADM2.00458,rice,Autumn,full,16,-0.18552972062707662,0.0344212772359611,0.4914969313515265
IN.ADM2.00458,rice,Autumn,cleaned,16,-0.18552972062707662,0.0344212772359611,0.4914969313515265
IN.ADM2.00459,rice,Autumn,full,16,-0.19375129717289602,0.037539565156179865,0.47214333239625605
IN.ADM2.00459,rice,Autumn,cleaned,16,-0.19375129717289602,0.037539565156179865,0.47214333239625605
IN.ADM2.00460,rice,Autumn,full,16,-0.40964781060494504,0.1678113287334249,0.11508298193774891
IN.ADM2.00460,rice,Autumn,cleaned,16,-0.40964781060494504,0.1678113287334249,0.11508298193774891
IN.ADM2.00461,rice,Autumn,full,16,0.18504612596006706,0.034242068732829006,0.4926469501130517
IN.ADM2.00461,rice,Autumn,cleaned,16,0.18504612596006706,0.034242068732829006,0.4926469501130517
IN.ADM2.00462,rice,Autumn,full,16,-0.39919124799244243,0.15935365247376368,0.12558554468279798
IN.ADM2.00462,rice,Autumn,cleaned,16,-0.39919124799244243,0.15935365247376368,0.12558554468279798
IN.ADM2.00463,rice,Autumn,full,16,-0.054482592597125235,0.0029683528961043253,0.8411677476098639
IN.ADM2.00463,rice,Autumn,cleaned,16,-0.054482592597125235,0.0029683528961043253,0.8411677476098639
IN.ADM2.00464,rice,Autumn,full,16,-0.17462183444508486,0.030492785064966627,0.5177439449531379
IN.ADM2.00464,rice,Autumn,cleaned,16,-0.17462183444508486,0.030492785064966627,0.5177439449531379
IN.ADM2.00465,rice,Autumn,full,16,0.28152589623311425,0.07925683024985822,0.29082538607445707
IN.ADM2.00465,rice,Autumn,cleaned,16,0.28152589623311425,0.07925683024985822,0.29082538607445707
IN.ADM2.00466,rice,Autumn,full,16,0.11236002537955833,0.012624775303294993,0.6786553352802306
IN.ADM2.00466,rice,Autumn,cleaned,16,0.11236002537955833,0.012624775303294993,0.6786553352802306
IN.ADM2.00468,rice,Autumn,full,10,0.2617479866170481,0.0685120084980784,0.4650681989414842
IN.ADM2.00468,rice,Autumn,cleaned,10,0.2617479866170481,0.0685120084980784,0.4650681989414842
IN.ADM2.00470,rice,Autumn,full,16,-0.12384816203299798,0.015338367238951722,0.6476898848644562
IN.ADM2.00470,rice,Autumn,cleaned,16,-0.12384816203299798,0.015338367238951722,0.6476898848644562
IN.ADM2.00477,rice,Autumn,full,7,0.2856059515350853,0.08157075955226148,0.5346710965844366
IN.ADM2.00477,rice,Autumn,cleaned,7,0.2856059515350853,0.08157075955226148,0.5346710965844366
IN.ADM2.00479,rice,Autumn,full,6,-0.27823266874619,0.0774134179576271,0.5934204678182724
IN.ADM2.00479,rice,Autumn,cleaned,6,-0.27823266874619,0.0774134179576271,0.5934204678182724
IN.ADM2.00480,rice,Autumn,full,14,0.5086772967266197,0.25875259220510144,0.06324046040191912
IN.ADM2.00480,rice,Autumn,cleaned,13,0.5159915224787939,0.26624725126998366,0.07106456789384386
IN.ADM2.00481,rice,Autumn,full,13,0.4976198916601395,0.24762555657584895,0.08356344654916426
IN.ADM2.00481,rice,Autumn,cleaned,13,0.4976198916601395,0.24762555657584895,0.08356344654916426
IN.ADM2.00482,rice,Autumn,full,14,0.09948569109119887,0.009897402731893446,0.735079197887109
IN.ADM2.00482,rice,Autumn,cleaned,13,0.04912747050504071,0.0024135083582236447,0.8733711034012559
IN.ADM2.00483,rice,Autumn,full,9,0.4313417226845232,0.1860556817284521,0.24637108735376312
IN.ADM2.00483,rice,Autumn,cleaned,9,0.4313417226845232,0.1860556817284521,0.24637108735376312
IN.ADM2.00484,rice,Autumn,full,16,0.3681939381325621,0.13556677607756498,0.16056225354731538
IN.ADM2.00484,rice,Autumn,cleaned,16,0.3681939381325621,0.13556677607756498,0.16056225354731538
IN.ADM2.00485,rice,Autumn,full,16,0.0816578851586917,0.006668010208590082,0.7636905365508249
IN.ADM2.00485,rice,Autumn,cleaned,16,0.0816578851586917,0.006668010208590082,0.7636905365508249
IN.ADM2.00500,rice,Autumn,full,13,-0.08019924538618788,0.006431918960513977,0.7945207745738663
IN.ADM2.00500,rice,Autumn,cleaned,13,-0.08019924538618788,0.006431918960513977,0.7945207745738663
IN.ADM2.00503,rice,Autumn,full,13,0.27545805816544944,0.07587714180828013,0.3623446332333306
IN.ADM2.00503,rice,Autumn,cleaned,13,0.27545805816544944,0.07587714180828013,0.3623446332333306
IN.ADM2.00504,rice,Autumn,full,11,0.4123495300947184,0.17003213496933509,0.2075710417359202
IN.ADM2.00504,rice,Autumn,cleaned,11,0.4123495300947184,0.17003213496933509,0.2075710417359202
IN.ADM2.00505,rice,Autumn,full,7,-0.49458854902391275,0.24461783282557933,0.25916918568156005
IN.ADM2.00505,rice,Autumn,cleaned,7,-0.49458854902391275,0.24461783282557933,0.25916918568156005
IN.ADM2.00506,rice,Autumn,full,13,-0.004939485250118329,2.4398514536136533e-05,0.9872225162398856
IN.ADM2.00506,rice,Autumn,cleaned,13,-0.004939485250118329,2.4398514536136533e-05,0.9872225162398856
IN.ADM2.00507,rice,Autumn,full,13,-0.33508881841026017,0.11228451622358432,0.2630581845938101
IN.ADM2.00507,rice,Autumn,cleaned,13,-0.33508881841026017,0.11228451622358432,0.2630581845938101
IN.ADM2.00508,rice,Autumn,full,13,-0.3302323524376699,0.10905340659651742,0.2704695429653978
IN.ADM2.00508,rice,Autumn,cleaned,13,-0.3302323524376699,0.10905340659651742,0.2704695429653978
IN.ADM2.00509,rice,Autumn,full,13,0.13307779702776557,0.01770970006176317,0.6647179386622514
IN.ADM2.00509,rice,Autumn,cleaned,13,0.13307779702776557,0.01770970006176317,0.6647179386622514
IN.ADM2.00514,rice,Autumn,full,16,0.0037395285852238475,1.398407403970627e-05,0.9890337009070469
IN.ADM2.00514,rice,Autumn,cleaned,16,0.0037395285852238475,1.398407403970627e-05,0.9890337009070469
IN.ADM2.00515,rice,Autumn,full,16,0.006748978212101103,4.55487069074154e-05,0.9802096333894033
IN.ADM2.00515,rice,Autumn,cleaned,16,0.006748978212101103,4.55487069074154e-05,0.9802096333894033
IN.ADM2.00516,rice,Autumn,full,13,-0.14201926866130987,0.020169472671093314,0.6434929355955774
IN.ADM2.00516,rice,Autumn,cleaned,13,-0.14201926866130987,0.020169472671093314,0.6434929355955774
IN.ADM2.00517,rice,Autumn,full,13,-0.5098532242745655,0.25995031030317034,0.07508438898292609
IN.ADM2.00517,rice,Autumn,cleaned,13,-0.5098532242745655,0.25995031030317034,0.07508438898292609
IN.ADM2.00518,rice,Autumn,full,7,0.37244934473968644,0.1387185143970218,0.41063725018790614
IN.ADM2.00518,rice,Autumn,cleaned,7,0.37244934473968644,0.1387185143970218,0.41063725018790614
IN.ADM2.00521,rice,Autumn,full,13,-0.3842803374537601,0.14767137775357575,0.19483492926498824
IN.ADM2.00521,rice,Autumn,cleaned,13,-0.3842803374537601,0.14767137775357575,0.19483492926498824
IN.ADM2.00522,rice,Autumn,full,13,0.2735196507136986,0.07481299932654369,0.3658694367436963
IN.ADM2.00522,rice,Autumn,cleaned,13,0.2735196507136986,0.07481299932654369,0.3658694367436963
IN.ADM2.00523,rice,Autumn,full,13,0.2390521265138586,0.05714591919079786,0.4315307744742326
IN.ADM2.00523,rice,Autumn,cleaned,13,0.2390521265138586,0.05714591919079786,0.4315307744742326
IN.ADM2.00524,rice,Autumn,full,13,-0.5261090875391958,0.27679077199132524,0.06477178123406238
IN.ADM2.00524,rice,Autumn,cleaned,13,-0.5261090875391958,0.27679077199132524,0.06477178123406238
IN.ADM2.00525,rice,Autumn,full,13,-0.5129711432322394,0.26313939378899065,0.07302322513907165
IN.ADM2.00525,rice,Autumn,cleaned,13,-0.5129711432322394,0.26313939378899065,0.07302322513907165
IN.ADM2.00526,rice,Autumn,full,13,-0.4907265500197707,0.24081254689430653,0.08862209745156982
IN.ADM2.00526,rice,Autumn,cleaned,13,-0.4907265500197707,0.24081254689430653,0.08862209745156982
IN.ADM2.00527,rice,Autumn,full,13,-0.522803522511605,0.27332352315054226,0.0667827422341569
IN.ADM2.00527,rice,Autumn,cleaned,13,-0.522803522511605,0.27332352315054226,0.0667827422341569
IN.ADM2.00530,rice,Autumn,full,12,-0.1990836781985838,0.03963431092507727,0.5350521064044708
IN.ADM2.00530,rice,Autumn,cleaned,12,-0.1990836781985838,0.03963431092507727,0.5350521064044708
IN.ADM2.00532,rice,Autumn,full,13,-0.5967939446502386,0.3561630123711921,0.031299097402065774
IN.ADM2.00532,rice,Autumn,cleaned,13,-0.5967939446502386,0.3561630123711921,0.031299097402065774
IN.ADM2.00537,rice,Autumn,full,14,0.5407594015993876,0.29242073041812777,0.04586312838960605
IN.ADM2.00537,rice,Autumn,cleaned,14,0.5407594015993876,0.29242073041812777,0.04586312838960605
IN.ADM2.00538,rice,Autumn,full,10,0.6182377000857566,0.382217853807326,0.05675924652510113
IN.ADM2.00538,rice,Autumn,cleaned,10,0.6182377000857566,0.382217853807326,0.05675924652510113
IN.ADM2.00542,rice,Autumn,full,10,0.07120971250622192,0.005070823155218778,0.845016242005072
IN.ADM2.00542,rice,Autumn,cleaned,10,0.07120971250622192,0.005070823155218778,0.845016242005072
IN.ADM2.00543,rice,Autumn,full,14,0.1269677905530554,0.016120819837924544,0.6653523205300522
IN.ADM2.00543,rice,Autumn,cleaned,14,0.1269677905530554,0.016120819837924544,0.6653523205300522
IN.ADM2.00546,rice,Autumn,full,13,-0.2958247406549053,0.087512277183542,0.326424777072242
IN.ADM2.00546,rice,Autumn,cleaned,13,-0.2958247406549053,0.087512277183542,0.326424777072242
IN.ADM2.00547,rice,Autumn,full,13,-0.1357786275560553,0.01843583570100598,0.6582816380618737
IN.ADM2.00547,rice,Autumn,cleaned,13,-0.1357786275560553,0.01843583570100598,0.6582816380618737
IN.ADM2.00548,rice,Autumn,full,13,-0.46451803192037744,0.2157770019791808,0.10977369341938994
IN.ADM2.00548,rice,Autumn,cleaned,13,-0.46451803192037744,0.2157770019791808,0.10977369341938994
IN.ADM2.00550,rice,Autumn,full,13,-0.34313227823595555,0.11773976036739721,0.25105006540595787
IN.ADM2.00550,rice,Autumn,cleaned,13,-0.34313227823595555,0.11773976036739721,0.25105006540595787
IN.ADM2.00037,rice,Winter,full,17,-0.01654260268357176,0.00027365770354651565,0.9497542702605838
IN.ADM2.00037,rice,Winter,cleaned,17,-0.01654260268357176,0.00027365770354651565,0.9497542702605838
IN.ADM2.00039,rice,Winter,full,17,0.00328288055849707,1.0777304761358033e-05,0.9900230516471291
IN.ADM2.00039,rice,Winter,cleaned,17,0.00328288055849707,1.0777304761358033e-05,0.9900230516471291
IN.ADM2.00041,rice,Winter,full,17,-0.18835716935863472,0.0354784232487974,0.469076999622268
IN.ADM2.00041,rice,Winter,cleaned,17,-0.18835716935863472,0.0354784232487974,0.469076999622268
IN.ADM2.00042,rice,Winter,full,17,0.12696879428954574,0.016121074723340983,0.6272481416322484
IN.ADM2.00042,rice,Winter,cleaned,17,0.12696879428954574,0.016121074723340983,0.6272481416322484
IN.ADM2.00043,rice,Winter,full,17,-0.02134355838206331,0.000455547484408545,0.9351976041117802
IN.ADM2.00043,rice,Winter,cleaned,17,-0.02134355838206331,0.000455547484408545,0.9351976041117802
IN.ADM2.00045,rice,Winter,full,17,-0.28447408691141807,0.08092550612408504,0.2684502087306595
IN.ADM2.00045,rice,Winter,cleaned,17,-0.28447408691141807,0.08092550612408504,0.2684502087306595
IN.ADM2.00047,rice,Winter,full,17,-0.056009948259278436,0.0031371143040070473,0.830928161804257
IN.ADM2.00047,rice,Winter,cleaned,17,-0.056009948259278436,0.0031371143040070473,0.830928161804257
IN.ADM2.00049,rice,Winter,full,17,0.15483781490455092,0.02397474892441597,0.5529256274588914
IN.ADM2.00049,rice,Winter,cleaned,17,0.15483781490455092,0.02397474892441597,0.5529256274588914
IN.ADM2.00050,rice,Winter,full,17,-0.2421566177960425,0.05863982754241861,0.34905256463252937
IN.ADM2.00050,rice,Winter,cleaned,17,-0.2421566177960425,0.05863982754241861,0.34905256463252937
IN.ADM2.00052,rice,Winter,full,17,-0.1479071567492824,0.021876527017656792,0.57104248584881
IN.ADM2.00052,rice,Winter,cleaned,17,-0.1479071567492824,0.021876527017656792,0.57104248584881
IN.ADM2.00053,rice,Winter,full,17,-0.13510378343511084,0.018253032298481332,0.6051576626757861
IN.ADM2.00053,rice,Winter,cleaned,17,-0.13510378343511084,0.018253032298481332,0.6051576626757861
IN.ADM2.00054,rice,Winter,full,17,0.2671592940881118,0.0713740884176582,0.2999133457776572
IN.ADM2.00054,rice,Winter,cleaned,17,0.2671592940881118,0.0713740884176582,0.2999133457776572
IN.ADM2.00056,rice,Winter,full,17,-0.09622259814906936,0.009258788394557287,0.7133423765353701
IN.ADM2.00056,rice,Winter,cleaned,17,-0.09622259814906936,0.009258788394557287,0.7133423765353701
IN.ADM2.00058,rice,Winter,full,17,-0.1691198204076511,0.028601513654716165,0.5164121533458566
IN.ADM2.00058,rice,Winter,cleaned,17,-0.1691198204076511,0.028601513654716165,0.5164121533458566
IN.ADM2.00059,rice,Winter,full,17,-0.17524671746628157,0.030711411982706716,0.5011002037355525
IN.ADM2.00059,rice,Winter,cleaned,17,-0.17524671746628157,0.030711411982706716,0.5011002037355525
IN.ADM2.00060,rice,Winter,full,15,0.2772073421841661,0.07684391056080934,0.3171837218113532
IN.ADM2.00060,rice,Winter,cleaned,15,0.2772073421841661,0.07684391056080934,0.3171837218113532
IN.ADM2.00061,rice,Winter,full,15,0.40575945430680227,0.16464073475935395,0.13345881352888705
IN.ADM2.00061,rice,Winter,cleaned,15,0.40575945430680227,0.16464073475935395,0.13345881352888705
IN.ADM2.00065,rice,Winter,full,15,-0.053290102523376126,0.0028398350269519387,0.8503914730415969
IN.ADM2.00065,rice,Winter,cleaned,15,-0.053290102523376126,0.0028398350269519387,0.8503914730415969
IN.ADM2.00066,rice,Winter,full,14,-0.024334617255876836,0.0005921735969900187,0.9341903997518308
IN.ADM2.00066,rice,Winter,cleaned,14,-0.024334617255876836,0.0005921735969900187,0.9341903997518308
IN.ADM2.00068,rice,Winter,full,14,0.5293009708099226,0.2801595177003265,0.05160958745202794
IN.ADM2.00068,rice,Winter,cleaned,14,0.5293009708099226,0.2801595177003265,0.05160958745202794
IN.ADM2.00069,rice,Winter,full,15,0.21783657319112068,0.047452772619650474,0.4354371018413819
IN.ADM2.00069,rice,Winter,cleaned,15,0.21783657319112068,0.047452772619650474,0.4354371018413819
IN.ADM2.00072,rice,Winter,full,15,0.20546240488771794,0.04221479982224454,0.4625762143220452
IN.ADM2.00072,rice,Winter,cleaned,15,0.20546240488771794,0.04221479982224454,0.4625762143220452
IN.ADM2.00073,rice,Winter,full,14,0.4079957697004039,0.16646054809342503,0.14756918114571116
IN.ADM2.00073,rice,Winter,cleaned,14,0.4079957697004039,0.16646054809342503,0.14756918114571116
IN.ADM2.00075,rice,Winter,full,15,0.29746793278495987,0.0884871710353574,0.2815900439410531
IN.ADM2.00075,rice,Winter,cleaned,15,0.29746793278495987,0.0884871710353574,0.2815900439410531
IN.ADM2.00076,rice,Winter,full,15,0.4483404403667805,0.20100915046827866,0.09371354549170884
IN.ADM2.00076,rice,Winter,cleaned,15,0.4483404403667805,0.20100915046827866,0.09371354549170884
IN.ADM2.00078,rice,Winter,full,15,0.3968189320761265,0.1574652648540375,0.14306479108520637
IN.ADM2.00078,rice,Winter,cleaned,15,0.3968189320761265,0.1574652648540375,0.14306479108520637
IN.ADM2.00081,rice,Winter,full,15,-0.32796150538149926,0.10755874901209916,0.232729078280975
IN.ADM2.00081,rice,Winter,cleaned,15,-0.32796150538149926,0.10755874901209916,0.232729078280975
IN.ADM2.00083,rice,Winter,full,15,0.15610133558542136,0.024367626971552335,0.5785165624600911
IN.ADM2.00083,rice,Winter,cleaned,15,0.15610133558542136,0.024367626971552335,0.5785165624600911
IN.ADM2.00084,rice,Winter,full,15,0.2509957667013856,0.0629988749020164,0.36687871064514427
IN.ADM2.00084,rice,Winter,cleaned,15,0.2509957667013856,0.0629988749020164,0.36687871064514427
IN.ADM2.00087,rice,Winter,full,15,-0.11542050937648378,0.01332189398472698,0.6820888451186585
IN.ADM2.00087,rice,Winter,cleaned,15,-0.11542050937648378,0.01332189398472698,0.6820888451186585
IN.ADM2.00088,rice,Winter,full,14,0.18880525148552868,0.03564742298851373,0.5179977143328897
IN.ADM2.00088,rice,Winter,cleaned,14,0.18880525148552868,0.03564742298851373,0.5179977143328897
IN.ADM2.00090,rice,Winter,full,15,-0.14915686063707911,0.02224776907510904,0.595731164530839
IN.ADM2.00090,rice,Winter,cleaned,15,-0.14915686063707911,0.02224776907510904,0.595731164530839
IN.ADM2.00091,rice,Winter,full,14,0.3211300211435129,0.10312449047963305,0.26292138512753194
IN.ADM2.00091,rice,Winter,cleaned,14,0.3211300211435129,0.10312449047963305,0.26292138512753194
IN.ADM2.00092,rice,Winter,full,15,0.13658876609656959,0.018656491023783396,0.6273939347537499
IN.ADM2.00092,rice,Winter,cleaned,15,0.13658876609656959,0.018656491023783396,0.6273939347537499
IN.ADM2.00093,rice,Winter,full,14,0.41186845386280485,0.16963562328733742,0.14339079790321346
IN.ADM2.00093,rice,Winter,cleaned,14,0.41186845386280485,0.16963562328733742,0.14339079790321346
IN.ADM2.00097,rice,Winter,full,15,-0.2503263998024679,0.062663306438065,0.3682007088876647
IN.ADM2.00097,rice,Winter,cleaned,15,-0.2503263998024679,0.062663306438065,0.3682007088876647
IN.ADM2.00098,rice,Winter,full,15,0.19002300212450277,0.03610874133640878,0.4975620260483982
IN.ADM2.00098,rice,Winter,cleaned,15,0.19002300212450277,0.03610874133640878,0.4975620260483982
IN.ADM2.00100,rice,Winter,full,15,-0.05146713786219147,0.0026488662797258225,0.8554588530211011
IN.ADM2.00100,rice,Winter,cleaned,15,-0.05146713786219147,0.0026488662797258225,0.8554588530211011
IN.ADM2.00101,rice,Winter,full,15,0.11213736115797929,0.012574787767475082,0.6907133177616239
IN.ADM2.00101,rice,Winter,cleaned,15,0.11213736115797929,0.012574787767475082,0.6907133177616239
IN.ADM2.00191,rice,Winter,full,17,-0.021341600803185708,0.00045546392484253684,0.9352035359036849
IN.ADM2.00191,rice,Winter,cleaned,17,-0.021341600803185708,0.00045546392484253684,0.9352035359036849
IN.ADM2.00192,rice,Winter,full,17,0.2146538329023836,0.04607626797968442,0.40804637491740325
IN.ADM2.00192,rice,Winter,cleaned,17,0.2146538329023836,0.04607626797968442,0.40804637491740325
IN.ADM2.00194,rice,Winter,full,17,-0.020881436749800433,0.0004360344007359161,0.93659799885668
IN.ADM2.00194,rice,Winter,cleaned,17,-0.020881436749800433,0.0004360344007359161,0.93659799885668
IN.ADM2.00196,rice,Winter,full,17,0.3427393316991406,0.11747024949357353,0.1780669762956818
IN.ADM2.00196,rice,Winter,cleaned,17,0.3427393316991406,0.11747024949357353,0.1780669762956818
IN.ADM2.00197,rice,Winter,full,17,0.06556621580929299,0.0042989286555507825,0.8025770644115393
IN.ADM2.00197,rice,Winter,cleaned,17,0.06556621580929299,0.0042989286555507825,0.8025770644115393
IN.ADM2.00199,rice,Winter,full,17,0.4321699113831709,0.1867708323049378,0.08319688645960986
IN.ADM2.00199,rice,Winter,cleaned,17,0.4321699113831709,0.1867708323049378,0.08319688645960986
IN.ADM2.00200,rice,Winter,full,17,-0.4452843317748751,0.19827813612419704,0.07326402673651881
IN.ADM2.00200,rice,Winter,cleaned,17,-0.4452843317748751,0.19827813612419704,0.07326402673651881
IN.ADM2.00201,rice,Winter,full,17,0.3966108675278105,0.15730018024116244,0.11498873357503299
IN.ADM2.00201,rice,Winter,cleaned,17,0.3966108675278105,0.15730018024116244,0.11498873357503299
IN.ADM2.00202,rice,Winter,full,17,0.4389721097939451,0.19269651317694736,0.07793011850416448
IN.ADM2.00202,rice,Winter,cleaned,17,0.4389721097939451,0.19269651317694736,0.07793011850416448
IN.ADM2.00203,rice,Winter,full,17,-0.03379732113059,0.0011422589156042254,0.8975384492867831
IN.ADM2.00203,rice,Winter,cleaned,17,-0.03379732113059,0.0011422589156042254,0.8975384492867831
IN.ADM2.00289,rice,Winter,full,13,0.2705262697634299,0.07318446263211606,0.3713483910811437
IN.ADM2.00289,rice,Winter,cleaned,13,0.2705262697634299,0.07318446263211606,0.3713483910811437
IN.ADM2.00291,rice,Winter,full,13,0.21198182495808313,0.044936294112559394,0.4868893129493833
IN.ADM2.00291,rice,Winter,cleaned,13,0.21198182495808313,0.044936294112559394,0.4868893129493833
IN.ADM2.00293,rice,Winter,full,13,0.37499588293177905,0.14062191221578454,0.20675791932171528
IN.ADM2.00293,rice,Winter,cleaned,13,0.37499588293177905,0.14062191221578454,0.20675791932171528
IN.ADM2.00310,rice,Winter,full,14,0.20557951086708903,0.04226293528835158,0.48076043493991044
IN.ADM2.00310,rice,Winter,cleaned,14,0.20557951086708903,0.04226293528835158,0.48076043493991044
IN.ADM2.00312,rice,Winter,full,14,0.2829662082820258,0.0800698750295068,0.3269465198432343
IN.ADM2.00312,rice,Winter,cleaned,14,0.2829662082820258,0.0800698750295068,0.3269465198432343
IN.ADM2.00316,rice,Winter,full,14,0.3201991840618837,0.10252751747389607,0.26438609241305133
IN.ADM2.00316,rice,Winter,cleaned,14,0.3201991840618837,0.10252751747389607,0.26438609241305133
IN.ADM2.00451,rice,Winter,full,17,0.24174318287260738,0.05843976646537889,0.3499014965044107
IN.ADM2.00451,rice,Winter,cleaned,17,0.24174318287260738,0.05843976646537889,0.3499014965044107
IN.ADM2.00452,rice,Winter,full,17,0.15170622414142002,0.02301477844324677,0.5610803254877036
IN.ADM2.00452,rice,Winter,cleaned,17,0.15170622414142002,0.02301477844324677,0.5610803254877036
IN.ADM2.00453,rice,Winter,full,17,0.2971105173080267,0.08827465949504322,0.2468244376917952
IN.ADM2.00453,rice,Winter,cleaned,17,0.2971105173080267,0.08827465949504322,0.2468244376917952
IN.ADM2.00455,rice,Winter,full,17,-0.6038471221207391,0.3646313468934988,0.010261675045494615
IN.ADM2.00455,rice,Winter,cleaned,17,-0.6038471221207391,0.3646313468934988,0.010261675045494615
IN.ADM2.00457,rice,Winter,full,17,-0.035965286676010164,0.0012935018456875942,0.8910016173270743
IN.ADM2.00457,rice,Winter,cleaned,17,-0.035965286676010164,0.0012935018456875942,0.8910016173270743
IN.ADM2.00458,rice,Winter,full,17,-0.205812965514306,0.04235897677379291,0.4280740041118546
IN.ADM2.00458,rice,Winter,cleaned,17,-0.205812965514306,0.04235897677379291,0.4280740041118546
IN.ADM2.00459,rice,Winter,full,17,0.2807194784126252,0.07880342556025634,0.27509321724425884
IN.ADM2.00459,rice,Winter,cleaned,17,0.2807194784126252,0.07880342556025634,0.27509321724425884
IN.ADM2.00460,rice,Winter,full,17,0.5415904261881168,0.293320189738626,0.024739052245634056
IN.ADM2.00460,rice,Winter,cleaned,17,0.5415904261881168,0.293320189738626,0.024739052245634056
IN.ADM2.00461,rice,Winter,full,17,-0.3432402750796199,0.11781388643673314,0.17739208656583114
IN.ADM2.00461,rice,Winter,cleaned,17,-0.3432402750796199,0.11781388643673314,0.17739208656583114
IN.ADM2.00462,rice,Winter,full,17,0.011443238289899894,0.00013094770255943103,0.965232095519577
IN.ADM2.00462,rice,Winter,cleaned,17,0.011443238289899894,0.00013094770255943103,0.965232095519577
IN.ADM2.00463,rice,Winter,full,17,-0.5393365462753935,0.2908839101482697,0.02546432915347782
IN.ADM2.00463,rice,Winter,cleaned,17,-0.5393365462753935,0.2908839101482697,0.02546432915347782
IN.ADM2.00464,rice,Winter,full,17,0.10000288651462474,0.010000577311256916,0.702553670375577
IN.ADM2.00464,rice,Winter,cleaned,17,0.10000288651462474,0.010000577311256916,0.702553670375577
IN.ADM2.00465,rice,Winter,full,17,0.05308178276159629,0.0028176756611493006,0.8396565699707997
IN.ADM2.00465,rice,Winter,cleaned,17,0.05308178276159629,0.0028176756611493006,0.8396565699707997
IN.ADM2.00466,rice,Winter,full,17,0.15074562365784538,0.022724243051992755,0.5635921411040948
IN.ADM2.00466,rice,Winter,cleaned,17,0.15074562365784538,0.022724243051992755,0.5635921411040948
IN.ADM2.00468,rice,Winter,full,14,0.5278935278307858,0.27867157672563264,0.052349790815851005
IN.ADM2.00468,rice,Winter,cleaned,14,0.5278935278307858,0.27867157672563264,0.052349790815851005
IN.ADM2.00470,rice,Winter,full,15,0.15913594333575393,0.025324248461360284,0.5710593306856022
IN.ADM2.00470,rice,Winter,cleaned,15,0.15913594333575393,0.025324248461360284,0.5710593306856022
IN.ADM2.00471,rice,Winter,full,15,0.16152853409482926,0.02609146732682442,0.5652083355525742
IN.ADM2.00471,rice,Winter,cleaned,15,0.16152853409482926,0.02609146732682442,0.5652083355525742
IN.ADM2.00474,rice,Winter,full,14,-0.09034857701821175,0.008162865369215741,0.7587185819759408
IN.ADM2.00474,rice,Winter,cleaned,14,-0.09034857701821175,0.008162865369215741,0.7587185819759408
IN.ADM2.00477,rice,Winter,full,14,0.7990687041387163,0.6385107939339274,0.0006068145172472681
IN.ADM2.00477,rice,Winter,cleaned,14,0.7990687041387163,0.6385107939339274,0.0006068145172472681
IN.ADM2.00479,rice,Winter,full,15,0.04597735928417518,0.0021139175667461295,0.870749999900181
IN.ADM2.00479,rice,Winter,cleaned,15,0.04597735928417518,0.0021139175667461295,0.870749999900181
IN.ADM2.00480,rice,Winter,full,14,-0.17370731476937695,0.030174231204387406,0.5525789390531219
IN.ADM2.00480,rice,Winter,cleaned,13,0.6465541226295531,0.41803223348927127,0.016939967099145897
IN.ADM2.00481,rice,Winter,full,14,0.6386765036156191,0.4079076762706719,0.013952913470461802
IN.ADM2.00481,rice,Winter,cleaned,14,0.6386765036156191,0.4079076762706719,0.013952913470461802
IN.ADM2.00482,rice,Winter,full,15,0.32822427587852254,0.10773117527598047,0.2323327071746737
IN.ADM2.00482,rice,Winter,cleaned,14,0.6735878009924723,0.45372052564587445,0.008266458273305743
IN.ADM2.00483,rice,Winter,full,15,0.2510612719219085,0.0630317622590465,0.3667494778569721
IN.ADM2.00483,rice,Winter,cleaned,15,0.2510612719219085,0.0630317622590465,0.3667494778569721
IN.ADM2.00484,rice,Winter,full,15,0.24908548721783888,0.06204357994254817,0.3706583900205056
IN.ADM2.00484,rice,Winter,cleaned,15,0.24908548721783888,0.06204357994254817,0.3706583900205056
IN.ADM2.00485,rice,Winter,full,15,-0.0609723497557505,0.003717627434737568,0.8290985252169222
IN.ADM2.00485,rice,Winter,cleaned,15,-0.0609723497557505,0.003717627434737568,0.8290985252169222
IN.ADM2.00500,rice,Winter,full,13,0.25608368517072483,0.06557885381061891,0.3983872733253913
IN.ADM2.00500,rice,Winter,cleaned,13,0.25608368517072483,0.06557885381061891,0.3983872733253913
IN.ADM2.00503,rice,Winter,full,13,0.3879302131782619,0.1504898502965317,0.19026863680641665
IN.ADM2.00503,rice,Winter,cleaned,13,0.3879302131782619,0.1504898502965317,0.19026863680641665
IN.ADM2.00504,rice,Winter,full,14,0.2699927366199619,0.07289607782753613,0.35054379177753636
IN.ADM2.00504,rice,Winter,cleaned,14,0.2699927366199619,0.07289607782753613,0.35054379177753636
IN.ADM2.00505,rice,Winter,full,14,0.632636455532924,0.40022888486926134,0.015182045157819823
IN.ADM2.00505,rice,Winter,cleaned,14,0.632636455532924,0.40022888486926134,0.015182045157819823
IN.ADM2.00506,rice,Winter,full,14,0.4483597516546466,0.20102646690381637,0.10785086897999634
IN.ADM2.00506,rice,Winter,cleaned,14,0.4483597516546466,0.20102646690381637,0.10785086897999634
IN.ADM2.00507,rice,Winter,full,14,0.7977221218109907,0.6363605836266291,0.0006296529333129369
IN.ADM2.00507,rice,Winter,cleaned,14,0.7977221218109907,0.6363605836266291,0.0006296529333129369
IN.ADM2.00508,rice,Winter,full,14,0.6396623449057323,0.40916791549029996,0.013759744441033018
IN.ADM2.00508,rice,Winter,cleaned,14,0.6396623449057323,0.40916791549029996,0.013759744441033018
IN.ADM2.00509,rice,Winter,full,14,0.4891551172741147,0.2392727287554529,0.07587652086891346
IN.ADM2.00509,rice,Winter,cleaned,14,0.4891551172741147,0.2392727287554529,0.07587652086891346
IN.ADM2.00514,rice,Winter,full,17,0.1409761242819181,0.01987426761755082,0.5894088532097213
IN.ADM2.00514,rice,Winter,cleaned,17,0.1409761242819181,0.01987426761755082,0.5894088532097213
IN.ADM2.00515,rice,Winter,full,17,0.3962188106762936,0.1569893459337366,0.11538092350372135
IN.ADM2.00515,rice,Winter,cleaned,17,0.3962188106762936,0.1569893459337366,0.11538092350372135
IN.ADM2.00516,rice,Winter,full,14,0.4834024798324153,0.23367795750812867,0.07991772439106581
IN.ADM2.00516,rice,Winter,cleaned,14,0.4834024798324153,0.23367795750812867,0.07991772439106581
IN.ADM2.00517,rice,Winter,full,14,0.42443570651004237,0.18014566896067882,0.13037654765858897
IN.ADM2.00517,rice,Winter,cleaned,14,0.42443570651004237,0.18014566896067882,0.13037654765858897
IN.ADM2.00518,rice,Winter,full,14,-0.3086848114961004,0.09528631284838303,0.28290683729147004
IN.ADM2.00518,rice,Winter,cleaned,14,-0.3086848114961004,0.09528631284838303,0.28290683729147004
IN.ADM2.00521,rice,Winter,full,14,-0.3935668795772051,0.15489488870013826,0.1638444599383305
IN.ADM2.00521,rice,Winter,cleaned,14,-0.3935668795772051,0.15489488870013826,0.1638444599383305
IN.ADM2.00522,rice,Winter,full,14,0.12089826920045288,0.014616391495665173,0.6805588634707747
IN.ADM2.00522,rice,Winter,cleaned,14,0.12089826920045288,0.014616391495665173,0.6805588634707747
IN.ADM2.00523,rice,Winter,full,14,-0.0673521957413634,0.00453631827118293,0.8190464917532688
IN.ADM2.00523,rice,Winter,cleaned,14,-0.0673521957413634,0.00453631827118293,0.8190464917532688
IN.ADM2.00524,rice,Winter,full,14,0.39009214458822805,0.15217188126944303,0.16793210364662153
IN.ADM2.00524,rice,Winter,cleaned,14,0.39009214458822805,0.15217188126944303,0.16793210364662153
IN.ADM2.00525,rice,Winter,full,14,0.5348277482692083,0.28604072031871164,0.04877625481580433
IN.ADM2.00525,rice,Winter,cleaned,14,0.5348277482692083,0.28604072031871164,0.04877625481580433
IN.ADM2.00526,rice,Winter,full,14,0.5293907939124082,0.2802546126792098,0.051562606779589244
IN.ADM2.00526,rice,Winter,cleaned,14,0.5293907939124082,0.2802546126792098,0.051562606779589244
IN.ADM2.00527,rice,Winter,full,14,0.4227338573799415,0.17870391417532472,0.1320905392209176
IN.ADM2.00527,rice,Winter,cleaned,14,0.4227338573799415,0.17870391417532472,0.1320905392209176
IN.ADM2.00529,rice,Winter,full,14,0.15150838864140137,0.02295479182871392,0.6051279111464938
IN.ADM2.00529,rice,Winter,cleaned,14,0.15150838864140137,0.02295479182871392,0.6051279111464938
IN.ADM2.00530,rice,Winter,full,14,0.5487448105886756,0.3011208671480015,0.042144668335491485
IN.ADM2.00530,rice,Winter,cleaned,14,0.5487448105886756,0.3011208671480015,0.042144668335491485
IN.ADM2.00532,rice,Winter,full,14,0.3334389981846325,0.11118156551037137,0.2440113966706166
IN.ADM2.00532,rice,Winter,cleaned,14,0.3334389981846325,0.11118156551037137,0.2440113966706166
IN.ADM2.00537,rice,Winter,full,14,0.3030389254758874,0.09183259035358043,0.29225960140225876
IN.ADM2.00537,rice,Winter,cleaned,14,0.3030389254758874,0.09183259035358043,0.29225960140225876
IN.ADM2.00538,rice,Winter,full,14,-0.07214623270805604,0.005205078893964974,0.8063816216293986
IN.ADM2.00538,rice,Winter,cleaned,14,-0.07214623270805604,0.005205078893964974,0.8063816216293986
IN.ADM2.00540,rice,Winter,full,15,0.044253439076337,0.0019583668700830703,0.875560806843828
IN.ADM2.00540,rice,Winter,cleaned,15,0.044253439076337,0.0019583668700830703,0.875560806843828
IN.ADM2.00541,rice,Winter,full,15,0.3296423008475334,0.10866404650805571,0.23020098384273996
IN.ADM2.00541,rice,Winter,cleaned,15,0.3296423008475334,0.10866404650805571,0.23020098384273996
IN.ADM2.00542,rice,Winter,full,14,-0.2524764785036302,0.06374437219759405,0.38384209020690074
IN.ADM2.00542,rice,Winter,cleaned,14,-0.2524764785036302,0.06374437219759405,0.38384209020690074
IN.ADM2.00543,rice,Winter,full,14,0.470646610686715,0.22150823215089227,0.08941502368609897
IN.ADM2.00543,rice,Winter,cleaned,14,0.470646610686715,0.22150823215089227,0.08941502368609897
IN.ADM2.00546,rice,Winter,full,14,0.7725674482476441,0.5968604620918763,0.001199468938790892
IN.ADM2.00546,rice,Winter,cleaned,14,0.7725674482476441,0.5968604620918763,0.001199468938790892
IN.ADM2.00547,rice,Winter,full,14,0.628422076063083,0.3949143056834353,0.016087346045422907
IN.ADM2.00547,rice,Winter,cleaned,14,0.628422076063083,0.3949143056834353,0.016087346045422907
IN.ADM2.00548,rice,Winter,full,14,0.3717807136238217,0.13822089902263812,0.190567370908987
IN.ADM2.00548,rice,Winter,cleaned,14,0.3717807136238217,0.13822089902263812,0.190567370908987
IN.ADM2.00550,rice,Winter,full,14,0.2081153839743963,0.043312013046810406,0.47524391085471085
IN.ADM2.00550,rice,Winter,cleaned,14,0.2081153839743963,0.043312013046810406,0.47524391085471085
IN.ADM2.00003,wheat,Rabi,full,17,-0.3303871095505393,0.10915564215716005,0.19525172166573881
IN.ADM2.00003,wheat,Rabi,cleaned,16,0.06911718450666202,0.00477718519412796,0.7992285582427188
IN.ADM2.00027,wheat,Rabi,full,17,0.3070208772800867,0.09426181908583406,0.23065282848246435
IN.ADM2.00027,wheat,Rabi,cleaned,17,0.3070208772800867,0.09426181908583406,0.23065282848246435
IN.ADM2.00037,wheat,Rabi,full,17,0.09258911769175682,0.008572744714937994,0.7237607729067784
IN.ADM2.00037,wheat,Rabi,cleaned,17,0.09258911769175682,0.008572744714937994,0.7237607729067784
IN.ADM2.00039,wheat,Rabi,full,17,0.10473267378501794,0.010968932958158983,0.6891306011718742
IN.ADM2.00039,wheat,Rabi,cleaned,17,0.10473267378501794,0.010968932958158983,0.6891306011718742
IN.ADM2.00052,wheat,Rabi,full,17,0.20634993734360002,0.042580296641707656,0.4268431798035814
IN.ADM2.00052,wheat,Rabi,cleaned,16,0.101820178963292,0.010367348844116811,0.7074964284653178
IN.ADM2.00061,wheat,Rabi,full,17,0.3513922690704598,0.12347652676248641,0.16664858396292556
IN.ADM2.00061,wheat,Rabi,cleaned,17,0.3513922690704598,0.12347652676248641,0.16664858396292556
IN.ADM2.00065,wheat,Rabi,full,17,-0.24434508429475332,0.059704520219010106,0.3445784005356386
IN.ADM2.00065,wheat,Rabi,cleaned,16,-0.10253597808377887,0.010513626801597181,0.7055253755677702
IN.ADM2.00069,wheat,Rabi,full,17,0.41219606039812917,0.16990559220773815,0.10014887000936447
IN.ADM2.00069,wheat,Rabi,cleaned,17,0.41219606039812917,0.16990559220773815,0.10014887000936447
IN.ADM2.00072,wheat,Rabi,full,17,0.1749307508386866,0.03060076758898665,0.5018845364240717
IN.ADM2.00072,wheat,Rabi,cleaned,17,0.1749307508386866,0.03060076758898665,0.5018845364240717
IN.ADM2.00073,wheat,Rabi,full,15,0.4647425148405415,0.21598560510031095,0.08091235222678071
IN.ADM2.00073,wheat,Rabi,cleaned,15,0.4647425148405415,0.21598560510031095,0.08091235222678071
IN.ADM2.00075,wheat,Rabi,full,17,0.4001315013812875,0.16010521839764327,0.11150889187893002
IN.ADM2.00075,wheat,Rabi,cleaned,17,0.4001315013812875,0.16010521839764327,0.11150889187893002
IN.ADM2.00078,wheat,Rabi,full,17,0.05038652143433557,0.002538801542252758,0.8477063972218739
IN.ADM2.00078,wheat,Rabi,cleaned,17,0.05038652143433557,0.002538801542252758,0.8477063972218739
IN.ADM2.00081,wheat,Rabi,full,17,-0.31554094620920486,0.09956608873460032,0.21730239451988023
IN.ADM2.00081,wheat,Rabi,cleaned,17,-0.31554094620920486,0.09956608873460032,0.21730239451988023
IN.ADM2.00083,wheat,Rabi,full,17,0.171500989683321,0.029412589462358578,0.5104356007492781
IN.ADM2.00083,wheat,Rabi,cleaned,17,0.171500989683321,0.029412589462358578,0.5104356007492781
IN.ADM2.00084,wheat,Rabi,full,17,0.4466367240995214,0.199484363314352,0.07229153068022559
IN.ADM2.00084,wheat,Rabi,cleaned,17,0.4466367240995214,0.199484363314352,0.07229153068022559
IN.ADM2.00087,wheat,Rabi,full,17,0.17912473867615214,0.032085672005799794,0.4915213213624067
IN.ADM2.00087,wheat,Rabi,cleaned,17,0.17912473867615214,0.032085672005799794,0.4915213213624067
IN.ADM2.00090,wheat,Rabi,full,17,0.28634913094800063,0.08199582479467521,0.2651699933069813
IN.ADM2.00090,wheat,Rabi,cleaned,17,0.28634913094800063,0.08199582479467521,0.2651699933069813
IN.ADM2.00097,wheat,Rabi,full,17,0.05520680887129803,0.0030477917457520307,0.8333203798526496
IN.ADM2.00097,wheat,Rabi,cleaned,17,0.05520680887129803,0.0030477917457520307,0.8333203798526496
IN.ADM2.00098,wheat,Rabi,full,17,0.15035397196618527,0.022606316886008428,0.5646176383574546
IN.ADM2.00098,wheat,Rabi,cleaned,17,0.15035397196618527,0.022606316886008428,0.5646176383574546
IN.ADM2.00100,wheat,Rabi,full,17,0.235592490373144,0.05550382152021995,0.3626691880001777
IN.ADM2.00100,wheat,Rabi,cleaned,17,0.235592490373144,0.05550382152021995,0.3626691880001777
IN.ADM2.00101,wheat,Rabi,full,17,0.18421799129624244,0.033936268317222455,0.4790760879004599
IN.ADM2.00101,wheat,Rabi,cleaned,17,0.18421799129624244,0.033936268317222455,0.4790760879004599
IN.ADM2.00102,wheat,Rabi,full,17,-0.4673030801797719,0.21837216874550233,0.05858137484214735
IN.ADM2.00109,wheat,Rabi,full,17,0.7081494924511366,0.5014757036588023,0.0014670950876083354
IN.ADM2.00109,wheat,Rabi,cleaned,17,0.7081494924511366,0.5014757036588023,0.0014670950876083354
IN.ADM2.00110,wheat,Rabi,full,17,0.5170155568033101,0.2673050859766368,0.033568189298831375
IN.ADM2.00110,wheat,Rabi,cleaned,16,0.6585865388663033,0.43373622917589677,0.0055342983744175915
IN.ADM2.00111,wheat,Rabi,full,17,-0.3252467510713795,0.10578544908248791,0.20271304678042265
IN.ADM2.00111,wheat,Rabi,cleaned,17,-0.3252467510713795,0.10578544908248791,0.20271304678042265
IN.ADM2.00112,wheat,Rabi,full,17,-0.09084346941229186,0.008252535934862007,0.7287826077274366
IN.ADM2.00112,wheat,Rabi,cleaned,17,-0.09084346941229186,0.008252535934862007,0.7287826077274366
IN.ADM2.00113,wheat,Rabi,full,17,0.1637283969765379,0.026806987976506786,0.5300630761205067
IN.ADM2.00113,wheat,Rabi,cleaned,17,0.1637283969765379,0.026806987976506786,0.5300630761205067
IN.ADM2.00114,wheat,Rabi,full,17,0.47754488601619943,0.2280491181602249,0.05255210856507116
IN.ADM2.00114,wheat,Rabi,cleaned,17,0.47754488601619943,0.2280491181602249,0.05255210856507116
IN.ADM2.00115,wheat,Rabi,full,17,0.7018696690062959,0.49262103227100734,0.0016863039041209082
IN.ADM2.00115,wheat,Rabi,cleaned,17,0.7018696690062959,0.49262103227100734,0.0016863039041209082
IN.ADM2.00116,wheat,Rabi,full,17,0.2771371728016366,0.07680501254848417,0.28152417049846007
IN.ADM2.00116,wheat,Rabi,cleaned,17,0.2771371728016366,0.07680501254848417,0.28152417049846007
IN.ADM2.00117,wheat,Rabi,full,17,-0.02606381125386681,0.0006793222570771941,0.9209045086325566
IN.ADM2.00117,wheat,Rabi,cleaned,17,-0.02606381125386681,0.0006793222570771941,0.9209045086325566
IN.ADM2.00120,wheat,Rabi,full,17,0.5970856325343225,0.3565112525789119,0.011385197950671637
IN.ADM2.00120,wheat,Rabi,cleaned,17,0.5970856325343225,0.3565112525789119,0.011385197950671637
IN.ADM2.00121,wheat,Rabi,full,17,0.7336707015361821,0.5382726982925936,0.0008019988594967507
IN.ADM2.00121,wheat,Rabi,cleaned,17,0.7336707015361821,0.5382726982925936,0.0008019988594967507
IN.ADM2.00129,wheat,Rabi,full,17,0.23898742956863225,0.05711499149182196,0.35558997491163824
IN.ADM2.00129,wheat,Rabi,cleaned,16,0.3538986851770667,0.12524427937005655,0.17869762186761085
IN.ADM2.00130,wheat,Rabi,full,17,0.14511381706522053,0.02105801990323829,0.5784150837132724
IN.ADM2.00130,wheat,Rabi,cleaned,17,0.14511381706522053,0.02105801990323829,0.5784150837132724
IN.ADM2.00132,wheat,Rabi,full,17,0.2952493452489466,0.08717217586993166,0.24993876650035324
IN.ADM2.00132,wheat,Rabi,cleaned,17,0.2952493452489466,0.08717217586993166,0.24993876650035324
IN.ADM2.00133,wheat,Rabi,full,17,0.05019627384500422,0.0025196659079226545,0.8482751494471
IN.ADM2.00133,wheat,Rabi,cleaned,16,0.1903882098774534,0.03624767046034124,0.4800146087021394
IN.ADM2.00134,wheat,Rabi,full,17,0.06560676446794302,0.0043042475439521504,0.802457235926106
IN.ADM2.00134,wheat,Rabi,cleaned,16,-0.08193626064433507,0.006713550808376411,0.7629063972937355
IN.ADM2.00137,wheat,Rabi,full,17,0.2556099390476871,0.06533644093996231,0.3220714303331046
IN.ADM2.00137,wheat,Rabi,cleaned,17,0.2556099390476871,0.06533644093996231,0.3220714303331046
IN.ADM2.00140,wheat,Rabi,full,17,-0.12843247705442068,0.016494901162334295,0.6232506708222427
IN.ADM2.00140,wheat,Rabi,cleaned,17,-0.12843247705442068,0.016494901162334295,0.6232506708222427
IN.ADM2.00141,wheat,Rabi,full,17,0.38964492128341777,0.15182316468196083,0.12209791529113521
IN.ADM2.00141,wheat,Rabi,cleaned,17,0.38964492128341777,0.15182316468196083,0.12209791529113521
IN.ADM2.00142,wheat,Rabi,full,17,-0.11314601443099838,0.012802020581619694,0.6654711577949934
IN.ADM2.00142,wheat,Rabi,cleaned,17,-0.11314601443099838,0.012802020581619694,0.6654711577949934
IN.ADM2.00143,wheat,Rabi,full,17,-0.15691733144069858,0.024623048906470053,0.5475394990852355
IN.ADM2.00143,wheat,Rabi,cleaned,17,-0.15691733144069858,0.024623048906470053,0.5475394990852355
IN.ADM2.00144,wheat,Rabi,full,17,0.3634487514327239,0.13209499491800594,0.15157676806584186
IN.ADM2.00144,wheat,Rabi,cleaned,17,0.3634487514327239,0.13209499491800594,0.15157676806584186
IN.ADM2.00145,wheat,Rabi,full,17,0.19736940265011896,0.038954681102464785,0.4476693330924057
IN.ADM2.00145,wheat,Rabi,cleaned,17,0.19736940265011896,0.038954681102464785,0.4476693330924057
IN.ADM2.00147,wheat,Rabi,full,17,0.46487913949873316,0.21611261434108262,0.06008058020700026
IN.ADM2.00147,wheat,Rabi,cleaned,17,0.46487913949873316,0.21611261434108262,0.06008058020700026
IN.ADM2.00149,wheat,Rabi,full,17,0.11640898903236412,0.01355105272753707,0.6563735238013658
IN.ADM2.00149,wheat,Rabi,cleaned,17,0.11640898903236412,0.01355105272753707,0.6563735238013658
IN.ADM2.00151,wheat,Rabi,full,17,0.2850421613245578,0.08124903373257522,0.2674537920273522
IN.ADM2.00151,wheat,Rabi,cleaned,17,0.2850421613245578,0.08124903373257522,0.2674537920273522
IN.ADM2.00152,wheat,Rabi,full,17,-0.024953149179331197,0.0006226596539659571,0.9242657292462851
IN.ADM2.00152,wheat,Rabi,cleaned,17,-0.024953149179331197,0.0006226596539659571,0.9242657292462851
IN.ADM2.00153,wheat,Rabi,full,17,0.34580370193701726,0.11958020027334547,0.1739652468141193
IN.ADM2.00153,wheat,Rabi,cleaned,17,0.34580370193701726,0.11958020027334547,0.1739652468141193
IN.ADM2.00156,wheat,Rabi,full,9,-0.09926071634113634,0.009852689808555531,0.7994406555749823
IN.ADM2.00156,wheat,Rabi,cleaned,9,-0.09926071634113634,0.009852689808555531,0.7994406555749823
IN.ADM2.00159,wheat,Rabi,full,16,-0.2202384217934213,0.04850496243405695,0.4124273172338754
IN.ADM2.00159,wheat,Rabi,cleaned,16,-0.2202384217934213,0.04850496243405695,0.4124273172338754
IN.ADM2.00160,wheat,Rabi,full,15,0.29937256498601783,0.08962393266630747,0.27837203743082234
IN.ADM2.00160,wheat,Rabi,cleaned,15,0.29937256498601783,0.08962393266630747,0.27837203743082234
IN.ADM2.00166,wheat,Rabi,full,15,0.45462970654694235,0.2066881700749589,0.08864729560086042
IN.ADM2.00166,wheat,Rabi,cleaned,15,0.45462970654694235,0.2066881700749589,0.08864729560086042
IN.ADM2.00167,wheat,Rabi,full,15,0.8039861077985421,0.6463936615330489,0.00030339786551355206
IN.ADM2.00167,wheat,Rabi,cleaned,15,0.8039861077985421,0.6463936615330489,0.00030339786551355206
IN.ADM2.00168,wheat,Rabi,full,10,-0.3908237798797278,0.15274322691947792,0.26412499967493674
IN.ADM2.00168,wheat,Rabi,cleaned,10,-0.3908237798797278,0.15274322691947792,0.26412499967493674
IN.ADM2.00169,wheat,Rabi,full,15,0.8078179443832193,0.65256983126753,0.00026951038360979463
IN.ADM2.00169,wheat,Rabi,cleaned,15,0.8078179443832193,0.65256983126753,0.00026951038360979463
IN.ADM2.00172,wheat,Rabi,full,17,0.6532512393423598,0.4267371817023291,0.004461945167050318
IN.ADM2.00172,wheat,Rabi,cleaned,17,0.6532512393423598,0.4267371817023291,0.004461945167050318
IN.ADM2.00173,wheat,Rabi,full,17,0.012378237341312048,0.00015322075967785196,0.9623931095582425
IN.ADM2.00173,wheat,Rabi,cleaned,17,0.012378237341312048,0.00015322075967785196,0.9623931095582425
IN.ADM2.00186,wheat,Rabi,full,17,0.2963218098618738,0.08780661499981648,0.24814120755175298
IN.ADM2.00186,wheat,Rabi,cleaned,16,0.35617914319767674,0.12686358204903112,0.17571780409576485
IN.ADM2.00207,wheat,Rabi,full,16,-0.025821641988649086,0.0006667571949899655,0.9243758883299661
IN.ADM2.00207,wheat,Rabi,cleaned,16,-0.025821641988649086,0.0006667571949899655,0.9243758883299661
IN.ADM2.00208,wheat,Rabi,full,16,0.24555415272637832,0.060296841921169526,0.35930624072710704
IN.ADM2.00208,wheat,Rabi,cleaned,16,0.24555415272637832,0.060296841921169526,0.35930624072710704
IN.ADM2.00209,wheat,Rabi,full,16,-0.06983038032076633,0.004876282015742869,0.7971968722141274
IN.ADM2.00209,wheat,Rabi,cleaned,16,-0.06983038032076633,0.004876282015742869,0.7971968722141274
IN.ADM2.00210,wheat,Rabi,full,17,0.05357215342049442,0.0028699756221089922,0.8381935910705285
IN.ADM2.00210,wheat,Rabi,cleaned,17,0.05357215342049442,0.0028699756221089922,0.8381935910705285
IN.ADM2.00211,wheat,Rabi,full,16,0.5550981647231621,0.3081339724790228,0.025613462051334697
IN.ADM2.00211,wheat,Rabi,cleaned,16,0.5550981647231621,0.3081339724790228,0.025613462051334697
IN.ADM2.00212,wheat,Rabi,full,16,-0.3172617153677041,0.10065499603805808,0.23117092106106957
IN.ADM2.00212,wheat,Rabi,cleaned,16,-0.3172617153677041,0.10065499603805808,0.23117092106106957
IN.ADM2.00213,wheat,Rabi,full,16,0.48445941396779507,0.23470092378201943,0.05720794149656853
IN.ADM2.00213,wheat,Rabi,cleaned,16,0.48445941396779507,0.23470092378201943,0.05720794149656853
IN.ADM2.00214,wheat,Rabi,full,16,0.11343818223081578,0.01286822118783177,0.6757277472423392
IN.ADM2.00214,wheat,Rabi,cleaned,16,0.11343818223081578,0.01286822118783177,0.6757277472423392
IN.ADM2.00215,wheat,Rabi,full,16,-0.08280813040355861,0.006857186460932768,0.76045188062531
IN.ADM2.00215,wheat,Rabi,cleaned,16,-0.08280813040355861,0.006857186460932768,0.76045188062531
IN.ADM2.00216,wheat,Rabi,full,16,0.3272502533327293,0.1070927283063355,0.21599872185812174
IN.ADM2.00216,wheat,Rabi,cleaned,16,0.3272502533327293,0.1070927283063355,0.21599872185812174
IN.ADM2.00218,wheat,Rabi,full,16,0.40151172071438396,0.16121166187102545,0.12319973375904478
IN.ADM2.00218,wheat,Rabi,cleaned,16,0.40151172071438396,0.16121166187102545,0.12319973375904478
IN.ADM2.00219,wheat,Rabi,full,16,0.2913530166594065,0.0848865803165364,0.2735828832941856
IN.ADM2.00219,wheat,Rabi,cleaned,16,0.2913530166594065,0.0848865803165364,0.2735828832941856
IN.ADM2.00220,wheat,Rabi,full,16,0.436797454002961,0.19079201582346883,0.09070845941183908
IN.ADM2.00220,wheat,Rabi,cleaned,16,0.436797454002961,0.19079201582346883,0.09070845941183908
IN.ADM2.00221,wheat,Rabi,full,16,0.21841611467338562,0.047705599149017536,0.41640300574294953
IN.ADM2.00221,wheat,Rabi,cleaned,16,0.21841611467338562,0.047705599149017536,0.41640300574294953
IN.ADM2.00222,wheat,Rabi,full,16,0.07014655755779858,0.004920539537209549,0.7962965653958047
IN.ADM2.00222,wheat,Rabi,cleaned,16,0.07014655755779858,0.004920539537209549,0.7962965653958047
IN.ADM2.00223,wheat,Rabi,full,16,0.23343155773268665,0.05449029214550862,0.3842476893565646
IN.ADM2.00223,wheat,Rabi,cleaned,16,0.23343155773268665,0.05449029214550862,0.3842476893565646
IN.ADM2.00226,wheat,Rabi,full,16,0.4544401669784768,0.20651586536342587,0.0769958850490864
IN.ADM2.00226,wheat,Rabi,cleaned,16,0.4544401669784768,0.20651586536342587,0.0769958850490864
IN.ADM2.00227,wheat,Rabi,full,16,0.05532137831811473,0.0030604548990159747,0.8387520641884192
IN.ADM2.00227,wheat,Rabi,cleaned,16,0.05532137831811473,0.0030604548990159747,0.8387520641884192
IN.ADM2.00229,wheat,Rabi,full,16,0.6804372856933255,0.4629948997617003,0.0037207457656919614
IN.ADM2.00229,wheat,Rabi,cleaned,16,0.6804372856933255,0.4629948997617003,0.0037207457656919614
IN.ADM2.00230,wheat,Rabi,full,17,-0.14187051337288717,0.020127242564686558,0.5870251783251956
IN.ADM2.00230,wheat,Rabi,cleaned,17,-0.14187051337288717,0.020127242564686558,0.5870251783251956
IN.ADM2.00232,wheat,Rabi,full,16,-0.08541090645403962,0.007295022941300707,0.7531372732367405
IN.ADM2.00232,wheat,Rabi,cleaned,16,-0.08541090645403962,0.007295022941300707,0.7531372732367405
IN.ADM2.00233,wheat,Rabi,full,16,0.3724774802832628,0.1387394733181684,0.1553781056897488
IN.ADM2.00233,wheat,Rabi,cleaned,16,0.3724774802832628,0.1387394733181684,0.1553781056897488
IN.ADM2.00235,wheat,Rabi,full,16,-0.044281791190646465,0.001960877031052015,0.8706462479169197
IN.ADM2.00235,wheat,Rabi,cleaned,16,-0.044281791190646465,0.001960877031052015,0.8706462479169197
IN.ADM2.00236,wheat,Rabi,full,16,0.5321855653834527,0.28322147600250525,0.03383514017994709
IN.ADM2.00236,wheat,Rabi,cleaned,16,0.5321855653834527,0.28322147600250525,0.03383514017994709
IN.ADM2.00237,wheat,Rabi,full,16,-0.07470045046425257,0.005580157299562251,0.7833566851972908
IN.ADM2.00237,wheat,Rabi,cleaned,16,-0.07470045046425257,0.005580157299562251,0.7833566851972908
IN.ADM2.00238,wheat,Rabi,full,16,0.5503653573862891,0.30290202661093774,0.02717080758940947
IN.ADM2.00238,wheat,Rabi,cleaned,16,0.5503653573862891,0.30290202661093774,0.02717080758940947
IN.ADM2.00239,wheat,Rabi,full,16,-0.1137886338727689,0.01294785319863105,0.6747770784733983
IN.ADM2.00239,wheat,Rabi,cleaned,16,-0.1137886338727689,0.01294785319863105,0.6747770784733983
IN.ADM2.00240,wheat,Rabi,full,16,0.039595557296170286,0.0015678081575943039,0.8842446365494152
IN.ADM2.00240,wheat,Rabi,cleaned,16,0.039595557296170286,0.0015678081575943039,0.8842446365494152
IN.ADM2.00242,wheat,Rabi,full,16,-0.25756281096126654,0.06633860159026912,0.3355163127267582
IN.ADM2.00242,wheat,Rabi,cleaned,16,-0.25756281096126654,0.06633860159026912,0.3355163127267582
IN.ADM2.00243,wheat,Rabi,full,16,0.7048069781115658,0.4967528763947572,0.002296667255150887
IN.ADM2.00243,wheat,Rabi,cleaned,16,0.7048069781115658,0.4967528763947572,0.002296667255150887
IN.ADM2.00245,wheat,Rabi,full,17,-0.023206389586565804,0.0005385365176434698,0.929554416751999
IN.ADM2.00245,wheat,Rabi,cleaned,17,-0.023206389586565804,0.0005385365176434698,0.929554416751999
IN.ADM2.00246,wheat,Rabi,full,16,0.5378844891482017,0.28931972366622194,0.031625563212042865
IN.ADM2.00246,wheat,Rabi,cleaned,16,0.5378844891482017,0.28931972366622194,0.031625563212042865
IN.ADM2.00247,wheat,Rabi,full,16,0.2504470191518049,0.06272370940202453,0.34950207655644394
IN.ADM2.00247,wheat,Rabi,cleaned,16,0.2504470191518049,0.06272370940202453,0.34950207655644394
IN.ADM2.00248,wheat,Rabi,full,16,-0.10880918709717492,0.011839439196748017,0.688327453319022
IN.ADM2.00248,wheat,Rabi,cleaned,16,-0.10880918709717492,0.011839439196748017,0.688327453319022
IN.ADM2.00249,wheat,Rabi,full,16,0.324587276522707,0.10535690008042828,0.21997977533656288
IN.ADM2.00249,wheat,Rabi,cleaned,16,0.324587276522707,0.10535690008042828,0.21997977533656288
IN.ADM2.00251,wheat,Rabi,full,17,0.2504848434886088,0.06274265681751283,0.33220229840097887
IN.ADM2.00251,wheat,Rabi,cleaned,17,0.2504848434886088,0.06274265681751283,0.33220229840097887
IN.ADM2.00252,wheat,Rabi,full,17,-0.009334610586812023,8.713495480742309e-05,0.9716360310826291
IN.ADM2.00252,wheat,Rabi,cleaned,17,-0.009334610586812023,8.713495480742309e-05,0.9716360310826291
IN.ADM2.00253,wheat,Rabi,full,17,0.5919965325133701,0.3504598945078537,0.012293494617445477
IN.ADM2.00253,wheat,Rabi,cleaned,17,0.5919965325133701,0.3504598945078537,0.012293494617445477
IN.ADM2.00254,wheat,Rabi,full,17,0.343054417588904,0.11768633342726212,0.17764228141723418
IN.ADM2.00254,wheat,Rabi,cleaned,17,0.343054417588904,0.11768633342726212,0.17764228141723418
IN.ADM2.00255,wheat,Rabi,full,17,0.7051260553320895,0.49720275390819296,0.0015695051425107505
IN.ADM2.00255,wheat,Rabi,cleaned,17,0.7051260553320895,0.49720275390819296,0.0015695051425107505
IN.ADM2.00256,wheat,Rabi,full,17,0.33059232869595134,0.10929128779261194,0.19495764017664538
IN.ADM2.00256,wheat,Rabi,cleaned,17,0.33059232869595134,0.10929128779261194,0.19495764017664538
IN.ADM2.00257,wheat,Rabi,full,17,0.30053986670390065,0.09032421147839836,0.24115009830320538
IN.ADM2.00257,wheat,Rabi,cleaned,17,0.30053986670390065,0.09032421147839836,0.24115009830320538
IN.ADM2.00258,wheat,Rabi,full,17,0.356787931750235,0.12729762824261034,0.15978376851156836
IN.ADM2.00258,wheat,Rabi,cleaned,17,0.356787931750235,0.12729762824261034,0.15978376851156836
IN.ADM2.00260,wheat,Rabi,full,17,0.37755032225075447,0.14254424583164854,0.13516149537071198
IN.ADM2.00260,wheat,Rabi,cleaned,17,0.37755032225075447,0.14254424583164854,0.13516149537071198
IN.ADM2.00261,wheat,Rabi,full,17,0.49805869611428466,0.24806246477506136,0.04188601049271024
IN.ADM2.00261,wheat,Rabi,cleaned,17,0.49805869611428466,0.24806246477506136,0.04188601049271024
IN.ADM2.00263,wheat,Rabi,full,17,0.6001024968692883,0.3601230067487542,0.010872432647500837
IN.ADM2.00263,wheat,Rabi,cleaned,17,0.6001024968692883,0.3601230067487542,0.010872432647500837
IN.ADM2.00266,wheat,Rabi,full,17,0.43082986254733086,0.185614370462552,0.08426413697579072
IN.ADM2.00266,wheat,Rabi,cleaned,17,0.43082986254733086,0.185614370462552,0.08426413697579072
IN.ADM2.00267,wheat,Rabi,full,17,0.6118335229905507,0.3743402598550288,0.00905018040719789
IN.ADM2.00267,wheat,Rabi,cleaned,17,0.6118335229905507,0.3743402598550288,0.00905018040719789
IN.ADM2.00270,wheat,Rabi,full,17,0.534695030517828,0.28589877566046096,0.02700967806829252
IN.ADM2.00270,wheat,Rabi,cleaned,17,0.534695030517828,0.28589877566046096,0.02700967806829252
IN.ADM2.00279,wheat,Rabi,full,17,0.16187945848718083,0.0262049590801029,0.5347820061426612
IN.ADM2.00279,wheat,Rabi,cleaned,17,0.16187945848718083,0.0262049590801029,0.5347820061426612
IN.ADM2.00280,wheat,Rabi,full,17,0.1262051903472034,0.015927750070573843,0.6293375308684943
IN.ADM2.00280,wheat,Rabi,cleaned,17,0.1262051903472034,0.015927750070573843,0.6293375308684943
IN.ADM2.00297,wheat,Rabi,full,17,0.03534223571062342,0.0012490736250252653,0.892879573796934
IN.ADM2.00297,wheat,Rabi,cleaned,17,0.03534223571062342,0.0012490736250252653,0.892879573796934
IN.ADM2.00301,wheat,Rabi,full,17,0.05087258672532656,0.002588020080125872,0.8462536102825245
IN.ADM2.00301,wheat,Rabi,cleaned,17,0.05087258672532656,0.002588020080125872,0.8462536102825245
IN.ADM2.00302,wheat,Rabi,full,17,-0.02263410448968739,0.0005123026860500868,0.9312877488120986
IN.ADM2.00302,wheat,Rabi,cleaned,16,-0.09936284337555558,0.00987297464367519,0.714276238144532
IN.ADM2.00321,wheat,Rabi,full,17,0.04201592717524025,0.0017653381363950918,0.8727940970520105
IN.ADM2.00321,wheat,Rabi,cleaned,17,0.04201592717524025,0.0017653381363950918,0.8727940970520105
IN.ADM2.00324,wheat,Rabi,full,17,0.15491492161380924,0.02399863293861266,0.5527254997313638
IN.ADM2.00324,wheat,Rabi,cleaned,17,0.15491492161380924,0.02399863293861266,0.5527254997313638
IN.ADM2.00325,wheat,Rabi,full,17,0.02978316469085225,0.0008870368990024283,0.9096580689195003
IN.ADM2.00325,wheat,Rabi,cleaned,16,0.12588572649869076,0.01584721613610317,0.6422521575997149
IN.ADM2.00328,wheat,Rabi,full,17,-0.05090528604871716,0.0025913481477017183,0.8461558929480408
IN.ADM2.00328,wheat,Rabi,cleaned,17,-0.05090528604871716,0.0025913481477017183,0.8461558929480408
IN.ADM2.00329,wheat,Rabi,full,17,0.15580234244292063,0.024274369910701105,0.550424525195414
IN.ADM2.00329,wheat,Rabi,cleaned,17,0.15580234244292063,0.024274369910701105,0.550424525195414
IN.ADM2.00332,wheat,Rabi,full,17,0.12610796677244063,0.01590321928347899,0.6296037473637359
IN.ADM2.00332,wheat,Rabi,cleaned,17,0.12610796677244063,0.01590321928347899,0.6296037473637359
IN.ADM2.00333,wheat,Rabi,full,17,0.09866487776276758,0.009734758103941869,0.706366248136547
IN.ADM2.00333,wheat,Rabi,cleaned,17,0.09866487776276758,0.009734758103941869,0.706366248136547
IN.ADM2.00334,wheat,Rabi,full,17,0.35782422634923666,0.12803817696242975,0.15848757720268572
IN.ADM2.00334,wheat,Rabi,cleaned,17,0.35782422634923666,0.12803817696242975,0.15848757720268572
IN.ADM2.00335,wheat,Rabi,full,17,0.7028254874745422,0.4939636658438279,0.001651304786656834
IN.ADM2.00335,wheat,Rabi,cleaned,17,0.7028254874745422,0.4939636658438279,0.001651304786656834
IN.ADM2.00337,wheat,Rabi,full,17,0.4220805817724359,0.17815201750935794,0.09147724637783515
IN.ADM2.00337,wheat,Rabi,cleaned,17,0.4220805817724359,0.17815201750935794,0.09147724637783515
IN.ADM2.00338,wheat,Rabi,full,17,0.21326707781920898,0.04548284648154454,0.411154299022166
IN.ADM2.00338,wheat,Rabi,cleaned,17,0.21326707781920898,0.04548284648154454,0.411154299022166
IN.ADM2.00339,wheat,Rabi,full,17,0.5823295181902646,0.33910766775570567,0.014176304854130892
IN.ADM2.00339,wheat,Rabi,cleaned,17,0.5823295181902646,0.33910766775570567,0.014176304854130892
IN.ADM2.00340,wheat,Rabi,full,17,0.08036298291835449,0.006458209023535735,0.7591458452811817
IN.ADM2.00340,wheat,Rabi,cleaned,16,0.5248076645347063,0.2754230847543728,0.036867153646824004
IN.ADM2.00342,wheat,Rabi,full,17,0.13155658666060172,0.01730713549378841,0.6147517015624666
IN.ADM2.00342,wheat,Rabi,cleaned,17,0.13155658666060172,0.01730713549378841,0.6147517015624666
IN.ADM2.00343,wheat,Rabi,full,17,0.289837351377653,0.08400569025361308,0.25913378241211027
IN.ADM2.00343,wheat,Rabi,cleaned,17,0.289837351377653,0.08400569025361308,0.25913378241211027
IN.ADM2.00349,wheat,Rabi,full,17,0.46549816168075825,0.21668853852816536,0.059695038580324954
IN.ADM2.00349,wheat,Rabi,cleaned,17,0.46549816168075825,0.21668853852816536,0.059695038580324954
IN.ADM2.00350,wheat,Rabi,full,17,-0.12410844706619319,0.015402906633182075,0.6350883328804258
IN.ADM2.00350,wheat,Rabi,cleaned,17,-0.12410844706619319,0.015402906633182075,0.6350883328804258
IN.ADM2.00388,wheat,Rabi,full,17,-0.1294887681896974,0.01676734108728519,0.6203719868438311
IN.ADM2.00388,wheat,Rabi,cleaned,16,0.060599498642483374,0.0036722992357203442,0.8235829502185781
IN.ADM2.00390,wheat,Rabi,full,17,0.17487068340047762,0.03057975591295008,0.5020337092967941
IN.ADM2.00390,wheat,Rabi,cleaned,17,0.17487068340047762,0.03057975591295008,0.5020337092967941
IN.ADM2.00391,wheat,Rabi,full,17,0.24474115100549604,0.059898230995495017,0.3437721895623207
IN.ADM2.00391,wheat,Rabi,cleaned,17,0.24474115100549604,0.059898230995495017,0.3437721895623207
IN.ADM2.00392,wheat,Rabi,full,17,-0.0597116591580803,0.0035654822394107547,0.8199207414006113
IN.ADM2.00392,wheat,Rabi,cleaned,16,0.02290030684634372,0.000524424053656697,0.9329125495282058
IN.ADM2.00393,wheat,Rabi,full,17,0.1612318620680739,0.02599571334593841,0.5364393012856774
IN.ADM2.00393,wheat,Rabi,cleaned,17,0.1612318620680739,0.02599571334593841,0.5364393012856774
IN.ADM2.00394,wheat,Rabi,full,17,-0.018738027217307884,0.00035111366399657106,0.9430955373873676
IN.ADM2.00394,wheat,Rabi,cleaned,17,-0.018738027217307884,0.00035111366399657106,0.9430955373873676
IN.ADM2.00395,wheat,Rabi,full,17,0.5520022815309498,0.3047065188153739,0.02159392911965719
IN.ADM2.00395,wheat,Rabi,cleaned,17,0.5520022815309498,0.3047065188153739,0.02159392911965719
IN.ADM2.00396,wheat,Rabi,full,17,0.08325258084003032,0.006930992216525783,0.7507390112004437
IN.ADM2.00396,wheat,Rabi,cleaned,16,0.38464602451742674,0.14795256417706085,0.14127013739419383
IN.ADM2.00397,wheat,Rabi,full,17,-0.34223032496689987,0.11712159532694989,0.17875447979285905
IN.ADM2.00397,wheat,Rabi,cleaned,16,-0.2662798395967866,0.0709049529756904,0.3188273708047198
IN.ADM2.00398,wheat,Rabi,full,17,0.24577962241631274,0.06040762279510526,0.34166346520678437
IN.ADM2.00398,wheat,Rabi,cleaned,17,0.24577962241631274,0.06040762279510526,0.34166346520678437
IN.ADM2.00400,wheat,Rabi,full,17,-0.12543759806528662,0.015734591008388397,0.6314405156396606
IN.ADM2.00400,wheat,Rabi,cleaned,16,0.19694394658119,0.038786918094974615,0.4647298827198653
IN.ADM2.00401,wheat,Rabi,full,17,-0.16944209161664875,0.028710622411424788,0.5156013807625344
IN.ADM2.00401,wheat,Rabi,cleaned,16,0.11411783336618839,0.01302287989219314,0.6738844800118766
IN.ADM2.00402,wheat,Rabi,full,17,0.12724365371907118,0.016190947411778896,0.6264967194686617
IN.ADM2.00402,wheat,Rabi,cleaned,17,0.12724365371907118,0.016190947411778896,0.6264967194686617
IN.ADM2.00403,wheat,Rabi,full,17,0.2757640609901378,0.07604581733377243,0.2840131877762337
IN.ADM2.00403,wheat,Rabi,cleaned,17,0.2757640609901378,0.07604581733377243,0.2840131877762337
IN.ADM2.00405,wheat,Rabi,full,17,-0.052234898037788,0.0027284845730181084,0.842184344797328
IN.ADM2.00405,wheat,Rabi,cleaned,16,0.18448861980647896,0.03403605083809954,0.4939743226431567
IN.ADM2.00406,wheat,Rabi,full,17,0.18025763978006962,0.032492816699081335,0.488739740344692
IN.ADM2.00406,wheat,Rabi,cleaned,16,0.4165627918977721,0.1735245595936666,0.10848413733821534
IN.ADM2.00409,wheat,Rabi,full,17,0.22059818067913725,0.04866355731894528,0.3948672332381663
IN.ADM2.00409,wheat,Rabi,cleaned,16,0.5561236749198519,0.30927354180636113,0.02528522872528788
IN.ADM2.00410,wheat,Rabi,full,17,-0.10801331945181712,0.011666877179000295,0.679871135999481
IN.ADM2.00410,wheat,Rabi,cleaned,16,0.19938872349479847,0.0397558630568852,0.45909217953104153
IN.ADM2.00412,wheat,Rabi,full,17,-0.05765894396392918,0.003324553819035525,0.8260209084369885
IN.ADM2.00412,wheat,Rabi,cleaned,16,-0.019625824844645617,0.00038517300083270917,0.9424892804230384
IN.ADM2.00413,wheat,Rabi,full,17,0.16528243166843373,0.027318282218230468,0.5261115343672103
IN.ADM2.00413,wheat,Rabi,cleaned,17,0.16528243166843373,0.027318282218230468,0.5261115343672103
IN.ADM2.00414,wheat,Rabi,full,17,0.1569009836674715,0.024617918675820156,0.5475817503766837
IN.ADM2.00414,wheat,Rabi,cleaned,16,0.09252523279791404,0.008560918704308187,0.7332455947857985
IN.ADM2.00416,wheat,Rabi,full,17,-0.029214175870602987,0.0008534680717985218,0.9113775561380077
IN.ADM2.00416,wheat,Rabi,cleaned,16,0.18906448369900863,0.0357453789963727,0.48313009659140715
IN.ADM2.00417,wheat,Rabi,full,17,-0.26722505412348607,0.07140922955130007,0.29978985725463336
IN.ADM2.00417,wheat,Rabi,cleaned,16,-0.3325171179579173,0.11056763373503947,0.20826137398745054
IN.ADM2.00418,wheat,Rabi,full,17,0.24361296564185236,0.05934727702881834,0.3460715011696938
IN.ADM2.00418,wheat,Rabi,cleaned,16,0.4378443480000977,0.19170767307563066,0.08984935562613533
IN.ADM2.00419,wheat,Rabi,full,17,0.21326640440130396,0.04548255924626052,0.41115581130199896
IN.ADM2.00419,wheat,Rabi,cleaned,16,0.34881697607771367,0.12167328280000027,0.1854572225463766
IN.ADM2.00420,wheat,Rabi,full,17,0.10762569255462288,0.011583289697862207,0.6809629732634508
IN.ADM2.00420,wheat,Rabi,cleaned,16,0.2778042247379189,0.07717518728223614,0.2975208037475941
IN.ADM2.00421,wheat,Rabi,full,14,0.09101955937434,0.008284560188699006,0.756975679282225
IN.ADM2.00421,wheat,Rabi,cleaned,13,0.1987986977636737,0.039520922232532486,0.51497884919846
IN.ADM2.00422,wheat,Rabi,full,17,0.3043029581113116,0.09260029031529465,0.23501899981966784
IN.ADM2.00422,wheat,Rabi,cleaned,16,0.4280292769497668,0.18320906192614014,0.09813513620630998
IN.ADM2.00423,wheat,Rabi,full,17,-0.11052697199743138,0.01221621153892098,0.6728055466551998
IN.ADM2.00423,wheat,Rabi,cleaned,16,0.11885706567056831,0.014127002059817787,0.661080101012071
IN.ADM2.00424,wheat,Rabi,full,17,0.5557866013188466,0.3088987462055545,0.020531392583893103
IN.ADM2.00424,wheat,Rabi,cleaned,17,0.5557866013188466,0.3088987462055545,0.020531392583893103
IN.ADM2.00425,wheat,Rabi,full,17,0.16539485417151611,0.02735545778641708,0.5258261948054334
IN.ADM2.00425,wheat,Rabi,cleaned,16,0.5271351592042901,0.27787147606933227,0.035889344142711645
IN.ADM2.00426,wheat,Rabi,full,17,0.14547551002174253,0.02116312401608611,0.5774581947331979
IN.ADM2.00426,wheat,Rabi,cleaned,16,0.017029998370505908,0.0002900208444994339,0.9500864901890294
IN.ADM2.00427,wheat,Rabi,full,17,-0.12412564747549318,0.015407176361210405,0.6350410758949298
IN.ADM2.00427,wheat,Rabi,cleaned,16,0.1530528969473717,0.023425189263982783,0.5714603912323933
IN.ADM2.00429,wheat,Rabi,full,17,0.17461882944278892,0.030491735595969807,0.5026593979838202
IN.ADM2.00429,wheat,Rabi,cleaned,16,0.18566711961127058,0.034472279304745855,0.4911704215588101
IN.ADM2.00436,wheat,Rabi,full,17,-0.3997554308920969,0.15980440452772607,0.11187701188180116
IN.ADM2.00436,wheat,Rabi,cleaned,16,-0.5812062282546018,0.3378006797619403,0.018214584773040776
IN.ADM2.00437,wheat,Rabi,full,17,0.45923448674035056,0.2108963138116732,0.06368191280054028
IN.ADM2.00437,wheat,Rabi,cleaned,17,0.45923448674035056,0.2108963138116732,0.06368191280054028
IN.ADM2.00438,wheat,Rabi,full,17,0.1660352386164693,0.027567700462427895,0.5242021882605471
IN.ADM2.00438,wheat,Rabi,cleaned,16,0.40566667168003656,0.1645654485119586,0.11900660087733442
IN.ADM2.00439,wheat,Rabi,full,17,0.008643071226863946,7.470268023264345e-05,0.9737366219632267
IN.ADM2.00439,wheat,Rabi,cleaned,16,0.1972548412380653,0.03890947239185435,0.46401106197729286
IN.ADM2.00440,wheat,Rabi,full,17,-0.4158152584605712,0.17290232916863163,0.09690838827557516
IN.ADM2.00440,wheat,Rabi,cleaned,16,-0.3717823347022501,0.13822210439665591,0.156211635965424
IN.ADM2.00441,wheat,Rabi,full,17,-0.36786741103192067,0.13532643209932807,0.14629387199749536
IN.ADM2.00441,wheat,Rabi,cleaned,16,-0.2913048854349636,0.08485853627827726,0.27366578658290425
IN.ADM2.00442,wheat,Rabi,full,17,-0.37356710413120553,0.13955238128897496,0.1396675888770724
IN.ADM2.00442,wheat,Rabi,cleaned,16,-0.576283622377742,0.33210281342081194,0.019463764867649978
IN.ADM2.00443,wheat,Rabi,full,17,0.11703594028636516,0.013697411318713631,0.6546306645157383
IN.ADM2.00443,wheat,Rabi,cleaned,17,0.11703594028636516,0.013697411318713631,0.6546306645157383
IN.ADM2.00444,wheat,Rabi,full,17,0.07307288794100905,0.005339646952039266,0.7804669873983294
IN.ADM2.00444,wheat,Rabi,cleaned,16,0.38285010301058275,0.14657420137521382,0.14329518511534517
IN.ADM2.00445,wheat,Rabi,full,17,0.7031741483328801,0.4944538828836712,0.0016386873802919835
IN.ADM2.00445,wheat,Rabi,cleaned,17,0.7031741483328801,0.4944538828836712,0.0016386873802919835
IN.ADM2.00448,wheat,Rabi,full,17,0.07661533935808856,0.005869910224955074,0.7700870079572654
IN.ADM2.00448,wheat,Rabi,cleaned,16,0.1854970240451992,0.034409145929625205,0.49157464552312685
IN.ADM2.00452,wheat,Rabi,full,17,0.23324364655427465,0.0544025986579354,0.36761294449726944
IN.ADM2.00452,wheat,Rabi,cleaned,17,0.23324364655427465,0.0544025986579354,0.36761294449726944
IN.ADM2.00453,wheat,Rabi,full,17,-0.17918088248582156,0.0321057886483978,0.4913832939646733
IN.ADM2.00453,wheat,Rabi,cleaned,17,-0.17918088248582156,0.0321057886483978,0.4913832939646733
IN.ADM2.00457,wheat,Rabi,full,17,0.005541944175380488,3.0713145243033714e-05,0.9831582960001849
IN.ADM2.00457,wheat,Rabi,cleaned,17,0.005541944175380488,3.0713145243033714e-05,0.9831582960001849
IN.ADM2.00458,wheat,Rabi,full,17,-0.610769257762941,0.37303908622829385,0.009204683978038829
IN.ADM2.00458,wheat,Rabi,cleaned,17,-0.610769257762941,0.37303908622829385,0.009204683978038829
IN.ADM2.00460,wheat,Rabi,full,17,0.099020357962815,0.00980503129108402,0.7053526796954037
IN.ADM2.00460,wheat,Rabi,cleaned,17,0.099020357962815,0.00980503129108402,0.7053526796954037
IN.ADM2.00461,wheat,Rabi,full,17,0.07583545173649822,0.005751015740078751,0.7723691087985906
IN.ADM2.00461,wheat,Rabi,cleaned,17,0.07583545173649822,0.005751015740078751,0.7723691087985906
IN.ADM2.00466,wheat,Rabi,full,17,0.08965416080875427,0.00803786855032197,0.7322099753097695
IN.ADM2.00466,wheat,Rabi,cleaned,17,0.08965416080875427,0.00803786855032197,0.7322099753097695
IN.ADM2.00468,wheat,Rabi,full,15,0.500872680790088,0.25087344236184933,0.057194330790267874
IN.ADM2.00468,wheat,Rabi,cleaned,15,0.500872680790088,0.25087344236184933,0.057194330790267874
IN.ADM2.00470,wheat,Rabi,full,17,-0.4924683795067334,0.24252510481398798,0.04461373192745898
IN.ADM2.00470,wheat,Rabi,cleaned,16,-0.5042022499601051,0.2542199088648323,0.04642358107625812
IN.ADM2.00474,wheat,Rabi,full,15,-0.1829346048643238,0.033465069656866284,0.5140272582714795
IN.ADM2.00474,wheat,Rabi,cleaned,15,-0.1829346048643238,0.033465069656866284,0.5140272582714795
IN.ADM2.00477,wheat,Rabi,full,15,0.5121222852205874,0.26226923501955673,0.0509757040960116
IN.ADM2.00477,wheat,Rabi,cleaned,15,0.5121222852205874,0.26226923501955673,0.0509757040960116
IN.ADM2.00479,wheat,Rabi,full,17,0.24125056939865114,0.05820183723517339,0.3509145411416981
IN.ADM2.00479,wheat,Rabi,cleaned,17,0.24125056939865114,0.05820183723517339,0.3509145411416981
IN.ADM2.00480,wheat,Rabi,full,15,0.5272210596956596,0.27796204578661426,0.04342932851601688
IN.ADM2.00480,wheat,Rabi,cleaned,15,0.5272210596956596,0.27796204578661426,0.04342932851601688
IN.ADM2.00481,wheat,Rabi,full,16,-0.20248999904020093,0.04100219971130057,0.45198987363374155
IN.ADM2.00481,wheat,Rabi,cleaned,16,-0.20248999904020093,0.04100219971130057,0.45198987363374155
IN.ADM2.00482,wheat,Rabi,full,17,0.2494588763825957,0.062229731006067164,0.33425224151618027
IN.ADM2.00482,wheat,Rabi,cleaned,17,0.2494588763825957,0.062229731006067164,0.33425224151618027
IN.ADM2.00483,wheat,Rabi,full,16,0.5233974735377401,0.2739449153056894,0.037469297566780274
IN.ADM2.00483,wheat,Rabi,cleaned,16,0.5233974735377401,0.2739449153056894,0.037469297566780274
IN.ADM2.00484,wheat,Rabi,full,17,0.08125135725520558,0.006601783055813048,0.7565584957206153
IN.ADM2.00484,wheat,Rabi,cleaned,17,0.08125135725520558,0.006601783055813048,0.7565584957206153
IN.ADM2.00485,wheat,Rabi,full,17,-0.05892229226896194,0.0034718365262289717,0.8222654107105717
IN.ADM2.00485,wheat,Rabi,cleaned,17,-0.05892229226896194,0.0034718365262289717,0.8222654107105717
IN.ADM2.00488,wheat,Rabi,full,17,-0.05739283142961672,0.003293937099508401,0.8268124267021267
IN.ADM2.00488,wheat,Rabi,cleaned,16,0.23392053606834334,0.05471881719450112,0.3832238633216859
IN.ADM2.00489,wheat,Rabi,full,17,-0.2050562174775442,0.04204805232619791,0.42981172687308716
IN.ADM2.00489,wheat,Rabi,cleaned,17,-0.2050562174775442,0.04204805232619791,0.42981172687308716
IN.ADM2.00494,wheat,Rabi,full,17,0.3748417520067569,0.14050633904749504,0.13821451313578453
IN.ADM2.00494,wheat,Rabi,cleaned,17,0.3748417520067569,0.14050633904749504,0.13821451313578453
IN.ADM2.00495,wheat,Rabi,full,17,0.10747047335671212,0.01154990264351577,0.6814003507455977
IN.ADM2.00495,wheat,Rabi,cleaned,17,0.10747047335671212,0.01154990264351577,0.6814003507455977
IN.ADM2.00498,wheat,Rabi,full,17,-0.15105862006225562,0.022818706695112895,0.5627731728538176
IN.ADM2.00498,wheat,Rabi,cleaned,16,-0.03702433885930553,0.0013708016679686817,0.891718854606369
IN.ADM2.00510,wheat,Rabi,full,17,0.0500589510934808,0.0025058985845795023,0.8486857249120355
IN.ADM2.00510,wheat,Rabi,cleaned,17,0.0500589510934808,0.0025058985845795023,0.8486857249120355
IN.ADM2.00511,wheat,Rabi,full,17,0.25069099502636716,0.06284597498731004,0.3317912752054624
IN.ADM2.00511,wheat,Rabi,cleaned,17,0.25069099502636716,0.06284597498731004,0.3317912752054624
IN.ADM2.00512,wheat,Rabi,full,17,0.0300029976832506,0.0009001798699811408,0.9089938335917692
IN.ADM2.00512,wheat,Rabi,cleaned,17,0.0300029976832506,0.0009001798699811408,0.9089938335917692
IN.ADM2.00538,wheat,Rabi,full,15,0.482211869658901,0.23252828723993293,0.06870409727244596
IN.ADM2.00538,wheat,Rabi,cleaned,15,0.482211869658901,0.23252828723993293,0.06870409727244596
IN.ADM2.00540,wheat,Rabi,full,17,0.5018848279512712,0.2518883805276771,0.04009322038842073
IN.ADM2.00540,wheat,Rabi,cleaned,17,0.5018848279512712,0.2518883805276771,0.04009322038842073
IN.ADM2.00541,wheat,Rabi,full,17,0.6113319702032214,0.37372677779255237,0.009122732885549186
IN.ADM2.00541,wheat,Rabi,cleaned,17,0.6113319702032214,0.37372677779255237,0.009122732885549186
IN.ADM2.00542,wheat,Rabi,full,15,0.451752121171967,0.20407997898337155,0.09094064511348146
IN.ADM2.00542,wheat,Rabi,cleaned,15,0.451752121171967,0.20407997898337155,0.09094064511348146
IN.ADM2.00543,wheat,Rabi,full,15,0.6906520087428183,0.47700019718048997,0.004363534958578597
IN.ADM2.00543,wheat,Rabi,cleaned,15,0.6906520087428183,0.47700019718048997,0.004363534958578597
IN.ADM2.00552,wheat,Rabi,full,17,-0.034562773545784735,0.001194585315177197,0.8952297308303387
IN.ADM2.00552,wheat,Rabi,cleaned,17,-0.034562773545784735,0.001194585315177197,0.8952297308303387
IN.ADM2.00554,wheat,Rabi,full,17,0.27046825153224974,0.07315307508691231,0.29373728118087467
IN.ADM2.00554,wheat,Rabi,cleaned,16,0.1637754157227319,0.026822386795153662,0.5444639299008194
IN.ADM2.00555,wheat,Rabi,full,17,0.22626919594768374,0.0511977490348113,0.3825122085183332
IN.ADM2.00555,wheat,Rabi,cleaned,17,0.22626919594768374,0.0511977490348113,0.3825122085183332
IN.ADM2.00556,wheat,Rabi,full,17,0.41818613599339566,0.1748796443370868,0.09482671936904061
IN.ADM2.00556,wheat,Rabi,cleaned,17,0.41818613599339566,0.1748796443370868,0.09482671936904061
IN.ADM2.00559,wheat,Rabi,full,17,-0.08664802131136201,0.007507879597174245,0.7408943490429769
IN.ADM2.00559,wheat,Rabi,cleaned,17,-0.08664802131136201,0.007507879597174245,0.7408943490429769
IN.ADM2.00561,wheat,Rabi,full,17,0.21442215556547423,0.04597686079734443,0.408564723838193
IN.ADM2.00561,wheat,Rabi,cleaned,17,0.21442215556547423,0.04597686079734443,0.408564723838193
IN.ADM2.00562,wheat,Rabi,full,17,0.118309802324019,0.01399720932594845,0.6510946578446474
IN.ADM2.00562,wheat,Rabi,cleaned,16,0.1500537831225431,0.022516137829387203,0.5791110426899746
IN.ADM2.00570,wheat,Rabi,full,17,0.056753318901801186,0.0032209392063695438,0.8287152197611437
IN.ADM2.00570,wheat,Rabi,cleaned,17,0.056753318901801186,0.0032209392063695438,0.8287152197611437
IN.ADM2.00571,wheat,Rabi,full,17,-0.24382273465174306,0.059449525933054304,0.3456433163442086
IN.ADM2.00571,wheat,Rabi,cleaned,17,-0.24382273465174306,0.059449525933054304,0.3456433163442086
IN.ADM2.00572,wheat,Rabi,full,17,-0.04046804310474232,0.0016376625127272825,0.8774465830360272
IN.ADM2.00572,wheat,Rabi,cleaned,16,-0.005487342467773854,3.0110927358634445e-05,0.9839086942281746
IN.ADM2.00573,wheat,Rabi,full,17,0.4140274181677734,0.1714187029946723,0.09849962679831047
IN.ADM2.00573,wheat,Rabi,cleaned,16,0.648462307932369,0.4205033648089746,0.0065847294383552975
IN.ADM2.00574,wheat,Rabi,full,17,0.5037613996759519,0.25377554780347417,0.03923550511459402
IN.ADM2.00574,wheat,Rabi,cleaned,17,0.5037613996759519,0.25377554780347417,0.03923550511459402
IN.ADM2.00575,wheat,Rabi,full,17,-0.09536463243653795,0.009094413119755985,0.7157982089970807
IN.ADM2.00575,wheat,Rabi,cleaned,17,-0.09536463243653795,0.009094413119755985,0.7157982089970807
IN.ADM2.00003,maize,Kharif,full,16,-0.03678243814455234,0.0013529477558578192,0.892422479840336
IN.ADM2.00003,maize,Kharif,cleaned,16,-0.03678243814455234,0.0013529477558578192,0.892422479840336
IN.ADM2.00004,maize,Kharif,full,16,0.6187888066422529,0.3828995872257434,0.010601800261110789
IN.ADM2.00004,maize,Kharif,cleaned,16,0.6187888066422529,0.3828995872257434,0.010601800261110789
IN.ADM2.00005,maize,Kharif,full,16,0.49899053471513566,0.248991553735297,0.04910930289984103
IN.ADM2.00005,maize,Kharif,cleaned,16,0.49899053471513566,0.248991553735297,0.04910930289984103
IN.ADM2.00007,maize,Kharif,full,16,0.23933628113963556,0.057281855469750675,0.3719839717559542
IN.ADM2.00007,maize,Kharif,cleaned,16,0.23933628113963556,0.057281855469750675,0.3719839717559542
IN.ADM2.00008,maize,Kharif,full,16,0.11301689039820054,0.012772817515278872,0.6768711920747397
IN.ADM2.00008,maize,Kharif,cleaned,16,0.11301689039820054,0.012772817515278872,0.6768711920747397
IN.ADM2.00010,maize,Kharif,full,16,0.8094609654463412,0.6552270545813227,0.00014530754460559436
IN.ADM2.00010,maize,Kharif,cleaned,16,0.8094609654463412,0.6552270545813227,0.00014530754460559436
IN.ADM2.00011,maize,Kharif,full,16,0.5458390277906153,0.29794024425940413,0.028726994141232143
IN.ADM2.00011,maize,Kharif,cleaned,16,0.5458390277906153,0.29794024425940413,0.028726994141232143
IN.ADM2.00012,maize,Kharif,full,16,0.3537533109353338,0.12514140499771095,0.17888870256740522
IN.ADM2.00012,maize,Kharif,cleaned,16,0.3537533109353338,0.12514140499771095,0.17888870256740522
IN.ADM2.00013,maize,Kharif,full,16,0.6522616243608144,0.4254452266138081,0.006173406925459194
IN.ADM2.00013,maize,Kharif,cleaned,16,0.6522616243608144,0.4254452266138081,0.006173406925459194
IN.ADM2.00014,maize,Kharif,full,16,0.766996743646522,0.5882840047643686,0.0005261051870326275
IN.ADM2.00014,maize,Kharif,cleaned,16,0.766996743646522,0.5882840047643686,0.0005261051870326275
IN.ADM2.00016,maize,Kharif,full,16,0.27754222000591017,0.07702968388580904,0.29799557624758743
IN.ADM2.00016,maize,Kharif,cleaned,16,0.27754222000591017,0.07702968388580904,0.29799557624758743
IN.ADM2.00018,maize,Kharif,full,16,0.7090061335232989,0.502689697373658,0.002103567724317875
IN.ADM2.00018,maize,Kharif,cleaned,16,0.7090061335232989,0.502689697373658,0.002103567724317875
IN.ADM2.00021,maize,Kharif,full,16,-0.026266118590444976,0.0006899089858073192,0.9230777045226202
IN.ADM2.00021,maize,Kharif,cleaned,16,-0.026266118590444976,0.0006899089858073192,0.9230777045226202
IN.ADM2.00025,maize,Kharif,full,16,0.4836320399388415,0.2338999500554052,0.05769694124750979
IN.ADM2.00025,maize,Kharif,cleaned,16,0.4836320399388415,0.2338999500554052,0.05769694124750979
IN.ADM2.00026,maize,Kharif,full,16,-0.014737930742022468,0.00021720660255665093,0.9567980605284585
IN.ADM2.00026,maize,Kharif,cleaned,16,-0.014737930742022468,0.00021720660255665093,0.9567980605284585
IN.ADM2.00027,maize,Kharif,full,16,-0.38637718747936195,0.149287331004462,0.13933666928200078
IN.ADM2.00027,maize,Kharif,cleaned,16,-0.38637718747936195,0.149287331004462,0.13933666928200078
IN.ADM2.00030,maize,Kharif,full,16,0.47016816205203826,0.2210581006073917,0.06609423024270614
IN.ADM2.00030,maize,Kharif,cleaned,15,0.3678294149628972,0.13529847851194723,0.1773773208353694
IN.ADM2.00033,maize,Kharif,full,16,0.08305677759634922,0.006898428304689418,0.7597522721126171
IN.ADM2.00033,maize,Kharif,cleaned,15,-0.3533112412210508,0.12482883317315954,0.19642414248715068
IN.ADM2.00036,maize,Kharif,full,16,-0.1379910403336519,0.019041527212363542,0.6103040731983325
IN.ADM2.00036,maize,Kharif,cleaned,15,-0.04331121862738045,0.0018758616589887474,0.8781919066975902
IN.ADM2.00037,maize,Kharif,full,15,0.2941531959469491,0.08652610268580424,0.28724315406611434
IN.ADM2.00037,maize,Kharif,cleaned,15,0.2941531959469491,0.08652610268580424,0.28724315406611434
IN.ADM2.00039,maize,Kharif,full,15,0.3531742182885649,0.12473202846373888,0.19660992506261982
IN.ADM2.00039,maize,Kharif,cleaned,13,0.3336359660267838,0.11131295782662523,0.26526265048134934
IN.ADM2.00041,maize,Kharif,full,15,0.2610831904646314,0.068164432343191,0.3472729874891204
IN.ADM2.00041,maize,Kharif,cleaned,15,0.2610831904646314,0.068164432343191,0.3472729874891204
IN.ADM2.00042,maize,Kharif,full,15,0.18440829322529181,0.03400641861026521,0.5105837405872328
IN.ADM2.00042,maize,Kharif,cleaned,15,0.18440829322529181,0.03400641861026521,0.5105837405872328
IN.ADM2.00043,maize,Kharif,full,14,0.43787126449550645,0.19173124427089377,0.11736920104338426
IN.ADM2.00043,maize,Kharif,cleaned,13,0.35163516674977835,0.12364729049514442,0.23871853754796887
IN.ADM2.00045,maize,Kharif,full,15,0.24917993284127,0.062090638930779825,0.37047102235190293
IN.ADM2.00045,maize,Kharif,cleaned,14,0.11342445675358456,0.012865107389845774,0.6994393226025488
IN.ADM2.00049,maize,Kharif,full,15,-0.16074127136998706,0.025837756321639822,0.567130759284146
IN.ADM2.00049,maize,Kharif,cleaned,15,-0.16074127136998706,0.025837756321639822,0.567130759284146
IN.ADM2.00050,maize,Kharif,full,15,0.15516727197306376,0.02407688229156274,0.5808199920862253
IN.ADM2.00050,maize,Kharif,cleaned,15,0.15516727197306376,0.02407688229156274,0.5808199920862253
IN.ADM2.00052,maize,Kharif,full,15,0.2915185642435929,0.08498307329864581,0.29178400927662945
IN.ADM2.00052,maize,Kharif,cleaned,15,0.2915185642435929,0.08498307329864581,0.29178400927662945
IN.ADM2.00053,maize,Kharif,full,15,0.3703294491826474,0.137143900931923,0.1742242554221215
IN.ADM2.00053,maize,Kharif,cleaned,12,0.44372130605740356,0.196888597449288,0.14847535796634223
IN.ADM2.00054,maize,Kharif,full,15,0.24700625568479662,0.06101209034742312,0.3747963949654602
IN.ADM2.00054,maize,Kharif,cleaned,15,0.24700625568479662,0.06101209034742312,0.3747963949654602
IN.ADM2.00056,maize,Kharif,full,15,0.1532932208892297,0.023498811570594167,0.585452799733447
IN.ADM2.00056,maize,Kharif,cleaned,15,0.1532932208892297,0.023498811570594167,0.585452799733447
IN.ADM2.00058,maize,Kharif,full,15,0.30981077752779124,0.09598271787237456,0.261128672350768
IN.ADM2.00058,maize,Kharif,cleaned,15,0.30981077752779124,0.09598271787237456,0.261128672350768
IN.ADM2.00059,maize,Kharif,full,15,0.3705846796540857,0.1373330047943213,0.17390443958419766
IN.ADM2.00059,maize,Kharif,cleaned,14,0.2214815280887467,0.04905406728452629,0.446674221868121
IN.ADM2.00102,maize,Kharif,full,15,0.09631444916345408,0.00927647311765958,0.7327588134813178
IN.ADM2.00102,maize,Kharif,cleaned,10,0.20772570653614178,0.04314996915593929,0.5647049437287249
IN.ADM2.00109,maize,Kharif,full,11,-0.23921915331785898,0.05722580331411332,0.4786682746862099
IN.ADM2.00109,maize,Kharif,cleaned,11,-0.23921915331785898,0.05722580331411332,0.4786682746862099
IN.ADM2.00110,maize,Kharif,full,16,0.7537826943504133,0.5681883503021686,0.0007449407175004949
IN.ADM2.00110,maize,Kharif,cleaned,16,0.7537826943504133,0.5681883503021686,0.0007449407175004949
IN.ADM2.00111,maize,Kharif,full,16,0.3211397551829322,0.10313074235895363,0.2252026587230878
IN.ADM2.00111,maize,Kharif,cleaned,16,0.3211397551829322,0.10313074235895363,0.2252026587230878
IN.ADM2.00112,maize,Kharif,full,16,0.0607633986642194,0.0036921906172268596,0.8231128162649864
IN.ADM2.00112,maize,Kharif,cleaned,16,0.0607633986642194,0.0036921906172268596,0.8231128162649864
IN.ADM2.00113,maize,Kharif,full,11,0.36311615603521563,0.13185334277379107,0.2723753495422026
IN.ADM2.00113,maize,Kharif,cleaned,11,0.36311615603521563,0.13185334277379107,0.2723753495422026
IN.ADM2.00114,maize,Kharif,full,10,0.03208686474935285,0.0010295668894432625,0.9298822040476483
IN.ADM2.00114,maize,Kharif,cleaned,10,0.03208686474935285,0.0010295668894432625,0.9298822040476483
IN.ADM2.00116,maize,Kharif,full,5,-0.3208068834383323,0.10291705646141573,0.598654656171309
IN.ADM2.00116,maize,Kharif,cleaned,5,-0.3208068834383323,0.10291705646141573,0.598654656171309
IN.ADM2.00117,maize,Kharif,full,16,0.18388840390718553,0.033814945091532204,0.495405280290421
IN.ADM2.00117,maize,Kharif,cleaned,16,0.18388840390718553,0.033814945091532204,0.495405280290421
IN.ADM2.00120,maize,Kharif,full,15,0.3126427748049984,0.09774550463776895,0.25656506547345787
IN.ADM2.00120,maize,Kharif,cleaned,15,0.3126427748049984,0.09774550463776895,0.25656506547345787
IN.ADM2.00121,maize,Kharif,full,16,0.42597925051251406,0.1814583218672032,0.09993183872454234
IN.ADM2.00121,maize,Kharif,cleaned,16,0.42597925051251406,0.1814583218672032,0.09993183872454234
IN.ADM2.00123,maize,Kharif,full,14,0.031108892563497095,0.0009677631965272048,0.9159229280362566
IN.ADM2.00123,maize,Kharif,cleaned,14,0.031108892563497095,0.0009677631965272048,0.9159229280362566
IN.ADM2.00126,maize,Kharif,full,16,-0.04666075698415667,0.0021772262423345257,0.8637557753188057
IN.ADM2.00126,maize,Kharif,cleaned,16,-0.04666075698415667,0.0021772262423345257,0.8637557753188057
IN.ADM2.00140,maize,Kharif,full,12,0.20557958725598977,0.04226296669634311,0.5215275710128511
IN.ADM2.00140,maize,Kharif,cleaned,9,0.14210545359128948,0.020193959940386128,0.7153326894322463
IN.ADM2.00142,maize,Kharif,full,14,0.01219373613280564,0.00014868720087648983,0.9669993537578161
IN.ADM2.00142,maize,Kharif,cleaned,12,-0.2492760210220925,0.06213853465660671,0.43461339030368995
IN.ADM2.00143,maize,Kharif,full,15,0.06553235868089129,0.0042944900342809875,0.816510602001077
IN.ADM2.00143,maize,Kharif,cleaned,15,0.06553235868089129,0.0042944900342809875,0.816510602001077
IN.ADM2.00144,maize,Kharif,full,16,0.5137154941229825,0.26390360890202,0.04180592227042004
IN.ADM2.00144,maize,Kharif,cleaned,16,0.5137154941229825,0.26390360890202,0.04180592227042004
IN.ADM2.00145,maize,Kharif,full,16,0.014903890661399383,0.00022212595684694772,0.9563120047162852
IN.ADM2.00145,maize,Kharif,cleaned,16,0.014903890661399383,0.00022212595684694772,0.9563120047162852
IN.ADM2.00147,maize,Kharif,full,16,0.0011795268823004412,1.3912836660693989e-06,0.996540908817008
IN.ADM2.00147,maize,Kharif,cleaned,15,0.38065721320639334,0.1448999139660576,0.1615896456593289
IN.ADM2.00149,maize,Kharif,full,16,0.3156382502320738,0.09962750500956524,0.23369874244972258
IN.ADM2.00149,maize,Kharif,cleaned,15,0.26488682336943215,0.07016502919474875,0.34003570510167963
IN.ADM2.00151,maize,Kharif,full,16,0.37818672137503423,0.14302519622439777,0.14864555488184614
IN.ADM2.00151,maize,Kharif,cleaned,16,0.37818672137503423,0.14302519622439777,0.14864555488184614
IN.ADM2.00152,maize,Kharif,full,16,0.2872131652327682,0.0824914022830254,0.28076925022965316
IN.ADM2.00152,maize,Kharif,cleaned,16,0.2872131652327682,0.0824914022830254,0.28076925022965316
IN.ADM2.00153,maize,Kharif,full,16,0.2988007571785007,0.08928189249044532,0.2609383407705024
IN.ADM2.00153,maize,Kharif,cleaned,16,0.2988007571785007,0.08928189249044532,0.2609383407705024
IN.ADM2.00156,maize,Kharif,full,14,0.2653523617266745,0.0704118758739239,0.3592055634297454
IN.ADM2.00156,maize,Kharif,cleaned,14,0.2653523617266745,0.0704118758739239,0.3592055634297454
IN.ADM2.00158,maize,Kharif,full,14,0.34132335351256143,0.11650163165306099,0.23234720398353187
IN.ADM2.00158,maize,Kharif,cleaned,14,0.34132335351256143,0.11650163165306099,0.23234720398353187
IN.ADM2.00159,maize,Kharif,full,14,-0.03163722594503849,0.0010009140654974166,0.9144997379645279
IN.ADM2.00159,maize,Kharif,cleaned,14,-0.03163722594503849,0.0010009140654974166,0.9144997379645279
IN.ADM2.00160,maize,Kharif,full,14,0.5374647704542266,0.28886837947941446,0.047465024020252336
IN.ADM2.00160,maize,Kharif,cleaned,14,0.5374647704542266,0.28886837947941446,0.047465024020252336
IN.ADM2.00165,maize,Kharif,full,14,-0.33038320026305096,0.10915305901605524,0.2486263292006866
IN.ADM2.00165,maize,Kharif,cleaned,14,-0.33038320026305096,0.10915305901605524,0.2486263292006866
IN.ADM2.00167,maize,Kharif,full,14,-0.23797318321146693,0.05663123592779841,0.41263377455653716
IN.ADM2.00167,maize,Kharif,cleaned,14,-0.23797318321146693,0.05663123592779841,0.41263377455653716
IN.ADM2.00168,maize,Kharif,full,14,-0.007050573586041706,4.9710587892188994e-05,0.9809154581818281
IN.ADM2.00168,maize,Kharif,cleaned,14,-0.007050573586041706,4.9710587892188994e-05,0.9809154581818281
IN.ADM2.00169,maize,Kharif,full,14,0.46008737307682834,0.21168039086473664,0.09785163214083006
IN.ADM2.00169,maize,Kharif,cleaned,14,0.46008737307682834,0.21168039086473664,0.09785163214083006
IN.ADM2.00170,maize,Kharif,full,16,0.14750938921161244,0.021759019905582964,0.5856349752646133
IN.ADM2.00170,maize,Kharif,cleaned,16,0.14750938921161244,0.021759019905582964,0.5856349752646133
IN.ADM2.00171,maize,Kharif,full,16,0.38826708755838457,0.15075133128107027,0.13724664204373702
IN.ADM2.00171,maize,Kharif,cleaned,16,0.38826708755838457,0.15075133128107027,0.13724664204373702
IN.ADM2.00172,maize,Kharif,full,16,0.5243058058615637,0.2748965780601437,0.03708060099480118
IN.ADM2.00172,maize,Kharif,cleaned,16,0.5243058058615637,0.2748965780601437,0.03708060099480118
IN.ADM2.00173,maize,Kharif,full,16,0.7519749363221647,0.5654663048567237,0.0007799664067425858
IN.ADM2.00173,maize,Kharif,cleaned,16,0.7519749363221647,0.5654663048567237,0.0007799664067425858
IN.ADM2.00174,maize,Kharif,full,16,0.3609091373445663,0.13025540541879904,0.1696425868849933
IN.ADM2.00174,maize,Kharif,cleaned,16,0.3609091373445663,0.13025540541879904,0.1696425868849933
IN.ADM2.00175,maize,Kharif,full,16,0.2741337900486814,0.07514933484645452,0.30421280503185577
IN.ADM2.00175,maize,Kharif,cleaned,15,0.6806014851890808,0.4632183816415826,0.0052268319060283066
IN.ADM2.00176,maize,Kharif,full,16,0.07357037424922791,0.005412599967171457,0.7865629685220465
IN.ADM2.00176,maize,Kharif,cleaned,16,0.07357037424922791,0.005412599967171457,0.7865629685220465
IN.ADM2.00179,maize,Kharif,full,16,0.747005821721225,0.5580176976854025,0.0008832650819358066
IN.ADM2.00179,maize,Kharif,cleaned,16,0.747005821721225,0.5580176976854025,0.0008832650819358066
IN.ADM2.00180,maize,Kharif,full,16,0.42392160809707646,0.17970952981161128,0.10175849515632363
IN.ADM2.00180,maize,Kharif,cleaned,16,0.42392160809707646,0.17970952981161128,0.10175849515632363
IN.ADM2.00181,maize,Kharif,full,16,0.6341893036320573,0.40219607284131376,0.008328903965074842
IN.ADM2.00181,maize,Kharif,cleaned,16,0.6341893036320573,0.40219607284131376,0.008328903965074842
IN.ADM2.00182,maize,Kharif,full,16,0.03440141034868108,0.0011834570339783416,0.8993521982086321
IN.ADM2.00182,maize,Kharif,cleaned,16,0.03440141034868108,0.0011834570339783416,0.8993521982086321
IN.ADM2.00183,maize,Kharif,full,16,0.3040763850734431,0.09246244795933284,0.25220261111419673
IN.ADM2.00183,maize,Kharif,cleaned,16,0.3040763850734431,0.09246244795933284,0.25220261111419673
IN.ADM2.00185,maize,Kharif,full,16,0.6214748629503667,0.3862310052791771,0.010173761224046009
IN.ADM2.00185,maize,Kharif,cleaned,16,0.6214748629503667,0.3862310052791771,0.010173761224046009
IN.ADM2.00186,maize,Kharif,full,16,0.30981947212846467,0.09598810530996049,0.24290126090374198
IN.ADM2.00186,maize,Kharif,cleaned,16,0.30981947212846467,0.09598810530996049,0.24290126090374198
IN.ADM2.00188,maize,Kharif,full,16,0.5435306932700894,0.295425614526664,0.029546347622176023
IN.ADM2.00188,maize,Kharif,cleaned,16,0.5435306932700894,0.295425614526664,0.029546347622176023
IN.ADM2.00189,maize,Kharif,full,16,0.14397078824196322,0.020727587867012214,0.5947580578111294
IN.ADM2.00189,maize,Kharif,cleaned,16,0.14397078824196322,0.020727587867012214,0.5947580578111294
IN.ADM2.00205,maize,Kharif,full,15,-0.1734032462951226,0.03006868582568695,0.5365517715629368
IN.ADM2.00205,maize,Kharif,cleaned,15,-0.1734032462951226,0.03006868582568695,0.5365517715629368
IN.ADM2.00206,maize,Kharif,full,16,0.14748925106933372,0.02175307918099296,0.5856867309192109
IN.ADM2.00206,maize,Kharif,cleaned,16,0.14748925106933372,0.02175307918099296,0.5856867309192109
IN.ADM2.00207,maize,Kharif,full,15,-0.40252820334107187,0.1620289544849913,0.13687846916996552
IN.ADM2.00207,maize,Kharif,cleaned,15,-0.40252820334107187,0.1620289544849913,0.13687846916996552
IN.ADM2.00208,maize,Kharif,full,7,0.19919762975612798,0.03967969570045944,0.66850068659531
IN.ADM2.00208,maize,Kharif,cleaned,7,0.19919762975612798,0.03967969570045944,0.66850068659531
IN.ADM2.00209,maize,Kharif,full,15,-0.3335405283146316,0.11124928402840356,0.22440393192634286
IN.ADM2.00209,maize,Kharif,cleaned,15,-0.3335405283146316,0.11124928402840356,0.22440393192634286
IN.ADM2.00210,maize,Kharif,full,16,-0.3539847390388412,0.12530519547239652,0.17858457572110473
IN.ADM2.00210,maize,Kharif,cleaned,16,-0.3539847390388412,0.12530519547239652,0.17858457572110473
IN.ADM2.00211,maize,Kharif,full,15,-0.3882128795714983,0.15070923986519463,0.1527414658867554
IN.ADM2.00211,maize,Kharif,cleaned,15,-0.3882128795714983,0.15070923986519463,0.1527414658867554
IN.ADM2.00212,maize,Kharif,full,15,-0.0216299051131355,0.0004678527952032452,0.9390111728002525
IN.ADM2.00212,maize,Kharif,cleaned,15,-0.0216299051131355,0.0004678527952032452,0.9390111728002525
IN.ADM2.00213,maize,Kharif,full,15,-0.2581733552136182,0.0666534813422571,0.35286725346680425
IN.ADM2.00213,maize,Kharif,cleaned,15,-0.2581733552136182,0.0666534813422571,0.35286725346680425
IN.ADM2.00214,maize,Kharif,full,15,0.49056859782142254,0.24065754916847662,0.06336029245659126
IN.ADM2.00214,maize,Kharif,cleaned,15,0.49056859782142254,0.24065754916847662,0.06336029245659126
IN.ADM2.00215,maize,Kharif,full,15,-0.03516974504422392,0.001236910966475713,0.9009731393374643
IN.ADM2.00215,maize,Kharif,cleaned,15,-0.03516974504422392,0.001236910966475713,0.9009731393374643
IN.ADM2.00216,maize,Kharif,full,15,-0.24239954820971335,0.05875754097227315,0.38405330765693585
IN.ADM2.00216,maize,Kharif,cleaned,15,-0.24239954820971335,0.05875754097227315,0.38405330765693585
IN.ADM2.00217,maize,Kharif,full,16,0.13567835808656686,0.018408616853066665,0.6163591290095671
IN.ADM2.00217,maize,Kharif,cleaned,16,0.13567835808656686,0.018408616853066665,0.6163591290095671
IN.ADM2.00218,maize,Kharif,full,15,-0.39605987633509326,0.15686342564256936,0.1439012184182998
IN.ADM2.00218,maize,Kharif,cleaned,15,-0.39605987633509326,0.15686342564256936,0.1439012184182998
IN.ADM2.00219,maize,Kharif,full,15,0.12126606186923981,0.014705457761274299,0.6668237946401881
IN.ADM2.00219,maize,Kharif,cleaned,15,0.12126606186923981,0.014705457761274299,0.6668237946401881
IN.ADM2.00220,maize,Kharif,full,13,0.6511846701652019,0.4240414746581628,0.015915769417094446
IN.ADM2.00220,maize,Kharif,cleaned,13,0.6511846701652019,0.4240414746581628,0.015915769417094446
IN.ADM2.00221,maize,Kharif,full,15,-0.2290349482151885,0.052457007503934075,0.4115929801926085
IN.ADM2.00221,maize,Kharif,cleaned,15,-0.2290349482151885,0.052457007503934075,0.4115929801926085
IN.ADM2.00222,maize,Kharif,full,15,-0.016761712827135643,0.0002809550168993635,0.9527215941427959
IN.ADM2.00222,maize,Kharif,cleaned,15,-0.016761712827135643,0.0002809550168993635,0.9527215941427959
IN.ADM2.00223,maize,Kharif,full,15,-0.43085387508032336,0.18563506167173088,0.10886439530937843
IN.ADM2.00223,maize,Kharif,cleaned,15,-0.43085387508032336,0.18563506167173088,0.10886439530937843
IN.ADM2.00224,maize,Kharif,full,15,-0.24054422435872547,0.05786152387234086,0.3878158781582026
IN.ADM2.00224,maize,Kharif,cleaned,15,-0.24054422435872547,0.05786152387234086,0.3878158781582026
IN.ADM2.00225,maize,Kharif,full,15,-0.09823404452029914,0.009649927502816114,0.7276175753929216
IN.ADM2.00225,maize,Kharif,cleaned,15,-0.09823404452029914,0.009649927502816114,0.7276175753929216
IN.ADM2.00226,maize,Kharif,full,15,-0.3050825989467358,0.09307539218009483,0.2688570132777891
IN.ADM2.00226,maize,Kharif,cleaned,15,-0.3050825989467358,0.09307539218009483,0.2688570132777891
IN.ADM2.00227,maize,Kharif,full,15,0.22809192368810471,0.05202592565174018,0.4135741829471465
IN.ADM2.00227,maize,Kharif,cleaned,15,0.22809192368810471,0.05202592565174018,0.4135741829471465
IN.ADM2.00228,maize,Kharif,full,15,-0.47661046356994335,0.2271575339843563,0.07246324508477872
IN.ADM2.00228,maize,Kharif,cleaned,15,-0.47661046356994335,0.2271575339843563,0.07246324508477872
IN.ADM2.00229,maize,Kharif,full,15,-0.3864590182344224,0.14935057277471364,0.15476581768693354
IN.ADM2.00229,maize,Kharif,cleaned,15,-0.3864590182344224,0.14935057277471364,0.15476581768693354
IN.ADM2.00230,maize,Kharif,full,16,-0.058571488899814894,0.0034306193119411394,0.8294047396046116
IN.ADM2.00230,maize,Kharif,cleaned,16,-0.058571488899814894,0.0034306193119411394,0.8294047396046116
IN.ADM2.00232,maize,Kharif,full,15,-0.22874949927891636,0.052326333420354955,0.412192157495734
IN.ADM2.00232,maize,Kharif,cleaned,15,-0.22874949927891636,0.052326333420354955,0.412192157495734
IN.ADM2.00233,maize,Kharif,full,15,0.07200999805109817,0.005185439819319163,0.7987010449932762
IN.ADM2.00233,maize,Kharif,cleaned,15,0.07200999805109817,0.005185439819319163,0.7987010449932762
IN.ADM2.00235,maize,Kharif,full,15,0.044518902023519186,0.0019819326373797007,0.8748197330437298
IN.ADM2.00235,maize,Kharif,cleaned,15,0.044518902023519186,0.0019819326373797007,0.8748197330437298
IN.ADM2.00236,maize,Kharif,full,15,-0.23753897984051703,0.05642476694367356,0.3939521481752579
IN.ADM2.00236,maize,Kharif,cleaned,15,-0.23753897984051703,0.05642476694367356,0.3939521481752579
IN.ADM2.00237,maize,Kharif,full,15,-0.11439644482524858,0.013086546588656142,0.6847750920984557
IN.ADM2.00237,maize,Kharif,cleaned,15,-0.11439644482524858,0.013086546588656142,0.6847750920984557
IN.ADM2.00238,maize,Kharif,full,14,-0.40449457727313565,0.1636158630433727,0.1514155575603585
IN.ADM2.00238,maize,Kharif,cleaned,14,-0.40449457727313565,0.1636158630433727,0.1514155575603585
IN.ADM2.00239,maize,Kharif,full,15,-0.08752342582325007,0.007660350067837956,0.7564357659279201
IN.ADM2.00239,maize,Kharif,cleaned,15,-0.08752342582325007,0.007660350067837956,0.7564357659279201
IN.ADM2.00240,maize,Kharif,full,15,-0.2951310203159776,0.08710231915274998,0.28556857813182157
IN.ADM2.00240,maize,Kharif,cleaned,15,-0.2951310203159776,0.08710231915274998,0.28556857813182157
IN.ADM2.00241,maize,Kharif,full,15,-0.42446651196224905,0.1801718197773981,0.1147995658708335
IN.ADM2.00241,maize,Kharif,cleaned,15,-0.42446651196224905,0.1801718197773981,0.1147995658708335
IN.ADM2.00242,maize,Kharif,full,15,-0.1490061855787052,0.022202843340715536,0.5961069351663808
IN.ADM2.00242,maize,Kharif,cleaned,15,-0.1490061855787052,0.022202843340715536,0.5961069351663808
IN.ADM2.00243,maize,Kharif,full,15,0.13676340961390512,0.018704230209220796,0.6269496327408499
IN.ADM2.00243,maize,Kharif,cleaned,15,0.13676340961390512,0.018704230209220796,0.6269496327408499
IN.ADM2.00244,maize,Kharif,full,15,-0.0829891593778013,0.006887200574234105,0.7687284260466895
IN.ADM2.00244,maize,Kharif,cleaned,15,-0.0829891593778013,0.006887200574234105,0.7687284260466895
IN.ADM2.00245,maize,Kharif,full,16,0.02793039825206438,0.0007801071465189208,0.9182184804531163
IN.ADM2.00245,maize,Kharif,cleaned,16,0.02793039825206438,0.0007801071465189208,0.9182184804531163
IN.ADM2.00246,maize,Kharif,full,15,-0.34195080287647234,0.11693035158786404,0.21221202079784443
IN.ADM2.00246,maize,Kharif,cleaned,15,-0.34195080287647234,0.11693035158786404,0.21221202079784443
IN.ADM2.00247,maize,Kharif,full,15,0.07907419689872286,0.006252728615177992,0.7793835155813841
IN.ADM2.00247,maize,Kharif,cleaned,15,0.07907419689872286,0.006252728615177992,0.7793835155813841
IN.ADM2.00248,maize,Kharif,full,15,0.05361551298308338,0.0028746232324391827,0.8494874800810046
IN.ADM2.00248,maize,Kharif,cleaned,15,0.05361551298308338,0.0028746232324391827,0.8494874800810046
IN.ADM2.00249,maize,Kharif,full,15,-0.20150587861179167,0.04060461911511012,0.47142475314000065
IN.ADM2.00249,maize,Kharif,cleaned,15,-0.20150587861179167,0.04060461911511012,0.47142475314000065
IN.ADM2.00250,maize,Kharif,full,16,0.593363728523908,0.3520805143277939,0.01539529543527442
IN.ADM2.00250,maize,Kharif,cleaned,16,0.593363728523908,0.3520805143277939,0.01539529543527442
IN.ADM2.00251,maize,Kharif,full,16,0.6166954938956581,0.3803133321912097,0.010945114433522217
IN.ADM2.00251,maize,Kharif,cleaned,16,0.6166954938956581,0.3803133321912097,0.010945114433522217
IN.ADM2.00252,maize,Kharif,full,16,0.6417972836082911,0.4119037532469813,0.007358792952440304
IN.ADM2.00252,maize,Kharif,cleaned,16,0.6417972836082911,0.4119037532469813,0.007358792952440304
IN.ADM2.00253,maize,Kharif,full,16,0.6488049001531441,0.4209477984627312,0.006546768286717634
IN.ADM2.00253,maize,Kharif,cleaned,16,0.6488049001531441,0.4209477984627312,0.006546768286717634
IN.ADM2.00254,maize,Kharif,full,14,-0.06308665261802295,0.0039799257385471016,0.830349868306496
IN.ADM2.00254,maize,Kharif,cleaned,14,-0.06308665261802295,0.0039799257385471016,0.830349868306496
IN.ADM2.00255,maize,Kharif,full,16,0.6496122898923538,0.42199612717918744,0.0064579939698038704
IN.ADM2.00255,maize,Kharif,cleaned,16,0.6496122898923538,0.42199612717918744,0.0064579939698038704
IN.ADM2.00256,maize,Kharif,full,16,0.5072422960023563,0.257294746853742,0.04490849397987029
IN.ADM2.00256,maize,Kharif,cleaned,16,0.5072422960023563,0.257294746853742,0.04490849397987029
IN.ADM2.00258,maize,Kharif,full,16,0.7343306509887595,0.5392415049815753,0.0011984029795836194
IN.ADM2.00258,maize,Kharif,cleaned,16,0.7343306509887595,0.5392415049815753,0.0011984029795836194
IN.ADM2.00259,maize,Kharif,full,16,-0.20776961440208663,0.04316821266879176,0.44002703195271786
IN.ADM2.00259,maize,Kharif,cleaned,16,-0.20776961440208663,0.04316821266879176,0.44002703195271786
IN.ADM2.00260,maize,Kharif,full,16,0.40271686153891784,0.16218087056775593,0.12197313349122227
IN.ADM2.00260,maize,Kharif,cleaned,16,0.40271686153891784,0.16218087056775593,0.12197313349122227
IN.ADM2.00261,maize,Kharif,full,16,0.8645080657540335,0.7473741957537803,1.5592523457332316e-05
IN.ADM2.00261,maize,Kharif,cleaned,16,0.8645080657540335,0.7473741957537803,1.5592523457332316e-05
IN.ADM2.00262,maize,Kharif,full,16,-0.19019132326889052,0.036172739446771615,0.4804773790414652
IN.ADM2.00262,maize,Kharif,cleaned,16,-0.19019132326889052,0.036172739446771615,0.4804773790414652
IN.ADM2.00263,maize,Kharif,full,16,0.28686530681904887,0.08229170425638704,0.28137822932779355
IN.ADM2.00263,maize,Kharif,cleaned,16,0.28686530681904887,0.08229170425638704,0.28137822932779355
IN.ADM2.00266,maize,Kharif,full,15,-0.09900501053982066,0.009801992111990001,0.7255557197552505
IN.ADM2.00266,maize,Kharif,cleaned,15,-0.09900501053982066,0.009801992111990001,0.7255557197552505
IN.ADM2.00267,maize,Kharif,full,16,-0.0145845521188731,0.0002127091605081258,0.9572472815078072
IN.ADM2.00267,maize,Kharif,cleaned,16,-0.0145845521188731,0.0002127091605081258,0.9572472815078072
IN.ADM2.00268,maize,Kharif,full,16,0.35012097219354277,0.12258469516975155,0.18370690297935055
IN.ADM2.00268,maize,Kharif,cleaned,16,0.35012097219354277,0.12258469516975155,0.18370690297935055
IN.ADM2.00269,maize,Kharif,full,16,0.43140660039682244,0.18611165486594364,0.09522527459581878
IN.ADM2.00269,maize,Kharif,cleaned,16,0.43140660039682244,0.18611165486594364,0.09522527459581878
IN.ADM2.00270,maize,Kharif,full,16,0.016676117493117808,0.00027809289464426977,0.9511225199575
IN.ADM2.00270,maize,Kharif,cleaned,16,0.016676117493117808,0.00027809289464426977,0.9511225199575
IN.ADM2.00271,maize,Kharif,full,16,-0.2356886782319032,0.055549153046701605,0.379534123161497
IN.ADM2.00271,maize,Kharif,cleaned,15,-0.14956299119586955,0.022369088335455752,0.5947187831862676
IN.ADM2.00274,maize,Kharif,full,16,0.1873274483167288,0.03509157289285669,0.48723307548131956
IN.ADM2.00274,maize,Kharif,cleaned,16,0.1873274483167288,0.03509157289285669,0.48723307548131956
IN.ADM2.00275,maize,Kharif,full,16,-0.3254832274600283,0.10593933135779651,0.21863518253551306
IN.ADM2.00275,maize,Kharif,cleaned,16,-0.3254832274600283,0.10593933135779651,0.21863518253551306
IN.ADM2.00277,maize,Kharif,full,16,0.5015494064916705,0.25155180715214687,0.047776587186861466
IN.ADM2.00277,maize,Kharif,cleaned,16,0.5015494064916705,0.25155180715214687,0.047776587186861466
IN.ADM2.00279,maize,Kharif,full,5,0.9152510950386958,0.8376845669695319,0.029237193532382577
IN.ADM2.00279,maize,Kharif,cleaned,5,0.9152510950386958,0.8376845669695319,0.029237193532382577
IN.ADM2.00282,maize,Kharif,full,16,-0.025512321884121267,0.000650878567919013,0.9252794260212427
IN.ADM2.00282,maize,Kharif,cleaned,16,-0.025512321884121267,0.000650878567919013,0.9252794260212427
IN.ADM2.00283,maize,Kharif,full,15,-0.18772605349898835,0.035241071162305036,0.5028702715079418
IN.ADM2.00283,maize,Kharif,cleaned,15,-0.18772605349898835,0.035241071162305036,0.5028702715079418
IN.ADM2.00285,maize,Kharif,full,16,0.009216615738341864,8.494600566825095e-05,0.9729757856682664
IN.ADM2.00285,maize,Kharif,cleaned,16,0.009216615738341864,8.494600566825095e-05,0.9729757856682664
IN.ADM2.00286,maize,Kharif,full,9,0.24479641180358122,0.059925283231908516,0.525541808415125
IN.ADM2.00286,maize,Kharif,cleaned,9,0.24479641180358122,0.059925283231908516,0.525541808415125
IN.ADM2.00288,maize,Kharif,full,16,0.053558673177896685,0.0028685314725767496,0.8438301515629416
IN.ADM2.00288,maize,Kharif,cleaned,16,0.053558673177896685,0.0028685314725767496,0.8438301515629416
IN.ADM2.00289,maize,Kharif,full,13,-0.11257714273096119,0.012673613065467207,0.7142374616615565
IN.ADM2.00289,maize,Kharif,cleaned,13,-0.11257714273096119,0.012673613065467207,0.7142374616615565
IN.ADM2.00291,maize,Kharif,full,13,0.06608128695797524,0.004366736486022269,0.8301689501328661
IN.ADM2.00291,maize,Kharif,cleaned,13,0.06608128695797524,0.004366736486022269,0.8301689501328661
IN.ADM2.00293,maize,Kharif,full,13,-0.11954720139959392,0.014291533362475071,0.6972744013617505
IN.ADM2.00293,maize,Kharif,cleaned,13,-0.11954720139959392,0.014291533362475071,0.6972744013617505
IN.ADM2.00294,maize,Kharif,full,16,0.594547678081409,0.3534869415119947,0.015140090749066474
IN.ADM2.00294,maize,Kharif,cleaned,15,-0.006010903646617251,3.613096264891656e-05,0.9830379203257964
IN.ADM2.00296,maize,Kharif,full,16,0.17771880610943822,0.031583974044964096,0.5102270748164862
IN.ADM2.00296,maize,Kharif,cleaned,16,0.17771880610943822,0.031583974044964096,0.5102270748164862
IN.ADM2.00297,maize,Kharif,full,16,-0.33227217141199195,0.11040479589484016,0.2086172042165887
IN.ADM2.00297,maize,Kharif,cleaned,16,-0.33227217141199195,0.11040479589484016,0.2086172042165887
IN.ADM2.00300,maize,Kharif,full,16,-0.28297458935857145,0.08007461822265213,0.2882436801364838
IN.ADM2.00300,maize,Kharif,cleaned,15,-0.38108084406850123,0.14522260971596135,0.1610847538610226
IN.ADM2.00301,maize,Kharif,full,16,-0.43320257784669125,0.1876644734530186,0.09370310874361697
IN.ADM2.00301,maize,Kharif,cleaned,16,-0.43320257784669125,0.1876644734530186,0.09370310874361697
IN.ADM2.00302,maize,Kharif,full,16,-0.2067597043844253,0.042749575357134945,0.44230276948482095
IN.ADM2.00302,maize,Kharif,cleaned,16,-0.2067597043844253,0.042749575357134945,0.44230276948482095
IN.ADM2.00321,maize,Kharif,full,16,0.4641629536995849,0.21544724758712297,0.07011426566353915
IN.ADM2.00321,maize,Kharif,cleaned,12,0.5356407518569222,0.2869110150498489,0.07267406535706841
IN.ADM2.00325,maize,Kharif,full,16,0.39722712623672807,0.1577893898182895,0.12762978001839864
IN.ADM2.00325,maize,Kharif,cleaned,16,0.39722712623672807,0.1577893898182895,0.12762978001839864
IN.ADM2.00328,maize,Kharif,full,16,0.06611276834351901,0.004370898138043809,0.8078003826386935
IN.ADM2.00328,maize,Kharif,cleaned,16,0.06611276834351901,0.004370898138043809,0.8078003826386935
IN.ADM2.00329,maize,Kharif,full,16,0.11528492060587672,0.013290612919103299,0.670723306061098
IN.ADM2.00329,maize,Kharif,cleaned,16,0.11528492060587672,0.013290612919103299,0.670723306061098
IN.ADM2.00332,maize,Kharif,full,11,0.17892280387819293,0.03201336974763429,0.5986193713505416
IN.ADM2.00332,maize,Kharif,cleaned,11,0.17892280387819293,0.03201336974763429,0.5986193713505416
IN.ADM2.00333,maize,Kharif,full,16,0.7289416686355534,0.531355956273185,0.0013576197175883939
IN.ADM2.00333,maize,Kharif,cleaned,16,0.7289416686355534,0.531355956273185,0.0013576197175883939
IN.ADM2.00334,maize,Kharif,full,16,0.6835329260688371,0.4672172610202263,0.0035081016098769805
IN.ADM2.00334,maize,Kharif,cleaned,16,0.6835329260688371,0.4672172610202263,0.0035081016098769805
IN.ADM2.00335,maize,Kharif,full,16,0.6694548906319524,0.44816985059103936,0.004560290939739781
IN.ADM2.00335,maize,Kharif,cleaned,16,0.6694548906319524,0.44816985059103936,0.004560290939739781
IN.ADM2.00337,maize,Kharif,full,16,0.4558381438167296,0.20778841335828147,0.07597753527213796
IN.ADM2.00337,maize,Kharif,cleaned,16,0.4558381438167296,0.20778841335828147,0.07597753527213796
IN.ADM2.00338,maize,Kharif,full,16,0.7009100223801874,0.4912748594729948,0.0024884851815702713
IN.ADM2.00338,maize,Kharif,cleaned,16,0.7009100223801874,0.4912748594729948,0.0024884851815702713
IN.ADM2.00340,maize,Kharif,full,16,0.7528239517605031,0.5667439023443003,0.0007633520457569514
IN.ADM2.00340,maize,Kharif,cleaned,16,0.7528239517605031,0.5667439023443003,0.0007633520457569514
IN.ADM2.00344,maize,Kharif,full,16,0.6263940531673347,0.3923695098434017,0.009425268701837256
IN.ADM2.00344,maize,Kharif,cleaned,16,0.6263940531673347,0.3923695098434017,0.009425268701837256
IN.ADM2.00348,maize,Kharif,full,16,0.8617346321214047,0.7425865761974126,1.7830827366562628e-05
IN.ADM2.00348,maize,Kharif,cleaned,16,0.8617346321214047,0.7425865761974126,1.7830827366562628e-05
IN.ADM2.00349,maize,Kharif,full,16,0.6951467074459341,0.48322894487292306,0.00279575072314431
IN.ADM2.00349,maize,Kharif,cleaned,16,0.6951467074459341,0.48322894487292306,0.00279575072314431
IN.ADM2.00351,maize,Kharif,full,16,0.45371769018364605,0.20585974238558302,0.0775260201218621
IN.ADM2.00351,maize,Kharif,cleaned,16,0.45371769018364605,0.20585974238558302,0.0775260201218621
IN.ADM2.00357,maize,Kharif,full,16,0.7720991710242379,0.5961371298963153,0.00045725945446576863
IN.ADM2.00357,maize,Kharif,cleaned,16,0.7720991710242379,0.5961371298963153,0.00045725945446576863
IN.ADM2.00360,maize,Kharif,full,16,-0.026146503263802745,0.0006836396329240476,0.9234270475052125
IN.ADM2.00360,maize,Kharif,cleaned,15,-0.01300502963475523,0.00016913079580086176,0.96331024660584
IN.ADM2.00363,maize,Kharif,full,16,-0.2726922648812178,0.07436107132604824,0.3068650820566458
IN.ADM2.00363,maize,Kharif,cleaned,16,-0.2726922648812178,0.07436107132604824,0.3068650820566458
IN.ADM2.00365,maize,Kharif,full,8,0.16009840542723527,0.025631499420343398,0.7049054998868957
IN.ADM2.00365,maize,Kharif,cleaned,8,0.16009840542723527,0.025631499420343398,0.7049054998868957
IN.ADM2.00366,maize,Kharif,full,10,0.4068972567187005,0.16556537752520403,0.24321766013324866
IN.ADM2.00366,maize,Kharif,cleaned,9,0.26314912598200735,0.06924746250509438,0.49389633996128424
IN.ADM2.00367,maize,Kharif,full,10,-0.21975565877232361,0.04829254956245793,0.5418345419210916
IN.ADM2.00367,maize,Kharif,cleaned,10,-0.21975565877232361,0.04829254956245793,0.5418345419210916
IN.ADM2.00368,maize,Kharif,full,10,0.24446251219940213,0.05976191987084283,0.49606701191737457
IN.ADM2.00368,maize,Kharif,cleaned,9,0.1783149757919063,0.03179623059166813,0.6462277725952857
IN.ADM2.00374,maize,Kharif,full,10,-0.2670115591513801,0.07129517272045094,0.45580374092479287
IN.ADM2.00374,maize,Kharif,cleaned,10,-0.2670115591513801,0.07129517272045094,0.45580374092479287
IN.ADM2.00376,maize,Kharif,full,10,0.3261113542124529,0.10634861534627993,0.35777882064101085
IN.ADM2.00376,maize,Kharif,cleaned,10,0.3261113542124529,0.10634861534627993,0.35777882064101085
IN.ADM2.00378,maize,Kharif,full,10,-0.08598951366193244,0.007394196459815666,0.8132826427313224
IN.ADM2.00378,maize,Kharif,cleaned,10,-0.08598951366193244,0.007394196459815666,0.8132826427313224
IN.ADM2.00383,maize,Kharif,full,10,0.1002745819260043,0.010054991780434949,0.7828416466681145
IN.ADM2.00383,maize,Kharif,cleaned,10,0.1002745819260043,0.010054991780434949,0.7828416466681145
IN.ADM2.00384,maize,Kharif,full,10,-0.22987314574979473,0.05284166313690637,0.5228919483154395
IN.ADM2.00384,maize,Kharif,cleaned,10,-0.22987314574979473,0.05284166313690637,0.5228919483154395
IN.ADM2.00388,maize,Kharif,full,16,0.5601170339816841,0.3137310917564391,0.02403772615303467
IN.ADM2.00388,maize,Kharif,cleaned,16,0.5601170339816841,0.3137310917564391,0.02403772615303467
IN.ADM2.00390,maize,Kharif,full,16,-0.01491505219092873,0.00022245878185812789,0.9562793158557915
IN.ADM2.00390,maize,Kharif,cleaned,16,-0.01491505219092873,0.00022245878185812789,0.9562793158557915
IN.ADM2.00391,maize,Kharif,full,16,-0.08423066536346671,0.007094804987572311,0.7564517173286699
IN.ADM2.00391,maize,Kharif,cleaned,16,-0.08423066536346671,0.007094804987572311,0.7564517173286699
IN.ADM2.00392,maize,Kharif,full,16,0.43620757506769947,0.19027704854644267,0.09119510033495197
IN.ADM2.00392,maize,Kharif,cleaned,16,0.43620757506769947,0.19027704854644267,0.09119510033495197
IN.ADM2.00393,maize,Kharif,full,16,0.24259942524610328,0.05885448112973966,0.36530030336896857
IN.ADM2.00393,maize,Kharif,cleaned,16,0.24259942524610328,0.05885448112973966,0.36530030336896857
IN.ADM2.00394,maize,Kharif,full,16,0.4135217887561017,0.171000269776046,0.11135252733870597
IN.ADM2.00394,maize,Kharif,cleaned,16,0.4135217887561017,0.171000269776046,0.11135252733870597
IN.ADM2.00396,maize,Kharif,full,16,0.5595650884668232,0.31311308823088363,0.024207273568736178
IN.ADM2.00396,maize,Kharif,cleaned,16,0.5595650884668232,0.31311308823088363,0.024207273568736178
IN.ADM2.00397,maize,Kharif,full,16,0.315747697160094,0.09969660826190242,0.23352778332723628
IN.ADM2.00397,maize,Kharif,cleaned,16,0.315747697160094,0.09969660826190242,0.23352778332723628
IN.ADM2.00398,maize,Kharif,full,16,-0.15286000213876832,0.023366180253864256,0.57195117226188
IN.ADM2.00398,maize,Kharif,cleaned,16,-0.15286000213876832,0.023366180253864256,0.57195117226188
IN.ADM2.00400,maize,Kharif,full,16,0.20408322324128308,0.04164996200855139,0.4483627768605496
IN.ADM2.00400,maize,Kharif,cleaned,16,0.20408322324128308,0.04164996200855139,0.4483627768605496
IN.ADM2.00401,maize,Kharif,full,16,0.47111982029921695,0.22195388507876648,0.06547297615760912
IN.ADM2.00401,maize,Kharif,cleaned,16,0.47111982029921695,0.22195388507876648,0.06547297615760912
IN.ADM2.00402,maize,Kharif,full,16,0.3064738157885363,0.09392619976398567,0.2482933832346981
IN.ADM2.00402,maize,Kharif,cleaned,16,0.3064738157885363,0.09392619976398567,0.2482933832346981
IN.ADM2.00403,maize,Kharif,full,16,0.16075845525627416,0.0258432809363835,0.5520025655508297
IN.ADM2.00403,maize,Kharif,cleaned,16,0.16075845525627416,0.0258432809363835,0.5520025655508297
IN.ADM2.00405,maize,Kharif,full,16,0.49203214511906046,0.24209563183046418,0.05287323902940594
IN.ADM2.00405,maize,Kharif,cleaned,16,0.49203214511906046,0.24209563183046418,0.05287323902940594
IN.ADM2.00406,maize,Kharif,full,16,0.38609296574846075,0.1490677782004421,0.13965285799545524
IN.ADM2.00406,maize,Kharif,cleaned,16,0.38609296574846075,0.1490677782004421,0.13965285799545524
IN.ADM2.00409,maize,Kharif,full,16,0.06801714420562505,0.004626331905888793,0.8023646151344773
IN.ADM2.00409,maize,Kharif,cleaned,16,0.06801714420562505,0.004626331905888793,0.8023646151344773
IN.ADM2.00410,maize,Kharif,full,16,0.656027181128233,0.43037166237905544,0.005786212749250216
IN.ADM2.00410,maize,Kharif,cleaned,16,0.656027181128233,0.43037166237905544,0.005786212749250216
IN.ADM2.00412,maize,Kharif,full,16,0.12350052511520407,0.015252379703731151,0.6486193159510707
IN.ADM2.00412,maize,Kharif,cleaned,16,0.12350052511520407,0.015252379703731151,0.6486193159510707
IN.ADM2.00413,maize,Kharif,full,16,0.44300939404317274,0.1962573232104991,0.08569572305555688
IN.ADM2.00413,maize,Kharif,cleaned,16,0.44300939404317274,0.1962573232104991,0.08569572305555688
IN.ADM2.00414,maize,Kharif,full,15,0.5840912895920761,0.34116263457733453,0.02223437157230104
IN.ADM2.00414,maize,Kharif,cleaned,15,0.5840912895920761,0.34116263457733453,0.02223437157230104
IN.ADM2.00416,maize,Kharif,full,16,0.5010891760211553,0.25109036232556037,0.048014273781199636
IN.ADM2.00416,maize,Kharif,cleaned,16,0.5010891760211553,0.25109036232556037,0.048014273781199636
IN.ADM2.00417,maize,Kharif,full,16,-0.3008538430717633,0.0905130348910492,0.2575169124376489
IN.ADM2.00417,maize,Kharif,cleaned,16,-0.3008538430717633,0.0905130348910492,0.2575169124376489
IN.ADM2.00419,maize,Kharif,full,16,0.0763014041079467,0.005821904268844185,0.778820014888179
IN.ADM2.00419,maize,Kharif,cleaned,16,0.0763014041079467,0.005821904268844185,0.778820014888179
IN.ADM2.00420,maize,Kharif,full,16,-0.29936465642234916,0.08961919751487116,0.2599958473078492
IN.ADM2.00420,maize,Kharif,cleaned,16,-0.29936465642234916,0.08961919751487116,0.2599958473078492
IN.ADM2.00421,maize,Kharif,full,15,0.16972759785519753,0.028807457473695654,0.5453528572083366
IN.ADM2.00421,maize,Kharif,cleaned,15,0.16972759785519753,0.028807457473695654,0.5453528572083366
IN.ADM2.00422,maize,Kharif,full,16,-0.020525058494418102,0.0004212780261992847,0.9398585439011368
IN.ADM2.00422,maize,Kharif,cleaned,16,-0.020525058494418102,0.0004212780261992847,0.9398585439011368
IN.ADM2.00423,maize,Kharif,full,16,0.4497332311482617,0.20225997919905578,0.08049718633761066
IN.ADM2.00423,maize,Kharif,cleaned,16,0.4497332311482617,0.20225997919905578,0.08049718633761066
IN.ADM2.00424,maize,Kharif,full,16,0.4057182432821682,0.16460729293196863,0.11895518759402915
IN.ADM2.00424,maize,Kharif,cleaned,16,0.4057182432821682,0.16460729293196863,0.11895518759402915
IN.ADM2.00425,maize,Kharif,full,16,0.3387677162085102,0.1147635655451297,0.19931324709263817
IN.ADM2.00425,maize,Kharif,cleaned,16,0.3387677162085102,0.1147635655451297,0.19931324709263817
IN.ADM2.00426,maize,Kharif,full,16,0.5528174548569884,0.30560713839455844,0.02635515129495597
IN.ADM2.00426,maize,Kharif,cleaned,16,0.5528174548569884,0.30560713839455844,0.02635515129495597
IN.ADM2.00427,maize,Kharif,full,16,0.5102289419208068,0.26033357317362604,0.0434563283694
IN.ADM2.00427,maize,Kharif,cleaned,16,0.5102289419208068,0.26033357317362604,0.0434563283694
IN.ADM2.00429,maize,Kharif,full,16,0.4050024043549626,0.16402694753330063,0.11967021097895764
IN.ADM2.00429,maize,Kharif,cleaned,16,0.4050024043549626,0.16402694753330063,0.11967021097895764
IN.ADM2.00430,maize,Kharif,full,16,0.24660537316043302,0.06081421007159642,0.35718701829517996
IN.ADM2.00430,maize,Kharif,cleaned,16,0.24660537316043302,0.06081421007159642,0.35718701829517996
IN.ADM2.00433,maize,Kharif,full,16,0.22424978258881476,0.05028796499113069,0.4037466538470824
IN.ADM2.00433,maize,Kharif,cleaned,16,0.22424978258881476,0.05028796499113069,0.4037466538470824
IN.ADM2.00436,maize,Kharif,full,16,-0.1377477247710861,0.018974435679610886,0.6109400161164682
IN.ADM2.00436,maize,Kharif,cleaned,16,-0.1377477247710861,0.018974435679610886,0.6109400161164682
IN.ADM2.00437,maize,Kharif,full,16,-0.0694656543407023,0.004825477132981933,0.7982357180801772
IN.ADM2.00437,maize,Kharif,cleaned,16,-0.0694656543407023,0.004825477132981933,0.7982357180801772
IN.ADM2.00438,maize,Kharif,full,16,0.2708958015396206,0.07338453529179352,0.3101893779981808
IN.ADM2.00438,maize,Kharif,cleaned,16,0.2708958015396206,0.07338453529179352,0.3101893779981808
IN.ADM2.00439,maize,Kharif,full,16,0.024511926319121427,0.0006008345318740377,0.9282022066662527
IN.ADM2.00439,maize,Kharif,cleaned,16,0.024511926319121427,0.0006008345318740377,0.9282022066662527
IN.ADM2.00440,maize,Kharif,full,16,0.36228682004052315,0.13125173997507442,0.16789972197216366
IN.ADM2.00440,maize,Kharif,cleaned,16,0.36228682004052315,0.13125173997507442,0.16789972197216366
IN.ADM2.00441,maize,Kharif,full,16,0.16279591004060828,0.026502508325949824,0.546906481221711
IN.ADM2.00441,maize,Kharif,cleaned,16,0.16279591004060828,0.026502508325949824,0.546906481221711
IN.ADM2.00442,maize,Kharif,full,15,0.12066113939000878,0.014559110558895128,0.6683979905915172
IN.ADM2.00442,maize,Kharif,cleaned,15,0.12066113939000878,0.014559110558895128,0.6683979905915172
IN.ADM2.00443,maize,Kharif,full,16,-0.04611801088879257,0.00212687092833879,0.8653270005089889
IN.ADM2.00443,maize,Kharif,cleaned,16,-0.04611801088879257,0.00212687092833879,0.8653270005089889
IN.ADM2.00444,maize,Kharif,full,16,0.7440246925545053,0.5535727431308262,0.0009504386745109699
IN.ADM2.00444,maize,Kharif,cleaned,16,0.7440246925545053,0.5535727431308262,0.0009504386745109699
IN.ADM2.00445,maize,Kharif,full,16,0.3611239935756362,0.13041053873601613,0.1693699896804848
IN.ADM2.00445,maize,Kharif,cleaned,16,0.3611239935756362,0.13041053873601613,0.1693699896804848
IN.ADM2.00448,maize,Kharif,full,16,0.42219613152709257,0.17824957347644205,0.10330835196765656
IN.ADM2.00448,maize,Kharif,cleaned,16,0.42219613152709257,0.17824957347644205,0.10330835196765656
IN.ADM2.00449,maize,Kharif,full,16,0.37839006810478454,0.14317904364034348,0.14840947063070328
IN.ADM2.00449,maize,Kharif,cleaned,16,0.37839006810478454,0.14317904364034348,0.14840947063070328
IN.ADM2.00452,maize,Kharif,full,6,0.5891216930932526,0.3470643692730605,0.21854903477936471
IN.ADM2.00452,maize,Kharif,cleaned,6,0.5891216930932526,0.3470643692730605,0.21854903477936471
IN.ADM2.00455,maize,Kharif,full,7,0.1432129192654393,0.020509940244529234,0.7593597557134528
IN.ADM2.00455,maize,Kharif,cleaned,7,0.1432129192654393,0.020509940244529234,0.7593597557134528
IN.ADM2.00458,maize,Kharif,full,7,0.06460846307177806,0.0041742535004973096,0.8905460448824081
IN.ADM2.00458,maize,Kharif,cleaned,7,0.06460846307177806,0.0041742535004973096,0.8905460448824081
IN.ADM2.00460,maize,Kharif,full,7,-0.5382383073075085,0.289700475453252,0.21264500401271627
IN.ADM2.00460,maize,Kharif,cleaned,7,-0.5382383073075085,0.289700475453252,0.21264500401271627
IN.ADM2.00462,maize,Kharif,full,7,0.5976798895523004,0.35722125037525004,0.15640046216060863
IN.ADM2.00462,maize,Kharif,cleaned,7,0.5976798895523004,0.35722125037525004,0.15640046216060863
IN.ADM2.00463,maize,Kharif,full,7,0.5847806097930517,0.3419683615899334,0.1678879630286255
IN.ADM2.00463,maize,Kharif,cleaned,7,0.5847806097930517,0.3419683615899334,0.1678879630286255
IN.ADM2.00465,maize,Kharif,full,7,0.13414176797611954,0.01799401391575909,0.7743171735579584
IN.ADM2.00465,maize,Kharif,cleaned,7,0.13414176797611954,0.01799401391575909,0.7743171735579584
IN.ADM2.00488,maize,Kharif,full,16,0.6087975922601866,0.3706345083418004,0.012319929591329428
IN.ADM2.00488,maize,Kharif,cleaned,16,0.6087975922601866,0.3706345083418004,0.012319929591329428
IN.ADM2.00489,maize,Kharif,full,16,0.2485681010299032,0.06178610084961217,0.3532489947842852
IN.ADM2.00489,maize,Kharif,cleaned,16,0.2485681010299032,0.06178610084961217,0.3532489947842852
IN.ADM2.00491,maize,Kharif,full,16,0.5265053811294739,0.27720791635829256,0.036151963990494085
IN.ADM2.00491,maize,Kharif,cleaned,16,0.5265053811294739,0.27720791635829256,0.036151963990494085
IN.ADM2.00492,maize,Kharif,full,10,0.23084077096288586,0.053287461538739526,0.5210946648222564
IN.ADM2.00492,maize,Kharif,cleaned,10,0.23084077096288586,0.053287461538739526,0.5210946648222564
IN.ADM2.00494,maize,Kharif,full,16,0.5226491907849863,0.27316217662820097,0.03779180796763194
IN.ADM2.00494,maize,Kharif,cleaned,16,0.5226491907849863,0.27316217662820097,0.03779180796763194
IN.ADM2.00495,maize,Kharif,full,16,0.4360906839533505,0.19017508463090102,0.09129175429375588
IN.ADM2.00495,maize,Kharif,cleaned,16,0.4360906839533505,0.19017508463090102,0.09129175429375588
IN.ADM2.00497,maize,Kharif,full,16,0.008832129571758496,7.800651277233091e-05,0.9741027854759958
IN.ADM2.00497,maize,Kharif,cleaned,16,0.008832129571758496,7.800651277233091e-05,0.9741027854759958
IN.ADM2.00498,maize,Kharif,full,8,0.5042610820650033,0.254279238885368,0.20256269690601886
IN.ADM2.00498,maize,Kharif,cleaned,8,0.5042610820650033,0.254279238885368,0.20256269690601886
IN.ADM2.00500,maize,Kharif,full,13,-0.2016682390765802,0.04067007865224871,0.5088040712212448
IN.ADM2.00500,maize,Kharif,cleaned,13,-0.2016682390765802,0.04067007865224871,0.5088040712212448
IN.ADM2.00502,maize,Kharif,full,13,-0.06753570811283824,0.0045610718703024845,0.8264814930464452
IN.ADM2.00502,maize,Kharif,cleaned,13,-0.06753570811283824,0.0045610718703024845,0.8264814930464452
IN.ADM2.00503,maize,Kharif,full,13,0.2111476934738552,0.04458334845932912,0.4886452985256128
IN.ADM2.00503,maize,Kharif,cleaned,13,0.2111476934738552,0.04458334845932912,0.4886452985256128
IN.ADM2.00512,maize,Kharif,full,16,0.07826832970869807,0.006125931435389469,0.7732554433593972
IN.ADM2.00512,maize,Kharif,cleaned,16,0.07826832970869807,0.006125931435389469,0.7732554433593972
IN.ADM2.00514,maize,Kharif,full,7,-0.06322645628135934,0.003997584773898644,0.8928778489198538
IN.ADM2.00514,maize,Kharif,cleaned,7,-0.06322645628135934,0.003997584773898644,0.8928778489198538
IN.ADM2.00533,maize,Kharif,full,10,0.044838860050066334,0.0020105233705894347,0.9021119580641699
IN.ADM2.00533,maize,Kharif,cleaned,10,0.044838860050066334,0.0020105233705894347,0.9021119580641699
IN.ADM2.00534,maize,Kharif,full,10,0.1980003992316434,0.03920415809589017,0.5834587703600929
IN.ADM2.00534,maize,Kharif,cleaned,10,0.1980003992316434,0.03920415809589017,0.5834587703600929
IN.ADM2.00554,maize,Kharif,full,16,0.11027665781139591,0.012160941258051707,0.6843246247717986
IN.ADM2.00554,maize,Kharif,cleaned,16,0.11027665781139591,0.012160941258051707,0.6843246247717986
IN.ADM2.00555,maize,Kharif,full,16,0.08308573397454744,0.006903239190089267,0.7596708100654331
IN.ADM2.00555,maize,Kharif,cleaned,16,0.08308573397454744,0.006903239190089267,0.7596708100654331
IN.ADM2.00556,maize,Kharif,full,16,-0.16578080714221563,0.027483276016724494,0.5394782511762096
IN.ADM2.00556,maize,Kharif,cleaned,16,-0.16578080714221563,0.027483276016724494,0.5394782511762096
IN.ADM2.00559,maize,Kharif,full,15,0.5015875778845311,0.25159009828807055,0.056783443163906384
IN.ADM2.00559,maize,Kharif,cleaned,15,0.5015875778845311,0.25159009828807055,0.056783443163906384
IN.ADM2.00564,maize,Kharif,full,16,0.3919193235966401,0.1536007562084479,0.1332686740811623
IN.ADM2.00564,maize,Kharif,cleaned,16,0.3919193235966401,0.1536007562084479,0.1332686740811623
IN.ADM2.00566,maize,Kharif,full,10,-0.1651324629833722,0.02726873033095479,0.6484628307785557
IN.ADM2.00566,maize,Kharif,cleaned,10,-0.1651324629833722,0.02726873033095479,0.6484628307785557
IN.ADM2.00567,maize,Kharif,full,10,-0.13055283976637166,0.017044043971063915,0.7192335997563986
IN.ADM2.00567,maize,Kharif,cleaned,10,-0.13055283976637166,0.017044043971063915,0.7192335997563986
IN.ADM2.00568,maize,Kharif,full,10,-0.18612805725580545,0.03464365369782039,0.6066594380073262
IN.ADM2.00568,maize,Kharif,cleaned,10,-0.18612805725580545,0.03464365369782039,0.6066594380073262
IN.ADM2.00569,maize,Kharif,full,16,0.17728664252093046,0.03143055361634419,0.511272954803401
IN.ADM2.00569,maize,Kharif,cleaned,16,0.17728664252093046,0.03143055361634419,0.511272954803401
IN.ADM2.00571,maize,Kharif,full,16,0.29278018180455023,0.08572023485750549,0.2711316006445563
IN.ADM2.00571,maize,Kharif,cleaned,16,0.29278018180455023,0.08572023485750549,0.2711316006445563
IN.ADM2.00572,maize,Kharif,full,16,0.4206669116976981,0.17696065059727892,0.10469577940034529
IN.ADM2.00572,maize,Kharif,cleaned,16,0.4206669116976981,0.17696065059727892,0.10469577940034529
IN.ADM2.00575,maize,Kharif,full,16,-0.18778291422609739,0.03526242287524585,0.4861556251588315
IN.ADM2.00575,maize,Kharif,cleaned,16,-0.18778291422609739,0.03526242287524585,0.4861556251588315
IN.ADM2.00577,maize,Kharif,full,10,0.6438166610573246,0.414499893055002,0.044558343324084156
IN.ADM2.00577,maize,Kharif,cleaned,9,0.68319007152602,0.46674867383172824,0.04250284676086986
IN.ADM2.00578,maize,Kharif,full,10,0.07666165910048017,0.0058770099760382345,0.833284709466974
IN.ADM2.00578,maize,Kharif,cleaned,10,0.07666165910048017,0.0058770099760382345,0.833284709466974
IN.ADM2.00003,maize,Rabi,full,17,0.4738175567345184,0.22450307706986858,0.054689980413216856
IN.ADM2.00003,maize,Rabi,cleaned,17,0.4738175567345184,0.22450307706986858,0.054689980413216856
IN.ADM2.00004,maize,Rabi,full,17,0.2527333314898756,0.06387413684597135,0.3277352061959746
IN.ADM2.00004,maize,Rabi,cleaned,17,0.2527333314898756,0.06387413684597135,0.3277352061959746
IN.ADM2.00005,maize,Rabi,full,17,0.09720654982959707,0.00944911332977394,0.7105291975436556
IN.ADM2.00005,maize,Rabi,cleaned,17,0.09720654982959707,0.00944911332977394,0.7105291975436556
IN.ADM2.00007,maize,Rabi,full,17,0.12064532362432093,0.01455529411241713,0.6446299581531483
IN.ADM2.00007,maize,Rabi,cleaned,17,0.12064532362432093,0.01455529411241713,0.6446299581531483
IN.ADM2.00008,maize,Rabi,full,17,0.539365006108087,0.29091460981397677,0.025455069670695947
IN.ADM2.00008,maize,Rabi,cleaned,17,0.539365006108087,0.29091460981397677,0.025455069670695947
IN.ADM2.00010,maize,Rabi,full,17,0.5776790261655604,0.3337130572715903,0.015159539430434646
IN.ADM2.00010,maize,Rabi,cleaned,17,0.5776790261655604,0.3337130572715903,0.015159539430434646
IN.ADM2.00011,maize,Rabi,full,17,-0.03831657731472664,0.001468160097115424,0.8839195335255395
IN.ADM2.00011,maize,Rabi,cleaned,17,-0.03831657731472664,0.001468160097115424,0.8839195335255395
IN.ADM2.00012,maize,Rabi,full,17,0.21656239909604877,0.0468992727022363,0.40378957704386376
IN.ADM2.00012,maize,Rabi,cleaned,17,0.21656239909604877,0.0468992727022363,0.40378957704386376
IN.ADM2.00013,maize,Rabi,full,17,0.07941483215165235,0.006306715565675115,0.7619099579321766
IN.ADM2.00013,maize,Rabi,cleaned,17,0.07941483215165235,0.006306715565675115,0.7619099579321766
IN.ADM2.00014,maize,Rabi,full,17,0.3325821644060046,0.11061089608098265,0.19212126494131399
IN.ADM2.00014,maize,Rabi,cleaned,17,0.3325821644060046,0.11061089608098265,0.19212126494131399
IN.ADM2.00016,maize,Rabi,full,17,0.20721729115562362,0.04293900575387449,0.42485897721667937
IN.ADM2.00016,maize,Rabi,cleaned,17,0.20721729115562362,0.04293900575387449,0.42485897721667937
IN.ADM2.00018,maize,Rabi,full,17,0.18036099635796218,0.03253008900723685,0.48848635072300967
IN.ADM2.00018,maize,Rabi,cleaned,17,0.18036099635796218,0.03253008900723685,0.48848635072300967
IN.ADM2.00021,maize,Rabi,full,17,-0.1859432695948413,0.034574899507619834,0.47489568622612527
IN.ADM2.00021,maize,Rabi,cleaned,17,-0.1859432695948413,0.034574899507619834,0.47489568622612527
IN.ADM2.00025,maize,Rabi,full,17,0.18122397648853655,0.032842129654317646,0.486373142620649
IN.ADM2.00025,maize,Rabi,cleaned,17,0.18122397648853655,0.032842129654317646,0.486373142620649
IN.ADM2.00060,maize,Rabi,full,17,0.12427790881480587,0.015444998619381202,0.6346228060556505
IN.ADM2.00060,maize,Rabi,cleaned,17,0.12427790881480587,0.015444998619381202,0.6346228060556505
IN.ADM2.00061,maize,Rabi,full,12,0.03452608243623406,0.0011920503683936301,0.9151683700495965
IN.ADM2.00061,maize,Rabi,cleaned,12,0.03452608243623406,0.0011920503683936301,0.9151683700495965
IN.ADM2.00065,maize,Rabi,full,17,-0.4340899539952457,0.18843408815959453,0.08168484258236292
IN.ADM2.00065,maize,Rabi,cleaned,16,-0.17197072663695806,0.029573930820043358,0.5242187573733021
IN.ADM2.00069,maize,Rabi,full,16,0.43668221341037156,0.19069135550898128,0.09080338513059516
IN.ADM2.00069,maize,Rabi,cleaned,16,0.43668221341037156,0.19069135550898128,0.09080338513059516
IN.ADM2.00072,maize,Rabi,full,17,0.32850959771503235,0.10791855579089239,0.19795574139502323
IN.ADM2.00072,maize,Rabi,cleaned,17,0.32850959771503235,0.10791855579089239,0.19795574139502323
IN.ADM2.00075,maize,Rabi,full,17,0.21700137917457896,0.04708959856366939,0.40281387311809463
IN.ADM2.00075,maize,Rabi,cleaned,16,0.1894082259791589,0.035875476068572124,0.48232013770563986
IN.ADM2.00076,maize,Rabi,full,17,-0.015837242619810316,0.0002508182537987363,0.9518943182497971
IN.ADM2.00076,maize,Rabi,cleaned,17,-0.015837242619810316,0.0002508182537987363,0.9518943182497971
IN.ADM2.00078,maize,Rabi,full,17,0.22545202752189583,0.050828616713733676,0.38427928747976436
IN.ADM2.00078,maize,Rabi,cleaned,17,0.22545202752189583,0.050828616713733676,0.38427928747976436
IN.ADM2.00081,maize,Rabi,full,17,0.07656231011806253,0.00586178733061438,0.7702421254026637
IN.ADM2.00081,maize,Rabi,cleaned,17,0.07656231011806253,0.00586178733061438,0.7702421254026637
IN.ADM2.00083,maize,Rabi,full,17,-0.24139779574113795,0.05827289578868016,0.3506116003351818
IN.ADM2.00083,maize,Rabi,cleaned,17,-0.24139779574113795,0.05827289578868016,0.3506116003351818
IN.ADM2.00084,maize,Rabi,full,17,0.11078699758599456,0.012273758834119164,0.6720761076429472
IN.ADM2.00084,maize,Rabi,cleaned,17,0.11078699758599456,0.012273758834119164,0.6720761076429472
IN.ADM2.00087,maize,Rabi,full,17,0.08411522078353433,0.007075370367462725,0.7482343800106199
IN.ADM2.00087,maize,Rabi,cleaned,17,0.08411522078353433,0.007075370367462725,0.7482343800106199
IN.ADM2.00090,maize,Rabi,full,17,0.052249147514179146,0.0027299734159584527,0.8421418009484284
IN.ADM2.00090,maize,Rabi,cleaned,17,0.052249147514179146,0.0027299734159584527,0.8421418009484284
IN.ADM2.00092,maize,Rabi,full,17,-0.6740181426385187,0.4543004566058785,0.0030076246687393846
IN.ADM2.00092,maize,Rabi,cleaned,17,-0.6740181426385187,0.4543004566058785,0.0030076246687393846
IN.ADM2.00097,maize,Rabi,full,17,-0.330348715040266,0.10913027352875489,0.19530677378348033
IN.ADM2.00097,maize,Rabi,cleaned,17,-0.330348715040266,0.10913027352875489,0.19530677378348033
IN.ADM2.00098,maize,Rabi,full,17,-0.3834170657159037,0.14700864628219365,0.1287093492980055
IN.ADM2.00098,maize,Rabi,cleaned,17,-0.3834170657159037,0.14700864628219365,0.1287093492980055
IN.ADM2.00100,maize,Rabi,full,17,-0.45827911990148346,0.21001975173767826,0.06430688861780312
IN.ADM2.00100,maize,Rabi,cleaned,16,-0.1996976223984123,0.03987914039157886,0.458382283892219
IN.ADM2.00101,maize,Rabi,full,17,-0.4965370790062031,0.24654907082801236,0.042615607511572826
IN.ADM2.00101,maize,Rabi,cleaned,17,-0.4965370790062031,0.24654907082801236,0.042615607511572826
IN.ADM2.00110,maize,Rabi,full,5,-0.3179917266527608,0.10111873821960415,0.6020512752725625
IN.ADM2.00110,maize,Rabi,cleaned,5,-0.3179917266527608,0.10111873821960415,0.6020512752725625
IN.ADM2.00111,maize,Rabi,full,7,-0.2071995406174065,0.042931649632064285,0.6557489242983924
IN.ADM2.00111,maize,Rabi,cleaned,7,-0.2071995406174065,0.042931649632064285,0.6557489242983924
IN.ADM2.00117,maize,Rabi,full,7,0.5149220348328449,0.26514470195639755,0.2369632306617043
IN.ADM2.00117,maize,Rabi,cleaned,7,0.5149220348328449,0.26514470195639755,0.2369632306617043
IN.ADM2.00121,maize,Rabi,full,6,0.6910443965828673,0.4775423580485792,0.12843489045591908
IN.ADM2.00121,maize,Rabi,cleaned,6,0.6910443965828673,0.4775423580485792,0.12843489045591908
IN.ADM2.00126,maize,Rabi,full,5,-0.5917555101371377,0.35017458377766403,0.29318697140492483
IN.ADM2.00126,maize,Rabi,cleaned,5,-0.5917555101371377,0.35017458377766403,0.29318697140492483
IN.ADM2.00170,maize,Rabi,full,17,0.17989386602552776,0.03236180303361053,0.4896320747409142
IN.ADM2.00170,maize,Rabi,cleaned,17,0.17989386602552776,0.03236180303361053,0.4896320747409142
IN.ADM2.00171,maize,Rabi,full,17,0.05284126343218898,0.0027921991211099922,0.8403743205837113
IN.ADM2.00171,maize,Rabi,cleaned,17,0.05284126343218898,0.0027921991211099922,0.8403743205837113
IN.ADM2.00172,maize,Rabi,full,17,0.6792415419658764,0.4613690723321814,0.0027106663661269534
IN.ADM2.00172,maize,Rabi,cleaned,17,0.6792415419658764,0.4613690723321814,0.0027106663661269534
IN.ADM2.00173,maize,Rabi,full,17,0.1421306077632867,0.020201109663161253,0.5863327412011466
IN.ADM2.00173,maize,Rabi,cleaned,17,0.1421306077632867,0.020201109663161253,0.5863327412011466
IN.ADM2.00174,maize,Rabi,full,17,0.009214121666429482,8.49000380837652e-05,0.9720020108463787
IN.ADM2.00174,maize,Rabi,cleaned,17,0.009214121666429482,8.49000380837652e-05,0.9720020108463787
IN.ADM2.00175,maize,Rabi,full,17,0.3994861796500304,0.1595892077313764,0.11214109745340163
IN.ADM2.00175,maize,Rabi,cleaned,16,0.4387993620965782,0.19254488017636395,0.08907073280822686
IN.ADM2.00179,maize,Rabi,full,17,0.31490479822163514,0.09916503194300874,0.21828160681053227
IN.ADM2.00179,maize,Rabi,cleaned,17,0.31490479822163514,0.09916503194300874,0.21828160681053227
IN.ADM2.00180,maize,Rabi,full,17,0.3554285656054138,0.12632946524832195,0.1614949121009721
IN.ADM2.00180,maize,Rabi,cleaned,17,0.3554285656054138,0.12632946524832195,0.1614949121009721
IN.ADM2.00181,maize,Rabi,full,17,0.5519046413336933,0.30459873312567265,0.021621899171797365
IN.ADM2.00181,maize,Rabi,cleaned,17,0.5519046413336933,0.30459873312567265,0.021621899171797365
IN.ADM2.00182,maize,Rabi,full,9,-0.6264610004427262,0.39245338507570143,0.07104261988094435
IN.ADM2.00182,maize,Rabi,cleaned,9,-0.6264610004427262,0.39245338507570143,0.07104261988094435
IN.ADM2.00183,maize,Rabi,full,16,-0.031593679307573216,0.00099816057218978,0.9075325198544397
IN.ADM2.00183,maize,Rabi,cleaned,16,-0.031593679307573216,0.00099816057218978,0.9075325198544397
IN.ADM2.00185,maize,Rabi,full,17,0.2937651004209072,0.0862979342253057,0.25243991326402915
IN.ADM2.00185,maize,Rabi,cleaned,17,0.2937651004209072,0.0862979342253057,0.25243991326402915
IN.ADM2.00186,maize,Rabi,full,17,-0.012244157027931829,0.0001499193813246524,0.9628001990632554
IN.ADM2.00186,maize,Rabi,cleaned,17,-0.012244157027931829,0.0001499193813246524,0.9628001990632554
IN.ADM2.00188,maize,Rabi,full,17,-0.16934766325433553,0.028678631049703827,0.5158388831004277
IN.ADM2.00188,maize,Rabi,cleaned,17,-0.16934766325433553,0.028678631049703827,0.5158388831004277
IN.ADM2.00189,maize,Rabi,full,16,-0.22429797179250419,0.050309580150231,0.4036429661753883
IN.ADM2.00189,maize,Rabi,cleaned,16,-0.22429797179250419,0.050309580150231,0.4036429661753883
IN.ADM2.00250,maize,Rabi,full,17,0.7221543405723503,0.5215068916074861,0.001061608482180042
IN.ADM2.00250,maize,Rabi,cleaned,17,0.7221543405723503,0.5215068916074861,0.001061608482180042
IN.ADM2.00251,maize,Rabi,full,11,-0.02713690328755987,0.0007364115200383776,0.9368738564947086
IN.ADM2.00251,maize,Rabi,cleaned,11,-0.02713690328755987,0.0007364115200383776,0.9368738564947086
IN.ADM2.00253,maize,Rabi,full,17,0.6801353528414553,0.4625840981847709,0.002662337115278877
IN.ADM2.00253,maize,Rabi,cleaned,17,0.6801353528414553,0.4625840981847709,0.002662337115278877
IN.ADM2.00255,maize,Rabi,full,17,0.5992354553228948,0.35908313091603705,0.011017883081983785
IN.ADM2.00255,maize,Rabi,cleaned,17,0.5992354553228948,0.35908313091603705,0.011017883081983785
IN.ADM2.00256,maize,Rabi,full,17,0.2841226537705111,0.08072568238559773,0.2690677728996443
IN.ADM2.00256,maize,Rabi,cleaned,17,0.2841226537705111,0.08072568238559773,0.2690677728996443
IN.ADM2.00258,maize,Rabi,full,17,0.159578266345715,0.025465223089903958,0.5406815675443402
IN.ADM2.00258,maize,Rabi,cleaned,17,0.159578266345715,0.025465223089903958,0.5406815675443402
IN.ADM2.00259,maize,Rabi,full,16,0.24082326443209312,0.057995844691729845,0.3689299857986281
IN.ADM2.00259,maize,Rabi,cleaned,16,0.24082326443209312,0.057995844691729845,0.3689299857986281
IN.ADM2.00260,maize,Rabi,full,17,0.25828064474114576,0.06670889144790194,0.3168646411513826
IN.ADM2.00260,maize,Rabi,cleaned,17,0.25828064474114576,0.06670889144790194,0.3168646411513826
IN.ADM2.00261,maize,Rabi,full,16,0.6920068386419205,0.47887346472718495,0.002975621418846359
IN.ADM2.00261,maize,Rabi,cleaned,16,0.6920068386419205,0.47887346472718495,0.002975621418846359
IN.ADM2.00262,maize,Rabi,full,17,0.2731128496220227,0.07459062862866159,0.2888566091951556
IN.ADM2.00262,maize,Rabi,cleaned,17,0.2731128496220227,0.07459062862866159,0.2888566091951556
IN.ADM2.00263,maize,Rabi,full,17,0.5751428258744535,0.330789270154852,0.015717930770868874
IN.ADM2.00263,maize,Rabi,cleaned,17,0.5751428258744535,0.330789270154852,0.015717930770868874
IN.ADM2.00267,maize,Rabi,full,17,0.38908433210322735,0.15138661748821453,0.12268309041343925
IN.ADM2.00267,maize,Rabi,cleaned,16,0.30921628176526506,0.09561470890873579,0.2438679637526255
IN.ADM2.00268,maize,Rabi,full,17,0.30586123686131356,0.09355109621433255,0.2325093584014391
IN.ADM2.00268,maize,Rabi,cleaned,17,0.30586123686131356,0.09355109621433255,0.2325093584014391
IN.ADM2.00269,maize,Rabi,full,14,0.5765903096297289,0.33245638515890663,0.03089357442706698
IN.ADM2.00269,maize,Rabi,cleaned,14,0.5765903096297289,0.33245638515890663,0.03089357442706698
IN.ADM2.00270,maize,Rabi,full,17,0.346277492864236,0.11990810206434101,0.17333675777350996
IN.ADM2.00270,maize,Rabi,cleaned,17,0.346277492864236,0.11990810206434101,0.17333675777350996
IN.ADM2.00271,maize,Rabi,full,17,0.6817423857553652,0.46477268053541715,0.002577212527375674
IN.ADM2.00271,maize,Rabi,cleaned,16,0.6820256843752781,0.4651590341475665,0.0036103784890195376
IN.ADM2.00272,maize,Rabi,full,5,-0.489263119523933,0.23937840012629033,0.40288329330235667
IN.ADM2.00272,maize,Rabi,cleaned,5,-0.489263119523933,0.23937840012629033,0.40288329330235667
IN.ADM2.00273,maize,Rabi,full,11,0.10560349573455871,0.01115209831135896,0.7573052158873967
IN.ADM2.00273,maize,Rabi,cleaned,6,0.43933561416211203,0.19301578187120016,0.3833959322925139
IN.ADM2.00274,maize,Rabi,full,17,0.33341999349170537,0.11116889206000885,0.19093516879357275
IN.ADM2.00274,maize,Rabi,cleaned,17,0.33341999349170537,0.11116889206000885,0.19093516879357275
IN.ADM2.00275,maize,Rabi,full,17,0.3971794022728484,0.15775147758981714,0.11442167486245229
IN.ADM2.00275,maize,Rabi,cleaned,17,0.3971794022728484,0.15775147758981714,0.11442167486245229
IN.ADM2.00277,maize,Rabi,full,17,0.6171717468167264,0.3809009650688094,0.008306130975937494
IN.ADM2.00277,maize,Rabi,cleaned,17,0.6171717468167264,0.3809009650688094,0.008306130975937494
IN.ADM2.00282,maize,Rabi,full,9,-0.13744586778454493,0.018891366571046606,0.7243682123893145
IN.ADM2.00282,maize,Rabi,cleaned,9,-0.13744586778454493,0.018891366571046606,0.7243682123893145
IN.ADM2.00283,maize,Rabi,full,9,-0.16185681407035504,0.02619762826100548,0.6773819055728177
IN.ADM2.00283,maize,Rabi,cleaned,9,-0.16185681407035504,0.02619762826100548,0.6773819055728177
IN.ADM2.00285,maize,Rabi,full,9,-0.25186497665020807,0.06343596646300986,0.51326038671852
IN.ADM2.00285,maize,Rabi,cleaned,9,-0.25186497665020807,0.06343596646300986,0.51326038671852
IN.ADM2.00286,maize,Rabi,full,9,-0.15858160934489451,0.025148126822416735,0.6836341018680225
IN.ADM2.00286,maize,Rabi,cleaned,9,-0.15858160934489451,0.025148126822416735,0.6836341018680225
IN.ADM2.00288,maize,Rabi,full,9,-0.066609429053676,0.004436816038856697,0.8648050979594423
IN.ADM2.00288,maize,Rabi,cleaned,9,-0.066609429053676,0.004436816038856697,0.8648050979594423
IN.ADM2.00294,maize,Rabi,full,17,0.08483882199972002,0.007197625718300178,0.7461352739663518
IN.ADM2.00294,maize,Rabi,cleaned,16,0.033586094031752445,0.0011280257123097172,0.9017266779354363
IN.ADM2.00296,maize,Rabi,full,16,-0.3414031512459354,0.11655611168065504,0.1956164175735272
IN.ADM2.00296,maize,Rabi,cleaned,16,-0.3414031512459354,0.11655611168065504,0.1956164175735272
IN.ADM2.00297,maize,Rabi,full,14,0.07056773353262996,0.004979805015932267,0.8105469783866289
IN.ADM2.00297,maize,Rabi,cleaned,14,0.07056773353262996,0.004979805015932267,0.8105469783866289
IN.ADM2.00300,maize,Rabi,full,8,-0.2409868681716664,0.05807467063118812,0.5653388752175315
IN.ADM2.00300,maize,Rabi,cleaned,7,-0.5085125920370391,0.2585850562602282,0.24386372255829594
IN.ADM2.00301,maize,Rabi,full,8,-0.13853028930538458,0.01919064105503355,0.7435596821118591
IN.ADM2.00301,maize,Rabi,cleaned,8,-0.13853028930538458,0.01919064105503355,0.7435596821118591
IN.ADM2.00302,maize,Rabi,full,9,0.18321052977668875,0.033566098221054955,0.637049503913951
IN.ADM2.00302,maize,Rabi,cleaned,9,0.18321052977668875,0.033566098221054955,0.637049503913951
IN.ADM2.00365,maize,Rabi,full,5,0.9004461661554272,0.8108032981440071,0.0371387165987201
IN.ADM2.00365,maize,Rabi,cleaned,5,0.9004461661554272,0.8108032981440071,0.0371387165987201
IN.ADM2.00366,maize,Rabi,full,5,0.46524265429624967,0.2164507273766197,0.42975821877540255
IN.ADM2.00367,maize,Rabi,full,5,0.865005877872538,0.7482351687540402,0.05831908032107934
IN.ADM2.00367,maize,Rabi,cleaned,5,0.865005877872538,0.7482351687540402,0.05831908032107934
IN.ADM2.00368,maize,Rabi,full,5,0.05109949642999252,0.0026111585353988183,0.9349664260187446
IN.ADM2.00374,maize,Rabi,full,5,-0.2963678136261136,0.08783388095352279,0.6282519229331641
IN.ADM2.00374,maize,Rabi,cleaned,5,-0.2963678136261136,0.08783388095352279,0.6282519229331641
IN.ADM2.00376,maize,Rabi,full,5,0.24284270031895233,0.05897257709820049,0.6938695599476291
IN.ADM2.00376,maize,Rabi,cleaned,5,0.24284270031895233,0.05897257709820049,0.6938695599476291
IN.ADM2.00378,maize,Rabi,full,5,0.7038565408647015,0.4954140301180232,0.18462306296221206
IN.ADM2.00378,maize,Rabi,cleaned,5,0.7038565408647015,0.4954140301180232,0.18462306296221206
IN.ADM2.00383,maize,Rabi,full,5,0.7399793107551823,0.5475693803457147,0.1528044809823248
IN.ADM2.00383,maize,Rabi,cleaned,5,0.7399793107551823,0.5475693803457147,0.1528044809823248
IN.ADM2.00384,maize,Rabi,full,5,-0.31749523969007554,0.10080322722585852,0.6026506621724025
IN.ADM2.00384,maize,Rabi,cleaned,5,-0.31749523969007554,0.10080322722585852,0.6026506621724025
IN.ADM2.00388,maize,Rabi,full,8,0.012606959210496968,0.00015893542053513433,0.9763644559763514
IN.ADM2.00388,maize,Rabi,cleaned,8,0.012606959210496968,0.00015893542053513433,0.9763644559763514
IN.ADM2.00390,maize,Rabi,full,15,0.05937571964936848,0.0035254760838804027,0.8335153201643404
IN.ADM2.00390,maize,Rabi,cleaned,15,0.05937571964936848,0.0035254760838804027,0.8335153201643404
IN.ADM2.00392,maize,Rabi,full,13,0.15448573931272505,0.023865843650999242,0.6143140669037598
IN.ADM2.00392,maize,Rabi,cleaned,13,0.15448573931272505,0.023865843650999242,0.6143140669037598
IN.ADM2.00393,maize,Rabi,full,16,0.38612191805293083,0.14909013560087422,0.13962062697198185
IN.ADM2.00393,maize,Rabi,cleaned,16,0.38612191805293083,0.14909013560087422,0.13962062697198185
IN.ADM2.00394,maize,Rabi,full,16,0.12894698802495808,0.016627325720708682,0.6341144425929125
IN.ADM2.00394,maize,Rabi,cleaned,16,0.12894698802495808,0.016627325720708682,0.6341144425929125
IN.ADM2.00396,maize,Rabi,full,11,0.4101161905825693,0.1681952897779583,0.21028982547306382
IN.ADM2.00396,maize,Rabi,cleaned,11,0.4101161905825693,0.1681952897779583,0.21028982547306382
IN.ADM2.00397,maize,Rabi,full,5,-0.1481682285805483,0.021953823960697606,0.8120389214127797
IN.ADM2.00397,maize,Rabi,cleaned,5,-0.1481682285805483,0.021953823960697606,0.8120389214127797
IN.ADM2.00398,maize,Rabi,full,16,0.03725832614839335,0.0013881828673800514,0.8910383194771112
IN.ADM2.00398,maize,Rabi,cleaned,16,0.03725832614839335,0.0013881828673800514,0.8910383194771112
IN.ADM2.00400,maize,Rabi,full,8,0.1783631559726036,0.03181341540850732,0.6725943139546715
IN.ADM2.00400,maize,Rabi,cleaned,8,0.1783631559726036,0.03181341540850732,0.6725943139546715
IN.ADM2.00401,maize,Rabi,full,8,0.40772648441618403,0.16624088609438076,0.31601337844053284
IN.ADM2.00401,maize,Rabi,cleaned,8,0.40772648441618403,0.16624088609438076,0.31601337844053284
IN.ADM2.00405,maize,Rabi,full,6,0.36882402857348184,0.13603116405317256,0.47184973810859293
IN.ADM2.00405,maize,Rabi,cleaned,6,0.36882402857348184,0.13603116405317256,0.47184973810859293
IN.ADM2.00406,maize,Rabi,full,9,0.5463166550951629,0.2984618876343672,0.12804776522571423
IN.ADM2.00406,maize,Rabi,cleaned,9,0.5463166550951629,0.2984618876343672,0.12804776522571423
IN.ADM2.00409,maize,Rabi,full,13,0.14005332321315075,0.019614933343047272,0.6481389941161265
IN.ADM2.00409,maize,Rabi,cleaned,13,0.14005332321315075,0.019614933343047272,0.6481389941161265
IN.ADM2.00410,maize,Rabi,full,7,0.5159080880931418,0.26616115535992096,0.2359098109293398
IN.ADM2.00410,maize,Rabi,cleaned,7,0.5159080880931418,0.26616115535992096,0.2359098109293398
IN.ADM2.00412,maize,Rabi,full,14,-0.09469210805581305,0.008966595328053774,0.7474552950889104
IN.ADM2.00412,maize,Rabi,cleaned,14,-0.09469210805581305,0.008966595328053774,0.7474552950889104
IN.ADM2.00413,maize,Rabi,full,16,0.3339654477093558,0.11153292026371048,0.20616539132397388
IN.ADM2.00413,maize,Rabi,cleaned,16,0.3339654477093558,0.11153292026371048,0.20616539132397388
IN.ADM2.00414,maize,Rabi,full,16,-0.07747129449941764,0.006001801471415498,0.7755090807726411
IN.ADM2.00414,maize,Rabi,cleaned,16,-0.07747129449941764,0.006001801471415498,0.7755090807726411
IN.ADM2.00416,maize,Rabi,full,8,0.4776094919524102,0.22811082680303937,0.2313474997155026
IN.ADM2.00416,maize,Rabi,cleaned,8,0.4776094919524102,0.22811082680303937,0.2313474997155026
IN.ADM2.00417,maize,Rabi,full,6,-0.48086641252786844,0.23123250669742215,0.33429635418590503
IN.ADM2.00417,maize,Rabi,cleaned,6,-0.48086641252786844,0.23123250669742215,0.33429635418590503
IN.ADM2.00419,maize,Rabi,full,8,0.2419969769901644,0.058562536872378154,0.5636593845980025
IN.ADM2.00419,maize,Rabi,cleaned,8,0.2419969769901644,0.058562536872378154,0.5636593845980025
IN.ADM2.00420,maize,Rabi,full,6,0.8406698705507427,0.7067258312518025,0.036056750710545364
IN.ADM2.00420,maize,Rabi,cleaned,6,0.8406698705507427,0.7067258312518025,0.036056750710545364
IN.ADM2.00421,maize,Rabi,full,8,0.5380787507456322,0.28952874200398016,0.16892437101759059
IN.ADM2.00421,maize,Rabi,cleaned,8,0.5380787507456322,0.28952874200398016,0.16892437101759059
IN.ADM2.00422,maize,Rabi,full,11,0.4229645017313042,0.17889896972481042,0.19493628369511884
IN.ADM2.00422,maize,Rabi,cleaned,11,0.4229645017313042,0.17889896972481042,0.19493628369511884
IN.ADM2.00423,maize,Rabi,full,14,0.22786595759466188,0.05192289463053225,0.43333484955808954
IN.ADM2.00423,maize,Rabi,cleaned,14,0.22786595759466188,0.05192289463053225,0.43333484955808954
IN.ADM2.00425,maize,Rabi,full,10,-0.0812870272540757,0.006607580799804846,0.8233549065839316
IN.ADM2.00425,maize,Rabi,cleaned,10,-0.0812870272540757,0.006607580799804846,0.8233549065839316
IN.ADM2.00426,maize,Rabi,full,14,-0.022360503170364143,0.0004999921020318649,0.9395198302524979
IN.ADM2.00426,maize,Rabi,cleaned,14,-0.022360503170364143,0.0004999921020318649,0.9395198302524979
IN.ADM2.00427,maize,Rabi,full,6,0.8199903491737307,0.6723841727380568,0.045688742530588626
IN.ADM2.00427,maize,Rabi,cleaned,6,0.8199903491737307,0.6723841727380568,0.045688742530588626
IN.ADM2.00429,maize,Rabi,full,10,0.16847774034667673,0.028384748992322226,0.6417390452668208
IN.ADM2.00429,maize,Rabi,cleaned,10,0.16847774034667673,0.028384748992322226,0.6417390452668208
IN.ADM2.00430,maize,Rabi,full,5,0.4293291943716319,0.1843235571397945,0.47065209870075997
IN.ADM2.00430,maize,Rabi,cleaned,5,0.4293291943716319,0.1843235571397945,0.47065209870075997
IN.ADM2.00433,maize,Rabi,full,5,0.7815441049328653,0.6108111879553135,0.11847043690871636
IN.ADM2.00433,maize,Rabi,cleaned,5,0.7815441049328653,0.6108111879553135,0.11847043690871636
IN.ADM2.00436,maize,Rabi,full,5,-0.7113665740413196,0.5060424026632843,0.17786655140900953
IN.ADM2.00436,maize,Rabi,cleaned,5,-0.7113665740413196,0.5060424026632843,0.17786655140900953
IN.ADM2.00437,maize,Rabi,full,6,-0.300451708553854,0.09027122917293003,0.5628835096883507
IN.ADM2.00437,maize,Rabi,cleaned,6,-0.300451708553854,0.09027122917293003,0.5628835096883507
IN.ADM2.00438,maize,Rabi,full,8,-0.007877518753301366,6.20553017086147e-05,0.9852302633784382
IN.ADM2.00438,maize,Rabi,cleaned,8,-0.007877518753301366,6.20553017086147e-05,0.9852302633784382
IN.ADM2.00439,maize,Rabi,full,16,0.0824063072471646,0.006790799474114094,0.7615828418773787
IN.ADM2.00439,maize,Rabi,cleaned,16,0.0824063072471646,0.006790799474114094,0.7615828418773787
IN.ADM2.00440,maize,Rabi,full,7,0.5918220617317447,0.350253352752413,0.16156708113427082
IN.ADM2.00440,maize,Rabi,cleaned,7,0.5918220617317447,0.350253352752413,0.16156708113427082
IN.ADM2.00442,maize,Rabi,full,9,-0.3029422038257312,0.09177397885879088,0.4281219833065958
IN.ADM2.00442,maize,Rabi,cleaned,9,-0.3029422038257312,0.09177397885879088,0.4281219833065958
IN.ADM2.00443,maize,Rabi,full,9,0.3215720755923708,0.10340859980078543,0.3987570487611818
IN.ADM2.00443,maize,Rabi,cleaned,9,0.3215720755923708,0.10340859980078543,0.3987570487611818
IN.ADM2.00444,maize,Rabi,full,12,0.1535759874810616,0.02358558393078319,0.6336949007411581
IN.ADM2.00444,maize,Rabi,cleaned,12,0.1535759874810616,0.02358558393078319,0.6336949007411581
IN.ADM2.00445,maize,Rabi,full,11,0.010256703780791753,0.00010519997244690784,0.9761231759084716
IN.ADM2.00445,maize,Rabi,cleaned,11,0.010256703780791753,0.00010519997244690784,0.9761231759084716
IN.ADM2.00448,maize,Rabi,full,9,0.7603685450718404,0.5781603243346674,0.017385186393173966
IN.ADM2.00448,maize,Rabi,cleaned,9,0.7603685450718404,0.5781603243346674,0.017385186393173966
IN.ADM2.00452,maize,Rabi,full,10,-0.06056027706671325,0.0036675471583970747,0.8680091862329722
IN.ADM2.00452,maize,Rabi,cleaned,10,-0.06056027706671325,0.0036675471583970747,0.8680091862329722
IN.ADM2.00455,maize,Rabi,full,10,-0.6337741240710075,0.40166964034197283,0.0491151232702052
IN.ADM2.00455,maize,Rabi,cleaned,10,-0.6337741240710075,0.40166964034197283,0.0491151232702052
IN.ADM2.00458,maize,Rabi,full,10,-0.4078662790472517,0.16635490158385058,0.24198783713972422
IN.ADM2.00458,maize,Rabi,cleaned,10,-0.4078662790472517,0.16635490158385058,0.24198783713972422
IN.ADM2.00460,maize,Rabi,full,10,0.5593943758286732,0.3129220677087509,0.09270269422830335
IN.ADM2.00460,maize,Rabi,cleaned,10,0.5593943758286732,0.3129220677087509,0.09270269422830335
IN.ADM2.00462,maize,Rabi,full,10,0.11802083155728518,0.013928916681473082,0.745395513648843
IN.ADM2.00462,maize,Rabi,cleaned,10,0.11802083155728518,0.013928916681473082,0.745395513648843
IN.ADM2.00463,maize,Rabi,full,10,0.560556696393663,0.3142238098717773,0.09188034177783427
IN.ADM2.00463,maize,Rabi,cleaned,10,0.560556696393663,0.3142238098717773,0.09188034177783427
IN.ADM2.00470,maize,Rabi,full,17,0.07251973995265255,0.005259112682800351,0.7820910201974525
IN.ADM2.00470,maize,Rabi,cleaned,17,0.07251973995265255,0.005259112682800351,0.7820910201974525
IN.ADM2.00471,maize,Rabi,full,17,-0.05143413972589486,0.002645470729342876,0.8445757833673533
IN.ADM2.00471,maize,Rabi,cleaned,17,-0.05143413972589486,0.002645470729342876,0.8445757833673533
IN.ADM2.00479,maize,Rabi,full,17,0.46480427468654184,0.21604301376688223,0.060127332696667424
IN.ADM2.00479,maize,Rabi,cleaned,17,0.46480427468654184,0.21604301376688223,0.060127332696667424
IN.ADM2.00482,maize,Rabi,full,6,0.19716068228309752,0.038872334638336524,0.7080910245849692
IN.ADM2.00482,maize,Rabi,cleaned,6,0.19716068228309752,0.038872334638336524,0.7080910245849692
IN.ADM2.00484,maize,Rabi,full,17,-0.13840848153312096,0.019156907760304286,0.5962740880756161
IN.ADM2.00484,maize,Rabi,cleaned,17,-0.13840848153312096,0.019156907760304286,0.5962740880756161
IN.ADM2.00485,maize,Rabi,full,17,-0.3757623989044841,0.14119738043045263,0.13717150159688377
IN.ADM2.00485,maize,Rabi,cleaned,17,-0.3757623989044841,0.14119738043045263,0.13717150159688377
IN.ADM2.00492,maize,Rabi,full,5,-0.9303058227929544,0.8654689239224759,0.02185423390055138
IN.ADM2.00492,maize,Rabi,cleaned,5,-0.9303058227929544,0.8654689239224759,0.02185423390055138
IN.ADM2.00514,maize,Rabi,full,10,-0.5958913429385314,0.3550864925890864,0.06907137131495765
IN.ADM2.00514,maize,Rabi,cleaned,10,-0.5958913429385314,0.3550864925890864,0.06907137131495765
IN.ADM2.00533,maize,Rabi,full,5,-0.25800644352327234,0.06656732489952752,0.6751778848360683
IN.ADM2.00533,maize,Rabi,cleaned,5,-0.25800644352327234,0.06656732489952752,0.6751778848360683
IN.ADM2.00534,maize,Rabi,full,5,0.009807901549727854,9.619493280915405e-05,0.98751239210955
IN.ADM2.00534,maize,Rabi,cleaned,5,0.009807901549727854,9.619493280915405e-05,0.98751239210955
IN.ADM2.00540,maize,Rabi,full,8,0.45064883916666376,0.20308437624226158,0.2624632637000326
IN.ADM2.00540,maize,Rabi,cleaned,8,0.45064883916666376,0.20308437624226158,0.2624632637000326
IN.ADM2.00541,maize,Rabi,full,15,-0.2981622297259199,0.08890071523513222,0.2804144236685419
IN.ADM2.00541,maize,Rabi,cleaned,15,-0.2981622297259199,0.08890071523513222,0.2804144236685419
IN.ADM2.00554,maize,Rabi,full,16,-0.15270401948299367,0.02331851756626251,0.5723481679940876
IN.ADM2.00554,maize,Rabi,cleaned,16,-0.15270401948299367,0.02331851756626251,0.5723481679940876
IN.ADM2.00555,maize,Rabi,full,14,-0.0009433580354864107,8.899243831167802e-07,0.9974463041056614
IN.ADM2.00555,maize,Rabi,cleaned,14,-0.0009433580354864107,8.899243831167802e-07,0.9974463041056614
IN.ADM2.00556,maize,Rabi,full,5,0.8623912816945902,0.7437187227428381,0.05999692150857515
IN.ADM2.00556,maize,Rabi,cleaned,5,0.8623912816945902,0.7437187227428381,0.05999692150857515
IN.ADM2.00566,maize,Rabi,full,5,0.7774557311307634,0.6044374138680698,0.12173114645210696
IN.ADM2.00566,maize,Rabi,cleaned,5,0.7774557311307634,0.6044374138680698,0.12173114645210696
IN.ADM2.00567,maize,Rabi,full,5,0.8383976164403348,0.7029105632528349,0.07606546887666517
IN.ADM2.00567,maize,Rabi,cleaned,5,0.8383976164403348,0.7029105632528349,0.07606546887666517
IN.ADM2.00568,maize,Rabi,full,5,0.4081068764995681,0.16655122264623373,0.49518971767916453
IN.ADM2.00568,maize,Rabi,cleaned,5,0.4081068764995681,0.16655122264623373,0.49518971767916453
IN.ADM2.00571,maize,Rabi,full,15,-0.051754351821863595,0.0026785129325012356,0.8546601181465253
IN.ADM2.00571,maize,Rabi,cleaned,15,-0.051754351821863595,0.0026785129325012356,0.8546601181465253
IN.ADM2.00572,maize,Rabi,full,15,-0.030814227416484666,0.0009495166112748353,0.9131912139445479
IN.ADM2.00572,maize,Rabi,cleaned,15,-0.030814227416484666,0.0009495166112748353,0.9131912139445479
IN.ADM2.00577,maize,Rabi,full,5,0.571910160086138,0.327081231209752,0.31373678326216387
IN.ADM2.00578,maize,Rabi,full,5,0.4842662657809943,0.23451381617346861,0.40844086869310653
IN.ADM2.00578,maize,Rabi,cleaned,5,0.4842662657809943,0.23451381617346861,0.40844086869310653
IN.ADM2.00060,maize,Summer,full,16,0.13733684750483266,0.01886140968256566,0.6120144992975189
IN.ADM2.00060,maize,Summer,cleaned,16,0.13733684750483266,0.01886140968256566,0.6120144992975189
IN.ADM2.00061,maize,Summer,full,13,0.26397974483015435,0.0696853056805934,0.38348130410061415
IN.ADM2.00061,maize,Summer,cleaned,13,0.26397974483015435,0.0696853056805934,0.38348130410061415
IN.ADM2.00065,maize,Summer,full,16,-0.35331720454357723,0.124833047026488,0.17946273224781853
IN.ADM2.00065,maize,Summer,cleaned,15,-0.3105128151676761,0.09641820838335538,0.2599928106718006
IN.ADM2.00069,maize,Summer,full,16,0.02939510040128332,0.0008640719276015267,0.9139442043169181
IN.ADM2.00069,maize,Summer,cleaned,16,0.02939510040128332,0.0008640719276015267,0.9139442043169181
IN.ADM2.00072,maize,Summer,full,16,0.34476308154386137,0.11886158239561921,0.19096841399539072
IN.ADM2.00072,maize,Summer,cleaned,16,0.34476308154386137,0.11886158239561921,0.19096841399539072
IN.ADM2.00075,maize,Summer,full,16,-0.0020371837280032667,4.150117541641288e-06,0.9940257695727819
IN.ADM2.00075,maize,Summer,cleaned,15,0.01243663868187922,0.0001546699817036145,0.9649128595098594
IN.ADM2.00076,maize,Summer,full,16,0.1213547774033934,0.014726981998627162,0.6543668413577537
IN.ADM2.00076,maize,Summer,cleaned,16,0.1213547774033934,0.014726981998627162,0.6543668413577537
IN.ADM2.00078,maize,Summer,full,16,-0.12052208516787774,0.014525573013213175,0.6566021941659107
IN.ADM2.00078,maize,Summer,cleaned,16,-0.12052208516787774,0.014525573013213175,0.6566021941659107
IN.ADM2.00081,maize,Summer,full,16,-0.08348228513415513,0.006969291931220379,0.7585554440584603
IN.ADM2.00081,maize,Summer,cleaned,16,-0.08348228513415513,0.006969291931220379,0.7585554440584603
IN.ADM2.00083,maize,Summer,full,16,-0.001650766566224371,2.7250302561642005e-06,0.9951589599793367
IN.ADM2.00083,maize,Summer,cleaned,16,-0.001650766566224371,2.7250302561642005e-06,0.9951589599793367
IN.ADM2.00084,maize,Summer,full,16,0.1726590429940448,0.029811145127619412,0.5225341451872094
IN.ADM2.00084,maize,Summer,cleaned,16,0.1726590429940448,0.029811145127619412,0.5225341451872094
IN.ADM2.00087,maize,Summer,full,16,-0.554437030911149,0.30740042124557043,0.025826795366019412
IN.ADM2.00087,maize,Summer,cleaned,16,-0.554437030911149,0.30740042124557043,0.025826795366019412
IN.ADM2.00090,maize,Summer,full,16,-0.013773584020060486,0.0001897116167576656,0.9596226723184098
IN.ADM2.00090,maize,Summer,cleaned,16,-0.013773584020060486,0.0001897116167576656,0.9596226723184098
IN.ADM2.00092,maize,Summer,full,16,0.03939539749575924,0.0015519973438488733,0.8848261561209667
IN.ADM2.00092,maize,Summer,cleaned,16,0.03939539749575924,0.0015519973438488733,0.8848261561209667
IN.ADM2.00097,maize,Summer,full,16,-0.274159198920803,0.07516326635289641,0.3041661765992737
IN.ADM2.00097,maize,Summer,cleaned,16,-0.274159198920803,0.07516326635289641,0.3041661765992737
IN.ADM2.00098,maize,Summer,full,16,0.33092172407940823,0.109509187467688,0.21058599888349683
IN.ADM2.00098,maize,Summer,cleaned,16,0.33092172407940823,0.109509187467688,0.21058599888349683
IN.ADM2.00100,maize,Summer,full,16,0.32962803982434946,0.10865464463844292,0.21248319239056804
IN.ADM2.00100,maize,Summer,cleaned,15,0.5355083290021058,0.28676917043062755,0.039657491332153474
IN.ADM2.00101,maize,Summer,full,16,0.2489452427435023,0.06197373388462128,0.35249510018526986
IN.ADM2.00101,maize,Summer,cleaned,16,0.2489452427435023,0.06197373388462128,0.35249510018526986
IN.ADM2.00111,maize,Summer,full,7,0.42026817084958856,0.17662533542925896,0.34783259665303157
IN.ADM2.00111,maize,Summer,cleaned,7,0.42026817084958856,0.17662533542925896,0.34783259665303157
IN.ADM2.00117,maize,Summer,full,7,-0.4756155801756707,0.22621018010583982,0.28070605816296607
IN.ADM2.00117,maize,Summer,cleaned,7,-0.4756155801756707,0.22621018010583982,0.28070605816296607
IN.ADM2.00121,maize,Summer,full,7,-0.5334118446065097,0.28452819596651924,0.21757687711795445
IN.ADM2.00121,maize,Summer,cleaned,7,-0.5334118446065097,0.28452819596651924,0.21757687711795445
IN.ADM2.00126,maize,Summer,full,5,-0.601204604819393,0.3614469768560425,0.2835306730331319
IN.ADM2.00126,maize,Summer,cleaned,5,-0.601204604819393,0.3614469768560425,0.2835306730331319
IN.ADM2.00170,maize,Summer,full,16,0.10324669073326453,0.010659879147370373,0.7035700639587166
IN.ADM2.00170,maize,Summer,cleaned,16,0.10324669073326453,0.010659879147370373,0.7035700639587166
IN.ADM2.00171,maize,Summer,full,16,0.08657998617368617,0.007496094005835689,0.7498581525002775
IN.ADM2.00171,maize,Summer,cleaned,16,0.08657998617368617,0.007496094005835689,0.7498581525002775
IN.ADM2.00172,maize,Summer,full,16,0.2523235712956456,0.06366718463138875,0.3457823402631463
IN.ADM2.00172,maize,Summer,cleaned,16,0.2523235712956456,0.06366718463138875,0.3457823402631463
IN.ADM2.00173,maize,Summer,full,16,0.24922446142635055,0.062112832173254494,0.351937533669329
IN.ADM2.00173,maize,Summer,cleaned,16,0.24922446142635055,0.062112832173254494,0.351937533669329
IN.ADM2.00174,maize,Summer,full,8,0.02125431767516303,0.00045174601983674764,0.9601601546742884
IN.ADM2.00174,maize,Summer,cleaned,8,0.02125431767516303,0.00045174601983674764,0.9601601546742884
IN.ADM2.00175,maize,Summer,full,16,-0.021990110594274262,0.00048356496394841314,0.9355737473300918
IN.ADM2.00175,maize,Summer,cleaned,15,-0.006110009852691639,3.73322203999889e-05,0.9827582919660086
IN.ADM2.00179,maize,Summer,full,16,0.26710717694458297,0.07134624397530476,0.3172689655107282
IN.ADM2.00179,maize,Summer,cleaned,16,0.26710717694458297,0.07134624397530476,0.3172689655107282
IN.ADM2.00180,maize,Summer,full,16,-0.5322360464179993,0.28327520910666265,0.033815067938972064
IN.ADM2.00180,maize,Summer,cleaned,16,-0.5322360464179993,0.28327520910666265,0.033815067938972064
IN.ADM2.00181,maize,Summer,full,16,0.4094166148724196,0.16762196453359116,0.11530833449722651
IN.ADM2.00181,maize,Summer,cleaned,16,0.4094166148724196,0.16762196453359116,0.11530833449722651
IN.ADM2.00182,maize,Summer,full,16,0.026227233078700445,0.0006878677549644788,0.9231912703041336
IN.ADM2.00182,maize,Summer,cleaned,16,0.026227233078700445,0.0006878677549644788,0.9231912703041336
IN.ADM2.00183,maize,Summer,full,16,0.29249104394033687,0.08555101078530808,0.2716271377623231
IN.ADM2.00183,maize,Summer,cleaned,16,0.29249104394033687,0.08555101078530808,0.2716271377623231
IN.ADM2.00185,maize,Summer,full,16,0.30233337312209596,0.09140546850338449,0.2550685210564771
IN.ADM2.00185,maize,Summer,cleaned,16,0.30233337312209596,0.09140546850338449,0.2550685210564771
IN.ADM2.00186,maize,Summer,full,16,0.0009636226773742096,9.2856866434984e-07,0.9971740688222128
IN.ADM2.00186,maize,Summer,cleaned,16,0.0009636226773742096,9.2856866434984e-07,0.9971740688222128
IN.ADM2.00188,maize,Summer,full,16,-0.232324231110197,0.05397454836094423,0.38657170141538155
IN.ADM2.00188,maize,Summer,cleaned,16,-0.232324231110197,0.05397454836094423,0.38657170141538155
IN.ADM2.00189,maize,Summer,full,14,0.11841616086163259,0.014022387153208046,0.6868105539010899
IN.ADM2.00189,maize,Summer,cleaned,14,0.11841616086163259,0.014022387153208046,0.6868105539010899
IN.ADM2.00250,maize,Summer,full,14,-0.2680105267171581,0.07182964243120851,0.3542296240046825
IN.ADM2.00250,maize,Summer,cleaned,14,-0.2680105267171581,0.07182964243120851,0.3542296240046825
IN.ADM2.00251,maize,Summer,full,8,0.7151959778369956,0.5115052867142164,0.04611987084620872
IN.ADM2.00251,maize,Summer,cleaned,8,0.7151959778369956,0.5115052867142164,0.04611987084620872
IN.ADM2.00252,maize,Summer,full,9,0.6037894429543686,0.3645616914231468,0.08511564234063435
IN.ADM2.00252,maize,Summer,cleaned,9,0.6037894429543686,0.3645616914231468,0.08511564234063435
IN.ADM2.00253,maize,Summer,full,15,-0.5533418756913968,0.30618723139367326,0.03237376923848663
IN.ADM2.00253,maize,Summer,cleaned,15,-0.5533418756913968,0.30618723139367326,0.03237376923848663
IN.ADM2.00255,maize,Summer,full,14,-0.5001492447210644,0.25014926699505113,0.06855918822937351
IN.ADM2.00255,maize,Summer,cleaned,14,-0.5001492447210644,0.25014926699505113,0.06855918822937351
IN.ADM2.00256,maize,Summer,full,13,0.26123004384430903,0.06824113580689962,0.3886385650643666
IN.ADM2.00256,maize,Summer,cleaned,13,0.26123004384430903,0.06824113580689962,0.3886385650643666
IN.ADM2.00258,maize,Summer,full,15,-0.5535793100033735,0.3064500524638111,0.03228413131132497
IN.ADM2.00258,maize,Summer,cleaned,15,-0.5535793100033735,0.3064500524638111,0.03228413131132497
IN.ADM2.00260,maize,Summer,full,14,0.12334083446608948,0.015212961446791287,0.6744253261185325
IN.ADM2.00260,maize,Summer,cleaned,14,0.12334083446608948,0.015212961446791287,0.6744253261185325
IN.ADM2.00261,maize,Summer,full,9,-0.3497973361361291,0.1223581763679321,0.3561174323602924
IN.ADM2.00261,maize,Summer,cleaned,9,-0.3497973361361291,0.1223581763679321,0.3561174323602924
IN.ADM2.00262,maize,Summer,full,14,0.47569564988056035,0.22628635131528865,0.08556623904357159
IN.ADM2.00262,maize,Summer,cleaned,14,0.47569564988056035,0.22628635131528865,0.08556623904357159
IN.ADM2.00263,maize,Summer,full,13,-0.2898337217878355,0.08400358628538844,0.33677792970454223
IN.ADM2.00263,maize,Summer,cleaned,13,-0.2898337217878355,0.08400358628538844,0.33677792970454223
IN.ADM2.00267,maize,Summer,full,12,-0.2975970520316912,0.0885640053779531,0.3475065903378288
IN.ADM2.00267,maize,Summer,cleaned,12,-0.2975970520316912,0.0885640053779531,0.3475065903378288
IN.ADM2.00268,maize,Summer,full,14,-0.5543317178514611,0.3072836534161518,0.03967792237553505
IN.ADM2.00268,maize,Summer,cleaned,14,-0.5543317178514611,0.3072836534161518,0.03967792237553505
IN.ADM2.00269,maize,Summer,full,15,-0.5194501086057304,0.26982841533050506,0.04720181478976607
IN.ADM2.00269,maize,Summer,cleaned,15,-0.5194501086057304,0.26982841533050506,0.04720181478976607
IN.ADM2.00270,maize,Summer,full,15,-0.4932979793476844,0.24334289642850845,0.06168217710752148
IN.ADM2.00270,maize,Summer,cleaned,15,-0.4932979793476844,0.24334289642850845,0.06168217710752148
IN.ADM2.00271,maize,Summer,full,15,-0.5619893715290554,0.31583205371162265,0.029227747558041015
IN.ADM2.00271,maize,Summer,cleaned,14,-0.17809866899278437,0.03171913589700137,0.5424202370115243
IN.ADM2.00274,maize,Summer,full,14,-0.07243849362761585,0.005247335359038143,0.805610920981376
IN.ADM2.00274,maize,Summer,cleaned,14,-0.07243849362761585,0.005247335359038143,0.805610920981376
IN.ADM2.00275,maize,Summer,full,15,-0.01841358123662741,0.00033905997395787703,0.9480678336243272
IN.ADM2.00275,maize,Summer,cleaned,15,-0.01841358123662741,0.00033905997395787703,0.9480678336243272
IN.ADM2.00277,maize,Summer,full,15,-0.6336904109731152,0.4015635369592756,0.011195888488990051
IN.ADM2.00277,maize,Summer,cleaned,15,-0.6336904109731152,0.4015635369592756,0.011195888488990051
IN.ADM2.00310,maize,Summer,full,10,0.0931988752334752,0.008686030344784877,0.7978890936204451
IN.ADM2.00310,maize,Summer,cleaned,10,0.0931988752334752,0.008686030344784877,0.7978890936204451
IN.ADM2.00312,maize,Summer,full,13,-0.12674066172796808,0.01606319533524323,0.679902533079309
IN.ADM2.00312,maize,Summer,cleaned,13,-0.12674066172796808,0.01606319533524323,0.679902533079309
IN.ADM2.00316,maize,Summer,full,9,0.4111581993016907,0.1690510648530088,0.27160095796381856
IN.ADM2.00316,maize,Summer,cleaned,9,0.4111581993016907,0.1690510648530088,0.27160095796381856
IN.ADM2.00388,maize,Summer,full,12,0.3799007125614143,0.14432455140467032,0.22318812210490424
IN.ADM2.00388,maize,Summer,cleaned,12,0.3799007125614143,0.14432455140467032,0.22318812210490424
IN.ADM2.00390,maize,Summer,full,12,0.4947280952776042,0.24475588825700623,0.10201752535541074
IN.ADM2.00390,maize,Summer,cleaned,12,0.4947280952776042,0.24475588825700623,0.10201752535541074
IN.ADM2.00392,maize,Summer,full,12,0.35028047576627813,0.12269641170305016,0.26431925990307487
IN.ADM2.00392,maize,Summer,cleaned,12,0.35028047576627813,0.12269641170305016,0.26431925990307487
IN.ADM2.00393,maize,Summer,full,12,-0.2795219775244575,0.07813253591918333,0.3789210385698265
IN.ADM2.00393,maize,Summer,cleaned,12,-0.2795219775244575,0.07813253591918333,0.3789210385698265
IN.ADM2.00394,maize,Summer,full,12,0.5340119147039933,0.2851687250458251,0.07371560657088794
IN.ADM2.00394,maize,Summer,cleaned,12,0.5340119147039933,0.2851687250458251,0.07371560657088794
IN.ADM2.00396,maize,Summer,full,12,0.09295265683715473,0.008640196413085848,0.7738641806561029
IN.ADM2.00396,maize,Summer,cleaned,12,0.09295265683715473,0.008640196413085848,0.7738641806561029
IN.ADM2.00397,maize,Summer,full,12,0.19234488698473326,0.03699655554916981,0.5492370781929088
IN.ADM2.00397,maize,Summer,cleaned,12,0.19234488698473326,0.03699655554916981,0.5492370781929088
IN.ADM2.00398,maize,Summer,full,12,0.09467388918014757,0.008963145292494864,0.7697754997713997
IN.ADM2.00398,maize,Summer,cleaned,12,0.09467388918014757,0.008963145292494864,0.7697754997713997
IN.ADM2.00400,maize,Summer,full,12,0.23530594095701532,0.05536888584966638,0.4616022075209527
IN.ADM2.00400,maize,Summer,cleaned,12,0.23530594095701532,0.05536888584966638,0.4616022075209527
IN.ADM2.00401,maize,Summer,full,12,0.16323223314824392,0.02664476193856266,0.612228859213364
IN.ADM2.00401,maize,Summer,cleaned,12,0.16323223314824392,0.02664476193856266,0.612228859213364
IN.ADM2.00403,maize,Summer,full,6,0.430635511196947,0.18544694350385585,0.3939767528624266
IN.ADM2.00403,maize,Summer,cleaned,6,0.430635511196947,0.18544694350385585,0.3939767528624266
IN.ADM2.00405,maize,Summer,full,12,0.3679504432248903,0.13538752866939321,0.2392884367577125
IN.ADM2.00405,maize,Summer,cleaned,12,0.3679504432248903,0.13538752866939321,0.2392884367577125
IN.ADM2.00406,maize,Summer,full,12,0.363023374906017,0.13178597072815457,0.246121278699198
IN.ADM2.00406,maize,Summer,cleaned,12,0.363023374906017,0.13178597072815457,0.246121278699198
IN.ADM2.00409,maize,Summer,full,11,0.46930331939869374,0.22024560559863235,0.14531182780643156
IN.ADM2.00409,maize,Summer,cleaned,11,0.46930331939869374,0.22024560559863235,0.14531182780643156
IN.ADM2.00410,maize,Summer,full,12,0.30081761172632704,0.09049123552473125,0.3420602683870571
IN.ADM2.00410,maize,Summer,cleaned,12,0.30081761172632704,0.09049123552473125,0.3420602683870571
IN.ADM2.00412,maize,Summer,full,12,0.4041617092102222,0.1633466871917282,0.19255866733757035
IN.ADM2.00412,maize,Summer,cleaned,12,0.4041617092102222,0.1633466871917282,0.19255866733757035
IN.ADM2.00413,maize,Summer,full,12,-0.13260385886939366,0.01758378338705407,0.6812009410263097
IN.ADM2.00413,maize,Summer,cleaned,12,-0.13260385886939366,0.01758378338705407,0.6812009410263097
IN.ADM2.00414,maize,Summer,full,12,0.1966395731205276,0.03866712171702332,0.5401788731705297
IN.ADM2.00414,maize,Summer,cleaned,12,0.1966395731205276,0.03866712171702332,0.5401788731705297
IN.ADM2.00416,maize,Summer,full,12,0.21589238720347928,0.046609522852417026,0.5003657728267028
IN.ADM2.00416,maize,Summer,cleaned,12,0.21589238720347928,0.046609522852417026,0.5003657728267028
IN.ADM2.00417,maize,Summer,full,10,-0.1554673545027533,0.02417009831608477,0.668016526753248
IN.ADM2.00417,maize,Summer,cleaned,10,-0.1554673545027533,0.02417009831608477,0.668016526753248
IN.ADM2.00419,maize,Summer,full,12,0.2574146686473608,0.06626231163483055,0.4192527642182239
IN.ADM2.00419,maize,Summer,cleaned,12,0.2574146686473608,0.06626231163483055,0.4192527642182239
IN.ADM2.00421,maize,Summer,full,12,0.4890497326652782,0.23916964101998006,0.10663186938075503
IN.ADM2.00421,maize,Summer,cleaned,12,0.4890497326652782,0.23916964101998006,0.10663186938075503
IN.ADM2.00422,maize,Summer,full,12,0.5891832385600668,0.3471368886001286,0.04381259569767798
IN.ADM2.00422,maize,Summer,cleaned,12,0.5891832385600668,0.3471368886001286,0.04381259569767798
IN.ADM2.00423,maize,Summer,full,12,-0.27310958732508045,0.07458884668887575,0.39040644165837646
IN.ADM2.00423,maize,Summer,cleaned,12,-0.27310958732508045,0.07458884668887575,0.39040644165837646
IN.ADM2.00425,maize,Summer,full,12,0.22860871757035867,0.05226194574916401,0.4748125752603265
IN.ADM2.00425,maize,Summer,cleaned,12,0.22860871757035867,0.05226194574916401,0.4748125752603265
IN.ADM2.00426,maize,Summer,full,12,0.10498402599767859,0.011021645714681253,0.7454001329105949
IN.ADM2.00426,maize,Summer,cleaned,12,0.10498402599767859,0.011021645714681253,0.7454001329105949
IN.ADM2.00427,maize,Summer,full,12,0.45113535334067234,0.2035231070338133,0.14100908843635188
IN.ADM2.00427,maize,Summer,cleaned,12,0.45113535334067234,0.2035231070338133,0.14100908843635188
IN.ADM2.00429,maize,Summer,full,12,0.37329784014895234,0.13935127745987277,0.23200130501755029
IN.ADM2.00429,maize,Summer,cleaned,12,0.37329784014895234,0.13935127745987277,0.23200130501755029
IN.ADM2.00430,maize,Summer,full,12,-0.07979597287229848,0.006367397286636594,0.8052847519546469
IN.ADM2.00430,maize,Summer,cleaned,12,-0.07979597287229848,0.006367397286636594,0.8052847519546469
IN.ADM2.00433,maize,Summer,full,12,-0.1980957635097886,0.039241931520526095,0.5371218747734963
IN.ADM2.00433,maize,Summer,cleaned,12,-0.1980957635097886,0.039241931520526095,0.5371218747734963
IN.ADM2.00436,maize,Summer,full,12,-0.412669841985743,0.17029639848453812,0.18246782933866326
IN.ADM2.00436,maize,Summer,cleaned,12,-0.412669841985743,0.17029639848453812,0.18246782933866326
IN.ADM2.00437,maize,Summer,full,11,0.48923376490961673,0.23934967672763813,0.12669592743438673
IN.ADM2.00437,maize,Summer,cleaned,11,0.48923376490961673,0.23934967672763813,0.12669592743438673
IN.ADM2.00438,maize,Summer,full,12,0.21178750044222328,0.044853945343564725,0.5087427925716863
IN.ADM2.00438,maize,Summer,cleaned,12,0.21178750044222328,0.044853945343564725,0.5087427925716863
IN.ADM2.00439,maize,Summer,full,12,0.1413040161138757,0.01996682496991044,0.6613525557188724
IN.ADM2.00439,maize,Summer,cleaned,12,0.1413040161138757,0.01996682496991044,0.6613525557188724
IN.ADM2.00440,maize,Summer,full,12,0.2044030043986715,0.041780588207203324,0.5239662021800346
IN.ADM2.00440,maize,Summer,cleaned,12,0.2044030043986715,0.041780588207203324,0.5239662021800346
IN.ADM2.00441,maize,Summer,full,10,0.12505072226175054,0.015637683138185473,0.7306892228961197
IN.ADM2.00441,maize,Summer,cleaned,10,0.12505072226175054,0.015637683138185473,0.7306892228961197
IN.ADM2.00442,maize,Summer,full,12,0.06513738811679612,0.004242879330678132,0.8406043423905754
IN.ADM2.00442,maize,Summer,cleaned,11,-0.000341774168656897,1.168095823611131e-07,0.9992042782581029
IN.ADM2.00443,maize,Summer,full,10,0.34861262915297847,0.1215307652049521,0.3235256338794823
IN.ADM2.00443,maize,Summer,cleaned,10,0.34861262915297847,0.1215307652049521,0.3235256338794823
IN.ADM2.00444,maize,Summer,full,12,-0.1289865676166942,0.01663753462553602,0.6895091348434537
IN.ADM2.00444,maize,Summer,cleaned,12,-0.1289865676166942,0.01663753462553602,0.6895091348434537
IN.ADM2.00445,maize,Summer,full,7,0.06766060142723035,0.004577956985494526,0.8853985365715226
IN.ADM2.00445,maize,Summer,cleaned,7,0.06766060142723035,0.004577956985494526,0.8853985365715226
IN.ADM2.00448,maize,Summer,full,12,0.4347442256110895,0.1890025417021859,0.1578487471141406
IN.ADM2.00448,maize,Summer,cleaned,12,0.4347442256110895,0.1890025417021859,0.1578487471141406
IN.ADM2.00452,maize,Summer,full,10,0.2176958346904228,0.047391476441559895,0.5457241541069242
IN.ADM2.00452,maize,Summer,cleaned,10,0.2176958346904228,0.047391476441559895,0.5457241541069242
IN.ADM2.00455,maize,Summer,full,10,-0.5252580325673569,0.2758960007765306,0.11897398179133009
IN.ADM2.00455,maize,Summer,cleaned,10,-0.5252580325673569,0.2758960007765306,0.11897398179133009
IN.ADM2.00458,maize,Summer,full,10,-0.25193454975408996,0.06347101735979603,0.4825605109030944
IN.ADM2.00458,maize,Summer,cleaned,10,-0.25193454975408996,0.06347101735979603,0.4825605109030944
IN.ADM2.00460,maize,Summer,full,10,0.058217855703373726,0.003389318722698845,0.8730791986124846
IN.ADM2.00460,maize,Summer,cleaned,10,0.058217855703373726,0.003389318722698845,0.8730791986124846
IN.ADM2.00462,maize,Summer,full,10,0.28169534360014603,0.07935226660600433,0.4304048887777218
IN.ADM2.00462,maize,Summer,cleaned,10,0.28169534360014603,0.07935226660600433,0.4304048887777218
IN.ADM2.00463,maize,Summer,full,10,0.4167889298800925,0.17371301207059264,0.23082814290760395
IN.ADM2.00463,maize,Summer,cleaned,10,0.4167889298800925,0.17371301207059264,0.23082814290760395
IN.ADM2.00465,maize,Summer,full,10,0.07672259000422896,0.0058863558169570136,0.8331537611532641
IN.ADM2.00465,maize,Summer,cleaned,10,0.07672259000422896,0.0058863558169570136,0.8331537611532641
IN.ADM2.00470,maize,Summer,full,16,0.07141379852430361,0.005099930619669829,0.7926905549678944
IN.ADM2.00470,maize,Summer,cleaned,16,0.07141379852430361,0.005099930619669829,0.7926905549678944
IN.ADM2.00471,maize,Summer,full,16,-0.022442124282156653,0.0005036489422957653,0.9342520850099818
IN.ADM2.00471,maize,Summer,cleaned,16,-0.022442124282156653,0.0005036489422957653,0.9342520850099818
IN.ADM2.00479,maize,Summer,full,16,-0.1944816231639938,0.037823101748501696,0.47044240459093656
IN.ADM2.00479,maize,Summer,cleaned,16,-0.1944816231639938,0.037823101748501696,0.47044240459093656
IN.ADM2.00482,maize,Summer,full,15,0.5107897125225402,0.2609061304188593,0.051685127681346796
IN.ADM2.00482,maize,Summer,cleaned,15,0.5107897125225402,0.2609061304188593,0.051685127681346796
IN.ADM2.00483,maize,Summer,full,11,-0.2177461858487395,0.0474134014516738,0.5201036221064613
IN.ADM2.00483,maize,Summer,cleaned,11,-0.2177461858487395,0.0474134014516738,0.5201036221064613
IN.ADM2.00484,maize,Summer,full,16,-0.060883009250385915,0.003706740815382577,0.8227697585584226
IN.ADM2.00484,maize,Summer,cleaned,16,-0.060883009250385915,0.003706740815382577,0.8227697585584226
IN.ADM2.00485,maize,Summer,full,16,-0.5550820503238512,0.30811608259173046,0.025618645695994348
IN.ADM2.00485,maize,Summer,cleaned,16,-0.5550820503238512,0.30811608259173046,0.025618645695994348
IN.ADM2.00504,maize,Summer,full,12,0.5252181827337565,0.27585413947414966,0.07951572562877039
IN.ADM2.00504,maize,Summer,cleaned,12,0.5252181827337565,0.27585413947414966,0.07951572562877039
IN.ADM2.00505,maize,Summer,full,6,-0.3634358821469821,0.13208564043195506,0.4788485074041952
IN.ADM2.00505,maize,Summer,cleaned,6,-0.3634358821469821,0.13208564043195506,0.4788485074041952
IN.ADM2.00506,maize,Summer,full,13,0.17929185081760496,0.03214556776960231,0.5578136274630195
IN.ADM2.00506,maize,Summer,cleaned,13,0.17929185081760496,0.03214556776960231,0.5578136274630195
IN.ADM2.00507,maize,Summer,full,12,0.37353845347092096,0.1395309762214474,0.23167655990024427
IN.ADM2.00507,maize,Summer,cleaned,12,0.37353845347092096,0.1395309762214474,0.23167655990024427
IN.ADM2.00508,maize,Summer,full,13,-0.2818539739383537,0.07944166262484217,0.3508442598680739
IN.ADM2.00508,maize,Summer,cleaned,13,-0.2818539739383537,0.07944166262484217,0.3508442598680739
IN.ADM2.00509,maize,Summer,full,13,0.23370884383627594,0.054619823687288814,0.44220204243479094
IN.ADM2.00509,maize,Summer,cleaned,13,0.23370884383627594,0.054619823687288814,0.44220204243479094
IN.ADM2.00514,maize,Summer,full,10,0.23013781595191846,0.05296341433111909,0.5224000932527129
IN.ADM2.00514,maize,Summer,cleaned,10,0.23013781595191846,0.05296341433111909,0.5224000932527129
IN.ADM2.00515,maize,Summer,full,10,0.26326503179571586,0.06930847696639929,0.46238951274511064
IN.ADM2.00515,maize,Summer,cleaned,10,0.26326503179571586,0.06930847696639929,0.46238951274511064
IN.ADM2.00516,maize,Summer,full,12,0.6486960273278702,0.42080653587096095,0.022488772298306224
IN.ADM2.00516,maize,Summer,cleaned,12,0.6486960273278702,0.42080653587096095,0.022488772298306224
IN.ADM2.00518,maize,Summer,full,7,0.45647713794084555,0.20837137746266574,0.3032076877802692
IN.ADM2.00518,maize,Summer,cleaned,7,0.45647713794084555,0.20837137746266574,0.3032076877802692
IN.ADM2.00524,maize,Summer,full,10,0.264488541920624,0.06995418880729767,0.4602341456000095
IN.ADM2.00524,maize,Summer,cleaned,10,0.264488541920624,0.06995418880729767,0.4602341456000095
IN.ADM2.00525,maize,Summer,full,13,0.21698104085463557,0.04708077209036103,0.4764266650506833
IN.ADM2.00525,maize,Summer,cleaned,13,0.21698104085463557,0.04708077209036103,0.4764266650506833
IN.ADM2.00526,maize,Summer,full,11,-0.49837864975123825,0.2483812785278674,0.11869118005701138
IN.ADM2.00526,maize,Summer,cleaned,11,-0.49837864975123825,0.2483812785278674,0.11869118005701138
IN.ADM2.00527,maize,Summer,full,8,0.20850980614240883,0.04347633925754491,0.6202278709772564
IN.ADM2.00527,maize,Summer,cleaned,8,0.20850980614240883,0.04347633925754491,0.6202278709772564
IN.ADM2.00529,maize,Summer,full,10,-0.45786285490920736,0.20963839390560987,0.1833013439242954
IN.ADM2.00529,maize,Summer,cleaned,10,-0.45786285490920736,0.20963839390560987,0.1833013439242954
IN.ADM2.00530,maize,Summer,full,12,-0.36938058710497235,0.13644201813001405,0.23732639771649727
IN.ADM2.00530,maize,Summer,cleaned,12,-0.36938058710497235,0.13644201813001405,0.23732639771649727
IN.ADM2.00532,maize,Summer,full,12,0.24566438944938712,0.060350992243540146,0.4415160796063543
IN.ADM2.00532,maize,Summer,cleaned,12,0.24566438944938712,0.060350992243540146,0.4415160796063543
IN.ADM2.00540,maize,Summer,full,9,-0.2567518497192538,0.06592151233425829,0.5048373581150087
IN.ADM2.00540,maize,Summer,cleaned,9,-0.2567518497192538,0.06592151233425829,0.5048373581150087
IN.ADM2.00541,maize,Summer,full,15,-0.058448018325567126,0.0034161708461858307,0.836083773781427
IN.ADM2.00541,maize,Summer,cleaned,15,-0.058448018325567126,0.0034161708461858307,0.836083773781427
IN.ADM2.00546,maize,Summer,full,9,0.6332792816013426,0.4010426485055126,0.06711635491974004
IN.ADM2.00546,maize,Summer,cleaned,9,0.6332792816013426,0.4010426485055126,0.06711635491974004
IN.ADM2.00547,maize,Summer,full,12,-0.09094312999933135,0.008270652894075282,0.7786443642357295
IN.ADM2.00547,maize,Summer,cleaned,12,-0.09094312999933135,0.008270652894075282,0.7786443642357295
IN.ADM2.00548,maize,Summer,full,5,0.5259049872071972,0.2765760555694023,0.36269029115920765
IN.ADM2.00548,maize,Summer,cleaned,5,0.5259049872071972,0.2765760555694023,0.36269029115920765
IN.ADM2.00550,maize,Summer,full,7,0.7465428233443103,0.5573261870868942,0.0538948957778519
IN.ADM2.00550,maize,Summer,cleaned,7,0.7465428233443103,0.5573261870868942,0.0538948957778519
IN.ADM2.00554,maize,Summer,full,12,0.14197130861623258,0.020155852470205557,0.6598382535741589
IN.ADM2.00554,maize,Summer,cleaned,12,0.14197130861623258,0.020155852470205557,0.6598382535741589
IN.ADM2.00555,maize,Summer,full,12,0.49560575215839386,0.2456250615724873,0.10131643270007262
IN.ADM2.00555,maize,Summer,cleaned,12,0.49560575215839386,0.2456250615724873,0.10131643270007262
IN.ADM2.00571,maize,Summer,full,12,0.05480740937893541,0.0030038521228302173,0.8656611358374164
IN.ADM2.00571,maize,Summer,cleaned,12,0.05480740937893541,0.0030038521228302173,0.8656611358374164
IN.ADM2.00572,maize,Summer,full,12,0.1900776115961353,0.036129498430091264,0.5540443625725366
IN.ADM2.00572,maize,Summer,cleaned,12,0.1900776115961353,0.036129498430091264,0.5540443625725366
IN.ADM2.00060,maize,Autumn,full,11,0.03206415889379332,0.0010281102855664252,0.9254373954649918
IN.ADM2.00060,maize,Autumn,cleaned,11,0.03206415889379332,0.0010281102855664252,0.9254373954649918
IN.ADM2.00061,maize,Autumn,full,12,0.18489219977454346,0.03418512553746969,0.5651034381958671
IN.ADM2.00061,maize,Autumn,cleaned,12,0.18489219977454346,0.03418512553746969,0.5651034381958671
IN.ADM2.00065,maize,Autumn,full,12,0.5533104743605939,0.30615248103714543,0.06201794250446349
IN.ADM2.00065,maize,Autumn,cleaned,11,0.550836202746507,0.303420522256191,0.07906354946791957
IN.ADM2.00066,maize,Autumn,full,14,-0.21117367460741374,0.04459432084719786,0.46863131391742785
IN.ADM2.00066,maize,Autumn,cleaned,14,-0.21117367460741374,0.04459432084719786,0.46863131391742785
IN.ADM2.00068,maize,Autumn,full,14,0.583092872353326,0.3399972977892521,0.028625036664817215
IN.ADM2.00068,maize,Autumn,cleaned,14,0.583092872353326,0.3399972977892521,0.028625036664817215
IN.ADM2.00069,maize,Autumn,full,12,0.10475863259938592,0.010974371104093123,0.7459308101431542
IN.ADM2.00069,maize,Autumn,cleaned,12,0.10475863259938592,0.010974371104093123,0.7459308101431542
IN.ADM2.00071,maize,Autumn,full,14,-0.133077020179975,0.017709493299981473,0.6501661103618244
IN.ADM2.00071,maize,Autumn,cleaned,14,-0.133077020179975,0.017709493299981473,0.6501661103618244
IN.ADM2.00072,maize,Autumn,full,12,0.21728277270360333,0.047211803313765746,0.4975423824441455
IN.ADM2.00072,maize,Autumn,cleaned,12,0.21728277270360333,0.047211803313765746,0.4975423824441455
IN.ADM2.00073,maize,Autumn,full,14,0.2634169410652187,0.06938848484015689,0.3628524171100718
IN.ADM2.00073,maize,Autumn,cleaned,14,0.2634169410652187,0.06938848484015689,0.3628524171100718
IN.ADM2.00075,maize,Autumn,full,12,0.16308809371720692,0.02659772631231247,0.6125472869193798
IN.ADM2.00075,maize,Autumn,cleaned,11,0.3932906670702734,0.15467754880458062,0.23144873520266415
IN.ADM2.00076,maize,Autumn,full,12,0.2447775845304234,0.05991606588854857,0.4432189970464221
IN.ADM2.00076,maize,Autumn,cleaned,12,0.2447775845304234,0.05991606588854857,0.4432189970464221
IN.ADM2.00078,maize,Autumn,full,12,0.5430445491975292,0.2948973824131477,0.06806699667150434
IN.ADM2.00078,maize,Autumn,cleaned,12,0.5430445491975292,0.2948973824131477,0.06806699667150434
IN.ADM2.00081,maize,Autumn,full,11,0.2807406362211132,0.07881530482583543,0.40302495654887105
IN.ADM2.00081,maize,Autumn,cleaned,11,0.2807406362211132,0.07881530482583543,0.40302495654887105
IN.ADM2.00083,maize,Autumn,full,12,0.3818546122253052,0.14581294487773822,0.22061932640774135
IN.ADM2.00083,maize,Autumn,cleaned,12,0.3818546122253052,0.14581294487773822,0.22061932640774135
IN.ADM2.00084,maize,Autumn,full,12,0.330969591390253,0.10954087042503104,0.2933360180582104
IN.ADM2.00084,maize,Autumn,cleaned,12,0.330969591390253,0.10954087042503104,0.2933360180582104
IN.ADM2.00087,maize,Autumn,full,12,-0.16112089747021524,0.025959943601607614,0.6168992775863583
IN.ADM2.00087,maize,Autumn,cleaned,12,-0.16112089747021524,0.025959943601607614,0.6168992775863583
IN.ADM2.00088,maize,Autumn,full,14,0.5747245489073638,0.3303083071167728,0.0315684815811414
IN.ADM2.00088,maize,Autumn,cleaned,14,0.5747245489073638,0.3303083071167728,0.0315684815811414
IN.ADM2.00090,maize,Autumn,full,12,0.23314667196654135,0.05435737064907404,0.4658424220898093
IN.ADM2.00090,maize,Autumn,cleaned,12,0.23314667196654135,0.05435737064907404,0.4658424220898093
IN.ADM2.00091,maize,Autumn,full,13,0.12008585700393774,0.014420613052370183,0.6959687385079153
IN.ADM2.00091,maize,Autumn,cleaned,13,0.12008585700393774,0.014420613052370183,0.6959687385079153
IN.ADM2.00092,maize,Autumn,full,12,0.3809387151327102,0.14511430468696015,0.22182123076744306
IN.ADM2.00092,maize,Autumn,cleaned,12,0.3809387151327102,0.14511430468696015,0.22182123076744306
IN.ADM2.00093,maize,Autumn,full,14,0.27842621670206474,0.07752115814702512,0.3350999320542045
IN.ADM2.00093,maize,Autumn,cleaned,14,0.27842621670206474,0.07752115814702512,0.3350999320542045
IN.ADM2.00097,maize,Autumn,full,10,0.651287365357477,0.4241752322742837,0.04135847711328914
IN.ADM2.00097,maize,Autumn,cleaned,10,0.651287365357477,0.4241752322742837,0.04135847711328914
IN.ADM2.00098,maize,Autumn,full,12,0.3899513532839132,0.1520620579279553,0.2101651298761728
IN.ADM2.00098,maize,Autumn,cleaned,12,0.3899513532839132,0.1520620579279553,0.2101651298761728
IN.ADM2.00100,maize,Autumn,full,12,0.6557875496026745,0.4300573102138803,0.02058643443349173
IN.ADM2.00100,maize,Autumn,cleaned,11,0.6500676067456972,0.4225878933400784,0.03036293201796456
IN.ADM2.00101,maize,Autumn,full,12,0.32918679536524525,0.10836394624283985,0.2961017319793326
IN.ADM2.00101,maize,Autumn,cleaned,12,0.32918679536524525,0.10836394624283985,0.2961017319793326
IN.ADM2.00310,maize,Autumn,full,13,0.4909339140045689,0.24101610791984548,0.0884669225486411
IN.ADM2.00310,maize,Autumn,cleaned,13,0.4909339140045689,0.24101610791984548,0.0884669225486411
IN.ADM2.00312,maize,Autumn,full,13,-0.0001776089357066271,3.1544934042840797e-08,0.9995405435738614
IN.ADM2.00312,maize,Autumn,cleaned,13,-0.0001776089357066271,3.1544934042840797e-08,0.9995405435738614
IN.ADM2.00316,maize,Autumn,full,13,0.5311383482630626,0.28210794499561437,0.061794629745283554
IN.ADM2.00316,maize,Autumn,cleaned,13,0.5311383482630626,0.28210794499561437,0.061794629745283554
IN.ADM2.00455,maize,Autumn,full,9,0.017175354569345054,0.000294992804582722,0.9650192551836925
IN.ADM2.00455,maize,Autumn,cleaned,9,0.017175354569345054,0.000294992804582722,0.9650192551836925
IN.ADM2.00458,maize,Autumn,full,9,-0.1423591881055364,0.0202661384380675,0.7148415328723268
IN.ADM2.00458,maize,Autumn,cleaned,9,-0.1423591881055364,0.0202661384380675,0.7148415328723268
IN.ADM2.00460,maize,Autumn,full,9,-0.5079523845347311,0.25801562495451935,0.16268337082670745
IN.ADM2.00460,maize,Autumn,cleaned,9,-0.5079523845347311,0.25801562495451935,0.16268337082670745
IN.ADM2.00462,maize,Autumn,full,9,0.060800080305578194,0.0036966497651647573,0.8765200177096151
IN.ADM2.00462,maize,Autumn,cleaned,9,0.060800080305578194,0.0036966497651647573,0.8765200177096151
IN.ADM2.00463,maize,Autumn,full,9,-0.006630539837320204,4.3964058534290236e-05,0.9864928700271085
IN.ADM2.00463,maize,Autumn,cleaned,9,-0.006630539837320204,4.3964058534290236e-05,0.9864928700271085
IN.ADM2.00465,maize,Autumn,full,9,0.23546184873355594,0.05544228220902398,0.5419338870037096
IN.ADM2.00465,maize,Autumn,cleaned,9,0.23546184873355594,0.05544228220902398,0.5419338870037096
IN.ADM2.00468,maize,Autumn,full,14,-0.008836113305364972,7.80768983452479e-05,0.9760834774803886
IN.ADM2.00468,maize,Autumn,cleaned,14,-0.008836113305364972,7.80768983452479e-05,0.9760834774803886
IN.ADM2.00470,maize,Autumn,full,12,0.12052150975869008,0.014525434314514028,0.7090737668695299
IN.ADM2.00470,maize,Autumn,cleaned,12,0.12052150975869008,0.014525434314514028,0.7090737668695299
IN.ADM2.00471,maize,Autumn,full,12,0.24188690500652155,0.05850927481363398,0.4487917453265745
IN.ADM2.00471,maize,Autumn,cleaned,12,0.24188690500652155,0.05850927481363398,0.4487917453265745
IN.ADM2.00474,maize,Autumn,full,14,-0.13048892626605,0.017027359878066632,0.6565845507935324
IN.ADM2.00474,maize,Autumn,cleaned,13,0.32772873686045584,0.1074061249641499,0.2743375639439195
IN.ADM2.00477,maize,Autumn,full,14,0.33566678751430723,0.11267219224017508,0.24068009425756745
IN.ADM2.00477,maize,Autumn,cleaned,13,-0.05074590278831702,0.0025751466498013208,0.8692311627267288
IN.ADM2.00479,maize,Autumn,full,12,0.03770832415311552,0.0014219177104364353,0.9073778805359074
IN.ADM2.00479,maize,Autumn,cleaned,12,0.03770832415311552,0.0014219177104364353,0.9073778805359074
IN.ADM2.00480,maize,Autumn,full,14,0.16870701072878533,0.02846205546904249,0.564243937638503
IN.ADM2.00480,maize,Autumn,cleaned,14,0.16870701072878533,0.02846205546904249,0.564243937638503
IN.ADM2.00481,maize,Autumn,full,13,0.2847227638497147,0.0810670522542204,0.34575110462730574
IN.ADM2.00481,maize,Autumn,cleaned,13,0.2847227638497147,0.0810670522542204,0.34575110462730574
IN.ADM2.00482,maize,Autumn,full,12,-0.10209812709086341,0.010424027555462097,0.7522024386806887
IN.ADM2.00482,maize,Autumn,cleaned,12,-0.10209812709086341,0.010424027555462097,0.7522024386806887
IN.ADM2.00483,maize,Autumn,full,12,-0.05485092636320496,0.0030086241229017327,0.8655553252465293
IN.ADM2.00483,maize,Autumn,cleaned,12,-0.05485092636320496,0.0030086241229017327,0.8655553252465293
IN.ADM2.00484,maize,Autumn,full,12,-0.2414837732048104,0.058314412721232306,0.4495715604461651
IN.ADM2.00484,maize,Autumn,cleaned,12,-0.2414837732048104,0.058314412721232306,0.4495715604461651
IN.ADM2.00485,maize,Autumn,full,12,-0.44538736879126245,0.19836990827880402,0.14677596419061745
IN.ADM2.00485,maize,Autumn,cleaned,12,-0.44538736879126245,0.19836990827880402,0.14677596419061745
IN.ADM2.00504,maize,Autumn,full,13,0.3648026722172196,0.1330809896568242,0.22035784243213516
IN.ADM2.00504,maize,Autumn,cleaned,13,0.3648026722172196,0.1330809896568242,0.22035784243213516
IN.ADM2.00505,maize,Autumn,full,13,0.03337846895340897,0.0011141221896736866,0.9137973914771632
IN.ADM2.00505,maize,Autumn,cleaned,13,0.03337846895340897,0.0011141221896736866,0.9137973914771632
IN.ADM2.00506,maize,Autumn,full,13,0.3992190171882717,0.15937582368476957,0.17657500585438807
IN.ADM2.00506,maize,Autumn,cleaned,13,0.3992190171882717,0.15937582368476957,0.17657500585438807
IN.ADM2.00507,maize,Autumn,full,13,0.28535341780880363,0.08142657305516565,0.34463689805897707
IN.ADM2.00507,maize,Autumn,cleaned,13,0.28535341780880363,0.08142657305516565,0.34463689805897707
IN.ADM2.00508,maize,Autumn,full,13,0.052568772633300904,0.002763475856171686,0.8645719491612506
IN.ADM2.00508,maize,Autumn,cleaned,13,0.052568772633300904,0.002763475856171686,0.8645719491612506
IN.ADM2.00509,maize,Autumn,full,13,0.36430354306085405,0.13271707148669154,0.22103752502152624
IN.ADM2.00509,maize,Autumn,cleaned,13,0.36430354306085405,0.13271707148669154,0.22103752502152624
IN.ADM2.00514,maize,Autumn,full,9,-0.5414565395553049,0.2931751842272055,0.13216777325608825
IN.ADM2.00514,maize,Autumn,cleaned,9,-0.5414565395553049,0.2931751842272055,0.13216777325608825
IN.ADM2.00516,maize,Autumn,full,13,0.05969988538134733,0.003564076314546009,0.8463849606174032
IN.ADM2.00516,maize,Autumn,cleaned,13,0.05969988538134733,0.003564076314546009,0.8463849606174032
IN.ADM2.00517,maize,Autumn,full,11,-0.433953874314254,0.18831596503235135,0.1823557209034733
IN.ADM2.00517,maize,Autumn,cleaned,11,-0.433953874314254,0.18831596503235135,0.1823557209034733
IN.ADM2.00522,maize,Autumn,full,13,0.1519111747561985,0.023077005015808283,0.6202991202454446
IN.ADM2.00522,maize,Autumn,cleaned,13,0.1519111747561985,0.023077005015808283,0.6202991202454446
IN.ADM2.00524,maize,Autumn,full,13,0.2914076745730694,0.0849184328000839,0.3340406561252513
IN.ADM2.00524,maize,Autumn,cleaned,13,0.2914076745730694,0.0849184328000839,0.3340406561252513
IN.ADM2.00525,maize,Autumn,full,13,0.2824392017063048,0.07977190266049473,0.34980197852441236
IN.ADM2.00525,maize,Autumn,cleaned,13,0.2824392017063048,0.07977190266049473,0.34980197852441236
IN.ADM2.00526,maize,Autumn,full,13,0.033626780066920436,0.0011307603376690377,0.9131582737418872
IN.ADM2.00526,maize,Autumn,cleaned,13,0.033626780066920436,0.0011307603376690377,0.9131582737418872
IN.ADM2.00527,maize,Autumn,full,13,0.04831590405483345,0.0023344265846358715,0.8754482101687725
IN.ADM2.00527,maize,Autumn,cleaned,13,0.04831590405483345,0.0023344265846358715,0.8754482101687725
IN.ADM2.00529,maize,Autumn,full,13,0.24955469268900185,0.06227754464310215,0.41093414093384595
IN.ADM2.00529,maize,Autumn,cleaned,13,0.24955469268900185,0.06227754464310215,0.41093414093384595
IN.ADM2.00530,maize,Autumn,full,13,0.34240051929004867,0.11723811561009499,0.25212873535390407
IN.ADM2.00530,maize,Autumn,cleaned,13,0.34240051929004867,0.11723811561009499,0.25212873535390407
IN.ADM2.00532,maize,Autumn,full,13,0.21698367294990292,0.04708191432683043,0.47642118439678144
IN.ADM2.00532,maize,Autumn,cleaned,13,0.21698367294990292,0.04708191432683043,0.47642118439678144
IN.ADM2.00537,maize,Autumn,full,14,0.3614793189120312,0.13066729800110596,0.20411729422892444
IN.ADM2.00537,maize,Autumn,cleaned,14,0.3614793189120312,0.13066729800110596,0.20411729422892444
IN.ADM2.00538,maize,Autumn,full,13,0.34685534948381036,0.12030863346553622,0.2456047085590325
IN.ADM2.00538,maize,Autumn,cleaned,13,0.34685534948381036,0.12030863346553622,0.2456047085590325
IN.ADM2.00540,maize,Autumn,full,12,0.31409502150080915,0.09865568253159376,0.3200968035470564
IN.ADM2.00540,maize,Autumn,cleaned,12,0.31409502150080915,0.09865568253159376,0.3200968035470564
IN.ADM2.00541,maize,Autumn,full,12,0.16917702972420706,0.02862086738630524,0.5991499905446853
IN.ADM2.00541,maize,Autumn,cleaned,12,0.16917702972420706,0.02862086738630524,0.5991499905446853
IN.ADM2.00542,maize,Autumn,full,14,-0.513010653338228,0.26317993043851556,0.06065426573960057
IN.ADM2.00542,maize,Autumn,cleaned,14,-0.513010653338228,0.26317993043851556,0.06065426573960057
IN.ADM2.00543,maize,Autumn,full,14,0.30476398319967823,0.09288108545573376,0.2893830358746721
IN.ADM2.00543,maize,Autumn,cleaned,14,0.30476398319967823,0.09288108545573376,0.2893830358746721
IN.ADM2.00546,maize,Autumn,full,13,0.15286199960841548,0.023366790924283214,0.6180862191360907
IN.ADM2.00546,maize,Autumn,cleaned,13,0.15286199960841548,0.023366790924283214,0.6180862191360907
IN.ADM2.00547,maize,Autumn,full,13,0.4830826411040454,0.23336883813605996,0.09447370550273598
IN.ADM2.00547,maize,Autumn,cleaned,13,0.4830826411040454,0.23336883813605996,0.09447370550273598
IN.ADM2.00548,maize,Autumn,full,13,0.024996733286695737,0.0006248366750062027,0.9353965327888951
IN.ADM2.00548,maize,Autumn,cleaned,13,0.024996733286695737,0.0006248366750062027,0.9353965327888951
IN.ADM2.00550,maize,Autumn,full,12,0.73036716179353,0.5334361910263364,0.006987129472620778
IN.ADM2.00550,maize,Autumn,cleaned,12,0.73036716179353,0.5334361910263364,0.006987129472620778
IN.ADM2.00310,maize,Winter,full,6,0.8312185322911396,0.6909242484242363,0.0403267214130668
IN.ADM2.00310,maize,Winter,cleaned,6,0.8312185322911396,0.6909242484242363,0.0403267214130668
IN.ADM2.00312,maize,Winter,full,12,-0.7345594762183832,0.5395776241022255,0.0065109435004744335
IN.ADM2.00312,maize,Winter,cleaned,12,-0.7345594762183832,0.5395776241022255,0.0065109435004744335
IN.ADM2.00316,maize,Winter,full,6,-0.461261552695568,0.21276221999512626,0.3571771869316021
IN.ADM2.00316,maize,Winter,cleaned,6,-0.461261552695568,0.21276221999512626,0.3571771869316021
IN.ADM2.00504,maize,Winter,full,8,-0.21125802321351808,0.044629952372083344,0.6155189543819741
IN.ADM2.00504,maize,Winter,cleaned,8,-0.21125802321351808,0.044629952372083344,0.6155189543819741
IN.ADM2.00506,maize,Winter,full,9,-0.3290230514567062,0.10825616838988232,0.38728069756849337
IN.ADM2.00506,maize,Winter,cleaned,9,-0.3290230514567062,0.10825616838988232,0.38728069756849337
IN.ADM2.00507,maize,Winter,full,13,0.03813402201194513,0.0014542036348075156,0.9015659766786954
IN.ADM2.00507,maize,Winter,cleaned,13,0.03813402201194513,0.0014542036348075156,0.9015659766786954
IN.ADM2.00508,maize,Winter,full,7,-0.818711991176248,0.6702893244957768,0.024313097916670953
IN.ADM2.00508,maize,Winter,cleaned,7,-0.818711991176248,0.6702893244957768,0.024313097916670953
IN.ADM2.00509,maize,Winter,full,13,0.5773303164795036,0.3333102943263238,0.038822417212127695
IN.ADM2.00509,maize,Winter,cleaned,13,0.5773303164795036,0.3333102943263238,0.038822417212127695
IN.ADM2.00516,maize,Winter,full,9,0.08672407996265741,0.0075210660453693965,0.8244307175372377
IN.ADM2.00516,maize,Winter,cleaned,9,0.08672407996265741,0.0075210660453693965,0.8244307175372377
IN.ADM2.00524,maize,Winter,full,9,0.30024022593129024,0.0901441932672722,0.43245881072601017
IN.ADM2.00524,maize,Winter,cleaned,9,0.30024022593129024,0.0901441932672722,0.43245881072601017
IN.ADM2.00525,maize,Winter,full,12,-0.2079454828833223,0.043241323851578084,0.5166388450624417
IN.ADM2.00525,maize,Winter,cleaned,12,-0.2079454828833223,0.043241323851578084,0.5166388450624417
IN.ADM2.00532,maize,Winter,full,5,-0.5986655614655152,0.35840045448482055,0.28611707704516565
IN.ADM2.00532,maize,Winter,cleaned,5,-0.5986655614655152,0.35840045448482055,0.28611707704516565
IN.ADM2.00547,maize,Winter,full,7,-0.5582887697631839,0.3116863504436893,0.19273595549868894
IN.ADM2.00547,maize,Winter,cleaned,7,-0.5582887697631839,0.3116863504436893,0.19273595549868894
IN.ADM2.00548,maize,Winter,full,7,-0.18413387399264527,0.03390528355153937,0.6926768830880352
IN.ADM2.00548,maize,Winter,cleaned,7,-0.18413387399264527,0.03390528355153937,0.6926768830880352
IN.ADM2.00192,maize,Whole Year,full,5,-0.6162112411240142,0.3797162936875979,0.26837161141570787
IN.ADM2.00192,maize,Whole Year,cleaned,5,-0.6162112411240142,0.3797162936875979,0.26837161141570787
IN.ADM2.00199,maize,Whole Year,full,5,-0.3643573777439037,0.13275629871641373,0.5465651394906966
IN.ADM2.00199,maize,Whole Year,cleaned,5,-0.3643573777439037,0.13275629871641373,0.5465651394906966
IN.ADM2.00297,sugarcane,Kharif,full,9,-0.22687532140568026,0.05147241146293072,0.5571819058039371
IN.ADM2.00297,sugarcane,Kharif,cleaned,9,-0.22687532140568026,0.05147241146293072,0.5571819058039371
IN.ADM2.00300,sugarcane,Kharif,full,9,-0.10609571766642323,0.01125630130715339,0.7858807369294919
IN.ADM2.00300,sugarcane,Kharif,cleaned,9,-0.10609571766642323,0.01125630130715339,0.7858807369294919
IN.ADM2.00388,sugarcane,Kharif,full,13,0.43467593242756114,0.1889431662317697,0.13772652407963912
IN.ADM2.00388,sugarcane,Kharif,cleaned,13,0.43467593242756114,0.1889431662317697,0.13772652407963912
IN.ADM2.00390,sugarcane,Kharif,full,13,0.5587535547890751,0.31220553498942794,0.047150401024389596
IN.ADM2.00390,sugarcane,Kharif,cleaned,13,0.5587535547890751,0.31220553498942794,0.047150401024389596
IN.ADM2.00392,sugarcane,Kharif,full,13,0.04180288058133949,0.0017474808248977302,0.8921430925178271
IN.ADM2.00392,sugarcane,Kharif,cleaned,13,0.04180288058133949,0.0017474808248977302,0.8921430925178271
IN.ADM2.00393,sugarcane,Kharif,full,13,0.5700428463373801,0.32494884666042195,0.04195065893493202
IN.ADM2.00393,sugarcane,Kharif,cleaned,13,0.5700428463373801,0.32494884666042195,0.04195065893493202
IN.ADM2.00394,sugarcane,Kharif,full,13,0.13950068674501453,0.019460441602330673,0.6494471462648442
IN.ADM2.00394,sugarcane,Kharif,cleaned,13,0.13950068674501453,0.019460441602330673,0.6494471462648442
IN.ADM2.00395,sugarcane,Kharif,full,13,0.42491495948342706,0.18055272279280246,0.1477994226475504
IN.ADM2.00395,sugarcane,Kharif,cleaned,13,0.42491495948342706,0.18055272279280246,0.1477994226475504
IN.ADM2.00396,sugarcane,Kharif,full,13,0.6033103401750195,0.36398336656209773,0.029037384232815284
IN.ADM2.00396,sugarcane,Kharif,cleaned,13,0.6033103401750195,0.36398336656209773,0.029037384232815284
IN.ADM2.00397,sugarcane,Kharif,full,13,0.36149404784723715,0.13067794662898058,0.22488727104629333
IN.ADM2.00397,sugarcane,Kharif,cleaned,13,0.36149404784723715,0.13067794662898058,0.22488727104629333
IN.ADM2.00398,sugarcane,Kharif,full,13,0.5402736339836236,0.2918955995778705,0.056636508741016195
IN.ADM2.00398,sugarcane,Kharif,cleaned,13,0.5402736339836236,0.2918955995778705,0.056636508741016195
IN.ADM2.00399,sugarcane,Kharif,full,13,0.6503497292592247,0.4229547703475469,0.016096920089834314
IN.ADM2.00399,sugarcane,Kharif,cleaned,13,0.6503497292592247,0.4229547703475469,0.016096920089834314
IN.ADM2.00400,sugarcane,Kharif,full,13,0.45951193310259103,0.21115121666368009,0.11416943997771377
IN.ADM2.00400,sugarcane,Kharif,cleaned,13,0.45951193310259103,0.21115121666368009,0.11416943997771377
IN.ADM2.00401,sugarcane,Kharif,full,13,0.46214191929256665,0.2135751535674172,0.11184560331495562
IN.ADM2.00401,sugarcane,Kharif,cleaned,13,0.46214191929256665,0.2135751535674172,0.11184560331495562
IN.ADM2.00405,sugarcane,Kharif,full,13,0.5981910783748048,0.3578325662472118,0.03080367399426003
IN.ADM2.00405,sugarcane,Kharif,cleaned,13,0.5981910783748048,0.3578325662472118,0.03080367399426003
IN.ADM2.00406,sugarcane,Kharif,full,13,0.463536095368253,0.21486571170924615,0.11062674834739916
IN.ADM2.00406,sugarcane,Kharif,cleaned,13,0.463536095368253,0.21486571170924615,0.11062674834739916
IN.ADM2.00409,sugarcane,Kharif,full,13,0.4879207491001859,0.23806665740248656,0.09074019113393986
IN.ADM2.00409,sugarcane,Kharif,cleaned,13,0.4879207491001859,0.23806665740248656,0.09074019113393986
IN.ADM2.00410,sugarcane,Kharif,full,13,0.44445074892687847,0.19753646822166315,0.1281035545286509
IN.ADM2.00410,sugarcane,Kharif,cleaned,13,0.44445074892687847,0.19753646822166315,0.1281035545286509
IN.ADM2.00412,sugarcane,Kharif,full,13,0.38192830550030005,0.14586923054233053,0.19781360323210337
IN.ADM2.00412,sugarcane,Kharif,cleaned,12,0.3016260556558512,0.09097827745050666,0.3407003491375085
IN.ADM2.00413,sugarcane,Kharif,full,13,0.4644609043524209,0.21572393167186865,0.10982320074734843
IN.ADM2.00413,sugarcane,Kharif,cleaned,13,0.4644609043524209,0.21572393167186865,0.10982320074734843
IN.ADM2.00414,sugarcane,Kharif,full,13,0.19468703726175407,0.037903042477759614,0.5238840599605102
IN.ADM2.00414,sugarcane,Kharif,cleaned,13,0.19468703726175407,0.037903042477759614,0.5238840599605102
IN.ADM2.00416,sugarcane,Kharif,full,13,0.6000378289014048,0.3600453961127115,0.030157662773503242
IN.ADM2.00416,sugarcane,Kharif,cleaned,13,0.6000378289014048,0.3600453961127115,0.030157662773503242
IN.ADM2.00418,sugarcane,Kharif,full,13,-0.06546751283291884,0.004285995236528392,0.8317260439177366
IN.ADM2.00418,sugarcane,Kharif,cleaned,13,-0.06546751283291884,0.004285995236528392,0.8317260439177366
IN.ADM2.00419,sugarcane,Kharif,full,13,0.2745209751453978,0.07536176579478011,0.36404634731328067
IN.ADM2.00419,sugarcane,Kharif,cleaned,13,0.2745209751453978,0.07536176579478011,0.36404634731328067
IN.ADM2.00420,sugarcane,Kharif,full,13,0.13221317667034282,0.017480324085263284,0.6667829040364458
IN.ADM2.00420,sugarcane,Kharif,cleaned,13,0.13221317667034282,0.017480324085263284,0.6667829040364458
IN.ADM2.00421,sugarcane,Kharif,full,13,-0.03768866993385205,0.0014204358413828437,0.9027106250013881
IN.ADM2.00421,sugarcane,Kharif,cleaned,13,-0.03768866993385205,0.0014204358413828437,0.9027106250013881
IN.ADM2.00422,sugarcane,Kharif,full,13,0.3270511579783266,0.10696245993496435,0.27538993244168913
IN.ADM2.00422,sugarcane,Kharif,cleaned,13,0.3270511579783266,0.10696245993496435,0.27538993244168913
IN.ADM2.00423,sugarcane,Kharif,full,13,0.7292220698739131,0.5317648271911942,0.0046779579811077315
IN.ADM2.00423,sugarcane,Kharif,cleaned,13,0.7292220698739131,0.5317648271911942,0.0046779579811077315
IN.ADM2.00424,sugarcane,Kharif,full,13,-0.05439474014713588,0.0029587877556744354,0.8599088560305868
IN.ADM2.00424,sugarcane,Kharif,cleaned,13,-0.05439474014713588,0.0029587877556744354,0.8599088560305868
IN.ADM2.00425,sugarcane,Kharif,full,13,0.5629547936549648,0.316918099699104,0.045164141043585154
IN.ADM2.00425,sugarcane,Kharif,cleaned,13,0.5629547936549648,0.316918099699104,0.045164141043585154
IN.ADM2.00426,sugarcane,Kharif,full,13,0.06434778332631699,0.0041406372190106394,0.8345681579068398
IN.ADM2.00426,sugarcane,Kharif,cleaned,13,0.06434778332631699,0.0041406372190106394,0.8345681579068398
IN.ADM2.00427,sugarcane,Kharif,full,13,0.4640781292829533,0.2153685100787655,0.11015530651668434
IN.ADM2.00427,sugarcane,Kharif,cleaned,13,0.4640781292829533,0.2153685100787655,0.11015530651668434
IN.ADM2.00429,sugarcane,Kharif,full,13,0.3272468333385353,0.10709048993009912,0.2750857813885821
IN.ADM2.00429,sugarcane,Kharif,cleaned,13,0.3272468333385353,0.10709048993009912,0.2750857813885821
IN.ADM2.00430,sugarcane,Kharif,full,13,0.544339222232468,0.29630518886064816,0.0544423658527073
IN.ADM2.00430,sugarcane,Kharif,cleaned,13,0.544339222232468,0.29630518886064816,0.0544423658527073
IN.ADM2.00433,sugarcane,Kharif,full,13,0.5465012434842018,0.29866360912977885,0.053300548191739246
IN.ADM2.00433,sugarcane,Kharif,cleaned,13,0.5465012434842018,0.29866360912977885,0.053300548191739246
IN.ADM2.00436,sugarcane,Kharif,full,13,0.6129763662319688,0.37574002555894875,0.02590672032994738
IN.ADM2.00436,sugarcane,Kharif,cleaned,13,0.6129763662319688,0.37574002555894875,0.02590672032994738
IN.ADM2.00438,sugarcane,Kharif,full,13,0.18159697482585604,0.03297746126590259,0.552675783003995
IN.ADM2.00438,sugarcane,Kharif,cleaned,13,0.18159697482585604,0.03297746126590259,0.552675783003995
IN.ADM2.00439,sugarcane,Kharif,full,13,0.39980478233198447,0.15984386397552547,0.1758821105941786
IN.ADM2.00439,sugarcane,Kharif,cleaned,13,0.39980478233198447,0.15984386397552547,0.1758821105941786
IN.ADM2.00440,sugarcane,Kharif,full,13,0.7703695579975706,0.5934692558893723,0.002060426104453718
IN.ADM2.00440,sugarcane,Kharif,cleaned,13,0.7703695579975706,0.5934692558893723,0.002060426104453718
IN.ADM2.00441,sugarcane,Kharif,full,13,0.5641514599863696,0.3182668698047524,0.04460957724934772
IN.ADM2.00441,sugarcane,Kharif,cleaned,13,0.5641514599863696,0.3182668698047524,0.04460957724934772
IN.ADM2.00442,sugarcane,Kharif,full,13,0.5072150240463856,0.25726708061837555,0.07685983625772065
IN.ADM2.00442,sugarcane,Kharif,cleaned,13,0.5072150240463856,0.25726708061837555,0.07685983625772065
IN.ADM2.00443,sugarcane,Kharif,full,13,0.3398461133132035,0.11549538073409077,0.255915751885227
IN.ADM2.00443,sugarcane,Kharif,cleaned,13,0.3398461133132035,0.11549538073409077,0.255915751885227
IN.ADM2.00444,sugarcane,Kharif,full,13,0.668348390521888,0.4466895711131981,0.012519732551936417
IN.ADM2.00444,sugarcane,Kharif,cleaned,13,0.668348390521888,0.4466895711131981,0.012519732551936417
IN.ADM2.00445,sugarcane,Kharif,full,13,0.18994818548717157,0.036080313169868934,0.5342306314125206
IN.ADM2.00445,sugarcane,Kharif,cleaned,13,0.18994818548717157,0.036080313169868934,0.5342306314125206
IN.ADM2.00448,sugarcane,Kharif,full,13,0.6190461026443042,0.38321807719910234,0.024072657905906427
IN.ADM2.00448,sugarcane,Kharif,cleaned,13,0.6190461026443042,0.38321807719910234,0.024072657905906427
IN.ADM2.00554,sugarcane,Kharif,full,13,0.35657944177962025,0.1271488982998656,0.23171942916377808
IN.ADM2.00554,sugarcane,Kharif,cleaned,13,0.35657944177962025,0.1271488982998656,0.23171942916377808
IN.ADM2.00555,sugarcane,Kharif,full,13,0.06648105817723912,0.004419731096365453,0.8291550705111067
IN.ADM2.00555,sugarcane,Kharif,cleaned,13,0.06648105817723912,0.004419731096365453,0.8291550705111067
IN.ADM2.00556,sugarcane,Kharif,full,13,0.5020835591045614,0.2520879003231036,0.08039651199814771
IN.ADM2.00556,sugarcane,Kharif,cleaned,13,0.5020835591045614,0.2520879003231036,0.08039651199814771
IN.ADM2.00571,sugarcane,Kharif,full,13,0.09410280652116777,0.008855338195160337,0.7597691413802207
IN.ADM2.00571,sugarcane,Kharif,cleaned,13,0.09410280652116777,0.008855338195160337,0.7597691413802207
IN.ADM2.00572,sugarcane,Kharif,full,13,0.012535389744660147,0.0001571359960505308,0.9675798499842058
IN.ADM2.00572,sugarcane,Kharif,cleaned,13,0.012535389744660147,0.0001571359960505308,0.9675798499842058
IN.ADM2.00573,sugarcane,Kharif,full,13,0.6678732347582568,0.4460546577064576,0.012605653063514983
IN.ADM2.00573,sugarcane,Kharif,cleaned,13,0.6678732347582568,0.4460546577064576,0.012605653063514983
IN.ADM2.00001,sugarcane,Autumn,full,7,-0.11938027368253981,0.014251649744518107,0.7987748245808864
IN.ADM2.00001,sugarcane,Autumn,cleaned,7,-0.11938027368253981,0.014251649744518107,0.7987748245808864
IN.ADM2.00310,sugarcane,Winter,full,13,0.19418686036118366,0.03770853673693384,0.5249719514854145
IN.ADM2.00310,sugarcane,Winter,cleaned,13,0.19418686036118366,0.03770853673693384,0.5249719514854145
IN.ADM2.00312,sugarcane,Winter,full,12,0.6413595785511101,0.4113421089992576,0.024588197929568494
IN.ADM2.00312,sugarcane,Winter,cleaned,12,0.6413595785511101,0.4113421089992576,0.024588197929568494
IN.ADM2.00504,sugarcane,Winter,full,13,-0.011819472506014755,0.00013969993032043873,0.9694306199678402
IN.ADM2.00504,sugarcane,Winter,cleaned,12,-0.05813196263021431,0.0033793250792406326,0.8575835069728877
IN.ADM2.00505,sugarcane,Winter,full,13,-0.22226388708258704,0.049401235501061,0.4654863403684263
IN.ADM2.00505,sugarcane,Winter,cleaned,13,-0.22226388708258704,0.049401235501061,0.4654863403684263
IN.ADM2.00506,sugarcane,Winter,full,13,0.22658270584219536,0.05133972258677083,0.4566322075042578
IN.ADM2.00506,sugarcane,Winter,cleaned,13,0.22658270584219536,0.05133972258677083,0.4566322075042578
IN.ADM2.00508,sugarcane,Winter,full,13,0.22549021572954098,0.05084583738975493,0.4588642600834535
IN.ADM2.00508,sugarcane,Winter,cleaned,13,0.22549021572954098,0.05084583738975493,0.4588642600834535
IN.ADM2.00509,sugarcane,Winter,full,12,0.54224229966132,0.2940267115419967,0.06855620312394703
IN.ADM2.00509,sugarcane,Winter,cleaned,12,0.54224229966132,0.2940267115419967,0.06855620312394703
IN.ADM2.00516,sugarcane,Winter,full,13,-0.26025219070111344,0.06773120276472872,0.3904812632219705
IN.ADM2.00516,sugarcane,Winter,cleaned,13,-0.26025219070111344,0.06773120276472872,0.3904812632219705
IN.ADM2.00517,sugarcane,Winter,full,13,-0.3266066555005561,0.10667190741725895,0.2760815809485342
IN.ADM2.00517,sugarcane,Winter,cleaned,12,0.5515307557784221,0.3041861745695175,0.06303881359082397
IN.ADM2.00518,sugarcane,Winter,full,13,-0.2187203210698143,0.04783857884888265,0.4728115220953771
IN.ADM2.00518,sugarcane,Winter,cleaned,13,-0.2187203210698143,0.04783857884888265,0.4728115220953771
IN.ADM2.00522,sugarcane,Winter,full,13,0.3843617099578563,0.14773392408172725,0.19473238359116266
IN.ADM2.00522,sugarcane,Winter,cleaned,13,0.3843617099578563,0.14773392408172725,0.19473238359116266
IN.ADM2.00523,sugarcane,Winter,full,13,0.5932774057462078,0.3519780801689505,0.03257185606609876
IN.ADM2.00523,sugarcane,Winter,cleaned,13,0.5932774057462078,0.3519780801689505,0.03257185606609876
IN.ADM2.00524,sugarcane,Winter,full,13,-0.02603547950502373,0.0006778461930565107,0.9327172657622921
IN.ADM2.00524,sugarcane,Winter,cleaned,13,-0.02603547950502373,0.0006778461930565107,0.9327172657622921
IN.ADM2.00525,sugarcane,Winter,full,13,-0.23665033257184911,0.05600337990636679,0.43631158609922516
IN.ADM2.00525,sugarcane,Winter,cleaned,13,-0.23665033257184911,0.05600337990636679,0.43631158609922516
IN.ADM2.00526,sugarcane,Winter,full,13,0.06606130389644774,0.004364095872498821,0.8302196365327758
IN.ADM2.00526,sugarcane,Winter,cleaned,13,0.06606130389644774,0.004364095872498821,0.8302196365327758
IN.ADM2.00527,sugarcane,Winter,full,11,-0.8831089706713172,0.7798814540801534,0.0003148565252082017
IN.ADM2.00527,sugarcane,Winter,cleaned,11,-0.8831089706713172,0.7798814540801534,0.0003148565252082017
IN.ADM2.00529,sugarcane,Winter,full,13,0.3146493315549028,0.09900420184794717,0.2950663385679547
IN.ADM2.00529,sugarcane,Winter,cleaned,13,0.3146493315549028,0.09900420184794717,0.2950663385679547
IN.ADM2.00530,sugarcane,Winter,full,13,0.18223575345396462,0.03320986983693418,0.5512555490395646
IN.ADM2.00530,sugarcane,Winter,cleaned,13,0.18223575345396462,0.03320986983693418,0.5512555490395646
IN.ADM2.00532,sugarcane,Winter,full,13,0.5542675313645147,0.30721249632491326,0.04933972679077354
IN.ADM2.00532,sugarcane,Winter,cleaned,13,0.5542675313645147,0.30721249632491326,0.04933972679077354
IN.ADM2.00546,sugarcane,Winter,full,12,0.27791334943094514,0.07723582979192661,0.3817857169940244
IN.ADM2.00546,sugarcane,Winter,cleaned,12,0.27791334943094514,0.07723582979192661,0.3817857169940244
IN.ADM2.00547,sugarcane,Winter,full,6,0.025348937081618547,0.0006425686111678558,0.9619847385932199
IN.ADM2.00547,sugarcane,Winter,cleaned,6,0.025348937081618547,0.0006425686111678558,0.9619847385932199
IN.ADM2.00548,sugarcane,Winter,full,13,0.033931114858817446,0.0011513205555622622,0.9123750245849175
IN.ADM2.00548,sugarcane,Winter,cleaned,12,-0.5197951630585834,0.27018701153909935,0.08324354747790091
IN.ADM2.00550,sugarcane,Winter,full,13,-0.133093762276636,0.017713949556949694,0.6646798294164598
IN.ADM2.00550,sugarcane,Winter,cleaned,13,-0.133093762276636,0.017713949556949694,0.6646798294164598
IN.ADM2.00001,sugarcane,Whole Year,full,6,-0.16741217715454912,0.028026837059626136,0.7512277511736302
IN.ADM2.00001,sugarcane,Whole Year,cleaned,6,-0.16741217715454912,0.028026837059626136,0.7512277511736302
IN.ADM2.00003,sugarcane,Whole Year,full,8,0.3950838461075215,0.15609124545511174,0.33269444632913203
IN.ADM2.00003,sugarcane,Whole Year,cleaned,8,0.3950838461075215,0.15609124545511174,0.33269444632913203
IN.ADM2.00004,sugarcane,Whole Year,full,14,0.482306867577701,0.23261991451261405,0.0807042385196404
IN.ADM2.00004,sugarcane,Whole Year,cleaned,14,0.482306867577701,0.23261991451261405,0.0807042385196404
IN.ADM2.00005,sugarcane,Whole Year,full,16,0.2758358905976332,0.07608543854178947,0.3010985576021224
IN.ADM2.00005,sugarcane,Whole Year,cleaned,16,0.2758358905976332,0.07608543854178947,0.3010985576021224
IN.ADM2.00007,sugarcane,Whole Year,full,16,0.43328229198627904,0.18773354454888316,0.09363595153381356
IN.ADM2.00007,sugarcane,Whole Year,cleaned,16,0.43328229198627904,0.18773354454888316,0.09363595153381356
IN.ADM2.00008,sugarcane,Whole Year,full,16,-0.17309195599881666,0.029960825231496284,0.5214758842226919
IN.ADM2.00008,sugarcane,Whole Year,cleaned,16,-0.17309195599881666,0.029960825231496284,0.5214758842226919
IN.ADM2.00010,sugarcane,Whole Year,full,12,0.07372788264955144,0.005435800679986028,0.8198688988333873
IN.ADM2.00010,sugarcane,Whole Year,cleaned,12,0.07372788264955144,0.005435800679986028,0.8198688988333873
IN.ADM2.00011,sugarcane,Whole Year,full,12,0.007304242000404982,5.3351951200480175e-05,0.9820259955792967
IN.ADM2.00011,sugarcane,Whole Year,cleaned,12,0.007304242000404982,5.3351951200480175e-05,0.9820259955792967
IN.ADM2.00012,sugarcane,Whole Year,full,16,0.19421754757822482,0.037720455787300024,0.47105708901193166
IN.ADM2.00012,sugarcane,Whole Year,cleaned,16,0.19421754757822482,0.037720455787300024,0.47105708901193166
IN.ADM2.00013,sugarcane,Whole Year,full,16,0.32327278524637804,0.10450529368095085,0.22196200160564003
IN.ADM2.00013,sugarcane,Whole Year,cleaned,16,0.32327278524637804,0.10450529368095085,0.22196200160564003
IN.ADM2.00014,sugarcane,Whole Year,full,12,0.4358710582579463,0.18998357942690203,0.15665204040155906
IN.ADM2.00014,sugarcane,Whole Year,cleaned,12,0.4358710582579463,0.18998357942690203,0.15665204040155906
IN.ADM2.00016,sugarcane,Whole Year,full,11,0.0443087099073186,0.0019632617736509133,0.8970759800610586
IN.ADM2.00016,sugarcane,Whole Year,cleaned,11,0.0443087099073186,0.0019632617736509133,0.8970759800610586
IN.ADM2.00018,sugarcane,Whole Year,full,12,0.5713920386475468,0.32648886182979964,0.05228874805364038
IN.ADM2.00018,sugarcane,Whole Year,cleaned,12,0.5713920386475468,0.32648886182979964,0.05228874805364038
IN.ADM2.00021,sugarcane,Whole Year,full,16,0.31815659955182124,0.10122362183837794,0.22978494135685965
IN.ADM2.00021,sugarcane,Whole Year,cleaned,16,0.31815659955182124,0.10122362183837794,0.22978494135685965
IN.ADM2.00025,sugarcane,Whole Year,full,16,0.16012103434552877,0.025638745639882003,0.5536011235939914
IN.ADM2.00025,sugarcane,Whole Year,cleaned,16,0.16012103434552877,0.025638745639882003,0.5536011235939914
IN.ADM2.00026,sugarcane,Whole Year,full,15,-0.2451780460527069,0.060112274266223266,0.3784554600486383
IN.ADM2.00026,sugarcane,Whole Year,cleaned,15,-0.2451780460527069,0.060112274266223266,0.3784554600486383
IN.ADM2.00027,sugarcane,Whole Year,full,16,0.07415381762371726,0.00549878866817152,0.7849072021742405
IN.ADM2.00027,sugarcane,Whole Year,cleaned,11,0.04988603137771215,0.0024886161266180814,0.8841914554079107
IN.ADM2.00030,sugarcane,Whole Year,full,15,-0.22867207687548513,0.05229091874254778,0.4123547508736514
IN.ADM2.00030,sugarcane,Whole Year,cleaned,15,-0.22867207687548513,0.05229091874254778,0.4123547508736514
IN.ADM2.00033,sugarcane,Whole Year,full,5,0.8187861024085161,0.6704106814973291,0.0900428068448712
IN.ADM2.00033,sugarcane,Whole Year,cleaned,5,0.8187861024085161,0.6704106814973291,0.0900428068448712
IN.ADM2.00034,sugarcane,Whole Year,full,16,-0.2987958710334667,0.08927897254664807,0.260946516560662
IN.ADM2.00034,sugarcane,Whole Year,cleaned,16,-0.2987958710334667,0.08927897254664807,0.260946516560662
IN.ADM2.00036,sugarcane,Whole Year,full,16,0.3401195759479502,0.11568132594301349,0.19741132347964208
IN.ADM2.00036,sugarcane,Whole Year,cleaned,14,0.12115896885974985,0.014679495735157833,0.679903336000575
IN.ADM2.00037,sugarcane,Whole Year,full,16,0.20933111026897697,0.04381951372644259,0.4365201258499581
IN.ADM2.00037,sugarcane,Whole Year,cleaned,16,0.20933111026897697,0.04381951372644259,0.4365201258499581
IN.ADM2.00039,sugarcane,Whole Year,full,16,-0.06903239654164565,0.004765471772283011,0.7994701748964952
IN.ADM2.00039,sugarcane,Whole Year,cleaned,16,-0.06903239654164565,0.004765471772283011,0.7994701748964952
IN.ADM2.00041,sugarcane,Whole Year,full,16,0.379283044832299,0.14385562809725974,0.1473757392008897
IN.ADM2.00041,sugarcane,Whole Year,cleaned,16,0.379283044832299,0.14385562809725974,0.1473757392008897
IN.ADM2.00042,sugarcane,Whole Year,full,16,0.5271651852166634,0.2779031325045191,0.03587685930447584
IN.ADM2.00042,sugarcane,Whole Year,cleaned,16,0.5271651852166634,0.2779031325045191,0.03587685930447584
IN.ADM2.00043,sugarcane,Whole Year,full,16,0.32519241362039913,0.10575010587626076,0.2190710437131056
IN.ADM2.00043,sugarcane,Whole Year,cleaned,16,0.32519241362039913,0.10575010587626076,0.2190710437131056
IN.ADM2.00045,sugarcane,Whole Year,full,16,0.2683163767652817,0.0719936780404486,0.3149992636197249
IN.ADM2.00045,sugarcane,Whole Year,cleaned,16,0.2683163767652817,0.0719936780404486,0.3149992636197249
IN.ADM2.00047,sugarcane,Whole Year,full,16,0.3297223563966358,0.1087168323077501,0.2123445076990924
IN.ADM2.00047,sugarcane,Whole Year,cleaned,16,0.3297223563966358,0.1087168323077501,0.2123445076990924
IN.ADM2.00049,sugarcane,Whole Year,full,16,0.26702578221247014,0.07130276836618153,0.3174220868046703
IN.ADM2.00049,sugarcane,Whole Year,cleaned,16,0.26702578221247014,0.07130276836618153,0.3174220868046703
IN.ADM2.00050,sugarcane,Whole Year,full,16,0.17451774973929624,0.03045644497406763,0.5179974563031648
IN.ADM2.00050,sugarcane,Whole Year,cleaned,16,0.17451774973929624,0.03045644497406763,0.5179974563031648
IN.ADM2.00052,sugarcane,Whole Year,full,16,0.41237483242901457,0.17005300242085786,0.1124480423195424
IN.ADM2.00052,sugarcane,Whole Year,cleaned,15,0.10678415253973433,0.011402855233629251,0.70485120995514
IN.ADM2.00054,sugarcane,Whole Year,full,16,0.18677134107338028,0.03488353384634895,0.4885501537405635
IN.ADM2.00054,sugarcane,Whole Year,cleaned,16,0.18677134107338028,0.03488353384634895,0.4885501537405635
IN.ADM2.00058,sugarcane,Whole Year,full,16,0.39174615391501266,0.1534650491072048,0.13345547876117245
IN.ADM2.00058,sugarcane,Whole Year,cleaned,16,0.39174615391501266,0.1534650491072048,0.13345547876117245
IN.ADM2.00059,sugarcane,Whole Year,full,16,0.3029261416372322,0.09176424728722046,0.25409162817558706
IN.ADM2.00059,sugarcane,Whole Year,cleaned,16,0.3029261416372322,0.09176424728722046,0.25409162817558706
IN.ADM2.00061,sugarcane,Whole Year,full,14,-0.043538061202828604,0.0018955627733012494,0.8825126101485545
IN.ADM2.00061,sugarcane,Whole Year,cleaned,14,-0.043538061202828604,0.0018955627733012494,0.8825126101485545
IN.ADM2.00065,sugarcane,Whole Year,full,14,0.6953541010248387,0.48351732581206164,0.005761692202804842
IN.ADM2.00065,sugarcane,Whole Year,cleaned,14,0.6953541010248387,0.48351732581206164,0.005761692202804842
IN.ADM2.00069,sugarcane,Whole Year,full,14,0.40223560104609296,0.16179347874891167,0.15393208802574354
IN.ADM2.00069,sugarcane,Whole Year,cleaned,14,0.40223560104609296,0.16179347874891167,0.15393208802574354
IN.ADM2.00072,sugarcane,Whole Year,full,14,0.4599846839907385,0.21158590950605954,0.09793628845178062
IN.ADM2.00072,sugarcane,Whole Year,cleaned,14,0.4599846839907385,0.21158590950605954,0.09793628845178062
IN.ADM2.00073,sugarcane,Whole Year,full,5,0.22190504489788299,0.04924184895113146,0.7197979420079309
IN.ADM2.00073,sugarcane,Whole Year,cleaned,5,0.22190504489788299,0.04924184895113146,0.7197979420079309
IN.ADM2.00075,sugarcane,Whole Year,full,14,-0.1917682617834698,0.036775066227453405,0.5113275044797858
IN.ADM2.00075,sugarcane,Whole Year,cleaned,14,-0.1917682617834698,0.036775066227453405,0.5113275044797858
IN.ADM2.00076,sugarcane,Whole Year,full,14,0.2912938992193777,0.08485213572242897,0.31228504343066593
IN.ADM2.00076,sugarcane,Whole Year,cleaned,14,0.2912938992193777,0.08485213572242897,0.31228504343066593
IN.ADM2.00078,sugarcane,Whole Year,full,10,0.4976838166550572,0.24768918136034457,0.14326068136357636
IN.ADM2.00078,sugarcane,Whole Year,cleaned,10,0.4976838166550572,0.24768918136034457,0.14326068136357636
IN.ADM2.00081,sugarcane,Whole Year,full,14,0.12135403347068903,0.014726801439605114,0.6794129847978908
IN.ADM2.00081,sugarcane,Whole Year,cleaned,14,0.12135403347068903,0.014726801439605114,0.6794129847978908
IN.ADM2.00083,sugarcane,Whole Year,full,14,0.005792865877106002,3.355729507013909e-05,0.9843194080544336
IN.ADM2.00083,sugarcane,Whole Year,cleaned,13,0.1679268949393247,0.028199442043962995,0.5834301755338337
IN.ADM2.00084,sugarcane,Whole Year,full,14,0.3708999703453721,0.1375667880021979,0.19170276563674776
IN.ADM2.00084,sugarcane,Whole Year,cleaned,14,0.3708999703453721,0.1375667880021979,0.19170276563674776
IN.ADM2.00087,sugarcane,Whole Year,full,14,0.13656412583776698,0.018649760465833453,0.6415537263085901
IN.ADM2.00087,sugarcane,Whole Year,cleaned,14,0.13656412583776698,0.018649760465833453,0.6415537263085901
IN.ADM2.00090,sugarcane,Whole Year,full,14,0.31529313367443396,0.09940976014224448,0.27218643224028993
IN.ADM2.00090,sugarcane,Whole Year,cleaned,13,0.05934169258929496,0.0035214364793623846,0.8472968883684698
IN.ADM2.00097,sugarcane,Whole Year,full,14,0.6094004194506975,0.371368871226686,0.020694239848415574
IN.ADM2.00097,sugarcane,Whole Year,cleaned,14,0.6094004194506975,0.371368871226686,0.020694239848415574
IN.ADM2.00098,sugarcane,Whole Year,full,13,0.09239003212311751,0.008535918035710686,0.7640291677934115
IN.ADM2.00098,sugarcane,Whole Year,cleaned,13,0.09239003212311751,0.008535918035710686,0.7640291677934115
IN.ADM2.00100,sugarcane,Whole Year,full,14,-0.06942556412850953,0.004819908954561789,0.8135638596561687
IN.ADM2.00100,sugarcane,Whole Year,cleaned,13,0.26478988072378984,0.07011368093371885,0.3819687108165364
IN.ADM2.00101,sugarcane,Whole Year,full,14,0.11115260757812168,0.012354902171415912,0.7052112168525979
IN.ADM2.00101,sugarcane,Whole Year,cleaned,13,0.3213760074478821,0.10328253816314116,0.2842964846478533
IN.ADM2.00108,sugarcane,Whole Year,full,13,-0.4463805827283985,0.1992556246369446,0.1262580224467594
IN.ADM2.00108,sugarcane,Whole Year,cleaned,13,-0.4463805827283985,0.1992556246369446,0.1262580224467594
IN.ADM2.00109,sugarcane,Whole Year,full,13,0.34030917584002124,0.11581033516091449,0.2552267478171054
IN.ADM2.00109,sugarcane,Whole Year,cleaned,13,0.34030917584002124,0.11581033516091449,0.2552267478171054
IN.ADM2.00111,sugarcane,Whole Year,full,16,0.10253218216379875,0.01051284837927041,0.7055358235483141
IN.ADM2.00111,sugarcane,Whole Year,cleaned,15,0.32659220648347725,0.10666246933574625,0.23480138860628696
IN.ADM2.00112,sugarcane,Whole Year,full,15,0.1309612359239203,0.017150845314720716,0.6417735514992651
IN.ADM2.00112,sugarcane,Whole Year,cleaned,14,-0.14346461372101493,0.020582095390120025,0.6246347810674004
IN.ADM2.00115,sugarcane,Whole Year,full,14,0.3975771083963524,0.15806755712080495,0.15920840882120801
IN.ADM2.00115,sugarcane,Whole Year,cleaned,13,0.2557026910046035,0.06538386618699575,0.39911395429132135
IN.ADM2.00117,sugarcane,Whole Year,full,12,0.410927189867266,0.16886115537220808,0.18450724969470875
IN.ADM2.00117,sugarcane,Whole Year,cleaned,12,0.410927189867266,0.16886115537220808,0.18450724969470875
IN.ADM2.00124,sugarcane,Whole Year,full,16,0.21185895479640493,0.044884216727425146,0.43087339078557935
IN.ADM2.00124,sugarcane,Whole Year,cleaned,15,0.5471507841032974,0.2993739805448532,0.03477775562477417
IN.ADM2.00126,sugarcane,Whole Year,full,16,0.10760556075585773,0.011578956705582589,0.6916163956171866
IN.ADM2.00126,sugarcane,Whole Year,cleaned,15,0.15193471851108595,0.023084158689042924,0.5888205252852385
IN.ADM2.00130,sugarcane,Whole Year,full,16,0.19741863130895726,0.038974115987902,0.4636325835693149
IN.ADM2.00130,sugarcane,Whole Year,cleaned,14,0.5021568382685634,0.2521614902198801,0.06727941743319692
IN.ADM2.00132,sugarcane,Whole Year,full,16,-0.218644807525482,0.047805551857855066,0.41590297278868704
IN.ADM2.00132,sugarcane,Whole Year,cleaned,14,-0.0234348897638411,0.0005491940582433843,0.9366190499996196
IN.ADM2.00133,sugarcane,Whole Year,full,16,-0.2520151204288948,0.06351162092479035,0.3463922131818513
IN.ADM2.00133,sugarcane,Whole Year,cleaned,14,0.35304294357621063,0.12463932000895545,0.21565558714978
IN.ADM2.00134,sugarcane,Whole Year,full,16,-0.31999774679618076,0.10239855795463261,0.22694994439970648
IN.ADM2.00134,sugarcane,Whole Year,cleaned,15,0.03409025953749481,0.001162145795333756,0.9039994844073385
IN.ADM2.00140,sugarcane,Whole Year,full,16,0.10212570475221311,0.010429659571136203,0.7066549067036942
IN.ADM2.00140,sugarcane,Whole Year,cleaned,14,0.19842339093416195,0.039371842069811265,0.4964893937384975
IN.ADM2.00142,sugarcane,Whole Year,full,16,0.0762236833850905,0.005810049908790521,0.7790401011259462
IN.ADM2.00142,sugarcane,Whole Year,cleaned,14,0.736613185093784,0.5425989844540093,0.0026574547592927845
IN.ADM2.00143,sugarcane,Whole Year,full,16,0.21997370003366873,0.04838842870650247,0.4130036108216867
IN.ADM2.00143,sugarcane,Whole Year,cleaned,16,0.21997370003366873,0.04838842870650247,0.4130036108216867
IN.ADM2.00144,sugarcane,Whole Year,full,12,0.04251934833782606,0.0018078949830733916,0.8956143625284201
IN.ADM2.00144,sugarcane,Whole Year,cleaned,9,-0.307240151828852,0.09439651089581604,0.421263759066844
IN.ADM2.00152,sugarcane,Whole Year,full,8,0.09374860627916676,0.008788801179286225,0.8252485700185728
IN.ADM2.00152,sugarcane,Whole Year,cleaned,8,0.09374860627916676,0.008788801179286225,0.8252485700185728
IN.ADM2.00171,sugarcane,Whole Year,full,15,0.43731455371832784,0.19124401889386025,0.10308139862413876
IN.ADM2.00171,sugarcane,Whole Year,cleaned,15,0.43731455371832784,0.19124401889386025,0.10308139862413876
IN.ADM2.00172,sugarcane,Whole Year,full,15,0.8837103610528461,0.7809440022321515,1.2476903985245869e-05
IN.ADM2.00172,sugarcane,Whole Year,cleaned,14,0.8210664054325456,0.6741500421299214,0.00031843757152972397
IN.ADM2.00173,sugarcane,Whole Year,full,15,0.655288171321029,0.42940258747325827,0.008006605169136535
IN.ADM2.00173,sugarcane,Whole Year,cleaned,15,0.655288171321029,0.42940258747325827,0.008006605169136535
IN.ADM2.00174,sugarcane,Whole Year,full,15,0.673478451098793,0.45357322409442935,0.005916537177492408
IN.ADM2.00174,sugarcane,Whole Year,cleaned,15,0.673478451098793,0.45357322409442935,0.005916537177492408
IN.ADM2.00175,sugarcane,Whole Year,full,15,0.6001061942328217,0.36012744435660116,0.018024359049955058
IN.ADM2.00175,sugarcane,Whole Year,cleaned,15,0.6001061942328217,0.36012744435660116,0.018024359049955058
IN.ADM2.00176,sugarcane,Whole Year,full,15,-0.07585017437571279,0.005753248952826037,0.7881856576712187
IN.ADM2.00176,sugarcane,Whole Year,cleaned,15,-0.07585017437571279,0.005753248952826037,0.7881856576712187
IN.ADM2.00179,sugarcane,Whole Year,full,15,0.1606100192151193,0.025795578272280992,0.5674515327024118
IN.ADM2.00179,sugarcane,Whole Year,cleaned,15,0.1606100192151193,0.025795578272280992,0.5674515327024118
IN.ADM2.00180,sugarcane,Whole Year,full,15,0.3942901794001022,0.15546474557136478,0.14586407575715718
IN.ADM2.00180,sugarcane,Whole Year,cleaned,15,0.3942901794001022,0.15546474557136478,0.14586407575715718
IN.ADM2.00181,sugarcane,Whole Year,full,15,0.6865669722477412,0.47137420738143065,0.004699581384673344
IN.ADM2.00181,sugarcane,Whole Year,cleaned,15,0.6865669722477412,0.47137420738143065,0.004699581384673344
IN.ADM2.00183,sugarcane,Whole Year,full,12,0.34615223755533076,0.11982137156456213,0.2703770894264218
IN.ADM2.00183,sugarcane,Whole Year,cleaned,12,0.34615223755533076,0.11982137156456213,0.2703770894264218
IN.ADM2.00184,sugarcane,Whole Year,full,15,0.070040994099581,0.004905740854457542,0.8041052743273321
IN.ADM2.00184,sugarcane,Whole Year,cleaned,15,0.070040994099581,0.004905740854457542,0.8041052743273321
IN.ADM2.00185,sugarcane,Whole Year,full,15,0.41674288320010694,0.17367463069793798,0.12227038391382321
IN.ADM2.00185,sugarcane,Whole Year,cleaned,15,0.41674288320010694,0.17367463069793798,0.12227038391382321
IN.ADM2.00186,sugarcane,Whole Year,full,15,0.6610623724510711,0.4370034602706387,0.007288785517792527
IN.ADM2.00186,sugarcane,Whole Year,cleaned,15,0.6610623724510711,0.4370034602706387,0.007288785517792527
IN.ADM2.00188,sugarcane,Whole Year,full,15,0.5807927790939414,0.3373202522476639,0.023187481617905785
IN.ADM2.00188,sugarcane,Whole Year,cleaned,15,0.5807927790939414,0.3373202522476639,0.023187481617905785
IN.ADM2.00189,sugarcane,Whole Year,full,15,0.198559353704648,0.039425816943607514,0.4780673272543292
IN.ADM2.00189,sugarcane,Whole Year,cleaned,15,0.198559353704648,0.039425816943607514,0.4780673272543292
IN.ADM2.00191,sugarcane,Whole Year,full,6,0.2300846441888834,0.05293894349152508,0.6609632527051665
IN.ADM2.00191,sugarcane,Whole Year,cleaned,6,0.2300846441888834,0.05293894349152508,0.6609632527051665
IN.ADM2.00192,sugarcane,Whole Year,full,16,-0.2138877179317848,0.04574795588206673,0.4263688900113247
IN.ADM2.00192,sugarcane,Whole Year,cleaned,16,-0.2138877179317848,0.04574795588206673,0.4263688900113247
IN.ADM2.00194,sugarcane,Whole Year,full,10,-0.6954947541009521,0.4837129529819438,0.025538048670460767
IN.ADM2.00194,sugarcane,Whole Year,cleaned,10,-0.6954947541009521,0.4837129529819438,0.025538048670460767
IN.ADM2.00196,sugarcane,Whole Year,full,16,-0.1439380627202547,0.020718165899659975,0.5948426978022856
IN.ADM2.00196,sugarcane,Whole Year,cleaned,16,-0.1439380627202547,0.020718165899659975,0.5948426978022856
IN.ADM2.00199,sugarcane,Whole Year,full,16,-0.11974270882574278,0.014338316316926619,0.6586968978308302
IN.ADM2.00199,sugarcane,Whole Year,cleaned,16,-0.11974270882574278,0.014338316316926619,0.6586968978308302
IN.ADM2.00200,sugarcane,Whole Year,full,16,0.03363228945262871,0.0011311308938254001,0.9015921200284063
IN.ADM2.00200,sugarcane,Whole Year,cleaned,15,-0.10791613674125247,0.011645892569156702,0.7018539679143423
IN.ADM2.00202,sugarcane,Whole Year,full,9,-0.6907767041774517,0.47717245503426264,0.03937106696054927
IN.ADM2.00202,sugarcane,Whole Year,cleaned,5,-0.9009349509011189,0.8116837857552015,0.03686833407375056
IN.ADM2.00203,sugarcane,Whole Year,full,8,-0.3204312565110292,0.102676190149237,0.43905042688860496
IN.ADM2.00205,sugarcane,Whole Year,full,15,-0.35085511921481927,0.12309931467924504,0.19977143037358125
IN.ADM2.00205,sugarcane,Whole Year,cleaned,15,-0.35085511921481927,0.12309931467924504,0.19977143037358125
IN.ADM2.00206,sugarcane,Whole Year,full,16,0.07212826854865341,0.005202487123826665,0.7906592175139097
IN.ADM2.00206,sugarcane,Whole Year,cleaned,16,0.07212826854865341,0.005202487123826665,0.7906592175139097
IN.ADM2.00207,sugarcane,Whole Year,full,16,-0.4499259740108152,0.20243338208958075,0.08035160061480716
IN.ADM2.00207,sugarcane,Whole Year,cleaned,16,-0.4499259740108152,0.20243338208958075,0.08035160061480716
IN.ADM2.00208,sugarcane,Whole Year,full,13,0.24223243308879705,0.05867655164011854,0.425240552303398
IN.ADM2.00208,sugarcane,Whole Year,cleaned,13,0.24223243308879705,0.05867655164011854,0.425240552303398
IN.ADM2.00209,sugarcane,Whole Year,full,15,-0.35234479161182586,0.124146852175981,0.19773691660814252
IN.ADM2.00209,sugarcane,Whole Year,cleaned,15,-0.35234479161182586,0.124146852175981,0.19773691660814252
IN.ADM2.00210,sugarcane,Whole Year,full,16,-0.30424591908900683,0.09256557928231449,0.251924926505417
IN.ADM2.00210,sugarcane,Whole Year,cleaned,16,-0.30424591908900683,0.09256557928231449,0.251924926505417
IN.ADM2.00211,sugarcane,Whole Year,full,15,-0.25502176072385485,0.06503609844269508,0.35898242620983534
IN.ADM2.00211,sugarcane,Whole Year,cleaned,15,-0.25502176072385485,0.06503609844269508,0.35898242620983534
IN.ADM2.00212,sugarcane,Whole Year,full,15,0.1263495313463668,0.01596420407144653,0.653646487574252
IN.ADM2.00212,sugarcane,Whole Year,cleaned,15,0.1263495313463668,0.01596420407144653,0.653646487574252
IN.ADM2.00213,sugarcane,Whole Year,full,16,-0.0067406675544181005,4.54365990791849e-05,0.9802339987152455
IN.ADM2.00213,sugarcane,Whole Year,cleaned,16,-0.0067406675544181005,4.54365990791849e-05,0.9802339987152455
IN.ADM2.00214,sugarcane,Whole Year,full,15,0.022905635620364455,0.0005246681431729089,0.9354207795496771
IN.ADM2.00214,sugarcane,Whole Year,cleaned,15,0.022905635620364455,0.0005246681431729089,0.9354207795496771
IN.ADM2.00216,sugarcane,Whole Year,full,15,-0.3168404420617245,0.10038786572586901,0.24989089486181673
IN.ADM2.00216,sugarcane,Whole Year,cleaned,15,-0.3168404420617245,0.10038786572586901,0.24989089486181673
IN.ADM2.00217,sugarcane,Whole Year,full,16,-0.12307039829800398,0.015146322937229341,0.6497699625015159
IN.ADM2.00217,sugarcane,Whole Year,cleaned,16,-0.12307039829800398,0.015146322937229341,0.6497699625015159
IN.ADM2.00218,sugarcane,Whole Year,full,15,0.08568815206129804,0.007342459403680135,0.7614049468204284
IN.ADM2.00218,sugarcane,Whole Year,cleaned,15,0.08568815206129804,0.007342459403680135,0.7614049468204284
IN.ADM2.00219,sugarcane,Whole Year,full,15,-0.27068815755832365,0.07327207864231985,0.3291625991438608
IN.ADM2.00219,sugarcane,Whole Year,cleaned,15,-0.27068815755832365,0.07327207864231985,0.3291625991438608
IN.ADM2.00220,sugarcane,Whole Year,full,14,0.26653394069099867,0.07104034154027279,0.35698902427975426
IN.ADM2.00220,sugarcane,Whole Year,cleaned,14,0.26653394069099867,0.07104034154027279,0.35698902427975426
IN.ADM2.00221,sugarcane,Whole Year,full,16,-0.13281317856426983,0.017639340400344622,0.6238929704536543
IN.ADM2.00221,sugarcane,Whole Year,cleaned,16,-0.13281317856426983,0.017639340400344622,0.6238929704536543
IN.ADM2.00223,sugarcane,Whole Year,full,15,0.14878170597932988,0.022135996034119764,0.5966669440082031
IN.ADM2.00223,sugarcane,Whole Year,cleaned,15,0.14878170597932988,0.022135996034119764,0.5966669440082031
IN.ADM2.00224,sugarcane,Whole Year,full,14,0.1041980063558727,0.010857224528538488,0.7229708669662382
IN.ADM2.00224,sugarcane,Whole Year,cleaned,14,0.1041980063558727,0.010857224528538488,0.7229708669662382
IN.ADM2.00226,sugarcane,Whole Year,full,12,-0.4850579082132786,0.2352811743202414,0.10995745844614566
IN.ADM2.00226,sugarcane,Whole Year,cleaned,12,-0.4850579082132786,0.2352811743202414,0.10995745844614566
IN.ADM2.00227,sugarcane,Whole Year,full,15,0.48173194184101353,0.23206566378991364,0.06902054879460465
IN.ADM2.00227,sugarcane,Whole Year,cleaned,15,0.48173194184101353,0.23206566378991364,0.06902054879460465
IN.ADM2.00228,sugarcane,Whole Year,full,16,-0.221944955128197,0.04925956310685738,0.408722408551365
IN.ADM2.00228,sugarcane,Whole Year,cleaned,16,-0.221944955128197,0.04925956310685738,0.408722408551365
IN.ADM2.00229,sugarcane,Whole Year,full,14,-0.19170544972918535,0.036750979455869213,0.5114684989236825
IN.ADM2.00229,sugarcane,Whole Year,cleaned,14,-0.19170544972918535,0.036750979455869213,0.5114684989236825
IN.ADM2.00230,sugarcane,Whole Year,full,16,0.09350816004630158,0.008743775995244752,0.7305094877213243
IN.ADM2.00230,sugarcane,Whole Year,cleaned,16,0.09350816004630158,0.008743775995244752,0.7305094877213243
IN.ADM2.00232,sugarcane,Whole Year,full,15,-0.0629117517467563,0.003957888507845494,0.8237399061315357
IN.ADM2.00232,sugarcane,Whole Year,cleaned,14,0.04366117965161431,0.0019062986085705397,0.882182480398574
IN.ADM2.00233,sugarcane,Whole Year,full,13,0.3298672349439897,0.10881239268959328,0.2710316371484881
IN.ADM2.00233,sugarcane,Whole Year,cleaned,13,0.3298672349439897,0.10881239268959328,0.2710316371484881
IN.ADM2.00235,sugarcane,Whole Year,full,12,0.16966338653159352,0.028785664729368908,0.5980847115260186
IN.ADM2.00235,sugarcane,Whole Year,cleaned,12,0.16966338653159352,0.028785664729368908,0.5980847115260186
IN.ADM2.00236,sugarcane,Whole Year,full,13,0.3426255279434023,0.11739225239849514,0.25179676122639155
IN.ADM2.00236,sugarcane,Whole Year,cleaned,13,0.3426255279434023,0.11739225239849514,0.25179676122639155
IN.ADM2.00237,sugarcane,Whole Year,full,15,-0.39194101446423346,0.15361775881925246,0.14849734136409387
IN.ADM2.00237,sugarcane,Whole Year,cleaned,15,-0.39194101446423346,0.15361775881925246,0.14849734136409387
IN.ADM2.00238,sugarcane,Whole Year,full,14,-0.245153674834817,0.06010032428501519,0.3982430274335208
IN.ADM2.00238,sugarcane,Whole Year,cleaned,14,-0.245153674834817,0.06010032428501519,0.3982430274335208
IN.ADM2.00239,sugarcane,Whole Year,full,14,0.14068032521548343,0.019790953902734183,0.6314413405346364
IN.ADM2.00239,sugarcane,Whole Year,cleaned,14,0.14068032521548343,0.019790953902734183,0.6314413405346364
IN.ADM2.00240,sugarcane,Whole Year,full,14,-0.27053946446743016,0.07319160183432391,0.34953090572106
IN.ADM2.00240,sugarcane,Whole Year,cleaned,14,-0.27053946446743016,0.07319160183432391,0.34953090572106
IN.ADM2.00241,sugarcane,Whole Year,full,13,0.39080309817543857,0.15272706154352148,0.18672224739670024
IN.ADM2.00241,sugarcane,Whole Year,cleaned,13,0.39080309817543857,0.15272706154352148,0.18672224739670024
IN.ADM2.00243,sugarcane,Whole Year,full,15,0.16461416599446388,0.02709782364605291,0.5577001999467384
IN.ADM2.00243,sugarcane,Whole Year,cleaned,15,0.16461416599446388,0.02709782364605291,0.5577001999467384
IN.ADM2.00245,sugarcane,Whole Year,full,16,0.08951661297814395,0.00801322399907881,0.7416390865276818
IN.ADM2.00245,sugarcane,Whole Year,cleaned,16,0.08951661297814395,0.00801322399907881,0.7416390865276818
IN.ADM2.00246,sugarcane,Whole Year,full,16,0.4434876818335237,0.19668132393807275,0.0853181858875595
IN.ADM2.00246,sugarcane,Whole Year,cleaned,16,0.4434876818335237,0.19668132393807275,0.0853181858875595
IN.ADM2.00248,sugarcane,Whole Year,full,13,-0.3578327326330926,0.12804426454366635,0.2299653046818708
IN.ADM2.00248,sugarcane,Whole Year,cleaned,13,-0.3578327326330926,0.12804426454366635,0.2299653046818708
IN.ADM2.00249,sugarcane,Whole Year,full,16,-0.11002230154243187,0.012104906836693805,0.6850178732415176
IN.ADM2.00249,sugarcane,Whole Year,cleaned,16,-0.11002230154243187,0.012104906836693805,0.6850178732415176
IN.ADM2.00250,sugarcane,Whole Year,full,16,0.7348890124967724,0.5400618606884813,0.0011828185028643207
IN.ADM2.00250,sugarcane,Whole Year,cleaned,16,0.7348890124967724,0.5400618606884813,0.0011828185028643207
IN.ADM2.00251,sugarcane,Whole Year,full,14,0.5705772982997432,0.3255584533350342,0.03310784979544869
IN.ADM2.00251,sugarcane,Whole Year,cleaned,14,0.5705772982997432,0.3255584533350342,0.03310784979544869
IN.ADM2.00252,sugarcane,Whole Year,full,16,0.5271485826902855,0.2778856282323768,0.03588376224138095
IN.ADM2.00252,sugarcane,Whole Year,cleaned,16,0.5271485826902855,0.2778856282323768,0.03588376224138095
IN.ADM2.00253,sugarcane,Whole Year,full,16,0.6953014640821662,0.48344412595480385,0.002787117931037129
IN.ADM2.00253,sugarcane,Whole Year,cleaned,16,0.6953014640821662,0.48344412595480385,0.002787117931037129
IN.ADM2.00254,sugarcane,Whole Year,full,16,0.07442430917916625,0.005538977796796129,0.7841398612399102
IN.ADM2.00254,sugarcane,Whole Year,cleaned,16,0.07442430917916625,0.005538977796796129,0.7841398612399102
IN.ADM2.00255,sugarcane,Whole Year,full,16,0.4683883306384054,0.2193876282782322,0.06726767183995136
IN.ADM2.00255,sugarcane,Whole Year,cleaned,16,0.4683883306384054,0.2193876282782322,0.06726767183995136
IN.ADM2.00256,sugarcane,Whole Year,full,16,0.23455296788464622,0.05501509474349588,0.3819018768614171
IN.ADM2.00256,sugarcane,Whole Year,cleaned,16,0.23455296788464622,0.05501509474349588,0.3819018768614171
IN.ADM2.00258,sugarcane,Whole Year,full,16,0.21966428083497988,0.04825239627474891,0.41367774634548504
IN.ADM2.00258,sugarcane,Whole Year,cleaned,16,0.21966428083497988,0.04825239627474891,0.41367774634548504
IN.ADM2.00260,sugarcane,Whole Year,full,16,-0.20252492954133394,0.04101634708572228,0.4519101941267916
IN.ADM2.00260,sugarcane,Whole Year,cleaned,16,-0.20252492954133394,0.04101634708572228,0.4519101941267916
IN.ADM2.00261,sugarcane,Whole Year,full,16,0.09202170851443764,0.008467994837916125,0.7346483898481477
IN.ADM2.00261,sugarcane,Whole Year,cleaned,16,0.09202170851443764,0.008467994837916125,0.7346483898481477
IN.ADM2.00262,sugarcane,Whole Year,full,16,0.4151664881923426,0.17236321291796253,0.10979466809708062
IN.ADM2.00262,sugarcane,Whole Year,cleaned,15,0.037129927089428125,0.0013786314856662485,0.8954810165929729
IN.ADM2.00263,sugarcane,Whole Year,full,16,0.654717750743812,0.42865533313903637,0.005918590881504106
IN.ADM2.00263,sugarcane,Whole Year,cleaned,15,0.2810595214767153,0.0789944546127202,0.31022526614232143
IN.ADM2.00266,sugarcane,Whole Year,full,15,-0.13728344506128254,0.01884674428789418,0.625627340934827
IN.ADM2.00266,sugarcane,Whole Year,cleaned,15,-0.13728344506128254,0.01884674428789418,0.625627340934827
IN.ADM2.00267,sugarcane,Whole Year,full,16,0.4322410350059308,0.1868323123429983,0.09451588704144437
IN.ADM2.00267,sugarcane,Whole Year,cleaned,16,0.4322410350059308,0.1868323123429983,0.09451588704144437
IN.ADM2.00268,sugarcane,Whole Year,full,16,0.1644467111307845,0.02704272080173168,0.5427927356140061
IN.ADM2.00268,sugarcane,Whole Year,cleaned,16,0.1644467111307845,0.02704272080173168,0.5427927356140061
IN.ADM2.00269,sugarcane,Whole Year,full,16,0.60187437572727,0.36225276415709096,0.013633346777225974
IN.ADM2.00269,sugarcane,Whole Year,cleaned,16,0.60187437572727,0.36225276415709096,0.013633346777225974
IN.ADM2.00270,sugarcane,Whole Year,full,16,0.4543249119514764,0.20641112561971678,0.07708028005144923
IN.ADM2.00270,sugarcane,Whole Year,cleaned,16,0.4543249119514764,0.20641112561971678,0.07708028005144923
IN.ADM2.00271,sugarcane,Whole Year,full,16,0.3706015038393726,0.13734547464800453,0.15763442803916988
IN.ADM2.00271,sugarcane,Whole Year,cleaned,16,0.3706015038393726,0.13734547464800453,0.15763442803916988
IN.ADM2.00274,sugarcane,Whole Year,full,16,0.05916891093110673,0.0035009600207732416,0.8276888472392615
IN.ADM2.00274,sugarcane,Whole Year,cleaned,16,0.05916891093110673,0.0035009600207732416,0.8276888472392615
IN.ADM2.00275,sugarcane,Whole Year,full,16,0.10932392736276245,0.011951721094018559,0.6869225038876594
IN.ADM2.00275,sugarcane,Whole Year,cleaned,16,0.10932392736276245,0.011951721094018559,0.6869225038876594
IN.ADM2.00277,sugarcane,Whole Year,full,16,0.8152110901954128,0.6645691215775935,0.00011918360114171966
IN.ADM2.00277,sugarcane,Whole Year,cleaned,16,0.8152110901954128,0.6645691215775935,0.00011918360114171966
IN.ADM2.00279,sugarcane,Whole Year,full,16,-0.07815964665380265,0.0061089303650472835,0.7735626479220724
IN.ADM2.00279,sugarcane,Whole Year,cleaned,16,-0.07815964665380265,0.0061089303650472835,0.7735626479220724
IN.ADM2.00280,sugarcane,Whole Year,full,16,0.41155307431671184,0.16937593297953693,0.11323756554896663
IN.ADM2.00280,sugarcane,Whole Year,cleaned,16,0.41155307431671184,0.16937593297953693,0.11323756554896663
IN.ADM2.00282,sugarcane,Whole Year,full,13,-0.24505584888520587,0.06005236907284886,0.41969488291767204
IN.ADM2.00282,sugarcane,Whole Year,cleaned,11,-0.21769832227506344,0.047392559521377386,0.5201976397657916
IN.ADM2.00283,sugarcane,Whole Year,full,14,0.22571408907654972,0.05094685000765662,0.4378083442233006
IN.ADM2.00283,sugarcane,Whole Year,cleaned,12,0.04331884818786851,0.001876522608323599,0.8936613008379843
IN.ADM2.00285,sugarcane,Whole Year,full,9,0.8163449089659622,0.6664190103946451,0.007266829542071223
IN.ADM2.00285,sugarcane,Whole Year,cleaned,7,0.8470257223052762,0.7174525742467748,0.01616025875034964
IN.ADM2.00289,sugarcane,Whole Year,full,16,-0.19662258247209413,0.03866043993799546,0.4654734876671744
IN.ADM2.00291,sugarcane,Whole Year,full,16,-0.11713674299167628,0.013721016558698023,0.6657180823111288
IN.ADM2.00291,sugarcane,Whole Year,cleaned,9,-0.1222165318008913,0.014936880645438275,0.7541008542966272
IN.ADM2.00293,sugarcane,Whole Year,full,16,-0.3583896220944797,0.128443121225024,0.17286099946008096
IN.ADM2.00293,sugarcane,Whole Year,cleaned,6,-0.4542163626653908,0.2063125041129778,0.3655307135972064
IN.ADM2.00294,sugarcane,Whole Year,full,15,0.4124510185148362,0.17011584267392574,0.12656278506185661
IN.ADM2.00294,sugarcane,Whole Year,cleaned,15,0.4124510185148362,0.17011584267392574,0.12656278506185661
IN.ADM2.00297,sugarcane,Whole Year,full,6,-0.4614165940410846,0.21290527325647507,0.3569941219580677
IN.ADM2.00297,sugarcane,Whole Year,cleaned,6,-0.4614165940410846,0.21290527325647507,0.3569941219580677
IN.ADM2.00321,sugarcane,Whole Year,full,12,-0.571283003459573,0.3263642700417904,0.052343982127177544
IN.ADM2.00321,sugarcane,Whole Year,cleaned,11,-0.07061293934893628,0.004986187203496554,0.8365510776782419
IN.ADM2.00324,sugarcane,Whole Year,full,12,0.004205557087773565,1.7686710418522468e-05,0.9896506309179032
IN.ADM2.00324,sugarcane,Whole Year,cleaned,11,0.3368918164546644,0.11349609599412327,0.31101709504847863
IN.ADM2.00325,sugarcane,Whole Year,full,12,-0.1598260021490011,0.02554435096293251,0.6197701481524569
IN.ADM2.00325,sugarcane,Whole Year,cleaned,11,0.36758764371987124,0.135120675815527,0.2660702063056315
IN.ADM2.00328,sugarcane,Whole Year,full,12,0.04161065381502322,0.0017314465109137065,0.89783481651988
IN.ADM2.00328,sugarcane,Whole Year,cleaned,11,0.44747219789676856,0.2002313678905648,0.16757507474528463
IN.ADM2.00329,sugarcane,Whole Year,full,12,0.15921529540624912,0.025349510291299174,0.6211258225466094
IN.ADM2.00329,sugarcane,Whole Year,cleaned,11,-0.1192460420029737,0.014219618533374969,0.7269271219984412
IN.ADM2.00332,sugarcane,Whole Year,full,12,-0.5001402793320574,0.2501402990103484,0.09774542576990441
IN.ADM2.00332,sugarcane,Whole Year,cleaned,11,-0.10907048215485858,0.011896370077493324,0.7495542031371125
IN.ADM2.00333,sugarcane,Whole Year,full,16,0.5278293791974529,0.2786038535439685,0.03560152569226099
IN.ADM2.00333,sugarcane,Whole Year,cleaned,16,0.5278293791974529,0.2786038535439685,0.03560152569226099
IN.ADM2.00334,sugarcane,Whole Year,full,16,0.16026284866866325,0.025684180663394857,0.5532452999833375
IN.ADM2.00334,sugarcane,Whole Year,cleaned,16,0.16026284866866325,0.025684180663394857,0.5532452999833375
IN.ADM2.00335,sugarcane,Whole Year,full,16,0.26383679601333704,0.06960985493058322,0.3234550879160851
IN.ADM2.00335,sugarcane,Whole Year,cleaned,16,0.26383679601333704,0.06960985493058322,0.3234550879160851
IN.ADM2.00337,sugarcane,Whole Year,full,16,0.5614368094880416,0.3152112910481116,0.023636015512434945
IN.ADM2.00337,sugarcane,Whole Year,cleaned,15,0.07674231011806824,0.00588938216225776,0.7857475446881851
IN.ADM2.00338,sugarcane,Whole Year,full,16,0.3480061819371631,0.12110830266648186,0.1865510303738971
IN.ADM2.00338,sugarcane,Whole Year,cleaned,15,0.20929158698235073,0.04380296838159088,0.4540907632102001
IN.ADM2.00340,sugarcane,Whole Year,full,16,0.023977022685467614,0.0005748976168594285,0.9297653498313276
IN.ADM2.00340,sugarcane,Whole Year,cleaned,16,0.023977022685467614,0.0005748976168594285,0.9297653498313276
IN.ADM2.00343,sugarcane,Whole Year,full,16,0.6176369339937932,0.3814753822332532,0.010789647090627527
IN.ADM2.00343,sugarcane,Whole Year,cleaned,16,0.6176369339937932,0.3814753822332532,0.010789647090627527
IN.ADM2.00344,sugarcane,Whole Year,full,16,0.5246774059692434,0.2752863803346142,0.03692246502216018
IN.ADM2.00344,sugarcane,Whole Year,cleaned,16,0.5246774059692434,0.2752863803346142,0.03692246502216018
IN.ADM2.00349,sugarcane,Whole Year,full,16,0.2334363323542424,0.054492521263000325,0.38423768504492506
IN.ADM2.00349,sugarcane,Whole Year,cleaned,16,0.2334363323542424,0.054492521263000325,0.38423768504492506
IN.ADM2.00350,sugarcane,Whole Year,full,16,0.36062266781552693,0.1300487085423879,0.1700064968315427
IN.ADM2.00350,sugarcane,Whole Year,cleaned,16,0.36062266781552693,0.1300487085423879,0.1700064968315427
IN.ADM2.00364,sugarcane,Whole Year,full,16,0.2038835890648109,0.04156851788994868,0.44881645306200385
IN.ADM2.00364,sugarcane,Whole Year,cleaned,16,0.2038835890648109,0.04156851788994868,0.44881645306200385
IN.ADM2.00365,sugarcane,Whole Year,full,16,0.05642355534852017,0.003183617598167519,0.8355798738026194
IN.ADM2.00365,sugarcane,Whole Year,cleaned,16,0.05642355534852017,0.003183617598167519,0.8355798738026194
IN.ADM2.00366,sugarcane,Whole Year,full,16,0.4678165645893306,0.2188523381041633,0.06764784375539502
IN.ADM2.00366,sugarcane,Whole Year,cleaned,16,0.4678165645893306,0.2188523381041633,0.06764784375539502
IN.ADM2.00367,sugarcane,Whole Year,full,16,0.7099321899694201,0.5040037143547768,0.0020628093074631895
IN.ADM2.00367,sugarcane,Whole Year,cleaned,16,0.7099321899694201,0.5040037143547768,0.0020628093074631895
IN.ADM2.00368,sugarcane,Whole Year,full,16,0.26515707376285136,0.07030827376647819,0.3209493584141651
IN.ADM2.00368,sugarcane,Whole Year,cleaned,16,0.26515707376285136,0.07030827376647819,0.3209493584141651
IN.ADM2.00369,sugarcane,Whole Year,full,16,-0.0246198199399692,0.000606135533876505,0.9278869399431984
IN.ADM2.00369,sugarcane,Whole Year,cleaned,16,-0.0246198199399692,0.000606135533876505,0.9278869399431984
IN.ADM2.00370,sugarcane,Whole Year,full,5,-0.8523000681518489,0.7264154061716462,0.06661018918319508
IN.ADM2.00370,sugarcane,Whole Year,cleaned,5,-0.8523000681518489,0.7264154061716462,0.06661018918319508
IN.ADM2.00374,sugarcane,Whole Year,full,16,0.4298845014860234,0.18480068461788687,0.09652900454749733
IN.ADM2.00374,sugarcane,Whole Year,cleaned,16,0.4298845014860234,0.18480068461788687,0.09652900454749733
IN.ADM2.00376,sugarcane,Whole Year,full,16,0.11483619123215136,0.013187350816707237,0.671938125900585
IN.ADM2.00376,sugarcane,Whole Year,cleaned,16,0.11483619123215136,0.013187350816707237,0.671938125900585
IN.ADM2.00377,sugarcane,Whole Year,full,16,-0.028004726408337722,0.0007842647012058482,0.9180015254116689
IN.ADM2.00377,sugarcane,Whole Year,cleaned,16,-0.028004726408337722,0.0007842647012058482,0.9180015254116689
IN.ADM2.00378,sugarcane,Whole Year,full,16,0.2699667527033649,0.07288204756519978,0.31191679895167357
IN.ADM2.00378,sugarcane,Whole Year,cleaned,16,0.2699667527033649,0.07288204756519978,0.31191679895167357
IN.ADM2.00383,sugarcane,Whole Year,full,16,0.3491596559252415,0.12191246532583304,0.18499619616343438
IN.ADM2.00383,sugarcane,Whole Year,cleaned,16,0.3491596559252415,0.12191246532583304,0.18499619616343438
IN.ADM2.00384,sugarcane,Whole Year,full,16,0.24751435027003926,0.06126335358959969,0.3553602024970186
IN.ADM2.00384,sugarcane,Whole Year,cleaned,16,0.24751435027003926,0.06126335358959969,0.3553602024970186
IN.ADM2.00387,sugarcane,Whole Year,full,16,0.11543213557459446,0.013324577923311556,0.6703249255658073
IN.ADM2.00387,sugarcane,Whole Year,cleaned,15,0.5048456041224774,0.25486908400178915,0.0549381472363644
IN.ADM2.00403,sugarcane,Whole Year,full,16,0.29102919289607787,0.0846979911177425,0.2741409449672905
IN.ADM2.00403,sugarcane,Whole Year,cleaned,16,0.29102919289607787,0.0846979911177425,0.2741409449672905
IN.ADM2.00417,sugarcane,Whole Year,full,15,0.41793603978691357,0.1746705333527686,0.12109505879653212
IN.ADM2.00417,sugarcane,Whole Year,cleaned,15,0.41793603978691357,0.1746705333527686,0.12109505879653212
IN.ADM2.00437,sugarcane,Whole Year,full,13,0.32467226907710006,0.10541208230767286,0.2791032836536551
IN.ADM2.00437,sugarcane,Whole Year,cleaned,13,0.32467226907710006,0.10541208230767286,0.2791032836536551
IN.ADM2.00451,sugarcane,Whole Year,full,16,0.01166927141821228,0.000136171895431906,0.9657878121845622
IN.ADM2.00451,sugarcane,Whole Year,cleaned,16,0.01166927141821228,0.000136171895431906,0.9657878121845622
IN.ADM2.00452,sugarcane,Whole Year,full,16,0.29658454497230763,0.08796239231643077,0.2646627812164006
IN.ADM2.00452,sugarcane,Whole Year,cleaned,16,0.29658454497230763,0.08796239231643077,0.2646627812164006
IN.ADM2.00453,sugarcane,Whole Year,full,16,-0.008797027211225661,7.738768775504472e-05,0.9742056792815939
IN.ADM2.00453,sugarcane,Whole Year,cleaned,16,-0.008797027211225661,7.738768775504472e-05,0.9742056792815939
IN.ADM2.00457,sugarcane,Whole Year,full,16,-0.12006768251024103,0.014416248383380039,0.6578231867374869
IN.ADM2.00457,sugarcane,Whole Year,cleaned,16,-0.12006768251024103,0.014416248383380039,0.6578231867374869
IN.ADM2.00460,sugarcane,Whole Year,full,16,-0.1457871170608655,0.021253883500918502,0.5900680639002636
IN.ADM2.00460,sugarcane,Whole Year,cleaned,16,-0.1457871170608655,0.021253883500918502,0.5900680639002636
IN.ADM2.00461,sugarcane,Whole Year,full,15,-0.22864010101017518,0.05227629578994311,0.41242191255596383
IN.ADM2.00461,sugarcane,Whole Year,cleaned,15,-0.22864010101017518,0.05227629578994311,0.41242191255596383
IN.ADM2.00464,sugarcane,Whole Year,full,16,0.10188629298852958,0.010380816698944492,0.7073143010435674
IN.ADM2.00464,sugarcane,Whole Year,cleaned,16,0.10188629298852958,0.010380816698944492,0.7073143010435674
IN.ADM2.00465,sugarcane,Whole Year,full,16,0.03458427978053325,0.001196072407938201,0.8988197291080682
IN.ADM2.00465,sugarcane,Whole Year,cleaned,16,0.03458427978053325,0.001196072407938201,0.8988197291080682
IN.ADM2.00466,sugarcane,Whole Year,full,16,0.18568518548256568,0.03447898810769482,0.4911274981981803
IN.ADM2.00466,sugarcane,Whole Year,cleaned,16,0.18568518548256568,0.03447898810769482,0.4911274981981803
IN.ADM2.00470,sugarcane,Whole Year,full,14,0.19245933430070788,0.037040595359471636,0.5097774164703873
IN.ADM2.00470,sugarcane,Whole Year,cleaned,13,0.15388119852151508,0.023679423258417934,0.6157174772776476
IN.ADM2.00471,sugarcane,Whole Year,full,14,-0.20753455237141696,0.04307059042800441,0.4765047777207372
IN.ADM2.00471,sugarcane,Whole Year,cleaned,14,-0.20753455237141696,0.04307059042800441,0.4765047777207372
IN.ADM2.00477,sugarcane,Whole Year,full,8,0.8077844508002577,0.652515718954674,0.015293275947347319
IN.ADM2.00477,sugarcane,Whole Year,cleaned,8,0.8077844508002577,0.652515718954674,0.015293275947347319
IN.ADM2.00479,sugarcane,Whole Year,full,14,-0.12046635047336271,0.014512141596371056,0.6816453814282919
IN.ADM2.00479,sugarcane,Whole Year,cleaned,14,-0.12046635047336271,0.014512141596371056,0.6816453814282919
IN.ADM2.00480,sugarcane,Whole Year,full,7,-0.6832920414294937,0.46688801388088497,0.09060252401532777
IN.ADM2.00480,sugarcane,Whole Year,cleaned,7,-0.6832920414294937,0.46688801388088497,0.09060252401532777
IN.ADM2.00481,sugarcane,Whole Year,full,7,-0.606040612643664,0.3672852241735077,0.1491714264673108
IN.ADM2.00481,sugarcane,Whole Year,cleaned,7,-0.606040612643664,0.3672852241735077,0.1491714264673108
IN.ADM2.00483,sugarcane,Whole Year,full,14,-0.05054455754116094,0.002554752297031729,0.8637551133564527
IN.ADM2.00483,sugarcane,Whole Year,cleaned,14,-0.05054455754116094,0.002554752297031729,0.8637551133564527
IN.ADM2.00488,sugarcane,Whole Year,full,16,0.4460730445479436,0.19898116107227168,0.08329805551908587
IN.ADM2.00488,sugarcane,Whole Year,cleaned,16,0.4460730445479436,0.19898116107227168,0.08329805551908587
IN.ADM2.00489,sugarcane,Whole Year,full,16,0.041385843250858576,0.0017127880215846362,0.8790458565199626
IN.ADM2.00489,sugarcane,Whole Year,cleaned,16,0.041385843250858576,0.0017127880215846362,0.8790458565199626
IN.ADM2.00491,sugarcane,Whole Year,full,16,0.5195810238757537,0.2699644403717765,0.03913612378947455
IN.ADM2.00491,sugarcane,Whole Year,cleaned,16,0.5195810238757537,0.2699644403717765,0.03913612378947455
IN.ADM2.00492,sugarcane,Whole Year,full,16,-0.17206922240652112,0.029607817299584827,0.5239775435508971
IN.ADM2.00492,sugarcane,Whole Year,cleaned,16,-0.17206922240652112,0.029607817299584827,0.5239775435508971
IN.ADM2.00494,sugarcane,Whole Year,full,16,-0.3158488112334809,0.09976047155760305,0.23336991031874527
IN.ADM2.00494,sugarcane,Whole Year,cleaned,15,-0.300048374302903,0.09002902692181497,0.2772355211982801
IN.ADM2.00497,sugarcane,Whole Year,full,15,-0.16287412171616317,0.026527979524811535,0.5619289272244413
IN.ADM2.00497,sugarcane,Whole Year,cleaned,14,-0.040466559537009394,0.001637542440762326,0.8907541441846956
IN.ADM2.00498,sugarcane,Whole Year,full,16,0.159828772890507,0.025545236643685267,0.5543347450590258
IN.ADM2.00498,sugarcane,Whole Year,cleaned,14,0.23257067067708231,0.05408911685918787,0.42363482376927664
IN.ADM2.00502,sugarcane,Whole Year,full,16,-0.19125670729627042,0.03657912808581126,0.4779758359287497
IN.ADM2.00502,sugarcane,Whole Year,cleaned,16,-0.19125670729627042,0.03657912808581126,0.4779758359287497
IN.ADM2.00503,sugarcane,Whole Year,full,16,-0.05770851379260724,0.00333027256415154,0.8318846180727126
IN.ADM2.00503,sugarcane,Whole Year,cleaned,11,0.05445616124567998,0.002965473497615498,0.873652317741346
IN.ADM2.00512,sugarcane,Whole Year,full,12,-0.1561237160200392,0.024374614703905843,0.6280051859772837
IN.ADM2.00512,sugarcane,Whole Year,cleaned,11,0.4384311121821324,0.19222184012926155,0.17737565560693877
IN.ADM2.00514,sugarcane,Whole Year,full,12,-0.39591305819950945,0.15674714965288816,0.20266376423724738
IN.ADM2.00514,sugarcane,Whole Year,cleaned,12,-0.39591305819950945,0.15674714965288816,0.20266376423724738
IN.ADM2.00533,sugarcane,Whole Year,full,16,-0.29113832483491653,0.08476152418768138,0.27395279536245104
IN.ADM2.00533,sugarcane,Whole Year,cleaned,16,-0.29113832483491653,0.08476152418768138,0.27395279536245104
IN.ADM2.00534,sugarcane,Whole Year,full,16,0.25123642103270816,0.0631197392533242,0.34793457082833135
IN.ADM2.00534,sugarcane,Whole Year,cleaned,16,0.25123642103270816,0.0631197392533242,0.34793457082833135
IN.ADM2.00536,sugarcane,Whole Year,full,12,-0.671779010880774,0.451287039459951,0.016730767862340214
IN.ADM2.00536,sugarcane,Whole Year,cleaned,11,-0.08440011357624246,0.0071233791716826264,0.8051231994722078
IN.ADM2.00537,sugarcane,Whole Year,full,11,0.5590668621417713,0.3125557563450463,0.07378023510667665
IN.ADM2.00537,sugarcane,Whole Year,cleaned,11,0.5590668621417713,0.3125557563450463,0.07378023510667665
IN.ADM2.00538,sugarcane,Whole Year,full,7,-0.002499889978676381,6.2494499054865975e-06,0.9957560682233647
IN.ADM2.00538,sugarcane,Whole Year,cleaned,7,-0.002499889978676381,6.2494499054865975e-06,0.9957560682233647
IN.ADM2.00541,sugarcane,Whole Year,full,14,0.547211946912186,0.29944091484342505,0.042840683618867476
IN.ADM2.00541,sugarcane,Whole Year,cleaned,14,0.547211946912186,0.29944091484342505,0.042840683618867476
IN.ADM2.00559,sugarcane,Whole Year,full,16,0.06220780590935791,0.0038698111160563454,0.8189721056416241
IN.ADM2.00559,sugarcane,Whole Year,cleaned,14,0.09155555420552546,0.00838241950588091,0.7555841824778078
IN.ADM2.00561,sugarcane,Whole Year,full,5,0.8060332082613731,0.6496895328201221,0.09951012195155402
IN.ADM2.00561,sugarcane,Whole Year,cleaned,5,0.8060332082613731,0.6496895328201221,0.09951012195155402
IN.ADM2.00564,sugarcane,Whole Year,full,12,0.3359486456124157,0.11286149248881648,0.2856893467725168
IN.ADM2.00564,sugarcane,Whole Year,cleaned,11,0.12387396743879933,0.015344759809028717,0.7166994449610206
IN.ADM2.00566,sugarcane,Whole Year,full,16,-0.23808543941223767,0.056684676460118294,0.3745637066091408
IN.ADM2.00566,sugarcane,Whole Year,cleaned,16,-0.23808543941223767,0.056684676460118294,0.3745637066091408
IN.ADM2.00567,sugarcane,Whole Year,full,16,0.7571062772831962,0.57320991510162,0.0006839142915936453
IN.ADM2.00567,sugarcane,Whole Year,cleaned,16,0.7571062772831962,0.57320991510162,0.0006839142915936453
IN.ADM2.00568,sugarcane,Whole Year,full,16,0.07986413010530784,0.006378279277477537,0.7687483928869154
IN.ADM2.00568,sugarcane,Whole Year,cleaned,16,0.07986413010530784,0.006378279277477537,0.7687483928869154
IN.ADM2.00570,sugarcane,Whole Year,full,16,0.5376139007890904,0.289028706321662,0.03172792636638415
IN.ADM2.00575,sugarcane,Whole Year,full,16,0.44807566287810835,0.20077179966365621,0.08175706247490314
IN.ADM2.00575,sugarcane,Whole Year,cleaned,16,0.44807566287810835,0.20077179966365621,0.08175706247490314
IN.ADM2.00577,sugarcane,Whole Year,full,16,0.19662300456148482,0.03866060592278568,0.46547251060888717
IN.ADM2.00577,sugarcane,Whole Year,cleaned,16,0.19662300456148482,0.03866060592278568,0.46547251060888717
IN.ADM2.00578,sugarcane,Whole Year,full,16,0.21986193695500758,0.04833927132160773,0.41324704375206445
IN.ADM2.00578,sugarcane,Whole Year,cleaned,16,0.21986193695500758,0.04833927132160773,0.41324704375206445
IN.ADM2.00003,soyabean,Kharif,full,13,0.15870929021204128,0.02518863879960994,0.6045432267740124
IN.ADM2.00003,soyabean,Kharif,cleaned,13,0.15870929021204128,0.02518863879960994,0.6045432267740124
IN.ADM2.00008,soyabean,Kharif,full,13,0.2732235221005636,0.07465109302903718,0.3664095238321735
IN.ADM2.00008,soyabean,Kharif,cleaned,13,0.2732235221005636,0.07465109302903718,0.3664095238321735
IN.ADM2.00010,soyabean,Kharif,full,12,0.6025256410070784,0.3630371480709907,0.038129944790461515
IN.ADM2.00010,soyabean,Kharif,cleaned,12,0.6025256410070784,0.3630371480709907,0.038129944790461515
IN.ADM2.00018,soyabean,Kharif,full,13,0.6483263558728628,0.42032706371938594,0.01654232272588481
IN.ADM2.00018,soyabean,Kharif,cleaned,13,0.6483263558728628,0.42032706371938594,0.01654232272588481
IN.ADM2.00111,soyabean,Kharif,full,7,-0.3829136753104484,0.1466228827397555,0.3965347268341959
IN.ADM2.00111,soyabean,Kharif,cleaned,7,-0.3829136753104484,0.1466228827397555,0.3965347268341959
IN.ADM2.00117,soyabean,Kharif,full,7,0.5634746637584583,0.31750369669770767,0.18774022952760608
IN.ADM2.00117,soyabean,Kharif,cleaned,7,0.5634746637584583,0.31750369669770767,0.18774022952760608
IN.ADM2.00121,soyabean,Kharif,full,7,-0.0720786972504294,0.005195338597319059,0.8779530179961426
IN.ADM2.00121,soyabean,Kharif,cleaned,7,-0.0720786972504294,0.005195338597319059,0.8779530179961426
IN.ADM2.00126,soyabean,Kharif,full,7,0.3810280618531444,0.14518238391956365,0.39906148157455895
IN.ADM2.00126,soyabean,Kharif,cleaned,7,0.3810280618531444,0.14518238391956365,0.39906148157455895
IN.ADM2.00144,soyabean,Kharif,full,12,0.2021806568993064,0.04087701802423505,0.5285856807255918
IN.ADM2.00144,soyabean,Kharif,cleaned,12,0.2021806568993064,0.04087701802423505,0.5285856807255918
IN.ADM2.00151,soyabean,Kharif,full,14,0.18377561980802876,0.03377347843582513,0.5294088356356835
IN.ADM2.00151,soyabean,Kharif,cleaned,14,0.18377561980802876,0.03377347843582513,0.5294088356356835
IN.ADM2.00152,soyabean,Kharif,full,14,0.3109842903132514,0.09671122882163664,0.2791487159063524
IN.ADM2.00152,soyabean,Kharif,cleaned,14,0.3109842903132514,0.09671122882163664,0.2791487159063524
IN.ADM2.00172,soyabean,Kharif,full,16,0.3600411927130629,0.1296296604502449,0.17074675622892369
IN.ADM2.00172,soyabean,Kharif,cleaned,16,0.3600411927130629,0.1296296604502449,0.17074675622892369
IN.ADM2.00173,soyabean,Kharif,full,7,0.23225666032737985,0.0539431562664279,0.6162568905073126
IN.ADM2.00173,soyabean,Kharif,cleaned,7,0.23225666032737985,0.0539431562664279,0.6162568905073126
IN.ADM2.00174,soyabean,Kharif,full,16,0.4460602443107243,0.19896974155454303,0.08330797178923308
IN.ADM2.00174,soyabean,Kharif,cleaned,16,0.4460602443107243,0.19896974155454303,0.08330797178923308
IN.ADM2.00175,soyabean,Kharif,full,16,0.21397254817688227,0.0457842513733082,0.42618107290780405
IN.ADM2.00175,soyabean,Kharif,cleaned,16,0.21397254817688227,0.0457842513733082,0.42618107290780405
IN.ADM2.00179,soyabean,Kharif,full,16,0.0002439412845220007,5.95073502942437e-08,0.9992846136814109
IN.ADM2.00179,soyabean,Kharif,cleaned,16,0.0002439412845220007,5.95073502942437e-08,0.9992846136814109
IN.ADM2.00189,soyabean,Kharif,full,9,0.09246699658627347,0.00855014545768591,0.8129647974277332
IN.ADM2.00189,soyabean,Kharif,cleaned,9,0.09246699658627347,0.00855014545768591,0.8129647974277332
IN.ADM2.00205,soyabean,Kharif,full,12,0.13765963105079496,0.018950174021040992,0.6696432884550456
IN.ADM2.00205,soyabean,Kharif,cleaned,12,0.13765963105079496,0.018950174021040992,0.6696432884550456
IN.ADM2.00206,soyabean,Kharif,full,16,-0.25598827297554594,0.06552999590100263,0.33858303627798236
IN.ADM2.00206,soyabean,Kharif,cleaned,16,-0.25598827297554594,0.06552999590100263,0.33858303627798236
IN.ADM2.00207,soyabean,Kharif,full,15,-0.07087180398063878,0.005022812599470086,0.8018239725658097
IN.ADM2.00207,soyabean,Kharif,cleaned,15,-0.07087180398063878,0.005022812599470086,0.8018239725658097
IN.ADM2.00208,soyabean,Kharif,full,13,0.4791866914464178,0.22961988525936441,0.09755560060221907
IN.ADM2.00208,soyabean,Kharif,cleaned,13,0.4791866914464178,0.22961988525936441,0.09755560060221907
IN.ADM2.00209,soyabean,Kharif,full,15,0.4942884936828536,0.24432111498726442,0.06108123763199413
IN.ADM2.00209,soyabean,Kharif,cleaned,15,0.4942884936828536,0.24432111498726442,0.06108123763199413
IN.ADM2.00210,soyabean,Kharif,full,16,-0.0794455858666611,0.006311601113697022,0.7699298302813333
IN.ADM2.00210,soyabean,Kharif,cleaned,16,-0.0794455858666611,0.006311601113697022,0.7699298302813333
IN.ADM2.00211,soyabean,Kharif,full,15,-0.3468622262940865,0.12031340402969005,0.20529075649696937
IN.ADM2.00211,soyabean,Kharif,cleaned,15,-0.3468622262940865,0.12031340402969005,0.20529075649696937
IN.ADM2.00212,soyabean,Kharif,full,15,0.18499461458199756,0.034223007424341825,0.5092166587728936
IN.ADM2.00212,soyabean,Kharif,cleaned,15,0.18499461458199756,0.034223007424341825,0.5092166587728936
IN.ADM2.00213,soyabean,Kharif,full,15,0.27332680261176473,0.0747075410259706,0.3242834976212666
IN.ADM2.00213,soyabean,Kharif,cleaned,15,0.27332680261176473,0.0747075410259706,0.3242834976212666
IN.ADM2.00214,soyabean,Kharif,full,15,0.21611605853485907,0.04670615075664263,0.439161359920662
IN.ADM2.00214,soyabean,Kharif,cleaned,14,0.159643236000671,0.02548596280076594,0.5856461426053228
IN.ADM2.00215,soyabean,Kharif,full,15,0.2610471596579014,0.06814561956545785,0.347341953047361
IN.ADM2.00215,soyabean,Kharif,cleaned,15,0.2610471596579014,0.06814561956545785,0.347341953047361
IN.ADM2.00216,soyabean,Kharif,full,15,0.6687623134688785,0.4472430319162465,0.006411362309817612
IN.ADM2.00216,soyabean,Kharif,cleaned,15,0.6687623134688785,0.4472430319162465,0.006411362309817612
IN.ADM2.00217,soyabean,Kharif,full,16,-0.03726410547934694,0.0013886135571758947,0.8910215116108128
IN.ADM2.00217,soyabean,Kharif,cleaned,16,-0.03726410547934694,0.0013886135571758947,0.8910215116108128
IN.ADM2.00218,soyabean,Kharif,full,15,0.16642278639841535,0.02769654383261258,0.5533193093309664
IN.ADM2.00218,soyabean,Kharif,cleaned,14,0.035589644378000385,0.0012666227869525344,0.903860793852609
IN.ADM2.00219,soyabean,Kharif,full,15,0.5738148500409277,0.32926348212749235,0.025306017192938148
IN.ADM2.00219,soyabean,Kharif,cleaned,15,0.5738148500409277,0.32926348212749235,0.025306017192938148
IN.ADM2.00220,soyabean,Kharif,full,15,0.16545753840065003,0.02737619701360258,0.5556555143937404
IN.ADM2.00220,soyabean,Kharif,cleaned,15,0.16545753840065003,0.02737619701360258,0.5556555143937404
IN.ADM2.00221,soyabean,Kharif,full,15,0.3975395523993779,0.15803769572189771,0.14227375468539732
IN.ADM2.00221,soyabean,Kharif,cleaned,15,0.3975395523993779,0.15803769572189771,0.14227375468539732
IN.ADM2.00222,soyabean,Kharif,full,15,0.59708448026826,0.35650987657721817,0.018767546051223164
IN.ADM2.00222,soyabean,Kharif,cleaned,15,0.59708448026826,0.35650987657721817,0.018767546051223164
IN.ADM2.00223,soyabean,Kharif,full,15,0.1250998536260435,0.01564997337725751,0.6568772727680119
IN.ADM2.00223,soyabean,Kharif,cleaned,15,0.1250998536260435,0.01564997337725751,0.6568772727680119
IN.ADM2.00224,soyabean,Kharif,full,15,-0.08173703944329913,0.006680943616955438,0.7721321544049694
IN.ADM2.00224,soyabean,Kharif,cleaned,15,-0.08173703944329913,0.006680943616955438,0.7721321544049694
IN.ADM2.00225,soyabean,Kharif,full,15,0.19784403043362273,0.03914226037822024,0.47968668662342806
IN.ADM2.00225,soyabean,Kharif,cleaned,15,0.19784403043362273,0.03914226037822024,0.47968668662342806
IN.ADM2.00226,soyabean,Kharif,full,15,0.17214283517895823,0.02963315570344998,0.5395626462721617
IN.ADM2.00226,soyabean,Kharif,cleaned,15,0.17214283517895823,0.02963315570344998,0.5395626462721617
IN.ADM2.00227,soyabean,Kharif,full,15,0.4391116595267755,0.19281904953235882,0.1015117071427285
IN.ADM2.00227,soyabean,Kharif,cleaned,15,0.4391116595267755,0.19281904953235882,0.1015117071427285
IN.ADM2.00228,soyabean,Kharif,full,15,0.4424385314203697,0.19575185408541348,0.09865008550896708
IN.ADM2.00228,soyabean,Kharif,cleaned,15,0.4424385314203697,0.19575185408541348,0.09865008550896708
IN.ADM2.00229,soyabean,Kharif,full,15,-0.06264867700686394,0.003924856730710363,0.8244663703623708
IN.ADM2.00229,soyabean,Kharif,cleaned,15,-0.06264867700686394,0.003924856730710363,0.8244663703623708
IN.ADM2.00230,soyabean,Kharif,full,16,0.0004349311455983662,1.8916510141150722e-07,0.9987245139295935
IN.ADM2.00230,soyabean,Kharif,cleaned,16,0.0004349311455983662,1.8916510141150722e-07,0.9987245139295935
IN.ADM2.00232,soyabean,Kharif,full,15,0.3539377130382182,0.12527190471072408,0.19557617984492004
IN.ADM2.00232,soyabean,Kharif,cleaned,15,0.3539377130382182,0.12527190471072408,0.19557617984492004
IN.ADM2.00233,soyabean,Kharif,full,15,0.45479315309319024,0.20683681210044597,0.08851827421338794
IN.ADM2.00233,soyabean,Kharif,cleaned,15,0.45479315309319024,0.20683681210044597,0.08851827421338794
IN.ADM2.00235,soyabean,Kharif,full,15,0.5001555166692557,0.25015554085469016,0.05760869778718222
IN.ADM2.00235,soyabean,Kharif,cleaned,15,0.5001555166692557,0.25015554085469016,0.05760869778718222
IN.ADM2.00236,soyabean,Kharif,full,15,0.1262543713465265,0.015940166284106612,0.6538923044209777
IN.ADM2.00236,soyabean,Kharif,cleaned,15,0.1262543713465265,0.015940166284106612,0.6538923044209777
IN.ADM2.00237,soyabean,Kharif,full,15,0.04792421597214914,0.0022967304765451947,0.865322121457314
IN.ADM2.00237,soyabean,Kharif,cleaned,15,0.04792421597214914,0.0022967304765451947,0.865322121457314
IN.ADM2.00238,soyabean,Kharif,full,15,-0.0660615978671372,0.004364134712759346,0.8150522690910114
IN.ADM2.00238,soyabean,Kharif,cleaned,14,-0.052678153127798305,0.0027749878169557665,0.8580559300291403
IN.ADM2.00239,soyabean,Kharif,full,15,0.46084730319938555,0.2123802368661464,0.08383236212055983
IN.ADM2.00239,soyabean,Kharif,cleaned,15,0.46084730319938555,0.2123802368661464,0.08383236212055983
IN.ADM2.00240,soyabean,Kharif,full,15,-0.09923120247340533,0.009846831544317964,0.7249511277265012
IN.ADM2.00240,soyabean,Kharif,cleaned,15,-0.09923120247340533,0.009846831544317964,0.7249511277265012
IN.ADM2.00241,soyabean,Kharif,full,15,-0.2208245696301565,0.04876349055234384,0.4290074915407933
IN.ADM2.00241,soyabean,Kharif,cleaned,15,-0.2208245696301565,0.04876349055234384,0.4290074915407933
IN.ADM2.00242,soyabean,Kharif,full,15,0.31013177763494115,0.09618171949900858,0.2606089367605542
IN.ADM2.00242,soyabean,Kharif,cleaned,15,0.31013177763494115,0.09618171949900858,0.2606089367605542
IN.ADM2.00243,soyabean,Kharif,full,15,0.41519299771448914,0.17238522535114378,0.12380876459035882
IN.ADM2.00243,soyabean,Kharif,cleaned,14,0.5810791400395738,0.33765296698913067,0.029313821319063807
IN.ADM2.00244,soyabean,Kharif,full,14,0.29426489494028873,0.08659182839421917,0.30714707430094623
IN.ADM2.00244,soyabean,Kharif,cleaned,13,-0.2844393222749371,0.08090572805622555,0.34625251333487783
IN.ADM2.00246,soyabean,Kharif,full,15,0.16608879120744177,0.027585486564749188,0.5541272041783797
IN.ADM2.00246,soyabean,Kharif,cleaned,15,0.16608879120744177,0.027585486564749188,0.5541272041783797
IN.ADM2.00247,soyabean,Kharif,full,15,0.4495055591596663,0.20205524771544425,0.0927599690934156
IN.ADM2.00247,soyabean,Kharif,cleaned,15,0.4495055591596663,0.20205524771544425,0.0927599690934156
IN.ADM2.00248,soyabean,Kharif,full,15,0.324501790772822,0.10530141221476834,0.2379871140815698
IN.ADM2.00248,soyabean,Kharif,cleaned,15,0.324501790772822,0.10530141221476834,0.2379871140815698
IN.ADM2.00249,soyabean,Kharif,full,15,-0.20250385959804662,0.04100781315210538,0.46918512551760194
IN.ADM2.00249,soyabean,Kharif,cleaned,15,-0.20250385959804662,0.04100781315210538,0.46918512551760194
IN.ADM2.00250,soyabean,Kharif,full,16,0.7692380319398497,0.5917271497826933,0.000494882922558173
IN.ADM2.00250,soyabean,Kharif,cleaned,16,0.7692380319398497,0.5917271497826933,0.000494882922558173
IN.ADM2.00251,soyabean,Kharif,full,16,0.6381390808997673,0.4072214865715998,0.00781337281301241
IN.ADM2.00251,soyabean,Kharif,cleaned,16,0.6381390808997673,0.4072214865715998,0.00781337281301241
IN.ADM2.00252,soyabean,Kharif,full,16,0.6438731831706712,0.41457267600633274,0.0071103383408662475
IN.ADM2.00252,soyabean,Kharif,cleaned,16,0.6438731831706712,0.41457267600633274,0.0071103383408662475
IN.ADM2.00253,soyabean,Kharif,full,16,0.8627036882014683,0.7442576536364162,1.7019970443544037e-05
IN.ADM2.00253,soyabean,Kharif,cleaned,16,0.8627036882014683,0.7442576536364162,1.7019970443544037e-05
IN.ADM2.00254,soyabean,Kharif,full,16,0.279605167490993,0.07817904968766626,0.2942695164156144
IN.ADM2.00254,soyabean,Kharif,cleaned,16,0.279605167490993,0.07817904968766626,0.2942695164156144
IN.ADM2.00255,soyabean,Kharif,full,16,0.41036500528826375,0.16839943756523673,0.11438586945272525
IN.ADM2.00255,soyabean,Kharif,cleaned,16,0.41036500528826375,0.16839943756523673,0.11438586945272525
IN.ADM2.00256,soyabean,Kharif,full,16,0.7897862466557102,0.6237623154065143,0.00027330995785667994
IN.ADM2.00256,soyabean,Kharif,cleaned,16,0.7897862466557102,0.6237623154065143,0.00027330995785667994
IN.ADM2.00257,soyabean,Kharif,full,16,0.20121765280782544,0.040488543801490584,0.45489700724233506
IN.ADM2.00257,soyabean,Kharif,cleaned,16,0.20121765280782544,0.040488543801490584,0.45489700724233506
IN.ADM2.00258,soyabean,Kharif,full,16,0.3972952101649956,0.157843484020048,0.12755853728861222
IN.ADM2.00258,soyabean,Kharif,cleaned,16,0.3972952101649956,0.157843484020048,0.12755853728861222
IN.ADM2.00259,soyabean,Kharif,full,16,-0.09101731586636633,0.0082841517875179,0.7374489270393987
IN.ADM2.00259,soyabean,Kharif,cleaned,16,-0.09101731586636633,0.0082841517875179,0.7374489270393987
IN.ADM2.00260,soyabean,Kharif,full,16,0.13846214167776652,0.019171764677993888,0.6090735194748147
IN.ADM2.00260,soyabean,Kharif,cleaned,16,0.13846214167776652,0.019171764677993888,0.6090735194748147
IN.ADM2.00261,soyabean,Kharif,full,16,0.6935834548085917,0.48105800878422184,0.0028841711979336352
IN.ADM2.00261,soyabean,Kharif,cleaned,16,0.6935834548085917,0.48105800878422184,0.0028841711979336352
IN.ADM2.00262,soyabean,Kharif,full,16,0.06422377917415828,0.0041246938114110464,0.8132003867576185
IN.ADM2.00262,soyabean,Kharif,cleaned,16,0.06422377917415828,0.0041246938114110464,0.8132003867576185
IN.ADM2.00263,soyabean,Kharif,full,16,0.6826461322014101,0.4660057418095451,0.003567990101990466
IN.ADM2.00263,soyabean,Kharif,cleaned,16,0.6826461322014101,0.4660057418095451,0.003567990101990466
IN.ADM2.00266,soyabean,Kharif,full,16,0.44495488704055963,0.19798485150127718,0.08416748884683291
IN.ADM2.00266,soyabean,Kharif,cleaned,16,0.44495488704055963,0.19798485150127718,0.08416748884683291
IN.ADM2.00267,soyabean,Kharif,full,16,0.2776769873101524,0.07710450928164253,0.29775131155027795
IN.ADM2.00267,soyabean,Kharif,cleaned,16,0.2776769873101524,0.07710450928164253,0.29775131155027795
IN.ADM2.00268,soyabean,Kharif,full,16,0.11137096219844343,0.012403491221007116,0.6813447959618072
IN.ADM2.00268,soyabean,Kharif,cleaned,16,0.11137096219844343,0.012403491221007116,0.6813447959618072
IN.ADM2.00269,soyabean,Kharif,full,16,0.6796676605165783,0.4619481287520788,0.003775189271623376
IN.ADM2.00269,soyabean,Kharif,cleaned,16,0.6796676605165783,0.4619481287520788,0.003775189271623376
IN.ADM2.00270,soyabean,Kharif,full,16,0.6911943775249659,0.4777496675221251,0.0030236531543870572
IN.ADM2.00270,soyabean,Kharif,cleaned,16,0.6911943775249659,0.4777496675221251,0.0030236531543870572
IN.ADM2.00274,soyabean,Kharif,full,16,-0.04113844508806194,0.0016923716642634878,0.8797640005679246
IN.ADM2.00274,soyabean,Kharif,cleaned,16,-0.04113844508806194,0.0016923716642634878,0.8797640005679246
IN.ADM2.00275,soyabean,Kharif,full,16,-0.11761304835284311,0.013832829142848212,0.6644328195758038
IN.ADM2.00275,soyabean,Kharif,cleaned,16,-0.11761304835284311,0.013832829142848212,0.6644328195758038
IN.ADM2.00277,soyabean,Kharif,full,16,0.16972384569827087,0.028806183798610458,0.5297349995801413
IN.ADM2.00277,soyabean,Kharif,cleaned,16,0.16972384569827087,0.028806183798610458,0.5297349995801413
IN.ADM2.00279,soyabean,Kharif,full,16,0.47201364375687305,0.22279687989264027,0.06489337637712453
IN.ADM2.00279,soyabean,Kharif,cleaned,16,0.47201364375687305,0.22279687989264027,0.06489337637712453
IN.ADM2.00280,soyabean,Kharif,full,16,0.2939916072482223,0.086431065132393,0.26906138977965
IN.ADM2.00280,soyabean,Kharif,cleaned,16,0.2939916072482223,0.086431065132393,0.26906138977965
IN.ADM2.00283,soyabean,Kharif,full,9,0.05215383424445251,0.002720022426397827,0.8939936149824074
IN.ADM2.00283,soyabean,Kharif,cleaned,9,0.05215383424445251,0.002720022426397827,0.8939936149824074
IN.ADM2.00286,soyabean,Kharif,full,12,-0.2563335423891491,0.06570688495376971,0.4212776176368446
IN.ADM2.00286,soyabean,Kharif,cleaned,12,-0.2563335423891491,0.06570688495376971,0.4212776176368446
IN.ADM2.00289,soyabean,Kharif,full,13,-0.07109218379307114,0.0050540985964678065,0.8174785324507088
IN.ADM2.00289,soyabean,Kharif,cleaned,13,-0.07109218379307114,0.0050540985964678065,0.8174785324507088
IN.ADM2.00291,soyabean,Kharif,full,13,-0.7549821498197682,0.5699980465464789,0.0028503113078351783
IN.ADM2.00291,soyabean,Kharif,cleaned,13,-0.7549821498197682,0.5699980465464789,0.0028503113078351783
IN.ADM2.00293,soyabean,Kharif,full,13,-0.0077557651670333745,6.015189332616823e-05,0.9799384259626879
IN.ADM2.00293,soyabean,Kharif,cleaned,13,-0.0077557651670333745,6.015189332616823e-05,0.9799384259626879
IN.ADM2.00294,soyabean,Kharif,full,12,-0.10628291633106111,0.011296058303835337,0.7423439474867983
IN.ADM2.00294,soyabean,Kharif,cleaned,12,-0.10628291633106111,0.011296058303835337,0.7423439474867983
IN.ADM2.00296,soyabean,Kharif,full,12,0.35772435359318466,0.12796671315366182,0.2535966657724174
IN.ADM2.00296,soyabean,Kharif,cleaned,12,0.35772435359318466,0.12796671315366182,0.2535966657724174
IN.ADM2.00297,soyabean,Kharif,full,16,-0.17903524781680968,0.03205361996082646,0.5070472895422049
IN.ADM2.00297,soyabean,Kharif,cleaned,15,-0.33823871558668855,0.11440542872173279,0.21754022429513667
IN.ADM2.00301,soyabean,Kharif,full,16,-0.10297051979329294,0.010602927946500933,0.7043296589926982
IN.ADM2.00301,soyabean,Kharif,cleaned,16,-0.10297051979329294,0.010602927946500933,0.7043296589926982
IN.ADM2.00333,soyabean,Kharif,full,16,0.44718130399323786,0.1999711186410926,0.08244270524534976
IN.ADM2.00333,soyabean,Kharif,cleaned,16,0.44718130399323786,0.1999711186410926,0.08244270524534976
IN.ADM2.00335,soyabean,Kharif,full,16,0.6488926309821246,0.4210616465429037,0.0065370752967275104
IN.ADM2.00335,soyabean,Kharif,cleaned,16,0.6488926309821246,0.4210616465429037,0.0065370752967275104
IN.ADM2.00338,soyabean,Kharif,full,16,0.6425814068687522,0.41291086445342484,0.0072641474300626716
IN.ADM2.00338,soyabean,Kharif,cleaned,16,0.6425814068687522,0.41291086445342484,0.0072641474300626716
IN.ADM2.00340,soyabean,Kharif,full,16,0.5658234523888834,0.32015617927327505,0.02233781205817631
IN.ADM2.00340,soyabean,Kharif,cleaned,16,0.5658234523888834,0.32015617927327505,0.02233781205817631
IN.ADM2.00349,soyabean,Kharif,full,16,0.49251399377926736,0.24257003406840422,0.052605915501349985
IN.ADM2.00349,soyabean,Kharif,cleaned,16,0.49251399377926736,0.24257003406840422,0.052605915501349985
IN.ADM2.00360,soyabean,Kharif,full,16,0.007408099158050546,5.487993313550921e-05,0.9782772654322582
IN.ADM2.00360,soyabean,Kharif,cleaned,15,-0.12982538782540728,0.01685463132401741,0.6446904855643427
IN.ADM2.00363,soyabean,Kharif,full,16,0.3710739720721029,0.1376958927493678,0.15706410577824206
IN.ADM2.00363,soyabean,Kharif,cleaned,15,0.2521932085110855,0.06360141441911585,0.364520265363341
IN.ADM2.00391,soyabean,Kharif,full,16,0.1612768569177669,0.026010224577273852,0.5507039769381512
IN.ADM2.00391,soyabean,Kharif,cleaned,16,0.1612768569177669,0.026010224577273852,0.5507039769381512
IN.ADM2.00395,soyabean,Kharif,full,16,0.19228631093326523,0.03697402537232435,0.4755643306162509
IN.ADM2.00395,soyabean,Kharif,cleaned,16,0.19228631093326523,0.03697402537232435,0.4755643306162509
IN.ADM2.00397,soyabean,Kharif,full,9,0.04451250567738971,0.001981363161679651,0.90946945981999
IN.ADM2.00397,soyabean,Kharif,cleaned,9,0.04451250567738971,0.001981363161679651,0.90946945981999
IN.ADM2.00399,soyabean,Kharif,full,5,-0.0038430044685976994,1.4768683345661886e-05,0.9951069467840366
IN.ADM2.00399,soyabean,Kharif,cleaned,5,-0.0038430044685976994,1.4768683345661886e-05,0.9951069467840366
IN.ADM2.00400,soyabean,Kharif,full,6,0.06439998595927064,0.004147358191554256,0.9035335659657462
IN.ADM2.00400,soyabean,Kharif,cleaned,6,0.06439998595927064,0.004147358191554256,0.9035335659657462
IN.ADM2.00402,soyabean,Kharif,full,16,0.04424511574513176,0.0019576302673001067,0.870752544770168
IN.ADM2.00402,soyabean,Kharif,cleaned,16,0.04424511574513176,0.0019576302673001067,0.870752544770168
IN.ADM2.00403,soyabean,Kharif,full,16,-0.16456692489634273,0.027082272769838506,0.5424937025235558
IN.ADM2.00403,soyabean,Kharif,cleaned,16,-0.16456692489634273,0.027082272769838506,0.5424937025235558
IN.ADM2.00416,soyabean,Kharif,full,7,0.3007308967287199,0.09043907224725999,0.5122329538307995
IN.ADM2.00416,soyabean,Kharif,cleaned,7,0.3007308967287199,0.09043907224725999,0.5122329538307995
IN.ADM2.00418,soyabean,Kharif,full,15,0.009286526033542825,8.623956577166862e-05,0.9737968973413162
IN.ADM2.00418,soyabean,Kharif,cleaned,15,0.009286526033542825,8.623956577166862e-05,0.9737968973413162
IN.ADM2.00420,soyabean,Kharif,full,16,0.21833175915442798,0.04766875705546715,0.4165875271133346
IN.ADM2.00420,soyabean,Kharif,cleaned,16,0.21833175915442798,0.04766875705546715,0.4165875271133346
IN.ADM2.00422,soyabean,Kharif,full,10,0.6659288740161068,0.4434612652483598,0.03554267459335581
IN.ADM2.00422,soyabean,Kharif,cleaned,10,0.6659288740161068,0.4434612652483598,0.03554267459335581
IN.ADM2.00424,soyabean,Kharif,full,16,0.3794204119140793,0.14395984897704964,0.14721715442481242
IN.ADM2.00424,soyabean,Kharif,cleaned,16,0.3794204119140793,0.14395984897704964,0.14721715442481242
IN.ADM2.00436,soyabean,Kharif,full,14,-0.24172457353287832,0.0584307694496519,0.4050823722025815
IN.ADM2.00436,soyabean,Kharif,cleaned,14,-0.24172457353287832,0.0584307694496519,0.4050823722025815
IN.ADM2.00437,soyabean,Kharif,full,16,-0.0329670786387672,0.0010868282739746609,0.9035299850502276
IN.ADM2.00437,soyabean,Kharif,cleaned,16,-0.0329670786387672,0.0010868282739746609,0.9035299850502276
IN.ADM2.00440,soyabean,Kharif,full,13,-0.21114316862664367,0.044581437657699285,0.4886548320402991
IN.ADM2.00440,soyabean,Kharif,cleaned,13,-0.21114316862664367,0.044581437657699285,0.4886548320402991
IN.ADM2.00442,soyabean,Kharif,full,14,-0.15595368654086222,0.02432155234568551,0.5944507417614675
IN.ADM2.00442,soyabean,Kharif,cleaned,14,-0.15595368654086222,0.02432155234568551,0.5944507417614675
IN.ADM2.00455,soyabean,Kharif,full,15,-0.04375064561567856,0.0019141189917886937,0.8769646816840648
IN.ADM2.00455,soyabean,Kharif,cleaned,10,-0.30022864902728114,0.09013724169674636,0.39931464058037613
IN.ADM2.00488,soyabean,Kharif,full,16,0.47702206140892234,0.22755004707081766,0.06171491221970333
IN.ADM2.00488,soyabean,Kharif,cleaned,15,0.18652510226598404,0.0347916137753358,0.5056560971759203
IN.ADM2.00489,soyabean,Kharif,full,16,0.5023422432048414,0.2523477293080721,0.047369183759291014
IN.ADM2.00489,soyabean,Kharif,cleaned,16,0.5023422432048414,0.2523477293080721,0.047369183759291014
IN.ADM2.00491,soyabean,Kharif,full,11,0.43416152213709974,0.18849622730440335,0.1821228929245147
IN.ADM2.00491,soyabean,Kharif,cleaned,11,0.43416152213709974,0.18849622730440335,0.1821228929245147
IN.ADM2.00494,soyabean,Kharif,full,16,0.33326072372412135,0.11106270997712514,0.20718354260137029
IN.ADM2.00494,soyabean,Kharif,cleaned,16,0.33326072372412135,0.11106270997712514,0.20718354260137029
IN.ADM2.00502,soyabean,Kharif,full,13,-0.10946126709597458,0.011981768994256287,0.7218603743532045
IN.ADM2.00502,soyabean,Kharif,cleaned,13,-0.10946126709597458,0.011981768994256287,0.7218603743532045
IN.ADM2.00503,soyabean,Kharif,full,13,0.009819591497658594,9.642437718088895e-05,0.9746013784491141
IN.ADM2.00503,soyabean,Kharif,cleaned,12,0.03685777559924735,0.0013584956221244732,0.9094594130002124
IN.ADM2.00573,soyabean,Kharif,full,16,0.4583229262509829,0.21005990472726394,0.07419162210707182
IN.ADM2.00573,soyabean,Kharif,cleaned,16,0.4583229262509829,0.21005990472726394,0.07419162210707182
IN.ADM2.00574,soyabean,Kharif,full,14,0.569780938183361,0.324650317517111,0.03340969674880902
IN.ADM2.00574,soyabean,Kharif,cleaned,14,0.569780938183361,0.324650317517111,0.03340969674880902
IN.ADM2.00575,soyabean,Kharif,full,16,-0.2638227751075079,0.06960245666542669,0.3234817584934763
IN.ADM2.00575,soyabean,Kharif,cleaned,16,-0.2638227751075079,0.06960245666542669,0.3234817584934763
IN.ADM2.00008,soyabean,Rabi,full,5,0.5753369818736878,0.33101264271152414,0.3101628356177648
IN.ADM2.00008,soyabean,Rabi,cleaned,5,0.5753369818736878,0.33101264271152414,0.3101628356177648
IN.ADM2.00003,groundnut,Kharif,full,11,0.3857264587504564,0.14878490098016756,0.24134969827414857
IN.ADM2.00003,groundnut,Kharif,cleaned,11,0.3857264587504564,0.14878490098016756,0.24134969827414857
IN.ADM2.00004,groundnut,Kharif,full,16,0.5207203104668445,0.27114964173268696,0.03863281028080905
IN.ADM2.00004,groundnut,Kharif,cleaned,16,0.5207203104668445,0.27114964173268696,0.03863281028080905
IN.ADM2.00005,groundnut,Kharif,full,16,0.48263162097645507,0.2329332815663606,0.058292322465899195
IN.ADM2.00005,groundnut,Kharif,cleaned,16,0.48263162097645507,0.2329332815663606,0.058292322465899195
IN.ADM2.00007,groundnut,Kharif,full,16,0.20489686940102286,0.041982727090339816,0.4465161299200899
IN.ADM2.00007,groundnut,Kharif,cleaned,16,0.20489686940102286,0.041982727090339816,0.4465161299200899
IN.ADM2.00008,groundnut,Kharif,full,16,-0.22545025961371723,0.0508278195598925,0.40116783404953565
IN.ADM2.00008,groundnut,Kharif,cleaned,16,-0.22545025961371723,0.0508278195598925,0.40116783404953565
IN.ADM2.00010,groundnut,Kharif,full,16,0.08664405916332166,0.007507192988297184,0.749678551337658
IN.ADM2.00010,groundnut,Kharif,cleaned,16,0.08664405916332166,0.007507192988297184,0.749678551337658
IN.ADM2.00011,groundnut,Kharif,full,14,-0.07505835217987224,0.005633756231957731,0.7987096764457561
IN.ADM2.00011,groundnut,Kharif,cleaned,14,-0.07505835217987224,0.005633756231957731,0.7987096764457561
IN.ADM2.00012,groundnut,Kharif,full,16,0.16190244424400896,0.02621240145218443,0.5491386702496184
IN.ADM2.00012,groundnut,Kharif,cleaned,16,0.16190244424400896,0.02621240145218443,0.5491386702496184
IN.ADM2.00013,groundnut,Kharif,full,16,0.47137932745360445,0.22219847035061244,0.06530431028070031
IN.ADM2.00013,groundnut,Kharif,cleaned,16,0.47137932745360445,0.22219847035061244,0.06530431028070031
IN.ADM2.00014,groundnut,Kharif,full,16,0.40965514492324584,0.16781733776208554,0.11507583801881197
IN.ADM2.00014,groundnut,Kharif,cleaned,16,0.40965514492324584,0.16781733776208554,0.11507583801881197
IN.ADM2.00016,groundnut,Kharif,full,16,0.1528465141655559,0.02336205689256148,0.5719854962803712
IN.ADM2.00016,groundnut,Kharif,cleaned,16,0.1528465141655559,0.02336205689256148,0.5719854962803712
IN.ADM2.00018,groundnut,Kharif,full,11,0.21075815366393452,0.044418999335830635,0.5339056943549969
IN.ADM2.00018,groundnut,Kharif,cleaned,11,0.21075815366393452,0.044418999335830635,0.5339056943549969
IN.ADM2.00021,groundnut,Kharif,full,16,0.270724592402372,0.07329180493143046,0.31050729223709317
IN.ADM2.00021,groundnut,Kharif,cleaned,16,0.270724592402372,0.07329180493143046,0.31050729223709317
IN.ADM2.00025,groundnut,Kharif,full,16,-0.3356030311465436,0.11262939451474792,0.2038119651135875
IN.ADM2.00025,groundnut,Kharif,cleaned,15,-0.34169736525464256,0.11675708942196461,0.2125731360380344
IN.ADM2.00060,groundnut,Kharif,full,7,0.8906729795442285,0.7932983564901938,0.0071507371497065335
IN.ADM2.00060,groundnut,Kharif,cleaned,7,0.8906729795442285,0.7932983564901938,0.0071507371497065335
IN.ADM2.00069,groundnut,Kharif,full,13,-0.19483947148569025,0.037962419648823104,0.5235527103155223
IN.ADM2.00069,groundnut,Kharif,cleaned,13,-0.19483947148569025,0.037962419648823104,0.5235527103155223
IN.ADM2.00075,groundnut,Kharif,full,8,-0.6683267627813341,0.4466606618497776,0.07003077630056961
IN.ADM2.00075,groundnut,Kharif,cleaned,8,-0.6683267627813341,0.4466606618497776,0.07003077630056961
IN.ADM2.00084,groundnut,Kharif,full,14,-0.07824499659838788,0.006122279492681731,0.7903338234904547
IN.ADM2.00084,groundnut,Kharif,cleaned,14,-0.07824499659838788,0.006122279492681731,0.7903338234904547
IN.ADM2.00087,groundnut,Kharif,full,7,-0.7116612645267686,0.5064617554278393,0.07287957882644326
IN.ADM2.00087,groundnut,Kharif,cleaned,7,-0.7116612645267686,0.5064617554278393,0.07287957882644326
IN.ADM2.00109,groundnut,Kharif,full,16,0.6917970939455351,0.47858321919148755,0.002987961875882151
IN.ADM2.00109,groundnut,Kharif,cleaned,16,0.6917970939455351,0.47858321919148755,0.002987961875882151
IN.ADM2.00110,groundnut,Kharif,full,16,0.6119622025462154,0.37449773734521513,0.011753676081922064
IN.ADM2.00110,groundnut,Kharif,cleaned,16,0.6119622025462154,0.37449773734521513,0.011753676081922064
IN.ADM2.00111,groundnut,Kharif,full,16,0.21432925557685806,0.04593702979613014,0.42539177957422203
IN.ADM2.00111,groundnut,Kharif,cleaned,16,0.21432925557685806,0.04593702979613014,0.42539177957422203
IN.ADM2.00112,groundnut,Kharif,full,16,0.8026011844013999,0.64416866120253,0.000182531405972212
IN.ADM2.00112,groundnut,Kharif,cleaned,16,0.8026011844013999,0.64416866120253,0.000182531405972212
IN.ADM2.00113,groundnut,Kharif,full,16,0.2655948907787985,0.0705406460078019,0.32012092756774907
IN.ADM2.00113,groundnut,Kharif,cleaned,15,0.28333273046850954,0.08027743615474107,0.30616093918050646
IN.ADM2.00114,groundnut,Kharif,full,16,0.8735711101432185,0.7631264844768553,9.848030739343874e-06
IN.ADM2.00114,groundnut,Kharif,cleaned,16,0.8735711101432185,0.7631264844768553,9.848030739343874e-06
IN.ADM2.00115,groundnut,Kharif,full,16,0.6434674887992271,0.4140504091415835,0.007158361961835958
IN.ADM2.00115,groundnut,Kharif,cleaned,16,0.6434674887992271,0.4140504091415835,0.007158361961835958
IN.ADM2.00116,groundnut,Kharif,full,16,-0.4623179443185155,0.21373788163889798,0.07138433800449519
IN.ADM2.00116,groundnut,Kharif,cleaned,16,-0.4623179443185155,0.21373788163889798,0.07138433800449519
IN.ADM2.00117,groundnut,Kharif,full,16,0.626567285915735,0.3925865637798104,0.009399726557118484
IN.ADM2.00117,groundnut,Kharif,cleaned,16,0.626567285915735,0.3925865637798104,0.009399726557118484
IN.ADM2.00120,groundnut,Kharif,full,16,0.8023896762757188,0.6438291925938527,0.00018379407876561643
IN.ADM2.00120,groundnut,Kharif,cleaned,16,0.8023896762757188,0.6438291925938527,0.00018379407876561643
IN.ADM2.00121,groundnut,Kharif,full,16,0.27001023049106504,0.07290552456983806,0.3118358334956989
IN.ADM2.00121,groundnut,Kharif,cleaned,16,0.27001023049106504,0.07290552456983806,0.3118358334956989
IN.ADM2.00123,groundnut,Kharif,full,15,-0.1209780040955839,0.014635677474951115,0.6675732499505316
IN.ADM2.00123,groundnut,Kharif,cleaned,15,-0.1209780040955839,0.014635677474951115,0.6675732499505316
IN.ADM2.00124,groundnut,Kharif,full,16,-0.3120468525527108,0.09737323818805324,0.23935229968965419
IN.ADM2.00124,groundnut,Kharif,cleaned,16,-0.3120468525527108,0.09737323818805324,0.23935229968965419
IN.ADM2.00126,groundnut,Kharif,full,16,0.13678118494976493,0.0187090925562618,0.6134687894464443
IN.ADM2.00126,groundnut,Kharif,cleaned,16,0.13678118494976493,0.0187090925562618,0.6134687894464443
IN.ADM2.00129,groundnut,Kharif,full,10,0.17578507817634076,0.030900393709462234,0.62713358890406
IN.ADM2.00129,groundnut,Kharif,cleaned,6,0.40996425752072235,0.16807069244451717,0.4195051020384216
IN.ADM2.00130,groundnut,Kharif,full,7,-0.8218457189415124,0.6754303857424914,0.0233176524016653
IN.ADM2.00130,groundnut,Kharif,cleaned,7,-0.8218457189415124,0.6754303857424914,0.0233176524016653
IN.ADM2.00132,groundnut,Kharif,full,16,-0.23039814430251532,0.05308330489804267,0.3906321824635041
IN.ADM2.00132,groundnut,Kharif,cleaned,16,-0.23039814430251532,0.05308330489804267,0.3906321824635041
IN.ADM2.00140,groundnut,Kharif,full,14,0.398298067610572,0.1586413506623158,0.15838417485920733
IN.ADM2.00140,groundnut,Kharif,cleaned,7,0.7606589407761803,0.5786020241827406,0.04708834880159747
IN.ADM2.00141,groundnut,Kharif,full,16,0.1774451525506131,0.031486782163710356,0.5108892289251927
IN.ADM2.00141,groundnut,Kharif,cleaned,16,0.1774451525506131,0.031486782163710356,0.5108892289251927
IN.ADM2.00143,groundnut,Kharif,full,10,-0.056258409817501354,0.003165008675193933,0.8773234920658822
IN.ADM2.00143,groundnut,Kharif,cleaned,10,-0.056258409817501354,0.003165008675193933,0.8773234920658822
IN.ADM2.00152,groundnut,Kharif,full,14,0.02230532746061857,0.0004975276331254249,0.9396688205149885
IN.ADM2.00152,groundnut,Kharif,cleaned,10,0.19230046462503086,0.036979468695002744,0.5945563101992873
IN.ADM2.00153,groundnut,Kharif,full,14,0.3623426968757608,0.13129222997919948,0.20295893256928638
IN.ADM2.00153,groundnut,Kharif,cleaned,14,0.3623426968757608,0.13129222997919948,0.20295893256928638
IN.ADM2.00170,groundnut,Kharif,full,16,0.21074360785049745,0.04441286824984425,0.4333602149497879
IN.ADM2.00170,groundnut,Kharif,cleaned,16,0.21074360785049745,0.04441286824984425,0.4333602149497879
IN.ADM2.00171,groundnut,Kharif,full,16,0.32432256750133065,0.10518512779065517,0.22037804132087357
IN.ADM2.00171,groundnut,Kharif,cleaned,16,0.32432256750133065,0.10518512779065517,0.22037804132087357
IN.ADM2.00172,groundnut,Kharif,full,16,-0.10493462645579603,0.011011275829417447,0.6989332088532956
IN.ADM2.00172,groundnut,Kharif,cleaned,16,-0.10493462645579603,0.011011275829417447,0.6989332088532956
IN.ADM2.00173,groundnut,Kharif,full,16,0.3437662300442974,0.1181752209188688,0.1923398203693788
IN.ADM2.00173,groundnut,Kharif,cleaned,16,0.3437662300442974,0.1181752209188688,0.1923398203693788
IN.ADM2.00174,groundnut,Kharif,full,16,0.2980627550227067,0.08884140593172606,0.26217499222027063
IN.ADM2.00174,groundnut,Kharif,cleaned,16,0.2980627550227067,0.08884140593172606,0.26217499222027063
IN.ADM2.00175,groundnut,Kharif,full,16,0.07975660949786575,0.00636111675859505,0.7690518491143241
IN.ADM2.00175,groundnut,Kharif,cleaned,16,0.07975660949786575,0.00636111675859505,0.7690518491143241
IN.ADM2.00176,groundnut,Kharif,full,16,-0.04458377625330101,0.001987713105004407,0.869771080300127
IN.ADM2.00176,groundnut,Kharif,cleaned,16,-0.04458377625330101,0.001987713105004407,0.869771080300127
IN.ADM2.00179,groundnut,Kharif,full,16,0.6885348102599473,0.47408018493970167,0.0031852785399878467
IN.ADM2.00179,groundnut,Kharif,cleaned,16,0.6885348102599473,0.47408018493970167,0.0031852785399878467
IN.ADM2.00180,groundnut,Kharif,full,16,0.21150870079797968,0.04473593051324929,0.4316535386933905
IN.ADM2.00180,groundnut,Kharif,cleaned,16,0.21150870079797968,0.04473593051324929,0.4316535386933905
IN.ADM2.00181,groundnut,Kharif,full,16,0.2451788877347693,0.060112686990858616,0.3600644567298437
IN.ADM2.00181,groundnut,Kharif,cleaned,16,0.2451788877347693,0.060112686990858616,0.3600644567298437
IN.ADM2.00183,groundnut,Kharif,full,16,0.5608803958518194,0.3145868184508936,0.02380474119280504
IN.ADM2.00183,groundnut,Kharif,cleaned,16,0.5608803958518194,0.3145868184508936,0.02380474119280504
IN.ADM2.00184,groundnut,Kharif,full,16,0.2219380020198638,0.04925647674056907,0.40873746804590605
IN.ADM2.00184,groundnut,Kharif,cleaned,15,0.16560267609123014,0.027424246328576887,0.5553039650980843
IN.ADM2.00185,groundnut,Kharif,full,16,0.4680160905153717,0.21903906098129258,0.06751499969801256
IN.ADM2.00185,groundnut,Kharif,cleaned,16,0.4680160905153717,0.21903906098129258,0.06751499969801256
IN.ADM2.00186,groundnut,Kharif,full,16,0.41048798685903165,0.16850038735558054,0.11426662837054374
IN.ADM2.00186,groundnut,Kharif,cleaned,16,0.41048798685903165,0.16850038735558054,0.11426662837054374
IN.ADM2.00188,groundnut,Kharif,full,16,0.5008659475264137,0.25086669739153217,0.04812987720142682
IN.ADM2.00188,groundnut,Kharif,cleaned,16,0.5008659475264137,0.25086669739153217,0.04812987720142682
IN.ADM2.00189,groundnut,Kharif,full,16,0.20414677657481148,0.041675906385885995,0.4482183980606001
IN.ADM2.00189,groundnut,Kharif,cleaned,16,0.20414677657481148,0.041675906385885995,0.4482183980606001
IN.ADM2.00199,groundnut,Kharif,full,9,-0.32038793393308923,0.10264842820991354,0.40059519765272206
IN.ADM2.00199,groundnut,Kharif,cleaned,9,-0.32038793393308923,0.10264842820991354,0.40059519765272206
IN.ADM2.00205,groundnut,Kharif,full,12,0.20144649136502224,0.04058068888327798,0.5301155710111825
IN.ADM2.00205,groundnut,Kharif,cleaned,12,0.20144649136502224,0.04058068888327798,0.5301155710111825
IN.ADM2.00206,groundnut,Kharif,full,16,0.15167266985241717,0.023004598780160337,0.5749760040977281
IN.ADM2.00206,groundnut,Kharif,cleaned,16,0.15167266985241717,0.023004598780160337,0.5749760040977281
IN.ADM2.00207,groundnut,Kharif,full,15,-0.22153191742381265,0.049076390437470946,0.427492552072082
IN.ADM2.00207,groundnut,Kharif,cleaned,14,-0.105515193844099,0.011133456131957788,0.7195969591061331
IN.ADM2.00209,groundnut,Kharif,full,13,0.25383931485117106,0.06443439776411196,0.40267783982155986
IN.ADM2.00209,groundnut,Kharif,cleaned,13,0.25383931485117106,0.06443439776411196,0.40267783982155986
IN.ADM2.00210,groundnut,Kharif,full,16,0.128674227300189,0.0165570567713007,0.634837943636457
IN.ADM2.00210,groundnut,Kharif,cleaned,16,0.128674227300189,0.0165570567713007,0.634837943636457
IN.ADM2.00211,groundnut,Kharif,full,15,-0.370495681201596,0.13726704978903465,0.17401591507029682
IN.ADM2.00211,groundnut,Kharif,cleaned,15,-0.370495681201596,0.13726704978903465,0.17401591507029682
IN.ADM2.00212,groundnut,Kharif,full,15,0.1281528025833557,0.016423140809968543,0.6489945547815492
IN.ADM2.00212,groundnut,Kharif,cleaned,15,0.1281528025833557,0.016423140809968543,0.6489945547815492
IN.ADM2.00213,groundnut,Kharif,full,15,0.20063492880378064,0.04025437465609813,0.4733835278751057
IN.ADM2.00213,groundnut,Kharif,cleaned,15,0.20063492880378064,0.04025437465609813,0.4733835278751057
IN.ADM2.00214,groundnut,Kharif,full,15,-0.0410004408471295,0.001681036149658965,0.8846495880175089
IN.ADM2.00214,groundnut,Kharif,cleaned,15,-0.0410004408471295,0.001681036149658965,0.8846495880175089
IN.ADM2.00216,groundnut,Kharif,full,15,-0.09426568963303561,0.008886020241991798,0.7382576410854613
IN.ADM2.00216,groundnut,Kharif,cleaned,15,-0.09426568963303561,0.008886020241991798,0.7382576410854613
IN.ADM2.00217,groundnut,Kharif,full,16,-0.05051462726156569,0.002551727567374916,0.8526130753062791
IN.ADM2.00217,groundnut,Kharif,cleaned,16,-0.05051462726156569,0.002551727567374916,0.8526130753062791
IN.ADM2.00218,groundnut,Kharif,full,15,-0.11850362895686722,0.014043110075946861,0.6740229122404292
IN.ADM2.00218,groundnut,Kharif,cleaned,14,-0.11878730512837266,0.014110423859661108,0.6858745570158054
IN.ADM2.00219,groundnut,Kharif,full,14,0.45380393692605886,0.2059380131695904,0.10312555455797551
IN.ADM2.00219,groundnut,Kharif,cleaned,14,0.45380393692605886,0.2059380131695904,0.10312555455797551
IN.ADM2.00220,groundnut,Kharif,full,13,0.40889828351024404,0.16719780625762393,0.16534763385079948
IN.ADM2.00220,groundnut,Kharif,cleaned,13,0.40889828351024404,0.16719780625762393,0.16534763385079948
IN.ADM2.00221,groundnut,Kharif,full,12,0.14932924105077172,0.022299222232799485,0.6432194251381195
IN.ADM2.00221,groundnut,Kharif,cleaned,12,0.14932924105077172,0.022299222232799485,0.6432194251381195
IN.ADM2.00223,groundnut,Kharif,full,12,-0.25509757209306005,0.06507477128777397,0.4235983729053596
IN.ADM2.00223,groundnut,Kharif,cleaned,12,-0.25509757209306005,0.06507477128777397,0.4235983729053596
IN.ADM2.00224,groundnut,Kharif,full,15,0.18286653721854051,0.033440170434299865,0.5141865657433392
IN.ADM2.00224,groundnut,Kharif,cleaned,15,0.18286653721854051,0.033440170434299865,0.5141865657433392
IN.ADM2.00226,groundnut,Kharif,full,15,0.3099779536268519,0.09608633173469074,0.2608579167514854
IN.ADM2.00226,groundnut,Kharif,cleaned,15,0.3099779536268519,0.09608633173469074,0.2608579167514854
IN.ADM2.00227,groundnut,Kharif,full,12,0.2734392978109416,0.07476904958734082,0.38981159756002703
IN.ADM2.00227,groundnut,Kharif,cleaned,12,0.2734392978109416,0.07476904958734082,0.38981159756002703
IN.ADM2.00228,groundnut,Kharif,full,12,0.21825003391286335,0.047633077302966,0.4955824275895492
IN.ADM2.00228,groundnut,Kharif,cleaned,12,0.21825003391286335,0.047633077302966,0.4955824275895492
IN.ADM2.00229,groundnut,Kharif,full,12,0.3051227437224997,0.09309988873674623,0.3348520284457671
IN.ADM2.00229,groundnut,Kharif,cleaned,12,0.3051227437224997,0.09309988873674623,0.3348520284457671
IN.ADM2.00230,groundnut,Kharif,full,16,-0.1385351306665156,0.01919198242878855,0.6088829542615257
IN.ADM2.00230,groundnut,Kharif,cleaned,16,-0.1385351306665156,0.01919198242878855,0.6088829542615257
IN.ADM2.00232,groundnut,Kharif,full,12,0.025325174084943974,0.0006413644424327179,0.9377295948939666
IN.ADM2.00232,groundnut,Kharif,cleaned,12,0.025325174084943974,0.0006413644424327179,0.9377295948939666
IN.ADM2.00233,groundnut,Kharif,full,13,0.37734163420663536,0.1423867089057342,0.2037037977048094
IN.ADM2.00233,groundnut,Kharif,cleaned,13,0.37734163420663536,0.1423867089057342,0.2037037977048094
IN.ADM2.00235,groundnut,Kharif,full,12,0.07164574718538455,0.005133113089752038,0.8248854640675274
IN.ADM2.00235,groundnut,Kharif,cleaned,12,0.07164574718538455,0.005133113089752038,0.8248854640675274
IN.ADM2.00236,groundnut,Kharif,full,6,0.2826619589273593,0.07989778302465216,0.5872990935408118
IN.ADM2.00236,groundnut,Kharif,cleaned,6,0.2826619589273593,0.07989778302465216,0.5872990935408118
IN.ADM2.00237,groundnut,Kharif,full,15,0.3398479036398588,0.11549659760840675,0.21522017642543326
IN.ADM2.00237,groundnut,Kharif,cleaned,15,0.3398479036398588,0.11549659760840675,0.21522017642543326
IN.ADM2.00238,groundnut,Kharif,full,12,-0.19536912886576352,0.03816909651376731,0.5428518909366045
IN.ADM2.00238,groundnut,Kharif,cleaned,12,-0.19536912886576352,0.03816909651376731,0.5428518909366045
IN.ADM2.00239,groundnut,Kharif,full,13,0.021057400078089428,0.0004434140980487206,0.9455628390604719
IN.ADM2.00239,groundnut,Kharif,cleaned,13,0.021057400078089428,0.0004434140980487206,0.9455628390604719
IN.ADM2.00240,groundnut,Kharif,full,15,0.1756226288125435,0.030843307751028438,0.5312682442884649
IN.ADM2.00240,groundnut,Kharif,cleaned,15,0.1756226288125435,0.030843307751028438,0.5312682442884649
IN.ADM2.00241,groundnut,Kharif,full,15,-0.09965610580613943,0.009931339424444456,0.7238158046195189
IN.ADM2.00241,groundnut,Kharif,cleaned,15,-0.09965610580613943,0.009931339424444456,0.7238158046195189
IN.ADM2.00243,groundnut,Kharif,full,15,0.6836873342234926,0.4674283709776257,0.004948553687267138
IN.ADM2.00243,groundnut,Kharif,cleaned,15,0.6836873342234926,0.4674283709776257,0.004948553687267138
IN.ADM2.00244,groundnut,Kharif,full,12,0.2803229791864528,0.07858097265996847,0.37749875683403333
IN.ADM2.00244,groundnut,Kharif,cleaned,12,0.2803229791864528,0.07858097265996847,0.37749875683403333
IN.ADM2.00245,groundnut,Kharif,full,16,-0.08319577919019219,0.0069215376750632164,0.7593612450086338
IN.ADM2.00245,groundnut,Kharif,cleaned,16,-0.08319577919019219,0.0069215376750632164,0.7593612450086338
IN.ADM2.00246,groundnut,Kharif,full,15,0.2627904272389458,0.06905880864842767,0.3440139977073398
IN.ADM2.00246,groundnut,Kharif,cleaned,15,0.2627904272389458,0.06905880864842767,0.3440139977073398
IN.ADM2.00248,groundnut,Kharif,full,14,0.007140562296376565,5.098762990843457e-05,0.9806719172487675
IN.ADM2.00248,groundnut,Kharif,cleaned,14,0.007140562296376565,5.098762990843457e-05,0.9806719172487675
IN.ADM2.00249,groundnut,Kharif,full,15,-0.3892511701544714,0.15151647346662525,0.1515514228049828
IN.ADM2.00249,groundnut,Kharif,cleaned,15,-0.3892511701544714,0.15151647346662525,0.1515514228049828
IN.ADM2.00250,groundnut,Kharif,full,16,0.6003767214447949,0.3604522076528009,0.01393136316391834
IN.ADM2.00250,groundnut,Kharif,cleaned,16,0.6003767214447949,0.3604522076528009,0.01393136316391834
IN.ADM2.00252,groundnut,Kharif,full,16,0.5093488207649025,0.2594362212145968,0.04388055183521471
IN.ADM2.00252,groundnut,Kharif,cleaned,16,0.5093488207649025,0.2594362212145968,0.04388055183521471
IN.ADM2.00253,groundnut,Kharif,full,16,0.6646057288618792,0.44170077483602965,0.004976274119618497
IN.ADM2.00253,groundnut,Kharif,cleaned,16,0.6646057288618792,0.44170077483602965,0.004976274119618497
IN.ADM2.00255,groundnut,Kharif,full,16,0.6489556407297279,0.4211434236349317,0.00653012068296434
IN.ADM2.00255,groundnut,Kharif,cleaned,16,0.6489556407297279,0.4211434236349317,0.00653012068296434
IN.ADM2.00256,groundnut,Kharif,full,15,0.5765551961832049,0.33241589424585394,0.024457220083119097
IN.ADM2.00256,groundnut,Kharif,cleaned,15,0.5765551961832049,0.33241589424585394,0.024457220083119097
IN.ADM2.00258,groundnut,Kharif,full,16,0.8025157479726899,0.6440315257441659,0.00018304057947499081
IN.ADM2.00258,groundnut,Kharif,cleaned,16,0.8025157479726899,0.6440315257441659,0.00018304057947499081
IN.ADM2.00260,groundnut,Kharif,full,16,0.24158060542387175,0.05836118891696441,0.36737988927841014
IN.ADM2.00260,groundnut,Kharif,cleaned,16,0.24158060542387175,0.05836118891696441,0.36737988927841014
IN.ADM2.00261,groundnut,Kharif,full,16,0.5533087314054305,0.3061505522494868,0.026194014924958087
IN.ADM2.00261,groundnut,Kharif,cleaned,16,0.5533087314054305,0.3061505522494868,0.026194014924958087
IN.ADM2.00262,groundnut,Kharif,full,16,0.11462139360138804,0.013138063871124319,0.6725199051176518
IN.ADM2.00262,groundnut,Kharif,cleaned,16,0.11462139360138804,0.013138063871124319,0.6725199051176518
IN.ADM2.00263,groundnut,Kharif,full,16,0.6516544531177207,0.4246535262681557,0.006237727686386667
IN.ADM2.00263,groundnut,Kharif,cleaned,16,0.6516544531177207,0.4246535262681557,0.006237727686386667
IN.ADM2.00266,groundnut,Kharif,full,16,0.3444828253508262,0.11866841696168783,0.19135332567180524
IN.ADM2.00266,groundnut,Kharif,cleaned,16,0.3444828253508262,0.11866841696168783,0.19135332567180524
IN.ADM2.00267,groundnut,Kharif,full,13,0.2674231116515573,0.07151512064540128,0.37707393639688286
IN.ADM2.00267,groundnut,Kharif,cleaned,13,0.2674231116515573,0.07151512064540128,0.37707393639688286
IN.ADM2.00268,groundnut,Kharif,full,16,-0.15917088118885195,0.025335369418435623,0.5559876987430555
IN.ADM2.00268,groundnut,Kharif,cleaned,15,-0.05238783496353152,0.0027444852521662155,0.852898881201421
IN.ADM2.00269,groundnut,Kharif,full,16,0.5941687969052534,0.3530365592158362,0.015221398143808785
IN.ADM2.00269,groundnut,Kharif,cleaned,16,0.5941687969052534,0.3530365592158362,0.015221398143808785
IN.ADM2.00270,groundnut,Kharif,full,11,-0.16962174998415674,0.02877153806768778,0.6180579513330825
IN.ADM2.00270,groundnut,Kharif,cleaned,11,-0.16962174998415674,0.02877153806768778,0.6180579513330825
IN.ADM2.00271,groundnut,Kharif,full,16,0.17066238895975444,0.029125651005450514,0.5274276310460738
IN.ADM2.00271,groundnut,Kharif,cleaned,16,0.17066238895975444,0.029125651005450514,0.5274276310460738
IN.ADM2.00273,groundnut,Kharif,full,12,-0.5341811611922389,0.28534951297268873,0.07360691026907949
IN.ADM2.00273,groundnut,Kharif,cleaned,12,-0.5341811611922389,0.28534951297268873,0.07360691026907949
IN.ADM2.00274,groundnut,Kharif,full,16,0.3912376578135127,0.15306690489140326,0.13400505167510757
IN.ADM2.00274,groundnut,Kharif,cleaned,16,0.3912376578135127,0.15306690489140326,0.13400505167510757
IN.ADM2.00275,groundnut,Kharif,full,16,0.02806902015194887,0.0007878698922905117,0.9178138640005082
IN.ADM2.00275,groundnut,Kharif,cleaned,16,0.02806902015194887,0.0007878698922905117,0.9178138640005082
IN.ADM2.00276,groundnut,Kharif,full,16,-0.6521263540199735,0.42526878160738385,0.006187690823140619
IN.ADM2.00276,groundnut,Kharif,cleaned,16,-0.6521263540199735,0.42526878160738385,0.006187690823140619
IN.ADM2.00277,groundnut,Kharif,full,16,0.2888801106899569,0.08345171835224174,0.2778620462512338
IN.ADM2.00277,groundnut,Kharif,cleaned,16,0.2888801106899569,0.08345171835224174,0.2778620462512338
IN.ADM2.00278,groundnut,Kharif,full,13,-0.004854859432581354,2.3569660110124146e-05,0.9874414110905072
IN.ADM2.00278,groundnut,Kharif,cleaned,13,-0.004854859432581354,2.3569660110124146e-05,0.9874414110905072
IN.ADM2.00279,groundnut,Kharif,full,16,0.3686588843786331,0.13590937303129835,0.15999401511947195
IN.ADM2.00279,groundnut,Kharif,cleaned,16,0.3686588843786331,0.13590937303129835,0.15999401511947195
IN.ADM2.00280,groundnut,Kharif,full,11,0.1230834312036072,0.015149531036853105,0.7184436171840937
IN.ADM2.00280,groundnut,Kharif,cleaned,11,0.1230834312036072,0.015149531036853105,0.7184436171840937
IN.ADM2.00282,groundnut,Kharif,full,9,-0.7136811266537988,0.5093407505418356,0.03083259257254605
IN.ADM2.00282,groundnut,Kharif,cleaned,5,-0.9308486339397608,0.8664791793075188,0.021601214895784256
IN.ADM2.00283,groundnut,Kharif,full,9,-0.48986440730247754,0.23996713754180762,0.18069904096824227
IN.ADM2.00283,groundnut,Kharif,cleaned,9,-0.48986440730247754,0.23996713754180762,0.18069904096824227
IN.ADM2.00285,groundnut,Kharif,full,9,-0.08636315880898782,0.00745859519946645,0.8251522898745403
IN.ADM2.00285,groundnut,Kharif,cleaned,9,-0.08636315880898782,0.00745859519946645,0.8251522898745403
IN.ADM2.00286,groundnut,Kharif,full,9,0.10205630908603161,0.010415490224263618,0.7938886949648384
IN.ADM2.00286,groundnut,Kharif,cleaned,9,0.10205630908603161,0.010415490224263618,0.7938886949648384
IN.ADM2.00288,groundnut,Kharif,full,9,0.15065719724207954,0.02269759108083886,0.69882976224742
IN.ADM2.00288,groundnut,Kharif,cleaned,9,0.15065719724207954,0.02269759108083886,0.69882976224742
IN.ADM2.00297,groundnut,Kharif,full,16,-0.16278535255156645,0.02649907100533778,0.5469328341958816
IN.ADM2.00297,groundnut,Kharif,cleaned,15,-0.23738300172562743,0.056350689508269235,0.3942720350873358
IN.ADM2.00300,groundnut,Kharif,full,16,-0.14577851202062359,0.021251374566947093,0.5900902474954894
IN.ADM2.00300,groundnut,Kharif,cleaned,11,-0.20944920582940826,0.043868969822569825,0.5365077618972003
IN.ADM2.00324,groundnut,Kharif,full,5,-0.7840219827703677,0.6146904694671788,0.11650714273263071
IN.ADM2.00332,groundnut,Kharif,full,7,-0.21821294418688228,0.0476168890107074,0.6383066757632723
IN.ADM2.00332,groundnut,Kharif,cleaned,7,-0.21821294418688228,0.0476168890107074,0.6383066757632723
IN.ADM2.00333,groundnut,Kharif,full,16,0.6488351922140058,0.4209871066553858,0.006543420158691823
IN.ADM2.00333,groundnut,Kharif,cleaned,16,0.6488351922140058,0.4209871066553858,0.006543420158691823
IN.ADM2.00334,groundnut,Kharif,full,16,0.5416012887126134,0.2933319559351636,0.030244765782365353
IN.ADM2.00334,groundnut,Kharif,cleaned,16,0.5416012887126134,0.2933319559351636,0.030244765782365353
IN.ADM2.00335,groundnut,Kharif,full,16,0.5785312610516591,0.3346984200140229,0.01888542538929295
IN.ADM2.00335,groundnut,Kharif,cleaned,16,0.5785312610516591,0.3346984200140229,0.01888542538929295
IN.ADM2.00336,groundnut,Kharif,full,16,0.6098914501471977,0.37196758096265176,0.01212183346752695
IN.ADM2.00336,groundnut,Kharif,cleaned,16,0.6098914501471977,0.37196758096265176,0.01212183346752695
IN.ADM2.00338,groundnut,Kharif,full,16,0.6213815174515527,0.38611499023039425,0.010188404043807676
IN.ADM2.00338,groundnut,Kharif,cleaned,16,0.6213815174515527,0.38611499023039425,0.010188404043807676
IN.ADM2.00339,groundnut,Kharif,full,16,0.59443417461254,0.35335198794729167,0.015164412806011926
IN.ADM2.00339,groundnut,Kharif,cleaned,16,0.59443417461254,0.35335198794729167,0.015164412806011926
IN.ADM2.00340,groundnut,Kharif,full,16,0.48055893925204457,0.23093689409505028,0.059540227806808815
IN.ADM2.00340,groundnut,Kharif,cleaned,16,0.48055893925204457,0.23093689409505028,0.059540227806808815
IN.ADM2.00342,groundnut,Kharif,full,16,0.4330836211959086,0.18756142294816125,0.0938033905334871
IN.ADM2.00342,groundnut,Kharif,cleaned,16,0.4330836211959086,0.18756142294816125,0.0938033905334871
IN.ADM2.00344,groundnut,Kharif,full,16,0.5691871204934313,0.3239739781356039,0.021380130752085648
IN.ADM2.00344,groundnut,Kharif,cleaned,16,0.5691871204934313,0.3239739781356039,0.021380130752085648
IN.ADM2.00347,groundnut,Kharif,full,16,0.23783378103148226,0.05656490739973105,0.3750839104615642
IN.ADM2.00347,groundnut,Kharif,cleaned,16,0.23783378103148226,0.05656490739973105,0.3750839104615642
IN.ADM2.00348,groundnut,Kharif,full,16,0.5872414491371868,0.3448525195847431,0.016768960166442897
IN.ADM2.00348,groundnut,Kharif,cleaned,16,0.5872414491371868,0.3448525195847431,0.016768960166442897
IN.ADM2.00349,groundnut,Kharif,full,16,-0.08833467050599023,0.007803014013401859,0.7449440276235246
IN.ADM2.00349,groundnut,Kharif,cleaned,16,-0.08833467050599023,0.007803014013401859,0.7449440276235246
IN.ADM2.00350,groundnut,Kharif,full,16,0.7754719731265481,0.6013567811047819,0.00041596797481316167
IN.ADM2.00350,groundnut,Kharif,cleaned,16,0.7754719731265481,0.6013567811047819,0.00041596797481316167
IN.ADM2.00351,groundnut,Kharif,full,16,0.15744628533660238,0.024789332766294813,0.5603308530391189
IN.ADM2.00351,groundnut,Kharif,cleaned,16,0.15744628533660238,0.024789332766294813,0.5603308530391189
IN.ADM2.00357,groundnut,Kharif,full,16,0.6322638020464431,0.39975751537822374,0.008589803210517779
IN.ADM2.00357,groundnut,Kharif,cleaned,16,0.6322638020464431,0.39975751537822374,0.008589803210517779
IN.ADM2.00364,groundnut,Kharif,full,12,-0.10157290910980035,0.010317055865027763,0.753442178958319
IN.ADM2.00364,groundnut,Kharif,cleaned,12,-0.10157290910980035,0.010317055865027763,0.753442178958319
IN.ADM2.00365,groundnut,Kharif,full,12,0.3781234319379144,0.1429773297805066,0.22554025305105538
IN.ADM2.00365,groundnut,Kharif,cleaned,12,0.3781234319379144,0.1429773297805066,0.22554025305105538
IN.ADM2.00366,groundnut,Kharif,full,12,0.4586327177348672,0.21034396977687037,0.13370973953601853
IN.ADM2.00366,groundnut,Kharif,cleaned,11,0.4425185211208058,0.19582264153494505,0.17290254896493487
IN.ADM2.00367,groundnut,Kharif,full,12,0.2533658511651568,0.06419425453664439,0.4268605307837397
IN.ADM2.00367,groundnut,Kharif,cleaned,12,0.2533658511651568,0.06419425453664439,0.4268605307837397
IN.ADM2.00368,groundnut,Kharif,full,12,-0.38873212504309107,0.1511126650405174,0.2117197163858528
IN.ADM2.00368,groundnut,Kharif,cleaned,12,-0.38873212504309107,0.1511126650405174,0.2117197163858528
IN.ADM2.00369,groundnut,Kharif,full,12,0.3585611306647405,0.12856608442357711,0.2524074905923861
IN.ADM2.00369,groundnut,Kharif,cleaned,12,0.3585611306647405,0.12856608442357711,0.2524074905923861
IN.ADM2.00374,groundnut,Kharif,full,12,0.06921273422394045,0.0047904025787538175,0.8307550280874918
IN.ADM2.00374,groundnut,Kharif,cleaned,12,0.06921273422394045,0.0047904025787538175,0.8307550280874918
IN.ADM2.00376,groundnut,Kharif,full,12,-0.22119852516564983,0.04892878753545862,0.4896293909323279
IN.ADM2.00376,groundnut,Kharif,cleaned,12,-0.22119852516564983,0.04892878753545862,0.4896293909323279
IN.ADM2.00377,groundnut,Kharif,full,9,-0.32402104773737683,0.10498963937682744,0.3949678788331208
IN.ADM2.00377,groundnut,Kharif,cleaned,9,-0.32402104773737683,0.10498963937682744,0.3949678788331208
IN.ADM2.00378,groundnut,Kharif,full,12,0.428137065355953,0.18330134673160756,0.16498244860051553
IN.ADM2.00378,groundnut,Kharif,cleaned,12,0.428137065355953,0.18330134673160756,0.16498244860051553
IN.ADM2.00383,groundnut,Kharif,full,12,-0.13397049514461695,0.017948093569293836,0.678070438416739
IN.ADM2.00383,groundnut,Kharif,cleaned,12,-0.13397049514461695,0.017948093569293836,0.678070438416739
IN.ADM2.00384,groundnut,Kharif,full,12,-0.3561495794117702,0.12684252291518083,0.2558435034304559
IN.ADM2.00384,groundnut,Kharif,cleaned,12,-0.3561495794117702,0.12684252291518083,0.2558435034304559
IN.ADM2.00387,groundnut,Kharif,full,13,0.04640574214243487,0.0021534929037901555,0.8803399186300447
IN.ADM2.00387,groundnut,Kharif,cleaned,13,0.04640574214243487,0.0021534929037901555,0.8803399186300447
IN.ADM2.00388,groundnut,Kharif,full,14,0.09921898837843668,0.009844407654840353,0.7357662344362511
IN.ADM2.00388,groundnut,Kharif,cleaned,14,0.09921898837843668,0.009844407654840353,0.7357662344362511
IN.ADM2.00390,groundnut,Kharif,full,15,0.21270279907309295,0.04524248073352855,0.44659709119911684
IN.ADM2.00390,groundnut,Kharif,cleaned,15,0.21270279907309295,0.04524248073352855,0.44659709119911684
IN.ADM2.00391,groundnut,Kharif,full,6,-0.5656592986391806,0.31997044213696973,0.2420081799834624
IN.ADM2.00392,groundnut,Kharif,full,15,-0.07473405735357441,0.005585179328527349,0.791238456707106
IN.ADM2.00392,groundnut,Kharif,cleaned,15,-0.07473405735357441,0.005585179328527349,0.791238456707106
IN.ADM2.00393,groundnut,Kharif,full,15,0.293263324726358,0.08600337762955731,0.2887721554032952
IN.ADM2.00393,groundnut,Kharif,cleaned,15,0.293263324726358,0.08600337762955731,0.2887721554032952
IN.ADM2.00394,groundnut,Kharif,full,15,0.09577568239534309,0.009172981338293633,0.7342036955340882
IN.ADM2.00394,groundnut,Kharif,cleaned,15,0.09577568239534309,0.009172981338293633,0.7342036955340882
IN.ADM2.00395,groundnut,Kharif,full,15,0.2466733811570773,0.06084775697146474,0.3754611899496005
IN.ADM2.00395,groundnut,Kharif,cleaned,15,0.2466733811570773,0.06084775697146474,0.3754611899496005
IN.ADM2.00396,groundnut,Kharif,full,15,0.176372725892234,0.031107338438657105,0.5294878038846766
IN.ADM2.00396,groundnut,Kharif,cleaned,15,0.176372725892234,0.031107338438657105,0.5294878038846766
IN.ADM2.00398,groundnut,Kharif,full,15,-0.03413364561270393,0.0011651057628136625,0.9038778273275943
IN.ADM2.00398,groundnut,Kharif,cleaned,15,-0.03413364561270393,0.0011651057628136625,0.9038778273275943
IN.ADM2.00399,groundnut,Kharif,full,15,0.2982386092938202,0.08894626807351193,0.28028527290786376
IN.ADM2.00399,groundnut,Kharif,cleaned,15,0.2982386092938202,0.08894626807351193,0.28028527290786376
IN.ADM2.00400,groundnut,Kharif,full,15,-0.04733285851913477,0.0022403994955924288,0.8669702588806596
IN.ADM2.00400,groundnut,Kharif,cleaned,15,-0.04733285851913477,0.0022403994955924288,0.8669702588806596
IN.ADM2.00401,groundnut,Kharif,full,9,-0.17285749008141446,0.0298797118772463,0.6565083974298708
IN.ADM2.00401,groundnut,Kharif,cleaned,8,-0.09907557975984721,0.009815970504749846,0.8154453618148251
IN.ADM2.00403,groundnut,Kharif,full,16,-0.14505277526895838,0.021040307613226943,0.5919624063369555
IN.ADM2.00403,groundnut,Kharif,cleaned,16,-0.14505277526895838,0.021040307613226943,0.5919624063369555
IN.ADM2.00405,groundnut,Kharif,full,15,0.023198757365127623,0.0005381823432860631,0.9345959837114584
IN.ADM2.00405,groundnut,Kharif,cleaned,15,0.023198757365127623,0.0005381823432860631,0.9345959837114584
IN.ADM2.00406,groundnut,Kharif,full,15,0.22291623237498004,0.0496916466562561,0.4245356828881054
IN.ADM2.00406,groundnut,Kharif,cleaned,15,0.22291623237498004,0.0496916466562561,0.4245356828881054
IN.ADM2.00409,groundnut,Kharif,full,15,0.5299589075194802,0.28085644365924095,0.04215501424870228
IN.ADM2.00409,groundnut,Kharif,cleaned,15,0.5299589075194802,0.28085644365924095,0.04215501424870228
IN.ADM2.00410,groundnut,Kharif,full,15,-0.06919490342841854,0.004787934660468168,0.8064300438291536
IN.ADM2.00410,groundnut,Kharif,cleaned,15,-0.06919490342841854,0.004787934660468168,0.8064300438291536
IN.ADM2.00412,groundnut,Kharif,full,14,-0.14958859591604698,0.022376748028134386,0.6097620031411142
IN.ADM2.00412,groundnut,Kharif,cleaned,14,-0.14958859591604698,0.022376748028134386,0.6097620031411142
IN.ADM2.00413,groundnut,Kharif,full,15,0.008820398219010341,7.77994247419208e-05,0.975111750589379
IN.ADM2.00413,groundnut,Kharif,cleaned,15,0.008820398219010341,7.77994247419208e-05,0.975111750589379
IN.ADM2.00414,groundnut,Kharif,full,15,-0.17372158712605779,0.030179189833596486,0.5357924953130041
IN.ADM2.00414,groundnut,Kharif,cleaned,15,-0.17372158712605779,0.030179189833596486,0.5357924953130041
IN.ADM2.00416,groundnut,Kharif,full,15,0.1914587854336611,0.03665646651973268,0.4942573151655947
IN.ADM2.00416,groundnut,Kharif,cleaned,15,0.1914587854336611,0.03665646651973268,0.4942573151655947
IN.ADM2.00417,groundnut,Kharif,full,16,0.15777453334664768,0.02489280337275244,0.5595030825301919
IN.ADM2.00417,groundnut,Kharif,cleaned,16,0.15777453334664768,0.02489280337275244,0.5595030825301919
IN.ADM2.00418,groundnut,Kharif,full,15,-0.10130891269591476,0.010263495791628479,0.7194046744066214
IN.ADM2.00418,groundnut,Kharif,cleaned,14,0.1811809845338488,0.032826549156654755,0.5353385123588645
IN.ADM2.00420,groundnut,Kharif,full,15,0.024895507024246977,0.0006197862699943306,0.9298228494975409
IN.ADM2.00420,groundnut,Kharif,cleaned,15,0.024895507024246977,0.0006197862699943306,0.9298228494975409
IN.ADM2.00421,groundnut,Kharif,full,9,-0.2008272731432503,0.04033159363815366,0.6043801323177931
IN.ADM2.00421,groundnut,Kharif,cleaned,9,-0.2008272731432503,0.04033159363815366,0.6043801323177931
IN.ADM2.00422,groundnut,Kharif,full,15,0.5549197373311753,0.30793591487970057,0.031781578171413576
IN.ADM2.00422,groundnut,Kharif,cleaned,15,0.5549197373311753,0.30793591487970057,0.031781578171413576
IN.ADM2.00423,groundnut,Kharif,full,15,0.6138124247843826,0.3767656928196833,0.014932848014458096
IN.ADM2.00423,groundnut,Kharif,cleaned,15,0.6138124247843826,0.3767656928196833,0.014932848014458096
IN.ADM2.00424,groundnut,Kharif,full,15,0.3490804629667087,0.12185716962505168,0.2022126288055378
IN.ADM2.00424,groundnut,Kharif,cleaned,15,0.3490804629667087,0.12185716962505168,0.2022126288055378
IN.ADM2.00425,groundnut,Kharif,full,15,0.631978534584241,0.3993968681752447,0.011485601304503018
IN.ADM2.00425,groundnut,Kharif,cleaned,15,0.631978534584241,0.3993968681752447,0.011485601304503018
IN.ADM2.00426,groundnut,Kharif,full,15,-0.1215003085893916,0.014762324987317388,0.666214557831284
IN.ADM2.00426,groundnut,Kharif,cleaned,15,-0.1215003085893916,0.014762324987317388,0.666214557831284
IN.ADM2.00427,groundnut,Kharif,full,15,0.4706388290137291,0.22150090737541414,0.0766312604690133
IN.ADM2.00427,groundnut,Kharif,cleaned,15,0.4706388290137291,0.22150090737541414,0.0766312604690133
IN.ADM2.00429,groundnut,Kharif,full,15,-0.018618382158160644,0.00034664415418731456,0.9474909596591272
IN.ADM2.00429,groundnut,Kharif,cleaned,15,-0.018618382158160644,0.00034664415418731456,0.9474909596591272
IN.ADM2.00436,groundnut,Kharif,full,15,0.26055468753393046,0.06788874519590414,0.3482853476143576
IN.ADM2.00436,groundnut,Kharif,cleaned,15,0.26055468753393046,0.06788874519590414,0.3482853476143576
IN.ADM2.00437,groundnut,Kharif,full,13,-0.13395776232880183,0.01794468208813976,0.662618559223937
IN.ADM2.00437,groundnut,Kharif,cleaned,13,-0.13395776232880183,0.01794468208813976,0.662618559223937
IN.ADM2.00438,groundnut,Kharif,full,6,-0.0673359011569838,0.004534123584623093,0.8991488029132882
IN.ADM2.00438,groundnut,Kharif,cleaned,5,0.028419324268996023,0.0008076579919063463,0.9638202638942286
IN.ADM2.00439,groundnut,Kharif,full,15,0.12990512214935204,0.016875340760638076,0.6444855648700896
IN.ADM2.00439,groundnut,Kharif,cleaned,15,0.12990512214935204,0.016875340760638076,0.6444855648700896
IN.ADM2.00440,groundnut,Kharif,full,12,-0.07391652130716383,0.005463652122152405,0.819414708113154
IN.ADM2.00440,groundnut,Kharif,cleaned,12,-0.07391652130716383,0.005463652122152405,0.819414708113154
IN.ADM2.00441,groundnut,Kharif,full,15,-0.5429811774721808,0.2948285590890759,0.03647054113351901
IN.ADM2.00441,groundnut,Kharif,cleaned,15,-0.5429811774721808,0.2948285590890759,0.03647054113351901
IN.ADM2.00442,groundnut,Kharif,full,15,0.3870749242330391,0.14982699697001295,0.15405289532677727
IN.ADM2.00442,groundnut,Kharif,cleaned,15,0.3870749242330391,0.14982699697001295,0.15405289532677727
IN.ADM2.00443,groundnut,Kharif,full,15,-0.014676986113594578,0.00021541392137864807,0.9585968403639898
IN.ADM2.00443,groundnut,Kharif,cleaned,15,-0.014676986113594578,0.00021541392137864807,0.9585968403639898
IN.ADM2.00444,groundnut,Kharif,full,15,0.18818466427793498,0.0354134678693991,0.5018083254191293
IN.ADM2.00444,groundnut,Kharif,cleaned,15,0.18818466427793498,0.0354134678693991,0.5018083254191293
IN.ADM2.00445,groundnut,Kharif,full,15,-0.042362858783471125,0.0017946118043083166,0.880841345594006
IN.ADM2.00445,groundnut,Kharif,cleaned,15,-0.042362858783471125,0.0017946118043083166,0.880841345594006
IN.ADM2.00448,groundnut,Kharif,full,15,-0.05697753239489385,0.0032464391978111783,0.8401581332787047
IN.ADM2.00448,groundnut,Kharif,cleaned,15,-0.05697753239489385,0.0032464391978111783,0.8401581332787047
IN.ADM2.00451,groundnut,Kharif,full,5,0.989391901235094,0.978896334229594,0.0013094771545615164
IN.ADM2.00451,groundnut,Kharif,cleaned,5,0.989391901235094,0.978896334229594,0.0013094771545615164
IN.ADM2.00452,groundnut,Kharif,full,5,0.3678598345298828,0.13532085786035275,0.5424152870964167
IN.ADM2.00452,groundnut,Kharif,cleaned,5,0.3678598345298828,0.13532085786035275,0.5424152870964167
IN.ADM2.00453,groundnut,Kharif,full,5,0.6693274054117941,0.44799917563528424,0.21658099268052827
IN.ADM2.00453,groundnut,Kharif,cleaned,5,0.6693274054117941,0.44799917563528424,0.21658099268052827
IN.ADM2.00461,groundnut,Kharif,full,5,-0.27613002549697374,0.07624779098095937,0.6529407393716193
IN.ADM2.00461,groundnut,Kharif,cleaned,5,-0.27613002549697374,0.07624779098095937,0.6529407393716193
IN.ADM2.00465,groundnut,Kharif,full,5,0.6356341727383147,0.4040308015527217,0.24908583775758514
IN.ADM2.00465,groundnut,Kharif,cleaned,5,0.6356341727383147,0.4040308015527217,0.24908583775758514
IN.ADM2.00482,groundnut,Kharif,full,12,-0.8163719332501151,0.6664631333985305,0.001197258496509457
IN.ADM2.00482,groundnut,Kharif,cleaned,12,-0.8163719332501151,0.6664631333985305,0.001197258496509457
IN.ADM2.00485,groundnut,Kharif,full,7,-0.24685122161505269,0.060935525612843856,0.5935828381299805
IN.ADM2.00485,groundnut,Kharif,cleaned,7,-0.24685122161505269,0.060935525612843856,0.5935828381299805
IN.ADM2.00491,groundnut,Kharif,full,16,0.425006292611151,0.18063034875907533,0.10079265967717461
IN.ADM2.00491,groundnut,Kharif,cleaned,16,0.425006292611151,0.18063034875907533,0.10079265967717461
IN.ADM2.00492,groundnut,Kharif,full,12,0.18559072251718006,0.03444391628444893,0.5636084970317926
IN.ADM2.00492,groundnut,Kharif,cleaned,12,0.18559072251718006,0.03444391628444893,0.5636084970317926
IN.ADM2.00494,groundnut,Kharif,full,16,0.3471817970202941,0.1205352001822407,0.18766750173706612
IN.ADM2.00494,groundnut,Kharif,cleaned,16,0.3471817970202941,0.1205352001822407,0.18766750173706612
IN.ADM2.00495,groundnut,Kharif,full,16,0.7753321707934664,0.601139975067309,0.00041761607933830274
IN.ADM2.00495,groundnut,Kharif,cleaned,16,0.7753321707934664,0.601139975067309,0.00041761607933830274
IN.ADM2.00510,groundnut,Kharif,full,10,0.24819461628973516,0.06160056755520887,0.4893008181809023
IN.ADM2.00510,groundnut,Kharif,cleaned,10,0.24819461628973516,0.06160056755520887,0.4893008181809023
IN.ADM2.00511,groundnut,Kharif,full,9,0.7637324407454386,0.5832872410469848,0.01660510805005243
IN.ADM2.00533,groundnut,Kharif,full,12,-0.5409708799738336,0.2926494929796639,0.06933646017993764
IN.ADM2.00533,groundnut,Kharif,cleaned,12,-0.5409708799738336,0.2926494929796639,0.06933646017993764
IN.ADM2.00534,groundnut,Kharif,full,12,-0.04576104040351564,0.002094072818812191,0.8876987798057019
IN.ADM2.00534,groundnut,Kharif,cleaned,12,-0.04576104040351564,0.002094072818812191,0.8876987798057019
IN.ADM2.00552,groundnut,Kharif,full,16,0.5110973588099682,0.2612205101825254,0.04304076473097126
IN.ADM2.00552,groundnut,Kharif,cleaned,16,0.5110973588099682,0.2612205101825254,0.04304076473097126
IN.ADM2.00554,groundnut,Kharif,full,15,-0.21670414712677438,0.04696068738194268,0.4378865675080919
IN.ADM2.00554,groundnut,Kharif,cleaned,15,-0.21670414712677438,0.04696068738194268,0.4378865675080919
IN.ADM2.00555,groundnut,Kharif,full,11,0.40215039922908147,0.1617249436001096,0.2201584130141053
IN.ADM2.00555,groundnut,Kharif,cleaned,11,0.40215039922908147,0.1617249436001096,0.2201584130141053
IN.ADM2.00561,groundnut,Kharif,full,5,0.3132489501535095,0.09812490477227588,0.6077812949381328
IN.ADM2.00561,groundnut,Kharif,cleaned,5,0.3132489501535095,0.09812490477227588,0.6077812949381328
IN.ADM2.00564,groundnut,Kharif,full,16,0.10459493642589826,0.010940100725937698,0.6998655611251101
IN.ADM2.00564,groundnut,Kharif,cleaned,16,0.10459493642589826,0.010940100725937698,0.6998655611251101
IN.ADM2.00566,groundnut,Kharif,full,12,-0.46331476126568377,0.21466056800667754,0.12927826906246154
IN.ADM2.00566,groundnut,Kharif,cleaned,12,-0.46331476126568377,0.21466056800667754,0.12927826906246154
IN.ADM2.00567,groundnut,Kharif,full,12,-0.09135666320045518,0.008346039911121402,0.7776600865240115
IN.ADM2.00567,groundnut,Kharif,cleaned,12,-0.09135666320045518,0.008346039911121402,0.7776600865240115
IN.ADM2.00568,groundnut,Kharif,full,12,0.0898664220006575,0.008075973803200258,0.7812085059751204
IN.ADM2.00568,groundnut,Kharif,cleaned,12,0.0898664220006575,0.008075973803200258,0.7812085059751204
IN.ADM2.00570,groundnut,Kharif,full,13,0.25185655166379683,0.06343172261597876,0.4064879116436425
IN.ADM2.00570,groundnut,Kharif,cleaned,13,0.25185655166379683,0.06343172261597876,0.4064879116436425
IN.ADM2.00572,groundnut,Kharif,full,6,0.8997194038749579,0.8094950057091095,0.014580076175741034
IN.ADM2.00572,groundnut,Kharif,cleaned,6,0.8997194038749579,0.8094950057091095,0.014580076175741034
IN.ADM2.00573,groundnut,Kharif,full,15,0.49304510872177093,0.24309347923446292,0.06183627806562592
IN.ADM2.00573,groundnut,Kharif,cleaned,15,0.49304510872177093,0.24309347923446292,0.06183627806562592
IN.ADM2.00574,groundnut,Kharif,full,15,-0.18942578394451418,0.03588212762299377,0.49893966778134274
IN.ADM2.00574,groundnut,Kharif,cleaned,15,-0.18942578394451418,0.03588212762299377,0.49893966778134274
IN.ADM2.00575,groundnut,Kharif,full,14,-0.0018392617737409862,3.3828838723448387e-06,0.9950210889733931
IN.ADM2.00575,groundnut,Kharif,cleaned,14,-0.0018392617737409862,3.3828838723448387e-06,0.9950210889733931
IN.ADM2.00577,groundnut,Kharif,full,12,-0.49886617425496665,0.24886745981578676,0.09874014585676472
IN.ADM2.00577,groundnut,Kharif,cleaned,12,-0.49886617425496665,0.24886745981578676,0.09874014585676472
IN.ADM2.00578,groundnut,Kharif,full,12,-0.004899611112938948,2.4006189058034836e-05,0.9879427492122892
IN.ADM2.00578,groundnut,Kharif,cleaned,11,0.4057210221111263,0.16460954778289705,0.21570177746869118
IN.ADM2.00003,groundnut,Rabi,full,17,-0.06771527401134098,0.00458535833443099,0.7962320082200602
IN.ADM2.00003,groundnut,Rabi,cleaned,17,-0.06771527401134098,0.00458535833443099,0.7962320082200602
IN.ADM2.00004,groundnut,Rabi,full,17,0.2841504030847948,0.08074145157325135,0.26901897803097974
IN.ADM2.00004,groundnut,Rabi,cleaned,17,0.2841504030847948,0.08074145157325135,0.26901897803097974
IN.ADM2.00005,groundnut,Rabi,full,17,0.07314025827048493,0.005349497379873239,0.7802692477640661
IN.ADM2.00005,groundnut,Rabi,cleaned,17,0.07314025827048493,0.005349497379873239,0.7802692477640661
IN.ADM2.00007,groundnut,Rabi,full,17,-0.11321775879604207,0.01281826090679876,0.6652706436393755
IN.ADM2.00007,groundnut,Rabi,cleaned,17,-0.11321775879604207,0.01281826090679876,0.6652706436393755
IN.ADM2.00008,groundnut,Rabi,full,17,0.2008688023661537,0.04034827576401292,0.4394933239996601
IN.ADM2.00008,groundnut,Rabi,cleaned,17,0.2008688023661537,0.04034827576401292,0.4394933239996601
IN.ADM2.00010,groundnut,Rabi,full,17,0.19965308830066347,0.039861355667992523,0.4423249761294669
IN.ADM2.00010,groundnut,Rabi,cleaned,17,0.19965308830066347,0.039861355667992523,0.4423249761294669
IN.ADM2.00011,groundnut,Rabi,full,17,-0.32557499446998855,0.10599907702413308,0.20223111793477835
IN.ADM2.00011,groundnut,Rabi,cleaned,17,-0.32557499446998855,0.10599907702413308,0.20223111793477835
IN.ADM2.00012,groundnut,Rabi,full,17,-0.21865136076111014,0.047808417562685133,0.39915786532978786
IN.ADM2.00012,groundnut,Rabi,cleaned,17,-0.21865136076111014,0.047808417562685133,0.39915786532978786
IN.ADM2.00013,groundnut,Rabi,full,17,0.29237451726276975,0.08548285834463765,0.2547973498755727
IN.ADM2.00013,groundnut,Rabi,cleaned,17,0.29237451726276975,0.08548285834463765,0.2547973498755727
IN.ADM2.00014,groundnut,Rabi,full,17,0.3295810617032409,0.1086236762334355,0.19640961571342563
IN.ADM2.00014,groundnut,Rabi,cleaned,17,0.3295810617032409,0.1086236762334355,0.19640961571342563
IN.ADM2.00016,groundnut,Rabi,full,17,-0.0581405075698497,0.0033803186204797507,0.8245889612055967
IN.ADM2.00016,groundnut,Rabi,cleaned,17,-0.0581405075698497,0.0033803186204797507,0.8245889612055967
IN.ADM2.00018,groundnut,Rabi,full,17,-0.30065148355876,0.09039131456608332,0.24096680711448107
IN.ADM2.00018,groundnut,Rabi,cleaned,17,-0.30065148355876,0.09039131456608332,0.24096680711448107
IN.ADM2.00021,groundnut,Rabi,full,17,0.47017318483407916,0.22106282373702116,0.056842371875580305
IN.ADM2.00021,groundnut,Rabi,cleaned,17,0.47017318483407916,0.22106282373702116,0.056842371875580305
IN.ADM2.00025,groundnut,Rabi,full,17,0.37474502542326105,0.14043383407948057,0.13832441248297678
IN.ADM2.00025,groundnut,Rabi,cleaned,16,0.3463578322657432,0.11996374797182469,0.1887877693625593
IN.ADM2.00108,groundnut,Rabi,full,5,-0.14805680364304097,0.021920817104993988,0.8121792272895655
IN.ADM2.00108,groundnut,Rabi,cleaned,5,-0.14805680364304097,0.021920817104993988,0.8121792272895655
IN.ADM2.00170,groundnut,Rabi,full,10,0.013134803391317312,0.00017252306012856077,0.9712725740669365
IN.ADM2.00170,groundnut,Rabi,cleaned,10,0.013134803391317312,0.00017252306012856077,0.9712725740669365
IN.ADM2.00171,groundnut,Rabi,full,12,-0.4420928483724533,0.19544608658206897,0.15014853272126988
IN.ADM2.00171,groundnut,Rabi,cleaned,12,-0.4420928483724533,0.19544608658206897,0.15014853272126988
IN.ADM2.00172,groundnut,Rabi,full,12,-0.8084171769711812,0.6535383320220541,0.0014590809796151125
IN.ADM2.00172,groundnut,Rabi,cleaned,12,-0.8084171769711812,0.6535383320220541,0.0014590809796151125
IN.ADM2.00173,groundnut,Rabi,full,12,-0.35126692520261255,0.1233884527412978,0.26288347232875753
IN.ADM2.00173,groundnut,Rabi,cleaned,12,-0.35126692520261255,0.1233884527412978,0.26288347232875753
IN.ADM2.00174,groundnut,Rabi,full,12,-0.1660361278807646,0.02756799576163762,0.6060468984006213
IN.ADM2.00174,groundnut,Rabi,cleaned,12,-0.1660361278807646,0.02756799576163762,0.6060468984006213
IN.ADM2.00175,groundnut,Rabi,full,11,-0.24086265123582143,0.05801481676034895,0.4755595464665405
IN.ADM2.00175,groundnut,Rabi,cleaned,11,-0.24086265123582143,0.05801481676034895,0.4755595464665405
IN.ADM2.00176,groundnut,Rabi,full,11,-0.6237989351907258,0.38912511154508334,0.04026841870696343
IN.ADM2.00176,groundnut,Rabi,cleaned,11,-0.6237989351907258,0.38912511154508334,0.04026841870696343
IN.ADM2.00178,groundnut,Rabi,full,16,0.23849438085347646,0.05687956969868308,0.37371922783252814
IN.ADM2.00178,groundnut,Rabi,cleaned,16,0.23849438085347646,0.05687956969868308,0.37371922783252814
IN.ADM2.00179,groundnut,Rabi,full,11,-0.18503162034563386,0.034236700527730785,0.5859782429042942
IN.ADM2.00179,groundnut,Rabi,cleaned,11,-0.18503162034563386,0.034236700527730785,0.5859782429042942
IN.ADM2.00180,groundnut,Rabi,full,12,-0.029808910332060193,0.0008885711351848049,0.9267289768301846
IN.ADM2.00180,groundnut,Rabi,cleaned,12,-0.029808910332060193,0.0008885711351848049,0.9267289768301846
IN.ADM2.00181,groundnut,Rabi,full,11,0.27482315108202715,0.07552776437065473,0.4134264160944259
IN.ADM2.00181,groundnut,Rabi,cleaned,11,0.27482315108202715,0.07552776437065473,0.4134264160944259
IN.ADM2.00183,groundnut,Rabi,full,11,0.03623681671958846,0.001313106885969046,0.9157622200813411
IN.ADM2.00183,groundnut,Rabi,cleaned,11,0.03623681671958846,0.001313106885969046,0.9157622200813411
IN.ADM2.00184,groundnut,Rabi,full,11,0.030733386099108702,0.000944541021116888,0.9285250338207166
IN.ADM2.00184,groundnut,Rabi,cleaned,11,0.030733386099108702,0.000944541021116888,0.9285250338207166
IN.ADM2.00185,groundnut,Rabi,full,12,-0.4070139040893256,0.16566031812203472,0.18913837837968628
IN.ADM2.00185,groundnut,Rabi,cleaned,12,-0.4070139040893256,0.16566031812203472,0.18913837837968628
IN.ADM2.00186,groundnut,Rabi,full,11,-0.1238190480824352,0.0153311566680404,0.7168205752282399
IN.ADM2.00186,groundnut,Rabi,cleaned,11,-0.1238190480824352,0.0153311566680404,0.7168205752282399
IN.ADM2.00188,groundnut,Rabi,full,12,-0.5275644794036776,0.2783242799284733,0.07793874239110182
IN.ADM2.00188,groundnut,Rabi,cleaned,12,-0.5275644794036776,0.2783242799284733,0.07793874239110182
IN.ADM2.00189,groundnut,Rabi,full,16,0.48872444636819945,0.23885158447790306,0.054735560710339456
IN.ADM2.00189,groundnut,Rabi,cleaned,16,0.48872444636819945,0.23885158447790306,0.054735560710339456
IN.ADM2.00364,groundnut,Rabi,full,5,0.7028676030661544,0.49402286743996116,0.18551810998383597
IN.ADM2.00364,groundnut,Rabi,cleaned,5,0.7028676030661544,0.49402286743996116,0.18551810998383597
IN.ADM2.00365,groundnut,Rabi,full,5,-0.8659267321320154,0.7498291054208313,0.05773171268129268
IN.ADM2.00365,groundnut,Rabi,cleaned,5,-0.8659267321320154,0.7498291054208313,0.05773171268129268
IN.ADM2.00366,groundnut,Rabi,full,5,0.352988467963823,0.12460085851544689,0.5600772474520592
IN.ADM2.00367,groundnut,Rabi,full,5,0.3774764498652906,0.14248847020290326,0.5310531099750047
IN.ADM2.00367,groundnut,Rabi,cleaned,5,0.3774764498652906,0.14248847020290326,0.5310531099750047
IN.ADM2.00368,groundnut,Rabi,full,5,0.5967865588707489,0.3561541968487899,0.28803508079869344
IN.ADM2.00368,groundnut,Rabi,cleaned,5,0.5967865588707489,0.3561541968487899,0.28803508079869344
IN.ADM2.00369,groundnut,Rabi,full,5,0.22820906933087343,0.052079379324863395,0.7119773391827892
IN.ADM2.00369,groundnut,Rabi,cleaned,5,0.22820906933087343,0.052079379324863395,0.7119773391827892
IN.ADM2.00374,groundnut,Rabi,full,5,-0.759272417258479,0.5764946036095339,0.1365473278169585
IN.ADM2.00374,groundnut,Rabi,cleaned,5,-0.759272417258479,0.5764946036095339,0.1365473278169585
IN.ADM2.00376,groundnut,Rabi,full,5,0.3609922562434177,0.13031540906771333,0.5505580286174979
IN.ADM2.00376,groundnut,Rabi,cleaned,5,0.3609922562434177,0.13031540906771333,0.5505580286174979
IN.ADM2.00377,groundnut,Rabi,full,5,0.7055827292602018,0.49784698783027526,0.18306371920943285
IN.ADM2.00377,groundnut,Rabi,cleaned,5,0.7055827292602018,0.49784698783027526,0.18306371920943285
IN.ADM2.00378,groundnut,Rabi,full,5,0.7870184470648461,0.619398036020362,0.11414615523979914
IN.ADM2.00378,groundnut,Rabi,cleaned,5,0.7870184470648461,0.619398036020362,0.11414615523979914
IN.ADM2.00383,groundnut,Rabi,full,5,0.33599045524365867,0.112889586014841,0.5803947385143285
IN.ADM2.00383,groundnut,Rabi,cleaned,5,0.33599045524365867,0.112889586014841,0.5803947385143285
IN.ADM2.00384,groundnut,Rabi,full,5,-0.5686073322446767,0.3233142982824082,0.3171912797528105
IN.ADM2.00384,groundnut,Rabi,cleaned,5,-0.5686073322446767,0.3233142982824082,0.3171912797528105
IN.ADM2.00387,groundnut,Rabi,full,13,0.44734559985752825,0.20011808571189177,0.12534183350354017
IN.ADM2.00387,groundnut,Rabi,cleaned,13,0.44734559985752825,0.20011808571189177,0.12534183350354017
IN.ADM2.00451,groundnut,Rabi,full,11,0.23805318963553448,0.056669321095651745,0.48087924514007746
IN.ADM2.00451,groundnut,Rabi,cleaned,11,0.23805318963553448,0.056669321095651745,0.48087924514007746
IN.ADM2.00452,groundnut,Rabi,full,14,-0.08768996252626751,0.0076895295278582,0.7656348402905249
IN.ADM2.00452,groundnut,Rabi,cleaned,14,-0.08768996252626751,0.0076895295278582,0.7656348402905249
IN.ADM2.00453,groundnut,Rabi,full,11,-0.1851382935477687,0.034276187737779774,0.585758409467432
IN.ADM2.00453,groundnut,Rabi,cleaned,11,-0.1851382935477687,0.034276187737779774,0.585758409467432
IN.ADM2.00457,groundnut,Rabi,full,13,-0.2080180176404306,0.04327149566305449,0.49525971668876945
IN.ADM2.00457,groundnut,Rabi,cleaned,13,-0.2080180176404306,0.04327149566305449,0.49525971668876945
IN.ADM2.00460,groundnut,Rabi,full,6,0.1493424512858122,0.02230316775605519,0.7776517279433457
IN.ADM2.00460,groundnut,Rabi,cleaned,6,0.1493424512858122,0.02230316775605519,0.7776517279433457
IN.ADM2.00461,groundnut,Rabi,full,13,0.14584668309217275,0.021271254968988667,0.6344819868758369
IN.ADM2.00461,groundnut,Rabi,cleaned,13,0.14584668309217275,0.021271254968988667,0.6344819868758369
IN.ADM2.00464,groundnut,Rabi,full,11,0.10321847390312958,0.010654053354891042,0.7626490366588154
IN.ADM2.00464,groundnut,Rabi,cleaned,11,0.10321847390312958,0.010654053354891042,0.7626490366588154
IN.ADM2.00465,groundnut,Rabi,full,12,0.19746756883549316,0.03899344074180023,0.5384397544689956
IN.ADM2.00465,groundnut,Rabi,cleaned,11,0.23315027748121078,0.054359051889565586,0.4902261450514134
IN.ADM2.00492,groundnut,Rabi,full,5,0.7108419693388314,0.5052963053735081,0.1783361762655221
IN.ADM2.00492,groundnut,Rabi,cleaned,5,0.7108419693388314,0.5052963053735081,0.1783361762655221
IN.ADM2.00533,groundnut,Rabi,full,5,-0.7801085589191966,0.6085693636989856,0.11961234713882937
IN.ADM2.00533,groundnut,Rabi,cleaned,5,-0.7801085589191966,0.6085693636989856,0.11961234713882937
IN.ADM2.00534,groundnut,Rabi,full,5,0.7713461719049763,0.5949749169124613,0.12665279157072643
IN.ADM2.00534,groundnut,Rabi,cleaned,5,0.7713461719049763,0.5949749169124613,0.12665279157072643
IN.ADM2.00566,groundnut,Rabi,full,5,-0.3728920369434483,0.13904847121583402,0.536463763965444
IN.ADM2.00566,groundnut,Rabi,cleaned,5,-0.3728920369434483,0.13904847121583402,0.536463763965444
IN.ADM2.00567,groundnut,Rabi,full,5,-0.16275362025467638,0.026488740906003404,0.793694176471113
IN.ADM2.00567,groundnut,Rabi,cleaned,5,-0.16275362025467638,0.026488740906003404,0.793694176471113
IN.ADM2.00568,groundnut,Rabi,full,5,-0.5885482556900232,0.34638904927576897,0.29648362923214455
IN.ADM2.00568,groundnut,Rabi,cleaned,5,-0.5885482556900232,0.34638904927576897,0.29648362923214455
IN.ADM2.00570,groundnut,Rabi,full,13,0.3160332138484653,0.09987699225538979,0.29283181317110757
IN.ADM2.00570,groundnut,Rabi,cleaned,13,0.3160332138484653,0.09987699225538979,0.29283181317110757
IN.ADM2.00577,groundnut,Rabi,full,5,-0.4491472825964203,0.2017332814637486,0.4479839264316764
IN.ADM2.00577,groundnut,Rabi,cleaned,5,-0.4491472825964203,0.2017332814637486,0.4479839264316764
IN.ADM2.00578,groundnut,Rabi,full,5,-0.6499406685148572,0.4224228725895395,0.23513222423510727
IN.ADM2.00578,groundnut,Rabi,cleaned,5,-0.6499406685148572,0.4224228725895395,0.23513222423510727
IN.ADM2.00109,groundnut,Summer,full,16,0.5761670959430234,0.33196852244741715,0.019494117719426222
IN.ADM2.00109,groundnut,Summer,cleaned,16,0.5761670959430234,0.33196852244741715,0.019494117719426222
IN.ADM2.00110,groundnut,Summer,full,16,-0.05250568359321195,0.0027568468095904865,0.8468664216555589
IN.ADM2.00110,groundnut,Summer,cleaned,16,-0.05250568359321195,0.0027568468095904865,0.8468664216555589
IN.ADM2.00111,groundnut,Summer,full,16,0.0742594328501203,0.005514463367221525,0.7846075666658419
IN.ADM2.00111,groundnut,Summer,cleaned,16,0.0742594328501203,0.005514463367221525,0.7846075666658419
IN.ADM2.00112,groundnut,Summer,full,16,-6.789398417018228e-05,4.609593086500961e-09,0.9998008929369295
IN.ADM2.00112,groundnut,Summer,cleaned,16,-6.789398417018228e-05,4.609593086500961e-09,0.9998008929369295
IN.ADM2.00113,groundnut,Summer,full,16,0.02077279755800432,0.00043150911838583017,0.939133876750992
IN.ADM2.00113,groundnut,Summer,cleaned,15,0.004779441477813617,2.2843060839845214e-05,0.9865126365642342
IN.ADM2.00114,groundnut,Summer,full,16,0.08834013002182745,0.0078039785722733785,0.7449287521156022
IN.ADM2.00114,groundnut,Summer,cleaned,16,0.08834013002182745,0.0078039785722733785,0.7449287521156022
IN.ADM2.00115,groundnut,Summer,full,16,0.5935807822524193,0.352338145059394,0.01534825938166419
IN.ADM2.00115,groundnut,Summer,cleaned,16,0.5935807822524193,0.352338145059394,0.01534825938166419
IN.ADM2.00116,groundnut,Summer,full,16,0.2798033513528976,0.07828991542831305,0.2939130271692628
IN.ADM2.00116,groundnut,Summer,cleaned,16,0.2798033513528976,0.07828991542831305,0.2939130271692628
IN.ADM2.00117,groundnut,Summer,full,16,0.00862851406147258,7.445125490903005e-05,0.9746996387882512
IN.ADM2.00117,groundnut,Summer,cleaned,16,0.00862851406147258,7.445125490903005e-05,0.9746996387882512
IN.ADM2.00120,groundnut,Summer,full,16,0.16152732652043184,0.026091077212838203,0.5500770330626052
IN.ADM2.00120,groundnut,Summer,cleaned,16,0.16152732652043184,0.026091077212838203,0.5500770330626052
IN.ADM2.00121,groundnut,Summer,full,16,0.19593726291982771,0.038391411000513694,0.46706120878926993
IN.ADM2.00121,groundnut,Summer,cleaned,16,0.19593726291982771,0.038391411000513694,0.46706120878926993
IN.ADM2.00123,groundnut,Summer,full,15,0.21880317251791392,0.047874828303904,0.4333518348114872
IN.ADM2.00123,groundnut,Summer,cleaned,15,0.21880317251791392,0.047874828303904,0.4333518348114872
IN.ADM2.00124,groundnut,Summer,full,15,0.3654349562198918,0.13354270722743425,0.18043201667892775
IN.ADM2.00124,groundnut,Summer,cleaned,15,0.3654349562198918,0.13354270722743425,0.18043201667892775
IN.ADM2.00126,groundnut,Summer,full,16,0.18006847085634536,0.0324246541965425,0.5045580978343553
IN.ADM2.00126,groundnut,Summer,cleaned,16,0.18006847085634536,0.0324246541965425,0.5045580978343553
IN.ADM2.00171,groundnut,Summer,full,5,-0.95167348341668,0.9056824190384379,0.012660143395460278
IN.ADM2.00171,groundnut,Summer,cleaned,5,-0.95167348341668,0.9056824190384379,0.012660143395460278
IN.ADM2.00172,groundnut,Summer,full,5,-0.8299145946345232,0.688758234387385,0.08202228944458742
IN.ADM2.00172,groundnut,Summer,cleaned,5,-0.8299145946345232,0.688758234387385,0.08202228944458742
IN.ADM2.00173,groundnut,Summer,full,5,0.28235633213567535,0.07972509829711182,0.6453285298339175
IN.ADM2.00173,groundnut,Summer,cleaned,5,0.28235633213567535,0.07972509829711182,0.6453285298339175
IN.ADM2.00174,groundnut,Summer,full,5,-0.6401940596212397,0.40984843397432336,0.24461473678306977
IN.ADM2.00174,groundnut,Summer,cleaned,5,-0.6401940596212397,0.40984843397432336,0.24461473678306977
IN.ADM2.00175,groundnut,Summer,full,5,-0.6841973163130612,0.4681259676499952,0.2026429566083664
IN.ADM2.00175,groundnut,Summer,cleaned,5,-0.6841973163130612,0.4681259676499952,0.2026429566083664
IN.ADM2.00176,groundnut,Summer,full,5,-0.071888293121421,0.005167926687911347,0.9085478812195246
IN.ADM2.00176,groundnut,Summer,cleaned,5,-0.071888293121421,0.005167926687911347,0.9085478812195246
IN.ADM2.00179,groundnut,Summer,full,5,0.7087961105653833,0.502391926352615,0.18017100271892814
IN.ADM2.00179,groundnut,Summer,cleaned,5,0.7087961105653833,0.502391926352615,0.18017100271892814
IN.ADM2.00180,groundnut,Summer,full,5,-0.939576047483285,0.8828031490043123,0.017667359695681204
IN.ADM2.00180,groundnut,Summer,cleaned,5,-0.939576047483285,0.8828031490043123,0.017667359695681204
IN.ADM2.00181,groundnut,Summer,full,5,-0.45367737524196095,0.20582316080643503,0.44283715309655025
IN.ADM2.00181,groundnut,Summer,cleaned,5,-0.45367737524196095,0.20582316080643503,0.44283715309655025
IN.ADM2.00183,groundnut,Summer,full,5,-0.6211021511815964,0.3857678822024066,0.26347907467813314
IN.ADM2.00183,groundnut,Summer,cleaned,5,-0.6211021511815964,0.3857678822024066,0.26347907467813314
IN.ADM2.00186,groundnut,Summer,full,5,-0.5076773667351089,0.25773630869509423,0.3825585233988594
IN.ADM2.00186,groundnut,Summer,cleaned,5,-0.5076773667351089,0.25773630869509423,0.3825585233988594
IN.ADM2.00188,groundnut,Summer,full,5,-0.8021570412505847,0.6434559188278923,0.10244413986780894
IN.ADM2.00188,groundnut,Summer,cleaned,5,-0.8021570412505847,0.6434559188278923,0.10244413986780894
IN.ADM2.00250,groundnut,Summer,full,16,-0.2635802873677171,0.06947456788884833,0.32394322014047694
IN.ADM2.00250,groundnut,Summer,cleaned,16,-0.2635802873677171,0.06947456788884833,0.32394322014047694
IN.ADM2.00252,groundnut,Summer,full,16,0.04114188468255986,0.0016926546752330535,0.8797540155559536
IN.ADM2.00252,groundnut,Summer,cleaned,16,0.04114188468255986,0.0016926546752330535,0.8797540155559536
IN.ADM2.00253,groundnut,Summer,full,13,-0.14627311932470832,0.02139582543698036,0.6334808582650996
IN.ADM2.00253,groundnut,Summer,cleaned,13,-0.14627311932470832,0.02139582543698036,0.6334808582650996
IN.ADM2.00255,groundnut,Summer,full,16,-0.24877134259652905,0.06188718089727963,0.35284260878457185
IN.ADM2.00255,groundnut,Summer,cleaned,16,-0.24877134259652905,0.06188718089727963,0.35284260878457185
IN.ADM2.00256,groundnut,Summer,full,16,-0.05483211567296377,0.003006560909173279,0.8401609665992247
IN.ADM2.00256,groundnut,Summer,cleaned,16,-0.05483211567296377,0.003006560909173279,0.8401609665992247
IN.ADM2.00258,groundnut,Summer,full,16,0.07511487761931449,0.005642244839764592,0.7821816767221816
IN.ADM2.00258,groundnut,Summer,cleaned,16,0.07511487761931449,0.005642244839764592,0.7821816767221816
IN.ADM2.00260,groundnut,Summer,full,16,-0.24599725322991156,0.06051464859666123,0.35841211239925397
IN.ADM2.00260,groundnut,Summer,cleaned,16,-0.24599725322991156,0.06051464859666123,0.35841211239925397
IN.ADM2.00261,groundnut,Summer,full,15,-0.3143345818603083,0.09880622935329487,0.2538621894487454
IN.ADM2.00261,groundnut,Summer,cleaned,15,-0.3143345818603083,0.09880622935329487,0.2538621894487454
IN.ADM2.00262,groundnut,Summer,full,16,-0.3907301964381001,0.15267008640855628,0.13455505285124525
IN.ADM2.00262,groundnut,Summer,cleaned,16,-0.3907301964381001,0.15267008640855628,0.13455505285124525
IN.ADM2.00263,groundnut,Summer,full,16,-0.2744407350425109,0.07531771705067365,0.3036498049570123
IN.ADM2.00263,groundnut,Summer,cleaned,16,-0.2744407350425109,0.07531771705067365,0.3036498049570123
IN.ADM2.00266,groundnut,Summer,full,16,-0.3073636873527881,0.09447243630310245,0.24685200107718253
IN.ADM2.00266,groundnut,Summer,cleaned,16,-0.3073636873527881,0.09447243630310245,0.24685200107718253
IN.ADM2.00267,groundnut,Summer,full,16,-0.43600993106838903,0.19010465999026135,0.09135856922651645
IN.ADM2.00267,groundnut,Summer,cleaned,16,-0.43600993106838903,0.19010465999026135,0.09135856922651645
IN.ADM2.00268,groundnut,Summer,full,16,-0.38731846962297256,0.15001559691108152,0.1382930121229671
IN.ADM2.00268,groundnut,Summer,cleaned,15,-0.3603719487285846,0.1298679414304376,0.1870035346976815
IN.ADM2.00269,groundnut,Summer,full,16,-0.4621212025589329,0.21355600585451429,0.07152075153581211
IN.ADM2.00269,groundnut,Summer,cleaned,16,-0.4621212025589329,0.21355600585451429,0.07152075153581211
IN.ADM2.00270,groundnut,Summer,full,16,-0.08921256833343108,0.00795888234864711,0.7424888527104787
IN.ADM2.00270,groundnut,Summer,cleaned,16,-0.08921256833343108,0.00795888234864711,0.7424888527104787
IN.ADM2.00271,groundnut,Summer,full,16,0.26754037013252124,0.07157784965064647,0.3164547580551458
IN.ADM2.00271,groundnut,Summer,cleaned,16,0.26754037013252124,0.07157784965064647,0.3164547580551458
IN.ADM2.00273,groundnut,Summer,full,13,-0.10069027116396334,0.010138530707072468,0.7434437428326105
IN.ADM2.00273,groundnut,Summer,cleaned,13,-0.10069027116396334,0.010138530707072468,0.7434437428326105
IN.ADM2.00274,groundnut,Summer,full,16,-0.12840239580942533,0.01648717524960033,0.6355592882059989
IN.ADM2.00274,groundnut,Summer,cleaned,16,-0.12840239580942533,0.01648717524960033,0.6355592882059989
IN.ADM2.00275,groundnut,Summer,full,16,0.28462326534938553,0.08101040317814673,0.2853223377299781
IN.ADM2.00275,groundnut,Summer,cleaned,16,0.28462326534938553,0.08101040317814673,0.2853223377299781
IN.ADM2.00276,groundnut,Summer,full,16,-0.07433202314422116,0.005525249664713031,0.7844016409281106
IN.ADM2.00276,groundnut,Summer,cleaned,16,-0.07433202314422116,0.005525249664713031,0.7844016409281106
IN.ADM2.00277,groundnut,Summer,full,16,0.13089194084173522,0.01713270017731631,0.6289644641260577
IN.ADM2.00277,groundnut,Summer,cleaned,16,0.13089194084173522,0.01713270017731631,0.6289644641260577
IN.ADM2.00278,groundnut,Summer,full,13,-0.18422291006637356,0.033938080593323164,0.546847241325871
IN.ADM2.00278,groundnut,Summer,cleaned,13,-0.18422291006637356,0.033938080593323164,0.546847241325871
IN.ADM2.00279,groundnut,Summer,full,16,0.096878515508806,0.009385446767189963,0.7211509430238943
IN.ADM2.00279,groundnut,Summer,cleaned,16,0.096878515508806,0.009385446767189963,0.7211509430238943
IN.ADM2.00280,groundnut,Summer,full,16,-0.14538609339022318,0.0211371161512707,0.5911022559787666
IN.ADM2.00280,groundnut,Summer,cleaned,16,-0.14538609339022318,0.0211371161512707,0.5911022559787666
IN.ADM2.00310,groundnut,Summer,full,13,0.22574969634815673,0.05096292540128496,0.45833364529559667
IN.ADM2.00310,groundnut,Summer,cleaned,13,0.22574969634815673,0.05096292540128496,0.45833364529559667
IN.ADM2.00312,groundnut,Summer,full,13,0.1512122325352755,0.022865139268302227,0.6219276826016055
IN.ADM2.00312,groundnut,Summer,cleaned,13,0.1512122325352755,0.022865139268302227,0.6219276826016055
IN.ADM2.00316,groundnut,Summer,full,13,-0.2550545895206064,0.06505284363552502,0.4003516632367154
IN.ADM2.00316,groundnut,Summer,cleaned,13,-0.2550545895206064,0.06505284363552502,0.4003516632367154
IN.ADM2.00451,groundnut,Summer,full,13,0.2422966011626912,0.05870764293499225,0.4251141103444626
IN.ADM2.00451,groundnut,Summer,cleaned,13,0.2422966011626912,0.05870764293499225,0.4251141103444626
IN.ADM2.00452,groundnut,Summer,full,13,0.020988114230716032,0.0004405009389615848,0.9457417183880131
IN.ADM2.00452,groundnut,Summer,cleaned,13,0.020988114230716032,0.0004405009389615848,0.9457417183880131
IN.ADM2.00453,groundnut,Summer,full,7,0.6150132672616959,0.3782413189079062,0.1416042283580024
IN.ADM2.00453,groundnut,Summer,cleaned,7,0.6150132672616959,0.3782413189079062,0.1416042283580024
IN.ADM2.00457,groundnut,Summer,full,13,-0.28908949988840094,0.08357273894572577,0.3380764949864953
IN.ADM2.00457,groundnut,Summer,cleaned,13,-0.28908949988840094,0.08357273894572577,0.3380764949864953
IN.ADM2.00460,groundnut,Summer,full,12,-0.2778662986210173,0.07720967990934437,0.3818696736622342
IN.ADM2.00460,groundnut,Summer,cleaned,12,-0.2778662986210173,0.07720967990934437,0.3818696736622342
IN.ADM2.00461,groundnut,Summer,full,13,0.6403607432037014,0.4100618814363968,0.01838595149016172
IN.ADM2.00461,groundnut,Summer,cleaned,13,0.6403607432037014,0.4100618814363968,0.01838595149016172
IN.ADM2.00464,groundnut,Summer,full,13,-0.24966505346877566,0.06233263892356661,0.41072040806540905
IN.ADM2.00464,groundnut,Summer,cleaned,13,-0.24966505346877566,0.06233263892356661,0.41072040806540905
IN.ADM2.00465,groundnut,Summer,full,7,-0.17330625243356304,0.030035057132565875,0.7101845550127248
IN.ADM2.00465,groundnut,Summer,cleaned,6,-0.30537402706517924,0.09325329640600483,0.5561775267325334
IN.ADM2.00466,groundnut,Summer,full,12,-0.26234760046999783,0.0688262634723656,0.41007519327435527
IN.ADM2.00466,groundnut,Summer,cleaned,12,-0.26234760046999783,0.0688262634723656,0.41007519327435527
IN.ADM2.00504,groundnut,Summer,full,13,-0.7719014436330749,0.5958318386828251,0.001992309873438664
IN.ADM2.00504,groundnut,Summer,cleaned,13,-0.7719014436330749,0.5958318386828251,0.001992309873438664
IN.ADM2.00505,groundnut,Summer,full,12,-0.18988708608829624,0.036057105463104026,0.5544491189652356
IN.ADM2.00505,groundnut,Summer,cleaned,12,-0.18988708608829624,0.036057105463104026,0.5544491189652356
IN.ADM2.00506,groundnut,Summer,full,12,0.4178576771666392,0.17460503836709926,0.17647988823030472
IN.ADM2.00506,groundnut,Summer,cleaned,12,0.4178576771666392,0.17460503836709926,0.17647988823030472
IN.ADM2.00507,groundnut,Summer,full,13,-0.5860002347908262,0.3433962751749034,0.03532525730245784
IN.ADM2.00507,groundnut,Summer,cleaned,13,-0.5860002347908262,0.3433962751749034,0.03532525730245784
IN.ADM2.00508,groundnut,Summer,full,12,0.3187196143424378,0.10158219256659227,0.3126336270230722
IN.ADM2.00508,groundnut,Summer,cleaned,12,0.3187196143424378,0.10158219256659227,0.3126336270230722
IN.ADM2.00509,groundnut,Summer,full,13,0.5500115301460851,0.30251268329363784,0.051483213398528814
IN.ADM2.00509,groundnut,Summer,cleaned,13,0.5500115301460851,0.30251268329363784,0.051483213398528814
IN.ADM2.00515,groundnut,Summer,full,6,-0.04448503600172333,0.0019789184280746205,0.9333164621261737
IN.ADM2.00515,groundnut,Summer,cleaned,6,-0.04448503600172333,0.0019789184280746205,0.9333164621261737
IN.ADM2.00516,groundnut,Summer,full,13,0.10552864545253776,0.011136295011047419,0.7315152198164744
IN.ADM2.00516,groundnut,Summer,cleaned,13,0.10552864545253776,0.011136295011047419,0.7315152198164744
IN.ADM2.00517,groundnut,Summer,full,13,-0.35928064083468153,0.12908257887857943,0.22794887635719632
IN.ADM2.00517,groundnut,Summer,cleaned,13,-0.35928064083468153,0.12908257887857943,0.22794887635719632
IN.ADM2.00518,groundnut,Summer,full,13,0.4095041465772182,0.16769364606393578,0.16466054839097446
IN.ADM2.00518,groundnut,Summer,cleaned,13,0.4095041465772182,0.16769364606393578,0.16466054839097446
IN.ADM2.00522,groundnut,Summer,full,13,0.35321351780695365,0.12475978916156316,0.2364705243040277
IN.ADM2.00522,groundnut,Summer,cleaned,13,0.35321351780695365,0.12475978916156316,0.2364705243040277
IN.ADM2.00523,groundnut,Summer,full,13,0.3828468130616393,0.14657168227145378,0.19664701217775044
IN.ADM2.00523,groundnut,Summer,cleaned,13,0.3828468130616393,0.14657168227145378,0.19664701217775044
IN.ADM2.00524,groundnut,Summer,full,13,0.1944636846396178,0.03781612464361672,0.5243697326424759
IN.ADM2.00524,groundnut,Summer,cleaned,13,0.1944636846396178,0.03781612464361672,0.5243697326424759
IN.ADM2.00525,groundnut,Summer,full,13,0.5118658465501896,0.2620066448645423,0.07374932310865427
IN.ADM2.00525,groundnut,Summer,cleaned,13,0.5118658465501896,0.2620066448645423,0.07374932310865427
IN.ADM2.00526,groundnut,Summer,full,13,-0.23946682286349408,0.05734435925233605,0.4307079554305954
IN.ADM2.00526,groundnut,Summer,cleaned,13,-0.23946682286349408,0.05734435925233605,0.4307079554305954
IN.ADM2.00527,groundnut,Summer,full,13,-0.1492111272697798,0.022263960501118427,0.6265990852609726
IN.ADM2.00527,groundnut,Summer,cleaned,13,-0.1492111272697798,0.022263960501118427,0.6265990852609726
IN.ADM2.00529,groundnut,Summer,full,13,-0.028922251303770505,0.0008364966204784547,0.9252748419622157
IN.ADM2.00529,groundnut,Summer,cleaned,13,-0.028922251303770505,0.0008364966204784547,0.9252748419622157
IN.ADM2.00530,groundnut,Summer,full,12,-0.32579555353387724,0.10614274270244546,0.3014029705157022
IN.ADM2.00530,groundnut,Summer,cleaned,12,-0.32579555353387724,0.10614274270244546,0.3014029705157022
IN.ADM2.00532,groundnut,Summer,full,13,-0.3517165589753141,0.12370453785743561,0.23860229802090027
IN.ADM2.00532,groundnut,Summer,cleaned,13,-0.3517165589753141,0.12370453785743561,0.23860229802090027
IN.ADM2.00546,groundnut,Summer,full,11,-0.21611991555584192,0.046707817899864244,0.5233021050859444
IN.ADM2.00546,groundnut,Summer,cleaned,11,-0.21611991555584192,0.046707817899864244,0.5233021050859444
IN.ADM2.00548,groundnut,Summer,full,13,-0.07678292618575747,0.005895617753647479,0.8031160263637293
IN.ADM2.00548,groundnut,Summer,cleaned,13,-0.07678292618575747,0.005895617753647479,0.8031160263637293
IN.ADM2.00550,groundnut,Summer,full,13,-0.019248540538636644,0.00037050631286753824,0.9502336249190568
IN.ADM2.00550,groundnut,Summer,cleaned,13,-0.019248540538636644,0.00037050631286753824,0.9502336249190568
IN.ADM2.00310,groundnut,Autumn,full,13,0.12519269628236424,0.015673211202448297,0.6836288631901858
IN.ADM2.00310,groundnut,Autumn,cleaned,13,0.12519269628236424,0.015673211202448297,0.6836288631901858
IN.ADM2.00312,groundnut,Autumn,full,12,-0.5697949758517872,0.32466631450593875,0.053101865413950816
IN.ADM2.00312,groundnut,Autumn,cleaned,12,-0.5697949758517872,0.32466631450593875,0.053101865413950816
IN.ADM2.00316,groundnut,Autumn,full,13,0.36622246070063136,0.13411889072162547,0.21843148228044604
IN.ADM2.00316,groundnut,Autumn,cleaned,13,0.36622246070063136,0.13411889072162547,0.21843148228044604
IN.ADM2.00451,groundnut,Autumn,full,8,-0.03898293355443572,0.00151966910850955,0.9269810172751748
IN.ADM2.00451,groundnut,Autumn,cleaned,8,-0.03898293355443572,0.00151966910850955,0.9269810172751748
IN.ADM2.00452,groundnut,Autumn,full,8,-0.06410162363888078,0.004109018153140719,0.8801382932359156
IN.ADM2.00452,groundnut,Autumn,cleaned,8,-0.06410162363888078,0.004109018153140719,0.8801382932359156
IN.ADM2.00453,groundnut,Autumn,full,6,-0.9148012879649131,0.8368613964622639,0.01057900971852775
IN.ADM2.00453,groundnut,Autumn,cleaned,6,-0.9148012879649131,0.8368613964622639,0.01057900971852775
IN.ADM2.00460,groundnut,Autumn,full,8,-0.669382234403775,0.44807257573539033,0.06942637889653508
IN.ADM2.00460,groundnut,Autumn,cleaned,8,-0.669382234403775,0.44807257573539033,0.06942637889653508
IN.ADM2.00461,groundnut,Autumn,full,8,-0.024405153102252997,0.000595611497944409,0.9542585046738458
IN.ADM2.00461,groundnut,Autumn,cleaned,8,-0.024405153102252997,0.000595611497944409,0.9542585046738458
IN.ADM2.00465,groundnut,Autumn,full,8,-0.4294683909739844,0.18444309884578314,0.28828354474241064
IN.ADM2.00465,groundnut,Autumn,cleaned,7,-0.3583345984577217,0.12840368445185665,0.42996386241820955
IN.ADM2.00504,groundnut,Autumn,full,13,-0.030369000986871328,0.0009222762209405916,0.9215470277814142
IN.ADM2.00504,groundnut,Autumn,cleaned,13,-0.030369000986871328,0.0009222762209405916,0.9215470277814142
IN.ADM2.00505,groundnut,Autumn,full,13,0.14436657345839743,0.02084170753211886,0.6379612203042225
IN.ADM2.00505,groundnut,Autumn,cleaned,13,0.14436657345839743,0.02084170753211886,0.6379612203042225
IN.ADM2.00506,groundnut,Autumn,full,13,-0.17889641589127603,0.0320039276187444,0.5586969978052314
IN.ADM2.00506,groundnut,Autumn,cleaned,13,-0.17889641589127603,0.0320039276187444,0.5586969978052314
IN.ADM2.00508,groundnut,Autumn,full,13,0.041313995038920956,0.0017068461860759853,0.8933979905957694
IN.ADM2.00508,groundnut,Autumn,cleaned,13,0.041313995038920956,0.0017068461860759853,0.8933979905957694
IN.ADM2.00509,groundnut,Autumn,full,13,0.5715603881569389,0.32668127731011065,0.04128472843379181
IN.ADM2.00509,groundnut,Autumn,cleaned,13,0.5715603881569389,0.32668127731011065,0.04128472843379181
IN.ADM2.00516,groundnut,Autumn,full,13,-0.12686152051885738,0.01609384538835647,0.6796118767555537
IN.ADM2.00516,groundnut,Autumn,cleaned,13,-0.12686152051885738,0.01609384538835647,0.6796118767555537
IN.ADM2.00517,groundnut,Autumn,full,12,-0.37265534470395734,0.13887200593642526,0.23286978174088038
IN.ADM2.00517,groundnut,Autumn,cleaned,12,-0.37265534470395734,0.13887200593642526,0.23286978174088038
IN.ADM2.00522,groundnut,Autumn,full,9,0.7513082016399824,0.5644640138515044,0.019606610894719628
IN.ADM2.00522,groundnut,Autumn,cleaned,9,0.7513082016399824,0.5644640138515044,0.019606610894719628
IN.ADM2.00524,groundnut,Autumn,full,13,0.109341328969772,0.011955526220875902,0.722154278064339
IN.ADM2.00524,groundnut,Autumn,cleaned,13,0.109341328969772,0.011955526220875902,0.722154278064339
IN.ADM2.00525,groundnut,Autumn,full,13,-0.18409178431129855,0.033889785050917665,0.5471376694915957
IN.ADM2.00525,groundnut,Autumn,cleaned,13,-0.18409178431129855,0.033889785050917665,0.5471376694915957
IN.ADM2.00526,groundnut,Autumn,full,13,-0.20269929701246717,0.04108700500934838,0.5065935521988006
IN.ADM2.00526,groundnut,Autumn,cleaned,13,-0.20269929701246717,0.04108700500934838,0.5065935521988006
IN.ADM2.00527,groundnut,Autumn,full,13,-0.1801618777031597,0.03245830217752827,0.5558721072169908
IN.ADM2.00527,groundnut,Autumn,cleaned,13,-0.1801618777031597,0.03245830217752827,0.5558721072169908
IN.ADM2.00530,groundnut,Autumn,full,12,-0.4362209737957873,0.19028873797934492,0.15628160547920014
IN.ADM2.00530,groundnut,Autumn,cleaned,12,-0.4362209737957873,0.19028873797934492,0.15628160547920014
IN.ADM2.00532,groundnut,Autumn,full,13,-0.44411865526720645,0.19724137995635177,0.12842293868997628
IN.ADM2.00532,groundnut,Autumn,cleaned,13,-0.44411865526720645,0.19724137995635177,0.12842293868997628
IN.ADM2.00546,groundnut,Autumn,full,13,0.17216133581570553,0.029639525549848132,0.5738310684716423
IN.ADM2.00546,groundnut,Autumn,cleaned,13,0.17216133581570553,0.029639525549848132,0.5738310684716423
IN.ADM2.00547,groundnut,Autumn,full,13,-0.12628121324031538,0.015946944817446004,0.6810078436214468
IN.ADM2.00547,groundnut,Autumn,cleaned,13,-0.12628121324031538,0.015946944817446004,0.6810078436214468
IN.ADM2.00548,groundnut,Autumn,full,10,-0.43593538909278573,0.19003966346347848,0.20788600314384312
IN.ADM2.00548,groundnut,Autumn,cleaned,10,-0.43593538909278573,0.19003966346347848,0.20788600314384312
IN.ADM2.00550,groundnut,Autumn,full,13,0.3942607761315482,0.15544155959585076,0.18250971282280493
IN.ADM2.00550,groundnut,Autumn,cleaned,13,0.3942607761315482,0.15544155959585076,0.18250971282280493
IN.ADM2.00310,groundnut,Winter,full,12,-0.3743004934811623,0.1401008594202416,0.23064985826067008
IN.ADM2.00310,groundnut,Winter,cleaned,12,-0.3743004934811623,0.1401008594202416,0.23064985826067008
IN.ADM2.00312,groundnut,Winter,full,13,0.4606111167140531,0.21216260084056704,0.11319429441576205
IN.ADM2.00312,groundnut,Winter,cleaned,13,0.4606111167140531,0.21216260084056704,0.11319429441576205
IN.ADM2.00316,groundnut,Winter,full,8,0.2504654493053424,0.06273294129572705,0.549648192754719
IN.ADM2.00316,groundnut,Winter,cleaned,8,0.2504654493053424,0.06273294129572705,0.549648192754719
IN.ADM2.00504,groundnut,Winter,full,13,-0.1268660044753446,0.016094983091538156,0.6796010939606207
IN.ADM2.00504,groundnut,Winter,cleaned,13,-0.1268660044753446,0.016094983091538156,0.6796010939606207
IN.ADM2.00505,groundnut,Winter,full,10,-0.21884655975102893,0.047893816714860676,0.5435498525166693
IN.ADM2.00505,groundnut,Winter,cleaned,10,-0.21884655975102893,0.047893816714860676,0.5435498525166693
IN.ADM2.00506,groundnut,Winter,full,13,0.30343656738550695,0.0920737504266993,0.3135296072857407
IN.ADM2.00506,groundnut,Winter,cleaned,13,0.30343656738550695,0.0920737504266993,0.3135296072857407
IN.ADM2.00507,groundnut,Winter,full,13,0.5009969989655072,0.2509979929724444,0.0811596189505949
IN.ADM2.00507,groundnut,Winter,cleaned,13,0.5009969989655072,0.2509979929724444,0.0811596189505949
IN.ADM2.00509,groundnut,Winter,full,13,0.34579723129922857,0.11957572517421218,0.24714504205279075
IN.ADM2.00509,groundnut,Winter,cleaned,13,0.34579723129922857,0.11957572517421218,0.24714504205279075
IN.ADM2.00516,groundnut,Winter,full,12,0.09994482635644288,0.009988968315419518,0.7572885406671047
IN.ADM2.00516,groundnut,Winter,cleaned,12,0.09994482635644288,0.009988968315419518,0.7572885406671047
IN.ADM2.00517,groundnut,Winter,full,6,0.503519665820081,0.25353205386756605,0.30854968878891625
IN.ADM2.00517,groundnut,Winter,cleaned,6,0.503519665820081,0.25353205386756605,0.30854968878891625
IN.ADM2.00524,groundnut,Winter,full,12,0.3026832250779717,0.09161713474360207,0.338926436866144
IN.ADM2.00524,groundnut,Winter,cleaned,12,0.3026832250779717,0.09161713474360207,0.338926436866144
IN.ADM2.00525,groundnut,Winter,full,13,-0.010881793182362584,0.00011841342286371282,0.9718548952311314
IN.ADM2.00525,groundnut,Winter,cleaned,13,-0.010881793182362584,0.00011841342286371282,0.9718548952311314
IN.ADM2.00526,groundnut,Winter,full,13,0.01882504817890504,0.000354382438938096,0.9513273715149551
IN.ADM2.00526,groundnut,Winter,cleaned,13,0.01882504817890504,0.000354382438938096,0.9513273715149551
IN.ADM2.00527,groundnut,Winter,full,8,0.6360214782480746,0.40452332079286607,0.09003738145483071
IN.ADM2.00527,groundnut,Winter,cleaned,8,0.6360214782480746,0.40452332079286607,0.09003738145483071
IN.ADM2.00530,groundnut,Winter,full,11,-0.2106493038254726,0.04437312920215626,0.534121877880395
IN.ADM2.00530,groundnut,Winter,cleaned,11,-0.2106493038254726,0.04437312920215626,0.534121877880395
IN.ADM2.00546,groundnut,Winter,full,13,0.11516292466624281,0.013262499217682716,0.7079298611349414
IN.ADM2.00546,groundnut,Winter,cleaned,13,0.11516292466624281,0.013262499217682716,0.7079298611349414
IN.ADM2.00547,groundnut,Winter,full,13,-0.43771631945588696,0.19159557631800808,0.1346839039202476
IN.ADM2.00547,groundnut,Winter,cleaned,13,-0.43771631945588696,0.19159557631800808,0.1346839039202476
IN.ADM2.00548,groundnut,Winter,full,8,-0.6262991840557782,0.3922506679489336,0.09663583657737024
IN.ADM2.00548,groundnut,Winter,cleaned,8,-0.6262991840557782,0.3922506679489336,0.09663583657737024
IN.ADM2.00199,groundnut,Whole Year,full,5,0.09172173966994407,0.008412877528080991,0.8833802090945315
IN.ADM2.00199,groundnut,Whole Year,cleaned,5,0.09172173966994407,0.008412877528080991,0.8833802090945315
IN.ADM2.00003,jowar,Kharif,full,16,0.7217679033577742,0.5209489063174773,0.0015959303559262132
IN.ADM2.00003,jowar,Kharif,cleaned,16,0.7217679033577742,0.5209489063174773,0.0015959303559262132
IN.ADM2.00004,jowar,Kharif,full,16,-0.29836427415413963,0.0890212400915266,0.26166931078822786
IN.ADM2.00004,jowar,Kharif,cleaned,16,-0.29836427415413963,0.0890212400915266,0.26166931078822786
IN.ADM2.00005,jowar,Kharif,full,16,-0.14723870738658057,0.021679236952871096,0.5863307936158939
IN.ADM2.00005,jowar,Kharif,cleaned,16,-0.14723870738658057,0.021679236952871096,0.5863307936158939
IN.ADM2.00007,jowar,Kharif,full,16,-0.09530682070466645,0.009083390072831437,0.7255105786511786
IN.ADM2.00007,jowar,Kharif,cleaned,16,-0.09530682070466645,0.009083390072831437,0.7255105786511786
IN.ADM2.00008,jowar,Kharif,full,15,0.3903197762465699,0.15234952772917237,0.15033312737409762
IN.ADM2.00008,jowar,Kharif,cleaned,15,0.3903197762465699,0.15234952772917237,0.15033312737409762
IN.ADM2.00010,jowar,Kharif,full,16,0.480726077350854,0.23109756144513924,0.059438876224241266
IN.ADM2.00010,jowar,Kharif,cleaned,16,0.480726077350854,0.23109756144513924,0.059438876224241266
IN.ADM2.00011,jowar,Kharif,full,12,0.21787621522215697,0.04747004515953167,0.4963394827811762
IN.ADM2.00011,jowar,Kharif,cleaned,12,0.21787621522215697,0.04747004515953167,0.4963394827811762
IN.ADM2.00012,jowar,Kharif,full,10,0.7670427729109499,0.5883546154749191,0.00962097261313836
IN.ADM2.00012,jowar,Kharif,cleaned,10,0.7670427729109499,0.5883546154749191,0.00962097261313836
IN.ADM2.00013,jowar,Kharif,full,16,0.45742236685364923,0.20923522169799447,0.07483533699622535
IN.ADM2.00013,jowar,Kharif,cleaned,16,0.45742236685364923,0.20923522169799447,0.07483533699622535
IN.ADM2.00014,jowar,Kharif,full,16,0.41627189440998413,0.17328229007567697,0.10875625519799195
IN.ADM2.00014,jowar,Kharif,cleaned,16,0.41627189440998413,0.17328229007567697,0.10875625519799195
IN.ADM2.00016,jowar,Kharif,full,16,0.27060492075793174,0.07322702313840652,0.31072962104641766
IN.ADM2.00016,jowar,Kharif,cleaned,16,0.27060492075793174,0.07322702313840652,0.31072962104641766
IN.ADM2.00018,jowar,Kharif,full,16,0.370036433706764,0.13692696227042034,0.15831835772829103
IN.ADM2.00018,jowar,Kharif,cleaned,16,0.370036433706764,0.13692696227042034,0.15831835772829103
IN.ADM2.00021,jowar,Kharif,full,16,-0.2697738171463466,0.07277791241771044,0.3122762369233429
IN.ADM2.00021,jowar,Kharif,cleaned,16,-0.2697738171463466,0.07277791241771044,0.3122762369233429
IN.ADM2.00025,jowar,Kharif,full,13,-0.0222409141118072,0.0004946582605287847,0.9425076608794782
IN.ADM2.00025,jowar,Kharif,cleaned,13,-0.0222409141118072,0.0004946582605287847,0.9425076608794782
IN.ADM2.00060,jowar,Kharif,full,5,-0.25982719705095403,0.06751017232735529,0.6729386831834768
IN.ADM2.00060,jowar,Kharif,cleaned,5,-0.25982719705095403,0.06751017232735529,0.6729386831834768
IN.ADM2.00069,jowar,Kharif,full,7,0.1672629433852851,0.02797689222990909,0.7200009639134821
IN.ADM2.00069,jowar,Kharif,cleaned,7,0.1672629433852851,0.02797689222990909,0.7200009639134821
IN.ADM2.00087,jowar,Kharif,full,9,0.15150337383458282,0.022953272283261352,0.6972026345606016
IN.ADM2.00087,jowar,Kharif,cleaned,9,0.15150337383458282,0.022953272283261352,0.6972026345606016
IN.ADM2.00098,jowar,Kharif,full,5,-0.6131287879332408,0.37592691059248495,0.27146735126721994
IN.ADM2.00098,jowar,Kharif,cleaned,5,-0.6131287879332408,0.37592691059248495,0.27146735126721994
IN.ADM2.00101,jowar,Kharif,full,5,0.9972871548876313,0.9945816693038664,0.0001695487337765375
IN.ADM2.00101,jowar,Kharif,cleaned,5,0.9972871548876313,0.9945816693038664,0.0001695487337765375
IN.ADM2.00109,jowar,Kharif,full,7,-0.3376643452871356,0.11401721007818995,0.45887588013670155
IN.ADM2.00109,jowar,Kharif,cleaned,7,-0.3376643452871356,0.11401721007818995,0.45887588013670155
IN.ADM2.00110,jowar,Kharif,full,15,0.274175917467907,0.07517243371936855,0.32272225838350693
IN.ADM2.00110,jowar,Kharif,cleaned,15,0.274175917467907,0.07517243371936855,0.32272225838350693
IN.ADM2.00111,jowar,Kharif,full,16,0.17536694012003923,0.030753563687065423,0.5159308133278399
IN.ADM2.00111,jowar,Kharif,cleaned,16,0.17536694012003923,0.030753563687065423,0.5159308133278399
IN.ADM2.00112,jowar,Kharif,full,14,0.5135845542652047,0.26376909437978896,0.060317545291788614
IN.ADM2.00112,jowar,Kharif,cleaned,14,0.5135845542652047,0.26376909437978896,0.060317545291788614
IN.ADM2.00113,jowar,Kharif,full,12,0.5187529295843875,0.26910460195238445,0.08397334203091528
IN.ADM2.00113,jowar,Kharif,cleaned,12,0.5187529295843875,0.26910460195238445,0.08397334203091528
IN.ADM2.00114,jowar,Kharif,full,8,0.8933673663295537,0.798105251222603,0.002793924450970852
IN.ADM2.00114,jowar,Kharif,cleaned,8,0.8933673663295537,0.798105251222603,0.002793924450970852
IN.ADM2.00115,jowar,Kharif,full,10,0.3008783898216048,0.09052780546164159,0.3982447574982545
IN.ADM2.00115,jowar,Kharif,cleaned,10,0.3008783898216048,0.09052780546164159,0.3982447574982545
IN.ADM2.00117,jowar,Kharif,full,16,0.518566568239808,0.2689112856960114,0.0395884306089988
IN.ADM2.00117,jowar,Kharif,cleaned,15,0.5315832441318078,0.28258074544169715,0.041412219872352385
IN.ADM2.00120,jowar,Kharif,full,15,0.38523022043060895,0.14840232273301557,0.15619474170090988
IN.ADM2.00120,jowar,Kharif,cleaned,15,0.38523022043060895,0.14840232273301557,0.15619474170090988
IN.ADM2.00121,jowar,Kharif,full,8,0.19946011848695266,0.039784338866829194,0.6358131249412922
IN.ADM2.00121,jowar,Kharif,cleaned,8,0.19946011848695266,0.039784338866829194,0.6358131249412922
IN.ADM2.00123,jowar,Kharif,full,16,-0.26301312713047237,0.06917590504295001,0.32502402921585316
IN.ADM2.00123,jowar,Kharif,cleaned,15,-0.2425410801264595,0.05882617554890965,0.38376709178540774
IN.ADM2.00124,jowar,Kharif,full,16,-0.1834525502062192,0.03365483817716538,0.4964456171814755
IN.ADM2.00124,jowar,Kharif,cleaned,15,-0.10067774539699355,0.010136008418221855,0.7210882178491399
IN.ADM2.00126,jowar,Kharif,full,16,-0.24444098632608402,0.05975139579606879,0.36155797159327685
IN.ADM2.00126,jowar,Kharif,cleaned,16,-0.24444098632608402,0.05975139579606879,0.36155797159327685
IN.ADM2.00129,jowar,Kharif,full,13,0.768776551091225,0.5910173855077189,0.002133172990246168
IN.ADM2.00129,jowar,Kharif,cleaned,12,0.8218058071362873,0.6753647846429246,0.0010403549318242014
IN.ADM2.00130,jowar,Kharif,full,16,0.19524706904577704,0.03812141797096643,0.46866291376292557
IN.ADM2.00130,jowar,Kharif,cleaned,15,0.1672143877545332,0.027960651472123385,0.5514065490376989
IN.ADM2.00140,jowar,Kharif,full,16,0.2595922196289471,0.06738812049188349,0.3315871597106287
IN.ADM2.00140,jowar,Kharif,cleaned,15,0.27759328432259617,0.07705803150100572,0.31648254649257346
IN.ADM2.00142,jowar,Kharif,full,16,0.11695395608908889,0.013678227844888532,0.6662115465235438
IN.ADM2.00142,jowar,Kharif,cleaned,15,0.22535079674339567,0.050782981592883226,0.41936109814170613
IN.ADM2.00160,jowar,Kharif,full,5,0.27623266012768355,0.07630448252121633,0.652815143569281
IN.ADM2.00160,jowar,Kharif,cleaned,5,0.27623266012768355,0.07630448252121633,0.652815143569281
IN.ADM2.00172,jowar,Kharif,full,16,0.6933869344871535,0.4807854409174921,0.0028954447335291233
IN.ADM2.00172,jowar,Kharif,cleaned,16,0.6933869344871535,0.4807854409174921,0.0028954447335291233
IN.ADM2.00173,jowar,Kharif,full,16,0.46358106939363214,0.21490740790014357,0.07051303495572152
IN.ADM2.00173,jowar,Kharif,cleaned,16,0.46358106939363214,0.21490740790014357,0.07051303495572152
IN.ADM2.00174,jowar,Kharif,full,16,0.4572568455132914,0.20908382276876603,0.07495408949146075
IN.ADM2.00174,jowar,Kharif,cleaned,16,0.4572568455132914,0.20908382276876603,0.07495408949146075
IN.ADM2.00175,jowar,Kharif,full,16,0.2737153970356539,0.07492011857438564,0.30498121410169343
IN.ADM2.00175,jowar,Kharif,cleaned,16,0.2737153970356539,0.07492011857438564,0.30498121410169343
IN.ADM2.00176,jowar,Kharif,full,16,0.2299466753245879,0.05287547349283144,0.39158726300071417
IN.ADM2.00176,jowar,Kharif,cleaned,16,0.2299466753245879,0.05287547349283144,0.39158726300071417
IN.ADM2.00179,jowar,Kharif,full,16,0.7118031931583659,0.506663785790446,0.001982415544518148
IN.ADM2.00179,jowar,Kharif,cleaned,16,0.7118031931583659,0.506663785790446,0.001982415544518148
IN.ADM2.00180,jowar,Kharif,full,16,0.2650118281458301,0.07023126905719497,0.32122446445965525
IN.ADM2.00180,jowar,Kharif,cleaned,16,0.2650118281458301,0.07023126905719497,0.32122446445965525
IN.ADM2.00181,jowar,Kharif,full,16,0.7156642425677835,0.5121753080901192,0.0018245439895942118
IN.ADM2.00181,jowar,Kharif,cleaned,16,0.7156642425677835,0.5121753080901192,0.0018245439895942118
IN.ADM2.00183,jowar,Kharif,full,6,0.0484264807175165,0.002345124034683997,0.9274170619756481
IN.ADM2.00183,jowar,Kharif,cleaned,6,0.0484264807175165,0.002345124034683997,0.9274170619756481
IN.ADM2.00184,jowar,Kharif,full,13,0.06045788621625682,0.0036551560057378565,0.8444557382574034
IN.ADM2.00184,jowar,Kharif,cleaned,13,0.06045788621625682,0.0036551560057378565,0.8444557382574034
IN.ADM2.00185,jowar,Kharif,full,16,0.6806177886087678,0.46324057417068926,0.003708068836193225
IN.ADM2.00185,jowar,Kharif,cleaned,16,0.6806177886087678,0.46324057417068926,0.003708068836193225
IN.ADM2.00186,jowar,Kharif,full,16,0.39505253783408856,0.15606650764915397,0.12991972632578455
IN.ADM2.00186,jowar,Kharif,cleaned,16,0.39505253783408856,0.15606650764915397,0.12991972632578455
IN.ADM2.00188,jowar,Kharif,full,13,0.6319238882500269,0.39932780054103245,0.020501486049887135
IN.ADM2.00188,jowar,Kharif,cleaned,13,0.6319238882500269,0.39932780054103245,0.020501486049887135
IN.ADM2.00189,jowar,Kharif,full,12,-0.14146301516296647,0.02001178465899768,0.6609916295427629
IN.ADM2.00189,jowar,Kharif,cleaned,12,-0.14146301516296647,0.02001178465899768,0.6609916295427629
IN.ADM2.00192,jowar,Kharif,full,7,0.39128757243331524,0.15310596434075693,0.3853913066330125
IN.ADM2.00192,jowar,Kharif,cleaned,7,0.39128757243331524,0.15310596434075693,0.3853913066330125
IN.ADM2.00194,jowar,Kharif,full,7,0.5062654787489737,0.2563047349729275,0.24630472223087554
IN.ADM2.00194,jowar,Kharif,cleaned,7,0.5062654787489737,0.2563047349729275,0.24630472223087554
IN.ADM2.00199,jowar,Kharif,full,9,0.7437309058748266,0.5531356603533902,0.021602800463921792
IN.ADM2.00199,jowar,Kharif,cleaned,9,0.7437309058748266,0.5531356603533902,0.021602800463921792
IN.ADM2.00203,jowar,Kharif,full,5,-0.7194307101398089,0.5175805466922697,0.1706925072618202
IN.ADM2.00203,jowar,Kharif,cleaned,5,-0.7194307101398089,0.5175805466922697,0.1706925072618202
IN.ADM2.00205,jowar,Kharif,full,14,0.15546352099335872,0.02416890635965249,0.5956243943645128
IN.ADM2.00205,jowar,Kharif,cleaned,14,0.15546352099335872,0.02416890635965249,0.5956243943645128
IN.ADM2.00206,jowar,Kharif,full,12,-0.17440429006741306,0.030416856393918355,0.5877387724355051
IN.ADM2.00206,jowar,Kharif,cleaned,12,-0.17440429006741306,0.030416856393918355,0.5877387724355051
IN.ADM2.00207,jowar,Kharif,full,16,0.0013849828030541612,1.9181773647557615e-06,0.9959383912091585
IN.ADM2.00207,jowar,Kharif,cleaned,16,0.0013849828030541612,1.9181773647557615e-06,0.9959383912091585
IN.ADM2.00208,jowar,Kharif,full,16,0.30562523116928536,0.09340678192727912,0.24967274847432286
IN.ADM2.00208,jowar,Kharif,cleaned,15,0.4119200972486191,0.16967816651731182,0.12710083721840545
IN.ADM2.00209,jowar,Kharif,full,14,0.45202433968341094,0.20432600366622367,0.10465415143476524
IN.ADM2.00209,jowar,Kharif,cleaned,14,0.45202433968341094,0.20432600366622367,0.10465415143476524
IN.ADM2.00210,jowar,Kharif,full,12,0.39851059568789965,0.15881069487552463,0.1994473612600258
IN.ADM2.00210,jowar,Kharif,cleaned,12,0.39851059568789965,0.15881069487552463,0.1994473612600258
IN.ADM2.00211,jowar,Kharif,full,16,-0.13995766199686563,0.019588147151628887,0.605173620307315
IN.ADM2.00211,jowar,Kharif,cleaned,16,-0.13995766199686563,0.019588147151628887,0.605173620307315
IN.ADM2.00212,jowar,Kharif,full,16,0.15161918253881584,0.022988376513738758,0.5751124256268446
IN.ADM2.00212,jowar,Kharif,cleaned,16,0.15161918253881584,0.022988376513738758,0.5751124256268446
IN.ADM2.00213,jowar,Kharif,full,16,0.1887122807435634,0.035612324903437485,0.48396067107469676
IN.ADM2.00213,jowar,Kharif,cleaned,16,0.1887122807435634,0.035612324903437485,0.48396067107469676
IN.ADM2.00214,jowar,Kharif,full,16,0.23391913995301927,0.05471816403636022,0.3832267844029976
IN.ADM2.00214,jowar,Kharif,cleaned,16,0.23391913995301927,0.05471816403636022,0.3832267844029976
IN.ADM2.00215,jowar,Kharif,full,16,0.1685245225687429,0.028400514707022734,0.5326900978874023
IN.ADM2.00215,jowar,Kharif,cleaned,16,0.1685245225687429,0.028400514707022734,0.5326900978874023
IN.ADM2.00216,jowar,Kharif,full,16,-0.1729625414983491,0.029916040761568136,0.5217921368308631
IN.ADM2.00216,jowar,Kharif,cleaned,16,-0.1729625414983491,0.029916040761568136,0.5217921368308631
IN.ADM2.00217,jowar,Kharif,full,12,0.020259310458820498,0.00041043966026687364,0.9501703774213992
IN.ADM2.00217,jowar,Kharif,cleaned,12,0.020259310458820498,0.00041043966026687364,0.9501703774213992
IN.ADM2.00218,jowar,Kharif,full,16,-0.2802087786198345,0.07851695961561943,0.29318455407366845
IN.ADM2.00218,jowar,Kharif,cleaned,16,-0.2802087786198345,0.07851695961561943,0.29318455407366845
IN.ADM2.00219,jowar,Kharif,full,16,0.28217765365706254,0.07962422822340515,0.2896621904719871
IN.ADM2.00219,jowar,Kharif,cleaned,16,0.28217765365706254,0.07962422822340515,0.2896621904719871
IN.ADM2.00220,jowar,Kharif,full,16,-0.034570588123562895,0.0011951255632090278,0.898859594319273
IN.ADM2.00220,jowar,Kharif,cleaned,15,-0.3110976273171049,0.09678173372233229,0.25904891224944393
IN.ADM2.00221,jowar,Kharif,full,16,0.15462302162655253,0.02390827881692533,0.5674721697642695
IN.ADM2.00221,jowar,Kharif,cleaned,16,0.15462302162655253,0.02390827881692533,0.5674721697642695
IN.ADM2.00222,jowar,Kharif,full,13,0.5585792116682126,0.3120107357078818,0.04723415880708276
IN.ADM2.00222,jowar,Kharif,cleaned,13,0.5585792116682126,0.3120107357078818,0.04723415880708276
IN.ADM2.00223,jowar,Kharif,full,15,0.18590346525106305,0.03456009839235321,0.507100896661014
IN.ADM2.00223,jowar,Kharif,cleaned,15,0.18590346525106305,0.03456009839235321,0.507100896661014
IN.ADM2.00224,jowar,Kharif,full,16,0.22641683003720117,0.051264580924094846,0.3990978841469628
IN.ADM2.00224,jowar,Kharif,cleaned,16,0.22641683003720117,0.051264580924094846,0.3990978841469628
IN.ADM2.00225,jowar,Kharif,full,15,0.05733122259924138,0.0032868690847237653,0.839177795778457
IN.ADM2.00225,jowar,Kharif,cleaned,15,0.05733122259924138,0.0032868690847237653,0.839177795778457
IN.ADM2.00226,jowar,Kharif,full,14,0.1598311044483798,0.025545981949188896,0.585199231901362
IN.ADM2.00226,jowar,Kharif,cleaned,14,0.1598311044483798,0.025545981949188896,0.585199231901362
IN.ADM2.00227,jowar,Kharif,full,15,0.31310913898457926,0.09803733291566458,0.2558182438130087
IN.ADM2.00227,jowar,Kharif,cleaned,15,0.31310913898457926,0.09803733291566458,0.2558182438130087
IN.ADM2.00228,jowar,Kharif,full,16,0.192800209353021,0.037171920726568726,0.4743629155927257
IN.ADM2.00228,jowar,Kharif,cleaned,16,0.192800209353021,0.037171920726568726,0.4743629155927257
IN.ADM2.00229,jowar,Kharif,full,16,-0.2169199506743403,0.04705426500055823,0.41968210231461767
IN.ADM2.00229,jowar,Kharif,cleaned,16,-0.2169199506743403,0.04705426500055823,0.41968210231461767
IN.ADM2.00230,jowar,Kharif,full,12,0.31509757676892824,0.09928648288565063,0.3184706398777041
IN.ADM2.00230,jowar,Kharif,cleaned,12,0.31509757676892824,0.09928648288565063,0.3184706398777041
IN.ADM2.00232,jowar,Kharif,full,13,0.6764930486383559,0.457642844856017,0.01111457368626543
IN.ADM2.00232,jowar,Kharif,cleaned,13,0.6764930486383559,0.457642844856017,0.01111457368626543
IN.ADM2.00233,jowar,Kharif,full,16,0.672433410322589,0.4521666913180673,0.004318928142008665
IN.ADM2.00233,jowar,Kharif,cleaned,16,0.672433410322589,0.4521666913180673,0.004318928142008665
IN.ADM2.00235,jowar,Kharif,full,11,0.6882213407476008,0.4736486138604252,0.01921895514375758
IN.ADM2.00235,jowar,Kharif,cleaned,11,0.6882213407476008,0.4736486138604252,0.01921895514375758
IN.ADM2.00236,jowar,Kharif,full,16,-0.3068746371377773,0.09417204291844249,0.24764350163412052
IN.ADM2.00236,jowar,Kharif,cleaned,16,-0.3068746371377773,0.09417204291844249,0.24764350163412052
IN.ADM2.00237,jowar,Kharif,full,16,0.3662830412450955,0.1341632663037563,0.16291188160721237
IN.ADM2.00237,jowar,Kharif,cleaned,16,0.3662830412450955,0.1341632663037563,0.16291188160721237
IN.ADM2.00238,jowar,Kharif,full,16,-0.4257888316880092,0.18129612919023982,0.10009990022339557
IN.ADM2.00238,jowar,Kharif,cleaned,16,-0.4257888316880092,0.18129612919023982,0.10009990022339557
IN.ADM2.00239,jowar,Kharif,full,16,0.30618470707661144,0.09374907484759035,0.24876279366386583
IN.ADM2.00239,jowar,Kharif,cleaned,16,0.30618470707661144,0.09374907484759035,0.24876279366386583
IN.ADM2.00240,jowar,Kharif,full,14,-0.19698335981678894,0.03880244404471054,0.4996830345937542
IN.ADM2.00240,jowar,Kharif,cleaned,14,-0.19698335981678894,0.03880244404471054,0.4996830345937542
IN.ADM2.00241,jowar,Kharif,full,16,-0.02238008147310122,0.0005008680467426485,0.9344334851979066
IN.ADM2.00241,jowar,Kharif,cleaned,16,-0.02238008147310122,0.0005008680467426485,0.9344334851979066
IN.ADM2.00242,jowar,Kharif,full,16,0.17795991487652058,0.031669731302858446,0.5096439992582996
IN.ADM2.00242,jowar,Kharif,cleaned,15,0.5551337506879357,0.30817348115285514,0.03170188818271345
IN.ADM2.00243,jowar,Kharif,full,15,0.42079312471451724,0.17706685380700726,0.11831227640957562
IN.ADM2.00243,jowar,Kharif,cleaned,15,0.42079312471451724,0.17706685380700726,0.11831227640957562
IN.ADM2.00244,jowar,Kharif,full,16,-0.09715930803809752,0.009439931138441921,0.7203729109084296
IN.ADM2.00244,jowar,Kharif,cleaned,16,-0.09715930803809752,0.009439931138441921,0.7203729109084296
IN.ADM2.00245,jowar,Kharif,full,12,0.019448531400139937,0.00037824537362222906,0.9521625094571392
IN.ADM2.00245,jowar,Kharif,cleaned,12,0.019448531400139937,0.00037824537362222906,0.9521625094571392
IN.ADM2.00246,jowar,Kharif,full,16,0.2773589968357287,0.07692801312572176,0.2983278574018311
IN.ADM2.00246,jowar,Kharif,cleaned,16,0.2773589968357287,0.07692801312572176,0.2983278574018311
IN.ADM2.00247,jowar,Kharif,full,13,0.44525181725486285,0.19824918076875778,0.12733531722361993
IN.ADM2.00247,jowar,Kharif,cleaned,13,0.44525181725486285,0.19824918076875778,0.12733531722361993
IN.ADM2.00248,jowar,Kharif,full,15,0.33470161570315987,0.11202517155430572,0.22269517266224337
IN.ADM2.00248,jowar,Kharif,cleaned,15,0.33470161570315987,0.11202517155430572,0.22269517266224337
IN.ADM2.00249,jowar,Kharif,full,16,-0.23238792552608767,0.05400414793031847,0.386437816115365
IN.ADM2.00249,jowar,Kharif,cleaned,15,-0.236142771595709,0.05576340857690319,0.3968204656903126
IN.ADM2.00250,jowar,Kharif,full,9,-0.2681385416354961,0.07189827751041068,0.4854314064976056
IN.ADM2.00250,jowar,Kharif,cleaned,9,-0.2681385416354961,0.07189827751041068,0.4854314064976056
IN.ADM2.00251,jowar,Kharif,full,16,0.4137394320797537,0.17118031765767713,0.1111454921692405
IN.ADM2.00251,jowar,Kharif,cleaned,16,0.4137394320797537,0.17118031765767713,0.1111454921692405
IN.ADM2.00252,jowar,Kharif,full,16,0.20360529620941464,0.041455116644523476,0.4494492699372227
IN.ADM2.00252,jowar,Kharif,cleaned,16,0.20360529620941464,0.041455116644523476,0.4494492699372227
IN.ADM2.00253,jowar,Kharif,full,16,0.6951101162788912,0.4831780737532536,0.00279779504362036
IN.ADM2.00253,jowar,Kharif,cleaned,16,0.6951101162788912,0.4831780737532536,0.00279779504362036
IN.ADM2.00255,jowar,Kharif,full,16,0.4768812635897014,0.22741573956291025,0.06180267289630812
IN.ADM2.00255,jowar,Kharif,cleaned,16,0.4768812635897014,0.22741573956291025,0.06180267289630812
IN.ADM2.00256,jowar,Kharif,full,16,0.5291641659977698,0.2800147145761153,0.035053041648763585
IN.ADM2.00256,jowar,Kharif,cleaned,16,0.5291641659977698,0.2800147145761153,0.035053041648763585
IN.ADM2.00257,jowar,Kharif,full,16,-0.10592076834968572,0.011219209167787784,0.6962288187832567
IN.ADM2.00257,jowar,Kharif,cleaned,15,0.11593239819087615,0.013440320950287864,0.6807474222613994
IN.ADM2.00258,jowar,Kharif,full,16,0.7369763617293444,0.5431341577478216,0.0011260172421661476
IN.ADM2.00258,jowar,Kharif,cleaned,16,0.7369763617293444,0.5431341577478216,0.0011260172421661476
IN.ADM2.00260,jowar,Kharif,full,16,0.2910477662296472,0.08470880222726736,0.27410891796148407
IN.ADM2.00260,jowar,Kharif,cleaned,16,0.2910477662296472,0.08470880222726736,0.27410891796148407
IN.ADM2.00261,jowar,Kharif,full,16,0.5929294440461147,0.3515653256168347,0.015489743306146792
IN.ADM2.00261,jowar,Kharif,cleaned,16,0.5929294440461147,0.3515653256168347,0.015489743306146792
IN.ADM2.00262,jowar,Kharif,full,16,0.09935642645846561,0.009871699478596485,0.7142939689705987
IN.ADM2.00262,jowar,Kharif,cleaned,16,0.09935642645846561,0.009871699478596485,0.7142939689705987
IN.ADM2.00263,jowar,Kharif,full,16,0.7637966930114208,0.5833853882551826,0.0005734793098177477
IN.ADM2.00263,jowar,Kharif,cleaned,16,0.7637966930114208,0.5833853882551826,0.0005734793098177477
IN.ADM2.00266,jowar,Kharif,full,16,0.409487843556095,0.16768029402022094,0.11523887323557512
IN.ADM2.00266,jowar,Kharif,cleaned,16,0.409487843556095,0.16768029402022094,0.11523887323557512
IN.ADM2.00267,jowar,Kharif,full,16,0.4673107520295265,0.21837933896240158,0.06798546747419182
IN.ADM2.00267,jowar,Kharif,cleaned,16,0.4673107520295265,0.21837933896240158,0.06798546747419182
IN.ADM2.00268,jowar,Kharif,full,15,-0.014282078263776903,0.00020397775953264868,0.9597100142055195
IN.ADM2.00268,jowar,Kharif,cleaned,14,-0.023858593688273727,0.0005692324927821349,0.9354752735105707
IN.ADM2.00269,jowar,Kharif,full,16,0.6200820419684964,0.3845017387718201,0.010393979952515857
IN.ADM2.00269,jowar,Kharif,cleaned,16,0.6200820419684964,0.3845017387718201,0.010393979952515857
IN.ADM2.00270,jowar,Kharif,full,16,0.5802883803733894,0.33673460439637143,0.01844264896115706
IN.ADM2.00270,jowar,Kharif,cleaned,16,0.5802883803733894,0.33673460439637143,0.01844264896115706
IN.ADM2.00271,jowar,Kharif,full,16,-0.02178489203635682,0.00047458152103572283,0.9361738469795242
IN.ADM2.00271,jowar,Kharif,cleaned,16,-0.02178489203635682,0.00047458152103572283,0.9361738469795242
IN.ADM2.00274,jowar,Kharif,full,16,0.61786766781074,0.38176045492588295,0.010751810834278197
IN.ADM2.00274,jowar,Kharif,cleaned,16,0.61786766781074,0.38176045492588295,0.010751810834278197
IN.ADM2.00275,jowar,Kharif,full,16,0.005577175425487725,3.1104885726664185e-05,0.9836452969276754
IN.ADM2.00275,jowar,Kharif,cleaned,16,0.005577175425487725,3.1104885726664185e-05,0.9836452969276754
IN.ADM2.00277,jowar,Kharif,full,15,0.3503083019447065,0.12271590641138368,0.20052160078064735
IN.ADM2.00277,jowar,Kharif,cleaned,15,0.3503083019447065,0.12271590641138368,0.20052160078064735
IN.ADM2.00279,jowar,Kharif,full,16,0.050053023098215244,0.0025053051212704687,0.8539463760415789
IN.ADM2.00279,jowar,Kharif,cleaned,16,0.050053023098215244,0.0025053051212704687,0.8539463760415789
IN.ADM2.00280,jowar,Kharif,full,16,0.4784688622251224,0.22893245211900318,0.06081839958534298
IN.ADM2.00280,jowar,Kharif,cleaned,16,0.4784688622251224,0.22893245211900318,0.06081839958534298
IN.ADM2.00297,jowar,Kharif,full,16,-0.3421145433346513,0.117042360761077,0.1946262209619524
IN.ADM2.00297,jowar,Kharif,cleaned,9,-0.4564591112185723,0.20835492021444896,0.21681068348745755
IN.ADM2.00300,jowar,Kharif,full,16,-0.26295437130322474,0.06914500138747419,0.32513611622457583
IN.ADM2.00300,jowar,Kharif,cleaned,9,-0.3787683437471295,0.14346545822494364,0.31477774237005246
IN.ADM2.00301,jowar,Kharif,full,7,-0.37126261443397923,0.13783592887635351,0.4122488323050551
IN.ADM2.00301,jowar,Kharif,cleaned,7,-0.37126261443397923,0.13783592887635351,0.4122488323050551
IN.ADM2.00302,jowar,Kharif,full,16,-0.3001658070131523,0.090099511699857,0.25866041755349906
IN.ADM2.00302,jowar,Kharif,cleaned,13,-0.3283453917074412,0.107810696255513,0.27338186414665216
IN.ADM2.00333,jowar,Kharif,full,16,0.6937923989697116,0.48134789286814744,0.0028722238694525943
IN.ADM2.00333,jowar,Kharif,cleaned,16,0.6937923989697116,0.48134789286814744,0.0028722238694525943
IN.ADM2.00334,jowar,Kharif,full,16,0.6006796529502413,0.36081604546842233,0.01387067601040902
IN.ADM2.00334,jowar,Kharif,cleaned,16,0.6006796529502413,0.36081604546842233,0.01387067601040902
IN.ADM2.00335,jowar,Kharif,full,16,-0.1417420245062482,0.020090801511129866,0.6005335638244774
IN.ADM2.00335,jowar,Kharif,cleaned,16,-0.1417420245062482,0.020090801511129866,0.6005335638244774
IN.ADM2.00336,jowar,Kharif,full,15,0.4675214697258823,0.2185763246546491,0.07887394544062565
IN.ADM2.00336,jowar,Kharif,cleaned,15,0.4675214697258823,0.2185763246546491,0.07887394544062565
IN.ADM2.00337,jowar,Kharif,full,16,0.5793185326678928,0.33560996229248036,0.018686033721106284
IN.ADM2.00337,jowar,Kharif,cleaned,16,0.5793185326678928,0.33560996229248036,0.018686033721106284
IN.ADM2.00338,jowar,Kharif,full,16,0.4721288065387864,0.22290560996373882,0.06481897302974449
IN.ADM2.00338,jowar,Kharif,cleaned,16,0.4721288065387864,0.22290560996373882,0.06481897302974449
IN.ADM2.00339,jowar,Kharif,full,16,0.532980928764703,0.28406867042688544,0.03351993625029375
IN.ADM2.00339,jowar,Kharif,cleaned,16,0.532980928764703,0.28406867042688544,0.03351993625029375
IN.ADM2.00340,jowar,Kharif,full,16,0.5367828910250275,0.28813587209718655,0.03204387087796262
IN.ADM2.00340,jowar,Kharif,cleaned,16,0.5367828910250275,0.28813587209718655,0.03204387087796262
IN.ADM2.00342,jowar,Kharif,full,13,0.7140196625934683,0.5098240785700903,0.006116074996779115
IN.ADM2.00342,jowar,Kharif,cleaned,13,0.7140196625934683,0.5098240785700903,0.006116074996779115
IN.ADM2.00343,jowar,Kharif,full,16,0.2162797470265324,0.046776928973860855,0.4210893220836015
IN.ADM2.00343,jowar,Kharif,cleaned,16,0.2162797470265324,0.046776928973860855,0.4210893220836015
IN.ADM2.00344,jowar,Kharif,full,16,0.5286869061404996,0.2795098447244135,0.03524841524107862
IN.ADM2.00344,jowar,Kharif,cleaned,16,0.5286869061404996,0.2795098447244135,0.03524841524107862
IN.ADM2.00347,jowar,Kharif,full,15,0.6614408209656629,0.43750395963973016,0.007243569232189911
IN.ADM2.00347,jowar,Kharif,cleaned,15,0.6614408209656629,0.43750395963973016,0.007243569232189911
IN.ADM2.00348,jowar,Kharif,full,16,0.781586611749105,0.6108776316654463,0.00034895073593564077
IN.ADM2.00348,jowar,Kharif,cleaned,16,0.781586611749105,0.6108776316654463,0.00034895073593564077
IN.ADM2.00349,jowar,Kharif,full,16,0.5353776510949289,0.28662922929192336,0.03258356563829514
IN.ADM2.00349,jowar,Kharif,cleaned,16,0.5353776510949289,0.28662922929192336,0.03258356563829514
IN.ADM2.00350,jowar,Kharif,full,16,0.6199974576251439,0.3843968474616421,0.010407473569693152
IN.ADM2.00350,jowar,Kharif,cleaned,16,0.6199974576251439,0.3843968474616421,0.010407473569693152
IN.ADM2.00351,jowar,Kharif,full,16,0.5177023939164705,0.26801576866684446,0.03997682584526016
IN.ADM2.00351,jowar,Kharif,cleaned,16,0.5177023939164705,0.26801576866684446,0.03997682584526016
IN.ADM2.00357,jowar,Kharif,full,15,0.6209216719707948,0.38554372272300735,0.013499948187114093
IN.ADM2.00357,jowar,Kharif,cleaned,15,0.6209216719707948,0.38554372272300735,0.013499948187114093
IN.ADM2.00364,jowar,Kharif,full,10,-0.16093307947025362,0.025899456067778968,0.6569357499985848
IN.ADM2.00364,jowar,Kharif,cleaned,10,-0.16093307947025362,0.025899456067778968,0.6569357499985848
IN.ADM2.00365,jowar,Kharif,full,5,0.44458098492162856,0.19765225215388532,0.4531851261994129
IN.ADM2.00365,jowar,Kharif,cleaned,5,0.44458098492162856,0.19765225215388532,0.4531851261994129
IN.ADM2.00366,jowar,Kharif,full,10,-0.046846377298408584,0.002194583065984851,0.8977481467691122
IN.ADM2.00366,jowar,Kharif,cleaned,10,-0.046846377298408584,0.002194583065984851,0.8977481467691122
IN.ADM2.00367,jowar,Kharif,full,10,-0.13322536746087227,0.017748998535084444,0.7136872557546408
IN.ADM2.00367,jowar,Kharif,cleaned,10,-0.13322536746087227,0.017748998535084444,0.7136872557546408
IN.ADM2.00368,jowar,Kharif,full,10,-0.23658080420297609,0.05597047691732691,0.5104855834253932
IN.ADM2.00368,jowar,Kharif,cleaned,10,-0.23658080420297609,0.05597047691732691,0.5104855834253932
IN.ADM2.00369,jowar,Kharif,full,10,-0.49492484409373516,0.24495060130120805,0.1458444893117931
IN.ADM2.00369,jowar,Kharif,cleaned,9,-0.43215071171417896,0.1867542376350714,0.2453870906119588
IN.ADM2.00374,jowar,Kharif,full,10,-0.5102056204886981,0.26030977517825743,0.13188679036414752
IN.ADM2.00374,jowar,Kharif,cleaned,9,0.2071812981190509,0.04292409029029504,0.5927409462877815
IN.ADM2.00376,jowar,Kharif,full,10,-0.6001841091654502,0.360220964894725,0.06658247910093987
IN.ADM2.00376,jowar,Kharif,cleaned,10,-0.6001841091654502,0.360220964894725,0.06658247910093987
IN.ADM2.00377,jowar,Kharif,full,6,-0.6259649558888855,0.39183212600097433,0.18368915590069573
IN.ADM2.00377,jowar,Kharif,cleaned,6,-0.6259649558888855,0.39183212600097433,0.18368915590069573
IN.ADM2.00378,jowar,Kharif,full,10,-0.2006192140098692,0.0402480690299377,0.5783860621646272
IN.ADM2.00378,jowar,Kharif,cleaned,9,0.2710186466362579,0.07345110682454883,0.48057270170960487
IN.ADM2.00383,jowar,Kharif,full,10,0.40561678993328654,0.1645249802757839,0.24484810419889416
IN.ADM2.00383,jowar,Kharif,cleaned,10,0.40561678993328654,0.1645249802757839,0.24484810419889416
IN.ADM2.00384,jowar,Kharif,full,10,-0.44297355670587124,0.1962255719406497,0.19979813880896502
IN.ADM2.00384,jowar,Kharif,cleaned,9,-0.061321232809589905,0.0037602935932879254,0.8754682029094689
IN.ADM2.00388,jowar,Kharif,full,16,-0.1448187691252697,0.02097247589095817,0.5925665800146329
IN.ADM2.00388,jowar,Kharif,cleaned,15,-0.3546950159972673,0.1258085543733017,0.19455428249415202
IN.ADM2.00390,jowar,Kharif,full,16,0.05555332728204898,0.0030861721721064475,0.8380842937853781
IN.ADM2.00390,jowar,Kharif,cleaned,16,0.05555332728204898,0.0030861721721064475,0.8380842937853781
IN.ADM2.00392,jowar,Kharif,full,14,0.048648671828777676,0.0023666932707041067,0.8688245157222276
IN.ADM2.00392,jowar,Kharif,cleaned,14,0.048648671828777676,0.0023666932707041067,0.8688245157222276
IN.ADM2.00393,jowar,Kharif,full,16,-0.2722628808031898,0.07412707626325192,0.30765773018452214
IN.ADM2.00393,jowar,Kharif,cleaned,16,-0.2722628808031898,0.07412707626325192,0.30765773018452214
IN.ADM2.00394,jowar,Kharif,full,16,-0.023823599994753156,0.0005675639167100026,0.9302137399789754
IN.ADM2.00394,jowar,Kharif,cleaned,16,-0.023823599994753156,0.0005675639167100026,0.9302137399789754
IN.ADM2.00395,jowar,Kharif,full,16,0.11897255734990023,0.014154469402375299,0.6607691473973061
IN.ADM2.00395,jowar,Kharif,cleaned,15,0.2545463885388076,0.06479386391814962,0.35990986026264643
IN.ADM2.00396,jowar,Kharif,full,16,0.39216266355106827,0.15379155468346836,0.13300647767264412
IN.ADM2.00396,jowar,Kharif,cleaned,16,0.39216266355106827,0.15379155468346836,0.13300647767264412
IN.ADM2.00397,jowar,Kharif,full,16,-0.3180620885613731,0.10116349218002273,0.22993106980038525
IN.ADM2.00397,jowar,Kharif,cleaned,16,-0.3180620885613731,0.10116349218002273,0.22993106980038525
IN.ADM2.00398,jowar,Kharif,full,10,0.10457732276924922,0.01093641643758373,0.7737225787197728
IN.ADM2.00398,jowar,Kharif,cleaned,10,0.10457732276924922,0.01093641643758373,0.7737225787197728
IN.ADM2.00399,jowar,Kharif,full,5,0.9632004418374474,0.9277550911558538,0.00842724982210058
IN.ADM2.00399,jowar,Kharif,cleaned,5,0.9632004418374474,0.9277550911558538,0.00842724982210058
IN.ADM2.00400,jowar,Kharif,full,16,-0.006694258942899885,4.481310279459508e-05,0.9803700605628829
IN.ADM2.00400,jowar,Kharif,cleaned,16,-0.006694258942899885,4.481310279459508e-05,0.9803700605628829
IN.ADM2.00401,jowar,Kharif,full,16,-0.4594025025741658,0.21105065937140643,0.07342524845955149
IN.ADM2.00401,jowar,Kharif,cleaned,15,-0.21893936456826552,0.04793444535755588,0.43305843330265426
IN.ADM2.00405,jowar,Kharif,full,15,-0.12042922920976358,0.014503199248057774,0.6690018333749391
IN.ADM2.00405,jowar,Kharif,cleaned,15,-0.12042922920976358,0.014503199248057774,0.6690018333749391
IN.ADM2.00406,jowar,Kharif,full,16,-0.37919135280527466,0.1437860820422943,0.14748165843379749
IN.ADM2.00406,jowar,Kharif,cleaned,16,-0.37919135280527466,0.1437860820422943,0.14748165843379749
IN.ADM2.00409,jowar,Kharif,full,16,0.20207723213309264,0.04083520774657181,0.45293196466622093
IN.ADM2.00409,jowar,Kharif,cleaned,16,0.20207723213309264,0.04083520774657181,0.45293196466622093
IN.ADM2.00410,jowar,Kharif,full,16,-0.2687130530480538,0.07220670487840619,0.3142567606015749
IN.ADM2.00410,jowar,Kharif,cleaned,15,-0.22613617618911605,0.05113757018143494,0.41769878781295566
IN.ADM2.00412,jowar,Kharif,full,16,0.25202475636528043,0.06351647782097897,0.3463731516895465
IN.ADM2.00412,jowar,Kharif,cleaned,16,0.25202475636528043,0.06351647782097897,0.3463731516895465
IN.ADM2.00413,jowar,Kharif,full,15,-0.3198807621251551,0.10232370197777006,0.24512410082489972
IN.ADM2.00413,jowar,Kharif,cleaned,15,-0.3198807621251551,0.10232370197777006,0.24512410082489972
IN.ADM2.00414,jowar,Kharif,full,11,0.4573192943524105,0.20914093698698666,0.15728861569574593
IN.ADM2.00414,jowar,Kharif,cleaned,11,0.4573192943524105,0.20914093698698666,0.15728861569574593
IN.ADM2.00416,jowar,Kharif,full,16,-0.07453544528599296,0.00555553260398125,0.7838246400058093
IN.ADM2.00416,jowar,Kharif,cleaned,16,-0.07453544528599296,0.00555553260398125,0.7838246400058093
IN.ADM2.00418,jowar,Kharif,full,16,-0.19556451393382143,0.038245479110171836,0.46792589720281497
IN.ADM2.00418,jowar,Kharif,cleaned,16,-0.19556451393382143,0.038245479110171836,0.46792589720281497
IN.ADM2.00419,jowar,Kharif,full,16,-0.28668626665874986,0.08218901549073183,0.2816919763305442
IN.ADM2.00419,jowar,Kharif,cleaned,16,-0.28668626665874986,0.08218901549073183,0.2816919763305442
IN.ADM2.00420,jowar,Kharif,full,16,0.24865453418143962,0.061829077368988725,0.3530761376844338
IN.ADM2.00420,jowar,Kharif,cleaned,16,0.24865453418143962,0.061829077368988725,0.3530761376844338
IN.ADM2.00421,jowar,Kharif,full,14,0.31257559867780915,0.0977035048887908,0.27656533110627035
IN.ADM2.00421,jowar,Kharif,cleaned,14,0.31257559867780915,0.0977035048887908,0.27656533110627035
IN.ADM2.00422,jowar,Kharif,full,16,-0.22652551666450993,0.05131380970012316,0.3988654849757697
IN.ADM2.00422,jowar,Kharif,cleaned,16,-0.22652551666450993,0.05131380970012316,0.3988654849757697
IN.ADM2.00423,jowar,Kharif,full,16,-0.09793639087028336,0.009591536656696922,0.7182210784496885
IN.ADM2.00423,jowar,Kharif,cleaned,16,-0.09793639087028336,0.009591536656696922,0.7182210784496885
IN.ADM2.00424,jowar,Kharif,full,16,0.17914792578734173,0.0320939793139069,0.5067755531075763
IN.ADM2.00424,jowar,Kharif,cleaned,16,0.17914792578734173,0.0320939793139069,0.5067755531075763
IN.ADM2.00425,jowar,Kharif,full,16,-0.18626036201829252,0.034692922459185385,0.4897618514110904
IN.ADM2.00425,jowar,Kharif,cleaned,16,-0.18626036201829252,0.034692922459185385,0.4897618514110904
IN.ADM2.00427,jowar,Kharif,full,15,-0.1516569962295451,0.022999844505368256,0.5895099649562124
IN.ADM2.00427,jowar,Kharif,cleaned,14,-0.39118693041720076,0.15302721452923188,0.1666371125756011
IN.ADM2.00429,jowar,Kharif,full,14,0.42407696511512494,0.17984127234125488,0.13073659650263364
IN.ADM2.00429,jowar,Kharif,cleaned,14,0.42407696511512494,0.17984127234125488,0.13073659650263364
IN.ADM2.00430,jowar,Kharif,full,13,-0.42487421459345387,0.1805180982264043,0.1478424493984223
IN.ADM2.00430,jowar,Kharif,cleaned,13,-0.42487421459345387,0.1805180982264043,0.1478424493984223
IN.ADM2.00436,jowar,Kharif,full,9,-0.2987597741131914,0.08925740262816513,0.43484324460670426
IN.ADM2.00436,jowar,Kharif,cleaned,9,-0.2987597741131914,0.08925740262816513,0.43484324460670426
IN.ADM2.00438,jowar,Kharif,full,16,0.07227910180630742,0.005224268557926553,0.7902305386073587
IN.ADM2.00438,jowar,Kharif,cleaned,16,0.07227910180630742,0.005224268557926553,0.7902305386073587
IN.ADM2.00439,jowar,Kharif,full,16,0.15486601247503531,0.023983481819917794,0.5668560165539329
IN.ADM2.00439,jowar,Kharif,cleaned,16,0.15486601247503531,0.023983481819917794,0.5668560165539329
IN.ADM2.00440,jowar,Kharif,full,16,-0.05073851557272724,0.0025743969625238844,0.851966529198519
IN.ADM2.00440,jowar,Kharif,cleaned,16,-0.05073851557272724,0.0025743969625238844,0.851966529198519
IN.ADM2.00442,jowar,Kharif,full,16,-0.15254191292946886,0.02326903520018166,0.5727608729571598
IN.ADM2.00442,jowar,Kharif,cleaned,16,-0.15254191292946886,0.02326903520018166,0.5727608729571598
IN.ADM2.00443,jowar,Kharif,full,6,-0.7709042254918707,0.594293324881221,0.07271527942846712
IN.ADM2.00443,jowar,Kharif,cleaned,6,-0.7709042254918707,0.594293324881221,0.07271527942846712
IN.ADM2.00444,jowar,Kharif,full,16,-0.067830617703545,0.004600992698044472,0.8028966572234895
IN.ADM2.00444,jowar,Kharif,cleaned,16,-0.067830617703545,0.004600992698044472,0.8028966572234895
IN.ADM2.00445,jowar,Kharif,full,16,0.3458497488234813,0.1196120487612651,0.18948073969637574
IN.ADM2.00445,jowar,Kharif,cleaned,16,0.3458497488234813,0.1196120487612651,0.18948073969637574
IN.ADM2.00448,jowar,Kharif,full,16,0.048050541787222956,0.0023088545660456595,0.8597346058278219
IN.ADM2.00448,jowar,Kharif,cleaned,16,0.048050541787222956,0.0023088545660456595,0.8597346058278219
IN.ADM2.00462,jowar,Kharif,full,9,-0.006214689770540932,3.8622368944066105e-05,0.9873399454351998
IN.ADM2.00462,jowar,Kharif,cleaned,9,-0.006214689770540932,3.8622368944066105e-05,0.9873399454351998
IN.ADM2.00463,jowar,Kharif,full,7,-0.43910366978420734,0.1928120328179582,0.3242907887032124
IN.ADM2.00463,jowar,Kharif,cleaned,7,-0.43910366978420734,0.1928120328179582,0.3242907887032124
IN.ADM2.00465,jowar,Kharif,full,11,-0.4024133960263327,0.16193654130144608,0.21982832208816133
IN.ADM2.00465,jowar,Kharif,cleaned,10,-0.345201110611029,0.11916380676708786,0.32860527695996933
IN.ADM2.00470,jowar,Kharif,full,14,-0.41320894598090124,0.17074163303864737,0.14196303573072663
IN.ADM2.00470,jowar,Kharif,cleaned,10,-0.5812277381054163,0.33782568354313836,0.07802832421935606
IN.ADM2.00482,jowar,Kharif,full,6,-0.465131099998958,0.21634694018624068,0.3526181951366805
IN.ADM2.00482,jowar,Kharif,cleaned,6,-0.465131099998958,0.21634694018624068,0.3526181951366805
IN.ADM2.00483,jowar,Kharif,full,5,0.7149400120815556,0.5111392208751748,0.17467708182460473
IN.ADM2.00488,jowar,Kharif,full,16,-0.09862981701627349,0.009727840804663592,0.7163025751414345
IN.ADM2.00488,jowar,Kharif,cleaned,16,-0.09862981701627349,0.009727840804663592,0.7163025751414345
IN.ADM2.00489,jowar,Kharif,full,16,0.6113315842128493,0.37372630585619204,0.011864849953174366
IN.ADM2.00489,jowar,Kharif,cleaned,16,0.6113315842128493,0.37372630585619204,0.011864849953174366
IN.ADM2.00491,jowar,Kharif,full,15,0.4892717758063251,0.23938687060067484,0.06416911930685483
IN.ADM2.00491,jowar,Kharif,cleaned,15,0.4892717758063251,0.23938687060067484,0.06416911930685483
IN.ADM2.00494,jowar,Kharif,full,16,0.30917298263637916,0.09558793319227481,0.24393744923100918
IN.ADM2.00494,jowar,Kharif,cleaned,16,0.30917298263637916,0.09558793319227481,0.24393744923100918
IN.ADM2.00495,jowar,Kharif,full,16,0.42795571487174694,0.18314609389138797,0.09819920923825289
IN.ADM2.00495,jowar,Kharif,cleaned,16,0.42795571487174694,0.18314609389138797,0.09819920923825289
IN.ADM2.00533,jowar,Kharif,full,10,-0.16065364335092727,0.02580959312192694,0.6575008197691528
IN.ADM2.00533,jowar,Kharif,cleaned,9,-0.18754506121901723,0.035173149987644925,0.6289584840937863
IN.ADM2.00534,jowar,Kharif,full,10,-0.07126038178926916,0.005078042012752404,0.8449070817364361
IN.ADM2.00534,jowar,Kharif,cleaned,9,0.32633021300195825,0.10649140791790344,0.39141037591318845
IN.ADM2.00552,jowar,Kharif,full,13,0.7261743076997913,0.5273291251632711,0.004942878483283363
IN.ADM2.00552,jowar,Kharif,cleaned,13,0.7261743076997913,0.5273291251632711,0.004942878483283363
IN.ADM2.00554,jowar,Kharif,full,13,-0.010517266487322714,0.00011061289436536146,0.9727974033749829
IN.ADM2.00554,jowar,Kharif,cleaned,13,-0.010517266487322714,0.00011061289436536146,0.9727974033749829
IN.ADM2.00555,jowar,Kharif,full,16,-0.21018359008606835,0.04417714154146841,0.4346116274538002
IN.ADM2.00555,jowar,Kharif,cleaned,16,-0.21018359008606835,0.04417714154146841,0.4346116274538002
IN.ADM2.00556,jowar,Kharif,full,16,0.0317078627476602,0.0010053885600244574,0.9071996712004491
IN.ADM2.00556,jowar,Kharif,cleaned,16,0.0317078627476602,0.0010053885600244574,0.9071996712004491
IN.ADM2.00566,jowar,Kharif,full,10,-0.4861594612368515,0.23635102175010572,0.15424062496257113
IN.ADM2.00566,jowar,Kharif,cleaned,10,-0.4861594612368515,0.23635102175010572,0.15424062496257113
IN.ADM2.00567,jowar,Kharif,full,10,-0.5184024275005704,0.2687410768384842,0.12475284356122064
IN.ADM2.00567,jowar,Kharif,cleaned,9,-0.5990215203049185,0.35882678178841587,0.08827750600110279
IN.ADM2.00568,jowar,Kharif,full,10,-0.5791305541270044,0.3353921987234512,0.07936768116764678
IN.ADM2.00568,jowar,Kharif,cleaned,10,-0.5791305541270044,0.3353921987234512,0.07936768116764678
IN.ADM2.00571,jowar,Kharif,full,16,0.1990181711472896,0.03960823244681185,0.459944485059401
IN.ADM2.00571,jowar,Kharif,cleaned,16,0.1990181711472896,0.03960823244681185,0.459944485059401
IN.ADM2.00572,jowar,Kharif,full,16,0.3867272203384836,0.14955794295073005,0.13894794002284358
IN.ADM2.00572,jowar,Kharif,cleaned,16,0.3867272203384836,0.14955794295073005,0.13894794002284358
IN.ADM2.00573,jowar,Kharif,full,16,0.3259072911487947,0.10621556242394523,0.21800060313815833
IN.ADM2.00573,jowar,Kharif,cleaned,16,0.3259072911487947,0.10621556242394523,0.21800060313815833
IN.ADM2.00574,jowar,Kharif,full,16,-0.009680990005742324,9.372156749128276e-05,0.9716146831992154
IN.ADM2.00574,jowar,Kharif,cleaned,16,-0.009680990005742324,9.372156749128276e-05,0.9716146831992154
IN.ADM2.00577,jowar,Kharif,full,10,-0.19717870120213202,0.03887944020775966,0.5850538191223137
IN.ADM2.00577,jowar,Kharif,cleaned,10,-0.19717870120213202,0.03887944020775966,0.5850538191223137
IN.ADM2.00578,jowar,Kharif,full,10,0.11393883782820233,0.01298205876564139,0.7539693308111668
IN.ADM2.00578,jowar,Kharif,cleaned,10,0.11393883782820233,0.01298205876564139,0.7539693308111668
IN.ADM2.00003,jowar,Rabi,full,17,0.28551007315785626,0.08151600187460444,0.2666347756829152
IN.ADM2.00003,jowar,Rabi,cleaned,17,0.28551007315785626,0.08151600187460444,0.2666347756829152
IN.ADM2.00004,jowar,Rabi,full,17,0.040440815709256124,0.001635459575230017,0.8775284550035428
IN.ADM2.00004,jowar,Rabi,cleaned,17,0.040440815709256124,0.001635459575230017,0.8775284550035428
IN.ADM2.00005,jowar,Rabi,full,17,-0.109681791713172,0.012030095433411644,0.6751783991817685
IN.ADM2.00005,jowar,Rabi,cleaned,17,-0.109681791713172,0.012030095433411644,0.6751783991817685
IN.ADM2.00007,jowar,Rabi,full,15,-0.19061209295847503,0.03633296998201033,0.49620487897166565
IN.ADM2.00007,jowar,Rabi,cleaned,15,-0.19061209295847503,0.03633296998201033,0.49620487897166565
IN.ADM2.00008,jowar,Rabi,full,17,0.2275699034731044,0.05178806096675806,0.3797087294316248
IN.ADM2.00008,jowar,Rabi,cleaned,17,0.2275699034731044,0.05178806096675806,0.3797087294316248
IN.ADM2.00010,jowar,Rabi,full,17,0.32050482195563956,0.10272334089681621,0.2097588039297635
IN.ADM2.00010,jowar,Rabi,cleaned,17,0.32050482195563956,0.10272334089681621,0.2097588039297635
IN.ADM2.00011,jowar,Rabi,full,17,0.604430266011196,0.36533594647036516,0.010169070677073698
IN.ADM2.00011,jowar,Rabi,cleaned,17,0.604430266011196,0.36533594647036516,0.010169070677073698
IN.ADM2.00012,jowar,Rabi,full,15,0.0066630230872058716,4.439587666063846e-05,0.9811979990539175
IN.ADM2.00012,jowar,Rabi,cleaned,15,0.0066630230872058716,4.439587666063846e-05,0.9811979990539175
IN.ADM2.00013,jowar,Rabi,full,17,-0.0826454714854512,0.006830273957052528,0.7525031360674408
IN.ADM2.00013,jowar,Rabi,cleaned,17,-0.0826454714854512,0.006830273957052528,0.7525031360674408
IN.ADM2.00014,jowar,Rabi,full,17,0.2817963303709786,0.07940917181054973,0.2731777645797982
IN.ADM2.00014,jowar,Rabi,cleaned,17,0.2817963303709786,0.07940917181054973,0.2731777645797982
IN.ADM2.00016,jowar,Rabi,full,17,0.7036470268496042,0.4951191383942877,0.0016217013930686802
IN.ADM2.00016,jowar,Rabi,cleaned,17,0.7036470268496042,0.4951191383942877,0.0016217013930686802
IN.ADM2.00018,jowar,Rabi,full,17,0.11804996863716687,0.01393579509523608,0.6518153405879435
IN.ADM2.00018,jowar,Rabi,cleaned,17,0.11804996863716687,0.01393579509523608,0.6518153405879435
IN.ADM2.00021,jowar,Rabi,full,15,-0.4056912091052052,0.1645853571452433,0.13353043158236647
IN.ADM2.00021,jowar,Rabi,cleaned,15,-0.4056912091052052,0.1645853571452433,0.13353043158236647
IN.ADM2.00025,jowar,Rabi,full,14,0.005730138901441334,3.28344918298113e-05,0.9844891837562457
IN.ADM2.00025,jowar,Rabi,cleaned,14,0.005730138901441334,3.28344918298113e-05,0.9844891837562457
IN.ADM2.00110,jowar,Rabi,full,7,0.0338565358707238,0.0011462650211656073,0.9425562956419926
IN.ADM2.00110,jowar,Rabi,cleaned,7,0.0338565358707238,0.0011462650211656073,0.9425562956419926
IN.ADM2.00111,jowar,Rabi,full,17,0.5826044950845445,0.33942799769271703,0.014119783231560868
IN.ADM2.00111,jowar,Rabi,cleaned,16,0.4009029081463529,0.16072314176020305,0.1238226252054405
IN.ADM2.00112,jowar,Rabi,full,11,0.3941862718190494,0.15538281689060152,0.23029240206244464
IN.ADM2.00112,jowar,Rabi,cleaned,11,0.3941862718190494,0.15538281689060152,0.23029240206244464
IN.ADM2.00114,jowar,Rabi,full,9,-0.14711024644376594,0.02164142460874555,0.705661742662456
IN.ADM2.00114,jowar,Rabi,cleaned,9,-0.14711024644376594,0.02164142460874555,0.705661742662456
IN.ADM2.00115,jowar,Rabi,full,17,0.32323276062389084,0.10447941754054152,0.205686394435151
IN.ADM2.00115,jowar,Rabi,cleaned,17,0.32323276062389084,0.10447941754054152,0.205686394435151
IN.ADM2.00117,jowar,Rabi,full,17,0.1294800384779762,0.016765080364258198,0.620395756442665
IN.ADM2.00117,jowar,Rabi,cleaned,16,0.11722657732009839,0.013742070430185006,0.6654756064191898
IN.ADM2.00120,jowar,Rabi,full,13,0.25748414061392944,0.06629808266769378,0.3957220145801361
IN.ADM2.00120,jowar,Rabi,cleaned,13,0.25748414061392944,0.06629808266769378,0.3957220145801361
IN.ADM2.00124,jowar,Rabi,full,17,0.7105754584988866,0.5049174822209029,0.0013889550170526255
IN.ADM2.00124,jowar,Rabi,cleaned,16,0.3090823852955178,0.09553192089996691,0.24408287775974563
IN.ADM2.00126,jowar,Rabi,full,17,0.09668042801285723,0.00934710516074927,0.7120329755346938
IN.ADM2.00126,jowar,Rabi,cleaned,17,0.09668042801285723,0.00934710516074927,0.7120329755346938
IN.ADM2.00172,jowar,Rabi,full,17,0.6374272227021197,0.4063134642417377,0.005914747054994269
IN.ADM2.00172,jowar,Rabi,cleaned,17,0.6374272227021197,0.4063134642417377,0.005914747054994269
IN.ADM2.00173,jowar,Rabi,full,17,0.3702680202503523,0.13709840682011531,0.14347727102640845
IN.ADM2.00173,jowar,Rabi,cleaned,17,0.3702680202503523,0.13709840682011531,0.14347727102640845
IN.ADM2.00174,jowar,Rabi,full,17,0.36194253362191,0.13100239764464744,0.15340692520121044
IN.ADM2.00174,jowar,Rabi,cleaned,17,0.36194253362191,0.13100239764464744,0.15340692520121044
IN.ADM2.00175,jowar,Rabi,full,17,0.23573736975525253,0.05557210749912465,0.36236547829766785
IN.ADM2.00175,jowar,Rabi,cleaned,17,0.23573736975525253,0.05557210749912465,0.36236547829766785
IN.ADM2.00176,jowar,Rabi,full,17,0.25640257345173467,0.0657422796726722,0.32052092692109957
IN.ADM2.00176,jowar,Rabi,cleaned,17,0.25640257345173467,0.0657422796726722,0.32052092692109957
IN.ADM2.00179,jowar,Rabi,full,17,0.5752151962237657,0.33087252196674527,0.015701776152889493
IN.ADM2.00179,jowar,Rabi,cleaned,17,0.5752151962237657,0.33087252196674527,0.015701776152889493
IN.ADM2.00180,jowar,Rabi,full,17,0.6687710056474145,0.4472546579946542,0.0033320905341260084
IN.ADM2.00180,jowar,Rabi,cleaned,17,0.6687710056474145,0.4472546579946542,0.0033320905341260084
IN.ADM2.00181,jowar,Rabi,full,16,0.1355581105274683,0.018376001329777313,0.616674599954454
IN.ADM2.00181,jowar,Rabi,cleaned,16,0.1355581105274683,0.018376001329777313,0.616674599954454
IN.ADM2.00184,jowar,Rabi,full,6,0.7278799290882254,0.52980919116948,0.10099884461702749
IN.ADM2.00184,jowar,Rabi,cleaned,6,0.7278799290882254,0.52980919116948,0.10099884461702749
IN.ADM2.00185,jowar,Rabi,full,16,0.19725238081234797,0.03890850173613954,0.46401674857794706
IN.ADM2.00185,jowar,Rabi,cleaned,16,0.19725238081234797,0.03890850173613954,0.46401674857794706
IN.ADM2.00186,jowar,Rabi,full,17,0.03573597864589034,0.0012770601697795305,0.8916927182930253
IN.ADM2.00186,jowar,Rabi,cleaned,17,0.03573597864589034,0.0012770601697795305,0.8916927182930253
IN.ADM2.00188,jowar,Rabi,full,13,0.3819758420543967,0.14590554391316543,0.19775312134331696
IN.ADM2.00188,jowar,Rabi,cleaned,13,0.3819758420543967,0.14590554391316543,0.19775312134331696
IN.ADM2.00189,jowar,Rabi,full,13,-0.19627997137620956,0.038525827163445645,0.5204260162603396
IN.ADM2.00189,jowar,Rabi,cleaned,13,-0.19627997137620956,0.038525827163445645,0.5204260162603396
IN.ADM2.00212,jowar,Rabi,full,13,-0.04739443624365969,0.002246232586854323,0.8778074864677206
IN.ADM2.00212,jowar,Rabi,cleaned,13,-0.04739443624365969,0.002246232586854323,0.8778074864677206
IN.ADM2.00215,jowar,Rabi,full,5,-0.6039440696651678,0.364748439283725,0.2807470362856062
IN.ADM2.00215,jowar,Rabi,cleaned,5,-0.6039440696651678,0.364748439283725,0.2807470362856062
IN.ADM2.00216,jowar,Rabi,full,14,0.05665984227932712,0.0032103377271182247,0.8474375511602912
IN.ADM2.00216,jowar,Rabi,cleaned,14,0.05665984227932712,0.0032103377271182247,0.8474375511602912
IN.ADM2.00218,jowar,Rabi,full,14,-0.17175115426378426,0.02949845899094222,0.5571301227196346
IN.ADM2.00218,jowar,Rabi,cleaned,14,-0.17175115426378426,0.02949845899094222,0.5571301227196346
IN.ADM2.00221,jowar,Rabi,full,14,0.28695922725583334,0.08234559810726501,0.3198688582793474
IN.ADM2.00221,jowar,Rabi,cleaned,14,0.28695922725583334,0.08234559810726501,0.3198688582793474
IN.ADM2.00224,jowar,Rabi,full,14,0.3001540890438672,0.09009247716975376,0.2971072152633399
IN.ADM2.00224,jowar,Rabi,cleaned,14,0.3001540890438672,0.09009247716975376,0.2971072152633399
IN.ADM2.00235,jowar,Rabi,full,7,0.3152937256918746,0.09941013346066305,0.4909442844619322
IN.ADM2.00235,jowar,Rabi,cleaned,7,0.3152937256918746,0.09941013346066305,0.4909442844619322
IN.ADM2.00239,jowar,Rabi,full,11,0.3151742951730856,0.09933483633785128,0.3451348562489664
IN.ADM2.00239,jowar,Rabi,cleaned,11,0.3151742951730856,0.09933483633785128,0.3451348562489664
IN.ADM2.00240,jowar,Rabi,full,10,0.3773783519562021,0.14241442052517916,0.28234495769628326
IN.ADM2.00240,jowar,Rabi,cleaned,10,0.3773783519562021,0.14241442052517916,0.28234495769628326
IN.ADM2.00249,jowar,Rabi,full,14,0.19756088942841707,0.03903030503174724,0.4984010772875261
IN.ADM2.00249,jowar,Rabi,cleaned,13,0.43827546889161584,0.19208538663216573,0.13412922127702168
IN.ADM2.00250,jowar,Rabi,full,17,0.6674977086389353,0.445553191038229,0.003414969535228682
IN.ADM2.00250,jowar,Rabi,cleaned,17,0.6674977086389353,0.445553191038229,0.003414969535228682
IN.ADM2.00251,jowar,Rabi,full,17,0.5809705575440254,0.3375267887330157,0.01445826553142893
IN.ADM2.00251,jowar,Rabi,cleaned,17,0.5809705575440254,0.3375267887330157,0.01445826553142893
IN.ADM2.00252,jowar,Rabi,full,7,0.37051741302600005,0.13728315335547953,0.4132620815306223
IN.ADM2.00252,jowar,Rabi,cleaned,7,0.37051741302600005,0.13728315335547953,0.4132620815306223
IN.ADM2.00253,jowar,Rabi,full,17,0.670670665956159,0.4497991421740778,0.00321148874598692
IN.ADM2.00253,jowar,Rabi,cleaned,17,0.670670665956159,0.4497991421740778,0.00321148874598692
IN.ADM2.00254,jowar,Rabi,full,7,-0.16440656714678248,0.027029519320989497,0.7246514404572161
IN.ADM2.00254,jowar,Rabi,cleaned,7,-0.16440656714678248,0.027029519320989497,0.7246514404572161
IN.ADM2.00255,jowar,Rabi,full,17,0.5892870891962744,0.34725927349341784,0.012799947479174841
IN.ADM2.00255,jowar,Rabi,cleaned,17,0.5892870891962744,0.34725927349341784,0.012799947479174841
IN.ADM2.00256,jowar,Rabi,full,17,0.5203484647806147,0.2707625247995426,0.03224710622279303
IN.ADM2.00256,jowar,Rabi,cleaned,17,0.5203484647806147,0.2707625247995426,0.03224710622279303
IN.ADM2.00257,jowar,Rabi,full,16,0.6266090654018227,0.39263892084374574,0.00939357461083932
IN.ADM2.00257,jowar,Rabi,cleaned,15,0.6205934864974917,0.3851362754831124,0.013563654131383296
IN.ADM2.00258,jowar,Rabi,full,17,0.4814825791178493,0.23182547399397602,0.05036213303126322
IN.ADM2.00258,jowar,Rabi,cleaned,17,0.4814825791178493,0.23182547399397602,0.05036213303126322
IN.ADM2.00259,jowar,Rabi,full,17,0.26021153434213784,0.06771004260468957,0.31313119668615313
IN.ADM2.00259,jowar,Rabi,cleaned,17,0.26021153434213784,0.06771004260468957,0.31313119668615313
IN.ADM2.00260,jowar,Rabi,full,17,0.625195604620069,0.39086954403625357,0.0072805317896540885
IN.ADM2.00260,jowar,Rabi,cleaned,17,0.625195604620069,0.39086954403625357,0.0072805317896540885
IN.ADM2.00261,jowar,Rabi,full,17,0.7656466172016977,0.586214742432403,0.00034027469010665954
IN.ADM2.00261,jowar,Rabi,cleaned,17,0.7656466172016977,0.586214742432403,0.00034027469010665954
IN.ADM2.00262,jowar,Rabi,full,17,0.5499466698590829,0.30244133968909515,0.022188756827567397
IN.ADM2.00262,jowar,Rabi,cleaned,17,0.5499466698590829,0.30244133968909515,0.022188756827567397
IN.ADM2.00263,jowar,Rabi,full,17,0.5853345943091416,0.34261658729504735,0.013568199583913204
IN.ADM2.00263,jowar,Rabi,cleaned,17,0.5853345943091416,0.34261658729504735,0.013568199583913204
IN.ADM2.00266,jowar,Rabi,full,17,-0.3231327755627869,0.10441479064291041,0.20583474219236633
IN.ADM2.00266,jowar,Rabi,cleaned,17,-0.3231327755627869,0.10441479064291041,0.20583474219236633
IN.ADM2.00267,jowar,Rabi,full,17,0.789727296099859,0.6236692022051944,0.00016277854405423567
IN.ADM2.00267,jowar,Rabi,cleaned,17,0.789727296099859,0.6236692022051944,0.00016277854405423567
IN.ADM2.00268,jowar,Rabi,full,17,-0.10898834926209036,0.011878460274875392,0.6771274098942343
IN.ADM2.00268,jowar,Rabi,cleaned,16,0.018783418864088422,0.0003528168242237928,0.9449542719663787
IN.ADM2.00269,jowar,Rabi,full,17,0.7100396251575662,0.5041562692938972,0.0014059123678934868
IN.ADM2.00269,jowar,Rabi,cleaned,17,0.7100396251575662,0.5041562692938972,0.0014059123678934868
IN.ADM2.00270,jowar,Rabi,full,17,0.49747340634352716,0.2474797900190321,0.042165521755138075
IN.ADM2.00270,jowar,Rabi,cleaned,17,0.49747340634352716,0.2474797900190321,0.042165521755138075
IN.ADM2.00271,jowar,Rabi,full,17,0.28596508225362927,0.08177602826832495,0.26583982760095537
IN.ADM2.00271,jowar,Rabi,cleaned,17,0.28596508225362927,0.08177602826832495,0.26583982760095537
IN.ADM2.00274,jowar,Rabi,full,17,0.6658782500255281,0.44339384385705977,0.003522793579676668
IN.ADM2.00274,jowar,Rabi,cleaned,17,0.6658782500255281,0.44339384385705977,0.003522793579676668
IN.ADM2.00275,jowar,Rabi,full,17,0.36630043749991675,0.13417601051263042,0.14815267510503882
IN.ADM2.00275,jowar,Rabi,cleaned,17,0.36630043749991675,0.13417601051263042,0.14815267510503882
IN.ADM2.00277,jowar,Rabi,full,17,0.8292690513015983,0.6876871594466529,3.8583598106917387e-05
IN.ADM2.00277,jowar,Rabi,cleaned,17,0.8292690513015983,0.6876871594466529,3.8583598106917387e-05
IN.ADM2.00279,jowar,Rabi,full,17,0.11476014061895304,0.013169889874881876,0.6609651362906254
IN.ADM2.00279,jowar,Rabi,cleaned,17,0.11476014061895304,0.013169889874881876,0.6609651362906254
IN.ADM2.00280,jowar,Rabi,full,10,0.37406787400368047,0.13992677436163337,0.2869323212150959
IN.ADM2.00280,jowar,Rabi,cleaned,10,0.37406787400368047,0.13992677436163337,0.2869323212150959
IN.ADM2.00364,jowar,Rabi,full,5,-0.7554636328299231,0.570725300528585,0.1397139805851919
IN.ADM2.00364,jowar,Rabi,cleaned,5,-0.7554636328299231,0.570725300528585,0.1397139805851919
IN.ADM2.00365,jowar,Rabi,full,5,0.863488472328059,0.7456123418434452,0.05929101553980838
IN.ADM2.00365,jowar,Rabi,cleaned,5,0.863488472328059,0.7456123418434452,0.05929101553980838
IN.ADM2.00366,jowar,Rabi,full,5,0.4277478905821547,0.18296825789748297,0.47247123322372014
IN.ADM2.00366,jowar,Rabi,cleaned,5,0.4277478905821547,0.18296825789748297,0.47247123322372014
IN.ADM2.00367,jowar,Rabi,full,5,0.5208156606844371,0.2712489524141667,0.36821190410821647
IN.ADM2.00367,jowar,Rabi,cleaned,5,0.5208156606844371,0.2712489524141667,0.36821190410821647
IN.ADM2.00368,jowar,Rabi,full,5,-0.6151120082270592,0.3783627826651258,0.2694745005521019
IN.ADM2.00368,jowar,Rabi,cleaned,5,-0.6151120082270592,0.3783627826651258,0.2694745005521019
IN.ADM2.00369,jowar,Rabi,full,5,0.17258139001984424,0.029784336181181592,0.7813582644231747
IN.ADM2.00374,jowar,Rabi,full,5,-0.8055513117802053,0.6489129159108096,0.09987347683406841
IN.ADM2.00376,jowar,Rabi,full,5,-0.4243244451084816,0.18005123471662082,0.47641472328555173
IN.ADM2.00376,jowar,Rabi,cleaned,5,-0.4243244451084816,0.18005123471662082,0.47641472328555173
IN.ADM2.00378,jowar,Rabi,full,5,0.040616607736085,0.0016497088239869997,0.9482995514029688
IN.ADM2.00383,jowar,Rabi,full,5,0.24903439733798194,0.06201813105749186,0.6862281990689022
IN.ADM2.00383,jowar,Rabi,cleaned,5,0.24903439733798194,0.06201813105749186,0.6862281990689022
IN.ADM2.00384,jowar,Rabi,full,5,-0.4422350950487679,0.19557187929279277,0.4558623249220571
IN.ADM2.00533,jowar,Rabi,full,5,0.30107188800852386,0.09064428174901713,0.6225359873148874
IN.ADM2.00534,jowar,Rabi,full,5,0.6842094487498579,0.4681425697585844,0.20263169088297728
IN.ADM2.00566,jowar,Rabi,full,5,0.45494497472351525,0.20697493002617992,0.4413993701570327
IN.ADM2.00566,jowar,Rabi,cleaned,5,0.45494497472351525,0.20697493002617992,0.4413993701570327
IN.ADM2.00567,jowar,Rabi,full,5,0.09839904651697746,0.009682372355450296,0.8749169143659218
IN.ADM2.00568,jowar,Rabi,full,5,0.12021360454052177,0.014451310716624956,0.8473087428277619
IN.ADM2.00568,jowar,Rabi,cleaned,5,0.12021360454052177,0.014451310716624956,0.8473087428277619
IN.ADM2.00577,jowar,Rabi,full,5,0.20952661040741333,0.04390140046881997,0.7351874789334756
IN.ADM2.00577,jowar,Rabi,cleaned,5,0.20952661040741333,0.04390140046881997,0.7351874789334756
IN.ADM2.00578,jowar,Rabi,full,5,0.7665993779035529,0.5876746062021143,0.1305164632774625
IN.ADM2.00578,jowar,Rabi,cleaned,5,0.7665993779035529,0.5876746062021143,0.1305164632774625
IN.ADM2.00172,jowar,Summer,full,16,0.2357523057814656,0.05557914968127766,0.37940170871874856
IN.ADM2.00172,jowar,Summer,cleaned,16,0.2357523057814656,0.05557914968127766,0.37940170871874856
IN.ADM2.00173,jowar,Summer,full,16,0.2155642221231975,0.04646793385957924,0.4226650092445641
IN.ADM2.00173,jowar,Summer,cleaned,16,0.2155642221231975,0.04646793385957924,0.4226650092445641
IN.ADM2.00175,jowar,Summer,full,5,-0.9120417889332082,0.8318202247604867,0.03089825385596046
IN.ADM2.00175,jowar,Summer,cleaned,5,-0.9120417889332082,0.8318202247604867,0.03089825385596046
IN.ADM2.00179,jowar,Summer,full,16,0.5472311804651128,0.29946196487324084,0.028241297693639773
IN.ADM2.00179,jowar,Summer,cleaned,16,0.5472311804651128,0.29946196487324084,0.028241297693639773
IN.ADM2.00180,jowar,Summer,full,15,0.17611712031151755,0.031017240066821546,0.5300942129509725
IN.ADM2.00180,jowar,Summer,cleaned,15,0.17611712031151755,0.031017240066821546,0.5300942129509725
IN.ADM2.00185,jowar,Summer,full,11,-0.29416981913143536,0.08653588248782139,0.3799062795624237
IN.ADM2.00185,jowar,Summer,cleaned,11,-0.29416981913143536,0.08653588248782139,0.3799062795624237
IN.ADM2.00186,jowar,Summer,full,16,-0.043725585842264734,0.0019119268572492622,0.8722585260670277
IN.ADM2.00186,jowar,Summer,cleaned,16,-0.043725585842264734,0.0019119268572492622,0.8722585260670277
IN.ADM2.00188,jowar,Summer,full,6,0.22902605561013134,0.052452934148334976,0.6624674608913886
IN.ADM2.00188,jowar,Summer,cleaned,6,0.22902605561013134,0.052452934148334976,0.6624674608913886
IN.ADM2.00189,jowar,Summer,full,6,0.1066707972109615,0.011378658977622072,0.8406006894957251
IN.ADM2.00189,jowar,Summer,cleaned,6,0.1066707972109615,0.011378658977622072,0.8406006894957251
IN.ADM2.00465,jowar,Autumn,full,5,-0.49302250422564403,0.24307118967292518,0.3987137928934988
IN.ADM2.00465,jowar,Autumn,cleaned,5,-0.49302250422564403,0.24307118967292518,0.3987137928934988
IN.ADM2.00199,jowar,Whole Year,full,5,-0.5452113106537106,0.297255373264737,0.3419318258962988
IN.ADM2.00199,jowar,Whole Year,cleaned,5,-0.5452113106537106,0.297255373264737,0.3419318258962988
IN.ADM2.00004,bajra,Kharif,full,16,0.5805247887656498,0.33700903037140234,0.018383696314378972
IN.ADM2.00004,bajra,Kharif,cleaned,15,0.37414373246462385,0.13998353254256002,0.16948489197551425
IN.ADM2.00005,bajra,Kharif,full,16,0.3112501804283695,0.09687667481669257,0.24061791394886411
IN.ADM2.00005,bajra,Kharif,cleaned,16,0.3112501804283695,0.09687667481669257,0.24061791394886411
IN.ADM2.00007,bajra,Kharif,full,16,0.2641669516887777,0.069784178364541,0.32282743334670416
IN.ADM2.00007,bajra,Kharif,cleaned,16,0.2641669516887777,0.069784178364541,0.32282743334670416
IN.ADM2.00008,bajra,Kharif,full,16,0.371637599516963,0.13811450537473058,0.15638556187656183
IN.ADM2.00008,bajra,Kharif,cleaned,16,0.371637599516963,0.13811450537473058,0.15638556187656183
IN.ADM2.00010,bajra,Kharif,full,15,0.7357077257347434,0.5412658577057884,0.0017701233435314212
IN.ADM2.00010,bajra,Kharif,cleaned,15,0.7357077257347434,0.5412658577057884,0.0017701233435314212
IN.ADM2.00011,bajra,Kharif,full,12,-0.09677139908953372,0.009364703681745808,0.764800269701472
IN.ADM2.00011,bajra,Kharif,cleaned,12,-0.09677139908953372,0.009364703681745808,0.764800269701472
IN.ADM2.00013,bajra,Kharif,full,16,0.599511748662019,0.35941433678379175,0.014105789181527967
IN.ADM2.00013,bajra,Kharif,cleaned,16,0.599511748662019,0.35941433678379175,0.014105789181527967
IN.ADM2.00014,bajra,Kharif,full,16,0.3171988006044809,0.10061507910492123,0.231268560152754
IN.ADM2.00014,bajra,Kharif,cleaned,16,0.3171988006044809,0.10061507910492123,0.231268560152754
IN.ADM2.00016,bajra,Kharif,full,16,0.33744337535507624,0.11386803157102687,0.20118793921582756
IN.ADM2.00016,bajra,Kharif,cleaned,16,0.33744337535507624,0.11386803157102687,0.20118793921582756
IN.ADM2.00021,bajra,Kharif,full,16,-0.1701683782995824,0.028957276973109784,0.5286415674246581
IN.ADM2.00021,bajra,Kharif,cleaned,16,-0.1701683782995824,0.028957276973109784,0.5286415674246581
IN.ADM2.00109,bajra,Kharif,full,16,0.5687986057784512,0.3235318539355099,0.021489097906371775
IN.ADM2.00109,bajra,Kharif,cleaned,16,0.5687986057784512,0.3235318539355099,0.021489097906371775
IN.ADM2.00110,bajra,Kharif,full,16,0.5071899125539377,0.257241607396471,0.044934283404710264
IN.ADM2.00110,bajra,Kharif,cleaned,16,0.5071899125539377,0.257241607396471,0.044934283404710264
IN.ADM2.00111,bajra,Kharif,full,16,0.3479380505637443,0.12106088703009871,0.1866431357505401
IN.ADM2.00111,bajra,Kharif,cleaned,16,0.3479380505637443,0.12106088703009871,0.1866431357505401
IN.ADM2.00112,bajra,Kharif,full,16,0.7109378454980715,0.5054326201614397,0.0020192757242739187
IN.ADM2.00112,bajra,Kharif,cleaned,16,0.7109378454980715,0.5054326201614397,0.0020192757242739187
IN.ADM2.00113,bajra,Kharif,full,16,0.22348048305108326,0.04994352630474551,0.40540385536035206
IN.ADM2.00113,bajra,Kharif,cleaned,16,0.22348048305108326,0.04994352630474551,0.40540385536035206
IN.ADM2.00114,bajra,Kharif,full,16,-0.08327442920927405,0.006934630560130396,0.759140017865065
IN.ADM2.00114,bajra,Kharif,cleaned,16,-0.08327442920927405,0.006934630560130396,0.759140017865065
IN.ADM2.00115,bajra,Kharif,full,16,0.14926362732329032,0.0222796304417061,0.5811337880506804
IN.ADM2.00115,bajra,Kharif,cleaned,15,-0.19732947252151056,0.038938920725617596,0.4808531745011881
IN.ADM2.00116,bajra,Kharif,full,16,0.5017599608021244,0.2517630582641494,0.0476681390042938
IN.ADM2.00116,bajra,Kharif,cleaned,16,0.5017599608021244,0.2517630582641494,0.0476681390042938
IN.ADM2.00117,bajra,Kharif,full,16,-0.06706600507354227,0.004497849036524397,0.8050784591732667
IN.ADM2.00117,bajra,Kharif,cleaned,16,-0.06706600507354227,0.004497849036524397,0.8050784591732667
IN.ADM2.00120,bajra,Kharif,full,16,0.6313195573659252,0.3985643835127077,0.008720087369739204
IN.ADM2.00120,bajra,Kharif,cleaned,16,0.6313195573659252,0.3985643835127077,0.008720087369739204
IN.ADM2.00121,bajra,Kharif,full,16,0.25630632125648706,0.06569293031603354,0.3379622908881598
IN.ADM2.00121,bajra,Kharif,cleaned,16,0.25630632125648706,0.06569293031603354,0.3379622908881598
IN.ADM2.00126,bajra,Kharif,full,13,-0.4060117725064395,0.16484555941382079,0.1686464240468626
IN.ADM2.00126,bajra,Kharif,cleaned,13,-0.4060117725064395,0.16484555941382079,0.1686464240468626
IN.ADM2.00147,bajra,Kharif,full,15,0.45183089505056523,0.2041511577221949,0.09087731279483814
IN.ADM2.00147,bajra,Kharif,cleaned,15,0.45183089505056523,0.2041511577221949,0.09087731279483814
IN.ADM2.00151,bajra,Kharif,full,13,0.12354727894688873,0.015263930135180336,0.6875970278378268
IN.ADM2.00151,bajra,Kharif,cleaned,13,0.12354727894688873,0.015263930135180336,0.6875970278378268
IN.ADM2.00152,bajra,Kharif,full,15,-0.38416313147410286,0.14758131158398885,0.15744272963086142
IN.ADM2.00152,bajra,Kharif,cleaned,14,-0.13227828095922128,0.017497543613526685,0.6521445942744639
IN.ADM2.00153,bajra,Kharif,full,15,-0.19055834367063854,0.036312482342497183,0.49632863452898446
IN.ADM2.00153,bajra,Kharif,cleaned,15,-0.19055834367063854,0.036312482342497183,0.49632863452898446
IN.ADM2.00159,bajra,Kharif,full,5,0.5544738804203575,0.3074412840684089,0.332081186602037
IN.ADM2.00159,bajra,Kharif,cleaned,5,0.5544738804203575,0.3074412840684089,0.332081186602037
IN.ADM2.00160,bajra,Kharif,full,14,-0.3430092773082209,0.11765536431950799,0.22989845956003085
IN.ADM2.00160,bajra,Kharif,cleaned,14,-0.3430092773082209,0.11765536431950799,0.22989845956003085
IN.ADM2.00167,bajra,Kharif,full,13,-0.29037064339021873,0.08431511054284957,0.33584278207520873
IN.ADM2.00167,bajra,Kharif,cleaned,13,-0.29037064339021873,0.08431511054284957,0.33584278207520873
IN.ADM2.00169,bajra,Kharif,full,14,-0.036356476548472016,0.0013217933870195958,0.9017983522974662
IN.ADM2.00169,bajra,Kharif,cleaned,14,-0.036356476548472016,0.0013217933870195958,0.9017983522974662
IN.ADM2.00171,bajra,Kharif,full,12,-0.21729448271502108,0.047216892218388595,0.49751863380453365
IN.ADM2.00171,bajra,Kharif,cleaned,12,-0.21729448271502108,0.047216892218388595,0.49751863380453365
IN.ADM2.00172,bajra,Kharif,full,16,0.5131867308044313,0.2633606206737399,0.042053143745217084
IN.ADM2.00172,bajra,Kharif,cleaned,16,0.5131867308044313,0.2633606206737399,0.042053143745217084
IN.ADM2.00173,bajra,Kharif,full,16,0.09525829606091699,0.009074142968429313,0.7256453049998471
IN.ADM2.00173,bajra,Kharif,cleaned,16,0.09525829606091699,0.009074142968429313,0.7256453049998471
IN.ADM2.00174,bajra,Kharif,full,16,0.41686946183032486,0.17378014820670468,0.10819778321526685
IN.ADM2.00174,bajra,Kharif,cleaned,16,0.41686946183032486,0.17378014820670468,0.10819778321526685
IN.ADM2.00175,bajra,Kharif,full,16,0.4592304562563326,0.2108926119533994,0.07354699496100203
IN.ADM2.00175,bajra,Kharif,cleaned,16,0.4592304562563326,0.2108926119533994,0.07354699496100203
IN.ADM2.00179,bajra,Kharif,full,16,0.2611981114494034,0.06822445342473496,0.32849679085995986
IN.ADM2.00179,bajra,Kharif,cleaned,15,0.05468298425895503,0.0029902287674651233,0.8465232629161258
IN.ADM2.00180,bajra,Kharif,full,16,0.3909906452573243,0.15287368467873882,0.13427257787002123
IN.ADM2.00180,bajra,Kharif,cleaned,16,0.3909906452573243,0.15287368467873882,0.13427257787002123
IN.ADM2.00183,bajra,Kharif,full,11,0.19536383480915273,0.03816702795133792,0.564833741882764
IN.ADM2.00183,bajra,Kharif,cleaned,11,0.19536383480915273,0.03816702795133792,0.564833741882764
IN.ADM2.00185,bajra,Kharif,full,16,-0.22109731785963982,0.0488840239647266,0.41056043691769983
IN.ADM2.00185,bajra,Kharif,cleaned,16,-0.22109731785963982,0.0488840239647266,0.41056043691769983
IN.ADM2.00186,bajra,Kharif,full,16,0.5216323520585631,0.2721003107141487,0.03823341611937032
IN.ADM2.00186,bajra,Kharif,cleaned,16,0.5216323520585631,0.2721003107141487,0.03823341611937032
IN.ADM2.00188,bajra,Kharif,full,16,-0.3361435561116335,0.1129924903153749,0.2030389848114309
IN.ADM2.00188,bajra,Kharif,cleaned,16,-0.3361435561116335,0.1129924903153749,0.2030389848114309
IN.ADM2.00205,bajra,Kharif,full,8,-0.24158141903395364,0.0583615820224587,0.5643501149693498
IN.ADM2.00205,bajra,Kharif,cleaned,8,-0.24158141903395364,0.0583615820224587,0.5643501149693498
IN.ADM2.00207,bajra,Kharif,full,6,0.22183291545979353,0.0492098423813919,0.6727088082127002
IN.ADM2.00207,bajra,Kharif,cleaned,6,0.22183291545979353,0.0492098423813919,0.6727088082127002
IN.ADM2.00210,bajra,Kharif,full,15,-0.39554605507990576,0.15645668168927584,0.14446927957010228
IN.ADM2.00210,bajra,Kharif,cleaned,15,-0.39554605507990576,0.15645668168927584,0.14446927957010228
IN.ADM2.00211,bajra,Kharif,full,12,-0.373907050378336,0.1398064823226275,0.23117960706383017
IN.ADM2.00211,bajra,Kharif,cleaned,12,-0.373907050378336,0.1398064823226275,0.23117960706383017
IN.ADM2.00212,bajra,Kharif,full,12,0.18224401283821218,0.03321288021537445,0.5707854385283172
IN.ADM2.00212,bajra,Kharif,cleaned,12,0.18224401283821218,0.03321288021537445,0.5707854385283172
IN.ADM2.00213,bajra,Kharif,full,13,0.24751553143446886,0.06126393830128754,0.4148934851569355
IN.ADM2.00213,bajra,Kharif,cleaned,13,0.24751553143446886,0.06126393830128754,0.4148934851569355
IN.ADM2.00215,bajra,Kharif,full,8,-0.5399654442384054,0.2915626809715785,0.1671438279451783
IN.ADM2.00215,bajra,Kharif,cleaned,8,-0.5399654442384054,0.2915626809715785,0.1671438279451783
IN.ADM2.00216,bajra,Kharif,full,15,-0.38475596658707584,0.148037153824355,0.1567485772038371
IN.ADM2.00216,bajra,Kharif,cleaned,15,-0.38475596658707584,0.148037153824355,0.1567485772038371
IN.ADM2.00218,bajra,Kharif,full,12,0.15990343944117935,0.025569109945118913,0.6195983268584566
IN.ADM2.00218,bajra,Kharif,cleaned,12,0.15990343944117935,0.025569109945118913,0.6195983268584566
IN.ADM2.00219,bajra,Kharif,full,12,0.160186451411283,0.025659699215739327,0.6189705159830399
IN.ADM2.00219,bajra,Kharif,cleaned,12,0.160186451411283,0.025659699215739327,0.6189705159830399
IN.ADM2.00221,bajra,Kharif,full,13,0.06320398506089565,0.003994743727577921,0.8374732747501777
IN.ADM2.00221,bajra,Kharif,cleaned,13,0.06320398506089565,0.003994743727577921,0.8374732747501777
IN.ADM2.00223,bajra,Kharif,full,7,-0.05727604026144942,0.003280544788031175,0.9029245871847889
IN.ADM2.00223,bajra,Kharif,cleaned,6,0.35148811488610243,0.12354389490618595,0.4944799330339774
IN.ADM2.00224,bajra,Kharif,full,15,-0.05035270617637105,0.002535395019283955,0.8585592863725366
IN.ADM2.00224,bajra,Kharif,cleaned,15,-0.05035270617637105,0.002535395019283955,0.8585592863725366
IN.ADM2.00226,bajra,Kharif,full,12,0.007756552356141699,6.0164104453567346e-05,0.9809131406010444
IN.ADM2.00226,bajra,Kharif,cleaned,12,0.007756552356141699,6.0164104453567346e-05,0.9809131406010444
IN.ADM2.00228,bajra,Kharif,full,11,0.6413577238348049,0.4113397299225619,0.03343238188396805
IN.ADM2.00228,bajra,Kharif,cleaned,11,0.6413577238348049,0.4113397299225619,0.03343238188396805
IN.ADM2.00229,bajra,Kharif,full,13,0.049181133401546034,0.002418783882660667,0.87323378586543
IN.ADM2.00229,bajra,Kharif,cleaned,13,0.049181133401546034,0.002418783882660667,0.87323378586543
IN.ADM2.00230,bajra,Kharif,full,15,-0.08896777149317865,0.007915264364462452,0.7525312680816031
IN.ADM2.00230,bajra,Kharif,cleaned,15,-0.08896777149317865,0.007915264364462452,0.7525312680816031
IN.ADM2.00232,bajra,Kharif,full,9,-0.09607971679969014,0.00923131198030866,0.8057674794182259
IN.ADM2.00232,bajra,Kharif,cleaned,9,-0.09607971679969014,0.00923131198030866,0.8057674794182259
IN.ADM2.00235,bajra,Kharif,full,10,0.008511291209638283,7.244207805526591e-05,0.9813828991794666
IN.ADM2.00235,bajra,Kharif,cleaned,10,0.008511291209638283,7.244207805526591e-05,0.9813828991794666
IN.ADM2.00237,bajra,Kharif,full,12,0.04555433875827164,0.0020751977797033696,0.8882032312475733
IN.ADM2.00237,bajra,Kharif,cleaned,11,0.55714260052936,0.31040787732461805,0.07499360444715818
IN.ADM2.00238,bajra,Kharif,full,12,-0.21822955713092118,0.04762413960555799,0.4956238836142213
IN.ADM2.00238,bajra,Kharif,cleaned,11,0.057640203587760716,0.003322393069638503,0.8663204085669912
IN.ADM2.00242,bajra,Kharif,full,13,0.2540876863273849,0.06456055234320353,0.40220186539192754
IN.ADM2.00242,bajra,Kharif,cleaned,13,0.2540876863273849,0.06456055234320353,0.40220186539192754
IN.ADM2.00244,bajra,Kharif,full,6,-0.6600645192586154,0.4356851695841071,0.1536933821168979
IN.ADM2.00244,bajra,Kharif,cleaned,6,-0.6600645192586154,0.4356851695841071,0.1536933821168979
IN.ADM2.00247,bajra,Kharif,full,10,-0.03870093923897855,0.0014977626979791095,0.9154683795580172
IN.ADM2.00247,bajra,Kharif,cleaned,10,-0.03870093923897855,0.0014977626979791095,0.9154683795580172
IN.ADM2.00249,bajra,Kharif,full,15,-0.4465868411227656,0.19943980666401026,0.09516173799984004
IN.ADM2.00249,bajra,Kharif,cleaned,15,-0.4465868411227656,0.19943980666401026,0.09516173799984004
IN.ADM2.00250,bajra,Kharif,full,16,0.6663626248165343,0.44403914775238124,0.004822191789638109
IN.ADM2.00250,bajra,Kharif,cleaned,16,0.6663626248165343,0.44403914775238124,0.004822191789638109
IN.ADM2.00251,bajra,Kharif,full,16,0.3258829040301222,0.10619966713910585,0.21803706474211892
IN.ADM2.00251,bajra,Kharif,cleaned,16,0.3258829040301222,0.10619966713910585,0.21803706474211892
IN.ADM2.00252,bajra,Kharif,full,13,0.11643869024720771,0.013557968586485183,0.7048241167352823
IN.ADM2.00252,bajra,Kharif,cleaned,13,0.11643869024720771,0.013557968586485183,0.7048241167352823
IN.ADM2.00253,bajra,Kharif,full,16,0.8144987274877684,0.6634081770791941,0.0001221902823144945
IN.ADM2.00253,bajra,Kharif,cleaned,16,0.8144987274877684,0.6634081770791941,0.0001221902823144945
IN.ADM2.00255,bajra,Kharif,full,16,0.6666951894697662,0.4444824756621275,0.0047934603074961165
IN.ADM2.00255,bajra,Kharif,cleaned,16,0.6666951894697662,0.4444824756621275,0.0047934603074961165
IN.ADM2.00256,bajra,Kharif,full,16,0.40097315495470615,0.1607794709943308,0.12375064285544307
IN.ADM2.00256,bajra,Kharif,cleaned,16,0.40097315495470615,0.1607794709943308,0.12375064285544307
IN.ADM2.00258,bajra,Kharif,full,16,0.7090385021586922,0.5027355975434418,0.00210213215470869
IN.ADM2.00258,bajra,Kharif,cleaned,16,0.7090385021586922,0.5027355975434418,0.00210213215470869
IN.ADM2.00260,bajra,Kharif,full,16,0.3354009038999864,0.11249376633692791,0.20410150581856304
IN.ADM2.00260,bajra,Kharif,cleaned,16,0.3354009038999864,0.11249376633692791,0.20410150581856304
IN.ADM2.00261,bajra,Kharif,full,16,0.7217357707573078,0.5209025227906451,0.001597069604303669
IN.ADM2.00261,bajra,Kharif,cleaned,16,0.7217357707573078,0.5209025227906451,0.001597069604303669
IN.ADM2.00263,bajra,Kharif,full,16,0.6723606875920213,0.45206889421921564,0.004324696454166417
IN.ADM2.00263,bajra,Kharif,cleaned,16,0.6723606875920213,0.45206889421921564,0.004324696454166417
IN.ADM2.00267,bajra,Kharif,full,7,-0.21033259626519138,0.044239801051656,0.6507739919684139
IN.ADM2.00267,bajra,Kharif,cleaned,7,-0.21033259626519138,0.044239801051656,0.6507739919684139
IN.ADM2.00268,bajra,Kharif,full,16,0.563984621054401,0.3180786527858762,0.022875138034008605
IN.ADM2.00268,bajra,Kharif,cleaned,16,0.563984621054401,0.3180786527858762,0.022875138034008605
IN.ADM2.00269,bajra,Kharif,full,16,0.5067774580856308,0.2568233920237333,0.045137730062925534
IN.ADM2.00269,bajra,Kharif,cleaned,16,0.5067774580856308,0.2568233920237333,0.045137730062925534
IN.ADM2.00270,bajra,Kharif,full,16,0.5008190929424746,0.250819763855723,0.048154168107442316
IN.ADM2.00270,bajra,Kharif,cleaned,16,0.5008190929424746,0.250819763855723,0.048154168107442316
IN.ADM2.00271,bajra,Kharif,full,16,0.487206159546018,0.23736984189957994,0.055606451638448864
IN.ADM2.00271,bajra,Kharif,cleaned,16,0.487206159546018,0.23736984189957994,0.055606451638448864
IN.ADM2.00274,bajra,Kharif,full,16,0.6976311919642899,0.4866892800015159,0.002659740477255755
IN.ADM2.00274,bajra,Kharif,cleaned,16,0.6976311919642899,0.4866892800015159,0.002659740477255755
IN.ADM2.00275,bajra,Kharif,full,16,0.4518070509200582,0.20412961126108004,0.07894070222270932
IN.ADM2.00275,bajra,Kharif,cleaned,16,0.4518070509200582,0.20412961126108004,0.07894070222270932
IN.ADM2.00277,bajra,Kharif,full,16,0.4118515818717211,0.169621725490239,0.11295032067244143
IN.ADM2.00277,bajra,Kharif,cleaned,16,0.4118515818717211,0.169621725490239,0.11295032067244143
IN.ADM2.00280,bajra,Kharif,full,15,-0.12298909122698813,0.01512631656084041,0.6623470194017689
IN.ADM2.00280,bajra,Kharif,cleaned,15,-0.12298909122698813,0.01512631656084041,0.6623470194017689
IN.ADM2.00297,bajra,Kharif,full,13,-0.1065554321219418,0.011354060114693745,0.7289908156533313
IN.ADM2.00297,bajra,Kharif,cleaned,11,-0.0873924293325061,0.007637436704637073,0.7983347319330932
IN.ADM2.00300,bajra,Kharif,full,13,-0.1578845225694423,0.024927522466980736,0.6064465640322895
IN.ADM2.00300,bajra,Kharif,cleaned,8,-0.2144121063357575,0.04597255134333618,0.6101287070561279
IN.ADM2.00301,bajra,Kharif,full,13,-0.05784902087267748,0.003346509215927475,0.8510989743225648
IN.ADM2.00301,bajra,Kharif,cleaned,9,-0.038960548367848895,0.0015179243291234931,0.9207305518110916
IN.ADM2.00302,bajra,Kharif,full,13,0.03864316653740302,0.0014932943200374642,0.9002575831329771
IN.ADM2.00302,bajra,Kharif,cleaned,8,0.04651274606604572,0.0021634355466044514,0.9129143036486491
IN.ADM2.00333,bajra,Kharif,full,16,0.661607048259873,0.437723886307142,0.005248347651184358
IN.ADM2.00333,bajra,Kharif,cleaned,16,0.661607048259873,0.437723886307142,0.005248347651184358
IN.ADM2.00335,bajra,Kharif,full,16,0.42589173000797254,0.18138376568918377,0.10000905852076479
IN.ADM2.00335,bajra,Kharif,cleaned,16,0.42589173000797254,0.18138376568918377,0.10000905852076479
IN.ADM2.00336,bajra,Kharif,full,16,0.9017188826737593,0.8130969433704129,1.8252227556267177e-06
IN.ADM2.00336,bajra,Kharif,cleaned,16,0.9017188826737593,0.8130969433704129,1.8252227556267177e-06
IN.ADM2.00338,bajra,Kharif,full,16,0.45344546963749566,0.205612793934769,0.0777264510609981
IN.ADM2.00338,bajra,Kharif,cleaned,16,0.45344546963749566,0.205612793934769,0.0777264510609981
IN.ADM2.00344,bajra,Kharif,full,16,0.46078292474189597,0.21232090373369578,0.07245369675398958
IN.ADM2.00344,bajra,Kharif,cleaned,16,0.46078292474189597,0.21232090373369578,0.07245369675398958
IN.ADM2.00348,bajra,Kharif,full,16,0.795871424811887,0.633411324832103,0.0002264197573901697
IN.ADM2.00348,bajra,Kharif,cleaned,16,0.795871424811887,0.633411324832103,0.0002264197573901697
IN.ADM2.00349,bajra,Kharif,full,16,0.3110669573900825,0.0967626519799234,0.24090957761073212
IN.ADM2.00349,bajra,Kharif,cleaned,16,0.3110669573900825,0.0967626519799234,0.24090957761073212
IN.ADM2.00351,bajra,Kharif,full,16,0.6451602413609133,0.4162317370328719,0.006959676873865273
IN.ADM2.00351,bajra,Kharif,cleaned,16,0.6451602413609133,0.4162317370328719,0.006959676873865273
IN.ADM2.00357,bajra,Kharif,full,16,0.6458094599937259,0.41706985861738777,0.0068846495536038325
IN.ADM2.00357,bajra,Kharif,cleaned,16,0.6458094599937259,0.41706985861738777,0.0068846495536038325
IN.ADM2.00364,bajra,Kharif,full,10,-0.3202024952817162,0.10252963798463748,0.36706308412346733
IN.ADM2.00364,bajra,Kharif,cleaned,10,-0.3202024952817162,0.10252963798463748,0.36706308412346733
IN.ADM2.00365,bajra,Kharif,full,6,-0.9982114137333958,0.9964260265076248,4.795700369376757e-06
IN.ADM2.00365,bajra,Kharif,cleaned,6,-0.9982114137333958,0.9964260265076248,4.795700369376757e-06
IN.ADM2.00366,bajra,Kharif,full,10,0.29759088512885995,0.08856033491177832,0.4036721885406032
IN.ADM2.00366,bajra,Kharif,cleaned,10,0.29759088512885995,0.08856033491177832,0.4036721885406032
IN.ADM2.00367,bajra,Kharif,full,10,-0.057691124783479666,0.003328265878783022,0.8742198513701582
IN.ADM2.00367,bajra,Kharif,cleaned,10,-0.057691124783479666,0.003328265878783022,0.8742198513701582
IN.ADM2.00368,bajra,Kharif,full,10,-0.02599704655273212,0.000675846429464921,0.9431698794822132
IN.ADM2.00368,bajra,Kharif,cleaned,10,-0.02599704655273212,0.000675846429464921,0.9431698794822132
IN.ADM2.00369,bajra,Kharif,full,10,-0.7795847009018472,0.6077523058802226,0.007837957701060614
IN.ADM2.00369,bajra,Kharif,cleaned,10,-0.7795847009018472,0.6077523058802226,0.007837957701060614
IN.ADM2.00374,bajra,Kharif,full,10,-0.3184187492599203,0.101390499880252,0.3698890633617537
IN.ADM2.00374,bajra,Kharif,cleaned,10,-0.3184187492599203,0.101390499880252,0.3698890633617537
IN.ADM2.00376,bajra,Kharif,full,9,-0.013295771003088416,0.00017677752656656675,0.9729180675643434
IN.ADM2.00376,bajra,Kharif,cleaned,9,-0.013295771003088416,0.00017677752656656675,0.9729180675643434
IN.ADM2.00377,bajra,Kharif,full,5,-0.5139625024044576,0.2641574538778521,0.3756789074399538
IN.ADM2.00377,bajra,Kharif,cleaned,5,-0.5139625024044576,0.2641574538778521,0.3756789074399538
IN.ADM2.00378,bajra,Kharif,full,10,0.4068711087336859,0.16554409912217888,0.2432508939214698
IN.ADM2.00378,bajra,Kharif,cleaned,10,0.4068711087336859,0.16554409912217888,0.2432508939214698
IN.ADM2.00384,bajra,Kharif,full,10,-0.2799793402972969,0.07838843099330957,0.4333386805185229
IN.ADM2.00384,bajra,Kharif,cleaned,10,-0.2799793402972969,0.07838843099330957,0.4333386805185229
IN.ADM2.00393,bajra,Kharif,full,15,0.42938328872514797,0.18437000863642378,0.11021155842985089
IN.ADM2.00393,bajra,Kharif,cleaned,15,0.42938328872514797,0.18437000863642378,0.11021155842985089
IN.ADM2.00413,bajra,Kharif,full,10,0.5893129911314192,0.3472898015162602,0.07300190610225078
IN.ADM2.00413,bajra,Kharif,cleaned,10,0.5893129911314192,0.3472898015162602,0.07300190610225078
IN.ADM2.00441,bajra,Kharif,full,11,-0.32606297842129084,0.10631706589696317,0.327792466538324
IN.ADM2.00441,bajra,Kharif,cleaned,11,-0.32606297842129084,0.10631706589696317,0.327792466538324
IN.ADM2.00445,bajra,Kharif,full,16,0.5151971482297223,0.26542810154403845,0.04111898950751327
IN.ADM2.00445,bajra,Kharif,cleaned,16,0.5151971482297223,0.26542810154403845,0.04111898950751327
IN.ADM2.00451,bajra,Kharif,full,8,0.28377461372213486,0.08052803139314685,0.4957972837663183
IN.ADM2.00451,bajra,Kharif,cleaned,8,0.28377461372213486,0.08052803139314685,0.4957972837663183
IN.ADM2.00465,bajra,Kharif,full,15,0.7754864662581081,0.6013792593494879,0.0006808761765765955
IN.ADM2.00465,bajra,Kharif,cleaned,14,0.3414296883265999,0.11657423207079916,0.23219228369745104
IN.ADM2.00489,bajra,Kharif,full,16,0.7583267207634454,0.5750594154238405,0.0006625632756014853
IN.ADM2.00489,bajra,Kharif,cleaned,16,0.7583267207634454,0.5750594154238405,0.0006625632756014853
IN.ADM2.00491,bajra,Kharif,full,16,0.3500486905707856,0.12253408577032159,0.1838036393204497
IN.ADM2.00491,bajra,Kharif,cleaned,16,0.3500486905707856,0.12253408577032159,0.1838036393204497
IN.ADM2.00492,bajra,Kharif,full,7,0.05228948066205328,0.002734189787907244,0.9113519269740356
IN.ADM2.00492,bajra,Kharif,cleaned,7,0.05228948066205328,0.002734189787907244,0.9113519269740356
IN.ADM2.00533,bajra,Kharif,full,10,0.3381381912056826,0.11433743635185077,0.33925155587279243
IN.ADM2.00533,bajra,Kharif,cleaned,10,0.3381381912056826,0.11433743635185077,0.33925155587279243
IN.ADM2.00534,bajra,Kharif,full,10,0.337379043039183,0.11382461868203488,0.34040622297958384
IN.ADM2.00534,bajra,Kharif,cleaned,10,0.337379043039183,0.11382461868203488,0.34040622297958384
IN.ADM2.00566,bajra,Kharif,full,10,-0.29483890846444005,0.08692998194450247,0.40824247570602223
IN.ADM2.00566,bajra,Kharif,cleaned,10,-0.29483890846444005,0.08692998194450247,0.40824247570602223
IN.ADM2.00567,bajra,Kharif,full,10,-0.507449084653335,0.2575045735155076,0.13434112238458823
IN.ADM2.00567,bajra,Kharif,cleaned,10,-0.507449084653335,0.2575045735155076,0.13434112238458823
IN.ADM2.00568,bajra,Kharif,full,10,-0.1859232156730005,0.034567442126189056,0.6070626009355216
IN.ADM2.00568,bajra,Kharif,cleaned,10,-0.1859232156730005,0.034567442126189056,0.6070626009355216
IN.ADM2.00577,bajra,Kharif,full,10,0.21498398467354357,0.04621811366611442,0.5508617638870119
IN.ADM2.00577,bajra,Kharif,cleaned,10,0.21498398467354357,0.04621811366611442,0.5508617638870119
IN.ADM2.00578,bajra,Kharif,full,10,0.2365079620318203,0.05593601610444496,0.5106196472035098
IN.ADM2.00578,bajra,Kharif,cleaned,10,0.2365079620318203,0.05593601610444496,0.5106196472035098
IN.ADM2.00003,bajra,Rabi,full,15,-0.00015754770366373586,2.4821278929716327e-08,0.999555389046892
IN.ADM2.00003,bajra,Rabi,cleaned,15,-0.00015754770366373586,2.4821278929716327e-08,0.999555389046892
IN.ADM2.00004,bajra,Rabi,full,15,0.3404110275373808,0.11587966766905541,0.21441200725841159
IN.ADM2.00004,bajra,Rabi,cleaned,15,0.3404110275373808,0.11587966766905541,0.21441200725841159
IN.ADM2.00005,bajra,Rabi,full,17,0.0447506628886158,0.0020026218289705354,0.8645839983673652
IN.ADM2.00005,bajra,Rabi,cleaned,17,0.0447506628886158,0.0020026218289705354,0.8645839983673652
IN.ADM2.00007,bajra,Rabi,full,5,-0.2409629448138905,0.05806314077338204,0.696191856400241
IN.ADM2.00007,bajra,Rabi,cleaned,5,-0.2409629448138905,0.05806314077338204,0.696191856400241
IN.ADM2.00008,bajra,Rabi,full,16,0.08341367318700889,0.006957840874549126,0.7587483946960543
IN.ADM2.00008,bajra,Rabi,cleaned,16,0.08341367318700889,0.006957840874549126,0.7587483946960543
IN.ADM2.00010,bajra,Rabi,full,17,-0.12774568512888262,0.016318960069047622,0.6251251417092483
IN.ADM2.00010,bajra,Rabi,cleaned,17,-0.12774568512888262,0.016318960069047622,0.6251251417092483
IN.ADM2.00011,bajra,Rabi,full,9,0.1753819839524912,0.030758840295111875,0.6517465270106326
IN.ADM2.00011,bajra,Rabi,cleaned,9,0.1753819839524912,0.030758840295111875,0.6517465270106326
IN.ADM2.00013,bajra,Rabi,full,16,0.5756264482276872,0.3313458078992222,0.01963542553648964
IN.ADM2.00013,bajra,Rabi,cleaned,16,0.5756264482276872,0.3313458078992222,0.01963542553648964
IN.ADM2.00014,bajra,Rabi,full,11,0.25981573060213997,0.06750421386832377,0.440379711803072
IN.ADM2.00014,bajra,Rabi,cleaned,11,0.25981573060213997,0.06750421386832377,0.440379711803072
IN.ADM2.00016,bajra,Rabi,full,9,0.05294754453778602,0.0028034424725808344,0.8923878219560385
IN.ADM2.00016,bajra,Rabi,cleaned,9,0.05294754453778602,0.0028034424725808344,0.8923878219560385
IN.ADM2.00018,bajra,Rabi,full,17,-0.01467856551544603,0.00021546028559124138,0.9554103892169825
IN.ADM2.00018,bajra,Rabi,cleaned,17,-0.01467856551544603,0.00021546028559124138,0.9554103892169825
IN.ADM2.00173,bajra,Rabi,full,12,-0.13211448953176214,0.017454238344238086,0.6823230474154147
IN.ADM2.00173,bajra,Rabi,cleaned,12,-0.13211448953176214,0.017454238344238086,0.6823230474154147
IN.ADM2.00364,bajra,Rabi,full,5,-0.9983642954076273,0.996731266344768,7.939343304471425e-05
IN.ADM2.00364,bajra,Rabi,cleaned,5,-0.9983642954076273,0.996731266344768,7.939343304471425e-05
IN.ADM2.00365,bajra,Rabi,full,5,0.8767376117131229,0.7686688397924307,0.05097796108715465
IN.ADM2.00365,bajra,Rabi,cleaned,5,0.8767376117131229,0.7686688397924307,0.05097796108715465
IN.ADM2.00366,bajra,Rabi,full,5,0.872264293987935,0.7608449985662707,0.0537404234389208
IN.ADM2.00366,bajra,Rabi,cleaned,5,0.872264293987935,0.7608449985662707,0.0537404234389208
IN.ADM2.00367,bajra,Rabi,full,5,0.8523777207616493,0.7265477788508242,0.06655848097909847
IN.ADM2.00367,bajra,Rabi,cleaned,5,0.8523777207616493,0.7265477788508242,0.06655848097909847
IN.ADM2.00368,bajra,Rabi,full,5,0.16413122666620894,0.026939059566954457,0.7919637402221683
IN.ADM2.00368,bajra,Rabi,cleaned,5,0.16413122666620894,0.026939059566954457,0.7919637402221683
IN.ADM2.00369,bajra,Rabi,full,5,0.3848388269440878,0.14810092272370154,0.5223867150641487
IN.ADM2.00369,bajra,Rabi,cleaned,5,0.3848388269440878,0.14810092272370154,0.5223867150641487
IN.ADM2.00374,bajra,Rabi,full,5,-0.47075696508078646,0.2216121201720728,0.42355353933314954
IN.ADM2.00374,bajra,Rabi,cleaned,5,-0.47075696508078646,0.2216121201720728,0.42355353933314954
IN.ADM2.00378,bajra,Rabi,full,5,0.8263850334063052,0.6829122234379401,0.0845411808772612
IN.ADM2.00378,bajra,Rabi,cleaned,5,0.8263850334063052,0.6829122234379401,0.0845411808772612
IN.ADM2.00384,bajra,Rabi,full,5,-0.6438450871101357,0.4145364961958582,0.24105069055224532
IN.ADM2.00384,bajra,Rabi,cleaned,5,-0.6438450871101357,0.4145364961958582,0.24105069055224532
IN.ADM2.00533,bajra,Rabi,full,5,-0.2439202398119706,0.059497083389929255,0.6925388482535738
IN.ADM2.00533,bajra,Rabi,cleaned,5,-0.2439202398119706,0.059497083389929255,0.6925388482535738
IN.ADM2.00534,bajra,Rabi,full,5,0.3283569838189141,0.10781830882265461,0.5895620725081557
IN.ADM2.00534,bajra,Rabi,cleaned,5,0.3283569838189141,0.10781830882265461,0.5895620725081557
IN.ADM2.00566,bajra,Rabi,full,5,0.6948991798731219,0.4828848701883374,0.19277461098088844
IN.ADM2.00566,bajra,Rabi,cleaned,5,0.6948991798731219,0.4828848701883374,0.19277461098088844
IN.ADM2.00567,bajra,Rabi,full,5,0.8013677776697847,0.6421903150874095,0.10304472400868654
IN.ADM2.00567,bajra,Rabi,cleaned,5,0.8013677776697847,0.6421903150874095,0.10304472400868654
IN.ADM2.00568,bajra,Rabi,full,5,0.5060106829489059,0.2560468112584182,0.38438784279017063
IN.ADM2.00568,bajra,Rabi,cleaned,5,0.5060106829489059,0.2560468112584182,0.38438784279017063
IN.ADM2.00577,bajra,Rabi,full,5,0.9436275859251628,0.8904330209189506,0.015930412059896815
IN.ADM2.00577,bajra,Rabi,cleaned,5,0.9436275859251628,0.8904330209189506,0.015930412059896815
IN.ADM2.00578,bajra,Rabi,full,5,0.8195043526293035,0.6715873839783739,0.0895182597657356
IN.ADM2.00578,bajra,Rabi,cleaned,5,0.8195043526293035,0.6715873839783739,0.0895182597657356
IN.ADM2.00109,bajra,Summer,full,16,0.1860306405149959,0.03460739921041964,0.4903070634344118
IN.ADM2.00109,bajra,Summer,cleaned,16,0.1860306405149959,0.03460739921041964,0.4903070634344118
IN.ADM2.00110,bajra,Summer,full,16,0.045380689680129344,0.002059406995844198,0.86746226851373
IN.ADM2.00110,bajra,Summer,cleaned,16,0.045380689680129344,0.002059406995844198,0.86746226851373
IN.ADM2.00111,bajra,Summer,full,16,0.1302758019665487,0.016971784578027414,0.6305941983542629
IN.ADM2.00111,bajra,Summer,cleaned,16,0.1302758019665487,0.016971784578027414,0.6305941983542629
IN.ADM2.00112,bajra,Summer,full,16,0.05480564811652857,0.0030036590654727515,0.8402371967568834
IN.ADM2.00112,bajra,Summer,cleaned,16,0.05480564811652857,0.0030036590654727515,0.8402371967568834
IN.ADM2.00113,bajra,Summer,full,16,-0.1811613610075925,0.032819438722123256,0.5019314029501711
IN.ADM2.00113,bajra,Summer,cleaned,16,-0.1811613610075925,0.032819438722123256,0.5019314029501711
IN.ADM2.00114,bajra,Summer,full,16,0.4972282782387487,0.2472359606802705,0.050043077542405036
IN.ADM2.00114,bajra,Summer,cleaned,16,0.4972282782387487,0.2472359606802705,0.050043077542405036
IN.ADM2.00115,bajra,Summer,full,16,0.37061256066210846,0.13735367012052502,0.1576210653220656
IN.ADM2.00115,bajra,Summer,cleaned,15,0.37218268841918134,0.13851995355892943,0.1719108169019199
IN.ADM2.00116,bajra,Summer,full,16,0.4864270448036112,0.23661126991637438,0.056057306918760555
IN.ADM2.00116,bajra,Summer,cleaned,16,0.4864270448036112,0.23661126991637438,0.056057306918760555
IN.ADM2.00117,bajra,Summer,full,16,0.5502349477139243,0.30275849768574503,0.027214720919989138
IN.ADM2.00117,bajra,Summer,cleaned,16,0.5502349477139243,0.30275849768574503,0.027214720919989138
IN.ADM2.00120,bajra,Summer,full,16,0.4300666908009731,0.1849573585364998,0.09637228948530864
IN.ADM2.00120,bajra,Summer,cleaned,16,0.4300666908009731,0.1849573585364998,0.09637228948530864
IN.ADM2.00121,bajra,Summer,full,16,0.23028428515745653,0.05303085199048075,0.39087293236260484
IN.ADM2.00121,bajra,Summer,cleaned,16,0.23028428515745653,0.05303085199048075,0.39087293236260484
IN.ADM2.00126,bajra,Summer,full,9,0.23315550425821097,0.05436148916590063,0.5460137692072318
IN.ADM2.00126,bajra,Summer,cleaned,9,0.23315550425821097,0.05436148916590063,0.5460137692072318
IN.ADM2.00173,bajra,Summer,full,13,0.44256430511427414,0.19586316416128033,0.12992483357583973
IN.ADM2.00173,bajra,Summer,cleaned,13,0.44256430511427414,0.19586316416128033,0.12992483357583973
IN.ADM2.00180,bajra,Summer,full,6,0.3115777240114992,0.09708067810018596,0.5477575023467256
IN.ADM2.00180,bajra,Summer,cleaned,6,0.3115777240114992,0.09708067810018596,0.5477575023467256
IN.ADM2.00186,bajra,Summer,full,11,-0.4393064748625589,0.19299017885616812,0.17641180493721648
IN.ADM2.00186,bajra,Summer,cleaned,11,-0.4393064748625589,0.19299017885616812,0.17641180493721648
IN.ADM2.00004,ragi,Kharif,full,16,0.4024101610215442,0.16193393769338513,0.12228448830682431
IN.ADM2.00004,ragi,Kharif,cleaned,16,0.4024101610215442,0.16193393769338513,0.12228448830682431
IN.ADM2.00005,ragi,Kharif,full,16,0.23863107518152712,0.05694479004229165,0.37343718264270664
IN.ADM2.00005,ragi,Kharif,cleaned,16,0.23863107518152712,0.05694479004229165,0.37343718264270664
IN.ADM2.00007,ragi,Kharif,full,16,-0.04840652399258116,0.0023431915650443357,0.8587051313443701
IN.ADM2.00007,ragi,Kharif,cleaned,16,-0.04840652399258116,0.0023431915650443357,0.8587051313443701
IN.ADM2.00008,ragi,Kharif,full,13,0.21322960344990458,0.045466863787403555,0.4842679915799104
IN.ADM2.00008,ragi,Kharif,cleaned,13,0.21322960344990458,0.045466863787403555,0.4842679915799104
IN.ADM2.00010,ragi,Kharif,full,12,0.01546633873603702,0.00023920763389783918,0.9619504439336277
IN.ADM2.00010,ragi,Kharif,cleaned,12,0.01546633873603702,0.00023920763389783918,0.9619504439336277
IN.ADM2.00011,ragi,Kharif,full,8,0.8133862170774349,0.66159713813154,0.01405786850713044
IN.ADM2.00011,ragi,Kharif,cleaned,8,0.8133862170774349,0.66159713813154,0.01405786850713044
IN.ADM2.00013,ragi,Kharif,full,7,0.19560839078623848,0.03826264254598179,0.6742412872958883
IN.ADM2.00013,ragi,Kharif,cleaned,7,0.19560839078623848,0.03826264254598179,0.6742412872958883
IN.ADM2.00014,ragi,Kharif,full,16,0.3741092067318031,0.13995769856149898,0.15343333285435803
IN.ADM2.00014,ragi,Kharif,cleaned,16,0.3741092067318031,0.13995769856149898,0.15343333285435803
IN.ADM2.00018,ragi,Kharif,full,6,0.017152495085993202,0.00029420808767502096,0.9742737805723993
IN.ADM2.00018,ragi,Kharif,cleaned,6,0.017152495085993202,0.00029420808767502096,0.9742737805723993
IN.ADM2.00021,ragi,Kharif,full,16,-0.4650004969650636,0.21622546217775615,0.06954317669215161
IN.ADM2.00021,ragi,Kharif,cleaned,16,-0.4650004969650636,0.21622546217775615,0.06954317669215161
IN.ADM2.00090,ragi,Kharif,full,12,0.38180140596651757,0.14577231359800955,0.22068903985620644
IN.ADM2.00090,ragi,Kharif,cleaned,12,0.38180140596651757,0.14577231359800955,0.22068903985620644
IN.ADM2.00108,ragi,Kharif,full,11,0.04587805949099051,0.0021047963426588643,0.893448145800067
IN.ADM2.00108,ragi,Kharif,cleaned,11,0.04587805949099051,0.0021047963426588643,0.893448145800067
IN.ADM2.00117,ragi,Kharif,full,10,0.3315664010061221,0.10993627827615257,0.34931352697932927
IN.ADM2.00123,ragi,Kharif,full,16,-0.2772248024271052,0.0768535910807475,0.29857136262332573
IN.ADM2.00123,ragi,Kharif,cleaned,16,-0.2772248024271052,0.0768535910807475,0.29857136262332573
IN.ADM2.00124,ragi,Kharif,full,16,-0.39679781139380804,0.15744850312691605,0.12807964584641301
IN.ADM2.00124,ragi,Kharif,cleaned,16,-0.39679781139380804,0.15744850312691605,0.12807964584641301
IN.ADM2.00145,ragi,Kharif,full,12,-0.3744772486444259,0.14023320975229916,0.23041210358011255
IN.ADM2.00145,ragi,Kharif,cleaned,8,-0.49731749389820856,0.2473246897371947,0.20987056872216509
IN.ADM2.00147,ragi,Kharif,full,12,0.5296336055892898,0.28051175616951146,0.07656588673859291
IN.ADM2.00147,ragi,Kharif,cleaned,8,0.4686826346740607,0.21966341204501902,0.2414300128619668
IN.ADM2.00149,ragi,Kharif,full,12,-0.3204263879005673,0.10267307006300484,0.3099037934112857
IN.ADM2.00149,ragi,Kharif,cleaned,12,-0.3204263879005673,0.10267307006300484,0.3099037934112857
IN.ADM2.00151,ragi,Kharif,full,11,-0.07960848085466357,0.006337510223987337,0.8160186817794259
IN.ADM2.00151,ragi,Kharif,cleaned,11,-0.07960848085466357,0.006337510223987337,0.8160186817794259
IN.ADM2.00152,ragi,Kharif,full,12,-0.07584925386989556,0.005753109312619867,0.8147641692759213
IN.ADM2.00152,ragi,Kharif,cleaned,12,-0.07584925386989556,0.005753109312619867,0.8147641692759213
IN.ADM2.00153,ragi,Kharif,full,12,0.5754067811556991,0.3310929637999626,0.050283321503589384
IN.ADM2.00153,ragi,Kharif,cleaned,12,0.5754067811556991,0.3310929637999626,0.050283321503589384
IN.ADM2.00170,ragi,Kharif,full,16,0.3751044142466184,0.1407033215872987,0.15225529563157136
IN.ADM2.00170,ragi,Kharif,cleaned,16,0.3751044142466184,0.1407033215872987,0.15225529563157136
IN.ADM2.00171,ragi,Kharif,full,16,0.37253286538728025,0.13878073579365746,0.15531182405802268
IN.ADM2.00171,ragi,Kharif,cleaned,16,0.37253286538728025,0.13878073579365746,0.15531182405802268
IN.ADM2.00172,ragi,Kharif,full,16,-0.15195539555036391,0.023090442236867556,0.5742551268195285
IN.ADM2.00172,ragi,Kharif,cleaned,16,-0.15195539555036391,0.023090442236867556,0.5742551268195285
IN.ADM2.00173,ragi,Kharif,full,16,0.7805698928187864,0.6092893575751317,0.0003594291645987958
IN.ADM2.00173,ragi,Kharif,cleaned,16,0.7805698928187864,0.6092893575751317,0.0003594291645987958
IN.ADM2.00176,ragi,Kharif,full,16,0.5072375038916159,0.25728988535419706,0.04491085277229022
IN.ADM2.00176,ragi,Kharif,cleaned,16,0.5072375038916159,0.25728988535419706,0.04491085277229022
IN.ADM2.00179,ragi,Kharif,full,16,0.3970287281591903,0.15763181098370424,0.12783753951513183
IN.ADM2.00179,ragi,Kharif,cleaned,16,0.3970287281591903,0.15763181098370424,0.12783753951513183
IN.ADM2.00181,ragi,Kharif,full,16,0.63577673054372,0.4042120511008619,0.008118568602845763
IN.ADM2.00181,ragi,Kharif,cleaned,16,0.63577673054372,0.4042120511008619,0.008118568602845763
IN.ADM2.00182,ragi,Kharif,full,12,-0.19050857400965332,0.03629351677119155,0.553129265877007
IN.ADM2.00182,ragi,Kharif,cleaned,12,-0.19050857400965332,0.03629351677119155,0.553129265877007
IN.ADM2.00183,ragi,Kharif,full,16,0.0419328457191985,0.0017583635501101042,0.8774583396177339
IN.ADM2.00183,ragi,Kharif,cleaned,16,0.0419328457191985,0.0017583635501101042,0.8774583396177339
IN.ADM2.00184,ragi,Kharif,full,16,0.6572789643237829,0.43201563694254463,0.005661882489222966
IN.ADM2.00184,ragi,Kharif,cleaned,16,0.6572789643237829,0.43201563694254463,0.005661882489222966
IN.ADM2.00185,ragi,Kharif,full,16,0.7414171772152205,0.5496994306697857,0.001012570376387711
IN.ADM2.00185,ragi,Kharif,cleaned,16,0.7414171772152205,0.5496994306697857,0.001012570376387711
IN.ADM2.00188,ragi,Kharif,full,16,0.44012908374340526,0.19371361035680945,0.08799465901979567
IN.ADM2.00188,ragi,Kharif,cleaned,16,0.44012908374340526,0.19371361035680945,0.08799465901979567
IN.ADM2.00189,ragi,Kharif,full,15,-0.28694496396219105,0.08233741234326312,0.2997667135359266
IN.ADM2.00189,ragi,Kharif,cleaned,15,-0.28694496396219105,0.08233741234326312,0.2997667135359266
IN.ADM2.00192,ragi,Kharif,full,7,-0.32953754210521025,0.10859499165674322,0.47043448638255764
IN.ADM2.00192,ragi,Kharif,cleaned,7,-0.32953754210521025,0.10859499165674322,0.47043448638255764
IN.ADM2.00203,ragi,Kharif,full,5,-0.8488724439762144,0.7205844261421512,0.06890501895468691
IN.ADM2.00203,ragi,Kharif,cleaned,5,-0.8488724439762144,0.7205844261421512,0.06890501895468691
IN.ADM2.00205,ragi,Kharif,full,11,0.488207901205671,0.23834695479964618,0.12761481332304012
IN.ADM2.00205,ragi,Kharif,cleaned,11,0.488207901205671,0.23834695479964618,0.12761481332304012
IN.ADM2.00206,ragi,Kharif,full,15,-0.36362986768387456,0.13222668067179214,0.18275738538239295
IN.ADM2.00206,ragi,Kharif,cleaned,15,-0.36362986768387456,0.13222668067179214,0.18275738538239295
IN.ADM2.00210,ragi,Kharif,full,15,-0.37947738353429933,0.1440030846140377,0.16300131844974297
IN.ADM2.00210,ragi,Kharif,cleaned,15,-0.37947738353429933,0.1440030846140377,0.16300131844974297
IN.ADM2.00217,ragi,Kharif,full,14,-0.061133870567629374,0.003737350130579661,0.8355349227101794
IN.ADM2.00217,ragi,Kharif,cleaned,14,-0.061133870567629374,0.003737350130579661,0.8355349227101794
IN.ADM2.00230,ragi,Kharif,full,15,-0.23215827579844386,0.05389746502170632,0.40506665704305084
IN.ADM2.00230,ragi,Kharif,cleaned,15,-0.23215827579844386,0.05389746502170632,0.40506665704305084
IN.ADM2.00245,ragi,Kharif,full,15,-0.14098441763335523,0.019876606015416326,0.6162476449437028
IN.ADM2.00245,ragi,Kharif,cleaned,15,-0.14098441763335523,0.019876606015416326,0.6162476449437028
IN.ADM2.00250,ragi,Kharif,full,16,-0.21138974465959054,0.04468562414724689,0.4319186641991569
IN.ADM2.00250,ragi,Kharif,cleaned,15,-0.11857884012502329,0.014060941325395832,0.6738265547689645
IN.ADM2.00258,ragi,Kharif,full,16,0.2874673914958205,0.08263750117341134,0.28032469142389427
IN.ADM2.00258,ragi,Kharif,cleaned,16,0.2874673914958205,0.08263750117341134,0.28032469142389427
IN.ADM2.00262,ragi,Kharif,full,16,0.054111921406248875,0.0029281000382760554,0.8422356966547571
IN.ADM2.00262,ragi,Kharif,cleaned,16,0.054111921406248875,0.0029281000382760554,0.8422356966547571
IN.ADM2.00268,ragi,Kharif,full,16,-0.20480000100932239,0.04194304041341845,0.44673578005733106
IN.ADM2.00268,ragi,Kharif,cleaned,16,-0.20480000100932239,0.04194304041341845,0.44673578005733106
IN.ADM2.00271,ragi,Kharif,full,16,-0.187592250774393,0.03519085255060275,0.48660651938041977
IN.ADM2.00271,ragi,Kharif,cleaned,16,-0.187592250774393,0.03519085255060275,0.48660651938041977
IN.ADM2.00272,ragi,Kharif,full,16,0.33153068432318455,0.10991259464779905,0.2096967343493235
IN.ADM2.00272,ragi,Kharif,cleaned,16,0.33153068432318455,0.10991259464779905,0.2096967343493235
IN.ADM2.00273,ragi,Kharif,full,16,-0.3173331834395474,0.10070034931187745,0.23106003940621753
IN.ADM2.00273,ragi,Kharif,cleaned,15,-0.47530123559898063,0.22591126456191768,0.0733627653241528
IN.ADM2.00274,ragi,Kharif,full,11,-0.13355880228871544,0.017837953668796182,0.6954323327863435
IN.ADM2.00274,ragi,Kharif,cleaned,7,0.013420167568475305,0.0001801008975659564,0.977219267484297
IN.ADM2.00275,ragi,Kharif,full,16,-0.4677995321421802,0.21883640227244266,0.06765919276147056
IN.ADM2.00275,ragi,Kharif,cleaned,16,-0.4677995321421802,0.21883640227244266,0.06765919276147056
IN.ADM2.00276,ragi,Kharif,full,16,0.007424923644500765,5.512949112666652e-05,0.9782279419353923
IN.ADM2.00276,ragi,Kharif,cleaned,16,0.007424923644500765,5.512949112666652e-05,0.9782279419353923
IN.ADM2.00278,ragi,Kharif,full,16,-0.25800665109293686,0.06656743200819246,0.33465472570771027
IN.ADM2.00278,ragi,Kharif,cleaned,16,-0.25800665109293686,0.06656743200819246,0.33465472570771027
IN.ADM2.00297,ragi,Kharif,full,8,-0.2553924626990116,0.06522531000346604,0.5415542506388061
IN.ADM2.00301,ragi,Kharif,full,8,-0.3641381827727763,0.13259661615305984,0.3751944355473595
IN.ADM2.00302,ragi,Kharif,full,8,-0.25173615527236715,0.06337109187131335,0.5475565978785522
IN.ADM2.00364,ragi,Kharif,full,12,0.3683312679055437,0.1356679229169054,0.2387650412174247
IN.ADM2.00364,ragi,Kharif,cleaned,12,0.3683312679055437,0.1356679229169054,0.2387650412174247
IN.ADM2.00365,ragi,Kharif,full,7,-0.17460126697770162,0.03048560243021864,0.7080851006665428
IN.ADM2.00365,ragi,Kharif,cleaned,6,0.7103534516687793,0.5046020262977488,0.11369271804666406
IN.ADM2.00366,ragi,Kharif,full,12,0.2561295401558073,0.06560234134042531,0.4216602355550996
IN.ADM2.00366,ragi,Kharif,cleaned,11,-0.0452363198536348,0.002046324633900354,0.8949314247163935
IN.ADM2.00367,ragi,Kharif,full,12,0.11742738713817871,0.013789191250099699,0.7162661284892508
IN.ADM2.00367,ragi,Kharif,cleaned,12,0.11742738713817871,0.013789191250099699,0.7162661284892508
IN.ADM2.00368,ragi,Kharif,full,11,-0.53369075867183,0.2848258258917135,0.09086505368274354
IN.ADM2.00368,ragi,Kharif,cleaned,11,-0.53369075867183,0.2848258258917135,0.09086505368274354
IN.ADM2.00369,ragi,Kharif,full,12,-0.17893688942954555,0.032018410398721414,0.5779131617528818
IN.ADM2.00369,ragi,Kharif,cleaned,12,-0.17893688942954555,0.032018410398721414,0.5779131617528818
IN.ADM2.00374,ragi,Kharif,full,12,-0.0321155611269421,0.0010314092664983547,0.9210741995139393
IN.ADM2.00374,ragi,Kharif,cleaned,12,-0.0321155611269421,0.0010314092664983547,0.9210741995139393
IN.ADM2.00376,ragi,Kharif,full,12,0.12269976766106294,0.015055232984078827,0.70402336430795
IN.ADM2.00376,ragi,Kharif,cleaned,12,0.12269976766106294,0.015055232984078827,0.70402336430795
IN.ADM2.00377,ragi,Kharif,full,9,-0.15082694893326054,0.022748768524516384,0.6985032584690203
IN.ADM2.00377,ragi,Kharif,cleaned,9,-0.15082694893326054,0.022748768524516384,0.6985032584690203
IN.ADM2.00378,ragi,Kharif,full,12,-0.05425161282954258,0.0029432374946065888,0.8670127204820969
IN.ADM2.00378,ragi,Kharif,cleaned,12,-0.05425161282954258,0.0029432374946065888,0.8670127204820969
IN.ADM2.00384,ragi,Kharif,full,12,0.2474781325839036,0.06124542610721617,0.4380430121008635
IN.ADM2.00384,ragi,Kharif,cleaned,12,0.2474781325839036,0.06124542610721617,0.4380430121008635
IN.ADM2.00391,ragi,Kharif,full,16,0.6109655574160415,0.3732789123486943,0.011929755860685376
IN.ADM2.00391,ragi,Kharif,cleaned,16,0.6109655574160415,0.3732789123486943,0.011929755860685376
IN.ADM2.00402,ragi,Kharif,full,16,0.5469223703273186,0.29912407916445266,0.028348490530489732
IN.ADM2.00402,ragi,Kharif,cleaned,16,0.5469223703273186,0.29912407916445266,0.028348490530489732
IN.ADM2.00403,ragi,Kharif,full,16,0.3845407668534153,0.14787160137221272,0.14138828245098312
IN.ADM2.00403,ragi,Kharif,cleaned,16,0.3845407668534153,0.14787160137221272,0.14138828245098312
IN.ADM2.00437,ragi,Kharif,full,16,-0.023878005830865107,0.0005701591624588281,0.9300547322907746
IN.ADM2.00437,ragi,Kharif,cleaned,16,-0.023878005830865107,0.0005701591624588281,0.9300547322907746
IN.ADM2.00449,ragi,Kharif,full,16,0.17534104680584245,0.03074448269496863,0.5159937727163467
IN.ADM2.00449,ragi,Kharif,cleaned,16,0.17534104680584245,0.03074448269496863,0.5159937727163467
IN.ADM2.00465,ragi,Kharif,full,7,0.16289830124227775,0.02653585654761987,0.7271097794219171
IN.ADM2.00465,ragi,Kharif,cleaned,7,0.16289830124227775,0.02653585654761987,0.7271097794219171
IN.ADM2.00492,ragi,Kharif,full,11,0.10592139927398994,0.011219342824159997,0.7565936436569983
IN.ADM2.00492,ragi,Kharif,cleaned,11,0.10592139927398994,0.011219342824159997,0.7565936436569983
IN.ADM2.00533,ragi,Kharif,full,12,0.2429612233895791,0.05903015607096095,0.4467167478049402
IN.ADM2.00533,ragi,Kharif,cleaned,12,0.2429612233895791,0.05903015607096095,0.4467167478049402
IN.ADM2.00534,ragi,Kharif,full,12,0.25325497996459334,0.06413808487686658,0.4270698043148857
IN.ADM2.00534,ragi,Kharif,cleaned,11,0.4029292965297907,0.162352018001992,0.2191816554498004
IN.ADM2.00566,ragi,Kharif,full,12,-0.3250491578631565,0.10565695502754725,0.30257682594650087
IN.ADM2.00566,ragi,Kharif,cleaned,12,-0.3250491578631565,0.10565695502754725,0.30257682594650087
IN.ADM2.00567,ragi,Kharif,full,10,-0.2267356268936448,0.0514090445028541,0.5287370171508916
IN.ADM2.00567,ragi,Kharif,cleaned,10,-0.2267356268936448,0.0514090445028541,0.5287370171508916
IN.ADM2.00568,ragi,Kharif,full,12,0.08567126299268905,0.007339565302762493,0.7912180116195902
IN.ADM2.00568,ragi,Kharif,cleaned,12,0.08567126299268905,0.007339565302762493,0.7912180116195902
IN.ADM2.00575,ragi,Kharif,full,16,0.8091365682516852,0.654701986082114,0.00014691269743174624
IN.ADM2.00575,ragi,Kharif,cleaned,16,0.8091365682516852,0.654701986082114,0.00014691269743174624
IN.ADM2.00577,ragi,Kharif,full,12,0.2139065009736137,0.045755991158774593,0.5044107585837218
IN.ADM2.00577,ragi,Kharif,cleaned,12,0.2139065009736137,0.045755991158774593,0.5044107585837218
IN.ADM2.00578,ragi,Kharif,full,12,0.1408960461485356,0.019851695820290272,0.6622789459591618
IN.ADM2.00578,ragi,Kharif,cleaned,12,0.1408960461485356,0.019851695820290272,0.6622789459591618
IN.ADM2.00004,ragi,Rabi,full,16,-0.06829915604521271,0.004664774716488316,0.8015603683773167
IN.ADM2.00004,ragi,Rabi,cleaned,16,-0.06829915604521271,0.004664774716488316,0.8015603683773167
IN.ADM2.00005,ragi,Rabi,full,17,-0.12955216587481824,0.01678376368285642,0.6201993758187127
IN.ADM2.00005,ragi,Rabi,cleaned,17,-0.12955216587481824,0.01678376368285642,0.6201993758187127
IN.ADM2.00007,ragi,Rabi,full,16,0.44988804694821255,0.2023992547868771,0.0803802333043688
IN.ADM2.00007,ragi,Rabi,cleaned,16,0.44988804694821255,0.2023992547868771,0.0803802333043688
IN.ADM2.00008,ragi,Rabi,full,17,-0.2148329898492784,0.04615321352758016,0.40764577454395684
IN.ADM2.00008,ragi,Rabi,cleaned,17,-0.2148329898492784,0.04615321352758016,0.40764577454395684
IN.ADM2.00014,ragi,Rabi,full,15,0.2348806919570285,0.05516893945421251,0.39942273383134075
IN.ADM2.00014,ragi,Rabi,cleaned,15,0.2348806919570285,0.05516893945421251,0.39942273383134075
IN.ADM2.00021,ragi,Rabi,full,17,0.14059876290449896,0.019768012130275514,0.5904157732012981
IN.ADM2.00021,ragi,Rabi,cleaned,17,0.14059876290449896,0.019768012130275514,0.5904157732012981
IN.ADM2.00170,ragi,Rabi,full,17,0.38363004672806417,0.1471720127525767,0.12847922447411583
IN.ADM2.00170,ragi,Rabi,cleaned,17,0.38363004672806417,0.1471720127525767,0.12847922447411583
IN.ADM2.00171,ragi,Rabi,full,17,0.3364134966788569,0.11317404074769526,0.18673680858725977
IN.ADM2.00171,ragi,Rabi,cleaned,17,0.3364134966788569,0.11317404074769526,0.18673680858725977
IN.ADM2.00173,ragi,Rabi,full,17,0.2091149075968597,0.04372904457924317,0.42053477931848643
IN.ADM2.00173,ragi,Rabi,cleaned,17,0.2091149075968597,0.04372904457924317,0.42053477931848643
IN.ADM2.00176,ragi,Rabi,full,8,0.5525988898386945,0.30536553305095765,0.1554845992303121
IN.ADM2.00176,ragi,Rabi,cleaned,8,0.5525988898386945,0.30536553305095765,0.1554845992303121
IN.ADM2.00181,ragi,Rabi,full,17,0.5949524495502628,0.35396841722585803,0.011759207389155667
IN.ADM2.00181,ragi,Rabi,cleaned,17,0.5949524495502628,0.35396841722585803,0.011759207389155667
IN.ADM2.00182,ragi,Rabi,full,9,-0.3402844695681491,0.11579352022927661,0.3702333838061348
IN.ADM2.00182,ragi,Rabi,cleaned,9,-0.3402844695681491,0.11579352022927661,0.3702333838061348
IN.ADM2.00183,ragi,Rabi,full,17,0.48102731723707537,0.23138727992829794,0.05061176994015598
IN.ADM2.00183,ragi,Rabi,cleaned,17,0.48102731723707537,0.23138727992829794,0.05061176994015598
IN.ADM2.00184,ragi,Rabi,full,17,0.0252684160587692,0.0006384928501190651,0.9233115047660224
IN.ADM2.00184,ragi,Rabi,cleaned,17,0.0252684160587692,0.0006384928501190651,0.9233115047660224
IN.ADM2.00185,ragi,Rabi,full,17,0.5760476774802457,0.3318309267303851,0.015516885778404654
IN.ADM2.00185,ragi,Rabi,cleaned,17,0.5760476774802457,0.3318309267303851,0.015516885778404654
IN.ADM2.00188,ragi,Rabi,full,17,0.6012249730336642,0.36147146819933024,0.010686401828403727
IN.ADM2.00188,ragi,Rabi,cleaned,17,0.6012249730336642,0.36147146819933024,0.010686401828403727
IN.ADM2.00189,ragi,Rabi,full,14,-0.22125756476103534,0.048954909963983745,0.44714580964450323
IN.ADM2.00189,ragi,Rabi,cleaned,14,-0.22125756476103534,0.048954909963983745,0.44714580964450323
IN.ADM2.00364,ragi,Rabi,full,5,-0.6033414699120088,0.3640209293155834,0.2813587331573622
IN.ADM2.00364,ragi,Rabi,cleaned,5,-0.6033414699120088,0.3640209293155834,0.2813587331573622
IN.ADM2.00365,ragi,Rabi,full,5,-0.03344604484930261,0.0011186379160615615,0.9574231139159688
IN.ADM2.00365,ragi,Rabi,cleaned,5,-0.03344604484930261,0.0011186379160615615,0.9574231139159688
IN.ADM2.00367,ragi,Rabi,full,5,0.6842402785516708,0.46818475879246807,0.20260306427739366
IN.ADM2.00367,ragi,Rabi,cleaned,5,0.6842402785516708,0.46818475879246807,0.20260306427739366
IN.ADM2.00368,ragi,Rabi,full,5,-0.6647307936604696,0.44186702804047784,0.22094134348859312
IN.ADM2.00368,ragi,Rabi,cleaned,5,-0.6647307936604696,0.44186702804047784,0.22094134348859312
IN.ADM2.00369,ragi,Rabi,full,5,-0.25409172088664284,0.06456260262313561,0.6799961006131706
IN.ADM2.00369,ragi,Rabi,cleaned,5,-0.25409172088664284,0.06456260262313561,0.6799961006131706
IN.ADM2.00374,ragi,Rabi,full,5,-0.9075761204278354,0.8236944143708408,0.033257977306683215
IN.ADM2.00374,ragi,Rabi,cleaned,5,-0.9075761204278354,0.8236944143708408,0.033257977306683215
IN.ADM2.00376,ragi,Rabi,full,5,-0.5744730712482796,0.33001930958943093,0.3110628492205406
IN.ADM2.00376,ragi,Rabi,cleaned,5,-0.5744730712482796,0.33001930958943093,0.3110628492205406
IN.ADM2.00377,ragi,Rabi,full,5,0.10576799767652618,0.011186869332501648,0.8655835113605355
IN.ADM2.00377,ragi,Rabi,cleaned,5,0.10576799767652618,0.011186869332501648,0.8655835113605355
IN.ADM2.00378,ragi,Rabi,full,5,0.1456788728399825,0.021222333991927786,0.8151740703482347
IN.ADM2.00378,ragi,Rabi,cleaned,5,0.1456788728399825,0.021222333991927786,0.8151740703482347
IN.ADM2.00384,ragi,Rabi,full,5,-0.8572696880200811,0.7349113179980471,0.06332636555561283
IN.ADM2.00384,ragi,Rabi,cleaned,5,-0.8572696880200811,0.7349113179980471,0.06332636555561283
IN.ADM2.00533,ragi,Rabi,full,5,0.5758926651539089,0.3316523617780722,0.30958428339332944
IN.ADM2.00533,ragi,Rabi,cleaned,5,0.5758926651539089,0.3316523617780722,0.30958428339332944
IN.ADM2.00534,ragi,Rabi,full,5,0.4729590310529633,0.22369024505455787,0.42108153852093366
IN.ADM2.00568,ragi,Rabi,full,5,-0.1045068373012226,0.01092167904270421,0.8671803709199915
IN.ADM2.00568,ragi,Rabi,cleaned,5,-0.1045068373012226,0.01092167904270421,0.8671803709199915
IN.ADM2.00577,ragi,Rabi,full,5,-0.16314634720113524,0.02661673060507337,0.7932008243047152
IN.ADM2.00577,ragi,Rabi,cleaned,5,-0.16314634720113524,0.02661673060507337,0.7932008243047152
IN.ADM2.00578,ragi,Rabi,full,5,0.28854180745766533,0.08325637465093641,0.6377806251327336
IN.ADM2.00578,ragi,Rabi,cleaned,5,0.28854180745766533,0.08325637465093641,0.6377806251327336
IN.ADM2.00170,ragi,Summer,full,16,0.39708898590431313,0.1576796627265158,0.12777441384671406
IN.ADM2.00170,ragi,Summer,cleaned,16,0.39708898590431313,0.1576796627265158,0.12777441384671406
IN.ADM2.00171,ragi,Summer,full,16,0.4028528572623856,0.16229042460446805,0.12183525011562335
IN.ADM2.00171,ragi,Summer,cleaned,16,0.4028528572623856,0.16229042460446805,0.12183525011562335
IN.ADM2.00173,ragi,Summer,full,16,0.00947474447799379,8.977078292327382e-05,0.972219189530733
IN.ADM2.00173,ragi,Summer,cleaned,16,0.00947474447799379,8.977078292327382e-05,0.972219189530733
IN.ADM2.00181,ragi,Summer,full,16,0.4391943072160939,0.1928916394910247,0.0887501478901935
IN.ADM2.00181,ragi,Summer,cleaned,16,0.4391943072160939,0.1928916394910247,0.0887501478901935
IN.ADM2.00182,ragi,Summer,full,7,0.10037122387017937,0.010074382581197664,0.8304615341817925
IN.ADM2.00182,ragi,Summer,cleaned,7,0.10037122387017937,0.010074382581197664,0.8304615341817925
IN.ADM2.00183,ragi,Summer,full,16,0.1641866610718449,0.02695725967392087,0.5434398624858792
IN.ADM2.00183,ragi,Summer,cleaned,16,0.1641866610718449,0.02695725967392087,0.5434398624858792
IN.ADM2.00184,ragi,Summer,full,16,0.5514349102799652,0.30408046027547325,0.02681269516023737
IN.ADM2.00184,ragi,Summer,cleaned,16,0.5514349102799652,0.30408046027547325,0.02681269516023737
IN.ADM2.00185,ragi,Summer,full,16,0.02906486335931993,0.0008447662820959382,0.9149077090224256
IN.ADM2.00185,ragi,Summer,cleaned,16,0.02906486335931993,0.0008447662820959382,0.9149077090224256
IN.ADM2.00188,ragi,Summer,full,15,0.26360885039852555,0.06948962600843223,0.3424577956366139
IN.ADM2.00188,ragi,Summer,cleaned,15,0.26360885039852555,0.06948962600843223,0.3424577956366139
IN.ADM2.00504,ragi,Summer,full,13,-0.6394375328469569,0.4088803584134031,0.018609137493874592
IN.ADM2.00504,ragi,Summer,cleaned,13,-0.6394375328469569,0.4088803584134031,0.018609137493874592
IN.ADM2.00505,ragi,Summer,full,13,-0.0032046511905329134,1.026978925298402e-05,0.9917100174872568
IN.ADM2.00505,ragi,Summer,cleaned,13,-0.0032046511905329134,1.026978925298402e-05,0.9917100174872568
IN.ADM2.00506,ragi,Summer,full,13,-0.5543219812248334,0.3072728588690246,0.049312725074181704
IN.ADM2.00506,ragi,Summer,cleaned,13,-0.5543219812248334,0.3072728588690246,0.049312725074181704
IN.ADM2.00508,ragi,Summer,full,13,-0.16012718415574576,0.025640715105648113,0.6012764954270293
IN.ADM2.00508,ragi,Summer,cleaned,13,-0.16012718415574576,0.025640715105648113,0.6012764954270293
IN.ADM2.00509,ragi,Summer,full,13,-0.09567963782379243,0.009154593094092093,0.7558527393467762
IN.ADM2.00509,ragi,Summer,cleaned,13,-0.09567963782379243,0.009154593094092093,0.7558527393467762
IN.ADM2.00529,ragi,Summer,full,8,-0.019267759598615347,0.00037124655995003387,0.9638818911185975
IN.ADM2.00529,ragi,Summer,cleaned,8,-0.019267759598615347,0.00037124655995003387,0.9638818911185975
IN.ADM2.00066,ragi,Autumn,full,6,0.6374364338698394,0.4063252072246981,0.17334859473760858
IN.ADM2.00066,ragi,Autumn,cleaned,6,0.6374364338698394,0.4063252072246981,0.17334859473760858
IN.ADM2.00068,ragi,Autumn,full,10,0.3731303285258667,0.1392262420658212,0.28823872514024357
IN.ADM2.00068,ragi,Autumn,cleaned,9,-0.13652608220916718,0.018639371123384273,0.7261553130899999
IN.ADM2.00073,ragi,Autumn,full,14,0.26400252237273225,0.06969733181916499,0.36174690781338814
IN.ADM2.00073,ragi,Autumn,cleaned,13,0.2989934168165775,0.08939706329965164,0.3210214106685264
IN.ADM2.00088,ragi,Autumn,full,9,0.0977302579521932,0.009551203319402223,0.8024834098079904
IN.ADM2.00088,ragi,Autumn,cleaned,9,0.0977302579521932,0.009551203319402223,0.8024834098079904
IN.ADM2.00093,ragi,Autumn,full,14,0.3094056926309347,0.09573188263242845,0.28172548823177207
IN.ADM2.00093,ragi,Autumn,cleaned,14,0.3094056926309347,0.09573188263242845,0.28172548823177207
IN.ADM2.00316,ragi,Autumn,full,13,-0.030956122721018532,0.0009582815339187599,0.9200346185000612
IN.ADM2.00316,ragi,Autumn,cleaned,13,-0.030956122721018532,0.0009582815339187599,0.9200346185000612
IN.ADM2.00465,ragi,Autumn,full,8,0.12500541657363676,0.01562635417274846,0.7680451209940233
IN.ADM2.00465,ragi,Autumn,cleaned,8,0.12500541657363676,0.01562635417274846,0.7680451209940233
IN.ADM2.00468,ragi,Autumn,full,10,0.21380209177718548,0.04571133444830004,0.5531067819129266
IN.ADM2.00468,ragi,Autumn,cleaned,10,0.21380209177718548,0.04571133444830004,0.5531067819129266
IN.ADM2.00477,ragi,Autumn,full,10,0.47035659319198,0.22123532475916574,0.17010082238030882
IN.ADM2.00477,ragi,Autumn,cleaned,10,0.47035659319198,0.22123532475916574,0.17010082238030882
IN.ADM2.00480,ragi,Autumn,full,13,-0.22910811328343175,0.0524905275722938,0.45149264576333265
IN.ADM2.00480,ragi,Autumn,cleaned,13,-0.22910811328343175,0.0524905275722938,0.45149264576333265
IN.ADM2.00481,ragi,Autumn,full,9,0.32472672061034713,0.10544744307835044,0.39387913405926983
IN.ADM2.00481,ragi,Autumn,cleaned,9,0.32472672061034713,0.10544744307835044,0.39387913405926983
IN.ADM2.00504,ragi,Autumn,full,13,0.16455329751485043,0.02707778772301088,0.5911232804133026
IN.ADM2.00504,ragi,Autumn,cleaned,13,0.16455329751485043,0.02707778772301088,0.5911232804133026
IN.ADM2.00505,ragi,Autumn,full,13,0.4340257318945669,0.18837833594661446,0.13838302955634604
IN.ADM2.00505,ragi,Autumn,cleaned,13,0.4340257318945669,0.18837833594661446,0.13838302955634604
IN.ADM2.00506,ragi,Autumn,full,13,-0.23612427086349277,0.055754671290816106,0.4373621942160769
IN.ADM2.00506,ragi,Autumn,cleaned,13,-0.23612427086349277,0.055754671290816106,0.4373621942160769
IN.ADM2.00507,ragi,Autumn,full,13,-0.01926414444514614,0.00037110726120345483,0.9501933264945859
IN.ADM2.00507,ragi,Autumn,cleaned,13,-0.01926414444514614,0.00037110726120345483,0.9501933264945859
IN.ADM2.00508,ragi,Autumn,full,13,-0.2212023010369899,0.0489304579840591,0.4676751433610626
IN.ADM2.00508,ragi,Autumn,cleaned,13,-0.2212023010369899,0.0489304579840591,0.4676751433610626
IN.ADM2.00509,ragi,Autumn,full,13,-0.09911832138979457,0.009824441635130608,0.7473307377165352
IN.ADM2.00509,ragi,Autumn,cleaned,13,-0.09911832138979457,0.009824441635130608,0.7473307377165352
IN.ADM2.00516,ragi,Autumn,full,11,0.3630126602087133,0.13177819147180675,0.2725222714367353
IN.ADM2.00516,ragi,Autumn,cleaned,10,-0.2561455847493329,0.06561056058657769,0.4750197327629933
IN.ADM2.00524,ragi,Autumn,full,12,-0.04220108589087344,0.0017809316503688772,0.8963919799750357
IN.ADM2.00524,ragi,Autumn,cleaned,12,-0.04220108589087344,0.0017809316503688772,0.8963919799750357
IN.ADM2.00525,ragi,Autumn,full,12,0.007010602222530292,4.9148543522546676e-05,0.9827484766333983
IN.ADM2.00525,ragi,Autumn,cleaned,12,0.007010602222530292,4.9148543522546676e-05,0.9827484766333983
IN.ADM2.00526,ragi,Autumn,full,13,-0.23650048579891847,0.055932479783124434,0.4366107211538074
IN.ADM2.00526,ragi,Autumn,cleaned,13,-0.23650048579891847,0.055932479783124434,0.4366107211538074
IN.ADM2.00527,ragi,Autumn,full,13,-0.25331228893225277,0.06416711572409711,0.40368877866780295
IN.ADM2.00527,ragi,Autumn,cleaned,13,-0.25331228893225277,0.06416711572409711,0.40368877866780295
IN.ADM2.00529,ragi,Autumn,full,10,0.43930354771687247,0.19298760703663045,0.20399229685842435
IN.ADM2.00529,ragi,Autumn,cleaned,10,0.43930354771687247,0.19298760703663045,0.20399229685842435
IN.ADM2.00530,ragi,Autumn,full,13,-0.11545126707860269,0.013328995070054849,0.7072275499329767
IN.ADM2.00530,ragi,Autumn,cleaned,13,-0.11545126707860269,0.013328995070054849,0.7072275499329767
IN.ADM2.00532,ragi,Autumn,full,6,0.2410513123397029,0.058105735180693,0.6454262633503302
IN.ADM2.00532,ragi,Autumn,cleaned,6,0.2410513123397029,0.058105735180693,0.6454262633503302
IN.ADM2.00537,ragi,Autumn,full,14,0.4708814674689617,0.22172935640572283,0.08923336417689573
IN.ADM2.00537,ragi,Autumn,cleaned,14,0.4708814674689617,0.22172935640572283,0.08923336417689573
IN.ADM2.00546,ragi,Autumn,full,10,-0.08014490392528653,0.006423205625193409,0.8258047864040705
IN.ADM2.00546,ragi,Autumn,cleaned,10,-0.08014490392528653,0.006423205625193409,0.8258047864040705
IN.ADM2.00547,ragi,Autumn,full,12,-0.09412174983204911,0.008858903791446838,0.7710864915090767
IN.ADM2.00547,ragi,Autumn,cleaned,12,-0.09412174983204911,0.008858903791446838,0.7710864915090767
IN.ADM2.00548,ragi,Autumn,full,10,0.2225584862798478,0.04953227981517721,0.5365597182156527
IN.ADM2.00548,ragi,Autumn,cleaned,10,0.2225584862798478,0.04953227981517721,0.5365597182156527
IN.ADM2.00550,ragi,Autumn,full,7,-0.316079178508018,0.09990604708630349,0.48980513624534533
IN.ADM2.00550,ragi,Autumn,cleaned,7,-0.316079178508018,0.09990604708630349,0.48980513624534533
IN.ADM2.00316,ragi,Winter,full,11,0.6661084243965404,0.44370043305204154,0.02523741983126545
IN.ADM2.00316,ragi,Winter,cleaned,11,0.6661084243965404,0.44370043305204154,0.02523741983126545
IN.ADM2.00504,ragi,Winter,full,11,-0.06450352243856122,0.004160704406981971,0.8505490037562599
IN.ADM2.00504,ragi,Winter,cleaned,11,-0.06450352243856122,0.004160704406981971,0.8505490037562599
IN.ADM2.00505,ragi,Winter,full,13,0.5872474036696171,0.34485951311670626,0.0348417609315412
IN.ADM2.00505,ragi,Winter,cleaned,13,0.5872474036696171,0.34485951311670626,0.0348417609315412
IN.ADM2.00506,ragi,Winter,full,13,0.3531733560924121,0.12473141945357774,0.2365275664869753
IN.ADM2.00506,ragi,Winter,cleaned,13,0.3531733560924121,0.12473141945357774,0.2365275664869753
IN.ADM2.00507,ragi,Winter,full,13,0.6924640535854533,0.47950646550799747,0.008708879795275699
IN.ADM2.00507,ragi,Winter,cleaned,13,0.6924640535854533,0.47950646550799747,0.008708879795275699
IN.ADM2.00508,ragi,Winter,full,11,-0.17082117904861152,0.029179875211557797,0.6155385210004797
IN.ADM2.00508,ragi,Winter,cleaned,11,-0.17082117904861152,0.029179875211557797,0.6155385210004797
IN.ADM2.00509,ragi,Winter,full,13,0.622585853122716,0.38761314450854006,0.02304844495100124
IN.ADM2.00509,ragi,Winter,cleaned,13,0.622585853122716,0.38761314450854006,0.02304844495100124
IN.ADM2.00526,ragi,Winter,full,13,0.6028219474115977,0.363394300281111,0.029202604026945442
IN.ADM2.00526,ragi,Winter,cleaned,13,0.6028219474115977,0.363394300281111,0.029202604026945442
IN.ADM2.00529,ragi,Winter,full,11,0.13714795770238397,0.018809562301934903,0.6875997178968761
IN.ADM2.00529,ragi,Winter,cleaned,11,0.13714795770238397,0.018809562301934903,0.6875997178968761
IN.ADM2.00532,ragi,Winter,full,5,-0.048245209598244077,0.0023276002491785025,0.9385961294807093
IN.ADM2.00532,ragi,Winter,cleaned,5,-0.048245209598244077,0.0023276002491785025,0.9385961294807093
IN.ADM2.00547,ragi,Winter,full,11,0.48061092827228746,0.23098686437474986,0.13455183566979897
IN.ADM2.00547,ragi,Winter,cleaned,11,0.48061092827228746,0.23098686437474986,0.13455183566979897
IN.ADM2.00548,ragi,Winter,full,9,-0.4776161069638362,0.22811714563129065,0.19351260079061683
IN.ADM2.00548,ragi,Winter,cleaned,9,-0.4776161069638362,0.22811714563129065,0.19351260079061683
IN.ADM2.00003,arhartur,Kharif,full,16,0.47533195951100593,0.2259404717325726,0.06277442882791298
IN.ADM2.00003,arhartur,Kharif,cleaned,16,0.47533195951100593,0.2259404717325726,0.06277442882791298
IN.ADM2.00004,arhartur,Kharif,full,16,0.5072699777944822,0.2573228303716145,0.044894870147598326
IN.ADM2.00004,arhartur,Kharif,cleaned,15,0.5653628860764925,0.31963519295274107,0.028065180338867294
IN.ADM2.00005,arhartur,Kharif,full,16,-0.10113908884708572,0.0102291152928187,0.7093735234270584
IN.ADM2.00005,arhartur,Kharif,cleaned,16,-0.10113908884708572,0.0102291152928187,0.7093735234270584
IN.ADM2.00007,arhartur,Kharif,full,16,0.20933809149910812,0.043822436552488964,0.4365044791553666
IN.ADM2.00007,arhartur,Kharif,cleaned,15,-0.15001070537846373,0.022503211728144245,0.5936035459179845
IN.ADM2.00008,arhartur,Kharif,full,16,0.11100510057889393,0.012322132354530358,0.6823405610525877
IN.ADM2.00008,arhartur,Kharif,cleaned,16,0.11100510057889393,0.012322132354530358,0.6823405610525877
IN.ADM2.00010,arhartur,Kharif,full,16,0.3828255294623918,0.1465553860081606,0.14332303007371194
IN.ADM2.00010,arhartur,Kharif,cleaned,16,0.3828255294623918,0.1465553860081606,0.14332303007371194
IN.ADM2.00011,arhartur,Kharif,full,16,-0.03402615326244797,0.0011577791058395986,0.9004449768414028
IN.ADM2.00011,arhartur,Kharif,cleaned,16,-0.03402615326244797,0.0011577791058395986,0.9004449768414028
IN.ADM2.00012,arhartur,Kharif,full,16,0.08304694766692228,0.006896795516792528,0.7597799268751017
IN.ADM2.00012,arhartur,Kharif,cleaned,16,0.08304694766692228,0.006896795516792528,0.7597799268751017
IN.ADM2.00013,arhartur,Kharif,full,16,0.3926136118110931,0.15414544817935172,0.13252152262309924
IN.ADM2.00013,arhartur,Kharif,cleaned,16,0.3926136118110931,0.15414544817935172,0.13252152262309924
IN.ADM2.00014,arhartur,Kharif,full,16,0.6098945096713481,0.37197131292725405,0.012121282921168132
IN.ADM2.00014,arhartur,Kharif,cleaned,16,0.6098945096713481,0.37197131292725405,0.012121282921168132
IN.ADM2.00016,arhartur,Kharif,full,16,0.3150989867480886,0.09928737144967213,0.2345422365843457
IN.ADM2.00016,arhartur,Kharif,cleaned,16,0.3150989867480886,0.09928737144967213,0.2345422365843457
IN.ADM2.00018,arhartur,Kharif,full,16,0.253268222356881,0.06414479245581452,0.3439183478123151
IN.ADM2.00018,arhartur,Kharif,cleaned,16,0.253268222356881,0.06414479245581452,0.3439183478123151
IN.ADM2.00021,arhartur,Kharif,full,16,0.09986319171791745,0.009972657060089537,0.712894129219956
IN.ADM2.00021,arhartur,Kharif,cleaned,16,0.09986319171791745,0.009972657060089537,0.712894129219956
IN.ADM2.00025,arhartur,Kharif,full,14,-0.22592722314664987,0.05104311015875612,0.43736423609966607
IN.ADM2.00025,arhartur,Kharif,cleaned,14,-0.22592722314664987,0.05104311015875612,0.43736423609966607
IN.ADM2.00037,arhartur,Kharif,full,16,0.23494173745411082,0.05519761999795634,0.3810904576406902
IN.ADM2.00037,arhartur,Kharif,cleaned,16,0.23494173745411082,0.05519761999795634,0.3810904576406902
IN.ADM2.00039,arhartur,Kharif,full,16,0.18058981969520463,0.03261268297754652,0.5033042654282448
IN.ADM2.00039,arhartur,Kharif,cleaned,15,0.16270833055126324,0.026474000830779144,0.5623325492179243
IN.ADM2.00041,arhartur,Kharif,full,16,0.0815859276075145,0.006656263583578597,0.7638932645303316
IN.ADM2.00041,arhartur,Kharif,cleaned,12,-0.030020750375126713,0.0009012454530856707,0.9262095153576904
IN.ADM2.00042,arhartur,Kharif,full,16,0.0013221815724827474,1.7481641106129506e-06,0.9961225611523523
IN.ADM2.00042,arhartur,Kharif,cleaned,16,0.0013221815724827474,1.7481641106129506e-06,0.9961225611523523
IN.ADM2.00043,arhartur,Kharif,full,16,0.18751807536474674,0.03516302858849884,0.48678198877584145
IN.ADM2.00043,arhartur,Kharif,cleaned,16,0.18751807536474674,0.03516302858849884,0.48678198877584145
IN.ADM2.00045,arhartur,Kharif,full,16,-0.07143560729681352,0.005103045989864556,0.7926285310372623
IN.ADM2.00045,arhartur,Kharif,cleaned,16,-0.07143560729681352,0.005103045989864556,0.7926285310372623
IN.ADM2.00047,arhartur,Kharif,full,16,-0.1711024012283246,0.029276031706098573,0.5263474498602537
IN.ADM2.00047,arhartur,Kharif,cleaned,16,-0.1711024012283246,0.029276031706098573,0.5263474498602537
IN.ADM2.00049,arhartur,Kharif,full,16,-0.40559501795530145,0.1645073185901613,0.1190780602832501
IN.ADM2.00049,arhartur,Kharif,cleaned,15,-0.16732456583584654,0.027997510332154543,0.5511405505459258
IN.ADM2.00050,arhartur,Kharif,full,16,-0.11122562327070673,0.012371139271957179,0.68174030580197
IN.ADM2.00050,arhartur,Kharif,cleaned,16,-0.11122562327070673,0.012371139271957179,0.68174030580197
IN.ADM2.00052,arhartur,Kharif,full,16,0.14013405256783434,0.01963755268908456,0.604714299183539
IN.ADM2.00052,arhartur,Kharif,cleaned,15,0.0255146921862152,0.000650999517357311,0.9280815615300481
IN.ADM2.00054,arhartur,Kharif,full,16,-0.0801517589592059,0.006424304464254643,0.7679367705840788
IN.ADM2.00054,arhartur,Kharif,cleaned,16,-0.0801517589592059,0.006424304464254643,0.7679367705840788
IN.ADM2.00058,arhartur,Kharif,full,16,-0.16898429369196818,0.028555691514573357,0.5315563598020079
IN.ADM2.00058,arhartur,Kharif,cleaned,16,-0.16898429369196818,0.028555691514573357,0.5315563598020079
IN.ADM2.00059,arhartur,Kharif,full,16,0.19079980568899196,0.03640456585095709,0.4790478748099998
IN.ADM2.00059,arhartur,Kharif,cleaned,16,0.19079980568899196,0.03640456585095709,0.4790478748099998
IN.ADM2.00060,arhartur,Kharif,full,15,-0.1676773173647531,0.028115682758640133,0.550289290141235
IN.ADM2.00060,arhartur,Kharif,cleaned,15,-0.1676773173647531,0.028115682758640133,0.550289290141235
IN.ADM2.00061,arhartur,Kharif,full,16,-0.05670573148442954,0.0032155399831842236,0.8347681188074034
IN.ADM2.00061,arhartur,Kharif,cleaned,16,-0.05670573148442954,0.0032155399831842236,0.8347681188074034
IN.ADM2.00065,arhartur,Kharif,full,16,0.05245263914159038,0.0027512793529178995,0.8470194278431225
IN.ADM2.00065,arhartur,Kharif,cleaned,15,-0.05050002849420133,0.002550252877915146,0.8581493135416269
IN.ADM2.00069,arhartur,Kharif,full,16,0.32173290146399924,0.10351205988444345,0.22429851331056042
IN.ADM2.00069,arhartur,Kharif,cleaned,16,0.32173290146399924,0.10351205988444345,0.22429851331056042
IN.ADM2.00072,arhartur,Kharif,full,16,0.11057138222018503,0.012226030566082251,0.6835216482705556
IN.ADM2.00072,arhartur,Kharif,cleaned,16,0.11057138222018503,0.012226030566082251,0.6835216482705556
IN.ADM2.00075,arhartur,Kharif,full,16,-0.293861662414438,0.08635467663697713,0.26928299055943655
IN.ADM2.00075,arhartur,Kharif,cleaned,16,-0.293861662414438,0.08635467663697713,0.26928299055943655
IN.ADM2.00076,arhartur,Kharif,full,15,-0.36264501682505723,0.13151140822804605,0.18403428909566208
IN.ADM2.00076,arhartur,Kharif,cleaned,15,-0.36264501682505723,0.13151140822804605,0.18403428909566208
IN.ADM2.00078,arhartur,Kharif,full,16,-0.11034970022347239,0.012177056339410222,0.6841255911738834
IN.ADM2.00078,arhartur,Kharif,cleaned,15,-0.08527376235861985,0.007271614546794371,0.7625281525594155
IN.ADM2.00081,arhartur,Kharif,full,16,-0.1645284570473462,0.02706961317838044,0.5425893837936469
IN.ADM2.00081,arhartur,Kharif,cleaned,16,-0.1645284570473462,0.02706961317838044,0.5425893837936469
IN.ADM2.00083,arhartur,Kharif,full,16,0.3416100980374498,0.11669745908115606,0.19532802805798166
IN.ADM2.00083,arhartur,Kharif,cleaned,16,0.3416100980374498,0.11669745908115606,0.19532802805798166
IN.ADM2.00084,arhartur,Kharif,full,16,-0.06052040031817541,0.0036627188546722064,0.8238098574935612
IN.ADM2.00084,arhartur,Kharif,cleaned,16,-0.06052040031817541,0.0036627188546722064,0.8238098574935612
IN.ADM2.00087,arhartur,Kharif,full,16,0.02915111766679114,0.0008497876612231025,0.9146560413518688
IN.ADM2.00087,arhartur,Kharif,cleaned,16,0.02915111766679114,0.0008497876612231025,0.9146560413518688
IN.ADM2.00090,arhartur,Kharif,full,16,0.23836126470869284,0.05681609251352754,0.3739940025211208
IN.ADM2.00090,arhartur,Kharif,cleaned,15,0.2206117705544558,0.04866955330717185,0.42946378328086515
IN.ADM2.00092,arhartur,Kharif,full,16,-0.1322332539193941,0.01748563344211096,0.6254221438196088
IN.ADM2.00092,arhartur,Kharif,cleaned,16,-0.1322332539193941,0.01748563344211096,0.6254221438196088
IN.ADM2.00097,arhartur,Kharif,full,16,0.07029038657707463,0.004940738445154594,0.7958870954519301
IN.ADM2.00097,arhartur,Kharif,cleaned,16,0.07029038657707463,0.004940738445154594,0.7958870954519301
IN.ADM2.00098,arhartur,Kharif,full,16,0.05138927556822905,0.0026408576434273833,0.8500877633104613
IN.ADM2.00098,arhartur,Kharif,cleaned,16,0.05138927556822905,0.0026408576434273833,0.8500877633104613
IN.ADM2.00100,arhartur,Kharif,full,16,0.002133873322710117,4.553415357373915e-06,0.9937422234065145
IN.ADM2.00100,arhartur,Kharif,cleaned,16,0.002133873322710117,4.553415357373915e-06,0.9937422234065145
IN.ADM2.00101,arhartur,Kharif,full,16,0.013747841371245122,0.00018900314236891896,0.9596980799221013
IN.ADM2.00101,arhartur,Kharif,cleaned,16,0.013747841371245122,0.00018900314236891896,0.9596980799221013
IN.ADM2.00109,arhartur,Kharif,full,16,0.05310819561186328,0.002820480441147934,0.8451288429240789
IN.ADM2.00109,arhartur,Kharif,cleaned,16,0.05310819561186328,0.002820480441147934,0.8451288429240789
IN.ADM2.00110,arhartur,Kharif,full,16,0.5851518218219669,0.3424026545815669,0.01725900586470006
IN.ADM2.00110,arhartur,Kharif,cleaned,16,0.5851518218219669,0.3424026545815669,0.01725900586470006
IN.ADM2.00111,arhartur,Kharif,full,16,0.37313015189584375,0.13922611025381543,0.15459823701627456
IN.ADM2.00111,arhartur,Kharif,cleaned,16,0.37313015189584375,0.13922611025381543,0.15459823701627456
IN.ADM2.00112,arhartur,Kharif,full,16,0.34170981909578974,0.11676560046647735,0.19518916119345162
IN.ADM2.00112,arhartur,Kharif,cleaned,16,0.34170981909578974,0.11676560046647735,0.19518916119345162
IN.ADM2.00114,arhartur,Kharif,full,16,-0.1592047083903745,0.025346139173664184,0.5559026557986355
IN.ADM2.00114,arhartur,Kharif,cleaned,16,-0.1592047083903745,0.025346139173664184,0.5559026557986355
IN.ADM2.00115,arhartur,Kharif,full,16,-0.004544089115505766,2.0648745889657974e-05,0.9866744764747158
IN.ADM2.00115,arhartur,Kharif,cleaned,16,-0.004544089115505766,2.0648745889657974e-05,0.9866744764747158
IN.ADM2.00117,arhartur,Kharif,full,16,0.4186336087883925,0.17525409840719286,0.10656080870253315
IN.ADM2.00117,arhartur,Kharif,cleaned,16,0.4186336087883925,0.17525409840719286,0.10656080870253315
IN.ADM2.00120,arhartur,Kharif,full,16,0.35575410835323495,0.12656098561020523,0.17627067555832504
IN.ADM2.00120,arhartur,Kharif,cleaned,16,0.35575410835323495,0.12656098561020523,0.17627067555832504
IN.ADM2.00121,arhartur,Kharif,full,16,0.2710026677084413,0.07344244590509184,0.3099910374724518
IN.ADM2.00121,arhartur,Kharif,cleaned,16,0.2710026677084413,0.07344244590509184,0.3099910374724518
IN.ADM2.00123,arhartur,Kharif,full,15,0.054511926504045155,0.0029715501311824207,0.8469981387123559
IN.ADM2.00123,arhartur,Kharif,cleaned,15,0.054511926504045155,0.0029715501311824207,0.8469981387123559
IN.ADM2.00124,arhartur,Kharif,full,16,0.2148724628205402,0.046170175278564436,0.4241912719335985
IN.ADM2.00124,arhartur,Kharif,cleaned,16,0.2148724628205402,0.046170175278564436,0.4241912719335985
IN.ADM2.00126,arhartur,Kharif,full,16,0.11712103368772121,0.013717336532080328,0.6657604871925447
IN.ADM2.00126,arhartur,Kharif,cleaned,16,0.11712103368772121,0.013717336532080328,0.6657604871925447
IN.ADM2.00129,arhartur,Kharif,full,15,-0.6145153907667454,0.37762916548920583,0.014786147793775984
IN.ADM2.00129,arhartur,Kharif,cleaned,14,-0.3403893051239084,0.11586487904273722,0.23371076418492803
IN.ADM2.00130,arhartur,Kharif,full,16,0.06886308688191921,0.004742124734906753,0.7999527004284297
IN.ADM2.00130,arhartur,Kharif,cleaned,16,0.06886308688191921,0.004742124734906753,0.7999527004284297
IN.ADM2.00132,arhartur,Kharif,full,12,-0.0955973425548493,0.009138851903549199,0.7675841029353359
IN.ADM2.00132,arhartur,Kharif,cleaned,12,-0.0955973425548493,0.009138851903549199,0.7675841029353359
IN.ADM2.00133,arhartur,Kharif,full,12,0.025169220467382906,0.0006334896589357266,0.9381124093832676
IN.ADM2.00133,arhartur,Kharif,cleaned,12,0.025169220467382906,0.0006334896589357266,0.9381124093832676
IN.ADM2.00140,arhartur,Kharif,full,16,0.17525579405359917,0.03071459334935757,0.516201089114964
IN.ADM2.00140,arhartur,Kharif,cleaned,16,0.17525579405359917,0.03071459334935757,0.516201089114964
IN.ADM2.00142,arhartur,Kharif,full,16,-0.1648615661983977,0.02717933600938867,0.5417610876037713
IN.ADM2.00142,arhartur,Kharif,cleaned,15,-0.328392601611663,0.10784170079327642,0.23207902079772785
IN.ADM2.00147,arhartur,Kharif,full,6,0.2863978210333209,0.0820237118926341,0.5821489746295764
IN.ADM2.00147,arhartur,Kharif,cleaned,6,0.2863978210333209,0.0820237118926341,0.5821489746295764
IN.ADM2.00170,arhartur,Kharif,full,16,-0.06649826390160188,0.0044220191019270876,0.8066993671806666
IN.ADM2.00170,arhartur,Kharif,cleaned,16,-0.06649826390160188,0.0044220191019270876,0.8066993671806666
IN.ADM2.00171,arhartur,Kharif,full,16,0.5170456850977057,0.2673362404781558,0.04027388882582879
IN.ADM2.00171,arhartur,Kharif,cleaned,16,0.5170456850977057,0.2673362404781558,0.04027388882582879
IN.ADM2.00172,arhartur,Kharif,full,16,0.21097774728235386,0.04451160984833677,0.4328375575643791
IN.ADM2.00172,arhartur,Kharif,cleaned,16,0.21097774728235386,0.04451160984833677,0.4328375575643791
IN.ADM2.00173,arhartur,Kharif,full,16,0.7516063733521552,0.5649121404635793,0.000787270560259815
IN.ADM2.00173,arhartur,Kharif,cleaned,16,0.7516063733521552,0.5649121404635793,0.000787270560259815
IN.ADM2.00174,arhartur,Kharif,full,16,0.6255203231496997,0.39127567467330476,0.009554931870996123
IN.ADM2.00174,arhartur,Kharif,cleaned,16,0.6255203231496997,0.39127567467330476,0.009554931870996123
IN.ADM2.00175,arhartur,Kharif,full,16,0.5746028024500647,0.33016838058346804,0.019905143636929076
IN.ADM2.00175,arhartur,Kharif,cleaned,16,0.5746028024500647,0.33016838058346804,0.019905143636929076
IN.ADM2.00176,arhartur,Kharif,full,16,-0.5137119742613231,0.2638999924994663,0.04180756435492247
IN.ADM2.00176,arhartur,Kharif,cleaned,16,-0.5137119742613231,0.2638999924994663,0.04180756435492247
IN.ADM2.00179,arhartur,Kharif,full,16,-0.010364831962950627,0.00010742974162020294,0.96961044547457
IN.ADM2.00179,arhartur,Kharif,cleaned,16,-0.010364831962950627,0.00010742974162020294,0.96961044547457
IN.ADM2.00180,arhartur,Kharif,full,16,0.5002794534987767,0.2502795315930347,0.048434593102411536
IN.ADM2.00180,arhartur,Kharif,cleaned,16,0.5002794534987767,0.2502795315930347,0.048434593102411536
IN.ADM2.00181,arhartur,Kharif,full,16,0.35107835611339905,0.12325601213128663,0.18242876872802286
IN.ADM2.00181,arhartur,Kharif,cleaned,15,0.6010552894901581,0.36126746102409774,0.017795659515836306
IN.ADM2.00183,arhartur,Kharif,full,16,0.23281546895740973,0.05420304258585861,0.3855397730358233
IN.ADM2.00183,arhartur,Kharif,cleaned,16,0.23281546895740973,0.05420304258585861,0.3855397730358233
IN.ADM2.00184,arhartur,Kharif,full,16,0.6519758614807412,0.4250725239535546,0.006203613057808808
IN.ADM2.00184,arhartur,Kharif,cleaned,16,0.6519758614807412,0.4250725239535546,0.006203613057808808
IN.ADM2.00185,arhartur,Kharif,full,16,0.1963039383862598,0.03853523622595649,0.46621137806554386
IN.ADM2.00185,arhartur,Kharif,cleaned,16,0.1963039383862598,0.03853523622595649,0.46621137806554386
IN.ADM2.00186,arhartur,Kharif,full,16,0.3846564325607057,0.14796057111032873,0.14125845868446357
IN.ADM2.00186,arhartur,Kharif,cleaned,16,0.3846564325607057,0.14796057111032873,0.14125845868446357
IN.ADM2.00188,arhartur,Kharif,full,16,0.6437979961874969,0.41447585989503627,0.007119219127658274
IN.ADM2.00188,arhartur,Kharif,cleaned,16,0.6437979961874969,0.41447585989503627,0.007119219127658274
IN.ADM2.00189,arhartur,Kharif,full,16,-0.3090162784420179,0.09549106034215474,0.2441890278062946
IN.ADM2.00189,arhartur,Kharif,cleaned,16,-0.3090162784420179,0.09549106034215474,0.2441890278062946
IN.ADM2.00205,arhartur,Kharif,full,15,-0.03725385409148328,0.0013878496446695257,0.8951339380810706
IN.ADM2.00205,arhartur,Kharif,cleaned,15,-0.03725385409148328,0.0013878496446695257,0.8951339380810706
IN.ADM2.00206,arhartur,Kharif,full,16,-0.31132204154258936,0.09692141355024574,0.24050358212340064
IN.ADM2.00206,arhartur,Kharif,cleaned,16,-0.31132204154258936,0.09692141355024574,0.24050358212340064
IN.ADM2.00207,arhartur,Kharif,full,15,-0.4942287192326549,0.2442620269143504,0.06111738129456814
IN.ADM2.00207,arhartur,Kharif,cleaned,14,-0.10011738096212165,0.010023489970714599,0.7334526754347913
IN.ADM2.00208,arhartur,Kharif,full,15,0.4010151029000419,0.16081311275393118,0.1385000167395776
IN.ADM2.00208,arhartur,Kharif,cleaned,15,0.4010151029000419,0.16081311275393118,0.1385000167395776
IN.ADM2.00209,arhartur,Kharif,full,15,-0.5705938271807571,0.3255773156167837,0.026332074937173985
IN.ADM2.00209,arhartur,Kharif,cleaned,15,-0.5705938271807571,0.3255773156167837,0.026332074937173985
IN.ADM2.00210,arhartur,Kharif,full,16,-0.22032069736815552,0.04854120968879037,0.4122482913461482
IN.ADM2.00210,arhartur,Kharif,cleaned,16,-0.22032069736815552,0.04854120968879037,0.4122482913461482
IN.ADM2.00211,arhartur,Kharif,full,15,-0.3418965785506392,0.1168932704246334,0.21228925055735115
IN.ADM2.00211,arhartur,Kharif,cleaned,14,-0.3539441678003988,0.12527647391991684,0.21440397029535013
IN.ADM2.00212,arhartur,Kharif,full,15,-0.162294028961787,0.026339351836649354,0.5633417126543762
IN.ADM2.00212,arhartur,Kharif,cleaned,14,-0.18140391362499284,0.032907379878463865,0.5348279002294607
IN.ADM2.00213,arhartur,Kharif,full,15,-0.3184180476556631,0.10139005307284414,0.24741038182443126
IN.ADM2.00213,arhartur,Kharif,cleaned,15,-0.3184180476556631,0.10139005307284414,0.24741038182443126
IN.ADM2.00214,arhartur,Kharif,full,14,0.23592475336543856,0.05566048925054301,0.4167875285856931
IN.ADM2.00214,arhartur,Kharif,cleaned,14,0.23592475336543856,0.05566048925054301,0.4167875285856931
IN.ADM2.00216,arhartur,Kharif,full,15,0.023705793396465495,0.0005619646405559071,0.9331694148273977
IN.ADM2.00216,arhartur,Kharif,cleaned,15,0.023705793396465495,0.0005619646405559071,0.9331694148273977
IN.ADM2.00217,arhartur,Kharif,full,16,-0.5141796182486557,0.26438067982233326,0.04158982292159587
IN.ADM2.00217,arhartur,Kharif,cleaned,16,-0.5141796182486557,0.26438067982233326,0.04158982292159587
IN.ADM2.00218,arhartur,Kharif,full,15,0.0626794070881535,0.003928708072922468,0.8243815043579881
IN.ADM2.00218,arhartur,Kharif,cleaned,15,0.0626794070881535,0.003928708072922468,0.8243815043579881
IN.ADM2.00219,arhartur,Kharif,full,14,-0.279339167878208,0.07803037071088968,0.33345129933580503
IN.ADM2.00219,arhartur,Kharif,cleaned,14,-0.279339167878208,0.07803037071088968,0.33345129933580503
IN.ADM2.00220,arhartur,Kharif,full,14,0.4854574618988727,0.2356689473132954,0.07845709631748522
IN.ADM2.00220,arhartur,Kharif,cleaned,14,0.4854574618988727,0.2356689473132954,0.07845709631748522
IN.ADM2.00221,arhartur,Kharif,full,15,-0.18603673511488567,0.03460966681220613,0.5067909923730051
IN.ADM2.00221,arhartur,Kharif,cleaned,15,-0.18603673511488567,0.03460966681220613,0.5067909923730051
IN.ADM2.00223,arhartur,Kharif,full,15,-0.16190458190829285,0.02621309364289911,0.5642910342375548
IN.ADM2.00223,arhartur,Kharif,cleaned,14,0.0009621477350234553,9.257282640107652e-07,0.9973954400327014
IN.ADM2.00224,arhartur,Kharif,full,15,-0.2250799272718726,0.050660973660711456,0.4199352040846715
IN.ADM2.00224,arhartur,Kharif,cleaned,15,-0.2250799272718726,0.050660973660711456,0.4199352040846715
IN.ADM2.00225,arhartur,Kharif,full,15,-0.015058343493734111,0.00022675370877528442,0.9575219301997324
IN.ADM2.00225,arhartur,Kharif,cleaned,15,-0.015058343493734111,0.00022675370877528442,0.9575219301997324
IN.ADM2.00226,arhartur,Kharif,full,14,-0.5575479224732776,0.31085968585426793,0.038306986767491176
IN.ADM2.00226,arhartur,Kharif,cleaned,14,-0.5575479224732776,0.31085968585426793,0.038306986767491176
IN.ADM2.00227,arhartur,Kharif,full,15,-0.16745052251471593,0.028039677490451387,0.5508365264039363
IN.ADM2.00227,arhartur,Kharif,cleaned,14,-0.05657690995451159,0.0032009467400009126,0.8476584762128967
IN.ADM2.00228,arhartur,Kharif,full,15,-0.06165277028429857,0.0038010640837284893,0.8272176970180247
IN.ADM2.00228,arhartur,Kharif,cleaned,15,-0.06165277028429857,0.0038010640837284893,0.8272176970180247
IN.ADM2.00229,arhartur,Kharif,full,15,-0.2347423511220838,0.05510397141032368,0.3997085248089936
IN.ADM2.00229,arhartur,Kharif,cleaned,15,-0.2347423511220838,0.05510397141032368,0.3997085248089936
IN.ADM2.00230,arhartur,Kharif,full,16,-0.48054796847605163,0.2309263500064603,0.059546884866503495
IN.ADM2.00230,arhartur,Kharif,cleaned,16,-0.48054796847605163,0.2309263500064603,0.059546884866503495
IN.ADM2.00232,arhartur,Kharif,full,15,-0.1319742430824419,0.017417200837183466,0.639176173513673
IN.ADM2.00232,arhartur,Kharif,cleaned,15,-0.1319742430824419,0.017417200837183466,0.639176173513673
IN.ADM2.00233,arhartur,Kharif,full,14,-0.03764815373280954,0.0014173834794892607,0.8983256160208835
IN.ADM2.00233,arhartur,Kharif,cleaned,14,-0.03764815373280954,0.0014173834794892607,0.8983256160208835
IN.ADM2.00235,arhartur,Kharif,full,14,0.038456789849060355,0.0014789246854947915,0.8961524158211314
IN.ADM2.00235,arhartur,Kharif,cleaned,14,0.038456789849060355,0.0014789246854947915,0.8961524158211314
IN.ADM2.00236,arhartur,Kharif,full,15,-0.15986976590735474,0.025558342051272404,0.5692621015983398
IN.ADM2.00236,arhartur,Kharif,cleaned,15,-0.15986976590735474,0.025558342051272404,0.5692621015983398
IN.ADM2.00237,arhartur,Kharif,full,15,-0.4392304293060797,0.19292337002840307,0.10140855941214763
IN.ADM2.00237,arhartur,Kharif,cleaned,15,-0.4392304293060797,0.19292337002840307,0.10140855941214763
IN.ADM2.00238,arhartur,Kharif,full,15,-0.2931854853515362,0.08595772882081586,0.2889061299635569
IN.ADM2.00238,arhartur,Kharif,cleaned,15,-0.2931854853515362,0.08595772882081586,0.2889061299635569
IN.ADM2.00239,arhartur,Kharif,full,15,-0.15152183193295446,0.0229588655523185,0.5898456257910468
IN.ADM2.00239,arhartur,Kharif,cleaned,14,-0.33599389251249956,0.11289189580570111,0.24019331492722562
IN.ADM2.00240,arhartur,Kharif,full,15,-0.3609215571988542,0.1302643704508458,0.1862827658680153
IN.ADM2.00240,arhartur,Kharif,cleaned,15,-0.3609215571988542,0.1302643704508458,0.1862827658680153
IN.ADM2.00241,arhartur,Kharif,full,15,-0.25842301526228173,0.0667824548172495,0.35238531880691815
IN.ADM2.00241,arhartur,Kharif,cleaned,15,-0.25842301526228173,0.0667824548172495,0.35238531880691815
IN.ADM2.00242,arhartur,Kharif,full,15,-0.20470968014283186,0.04190605314418053,0.46425333458564777
IN.ADM2.00242,arhartur,Kharif,cleaned,15,-0.20470968014283186,0.04190605314418053,0.46425333458564777
IN.ADM2.00243,arhartur,Kharif,full,14,0.37865241646273357,0.14337765249306741,0.1818564566664238
IN.ADM2.00243,arhartur,Kharif,cleaned,14,0.37865241646273357,0.14337765249306741,0.1818564566664238
IN.ADM2.00244,arhartur,Kharif,full,15,0.29985841751405556,0.08991507055403367,0.27755469259682236
IN.ADM2.00244,arhartur,Kharif,cleaned,15,0.29985841751405556,0.08991507055403367,0.27755469259682236
IN.ADM2.00245,arhartur,Kharif,full,16,0.09709783499845215,0.00942798956138664,0.7205432211140528
IN.ADM2.00245,arhartur,Kharif,cleaned,16,0.09709783499845215,0.00942798956138664,0.7205432211140528
IN.ADM2.00246,arhartur,Kharif,full,13,-0.5043380068215257,0.25435682512470936,0.07882909185468892
IN.ADM2.00246,arhartur,Kharif,cleaned,13,-0.5043380068215257,0.25435682512470936,0.07882909185468892
IN.ADM2.00248,arhartur,Kharif,full,15,-0.4566263623980655,0.20850763483688942,0.08708026827543618
IN.ADM2.00248,arhartur,Kharif,cleaned,15,-0.4566263623980655,0.20850763483688942,0.08708026827543618
IN.ADM2.00249,arhartur,Kharif,full,15,0.054774724647240196,0.0030002704601809825,0.8462686013364231
IN.ADM2.00249,arhartur,Kharif,cleaned,15,0.054774724647240196,0.0030002704601809825,0.8462686013364231
IN.ADM2.00250,arhartur,Kharif,full,16,0.5633447246775622,0.3173572788220384,0.023064437551906486
IN.ADM2.00250,arhartur,Kharif,cleaned,16,0.5633447246775622,0.3173572788220384,0.023064437551906486
IN.ADM2.00251,arhartur,Kharif,full,16,0.5338686910911006,0.28501577932732497,0.03317074965589315
IN.ADM2.00251,arhartur,Kharif,cleaned,16,0.5338686910911006,0.28501577932732497,0.03317074965589315
IN.ADM2.00252,arhartur,Kharif,full,16,0.5028928115424793,0.2529011799010996,0.047087799122630905
IN.ADM2.00252,arhartur,Kharif,cleaned,16,0.5028928115424793,0.2529011799010996,0.047087799122630905
IN.ADM2.00253,arhartur,Kharif,full,16,0.7010593122097685,0.4914841592360336,0.002480905537299578
IN.ADM2.00253,arhartur,Kharif,cleaned,16,0.7010593122097685,0.4914841592360336,0.002480905537299578
IN.ADM2.00254,arhartur,Kharif,full,16,0.27579270079704055,0.07606161381292594,0.301177345777699
IN.ADM2.00254,arhartur,Kharif,cleaned,15,-0.02101086832865352,0.0004414565879240155,0.9407537758311375
IN.ADM2.00255,arhartur,Kharif,full,16,0.4445732815642844,0.19764540268083647,0.08446569524589265
IN.ADM2.00255,arhartur,Kharif,cleaned,16,0.4445732815642844,0.19764540268083647,0.08446569524589265
IN.ADM2.00256,arhartur,Kharif,full,16,0.5296306631021243,0.28050863929799585,0.034862867062145905
IN.ADM2.00256,arhartur,Kharif,cleaned,16,0.5296306631021243,0.28050863929799585,0.034862867062145905
IN.ADM2.00257,arhartur,Kharif,full,16,-0.2558467892421914,0.0654575795655383,0.3388593834698309
IN.ADM2.00257,arhartur,Kharif,cleaned,16,-0.2558467892421914,0.0654575795655383,0.3388593834698309
IN.ADM2.00258,arhartur,Kharif,full,16,0.7606471802318797,0.5785841327947097,0.0006234780674211744
IN.ADM2.00258,arhartur,Kharif,cleaned,16,0.7606471802318797,0.5785841327947097,0.0006234780674211744
IN.ADM2.00259,arhartur,Kharif,full,16,0.06336540563192256,0.004015174630898083,0.8156568206803709
IN.ADM2.00259,arhartur,Kharif,cleaned,15,-0.37422416865735847,0.14004372840729107,0.16938587190429724
IN.ADM2.00260,arhartur,Kharif,full,16,0.41742957048432056,0.17424744631472433,0.10767615057995827
IN.ADM2.00260,arhartur,Kharif,cleaned,16,0.41742957048432056,0.17424744631472433,0.10767615057995827
IN.ADM2.00261,arhartur,Kharif,full,16,0.672067930850826,0.45167530367811054,0.004347980266127514
IN.ADM2.00261,arhartur,Kharif,cleaned,16,0.672067930850826,0.45167530367811054,0.004347980266127514
IN.ADM2.00262,arhartur,Kharif,full,16,0.04472040911201111,0.0019999149911456462,0.8693751580236907
IN.ADM2.00262,arhartur,Kharif,cleaned,16,0.04472040911201111,0.0019999149911456462,0.8693751580236907
IN.ADM2.00263,arhartur,Kharif,full,16,0.5529452616726541,0.30574846240623993,0.026313158408284517
IN.ADM2.00263,arhartur,Kharif,cleaned,15,0.6895524190601048,0.47548253863164236,0.004452051614953971
IN.ADM2.00266,arhartur,Kharif,full,16,0.25702801197278,0.06606339893867955,0.33655615282159185
IN.ADM2.00266,arhartur,Kharif,cleaned,15,0.224181541091797,0.050257363366293065,0.42184223014276645
IN.ADM2.00267,arhartur,Kharif,full,16,0.25452686110482564,0.0647839230238752,0.34144366529619713
IN.ADM2.00267,arhartur,Kharif,cleaned,16,0.25452686110482564,0.0647839230238752,0.34144366529619713
IN.ADM2.00268,arhartur,Kharif,full,16,0.36816088867117236,0.13554243994714738,0.16060269671315208
IN.ADM2.00268,arhartur,Kharif,cleaned,16,0.36816088867117236,0.13554243994714738,0.16060269671315208
IN.ADM2.00269,arhartur,Kharif,full,16,0.6111477579679541,0.373501582069257,0.011897412283125623
IN.ADM2.00269,arhartur,Kharif,cleaned,16,0.6111477579679541,0.373501582069257,0.011897412283125623
IN.ADM2.00270,arhartur,Kharif,full,16,0.6350105889473855,0.4032384480753054,0.008219550798286103
IN.ADM2.00270,arhartur,Kharif,cleaned,16,0.6350105889473855,0.4032384480753054,0.008219550798286103
IN.ADM2.00271,arhartur,Kharif,full,16,0.0583815747370372,0.0034084082687762603,0.8299503555067654
IN.ADM2.00271,arhartur,Kharif,cleaned,16,0.0583815747370372,0.0034084082687762603,0.8299503555067654
IN.ADM2.00273,arhartur,Kharif,full,16,-0.46424597820539665,0.21552432827988563,0.07005750250188708
IN.ADM2.00273,arhartur,Kharif,cleaned,12,-0.4380321397442357,0.19187215544891364,0.15437314940663366
IN.ADM2.00274,arhartur,Kharif,full,16,0.43504968007871914,0.18926822413659586,0.09215575555925845
IN.ADM2.00274,arhartur,Kharif,cleaned,15,0.5756039712093847,0.3313199316720141,0.024749363361593658
IN.ADM2.00275,arhartur,Kharif,full,16,0.481470279159907,0.23181362971431876,0.05898913709911826
IN.ADM2.00275,arhartur,Kharif,cleaned,16,0.481470279159907,0.23181362971431876,0.05898913709911826
IN.ADM2.00277,arhartur,Kharif,full,16,0.609887302201459,0.3719625213865738,0.012122579901356432
IN.ADM2.00277,arhartur,Kharif,cleaned,16,0.609887302201459,0.3719625213865738,0.012122579901356432
IN.ADM2.00278,arhartur,Kharif,full,16,-0.34442236564491224,0.11862676595643762,0.19143642910828165
IN.ADM2.00278,arhartur,Kharif,cleaned,16,-0.34442236564491224,0.11862676595643762,0.19143642910828165
IN.ADM2.00279,arhartur,Kharif,full,16,0.10183312160997665,0.010369984656832294,0.7074607735758063
IN.ADM2.00279,arhartur,Kharif,cleaned,16,0.10183312160997665,0.010369984656832294,0.7074607735758063
IN.ADM2.00280,arhartur,Kharif,full,16,0.3598846574218023,0.129516966647608,0.17094640233690597
IN.ADM2.00280,arhartur,Kharif,cleaned,16,0.3598846574218023,0.129516966647608,0.17094640233690597
IN.ADM2.00282,arhartur,Kharif,full,8,-0.7453677808345983,0.5555731287062938,0.033793421622842816
IN.ADM2.00282,arhartur,Kharif,cleaned,8,-0.7453677808345983,0.5555731287062938,0.033793421622842816
IN.ADM2.00289,arhartur,Kharif,full,15,0.05793356840702775,0.003356298348371764,0.8375087550569807
IN.ADM2.00289,arhartur,Kharif,cleaned,15,0.05793356840702775,0.003356298348371764,0.8375087550569807
IN.ADM2.00297,arhartur,Kharif,full,16,0.2093622779643759,0.0438325634344326,0.4364502734159481
IN.ADM2.00297,arhartur,Kharif,cleaned,16,0.2093622779643759,0.0438325634344326,0.4364502734159481
IN.ADM2.00300,arhartur,Kharif,full,15,0.2420803510196103,0.05860289634977774,0.3846992321207707
IN.ADM2.00300,arhartur,Kharif,cleaned,14,0.2480141565635746,0.06151102185594129,0.39258436587272283
IN.ADM2.00321,arhartur,Kharif,full,16,0.15216846811495258,0.02315524268845134,0.5737120982755752
IN.ADM2.00321,arhartur,Kharif,cleaned,16,0.15216846811495258,0.02315524268845134,0.5737120982755752
IN.ADM2.00324,arhartur,Kharif,full,11,0.3474235582969691,0.12070312885972748,0.2951588324342205
IN.ADM2.00329,arhartur,Kharif,full,16,0.20666918927573014,0.04271215379588757,0.44250702829427657
IN.ADM2.00329,arhartur,Kharif,cleaned,15,0.07055916341906318,0.004978595542398064,0.8026822717816321
IN.ADM2.00332,arhartur,Kharif,full,16,-0.10849702426236174,0.011771604273787512,0.6891799469715932
IN.ADM2.00332,arhartur,Kharif,cleaned,11,-0.3790428427833432,0.14367347666527824,0.25029813201709067
IN.ADM2.00333,arhartur,Kharif,full,13,0.4201117580212593,0.1764938892277131,0.15292809620263237
IN.ADM2.00333,arhartur,Kharif,cleaned,13,0.4201117580212593,0.1764938892277131,0.15292809620263237
IN.ADM2.00334,arhartur,Kharif,full,16,0.18976570994605035,0.036011024671328516,0.4814784952982141
IN.ADM2.00334,arhartur,Kharif,cleaned,15,0.6240378645631325,0.3894232564085145,0.01290652492530312
IN.ADM2.00335,arhartur,Kharif,full,16,0.6392490017448456,0.4086392862317816,0.007673159892344656
IN.ADM2.00335,arhartur,Kharif,cleaned,16,0.6392490017448456,0.4086392862317816,0.007673159892344656
IN.ADM2.00337,arhartur,Kharif,full,16,0.2408617556625251,0.05801438534083394,0.3688511164165605
IN.ADM2.00337,arhartur,Kharif,cleaned,15,-0.08334760569940865,0.006946823375824097,0.7677547538622111
IN.ADM2.00338,arhartur,Kharif,full,10,0.02266830689686513,0.0005138521375704632,0.9504385511537153
IN.ADM2.00338,arhartur,Kharif,cleaned,10,0.02266830689686513,0.0005138521375704632,0.9504385511537153
IN.ADM2.00339,arhartur,Kharif,full,14,0.3336233695851886,0.11130455273337536,0.24373463759458602
IN.ADM2.00339,arhartur,Kharif,cleaned,14,0.3336233695851886,0.11130455273337536,0.24373463759458602
IN.ADM2.00340,arhartur,Kharif,full,16,0.2713200425910617,0.07361456551161552,0.30940243732900385
IN.ADM2.00340,arhartur,Kharif,cleaned,16,0.2713200425910617,0.07361456551161552,0.30940243732900385
IN.ADM2.00343,arhartur,Kharif,full,16,-0.14983393439824516,0.022450207897257636,0.579673545637253
IN.ADM2.00343,arhartur,Kharif,cleaned,9,-0.10142156977278213,0.010286334815175314,0.7951485734080438
IN.ADM2.00344,arhartur,Kharif,full,16,0.6093628492728294,0.37132308207390097,0.012217247685165973
IN.ADM2.00344,arhartur,Kharif,cleaned,16,0.6093628492728294,0.37132308207390097,0.012217247685165973
IN.ADM2.00349,arhartur,Kharif,full,16,0.44398395039261424,0.19712174820623135,0.08492771810604534
IN.ADM2.00349,arhartur,Kharif,cleaned,16,0.44398395039261424,0.19712174820623135,0.08492771810604534
IN.ADM2.00350,arhartur,Kharif,full,10,0.2892049147495174,0.08363948271527565,0.4176750697579614
IN.ADM2.00350,arhartur,Kharif,cleaned,10,0.2892049147495174,0.08363948271527565,0.4176750697579614
IN.ADM2.00357,arhartur,Kharif,full,15,0.7232984051536753,0.5231605828978502,0.002307626750725302
IN.ADM2.00357,arhartur,Kharif,cleaned,15,0.7232984051536753,0.5231605828978502,0.002307626750725302
IN.ADM2.00364,arhartur,Kharif,full,8,-0.2837521823810524,0.08051530100601001,0.495832841945299
IN.ADM2.00364,arhartur,Kharif,cleaned,8,-0.2837521823810524,0.08051530100601001,0.495832841945299
IN.ADM2.00365,arhartur,Kharif,full,8,0.2132406383310674,0.045471569835841094,0.6121289451316029
IN.ADM2.00365,arhartur,Kharif,cleaned,8,0.2132406383310674,0.045471569835841094,0.6121289451316029
IN.ADM2.00366,arhartur,Kharif,full,8,0.8653562211678547,0.7488413895139091,0.005502734219741678
IN.ADM2.00366,arhartur,Kharif,cleaned,8,0.8653562211678547,0.7488413895139091,0.005502734219741678
IN.ADM2.00367,arhartur,Kharif,full,8,0.3782084393901398,0.14304162362592507,0.3555816799324915
IN.ADM2.00367,arhartur,Kharif,cleaned,8,0.3782084393901398,0.14304162362592507,0.3555816799324915
IN.ADM2.00368,arhartur,Kharif,full,8,0.0942830062549482,0.008889285268470602,0.8242642051254767
IN.ADM2.00368,arhartur,Kharif,cleaned,8,0.0942830062549482,0.008889285268470602,0.8242642051254767
IN.ADM2.00369,arhartur,Kharif,full,8,-0.4776840180369082,0.22818202108788524,0.2312642506400115
IN.ADM2.00369,arhartur,Kharif,cleaned,8,-0.4776840180369082,0.22818202108788524,0.2312642506400115
IN.ADM2.00374,arhartur,Kharif,full,8,-0.005229589458722456,2.7348605906781026e-05,0.9901946985409051
IN.ADM2.00374,arhartur,Kharif,cleaned,8,-0.005229589458722456,2.7348605906781026e-05,0.9901946985409051
IN.ADM2.00376,arhartur,Kharif,full,8,-0.22088480462635485,0.04879009691482295,0.5991150511927944
IN.ADM2.00376,arhartur,Kharif,cleaned,8,-0.22088480462635485,0.04879009691482295,0.5991150511927944
IN.ADM2.00378,arhartur,Kharif,full,8,0.8704648001819824,0.7577089683558584,0.0049195723343143085
IN.ADM2.00378,arhartur,Kharif,cleaned,8,0.8704648001819824,0.7577089683558584,0.0049195723343143085
IN.ADM2.00383,arhartur,Kharif,full,8,-0.5746731013357623,0.33024917339886334,0.13621591437368763
IN.ADM2.00383,arhartur,Kharif,cleaned,8,-0.5746731013357623,0.33024917339886334,0.13621591437368763
IN.ADM2.00384,arhartur,Kharif,full,8,0.1440193934323291,0.020741585684616003,0.7336743908997017
IN.ADM2.00384,arhartur,Kharif,cleaned,8,0.1440193934323291,0.020741585684616003,0.7336743908997017
IN.ADM2.00387,arhartur,Kharif,full,13,0.1704190869992069,0.029042665213643255,0.5777728335441673
IN.ADM2.00388,arhartur,Kharif,full,13,0.16466237733471473,0.027113698509519973,0.5908739131600652
IN.ADM2.00388,arhartur,Kharif,cleaned,13,0.16466237733471473,0.027113698509519973,0.5908739131600652
IN.ADM2.00390,arhartur,Kharif,full,13,0.35205579763850653,0.12394328465088505,0.23811818559275844
IN.ADM2.00390,arhartur,Kharif,cleaned,13,0.35205579763850653,0.12394328465088505,0.23811818559275844
IN.ADM2.00392,arhartur,Kharif,full,13,0.32066086094368873,0.10282338774114769,0.2854305169291766
IN.ADM2.00392,arhartur,Kharif,cleaned,13,0.32066086094368873,0.10282338774114769,0.2854305169291766
IN.ADM2.00393,arhartur,Kharif,full,13,-0.2624677510806751,0.06888932035734723,0.38631270193980954
IN.ADM2.00393,arhartur,Kharif,cleaned,13,-0.2624677510806751,0.06888932035734723,0.38631270193980954
IN.ADM2.00394,arhartur,Kharif,full,13,0.35570031236003047,0.12652271221302325,0.23295470635099264
IN.ADM2.00394,arhartur,Kharif,cleaned,13,0.35570031236003047,0.12652271221302325,0.23295470635099264
IN.ADM2.00395,arhartur,Kharif,full,13,0.10742864159637486,0.011540913035242363,0.7268459648375837
IN.ADM2.00395,arhartur,Kharif,cleaned,13,0.10742864159637486,0.011540913035242363,0.7268459648375837
IN.ADM2.00396,arhartur,Kharif,full,13,-0.23573833846904318,0.055572564224145166,0.43813373890076573
IN.ADM2.00396,arhartur,Kharif,cleaned,13,-0.23573833846904318,0.055572564224145166,0.43813373890076573
IN.ADM2.00398,arhartur,Kharif,full,13,0.0655948051652675,0.0043026784646694035,0.8314030672230257
IN.ADM2.00398,arhartur,Kharif,cleaned,13,0.0655948051652675,0.0043026784646694035,0.8314030672230257
IN.ADM2.00399,arhartur,Kharif,full,13,-0.03127172304171749,0.0009779206619978846,0.9192217428646227
IN.ADM2.00399,arhartur,Kharif,cleaned,13,-0.03127172304171749,0.0009779206619978846,0.9192217428646227
IN.ADM2.00400,arhartur,Kharif,full,13,-0.2285262912817055,0.05222426580697091,0.4526742455800452
IN.ADM2.00400,arhartur,Kharif,cleaned,13,-0.2285262912817055,0.05222426580697091,0.4526742455800452
IN.ADM2.00401,arhartur,Kharif,full,13,0.24549315518155534,0.060266889240995214,0.4188392080364047
IN.ADM2.00401,arhartur,Kharif,cleaned,13,0.24549315518155534,0.060266889240995214,0.4188392080364047
IN.ADM2.00405,arhartur,Kharif,full,13,-0.0021970434573253816,4.826999953376266e-06,0.9943165107663913
IN.ADM2.00405,arhartur,Kharif,cleaned,13,-0.0021970434573253816,4.826999953376266e-06,0.9943165107663913
IN.ADM2.00406,arhartur,Kharif,full,13,-0.16427601533488212,0.026986609214306425,0.5917573612594633
IN.ADM2.00406,arhartur,Kharif,cleaned,13,-0.16427601533488212,0.026986609214306425,0.5917573612594633
IN.ADM2.00409,arhartur,Kharif,full,13,0.7834568947569905,0.6138047059422661,0.0015332689296615458
IN.ADM2.00409,arhartur,Kharif,cleaned,13,0.7834568947569905,0.6138047059422661,0.0015332689296615458
IN.ADM2.00410,arhartur,Kharif,full,13,0.2438241013307037,0.059450192389725265,0.42210975575981863
IN.ADM2.00410,arhartur,Kharif,cleaned,13,0.2438241013307037,0.059450192389725265,0.42210975575981863
IN.ADM2.00412,arhartur,Kharif,full,13,0.2955924632125341,0.08737490430805331,0.32682284330469713
IN.ADM2.00412,arhartur,Kharif,cleaned,13,0.2955924632125341,0.08737490430805331,0.32682284330469713
IN.ADM2.00413,arhartur,Kharif,full,13,0.08947529113725101,0.00800582772409583,0.7712927555418528
IN.ADM2.00413,arhartur,Kharif,cleaned,13,0.08947529113725101,0.00800582772409583,0.7712927555418528
IN.ADM2.00414,arhartur,Kharif,full,13,-0.1530233511990874,0.02341614601219924,0.617710991245379
IN.ADM2.00414,arhartur,Kharif,cleaned,13,-0.1530233511990874,0.02341614601219924,0.617710991245379
IN.ADM2.00416,arhartur,Kharif,full,13,-0.05696923334398375,0.0032454935478012704,0.8533413351539276
IN.ADM2.00416,arhartur,Kharif,cleaned,13,-0.05696923334398375,0.0032454935478012704,0.8533413351539276
IN.ADM2.00417,arhartur,Kharif,full,12,0.5926839843202768,0.3512743052697581,0.04226716113278133
IN.ADM2.00417,arhartur,Kharif,cleaned,12,0.5926839843202768,0.3512743052697581,0.04226716113278133
IN.ADM2.00418,arhartur,Kharif,full,13,-0.4858616705603307,0.2360615629196753,0.0923165403454508
IN.ADM2.00418,arhartur,Kharif,cleaned,13,-0.4858616705603307,0.2360615629196753,0.0923165403454508
IN.ADM2.00419,arhartur,Kharif,full,13,0.11821532736499908,0.0139748636240139,0.7005060593816119
IN.ADM2.00419,arhartur,Kharif,cleaned,13,0.11821532736499908,0.0139748636240139,0.7005060593816119
IN.ADM2.00420,arhartur,Kharif,full,13,-0.28617280802453715,0.0818948760526486,0.34319217422185383
IN.ADM2.00420,arhartur,Kharif,cleaned,13,-0.28617280802453715,0.0818948760526486,0.34319217422185383
IN.ADM2.00421,arhartur,Kharif,full,12,0.28690177362131525,0.08231262770705643,0.36592240963833783
IN.ADM2.00421,arhartur,Kharif,cleaned,12,0.28690177362131525,0.08231262770705643,0.36592240963833783
IN.ADM2.00422,arhartur,Kharif,full,13,0.27044340547018886,0.07313963556231298,0.37150067852959007
IN.ADM2.00422,arhartur,Kharif,cleaned,13,0.27044340547018886,0.07313963556231298,0.37150067852959007
IN.ADM2.00423,arhartur,Kharif,full,13,-0.03698770166677813,0.0013680900745905817,0.9045126105891964
IN.ADM2.00423,arhartur,Kharif,cleaned,13,-0.03698770166677813,0.0013680900745905817,0.9045126105891964
IN.ADM2.00424,arhartur,Kharif,full,9,-0.16395243826637199,0.026880402013488517,0.6733903633217049
IN.ADM2.00424,arhartur,Kharif,cleaned,9,-0.16395243826637199,0.026880402013488517,0.6733903633217049
IN.ADM2.00425,arhartur,Kharif,full,13,0.23093507145077796,0.053331007225975925,0.44779207630034784
IN.ADM2.00425,arhartur,Kharif,cleaned,13,0.23093507145077796,0.053331007225975925,0.44779207630034784
IN.ADM2.00426,arhartur,Kharif,full,13,-0.07014552315355033,0.004920394418485265,0.8198729675526378
IN.ADM2.00426,arhartur,Kharif,cleaned,13,-0.07014552315355033,0.004920394418485265,0.8198729675526378
IN.ADM2.00427,arhartur,Kharif,full,13,0.2254010093249222,0.05080561500469367,0.45904674727691513
IN.ADM2.00427,arhartur,Kharif,cleaned,13,0.2254010093249222,0.05080561500469367,0.45904674727691513
IN.ADM2.00429,arhartur,Kharif,full,13,0.30744287738332715,0.09452112285373954,0.30685963962969837
IN.ADM2.00429,arhartur,Kharif,cleaned,13,0.30744287738332715,0.09452112285373954,0.30685963962969837
IN.ADM2.00430,arhartur,Kharif,full,13,0.4457194960965246,0.19866586920053983,0.12688822526085802
IN.ADM2.00430,arhartur,Kharif,cleaned,13,0.4457194960965246,0.19866586920053983,0.12688822526085802
IN.ADM2.00433,arhartur,Kharif,full,13,-0.12162993892094519,0.014793842041912857,0.6922302772778537
IN.ADM2.00433,arhartur,Kharif,cleaned,13,-0.12162993892094519,0.014793842041912857,0.6922302772778537
IN.ADM2.00436,arhartur,Kharif,full,12,0.26465470704642347,0.07004211396182823,0.4058176542377734
IN.ADM2.00436,arhartur,Kharif,cleaned,12,0.26465470704642347,0.07004211396182823,0.4058176542377734
IN.ADM2.00438,arhartur,Kharif,full,13,-0.23785330210639993,0.056574193322918354,0.4339137980514756
IN.ADM2.00438,arhartur,Kharif,cleaned,13,-0.23785330210639993,0.056574193322918354,0.4339137980514756
IN.ADM2.00439,arhartur,Kharif,full,13,-0.20105980246761046,0.040425044168314536,0.51011054455508
IN.ADM2.00439,arhartur,Kharif,cleaned,13,-0.20105980246761046,0.040425044168314536,0.51011054455508
IN.ADM2.00440,arhartur,Kharif,full,13,0.15873842629086743,0.025197887981301154,0.6044760306859335
IN.ADM2.00440,arhartur,Kharif,cleaned,13,0.15873842629086743,0.025197887981301154,0.6044760306859335
IN.ADM2.00441,arhartur,Kharif,full,8,-0.07904437247033452,0.006248012819228978,0.8524079822933504
IN.ADM2.00441,arhartur,Kharif,cleaned,8,-0.07904437247033452,0.006248012819228978,0.8524079822933504
IN.ADM2.00442,arhartur,Kharif,full,13,0.04123711079284374,0.0017004993065412699,0.8935953621362787
IN.ADM2.00442,arhartur,Kharif,cleaned,13,0.04123711079284374,0.0017004993065412699,0.8935953621362787
IN.ADM2.00443,arhartur,Kharif,full,13,-0.3101140769393257,0.09617074071593001,0.3024575303254023
IN.ADM2.00443,arhartur,Kharif,cleaned,13,-0.3101140769393257,0.09617074071593001,0.3024575303254023
IN.ADM2.00444,arhartur,Kharif,full,13,-0.10792490810775028,0.011647785790066343,0.7256278083548403
IN.ADM2.00444,arhartur,Kharif,cleaned,13,-0.10792490810775028,0.011647785790066343,0.7256278083548403
IN.ADM2.00445,arhartur,Kharif,full,13,0.25541118760389164,0.06523487475323034,0.39967040756404665
IN.ADM2.00445,arhartur,Kharif,cleaned,13,0.25541118760389164,0.06523487475323034,0.39967040756404665
IN.ADM2.00448,arhartur,Kharif,full,13,-0.051927749506411054,0.0026964911688005734,0.8662099374837016
IN.ADM2.00448,arhartur,Kharif,cleaned,13,-0.051927749506411054,0.0026964911688005734,0.8662099374837016
IN.ADM2.00470,arhartur,Kharif,full,16,0.13623460851272,0.018559868556614085,0.6149006185797519
IN.ADM2.00470,arhartur,Kharif,cleaned,16,0.13623460851272,0.018559868556614085,0.6149006185797519
IN.ADM2.00471,arhartur,Kharif,full,16,0.4103679038591379,0.16840181651774266,0.11438305804250884
IN.ADM2.00471,arhartur,Kharif,cleaned,16,0.4103679038591379,0.16840181651774266,0.11438305804250884
IN.ADM2.00479,arhartur,Kharif,full,16,0.12855376336156749,0.01652607007442189,0.6351575743487612
IN.ADM2.00479,arhartur,Kharif,cleaned,16,0.12855376336156749,0.01652607007442189,0.6351575743487612
IN.ADM2.00482,arhartur,Kharif,full,16,0.005856467230062418,3.429820841679497e-05,0.982826401610604
IN.ADM2.00482,arhartur,Kharif,cleaned,16,0.005856467230062418,3.429820841679497e-05,0.982826401610604
IN.ADM2.00483,arhartur,Kharif,full,16,0.2058899134025265,0.04239065644089986,0.444267543333811
IN.ADM2.00483,arhartur,Kharif,cleaned,16,0.2058899134025265,0.04239065644089986,0.444267543333811
IN.ADM2.00485,arhartur,Kharif,full,13,-0.36141323209148557,0.130619524330814,0.2249986118589732
IN.ADM2.00485,arhartur,Kharif,cleaned,13,-0.36141323209148557,0.130619524330814,0.2249986118589732
IN.ADM2.00488,arhartur,Kharif,full,16,0.7680538304219909,0.5899066864258924,0.0005111833591580423
IN.ADM2.00488,arhartur,Kharif,cleaned,14,0.775477672930982,0.6013656212144511,0.001117889111897799
IN.ADM2.00489,arhartur,Kharif,full,14,0.3042652710423808,0.09257735516249346,0.29021294011516086
IN.ADM2.00489,arhartur,Kharif,cleaned,14,0.3042652710423808,0.09257735516249346,0.29021294011516086
IN.ADM2.00491,arhartur,Kharif,full,7,-0.7747246157162762,0.6001982301967318,0.04080447434797422
IN.ADM2.00491,arhartur,Kharif,cleaned,7,-0.7747246157162762,0.6001982301967318,0.04080447434797422
IN.ADM2.00492,arhartur,Kharif,full,8,-0.30736216017396933,0.09447149750680878,0.45896346707345437
IN.ADM2.00492,arhartur,Kharif,cleaned,8,-0.30736216017396933,0.09447149750680878,0.45896346707345437
IN.ADM2.00494,arhartur,Kharif,full,16,0.30818702174288676,0.09497924037075056,0.24552303811835213
IN.ADM2.00494,arhartur,Kharif,cleaned,16,0.30818702174288676,0.09497924037075056,0.24552303811835213
IN.ADM2.00495,arhartur,Kharif,full,16,0.2349791124972167,0.05521518330997962,0.3810124999922447
IN.ADM2.00495,arhartur,Kharif,cleaned,16,0.2349791124972167,0.05521518330997962,0.3810124999922447
IN.ADM2.00498,arhartur,Kharif,full,15,0.3577131834254455,0.12795872159636643,0.19051582984587503
IN.ADM2.00498,arhartur,Kharif,cleaned,13,0.39251453674094433,0.15406766155295815,0.18462957631045895
IN.ADM2.00502,arhartur,Kharif,full,15,0.11084262240202682,0.012286086940958297,0.6941242515689424
IN.ADM2.00502,arhartur,Kharif,cleaned,15,0.11084262240202682,0.012286086940958297,0.6941242515689424
IN.ADM2.00503,arhartur,Kharif,full,15,0.19119554141068656,0.03655573505532556,0.49486244429209975
IN.ADM2.00512,arhartur,Kharif,full,10,-0.11307921755229053,0.01278690944223825,0.7557779986422964
IN.ADM2.00533,arhartur,Kharif,full,8,-0.29711560213502114,0.08827768103205617,0.4748258139185563
IN.ADM2.00533,arhartur,Kharif,cleaned,8,-0.29711560213502114,0.08827768103205617,0.4748258139185563
IN.ADM2.00534,arhartur,Kharif,full,8,-0.2532505165711813,0.06413582414357018,0.5450676740457657
IN.ADM2.00534,arhartur,Kharif,cleaned,7,-0.46064615587734925,0.21219488092457914,0.29824070733111485
IN.ADM2.00540,arhartur,Kharif,full,15,-0.050925186534680325,0.0025933746235919865,0.8569663603193426
IN.ADM2.00540,arhartur,Kharif,cleaned,15,-0.050925186534680325,0.0025933746235919865,0.8569663603193426
IN.ADM2.00541,arhartur,Kharif,full,16,0.14424026882374238,0.02080525515034547,0.594061269797699
IN.ADM2.00541,arhartur,Kharif,cleaned,15,0.20837102335631272,0.04341848337455702,0.45612364988141507
IN.ADM2.00552,arhartur,Kharif,full,14,0.5208062843672626,0.271239185836434,0.05619444594413442
IN.ADM2.00552,arhartur,Kharif,cleaned,13,0.6410513523667501,0.41094683637123924,0.01822030758047317
IN.ADM2.00554,arhartur,Kharif,full,13,-0.18272834058134443,0.033389646451611805,0.5501614014411834
IN.ADM2.00554,arhartur,Kharif,cleaned,13,-0.18272834058134443,0.033389646451611805,0.5501614014411834
IN.ADM2.00555,arhartur,Kharif,full,13,0.49392970565317684,0.24396655412663393,0.08624594811072007
IN.ADM2.00555,arhartur,Kharif,cleaned,13,0.49392970565317684,0.24396655412663393,0.08624594811072007
IN.ADM2.00556,arhartur,Kharif,full,13,0.3505886187669979,0.12291237960895138,0.24021619941229783
IN.ADM2.00556,arhartur,Kharif,cleaned,13,0.3505886187669979,0.12291237960895138,0.24021619941229783
IN.ADM2.00562,arhartur,Kharif,full,16,0.0472554811662443,0.0022330805002532695,0.8620346255279672
IN.ADM2.00562,arhartur,Kharif,cleaned,16,0.0472554811662443,0.0022330805002532695,0.8620346255279672
IN.ADM2.00564,arhartur,Kharif,full,10,0.088057123610529,0.007754057018559984,0.8088617308463486
IN.ADM2.00566,arhartur,Kharif,full,8,0.022057638202606922,0.0004865394030771043,0.958655341299706
IN.ADM2.00566,arhartur,Kharif,cleaned,8,0.022057638202606922,0.0004865394030771043,0.958655341299706
IN.ADM2.00567,arhartur,Kharif,full,8,0.3588518262281414,0.12877463318727217,0.38268503887724914
IN.ADM2.00567,arhartur,Kharif,cleaned,8,0.3588518262281414,0.12877463318727217,0.38268503887724914
IN.ADM2.00568,arhartur,Kharif,full,8,0.6407389647300942,0.4105464209233929,0.0869324879942341
IN.ADM2.00568,arhartur,Kharif,cleaned,8,0.6407389647300942,0.4105464209233929,0.0869324879942341
IN.ADM2.00570,arhartur,Kharif,full,13,-0.09744956643021387,0.009496417997436665,0.7514631310293748
IN.ADM2.00570,arhartur,Kharif,cleaned,13,-0.09744956643021387,0.009496417997436665,0.7514631310293748
IN.ADM2.00571,arhartur,Kharif,full,13,-0.4772961756546062,0.22781163929451267,0.09907554596362755
IN.ADM2.00571,arhartur,Kharif,cleaned,13,-0.4772961756546062,0.22781163929451267,0.09907554596362755
IN.ADM2.00572,arhartur,Kharif,full,13,-0.10408677939608561,0.010834057645049392,0.7350643160276612
IN.ADM2.00572,arhartur,Kharif,cleaned,13,-0.10408677939608561,0.010834057645049392,0.7350643160276612
IN.ADM2.00573,arhartur,Kharif,full,13,0.4988285110268425,0.24882988341325674,0.08269756429685178
IN.ADM2.00573,arhartur,Kharif,cleaned,13,0.4988285110268425,0.24882988341325674,0.08269756429685178
IN.ADM2.00574,arhartur,Kharif,full,13,-0.23050377628286245,0.0531319908806599,0.4486643470516667
IN.ADM2.00574,arhartur,Kharif,cleaned,13,-0.23050377628286245,0.0531319908806599,0.4486643470516667
IN.ADM2.00577,arhartur,Kharif,full,8,0.1416826129205906,0.020073962804005904,0.7378788552798295
IN.ADM2.00577,arhartur,Kharif,cleaned,8,0.1416826129205906,0.020073962804005904,0.7378788552798295
IN.ADM2.00578,arhartur,Kharif,full,8,0.6115253189083207,0.3739632156659234,0.1071796615430859
IN.ADM2.00578,arhartur,Kharif,cleaned,8,0.6115253189083207,0.3739632156659234,0.1071796615430859
IN.ADM2.00001,arhartur,Rabi,full,7,-0.075215246874827,0.005657333362441173,0.8726715150328361
IN.ADM2.00001,arhartur,Rabi,cleaned,7,-0.075215246874827,0.005657333362441173,0.8726715150328361
IN.ADM2.00003,arhartur,Rabi,full,14,0.3868482700812637,0.14965158406486637,0.1718076165483719
IN.ADM2.00003,arhartur,Rabi,cleaned,14,0.3868482700812637,0.14965158406486637,0.1718076165483719
IN.ADM2.00005,arhartur,Rabi,full,14,-0.20090428899992843,0.040362533338566764,0.49100963479200005
IN.ADM2.00005,arhartur,Rabi,cleaned,14,-0.20090428899992843,0.040362533338566764,0.49100963479200005
IN.ADM2.00007,arhartur,Rabi,full,11,-0.3066252869646666,0.09401906660616416,0.3590797298604433
IN.ADM2.00007,arhartur,Rabi,cleaned,11,-0.3066252869646666,0.09401906660616416,0.3590797298604433
IN.ADM2.00008,arhartur,Rabi,full,14,0.3290300146182161,0.10826075051966352,0.2506867430861756
IN.ADM2.00008,arhartur,Rabi,cleaned,14,0.3290300146182161,0.10826075051966352,0.2506867430861756
IN.ADM2.00010,arhartur,Rabi,full,14,0.07483185599003721,0.005599806670913667,0.7993057819351976
IN.ADM2.00010,arhartur,Rabi,cleaned,14,0.07483185599003721,0.005599806670913667,0.7993057819351976
IN.ADM2.00011,arhartur,Rabi,full,14,-0.19397910700229853,0.03762789395340919,0.5063760727072075
IN.ADM2.00011,arhartur,Rabi,cleaned,14,-0.19397910700229853,0.03762789395340919,0.5063760727072075
IN.ADM2.00012,arhartur,Rabi,full,8,-0.22826193127941025,0.0521035092714062,0.5866430584397604
IN.ADM2.00012,arhartur,Rabi,cleaned,8,-0.22826193127941025,0.0521035092714062,0.5866430584397604
IN.ADM2.00013,arhartur,Rabi,full,14,0.13543729139704577,0.01834325990096829,0.6443322437396916
IN.ADM2.00013,arhartur,Rabi,cleaned,14,0.13543729139704577,0.01834325990096829,0.6443322437396916
IN.ADM2.00014,arhartur,Rabi,full,9,0.7668916513321398,0.5881228048829362,0.015894064091672322
IN.ADM2.00014,arhartur,Rabi,cleaned,9,0.7668916513321398,0.5881228048829362,0.015894064091672322
IN.ADM2.00016,arhartur,Rabi,full,13,0.5438640069557206,0.2957880580619321,0.05469565566626171
IN.ADM2.00016,arhartur,Rabi,cleaned,13,0.5438640069557206,0.2957880580619321,0.05469565566626171
IN.ADM2.00018,arhartur,Rabi,full,7,0.4228223789116282,0.1787787641084885,0.34459926768950544
IN.ADM2.00018,arhartur,Rabi,cleaned,7,0.4228223789116282,0.1787787641084885,0.34459926768950544
IN.ADM2.00021,arhartur,Rabi,full,6,-0.07450878231673455,0.005551558642322535,0.8884436464620978
IN.ADM2.00021,arhartur,Rabi,cleaned,6,-0.07450878231673455,0.005551558642322535,0.8884436464620978
IN.ADM2.00025,arhartur,Rabi,full,12,-0.41330597329193947,0.17082182755879738,0.18172687858944137
IN.ADM2.00025,arhartur,Rabi,cleaned,12,-0.41330597329193947,0.17082182755879738,0.18172687858944137
IN.ADM2.00066,arhartur,Rabi,full,9,-0.015515560918054647,0.00024073263060186476,0.9683982990674735
IN.ADM2.00066,arhartur,Rabi,cleaned,9,-0.015515560918054647,0.00024073263060186476,0.9683982990674735
IN.ADM2.00068,arhartur,Rabi,full,14,-0.06437626844708248,0.004144303939170827,0.8269291642379376
IN.ADM2.00068,arhartur,Rabi,cleaned,14,-0.06437626844708248,0.004144303939170827,0.8269291642379376
IN.ADM2.00071,arhartur,Rabi,full,14,0.16944907237089996,0.02871298812735849,0.5625063293840725
IN.ADM2.00071,arhartur,Rabi,cleaned,14,0.16944907237089996,0.02871298812735849,0.5625063293840725
IN.ADM2.00073,arhartur,Rabi,full,14,0.11954773707947694,0.014291661440823746,0.6839581152697753
IN.ADM2.00073,arhartur,Rabi,cleaned,14,0.11954773707947694,0.014291661440823746,0.6839581152697753
IN.ADM2.00088,arhartur,Rabi,full,14,0.001298838734100527,1.6869820571998595e-06,0.9964840128437658
IN.ADM2.00088,arhartur,Rabi,cleaned,14,0.001298838734100527,1.6869820571998595e-06,0.9964840128437658
IN.ADM2.00091,arhartur,Rabi,full,11,-0.08291525743328493,0.006874939915227912,0.8084963106591363
IN.ADM2.00091,arhartur,Rabi,cleaned,11,-0.08291525743328493,0.006874939915227912,0.8084963106591363
IN.ADM2.00093,arhartur,Rabi,full,14,-0.01251036484692343,0.0001565092286031375,0.9661428836407095
IN.ADM2.00093,arhartur,Rabi,cleaned,14,-0.01251036484692343,0.0001565092286031375,0.9661428836407095
IN.ADM2.00451,arhartur,Rabi,full,7,0.25453671606490713,0.06478893982510715,0.5817460764922775
IN.ADM2.00451,arhartur,Rabi,cleaned,7,0.25453671606490713,0.06478893982510715,0.5817460764922775
IN.ADM2.00452,arhartur,Rabi,full,10,0.4999156661048278,0.24991567321703367,0.1411911220441979
IN.ADM2.00452,arhartur,Rabi,cleaned,10,0.4999156661048278,0.24991567321703367,0.1411911220441979
IN.ADM2.00453,arhartur,Rabi,full,10,0.423636628976218,0.1794679934103338,0.22246522150872888
IN.ADM2.00453,arhartur,Rabi,cleaned,10,0.423636628976218,0.1794679934103338,0.22246522150872888
IN.ADM2.00455,arhartur,Rabi,full,13,0.010895346245426915,0.00011870856980773838,0.9718198535222259
IN.ADM2.00455,arhartur,Rabi,cleaned,13,0.010895346245426915,0.00011870856980773838,0.9718198535222259
IN.ADM2.00458,arhartur,Rabi,full,9,0.12399349261487351,0.015374386210834692,0.7506164578820415
IN.ADM2.00458,arhartur,Rabi,cleaned,9,0.12399349261487351,0.015374386210834692,0.7506164578820415
IN.ADM2.00460,arhartur,Rabi,full,13,0.377090619449079,0.14219733527649012,0.20402926425094517
IN.ADM2.00460,arhartur,Rabi,cleaned,13,0.377090619449079,0.14219733527649012,0.20402926425094517
IN.ADM2.00461,arhartur,Rabi,full,13,0.3902023353075171,0.15225786247943998,0.18746037068889662
IN.ADM2.00461,arhartur,Rabi,cleaned,13,0.3902023353075171,0.15225786247943998,0.18746037068889662
IN.ADM2.00463,arhartur,Rabi,full,12,0.5705841045315758,0.32556622034410027,0.05269899543584079
IN.ADM2.00463,arhartur,Rabi,cleaned,12,0.5705841045315758,0.32556622034410027,0.05269899543584079
IN.ADM2.00464,arhartur,Rabi,full,5,0.9998578433155111,0.9997157068395451,2.034583533756116e-06
IN.ADM2.00464,arhartur,Rabi,cleaned,5,0.9998578433155111,0.9997157068395451,2.034583533756116e-06
IN.ADM2.00465,arhartur,Rabi,full,13,0.22149488995072217,0.04905998627428253,0.4670713899675127
IN.ADM2.00465,arhartur,Rabi,cleaned,12,0.6752147852140127,0.4559150061716053,0.01597708861210472
IN.ADM2.00466,arhartur,Rabi,full,12,0.21206924130974525,0.04497336310969096,0.5081658653856793
IN.ADM2.00466,arhartur,Rabi,cleaned,12,0.21206924130974525,0.04497336310969096,0.5081658653856793
IN.ADM2.00468,arhartur,Rabi,full,11,0.3675380949792031,0.1350842512609417,0.2661396177338323
IN.ADM2.00468,arhartur,Rabi,cleaned,11,0.3675380949792031,0.1350842512609417,0.2661396177338323
IN.ADM2.00474,arhartur,Rabi,full,5,-0.11729520568634293,0.013758165277001494,0.8509982678913806
IN.ADM2.00474,arhartur,Rabi,cleaned,5,-0.11729520568634293,0.013758165277001494,0.8509982678913806
IN.ADM2.00477,arhartur,Rabi,full,14,-0.007887715847268578,6.221606128725186e-05,0.9786499206376749
IN.ADM2.00477,arhartur,Rabi,cleaned,14,-0.007887715847268578,6.221606128725186e-05,0.9786499206376749
IN.ADM2.00480,arhartur,Rabi,full,14,0.40984401836515555,0.16797211938969797,0.14556509059567108
IN.ADM2.00480,arhartur,Rabi,cleaned,14,0.40984401836515555,0.16797211938969797,0.14556509059567108
IN.ADM2.00481,arhartur,Rabi,full,14,0.2802938591510001,0.07856464747776067,0.3317321622578477
IN.ADM2.00481,arhartur,Rabi,cleaned,14,0.2802938591510001,0.07856464747776067,0.3317321622578477
IN.ADM2.00514,arhartur,Rabi,full,6,0.3643455539451572,0.13274768267960346,0.4776646830726822
IN.ADM2.00514,arhartur,Rabi,cleaned,6,0.3643455539451572,0.13274768267960346,0.4776646830726822
IN.ADM2.00537,arhartur,Rabi,full,14,-0.0017373950816748085,3.0185416698278145e-06,0.9952968408814794
IN.ADM2.00537,arhartur,Rabi,cleaned,14,-0.0017373950816748085,3.0185416698278145e-06,0.9952968408814794
IN.ADM2.00538,arhartur,Rabi,full,14,-0.006930086119273787,4.802609362055122e-05,0.9812415418360316
IN.ADM2.00538,arhartur,Rabi,cleaned,13,-0.37703911115347577,0.14215849133940306,0.20409609006037308
IN.ADM2.00542,arhartur,Rabi,full,13,0.04677424511844307,0.002187830006400195,0.8793959147183822
IN.ADM2.00542,arhartur,Rabi,cleaned,13,0.04677424511844307,0.002187830006400195,0.8793959147183822
IN.ADM2.00543,arhartur,Rabi,full,14,0.1441986032542596,0.020793237180479367,0.6228450430109778
IN.ADM2.00543,arhartur,Rabi,cleaned,14,0.1441986032542596,0.020793237180479367,0.6228450430109778
IN.ADM2.00199,arhartur,Whole Year,full,5,-0.8773702168769444,0.7697784974626964,0.05059102570703981
IN.ADM2.00199,arhartur,Whole Year,cleaned,5,-0.8773702168769444,0.7697784974626964,0.05059102570703981
IN.ADM2.00364,arhartur,Whole Year,full,6,0.48372767896641355,0.23399246739823365,0.3310027981254655
IN.ADM2.00364,arhartur,Whole Year,cleaned,6,0.48372767896641355,0.23399246739823365,0.3310027981254655
IN.ADM2.00365,arhartur,Whole Year,full,6,0.1000971482706862,0.01001943909192374,0.8503557362341573
IN.ADM2.00365,arhartur,Whole Year,cleaned,6,0.1000971482706862,0.01001943909192374,0.8503557362341573
IN.ADM2.00366,arhartur,Whole Year,full,6,-0.3834484918017386,0.14703274586502801,0.4530170046210987
IN.ADM2.00366,arhartur,Whole Year,cleaned,6,-0.3834484918017386,0.14703274586502801,0.4530170046210987
IN.ADM2.00367,arhartur,Whole Year,full,6,-0.177574098222512,0.03153256035953834,0.7364385356514779
IN.ADM2.00367,arhartur,Whole Year,cleaned,6,-0.177574098222512,0.03153256035953834,0.7364385356514779
IN.ADM2.00368,arhartur,Whole Year,full,6,0.54197531654505,0.2937372437441072,0.2666361930120664
IN.ADM2.00368,arhartur,Whole Year,cleaned,6,0.54197531654505,0.2937372437441072,0.2666361930120664
IN.ADM2.00369,arhartur,Whole Year,full,6,-0.27867892711782094,0.07766194441953976,0.5928029829976291
IN.ADM2.00369,arhartur,Whole Year,cleaned,6,-0.27867892711782094,0.07766194441953976,0.5928029829976291
IN.ADM2.00374,arhartur,Whole Year,full,6,-0.0042302405286036805,1.7894934929841145e-05,0.993654677057034
IN.ADM2.00374,arhartur,Whole Year,cleaned,6,-0.0042302405286036805,1.7894934929841145e-05,0.993654677057034
IN.ADM2.00376,arhartur,Whole Year,full,6,0.24147969207863246,0.058312441686391145,0.6448210971134429
IN.ADM2.00376,arhartur,Whole Year,cleaned,6,0.24147969207863246,0.058312441686391145,0.6448210971134429
IN.ADM2.00378,arhartur,Whole Year,full,6,-0.06299035168892964,0.003967784405895041,0.9056394385341822
IN.ADM2.00378,arhartur,Whole Year,cleaned,6,-0.06299035168892964,0.003967784405895041,0.9056394385341822
IN.ADM2.00383,arhartur,Whole Year,full,6,-0.7734619430221346,0.5982433773035757,0.07116632797147199
IN.ADM2.00383,arhartur,Whole Year,cleaned,6,-0.7734619430221346,0.5982433773035757,0.07116632797147199
IN.ADM2.00384,arhartur,Whole Year,full,6,0.5649170416675346,0.31913126396639907,0.24276578227045764
IN.ADM2.00384,arhartur,Whole Year,cleaned,6,0.5649170416675346,0.31913126396639907,0.24276578227045764
IN.ADM2.00492,arhartur,Whole Year,full,6,0.3614962390033911,0.13067953081359687,0.48137572094683484
IN.ADM2.00492,arhartur,Whole Year,cleaned,6,0.3614962390033911,0.13067953081359687,0.48137572094683484
IN.ADM2.00533,arhartur,Whole Year,full,6,-0.5893465980432021,0.34732941262509565,0.21832880680066882
IN.ADM2.00533,arhartur,Whole Year,cleaned,6,-0.5893465980432021,0.34732941262509565,0.21832880680066882
IN.ADM2.00534,arhartur,Whole Year,full,6,0.04919775860106513,0.0024204194513686777,0.9262629017043432
IN.ADM2.00534,arhartur,Whole Year,cleaned,6,0.04919775860106513,0.0024204194513686777,0.9262629017043432
IN.ADM2.00566,arhartur,Whole Year,full,6,0.31769568671320486,0.1009305493561748,0.5394890700242183
IN.ADM2.00566,arhartur,Whole Year,cleaned,6,0.31769568671320486,0.1009305493561748,0.5394890700242183
IN.ADM2.00567,arhartur,Whole Year,full,6,0.26806752356555724,0.07186019719057059,0.6075304072035685
IN.ADM2.00567,arhartur,Whole Year,cleaned,6,0.26806752356555724,0.07186019719057059,0.6075304072035685
IN.ADM2.00568,arhartur,Whole Year,full,6,0.4499612430689505,0.20246512026415517,0.3706088639926561
IN.ADM2.00568,arhartur,Whole Year,cleaned,6,0.4499612430689505,0.20246512026415517,0.3706088639926561
IN.ADM2.00577,arhartur,Whole Year,full,6,0.4250939868294927,0.1807048976385929,0.4007673024441633
IN.ADM2.00577,arhartur,Whole Year,cleaned,6,0.4250939868294927,0.1807048976385929,0.4007673024441633
IN.ADM2.00578,arhartur,Whole Year,full,6,-0.7476396424676541,0.5589650349891617,0.08749274575412712
IN.ADM2.00578,arhartur,Whole Year,cleaned,6,-0.7476396424676541,0.5589650349891617,0.08749274575412712
IN.ADM2.00171,rapeseed_mustard,Kharif,full,7,0.05136944260746386,0.002638819633801523,0.9129075425472634
IN.ADM2.00171,rapeseed_mustard,Kharif,cleaned,7,0.05136944260746386,0.002638819633801523,0.9129075425472634
IN.ADM2.00172,rapeseed_mustard,Kharif,full,6,-0.08405173501676663,0.007064694159328754,0.8742192973755772
IN.ADM2.00172,rapeseed_mustard,Kharif,cleaned,6,-0.08405173501676663,0.007064694159328754,0.8742192973755772
IN.ADM2.00173,rapeseed_mustard,Kharif,full,7,0.21867310717710253,0.04781792780248857,0.6375807213759291
IN.ADM2.00173,rapeseed_mustard,Kharif,cleaned,7,0.21867310717710253,0.04781792780248857,0.6375807213759291
IN.ADM2.00174,rapeseed_mustard,Kharif,full,6,0.5441770821341929,0.29612869672008413,0.26430760185737895
IN.ADM2.00174,rapeseed_mustard,Kharif,cleaned,6,0.5441770821341929,0.29612869672008413,0.26430760185737895
IN.ADM2.00176,rapeseed_mustard,Kharif,full,7,-0.5684307129328764,0.3231134754053781,0.18302549780167496
IN.ADM2.00176,rapeseed_mustard,Kharif,cleaned,7,-0.5684307129328764,0.3231134754053781,0.18302549780167496
IN.ADM2.00179,rapeseed_mustard,Kharif,full,7,-0.6550383625861248,0.4290752564595115,0.11028477611878351
IN.ADM2.00179,rapeseed_mustard,Kharif,cleaned,7,-0.6550383625861248,0.4290752564595115,0.11028477611878351
IN.ADM2.00181,rapeseed_mustard,Kharif,full,7,0.04600788560573477,0.002116725537910377,0.9219772251769487
IN.ADM2.00181,rapeseed_mustard,Kharif,cleaned,7,0.04600788560573477,0.002116725537910377,0.9219772251769487
IN.ADM2.00183,rapeseed_mustard,Kharif,full,6,0.04191721637685733,0.0017570530287842764,0.9371610008207105
IN.ADM2.00183,rapeseed_mustard,Kharif,cleaned,6,0.04191721637685733,0.0017570530287842764,0.9371610008207105
IN.ADM2.00188,rapeseed_mustard,Kharif,full,7,0.6408496575629613,0.4106882835985648,0.12092909054876316
IN.ADM2.00188,rapeseed_mustard,Kharif,cleaned,7,0.6408496575629613,0.4106882835985648,0.12092909054876316
IN.ADM2.00003,rapeseed_mustard,Rabi,full,7,-0.04063199093054726,0.0016509586869800745,0.9310779164654494
IN.ADM2.00003,rapeseed_mustard,Rabi,cleaned,7,-0.04063199093054726,0.0016509586869800745,0.9310779164654494
IN.ADM2.00005,rapeseed_mustard,Rabi,full,6,0.7181347343506377,0.515717496680861,0.10797522221348643
IN.ADM2.00005,rapeseed_mustard,Rabi,cleaned,5,0.6091987411447461,0.3711231062123434,0.2754279453584242
IN.ADM2.00008,rapeseed_mustard,Rabi,full,16,0.11343831432404589,0.012868251156681033,0.6757273888269102
IN.ADM2.00008,rapeseed_mustard,Rabi,cleaned,14,0.0339294848231305,0.0011512099403630427,0.9083278085923947
IN.ADM2.00010,rapeseed_mustard,Rabi,full,11,-0.04176353545047991,0.001744192893323492,0.9029633444795322
IN.ADM2.00010,rapeseed_mustard,Rabi,cleaned,11,-0.04176353545047991,0.001744192893323492,0.9029633444795322
IN.ADM2.00012,rapeseed_mustard,Rabi,full,13,-0.022407472851546074,0.0005020948395927743,0.9420777556367891
IN.ADM2.00012,rapeseed_mustard,Rabi,cleaned,13,-0.022407472851546074,0.0005020948395927743,0.9420777556367891
IN.ADM2.00013,rapeseed_mustard,Rabi,full,16,-0.2158611514189276,0.046596036691905186,0.4220107569630703
IN.ADM2.00013,rapeseed_mustard,Rabi,cleaned,14,-0.5307218654330695,0.28166569844875716,0.05087003988141556
IN.ADM2.00018,rapeseed_mustard,Rabi,full,14,0.04241345571127955,0.001798901225372672,0.885528941224218
IN.ADM2.00018,rapeseed_mustard,Rabi,cleaned,13,0.1866726070533797,0.034846662224105505,0.5414335027511507
IN.ADM2.00037,rapeseed_mustard,Rabi,full,17,-0.09343580177107802,0.008730249052604186,0.7213288721841604
IN.ADM2.00037,rapeseed_mustard,Rabi,cleaned,17,-0.09343580177107802,0.008730249052604186,0.7213288721841604
IN.ADM2.00039,rapeseed_mustard,Rabi,full,17,-0.3156542110653775,0.09963758096330588,0.217128344979699
IN.ADM2.00039,rapeseed_mustard,Rabi,cleaned,17,-0.3156542110653775,0.09963758096330588,0.217128344979699
IN.ADM2.00041,rapeseed_mustard,Rabi,full,17,-0.15711540123143072,0.024685249304113463,0.5470276968093685
IN.ADM2.00041,rapeseed_mustard,Rabi,cleaned,16,0.06892086973997308,0.0047500862857143365,0.7997880140382354
IN.ADM2.00042,rapeseed_mustard,Rabi,full,17,-0.11725193947286745,0.013748017310148972,0.6540305990604712
IN.ADM2.00042,rapeseed_mustard,Rabi,cleaned,17,-0.11725193947286745,0.013748017310148972,0.6540305990604712
IN.ADM2.00043,rapeseed_mustard,Rabi,full,17,0.1986753959808094,0.03947191296813142,0.4446089896984781
IN.ADM2.00043,rapeseed_mustard,Rabi,cleaned,17,0.1986753959808094,0.03947191296813142,0.4446089896984781
IN.ADM2.00045,rapeseed_mustard,Rabi,full,17,0.4329845189818884,0.18747559367797725,0.08255292066184135
IN.ADM2.00045,rapeseed_mustard,Rabi,cleaned,17,0.4329845189818884,0.18747559367797725,0.08255292066184135
IN.ADM2.00047,rapeseed_mustard,Rabi,full,17,-0.01378780343023639,0.00019010352343083834,0.9581139888958908
IN.ADM2.00047,rapeseed_mustard,Rabi,cleaned,17,-0.01378780343023639,0.00019010352343083834,0.9581139888958908
IN.ADM2.00049,rapeseed_mustard,Rabi,full,17,-0.09642178358260609,0.009297160349250924,0.7127726096599805
IN.ADM2.00049,rapeseed_mustard,Rabi,cleaned,17,-0.09642178358260609,0.009297160349250924,0.7127726096599805
IN.ADM2.00050,rapeseed_mustard,Rabi,full,17,0.08929517225597586,0.007973627788224401,0.733245458275007
IN.ADM2.00050,rapeseed_mustard,Rabi,cleaned,17,0.08929517225597586,0.007973627788224401,0.733245458275007
IN.ADM2.00052,rapeseed_mustard,Rabi,full,17,-0.10223623793883141,0.010452248347885352,0.6962048148299465
IN.ADM2.00052,rapeseed_mustard,Rabi,cleaned,17,-0.10223623793883141,0.010452248347885352,0.6962048148299465
IN.ADM2.00053,rapeseed_mustard,Rabi,full,17,-0.23563236874581517,0.055522613200763814,0.3625855769916074
IN.ADM2.00053,rapeseed_mustard,Rabi,cleaned,17,-0.23563236874581517,0.055522613200763814,0.3625855769916074
IN.ADM2.00054,rapeseed_mustard,Rabi,full,17,-0.39543421507887,0.156368218455042,0.11616861112656326
IN.ADM2.00054,rapeseed_mustard,Rabi,cleaned,17,-0.39543421507887,0.156368218455042,0.11616861112656326
IN.ADM2.00058,rapeseed_mustard,Rabi,full,17,0.18123505808173856,0.032846146277891154,0.4863460355847068
IN.ADM2.00058,rapeseed_mustard,Rabi,cleaned,17,0.18123505808173856,0.032846146277891154,0.4863460355847068
IN.ADM2.00059,rapeseed_mustard,Rabi,full,17,-0.5626077951396161,0.3165275311518603,0.01871954362228278
IN.ADM2.00059,rapeseed_mustard,Rabi,cleaned,17,-0.5626077951396161,0.3165275311518603,0.01871954362228278
IN.ADM2.00060,rapeseed_mustard,Rabi,full,16,0.4949457180499397,0.2449712638159704,0.05127208774584484
IN.ADM2.00060,rapeseed_mustard,Rabi,cleaned,16,0.4949457180499397,0.2449712638159704,0.05127208774584484
IN.ADM2.00061,rapeseed_mustard,Rabi,full,17,0.1991811404120254,0.039673126695834976,0.4434267547274897
IN.ADM2.00061,rapeseed_mustard,Rabi,cleaned,17,0.1991811404120254,0.039673126695834976,0.4434267547274897
IN.ADM2.00065,rapeseed_mustard,Rabi,full,17,0.5874188538998423,0.3450609099170042,0.013158669835051921
IN.ADM2.00065,rapeseed_mustard,Rabi,cleaned,16,0.24686245272902194,0.06094107056738859,0.3566698212160764
IN.ADM2.00066,rapeseed_mustard,Rabi,full,13,-0.04000569425814279,0.0016004555730759992,0.8967573251295126
IN.ADM2.00066,rapeseed_mustard,Rabi,cleaned,13,-0.04000569425814279,0.0016004555730759992,0.8967573251295126
IN.ADM2.00068,rapeseed_mustard,Rabi,full,15,0.06205660185634241,0.0038510218339566,0.826101831271173
IN.ADM2.00068,rapeseed_mustard,Rabi,cleaned,15,0.06205660185634241,0.0038510218339566,0.826101831271173
IN.ADM2.00069,rapeseed_mustard,Rabi,full,17,-0.10944465774976624,0.011978133109963467,0.6758446763882868
IN.ADM2.00069,rapeseed_mustard,Rabi,cleaned,17,-0.10944465774976624,0.011978133109963467,0.6758446763882868
IN.ADM2.00071,rapeseed_mustard,Rabi,full,15,-0.047596616016460994,0.002265437856218431,0.8662350927271315
IN.ADM2.00071,rapeseed_mustard,Rabi,cleaned,15,-0.047596616016460994,0.002265437856218431,0.8662350927271315
IN.ADM2.00072,rapeseed_mustard,Rabi,full,17,-0.041567669763946505,0.0017278711696045125,0.8741410286201333
IN.ADM2.00072,rapeseed_mustard,Rabi,cleaned,17,-0.041567669763946505,0.0017278711696045125,0.8741410286201333
IN.ADM2.00073,rapeseed_mustard,Rabi,full,15,0.4301303010560783,0.18501207588659255,0.10952580403871012
IN.ADM2.00073,rapeseed_mustard,Rabi,cleaned,15,0.4301303010560783,0.18501207588659255,0.10952580403871012
IN.ADM2.00075,rapeseed_mustard,Rabi,full,17,0.047548662621201485,0.0022608753170648434,0.8561975124930602
IN.ADM2.00075,rapeseed_mustard,Rabi,cleaned,17,0.047548662621201485,0.0022608753170648434,0.8561975124930602
IN.ADM2.00076,rapeseed_mustard,Rabi,full,17,0.0598987741382937,0.003587863143270322,0.8193651613810574
IN.ADM2.00076,rapeseed_mustard,Rabi,cleaned,17,0.0598987741382937,0.003587863143270322,0.8193651613810574
IN.ADM2.00078,rapeseed_mustard,Rabi,full,17,0.20793054172205722,0.04323511018082818,0.42323093371666864
IN.ADM2.00078,rapeseed_mustard,Rabi,cleaned,17,0.20793054172205722,0.04323511018082818,0.42323093371666864
IN.ADM2.00081,rapeseed_mustard,Rabi,full,17,-0.397044740056549,0.15764452560657255,0.11455580904396863
IN.ADM2.00081,rapeseed_mustard,Rabi,cleaned,17,-0.397044740056549,0.15764452560657255,0.11455580904396863
IN.ADM2.00083,rapeseed_mustard,Rabi,full,17,0.43441988934209097,0.18872064025599455,0.08142703953641253
IN.ADM2.00083,rapeseed_mustard,Rabi,cleaned,16,-0.33750286465429696,0.11390818364985669,0.2011034841659714
IN.ADM2.00084,rapeseed_mustard,Rabi,full,17,0.13238483364108308,0.017525744178177243,0.6125061930121085
IN.ADM2.00084,rapeseed_mustard,Rabi,cleaned,16,-0.08749719244511356,0.0076557586857772374,0.7472883099428655
IN.ADM2.00087,rapeseed_mustard,Rabi,full,17,-0.04156126792125855,0.0017273389912226347,0.874160267362676
IN.ADM2.00087,rapeseed_mustard,Rabi,cleaned,17,-0.04156126792125855,0.0017273389912226347,0.874160267362676
IN.ADM2.00088,rapeseed_mustard,Rabi,full,12,0.06262192826640596,0.003921505899802894,0.8466942937974264
IN.ADM2.00088,rapeseed_mustard,Rabi,cleaned,12,0.06262192826640596,0.003921505899802894,0.8466942937974264
IN.ADM2.00090,rapeseed_mustard,Rabi,full,17,0.6000803116851847,0.36009638047218845,0.010876135204679916
IN.ADM2.00090,rapeseed_mustard,Rabi,cleaned,17,0.6000803116851847,0.36009638047218845,0.010876135204679916
IN.ADM2.00091,rapeseed_mustard,Rabi,full,13,0.031534723046482575,0.0009944387576183594,0.9185444023536854
IN.ADM2.00091,rapeseed_mustard,Rabi,cleaned,12,-0.012344845167951535,0.00015239520222069634,0.9696262797476891
IN.ADM2.00092,rapeseed_mustard,Rabi,full,17,-0.6036264407425864,0.3643648799635632,0.010296894133626847
IN.ADM2.00092,rapeseed_mustard,Rabi,cleaned,16,-0.05405614438108089,0.0029220667453482632,0.842396419447363
IN.ADM2.00093,rapeseed_mustard,Rabi,full,15,-0.13400972870872335,0.01795860738858563,0.6339689027547675
IN.ADM2.00093,rapeseed_mustard,Rabi,cleaned,15,-0.13400972870872335,0.01795860738858563,0.6339689027547675
IN.ADM2.00097,rapeseed_mustard,Rabi,full,17,0.3337099012649524,0.1113622982022643,0.19052587922804684
IN.ADM2.00097,rapeseed_mustard,Rabi,cleaned,16,0.37932827792403245,0.143889942432812,0.1473235066222273
IN.ADM2.00098,rapeseed_mustard,Rabi,full,17,-0.678599998545157,0.46049795802548704,0.0027457945778340217
IN.ADM2.00098,rapeseed_mustard,Rabi,cleaned,16,-0.5211959550371839,0.27164522354712217,0.03842412948301479
IN.ADM2.00100,rapeseed_mustard,Rabi,full,17,0.452674904740208,0.2049145693815564,0.06806461630216412
IN.ADM2.00100,rapeseed_mustard,Rabi,cleaned,16,0.2068087591777229,0.042769862872629384,0.442192091149056
IN.ADM2.00101,rapeseed_mustard,Rabi,full,17,0.6842970413127253,0.46826244074934964,0.0024464752589153176
IN.ADM2.00101,rapeseed_mustard,Rabi,cleaned,17,0.6842970413127253,0.46826244074934964,0.0024464752589153176
IN.ADM2.00109,rapeseed_mustard,Rabi,full,14,0.45030341788237377,0.20277316815654772,0.10614712060329638
IN.ADM2.00109,rapeseed_mustard,Rabi,cleaned,14,0.45030341788237377,0.20277316815654772,0.10614712060329638
IN.ADM2.00110,rapeseed_mustard,Rabi,full,17,0.47876201362612425,0.22921306569134117,0.05186773202138947
IN.ADM2.00110,rapeseed_mustard,Rabi,cleaned,17,0.47876201362612425,0.22921306569134117,0.05186773202138947
IN.ADM2.00111,rapeseed_mustard,Rabi,full,17,0.32410482935628687,0.10504394041206783,0.2043954561768681
IN.ADM2.00111,rapeseed_mustard,Rabi,cleaned,17,0.32410482935628687,0.10504394041206783,0.2043954561768681
IN.ADM2.00112,rapeseed_mustard,Rabi,full,17,0.012232849492319514,0.00014964260670174178,0.9628345309678348
IN.ADM2.00112,rapeseed_mustard,Rabi,cleaned,17,0.012232849492319514,0.00014964260670174178,0.9628345309678348
IN.ADM2.00113,rapeseed_mustard,Rabi,full,17,0.5024325173882137,0.2524384345290577,0.03984143454189221
IN.ADM2.00113,rapeseed_mustard,Rabi,cleaned,17,0.5024325173882137,0.2524384345290577,0.03984143454189221
IN.ADM2.00115,rapeseed_mustard,Rabi,full,13,-0.05564134939799714,0.0030959597628299968,0.8567277001485524
IN.ADM2.00115,rapeseed_mustard,Rabi,cleaned,9,-0.14180554078841714,0.02010881139829544,0.7159133503297042
IN.ADM2.00117,rapeseed_mustard,Rabi,full,17,0.3808923461279307,0.14507897933883937,0.1314591681139209
IN.ADM2.00117,rapeseed_mustard,Rabi,cleaned,17,0.3808923461279307,0.14507897933883937,0.1314591681139209
IN.ADM2.00124,rapeseed_mustard,Rabi,full,12,-0.06700198684665756,0.004489266241399673,0.8360952852246553
IN.ADM2.00124,rapeseed_mustard,Rabi,cleaned,7,0.13567521425696294,0.0184077637636728,0.7717846608335968
IN.ADM2.00126,rapeseed_mustard,Rabi,full,12,-0.020371850794297347,0.00041501230478511346,0.9498938796298928
IN.ADM2.00126,rapeseed_mustard,Rabi,cleaned,7,-0.07853060097911596,0.006167055290141128,0.8670930193671315
IN.ADM2.00129,rapeseed_mustard,Rabi,full,16,0.15539549575128553,0.0241477600997878,0.5655143905554266
IN.ADM2.00129,rapeseed_mustard,Rabi,cleaned,16,0.15539549575128553,0.0241477600997878,0.5655143905554266
IN.ADM2.00130,rapeseed_mustard,Rabi,full,16,0.14005265843888093,0.019614747135797844,0.6049262322736264
IN.ADM2.00130,rapeseed_mustard,Rabi,cleaned,16,0.14005265843888093,0.019614747135797844,0.6049262322736264
IN.ADM2.00132,rapeseed_mustard,Rabi,full,16,0.2669596498329989,0.0712674546389574,0.31754652794292104
IN.ADM2.00132,rapeseed_mustard,Rabi,cleaned,16,0.2669596498329989,0.0712674546389574,0.31754652794292104
IN.ADM2.00133,rapeseed_mustard,Rabi,full,16,0.0024899533667218574,6.1998677684495124e-06,0.992698010503697
IN.ADM2.00133,rapeseed_mustard,Rabi,cleaned,16,0.0024899533667218574,6.1998677684495124e-06,0.992698010503697
IN.ADM2.00134,rapeseed_mustard,Rabi,full,16,0.17814801462494734,0.03173671511481045,0.5091893311151308
IN.ADM2.00134,rapeseed_mustard,Rabi,cleaned,16,0.17814801462494734,0.03173671511481045,0.5091893311151308
IN.ADM2.00137,rapeseed_mustard,Rabi,full,16,0.003758435698382509,1.4125838898876019e-05,0.9889782582577062
IN.ADM2.00137,rapeseed_mustard,Rabi,cleaned,16,0.003758435698382509,1.4125838898876019e-05,0.9889782582577062
IN.ADM2.00140,rapeseed_mustard,Rabi,full,16,0.05882282744884254,0.0034601250290763035,0.8286827662514078
IN.ADM2.00140,rapeseed_mustard,Rabi,cleaned,16,0.05882282744884254,0.0034601250290763035,0.8286827662514078
IN.ADM2.00141,rapeseed_mustard,Rabi,full,16,0.4946714986114954,0.24469989153854269,0.0514212307382448
IN.ADM2.00141,rapeseed_mustard,Rabi,cleaned,16,0.4946714986114954,0.24469989153854269,0.0514212307382448
IN.ADM2.00142,rapeseed_mustard,Rabi,full,16,-0.12259923907786732,0.01503057342247207,0.6510312281355288
IN.ADM2.00142,rapeseed_mustard,Rabi,cleaned,16,-0.12259923907786732,0.01503057342247207,0.6510312281355288
IN.ADM2.00143,rapeseed_mustard,Rabi,full,16,0.18402050237444156,0.03386354529414185,0.49509017948099965
IN.ADM2.00143,rapeseed_mustard,Rabi,cleaned,15,0.3274431855861454,0.10721903978680285,0.23351216282513207
IN.ADM2.00144,rapeseed_mustard,Rabi,full,15,-0.07415193191624816,0.005498509006911903,0.7928318047172799
IN.ADM2.00144,rapeseed_mustard,Rabi,cleaned,15,-0.07415193191624816,0.005498509006911903,0.7928318047172799
IN.ADM2.00145,rapeseed_mustard,Rabi,full,15,-0.5373425127414141,0.28873697599925674,0.03885676437479624
IN.ADM2.00145,rapeseed_mustard,Rabi,cleaned,15,-0.5373425127414141,0.28873697599925674,0.03885676437479624
IN.ADM2.00147,rapeseed_mustard,Rabi,full,15,0.27706648893433206,0.07676583929039835,0.31743984520468166
IN.ADM2.00147,rapeseed_mustard,Rabi,cleaned,15,0.27706648893433206,0.07676583929039835,0.31743984520468166
IN.ADM2.00149,rapeseed_mustard,Rabi,full,15,0.13216672175679597,0.017468042339938327,0.6386830913398981
IN.ADM2.00149,rapeseed_mustard,Rabi,cleaned,15,0.13216672175679597,0.017468042339938327,0.6386830913398981
IN.ADM2.00152,rapeseed_mustard,Rabi,full,15,-0.02397366064286182,0.0005747364046191018,0.932415834100847
IN.ADM2.00152,rapeseed_mustard,Rabi,cleaned,15,-0.02397366064286182,0.0005747364046191018,0.932415834100847
IN.ADM2.00153,rapeseed_mustard,Rabi,full,15,-0.10013808938144568,0.010027636944966403,0.7225286121335794
IN.ADM2.00153,rapeseed_mustard,Rabi,cleaned,15,-0.10013808938144568,0.010027636944966403,0.7225286121335794
IN.ADM2.00156,rapeseed_mustard,Rabi,full,14,0.43827804577483664,0.1920876454082098,0.11698975107079718
IN.ADM2.00156,rapeseed_mustard,Rabi,cleaned,14,0.43827804577483664,0.1920876454082098,0.11698975107079718
IN.ADM2.00159,rapeseed_mustard,Rabi,full,14,-0.13877423310503814,0.019258287773891464,0.6361167759644841
IN.ADM2.00159,rapeseed_mustard,Rabi,cleaned,14,-0.13877423310503814,0.019258287773891464,0.6361167759644841
IN.ADM2.00160,rapeseed_mustard,Rabi,full,14,-0.0916146138253759,0.008393237466372758,0.7554308997705885
IN.ADM2.00160,rapeseed_mustard,Rabi,cleaned,14,-0.0916146138253759,0.008393237466372758,0.7554308997705885
IN.ADM2.00164,rapeseed_mustard,Rabi,full,14,0.2767244791283664,0.07657643734886568,0.33818511606105806
IN.ADM2.00164,rapeseed_mustard,Rabi,cleaned,14,0.2767244791283664,0.07657643734886568,0.33818511606105806
IN.ADM2.00165,rapeseed_mustard,Rabi,full,14,0.061366603365493655,0.003765860008617817,0.8349166372218811
IN.ADM2.00165,rapeseed_mustard,Rabi,cleaned,14,0.061366603365493655,0.003765860008617817,0.8349166372218811
IN.ADM2.00166,rapeseed_mustard,Rabi,full,14,-0.027837626752541977,0.0007749334632138408,0.9247399121864437
IN.ADM2.00166,rapeseed_mustard,Rabi,cleaned,14,-0.027837626752541977,0.0007749334632138408,0.9247399121864437
IN.ADM2.00168,rapeseed_mustard,Rabi,full,14,-0.03288951285864919,0.0010817200560792504,0.911127367223612
IN.ADM2.00168,rapeseed_mustard,Rabi,cleaned,13,0.06770001319899568,0.00458329178714419,0.826065127739524
IN.ADM2.00169,rapeseed_mustard,Rabi,full,14,0.4616142193574325,0.21308768751297183,0.09659888519252198
IN.ADM2.00169,rapeseed_mustard,Rabi,cleaned,14,0.4616142193574325,0.21308768751297183,0.09659888519252198
IN.ADM2.00171,rapeseed_mustard,Rabi,full,10,0.18368320050817907,0.033739518148927915,0.6114775387009084
IN.ADM2.00171,rapeseed_mustard,Rabi,cleaned,10,0.18368320050817907,0.033739518148927915,0.6114775387009084
IN.ADM2.00172,rapeseed_mustard,Rabi,full,10,-0.05781654023502439,0.003342752324748194,0.8739482411748537
IN.ADM2.00172,rapeseed_mustard,Rabi,cleaned,9,0.2843930364489042,0.08087939918062774,0.458280477860959
IN.ADM2.00173,rapeseed_mustard,Rabi,full,10,-0.08698272586279873,0.007565994598522795,0.8111583811147252
IN.ADM2.00173,rapeseed_mustard,Rabi,cleaned,10,-0.08698272586279873,0.007565994598522795,0.8111583811147252
IN.ADM2.00174,rapeseed_mustard,Rabi,full,10,-0.35078138108463613,0.12304757731564472,0.32031778575808406
IN.ADM2.00174,rapeseed_mustard,Rabi,cleaned,10,-0.35078138108463613,0.12304757731564472,0.32031778575808406
IN.ADM2.00175,rapeseed_mustard,Rabi,full,7,0.29565527970833894,0.08741204441941614,0.5197262295936338
IN.ADM2.00175,rapeseed_mustard,Rabi,cleaned,7,0.29565527970833894,0.08741204441941614,0.5197262295936338
IN.ADM2.00176,rapeseed_mustard,Rabi,full,10,-0.08355146834722027,0.0069808478629765506,0.8185017092775215
IN.ADM2.00176,rapeseed_mustard,Rabi,cleaned,10,-0.08355146834722027,0.0069808478629765506,0.8185017092775215
IN.ADM2.00179,rapeseed_mustard,Rabi,full,10,0.15557534876714185,0.024203689144017826,0.6677970195908336
IN.ADM2.00179,rapeseed_mustard,Rabi,cleaned,10,0.15557534876714185,0.024203689144017826,0.6677970195908336
IN.ADM2.00180,rapeseed_mustard,Rabi,full,8,-0.12592736424816997,0.015857701066491276,0.7663704652063794
IN.ADM2.00180,rapeseed_mustard,Rabi,cleaned,8,-0.12592736424816997,0.015857701066491276,0.7663704652063794
IN.ADM2.00181,rapeseed_mustard,Rabi,full,10,0.027628044074204383,0.0007633088193661799,0.9396097640601521
IN.ADM2.00181,rapeseed_mustard,Rabi,cleaned,10,0.027628044074204383,0.0007633088193661799,0.9396097640601521
IN.ADM2.00183,rapeseed_mustard,Rabi,full,10,0.03642095126459852,0.0013264856910182603,0.9204347672408553
IN.ADM2.00183,rapeseed_mustard,Rabi,cleaned,9,0.3644752615810979,0.13284221630460974,0.3348586609229918
IN.ADM2.00188,rapeseed_mustard,Rabi,full,10,0.15116857212711116,0.02285193719894961,0.6767724081680808
IN.ADM2.00188,rapeseed_mustard,Rabi,cleaned,10,0.15116857212711116,0.02285193719894961,0.6767724081680808
IN.ADM2.00205,rapeseed_mustard,Rabi,full,16,0.15052140812289572,0.022656694303299335,0.5779153393884323
IN.ADM2.00205,rapeseed_mustard,Rabi,cleaned,16,0.15052140812289572,0.022656694303299335,0.5779153393884323
IN.ADM2.00206,rapeseed_mustard,Rabi,full,17,-0.25379961203586765,0.06441424306955694,0.32562908590750755
IN.ADM2.00206,rapeseed_mustard,Rabi,cleaned,17,-0.25379961203586765,0.06441424306955694,0.32562908590750755
IN.ADM2.00207,rapeseed_mustard,Rabi,full,15,-0.2320624317157287,0.053852972213817255,0.4052661142385497
IN.ADM2.00207,rapeseed_mustard,Rabi,cleaned,15,-0.2320624317157287,0.053852972213817255,0.4052661142385497
IN.ADM2.00208,rapeseed_mustard,Rabi,full,16,0.24995229141642847,0.06247614798432318,0.3504864767231076
IN.ADM2.00208,rapeseed_mustard,Rabi,cleaned,16,0.24995229141642847,0.06247614798432318,0.3504864767231076
IN.ADM2.00209,rapeseed_mustard,Rabi,full,15,0.1447475168349576,0.020951843629886332,0.6067666558613813
IN.ADM2.00209,rapeseed_mustard,Rabi,cleaned,15,0.1447475168349576,0.020951843629886332,0.6067666558613813
IN.ADM2.00210,rapeseed_mustard,Rabi,full,17,-0.12576870961128248,0.015817768317287095,0.6305330350780832
IN.ADM2.00210,rapeseed_mustard,Rabi,cleaned,17,-0.12576870961128248,0.015817768317287095,0.6305330350780832
IN.ADM2.00211,rapeseed_mustard,Rabi,full,16,0.299315258773527,0.08958962413466343,0.26007832614420706
IN.ADM2.00211,rapeseed_mustard,Rabi,cleaned,16,0.299315258773527,0.08958962413466343,0.26007832614420706
IN.ADM2.00212,rapeseed_mustard,Rabi,full,15,0.12574271710176232,0.015811230904133833,0.655214572621529
IN.ADM2.00212,rapeseed_mustard,Rabi,cleaned,15,0.12574271710176232,0.015811230904133833,0.655214572621529
IN.ADM2.00213,rapeseed_mustard,Rabi,full,15,0.07340950704943443,0.005388955725240963,0.7948650150495095
IN.ADM2.00213,rapeseed_mustard,Rabi,cleaned,14,0.054891990440164184,0.003013130614483076,0.8521491977001896
IN.ADM2.00214,rapeseed_mustard,Rabi,full,16,-0.08923400314877525,0.007962707317955632,0.7424289359759016
IN.ADM2.00214,rapeseed_mustard,Rabi,cleaned,16,-0.08923400314877525,0.007962707317955632,0.7424289359759016
IN.ADM2.00216,rapeseed_mustard,Rabi,full,14,0.5291743707684439,0.2800255146781785,0.05167585647678629
IN.ADM2.00216,rapeseed_mustard,Rabi,cleaned,14,0.5291743707684439,0.2800255146781785,0.05167585647678629
IN.ADM2.00217,rapeseed_mustard,Rabi,full,17,0.2426502745475789,0.058879155738015415,0.34804044466939
IN.ADM2.00217,rapeseed_mustard,Rabi,cleaned,17,0.2426502745475789,0.058879155738015415,0.34804044466939
IN.ADM2.00218,rapeseed_mustard,Rabi,full,13,0.4292962944999906,0.18429530847142267,0.14322036418948075
IN.ADM2.00218,rapeseed_mustard,Rabi,cleaned,13,0.4292962944999906,0.18429530847142267,0.14322036418948075
IN.ADM2.00219,rapeseed_mustard,Rabi,full,16,0.12160556811327985,0.014787914196153546,0.6536941345655336
IN.ADM2.00219,rapeseed_mustard,Rabi,cleaned,16,0.12160556811327985,0.014787914196153546,0.6536941345655336
IN.ADM2.00220,rapeseed_mustard,Rabi,full,16,0.2328516445677352,0.05421988837789888,0.38546383916962945
IN.ADM2.00220,rapeseed_mustard,Rabi,cleaned,16,0.2328516445677352,0.05421988837789888,0.38546383916962945
IN.ADM2.00221,rapeseed_mustard,Rabi,full,15,0.5055501825361376,0.255580987062322,0.05454492688244475
IN.ADM2.00221,rapeseed_mustard,Rabi,cleaned,15,0.5055501825361376,0.255580987062322,0.05454492688244475
IN.ADM2.00223,rapeseed_mustard,Rabi,full,16,0.5238029072862229,0.27436948568149944,0.03729542502866662
IN.ADM2.00223,rapeseed_mustard,Rabi,cleaned,16,0.5238029072862229,0.27436948568149944,0.03729542502866662
IN.ADM2.00224,rapeseed_mustard,Rabi,full,9,0.6352652852413243,0.4035619826327411,0.06599893483170659
IN.ADM2.00224,rapeseed_mustard,Rabi,cleaned,9,0.6352652852413243,0.4035619826327411,0.06599893483170659
IN.ADM2.00225,rapeseed_mustard,Rabi,full,16,0.33913880538360835,0.11501512931702099,0.19878998511444348
IN.ADM2.00225,rapeseed_mustard,Rabi,cleaned,16,0.33913880538360835,0.11501512931702099,0.19878998511444348
IN.ADM2.00226,rapeseed_mustard,Rabi,full,16,0.5886656878591034,0.3465272920626314,0.016441208589858886
IN.ADM2.00226,rapeseed_mustard,Rabi,cleaned,16,0.5886656878591034,0.3465272920626314,0.016441208589858886
IN.ADM2.00227,rapeseed_mustard,Rabi,full,16,0.3910174946569521,0.15289468112779958,0.13424348097144154
IN.ADM2.00227,rapeseed_mustard,Rabi,cleaned,16,0.3910174946569521,0.15289468112779958,0.13424348097144154
IN.ADM2.00228,rapeseed_mustard,Rabi,full,15,0.32655026992037717,0.10663507878507118,0.23486503638382336
IN.ADM2.00228,rapeseed_mustard,Rabi,cleaned,15,0.32655026992037717,0.10663507878507118,0.23486503638382336
IN.ADM2.00229,rapeseed_mustard,Rabi,full,16,0.17692760455549777,0.0313033772537466,0.5121426187671752
IN.ADM2.00229,rapeseed_mustard,Rabi,cleaned,16,0.17692760455549777,0.0313033772537466,0.5121426187671752
IN.ADM2.00230,rapeseed_mustard,Rabi,full,17,-0.36125409762132377,0.13050452304819693,0.15424840972492407
IN.ADM2.00230,rapeseed_mustard,Rabi,cleaned,17,-0.36125409762132377,0.13050452304819693,0.15424840972492407
IN.ADM2.00232,rapeseed_mustard,Rabi,full,15,0.37689493197006224,0.14204978974471785,0.16611968054890383
IN.ADM2.00232,rapeseed_mustard,Rabi,cleaned,15,0.37689493197006224,0.14204978974471785,0.16611968054890383
IN.ADM2.00233,rapeseed_mustard,Rabi,full,16,0.24947785385833943,0.062239199565762966,0.35143196859209314
IN.ADM2.00233,rapeseed_mustard,Rabi,cleaned,16,0.24947785385833943,0.062239199565762966,0.35143196859209314
IN.ADM2.00235,rapeseed_mustard,Rabi,full,16,0.2667608261657466,0.07116133837663167,0.3179208249302096
IN.ADM2.00235,rapeseed_mustard,Rabi,cleaned,16,0.2667608261657466,0.07116133837663167,0.3179208249302096
IN.ADM2.00236,rapeseed_mustard,Rabi,full,16,0.24980558816012033,0.06240283187602365,0.35077868396997613
IN.ADM2.00236,rapeseed_mustard,Rabi,cleaned,16,0.24980558816012033,0.06240283187602365,0.35077868396997613
IN.ADM2.00237,rapeseed_mustard,Rabi,full,15,-0.14669223846213045,0.021518612825030543,0.6018895964628918
IN.ADM2.00237,rapeseed_mustard,Rabi,cleaned,15,-0.14669223846213045,0.021518612825030543,0.6018895964628918
IN.ADM2.00238,rapeseed_mustard,Rabi,full,16,0.3187939749251841,0.1016295984485989,0.22880099305122487
IN.ADM2.00238,rapeseed_mustard,Rabi,cleaned,16,0.3187939749251841,0.1016295984485989,0.22880099305122487
IN.ADM2.00239,rapeseed_mustard,Rabi,full,13,0.12457468304428773,0.01551885165558475,0.6851184216471874
IN.ADM2.00239,rapeseed_mustard,Rabi,cleaned,13,0.12457468304428773,0.01551885165558475,0.6851184216471874
IN.ADM2.00240,rapeseed_mustard,Rabi,full,15,0.6265936102544679,0.392619552411728,0.012435098958643954
IN.ADM2.00240,rapeseed_mustard,Rabi,cleaned,15,0.6265936102544679,0.392619552411728,0.012435098958643954
IN.ADM2.00241,rapeseed_mustard,Rabi,full,16,0.580788841366771,0.33731567825615627,0.018318022992551225
IN.ADM2.00241,rapeseed_mustard,Rabi,cleaned,16,0.580788841366771,0.33731567825615627,0.018318022992551225
IN.ADM2.00242,rapeseed_mustard,Rabi,full,16,0.5579014926160597,0.3112540754632273,0.024723861369839388
IN.ADM2.00242,rapeseed_mustard,Rabi,cleaned,16,0.5579014926160597,0.3112540754632273,0.024723861369839388
IN.ADM2.00243,rapeseed_mustard,Rabi,full,16,0.141222491270562,0.01994379204066396,0.601883083763225
IN.ADM2.00243,rapeseed_mustard,Rabi,cleaned,16,0.141222491270562,0.01994379204066396,0.601883083763225
IN.ADM2.00244,rapeseed_mustard,Rabi,full,16,0.024753109012782423,0.0006127164057986905,0.9274974812304012
IN.ADM2.00244,rapeseed_mustard,Rabi,cleaned,16,0.024753109012782423,0.0006127164057986905,0.9274974812304012
IN.ADM2.00245,rapeseed_mustard,Rabi,full,17,-0.3108565710325064,0.09663180775408771,0.22457944781105116
IN.ADM2.00245,rapeseed_mustard,Rabi,cleaned,17,-0.3108565710325064,0.09663180775408771,0.22457944781105116
IN.ADM2.00246,rapeseed_mustard,Rabi,full,16,-0.06308737002257203,0.00398001625636492,0.8164528300009999
IN.ADM2.00246,rapeseed_mustard,Rabi,cleaned,16,-0.06308737002257203,0.00398001625636492,0.8164528300009999
IN.ADM2.00248,rapeseed_mustard,Rabi,full,13,-0.047329320133482636,0.002240064544297685,0.8779742416055517
IN.ADM2.00248,rapeseed_mustard,Rabi,cleaned,13,-0.047329320133482636,0.002240064544297685,0.8779742416055517
IN.ADM2.00249,rapeseed_mustard,Rabi,full,13,0.5867660812624897,0.3442944341201387,0.035027782616239046
IN.ADM2.00249,rapeseed_mustard,Rabi,cleaned,13,0.5867660812624897,0.3442944341201387,0.035027782616239046
IN.ADM2.00250,rapeseed_mustard,Rabi,full,8,-0.7388569588390321,0.5459096056248632,0.03625753314722441
IN.ADM2.00250,rapeseed_mustard,Rabi,cleaned,8,-0.7388569588390321,0.5459096056248632,0.03625753314722441
IN.ADM2.00252,rapeseed_mustard,Rabi,full,6,-0.4489674167845328,0.20157174133417638,0.3717984468249834
IN.ADM2.00252,rapeseed_mustard,Rabi,cleaned,6,-0.4489674167845328,0.20157174133417638,0.3717984468249834
IN.ADM2.00255,rapeseed_mustard,Rabi,full,14,0.06641473429981097,0.004410916932114488,0.8215279723124793
IN.ADM2.00255,rapeseed_mustard,Rabi,cleaned,14,0.06641473429981097,0.004410916932114488,0.8215279723124793
IN.ADM2.00257,rapeseed_mustard,Rabi,full,14,-0.11787221756518176,0.013893859673733544,0.6881830901108676
IN.ADM2.00257,rapeseed_mustard,Rabi,cleaned,14,-0.11787221756518176,0.013893859673733544,0.6881830901108676
IN.ADM2.00258,rapeseed_mustard,Rabi,full,14,0.1366297332556329,0.0186676840095054,0.6413920871614371
IN.ADM2.00258,rapeseed_mustard,Rabi,cleaned,14,0.1366297332556329,0.0186676840095054,0.6413920871614371
IN.ADM2.00261,rapeseed_mustard,Rabi,full,10,-0.2548040500304949,0.06492510391194294,0.47741642363006753
IN.ADM2.00261,rapeseed_mustard,Rabi,cleaned,10,-0.2548040500304949,0.06492510391194294,0.47741642363006753
IN.ADM2.00263,rapeseed_mustard,Rabi,full,14,0.0648332568734218,0.004203351196815095,0.8257176842930354
IN.ADM2.00263,rapeseed_mustard,Rabi,cleaned,13,0.3042111014078712,0.0925443942197901,0.3122337973477025
IN.ADM2.00266,rapeseed_mustard,Rabi,full,14,0.14998775143307908,0.022496325579951112,0.6087973742247812
IN.ADM2.00266,rapeseed_mustard,Rabi,cleaned,14,0.14998775143307908,0.022496325579951112,0.6087973742247812
IN.ADM2.00267,rapeseed_mustard,Rabi,full,13,-0.3313827061524549,0.10981449793692427,0.2687030608986766
IN.ADM2.00267,rapeseed_mustard,Rabi,cleaned,13,-0.3313827061524549,0.10981449793692427,0.2687030608986766
IN.ADM2.00268,rapeseed_mustard,Rabi,full,12,0.16705250862958532,0.027906540639437677,0.603811824411592
IN.ADM2.00268,rapeseed_mustard,Rabi,cleaned,12,0.16705250862958532,0.027906540639437677,0.603811824411592
IN.ADM2.00269,rapeseed_mustard,Rabi,full,9,0.7721422621470484,0.5962036729935613,0.014757759597719546
IN.ADM2.00269,rapeseed_mustard,Rabi,cleaned,9,0.7721422621470484,0.5962036729935613,0.014757759597719546
IN.ADM2.00270,rapeseed_mustard,Rabi,full,14,-0.1116460745872004,0.012464845970730715,0.7039562415424201
IN.ADM2.00270,rapeseed_mustard,Rabi,cleaned,14,-0.1116460745872004,0.012464845970730715,0.7039562415424201
IN.ADM2.00271,rapeseed_mustard,Rabi,full,11,0.2057935673131176,0.04235099234745866,0.5438024430747659
IN.ADM2.00271,rapeseed_mustard,Rabi,cleaned,11,0.2057935673131176,0.04235099234745866,0.5438024430747659
IN.ADM2.00273,rapeseed_mustard,Rabi,full,9,0.1364223928246738,0.01861106926400961,0.726356848624788
IN.ADM2.00273,rapeseed_mustard,Rabi,cleaned,9,0.1364223928246738,0.01861106926400961,0.726356848624788
IN.ADM2.00274,rapeseed_mustard,Rabi,full,13,0.2908490629892077,0.08459317744170011,0.33501073276507787
IN.ADM2.00274,rapeseed_mustard,Rabi,cleaned,13,0.2908490629892077,0.08459317744170011,0.33501073276507787
IN.ADM2.00275,rapeseed_mustard,Rabi,full,13,-0.13420791739681792,0.0180117650919911,0.6620221643532311
IN.ADM2.00275,rapeseed_mustard,Rabi,cleaned,13,-0.13420791739681792,0.0180117650919911,0.6620221643532311
IN.ADM2.00276,rapeseed_mustard,Rabi,full,5,0.11995279547788229,0.014388673142958658,0.8476384123070391
IN.ADM2.00276,rapeseed_mustard,Rabi,cleaned,5,0.11995279547788229,0.014388673142958658,0.8476384123070391
IN.ADM2.00282,rapeseed_mustard,Rabi,full,14,0.06751786545348598,0.004558662155395036,0.8186081234680548
IN.ADM2.00282,rapeseed_mustard,Rabi,cleaned,14,0.06751786545348598,0.004558662155395036,0.8186081234680548
IN.ADM2.00283,rapeseed_mustard,Rabi,full,10,0.04189733688018171,0.0017553868376514346,0.9085102881480909
IN.ADM2.00283,rapeseed_mustard,Rabi,cleaned,10,0.04189733688018171,0.0017553868376514346,0.9085102881480909
IN.ADM2.00285,rapeseed_mustard,Rabi,full,13,-0.3613967749602808,0.1306076289516918,0.22502128916770878
IN.ADM2.00285,rapeseed_mustard,Rabi,cleaned,13,-0.3613967749602808,0.1306076289516918,0.22502128916770878
IN.ADM2.00286,rapeseed_mustard,Rabi,full,9,-0.0365069332688944,0.0013327561766995086,0.9257112357411009
IN.ADM2.00286,rapeseed_mustard,Rabi,cleaned,9,-0.0365069332688944,0.0013327561766995086,0.9257112357411009
IN.ADM2.00288,rapeseed_mustard,Rabi,full,9,0.036095604532894995,0.0013028926665951497,0.9265464298641524
IN.ADM2.00288,rapeseed_mustard,Rabi,cleaned,9,0.036095604532894995,0.0013028926665951497,0.9265464298641524
IN.ADM2.00291,rapeseed_mustard,Rabi,full,17,0.31006572596599763,0.09614075441882114,0.2258231975789685
IN.ADM2.00291,rapeseed_mustard,Rabi,cleaned,17,0.31006572596599763,0.09614075441882114,0.2258231975789685
IN.ADM2.00293,rapeseed_mustard,Rabi,full,17,0.03787557326375364,0.0014345590500579695,0.8852472196447801
IN.ADM2.00293,rapeseed_mustard,Rabi,cleaned,17,0.03787557326375364,0.0014345590500579695,0.8852472196447801
IN.ADM2.00294,rapeseed_mustard,Rabi,full,12,0.13059714084571056,0.01705561319707436,0.6858060211058586
IN.ADM2.00294,rapeseed_mustard,Rabi,cleaned,12,0.13059714084571056,0.01705561319707436,0.6858060211058586
IN.ADM2.00297,rapeseed_mustard,Rabi,full,17,0.20645460493679,0.04262350389960603,0.426603480553663
IN.ADM2.00297,rapeseed_mustard,Rabi,cleaned,17,0.20645460493679,0.04262350389960603,0.426603480553663
IN.ADM2.00300,rapeseed_mustard,Rabi,full,17,0.0490652844025493,0.0024074021335030475,0.8516577367960555
IN.ADM2.00300,rapeseed_mustard,Rabi,cleaned,14,-0.002681529117844146,7.1905984098460045e-06,0.9927411038735144
IN.ADM2.00301,rapeseed_mustard,Rabi,full,17,0.04915085531340339,0.002415806578039114,0.8514017232368558
IN.ADM2.00301,rapeseed_mustard,Rabi,cleaned,17,0.04915085531340339,0.002415806578039114,0.8514017232368558
IN.ADM2.00302,rapeseed_mustard,Rabi,full,17,-0.14080871491450633,0.01982709419587472,0.5898554670011383
IN.ADM2.00302,rapeseed_mustard,Rabi,cleaned,15,-0.23282113886479797,0.05420568270230154,0.40368861274640033
IN.ADM2.00321,rapeseed_mustard,Rabi,full,16,-0.22866977128120963,0.05228986429780073,0.39429534956584894
IN.ADM2.00321,rapeseed_mustard,Rabi,cleaned,8,-0.39031690123472673,0.15234728338947942,0.33908828358909054
IN.ADM2.00324,rapeseed_mustard,Rabi,full,16,0.24956509416269892,0.06228273622443678,0.3512580025383173
IN.ADM2.00324,rapeseed_mustard,Rabi,cleaned,16,0.24956509416269892,0.06228273622443678,0.3512580025383173
IN.ADM2.00325,rapeseed_mustard,Rabi,full,16,-0.18052539155750424,0.03258941699699022,0.5034591344752994
IN.ADM2.00325,rapeseed_mustard,Rabi,cleaned,16,-0.18052539155750424,0.03258941699699022,0.5034591344752994
IN.ADM2.00328,rapeseed_mustard,Rabi,full,15,-0.13629362875303533,0.018575953238670218,0.6281450491982606
IN.ADM2.00329,rapeseed_mustard,Rabi,full,16,0.06214516448367806,0.003862021468703401,0.8191515888448389
IN.ADM2.00329,rapeseed_mustard,Rabi,cleaned,12,0.1727837345326912,0.0298542189190635,0.5912674302437242
IN.ADM2.00332,rapeseed_mustard,Rabi,full,16,-0.047284087223139856,0.0022357849045254977,0.861951853337458
IN.ADM2.00332,rapeseed_mustard,Rabi,cleaned,16,-0.047284087223139856,0.0022357849045254977,0.861951853337458
IN.ADM2.00333,rapeseed_mustard,Rabi,full,17,0.4902128477449145,0.24030863609417874,0.045751440625601034
IN.ADM2.00333,rapeseed_mustard,Rabi,cleaned,17,0.4902128477449145,0.24030863609417874,0.045751440625601034
IN.ADM2.00334,rapeseed_mustard,Rabi,full,17,0.3099650890685327,0.09607835644126342,0.22598178279579076
IN.ADM2.00334,rapeseed_mustard,Rabi,cleaned,17,0.3099650890685327,0.09607835644126342,0.22598178279579076
IN.ADM2.00335,rapeseed_mustard,Rabi,full,17,0.6518511058164509,0.42490986415412985,0.004577483333813527
IN.ADM2.00335,rapeseed_mustard,Rabi,cleaned,17,0.6518511058164509,0.42490986415412985,0.004577483333813527
IN.ADM2.00336,rapeseed_mustard,Rabi,full,17,0.3714864674182121,0.13800219547486237,0.14206202956630543
IN.ADM2.00336,rapeseed_mustard,Rabi,cleaned,17,0.3714864674182121,0.13800219547486237,0.14206202956630543
IN.ADM2.00337,rapeseed_mustard,Rabi,full,17,0.21102786115798577,0.044532758184914124,0.4161991792801182
IN.ADM2.00337,rapeseed_mustard,Rabi,cleaned,17,0.21102786115798577,0.044532758184914124,0.4161991792801182
IN.ADM2.00338,rapeseed_mustard,Rabi,full,17,0.5186402353328831,0.26898769370614833,0.03291913240432916
IN.ADM2.00338,rapeseed_mustard,Rabi,cleaned,17,0.5186402353328831,0.26898769370614833,0.03291913240432916
IN.ADM2.00339,rapeseed_mustard,Rabi,full,17,0.28087247419505895,0.07888934676045406,0.27482057656738984
IN.ADM2.00339,rapeseed_mustard,Rabi,cleaned,17,0.28087247419505895,0.07888934676045406,0.27482057656738984
IN.ADM2.00340,rapeseed_mustard,Rabi,full,17,0.32294103229404403,0.10429091033914278,0.20611942622155152
IN.ADM2.00340,rapeseed_mustard,Rabi,cleaned,17,0.32294103229404403,0.10429091033914278,0.20611942622155152
IN.ADM2.00343,rapeseed_mustard,Rabi,full,17,-0.059098858760090425,0.003492675106745117,0.8217408281845079
IN.ADM2.00343,rapeseed_mustard,Rabi,cleaned,17,-0.059098858760090425,0.003492675106745117,0.8217408281845079
IN.ADM2.00344,rapeseed_mustard,Rabi,full,17,0.5698319170450109,0.3247084136831922,0.016939588174091448
IN.ADM2.00344,rapeseed_mustard,Rabi,cleaned,16,0.4103426058054953,0.16838105413924412,0.11440759700552329
IN.ADM2.00347,rapeseed_mustard,Rabi,full,17,0.05903296938419242,0.0034848914743149995,0.8219365784788218
IN.ADM2.00347,rapeseed_mustard,Rabi,cleaned,17,0.05903296938419242,0.0034848914743149995,0.8219365784788218
IN.ADM2.00348,rapeseed_mustard,Rabi,full,17,0.19240233351318603,0.03701865794131927,0.45940599946271826
IN.ADM2.00348,rapeseed_mustard,Rabi,cleaned,17,0.19240233351318603,0.03701865794131927,0.45940599946271826
IN.ADM2.00349,rapeseed_mustard,Rabi,full,17,0.41418595573796685,0.17155000593057304,0.0983577734301377
IN.ADM2.00349,rapeseed_mustard,Rabi,cleaned,17,0.41418595573796685,0.17155000593057304,0.0983577734301377
IN.ADM2.00350,rapeseed_mustard,Rabi,full,17,0.09141273898004974,0.008356288847834705,0.7271437910021115
IN.ADM2.00350,rapeseed_mustard,Rabi,cleaned,17,0.09141273898004974,0.008356288847834705,0.7271437910021115
IN.ADM2.00351,rapeseed_mustard,Rabi,full,17,0.02840376201370802,0.0008067736965313626,0.913827271461624
IN.ADM2.00351,rapeseed_mustard,Rabi,cleaned,17,0.02840376201370802,0.0008067736965313626,0.913827271461624
IN.ADM2.00357,rapeseed_mustard,Rabi,full,17,0.5055772732374887,0.2556083792142543,0.038418871769317395
IN.ADM2.00357,rapeseed_mustard,Rabi,cleaned,17,0.5055772732374887,0.2556083792142543,0.038418871769317395
IN.ADM2.00360,rapeseed_mustard,Rabi,full,17,-0.001603092461462452,2.569905439997743e-06,0.9951279814101603
IN.ADM2.00360,rapeseed_mustard,Rabi,cleaned,16,-0.10669702528539807,0.011384255204752874,0.6941024245363556
IN.ADM2.00361,rapeseed_mustard,Rabi,full,17,0.28079704953899504,0.07884698302980483,0.2749549637269946
IN.ADM2.00361,rapeseed_mustard,Rabi,cleaned,16,0.0981050442401706,0.00962459970536583,0.7177543191556244
IN.ADM2.00363,rapeseed_mustard,Rabi,full,17,0.1250287294625331,0.01563218319101529,0.6325617926806194
IN.ADM2.00363,rapeseed_mustard,Rabi,cleaned,17,0.1250287294625331,0.01563218319101529,0.6325617926806194
IN.ADM2.00387,rapeseed_mustard,Rabi,full,13,-0.4136316652815429,0.17109115452358234,0.1600286226319644
IN.ADM2.00387,rapeseed_mustard,Rabi,cleaned,13,-0.4136316652815429,0.17109115452358234,0.1600286226319644
IN.ADM2.00388,rapeseed_mustard,Rabi,full,17,0.12220072264413405,0.014933016614748577,0.640337911013147
IN.ADM2.00388,rapeseed_mustard,Rabi,cleaned,17,0.12220072264413405,0.014933016614748577,0.640337911013147
IN.ADM2.00390,rapeseed_mustard,Rabi,full,17,-0.15474271549937058,0.023945308000119143,0.5531724984223386
IN.ADM2.00390,rapeseed_mustard,Rabi,cleaned,16,0.01381682237429177,0.00019090458052272967,0.9594960154966874
IN.ADM2.00392,rapeseed_mustard,Rabi,full,17,-0.11161997747399283,0.012459019371294665,0.6697412481509534
IN.ADM2.00392,rapeseed_mustard,Rabi,cleaned,16,-0.062371462848439904,0.003890199377854319,0.8185032277479801
IN.ADM2.00393,rapeseed_mustard,Rabi,full,17,-0.1695248995312712,0.028738691561087593,0.5153931475499461
IN.ADM2.00393,rapeseed_mustard,Rabi,cleaned,17,-0.1695248995312712,0.028738691561087593,0.5153931475499461
IN.ADM2.00394,rapeseed_mustard,Rabi,full,17,-0.1075147063926341,0.011559412090694315,0.6812757008788737
IN.ADM2.00394,rapeseed_mustard,Rabi,cleaned,16,-0.058004361896274705,0.003364505998994005,0.8310342889437639
IN.ADM2.00395,rapeseed_mustard,Rabi,full,17,0.5011867380796347,0.2511881464269043,0.040415896943277435
IN.ADM2.00395,rapeseed_mustard,Rabi,cleaned,17,0.5011867380796347,0.2511881464269043,0.040415896943277435
IN.ADM2.00396,rapeseed_mustard,Rabi,full,17,-0.249498031130568,0.06224926753802988,0.3341738742312695
IN.ADM2.00396,rapeseed_mustard,Rabi,cleaned,17,-0.249498031130568,0.06224926753802988,0.3341738742312695
IN.ADM2.00397,rapeseed_mustard,Rabi,full,17,-0.33432743221749256,0.11177483193314208,0.1896559832699959
IN.ADM2.00397,rapeseed_mustard,Rabi,cleaned,17,-0.33432743221749256,0.11177483193314208,0.1896559832699959
IN.ADM2.00398,rapeseed_mustard,Rabi,full,17,0.014531023577052313,0.0002111506461968502,0.9558581706387861
IN.ADM2.00398,rapeseed_mustard,Rabi,cleaned,17,0.014531023577052313,0.0002111506461968502,0.9558581706387861
IN.ADM2.00399,rapeseed_mustard,Rabi,full,17,-0.0999835475793712,0.009996709786556384,0.7026087280642074
IN.ADM2.00399,rapeseed_mustard,Rabi,cleaned,17,-0.0999835475793712,0.009996709786556384,0.7026087280642074
IN.ADM2.00400,rapeseed_mustard,Rabi,full,17,0.12353155616527718,0.01526004536861503,0.6366740729674711
IN.ADM2.00400,rapeseed_mustard,Rabi,cleaned,17,0.12353155616527718,0.01526004536861503,0.6366740729674711
IN.ADM2.00401,rapeseed_mustard,Rabi,full,17,0.007057407274923943,4.9806997444149394e-05,0.9785537631368011
IN.ADM2.00401,rapeseed_mustard,Rabi,cleaned,17,0.007057407274923943,4.9806997444149394e-05,0.9785537631368011
IN.ADM2.00403,rapeseed_mustard,Rabi,full,17,-0.02212707062753099,0.0004896072545557447,0.9328236927415752
IN.ADM2.00403,rapeseed_mustard,Rabi,cleaned,17,-0.02212707062753099,0.0004896072545557447,0.9328236927415752
IN.ADM2.00405,rapeseed_mustard,Rabi,full,17,0.21940134549681534,0.04813695040581293,0.3975019934746148
IN.ADM2.00405,rapeseed_mustard,Rabi,cleaned,17,0.21940134549681534,0.04813695040581293,0.3975019934746148
IN.ADM2.00406,rapeseed_mustard,Rabi,full,17,-0.14088894811432284,0.019849695700760353,0.589641403876564
IN.ADM2.00406,rapeseed_mustard,Rabi,cleaned,16,-0.13257167456101804,0.017575248895912478,0.6245296054549403
IN.ADM2.00409,rapeseed_mustard,Rabi,full,17,-0.125021375344414,0.015630344293008847,0.6325819674770845
IN.ADM2.00409,rapeseed_mustard,Rabi,cleaned,17,-0.125021375344414,0.015630344293008847,0.6325819674770845
IN.ADM2.00410,rapeseed_mustard,Rabi,full,17,0.0836863463834515,0.007003404571011026,0.7494792991360383
IN.ADM2.00410,rapeseed_mustard,Rabi,cleaned,17,0.0836863463834515,0.007003404571011026,0.7494792991360383
IN.ADM2.00412,rapeseed_mustard,Rabi,full,17,-0.342827049871787,0.11753038612379275,0.17794867568382663
IN.ADM2.00412,rapeseed_mustard,Rabi,cleaned,17,-0.342827049871787,0.11753038612379275,0.17794867568382663
IN.ADM2.00413,rapeseed_mustard,Rabi,full,17,-0.06597346944489053,0.004352498670595905,0.8013737469253001
IN.ADM2.00413,rapeseed_mustard,Rabi,cleaned,17,-0.06597346944489053,0.004352498670595905,0.8013737469253001
IN.ADM2.00414,rapeseed_mustard,Rabi,full,17,0.1695441184077254,0.02874520808665281,0.5153448243280605
IN.ADM2.00414,rapeseed_mustard,Rabi,cleaned,17,0.1695441184077254,0.02874520808665281,0.5153448243280605
IN.ADM2.00416,rapeseed_mustard,Rabi,full,17,-0.2715196073292947,0.07372289716425438,0.29179108104906265
IN.ADM2.00416,rapeseed_mustard,Rabi,cleaned,16,-0.2607755836229899,0.068003905013911,0.3293082880625815
IN.ADM2.00417,rapeseed_mustard,Rabi,full,17,0.04127118389653471,0.001703310620221586,0.875032094258966
IN.ADM2.00417,rapeseed_mustard,Rabi,cleaned,17,0.04127118389653471,0.001703310620221586,0.875032094258966
IN.ADM2.00418,rapeseed_mustard,Rabi,full,17,-0.05449937900961899,0.0029701823124340986,0.8354286657039977
IN.ADM2.00418,rapeseed_mustard,Rabi,cleaned,17,-0.05449937900961899,0.0029701823124340986,0.8354286657039977
IN.ADM2.00419,rapeseed_mustard,Rabi,full,17,-0.23221270645096243,0.05392274103728085,0.36979463851914207
IN.ADM2.00419,rapeseed_mustard,Rabi,cleaned,17,-0.23221270645096243,0.05392274103728085,0.36979463851914207
IN.ADM2.00420,rapeseed_mustard,Rabi,full,17,0.10589455576232731,0.011213656940100649,0.6858463922297803
IN.ADM2.00420,rapeseed_mustard,Rabi,cleaned,17,0.10589455576232731,0.011213656940100649,0.6858463922297803
IN.ADM2.00421,rapeseed_mustard,Rabi,full,14,-0.19207293733132494,0.036892013255083074,0.5106438484236745
IN.ADM2.00421,rapeseed_mustard,Rabi,cleaned,14,-0.19207293733132494,0.036892013255083074,0.5106438484236745
IN.ADM2.00422,rapeseed_mustard,Rabi,full,17,0.2540389000706819,0.06453576274912191,0.32515752924898444
IN.ADM2.00422,rapeseed_mustard,Rabi,cleaned,17,0.2540389000706819,0.06453576274912191,0.32515752924898444
IN.ADM2.00423,rapeseed_mustard,Rabi,full,17,-0.36129913446840034,0.13053706456761524,0.1541932647980194
IN.ADM2.00423,rapeseed_mustard,Rabi,cleaned,17,-0.36129913446840034,0.13053706456761524,0.1541932647980194
IN.ADM2.00424,rapeseed_mustard,Rabi,full,17,0.44543165740091895,0.19840936141492962,0.07315762363159897
IN.ADM2.00424,rapeseed_mustard,Rabi,cleaned,17,0.44543165740091895,0.19840936141492962,0.07315762363159897
IN.ADM2.00425,rapeseed_mustard,Rabi,full,17,-0.34676243145419317,0.12024418386802402,0.17269505657384587
IN.ADM2.00425,rapeseed_mustard,Rabi,cleaned,17,-0.34676243145419317,0.12024418386802402,0.17269505657384587
IN.ADM2.00426,rapeseed_mustard,Rabi,full,17,0.22980003946402164,0.052808058137665904,0.37492844374639683
IN.ADM2.00426,rapeseed_mustard,Rabi,cleaned,17,0.22980003946402164,0.052808058137665904,0.37492844374639683
IN.ADM2.00427,rapeseed_mustard,Rabi,full,17,-0.186837525944503,0.034908261101062835,0.472735960143842
IN.ADM2.00427,rapeseed_mustard,Rabi,cleaned,17,-0.186837525944503,0.034908261101062835,0.472735960143842
IN.ADM2.00429,rapeseed_mustard,Rabi,full,17,0.03105933905633962,0.0009646825426166636,0.9058028527262136
IN.ADM2.00429,rapeseed_mustard,Rabi,cleaned,16,-0.012946954675877406,0.00016762363537922383,0.9620442638149684
IN.ADM2.00430,rapeseed_mustard,Rabi,full,17,-0.10504681545680082,0.011034833437615167,0.6882421186196597
IN.ADM2.00430,rapeseed_mustard,Rabi,cleaned,17,-0.10504681545680082,0.011034833437615167,0.6882421186196597
IN.ADM2.00433,rapeseed_mustard,Rabi,full,17,-0.3344015588105562,0.1118244025349299,0.18955173999623726
IN.ADM2.00433,rapeseed_mustard,Rabi,cleaned,16,-0.3009945654144872,0.09059772840905603,0.25728341829502693
IN.ADM2.00436,rapeseed_mustard,Rabi,full,17,-0.09744570272512691,0.009495664979593806,0.7098459764537927
IN.ADM2.00436,rapeseed_mustard,Rabi,cleaned,17,-0.09744570272512691,0.009495664979593806,0.7098459764537927
IN.ADM2.00438,rapeseed_mustard,Rabi,full,17,-0.15308412534421867,0.023434749432404454,0.5574858373080065
IN.ADM2.00438,rapeseed_mustard,Rabi,cleaned,16,-0.10178630655635758,0.010360452202384803,0.7075897441415652
IN.ADM2.00439,rapeseed_mustard,Rabi,full,17,-0.16848929690359093,0.028388643171066416,0.5180001398967645
IN.ADM2.00439,rapeseed_mustard,Rabi,cleaned,16,0.03610257328359645,0.0013033957976974523,0.8944004282808162
IN.ADM2.00440,rapeseed_mustard,Rabi,full,17,-0.35717794563349003,0.12757608484696037,0.15929510195432128
IN.ADM2.00440,rapeseed_mustard,Rabi,cleaned,17,-0.35717794563349003,0.12757608484696037,0.15929510195432128
IN.ADM2.00441,rapeseed_mustard,Rabi,full,17,-0.3279121623854776,0.10752638624031984,0.1988212944843702
IN.ADM2.00441,rapeseed_mustard,Rabi,cleaned,16,-0.24860168685468004,0.061802798706992394,0.353181821067176
IN.ADM2.00442,rapeseed_mustard,Rabi,full,17,-0.1904317594378907,0.03626425500261068,0.4641046109643444
IN.ADM2.00442,rapeseed_mustard,Rabi,cleaned,17,-0.1904317594378907,0.03626425500261068,0.4641046109643444
IN.ADM2.00443,rapeseed_mustard,Rabi,full,17,0.09286635037445443,0.008624159031870932,0.7229642108753869
IN.ADM2.00443,rapeseed_mustard,Rabi,cleaned,17,0.09286635037445443,0.008624159031870932,0.7229642108753869
IN.ADM2.00444,rapeseed_mustard,Rabi,full,17,-0.12488891733990057,0.015597241674332516,0.6329453858496955
IN.ADM2.00444,rapeseed_mustard,Rabi,cleaned,17,-0.12488891733990057,0.015597241674332516,0.6329453858496955
IN.ADM2.00445,rapeseed_mustard,Rabi,full,17,0.16545111540804364,0.027374071589765774,0.5256834247762068
IN.ADM2.00445,rapeseed_mustard,Rabi,cleaned,17,0.16545111540804364,0.027374071589765774,0.5256834247762068
IN.ADM2.00448,rapeseed_mustard,Rabi,full,17,0.12112650011445221,0.014671629029976391,0.6433010334790386
IN.ADM2.00448,rapeseed_mustard,Rabi,cleaned,17,0.12112650011445221,0.014671629029976391,0.6433010334790386
IN.ADM2.00449,rapeseed_mustard,Rabi,full,17,-0.15547222668313612,0.024171613269812462,0.5512799815895338
IN.ADM2.00449,rapeseed_mustard,Rabi,cleaned,17,-0.15547222668313612,0.024171613269812462,0.5512799815895338
IN.ADM2.00451,rapeseed_mustard,Rabi,full,17,-0.27523977068949146,0.07575693136920385,0.2849670681602456
IN.ADM2.00451,rapeseed_mustard,Rabi,cleaned,17,-0.27523977068949146,0.07575693136920385,0.2849670681602456
IN.ADM2.00452,rapeseed_mustard,Rabi,full,17,-0.15461632417962246,0.023906207702818105,0.55350067575432
IN.ADM2.00452,rapeseed_mustard,Rabi,cleaned,17,-0.15461632417962246,0.023906207702818105,0.55350067575432
IN.ADM2.00453,rapeseed_mustard,Rabi,full,17,-0.22802376976288086,0.0519948395768753,0.37873315984566763
IN.ADM2.00453,rapeseed_mustard,Rabi,cleaned,17,-0.22802376976288086,0.0519948395768753,0.37873315984566763
IN.ADM2.00457,rapeseed_mustard,Rabi,full,17,-0.08627988727980157,0.007444218949015265,0.7419599026123648
IN.ADM2.00457,rapeseed_mustard,Rabi,cleaned,17,-0.08627988727980157,0.007444218949015265,0.7419599026123648
IN.ADM2.00458,rapeseed_mustard,Rabi,full,17,-0.049213744784624314,0.002421992675726137,0.8512135776177856
IN.ADM2.00458,rapeseed_mustard,Rabi,cleaned,17,-0.049213744784624314,0.002421992675726137,0.8512135776177856
IN.ADM2.00459,rapeseed_mustard,Rabi,full,17,0.08721419935200947,0.007606316568612049,0.7392564319798784
IN.ADM2.00459,rapeseed_mustard,Rabi,cleaned,17,0.08721419935200947,0.007606316568612049,0.7392564319798784
IN.ADM2.00460,rapeseed_mustard,Rabi,full,17,-0.24734447662254733,0.061179290115681864,0.33849990910154576
IN.ADM2.00460,rapeseed_mustard,Rabi,cleaned,17,-0.24734447662254733,0.061179290115681864,0.33849990910154576
IN.ADM2.00461,rapeseed_mustard,Rabi,full,17,-0.3545536209637682,0.1257082701385194,0.1626028042094151
IN.ADM2.00461,rapeseed_mustard,Rabi,cleaned,17,-0.3545536209637682,0.1257082701385194,0.1626028042094151
IN.ADM2.00462,rapeseed_mustard,Rabi,full,17,-0.09806671708382561,0.009617080999599095,0.7080728158645213
IN.ADM2.00462,rapeseed_mustard,Rabi,cleaned,17,-0.09806671708382561,0.009617080999599095,0.7080728158645213
IN.ADM2.00463,rapeseed_mustard,Rabi,full,17,-0.07765243405780806,0.006029900515102229,0.7670550338715006
IN.ADM2.00463,rapeseed_mustard,Rabi,cleaned,17,-0.07765243405780806,0.006029900515102229,0.7670550338715006
IN.ADM2.00464,rapeseed_mustard,Rabi,full,17,-0.10762244590768714,0.011582590863153046,0.6809721206989859
IN.ADM2.00464,rapeseed_mustard,Rabi,cleaned,17,-0.10762244590768714,0.011582590863153046,0.6809721206989859
IN.ADM2.00465,rapeseed_mustard,Rabi,full,15,0.014587093523240807,0.0002127832974557739,0.9588502251548696
IN.ADM2.00465,rapeseed_mustard,Rabi,cleaned,15,0.014587093523240807,0.0002127832974557739,0.9588502251548696
IN.ADM2.00466,rapeseed_mustard,Rabi,full,17,-0.16601381903758206,0.027560588111443043,0.5242564707774539
IN.ADM2.00466,rapeseed_mustard,Rabi,cleaned,16,-0.0430145361034249,0.0018502503161928442,0.8743203391187475
IN.ADM2.00468,rapeseed_mustard,Rabi,full,13,0.007628349793964206,5.819172057907375e-05,0.9802679489604873
IN.ADM2.00468,rapeseed_mustard,Rabi,cleaned,13,0.007628349793964206,5.819172057907375e-05,0.9802679489604873
IN.ADM2.00470,rapeseed_mustard,Rabi,full,17,-0.06867824863260526,0.004716701835241946,0.7933927297579881
IN.ADM2.00470,rapeseed_mustard,Rabi,cleaned,17,-0.06867824863260526,0.004716701835241946,0.7933927297579881
IN.ADM2.00471,rapeseed_mustard,Rabi,full,17,0.33696965378579535,0.11354854757251878,0.18596358692060258
IN.ADM2.00471,rapeseed_mustard,Rabi,cleaned,16,-0.595897186839254,0.35509345728293673,0.01485323739169487
IN.ADM2.00474,rapeseed_mustard,Rabi,full,7,-0.6594481918687545,0.4348719177589696,0.1070797722466752
IN.ADM2.00474,rapeseed_mustard,Rabi,cleaned,6,-0.834740109845405,0.6967910509847188,0.03870955445103218
IN.ADM2.00477,rapeseed_mustard,Rabi,full,15,0.1477382223785143,0.021826582351563345,0.5992728792261092
IN.ADM2.00477,rapeseed_mustard,Rabi,cleaned,15,0.1477382223785143,0.021826582351563345,0.5992728792261092
IN.ADM2.00479,rapeseed_mustard,Rabi,full,17,-0.39606470266402605,0.15686724869634336,0.11553534130379858
IN.ADM2.00479,rapeseed_mustard,Rabi,cleaned,17,-0.39606470266402605,0.15686724869634336,0.11553534130379858
IN.ADM2.00480,rapeseed_mustard,Rabi,full,15,-0.005604969841642993,3.141568692572748e-05,0.9841832821718479
IN.ADM2.00480,rapeseed_mustard,Rabi,cleaned,15,-0.005604969841642993,3.141568692572748e-05,0.9841832821718479
IN.ADM2.00481,rapeseed_mustard,Rabi,full,16,0.27883600176711926,0.07774951588147293,0.2956555130109673
IN.ADM2.00481,rapeseed_mustard,Rabi,cleaned,16,0.27883600176711926,0.07774951588147293,0.2956555130109673
IN.ADM2.00482,rapeseed_mustard,Rabi,full,17,0.5386597141639184,0.2901542876631543,0.025685307303907817
IN.ADM2.00482,rapeseed_mustard,Rabi,cleaned,17,0.5386597141639184,0.2901542876631543,0.025685307303907817
IN.ADM2.00483,rapeseed_mustard,Rabi,full,16,0.2550906941797813,0.06507126225712272,0.34033837190433475
IN.ADM2.00483,rapeseed_mustard,Rabi,cleaned,16,0.2550906941797813,0.06507126225712272,0.34033837190433475
IN.ADM2.00484,rapeseed_mustard,Rabi,full,17,0.4781765554097107,0.22865281814349614,0.05219609048128265
IN.ADM2.00484,rapeseed_mustard,Rabi,cleaned,17,0.4781765554097107,0.22865281814349614,0.05219609048128265
IN.ADM2.00485,rapeseed_mustard,Rabi,full,17,-0.07115149061339038,0.0050625346165073795,0.7861118219084708
IN.ADM2.00485,rapeseed_mustard,Rabi,cleaned,17,-0.07115149061339038,0.0050625346165073795,0.7861118219084708
IN.ADM2.00488,rapeseed_mustard,Rabi,full,17,0.07869763592247528,0.006193317899786471,0.7640025877333394
IN.ADM2.00488,rapeseed_mustard,Rabi,cleaned,17,0.07869763592247528,0.006193317899786471,0.7640025877333394
IN.ADM2.00489,rapeseed_mustard,Rabi,full,17,0.04118277163776897,0.0016960206797686282,0.8752978380832604
IN.ADM2.00489,rapeseed_mustard,Rabi,cleaned,17,0.04118277163776897,0.0016960206797686282,0.8752978380832604
IN.ADM2.00491,rapeseed_mustard,Rabi,full,17,0.5449813523001708,0.29700467435492284,0.023678150294536533
IN.ADM2.00491,rapeseed_mustard,Rabi,cleaned,17,0.5449813523001708,0.29700467435492284,0.023678150294536533
IN.ADM2.00494,rapeseed_mustard,Rabi,full,17,0.5858093000768704,0.34317253605655273,0.013474052729152667
IN.ADM2.00494,rapeseed_mustard,Rabi,cleaned,17,0.5858093000768704,0.34317253605655273,0.013474052729152667
IN.ADM2.00495,rapeseed_mustard,Rabi,full,17,0.34235473731680344,0.11720676616325748,0.1785862759413666
IN.ADM2.00495,rapeseed_mustard,Rabi,cleaned,17,0.34235473731680344,0.11720676616325748,0.1785862759413666
IN.ADM2.00498,rapeseed_mustard,Rabi,full,16,-0.000652813710559183,4.261657406940488e-07,0.9980855489239258
IN.ADM2.00498,rapeseed_mustard,Rabi,cleaned,16,-0.000652813710559183,4.261657406940488e-07,0.9980855489239258
IN.ADM2.00502,rapeseed_mustard,Rabi,full,17,0.010407404005720725,0.00010831405813829178,0.9683777125080233
IN.ADM2.00502,rapeseed_mustard,Rabi,cleaned,17,0.010407404005720725,0.00010831405813829178,0.9683777125080233
IN.ADM2.00503,rapeseed_mustard,Rabi,full,17,0.18272375068256713,0.033387969063504955,0.4827111609669686
IN.ADM2.00503,rapeseed_mustard,Rabi,cleaned,17,0.18272375068256713,0.033387969063504955,0.4827111609669686
IN.ADM2.00510,rapeseed_mustard,Rabi,full,16,0.194726857006763,0.03791854883973233,0.4698719302497546
IN.ADM2.00510,rapeseed_mustard,Rabi,cleaned,16,0.194726857006763,0.03791854883973233,0.4698719302497546
IN.ADM2.00511,rapeseed_mustard,Rabi,full,16,-0.02818817314547411,0.0007945731052792277,0.9174660894606631
IN.ADM2.00511,rapeseed_mustard,Rabi,cleaned,7,-0.02131104714671561,0.0004541607304895356,0.9638294576364976
IN.ADM2.00512,rapeseed_mustard,Rabi,full,14,-0.3468141829837865,0.12028007751871136,0.22443075015568015
IN.ADM2.00512,rapeseed_mustard,Rabi,cleaned,6,0.36701785756918226,0.13470210777467256,0.4741922531489833
IN.ADM2.00514,rapeseed_mustard,Rabi,full,17,-0.33043300234312273,0.10918596903749014,0.19518593147595242
IN.ADM2.00514,rapeseed_mustard,Rabi,cleaned,17,-0.33043300234312273,0.10918596903749014,0.19518593147595242
IN.ADM2.00515,rapeseed_mustard,Rabi,full,17,-0.25663132927934573,0.06585963916768398,0.32007426266858824
IN.ADM2.00515,rapeseed_mustard,Rabi,cleaned,17,-0.25663132927934573,0.06585963916768398,0.32007426266858824
IN.ADM2.00537,rapeseed_mustard,Rabi,full,13,0.10547217859649935,0.011124380457891856,0.7316541187424069
IN.ADM2.00537,rapeseed_mustard,Rabi,cleaned,13,0.10547217859649935,0.011124380457891856,0.7316541187424069
IN.ADM2.00538,rapeseed_mustard,Rabi,full,13,0.18266030811643758,0.03336478816119191,0.5503124624456823
IN.ADM2.00538,rapeseed_mustard,Rabi,cleaned,13,0.18266030811643758,0.03336478816119191,0.5503124624456823
IN.ADM2.00540,rapeseed_mustard,Rabi,full,16,-0.08885839309155202,0.00789581402281278,0.7434790791047843
IN.ADM2.00540,rapeseed_mustard,Rabi,cleaned,16,-0.08885839309155202,0.00789581402281278,0.7434790791047843
IN.ADM2.00541,rapeseed_mustard,Rabi,full,17,-0.5959960366717728,0.3552112757284612,0.01157503804395137
IN.ADM2.00541,rapeseed_mustard,Rabi,cleaned,17,-0.5959960366717728,0.3552112757284612,0.01157503804395137
IN.ADM2.00542,rapeseed_mustard,Rabi,full,15,0.18088984617292617,0.03272113644846489,0.5188226906194843
IN.ADM2.00542,rapeseed_mustard,Rabi,cleaned,15,0.18088984617292617,0.03272113644846489,0.5188226906194843
IN.ADM2.00543,rapeseed_mustard,Rabi,full,15,-0.15175128764946513,0.023028453303270708,0.5892758518173871
IN.ADM2.00543,rapeseed_mustard,Rabi,cleaned,15,-0.15175128764946513,0.023028453303270708,0.5892758518173871
IN.ADM2.00552,rapeseed_mustard,Rabi,full,17,0.37160274285337525,0.13808859849615174,0.1419274778237872
IN.ADM2.00552,rapeseed_mustard,Rabi,cleaned,17,0.37160274285337525,0.13808859849615174,0.1419274778237872
IN.ADM2.00554,rapeseed_mustard,Rabi,full,17,0.3525979436912723,0.12432530989531362,0.16509769661394003
IN.ADM2.00554,rapeseed_mustard,Rabi,cleaned,17,0.3525979436912723,0.12432530989531362,0.16509769661394003
IN.ADM2.00555,rapeseed_mustard,Rabi,full,17,0.38188805447658936,0.14583848615191447,0.130369859968779
IN.ADM2.00555,rapeseed_mustard,Rabi,cleaned,17,0.38188805447658936,0.14583848615191447,0.130369859968779
IN.ADM2.00556,rapeseed_mustard,Rabi,full,17,0.2679253211550713,0.07178397771604808,0.2984767339743364
IN.ADM2.00556,rapeseed_mustard,Rabi,cleaned,17,0.2679253211550713,0.07178397771604808,0.2984767339743364
IN.ADM2.00559,rapeseed_mustard,Rabi,full,15,0.2634033334036948,0.06938131604817802,0.3428482062204864
IN.ADM2.00559,rapeseed_mustard,Rabi,cleaned,14,0.15038385097239051,0.02261530263328616,0.607840714461028
IN.ADM2.00561,rapeseed_mustard,Rabi,full,7,-0.49615866573874734,0.246173421587654,0.25742191503555417
IN.ADM2.00561,rapeseed_mustard,Rabi,cleaned,7,-0.49615866573874734,0.246173421587654,0.25742191503555417
IN.ADM2.00562,rapeseed_mustard,Rabi,full,15,-0.7800831293275085,0.6085296886613982,0.0006023999554930506
IN.ADM2.00562,rapeseed_mustard,Rabi,cleaned,5,-0.9695524067019474,0.9400318693415385,0.006348481180480628
IN.ADM2.00564,rapeseed_mustard,Rabi,full,16,0.2511985605796273,0.0631007168372767,0.34800965911069603
IN.ADM2.00564,rapeseed_mustard,Rabi,cleaned,16,0.2511985605796273,0.0631007168372767,0.34800965911069603
IN.ADM2.00570,rapeseed_mustard,Rabi,full,13,0.050480231239310946,0.002548253745974305,0.8699105412151696
IN.ADM2.00571,rapeseed_mustard,Rabi,full,17,-0.3760535585777692,0.14141627891900369,0.13684277779462653
IN.ADM2.00571,rapeseed_mustard,Rabi,cleaned,17,-0.3760535585777692,0.14141627891900369,0.13684277779462653
IN.ADM2.00572,rapeseed_mustard,Rabi,full,17,-0.09641448391626363,0.009295752708839458,0.7127934877107307
IN.ADM2.00572,rapeseed_mustard,Rabi,cleaned,17,-0.09641448391626363,0.009295752708839458,0.7127934877107307
IN.ADM2.00573,rapeseed_mustard,Rabi,full,17,0.2506080072675392,0.06280437330660697,0.33195670008083605
IN.ADM2.00573,rapeseed_mustard,Rabi,cleaned,17,0.2506080072675392,0.06280437330660697,0.33195670008083605
IN.ADM2.00574,rapeseed_mustard,Rabi,full,17,0.1365042035893066,0.018633397597550862,0.6013866111693894
IN.ADM2.00574,rapeseed_mustard,Rabi,cleaned,17,0.1365042035893066,0.018633397597550862,0.6013866111693894
IN.ADM2.00575,rapeseed_mustard,Rabi,full,17,0.14181008358688804,0.020110099806920172,0.5871861062745803
IN.ADM2.00575,rapeseed_mustard,Rabi,cleaned,17,0.14181008358688804,0.020110099806920172,0.5871861062745803
IN.ADM2.00310,rapeseed_mustard,Winter,full,13,0.5997806243534509,0.3597367973498154,0.030247034611089848
IN.ADM2.00310,rapeseed_mustard,Winter,cleaned,13,0.5997806243534509,0.3597367973498154,0.030247034611089848
IN.ADM2.00312,rapeseed_mustard,Winter,full,13,0.4697995156760793,0.22071158492947868,0.10526159841633477
IN.ADM2.00312,rapeseed_mustard,Winter,cleaned,13,0.4697995156760793,0.22071158492947868,0.10526159841633477
IN.ADM2.00316,rapeseed_mustard,Winter,full,13,0.600044301293966,0.36005316351536387,0.030155416287155616
IN.ADM2.00316,rapeseed_mustard,Winter,cleaned,13,0.600044301293966,0.36005316351536387,0.030155416287155616
IN.ADM2.00505,rapeseed_mustard,Winter,full,13,0.5547315978955462,0.30772714570374593,0.04910993515733062
IN.ADM2.00505,rapeseed_mustard,Winter,cleaned,13,0.5547315978955462,0.30772714570374593,0.04910993515733062
IN.ADM2.00506,rapeseed_mustard,Winter,full,13,0.4954071244503046,0.2454282189561196,0.08516493836049038
IN.ADM2.00506,rapeseed_mustard,Winter,cleaned,13,0.4954071244503046,0.2454282189561196,0.08516493836049038
IN.ADM2.00508,rapeseed_mustard,Winter,full,6,0.29623771800549653,0.08775678556910409,0.5686418579399998
IN.ADM2.00508,rapeseed_mustard,Winter,cleaned,6,0.29623771800549653,0.08775678556910409,0.5686418579399998
IN.ADM2.00509,rapeseed_mustard,Winter,full,13,0.4888875717690517,0.23901105783023965,0.09000645136447019
IN.ADM2.00509,rapeseed_mustard,Winter,cleaned,13,0.4888875717690517,0.23901105783023965,0.09000645136447019
IN.ADM2.00516,rapeseed_mustard,Winter,full,13,0.6504828629451354,0.42312795498529976,0.01606793206748892
IN.ADM2.00516,rapeseed_mustard,Winter,cleaned,13,0.6504828629451354,0.42312795498529976,0.01606793206748892
IN.ADM2.00518,rapeseed_mustard,Winter,full,13,-0.24020290362195068,0.057697434908416126,0.4292493829527328
IN.ADM2.00518,rapeseed_mustard,Winter,cleaned,12,0.5523113212676731,0.3050477956004428,0.0625896476350563
IN.ADM2.00522,rapeseed_mustard,Winter,full,13,0.28196501886983166,0.07950427186626452,0.3506463612573178
IN.ADM2.00522,rapeseed_mustard,Winter,cleaned,13,0.28196501886983166,0.07950427186626452,0.3506463612573178
IN.ADM2.00523,rapeseed_mustard,Winter,full,13,-0.07651917102329062,0.005855183534091598,0.8037804792968161
IN.ADM2.00523,rapeseed_mustard,Winter,cleaned,13,-0.07651917102329062,0.005855183534091598,0.8037804792968161
IN.ADM2.00525,rapeseed_mustard,Winter,full,13,0.6137140268784739,0.37664490678739215,0.02567849449358586
IN.ADM2.00525,rapeseed_mustard,Winter,cleaned,13,0.6137140268784739,0.37664490678739215,0.02567849449358586
IN.ADM2.00526,rapeseed_mustard,Winter,full,13,0.872614177658287,0.7614555030502485,9.936155375717062e-05
IN.ADM2.00526,rapeseed_mustard,Winter,cleaned,13,0.872614177658287,0.7614555030502485,9.936155375717062e-05
IN.ADM2.00529,rapeseed_mustard,Winter,full,13,-0.20065764238625552,0.04026348944801041,0.510974911483262
IN.ADM2.00529,rapeseed_mustard,Winter,cleaned,13,-0.20065764238625552,0.04026348944801041,0.510974911483262
IN.ADM2.00530,rapeseed_mustard,Winter,full,13,0.43407365914850365,0.18841994156657133,0.13833456733318278
IN.ADM2.00530,rapeseed_mustard,Winter,cleaned,13,0.43407365914850365,0.18841994156657133,0.13833456733318278
IN.ADM2.00532,rapeseed_mustard,Winter,full,13,0.7169893052049982,0.514073663778346,0.005811562468362365
IN.ADM2.00532,rapeseed_mustard,Winter,cleaned,13,0.7169893052049982,0.514073663778346,0.005811562468362365
IN.ADM2.00546,rapeseed_mustard,Winter,full,13,0.3681077855140964,0.135503341756092,0.2158895324252578
IN.ADM2.00546,rapeseed_mustard,Winter,cleaned,13,0.3681077855140964,0.135503341756092,0.2158895324252578
IN.ADM2.00547,rapeseed_mustard,Winter,full,13,0.3543747073488046,0.12558143320855092,0.2348248702389751
IN.ADM2.00547,rapeseed_mustard,Winter,cleaned,13,0.3543747073488046,0.12558143320855092,0.2348248702389751
IN.ADM2.00548,rapeseed_mustard,Winter,full,13,0.668953667843402,0.44749900972114065,0.01241092360585587
IN.ADM2.00548,rapeseed_mustard,Winter,cleaned,13,0.668953667843402,0.44749900972114065,0.01241092360585587
IN.ADM2.00550,rapeseed_mustard,Winter,full,13,0.37534342538991194,0.1408826869834324,0.20630364291418105
IN.ADM2.00550,rapeseed_mustard,Winter,cleaned,13,0.37534342538991194,0.1408826869834324,0.20630364291418105
IN.ADM2.00003,cottonlint,Kharif,full,16,0.6518591758326874,0.4249203851172704,0.006215980958850855
IN.ADM2.00003,cottonlint,Kharif,cleaned,16,0.6518591758326874,0.4249203851172704,0.006215980958850855
IN.ADM2.00004,cottonlint,Kharif,full,16,-0.5615836906045867,0.31537624155306815,0.023591629403293127
IN.ADM2.00004,cottonlint,Kharif,cleaned,16,-0.5615836906045867,0.31537624155306815,0.023591629403293127
IN.ADM2.00005,cottonlint,Kharif,full,16,0.19943877885171143,0.03977582650986186,0.45897710774945677
IN.ADM2.00005,cottonlint,Kharif,cleaned,16,0.19943877885171143,0.03977582650986186,0.45897710774945677
IN.ADM2.00007,cottonlint,Kharif,full,16,0.12110179627035242,0.014665645059905943,0.6550456762942256
IN.ADM2.00007,cottonlint,Kharif,cleaned,16,0.12110179627035242,0.014665645059905943,0.6550456762942256
IN.ADM2.00008,cottonlint,Kharif,full,16,-0.02199725838000137,0.00048387937623654045,0.9355528463751807
IN.ADM2.00008,cottonlint,Kharif,cleaned,16,-0.02199725838000137,0.00048387937623654045,0.9355528463751807
IN.ADM2.00010,cottonlint,Kharif,full,16,0.49377958281072937,0.24381827640073794,0.05190855501096009
IN.ADM2.00010,cottonlint,Kharif,cleaned,16,0.49377958281072937,0.24381827640073794,0.05190855501096009
IN.ADM2.00011,cottonlint,Kharif,full,16,0.38817536072841374,0.15068011067663414,0.1373475836656084
IN.ADM2.00011,cottonlint,Kharif,cleaned,16,0.38817536072841374,0.15068011067663414,0.1373475836656084
IN.ADM2.00012,cottonlint,Kharif,full,16,0.2577138329973171,0.06641641971816904,0.33522300497677204
IN.ADM2.00012,cottonlint,Kharif,cleaned,16,0.2577138329973171,0.06641641971816904,0.33522300497677204
IN.ADM2.00013,cottonlint,Kharif,full,16,0.5531365195647882,0.3059600092762473,0.02625041344334515
IN.ADM2.00013,cottonlint,Kharif,cleaned,16,0.5531365195647882,0.3059600092762473,0.02625041344334515
IN.ADM2.00014,cottonlint,Kharif,full,16,0.7316702588264794,0.5353413676512073,0.0012749787667719764
IN.ADM2.00014,cottonlint,Kharif,cleaned,16,0.7316702588264794,0.5353413676512073,0.0012749787667719764
IN.ADM2.00016,cottonlint,Kharif,full,16,0.4250022753316952,0.18062693403711808,0.1007962247802697
IN.ADM2.00016,cottonlint,Kharif,cleaned,16,0.4250022753316952,0.18062693403711808,0.1007962247802697
IN.ADM2.00018,cottonlint,Kharif,full,16,0.2534483166390287,0.06423604920715736,0.34356363225303876
IN.ADM2.00018,cottonlint,Kharif,cleaned,16,0.2534483166390287,0.06423604920715736,0.34356363225303876
IN.ADM2.00021,cottonlint,Kharif,full,16,0.01983980932842113,0.0003936180341881061,0.9418632105476847
IN.ADM2.00021,cottonlint,Kharif,cleaned,16,0.01983980932842113,0.0003936180341881061,0.9418632105476847
IN.ADM2.00025,cottonlint,Kharif,full,16,0.10033900388725642,0.010067915701086859,0.7115805726022815
IN.ADM2.00025,cottonlint,Kharif,cleaned,16,0.10033900388725642,0.010067915701086859,0.7115805726022815
IN.ADM2.00037,cottonlint,Kharif,full,16,0.1741073623056886,0.030313373609044316,0.5189975615669081
IN.ADM2.00037,cottonlint,Kharif,cleaned,16,0.1741073623056886,0.030313373609044316,0.5189975615669081
IN.ADM2.00039,cottonlint,Kharif,full,16,-0.10509035471886338,0.011043982654936531,0.6985059138848021
IN.ADM2.00041,cottonlint,Kharif,full,16,-0.2532147391567253,0.06411770412620844,0.3440237288430727
IN.ADM2.00041,cottonlint,Kharif,cleaned,13,0.13215259436982663,0.01746430819867593,0.6669276734726062
IN.ADM2.00045,cottonlint,Kharif,full,16,-0.0022780501362161115,5.189512423114244e-06,0.9933194203546278
IN.ADM2.00045,cottonlint,Kharif,cleaned,16,-0.0022780501362161115,5.189512423114244e-06,0.9933194203546278
IN.ADM2.00047,cottonlint,Kharif,full,16,0.04121817747450621,0.001698938154319891,0.8795325448524249
IN.ADM2.00047,cottonlint,Kharif,cleaned,16,0.04121817747450621,0.001698938154319891,0.8795325448524249
IN.ADM2.00049,cottonlint,Kharif,full,16,0.04995209288982834,0.002495211584074039,0.8542379530670858
IN.ADM2.00050,cottonlint,Kharif,full,16,0.06995067517782953,0.004893096957834217,0.7968543072907759
IN.ADM2.00050,cottonlint,Kharif,cleaned,15,0.027369691579746655,0.000749100017170455,0.9228667272870468
IN.ADM2.00052,cottonlint,Kharif,full,16,-0.1641053013706596,0.02693054993795501,0.5436423937102577
IN.ADM2.00052,cottonlint,Kharif,cleaned,16,-0.1641053013706596,0.02693054993795501,0.5436423937102577
IN.ADM2.00054,cottonlint,Kharif,full,16,0.13150530423467321,0.01729364504185396,0.6273436643420068
IN.ADM2.00054,cottonlint,Kharif,cleaned,15,-0.0667830502034832,0.004459975794480957,0.8130651956577738
IN.ADM2.00058,cottonlint,Kharif,full,16,0.2664147150151863,0.07097680037662295,0.31857301110309033
IN.ADM2.00058,cottonlint,Kharif,cleaned,16,0.2664147150151863,0.07097680037662295,0.31857301110309033
IN.ADM2.00109,cottonlint,Kharif,full,16,0.7250390856256422,0.5256816756848673,0.001483363456540748
IN.ADM2.00109,cottonlint,Kharif,cleaned,16,0.7250390856256422,0.5256816756848673,0.001483363456540748
IN.ADM2.00110,cottonlint,Kharif,full,16,0.23485350758101875,0.05515617002310763,0.38127452384867627
IN.ADM2.00110,cottonlint,Kharif,cleaned,16,0.23485350758101875,0.05515617002310763,0.38127452384867627
IN.ADM2.00111,cottonlint,Kharif,full,16,-0.0974853248535354,0.009503388561799326,0.7194698919679874
IN.ADM2.00111,cottonlint,Kharif,cleaned,16,-0.0974853248535354,0.009503388561799326,0.7194698919679874
IN.ADM2.00112,cottonlint,Kharif,full,16,0.5197873581855135,0.2701788977294753,0.03904460543145523
IN.ADM2.00112,cottonlint,Kharif,cleaned,16,0.5197873581855135,0.2701788977294753,0.03904460543145523
IN.ADM2.00113,cottonlint,Kharif,full,16,-0.009465013041343187,8.958647187279661e-05,0.9722477127567563
IN.ADM2.00113,cottonlint,Kharif,cleaned,16,-0.009465013041343187,8.958647187279661e-05,0.9722477127567563
IN.ADM2.00114,cottonlint,Kharif,full,16,0.7985420971015362,0.6376694808433193,0.0002080605081520412
IN.ADM2.00114,cottonlint,Kharif,cleaned,16,0.7985420971015362,0.6376694808433193,0.0002080605081520412
IN.ADM2.00115,cottonlint,Kharif,full,16,0.5352834833393598,0.2865284075359187,0.03261997672224581
IN.ADM2.00115,cottonlint,Kharif,cleaned,16,0.5352834833393598,0.2865284075359187,0.03261997672224581
IN.ADM2.00116,cottonlint,Kharif,full,16,0.5173157843079421,0.2676156206941413,0.040151508893576
IN.ADM2.00116,cottonlint,Kharif,cleaned,16,0.5173157843079421,0.2676156206941413,0.040151508893576
IN.ADM2.00117,cottonlint,Kharif,full,16,0.33164945127972567,0.10999135853414313,0.20952358069774768
IN.ADM2.00117,cottonlint,Kharif,cleaned,16,0.33164945127972567,0.10999135853414313,0.20952358069774768
IN.ADM2.00120,cottonlint,Kharif,full,16,0.7559174599802626,0.5714112063030119,0.0007052522414185886
IN.ADM2.00120,cottonlint,Kharif,cleaned,16,0.7559174599802626,0.5714112063030119,0.0007052522414185886
IN.ADM2.00121,cottonlint,Kharif,full,16,0.548178715043178,0.3004999036263898,0.027914325060005518
IN.ADM2.00121,cottonlint,Kharif,cleaned,16,0.548178715043178,0.3004999036263898,0.027914325060005518
IN.ADM2.00126,cottonlint,Kharif,full,16,-0.16215843543164915,0.026295358181640326,0.5484987072496805
IN.ADM2.00126,cottonlint,Kharif,cleaned,16,-0.16215843543164915,0.026295358181640326,0.5484987072496805
IN.ADM2.00130,cottonlint,Kharif,full,7,-0.007062748094412555,4.988241064512817e-05,0.9880102054874023
IN.ADM2.00130,cottonlint,Kharif,cleaned,7,-0.007062748094412555,4.988241064512817e-05,0.9880102054874023
IN.ADM2.00132,cottonlint,Kharif,full,16,0.49035807439004514,0.24045104111951304,0.05380982017824481
IN.ADM2.00132,cottonlint,Kharif,cleaned,16,0.49035807439004514,0.24045104111951304,0.05380982017824481
IN.ADM2.00133,cottonlint,Kharif,full,16,0.5133313787796918,0.2635091044398594,0.04198540537791147
IN.ADM2.00133,cottonlint,Kharif,cleaned,16,0.5133313787796918,0.2635091044398594,0.04198540537791147
IN.ADM2.00134,cottonlint,Kharif,full,16,0.3215742177760751,0.10340997753829456,0.2245401721825562
IN.ADM2.00134,cottonlint,Kharif,cleaned,16,0.3215742177760751,0.10340997753829456,0.2245401721825562
IN.ADM2.00140,cottonlint,Kharif,full,16,0.0792528761505763,0.006281018378138586,0.7704739574607709
IN.ADM2.00140,cottonlint,Kharif,cleaned,16,0.0792528761505763,0.006281018378138586,0.7704739574607709
IN.ADM2.00141,cottonlint,Kharif,full,16,0.3422381910360489,0.11712697940362711,0.19445444761408187
IN.ADM2.00141,cottonlint,Kharif,cleaned,16,0.3422381910360489,0.11712697940362711,0.19445444761408187
IN.ADM2.00142,cottonlint,Kharif,full,14,-0.3494861619014133,0.12214057736058087,0.22063973447020105
IN.ADM2.00142,cottonlint,Kharif,cleaned,14,-0.3494861619014133,0.12214057736058087,0.22063973447020105
IN.ADM2.00160,cottonlint,Kharif,full,11,-0.25146640517334173,0.06323535293080328,0.45572358488363235
IN.ADM2.00160,cottonlint,Kharif,cleaned,11,-0.25146640517334173,0.06323535293080328,0.45572358488363235
IN.ADM2.00172,cottonlint,Kharif,full,11,0.6800668168681887,0.46249087540523054,0.021303510390263843
IN.ADM2.00172,cottonlint,Kharif,cleaned,11,0.6800668168681887,0.46249087540523054,0.021303510390263843
IN.ADM2.00173,cottonlint,Kharif,full,11,0.4414817494145861,0.19490613506616342,0.17403053338955435
IN.ADM2.00173,cottonlint,Kharif,cleaned,11,0.4414817494145861,0.19490613506616342,0.17403053338955435
IN.ADM2.00174,cottonlint,Kharif,full,11,0.07521072600858922,0.005656653306739079,0.8260443857158153
IN.ADM2.00174,cottonlint,Kharif,cleaned,11,0.07521072600858922,0.005656653306739079,0.8260443857158153
IN.ADM2.00175,cottonlint,Kharif,full,11,0.7248988118207211,0.5254782873790933,0.011606631883187711
IN.ADM2.00175,cottonlint,Kharif,cleaned,11,0.7248988118207211,0.5254782873790933,0.011606631883187711
IN.ADM2.00176,cottonlint,Kharif,full,11,0.34065826798761767,0.11604805554832354,0.3052937138132686
IN.ADM2.00176,cottonlint,Kharif,cleaned,11,0.34065826798761767,0.11604805554832354,0.3052937138132686
IN.ADM2.00179,cottonlint,Kharif,full,11,0.6377760421313972,0.4067582799167897,0.03475536466443872
IN.ADM2.00179,cottonlint,Kharif,cleaned,11,0.6377760421313972,0.4067582799167897,0.03475536466443872
IN.ADM2.00180,cottonlint,Kharif,full,11,0.4548780584295386,0.20691404804062674,0.15980119818454366
IN.ADM2.00180,cottonlint,Kharif,cleaned,11,0.4548780584295386,0.20691404804062674,0.15980119818454366
IN.ADM2.00181,cottonlint,Kharif,full,11,0.1954476785525044,0.03819979505156308,0.5646634022796292
IN.ADM2.00181,cottonlint,Kharif,cleaned,11,0.1954476785525044,0.03819979505156308,0.5646634022796292
IN.ADM2.00183,cottonlint,Kharif,full,7,-0.480467186561984,0.23084871736278834,0.2751249910282775
IN.ADM2.00183,cottonlint,Kharif,cleaned,7,-0.480467186561984,0.23084871736278834,0.2751249910282775
IN.ADM2.00185,cottonlint,Kharif,full,11,0.05576963747698914,0.0031102524643147915,0.8706266583592656
IN.ADM2.00185,cottonlint,Kharif,cleaned,11,0.05576963747698914,0.0031102524643147915,0.8706266583592656
IN.ADM2.00186,cottonlint,Kharif,full,11,0.029686646481049687,0.0008812969792908197,0.9309542864985181
IN.ADM2.00186,cottonlint,Kharif,cleaned,11,0.029686646481049687,0.0008812969792908197,0.9309542864985181
IN.ADM2.00188,cottonlint,Kharif,full,11,-0.04932766603513637,0.0024332186364739465,0.8854802844142233
IN.ADM2.00188,cottonlint,Kharif,cleaned,10,-0.0349719318808045,0.00122303601947563,0.9235923939737796
IN.ADM2.00189,cottonlint,Kharif,full,11,0.359082348563793,0.12894013305008933,0.2781346242267534
IN.ADM2.00189,cottonlint,Kharif,cleaned,11,0.359082348563793,0.12894013305008933,0.2781346242267534
IN.ADM2.00199,cottonlint,Kharif,full,9,0.6471034384679918,0.41874286007709804,0.05958079088642454
IN.ADM2.00199,cottonlint,Kharif,cleaned,9,0.6471034384679918,0.41874286007709804,0.05958079088642454
IN.ADM2.00207,cottonlint,Kharif,full,13,-0.5943369329736579,0.3532363898965343,0.032184465902653864
IN.ADM2.00207,cottonlint,Kharif,cleaned,13,-0.5943369329736579,0.3532363898965343,0.032184465902653864
IN.ADM2.00212,cottonlint,Kharif,full,15,0.37122487865879533,0.1378079105352373,0.17310393586223563
IN.ADM2.00212,cottonlint,Kharif,cleaned,15,0.37122487865879533,0.1378079105352373,0.17310393586223563
IN.ADM2.00215,cottonlint,Kharif,full,15,-0.5565872228969339,0.3097893366921211,0.031164643627771545
IN.ADM2.00215,cottonlint,Kharif,cleaned,15,-0.5565872228969339,0.3097893366921211,0.031164643627771545
IN.ADM2.00216,cottonlint,Kharif,full,15,-0.2497385565643221,0.062369346634831103,0.3693638441962495
IN.ADM2.00216,cottonlint,Kharif,cleaned,15,-0.2497385565643221,0.062369346634831103,0.3693638441962495
IN.ADM2.00218,cottonlint,Kharif,full,15,-0.3960732452976237,0.1568740156405916,0.14388645831441219
IN.ADM2.00218,cottonlint,Kharif,cleaned,15,-0.3960732452976237,0.1568740156405916,0.14388645831441219
IN.ADM2.00221,cottonlint,Kharif,full,13,-0.4133945953783218,0.17089509148800638,0.16029235752899693
IN.ADM2.00221,cottonlint,Kharif,cleaned,13,-0.4133945953783218,0.17089509148800638,0.16029235752899693
IN.ADM2.00224,cottonlint,Kharif,full,15,-0.28675502231948935,0.08222844282545083,0.30010097535472313
IN.ADM2.00224,cottonlint,Kharif,cleaned,15,-0.28675502231948935,0.08222844282545083,0.30010097535472313
IN.ADM2.00226,cottonlint,Kharif,full,13,-0.4792402966645847,0.22967126194715912,0.0975127364508727
IN.ADM2.00226,cottonlint,Kharif,cleaned,13,-0.4792402966645847,0.22967126194715912,0.0975127364508727
IN.ADM2.00227,cottonlint,Kharif,full,9,0.8211655449950805,0.6743128522870676,0.00665410349845267
IN.ADM2.00227,cottonlint,Kharif,cleaned,9,0.8211655449950805,0.6743128522870676,0.00665410349845267
IN.ADM2.00230,cottonlint,Kharif,full,6,0.2469434949382201,0.06098108969230274,0.637114199299549
IN.ADM2.00230,cottonlint,Kharif,cleaned,6,0.2469434949382201,0.06098108969230274,0.637114199299549
IN.ADM2.00235,cottonlint,Kharif,full,15,-0.24131169634181032,0.058231334791362076,0.3862570681693409
IN.ADM2.00235,cottonlint,Kharif,cleaned,15,-0.24131169634181032,0.058231334791362076,0.3862570681693409
IN.ADM2.00239,cottonlint,Kharif,full,9,-0.5954160048145631,0.3545202187893359,0.09071578145839052
IN.ADM2.00239,cottonlint,Kharif,cleaned,9,-0.5954160048145631,0.3545202187893359,0.09071578145839052
IN.ADM2.00240,cottonlint,Kharif,full,7,-0.36446437674197196,0.13283428191391408,0.421528302861518
IN.ADM2.00240,cottonlint,Kharif,cleaned,7,-0.36446437674197196,0.13283428191391408,0.421528302861518
IN.ADM2.00242,cottonlint,Kharif,full,7,0.5583543974929499,0.3117596331997151,0.19267233733480404
IN.ADM2.00242,cottonlint,Kharif,cleaned,7,0.5583543974929499,0.3117596331997151,0.19267233733480404
IN.ADM2.00243,cottonlint,Kharif,full,5,0.8980751128074357,0.8065389082440884,0.03845922310074183
IN.ADM2.00243,cottonlint,Kharif,cleaned,5,0.8980751128074357,0.8065389082440884,0.03845922310074183
IN.ADM2.00245,cottonlint,Kharif,full,10,-0.1225477310517671,0.015017946385936242,0.7359165998822128
IN.ADM2.00245,cottonlint,Kharif,cleaned,6,-0.23662005050199816,0.05598904829956816,0.6516939899651041
IN.ADM2.00249,cottonlint,Kharif,full,15,-0.2592844394857154,0.0672284205594216,0.3507252705308479
IN.ADM2.00249,cottonlint,Kharif,cleaned,15,-0.2592844394857154,0.0672284205594216,0.3507252705308479
IN.ADM2.00250,cottonlint,Kharif,full,16,0.8190051262886753,0.6707693968871289,0.00010418717873853841
IN.ADM2.00250,cottonlint,Kharif,cleaned,16,0.8190051262886753,0.6707693968871289,0.00010418717873853841
IN.ADM2.00251,cottonlint,Kharif,full,16,0.7723077048342276,0.5964591909463124,0.0004546121943516322
IN.ADM2.00251,cottonlint,Kharif,cleaned,16,0.7723077048342276,0.5964591909463124,0.0004546121943516322
IN.ADM2.00252,cottonlint,Kharif,full,16,0.6219860085862603,0.3868665948770675,0.010093873339294396
IN.ADM2.00252,cottonlint,Kharif,cleaned,16,0.6219860085862603,0.3868665948770675,0.010093873339294396
IN.ADM2.00253,cottonlint,Kharif,full,16,0.8655509220473234,0.7491783986569718,1.4814389667982459e-05
IN.ADM2.00253,cottonlint,Kharif,cleaned,16,0.8655509220473234,0.7491783986569718,1.4814389667982459e-05
IN.ADM2.00255,cottonlint,Kharif,full,16,0.7835031201909044,0.6138771393488828,0.0003298848332362915
IN.ADM2.00255,cottonlint,Kharif,cleaned,16,0.7835031201909044,0.6138771393488828,0.0003298848332362915
IN.ADM2.00256,cottonlint,Kharif,full,16,0.6380793462236678,0.4071452520772233,0.007820976148829937
IN.ADM2.00256,cottonlint,Kharif,cleaned,16,0.6380793462236678,0.4071452520772233,0.007820976148829937
IN.ADM2.00257,cottonlint,Kharif,full,16,0.056507628637246524,0.0031931120942049634,0.8353379982322713
IN.ADM2.00257,cottonlint,Kharif,cleaned,16,0.056507628637246524,0.0031931120942049634,0.8353379982322713
IN.ADM2.00258,cottonlint,Kharif,full,16,0.8360929858980797,0.6990514810679664,5.4607438918814394e-05
IN.ADM2.00258,cottonlint,Kharif,cleaned,16,0.8360929858980797,0.6990514810679664,5.4607438918814394e-05
IN.ADM2.00259,cottonlint,Kharif,full,15,0.40872201911043604,0.16705368890571165,0.1303749530114149
IN.ADM2.00259,cottonlint,Kharif,cleaned,11,0.48514922219477874,0.23536976779619878,0.1303797137313881
IN.ADM2.00260,cottonlint,Kharif,full,16,0.613017739516283,0.37579074896165343,0.011569424775570929
IN.ADM2.00260,cottonlint,Kharif,cleaned,16,0.613017739516283,0.37579074896165343,0.011569424775570929
IN.ADM2.00261,cottonlint,Kharif,full,16,0.8043642547026868,0.6470018542434088,0.00017228352255717816
IN.ADM2.00261,cottonlint,Kharif,cleaned,16,0.8043642547026868,0.6470018542434088,0.00017228352255717816
IN.ADM2.00262,cottonlint,Kharif,full,10,0.32236748329668496,0.10392079428703846,0.3636475776063768
IN.ADM2.00262,cottonlint,Kharif,cleaned,5,0.4542133613585493,0.20630977763663208,0.4422290800649313
IN.ADM2.00263,cottonlint,Kharif,full,16,0.698148755541097,0.48741168486358244,0.002632092195995746
IN.ADM2.00263,cottonlint,Kharif,cleaned,16,0.698148755541097,0.48741168486358244,0.002632092195995746
IN.ADM2.00266,cottonlint,Kharif,full,16,0.26105546087379305,0.0681499536520285,0.3287706334151556
IN.ADM2.00266,cottonlint,Kharif,cleaned,16,0.26105546087379305,0.0681499536520285,0.3287706334151556
IN.ADM2.00267,cottonlint,Kharif,full,16,0.6518348850185642,0.4248887173271649,0.00621855809303944
IN.ADM2.00267,cottonlint,Kharif,cleaned,16,0.6518348850185642,0.4248887173271649,0.00621855809303944
IN.ADM2.00268,cottonlint,Kharif,full,16,0.4606862493338354,0.21223182032527677,0.07252143199325695
IN.ADM2.00268,cottonlint,Kharif,cleaned,16,0.4606862493338354,0.21223182032527677,0.07252143199325695
IN.ADM2.00269,cottonlint,Kharif,full,16,0.7402186289772262,0.5479236186849246,0.0010422233788265573
IN.ADM2.00269,cottonlint,Kharif,cleaned,16,0.7402186289772262,0.5479236186849246,0.0010422233788265573
IN.ADM2.00270,cottonlint,Kharif,full,16,0.6817507183957406,0.46478404203310847,0.0036292930376539507
IN.ADM2.00270,cottonlint,Kharif,cleaned,16,0.6817507183957406,0.46478404203310847,0.0036292930376539507
IN.ADM2.00271,cottonlint,Kharif,full,8,-0.7622348589755512,0.5810019802374784,0.027896149323086507
IN.ADM2.00271,cottonlint,Kharif,cleaned,8,-0.7622348589755512,0.5810019802374784,0.027896149323086507
IN.ADM2.00274,cottonlint,Kharif,full,16,-0.15056722731685834,0.022670489941886494,0.5777982365865627
IN.ADM2.00274,cottonlint,Kharif,cleaned,16,-0.15056722731685834,0.022670489941886494,0.5777982365865627
IN.ADM2.00275,cottonlint,Kharif,full,16,0.0988152932862234,0.009764462187242348,0.7157896866215694
IN.ADM2.00275,cottonlint,Kharif,cleaned,16,0.0988152932862234,0.009764462187242348,0.7157896866215694
IN.ADM2.00277,cottonlint,Kharif,full,16,0.5543912680386478,0.30734967807749985,0.025841612269401223
IN.ADM2.00277,cottonlint,Kharif,cleaned,16,0.5543912680386478,0.30734967807749985,0.025841612269401223
IN.ADM2.00279,cottonlint,Kharif,full,16,0.610568101907372,0.372793407066771,0.012000550324142656
IN.ADM2.00279,cottonlint,Kharif,cleaned,16,0.610568101907372,0.372793407066771,0.012000550324142656
IN.ADM2.00280,cottonlint,Kharif,full,16,0.640199340376955,0.4098551954190883,0.007554700015791803
IN.ADM2.00280,cottonlint,Kharif,cleaned,16,0.640199340376955,0.4098551954190883,0.007554700015791803
IN.ADM2.00289,cottonlint,Kharif,full,15,-0.03780586341864205,0.001429283308829017,0.8935881578936904
IN.ADM2.00289,cottonlint,Kharif,cleaned,15,-0.03780586341864205,0.001429283308829017,0.8935881578936904
IN.ADM2.00294,cottonlint,Kharif,full,16,0.3328155752031504,0.11076620709780387,0.2078283377387488
IN.ADM2.00294,cottonlint,Kharif,cleaned,16,0.3328155752031504,0.11076620709780387,0.2078283377387488
IN.ADM2.00321,cottonlint,Kharif,full,12,0.438305299363455,0.19211153545008794,0.15408661280640723
IN.ADM2.00321,cottonlint,Kharif,cleaned,12,0.438305299363455,0.19211153545008794,0.15408661280640723
IN.ADM2.00324,cottonlint,Kharif,full,16,0.2625012487818731,0.06890690561204282,0.3260012765573086
IN.ADM2.00324,cottonlint,Kharif,cleaned,16,0.2625012487818731,0.06890690561204282,0.3260012765573086
IN.ADM2.00329,cottonlint,Kharif,full,12,0.31503874007645694,0.09924940774896139,0.31856594830648466
IN.ADM2.00329,cottonlint,Kharif,cleaned,12,0.31503874007645694,0.09924940774896139,0.31856594830648466
IN.ADM2.00332,cottonlint,Kharif,full,16,0.49722350105224317,0.24723120999865006,0.05004562665476617
IN.ADM2.00332,cottonlint,Kharif,cleaned,16,0.49722350105224317,0.24723120999865006,0.05004562665476617
IN.ADM2.00333,cottonlint,Kharif,full,16,0.4548439933101034,0.2068830582502814,0.07670071199523203
IN.ADM2.00333,cottonlint,Kharif,cleaned,16,0.4548439933101034,0.2068830582502814,0.07670071199523203
IN.ADM2.00334,cottonlint,Kharif,full,16,-0.32016156245177735,0.10250342607156333,0.22669877899046606
IN.ADM2.00334,cottonlint,Kharif,cleaned,16,-0.32016156245177735,0.10250342607156333,0.22669877899046606
IN.ADM2.00335,cottonlint,Kharif,full,16,0.4846957208555627,0.23492994181569354,0.05706884088161485
IN.ADM2.00335,cottonlint,Kharif,cleaned,16,0.4846957208555627,0.23492994181569354,0.05706884088161485
IN.ADM2.00336,cottonlint,Kharif,full,14,0.4318885067219419,0.18652768223850885,0.12304704130739937
IN.ADM2.00336,cottonlint,Kharif,cleaned,14,0.4318885067219419,0.18652768223850885,0.12304704130739937
IN.ADM2.00337,cottonlint,Kharif,full,16,-0.13459964585602338,0.01811706466456691,0.6191913877025241
IN.ADM2.00337,cottonlint,Kharif,cleaned,16,-0.13459964585602338,0.01811706466456691,0.6191913877025241
IN.ADM2.00338,cottonlint,Kharif,full,16,0.732153036747662,0.5360480692188233,0.0012607938760358336
IN.ADM2.00338,cottonlint,Kharif,cleaned,16,0.732153036747662,0.5360480692188233,0.0012607938760358336
IN.ADM2.00339,cottonlint,Kharif,full,16,-0.03726724880106945,0.0013888478332008123,0.8910123699945731
IN.ADM2.00339,cottonlint,Kharif,cleaned,16,-0.03726724880106945,0.0013888478332008123,0.8910123699945731
IN.ADM2.00340,cottonlint,Kharif,full,15,0.26859963326431535,0.07214576298972471,0.33305393408964895
IN.ADM2.00340,cottonlint,Kharif,cleaned,15,0.26859963326431535,0.07214576298972471,0.33305393408964895
IN.ADM2.00343,cottonlint,Kharif,full,12,-0.18595174616823035,0.03457805190301397,0.5628364822238918
IN.ADM2.00343,cottonlint,Kharif,cleaned,12,-0.18595174616823035,0.03457805190301397,0.5628364822238918
IN.ADM2.00344,cottonlint,Kharif,full,16,0.47971211916443024,0.23012371727322853,0.06005568980924939
IN.ADM2.00344,cottonlint,Kharif,cleaned,15,0.5615358436931155,0.31532250375213905,0.029386769377470628
IN.ADM2.00348,cottonlint,Kharif,full,16,0.426079584807361,0.18154381258961316,0.0998433651662321
IN.ADM2.00348,cottonlint,Kharif,cleaned,15,0.5099498132476435,0.26004881203130653,0.052135974527973146
IN.ADM2.00349,cottonlint,Kharif,full,14,-0.25199995582769474,0.0635039777371601,0.3847706885758321
IN.ADM2.00349,cottonlint,Kharif,cleaned,14,-0.25199995582769474,0.0635039777371601,0.3847706885758321
IN.ADM2.00350,cottonlint,Kharif,full,16,0.4003503788829969,0.16028042587175917,0.12438981660213777
IN.ADM2.00350,cottonlint,Kharif,cleaned,16,0.4003503788829969,0.16028042587175917,0.12438981660213777
IN.ADM2.00357,cottonlint,Kharif,full,16,0.6344246357729467,0.4024946184756361,0.008297452662770082
IN.ADM2.00357,cottonlint,Kharif,cleaned,16,0.6344246357729467,0.4024946184756361,0.008297452662770082
IN.ADM2.00364,cottonlint,Kharif,full,10,-0.24254386392041774,0.05882752592544612,0.499560868934558
IN.ADM2.00364,cottonlint,Kharif,cleaned,10,-0.24254386392041774,0.05882752592544612,0.499560868934558
IN.ADM2.00365,cottonlint,Kharif,full,12,0.02304268396532272,0.0005309652843257408,0.9433335214011653
IN.ADM2.00365,cottonlint,Kharif,cleaned,11,0.010561195406354668,0.00011153884841120693,0.9754145244410992
IN.ADM2.00366,cottonlint,Kharif,full,12,0.2681419366344046,0.07190009818204905,0.39942468420665067
IN.ADM2.00366,cottonlint,Kharif,cleaned,12,0.2681419366344046,0.07190009818204905,0.39942468420665067
IN.ADM2.00367,cottonlint,Kharif,full,12,-0.07411708100414653,0.005493341696575219,0.8189318706365488
IN.ADM2.00367,cottonlint,Kharif,cleaned,12,-0.07411708100414653,0.005493341696575219,0.8189318706365488
IN.ADM2.00368,cottonlint,Kharif,full,12,0.009990457900491065,9.980924906148433e-05,0.975417379082574
IN.ADM2.00368,cottonlint,Kharif,cleaned,12,0.009990457900491065,9.980924906148433e-05,0.975417379082574
IN.ADM2.00369,cottonlint,Kharif,full,12,-0.20289934876607013,0.04116814572969536,0.527089868727209
IN.ADM2.00369,cottonlint,Kharif,cleaned,12,-0.20289934876607013,0.04116814572969536,0.527089868727209
IN.ADM2.00374,cottonlint,Kharif,full,12,0.18803130045838526,0.035355769952071556,0.5583979323498148
IN.ADM2.00374,cottonlint,Kharif,cleaned,12,0.18803130045838526,0.035355769952071556,0.5583979323498148
IN.ADM2.00376,cottonlint,Kharif,full,12,-0.29269266399273935,0.08566899555516662,0.3558887639186282
IN.ADM2.00376,cottonlint,Kharif,cleaned,12,-0.29269266399273935,0.08566899555516662,0.3558887639186282
IN.ADM2.00377,cottonlint,Kharif,full,11,-0.4068289718450665,0.1655098123325139,0.21432983253168206
IN.ADM2.00377,cottonlint,Kharif,cleaned,10,-0.2563888944462017,0.06573526519534557,0.47458561824102286
IN.ADM2.00378,cottonlint,Kharif,full,12,0.017249808295648247,0.0002975558862366151,0.957566137328711
IN.ADM2.00378,cottonlint,Kharif,cleaned,12,0.017249808295648247,0.0002975558862366151,0.957566137328711
IN.ADM2.00383,cottonlint,Kharif,full,12,0.7014162243006986,0.49198471971224794,0.011023370164949114
IN.ADM2.00383,cottonlint,Kharif,cleaned,12,0.7014162243006986,0.49198471971224794,0.011023370164949114
IN.ADM2.00384,cottonlint,Kharif,full,12,-0.3624732991902746,0.13138689262588232,0.24689117034111124
IN.ADM2.00384,cottonlint,Kharif,cleaned,12,-0.3624732991902746,0.13138689262588232,0.24689117034111124
IN.ADM2.00387,cottonlint,Kharif,full,16,-0.03091059336983542,0.0009554647824753134,0.9095240383043104
IN.ADM2.00387,cottonlint,Kharif,cleaned,15,0.2124598832748007,0.04513920200114194,0.4471286668246853
IN.ADM2.00388,cottonlint,Kharif,full,15,0.5884502039339787,0.34627364250994114,0.02102103209281817
IN.ADM2.00388,cottonlint,Kharif,cleaned,15,0.5884502039339787,0.34627364250994114,0.02102103209281817
IN.ADM2.00401,cottonlint,Kharif,full,15,0.034610967612472066,0.0011979190790715902,0.9025395202024646
IN.ADM2.00401,cottonlint,Kharif,cleaned,15,0.034610967612472066,0.0011979190790715902,0.9025395202024646
IN.ADM2.00405,cottonlint,Kharif,full,10,0.029376044389138642,0.0008629519839526439,0.9357953275707794
IN.ADM2.00405,cottonlint,Kharif,cleaned,10,0.029376044389138642,0.0008629519839526439,0.9357953275707794
IN.ADM2.00410,cottonlint,Kharif,full,13,0.32988309449305697,0.10882285603231516,0.27100720734210487
IN.ADM2.00410,cottonlint,Kharif,cleaned,13,0.32988309449305697,0.10882285603231516,0.27100720734210487
IN.ADM2.00430,cottonlint,Kharif,full,15,-0.22634580558190168,0.05123242370452003,0.4172556704299673
IN.ADM2.00430,cottonlint,Kharif,cleaned,15,-0.22634580558190168,0.05123242370452003,0.4172556704299673
IN.ADM2.00444,cottonlint,Kharif,full,5,-0.4311616158461124,0.1859003389790306,0.46854597149275595
IN.ADM2.00444,cottonlint,Kharif,cleaned,5,-0.4311616158461124,0.1859003389790306,0.46854597149275595
IN.ADM2.00452,cottonlint,Kharif,full,5,0.663223390982125,0.4398652663458287,0.2223764937817342
IN.ADM2.00452,cottonlint,Kharif,cleaned,5,0.663223390982125,0.4398652663458287,0.2223764937817342
IN.ADM2.00464,cottonlint,Kharif,full,12,-0.236694527251242,0.05602429923068893,0.4588850151815289
IN.ADM2.00464,cottonlint,Kharif,cleaned,12,-0.236694527251242,0.05602429923068893,0.4588850151815289
IN.ADM2.00465,cottonlint,Kharif,full,5,-0.18930730567105966,0.035837255980436016,0.7604139556560183
IN.ADM2.00466,cottonlint,Kharif,full,16,-0.20512897165095978,0.04207789501058026,0.44599005770762046
IN.ADM2.00466,cottonlint,Kharif,cleaned,16,-0.20512897165095978,0.04207789501058026,0.44599005770762046
IN.ADM2.00488,cottonlint,Kharif,full,8,-0.5120355779163581,0.26218043305213884,0.19454170400202989
IN.ADM2.00488,cottonlint,Kharif,cleaned,7,0.2630500417913564,0.06919532448643434,0.5687208644751868
IN.ADM2.00489,cottonlint,Kharif,full,6,-0.4104473110308763,0.1684669951324769,0.41890244602847415
IN.ADM2.00489,cottonlint,Kharif,cleaned,6,-0.4104473110308763,0.1684669951324769,0.41890244602847415
IN.ADM2.00491,cottonlint,Kharif,full,16,0.14645803603270266,0.02144995631855643,0.588339501903852
IN.ADM2.00491,cottonlint,Kharif,cleaned,16,0.14645803603270266,0.02144995631855643,0.588339501903852
IN.ADM2.00492,cottonlint,Kharif,full,11,-0.1547628952728411,0.02395155375323238,0.6495688453703118
IN.ADM2.00492,cottonlint,Kharif,cleaned,11,-0.1547628952728411,0.02395155375323238,0.6495688453703118
IN.ADM2.00494,cottonlint,Kharif,full,15,-0.08910484973682209,0.007939674246621644,0.7521609921573518
IN.ADM2.00494,cottonlint,Kharif,cleaned,15,-0.08910484973682209,0.007939674246621644,0.7521609921573518
IN.ADM2.00495,cottonlint,Kharif,full,16,0.28798882590789343,0.08293756384780696,0.2794142019114144
IN.ADM2.00495,cottonlint,Kharif,cleaned,15,0.09109643258665029,0.008298560030014121,0.7467870190646002
IN.ADM2.00502,cottonlint,Kharif,full,15,0.02907466646844146,0.0008453362302511143,0.9180762119082533
IN.ADM2.00502,cottonlint,Kharif,cleaned,15,0.02907466646844146,0.0008453362302511143,0.9180762119082533
IN.ADM2.00503,cottonlint,Kharif,full,15,0.0734099404421042,0.0053890193557132844,0.7948638277983279
IN.ADM2.00503,cottonlint,Kharif,cleaned,15,0.0734099404421042,0.0053890193557132844,0.7948638277983279
IN.ADM2.00510,cottonlint,Kharif,full,16,0.20573677560846348,0.042327620837767255,0.4446139241147362
IN.ADM2.00510,cottonlint,Kharif,cleaned,16,0.20573677560846348,0.042327620837767255,0.4446139241147362
IN.ADM2.00511,cottonlint,Kharif,full,16,0.4839155502374083,0.23417425976157363,0.05752903350527479
IN.ADM2.00511,cottonlint,Kharif,cleaned,16,0.4839155502374083,0.23417425976157363,0.05752903350527479
IN.ADM2.00512,cottonlint,Kharif,full,14,0.5530462240847447,0.30586012597439366,0.04023584355480173
IN.ADM2.00512,cottonlint,Kharif,cleaned,9,0.9146446973695487,0.8365749224262333,0.0005498476706152709
IN.ADM2.00533,cottonlint,Kharif,full,12,-0.43163311264336934,0.18630714393020356,0.16118289292404675
IN.ADM2.00533,cottonlint,Kharif,cleaned,12,-0.43163311264336934,0.18630714393020356,0.16118289292404675
IN.ADM2.00534,cottonlint,Kharif,full,12,-0.1485882177832929,0.02207845846401528,0.6448864902414204
IN.ADM2.00534,cottonlint,Kharif,cleaned,12,-0.1485882177832929,0.02207845846401528,0.6448864902414204
IN.ADM2.00552,cottonlint,Kharif,full,16,0.3256156307057684,0.10602553895991533,0.21843692471404216
IN.ADM2.00552,cottonlint,Kharif,cleaned,16,0.3256156307057684,0.10602553895991533,0.21843692471404216
IN.ADM2.00561,cottonlint,Kharif,full,16,0.4789176712138413,0.22936213580088902,0.060542249226468364
IN.ADM2.00561,cottonlint,Kharif,cleaned,16,0.4789176712138413,0.22936213580088902,0.060542249226468364
IN.ADM2.00562,cottonlint,Kharif,full,15,0.6049049689050524,0.3659100214060224,0.01689079415002239
IN.ADM2.00562,cottonlint,Kharif,cleaned,15,0.6049049689050524,0.3659100214060224,0.01689079415002239
IN.ADM2.00566,cottonlint,Kharif,full,12,-0.15292154309319406,0.023384998342003607,0.6351593982093895
IN.ADM2.00566,cottonlint,Kharif,cleaned,12,-0.15292154309319406,0.023384998342003607,0.6351593982093895
IN.ADM2.00567,cottonlint,Kharif,full,12,-0.12600973056752607,0.015878452197700513,0.6963700689730166
IN.ADM2.00567,cottonlint,Kharif,cleaned,12,-0.12600973056752607,0.015878452197700513,0.6963700689730166
IN.ADM2.00568,cottonlint,Kharif,full,12,-0.3536201796980403,0.12504723148967434,0.2594765952563426
IN.ADM2.00568,cottonlint,Kharif,cleaned,12,-0.3536201796980403,0.12504723148967434,0.2594765952563426
IN.ADM2.00570,cottonlint,Kharif,full,16,0.016445465019613498,0.0002704533197113312,0.9517978230292674
IN.ADM2.00570,cottonlint,Kharif,cleaned,15,0.36275229599097186,0.13158922824672167,0.1838949159414607
IN.ADM2.00577,cottonlint,Kharif,full,12,0.4839813151240753,0.23423791338922945,0.11086599980382097
IN.ADM2.00577,cottonlint,Kharif,cleaned,12,0.4839813151240753,0.23423791338922945,0.11086599980382097
IN.ADM2.00578,cottonlint,Kharif,full,12,0.26097445177519085,0.06810766447936141,0.41261974868979384
IN.ADM2.00578,cottonlint,Kharif,cleaned,12,0.26097445177519085,0.06810766447936141,0.41261974868979384
IN.ADM2.00172,cottonlint,Rabi,full,6,-0.23048458490021492,0.05312314387662438,0.6603951555321768
IN.ADM2.00172,cottonlint,Rabi,cleaned,6,-0.23048458490021492,0.05312314387662438,0.6603951555321768
IN.ADM2.00173,cottonlint,Rabi,full,7,0.17414467272022066,0.030326367036832766,0.7088251560349352
IN.ADM2.00173,cottonlint,Rabi,cleaned,7,0.17414467272022066,0.030326367036832766,0.7088251560349352
IN.ADM2.00175,cottonlint,Rabi,full,7,-0.15101512410027162,0.02280556770702044,0.7465420810433465
IN.ADM2.00175,cottonlint,Rabi,cleaned,7,-0.15101512410027162,0.02280556770702044,0.7465420810433465
IN.ADM2.00179,cottonlint,Rabi,full,7,0.34154483273050507,0.11665287276490868,0.45339430534397857
IN.ADM2.00179,cottonlint,Rabi,cleaned,7,0.34154483273050507,0.11665287276490868,0.45339430534397857
IN.ADM2.00186,cottonlint,Rabi,full,7,-0.10226086641124393,0.010457284799178278,0.8273028460361063
IN.ADM2.00186,cottonlint,Rabi,cleaned,7,-0.10226086641124393,0.010457284799178278,0.8273028460361063
IN.ADM2.00188,cottonlint,Rabi,full,5,0.2466266489967771,0.0608247039953795,0.6891982011051849
IN.ADM2.00365,cottonlint,Rabi,full,5,0.7591972341167039,0.5763804402904533,0.13660962800094195
IN.ADM2.00366,cottonlint,Rabi,full,5,0.7577206922221618,0.574140647421632,0.137834856967697
IN.ADM2.00366,cottonlint,Rabi,cleaned,5,0.7577206922221618,0.574140647421632,0.137834856967697
IN.ADM2.00367,cottonlint,Rabi,full,5,0.5017891736876723,0.25179237483015693,0.38903055111101564
IN.ADM2.00367,cottonlint,Rabi,cleaned,5,0.5017891736876723,0.25179237483015693,0.38903055111101564
IN.ADM2.00368,cottonlint,Rabi,full,5,0.391821393030735,0.1535240040365457,0.514193980723404
IN.ADM2.00368,cottonlint,Rabi,cleaned,5,0.391821393030735,0.1535240040365457,0.514193980723404
IN.ADM2.00369,cottonlint,Rabi,full,5,0.38146717112008266,0.14551720264235843,0.5263520229342288
IN.ADM2.00369,cottonlint,Rabi,cleaned,5,0.38146717112008266,0.14551720264235843,0.5263520229342288
IN.ADM2.00374,cottonlint,Rabi,full,5,-0.5193253577860831,0.2696988272396433,0.36983261359606934
IN.ADM2.00374,cottonlint,Rabi,cleaned,5,-0.5193253577860831,0.2696988272396433,0.36983261359606934
IN.ADM2.00377,cottonlint,Rabi,full,5,-0.24245522190365573,0.05878453462835094,0.6943481685208156
IN.ADM2.00378,cottonlint,Rabi,full,5,0.5151899077165462,0.26542064101298335,0.3743389094032339
IN.ADM2.00378,cottonlint,Rabi,cleaned,5,0.5151899077165462,0.26542064101298335,0.3743389094032339
IN.ADM2.00383,cottonlint,Rabi,full,5,0.8934071647285766,0.7981763619883541,0.04110146178570595
IN.ADM2.00383,cottonlint,Rabi,cleaned,5,0.8934071647285766,0.7981763619883541,0.04110146178570595
IN.ADM2.00384,cottonlint,Rabi,full,5,-0.04631426685426465,0.0021450113142480374,0.9410519323284551
IN.ADM2.00384,cottonlint,Rabi,cleaned,5,-0.04631426685426465,0.0021450113142480374,0.9410519323284551
IN.ADM2.00492,cottonlint,Rabi,full,5,0.6607446259023149,0.43658346065879,0.22474201680653136
IN.ADM2.00492,cottonlint,Rabi,cleaned,5,0.6607446259023149,0.43658346065879,0.22474201680653136
IN.ADM2.00533,cottonlint,Rabi,full,5,-0.18379915989061216,0.03378213117649481,0.7673040177756861
IN.ADM2.00533,cottonlint,Rabi,cleaned,5,-0.18379915989061216,0.03378213117649481,0.7673040177756861
IN.ADM2.00534,cottonlint,Rabi,full,5,0.4901057159950481,0.24020361285101874,0.4019478956306064
IN.ADM2.00534,cottonlint,Rabi,cleaned,5,0.4901057159950481,0.24020361285101874,0.4019478956306064
IN.ADM2.00566,cottonlint,Rabi,full,5,0.4632228255195977,0.21457538608235965,0.4320360298293249
IN.ADM2.00566,cottonlint,Rabi,cleaned,5,0.4632228255195977,0.21457538608235965,0.4320360298293249
IN.ADM2.00567,cottonlint,Rabi,full,5,0.9413844004985373,0.8862045895019905,0.01688487806382857
IN.ADM2.00567,cottonlint,Rabi,cleaned,5,0.9413844004985373,0.8862045895019905,0.01688487806382857
IN.ADM2.00568,cottonlint,Rabi,full,5,0.6923616624703405,0.4793646716586937,0.19510190288098422
IN.ADM2.00568,cottonlint,Rabi,cleaned,5,0.6923616624703405,0.4793646716586937,0.19510190288098422
IN.ADM2.00577,cottonlint,Rabi,full,5,0.9597921914648735,0.9212010507969444,0.009619725775383227
IN.ADM2.00577,cottonlint,Rabi,cleaned,5,0.9597921914648735,0.9212010507969444,0.009619725775383227
IN.ADM2.00578,cottonlint,Rabi,full,5,0.7221016438073747,0.5214307839893128,0.16833519234876412
IN.ADM2.00578,cottonlint,Rabi,cleaned,5,0.7221016438073747,0.5214307839893128,0.16833519234876412
IN.ADM2.00172,cottonlint,Whole Year,full,5,0.5944547459690963,0.35337644500518284,0.290419940808355
IN.ADM2.00172,cottonlint,Whole Year,cleaned,5,0.5944547459690963,0.35337644500518284,0.290419940808355
IN.ADM2.00173,cottonlint,Whole Year,full,5,0.00033474342030552495,1.1205315743784134e-07,0.9995737914478873
IN.ADM2.00173,cottonlint,Whole Year,cleaned,5,0.00033474342030552495,1.1205315743784134e-07,0.9995737914478873
IN.ADM2.00174,cottonlint,Whole Year,full,5,-0.8967846892489718,0.8042227788713749,0.03918405093693385
IN.ADM2.00174,cottonlint,Whole Year,cleaned,5,-0.8967846892489718,0.8042227788713749,0.03918405093693385
IN.ADM2.00175,cottonlint,Whole Year,full,5,-0.2994374371116086,0.08966277874396855,0.6245210131093997
IN.ADM2.00175,cottonlint,Whole Year,cleaned,5,-0.2994374371116086,0.08966277874396855,0.6245210131093997
IN.ADM2.00176,cottonlint,Whole Year,full,5,-0.4049710160536459,0.16400152384352232,0.49883758121370925
IN.ADM2.00176,cottonlint,Whole Year,cleaned,5,-0.4049710160536459,0.16400152384352232,0.49883758121370925
IN.ADM2.00179,cottonlint,Whole Year,full,5,0.3221202593146685,0.10376146146094926,0.5970711735662403
IN.ADM2.00179,cottonlint,Whole Year,cleaned,5,0.3221202593146685,0.10376146146094926,0.5970711735662403
IN.ADM2.00180,cottonlint,Whole Year,full,5,0.7654661312524418,0.5859383980945805,0.1314439577603434
IN.ADM2.00180,cottonlint,Whole Year,cleaned,5,0.7654661312524418,0.5859383980945805,0.1314439577603434
IN.ADM2.00181,cottonlint,Whole Year,full,5,0.7424981260413799,0.5513034671749608,0.15065177519717365
IN.ADM2.00181,cottonlint,Whole Year,cleaned,5,0.7424981260413799,0.5513034671749608,0.15065177519717365
IN.ADM2.00185,cottonlint,Whole Year,full,5,-0.1700595639198713,0.02892025528061679,0.7845216803965611
IN.ADM2.00185,cottonlint,Whole Year,cleaned,5,-0.1700595639198713,0.02892025528061679,0.7845216803965611
IN.ADM2.00186,cottonlint,Whole Year,full,5,-0.04782657402114342,0.0022873811825999102,0.9391285375316795
IN.ADM2.00186,cottonlint,Whole Year,cleaned,5,-0.04782657402114342,0.0022873811825999102,0.9391285375316795
IN.ADM2.00188,cottonlint,Whole Year,full,5,0.9612493103570445,0.9240002366618937,0.009103584182910532
IN.ADM2.00188,cottonlint,Whole Year,cleaned,5,0.9612493103570445,0.9240002366618937,0.009103584182910532
IN.ADM2.00189,cottonlint,Whole Year,full,5,-0.15308571155113324,0.023435235081116768,0.8058492294952554
IN.ADM2.00189,cottonlint,Whole Year,cleaned,5,-0.15308571155113324,0.023435235081116768,0.8058492294952554
IN.ADM2.00005,potato,Kharif,full,5,-0.527594776272074,0.2783562479495798,0.36086146751430137
IN.ADM2.00005,potato,Kharif,cleaned,5,-0.527594776272074,0.2783562479495798,0.36086146751430137
IN.ADM2.00007,potato,Kharif,full,5,0.18159999321137588,0.03297855753437177,0.7700569546578948
IN.ADM2.00007,potato,Kharif,cleaned,5,0.18159999321137588,0.03297855753437177,0.7700569546578948
IN.ADM2.00145,potato,Kharif,full,10,0.2793673022165704,0.07804608954776458,0.4343872864856707
IN.ADM2.00145,potato,Kharif,cleaned,10,0.2793673022165704,0.07804608954776458,0.4343872864856707
IN.ADM2.00147,potato,Kharif,full,10,-0.8228902490523309,0.6771483619854072,0.0034556614276016486
IN.ADM2.00147,potato,Kharif,cleaned,10,-0.8228902490523309,0.6771483619854072,0.0034556614276016486
IN.ADM2.00149,potato,Kharif,full,10,-0.6086063032974282,0.3704016324133611,0.061871536502854
IN.ADM2.00149,potato,Kharif,cleaned,10,-0.6086063032974282,0.3704016324133611,0.061871536502854
IN.ADM2.00152,potato,Kharif,full,10,0.4164459352667766,0.1734272170002203,0.23125164293872105
IN.ADM2.00152,potato,Kharif,cleaned,10,0.4164459352667766,0.1734272170002203,0.23125164293872105
IN.ADM2.00153,potato,Kharif,full,10,-0.060906070973079804,0.003709549481377834,0.8672611015025038
IN.ADM2.00153,potato,Kharif,cleaned,10,-0.060906070973079804,0.003709549481377834,0.8672611015025038
IN.ADM2.00159,potato,Kharif,full,10,-0.39352638084590463,0.15486301242167597,0.26054282462466966
IN.ADM2.00159,potato,Kharif,cleaned,10,-0.39352638084590463,0.15486301242167597,0.26054282462466966
IN.ADM2.00160,potato,Kharif,full,10,-0.2615078620606409,0.0683863619195272,0.46549282271238684
IN.ADM2.00160,potato,Kharif,cleaned,10,-0.2615078620606409,0.0683863619195272,0.46549282271238684
IN.ADM2.00166,potato,Kharif,full,10,-0.35322602451572693,0.12476862439518492,0.31672182884882466
IN.ADM2.00166,potato,Kharif,cleaned,10,-0.35322602451572693,0.12476862439518492,0.31672182884882466
IN.ADM2.00168,potato,Kharif,full,10,-0.05577220053552097,0.0031105383525743655,0.8783770945321158
IN.ADM2.00168,potato,Kharif,cleaned,10,-0.05577220053552097,0.0031105383525743655,0.8783770945321158
IN.ADM2.00170,potato,Kharif,full,11,0.026991383712909676,0.0007285347947375258,0.9372117887763881
IN.ADM2.00170,potato,Kharif,cleaned,11,0.026991383712909676,0.0007285347947375258,0.9372117887763881
IN.ADM2.00171,potato,Kharif,full,11,-0.03371101372195461,0.001136432446161812,0.9216176706262529
IN.ADM2.00171,potato,Kharif,cleaned,11,-0.03371101372195461,0.001136432446161812,0.9216176706262529
IN.ADM2.00172,potato,Kharif,full,11,0.15526773300008573,0.02410806891098591,0.6484893970519459
IN.ADM2.00172,potato,Kharif,cleaned,11,0.15526773300008573,0.02410806891098591,0.6484893970519459
IN.ADM2.00173,potato,Kharif,full,11,-0.32804686732937804,0.10761474716461857,0.3246837653011336
IN.ADM2.00173,potato,Kharif,cleaned,11,-0.32804686732937804,0.10761474716461857,0.3246837653011336
IN.ADM2.00174,potato,Kharif,full,11,0.3797618542767853,0.14421906596374234,0.24932647793487017
IN.ADM2.00174,potato,Kharif,cleaned,11,0.3797618542767853,0.14421906596374234,0.24932647793487017
IN.ADM2.00176,potato,Kharif,full,11,-0.058766923396696334,0.003453551285513175,0.8637281415248709
IN.ADM2.00176,potato,Kharif,cleaned,11,-0.058766923396696334,0.003453551285513175,0.8637281415248709
IN.ADM2.00180,potato,Kharif,full,10,0.0704602497151994,0.004964646789928258,0.8466311369716663
IN.ADM2.00180,potato,Kharif,cleaned,10,0.0704602497151994,0.004964646789928258,0.8466311369716663
IN.ADM2.00181,potato,Kharif,full,11,-0.28490004925768325,0.08116803806703034,0.3957917469066369
IN.ADM2.00181,potato,Kharif,cleaned,11,-0.28490004925768325,0.08116803806703034,0.3957917469066369
IN.ADM2.00183,potato,Kharif,full,11,0.20437338709027225,0.04176848135075026,0.5466472355907989
IN.ADM2.00183,potato,Kharif,cleaned,11,0.20437338709027225,0.04176848135075026,0.5466472355907989
IN.ADM2.00184,potato,Kharif,full,11,-0.17485603061069713,0.03057463144092905,0.6070906437276669
IN.ADM2.00184,potato,Kharif,cleaned,11,-0.17485603061069713,0.03057463144092905,0.6070906437276669
IN.ADM2.00188,potato,Kharif,full,11,-0.1945722836706663,0.03785837357281824,0.5664428821074707
IN.ADM2.00188,potato,Kharif,cleaned,11,-0.1945722836706663,0.03785837357281824,0.5664428821074707
IN.ADM2.00206,potato,Kharif,full,8,0.4389707922186499,0.19269535642106908,0.2765519396184903
IN.ADM2.00206,potato,Kharif,cleaned,8,0.4389707922186499,0.19269535642106908,0.2765519396184903
IN.ADM2.00210,potato,Kharif,full,8,0.7513386880376826,0.5645098241421861,0.031626257869434966
IN.ADM2.00210,potato,Kharif,cleaned,8,0.7513386880376826,0.5645098241421861,0.031626257869434966
IN.ADM2.00230,potato,Kharif,full,8,0.00650077128286683,4.226002727214605e-05,0.9878113972437355
IN.ADM2.00230,potato,Kharif,cleaned,8,0.00650077128286683,4.226002727214605e-05,0.9878113972437355
IN.ADM2.00245,potato,Kharif,full,9,-0.14118691755927607,0.019933745689889815,0.7171114639694104
IN.ADM2.00245,potato,Kharif,cleaned,9,-0.14118691755927607,0.019933745689889815,0.7171114639694104
IN.ADM2.00294,potato,Kharif,full,10,0.3225727306746393,0.1040531665748934,0.36332460279541395
IN.ADM2.00294,potato,Kharif,cleaned,10,0.3225727306746393,0.1040531665748934,0.36332460279541395
IN.ADM2.00297,potato,Kharif,full,5,-0.9980752874653784,0.9961542794490978,0.00010133448062273588
IN.ADM2.00297,potato,Kharif,cleaned,5,-0.9980752874653784,0.9961542794490978,0.00010133448062273588
IN.ADM2.00300,potato,Kharif,full,5,-0.9184420913103164,0.8435358750904676,0.027615148659515282
IN.ADM2.00300,potato,Kharif,cleaned,5,-0.9184420913103164,0.8435358750904676,0.027615148659515282
IN.ADM2.00391,potato,Kharif,full,13,-0.16518458639706896,0.02728594758317074,0.5896806659503334
IN.ADM2.00391,potato,Kharif,cleaned,13,-0.16518458639706896,0.02728594758317074,0.5896806659503334
IN.ADM2.00402,potato,Kharif,full,13,0.07114510894199932,0.005061626526368952,0.8173447091189822
IN.ADM2.00402,potato,Kharif,cleaned,13,0.07114510894199932,0.005061626526368952,0.8173447091189822
IN.ADM2.00403,potato,Kharif,full,12,0.28918819699447784,0.08362981328091693,0.3619432515291523
IN.ADM2.00403,potato,Kharif,cleaned,12,0.28918819699447784,0.08362981328091693,0.3619432515291523
IN.ADM2.00437,potato,Kharif,full,12,-0.2740353471313894,0.07509537147742108,0.38873741732643313
IN.ADM2.00437,potato,Kharif,cleaned,12,-0.2740353471313894,0.07509537147742108,0.38873741732643313
IN.ADM2.00449,potato,Kharif,full,13,0.034863422305585284,0.0012154582148575816,0.9099760542400116
IN.ADM2.00449,potato,Kharif,cleaned,13,0.034863422305585284,0.0012154582148575816,0.9099760542400116
IN.ADM2.00575,potato,Kharif,full,13,0.11499632232603482,0.013224154148513296,0.7083357489096725
IN.ADM2.00575,potato,Kharif,cleaned,13,0.11499632232603482,0.013224154148513296,0.7083357489096725
IN.ADM2.00004,potato,Rabi,full,5,-0.8985201311593403,0.8073384260985981,0.03821025961883127
IN.ADM2.00004,potato,Rabi,cleaned,5,-0.8985201311593403,0.8073384260985981,0.03821025961883127
IN.ADM2.00005,potato,Rabi,full,5,-0.08935573579265482,0.007984447519046735,0.8863803255901632
IN.ADM2.00005,potato,Rabi,cleaned,5,-0.08935573579265482,0.007984447519046735,0.8863803255901632
IN.ADM2.00013,potato,Rabi,full,5,-0.2811311859199356,0.07903474369674938,0.6468252421052009
IN.ADM2.00013,potato,Rabi,cleaned,5,-0.2811311859199356,0.07903474369674938,0.6468252421052009
IN.ADM2.00066,potato,Rabi,full,12,0.4915910615507254,0.24166177179656909,0.1045499200293827
IN.ADM2.00066,potato,Rabi,cleaned,12,0.4915910615507254,0.24166177179656909,0.1045499200293827
IN.ADM2.00068,potato,Rabi,full,14,0.5783294384087658,0.33446493933019844,0.03027419201636728
IN.ADM2.00068,potato,Rabi,cleaned,14,0.5783294384087658,0.33446493933019844,0.03027419201636728
IN.ADM2.00071,potato,Rabi,full,12,0.31222033794729637,0.09748153942792395,0.3231497842250958
IN.ADM2.00071,potato,Rabi,cleaned,12,0.31222033794729637,0.09748153942792395,0.3231497842250958
IN.ADM2.00073,potato,Rabi,full,14,0.05325534186086574,0.0028361314367176785,0.8565152570027725
IN.ADM2.00073,potato,Rabi,cleaned,14,0.05325534186086574,0.0028361314367176785,0.8565152570027725
IN.ADM2.00088,potato,Rabi,full,11,0.7702386765055226,0.593267618784979,0.005544045925834826
IN.ADM2.00088,potato,Rabi,cleaned,11,0.7702386765055226,0.593267618784979,0.005544045925834826
IN.ADM2.00091,potato,Rabi,full,11,0.7908844833235116,0.6254982659618978,0.003747924151314821
IN.ADM2.00091,potato,Rabi,cleaned,11,0.7908844833235116,0.6254982659618978,0.003747924151314821
IN.ADM2.00093,potato,Rabi,full,15,0.5457357545268009,0.2978275137689367,0.035345491155834616
IN.ADM2.00093,potato,Rabi,cleaned,15,0.5457357545268009,0.2978275137689367,0.035345491155834616
IN.ADM2.00144,potato,Rabi,full,9,0.6815424673253547,0.4645001347679322,0.04320349761062741
IN.ADM2.00144,potato,Rabi,cleaned,9,0.6815424673253547,0.4645001347679322,0.04320349761062741
IN.ADM2.00145,potato,Rabi,full,9,0.0183110991061338,0.0003352963504746541,0.9627073566287869
IN.ADM2.00145,potato,Rabi,cleaned,9,0.0183110991061338,0.0003352963504746541,0.9627073566287869
IN.ADM2.00147,potato,Rabi,full,9,0.14760246270609545,0.0217864869969043,0.7047125579144384
IN.ADM2.00147,potato,Rabi,cleaned,9,0.14760246270609545,0.0217864869969043,0.7047125579144384
IN.ADM2.00149,potato,Rabi,full,9,-0.08650497660142215,0.007483110976812593,0.8248687468296054
IN.ADM2.00149,potato,Rabi,cleaned,9,-0.08650497660142215,0.007483110976812593,0.8248687468296054
IN.ADM2.00152,potato,Rabi,full,9,-0.137703606281561,0.018962283182947168,0.7238676445901526
IN.ADM2.00152,potato,Rabi,cleaned,9,-0.137703606281561,0.018962283182947168,0.7238676445901526
IN.ADM2.00153,potato,Rabi,full,9,0.11354691034459057,0.012892900848802487,0.7711550138793797
IN.ADM2.00153,potato,Rabi,cleaned,9,0.11354691034459057,0.012892900848802487,0.7711550138793797
IN.ADM2.00160,potato,Rabi,full,10,-0.00802078578329541,6.433300458151377e-05,0.9824556598082034
IN.ADM2.00160,potato,Rabi,cleaned,10,-0.00802078578329541,6.433300458151377e-05,0.9824556598082034
IN.ADM2.00164,potato,Rabi,full,10,-0.3113669449473218,0.09694937440582853,0.38116601072396217
IN.ADM2.00164,potato,Rabi,cleaned,10,-0.3113669449473218,0.09694937440582853,0.38116601072396217
IN.ADM2.00168,potato,Rabi,full,10,-0.3737185608014007,0.13966556268747024,0.2874186917093342
IN.ADM2.00168,potato,Rabi,cleaned,10,-0.3737185608014007,0.13966556268747024,0.2874186917093342
IN.ADM2.00170,potato,Rabi,full,11,-0.21274994286195809,0.04526253818776643,0.5299562880297625
IN.ADM2.00170,potato,Rabi,cleaned,11,-0.21274994286195809,0.04526253818776643,0.5299562880297625
IN.ADM2.00171,potato,Rabi,full,11,0.07747691607648516,0.006002672524722724,0.8208750764989623
IN.ADM2.00171,potato,Rabi,cleaned,11,0.07747691607648516,0.006002672524722724,0.8208750764989623
IN.ADM2.00172,potato,Rabi,full,11,0.01247663177121458,0.00015566634035448109,0.9709570628169171
IN.ADM2.00172,potato,Rabi,cleaned,11,0.01247663177121458,0.00015566634035448109,0.9709570628169171
IN.ADM2.00174,potato,Rabi,full,11,-0.04485798725455251,0.0020122390205295957,0.895806022040222
IN.ADM2.00174,potato,Rabi,cleaned,11,-0.04485798725455251,0.0020122390205295957,0.895806022040222
IN.ADM2.00176,potato,Rabi,full,11,-0.30759028563598845,0.09461178381762896,0.3574912983609481
IN.ADM2.00176,potato,Rabi,cleaned,11,-0.30759028563598845,0.09461178381762896,0.3574912983609481
IN.ADM2.00180,potato,Rabi,full,5,0.10996371827035181,0.012092019335841305,0.8602725270145162
IN.ADM2.00180,potato,Rabi,cleaned,5,0.10996371827035181,0.012092019335841305,0.8602725270145162
IN.ADM2.00181,potato,Rabi,full,9,-0.325978576254124,0.10626203217666574,0.3919511433984975
IN.ADM2.00181,potato,Rabi,cleaned,9,-0.325978576254124,0.10626203217666574,0.3919511433984975
IN.ADM2.00183,potato,Rabi,full,11,-0.1178871320994836,0.013897375914641096,0.7299379935130995
IN.ADM2.00183,potato,Rabi,cleaned,11,-0.1178871320994836,0.013897375914641096,0.7299379935130995
IN.ADM2.00184,potato,Rabi,full,11,-0.4716562080059768,0.22245957855057724,0.1430298078180215
IN.ADM2.00184,potato,Rabi,cleaned,11,-0.4716562080059768,0.22245957855057724,0.1430298078180215
IN.ADM2.00188,potato,Rabi,full,10,0.02158434995062061,0.0004658841627908559,0.9528062254122341
IN.ADM2.00188,potato,Rabi,cleaned,10,0.02158434995062061,0.0004658841627908559,0.9528062254122341
IN.ADM2.00206,potato,Rabi,full,9,-0.8501483893168027,0.722752283857954,0.003692528440666075
IN.ADM2.00206,potato,Rabi,cleaned,9,-0.8501483893168027,0.722752283857954,0.003692528440666075
IN.ADM2.00210,potato,Rabi,full,9,-0.8222137150188451,0.6760353931650906,0.006525695845776055
IN.ADM2.00210,potato,Rabi,cleaned,9,-0.8222137150188451,0.6760353931650906,0.006525695845776055
IN.ADM2.00230,potato,Rabi,full,9,-0.7016847065865636,0.4923614274574718,0.035135755235804596
IN.ADM2.00230,potato,Rabi,cleaned,9,-0.7016847065865636,0.4923614274574718,0.035135755235804596
IN.ADM2.00245,potato,Rabi,full,9,-0.5814537084644363,0.33808841508704573,0.10054508686572788
IN.ADM2.00245,potato,Rabi,cleaned,9,-0.5814537084644363,0.33808841508704573,0.10054508686572788
IN.ADM2.00294,potato,Rabi,full,5,-0.09822261688867545,0.009647682468459512,0.8751404633481221
IN.ADM2.00294,potato,Rabi,cleaned,5,-0.09822261688867545,0.009647682468459512,0.8751404633481221
IN.ADM2.00297,potato,Rabi,full,9,0.20751468194436287,0.04306234322247008,0.5921324440365064
IN.ADM2.00297,potato,Rabi,cleaned,9,0.20751468194436287,0.04306234322247008,0.5921324440365064
IN.ADM2.00300,potato,Rabi,full,9,0.22302663160332928,0.04974087840432716,0.564067818762136
IN.ADM2.00300,potato,Rabi,cleaned,9,0.22302663160332928,0.04974087840432716,0.564067818762136
IN.ADM2.00388,potato,Rabi,full,13,0.22551778612642806,0.050858271859365346,0.45880786708837534
IN.ADM2.00388,potato,Rabi,cleaned,13,0.22551778612642806,0.050858271859365346,0.45880786708837534
IN.ADM2.00390,potato,Rabi,full,13,-0.47482172057575056,0.22545566633051614,0.10108926117847741
IN.ADM2.00390,potato,Rabi,cleaned,13,-0.47482172057575056,0.22545566633051614,0.10108926117847741
IN.ADM2.00391,potato,Rabi,full,14,0.13827754960800862,0.019120680725595283,0.6373371660340592
IN.ADM2.00391,potato,Rabi,cleaned,14,0.13827754960800862,0.019120680725595283,0.6373371660340592
IN.ADM2.00392,potato,Rabi,full,13,0.4611870545112566,0.21269349924876874,0.11268559473344454
IN.ADM2.00392,potato,Rabi,cleaned,13,0.4611870545112566,0.21269349924876874,0.11268559473344454
IN.ADM2.00393,potato,Rabi,full,13,0.07824123132136401,0.006121690278683193,0.7994444685552813
IN.ADM2.00393,potato,Rabi,cleaned,13,0.07824123132136401,0.006121690278683193,0.7994444685552813
IN.ADM2.00394,potato,Rabi,full,13,-0.10839700194840561,0.01174991003140265,0.7244695383574943
IN.ADM2.00394,potato,Rabi,cleaned,13,-0.10839700194840561,0.01174991003140265,0.7244695383574943
IN.ADM2.00395,potato,Rabi,full,13,-0.03809537593647398,0.001451257667741281,0.901665298291861
IN.ADM2.00395,potato,Rabi,cleaned,13,-0.03809537593647398,0.001451257667741281,0.901665298291861
IN.ADM2.00396,potato,Rabi,full,13,-0.4872492898404641,0.23741187045003662,0.09125218597348235
IN.ADM2.00396,potato,Rabi,cleaned,13,-0.4872492898404641,0.23741187045003662,0.09125218597348235
IN.ADM2.00397,potato,Rabi,full,13,0.31601707214117614,0.09986678988468133,0.29285782066255034
IN.ADM2.00397,potato,Rabi,cleaned,13,0.31601707214117614,0.09986678988468133,0.29285782066255034
IN.ADM2.00398,potato,Rabi,full,13,0.22386097914371975,0.05011373798318493,0.46220262444547056
IN.ADM2.00398,potato,Rabi,cleaned,13,0.22386097914371975,0.05011373798318493,0.46220262444547056
IN.ADM2.00399,potato,Rabi,full,13,0.035380163036831745,0.0012517559365127953,0.9086467023293039
IN.ADM2.00399,potato,Rabi,cleaned,13,0.035380163036831745,0.0012517559365127953,0.9086467023293039
IN.ADM2.00400,potato,Rabi,full,13,-0.1733196460598234,0.030039699710302455,0.5712164949666516
IN.ADM2.00400,potato,Rabi,cleaned,13,-0.1733196460598234,0.030039699710302455,0.5712164949666516
IN.ADM2.00401,potato,Rabi,full,13,0.027897262899273093,0.0007782572772711589,0.9279167659625254
IN.ADM2.00401,potato,Rabi,cleaned,13,0.027897262899273093,0.0007782572772711589,0.9279167659625254
IN.ADM2.00402,potato,Rabi,full,14,0.05769797190496209,0.0033290559619457948,0.8446729431547175
IN.ADM2.00402,potato,Rabi,cleaned,14,0.05769797190496209,0.0033290559619457948,0.8446729431547175
IN.ADM2.00403,potato,Rabi,full,14,0.08359709044237773,0.006988473530431082,0.7763138879102698
IN.ADM2.00403,potato,Rabi,cleaned,14,0.08359709044237773,0.006988473530431082,0.7763138879102698
IN.ADM2.00405,potato,Rabi,full,13,0.2999120292393701,0.08994722528247678,0.3194643608652321
IN.ADM2.00405,potato,Rabi,cleaned,13,0.2999120292393701,0.08994722528247678,0.3194643608652321
IN.ADM2.00406,potato,Rabi,full,13,0.09496274020226717,0.009017922026723288,0.7576326499253063
IN.ADM2.00406,potato,Rabi,cleaned,13,0.09496274020226717,0.009017922026723288,0.7576326499253063
IN.ADM2.00409,potato,Rabi,full,13,-0.020160751543921065,0.00040645590281571564,0.9478779478636818
IN.ADM2.00409,potato,Rabi,cleaned,13,-0.020160751543921065,0.00040645590281571564,0.9478779478636818
IN.ADM2.00410,potato,Rabi,full,13,0.4008816485071454,0.1607060961098065,0.1746128261865017
IN.ADM2.00410,potato,Rabi,cleaned,13,0.4008816485071454,0.1607060961098065,0.1746128261865017
IN.ADM2.00412,potato,Rabi,full,13,-0.1511167864138026,0.022836283136034835,0.6221501989726349
IN.ADM2.00412,potato,Rabi,cleaned,13,-0.1511167864138026,0.022836283136034835,0.6221501989726349
IN.ADM2.00413,potato,Rabi,full,13,0.2450262385284383,0.060037857567395145,0.419752853107773
IN.ADM2.00413,potato,Rabi,cleaned,13,0.2450262385284383,0.060037857567395145,0.419752853107773
IN.ADM2.00414,potato,Rabi,full,13,-0.08442019283076271,0.007126768957583161,0.7839306441339499
IN.ADM2.00414,potato,Rabi,cleaned,13,-0.08442019283076271,0.007126768957583161,0.7839306441339499
IN.ADM2.00416,potato,Rabi,full,13,0.15336253013241996,0.02352006564861742,0.6169224990565384
IN.ADM2.00416,potato,Rabi,cleaned,13,0.15336253013241996,0.02352006564861742,0.6169224990565384
IN.ADM2.00417,potato,Rabi,full,14,-0.32888462094181714,0.10816509389204275,0.25090873884394393
IN.ADM2.00417,potato,Rabi,cleaned,14,-0.32888462094181714,0.10816509389204275,0.25090873884394393
IN.ADM2.00418,potato,Rabi,full,13,-0.04873169541101573,0.0023747781376320114,0.8743839496099205
IN.ADM2.00418,potato,Rabi,cleaned,13,-0.04873169541101573,0.0023747781376320114,0.8743839496099205
IN.ADM2.00419,potato,Rabi,full,13,0.08014572382924248,0.0064233370481132064,0.79465526954885
IN.ADM2.00419,potato,Rabi,cleaned,13,0.08014572382924248,0.0064233370481132064,0.79465526954885
IN.ADM2.00420,potato,Rabi,full,13,-0.3869563605173574,0.14973522494483907,0.19148034985201898
IN.ADM2.00420,potato,Rabi,cleaned,13,-0.3869563605173574,0.14973522494483907,0.19148034985201898
IN.ADM2.00421,potato,Rabi,full,13,-0.32287581013639954,0.10424878877123632,0.28192668342617305
IN.ADM2.00421,potato,Rabi,cleaned,12,-0.4310031769313949,0.18576373852495529,0.16186337867200024
IN.ADM2.00422,potato,Rabi,full,13,-0.23753950597654153,0.056425016899579405,0.43453863478183463
IN.ADM2.00422,potato,Rabi,cleaned,13,-0.23753950597654153,0.056425016899579405,0.43453863478183463
IN.ADM2.00423,potato,Rabi,full,13,-0.4903334594660042,0.2404269014718996,0.08891676967000835
IN.ADM2.00423,potato,Rabi,cleaned,13,-0.4903334594660042,0.2404269014718996,0.08891676967000835
IN.ADM2.00424,potato,Rabi,full,13,-0.1748444523149052,0.030570582505299156,0.5677820782530522
IN.ADM2.00424,potato,Rabi,cleaned,13,-0.1748444523149052,0.030570582505299156,0.5677820782530522
IN.ADM2.00425,potato,Rabi,full,13,-0.09378555827095485,0.008795730940194667,0.7605577368574428
IN.ADM2.00425,potato,Rabi,cleaned,13,-0.09378555827095485,0.008795730940194667,0.7605577368574428
IN.ADM2.00426,potato,Rabi,full,13,0.1555609155374063,0.024199198442836058,0.6118210876233922
IN.ADM2.00426,potato,Rabi,cleaned,13,0.1555609155374063,0.024199198442836058,0.6118210876233922
IN.ADM2.00427,potato,Rabi,full,13,0.20667864521148796,0.042716062386456116,0.49810285523999726
IN.ADM2.00427,potato,Rabi,cleaned,13,0.20667864521148796,0.042716062386456116,0.49810285523999726
IN.ADM2.00429,potato,Rabi,full,13,0.5362122680364603,0.2875235963928047,0.058890393888078
IN.ADM2.00429,potato,Rabi,cleaned,13,0.5362122680364603,0.2875235963928047,0.058890393888078
IN.ADM2.00430,potato,Rabi,full,13,0.0022732234875107726,5.16754502417064e-06,0.9941194451233456
IN.ADM2.00430,potato,Rabi,cleaned,13,0.0022732234875107726,5.16754502417064e-06,0.9941194451233456
IN.ADM2.00433,potato,Rabi,full,13,-0.14799457671008803,0.02190239473559813,0.6294453078446447
IN.ADM2.00433,potato,Rabi,cleaned,13,-0.14799457671008803,0.02190239473559813,0.6294453078446447
IN.ADM2.00436,potato,Rabi,full,13,0.26387394264729913,0.06962945760823011,0.38367907723403927
IN.ADM2.00436,potato,Rabi,cleaned,13,0.26387394264729913,0.06962945760823011,0.38367907723403927
IN.ADM2.00437,potato,Rabi,full,14,0.3056218159516605,0.09340469438559064,0.2879587714748203
IN.ADM2.00437,potato,Rabi,cleaned,14,0.3056218159516605,0.09340469438559064,0.2879587714748203
IN.ADM2.00438,potato,Rabi,full,13,0.2437956844609897,0.059436335761802454,0.42216554985852806
IN.ADM2.00438,potato,Rabi,cleaned,13,0.2437956844609897,0.059436335761802454,0.42216554985852806
IN.ADM2.00439,potato,Rabi,full,13,-0.4147130159065253,0.17198688556228592,0.15882920306564025
IN.ADM2.00439,potato,Rabi,cleaned,13,-0.4147130159065253,0.17198688556228592,0.15882920306564025
IN.ADM2.00440,potato,Rabi,full,13,0.016629064979323538,0.00027652580208656455,0.9570001199910377
IN.ADM2.00440,potato,Rabi,cleaned,13,0.016629064979323538,0.00027652580208656455,0.9570001199910377
IN.ADM2.00441,potato,Rabi,full,13,-0.027376846683014613,0.0007494917343052883,0.9292584091152177
IN.ADM2.00441,potato,Rabi,cleaned,13,-0.027376846683014613,0.0007494917343052883,0.9292584091152177
IN.ADM2.00442,potato,Rabi,full,13,-0.10320041874435339,0.010650326429009887,0.7372484685665838
IN.ADM2.00442,potato,Rabi,cleaned,13,-0.10320041874435339,0.010650326429009887,0.7372484685665838
IN.ADM2.00443,potato,Rabi,full,13,0.2553963191349913,0.06522727982770231,0.39969880080592307
IN.ADM2.00443,potato,Rabi,cleaned,13,0.2553963191349913,0.06522727982770231,0.39969880080592307
IN.ADM2.00444,potato,Rabi,full,13,-0.017193128925449965,0.00029560368224714427,0.955542820408669
IN.ADM2.00444,potato,Rabi,cleaned,13,-0.017193128925449965,0.00029560368224714427,0.955542820408669
IN.ADM2.00445,potato,Rabi,full,13,-0.004416490588607089,1.950538911925499e-05,0.9885753174467002
IN.ADM2.00445,potato,Rabi,cleaned,13,-0.004416490588607089,1.950538911925499e-05,0.9885753174467002
IN.ADM2.00448,potato,Rabi,full,13,0.14376939308507689,0.020669638388051352,0.6393669278671761
IN.ADM2.00448,potato,Rabi,cleaned,13,0.14376939308507689,0.020669638388051352,0.6393669278671761
IN.ADM2.00449,potato,Rabi,full,14,-0.17043054370854122,0.029046570228788978,0.5602115746311479
IN.ADM2.00449,potato,Rabi,cleaned,14,-0.17043054370854122,0.029046570228788978,0.5602115746311479
IN.ADM2.00451,potato,Rabi,full,8,0.7425569688291409,0.5513908519567218,0.03484421364970351
IN.ADM2.00451,potato,Rabi,cleaned,8,0.7425569688291409,0.5513908519567218,0.03484421364970351
IN.ADM2.00452,potato,Rabi,full,8,0.7392190024435831,0.5464447335736861,0.03611772421317773
IN.ADM2.00452,potato,Rabi,cleaned,8,0.7392190024435831,0.5464447335736861,0.03611772421317773
IN.ADM2.00453,potato,Rabi,full,8,0.2663471048818726,0.07094078027895523,0.5237151113068381
IN.ADM2.00453,potato,Rabi,cleaned,8,0.2663471048818726,0.07094078027895523,0.5237151113068381
IN.ADM2.00455,potato,Rabi,full,8,-0.2879220455421706,0.08289910430918776,0.48923976087111753
IN.ADM2.00455,potato,Rabi,cleaned,8,-0.2879220455421706,0.08289910430918776,0.48923976087111753
IN.ADM2.00457,potato,Rabi,full,8,0.9263843733264043,0.8581880071433549,0.0009431006618063063
IN.ADM2.00457,potato,Rabi,cleaned,8,0.9263843733264043,0.8581880071433549,0.0009431006618063063
IN.ADM2.00458,potato,Rabi,full,8,0.03160214338347428,0.0009986954664296672,0.9407854204827396
IN.ADM2.00458,potato,Rabi,cleaned,8,0.03160214338347428,0.0009986954664296672,0.9407854204827396
IN.ADM2.00459,potato,Rabi,full,8,0.2787452992300163,0.07769894184283131,0.5037942747966317
IN.ADM2.00459,potato,Rabi,cleaned,8,0.2787452992300163,0.07769894184283131,0.5037942747966317
IN.ADM2.00460,potato,Rabi,full,8,-0.27104858604146226,0.07346733599507597,0.5161268089579267
IN.ADM2.00460,potato,Rabi,cleaned,8,-0.27104858604146226,0.07346733599507597,0.5161268089579267
IN.ADM2.00461,potato,Rabi,full,8,0.7546035502507963,0.569426518051106,0.03047833159328313
IN.ADM2.00461,potato,Rabi,cleaned,8,0.7546035502507963,0.569426518051106,0.03047833159328313
IN.ADM2.00462,potato,Rabi,full,8,0.6820652482329398,0.4652130028470618,0.06240417438998403
IN.ADM2.00462,potato,Rabi,cleaned,8,0.6820652482329398,0.4652130028470618,0.06240417438998403
IN.ADM2.00463,potato,Rabi,full,8,0.31534623764724745,0.09944324959827426,0.4467552053257886
IN.ADM2.00463,potato,Rabi,cleaned,8,0.31534623764724745,0.09944324959827426,0.4467552053257886
IN.ADM2.00464,potato,Rabi,full,8,0.6407021466399903,0.41049924070909155,0.08695647613050961
IN.ADM2.00464,potato,Rabi,cleaned,8,0.6407021466399903,0.41049924070909155,0.08695647613050961
IN.ADM2.00465,potato,Rabi,full,8,0.5471999754832855,0.2994278131689082,0.16041104228504768
IN.ADM2.00465,potato,Rabi,cleaned,8,0.5471999754832855,0.2994278131689082,0.16041104228504768
IN.ADM2.00466,potato,Rabi,full,8,0.4280810056240486,0.18325334737609672,0.29001631368656006
IN.ADM2.00466,potato,Rabi,cleaned,8,0.4280810056240486,0.18325334737609672,0.29001631368656006
IN.ADM2.00468,potato,Rabi,full,12,-0.07792598118031743,0.006072458542915187,0.8097732644040566
IN.ADM2.00468,potato,Rabi,cleaned,11,-0.08501069570966044,0.00722681838504048,0.8037370165261758
IN.ADM2.00474,potato,Rabi,full,11,0.22836571901802571,0.05215090162261987,0.49942399899242906
IN.ADM2.00474,potato,Rabi,cleaned,11,0.22836571901802571,0.05215090162261987,0.49942399899242906
IN.ADM2.00477,potato,Rabi,full,12,0.3616140715168305,0.1307647367189794,0.2480965857508258
IN.ADM2.00477,potato,Rabi,cleaned,12,0.3616140715168305,0.1307647367189794,0.2480965857508258
IN.ADM2.00480,potato,Rabi,full,15,0.6608936954275235,0.43678047665584824,0.007309010054795183
IN.ADM2.00480,potato,Rabi,cleaned,15,0.6608936954275235,0.43678047665584824,0.007309010054795183
IN.ADM2.00481,potato,Rabi,full,12,-0.1371494257038242,0.0188099649708888,0.6708067018598541
IN.ADM2.00481,potato,Rabi,cleaned,12,-0.1371494257038242,0.0188099649708888,0.6708067018598541
IN.ADM2.00514,potato,Rabi,full,8,0.37638235907254797,0.14166368022101644,0.3581001645461721
IN.ADM2.00514,potato,Rabi,cleaned,8,0.37638235907254797,0.14166368022101644,0.3581001645461721
IN.ADM2.00515,potato,Rabi,full,8,0.2198800266965527,0.048347226140076735,0.6008204518462619
IN.ADM2.00515,potato,Rabi,cleaned,8,0.2198800266965527,0.048347226140076735,0.6008204518462619
IN.ADM2.00537,potato,Rabi,full,15,0.28399669057971644,0.0806541202602312,0.3049797110336932
IN.ADM2.00537,potato,Rabi,cleaned,15,0.28399669057971644,0.0806541202602312,0.3049797110336932
IN.ADM2.00538,potato,Rabi,full,12,0.3785904318091875,0.14333071505746706,0.22492077131777125
IN.ADM2.00538,potato,Rabi,cleaned,12,0.3785904318091875,0.14333071505746706,0.22492077131777125
IN.ADM2.00542,potato,Rabi,full,11,0.1512311486322085,0.022870860316617135,0.6571372805389974
IN.ADM2.00542,potato,Rabi,cleaned,11,0.1512311486322085,0.022870860316617135,0.6571372805389974
IN.ADM2.00543,potato,Rabi,full,11,0.36828608924913886,0.13563464353442467,0.26509286248019515
IN.ADM2.00543,potato,Rabi,cleaned,11,0.36828608924913886,0.13563464353442467,0.26509286248019515
IN.ADM2.00554,potato,Rabi,full,13,0.05373961510260043,0.0028879462313756406,0.8615814183396491
IN.ADM2.00554,potato,Rabi,cleaned,13,0.05373961510260043,0.0028879462313756406,0.8615814183396491
IN.ADM2.00555,potato,Rabi,full,13,0.31389791894455366,0.09853190351772158,0.2962837094316192
IN.ADM2.00555,potato,Rabi,cleaned,13,0.31389791894455366,0.09853190351772158,0.2962837094316192
IN.ADM2.00556,potato,Rabi,full,13,-0.29338354827239294,0.08607390639689952,0.33062184235430864
IN.ADM2.00556,potato,Rabi,cleaned,13,-0.29338354827239294,0.08607390639689952,0.33062184235430864
IN.ADM2.00571,potato,Rabi,full,13,-0.3324958290069724,0.11055347630703383,0.2670002192457541
IN.ADM2.00571,potato,Rabi,cleaned,13,-0.3324958290069724,0.11055347630703383,0.2670002192457541
IN.ADM2.00572,potato,Rabi,full,13,-0.08211288864674177,0.006742526481912213,0.7897154183819755
IN.ADM2.00572,potato,Rabi,cleaned,13,-0.08211288864674177,0.006742526481912213,0.7897154183819755
IN.ADM2.00573,potato,Rabi,full,13,0.07848309792556746,0.006159596659994211,0.7988358885864786
IN.ADM2.00573,potato,Rabi,cleaned,13,0.07848309792556746,0.006159596659994211,0.7988358885864786
IN.ADM2.00575,potato,Rabi,full,14,0.24039174088814952,0.057788189087235216,0.4077570524614049
IN.ADM2.00575,potato,Rabi,cleaned,14,0.24039174088814952,0.057788189087235216,0.4077570524614049
IN.ADM2.00170,potato,Summer,full,6,0.0035037362440163383,1.2276167667633718e-05,0.9947444171402025
IN.ADM2.00170,potato,Summer,cleaned,6,0.0035037362440163383,1.2276167667633718e-05,0.9947444171402025
IN.ADM2.00171,potato,Summer,full,11,-0.09013667954313084,0.008124620999061062,0.7921200221088991
IN.ADM2.00171,potato,Summer,cleaned,11,-0.09013667954313084,0.008124620999061062,0.7921200221088991
IN.ADM2.00172,potato,Summer,full,7,-0.22052714232291382,0.048632220501110685,0.634658126565594
IN.ADM2.00172,potato,Summer,cleaned,7,-0.22052714232291382,0.048632220501110685,0.634658126565594
IN.ADM2.00174,potato,Summer,full,6,-0.3662966183247928,0.13417321259617895,0.4751286695346877
IN.ADM2.00174,potato,Summer,cleaned,6,-0.3662966183247928,0.13417321259617895,0.4751286695346877
IN.ADM2.00181,potato,Summer,full,5,0.0349296668649879,0.0012200816272990335,0.955535212136671
IN.ADM2.00181,potato,Summer,cleaned,5,0.0349296668649879,0.0012200816272990335,0.955535212136671
IN.ADM2.00183,potato,Summer,full,11,0.041220996927154065,0.0016991705876684448,0.9042188928241607
IN.ADM2.00183,potato,Summer,cleaned,11,0.041220996927154065,0.0016991705876684448,0.9042188928241607
IN.ADM2.00184,potato,Summer,full,9,0.09873304344200748,0.009748213867321337,0.8004894774873329
IN.ADM2.00184,potato,Summer,cleaned,9,0.09873304344200748,0.009748213867321337,0.8004894774873329
IN.ADM2.00188,potato,Summer,full,10,-0.004743905919549908,2.2504643373540658e-05,0.989622939335136
IN.ADM2.00188,potato,Summer,cleaned,10,-0.004743905919549908,2.2504643373540658e-05,0.989622939335136
IN.ADM2.00455,potato,Summer,full,9,-0.4484163941060024,0.20107726250302968,0.22605253067891645
IN.ADM2.00455,potato,Summer,cleaned,9,-0.4484163941060024,0.20107726250302968,0.22605253067891645
IN.ADM2.00066,potato,Winter,full,9,0.5893912270781326,0.3473820185566669,0.09488143333150845
IN.ADM2.00066,potato,Winter,cleaned,9,0.5893912270781326,0.3473820185566669,0.09488143333150845
IN.ADM2.00068,potato,Winter,full,11,0.49241783497478087,0.2424753242012505,0.12387083819536363
IN.ADM2.00068,potato,Winter,cleaned,11,0.49241783497478087,0.2424753242012505,0.12387083819536363
IN.ADM2.00071,potato,Winter,full,11,0.23255268269663135,0.0540807502294001,0.4913708526245334
IN.ADM2.00071,potato,Winter,cleaned,11,0.23255268269663135,0.0540807502294001,0.4913708526245334
IN.ADM2.00073,potato,Winter,full,13,0.13715164751476264,0.018810574416013696,0.6550178790233714
IN.ADM2.00073,potato,Winter,cleaned,13,0.13715164751476264,0.018810574416013696,0.6550178790233714
IN.ADM2.00088,potato,Winter,full,9,-0.5720313382152714,0.32721985190035424,0.1075291760289364
IN.ADM2.00088,potato,Winter,cleaned,9,-0.5720313382152714,0.32721985190035424,0.1075291760289364
IN.ADM2.00091,potato,Winter,full,9,-0.011929919742934808,0.0001423229850728657,0.9756994493314441
IN.ADM2.00091,potato,Winter,cleaned,9,-0.011929919742934808,0.0001423229850728657,0.9756994493314441
IN.ADM2.00093,potato,Winter,full,14,0.3861353331481518,0.14910049550543417,0.17266709067907993
IN.ADM2.00093,potato,Winter,cleaned,14,0.3861353331481518,0.14910049550543417,0.17266709067907993
IN.ADM2.00310,potato,Winter,full,13,-0.03521325189488637,0.0012399731090127182,0.909076069202096
IN.ADM2.00310,potato,Winter,cleaned,12,-0.1890215339026735,0.035729140278919554,0.556289445189079
IN.ADM2.00312,potato,Winter,full,13,0.33878518774723476,0.1147754034369291,0.25749849622456367
IN.ADM2.00312,potato,Winter,cleaned,13,0.33878518774723476,0.1147754034369291,0.25749849622456367
IN.ADM2.00316,potato,Winter,full,13,-0.07910362886151515,0.006257384099060332,0.7972750001085677
IN.ADM2.00316,potato,Winter,cleaned,13,-0.07910362886151515,0.006257384099060332,0.7972750001085677
IN.ADM2.00468,potato,Winter,full,10,-0.15885800228889219,0.025235864891217676,0.6611356446132951
IN.ADM2.00468,potato,Winter,cleaned,9,-0.059499319814456664,0.003540169058382995,0.8791460011590703
IN.ADM2.00474,potato,Winter,full,10,-0.40739700360006936,0.16597231854231492,0.24258297627225342
IN.ADM2.00474,potato,Winter,cleaned,10,-0.40739700360006936,0.16597231854231492,0.24258297627225342
IN.ADM2.00477,potato,Winter,full,12,-0.5152497921014445,0.26548234826058176,0.08645812326433543
IN.ADM2.00477,potato,Winter,cleaned,12,-0.5152497921014445,0.26548234826058176,0.08645812326433543
IN.ADM2.00480,potato,Winter,full,13,0.7181747572173189,0.515774981904155,0.005693309865060287
IN.ADM2.00480,potato,Winter,cleaned,13,0.7181747572173189,0.515774981904155,0.005693309865060287
IN.ADM2.00481,potato,Winter,full,11,0.16195164711045512,0.026228336001789386,0.6342556523669182
IN.ADM2.00481,potato,Winter,cleaned,11,0.16195164711045512,0.026228336001789386,0.6342556523669182
IN.ADM2.00505,potato,Winter,full,8,-0.31572286067639244,0.09968092475368472,0.44618265229928267
IN.ADM2.00505,potato,Winter,cleaned,8,-0.31572286067639244,0.09968092475368472,0.44618265229928267
IN.ADM2.00506,potato,Winter,full,13,0.5270577390327132,0.27778986027427566,0.06420263401646119
IN.ADM2.00506,potato,Winter,cleaned,13,0.5270577390327132,0.27778986027427566,0.06420263401646119
IN.ADM2.00508,potato,Winter,full,13,0.08265821986691202,0.006832381311566769,0.7883472804428315
IN.ADM2.00508,potato,Winter,cleaned,13,0.08265821986691202,0.006832381311566769,0.7883472804428315
IN.ADM2.00509,potato,Winter,full,13,0.4543148326355858,0.20640196715270034,0.11885658197902439
IN.ADM2.00509,potato,Winter,cleaned,13,0.4543148326355858,0.20640196715270034,0.11885658197902439
IN.ADM2.00516,potato,Winter,full,13,0.882554571189329,0.7789025711271804,6.48300029432036e-05
IN.ADM2.00516,potato,Winter,cleaned,12,0.7406378397950397,0.548544409736263,0.005864364491017801
IN.ADM2.00522,potato,Winter,full,13,0.24746083470550176,0.061236864713143664,0.4149999521121825
IN.ADM2.00522,potato,Winter,cleaned,13,0.24746083470550176,0.061236864713143664,0.4149999521121825
IN.ADM2.00523,potato,Winter,full,13,0.06154716748161517,0.003788053825009988,0.8416847596548098
IN.ADM2.00523,potato,Winter,cleaned,13,0.06154716748161517,0.003788053825009988,0.8416847596548098
IN.ADM2.00525,potato,Winter,full,13,0.050337381722438776,0.002533851998670513,0.8702758717373931
IN.ADM2.00525,potato,Winter,cleaned,13,0.050337381722438776,0.002533851998670513,0.8702758717373931
IN.ADM2.00529,potato,Winter,full,13,0.10037130924527865,0.01007439971961136,0.7442319975956672
IN.ADM2.00529,potato,Winter,cleaned,13,0.10037130924527865,0.01007439971961136,0.7442319975956672
IN.ADM2.00530,potato,Winter,full,11,0.4062121637474097,0.1650083219763524,0.21509297087291163
IN.ADM2.00530,potato,Winter,cleaned,11,0.4062121637474097,0.1650083219763524,0.21509297087291163
IN.ADM2.00532,potato,Winter,full,13,0.20558209943986358,0.04226399961010196,0.500436053506868
IN.ADM2.00532,potato,Winter,cleaned,13,0.20558209943986358,0.04226399961010196,0.500436053506868
IN.ADM2.00537,potato,Winter,full,14,0.16827904728335796,0.028317837754594625,0.5652470741089074
IN.ADM2.00537,potato,Winter,cleaned,14,0.16827904728335796,0.028317837754594625,0.5652470741089074
IN.ADM2.00538,potato,Winter,full,11,-0.03529210319877052,0.0012455325481926683,0.9179518794328254
IN.ADM2.00538,potato,Winter,cleaned,11,-0.03529210319877052,0.0012455325481926683,0.9179518794328254
IN.ADM2.00542,potato,Winter,full,7,-0.10512879828423285,0.01105206422868692,0.8225124148763847
IN.ADM2.00542,potato,Winter,cleaned,7,-0.10512879828423285,0.01105206422868692,0.8225124148763847
IN.ADM2.00543,potato,Winter,full,7,0.8738292115379056,0.7635774909369578,0.010135531078265954
IN.ADM2.00543,potato,Winter,cleaned,7,0.8738292115379056,0.7635774909369578,0.010135531078265954
IN.ADM2.00547,potato,Winter,full,13,0.03343314982083295,0.0011177755069422626,0.9136566465371079
IN.ADM2.00547,potato,Winter,cleaned,13,0.03343314982083295,0.0011177755069422626,0.9136566465371079
IN.ADM2.00548,potato,Winter,full,13,0.23017006018578023,0.05297825660592569,0.4493398354333869
IN.ADM2.00548,potato,Winter,cleaned,13,0.23017006018578023,0.05297825660592569,0.4493398354333869
IN.ADM2.00550,potato,Winter,full,13,-0.1270151819360508,0.016132856442248086,0.6792423914384075
IN.ADM2.00550,potato,Winter,cleaned,13,-0.1270151819360508,0.016132856442248086,0.6792423914384075
IN.ADM2.00005,potato,Whole Year,full,10,0.02112613503478685,0.0004463135815080484,0.9538071997658462
IN.ADM2.00005,potato,Whole Year,cleaned,10,0.02112613503478685,0.0004463135815080484,0.9538071997658462
IN.ADM2.00007,potato,Whole Year,full,10,0.13634579904343785,0.01859017691679354,0.7072266327338377
IN.ADM2.00007,potato,Whole Year,cleaned,10,0.13634579904343785,0.01859017691679354,0.7072266327338377
IN.ADM2.00010,potato,Whole Year,full,11,0.13671596035048325,0.018691253814554908,0.6885410251290077
IN.ADM2.00010,potato,Whole Year,cleaned,11,0.13671596035048325,0.018691253814554908,0.6885410251290077
IN.ADM2.00013,potato,Whole Year,full,6,0.3171336124575281,0.10057372815036161,0.5402472361770306
IN.ADM2.00013,potato,Whole Year,cleaned,6,0.3171336124575281,0.10057372815036161,0.5402472361770306
IN.ADM2.00014,potato,Whole Year,full,11,0.2746702163308233,0.07544372773922126,0.41369695260042944
IN.ADM2.00014,potato,Whole Year,cleaned,11,0.2746702163308233,0.07544372773922126,0.41369695260042944
IN.ADM2.00026,potato,Whole Year,full,16,-0.025881328218621925,0.0006698431503600356,0.9242015521568709
IN.ADM2.00026,potato,Whole Year,cleaned,15,0.14654026859893887,0.02147405032104915,0.6022701529263557
IN.ADM2.00027,potato,Whole Year,full,16,-0.05463569817731816,0.0029850595153230065,0.8407267073498501
IN.ADM2.00027,potato,Whole Year,cleaned,16,-0.05463569817731816,0.0029850595153230065,0.8407267073498501
IN.ADM2.00030,potato,Whole Year,full,16,0.23591073128574647,0.055653873135775675,0.37907212116666195
IN.ADM2.00030,potato,Whole Year,cleaned,16,0.23591073128574647,0.055653873135775675,0.37907212116666195
IN.ADM2.00033,potato,Whole Year,full,16,0.02882377130748902,0.0008308097923864272,0.9156111931428856
IN.ADM2.00033,potato,Whole Year,cleaned,16,0.02882377130748902,0.0008308097923864272,0.9156111931428856
IN.ADM2.00034,potato,Whole Year,full,16,0.040356335146972885,0.001628633786494799,0.8820348742153832
IN.ADM2.00034,potato,Whole Year,cleaned,16,0.040356335146972885,0.001628633786494799,0.8820348742153832
IN.ADM2.00036,potato,Whole Year,full,16,-0.059968868064861014,0.003596265136980707,0.8253923862503798
IN.ADM2.00036,potato,Whole Year,cleaned,16,-0.059968868064861014,0.003596265136980707,0.8253923862503798
IN.ADM2.00037,potato,Whole Year,full,16,-0.5370073274553849,0.28837686974077503,0.03195830702127688
IN.ADM2.00037,potato,Whole Year,cleaned,16,-0.5370073274553849,0.28837686974077503,0.03195830702127688
IN.ADM2.00039,potato,Whole Year,full,16,0.027049142518991015,0.0007316561110126876,0.9207911693582802
IN.ADM2.00039,potato,Whole Year,cleaned,16,0.027049142518991015,0.0007316561110126876,0.9207911693582802
IN.ADM2.00041,potato,Whole Year,full,16,-0.3388491200268986,0.11481872614300354,0.19919838554780367
IN.ADM2.00041,potato,Whole Year,cleaned,16,-0.3388491200268986,0.11481872614300354,0.19919838554780367
IN.ADM2.00042,potato,Whole Year,full,16,0.06470025010125867,0.004186122363165423,0.8118375579717088
IN.ADM2.00042,potato,Whole Year,cleaned,15,0.21031657816197274,0.04423306304976119,0.45183256452680126
IN.ADM2.00043,potato,Whole Year,full,16,0.18342642672803094,0.0336452540222137,0.49650800401707096
IN.ADM2.00043,potato,Whole Year,cleaned,16,0.18342642672803094,0.0336452540222137,0.49650800401707096
IN.ADM2.00045,potato,Whole Year,full,16,0.3636869060282157,0.1322681656163762,0.16614078332660726
IN.ADM2.00045,potato,Whole Year,cleaned,16,0.3636869060282157,0.1322681656163762,0.16614078332660726
IN.ADM2.00047,potato,Whole Year,full,16,0.034929232433184465,0.0012200512783714255,0.8978154253540542
IN.ADM2.00047,potato,Whole Year,cleaned,16,0.034929232433184465,0.0012200512783714255,0.8978154253540542
IN.ADM2.00049,potato,Whole Year,full,16,-0.33862604823371467,0.11466760054238205,0.19951324432949424
IN.ADM2.00049,potato,Whole Year,cleaned,16,-0.33862604823371467,0.11466760054238205,0.19951324432949424
IN.ADM2.00050,potato,Whole Year,full,16,0.22946663943343548,0.052654938612874284,0.3926041555698865
IN.ADM2.00050,potato,Whole Year,cleaned,16,0.22946663943343548,0.052654938612874284,0.3926041555698865
IN.ADM2.00052,potato,Whole Year,full,16,-0.09695094091279864,0.009399484943876973,0.7209502390069374
IN.ADM2.00052,potato,Whole Year,cleaned,16,-0.09695094091279864,0.009399484943876973,0.7209502390069374
IN.ADM2.00054,potato,Whole Year,full,16,-0.2813176679797868,0.07913963031758556,0.2911975994133958
IN.ADM2.00054,potato,Whole Year,cleaned,16,-0.2813176679797868,0.07913963031758556,0.2911975994133958
IN.ADM2.00058,potato,Whole Year,full,16,0.07224460775261342,0.005219283349328971,0.7903285682073375
IN.ADM2.00058,potato,Whole Year,cleaned,16,0.07224460775261342,0.005219283349328971,0.7903285682073375
IN.ADM2.00059,potato,Whole Year,full,16,0.3215092642444504,0.10336820699500784,0.22463913732542712
IN.ADM2.00059,potato,Whole Year,cleaned,16,0.3215092642444504,0.10336820699500784,0.22463913732542712
IN.ADM2.00060,potato,Whole Year,full,6,0.7917228739617178,0.6268251091542021,0.06055157750288954
IN.ADM2.00060,potato,Whole Year,cleaned,6,0.7917228739617178,0.6268251091542021,0.06055157750288954
IN.ADM2.00061,potato,Whole Year,full,6,0.594539499254315,0.3534772161735717,0.2132688346693498
IN.ADM2.00061,potato,Whole Year,cleaned,6,0.594539499254315,0.3534772161735717,0.2132688346693498
IN.ADM2.00065,potato,Whole Year,full,6,0.10885501233083106,0.011849413709545382,0.837362415541486
IN.ADM2.00065,potato,Whole Year,cleaned,6,0.10885501233083106,0.011849413709545382,0.837362415541486
IN.ADM2.00069,potato,Whole Year,full,6,0.04179230407806974,0.0017465966801538447,0.937348041032675
IN.ADM2.00069,potato,Whole Year,cleaned,6,0.04179230407806974,0.0017465966801538447,0.937348041032675
IN.ADM2.00072,potato,Whole Year,full,6,0.6860493448545295,0.47066370357532916,0.13237524546053625
IN.ADM2.00072,potato,Whole Year,cleaned,6,0.6860493448545295,0.47066370357532916,0.13237524546053625
IN.ADM2.00075,potato,Whole Year,full,6,0.7534634680960577,0.567707197755339,0.08367811489782954
IN.ADM2.00075,potato,Whole Year,cleaned,6,0.7534634680960577,0.567707197755339,0.08367811489782954
IN.ADM2.00076,potato,Whole Year,full,6,0.18981991731302594,0.036031601008724004,0.7186898817925271
IN.ADM2.00076,potato,Whole Year,cleaned,6,0.18981991731302594,0.036031601008724004,0.7186898817925271
IN.ADM2.00078,potato,Whole Year,full,6,0.8642793678510718,0.7469788256930484,0.026380141857454145
IN.ADM2.00078,potato,Whole Year,cleaned,6,0.8642793678510718,0.7469788256930484,0.026380141857454145
IN.ADM2.00081,potato,Whole Year,full,6,-0.24283003955047092,0.05896642810808327,0.6429143507091114
IN.ADM2.00081,potato,Whole Year,cleaned,5,0.2984082435327695,0.08904747980831268,0.6257715075045278
IN.ADM2.00083,potato,Whole Year,full,6,-0.8130863921945476,0.6611094811719457,0.04913997315403181
IN.ADM2.00083,potato,Whole Year,cleaned,6,-0.8130863921945476,0.6611094811719457,0.04913997315403181
IN.ADM2.00084,potato,Whole Year,full,6,0.4623272194749055,0.21374645786739746,0.35591957355686366
IN.ADM2.00084,potato,Whole Year,cleaned,6,0.4623272194749055,0.21374645786739746,0.35591957355686366
IN.ADM2.00087,potato,Whole Year,full,6,-0.4183448090443375,0.1750123792543432,0.4090905466232703
IN.ADM2.00087,potato,Whole Year,cleaned,6,-0.4183448090443375,0.1750123792543432,0.4090905466232703
IN.ADM2.00090,potato,Whole Year,full,6,0.4436607298208948,0.196834843185209,0.3781728503595235
IN.ADM2.00090,potato,Whole Year,cleaned,6,0.4436607298208948,0.196834843185209,0.3781728503595235
IN.ADM2.00092,potato,Whole Year,full,6,-0.045923958255691885,0.002109009941870531,0.9311624896587279
IN.ADM2.00092,potato,Whole Year,cleaned,6,-0.045923958255691885,0.002109009941870531,0.9311624896587279
IN.ADM2.00097,potato,Whole Year,full,6,-0.3281861021500185,0.10770611764442237,0.5253946722386893
IN.ADM2.00097,potato,Whole Year,cleaned,6,-0.3281861021500185,0.10770611764442237,0.5253946722386893
IN.ADM2.00098,potato,Whole Year,full,6,-0.4468483162122315,0.1996734177017064,0.3743393909278274
IN.ADM2.00098,potato,Whole Year,cleaned,6,-0.4468483162122315,0.1996734177017064,0.3743393909278274
IN.ADM2.00100,potato,Whole Year,full,6,0.03396484053044241,0.0011536103922583833,0.9490723303008399
IN.ADM2.00100,potato,Whole Year,cleaned,6,0.03396484053044241,0.0011536103922583833,0.9490723303008399
IN.ADM2.00101,potato,Whole Year,full,6,-0.8216368966822261,0.675087189989599,0.04488292686315015
IN.ADM2.00101,potato,Whole Year,cleaned,6,-0.8216368966822261,0.675087189989599,0.04488292686315015
IN.ADM2.00102,potato,Whole Year,full,15,-0.28946416055636726,0.08378950024660237,0.2953540573854657
IN.ADM2.00102,potato,Whole Year,cleaned,14,-0.3869091084391543,0.1496986581931813,0.17173440237138696
IN.ADM2.00110,potato,Whole Year,full,16,0.21187294068464216,0.044890142994357896,0.4308422540215049
IN.ADM2.00110,potato,Whole Year,cleaned,16,0.21187294068464216,0.044890142994357896,0.4308422540215049
IN.ADM2.00111,potato,Whole Year,full,16,-0.04654793745350433,0.002166710481175351,0.8640823435029384
IN.ADM2.00111,potato,Whole Year,cleaned,16,-0.04654793745350433,0.002166710481175351,0.8640823435029384
IN.ADM2.00113,potato,Whole Year,full,16,-0.03857746008236648,0.0014882204264065795,0.8872030603287452
IN.ADM2.00113,potato,Whole Year,cleaned,16,-0.03857746008236648,0.0014882204264065795,0.8872030603287452
IN.ADM2.00117,potato,Whole Year,full,16,0.24673401466639389,0.060877673993396275,0.3569281627114448
IN.ADM2.00117,potato,Whole Year,cleaned,16,0.24673401466639389,0.060877673993396275,0.3569281627114448
IN.ADM2.00120,potato,Whole Year,full,7,0.03830951795974288,0.001467619166307862,0.9350114561129844
IN.ADM2.00120,potato,Whole Year,cleaned,7,0.03830951795974288,0.001467619166307862,0.9350114561129844
IN.ADM2.00130,potato,Whole Year,full,14,-0.25102959745902326,0.06301585880043925,0.3866653054645458
IN.ADM2.00130,potato,Whole Year,cleaned,14,-0.25102959745902326,0.06301585880043925,0.3866653054645458
IN.ADM2.00132,potato,Whole Year,full,16,-0.6132269064271938,0.3760472387662663,0.011533184268083611
IN.ADM2.00132,potato,Whole Year,cleaned,16,-0.6132269064271938,0.3760472387662663,0.011533184268083611
IN.ADM2.00133,potato,Whole Year,full,8,-0.3965425554264357,0.15724599826412783,0.33074923414227553
IN.ADM2.00133,potato,Whole Year,cleaned,8,-0.3965425554264357,0.15724599826412783,0.33074923414227553
IN.ADM2.00134,potato,Whole Year,full,16,0.1390274197666398,0.019328623446969465,0.6075982645675286
IN.ADM2.00134,potato,Whole Year,cleaned,16,0.1390274197666398,0.019328623446969465,0.6075982645675286
IN.ADM2.00142,potato,Whole Year,full,16,-0.5094263055736442,0.2595151608104119,0.04384307974939909
IN.ADM2.00142,potato,Whole Year,cleaned,16,-0.5094263055736442,0.2595151608104119,0.04384307974939909
IN.ADM2.00143,potato,Whole Year,full,16,-0.0417219645273485,0.0017407223240213264,0.8780703099222888
IN.ADM2.00143,potato,Whole Year,cleaned,16,-0.0417219645273485,0.0017407223240213264,0.8780703099222888
IN.ADM2.00144,potato,Whole Year,full,6,0.013380075566607811,0.00017902642216813535,0.9799310843436169
IN.ADM2.00144,potato,Whole Year,cleaned,6,0.013380075566607811,0.00017902642216813535,0.9799310843436169
IN.ADM2.00145,potato,Whole Year,full,6,0.3518031030863387,0.12376542334117707,0.4940658753636022
IN.ADM2.00145,potato,Whole Year,cleaned,6,0.3518031030863387,0.12376542334117707,0.4940658753636022
IN.ADM2.00147,potato,Whole Year,full,6,0.6311327069494481,0.39832849378133794,0.1790000098434839
IN.ADM2.00147,potato,Whole Year,cleaned,6,0.6311327069494481,0.39832849378133794,0.1790000098434839
IN.ADM2.00149,potato,Whole Year,full,6,-0.446010088052899,0.19892499864495472,0.37534614600143107
IN.ADM2.00149,potato,Whole Year,cleaned,6,-0.446010088052899,0.19892499864495472,0.37534614600143107
IN.ADM2.00152,potato,Whole Year,full,5,0.27267000267503677,0.07434893035880456,0.6571770748535896
IN.ADM2.00152,potato,Whole Year,cleaned,5,0.27267000267503677,0.07434893035880456,0.6571770748535896
IN.ADM2.00153,potato,Whole Year,full,6,-0.6453579880143481,0.41648693269392745,0.16635460243728797
IN.ADM2.00153,potato,Whole Year,cleaned,6,-0.6453579880143481,0.41648693269392745,0.16635460243728797
IN.ADM2.00170,potato,Whole Year,full,5,0.13655281396004565,0.018646671000406838,0.8266774109643585
IN.ADM2.00170,potato,Whole Year,cleaned,5,0.13655281396004565,0.018646671000406838,0.8266774109643585
IN.ADM2.00171,potato,Whole Year,full,5,0.386379898196123,0.1492894257300464,0.520576311160545
IN.ADM2.00171,potato,Whole Year,cleaned,5,0.386379898196123,0.1492894257300464,0.520576311160545
IN.ADM2.00172,potato,Whole Year,full,5,-0.319742371264348,0.10223518398174816,0.5999386401508441
IN.ADM2.00172,potato,Whole Year,cleaned,5,-0.319742371264348,0.10223518398174816,0.5999386401508441
IN.ADM2.00174,potato,Whole Year,full,5,-0.3271645320826916,0.10703663105288654,0.5909964806493951
IN.ADM2.00174,potato,Whole Year,cleaned,5,-0.3271645320826916,0.10703663105288654,0.5909964806493951
IN.ADM2.00176,potato,Whole Year,full,5,0.5049772794746903,0.25500205278565946,0.3855231288463406
IN.ADM2.00176,potato,Whole Year,cleaned,5,0.5049772794746903,0.25500205278565946,0.3855231288463406
IN.ADM2.00180,potato,Whole Year,full,5,0.8315364878544445,0.6914529306333046,0.08087270939425667
IN.ADM2.00180,potato,Whole Year,cleaned,5,0.8315364878544445,0.6914529306333046,0.08087270939425667
IN.ADM2.00181,potato,Whole Year,full,5,0.5307101625614568,0.28165327664600787,0.35749567587082787
IN.ADM2.00181,potato,Whole Year,cleaned,5,0.5307101625614568,0.28165327664600787,0.35749567587082787
IN.ADM2.00183,potato,Whole Year,full,5,-0.13499649002420905,0.018224052318856373,0.8286406340668482
IN.ADM2.00183,potato,Whole Year,cleaned,5,-0.13499649002420905,0.018224052318856373,0.8286406340668482
IN.ADM2.00184,potato,Whole Year,full,5,-0.05018269701156346,0.00251830307935438,0.9361322335017144
IN.ADM2.00184,potato,Whole Year,cleaned,5,-0.05018269701156346,0.00251830307935438,0.9361322335017144
IN.ADM2.00188,potato,Whole Year,full,5,0.4018126310894238,0.16145339050300536,0.5025172522648211
IN.ADM2.00192,potato,Whole Year,full,6,-0.6634003743632871,0.4401000567053495,0.15088070964288558
IN.ADM2.00192,potato,Whole Year,cleaned,6,-0.6634003743632871,0.4401000567053495,0.15088070964288558
IN.ADM2.00205,potato,Whole Year,full,15,0.3974128457324347,0.15793696995315193,0.14241262838914093
IN.ADM2.00205,potato,Whole Year,cleaned,15,0.3974128457324347,0.15793696995315193,0.14241262838914093
IN.ADM2.00206,potato,Whole Year,full,7,0.2735488779723011,0.07482898863990488,0.5527871569406745
IN.ADM2.00206,potato,Whole Year,cleaned,7,0.2735488779723011,0.07482898863990488,0.5527871569406745
IN.ADM2.00207,potato,Whole Year,full,15,-0.4895494063240994,0.23965862123227816,0.06399533535904794
IN.ADM2.00207,potato,Whole Year,cleaned,15,-0.4895494063240994,0.23965862123227816,0.06399533535904794
IN.ADM2.00208,potato,Whole Year,full,15,0.01018186324874349,0.00010367033921611334,0.9712715086373295
IN.ADM2.00208,potato,Whole Year,cleaned,15,0.01018186324874349,0.00010367033921611334,0.9712715086373295
IN.ADM2.00209,potato,Whole Year,full,15,-0.7396906196093738,0.5471422127380993,0.0016208120203049339
IN.ADM2.00209,potato,Whole Year,cleaned,15,-0.7396906196093738,0.5471422127380993,0.0016208120203049339
IN.ADM2.00210,potato,Whole Year,full,7,0.021124876005688686,0.0004462603862557216,0.9641452981721518
IN.ADM2.00210,potato,Whole Year,cleaned,7,0.021124876005688686,0.0004462603862557216,0.9641452981721518
IN.ADM2.00211,potato,Whole Year,full,15,-0.3860118684809958,0.14900516260818958,0.15528477847577907
IN.ADM2.00211,potato,Whole Year,cleaned,15,-0.3860118684809958,0.14900516260818958,0.15528477847577907
IN.ADM2.00212,potato,Whole Year,full,15,-0.1553017085715874,0.024118620685254263,0.5804882348717416
IN.ADM2.00212,potato,Whole Year,cleaned,13,-0.13749450295362803,0.018904738342465227,0.6542037659854082
IN.ADM2.00213,potato,Whole Year,full,15,-0.38521408899353987,0.14838989435912286,0.15621355860465488
IN.ADM2.00213,potato,Whole Year,cleaned,12,0.1166218351260079,0.013600652428157771,0.7181421570509964
IN.ADM2.00214,potato,Whole Year,full,15,0.06535129544927282,0.004270791816898146,0.8170096551642116
IN.ADM2.00214,potato,Whole Year,cleaned,13,0.1022310598373713,0.01045118959547219,0.7396392248477971
IN.ADM2.00215,potato,Whole Year,full,15,-0.442705187999212,0.19598788348141763,0.09842319552592572
IN.ADM2.00215,potato,Whole Year,cleaned,15,-0.442705187999212,0.19598788348141763,0.09842319552592572
IN.ADM2.00216,potato,Whole Year,full,15,-0.4188925215607451,0.1754709446195193,0.12015849458229731
IN.ADM2.00216,potato,Whole Year,cleaned,15,-0.4188925215607451,0.1754709446195193,0.12015849458229731
IN.ADM2.00218,potato,Whole Year,full,15,0.09586002430483923,0.009189144259724367,0.7339774499174611
IN.ADM2.00218,potato,Whole Year,cleaned,15,0.09586002430483923,0.009189144259724367,0.7339774499174611
IN.ADM2.00219,potato,Whole Year,full,15,-0.3650671199846112,0.13327400209385853,0.18090429982942371
IN.ADM2.00219,potato,Whole Year,cleaned,15,-0.3650671199846112,0.13327400209385853,0.18090429982942371
IN.ADM2.00220,potato,Whole Year,full,15,0.1108249924508971,0.012282178951741399,0.6941707347002172
IN.ADM2.00220,potato,Whole Year,cleaned,13,0.35843393391632644,0.12847488498273346,0.2291267295496946
IN.ADM2.00221,potato,Whole Year,full,15,-0.22337047086055095,0.04989436725246424,0.4235677341536198
IN.ADM2.00221,potato,Whole Year,cleaned,15,-0.22337047086055095,0.04989436725246424,0.4235677341536198
IN.ADM2.00223,potato,Whole Year,full,15,-0.03224194450768414,0.0010395429856365835,0.9091840755801636
IN.ADM2.00223,potato,Whole Year,cleaned,15,-0.03224194450768414,0.0010395429856365835,0.9091840755801636
IN.ADM2.00224,potato,Whole Year,full,15,-0.2410877305351334,0.058123293814581097,0.3867116165915003
IN.ADM2.00224,potato,Whole Year,cleaned,15,-0.2410877305351334,0.058123293814581097,0.3867116165915003
IN.ADM2.00225,potato,Whole Year,full,15,0.2653575188915735,0.07041461283229178,0.3391460533954953
IN.ADM2.00225,potato,Whole Year,cleaned,15,0.2653575188915735,0.07041461283229178,0.3391460533954953
IN.ADM2.00226,potato,Whole Year,full,15,-0.6807493096590791,0.46341962260131275,0.005213225177760321
IN.ADM2.00226,potato,Whole Year,cleaned,15,-0.6807493096590791,0.46341962260131275,0.005213225177760321
IN.ADM2.00227,potato,Whole Year,full,15,-0.14522706751178988,0.021090901138073975,0.6055625757875974
IN.ADM2.00227,potato,Whole Year,cleaned,15,-0.14522706751178988,0.021090901138073975,0.6055625757875974
IN.ADM2.00228,potato,Whole Year,full,15,-0.09640218425676907,0.009293381129476053,0.7325236013686218
IN.ADM2.00228,potato,Whole Year,cleaned,15,-0.09640218425676907,0.009293381129476053,0.7325236013686218
IN.ADM2.00229,potato,Whole Year,full,15,0.021877266082510373,0.0004786147712449588,0.9383149172739624
IN.ADM2.00229,potato,Whole Year,cleaned,15,0.021877266082510373,0.0004786147712449588,0.9383149172739624
IN.ADM2.00230,potato,Whole Year,full,7,0.35468549504843555,0.1258018003977538,0.43501607360760536
IN.ADM2.00230,potato,Whole Year,cleaned,7,0.35468549504843555,0.1258018003977538,0.43501607360760536
IN.ADM2.00232,potato,Whole Year,full,15,-0.5618234509764362,0.31564559006707194,0.029285849251248386
IN.ADM2.00232,potato,Whole Year,cleaned,15,-0.5618234509764362,0.31564559006707194,0.029285849251248386
IN.ADM2.00233,potato,Whole Year,full,15,-0.2904787853625169,0.08437792474568317,0.2935876901139546
IN.ADM2.00233,potato,Whole Year,cleaned,15,-0.2904787853625169,0.08437792474568317,0.2935876901139546
IN.ADM2.00235,potato,Whole Year,full,15,-0.13054869894232518,0.017042962795533856,0.6428324148754677
IN.ADM2.00235,potato,Whole Year,cleaned,15,-0.13054869894232518,0.017042962795533856,0.6428324148754677
IN.ADM2.00236,potato,Whole Year,full,15,0.2698890459171899,0.07284009710609102,0.3306484319370304
IN.ADM2.00236,potato,Whole Year,cleaned,15,0.2698890459171899,0.07284009710609102,0.3306484319370304
IN.ADM2.00237,potato,Whole Year,full,15,-0.45877011900222836,0.21047002208931878,0.08541975361550558
IN.ADM2.00237,potato,Whole Year,cleaned,15,-0.45877011900222836,0.21047002208931878,0.08541975361550558
IN.ADM2.00238,potato,Whole Year,full,15,-0.21298945866409327,0.045364509502023496,0.44597019743813054
IN.ADM2.00238,potato,Whole Year,cleaned,15,-0.21298945866409327,0.045364509502023496,0.44597019743813054
IN.ADM2.00239,potato,Whole Year,full,15,-0.3527371629662508,0.12442350613747936,0.19720326188510004
IN.ADM2.00239,potato,Whole Year,cleaned,15,-0.3527371629662508,0.12442350613747936,0.19720326188510004
IN.ADM2.00240,potato,Whole Year,full,15,-0.3216351512627248,0.10344917052779586,0.24239916093538738
IN.ADM2.00240,potato,Whole Year,cleaned,15,-0.3216351512627248,0.10344917052779586,0.24239916093538738
IN.ADM2.00241,potato,Whole Year,full,15,-0.20982741084931375,0.04402754234372671,0.45290957137685434
IN.ADM2.00241,potato,Whole Year,cleaned,15,-0.20982741084931375,0.04402754234372671,0.45290957137685434
IN.ADM2.00242,potato,Whole Year,full,15,-0.6538588250107128,0.42753136304438993,0.008192573547698223
IN.ADM2.00242,potato,Whole Year,cleaned,15,-0.6538588250107128,0.42753136304438993,0.008192573547698223
IN.ADM2.00243,potato,Whole Year,full,15,-0.23636972661784442,0.055870647661394504,0.39635346574971414
IN.ADM2.00243,potato,Whole Year,cleaned,15,-0.23636972661784442,0.055870647661394504,0.39635346574971414
IN.ADM2.00244,potato,Whole Year,full,15,0.27056691335552546,0.07320645460273642,0.3293877901418738
IN.ADM2.00244,potato,Whole Year,cleaned,15,0.27056691335552546,0.07320645460273642,0.3293877901418738
IN.ADM2.00245,potato,Whole Year,full,7,0.39309946564171205,0.15452718988779957,0.38299700599390557
IN.ADM2.00245,potato,Whole Year,cleaned,7,0.39309946564171205,0.15452718988779957,0.38299700599390557
IN.ADM2.00246,potato,Whole Year,full,15,-0.365893480577405,0.13387803912904786,0.17984442207095705
IN.ADM2.00246,potato,Whole Year,cleaned,15,-0.365893480577405,0.13387803912904786,0.17984442207095705
IN.ADM2.00248,potato,Whole Year,full,15,-0.41488579813032483,0.17213022549023665,0.12411525159149238
IN.ADM2.00248,potato,Whole Year,cleaned,15,-0.41488579813032483,0.17213022549023665,0.12411525159149238
IN.ADM2.00249,potato,Whole Year,full,15,-0.21856399748142216,0.047770220995059114,0.43386733929618104
IN.ADM2.00249,potato,Whole Year,cleaned,15,-0.21856399748142216,0.047770220995059114,0.43386733929618104
IN.ADM2.00282,potato,Whole Year,full,14,-0.32440116346427333,0.10523611485697419,0.2578127829931356
IN.ADM2.00282,potato,Whole Year,cleaned,14,-0.32440116346427333,0.10523611485697419,0.2578127829931356
IN.ADM2.00283,potato,Whole Year,full,10,-0.13926983292271922,0.019396086362322127,0.7011878615793687
IN.ADM2.00283,potato,Whole Year,cleaned,10,-0.13926983292271922,0.019396086362322127,0.7011878615793687
IN.ADM2.00285,potato,Whole Year,full,13,-0.06663606629991461,0.004440365331926616,0.8287620121720498
IN.ADM2.00285,potato,Whole Year,cleaned,13,-0.06663606629991461,0.004440365331926616,0.8287620121720498
IN.ADM2.00286,potato,Whole Year,full,14,-0.08626340354065262,0.0074413747904174795,0.7693527012037208
IN.ADM2.00286,potato,Whole Year,cleaned,14,-0.08626340354065262,0.0074413747904174795,0.7693527012037208
IN.ADM2.00288,potato,Whole Year,full,14,0.0021187019085489034,4.488897777288766e-06,0.994264650633208
IN.ADM2.00288,potato,Whole Year,cleaned,14,0.0021187019085489034,4.488897777288766e-06,0.994264650633208
IN.ADM2.00289,potato,Whole Year,full,11,-0.07236084869180884,0.005236092423398853,0.8325539066748455
IN.ADM2.00291,potato,Whole Year,full,11,0.0621916579819008,0.0038678023225377257,0.8558562803422691
IN.ADM2.00291,potato,Whole Year,cleaned,11,0.0621916579819008,0.0038678023225377257,0.8558562803422691
IN.ADM2.00293,potato,Whole Year,full,11,0.22233506891862367,0.04943288287104914,0.5111233621313145
IN.ADM2.00293,potato,Whole Year,cleaned,11,0.22233506891862367,0.04943288287104914,0.5111233621313145
IN.ADM2.00333,potato,Whole Year,full,16,0.047308081829052495,0.002238054606344327,0.8618824255098012
IN.ADM2.00333,potato,Whole Year,cleaned,16,0.047308081829052495,0.002238054606344327,0.8618824255098012
IN.ADM2.00334,potato,Whole Year,full,16,-0.2924101605936212,0.08550370201838733,0.2717658576733444
IN.ADM2.00334,potato,Whole Year,cleaned,16,-0.2924101605936212,0.08550370201838733,0.2717658576733444
IN.ADM2.00335,potato,Whole Year,full,16,0.26597787108821686,0.0707442279086201,0.3193972769434531
IN.ADM2.00335,potato,Whole Year,cleaned,15,0.35289180942720844,0.12453262916080919,0.1969931857263608
IN.ADM2.00337,potato,Whole Year,full,16,-0.15064439182682277,0.022693732788873305,0.5776010451415327
IN.ADM2.00337,potato,Whole Year,cleaned,16,-0.15064439182682277,0.022693732788873305,0.5776010451415327
IN.ADM2.00338,potato,Whole Year,full,16,0.4395676782377332,0.19321974375131132,0.08844783440166039
IN.ADM2.00338,potato,Whole Year,cleaned,16,0.4395676782377332,0.19321974375131132,0.08844783440166039
IN.ADM2.00339,potato,Whole Year,full,16,-0.3562548144265275,0.12691749280207956,0.1756194939506015
IN.ADM2.00339,potato,Whole Year,cleaned,16,-0.3562548144265275,0.12691749280207956,0.1756194939506015
IN.ADM2.00340,potato,Whole Year,full,16,-0.01985540322314281,0.0003942370371535899,0.941817587605622
IN.ADM2.00340,potato,Whole Year,cleaned,16,-0.01985540322314281,0.0003942370371535899,0.941817587605622
IN.ADM2.00343,potato,Whole Year,full,16,-0.1635522964327944,0.02674935366844065,0.5450198891427263
IN.ADM2.00343,potato,Whole Year,cleaned,16,-0.1635522964327944,0.02674935366844065,0.5450198891427263
IN.ADM2.00348,potato,Whole Year,full,16,-0.23642774368289976,0.055898077982986946,0.3779976203022749
IN.ADM2.00348,potato,Whole Year,cleaned,16,-0.23642774368289976,0.055898077982986946,0.3779976203022749
IN.ADM2.00349,potato,Whole Year,full,16,0.21258104166024316,0.04519069927335404,0.42926732572445864
IN.ADM2.00349,potato,Whole Year,cleaned,16,0.21258104166024316,0.04519069927335404,0.42926732572445864
IN.ADM2.00357,potato,Whole Year,full,16,-0.1625750805128699,0.02643065680376613,0.5474578189671597
IN.ADM2.00357,potato,Whole Year,cleaned,14,-0.1599293399075483,0.02557739376326412,0.5849655993740586
IN.ADM2.00366,potato,Whole Year,full,9,-0.4866267622990198,0.2368056057856267,0.18403791286041574
IN.ADM2.00366,potato,Whole Year,cleaned,9,-0.4866267622990198,0.2368056057856267,0.18403791286041574
IN.ADM2.00367,potato,Whole Year,full,9,-0.2523350269546827,0.06367296582822043,0.5124477792799992
IN.ADM2.00367,potato,Whole Year,cleaned,9,-0.2523350269546827,0.06367296582822043,0.5124477792799992
IN.ADM2.00374,potato,Whole Year,full,5,-0.3423903568803084,0.11723115648462494,0.5727292152529058
IN.ADM2.00374,potato,Whole Year,cleaned,5,-0.3423903568803084,0.11723115648462494,0.5727292152529058
IN.ADM2.00451,potato,Whole Year,full,7,0.18424372755694474,0.03394575114407768,0.6924997992501408
IN.ADM2.00451,potato,Whole Year,cleaned,7,0.18424372755694474,0.03394575114407768,0.6924997992501408
IN.ADM2.00452,potato,Whole Year,full,7,-0.2962469499411701,0.08776225534944616,0.5188508111165296
IN.ADM2.00452,potato,Whole Year,cleaned,7,-0.2962469499411701,0.08776225534944616,0.5188508111165296
IN.ADM2.00453,potato,Whole Year,full,7,0.2642058866520115,0.06980475054157555,0.566959605970668
IN.ADM2.00453,potato,Whole Year,cleaned,6,0.10141300158749053,0.010284596890984357,0.8484019935391802
IN.ADM2.00455,potato,Whole Year,full,7,0.45810406868427805,0.20985933774508975,0.30126506692820704
IN.ADM2.00455,potato,Whole Year,cleaned,7,0.45810406868427805,0.20985933774508975,0.30126506692820704
IN.ADM2.00457,potato,Whole Year,full,7,0.028738080484816936,0.000825877269951816,0.9512328629730387
IN.ADM2.00457,potato,Whole Year,cleaned,7,0.028738080484816936,0.000825877269951816,0.9512328629730387
IN.ADM2.00458,potato,Whole Year,full,7,-0.719889379385599,0.518240718552183,0.06812258177123885
IN.ADM2.00458,potato,Whole Year,cleaned,7,-0.719889379385599,0.518240718552183,0.06812258177123885
IN.ADM2.00459,potato,Whole Year,full,7,-0.4980687612382678,0.24807249092142264,0.25530359959550936
IN.ADM2.00459,potato,Whole Year,cleaned,7,-0.4980687612382678,0.24807249092142264,0.25530359959550936
IN.ADM2.00460,potato,Whole Year,full,7,-0.150227272198468,0.02256823331219259,0.747834323758479
IN.ADM2.00460,potato,Whole Year,cleaned,7,-0.150227272198468,0.02256823331219259,0.747834323758479
IN.ADM2.00461,potato,Whole Year,full,7,-0.1479917472771135,0.021901557262133033,0.7515036027370007
IN.ADM2.00461,potato,Whole Year,cleaned,7,-0.1479917472771135,0.021901557262133033,0.7515036027370007
IN.ADM2.00462,potato,Whole Year,full,7,-0.5912702164730016,0.34960046888803015,0.16205811281996246
IN.ADM2.00462,potato,Whole Year,cleaned,7,-0.5912702164730016,0.34960046888803015,0.16205811281996246
IN.ADM2.00463,potato,Whole Year,full,7,0.3913262280521511,0.15313621676152417,0.3853401627778169
IN.ADM2.00463,potato,Whole Year,cleaned,7,0.3913262280521511,0.15313621676152417,0.3853401627778169
IN.ADM2.00464,potato,Whole Year,full,7,0.022607498941235357,0.0005110990083779578,0.9616301249440741
IN.ADM2.00464,potato,Whole Year,cleaned,7,0.022607498941235357,0.0005110990083779578,0.9616301249440741
IN.ADM2.00465,potato,Whole Year,full,7,-0.6020906193666022,0.3625131139292587,0.15256543294361752
IN.ADM2.00465,potato,Whole Year,cleaned,7,-0.6020906193666022,0.3625131139292587,0.15256543294361752
IN.ADM2.00466,potato,Whole Year,full,7,-0.2053301175413513,0.04216045716954514,0.6587221898566223
IN.ADM2.00466,potato,Whole Year,cleaned,7,-0.2053301175413513,0.04216045716954514,0.6587221898566223
IN.ADM2.00470,potato,Whole Year,full,6,-0.5315408564444501,0.28253568206969953,0.27777834454504724
IN.ADM2.00470,potato,Whole Year,cleaned,6,-0.5315408564444501,0.28253568206969953,0.27777834454504724
IN.ADM2.00471,potato,Whole Year,full,6,0.6451801634362713,0.4162574432916537,0.16651027749282987
IN.ADM2.00471,potato,Whole Year,cleaned,6,0.6451801634362713,0.4162574432916537,0.16651027749282987
IN.ADM2.00479,potato,Whole Year,full,6,0.6897311641718982,0.47572907882992194,0.12946583942804613
IN.ADM2.00479,potato,Whole Year,cleaned,6,0.6897311641718982,0.47572907882992194,0.12946583942804613
IN.ADM2.00482,potato,Whole Year,full,6,-0.0917130908894253,0.008411291040491984,0.8628160764157091
IN.ADM2.00482,potato,Whole Year,cleaned,6,-0.0917130908894253,0.008411291040491984,0.8628160764157091
IN.ADM2.00483,potato,Whole Year,full,6,-0.6410363517593729,0.41092760427696645,0.1701552385024036
IN.ADM2.00483,potato,Whole Year,cleaned,6,-0.6410363517593729,0.41092760427696645,0.1701552385024036
IN.ADM2.00484,potato,Whole Year,full,6,0.8144476936122915,0.6633250456303811,0.04845023634602868
IN.ADM2.00484,potato,Whole Year,cleaned,6,0.8144476936122915,0.6633250456303811,0.04845023634602868
IN.ADM2.00485,potato,Whole Year,full,6,-0.04300779204250438,0.0018496701763713029,0.9355280870513898
IN.ADM2.00485,potato,Whole Year,cleaned,6,-0.04300779204250438,0.0018496701763713029,0.9355280870513898
IN.ADM2.00488,potato,Whole Year,full,16,-0.3371339832093512,0.11365932263460309,0.20162754359718366
IN.ADM2.00488,potato,Whole Year,cleaned,8,-0.2402519025739835,0.057720976690418854,0.5665619820306689
IN.ADM2.00489,potato,Whole Year,full,16,0.14930515583847465,0.022292029559951198,0.5810274048048787
IN.ADM2.00489,potato,Whole Year,cleaned,16,0.14930515583847465,0.022292029559951198,0.5810274048048787
IN.ADM2.00491,potato,Whole Year,full,16,0.3958144937664102,0.1566691134755596,0.12911415377525348
IN.ADM2.00491,potato,Whole Year,cleaned,11,0.5112897732671727,0.2614172322475969,0.1079551501855224
IN.ADM2.00494,potato,Whole Year,full,16,-0.5090425685466912,0.25912433659261275,0.04402889181489827
IN.ADM2.00494,potato,Whole Year,cleaned,16,-0.5090425685466912,0.25912433659261275,0.04402889181489827
IN.ADM2.00497,potato,Whole Year,full,16,0.012367837252181296,0.0001529633982964434,0.9637409613618214
IN.ADM2.00497,potato,Whole Year,cleaned,16,0.012367837252181296,0.0001529633982964434,0.9637409613618214
IN.ADM2.00498,potato,Whole Year,full,16,-0.04348080617010119,0.0018905805052019094,0.8729682211743369
IN.ADM2.00498,potato,Whole Year,cleaned,16,-0.04348080617010119,0.0018905805052019094,0.8729682211743369
IN.ADM2.00500,potato,Whole Year,full,11,-0.0858319583107727,0.007367125067462223,0.8018733337854432
IN.ADM2.00500,potato,Whole Year,cleaned,11,-0.0858319583107727,0.007367125067462223,0.8018733337854432
IN.ADM2.00502,potato,Whole Year,full,11,-0.004666205113222174,2.1773470158660766e-05,0.9891363731091879
IN.ADM2.00503,potato,Whole Year,full,11,0.3426983926368897,0.11744218831590783,0.3022177480595827
IN.ADM2.00514,potato,Whole Year,full,7,-0.49264336178531165,0.24269748191113347,0.26134132921238723
IN.ADM2.00514,potato,Whole Year,cleaned,7,-0.49264336178531165,0.24269748191113347,0.26134132921238723
IN.ADM2.00515,potato,Whole Year,full,7,-0.2851499752088945,0.08131050836163316,0.5353525748677688
IN.ADM2.00515,potato,Whole Year,cleaned,7,-0.2851499752088945,0.08131050836163316,0.5353525748677688
IN.ADM2.00536,potato,Whole Year,full,16,-0.16525523349511087,0.027309292197523614,0.5407829330966962
IN.ADM2.00536,potato,Whole Year,cleaned,16,-0.16525523349511087,0.027309292197523614,0.5407829330966962
IN.ADM2.00540,potato,Whole Year,full,6,-0.7901885615456848,0.6243979627976386,0.06141322170903382
IN.ADM2.00540,potato,Whole Year,cleaned,6,-0.7901885615456848,0.6243979627976386,0.06141322170903382
IN.ADM2.00541,potato,Whole Year,full,6,-0.4984736574163083,0.24847598713799107,0.31421888091993866
IN.ADM2.00541,potato,Whole Year,cleaned,6,-0.4984736574163083,0.24847598713799107,0.31421888091993866
IN.ADM2.00552,potato,Whole Year,full,16,-0.3664407647454182,0.13427883406720692,0.16271707937076585
IN.ADM2.00552,potato,Whole Year,cleaned,16,-0.3664407647454182,0.13427883406720692,0.16271707937076585
IN.ADM2.00559,potato,Whole Year,full,16,0.3724857830719064,0.1387456585906913,0.15536816818704513
IN.ADM2.00559,potato,Whole Year,cleaned,16,0.3724857830719064,0.1387456585906913,0.15536816818704513
IN.ADM2.00159,barley,Kharif,full,11,0.09221937926802735,0.008504413912580274,0.78741069688409
IN.ADM2.00169,barley,Kharif,full,5,0.7903964513925738,0.6247265503739732,0.11150203850105382
IN.ADM2.00169,barley,Kharif,cleaned,5,0.7903964513925738,0.6247265503739732,0.11150203850105382
IN.ADM2.00208,barley,Kharif,full,6,0.8350654680292481,0.6973343358949071,0.0385617097446007
IN.ADM2.00208,barley,Kharif,cleaned,6,0.8350654680292481,0.6973343358949071,0.0385617097446007
IN.ADM2.00211,barley,Kharif,full,6,0.3807041114616152,0.14493562048377792,0.45653262611528445
IN.ADM2.00211,barley,Kharif,cleaned,6,0.3807041114616152,0.14493562048377792,0.45653262611528445
IN.ADM2.00214,barley,Kharif,full,6,0.39208980054518283,0.15373441169156127,0.4420041465907632
IN.ADM2.00214,barley,Kharif,cleaned,5,-0.20475675770182594,0.041925329824564254,0.7411289167151772
IN.ADM2.00216,barley,Kharif,full,5,0.18890310245797168,0.03568438211824695,0.7609193172962504
IN.ADM2.00216,barley,Kharif,cleaned,5,0.18890310245797168,0.03568438211824695,0.7609193172962504
IN.ADM2.00219,barley,Kharif,full,5,-0.12424634143104075,0.015437153358998755,0.8422126068346388
IN.ADM2.00219,barley,Kharif,cleaned,5,-0.12424634143104075,0.015437153358998755,0.8422126068346388
IN.ADM2.00220,barley,Kharif,full,6,0.18534520795212825,0.03435284611081767,0.7251657557748861
IN.ADM2.00220,barley,Kharif,cleaned,6,0.18534520795212825,0.03435284611081767,0.7251657557748861
IN.ADM2.00223,barley,Kharif,full,5,0.277175036934101,0.07682600109942025,0.6516621208904874
IN.ADM2.00224,barley,Kharif,full,6,0.4328208295991096,0.18733387053486147,0.39130975622979103
IN.ADM2.00224,barley,Kharif,cleaned,6,0.4328208295991096,0.18733387053486147,0.39130975622979103
IN.ADM2.00225,barley,Kharif,full,5,0.38246607578669156,0.1462802991276713,0.5251766142966087
IN.ADM2.00227,barley,Kharif,full,6,0.5793587344293636,0.33565654315959387,0.2281946733798933
IN.ADM2.00227,barley,Kharif,cleaned,6,0.5793587344293636,0.33565654315959387,0.2281946733798933
IN.ADM2.00229,barley,Kharif,full,6,0.641649466752758,0.41171403818409874,0.16961384639858884
IN.ADM2.00229,barley,Kharif,cleaned,5,0.9229183255403488,0.8517782356182012,0.025390683483234446
IN.ADM2.00233,barley,Kharif,full,5,-0.42878420995140176,0.1838558987036478,0.4712788791159766
IN.ADM2.00233,barley,Kharif,cleaned,5,-0.42878420995140176,0.1838558987036478,0.4712788791159766
IN.ADM2.00236,barley,Kharif,full,6,0.09734901295987049,0.009476830324261032,0.8544377605992219
IN.ADM2.00237,barley,Kharif,full,6,-0.3927403030251715,0.15424494562030353,0.44117864880375235
IN.ADM2.00237,barley,Kharif,cleaned,6,-0.3927403030251715,0.15424494562030353,0.44117864880375235
IN.ADM2.00238,barley,Kharif,full,6,0.3363776467645828,0.11314992124287845,0.5144640819727644
IN.ADM2.00238,barley,Kharif,cleaned,6,0.3363776467645828,0.11314992124287845,0.5144640819727644
IN.ADM2.00241,barley,Kharif,full,5,-0.24096176692830984,0.058062573121213115,0.6961933119403764
IN.ADM2.00243,barley,Kharif,full,6,0.20485259859776378,0.04196458715225653,0.6970193794669653
IN.ADM2.00243,barley,Kharif,cleaned,5,0.26700055764341446,0.07128929778189429,0.6641278638978276
IN.ADM2.00244,barley,Kharif,full,6,-0.4158359938574919,0.17291957378744807,0.4121991006254209
IN.ADM2.00244,barley,Kharif,cleaned,6,-0.4158359938574919,0.17291957378744807,0.4121991006254209
IN.ADM2.00246,barley,Kharif,full,6,0.04113838569330047,0.001692366777450749,0.9383272320786619
IN.ADM2.00246,barley,Kharif,cleaned,6,0.04113838569330047,0.001692366777450749,0.9383272320786619
IN.ADM2.00248,barley,Kharif,full,5,0.3280138847960875,0.10759310861902097,0.5899747242299098
IN.ADM2.00248,barley,Kharif,cleaned,5,0.3280138847960875,0.10759310861902097,0.5899747242299098
IN.ADM2.00060,barley,Rabi,full,12,0.3000266491587907,0.09001599020545208,0.34339359986303486
IN.ADM2.00060,barley,Rabi,cleaned,12,0.3000266491587907,0.09001599020545208,0.34339359986303486
IN.ADM2.00061,barley,Rabi,full,17,0.22787750675331142,0.051928158084105495,0.3790473959917865
IN.ADM2.00061,barley,Rabi,cleaned,17,0.22787750675331142,0.051928158084105495,0.3790473959917865
IN.ADM2.00065,barley,Rabi,full,17,-0.10504158281134143,0.0110337341195119,0.688256914885655
IN.ADM2.00065,barley,Rabi,cleaned,17,-0.10504158281134143,0.0110337341195119,0.688256914885655
IN.ADM2.00069,barley,Rabi,full,17,0.15453896904368425,0.023882292953084798,0.5537015718984403
IN.ADM2.00069,barley,Rabi,cleaned,17,0.15453896904368425,0.023882292953084798,0.5537015718984403
IN.ADM2.00072,barley,Rabi,full,12,0.005764557954971175,3.3230128416221455e-05,0.9858144116853003
IN.ADM2.00072,barley,Rabi,cleaned,12,0.005764557954971175,3.3230128416221455e-05,0.9858144116853003
IN.ADM2.00075,barley,Rabi,full,17,-0.17591996697094187,0.030947834779057277,0.4994309208658388
IN.ADM2.00075,barley,Rabi,cleaned,16,0.22462718333917053,0.05045737149488933,0.4029349876640151
IN.ADM2.00076,barley,Rabi,full,17,-0.19492014568732147,0.03799386319476662,0.4534374841607536
IN.ADM2.00076,barley,Rabi,cleaned,17,-0.19492014568732147,0.03799386319476662,0.4534374841607536
IN.ADM2.00078,barley,Rabi,full,6,0.8809396799649316,0.7760547197367161,0.020419178272671284
IN.ADM2.00078,barley,Rabi,cleaned,6,0.8809396799649316,0.7760547197367161,0.020419178272671284
IN.ADM2.00081,barley,Rabi,full,17,-0.014631167880169466,0.00021407107353770265,0.9555542369853584
IN.ADM2.00081,barley,Rabi,cleaned,17,-0.014631167880169466,0.00021407107353770265,0.9555542369853584
IN.ADM2.00083,barley,Rabi,full,17,0.13021192834045134,0.016955146282138834,0.6184041737205114
IN.ADM2.00083,barley,Rabi,cleaned,17,0.13021192834045134,0.016955146282138834,0.6184041737205114
IN.ADM2.00084,barley,Rabi,full,17,0.16266130872520707,0.026458701356197125,0.5327842245020511
IN.ADM2.00084,barley,Rabi,cleaned,17,0.16266130872520707,0.026458701356197125,0.5327842245020511
IN.ADM2.00087,barley,Rabi,full,17,-0.013257243840776284,0.0001757545142538007,0.9597245256637279
IN.ADM2.00087,barley,Rabi,cleaned,17,-0.013257243840776284,0.0001757545142538007,0.9597245256637279
IN.ADM2.00090,barley,Rabi,full,13,0.3274653258504796,0.10723353963436079,0.27474639604315154
IN.ADM2.00090,barley,Rabi,cleaned,13,0.3274653258504796,0.10723353963436079,0.27474639604315154
IN.ADM2.00092,barley,Rabi,full,8,0.7419380774485913,0.5504721107681119,0.035078227305997176
IN.ADM2.00092,barley,Rabi,cleaned,8,0.7419380774485913,0.5504721107681119,0.035078227305997176
IN.ADM2.00097,barley,Rabi,full,17,0.0685920567410378,0.004704870247965749,0.7936467624631413
IN.ADM2.00097,barley,Rabi,cleaned,17,0.0685920567410378,0.004704870247965749,0.7936467624631413
IN.ADM2.00098,barley,Rabi,full,15,0.005910057462843982,3.492877921411784e-05,0.9833224599169669
IN.ADM2.00098,barley,Rabi,cleaned,15,0.005910057462843982,3.492877921411784e-05,0.9833224599169669
IN.ADM2.00100,barley,Rabi,full,17,-0.007858040212352813,6.174879597895383e-05,0.9761213962814789
IN.ADM2.00100,barley,Rabi,cleaned,17,-0.007858040212352813,6.174879597895383e-05,0.9761213962814789
IN.ADM2.00101,barley,Rabi,full,17,0.11523913308725074,0.01328005779470109,0.6596300800612559
IN.ADM2.00101,barley,Rabi,cleaned,17,0.11523913308725074,0.01328005779470109,0.6596300800612559
IN.ADM2.00130,barley,Rabi,full,17,-0.11839281331199714,0.014016858243929406,0.6508644775303413
IN.ADM2.00130,barley,Rabi,cleaned,17,-0.11839281331199714,0.014016858243929406,0.6508644775303413
IN.ADM2.00132,barley,Rabi,full,17,0.4321173858725947,0.1867254351733649,0.08323853367942675
IN.ADM2.00132,barley,Rabi,cleaned,17,0.4321173858725947,0.1867254351733649,0.08323853367942675
IN.ADM2.00133,barley,Rabi,full,17,0.36057635835416746,0.130015310203953,0.15507988155863583
IN.ADM2.00133,barley,Rabi,cleaned,17,0.36057635835416746,0.130015310203953,0.15507988155863583
IN.ADM2.00140,barley,Rabi,full,17,0.13365403830163525,0.01786340195433498,0.6090715008319607
IN.ADM2.00140,barley,Rabi,cleaned,17,0.13365403830163525,0.01786340195433498,0.6090715008319607
IN.ADM2.00142,barley,Rabi,full,6,0.28467771770380657,0.08104140295704818,0.5845187642609537
IN.ADM2.00142,barley,Rabi,cleaned,6,0.28467771770380657,0.08104140295704818,0.5845187642609537
IN.ADM2.00144,barley,Rabi,full,17,0.1937224750020691,0.03752839732092729,0.45627168016500264
IN.ADM2.00144,barley,Rabi,cleaned,17,0.1937224750020691,0.03752839732092729,0.45627168016500264
IN.ADM2.00145,barley,Rabi,full,17,-0.35748675334042246,0.12779677881387605,0.15890890122806176
IN.ADM2.00145,barley,Rabi,cleaned,17,-0.35748675334042246,0.12779677881387605,0.15890890122806176
IN.ADM2.00147,barley,Rabi,full,17,0.4842198867256742,0.23446889870062473,0.04888058146645245
IN.ADM2.00147,barley,Rabi,cleaned,17,0.4842198867256742,0.23446889870062473,0.04888058146645245
IN.ADM2.00149,barley,Rabi,full,17,-0.013495680781590544,0.00018213339975859234,0.9590007213578723
IN.ADM2.00149,barley,Rabi,cleaned,17,-0.013495680781590544,0.00018213339975859234,0.9590007213578723
IN.ADM2.00152,barley,Rabi,full,17,-0.009016230928691698,8.129242015949676e-05,0.9726031066358012
IN.ADM2.00152,barley,Rabi,cleaned,17,-0.009016230928691698,8.129242015949676e-05,0.9726031066358012
IN.ADM2.00153,barley,Rabi,full,17,0.22619492262288007,0.0511641430203707,0.3826726356193773
IN.ADM2.00153,barley,Rabi,cleaned,17,0.22619492262288007,0.0511641430203707,0.3826726356193773
IN.ADM2.00159,barley,Rabi,full,15,0.08631577546442905,0.007450413094025732,0.7597046119632248
IN.ADM2.00160,barley,Rabi,full,15,-0.3715418471722025,0.13804334420013228,0.1727084960932419
IN.ADM2.00160,barley,Rabi,cleaned,15,-0.3715418471722025,0.13804334420013228,0.1727084960932419
IN.ADM2.00164,barley,Rabi,full,15,-0.014031167229254418,0.0001968736538153031,0.9604173230636707
IN.ADM2.00164,barley,Rabi,cleaned,15,-0.014031167229254418,0.0001968736538153031,0.9604173230636707
IN.ADM2.00169,barley,Rabi,full,15,-0.6597354554640799,0.4352508711963969,0.007449078264044782
IN.ADM2.00169,barley,Rabi,cleaned,15,-0.6597354554640799,0.4352508711963969,0.007449078264044782
IN.ADM2.00208,barley,Rabi,full,9,0.5759734140521744,0.3317453736949175,0.1045726107576533
IN.ADM2.00208,barley,Rabi,cleaned,9,0.5759734140521744,0.3317453736949175,0.1045726107576533
IN.ADM2.00210,barley,Rabi,full,17,0.11988809016392797,0.014373154163154123,0.6467233640219516
IN.ADM2.00210,barley,Rabi,cleaned,17,0.11988809016392797,0.014373154163154123,0.6467233640219516
IN.ADM2.00211,barley,Rabi,full,9,0.9306361923114793,0.8660837224400088,0.00027029936898962444
IN.ADM2.00211,barley,Rabi,cleaned,9,0.9306361923114793,0.8660837224400088,0.00027029936898962444
IN.ADM2.00213,barley,Rabi,full,9,0.3013603162716226,0.09081804022333238,0.4306586439560333
IN.ADM2.00213,barley,Rabi,cleaned,9,0.3013603162716226,0.09081804022333238,0.4306586439560333
IN.ADM2.00214,barley,Rabi,full,9,0.7376637639522138,0.5441478286481474,0.023294640875659384
IN.ADM2.00214,barley,Rabi,cleaned,9,0.7376637639522138,0.5441478286481474,0.023294640875659384
IN.ADM2.00216,barley,Rabi,full,9,0.6622639636305238,0.4385935575236117,0.0519578945033961
IN.ADM2.00216,barley,Rabi,cleaned,9,0.6622639636305238,0.4385935575236117,0.0519578945033961
IN.ADM2.00217,barley,Rabi,full,16,0.2573773153511192,0.06624308245734944,0.33587677410944544
IN.ADM2.00217,barley,Rabi,cleaned,16,0.2573773153511192,0.06624308245734944,0.33587677410944544
IN.ADM2.00219,barley,Rabi,full,9,0.5493070690284028,0.30173825608457444,0.12555113007804775
IN.ADM2.00219,barley,Rabi,cleaned,9,0.5493070690284028,0.30173825608457444,0.12555113007804775
IN.ADM2.00220,barley,Rabi,full,9,0.8495768898399589,0.7217808917501377,0.0037398563484442697
IN.ADM2.00220,barley,Rabi,cleaned,9,0.8495768898399589,0.7217808917501377,0.0037398563484442697
IN.ADM2.00221,barley,Rabi,full,9,0.37874141107700554,0.1434450564646013,0.3148149973769184
IN.ADM2.00221,barley,Rabi,cleaned,9,0.37874141107700554,0.1434450564646013,0.3148149973769184
IN.ADM2.00223,barley,Rabi,full,9,0.4298374610651975,0.18476024293497517,0.24820637673618418
IN.ADM2.00223,barley,Rabi,cleaned,9,0.4298374610651975,0.18476024293497517,0.24820637673618418
IN.ADM2.00224,barley,Rabi,full,9,0.7275318422899894,0.529302581545866,0.026310620271665117
IN.ADM2.00224,barley,Rabi,cleaned,9,0.7275318422899894,0.529302581545866,0.026310620271665117
IN.ADM2.00225,barley,Rabi,full,9,0.5006429076648591,0.2506433209951246,0.16983332799865394
IN.ADM2.00225,barley,Rabi,cleaned,9,0.5006429076648591,0.2506433209951246,0.16983332799865394
IN.ADM2.00226,barley,Rabi,full,9,0.5830056595612672,0.3398955990804681,0.09942196708152942
IN.ADM2.00226,barley,Rabi,cleaned,9,0.5830056595612672,0.3398955990804681,0.09942196708152942
IN.ADM2.00227,barley,Rabi,full,9,0.5929184280125167,0.35155226227683395,0.0924287603465451
IN.ADM2.00227,barley,Rabi,cleaned,9,0.5929184280125167,0.35155226227683395,0.0924287603465451
IN.ADM2.00229,barley,Rabi,full,9,0.6438524084074588,0.41454592381208516,0.06130222862881449
IN.ADM2.00229,barley,Rabi,cleaned,9,0.6438524084074588,0.41454592381208516,0.06130222862881449
IN.ADM2.00230,barley,Rabi,full,16,-0.027341883824019447,0.0007475786110461763,0.9199364738255836
IN.ADM2.00230,barley,Rabi,cleaned,16,-0.027341883824019447,0.0007475786110461763,0.9199364738255836
IN.ADM2.00232,barley,Rabi,full,9,0.12265365288440473,0.015043918565888045,0.753243356426928
IN.ADM2.00232,barley,Rabi,cleaned,9,0.12265365288440473,0.015043918565888045,0.753243356426928
IN.ADM2.00233,barley,Rabi,full,9,0.546836887208197,0.29903058121155035,0.1276113344294313
IN.ADM2.00233,barley,Rabi,cleaned,9,0.546836887208197,0.29903058121155035,0.1276113344294313
IN.ADM2.00235,barley,Rabi,full,9,0.1457044908119074,0.021229798642757206,0.7083745179986765
IN.ADM2.00235,barley,Rabi,cleaned,9,0.1457044908119074,0.021229798642757206,0.7083745179986765
IN.ADM2.00236,barley,Rabi,full,9,0.36077526946550925,0.1301587950579108,0.3401572266362354
IN.ADM2.00236,barley,Rabi,cleaned,9,0.36077526946550925,0.1301587950579108,0.3401572266362354
IN.ADM2.00237,barley,Rabi,full,9,0.8502299192643389,0.7228909156122442,0.0036858103517861565
IN.ADM2.00237,barley,Rabi,cleaned,9,0.8502299192643389,0.7228909156122442,0.0036858103517861565
IN.ADM2.00238,barley,Rabi,full,9,0.6462794004586566,0.4176770634572006,0.06001419545634828
IN.ADM2.00238,barley,Rabi,cleaned,9,0.6462794004586566,0.4176770634572006,0.06001419545634828
IN.ADM2.00239,barley,Rabi,full,9,-0.019118092634398787,0.00036550146597745314,0.9610648022222023
IN.ADM2.00239,barley,Rabi,cleaned,9,-0.019118092634398787,0.00036550146597745314,0.9610648022222023
IN.ADM2.00241,barley,Rabi,full,9,0.275759224389789,0.076043149836058,0.47261995029980164
IN.ADM2.00241,barley,Rabi,cleaned,9,0.275759224389789,0.076043149836058,0.47261995029980164
IN.ADM2.00243,barley,Rabi,full,9,0.8281284875380662,0.6857967918720851,0.005832567370074334
IN.ADM2.00243,barley,Rabi,cleaned,9,0.8281284875380662,0.6857967918720851,0.005832567370074334
IN.ADM2.00244,barley,Rabi,full,9,0.3094561280270405,0.09576309517348806,0.4177471666703758
IN.ADM2.00244,barley,Rabi,cleaned,9,0.3094561280270405,0.09576309517348806,0.4177471666703758
IN.ADM2.00245,barley,Rabi,full,17,0.19489745344807913,0.03798501736054617,0.45349110073869003
IN.ADM2.00245,barley,Rabi,cleaned,17,0.19489745344807913,0.03798501736054617,0.45349110073869003
IN.ADM2.00246,barley,Rabi,full,9,0.5759343564596306,0.3317003829505689,0.10460165948136797
IN.ADM2.00246,barley,Rabi,cleaned,9,0.5759343564596306,0.3317003829505689,0.10460165948136797
IN.ADM2.00248,barley,Rabi,full,9,0.37995245334451877,0.14436386680251873,0.31314199955820066
IN.ADM2.00248,barley,Rabi,cleaned,9,0.37995245334451877,0.14436386680251873,0.31314199955820066
IN.ADM2.00297,barley,Rabi,full,12,0.4211636903907644,0.17737885410356766,0.17272897258488
IN.ADM2.00297,barley,Rabi,cleaned,12,0.4211636903907644,0.17737885410356766,0.17272897258488
IN.ADM2.00300,barley,Rabi,full,12,0.21552062471303707,0.04644913967669776,0.5011219012282775
IN.ADM2.00300,barley,Rabi,cleaned,9,0.42760262708238167,0.18284400668775436,0.250946470970343
IN.ADM2.00302,barley,Rabi,full,12,0.1930926673493928,0.03728477818410326,0.5476553705735888
IN.ADM2.00302,barley,Rabi,cleaned,8,0.44710398397828244,0.19990197248925223,0.2667012533248133
IN.ADM2.00324,barley,Rabi,full,17,0.5891575049285313,0.3471065656136123,0.012824576657158079
IN.ADM2.00324,barley,Rabi,cleaned,17,0.5891575049285313,0.3471065656136123,0.012824576657158079
IN.ADM2.00329,barley,Rabi,full,17,0.21918949343742583,0.04804403403335534,0.39796935969682007
IN.ADM2.00329,barley,Rabi,cleaned,17,0.21918949343742583,0.04804403403335534,0.39796935969682007
IN.ADM2.00332,barley,Rabi,full,17,-0.07236131919775322,0.005236160516039129,0.7825562979011329
IN.ADM2.00332,barley,Rabi,cleaned,17,-0.07236131919775322,0.005236160516039129,0.7825562979011329
IN.ADM2.00333,barley,Rabi,full,17,0.31026196520927013,0.09626248705551835,0.22551416532915394
IN.ADM2.00333,barley,Rabi,cleaned,17,0.31026196520927013,0.09626248705551835,0.22551416532915394
IN.ADM2.00334,barley,Rabi,full,17,0.013168510595770235,0.00017340967131091294,0.959993893834841
IN.ADM2.00334,barley,Rabi,cleaned,17,0.013168510595770235,0.00017340967131091294,0.959993893834841
IN.ADM2.00335,barley,Rabi,full,17,0.4426416408778055,0.19593162223899613,0.07519195598252847
IN.ADM2.00335,barley,Rabi,cleaned,17,0.4426416408778055,0.19593162223899613,0.07519195598252847
IN.ADM2.00336,barley,Rabi,full,17,-0.003793125874549883,1.4387803900179816e-05,0.9884724636688117
IN.ADM2.00336,barley,Rabi,cleaned,17,-0.003793125874549883,1.4387803900179816e-05,0.9884724636688117
IN.ADM2.00337,barley,Rabi,full,17,-0.13493523476199318,0.018207517580274214,0.6056121698756881
IN.ADM2.00337,barley,Rabi,cleaned,17,-0.13493523476199318,0.018207517580274214,0.6056121698756881
IN.ADM2.00338,barley,Rabi,full,17,0.5769503096910366,0.332871659852583,0.01531835500471446
IN.ADM2.00338,barley,Rabi,cleaned,17,0.5769503096910366,0.332871659852583,0.01531835500471446
IN.ADM2.00339,barley,Rabi,full,17,0.1937853029009925,0.03755274362042941,0.45612278138875684
IN.ADM2.00339,barley,Rabi,cleaned,17,0.1937853029009925,0.03755274362042941,0.45612278138875684
IN.ADM2.00340,barley,Rabi,full,17,0.18565483832753799,0.034467718994424267,0.47559331225038814
IN.ADM2.00340,barley,Rabi,cleaned,17,0.18565483832753799,0.034467718994424267,0.47559331225038814
IN.ADM2.00343,barley,Rabi,full,17,0.03075849927184483,0.0009460852774560789,0.9067114885158694
IN.ADM2.00343,barley,Rabi,cleaned,16,0.15505577991548544,0.024042294885199458,0.5663750204158983
IN.ADM2.00344,barley,Rabi,full,17,-0.06902177171522171,0.00476400497070818,0.7923804621576163
IN.ADM2.00344,barley,Rabi,cleaned,17,-0.06902177171522171,0.00476400497070818,0.7923804621576163
IN.ADM2.00347,barley,Rabi,full,17,-0.11658290528144094,0.01359157380386143,0.6558898863012467
IN.ADM2.00347,barley,Rabi,cleaned,16,0.07469358570516521,0.0055791317454948605,0.7833761522726386
IN.ADM2.00348,barley,Rabi,full,17,0.06786676520664056,0.004605897819613278,0.7957851834693715
IN.ADM2.00348,barley,Rabi,cleaned,16,-0.011388029877563155,0.0001296872244922711,0.9666119284234258
IN.ADM2.00349,barley,Rabi,full,17,0.043549041260298765,0.0018965189946912042,0.8681898874712222
IN.ADM2.00349,barley,Rabi,cleaned,17,0.043549041260298765,0.0018965189946912042,0.8681898874712222
IN.ADM2.00350,barley,Rabi,full,17,-0.21942989560444692,0.04814947908497848,0.3974390318393659
IN.ADM2.00350,barley,Rabi,cleaned,17,-0.21942989560444692,0.04814947908497848,0.3974390318393659
IN.ADM2.00351,barley,Rabi,full,17,-0.0044707792010285005,1.9987866664349038e-05,0.9864131995442396
IN.ADM2.00351,barley,Rabi,cleaned,17,-0.0044707792010285005,1.9987866664349038e-05,0.9864131995442396
IN.ADM2.00357,barley,Rabi,full,17,-0.0369749084510834,0.0013671438549659987,0.8879596532005627
IN.ADM2.00357,barley,Rabi,cleaned,17,-0.0369749084510834,0.0013671438549659987,0.8879596532005627
IN.ADM2.00360,barley,Rabi,full,17,0.393032812704826,0.15447479186266683,0.11860296833776623
IN.ADM2.00360,barley,Rabi,cleaned,17,0.393032812704826,0.15447479186266683,0.11860296833776623
IN.ADM2.00361,barley,Rabi,full,17,-0.4615885233591198,0.2130639648968527,0.062161135007925424
IN.ADM2.00361,barley,Rabi,cleaned,17,-0.4615885233591198,0.2130639648968527,0.062161135007925424
IN.ADM2.00363,barley,Rabi,full,17,0.6027129406984466,0.36326288888536923,0.010443705988937471
IN.ADM2.00363,barley,Rabi,cleaned,17,0.6027129406984466,0.36326288888536923,0.010443705988937471
IN.ADM2.00388,barley,Rabi,full,17,-0.034106214693246165,0.0011632338807018006,0.8966066857630115
IN.ADM2.00388,barley,Rabi,cleaned,16,0.1549385891472731,0.024005966406947493,0.5666720387539931
IN.ADM2.00390,barley,Rabi,full,17,0.4575098072609396,0.2093152237399421,0.06481343653074187
IN.ADM2.00390,barley,Rabi,cleaned,17,0.4575098072609396,0.2093152237399421,0.06481343653074187
IN.ADM2.00391,barley,Rabi,full,17,-0.029605625675094886,0.0008764930716138376,0.9101945524091064
IN.ADM2.00391,barley,Rabi,cleaned,16,0.14711006304676671,0.021641370649623678,0.5866616077973384
IN.ADM2.00392,barley,Rabi,full,17,0.39933771887932834,0.15947061371974547,0.1122868980242219
IN.ADM2.00392,barley,Rabi,cleaned,16,0.6712152193468707,0.4505298706828677,0.004416372618182103
IN.ADM2.00393,barley,Rabi,full,17,0.08516355005186287,0.007252830257436151,0.7451938128150606
IN.ADM2.00393,barley,Rabi,cleaned,17,0.08516355005186287,0.007252830257436151,0.7451938128150606
IN.ADM2.00394,barley,Rabi,full,17,0.35752630132521923,0.12782505613929146,0.15885948764536822
IN.ADM2.00394,barley,Rabi,cleaned,16,0.6094183879164871,0.3713907715307299,0.012207195153245795
IN.ADM2.00395,barley,Rabi,full,17,0.6736581160445938,0.4538152573127514,0.0030290309397199336
IN.ADM2.00395,barley,Rabi,cleaned,17,0.6736581160445938,0.4538152573127514,0.0030290309397199336
IN.ADM2.00396,barley,Rabi,full,17,0.09437526265457474,0.00890669020111997,0.7186334442189485
IN.ADM2.00396,barley,Rabi,cleaned,17,0.09437526265457474,0.00890669020111997,0.7186334442189485
IN.ADM2.00398,barley,Rabi,full,17,0.3951074374544252,0.15610988713180254,0.11649778961608129
IN.ADM2.00398,barley,Rabi,cleaned,17,0.3951074374544252,0.15610988713180254,0.11649778961608129
IN.ADM2.00399,barley,Rabi,full,17,-0.148165619568753,0.021953050822192437,0.5703623441580009
IN.ADM2.00399,barley,Rabi,cleaned,16,0.0033480716410702327,1.1209583713738722e-05,0.9901816076818306
IN.ADM2.00400,barley,Rabi,full,17,-0.01595814094896704,0.00025466226254709865,0.9515274927359215
IN.ADM2.00400,barley,Rabi,cleaned,16,0.23393380414279275,0.05472502472071852,0.3831961032364122
IN.ADM2.00401,barley,Rabi,full,17,-0.1868080486103717,0.034897247025614996,0.4728070737961068
IN.ADM2.00401,barley,Rabi,cleaned,17,-0.1868080486103717,0.034897247025614996,0.4728070737961068
IN.ADM2.00402,barley,Rabi,full,17,0.24096090941249984,0.05806215986489895,0.35151099468376434
IN.ADM2.00402,barley,Rabi,cleaned,17,0.24096090941249984,0.05806215986489895,0.35151099468376434
IN.ADM2.00403,barley,Rabi,full,17,0.4454409242038184,0.1984176169555519,0.0731509346452354
IN.ADM2.00403,barley,Rabi,cleaned,17,0.4454409242038184,0.1984176169555519,0.0731509346452354
IN.ADM2.00405,barley,Rabi,full,17,-0.24043881781799786,0.057810825113716366,0.3525875115606188
IN.ADM2.00405,barley,Rabi,cleaned,17,-0.24043881781799786,0.057810825113716366,0.3525875115606188
IN.ADM2.00406,barley,Rabi,full,17,0.11647022648535169,0.013565313657549117,0.6562032160214446
IN.ADM2.00406,barley,Rabi,cleaned,16,0.24106023298320672,0.05811003592591791,0.3684445798532403
IN.ADM2.00409,barley,Rabi,full,17,-0.04592211797406218,0.0021088409192236844,0.8610710646684588
IN.ADM2.00409,barley,Rabi,cleaned,17,-0.04592211797406218,0.0021088409192236844,0.8610710646684588
IN.ADM2.00410,barley,Rabi,full,17,-0.18911089769500367,0.03576293162701014,0.467267413551997
IN.ADM2.00410,barley,Rabi,cleaned,16,-0.05711359822750761,0.0032619631024931608,0.8335950577530558
IN.ADM2.00412,barley,Rabi,full,17,-0.0477327090829672,0.0022784115163991796,0.8556463673537104
IN.ADM2.00412,barley,Rabi,cleaned,17,-0.0477327090829672,0.0022784115163991796,0.8556463673537104
IN.ADM2.00413,barley,Rabi,full,17,0.3012998153709312,0.09078157874255723,0.23990388927251327
IN.ADM2.00413,barley,Rabi,cleaned,17,0.3012998153709312,0.09078157874255723,0.23990388927251327
IN.ADM2.00414,barley,Rabi,full,17,0.13699257013597774,0.01876696427246078,0.6000737766472793
IN.ADM2.00414,barley,Rabi,cleaned,17,0.13699257013597774,0.01876696427246078,0.6000737766472793
IN.ADM2.00416,barley,Rabi,full,17,-0.11335758475868438,0.012849942022322312,0.6648799138267163
IN.ADM2.00416,barley,Rabi,cleaned,16,-0.17908932825404503,0.03207298749448509,0.5069168596000293
IN.ADM2.00417,barley,Rabi,full,17,-0.1461413260552419,0.02135728718118453,0.5756984714772024
IN.ADM2.00417,barley,Rabi,cleaned,17,-0.1461413260552419,0.02135728718118453,0.5756984714772024
IN.ADM2.00418,barley,Rabi,full,17,0.30249289505115456,0.0915019515564288,0.23795562292875558
IN.ADM2.00418,barley,Rabi,cleaned,17,0.30249289505115456,0.0915019515564288,0.23795562292875558
IN.ADM2.00419,barley,Rabi,full,17,-0.21487965203817222,0.04617326486004597,0.4075414709539659
IN.ADM2.00419,barley,Rabi,cleaned,17,-0.21487965203817222,0.04617326486004597,0.4075414709539659
IN.ADM2.00420,barley,Rabi,full,17,-0.1845157263120511,0.034046053256463746,0.4783533848287142
IN.ADM2.00420,barley,Rabi,cleaned,16,-0.06682448828968503,0.0044655122351782515,0.8057679019976594
IN.ADM2.00421,barley,Rabi,full,14,0.3305835460979818,0.10928548095071645,0.24832215128526788
IN.ADM2.00421,barley,Rabi,cleaned,14,0.3305835460979818,0.10928548095071645,0.24832215128526788
IN.ADM2.00422,barley,Rabi,full,17,0.6640063980603859,0.4409044966651276,0.003650851858888248
IN.ADM2.00422,barley,Rabi,cleaned,17,0.6640063980603859,0.4409044966651276,0.003650851858888248
IN.ADM2.00423,barley,Rabi,full,17,0.19810594285474534,0.039245964594367626,0.4459420764367856
IN.ADM2.00423,barley,Rabi,cleaned,16,0.05358237350383984,0.0028710707503049977,0.8437618358018562
IN.ADM2.00424,barley,Rabi,full,17,0.4795332948096353,0.2299521808309846,0.051437516642268644
IN.ADM2.00424,barley,Rabi,cleaned,17,0.4795332948096353,0.2299521808309846,0.051437516642268644
IN.ADM2.00425,barley,Rabi,full,17,0.1339276437940911,0.017936613772236952,0.6083320833181445
IN.ADM2.00425,barley,Rabi,cleaned,16,-0.04412549540390126,0.0019470593446397112,0.8710992561454816
IN.ADM2.00426,barley,Rabi,full,17,0.26105838427911104,0.06815148000242001,0.31150200236425657
IN.ADM2.00426,barley,Rabi,cleaned,17,0.26105838427911104,0.06815148000242001,0.31150200236425657
IN.ADM2.00427,barley,Rabi,full,17,-0.1506016539940147,0.022680858185732927,0.5639690164772544
IN.ADM2.00427,barley,Rabi,cleaned,16,0.07873308260323442,0.006198898296207734,0.7719421248113651
IN.ADM2.00429,barley,Rabi,full,17,0.5324721371232563,0.2835265768126078,0.02777493138334197
IN.ADM2.00429,barley,Rabi,cleaned,16,0.7079639436102139,0.501212945452126,0.0021502163350078443
IN.ADM2.00433,barley,Rabi,full,17,-0.1355822255616123,0.01838253988823992,0.6038682459111343
IN.ADM2.00433,barley,Rabi,cleaned,16,-0.004482201351912546,2.0090128959086654e-05,0.9868559474142733
IN.ADM2.00436,barley,Rabi,full,17,-0.13912946777760776,0.019357008804080398,0.5943430578602559
IN.ADM2.00436,barley,Rabi,cleaned,17,-0.13912946777760776,0.019357008804080398,0.5943430578602559
IN.ADM2.00437,barley,Rabi,full,17,0.43779451854499923,0.1916640404680477,0.07882402719109598
IN.ADM2.00437,barley,Rabi,cleaned,17,0.43779451854499923,0.1916640404680477,0.07882402719109598
IN.ADM2.00438,barley,Rabi,full,17,0.2553517577343235,0.06520452017800864,0.3225774138435842
IN.ADM2.00438,barley,Rabi,cleaned,17,0.2553517577343235,0.06520452017800864,0.3225774138435842
IN.ADM2.00439,barley,Rabi,full,17,0.14075734381656507,0.01981262983829471,0.5899925425421368
IN.ADM2.00439,barley,Rabi,cleaned,17,0.14075734381656507,0.01981262983829471,0.5899925425421368
IN.ADM2.00440,barley,Rabi,full,13,-0.26633814684552654,0.07093600846510925,0.37908669574060355
IN.ADM2.00440,barley,Rabi,cleaned,13,-0.26633814684552654,0.07093600846510925,0.37908669574060355
IN.ADM2.00441,barley,Rabi,full,17,-0.23874282848078568,0.05699813815100585,0.3560973952556139
IN.ADM2.00441,barley,Rabi,cleaned,17,-0.23874282848078568,0.05699813815100585,0.3560973952556139
IN.ADM2.00442,barley,Rabi,full,17,-0.0015005361572454062,2.25160875920081e-06,0.9954396609863186
IN.ADM2.00442,barley,Rabi,cleaned,16,0.1779345734191823,0.03166071241786638,0.5097052681666718
IN.ADM2.00443,barley,Rabi,full,17,0.23130379763763279,0.053501446801590975,0.37172405071589204
IN.ADM2.00443,barley,Rabi,cleaned,17,0.23130379763763279,0.053501446801590975,0.37172405071589204
IN.ADM2.00444,barley,Rabi,full,17,0.26241680767021974,0.0688625809478291,0.3088991081239032
IN.ADM2.00444,barley,Rabi,cleaned,16,-0.0037819229096302635,1.4302940894386239e-05,0.9889093851325048
IN.ADM2.00445,barley,Rabi,full,17,0.6413754908060653,0.4113625202067211,0.005520914726029521
IN.ADM2.00445,barley,Rabi,cleaned,17,0.6413754908060653,0.4113625202067211,0.005520914726029521
IN.ADM2.00448,barley,Rabi,full,17,0.06968045511301646,0.0048553658247571015,0.7904403822162517
IN.ADM2.00448,barley,Rabi,cleaned,16,-0.09447573634136164,0.00892566475724248,0.7278190836833367
IN.ADM2.00449,barley,Rabi,full,17,-0.13904933427335195,0.019334717361862368,0.5945575542774301
IN.ADM2.00449,barley,Rabi,cleaned,17,-0.13904933427335195,0.019334717361862368,0.5945575542774301
IN.ADM2.00453,barley,Rabi,full,15,0.17559456779848637,0.030833452240337227,0.5313349020309274
IN.ADM2.00453,barley,Rabi,cleaned,15,0.17559456779848637,0.030833452240337227,0.5313349020309274
IN.ADM2.00458,barley,Rabi,full,13,0.030945385589563654,0.0009576168892867739,0.9200622748440022
IN.ADM2.00458,barley,Rabi,cleaned,12,-0.1801622674904459,0.032458442627298974,0.5752680460496609
IN.ADM2.00460,barley,Rabi,full,17,0.2763609212271603,0.07637535878152471,0.2829296350091639
IN.ADM2.00460,barley,Rabi,cleaned,17,0.2763609212271603,0.07637535878152471,0.2829296350091639
IN.ADM2.00463,barley,Rabi,full,17,-0.037336423510569705,0.0013940085205606221,0.8868707750141567
IN.ADM2.00463,barley,Rabi,cleaned,17,-0.037336423510569705,0.0013940085205606221,0.8868707750141567
IN.ADM2.00470,barley,Rabi,full,17,-0.16259370745031398,0.02643671370243829,0.5329568253863729
IN.ADM2.00470,barley,Rabi,cleaned,17,-0.16259370745031398,0.02643671370243829,0.5329568253863729
IN.ADM2.00471,barley,Rabi,full,17,0.29825122993535946,0.08895379615795466,0.24492775512697265
IN.ADM2.00471,barley,Rabi,cleaned,17,0.29825122993535946,0.08895379615795466,0.24492775512697265
IN.ADM2.00479,barley,Rabi,full,17,0.3141074209157496,0.09866347187434389,0.21951300063612214
IN.ADM2.00479,barley,Rabi,cleaned,17,0.3141074209157496,0.09866347187434389,0.21951300063612214
IN.ADM2.00482,barley,Rabi,full,17,0.08993974368649502,0.00808915749439242,0.7313865388083552
IN.ADM2.00482,barley,Rabi,cleaned,17,0.08993974368649502,0.00808915749439242,0.7313865388083552
IN.ADM2.00483,barley,Rabi,full,16,0.39514346581356335,0.1561383585751547,0.12982341190153832
IN.ADM2.00483,barley,Rabi,cleaned,16,0.39514346581356335,0.1561383585751547,0.12982341190153832
IN.ADM2.00485,barley,Rabi,full,9,0.3882084288850505,0.15070578425739933,0.30185682352046805
IN.ADM2.00485,barley,Rabi,cleaned,9,0.3882084288850505,0.15070578425739933,0.30185682352046805
IN.ADM2.00488,barley,Rabi,full,17,-0.225374863783543,0.05079382922545056,0.38444638034703926
IN.ADM2.00488,barley,Rabi,cleaned,17,-0.225374863783543,0.05079382922545056,0.38444638034703926
IN.ADM2.00489,barley,Rabi,full,17,-0.023373725135259576,0.0005463310266986652,0.9290476485588076
IN.ADM2.00489,barley,Rabi,cleaned,17,-0.023373725135259576,0.0005463310266986652,0.9290476485588076
IN.ADM2.00491,barley,Rabi,full,17,0.3782927607264652,0.14310541281805067,0.13433285493867717
IN.ADM2.00491,barley,Rabi,cleaned,17,0.3782927607264652,0.14310541281805067,0.13433285493867717
IN.ADM2.00494,barley,Rabi,full,17,0.43044660712919464,0.18528428158903523,0.08457118688637762
IN.ADM2.00494,barley,Rabi,cleaned,17,0.43044660712919464,0.18528428158903523,0.08457118688637762
IN.ADM2.00495,barley,Rabi,full,17,0.2106825550385042,0.044387138997552346,0.4169800424700603
IN.ADM2.00495,barley,Rabi,cleaned,17,0.2106825550385042,0.044387138997552346,0.4169800424700603
IN.ADM2.00498,barley,Rabi,full,5,0.703922430527203,0.495506788199325,0.18456347273694906
IN.ADM2.00510,barley,Rabi,full,17,0.2442854744699313,0.05967539303699945,0.3446998323872383
IN.ADM2.00510,barley,Rabi,cleaned,13,0.09530814070546262,0.00908364168473226,0.7567749530215946
IN.ADM2.00511,barley,Rabi,full,17,0.01079062979391232,0.00011643769134926825,0.9672138804035917
IN.ADM2.00511,barley,Rabi,cleaned,9,0.2009604993773794,0.040385122310005704,0.6041352865679168
IN.ADM2.00512,barley,Rabi,full,16,-0.26840339700638655,0.07204038352456794,0.3148362906054216
IN.ADM2.00512,barley,Rabi,cleaned,12,-0.2608030639338722,0.06801823815729544,0.41293789501625916
IN.ADM2.00514,barley,Rabi,full,17,-0.09450209952311309,0.00893064681427637,0.71826977317444
IN.ADM2.00514,barley,Rabi,cleaned,17,-0.09450209952311309,0.00893064681427637,0.71826977317444
IN.ADM2.00540,barley,Rabi,full,7,0.5564009294048966,0.3095819942426327,0.19457033604578144
IN.ADM2.00540,barley,Rabi,cleaned,7,0.5564009294048966,0.3095819942426327,0.19457033604578144
IN.ADM2.00541,barley,Rabi,full,7,0.29182852564609324,0.0851638883807725,0.525400306871044
IN.ADM2.00541,barley,Rabi,cleaned,7,0.29182852564609324,0.0851638883807725,0.525400306871044
IN.ADM2.00554,barley,Rabi,full,17,0.16752094048350302,0.02806326550047736,0.5204433621064448
IN.ADM2.00554,barley,Rabi,cleaned,17,0.16752094048350302,0.02806326550047736,0.5204433621064448
IN.ADM2.00555,barley,Rabi,full,17,0.4451736627349979,0.19817958999289367,0.07334402980768881
IN.ADM2.00555,barley,Rabi,cleaned,17,0.4451736627349979,0.19817958999289367,0.07334402980768881
IN.ADM2.00556,barley,Rabi,full,17,0.8187610736776826,0.6703696957698315,5.846038684129845e-05
IN.ADM2.00556,barley,Rabi,cleaned,17,0.8187610736776826,0.6703696957698315,5.846038684129845e-05
IN.ADM2.00562,barley,Rabi,full,9,0.35351110982784373,0.12497010477171379,0.35067835237311346
IN.ADM2.00562,barley,Rabi,cleaned,5,0.45394375707704115,0.20606493458921976,0.4425349212109677
IN.ADM2.00571,barley,Rabi,full,17,0.3428327256179835,0.11753427775465557,0.1779410229260562
IN.ADM2.00571,barley,Rabi,cleaned,17,0.3428327256179835,0.11753427775465557,0.1779410229260562
IN.ADM2.00572,barley,Rabi,full,17,0.2606747689229182,0.0679513351530168,0.31223939125381867
IN.ADM2.00572,barley,Rabi,cleaned,17,0.2606747689229182,0.0679513351530168,0.31223939125381867
IN.ADM2.00573,barley,Rabi,full,17,0.6635791075622893,0.4403372319931643,0.003680607379299484
IN.ADM2.00573,barley,Rabi,cleaned,17,0.6635791075622893,0.4403372319931643,0.003680607379299484
IN.ADM2.00575,barley,Rabi,full,17,0.5248660900487621,0.2754844124830752,0.0305204825086108
IN.ADM2.00575,barley,Rabi,cleaned,17,0.5248660900487621,0.2754844124830752,0.0305204825086108
IN.ADM2.00003,sesamum,Kharif,full,14,-0.22836508802087638,0.052150613426782615,0.43230050573134354
IN.ADM2.00003,sesamum,Kharif,cleaned,14,-0.22836508802087638,0.052150613426782615,0.43230050573134354
IN.ADM2.00005,sesamum,Kharif,full,15,0.30076984782217486,0.09046250135897423,0.27602528176442465
IN.ADM2.00005,sesamum,Kharif,cleaned,15,0.30076984782217486,0.09046250135897423,0.27602528176442465
IN.ADM2.00008,sesamum,Kharif,full,16,0.19302592182699607,0.0372590064971616,0.47383570321030777
IN.ADM2.00008,sesamum,Kharif,cleaned,16,0.19302592182699607,0.0372590064971616,0.47383570321030777
IN.ADM2.00010,sesamum,Kharif,full,16,0.30809724779302267,0.0949239140976352,0.24566772748323196
IN.ADM2.00010,sesamum,Kharif,cleaned,16,0.30809724779302267,0.0949239140976352,0.24566772748323196
IN.ADM2.00013,sesamum,Kharif,full,14,-0.3772723067717264,0.14233439345685964,0.18358498739318027
IN.ADM2.00013,sesamum,Kharif,cleaned,13,-0.3964454763919853,0.15716901575166817,0.17987939389931518
IN.ADM2.00014,sesamum,Kharif,full,14,0.4349263469683677,0.18916092728724895,0.12014126225626515
IN.ADM2.00014,sesamum,Kharif,cleaned,14,0.4349263469683677,0.18916092728724895,0.12014126225626515
IN.ADM2.00016,sesamum,Kharif,full,15,0.26830523340020196,0.07198769826993685,0.3336045488600072
IN.ADM2.00016,sesamum,Kharif,cleaned,15,0.26830523340020196,0.07198769826993685,0.3336045488600072
IN.ADM2.00018,sesamum,Kharif,full,8,0.46896203054581553,0.21992538609365442,0.24111112396163636
IN.ADM2.00018,sesamum,Kharif,cleaned,8,0.46896203054581553,0.21992538609365442,0.24111112396163636
IN.ADM2.00021,sesamum,Kharif,full,16,-0.482123706351644,0.23244326822624622,0.058596325185335515
IN.ADM2.00021,sesamum,Kharif,cleaned,16,-0.482123706351644,0.23244326822624622,0.058596325185335515
IN.ADM2.00037,sesamum,Kharif,full,16,0.06625316391614469,0.004389481728899537,0.8073993590006601
IN.ADM2.00037,sesamum,Kharif,cleaned,16,0.06625316391614469,0.004389481728899537,0.8073993590006601
IN.ADM2.00039,sesamum,Kharif,full,16,-0.10904751449318892,0.011891360417142248,0.6876768354154593
IN.ADM2.00039,sesamum,Kharif,cleaned,16,-0.10904751449318892,0.011891360417142248,0.6876768354154593
IN.ADM2.00042,sesamum,Kharif,full,16,0.046487698619089426,0.002161106122899289,0.8642567196939519
IN.ADM2.00042,sesamum,Kharif,cleaned,16,0.046487698619089426,0.002161106122899289,0.8642567196939519
IN.ADM2.00043,sesamum,Kharif,full,16,-0.050633150744146996,0.0025637159542795133,0.8522707914462396
IN.ADM2.00043,sesamum,Kharif,cleaned,16,-0.050633150744146996,0.0025637159542795133,0.8522707914462396
IN.ADM2.00052,sesamum,Kharif,full,16,0.1932652966872204,0.03735147490359932,0.47327689138246715
IN.ADM2.00052,sesamum,Kharif,cleaned,16,0.1932652966872204,0.03735147490359932,0.47327689138246715
IN.ADM2.00053,sesamum,Kharif,full,16,0.02294932776571159,0.0005266716448980609,0.9327692426572578
IN.ADM2.00053,sesamum,Kharif,cleaned,14,-0.03331846290366827,0.0011101199702631189,0.9099725347464818
IN.ADM2.00058,sesamum,Kharif,full,16,0.10173732374456176,0.01035048304270577,0.7077246946315907
IN.ADM2.00058,sesamum,Kharif,cleaned,16,0.10173732374456176,0.01035048304270577,0.7077246946315907
IN.ADM2.00060,sesamum,Kharif,full,13,-0.0494002849898476,0.0024403881570781625,0.8726730346822079
IN.ADM2.00060,sesamum,Kharif,cleaned,13,-0.0494002849898476,0.0024403881570781625,0.8726730346822079
IN.ADM2.00061,sesamum,Kharif,full,15,-0.30382720780103445,0.09231097220017297,0.27093190830176944
IN.ADM2.00061,sesamum,Kharif,cleaned,14,-0.09008851083679059,0.008115939784790535,0.7593944009255404
IN.ADM2.00065,sesamum,Kharif,full,10,-0.3315039130061651,0.10989484433839908,0.3494099183847393
IN.ADM2.00065,sesamum,Kharif,cleaned,6,-0.57593962061855,0.3317064465982393,0.23161201157743372
IN.ADM2.00069,sesamum,Kharif,full,15,-0.4528855724035426,0.20510534169128442,0.09003237485475808
IN.ADM2.00069,sesamum,Kharif,cleaned,15,-0.4528855724035426,0.20510534169128442,0.09003237485475808
IN.ADM2.00072,sesamum,Kharif,full,6,0.2804193577682733,0.07863501621117086,0.5903963537196071
IN.ADM2.00072,sesamum,Kharif,cleaned,6,0.2804193577682733,0.07863501621117086,0.5903963537196071
IN.ADM2.00075,sesamum,Kharif,full,15,0.1204676947622787,0.01451246548133755,0.6689016645569975
IN.ADM2.00075,sesamum,Kharif,cleaned,15,0.1204676947622787,0.01451246548133755,0.6689016645569975
IN.ADM2.00078,sesamum,Kharif,full,15,0.28040715508739517,0.07862817262420649,0.31139739999039706
IN.ADM2.00078,sesamum,Kharif,cleaned,15,0.28040715508739517,0.07862817262420649,0.31139739999039706
IN.ADM2.00083,sesamum,Kharif,full,15,-0.2135060599606271,0.0455848376399109,0.44484155926553737
IN.ADM2.00083,sesamum,Kharif,cleaned,15,-0.2135060599606271,0.0455848376399109,0.44484155926553737
IN.ADM2.00084,sesamum,Kharif,full,8,-0.2523510991413218,0.06368107723783323,0.5465454185553884
IN.ADM2.00084,sesamum,Kharif,cleaned,8,-0.2523510991413218,0.06368107723783323,0.5465454185553884
IN.ADM2.00090,sesamum,Kharif,full,14,-0.28971625315901994,0.08393550734450134,0.3150332398293608
IN.ADM2.00090,sesamum,Kharif,cleaned,14,-0.28971625315901994,0.08393550734450134,0.3150332398293608
IN.ADM2.00092,sesamum,Kharif,full,14,-0.3436134305349947,0.11807018964402764,0.22902484203180298
IN.ADM2.00092,sesamum,Kharif,cleaned,14,-0.3436134305349947,0.11807018964402764,0.22902484203180298
IN.ADM2.00097,sesamum,Kharif,full,15,-0.3506588863262867,0.12296165455959167,0.20004043184668766
IN.ADM2.00097,sesamum,Kharif,cleaned,15,-0.3506588863262867,0.12296165455959167,0.20004043184668766
IN.ADM2.00100,sesamum,Kharif,full,15,0.04655267832960419,0.0021671518596595996,0.8691454302222267
IN.ADM2.00100,sesamum,Kharif,cleaned,14,0.10762632190268243,0.011583425166299819,0.7141993196966854
IN.ADM2.00101,sesamum,Kharif,full,15,0.2835357260364734,0.08039250793903012,0.3057995144415174
IN.ADM2.00101,sesamum,Kharif,cleaned,15,0.2835357260364734,0.08039250793903012,0.3057995144415174
IN.ADM2.00109,sesamum,Kharif,full,16,0.43044229974473747,0.1852805734095384,0.09604976943375275
IN.ADM2.00109,sesamum,Kharif,cleaned,15,0.1924607207948529,0.03704112904887433,0.49195731492566935
IN.ADM2.00110,sesamum,Kharif,full,16,0.5401979671449714,0.2918138437075596,0.030760595597835796
IN.ADM2.00110,sesamum,Kharif,cleaned,16,0.5401979671449714,0.2918138437075596,0.030760595597835796
IN.ADM2.00111,sesamum,Kharif,full,16,0.0051281045675616865,2.6297456455847033e-05,0.9849620233373434
IN.ADM2.00111,sesamum,Kharif,cleaned,15,0.12442506942190983,0.01548159790064708,0.6586241406145706
IN.ADM2.00112,sesamum,Kharif,full,16,0.4202266153732125,0.17659040826802586,0.1050976722472782
IN.ADM2.00112,sesamum,Kharif,cleaned,16,0.4202266153732125,0.17659040826802586,0.1050976722472782
IN.ADM2.00113,sesamum,Kharif,full,16,0.24722306579181708,0.061119244259505115,0.3559450402595312
IN.ADM2.00113,sesamum,Kharif,cleaned,16,0.24722306579181708,0.061119244259505115,0.3559450402595312
IN.ADM2.00114,sesamum,Kharif,full,16,0.7396221051452421,0.5470408584194795,0.0010572443966809144
IN.ADM2.00114,sesamum,Kharif,cleaned,15,0.643446796842694,0.4140237803671231,0.00965162619957485
IN.ADM2.00116,sesamum,Kharif,full,16,0.40234276550781073,0.16187970095647317,0.12235298036390882
IN.ADM2.00116,sesamum,Kharif,cleaned,16,0.40234276550781073,0.16187970095647317,0.12235298036390882
IN.ADM2.00117,sesamum,Kharif,full,16,0.10473528660747454,0.010969480260749835,0.6994802910956821
IN.ADM2.00117,sesamum,Kharif,cleaned,15,0.03083796004767433,0.0009509797799019582,0.9131245880382677
IN.ADM2.00120,sesamum,Kharif,full,16,0.7621232055213913,0.5808317803942009,0.0005996178739344313
IN.ADM2.00120,sesamum,Kharif,cleaned,15,0.6942484089626909,0.48198085334722773,0.0040837370078699925
IN.ADM2.00121,sesamum,Kharif,full,16,0.4233956019009907,0.17926383570910218,0.10222921265945686
IN.ADM2.00121,sesamum,Kharif,cleaned,16,0.4233956019009907,0.17926383570910218,0.10222921265945686
IN.ADM2.00126,sesamum,Kharif,full,12,0.15098227953960924,0.022795648734976706,0.6395060640959341
IN.ADM2.00126,sesamum,Kharif,cleaned,12,0.15098227953960924,0.022795648734976706,0.6395060640959341
IN.ADM2.00129,sesamum,Kharif,full,15,-0.013273524968031785,0.0001761864650769632,0.9625532526382597
IN.ADM2.00129,sesamum,Kharif,cleaned,15,-0.013273524968031785,0.0001761864650769632,0.9625532526382597
IN.ADM2.00130,sesamum,Kharif,full,16,0.5613108194586839,0.3150698360413792,0.023674139669558024
IN.ADM2.00130,sesamum,Kharif,cleaned,16,0.5613108194586839,0.3150698360413792,0.023674139669558024
IN.ADM2.00132,sesamum,Kharif,full,14,-0.20678810359618388,0.04276131978890608,0.4781274989184029
IN.ADM2.00132,sesamum,Kharif,cleaned,13,-0.2716506579616075,0.07379407997097426,0.369285276149635
IN.ADM2.00134,sesamum,Kharif,full,7,0.5497856006518395,0.3022642066841039,0.20106445181787658
IN.ADM2.00141,sesamum,Kharif,full,14,-0.36309545145463434,0.13183830686704473,0.20195238808229932
IN.ADM2.00141,sesamum,Kharif,cleaned,14,-0.36309545145463434,0.13183830686704473,0.20195238808229932
IN.ADM2.00143,sesamum,Kharif,full,5,-0.36924483945247333,0.1363417514622828,0.5407759782800559
IN.ADM2.00147,sesamum,Kharif,full,14,0.5063337828020664,0.2563738996066502,0.06467154239310004
IN.ADM2.00147,sesamum,Kharif,cleaned,14,0.5063337828020664,0.2563738996066502,0.06467154239310004
IN.ADM2.00160,sesamum,Kharif,full,13,-0.0744198526458809,0.005538314467834626,0.8090733853605157
IN.ADM2.00167,sesamum,Kharif,full,11,0.3739052734008973,0.13980515347699976,0.257303936645719
IN.ADM2.00167,sesamum,Kharif,cleaned,11,0.3739052734008973,0.13980515347699976,0.257303936645719
IN.ADM2.00169,sesamum,Kharif,full,13,0.4623637499910085,0.2137802373057478,0.1116510655588348
IN.ADM2.00169,sesamum,Kharif,cleaned,12,0.08560051715355402,0.007327448536955896,0.7913870615276379
IN.ADM2.00170,sesamum,Kharif,full,15,0.2357169189381773,0.05556246587370725,0.3976975195224553
IN.ADM2.00170,sesamum,Kharif,cleaned,15,0.2357169189381773,0.05556246587370725,0.3976975195224553
IN.ADM2.00171,sesamum,Kharif,full,16,0.4001642841823069,0.16013145433513806,0.12458125374645579
IN.ADM2.00171,sesamum,Kharif,cleaned,16,0.4001642841823069,0.16013145433513806,0.12458125374645579
IN.ADM2.00172,sesamum,Kharif,full,16,0.08312576207606415,0.0069098923207264245,0.7595582041948901
IN.ADM2.00172,sesamum,Kharif,cleaned,16,0.08312576207606415,0.0069098923207264245,0.7595582041948901
IN.ADM2.00173,sesamum,Kharif,full,16,0.6205586972546546,0.3850930967383941,0.010318197378995685
IN.ADM2.00173,sesamum,Kharif,cleaned,16,0.6205586972546546,0.3850930967383941,0.010318197378995685
IN.ADM2.00174,sesamum,Kharif,full,16,0.7323630686078226,0.5363556642606663,0.0012546631090186878
IN.ADM2.00174,sesamum,Kharif,cleaned,16,0.7323630686078226,0.5363556642606663,0.0012546631090186878
IN.ADM2.00175,sesamum,Kharif,full,16,0.7419625150910907,0.5505083738002969,0.0009993087607194832
IN.ADM2.00175,sesamum,Kharif,cleaned,16,0.7419625150910907,0.5505083738002969,0.0009993087607194832
IN.ADM2.00179,sesamum,Kharif,full,16,0.5785630158285421,0.33473516328461783,0.018877351109106533
IN.ADM2.00179,sesamum,Kharif,cleaned,16,0.5785630158285421,0.33473516328461783,0.018877351109106533
IN.ADM2.00180,sesamum,Kharif,full,16,0.38530276448703654,0.14845822032135275,0.140534508881336
IN.ADM2.00180,sesamum,Kharif,cleaned,16,0.38530276448703654,0.14845822032135275,0.140534508881336
IN.ADM2.00181,sesamum,Kharif,full,16,0.6014892076359046,0.3617892669024684,0.013709509822839309
IN.ADM2.00181,sesamum,Kharif,cleaned,16,0.6014892076359046,0.3617892669024684,0.013709509822839309
IN.ADM2.00183,sesamum,Kharif,full,7,0.3238046376320378,0.10484944335201532,0.4786513786399122
IN.ADM2.00183,sesamum,Kharif,cleaned,7,0.3238046376320378,0.10484944335201532,0.4786513786399122
IN.ADM2.00185,sesamum,Kharif,full,16,0.5861315134381371,0.3435501510452811,0.017027888347555295
IN.ADM2.00185,sesamum,Kharif,cleaned,15,0.7752911661201978,0.6010763922640161,0.0006843857764048696
IN.ADM2.00186,sesamum,Kharif,full,16,0.5207429552573833,0.2711732254501932,0.03862285595719292
IN.ADM2.00186,sesamum,Kharif,cleaned,16,0.5207429552573833,0.2711732254501932,0.03862285595719292
IN.ADM2.00188,sesamum,Kharif,full,16,0.48128312553526553,0.23163344692499416,0.059102001981450505
IN.ADM2.00188,sesamum,Kharif,cleaned,16,0.48128312553526553,0.23163344692499416,0.059102001981450505
IN.ADM2.00199,sesamum,Kharif,full,11,-0.4316227191592249,0.18629817169440313,0.18498198615207728
IN.ADM2.00199,sesamum,Kharif,cleaned,11,-0.4316227191592249,0.18629817169440313,0.18498198615207728
IN.ADM2.00202,sesamum,Kharif,full,11,-0.6330137930681474,0.4007064622145234,0.03657048077847507
IN.ADM2.00202,sesamum,Kharif,cleaned,11,-0.6330137930681474,0.4007064622145234,0.03657048077847507
IN.ADM2.00205,sesamum,Kharif,full,5,0.43915860604609036,0.1928602812643452,0.45937853777956944
IN.ADM2.00205,sesamum,Kharif,cleaned,5,0.43915860604609036,0.1928602812643452,0.45937853777956944
IN.ADM2.00209,sesamum,Kharif,full,5,-0.323365394615451,0.10456517843480634,0.5955706557929054
IN.ADM2.00209,sesamum,Kharif,cleaned,5,-0.323365394615451,0.10456517843480634,0.5955706557929054
IN.ADM2.00211,sesamum,Kharif,full,5,0.696719233341894,0.48541769010851654,0.19111021918182786
IN.ADM2.00211,sesamum,Kharif,cleaned,5,0.696719233341894,0.48541769010851654,0.19111021918182786
IN.ADM2.00212,sesamum,Kharif,full,5,0.2977965416947501,0.08868278024535305,0.626514939506858
IN.ADM2.00212,sesamum,Kharif,cleaned,5,0.2977965416947501,0.08868278024535305,0.626514939506858
IN.ADM2.00213,sesamum,Kharif,full,5,0.8372635414700139,0.7010102378749097,0.0768537640035503
IN.ADM2.00213,sesamum,Kharif,cleaned,5,0.8372635414700139,0.7010102378749097,0.0768537640035503
IN.ADM2.00214,sesamum,Kharif,full,5,0.966177429742138,0.9334988257431241,0.007428961114226561
IN.ADM2.00214,sesamum,Kharif,cleaned,5,0.966177429742138,0.9334988257431241,0.007428961114226561
IN.ADM2.00215,sesamum,Kharif,full,5,-0.7951990948720475,0.6323416004853236,0.10777511650165633
IN.ADM2.00215,sesamum,Kharif,cleaned,5,-0.7951990948720475,0.6323416004853236,0.10777511650165633
IN.ADM2.00216,sesamum,Kharif,full,5,-0.08279317904206301,0.0068547104958911025,0.8947050067216621
IN.ADM2.00216,sesamum,Kharif,cleaned,5,-0.08279317904206301,0.0068547104958911025,0.8947050067216621
IN.ADM2.00218,sesamum,Kharif,full,5,0.049680538368532534,0.0024681558925872334,0.9367708042138858
IN.ADM2.00218,sesamum,Kharif,cleaned,5,0.049680538368532534,0.0024681558925872334,0.9367708042138858
IN.ADM2.00219,sesamum,Kharif,full,5,0.7696459753104985,0.5923549273116485,0.12803270387680943
IN.ADM2.00219,sesamum,Kharif,cleaned,5,0.7696459753104985,0.5923549273116485,0.12803270387680943
IN.ADM2.00220,sesamum,Kharif,full,5,0.43581169457861596,0.18993183313148485,0.4632105131808748
IN.ADM2.00220,sesamum,Kharif,cleaned,5,0.43581169457861596,0.18993183313148485,0.4632105131808748
IN.ADM2.00221,sesamum,Kharif,full,5,-0.3380469907855246,0.11427576797914854,0.5779294621203145
IN.ADM2.00221,sesamum,Kharif,cleaned,5,-0.3380469907855246,0.11427576797914854,0.5779294621203145
IN.ADM2.00223,sesamum,Kharif,full,5,0.7820343905979272,0.6115777880778714,0.11808118968330206
IN.ADM2.00223,sesamum,Kharif,cleaned,5,0.7820343905979272,0.6115777880778714,0.11808118968330206
IN.ADM2.00224,sesamum,Kharif,full,5,0.2541504828140864,0.06459246791463323,0.6799237386985814
IN.ADM2.00224,sesamum,Kharif,cleaned,5,0.2541504828140864,0.06459246791463323,0.6799237386985814
IN.ADM2.00226,sesamum,Kharif,full,5,0.11250845571165718,0.012658152606621927,0.8570525753482889
IN.ADM2.00226,sesamum,Kharif,cleaned,5,0.11250845571165718,0.012658152606621927,0.8570525753482889
IN.ADM2.00227,sesamum,Kharif,full,5,-0.027072292472841958,0.0007329090197350953,0.965534697622823
IN.ADM2.00227,sesamum,Kharif,cleaned,5,-0.027072292472841958,0.0007329090197350953,0.965534697622823
IN.ADM2.00228,sesamum,Kharif,full,5,0.6838949202645581,0.4677122619636663,0.2029238070186147
IN.ADM2.00228,sesamum,Kharif,cleaned,5,0.6838949202645581,0.4677122619636663,0.2029238070186147
IN.ADM2.00233,sesamum,Kharif,full,5,-0.3902700978668629,0.15231074928901076,0.5160118704579044
IN.ADM2.00233,sesamum,Kharif,cleaned,5,-0.3902700978668629,0.15231074928901076,0.5160118704579044
IN.ADM2.00235,sesamum,Kharif,full,5,0.7073392790250403,0.5003288556516639,0.18148082663892592
IN.ADM2.00235,sesamum,Kharif,cleaned,5,0.7073392790250403,0.5003288556516639,0.18148082663892592
IN.ADM2.00236,sesamum,Kharif,full,5,0.7409787241496003,0.5490494696423694,0.15194926495726932
IN.ADM2.00236,sesamum,Kharif,cleaned,5,0.7409787241496003,0.5490494696423694,0.15194926495726932
IN.ADM2.00237,sesamum,Kharif,full,5,0.9128233870134469,0.833246535878701,0.030491007193703693
IN.ADM2.00237,sesamum,Kharif,cleaned,5,0.9128233870134469,0.833246535878701,0.030491007193703693
IN.ADM2.00238,sesamum,Kharif,full,5,0.7432059502443428,0.5523550844785965,0.15004844191316943
IN.ADM2.00238,sesamum,Kharif,cleaned,5,0.7432059502443428,0.5523550844785965,0.15004844191316943
IN.ADM2.00239,sesamum,Kharif,full,5,-0.8967527534345474,0.8041655007924422,0.03920204382826926
IN.ADM2.00239,sesamum,Kharif,cleaned,5,-0.8967527534345474,0.8041655007924422,0.03920204382826926
IN.ADM2.00240,sesamum,Kharif,full,5,0.42066804380583384,0.17696160307942693,0.4806342776414304
IN.ADM2.00240,sesamum,Kharif,cleaned,5,0.42066804380583384,0.17696160307942693,0.4806342776414304
IN.ADM2.00241,sesamum,Kharif,full,5,0.3880627430090867,0.1505926925117365,0.5186008030509536
IN.ADM2.00241,sesamum,Kharif,cleaned,5,0.3880627430090867,0.1505926925117365,0.5186008030509536
IN.ADM2.00242,sesamum,Kharif,full,5,-0.1472727221663289,0.0216892546942807,0.8131666066541628
IN.ADM2.00242,sesamum,Kharif,cleaned,5,-0.1472727221663289,0.0216892546942807,0.8131666066541628
IN.ADM2.00244,sesamum,Kharif,full,5,-0.31546726430567495,0.09951959484850657,0.6051000370599513
IN.ADM2.00244,sesamum,Kharif,cleaned,5,-0.31546726430567495,0.09951959484850657,0.6051000370599513
IN.ADM2.00246,sesamum,Kharif,full,5,0.9602441321020155,0.922068793236353,0.009458641800791893
IN.ADM2.00246,sesamum,Kharif,cleaned,5,0.9602441321020155,0.922068793236353,0.009458641800791893
IN.ADM2.00247,sesamum,Kharif,full,5,0.2227661634242893,0.04962476356677716,0.71872897481761
IN.ADM2.00247,sesamum,Kharif,cleaned,5,0.2227661634242893,0.04962476356677716,0.71872897481761
IN.ADM2.00248,sesamum,Kharif,full,5,0.5253644127617529,0.2760077661965015,0.36327581873783865
IN.ADM2.00248,sesamum,Kharif,cleaned,5,0.5253644127617529,0.2760077661965015,0.36327581873783865
IN.ADM2.00249,sesamum,Kharif,full,5,0.5081753323513578,0.258242168410413,0.38201237006753014
IN.ADM2.00249,sesamum,Kharif,cleaned,5,0.5081753323513578,0.258242168410413,0.38201237006753014
IN.ADM2.00250,sesamum,Kharif,full,14,-0.0019504428902334561,3.804227468062238e-06,0.9947201236212747
IN.ADM2.00250,sesamum,Kharif,cleaned,13,0.22661579235501333,0.05135471734469052,0.45656469047689974
IN.ADM2.00251,sesamum,Kharif,full,16,0.6082716237143214,0.369994368216057,0.01241608158918549
IN.ADM2.00251,sesamum,Kharif,cleaned,16,0.6082716237143214,0.369994368216057,0.01241608158918549
IN.ADM2.00252,sesamum,Kharif,full,14,0.1050528266962009,0.011036096396862021,0.7207807517400046
IN.ADM2.00252,sesamum,Kharif,cleaned,13,0.30157575066990316,0.0909479333921156,0.3166551373897064
IN.ADM2.00253,sesamum,Kharif,full,15,0.4940613162247236,0.24409658418970634,0.06121868717992553
IN.ADM2.00253,sesamum,Kharif,cleaned,15,0.4940613162247236,0.24409658418970634,0.06121868717992553
IN.ADM2.00254,sesamum,Kharif,full,15,-0.005968434798818013,3.562221394774182e-05,0.9831577468279104
IN.ADM2.00254,sesamum,Kharif,cleaned,14,0.3988262198230767,0.1590623536183651,0.15778214913564095
IN.ADM2.00255,sesamum,Kharif,full,16,0.5267712883296235,0.27748799020845133,0.036040903133846953
IN.ADM2.00255,sesamum,Kharif,cleaned,16,0.5267712883296235,0.27748799020845133,0.036040903133846953
IN.ADM2.00256,sesamum,Kharif,full,16,0.5703021251916379,0.32524451399809867,0.0210697709554089
IN.ADM2.00256,sesamum,Kharif,cleaned,16,0.5703021251916379,0.32524451399809867,0.0210697709554089
IN.ADM2.00258,sesamum,Kharif,full,16,0.5276926576185251,0.278459540904502,0.03565807092633333
IN.ADM2.00258,sesamum,Kharif,cleaned,15,0.5039406108747471,0.2539561392888132,0.05544625588890573
IN.ADM2.00260,sesamum,Kharif,full,16,0.41773873348689927,0.17450564945523867,0.10738898319069685
IN.ADM2.00260,sesamum,Kharif,cleaned,15,0.39068658482827956,0.1526360075647845,0.14991645330540412
IN.ADM2.00261,sesamum,Kharif,full,15,0.12050958238675807,0.014522559447030832,0.6687925901544434
IN.ADM2.00261,sesamum,Kharif,cleaned,15,0.12050958238675807,0.014522559447030832,0.6687925901544434
IN.ADM2.00263,sesamum,Kharif,full,16,0.7519816516858948,0.5654764044722465,0.0007798338397553804
IN.ADM2.00263,sesamum,Kharif,cleaned,16,0.7519816516858948,0.5654764044722465,0.0007798338397553804
IN.ADM2.00266,sesamum,Kharif,full,13,0.5074047387740296,0.2574595689303412,0.07673119674406521
IN.ADM2.00266,sesamum,Kharif,cleaned,13,0.5074047387740296,0.2574595689303412,0.07673119674406521
IN.ADM2.00267,sesamum,Kharif,full,16,0.37342757562641604,0.13944815423822268,0.1542437262160351
IN.ADM2.00267,sesamum,Kharif,cleaned,16,0.37342757562641604,0.13944815423822268,0.1542437262160351
IN.ADM2.00268,sesamum,Kharif,full,12,0.6011544763827473,0.36138670447501514,0.038688283923005495
IN.ADM2.00268,sesamum,Kharif,cleaned,12,0.6011544763827473,0.36138670447501514,0.038688283923005495
IN.ADM2.00269,sesamum,Kharif,full,16,0.4982605690274333,0.24826359464754164,0.04949450634092977
IN.ADM2.00269,sesamum,Kharif,cleaned,16,0.4982605690274333,0.24826359464754164,0.04949450634092977
IN.ADM2.00270,sesamum,Kharif,full,15,-0.13246345792759195,0.017546567686134922,0.6379232027186426
IN.ADM2.00270,sesamum,Kharif,cleaned,15,-0.13246345792759195,0.017546567686134922,0.6379232027186426
IN.ADM2.00271,sesamum,Kharif,full,15,0.08628078239319523,0.007444373410381907,0.7597993871392408
IN.ADM2.00271,sesamum,Kharif,cleaned,15,0.08628078239319523,0.007444373410381907,0.7597993871392408
IN.ADM2.00274,sesamum,Kharif,full,11,-0.7408299903179931,0.5488290745545578,0.009101443154748071
IN.ADM2.00274,sesamum,Kharif,cleaned,11,-0.7408299903179931,0.5488290745545578,0.009101443154748071
IN.ADM2.00277,sesamum,Kharif,full,15,-0.30465944106381315,0.09281737502931504,0.26955532916990493
IN.ADM2.00277,sesamum,Kharif,cleaned,13,0.43351942471566174,0.1879390916057983,0.13889567123433635
IN.ADM2.00279,sesamum,Kharif,full,9,-0.30815361886395093,0.09495865281894914,0.4198125453975514
IN.ADM2.00279,sesamum,Kharif,cleaned,8,0.6326631160881384,0.4002626184583533,0.09228625361244117
IN.ADM2.00280,sesamum,Kharif,full,14,0.2021710214643,0.040873121919918445,0.48822263396267923
IN.ADM2.00280,sesamum,Kharif,cleaned,14,0.2021710214643,0.040873121919918445,0.48822263396267923
IN.ADM2.00297,sesamum,Kharif,full,16,-0.019475877889599744,0.00037930981957060017,0.9429280098995683
IN.ADM2.00297,sesamum,Kharif,cleaned,16,-0.019475877889599744,0.00037930981957060017,0.9429280098995683
IN.ADM2.00321,sesamum,Kharif,full,16,0.22715017295016462,0.0515972010712897,0.3975312173043056
IN.ADM2.00321,sesamum,Kharif,cleaned,16,0.22715017295016462,0.0515972010712897,0.3975312173043056
IN.ADM2.00325,sesamum,Kharif,full,16,-0.4855164028559681,0.2357261774421987,0.056587689010129984
IN.ADM2.00325,sesamum,Kharif,cleaned,16,-0.4855164028559681,0.2357261774421987,0.056587689010129984
IN.ADM2.00328,sesamum,Kharif,full,5,-0.35845919642135193,0.12849299549904136,0.5535673189867574
IN.ADM2.00328,sesamum,Kharif,cleaned,5,-0.35845919642135193,0.12849299549904136,0.5535673189867574
IN.ADM2.00333,sesamum,Kharif,full,16,0.7162990728301464,0.5130843617373273,0.0017995940853164007
IN.ADM2.00333,sesamum,Kharif,cleaned,16,0.7162990728301464,0.5130843617373273,0.0017995940853164007
IN.ADM2.00334,sesamum,Kharif,full,16,0.5546295133919711,0.30761389712541465,0.025764545505128682
IN.ADM2.00334,sesamum,Kharif,cleaned,16,0.5546295133919711,0.30761389712541465,0.025764545505128682
IN.ADM2.00335,sesamum,Kharif,full,16,0.3668913354555482,0.1346092520323556,0.16216144460584495
IN.ADM2.00335,sesamum,Kharif,cleaned,16,0.3668913354555482,0.1346092520323556,0.16216144460584495
IN.ADM2.00336,sesamum,Kharif,full,15,0.766300815282498,0.5872169395026212,0.0008626138628588423
IN.ADM2.00336,sesamum,Kharif,cleaned,14,0.7036363509248523,0.4951041143428419,0.0049824720535128035
IN.ADM2.00337,sesamum,Kharif,full,16,0.5162080653182918,0.2664707666996538,0.04065519192542418
IN.ADM2.00337,sesamum,Kharif,cleaned,16,0.5162080653182918,0.2664707666996538,0.04065519192542418
IN.ADM2.00338,sesamum,Kharif,full,16,0.4065487749727392,0.16528190643183496,0.11812933215980795
IN.ADM2.00338,sesamum,Kharif,cleaned,16,0.4065487749727392,0.16528190643183496,0.11812933215980795
IN.ADM2.00339,sesamum,Kharif,full,16,0.8091319583555023,0.6546945260322103,0.0001469356134495696
IN.ADM2.00339,sesamum,Kharif,cleaned,16,0.8091319583555023,0.6546945260322103,0.0001469356134495696
IN.ADM2.00340,sesamum,Kharif,full,16,0.5430001487696182,0.2948491615638275,0.029737159136612436
IN.ADM2.00340,sesamum,Kharif,cleaned,16,0.5430001487696182,0.2948491615638275,0.029737159136612436
IN.ADM2.00342,sesamum,Kharif,full,16,0.40049086431730163,0.1603929324016193,0.12424543302830232
IN.ADM2.00342,sesamum,Kharif,cleaned,16,0.40049086431730163,0.1603929324016193,0.12424543302830232
IN.ADM2.00343,sesamum,Kharif,full,16,0.22074892773422658,0.04873008909581079,0.4113171530641831
IN.ADM2.00343,sesamum,Kharif,cleaned,15,-0.25888282006584606,0.06702031452524523,0.3514986871771328
IN.ADM2.00347,sesamum,Kharif,full,16,0.5974483308194819,0.3569445079989851,0.014528784245241778
IN.ADM2.00347,sesamum,Kharif,cleaned,16,0.5974483308194819,0.3569445079989851,0.014528784245241778
IN.ADM2.00348,sesamum,Kharif,full,14,0.7096067116718733,0.503541685249769,0.004473831457872866
IN.ADM2.00348,sesamum,Kharif,cleaned,14,0.7096067116718733,0.503541685249769,0.004473831457872866
IN.ADM2.00349,sesamum,Kharif,full,16,0.6344270124873386,0.4024976341736097,0.008297135504001647
IN.ADM2.00349,sesamum,Kharif,cleaned,16,0.6344270124873386,0.4024976341736097,0.008297135504001647
IN.ADM2.00350,sesamum,Kharif,full,16,0.5521608609532884,0.3048816163686767,0.026571694970595354
IN.ADM2.00350,sesamum,Kharif,cleaned,16,0.5521608609532884,0.3048816163686767,0.026571694970595354
IN.ADM2.00351,sesamum,Kharif,full,16,0.7257807806422358,0.5267577415496533,0.0014587628403454566
IN.ADM2.00351,sesamum,Kharif,cleaned,16,0.7257807806422358,0.5267577415496533,0.0014587628403454566
IN.ADM2.00364,sesamum,Kharif,full,9,-0.12341254224377902,0.015230655583072543,0.7517552023061538
IN.ADM2.00364,sesamum,Kharif,cleaned,9,-0.12341254224377902,0.015230655583072543,0.7517552023061538
IN.ADM2.00365,sesamum,Kharif,full,9,-0.20373686424719623,0.041508709853280465,0.599040631274365
IN.ADM2.00365,sesamum,Kharif,cleaned,9,-0.20373686424719623,0.041508709853280465,0.599040631274365
IN.ADM2.00366,sesamum,Kharif,full,9,0.6862756503866629,0.4709742683136372,0.04121045611370809
IN.ADM2.00366,sesamum,Kharif,cleaned,8,0.8332837031164169,0.6943617298794088,0.010184230635675934
IN.ADM2.00367,sesamum,Kharif,full,9,0.7441377580913309,0.5537410030171921,0.021492349227082794
IN.ADM2.00367,sesamum,Kharif,cleaned,9,0.7441377580913309,0.5537410030171921,0.021492349227082794
IN.ADM2.00368,sesamum,Kharif,full,9,0.4058574512438481,0.16472027073015252,0.278442227719736
IN.ADM2.00368,sesamum,Kharif,cleaned,9,0.4058574512438481,0.16472027073015252,0.278442227719736
IN.ADM2.00369,sesamum,Kharif,full,9,0.15660811389544727,0.02452610133788938,0.6874094750873355
IN.ADM2.00369,sesamum,Kharif,cleaned,8,0.3722138365113409,0.1385431400904912,0.36387951837015153
IN.ADM2.00376,sesamum,Kharif,full,9,-0.018447040869814482,0.00034029331685260587,0.9624306521513352
IN.ADM2.00376,sesamum,Kharif,cleaned,9,-0.018447040869814482,0.00034029331685260587,0.9624306521513352
IN.ADM2.00377,sesamum,Kharif,full,7,-0.7880956055876313,0.6210946835465353,0.0352885595255742
IN.ADM2.00377,sesamum,Kharif,cleaned,7,-0.7880956055876313,0.6210946835465353,0.0352885595255742
IN.ADM2.00378,sesamum,Kharif,full,9,0.10812532458915573,0.011691085817510286,0.7818636300950108
IN.ADM2.00378,sesamum,Kharif,cleaned,9,0.10812532458915573,0.011691085817510286,0.7818636300950108
IN.ADM2.00383,sesamum,Kharif,full,9,-0.3521671134242964,0.12402167577760125,0.35264204782151637
IN.ADM2.00383,sesamum,Kharif,cleaned,9,-0.3521671134242964,0.12402167577760125,0.35264204782151637
IN.ADM2.00384,sesamum,Kharif,full,8,-0.23784787170596328,0.056571610075056365,0.5705690884685521
IN.ADM2.00384,sesamum,Kharif,cleaned,8,-0.23784787170596328,0.056571610075056365,0.5705690884685521
IN.ADM2.00387,sesamum,Kharif,full,13,0.11301653069273468,0.01277273620982184,0.7131644535573305
IN.ADM2.00387,sesamum,Kharif,cleaned,12,0.09920523512051968,0.009841678675317591,0.7590375086575589
IN.ADM2.00388,sesamum,Kharif,full,16,0.5267047011966739,0.2774178422626775,0.03606869019484302
IN.ADM2.00388,sesamum,Kharif,cleaned,16,0.5267047011966739,0.2774178422626775,0.03606869019484302
IN.ADM2.00390,sesamum,Kharif,full,16,-0.3498707899519291,0.12240956966158689,0.18404187086643417
IN.ADM2.00390,sesamum,Kharif,cleaned,16,-0.3498707899519291,0.12240956966158689,0.18404187086643417
IN.ADM2.00392,sesamum,Kharif,full,16,0.17999659445057672,0.032398774013805386,0.5047310736318851
IN.ADM2.00392,sesamum,Kharif,cleaned,16,0.17999659445057672,0.032398774013805386,0.5047310736318851
IN.ADM2.00393,sesamum,Kharif,full,16,0.2995435359460962,0.0897263299270902,0.25969730818783715
IN.ADM2.00393,sesamum,Kharif,cleaned,16,0.2995435359460962,0.0897263299270902,0.25969730818783715
IN.ADM2.00395,sesamum,Kharif,full,16,-0.06743563319702557,0.004547564624683777,0.8040235657290904
IN.ADM2.00395,sesamum,Kharif,cleaned,16,-0.06743563319702557,0.004547564624683777,0.8040235657290904
IN.ADM2.00396,sesamum,Kharif,full,16,0.29799284482444766,0.08879973556656734,0.2622923249979794
IN.ADM2.00396,sesamum,Kharif,cleaned,16,0.29799284482444766,0.08879973556656734,0.2622923249979794
IN.ADM2.00397,sesamum,Kharif,full,16,0.10949065213952877,0.011988202905939296,0.6864676452752827
IN.ADM2.00397,sesamum,Kharif,cleaned,15,0.3562048559108799,0.1268818993744907,0.19252720704650075
IN.ADM2.00398,sesamum,Kharif,full,16,0.18994376947871783,0.036078635563784295,0.48105954583045524
IN.ADM2.00398,sesamum,Kharif,cleaned,16,0.18994376947871783,0.036078635563784295,0.48105954583045524
IN.ADM2.00399,sesamum,Kharif,full,16,0.1768444824224636,0.03127397096326903,0.5123440553395631
IN.ADM2.00399,sesamum,Kharif,cleaned,16,0.1768444824224636,0.03127397096326903,0.5123440553395631
IN.ADM2.00400,sesamum,Kharif,full,16,0.23908511888158349,0.05716169407062091,0.37250118192170417
IN.ADM2.00400,sesamum,Kharif,cleaned,16,0.23908511888158349,0.05716169407062091,0.37250118192170417
IN.ADM2.00401,sesamum,Kharif,full,14,-0.17546261721586695,0.03078713004024185,0.5485086161830026
IN.ADM2.00401,sesamum,Kharif,cleaned,14,-0.17546261721586695,0.03078713004024185,0.5485086161830026
IN.ADM2.00405,sesamum,Kharif,full,16,0.37135401081996533,0.13790380135207492,0.1567267235928021
IN.ADM2.00405,sesamum,Kharif,cleaned,16,0.37135401081996533,0.13790380135207492,0.1567267235928021
IN.ADM2.00406,sesamum,Kharif,full,16,-0.22957946858290895,0.05270673239481088,0.39236501424166503
IN.ADM2.00406,sesamum,Kharif,cleaned,16,-0.22957946858290895,0.05270673239481088,0.39236501424166503
IN.ADM2.00409,sesamum,Kharif,full,16,0.1405471351952952,0.019753497211604583,0.603639175817691
IN.ADM2.00409,sesamum,Kharif,cleaned,16,0.1405471351952952,0.019753497211604583,0.603639175817691
IN.ADM2.00410,sesamum,Kharif,full,16,0.3583833581075608,0.12843863136845216,0.17286905115551987
IN.ADM2.00410,sesamum,Kharif,cleaned,16,0.3583833581075608,0.12843863136845216,0.17286905115551987
IN.ADM2.00412,sesamum,Kharif,full,15,0.009398975655716992,8.834074337676064e-05,0.9734797087243827
IN.ADM2.00412,sesamum,Kharif,cleaned,15,0.009398975655716992,8.834074337676064e-05,0.9734797087243827
IN.ADM2.00413,sesamum,Kharif,full,16,0.3193996230341608,0.10201611919436403,0.22786849484120264
IN.ADM2.00413,sesamum,Kharif,cleaned,16,0.3193996230341608,0.10201611919436403,0.22786849484120264
IN.ADM2.00414,sesamum,Kharif,full,16,0.34365713833028927,0.11810022872536358,0.19249029099878792
IN.ADM2.00414,sesamum,Kharif,cleaned,16,0.34365713833028927,0.11810022872536358,0.19249029099878792
IN.ADM2.00416,sesamum,Kharif,full,16,0.34620602449587895,0.11985861139724113,0.18899464455748644
IN.ADM2.00416,sesamum,Kharif,cleaned,16,0.34620602449587895,0.11985861139724113,0.18899464455748644
IN.ADM2.00418,sesamum,Kharif,full,16,0.06871387646014676,0.0047215968181803115,0.8003780002032523
IN.ADM2.00418,sesamum,Kharif,cleaned,16,0.06871387646014676,0.0047215968181803115,0.8003780002032523
IN.ADM2.00419,sesamum,Kharif,full,16,0.06592926543834421,0.0043466680412396486,0.8083246049930304
IN.ADM2.00419,sesamum,Kharif,cleaned,16,0.06592926543834421,0.0043466680412396486,0.8083246049930304
IN.ADM2.00421,sesamum,Kharif,full,14,-0.01401160898770401,0.0001963251864243078,0.9620825446631786
IN.ADM2.00421,sesamum,Kharif,cleaned,14,-0.01401160898770401,0.0001963251864243078,0.9620825446631786
IN.ADM2.00422,sesamum,Kharif,full,16,0.22321867339909227,0.049826576154050624,0.40596865963583584
IN.ADM2.00422,sesamum,Kharif,cleaned,16,0.22321867339909227,0.049826576154050624,0.40596865963583584
IN.ADM2.00423,sesamum,Kharif,full,16,0.08567379496858195,0.007339999144318618,0.7523995572670039
IN.ADM2.00423,sesamum,Kharif,cleaned,15,-0.17732323807095074,0.03144353075996707,0.5272354950941577
IN.ADM2.00424,sesamum,Kharif,full,16,0.6958376106103158,0.4841899803398735,0.0027573764792098894
IN.ADM2.00424,sesamum,Kharif,cleaned,16,0.6958376106103158,0.4841899803398735,0.0027573764792098894
IN.ADM2.00425,sesamum,Kharif,full,16,0.2442067087461064,0.05963691659660564,0.3620328702587825
IN.ADM2.00425,sesamum,Kharif,cleaned,15,0.14008385725911707,0.019623487064592684,0.6185250163285859
IN.ADM2.00426,sesamum,Kharif,full,15,0.00327465402430502,1.0723358978897063e-05,0.9907588720338552
IN.ADM2.00426,sesamum,Kharif,cleaned,15,0.00327465402430502,1.0723358978897063e-05,0.9907588720338552
IN.ADM2.00427,sesamum,Kharif,full,16,0.2850001876815639,0.08122510697852664,0.28465696269540935
IN.ADM2.00427,sesamum,Kharif,cleaned,16,0.2850001876815639,0.08122510697852664,0.28465696269540935
IN.ADM2.00429,sesamum,Kharif,full,15,0.2583345455939501,0.06673673744723267,0.35255605552710484
IN.ADM2.00429,sesamum,Kharif,cleaned,15,0.2583345455939501,0.06673673744723267,0.35255605552710484
IN.ADM2.00430,sesamum,Kharif,full,6,0.23219991994562666,0.05391680282275543,0.657959858731144
IN.ADM2.00430,sesamum,Kharif,cleaned,6,0.23219991994562666,0.05391680282275543,0.657959858731144
IN.ADM2.00433,sesamum,Kharif,full,13,0.5413098214040206,0.2930163227484527,0.05607142903943658
IN.ADM2.00433,sesamum,Kharif,cleaned,13,0.5413098214040206,0.2930163227484527,0.05607142903943658
IN.ADM2.00436,sesamum,Kharif,full,16,0.4867323914585219,0.23690842089493178,0.05588028952491336
IN.ADM2.00436,sesamum,Kharif,cleaned,16,0.4867323914585219,0.23690842089493178,0.05588028952491336
IN.ADM2.00438,sesamum,Kharif,full,16,-0.282388587921079,0.07974331458806097,0.2892863314152362
IN.ADM2.00438,sesamum,Kharif,cleaned,16,-0.282388587921079,0.07974331458806097,0.2892863314152362
IN.ADM2.00439,sesamum,Kharif,full,16,0.20777839982632432,0.04317186343438789,0.44000726104035603
IN.ADM2.00439,sesamum,Kharif,cleaned,16,0.20777839982632432,0.04317186343438789,0.44000726104035603
IN.ADM2.00440,sesamum,Kharif,full,16,0.06290469019404353,0.003957000048408596,0.816975929621435
IN.ADM2.00440,sesamum,Kharif,cleaned,16,0.06290469019404353,0.003957000048408596,0.816975929621435
IN.ADM2.00441,sesamum,Kharif,full,16,-0.14174648068265033,0.020092064785916963,0.6005219938852688
IN.ADM2.00441,sesamum,Kharif,cleaned,16,-0.14174648068265033,0.020092064785916963,0.6005219938852688
IN.ADM2.00442,sesamum,Kharif,full,16,0.471350898011901,0.2221716690566255,0.06532277239176501
IN.ADM2.00442,sesamum,Kharif,cleaned,15,0.3560270546109465,0.1267552636149459,0.19276520746695094
IN.ADM2.00444,sesamum,Kharif,full,16,0.03839941614138111,0.0014745151599989599,0.8877205713784719
IN.ADM2.00444,sesamum,Kharif,cleaned,15,0.07179515093454741,0.0051545436977144445,0.7992903178964739
IN.ADM2.00445,sesamum,Kharif,full,16,0.2739819366416902,0.07506610160593113,0.3044915627255005
IN.ADM2.00445,sesamum,Kharif,cleaned,16,0.2739819366416902,0.07506610160593113,0.3044915627255005
IN.ADM2.00448,sesamum,Kharif,full,16,0.3415494870745741,0.11665605212090467,0.19541246344832042
IN.ADM2.00448,sesamum,Kharif,cleaned,16,0.3415494870745741,0.11665605212090467,0.19541246344832042
IN.ADM2.00471,sesamum,Kharif,full,5,-0.2475648659818767,0.06128836286862457,0.6880406686822824
IN.ADM2.00471,sesamum,Kharif,cleaned,5,-0.2475648659818767,0.06128836286862457,0.6880406686822824
IN.ADM2.00482,sesamum,Kharif,full,12,0.4377024914028566,0.19158347098026776,0.15471939326957562
IN.ADM2.00482,sesamum,Kharif,cleaned,12,0.4377024914028566,0.19158347098026776,0.15471939326957562
IN.ADM2.00483,sesamum,Kharif,full,10,0.6740171052255273,0.4542990581365995,0.03258052142907347
IN.ADM2.00483,sesamum,Kharif,cleaned,10,0.6740171052255273,0.4542990581365995,0.03258052142907347
IN.ADM2.00484,sesamum,Kharif,full,15,-0.6862855359676776,0.47098783687844253,0.004723467039853204
IN.ADM2.00484,sesamum,Kharif,cleaned,12,-0.6926234145977538,0.47972719444905193,0.012536006141631001
IN.ADM2.00485,sesamum,Kharif,full,15,-0.5831470952369568,0.34006053468330044,0.022504088689703675
IN.ADM2.00485,sesamum,Kharif,cleaned,15,-0.5831470952369568,0.34006053468330044,0.022504088689703675
IN.ADM2.00489,sesamum,Kharif,full,16,0.6821951807128361,0.4653902645878191,0.003598758640607818
IN.ADM2.00489,sesamum,Kharif,cleaned,16,0.6821951807128361,0.4653902645878191,0.003598758640607818
IN.ADM2.00491,sesamum,Kharif,full,16,0.17691483248031853,0.031298857951539166,0.5121735679818894
IN.ADM2.00491,sesamum,Kharif,cleaned,15,0.2538798841616561,0.0644549955819359,0.36121241049281505
IN.ADM2.00492,sesamum,Kharif,full,9,-0.4785029694389995,0.2289650917619401,0.19256817333267656
IN.ADM2.00492,sesamum,Kharif,cleaned,9,-0.4785029694389995,0.2289650917619401,0.19256817333267656
IN.ADM2.00494,sesamum,Kharif,full,16,0.388355618401936,0.15082008634435012,0.13714926563569835
IN.ADM2.00494,sesamum,Kharif,cleaned,16,0.388355618401936,0.15082008634435012,0.13714926563569835
IN.ADM2.00495,sesamum,Kharif,full,16,0.5794964879563931,0.335816179553794,0.01864119010872151
IN.ADM2.00495,sesamum,Kharif,cleaned,16,0.5794964879563931,0.335816179553794,0.01864119010872151
IN.ADM2.00498,sesamum,Kharif,full,6,0.25223946659347346,0.06362474850736001,0.6296651364226099
IN.ADM2.00510,sesamum,Kharif,full,5,0.9734098881757838,0.9475268103983919,0.005184111074797389
IN.ADM2.00510,sesamum,Kharif,cleaned,5,0.9734098881757838,0.9475268103983919,0.005184111074797389
IN.ADM2.00511,sesamum,Kharif,full,9,0.39419991891080075,0.1553935760692819,0.29379896697269486
IN.ADM2.00511,sesamum,Kharif,cleaned,9,0.39419991891080075,0.1553935760692819,0.29379896697269486
IN.ADM2.00533,sesamum,Kharif,full,9,0.4264974400744912,0.1819000663900942,0.252307462973854
IN.ADM2.00533,sesamum,Kharif,cleaned,9,0.4264974400744912,0.1819000663900942,0.252307462973854
IN.ADM2.00534,sesamum,Kharif,full,9,-0.29903039565952483,0.08941917752829197,0.4344069446395196
IN.ADM2.00534,sesamum,Kharif,cleaned,8,-0.1947245914670342,0.03791766652200337,0.6440157817136889
IN.ADM2.00552,sesamum,Kharif,full,16,0.34368396038818794,0.11811866462810953,0.19245328811131546
IN.ADM2.00552,sesamum,Kharif,cleaned,16,0.34368396038818794,0.11811866462810953,0.19245328811131546
IN.ADM2.00554,sesamum,Kharif,full,16,0.27407195198889067,0.0751154348670008,0.3043263031520324
IN.ADM2.00554,sesamum,Kharif,cleaned,16,0.27407195198889067,0.0751154348670008,0.3043263031520324
IN.ADM2.00555,sesamum,Kharif,full,16,-0.33172696114755756,0.11004277675219316,0.2094106264819111
IN.ADM2.00555,sesamum,Kharif,cleaned,16,-0.33172696114755756,0.11004277675219316,0.2094106264819111
IN.ADM2.00564,sesamum,Kharif,full,15,-0.12355623176193792,0.015266142407209717,0.6608757835746499
IN.ADM2.00564,sesamum,Kharif,cleaned,15,-0.12355623176193792,0.015266142407209717,0.6608757835746499
IN.ADM2.00566,sesamum,Kharif,full,9,-0.3218074688610384,0.10356004701474819,0.3983921109405188
IN.ADM2.00566,sesamum,Kharif,cleaned,9,-0.3218074688610384,0.10356004701474819,0.3983921109405188
IN.ADM2.00567,sesamum,Kharif,full,9,-0.1309524422666113,0.017148542135590163,0.7370088390678443
IN.ADM2.00567,sesamum,Kharif,cleaned,9,-0.1309524422666113,0.017148542135590163,0.7370088390678443
IN.ADM2.00568,sesamum,Kharif,full,9,-0.2588458038090194,0.06700115014953736,0.5012454189126849
IN.ADM2.00568,sesamum,Kharif,cleaned,9,-0.2588458038090194,0.06700115014953736,0.5012454189126849
IN.ADM2.00570,sesamum,Kharif,full,13,0.07992236762090964,0.006387584846131825,0.7952166004691754
IN.ADM2.00570,sesamum,Kharif,cleaned,13,0.07992236762090964,0.006387584846131825,0.7952166004691754
IN.ADM2.00571,sesamum,Kharif,full,12,0.3039895166534304,0.09240962623518623,0.3367413977595143
IN.ADM2.00571,sesamum,Kharif,cleaned,12,0.3039895166534304,0.09240962623518623,0.3367413977595143
IN.ADM2.00572,sesamum,Kharif,full,14,0.04816493974197046,0.0023198614203476455,0.8701187232384444
IN.ADM2.00572,sesamum,Kharif,cleaned,14,0.04816493974197046,0.0023198614203476455,0.8701187232384444
IN.ADM2.00573,sesamum,Kharif,full,16,0.05948451480033332,0.003538407501031074,0.8267826763947304
IN.ADM2.00573,sesamum,Kharif,cleaned,16,0.05948451480033332,0.003538407501031074,0.8267826763947304
IN.ADM2.00574,sesamum,Kharif,full,16,0.06135713593386975,0.0037646981300073707,0.821410202150641
IN.ADM2.00574,sesamum,Kharif,cleaned,16,0.06135713593386975,0.0037646981300073707,0.821410202150641
IN.ADM2.00575,sesamum,Kharif,full,16,-0.1992809821720854,0.03971290985547102,0.4593399137215662
IN.ADM2.00575,sesamum,Kharif,cleaned,16,-0.1992809821720854,0.03971290985547102,0.4593399137215662
IN.ADM2.00577,sesamum,Kharif,full,9,0.7983687363539639,0.6373926391874251,0.009888684195270414
IN.ADM2.00577,sesamum,Kharif,cleaned,9,0.7983687363539639,0.6373926391874251,0.009888684195270414
IN.ADM2.00578,sesamum,Kharif,full,9,0.929816471349382,0.864558670392616,0.0002814155054749544
IN.ADM2.00578,sesamum,Kharif,cleaned,8,0.44167449091802047,0.19507635592769254,0.27325770690918355
IN.ADM2.00003,sesamum,Rabi,full,17,0.018199087446444804,0.00033120678388334486,0.9447298303969716
IN.ADM2.00003,sesamum,Rabi,cleaned,17,0.018199087446444804,0.00033120678388334486,0.9447298303969716
IN.ADM2.00005,sesamum,Rabi,full,17,0.47067871805001815,0.2215384556252085,0.056540093770182806
IN.ADM2.00005,sesamum,Rabi,cleaned,17,0.47067871805001815,0.2215384556252085,0.056540093770182806
IN.ADM2.00008,sesamum,Rabi,full,16,-0.06142382315129888,0.00377288605052204,0.8212190149440095
IN.ADM2.00008,sesamum,Rabi,cleaned,16,-0.06142382315129888,0.00377288605052204,0.8212190149440095
IN.ADM2.00010,sesamum,Rabi,full,17,0.6716118480680255,0.45106247446534864,0.003153066791070311
IN.ADM2.00010,sesamum,Rabi,cleaned,17,0.6716118480680255,0.45106247446534864,0.003153066791070311
IN.ADM2.00013,sesamum,Rabi,full,15,0.07307734192630644,0.005340297903014305,0.7957750825958539
IN.ADM2.00013,sesamum,Rabi,cleaned,14,0.1232146969777056,0.015181861551307813,0.6747416145896341
IN.ADM2.00014,sesamum,Rabi,full,7,0.8990346779907001,0.8082633522298419,0.005888169546350225
IN.ADM2.00014,sesamum,Rabi,cleaned,7,0.8990346779907001,0.8082633522298419,0.005888169546350225
IN.ADM2.00016,sesamum,Rabi,full,9,0.8811426205089146,0.776412317677317,0.0016937370260233444
IN.ADM2.00016,sesamum,Rabi,cleaned,9,0.8811426205089146,0.776412317677317,0.0016937370260233444
IN.ADM2.00018,sesamum,Rabi,full,17,0.661144247807496,0.4371117164089397,0.00385394696458298
IN.ADM2.00018,sesamum,Rabi,cleaned,17,0.661144247807496,0.4371117164089397,0.00385394696458298
IN.ADM2.00021,sesamum,Rabi,full,17,0.42220526693558635,0.17825728742814972,0.0913714352145424
IN.ADM2.00021,sesamum,Rabi,cleaned,17,0.42220526693558635,0.17825728742814972,0.0913714352145424
IN.ADM2.00250,sesamum,Rabi,full,11,-0.10639123301273244,0.011319094461969529,0.7555423125881419
IN.ADM2.00250,sesamum,Rabi,cleaned,10,-0.07357668048851466,0.005413527911708974,0.83991948683105
IN.ADM2.00254,sesamum,Rabi,full,9,-0.6971743111062795,0.4860520200665154,0.03684922014437353
IN.ADM2.00254,sesamum,Rabi,cleaned,9,-0.6971743111062795,0.4860520200665154,0.03684922014437353
IN.ADM2.00258,sesamum,Rabi,full,5,0.9482560050775823,0.8991894511656958,0.014019223716992128
IN.ADM2.00267,sesamum,Rabi,full,14,-0.6381830137150334,0.4072775589944025,0.014050384242541793
IN.ADM2.00267,sesamum,Rabi,cleaned,14,-0.6381830137150334,0.4072775589944025,0.014050384242541793
IN.ADM2.00271,sesamum,Rabi,full,14,0.11628929117878971,0.013523199242865339,0.6921823658188666
IN.ADM2.00271,sesamum,Rabi,cleaned,14,0.11628929117878971,0.013523199242865339,0.6921823658188666
IN.ADM2.00109,sesamum,Summer,full,7,0.1548593657825329,0.02398142317056832,0.7402435304816677
IN.ADM2.00109,sesamum,Summer,cleaned,6,-0.4485015270886725,0.20115361980087126,0.37235656219704377
IN.ADM2.00111,sesamum,Summer,full,7,-0.003380226623554434,1.1425932026586209e-05,0.994261581840484
IN.ADM2.00111,sesamum,Summer,cleaned,6,-0.5693410811260413,0.32414926665776955,0.23826412527351198
IN.ADM2.00112,sesamum,Summer,full,6,-0.5415854992170507,0.293314852962182,0.2670492867090734
IN.ADM2.00112,sesamum,Summer,cleaned,6,-0.5415854992170507,0.293314852962182,0.2670492867090734
IN.ADM2.00114,sesamum,Summer,full,7,0.1497122301997304,0.022413751871377067,0.7486793548369975
IN.ADM2.00114,sesamum,Summer,cleaned,6,-0.7326669703403123,0.536800889427652,0.09764768515600308
IN.ADM2.00116,sesamum,Summer,full,7,0.5285637989139637,0.27937968952236103,0.2225846919721578
IN.ADM2.00116,sesamum,Summer,cleaned,7,0.5285637989139637,0.27937968952236103,0.2225846919721578
IN.ADM2.00117,sesamum,Summer,full,7,0.1092046536876069,0.011925656387030156,0.815711899755221
IN.ADM2.00117,sesamum,Summer,cleaned,6,-0.5615015224337121,0.3152839596953765,0.24626392803337338
IN.ADM2.00120,sesamum,Summer,full,7,0.22520743168210186,0.05071838728484858,0.6272972056697571
IN.ADM2.00120,sesamum,Summer,cleaned,6,-0.5669492819256545,0.3214314882760153,0.24069375284470892
IN.ADM2.00121,sesamum,Summer,full,5,-0.9750586723823781,0.9507394145880858,0.004710659674662813
IN.ADM2.00121,sesamum,Summer,cleaned,5,-0.9750586723823781,0.9507394145880858,0.004710659674662813
IN.ADM2.00126,sesamum,Summer,full,6,0.10818854544580223,0.011704761365678414,0.838350342384768
IN.ADM2.00126,sesamum,Summer,cleaned,6,0.10818854544580223,0.011704761365678414,0.838350342384768
IN.ADM2.00310,sesamum,Summer,full,12,-0.03504699386729688,0.001228291779134345,0.9138926335081877
IN.ADM2.00310,sesamum,Summer,cleaned,12,-0.03504699386729688,0.001228291779134345,0.9138926335081877
IN.ADM2.00451,sesamum,Summer,full,11,0.0034699159287932945,1.2040316552893432e-05,0.9919214224133097
IN.ADM2.00451,sesamum,Summer,cleaned,11,0.0034699159287932945,1.2040316552893432e-05,0.9919214224133097
IN.ADM2.00452,sesamum,Summer,full,11,-0.48685633567847303,0.23702909159027,0.12883190932436234
IN.ADM2.00452,sesamum,Summer,cleaned,11,-0.48685633567847303,0.23702909159027,0.12883190932436234
IN.ADM2.00453,sesamum,Summer,full,11,0.0037070298505801763,1.3742070313092484e-05,0.9913693964286869
IN.ADM2.00453,sesamum,Summer,cleaned,11,0.0037070298505801763,1.3742070313092484e-05,0.9913693964286869
IN.ADM2.00457,sesamum,Summer,full,11,0.45014287664067937,0.20262860939034588,0.1647453585678118
IN.ADM2.00457,sesamum,Summer,cleaned,11,0.45014287664067937,0.20262860939034588,0.1647453585678118
IN.ADM2.00460,sesamum,Summer,full,11,-0.27510000480096736,0.07568001264149227,0.4129368900304152
IN.ADM2.00460,sesamum,Summer,cleaned,11,-0.27510000480096736,0.07568001264149227,0.4129368900304152
IN.ADM2.00461,sesamum,Summer,full,11,-0.17592692874185617,0.03095028425654214,0.6048556498945091
IN.ADM2.00461,sesamum,Summer,cleaned,11,-0.17592692874185617,0.03095028425654214,0.6048556498945091
IN.ADM2.00462,sesamum,Summer,full,11,0.05667666615817795,0.0032122444868055537,0.8685381776258314
IN.ADM2.00462,sesamum,Summer,cleaned,11,0.05667666615817795,0.0032122444868055537,0.8685381776258314
IN.ADM2.00463,sesamum,Summer,full,11,-0.49320834124184176,0.24325446787052904,0.12317575853433654
IN.ADM2.00463,sesamum,Summer,cleaned,11,-0.49320834124184176,0.24325446787052904,0.12317575853433654
IN.ADM2.00464,sesamum,Summer,full,11,-0.29913581542459966,0.08948223606974015,0.3715309138947966
IN.ADM2.00464,sesamum,Summer,cleaned,11,-0.29913581542459966,0.08948223606974015,0.3715309138947966
IN.ADM2.00465,sesamum,Summer,full,10,-0.6572115837689616,0.4319270658401068,0.03893363220411328
IN.ADM2.00465,sesamum,Summer,cleaned,10,-0.6572115837689616,0.4319270658401068,0.03893363220411328
IN.ADM2.00466,sesamum,Summer,full,11,-0.2556636863159069,0.06536392050063845,0.4479794217872524
IN.ADM2.00466,sesamum,Summer,cleaned,11,-0.2556636863159069,0.06536392050063845,0.4479794217872524
IN.ADM2.00509,sesamum,Summer,full,13,0.1972273165953016,0.03889861441138333,0.5183742468584783
IN.ADM2.00509,sesamum,Summer,cleaned,13,0.1972273165953016,0.03889861441138333,0.5183742468584783
IN.ADM2.00514,sesamum,Summer,full,11,-0.14582463969375997,0.021264825541814917,0.6687792784741643
IN.ADM2.00514,sesamum,Summer,cleaned,11,-0.14582463969375997,0.021264825541814917,0.6687792784741643
IN.ADM2.00518,sesamum,Summer,full,13,-0.13124294484619228,0.01722471057190067,0.6691026757175037
IN.ADM2.00518,sesamum,Summer,cleaned,13,-0.13124294484619228,0.01722471057190067,0.6691026757175037
IN.ADM2.00521,sesamum,Summer,full,12,-0.4383709178373759,0.1921690616055834,0.15401783148873338
IN.ADM2.00521,sesamum,Summer,cleaned,12,-0.4383709178373759,0.1921690616055834,0.15401783148873338
IN.ADM2.00522,sesamum,Summer,full,6,-0.820925048515122,0.6739179352795555,0.04523048408460692
IN.ADM2.00522,sesamum,Summer,cleaned,6,-0.820925048515122,0.6739179352795555,0.04523048408460692
IN.ADM2.00523,sesamum,Summer,full,12,-0.06246711687289704,0.0039021406904121785,0.8470693485315979
IN.ADM2.00523,sesamum,Summer,cleaned,12,-0.06246711687289704,0.0039021406904121785,0.8470693485315979
IN.ADM2.00526,sesamum,Summer,full,9,-0.738047161612491,0.5447136127642543,0.02318522866364105
IN.ADM2.00526,sesamum,Summer,cleaned,9,-0.738047161612491,0.5447136127642543,0.02318522866364105
IN.ADM2.00532,sesamum,Summer,full,13,0.0506580880655335,0.0025662418864553474,0.8694557144720212
IN.ADM2.00532,sesamum,Summer,cleaned,13,0.0506580880655335,0.0025662418864553474,0.8694557144720212
IN.ADM2.00546,sesamum,Summer,full,9,-0.06453377384996377,0.004164607967318268,0.8689882783536639
IN.ADM2.00546,sesamum,Summer,cleaned,9,-0.06453377384996377,0.004164607967318268,0.8689882783536639
IN.ADM2.00310,sesamum,Autumn,full,13,0.7217067162350186,0.5208605842587336,0.005351914078120943
IN.ADM2.00310,sesamum,Autumn,cleaned,13,0.7217067162350186,0.5208605842587336,0.005351914078120943
IN.ADM2.00451,sesamum,Autumn,full,11,-0.47434613563930617,0.22500425639594304,0.1404486903975779
IN.ADM2.00451,sesamum,Autumn,cleaned,11,-0.47434613563930617,0.22500425639594304,0.1404486903975779
IN.ADM2.00460,sesamum,Autumn,full,10,-0.4783338693469707,0.22880329056444484,0.16197806426583283
IN.ADM2.00460,sesamum,Autumn,cleaned,10,-0.4783338693469707,0.22880329056444484,0.16197806426583283
IN.ADM2.00461,sesamum,Autumn,full,11,-0.49450048408152125,0.24453072875685886,0.12204498457823619
IN.ADM2.00461,sesamum,Autumn,cleaned,11,-0.49450048408152125,0.24453072875685886,0.12204498457823619
IN.ADM2.00462,sesamum,Autumn,full,11,-0.3573063348157327,0.12766781689945247,0.2806917221243541
IN.ADM2.00462,sesamum,Autumn,cleaned,11,-0.3573063348157327,0.12766781689945247,0.2806917221243541
IN.ADM2.00465,sesamum,Autumn,full,11,-0.25200377213864433,0.06350590117210578,0.45472868286835466
IN.ADM2.00465,sesamum,Autumn,cleaned,11,-0.25200377213864433,0.06350590117210578,0.45472868286835466
IN.ADM2.00514,sesamum,Autumn,full,10,0.17991834385178015,0.0323706104543674,0.6189232319044173
IN.ADM2.00514,sesamum,Autumn,cleaned,10,0.17991834385178015,0.0323706104543674,0.6189232319044173
IN.ADM2.00518,sesamum,Autumn,full,5,0.41745741223020516,0.17427069102593945,0.48434591667957555
IN.ADM2.00518,sesamum,Autumn,cleaned,5,0.41745741223020516,0.17427069102593945,0.48434591667957555
IN.ADM2.00522,sesamum,Autumn,full,7,0.20358418381571491,0.0414465198999108,0.6615022797595866
IN.ADM2.00522,sesamum,Autumn,cleaned,7,0.20358418381571491,0.0414465198999108,0.6615022797595866
IN.ADM2.00532,sesamum,Autumn,full,12,0.08655695690300105,0.0074921067883079815,0.7891023127946897
IN.ADM2.00532,sesamum,Autumn,cleaned,12,0.08655695690300105,0.0074921067883079815,0.7891023127946897
IN.ADM2.00546,sesamum,Autumn,full,9,-0.03433389359201973,0.0011788162491881335,0.9301242395789219
IN.ADM2.00546,sesamum,Autumn,cleaned,9,-0.03433389359201973,0.0011788162491881335,0.9301242395789219
IN.ADM2.00310,sesamum,Winter,full,12,0.10770856968571871,0.011601135983743323,0.738993427851167
IN.ADM2.00310,sesamum,Winter,cleaned,12,0.10770856968571871,0.011601135983743323,0.738993427851167
IN.ADM2.00451,sesamum,Winter,full,10,-0.5856539671926003,0.34299056928843136,0.07524975675863266
IN.ADM2.00451,sesamum,Winter,cleaned,10,-0.5856539671926003,0.34299056928843136,0.07524975675863266
IN.ADM2.00460,sesamum,Winter,full,10,0.4853519881376178,0.23556655238913832,0.15502844456084722
IN.ADM2.00460,sesamum,Winter,cleaned,10,0.4853519881376178,0.23556655238913832,0.15502844456084722
IN.ADM2.00461,sesamum,Winter,full,11,-0.32895699989169797,0.10821270777774658,0.32326290622780357
IN.ADM2.00461,sesamum,Winter,cleaned,11,-0.32895699989169797,0.10821270777774658,0.32326290622780357
IN.ADM2.00462,sesamum,Winter,full,11,0.34809968078837755,0.12117338776497034,0.29415626074758516
IN.ADM2.00462,sesamum,Winter,cleaned,11,0.34809968078837755,0.12117338776497034,0.29415626074758516
IN.ADM2.00463,sesamum,Winter,full,6,-0.6528254548670405,0.4261810745223583,0.15987274461483061
IN.ADM2.00463,sesamum,Winter,cleaned,6,-0.6528254548670405,0.4261810745223583,0.15987274461483061
IN.ADM2.00465,sesamum,Winter,full,11,0.3721002402399863,0.1384585887866555,0.2597915723591435
IN.ADM2.00465,sesamum,Winter,cleaned,11,0.3721002402399863,0.1384585887866555,0.2597915723591435
IN.ADM2.00509,sesamum,Winter,full,13,0.6687991661502394,0.4472923246432555,0.012438629815873696
IN.ADM2.00509,sesamum,Winter,cleaned,13,0.6687991661502394,0.4472923246432555,0.012438629815873696
IN.ADM2.00514,sesamum,Winter,full,11,0.5397966973915153,0.2913804745147871,0.08653731600521888
IN.ADM2.00514,sesamum,Winter,cleaned,11,0.5397966973915153,0.2913804745147871,0.08653731600521888
IN.ADM2.00526,sesamum,Winter,full,13,0.3944890570167916,0.15562161610599745,0.1822337348239939
IN.ADM2.00526,sesamum,Winter,cleaned,13,0.3944890570167916,0.15562161610599745,0.1822337348239939
IN.ADM2.00532,sesamum,Winter,full,13,0.00025732891385990553,6.621816990831867e-08,0.9993343160551899
IN.ADM2.00532,sesamum,Winter,cleaned,13,0.00025732891385990553,6.621816990831867e-08,0.9993343160551899
IN.ADM2.00546,sesamum,Winter,full,13,-0.1503831026151451,0.022615077552157258,0.6238616435991238
IN.ADM2.00546,sesamum,Winter,cleaned,13,-0.1503831026151451,0.022615077552157258,0.6238616435991238
IN.ADM2.00205,sesamum,Whole Year,full,11,-0.5088539380507096,0.25893233026971535,0.10993041683232913
IN.ADM2.00205,sesamum,Whole Year,cleaned,11,-0.5088539380507096,0.25893233026971535,0.10993041683232913
IN.ADM2.00209,sesamum,Whole Year,full,8,0.43290633979470494,0.18740789903444854,0.2840115415890335
IN.ADM2.00209,sesamum,Whole Year,cleaned,8,0.43290633979470494,0.18740789903444854,0.2840115415890335
IN.ADM2.00211,sesamum,Whole Year,full,11,0.24814750062957958,0.061577182068707194,0.4618905531827915
IN.ADM2.00211,sesamum,Whole Year,cleaned,11,0.24814750062957958,0.061577182068707194,0.4618905531827915
IN.ADM2.00212,sesamum,Whole Year,full,11,-0.15248725553205786,0.023252363099699108,0.6544421227487816
IN.ADM2.00212,sesamum,Whole Year,cleaned,11,-0.15248725553205786,0.023252363099699108,0.6544421227487816
IN.ADM2.00213,sesamum,Whole Year,full,11,0.0884864235079531,0.007829847145228835,0.7958559615134829
IN.ADM2.00213,sesamum,Whole Year,cleaned,11,0.0884864235079531,0.007829847145228835,0.7958559615134829
IN.ADM2.00214,sesamum,Whole Year,full,11,0.6411597933589885,0.4110858806201409,0.03350455725244852
IN.ADM2.00214,sesamum,Whole Year,cleaned,11,0.6411597933589885,0.4110858806201409,0.03350455725244852
IN.ADM2.00215,sesamum,Whole Year,full,8,0.057842313736347656,0.0033457332583740726,0.8917873251292827
IN.ADM2.00215,sesamum,Whole Year,cleaned,7,0.7197753583007783,0.5180765664170138,0.06818732437164554
IN.ADM2.00216,sesamum,Whole Year,full,8,0.14365262978929538,0.020636078045380354,0.7343339124405976
IN.ADM2.00216,sesamum,Whole Year,cleaned,8,0.14365262978929538,0.020636078045380354,0.7343339124405976
IN.ADM2.00218,sesamum,Whole Year,full,9,0.6154395012353335,0.3787657796807961,0.07768695168593749
IN.ADM2.00218,sesamum,Whole Year,cleaned,9,0.6154395012353335,0.3787657796807961,0.07768695168593749
IN.ADM2.00219,sesamum,Whole Year,full,10,0.40452885683412343,0.16364359601152273,0.24623817891681557
IN.ADM2.00219,sesamum,Whole Year,cleaned,10,0.40452885683412343,0.16364359601152273,0.24623817891681557
IN.ADM2.00220,sesamum,Whole Year,full,11,0.12434141901687144,0.0154607884831292,0.7156686699908725
IN.ADM2.00220,sesamum,Whole Year,cleaned,11,0.12434141901687144,0.0154607884831292,0.7156686699908725
IN.ADM2.00221,sesamum,Whole Year,full,9,0.8311832762339427,0.6908656386909907,0.005495071928536229
IN.ADM2.00221,sesamum,Whole Year,cleaned,9,0.8311832762339427,0.6908656386909907,0.005495071928536229
IN.ADM2.00223,sesamum,Whole Year,full,11,-0.17130436169151908,0.02934518433453879,0.6145246336227369
IN.ADM2.00223,sesamum,Whole Year,cleaned,11,-0.17130436169151908,0.02934518433453879,0.6145246336227369
IN.ADM2.00224,sesamum,Whole Year,full,9,0.5691412538496773,0.3239217668335828,0.10972848063409059
IN.ADM2.00224,sesamum,Whole Year,cleaned,9,0.5691412538496773,0.3239217668335828,0.10972848063409059
IN.ADM2.00226,sesamum,Whole Year,full,10,0.6385981541771055,0.40780760251840625,0.04688924596494934
IN.ADM2.00226,sesamum,Whole Year,cleaned,10,0.6385981541771055,0.40780760251840625,0.04688924596494934
IN.ADM2.00227,sesamum,Whole Year,full,11,0.24753543190076602,0.06127379004629877,0.46303201925550214
IN.ADM2.00227,sesamum,Whole Year,cleaned,11,0.24753543190076602,0.06127379004629877,0.46303201925550214
IN.ADM2.00228,sesamum,Whole Year,full,10,0.3890988218406002,0.15139789315774313,0.2664254177667106
IN.ADM2.00228,sesamum,Whole Year,cleaned,10,0.3890988218406002,0.15139789315774313,0.2664254177667106
IN.ADM2.00233,sesamum,Whole Year,full,10,0.34229787048654714,0.117167832139625,0.3329603399021748
IN.ADM2.00233,sesamum,Whole Year,cleaned,10,0.34229787048654714,0.117167832139625,0.3329603399021748
IN.ADM2.00235,sesamum,Whole Year,full,8,-0.03613292533498465,0.0013055882932635754,0.932309710305764
IN.ADM2.00235,sesamum,Whole Year,cleaned,8,-0.03613292533498465,0.0013055882932635754,0.932309710305764
IN.ADM2.00236,sesamum,Whole Year,full,11,0.48672235990906876,0.23689865563545306,0.12895295692068412
IN.ADM2.00236,sesamum,Whole Year,cleaned,11,0.48672235990906876,0.23689865563545306,0.12895295692068412
IN.ADM2.00237,sesamum,Whole Year,full,11,0.0827738767593031,0.006851514673764298,0.808817635144545
IN.ADM2.00237,sesamum,Whole Year,cleaned,11,0.0827738767593031,0.006851514673764298,0.808817635144545
IN.ADM2.00238,sesamum,Whole Year,full,11,-0.10919377351244924,0.011923280173888062,0.7492789433813994
IN.ADM2.00238,sesamum,Whole Year,cleaned,11,-0.10919377351244924,0.011923280173888062,0.7492789433813994
IN.ADM2.00239,sesamum,Whole Year,full,8,0.5904809478742041,0.3486677498024186,0.12328119086822624
IN.ADM2.00239,sesamum,Whole Year,cleaned,8,0.5904809478742041,0.3486677498024186,0.12328119086822624
IN.ADM2.00240,sesamum,Whole Year,full,10,0.48738950576344403,0.23754853032833423,0.15304518171031506
IN.ADM2.00240,sesamum,Whole Year,cleaned,10,0.48738950576344403,0.23754853032833423,0.15304518171031506
IN.ADM2.00241,sesamum,Whole Year,full,11,0.7550291851854212,0.570069070481761,0.007223182131248139
IN.ADM2.00241,sesamum,Whole Year,cleaned,10,0.5505188598439638,0.30307101504389783,0.0991371702581768
IN.ADM2.00242,sesamum,Whole Year,full,11,0.020015625998402627,0.00040062528410793113,0.9534212047221836
IN.ADM2.00242,sesamum,Whole Year,cleaned,11,0.020015625998402627,0.00040062528410793113,0.9534212047221836
IN.ADM2.00244,sesamum,Whole Year,full,11,0.14512795061334258,0.0210621220492288,0.670284314061437
IN.ADM2.00244,sesamum,Whole Year,cleaned,11,0.14512795061334258,0.0210621220492288,0.670284314061437
IN.ADM2.00246,sesamum,Whole Year,full,11,0.2541992342468663,0.0646172506916932,0.45067439116803426
IN.ADM2.00246,sesamum,Whole Year,cleaned,11,0.2541992342468663,0.0646172506916932,0.45067439116803426
IN.ADM2.00247,sesamum,Whole Year,full,8,0.381819031928183,0.14578577314257482,0.35062592324470876
IN.ADM2.00247,sesamum,Whole Year,cleaned,8,0.381819031928183,0.14578577314257482,0.35062592324470876
IN.ADM2.00248,sesamum,Whole Year,full,8,0.634136465600888,0.4021290570047862,0.0912957009875246
IN.ADM2.00248,sesamum,Whole Year,cleaned,8,0.634136465600888,0.4021290570047862,0.0912957009875246
IN.ADM2.00249,sesamum,Whole Year,full,10,0.16683313287460189,0.027833294224754567,0.6450417033344038
IN.ADM2.00249,sesamum,Whole Year,cleaned,10,0.16683313287460189,0.027833294224754567,0.6450417033344038
IN.ADM2.00364,sesamum,Whole Year,full,7,0.540140372360938,0.2917516218542128,0.21071616534237717
IN.ADM2.00364,sesamum,Whole Year,cleaned,7,0.540140372360938,0.2917516218542128,0.21071616534237717
IN.ADM2.00365,sesamum,Whole Year,full,7,0.16869734621356344,0.02845879461949889,0.7176681848867498
IN.ADM2.00365,sesamum,Whole Year,cleaned,7,0.16869734621356344,0.02845879461949889,0.7176681848867498
IN.ADM2.00366,sesamum,Whole Year,full,7,0.9503391713498145,0.9031445406018521,0.001027627685312036
IN.ADM2.00366,sesamum,Whole Year,cleaned,7,0.9503391713498145,0.9031445406018521,0.001027627685312036
IN.ADM2.00367,sesamum,Whole Year,full,7,0.4230050827289986,0.17893330001456698,0.344368473196425
IN.ADM2.00367,sesamum,Whole Year,cleaned,7,0.4230050827289986,0.17893330001456698,0.344368473196425
IN.ADM2.00368,sesamum,Whole Year,full,7,0.6509875569477009,0.42378479930073615,0.11327204374288893
IN.ADM2.00368,sesamum,Whole Year,cleaned,7,0.6509875569477009,0.42378479930073615,0.11327204374288893
IN.ADM2.00369,sesamum,Whole Year,full,7,0.2174335018252781,0.047277327716003216,0.6395368498690459
IN.ADM2.00369,sesamum,Whole Year,cleaned,7,0.2174335018252781,0.047277327716003216,0.6395368498690459
IN.ADM2.00376,sesamum,Whole Year,full,7,0.36159675822606513,0.1307522155595994,0.4254665781965451
IN.ADM2.00376,sesamum,Whole Year,cleaned,7,0.36159675822606513,0.1307522155595994,0.4254665781965451
IN.ADM2.00377,sesamum,Whole Year,full,7,-0.5961351706798002,0.3553771417214345,0.15775479340879756
IN.ADM2.00377,sesamum,Whole Year,cleaned,7,-0.5961351706798002,0.3553771417214345,0.15775479340879756
IN.ADM2.00378,sesamum,Whole Year,full,7,0.5679683369078155,0.32258803172982975,0.18346288977008932
IN.ADM2.00378,sesamum,Whole Year,cleaned,7,0.5679683369078155,0.32258803172982975,0.18346288977008932
IN.ADM2.00383,sesamum,Whole Year,full,7,0.4605079086218723,0.2120675339032907,0.29840483667154244
IN.ADM2.00383,sesamum,Whole Year,cleaned,7,0.4605079086218723,0.2120675339032907,0.29840483667154244
IN.ADM2.00384,sesamum,Whole Year,full,7,0.252550998669601,0.06378200692901281,0.58479735483491
IN.ADM2.00384,sesamum,Whole Year,cleaned,7,0.252550998669601,0.06378200692901281,0.58479735483491
IN.ADM2.00451,sesamum,Whole Year,full,5,0.6864170192181039,0.47116832427226685,0.2005847564296912
IN.ADM2.00451,sesamum,Whole Year,cleaned,5,0.6864170192181039,0.47116832427226685,0.2005847564296912
IN.ADM2.00452,sesamum,Whole Year,full,5,0.9203553868779946,0.8470540381553431,0.026656977848375157
IN.ADM2.00452,sesamum,Whole Year,cleaned,5,0.9203553868779946,0.8470540381553431,0.026656977848375157
IN.ADM2.00453,sesamum,Whole Year,full,5,0.5392765427213154,0.29081918952945474,0.34828083826380174
IN.ADM2.00453,sesamum,Whole Year,cleaned,5,0.5392765427213154,0.29081918952945474,0.34828083826380174
IN.ADM2.00457,sesamum,Whole Year,full,5,0.792605652815878,0.6282237208756841,0.10978292216336535
IN.ADM2.00457,sesamum,Whole Year,cleaned,5,0.792605652815878,0.6282237208756841,0.10978292216336535
IN.ADM2.00460,sesamum,Whole Year,full,5,0.26153450228350117,0.06840029588467868,0.670840034297999
IN.ADM2.00460,sesamum,Whole Year,cleaned,5,0.26153450228350117,0.06840029588467868,0.670840034297999
IN.ADM2.00461,sesamum,Whole Year,full,5,-0.4105407324337169,0.16854369298721275,0.4923623326121726
IN.ADM2.00461,sesamum,Whole Year,cleaned,5,-0.4105407324337169,0.16854369298721275,0.4923623326121726
IN.ADM2.00462,sesamum,Whole Year,full,5,-0.6580037720595383,0.43296896404458085,0.2273656704827111
IN.ADM2.00462,sesamum,Whole Year,cleaned,5,-0.6580037720595383,0.43296896404458085,0.2273656704827111
IN.ADM2.00463,sesamum,Whole Year,full,5,0.025591975378077503,0.0006549492037521251,0.9674188421591284
IN.ADM2.00463,sesamum,Whole Year,cleaned,5,0.025591975378077503,0.0006549492037521251,0.9674188421591284
IN.ADM2.00464,sesamum,Whole Year,full,5,-0.42273869038774914,0.1787080003507492,0.47824373876154225
IN.ADM2.00464,sesamum,Whole Year,cleaned,5,-0.42273869038774914,0.1787080003507492,0.47824373876154225
IN.ADM2.00465,sesamum,Whole Year,full,5,0.68091916607613,0.46365091072981235,0.20569334663067132
IN.ADM2.00465,sesamum,Whole Year,cleaned,5,0.68091916607613,0.46365091072981235,0.20569334663067132
IN.ADM2.00466,sesamum,Whole Year,full,5,-0.8726072620890474,0.7614434338505435,0.053527005108549415
IN.ADM2.00466,sesamum,Whole Year,cleaned,5,-0.8726072620890474,0.7614434338505435,0.053527005108549415
IN.ADM2.00492,sesamum,Whole Year,full,7,-0.12998584820537087,0.016896320733669718,0.781188698540806
IN.ADM2.00492,sesamum,Whole Year,cleaned,7,-0.12998584820537087,0.016896320733669718,0.781188698540806
IN.ADM2.00514,sesamum,Whole Year,full,5,0.7911889685879305,0.6259799840152334,0.11088440648917533
IN.ADM2.00514,sesamum,Whole Year,cleaned,5,0.7911889685879305,0.6259799840152334,0.11088440648917533
IN.ADM2.00533,sesamum,Whole Year,full,7,0.3194807148165289,0.10206792713968027,0.48488276450041345
IN.ADM2.00533,sesamum,Whole Year,cleaned,7,0.3194807148165289,0.10206792713968027,0.48488276450041345
IN.ADM2.00534,sesamum,Whole Year,full,7,0.7209798186415348,0.5198118988883804,0.06750508779029255
IN.ADM2.00534,sesamum,Whole Year,cleaned,7,0.7209798186415348,0.5198118988883804,0.06750508779029255
IN.ADM2.00566,sesamum,Whole Year,full,7,0.872869252778926,0.7619007324468406,0.010323870728040035
IN.ADM2.00566,sesamum,Whole Year,cleaned,7,0.872869252778926,0.7619007324468406,0.010323870728040035
IN.ADM2.00567,sesamum,Whole Year,full,7,0.6742804779102626,0.4546541628908921,0.09666056342581258
IN.ADM2.00567,sesamum,Whole Year,cleaned,7,0.6742804779102626,0.4546541628908921,0.09666056342581258
IN.ADM2.00568,sesamum,Whole Year,full,7,0.741354615562028,0.5496066660151223,0.05652309325132029
IN.ADM2.00568,sesamum,Whole Year,cleaned,7,0.741354615562028,0.5496066660151223,0.05652309325132029
IN.ADM2.00577,sesamum,Whole Year,full,7,0.5761139368429583,0.33190726822469213,0.1758321247713304
IN.ADM2.00577,sesamum,Whole Year,cleaned,7,0.5761139368429583,0.33190726822469213,0.1758321247713304
IN.ADM2.00578,sesamum,Whole Year,full,7,0.15010215977584213,0.022530658369372437,0.7480395776908961
IN.ADM2.00578,sesamum,Whole Year,cleaned,7,0.15010215977584213,0.022530658369372437,0.7480395776908961
