{
"type": "FeatureCollection",
"name": "boundaries_vn",
"crs": { "type": "name", "properties": { "name": "urn:ogc:def:crs:OGC:1.3:CRS84" } },
"features": [
{ "type": "Feature", "properties": { "stable_id": "VN.ADM1.00001" }, "geometry": { "type": "Polygon", "coordinates": [ [ [ 105.205928065028218, 10.183523747822733 ], [ 105.015563194086326, 10.319271350192821 ], [ 104.864690468890217, 10.355652791343402 ], [ 104.778068628264691, 10.487059328425232 ], [ 104.77842718706512, 10.51829648199714 ], [ 104.867017514146937, 10.521007721229353 ], [ 104.946734194627481, 10.632844267748794 ], [ 105.097884057603324, 10.723110122634239 ], [ 105.028918622896299, 10.893102498381666 ], [ 105.052430145934636, 10.928508817228249 ], [ 105.078663348434873, 10.936545578116124 ], [ 105.081230168237823, 10.957114068859255 ], [ 105.112326763169563, 10.961565683309686 ], [ 105.10201544595617, 10.922140063113602 ], [ 105.156296100085001, 10.924448460927806 ], [ 105.187533323803962, 10.909134495760554 ], [ 105.187763919869042, 10.874127396762105 ], [ 105.22916489824155, 10.805719388838725 ], [ 105.259141536852553, 10.802697947352385 ], [ 105.261562185346691, 10.770929518382616 ], [ 105.303228380985104, 10.759140324566431 ], [ 105.278542777727068, 10.723037759584997 ], [ 105.348567188425079, 10.717107362015327 ], [ 105.342906940902651, 10.637641607674084 ], [ 105.36842386127222, 10.576338353632138 ], [ 105.416933714219738, 10.550019488908447 ], [ 105.532450095895399, 10.537189614009606 ], [ 105.557766580763143, 10.508369060184009 ], [ 105.575110545115706, 10.441789847023927 ], [ 105.52696979641911, 10.400581111329359 ], [ 105.520436752354271, 10.365119751275643 ], [ 105.49054271107741, 10.344327272685518 ], [ 105.495289673679565, 10.325288590795878 ], [ 105.426686736803617, 10.303021283405542 ], [ 105.441376766724431, 10.269760046389194 ], [ 105.336209152730362, 10.234424147156744 ], [ 105.301348305080353, 10.277002256249261 ], [ 105.205928065028218, 10.183523747822733 ] ] ] } },
{ "type": "Feature", "properties": { "stable_id": "VN.ADM1.00002" }, "geometry": { "type": "Polygon", "coordinates": [ [ [ 105.943996374832921, 21.377872231018728 ], [ 105.912465278749664, 21.376450419951084 ], [ 105.906514696795909, 21.347579522976787 ], [ 105.881327008334893, 21.339218489042082 ], [ 105.8923903323481, 21.326333866115078 ], [ 105.855741421129778, 21.34373034637855 ], [ 105.856489142659939, 21.376456961619624 ], [ 105.799912147028067, 21.383886467886327 ], [ 105.775763426441131, 21.360985640275203 ], [ 105.749789481399603, 21.415784451391403 ], [ 105.72915423488007, 21.409294618851732 ], [ 105.72455653905314, 21.433164223150357 ], [ 105.652250453895476, 21.457522803234895 ], [ 105.603537387440554, 21.52917780261356 ], [ 105.525471777700432, 21.585117930748027 ], [ 105.496603284613911, 21.61842939220287 ], [ 105.479531366979188, 21.674876573395238 ], [ 105.525798781988271, 21.767818441068243 ], [ 105.49451778017152, 21.774779208094117 ], [ 105.493933664207418, 21.828139912427162 ], [ 105.527244139105846, 21.83437833319357 ], [ 105.518401829381048, 21.876504430435205 ], [ 105.552939002033497, 21.908543162337196 ], [ 105.555688331151657, 21.957480231027887 ], [ 105.505197162918932, 21.99384085377244 ], [ 105.464408996977795, 22.0738748276612 ], [ 105.474117907815184, 22.097474070571991 ], [ 105.463732400130255, 22.116318356806858 ], [ 105.492980819909008, 22.15575740028396 ], [ 105.469070791983654, 22.161062730360698 ], [ 105.43630900065989, 22.207588979248044 ], [ 105.435655087412442, 22.258780910011126 ], [ 105.489560817777544, 22.293418696116078 ], [ 105.478870935445343, 22.308335499983343 ], [ 105.514358934317499, 22.350901220914636 ], [ 105.51915556377844, 22.40088098876663 ], [ 105.563639622270841, 22.403867943950445 ], [ 105.571203534915355, 22.419268679306242 ], [ 105.550466716266101, 22.420417003841806 ], [ 105.560998549943236, 22.462909911163536 ], [ 105.597663797346456, 22.488791732352695 ], [ 105.590187494857162, 22.54425367476739 ], [ 105.529163931770029, 22.619962522952164 ], [ 105.541735814556205, 22.652378800141605 ], [ 105.587330132879401, 22.675827603561117 ], [ 105.605385130019783, 22.669280686554544 ], [ 105.603259075146298, 22.687188113940465 ], [ 105.646021867215438, 22.697286021133039 ], [ 105.664188283162787, 22.721013141343519 ], [ 105.693039619882711, 22.716464076356203 ], [ 105.740918512079759, 22.739601438255875 ], [ 105.759861160764046, 22.725206204302935 ], [ 105.760774363845883, 22.697166618144934 ], [ 105.779168492631925, 22.690726860756058 ], [ 105.729173812221745, 22.635399628690038 ], [ 105.804739027883954, 22.523158192096957 ], [ 105.870209367968016, 22.519799647835612 ], [ 105.912156613437162, 22.494217318874291 ], [ 105.933933175176037, 22.526182877437918 ], [ 105.957117178615079, 22.521787440038452 ], [ 106.049459203879223, 22.573880451921411 ], [ 106.083641592185757, 22.572124629048574 ], [ 106.076301036963457, 22.551981960099397 ], [ 106.097406188244975, 22.545881848768317 ], [ 106.102993045692585, 22.515845651655525 ], [ 106.121038549589457, 22.506284013796289 ], [ 106.101518567627977, 22.447423953352882 ], [ 106.10750422673874, 22.400461009867684 ], [ 106.141205081149678, 22.393531091386876 ], [ 106.167585454105506, 22.406733825205947 ], [ 106.206453336352411, 22.369550498157139 ], [ 106.219999362980275, 22.349201465375472 ], [ 106.199745499155597, 22.313886996088115 ], [ 106.246985494085322, 22.257025187862268 ], [ 106.221716282080877, 22.204538181192277 ], [ 106.233155609943594, 22.176507753729936 ], [ 106.188712399557573, 22.138093199041975 ], [ 106.157096531579725, 22.081526987180894 ], [ 106.100558488283752, 22.071908458208839 ], [ 106.09736271861459, 22.03773128507089 ], [ 106.113716728144482, 21.981384811759824 ], [ 106.098613305060042, 21.937575823965233 ], [ 106.130010369782894, 21.914710218301934 ], [ 106.095452087343972, 21.820727292730396 ], [ 106.10653882071, 21.790066386954322 ], [ 106.137595631433328, 21.783961851858066 ], [ 106.152058506994479, 21.760651402840097 ], [ 106.228593332116588, 21.731095164010753 ], [ 106.23738133178307, 21.714732682867009 ], [ 106.191480339246425, 21.645922568271999 ], [ 106.184857004147545, 21.604044666827974 ], [ 106.159536812274268, 21.626274200893704 ], [ 106.094826239239637, 21.624458508353598 ], [ 106.058235533043614, 21.603416085683818 ], [ 106.033337979364433, 21.570936912608545 ], [ 106.05334292883316, 21.539455926749667 ], [ 106.037567445081663, 21.490268931965829 ], [ 106.048269576180132, 21.443684343158054 ], [ 106.025376388309724, 21.431689114660969 ], [ 106.034029148826164, 21.40817536490124 ], [ 106.02749249218482, 21.396919258617061 ], [ 105.99867872194551, 21.405072406166653 ], [ 105.962607401210732, 21.436888923685046 ], [ 105.943996374832921, 21.377872231018728 ] ] ] } },
{ "type": "Feature", "properties": { "stable_id": "VN.ADM1.00003" }, "geometry": { "type": "Polygon", "coordinates": [ [ [ 106.699298393006416, 10.027804015842776 ], [ 106.64247686361648, 9.940430207987788 ], [ 106.686698502633931, 9.877268827794239 ], [ 106.654004709050071, 9.821827387224232 ], [ 106.607010529412435, 9.790439108877763 ], [ 106.484623446914611, 9.918766565124884 ], [ 106.30726438344459, 10.027028375759073 ], [ 106.202877947559386, 10.166287941335611 ], [ 106.12113150441553, 10.231751172278848 ], [ 106.036896117362005, 10.250661946291871 ], [ 106.030237145727824, 10.291189138867765 ], [ 106.137030481271836, 10.282850314590462 ], [ 106.207615549118429, 10.314664698916772 ], [ 106.286157777959204, 10.328196479384076 ], [ 106.304872092373216, 10.318988043063769 ], [ 106.372649501073795, 10.340422687956732 ], [ 106.5414914730531, 10.266019442243646 ], [ 106.746401360934101, 10.193515741858107 ], [ 106.788530024840838, 10.191702265247443 ], [ 106.790837744566375, 10.108252105949987 ], [ 106.748076771825595, 10.051354571256468 ], [ 106.699298393006416, 10.027804015842776 ] ] ] } },
{ "type": "Feature", "properties": { "stable_id": "VN.ADM1.00004" }, "geometry": { "type": "MultiPolygon", "coordinates": [ [ [ [ 108.198256407607175, 16.214164880804788 ], [ 108.210653476576795, 16.220077721809503 ], [ 108.206703165818453, 16.209901290312416 ], [ 108.198256407607175, 16.214164880804788 ] ] ], [ [ [ 107.875608353043162, 16.162723604910525 ], [ 107.816096348867518, 16.05398735243449 ], [ 107.777578042992332, 16.065399037835391 ], [ 107.705194982162766, 15.995395227907579 ], [ 107.627518330107023, 16.031230258969345 ], [ 107.618979437251255, 16.063562561962726 ], [ 107.553196437965426, 16.044357300449121 ], [ 107.559663140841337, 16.021557983813977 ], [ 107.547626298914622, 16.010833250054418 ], [ 107.51145895306837, 16.016361963633813 ], [ 107.490245208649526, 16.040976202090178 ], [ 107.467115165432574, 16.025325823028481 ], [ 107.47257574727297, 16.084943044286149 ], [ 107.43161734776254, 16.149838169895759 ], [ 107.384807748578908, 16.114199043551082 ], [ 107.3502324770472, 16.11100748001121 ], [ 107.318316840749674, 16.131220716063297 ], [ 107.267424776332462, 16.121537598681414 ], [ 107.15309450510739, 16.176551358558413 ], [ 107.144480097078883, 16.214997778025122 ], [ 107.157053690375562, 16.256670257226574 ], [ 107.088797042849308, 16.310916329724876 ], [ 106.969168288086053, 16.302294436638988 ], [ 106.963420360261523, 16.354744282422701 ], [ 106.904863341669966, 16.3881541144209 ], [ 106.903067114056228, 16.426593384277282 ], [ 106.872171999638169, 16.43162282123626 ], [ 106.886541821447963, 16.448148113844354 ], [ 106.876482945731425, 16.468625109361369 ], [ 106.890493520759549, 16.511734570294266 ], [ 106.863550108350807, 16.540474211215951 ], [ 106.832295748949832, 16.547299874889347 ], [ 106.802119126296702, 16.462158688872535 ], [ 106.77661269382088, 16.470062091092643 ], [ 106.772055800235023, 16.432407130784611 ], [ 106.740368506301536, 16.411366767562413 ], [ 106.733524050394806, 16.440012082191913 ], [ 106.686880353645563, 16.439505084891778 ], [ 106.646827614602785, 16.521638551278215 ], [ 106.647081112803221, 16.540650927098795 ], [ 106.671923950829751, 16.560170300219283 ], [ 106.666853984124259, 16.584252642745298 ], [ 106.646067120001646, 16.594392577055828 ], [ 106.627815237883055, 16.582478155342756 ], [ 106.614633324268539, 16.606306999668391 ], [ 106.585734512337865, 16.600730035662764 ], [ 106.554654553065177, 16.691878412358903 ], [ 106.549161985936962, 17.007701050563185 ], [ 106.513167234380546, 16.970734154357899 ], [ 106.456079729596013, 17.001396331775425 ], [ 106.437092749730652, 16.994978197685782 ], [ 106.400990745026888, 17.052473982988033 ], [ 106.406874035208659, 17.087773721380245 ], [ 106.375155142695803, 17.108641797880694 ], [ 106.310037373725891, 17.210701379165357 ], [ 106.334456538438587, 17.231363748338481 ], [ 106.310037373725891, 17.235746675268842 ], [ 106.300645387574605, 17.29397698814762 ], [ 106.277478489241048, 17.295855385917378 ], [ 106.279983019301028, 17.265801029693932 ], [ 106.249928663976789, 17.244512529129963 ], [ 106.199211938580163, 17.273314618974609 ], [ 106.125954448938728, 17.342189182584889 ], [ 106.090891034393906, 17.353459565606556 ], [ 105.865285212842423, 17.618667340125683 ], [ 105.779881044374861, 17.674633939804608 ], [ 105.750356172998977, 17.672962720653061 ], [ 105.730023006956401, 17.745103678592045 ], [ 105.677658141709912, 17.79217635015857 ], [ 105.685178627891446, 17.835628047196735 ], [ 105.611366450801199, 17.885486082816612 ], [ 105.639791614991111, 17.990589891710101 ], [ 105.70635708381235, 17.992818507967854 ], [ 105.738547423424905, 18.036825581335677 ], [ 105.774137026802521, 18.019375518565425 ], [ 105.828578580437124, 18.031876047341768 ], [ 105.819732408124253, 18.060852188377908 ], [ 105.93182660141656, 18.088983422646834 ], [ 105.954633239432553, 18.057794737137442 ], [ 105.985996002213824, 18.064200213269373 ], [ 106.019980857130918, 18.02560162941171 ], [ 106.045523408178838, 18.027379404735768 ], [ 106.071248550380403, 17.99524583932407 ], [ 106.046468295275588, 17.948309849420127 ], [ 106.076980193281486, 17.933257920616654 ], [ 106.167350454060283, 17.915181426981405 ], [ 106.242490981073956, 17.928361732608039 ], [ 106.284213105550464, 17.908389924955202 ], [ 106.287303424313677, 17.942013380113451 ], [ 106.338716385952637, 17.990517897383143 ], [ 106.435698261865411, 17.972682082112442 ], [ 106.450348189217664, 17.949511880568878 ], [ 106.510617881210351, 17.959989700064625 ], [ 106.515636589257383, 17.941479447218796 ], [ 106.482876170299164, 17.921434867325445 ], [ 106.447062513424385, 17.859959185368155 ], [ 106.454366915900493, 17.786138887399829 ], [ 106.513257226839528, 17.662010462912519 ], [ 106.685865002867672, 17.415610422583029 ], [ 106.860262094320376, 17.261900452344094 ], [ 107.116800372839066, 17.085002273436203 ], [ 107.110475764644946, 17.022941170598642 ], [ 107.128942761898998, 16.982842494185888 ], [ 107.296272487885119, 16.812238482320197 ], [ 107.622053634767553, 16.567071018612808 ], [ 107.714317235552016, 16.521831516111661 ], [ 107.976299363125122, 16.317412132863808 ], [ 108.010527909135817, 16.314111344862852 ], [ 108.025554206361733, 16.326446470328449 ], [ 108.018836987437169, 16.343036072556743 ], [ 108.034313001443991, 16.335812029002113 ], [ 108.090715745335388, 16.226807928742971 ], [ 108.194583008898803, 16.210087098341091 ], [ 108.09245826543679, 16.180168928253465 ], [ 108.054406787743233, 16.181102191613036 ], [ 107.988305702746118, 16.214002545980804 ], [ 107.956539140768825, 16.189537419616386 ], [ 107.910911364068227, 16.215505110772312 ], [ 107.876054059747048, 16.19689517077569 ], [ 107.875608353043162, 16.162723604910525 ] ] ], [ [ [ 107.331736169988289, 17.162602236703833 ], [ 107.347940299405366, 17.156506058108164 ], [ 107.336547440412119, 17.151566297046941 ], [ 107.331736169988289, 17.162602236703833 ] ] ], [ [ [ 106.465553461423099, 17.874822518244798 ], [ 106.473074455721587, 17.887073974384521 ], [ 106.469751303380008, 17.871343513392617 ], [ 106.465553461423099, 17.874822518244798 ] ] ], [ [ [ 106.498131627372743, 17.909045017213884 ], [ 106.492658866013983, 17.91225728944238 ], [ 106.49485239522204, 17.914993695302826 ], [ 106.498131627372743, 17.909045017213884 ] ] ], [ [ [ 106.535195856303915, 17.936322364085981 ], [ 106.527543509725319, 17.931944155898179 ], [ 106.525582833880662, 17.937711970431167 ], [ 106.535195856303915, 17.936322364085981 ] ] ], [ [ [ 106.523774442936315, 17.943868230034923 ], [ 106.518577699701098, 17.941598224278778 ], [ 106.518206505425951, 17.942112187727275 ], [ 106.523774442936315, 17.943868230034923 ] ] ] ] } },
{ "type": "Feature", "properties": { "stable_id": "VN.ADM1.00005" }, "geometry": { "type": "Polygon", "coordinates": [ [ [ 106.118621389565476, 22.469343591833365 ], [ 106.097406188244975, 22.545881848768317 ], [ 106.076301036963457, 22.551981960099397 ], [ 106.083641592185757, 22.572124629048574 ], [ 106.054860524893343, 22.573739602800458 ], [ 105.957117178615079, 22.521787440038452 ], [ 105.933933175176037, 22.526182877437918 ], [ 105.912156613437162, 22.494217318874291 ], [ 105.870209367968016, 22.519799647835612 ], [ 105.804739027883954, 22.523158192096957 ], [ 105.729173812221745, 22.635399628690038 ], [ 105.779168492631925, 22.690726860756058 ], [ 105.760774363845883, 22.697166618144934 ], [ 105.759861160764046, 22.725206204302935 ], [ 105.740918512079759, 22.739601438255875 ], [ 105.693039619882711, 22.716464076356203 ], [ 105.664188283162787, 22.721013141343519 ], [ 105.646021867215438, 22.697286021133039 ], [ 105.603259075146298, 22.687188113940465 ], [ 105.605385130019783, 22.669280686554544 ], [ 105.587330132879401, 22.675827603561117 ], [ 105.546713273399007, 22.656981188630937 ], [ 105.539397602417466, 22.635700484289998 ], [ 105.498848972702035, 22.633934612392579 ], [ 105.473865030147067, 22.753491843174061 ], [ 105.273567749752033, 22.860285863102149 ], [ 105.272327636811156, 22.875476567189821 ], [ 105.307220544392749, 22.873321616199746 ], [ 105.311935950683619, 22.910538692107082 ], [ 105.36513544074802, 22.939312036021647 ], [ 105.36184479709982, 22.976545385161501 ], [ 105.376006349413558, 22.988798932225109 ], [ 105.484878171090827, 23.007614218021899 ], [ 105.528404610784207, 23.105394995882421 ], [ 105.567477844227312, 23.118458436407877 ], [ 105.576355916392572, 23.065974112415404 ], [ 105.643597570171778, 23.08196316986448 ], [ 105.676889855382569, 23.064002857845708 ], [ 105.738217748150646, 23.060498406676231 ], [ 105.737341634908603, 23.031805713962569 ], [ 105.779395048043114, 23.023920700180213 ], [ 105.831027107914792, 22.984256374731956 ], [ 105.876370280664105, 22.919941161655458 ], [ 105.911089112772402, 22.946122575796267 ], [ 105.993807203239953, 22.941948727751708 ], [ 106.002331123282772, 22.992836102204421 ], [ 106.123765670849139, 22.981790010101008 ], [ 106.126611477437905, 22.997157361722998 ], [ 106.218625867090282, 22.970596507423011 ], [ 106.26093351407053, 22.910075702232007 ], [ 106.256000783909144, 22.880858762322077 ], [ 106.286925207232571, 22.868906376628104 ], [ 106.347825452582697, 22.858661476146381 ], [ 106.36774609420695, 22.881238203380406 ], [ 106.406449054280529, 22.875356870123539 ], [ 106.446859496868456, 22.902676607439673 ], [ 106.455776354994839, 22.891293382883475 ], [ 106.47512783458194, 22.910644863369782 ], [ 106.496755959619861, 22.906281294346343 ], [ 106.501309248722976, 22.935498234256272 ], [ 106.522368212622951, 22.950675865798758 ], [ 106.566383343016923, 22.919751441575954 ], [ 106.605271273850292, 22.92663608099042 ], [ 106.627445238806899, 22.880744392839517 ], [ 106.652285695428702, 22.866148870873872 ], [ 106.669688047365582, 22.893796156567419 ], [ 106.70617685138069, 22.889024544447238 ], [ 106.718947933100651, 22.879200636400356 ], [ 106.710667780593724, 22.864464773430711 ], [ 106.769001978658423, 22.827151317179698 ], [ 106.765295567636429, 22.811531444021057 ], [ 106.807919289443817, 22.821379906257675 ], [ 106.830473789933649, 22.810745486015492 ], [ 106.825261651204301, 22.780217238334956 ], [ 106.770658280755185, 22.743235864843257 ], [ 106.778766053910431, 22.706916351008829 ], [ 106.721101586369173, 22.639820391897615 ], [ 106.727141050119428, 22.588526317035871 ], [ 106.656404865592208, 22.573965418969067 ], [ 106.617024253766488, 22.606148313993572 ], [ 106.582111189679779, 22.520189372641482 ], [ 106.584471330887254, 22.475478384619805 ], [ 106.563121168307362, 22.463871913258231 ], [ 106.572044077072633, 22.429692632109436 ], [ 106.519689815732534, 22.39831020295361 ], [ 106.490813089352685, 22.401752367078188 ], [ 106.478009986371887, 22.364782726141868 ], [ 106.450516565687053, 22.357253839393366 ], [ 106.394334686296929, 22.372479293284812 ], [ 106.360853324021775, 22.35734269331067 ], [ 106.333384923375604, 22.406892065416571 ], [ 106.239679903604838, 22.461459649143535 ], [ 106.215344618659287, 22.450678884023262 ], [ 106.18479863994537, 22.387062685194849 ], [ 106.159862044897466, 22.408792779863063 ], [ 106.142676056354958, 22.393784319790598 ], [ 106.110791541096887, 22.398224206182306 ], [ 106.100701536246959, 22.436990664687471 ], [ 106.118621389565476, 22.469343591833365 ] ] ] } },
{ "type": "Feature", "properties": { "stable_id": "VN.ADM1.00006" }, "geometry": { "type": "Polygon", "coordinates": [ [ [ 106.581657196622416, 9.756342239802564 ], [ 106.562880694988223, 9.623888184991756 ], [ 106.505559787354457, 9.560554973133549 ], [ 106.414874413123869, 9.529950872135089 ], [ 106.335102829931827, 9.53580310063262 ], [ 106.307092832368312, 9.581279135623674 ], [ 106.247216134217354, 9.617888216767824 ], [ 106.068926824613357, 9.778576901802694 ], [ 105.982366223322686, 9.882870372070101 ], [ 105.857388869400893, 9.969768427770816 ], [ 105.78505036638137, 10.067516359692377 ], [ 105.682815787818527, 10.134119307759875 ], [ 105.689986661655155, 10.149769045605069 ], [ 105.727690922797876, 10.205003971256303 ], [ 105.764895657308841, 10.178084124682698 ], [ 105.775190875758312, 10.189181298278413 ], [ 105.818346143659767, 10.149395710044018 ], [ 105.870383797774082, 10.154412570883494 ], [ 105.876200031806093, 10.1870245243623 ], [ 105.913070724834199, 10.192664302415778 ], [ 105.919651206338244, 10.211168792405886 ], [ 105.879643930722864, 10.26445310742497 ], [ 105.992553656226335, 10.330172402334483 ], [ 106.034609741246754, 10.298523698310078 ], [ 106.036896117362005, 10.250661946291871 ], [ 106.125310356288082, 10.228701429127682 ], [ 106.225196894021565, 10.142827214704369 ], [ 106.314858436867496, 10.020199757812748 ], [ 106.484623446914611, 9.918766565124884 ], [ 106.573718788291558, 9.831150792874951 ], [ 106.607010529412435, 9.790439108877763 ], [ 106.581657196622416, 9.756342239802564 ] ] ] } },
{ "type": "Feature", "properties": { "stable_id": "VN.ADM1.00007" }, "geometry": { "type": "Polygon", "coordinates": [ [ [ 108.112215145912387, 12.177578725977583 ], [ 108.101877538817405, 12.141146172757772 ], [ 108.033085431347558, 12.141512114092961 ], [ 107.993360248776582, 12.121811273971218 ], [ 107.962814707133134, 12.067441159781879 ], [ 108.011847826116366, 12.048704517899239 ], [ 108.010383314338526, 12.02282426782574 ], [ 108.045500136921873, 11.975875754862273 ], [ 108.047101718869328, 11.949743638858024 ], [ 108.065274364420532, 11.948595615595252 ], [ 108.111873060893231, 11.899763776577174 ], [ 108.072326784953248, 11.840462310887006 ], [ 107.974118856100404, 11.790286302870584 ], [ 107.945774210011848, 11.821990397938578 ], [ 107.924794601389806, 11.799137032048407 ], [ 107.899556416895109, 11.807895301926635 ], [ 107.89431438829854, 11.870513184935533 ], [ 107.834520890926456, 11.877714614138199 ], [ 107.770231838228881, 11.8516375870052 ], [ 107.72870953681587, 11.877518973821623 ], [ 107.729064623333727, 11.914843030381519 ], [ 107.705153475752354, 11.919889270273643 ], [ 107.678513907390993, 11.914738532757099 ], [ 107.676642565701911, 11.891660847170442 ], [ 107.5553472071079, 11.795346834788745 ], [ 107.504164816353295, 11.800396760102558 ], [ 107.463942495749677, 11.760894281146193 ], [ 107.433152342107007, 11.764108581346079 ], [ 107.415389984360388, 11.749097214664857 ], [ 107.391024709722672, 11.76662452740004 ], [ 107.39355936976915, 11.794990580950582 ], [ 107.425673345248697, 11.859690407086703 ], [ 107.353605696445754, 11.938832277787526 ], [ 107.324980043694097, 12.003634336155756 ], [ 107.259800326723735, 12.018531414293363 ], [ 107.242595947045515, 12.039089742697456 ], [ 107.231065677938886, 12.028499308296546 ], [ 107.240926399733723, 12.114335344700578 ], [ 107.224522117202071, 12.125534691173186 ], [ 107.206138262271111, 12.298596952187665 ], [ 107.346460400227443, 12.334466118816408 ], [ 107.417596188613288, 12.239059526875678 ], [ 107.435457761366763, 12.24423743470993 ], [ 107.445515931115381, 12.289850071323769 ], [ 107.545586548380584, 12.352473746866053 ], [ 107.555055021871908, 12.378112609009804 ], [ 107.546764704327813, 12.413346460370974 ], [ 107.581003893814625, 12.494014663146174 ], [ 107.555274660597263, 12.518408887860005 ], [ 107.590348945247797, 12.559065929948758 ], [ 107.569790965780555, 12.642902139422176 ], [ 107.582773183135942, 12.679527945258542 ], [ 107.560121167358147, 12.710087118825527 ], [ 107.55523644300763, 12.817713863304277 ], [ 107.492060683553802, 12.895218145001479 ], [ 107.502807075686007, 12.916222457100844 ], [ 107.487013136047437, 12.969465944697674 ], [ 107.504760965246419, 12.975327613378738 ], [ 107.491921521561096, 13.020987049812618 ], [ 107.60995687640883, 13.306800174688362 ], [ 107.698274505664017, 13.373221242066847 ], [ 107.748922777364442, 13.362977963062633 ], [ 107.835754328199812, 13.398517542550678 ], [ 107.940699384269294, 13.373960199703617 ], [ 108.115297481393839, 13.415288397741506 ], [ 108.213231959687391, 13.368404692622562 ], [ 108.264908232928747, 13.371906140955616 ], [ 108.345237891315719, 13.33874789430007 ], [ 108.372463882402371, 13.302526779787172 ], [ 108.374316656688393, 13.266924150629109 ], [ 108.419499457833865, 13.242775537960824 ], [ 108.423863534074883, 13.19755548329897 ], [ 108.469415027581647, 13.14097435528231 ], [ 108.461118227724171, 13.120108447047301 ], [ 108.487371968941261, 13.111323531156188 ], [ 108.519189148360567, 13.070748620552536 ], [ 108.512656169946354, 13.034935414238078 ], [ 108.591664756623345, 13.02951506177078 ], [ 108.611787636889972, 13.010089267605679 ], [ 108.681916620755544, 12.997773780635555 ], [ 108.67407177699107, 12.98927341833371 ], [ 108.705670795271089, 12.964291914740102 ], [ 108.703593570886767, 12.943119657845955 ], [ 108.732698974178334, 12.952264742324076 ], [ 108.753322504330242, 12.94159664696781 ], [ 108.793352063347072, 12.868127694337772 ], [ 108.814781967913518, 12.874896796050336 ], [ 108.84509231705681, 12.856627527338617 ], [ 108.869106193296318, 12.815825634145824 ], [ 108.945613286024468, 12.806118556126535 ], [ 108.969804585013719, 12.816700044971128 ], [ 108.987706681218469, 12.775467365726513 ], [ 108.988923434269111, 12.688538052289346 ], [ 108.904421429705337, 12.675455022731171 ], [ 108.914175166350901, 12.643012407996366 ], [ 108.864315690017122, 12.60674123631901 ], [ 108.895663182310102, 12.574031277421625 ], [ 108.861295310630169, 12.493994493151433 ], [ 108.880094655044331, 12.478860152274194 ], [ 108.871843852811594, 12.452147981644089 ], [ 108.801375680643162, 12.480110282763462 ], [ 108.781564562954259, 12.503639753571861 ], [ 108.753591675015798, 12.497340426219807 ], [ 108.748375679993785, 12.479546697422222 ], [ 108.702478738003549, 12.473847931037199 ], [ 108.671064677892616, 12.424907129260703 ], [ 108.69159706175509, 12.372863080966454 ], [ 108.685947480192169, 12.323277568704896 ], [ 108.665785833749339, 12.298967401824314 ], [ 108.596711214151298, 12.276419284722351 ], [ 108.542000179564809, 12.297267768592633 ], [ 108.511044496706347, 12.276859367965585 ], [ 108.483839646882245, 12.309565584783968 ], [ 108.460174042098515, 12.275835176852013 ], [ 108.44471467724054, 12.276667657686289 ], [ 108.437345681857778, 12.250217550399668 ], [ 108.336237398037554, 12.248038090185787 ], [ 108.340100096842093, 12.228163522628563 ], [ 108.295939385094641, 12.204573825122054 ], [ 108.278654584441597, 12.21410455058458 ], [ 108.241176450632793, 12.160831801746383 ], [ 108.229697856570851, 12.180096145121126 ], [ 108.191142941993292, 12.173525343919664 ], [ 108.167267090104133, 12.194696708686195 ], [ 108.112215145912387, 12.177578725977583 ] ] ] } },
{ "type": "Feature", "properties": { "stable_id": "VN.ADM1.00008" }, "geometry": { "type": "MultiPolygon", "coordinates": [ [ [ [ 106.55722631374357, 8.628084227605086 ], [ 106.55801748511891, 8.630190051329919 ], [ 106.558746790332293, 8.628993183188925 ], [ 106.55722631374357, 8.628084227605086 ] ] ], [ [ [ 106.617403113862679, 8.638337816437115 ], [ 106.620312005194933, 8.636844704419616 ], [ 106.617902800573916, 8.634804316266241 ], [ 106.617403113862679, 8.638337816437115 ] ] ], [ [ [ 106.623292280214571, 8.638980269623744 ], [ 106.622304803024292, 8.638450839634686 ], [ 106.622334547201717, 8.639628672725109 ], [ 106.623292280214571, 8.638980269623744 ] ] ], [ [ [ 106.540304777143888, 8.651283378325388 ], [ 106.57628222844221, 8.645786822703883 ], [ 106.55992819193267, 8.630589206426805 ], [ 106.540304777143888, 8.651283378325388 ] ] ], [ [ [ 106.555897694023542, 8.688930502840606 ], [ 106.559236101564863, 8.683524400131091 ], [ 106.554947770723174, 8.684039137895866 ], [ 106.555897694023542, 8.688930502840606 ] ] ], [ [ [ 106.663915032952389, 8.758245398806139 ], [ 106.652907645871323, 8.74689537002547 ], [ 106.663082221167713, 8.733311026882518 ], [ 106.637443528995732, 8.717951606381519 ], [ 106.659346467965293, 8.692931574033025 ], [ 106.635340085776477, 8.700067577556752 ], [ 106.603320630842632, 8.678684789371687 ], [ 106.613288668737084, 8.640369279718641 ], [ 106.576823428758416, 8.645865835340146 ], [ 106.560831070797292, 8.682902145717605 ], [ 106.592809600282919, 8.724702137094084 ], [ 106.663915032952389, 8.758245398806139 ] ] ], [ [ [ 106.5467838241143, 8.704285075096209 ], [ 106.53816779640681, 8.710312249610695 ], [ 106.551445188344928, 8.711578122732249 ], [ 106.5467838241143, 8.704285075096209 ] ] ], [ [ [ 106.58594975157996, 8.737496402437102 ], [ 106.587877115636388, 8.735069351669267 ], [ 106.584224643252867, 8.736068725991061 ], [ 106.58594975157996, 8.737496402437102 ] ] ], [ [ [ 106.636869774120839, 8.637531282842531 ], [ 106.629338780260696, 8.632534414831468 ], [ 106.627006908342196, 8.636189266821191 ], [ 106.636869774120839, 8.637531282842531 ] ] ], [ [ [ 106.675238313197781, 8.651826463620523 ], [ 106.675233553985379, 8.649727779613499 ], [ 106.673896297176441, 8.650603420711434 ], [ 106.675238313197781, 8.651826463620523 ] ] ], [ [ [ 106.659609159934973, 8.678115701078923 ], [ 106.696569328312023, 8.679599294671789 ], [ 106.710655736872866, 8.667892346554538 ], [ 106.677858040116519, 8.655977196390609 ], [ 106.659609159934973, 8.678115701078923 ] ] ], [ [ [ 106.740548905807373, 8.698983970933625 ], [ 106.740310959583212, 8.682594243929259 ], [ 106.733343898202463, 8.68769580831497 ], [ 106.740548905807373, 8.698983970933625 ] ] ], [ [ [ 106.720188117987391, 8.779399317624552 ], [ 106.719331511939743, 8.778971014600756 ], [ 106.719302959364143, 8.77946118378668 ], [ 106.720188117987391, 8.779399317624552 ] ] ], [ [ [ 107.253771396732759, 10.379444919947161 ], [ 107.212888687762927, 10.405647466357664 ], [ 107.166653381248693, 10.402930120728627 ], [ 107.08346028596344, 10.320279543266395 ], [ 107.055306278162277, 10.378425821694464 ], [ 107.092414197956998, 10.387830062007879 ], [ 107.095697853873048, 10.418620286697035 ], [ 107.051375158037217, 10.450818518759661 ], [ 107.047318176892418, 10.477456585253265 ], [ 107.026990441855446, 10.475898633015618 ], [ 107.025776915572294, 10.462392812378482 ], [ 107.00160674615455, 10.480278120039316 ], [ 107.013668555059837, 10.522388943195324 ], [ 106.986487448237256, 10.531654245447157 ], [ 106.978440489936645, 10.582200959406805 ], [ 106.91128354509965, 10.608157603290863 ], [ 106.883969045435265, 10.645403490778506 ], [ 106.826278464279824, 10.627833487225814 ], [ 106.758669545363375, 10.691742662693798 ], [ 106.75230400092903, 10.720419942826254 ], [ 106.770846911755768, 10.745290710198219 ], [ 106.819415636122869, 10.780884590751384 ], [ 106.824828074556137, 10.759580316978202 ], [ 106.84657678698926, 10.775404370415345 ], [ 106.87071640014193, 10.76546465127268 ], [ 106.864399497338979, 10.78917593082457 ], [ 106.881759080217535, 10.808373728864581 ], [ 106.838418664389906, 10.902568159692976 ], [ 106.816473949213503, 10.903397602617247 ], [ 106.761973054712826, 10.963715895771998 ], [ 106.796187262831893, 10.972256499138211 ], [ 106.774679023718079, 11.005999771872041 ], [ 106.812916090005558, 11.03175951009348 ], [ 106.802814202413515, 11.059902324033146 ], [ 106.827122537375374, 11.065118417081351 ], [ 106.873612609234556, 11.02008204355144 ], [ 106.908313267843141, 11.022684102389576 ], [ 106.931098653080426, 11.064334203760552 ], [ 106.947011071204031, 11.058492314768614 ], [ 106.966068313302173, 11.148004902004743 ], [ 106.904070854586394, 11.211660697083516 ], [ 106.93004243531027, 11.248006370397775 ], [ 106.938214503696543, 11.308173538777908 ], [ 106.98369957687396, 11.31375121324794 ], [ 106.979154363683108, 11.329083429256912 ], [ 107.059521595745082, 11.378516614350303 ], [ 107.076182869443926, 11.420077234077155 ], [ 107.068560541336012, 11.449886076281359 ], [ 107.097097751160391, 11.481315063339594 ], [ 107.144853607108359, 11.504981815658368 ], [ 107.346413185819927, 11.543334866610962 ], [ 107.361115792759676, 11.581987794700979 ], [ 107.362125666666316, 11.554468907014552 ], [ 107.377679212126054, 11.545594782873081 ], [ 107.367669891752257, 11.517596409946464 ], [ 107.409652444604717, 11.528418571759744 ], [ 107.468247526102516, 11.477336843920284 ], [ 107.430589274275576, 11.425413274203379 ], [ 107.454027296622542, 11.420079946432509 ], [ 107.47524298537553, 11.435971762886595 ], [ 107.487358958649054, 11.39698535089326 ], [ 107.53412625732102, 11.355660655714757 ], [ 107.543190904636617, 11.362069838851994 ], [ 107.517958350797358, 11.309976122799867 ], [ 107.523548231765631, 11.25203526931233 ], [ 107.501078411439607, 11.241313896319355 ], [ 107.457462589926763, 11.154371938414329 ], [ 107.434616126333253, 11.137422040794661 ], [ 107.45303263744637, 11.113827234239523 ], [ 107.443487360953043, 11.086750159192661 ], [ 107.416194463004103, 11.050407584942207 ], [ 107.394199330934441, 11.04955437113739 ], [ 107.473832926648299, 11.007303454291105 ], [ 107.506647108877019, 11.013326564769216 ], [ 107.559742023975332, 10.937584364326938 ], [ 107.573334579727202, 10.816117718158296 ], [ 107.504017163861135, 10.764016024220211 ], [ 107.545115772175222, 10.705728026127531 ], [ 107.571381054392305, 10.569099430794267 ], [ 107.513032924030313, 10.501532859154224 ], [ 107.470331115888371, 10.497925595689708 ], [ 107.442513218910108, 10.468072407016109 ], [ 107.372586808234757, 10.468072407016109 ], [ 107.329072414959967, 10.451118746632972 ], [ 107.253771396732759, 10.379444919947161 ] ] ] ] } },
{ "type": "Feature", "properties": { "stable_id": "VN.ADM1.00009" }, "geometry": { "type": "Polygon", "coordinates": [ [ [ 105.554763326266482, 10.282536488967935 ], [ 105.487680999978181, 10.334588410826541 ], [ 105.520436752354271, 10.365119751275643 ], [ 105.549396485259706, 10.429907218143569 ], [ 105.574120709902957, 10.42945082029928 ], [ 105.553679439954237, 10.515708206168824 ], [ 105.513329659336364, 10.547092640812821 ], [ 105.479862759958564, 10.535613463091011 ], [ 105.36842386127222, 10.576338353632138 ], [ 105.342906940902651, 10.637641607674084 ], [ 105.348567188425079, 10.717107362015327 ], [ 105.278542777727068, 10.723037759584997 ], [ 105.303228380985104, 10.759140324566431 ], [ 105.261562185346691, 10.770929518382616 ], [ 105.259141536852553, 10.802697947352385 ], [ 105.22916489824155, 10.805719388838725 ], [ 105.187763919869042, 10.874127396762105 ], [ 105.187533323803962, 10.909134495760554 ], [ 105.239319712734641, 10.889777569879016 ], [ 105.264678593442511, 10.89585338602501 ], [ 105.338947877042926, 10.85944432309708 ], [ 105.426832810985502, 10.972619884600022 ], [ 105.498644441687702, 10.953119435913266 ], [ 105.514164659171854, 10.923615783142054 ], [ 105.58267273465907, 10.891823166006361 ], [ 105.610841924814963, 10.834568261416109 ], [ 105.596155643268389, 10.830429635319547 ], [ 105.78060489070333, 10.658972923161912 ], [ 105.833869916163678, 10.638826343061396 ], [ 105.9103875129735, 10.538629234351845 ], [ 105.941976937285972, 10.536372764291798 ], [ 105.941813749904668, 10.494483072735761 ], [ 105.859470944728514, 10.407665370560494 ], [ 105.844260740640777, 10.365694711242043 ], [ 105.815731400783704, 10.370184848152292 ], [ 105.829446564707382, 10.30706468298888 ], [ 105.894088712823986, 10.275805535597101 ], [ 105.880620012603629, 10.260039065750391 ], [ 105.919651206338244, 10.211168792405886 ], [ 105.913070724834199, 10.192664302415778 ], [ 105.876200031806093, 10.1870245243623 ], [ 105.870383797774082, 10.154412570883494 ], [ 105.818346143659767, 10.149395710044018 ], [ 105.775190875758312, 10.189181298278413 ], [ 105.764895657308841, 10.178084124682698 ], [ 105.727690922797876, 10.205003971256303 ], [ 105.682815787818527, 10.134119307759875 ], [ 105.554763326266482, 10.282536488967935 ] ] ] } },
{ "type": "Feature", "properties": { "stable_id": "VN.ADM1.00010" }, "geometry": { "type": "Polygon", "coordinates": [ [ [ 108.205581352397644, 13.373931389921836 ], [ 108.115297481393839, 13.415288397741506 ], [ 107.940699384269294, 13.373960199703617 ], [ 107.835754328199812, 13.398517542550678 ], [ 107.748922777364442, 13.362977963062633 ], [ 107.696288096618446, 13.372519092781999 ], [ 107.60995687640883, 13.306800174688362 ], [ 107.631307082156184, 13.365154719914415 ], [ 107.623834924642097, 13.523177008612095 ], [ 107.531422575091767, 13.744191917922649 ], [ 107.448565952156969, 13.793163892899372 ], [ 107.472804605848069, 13.854255193822326 ], [ 107.454501948905886, 13.872310517416565 ], [ 107.473299271644237, 13.917325159728364 ], [ 107.459563199382217, 13.922404962319206 ], [ 107.45135053380028, 13.990442401895336 ], [ 107.398166842126216, 13.993444706707919 ], [ 107.362139179879421, 14.017892048979036 ], [ 107.369430491823891, 14.061211024069621 ], [ 107.389588826962949, 14.075793648857882 ], [ 107.340265242247199, 14.097667587389253 ], [ 107.337262937434616, 14.130264043750742 ], [ 107.413607269060378, 14.255503059918397 ], [ 107.408889360855483, 14.361012642919206 ], [ 107.441485817216801, 14.387604488756324 ], [ 107.447919327914633, 14.417627541377954 ], [ 107.485662592654535, 14.399613709804839 ], [ 107.508394333331921, 14.500834284774612 ], [ 107.532841674703661, 14.524852725972664 ], [ 107.523834760266084, 14.584041029070306 ], [ 107.557717918047672, 14.619639790244207 ], [ 107.551355014022818, 14.713697426994656 ], [ 107.521915728428269, 14.717689193801391 ], [ 107.535886914050025, 14.748126422896178 ], [ 107.501457918148503, 14.794031751064608 ], [ 107.591771661932853, 14.867879452275076 ], [ 107.479503196215603, 14.957195252558961 ], [ 107.470976684326558, 15.015952083421951 ], [ 107.542505730055552, 15.045654821812604 ], [ 107.589787640587247, 15.030500363101396 ], [ 107.586150570892244, 15.110515906284093 ], [ 107.546748977883112, 15.1614348883096 ], [ 107.583119679329798, 15.223871259351256 ], [ 107.586756749924177, 15.266303743922776 ], [ 107.607972991760278, 15.286913807626092 ], [ 107.683139108083481, 15.283276737931089 ], [ 107.701349632179927, 15.310919151997439 ], [ 107.730117186259292, 15.308249345431022 ], [ 107.736735748655917, 15.22966496896322 ], [ 107.870450342709262, 15.210630632597656 ], [ 107.890132210732986, 15.193658379630506 ], [ 107.927958903780564, 15.209580797315994 ], [ 108.003519827877767, 15.142224097764029 ], [ 107.976473408920867, 15.071489255924575 ], [ 107.951705645399329, 15.054010260165512 ], [ 107.966681844991285, 15.018969067868227 ], [ 107.993300064346499, 14.999016484123558 ], [ 108.047046206417463, 14.992340287774198 ], [ 108.088138425947648, 14.951443686077369 ], [ 108.160611471142602, 14.972442398098337 ], [ 108.14628403258223, 15.045653523191618 ], [ 108.161146567759886, 15.060386632437314 ], [ 108.247948582161428, 15.027077775419116 ], [ 108.392525487361524, 14.829082534631368 ], [ 108.457194753635122, 14.790260677888057 ], [ 108.493871357677108, 14.800618526923586 ], [ 108.527458751820006, 14.754003332388038 ], [ 108.496522700262574, 14.701101773328276 ], [ 108.512624887028949, 14.684103966125292 ], [ 108.481869067703485, 14.626161849989444 ], [ 108.526118025426626, 14.623803136905394 ], [ 108.548261835215669, 14.586498304253439 ], [ 108.59626571968721, 14.563043550919247 ], [ 108.604104191755084, 14.537292774442051 ], [ 108.627965266883621, 14.544458546424949 ], [ 108.640407087916799, 14.45402313515973 ], [ 108.601251513446755, 14.459236551825541 ], [ 108.680110244292393, 14.201982090101467 ], [ 108.666201227005104, 14.16522094798853 ], [ 108.722502020152149, 14.06522738283752 ], [ 108.757480407394951, 14.036855621289931 ], [ 108.764085344163504, 13.993519593254689 ], [ 108.743956011261105, 13.909274304665587 ], [ 108.796566501143218, 13.844045293155887 ], [ 108.796197399590312, 13.814040702716284 ], [ 108.827682807415613, 13.791990295615676 ], [ 108.832549306105705, 13.706550676772338 ], [ 108.814114181724165, 13.694643467622086 ], [ 108.851956296346145, 13.57754354889579 ], [ 108.843300002393391, 13.563998401804952 ], [ 108.790962894721815, 13.578118488177779 ], [ 108.748143993950293, 13.56228764665758 ], [ 108.704093127196188, 13.485017562810299 ], [ 108.734895230130917, 13.458334782024735 ], [ 108.794918827142226, 13.47255075861068 ], [ 108.809033877311606, 13.358137791126126 ], [ 108.873318285010839, 13.279684008810023 ], [ 108.849651929293202, 13.187050801053658 ], [ 108.842022024397068, 13.166315406031345 ], [ 108.761821087773114, 13.135062053870854 ], [ 108.756401317167104, 13.032636075294818 ], [ 108.694337423733316, 13.01657281118645 ], [ 108.681916620755544, 12.997773780635555 ], [ 108.611787636889972, 13.010089267605679 ], [ 108.591664756623345, 13.02951506177078 ], [ 108.513590764302364, 13.03434708584939 ], [ 108.519189148360567, 13.070748620552536 ], [ 108.487371968941261, 13.111323531156188 ], [ 108.461118227724171, 13.120108447047301 ], [ 108.469415027581647, 13.14097435528231 ], [ 108.423863534074883, 13.19755548329897 ], [ 108.419499457833865, 13.242775537960824 ], [ 108.374316656688393, 13.266924150629109 ], [ 108.372463882402371, 13.302526779787172 ], [ 108.345237891315719, 13.33874789430007 ], [ 108.264908232928747, 13.371906140955616 ], [ 108.205581352397644, 13.373931389921836 ] ] ] } },
{ "type": "Feature", "properties": { "stable_id": "VN.ADM1.00011" }, "geometry": { "type": "Polygon", "coordinates": [ [ [ 106.311929778436706, 21.058536706903567 ], [ 106.266833017229942, 20.987959437977736 ], [ 106.229753223732416, 20.993239194932926 ], [ 106.170370069023534, 20.971371864619982 ], [ 106.16837588264093, 20.98713464904489 ], [ 106.137864579087193, 21.001242831991249 ], [ 106.127354300360707, 20.983745358761269 ], [ 106.090318475617153, 21.007011267955704 ], [ 106.028406945324321, 20.993182982808548 ], [ 106.001237751820781, 21.00002639819985 ], [ 106.019898865940036, 21.047496832712739 ], [ 105.999124966444128, 21.074385048331351 ], [ 105.940277087317781, 21.083468266647344 ], [ 105.915591098250673, 21.119992698204612 ], [ 105.923553297246997, 21.182711167686364 ], [ 105.90719636492031, 21.192287147034335 ], [ 105.915724474005401, 21.214332249933364 ], [ 105.903726616790095, 21.225681653685456 ], [ 105.938820176609966, 21.246029535334969 ], [ 105.926986293682546, 21.290374046025477 ], [ 105.881327008334893, 21.339218489042082 ], [ 105.906514696795909, 21.347579522976787 ], [ 105.912465278749664, 21.376450419951084 ], [ 105.940558582312747, 21.372913517644747 ], [ 105.961429917956536, 21.436480920158431 ], [ 106.02749249218482, 21.396919258617061 ], [ 106.025376388309724, 21.431689114660969 ], [ 106.051319949756078, 21.460615891010718 ], [ 106.037567445081663, 21.490268931965829 ], [ 106.053111286856449, 21.552230289196643 ], [ 106.033337979364433, 21.570936912608545 ], [ 106.081457816125351, 21.619100881800307 ], [ 106.162418857044713, 21.624772673919836 ], [ 106.184857004147545, 21.604044666827974 ], [ 106.169960997102464, 21.592656271170142 ], [ 106.167881405702417, 21.513010409602884 ], [ 106.245654753764029, 21.484376441719519 ], [ 106.28564752781125, 21.49080032697367 ], [ 106.283839593722462, 21.452123430152255 ], [ 106.328470700362573, 21.446951152074064 ], [ 106.326675828926398, 21.40836890530079 ], [ 106.35001956365204, 21.396653410926319 ], [ 106.412950746180059, 21.406357501397622 ], [ 106.404907198108731, 21.426449637440896 ], [ 106.417213315042602, 21.436779235173617 ], [ 106.469003067437654, 21.439426412998671 ], [ 106.521523894911923, 21.499879566688719 ], [ 106.507517322766432, 21.523652555920819 ], [ 106.53079606888366, 21.562845680683722 ], [ 106.570707618861661, 21.601013948834748 ], [ 106.615440645669423, 21.607835536780669 ], [ 106.702059228950304, 21.593654026711988 ], [ 106.699930612807577, 21.571410295049191 ], [ 106.74171748487413, 21.542304169601721 ], [ 106.758301591345514, 21.544243783324021 ], [ 106.765026385259603, 21.573023001610352 ], [ 106.842754474039907, 21.559671874257674 ], [ 106.865011858310652, 21.528222904263657 ], [ 106.839078660651865, 21.506462866668016 ], [ 106.890213640946911, 21.489150567444824 ], [ 106.90176766204803, 21.470387150047088 ], [ 106.89112144180109, 21.451566170642423 ], [ 106.910010054720374, 21.43125909213353 ], [ 106.926585362224728, 21.440332103144101 ], [ 106.953213832952144, 21.423098322829446 ], [ 106.985719343572953, 21.439856601900772 ], [ 106.996638246358089, 21.428000822280296 ], [ 106.990959624786854, 21.356977244104655 ], [ 107.033376719260332, 21.315432984844563 ], [ 106.972742273936831, 21.284288039661362 ], [ 106.978557586163788, 21.226981084109923 ], [ 106.936035299789239, 21.16896272884685 ], [ 106.917540187929433, 21.18385205033195 ], [ 106.86999512137794, 21.174348755990422 ], [ 106.828048121423706, 21.187770924388701 ], [ 106.833620299237452, 21.15271353530153 ], [ 106.790612671237909, 21.149632532615442 ], [ 106.641999389260604, 21.180286364324331 ], [ 106.61308410894452, 21.171427043922961 ], [ 106.541555858216441, 21.195056287317982 ], [ 106.524172782348103, 21.224753256557619 ], [ 106.425851454381132, 21.231357293104736 ], [ 106.361848467932475, 21.171627308553639 ], [ 106.345203655424484, 21.167161902100133 ], [ 106.311927935725691, 21.191648480892809 ], [ 106.323201702896313, 21.152881742698298 ], [ 106.295251260237649, 21.109021793021384 ], [ 106.311929778436706, 21.058536706903567 ] ] ] } },
{ "type": "Feature", "properties": { "stable_id": "VN.ADM1.00012" }, "geometry": { "type": "Polygon", "coordinates": [ [ [ 106.105038247017546, 19.919927688612006 ], [ 106.067496496066553, 19.917013897773188 ], [ 106.026199133982914, 19.95559443043868 ], [ 106.025908349890472, 19.990620595064399 ], [ 106.059029080427877, 20.014539814960528 ], [ 106.071835608926335, 20.06679837044851 ], [ 105.964035967985637, 20.065926726837006 ], [ 105.894334375231381, 20.118369065080344 ], [ 105.74060030585963, 20.185539900845924 ], [ 105.650782906006384, 20.272854452371064 ], [ 105.549103622834025, 20.338320165443463 ], [ 105.54275859463354, 20.362159973404118 ], [ 105.584359899689673, 20.368625411833364 ], [ 105.686824237049052, 20.305464042431652 ], [ 105.729156964322499, 20.33918381857842 ], [ 105.685370641242287, 20.410391128248136 ], [ 105.721639981899671, 20.405543804003344 ], [ 105.756835317995694, 20.36720699480702 ], [ 105.755202252581967, 20.441755285877775 ], [ 105.780692839003507, 20.43627157617243 ], [ 105.788257129363103, 20.449440812043974 ], [ 105.824510001635247, 20.417579645884018 ], [ 105.857219931754628, 20.426540622951393 ], [ 105.852123283063065, 20.477883716260578 ], [ 105.803660940400107, 20.504274595096604 ], [ 105.76858164112997, 20.56531017042812 ], [ 105.796022423596014, 20.568683850279513 ], [ 105.814804771722947, 20.634304282716528 ], [ 105.834160337829417, 20.64768227371809 ], [ 105.822418683075853, 20.664560187802522 ], [ 105.879926067833878, 20.64322919337269 ], [ 105.943143413737744, 20.681940295008758 ], [ 105.958043797783091, 20.650383363201684 ], [ 106.002888771299808, 20.704364087133058 ], [ 106.019064429979494, 20.699925184599692 ], [ 106.035044568851959, 20.681469112309856 ], [ 106.035735046735169, 20.633614222118695 ], [ 106.057522465989166, 20.608322956938935 ], [ 106.129000290830845, 20.610252161907908 ], [ 106.132157089278394, 20.574752103127082 ], [ 106.171924311557802, 20.546486493956706 ], [ 106.182070313594238, 20.486453411795651 ], [ 106.225057287763661, 20.467161866627009 ], [ 106.209779977164317, 20.429566999017766 ], [ 106.217670325724953, 20.412920987713505 ], [ 106.28450601923754, 20.395541386825641 ], [ 106.254112758896895, 20.355741540739643 ], [ 106.259282017051589, 20.329551193632767 ], [ 106.28485272767125, 20.333139290745862 ], [ 106.339417526198076, 20.377545899623556 ], [ 106.451373455920361, 20.290438607655631 ], [ 106.52766003308426, 20.316239763254544 ], [ 106.591923468593279, 20.244051660156174 ], [ 106.584431560168468, 20.219598231273437 ], [ 106.553898316754101, 20.20200925472335 ], [ 106.493157816180315, 20.190940003278683 ], [ 106.472991883568739, 20.203610633424148 ], [ 106.481018726732884, 20.216877979035587 ], [ 106.442933723212775, 20.213197624071142 ], [ 106.362485348919904, 20.178337879889398 ], [ 106.098167749442212, 19.88846036615297 ], [ 106.105038247017546, 19.919927688612006 ] ] ] } },
{ "type": "Feature", "properties": { "stable_id": "VN.ADM1.00013" }, "geometry": { "type": "Polygon", "coordinates": [ [ [ 105.275382606822006, 20.924746710992054 ], [ 105.342766131351937, 20.951426109427416 ], [ 105.294162807367798, 21.053417844957664 ], [ 105.320224875177985, 21.111620474005747 ], [ 105.285000892976882, 21.166316342425432 ], [ 105.341786542115358, 21.209016351023877 ], [ 105.356306892449197, 21.291516713825274 ], [ 105.396609971273222, 21.303874941975096 ], [ 105.436571574818402, 21.286547079084585 ], [ 105.469875056588762, 21.176178209057184 ], [ 105.498491289841297, 21.158908113218956 ], [ 105.563544617889931, 21.154104299074277 ], [ 105.626650803092218, 21.175279875366016 ], [ 105.616848210776368, 21.208139120823944 ], [ 105.657981023005902, 21.220316062736174 ], [ 105.646884575163199, 21.23619901367357 ], [ 105.687081792091021, 21.23521114258034 ], [ 105.69528938100018, 21.215991588141378 ], [ 105.735001742836289, 21.232844020834989 ], [ 105.726998655263912, 21.271005910094857 ], [ 105.788779244266777, 21.344005129732977 ], [ 105.791235841361072, 21.378138849428524 ], [ 105.858290751816924, 21.375248574961859 ], [ 105.855741421129778, 21.34373034637855 ], [ 105.898319995171789, 21.326986060758259 ], [ 105.938641717841165, 21.246921832776422 ], [ 105.903726616790095, 21.225681653685456 ], [ 105.915724474005401, 21.214332249933364 ], [ 105.90719636492031, 21.192287147034335 ], [ 105.923553297246997, 21.182711167686364 ], [ 105.915591098250673, 21.119992698204612 ], [ 105.940277087317781, 21.083468266647344 ], [ 105.999124966444128, 21.074385048331351 ], [ 106.019961658403872, 21.04188360534414 ], [ 106.001237751820781, 21.00002639819985 ], [ 105.96661159215131, 20.991109185740413 ], [ 105.964632448728651, 20.96314501493049 ], [ 105.915256530664408, 20.973884815032363 ], [ 105.912995006414576, 20.918161591684282 ], [ 105.89532475903053, 20.897792057957133 ], [ 105.935507864696376, 20.866732596032648 ], [ 105.912343783039262, 20.815496310706351 ], [ 105.926845735942152, 20.78818894356499 ], [ 105.966910415283621, 20.77323645280012 ], [ 105.964640914047038, 20.72336472500217 ], [ 105.973836252641092, 20.699959028786338 ], [ 106.002888771299808, 20.704364087133058 ], [ 105.993067904760096, 20.682170439614197 ], [ 105.958043797783091, 20.650383363201684 ], [ 105.943143413737744, 20.681940295008758 ], [ 105.879926067833878, 20.64322919337269 ], [ 105.822418683075853, 20.664560187802522 ], [ 105.834160337829417, 20.64768227371809 ], [ 105.814804771722947, 20.634304282716528 ], [ 105.796022423596014, 20.568683850279513 ], [ 105.76858164112997, 20.56531017042812 ], [ 105.803660940400107, 20.504274595096604 ], [ 105.852123283063065, 20.477883716260578 ], [ 105.857219931754628, 20.426540622951393 ], [ 105.824510001635247, 20.417579645884018 ], [ 105.788257129363103, 20.449440812043974 ], [ 105.780692839003507, 20.43627157617243 ], [ 105.755202252581967, 20.441755285877775 ], [ 105.756835317995694, 20.36720699480702 ], [ 105.721639981899671, 20.405543804003344 ], [ 105.685370641242287, 20.410391128248136 ], [ 105.729156964322499, 20.33918381857842 ], [ 105.676299886630488, 20.306243840081265 ], [ 105.584359899689673, 20.368625411833364 ], [ 105.505971971129554, 20.360159784046857 ], [ 105.434679028914218, 20.385200052040886 ], [ 105.403959077249795, 20.373606155000232 ], [ 105.346860017975587, 20.390592178386498 ], [ 105.258147253592938, 20.43408775784394 ], [ 105.267167170428763, 20.455195845412049 ], [ 105.240415040222047, 20.492642561405148 ], [ 105.203409510040899, 20.518100419698783 ], [ 105.172322014449435, 20.515508887425199 ], [ 105.105210351376741, 20.573056951217382 ], [ 105.078931964238791, 20.578664055102251 ], [ 105.026491201607769, 20.558853524670496 ], [ 104.985673435380875, 20.574397577786101 ], [ 104.94991292214371, 20.642923279086119 ], [ 104.903098948657714, 20.668483607032954 ], [ 104.841184430816895, 20.657064397903696 ], [ 104.83897937140091, 20.74967959583671 ], [ 104.881921169926159, 20.767526697599067 ], [ 104.970246320211572, 20.728565507991846 ], [ 105.00392064192414, 20.729991002682709 ], [ 105.012405897414396, 20.740635605948569 ], [ 104.990623865998657, 20.75499136955608 ], [ 105.025307647030445, 20.802161953011705 ], [ 104.986143571268997, 20.814059481859715 ], [ 105.006301964863894, 20.844852419803374 ], [ 104.978029155721117, 20.901354724940632 ], [ 104.865717261742361, 21.034626536885241 ], [ 104.852668158208985, 21.076134034558152 ], [ 104.86780745884721, 21.07559173706909 ], [ 104.876810635702441, 21.098557859058133 ], [ 104.911878947055925, 21.111331630650284 ], [ 104.926204327967469, 21.084328216374274 ], [ 104.910824250039241, 21.067064808793987 ], [ 105.010986790607944, 21.036246849012912 ], [ 105.122035254923219, 20.941891302841384 ], [ 105.197535875880021, 20.957097316987699 ], [ 105.203887719143097, 20.917027407189153 ], [ 105.246454051613284, 20.945455415035553 ], [ 105.275382606822006, 20.924746710992054 ] ] ] } },
{ "type": "Feature", "properties": { "stable_id": "VN.ADM1.00015" }, "geometry": { "type": "Polygon", "coordinates": [ [ [ 105.494169935893922, 21.82865668895522 ], [ 105.49451778017152, 21.774779208094117 ], [ 105.525798781988271, 21.767818441068243 ], [ 105.479531366979188, 21.674876573395238 ], [ 105.496603284613911, 21.61842939220287 ], [ 105.542516777727144, 21.5738421050292 ], [ 105.522190462719834, 21.536080368214584 ], [ 105.42345836311307, 21.497589177798432 ], [ 105.371308743403972, 21.524554739609641 ], [ 105.301417171565333, 21.509241868917115 ], [ 105.297300359424185, 21.534380617171905 ], [ 105.268443169916338, 21.546119955271763 ], [ 105.276624173966582, 21.558898113757039 ], [ 105.250443056601796, 21.584437999214401 ], [ 105.251184488273623, 21.611167593309858 ], [ 105.22621770478338, 21.629624240266537 ], [ 105.235459107551947, 21.658734590728784 ], [ 105.086279221209281, 21.71827629501513 ], [ 105.062173792186798, 21.743674970723475 ], [ 105.09930923303466, 21.811848107204355 ], [ 105.037540149058827, 21.89030333293266 ], [ 105.01450531167086, 21.898041837261019 ], [ 105.019211409978709, 21.935718514397934 ], [ 104.987562983844725, 21.935661446118957 ], [ 104.996852966191511, 22.04399252163762 ], [ 104.960548580752459, 22.03073217634892 ], [ 104.934737179177603, 22.058615339826076 ], [ 104.881963491122292, 22.072433438352675 ], [ 104.848961302022531, 22.185152943753337 ], [ 104.761689410737858, 22.168131920551787 ], [ 104.724274056802415, 22.199720718036758 ], [ 104.716471929935722, 22.261172437558116 ], [ 104.609262755971486, 22.291863363603511 ], [ 104.587234691627884, 22.249469173063915 ], [ 104.549522499363945, 22.248509523595715 ], [ 104.544303311748536, 22.277039504669517 ], [ 104.580084216213606, 22.302989517852097 ], [ 104.566148500752718, 22.33142905500705 ], [ 104.582073719826496, 22.348434054088443 ], [ 104.555341765010553, 22.353710656221949 ], [ 104.54869096281783, 22.381929790227673 ], [ 104.468681246342555, 22.423656676614371 ], [ 104.448632992718615, 22.458775045132256 ], [ 104.473694340821282, 22.484609273299498 ], [ 104.41466992028063, 22.529093951424784 ], [ 104.426118487778183, 22.573380445950932 ], [ 104.46510004523094, 22.573174329431879 ], [ 104.462562106256371, 22.612369978591801 ], [ 104.422368043250628, 22.630228023304653 ], [ 104.397809720142561, 22.67908260887549 ], [ 104.361473249590972, 22.672810984239675 ], [ 104.335330473023078, 22.68943482185955 ], [ 104.343618831843685, 22.713153829285829 ], [ 104.357883567872534, 22.686851922178562 ], [ 104.394959450218494, 22.691739809444698 ], [ 104.409307842982685, 22.724483575656564 ], [ 104.472771886413511, 22.757595250920076 ], [ 104.579619901637329, 22.857705530985641 ], [ 104.605987877438679, 22.832902673219962 ], [ 104.602127871204402, 22.815700469900946 ], [ 104.61823920227738, 22.818805257856354 ], [ 104.620337031928557, 22.83919616127389 ], [ 104.672950596592841, 22.818469604788561 ], [ 104.732109390236246, 22.822917004116448 ], [ 104.726822858688081, 22.8508600939183 ], [ 104.757954650386921, 22.85866402032832 ], [ 104.773226849239677, 22.896844516561373 ], [ 104.839350436173788, 22.921850646290352 ], [ 104.86519569632452, 22.956506790256356 ], [ 104.831067941832032, 23.00115432031572 ], [ 104.839687839322437, 23.022225178649251 ], [ 104.814466660108337, 23.085278127583649 ], [ 104.821171024123544, 23.118480693729168 ], [ 104.862035719672747, 23.119917342711346 ], [ 104.893322753242558, 23.179458483122687 ], [ 104.917745794932557, 23.18743986915473 ], [ 104.95046947658517, 23.17435039595415 ], [ 104.964037833379336, 23.201806364372374 ], [ 104.997878910083614, 23.20308338638921 ], [ 105.078810163658318, 23.266136335323665 ], [ 105.110281223699701, 23.248570224036655 ], [ 105.172218435032732, 23.28965315536891 ], [ 105.201414426134988, 23.27088430336795 ], [ 105.231861674576749, 23.275055159368264 ], [ 105.261057665678834, 23.322602916691324 ], [ 105.256678267687903, 23.342414483141965 ], [ 105.282954660129576, 23.343040110912568 ], [ 105.323159328840063, 23.392764170030546 ], [ 105.376383178840797, 23.315228190828464 ], [ 105.410770605379241, 23.287849668427612 ], [ 105.43530176176705, 23.302743585448184 ], [ 105.49925799336188, 23.2026477017302 ], [ 105.556643378789033, 23.180744883269938 ], [ 105.572632437137315, 23.126863949012204 ], [ 105.528404610784207, 23.105394995882421 ], [ 105.484878171090827, 23.007614218021899 ], [ 105.376006349413558, 22.988798932225109 ], [ 105.36184479709982, 22.976545385161501 ], [ 105.364454602697947, 22.938215629347951 ], [ 105.311935950683619, 22.910538692107082 ], [ 105.307220544392749, 22.873321616199746 ], [ 105.271574930338886, 22.866118993596672 ], [ 105.473865030147067, 22.753491843174061 ], [ 105.498848972702035, 22.633934612392579 ], [ 105.531588281873837, 22.633211748123699 ], [ 105.550185038708719, 22.580006253286115 ], [ 105.597903327276924, 22.522713345144837 ], [ 105.597663797346456, 22.488791732352695 ], [ 105.560998549943236, 22.462909911163536 ], [ 105.552008381781548, 22.437754446310691 ], [ 105.552811608569016, 22.412130887030969 ], [ 105.571203534915355, 22.419268679306242 ], [ 105.563639622270841, 22.403867943950445 ], [ 105.51915556377844, 22.40088098876663 ], [ 105.514358934317499, 22.350901220914636 ], [ 105.478870935445343, 22.308335499983343 ], [ 105.489560817777544, 22.293418696116078 ], [ 105.435655087412442, 22.258780910011126 ], [ 105.43630900065989, 22.207588979248044 ], [ 105.469070791983654, 22.161062730360698 ], [ 105.492980819909008, 22.15575740028396 ], [ 105.463732400130255, 22.116318356806858 ], [ 105.474117907815184, 22.097474070571991 ], [ 105.464408996977795, 22.0738748276612 ], [ 105.505197162918932, 21.99384085377244 ], [ 105.555688331151657, 21.957480231027887 ], [ 105.552939002033497, 21.908543162337196 ], [ 105.518401829381048, 21.876504430435205 ], [ 105.527244139105846, 21.83437833319357 ], [ 105.494169935893922, 21.82865668895522 ] ] ] } },
{ "type": "Feature", "properties": { "stable_id": "VN.ADM1.00016" }, "geometry": { "type": "Polygon", "coordinates": [ [ [ 106.065693599979738, 20.604640934631618 ], [ 106.035735046735169, 20.633614222118695 ], [ 106.030252925232446, 20.689183793597238 ], [ 106.007733758206427, 20.703961993950998 ], [ 105.973161348317717, 20.700503389320033 ], [ 105.966910415283621, 20.77323645280012 ], [ 105.917332692949515, 20.80168984491047 ], [ 105.911086447181788, 20.830084263078334 ], [ 105.93598490018303, 20.865034295596331 ], [ 105.89532475903053, 20.897792057957133 ], [ 105.912995006414576, 20.918161591684282 ], [ 105.915256530664408, 20.973884815032363 ], [ 105.964632448728651, 20.96314501493049 ], [ 105.978849359710296, 20.998413265359943 ], [ 106.029696417555726, 20.993135174848419 ], [ 106.04898477642638, 21.005602726384836 ], [ 106.077336668352643, 20.995722104391746 ], [ 106.090318475617153, 21.007011267955704 ], [ 106.127354300360707, 20.983745358761269 ], [ 106.137864579087193, 21.001242831991249 ], [ 106.16837588264093, 20.98713464904489 ], [ 106.170370069023534, 20.971371864619982 ], [ 106.229753223732416, 20.993239194932926 ], [ 106.267228137069026, 20.988112483704185 ], [ 106.311929778436706, 21.058536706903567 ], [ 106.295251260237649, 21.109021793021384 ], [ 106.32282765866961, 21.148488121030027 ], [ 106.311927935725691, 21.191648480892809 ], [ 106.345203655424484, 21.167161902100133 ], [ 106.42541756386953, 21.231229821399154 ], [ 106.499575884619503, 21.226316501305632 ], [ 106.483072448234907, 21.128725153942867 ], [ 106.441381855787995, 21.117338062301883 ], [ 106.443445778300202, 21.076505742346228 ], [ 106.515738666806101, 21.046319578785642 ], [ 106.575787002368372, 21.057411646930007 ], [ 106.611435910638875, 21.021215371692108 ], [ 106.555593468663801, 21.002228534819039 ], [ 106.592827371785916, 20.951810298006876 ], [ 106.576750206856616, 20.930511978645029 ], [ 106.57330574136688, 20.950797496807184 ], [ 106.559850616412973, 20.931866649026801 ], [ 106.546211257243783, 20.947768715054281 ], [ 106.544723972833083, 20.921542048826552 ], [ 106.527562111302473, 20.915141297732816 ], [ 106.549748205415426, 20.870324150139538 ], [ 106.525360939655741, 20.850803044025383 ], [ 106.520100226744205, 20.862290722139221 ], [ 106.477360645277543, 20.858607992964608 ], [ 106.496746193881791, 20.840806169369273 ], [ 106.488815440580254, 20.821245723311563 ], [ 106.515899599586987, 20.819271030633729 ], [ 106.508442835768335, 20.801090580765674 ], [ 106.486064593406354, 20.799798653385324 ], [ 106.498546818281056, 20.76027810525045 ], [ 106.460304065580317, 20.743101875251455 ], [ 106.457449430347026, 20.721888693808182 ], [ 106.44882740416142, 20.736216103590493 ], [ 106.437690074037846, 20.720144025226659 ], [ 106.413062264811742, 20.735282719721852 ], [ 106.360116326007642, 20.701839110086951 ], [ 106.335498954313323, 20.71136802341573 ], [ 106.30272107771566, 20.689589521839025 ], [ 106.287127941401366, 20.711367691565783 ], [ 106.286059241041187, 20.693337703672171 ], [ 106.260560507661296, 20.703395280767779 ], [ 106.248893358142084, 20.695286959025964 ], [ 106.269190125024409, 20.682754957575298 ], [ 106.221678917048564, 20.656762803061099 ], [ 106.224125096396165, 20.641560658697472 ], [ 106.137349102978817, 20.659140865958307 ], [ 106.10983522271755, 20.641115720014625 ], [ 106.126739548991111, 20.62160911366982 ], [ 106.065693599979738, 20.604640934631618 ] ] ] } },
{ "type": "Feature", "properties": { "stable_id": "VN.ADM1.00017" }, "geometry": { "type": "MultiPolygon", "coordinates": [ [ [ [ 106.814035416801062, 20.66852523575119 ], [ 106.817269949048978, 20.665651809183714 ], [ 106.813452507727163, 20.667114167085174 ], [ 106.814035416801062, 20.66852523575119 ] ] ], [ [ [ 106.835758946418366, 20.769532742442152 ], [ 106.837956992921079, 20.775806079387223 ], [ 106.84040428922674, 20.767890565996879 ], [ 106.835758946418366, 20.769532742442152 ] ] ], [ [ [ 106.601406035360299, 20.639773509739769 ], [ 106.545735416056687, 20.62643017231477 ], [ 106.5296163184384, 20.602982057775819 ], [ 106.493117350285502, 20.616639211830261 ], [ 106.471041906059099, 20.598585388305196 ], [ 106.45416245593259, 20.640320080807101 ], [ 106.400638151429746, 20.68839476710491 ], [ 106.417113315826896, 20.71681683942569 ], [ 106.407820410683541, 20.72842619581246 ], [ 106.437690074037846, 20.720144025226659 ], [ 106.44774540732476, 20.736405042159106 ], [ 106.460286117810085, 20.722693052842146 ], [ 106.460304065580317, 20.743101875251455 ], [ 106.498546818281056, 20.76027810525045 ], [ 106.486064593406354, 20.799798653385324 ], [ 106.508442835768335, 20.801090580765674 ], [ 106.515899599586987, 20.819271030633729 ], [ 106.488815440580254, 20.821245723311563 ], [ 106.496746193881791, 20.840806169369273 ], [ 106.477360645277543, 20.858607992964608 ], [ 106.489871296823026, 20.867080470887061 ], [ 106.52697038167787, 20.851097215863888 ], [ 106.552219276198798, 20.873381757861921 ], [ 106.527562111302473, 20.915141297732816 ], [ 106.544723972833083, 20.921542048826552 ], [ 106.546211257243783, 20.947768715054281 ], [ 106.559850616412973, 20.931866649026801 ], [ 106.57330574136688, 20.950797496807184 ], [ 106.576750206856616, 20.930511978645029 ], [ 106.592827371785916, 20.951810298006876 ], [ 106.555487248837608, 20.99337127386525 ], [ 106.563854390068173, 21.015231179375519 ], [ 106.650438273907355, 21.019640201933896 ], [ 106.749172421270316, 20.996120172208293 ], [ 106.767978909898773, 20.975676004643958 ], [ 106.770428496777697, 20.912967636347503 ], [ 106.753588364111806, 20.881079493224149 ], [ 106.762413762984806, 20.852954165702272 ], [ 106.832061612253653, 20.812200944717915 ], [ 106.873764677398128, 20.834004037356465 ], [ 106.904189983281185, 20.801587010132437 ], [ 106.859563191588222, 20.79025339937499 ], [ 106.770864943162735, 20.803147734080767 ], [ 106.75634381221721, 20.774012582115063 ], [ 106.801458392590916, 20.723092116208306 ], [ 106.791450379831247, 20.701596065606054 ], [ 106.807904543260179, 20.671055010680277 ], [ 106.76713399233995, 20.714548590944901 ], [ 106.713252010372173, 20.685980915686798 ], [ 106.693264538327981, 20.631015366665906 ], [ 106.664829978920466, 20.615191951747306 ], [ 106.601406035360299, 20.639773509739769 ] ] ], [ [ [ 106.930150676812445, 20.801369678168101 ], [ 106.914298764176749, 20.817160058290142 ], [ 106.929403526351848, 20.826468233022638 ], [ 106.930150676812445, 20.801369678168101 ] ] ], [ [ [ 106.937967449138569, 20.819868437678281 ], [ 106.937641821712759, 20.820755359872123 ], [ 106.938703817627243, 20.818531775321333 ], [ 106.937967449138569, 20.819868437678281 ] ] ], [ [ [ 106.939714053061209, 20.822241036294884 ], [ 106.941455182810557, 20.824336535802672 ], [ 106.942250242854527, 20.821715560624796 ], [ 106.939714053061209, 20.822241036294884 ] ] ], [ [ [ 106.934197270787536, 20.824840597715593 ], [ 106.932579719578484, 20.824607087846914 ], [ 106.934083565004642, 20.825117302021965 ], [ 106.934197270787536, 20.824840597715593 ] ] ], [ [ [ 106.939026703019977, 20.830289615173626 ], [ 106.936817497729464, 20.826309916369723 ], [ 106.934803576623835, 20.825813345809422 ], [ 106.935489192772081, 20.830368990236764 ], [ 106.939026703019977, 20.830289615173626 ] ] ], [ [ [ 106.934685248325593, 20.829789395164596 ], [ 106.934595104780328, 20.82967229983683 ], [ 106.934562428813138, 20.829669236745872 ], [ 106.934685248325593, 20.829789395164596 ] ] ], [ [ [ 106.930022516226302, 20.828917300992771 ], [ 106.908408143620989, 20.827138825996144 ], [ 106.926317330980226, 20.838728852354734 ], [ 106.930022516226302, 20.828917300992771 ] ] ], [ [ [ 106.933748171840705, 20.830570790909292 ], [ 106.933701530301562, 20.830386018899731 ], [ 106.933593400315374, 20.830386336360448 ], [ 106.933748171840705, 20.830570790909292 ] ] ], [ [ [ 106.929030290615458, 20.838489986124102 ], [ 106.92947557913476, 20.838581322170398 ], [ 106.929123195079512, 20.838270501182762 ], [ 106.929030290615458, 20.838489986124102 ] ] ], [ [ [ 106.931571270198106, 20.838997827887567 ], [ 106.931668117289917, 20.838559857151836 ], [ 106.931406889416451, 20.838961122957642 ], [ 106.931571270198106, 20.838997827887567 ] ] ], [ [ [ 106.945072615808726, 20.845052574716647 ], [ 106.942384944210005, 20.833650419431478 ], [ 106.935586685577164, 20.843698732610505 ], [ 106.9266863893655, 20.840567488399017 ], [ 106.933354238207642, 20.845946728358967 ], [ 106.945072615808726, 20.845052574716647 ] ] ], [ [ [ 106.927191836234385, 20.841376140796342 ], [ 106.92682030741139, 20.841428544291944 ], [ 106.927163841238382, 20.841585234970637 ], [ 106.927191836234385, 20.841376140796342 ] ] ], [ [ [ 106.940890005669416, 20.846531587163042 ], [ 106.940981315635383, 20.84689293026463 ], [ 106.941125814205122, 20.846515368789369 ], [ 106.940890005669416, 20.846531587163042 ] ] ], [ [ [ 106.935955663922812, 20.847446492661618 ], [ 106.935280539265477, 20.847264584992729 ], [ 106.93553090332864, 20.847611851905583 ], [ 106.935955663922812, 20.847446492661618 ] ] ], [ [ [ 106.982710938658954, 20.847879564790162 ], [ 106.983781310858888, 20.848479936899707 ], [ 106.983892736860469, 20.847799955903383 ], [ 106.982710938658954, 20.847879564790162 ] ] ], [ [ [ 106.948599562619734, 20.851582309276296 ], [ 106.947727698674441, 20.850239071975693 ], [ 106.947342101756703, 20.851525732926291 ], [ 106.948599562619734, 20.851582309276296 ] ] ], [ [ [ 106.94203459082388, 20.852480104273582 ], [ 106.941780678935231, 20.852080513904752 ], [ 106.941810378146499, 20.852579450581288 ], [ 106.94203459082388, 20.852480104273582 ] ] ], [ [ [ 106.947663790151864, 20.8535697336564 ], [ 106.947358491001637, 20.85474910638618 ], [ 106.94763595973177, 20.854817015992637 ], [ 106.947663790151864, 20.8535697336564 ] ] ], [ [ [ 106.949893738305491, 20.856428096579464 ], [ 106.949350357133426, 20.856685505032203 ], [ 106.94983712598264, 20.856910405690826 ], [ 106.949893738305491, 20.856428096579464 ] ] ], [ [ [ 106.946972076600218, 20.857929833994774 ], [ 106.947378998242357, 20.855369420062857 ], [ 106.94665910803144, 20.85802207026245 ], [ 106.946972076600218, 20.857929833994774 ] ] ], [ [ [ 106.899197687423452, 20.847542257868895 ], [ 106.877603322035839, 20.849252316941033 ], [ 106.892797798779497, 20.859163345012519 ], [ 106.887541580679454, 20.873095931732053 ], [ 106.899197687423452, 20.847542257868895 ] ] ], [ [ [ 106.948929784681923, 20.858669958052246 ], [ 106.95049132791263, 20.859402653709651 ], [ 106.949127190367676, 20.858384075264951 ], [ 106.948929784681923, 20.858669958052246 ] ] ], [ [ [ 106.945521220128285, 20.859940809820614 ], [ 106.946241621154059, 20.859270804104483 ], [ 106.945288580803378, 20.859435240643847 ], [ 106.945521220128285, 20.859940809820614 ] ] ], [ [ [ 106.960511003080398, 20.863235895220498 ], [ 106.95590566211672, 20.858639037561716 ], [ 106.95632219931025, 20.864945911125062 ], [ 106.960511003080398, 20.863235895220498 ] ] ], [ [ [ 106.946953144971701, 20.86572463318538 ], [ 106.946288317551875, 20.865826743109835 ], [ 106.946937564217194, 20.865978915594553 ], [ 106.946953144971701, 20.86572463318538 ] ] ], [ [ [ 106.943614905603567, 20.865638428670593 ], [ 106.943104300223354, 20.866007691202071 ], [ 106.943651341636212, 20.866019266376099 ], [ 106.943614905603567, 20.865638428670593 ] ] ], [ [ [ 106.958441797950684, 20.877963541984002 ], [ 106.977267779384704, 20.864837124633766 ], [ 106.966331683360579, 20.858595851217615 ], [ 106.958441797950684, 20.877963541984002 ] ] ], [ [ [ 106.95896863699312, 20.872137028701104 ], [ 106.958400617994187, 20.864865152904656 ], [ 106.956655351363565, 20.869257555092247 ], [ 106.95896863699312, 20.872137028701104 ] ] ], [ [ [ 106.948904064970748, 20.868860954969193 ], [ 106.949921273747862, 20.869280727023977 ], [ 106.94995395960774, 20.868405793692489 ], [ 106.948904064970748, 20.868860954969193 ] ] ], [ [ [ 106.980016068886641, 20.868800184181339 ], [ 106.978208058355278, 20.869110424206781 ], [ 106.978422981935239, 20.870946435130008 ], [ 106.980016068886641, 20.868800184181339 ] ] ], [ [ [ 106.943592072716115, 20.867769067388679 ], [ 106.940128127910839, 20.870127769681005 ], [ 106.942117382411311, 20.870876454384927 ], [ 106.942428930950484, 20.872619156149312 ], [ 106.943592072716115, 20.867769067388679 ] ] ], [ [ [ 106.941281036290775, 20.870841520219983 ], [ 106.940880892839118, 20.871484308853894 ], [ 106.941401082294135, 20.871377901069422 ], [ 106.941281036290775, 20.870841520219983 ] ] ], [ [ [ 106.939860693816058, 20.871361877848472 ], [ 106.940058372895749, 20.871094781898819 ], [ 106.93978266773604, 20.871191100189264 ], [ 106.939860693816058, 20.871361877848472 ] ] ], [ [ [ 106.947809651194575, 20.870743727940862 ], [ 106.946024058063813, 20.87361529920679 ], [ 106.946869895629334, 20.874391648855692 ], [ 106.947809651194575, 20.870743727940862 ] ] ], [ [ [ 106.935986248066911, 20.873042935583101 ], [ 106.936671979328423, 20.873035262567441 ], [ 106.936262232016588, 20.872547401041857 ], [ 106.935986248066911, 20.873042935583101 ] ] ], [ [ [ 106.977759095206181, 20.87466668312112 ], [ 106.976894177624331, 20.8750594629239 ], [ 106.977253964898637, 20.875540391575839 ], [ 106.977759095206181, 20.87466668312112 ] ] ], [ [ [ 106.94642374915685, 20.875097460179745 ], [ 106.945993959553675, 20.874852670114706 ], [ 106.945976688073756, 20.875283511025259 ], [ 106.94642374915685, 20.875097460179745 ] ] ], [ [ [ 106.973398972384814, 20.876358247635153 ], [ 106.974309980221449, 20.8749617237047 ], [ 106.973547671687811, 20.87489394989592 ], [ 106.973398972384814, 20.876358247635153 ] ] ], [ [ [ 106.937949029224455, 20.879551726730881 ], [ 106.936211175705239, 20.873367731136 ], [ 106.933981348960288, 20.875460949063722 ], [ 106.937949029224455, 20.879551726730881 ] ] ], [ [ [ 106.976582611998083, 20.876186390789428 ], [ 106.977229273112584, 20.877812699596518 ], [ 106.977206807148548, 20.876102600055106 ], [ 106.976582611998083, 20.876186390789428 ] ] ], [ [ [ 106.944852280108819, 20.877298360231293 ], [ 106.944264979645254, 20.87708046169405 ], [ 106.944403902418287, 20.877616712141617 ], [ 106.944852280108819, 20.877298360231293 ] ] ], [ [ [ 106.948391525148963, 20.878824061881119 ], [ 106.949585879684776, 20.876405292969878 ], [ 106.947600979701519, 20.878927611620043 ], [ 106.948391525148963, 20.878824061881119 ] ] ], [ [ [ 106.95967507694337, 20.880695346912773 ], [ 106.966588695212181, 20.881254201820013 ], [ 106.967014866842817, 20.876398754898673 ], [ 106.95967507694337, 20.880695346912773 ] ] ], [ [ [ 106.947177688599481, 20.880226622061116 ], [ 106.947873661340395, 20.879609977618372 ], [ 106.947578528126712, 20.879140705978898 ], [ 106.947177688599481, 20.880226622061116 ] ] ], [ [ [ 106.974266487208695, 20.877872491022742 ], [ 106.971302867633312, 20.877881128111653 ], [ 106.971481115960898, 20.885282466712511 ], [ 106.974266487208695, 20.877872491022742 ] ] ], [ [ [ 106.968036517371445, 20.881773562100307 ], [ 106.968420036855321, 20.879905630640451 ], [ 106.967324031279077, 20.88134787160709 ], [ 106.968036517371445, 20.881773562100307 ] ] ], [ [ [ 106.940514206865259, 20.880807252253021 ], [ 106.940437616103225, 20.881685935757503 ], [ 106.940940733727984, 20.881463322973957 ], [ 106.940514206865259, 20.880807252253021 ] ] ], [ [ [ 106.961014081134977, 20.886792132550852 ], [ 106.953861988739845, 20.882950760269466 ], [ 106.950011501829408, 20.884586628870011 ], [ 106.954869503724751, 20.886536530836338 ], [ 106.954196468192549, 20.892297345945906 ], [ 106.961014081134977, 20.886792132550852 ] ] ], [ [ [ 106.948334729364319, 20.889143078190614 ], [ 106.953324299376959, 20.888860467136965 ], [ 106.947919142754415, 20.887969664368541 ], [ 106.948334729364319, 20.889143078190614 ] ] ], [ [ [ 106.977647906625691, 20.888793857050985 ], [ 106.977419813373842, 20.889723961092045 ], [ 106.977845175614561, 20.889593703286778 ], [ 106.977647906625691, 20.888793857050985 ] ] ], [ [ [ 106.966245162284565, 20.884576131083747 ], [ 106.964681083865059, 20.895699182671251 ], [ 106.966003376854474, 20.896761881855412 ], [ 106.966245162284565, 20.884576131083747 ] ] ], [ [ [ 106.961815905879348, 20.890969235242153 ], [ 106.961005203027867, 20.890226432104214 ], [ 106.961044852338205, 20.891228668068663 ], [ 106.961815905879348, 20.890969235242153 ] ] ], [ [ [ 106.980892015754023, 20.891839554152284 ], [ 106.979487345764483, 20.890602477322659 ], [ 106.980871314259844, 20.892291018315916 ], [ 106.980892015754023, 20.891839554152284 ] ] ], [ [ [ 106.94760190240595, 20.892360167188144 ], [ 106.947213658783426, 20.891236468788009 ], [ 106.94670928480565, 20.891467875142382 ], [ 106.94760190240595, 20.892360167188144 ] ] ], [ [ [ 106.949014684280371, 20.892168607095527 ], [ 106.949264322590579, 20.892892677355292 ], [ 106.949635259659544, 20.892662877190105 ], [ 106.949014684280371, 20.892168607095527 ] ] ], [ [ [ 106.951765877693163, 20.892237442104374 ], [ 106.951507917956235, 20.892942292053249 ], [ 106.951906200710766, 20.892762200115612 ], [ 106.951765877693163, 20.892237442104374 ] ] ], [ [ [ 106.972854780923456, 20.893875318890935 ], [ 106.973966268328695, 20.895153494738054 ], [ 106.975628513145523, 20.889544122763141 ], [ 106.972854780923456, 20.893875318890935 ] ] ], [ [ [ 106.957892445280322, 20.893157499818813 ], [ 106.956660747295814, 20.892895832176976 ], [ 106.957366335588119, 20.893765197805692 ], [ 106.957892445280322, 20.893157499818813 ] ] ], [ [ [ 106.966713858357991, 20.898007155106313 ], [ 106.965962705014931, 20.897740024982227 ], [ 106.966320886999426, 20.898588240355195 ], [ 106.966713858357991, 20.898007155106313 ] ] ], [ [ [ 106.972969902239356, 20.90267276413681 ], [ 106.966831967221651, 20.902969203166379 ], [ 106.970112513282061, 20.904711202560009 ], [ 106.972969902239356, 20.90267276413681 ] ] ], [ [ [ 106.965095309800745, 20.902901418565705 ], [ 106.964435102198252, 20.903460563054637 ], [ 106.96507677027671, 20.903528401614494 ], [ 106.965095309800745, 20.902901418565705 ] ] ], [ [ [ 106.972022535711517, 20.905792077042747 ], [ 106.972543860111159, 20.904808475930508 ], [ 106.97166045066939, 20.904643224605195 ], [ 106.972022535711517, 20.905792077042747 ] ] ], [ [ [ 107.027764421790721, 20.705959854963453 ], [ 107.027449729221644, 20.706311302824474 ], [ 107.027641308199918, 20.706468784906633 ], [ 107.027764421790721, 20.705959854963453 ] ] ], [ [ [ 107.022555016101137, 20.707953632154442 ], [ 107.021381517742952, 20.70624098843092 ], [ 107.021016336334981, 20.70693479920169 ], [ 107.022555016101137, 20.707953632154442 ] ] ], [ [ [ 107.027693576797219, 20.707761790574295 ], [ 107.027630399423458, 20.706767260900392 ], [ 107.027142251913517, 20.707580462968053 ], [ 107.027693576797219, 20.707761790574295 ] ] ], [ [ [ 107.027955616758504, 20.707955917331844 ], [ 107.027622219190107, 20.70840113480466 ], [ 107.028048484350165, 20.708189598970876 ], [ 107.027955616758504, 20.707955917331844 ] ] ], [ [ [ 107.012488387329313, 20.709819279336443 ], [ 107.012068819420563, 20.709461180988853 ], [ 107.011955660425485, 20.709709110587141 ], [ 107.012488387329313, 20.709819279336443 ] ] ], [ [ [ 107.02833686455466, 20.709874879921927 ], [ 107.0276518113821, 20.708507339342304 ], [ 107.026072717881675, 20.71088083997887 ], [ 107.02833686455466, 20.709874879921927 ] ] ], [ [ [ 107.017451508280544, 20.710543800156302 ], [ 107.017032228154903, 20.709849527134111 ], [ 107.016657745058978, 20.709950354625221 ], [ 107.017451508280544, 20.710543800156302 ] ] ], [ [ [ 107.021432851944724, 20.715575417071989 ], [ 107.019100291145605, 20.709363217838359 ], [ 107.016892221698868, 20.714580231792354 ], [ 107.021432851944724, 20.715575417071989 ] ] ], [ [ [ 107.017494475190006, 20.717398273611479 ], [ 107.015895283640532, 20.716322319319772 ], [ 107.015678924742645, 20.71658347075072 ], [ 107.017494475190006, 20.717398273611479 ] ] ], [ [ [ 107.027513963298929, 20.718834543979142 ], [ 107.029652614077008, 20.720657380733599 ], [ 107.030986253812671, 20.718525856183476 ], [ 107.027513963298929, 20.718834543979142 ] ] ], [ [ [ 107.013326844158655, 20.721407169805104 ], [ 107.011317386388328, 20.719086590673783 ], [ 107.010483626718155, 20.722420980943639 ], [ 107.013326844158655, 20.721407169805104 ] ] ], [ [ [ 107.010088790165696, 20.720286851057494 ], [ 107.01014192570949, 20.720636322208691 ], [ 107.010324625681108, 20.720390559077089 ], [ 107.010088790165696, 20.720286851057494 ] ] ], [ [ [ 107.027354371407228, 20.722431038961361 ], [ 107.028364963872036, 20.723659108181323 ], [ 107.028540628447388, 20.723541002015793 ], [ 107.027354371407228, 20.722431038961361 ] ] ], [ [ [ 107.009623979163393, 20.725121679222184 ], [ 107.007831930699126, 20.724148860081868 ], [ 107.00732097997934, 20.72503361940619 ], [ 107.009623979163393, 20.725121679222184 ] ] ], [ [ [ 107.003687076797235, 20.733180835027611 ], [ 107.004532112167283, 20.733014496421958 ], [ 107.003875169103935, 20.732531192660531 ], [ 107.003687076797235, 20.733180835027611 ] ] ], [ [ [ 107.021256265564318, 20.733661398554887 ], [ 107.022239913441297, 20.733889668073914 ], [ 107.022356501551485, 20.733310203403164 ], [ 107.021256265564318, 20.733661398554887 ] ] ], [ [ [ 106.993867294839845, 20.736090844217131 ], [ 106.993753937994029, 20.73577132228877 ], [ 106.993621284394806, 20.736063808797894 ], [ 106.993867294839845, 20.736090844217131 ] ] ], [ [ [ 107.012997267809851, 20.738063207650953 ], [ 107.014948018736163, 20.742999402900125 ], [ 107.016668681714464, 20.743434061432936 ], [ 107.012997267809851, 20.738063207650953 ] ] ], [ [ [ 107.010781331992973, 20.742839784928321 ], [ 107.01180064968031, 20.743366944129264 ], [ 107.011874153969188, 20.741897006741624 ], [ 107.010781331992973, 20.742839784928321 ] ] ], [ [ [ 107.013549660188801, 20.749626316401475 ], [ 107.015185431662474, 20.750502275859503 ], [ 107.015396359554472, 20.749905724969381 ], [ 107.013549660188801, 20.749626316401475 ] ] ], [ [ [ 106.954989613579926, 20.874750971180504 ], [ 106.95113425504195, 20.861921847215513 ], [ 106.959060088152626, 20.846879163442793 ], [ 106.979987629625555, 20.858106894317757 ], [ 106.981729300766744, 20.84488359660088 ], [ 106.997099140812736, 20.855711437632863 ], [ 106.994160829958389, 20.861717979900845 ], [ 107.005011517367791, 20.854849212621104 ], [ 107.000106312756202, 20.844365409036584 ], [ 107.016289111153696, 20.839344645139306 ], [ 107.007878278160092, 20.861688119711005 ], [ 107.034568722068968, 20.862026109217595 ], [ 107.04677464463424, 20.814136410766878 ], [ 107.048166421942938, 20.834482831017851 ], [ 107.050134798682052, 20.825520799045705 ], [ 107.060207235275811, 20.833337392406918 ], [ 107.056898340785892, 20.821646284948201 ], [ 107.069353443906493, 20.817680685715231 ], [ 107.064693472725651, 20.812676773314536 ], [ 107.070817882839094, 20.810712727710325 ], [ 107.076563663982029, 20.824367733284419 ], [ 107.097927177897134, 20.800361995909441 ], [ 107.107115585416068, 20.802232761133212 ], [ 107.109786413612142, 20.795622057012395 ], [ 107.107967265876766, 20.792830661206153 ], [ 107.108133033412855, 20.792039719157799 ], [ 107.110100189772083, 20.791853906632582 ], [ 107.108664382555276, 20.786652980650615 ], [ 107.105969617104336, 20.795213693757034 ], [ 107.088076631031811, 20.799606440384991 ], [ 107.089945137158509, 20.805801689196699 ], [ 107.077976593345227, 20.806508163321212 ], [ 107.102013860951104, 20.777311933898716 ], [ 107.096840591820012, 20.780902502348738 ], [ 107.085087477904835, 20.777290199083495 ], [ 107.085534960769962, 20.789427730905231 ], [ 107.077395839946121, 20.781429806340668 ], [ 107.063018114894135, 20.815229036690823 ], [ 107.053777317369452, 20.820576411872025 ], [ 107.061908652762213, 20.792811911240847 ], [ 107.074861265335301, 20.785367853044136 ], [ 107.05668979429862, 20.785371699444511 ], [ 107.052743374906981, 20.780631938613226 ], [ 107.064605067569914, 20.783459611272065 ], [ 107.073569921614592, 20.778232449368033 ], [ 107.049439430285588, 20.77887405539343 ], [ 107.043915135075508, 20.769483059395725 ], [ 107.057790107627397, 20.766601475977438 ], [ 107.04649922006314, 20.766365188103009 ], [ 107.045706161909948, 20.762203069016437 ], [ 107.032349635927119, 20.787137432846293 ], [ 107.043586056951142, 20.758916638691971 ], [ 107.071498181296135, 20.746185045303719 ], [ 107.070015640809288, 20.743252551264277 ], [ 107.071878454227317, 20.738677529144752 ], [ 107.065287263596531, 20.73589442238972 ], [ 107.065057745818365, 20.745363824880656 ], [ 107.054942103095641, 20.74865035143273 ], [ 107.052802246326678, 20.714267845984466 ], [ 107.039657514282908, 20.731577922982922 ], [ 107.030380417422407, 20.731687795855123 ], [ 107.034587325444875, 20.720173425863095 ], [ 107.025654604176793, 20.72870262762433 ], [ 107.017001644910181, 20.727031662081686 ], [ 107.041746839045516, 20.736101713423466 ], [ 107.015483358170627, 20.739096811069089 ], [ 107.023894808998421, 20.743033265073279 ], [ 107.01681160377268, 20.752162250787308 ], [ 106.996134035157638, 20.748231729610723 ], [ 107.0001527672365, 20.741180279446496 ], [ 106.996577425208159, 20.739198402084696 ], [ 107.000957862815312, 20.73277799990484 ], [ 106.999107141681293, 20.727709051231784 ], [ 106.993729776807868, 20.745175897150034 ], [ 106.965680841297853, 20.759211539880766 ], [ 106.974464678002562, 20.764575541727879 ], [ 106.95296054699179, 20.792967800623671 ], [ 106.917925363065137, 20.798150268020606 ], [ 106.929960677043653, 20.800448827251728 ], [ 106.937827174684458, 20.817509561816905 ], [ 106.949323900877403, 20.804452019045584 ], [ 106.948492024387576, 20.829823811320011 ], [ 106.943894128910927, 20.825089086692174 ], [ 106.938446981143443, 20.826502160846076 ], [ 106.951255239038062, 20.843793865594478 ], [ 106.950470711853882, 20.84867597741453 ], [ 106.948401945593389, 20.844242556249071 ], [ 106.942288059346481, 20.849760251334601 ], [ 106.947912710803109, 20.846191761240959 ], [ 106.952050327860434, 20.856034272663578 ], [ 106.949439720966382, 20.862159508354637 ], [ 106.943736395018675, 20.861887574052389 ], [ 106.943855792610748, 20.866285766974613 ], [ 106.946786055432312, 20.864458981297048 ], [ 106.952010526564663, 20.867064489934307 ], [ 106.951387367433256, 20.878416865945667 ], [ 106.954989613579926, 20.874750971180504 ] ] ], [ [ [ 107.002668346367273, 20.858344295552968 ], [ 107.004080769412099, 20.860052009192998 ], [ 107.004586286428093, 20.858350463103534 ], [ 107.002668346367273, 20.858344295552968 ] ] ], [ [ [ 107.007550716292656, 20.862904038190834 ], [ 107.008357543965587, 20.862677400941436 ], [ 107.007850953159164, 20.862285401749944 ], [ 107.007550716292656, 20.862904038190834 ] ] ], [ [ [ 107.021154561234027, 20.864592079161298 ], [ 107.021167542048545, 20.865568586421261 ], [ 107.021855461360587, 20.864562578700202 ], [ 107.021154561234027, 20.864592079161298 ] ] ], [ [ [ 106.986961017736974, 20.86423169383778 ], [ 106.982389630676948, 20.866923183058589 ], [ 106.987635455312102, 20.865978370605433 ], [ 106.986961017736974, 20.86423169383778 ] ] ], [ [ [ 106.997717375256855, 20.865874295662309 ], [ 106.994820890072162, 20.864867763636369 ], [ 106.99586226273334, 20.868929084010063 ], [ 106.997717375256855, 20.865874295662309 ] ] ], [ [ [ 107.024893936006379, 20.868965036207555 ], [ 107.029078996798319, 20.866121368206564 ], [ 107.026965518943541, 20.86440260010005 ], [ 107.024893936006379, 20.868965036207555 ] ] ], [ [ [ 107.031503769583367, 20.865854836131973 ], [ 107.033883019585744, 20.866916359902177 ], [ 107.033540325725596, 20.864978594286811 ], [ 107.031503769583367, 20.865854836131973 ] ] ], [ [ [ 107.018145122999101, 20.866621474001931 ], [ 107.017782912051814, 20.867515362344136 ], [ 107.018232491236517, 20.867556832781702 ], [ 107.018145122999101, 20.866621474001931 ] ] ], [ [ [ 107.000354798135504, 20.869490814949188 ], [ 107.001803555589788, 20.868258267105489 ], [ 107.000053311211389, 20.868892771184619 ], [ 107.000354798135504, 20.869490814949188 ] ] ], [ [ [ 107.027797755162339, 20.870157593897829 ], [ 107.028241781932707, 20.870563994832651 ], [ 107.028198431012868, 20.870049904579616 ], [ 107.027797755162339, 20.870157593897829 ] ] ], [ [ [ 107.01202165087858, 20.873804580417186 ], [ 107.003910278636624, 20.872470126794951 ], [ 107.01397967102514, 20.877824801773215 ], [ 107.01535984707948, 20.875999062007281 ], [ 107.01202165087858, 20.873804580417186 ] ] ], [ [ [ 107.032025168626774, 20.869181154087073 ], [ 107.030567620299621, 20.872251683268757 ], [ 107.034155246167813, 20.869910538440706 ], [ 107.032025168626774, 20.869181154087073 ] ] ], [ [ [ 107.024688878888753, 20.872767270892894 ], [ 107.021589601079256, 20.870642752960805 ], [ 107.024525490958752, 20.874209992996782 ], [ 107.024688878888753, 20.872767270892894 ] ] ], [ [ [ 107.021550156814328, 20.872189476263486 ], [ 107.012695131575242, 20.869494949132672 ], [ 107.017465385719106, 20.876431229417733 ], [ 107.021550156814328, 20.872189476263486 ] ] ], [ [ [ 107.026933151443927, 20.873838432697653 ], [ 107.028172276029807, 20.873549327639523 ], [ 107.027320028996144, 20.872701787657547 ], [ 107.026933151443927, 20.873838432697653 ] ] ], [ [ [ 107.022516438782759, 20.87433670387594 ], [ 107.021312061302694, 20.874488197372443 ], [ 107.022384043289037, 20.875367392591272 ], [ 107.022516438782759, 20.87433670387594 ] ] ], [ [ [ 107.034145508308598, 20.871900351420152 ], [ 107.033629015966369, 20.876983627192715 ], [ 107.033777113622989, 20.877119027321328 ], [ 107.034145508308598, 20.871900351420152 ] ] ], [ [ [ 107.006457012980945, 20.877572368370295 ], [ 107.00551150355318, 20.874748908135643 ], [ 107.004278243446379, 20.876780630421877 ], [ 107.006457012980945, 20.877572368370295 ] ] ], [ [ [ 107.003331126030787, 20.878026469346139 ], [ 107.003900689165562, 20.877654537626938 ], [ 107.003693220066225, 20.877378668790584 ], [ 107.003331126030787, 20.878026469346139 ] ] ], [ [ [ 107.027505799253277, 20.878359875008357 ], [ 107.027062053071461, 20.877987874041253 ], [ 107.027067116254557, 20.878365075787713 ], [ 107.027505799253277, 20.878359875008357 ] ] ], [ [ [ 106.99865367113, 20.878121390090143 ], [ 106.999992342572682, 20.878406521943532 ], [ 106.999916044090298, 20.876677747979727 ], [ 106.99865367113, 20.878121390090143 ] ] ], [ [ [ 107.009767698920371, 20.878472585241695 ], [ 107.010190627595364, 20.878224080976679 ], [ 107.00976006367614, 20.877898832165499 ], [ 107.009767698920371, 20.878472585241695 ] ] ], [ [ [ 107.020535863639395, 20.87848238515403 ], [ 107.020934461156514, 20.878530950343247 ], [ 107.020815059067786, 20.878105615082177 ], [ 107.020535863639395, 20.87848238515403 ] ] ], [ [ [ 106.990786937866972, 20.878827376782169 ], [ 106.992853822745701, 20.881711099687607 ], [ 106.994660355690996, 20.878995247832563 ], [ 106.990786937866972, 20.878827376782169 ] ] ], [ [ [ 106.978287535941035, 20.888698683597511 ], [ 106.98862466729463, 20.886974383760901 ], [ 106.989051152788647, 20.878809925437793 ], [ 106.986092240264782, 20.87917021093665 ], [ 106.996569351994083, 20.869911045658228 ], [ 106.979926517095237, 20.871157402592189 ], [ 106.978287535941035, 20.888698683597511 ] ] ], [ [ [ 107.014485507300435, 20.882491213898561 ], [ 107.012010975925932, 20.879939008978226 ], [ 107.011783310751241, 20.881170011786708 ], [ 107.014485507300435, 20.882491213898561 ] ] ], [ [ [ 107.028019423657611, 20.881220811791138 ], [ 107.026745317242785, 20.881582663009624 ], [ 107.027330456635354, 20.882829233082759 ], [ 107.028019423657611, 20.881220811791138 ] ] ], [ [ [ 107.006852506038456, 20.882414481043611 ], [ 107.007262945828302, 20.881577023361046 ], [ 107.006575030113709, 20.881564238598799 ], [ 107.006852506038456, 20.882414481043611 ] ] ], [ [ [ 106.990926613372665, 20.883362996005644 ], [ 106.992666007430387, 20.88365597624238 ], [ 106.992869032979684, 20.882851575839709 ], [ 106.990926613372665, 20.883362996005644 ] ] ], [ [ [ 107.022987998297538, 20.884222316206944 ], [ 107.02397311656614, 20.885904272364428 ], [ 107.023943354402377, 20.883684121425233 ], [ 107.022987998297538, 20.884222316206944 ] ] ], [ [ [ 107.009801731964501, 20.892297621138368 ], [ 107.012382547017012, 20.883673602055183 ], [ 107.008879102188871, 20.888818904968673 ], [ 107.003726069602465, 20.879203665716773 ], [ 107.009801731964501, 20.892297621138368 ] ] ], [ [ [ 107.016242485802138, 20.887802221395418 ], [ 107.015800269367105, 20.889752539747917 ], [ 107.018659260916195, 20.889853970684328 ], [ 107.016242485802138, 20.887802221395418 ] ] ], [ [ [ 106.984361702730496, 20.889706259736101 ], [ 106.984050736952042, 20.890411765290878 ], [ 106.984931604010455, 20.890401536401896 ], [ 106.984361702730496, 20.889706259736101 ] ] ], [ [ [ 106.997827592569422, 20.886315612375711 ], [ 106.998320449829009, 20.893291184940267 ], [ 106.999849833303244, 20.89384984829195 ], [ 106.997827592569422, 20.886315612375711 ] ] ], [ [ [ 106.98867882177035, 20.891084879063953 ], [ 106.98951802683564, 20.889921996303201 ], [ 106.988955374091347, 20.889778108373037 ], [ 106.98867882177035, 20.891084879063953 ] ] ], [ [ [ 107.005507048311699, 20.89239476140915 ], [ 107.004781859295463, 20.891494960024431 ], [ 107.004977282875359, 20.892783299110022 ], [ 107.005507048311699, 20.89239476140915 ] ] ], [ [ [ 106.99596610115475, 20.892942696748207 ], [ 106.997113582126133, 20.894909535646718 ], [ 106.997681397878239, 20.893423900592609 ], [ 106.99596610115475, 20.892942696748207 ] ] ], [ [ [ 107.017470812228282, 20.89695645557606 ], [ 107.019627986342641, 20.898257441827582 ], [ 107.018328781648108, 20.895404672687562 ], [ 107.017470812228282, 20.89695645557606 ] ] ], [ [ [ 107.011384473115072, 20.896167767228746 ], [ 107.013028967113314, 20.90199219858124 ], [ 107.015488423152306, 20.900170610984901 ], [ 107.012618030897386, 20.896977839655676 ], [ 107.015195022932119, 20.895369875219728 ], [ 107.011384473115072, 20.896167767228746 ] ] ], [ [ [ 107.008507123704987, 20.898173451443711 ], [ 107.005318268923133, 20.899752476595609 ], [ 107.005720301850602, 20.90125347836539 ], [ 107.008507123704987, 20.898173451443711 ] ] ], [ [ [ 107.022356892756591, 20.899444083777439 ], [ 107.022714170022994, 20.900443690124291 ], [ 107.022931950749069, 20.89958066831332 ], [ 107.022356892756591, 20.899444083777439 ] ] ], [ [ [ 107.009042383099654, 20.903939270381215 ], [ 107.008343742969544, 20.903122883814149 ], [ 107.008510363062896, 20.904160615120361 ], [ 107.009042383099654, 20.903939270381215 ] ] ], [ [ [ 107.013396170197211, 20.903626773956546 ], [ 107.010223188449515, 20.908404056302288 ], [ 107.013335288792632, 20.907941552960324 ], [ 107.013396170197211, 20.903626773956546 ] ] ], [ [ [ 107.022856864552807, 20.911974406193906 ], [ 107.014414302578132, 20.905504338054868 ], [ 107.017209819078005, 20.914475897444845 ], [ 107.022856864552807, 20.911974406193906 ] ] ], [ [ [ 107.046672279302413, 20.69142699056323 ], [ 107.046187291110755, 20.690854214150761 ], [ 107.046069990737635, 20.691372472761543 ], [ 107.046672279302413, 20.69142699056323 ] ] ], [ [ [ 107.044496589945709, 20.693534658797489 ], [ 107.046158957969567, 20.693697409108267 ], [ 107.0463860790544, 20.693271302228936 ], [ 107.044496589945709, 20.693534658797489 ] ] ], [ [ [ 107.04605182713027, 20.69922619643188 ], [ 107.046368130384963, 20.700856200553289 ], [ 107.046566400319307, 20.699117501671481 ], [ 107.04605182713027, 20.69922619643188 ] ] ], [ [ [ 107.045343071425691, 20.702959778671016 ], [ 107.043912152024234, 20.704582816643835 ], [ 107.045734331374376, 20.703168594954718 ], [ 107.045343071425691, 20.702959778671016 ] ] ], [ [ [ 107.046207930551645, 20.70703431728009 ], [ 107.046986722759129, 20.705599161172529 ], [ 107.044691204135916, 20.706699907075119 ], [ 107.046207930551645, 20.70703431728009 ] ] ], [ [ [ 107.038733109245754, 20.708800394222919 ], [ 107.036744057991939, 20.70695422186003 ], [ 107.035702418232063, 20.71020528094914 ], [ 107.038733109245754, 20.708800394222919 ] ] ], [ [ [ 107.041001856850301, 20.707958112576875 ], [ 107.041662330652173, 20.706962687178418 ], [ 107.040492371126106, 20.706983242982403 ], [ 107.041001856850301, 20.707958112576875 ] ] ], [ [ [ 107.039853079955719, 20.708485527185417 ], [ 107.039564722234161, 20.707875730180888 ], [ 107.03931701836575, 20.708446278972701 ], [ 107.039853079955719, 20.708485527185417 ] ] ], [ [ [ 107.045815379176418, 20.71103377059211 ], [ 107.047156304319969, 20.710133176904662 ], [ 107.046667768302996, 20.709207110819477 ], [ 107.045815379176418, 20.71103377059211 ] ] ], [ [ [ 107.04363638660999, 20.711563973998238 ], [ 107.043742744931933, 20.7120225104307 ], [ 107.044028440659986, 20.71184222244068 ], [ 107.04363638660999, 20.711563973998238 ] ] ], [ [ [ 107.05359163434656, 20.71093176768693 ], [ 107.051257862160753, 20.711479897279503 ], [ 107.05108729764072, 20.713267929371511 ], [ 107.05359163434656, 20.71093176768693 ] ] ], [ [ [ 107.057838381436341, 20.717689296923595 ], [ 107.057461082562952, 20.71690072728677 ], [ 107.057607342904589, 20.717772515689148 ], [ 107.057838381436341, 20.717689296923595 ] ] ], [ [ [ 107.036869668100735, 20.727416249960015 ], [ 107.037972366431575, 20.726948083587331 ], [ 107.037730482076199, 20.726506952633883 ], [ 107.036869668100735, 20.727416249960015 ] ] ], [ [ [ 107.062202580884389, 20.734687875744896 ], [ 107.060944243182462, 20.737099630843318 ], [ 107.061147352368437, 20.737477436934228 ], [ 107.062202580884389, 20.734687875744896 ] ] ], [ [ [ 107.061739162932213, 20.739981414810472 ], [ 107.062075081300009, 20.73894275990051 ], [ 107.061387106230029, 20.739817594306658 ], [ 107.061739162932213, 20.739981414810472 ] ] ], [ [ [ 107.058777267357186, 20.741581582124354 ], [ 107.060388966677522, 20.741348449071722 ], [ 107.059734332173718, 20.740348667357239 ], [ 107.058777267357186, 20.741581582124354 ] ] ], [ [ [ 107.061607574130335, 20.741440750090646 ], [ 107.06110500868931, 20.741492556436356 ], [ 107.061238211774139, 20.741735304140946 ], [ 107.061607574130335, 20.741440750090646 ] ] ], [ [ [ 107.063378098220653, 20.742329881019373 ], [ 107.06029208990816, 20.744564729578713 ], [ 107.064054398291887, 20.74365779477148 ], [ 107.063378098220653, 20.742329881019373 ] ] ], [ [ [ 107.059816891736318, 20.745580039887102 ], [ 107.059157957573802, 20.745597234025297 ], [ 107.05925221911474, 20.746021766191689 ], [ 107.059816891736318, 20.745580039887102 ] ] ], [ [ [ 107.060940831154483, 20.753836964704192 ], [ 107.060322275652538, 20.754131257052052 ], [ 107.061073961394243, 20.754289472081553 ], [ 107.060940831154483, 20.753836964704192 ] ] ], [ [ [ 107.054236575957248, 20.757987585059027 ], [ 107.059524916042164, 20.756363661253999 ], [ 107.061651824372348, 20.758011534005277 ], [ 107.064179973327271, 20.756628527784471 ], [ 107.056129102975888, 20.754895651113486 ], [ 107.054236575957248, 20.757987585059027 ] ] ], [ [ [ 107.048497094565391, 20.757794890022183 ], [ 107.049041947028286, 20.758138386077803 ], [ 107.049299100972803, 20.757550462384074 ], [ 107.048497094565391, 20.757794890022183 ] ] ], [ [ [ 107.053449637690676, 20.759006877565412 ], [ 107.053413546098398, 20.758650363823335 ], [ 107.053233185263309, 20.758849909895616 ], [ 107.053449637690676, 20.759006877565412 ] ] ], [ [ [ 107.052895908019877, 20.759320055676028 ], [ 107.053065090281848, 20.758961088583533 ], [ 107.052781486376489, 20.759119880078515 ], [ 107.052895908019877, 20.759320055676028 ] ] ], [ [ [ 107.051308515575727, 20.760348544649673 ], [ 107.050556783968602, 20.758792123957448 ], [ 107.049840279705222, 20.75923590881024 ], [ 107.051308515575727, 20.760348544649673 ] ] ], [ [ [ 107.052203565841978, 20.762197436562474 ], [ 107.05355641419726, 20.760521963617919 ], [ 107.051381912845102, 20.761468890377159 ], [ 107.052203565841978, 20.762197436562474 ] ] ], [ [ [ 107.047434553661788, 20.762614276827549 ], [ 107.046985309024933, 20.76276826234556 ], [ 107.047422751858676, 20.762854969581269 ], [ 107.047434553661788, 20.762614276827549 ] ] ], [ [ [ 107.060784460634352, 20.763757334933132 ], [ 107.055732174600223, 20.762602663881921 ], [ 107.057047613856412, 20.764734901594522 ], [ 107.060784460634352, 20.763757334933132 ] ] ], [ [ [ 107.051747900945031, 20.765000653957031 ], [ 107.052144516356464, 20.76289632130829 ], [ 107.050616635649362, 20.763556133209079 ], [ 107.051747900945031, 20.765000653957031 ] ] ], [ [ [ 107.062087444280166, 20.763904229296827 ], [ 107.061769433212874, 20.764386351349174 ], [ 107.0622413767382, 20.764085593775292 ], [ 107.062087444280166, 20.763904229296827 ] ] ], [ [ [ 107.058296142653035, 20.766232779119491 ], [ 107.058843717363743, 20.766457737334747 ], [ 107.05889384467531, 20.766306340065626 ], [ 107.058296142653035, 20.766232779119491 ] ] ], [ [ [ 107.057087443031207, 20.769085390878217 ], [ 107.056899251799166, 20.768823976845226 ], [ 107.05682735010231, 20.769069273228411 ], [ 107.057087443031207, 20.769085390878217 ] ] ], [ [ [ 107.056301520998488, 20.770456845307137 ], [ 107.053670632593764, 20.76999702374377 ], [ 107.053479437625981, 20.771510255394162 ], [ 107.056301520998488, 20.770456845307137 ] ] ], [ [ [ 107.057762999362978, 20.771497437357027 ], [ 107.05669553916789, 20.771018559159302 ], [ 107.057159759315539, 20.771793886278942 ], [ 107.057762999362978, 20.771497437357027 ] ] ], [ [ [ 107.05756196401353, 20.773648914266005 ], [ 107.058414655312276, 20.774223909306045 ], [ 107.057975510061794, 20.773237440255741 ], [ 107.05756196401353, 20.773648914266005 ] ] ], [ [ [ 107.062550539375934, 20.775518065206711 ], [ 107.060665476730378, 20.776925586047014 ], [ 107.062952055193307, 20.776110193230807 ], [ 107.062550539375934, 20.775518065206711 ] ] ], [ [ [ 107.061532181265193, 20.812863086762206 ], [ 107.060147449245505, 20.812053430721335 ], [ 107.060716026723412, 20.813286098174956 ], [ 107.061532181265193, 20.812863086762206 ] ] ], [ [ [ 107.058741242314682, 20.812536436807136 ], [ 107.058309486793576, 20.812255652276576 ], [ 107.058312952780682, 20.81249923095487 ], [ 107.058741242314682, 20.812536436807136 ] ] ], [ [ [ 107.057914071976938, 20.815053273190188 ], [ 107.057510857340333, 20.812307498192581 ], [ 107.056124847383899, 20.814291424210012 ], [ 107.057914071976938, 20.815053273190188 ] ] ], [ [ [ 107.062514554802931, 20.828227116288531 ], [ 107.060880141305574, 20.828254914332945 ], [ 107.061287622326063, 20.828814182028907 ], [ 107.062514554802931, 20.828227116288531 ] ] ], [ [ [ 107.052593458821207, 20.828671161045406 ], [ 107.050382802924105, 20.831194520211113 ], [ 107.053497397986689, 20.830227606918584 ], [ 107.052593458821207, 20.828671161045406 ] ] ], [ [ [ 107.062325450759033, 20.832871886228759 ], [ 107.062865713981637, 20.831890542414726 ], [ 107.062381986639537, 20.83185844201364 ], [ 107.062325450759033, 20.832871886228759 ] ] ], [ [ [ 107.058524818665546, 20.837621777023571 ], [ 107.058207697027797, 20.837195599097754 ], [ 107.058326655750648, 20.837746961752998 ], [ 107.058524818665546, 20.837621777023571 ] ] ], [ [ [ 107.049422329676872, 20.839078613087622 ], [ 107.052377619731487, 20.839663960223731 ], [ 107.050236104612623, 20.838364775314176 ], [ 107.049422329676872, 20.839078613087622 ] ] ], [ [ [ 107.060053438615455, 20.847638020378497 ], [ 107.060639429665969, 20.848561199639676 ], [ 107.060744902155591, 20.847690828569 ], [ 107.060053438615455, 20.847638020378497 ] ] ], [ [ [ 107.055858729896613, 20.851630156806323 ], [ 107.054641480420059, 20.846454444217329 ], [ 107.051835378000305, 20.848104588655985 ], [ 107.055858729896613, 20.851630156806323 ] ] ], [ [ [ 107.051854537157226, 20.851414993107539 ], [ 107.050842866405276, 20.848899354621551 ], [ 107.049447085314739, 20.850734376290575 ], [ 107.051854537157226, 20.851414993107539 ] ] ], [ [ [ 107.06121098030269, 20.851284241574547 ], [ 107.062685500635325, 20.850458509252917 ], [ 107.061305624954798, 20.850573012734458 ], [ 107.06121098030269, 20.851284241574547 ] ] ], [ [ [ 107.056735952902102, 20.852868237279495 ], [ 107.055999763378566, 20.852411965339968 ], [ 107.05597951604193, 20.852828293890809 ], [ 107.056735952902102, 20.852868237279495 ] ] ], [ [ [ 107.051229961593549, 20.855336834927016 ], [ 107.051074438234878, 20.853479403052063 ], [ 107.050306117733271, 20.85449162239064 ], [ 107.051229961593549, 20.855336834927016 ] ] ], [ [ [ 107.05590512142436, 20.85392366994148 ], [ 107.055346710782203, 20.855315252097284 ], [ 107.056646931710645, 20.854215894747767 ], [ 107.05590512142436, 20.85392366994148 ] ] ], [ [ [ 107.045625751727243, 20.851513930223803 ], [ 107.044670882155572, 20.858008562445377 ], [ 107.050373166688473, 20.855591715385458 ], [ 107.045625751727243, 20.851513930223803 ] ] ], [ [ [ 107.038818998997783, 20.855233667399887 ], [ 107.038543572627873, 20.856107050300295 ], [ 107.039240269323045, 20.855370053185538 ], [ 107.038818998997783, 20.855233667399887 ] ] ], [ [ [ 107.050477927814313, 20.862994323829014 ], [ 107.050155364378611, 20.860498963256589 ], [ 107.047996720772176, 20.862211104259075 ], [ 107.050477927814313, 20.862994323829014 ] ] ], [ [ [ 107.051734745662145, 20.863400759837248 ], [ 107.053012692182108, 20.86299399377782 ], [ 107.052204553297599, 20.862552025555601 ], [ 107.051734745662145, 20.863400759837248 ] ] ], [ [ [ 107.036216817851994, 20.863761247683556 ], [ 107.035714891828945, 20.863262098766882 ], [ 107.035657130172524, 20.863767908062641 ], [ 107.036216817851994, 20.863761247683556 ] ] ], [ [ [ 107.03723974092145, 20.866173725836802 ], [ 107.035903985980326, 20.864512538622876 ], [ 107.035905572384365, 20.866230062067757 ], [ 107.03723974092145, 20.866173725836802 ] ] ], [ [ [ 107.048213032005947, 20.866333714329471 ], [ 107.049425214702069, 20.865807303364534 ], [ 107.048940687862626, 20.865572198098619 ], [ 107.048213032005947, 20.866333714329471 ] ] ], [ [ [ 107.037419592740036, 20.866737384023054 ], [ 107.03796436066682, 20.867215789177294 ], [ 107.037632464966407, 20.866552989728746 ], [ 107.037419592740036, 20.866737384023054 ] ] ], [ [ [ 107.035713655261134, 20.867970022698444 ], [ 107.035257532609137, 20.867672322819487 ], [ 107.035133220222065, 20.868037518616632 ], [ 107.035713655261134, 20.867970022698444 ] ] ], [ [ [ 107.056083678219295, 20.86940453489143 ], [ 107.055177678706912, 20.86884303687674 ], [ 107.055513688805775, 20.869953705898922 ], [ 107.056083678219295, 20.86940453489143 ] ] ], [ [ [ 107.035910733593653, 20.869806396048375 ], [ 107.036751346997221, 20.869877204169711 ], [ 107.036486465178371, 20.869395374397186 ], [ 107.035910733593653, 20.869806396048375 ] ] ], [ [ [ 107.036865006015262, 20.873083018366742 ], [ 107.041487774041741, 20.872044835600661 ], [ 107.047160915144218, 20.869206812644279 ], [ 107.04506908487042, 20.865205779223459 ], [ 107.036865006015262, 20.873083018366742 ] ] ], [ [ [ 107.067872139987287, 20.872847426567546 ], [ 107.060475737765216, 20.868011145997741 ], [ 107.05879209627841, 20.877476025797989 ], [ 107.067872139987287, 20.872847426567546 ] ] ], [ [ [ 107.033868256315145, 20.879050119067927 ], [ 107.029286099873616, 20.875340975905374 ], [ 107.036701688232483, 20.883946511222632 ], [ 107.040302301210374, 20.877317418664006 ], [ 107.033868256315145, 20.879050119067927 ] ] ], [ [ [ 107.069411308984911, 20.696450410158377 ], [ 107.069408900600479, 20.695473964951702 ], [ 107.068980260330875, 20.696547150230856 ], [ 107.069411308984911, 20.696450410158377 ] ] ], [ [ [ 107.066865439788387, 20.696043493912214 ], [ 107.068345992773459, 20.697602397632636 ], [ 107.067400386218992, 20.695630284210381 ], [ 107.066865439788387, 20.696043493912214 ] ] ], [ [ [ 107.074398495794014, 20.700373584773217 ], [ 107.074552493003125, 20.701796886017519 ], [ 107.074993242644211, 20.701615676222445 ], [ 107.074398495794014, 20.700373584773217 ] ] ], [ [ [ 107.076802515823488, 20.702689794098887 ], [ 107.074487045740568, 20.704495746081875 ], [ 107.077005261683553, 20.704128123014584 ], [ 107.076802515823488, 20.702689794098887 ] ] ], [ [ [ 107.073217986321083, 20.704838632397127 ], [ 107.073383343766352, 20.703833350428852 ], [ 107.072728291077965, 20.704745022864529 ], [ 107.073217986321083, 20.704838632397127 ] ] ], [ [ [ 107.062939459288714, 20.707635999701665 ], [ 107.064286129301593, 20.70761985507238 ], [ 107.063027117107879, 20.707188790230589 ], [ 107.062939459288714, 20.707635999701665 ] ] ], [ [ [ 107.067980968746838, 20.708948019735431 ], [ 107.06813232824436, 20.707783445349889 ], [ 107.067605701442119, 20.708690215581044 ], [ 107.067980968746838, 20.708948019735431 ] ] ], [ [ [ 107.067923143238545, 20.711090835273978 ], [ 107.063753900622146, 20.712275466339747 ], [ 107.065183203941729, 20.715975314109585 ], [ 107.067923143238545, 20.711090835273978 ] ] ], [ [ [ 107.073138754250238, 20.719693969401192 ], [ 107.07111960988226, 20.71921939805685 ], [ 107.073124491901922, 20.720233665151682 ], [ 107.073138754250238, 20.719693969401192 ] ] ], [ [ [ 107.063155766925263, 20.723694678166908 ], [ 107.065678524444422, 20.718757384845503 ], [ 107.063736969085937, 20.717908053414021 ], [ 107.063155766925263, 20.723694678166908 ] ] ], [ [ [ 107.065048130267201, 20.724354978399674 ], [ 107.065362615092738, 20.723461323881111 ], [ 107.064888487114104, 20.723667657136843 ], [ 107.065048130267201, 20.724354978399674 ] ] ], [ [ [ 107.062199464733681, 20.724969222551749 ], [ 107.062976126447097, 20.723949394948761 ], [ 107.061927993582174, 20.724592417406257 ], [ 107.062199464733681, 20.724969222551749 ] ] ], [ [ [ 107.07014788701548, 20.726601217772156 ], [ 107.068847029367021, 20.724548346129325 ], [ 107.068917866266588, 20.726918331316085 ], [ 107.07014788701548, 20.726601217772156 ] ] ], [ [ [ 107.069425397763951, 20.729221388955978 ], [ 107.067539873766179, 20.731191503185414 ], [ 107.068108692262513, 20.73182360427603 ], [ 107.069425397763951, 20.729221388955978 ] ] ], [ [ [ 107.066589283169037, 20.732327217427212 ], [ 107.067360471608538, 20.726270665658831 ], [ 107.06172025108873, 20.727512773295985 ], [ 107.061937130694218, 20.733021735065108 ], [ 107.069733859829967, 20.735843480292431 ], [ 107.066589283169037, 20.732327217427212 ] ] ], [ [ [ 107.068502681653456, 20.732668288011212 ], [ 107.069052989403929, 20.734313737988771 ], [ 107.069788632139648, 20.733747481661055 ], [ 107.068502681653456, 20.732668288011212 ] ] ], [ [ [ 107.06997634313376, 20.73719375029151 ], [ 107.070767817580816, 20.736924976206751 ], [ 107.069960653561452, 20.736988963869749 ], [ 107.06997634313376, 20.73719375029151 ] ] ], [ [ [ 107.074735038291522, 20.739569793311489 ], [ 107.074466659908524, 20.739215186131958 ], [ 107.074535941880356, 20.739645605260534 ], [ 107.074735038291522, 20.739569793311489 ] ] ], [ [ [ 107.07831546059009, 20.739505233679665 ], [ 107.074827070412994, 20.743554372736298 ], [ 107.079553525774656, 20.741062502432555 ], [ 107.07831546059009, 20.739505233679665 ] ] ], [ [ [ 107.072412409605192, 20.743830642670162 ], [ 107.072594433286611, 20.742995103241583 ], [ 107.070694733275445, 20.744071669971731 ], [ 107.072412409605192, 20.743830642670162 ] ] ], [ [ [ 107.063931095843486, 20.754171559270105 ], [ 107.062357471120492, 20.755242142810687 ], [ 107.064206666104837, 20.754763666610017 ], [ 107.063931095843486, 20.754171559270105 ] ] ], [ [ [ 107.064183826022827, 20.755390601095485 ], [ 107.064150519630857, 20.75513013224986 ], [ 107.063945502083413, 20.755337479041543 ], [ 107.064183826022827, 20.755390601095485 ] ] ], [ [ [ 107.06418240329532, 20.756014660448272 ], [ 107.063843245569387, 20.755841753194431 ], [ 107.063937694169283, 20.756231872802687 ], [ 107.06418240329532, 20.756014660448272 ] ] ], [ [ [ 107.066276346975997, 20.756952773851594 ], [ 107.06787689290428, 20.758985057314533 ], [ 107.06971226980545, 20.757228716432223 ], [ 107.066276346975997, 20.756952773851594 ] ] ], [ [ [ 107.073621862858829, 20.759985005403848 ], [ 107.074040382158046, 20.760866120675075 ], [ 107.074965178400305, 20.760432001735523 ], [ 107.073621862858829, 20.759985005403848 ] ] ], [ [ [ 107.064158670186657, 20.76249238991204 ], [ 107.069081386396988, 20.759030420018007 ], [ 107.060140561338017, 20.761373453422266 ], [ 107.064158670186657, 20.76249238991204 ] ] ], [ [ [ 107.076150221355761, 20.762217200063901 ], [ 107.07688850809825, 20.761443463844785 ], [ 107.075983569786104, 20.761766377116771 ], [ 107.076150221355761, 20.762217200063901 ] ] ], [ [ [ 107.071193526060483, 20.76259398272623 ], [ 107.071431312205391, 20.762693692360187 ], [ 107.071419331437198, 20.762488592074988 ], [ 107.071193526060483, 20.76259398272623 ] ] ], [ [ [ 107.071780538740938, 20.762755668239549 ], [ 107.073609203102365, 20.763774263771381 ], [ 107.073882604198957, 20.762474669670439 ], [ 107.071780538740938, 20.762755668239549 ] ] ], [ [ [ 107.078373714175711, 20.762120779250722 ], [ 107.078886932985711, 20.764353732938616 ], [ 107.079798075720646, 20.762829248970775 ], [ 107.078373714175711, 20.762120779250722 ] ] ], [ [ [ 107.06407212572816, 20.764374855315509 ], [ 107.064259773769606, 20.763529318123631 ], [ 107.063694682963444, 20.764235276936631 ], [ 107.06407212572816, 20.764374855315509 ] ] ], [ [ [ 107.070957797564404, 20.764335575626319 ], [ 107.07108941604389, 20.764023640378753 ], [ 107.070914821661745, 20.764034864817177 ], [ 107.070957797564404, 20.764335575626319 ] ] ], [ [ [ 107.069008482855281, 20.765870004297369 ], [ 107.06942684657173, 20.766397352355966 ], [ 107.069752790558937, 20.765609738698629 ], [ 107.069008482855281, 20.765870004297369 ] ] ], [ [ [ 107.081359134216825, 20.76836499075182 ], [ 107.07350037794015, 20.765581958640553 ], [ 107.075456063446666, 20.769386083700851 ], [ 107.081359134216825, 20.76836499075182 ] ] ], [ [ [ 107.069396182388004, 20.766767666194937 ], [ 107.069041335089651, 20.766968155655888 ], [ 107.069351424029037, 20.766981214711393 ], [ 107.069396182388004, 20.766767666194937 ] ] ], [ [ [ 107.07318355217933, 20.767517674701082 ], [ 107.072638222176295, 20.767255626645976 ], [ 107.072602920188672, 20.767552495551286 ], [ 107.07318355217933, 20.767517674701082 ] ] ], [ [ [ 107.064388946992494, 20.76692310501744 ], [ 107.064657799318127, 20.768108176751014 ], [ 107.065457879377732, 20.766975084932199 ], [ 107.064388946992494, 20.76692310501744 ] ] ], [ [ [ 107.072393647049239, 20.768092376562095 ], [ 107.072734598922693, 20.767819538441131 ], [ 107.072576376698578, 20.767765916363999 ], [ 107.072393647049239, 20.768092376562095 ] ] ], [ [ [ 107.065119996890417, 20.768907343998762 ], [ 107.062362206050977, 20.775200858133132 ], [ 107.066576391387514, 20.76959467785224 ], [ 107.065119996890417, 20.768907343998762 ] ] ], [ [ [ 107.067976196044754, 20.770201595227604 ], [ 107.068890124879431, 20.775020728423897 ], [ 107.071516145253895, 20.771986522859777 ], [ 107.067976196044754, 20.770201595227604 ] ] ], [ [ [ 107.073327827717151, 20.77632298901483 ], [ 107.075725156790725, 20.770246154836229 ], [ 107.071468600795413, 20.773551302750491 ], [ 107.073327827717151, 20.77632298901483 ] ] ], [ [ [ 107.0752838900396, 20.776510735082411 ], [ 107.076445853693258, 20.776545625180518 ], [ 107.076266462327453, 20.775616298153807 ], [ 107.0752838900396, 20.776510735082411 ] ] ], [ [ [ 107.077340834711947, 20.776866183127993 ], [ 107.07839853096749, 20.777255016705794 ], [ 107.078684375083867, 20.776449996670067 ], [ 107.077340834711947, 20.776866183127993 ] ] ], [ [ [ 107.077079474638083, 20.778309569830753 ], [ 107.076854689992103, 20.777871462398139 ], [ 107.076582367182652, 20.778531212245753 ], [ 107.077079474638083, 20.778309569830753 ] ] ], [ [ [ 107.074420820564512, 20.779440987111911 ], [ 107.073753592854075, 20.78046126977182 ], [ 107.075101969780121, 20.779932363188095 ], [ 107.074420820564512, 20.779440987111911 ] ] ], [ [ [ 107.071931510630861, 20.819473335825876 ], [ 107.072624451757179, 20.820124026802546 ], [ 107.072573870288068, 20.819327416327383 ], [ 107.071931510630861, 20.819473335825876 ] ] ], [ [ [ 107.070486012319748, 20.821487432299307 ], [ 107.069984243677993, 20.821123642142368 ], [ 107.069962116758347, 20.821463602962979 ], [ 107.070486012319748, 20.821487432299307 ] ] ], [ [ [ 107.069723039187068, 20.821948671194207 ], [ 107.069672117774019, 20.821346649728127 ], [ 107.069395339723258, 20.821420243049943 ], [ 107.069723039187068, 20.821948671194207 ] ] ], [ [ [ 107.070327296367736, 20.82434559287492 ], [ 107.071290379447476, 20.821713385164628 ], [ 107.069389907817992, 20.822217082852262 ], [ 107.070327296367736, 20.82434559287492 ] ] ], [ [ [ 107.065121666931418, 20.82562389192924 ], [ 107.070154955686803, 20.824602220716031 ], [ 107.067736290197729, 20.822648975070251 ], [ 107.066540789925625, 20.822481359427286 ], [ 107.065121666931418, 20.82562389192924 ] ] ], [ [ [ 107.063788597365942, 20.831276969156932 ], [ 107.066520387006278, 20.828828611651204 ], [ 107.064810594133689, 20.827650639165768 ], [ 107.063788597365942, 20.831276969156932 ] ] ], [ [ [ 107.067163654079479, 20.829720562853879 ], [ 107.068172787843935, 20.829717410729984 ], [ 107.067925950922017, 20.829241279961195 ], [ 107.067163654079479, 20.829720562853879 ] ] ], [ [ [ 107.069519179966221, 20.830505867951615 ], [ 107.068964587845528, 20.830006186636297 ], [ 107.068796141229029, 20.830333737711953 ], [ 107.069519179966221, 20.830505867951615 ] ] ], [ [ [ 107.065836513744273, 20.830701746588488 ], [ 107.066745806573749, 20.83114253040344 ], [ 107.066814493194386, 20.830545475893075 ], [ 107.065836513744273, 20.830701746588488 ] ] ], [ [ [ 107.063020948657936, 20.837448681811281 ], [ 107.065012557583543, 20.837391574861329 ], [ 107.063242239437955, 20.836984687393453 ], [ 107.063020948657936, 20.837448681811281 ] ] ], [ [ [ 107.067376246616675, 20.838309664859139 ], [ 107.068305216612544, 20.837925886370726 ], [ 107.068180382618721, 20.837335413099026 ], [ 107.067376246616675, 20.838309664859139 ] ] ], [ [ [ 107.067526144715941, 20.842450815352947 ], [ 107.066425760340678, 20.840535104711478 ], [ 107.066971004008678, 20.842830169177034 ], [ 107.067526144715941, 20.842450815352947 ] ] ], [ [ [ 107.078382452888036, 20.848352287128421 ], [ 107.077326994145551, 20.84652532788175 ], [ 107.077146442654282, 20.84801342168214 ], [ 107.078382452888036, 20.848352287128421 ] ] ], [ [ [ 107.06361215038055, 20.849590521385551 ], [ 107.061961764923637, 20.848998291737871 ], [ 107.061968185183673, 20.849463419301514 ], [ 107.06361215038055, 20.849590521385551 ] ] ], [ [ [ 107.072640875176432, 20.849341837256134 ], [ 107.074821946075986, 20.850777839625721 ], [ 107.07487741805852, 20.847498533730459 ], [ 107.072640875176432, 20.849341837256134 ] ] ], [ [ [ 107.068629667725077, 20.850850352861528 ], [ 107.070497531735725, 20.851399609304679 ], [ 107.070427759633503, 20.850979044047733 ], [ 107.068629667725077, 20.850850352861528 ] ] ], [ [ [ 107.070606763391481, 20.857027866143255 ], [ 107.071492858208899, 20.856144161723705 ], [ 107.07049864329781, 20.856156103821149 ], [ 107.070606763391481, 20.857027866143255 ] ] ], [ [ [ 107.065827656321403, 20.859403614185624 ], [ 107.06536657660638, 20.858536198287027 ], [ 107.06512282435898, 20.859472349369582 ], [ 107.065827656321403, 20.859403614185624 ] ] ], [ [ [ 107.064936811284895, 20.865818240919225 ], [ 107.065662798899098, 20.861422632648441 ], [ 107.063462897095064, 20.860064400951387 ], [ 107.064936811284895, 20.865818240919225 ] ] ], [ [ [ 107.072192612599167, 20.866242657072974 ], [ 107.071312634070864, 20.865229091449578 ], [ 107.070329011374895, 20.866024314270874 ], [ 107.072192612599167, 20.866242657072974 ] ] ], [ [ [ 107.079412679351776, 20.722005602976253 ], [ 107.078600210231571, 20.725014622127219 ], [ 107.082312861649314, 20.719276710052156 ], [ 107.079412679351776, 20.722005602976253 ] ] ], [ [ [ 107.089332843635987, 20.725268531317795 ], [ 107.089218766432964, 20.724719651690691 ], [ 107.088834228017276, 20.725481908063784 ], [ 107.089332843635987, 20.725268531317795 ] ] ], [ [ [ 107.082441542942831, 20.727250400585604 ], [ 107.083385664716843, 20.727382718737601 ], [ 107.082690174911704, 20.726810087116007 ], [ 107.082441542942831, 20.727250400585604 ] ] ], [ [ [ 107.081766886832497, 20.729723207959751 ], [ 107.076699281746528, 20.728976142934812 ], [ 107.079397107590523, 20.731922786007829 ], [ 107.081766886832497, 20.729723207959751 ] ] ], [ [ [ 107.085964617273419, 20.729672074306905 ], [ 107.086789505131719, 20.729980902396733 ], [ 107.086952173604004, 20.729703343734457 ], [ 107.085964617273419, 20.729672074306905 ] ] ], [ [ [ 107.079534203840581, 20.735658407010021 ], [ 107.08427292235757, 20.734056602030705 ], [ 107.084766505370055, 20.731571985658718 ], [ 107.079534203840581, 20.735658407010021 ] ] ], [ [ [ 107.078884113611139, 20.735652814126183 ], [ 107.078327676081472, 20.735015457397537 ], [ 107.078583016093376, 20.735771673024374 ], [ 107.078884113611139, 20.735652814126183 ] ] ], [ [ [ 107.071997385071313, 20.752549992588115 ], [ 107.074578817958127, 20.754488031597418 ], [ 107.077926609925157, 20.756632111582803 ], [ 107.086443427122617, 20.745539145015584 ], [ 107.071997385071313, 20.752549992588115 ] ] ], [ [ [ 107.079347993814849, 20.757728808737568 ], [ 107.078818466699033, 20.758070215667999 ], [ 107.079490664062916, 20.758139374432631 ], [ 107.079347993814849, 20.757728808737568 ] ] ], [ [ [ 107.088202227650754, 20.758398220901313 ], [ 107.088922707816778, 20.758045796376564 ], [ 107.088352966616242, 20.757682963098262 ], [ 107.088202227650754, 20.758398220901313 ] ] ], [ [ [ 107.080154816091976, 20.759489298192591 ], [ 107.080845579959544, 20.760775326919827 ], [ 107.081850863726572, 20.758716132143888 ], [ 107.080154816091976, 20.759489298192591 ] ] ], [ [ [ 107.080443174712855, 20.761461395427091 ], [ 107.08061337590658, 20.761170114009587 ], [ 107.080399132214325, 20.761240161304499 ], [ 107.080443174712855, 20.761461395427091 ] ] ], [ [ [ 107.087444735885981, 20.761411029795227 ], [ 107.083230752897123, 20.759092823974697 ], [ 107.079354495913265, 20.766593466615348 ], [ 107.087444735885981, 20.761411029795227 ] ] ], [ [ [ 107.098054770111617, 20.766191206159306 ], [ 107.096163724276494, 20.766608889089127 ], [ 107.096277772701228, 20.767081729238384 ], [ 107.098054770111617, 20.766191206159306 ] ] ], [ [ [ 107.097350353636045, 20.767375274249616 ], [ 107.097613139135206, 20.767500646038116 ], [ 107.097610317062674, 20.767302029864879 ], [ 107.097350353636045, 20.767375274249616 ] ] ], [ [ [ 107.08762413804368, 20.763306145062586 ], [ 107.090989400240744, 20.766151778981509 ], [ 107.096274822924784, 20.769145737186079 ], [ 107.08762413804368, 20.763306145062586 ] ] ], [ [ [ 107.094496992742165, 20.770237434110413 ], [ 107.094557592658873, 20.771140821991366 ], [ 107.095334694140888, 20.770326627971599 ], [ 107.094496992742165, 20.770237434110413 ] ] ], [ [ [ 107.101117896973449, 20.771378234018471 ], [ 107.096067009385081, 20.772430060399131 ], [ 107.100725603703722, 20.774026425379418 ], [ 107.101117896973449, 20.771378234018471 ] ] ], [ [ [ 107.078905355597783, 20.770386466162506 ], [ 107.080223041360398, 20.77048617669584 ], [ 107.080157645359066, 20.770197750625812 ], [ 107.078905355597783, 20.770386466162506 ] ] ], [ [ [ 107.094623199101477, 20.772946651666814 ], [ 107.096094276829547, 20.7736311958231 ], [ 107.096231162638219, 20.77310183957826 ], [ 107.094623199101477, 20.772946651666814 ] ] ], [ [ [ 107.097949942436003, 20.775053524001009 ], [ 107.099290658936809, 20.775871281134869 ], [ 107.099285533700595, 20.775162707992649 ], [ 107.097949942436003, 20.775053524001009 ] ] ], [ [ [ 107.097395302651194, 20.77663884440733 ], [ 107.097353468887547, 20.775679605929213 ], [ 107.096827313330039, 20.775881794209511 ], [ 107.097395302651194, 20.77663884440733 ] ] ], [ [ [ 107.097194370723741, 20.777616036950576 ], [ 107.098090744792046, 20.776968681559595 ], [ 107.097194834773916, 20.776961751383908 ], [ 107.097194370723741, 20.777616036950576 ] ] ], [ [ [ 107.096795926990637, 20.777422164701306 ], [ 107.096501915231329, 20.777158390847148 ], [ 107.09637123204692, 20.777357192280647 ], [ 107.096795926990637, 20.777422164701306 ] ] ], [ [ [ 107.099397344611873, 20.782830199154432 ], [ 107.101527466219693, 20.782942910287147 ], [ 107.101632528618495, 20.781248682880403 ], [ 107.099397344611873, 20.782830199154432 ] ] ], [ [ [ 107.104676455853905, 20.785411358647366 ], [ 107.10318361543159, 20.78601883540108 ], [ 107.104143172269687, 20.786677331593751 ], [ 107.104676455853905, 20.785411358647366 ] ] ], [ [ [ 107.105039597599387, 20.790142415839966 ], [ 107.101884119356782, 20.789100091695957 ], [ 107.099703394696007, 20.790658829941094 ], [ 107.101126572733278, 20.792096058086656 ], [ 107.105039597599387, 20.790142415839966 ] ] ], [ [ [ 107.0961910007141, 20.792796358365422 ], [ 107.095855507725503, 20.794118225975467 ], [ 107.096716318103688, 20.792913191090975 ], [ 107.0961910007141, 20.792796358365422 ] ] ], [ [ [ 107.090651667940108, 20.795972374425673 ], [ 107.091448862075367, 20.796898385651957 ], [ 107.091787797668928, 20.796190672261844 ], [ 107.090651667940108, 20.795972374425673 ] ] ], [ [ [ 107.087197255049261, 20.802030651993107 ], [ 107.08687252784506, 20.801258423037837 ], [ 107.086681235750518, 20.801699407401713 ], [ 107.087197255049261, 20.802030651993107 ] ] ], [ [ [ 107.086390466946625, 20.802082637303954 ], [ 107.086316432057856, 20.802572938690275 ], [ 107.086615764206272, 20.802155834924008 ], [ 107.086390466946625, 20.802082637303954 ] ] ], [ [ [ 107.104287653752294, 20.805688752334163 ], [ 107.100757238255994, 20.804743858042627 ], [ 107.103508818377406, 20.807007942662551 ], [ 107.104287653752294, 20.805688752334163 ] ] ], [ [ [ 107.104726992356859, 20.806802471856656 ], [ 107.104732943170916, 20.807231119320818 ], [ 107.105121515945257, 20.806964312053537 ], [ 107.104726992356859, 20.806802471856656 ] ] ], [ [ [ 107.104768222675432, 20.808950527744628 ], [ 107.099404127298669, 20.811812008617323 ], [ 107.099756476280447, 20.81431969619706 ], [ 107.104768222675432, 20.808950527744628 ] ] ], [ [ [ 107.091314872083842, 20.817680659634789 ], [ 107.090598988352667, 20.818419700009258 ], [ 107.090760996722793, 20.818536824115256 ], [ 107.091314872083842, 20.817680659634789 ] ] ], [ [ [ 107.096030783793651, 20.818710199016493 ], [ 107.09457055009085, 20.820808088922206 ], [ 107.097335426688744, 20.818489628593625 ], [ 107.096030783793651, 20.818710199016493 ] ] ], [ [ [ 107.089928014066572, 20.823419042055207 ], [ 107.090618654727336, 20.823552109342529 ], [ 107.090559659201006, 20.823168802997998 ], [ 107.089928014066572, 20.823419042055207 ] ] ], [ [ [ 107.089287697669192, 20.824218017747398 ], [ 107.089708074068483, 20.824212980644575 ], [ 107.089646364388273, 20.824069080124104 ], [ 107.089287697669192, 20.824218017747398 ] ] ], [ [ [ 107.104281511382624, 20.825503980824237 ], [ 107.101680653139738, 20.826051487186419 ], [ 107.101204500787162, 20.82734592277626 ], [ 107.104281511382624, 20.825503980824237 ] ] ], [ [ [ 107.085175034999907, 20.826604056731924 ], [ 107.084499244844324, 20.826721900295638 ], [ 107.084618394223583, 20.826895803998241 ], [ 107.085175034999907, 20.826604056731924 ] ] ], [ [ [ 107.086193869751412, 20.829354147575827 ], [ 107.087308162142051, 20.828016032813764 ], [ 107.08916230429702, 20.826962172166645 ], [ 107.087685682248605, 20.825740507918283 ], [ 107.086193869751412, 20.829354147575827 ] ] ], [ [ [ 107.085437714379111, 20.828727496376985 ], [ 107.084946107177245, 20.828645803760935 ], [ 107.085159018074364, 20.828840597815429 ], [ 107.085437714379111, 20.828727496376985 ] ] ], [ [ [ 107.098412218249337, 20.827973022736842 ], [ 107.098626298265117, 20.829542613101182 ], [ 107.099038487236442, 20.829563387440373 ], [ 107.098412218249337, 20.827973022736842 ] ] ], [ [ [ 107.089694237099366, 20.829116898326276 ], [ 107.089222057052325, 20.828749739309103 ], [ 107.089134431608898, 20.829167609297883 ], [ 107.089694237099366, 20.829116898326276 ] ] ], [ [ [ 107.088161038701116, 20.829728020931611 ], [ 107.088811053387417, 20.829434853635632 ], [ 107.088199899305948, 20.829157062948127 ], [ 107.088161038701116, 20.829728020931611 ] ] ], [ [ [ 107.089319245886543, 20.831567927717799 ], [ 107.088549528737872, 20.83079833917219 ], [ 107.088644809210621, 20.83177362875 ], [ 107.089319245886543, 20.831567927717799 ] ] ], [ [ [ 107.078856006199771, 20.840093170663351 ], [ 107.0819835461038, 20.82976709557505 ], [ 107.072279462826941, 20.83651870727266 ], [ 107.078856006199771, 20.840093170663351 ] ] ], [ [ [ 107.0986369246545, 20.852773573741501 ], [ 107.10487814321192, 20.842584508568393 ], [ 107.102045252686366, 20.832955003370898 ], [ 107.110978611573842, 20.833998370728409 ], [ 107.108880754043639, 20.826170688726449 ], [ 107.095341230413567, 20.833235433568518 ], [ 107.098316891911225, 20.844363940443657 ], [ 107.083586836763175, 20.840938804082668 ], [ 107.0986369246545, 20.852773573741501 ] ] ], [ [ [ 107.088350892779488, 20.847712127212901 ], [ 107.086974636870082, 20.848153390366747 ], [ 107.088260468645899, 20.848444349827048 ], [ 107.088350892779488, 20.847712127212901 ] ] ], [ [ [ 107.08728036589622, 20.850272497977585 ], [ 107.086143788305208, 20.849861786592328 ], [ 107.086709606663078, 20.850798383738493 ], [ 107.08728036589622, 20.850272497977585 ] ] ], [ [ [ 107.084606364891954, 20.851366506159422 ], [ 107.085106755772301, 20.84937915462433 ], [ 107.083782800835706, 20.849961337046238 ], [ 107.084606364891954, 20.851366506159422 ] ] ], [ [ [ 107.082124272017609, 20.851797720288687 ], [ 107.080786126678504, 20.853182055707407 ], [ 107.082016746375871, 20.853119956620844 ], [ 107.082124272017609, 20.851797720288687 ] ] ], [ [ [ 107.1011222811685, 20.854393932633911 ], [ 107.103088816995466, 20.856491151645514 ], [ 107.103057670774945, 20.85180227985137 ], [ 107.1011222811685, 20.854393932633911 ] ] ], [ [ [ 107.092571251961829, 20.856029472981845 ], [ 107.091260946935222, 20.858029628164843 ], [ 107.092317101752826, 20.858073782179304 ], [ 107.092571251961829, 20.856029472981845 ] ] ], [ [ [ 107.083263621319247, 20.857688074644955 ], [ 107.083722063322739, 20.857845656551945 ], [ 107.083608401606568, 20.85747990137645 ], [ 107.083263621319247, 20.857688074644955 ] ] ], [ [ [ 107.083772252687368, 20.858417425723701 ], [ 107.083553343312303, 20.858744974101455 ], [ 107.083788700388368, 20.858794569913528 ], [ 107.083772252687368, 20.858417425723701 ] ] ], [ [ [ 107.079267072817345, 20.859686972575901 ], [ 107.08065615485782, 20.858349159985721 ], [ 107.079748280259025, 20.858124344762757 ], [ 107.079267072817345, 20.859686972575901 ] ] ], [ [ [ 107.092373652022559, 20.858599148132214 ], [ 107.091199418918222, 20.859440964828707 ], [ 107.092635881740705, 20.86056707610976 ], [ 107.092373652022559, 20.858599148132214 ] ] ], [ [ [ 107.085364949333041, 20.861925217874671 ], [ 107.085308766886271, 20.857846824771229 ], [ 107.083809402781753, 20.861026411140017 ], [ 107.085364949333041, 20.861925217874671 ] ] ], [ [ [ 107.098003495265175, 20.861409433298888 ], [ 107.099058421608959, 20.86178584274262 ], [ 107.09831852508006, 20.85948139475073 ], [ 107.098003495265175, 20.861409433298888 ] ] ], [ [ [ 107.089649726953439, 20.86064519841733 ], [ 107.090849861432162, 20.860884175264516 ], [ 107.089991154568111, 20.860206168280058 ], [ 107.089649726953439, 20.86064519841733 ] ] ], [ [ [ 107.091603024759934, 20.86228808172973 ], [ 107.094724395314699, 20.861851332273204 ], [ 107.094673767080792, 20.86098232367533 ], [ 107.091603024759934, 20.86228808172973 ] ] ], [ [ [ 107.096553798019556, 20.864244752893114 ], [ 107.097215024553861, 20.864396920881177 ], [ 107.097037242974579, 20.863895166628822 ], [ 107.096553798019556, 20.864244752893114 ] ] ], [ [ [ 107.084601927636925, 20.862835750869294 ], [ 107.084476658371216, 20.865023953392779 ], [ 107.087816508425135, 20.865019703196879 ], [ 107.084601927636925, 20.862835750869294 ] ] ], [ [ [ 107.083582153094085, 20.867731691564416 ], [ 107.084391447607231, 20.867284533354621 ], [ 107.083805509616695, 20.867036497636434 ], [ 107.083582153094085, 20.867731691564416 ] ] ], [ [ [ 107.129803449969302, 20.615881070754995 ], [ 107.131586765117163, 20.617137927273575 ], [ 107.130202632045894, 20.615440836425648 ], [ 107.129803449969302, 20.615881070754995 ] ] ], [ [ [ 107.133576010624495, 20.622016303309863 ], [ 107.133450356448861, 20.621729541884974 ], [ 107.133406457841829, 20.622042053598022 ], [ 107.133576010624495, 20.622016303309863 ] ] ], [ [ [ 107.134518813092939, 20.627539284610464 ], [ 107.134145482028373, 20.625665039909848 ], [ 107.133853255423503, 20.627547510709178 ], [ 107.134518813092939, 20.627539284610464 ] ] ], [ [ [ 107.132853911678865, 20.65087320233647 ], [ 107.131982738412717, 20.651399912775844 ], [ 107.133230886796127, 20.65165970443195 ], [ 107.132853911678865, 20.65087320233647 ] ] ], [ [ [ 107.131341226816346, 20.652646327266382 ], [ 107.1321397159752, 20.652154826184415 ], [ 107.131734196376158, 20.651953512944374 ], [ 107.131341226816346, 20.652646327266382 ] ] ], [ [ [ 107.12759475459427, 20.746449924424496 ], [ 107.127099992570777, 20.745812883357985 ], [ 107.126906382023947, 20.746188736121326 ], [ 107.12759475459427, 20.746449924424496 ] ] ], [ [ [ 107.128715980758102, 20.755031860632016 ], [ 107.127998528609396, 20.753691844703042 ], [ 107.128331007969734, 20.755255323274696 ], [ 107.128715980758102, 20.755031860632016 ] ] ], [ [ [ 107.127517447972025, 20.755374835980035 ], [ 107.126276434809768, 20.758233653060699 ], [ 107.127552651034193, 20.75788972263274 ], [ 107.127517447972025, 20.755374835980035 ] ] ], [ [ [ 107.127004180598533, 20.760302582997952 ], [ 107.128873360317471, 20.760716900664534 ], [ 107.12847187058054, 20.757003386796896 ], [ 107.127004180598533, 20.760302582997952 ] ] ], [ [ [ 107.12314540463683, 20.759183811983462 ], [ 107.125706411221927, 20.7618862450542 ], [ 107.125264246947495, 20.758027487079005 ], [ 107.12314540463683, 20.759183811983462 ] ] ], [ [ [ 107.13398411757305, 20.763881393711529 ], [ 107.130530594111747, 20.757087304335812 ], [ 107.12976806524415, 20.763622305325214 ], [ 107.125742589149297, 20.767244665708745 ], [ 107.13398411757305, 20.763881393711529 ] ] ], [ [ [ 107.12763591566511, 20.763830947140661 ], [ 107.127007150160011, 20.763291913291312 ], [ 107.127291594931251, 20.764199726736138 ], [ 107.12763591566511, 20.763830947140661 ] ] ], [ [ [ 107.123840290097291, 20.764461227103993 ], [ 107.1238601498261, 20.763112165793871 ], [ 107.123058999573288, 20.764106279081545 ], [ 107.123840290097291, 20.764461227103993 ] ] ], [ [ [ 107.105070463231357, 20.772559906314655 ], [ 107.105812313987144, 20.768550472326467 ], [ 107.105265143071961, 20.768364943087704 ], [ 107.105070463231357, 20.772559906314655 ] ] ], [ [ [ 107.125825868169386, 20.770513363201189 ], [ 107.12697252805981, 20.770630358704238 ], [ 107.126045157058513, 20.77022215912541 ], [ 107.125825868169386, 20.770513363201189 ] ] ], [ [ [ 107.133206947742565, 20.771077530403886 ], [ 107.131987411290083, 20.771748301442983 ], [ 107.13344472039762, 20.772097333724957 ], [ 107.133206947742565, 20.771077530403886 ] ] ], [ [ [ 107.12019338991314, 20.773179511325509 ], [ 107.120490516024574, 20.772467662852534 ], [ 107.119909613338109, 20.772868339602269 ], [ 107.12019338991314, 20.773179511325509 ] ] ], [ [ [ 107.122779250162466, 20.774353885623384 ], [ 107.122899022771719, 20.774929386981796 ], [ 107.123339250805827, 20.774451883847519 ], [ 107.122779250162466, 20.774353885623384 ] ] ], [ [ [ 107.134736872608642, 20.773618431745319 ], [ 107.132272625881058, 20.777139632787907 ], [ 107.136253747412695, 20.776224125642955 ], [ 107.134736872608642, 20.773618431745319 ] ] ], [ [ [ 107.117866905833125, 20.780124504242622 ], [ 107.118183590400577, 20.779876442443936 ], [ 107.117840927117186, 20.779692767607173 ], [ 107.117866905833125, 20.780124504242622 ] ] ], [ [ [ 107.11670470475832, 20.779988500668878 ], [ 107.117448209367524, 20.780223578055768 ], [ 107.11686156810697, 20.779761193424349 ], [ 107.11670470475832, 20.779988500668878 ] ] ], [ [ [ 107.116977836957687, 20.782352108762836 ], [ 107.116327955370934, 20.781665040209475 ], [ 107.116479009998386, 20.782452169132398 ], [ 107.116977836957687, 20.782352108762836 ] ] ], [ [ [ 107.112706908896882, 20.806955255880496 ], [ 107.137915054236544, 20.786808770208552 ], [ 107.123695531623639, 20.768826212559759 ], [ 107.124057534827443, 20.774894919564929 ], [ 107.116592238241367, 20.784904430595134 ], [ 107.118450770886454, 20.798100932112447 ], [ 107.112706908896882, 20.806955255880496 ] ] ], [ [ [ 107.103859669088536, 20.787253909440551 ], [ 107.105096495906594, 20.789585864096409 ], [ 107.106398965140215, 20.787265373997855 ], [ 107.103859669088536, 20.787253909440551 ] ] ], [ [ [ 107.11588762391483, 20.792411976431652 ], [ 107.115010328963649, 20.791968434395869 ], [ 107.115114342752861, 20.792482189201849 ], [ 107.11588762391483, 20.792411976431652 ] ] ], [ [ [ 107.109350124608682, 20.79225546112076 ], [ 107.109160972001291, 20.792474675366066 ], [ 107.109444979702232, 20.792442199048423 ], [ 107.109350124608682, 20.79225546112076 ] ] ], [ [ [ 107.116134907799733, 20.793953771449537 ], [ 107.114867198262573, 20.79327269507894 ], [ 107.114617941264953, 20.793911890921152 ], [ 107.116134907799733, 20.793953771449537 ] ] ], [ [ [ 107.116123875816413, 20.799015172112604 ], [ 107.115714623131339, 20.799874494112601 ], [ 107.116508922349055, 20.799593812104831 ], [ 107.116123875816413, 20.799015172112604 ] ] ], [ [ [ 107.13429457973109, 20.80036861132254 ], [ 107.13352099639701, 20.800233314615866 ], [ 107.134145634913182, 20.800747169246563 ], [ 107.13429457973109, 20.80036861132254 ] ] ], [ [ [ 107.113304762005214, 20.801987659902693 ], [ 107.113115670551792, 20.802740064202624 ], [ 107.114001579209514, 20.80266666063801 ], [ 107.113304762005214, 20.801987659902693 ] ] ], [ [ [ 107.110575857390074, 20.80515015015942 ], [ 107.110563693160088, 20.804276340980437 ], [ 107.11028062165343, 20.804633597562599 ], [ 107.110575857390074, 20.80515015015942 ] ] ], [ [ [ 107.130044371150802, 20.805434734325615 ], [ 107.130923251606873, 20.806467064303718 ], [ 107.130972308725234, 20.80556803273862 ], [ 107.130044371150802, 20.805434734325615 ] ] ], [ [ [ 107.133576956711238, 20.806405079430988 ], [ 107.133629672271695, 20.805766862051087 ], [ 107.133260709214426, 20.805858404941489 ], [ 107.133576956711238, 20.806405079430988 ] ] ], [ [ [ 107.121078017036893, 20.805854241080453 ], [ 107.12031165975543, 20.809062475353016 ], [ 107.124336642122387, 20.808758740123835 ], [ 107.121078017036893, 20.805854241080453 ] ] ], [ [ [ 107.114620722868153, 20.810148303301617 ], [ 107.113854210003979, 20.80947224155085 ], [ 107.113668848039083, 20.809753809390827 ], [ 107.114620722868153, 20.810148303301617 ] ] ], [ [ [ 107.120966198931001, 20.809460610618714 ], [ 107.121562393689601, 20.811484123893365 ], [ 107.122999703673543, 20.809841582323202 ], [ 107.120966198931001, 20.809460610618714 ] ] ], [ [ [ 107.123256914275316, 20.810828558591197 ], [ 107.122616521435418, 20.813375099581208 ], [ 107.124423459075501, 20.811093293820534 ], [ 107.123256914275316, 20.810828558591197 ] ] ], [ [ [ 107.12798015096331, 20.815594018449247 ], [ 107.129986409845003, 20.811190041986947 ], [ 107.127519537097157, 20.81027656641055 ], [ 107.12798015096331, 20.815594018449247 ] ] ], [ [ [ 107.121682927125505, 20.814300612583281 ], [ 107.120465195612326, 20.814239474872011 ], [ 107.12052958257425, 20.814974934145937 ], [ 107.121682927125505, 20.814300612583281 ] ] ], [ [ [ 107.114628186341918, 20.816494989851947 ], [ 107.114558044618207, 20.81339858357785 ], [ 107.113648197806071, 20.816024636327995 ], [ 107.114628186341918, 20.816494989851947 ] ] ], [ [ [ 107.122344052036567, 20.815155546791118 ], [ 107.124138518777613, 20.817773597373673 ], [ 107.123738879845575, 20.814351269595534 ], [ 107.122344052036567, 20.815155546791118 ] ] ], [ [ [ 107.125061675556026, 20.821620310728804 ], [ 107.124637573265488, 20.821957039385893 ], [ 107.125066657800176, 20.821975464696038 ], [ 107.125061675556026, 20.821620310728804 ] ] ], [ [ [ 107.127221136646142, 20.822706474124516 ], [ 107.127741073391917, 20.823812886655503 ], [ 107.127797824210347, 20.822462473664302 ], [ 107.127221136646142, 20.822706474124516 ] ] ], [ [ [ 107.126066190402469, 20.823099681105589 ], [ 107.125729093922644, 20.824240480114099 ], [ 107.126807929642439, 20.823824562553625 ], [ 107.126066190402469, 20.823099681105589 ] ] ], [ [ [ 107.10803248561092, 20.824736147755061 ], [ 107.108715644811241, 20.824495775160017 ], [ 107.108356917837625, 20.824371338666538 ], [ 107.10803248561092, 20.824736147755061 ] ] ], [ [ [ 107.106873465438127, 20.824312294576771 ], [ 107.106263543427985, 20.825866268213815 ], [ 107.107287352329422, 20.824461877913393 ], [ 107.106873465438127, 20.824312294576771 ] ] ], [ [ [ 107.115839780881288, 20.82586863163209 ], [ 107.115950089924809, 20.825605686953054 ], [ 107.115797947117642, 20.825595647821046 ], [ 107.115839780881288, 20.82586863163209 ] ] ], [ [ [ 107.112574121298735, 20.828984892239134 ], [ 107.113919647373962, 20.828534158324771 ], [ 107.113330498803521, 20.827105570865399 ], [ 107.112574121298735, 20.828984892239134 ] ] ], [ [ [ 107.114842084694487, 20.831660762034574 ], [ 107.114071453834526, 20.832797235304213 ], [ 107.115035224895905, 20.832144159325651 ], [ 107.114842084694487, 20.831660762034574 ] ] ], [ [ [ 107.122533212737721, 20.833491502031336 ], [ 107.122375736051424, 20.832107264638694 ], [ 107.122244328912757, 20.833559822627819 ], [ 107.122533212737721, 20.833491502031336 ] ] ], [ [ [ 107.111049756041609, 20.836946950941069 ], [ 107.111411641434188, 20.836244878098739 ], [ 107.111067255049875, 20.836298965125138 ], [ 107.111049756041609, 20.836946950941069 ] ] ], [ [ [ 107.109769624168905, 20.836514235843367 ], [ 107.108995279109024, 20.838093537986481 ], [ 107.110897509812276, 20.83744716105781 ], [ 107.109769624168905, 20.836514235843367 ] ] ], [ [ [ 107.112938674980001, 20.840580022250322 ], [ 107.126756502810395, 20.833517216346479 ], [ 107.117067368064681, 20.83399201971605 ], [ 107.112938674980001, 20.840580022250322 ] ] ], [ [ [ 107.106157019630871, 20.840146549024098 ], [ 107.107262197392629, 20.841353818723803 ], [ 107.107789207306212, 20.841073289600672 ], [ 107.106157019630871, 20.840146549024098 ] ] ], [ [ [ 107.108615718440774, 20.841337156085046 ], [ 107.108976010234869, 20.84242897891437 ], [ 107.109530595160948, 20.842222778758355 ], [ 107.108615718440774, 20.841337156085046 ] ] ], [ [ [ 107.120758760408648, 20.843875766853216 ], [ 107.121289183249246, 20.844043460737225 ], [ 107.121311945989703, 20.843796859437703 ], [ 107.120758760408648, 20.843875766853216 ] ] ], [ [ [ 107.122504453317958, 20.844595082397234 ], [ 107.122886774005451, 20.843777247921707 ], [ 107.121890040093319, 20.843838906340522 ], [ 107.122504453317958, 20.844595082397234 ] ] ], [ [ [ 107.1167959131011, 20.845387027189645 ], [ 107.117281449879158, 20.846303915693284 ], [ 107.11795941819264, 20.846100403610876 ], [ 107.1167959131011, 20.845387027189645 ] ] ], [ [ [ 107.114794168815934, 20.846938185049225 ], [ 107.11545306520685, 20.848083727981759 ], [ 107.115302425166874, 20.846772174696241 ], [ 107.114794168815934, 20.846938185049225 ] ] ], [ [ [ 107.112812953355274, 20.847920215945294 ], [ 107.113285835772729, 20.847558168674539 ], [ 107.112752085440434, 20.847577942068483 ], [ 107.112812953355274, 20.847920215945294 ] ] ], [ [ [ 107.122595265958751, 20.847640280374776 ], [ 107.123225158314483, 20.849407367256219 ], [ 107.125353804134761, 20.848813002618158 ], [ 107.122595265958751, 20.847640280374776 ] ] ], [ [ [ 107.115780396847981, 20.851203486951476 ], [ 107.114822310401337, 20.850979300354538 ], [ 107.115172527989955, 20.851685494789933 ], [ 107.115780396847981, 20.851203486951476 ] ] ], [ [ [ 107.119249245656306, 20.851102242174818 ], [ 107.116988472340211, 20.850366424970673 ], [ 107.115952391289909, 20.852013372319334 ], [ 107.109862776845773, 20.855383289407257 ], [ 107.119249245656306, 20.851102242174818 ] ] ], [ [ [ 107.109184215879054, 20.856570622936033 ], [ 107.10944654901914, 20.855839168342925 ], [ 107.109032416612934, 20.856218180424776 ], [ 107.109184215879054, 20.856570622936033 ] ] ], [ [ [ 107.108440026885773, 20.857347293642817 ], [ 107.107885010285088, 20.856645594918405 ], [ 107.10768274016641, 20.857179466659204 ], [ 107.108440026885773, 20.857347293642817 ] ] ], [ [ [ 107.742402280640874, 20.146044539124205 ], [ 107.733847467986322, 20.123601140879941 ], [ 107.716924848603014, 20.127611668443876 ], [ 107.742402280640874, 20.146044539124205 ] ] ], [ [ [ 107.162598932594733, 20.612205081099773 ], [ 107.162465528061773, 20.612330542820416 ], [ 107.162553268618467, 20.612371343262907 ], [ 107.162598932594733, 20.612205081099773 ] ] ], [ [ [ 107.163912469784691, 20.613306743411556 ], [ 107.16337928692468, 20.613352157376198 ], [ 107.163498710597082, 20.613569713271829 ], [ 107.163912469784691, 20.613306743411556 ] ] ], [ [ [ 107.166661309671781, 20.614513557155021 ], [ 107.166680431057159, 20.613919547749106 ], [ 107.166435854131464, 20.614103382665121 ], [ 107.166661309671781, 20.614513557155021 ] ] ], [ [ [ 107.17276041915801, 20.614669552657801 ], [ 107.173308552347862, 20.614585187256694 ], [ 107.173002871885103, 20.614330883263733 ], [ 107.17276041915801, 20.614669552657801 ] ] ], [ [ [ 107.168516379027665, 20.615574707706628 ], [ 107.16741615922848, 20.615459577397644 ], [ 107.167783739128367, 20.616203498392849 ], [ 107.168516379027665, 20.615574707706628 ] ] ], [ [ [ 107.151422706792687, 20.613919527963901 ], [ 107.146906433784977, 20.613866724269997 ], [ 107.14880412381126, 20.617083529081697 ], [ 107.151422706792687, 20.613919527963901 ] ] ], [ [ [ 107.210196579808382, 20.615236713703553 ], [ 107.210578090206809, 20.61619750171343 ], [ 107.211156105170119, 20.615385334765506 ], [ 107.210196579808382, 20.615236713703553 ] ] ], [ [ [ 107.146689118008453, 20.615709356901391 ], [ 107.146607482049831, 20.615889426356034 ], [ 107.146762179830773, 20.615882445818272 ], [ 107.146689118008453, 20.615709356901391 ] ] ], [ [ [ 107.212346490098525, 20.616134683169264 ], [ 107.211620181426326, 20.615556545897903 ], [ 107.21147136521148, 20.615904448631511 ], [ 107.212346490098525, 20.616134683169264 ] ] ], [ [ [ 107.208365600592174, 20.613504678797995 ], [ 107.2040240883411, 20.61815525835857 ], [ 107.209210486674692, 20.613860368760982 ], [ 107.208365600592174, 20.613504678797995 ] ] ], [ [ [ 107.14702060181952, 20.615769979301263 ], [ 107.146880455968301, 20.616098497147959 ], [ 107.147139357295544, 20.615986383165193 ], [ 107.14702060181952, 20.615769979301263 ] ] ], [ [ [ 107.168388800303035, 20.61627337661514 ], [ 107.169124999719145, 20.617838941614025 ], [ 107.170847580051884, 20.615364842813392 ], [ 107.168388800303035, 20.61627337661514 ] ] ], [ [ [ 107.208599877582344, 20.617282650673815 ], [ 107.208150759749799, 20.616871154180558 ], [ 107.208470010082976, 20.617360156046402 ], [ 107.208599877582344, 20.617282650673815 ] ] ], [ [ [ 107.138264134182634, 20.616859370363784 ], [ 107.138101785868855, 20.61767827773042 ], [ 107.138623868396962, 20.617753442167782 ], [ 107.138264134182634, 20.616859370363784 ] ] ], [ [ [ 107.206747675265092, 20.617344244341552 ], [ 107.206551715689272, 20.617725975073768 ], [ 107.20707417323456, 20.617633972629847 ], [ 107.206747675265092, 20.617344244341552 ] ] ], [ [ [ 107.209799642439748, 20.61807324918118 ], [ 107.209904553752267, 20.617664150280461 ], [ 107.209088757140478, 20.617665105360402 ], [ 107.209799642439748, 20.61807324918118 ] ] ], [ [ [ 107.141465358239884, 20.615975819728476 ], [ 107.136241174890472, 20.620165718872897 ], [ 107.139893919768781, 20.620556173928378 ], [ 107.142456474986375, 20.619571437871627 ], [ 107.141465358239884, 20.615975819728476 ] ] ], [ [ [ 107.136859566715714, 20.622583753037816 ], [ 107.135277445197971, 20.621382441346782 ], [ 107.135147341176889, 20.621678683424591 ], [ 107.136859566715714, 20.622583753037816 ] ] ], [ [ [ 107.203097161604887, 20.624076059262904 ], [ 107.202623449113048, 20.623560936588035 ], [ 107.202837939219592, 20.624289746274769 ], [ 107.203097161604887, 20.624076059262904 ] ] ], [ [ [ 107.134486311594003, 20.625197796241366 ], [ 107.137065006944624, 20.623287047159579 ], [ 107.134621806151472, 20.622446005678682 ], [ 107.134486311594003, 20.625197796241366 ] ] ], [ [ [ 107.156361244775667, 20.624387781371126 ], [ 107.16155793405153, 20.626417446907737 ], [ 107.161261054354156, 20.621336176623345 ], [ 107.154954294105551, 20.62334086618813 ], [ 107.153819425226345, 20.626500963348747 ], [ 107.156386171284851, 20.629721497648973 ], [ 107.156361244775667, 20.624387781371126 ] ] ], [ [ [ 107.14614616491366, 20.625649764025468 ], [ 107.146235574612149, 20.625899582199963 ], [ 107.146388085242052, 20.625735788675797 ], [ 107.14614616491366, 20.625649764025468 ] ] ], [ [ [ 107.160559635318975, 20.628495412333564 ], [ 107.160884956075961, 20.626862531280835 ], [ 107.160026120609075, 20.627702988202486 ], [ 107.160559635318975, 20.628495412333564 ] ] ], [ [ [ 107.136418272985054, 20.654475556401849 ], [ 107.137037071303951, 20.654227073720449 ], [ 107.136555559891349, 20.653820211433697 ], [ 107.136418272985054, 20.654475556401849 ] ] ], [ [ [ 107.15084438156299, 20.734957031142244 ], [ 107.150742119653103, 20.737198035560937 ], [ 107.152203501790211, 20.736373878851452 ], [ 107.15084438156299, 20.734957031142244 ] ] ], [ [ [ 107.158158661293328, 20.73799971641381 ], [ 107.157748856424689, 20.737425902183702 ], [ 107.157512055936706, 20.737730902759097 ], [ 107.158158661293328, 20.73799971641381 ] ] ], [ [ [ 107.14279906722328, 20.737876181940294 ], [ 107.141870964173791, 20.738516913824583 ], [ 107.142884641313344, 20.73825263365228 ], [ 107.14279906722328, 20.737876181940294 ] ] ], [ [ [ 107.152781005938721, 20.739334947949658 ], [ 107.15522074074471, 20.73856514806323 ], [ 107.155105453054375, 20.737987634022204 ], [ 107.152781005938721, 20.739334947949658 ] ] ], [ [ [ 107.151027283882058, 20.740312654005834 ], [ 107.150850610267469, 20.739182949933308 ], [ 107.149391311859688, 20.740157136043081 ], [ 107.151027283882058, 20.740312654005834 ] ] ], [ [ [ 107.145509620272833, 20.740208156381414 ], [ 107.145202901992377, 20.74124385791788 ], [ 107.146504518668678, 20.740497767757915 ], [ 107.145509620272833, 20.740208156381414 ] ] ], [ [ [ 107.158243095942282, 20.740235031721397 ], [ 107.158433291763174, 20.74197339875343 ], [ 107.160651399442543, 20.742007834693936 ], [ 107.158243095942282, 20.740235031721397 ] ] ], [ [ [ 107.147524420016055, 20.743511481369922 ], [ 107.146892273060132, 20.741424121625982 ], [ 107.146629933624638, 20.74274306284218 ], [ 107.147524420016055, 20.743511481369922 ] ] ], [ [ [ 107.155793195199919, 20.743064041672369 ], [ 107.154983556246179, 20.742621014948043 ], [ 107.155048632088835, 20.74342579486472 ], [ 107.155793195199919, 20.743064041672369 ] ] ], [ [ [ 107.149998881243448, 20.745235937688449 ], [ 107.149640968156234, 20.742648096232813 ], [ 107.149240779738363, 20.74275377826433 ], [ 107.149998881243448, 20.745235937688449 ] ] ], [ [ [ 107.149300448856707, 20.746029323194875 ], [ 107.148757600083286, 20.745507985305437 ], [ 107.14882239803535, 20.746311957630724 ], [ 107.149300448856707, 20.746029323194875 ] ] ], [ [ [ 107.145756369960566, 20.747255638736817 ], [ 107.144638777957255, 20.749658754947745 ], [ 107.147055544078171, 20.748245371426719 ], [ 107.145756369960566, 20.747255638736817 ] ] ], [ [ [ 107.141726837023896, 20.763409842290457 ], [ 107.136011901728068, 20.746765653012631 ], [ 107.145930518278931, 20.743820689872962 ], [ 107.12976295709484, 20.740245505225971 ], [ 107.141726837023896, 20.763409842290457 ] ] ], [ [ [ 107.146691079429843, 20.759498572900895 ], [ 107.147318902445477, 20.75204351959286 ], [ 107.144921119214473, 20.755288635062527 ], [ 107.146691079429843, 20.759498572900895 ] ] ], [ [ [ 107.146203324024384, 20.761210669836544 ], [ 107.15420222974916, 20.753335318370318 ], [ 107.15304602895111, 20.749751994858798 ], [ 107.146203324024384, 20.761210669836544 ] ] ], [ [ [ 107.143308098789873, 20.756424162245366 ], [ 107.142281653975203, 20.75624021581342 ], [ 107.142661253314373, 20.756760355805852 ], [ 107.143308098789873, 20.756424162245366 ] ] ], [ [ [ 107.15361607592132, 20.760298745590774 ], [ 107.154528215105188, 20.760269337759723 ], [ 107.154028202839299, 20.759865049332632 ], [ 107.15361607592132, 20.760298745590774 ] ] ], [ [ [ 107.152976362968843, 20.762109917238945 ], [ 107.152289457192808, 20.763279061079913 ], [ 107.153814292795516, 20.762206588063748 ], [ 107.152976362968843, 20.762109917238945 ] ] ], [ [ [ 107.143811835148085, 20.767914207374758 ], [ 107.143772604022558, 20.769151354351663 ], [ 107.144755382255198, 20.768804543394992 ], [ 107.143811835148085, 20.767914207374758 ] ] ], [ [ [ 107.136954176294353, 20.7694311109571 ], [ 107.136723764590045, 20.768935648361492 ], [ 107.136224095865373, 20.76915170688585 ], [ 107.136954176294353, 20.7694311109571 ] ] ], [ [ [ 107.138431507907853, 20.769229151104525 ], [ 107.137823248744098, 20.769656320083072 ], [ 107.138215935916833, 20.769782626267272 ], [ 107.138431507907853, 20.769229151104525 ] ] ], [ [ [ 107.1342276180103, 20.770173105604499 ], [ 107.134982699592115, 20.770242455025254 ], [ 107.1347552385634, 20.769956794370671 ], [ 107.1342276180103, 20.770173105604499 ] ] ], [ [ [ 107.146215550307488, 20.771295094393111 ], [ 107.143867349398704, 20.772419148025335 ], [ 107.144607430288829, 20.773230941754662 ], [ 107.146215550307488, 20.771295094393111 ] ] ], [ [ [ 107.135397584730811, 20.771942039693499 ], [ 107.134844594302763, 20.772342325238299 ], [ 107.135486214717162, 20.772281794569267 ], [ 107.135397584730811, 20.771942039693499 ] ] ], [ [ [ 107.139391634016761, 20.773838412213138 ], [ 107.141148890409056, 20.774258579969512 ], [ 107.141649571770358, 20.773704072385158 ], [ 107.139391634016761, 20.773838412213138 ] ] ], [ [ [ 107.136086115581804, 20.774231537355718 ], [ 107.136961336696402, 20.774902992779062 ], [ 107.137206494584177, 20.774453710370608 ], [ 107.136086115581804, 20.774231537355718 ] ] ], [ [ [ 107.138408728979755, 20.782741041266092 ], [ 107.137786934119902, 20.781384271866671 ], [ 107.136556002357679, 20.782065243915952 ], [ 107.138408728979755, 20.782741041266092 ] ] ], [ [ [ 107.138439762784969, 20.787466789760686 ], [ 107.142435873317027, 20.784288370711806 ], [ 107.139672494989838, 20.78438948508682 ], [ 107.138439762784969, 20.787466789760686 ] ] ], [ [ [ 107.137223784949754, 20.789212595085303 ], [ 107.138132736036937, 20.790831968320845 ], [ 107.138780800093969, 20.789026781660766 ], [ 107.137223784949754, 20.789212595085303 ] ] ], [ [ [ 107.136276501159671, 20.805212368855905 ], [ 107.135044263581904, 20.803199186992913 ], [ 107.13430733481573, 20.803469126599055 ], [ 107.136276501159671, 20.805212368855905 ] ] ], [ [ [ 107.136401408898053, 20.819146309954249 ], [ 107.135249290122715, 20.820792628677054 ], [ 107.136957495691888, 20.820380545825628 ], [ 107.136401408898053, 20.819146309954249 ] ] ], [ [ [ 107.141469180358456, 20.825297197008183 ], [ 107.144599107063129, 20.825801969385509 ], [ 107.144820274636118, 20.823230553147539 ], [ 107.141469180358456, 20.825297197008183 ] ] ], [ [ [ 107.14455568869414, 20.827283222942469 ], [ 107.143744572154333, 20.826840103588097 ], [ 107.143718407278755, 20.827263544876701 ], [ 107.14455568869414, 20.827283222942469 ] ] ], [ [ [ 107.140326436116311, 20.828726264305658 ], [ 107.139807153177685, 20.828430541136697 ], [ 107.139877170794819, 20.828822531334879 ], [ 107.140326436116311, 20.828726264305658 ] ] ], [ [ [ 107.140810781292714, 20.83337399571343 ], [ 107.138136414264295, 20.828662959228211 ], [ 107.139703750028218, 20.834777980419517 ], [ 107.140810781292714, 20.83337399571343 ] ] ], [ [ [ 107.142569633981452, 20.832536117148152 ], [ 107.141015938235, 20.831951215176446 ], [ 107.141156679437358, 20.832795591343483 ], [ 107.142569633981452, 20.832536117148152 ] ] ] ] } },
{ "type": "Feature", "properties": { "stable_id": "VN.ADM1.00018" }, "geometry": { "type": "Polygon", "coordinates": [ [ [ 105.858779361578456, 9.359596136152845 ], [ 105.842971489642593, 9.402667935277123 ], [ 105.808273614435734, 9.372142548340037 ], [ 105.772843842169721, 9.410381398882578 ], [ 105.706303119093775, 9.39576041890831 ], [ 105.702709358050583, 9.377506873943162 ], [ 105.649781459646761, 9.387536745624459 ], [ 105.638598711961038, 9.409144876934647 ], [ 105.588477948398634, 9.424763672705296 ], [ 105.580403677687571, 9.410876499051255 ], [ 105.545122979741905, 9.450491940950428 ], [ 105.546643771992592, 9.586082565757863 ], [ 105.413534194147928, 9.600163631446605 ], [ 105.377106613279693, 9.587414414044076 ], [ 105.374367054396146, 9.610946047721995 ], [ 105.399141622188267, 9.624892170137628 ], [ 105.40525878466525, 9.652253564050852 ], [ 105.339305300898957, 9.67630883518467 ], [ 105.333475943060421, 9.70298011903742 ], [ 105.412300515856316, 9.749397154255348 ], [ 105.405156630674014, 9.769591009017972 ], [ 105.435860736284042, 9.79286746366256 ], [ 105.432972665156569, 9.817123333075529 ], [ 105.520801621697558, 9.859156631073631 ], [ 105.539525520186658, 9.913038378318618 ], [ 105.364306879159301, 10.073234896773045 ], [ 105.318299952780649, 10.139902944065739 ], [ 105.294151546956527, 10.14273766471149 ], [ 105.225753487333634, 10.201160052094849 ], [ 105.301112913830025, 10.276861022218554 ], [ 105.336209152730362, 10.234424147156744 ], [ 105.441376766724431, 10.269760046389194 ], [ 105.426686736803617, 10.303021283405542 ], [ 105.490289590592283, 10.324327286575112 ], [ 105.541704963313407, 10.292962542587304 ], [ 105.60283117771678, 10.23542377598659 ], [ 105.658706599629909, 10.150353073435781 ], [ 105.78505036638137, 10.067516359692377 ], [ 105.857388869400893, 9.969768427770816 ], [ 105.982366223322686, 9.882870372070101 ], [ 106.068926824613357, 9.778576901802694 ], [ 106.247216134217354, 9.617888216767824 ], [ 106.307092832368312, 9.581279135623674 ], [ 106.335102829931827, 9.53580310063262 ], [ 106.212616261731171, 9.484963195994794 ], [ 106.175986442220619, 9.429977816922872 ], [ 106.187767153631285, 9.378541008860566 ], [ 106.160940001080291, 9.351764760635319 ], [ 105.827756835709579, 9.243697651425578 ], [ 105.812162513189548, 9.339311404897444 ], [ 105.858779361578456, 9.359596136152845 ] ] ] } },
{ "type": "Feature", "properties": { "stable_id": "VN.ADM1.00019" }, "geometry": { "type": "Polygon", "coordinates": [ [ [ 106.685628376848285, 10.655508380307538 ], [ 106.636215496647935, 10.626171299066243 ], [ 106.604967617761361, 10.658182635820026 ], [ 106.557426424589835, 10.649517184970193 ], [ 106.529489498741441, 10.717584205946423 ], [ 106.509076766079943, 10.717172970256513 ], [ 106.463561848900383, 10.7565045816213 ], [ 106.514076293386381, 10.789741662847575 ], [ 106.533226745717855, 10.901299575115331 ], [ 106.412083286214681, 10.973607778176529 ], [ 106.373193260860319, 10.969622812043269 ], [ 106.356771050343696, 10.991728899768987 ], [ 106.41390003186109, 11.008488285006422 ], [ 106.454065313863282, 11.159024957835641 ], [ 106.471816996657253, 11.142546243814252 ], [ 106.507690655399472, 11.141826375187122 ], [ 106.526956194872525, 11.119602507749562 ], [ 106.524149352310815, 11.072259604297471 ], [ 106.549575164162661, 11.046435212015467 ], [ 106.600319201070363, 11.04446195375624 ], [ 106.597855196260355, 11.015984960737455 ], [ 106.619618937264249, 11.008916283159977 ], [ 106.626952689115399, 10.979680631955659 ], [ 106.648553706788277, 10.980037117818711 ], [ 106.650821966960279, 10.933121742174819 ], [ 106.684890423754098, 10.921243501086849 ], [ 106.699456056751785, 10.868955327326603 ], [ 106.721042123195616, 10.872022323071803 ], [ 106.71767326281099, 10.896417694421132 ], [ 106.751759059433198, 10.863807553975562 ], [ 106.767275181404614, 10.892472363208981 ], [ 106.787917063122165, 10.870056789989007 ], [ 106.840376334700238, 10.898641017269256 ], [ 106.852953896705117, 10.848022505034692 ], [ 106.881553318930571, 10.810658816251419 ], [ 106.864265364355106, 10.78845208719423 ], [ 106.873800477610018, 10.768700083741976 ], [ 106.84657678698926, 10.775404370415345 ], [ 106.824828074556137, 10.759580316978202 ], [ 106.816317149716781, 10.779701532599688 ], [ 106.767928351811975, 10.742322164136624 ], [ 106.751993574743835, 10.704698332062435 ], [ 106.826278464279824, 10.627833487225814 ], [ 106.883969045435265, 10.645403490778506 ], [ 106.91128354509965, 10.608157603290863 ], [ 106.978440489936645, 10.582200959406805 ], [ 106.986487448237256, 10.531654245447157 ], [ 107.013668555059837, 10.522388943195324 ], [ 106.972233443818482, 10.407564529579417 ], [ 106.882440517216253, 10.375848298160463 ], [ 106.863952050446812, 10.408777926360358 ], [ 106.842777574026002, 10.363319840938061 ], [ 106.735033359202362, 10.497306852229542 ], [ 106.748485633305336, 10.525683454827686 ], [ 106.74570179720024, 10.576276163713999 ], [ 106.720822176902061, 10.598163726075143 ], [ 106.729770166859794, 10.636438160992384 ], [ 106.685628376848285, 10.655508380307538 ] ] ] } },
{ "type": "Feature", "properties": { "stable_id": "VN.ADM1.00020" }, "geometry": { "type": "Polygon", "coordinates": [ [ [ 104.590355566656172, 21.422608852416658 ], [ 104.528878617554255, 21.413087151650871 ], [ 104.476239441097448, 21.35276930366058 ], [ 104.431393756217005, 21.353733738421397 ], [ 104.391187403076287, 21.400007898345905 ], [ 104.347565747661179, 21.418316907199653 ], [ 104.331254280560756, 21.40795032844494 ], [ 104.299683910184342, 21.438632890795304 ], [ 104.282679528937251, 21.471917472413509 ], [ 104.293770425264995, 21.50897865893802 ], [ 104.278817805897063, 21.553163065123385 ], [ 104.297460687161049, 21.572382079069882 ], [ 104.28972617132581, 21.597007420555997 ], [ 104.338881489289349, 21.653127756640743 ], [ 104.220111087956468, 21.672706279071633 ], [ 104.1931823353965, 21.647500293903533 ], [ 104.086335298635163, 21.644229792370993 ], [ 104.033521007089007, 21.669892032391488 ], [ 103.937110569397248, 21.669694889307721 ], [ 103.938025591807616, 21.690678077231667 ], [ 103.910861910249139, 21.715710858369391 ], [ 103.915262802036864, 21.740022860766487 ], [ 103.95384599759484, 21.741204908080192 ], [ 103.967478538104046, 21.77035555806259 ], [ 103.889281780230021, 21.865236763365999 ], [ 103.886442082735982, 21.907480064753372 ], [ 103.919650355979229, 21.932195243116098 ], [ 103.943036521618296, 21.917709172240677 ], [ 103.985314360569419, 21.966666022419076 ], [ 103.95797195674055, 21.996577265928124 ], [ 103.937916796323179, 22.139938364164152 ], [ 103.865654587289555, 22.180784913193349 ], [ 103.872662109169141, 22.19867543782135 ], [ 103.842265371150063, 22.225517396810517 ], [ 103.826350629178307, 22.27013557209898 ], [ 103.768255336014988, 22.310503685396782 ], [ 103.780874283021944, 22.347324823981523 ], [ 103.748920989412113, 22.405410661672761 ], [ 103.729437814004029, 22.416283671154474 ], [ 103.626171177058268, 22.396306092552265 ], [ 103.555416275840628, 22.469523922091469 ], [ 103.593339805188009, 22.52167930015969 ], [ 103.569043403330511, 22.579176998319895 ], [ 103.530390257604381, 22.594796614272354 ], [ 103.552836913193062, 22.636999736648704 ], [ 103.571354676277394, 22.641955193577417 ], [ 103.579831116612809, 22.663863532975711 ], [ 103.56279708291919, 22.700788452425229 ], [ 103.619226905397454, 22.785860684722877 ], [ 103.640281214406571, 22.797616897701801 ], [ 103.660977577952906, 22.788595834230478 ], [ 103.876239836199488, 22.566134340227677 ], [ 103.893395461831233, 22.567870325854926 ], [ 103.914584702422189, 22.535499293557734 ], [ 103.965464203310376, 22.505288439110302 ], [ 104.013121843398494, 22.522640364261463 ], [ 104.006109876169944, 22.575245996006004 ], [ 104.034173990437466, 22.64283235273092 ], [ 104.021968591277471, 22.665748611808965 ], [ 104.029847835908981, 22.69494981358315 ], [ 104.102839582181048, 22.797332041940251 ], [ 104.115435502946127, 22.810896879687334 ], [ 104.142242205813204, 22.805729323050002 ], [ 104.267878441736798, 22.839641417417454 ], [ 104.255928466225782, 22.77763072967457 ], [ 104.270785192682695, 22.740811885260371 ], [ 104.341193160635953, 22.721110572994689 ], [ 104.336164017755323, 22.688409764698974 ], [ 104.361473249590972, 22.672810984239675 ], [ 104.397809720142561, 22.67908260887549 ], [ 104.422368043250628, 22.630228023304653 ], [ 104.462562106256371, 22.612369978591801 ], [ 104.46510004523094, 22.573174329431879 ], [ 104.426118487778183, 22.573380445950932 ], [ 104.41466992028063, 22.529093951424784 ], [ 104.473694340821282, 22.484609273299498 ], [ 104.448632992718615, 22.458775045132256 ], [ 104.468681246342555, 22.423656676614371 ], [ 104.54869096281783, 22.381929790227673 ], [ 104.555341765010553, 22.353710656221949 ], [ 104.582073719826496, 22.348434054088443 ], [ 104.566148500752718, 22.33142905500705 ], [ 104.580084216213606, 22.302989517852097 ], [ 104.544303311748536, 22.277039504669517 ], [ 104.549522499363945, 22.248509523595715 ], [ 104.587234691627884, 22.249469173063915 ], [ 104.609262755971486, 22.291863363603511 ], [ 104.716471929935722, 22.261172437558116 ], [ 104.724274056802415, 22.199720718036758 ], [ 104.761689410737858, 22.168131920551787 ], [ 104.848961302022531, 22.185152943753337 ], [ 104.881963491122292, 22.072433438352675 ], [ 104.934737179177603, 22.058615339826076 ], [ 104.960548580752459, 22.03073217634892 ], [ 104.997457502162092, 22.043241100296655 ], [ 104.987562983844725, 21.935661446118957 ], [ 105.019211409978709, 21.935718514397934 ], [ 105.01450531167086, 21.898041837261019 ], [ 105.037540149058827, 21.89030333293266 ], [ 105.045481582709044, 21.864127042229313 ], [ 105.096527118231961, 21.818639205435147 ], [ 105.061896265900032, 21.748841887043511 ], [ 105.100149646788907, 21.687631330621457 ], [ 105.030638299318184, 21.70130396290773 ], [ 104.984130330050789, 21.67415827498445 ], [ 104.971803490039122, 21.646159313901308 ], [ 104.954976726694667, 21.66046420555881 ], [ 104.891870745638471, 21.608881775673524 ], [ 104.898706585140872, 21.564572476138949 ], [ 104.867887836654347, 21.54813668496007 ], [ 104.911902258382611, 21.445976402089343 ], [ 104.905594421645276, 21.41104275881645 ], [ 104.883011557437442, 21.389238303704929 ], [ 104.898112061322649, 21.345772605121795 ], [ 104.88301030917853, 21.341937092822548 ], [ 104.858725281946363, 21.364986802299143 ], [ 104.847584351836531, 21.337858811235265 ], [ 104.778678139284864, 21.32591983083563 ], [ 104.748786507291584, 21.352549107355458 ], [ 104.730061665413643, 21.403862052691636 ], [ 104.690241994672476, 21.400212034557853 ], [ 104.675419731135719, 21.375808909253863 ], [ 104.590355566656172, 21.422608852416658 ] ] ] } },
{ "type": "Feature", "properties": { "stable_id": "VN.ADM1.00021" }, "geometry": { "type": "MultiPolygon", "coordinates": [ [ [ [ 103.1998153635883, 9.255700425234409 ], [ 103.198366958668203, 9.257571512415439 ], [ 103.199611338892339, 9.258514555902138 ], [ 103.1998153635883, 9.255700425234409 ] ] ], [ [ [ 103.233235467642771, 9.297874930283967 ], [ 103.231112619751741, 9.294872415030113 ], [ 103.230012668849611, 9.296776721368701 ], [ 103.233235467642771, 9.297874930283967 ] ] ], [ [ [ 103.240659526715888, 9.307314832313807 ], [ 103.205700734801269, 9.284405372110257 ], [ 103.203384106391468, 9.304500065825437 ], [ 103.186578454632013, 9.305072210014544 ], [ 103.211143260053461, 9.31941511421627 ], [ 103.240659526715888, 9.307314832313807 ] ] ], [ [ [ 103.254995908134788, 9.317089676047885 ], [ 103.262164307037153, 9.32339490115379 ], [ 103.265299323005422, 9.312099239088752 ], [ 103.254995908134788, 9.317089676047885 ] ] ], [ [ [ 103.27388923440077, 9.329401457811002 ], [ 103.271243500886897, 9.326603460981062 ], [ 103.272886433662109, 9.330154887338324 ], [ 103.27388923440077, 9.329401457811002 ] ] ], [ [ [ 104.043941017264274, 9.823311908018127 ], [ 104.046253853232884, 9.82065643034997 ], [ 104.042541894292981, 9.818072334570672 ], [ 104.043941017264274, 9.823311908018127 ] ] ], [ [ [ 104.093156320907553, 9.84975049588877 ], [ 104.097624948732459, 9.846067090424071 ], [ 104.094441229978941, 9.84292620188279 ], [ 104.093156320907553, 9.84975049588877 ] ] ], [ [ [ 103.994275505810037, 9.902315573604938 ], [ 103.992157785853294, 9.903184076783816 ], [ 103.993061981325411, 9.904373807005697 ], [ 103.994275505810037, 9.902315573604938 ] ] ], [ [ [ 104.020608445823257, 9.905670981930371 ], [ 104.023435245240364, 9.907622140249714 ], [ 104.021798176044967, 9.90571857135501 ], [ 104.020608445823257, 9.905670981930371 ] ] ], [ [ [ 103.994862558960108, 9.913428687683847 ], [ 103.988785415414725, 9.909055237809071 ], [ 103.985692116298139, 9.911981975287972 ], [ 103.994862558960108, 9.913428687683847 ] ] ], [ [ [ 104.016276637257192, 9.909917725422872 ], [ 104.010073381781126, 9.911859365317582 ], [ 104.018168308121062, 9.914479151591706 ], [ 104.016276637257192, 9.909917725422872 ] ] ], [ [ [ 104.026178763839027, 9.916983732913081 ], [ 104.021110512140524, 9.917961690779407 ], [ 104.021424601264471, 9.920781353177063 ], [ 104.026178763839027, 9.916983732913081 ] ] ], [ [ [ 104.002755231368894, 9.915051480141813 ], [ 104.001927177897073, 9.922799004670367 ], [ 104.00323112291818, 9.915298943891173 ], [ 104.002755231368894, 9.915051480141813 ] ] ], [ [ [ 103.981842742748483, 9.918703953424711 ], [ 103.9814001629872, 9.922335010252539 ], [ 103.981818947586532, 9.922277903302643 ], [ 103.981842742748483, 9.918703953424711 ] ] ], [ [ [ 104.01586586291927, 9.931656083961172 ], [ 104.023013763574454, 9.930333103889723 ], [ 104.017759914288717, 9.927877499646911 ], [ 104.01586586291927, 9.931656083961172 ] ] ], [ [ [ 104.010327916899996, 9.968315480375168 ], [ 104.025822966856538, 9.945919992613597 ], [ 104.022548829365121, 9.939704840905847 ], [ 104.010327916899996, 9.968315480375168 ] ] ], [ [ [ 104.023196804389158, 9.979649456257391 ], [ 104.017605069918147, 9.973534240812626 ], [ 104.013571883935413, 9.984491658863078 ], [ 104.023196804389158, 9.979649456257391 ] ] ], [ [ [ 104.038430588700862, 9.993222495821499 ], [ 104.041892705184296, 9.99305831289098 ], [ 104.041864150809943, 9.991180918764428 ], [ 104.038430588700862, 9.993222495821499 ] ] ], [ [ [ 104.011008253128409, 9.990633523918177 ], [ 104.007410507189206, 10.001702776262221 ], [ 104.014368051044755, 9.992736967137432 ], [ 104.011008253128409, 9.990633523918177 ] ] ], [ [ [ 104.034654383992802, 10.00195273922759 ], [ 104.029671792719171, 10.003673089241659 ], [ 104.028736665065139, 10.006307152253271 ], [ 104.034654383992802, 10.00195273922759 ] ] ], [ [ [ 103.994806741638001, 10.451708588580516 ], [ 104.079075155394094, 10.370642097654752 ], [ 104.081104489080985, 10.244927901301764 ], [ 104.017046423653596, 10.083723447878924 ], [ 104.043291879416756, 10.068970789170578 ], [ 104.030728325252142, 10.030666226065534 ], [ 104.052119678580425, 10.005125092349317 ], [ 104.010349431381201, 10.010004176151881 ], [ 103.990647096586258, 10.048885758670849 ], [ 103.944618804114612, 10.24905109503203 ], [ 103.913873788344688, 10.28914977234416 ], [ 103.860431093720138, 10.302462855676424 ], [ 103.832558435223689, 10.364832247010781 ], [ 103.852022426293956, 10.377662300874533 ], [ 103.924994545761876, 10.360536129838579 ], [ 103.994806741638001, 10.451708588580516 ] ] ], [ [ [ 104.30699026778683, 10.258023017748258 ], [ 104.306389318312483, 10.25713697868872 ], [ 104.306034411658914, 10.257815181725391 ], [ 104.30699026778683, 10.258023017748258 ] ] ], [ [ [ 104.316534063096583, 10.291235837064391 ], [ 104.315106386650541, 10.29310966268082 ], [ 104.317009954645698, 10.292395824008224 ], [ 104.316534063096583, 10.291235837064391 ] ] ], [ [ [ 103.842484617770936, 10.321273320207638 ], [ 103.843413165984884, 10.322564243045463 ], [ 103.843266231151688, 10.321190232743106 ], [ 103.842484617770936, 10.321273320207638 ] ] ], [ [ [ 103.834524768703204, 10.320845714158452 ], [ 103.833701140795142, 10.323851066773386 ], [ 103.836513718333435, 10.321708691003437 ], [ 103.834524768703204, 10.320845714158452 ] ] ], [ [ [ 103.821227346165188, 10.358828376628423 ], [ 103.82040330456897, 10.36183375442431 ], [ 103.823216326372403, 10.359691455096652 ], [ 103.821227346165188, 10.358828376628423 ] ] ], [ [ [ 103.816272908168287, 10.372684901387117 ], [ 103.815621728859753, 10.371593276408646 ], [ 103.815251450094422, 10.372447705197487 ], [ 103.816272908168287, 10.372684901387117 ] ] ], [ [ [ 104.397191278854507, 9.630949263298021 ], [ 104.391592297646582, 9.636252420612891 ], [ 104.40270888490727, 9.638964158069541 ], [ 104.397191278854507, 9.630949263298021 ] ] ], [ [ [ 104.367751977971579, 9.641661572023963 ], [ 104.367797614967969, 9.638019011068479 ], [ 104.365776403957852, 9.637803252917763 ], [ 104.367751977971579, 9.641661572023963 ] ] ], [ [ [ 104.359799935918488, 9.64251424083966 ], [ 104.359281611657082, 9.639044070927184 ], [ 104.358409407768079, 9.642848936129667 ], [ 104.359799935918488, 9.64251424083966 ] ] ], [ [ [ 104.354784168654533, 9.64793031882914 ], [ 104.355237966559059, 9.644404095072957 ], [ 104.354013260803413, 9.644440413294433 ], [ 104.354784168654533, 9.64793031882914 ] ] ], [ [ [ 104.358933854613838, 9.653334567136653 ], [ 104.35755927863795, 9.65038319183094 ], [ 104.355996991667951, 9.654157820926798 ], [ 104.358933854613838, 9.653334567136653 ] ] ], [ [ [ 104.398918225395846, 9.666712459212761 ], [ 104.406228818805062, 9.673225469080194 ], [ 104.396176321080475, 9.661251217269978 ], [ 104.398918225395846, 9.666712459212761 ] ] ], [ [ [ 104.387133369009973, 9.679185842852519 ], [ 104.384575448897976, 9.677639193294226 ], [ 104.386419531236527, 9.680375573973606 ], [ 104.387133369009973, 9.679185842852519 ] ] ], [ [ [ 104.404265488161911, 9.68114889830315 ], [ 104.401920781119145, 9.680443672437718 ], [ 104.40402754193758, 9.682814520973523 ], [ 104.404265488161911, 9.68114889830315 ] ] ], [ [ [ 104.361398720074931, 9.66413430885126 ], [ 104.346471472380642, 9.67235398734681 ], [ 104.354421026009675, 9.710276871880239 ], [ 104.363190650728029, 9.695164234342087 ], [ 104.361398720074931, 9.66413430885126 ] ] ], [ [ [ 104.405752651164107, 9.686502684751247 ], [ 104.403789595713249, 9.684004251195404 ], [ 104.404562920942169, 9.686621658762704 ], [ 104.405752651164107, 9.686502684751247 ] ] ], [ [ [ 104.386128768727701, 9.684157168318791 ], [ 104.396147296360823, 9.691950344233021 ], [ 104.387284193410949, 9.680458374554348 ], [ 104.386128768727701, 9.684157168318791 ] ] ], [ [ [ 104.388152819796858, 9.707442677337724 ], [ 104.383404821175588, 9.698440142598542 ], [ 104.383546297124042, 9.710800269217088 ], [ 104.388152819796858, 9.707442677337724 ] ] ], [ [ [ 104.343440819138664, 9.702573854799709 ], [ 104.344063683292518, 9.715707319237481 ], [ 104.34539021208866, 9.700919170583404 ], [ 104.343440819138664, 9.702573854799709 ] ] ], [ [ [ 104.365770623115907, 9.712078237320895 ], [ 104.365776260066411, 9.709114340754297 ], [ 104.364063115420493, 9.710010483696919 ], [ 104.365770623115907, 9.712078237320895 ] ] ], [ [ [ 104.351148400278589, 9.725647107628049 ], [ 104.355780764071028, 9.722712938151631 ], [ 104.353165610204769, 9.71888205466314 ], [ 104.351148400278589, 9.725647107628049 ] ] ], [ [ [ 104.343561077381878, 9.730234356030678 ], [ 104.341406263088629, 9.731407298608076 ], [ 104.342739983763352, 9.732587110207078 ], [ 104.343561077381878, 9.730234356030678 ] ] ], [ [ [ 104.361216256625028, 9.736457151076706 ], [ 104.362488692998909, 9.74310702966585 ], [ 104.366513265275046, 9.740335164436374 ], [ 104.361216256625028, 9.736457151076706 ] ] ], [ [ [ 104.495132931040132, 10.129146105408608 ], [ 104.497826480607671, 10.121152306034162 ], [ 104.493890852181153, 10.126481109315819 ], [ 104.495132931040132, 10.129146105408608 ] ] ], [ [ [ 104.496826055877762, 10.135858366370599 ], [ 104.493842212348397, 10.135058867273074 ], [ 104.494977215226356, 10.137507332697282 ], [ 104.496826055877762, 10.135858366370599 ] ] ], [ [ [ 104.49603210919463, 10.141971597910924 ], [ 104.493283832283169, 10.141816933404868 ], [ 104.495306374289726, 10.143226763704263 ], [ 104.49603210919463, 10.141971597910924 ] ] ], [ [ [ 104.316194751586693, 10.279744299060212 ], [ 104.313934301127176, 10.280043695060613 ], [ 104.31655500201191, 10.281062214149983 ], [ 104.316194751586693, 10.279744299060212 ] ] ], [ [ [ 104.333604692902327, 10.286005174099557 ], [ 104.324886518398216, 10.287734396824931 ], [ 104.334198715798266, 10.287095594885955 ], [ 104.333604692902327, 10.286005174099557 ] ] ], [ [ [ 104.337575165561589, 10.290698165687786 ], [ 104.343051453162047, 10.296298198203374 ], [ 104.339404193248924, 10.289388458710448 ], [ 104.337575165561589, 10.290698165687786 ] ] ], [ [ [ 104.351760165898952, 10.29651848174251 ], [ 104.349270217446758, 10.30075691010336 ], [ 104.352354008031227, 10.298217042082911 ], [ 104.351760165898952, 10.29651848174251 ] ] ], [ [ [ 104.31595934055116, 10.301851440791495 ], [ 104.321078687231761, 10.30403510533597 ], [ 104.315987539693367, 10.300089037579141 ], [ 104.31595934055116, 10.301851440791495 ] ] ], [ [ [ 104.322476257073674, 10.314577819910539 ], [ 104.322797662182381, 10.311973951636674 ], [ 104.320297737550675, 10.311604130626222 ], [ 104.322476257073674, 10.314577819910539 ] ] ], [ [ [ 104.324591047039178, 10.322734403769687 ], [ 104.32927177727089, 10.312664607585589 ], [ 104.323807805885679, 10.319711479301475 ], [ 104.324591047039178, 10.322734403769687 ] ] ], [ [ [ 104.497896944288641, 9.972380710101675 ], [ 104.499693437202495, 9.973296801806043 ], [ 104.499205647622603, 9.971702562823111 ], [ 104.497896944288641, 9.972380710101675 ] ] ], [ [ [ 104.507605314633622, 10.085382110696003 ], [ 104.503166744849523, 10.084779110767386 ], [ 104.508298281840212, 10.087359628144441 ], [ 104.507605314633622, 10.085382110696003 ] ] ], [ [ [ 104.511840926317745, 10.088846912555084 ], [ 104.510209949129944, 10.089847363365095 ], [ 104.512259239672176, 10.090121785192423 ], [ 104.511840926317745, 10.088846912555084 ] ] ], [ [ [ 104.513510856740652, 10.094551755659154 ], [ 104.511983243132249, 10.104117188657369 ], [ 104.513924883026959, 10.105830400752552 ], [ 104.513510856740652, 10.094551755659154 ] ] ], [ [ [ 104.505233434575359, 10.106287564819354 ], [ 104.499058734373193, 10.111736531016163 ], [ 104.500879022449055, 10.112367087970711 ], [ 104.505233434575359, 10.106287564819354 ] ] ], [ [ [ 104.525890662324343, 10.118512892056458 ], [ 104.525334719421778, 10.119258539749922 ], [ 104.525889608318948, 10.119231219245478 ], [ 104.525890662324343, 10.118512892056458 ] ] ], [ [ [ 104.501509092870492, 10.119120245602971 ], [ 104.49987678288727, 10.118739532003985 ], [ 104.500148040899433, 10.11989119212484 ], [ 104.501509092870492, 10.119120245602971 ] ] ], [ [ [ 104.497887316146773, 10.120076233931115 ], [ 104.498561893116914, 10.119683623200672 ], [ 104.498187127633912, 10.119248182257991 ], [ 104.497887316146773, 10.120076233931115 ] ] ], [ [ [ 104.525814823395422, 10.121724096789706 ], [ 104.526398626395689, 10.121330600227054 ], [ 104.525886528140859, 10.121329862783 ], [ 104.525814823395422, 10.121724096789706 ] ] ], [ [ [ 104.52676626115408, 10.122894468205118 ], [ 104.527434811767137, 10.122965867181108 ], [ 104.526880824890327, 10.122373518822997 ], [ 104.52676626115408, 10.122894468205118 ] ] ], [ [ [ 104.503782509755069, 10.122985184618699 ], [ 104.502455960274517, 10.124163017709122 ], [ 104.503723023199143, 10.124656756304375 ], [ 104.503782509755069, 10.122985184618699 ] ] ], [ [ [ 104.52630730024174, 10.123870979062531 ], [ 104.526185948422835, 10.126183815031141 ], [ 104.526735603265536, 10.123699658212786 ], [ 104.52630730024174, 10.123870979062531 ] ] ], [ [ [ 104.496921234727324, 10.13865899191893 ], [ 104.49883908035946, 10.139344277116777 ], [ 104.497359055276377, 10.136831565924069 ], [ 104.496921234727324, 10.13865899191893 ] ] ], [ [ [ 104.519445843550955, 10.138493209993669 ], [ 104.523493307170497, 10.138571733398862 ], [ 104.521594496588818, 10.137515252127344 ], [ 104.519445843550955, 10.138493209993669 ] ] ], [ [ [ 104.532544182268225, 10.141824456233792 ], [ 104.531283066560377, 10.14146753689738 ], [ 104.531645934912092, 10.142478806551708 ], [ 104.532544182268225, 10.141824456233792 ] ] ], [ [ [ 104.533358551655965, 10.143221794050646 ], [ 104.534268696143556, 10.143650097074442 ], [ 104.534325803093509, 10.14319324057567 ], [ 104.533358551655965, 10.143221794050646 ] ] ], [ [ [ 104.531027870439971, 10.145945979923056 ], [ 104.530656674366071, 10.144957313829025 ], [ 104.530695935169376, 10.145874596235672 ], [ 104.531027870439971, 10.145945979923056 ] ] ], [ [ [ 104.505570273849173, 10.15315806339396 ], [ 104.505129477443575, 10.150907574724897 ], [ 104.504254865169969, 10.152936169168981 ], [ 104.505570273849173, 10.15315806339396 ] ] ], [ [ [ 104.526119993942757, 10.158932483447529 ], [ 104.518083364355846, 10.150414013296199 ], [ 104.524662574218496, 10.160294724322114 ], [ 104.526119993942757, 10.158932483447529 ] ] ], [ [ [ 104.529150237993122, 10.16449397731526 ], [ 104.531166830984546, 10.161775442782471 ], [ 104.530072278712794, 10.159687466103833 ], [ 104.529150237993122, 10.16449397731526 ] ] ], [ [ [ 104.526262127295468, 10.162334684398161 ], [ 104.52517238010131, 10.163559704017246 ], [ 104.526169425178921, 10.163740637720309 ], [ 104.526262127295468, 10.162334684398161 ] ] ], [ [ [ 104.505677525197768, 10.171926775100701 ], [ 104.504677650853012, 10.171865132869641 ], [ 104.505248255402762, 10.172541548953348 ], [ 104.505677525197768, 10.171926775100701 ] ] ], [ [ [ 104.502608303630382, 10.175125463969152 ], [ 104.503007738416443, 10.176089983266081 ], [ 104.503181654709692, 10.174757857988823 ], [ 104.502608303630382, 10.175125463969152 ] ] ], [ [ [ 104.523737202410132, 10.18528646939518 ], [ 104.534760055132438, 10.171681901398756 ], [ 104.531577526182048, 10.169266747762379 ], [ 104.523737202410132, 10.18528646939518 ] ] ], [ [ [ 104.503144838263836, 10.184736099591419 ], [ 104.508761298695163, 10.187226522885851 ], [ 104.508204082352563, 10.18408040208891 ], [ 104.503144838263836, 10.184736099591419 ] ] ], [ [ [ 104.52193857000907, 10.245370504445248 ], [ 104.523823102953884, 10.245420471677562 ], [ 104.522966497805669, 10.242072570892503 ], [ 104.52193857000907, 10.245370504445248 ] ] ], [ [ [ 104.527910144837449, 10.272638322100988 ], [ 104.528324171123643, 10.274344396276945 ], [ 104.528616843792463, 10.272488415907731 ], [ 104.527910144837449, 10.272638322100988 ] ] ], [ [ [ 104.658222754676501, 9.817146995137875 ], [ 104.649609105675722, 9.796398094996164 ], [ 104.606398094196834, 9.79773059259287 ], [ 104.633595333058224, 9.822619754698053 ], [ 104.658222754676501, 9.817146995137875 ] ] ], [ [ [ 104.850761314882902, 9.972556577923854 ], [ 104.840812788679386, 9.952100352249602 ], [ 104.831380604631363, 9.951798160256942 ], [ 104.8289821091372, 9.968030843148995 ], [ 104.850761314882902, 9.972556577923854 ] ] ], [ [ [ 104.526236708857084, 10.324744579199034 ], [ 104.47842806270512, 10.382255450628577 ], [ 104.442600519398582, 10.365144747032559 ], [ 104.445260767070863, 10.426068855893163 ], [ 104.47810196943044, 10.430093928192264 ], [ 104.499534650204055, 10.405089133057174 ], [ 104.519436424951152, 10.442341173706325 ], [ 104.55286120188299, 10.458160533581918 ], [ 104.558984825089738, 10.493881669103757 ], [ 104.594705959712428, 10.532154312571549 ], [ 104.69312359697642, 10.538190628694622 ], [ 104.77842718706512, 10.51829648199714 ], [ 104.778068628264691, 10.487059328425232 ], [ 104.864690468890217, 10.355652791343402 ], [ 105.019103149590876, 10.317815577127362 ], [ 105.205928065028218, 10.183523747822733 ], [ 105.228671344906843, 10.211745146321562 ], [ 105.294151546956527, 10.14273766471149 ], [ 105.318299952780649, 10.139902944065739 ], [ 105.364306879159301, 10.073234896773045 ], [ 105.539525520186658, 9.913038378318618 ], [ 105.520801621697558, 9.859156631073631 ], [ 105.432972665156569, 9.817123333075529 ], [ 105.435860736284042, 9.79286746366256 ], [ 105.405156630674014, 9.769591009017972 ], [ 105.412300515856316, 9.749397154255348 ], [ 105.333475943060421, 9.70298011903742 ], [ 105.339305300898957, 9.67630883518467 ], [ 105.40525878466525, 9.652253564050852 ], [ 105.399141622188267, 9.624892170137628 ], [ 105.366030412773398, 9.5910953994333 ], [ 105.339171810031189, 9.609301758769334 ], [ 105.30866529896457, 9.607584798299911 ], [ 105.291969175637121, 9.636049675651975 ], [ 105.28842942787594, 9.597857240918984 ], [ 105.312672963086925, 9.572249218326931 ], [ 105.307809124591586, 9.556054565066177 ], [ 105.323907889437749, 9.55856135422323 ], [ 105.328978259938822, 9.528734468920675 ], [ 105.317119426220586, 9.505366388648042 ], [ 105.301419231912064, 9.506242885001257 ], [ 105.291771629657035, 9.43445297922176 ], [ 105.26230299288892, 9.399322750444696 ], [ 105.003363784411135, 9.558621651967826 ], [ 104.99399575799788, 9.539912770358228 ], [ 104.963046913584265, 9.55601216203172 ], [ 104.945868294086495, 9.532673682944278 ], [ 104.91655346387131, 9.56201587683131 ], [ 104.881270493338718, 9.494161524834567 ], [ 104.832476629992641, 9.531028518951132 ], [ 104.852596254713376, 9.696591424254791 ], [ 104.893617876563894, 9.842469534241673 ], [ 104.958388744644992, 9.853187899002421 ], [ 105.090963850001685, 9.978062918169314 ], [ 104.991793205891838, 10.098316392387687 ], [ 104.885443195646985, 10.089119774957794 ], [ 104.811097556906759, 10.189233933799073 ], [ 104.763926774700963, 10.221000262851987 ], [ 104.732955438242982, 10.227723378631083 ], [ 104.706337653260277, 10.214426126065007 ], [ 104.645177120727567, 10.137375243872384 ], [ 104.600764481895396, 10.143407177599329 ], [ 104.609913509001274, 10.161550568204348 ], [ 104.583299237669792, 10.205963207935724 ], [ 104.58661858587908, 10.243796637804678 ], [ 104.556163864071209, 10.287131380708786 ], [ 104.53091897333212, 10.277717639057869 ], [ 104.526236708857084, 10.324744579199034 ] ] ], [ [ [ 104.548311442619081, 10.008420201131401 ], [ 104.546578568646055, 10.008945650721387 ], [ 104.548424169939551, 10.009494871191521 ], [ 104.548311442619081, 10.008420201131401 ] ] ], [ [ [ 104.545989637711671, 10.033338480586508 ], [ 104.56036158282086, 10.017405610080914 ], [ 104.551053131996468, 10.014264720640483 ], [ 104.545989637711671, 10.033338480586508 ] ] ], [ [ [ 104.539480398701471, 10.037990846200671 ], [ 104.537367494614386, 10.0378936816482 ], [ 104.539060196770777, 10.038970553248419 ], [ 104.539480398701471, 10.037990846200671 ] ] ], [ [ [ 104.537907767729337, 10.116850973693545 ], [ 104.537479464705712, 10.115623171572224 ], [ 104.536442020283062, 10.116251349819947 ], [ 104.537907767729337, 10.116850973693545 ] ] ], [ [ [ 104.540374393163916, 10.126487936968772 ], [ 104.545876896901348, 10.132716175611108 ], [ 104.542991799831839, 10.122401213445414 ], [ 104.540374393163916, 10.126487936968772 ] ] ], [ [ [ 104.552058823156358, 10.133623981861319 ], [ 104.552545764675472, 10.132405184651702 ], [ 104.551948262302574, 10.132589108600655 ], [ 104.552058823156358, 10.133623981861319 ] ] ], [ [ [ 104.553439806801634, 10.133699738951918 ], [ 104.554932051872811, 10.134256062267468 ], [ 104.554821505408199, 10.133258172726528 ], [ 104.553439806801634, 10.133699738951918 ] ] ], [ [ [ 104.634561410880394, 10.134917436290777 ], [ 104.635350201750555, 10.134970972932194 ], [ 104.635168173572424, 10.134410609861789 ], [ 104.634561410880394, 10.134917436290777 ] ] ], [ [ [ 104.637326068943082, 10.134545232076846 ], [ 104.637601477326484, 10.135483877878812 ], [ 104.637977394841016, 10.134858731245515 ], [ 104.637326068943082, 10.134545232076846 ] ] ], [ [ [ 104.546659738755977, 10.135316926834889 ], [ 104.54532486155324, 10.136673219593547 ], [ 104.546409896299735, 10.137201459779703 ], [ 104.546659738755977, 10.135316926834889 ] ] ], [ [ [ 104.63777887939176, 10.135757788890885 ], [ 104.637481654354985, 10.136617673866738 ], [ 104.638271932703731, 10.136325297074791 ], [ 104.63777887939176, 10.135757788890885 ] ] ], [ [ [ 104.543565221058259, 10.138210085427204 ], [ 104.544028868337762, 10.139759058833647 ], [ 104.544761819402595, 10.139134160413164 ], [ 104.543565221058259, 10.138210085427204 ] ] ], [ [ [ 104.55082379588157, 10.139618993022282 ], [ 104.54913913816074, 10.145472467080765 ], [ 104.552644083957432, 10.145793694123824 ], [ 104.55082379588157, 10.139618993022282 ] ] ], [ [ [ 104.550300910258784, 10.153567393420531 ], [ 104.55448400243489, 10.148092253354946 ], [ 104.549308673856217, 10.151904150356359 ], [ 104.550300910258784, 10.153567393420531 ] ] ], [ [ [ 104.592652361417493, 10.15383363501428 ], [ 104.58647766031595, 10.152215601768773 ], [ 104.585757872627823, 10.152988926098146 ], [ 104.587227190382578, 10.154511781393694 ], [ 104.591230633087378, 10.154601011227669 ], [ 104.592652361417493, 10.15383363501428 ] ] ], [ [ [ 104.582306860972892, 10.155734824302783 ], [ 104.574704483425307, 10.152957993017139 ], [ 104.571542179328162, 10.155799070071112 ], [ 104.582306860972892, 10.155734824302783 ] ] ], [ [ [ 104.579137894698249, 10.169773961799024 ], [ 104.57878811418027, 10.170534199194037 ], [ 104.579080787748296, 10.170644843684556 ], [ 104.579137894698249, 10.169773961799024 ] ] ], [ [ [ 104.578782165164967, 10.171554035790166 ], [ 104.577397318931162, 10.17348853776582 ], [ 104.578539459728404, 10.174926922439624 ], [ 104.578782165164967, 10.171554035790166 ] ] ], [ [ [ 104.57789155125414, 10.17602295409614 ], [ 104.578532818234976, 10.175354640904004 ], [ 104.577750110379327, 10.175388897879373 ], [ 104.57789155125414, 10.17602295409614 ] ] ], [ [ [ 104.590789163988745, 10.176547613181924 ], [ 104.593709951553137, 10.180027574912799 ], [ 104.592436939613151, 10.175893261065255 ], [ 104.590789163988745, 10.176547613181924 ] ] ], [ [ [ 104.571061112180587, 10.178109749065698 ], [ 104.571760673216545, 10.179941934272961 ], [ 104.572160422765364, 10.177353080180637 ], [ 104.571061112180587, 10.178109749065698 ] ] ], [ [ [ 104.572464994364111, 10.181360093193746 ], [ 104.572650591951344, 10.180741433370486 ], [ 104.571936754177898, 10.180769985946256 ], [ 104.572464994364111, 10.181360093193746 ] ] ] ] } },
{ "type": "Feature", "properties": { "stable_id": "VN.ADM1.00022" }, "geometry": { "type": "Polygon", "coordinates": [ [ [ 103.493035723919661, 21.876814162343805 ], [ 103.541769734685545, 21.823053292075883 ], [ 103.541393881922261, 21.776021683553893 ], [ 103.595179044677252, 21.675241787178891 ], [ 103.575279170197632, 21.682585245412781 ], [ 103.542144955225695, 21.646869375421488 ], [ 103.55952124391041, 21.626365102567433 ], [ 103.519618147559527, 21.563514745708972 ], [ 103.517654080371699, 21.533819560724226 ], [ 103.459769662040458, 21.516000203946362 ], [ 103.449400781021211, 21.43796577010437 ], [ 103.347159137384381, 21.429054396942831 ], [ 103.330333904686086, 21.41505796015673 ], [ 103.38777241486514, 21.366961502171705 ], [ 103.369566286654788, 21.331428880738429 ], [ 103.429678037911287, 21.312479463756404 ], [ 103.438921031580378, 21.285520504767646 ], [ 103.434127857314877, 21.16927259925103 ], [ 103.397606691196017, 21.152747997322308 ], [ 103.42419786703806, 21.068378854100843 ], [ 103.377886672132263, 21.064478227288362 ], [ 103.333948449061722, 21.090553881156723 ], [ 103.285577694255323, 21.093250471332226 ], [ 103.304745168055149, 21.0624421720687 ], [ 103.274909723005294, 21.05185086442583 ], [ 103.298111540215587, 20.97476164503405 ], [ 103.296991252944053, 20.953524943621346 ], [ 103.275155832375901, 20.938941085862609 ], [ 103.286069623414448, 20.904928087561359 ], [ 103.216352418429551, 20.895462384881341 ], [ 103.234872485576773, 20.873774617704555 ], [ 103.22836150368056, 20.842063522313708 ], [ 103.19773510758921, 20.845401732903838 ], [ 103.119969223900739, 20.88581952834852 ], [ 103.04166275862957, 21.046302075280721 ], [ 102.961333382629675, 21.078026790903778 ], [ 102.960495371863999, 21.113702132047933 ], [ 102.937629633101096, 21.126870882285573 ], [ 102.949481507865414, 21.138483326044707 ], [ 102.90303173462695, 21.167933440376089 ], [ 102.923982019055131, 21.213066338141118 ], [ 102.882193676596955, 21.244006909691279 ], [ 102.821500344565266, 21.24787587407252 ], [ 102.807406146976177, 21.263431057197522 ], [ 102.893122092410636, 21.328364107217965 ], [ 102.896147361411636, 21.384420561759669 ], [ 102.965151771836986, 21.4829577000379 ], [ 102.996483969359872, 21.57509363036678 ], [ 102.978927997029587, 21.657300213434155 ], [ 102.98990233582424, 21.682954079866931 ], [ 102.941110435698192, 21.777049942301176 ], [ 102.848154739149948, 21.794866450926065 ], [ 102.805937358922165, 21.818492690585288 ], [ 102.730023539954459, 21.823915106996651 ], [ 102.676574014079677, 21.857998862157842 ], [ 102.619093421024729, 21.865421548865413 ], [ 102.610650669293079, 21.922434414416841 ], [ 102.553195687131449, 21.94423961776431 ], [ 102.486714097177924, 21.994979110397765 ], [ 102.518326555825922, 22.031107635209196 ], [ 102.440699635379929, 22.074834950172999 ], [ 102.43373811382304, 22.113528057274095 ], [ 102.38387419393905, 22.129231954091551 ], [ 102.364608587916166, 22.163230081203324 ], [ 102.335305440793491, 22.166144205690671 ], [ 102.321382397679542, 22.202085084259409 ], [ 102.283174979341936, 22.206456272339153 ], [ 102.271518477795553, 22.237378378109668 ], [ 102.240272580115629, 22.238349752938802 ], [ 102.239463101241313, 22.269271858709487 ], [ 102.179399950247671, 22.304311407945306 ], [ 102.196306485256287, 22.318400187118982 ], [ 102.164841545101353, 22.354326573112985 ], [ 102.170242243784685, 22.370528669162809 ], [ 102.142953262383344, 22.418314807982085 ], [ 102.153416773665299, 22.442049115574264 ], [ 102.186338556179464, 22.44434598497935 ], [ 102.26059656767751, 22.413338735894058 ], [ 102.244568247626603, 22.46743431404235 ], [ 102.269812852381278, 22.480256970083133 ], [ 102.320670031197096, 22.557251848793896 ], [ 102.357865123177021, 22.567182577414144 ], [ 102.346670483755872, 22.589571856256271 ], [ 102.37357372974401, 22.595169176416505 ], [ 102.418352288327583, 22.636336560384052 ], [ 102.403185356918868, 22.639406058043278 ], [ 102.382962782306663, 22.685809643899972 ], [ 102.435685923067069, 22.702601602581979 ], [ 102.452297323962398, 22.756949772414089 ], [ 102.480825598122976, 22.780783519843567 ], [ 102.543840584875227, 22.767061058820786 ], [ 102.583744058041987, 22.706573893670395 ], [ 102.605772218613197, 22.733657700142771 ], [ 102.6547036269709, 22.69122640537438 ], [ 102.687745869176695, 22.702962719953746 ], [ 102.782719746019495, 22.6428366730741 ], [ 102.787053155378828, 22.626586390449688 ], [ 102.865415631326471, 22.600585936991536 ], [ 102.899721784333053, 22.512292732423816 ], [ 102.921749945803413, 22.507056529635122 ], [ 102.923194415290197, 22.474555964386298 ], [ 102.986552498798915, 22.480294669663351 ], [ 103.020575841102243, 22.438419788142824 ], [ 103.05626466128507, 22.451981539416636 ], [ 103.083388164732071, 22.440323190662866 ], [ 103.066495455900679, 22.489335838378338 ], [ 103.082543911772234, 22.510673560636405 ], [ 103.181810557611186, 22.557472746570056 ], [ 103.156529524018367, 22.58692293374645 ], [ 103.184915245742104, 22.643516968833183 ], [ 103.22492137382244, 22.646710363392629 ], [ 103.283112104839859, 22.684676266996178 ], [ 103.286128088340661, 22.734706102804523 ], [ 103.320108532083225, 22.780531503726081 ], [ 103.322815539105989, 22.814369082966891 ], [ 103.366127639778938, 22.800640693613218 ], [ 103.441537101855829, 22.75655516159145 ], [ 103.428622439773847, 22.704573611682918 ], [ 103.458246741094285, 22.679856404449595 ], [ 103.454975345635773, 22.658410589976882 ], [ 103.488234531298758, 22.619517336056276 ], [ 103.53310439265374, 22.584164676158991 ], [ 103.569043403330511, 22.579176998319895 ], [ 103.593339805188009, 22.52167930015969 ], [ 103.555218726263377, 22.470228765745105 ], [ 103.604331822855499, 22.40922578364308 ], [ 103.6276919531212, 22.396319007716102 ], [ 103.729437814004029, 22.416283671154474 ], [ 103.764063839674577, 22.391536600133975 ], [ 103.781579267869006, 22.338373973280397 ], [ 103.768255336014988, 22.310503685396782 ], [ 103.826350629178307, 22.27013557209898 ], [ 103.842265371150063, 22.225517396810517 ], [ 103.872662109169141, 22.19867543782135 ], [ 103.865654587289555, 22.180784913193349 ], [ 103.937916796323179, 22.139938364164152 ], [ 103.95797195674055, 21.996577265928124 ], [ 103.985314360569419, 21.966666022419076 ], [ 103.943036521618296, 21.917709172240677 ], [ 103.919650355979229, 21.932195243116098 ], [ 103.886442082735982, 21.907480064753372 ], [ 103.889281780230021, 21.865236763365999 ], [ 103.967478538104046, 21.77035555806259 ], [ 103.95384599759484, 21.741204908080192 ], [ 103.915262802036864, 21.740022860766487 ], [ 103.916195124705325, 21.694306324577269 ], [ 103.883466236877325, 21.708150046587434 ], [ 103.880661807196702, 21.68538894934062 ], [ 103.852344409666898, 21.693988067995122 ], [ 103.835374006605264, 21.733974110616828 ], [ 103.809269807355747, 21.736183361772873 ], [ 103.78047603264298, 21.776337556932731 ], [ 103.756494233422188, 21.777383121333969 ], [ 103.759976381404954, 21.80701376377425 ], [ 103.697908265654064, 21.824231528961889 ], [ 103.724007366646788, 21.876743096117139 ], [ 103.687901905848435, 21.918304882264522 ], [ 103.690296503680827, 21.939283794811445 ], [ 103.667279387433894, 21.949189059127946 ], [ 103.653348602955703, 21.987861876624379 ], [ 103.547211913698959, 22.028400049023219 ], [ 103.516181330803875, 22.011333360046649 ], [ 103.481728692625097, 21.916278171900217 ], [ 103.493035723919661, 21.876814162343805 ] ] ] } },
{ "type": "Feature", "properties": { "stable_id": "VN.ADM1.00023" }, "geometry": { "type": "Polygon", "coordinates": [ [ [ 107.913817430630047, 11.362145775807051 ], [ 107.739187100904019, 11.36643512018469 ], [ 107.711599771212605, 11.334670444985193 ], [ 107.668241182784527, 11.324312679586569 ], [ 107.609878167743261, 11.343856759781659 ], [ 107.576219483442401, 11.381350270198936 ], [ 107.53412625732102, 11.355660655714757 ], [ 107.487358958649054, 11.39698535089326 ], [ 107.47524298537553, 11.435971762886595 ], [ 107.454027296622542, 11.420079946432509 ], [ 107.430589274275576, 11.425413274203379 ], [ 107.464203773085842, 11.486208765622109 ], [ 107.409652444604717, 11.528418571759744 ], [ 107.367669891752257, 11.517596409946464 ], [ 107.377679212126054, 11.545594782873081 ], [ 107.362125666666316, 11.554468907014552 ], [ 107.362163223254186, 11.581696998018117 ], [ 107.346413185819927, 11.543334866610962 ], [ 107.310596445169949, 11.554798092158194 ], [ 107.30098918020667, 11.620908897927393 ], [ 107.268669706042147, 11.64245464866309 ], [ 107.286485390888117, 11.726428934647686 ], [ 107.374725885291411, 11.770614686218892 ], [ 107.417037279746694, 11.748870419134562 ], [ 107.433152342107007, 11.764108581346079 ], [ 107.463942495749677, 11.760894281146193 ], [ 107.504164816353295, 11.800396760102558 ], [ 107.5553472071079, 11.795346834788745 ], [ 107.692780219931365, 11.918802361339942 ], [ 107.728878996068886, 11.91501020715549 ], [ 107.72870953681587, 11.877518973821623 ], [ 107.775498254640809, 11.850309146250254 ], [ 107.834257457016008, 11.877668940269416 ], [ 107.889169811137947, 11.872908675794918 ], [ 107.899556416895109, 11.807895301926635 ], [ 107.924794601389806, 11.799137032048407 ], [ 107.945774210011848, 11.821990397938578 ], [ 107.980266555057597, 11.792017719042633 ], [ 108.072326784953248, 11.840462310887006 ], [ 108.111882194407826, 11.898892072711078 ], [ 108.065274364420532, 11.948595615595252 ], [ 108.047101718869328, 11.949743638858024 ], [ 108.045500136921873, 11.975875754862273 ], [ 108.010383314338526, 12.02282426782574 ], [ 108.011847826116366, 12.048704517899239 ], [ 107.964482345184251, 12.06199350119914 ], [ 107.993360248776582, 12.121811273971218 ], [ 108.033085431347558, 12.141512114092961 ], [ 108.101877538817405, 12.141146172757772 ], [ 108.113048705933068, 12.183979438400399 ], [ 108.167267090104133, 12.194696708686195 ], [ 108.191142941993292, 12.173525343919664 ], [ 108.229697856570851, 12.180096145121126 ], [ 108.241176450632793, 12.160831801746383 ], [ 108.278654584441597, 12.21410455058458 ], [ 108.295939385094641, 12.204573825122054 ], [ 108.340100096842093, 12.228163522628563 ], [ 108.336237398037554, 12.248038090185787 ], [ 108.437345681857778, 12.250217550399668 ], [ 108.44471467724054, 12.276667657686289 ], [ 108.460174042098515, 12.275835176852013 ], [ 108.483313397795087, 12.309444582801348 ], [ 108.511044496706347, 12.276859367965585 ], [ 108.542000179564809, 12.297267768592633 ], [ 108.596711214151298, 12.276419284722351 ], [ 108.684026379913689, 12.31743767710725 ], [ 108.702611995047675, 12.307508661695408 ], [ 108.701589910146367, 12.244776509028782 ], [ 108.723857358730186, 12.217728705115746 ], [ 108.712104661201238, 12.190798971395452 ], [ 108.731950229219876, 12.161677213032931 ], [ 108.675485340376156, 12.118121002182647 ], [ 108.702968865820594, 12.092760222106676 ], [ 108.711587510555205, 12.056765454362278 ], [ 108.661442224279369, 11.961472876672076 ], [ 108.653670893796914, 11.845792150187549 ], [ 108.619484526889437, 11.806536778849306 ], [ 108.673190930617125, 11.783999553436672 ], [ 108.667114803305594, 11.74908481661106 ], [ 108.698925616424162, 11.70384143983074 ], [ 108.670868215595704, 11.664028458246889 ], [ 108.555487633347582, 11.632820758371395 ], [ 108.554456826821252, 11.598250915147787 ], [ 108.582602640899211, 11.55778797193733 ], [ 108.556388092136899, 11.51486141062577 ], [ 108.531486683064031, 11.50673372917845 ], [ 108.493537332382061, 11.529965698858007 ], [ 108.43073949503173, 11.514448926676721 ], [ 108.416004089816965, 11.527144346634316 ], [ 108.35296607232641, 11.505113683249931 ], [ 108.344124428100031, 11.528403761724405 ], [ 108.32012012784179, 11.531139769185188 ], [ 108.280807921148778, 11.515573259998121 ], [ 108.258090173922483, 11.474332476962218 ], [ 108.306490314076825, 11.413057205325799 ], [ 108.185247123356078, 11.305998765830566 ], [ 108.123078725103085, 11.281362992208415 ], [ 108.116212035257206, 11.293395032654701 ], [ 108.106397828197373, 11.268579769640837 ], [ 108.05787486403392, 11.242832923200865 ], [ 108.048646174081739, 11.216618732368602 ], [ 108.024270781171765, 11.327308377979364 ], [ 107.913817430630047, 11.362145775807051 ] ] ] } },
{ "type": "Feature", "properties": { "stable_id": "VN.ADM1.00024" }, "geometry": { "type": "Polygon", "coordinates": [ [ [ 106.560708013863803, 21.593578573592481 ], [ 106.507496272335175, 21.521612465442956 ], [ 106.521523894911923, 21.499879566688719 ], [ 106.494647321017112, 21.482548906906629 ], [ 106.483409774041831, 21.452065508416581 ], [ 106.464646414200729, 21.437139327318164 ], [ 106.417213315042602, 21.436779235173617 ], [ 106.404887844698294, 21.42629771137041 ], [ 106.414377135696441, 21.407504196361685 ], [ 106.37706397802026, 21.393746499901226 ], [ 106.326675828926398, 21.40836890530079 ], [ 106.328289031014037, 21.447080480879663 ], [ 106.283839593722462, 21.452123430152255 ], [ 106.28564752781125, 21.49080032697367 ], [ 106.245654753764029, 21.484376441719519 ], [ 106.167609385964454, 21.513507260751567 ], [ 106.169960997102464, 21.592656271170142 ], [ 106.19731053165583, 21.619462843635404 ], [ 106.191374417095744, 21.645666194039734 ], [ 106.237946189664967, 21.718711101935867 ], [ 106.10653882071, 21.790066386954322 ], [ 106.095452087343972, 21.820727292730396 ], [ 106.130010369782894, 21.914710218301934 ], [ 106.098613305060042, 21.937575823965233 ], [ 106.113801830090438, 21.967077422684952 ], [ 106.098836822561452, 22.06774802535125 ], [ 106.122635911917939, 22.085056118445095 ], [ 106.157096531579725, 22.081526987180894 ], [ 106.188712399557573, 22.138093199041975 ], [ 106.233478697683836, 22.177286858002219 ], [ 106.221716282080877, 22.204538181192277 ], [ 106.245066778808905, 22.267194666700675 ], [ 106.201714239220792, 22.308496892317692 ], [ 106.21994042680933, 22.350286341841297 ], [ 106.18479863994537, 22.387062685194849 ], [ 106.215344618659287, 22.450678884023262 ], [ 106.239300887925708, 22.461434927679932 ], [ 106.333384923375604, 22.406892065416571 ], [ 106.362004938277437, 22.357064711067721 ], [ 106.397861975749663, 22.372697829441449 ], [ 106.468018665928696, 22.361406312351562 ], [ 106.487759210219451, 22.370517063411796 ], [ 106.490813089352685, 22.401752367078188 ], [ 106.519689815732534, 22.39831020295361 ], [ 106.564779243867008, 22.424790118269527 ], [ 106.585183416781319, 22.3784469173915 ], [ 106.560174321088141, 22.349219718914924 ], [ 106.6512393917846, 22.340339596295507 ], [ 106.686461610415051, 22.28840385875111 ], [ 106.698872957021479, 22.212079135044235 ], [ 106.675723619749363, 22.177777832081404 ], [ 106.705897264747023, 22.159265499103583 ], [ 106.691466390661446, 22.133902145167895 ], [ 106.715080547929119, 22.085944999362255 ], [ 106.707809212625079, 22.029438333412486 ], [ 106.683072101596338, 21.995887910398835 ], [ 106.689652539033432, 21.96010678200247 ], [ 106.716591203921041, 21.969360521670865 ], [ 106.745380616921977, 22.0148066667943 ], [ 106.784083621961713, 22.004990756418408 ], [ 106.788574106010344, 21.986387321217876 ], [ 106.81776225412483, 21.974840360694145 ], [ 106.91606070783547, 21.975735321028424 ], [ 106.929838498747699, 21.929260982808159 ], [ 106.959861743824433, 21.916100107933801 ], [ 106.99214701407351, 21.951469958372002 ], [ 107.021347704133404, 21.94427260489698 ], [ 107.048286369020843, 21.930700452963663 ], [ 107.063503630088576, 21.896770073580171 ], [ 107.00654172012446, 21.848856265204518 ], [ 107.015384182733897, 21.832816449119946 ], [ 107.117586598842479, 21.793950742333038 ], [ 107.224633110629668, 21.708613269386888 ], [ 107.303863357707826, 21.74198160216929 ], [ 107.363961281887725, 21.640395309795849 ], [ 107.359229530418531, 21.594904445883571 ], [ 107.297352723849315, 21.593583545943943 ], [ 107.277010453969353, 21.56325712771428 ], [ 107.20435817029346, 21.542297067655682 ], [ 107.233874936079474, 21.51814993707012 ], [ 107.246387374577751, 21.482369095557317 ], [ 107.239378552278538, 21.457939806277125 ], [ 107.263556299383708, 21.400594195166093 ], [ 107.253786943312946, 21.367369996728144 ], [ 107.216144096872654, 21.388611755028535 ], [ 107.167329723588011, 21.363467259206686 ], [ 107.102011862657491, 21.376882859856266 ], [ 107.033747445888025, 21.325150433845579 ], [ 106.990959624786854, 21.356977244104655 ], [ 106.985392121649227, 21.40109555641493 ], [ 107.000364733845515, 21.418354632860087 ], [ 106.985719343572953, 21.439856601900772 ], [ 106.953213832952144, 21.423098322829446 ], [ 106.926585362224728, 21.440332103144101 ], [ 106.911247866296094, 21.430325561675431 ], [ 106.89112144180109, 21.451566170642423 ], [ 106.90176766204803, 21.470387150047088 ], [ 106.890213640946911, 21.489150567444824 ], [ 106.844809291815409, 21.497027357826369 ], [ 106.839784389238332, 21.512177866715263 ], [ 106.865140279700256, 21.533048688846065 ], [ 106.842754474039907, 21.559671874257674 ], [ 106.765026385259603, 21.573023001610352 ], [ 106.758301591345514, 21.544243783324021 ], [ 106.74171748487413, 21.542304169601721 ], [ 106.699930612807577, 21.571410295049191 ], [ 106.702059228950304, 21.593654026711988 ], [ 106.615440645669423, 21.607835536780669 ], [ 106.560708013863803, 21.593578573592481 ] ] ] } },
{ "type": "Feature", "properties": { "stable_id": "VN.ADM1.00025" }, "geometry": { "type": "Polygon", "coordinates": [ [ [ 106.128584134949904, 10.806096042898162 ], [ 106.196886025569711, 10.779494243364638 ], [ 106.165534151779809, 10.888604986131384 ], [ 106.142041894018291, 10.915173610573788 ], [ 106.157374702680499, 10.940958458766033 ], [ 106.147954011968181, 10.977495202941384 ], [ 106.16223667957928, 10.981360272358813 ], [ 106.176009755346058, 10.962702092727454 ], [ 106.238348896184675, 10.986136178741731 ], [ 106.272968836142979, 10.981042199238232 ], [ 106.286880494739137, 10.992778347442822 ], [ 106.273491310775455, 11.021408281866741 ], [ 106.325400815095691, 11.015704974804919 ], [ 106.373072463023902, 10.96968889422709 ], [ 106.412083286214681, 10.973607778176529 ], [ 106.533226745717855, 10.901299575115331 ], [ 106.514076293386381, 10.789741662847575 ], [ 106.463561848900383, 10.7565045816213 ], [ 106.509076766079943, 10.717172970256513 ], [ 106.529489498741441, 10.717584205946423 ], [ 106.557426424589835, 10.649517184970193 ], [ 106.604967617761361, 10.658182635820026 ], [ 106.636215496647935, 10.626171299066243 ], [ 106.685392895665643, 10.656569074903018 ], [ 106.720894040827375, 10.645994465872093 ], [ 106.723381695109254, 10.589631768791151 ], [ 106.74570179720024, 10.576276163713999 ], [ 106.746768151229332, 10.517822105805635 ], [ 106.682339235067843, 10.440114208603859 ], [ 106.66330956708299, 10.442062091592277 ], [ 106.645471542177972, 10.483653769405919 ], [ 106.629231524415388, 10.453541256723611 ], [ 106.586891706886775, 10.437586260197918 ], [ 106.58729240342177, 10.417867505581 ], [ 106.560995867065685, 10.413192367333977 ], [ 106.528174939022222, 10.43317893915679 ], [ 106.459327403636792, 10.396066803340432 ], [ 106.415393338132048, 10.42991044131395 ], [ 106.444500584134687, 10.447919215099773 ], [ 106.437006543417283, 10.468100815700211 ], [ 106.40846128106341, 10.491292029903263 ], [ 106.388886972855687, 10.476164059823645 ], [ 106.373488823950254, 10.486532725005361 ], [ 106.348158619025185, 10.544647817642783 ], [ 106.286366019576178, 10.587143620781603 ], [ 106.101385285402728, 10.575726202202645 ], [ 106.102567633989224, 10.522865811408167 ], [ 105.9103875129735, 10.538629234351845 ], [ 105.833869916163678, 10.638826343061396 ], [ 105.78060489070333, 10.658972923161912 ], [ 105.596155643268389, 10.830429635319547 ], [ 105.610841924814963, 10.834568261416109 ], [ 105.58267273465907, 10.891823166006361 ], [ 105.514164659171854, 10.923615783142054 ], [ 105.498644441687702, 10.953119435913266 ], [ 105.666619582327996, 10.987003930087326 ], [ 105.719637171918009, 11.021456838962138 ], [ 105.779771093261388, 11.032240732823595 ], [ 105.864354722992061, 10.895903722878643 ], [ 105.849788869660586, 10.861813428746871 ], [ 105.934622143996876, 10.837710696791305 ], [ 105.930078700671686, 10.864773816158731 ], [ 105.956154115320146, 10.883935295077833 ], [ 105.944597964624393, 10.918109890758956 ], [ 106.010082811672476, 10.848970535262026 ], [ 106.082796879672344, 10.805946607050259 ], [ 106.128584134949904, 10.806096042898162 ] ] ] } },
{ "type": "Feature", "properties": { "stable_id": "VN.ADM1.00026" }, "geometry": { "type": "MultiPolygon", "coordinates": [ [ [ [ 104.857715628373683, 8.417481228276188 ], [ 104.859926625113701, 8.409882400352672 ], [ 104.854660863408242, 8.409644001769266 ], [ 104.857715628373683, 8.417481228276188 ] ] ], [ [ [ 104.818941883561138, 8.426668263429747 ], [ 104.832362043773401, 8.443552917932948 ], [ 104.84418320668982, 8.454783973601536 ], [ 104.83894839155522, 8.426097192131806 ], [ 104.818941883561138, 8.426668263429747 ] ] ], [ [ [ 104.849188898848752, 8.453280067920844 ], [ 104.850335289841894, 8.452643847935349 ], [ 104.848953330431868, 8.452241153106911 ], [ 104.849188898848752, 8.453280067920844 ] ] ], [ [ [ 104.809914514043783, 8.746548050052525 ], [ 104.780483429366882, 8.816424135565512 ], [ 104.802041346131318, 8.926712153842914 ], [ 104.804529361041318, 9.177840619049505 ], [ 104.832476629992641, 9.531028518951132 ], [ 104.881270493338718, 9.494161524834567 ], [ 104.91655346387131, 9.56201587683131 ], [ 104.945868294086495, 9.532673682944278 ], [ 104.963046913584265, 9.55601216203172 ], [ 104.99399575799788, 9.539912770358228 ], [ 105.003363784411135, 9.558621651967826 ], [ 105.26230299288892, 9.399322750444696 ], [ 105.291771629657035, 9.43445297922176 ], [ 105.301419231912064, 9.506242885001257 ], [ 105.317119426220586, 9.505366388648042 ], [ 105.328978259938822, 9.528734468920675 ], [ 105.323907889437749, 9.55856135422323 ], [ 105.307809124591586, 9.556054565066177 ], [ 105.312672963086925, 9.572249218326931 ], [ 105.28842942787594, 9.597857240918984 ], [ 105.29469499377899, 9.637162247639765 ], [ 105.30866529896457, 9.607584798299911 ], [ 105.339171810031189, 9.609301758769334 ], [ 105.380705122743279, 9.585516561240468 ], [ 105.413534194147928, 9.600163631446605 ], [ 105.48773729034383, 9.583028773858871 ], [ 105.536994559051777, 9.594297825884098 ], [ 105.555718677874836, 9.560576510097974 ], [ 105.545122979741905, 9.450491940950428 ], [ 105.580403677687571, 9.410876499051255 ], [ 105.588477948398634, 9.424763672705296 ], [ 105.638598711961038, 9.409144876934647 ], [ 105.649781459646761, 9.387536745624459 ], [ 105.702709358050583, 9.377506873943162 ], [ 105.706303119093775, 9.39576041890831 ], [ 105.772843842169721, 9.410381398882578 ], [ 105.808273614435734, 9.372142548340037 ], [ 105.846177143760372, 9.399274898418014 ], [ 105.858779361578456, 9.359596136152845 ], [ 105.812162513189548, 9.339311404897444 ], [ 105.827756835709579, 9.243697651425578 ], [ 105.475910942835924, 9.079204021148655 ], [ 105.395961052860343, 8.991687445019693 ], [ 105.327670521577488, 8.829884097073545 ], [ 105.266899087922695, 8.767970521722361 ], [ 105.180191529315664, 8.737227884659262 ], [ 105.106510328588854, 8.635076275749611 ], [ 104.843567991269879, 8.562764455615195 ], [ 104.727569267207969, 8.590723122574218 ], [ 104.70942587660312, 8.610204959791247 ], [ 104.707938713600754, 8.645153292590521 ], [ 104.798217198565055, 8.660112854724616 ], [ 104.77917382671086, 8.693932244277619 ], [ 104.809914514043783, 8.746548050052525 ] ] ], [ [ [ 104.802194008746483, 9.178269258419505 ], [ 104.799436609112377, 9.181085574439749 ], [ 104.802810560559124, 9.178759641644206 ], [ 104.802194008746483, 9.178269258419505 ] ] ] ] } },
{ "type": "Feature", "properties": { "stable_id": "VN.ADM1.00027" }, "geometry": { "type": "MultiPolygon", "coordinates": [ [ [ [ 106.116921056661511, 18.281562786893232 ], [ 106.117977537933029, 18.279385580380392 ], [ 106.115293505890747, 18.281634170580617 ], [ 106.116921056661511, 18.281562786893232 ] ] ], [ [ [ 105.93182660141656, 18.088983422646834 ], [ 105.819732408124253, 18.060852188377908 ], [ 105.828578580437124, 18.031876047341768 ], [ 105.774137026802521, 18.019375518565425 ], [ 105.730888433554526, 18.034237248850047 ], [ 105.705367764810546, 17.992515961642482 ], [ 105.628914251891274, 17.992722642036313 ], [ 105.613363508719146, 18.012449595772296 ], [ 105.596715374115263, 18.00281120167574 ], [ 105.571159024769372, 18.079772319836763 ], [ 105.540929515684638, 18.081086645732171 ], [ 105.532313375562012, 18.116281389174787 ], [ 105.503024558236973, 18.125036574378441 ], [ 105.509085840439354, 18.159264991786074 ], [ 105.501954919883815, 18.18101429777181 ], [ 105.481631796570298, 18.174596470350991 ], [ 105.486979987436655, 18.197415414689715 ], [ 105.469865778283179, 18.189214856680337 ], [ 105.452751570029079, 18.204546335245254 ], [ 105.440272458607126, 18.179944660317972 ], [ 105.414601146226062, 18.176735746157817 ], [ 105.40782677178828, 18.146785881263554 ], [ 105.386077464903224, 18.165682820106042 ], [ 105.359336514168945, 18.164969727870641 ], [ 105.327247371668932, 18.185649397301916 ], [ 105.324038458408324, 18.265872250404129 ], [ 105.297297506774498, 18.233070016568092 ], [ 105.276617838242771, 18.255175869570792 ], [ 105.254155439122314, 18.253036592864589 ], [ 105.238823960557397, 18.300100666912385 ], [ 105.186411695643301, 18.318284514418849 ], [ 105.17815272037177, 18.385949360374866 ], [ 105.100515354300285, 18.440468044364934 ], [ 105.133675292580676, 18.579608258214591 ], [ 105.158416863347611, 18.607700248767571 ], [ 105.191405622871287, 18.605123002224786 ], [ 105.181096634901905, 18.658987460902722 ], [ 105.10565027723851, 18.703387240328937 ], [ 105.050217828090354, 18.707135342122513 ], [ 105.060081253247347, 18.724100432888633 ], [ 105.013723155099569, 18.730018488162727 ], [ 105.012539543864932, 18.742446403878489 ], [ 104.941522883274502, 18.741262792643852 ], [ 104.916181911665944, 18.785538130180555 ], [ 104.854751951241724, 18.776323636027087 ], [ 104.739263622118528, 18.802124219657173 ], [ 104.618246598301994, 18.893040564070816 ], [ 104.58077432087822, 18.902255058224512 ], [ 104.54514494318471, 18.971056614870861 ], [ 104.511358464321688, 18.981499708844638 ], [ 104.503986868998936, 18.998700098231041 ], [ 104.447471304257419, 18.98702840533673 ], [ 104.402575451595908, 19.054083972297462 ], [ 104.308679047100384, 19.090857088883581 ], [ 104.296624067646803, 19.114580888797093 ], [ 104.208145993942537, 19.116233401150566 ], [ 104.226669860725622, 19.151152693042377 ], [ 104.198390500920993, 19.164335552743637 ], [ 104.18860966860143, 19.201119982801004 ], [ 104.127160532832363, 19.204309385270051 ], [ 104.059545220635471, 19.246834739231986 ], [ 103.998521339188585, 19.230887731383689 ], [ 103.919438853420502, 19.301206060311586 ], [ 103.875771436002992, 19.305772587435115 ], [ 103.883477451423289, 19.325180327710086 ], [ 103.953106094770646, 19.357965383595626 ], [ 103.976090743692907, 19.398592304691192 ], [ 104.050138588125378, 19.425925402335452 ], [ 104.074241410013258, 19.416483058646293 ], [ 104.077455715608835, 19.480663611736361 ], [ 104.122539567946774, 19.49921828389671 ], [ 104.103526912437246, 19.523661628681396 ], [ 104.102164983627176, 19.564130350035612 ], [ 104.070245926308644, 19.576325792801129 ], [ 104.031681234301573, 19.619529846225589 ], [ 104.039038571772721, 19.700385008161675 ], [ 104.119412609904202, 19.660726765727702 ], [ 104.152461144666177, 19.666278920136108 ], [ 104.160392793692665, 19.695361630834782 ], [ 104.222489115780149, 19.705726929854052 ], [ 104.305059837941144, 19.697329906849859 ], [ 104.319605725423969, 19.667834519747316 ], [ 104.409462113585732, 19.705415965874181 ], [ 104.422742774559538, 19.67122532718713 ], [ 104.462019625305572, 19.650032781587697 ], [ 104.487168111419408, 19.657662098327307 ], [ 104.523901854786857, 19.611886202386472 ], [ 104.606128928007763, 19.631100776379867 ], [ 104.638624162974793, 19.620928354060482 ], [ 104.667728591401385, 19.678572076040496 ], [ 104.662642380241778, 19.703155427281217 ], [ 104.725089744596175, 19.755147804127887 ], [ 104.753063904175917, 19.750626726942016 ], [ 104.762953757709909, 19.774362377221962 ], [ 104.83642124624356, 19.798380595388267 ], [ 104.844615696057701, 19.845569327162821 ], [ 104.766467596902146, 19.877503484098554 ], [ 104.798839800116696, 19.924405592943799 ], [ 104.891822005081622, 19.976794104064822 ], [ 104.881892942905097, 19.990446563658054 ], [ 104.95678284505226, 19.990005852688114 ], [ 105.048875847142824, 19.930726596655177 ], [ 105.098063309574115, 19.937642298653259 ], [ 105.167067711006098, 19.916361703130178 ], [ 105.189706218067613, 19.864839266119361 ], [ 105.152703947029636, 19.855634984666949 ], [ 105.133091659552576, 19.826965207578382 ], [ 105.136581466161772, 19.743679867032313 ], [ 105.163066478835049, 19.724905396966619 ], [ 105.168146195990232, 19.684126038985539 ], [ 105.235659275055639, 19.645430575660555 ], [ 105.249177475759893, 19.657278158860038 ], [ 105.282799876912918, 19.606222871988052 ], [ 105.27212837942119, 19.523921164929845 ], [ 105.294172738581153, 19.475627220320121 ], [ 105.352762674158271, 19.537580150903239 ], [ 105.394813455876488, 19.45188799523487 ], [ 105.418180090039186, 19.458657506139048 ], [ 105.445150740214615, 19.440085716282852 ], [ 105.525128822137503, 19.461092913407413 ], [ 105.589372863766755, 19.372156498423806 ], [ 105.628155562229608, 19.379613984397963 ], [ 105.665219940448083, 19.339810681317942 ], [ 105.665346521824574, 19.313355675424134 ], [ 105.691436831944429, 19.300323980067674 ], [ 105.738021373087918, 19.318390922902836 ], [ 105.769578571094314, 19.290608352193715 ], [ 105.801398747953954, 19.300128809197304 ], [ 105.806700940296196, 19.273490375780341 ], [ 105.783934257360158, 19.274613480627693 ], [ 105.771199382345742, 19.23307761024364 ], [ 105.736458946723133, 19.215044584440193 ], [ 105.73838185643757, 19.104586715704443 ], [ 105.692176292302236, 19.082122699602962 ], [ 105.673759264078853, 19.097533676438047 ], [ 105.652133146327742, 19.083254286856004 ], [ 105.616119201440085, 18.980292872618122 ], [ 105.637096529381495, 18.897164023101254 ], [ 105.718647598408097, 18.849496129842692 ], [ 105.727137515084451, 18.804203089800751 ], [ 105.777191855619776, 18.760537601429178 ], [ 105.813699132608974, 18.626749391571138 ], [ 105.882049151347303, 18.507776342404441 ], [ 105.921952664084245, 18.452037753239779 ], [ 105.942725774874702, 18.471500852182601 ], [ 105.998532464301832, 18.377320595569074 ], [ 106.100101471705614, 18.275734965995923 ], [ 106.160779407343909, 18.267738173677799 ], [ 106.252338686980863, 18.215380513799744 ], [ 106.363490878201617, 18.108460997976692 ], [ 106.401533699920378, 18.098976466191004 ], [ 106.415720641894097, 18.124235139040479 ], [ 106.43513704264052, 18.122283980721306 ], [ 106.420800790723888, 18.091565138820158 ], [ 106.438220825131054, 18.051723443682079 ], [ 106.510617881210351, 17.959989700064625 ], [ 106.450348189217664, 17.949511880568878 ], [ 106.435698261865411, 17.972682082112442 ], [ 106.338716385952637, 17.990517897383143 ], [ 106.287303424313677, 17.942013380113451 ], [ 106.284213105550464, 17.908389924955202 ], [ 106.230354037408915, 17.92931308223308 ], [ 106.145939970353425, 17.918329007377906 ], [ 106.04738255056435, 17.946424420750589 ], [ 106.071248550380403, 17.99524583932407 ], [ 106.045523408178838, 18.027379404735768 ], [ 106.022879971034001, 18.024010058717238 ], [ 105.985996002213824, 18.064200213269373 ], [ 105.954633239432553, 18.057794737137442 ], [ 105.93182660141656, 18.088983422646834 ] ] ], [ [ [ 105.846169694675837, 18.74700852522335 ], [ 105.847549003783627, 18.746463259971563 ], [ 105.845978589640197, 18.746470336736706 ], [ 105.846169694675837, 18.74700852522335 ] ] ], [ [ [ 105.834700555186487, 18.759477315126162 ], [ 105.833383849685049, 18.760022315077833 ], [ 105.835143816633945, 18.760194190809443 ], [ 105.834700555186487, 18.759477315126162 ] ] ], [ [ [ 105.958798687809349, 18.794062140155745 ], [ 105.953172518297208, 18.804788721122691 ], [ 105.965787766392395, 18.791333681604215 ], [ 105.958798687809349, 18.794062140155745 ] ] ], [ [ [ 105.778528267965385, 18.806574575056572 ], [ 105.773274417780272, 18.796024045373429 ], [ 105.769733779690341, 18.800264243600111 ], [ 105.778528267965385, 18.806574575056572 ] ] ], [ [ [ 106.464241503442622, 18.101753993551995 ], [ 106.454491150945842, 18.102641295259616 ], [ 106.463613325194899, 18.107407594185304 ], [ 106.464241503442622, 18.101753993551995 ] ] ], [ [ [ 106.487743915449414, 18.11673984017159 ], [ 106.489295324219938, 18.117748731119093 ], [ 106.490037714568928, 18.117244285195682 ], [ 106.487743915449414, 18.11673984017159 ] ] ], [ [ [ 106.1238369610071, 18.27935940561224 ], [ 106.123545477242146, 18.279591403720417 ], [ 106.123938087972533, 18.279496224870911 ], [ 106.1238369610071, 18.27935940561224 ] ] ], [ [ [ 106.121311162879977, 18.281948259704393 ], [ 106.120809096562596, 18.280632417551999 ], [ 106.120226129032687, 18.280394472227215 ], [ 106.121311162879977, 18.281948259704393 ] ] ], [ [ [ 106.170257341703064, 18.30874842090293 ], [ 106.169238933230304, 18.308643725427714 ], [ 106.169077129006439, 18.309176723926726 ], [ 106.170257341703064, 18.30874842090293 ] ] ], [ [ [ 106.164085746859882, 18.309846298867683 ], [ 106.165718334733469, 18.309918103437781 ], [ 106.165057690959827, 18.308985294235981 ], [ 106.164085746859882, 18.309846298867683 ] ] ] ] } },
{ "type": "Feature", "properties": { "stable_id": "VN.ADM1.00028" }, "geometry": { "type": "MultiPolygon", "coordinates": [ [ [ [ 109.239573338738694, 13.668798485361833 ], [ 109.239375072401856, 13.667775867162618 ], [ 109.239101433884116, 13.668989391647074 ], [ 109.239573338738694, 13.668798485361833 ] ] ], [ [ [ 109.252080600739191, 13.678537177249041 ], [ 109.252425622944315, 13.684795160068632 ], [ 109.25573307312294, 13.678608560936425 ], [ 109.252080600739191, 13.678537177249041 ] ] ], [ [ [ 109.240775214304676, 13.685659854618734 ], [ 109.237891488701337, 13.681553939562775 ], [ 109.237866937209446, 13.684703107262749 ], [ 109.240775214304676, 13.685659854618734 ] ] ], [ [ [ 109.296760036946125, 13.769676481584497 ], [ 109.295600050002292, 13.76911730921654 ], [ 109.295841784171159, 13.770706958059691 ], [ 109.296760036946125, 13.769676481584497 ] ] ], [ [ [ 109.126314855246505, 13.620351019284158 ], [ 109.083170937688635, 13.568120306806804 ], [ 109.053001193950024, 13.569284195009686 ], [ 109.025826199819335, 13.529291863428909 ], [ 108.983427203302938, 13.516735308687657 ], [ 108.921155214841349, 13.540945847772662 ], [ 108.868336245021794, 13.535099809308861 ], [ 108.856078819182301, 13.55469627861055 ], [ 108.814114181724165, 13.694643467622086 ], [ 108.832549306105705, 13.706550676772338 ], [ 108.827682807415613, 13.791990295615676 ], [ 108.796197399590312, 13.814040702716284 ], [ 108.796566501143218, 13.844045293155887 ], [ 108.743956011261105, 13.909274304665587 ], [ 108.764085344163504, 13.993519593254689 ], [ 108.757480407394951, 14.036855621289931 ], [ 108.722502020152149, 14.06522738283752 ], [ 108.666201227005104, 14.16522094798853 ], [ 108.680110244292393, 14.201982090101467 ], [ 108.601251513446755, 14.459236551825541 ], [ 108.640407087916799, 14.45402313515973 ], [ 108.627965266883621, 14.544458546424949 ], [ 108.604104191755084, 14.537292774442051 ], [ 108.59626571968721, 14.563043550919247 ], [ 108.548261835215669, 14.586498304253439 ], [ 108.526118025426626, 14.623803136905394 ], [ 108.481869067703485, 14.626161849989444 ], [ 108.512624887028949, 14.684103966125292 ], [ 108.496522700262574, 14.701101773328276 ], [ 108.527458751820006, 14.754003332388038 ], [ 108.493871357677108, 14.800618526923586 ], [ 108.457194753635122, 14.790260677888057 ], [ 108.392525487361524, 14.829082534631368 ], [ 108.239450535613912, 15.030865561596443 ], [ 108.235603295255942, 15.078162111292556 ], [ 108.257071122434468, 15.090358197073158 ], [ 108.258079374863371, 15.116050955587298 ], [ 108.304165776129821, 15.170863615363658 ], [ 108.291769386148303, 15.202544312769874 ], [ 108.308464107432656, 15.222015200740998 ], [ 108.281503783272967, 15.243101004907487 ], [ 108.319387059864937, 15.300696811009175 ], [ 108.390954354659868, 15.29962022899042 ], [ 108.430959095086337, 15.325478603055217 ], [ 108.484712954239512, 15.307537424112866 ], [ 108.504565263576239, 15.326300533043252 ], [ 108.525672205408057, 15.320099757897651 ], [ 108.641180289039141, 15.367037600404956 ], [ 108.717793786853974, 15.372451808704113 ], [ 108.739043139929151, 15.399120712051285 ], [ 108.795174862330157, 15.391873459692533 ], [ 108.8079122914192, 15.405171536037699 ], [ 108.795565267922768, 15.415420469978869 ], [ 108.798884616132227, 15.425728295124827 ], [ 108.828094880374465, 15.417062298386497 ], [ 108.827369936873197, 15.378963955222503 ], [ 108.845239688960646, 15.353564398178548 ], [ 108.871451832036485, 15.351651310859438 ], [ 108.865536491815817, 15.334720852085809 ], [ 108.884117702969718, 15.324991235257357 ], [ 108.869721963597726, 15.300018792333503 ], [ 108.889902172047641, 15.268326750878884 ], [ 108.941992619064251, 15.242904390625313 ], [ 108.935286156031339, 15.216152301787474 ], [ 108.895757755915724, 15.189818311366082 ], [ 108.914605119630608, 15.035336117567738 ], [ 109.002267509138392, 14.821577270374917 ], [ 109.077852159149984, 14.702334269910807 ], [ 109.083182151335393, 14.668070031606703 ], [ 109.065504184170948, 14.653492025736512 ], [ 109.082503313377288, 14.577770912597714 ], [ 109.06877594295554, 14.557327537336107 ], [ 109.12466511910003, 14.445258492685355 ], [ 109.123091360378112, 14.371649966173095 ], [ 109.186013573068124, 14.28176588608676 ], [ 109.198061617849532, 14.234249790295621 ], [ 109.182227334623917, 14.224244200309727 ], [ 109.185406055844908, 14.199097689107134 ], [ 109.227452519917904, 14.137911151778269 ], [ 109.204999251614254, 14.112696496246429 ], [ 109.253687782765041, 14.017799625652287 ], [ 109.259503185823519, 13.963395628605554 ], [ 109.244265118040801, 13.939153679798608 ], [ 109.29810883115772, 13.877129856557644 ], [ 109.289221543639371, 13.754647993610092 ], [ 109.244404747681131, 13.771374844073932 ], [ 109.222518066655539, 13.760419278626898 ], [ 109.217956067618502, 13.714444097417243 ], [ 109.233706818215126, 13.670497873078432 ], [ 109.19946673120478, 13.69514814377186 ], [ 109.161672801358804, 13.677363043969365 ], [ 109.152572888028374, 13.634207115965751 ], [ 109.120589164958005, 13.642445930235681 ], [ 109.126314855246505, 13.620351019284158 ] ] ], [ [ [ 109.293743122647129, 14.13854204957596 ], [ 109.295551512692327, 14.137571229628634 ], [ 109.292981695449043, 14.136686071005442 ], [ 109.293743122647129, 14.13854204957596 ] ] ], [ [ [ 109.202307860419523, 14.232131217781557 ], [ 109.199290704202724, 14.232797467029513 ], [ 109.200451880949686, 14.233492269752617 ], [ 109.202307860419523, 14.232131217781557 ] ] ], [ [ [ 109.210331005571504, 14.245291421761806 ], [ 109.209432760013897, 14.247260426227797 ], [ 109.210823403277573, 14.245521196745926 ], [ 109.210331005571504, 14.245291421761806 ] ] ], [ [ [ 109.209996334563243, 14.250414442172939 ], [ 109.206938143180821, 14.251782393742531 ], [ 109.210316244099431, 14.25232765269908 ], [ 109.209996334563243, 14.250414442172939 ] ] ], [ [ [ 108.953925865386566, 15.192931441432904 ], [ 108.952355420666322, 15.194204451574308 ], [ 108.954223298166823, 15.193419230113477 ], [ 108.953925865386566, 15.192931441432904 ] ] ], [ [ [ 109.099045825304643, 15.389611084683963 ], [ 109.141616165153948, 15.388606648078394 ], [ 109.147361969679309, 15.379724424642518 ], [ 109.097083958757764, 15.37479894031884 ], [ 109.099045825304643, 15.389611084683963 ] ] ], [ [ [ 109.0787650537643, 15.432121435256079 ], [ 109.084054596242822, 15.426789062565263 ], [ 109.077208885781545, 15.427560008187811 ], [ 109.0787650537643, 15.432121435256079 ] ] ], [ [ [ 109.369703866440261, 13.594728335044749 ], [ 109.369627722641269, 13.592948497575151 ], [ 109.369104241667515, 13.594366657395312 ], [ 109.369703866440261, 13.594728335044749 ] ] ], [ [ [ 109.363480979663564, 13.602707996177173 ], [ 109.363994944011608, 13.602793656602046 ], [ 109.363944974980768, 13.602422461427523 ], [ 109.363480979663564, 13.602707996177173 ] ] ], [ [ [ 109.337880729012454, 13.634167445071625 ], [ 109.362918237886447, 13.611870603945306 ], [ 109.361561945127846, 13.604546623228089 ], [ 109.337880729012454, 13.634167445071625 ] ] ], [ [ [ 109.29613661881001, 13.767101906028188 ], [ 109.300932421793902, 13.763826577834323 ], [ 109.300063918615024, 13.761345990425241 ], [ 109.29613661881001, 13.767101906028188 ] ] ], [ [ [ 109.302898872185381, 13.882421705797185 ], [ 109.304790543948627, 13.877638988848275 ], [ 109.302672823991713, 13.877180943445808 ], [ 109.302898872185381, 13.882421705797185 ] ] ], [ [ [ 109.304076706175181, 13.883777998555843 ], [ 109.305992172201172, 13.882820266442309 ], [ 109.305575766308664, 13.881981505642102 ], [ 109.304076706175181, 13.883777998555843 ] ] ], [ [ [ 109.34895403370183, 13.896553028299763 ], [ 109.349118216632576, 13.89673862498762 ], [ 109.349139632188269, 13.896503059268866 ], [ 109.34895403370183, 13.896553028299763 ] ] ], [ [ [ 109.348457917299129, 13.895967680264278 ], [ 109.347537064584003, 13.898169870842992 ], [ 109.34766555612066, 13.898569621291017 ], [ 109.348457917299129, 13.895967680264278 ] ] ], [ [ [ 109.350931365889949, 13.898362608148034 ], [ 109.35026392683892, 13.89912641495215 ], [ 109.351099118229797, 13.898826602565691 ], [ 109.350931365889949, 13.898362608148034 ] ] ], [ [ [ 109.352867653019871, 13.898929812361018 ], [ 109.351806413435327, 13.899294464068248 ], [ 109.351898021976183, 13.900461589830513 ], [ 109.352867653019871, 13.898929812361018 ] ] ], [ [ [ 109.317594423943603, 13.904193773623831 ], [ 109.318647334906643, 13.900853010757828 ], [ 109.317162550611329, 13.900060649579416 ], [ 109.317594423943603, 13.904193773623831 ] ] ], [ [ [ 109.298007116934912, 14.138760960749721 ], [ 109.299510936280797, 14.137618819952706 ], [ 109.29790242056032, 14.137894837177043 ], [ 109.298007116934912, 14.138760960749721 ] ] ] ] } },
{ "type": "Feature", "properties": { "stable_id": "VN.ADM1.00029" }, "geometry": { "type": "MultiPolygon", "coordinates": [ [ [ [ 109.22447016656497, 11.768928102150198 ], [ 109.222360738357395, 11.770668168901011 ], [ 109.226014555227607, 11.770152044381518 ], [ 109.22447016656497, 11.768928102150198 ] ] ], [ [ [ 109.211689094276267, 11.783768215430825 ], [ 109.222179923364934, 11.782873050950514 ], [ 109.221468858201376, 11.772053420728923 ], [ 109.211689094276267, 11.783768215430825 ] ] ], [ [ [ 109.208417059399835, 11.791109437050977 ], [ 109.207899525642631, 11.789646069210903 ], [ 109.207334829638739, 11.790721141267682 ], [ 109.208417059399835, 11.791109437050977 ] ] ], [ [ [ 109.202094677027844, 11.817874257590915 ], [ 109.202994571042666, 11.81536727238182 ], [ 109.200542582973867, 11.816895859056672 ], [ 109.202094677027844, 11.817874257590915 ] ] ], [ [ [ 109.226708517983866, 11.847561514152574 ], [ 109.239029366711975, 11.838400589016089 ], [ 109.24799517583682, 11.850573912056518 ], [ 109.252303784592073, 11.836528547654495 ], [ 109.235174640397474, 11.828203409260027 ], [ 109.226708517983866, 11.847561514152574 ] ] ], [ [ [ 109.271439830683789, 11.859669130925795 ], [ 109.270803324713711, 11.861542955643017 ], [ 109.272159618371745, 11.861400189167398 ], [ 109.271439830683789, 11.859669130925795 ] ] ], [ [ [ 109.241675486034922, 11.866309896684413 ], [ 109.242579680607832, 11.864368256789646 ], [ 109.240961648261475, 11.864910773713291 ], [ 109.241675486034922, 11.866309896684413 ] ] ], [ [ [ 109.238246722708141, 11.868653949020654 ], [ 109.238823742122065, 11.868796716395423 ], [ 109.238710718025345, 11.868410053780963 ], [ 109.238246722708141, 11.868653949020654 ] ] ], [ [ [ 109.301973809743629, 12.171786384234281 ], [ 109.316734895099444, 12.163644477310811 ], [ 109.296995325673834, 12.167479100180401 ], [ 109.301973809743629, 12.171786384234281 ] ] ], [ [ [ 109.24425855568785, 12.180158074235919 ], [ 109.251334496190168, 12.169770139280672 ], [ 109.23435318255332, 12.177556688090704 ], [ 109.24425855568785, 12.180158074235919 ] ] ], [ [ [ 109.277062166385861, 12.180719440949588 ], [ 109.270960236625626, 12.175302742427675 ], [ 109.27209595536425, 12.181666089818179 ], [ 109.277062166385861, 12.180719440949588 ] ] ], [ [ [ 109.218571258756697, 12.189153782221354 ], [ 109.234045567648934, 12.194315950121108 ], [ 109.22531827581787, 12.18283210581717 ], [ 109.218571258756697, 12.189153782221354 ] ] ], [ [ [ 109.264616259732691, 12.235786191579564 ], [ 109.296355008377077, 12.230310100930524 ], [ 109.306674425784195, 12.213421958856372 ], [ 109.328667079322372, 12.221398357248461 ], [ 109.335457673932694, 12.193908067103791 ], [ 109.299184071387913, 12.192636648762516 ], [ 109.302374284146083, 12.207575949170803 ], [ 109.284289871980093, 12.181010825789031 ], [ 109.230391277735407, 12.226481899220403 ], [ 109.244685193167129, 12.231372753349888 ], [ 109.258246519061743, 12.212090362380479 ], [ 109.264616259732691, 12.235786191579564 ] ] ], [ [ [ 109.217606081155793, 12.266069381196985 ], [ 109.217299129951073, 12.266055103560348 ], [ 109.217399068012583, 12.266158610131811 ], [ 109.217606081155793, 12.266069381196985 ] ] ], [ [ [ 109.209261005690962, 12.266750114026593 ], [ 109.207590070725303, 12.266554969236495 ], [ 109.207785216414777, 12.267091618983159 ], [ 109.209261005690962, 12.266750114026593 ] ] ], [ [ [ 109.244837823406954, 12.290301699164161 ], [ 109.243199564408485, 12.28728216334116 ], [ 109.241704072784785, 12.288916852930583 ], [ 109.244837823406954, 12.290301699164161 ] ] ], [ [ [ 109.250300274038523, 11.97803544078306 ], [ 109.284031224261696, 11.954625499767133 ], [ 109.258352080584132, 11.924739468751511 ], [ 109.280975996145344, 11.880043673876514 ], [ 109.271807100317517, 11.862374153144799 ], [ 109.248493914662504, 11.852314186550643 ], [ 109.239042695564137, 11.876242047132791 ], [ 109.20593487569414, 11.880829648069778 ], [ 109.177601511600642, 11.84441451471821 ], [ 109.195006317787488, 11.811868628134789 ], [ 109.135023413300019, 11.804579210162444 ], [ 109.078444112705654, 11.833265104900761 ], [ 109.035909333848736, 11.909780620679271 ], [ 108.975429714010261, 11.916811781238835 ], [ 108.917587732887625, 11.95148060204815 ], [ 108.855618008364502, 11.964182628425533 ], [ 108.856791306173818, 12.015616472322392 ], [ 108.806098946109557, 12.052166746798036 ], [ 108.786217144405725, 12.123722357600855 ], [ 108.793298637322437, 12.159076854813179 ], [ 108.73772739130618, 12.157081445352389 ], [ 108.7121830730905, 12.190415656057723 ], [ 108.723857358730186, 12.217728705115746 ], [ 108.701589910146367, 12.244776509028782 ], [ 108.708047037041183, 12.298043558863242 ], [ 108.681721984981721, 12.315700936049438 ], [ 108.69159706175509, 12.372863080966454 ], [ 108.67101260894492, 12.424440283991942 ], [ 108.702478738003549, 12.473847931037199 ], [ 108.748375679993785, 12.479546697422222 ], [ 108.752960359033409, 12.496873151075192 ], [ 108.777484537581415, 12.504051261756331 ], [ 108.871843852811594, 12.452147981644089 ], [ 108.880094655044331, 12.478860152274194 ], [ 108.861295310630169, 12.493994493151433 ], [ 108.896008667665967, 12.565993013766615 ], [ 108.86505915595535, 12.594917389825866 ], [ 108.8678138549256, 12.614314670985266 ], [ 108.914175166350901, 12.643012407996366 ], [ 108.903789594814043, 12.675040008989356 ], [ 108.946392811179464, 12.691851297699316 ], [ 108.981260579112472, 12.681797209973354 ], [ 108.99482194727517, 12.706478175427492 ], [ 108.971019811914857, 12.815743464889181 ], [ 108.869106193296318, 12.815825634145824 ], [ 108.84509231705681, 12.856627527338617 ], [ 108.814781967913518, 12.874896796050336 ], [ 108.791007179138148, 12.870410834692393 ], [ 108.753322504330242, 12.94159664696781 ], [ 108.732698974178334, 12.952264742324076 ], [ 108.704871422078554, 12.941902034251598 ], [ 108.705670795271089, 12.964291914740102 ], [ 108.67407177699107, 12.98927341833371 ], [ 108.694337423733316, 13.01657281118645 ], [ 108.756401317167104, 13.032636075294818 ], [ 108.759100445229478, 13.130319744360804 ], [ 108.842022024397068, 13.166315406031345 ], [ 108.873318285010839, 13.279684008810023 ], [ 108.809033877311606, 13.358137791126126 ], [ 108.79480502513195, 13.47272093462351 ], [ 108.713773426102819, 13.464368472127262 ], [ 108.714043236206464, 13.516394989037508 ], [ 108.748143993950293, 13.56228764665758 ], [ 108.790962894721815, 13.578118488177779 ], [ 108.850328644851118, 13.568570047869457 ], [ 108.868336245021794, 13.535099809308861 ], [ 108.921155214841349, 13.540945847772662 ], [ 108.961385873959046, 13.517059063724844 ], [ 109.019325987304569, 13.526425575679866 ], [ 109.053001193950024, 13.569284195009686 ], [ 109.116397110138678, 13.584823485315724 ], [ 109.12151018134989, 13.643944187274428 ], [ 109.152572888028374, 13.634207115965751 ], [ 109.156213592783104, 13.673105978058572 ], [ 109.19946673120478, 13.69514814377186 ], [ 109.232795507306946, 13.670054018977908 ], [ 109.225653624015592, 13.64179915220916 ], [ 109.24756846011644, 13.602133288920243 ], [ 109.298542462664614, 13.567823840797701 ], [ 109.27617077096437, 13.545266550610847 ], [ 109.302188748611911, 13.519055799685418 ], [ 109.288013347638014, 13.502309153344868 ], [ 109.295722802065768, 13.477253428702738 ], [ 109.330177397169336, 13.469044287563975 ], [ 109.29584653439025, 13.404691765212874 ], [ 109.258567362094254, 13.426324491182356 ], [ 109.292270048423973, 13.456686412847716 ], [ 109.241807548779491, 13.492048693692254 ], [ 109.222353076133686, 13.445194727354931 ], [ 109.238314501013406, 13.427872251403357 ], [ 109.219233603148325, 13.417657224601328 ], [ 109.231775741757247, 13.411675259905451 ], [ 109.218894133357708, 13.393056770953251 ], [ 109.238429508115416, 13.394627214774118 ], [ 109.255942340866511, 13.359929915133591 ], [ 109.296790484393341, 13.356493053411782 ], [ 109.299381718091922, 13.334899444353937 ], [ 109.28293270777823, 13.32007387401012 ], [ 109.317328410777634, 13.255174551264531 ], [ 109.293264921638922, 13.217119830615729 ], [ 109.307741563122704, 13.187995227697741 ], [ 109.294949580259015, 13.140751030235833 ], [ 109.458960156785849, 12.895172153671979 ], [ 109.451815824640789, 12.859051935898208 ], [ 109.420603245043765, 12.84789226391689 ], [ 109.437955465172593, 12.879973346692566 ], [ 109.419699049571648, 12.87741542568142 ], [ 109.357437209959471, 12.820568648724247 ], [ 109.397488297846735, 12.709999854909427 ], [ 109.417361555991079, 12.704079756375677 ], [ 109.426308329166204, 12.668692412325072 ], [ 109.459915836646587, 12.658993728577741 ], [ 109.434912459742407, 12.640643325728945 ], [ 109.440137757351749, 12.567841337307925 ], [ 109.397428811290808, 12.607200002078457 ], [ 109.390005161409135, 12.629554320675368 ], [ 109.412234135197366, 12.649059070819646 ], [ 109.396352056602154, 12.684308144105614 ], [ 109.393218306879533, 12.668824992179736 ], [ 109.368084060630963, 12.672465567432027 ], [ 109.364165087648757, 12.641984670856004 ], [ 109.35319339376025, 12.661201199076061 ], [ 109.338245619939528, 12.651500135722756 ], [ 109.328708740416118, 12.662928687009412 ], [ 109.379662042369489, 12.711495866341295 ], [ 109.350412318573717, 12.799115104578448 ], [ 109.256132125697206, 12.70316135701114 ], [ 109.227483415227482, 12.693262799838465 ], [ 109.214990579252003, 12.649674947241124 ], [ 109.190605862170912, 12.631367373705416 ], [ 109.203907049271095, 12.616376769672286 ], [ 109.194570044072407, 12.572033134921298 ], [ 109.211340484675702, 12.568939834905507 ], [ 109.231751104829755, 12.593338748684289 ], [ 109.243362874996819, 12.586266990928948 ], [ 109.230142590008654, 12.545778083392008 ], [ 109.239098880708866, 12.508877400671508 ], [ 109.295040667193064, 12.479605510385966 ], [ 109.28964895723368, 12.427679712149143 ], [ 109.341910422927754, 12.399986091584879 ], [ 109.327925141332344, 12.372955415260265 ], [ 109.30851647205759, 12.388571222583948 ], [ 109.290734760001214, 12.346307711631653 ], [ 109.177010800907851, 12.456372060422439 ], [ 109.151506944989649, 12.42821312163835 ], [ 109.163005690160617, 12.404936044662918 ], [ 109.198345533819349, 12.398539923278918 ], [ 109.201964694415096, 12.336307499591555 ], [ 109.243024673250204, 12.305433994083671 ], [ 109.202947410594675, 12.281237255095391 ], [ 109.197832640564002, 12.238178469161085 ], [ 109.217615479970448, 12.209638023576076 ], [ 109.20089761463322, 12.16373634035989 ], [ 109.223797548318373, 12.141521691872583 ], [ 109.196443264445179, 12.116794333092116 ], [ 109.194987033624784, 12.092780812984302 ], [ 109.250300274038523, 11.97803544078306 ] ] ], [ [ [ 109.317267401669312, 12.337738964881453 ], [ 109.316458385046531, 12.337462947656945 ], [ 109.316867652120436, 12.337843661256045 ], [ 109.317267401669312, 12.337738964881453 ] ] ], [ [ [ 109.215474184286222, 12.357761996119336 ], [ 109.214767484432059, 12.362601820018142 ], [ 109.218586519352527, 12.360852915629721 ], [ 109.215474184286222, 12.357761996119336 ] ] ], [ [ [ 109.217342221866147, 12.385067023224622 ], [ 109.218684237887317, 12.386228199971583 ], [ 109.218846042111181, 12.382782739831612 ], [ 109.217342221866147, 12.385067023224622 ] ] ], [ [ [ 109.229835582146507, 12.399465974075497 ], [ 109.235088241629171, 12.380870486184108 ], [ 109.221148169852256, 12.388052293978262 ], [ 109.229835582146507, 12.399465974075497 ] ] ], [ [ [ 109.224810756011777, 12.398283977123981 ], [ 109.221777565782133, 12.400885260746236 ], [ 109.224638245358904, 12.402227933272627 ], [ 109.224810756011777, 12.398283977123981 ] ] ], [ [ [ 109.202573719801308, 12.400410185781482 ], [ 109.203844372819674, 12.402083322287581 ], [ 109.204590334376576, 12.400584261254778 ], [ 109.202573719801308, 12.400410185781482 ] ] ], [ [ [ 109.216405309957224, 12.401885389599215 ], [ 109.218552773192016, 12.403658088250211 ], [ 109.21955809473036, 12.400195972666097 ], [ 109.216405309957224, 12.401885389599215 ] ] ], [ [ [ 109.173890228950881, 12.411722883704215 ], [ 109.174104380013318, 12.411085187931064 ], [ 109.173452408401999, 12.411108983093186 ], [ 109.173890228950881, 12.411722883704215 ] ] ], [ [ [ 109.30512051060316, 12.475466073100961 ], [ 109.304782628115845, 12.476275088824309 ], [ 109.307480936895786, 12.476508276735615 ], [ 109.30512051060316, 12.475466073100961 ] ] ], [ [ [ 109.309462905089106, 12.494415692430266 ], [ 109.302795655195439, 12.48645639464695 ], [ 109.291517010101984, 12.485763970630842 ], [ 109.294243872356901, 12.494458521743525 ], [ 109.309462905089106, 12.494415692430266 ] ] ], [ [ [ 109.304810956760321, 12.599682729174731 ], [ 109.304154225936827, 12.597284231881872 ], [ 109.303804445418848, 12.600332322078998 ], [ 109.304810956760321, 12.599682729174731 ] ] ], [ [ [ 109.296984909725893, 12.634238472827406 ], [ 109.301967500999524, 12.637279425105476 ], [ 109.303816341650929, 12.635216431593108 ], [ 109.296984909725893, 12.634238472827406 ] ] ], [ [ [ 109.30851934719027, 12.638489380180829 ], [ 109.306513462426551, 12.63596239315001 ], [ 109.305728239166967, 12.63768988198251 ], [ 109.30851934719027, 12.638489380180829 ] ] ], [ [ [ 109.295114654417944, 12.638666650045934 ], [ 109.295093237962703, 12.636653625564406 ], [ 109.292573388850883, 12.637167589912451 ], [ 109.295114654417944, 12.638666650045934 ] ] ], [ [ [ 109.217315897810522, 12.641122351415447 ], [ 109.219350336948537, 12.643721912836156 ], [ 109.220367557416921, 12.640664305113773 ], [ 109.217315897810522, 12.641122351415447 ] ] ], [ [ [ 109.316453660008392, 12.643539964697652 ], [ 109.317710014705483, 12.645467327854874 ], [ 109.317099347157296, 12.640686745896687 ], [ 109.316453660008392, 12.643539964697652 ] ] ], [ [ [ 109.261338306417827, 12.677812688105178 ], [ 109.264990778801405, 12.677661593008224 ], [ 109.26308839971, 12.676744309702201 ], [ 109.261338306417827, 12.677812688105178 ] ] ], [ [ [ 109.27949240435106, 12.695329387941058 ], [ 109.28723516966744, 12.701230451424237 ], [ 109.280339491974019, 12.694234835669306 ], [ 109.27949240435106, 12.695329387941058 ] ] ], [ [ [ 109.288827029044342, 12.704232537701614 ], [ 109.292353390396784, 12.707216382130412 ], [ 109.288177436139904, 12.702751322815402 ], [ 109.288827029044342, 12.704232537701614 ] ] ], [ [ [ 109.313303669428933, 12.722710983325385 ], [ 109.302717446553004, 12.711929645336966 ], [ 109.294646315375189, 12.711453752888474 ], [ 109.313303669428933, 12.722710983325385 ] ] ], [ [ [ 109.319933923012229, 13.171413124016453 ], [ 109.319850641294181, 13.172150756952021 ], [ 109.320338430873903, 13.171841427040306 ], [ 109.319933923012229, 13.171413124016453 ] ] ], [ [ [ 109.318863165003222, 13.172037732855074 ], [ 109.319428287285689, 13.172537419566311 ], [ 109.319374748845689, 13.171936605889812 ], [ 109.318863165003222, 13.172037732855074 ] ] ], [ [ [ 109.31347606496854, 13.180027011337586 ], [ 109.308729041212416, 13.176336467054455 ], [ 109.310894433331555, 13.180158941881757 ], [ 109.31347606496854, 13.180027011337586 ] ] ], [ [ [ 109.281678586997316, 13.379966222163603 ], [ 109.28004389740795, 13.380994149060825 ], [ 109.281364497873369, 13.381408176246509 ], [ 109.281678586997316, 13.379966222163603 ] ] ], [ [ [ 109.246850811915465, 13.396228728373217 ], [ 109.24146371278016, 13.396133548624505 ], [ 109.246945990764971, 13.397437493645441 ], [ 109.246850811915465, 13.396228728373217 ] ] ], [ [ [ 109.247900168757781, 13.480421109846475 ], [ 109.247550388239802, 13.48134909958128 ], [ 109.248878126624277, 13.481527560148834 ], [ 109.247900168757781, 13.480421109846475 ] ] ], [ [ [ 109.619207012993286, 7.525451943852204 ], [ 109.691891117381317, 7.558159791141463 ], [ 109.790014658349889, 7.565428200950805 ], [ 109.888138199318519, 7.55452558488787 ], [ 109.957469786701324, 7.522701569721846 ], [ 109.946031139625575, 7.505543599557541 ], [ 109.787796521892119, 7.534140216797596 ], [ 109.660064962727915, 7.507450039987418 ], [ 109.59715240515942, 7.463601893013106 ], [ 109.496111021906245, 7.312993040596439 ], [ 109.469420845995444, 7.320618805913227 ], [ 109.550157113959756, 7.452767838565023 ], [ 109.619207012993286, 7.525451943852204 ] ] ], [ [ [ 111.618091640117257, 7.594222132145717 ], [ 111.581011950940933, 7.522915038198505 ], [ 111.546784546170045, 7.508653619768836 ], [ 111.541079979157814, 7.568551578792494 ], [ 111.569602816017152, 7.608483550575556 ], [ 111.603830220788211, 7.617040402892428 ], [ 111.618091640117257, 7.594222132145717 ] ] ], [ [ [ 111.740739841670461, 7.696904348257135 ], [ 111.695103301975848, 7.639858672739535 ], [ 111.666580464217191, 7.639858672739535 ], [ 111.677989599140744, 7.708313483180859 ], [ 111.709364720405688, 7.728279468622702 ], [ 111.735035273758911, 7.722574901610528 ], [ 111.740739841670461, 7.696904348257135 ] ] ], [ [ [ 110.462409126779903, 7.780837173696625 ], [ 110.497011716117925, 7.833894478247544 ], [ 110.522386949198392, 7.813132923745457 ], [ 110.485477519671974, 7.776223496017622 ], [ 110.462409126779903, 7.780837173696625 ] ] ], [ [ [ 111.740739841670461, 7.902268778681332 ], [ 111.723626138835357, 7.876598225327882 ], [ 111.683694167052295, 7.885155075846171 ], [ 111.6380576255591, 7.856632238087343 ], [ 111.592421085864487, 7.756802307280793 ], [ 111.563898249005149, 7.762506874292967 ], [ 111.543932261764553, 7.791029712051625 ], [ 111.546784546170045, 7.816700266304224 ], [ 111.646614477875971, 7.945053034869659 ], [ 111.729330706746907, 7.933643899946105 ], [ 111.740739841670461, 7.902268778681332 ] ] ], [ [ [ 110.087107786295405, 7.913522010732208 ], [ 110.054534876883167, 7.846426174828252 ], [ 109.984607843877029, 7.81029720844947 ], [ 109.925060286802989, 7.829638599441921 ], [ 109.943742733740351, 7.88906953692964 ], [ 110.040947573172048, 7.953841214400597 ], [ 110.083294903637068, 7.942118627972491 ], [ 110.087107786295405, 7.913522010732208 ] ] ], [ [ [ 110.643788608557486, 7.984060333617549 ], [ 110.61137910865898, 7.982153893187672 ], [ 110.615191992216808, 8.041253568997035 ], [ 110.636162844140074, 8.041253568997035 ], [ 110.643788608557486, 7.984060333617549 ] ] ], [ [ [ 111.944664927844315, 8.107334057720777 ], [ 112.006512322985373, 8.099267006766979 ], [ 112.018612899865502, 8.062965275227441 ], [ 111.989033711236857, 8.045486664378075 ], [ 111.925841808053121, 8.06027625824288 ], [ 111.927186316995005, 8.093888972797856 ], [ 111.944664927844315, 8.107334057720777 ] ] ], [ [ [ 110.598034021153296, 8.176610892578651 ], [ 110.594221139394222, 8.146107834009513 ], [ 110.552038457708761, 8.090169617833567 ], [ 110.491483634762005, 8.064510795237197 ], [ 110.466373136011498, 8.071311554884517 ], [ 110.449431860192306, 8.13708356715307 ], [ 110.575660909423505, 8.182204170286298 ], [ 110.598034021153296, 8.176610892578651 ] ] ], [ [ [ 111.462396899397561, 8.521371733918556 ], [ 111.471886793840611, 8.549841420844871 ], [ 111.508660139753658, 8.554586368965886 ], [ 111.500356480767152, 8.52730291929447 ], [ 111.462396899397561, 8.521371733918556 ] ] ], [ [ [ 111.913934163630813, 8.623029722044123 ], [ 111.926829633280988, 8.630502220401297 ], [ 111.936372615603716, 8.619237471632118 ], [ 111.922929409364883, 8.610908179269074 ], [ 111.913934163630813, 8.623029722044123 ] ] ], [ [ [ 111.661684706983749, 8.676768774759296 ], [ 111.704389237373562, 8.677955012014365 ], [ 111.712692894561542, 8.651857798698472 ], [ 111.67710578680277, 8.629319297147902 ], [ 111.651008574386253, 8.631691770758721 ], [ 111.641518678144621, 8.653044035953599 ], [ 111.661684706983749, 8.676768774759296 ] ] ], [ [ [ 112.262774568991176, 8.850718624365015 ], [ 112.21529353776657, 8.830574032665595 ], [ 112.201860367062409, 8.867850742617804 ], [ 112.262774568991176, 8.850718624365015 ] ] ], [ [ [ 112.29361588866243, 8.884800258924884 ], [ 112.275022521372421, 8.859644525174815 ], [ 112.244398148755749, 8.88698771501106 ], [ 112.279397430846871, 8.903393628013532 ], [ 112.29361588866243, 8.884800258924884 ] ] ], [ [ [ 109.32353289472735, 12.0037843322811 ], [ 109.321262889870582, 12.005940124137453 ], [ 109.322880923116259, 12.007310692734393 ], [ 109.32353289472735, 12.0037843322811 ] ] ], [ [ [ 109.325827477156508, 12.030075676851027 ], [ 109.324180890435855, 12.031574737884 ], [ 109.325394414920481, 12.032141049070219 ], [ 109.325827477156508, 12.030075676851027 ] ] ], [ [ [ 109.325875065681771, 12.033459270828814 ], [ 109.325189781383358, 12.032840611005554 ], [ 109.324818585309629, 12.033050002855532 ], [ 109.325875065681771, 12.033459270828814 ] ] ], [ [ [ 109.32593834018229, 12.0464539833647 ], [ 109.324089498631508, 12.042981159553051 ], [ 109.325342284818646, 12.033993935771548 ], [ 109.32137334370492, 12.038698130214584 ], [ 109.32593834018229, 12.0464539833647 ] ] ], [ [ [ 109.328447481965895, 12.045554547104814 ], [ 109.328012040123667, 12.045875774147646 ], [ 109.328550987637982, 12.045911466441055 ], [ 109.328447481965895, 12.045554547104814 ] ] ], [ [ [ 109.327367206431575, 12.049113982824167 ], [ 109.326206028785293, 12.046991502755816 ], [ 109.325858627873515, 12.049290062886143 ], [ 109.327367206431575, 12.049113982824167 ] ] ], [ [ [ 109.361509631564388, 12.267678155022963 ], [ 109.360381735129124, 12.274189139617135 ], [ 109.364000928100381, 12.271297314719334 ], [ 109.361509631564388, 12.267678155022963 ] ] ], [ [ [ 109.37122128443491, 12.277299862199072 ], [ 109.370745391087098, 12.276633612950945 ], [ 109.370412266912581, 12.277305811214376 ], [ 109.37122128443491, 12.277299862199072 ] ] ], [ [ [ 109.371251026813582, 12.279084457981469 ], [ 109.37128671910699, 12.278412259718039 ], [ 109.37078703239581, 12.278905999212668 ], [ 109.371251026813582, 12.279084457981469 ] ] ], [ [ [ 109.368486212269033, 12.285680204577829 ], [ 109.371103618936957, 12.280826104840912 ], [ 109.370266048839198, 12.280045640793787 ], [ 109.368486212269033, 12.285680204577829 ] ] ], [ [ [ 109.372548466138994, 12.369404336940704 ], [ 109.374187812417631, 12.358127744100216 ], [ 109.367978670879097, 12.367814364341598 ], [ 109.372548466138994, 12.369404336940704 ] ] ], [ [ [ 109.37591560342247, 12.477169291030123 ], [ 109.37556939231365, 12.476858771315278 ], [ 109.375683606213499, 12.47726565878321 ], [ 109.37591560342247, 12.477169291030123 ] ] ], [ [ [ 109.346692075079318, 12.489561524344992 ], [ 109.361051823582841, 12.478753713912795 ], [ 109.352396535072216, 12.47732603836613 ], [ 109.346692075079318, 12.489561524344992 ] ] ], [ [ [ 109.326651239063551, 12.493678779851848 ], [ 109.328727496676663, 12.493615240950589 ], [ 109.326561562266363, 12.493311496728268 ], [ 109.326651239063551, 12.493678779851848 ] ] ], [ [ [ 109.392801759793429, 12.546633874653651 ], [ 109.392849349218125, 12.549168001402279 ], [ 109.393943900590671, 12.548739698378483 ], [ 109.392801759793429, 12.546633874653651 ] ] ], [ [ [ 109.460273559976883, 12.565581913874325 ], [ 109.462026788305764, 12.565043368356839 ], [ 109.459642567750393, 12.564800662920447 ], [ 109.460273559976883, 12.565581913874325 ] ] ], [ [ [ 109.304505215143763, 12.630016898661097 ], [ 109.384910771814702, 12.623755347331553 ], [ 109.412357854031825, 12.554191804108541 ], [ 109.397825296300425, 12.549861185345605 ], [ 109.332929066323345, 12.608014023428495 ], [ 109.30828736796775, 12.610740884784093 ], [ 109.304505215143763, 12.630016898661097 ] ] ], [ [ [ 109.447771594983294, 12.595748488402137 ], [ 109.448889942416997, 12.596319558800758 ], [ 109.449118370216695, 12.595210729791518 ], [ 109.447771594983294, 12.595748488402137 ] ] ], [ [ [ 109.438539456131139, 12.610952098660505 ], [ 109.439237519795768, 12.610324207296344 ], [ 109.438345717880622, 12.610570388612587 ], [ 109.438539456131139, 12.610952098660505 ] ] ], [ [ [ 109.324404629170374, 12.639901769051562 ], [ 109.32527551195551, 12.639725688989358 ], [ 109.324376074796078, 12.639302145177965 ], [ 109.324404629170374, 12.639901769051562 ] ] ], [ [ [ 109.374482050806137, 12.64502298362396 ], [ 109.376342790387582, 12.646374518069592 ], [ 109.376771093411378, 12.643619102339869 ], [ 109.374482050806137, 12.64502298362396 ] ] ], [ [ [ 109.348178478154409, 12.642998815643011 ], [ 109.34001074000372, 12.651242220951758 ], [ 109.349177851576655, 12.652107393041831 ], [ 109.348178478154409, 12.642998815643011 ] ] ], [ [ [ 109.392931142558211, 12.650048325969578 ], [ 109.404697577231389, 12.650256528915861 ], [ 109.402633394815496, 12.643106248654476 ], [ 109.392931142558211, 12.650048325969578 ] ] ], [ [ [ 109.466535372109831, 12.657290730982538 ], [ 109.468905928366041, 12.652291164105975 ], [ 109.466850162705043, 12.650845852853934 ], [ 109.466535372109831, 12.657290730982538 ] ] ], [ [ [ 109.404359397068617, 12.657359219752209 ], [ 109.404264218219282, 12.658917767341165 ], [ 109.404662777964973, 12.6590426885694 ], [ 109.404359397068617, 12.657359219752209 ] ] ], [ [ [ 109.321272482938753, 12.731055753020712 ], [ 109.321396215263235, 12.728918997114079 ], [ 109.320496779003179, 12.728895201952184 ], [ 109.321272482938753, 12.731055753020712 ] ] ], [ [ [ 109.330509888220888, 12.738583812393017 ], [ 109.331173757862814, 12.739579617305537 ], [ 109.33156636859303, 12.73929765106584 ], [ 109.330509888220888, 12.738583812393017 ] ] ], [ [ [ 109.397404116806626, 12.831998172177919 ], [ 109.391663666844863, 12.825430859446612 ], [ 109.393489903036652, 12.834062353694662 ], [ 109.397404116806626, 12.831998172177919 ] ] ], [ [ [ 109.3206215869169, 13.16815040701573 ], [ 109.32348407772804, 13.167315217423379 ], [ 109.320878569090723, 13.166794115156449 ], [ 109.3206215869169, 13.16815040701573 ] ] ], [ [ [ 109.332053275038731, 13.289447756708739 ], [ 109.330411446631103, 13.276444003288191 ], [ 109.328289093367118, 13.286334921619471 ], [ 109.332053275038731, 13.289447756708739 ] ] ], [ [ [ 113.805864159103749, 7.375775218052013 ], [ 113.788471916445815, 7.386361800656687 ], [ 113.793009023148102, 7.40148548996342 ], [ 113.839136275219062, 7.421146285972441 ], [ 113.847353948226214, 7.392937706410123 ], [ 113.805864159103749, 7.375775218052013 ] ] ], [ [ [ 113.968362221639268, 7.618541482903083 ], [ 114.000484945723883, 7.618541482903083 ], [ 114.009051005299852, 7.604978556215372 ], [ 113.981925150125676, 7.585704921944625 ], [ 113.959082324289852, 7.604264716643399 ], [ 113.968362221639268, 7.618541482903083 ] ] ], [ [ [ 113.765812364349244, 7.62592203637297 ], [ 113.786988159176417, 7.646039042268058 ], [ 113.824045799673968, 7.649215410862496 ], [ 113.836751276750078, 7.622745666879155 ], [ 113.788353367813784, 7.601252947365708 ], [ 113.765812364349244, 7.62592203637297 ] ] ], [ [ [ 112.901619541608625, 7.856929937966299 ], [ 112.909889840243977, 7.896627371056354 ], [ 112.952895391709035, 7.894146280926236 ], [ 112.924776377427975, 7.847832610186856 ], [ 112.901619541608625, 7.856929937966299 ] ] ], [ [ [ 113.93310114420251, 7.945676541139562 ], [ 113.897102292636873, 7.976381442649483 ], [ 113.903455030725127, 8.018733033202921 ], [ 113.937336302628296, 8.020850612865672 ], [ 113.970158784700288, 7.972146284223754 ], [ 113.964864837342475, 7.946735330071476 ], [ 113.93310114420251, 7.945676541139562 ] ] ], [ [ [ 114.089703442959831, 8.096956243735747 ], [ 114.113634579772111, 8.12567360755105 ], [ 114.135172601734325, 8.12328049539866 ], [ 114.139958829636498, 8.099349357686833 ], [ 114.123207033777817, 8.075418221773532 ], [ 114.099275897864459, 8.075418221773532 ], [ 114.089703442959831, 8.096956243735747 ] ] ], [ [ [ 113.285313300568419, 8.130657361648105 ], [ 113.323860569110025, 8.125422548312031 ], [ 113.298162390382117, 8.075453867302201 ], [ 113.279126702335475, 8.102103830027886 ], [ 113.285313300568419, 8.130657361648105 ] ] ], [ [ [ 113.349082856288874, 8.24725095127036 ], [ 113.350034640286594, 8.295316064285032 ], [ 113.370498004779279, 8.312448183437027 ], [ 113.386678339933496, 8.285322327363644 ], [ 113.379539956803569, 8.222504557439379 ], [ 113.32005343222022, 8.139699313672509 ], [ 113.318625754874802, 8.180150151108592 ], [ 113.268181182315857, 8.128277901204285 ], [ 113.328143599347868, 8.23868489169439 ], [ 113.349082856288874, 8.24725095127036 ] ] ], [ [ [ 114.188973936997627, 8.768197900912469 ], [ 114.195636427679119, 8.791040725848973 ], [ 114.215623900622745, 8.794847863637983 ], [ 114.250839923823719, 8.719656896348738 ], [ 114.220382823308682, 8.73869258439538 ], [ 114.222286392203387, 8.711090836772769 ], [ 114.21086497883573, 8.711090836772769 ], [ 114.188973936997627, 8.768197900912469 ] ] ], [ [ [ 113.970063524911779, 8.787233588958941 ], [ 113.94722069907607, 8.827208533946759 ], [ 113.955786758652039, 8.842437084204221 ], [ 114.005279548112753, 8.794847863637983 ], [ 114.000520626325851, 8.778667529382972 ], [ 113.970063524911779, 8.787233588958941 ] ] ], [ [ [ 113.980533153382453, 8.870990615824383 ], [ 114.045254493100401, 8.826256749049833 ], [ 114.044302708203645, 8.776763959589118 ], [ 114.017652744578754, 8.784378236066857 ], [ 114.015749175683936, 8.808172845900287 ], [ 113.974822446698568, 8.857665635360831 ], [ 113.980533153382453, 8.870990615824383 ] ] ], [ [ [ 112.649199035706943, 8.823116875843198 ], [ 112.57305628442009, 8.812647248271901 ], [ 112.534984908327033, 8.839297210997586 ], [ 112.538792045216837, 8.85262219325972 ], [ 112.602561600037916, 8.860236467938762 ], [ 112.649199035706943, 8.823116875843198 ] ] ], [ [ [ 113.918667166556702, 8.888122735875697 ], [ 113.933895717713312, 8.852906712674667 ], [ 113.918667166556702, 8.835774592623352 ], [ 113.892968987828567, 8.867183478934578 ], [ 113.918667166556702, 8.888122735875697 ] ] ], [ [ [ 112.835748779282881, 8.926861375652038 ], [ 112.870013016687381, 8.917343532078519 ], [ 112.870964801584364, 8.895452491139622 ], [ 112.827182718807535, 8.905922119610295 ], [ 112.835748779282881, 8.926861375652038 ] ] ], [ [ [ 112.378892266165167, 8.914488179186264 ], [ 112.349386948748702, 8.910681042296403 ], [ 112.337965536280649, 8.938282789019468 ], [ 112.375085128375986, 8.94494527970096 ], [ 112.378892266165167, 8.914488179186264 ] ] ], [ [ [ 113.665492516166751, 8.986156529000652 ], [ 113.667396085061455, 8.969024409848714 ], [ 113.640746122335713, 8.97854225432161 ], [ 113.642649690331041, 8.985204745003102 ], [ 113.665492516166751, 8.986156529000652 ] ] ], [ [ [ 113.728310286990222, 8.973783331635445 ], [ 113.7102263829413, 8.966169056057254 ], [ 113.693575934382011, 8.972817116217016 ], [ 113.721647796309071, 8.992819019682088 ], [ 113.728310286990222, 8.973783331635445 ] ] ], [ [ [ 113.668099854025058, 9.036669924877287 ], [ 113.674820258348404, 9.016508713706344 ], [ 113.640065731248569, 8.997934768175014 ], [ 113.631137636093172, 9.018748849379904 ], [ 113.668099854025058, 9.036669924877287 ] ] ], [ [ [ 113.726406718095632, 9.020420767304756 ], [ 113.713081735833725, 9.007095785941829 ], [ 113.689287126000181, 9.030890395775202 ], [ 113.706419245152119, 9.037552887355901 ], [ 113.726406718095632, 9.020420767304756 ] ] ], [ [ [ 113.702821938981629, 9.183398732365731 ], [ 113.650178779427279, 9.191239202727047 ], [ 113.661379450601203, 9.23492182498228 ], [ 113.703942005918975, 9.218120816422584 ], [ 113.702821938981629, 9.183398732365731 ] ] ], [ [ [ 114.163777686091521, 9.356418234214289 ], [ 114.165205363436939, 9.386399442280492 ], [ 114.193758895057158, 9.386399442280492 ], [ 114.185192834581812, 9.34356914440059 ], [ 114.163777686091521, 9.356418234214289 ] ] ], [ [ [ 112.52047559087589, 9.520182374017452 ], [ 112.510016617573001, 9.540519265951502 ], [ 112.52861034818909, 9.559694050340227 ], [ 112.570446239602347, 9.552140346799717 ], [ 112.56405464540569, 9.52076342779003 ], [ 112.52047559087589, 9.520182374017452 ] ] ], [ [ [ 112.884782163566001, 9.546406672330079 ], [ 112.85316825611028, 9.528649757280448 ], [ 112.884291306398836, 9.558678106009779 ], [ 112.884782163566001, 9.546406672330079 ] ] ], [ [ [ 112.906379887921503, 9.573894683592812 ], [ 112.893617596175204, 9.570949539689479 ], [ 112.890181595104536, 9.587638689673781 ], [ 112.901962170717638, 9.589602120141762 ], [ 112.906379887921503, 9.573894683592812 ] ] ], [ [ [ 112.961671677705795, 9.636439340203481 ], [ 112.897426230436508, 9.612168837921558 ], [ 112.956674808795583, 9.664279034050196 ], [ 112.961671677705795, 9.636439340203481 ] ] ], [ [ [ 113.045190759246339, 9.647860752671704 ], [ 112.981659149750044, 9.657140650920269 ], [ 112.973806928846898, 9.677128123863895 ], [ 113.031627830760044, 9.685694183439864 ], [ 113.051615303703443, 9.668562064287869 ], [ 113.045190759246339, 9.647860752671704 ] ] ], [ [ [ 114.30552130326555, 9.711214163303055 ], [ 114.297193189913969, 9.686229822348537 ], [ 114.281726693432347, 9.683850361005398 ], [ 114.25793208269954, 9.704075780173298 ], [ 114.260311544042565, 9.724301198441651 ], [ 114.30552130326555, 9.711214163303055 ] ] ], [ [ [ 114.282678477429954, 9.798302436408392 ], [ 114.299810596581892, 9.754520352732186 ], [ 114.280774909434626, 9.731677527795739 ], [ 114.261739221387984, 9.747857862050751 ], [ 114.255076729807456, 9.793543513722227 ], [ 114.282678477429954, 9.798302436408392 ] ] ], [ [ [ 114.271455352882299, 9.817853674307798 ], [ 114.257178586622672, 9.819638269190875 ], [ 114.261342643748094, 9.838673957237518 ], [ 114.273834814225324, 9.834509901011302 ], [ 114.271455352882299, 9.817853674307798 ] ] ], [ [ [ 114.277641952014505, 9.854616346167575 ], [ 114.269432810875742, 9.844265690809152 ], [ 114.268362053765941, 9.854616346167575 ], [ 114.277641952014505, 9.854616346167575 ] ] ], [ [ [ 114.286564930027566, 9.854259426831163 ], [ 114.297629424058755, 9.865680840198593 ], [ 114.300127857614598, 9.853902508394128 ], [ 114.286564930027566, 9.854259426831163 ] ] ], [ [ [ 114.342422778288665, 9.8868580433641 ], [ 114.328443443910032, 9.86663262419637 ], [ 114.332607501035454, 9.889832369368435 ], [ 114.342422778288665, 9.8868580433641 ] ] ], [ [ [ 113.902831423731413, 10.087550029910062 ], [ 113.882644142113691, 9.9798845273491 ], [ 113.850680946068906, 9.973996568786788 ], [ 113.859933450068866, 10.101008217954984 ], [ 113.886849826158596, 10.121195498673501 ], [ 113.902831423731413, 10.087550029910062 ] ] ], [ [ [ 114.260093914402887, 10.17615895856926 ], [ 114.276268560445715, 10.160687558983795 ], [ 114.267126369086895, 10.135370721581694 ], [ 114.237590059233867, 10.135370721581694 ], [ 114.232667340325634, 10.159281067866971 ], [ 114.260093914402887, 10.17615895856926 ] ] ], [ [ [ 114.329011970126544, 10.155764840974769 ], [ 114.300178905832013, 10.161390803642746 ], [ 114.304398379181862, 10.19514658684551 ], [ 114.338857407043974, 10.1845979052693 ], [ 114.329011970126544, 10.155764840974769 ] ] ], [ [ [ 113.60374609420694, 10.256254785130352 ], [ 113.638634364884183, 10.243361293988585 ], [ 113.62498243319294, 10.220608073903634 ], [ 113.594644805813232, 10.239569091240639 ], [ 113.60374609420694, 10.256254785130352 ] ] ], [ [ [ 114.32003524862796, 10.290263984695116 ], [ 114.256949993347689, 10.22129077175174 ], [ 114.231514720627956, 10.22108284309877 ], [ 114.260314539684487, 10.275123523032278 ], [ 114.287230915774217, 10.294469667840872 ], [ 114.32003524862796, 10.290263984695116 ] ] ], [ [ [ 114.096564112743636, 10.927432632709838 ], [ 114.137546813734502, 10.919337284588039 ], [ 114.142606405861102, 10.897075078152398 ], [ 114.119838239942965, 10.87329499237012 ], [ 114.090492601652386, 10.869753276892254 ], [ 114.067724435734249, 10.899604873765952 ], [ 114.096564112743636, 10.927432632709838 ] ] ], [ [ [ 114.279605263771941, 11.038070453089063 ], [ 114.297706897055832, 11.038998741398927 ], [ 114.284246708019168, 11.033429007942402 ], [ 114.279605263771941, 11.038070453089063 ] ] ], [ [ [ 114.198500951857682, 11.039568961038754 ], [ 114.215970499339164, 11.061511838000968 ], [ 114.223559887978467, 11.048356896853363 ], [ 114.198500951857682, 11.039568961038754 ] ] ], [ [ [ 114.334364966969815, 11.04532114175737 ], [ 114.319692148274157, 11.069607186122767 ], [ 114.361180807848086, 11.100976661443951 ], [ 114.379901300604615, 11.065559512061952 ], [ 114.334364966969815, 11.04532114175737 ] ] ], [ [ [ 114.233173113648377, 11.069101226640271 ], [ 114.256953200330031, 11.084280004818481 ], [ 114.266060465618125, 11.07416081876687 ], [ 114.247339973760972, 11.063535675031346 ], [ 114.233173113648377, 11.069101226640271 ] ] ], [ [ [ 114.29934259388574, 11.403634921014827 ], [ 114.310950279332133, 11.412076873249134 ], [ 114.326334013004498, 11.38523702676747 ], [ 114.29934259388574, 11.403634921014827 ] ] ], [ [ [ 114.337331380738647, 11.435819864695134 ], [ 114.325196073839948, 11.425267423952562 ], [ 114.326251317644278, 11.437402730851488 ], [ 114.337331380738647, 11.435819864695134 ] ] ], [ [ [ 114.868801910080151, 7.238038541045853 ], [ 114.861663526950224, 7.193423647383554 ], [ 114.843817570025067, 7.180931476906323 ], [ 114.822402420635399, 7.189854455818477 ], [ 114.838463782677536, 7.236253945263456 ], [ 114.868801910080151, 7.238038541045853 ] ] ], [ [ [ 114.661788802911133, 7.582465520767244 ], [ 114.684988548083197, 7.618157437315972 ], [ 114.720680462833116, 7.614588244851689 ], [ 114.72424965439825, 7.598526882809381 ], [ 114.679634759836517, 7.557481180711932 ], [ 114.661788802911133, 7.582465520767244 ] ] ], [ [ [ 114.864293466570302, 7.985932580924043 ], [ 114.882197936085959, 8.016475498345756 ], [ 114.903262017128441, 8.008049866108536 ], [ 114.909581241081582, 7.958549275928419 ], [ 114.883251140228026, 7.9459108271231 ], [ 114.864293466570302, 7.985932580924043 ] ] ], [ [ [ 114.805244425290198, 8.104135584689459 ], [ 114.776527060575518, 8.111314925643399 ], [ 114.769347719621578, 8.142425404308938 ], [ 114.7813132875782, 8.159177199268299 ], [ 114.805244425290198, 8.163963427170529 ], [ 114.817209993246706, 8.142425404308938 ], [ 114.81960310719785, 8.116101154444777 ], [ 114.805244425290198, 8.104135584689459 ] ] ], [ [ [ 114.506684682951914, 8.131051842968247 ], [ 114.535693803026675, 8.139700373073822 ], [ 114.538853414553614, 8.160764454116418 ], [ 114.613630902344426, 8.181828535158843 ], [ 114.609453110772506, 8.135333860569347 ], [ 114.582333664167322, 8.121060467666553 ], [ 114.515248719053147, 8.109641754063773 ], [ 114.506684682951914, 8.131051842968247 ] ] ], [ [ [ 114.676016288121218, 8.221398153901703 ], [ 114.731057900901533, 8.209432585945194 ], [ 114.743023469757418, 8.190287677034689 ], [ 114.683195628175781, 8.185501450032064 ], [ 114.664050719265447, 8.209432585945194 ], [ 114.676016288121218, 8.221398153901703 ] ] ], [ [ [ 114.651541156798999, 8.861472772250636 ], [ 114.62203584028191, 8.867183478934578 ], [ 114.645830451014717, 8.917628052392843 ], [ 114.690564316889891, 8.927145895966362 ], [ 114.682950042210791, 8.888122735875697 ], [ 114.651541156798999, 8.861472772250636 ] ] ], [ [ [ 114.699352552178652, 9.740486101252657 ], [ 114.716519922956309, 9.731289294965109 ], [ 114.700578793077057, 9.702472636103323 ], [ 114.676667097808377, 9.72147936867799 ], [ 114.699352552178652, 9.740486101252657 ] ] ], [ [ [ 114.343434047942992, 9.752418495917027 ], [ 114.360090274646609, 9.754797957259996 ], [ 114.348192969729894, 9.738141729657173 ], [ 114.343434047942992, 9.752418495917027 ] ] ], [ [ [ 114.390785322284842, 9.767528073062238 ], [ 114.393283756740061, 9.781804839321921 ], [ 114.400422139869988, 9.769312668844634 ], [ 114.390785322284842, 9.767528073062238 ] ] ], [ [ [ 114.462157562221819, 9.797554231043023 ], [ 114.450037201156078, 9.814632922371516 ], [ 114.468217741855483, 9.809674592108706 ], [ 114.462157562221819, 9.797554231043023 ] ] ], [ [ [ 114.474756739431996, 9.824893017798672 ], [ 114.486178151001013, 9.817754634668745 ], [ 114.475708523429716, 9.816326958222703 ], [ 114.474756739431996, 9.824893017798672 ] ] ], [ [ [ 114.49016082296373, 9.835719175299801 ], [ 114.51042134806687, 9.844981130275073 ], [ 114.508105859997499, 9.827036093241134 ], [ 114.49016082296373, 9.835719175299801 ] ] ], [ [ [ 114.384063345047366, 9.854140453719083 ], [ 114.404586196096261, 9.843730311804563 ], [ 114.377825247137707, 9.84669365528805 ], [ 114.384063345047366, 9.854140453719083 ] ] ], [ [ [ 114.539654392136526, 9.857426881345475 ], [ 114.527498077074938, 9.857716317354345 ], [ 114.527498077074938, 9.871609249367509 ], [ 114.53386567106395, 9.869293760398762 ], [ 114.539654392136526, 9.857426881345475 ] ] ], [ [ [ 114.388227402173015, 9.863360865411721 ], [ 114.373355771252136, 9.865442893974432 ], [ 114.377519826578805, 9.882693986238507 ], [ 114.3876325366125, 9.877637630772085 ], [ 114.388227402173015, 9.863360865411721 ] ] ], [ [ [ 114.582201495302911, 9.8765296624141 ], [ 114.599567660319281, 9.879134587391377 ], [ 114.590016269335592, 9.867846580355433 ], [ 114.582201495302911, 9.8765296624141 ] ] ], [ [ [ 114.468768668339635, 9.876336578870109 ], [ 114.447833497917713, 9.869174547167688 ], [ 114.437365913606186, 9.887355088766412 ], [ 114.453893679349903, 9.887906014351245 ], [ 114.468768668339635, 9.876336578870109 ] ] ], [ [ [ 114.554415632175733, 9.891869773571273 ], [ 114.566282511229019, 9.87971345940872 ], [ 114.565414203202977, 9.868714888381419 ], [ 114.541969881105274, 9.880292331426062 ], [ 114.554415632175733, 9.891869773571273 ] ] ], [ [ [ 114.477425635884401, 9.884633871556105 ], [ 114.493344619958293, 9.903447216615859 ], [ 114.487266461977811, 9.878555715374034 ], [ 114.477425635884401, 9.884633871556105 ] ] ], [ [ [ 114.508105859997499, 9.916471840603037 ], [ 114.521709355102757, 9.913577479617118 ], [ 114.516788942056223, 9.898526803569268 ], [ 114.507237551971457, 9.902289472581174 ], [ 114.508105859997499, 9.916471840603037 ] ] ], [ [ [ 114.627938268936191, 9.901571042869364 ], [ 114.614851233797594, 9.969385681703955 ], [ 114.650543149446889, 9.971765143046923 ], [ 114.669578836594155, 9.946780802092405 ], [ 114.666009645029135, 9.919417000694125 ], [ 114.627938268936191, 9.901571042869364 ] ] ], [ [ [ 114.555283940201775, 9.929785899699482 ], [ 114.564835331185691, 9.948020372742121 ], [ 114.575255029296386, 9.93702180171482 ], [ 114.555283940201775, 9.929785899699482 ] ] ], [ [ [ 114.578728262299478, 9.953230221797412 ], [ 114.590016269335592, 9.951493605745384 ], [ 114.58596416431476, 9.946573192698736 ], [ 114.578728262299478, 9.953230221797412 ] ] ], [ [ [ 114.359856172124751, 10.184091858552563 ], [ 114.358548279979232, 10.207805005996249 ], [ 114.435905282403041, 10.219760178689342 ], [ 114.400039763424502, 10.183894659710802 ], [ 114.359856172124751, 10.184091858552563 ] ] ], [ [ [ 114.622265332878897, 10.268987362376947 ], [ 114.56248946761491, 10.23663807029078 ], [ 114.537172630212922, 10.248593242983873 ], [ 114.607497177952609, 10.287974989754161 ], [ 114.622265332878897, 10.268987362376947 ] ] ], [ [ [ 114.720150639840199, 10.318093252701431 ], [ 114.700267595273317, 10.311796956064654 ], [ 114.688669153058981, 10.339964602984139 ], [ 114.714185727189601, 10.380724844975703 ], [ 114.746992750815025, 10.369457785848226 ], [ 114.720150639840199, 10.318093252701431 ] ] ], [ [ [ 114.371534588350642, 10.379067924145488 ], [ 114.35363984680157, 10.381056228961938 ], [ 114.369877666621164, 10.3866897576263 ], [ 114.371534588350642, 10.379067924145488 ] ] ], [ [ [ 114.471612580056785, 10.382050380920532 ], [ 114.485530711073579, 10.382713148892776 ], [ 114.476583340748903, 10.372771626609335 ], [ 114.471612580056785, 10.382050380920532 ] ] ], [ [ [ 114.417265591034266, 10.391991903203802 ], [ 114.408649604695711, 10.385032837695405 ], [ 114.407655451837741, 10.391991903203802 ], [ 114.417265591034266, 10.391991903203802 ] ] ], [ [ [ 114.58428316683478, 10.418171246206214 ], [ 114.57301610860668, 10.405578651133908 ], [ 114.567051195056706, 10.41220633175692 ], [ 114.58428316683478, 10.418171246206214 ] ] ], [ [ [ 114.470145741732608, 10.730343219664007 ], [ 114.487875617765667, 10.700557027784782 ], [ 114.459507815932966, 10.694174273024316 ], [ 114.451706671126203, 10.718286903817727 ], [ 114.470145741732608, 10.730343219664007 ] ] ], [ [ [ 114.457235358625098, 10.776146994588203 ], [ 114.371777884641801, 10.72296017597148 ], [ 114.36938746595888, 10.695470358870068 ], [ 114.319188670021276, 10.692482335291629 ], [ 114.322774297595856, 10.739095502755333 ], [ 114.445880869206917, 10.794075136958156 ], [ 114.457235358625098, 10.776146994588203 ] ] ], [ [ [ 114.572269826891102, 10.796298358182867 ], [ 114.598510044103364, 10.782114457716091 ], [ 114.575106606984605, 10.756583435976893 ], [ 114.55099397619108, 10.775731702056476 ], [ 114.572269826891102, 10.796298358182867 ] ] ], [ [ [ 114.871973030231175, 10.82096734916388 ], [ 114.85344728386508, 10.814991302007172 ], [ 114.849264051394925, 10.834712257264982 ], [ 114.862411353701191, 10.838297885738939 ], [ 114.871973030231175, 10.82096734916388 ] ] ], [ [ [ 114.574365883079281, 10.834712257264982 ], [ 114.525362296033336, 10.851445188944354 ], [ 114.478151523674114, 10.810808068637527 ], [ 114.467992244046968, 10.838895489735251 ], [ 114.563608997657411, 10.908217636934523 ], [ 114.591098814758652, 10.910010450721757 ], [ 114.594086838337034, 10.856226027209516 ], [ 114.574365883079281, 10.834712257264982 ] ] ], [ [ [ 114.948466432579835, 10.854433213422112 ], [ 114.917390987903786, 10.84068830442186 ], [ 114.909622126959903, 10.864592493049088 ], [ 114.943685595214333, 10.910010450721757 ], [ 114.960418526893704, 10.893875123937903 ], [ 114.948466432579835, 10.854433213422112 ] ] ], [ [ [ 114.802910536192371, 11.10418153584925 ], [ 114.76650478276963, 11.044219118817409 ], [ 114.699403982608032, 11.000674982264741 ], [ 114.708683880856483, 11.042077603698601 ], [ 114.765077106323588, 11.112747596324596 ], [ 114.802910536192371, 11.10418153584925 ] ] ], [ [ [ 114.78934760860534, 11.152722540413038 ], [ 114.819328816671714, 11.152722540413038 ], [ 114.825039524254748, 11.134876582588277 ], [ 114.786492255713256, 11.138445774153183 ], [ 114.78934760860534, 11.152722540413038 ] ] ], [ [ [ 114.575060852176648, 11.334128625935477 ], [ 114.590991421317085, 11.335266523731207 ], [ 114.597249858294504, 11.314784364307059 ], [ 114.577905595766651, 11.305681181941054 ], [ 114.575060852176648, 11.334128625935477 ] ] ], [ [ [ 114.350521932341508, 11.445844683985001 ], [ 114.363184859793478, 11.459562856140906 ], [ 114.366878215357474, 11.455341880023866 ], [ 114.350521932341508, 11.445844683985001 ] ] ], [ [ [ 114.688281680155455, 11.485469029172407 ], [ 114.724694407820721, 11.492296415047576 ], [ 114.738918130267507, 11.464417919951131 ], [ 114.73152179459521, 11.428005192285866 ], [ 114.704781197294551, 11.435401527058957 ], [ 114.688281680155455, 11.485469029172407 ] ] ], [ [ [ 114.409091437120196, 11.480615841348026 ], [ 114.411679380199416, 11.452795455046328 ], [ 114.408767943785847, 11.447619569787435 ], [ 114.397650541739267, 11.473993798575009 ], [ 114.409091437120196, 11.480615841348026 ] ] ], [ [ [ 114.616025171924207, 11.512209625573746 ], [ 114.645610512815097, 11.531553888101598 ], [ 114.663247928649071, 11.524157553328507 ], [ 114.643903667020822, 11.422315703307049 ], [ 114.618300966616403, 11.42686729359076 ], [ 114.616025171924207, 11.512209625573746 ] ] ], [ [ [ 114.995508208836782, 7.477174372299487 ], [ 114.958031698304353, 7.47895896808194 ], [ 114.950893315174426, 7.518220074396936 ], [ 115.002646591966709, 7.530712244874223 ], [ 115.020492549791584, 7.52000467017956 ], [ 114.995508208836782, 7.477174372299487 ] ] ], [ [ [ 115.183024668753546, 8.381341723641754 ], [ 115.227543308876648, 8.398464277604376 ], [ 115.290896757279597, 8.352233383164219 ], [ 115.289184502063222, 8.331686318768732 ], [ 115.275486459432727, 8.319700531354613 ], [ 115.217269776678904, 8.331686318768732 ], [ 115.189363379216729, 8.346607682198908 ], [ 115.183024668753546, 8.381341723641754 ] ] ], [ [ [ 115.504907838226359, 8.491060171589822 ], [ 115.522107537832767, 8.529759496603674 ], [ 115.552207013942734, 8.529759496603674 ], [ 115.56295682619691, 8.510409835445728 ], [ 115.556506938844336, 8.460960696379061 ], [ 115.517807612931051, 8.463110658829976 ], [ 115.504907838226359, 8.491060171589822 ] ] ], [ [ [ 115.270561922095226, 8.476010434434102 ], [ 115.253362221589555, 8.521159646800356 ], [ 115.289911585051755, 8.529759496603674 ], [ 115.294211509953357, 8.49321013404051 ], [ 115.270561922095226, 8.476010434434102 ] ] ], [ [ [ 116.314208591953047, 8.9281609256862 ], [ 116.330713844068669, 8.902768231368839 ], [ 116.291355164908964, 8.855791744093779 ], [ 116.272310643721312, 8.882454074296277 ], [ 116.314208591953047, 8.9281609256862 ] ] ], [ [ [ 116.447520243864233, 9.165582631133589 ], [ 116.455138051979588, 9.188436057278295 ], [ 116.491957461168113, 9.196053866293028 ], [ 116.486878922124788, 9.145268474060799 ], [ 116.447520243864233, 9.165582631133589 ] ] ], [ [ [ 115.974814386574735, 9.306264866630329 ], [ 115.944113807206577, 9.278488151407146 ], [ 115.925108686216959, 9.290183609785743 ], [ 115.913413226938928, 9.338427379420068 ], [ 115.949961536396017, 9.347198972754427 ], [ 115.974814386574735, 9.306264866630329 ] ] ], [ [ [ 115.464748464769968, 9.321883124606643 ], [ 115.443788178082173, 9.321883124606643 ], [ 115.420922411440188, 9.358087256321994 ], [ 115.428544333054788, 9.41334619387186 ], [ 115.460937503962782, 9.40572427225743 ], [ 115.474275868136829, 9.377142063055885 ], [ 115.464748464769968, 9.321883124606643 ] ] ], [ [ [ 116.926172557017935, 9.405543604753746 ], [ 116.895701321858724, 9.455059361999986 ], [ 116.924902922032402, 9.465216440086692 ], [ 116.979497218322308, 9.469025344144427 ], [ 116.989654296408844, 9.452520092028806 ], [ 116.962991966206346, 9.40935250881131 ], [ 116.926172557017935, 9.405543604753746 ] ] ], [ [ [ 116.191180380070705, 9.569412696338986 ], [ 116.156094003135763, 9.562103033728135 ], [ 116.147322408002765, 9.579646223094755 ], [ 116.167789462413793, 9.600113275707088 ], [ 116.194104245115, 9.5869558848064 ], [ 116.191180380070705, 9.569412696338986 ] ] ], [ [ [ 115.922184821172777, 9.762387771278725 ], [ 115.890022308382868, 9.649818976964298 ], [ 115.857384227800139, 9.646912726041535 ], [ 115.830083081269322, 9.70975820497722 ], [ 115.85347399892612, 9.794550284068464 ], [ 115.900255835138864, 9.804783809925027 ], [ 115.922184821172777, 9.762387771278725 ] ] ], [ [ [ 116.588830781715274, 9.727761543260669 ], [ 116.573593133016743, 9.725968878760796 ], [ 116.553873821719662, 9.753755179857819 ], [ 116.576282130216214, 9.763614835955934 ], [ 116.588830781715274, 9.727761543260669 ] ] ], [ [ [ 116.432868959435154, 9.771681826655026 ], [ 116.397911999439316, 9.789608472553084 ], [ 116.407771654638282, 9.809327783850335 ], [ 116.447210277232671, 9.800364461350853 ], [ 116.432868959435154, 9.771681826655026 ] ] ], [ [ [ 116.466929586731226, 9.812016781049635 ], [ 116.490234227927544, 9.820083771748727 ], [ 116.509057205625709, 9.795882798752302 ], [ 116.482167237228282, 9.782437813654212 ], [ 116.466929586731226, 9.812016781049635 ] ] ], [ [ [ 115.575007870217064, 9.849124504792144 ], [ 115.522201977439636, 9.8499925951823 ], [ 115.514146130239851, 9.883693649242616 ], [ 115.514988842661069, 9.900547914754554 ], [ 115.549540087904802, 9.925829312572773 ], [ 115.587546123754692, 9.884948086585041 ], [ 115.575007870217064, 9.849124504792144 ] ] ], [ [ [ 117.385616121986573, 10.073007029251073 ], [ 117.355872859245096, 10.061109724334358 ], [ 117.345165285449639, 10.096801639084504 ], [ 117.380857200199785, 10.103940022214431 ], [ 117.385616121986573, 10.073007029251073 ] ] ], [ [ [ 116.082997383322777, 10.0664697080108 ], [ 116.062530329810897, 10.062083910444244 ], [ 116.043525208821393, 10.088398693145223 ], [ 116.074225789088928, 10.135180530257287 ], [ 116.093230910078546, 10.107403814134898 ], [ 116.082997383322777, 10.0664697080108 ] ] ], [ [ [ 115.312612061697337, 10.145782440007565 ], [ 115.290701516262288, 10.151681433251667 ], [ 115.280588957314535, 10.176120117749292 ], [ 115.289016089620873, 10.197187949864031 ], [ 115.316825628300194, 10.207300508811613 ], [ 115.346320592721213, 10.175277405328018 ], [ 115.312612061697337, 10.145782440007565 ] ] ], [ [ [ 115.395197962615953, 10.217413068658175 ], [ 115.363174858233151, 10.21488492869662 ], [ 115.354747725926927, 10.239323614093621 ], [ 115.394355250194735, 10.241009039835319 ], [ 115.395197962615953, 10.217413068658175 ] ] ], [ [ [ 117.283299297724739, 10.30500447737478 ], [ 117.255935497225437, 10.316901782291495 ], [ 117.267832802142152, 10.363301271736418 ], [ 117.299955525327277, 10.333558008994942 ], [ 117.283299297724739, 10.30500447737478 ] ] ], [ [ [ 116.453060224150136, 10.349415840968391 ], [ 116.525706672125239, 10.428872894368681 ], [ 116.541598082985161, 10.412981482609382 ], [ 116.518896067599485, 10.365307251828312 ], [ 116.525706672125239, 10.351686042776805 ], [ 116.639216748154581, 10.36076684911086 ], [ 116.646027352680221, 10.344875438250938 ], [ 116.577921307422457, 10.308552213813584 ], [ 116.47349203772751, 10.306282012005397 ], [ 116.453060224150136, 10.349415840968391 ] ] ], [ [ [ 115.781838736069062, 10.469235204341373 ], [ 115.80146928877673, 10.453173843198442 ], [ 115.778269543604665, 10.435922750035047 ], [ 115.759233855558023, 10.45971735986825 ], [ 115.781838736069062, 10.469235204341373 ] ] ], [ [ [ 115.743172494415262, 10.447820054951762 ], [ 115.725326536590501, 10.443061133164804 ], [ 115.725326536590501, 10.468045474119492 ], [ 115.739603302850355, 10.466855742998234 ], [ 115.743172494415262, 10.447820054951762 ] ] ], [ [ [ 116.845328269684046, 10.494724647724354 ], [ 116.87102644931133, 10.494010809051758 ], [ 116.868884934192465, 10.47687868989965 ], [ 116.841045240345579, 10.469740306769893 ], [ 116.845328269684046, 10.494724647724354 ] ] ], [ [ [ 116.639029001187509, 10.496866161943842 ], [ 116.646167384317437, 10.518995150006276 ], [ 116.693994550208345, 10.517567472660858 ], [ 116.70755747779549, 10.501863030854338 ], [ 116.639029001187509, 10.496866161943842 ] ] ], [ [ [ 115.709860040108879, 10.49481440995703 ], [ 115.749716011984447, 10.531696055828434 ], [ 115.758638990896998, 10.511470636660704 ], [ 115.740793033072123, 10.484701700822939 ], [ 115.718999096431162, 10.484148967600902 ], [ 115.709860040108879, 10.49481440995703 ] ] ], [ [ [ 115.802659019897987, 10.528126864263356 ], [ 115.799684692994447, 10.500168197304561 ], [ 115.773510621817877, 10.52991146004581 ], [ 115.78302846629083, 10.539429303619556 ], [ 115.802659019897987, 10.528126864263356 ] ] ], [ [ [ 117.180982475261317, 10.622662521258405 ], [ 117.209536006881308, 10.598867911424975 ], [ 117.210725738002452, 10.588160336730198 ], [ 117.169085170344488, 10.590539798073337 ], [ 117.180982475261317, 10.622662521258405 ] ] ], [ [ [ 117.629843256361369, 10.623225165009387 ], [ 117.632234118410111, 10.648329221916242 ], [ 117.664510763261205, 10.655501809860766 ], [ 117.652556450320048, 10.626811458981763 ], [ 117.629843256361369, 10.623225165009387 ] ] ], [ [ [ 115.82199725067278, 10.640861236357011 ], [ 115.828421796029261, 10.672270120869484 ], [ 115.849836945418701, 10.673697798214903 ], [ 115.846267752954645, 10.640861236357011 ], [ 115.82199725067278, 10.640861236357011 ] ] ], [ [ [ 117.399892888246427, 10.728548536186054 ], [ 117.415359383828672, 10.709512848139411 ], [ 117.412979923385024, 10.675010662711998 ], [ 117.339216631642444, 10.671441472046297 ], [ 117.263073880355364, 10.691666890314877 ], [ 117.294006873318608, 10.740445841102769 ], [ 117.320180943595801, 10.747584224232696 ], [ 117.399892888246427, 10.728548536186054 ] ] ], [ [ [ 117.179792745039208, 10.726169074843085 ], [ 117.183361935704966, 10.745204762889557 ], [ 117.217864121132379, 10.728548536186054 ], [ 117.205966816215664, 10.709512848139411 ], [ 117.179792745039208, 10.726169074843085 ] ] ], [ [ [ 115.79487139639798, 10.743653952168302 ], [ 115.820569575125887, 10.737229406811764 ], [ 115.824138765791417, 10.71938344898706 ], [ 115.79487139639798, 10.722238802778691 ], [ 115.79487139639798, 10.743653952168302 ] ] ], [ [ [ 117.810353380604056, 10.847966247944157 ], [ 117.83426200738586, 10.834816503978629 ], [ 117.827089419441336, 10.779826664269137 ], [ 117.800789930610904, 10.755918038386881 ], [ 117.770904148707587, 10.755918038386881 ], [ 117.772099579731844, 10.808517015148198 ], [ 117.810353380604056, 10.847966247944157 ] ] ], [ [ [ 115.839129369824718, 10.824317679917158 ], [ 115.833418664040209, 10.800047176735859 ], [ 115.807720485312188, 10.800761016307888 ], [ 115.819141897780469, 10.83288373859375 ], [ 115.839129369824718, 10.824317679917158 ] ] ], [ [ [ 115.869824416563688, 10.837166768831423 ], [ 115.851978459638303, 10.830742224374262 ], [ 115.842698562288888, 10.85572656532878 ], [ 115.860544519214272, 10.852871212436526 ], [ 115.869824416563688, 10.837166768831423 ] ] ], [ [ [ 117.653751882243796, 11.033258098982174 ], [ 117.665706195184953, 11.054775861916482 ], [ 117.697982840036161, 11.03803982397875 ], [ 117.688419389143633, 11.01652206104427 ], [ 117.653751882243796, 11.033258098982174 ] ] ], [ [ [ 117.29631792413295, 11.028476373985598 ], [ 117.270018436201894, 11.033258098982174 ], [ 117.274800161198641, 11.075098193826761 ], [ 117.299904218105326, 11.072707331777963 ], [ 117.29631792413295, 11.028476373985598 ] ] ], [ [ [ 117.034518471350452, 11.089443369715866 ], [ 117.062013391205141, 11.078684487798967 ], [ 117.063208822229399, 11.036844392954549 ], [ 117.030932177378304, 11.035648961030802 ], [ 117.021368727384925, 11.052384998968705 ], [ 117.034518471350452, 11.089443369715866 ] ] ], [ [ [ 115.039904853226403, 11.057782046404498 ], [ 115.019203541610182, 11.057782046404498 ], [ 115.015634350045275, 11.082766387359015 ], [ 115.037049499434943, 11.08562174025127 ], [ 115.039904853226403, 11.057782046404498 ] ] ], [ [ [ 117.472046325177985, 11.06792560588201 ], [ 117.446942268271073, 11.063143880885434 ], [ 117.445746836347553, 11.075098193826761 ], [ 117.474437187226613, 11.094225094712442 ], [ 117.485196069143285, 11.089443369715866 ], [ 117.472046325177985, 11.06792560588201 ] ] ] ] } },
{ "type": "Feature", "properties": { "stable_id": "VN.ADM1.00030" }, "geometry": { "type": "MultiPolygon", "coordinates": [ [ [ [ 108.693977971006689, 15.497400449970883 ], [ 108.695102266556546, 15.496805585309517 ], [ 108.694929755903672, 15.496368359212454 ], [ 108.693977971006689, 15.497400449970883 ] ] ], [ [ [ 108.694016638257438, 15.498536641752594 ], [ 108.693993567049574, 15.49813831223338 ], [ 108.693674590110334, 15.498685359042099 ], [ 108.694016638257438, 15.498536641752594 ] ] ], [ [ [ 108.689091252859043, 15.501080881377618 ], [ 108.688442848858529, 15.499236799039068 ], [ 108.687033018559077, 15.49793404382109 ], [ 108.689091252859043, 15.501080881377618 ] ] ], [ [ [ 108.685705280174602, 15.505228282159578 ], [ 108.687094884721262, 15.505447192434019 ], [ 108.68675700133474, 15.504295533212314 ], [ 108.685705280174602, 15.505228282159578 ] ] ], [ [ [ 108.685119536437526, 15.507786202271575 ], [ 108.685321790368505, 15.507827842680911 ], [ 108.686202189779294, 15.50737574539437 ], [ 108.685119536437526, 15.507786202271575 ] ] ], [ [ [ 108.304165776129821, 15.170863615363658 ], [ 108.25772137004526, 15.091293110688639 ], [ 108.235533729098506, 15.078010732009773 ], [ 108.239450535613912, 15.030865561596443 ], [ 108.170083491560035, 15.061997959438372 ], [ 108.14628403258223, 15.045653523191618 ], [ 108.160831491180488, 14.977120976252195 ], [ 108.147982996717985, 14.962385838135958 ], [ 108.088138425947648, 14.951443686077369 ], [ 108.047046206417463, 14.992340287774198 ], [ 107.972779107270128, 15.012049356692614 ], [ 107.951637135045871, 15.053698750297144 ], [ 107.997762988671184, 15.116267553704688 ], [ 107.999850066027818, 15.156094703208169 ], [ 107.953820379607009, 15.174311390358355 ], [ 107.927728579310667, 15.209706412820879 ], [ 107.890132210732986, 15.193658379630506 ], [ 107.870450342709262, 15.210630632597656 ], [ 107.736735748655917, 15.22966496896322 ], [ 107.730117186259292, 15.308249345431022 ], [ 107.703832702617206, 15.308912602634678 ], [ 107.60676063459573, 15.395419733833705 ], [ 107.559478724064036, 15.396025911966262 ], [ 107.523714200749964, 15.414817441272078 ], [ 107.512196811733588, 15.476647634180949 ], [ 107.381262287424761, 15.503925660041318 ], [ 107.368532541243837, 15.564543494886493 ], [ 107.347979787737074, 15.578850131228762 ], [ 107.35323806258657, 15.604332539215306 ], [ 107.336249789995975, 15.62091632912535 ], [ 107.289734281711901, 15.624961155932738 ], [ 107.264251872825753, 15.657319770391211 ], [ 107.285284973123112, 15.709902517986848 ], [ 107.251712909723096, 15.750350786060039 ], [ 107.214500503995225, 15.757226991632479 ], [ 107.229466363182155, 15.794034915578948 ], [ 107.224612571013438, 15.84580869781314 ], [ 107.249690497218808, 15.840954905644423 ], [ 107.331800481407186, 15.89353765413955 ], [ 107.400967018912809, 15.898391447207644 ], [ 107.487333157099556, 16.040863990980426 ], [ 107.51145895306837, 16.016361963633813 ], [ 107.54639887810589, 16.01061111481124 ], [ 107.559663140841337, 16.021557983813977 ], [ 107.553196437965426, 16.044357300449121 ], [ 107.619285051164297, 16.063519359431041 ], [ 107.627518330107023, 16.031230258969345 ], [ 107.696589694159172, 15.994398880703898 ], [ 107.777578042992332, 16.065399037835391 ], [ 107.815715191902655, 16.053646003060692 ], [ 107.8226665502213, 16.083269540856804 ], [ 107.856075974826467, 16.114196245760297 ], [ 107.876054059747048, 16.19689517077569 ], [ 107.906950388249982, 16.214459293661548 ], [ 107.956539140768825, 16.189537419616386 ], [ 107.988305702746118, 16.214002545980804 ], [ 108.054406787743233, 16.181102191613036 ], [ 108.09245826543679, 16.180168928253465 ], [ 108.194583008898803, 16.210087098341091 ], [ 108.155721962398729, 16.190230054973085 ], [ 108.153359157399279, 16.161424300391275 ], [ 108.139731984043863, 16.163408769599073 ], [ 108.12321971361888, 16.134858808287561 ], [ 108.144961420333345, 16.097101821691808 ], [ 108.187377691927111, 16.07390207741895 ], [ 108.210534606886711, 16.080569327312674 ], [ 108.224250612575815, 16.108991095662702 ], [ 108.237411054876361, 16.09338629334286 ], [ 108.241932031338365, 16.112695619007638 ], [ 108.212645625095661, 16.121317834050899 ], [ 108.230565999121609, 16.14981487835405 ], [ 108.257168583763246, 16.1534240321933 ], [ 108.305238929033465, 16.123121168107389 ], [ 108.320717921594905, 16.143210403837088 ], [ 108.338461202022984, 16.117800375986747 ], [ 108.311620881598458, 16.112403759326185 ], [ 108.306074357845432, 16.09574277341045 ], [ 108.257913696360106, 16.101027153780194 ], [ 108.247534486627387, 16.079512068127542 ], [ 108.28973720700651, 15.96628637661496 ], [ 108.404081511252912, 15.86746612276346 ], [ 108.42541100021765, 15.788815418596755 ], [ 108.529741640364534, 15.623387463760594 ], [ 108.620091916408967, 15.513628399731033 ], [ 108.657570308323159, 15.497946133407481 ], [ 108.679024744596347, 15.511564785686403 ], [ 108.674277002281883, 15.487262545430156 ], [ 108.692399373931949, 15.48242073762691 ], [ 108.696800979781528, 15.441129951386301 ], [ 108.739043139929151, 15.399120712051285 ], [ 108.717793786853974, 15.372451808704113 ], [ 108.641180289039141, 15.367037600404956 ], [ 108.525672205408057, 15.320099757897651 ], [ 108.504565263576239, 15.326300533043252 ], [ 108.484712954239512, 15.307537424112866 ], [ 108.430959095086337, 15.325478603055217 ], [ 108.390954354659868, 15.29962022899042 ], [ 108.319387059864937, 15.300696811009175 ], [ 108.281503783272967, 15.243101004907487 ], [ 108.308464107432656, 15.222015200740998 ], [ 108.291769386148303, 15.202544312769874 ], [ 108.304165776129821, 15.170863615363658 ] ] ], [ [ [ 111.196444479928857, 15.784042435909782 ], [ 111.172343832601939, 15.769237753219898 ], [ 111.165802228789858, 15.783353845703459 ], [ 111.196444479928857, 15.784042435909782 ] ] ], [ [ [ 111.189214285910566, 15.791961220134226 ], [ 111.192312939590522, 15.803667248245006 ], [ 111.204707558806831, 15.796437054226772 ], [ 111.203674673947091, 15.792305514787813 ], [ 111.189214285910566, 15.791961220134226 ] ] ], [ [ [ 108.697704387447573, 15.811573889823251 ], [ 108.692711695888192, 15.817924040561991 ], [ 108.698246904371217, 15.813558360829802 ], [ 108.697704387447573, 15.811573889823251 ] ] ], [ [ [ 108.542483817873915, 15.913901810819993 ], [ 108.541865158050655, 15.902708826151411 ], [ 108.531976118403236, 15.904479145196376 ], [ 108.542483817873915, 15.913901810819993 ] ] ], [ [ [ 108.471860385848288, 15.933584863250928 ], [ 108.4736788608908, 15.93085551886719 ], [ 108.471470092670756, 15.932920090689663 ], [ 108.471860385848288, 15.933584863250928 ] ] ], [ [ [ 108.484097513989127, 15.949271540749066 ], [ 108.479094777002501, 15.937902022760284 ], [ 108.476193044273714, 15.944372562144054 ], [ 108.484097513989127, 15.949271540749066 ] ] ], [ [ [ 108.505588132686341, 15.976787197171518 ], [ 108.538667399980568, 15.956221515910272 ], [ 108.540466273399886, 15.923099419302787 ], [ 108.484174173999008, 15.964736416652272 ], [ 108.505588132686341, 15.976787197171518 ] ] ], [ [ [ 108.417735837838791, 15.972522092220913 ], [ 108.416439398559476, 15.972307240586815 ], [ 108.416741391801963, 15.972868574025597 ], [ 108.417735837838791, 15.972522092220913 ] ] ], [ [ [ 108.420873656993876, 15.973894319167528 ], [ 108.423415693279651, 15.971873163915518 ], [ 108.420385672261034, 15.973350664601583 ], [ 108.420873656993876, 15.973894319167528 ] ] ], [ [ [ 108.447672692241156, 15.967642083015789 ], [ 108.449061487397898, 15.980325596848786 ], [ 108.451826310036267, 15.978547119154257 ], [ 108.447672692241156, 15.967642083015789 ] ] ], [ [ [ 111.48423992283432, 16.442823144372596 ], [ 111.508995203765778, 16.436512974794084 ], [ 111.524689728748172, 16.430688201699127 ], [ 111.498801853322959, 16.427452217945643 ], [ 111.48423992283432, 16.442823144372596 ] ] ], [ [ [ 111.481283363836326, 16.455040320154751 ], [ 111.520321149601557, 16.456899676578985 ], [ 111.526954917735452, 16.44638272668152 ], [ 111.481283363836326, 16.455040320154751 ] ] ], [ [ [ 111.465544653363111, 17.113211915097963 ], [ 111.474491427437613, 17.100458004133657 ], [ 111.428615418067238, 17.069049118721978 ], [ 111.432232199056784, 17.093605155753494 ], [ 111.465544653363111, 17.113211915097963 ] ] ], [ [ [ 111.494859613080791, 17.111689059802416 ], [ 111.506661739147944, 17.12196833057402 ], [ 111.517702438017238, 17.115876911190583 ], [ 111.494859613080791, 17.111689059802416 ] ] ], [ [ [ 112.204652735035893, 15.702126604559169 ], [ 112.225771035305115, 15.735181337448864 ], [ 112.257907580170695, 15.736099523674227 ], [ 112.233116531402857, 15.697535669835418 ], [ 112.204652735035893, 15.702126604559169 ] ] ], [ [ [ 111.745758179196628, 16.03412617398385 ], [ 111.752540036893208, 16.073121857088154 ], [ 111.777972004604351, 16.079903714784734 ], [ 111.82714047515293, 16.074817321961859 ], [ 111.832226867975749, 16.059558140795616 ], [ 111.82883593912743, 16.042603496554136 ], [ 111.762712824337484, 16.032430710009294 ], [ 111.745758179196628, 16.03412617398385 ] ] ], [ [ [ 111.553677921598876, 16.164886789194156 ], [ 111.521328404682322, 16.173235051856295 ], [ 111.518197806183991, 16.19671454104332 ], [ 111.59319802456929, 16.264501328773349 ], [ 111.615058914837107, 16.247767424926792 ], [ 111.552865421901856, 16.207335136007885 ], [ 111.544826426198597, 16.189470700712377 ], [ 111.557331530725605, 16.180538483064538 ], [ 111.659158810830547, 16.207335136007885 ], [ 111.697984703731265, 16.201968003620493 ], [ 111.692915635448287, 16.183344096253052 ], [ 111.553677921598876, 16.164886789194156 ] ] ], [ [ [ 111.72899143840425, 16.184713913016765 ], [ 111.718898963116771, 16.197245429732959 ], [ 111.763665756769456, 16.214480909766223 ], [ 111.779743749074953, 16.23770467583023 ], [ 111.655983169787646, 16.260720526730893 ], [ 111.651992716890447, 16.285694804271827 ], [ 111.76603685441745, 16.27863186796651 ], [ 111.80308227043048, 16.245760584183756 ], [ 111.785863978240002, 16.197758073876116 ], [ 111.72899143840425, 16.184713913016765 ] ] ], [ [ [ 112.065352315956716, 16.348531313369506 ], [ 112.042538761254946, 16.326160740425962 ], [ 111.939612761419937, 16.329212045699478 ], [ 111.945446502554148, 16.357147549719684 ], [ 111.988495001143463, 16.375996175183502 ], [ 112.035672546251135, 16.371787849829502 ], [ 112.065352315956716, 16.348531313369506 ] ] ], [ [ [ 111.551224802183015, 16.477609977818247 ], [ 111.591674608996072, 16.450265909344409 ], [ 111.600088167834656, 16.441528750151804 ], [ 111.564977735833963, 16.448324318012965 ], [ 111.551224802183015, 16.477609977818247 ] ] ], [ [ [ 111.59038021477528, 16.486994333221958 ], [ 111.597499381191653, 16.460135661231845 ], [ 111.577598075890535, 16.487803329160442 ], [ 111.59038021477528, 16.486994333221958 ] ] ], [ [ [ 111.572096902250337, 16.492495506862326 ], [ 111.573391295571923, 16.497349483391986 ], [ 111.577112677608056, 16.495084294404705 ], [ 111.572096902250337, 16.492495506862326 ] ] ], [ [ [ 111.705245927957264, 16.439882328906435 ], [ 111.731959230834036, 16.493769508955836 ], [ 111.716299708364886, 16.557789321719952 ], [ 111.746697604710732, 16.549038411893321 ], [ 111.75867253371058, 16.527851999670133 ], [ 111.741631289252723, 16.469359076660226 ], [ 111.705245927957264, 16.439882328906435 ] ] ], [ [ [ 111.644692587093232, 16.558972548944041 ], [ 111.621108572402761, 16.569490095991171 ], [ 111.643827648826971, 16.589213251890101 ], [ 111.649569833580983, 16.584969028298133 ], [ 111.644692587093232, 16.558972548944041 ] ] ], [ [ [ 111.680527698194851, 16.590960872945971 ], [ 111.691263086222648, 16.56724315514748 ], [ 111.677941278567232, 16.56041729901915 ], [ 111.680527698194851, 16.590960872945971 ] ] ], [ [ [ 112.20732854457674, 16.739509826417532 ], [ 112.181076930256154, 16.750010473404814 ], [ 112.185160515145981, 16.764400246674143 ], [ 112.20732854457674, 16.739509826417532 ] ] ], [ [ [ 112.214817990657821, 16.796195568071198 ], [ 112.261585665246344, 16.778290229810239 ], [ 112.258645982026792, 16.755841745899943 ], [ 112.208938626017016, 16.771074646178135 ], [ 112.214817990657821, 16.796195568071198 ] ] ], [ [ [ 112.286361283446581, 16.815001220330089 ], [ 112.271317221013078, 16.845344329077648 ], [ 112.299901999577628, 16.872850437397744 ], [ 112.311767380360493, 16.854782698662746 ], [ 112.286361283446581, 16.815001220330089 ] ] ], [ [ [ 112.168843483939781, 16.91437926698967 ], [ 112.214147662085111, 16.877974124206446 ], [ 112.161832122854321, 16.901165547951791 ], [ 112.168843483939781, 16.91437926698967 ] ] ], [ [ [ 112.279137585231524, 16.927323318016761 ], [ 112.304756019274919, 16.906828570782011 ], [ 112.305295354397117, 16.904131893372266 ], [ 112.289654625960225, 16.903862226260856 ], [ 112.279137585231524, 16.927323318016761 ] ] ], [ [ [ 112.3126223001791, 16.909916887654276 ], [ 112.300711002710614, 16.939188697900192 ], [ 112.317160734280492, 16.940537037054639 ], [ 112.3126223001791, 16.909916887654276 ] ] ], [ [ [ 112.187450556897943, 16.940537037054639 ], [ 112.2195410169046, 16.932447004825462 ], [ 112.219810684915387, 16.929750328315095 ], [ 112.198776601658892, 16.928941324282789 ], [ 112.187450556897943, 16.940537037054639 ] ] ], [ [ [ 112.265114863060489, 16.937840358745746 ], [ 112.257564166852831, 16.956447432603113 ], [ 112.262148517640185, 16.957795770858183 ], [ 112.265114863060489, 16.937840358745746 ] ] ], [ [ [ 112.252788143558064, 16.970882073948587 ], [ 112.163416888378833, 16.959000954130829 ], [ 112.155005476221959, 16.972669498998357 ], [ 112.186022559393678, 16.998955161651395 ], [ 112.246546807189475, 16.993644595721662 ], [ 112.239571195953999, 16.979326234917778 ], [ 112.252788143558064, 16.970882073948587 ] ] ], [ [ [ 111.519986721410078, 17.088275163567914 ], [ 111.494478898582429, 17.084468025778904 ], [ 111.519796363711407, 17.09627015274549 ], [ 111.519986721410078, 17.088275163567914 ] ] ], [ [ [ 112.581622168628314, 16.013780599994732 ], [ 112.469721513037598, 16.001912348576127 ], [ 112.447680475074094, 16.025648852312713 ], [ 112.474807905860416, 16.047689890276331 ], [ 112.557885665790877, 16.066339999391573 ], [ 112.601967741717999, 16.069730928239835 ], [ 112.61722692288447, 16.056167211947297 ], [ 112.613835994035981, 16.035821638857556 ], [ 112.581622168628314, 16.013780599994732 ] ] ], [ [ [ 112.415237432261847, 16.046353314254077 ], [ 112.425927876670357, 16.027737176129847 ], [ 112.417934882189115, 16.033696046235661 ], [ 112.415237432261847, 16.046353314254077 ] ] ], [ [ [ 112.364722739562808, 16.279462631994932 ], [ 112.39377959655144, 16.291765986211431 ], [ 112.403857876040433, 16.288232043574055 ], [ 112.364722739562808, 16.279462631994932 ] ] ], [ [ [ 112.313022477805134, 16.288101157142762 ], [ 112.359749044383079, 16.296477909428006 ], [ 112.313807798191419, 16.282080366915466 ], [ 112.313022477805134, 16.288101157142762 ] ] ], [ [ [ 112.460361614696922, 16.291786208366943 ], [ 112.50212492902233, 16.309381919040504 ], [ 112.504456890873143, 16.296874123741986 ], [ 112.463624124853709, 16.280036662062344 ], [ 112.460361614696922, 16.291786208366943 ] ] ], [ [ [ 112.498535592643634, 16.360717709854498 ], [ 112.481653240404739, 16.341602980393418 ], [ 112.467282312429006, 16.346765352439149 ], [ 112.498535592643634, 16.360717709854498 ] ] ], [ [ [ 112.466724217448814, 16.375786256330684 ], [ 112.494768455799772, 16.370205312824964 ], [ 112.460445657241394, 16.361554850975722 ], [ 112.466724217448814, 16.375786256330684 ] ] ], [ [ [ 112.613588354918761, 16.367485330383715 ], [ 112.611273506267366, 16.405828845824715 ], [ 112.633297857310367, 16.406703215281198 ], [ 112.63108556644579, 16.366680859833821 ], [ 112.613588354918761, 16.367485330383715 ] ] ], [ [ [ 112.643755960069598, 16.378747901894144 ], [ 112.646370485309717, 16.393831703570299 ], [ 112.646772719685487, 16.377742315055855 ], [ 112.643755960069598, 16.378747901894144 ] ] ], [ [ [ 112.496135814716126, 16.423798190634159 ], [ 112.531130235971659, 16.444915514239653 ], [ 112.54158833873089, 16.447731156667658 ], [ 112.513029673780693, 16.415351261551564 ], [ 112.496135814716126, 16.423798190634159 ] ] ], [ [ [ 112.627482522600417, 16.453079755826082 ], [ 112.645767132846913, 16.444915514239653 ], [ 112.640336964279527, 16.43606634988231 ], [ 112.627482522600417, 16.453079755826082 ] ] ], [ [ [ 112.54701850819788, 16.479708818307415 ], [ 112.546415155734962, 16.491976976656133 ], [ 112.57235929634453, 16.502837314690396 ], [ 112.572158178257382, 16.489362451416127 ], [ 112.54701850819788, 16.479708818307415 ] ] ], [ [ [ 112.490504528960969, 16.507060779231665 ], [ 112.499755927694082, 16.491976976656133 ], [ 112.498750340855736, 16.489965802979498 ], [ 112.484269890743008, 16.498211614874094 ], [ 112.490504528960969, 16.507060779231665 ] ] ], [ [ [ 112.515443081832814, 16.499217201712611 ], [ 112.498146989292195, 16.522949050558339 ], [ 112.499957044881853, 16.526569162636918 ], [ 112.517655372697391, 16.523954638296061 ], [ 112.515443081832814, 16.499217201712611 ] ] ], [ [ [ 112.692263981997257, 16.606375688986986 ], [ 112.694222305215362, 16.5809174934476 ], [ 112.69052325064763, 16.560246308220599 ], [ 112.67333352901926, 16.607681238398527 ], [ 112.692263981997257, 16.606375688986986 ] ] ], [ [ [ 112.659407678221783, 16.64706528473522 ], [ 112.698574133589432, 16.639014401793247 ], [ 112.707712973175262, 16.631398702588115 ], [ 112.659407678221783, 16.64706528473522 ] ] ], [ [ [ 112.674543068607932, 16.676506955331831 ], [ 112.695287195148012, 16.676425706081659 ], [ 112.695293661273581, 16.659221795849248 ], [ 112.686404878182657, 16.657822807776483 ], [ 112.674543068607932, 16.676506955331831 ] ] ], [ [ [ 112.666805785558608, 16.69645853723182 ], [ 112.710106479230717, 16.682315094566093 ], [ 112.716634221791992, 16.670347566986663 ], [ 112.666805785558608, 16.69645853723182 ] ] ], [ [ [ 112.330568233836971, 16.881739798752676 ], [ 112.350915207171283, 16.840131382757193 ], [ 112.340856029282349, 16.826185704606587 ], [ 112.330568233836971, 16.881739798752676 ] ] ] ] } },
{ "type": "Feature", "properties": { "stable_id": "VN.ADM1.00031" }, "geometry": { "type": "MultiPolygon", "coordinates": [ [ [ [ 107.128272400051344, 20.860150162999673 ], [ 107.12844231616009, 20.859354914997482 ], [ 107.12777604442897, 20.859193269054231 ], [ 107.128272400051344, 20.860150162999673 ] ] ], [ [ [ 107.123135811568432, 20.867539571194357 ], [ 107.12285137579039, 20.86675032526739 ], [ 107.122635607747156, 20.867312640765931 ], [ 107.123135811568432, 20.867539571194357 ] ] ], [ [ [ 107.123930787975667, 20.869301887172469 ], [ 107.122465343600709, 20.869343463729933 ], [ 107.123372573385723, 20.870241548308911 ], [ 107.123930787975667, 20.869301887172469 ] ] ], [ [ [ 107.12320483363635, 20.870686699231783 ], [ 107.122419620269284, 20.871396037697082 ], [ 107.123362366080471, 20.871291064331274 ], [ 107.12320483363635, 20.870686699231783 ] ] ], [ [ [ 107.112078957278186, 20.870868343399422 ], [ 107.112975286380504, 20.87204418179374 ], [ 107.113160054792786, 20.871500046090262 ], [ 107.112078957278186, 20.870868343399422 ] ] ], [ [ [ 107.115922709165773, 20.87244629655936 ], [ 107.119626435711496, 20.869923592100179 ], [ 107.118846981602985, 20.869236726793531 ], [ 107.115922709165773, 20.87244629655936 ] ] ], [ [ [ 107.110665738333296, 20.872046877961111 ], [ 107.112427074949551, 20.876101531660481 ], [ 107.113169027328922, 20.876066539938961 ], [ 107.110665738333296, 20.872046877961111 ] ] ], [ [ [ 107.117409657230041, 20.874569293737977 ], [ 107.116682252284136, 20.875635999401879 ], [ 107.117537977895438, 20.875883461352714 ], [ 107.117409657230041, 20.874569293737977 ] ] ], [ [ [ 107.130665210930772, 20.875950277383424 ], [ 107.128403287381843, 20.878626830663791 ], [ 107.131250288270223, 20.877904777583524 ], [ 107.130665210930772, 20.875950277383424 ] ] ], [ [ [ 107.124452829134952, 20.877695109641706 ], [ 107.12664660475707, 20.877602375149593 ], [ 107.126911116055282, 20.876585544986938 ], [ 107.124452829134952, 20.877695109641706 ] ] ], [ [ [ 107.133791630279575, 20.877742246707498 ], [ 107.132194663652911, 20.87815449233608 ], [ 107.134148746567405, 20.878359002665945 ], [ 107.133791630279575, 20.877742246707498 ] ] ], [ [ [ 107.110060378583739, 20.877910895671448 ], [ 107.109137228999941, 20.878747843438362 ], [ 107.110786306842783, 20.878701757680005 ], [ 107.110060378583739, 20.877910895671448 ] ] ], [ [ [ 107.114690975208475, 20.878730890318366 ], [ 107.115147084370449, 20.879886332987894 ], [ 107.115637578211761, 20.879570556735814 ], [ 107.114690975208475, 20.878730890318366 ] ] ], [ [ [ 107.132324085088612, 20.879918463066588 ], [ 107.13266181109384, 20.879162293305285 ], [ 107.131865164645831, 20.879499087612942 ], [ 107.132324085088612, 20.879918463066588 ] ] ], [ [ [ 107.130386046978515, 20.880858195249687 ], [ 107.130341964010483, 20.880204754146177 ], [ 107.129863407770188, 20.880864707240448 ], [ 107.130386046978515, 20.880858195249687 ] ] ], [ [ [ 107.12749307004924, 20.880796072780583 ], [ 107.126736249178748, 20.881492076997858 ], [ 107.127638415780439, 20.881219362983302 ], [ 107.12749307004924, 20.880796072780583 ] ] ], [ [ [ 107.104845487928969, 20.886126012805391 ], [ 107.105172372607058, 20.886462212661058 ], [ 107.105290190090329, 20.88623385500847 ], [ 107.104845487928969, 20.886126012805391 ] ] ], [ [ [ 107.126102854863063, 20.887790943897016 ], [ 107.124598511212355, 20.886826718678265 ], [ 107.124502694743626, 20.888604788080556 ], [ 107.126102854863063, 20.887790943897016 ] ] ], [ [ [ 107.105019734273469, 20.887068882722815 ], [ 107.105309694586822, 20.887632447379588 ], [ 107.105422084661654, 20.887026184710749 ], [ 107.105019734273469, 20.887068882722815 ] ] ], [ [ [ 107.123840541907612, 20.887365347832713 ], [ 107.12263192592269, 20.887380452845775 ], [ 107.123645449278115, 20.887821495665605 ], [ 107.123840541907612, 20.887365347832713 ] ] ], [ [ [ 107.119207171773667, 20.887385119427904 ], [ 107.117749403112498, 20.886873888119567 ], [ 107.118745028160674, 20.888903172343646 ], [ 107.119207171773667, 20.887385119427904 ] ] ], [ [ [ 107.121609505574327, 20.889169936443523 ], [ 107.122777203305361, 20.889117784758014 ], [ 107.122529627140636, 20.888704879926308 ], [ 107.121609505574327, 20.889169936443523 ] ] ], [ [ [ 107.116915193781153, 20.890589231208082 ], [ 107.118321449275641, 20.890307156150527 ], [ 107.117906369883258, 20.889442774564486 ], [ 107.116915193781153, 20.890589231208082 ] ] ], [ [ [ 107.13101772089118, 20.891921211694694 ], [ 107.130084309143626, 20.89234765402108 ], [ 107.131024309324459, 20.892387763784427 ], [ 107.13101772089118, 20.891921211694694 ] ] ], [ [ [ 107.109327210782283, 20.894471329288592 ], [ 107.106463700139784, 20.890789349249133 ], [ 107.106219959583541, 20.894804559582781 ], [ 107.109327210782283, 20.894471329288592 ] ] ], [ [ [ 107.124867159391954, 20.894460183990361 ], [ 107.12615192187377, 20.891268508934729 ], [ 107.124271184967313, 20.892199252393766 ], [ 107.124867159391954, 20.894460183990361 ] ] ], [ [ [ 107.132240586633884, 20.892424509183854 ], [ 107.133007418757359, 20.893892667712464 ], [ 107.133123612065162, 20.892335657064962 ], [ 107.132240586633884, 20.892424509183854 ] ] ], [ [ [ 107.098847689769173, 20.893300322052312 ], [ 107.098221931596981, 20.893468820829582 ], [ 107.098939303706061, 20.89372809357684 ], [ 107.098847689769173, 20.893300322052312 ] ] ], [ [ [ 107.129404418978879, 20.895078367173085 ], [ 107.130855434630689, 20.894126921320492 ], [ 107.129067794643163, 20.894719585340738 ], [ 107.129404418978879, 20.895078367173085 ] ] ], [ [ [ 107.11183234338796, 20.894982146908603 ], [ 107.112026918008041, 20.89460475270721 ], [ 107.111656623054785, 20.894662873193226 ], [ 107.11183234338796, 20.894982146908603 ] ] ], [ [ [ 107.098812263675086, 20.894855532257054 ], [ 107.098185754568988, 20.894970403561331 ], [ 107.098761100344632, 20.895285056560283 ], [ 107.098812263675086, 20.894855532257054 ] ] ], [ [ [ 107.128014743385791, 20.896469666941584 ], [ 107.128577406921977, 20.895218242328099 ], [ 107.127255981778262, 20.895571762227121 ], [ 107.128014743385791, 20.896469666941584 ] ] ], [ [ [ 107.099142215940617, 20.896004083421758 ], [ 107.099291628405979, 20.896484688317742 ], [ 107.099462264871818, 20.896429046363437 ], [ 107.099142215940617, 20.896004083421758 ] ] ], [ [ [ 107.104523797735226, 20.896004878422445 ], [ 107.106838586131914, 20.897196038566506 ], [ 107.105496431615165, 20.895121739676711 ], [ 107.104523797735226, 20.896004878422445 ] ] ], [ [ [ 107.110914409872294, 20.896707803822153 ], [ 107.111192312075559, 20.89616865755761 ], [ 107.110421988783855, 20.896204902034697 ], [ 107.110914409872294, 20.896707803822153 ] ] ], [ [ [ 107.123996433988339, 20.895638226622907 ], [ 107.124070190986572, 20.896959560935045 ], [ 107.124874389041906, 20.897156874889959 ], [ 107.123996433988339, 20.895638226622907 ] ] ], [ [ [ 107.125674130057178, 20.897043270730421 ], [ 107.125270981070969, 20.897851892550932 ], [ 107.125789326915992, 20.897378898617319 ], [ 107.125674130057178, 20.897043270730421 ] ] ], [ [ [ 107.103943963443157, 20.898437945654791 ], [ 107.102659414100742, 20.898453760232883 ], [ 107.104090320911723, 20.89870422591946 ], [ 107.103943963443157, 20.898437945654791 ] ] ], [ [ [ 107.121508690673522, 20.900942614210351 ], [ 107.123305670120772, 20.898804270101095 ], [ 107.120935844114001, 20.900815823291794 ], [ 107.121508690673522, 20.900942614210351 ] ] ], [ [ [ 107.11518438824902, 20.899896075843287 ], [ 107.114847706356727, 20.900328778350513 ], [ 107.115331970594127, 20.900242420951088 ], [ 107.11518438824902, 20.899896075843287 ] ] ], [ [ [ 107.100427829181001, 20.900169978761596 ], [ 107.099294998165703, 20.900827250077555 ], [ 107.099963111708348, 20.901650012837877 ], [ 107.100427829181001, 20.900169978761596 ] ] ], [ [ [ 107.115339857648337, 20.900804849764086 ], [ 107.1152643451735, 20.901529035136946 ], [ 107.115717382251376, 20.901255524323119 ], [ 107.115339857648337, 20.900804849764086 ] ] ], [ [ [ 106.945114838079348, 20.907132385251487 ], [ 106.94481502569306, 20.907317982838777 ], [ 106.945111268670246, 20.907400073854319 ], [ 106.945114838079348, 20.907132385251487 ] ] ], [ [ [ 107.117975820927484, 20.909054331792106 ], [ 107.118318866422612, 20.906952746572131 ], [ 107.116368113697547, 20.908654852039888 ], [ 107.117975820927484, 20.909054331792106 ] ] ], [ [ [ 107.109803384718475, 20.910798387035982 ], [ 107.108412573281782, 20.904593614403893 ], [ 107.107802450722716, 20.911592036942977 ], [ 107.109803384718475, 20.910798387035982 ] ] ], [ [ [ 106.945709703640091, 20.909849967402124 ], [ 106.949915401175019, 20.906762617301013 ], [ 106.942527173790097, 20.909314589296855 ], [ 106.945709703640091, 20.909849967402124 ] ] ], [ [ [ 106.951181274296573, 20.908838102396658 ], [ 106.950678612627996, 20.909093893868203 ], [ 106.951148556960504, 20.909129586161555 ], [ 106.951181274296573, 20.908838102396658 ] ] ], [ [ [ 106.942092328198385, 20.910254237842878 ], [ 106.941741356978127, 20.909930035842535 ], [ 106.941539103047205, 20.91034049271974 ], [ 106.942092328198385, 20.910254237842878 ] ] ], [ [ [ 107.112901247894399, 20.908523063588632 ], [ 107.112952674726273, 20.912192581722422 ], [ 107.115275529142423, 20.910450959144498 ], [ 107.112901247894399, 20.908523063588632 ] ] ], [ [ [ 107.128172540230707, 20.913728606689915 ], [ 107.126746972694662, 20.90778975459358 ], [ 107.125852375686634, 20.907216427795959 ], [ 107.128172540230707, 20.913728606689915 ] ] ], [ [ [ 106.943382590933993, 20.912199684567838 ], [ 106.942840074010348, 20.911271694832976 ], [ 106.942421287612433, 20.911947461606189 ], [ 106.943382590933993, 20.912199684567838 ] ] ], [ [ [ 107.101445216923423, 20.911617662225353 ], [ 107.101182149037015, 20.912127898883398 ], [ 107.101681492207206, 20.912096382142352 ], [ 107.101445216923423, 20.911617662225353 ] ] ], [ [ [ 106.946590401625713, 20.913604756554435 ], [ 106.946864040143453, 20.910154538101608 ], [ 106.943836174799742, 20.913991419168724 ], [ 106.946590401625713, 20.913604756554435 ] ] ], [ [ [ 107.104140908676072, 20.912116747290156 ], [ 107.104244112176048, 20.912736605010366 ], [ 107.104587960765855, 20.912199995733317 ], [ 107.104140908676072, 20.912116747290156 ] ] ], [ [ [ 107.102852251230445, 20.912715648108701 ], [ 107.102770895860203, 20.913667353865378 ], [ 107.103939242002525, 20.913158692819479 ], [ 107.102852251230445, 20.912715648108701 ] ] ], [ [ [ 106.94882669809374, 20.913817421037265 ], [ 106.948098582683485, 20.91315593100154 ], [ 106.948531644919512, 20.914064884786626 ], [ 106.94882669809374, 20.913817421037265 ] ] ], [ [ [ 107.122130159079688, 20.91342169505532 ], [ 107.123522187299159, 20.913584252011617 ], [ 107.123489708283387, 20.912977706955701 ], [ 107.122130159079688, 20.91342169505532 ] ] ], [ [ [ 106.935503204209567, 20.913734398323925 ], [ 106.934926184795643, 20.913811730127293 ], [ 106.935224807379029, 20.914119871135256 ], [ 106.935503204209567, 20.913734398323925 ] ] ], [ [ [ 106.941537914143453, 20.913990823817528 ], [ 106.943293955551781, 20.914295395416275 ], [ 106.94258487609136, 20.913000968819745 ], [ 106.941537914143453, 20.913990823817528 ] ] ], [ [ [ 106.936045721133212, 20.914855123565246 ], [ 106.936309841226318, 20.914305468722546 ], [ 106.935577016066475, 20.914426936554037 ], [ 106.936045721133212, 20.914855123565246 ] ] ], [ [ [ 106.948968969942086, 20.916694783937203 ], [ 106.946756072035214, 20.913546758376242 ], [ 106.946449120830323, 20.914824527729877 ], [ 106.948968969942086, 20.916694783937203 ] ] ], [ [ [ 107.109535886771823, 20.91468828493646 ], [ 107.110983961640557, 20.916067856646293 ], [ 107.111163978934599, 20.913726942044775 ], [ 107.109535886771823, 20.91468828493646 ] ] ], [ [ [ 106.940005541322819, 20.914856948289582 ], [ 106.939082060788508, 20.915941807668275 ], [ 106.939382122287157, 20.916237036210362 ], [ 106.940005541322819, 20.914856948289582 ] ] ], [ [ [ 106.936585859350032, 20.915785492906252 ], [ 106.938103955433178, 20.915852118280668 ], [ 106.938051606796307, 20.914771842746347 ], [ 106.936585859350032, 20.915785492906252 ] ] ], [ [ [ 107.104972827434153, 20.916655488060428 ], [ 107.106467059107672, 20.914811681813717 ], [ 107.106214700348175, 20.914158902611291 ], [ 107.104972827434153, 20.916655488060428 ] ] ], [ [ [ 107.116918753297966, 20.917689804640872 ], [ 107.1185745490763, 20.914454920758146 ], [ 107.117949177612559, 20.914282816598813 ], [ 107.116918753297966, 20.917689804640872 ] ] ], [ [ [ 106.947635322112603, 20.916674578868822 ], [ 106.947342647645144, 20.916649000351185 ], [ 106.947444965312911, 20.916856012594963 ], [ 106.947635322112603, 20.916674578868822 ] ] ], [ [ [ 106.951428163379092, 20.91753295028559 ], [ 106.951228288155164, 20.917223620373875 ], [ 106.951161662780578, 20.917528191073188 ], [ 106.951428163379092, 20.91753295028559 ] ] ], [ [ [ 107.097746529278936, 20.917072833744271 ], [ 107.098743267687723, 20.918449485355495 ], [ 107.09813922004912, 20.916819971364703 ], [ 107.097746529278936, 20.917072833744271 ] ] ], [ [ [ 107.095194234426458, 20.917823460084776 ], [ 107.096564839895564, 20.917583425634632 ], [ 107.095029616223826, 20.917378977358055 ], [ 107.095194234426458, 20.917823460084776 ] ] ], [ [ [ 106.949394417618464, 20.918546202944981 ], [ 106.951196860446885, 20.918873379003287 ], [ 106.949138626146748, 20.916999554286065 ], [ 106.949394417618464, 20.918546202944981 ] ] ], [ [ [ 106.940100719272834, 20.919829069655975 ], [ 106.940243486647603, 20.917854117073887 ], [ 106.939910361573936, 20.916554932164559 ], [ 106.940100719272834, 20.919829069655975 ] ] ], [ [ [ 107.109162149213944, 20.918400442626478 ], [ 107.109037217193816, 20.919248487128129 ], [ 107.109188412115657, 20.919189645385984 ], [ 107.109162149213944, 20.918400442626478 ] ] ], [ [ [ 106.952832500619536, 20.918785814713601 ], [ 106.952651662244477, 20.918838163350699 ], [ 106.952789671306448, 20.918909547038083 ], [ 106.952832500619536, 20.918785814713601 ] ] ], [ [ [ 106.938925264889178, 20.919020053033194 ], [ 106.938092632968619, 20.918639005785565 ], [ 106.937887819567379, 20.919457873582076 ], [ 106.938925264889178, 20.919020053033194 ] ] ], [ [ [ 106.952109145320833, 20.919604349761016 ], [ 106.952075831734305, 20.918871476037907 ], [ 106.951785537772423, 20.919095144625373 ], [ 106.952109145320833, 20.919604349761016 ] ] ], [ [ [ 106.952943828594982, 20.919669549710079 ], [ 106.952870571619712, 20.920522821970792 ], [ 106.953603446242084, 20.919651939185655 ], [ 106.952943828594982, 20.919669549710079 ] ] ], [ [ [ 107.109419488418837, 20.922668685311635 ], [ 107.109900694961141, 20.92012260207656 ], [ 107.108799603718808, 20.919651063246022 ], [ 107.109419488418837, 20.922668685311635 ] ] ], [ [ [ 107.112242858721004, 20.922376974018107 ], [ 107.11216919525225, 20.921464476904191 ], [ 107.111804826831474, 20.921497608827679 ], [ 107.112242858721004, 20.922376974018107 ] ] ], [ [ [ 107.100754524102115, 20.921530041078711 ], [ 107.098616510943202, 20.921680405026848 ], [ 107.101290181896502, 20.923952349721276 ], [ 107.100754524102115, 20.921530041078711 ] ] ], [ [ [ 107.092406705705002, 20.921607838730949 ], [ 107.09202836092021, 20.922901243697538 ], [ 107.092321291694418, 20.923071199376409 ], [ 107.092406705705002, 20.921607838730949 ] ] ], [ [ [ 107.125751791911739, 20.925293298247198 ], [ 107.12679291456152, 20.92292007729975 ], [ 107.125199072179555, 20.925128082894844 ], [ 107.125751791911739, 20.925293298247198 ] ] ], [ [ [ 107.092380310602891, 20.924547056101744 ], [ 107.092689508314265, 20.923947595005529 ], [ 107.092336206051073, 20.923654226261647 ], [ 107.092380310602891, 20.924547056101744 ] ] ], [ [ [ 107.128483699363301, 20.923857816585098 ], [ 107.129755936087633, 20.92487453073511 ], [ 107.128926903254126, 20.923704840106325 ], [ 107.128483699363301, 20.923857816585098 ] ] ], [ [ [ 107.120960991856407, 20.925574482976174 ], [ 107.119393195639645, 20.924019521883508 ], [ 107.120675960727056, 20.925799333272778 ], [ 107.120960991856407, 20.925574482976174 ] ] ], [ [ [ 107.087153556991154, 20.925385328570087 ], [ 107.085630028103367, 20.923110837895024 ], [ 107.085551630603334, 20.926625964017092 ], [ 107.087153556991154, 20.925385328570087 ] ] ], [ [ [ 106.99471480424495, 20.924758514593918 ], [ 106.994369782039996, 20.925180870400936 ], [ 106.99511336309132, 20.925424763841875 ], [ 106.99471480424495, 20.924758514593918 ] ] ], [ [ [ 106.994007523428593, 20.923123643341455 ], [ 106.978244088793645, 20.914389286436517 ], [ 106.972913826811634, 20.935649865748701 ], [ 106.991509088073997, 20.941409801321299 ], [ 106.994007523428593, 20.923123643341455 ] ] ], [ [ [ 107.08255172338346, 20.927794259797395 ], [ 107.082534763968226, 20.928866623995532 ], [ 107.082998633380271, 20.927967498900955 ], [ 107.08255172338346, 20.927794259797395 ] ] ], [ [ [ 107.117391576360262, 20.927963808083348 ], [ 107.117969980730152, 20.929030845597197 ], [ 107.118377530998373, 20.928189402119244 ], [ 107.117391576360262, 20.927963808083348 ] ] ], [ [ [ 107.13293422833209, 20.928144322702451 ], [ 107.134468612036812, 20.931003834959142 ], [ 107.136510362663159, 20.932651393846811 ], [ 107.13293422833209, 20.928144322702451 ] ] ], [ [ [ 107.106173014972853, 20.927927202078763 ], [ 107.110283431135485, 20.928921293782821 ], [ 107.10828523917246, 20.927361794711089 ], [ 107.106173014972853, 20.927927202078763 ] ] ], [ [ [ 107.104974335597149, 20.934717166264306 ], [ 107.094854257418149, 20.930527126825552 ], [ 107.098165652922603, 20.941239166654384 ], [ 107.104974335597149, 20.934717166264306 ] ] ], [ [ [ 107.085606548603437, 20.935176711735835 ], [ 107.084344472419616, 20.935728576212796 ], [ 107.084637450857713, 20.936261252754605 ], [ 107.085606548603437, 20.935176711735835 ] ] ], [ [ [ 107.080646774928823, 20.938053108763995 ], [ 107.079967570047302, 20.933696100294924 ], [ 107.077354689667345, 20.935277392637715 ], [ 107.080646774928823, 20.938053108763995 ] ] ], [ [ [ 107.111332033446786, 20.936933854813674 ], [ 107.112677352677736, 20.935480905619443 ], [ 107.110886597438707, 20.936654763706429 ], [ 107.111332033446786, 20.936933854813674 ] ] ], [ [ [ 107.076551170600055, 20.940307921373517 ], [ 107.077302848247825, 20.937259541594642 ], [ 107.075810596881638, 20.937247908863981 ], [ 107.076551170600055, 20.940307921373517 ] ] ], [ [ [ 107.07944793367534, 20.942162007770605 ], [ 107.07790416734349, 20.939580635138327 ], [ 107.077571465850667, 20.941901890559848 ], [ 107.07944793367534, 20.942162007770605 ] ] ], [ [ [ 106.975937184753434, 20.940613761915699 ], [ 106.976469136441665, 20.941068397988317 ], [ 106.976284311372069, 20.940346522074435 ], [ 106.975937184753434, 20.940613761915699 ] ] ], [ [ [ 107.025728288329958, 20.940680350417892 ], [ 107.024986319763002, 20.941919905779173 ], [ 107.025968972989688, 20.941812069871162 ], [ 107.025728288329958, 20.940680350417892 ] ] ], [ [ [ 106.982083450191169, 20.942053093575453 ], [ 106.982822311600387, 20.942367869781435 ], [ 106.982538853385449, 20.941767607389295 ], [ 106.982083450191169, 20.942053093575453 ] ] ], [ [ [ 107.089860958816359, 20.942328912049618 ], [ 107.082986695779482, 20.941143941040139 ], [ 107.084550001681293, 20.947547069941379 ], [ 107.089860958816359, 20.942328912049618 ] ] ], [ [ [ 107.095651689873705, 20.940774630844544 ], [ 107.094079924948687, 20.945299512162933 ], [ 107.096788864614552, 20.940373204959485 ], [ 107.095651689873705, 20.940774630844544 ] ] ], [ [ [ 107.091870471445191, 20.942787562695969 ], [ 107.092211425117227, 20.944481718156908 ], [ 107.093595461061739, 20.94357091356693 ], [ 107.091870471445191, 20.942787562695969 ] ] ], [ [ [ 107.103390474790558, 20.943696256577027 ], [ 107.102672072058624, 20.944538704597676 ], [ 107.102962792299195, 20.944892503286553 ], [ 107.103390474790558, 20.943696256577027 ] ] ], [ [ [ 107.09906139296902, 20.944246102975455 ], [ 107.098668782238576, 20.944638713705729 ], [ 107.099189883606357, 20.944660130160969 ], [ 107.09906139296902, 20.944246102975455 ] ] ], [ [ [ 106.950483241208701, 20.939742462744618 ], [ 106.928229136765367, 20.941979655836519 ], [ 106.927588509202451, 20.953888716690983 ], [ 106.931947152639054, 20.954471212976159 ], [ 106.934565998222297, 20.950742809033557 ], [ 106.950483241208701, 20.939742462744618 ] ] ], [ [ [ 106.955201010917961, 20.948775759693604 ], [ 106.953088829885587, 20.943002631066747 ], [ 106.943655522584436, 20.947327861991255 ], [ 106.955201010917961, 20.948775759693604 ] ] ], [ [ [ 107.097145076184461, 20.94718316826868 ], [ 107.096358308789036, 20.94705992787334 ], [ 107.097099660421065, 20.947968830397258 ], [ 107.097145076184461, 20.94718316826868 ] ] ], [ [ [ 107.094796073080431, 20.948713353938217 ], [ 107.094019354709587, 20.948213365954246 ], [ 107.094142585212182, 20.948933841623557 ], [ 107.094796073080431, 20.948713353938217 ] ] ], [ [ [ 106.921975650555964, 20.958775037338285 ], [ 106.923631755701081, 20.954587185050741 ], [ 106.922470578954176, 20.952683617055413 ], [ 106.921975650555964, 20.958775037338285 ] ] ], [ [ [ 107.170793314060177, 20.76870099005879 ], [ 107.170549255144181, 20.76929693300707 ], [ 107.171091629075534, 20.76895409885276 ], [ 107.170793314060177, 20.76870099005879 ] ] ], [ [ [ 107.173692736430837, 20.775495976957757 ], [ 107.175247297325086, 20.775192317271774 ], [ 107.173419049349832, 20.774254226351616 ], [ 107.173692736430837, 20.775495976957757 ] ] ], [ [ [ 107.170661609246054, 20.778286976163201 ], [ 107.171016137284937, 20.775420596683318 ], [ 107.169926280373545, 20.775674734301617 ], [ 107.170661609246054, 20.778286976163201 ] ] ], [ [ [ 107.172224387245819, 20.782577831401966 ], [ 107.172090587011098, 20.783033061926346 ], [ 107.172369332778544, 20.782912424169183 ], [ 107.172224387245819, 20.782577831401966 ] ] ], [ [ [ 107.174675515562683, 20.785106832014833 ], [ 107.174420416569035, 20.784700501227121 ], [ 107.174394043050711, 20.785037262259891 ], [ 107.174675515562683, 20.785106832014833 ] ] ], [ [ [ 107.172212937976724, 20.794019037948431 ], [ 107.176465785167977, 20.79929477133669 ], [ 107.179709336716542, 20.796437928267949 ], [ 107.172212937976724, 20.794019037948431 ] ] ], [ [ [ 107.1700480332903, 20.801640616920963 ], [ 107.170901507898463, 20.801961005795874 ], [ 107.171065329301655, 20.801079217831614 ], [ 107.1700480332903, 20.801640616920963 ] ] ], [ [ [ 107.173701959877747, 20.802743210930487 ], [ 107.172751899880325, 20.80337627789288 ], [ 107.173099797217901, 20.803806624176502 ], [ 107.173701959877747, 20.802743210930487 ] ] ], [ [ [ 107.170078327852707, 20.803751707974925 ], [ 107.171280634193977, 20.803411347855501 ], [ 107.170544587662675, 20.802830337250327 ], [ 107.170078327852707, 20.803751707974925 ] ] ], [ [ [ 107.169126890993255, 20.806050206052134 ], [ 107.168230586172683, 20.805998157788849 ], [ 107.169086081557452, 20.806463717926306 ], [ 107.169126890993255, 20.806050206052134 ] ] ], [ [ [ 107.16947341326761, 20.809500025206034 ], [ 107.174337554834324, 20.807832474389329 ], [ 107.173769116751373, 20.805687221688004 ], [ 107.16947341326761, 20.809500025206034 ] ] ], [ [ [ 107.167959132108308, 20.810751304129553 ], [ 107.167961341742568, 20.808303553666235 ], [ 107.16612723918081, 20.81018007005423 ], [ 107.167959132108308, 20.810751304129553 ] ] ], [ [ [ 107.172618040290388, 20.820290497608426 ], [ 107.166235731593929, 20.812556355891104 ], [ 107.165972143899523, 20.821458582947287 ], [ 107.172618040290388, 20.820290497608426 ] ] ], [ [ [ 107.164159180801619, 20.822642464877902 ], [ 107.163718631709685, 20.823024636278035 ], [ 107.164209288328095, 20.823039386958328 ], [ 107.164159180801619, 20.822642464877902 ] ] ], [ [ [ 107.164033505941575, 20.824778370925117 ], [ 107.163912137035538, 20.824089351742259 ], [ 107.163558303273078, 20.824282169986304 ], [ 107.164033505941575, 20.824778370925117 ] ] ], [ [ [ 107.162694087162492, 20.82464883077904 ], [ 107.162231813147685, 20.825052220783448 ], [ 107.162989232966822, 20.82502180301384 ], [ 107.162694087162492, 20.82464883077904 ] ] ], [ [ [ 107.163525972645687, 20.825140532409762 ], [ 107.163755696368412, 20.825618887201983 ], [ 107.16377137424962, 20.825158291322111 ], [ 107.163525972645687, 20.825140532409762 ] ] ], [ [ [ 107.174248017432092, 20.827481761773868 ], [ 107.173640661187676, 20.826803706226201 ], [ 107.173421106099283, 20.826931274159108 ], [ 107.174248017432092, 20.827481761773868 ] ] ], [ [ [ 107.170130787106189, 20.828698007606988 ], [ 107.170337983711136, 20.829155688784056 ], [ 107.170575971304118, 20.82865047124227 ], [ 107.170130787106189, 20.828698007606988 ] ] ], [ [ [ 107.171855110325168, 20.829241108190729 ], [ 107.173508923098439, 20.829534074937726 ], [ 107.171395223111176, 20.828263483073329 ], [ 107.171855110325168, 20.829241108190729 ] ] ], [ [ [ 107.160621791962171, 20.833313393098763 ], [ 107.160313147333909, 20.832383938368139 ], [ 107.159922666198156, 20.833246458357451 ], [ 107.160621791962171, 20.833313393098763 ] ] ], [ [ [ 107.169645898739418, 20.833751719966017 ], [ 107.163985593660357, 20.827666692064156 ], [ 107.163516626890953, 20.832297095334752 ], [ 107.15817345873819, 20.835142607845171 ], [ 107.169645898739418, 20.833751719966017 ] ] ], [ [ [ 107.167036368333754, 20.837730502360955 ], [ 107.164910281084758, 20.837404445059235 ], [ 107.166881488889715, 20.838160897207786 ], [ 107.167036368333754, 20.837730502360955 ] ] ], [ [ [ 107.159927196982608, 20.837333105438631 ], [ 107.159209761921034, 20.837871894672276 ], [ 107.159803471852911, 20.838066212086176 ], [ 107.159927196982608, 20.837333105438631 ] ] ], [ [ [ 107.164060539562286, 20.838095804277998 ], [ 107.162418650900065, 20.837839260073793 ], [ 107.162834504608895, 20.838741440165506 ], [ 107.164060539562286, 20.838095804277998 ] ] ], [ [ [ 107.161872676982625, 20.837216004715003 ], [ 107.162605429297287, 20.835870706168123 ], [ 107.160178232839257, 20.838926300308685 ], [ 107.161316993084824, 20.84155874723848 ], [ 107.16575966827412, 20.84233446376453 ], [ 107.162569704628368, 20.840887501357201 ], [ 107.161872676982625, 20.837216004715003 ] ] ], [ [ [ 107.164206756736633, 20.838925814674781 ], [ 107.164418130692297, 20.8405616670874 ], [ 107.165110956705405, 20.840174765253266 ], [ 107.164206756736633, 20.838925814674781 ] ] ], [ [ [ 107.1670888383793, 20.839519510217258 ], [ 107.167533020732435, 20.840522264191179 ], [ 107.167856654361117, 20.840618933217229 ], [ 107.1670888383793, 20.839519510217258 ] ] ], [ [ [ 107.158554826144496, 20.844685820394432 ], [ 107.159251690113479, 20.83892832378325 ], [ 107.154039890428692, 20.838893108130435 ], [ 107.158554826144496, 20.844685820394432 ] ] ], [ [ [ 107.161019973992666, 20.84236022394515 ], [ 107.160195882034429, 20.84297576132235 ], [ 107.161025654110688, 20.842763576178186 ], [ 107.161019973992666, 20.84236022394515 ] ] ], [ [ [ 107.150823448043752, 20.845117753081922 ], [ 107.152840380978887, 20.84142951555981 ], [ 107.152327136987935, 20.841234344689383 ], [ 107.150823448043752, 20.845117753081922 ] ] ], [ [ [ 107.140873943377869, 20.844468655703963 ], [ 107.141242185178839, 20.843883558579421 ], [ 107.140732747118761, 20.843990787445023 ], [ 107.140873943377869, 20.844468655703963 ] ] ], [ [ [ 107.165500267823177, 20.845707341420791 ], [ 107.164914537575896, 20.844202092153012 ], [ 107.161429877786759, 20.844725120767691 ], [ 107.165500267823177, 20.845707341420791 ] ] ], [ [ [ 107.159363075645558, 20.848608743199009 ], [ 107.155591937717759, 20.847899899360982 ], [ 107.155730502560743, 20.848200813416952 ], [ 107.159363075645558, 20.848608743199009 ] ] ], [ [ [ 107.16519847692831, 20.847148418664631 ], [ 107.165678188797472, 20.848755863292524 ], [ 107.166563622613126, 20.846803296635017 ], [ 107.16519847692831, 20.847148418664631 ] ] ], [ [ [ 107.156840759693409, 20.848817064855837 ], [ 107.157716404388623, 20.849940638249961 ], [ 107.157728948132444, 20.848932009005125 ], [ 107.156840759693409, 20.848817064855837 ] ] ], [ [ [ 107.164207655159316, 20.851785326731601 ], [ 107.164097027755702, 20.853144803090288 ], [ 107.165143529250599, 20.852429638816886 ], [ 107.164207655159316, 20.851785326731601 ] ] ], [ [ [ 107.172232550391925, 20.853310711820029 ], [ 107.171869312418892, 20.854093541983559 ], [ 107.172581631237392, 20.853406593939155 ], [ 107.172232550391925, 20.853310711820029 ] ] ], [ [ [ 107.147867291942134, 20.855757721241957 ], [ 107.147113697838904, 20.856303153767612 ], [ 107.148062790165795, 20.856112552352442 ], [ 107.147867291942134, 20.855757721241957 ] ] ], [ [ [ 107.17330108167971, 20.858689244013533 ], [ 107.172854323668162, 20.857745958609257 ], [ 107.172463984625267, 20.858225396185276 ], [ 107.17330108167971, 20.858689244013533 ] ] ], [ [ [ 107.152361179924583, 20.859452441077281 ], [ 107.146870570620479, 20.859283232735038 ], [ 107.148241249833973, 20.861975339790149 ], [ 107.152361179924583, 20.859452441077281 ] ] ], [ [ [ 107.139299111764672, 20.860834127992746 ], [ 107.139831529301773, 20.860062691340261 ], [ 107.139164844781931, 20.859872743732183 ], [ 107.139299111764672, 20.860834127992746 ] ] ], [ [ [ 107.138819962871139, 20.8589706068081 ], [ 107.130411522074155, 20.859868642823585 ], [ 107.127513706792229, 20.86200085805325 ], [ 107.131161966751392, 20.863853319375323 ], [ 107.138819962871139, 20.8589706068081 ] ] ], [ [ [ 107.135733352012664, 20.86266810015286 ], [ 107.135791385264326, 20.863612741734698 ], [ 107.136284752439508, 20.863669604069116 ], [ 107.135733352012664, 20.86266810015286 ] ] ], [ [ [ 107.15145325226581, 20.862530452618387 ], [ 107.153057832552975, 20.863820223424682 ], [ 107.152278785837495, 20.862579570890546 ], [ 107.15145325226581, 20.862530452618387 ] ] ], [ [ [ 107.156236155374415, 20.864226775445502 ], [ 107.157496768361227, 20.863645200965379 ], [ 107.156412489045294, 20.863241995321914 ], [ 107.156236155374415, 20.864226775445502 ] ] ], [ [ [ 107.160717568860775, 20.865050030134796 ], [ 107.164955393776495, 20.865945323218227 ], [ 107.168087388922004, 20.862754124803189 ], [ 107.160717568860775, 20.865050030134796 ] ] ], [ [ [ 107.154368044050102, 20.864488411611035 ], [ 107.154849822561459, 20.864899131090112 ], [ 107.154906484346895, 20.864422127978969 ], [ 107.154368044050102, 20.864488411611035 ] ] ], [ [ [ 107.136881229585242, 20.866267282309423 ], [ 107.137527111886811, 20.864452364984743 ], [ 107.136022965187749, 20.864156121108181 ], [ 107.136881229585242, 20.866267282309423 ] ] ], [ [ [ 107.16523972613254, 20.868144474088353 ], [ 107.166089182569806, 20.866947650014197 ], [ 107.165051910817226, 20.867638600940722 ], [ 107.16523972613254, 20.868144474088353 ] ] ], [ [ [ 107.155065491679181, 20.868094103060457 ], [ 107.155276964560358, 20.86717271794663 ], [ 107.154759223059841, 20.868007670118061 ], [ 107.155065491679181, 20.868094103060457 ] ] ], [ [ [ 107.145913072330586, 20.873400441277454 ], [ 107.145542503983563, 20.870762144257696 ], [ 107.138663997945173, 20.867830358884078 ], [ 107.138565422356407, 20.869827870959455 ], [ 107.145913072330586, 20.873400441277454 ] ] ], [ [ [ 107.145551524183588, 20.869154377672544 ], [ 107.145632131317882, 20.868141007201814 ], [ 107.144437415254572, 20.868900362361899 ], [ 107.145551524183588, 20.869154377672544 ] ] ], [ [ [ 107.155328449848241, 20.86965446278333 ], [ 107.155589414220287, 20.869225176800569 ], [ 107.155267911085218, 20.869154017044423 ], [ 107.155328449848241, 20.86965446278333 ] ] ], [ [ [ 107.15344372264974, 20.872334865161918 ], [ 107.153168462654492, 20.871761907086466 ], [ 107.153017569005613, 20.87241544261866 ], [ 107.15344372264974, 20.872334865161918 ] ] ], [ [ [ 107.157313154678377, 20.872110568847802 ], [ 107.158292007370278, 20.873326365019807 ], [ 107.158525830203018, 20.87287222717157 ], [ 107.157313154678377, 20.872110568847802 ] ] ], [ [ [ 107.142021493597156, 20.875163613410223 ], [ 107.136714969220634, 20.871340649351623 ], [ 107.136673137255571, 20.878476820149217 ], [ 107.142021493597156, 20.875163613410223 ] ] ], [ [ [ 107.135165163041961, 20.875935950283917 ], [ 107.13386309220806, 20.872935070896801 ], [ 107.131463763941667, 20.875744117696968 ], [ 107.135165163041961, 20.875935950283917 ] ] ], [ [ [ 107.171170767616957, 20.880998615393821 ], [ 107.16996641082136, 20.875685195015819 ], [ 107.168453954386564, 20.875996383826191 ], [ 107.171170767616957, 20.880998615393821 ] ] ], [ [ [ 107.167050779070394, 20.878496099815266 ], [ 107.168359870911331, 20.877567019202615 ], [ 107.16781120082635, 20.877281974583582 ], [ 107.167050779070394, 20.878496099815266 ] ] ], [ [ [ 107.175353515352526, 20.879741052007944 ], [ 107.172684843730678, 20.880796901955534 ], [ 107.172807836812353, 20.881233341145901 ], [ 107.175353515352526, 20.879741052007944 ] ] ], [ [ [ 107.166215530122656, 20.879930038240843 ], [ 107.166955556154051, 20.879993703047091 ], [ 107.166831008144641, 20.87944784694065 ], [ 107.166215530122656, 20.879930038240843 ] ] ], [ [ [ 107.159884891075023, 20.881769014228666 ], [ 107.159156701920381, 20.880555484348179 ], [ 107.158479794806738, 20.881082757763181 ], [ 107.159884891075023, 20.881769014228666 ] ] ], [ [ [ 107.168780696971737, 20.882488872063902 ], [ 107.169466553238976, 20.881494731796522 ], [ 107.168266633698181, 20.881911387700484 ], [ 107.168780696971737, 20.882488872063902 ] ] ], [ [ [ 107.139996038686377, 20.882534177210573 ], [ 107.139388772374105, 20.883552960700683 ], [ 107.140343105949626, 20.883618757799468 ], [ 107.139996038686377, 20.882534177210573 ] ] ], [ [ [ 107.169080169414485, 20.884382991781706 ], [ 107.168442062651138, 20.88329612601558 ], [ 107.168496765713314, 20.884390394101501 ], [ 107.169080169414485, 20.884382991781706 ] ] ], [ [ [ 107.17512757867496, 20.885656625153274 ], [ 107.175393470432482, 20.882514368743159 ], [ 107.173969266268784, 20.883554399615946 ], [ 107.17512757867496, 20.885656625153274 ] ] ], [ [ [ 107.164356906646049, 20.885939262287195 ], [ 107.163181797602022, 20.885370224356507 ], [ 107.163387198260637, 20.886134106703707 ], [ 107.164356906646049, 20.885939262287195 ] ] ], [ [ [ 107.173138266617855, 20.885280404567197 ], [ 107.173579290551857, 20.886187277321142 ], [ 107.17400124076471, 20.885780386255931 ], [ 107.173138266617855, 20.885280404567197 ] ] ], [ [ [ 107.164526029552633, 20.886886082027161 ], [ 107.164298990306236, 20.887326961170288 ], [ 107.164684767987694, 20.88710311721519 ], [ 107.164526029552633, 20.886886082027161 ] ] ], [ [ [ 107.137344888555845, 20.888478344300324 ], [ 107.136874233758931, 20.887434308746492 ], [ 107.136679082673595, 20.88829227007227 ], [ 107.137344888555845, 20.888478344300324 ] ] ], [ [ [ 107.167331035698737, 20.887179013700575 ], [ 107.167080665340563, 20.888715152882128 ], [ 107.167585317208761, 20.888635799402778 ], [ 107.167331035698737, 20.887179013700575 ] ] ], [ [ [ 107.164474316736403, 20.888711705780679 ], [ 107.163931520123754, 20.888828010604186 ], [ 107.164439235082739, 20.888967583587259 ], [ 107.164474316736403, 20.888711705780679 ] ] ], [ [ [ 107.174856960080774, 20.891171150128571 ], [ 107.17582502360608, 20.890866914876312 ], [ 107.175584863250833, 20.890395495655639 ], [ 107.174856960080774, 20.891171150128571 ] ] ], [ [ [ 107.163885124998501, 20.892157819727743 ], [ 107.163942160002762, 20.891871725599799 ], [ 107.163720272972284, 20.89199083361018 ], [ 107.163885124998501, 20.892157819727743 ] ] ], [ [ [ 107.167458587443946, 20.892226116941856 ], [ 107.169273039819132, 20.894191481851408 ], [ 107.170353356722103, 20.89352441781773 ], [ 107.167458587443946, 20.892226116941856 ] ] ], [ [ [ 107.15560872536247, 20.897716310759279 ], [ 107.156101153645523, 20.891915361604845 ], [ 107.15476914438068, 20.89616458632662 ], [ 107.15560872536247, 20.897716310759279 ] ] ], [ [ [ 107.16365183276605, 20.894887753167438 ], [ 107.163673140403148, 20.894262575957157 ], [ 107.163286121657165, 20.894721912786167 ], [ 107.16365183276605, 20.894887753167438 ] ] ], [ [ [ 107.150306885554414, 20.896511004279603 ], [ 107.149326310660797, 20.893128997605231 ], [ 107.150014642761619, 20.896934539997062 ], [ 107.150306885554414, 20.896511004279603 ] ] ], [ [ [ 107.162683165795613, 20.895385963191757 ], [ 107.162941895352276, 20.895739609895145 ], [ 107.163065172619611, 20.895500042193305 ], [ 107.162683165795613, 20.895385963191757 ] ] ], [ [ [ 107.170419952419024, 20.896253519384516 ], [ 107.170759081366555, 20.896581482349575 ], [ 107.170834914899388, 20.896377454056449 ], [ 107.170419952419024, 20.896253519384516 ] ] ], [ [ [ 107.159874338430029, 20.896967915636878 ], [ 107.160498452641548, 20.896285909367293 ], [ 107.159701853857655, 20.896732177248282 ], [ 107.159874338430029, 20.896967915636878 ] ] ], [ [ [ 107.162510498660765, 20.898084427554465 ], [ 107.162756082827116, 20.897526209367243 ], [ 107.162331916684707, 20.897412573731401 ], [ 107.162510498660765, 20.898084427554465 ] ] ], [ [ [ 107.168309491789671, 20.898777044924714 ], [ 107.168979235803135, 20.896922182412936 ], [ 107.167426792812307, 20.898447396630047 ], [ 107.168309491789671, 20.898777044924714 ] ] ], [ [ [ 107.173049827287855, 20.899911721348985 ], [ 107.172648199055118, 20.899344566598586 ], [ 107.172432881572377, 20.899421161857276 ], [ 107.173049827287855, 20.899911721348985 ] ] ], [ [ [ 107.165733924281255, 20.898876259931569 ], [ 107.16444327663595, 20.903175039096936 ], [ 107.167524425012402, 20.902898047906774 ], [ 107.165733924281255, 20.898876259931569 ] ] ], [ [ [ 107.158750753344634, 20.901145546229998 ], [ 107.159929396724351, 20.900813451779413 ], [ 107.158786821554713, 20.900708893001024 ], [ 107.158750753344634, 20.901145546229998 ] ] ], [ [ [ 107.174009376031961, 20.900970089398186 ], [ 107.17305588422181, 20.901702018833078 ], [ 107.173980713738956, 20.901708671118399 ], [ 107.174009376031961, 20.900970089398186 ] ] ], [ [ [ 107.140249577356258, 20.901177995568162 ], [ 107.139252218415209, 20.903065139244859 ], [ 107.141004229061991, 20.901566909185533 ], [ 107.140249577356258, 20.901177995568162 ] ] ], [ [ [ 107.143191748100776, 20.902617656379846 ], [ 107.143151134717186, 20.901516239582975 ], [ 107.142118704914424, 20.902678068338332 ], [ 107.143191748100776, 20.902617656379846 ] ] ], [ [ [ 107.149895373772608, 20.903400936204321 ], [ 107.152448663275266, 20.903837663177683 ], [ 107.150446781393839, 20.901799711287765 ], [ 107.149895373772608, 20.903400936204321 ] ] ], [ [ [ 107.173753847162402, 20.905371584630984 ], [ 107.174668464877868, 20.905916131324432 ], [ 107.173954535373525, 20.904780062749751 ], [ 107.173753847162402, 20.905371584630984 ] ] ], [ [ [ 107.140199075926716, 20.911183188053656 ], [ 107.141663077788849, 20.907397212211663 ], [ 107.14042112393588, 20.907084207670096 ], [ 107.140199075926716, 20.911183188053656 ] ] ], [ [ [ 107.153150046337657, 20.912730494117056 ], [ 107.150414120715254, 20.910885281330764 ], [ 107.148711511627027, 20.911450991769925 ], [ 107.153150046337657, 20.912730494117056 ] ] ], [ [ [ 107.147154873298746, 20.914375714767402 ], [ 107.148504483195495, 20.912695291054888 ], [ 107.146843508221423, 20.913559597997164 ], [ 107.147154873298746, 20.914375714767402 ] ] ], [ [ [ 107.149659564337526, 20.91800480208002 ], [ 107.150467503572486, 20.916688288134026 ], [ 107.148507354730668, 20.916549719693876 ], [ 107.149659564337526, 20.91800480208002 ] ] ], [ [ [ 107.156679811624144, 20.919846581254887 ], [ 107.156358584581085, 20.918633055870885 ], [ 107.155689443113374, 20.919149531126152 ], [ 107.156679811624144, 20.919846581254887 ] ] ], [ [ [ 107.159192522816852, 20.919104189107145 ], [ 107.158107488969506, 20.919960795154736 ], [ 107.158571484286711, 20.920310575672715 ], [ 107.159192522816852, 20.919104189107145 ] ] ], [ [ [ 107.171456662095352, 20.921016562364571 ], [ 107.171230613002479, 20.920933280646523 ], [ 107.171215740913851, 20.921025485437895 ], [ 107.171456662095352, 20.921016562364571 ] ] ], [ [ [ 107.164947926705622, 20.920175145866324 ], [ 107.166476052927578, 20.921202874013545 ], [ 107.166211932834528, 20.920360544703385 ], [ 107.164947926705622, 20.920175145866324 ] ] ], [ [ [ 107.153685974827852, 20.924758263682975 ], [ 107.152406751270746, 20.924501875960914 ], [ 107.152734189931095, 20.92551017425518 ], [ 107.153685974827852, 20.924758263682975 ] ] ], [ [ [ 107.164254827298578, 20.927824120886612 ], [ 107.165355326786937, 20.930328502558439 ], [ 107.166051320212318, 20.930477219847944 ], [ 107.164254827298578, 20.927824120886612 ] ] ], [ [ [ 107.136817822884382, 20.930310151892058 ], [ 107.138499126133866, 20.928739044371525 ], [ 107.137940523036775, 20.928155532751703 ], [ 107.136817822884382, 20.930310151892058 ] ] ], [ [ [ 107.164084537071858, 20.935466315018573 ], [ 107.154076524312188, 20.924537450443097 ], [ 107.154968820854435, 20.931640142178992 ], [ 107.164084537071858, 20.935466315018573 ] ] ], [ [ [ 107.150078032375347, 20.934441811840259 ], [ 107.153412203210735, 20.932543549845036 ], [ 107.148875258386511, 20.929931012106692 ], [ 107.150078032375347, 20.934441811840259 ] ] ], [ [ [ 107.172739525209067, 20.937107082226134 ], [ 107.167000265050376, 20.932034071315456 ], [ 107.164777847819494, 20.932262499115154 ], [ 107.172739525209067, 20.937107082226134 ] ] ], [ [ [ 107.150241711685794, 20.938304498054322 ], [ 107.144436113935512, 20.934182177565447 ], [ 107.14540190487412, 20.939179057267836 ], [ 107.150241711685794, 20.938304498054322 ] ] ], [ [ [ 107.163506752334797, 20.942438474655887 ], [ 107.162723094795069, 20.94164201526678 ], [ 107.162400917168611, 20.942417816329282 ], [ 107.163506752334797, 20.942438474655887 ] ] ], [ [ [ 107.167811661279188, 20.943201674417764 ], [ 107.16539055862745, 20.939929914733796 ], [ 107.165890246238064, 20.945206370277958 ], [ 107.167811661279188, 20.943201674417764 ] ] ], [ [ [ 107.16164561705159, 20.942329813170431 ], [ 107.159462462422766, 20.944721170745481 ], [ 107.164161896754251, 20.945524239252279 ], [ 107.163204163741341, 20.943103136600598 ], [ 107.16164561705159, 20.942329813170431 ] ] ], [ [ [ 107.169828254270612, 20.943439619742719 ], [ 107.170446914093873, 20.946318767796924 ], [ 107.172035204061501, 20.944623401848673 ], [ 107.169828254270612, 20.943439619742719 ] ] ], [ [ [ 107.179082388741392, 20.737928636697291 ], [ 107.179321221697137, 20.73725465058169 ], [ 107.178830478743691, 20.737683978832649 ], [ 107.179082388741392, 20.737928636697291 ] ] ], [ [ [ 107.193753208244118, 20.73986398943174 ], [ 107.194430670239228, 20.739918816600152 ], [ 107.194426009952508, 20.739601231811434 ], [ 107.193753208244118, 20.73986398943174 ] ] ], [ [ [ 107.195977476279666, 20.742127992213227 ], [ 107.195870431775006, 20.742746499151735 ], [ 107.196218392065305, 20.742760202121644 ], [ 107.195977476279666, 20.742127992213227 ] ] ], [ [ [ 107.192084332725813, 20.742885571212241 ], [ 107.192526136372294, 20.742698449274201 ], [ 107.192234540192032, 20.742575038906978 ], [ 107.192084332725813, 20.742885571212241 ] ] ], [ [ [ 107.191077747640122, 20.744114630585784 ], [ 107.191391427572455, 20.744419157218317 ], [ 107.191405430916006, 20.744055917446758 ], [ 107.191077747640122, 20.744114630585784 ] ] ], [ [ [ 107.193371136668702, 20.74834757667935 ], [ 107.193584525105905, 20.746401784614818 ], [ 107.192692268133783, 20.746704543180215 ], [ 107.193371136668702, 20.74834757667935 ] ] ], [ [ [ 107.178772817811478, 20.749225916642786 ], [ 107.178833969911921, 20.749797321589256 ], [ 107.179197313105647, 20.74927028559523 ], [ 107.178772817811478, 20.749225916642786 ] ] ], [ [ [ 107.179510333835026, 20.754466223937186 ], [ 107.180062554443452, 20.754185452896479 ], [ 107.179507045014248, 20.754242341311169 ], [ 107.179510333835026, 20.754466223937186 ] ] ], [ [ [ 107.188024858660469, 20.755203846080633 ], [ 107.187901382642792, 20.755827435987499 ], [ 107.188479034280078, 20.755471735232561 ], [ 107.188024858660469, 20.755203846080633 ] ] ], [ [ [ 107.188231807052375, 20.756693996630815 ], [ 107.18770229702352, 20.756725661760015 ], [ 107.188052351834585, 20.757119207785252 ], [ 107.188231807052375, 20.756693996630815 ] ] ], [ [ [ 107.193181909417717, 20.761476075060955 ], [ 107.191243704033809, 20.76209800122183 ], [ 107.193266230751988, 20.761810881866836 ], [ 107.193181909417717, 20.761476075060955 ] ] ], [ [ [ 107.189333757147324, 20.762561534287443 ], [ 107.18915487479768, 20.762323097932665 ], [ 107.189144521802405, 20.762538665427201 ], [ 107.189333757147324, 20.762561534287443 ] ] ], [ [ [ 107.187122845842794, 20.771866240334873 ], [ 107.184480042320274, 20.774943972186634 ], [ 107.188366129793053, 20.776620302185165 ], [ 107.187122845842794, 20.771866240334873 ] ] ], [ [ [ 107.195982810158569, 20.775633122670513 ], [ 107.196483702860689, 20.776755168116608 ], [ 107.196809424715298, 20.776496109408072 ], [ 107.195982810158569, 20.775633122670513 ] ] ], [ [ [ 107.184464287996548, 20.777085071818647 ], [ 107.185337573770198, 20.776331217811503 ], [ 107.184298773169985, 20.776890614110584 ], [ 107.184464287996548, 20.777085071818647 ] ] ], [ [ [ 107.199532403697503, 20.778499643343991 ], [ 107.1998694624059, 20.779022981325625 ], [ 107.20011599265905, 20.778637710861744 ], [ 107.199532403697503, 20.778499643343991 ] ] ], [ [ [ 107.178002544881565, 20.77913337670401 ], [ 107.176202363848176, 20.778522722645619 ], [ 107.177925188796507, 20.780226616864979 ], [ 107.178002544881565, 20.77913337670401 ] ] ], [ [ [ 107.18808231274852, 20.786834862239175 ], [ 107.187848432359317, 20.785925543329199 ], [ 107.187649415088572, 20.785907493036405 ], [ 107.18808231274852, 20.786834862239175 ] ] ], [ [ [ 107.191687863004574, 20.787265760706475 ], [ 107.192429955678108, 20.788189257428428 ], [ 107.192483862840049, 20.787338478987806 ], [ 107.191687863004574, 20.787265760706475 ] ] ], [ [ [ 107.203143039619647, 20.797056418119269 ], [ 107.201824884411053, 20.796634894185104 ], [ 107.20288516711696, 20.797665217775659 ], [ 107.203143039619647, 20.797056418119269 ] ] ], [ [ [ 107.181800388177408, 20.797852662570449 ], [ 107.182686608899985, 20.797405641057651 ], [ 107.181646139157976, 20.797050130059574 ], [ 107.181800388177408, 20.797852662570449 ] ] ], [ [ [ 107.184290476923991, 20.79969812177103 ], [ 107.183844825078609, 20.79849705469536 ], [ 107.183503738306968, 20.799607558242258 ], [ 107.184290476923991, 20.79969812177103 ] ] ], [ [ [ 107.181609354188424, 20.799463994967539 ], [ 107.181938858591593, 20.800029720695136 ], [ 107.182538933025455, 20.799552840791023 ], [ 107.181609354188424, 20.799463994967539 ] ] ], [ [ [ 107.175373023446298, 20.801394190989242 ], [ 107.176442468445202, 20.802012482090561 ], [ 107.175691355571587, 20.800834860340615 ], [ 107.175373023446298, 20.801394190989242 ] ] ], [ [ [ 107.183617560102334, 20.804563636602552 ], [ 107.183423569142519, 20.80242160077637 ], [ 107.182335284245994, 20.803335386618869 ], [ 107.183617560102334, 20.804563636602552 ] ] ], [ [ [ 107.186512696304078, 20.808674893631405 ], [ 107.189741367670081, 20.809663271942554 ], [ 107.186915204073387, 20.805119516552622 ], [ 107.186512696304078, 20.808674893631405 ] ] ], [ [ [ 107.194679017123121, 20.809617645737831 ], [ 107.194452119969412, 20.809065443115742 ], [ 107.194174003727369, 20.809521268991432 ], [ 107.194679017123121, 20.809617645737831 ] ] ], [ [ [ 107.177511086967229, 20.812413491389577 ], [ 107.173654538626067, 20.810819041965317 ], [ 107.173552995274576, 20.811519639020219 ], [ 107.177511086967229, 20.812413491389577 ] ] ], [ [ [ 107.176294283554512, 20.817096921385939 ], [ 107.176926157116498, 20.813155172173538 ], [ 107.175816398208269, 20.813623788207337 ], [ 107.176294283554512, 20.817096921385939 ] ] ], [ [ [ 107.186641497207518, 20.815406069134838 ], [ 107.186865305189826, 20.816041479730586 ], [ 107.187140179375774, 20.815265443945123 ], [ 107.186641497207518, 20.815406069134838 ] ] ], [ [ [ 107.17817128917369, 20.819503266162883 ], [ 107.179653771204698, 20.819064743243359 ], [ 107.179200024561624, 20.818580954747347 ], [ 107.17817128917369, 20.819503266162883 ] ] ], [ [ [ 107.18347541595773, 20.820559888628111 ], [ 107.182155656358532, 20.820616066578395 ], [ 107.183397022054976, 20.820934692781861 ], [ 107.18347541595773, 20.820559888628111 ] ] ], [ [ [ 107.19795046923889, 20.820528234290634 ], [ 107.197731056243356, 20.820019282763667 ], [ 107.19719251971901, 20.820481072043947 ], [ 107.19795046923889, 20.820528234290634 ] ] ], [ [ [ 107.181015930241131, 20.822471162913985 ], [ 107.176096010922265, 20.818980660229386 ], [ 107.170968508290173, 20.82415719300019 ], [ 107.181015930241131, 20.822471162913985 ] ] ], [ [ [ 107.18191943413467, 20.825264824112367 ], [ 107.180442439766807, 20.824701700123512 ], [ 107.180907323614122, 20.825693229658953 ], [ 107.18191943413467, 20.825264824112367 ] ] ], [ [ [ 107.191653165361402, 20.825750765585553 ], [ 107.192374778673297, 20.826333749303217 ], [ 107.192535611629296, 20.826074181578406 ], [ 107.191653165361402, 20.825750765585553 ] ] ], [ [ [ 107.178585864046454, 20.828964310354706 ], [ 107.178349690386085, 20.824853103687872 ], [ 107.176289616073007, 20.827829824586786 ], [ 107.178585864046454, 20.828964310354706 ] ] ], [ [ [ 107.18327936914767, 20.828766770669972 ], [ 107.182206969875892, 20.827068787694429 ], [ 107.182570106225455, 20.829011921363133 ], [ 107.18327936914767, 20.828766770669972 ] ] ], [ [ [ 107.183596817239447, 20.830435094004372 ], [ 107.186555985170628, 20.830692505155127 ], [ 107.184077361880895, 20.828874609275942 ], [ 107.183596817239447, 20.830435094004372 ] ] ], [ [ [ 107.175539573392768, 20.831224101611042 ], [ 107.176250101660969, 20.831026730099552 ], [ 107.175663192402567, 20.830511038154043 ], [ 107.175539573392768, 20.831224101611042 ] ] ], [ [ [ 107.1827425341408, 20.832236363217646 ], [ 107.182285996001951, 20.832557023687741 ], [ 107.182540925023659, 20.832789797011571 ], [ 107.1827425341408, 20.832236363217646 ] ] ], [ [ [ 107.195672741004216, 20.83285761218923 ], [ 107.195968679111331, 20.832388733553387 ], [ 107.195612534091367, 20.832496681876535 ], [ 107.195672741004216, 20.83285761218923 ] ] ], [ [ [ 107.198114761886814, 20.83424700629439 ], [ 107.19908875104511, 20.83309783909408 ], [ 107.197751407901137, 20.833864235046462 ], [ 107.198114761886814, 20.83424700629439 ] ] ], [ [ [ 107.176102510322721, 20.835069590089631 ], [ 107.176797372400813, 20.834833768064073 ], [ 107.175683410061367, 20.833940495757247 ], [ 107.176102510322721, 20.835069590089631 ] ] ], [ [ [ 107.193279001125063, 20.837579597020977 ], [ 107.19197152356702, 20.837596426034338 ], [ 107.19205782970522, 20.837829085144278 ], [ 107.193279001125063, 20.837579597020977 ] ] ], [ [ [ 107.189727297776699, 20.838370218910541 ], [ 107.191693642047937, 20.838476705835433 ], [ 107.19181503793385, 20.83826089192678 ], [ 107.189727297776699, 20.838370218910541 ] ] ], [ [ [ 107.186606572035771, 20.839847253747905 ], [ 107.189837144568628, 20.839299348985833 ], [ 107.186373734860126, 20.839538455335628 ], [ 107.186606572035771, 20.839847253747905 ] ] ], [ [ [ 107.193745714193426, 20.842310976170779 ], [ 107.192032718835037, 20.839956379283535 ], [ 107.190979015569269, 20.841313118105973 ], [ 107.193745714193426, 20.842310976170779 ] ] ], [ [ [ 107.188385771885976, 20.845163499795717 ], [ 107.188218736305771, 20.843665186099486 ], [ 107.187700734001794, 20.843730223271223 ], [ 107.188385771885976, 20.845163499795717 ] ] ], [ [ [ 107.172277440051914, 20.85270753832242 ], [ 107.184006757006387, 20.848039294278124 ], [ 107.186396776390211, 20.840365584304323 ], [ 107.172277440051914, 20.85270753832242 ] ] ], [ [ [ 107.188430636364899, 20.853684371136865 ], [ 107.18756917667622, 20.854034244285117 ], [ 107.188543814245804, 20.85402169334651 ], [ 107.188430636364899, 20.853684371136865 ] ] ], [ [ [ 107.18477287686693, 20.855425501785589 ], [ 107.185255814604204, 20.85636819993249 ], [ 107.186350526056003, 20.85465973176133 ], [ 107.18477287686693, 20.855425501785589 ] ] ], [ [ [ 107.177386081202883, 20.856502378781897 ], [ 107.176871790400924, 20.855898915702539 ], [ 107.17641621723476, 20.856853580228631 ], [ 107.177386081202883, 20.856502378781897 ] ] ], [ [ [ 107.179482400892084, 20.856645076908762 ], [ 107.180935327603322, 20.857236570011821 ], [ 107.179481503368834, 20.856577280616989 ], [ 107.179482400892084, 20.856645076908762 ] ] ], [ [ [ 107.189503288346145, 20.857940397431435 ], [ 107.189683947756066, 20.856706250593049 ], [ 107.188996691244483, 20.856613287673213 ], [ 107.189503288346145, 20.857940397431435 ] ] ], [ [ [ 107.188944794067083, 20.860513866821577 ], [ 107.188861263236845, 20.859735007165 ], [ 107.188615456038576, 20.860212989637944 ], [ 107.188944794067083, 20.860513866821577 ] ] ], [ [ [ 107.182772702798047, 20.859449733218639 ], [ 107.181097458281272, 20.860962159975827 ], [ 107.183248382107138, 20.859884193001278 ], [ 107.182772702798047, 20.859449733218639 ] ] ], [ [ [ 107.176244431435464, 20.862481076240783 ], [ 107.175657444835338, 20.864352419728561 ], [ 107.177236702012294, 20.863688461053698 ], [ 107.176244431435464, 20.862481076240783 ] ] ], [ [ [ 107.199354097813512, 20.864738126363534 ], [ 107.198502763591705, 20.863324474844717 ], [ 107.196647740101184, 20.864908607246491 ], [ 107.199354097813512, 20.864738126363534 ] ] ], [ [ [ 107.201966080670161, 20.865518666853063 ], [ 107.202290475125494, 20.867956647980975 ], [ 107.202799012064759, 20.865677505112899 ], [ 107.201966080670161, 20.865518666853063 ] ] ], [ [ [ 107.183523387594335, 20.867737867208973 ], [ 107.185154344097896, 20.868123706044344 ], [ 107.184163621254186, 20.867051698876878 ], [ 107.183523387594335, 20.867737867208973 ] ] ], [ [ [ 107.193609608996439, 20.868356500951791 ], [ 107.196193449368309, 20.865965958162462 ], [ 107.193777997156928, 20.866268276959488 ], [ 107.193609608996439, 20.868356500951791 ] ] ], [ [ [ 107.18094347276309, 20.87166863390047 ], [ 107.179733100402302, 20.874147649294684 ], [ 107.182508408236515, 20.873739168228099 ], [ 107.18094347276309, 20.87166863390047 ] ] ], [ [ [ 107.189979393034662, 20.875814498640352 ], [ 107.191800564244716, 20.873128416143459 ], [ 107.190614318895882, 20.873516785671313 ], [ 107.189979393034662, 20.875814498640352 ] ] ], [ [ [ 107.18568826799924, 20.876310295783583 ], [ 107.182629108047024, 20.874585637117605 ], [ 107.184407182845348, 20.877649603946111 ], [ 107.186472156664877, 20.878064096081289 ], [ 107.18568826799924, 20.876310295783583 ] ] ], [ [ [ 107.188307303339514, 20.875089656762441 ], [ 107.187258568827986, 20.875001319055684 ], [ 107.187775436187565, 20.875774905987271 ], [ 107.188307303339514, 20.875089656762441 ] ] ], [ [ [ 107.182800778733053, 20.88146918385587 ], [ 107.213841138158102, 20.872386639132117 ], [ 107.206743682275146, 20.869917402965825 ], [ 107.205562760912869, 20.864488622052306 ], [ 107.204762261769076, 20.871520227776273 ], [ 107.182800778733053, 20.88146918385587 ] ] ], [ [ [ 107.18180596487349, 20.879439782719885 ], [ 107.18221107977763, 20.877865181333163 ], [ 107.181197288424187, 20.877695730173912 ], [ 107.18180596487349, 20.879439782719885 ] ] ], [ [ [ 107.177880765884709, 20.879672397762988 ], [ 107.178784196033916, 20.880281273861726 ], [ 107.178974919756797, 20.880023412150877 ], [ 107.177880765884709, 20.879672397762988 ] ] ], [ [ [ 107.181293112087474, 20.88163623472451 ], [ 107.178939778747917, 20.882980158207772 ], [ 107.179704500162643, 20.884758795082519 ], [ 107.181293112087474, 20.88163623472451 ] ] ], [ [ [ 107.1817993557558, 20.884367113351743 ], [ 107.181623725354768, 20.882982492847816 ], [ 107.18110197827383, 20.884558490881716 ], [ 107.1817993557558, 20.884367113351743 ] ] ], [ [ [ 107.1840880817997, 20.883936454104116 ], [ 107.183693005128248, 20.886204360842612 ], [ 107.184043094113576, 20.886199796783217 ], [ 107.1840880817997, 20.883936454104116 ] ] ], [ [ [ 107.197392495667202, 20.885442169220767 ], [ 107.196537461634648, 20.885497853443326 ], [ 107.197397122679206, 20.885754510962045 ], [ 107.197392495667202, 20.885442169220767 ] ] ], [ [ [ 107.177503544353215, 20.885881803702318 ], [ 107.177553577235926, 20.886647644773063 ], [ 107.177824133776824, 20.886534764567784 ], [ 107.177503544353215, 20.885881803702318 ] ] ], [ [ [ 107.182602410772802, 20.886108768305121 ], [ 107.182652390595365, 20.88687460487921 ], [ 107.183262478080962, 20.886027292425752 ], [ 107.182602410772802, 20.886108768305121 ] ] ], [ [ [ 107.200836988136587, 20.883613184700835 ], [ 107.200354213176468, 20.889642534675318 ], [ 107.20382878257243, 20.886608546747084 ], [ 107.200836988136587, 20.883613184700835 ] ] ], [ [ [ 107.187290999280265, 20.887545211342569 ], [ 107.186178808605234, 20.885953628057678 ], [ 107.185910743186298, 20.886248965417565 ], [ 107.187290999280265, 20.887545211342569 ] ] ], [ [ [ 107.205358495198482, 20.887168836073101 ], [ 107.204225910597472, 20.887763465111902 ], [ 107.204467570122347, 20.888028058248324 ], [ 107.205358495198482, 20.887168836073101 ] ] ], [ [ [ 107.178157441412907, 20.888063381819734 ], [ 107.179638467441464, 20.888263454894627 ], [ 107.178345540014845, 20.887622983813685 ], [ 107.178157441412907, 20.888063381819734 ] ] ], [ [ [ 107.196862834552235, 20.888259791056555 ], [ 107.197529772680923, 20.888340423371915 ], [ 107.196907201706097, 20.888036204307411 ], [ 107.196862834552235, 20.888259791056555 ] ] ], [ [ [ 107.191759245792639, 20.888535783999316 ], [ 107.19052848580111, 20.889501145061899 ], [ 107.192470944978254, 20.889330147968053 ], [ 107.191759245792639, 20.888535783999316 ] ] ], [ [ [ 107.189023449672504, 20.890324012143594 ], [ 107.188662760378236, 20.889598186407341 ], [ 107.188081461090576, 20.889751628734814 ], [ 107.189023449672504, 20.890324012143594 ] ] ], [ [ [ 107.192038176820574, 20.891673307277301 ], [ 107.192472894708374, 20.892142566326527 ], [ 107.192544780217474, 20.891739852612261 ], [ 107.192038176820574, 20.891673307277301 ] ] ], [ [ [ 107.187916690902682, 20.891799172793753 ], [ 107.188119583352204, 20.892380933433401 ], [ 107.188270420343656, 20.892050255415086 ], [ 107.187916690902682, 20.891799172793753 ] ] ], [ [ [ 107.187550997780306, 20.909252516290564 ], [ 107.187291213318815, 20.908176154605997 ], [ 107.186873720146195, 20.908246962727333 ], [ 107.187550997780306, 20.909252516290564 ] ] ], [ [ [ 107.175972272302715, 20.916661438874485 ], [ 107.175756444904096, 20.91638040703026 ], [ 107.17575890275117, 20.916550663982093 ], [ 107.175972272302715, 20.916661438874485 ] ] ], [ [ [ 107.182043396685515, 20.922231962834985 ], [ 107.182066413933853, 20.923821137735445 ], [ 107.182872077884156, 20.923044541672425 ], [ 107.182043396685515, 20.922231962834985 ] ] ], [ [ [ 107.178413412748966, 20.92404918512193 ], [ 107.178272991705285, 20.923397007565882 ], [ 107.178118359574682, 20.924153880597146 ], [ 107.178413412748966, 20.92404918512193 ] ] ], [ [ [ 107.179698515174493, 20.924236299865356 ], [ 107.180026686782242, 20.924201470921219 ], [ 107.179846430268697, 20.924007328875291 ], [ 107.179698515174493, 20.924236299865356 ] ] ], [ [ [ 107.184203259772801, 20.924616448690131 ], [ 107.18452496255702, 20.924511752315539 ], [ 107.184380292216815, 20.924403249110753 ], [ 107.184203259772801, 20.924616448690131 ] ] ], [ [ [ 107.189053173165462, 20.925498277123893 ], [ 107.188201326330272, 20.926440542697037 ], [ 107.189238770752752, 20.925764775923824 ], [ 107.189053173165462, 20.925498277123893 ] ] ], [ [ [ 107.202243547601711, 20.92821843673147 ], [ 107.202514807412626, 20.927961454557646 ], [ 107.202145990045381, 20.92807091014447 ], [ 107.202243547601711, 20.92821843673147 ] ] ], [ [ [ 107.20524470128214, 20.933570696130744 ], [ 107.205317273873277, 20.934127489791877 ], [ 107.20589548309016, 20.933584972868232 ], [ 107.20524470128214, 20.933570696130744 ] ] ], [ [ [ 107.203983587372647, 20.933493364327376 ], [ 107.201633869307727, 20.933945461613916 ], [ 107.20206217233158, 20.935028115855005 ], [ 107.203983587372647, 20.933493364327376 ] ] ], [ [ [ 107.184918398865136, 20.934840644979943 ], [ 107.183562106106478, 20.935047658123096 ], [ 107.183719151117941, 20.93624452716324 ], [ 107.184918398865136, 20.934840644979943 ] ] ], [ [ [ 107.20527075644037, 20.935972286192111 ], [ 107.204732997829751, 20.935919937555241 ], [ 107.205066122004041, 20.936324447215497 ], [ 107.20527075644037, 20.935972286192111 ] ] ], [ [ [ 107.203435635846006, 20.937228047336646 ], [ 107.203334508880573, 20.937567119627033 ], [ 107.203527839738001, 20.937573068642394 ], [ 107.203435635846006, 20.937228047336646 ] ] ], [ [ [ 107.194768705611409, 20.94039293068937 ], [ 107.199313476335931, 20.934824993179006 ], [ 107.192882982863466, 20.934997502932504 ], [ 107.194768705611409, 20.94039293068937 ] ] ], [ [ [ 107.191653067335324, 20.940301309557867 ], [ 107.186848934830493, 20.936328799934188 ], [ 107.187486630603701, 20.939488724425189 ], [ 107.191653067335324, 20.940301309557867 ] ] ], [ [ [ 107.20512207872099, 20.938489161245911 ], [ 107.204354703406921, 20.938275010183702 ], [ 107.204408240947544, 20.938527827597284 ], [ 107.20512207872099, 20.938489161245911 ] ] ], [ [ [ 107.200408611368402, 20.938489697241891 ], [ 107.200688198002069, 20.938302315399596 ], [ 107.200240453434219, 20.938225900005364 ], [ 107.200408611368402, 20.938489697241891 ] ] ], [ [ [ 107.199082061887793, 20.940122601676819 ], [ 107.198273045264841, 20.940033371842674 ], [ 107.198528836736614, 20.940598494125311 ], [ 107.199082061887793, 20.940122601676819 ] ] ], [ [ [ 107.166215439291136, 20.937776702133249 ], [ 107.181034721575315, 20.941445036759148 ], [ 107.186940544270897, 20.94460496125015 ], [ 107.190933279647197, 20.941583045820948 ], [ 107.166215439291136, 20.937776702133249 ] ] ], [ [ [ 107.196598300771029, 20.941558765924469 ], [ 107.196979015269335, 20.941582560186987 ], [ 107.196901681667441, 20.941433843796858 ], [ 107.196598300771029, 20.941558765924469 ] ] ], [ [ [ 107.197366866787547, 20.942357312639956 ], [ 107.198380516947452, 20.941382923283356 ], [ 107.198259165128547, 20.941175910140203 ], [ 107.197366866787547, 20.942357312639956 ] ] ], [ [ [ 107.194394920389414, 20.941989090624077 ], [ 107.191075572179955, 20.943880763286643 ], [ 107.192919653619128, 20.94527869555543 ], [ 107.194394920389414, 20.941989090624077 ] ] ], [ [ [ 107.189360852821267, 20.944827788072018 ], [ 107.188794540735501, 20.94682177570445 ], [ 107.190536307204866, 20.946055590193509 ], [ 107.189360852821267, 20.944827788072018 ] ] ], [ [ [ 107.184383610715145, 20.945118803290313 ], [ 107.182466030383125, 20.944284608348028 ], [ 107.183285835273239, 20.94791803488954 ], [ 107.184383610715145, 20.945118803290313 ] ] ], [ [ [ 107.197473939171061, 20.947282519972418 ], [ 107.19820469409143, 20.947545863950495 ], [ 107.198100459069053, 20.947047003716307 ], [ 107.197473939171061, 20.947282519972418 ] ] ], [ [ [ 107.199098924176099, 20.949057963354448 ], [ 107.199601940177558, 20.94866494702967 ], [ 107.198750482748721, 20.948425647325905 ], [ 107.199098924176099, 20.949057963354448 ] ] ], [ [ [ 107.200949617431093, 20.954673447121991 ], [ 107.191999852211495, 20.950693872424324 ], [ 107.201511128935579, 20.961579083907623 ], [ 107.200949617431093, 20.954673447121991 ] ] ], [ [ [ 107.247758882966252, 20.795049055769482 ], [ 107.24803724472315, 20.795317265979122 ], [ 107.248018149418101, 20.79506001490779 ], [ 107.247758882966252, 20.795049055769482 ] ] ], [ [ [ 107.247695928624239, 20.795743747875633 ], [ 107.247013516760489, 20.795553603316193 ], [ 107.247259544292717, 20.796039200348787 ], [ 107.247695928624239, 20.795743747875633 ] ] ], [ [ [ 107.247418790844677, 20.800837562803395 ], [ 107.246411311832617, 20.801264465582619 ], [ 107.246814648777104, 20.801714415288018 ], [ 107.247418790844677, 20.800837562803395 ] ] ], [ [ [ 107.239121859686179, 20.803139302936643 ], [ 107.239703346032741, 20.803711090994227 ], [ 107.239781691372002, 20.803047980379972 ], [ 107.239121859686179, 20.803139302936643 ] ] ], [ [ [ 107.246837385437118, 20.806224920943407 ], [ 107.247443995244282, 20.805513442991128 ], [ 107.246697264767022, 20.805688728052417 ], [ 107.246837385437118, 20.806224920943407 ] ] ], [ [ [ 107.241457962015375, 20.813822776699851 ], [ 107.241151259922844, 20.8145211038659 ], [ 107.24167574274145, 20.814266223407515 ], [ 107.241457962015375, 20.813822776699851 ] ] ], [ [ [ 107.221055124594386, 20.815728760274226 ], [ 107.221300190751265, 20.815141411247225 ], [ 107.22084520214446, 20.815558395403741 ], [ 107.221055124594386, 20.815728760274226 ] ] ], [ [ [ 107.213188359855053, 20.816847551073806 ], [ 107.214003878576193, 20.817442861798781 ], [ 107.214365614681469, 20.816962182259033 ], [ 107.213188359855053, 20.816847551073806 ] ] ], [ [ [ 107.220892455222724, 20.818781837212157 ], [ 107.219718675376612, 20.81890530243794 ], [ 107.220666780247825, 20.819109349616895 ], [ 107.220892455222724, 20.818781837212157 ] ] ], [ [ [ 107.229486572747192, 20.820098341265464 ], [ 107.230911142035723, 20.818219036979087 ], [ 107.228882591658419, 20.819781698966267 ], [ 107.229486572747192, 20.820098341265464 ] ] ], [ [ [ 107.211368764257088, 20.820778782714797 ], [ 107.211747620756171, 20.818448209417454 ], [ 107.210985971425544, 20.820664449205026 ], [ 107.211368764257088, 20.820778782714797 ] ] ], [ [ [ 107.224095451843709, 20.820276567110056 ], [ 107.224700787311519, 20.819121944622111 ], [ 107.223708496949655, 20.819048327918097 ], [ 107.224095451843709, 20.820276567110056 ] ] ], [ [ [ 107.21718944093999, 20.820907079098447 ], [ 107.217175746063958, 20.819976821273372 ], [ 107.216173064935106, 20.820768721099626 ], [ 107.21718944093999, 20.820907079098447 ] ] ], [ [ [ 107.232759355859628, 20.821635331205584 ], [ 107.234311474195351, 20.820598087331859 ], [ 107.231290324988663, 20.820486039898867 ], [ 107.232759355859628, 20.821635331205584 ] ] ], [ [ [ 107.225214807417501, 20.821170884428909 ], [ 107.223451805256673, 20.821972784716422 ], [ 107.225269077006487, 20.821711100886603 ], [ 107.225214807417501, 20.821170884428909 ] ] ], [ [ [ 107.21396855590433, 20.822455387906018 ], [ 107.21346736372783, 20.823388235778566 ], [ 107.213896922205322, 20.823422955005526 ], [ 107.21396855590433, 20.822455387906018 ] ] ], [ [ [ 107.212662270847318, 20.824083391035856 ], [ 107.214448237196507, 20.825912880075407 ], [ 107.214862409172895, 20.824900614871638 ], [ 107.212662270847318, 20.824083391035856 ] ] ], [ [ [ 107.220235440213571, 20.826127353994366 ], [ 107.220601978698483, 20.827184313705231 ], [ 107.221292036598356, 20.826369988384442 ], [ 107.220235440213571, 20.826127353994366 ] ] ], [ [ [ 107.225752671248813, 20.827373711827477 ], [ 107.227973162131889, 20.827198487919929 ], [ 107.226600319149497, 20.826667199931364 ], [ 107.225752671248813, 20.827373711827477 ] ] ], [ [ [ 107.208513791778046, 20.830862700053615 ], [ 107.208291539622905, 20.830341973703241 ], [ 107.207740828976227, 20.830832394699314 ], [ 107.208513791778046, 20.830862700053615 ] ] ], [ [ [ 107.224469178609695, 20.832918152750551 ], [ 107.223220510418287, 20.830225420666693 ], [ 107.220085850581711, 20.831876837646007 ], [ 107.224469178609695, 20.832918152750551 ] ] ], [ [ [ 107.246358570192058, 20.831476313780911 ], [ 107.246550258887396, 20.83207448614877 ], [ 107.24672547200305, 20.831557274348768 ], [ 107.246358570192058, 20.831476313780911 ] ] ], [ [ [ 107.212299961873896, 20.831579043338252 ], [ 107.211453663855593, 20.832395446093074 ], [ 107.212430925646686, 20.831738429285167 ], [ 107.212299961873896, 20.831579043338252 ] ] ], [ [ [ 107.20741177513338, 20.831803187667106 ], [ 107.206917481656433, 20.83321925386565 ], [ 107.207642832550846, 20.832927931079269 ], [ 107.20741177513338, 20.831803187667106 ] ] ], [ [ [ 107.246123309343375, 20.833743912951206 ], [ 107.246767914607688, 20.833290881269193 ], [ 107.246085938015653, 20.833216490248901 ], [ 107.246123309343375, 20.833743912951206 ] ] ], [ [ [ 107.220440127709878, 20.834764210000401 ], [ 107.221438573931209, 20.836362022889148 ], [ 107.222824736772282, 20.8351359663518 ], [ 107.220440127709878, 20.834764210000401 ] ] ], [ [ [ 107.215562150972687, 20.834597689731709 ], [ 107.20356932366542, 20.839021602365108 ], [ 107.206146948822663, 20.842170046110823 ], [ 107.215562150972687, 20.834597689731709 ] ] ], [ [ [ 107.215997134160432, 20.840313071990749 ], [ 107.215203338563356, 20.839371513284902 ], [ 107.21525248471454, 20.840066375362994 ], [ 107.215997134160432, 20.840313071990749 ] ] ], [ [ [ 107.245242480056561, 20.842075780073344 ], [ 107.244942262075767, 20.841792782311245 ], [ 107.24487216621759, 20.842215076064974 ], [ 107.245242480056561, 20.842075780073344 ] ] ], [ [ [ 107.215623399300512, 20.8414160985742 ], [ 107.215875498155697, 20.842657474163218 ], [ 107.215933676198347, 20.841302291167892 ], [ 107.215623399300512, 20.8414160985742 ] ] ], [ [ [ 107.246242509084652, 20.841892289597524 ], [ 107.246116619286681, 20.842413819941953 ], [ 107.246696031796489, 20.842209029023536 ], [ 107.246242509084652, 20.841892289597524 ] ] ], [ [ [ 107.213363748338509, 20.844264163360549 ], [ 107.211526613262606, 20.843995006164789 ], [ 107.212044275622873, 20.844720476668726 ], [ 107.213363748338509, 20.844264163360549 ] ] ], [ [ [ 107.208559117609298, 20.843777163385425 ], [ 107.20993910480604, 20.844784321339432 ], [ 107.20975733743137, 20.843029451747952 ], [ 107.208559117609298, 20.843777163385425 ] ] ], [ [ [ 107.248047518578176, 20.855631263971702 ], [ 107.248646884346385, 20.856829000857772 ], [ 107.248909739992598, 20.856317858582372 ], [ 107.248047518578176, 20.855631263971702 ] ] ], [ [ [ 107.227094415674799, 20.858552610914387 ], [ 107.22533176784691, 20.860369314292541 ], [ 107.226265291110394, 20.860242681654427 ], [ 107.227094415674799, 20.858552610914387 ] ] ], [ [ [ 107.212426027938875, 20.859617275117216 ], [ 107.211405170612181, 20.858952129337354 ], [ 107.211816709373636, 20.859930421751699 ], [ 107.212426027938875, 20.859617275117216 ] ] ], [ [ [ 107.231154146946494, 20.860827899288267 ], [ 107.231725023091428, 20.860934847565147 ], [ 107.231352967265764, 20.860519950735238 ], [ 107.231154146946494, 20.860827899288267 ] ] ], [ [ [ 107.234157003043379, 20.861282227792685 ], [ 107.234645162244476, 20.861024037829225 ], [ 107.234130244615244, 20.860988779009006 ], [ 107.234157003043379, 20.861282227792685 ] ] ], [ [ [ 107.248334393317634, 20.861454484836713 ], [ 107.246577779940708, 20.862632162344539 ], [ 107.248133917346479, 20.863363726654654 ], [ 107.248334393317634, 20.861454484836713 ] ] ], [ [ [ 107.21840832178674, 20.858725766381042 ], [ 107.218208263101019, 20.867242168991027 ], [ 107.223050473800413, 20.857580150603553 ], [ 107.21840832178674, 20.858725766381042 ] ] ], [ [ [ 107.214147645997116, 20.861257050372728 ], [ 107.210471281324715, 20.861779512414728 ], [ 107.212865588675982, 20.864970895190709 ], [ 107.214147645997116, 20.861257050372728 ] ] ], [ [ [ 107.231835108203825, 20.862879941755978 ], [ 107.223524379646562, 20.864667447744694 ], [ 107.223108995383939, 20.866848176002577 ], [ 107.231835108203825, 20.862879941755978 ] ] ], [ [ [ 107.234515953948119, 20.865895064605638 ], [ 107.234697053126638, 20.863017287118225 ], [ 107.23233230469225, 20.863426019994961 ], [ 107.234515953948119, 20.865895064605638 ] ] ], [ [ [ 107.20792377176474, 20.862931729215973 ], [ 107.211365256901274, 20.86487156776866 ], [ 107.209905012406523, 20.862567020851486 ], [ 107.20792377176474, 20.862931729215973 ] ] ], [ [ [ 107.21618518869559, 20.862282174982454 ], [ 107.211332277862425, 20.868789740354373 ], [ 107.216870008943943, 20.870803998705753 ], [ 107.21618518869559, 20.862282174982454 ] ] ], [ [ [ 107.24200057786453, 20.864625639161943 ], [ 107.239408845042192, 20.869305182288485 ], [ 107.244449131422471, 20.865721404619194 ], [ 107.24200057786453, 20.864625639161943 ] ] ], [ [ [ 107.24465810688622, 20.867586628220351 ], [ 107.246052923004129, 20.867285534300038 ], [ 107.24567796326744, 20.866684267365144 ], [ 107.24465810688622, 20.867586628220351 ] ] ], [ [ [ 107.228959641974086, 20.867895403250429 ], [ 107.227496491769671, 20.869347436035468 ], [ 107.230781361770596, 20.868580505885689 ], [ 107.228959641974086, 20.867895403250429 ] ] ], [ [ [ 107.222955839040878, 20.868764470304143 ], [ 107.223309929109917, 20.868017513197799 ], [ 107.222708298848943, 20.868482193798286 ], [ 107.222955839040878, 20.868764470304143 ] ] ], [ [ [ 107.245711587120127, 20.868946528159825 ], [ 107.245127111427223, 20.868732002979641 ], [ 107.245109246394748, 20.868974660752087 ], [ 107.245711587120127, 20.868946528159825 ] ] ], [ [ [ 107.227836495757856, 20.870225758012396 ], [ 107.225453032431574, 20.868980740169093 ], [ 107.226580142859348, 20.870336560783812 ], [ 107.227836495757856, 20.870225758012396 ] ] ], [ [ [ 107.223919537257018, 20.870151236590459 ], [ 107.223846853149951, 20.869352583754846 ], [ 107.223175904044751, 20.869247092379567 ], [ 107.223919537257018, 20.870151236590459 ] ] ], [ [ [ 107.232264717942542, 20.87067064993073 ], [ 107.231659629788169, 20.868851021057878 ], [ 107.231235492424219, 20.871026726602338 ], [ 107.232264717942542, 20.87067064993073 ] ] ], [ [ [ 107.242326163921462, 20.870021223400897 ], [ 107.243063025238484, 20.870355014872189 ], [ 107.242474126679781, 20.869837442444066 ], [ 107.242326163921462, 20.870021223400897 ] ] ], [ [ [ 107.222524774199087, 20.871759806270234 ], [ 107.222951917097362, 20.870005630955177 ], [ 107.221042723842686, 20.870219502328212 ], [ 107.222524774199087, 20.871759806270234 ] ] ], [ [ [ 107.238973764727518, 20.874417840710805 ], [ 107.238516536808845, 20.868130656904327 ], [ 107.237472870876331, 20.867851599072196 ], [ 107.238973764727518, 20.874417840710805 ] ] ], [ [ [ 107.235371433145303, 20.87163543003112 ], [ 107.235120554670004, 20.872248605788627 ], [ 107.23574572558482, 20.872337945340007 ], [ 107.235371433145303, 20.87163543003112 ] ] ], [ [ [ 107.234528296244036, 20.872622104126833 ], [ 107.233539792027955, 20.878727130252855 ], [ 107.237268536813588, 20.873366905558385 ], [ 107.234528296244036, 20.872622104126833 ] ] ], [ [ [ 107.220199981743804, 20.875508462945277 ], [ 107.220988045062427, 20.876205460014035 ], [ 107.220585836766929, 20.875298225732536 ], [ 107.220199981743804, 20.875508462945277 ] ] ], [ [ [ 107.226161104651283, 20.875454791405673 ], [ 107.224159952120146, 20.87548092390557 ], [ 107.225767599994867, 20.876973332653279 ], [ 107.226161104651283, 20.875454791405673 ] ] ], [ [ [ 107.218469422625788, 20.881323592609817 ], [ 107.219440505175271, 20.872852541012037 ], [ 107.214539885307659, 20.874830659207703 ], [ 107.218469422625788, 20.881323592609817 ] ] ], [ [ [ 107.247283576875759, 20.879195559227753 ], [ 107.24701094919601, 20.877135527182929 ], [ 107.246375028684781, 20.878732856236468 ], [ 107.247283576875759, 20.879195559227753 ] ] ], [ [ [ 107.212771283967584, 20.877886098664703 ], [ 107.212594515024989, 20.879097450387064 ], [ 107.213898060747056, 20.878464620845762 ], [ 107.212771283967584, 20.877886098664703 ] ] ], [ [ [ 107.204433670177821, 20.879194564577517 ], [ 107.206005793932377, 20.885911235815058 ], [ 107.208555178578706, 20.878159746175356 ], [ 107.204433670177821, 20.879194564577517 ] ] ], [ [ [ 107.233773061777413, 20.883558655207935 ], [ 107.234571911564444, 20.882450670662024 ], [ 107.23439125575203, 20.88222035968198 ], [ 107.233773061777413, 20.883558655207935 ] ] ], [ [ [ 107.212595389165926, 20.881319907188072 ], [ 107.208720629553397, 20.882976172412612 ], [ 107.208951306557651, 20.885739384365195 ], [ 107.212595389165926, 20.881319907188072 ] ] ], [ [ [ 107.207487343366267, 20.933099562894654 ], [ 107.207169684833218, 20.933913338729667 ], [ 107.207712201756863, 20.933288729891046 ], [ 107.207487343366267, 20.933099562894654 ] ] ], [ [ [ 107.234875364406662, 20.949491935704373 ], [ 107.234678263591036, 20.948496842155691 ], [ 107.234574703959595, 20.949695411813934 ], [ 107.234875364406662, 20.949491935704373 ] ] ], [ [ [ 107.225906750296474, 20.950225217719776 ], [ 107.22625891131986, 20.950232357437358 ], [ 107.225944822195856, 20.950087208657806 ], [ 107.225906750296474, 20.950225217719776 ] ] ], [ [ [ 107.218704241007913, 20.950456264345178 ], [ 107.217508561770899, 20.951402100226744 ], [ 107.218300922049991, 20.951509175308217 ], [ 107.218704241007913, 20.950456264345178 ] ] ], [ [ [ 107.246548505209432, 20.952246123859595 ], [ 107.246946732206084, 20.950445065987196 ], [ 107.24537966084273, 20.951263762013184 ], [ 107.246548505209432, 20.952246123859595 ] ] ], [ [ [ 107.242303703353286, 20.952729520251182 ], [ 107.244765101928067, 20.950787283206523 ], [ 107.241823585889847, 20.951082584593792 ], [ 107.242303703353286, 20.952729520251182 ] ] ], [ [ [ 107.216387121568516, 20.949980530177356 ], [ 107.214400271855141, 20.952919164787659 ], [ 107.21684516787036, 20.952502758895321 ], [ 107.216387121568516, 20.949980530177356 ] ] ], [ [ [ 107.241007171443925, 20.951321295241655 ], [ 107.240435630699949, 20.951699345948157 ], [ 107.24077401860626, 20.951980026157344 ], [ 107.241007171443925, 20.951321295241655 ] ] ], [ [ [ 107.22409419639024, 20.951963413880435 ], [ 107.223579637590376, 20.951588649296809 ], [ 107.224007940614001, 20.95204372064137 ], [ 107.22409419639024, 20.951963413880435 ] ] ], [ [ [ 107.233915383088629, 20.953360518773025 ], [ 107.235257298385704, 20.951690847354826 ], [ 107.233377620880674, 20.951914838798928 ], [ 107.233915383088629, 20.953360518773025 ] ] ], [ [ [ 107.247319027251365, 20.953005573448536 ], [ 107.246945750146324, 20.952411892295061 ], [ 107.246861843399529, 20.952897567568755 ], [ 107.247319027251365, 20.953005573448536 ] ] ], [ [ [ 107.219725625337389, 20.9541123061382 ], [ 107.219421053738699, 20.952475236043426 ], [ 107.218792876390182, 20.952470477730401 ], [ 107.219725625337389, 20.9541123061382 ] ] ], [ [ [ 107.234354477077488, 20.954294837936573 ], [ 107.23364051070115, 20.955301151427079 ], [ 107.234756024371222, 20.954745346120944 ], [ 107.234354477077488, 20.954294837936573 ] ] ], [ [ [ 107.243451294042075, 20.955343219913743 ], [ 107.242752375122052, 20.955323888087094 ], [ 107.242915275619566, 20.956062369083099 ], [ 107.243451294042075, 20.955343219913743 ] ] ], [ [ [ 107.236517332209303, 20.956773124879874 ], [ 107.237329483868621, 20.954198846100041 ], [ 107.235494873189964, 20.955419225217099 ], [ 107.236517332209303, 20.956773124879874 ] ] ], [ [ [ 107.231147519842295, 20.955134444998691 ], [ 107.230979670375689, 20.956105067994542 ], [ 107.231576037804018, 20.955356722334955 ], [ 107.231147519842295, 20.955134444998691 ] ] ], [ [ [ 107.234028203938522, 20.956862737825247 ], [ 107.234778796104706, 20.95628318502105 ], [ 107.23402220186324, 20.956464018000077 ], [ 107.234028203938522, 20.956862737825247 ] ] ], [ [ [ 107.217882731902591, 20.957012868848949 ], [ 107.217712841874288, 20.956229115081783 ], [ 107.217343253788272, 20.956452621791129 ], [ 107.217882731902591, 20.957012868848949 ] ] ], [ [ [ 107.233101997559174, 20.957900363011333 ], [ 107.232560840410599, 20.956226838897578 ], [ 107.231792482137394, 20.957661096582456 ], [ 107.233101997559174, 20.957900363011333 ] ] ], [ [ [ 107.210736557945779, 20.965393470232641 ], [ 107.219921278244442, 20.960218141653968 ], [ 107.205825351259136, 20.94903943462225 ], [ 107.210736557945779, 20.965393470232641 ] ] ], [ [ [ 107.237456868339962, 20.960720164803945 ], [ 107.237774924373412, 20.961684499739931 ], [ 107.238580378781649, 20.960705411425693 ], [ 107.237456868339962, 20.960720164803945 ] ] ], [ [ [ 107.22481443733659, 20.964839307088482 ], [ 107.225662132001958, 20.965392879377987 ], [ 107.225349370277343, 20.96445672200025 ], [ 107.22481443733659, 20.964839307088482 ] ] ], [ [ [ 107.241396614762039, 20.965604526727589 ], [ 107.240893358641699, 20.96540822181214 ], [ 107.241325231074654, 20.965690188051838 ], [ 107.241396614762039, 20.965604526727589 ] ] ], [ [ [ 107.231260111365032, 20.964646793714678 ], [ 107.232116717412623, 20.968549110353194 ], [ 107.232699684942531, 20.967769837008518 ], [ 107.231260111365032, 20.964646793714678 ] ] ], [ [ [ 107.221058659829453, 20.967744378100633 ], [ 107.220268296944425, 20.96695274986962 ], [ 107.220426913071776, 20.967533794649 ], [ 107.221058659829453, 20.967744378100633 ] ] ], [ [ [ 107.225252507897039, 20.967263869432088 ], [ 107.225409552009296, 20.967488727822627 ], [ 107.225548750874168, 20.967231745648633 ], [ 107.225252507897039, 20.967263869432088 ] ] ], [ [ [ 107.23300306673832, 20.967746041846397 ], [ 107.235328989641289, 20.967008408911056 ], [ 107.234688730800315, 20.965899120348183 ], [ 107.23300306673832, 20.967746041846397 ] ] ], [ [ [ 107.225005401178464, 20.969209534692425 ], [ 107.225458812374313, 20.968612857897199 ], [ 107.22484997494638, 20.968845445960653 ], [ 107.225005401178464, 20.969209534692425 ] ] ], [ [ [ 107.23256286568386, 20.969524688613546 ], [ 107.231973950037855, 20.969030950917841 ], [ 107.232003693315903, 20.96948304910353 ], [ 107.23256286568386, 20.969524688613546 ] ] ], [ [ [ 107.23986574920508, 20.971281406311959 ], [ 107.241926363111247, 20.969834693016821 ], [ 107.241583719613118, 20.969220792405793 ], [ 107.239594731311968, 20.970003161217107 ], [ 107.23986574920508, 20.971281406311959 ] ] ], [ [ [ 107.232559495024759, 20.973078613287555 ], [ 107.230882668600373, 20.970327881226922 ], [ 107.225990497863222, 20.968600393293627 ], [ 107.226808079629222, 20.974638512557362 ], [ 107.232559495024759, 20.973078613287555 ] ] ], [ [ [ 107.240808015677544, 20.97298985919474 ], [ 107.240217910228409, 20.972095181247767 ], [ 107.240041830166433, 20.972247467046998 ], [ 107.240808015677544, 20.97298985919474 ] ] ], [ [ [ 107.232671132366931, 20.973485897356397 ], [ 107.233652658743381, 20.973848764808793 ], [ 107.233102409448747, 20.972899954869149 ], [ 107.232671132366931, 20.973485897356397 ] ] ], [ [ [ 107.239408892706308, 20.973142144094822 ], [ 107.238752161882815, 20.974655480965737 ], [ 107.239727741042486, 20.973127867357334 ], [ 107.239408892706308, 20.973142144094822 ] ] ], [ [ [ 107.23414647737809, 20.974935305919701 ], [ 107.233137584631834, 20.976581892640354 ], [ 107.23497928826356, 20.975463546105914 ], [ 107.23414647737809, 20.974935305919701 ] ] ], [ [ [ 107.247409681611657, 20.979562743226097 ], [ 107.247052763174622, 20.980471697011239 ], [ 107.247728529947835, 20.979586538388219 ], [ 107.247409681611657, 20.979562743226097 ] ] ], [ [ [ 107.235568254271641, 20.981086826995522 ], [ 107.23645817300644, 20.980358711585438 ], [ 107.23489800843646, 20.980520340441501 ], [ 107.235568254271641, 20.981086826995522 ] ] ], [ [ [ 107.231598481285062, 20.982290002082038 ], [ 107.231256480802017, 20.980680688662972 ], [ 107.230877503793806, 20.982047296645476 ], [ 107.231598481285062, 20.982290002082038 ] ] ], [ [ [ 107.232850249439593, 20.983218154594226 ], [ 107.233556182172151, 20.982658223198541 ], [ 107.233142155885787, 20.982467867298283 ], [ 107.232850249439593, 20.983218154594226 ] ] ], [ [ [ 107.244257511075318, 20.984137057579176 ], [ 107.244899965161324, 20.982007441390408 ], [ 107.242597837420305, 20.983405373659195 ], [ 107.244257511075318, 20.984137057579176 ] ] ], [ [ [ 107.242490761439683, 20.984107315200504 ], [ 107.241283184171607, 20.984660540351683 ], [ 107.241848305554925, 20.98504125395084 ], [ 107.242490761439683, 20.984107315200504 ] ] ], [ [ [ 107.23607127297106, 20.984022546903077 ], [ 107.232740026730937, 20.986925489219971 ], [ 107.235089744796028, 20.987335946097176 ], [ 107.23607127297106, 20.984022546903077 ] ] ], [ [ [ 107.228024529608376, 20.98812057400545 ], [ 107.2284230902535, 20.986407361910381 ], [ 107.227428521908848, 20.987460395181131 ], [ 107.228024529608376, 20.98812057400545 ] ] ], [ [ [ 107.231988712409247, 20.987889468024662 ], [ 107.231317703948889, 20.98735408991945 ], [ 107.231392657045603, 20.987996544005455 ], [ 107.231988712409247, 20.987889468024662 ] ] ], [ [ [ 107.240685324768037, 20.985709684054825 ], [ 107.235724149050327, 20.990801730015903 ], [ 107.240851887304757, 20.990789832884616 ], [ 107.240685324768037, 20.985709684054825 ] ] ], [ [ [ 107.268269762239811, 20.805245687838351 ], [ 107.268991065285547, 20.805236144232765 ], [ 107.268417357175394, 20.804958519919921 ], [ 107.268269762239811, 20.805245687838351 ] ] ], [ [ [ 107.269221382560886, 20.813134942823467 ], [ 107.268459591137344, 20.813748597020208 ], [ 107.26932226580999, 20.813435437795306 ], [ 107.269221382560886, 20.813134942823467 ] ] ], [ [ [ 107.267178565338611, 20.814006974942117 ], [ 107.267851144914516, 20.813877272018544 ], [ 107.267582462560597, 20.813096322337458 ], [ 107.267178565338611, 20.814006974942117 ] ] ], [ [ [ 107.256738987714243, 20.814054192047365 ], [ 107.257022160844144, 20.813658162993931 ], [ 107.256605613758268, 20.81372405002503 ], [ 107.256738987714243, 20.814054192047365 ] ] ], [ [ [ 107.269502730067018, 20.81476089999552 ], [ 107.270213415716739, 20.815023073056409 ], [ 107.269948335147717, 20.814483326044694 ], [ 107.269502730067018, 20.81476089999552 ] ] ], [ [ [ 107.257875873772605, 20.817057085016529 ], [ 107.2588598319158, 20.816259427730529 ], [ 107.257638033668343, 20.816185059193231 ], [ 107.257875873772605, 20.817057085016529 ] ] ], [ [ [ 107.273793900068597, 20.819215662073191 ], [ 107.275724623992289, 20.819431458894826 ], [ 107.273850864925635, 20.816589362908871 ], [ 107.273793900068597, 20.819215662073191 ] ] ], [ [ [ 107.271075120920102, 20.818934898227042 ], [ 107.27032555937717, 20.818220457907842 ], [ 107.270170322002912, 20.818584656356848 ], [ 107.271075120920102, 20.818934898227042 ] ] ], [ [ [ 107.261462480708985, 20.819523848047311 ], [ 107.261175882960799, 20.818613109107787 ], [ 107.260921180568118, 20.818767339241504 ], [ 107.261462480708985, 20.819523848047311 ] ] ], [ [ [ 107.264930077661006, 20.820464799710919 ], [ 107.265415931899781, 20.818587262592075 ], [ 107.263355743372983, 20.820455356829427 ], [ 107.264930077661006, 20.820464799710919 ] ] ], [ [ [ 107.271517089142492, 20.820558631375889 ], [ 107.272163136020026, 20.820791491034527 ], [ 107.272305238795752, 20.820623659554428 ], [ 107.271517089142492, 20.820558631375889 ] ] ], [ [ [ 107.274229556848752, 20.820417016032593 ], [ 107.27340225700874, 20.82094109415624 ], [ 107.273949515158108, 20.821024391162894 ], [ 107.274229556848752, 20.820417016032593 ] ] ], [ [ [ 107.259850105997771, 20.821264014622614 ], [ 107.2588263195791, 20.821548918048279 ], [ 107.259537474674801, 20.821841192317208 ], [ 107.259850105997771, 20.821264014622614 ] ] ], [ [ [ 107.257635412144737, 20.823555005159449 ], [ 107.25427351880785, 20.822151687750306 ], [ 107.253420701604171, 20.823127991763442 ], [ 107.257635412144737, 20.823555005159449 ] ] ], [ [ [ 107.272948862899852, 20.822848281922688 ], [ 107.270895592857471, 20.825169157830544 ], [ 107.2743890120434, 20.826752491634352 ], [ 107.272948862899852, 20.822848281922688 ] ] ], [ [ [ 107.260289948222635, 20.82490709178893 ], [ 107.259125554600757, 20.82437973203912 ], [ 107.259620748299028, 20.825277882268495 ], [ 107.260289948222635, 20.82490709178893 ] ] ], [ [ [ 107.278130303270984, 20.825586115007241 ], [ 107.279012376320281, 20.824427654212911 ], [ 107.278034607311383, 20.823505107175038 ], [ 107.278130303270984, 20.825586115007241 ] ] ], [ [ [ 107.269688166675678, 20.826840482202556 ], [ 107.269460032954157, 20.826326069092943 ], [ 107.269356601925836, 20.826775894691934 ], [ 107.269688166675678, 20.826840482202556 ] ] ], [ [ [ 107.281679030762746, 20.826277883417617 ], [ 107.28065271904785, 20.828502395169494 ], [ 107.281860879076419, 20.828569187817834 ], [ 107.281679030762746, 20.826277883417617 ] ] ], [ [ [ 107.272751434731106, 20.827731177951534 ], [ 107.272308005110403, 20.827564611817536 ], [ 107.272387104981078, 20.827942857676874 ], [ 107.272751434731106, 20.827731177951534 ] ] ], [ [ [ 107.277574492568817, 20.827410344811597 ], [ 107.277084489757499, 20.82810764225394 ], [ 107.277382573647003, 20.828352418829127 ], [ 107.277574492568817, 20.827410344811597 ] ] ], [ [ [ 107.270203074412393, 20.828309308927544 ], [ 107.267815276354099, 20.827647263110805 ], [ 107.268055532037351, 20.82866965288224 ], [ 107.270203074412393, 20.828309308927544 ] ] ], [ [ [ 107.274372567939736, 20.828020068071737 ], [ 107.275298250014373, 20.828490626641269 ], [ 107.275400627936676, 20.827971832933883 ], [ 107.274372567939736, 20.828020068071737 ] ] ], [ [ [ 107.25290019468838, 20.831337394605214 ], [ 107.251780033322063, 20.831623620034179 ], [ 107.252939976199059, 20.831849525235555 ], [ 107.25290019468838, 20.831337394605214 ] ] ], [ [ [ 107.259815554044621, 20.834020646036038 ], [ 107.260608022242536, 20.831145368663954 ], [ 107.258627696211192, 20.831925394741234 ], [ 107.259815554044621, 20.834020646036038 ] ] ], [ [ [ 107.257152841330651, 20.832125775384384 ], [ 107.256013929999028, 20.833316866280484 ], [ 107.257381631557053, 20.832394162760522 ], [ 107.257152841330651, 20.832125775384384 ] ] ], [ [ [ 107.254215157303804, 20.833340550825824 ], [ 107.254585948682745, 20.834511849442322 ], [ 107.255160700905776, 20.8342630322133 ], [ 107.254215157303804, 20.833340550825824 ] ] ], [ [ [ 107.282478888689866, 20.834945194065483 ], [ 107.28085872225239, 20.83468391313221 ], [ 107.280437597617151, 20.835820901713362 ], [ 107.282478888689866, 20.834945194065483 ] ] ], [ [ [ 107.258792542841775, 20.836507025978506 ], [ 107.263821317000293, 20.835475628597464 ], [ 107.258925616424165, 20.834665664089243 ], [ 107.258792542841775, 20.836507025978506 ] ] ], [ [ [ 107.252165189571883, 20.837131527797851 ], [ 107.251742793295307, 20.837484962261385 ], [ 107.252226909144611, 20.837451779975652 ], [ 107.252165189571883, 20.837131527797851 ] ] ], [ [ [ 107.256156510314781, 20.837132527843892 ], [ 107.256819900617984, 20.837659010754862 ], [ 107.256956623649444, 20.837255790722224 ], [ 107.256156510314781, 20.837132527843892 ] ] ], [ [ [ 107.25478248382467, 20.83867594523872 ], [ 107.257386335011404, 20.839310577920912 ], [ 107.254486298404117, 20.837930546657446 ], [ 107.25478248382467, 20.83867594523872 ] ] ], [ [ [ 107.259098778186228, 20.838630338819257 ], [ 107.259915608119002, 20.839782100563525 ], [ 107.2600365804239, 20.839486256885436 ], [ 107.259098778186228, 20.838630338819257 ] ] ], [ [ [ 107.268192729011332, 20.840187919636833 ], [ 107.267810224862103, 20.841044483416169 ], [ 107.268230817098697, 20.841169918157163 ], [ 107.268192729011332, 20.840187919636833 ] ] ], [ [ [ 107.251723298691331, 20.851869315316719 ], [ 107.252795026169679, 20.842667358611834 ], [ 107.243978768905151, 20.848017502805646 ], [ 107.251723298691331, 20.851869315316719 ] ] ], [ [ [ 107.280955071119763, 20.847842951591076 ], [ 107.270767952978701, 20.847934974719408 ], [ 107.279199772551578, 20.851213158260748 ], [ 107.280955071119763, 20.847842951591076 ] ] ], [ [ [ 107.268088931958744, 20.849954638895611 ], [ 107.268438476854385, 20.848558053811189 ], [ 107.267154444622008, 20.849401463207016 ], [ 107.268088931958744, 20.849954638895611 ] ] ], [ [ [ 107.262576194835617, 20.849853621647355 ], [ 107.263952922889132, 20.8490088380874 ], [ 107.262337457207934, 20.849378256201646 ], [ 107.262576194835617, 20.849853621647355 ] ] ], [ [ [ 107.273741769067385, 20.851676971914912 ], [ 107.273872270588981, 20.851110132826534 ], [ 107.273182177615467, 20.851423657176099 ], [ 107.273741769067385, 20.851676971914912 ] ] ], [ [ [ 107.269862666628853, 20.84933784966222 ], [ 107.267464119873296, 20.854617119184752 ], [ 107.271176225402598, 20.853536635907119 ], [ 107.269862666628853, 20.84933784966222 ] ] ], [ [ [ 107.274390836767793, 20.854797860432996 ], [ 107.273009416951197, 20.85225180417757 ], [ 107.273512283664957, 20.854896480987918 ], [ 107.274390836767793, 20.854797860432996 ] ] ], [ [ [ 107.272783836404983, 20.855732008725397 ], [ 107.273334949048831, 20.855420422414682 ], [ 107.272731700907457, 20.855341489817874 ], [ 107.272783836404983, 20.855732008725397 ] ] ], [ [ [ 107.25192863010227, 20.856869088138069 ], [ 107.24990037740065, 20.857083749115816 ], [ 107.249733455134958, 20.857408178644562 ], [ 107.25192863010227, 20.856869088138069 ] ] ], [ [ [ 107.271135954660679, 20.856968063925137 ], [ 107.267984382173609, 20.857603231703933 ], [ 107.269049239730748, 20.859042820569812 ], [ 107.271135954660679, 20.856968063925137 ] ] ], [ [ [ 107.272208363824973, 20.856805576216516 ], [ 107.271919819943719, 20.858648727756702 ], [ 107.273082138829693, 20.858158652100201 ], [ 107.272208363824973, 20.856805576216516 ] ] ], [ [ [ 107.26560065714466, 20.858851157954632 ], [ 107.266538957606883, 20.85818604724841 ], [ 107.264984649422161, 20.857821014228591 ], [ 107.26560065714466, 20.858851157954632 ] ] ], [ [ [ 107.252781903262303, 20.858442130999549 ], [ 107.25180106396806, 20.859824614714285 ], [ 107.253658908631792, 20.859692710250556 ], [ 107.252781903262303, 20.858442130999549 ] ] ], [ [ [ 107.262504147448567, 20.86105784964019 ], [ 107.261368659835796, 20.859114806803007 ], [ 107.260895868249861, 20.859210078282558 ], [ 107.262504147448567, 20.86105784964019 ] ] ], [ [ [ 107.2725429134249, 20.866442747235055 ], [ 107.264638219778078, 20.860020927723667 ], [ 107.266388410196953, 20.867117772067672 ], [ 107.2725429134249, 20.866442747235055 ] ] ], [ [ [ 107.259278444744496, 20.861613400438102 ], [ 107.257088966982394, 20.867877451883089 ], [ 107.260893833084026, 20.868531886737344 ], [ 107.259278444744496, 20.861613400438102 ] ] ], [ [ [ 107.283975169019016, 20.86377735993733 ], [ 107.27890995433097, 20.865986956432948 ], [ 107.286067330243156, 20.866865087753695 ], [ 107.283975169019016, 20.86377735993733 ] ] ], [ [ [ 107.249417791298185, 20.865038478343138 ], [ 107.247483750674689, 20.865815817246244 ], [ 107.247516658666939, 20.866110714837703 ], [ 107.249417791298185, 20.865038478343138 ] ] ], [ [ [ 107.265337456158875, 20.866597650061578 ], [ 107.265440719913386, 20.86715994217775 ], [ 107.265845351881467, 20.866739262706972 ], [ 107.265337456158875, 20.866597650061578 ] ] ], [ [ [ 107.256547594895665, 20.867563082170591 ], [ 107.255242776632997, 20.866986472847486 ], [ 107.255127729061485, 20.869867883596044 ], [ 107.256547594895665, 20.867563082170591 ] ] ], [ [ [ 107.267697422897868, 20.867960765077328 ], [ 107.266685835782823, 20.86797417396906 ], [ 107.267040685779136, 20.868444109308257 ], [ 107.267697422897868, 20.867960765077328 ] ] ], [ [ [ 107.265582703978794, 20.868196359574483 ], [ 107.266211320196362, 20.867950759220207 ], [ 107.265734135422178, 20.867749420799214 ], [ 107.265582703978794, 20.868196359574483 ] ] ], [ [ [ 107.2800827530167, 20.870310570376603 ], [ 107.277621513622023, 20.866279853032893 ], [ 107.276843547891588, 20.867747793925673 ], [ 107.2800827530167, 20.870310570376603 ] ] ], [ [ [ 107.268484343177931, 20.867742579656465 ], [ 107.270212384194338, 20.869143650559124 ], [ 107.269268300192039, 20.867316862183486 ], [ 107.268484343177931, 20.867742579656465 ] ] ], [ [ [ 107.254045982236391, 20.869407143824731 ], [ 107.253469113908523, 20.868880243628382 ], [ 107.253509494367677, 20.869473440946649 ], [ 107.254045982236391, 20.869407143824731 ] ] ], [ [ [ 107.259473656084367, 20.86992184471751 ], [ 107.258717560966829, 20.869569961584546 ], [ 107.258640071781997, 20.869818552184597 ], [ 107.259473656084367, 20.86992184471751 ] ] ], [ [ [ 107.255290265333599, 20.870162605819758 ], [ 107.25564271863675, 20.87048443630772 ], [ 107.255574632763285, 20.870158764815244 ], [ 107.255290265333599, 20.870162605819758 ] ] ], [ [ [ 107.275675877140202, 20.87147347202324 ], [ 107.275707043145644, 20.870413004057013 ], [ 107.275059474615261, 20.871172530987621 ], [ 107.275675877140202, 20.87147347202324 ] ] ], [ [ [ 107.266273610838482, 20.872103306822339 ], [ 107.258870784759097, 20.870709078860955 ], [ 107.258111184983306, 20.872767636017727 ], [ 107.266273610838482, 20.872103306822339 ] ] ], [ [ [ 107.250189783731514, 20.873078092779849 ], [ 107.250472553066061, 20.873838655729401 ], [ 107.250673738602188, 20.872766099975649 ], [ 107.250189783731514, 20.873078092779849 ] ] ], [ [ [ 107.276971052871829, 20.873090501625541 ], [ 107.276614986992115, 20.871328521094483 ], [ 107.274934371724044, 20.875370164301785 ], [ 107.276971052871829, 20.873090501625541 ] ] ], [ [ [ 107.25564554430656, 20.873676775962565 ], [ 107.255750677751621, 20.874249526294705 ], [ 107.256033221356176, 20.873762311381654 ], [ 107.25564554430656, 20.873676775962565 ] ] ], [ [ [ 107.251865844832992, 20.874431648901634 ], [ 107.250376930850848, 20.874705952018189 ], [ 107.250575314998912, 20.875263754718617 ], [ 107.251865844832992, 20.874431648901634 ] ] ], [ [ [ 107.267645138112641, 20.875218071856636 ], [ 107.266973440771721, 20.875582889938528 ], [ 107.2673296640329, 20.875857874741314 ], [ 107.267645138112641, 20.875218071856636 ] ] ], [ [ [ 107.262826599368111, 20.875818033875191 ], [ 107.262708819656439, 20.876544866852157 ], [ 107.263255579581426, 20.876507385807372 ], [ 107.262826599368111, 20.875818033875191 ] ] ], [ [ [ 107.268661469151539, 20.87633479871198 ], [ 107.268217933410938, 20.876951472832332 ], [ 107.268953196632822, 20.876915172597307 ], [ 107.268661469151539, 20.87633479871198 ] ] ], [ [ [ 107.283070236102674, 20.875826552253557 ], [ 107.280778898427513, 20.877854440729891 ], [ 107.278468243314933, 20.878611604242224 ], [ 107.281229340961431, 20.878847083626169 ], [ 107.283070236102674, 20.875826552253557 ] ] ], [ [ [ 107.264853605609517, 20.877846123799657 ], [ 107.264202869666747, 20.877401414443909 ], [ 107.264145715952054, 20.877885656198146 ], [ 107.264853605609517, 20.877846123799657 ] ] ], [ [ [ 107.255102349294077, 20.878277215621097 ], [ 107.255847369260835, 20.878569487192124 ], [ 107.255807987948401, 20.878086518877922 ], [ 107.255102349294077, 20.878277215621097 ] ] ], [ [ [ 107.250390974663901, 20.881842450169017 ], [ 107.249532826278994, 20.883796098711173 ], [ 107.250737103035021, 20.883572223279543 ], [ 107.250390974663901, 20.881842450169017 ] ] ], [ [ [ 107.262737999958858, 20.884107090569955 ], [ 107.262082788989687, 20.88410032497012 ], [ 107.262318113690185, 20.884496819872481 ], [ 107.262737999958858, 20.884107090569955 ] ] ], [ [ [ 107.264776963586144, 20.909034501740905 ], [ 107.264128103629275, 20.909209775111094 ], [ 107.264367846698747, 20.909401072601497 ], [ 107.264776963586144, 20.909034501740905 ] ] ], [ [ [ 107.264317345269433, 20.909985264108741 ], [ 107.263728240765715, 20.910187462281613 ], [ 107.263878750404103, 20.910352227073645 ], [ 107.264317345269433, 20.909985264108741 ] ] ], [ [ [ 107.258027995895475, 20.911207520111134 ], [ 107.261505471000874, 20.912050639025892 ], [ 107.263769891967002, 20.910992628007534 ], [ 107.262267836191768, 20.909567858170305 ], [ 107.258027995895475, 20.911207520111134 ] ] ], [ [ [ 107.2739325269647, 20.937724615198988 ], [ 107.273612019379243, 20.939473932376188 ], [ 107.275758806323893, 20.939622801651126 ], [ 107.277830936048929, 20.936933067007544 ], [ 107.2739325269647, 20.937724615198988 ] ] ], [ [ [ 107.279004023416974, 20.939431582401596 ], [ 107.278867366036309, 20.94082371494261 ], [ 107.279443635415532, 20.939307432791907 ], [ 107.279004023416974, 20.939431582401596 ] ] ], [ [ [ 107.273811906294611, 20.940181274346401 ], [ 107.274300939636817, 20.941239584839138 ], [ 107.274481245613174, 20.940645627593824 ], [ 107.273811906294611, 20.940181274346401 ] ] ], [ [ [ 107.272421636249589, 20.942092827422073 ], [ 107.272595495885412, 20.943155433976074 ], [ 107.273086594071174, 20.942261467392825 ], [ 107.272421636249589, 20.942092827422073 ] ] ], [ [ [ 107.264912886220884, 20.948200449890976 ], [ 107.265274499118902, 20.945630527426999 ], [ 107.263395860330718, 20.947125695294744 ], [ 107.264912886220884, 20.948200449890976 ] ] ], [ [ [ 107.267419184348, 20.948511310448737 ], [ 107.266876154810745, 20.947892846677689 ], [ 107.266521157325656, 20.948679624864837 ], [ 107.267419184348, 20.948511310448737 ] ] ], [ [ [ 107.272501596771349, 20.949350744841126 ], [ 107.274888904699196, 20.948411806759509 ], [ 107.27367186026828, 20.94733314460899 ], [ 107.272501596771349, 20.949350744841126 ] ] ], [ [ [ 107.251774530370369, 20.949520574615008 ], [ 107.25247481266257, 20.949511325087656 ], [ 107.252234773715998, 20.949076244772925 ], [ 107.251774530370369, 20.949520574615008 ] ] ], [ [ [ 107.269148892707278, 20.94820669388389 ], [ 107.269091802844457, 20.951054172312183 ], [ 107.270380629362705, 20.950255046433313 ], [ 107.269148892707278, 20.94820669388389 ] ] ], [ [ [ 107.278981836242792, 20.949983818998135 ], [ 107.278350663252638, 20.950148721386427 ], [ 107.278853190922064, 20.950298379366814 ], [ 107.278981836242792, 20.949983818998135 ] ] ], [ [ [ 107.272214302947759, 20.950199286667782 ], [ 107.271542984221469, 20.949926721940756 ], [ 107.271717364564893, 20.950424853724201 ], [ 107.272214302947759, 20.950199286667782 ] ] ], [ [ [ 107.256336124712448, 20.948990685971467 ], [ 107.260616858081619, 20.951970762240933 ], [ 107.262802287095894, 20.950908623334328 ], [ 107.256336124712448, 20.948990685971467 ] ] ], [ [ [ 107.264880596062767, 20.952705617170579 ], [ 107.26410659004722, 20.952246682338568 ], [ 107.264282757343437, 20.952870024931769 ], [ 107.264880596062767, 20.952705617170579 ] ] ], [ [ [ 107.24903692481422, 20.954151680256018 ], [ 107.249951892366084, 20.953384177238092 ], [ 107.246341761862936, 20.954671699739322 ], [ 107.24903692481422, 20.954151680256018 ] ] ], [ [ [ 107.262746884361263, 20.968314727242955 ], [ 107.264466566179181, 20.968397061075677 ], [ 107.263548540932618, 20.966971816396267 ], [ 107.262746884361263, 20.968314727242955 ] ] ], [ [ [ 107.260022628341744, 20.972981287756284 ], [ 107.259907123914729, 20.973456594746096 ], [ 107.260317580791764, 20.9732305465526 ], [ 107.260022628341744, 20.972981287756284 ] ] ], [ [ [ 107.268817262306982, 20.973139477604889 ], [ 107.267461912037618, 20.973529169135986 ], [ 107.269203677607777, 20.97350061476169 ], [ 107.268817262306982, 20.973139477604889 ] ] ], [ [ [ 107.270038393257266, 20.976232237128215 ], [ 107.271142463054275, 20.975884835317061 ], [ 107.271123427104612, 20.975646889092729 ], [ 107.270038393257266, 20.976232237128215 ] ] ], [ [ [ 107.261700048318687, 20.976703370364419 ], [ 107.261523967357334, 20.975994290004508 ], [ 107.260649784959753, 20.976487708441084 ], [ 107.261700048318687, 20.976703370364419 ] ] ], [ [ [ 107.273993056734355, 20.978694979290026 ], [ 107.273267480110121, 20.975628979094267 ], [ 107.272429750832373, 20.978809193189875 ], [ 107.273993056734355, 20.978694979290026 ] ] ], [ [ [ 107.281215182934545, 20.977676945834446 ], [ 107.282005163607607, 20.977662669996334 ], [ 107.280401407099362, 20.97747231319687 ], [ 107.281215182934545, 20.977676945834446 ] ] ], [ [ [ 107.279106981402265, 20.977629357309183 ], [ 107.278906607054353, 20.978160544573655 ], [ 107.279454382314043, 20.977800678158928 ], [ 107.279106981402265, 20.977629357309183 ] ] ], [ [ [ 107.27054212511905, 20.982302241855109 ], [ 107.266451831287043, 20.978140564335717 ], [ 107.264752895929462, 20.982409316936582 ], [ 107.27054212511905, 20.982302241855109 ] ] ], [ [ [ 107.274185661838999, 20.980875929680451 ], [ 107.274043025765195, 20.98209998702481 ], [ 107.274207207796564, 20.982171370712251 ], [ 107.274185661838999, 20.980875929680451 ] ] ], [ [ [ 107.278056461736298, 20.983915515888441 ], [ 107.280169424279563, 20.982066675237036 ], [ 107.276557401602872, 20.983351584308252 ], [ 107.278056461736298, 20.983915515888441 ] ] ], [ [ [ 107.256490319772524, 20.981624348185221 ], [ 107.249956319728369, 20.981947953935048 ], [ 107.246710734812723, 20.986449895346539 ], [ 107.256490319772524, 20.981624348185221 ] ] ], [ [ [ 107.274129796852776, 20.98582606532068 ], [ 107.279888092061981, 20.985796321143425 ], [ 107.274659226841834, 20.98330978471887 ], [ 107.274129796852776, 20.98582606532068 ] ] ], [ [ [ 107.257213526683074, 20.986686809149091 ], [ 107.257448319884134, 20.987384315233953 ], [ 107.257631322028033, 20.987136671620249 ], [ 107.257213526683074, 20.986686809149091 ] ] ], [ [ [ 107.253156996997916, 20.987756446602873 ], [ 107.25362955386089, 20.989361802105634 ], [ 107.254592848281504, 20.986336103228609 ], [ 107.253156996997916, 20.987756446602873 ] ] ], [ [ [ 107.252257756790129, 20.990080671585872 ], [ 107.252266768896391, 20.990676170269126 ], [ 107.252561351725092, 20.990391934140632 ], [ 107.252257756790129, 20.990080671585872 ] ] ], [ [ [ 107.254778057361534, 20.991203421201078 ], [ 107.255254829346995, 20.990601486069863 ], [ 107.254549739279241, 20.990926287018624 ], [ 107.254778057361534, 20.991203421201078 ] ] ], [ [ [ 107.256010785969124, 20.991187086814648 ], [ 107.255832962121531, 20.991785062230804 ], [ 107.256759536323614, 20.991282343905198 ], [ 107.256010785969124, 20.991187086814648 ] ] ], [ [ [ 106.924424919074795, 20.960380023219557 ], [ 106.904011522713802, 20.952825234197235 ], [ 106.925664618327573, 20.938393803431325 ], [ 106.925671757146006, 20.919013093179728 ], [ 106.939577327331847, 20.910190052329085 ], [ 106.873058304897029, 20.892596316566937 ], [ 106.869429626776025, 20.871210911354581 ], [ 106.853400768031179, 20.869223764864898 ], [ 106.873764677398128, 20.834004037356465 ], [ 106.832061612253653, 20.812200944717915 ], [ 106.760688653758507, 20.855750032038372 ], [ 106.753640682171863, 20.881981495249931 ], [ 106.770459027862046, 20.931705929385259 ], [ 106.755384355204001, 20.992056624213888 ], [ 106.652211454595147, 21.019400460662837 ], [ 106.624282602859978, 21.01218910474347 ], [ 106.575787002368372, 21.057411646930007 ], [ 106.515738666806101, 21.046319578785642 ], [ 106.487071852084455, 21.068050487340258 ], [ 106.454770326589369, 21.065636962376004 ], [ 106.441381855787995, 21.117338062301883 ], [ 106.483072448234907, 21.128725153942867 ], [ 106.501879923419779, 21.224400699832472 ], [ 106.525514524076129, 21.224289299911334 ], [ 106.541555858216441, 21.195056287317982 ], [ 106.61308410894452, 21.171427043922961 ], [ 106.641999389260604, 21.180286364324331 ], [ 106.790612671237909, 21.149632532615442 ], [ 106.833620299237452, 21.15271353530153 ], [ 106.828048121423706, 21.187770924388701 ], [ 106.86999512137794, 21.174348755990422 ], [ 106.917540187929433, 21.18385205033195 ], [ 106.936035299789239, 21.16896272884685 ], [ 106.978557586163788, 21.226981084109923 ], [ 106.972742273936831, 21.284288039661362 ], [ 107.023032548013816, 21.302893381424553 ], [ 107.097275384351576, 21.374089623137763 ], [ 107.167329723588011, 21.363467259206686 ], [ 107.216144096872654, 21.388611755028535 ], [ 107.255226232704615, 21.369144669391005 ], [ 107.263556299383708, 21.400594195166093 ], [ 107.239378552278538, 21.457939806277125 ], [ 107.246387374577751, 21.482369095557317 ], [ 107.206644345860013, 21.544626198440483 ], [ 107.277010453969353, 21.56325712771428 ], [ 107.297352723849315, 21.593583545943943 ], [ 107.382553691399778, 21.596551781739379 ], [ 107.417975387753984, 21.640386618747584 ], [ 107.461362110573077, 21.663439861660436 ], [ 107.497496128443686, 21.632227324331666 ], [ 107.489595858562211, 21.599978686167503 ], [ 107.543343590634322, 21.589488164647264 ], [ 107.577275893667661, 21.618239962604321 ], [ 107.592722230047059, 21.604644143212738 ], [ 107.651742552377073, 21.60473053298773 ], [ 107.783524776747186, 21.65560990976968 ], [ 107.842382668025834, 21.641103521410514 ], [ 107.857126866811598, 21.655015385951401 ], [ 107.888874456690928, 21.625408082716888 ], [ 107.882929214911371, 21.609712644922809 ], [ 107.899575891714221, 21.587953060585448 ], [ 107.925259335050384, 21.588904299593878 ], [ 107.943332869016729, 21.569047193273377 ], [ 107.955297793958209, 21.536441160031643 ], [ 108.007825908638893, 21.547993735022828 ], [ 108.034348047124865, 21.543484738430038 ], [ 108.007630729674531, 21.540819552580444 ], [ 108.040037469553681, 21.517111371192925 ], [ 108.008937914952924, 21.522548439359127 ], [ 108.008914119790859, 21.514006174045846 ], [ 108.054501024103104, 21.511426045175824 ], [ 108.017406416073413, 21.488600471034999 ], [ 108.086939879671888, 21.484577674020557 ], [ 108.018459326137076, 21.47603995208226 ], [ 107.969311605646169, 21.433496775356048 ], [ 107.967717366663237, 21.445679615921563 ], [ 107.960140454318548, 21.450160820765404 ], [ 107.952645151852437, 21.429727199550769 ], [ 107.918216016555903, 21.443715458801421 ], [ 107.95662262933098, 21.416862947167431 ], [ 107.951958884595001, 21.401824752810285 ], [ 107.926641420365399, 21.400206719564608 ], [ 107.915695899446234, 21.420765262906627 ], [ 107.884382192883947, 21.440943091750285 ], [ 107.894185572106664, 21.4642618100346 ], [ 107.930221441566289, 21.482474095003624 ], [ 107.898539495901161, 21.509197738285025 ], [ 107.881705834756644, 21.498969840385882 ], [ 107.890571706718902, 21.486915489558328 ], [ 107.882862847642343, 21.46912818641664 ], [ 107.850459310249107, 21.504598200646626 ], [ 107.837293307440234, 21.476148536226049 ], [ 107.789002146232235, 21.472281911880714 ], [ 107.754370721931366, 21.403823749666344 ], [ 107.673767671440942, 21.390303652291891 ], [ 107.605695830997888, 21.291644733217879 ], [ 107.483669566397452, 21.296328127241452 ], [ 107.480047599017553, 21.264721527676443 ], [ 107.526814953447399, 21.222990541280581 ], [ 107.534167487639536, 21.201908516065203 ], [ 107.527485961008381, 21.2059259980864 ], [ 107.523012574870563, 21.205526249436957 ], [ 107.518501116833193, 21.207372711381709 ], [ 107.515226978442399, 21.20790570988072 ], [ 107.514313265444855, 21.20752499628162 ], [ 107.534510130238459, 21.189936019731704 ], [ 107.56869822564272, 21.198735267218979 ], [ 107.596614625364737, 21.218824797026855 ], [ 107.60879270671802, 21.211001128699252 ], [ 107.54081888158629, 21.143260728899691 ], [ 107.541780184008473, 21.154786837742506 ], [ 107.534184945279151, 21.164932859563976 ], [ 107.514530597409191, 21.149647203255995 ], [ 107.50191921639879, 21.131249685824343 ], [ 107.506388577171094, 21.121343711942814 ], [ 107.436075240380092, 21.076570754336899 ], [ 107.427596031032124, 21.058304821210697 ], [ 107.427549830160729, 21.059850379891202 ], [ 107.424944319724659, 21.061944305585371 ], [ 107.420423344162032, 21.058196655251436 ], [ 107.419183644909481, 21.063169728100604 ], [ 107.372775232391234, 21.04197408523595 ], [ 107.347535495666762, 20.995466725708923 ], [ 107.273055194241977, 21.001565284810169 ], [ 107.218824858080893, 20.989700914865409 ], [ 107.209675830975016, 20.984477998660793 ], [ 107.208474202722471, 20.981479878393714 ], [ 107.231252782789795, 20.987038299278197 ], [ 107.225580148005463, 20.975624023829823 ], [ 107.153675612839436, 20.945060243935075 ], [ 107.156704667086899, 20.938094372357568 ], [ 107.09649193725329, 20.949067778555161 ], [ 107.084756435661063, 20.950076671301417 ], [ 107.076525879865585, 20.945265400877531 ], [ 107.063779106820505, 20.960185811026349 ], [ 107.031644487403355, 20.946277861234364 ], [ 106.987111683857222, 20.957038974369141 ], [ 106.978593213705949, 20.949829206652623 ], [ 106.924424919074795, 20.960380023219557 ] ] ], [ [ [ 107.295012194157437, 20.826937270838528 ], [ 107.295680509148156, 20.825944743055572 ], [ 107.294576524786805, 20.826750709177986 ], [ 107.295012194157437, 20.826937270838528 ] ] ], [ [ [ 107.312502870311278, 20.828607063665231 ], [ 107.310396701246873, 20.832914364806186 ], [ 107.313567952698918, 20.833154868702309 ], [ 107.312502870311278, 20.828607063665231 ] ] ], [ [ [ 107.288739451664355, 20.831912715199735 ], [ 107.288847280377809, 20.830882643419329 ], [ 107.288119681178443, 20.831761638988496 ], [ 107.288739451664355, 20.831912715199735 ] ] ], [ [ [ 107.30882280043204, 20.831589527634662 ], [ 107.30930034943168, 20.83124316813786 ], [ 107.308789332162121, 20.831363274395585 ], [ 107.30882280043204, 20.831589527634662 ] ] ], [ [ [ 107.290295052174997, 20.832703319102961 ], [ 107.290810022864378, 20.833073194072767 ], [ 107.2908975529798, 20.832738689438997 ], [ 107.290295052174997, 20.832703319102961 ] ] ], [ [ [ 107.29128755387751, 20.834878122627288 ], [ 107.291807696568014, 20.834762369987459 ], [ 107.291340854896589, 20.834568994163817 ], [ 107.29128755387751, 20.834878122627288 ] ] ], [ [ [ 107.31140791514332, 20.834926804728298 ], [ 107.309528984974691, 20.835363043369796 ], [ 107.311803800305313, 20.835176516782894 ], [ 107.31140791514332, 20.834926804728298 ] ] ], [ [ [ 107.288511022965508, 20.83674282012521 ], [ 107.289054262943978, 20.837996404010937 ], [ 107.289279805718479, 20.837747359253342 ], [ 107.288511022965508, 20.83674282012521 ] ] ], [ [ [ 107.301119341784329, 20.837799839191234 ], [ 107.301619535713144, 20.836971339655634 ], [ 107.300965385044549, 20.837603459632078 ], [ 107.301119341784329, 20.837799839191234 ] ] ], [ [ [ 107.302388683590948, 20.837952784193703 ], [ 107.302650158777851, 20.837297498580881 ], [ 107.302320148955744, 20.83741524411829 ], [ 107.302388683590948, 20.837952784193703 ] ] ], [ [ [ 107.285639647751623, 20.837519259706255 ], [ 107.285942453981136, 20.838037885240283 ], [ 107.28613150316653, 20.837543482945534 ], [ 107.285639647751623, 20.837519259706255 ] ] ], [ [ [ 107.306878057876247, 20.839564172348673 ], [ 107.307503595714479, 20.837062156793252 ], [ 107.303915978839427, 20.836137007117259 ], [ 107.306878057876247, 20.839564172348673 ] ] ], [ [ [ 107.301313221228213, 20.838647271254615 ], [ 107.302128498931154, 20.838693010773795 ], [ 107.302244369382208, 20.838379787697193 ], [ 107.301313221228213, 20.838647271254615 ] ] ], [ [ [ 107.308741398297059, 20.840085280011692 ], [ 107.308023973128002, 20.84051965256009 ], [ 107.308119160970705, 20.84082985391467 ], [ 107.308741398297059, 20.840085280011692 ] ] ], [ [ [ 107.300556250170814, 20.841441395603908 ], [ 107.300293378336846, 20.842011108026213 ], [ 107.300743231814863, 20.841835235707549 ], [ 107.300556250170814, 20.841441395603908 ] ] ], [ [ [ 107.304666957714062, 20.841952378699432 ], [ 107.302148747166996, 20.841023546299596 ], [ 107.301111610312716, 20.84225507790967 ], [ 107.304666957714062, 20.841952378699432 ] ] ], [ [ [ 107.309321069811574, 20.844466399304963 ], [ 107.309996662116362, 20.843267960048365 ], [ 107.309037566630479, 20.843677338638372 ], [ 107.309321069811574, 20.844466399304963 ] ] ], [ [ [ 107.29559862137944, 20.843935903619183 ], [ 107.296053511060734, 20.843683865018534 ], [ 107.295855468654963, 20.843594249375258 ], [ 107.29559862137944, 20.843935903619183 ] ] ], [ [ [ 107.269013885582524, 20.834882340447678 ], [ 107.285229180982071, 20.843104423730324 ], [ 107.296460723183941, 20.845431027420148 ], [ 107.283865447232699, 20.841539092555252 ], [ 107.284218641577183, 20.836296516271261 ], [ 107.269013885582524, 20.834882340447678 ] ] ], [ [ [ 107.297645856071597, 20.84498473255951 ], [ 107.297225155016974, 20.845328680074601 ], [ 107.29764959185519, 20.845230709729549 ], [ 107.297645856071597, 20.84498473255951 ] ] ], [ [ [ 107.287323352191152, 20.844375763830556 ], [ 107.287263344028247, 20.84612260697287 ], [ 107.287990766960434, 20.845625612831896 ], [ 107.287323352191152, 20.844375763830556 ] ] ], [ [ [ 107.324488937414571, 20.844376852909591 ], [ 107.32300575031519, 20.846927205226507 ], [ 107.325106998289414, 20.845380454944177 ], [ 107.324488937414571, 20.844376852909591 ] ] ], [ [ [ 107.297709465119794, 20.847013497874741 ], [ 107.297561952022591, 20.848091772417433 ], [ 107.298211467585304, 20.847713963628564 ], [ 107.297709465119794, 20.847013497874741 ] ] ], [ [ [ 107.30611230224099, 20.847709269167581 ], [ 107.306331214314184, 20.84821606861675 ], [ 107.306384222154236, 20.847733955557771 ], [ 107.30611230224099, 20.847709269167581 ] ] ], [ [ [ 107.298260140693003, 20.848758906598391 ], [ 107.299113706132687, 20.848870502571742 ], [ 107.298187944018593, 20.848329304953495 ], [ 107.298260140693003, 20.848758906598391 ] ] ], [ [ [ 107.289720332327647, 20.851702473090825 ], [ 107.292282083551413, 20.852098751256506 ], [ 107.288239971797339, 20.849139192120049 ], [ 107.289720332327647, 20.851702473090825 ] ] ], [ [ [ 107.285952171155941, 20.851691361966914 ], [ 107.28848052425684, 20.854209862994878 ], [ 107.286602279371721, 20.851344374743235 ], [ 107.285952171155941, 20.851691361966914 ] ] ], [ [ [ 107.293806276138866, 20.853216018604485 ], [ 107.294287708411048, 20.854716341386222 ], [ 107.29605526743677, 20.854600451149963 ], [ 107.293806276138866, 20.853216018604485 ] ] ], [ [ [ 107.313242185878266, 20.85418181673748 ], [ 107.31382670833608, 20.854491355291941 ], [ 107.313627292665615, 20.854085874363591 ], [ 107.313242185878266, 20.85418181673748 ] ] ], [ [ [ 107.31217516185427, 20.853924118703219 ], [ 107.311565206569071, 20.855111388379896 ], [ 107.312721235596598, 20.854869064256093 ], [ 107.31217516185427, 20.853924118703219 ] ] ], [ [ [ 107.289138346857328, 20.856538203275647 ], [ 107.289333572586429, 20.854290723738075 ], [ 107.288751366782151, 20.854790571427884 ], [ 107.289138346857328, 20.856538203275647 ] ] ], [ [ [ 107.286741177863178, 20.855112772436485 ], [ 107.284181476194249, 20.858111231748126 ], [ 107.287776526865287, 20.858576385392041 ], [ 107.286741177863178, 20.855112772436485 ] ] ], [ [ [ 107.289986963327749, 20.857408128282543 ], [ 107.288512757757701, 20.857427853112995 ], [ 107.288884857650146, 20.858192291241437 ], [ 107.289986963327749, 20.857408128282543 ] ] ], [ [ [ 107.29448305734735, 20.85673106378772 ], [ 107.294568763637585, 20.859439292989009 ], [ 107.296000446563426, 20.859399051025434 ], [ 107.29448305734735, 20.85673106378772 ] ] ], [ [ [ 107.289975228074468, 20.858793179561701 ], [ 107.290000014289319, 20.858269731862663 ], [ 107.289740261304189, 20.858427055664265 ], [ 107.289975228074468, 20.858793179561701 ] ] ], [ [ [ 107.307749575582591, 20.861557143347568 ], [ 107.308145092921848, 20.862141366331116 ], [ 107.308132630116859, 20.861325268446421 ], [ 107.307749575582591, 20.861557143347568 ] ] ], [ [ [ 107.281975989600369, 20.862869851362518 ], [ 107.282320581030092, 20.861818927901197 ], [ 107.281704684823524, 20.862257987716021 ], [ 107.281975989600369, 20.862869851362518 ] ] ], [ [ [ 107.299969483904704, 20.862354136034696 ], [ 107.301690504813052, 20.866672531212487 ], [ 107.304443602990034, 20.860241202269833 ], [ 107.299969483904704, 20.862354136034696 ] ] ], [ [ [ 107.314944086300613, 20.863762915026655 ], [ 107.314426066010128, 20.86442042556223 ], [ 107.315149690206113, 20.864255794769178 ], [ 107.314944086300613, 20.863762915026655 ] ] ], [ [ [ 107.321927842695857, 20.867223382153497 ], [ 107.32168142755603, 20.863776966034266 ], [ 107.319049434783665, 20.865628287915342 ], [ 107.321927842695857, 20.867223382153497 ] ] ], [ [ [ 107.309295619897057, 20.865666990239504 ], [ 107.309894481145477, 20.865968671417136 ], [ 107.309755658197105, 20.865536907802039 ], [ 107.309295619897057, 20.865666990239504 ] ] ], [ [ [ 107.316388159186261, 20.865573613631398 ], [ 107.316397203668032, 20.866163589578036 ], [ 107.316777863307834, 20.865749896940372 ], [ 107.316388159186261, 20.865573613631398 ] ] ], [ [ [ 107.317429566021701, 20.867238978196383 ], [ 107.318188713438417, 20.866275467039316 ], [ 107.317082686716674, 20.866699081897139 ], [ 107.317429566021701, 20.867238978196383 ] ] ], [ [ [ 107.307683828845654, 20.868197849751141 ], [ 107.306927471125903, 20.866225578947422 ], [ 107.306404598093764, 20.866573365668444 ], [ 107.307683828845654, 20.868197849751141 ] ] ], [ [ [ 107.283041122350028, 20.868658142559298 ], [ 107.281199266732813, 20.868404548131537 ], [ 107.281956229696277, 20.869451428240893 ], [ 107.283041122350028, 20.868658142559298 ] ] ], [ [ [ 107.312127076003947, 20.869500867571048 ], [ 107.309284944045032, 20.869291437949641 ], [ 107.311839999816243, 20.870155340196789 ], [ 107.312127076003947, 20.869500867571048 ] ] ], [ [ [ 107.317943142761919, 20.869183967166464 ], [ 107.318672008206761, 20.869401060810276 ], [ 107.318760361201896, 20.868855087792213 ], [ 107.317943142761919, 20.869183967166464 ] ] ], [ [ [ 107.303772480315786, 20.871472222864952 ], [ 107.304798770446894, 20.867338507965883 ], [ 107.302944049128712, 20.871266608167616 ], [ 107.303772480315786, 20.871472222864952 ] ] ], [ [ [ 107.30638770882581, 20.869795230065961 ], [ 107.305692740627649, 20.869680640249385 ], [ 107.305864352857668, 20.870112054927574 ], [ 107.30638770882581, 20.869795230065961 ] ] ], [ [ [ 107.315596285440279, 20.870713758932936 ], [ 107.315700729105401, 20.87121161822165 ], [ 107.315983832987627, 20.870753833622643 ], [ 107.315596285440279, 20.870713758932936 ] ] ], [ [ [ 107.299315474429648, 20.86927092531306 ], [ 107.301778829929162, 20.87170564190194 ], [ 107.300852626247774, 20.868320947154018 ], [ 107.299315474429648, 20.86927092531306 ] ] ], [ [ [ 107.310793365221798, 20.87295756563924 ], [ 107.31322260404005, 20.873650969916355 ], [ 107.313191406558303, 20.871608703079289 ], [ 107.310793365221798, 20.87295756563924 ] ] ], [ [ [ 107.305638193148184, 20.875838807315233 ], [ 107.303932184622624, 20.872203727819908 ], [ 107.30321740795705, 20.872957304835779 ], [ 107.305638193148184, 20.875838807315233 ] ] ], [ [ [ 107.289260267047723, 20.875698370983173 ], [ 107.290355522589437, 20.874548903409277 ], [ 107.28913680092279, 20.873929701294799 ], [ 107.289260267047723, 20.875698370983173 ] ] ], [ [ [ 107.297826323026584, 20.874455891026741 ], [ 107.296714938143964, 20.877353813328 ], [ 107.298545367874624, 20.876151264169607 ], [ 107.297826323026584, 20.874455891026741 ] ] ], [ [ [ 107.288774533318247, 20.875568811951212 ], [ 107.287572991400509, 20.876084083014007 ], [ 107.288642559606615, 20.876432987592295 ], [ 107.288774533318247, 20.875568811951212 ] ] ], [ [ [ 107.292366501113236, 20.879560608435327 ], [ 107.294339980605798, 20.878898704711503 ], [ 107.291965839651937, 20.878658067715833 ], [ 107.292366501113236, 20.879560608435327 ] ] ], [ [ [ 107.288771362308637, 20.88174222792145 ], [ 107.289438945251163, 20.881097858279588 ], [ 107.288566991373727, 20.881018706248483 ], [ 107.288771362308637, 20.88174222792145 ] ] ], [ [ [ 107.286986689184516, 20.882083920836351 ], [ 107.286592156602808, 20.881589827908329 ], [ 107.286696441987203, 20.882087804109062 ], [ 107.286986689184516, 20.882083920836351 ] ] ], [ [ [ 107.291218832183404, 20.907284137752924 ], [ 107.323712791012667, 20.876142136050873 ], [ 107.323179502931737, 20.872443404339776 ], [ 107.291218832183404, 20.907284137752924 ] ] ], [ [ [ 107.311589171702963, 20.914772074771463 ], [ 107.319101081949498, 20.891453209897691 ], [ 107.323712445672925, 20.883183300668804 ], [ 107.308188844039933, 20.897180191612733 ], [ 107.31061662955392, 20.900985998405247 ], [ 107.310118081384417, 20.907713152140332 ], [ 107.30633138878261, 20.908190841434305 ], [ 107.311589171702963, 20.914772074771463 ] ] ], [ [ [ 107.307487300898345, 20.900518824884045 ], [ 107.30910422078324, 20.899929355255551 ], [ 107.30785852215314, 20.898834154572739 ], [ 107.307487300898345, 20.900518824884045 ] ] ], [ [ [ 107.326521899865895, 20.900255839735394 ], [ 107.328573765167221, 20.901094062740867 ], [ 107.328930457874435, 20.899284610596339 ], [ 107.326521899865895, 20.900255839735394 ] ] ], [ [ [ 107.305569293388373, 20.903666586943586 ], [ 107.306950050404623, 20.902477311778682 ], [ 107.304954018613216, 20.903000826027323 ], [ 107.305569293388373, 20.903666586943586 ] ] ], [ [ [ 107.289972116420074, 20.902241267620582 ], [ 107.288739108123536, 20.905698212102891 ], [ 107.291189127576274, 20.902721517284249 ], [ 107.289972116420074, 20.902241267620582 ] ] ], [ [ [ 107.283976067441699, 20.905726586612786 ], [ 107.285562494014016, 20.905634398908546 ], [ 107.285473394581629, 20.904748896744309 ], [ 107.283976067441699, 20.905726586612786 ] ] ], [ [ [ 107.322292391880467, 20.907892995865097 ], [ 107.324705711799311, 20.902229615104829 ], [ 107.319347196715739, 20.909015800339034 ], [ 107.322292391880467, 20.907892995865097 ] ] ], [ [ [ 107.286631124227142, 20.906293985079458 ], [ 107.285949094575187, 20.906196669440874 ], [ 107.286332928821707, 20.906581654819604 ], [ 107.286631124227142, 20.906293985079458 ] ] ], [ [ [ 107.304988584055991, 20.910196949229885 ], [ 107.305473458933136, 20.909764710772777 ], [ 107.304902697001921, 20.909524224863219 ], [ 107.304988584055991, 20.910196949229885 ] ] ], [ [ [ 107.295515751550738, 20.911282127868049 ], [ 107.293992457386139, 20.910557839073078 ], [ 107.293969232394261, 20.911515805010424 ], [ 107.295515751550738, 20.911282127868049 ] ] ], [ [ [ 107.304501536416808, 20.910487288157924 ], [ 107.303516599811303, 20.910358650931187 ], [ 107.30363601718858, 20.910747159853656 ], [ 107.304501536416808, 20.910487288157924 ] ] ], [ [ [ 107.300021956647981, 20.911753532699493 ], [ 107.299013283336535, 20.91254745060445 ], [ 107.2995845902567, 20.912823521788141 ], [ 107.300021956647981, 20.911753532699493 ] ] ], [ [ [ 107.297501229798002, 20.912567804960304 ], [ 107.296966560358612, 20.912220359082369 ], [ 107.296933167631778, 20.912504483695102 ], [ 107.297501229798002, 20.912567804960304 ] ] ], [ [ [ 107.297467219236864, 20.912816454915514 ], [ 107.297738340552144, 20.913238499557224 ], [ 107.297847937332506, 20.912988740737944 ], [ 107.297467219236864, 20.912816454915514 ] ] ], [ [ [ 107.29705183857152, 20.91408784088128 ], [ 107.297881217644147, 20.913934662054999 ], [ 107.297423906088397, 20.913692352320254 ], [ 107.29705183857152, 20.91408784088128 ] ] ], [ [ [ 107.307190816003356, 20.914519008245634 ], [ 107.306438584373325, 20.91477763617911 ], [ 107.307195782959127, 20.914838368296046 ], [ 107.307190816003356, 20.914519008245634 ] ] ], [ [ [ 107.323405055598982, 20.914659072258473 ], [ 107.32442163575007, 20.914961587107598 ], [ 107.324356440297663, 20.91438240302557 ], [ 107.323405055598982, 20.914659072258473 ] ] ], [ [ [ 107.306521310310359, 20.91523787233001 ], [ 107.305995919176382, 20.915493525305976 ], [ 107.30656282841187, 20.915485775847969 ], [ 107.306521310310359, 20.91523787233001 ] ] ], [ [ [ 107.306063148895248, 20.912475577685768 ], [ 107.303073171989354, 20.919685713225249 ], [ 107.304139732862382, 20.920203817152469 ], [ 107.306063148895248, 20.912475577685768 ] ] ], [ [ [ 107.310830349840899, 20.916404215682064 ], [ 107.311816339552479, 20.916603847189833 ], [ 107.311004085370314, 20.915408015067953 ], [ 107.310830349840899, 20.916404215682064 ] ] ], [ [ [ 107.30598744666338, 20.917410289953068 ], [ 107.311156025829973, 20.917926061038997 ], [ 107.309783103707332, 20.914679149623169 ], [ 107.30598744666338, 20.917410289953068 ] ] ], [ [ [ 107.281353754971917, 20.929188782736276 ], [ 107.283813125575477, 20.92866752668516 ], [ 107.28421213228421, 20.928110091807355 ], [ 107.281353754971917, 20.929188782736276 ] ] ], [ [ [ 107.295429660350635, 20.938705712598619 ], [ 107.295719908447097, 20.937982868114943 ], [ 107.294845190053593, 20.938071741817453 ], [ 107.295429660350635, 20.938705712598619 ] ] ], [ [ [ 107.291104612887693, 20.938712581620393 ], [ 107.2872593105688, 20.936068186297746 ], [ 107.284338022981501, 20.941987256906543 ], [ 107.291104612887693, 20.938712581620393 ] ] ], [ [ [ 107.290281910381907, 20.940418281678546 ], [ 107.289940544820354, 20.941372936312121 ], [ 107.290638898066845, 20.940490501735326 ], [ 107.290281910381907, 20.940418281678546 ] ] ], [ [ [ 107.295227195978441, 20.943381669228643 ], [ 107.291358722626967, 20.93922270856126 ], [ 107.289315292966478, 20.945258531855927 ], [ 107.295227195978441, 20.943381669228643 ] ] ], [ [ [ 107.288897761122882, 20.943004572702932 ], [ 107.289189061426043, 20.942358645435149 ], [ 107.288753481088406, 20.942518608746923 ], [ 107.288897761122882, 20.943004572702932 ] ] ], [ [ [ 107.306183659848102, 20.947843851612618 ], [ 107.307088141304746, 20.949139834036203 ], [ 107.306422660077828, 20.947689663747099 ], [ 107.306183659848102, 20.947843851612618 ] ] ], [ [ [ 107.32775722121886, 20.951385276609415 ], [ 107.327128824435704, 20.951018367603695 ], [ 107.327133985644934, 20.9513520763374 ], [ 107.32775722121886, 20.951385276609415 ] ] ], [ [ [ 107.307755001192447, 20.951552319384064 ], [ 107.303160118444907, 20.952569848320024 ], [ 107.307907991160846, 20.952782173758294 ], [ 107.307755001192447, 20.951552319384064 ] ] ], [ [ [ 107.308464308181385, 20.956955787079949 ], [ 107.310536526939245, 20.951295523369765 ], [ 107.30758380175115, 20.956746154211714 ], [ 107.308464308181385, 20.956955787079949 ] ] ], [ [ [ 107.302722582081685, 20.953757401283156 ], [ 107.304619370987325, 20.955089281045559 ], [ 107.303816417593794, 20.953415792005273 ], [ 107.302722582081685, 20.953757401283156 ] ] ], [ [ [ 107.298923295373868, 20.957730552123337 ], [ 107.300985217793709, 20.954082501706182 ], [ 107.297493958779341, 20.955411726669922 ], [ 107.298923295373868, 20.957730552123337 ] ] ], [ [ [ 107.281921221787002, 20.955520344088768 ], [ 107.283938920045216, 20.955996207758858 ], [ 107.291780124253478, 20.958656291754608 ], [ 107.286224326691354, 20.954683339664427 ], [ 107.281921221787002, 20.955520344088768 ] ] ], [ [ [ 107.293144104416967, 20.957191673856698 ], [ 107.294541477307405, 20.958624102320528 ], [ 107.294630242192113, 20.956638268841004 ], [ 107.293144104416967, 20.957191673856698 ] ] ], [ [ [ 107.301792575167326, 20.95992961306132 ], [ 107.302136761002714, 20.959327912653237 ], [ 107.301321533662019, 20.959173161812089 ], [ 107.301792575167326, 20.95992961306132 ] ] ], [ [ [ 107.300716709908272, 20.963526262726873 ], [ 107.299735287853309, 20.96174853956353 ], [ 107.299316334181583, 20.962085898645341 ], [ 107.300716709908272, 20.963526262726873 ] ] ], [ [ [ 107.30673893365497, 20.971356523984582 ], [ 107.313571895326788, 20.957199635554844 ], [ 107.301090853959806, 20.964881164234498 ], [ 107.30673893365497, 20.971356523984582 ] ] ], [ [ [ 107.32295083411384, 20.973503757892217 ], [ 107.323825286308022, 20.971023169583759 ], [ 107.323007603817985, 20.971232919363786 ], [ 107.32295083411384, 20.973503757892217 ] ] ], [ [ [ 107.285284101680134, 20.972863020611896 ], [ 107.286106568563355, 20.973557020240378 ], [ 107.285521588350605, 20.972662472694992 ], [ 107.285284101680134, 20.972863020611896 ] ] ], [ [ [ 107.31029851416514, 20.973036406305084 ], [ 107.310645342208943, 20.974463330018693 ], [ 107.311042674380019, 20.972843574571414 ], [ 107.31029851416514, 20.973036406305084 ] ] ], [ [ [ 107.282595270855268, 20.979732801427758 ], [ 107.282975983554877, 20.974012577218787 ], [ 107.282319252731384, 20.974345701393077 ], [ 107.282595270855268, 20.979732801427758 ] ] ], [ [ [ 107.29013747206676, 20.979622959132314 ], [ 107.296754752929587, 20.979387391614864 ], [ 107.290016119348479, 20.97797399190631 ], [ 107.29013747206676, 20.979622959132314 ] ] ], [ [ [ 107.318934303575247, 20.983109642396244 ], [ 107.323845511161494, 20.980425610353734 ], [ 107.31492253314849, 20.981353600088596 ], [ 107.318934303575247, 20.983109642396244 ] ] ], [ [ [ 107.300367370058211, 20.982143580761829 ], [ 107.299667808122933, 20.981924671386537 ], [ 107.29953931658639, 20.982248277136421 ], [ 107.300367370058211, 20.982143580761829 ] ] ], [ [ [ 107.309390286132952, 20.982772948812624 ], [ 107.308763535109108, 20.982097120885498 ], [ 107.308854907128364, 20.982715841862728 ], [ 107.309390286132952, 20.982772948812624 ] ] ], [ [ [ 107.311804249066881, 20.983946022690873 ], [ 107.311342633355878, 20.985635439623934 ], [ 107.312756033064602, 20.984540888251558 ], [ 107.311804249066881, 20.983946022690873 ] ] ], [ [ [ 107.313613828915152, 20.986298120361994 ], [ 107.313250960563437, 20.985346336364387 ], [ 107.312667993033529, 20.986381401180836 ], [ 107.313613828915152, 20.986298120361994 ] ] ], [ [ [ 107.281998524812138, 20.990779537445803 ], [ 107.297488817355202, 20.98817402790911 ], [ 107.287840101739334, 20.982088555742223 ], [ 107.281998524812138, 20.990779537445803 ] ] ], [ [ [ 107.293904420053025, 20.990848652143768 ], [ 107.292993828602391, 20.990296373079332 ], [ 107.292879021149986, 20.990664926045611 ], [ 107.293904420053025, 20.990848652143768 ] ] ], [ [ [ 107.309374451769656, 20.989834424619062 ], [ 107.304353790395169, 20.990506622882492 ], [ 107.312432060391416, 20.991262101964423 ], [ 107.309374451769656, 20.989834424619062 ] ] ], [ [ [ 107.344948391655009, 20.688358975886217 ], [ 107.346469504064373, 20.688731086570556 ], [ 107.345980464426987, 20.687510239805874 ], [ 107.344948391655009, 20.688358975886217 ] ] ], [ [ [ 107.340521773860928, 20.710056289366378 ], [ 107.340443769364583, 20.710784322038876 ], [ 107.340974745288406, 20.710497488668352 ], [ 107.340521773860928, 20.710056289366378 ] ] ], [ [ [ 107.377955328275903, 20.749136473669409 ], [ 107.377196999242187, 20.752174411420015 ], [ 107.379055738731438, 20.75250195620049 ], [ 107.377955328275903, 20.749136473669409 ] ] ], [ [ [ 107.338396788281273, 20.787819259251592 ], [ 107.33624086962061, 20.787773605167899 ], [ 107.338207978315722, 20.78851503414154 ], [ 107.338396788281273, 20.787819259251592 ] ] ], [ [ [ 107.337522622970823, 20.790660404654091 ], [ 107.33676618970793, 20.788197467339387 ], [ 107.336607748948609, 20.788274560822458 ], [ 107.337522622970823, 20.790660404654091 ] ] ], [ [ [ 107.338090722908589, 20.79359691776358 ], [ 107.338499457584021, 20.794782551573519 ], [ 107.339169718707581, 20.79394866779694 ], [ 107.338090722908589, 20.79359691776358 ] ] ], [ [ [ 107.345692277576632, 20.796035880051875 ], [ 107.345084575992416, 20.796181691631944 ], [ 107.345504726661886, 20.79651947699233 ], [ 107.345692277576632, 20.796035880051875 ] ] ], [ [ [ 107.342103154337281, 20.799040101319747 ], [ 107.34197329313298, 20.798537909996696 ], [ 107.341807201840993, 20.798837933723803 ], [ 107.342103154337281, 20.799040101319747 ] ] ], [ [ [ 107.334377590353711, 20.812488077562875 ], [ 107.333834600386581, 20.809194594754786 ], [ 107.332302958714592, 20.812483277880972 ], [ 107.334377590353711, 20.812488077562875 ] ] ], [ [ [ 107.337958670056707, 20.814419735882211 ], [ 107.338619910080865, 20.813981504343019 ], [ 107.338300971812544, 20.813820907908735 ], [ 107.337958670056707, 20.814419735882211 ] ] ], [ [ [ 107.333113455621515, 20.814881839925079 ], [ 107.332842884691445, 20.815578633747009 ], [ 107.333435444390318, 20.815240577690645 ], [ 107.333113455621515, 20.814881839925079 ] ] ], [ [ [ 107.331540612409412, 20.815497314349557 ], [ 107.330941526330548, 20.815406422568344 ], [ 107.330946524762453, 20.815736433289885 ], [ 107.331540612409412, 20.815497314349557 ] ] ], [ [ [ 107.331517107728359, 20.818534432817955 ], [ 107.331169531448779, 20.818803241976184 ], [ 107.331519139296915, 20.818666400234292 ], [ 107.331517107728359, 20.818534432817955 ] ] ], [ [ [ 107.369848652293513, 20.824320416354112 ], [ 107.370371802316868, 20.82386790627902 ], [ 107.369729221426496, 20.82382443215198 ], [ 107.369848652293513, 20.824320416354112 ] ] ], [ [ [ 107.352410307689638, 20.837104049912057 ], [ 107.370134317444922, 20.823399195816421 ], [ 107.383697491446128, 20.828533750032705 ], [ 107.383920999954341, 20.795125794020294 ], [ 107.380108424864034, 20.793959036080764 ], [ 107.371186658237775, 20.808738687940092 ], [ 107.367165628391092, 20.811294274311422 ], [ 107.344611022680681, 20.804680699554808 ], [ 107.334047020253877, 20.853594329215014 ], [ 107.350188475018172, 20.821147940025583 ], [ 107.352410307689638, 20.837104049912057 ] ] ], [ [ [ 107.37103513596287, 20.825246995052908 ], [ 107.370531327658796, 20.825149331376622 ], [ 107.370843894230347, 20.825511552216426 ], [ 107.37103513596287, 20.825246995052908 ] ] ], [ [ [ 107.332795476030412, 20.829797303802593 ], [ 107.332873312353627, 20.828665165265193 ], [ 107.33193351541945, 20.82942208416199 ], [ 107.332795476030412, 20.829797303802593 ] ] ], [ [ [ 107.370752229032234, 20.826900546123341 ], [ 107.367674790359274, 20.826005438300456 ], [ 107.370721730323623, 20.833464752596285 ], [ 107.370752229032234, 20.826900546123341 ] ] ], [ [ [ 107.330651465292931, 20.830600407383031 ], [ 107.330420422264865, 20.830008217305419 ], [ 107.330237466885649, 20.83048704424175 ], [ 107.330651465292931, 20.830600407383031 ] ] ], [ [ [ 107.335117273743265, 20.834349647718113 ], [ 107.335908952336354, 20.83427935490829 ], [ 107.335871845409429, 20.833922698174149 ], [ 107.335117273743265, 20.834349647718113 ] ] ], [ [ [ 107.334109596880467, 20.834809929734547 ], [ 107.333660159788622, 20.834458891964459 ], [ 107.333698798260968, 20.834904909833881 ], [ 107.334109596880467, 20.834809929734547 ] ] ], [ [ [ 107.329274979157049, 20.835947339198356 ], [ 107.328358340664977, 20.834084512290531 ], [ 107.328353677680127, 20.835840783025787 ], [ 107.329274979157049, 20.835947339198356 ] ] ], [ [ [ 107.33180992608726, 20.837877420106963 ], [ 107.33139835944678, 20.837912815624065 ], [ 107.331591782934481, 20.838118558924521 ], [ 107.33180992608726, 20.837877420106963 ] ] ], [ [ [ 107.32981244728677, 20.839958570931458 ], [ 107.329426431284844, 20.839606570886701 ], [ 107.329401708022488, 20.840053451205961 ], [ 107.32981244728677, 20.839958570931458 ] ] ], [ [ [ 107.362035338759881, 20.832179622291903 ], [ 107.356141521114409, 20.837749730765552 ], [ 107.358115517717067, 20.848224687719323 ], [ 107.362035338759881, 20.832179622291903 ] ] ], [ [ [ 107.370678901010535, 20.841423892098987 ], [ 107.368929750207883, 20.842055161316694 ], [ 107.369010777325684, 20.842272522958581 ], [ 107.370678901010535, 20.841423892098987 ] ] ], [ [ [ 107.332308536309881, 20.841412917672073 ], [ 107.329661176822015, 20.842490749748492 ], [ 107.331642198928535, 20.843446068980938 ], [ 107.332308536309881, 20.841412917672073 ] ] ], [ [ [ 107.341364572617067, 20.852948871393437 ], [ 107.34717145369973, 20.85132548088626 ], [ 107.344647384069617, 20.846700564379603 ], [ 107.341364572617067, 20.852948871393437 ] ] ], [ [ [ 107.334300659647852, 20.860391398943932 ], [ 107.333842770727472, 20.858713403400884 ], [ 107.333969926770806, 20.860489354000663 ], [ 107.334300659647852, 20.860391398943932 ] ] ], [ [ [ 107.348196405639726, 20.860684784775117 ], [ 107.348403249710316, 20.861444657045297 ], [ 107.348626055847944, 20.861136531325883 ], [ 107.348196405639726, 20.860684784775117 ] ] ], [ [ [ 107.376431086225807, 20.874837001226695 ], [ 107.377271366880109, 20.873937671986084 ], [ 107.375696643185734, 20.874704020274407 ], [ 107.376431086225807, 20.874837001226695 ] ] ], [ [ [ 107.379316276824795, 20.873966558210157 ], [ 107.376607286796911, 20.878270574127725 ], [ 107.384352260848345, 20.875986592007621 ], [ 107.379316276824795, 20.873966558210157 ] ] ], [ [ [ 107.348367284922347, 20.884472336729118 ], [ 107.374240469921801, 20.891840538909776 ], [ 107.38657882755092, 20.879181985760113 ], [ 107.381445168159985, 20.885945941551995 ], [ 107.386744781246705, 20.89050991999693 ], [ 107.394643673367, 20.876375141399762 ], [ 107.376537354615266, 20.878780641713377 ], [ 107.372627254344366, 20.875894663308145 ], [ 107.391092381908038, 20.864725537653555 ], [ 107.354861026815001, 20.85676401584675 ], [ 107.329445017573619, 20.893576729582435 ], [ 107.348367284922347, 20.884472336729118 ] ] ], [ [ [ 107.374653860387525, 20.893498681019423 ], [ 107.373506313765517, 20.893252357610322 ], [ 107.373871080586014, 20.893819585205847 ], [ 107.374653860387525, 20.893498681019423 ] ] ], [ [ [ 107.347363417587701, 20.893778479893115 ], [ 107.354409428652275, 20.894290576349192 ], [ 107.347509124846397, 20.887518169627924 ], [ 107.339530792012511, 20.900073465318314 ], [ 107.347363417587701, 20.893778479893115 ] ] ], [ [ [ 107.357927139426124, 20.894830791907509 ], [ 107.356984967382459, 20.896023963835034 ], [ 107.357391201043185, 20.896297059162009 ], [ 107.357927139426124, 20.894830791907509 ] ] ], [ [ [ 107.359578686807083, 20.896545470796866 ], [ 107.359656069871846, 20.895905204761505 ], [ 107.359261191051189, 20.896353221823858 ], [ 107.359578686807083, 20.896545470796866 ] ] ], [ [ [ 107.337955703193188, 20.896808544079136 ], [ 107.335437069964939, 20.895443061148512 ], [ 107.334635438574708, 20.898132001690556 ], [ 107.337955703193188, 20.896808544079136 ] ] ], [ [ [ 107.327950213031954, 20.896390299073232 ], [ 107.328565557954164, 20.896861498859266 ], [ 107.328706686764349, 20.896297287589732 ], [ 107.327950213031954, 20.896390299073232 ] ] ], [ [ [ 107.329956503390008, 20.897338642264572 ], [ 107.329400073055126, 20.89725522384947 ], [ 107.329367547274671, 20.897437590172785 ], [ 107.329956503390008, 20.897338642264572 ] ] ], [ [ [ 107.3530298524459, 20.897815970930424 ], [ 107.352474755805417, 20.896954917735457 ], [ 107.352234723154083, 20.89725326602553 ], [ 107.3530298524459, 20.897815970930424 ] ] ], [ [ [ 107.349743518348816, 20.898770351270684 ], [ 107.350059007717107, 20.896117933995527 ], [ 107.348369098855017, 20.895928105098051 ], [ 107.349743518348816, 20.898770351270684 ] ] ], [ [ [ 107.359403675139561, 20.898760702444633 ], [ 107.357052498374287, 20.898104668595693 ], [ 107.356949130298233, 20.899319036644272 ], [ 107.359403675139561, 20.898760702444633 ] ] ], [ [ [ 107.330273342640851, 20.899049707678046 ], [ 107.329492868700981, 20.898338444663523 ], [ 107.329345786379008, 20.898773631098322 ], [ 107.330273342640851, 20.899049707678046 ] ] ], [ [ [ 107.355862081969519, 20.899071763551092 ], [ 107.354320393971136, 20.899912600885955 ], [ 107.356064174921869, 20.899708265024458 ], [ 107.355862081969519, 20.899071763551092 ] ] ], [ [ [ 107.369940800427798, 20.899559271643113 ], [ 107.370018250042335, 20.902269441581552 ], [ 107.376601303607345, 20.897996680702363 ], [ 107.369940800427798, 20.899559271643113 ] ] ], [ [ [ 107.347710581977879, 20.899467931100162 ], [ 107.347720526681087, 20.900106904809832 ], [ 107.347940868676233, 20.899677832865791 ], [ 107.347710581977879, 20.899467931100162 ] ] ], [ [ [ 107.333279016313611, 20.901860097165923 ], [ 107.333494719605824, 20.900882542195632 ], [ 107.332415370373099, 20.900753011042696 ], [ 107.333279016313611, 20.901860097165923 ] ] ], [ [ [ 107.378390514710532, 20.901075104132872 ], [ 107.378787813606891, 20.90198429983576 ], [ 107.379366199090953, 20.901126878103014 ], [ 107.378390514710532, 20.901075104132872 ] ] ], [ [ [ 107.3477883814287, 20.90238894889103 ], [ 107.349183104916506, 20.902369770848395 ], [ 107.347808071185739, 20.901566836340521 ], [ 107.3477883814287, 20.90238894889103 ] ] ], [ [ [ 107.345101977874151, 20.902730559967495 ], [ 107.345414537251088, 20.903023209253831 ], [ 107.345562476627038, 20.902635941395658 ], [ 107.345101977874151, 20.902730559967495 ] ] ], [ [ [ 107.330345746159367, 20.903740843065577 ], [ 107.332294598616954, 20.902884084133348 ], [ 107.331244330761308, 20.902140494088655 ], [ 107.330345746159367, 20.903740843065577 ] ] ], [ [ [ 107.335657665568988, 20.902356827805477 ], [ 107.337310220190659, 20.904759043794968 ], [ 107.33748418864451, 20.902859452601831 ], [ 107.335657665568988, 20.902356827805477 ] ] ], [ [ [ 107.341316404928193, 20.902270502781562 ], [ 107.341567079257288, 20.90378860426074 ], [ 107.345133841753523, 20.903602526435577 ], [ 107.341316404928193, 20.902270502781562 ] ] ], [ [ [ 107.362518692883555, 20.913292215163779 ], [ 107.369922484835001, 20.916280291802195 ], [ 107.371535128443497, 20.91486358978301 ], [ 107.362518692883555, 20.913292215163779 ] ] ], [ [ [ 107.341863751211349, 20.922292876615131 ], [ 107.320099306937664, 20.923305731774178 ], [ 107.310646430388601, 20.923449239291131 ], [ 107.318433750817121, 20.927843191010595 ], [ 107.341863751211349, 20.922292876615131 ] ] ], [ [ [ 107.347074740606899, 20.943490923367563 ], [ 107.34630991756876, 20.943657095598553 ], [ 107.347224466036437, 20.943780564421616 ], [ 107.347074740606899, 20.943490923367563 ] ] ], [ [ [ 107.389871045012796, 20.960878505738606 ], [ 107.368141460260233, 20.933906460714695 ], [ 107.351565507042551, 20.925259946889071 ], [ 107.310094148626035, 20.93743261971963 ], [ 107.35115222359633, 20.934515416853174 ], [ 107.389871045012796, 20.960878505738606 ] ] ], [ [ [ 107.329174157061857, 20.947711805055803 ], [ 107.332646368435178, 20.950130865347262 ], [ 107.335955717082754, 20.948961351885032 ], [ 107.329174157061857, 20.947711805055803 ] ] ], [ [ [ 107.341957048679035, 20.952108423265202 ], [ 107.341940245745946, 20.951024089989801 ], [ 107.341370482961452, 20.951574153124739 ], [ 107.341957048679035, 20.952108423265202 ] ] ], [ [ [ 107.329889893304028, 20.953693029609667 ], [ 107.331486155761525, 20.952427645719411 ], [ 107.329378909309355, 20.952806120905848 ], [ 107.329889893304028, 20.953693029609667 ] ] ], [ [ [ 107.350097835946428, 20.954322503780588 ], [ 107.352722873361984, 20.955296365235199 ], [ 107.350163579086086, 20.953233698176689 ], [ 107.350097835946428, 20.954322503780588 ] ] ], [ [ [ 107.332832924699858, 20.956450734114242 ], [ 107.335007072618453, 20.957703340436922 ], [ 107.333318098151835, 20.95566675821442 ], [ 107.332832924699858, 20.956450734114242 ] ] ], [ [ [ 107.360722719777868, 20.956921324159964 ], [ 107.360463456923128, 20.957559233072288 ], [ 107.360931634087706, 20.957035074009639 ], [ 107.360722719777868, 20.956921324159964 ] ] ], [ [ [ 107.336427630031096, 20.958460932925732 ], [ 107.336701922355985, 20.95744681871588 ], [ 107.336074463565808, 20.957066845258737 ], [ 107.336427630031096, 20.958460932925732 ] ] ], [ [ [ 107.377449652079861, 20.95825085039661 ], [ 107.376404005840243, 20.958721352308714 ], [ 107.377381864781285, 20.959087433938066 ], [ 107.377449652079861, 20.95825085039661 ] ] ], [ [ [ 107.353521566667098, 20.958481588554605 ], [ 107.353891545958163, 20.959096082718077 ], [ 107.354126469561095, 20.958754913208736 ], [ 107.353521566667098, 20.958481588554605 ] ] ], [ [ [ 107.378264278673612, 20.961612640311159 ], [ 107.378026645413513, 20.960932170982971 ], [ 107.377792142693352, 20.96146719565462 ], [ 107.378264278673612, 20.961612640311159 ] ] ], [ [ [ 107.367368758261705, 20.961972727059845 ], [ 107.367051275096401, 20.963206045622655 ], [ 107.367906524966259, 20.962842970426777 ], [ 107.367368758261705, 20.961972727059845 ] ] ], [ [ [ 107.371813394872447, 20.96370146325205 ], [ 107.370502374884779, 20.96364955708151 ], [ 107.371636876840398, 20.964371004018687 ], [ 107.371813394872447, 20.96370146325205 ] ] ], [ [ [ 107.367853825593556, 20.964248114359179 ], [ 107.368370036448084, 20.96374945017709 ], [ 107.367621399408108, 20.96375985533308 ], [ 107.367853825593556, 20.964248114359179 ] ] ], [ [ [ 107.348822520842816, 20.965249317901851 ], [ 107.34836142763794, 20.966494975163073 ], [ 107.349081230614445, 20.966428715812754 ], [ 107.348822520842816, 20.965249317901851 ] ] ], [ [ [ 107.371499517988468, 20.96753265790602 ], [ 107.370045867323029, 20.967939111001215 ], [ 107.371550774848572, 20.968409656080894 ], [ 107.371499517988468, 20.96753265790602 ] ] ], [ [ [ 107.357713347193339, 20.969338966020473 ], [ 107.358130129002404, 20.969649274394669 ], [ 107.35820164399081, 20.969437655823299 ], [ 107.357713347193339, 20.969338966020473 ] ] ], [ [ [ 107.358393810226232, 20.969750982322125 ], [ 107.359826566942559, 20.970398139862255 ], [ 107.360673135656725, 20.969473573846528 ], [ 107.358393810226232, 20.969750982322125 ] ] ], [ [ [ 107.360545389658057, 20.970879671060118 ], [ 107.360965412623784, 20.971400552093883 ], [ 107.360997940202822, 20.971084114840096 ], [ 107.360545389658057, 20.970879671060118 ] ] ], [ [ [ 107.37836489662277, 20.970807396144494 ], [ 107.379009590020644, 20.971325000048751 ], [ 107.378626367313018, 20.970768626371125 ], [ 107.37836489662277, 20.970807396144494 ] ] ], [ [ [ 107.368487850334191, 20.971225883068144 ], [ 107.369282234987168, 20.971741442813482 ], [ 107.369310236278409, 20.971144206639906 ], [ 107.368487850334191, 20.971225883068144 ] ] ], [ [ [ 107.372620951895442, 20.974538725581908 ], [ 107.372760140867797, 20.973869701925366 ], [ 107.372310978968699, 20.97387604934039 ], [ 107.372620951895442, 20.974538725581908 ] ] ], [ [ [ 107.37507643113247, 20.978296200109696 ], [ 107.376714807042788, 20.975359354250941 ], [ 107.374167457562294, 20.97764179133577 ], [ 107.37507643113247, 20.978296200109696 ] ] ], [ [ [ 107.346760941064645, 20.982334861165043 ], [ 107.346409211715866, 20.982830029682248 ], [ 107.346864739016553, 20.982701147839805 ], [ 107.346760941064645, 20.982334861165043 ] ] ], [ [ [ 107.342779735896215, 20.984004082922127 ], [ 107.345256852821535, 20.983571652010255 ], [ 107.345216537113572, 20.983081794889017 ], [ 107.342779735896215, 20.984004082922127 ] ] ], [ [ [ 107.348993394729575, 20.985527795271651 ], [ 107.351601780298097, 20.985124068021491 ], [ 107.35149612974277, 20.984635206449809 ], [ 107.348993394729575, 20.985527795271651 ] ] ], [ [ [ 107.355372431692388, 20.986753474992952 ], [ 107.355459909647266, 20.986078133599108 ], [ 107.355038963077732, 20.986329072328999 ], [ 107.355372431692388, 20.986753474992952 ] ] ], [ [ [ 107.341844429277046, 20.985606980577813 ], [ 107.341086515730183, 20.987302976051637 ], [ 107.34235557065324, 20.98694831221502 ], [ 107.341844429277046, 20.985606980577813 ] ] ], [ [ [ 107.339972952689664, 20.986810090013705 ], [ 107.34037074171647, 20.98717234232987 ], [ 107.340365092175375, 20.986804698578169 ], [ 107.339972952689664, 20.986810090013705 ] ] ], [ [ [ 107.344026485833638, 20.987010851969387 ], [ 107.347160479272816, 20.986783756964883 ], [ 107.344017316346083, 20.986428658755756 ], [ 107.344026485833638, 20.987010851969387 ] ] ], [ [ [ 107.360386601760354, 20.988053590700645 ], [ 107.359399075107376, 20.987607570133321 ], [ 107.359514387978606, 20.988709299894253 ], [ 107.360386601760354, 20.988053590700645 ] ] ], [ [ [ 107.343534812981375, 20.988525743768037 ], [ 107.343938917047467, 20.989286402045934 ], [ 107.343993710041786, 20.988611421280098 ], [ 107.343534812981375, 20.988525743768037 ] ] ], [ [ [ 107.359403238069092, 20.98958852479069 ], [ 107.357698341105731, 20.989244433383988 ], [ 107.358333130269898, 20.990124277913139 ], [ 107.359403238069092, 20.98958852479069 ] ] ], [ [ [ 107.353533166122872, 20.989996135313447 ], [ 107.354341462388675, 20.989433335979754 ], [ 107.35333088880958, 20.989600519048906 ], [ 107.353533166122872, 20.989996135313447 ] ] ], [ [ [ 107.361711979424513, 20.989503939955057 ], [ 107.360844661552051, 20.990466002304288 ], [ 107.361819191202812, 20.990084675367541 ], [ 107.361711979424513, 20.989503939955057 ] ] ], [ [ [ 107.341315255594566, 20.991570037927033 ], [ 107.342312755729154, 20.988434084865219 ], [ 107.34083851328694, 20.988454368174644 ], [ 107.341315255594566, 20.991570037927033 ] ] ], [ [ [ 107.345499405373403, 20.991481807239779 ], [ 107.346254809811796, 20.989632622147951 ], [ 107.344511333731134, 20.991005099106189 ], [ 107.345499405373403, 20.991481807239779 ] ] ], [ [ [ 107.360009432389404, 20.991397009264688 ], [ 107.360848516945566, 20.990711151198752 ], [ 107.359964325093586, 20.990600811578247 ], [ 107.360009432389404, 20.991397009264688 ] ] ], [ [ [ 107.377124275564995, 20.9912017502607 ], [ 107.376719407974349, 20.992070845193439 ], [ 107.377522370361248, 20.991667182694471 ], [ 107.377124275564995, 20.9912017502607 ] ] ], [ [ [ 107.350620393316603, 20.993587305409903 ], [ 107.353318667022961, 20.993183918103398 ], [ 107.347891750404131, 20.991021787825389 ], [ 107.350620393316603, 20.993587305409903 ] ] ], [ [ [ 107.353755202440709, 20.994776449273786 ], [ 107.354661019390733, 20.994181600800403 ], [ 107.353550916042082, 20.994258258112154 ], [ 107.353755202440709, 20.994776449273786 ] ] ], [ [ [ 107.363433625361608, 20.996192197112236 ], [ 107.363182731597874, 20.994785943416673 ], [ 107.362394302255268, 20.99660504079003 ], [ 107.363433625361608, 20.996192197112236 ] ] ], [ [ [ 107.381474006720168, 20.996116527256049 ], [ 107.378600806781947, 20.995723915626286 ], [ 107.38139072500212, 20.997496614277452 ], [ 107.381474006720168, 20.996116527256049 ] ] ], [ [ [ 107.378658707833154, 20.996749067215831 ], [ 107.379247624378365, 20.997730595390692 ], [ 107.379396339869345, 20.997332034745739 ], [ 107.378658707833154, 20.996749067215831 ] ] ], [ [ [ 107.363287213034539, 20.997266769146222 ], [ 107.361833592946084, 20.998359673859966 ], [ 107.363365642010933, 20.998093105812359 ], [ 107.363287213034539, 20.997266769146222 ] ] ], [ [ [ 107.366393748372843, 20.998575966207909 ], [ 107.365665162617233, 20.997973180318127 ], [ 107.365275495367996, 20.998131803639865 ], [ 107.366393748372843, 20.998575966207909 ] ] ], [ [ [ 107.367807194846307, 20.999442415335295 ], [ 107.366578633697145, 20.999234168322232 ], [ 107.366632462618213, 20.999600499963208 ], [ 107.367807194846307, 20.999442415335295 ] ] ], [ [ [ 107.364489166841622, 21.000849847142831 ], [ 107.36537431467292, 21.000569228087556 ], [ 107.364326690824271, 21.000346260971355 ], [ 107.364489166841622, 21.000849847142831 ] ] ], [ [ [ 107.367303965705446, 21.001510113201221 ], [ 107.365694228705763, 21.00156328831514 ], [ 107.366568044179985, 21.002338565072762 ], [ 107.367303965705446, 21.001510113201221 ] ] ], [ [ [ 107.379104286833524, 21.003574982699377 ], [ 107.378928802122687, 21.003909308368009 ], [ 107.379194387211385, 21.003816488440293 ], [ 107.379104286833524, 21.003574982699377 ] ] ], [ [ [ 107.384250122145545, 21.006902707194229 ], [ 107.384327560068982, 21.005274595246419 ], [ 107.38333601344641, 21.001961401097844 ], [ 107.379372271313287, 21.007027703965434 ], [ 107.384250122145545, 21.006902707194229 ] ] ], [ [ [ 107.372661176772056, 21.041630153009237 ], [ 107.375954351112568, 21.035020010964843 ], [ 107.372889604571753, 21.033820762318328 ], [ 107.372661176772056, 21.041630153009237 ] ] ], [ [ [ 107.379328425766346, 21.038005045196769 ], [ 107.378828739055166, 21.03818350396557 ], [ 107.37931344396037, 21.038551845591201 ], [ 107.379328425766346, 21.038005045196769 ] ] ], [ [ [ 107.381218944598686, 21.03865997198011 ], [ 107.381310161035231, 21.038037116819623 ], [ 107.380998158338514, 21.038067310657993 ], [ 107.381218944598686, 21.03865997198011 ] ] ], [ [ [ 107.400075646873688, 20.75698583203058 ], [ 107.386354708403132, 20.745840558195368 ], [ 107.394957084402051, 20.759017741375715 ], [ 107.400075646873688, 20.75698583203058 ] ] ], [ [ [ 107.385260343190282, 20.789897463896921 ], [ 107.385344872268092, 20.786274363371206 ], [ 107.383465593162782, 20.788784588837814 ], [ 107.385260343190282, 20.789897463896921 ] ] ], [ [ [ 107.419874915994626, 20.800653709001494 ], [ 107.415289232412249, 20.773885522299111 ], [ 107.410139666712382, 20.768790867404675 ], [ 107.400108788689749, 20.800302080376809 ], [ 107.419874915994626, 20.800653709001494 ] ] ], [ [ [ 107.389956825047591, 20.846829572127206 ], [ 107.38708702814381, 20.844803985915348 ], [ 107.385756718597747, 20.846752205250198 ], [ 107.389956825047591, 20.846829572127206 ] ] ], [ [ [ 107.415138882853341, 20.84936650206248 ], [ 107.414470034564602, 20.856201811864196 ], [ 107.416232194959946, 20.856399204060153 ], [ 107.415138882853341, 20.84936650206248 ] ] ], [ [ [ 107.395526515336485, 20.871382897702745 ], [ 107.395446206777194, 20.871903859675513 ], [ 107.395777150095455, 20.871816075051868 ], [ 107.395526515336485, 20.871382897702745 ] ] ], [ [ [ 107.394409606818101, 20.873409632348626 ], [ 107.395701030578209, 20.875028419226339 ], [ 107.394931279255218, 20.873214001924794 ], [ 107.394409606818101, 20.873409632348626 ] ] ], [ [ [ 107.402910071642566, 20.878603824207119 ], [ 107.403294767439547, 20.87872670307496 ], [ 107.403043927635338, 20.878422375192599 ], [ 107.402910071642566, 20.878603824207119 ] ] ], [ [ [ 107.398410999967723, 20.879295988319313 ], [ 107.397766072746208, 20.879518818738461 ], [ 107.398330000729118, 20.8797081709954 ], [ 107.398410999967723, 20.879295988319313 ] ] ], [ [ [ 107.395977757367746, 20.881099786426091 ], [ 107.399049235334132, 20.882012866300897 ], [ 107.39702374714841, 20.880128961982166 ], [ 107.395977757367746, 20.881099786426091 ] ] ], [ [ [ 107.398504870303555, 20.88783708361467 ], [ 107.395917393972582, 20.885323590011751 ], [ 107.393395766001788, 20.886952556315464 ], [ 107.398504870303555, 20.88783708361467 ] ] ], [ [ [ 107.391680471976258, 20.888570112021171 ], [ 107.39079746992735, 20.886431080829709 ], [ 107.391214301199227, 20.888616541320516 ], [ 107.391680471976258, 20.888570112021171 ] ] ], [ [ [ 107.388781102665916, 20.890483088723727 ], [ 107.3889319450534, 20.889285844666063 ], [ 107.388312241117205, 20.890370203122416 ], [ 107.388781102665916, 20.890483088723727 ] ] ], [ [ [ 107.416783377750733, 20.891106503262563 ], [ 107.416466398205898, 20.89098432406746 ], [ 107.416514547008887, 20.891180723411708 ], [ 107.416783377750733, 20.891106503262563 ] ] ], [ [ [ 107.389765297330712, 20.891406892114503 ], [ 107.39160259518377, 20.895054251852287 ], [ 107.393204265264785, 20.892827984623977 ], [ 107.389765297330712, 20.891406892114503 ] ] ], [ [ [ 107.411023634633068, 20.895938620870652 ], [ 107.411724666060479, 20.894000027879088 ], [ 107.410854285996663, 20.894133650047934 ], [ 107.411023634633068, 20.895938620870652 ] ] ], [ [ [ 107.421856511868668, 20.896355900004949 ], [ 107.418926061088882, 20.895131435267672 ], [ 107.418476276858769, 20.895933522614087 ], [ 107.421856511868668, 20.896355900004949 ] ] ], [ [ [ 107.415924054851303, 20.896288502112668 ], [ 107.416448071821037, 20.895816242026001 ], [ 107.41582598198363, 20.895893924564973 ], [ 107.415924054851303, 20.896288502112668 ] ] ], [ [ [ 107.382921514116617, 20.91902731325996 ], [ 107.384568530713295, 20.919794447555773 ], [ 107.383015773859029, 20.918723917974489 ], [ 107.382921514116617, 20.91902731325996 ] ] ], [ [ [ 107.398562758764342, 20.927846604836986 ], [ 107.3966926275628, 20.925548534837105 ], [ 107.395283828785807, 20.927334826741003 ], [ 107.398562758764342, 20.927846604836986 ] ] ], [ [ [ 107.394169350235472, 20.93360291074589 ], [ 107.395267543862133, 20.934098749257998 ], [ 107.395548126045242, 20.933048914875712 ], [ 107.394169350235472, 20.93360291074589 ] ] ], [ [ [ 107.453165184925467, 20.968730603434778 ], [ 107.419263058643367, 20.919833607635042 ], [ 107.368316191339261, 20.902521737388383 ], [ 107.344823721337775, 20.905398173986612 ], [ 107.406932026891582, 20.920159711701444 ], [ 107.453165184925467, 20.968730603434778 ] ] ], [ [ [ 107.386306714283535, 20.935473279368523 ], [ 107.385115737601268, 20.935373567036606 ], [ 107.385624482284129, 20.936203803163039 ], [ 107.386306714283535, 20.935473279368523 ] ] ], [ [ [ 107.397613824718348, 20.938897115309715 ], [ 107.396524296958773, 20.937400149697226 ], [ 107.396945544801042, 20.938953002778931 ], [ 107.397613824718348, 20.938897115309715 ] ] ], [ [ [ 107.395073022302256, 20.941992133929944 ], [ 107.390605900841763, 20.939297929655879 ], [ 107.393504470654932, 20.943107629613507 ], [ 107.395073022302256, 20.941992133929944 ] ] ], [ [ [ 107.397641692909815, 20.940641654388912 ], [ 107.397921585312929, 20.939544157736805 ], [ 107.397501827647318, 20.939643138919848 ], [ 107.397641692909815, 20.940641654388912 ] ] ], [ [ [ 107.379898230818753, 20.939284277047932 ], [ 107.388745631605673, 20.950142278643341 ], [ 107.392386820195782, 20.948416253007679 ], [ 107.392062370881774, 20.942825425053513 ], [ 107.379898230818753, 20.939284277047932 ] ] ], [ [ [ 107.41435515606571, 20.948823830255719 ], [ 107.415264455190595, 20.94895765387281 ], [ 107.415128263658573, 20.948270122168537 ], [ 107.41435515606571, 20.948823830255719 ] ] ], [ [ [ 107.392911277833264, 20.950313350380952 ], [ 107.39512168911466, 20.949003404183884 ], [ 107.392381177849131, 20.949716276085326 ], [ 107.392911277833264, 20.950313350380952 ] ] ], [ [ [ 107.389728923351299, 20.951311348739921 ], [ 107.389940336877089, 20.95214555177597 ], [ 107.390305593828202, 20.95172189285114 ], [ 107.389728923351299, 20.951311348739921 ] ] ], [ [ [ 107.391998856262262, 20.952186466432352 ], [ 107.394759929627241, 20.95275221194521 ], [ 107.394121054842856, 20.951552067573914 ], [ 107.391998856262262, 20.952186466432352 ] ] ], [ [ [ 107.388790541050753, 20.953115028136153 ], [ 107.388718648347037, 20.954836775696833 ], [ 107.390058710141545, 20.954910978758846 ], [ 107.388790541050753, 20.953115028136153 ] ] ], [ [ [ 107.402375814991899, 20.955956679857024 ], [ 107.401703732741055, 20.956741923800848 ], [ 107.40263925699611, 20.956380981796883 ], [ 107.402375814991899, 20.955956679857024 ] ] ], [ [ [ 107.407073215056926, 20.965756025620124 ], [ 107.406115819289823, 20.965461517435187 ], [ 107.406056941574661, 20.965893612000627 ], [ 107.407073215056926, 20.965756025620124 ] ] ], [ [ [ 107.407356905296922, 20.969110221659435 ], [ 107.406604900296088, 20.96933652526053 ], [ 107.407168679890844, 20.969667465880889 ], [ 107.407356905296922, 20.969110221659435 ] ] ], [ [ [ 107.396936241314563, 20.972436725774457 ], [ 107.398581902632884, 20.973186079574077 ], [ 107.398107375355153, 20.971840916824874 ], [ 107.396936241314563, 20.972436725774457 ] ] ], [ [ [ 107.414472440251075, 20.973758539425148 ], [ 107.413599553776521, 20.973093008735418 ], [ 107.41351442395154, 20.973597157882523 ], [ 107.414472440251075, 20.973758539425148 ] ] ], [ [ [ 107.413192418095775, 20.973864163000826 ], [ 107.412994915283264, 20.974632434938997 ], [ 107.413453222388455, 20.974144755076452 ], [ 107.413192418095775, 20.973864163000826 ] ] ], [ [ [ 107.417772141870898, 20.974608377175002 ], [ 107.41878496015795, 20.976715450058123 ], [ 107.420074992666855, 20.975778540847102 ], [ 107.417772141870898, 20.974608377175002 ] ] ], [ [ [ 107.384596407897959, 20.97658334414615 ], [ 107.384326494372317, 20.976095547371585 ], [ 107.38418250212095, 20.9764486616765 ], [ 107.384596407897959, 20.97658334414615 ] ] ], [ [ [ 107.415272980763518, 20.978674859657133 ], [ 107.415183378610095, 20.97707376334364 ], [ 107.414672167087019, 20.978502349004259 ], [ 107.415272980763518, 20.978674859657133 ] ] ], [ [ [ 107.402828923116431, 20.976363452711325 ], [ 107.407228238392577, 20.979223297717112 ], [ 107.407758707098708, 20.978012651063068 ], [ 107.402828923116431, 20.976363452711325 ] ] ], [ [ [ 107.418247704268197, 20.978012179818336 ], [ 107.417548142333089, 20.979054384352537 ], [ 107.418390471643022, 20.979125767140602 ], [ 107.418247704268197, 20.978012179818336 ] ] ], [ [ [ 107.421443518003969, 20.978934815889147 ], [ 107.421663618081709, 20.978515435938675 ], [ 107.421050709422786, 20.978502349004259 ], [ 107.421443518003969, 20.978934815889147 ] ] ], [ [ [ 107.418590345967743, 20.979501722426676 ], [ 107.418837809717331, 20.979282812152235 ], [ 107.418490408805383, 20.9792399819396 ], [ 107.418590345967743, 20.979501722426676 ] ] ], [ [ [ 107.405676569717969, 20.979631982929675 ], [ 107.405141688937988, 20.980563455739002 ], [ 107.405864028002611, 20.979887170056941 ], [ 107.405676569717969, 20.979631982929675 ] ] ], [ [ [ 107.407969159249376, 20.979707008871401 ], [ 107.407598690727184, 20.980893999758337 ], [ 107.408271417791809, 20.979982059324755 ], [ 107.407969159249376, 20.979707008871401 ] ] ], [ [ [ 107.426273229026378, 20.980423267619756 ], [ 107.426647993610004, 20.980970543755632 ], [ 107.426499278119252, 20.980369730079133 ], [ 107.426273229026378, 20.980423267619756 ] ] ], [ [ [ 107.381921791757293, 20.980271889236462 ], [ 107.384011273002045, 20.982173651392941 ], [ 107.386185715898193, 20.982353814377007 ], [ 107.381921791757293, 20.980271889236462 ] ] ], [ [ [ 107.422514276013203, 20.981605502891739 ], [ 107.422396491804648, 20.982252716189976 ], [ 107.422778396106253, 20.982281269664952 ], [ 107.422514276013203, 20.981605502891739 ] ] ], [ [ [ 107.415754822227314, 20.98240763880159 ], [ 107.414344991028713, 20.982056667581332 ], [ 107.414022574182582, 20.982374327013758 ], [ 107.415754822227314, 20.98240763880159 ] ] ], [ [ [ 107.40512374026838, 20.982304018915386 ], [ 107.406476693844411, 20.982370939267526 ], [ 107.406237643252666, 20.981751121117441 ], [ 107.40512374026838, 20.982304018915386 ] ] ], [ [ [ 107.413344427803167, 20.985642516389078 ], [ 107.413880995711509, 20.986123167150595 ], [ 107.414384251831848, 20.985680588288687 ], [ 107.413344427803167, 20.985642516389078 ] ] ], [ [ [ 107.412294490898091, 20.986958357642266 ], [ 107.410588416722135, 20.986230243131388 ], [ 107.41068121596544, 20.987936317307344 ], [ 107.412294490898091, 20.986958357642266 ] ] ], [ [ [ 107.387265513892487, 20.986692159215806 ], [ 107.389489802612445, 20.987643918931781 ], [ 107.389085349609275, 20.98575371935874 ], [ 107.387265513892487, 20.986692159215806 ] ] ], [ [ [ 107.414930934415111, 20.987269115677236 ], [ 107.415266438195601, 20.989531982614949 ], [ 107.416165873556281, 20.987133486221467 ], [ 107.414930934415111, 20.987269115677236 ] ] ], [ [ [ 107.400869747341062, 20.989387946296802 ], [ 107.400390542689422, 20.989218635431769 ], [ 107.400691286773508, 20.989544991308492 ], [ 107.400869747341062, 20.989387946296802 ] ] ], [ [ [ 107.4015478928211, 20.989998278397934 ], [ 107.400887592588447, 20.989666343127396 ], [ 107.401169558828144, 20.990337350688208 ], [ 107.4015478928211, 20.989998278397934 ] ] ], [ [ [ 107.398338000198635, 20.992211177204183 ], [ 107.399563422713925, 20.990301659294175 ], [ 107.399747831397463, 20.990069662085318 ], [ 107.398659227241637, 20.990170789050808 ], [ 107.398141695283186, 20.991217751897921 ], [ 107.398338000198635, 20.992211177204183 ] ] ], [ [ [ 107.40271834967217, 20.992318569746317 ], [ 107.403013402846398, 20.993598719605359 ], [ 107.40498359711529, 20.991999722309515 ], [ 107.40271834967217, 20.992318569746317 ] ] ], [ [ [ 107.393016283574809, 20.993758586689523 ], [ 107.393964911851356, 20.994313104166451 ], [ 107.39407797821616, 20.993547837762605 ], [ 107.393016283574809, 20.993758586689523 ] ] ], [ [ [ 107.391300851053472, 20.994898917151431 ], [ 107.390910735941873, 20.995315620719396 ], [ 107.391267033846646, 20.995388979318079 ], [ 107.391300851053472, 20.994898917151431 ] ] ], [ [ [ 107.404967892254604, 20.995913460338102 ], [ 107.405306966343403, 20.995199620765959 ], [ 107.405074968235397, 20.995276954368023 ], [ 107.404967892254604, 20.995913460338102 ] ] ], [ [ [ 107.422964199638102, 20.994543049122512 ], [ 107.42504622910036, 20.998219315768779 ], [ 107.427033077914359, 20.993674545943634 ], [ 107.422964199638102, 20.994543049122512 ] ] ], [ [ [ 107.426369130031389, 20.995615213671272 ], [ 107.427201940916916, 20.996566998568198 ], [ 107.427255479357086, 20.99548434432711 ], [ 107.426369130031389, 20.995615213671272 ] ] ], [ [ [ 107.407011848917705, 20.997253493354208 ], [ 107.411175906043354, 20.999531826832367 ], [ 107.409016544777899, 20.996337399851313 ], [ 107.407011848917705, 20.997253493354208 ] ] ], [ [ [ 107.390139884747953, 20.998238054043043 ], [ 107.389574168013496, 20.99835429141757 ], [ 107.389924781303762, 20.998635899727049 ], [ 107.390139884747953, 20.998238054043043 ] ] ], [ [ [ 107.391586121402497, 20.998255661869337 ], [ 107.393224380400966, 20.999026608391432 ], [ 107.394509288572863, 20.99757394698014 ], [ 107.391586121402497, 20.998255661869337 ] ] ], [ [ [ 107.424871258801659, 20.999299512162793 ], [ 107.424240701847111, 21.00075098287158 ], [ 107.426251345823061, 20.999662379615188 ], [ 107.424871258801659, 20.999299512162793 ] ] ], [ [ [ 107.404219499830106, 20.999800061323867 ], [ 107.403149159106533, 20.999794145583451 ], [ 107.404040995195942, 21.000808018775047 ], [ 107.404219499830106, 20.999800061323867 ] ] ], [ [ [ 107.407526789929534, 21.00457653158179 ], [ 107.407305831898611, 21.006292789680629 ], [ 107.407929873265118, 21.006352478584006 ], [ 107.407526789929534, 21.00457653158179 ] ] ], [ [ [ 107.416950893569037, 21.005663912659543 ], [ 107.417319295449204, 21.006318973441921 ], [ 107.417500337970296, 21.006029946624835 ], [ 107.416950893569037, 21.005663912659543 ] ] ], [ [ [ 107.409441855757223, 21.006586558622928 ], [ 107.410503527016203, 21.006247596049889 ], [ 107.409427012446827, 21.006082110900763 ], [ 107.409441855757223, 21.006586558622928 ] ] ], [ [ [ 107.400739807895889, 21.007510748722154 ], [ 107.400884954876915, 21.006861155817717 ], [ 107.400614292215892, 21.007393560764285 ], [ 107.400739807895889, 21.007510748722154 ] ] ], [ [ [ 107.3862572191955, 21.006692214574116 ], [ 107.38583605409076, 21.008676684681291 ], [ 107.387877632047207, 21.008091338444558 ], [ 107.3862572191955, 21.006692214574116 ] ] ], [ [ [ 107.418687729954854, 21.009987657004899 ], [ 107.418338799296237, 21.009724673654944 ], [ 107.418418362317652, 21.010134669179763 ], [ 107.418687729954854, 21.009987657004899 ] ] ], [ [ [ 107.406229460321526, 21.0092646524418 ], [ 107.404286945386275, 21.012481496823796 ], [ 107.408030679172555, 21.011465342951283 ], [ 107.406229460321526, 21.0092646524418 ] ] ], [ [ [ 107.418458657341148, 21.011610507019441 ], [ 107.418520672790862, 21.010519516062857 ], [ 107.41807245697845, 21.011510102209627 ], [ 107.418458657341148, 21.011610507019441 ] ] ], [ [ [ 107.424752166079656, 21.012368239802413 ], [ 107.422034651378226, 21.011578394927085 ], [ 107.424803849218335, 21.013102636077974 ], [ 107.424752166079656, 21.012368239802413 ] ] ], [ [ [ 107.421323198606899, 21.011650817331486 ], [ 107.421439568181654, 21.013106879079317 ], [ 107.421647290889837, 21.011602598381216 ], [ 107.421323198606899, 21.011650817331486 ] ] ], [ [ [ 107.419617119034854, 21.014173275376436 ], [ 107.420366182353632, 21.013757627612563 ], [ 107.419827501937789, 21.013653167759514 ], [ 107.419617119034854, 21.014173275376436 ] ] ], [ [ [ 107.405593182779228, 21.014705370056902 ], [ 107.408569653666746, 21.014185571806763 ], [ 107.405648078296338, 21.013555072408849 ], [ 107.405593182779228, 21.014705370056902 ] ] ], [ [ [ 107.417812178789063, 21.01468482504481 ], [ 107.418288562267492, 21.014210860742708 ], [ 107.417942754055048, 21.014147168057434 ], [ 107.417812178789063, 21.01468482504481 ] ] ], [ [ [ 107.416771998628917, 21.017397124577712 ], [ 107.416422803569731, 21.016710467014548 ], [ 107.416653787242637, 21.017467328354542 ], [ 107.416771998628917, 21.017397124577712 ] ] ], [ [ [ 107.412139426193562, 21.019749212356317 ], [ 107.414144533943272, 21.020754890026126 ], [ 107.414301203937612, 21.020192035833929 ], [ 107.412139426193562, 21.019749212356317 ] ] ], [ [ [ 107.425890831896425, 21.021251587390964 ], [ 107.425700867201442, 21.020793248809525 ], [ 107.425654022415245, 21.021206216593725 ], [ 107.425890831896425, 21.021251587390964 ] ] ], [ [ [ 107.41403191544066, 21.02137940983198 ], [ 107.413891152654685, 21.020876842592259 ], [ 107.413691450999863, 21.021234833920573 ], [ 107.41403191544066, 21.02137940983198 ] ] ], [ [ [ 107.424557586063941, 21.021855787914376 ], [ 107.423916715684072, 21.02365224755323 ], [ 107.424663019882587, 21.023402369124142 ], [ 107.424557586063941, 21.021855787914376 ] ] ], [ [ [ 107.414159250449131, 21.023115730007078 ], [ 107.416181320311807, 21.023728699819742 ], [ 107.414221595050662, 21.022865677109394 ], [ 107.414159250449131, 21.023115730007078 ] ] ], [ [ [ 107.398856729154772, 21.023723812004448 ], [ 107.398830941095071, 21.023158216678496 ], [ 107.398637574264797, 21.023622089687819 ], [ 107.398856729154772, 21.023723812004448 ] ] ], [ [ [ 107.404743167862989, 21.024633437583248 ], [ 107.405532230328276, 21.025493192157057 ], [ 107.405569032385017, 21.024471076678935 ], [ 107.404743167862989, 21.024633437583248 ] ] ], [ [ [ 107.418821775704487, 21.026880040281753 ], [ 107.419303941823557, 21.026457808581142 ], [ 107.418892135064027, 21.026262169163942 ], [ 107.418821775704487, 21.026880040281753 ] ] ], [ [ [ 107.422688382962633, 21.029461715985576 ], [ 107.421689906164374, 21.029022842330448 ], [ 107.42196122263249, 21.029641983291015 ], [ 107.422688382962633, 21.029461715985576 ] ] ], [ [ [ 107.409582213848239, 21.027909007694575 ], [ 107.411177905236116, 21.03127543001716 ], [ 107.412116980913993, 21.030508278634215 ], [ 107.409582213848239, 21.027909007694575 ] ] ], [ [ [ 107.418656179938921, 21.029487731573624 ], [ 107.41711162220372, 21.030906670206718 ], [ 107.419024419941138, 21.032377254207063 ], [ 107.418656179938921, 21.029487731573624 ] ] ], [ [ [ 107.423498494060311, 21.035227221059472 ], [ 107.427708877063083, 21.032338449360111 ], [ 107.421548614577034, 21.030648502726251 ], [ 107.423498494060311, 21.035227221059472 ] ] ], [ [ [ 107.404449692099661, 21.03476912169765 ], [ 107.404646788418631, 21.031969135567238 ], [ 107.403295903283322, 21.034461434847401 ], [ 107.404449692099661, 21.03476912169765 ] ] ], [ [ [ 107.426479330257052, 21.03624507914725 ], [ 107.427199230360316, 21.035605562246985 ], [ 107.426841749847028, 21.035465864258356 ], [ 107.426479330257052, 21.03624507914725 ] ] ], [ [ [ 107.417561549426125, 21.040336221939242 ], [ 107.417344182388149, 21.03919305501563 ], [ 107.416501717280482, 21.039578882159731 ], [ 107.417561549426125, 21.040336221939242 ] ] ], [ [ [ 107.410194271748423, 21.039475286555273 ], [ 107.409461427702865, 21.04110545884987 ], [ 107.411284268953978, 21.041073363844816 ], [ 107.410194271748423, 21.039475286555273 ] ] ], [ [ [ 107.419514927272246, 21.043043289216598 ], [ 107.420758375798414, 21.044078395401698 ], [ 107.420699429734952, 21.043101255019053 ], [ 107.419514927272246, 21.043043289216598 ] ] ], [ [ [ 107.412115257813014, 21.043877345663077 ], [ 107.411585220781319, 21.043498662733271 ], [ 107.411608476350182, 21.0441151129221 ], [ 107.412115257813014, 21.043877345663077 ] ] ], [ [ [ 107.412175676066738, 21.044343768250371 ], [ 107.411523027265957, 21.044571149239289 ], [ 107.412213717389193, 21.044642229855185 ], [ 107.412175676066738, 21.044343768250371 ] ] ], [ [ [ 107.422174706397755, 21.046375632629349 ], [ 107.421800535366515, 21.045789197313752 ], [ 107.421811921682945, 21.046493021136087 ], [ 107.422174706397755, 21.046375632629349 ] ] ], [ [ [ 107.422983741906364, 21.046177307836672 ], [ 107.42443092824476, 21.04853005391891 ], [ 107.424957293344562, 21.045825134222696 ], [ 107.422983741906364, 21.046177307836672 ] ] ], [ [ [ 107.420089862057523, 21.047022130966695 ], [ 107.417950409983575, 21.046965395436644 ], [ 107.419874682170985, 21.048071787283277 ], [ 107.420089862057523, 21.047022130966695 ] ] ], [ [ [ 107.415799444788604, 21.048858711160619 ], [ 107.41816938680779, 21.048201973142682 ], [ 107.41642015956279, 21.047055694564676 ], [ 107.415799444788604, 21.048858711160619 ] ] ], [ [ [ 107.427132852299394, 21.050765368327177 ], [ 107.426182057555991, 21.048972320716132 ], [ 107.425510124592677, 21.050265305699384 ], [ 107.427132852299394, 21.050765368327177 ] ] ], [ [ [ 107.415683416956313, 21.050087599663186 ], [ 107.415959859559848, 21.050575774152833 ], [ 107.415973048117849, 21.050164459322446 ], [ 107.415683416956313, 21.050087599663186 ] ] ], [ [ [ 107.423306386280842, 21.054508670438793 ], [ 107.422495416330491, 21.052454239371741 ], [ 107.421752662655365, 21.053069694910562 ], [ 107.423306386280842, 21.054508670438793 ] ] ], [ [ [ 107.42505483381359, 21.060999753036299 ], [ 107.425538658282619, 21.058082385593707 ], [ 107.424251195136719, 21.06094840084819 ], [ 107.42505483381359, 21.060999753036299 ] ] ], [ [ [ 107.45757842800225, 20.728179153844962 ], [ 107.456884019182212, 20.728032171347706 ], [ 107.456700763429581, 20.728505503426277 ], [ 107.45757842800225, 20.728179153844962 ] ] ], [ [ [ 107.456604314737319, 20.717349688637341 ], [ 107.446394661384545, 20.718810370202561 ], [ 107.448431835361077, 20.722995888749438 ], [ 107.453585928248174, 20.723667692210313 ], [ 107.472497175304454, 20.74092296182522 ], [ 107.456604314737319, 20.717349688637341 ] ] ], [ [ [ 107.458800939411844, 20.731478875250048 ], [ 107.458520003795229, 20.731818998847814 ], [ 107.458937446606001, 20.731805896625019 ], [ 107.458800939411844, 20.731478875250048 ] ] ], [ [ [ 107.460065241417851, 20.733673784917414 ], [ 107.45981913564458, 20.733206323613103 ], [ 107.4597515111235, 20.733453933052715 ], [ 107.460065241417851, 20.733673784917414 ] ] ], [ [ [ 107.46498741623634, 20.755653362312898 ], [ 107.465647656214458, 20.754974021633871 ], [ 107.464917472363652, 20.755220941293544 ], [ 107.46498741623634, 20.755653362312898 ] ] ], [ [ [ 107.431879978578309, 20.791315272981649 ], [ 107.431097414614101, 20.786673088592238 ], [ 107.430368353117046, 20.791669105844562 ], [ 107.431879978578309, 20.791315272981649 ] ] ], [ [ [ 107.458298327206137, 20.865775731764643 ], [ 107.461582258314706, 20.863389863651435 ], [ 107.460558275843766, 20.862739705073409 ], [ 107.458298327206137, 20.865775731764643 ] ] ], [ [ [ 107.462962104317853, 20.868546137394503 ], [ 107.468157044412123, 20.866845891724552 ], [ 107.46770615581454, 20.864018783839867 ], [ 107.462962104317853, 20.868546137394503 ] ] ], [ [ [ 107.463036097837744, 20.874585245912499 ], [ 107.459144827571777, 20.871712751941971 ], [ 107.458646774928695, 20.874457487323355 ], [ 107.463036097837744, 20.874585245912499 ] ] ], [ [ [ 107.471465381322332, 20.889789874203473 ], [ 107.463420206377577, 20.894724855367826 ], [ 107.463626581002018, 20.897760509739783 ], [ 107.471465381322332, 20.889789874203473 ] ] ], [ [ [ 107.449901750265724, 20.895623687283376 ], [ 107.430704478329176, 20.883789473405557 ], [ 107.415661284640748, 20.892283273354451 ], [ 107.44353266699909, 20.905850589633076 ], [ 107.449901750265724, 20.895623687283376 ] ] ], [ [ [ 107.459526346064138, 20.89897938608982 ], [ 107.460069770403777, 20.899953414818299 ], [ 107.461368000233165, 20.899131606238711 ], [ 107.459526346064138, 20.89897938608982 ] ] ], [ [ [ 107.449328729237607, 20.907497813973123 ], [ 107.445553995820376, 20.90573155716578 ], [ 107.444974555431543, 20.907282070211409 ], [ 107.449328729237607, 20.907497813973123 ] ] ], [ [ [ 107.444292714637243, 20.907917908884485 ], [ 107.443594126667733, 20.90679735721244 ], [ 107.442188398176086, 20.908296670954712 ], [ 107.444292714637243, 20.907917908884485 ] ] ], [ [ [ 107.449213655585822, 20.909540368593298 ], [ 107.448351572666979, 20.909738253617547 ], [ 107.449096474822625, 20.909936290627456 ], [ 107.449213655585822, 20.909540368593298 ] ] ], [ [ [ 107.445366176008406, 20.90979936434934 ], [ 107.445046338417853, 20.910423160200764 ], [ 107.447086528720433, 20.909602736577142 ], [ 107.445366176008406, 20.90979936434934 ] ] ], [ [ [ 107.428967446790296, 20.924506804245709 ], [ 107.428668386237064, 20.923726720611739 ], [ 107.428268507185976, 20.924090999100372 ], [ 107.428967446790296, 20.924506804245709 ] ] ], [ [ [ 107.432042789143509, 20.927964082376661 ], [ 107.435502474759573, 20.929347715424797 ], [ 107.43048891083464, 20.925605494298225 ], [ 107.432042789143509, 20.927964082376661 ] ] ], [ [ [ 107.439274035368612, 20.932294398967485 ], [ 107.440974409641285, 20.932628300155955 ], [ 107.439258882691263, 20.931354191942546 ], [ 107.439274035368612, 20.932294398967485 ] ] ], [ [ [ 107.475686525612787, 20.977912617673326 ], [ 107.457558502622874, 20.940372831740888 ], [ 107.443275429417611, 20.932570533103672 ], [ 107.475686525612787, 20.977912617673326 ] ] ], [ [ [ 107.432334462665494, 20.966124169394959 ], [ 107.431532175669531, 20.961870889629949 ], [ 107.42929566606233, 20.961902700449343 ], [ 107.432334462665494, 20.966124169394959 ] ] ], [ [ [ 107.434376644067072, 20.967677028771845 ], [ 107.433875175798903, 20.968406417622191 ], [ 107.434605005316769, 20.968189612660638 ], [ 107.434376644067072, 20.967677028771845 ] ] ], [ [ [ 107.43730120608592, 20.96935482016886 ], [ 107.436959486191427, 20.968637489428659 ], [ 107.436640706203775, 20.969329873874585 ], [ 107.43730120608592, 20.96935482016886 ] ] ], [ [ [ 107.466330175097596, 20.970677162621143 ], [ 107.464979742321361, 20.969572321205817 ], [ 107.464818528052774, 20.970574101213913 ], [ 107.466330175097596, 20.970677162621143 ] ] ], [ [ [ 107.438759711291766, 20.969749673808451 ], [ 107.439901656036795, 20.971338453906696 ], [ 107.438943862769122, 20.969642315440581 ], [ 107.438759711291766, 20.969749673808451 ] ] ], [ [ [ 107.444596040674753, 20.969147102856539 ], [ 107.447875307899267, 20.97233301325798 ], [ 107.445210973707617, 20.968622432979032 ], [ 107.444596040674753, 20.969147102856539 ] ] ], [ [ [ 107.430475951603967, 20.973215523377746 ], [ 107.434506758879877, 20.974414772024261 ], [ 107.431422978188095, 20.971878265669602 ], [ 107.430475951603967, 20.973215523377746 ] ] ], [ [ [ 107.448929575939246, 20.974231009953257 ], [ 107.449441202049968, 20.973233674394635 ], [ 107.449009833237312, 20.973085234096345 ], [ 107.448929575939246, 20.974231009953257 ] ] ], [ [ [ 107.441831882635427, 20.973334723119024 ], [ 107.441142656608406, 20.974426306728844 ], [ 107.441922259105127, 20.974310409298141 ], [ 107.441831882635427, 20.973334723119024 ] ] ], [ [ [ 107.436791116916652, 20.977152535860853 ], [ 107.436067642008197, 20.976472804876153 ], [ 107.435414689236552, 20.977301685724342 ], [ 107.436791116916652, 20.977152535860853 ] ] ], [ [ [ 107.436256953795407, 20.979640286370284 ], [ 107.442216430044255, 20.98221818582067 ], [ 107.443429951830979, 20.9755910348984 ], [ 107.436256953795407, 20.979640286370284 ] ] ], [ [ [ 107.467444649151275, 20.980484682322412 ], [ 107.467862368053943, 20.977768994143901 ], [ 107.466076154391089, 20.978092964119185 ], [ 107.467444649151275, 20.980484682322412 ] ] ], [ [ [ 107.440457643005971, 20.981467018987928 ], [ 107.437317903798316, 20.984128505925923 ], [ 107.441126224196012, 20.983010115324646 ], [ 107.440457643005971, 20.981467018987928 ] ] ], [ [ [ 107.448129530053905, 20.993556802204751 ], [ 107.448062905578695, 20.994789362639096 ], [ 107.448676806189781, 20.993628185892192 ], [ 107.448129530053905, 20.993556802204751 ] ] ], [ [ [ 107.466821385698552, 20.995157781606451 ], [ 107.466573921949134, 20.995548013630014 ], [ 107.467026020134881, 20.995538496104757 ], [ 107.466821385698552, 20.995157781606451 ] ] ], [ [ [ 107.459203779930476, 20.996410807013262 ], [ 107.459203779930476, 20.996677305813137 ], [ 107.459484556367272, 20.996596404600496 ], [ 107.459203779930476, 20.996410807013262 ] ] ], [ [ [ 107.430076867553566, 20.99785273501584 ], [ 107.429737969731548, 20.998830856558868 ], [ 107.430112736113927, 20.998729729593435 ], [ 107.430076867553566, 20.99785273501584 ] ] ], [ [ [ 107.432116717912209, 21.000813543310358 ], [ 107.43166342992339, 21.000645790970566 ], [ 107.431881151294078, 21.000988433569432 ], [ 107.432116717912209, 21.000813543310358 ] ] ], [ [ [ 107.446138159448594, 21.003130603394823 ], [ 107.446102468054562, 21.00342506121774 ], [ 107.446951494615803, 21.003140854766627 ], [ 107.446138159448594, 21.003130603394823 ] ] ], [ [ [ 107.446686625387599, 21.010101927562005 ], [ 107.445758656336977, 21.00806816021759 ], [ 107.44279858638572, 21.009497545375552 ], [ 107.446686625387599, 21.010101927562005 ] ] ], [ [ [ 107.441895158035265, 21.007749479155223 ], [ 107.440214504096218, 21.010036035134988 ], [ 107.441968977985937, 21.011455106867857 ], [ 107.441895158035265, 21.007749479155223 ] ] ], [ [ [ 107.437075397111926, 21.010584432725466 ], [ 107.43726094433714, 21.008813421202603 ], [ 107.435966151716627, 21.010125193023384 ], [ 107.437075397111926, 21.010584432725466 ] ] ], [ [ [ 107.455600405134589, 21.010714371271263 ], [ 107.45455236220181, 21.009288417026937 ], [ 107.453967138272958, 21.011184813828152 ], [ 107.455600405134589, 21.010714371271263 ] ] ], [ [ [ 107.449600990893146, 21.010212554965563 ], [ 107.452837532226397, 21.010894287841268 ], [ 107.451259354235958, 21.009132891869569 ], [ 107.449600990893146, 21.010212554965563 ] ] ], [ [ [ 107.443289350023633, 21.011114288993269 ], [ 107.442956224949967, 21.010834703258979 ], [ 107.442859969612016, 21.01104009582383 ], [ 107.443289350023633, 21.011114288993269 ] ] ], [ [ [ 107.43591381387148, 21.012419077578556 ], [ 107.434120936232262, 21.011733544167896 ], [ 107.433574197891062, 21.012710496592263 ], [ 107.43591381387148, 21.012419077578556 ] ] ], [ [ [ 107.441974103222378, 21.012649141244992 ], [ 107.441832209089284, 21.012312896423111 ], [ 107.441688566674202, 21.01238739985871 ], [ 107.441974103222378, 21.012649141244992 ] ] ], [ [ [ 107.443896110017533, 21.012470482826643 ], [ 107.44623475113292, 21.013560173363373 ], [ 107.445499120987677, 21.011575815671506 ], [ 107.443896110017533, 21.012470482826643 ] ] ], [ [ [ 107.459983647727313, 21.014987555731238 ], [ 107.453944576081369, 21.014320116680153 ], [ 107.457949208589298, 21.017525250989593 ], [ 107.459983647727313, 21.014987555731238 ] ] ], [ [ [ 107.448008431843675, 21.015018255887924 ], [ 107.446955056830518, 21.016965340278375 ], [ 107.448082614221448, 21.016691100114258 ], [ 107.448008431843675, 21.015018255887924 ] ] ], [ [ [ 107.449728026427408, 21.015736107335556 ], [ 107.450378085180546, 21.016570013595356 ], [ 107.450400715720434, 21.01549982125988 ], [ 107.449728026427408, 21.015736107335556 ] ] ], [ [ [ 107.439248466743379, 21.017356203625923 ], [ 107.438432849096898, 21.019098426051642 ], [ 107.439711231787953, 21.018422508192373 ], [ 107.439248466743379, 21.017356203625923 ] ] ], [ [ [ 107.458718750370167, 21.02106082589637 ], [ 107.461383557605132, 21.019360914774495 ], [ 107.460132180655648, 21.017390424628502 ], [ 107.458718750370167, 21.02106082589637 ] ] ], [ [ [ 107.444271344047479, 21.02794377818293 ], [ 107.441081267086872, 21.011439502731037 ], [ 107.436446459836304, 21.01144936199853 ], [ 107.444271344047479, 21.02794377818293 ] ] ], [ [ [ 107.452599978106548, 21.018916673066144 ], [ 107.452513484010183, 21.020182785407371 ], [ 107.453239220713442, 21.020323436677359 ], [ 107.452599978106548, 21.018916673066144 ] ] ], [ [ [ 107.429931785323788, 21.021261495222006 ], [ 107.427214529626895, 21.020161278120554 ], [ 107.427871252356397, 21.023071841292563 ], [ 107.429931785323788, 21.021261495222006 ] ] ], [ [ [ 107.452962306865004, 21.021103085938762 ], [ 107.455499850138096, 21.021853032391618 ], [ 107.45487552458593, 21.019722409861515 ], [ 107.452962306865004, 21.021103085938762 ] ] ], [ [ [ 107.452187917738286, 21.0262761734067 ], [ 107.450473521236006, 21.017295363590335 ], [ 107.447343956958093, 21.021503368785488 ], [ 107.452187917738286, 21.0262761734067 ] ] ], [ [ [ 107.429759404173353, 21.022201670770585 ], [ 107.430465282946557, 21.022355164359453 ], [ 107.430344190132359, 21.021910020631026 ], [ 107.429759404173353, 21.022201670770585 ] ] ], [ [ [ 107.428257791763826, 21.023572958825071 ], [ 107.42904822389653, 21.024392398590351 ], [ 107.428414828681525, 21.023344208168794 ], [ 107.428257791763826, 21.023572958825071 ] ] ], [ [ [ 107.463152660766866, 21.024300466293596 ], [ 107.462039604044492, 21.026471928836486 ], [ 107.461282289446274, 21.028075093590871 ], [ 107.463152660766866, 21.024300466293596 ] ] ], [ [ [ 107.431001775311756, 21.025695432598184 ], [ 107.431393170158799, 21.025047961194559 ], [ 107.429137746909532, 21.024548473233551 ], [ 107.431001775311756, 21.025695432598184 ] ] ], [ [ [ 107.456757143727316, 21.028886247002674 ], [ 107.453712087842746, 21.026397265321691 ], [ 107.455073275611312, 21.030166050622768 ], [ 107.456757143727316, 21.028886247002674 ] ] ], [ [ [ 107.432158652399949, 21.028466739348687 ], [ 107.433085613310425, 21.028617142866949 ], [ 107.432132873333558, 21.028114665559542 ], [ 107.432158652399949, 21.028466739348687 ] ] ], [ [ [ 107.448515251078106, 21.028009348652688 ], [ 107.447063235380199, 21.028514866567832 ], [ 107.447723427694143, 21.029767064598445 ], [ 107.448515251078106, 21.028009348652688 ] ] ], [ [ [ 107.432717817573291, 21.034082292363962 ], [ 107.43390262130896, 21.033816790912226 ], [ 107.433221730198682, 21.033345183733275 ], [ 107.432717817573291, 21.034082292363962 ] ] ], [ [ [ 107.434911278432821, 21.034258601753095 ], [ 107.434554763791368, 21.033754004743571 ], [ 107.434237750971477, 21.034035426893524 ], [ 107.434911278432821, 21.034258601753095 ] ] ], [ [ [ 107.436703956422491, 21.03615228440043 ], [ 107.436169868844445, 21.033595530709363 ], [ 107.435647420292298, 21.03359670162655 ], [ 107.436703956422491, 21.03615228440043 ] ] ], [ [ [ 107.433672539656015, 21.034704261692468 ], [ 107.433372677806915, 21.036036446325113 ], [ 107.43463783956463, 21.035571539095429 ], [ 107.433672539656015, 21.034704261692468 ] ] ], [ [ [ 107.42997025922017, 21.035260727100933 ], [ 107.42915387265316, 21.036140779373625 ], [ 107.430083480268536, 21.035630418609117 ], [ 107.42997025922017, 21.035260727100933 ] ] ], [ [ [ 107.433372058174029, 21.037442974313933 ], [ 107.434003775254098, 21.037156953031001 ], [ 107.433632117827983, 21.036545594803499 ], [ 107.433372058174029, 21.037442974313933 ] ] ], [ [ [ 107.445817220188701, 21.046562305805821 ], [ 107.439805612938869, 21.04334807125656 ], [ 107.444484824215408, 21.049891660771607 ], [ 107.445817220188701, 21.046562305805821 ] ] ], [ [ [ 107.436598233022153, 21.04550858005706 ], [ 107.436764416944413, 21.04892020140619 ], [ 107.4377588656792, 21.048691970558139 ], [ 107.436598233022153, 21.04550858005706 ] ] ], [ [ [ 107.431862058687159, 21.048210117403073 ], [ 107.432067807383419, 21.047678598288826 ], [ 107.431673702879209, 21.04774716529954 ], [ 107.431862058687159, 21.048210117403073 ] ] ], [ [ [ 107.441287372814202, 21.049377582209843 ], [ 107.440734286158431, 21.048743574556511 ], [ 107.44069954714638, 21.049083965252976 ], [ 107.441287372814202, 21.049377582209843 ] ] ], [ [ [ 107.43961483615584, 21.049112191374661 ], [ 107.440190600116296, 21.04867591496162 ], [ 107.439633431437812, 21.048608449620417 ], [ 107.43961483615584, 21.049112191374661 ] ] ], [ [ [ 107.438509341832741, 21.050547129846336 ], [ 107.438005690910018, 21.050478799357165 ], [ 107.438453588362449, 21.050824810816493 ], [ 107.438509341832741, 21.050547129846336 ] ] ], [ [ [ 107.445216351653357, 21.05071772314443 ], [ 107.445427832628468, 21.050942804566887 ], [ 107.445343186638866, 21.050713639323135 ], [ 107.445216351653357, 21.05071772314443 ] ] ], [ [ [ 107.446182178564754, 21.050650729047902 ], [ 107.445920251018833, 21.051434852436557 ], [ 107.446430075787532, 21.051477790567617 ], [ 107.446182178564754, 21.050650729047902 ] ] ], [ [ [ 107.463555341206074, 21.051174407872679 ], [ 107.462786908289331, 21.051292532024718 ], [ 107.46325419422584, 21.051594134961476 ], [ 107.463555341206074, 21.051174407872679 ] ] ], [ [ [ 107.441683331720583, 21.051678278230042 ], [ 107.440886768010103, 21.052130281987104 ], [ 107.441271489887413, 21.052716244259443 ], [ 107.441683331720583, 21.051678278230042 ] ] ], [ [ [ 107.443990448900195, 21.053470029918003 ], [ 107.444706422563456, 21.052386785721637 ], [ 107.444188858229325, 21.050024927708307 ], [ 107.443990448900195, 21.053470029918003 ] ] ], [ [ [ 107.441625323649873, 21.053664568565068 ], [ 107.442802931010647, 21.053572157828967 ], [ 107.441776718221035, 21.053089765980019 ], [ 107.441625323649873, 21.053664568565068 ] ] ], [ [ [ 107.460406044003832, 21.053592515782157 ], [ 107.458502619000797, 21.05395365563686 ], [ 107.460511431957173, 21.05388050388234 ], [ 107.460406044003832, 21.053592515782157 ] ] ], [ [ [ 107.431597729051987, 21.054620243929151 ], [ 107.43111520770077, 21.054608285643951 ], [ 107.431313501017257, 21.054857229677509 ], [ 107.431597729051987, 21.054620243929151 ] ] ], [ [ [ 107.467515036389898, 21.055245116269191 ], [ 107.468054057648828, 21.055023328164111 ], [ 107.467555570633237, 21.054860586846644 ], [ 107.467515036389898, 21.055245116269191 ] ] ], [ [ [ 107.436681080367691, 21.054298742593062 ], [ 107.433584111117909, 21.056256313977826 ], [ 107.438398183829236, 21.057499410869241 ], [ 107.436681080367691, 21.054298742593062 ] ] ], [ [ [ 107.441852840436411, 21.054677630568278 ], [ 107.442474771093998, 21.055839212010142 ], [ 107.442336240425277, 21.054733691606714 ], [ 107.441852840436411, 21.054677630568278 ] ] ], [ [ [ 107.427848876324731, 21.056922161228783 ], [ 107.430054859344409, 21.055782897362974 ], [ 107.427676025728147, 21.056579050982464 ], [ 107.427848876324731, 21.056922161228783 ] ] ], [ [ [ 107.459503433137115, 21.055937144583652 ], [ 107.45889273321319, 21.057097641443136 ], [ 107.458917266718572, 21.057374159589813 ], [ 107.459503433137115, 21.055937144583652 ] ] ], [ [ [ 107.461159032863179, 21.058021362096156 ], [ 107.462634069406761, 21.056458152421953 ], [ 107.460358079561843, 21.056579262323226 ], [ 107.461159032863179, 21.058021362096156 ] ] ], [ [ [ 107.466762776880842, 21.060620754444301 ], [ 107.465392533838383, 21.058579762845795 ], [ 107.463906219796229, 21.059048207109129 ], [ 107.466762776880842, 21.060620754444301 ] ] ], [ [ [ 107.433965951567473, 21.059542159742932 ], [ 107.433084841692107, 21.060574289172166 ], [ 107.434207060707422, 21.060369340872569 ], [ 107.433965951567473, 21.059542159742932 ] ] ], [ [ [ 107.45189410383, 21.061313650604461 ], [ 107.452090808943865, 21.061864651732435 ], [ 107.452231419744408, 21.061447260183002 ], [ 107.45189410383, 21.061313650604461 ] ] ], [ [ [ 107.449929474565749, 21.063267700244296 ], [ 107.446455345837592, 21.065098783781878 ], [ 107.449848188443184, 21.064024123614445 ], [ 107.449929474565749, 21.063267700244296 ] ] ], [ [ [ 107.448339055003487, 21.066094900759197 ], [ 107.447796154968671, 21.065623816985635 ], [ 107.447852457025363, 21.066020130224899 ], [ 107.448339055003487, 21.066094900759197 ] ] ], [ [ [ 107.445636474443745, 21.064607115426043 ], [ 107.440813446283641, 21.0659037651468 ], [ 107.446487977738116, 21.069962854302446 ], [ 107.445636474443745, 21.064607115426043 ] ] ], [ [ [ 107.439413873651461, 21.07094029325998 ], [ 107.439782280028339, 21.071753084337445 ], [ 107.440091856354115, 21.071012336150545 ], [ 107.439413873651461, 21.07094029325998 ] ] ], [ [ [ 107.45662744170312, 21.071336964429463 ], [ 107.457363562878129, 21.071678650149693 ], [ 107.457239024761236, 21.071032274120228 ], [ 107.45662744170312, 21.071336964429463 ] ] ], [ [ [ 107.438535851148742, 21.071384706738968 ], [ 107.43743752712038, 21.072032967747361 ], [ 107.438959371577766, 21.071875774347575 ], [ 107.438535851148742, 21.071384706738968 ] ] ], [ [ [ 107.451091894175704, 21.073934280242895 ], [ 107.453391484929284, 21.072991600082332 ], [ 107.450501382233085, 21.071016419072635 ], [ 107.451091894175704, 21.073934280242895 ] ] ], [ [ [ 107.45910392011001, 21.073716054352587 ], [ 107.459015610282279, 21.07323273620193 ], [ 107.458805849710359, 21.073515810406377 ], [ 107.45910392011001, 21.073716054352587 ] ] ], [ [ [ 107.458685276704159, 21.074031948415836 ], [ 107.458226742969998, 21.074054390098127 ], [ 107.458380714997986, 21.074247245214167 ], [ 107.458685276704159, 21.074031948415836 ] ] ], [ [ [ 107.454321359643018, 21.075040774612091 ], [ 107.454960956583079, 21.074817567377011 ], [ 107.454368048846504, 21.074618420603656 ], [ 107.454321359643018, 21.075040774612091 ] ] ], [ [ [ 107.454982372138829, 21.075710807308099 ], [ 107.454707750662294, 21.075721100048781 ], [ 107.454878453677793, 21.075913715945376 ], [ 107.454982372138829, 21.075710807308099 ] ] ], [ [ [ 107.454870734796771, 21.07625985510839 ], [ 107.455981604367651, 21.077401744095312 ], [ 107.455199872276353, 21.076100991667602 ], [ 107.454870734796771, 21.07625985510839 ] ] ], [ [ [ 107.457832884879849, 21.080608784068261 ], [ 107.456441184912876, 21.080134957362418 ], [ 107.457749861267132, 21.080861676125608 ], [ 107.457832884879849, 21.080608784068261 ] ] ], [ [ [ 107.467940747567525, 21.084147946370706 ], [ 107.467506449663006, 21.084136119386528 ], [ 107.467817819237041, 21.084303743123428 ], [ 107.467940747567525, 21.084147946370706 ] ] ], [ [ [ 107.463981055081774, 21.085690635314563 ], [ 107.462239290410992, 21.08296377216044 ], [ 107.462039415186894, 21.082970910978872 ], [ 107.462146491167687, 21.084776922317246 ], [ 107.463981055081774, 21.085690635314563 ] ] ], [ [ [ 107.466392528692438, 21.084451313777265 ], [ 107.466937661743827, 21.084742375760129 ], [ 107.466932276603359, 21.084416290579441 ], [ 107.466392528692438, 21.084451313777265 ] ] ], [ [ [ 107.452241389628512, 21.084181064804397 ], [ 107.454582779072098, 21.084323833078543 ], [ 107.452431747327353, 21.083876494105084 ], [ 107.452241389628512, 21.084181064804397 ] ] ], [ [ [ 107.488049516572119, 20.763778989708726 ], [ 107.473839212909411, 20.765063029135661 ], [ 107.489137771790865, 20.771020925275479 ], [ 107.488049516572119, 20.763778989708726 ] ] ], [ [ [ 107.493310004653154, 20.775301771060015 ], [ 107.489576104054152, 20.777591311889637 ], [ 107.493440030433135, 20.776706389788217 ], [ 107.493310004653154, 20.775301771060015 ] ] ], [ [ [ 107.489137129674987, 20.780184647303599 ], [ 107.489899965211407, 20.780215648733304 ], [ 107.489451830337828, 20.779803357239189 ], [ 107.489137129674987, 20.780184647303599 ] ] ], [ [ [ 107.481914546619066, 20.801758732079861 ], [ 107.481274432569137, 20.800829208101561 ], [ 107.480528385576577, 20.80260012969228 ], [ 107.481914546619066, 20.801758732079861 ] ] ], [ [ [ 107.559400399409014, 20.93376018238655 ], [ 107.497014767217763, 20.866909241768155 ], [ 107.470917106039735, 20.814840317326912 ], [ 107.490431886322654, 20.872510698809833 ], [ 107.474739258010459, 20.885896350236408 ], [ 107.510914179745726, 20.889199834404963 ], [ 107.557964042706431, 20.969081437058776 ], [ 107.559400399409014, 20.93376018238655 ] ] ], [ [ [ 107.476805951333631, 20.895912268036795 ], [ 107.47741283273615, 20.895075904829298 ], [ 107.476793877035959, 20.895176871715364 ], [ 107.476805951333631, 20.895912268036795 ] ] ], [ [ [ 107.508306092752093, 20.898042267336734 ], [ 107.507940074075236, 20.89668575874083 ], [ 107.507510021870189, 20.897773021108094 ], [ 107.508306092752093, 20.898042267336734 ] ] ], [ [ [ 107.517816987264212, 20.915101714072875 ], [ 107.504214872618377, 20.894063580270199 ], [ 107.478384617656047, 20.895704125345276 ], [ 107.517816987264212, 20.915101714072875 ] ] ], [ [ [ 107.475709023952334, 20.907058871070092 ], [ 107.47705785863343, 20.908046430998127 ], [ 107.477043598083696, 20.907178452123958 ], [ 107.475709023952334, 20.907058871070092 ] ] ], [ [ [ 107.523776324118103, 20.925281642134109 ], [ 107.523935312564674, 20.924814833737742 ], [ 107.523541604661432, 20.925021694895463 ], [ 107.523776324118103, 20.925281642134109 ] ] ], [ [ [ 107.52259626430623, 20.926060060223733 ], [ 107.521439845872351, 20.926238518992591 ], [ 107.522503465062925, 20.92640270192328 ], [ 107.52259626430623, 20.926060060223733 ] ] ], [ [ [ 107.552252918737338, 21.029968102645796 ], [ 107.542553273614828, 21.002430472188621 ], [ 107.551633211203864, 20.994797924184866 ], [ 107.516967659430009, 20.924358386430413 ], [ 107.461873716898708, 20.90514831983927 ], [ 107.450156913111243, 20.906233872595237 ], [ 107.457603459732013, 20.914799605717292 ], [ 107.442524032358392, 20.912251639301871 ], [ 107.394699879196139, 20.890636688432494 ], [ 107.490877914084592, 20.956203026648495 ], [ 107.492023267260095, 20.979764095136886 ], [ 107.48287931322983, 20.973638168766456 ], [ 107.477505336102524, 20.984977758217042 ], [ 107.48701740333064, 20.981343342421496 ], [ 107.507664518203057, 21.016461950158941 ], [ 107.504959694734225, 20.998401459959553 ], [ 107.510233187012091, 21.001197330792365 ], [ 107.514804517414632, 21.018429802593346 ], [ 107.535850690257348, 21.040831994800783 ], [ 107.537129599951243, 21.009303436604341 ], [ 107.551358888302218, 21.03178280143527 ], [ 107.551222679683065, 21.044997932408819 ], [ 107.552252918737338, 21.029968102645796 ] ] ], [ [ [ 107.482312192653751, 20.972709050382491 ], [ 107.48212536659247, 20.973075525914851 ], [ 107.482673871202394, 20.973508548580753 ], [ 107.482312192653751, 20.972709050382491 ] ] ], [ [ [ 107.471057798678601, 20.984063178273175 ], [ 107.473852634391676, 20.978305339020324 ], [ 107.469341429063775, 20.976338615235022 ], [ 107.471057798678601, 20.984063178273175 ] ] ], [ [ [ 107.468847369410696, 20.981439871153157 ], [ 107.468270547847567, 20.981502400115801 ], [ 107.468621596409719, 20.981768317953595 ], [ 107.468847369410696, 20.981439871153157 ] ] ], [ [ [ 107.486596088039221, 20.987468426126952 ], [ 107.486616509844055, 20.988701374169125 ], [ 107.488334940704988, 20.9886130679389 ], [ 107.486596088039221, 20.987468426126952 ] ] ], [ [ [ 107.509512420861654, 21.003113099889674 ], [ 107.509155104024956, 21.004266561352892 ], [ 107.509655054237555, 21.004141380220574 ], [ 107.509512420861654, 21.003113099889674 ] ] ], [ [ [ 107.473605230896851, 21.01088623081489 ], [ 107.473855828783599, 21.010042393341962 ], [ 107.473359051379191, 21.009974147389073 ], [ 107.473605230896851, 21.01088623081489 ] ] ], [ [ [ 107.475778066704436, 21.011260490879067 ], [ 107.475247622280051, 21.011180104078562 ], [ 107.475762374434225, 21.011525047143266 ], [ 107.475778066704436, 21.011260490879067 ] ] ], [ [ [ 107.47454406105976, 21.011766209343193 ], [ 107.473821982798427, 21.012657712683279 ], [ 107.474820258148441, 21.012271884639858 ], [ 107.47454406105976, 21.011766209343193 ] ] ], [ [ [ 107.478002610831879, 21.01536260629922 ], [ 107.478888128284666, 21.012612196196017 ], [ 107.477127078551916, 21.013046895198158 ], [ 107.478002610831879, 21.01536260629922 ] ] ], [ [ [ 107.480570907321635, 21.018786212913426 ], [ 107.478709148808264, 21.018193538101457 ], [ 107.480511263384187, 21.019221395750947 ], [ 107.480570907321635, 21.018786212913426 ] ] ], [ [ [ 107.476886399288048, 21.019154631880781 ], [ 107.475226436051287, 21.017797414619167 ], [ 107.476802340555594, 21.019332072617203 ], [ 107.476886399288048, 21.019154631880781 ] ] ], [ [ [ 107.478740286035418, 21.019064689783647 ], [ 107.478859825720463, 21.019402742242903 ], [ 107.478900851892945, 21.019049800607888 ], [ 107.478740286035418, 21.019064689783647 ] ] ], [ [ [ 107.478462518730453, 21.019985936402009 ], [ 107.478320322425077, 21.01969226728437 ], [ 107.478218443626361, 21.020014681432542 ], [ 107.478462518730453, 21.019985936402009 ] ] ], [ [ [ 107.478199262885767, 21.021688841367109 ], [ 107.478774908135676, 21.021258863805656 ], [ 107.478195679087435, 21.020656866621096 ], [ 107.478199262885767, 21.021688841367109 ] ] ], [ [ [ 107.484671110783211, 21.02318970733927 ], [ 107.486142835123815, 21.021456489825198 ], [ 107.483546005843664, 21.022183515257041 ], [ 107.484671110783211, 21.02318970733927 ] ] ], [ [ [ 107.499711652371047, 21.02244641856737 ], [ 107.498927668377235, 21.022419488368882 ], [ 107.499541392721085, 21.022992643395753 ], [ 107.499711652371047, 21.02244641856737 ] ] ], [ [ [ 107.516567560944281, 21.023172032962975 ], [ 107.517166809800528, 21.022945693389033 ], [ 107.516713950788187, 21.022676794298661 ], [ 107.516567560944281, 21.023172032962975 ] ] ], [ [ [ 107.472278072575079, 21.023816634630123 ], [ 107.471755713955076, 21.023940687113111 ], [ 107.472046108641166, 21.024205123767501 ], [ 107.472278072575079, 21.023816634630123 ] ] ], [ [ [ 107.484189528324123, 21.023624649158364 ], [ 107.483660783618348, 21.02446308260528 ], [ 107.484462441988228, 21.023928948262494 ], [ 107.484189528324123, 21.023624649158364 ] ] ], [ [ [ 107.518798436298994, 21.024371578385797 ], [ 107.518375081345027, 21.024943323275807 ], [ 107.518966269577788, 21.025166561987419 ], [ 107.518798436298994, 21.024371578385797 ] ] ], [ [ [ 107.493594802857899, 21.026118973711846 ], [ 107.492857891178858, 21.025533702118707 ], [ 107.493228071018677, 21.026239813816517 ], [ 107.493594802857899, 21.026118973711846 ] ] ], [ [ [ 107.474892446729086, 21.026076005903121 ], [ 107.476399149301358, 21.024833269639714 ], [ 107.475630673216983, 21.024133365962143 ], [ 107.474892446729086, 21.026076005903121 ] ] ], [ [ [ 107.487474085360816, 21.027409043092916 ], [ 107.487435336271858, 21.024263089570013 ], [ 107.486407298757911, 21.025285053062873 ], [ 107.487474085360816, 21.027409043092916 ] ] ], [ [ [ 107.494977946674965, 21.026771760108659 ], [ 107.495216031394932, 21.026306782731922 ], [ 107.494870153934585, 21.026446460036084 ], [ 107.494977946674965, 21.026771760108659 ] ] ], [ [ [ 107.494412917022601, 21.02728017384112 ], [ 107.494712540551404, 21.027439173079415 ], [ 107.494626482626188, 21.027190467366324 ], [ 107.494412917022601, 21.02728017384112 ] ] ], [ [ [ 107.492357226005367, 21.028614977299469 ], [ 107.487125363344887, 21.030406389043719 ], [ 107.486438126618339, 21.031782029816952 ], [ 107.492357226005367, 21.028614977299469 ] ] ], [ [ [ 107.484406363862661, 21.030446160661938 ], [ 107.482994493001513, 21.028720428205247 ], [ 107.483094004784505, 21.03088701462417 ], [ 107.484406363862661, 21.030446160661938 ] ] ], [ [ [ 107.511551078719492, 21.03220152488052 ], [ 107.514422052835528, 21.03260889708298 ], [ 107.513522577005347, 21.029459393036632 ], [ 107.511551078719492, 21.03220152488052 ] ] ], [ [ [ 107.493802390667952, 21.031324843266987 ], [ 107.491417074738308, 21.031296910324272 ], [ 107.492275769011655, 21.032369868075023 ], [ 107.493802390667952, 21.031324843266987 ] ] ], [ [ [ 107.483335399009491, 21.033120587045573 ], [ 107.481505779568124, 21.03225377639086 ], [ 107.483181052863472, 21.033506781113203 ], [ 107.483335399009491, 21.033120587045573 ] ] ], [ [ [ 107.488639405284403, 21.032674395606932 ], [ 107.488864200722276, 21.032429260202321 ], [ 107.4886822148124, 21.032387147648876 ], [ 107.488639405284403, 21.032674395606932 ] ] ], [ [ [ 107.495010815996466, 21.033701627328298 ], [ 107.495303714394993, 21.032784835052269 ], [ 107.494665075233172, 21.033045896551073 ], [ 107.495010815996466, 21.033701627328298 ] ] ], [ [ [ 107.490595476600163, 21.034452309426626 ], [ 107.492576586840073, 21.036559688079194 ], [ 107.493320214656308, 21.033748471215119 ], [ 107.490595476600163, 21.034452309426626 ] ] ], [ [ [ 107.501874463435854, 21.036519254560119 ], [ 107.500960172174302, 21.034639405284395 ], [ 107.499886813325929, 21.036269749349628 ], [ 107.501874463435854, 21.036519254560119 ] ] ], [ [ [ 107.496468292377813, 21.036639403985419 ], [ 107.496207076195617, 21.036445090168854 ], [ 107.49625177969591, 21.036714893977319 ], [ 107.496468292377813, 21.036639403985419 ] ] ], [ [ [ 107.496769413277946, 21.038927217217463 ], [ 107.498943050381513, 21.037517134208542 ], [ 107.497039479688283, 21.033640321443841 ], [ 107.496769413277946, 21.038927217217463 ] ] ], [ [ [ 107.517102056814622, 21.037171606584423 ], [ 107.518877704342685, 21.037074335012619 ], [ 107.517107593940409, 21.036373421396434 ], [ 107.517102056814622, 21.037171606584423 ] ] ], [ [ [ 107.503740768921489, 21.036758520988997 ], [ 107.505417845357442, 21.037006606169996 ], [ 107.50383203122334, 21.036416033073635 ], [ 107.503740768921489, 21.036758520988997 ] ] ], [ [ [ 107.490185687019903, 21.036997462762713 ], [ 107.486483670085306, 21.039568898785774 ], [ 107.48867596632283, 21.039259925005695 ], [ 107.489415834972931, 21.040658627993253 ], [ 107.490185687019903, 21.036997462762713 ] ] ], [ [ [ 107.505515425396766, 21.038454237673022 ], [ 107.50574247363636, 21.039093818425101 ], [ 107.505993219911261, 21.038988559974086 ], [ 107.505515425396766, 21.038454237673022 ] ] ], [ [ [ 107.488086579432263, 21.039857689081259 ], [ 107.488257047724744, 21.04036578355425 ], [ 107.488449801217541, 21.03991953276028 ], [ 107.488086579432263, 21.039857689081259 ] ] ], [ [ [ 107.508877299847597, 21.04088975825573 ], [ 107.508134581246111, 21.041423770290862 ], [ 107.509594358992615, 21.041720604122702 ], [ 107.508877299847597, 21.04088975825573 ] ] ], [ [ [ 107.510053581607565, 21.040190186428106 ], [ 107.512268796168144, 21.042158614428615 ], [ 107.510530794260774, 21.039728335994084 ], [ 107.510053581607565, 21.040190186428106 ] ] ], [ [ [ 107.511485651241856, 21.043170876035219 ], [ 107.511624429224184, 21.044214909790298 ], [ 107.512122397330927, 21.043548099365466 ], [ 107.511485651241856, 21.043170876035219 ] ] ], [ [ [ 107.483487809814676, 21.044719740623634 ], [ 107.483094286272433, 21.04484944264766 ], [ 107.483465384320198, 21.044859453900642 ], [ 107.483487809814676, 21.044719740623634 ] ] ], [ [ [ 107.482318844938845, 21.044531997253955 ], [ 107.482550382594241, 21.045566950554473 ], [ 107.483241154555628, 21.045613546228253 ], [ 107.482318844938845, 21.044531997253955 ] ] ], [ [ [ 107.469883243616835, 21.051179980971483 ], [ 107.469676520954749, 21.054114045227038 ], [ 107.472066203992142, 21.052529605257234 ], [ 107.469883243616835, 21.051179980971483 ] ] ], [ [ [ 107.491380009180205, 21.053311646715315 ], [ 107.492298502973597, 21.05274740396959 ], [ 107.491703485427593, 21.052218194314321 ], [ 107.491380009180205, 21.053311646715315 ] ] ], [ [ [ 107.493060753950772, 21.054106936086384 ], [ 107.493292927426751, 21.054179446624175 ], [ 107.493151506336972, 21.054008016956573 ], [ 107.493060753950772, 21.054106936086384 ] ] ], [ [ [ 107.469011044224487, 21.054550004179532 ], [ 107.469173343075454, 21.054041830566121 ], [ 107.468845350432673, 21.054256579677542 ], [ 107.469011044224487, 21.054550004179532 ] ] ], [ [ [ 107.495808106359107, 21.054206225736834 ], [ 107.495398073062688, 21.054449943809914 ], [ 107.495904771787821, 21.05448564599584 ], [ 107.495808106359107, 21.054206225736834 ] ] ], [ [ [ 107.471471149573972, 21.054736017253447 ], [ 107.471334260168021, 21.055370387333653 ], [ 107.471824700049979, 21.054844165226143 ], [ 107.471471149573972, 21.054736017253447 ] ] ], [ [ [ 107.497372570587856, 21.055303429209971 ], [ 107.49523692084739, 21.057603504698079 ], [ 107.497743311604552, 21.056440210047754 ], [ 107.497372570587856, 21.055303429209971 ] ] ], [ [ [ 107.469512462130467, 21.05773953884875 ], [ 107.470304654236486, 21.05499050560735 ], [ 107.468581760040308, 21.057158342083937 ], [ 107.469512462130467, 21.05773953884875 ] ] ], [ [ [ 107.52590897372022, 21.073134230760274 ], [ 107.532765537199907, 21.052701680638165 ], [ 107.525330096307016, 21.056087065166082 ], [ 107.507171326395678, 21.050500359703904 ], [ 107.507288386649748, 21.040117368322058 ], [ 107.493564142271453, 21.04095337539809 ], [ 107.501723752349392, 21.0413587052401 ], [ 107.497389133401896, 21.046867541104234 ], [ 107.519115309723873, 21.057100451824567 ], [ 107.52590897372022, 21.073134230760274 ] ] ], [ [ [ 107.493961953781252, 21.057096664779408 ], [ 107.490894782668249, 21.056556629984584 ], [ 107.493577625806836, 21.05774118011135 ], [ 107.493961953781252, 21.057096664779408 ] ] ], [ [ [ 107.469978950368329, 21.059614359115471 ], [ 107.470972497083096, 21.059936535842553 ], [ 107.470568249125506, 21.058781478982041 ], [ 107.469978950368329, 21.059614359115471 ] ] ], [ [ [ 107.500752111320935, 21.059584470147342 ], [ 107.505112461670876, 21.058329378997769 ], [ 107.500512247742165, 21.058634985716196 ], [ 107.500752111320935, 21.059584470147342 ] ] ], [ [ [ 107.508142001552244, 21.061133849147893 ], [ 107.508690424323618, 21.06198153481995 ], [ 107.508986151090085, 21.061037780869071 ], [ 107.508142001552244, 21.061133849147893 ] ] ], [ [ [ 107.517111999719077, 21.065112988573674 ], [ 107.50607235035875, 21.066466173275387 ], [ 107.515434312643606, 21.067266949410225 ], [ 107.517111999719077, 21.065112988573674 ] ] ], [ [ [ 107.49269090955795, 21.064034838137388 ], [ 107.489299137145508, 21.06575541567986 ], [ 107.493601099011528, 21.065984927162788 ], [ 107.49269090955795, 21.064034838137388 ] ] ], [ [ [ 107.4759643342868, 21.068096502951278 ], [ 107.475393163164142, 21.065568654369997 ], [ 107.474377921204109, 21.065759675768504 ], [ 107.4759643342868, 21.068096502951278 ] ] ], [ [ [ 107.507958499385381, 21.068224996286574 ], [ 107.508324497377828, 21.069071853683226 ], [ 107.508726963778486, 21.068598560275348 ], [ 107.507958499385381, 21.068224996286574 ] ] ], [ [ [ 107.479206062909554, 21.068631353154558 ], [ 107.478818727602288, 21.068712481895602 ], [ 107.478963510357858, 21.068943184080752 ], [ 107.479206062909554, 21.068631353154558 ] ] ], [ [ [ 107.516343331179939, 21.06823834762173 ], [ 107.517086529120093, 21.07059165667971 ], [ 107.518107288420651, 21.070274097071945 ], [ 107.516343331179939, 21.06823834762173 ] ] ], [ [ [ 107.47839500302706, 21.070024494734753 ], [ 107.479221268646711, 21.070150905240098 ], [ 107.478856401102178, 21.069161861430757 ], [ 107.47839500302706, 21.070024494734753 ] ] ], [ [ [ 107.523403048811758, 21.069645574383856 ], [ 107.523795307007845, 21.070299539792074 ], [ 107.524024616143265, 21.069993716336967 ], [ 107.523403048811758, 21.069645574383856 ] ] ], [ [ [ 107.513849983290186, 21.07512078459672 ], [ 107.500085569793384, 21.067903345662899 ], [ 107.496836874122494, 21.071972512621471 ], [ 107.513849983290186, 21.07512078459672 ] ] ], [ [ [ 107.522627817020293, 21.072351280986993 ], [ 107.524313803039718, 21.073233438572515 ], [ 107.524688448013592, 21.071110980087838 ], [ 107.522627817020293, 21.072351280986993 ] ] ], [ [ [ 107.485506498226357, 21.076808491918484 ], [ 107.484902511741666, 21.077157133894787 ], [ 107.485535980701115, 21.077374439778623 ], [ 107.485506498226357, 21.076808491918484 ] ] ], [ [ [ 107.516293749756869, 21.078330217665496 ], [ 107.51645696681561, 21.076952583994739 ], [ 107.515852375087093, 21.077217927165634 ], [ 107.516293749756869, 21.078330217665496 ] ] ], [ [ [ 107.498745310148081, 21.078505050367767 ], [ 107.499695954704748, 21.077660347747042 ], [ 107.498286780011028, 21.077939109702243 ], [ 107.498745310148081, 21.078505050367767 ] ] ], [ [ [ 107.486471949221198, 21.078251098909163 ], [ 107.485791851313081, 21.078449921027072 ], [ 107.486320954848281, 21.078844968920293 ], [ 107.486471949221198, 21.078251098909163 ] ] ], [ [ [ 107.523985266307136, 21.080091349236568 ], [ 107.524446619416096, 21.079616603423631 ], [ 107.523833821373898, 21.079818453558971 ], [ 107.523985266307136, 21.080091349236568 ] ] ], [ [ [ 107.47991598233682, 21.080921070950694 ], [ 107.48164461420771, 21.080102906424145 ], [ 107.480191897937743, 21.07978427122714 ], [ 107.47991598233682, 21.080921070950694 ] ] ], [ [ [ 107.508290660385796, 21.081451777977293 ], [ 107.508273207242837, 21.082061198165889 ], [ 107.508644532819005, 21.081951982697944 ], [ 107.508290660385796, 21.081451777977293 ] ] ], [ [ [ 107.484906298786655, 21.081615814318411 ], [ 107.484572897621319, 21.082117839266971 ], [ 107.484896095978115, 21.082213850888536 ], [ 107.484906298786655, 21.081615814318411 ] ] ], [ [ [ 107.509745633054706, 21.082505857159617 ], [ 107.509166725963723, 21.081775808207112 ], [ 107.508964281376564, 21.082063886239496 ], [ 107.509745633054706, 21.082505857159617 ] ] ], [ [ [ 107.482745334030028, 21.083236560818762 ], [ 107.483391535590897, 21.082194903971811 ], [ 107.482355659586005, 21.082367417322587 ], [ 107.482745334030028, 21.083236560818762 ] ] ], [ [ [ 107.512777905975611, 21.083106225671827 ], [ 107.512497027915629, 21.08232934722173 ], [ 107.512121809174232, 21.083013668346155 ], [ 107.512777905975611, 21.083106225671827 ] ] ], [ [ [ 107.508410958199249, 21.083783105805821 ], [ 107.508880736157153, 21.083399988318945 ], [ 107.508397539414943, 21.083413817194071 ], [ 107.508410958199249, 21.083783105805821 ] ] ], [ [ [ 107.491428301874691, 21.083549763211181 ], [ 107.485101386919496, 21.083076120866451 ], [ 107.491507727299847, 21.084483021174492 ], [ 107.491428301874691, 21.083549763211181 ] ] ], [ [ [ 107.518969398319143, 21.08381048926276 ], [ 107.518356361956705, 21.084611374215626 ], [ 107.518658928966545, 21.084785709593007 ], [ 107.518969398319143, 21.08381048926276 ] ] ], [ [ [ 107.510851491603091, 21.084810223313127 ], [ 107.511742608234954, 21.0847350103125 ], [ 107.511504385918727, 21.084320213307251 ], [ 107.510851491603091, 21.084810223313127 ] ] ], [ [ [ 107.514659506231339, 21.086225784992052 ], [ 107.515226801275844, 21.08851065834034 ], [ 107.516560771062927, 21.086275031867217 ], [ 107.514659506231339, 21.086225784992052 ] ] ], [ [ [ 107.495662884734486, 21.088333210409303 ], [ 107.489535749675269, 21.088401255813494 ], [ 107.495516592916545, 21.089804747691062 ], [ 107.495662884734486, 21.088333210409303 ] ] ], [ [ [ 107.468605637040582, 21.087568821743901 ], [ 107.468296307129037, 21.087033443638688 ], [ 107.466731812323303, 21.089466443421657 ], [ 107.468605637040582, 21.087568821743901 ] ] ], [ [ [ 107.492928611166576, 21.092195357030164 ], [ 107.493240915136312, 21.092344073420293 ], [ 107.493300401692238, 21.092010948346626 ], [ 107.492928611166576, 21.092195357030164 ] ] ], [ [ [ 107.502799804667404, 21.092902652235693 ], [ 107.499061077406793, 21.092997830185823 ], [ 107.502924726794788, 21.094913296211757 ], [ 107.502799804667404, 21.092902652235693 ] ] ], [ [ [ 107.492217746551944, 21.093263140082001 ], [ 107.491819186806197, 21.093340471885369 ], [ 107.491860828114909, 21.09352190561151 ], [ 107.492217746551944, 21.093263140082001 ] ] ], [ [ [ 107.483589821712997, 21.094687841570703 ], [ 107.483916996871983, 21.095264860984628 ], [ 107.484131148833569, 21.095089376273791 ], [ 107.483589821712997, 21.094687841570703 ] ] ], [ [ [ 107.499865351005269, 21.096587741231417 ], [ 107.498832673888842, 21.096149794777375 ], [ 107.499420811621349, 21.096852207563416 ], [ 107.499865351005269, 21.096587741231417 ] ] ], [ [ [ 107.50352308082563, 21.103290430708967 ], [ 107.503658244432529, 21.101193467104963 ], [ 107.502642917936441, 21.102753127155154 ], [ 107.50352308082563, 21.103290430708967 ] ] ], [ [ [ 107.520210459145517, 21.110438181177301 ], [ 107.520239178095778, 21.112142722908516 ], [ 107.520711576678082, 21.112024480045704 ], [ 107.520210459145517, 21.110438181177301 ] ] ], [ [ [ 107.538016926839816, 21.145041652750194 ], [ 107.517707686360779, 21.130804160783498 ], [ 107.507635482691455, 21.123450197568559 ], [ 107.506256699687071, 21.129396928625511 ], [ 107.524223048854765, 21.138917533117819 ], [ 107.524075167035448, 21.144435882909704 ], [ 107.538016926839816, 21.145041652750194 ] ] ], [ [ [ 107.520304741370751, 21.139836496357361 ], [ 107.52096331130781, 21.140857049713134 ], [ 107.520791455361461, 21.139729134392212 ], [ 107.520304741370751, 21.139836496357361 ] ] ], [ [ [ 107.520612587401047, 21.143588395088443 ], [ 107.522212768204724, 21.142512792431546 ], [ 107.520507387405985, 21.142788619899079 ], [ 107.520612587401047, 21.143588395088443 ] ] ], [ [ [ 107.522930798617608, 21.147045646239576 ], [ 107.521648169327534, 21.148846463993152 ], [ 107.525577313642145, 21.146448008968548 ], [ 107.522930798617608, 21.147045646239576 ] ] ], [ [ [ 107.489908246168625, 21.292955240591994 ], [ 107.484354583597224, 21.29360245389023 ], [ 107.484897101420245, 21.29623889740725 ], [ 107.489908246168625, 21.292955240591994 ] ] ], [ [ [ 107.54970029203497, 20.985375180320432 ], [ 107.549004277925121, 20.984209002443663 ], [ 107.548594920019696, 20.985746591332259 ], [ 107.54970029203497, 20.985375180320432 ] ] ], [ [ [ 107.567899529639703, 20.98386328236478 ], [ 107.567208792751728, 20.986972697332249 ], [ 107.568111332572073, 20.986828552196073 ], [ 107.567899529639703, 20.98386328236478 ] ] ], [ [ [ 107.549522771258921, 20.987236443307381 ], [ 107.54995551963151, 20.985807098618864 ], [ 107.548345188180065, 20.986829258163823 ], [ 107.549522771258921, 20.987236443307381 ] ] ], [ [ [ 107.572081781848794, 20.993275842306389 ], [ 107.572560663643799, 20.993791632278032 ], [ 107.572542636733374, 20.992966560958109 ], [ 107.572081781848794, 20.993275842306389 ] ] ], [ [ [ 107.556933146247729, 21.008022178780607 ], [ 107.556043521591334, 21.008323065856928 ], [ 107.556227010268401, 21.009021804013173 ], [ 107.556933146247729, 21.008022178780607 ] ] ], [ [ [ 107.551755942582872, 21.011404590149766 ], [ 107.549712547995796, 21.01030630299357 ], [ 107.550772924231183, 21.012010705329828 ], [ 107.551755942582872, 21.011404590149766 ] ] ], [ [ [ 107.559131356427145, 21.012839017806584 ], [ 107.559247270944979, 21.013521527696412 ], [ 107.559544041824097, 21.013358273765505 ], [ 107.559131356427145, 21.012839017806584 ] ] ], [ [ [ 107.550604843638723, 21.014477005209699 ], [ 107.551149965898389, 21.015078067998559 ], [ 107.551040423077154, 21.014255442834497 ], [ 107.550604843638723, 21.014477005209699 ] ] ], [ [ [ 107.543261650704608, 21.026251913295255 ], [ 107.54400520567583, 21.025681371697999 ], [ 107.54321626821627, 21.025428231427838 ], [ 107.543261650704608, 21.026251913295255 ] ] ], [ [ [ 107.555043748869991, 21.028712560936128 ], [ 107.555732327385101, 21.043253619059385 ], [ 107.55703628679521, 21.045093120251465 ], [ 107.56034281786674, 21.036677377858723 ], [ 107.555043748869991, 21.028712560936128 ] ] ], [ [ [ 107.561044098406512, 21.037619344856978 ], [ 107.562905249877531, 21.03627152191325 ], [ 107.561459110349745, 21.036132648602916 ], [ 107.561044098406512, 21.037619344856978 ] ] ], [ [ [ 107.547094981248449, 21.03389286096683 ], [ 107.540942444837981, 21.04124165757662 ], [ 107.546418638009811, 21.04395644013772 ], [ 107.547094981248449, 21.03389286096683 ] ] ], [ [ [ 107.563847448001468, 21.038426234583028 ], [ 107.565310314019825, 21.040974692028499 ], [ 107.564209649955444, 21.038145352925767 ], [ 107.563847448001468, 21.038426234583028 ] ] ], [ [ [ 107.545020090604794, 21.044055578702057 ], [ 107.544345897645201, 21.044180955886475 ], [ 107.544711465761623, 21.044706095210302 ], [ 107.545020090604794, 21.044055578702057 ] ] ], [ [ [ 107.631597948086949, 21.125540572739339 ], [ 107.576189347160664, 20.97978130636227 ], [ 107.563969959046517, 20.970410742961462 ], [ 107.589510544176392, 21.035084189284078 ], [ 107.586911507959712, 21.069587748875563 ], [ 107.631597948086949, 21.125540572739339 ] ] ], [ [ [ 107.523958849621408, 21.045249388248749 ], [ 107.525135401177863, 21.052314858843829 ], [ 107.527849745769288, 21.048478067708743 ], [ 107.523958849621408, 21.045249388248749 ] ] ], [ [ [ 107.552579546209245, 21.049848209127731 ], [ 107.55391047358961, 21.049808698312859 ], [ 107.553769569609926, 21.047644764894073 ], [ 107.552579546209245, 21.049848209127731 ] ] ], [ [ [ 107.564382386338139, 21.050098437393046 ], [ 107.562969992970864, 21.04994210914117 ], [ 107.563310489787398, 21.051397274264843 ], [ 107.564382386338139, 21.050098437393046 ] ] ], [ [ [ 107.579323353190318, 21.050579943409787 ], [ 107.579814302987756, 21.050876152212709 ], [ 107.579821717898028, 21.050584014640606 ], [ 107.579323353190318, 21.050579943409787 ] ] ], [ [ [ 107.529205719268589, 21.051857621032525 ], [ 107.527477126068675, 21.051458358916136 ], [ 107.527920481045555, 21.052669982234079 ], [ 107.529205719268589, 21.051857621032525 ] ] ], [ [ [ 107.541216701189853, 21.054320533166106 ], [ 107.536801297941679, 21.055156944937096 ], [ 107.5393921548241, 21.059162562202516 ], [ 107.541216701189853, 21.054320533166106 ] ] ], [ [ [ 107.560716855798432, 21.058437071913488 ], [ 107.560998463208705, 21.059347533861626 ], [ 107.561419964659649, 21.059108367257465 ], [ 107.560716855798432, 21.058437071913488 ] ] ], [ [ [ 107.580223437861434, 21.05933143869504 ], [ 107.580943159898993, 21.060009162392987 ], [ 107.581145410232637, 21.059563405327083 ], [ 107.580223437861434, 21.05933143869504 ] ] ], [ [ [ 107.543024569628244, 21.062299640316212 ], [ 107.54135769869896, 21.059160679022114 ], [ 107.542705735681295, 21.062524497807431 ], [ 107.543024569628244, 21.062299640316212 ] ] ], [ [ [ 107.540727042818901, 21.060023005657285 ], [ 107.54018827337012, 21.059398264618324 ], [ 107.540141899828882, 21.060114273355055 ], [ 107.540727042818901, 21.060023005657285 ] ] ], [ [ [ 107.558238424064086, 21.069723152601455 ], [ 107.547507038918752, 21.058527687602862 ], [ 107.556760174242697, 21.070169977162834 ], [ 107.558238424064086, 21.069723152601455 ] ] ], [ [ [ 107.547061376281647, 21.061606306186206 ], [ 107.548448987031179, 21.062122047594528 ], [ 107.547335013000634, 21.060446636703091 ], [ 107.547061376281647, 21.061606306186206 ] ] ], [ [ [ 107.568484746373997, 21.063906889791269 ], [ 107.567806931844473, 21.066586794844852 ], [ 107.568166056318489, 21.066802340755601 ], [ 107.568484746373997, 21.063906889791269 ] ] ], [ [ [ 107.536812810163042, 21.065949937239964 ], [ 107.53720396938769, 21.064788430441865 ], [ 107.536577140122972, 21.064742824921609 ], [ 107.536812810163042, 21.065949937239964 ] ] ], [ [ [ 107.571217867910377, 21.063499638997257 ], [ 107.574164085604195, 21.067459434905174 ], [ 107.575466433429312, 21.062253317136992 ], [ 107.571217867910377, 21.063499638997257 ] ] ], [ [ [ 107.534615125187884, 21.065542518272593 ], [ 107.534611782407978, 21.068807610383089 ], [ 107.535699131110107, 21.067177215056404 ], [ 107.534615125187884, 21.065542518272593 ] ] ], [ [ [ 107.54933692995553, 21.066862660083757 ], [ 107.547173476774617, 21.068810792184365 ], [ 107.549467398202012, 21.068076019093155 ], [ 107.54933692995553, 21.066862660083757 ] ] ], [ [ [ 107.571056319093884, 21.068703349280213 ], [ 107.570814280055117, 21.069628221065614 ], [ 107.571228193026741, 21.069463706285148 ], [ 107.571056319093884, 21.068703349280213 ] ] ], [ [ [ 107.550534334991596, 21.070099296745241 ], [ 107.551391826871395, 21.070148239649711 ], [ 107.551142547390782, 21.069698827738819 ], [ 107.550534334991596, 21.070099296745241 ] ] ], [ [ [ 107.558704263890718, 21.071164068866722 ], [ 107.558226257136141, 21.070365612083378 ], [ 107.558046792925211, 21.070738516869142 ], [ 107.558704263890718, 21.071164068866722 ] ] ], [ [ [ 107.571241048835475, 21.073669275217014 ], [ 107.572207775968081, 21.071030747970724 ], [ 107.572121672177502, 21.070641185042632 ], [ 107.571241048835475, 21.073669275217014 ] ] ], [ [ [ 107.563064973070027, 21.079766631924713 ], [ 107.563968295300754, 21.079395327932161 ], [ 107.563147336580357, 21.079435178690574 ], [ 107.563064973070027, 21.079766631924713 ] ] ], [ [ [ 107.579007183035174, 21.079822858438263 ], [ 107.578279735821241, 21.079833828368464 ], [ 107.578546679785575, 21.080244016348445 ], [ 107.579007183035174, 21.079822858438263 ] ] ], [ [ [ 107.571978248297626, 21.080563015770679 ], [ 107.575960224185167, 21.077919972129109 ], [ 107.57351331099062, 21.076154066956803 ], [ 107.571978248297626, 21.080563015770679 ] ] ], [ [ [ 107.526572275889862, 21.080382958007135 ], [ 107.52570530965238, 21.081166343052303 ], [ 107.526678994839813, 21.081482056351945 ], [ 107.526572275889862, 21.080382958007135 ] ] ], [ [ [ 107.57682187093269, 21.085289665385858 ], [ 107.579873762564205, 21.08647624708118 ], [ 107.578075167035308, 21.084288301763763 ], [ 107.57682187093269, 21.085289665385858 ] ] ], [ [ [ 107.528870857603977, 21.086508411334307 ], [ 107.526038903272877, 21.087791321212535 ], [ 107.526248078386175, 21.090636650261331 ], [ 107.528058812064558, 21.090199734430371 ], [ 107.527242138613929, 21.088172665236414 ], [ 107.528870857603977, 21.086508411334307 ] ] ], [ [ [ 107.528189748857869, 21.087905866062954 ], [ 107.527861345225062, 21.08774791093731 ], [ 107.527909975165301, 21.08805266689717 ], [ 107.528189748857869, 21.087905866062954 ] ] ], [ [ [ 107.581315097913603, 21.084761582580995 ], [ 107.584886458643211, 21.091499292558296 ], [ 107.582817022387815, 21.083965470330384 ], [ 107.581315097913603, 21.084761582580995 ] ] ], [ [ [ 107.530935952831953, 21.088862039651588 ], [ 107.531177333567086, 21.088167948292266 ], [ 107.530742812630706, 21.088325457354074 ], [ 107.530935952831953, 21.088862039651588 ] ] ], [ [ [ 107.528546440665878, 21.09045127210868 ], [ 107.529873659242014, 21.091359466865981 ], [ 107.528677139138722, 21.090017822264656 ], [ 107.528546440665878, 21.09045127210868 ] ] ], [ [ [ 107.598183489976122, 21.092910836066324 ], [ 107.597747766646194, 21.092374911173238 ], [ 107.597749074260435, 21.093029065439111 ], [ 107.598183489976122, 21.092910836066324 ] ] ], [ [ [ 107.57994612201594, 21.121029540081338 ], [ 107.569365440762681, 21.08269787320836 ], [ 107.558680985838862, 21.087633270758886 ], [ 107.542565606917208, 21.087339119604792 ], [ 107.561634461961035, 21.083612724747582 ], [ 107.558927053840591, 21.072881716418181 ], [ 107.54604330955118, 21.070998233881483 ], [ 107.538705001734513, 21.064490834884225 ], [ 107.53733101391532, 21.076315303708441 ], [ 107.52507318787741, 21.078493045317884 ], [ 107.541366136138322, 21.091002798440513 ], [ 107.554783146025443, 21.118783450895592 ], [ 107.555946041376842, 21.113001603341445 ], [ 107.571844823080255, 21.110793630122032 ], [ 107.57994612201594, 21.121029540081338 ] ] ], [ [ [ 107.583171481179022, 21.096729263045233 ], [ 107.583846509608804, 21.097095215172146 ], [ 107.583343265179735, 21.096350493780392 ], [ 107.583171481179022, 21.096729263045233 ] ] ], [ [ [ 107.583057520888019, 21.094003702109148 ], [ 107.588496942579923, 21.100472522888651 ], [ 107.583989271587711, 21.092463863116848 ], [ 107.583057520888019, 21.094003702109148 ] ] ], [ [ [ 107.53421910512759, 21.099623385710856 ], [ 107.533740994051698, 21.09926186634209 ], [ 107.53377225358679, 21.099556405104181 ], [ 107.53421910512759, 21.099623385710856 ] ] ], [ [ [ 107.54414843800015, 21.104449280909648 ], [ 107.544710767887693, 21.104308409305702 ], [ 107.544142498877363, 21.104096318590393 ], [ 107.54414843800015, 21.104449280909648 ] ] ], [ [ [ 107.539061314927835, 21.104640409327487 ], [ 107.540004862034948, 21.104904301892134 ], [ 107.539129486236959, 21.104291842894327 ], [ 107.539061314927835, 21.104640409327487 ] ] ], [ [ [ 107.535911776707223, 21.105236964714265 ], [ 107.535170462846622, 21.105486465428214 ], [ 107.535425495290497, 21.105946102630639 ], [ 107.535911776707223, 21.105236964714265 ] ] ], [ [ [ 107.539055550273474, 21.108660724213109 ], [ 107.53774383421063, 21.107104692028031 ], [ 107.537280867717925, 21.110402015840407 ], [ 107.539055550273474, 21.108660724213109 ] ] ], [ [ [ 107.539835354218269, 21.109460032654567 ], [ 107.539296891438482, 21.109769340083119 ], [ 107.539894318268296, 21.110015309159337 ], [ 107.539835354218269, 21.109460032654567 ] ] ], [ [ [ 107.544114356392583, 21.109639109257557 ], [ 107.54523959982771, 21.11039853816203 ], [ 107.544402838220492, 21.109159772405746 ], [ 107.544114356392583, 21.109639109257557 ] ] ], [ [ [ 107.601085975437513, 21.112498176349789 ], [ 107.597593566190199, 21.111955725976088 ], [ 107.600624672690572, 21.112997578875309 ], [ 107.601085975437513, 21.112498176349789 ] ] ], [ [ [ 107.568072312787137, 21.11263170139199 ], [ 107.570771547868617, 21.112669926176238 ], [ 107.57130829114476, 21.112356757958082 ], [ 107.56929577657894, 21.111619098942299 ], [ 107.568072312787137, 21.11263170139199 ] ] ], [ [ [ 107.543591045390542, 21.11663321864819 ], [ 107.540678384100261, 21.113965913995855 ], [ 107.543333502938822, 21.117471279775884 ], [ 107.543591045390542, 21.11663321864819 ] ] ], [ [ [ 107.549925813225855, 21.115599601740257 ], [ 107.548572022381052, 21.115932766384219 ], [ 107.549545830775514, 21.116509021374213 ], [ 107.549925813225855, 21.115599601740257 ] ] ], [ [ [ 107.525969675260399, 21.116690214981531 ], [ 107.526420819265581, 21.115312167622506 ], [ 107.525548118950724, 21.115139944752741 ], [ 107.525969675260399, 21.116690214981531 ] ] ], [ [ [ 107.602098505042022, 21.11841782702129 ], [ 107.602423884254847, 21.118971856166354 ], [ 107.602663648009127, 21.118639326443827 ], [ 107.602098505042022, 21.11841782702129 ] ] ], [ [ [ 107.545393598835574, 21.119421596329687 ], [ 107.544418795790875, 21.118787377335707 ], [ 107.54492604490116, 21.119544440124002 ], [ 107.545393598835574, 21.119421596329687 ] ] ], [ [ [ 107.552124327375964, 21.119853164791891 ], [ 107.551506931100164, 21.119885576358286 ], [ 107.551980825254986, 21.120133359367173 ], [ 107.552124327375964, 21.119853164791891 ] ] ], [ [ [ 107.554394967153996, 21.121815710326871 ], [ 107.553452812197634, 21.121974260803597 ], [ 107.553679712049075, 21.122356656134798 ], [ 107.554394967153996, 21.121815710326871 ] ] ], [ [ [ 107.608956005615312, 21.121411654824044 ], [ 107.607321173933201, 21.118189551206854 ], [ 107.60308260168091, 21.120540154204775 ], [ 107.608500496300962, 21.1214392541184 ], [ 107.605703407786166, 21.125477654370343 ], [ 107.60727425989927, 21.125034177984901 ], [ 107.607346668813875, 21.127671940807488 ], [ 107.609439307577986, 21.128478192914372 ], [ 107.608956005615312, 21.121411654824044 ] ] ], [ [ [ 107.581039631074191, 21.122544378820066 ], [ 107.582795481826111, 21.12585935632427 ], [ 107.583223428718441, 21.125782779052088 ], [ 107.581039631074191, 21.122544378820066 ] ] ], [ [ [ 107.609767391951721, 21.12768401870261 ], [ 107.609729043960272, 21.126993975191908 ], [ 107.609442685431759, 21.127171068789835 ], [ 107.609767391951721, 21.12768401870261 ] ] ], [ [ [ 107.577633206007761, 21.127908601900515 ], [ 107.555813028948194, 21.127690944381698 ], [ 107.580372842232975, 21.13880926013934 ], [ 107.577633206007761, 21.127908601900515 ] ] ], [ [ [ 107.552188104597462, 21.129352531794041 ], [ 107.552053001245156, 21.128682597124339 ], [ 107.551807472836686, 21.128779005346928 ], [ 107.552188104597462, 21.129352531794041 ] ] ], [ [ [ 107.609244825588405, 21.129393702757227 ], [ 107.608997832184343, 21.128805627977385 ], [ 107.608819244812423, 21.129128919863831 ], [ 107.609244825588405, 21.129393702757227 ] ] ], [ [ [ 107.590012400951707, 21.130140303732219 ], [ 107.591766774117389, 21.132905810754721 ], [ 107.592429914409024, 21.132787244136125 ], [ 107.590012400951707, 21.130140303732219 ] ] ], [ [ [ 107.542978767156569, 21.142856616739607 ], [ 107.542946689238477, 21.142009818698341 ], [ 107.542534993095501, 21.142057257936074 ], [ 107.542978767156569, 21.142856616739607 ] ] ], [ [ [ 107.548799281961465, 21.146602913593654 ], [ 107.549082592687625, 21.145828457916991 ], [ 107.548217887345629, 21.145847260942446 ], [ 107.548799281961465, 21.146602913593654 ] ] ], [ [ [ 107.532977648599797, 21.146257391365623 ], [ 107.534270894386339, 21.146251112299069 ], [ 107.533115625285859, 21.145369132779251 ], [ 107.532977648599797, 21.146257391365623 ] ] ], [ [ [ 107.528444899112912, 21.148065177965634 ], [ 107.526104054658504, 21.146898090874345 ], [ 107.527724481899384, 21.148805877589268 ], [ 107.528444899112912, 21.148065177965634 ] ] ], [ [ [ 107.585545084338207, 21.144720980588886 ], [ 107.581211914198491, 21.149597926702995 ], [ 107.589886342081172, 21.154946240776383 ], [ 107.585545084338207, 21.144720980588886 ] ] ], [ [ [ 107.551796975949799, 21.148468655204283 ], [ 107.551433319792011, 21.148879633688239 ], [ 107.551966176198107, 21.148964122296547 ], [ 107.551796975949799, 21.148468655204283 ] ] ], [ [ [ 107.532562467584, 21.150617116686647 ], [ 107.533731452244922, 21.150982720776028 ], [ 107.533891528870981, 21.150633139907598 ], [ 107.532562467584, 21.150617116686647 ] ] ], [ [ [ 107.537320675309104, 21.15315653594547 ], [ 107.538958338056887, 21.15327557920466 ], [ 107.537014412085568, 21.152430567216982 ], [ 107.537320675309104, 21.15315653594547 ] ] ], [ [ [ 107.530133948223295, 21.15358745779497 ], [ 107.530820344083793, 21.152619138862235 ], [ 107.529599563868942, 21.152960754435355 ], [ 107.530133948223295, 21.15358745779497 ] ] ], [ [ [ 107.533300087928751, 21.153420365557508 ], [ 107.532558202099324, 21.154126021299021 ], [ 107.533288678229951, 21.15424687939003 ], [ 107.533300087928751, 21.153420365557508 ] ] ], [ [ [ 107.589689696322466, 21.155818173969635 ], [ 107.588924977605643, 21.1557107292669 ], [ 107.589525053838258, 21.156098631147074 ], [ 107.589689696322466, 21.155818173969635 ] ] ], [ [ [ 107.58304095537585, 21.210868877996404 ], [ 107.573606237937611, 21.210891072365257 ], [ 107.588452039430138, 21.216571588807881 ], [ 107.58304095537585, 21.210868877996404 ] ] ], [ [ [ 107.600255637687667, 21.23181212433019 ], [ 107.581467870246172, 21.223097827702645 ], [ 107.579046739715409, 21.224030775400024 ], [ 107.600255637687667, 21.23181212433019 ] ] ], [ [ [ 107.590521047608433, 21.232684456822312 ], [ 107.589601649096949, 21.23304538713495 ], [ 107.590556899981038, 21.23297294404631 ], [ 107.590521047608433, 21.232684456822312 ] ] ], [ [ [ 107.599794049855518, 21.236098437093233 ], [ 107.598280870365897, 21.234268129670625 ], [ 107.598005721886636, 21.235613107159338 ], [ 107.599794049855518, 21.236098437093233 ] ] ], [ [ [ 107.589109055338611, 21.239628761758013 ], [ 107.590975053256216, 21.23571218277101 ], [ 107.58729902133291, 21.237423962246169 ], [ 107.589109055338611, 21.239628761758013 ] ] ], [ [ [ 107.607140623341081, 21.247847273832804 ], [ 107.606225453441937, 21.246690855398754 ], [ 107.6060206948992, 21.247329857886655 ], [ 107.607140623341081, 21.247847273832804 ] ] ], [ [ [ 107.546332089954149, 21.253670411060682 ], [ 107.537481813135173, 21.256542273707055 ], [ 107.5449933411698, 21.254867573280023 ], [ 107.546332089954149, 21.253670411060682 ] ] ], [ [ [ 107.573351306218001, 21.257259272597537 ], [ 107.570793386106004, 21.257473424558953 ], [ 107.569984368583846, 21.258734539367595 ], [ 107.573351306218001, 21.257259272597537 ] ] ], [ [ [ 107.577860384649171, 21.259103355835293 ], [ 107.577848488417033, 21.259722015658554 ], [ 107.578389814638228, 21.259329404928167 ], [ 107.577860384649171, 21.259103355835293 ] ] ], [ [ [ 107.537632545805423, 21.260871776411477 ], [ 107.538138180632586, 21.261793817130979 ], [ 107.539084017413586, 21.260550549368475 ], [ 107.537632545805423, 21.260871776411477 ] ] ], [ [ [ 107.543317077721042, 21.267183295872542 ], [ 107.541097040995737, 21.257717800935836 ], [ 107.539112570888562, 21.265034642834621 ], [ 107.543317077721042, 21.267183295872542 ] ] ], [ [ [ 107.539559908962701, 21.261841405656469 ], [ 107.539185144379076, 21.262590936622473 ], [ 107.539809753217696, 21.26203176335531 ], [ 107.539559908962701, 21.261841405656469 ] ] ], [ [ [ 107.532321811702275, 21.264387900781117 ], [ 107.533578167298742, 21.262553335967823 ], [ 107.531793572415495, 21.263402804096188 ], [ 107.532321811702275, 21.264387900781117 ] ] ], [ [ [ 107.536842390663935, 21.265671620049261 ], [ 107.537633562039275, 21.265516954643772 ], [ 107.53727069368756, 21.265225470878818 ], [ 107.536842390663935, 21.265671620049261 ] ] ], [ [ [ 107.58085226002396, 21.267188763750596 ], [ 107.559382284364972, 21.253749965088957 ], [ 107.546219205252214, 21.265891958447241 ], [ 107.568538549214736, 21.277349063208874 ], [ 107.58085226002396, 21.267188763750596 ] ] ], [ [ [ 107.538490168086923, 21.265998796107738 ], [ 107.538032121785022, 21.266427099131363 ], [ 107.538621038330234, 21.266409252984772 ], [ 107.538490168086923, 21.265998796107738 ] ] ], [ [ [ 107.538139838982488, 21.270411452826352 ], [ 107.538068455295104, 21.270054534389317 ], [ 107.537711535958692, 21.270304376845559 ], [ 107.538139838982488, 21.270411452826352 ] ] ], [ [ [ 107.530965763559209, 21.270923036668819 ], [ 107.530870584709874, 21.270018842095965 ], [ 107.530394693160758, 21.270340069138967 ], [ 107.530965763559209, 21.270923036668819 ] ] ], [ [ [ 107.532833641059881, 21.271303751167352 ], [ 107.532060315830961, 21.271077702074479 ], [ 107.532238774599762, 21.271553593623594 ], [ 107.532833641059881, 21.271303751167352 ] ] ], [ [ [ 107.531179914621418, 21.272493481389233 ], [ 107.530406590292046, 21.271303751167352 ], [ 107.529431011132374, 21.271672566735674 ], [ 107.531179914621418, 21.272493481389233 ] ] ], [ [ [ 107.526670837089625, 21.272945578675603 ], [ 107.526230636035166, 21.274682585932737 ], [ 107.527325188306918, 21.274016335785234 ], [ 107.526670837089625, 21.272945578675603 ] ] ], [ [ [ 107.536934642220046, 21.274976449303722 ], [ 107.535000140244335, 21.275112077860285 ], [ 107.536927503401614, 21.27520487710342 ], [ 107.536934642220046, 21.274976449303722 ] ] ], [ [ [ 107.528422120184871, 21.279404625623044 ], [ 107.529200203726475, 21.279640193140551 ], [ 107.528971775027571, 21.278797862931015 ], [ 107.528422120184871, 21.279404625623044 ] ] ], [ [ [ 107.54964370039653, 21.280854044978241 ], [ 107.558757035209055, 21.280919479650322 ], [ 107.553778013344697, 21.277873769958603 ], [ 107.54964370039653, 21.280854044978241 ] ] ], [ [ [ 107.529886440407097, 21.280682395875999 ], [ 107.529543797808174, 21.281553278660908 ], [ 107.530357572743981, 21.280853717625007 ], [ 107.529886440407097, 21.280682395875999 ] ] ], [ [ [ 107.552587093319744, 21.282725490988639 ], [ 107.553943386078515, 21.283100255572492 ], [ 107.552926165610131, 21.282463749602414 ], [ 107.552587093319744, 21.282725490988639 ] ] ], [ [ [ 107.532392012781202, 21.282052966271522 ], [ 107.533327141334667, 21.284437185927516 ], [ 107.534811923831228, 21.282138626696394 ], [ 107.532392012781202, 21.282052966271522 ] ] ], [ [ [ 107.787150938565105, 20.977980508393898 ], [ 107.78522805583026, 20.974871147385613 ], [ 107.785582735854632, 20.978110420859423 ], [ 107.787150938565105, 20.977980508393898 ] ] ], [ [ [ 107.810469301617104, 20.980106594743518 ], [ 107.803495128397572, 20.981404433368027 ], [ 107.810181413341752, 20.987162727677855 ], [ 107.810469301617104, 20.980106594743518 ] ] ], [ [ [ 107.749485901353466, 21.02367255874168 ], [ 107.786357773392638, 20.990916103995175 ], [ 107.782737354645235, 20.982287744783662 ], [ 107.764853283552384, 20.999050510572602 ], [ 107.759391073039694, 20.983048688146596 ], [ 107.780620129315594, 20.971710757045912 ], [ 107.73828918090112, 20.943693642247979 ], [ 107.762502745305483, 20.972104268896942 ], [ 107.735636850860033, 20.991280827648211 ], [ 107.735972794409122, 21.013373019049595 ], [ 107.749485901353466, 21.02367255874168 ] ] ], [ [ [ 107.79867671915531, 20.98390286692387 ], [ 107.802317294407771, 20.986877192928205 ], [ 107.803197694717937, 20.983974250611311 ], [ 107.79867671915531, 20.98390286692387 ] ] ], [ [ [ 107.842003412227882, 21.008539924777779 ], [ 107.840715735043261, 21.00939540127689 ], [ 107.842018081969002, 21.009318040695121 ], [ 107.842003412227882, 21.008539924777779 ] ] ], [ [ [ 107.862936879333574, 21.024341073381947 ], [ 107.843722092200949, 21.017075325565941 ], [ 107.822315673429671, 20.983908320412752 ], [ 107.80524303993451, 20.992426789664705 ], [ 107.836211249449661, 21.043118352030319 ], [ 107.859815025842806, 21.042786655080249 ], [ 107.862936879333574, 21.024341073381947 ] ] ], [ [ [ 107.810314543581399, 21.014686263959959 ], [ 107.811538679166802, 21.014542733960127 ], [ 107.81038979075629, 21.014027316307761 ], [ 107.810314543581399, 21.014686263959959 ] ] ], [ [ [ 107.815123035999306, 21.016415277143437 ], [ 107.813452292589375, 21.016114130162975 ], [ 107.814082532083205, 21.017007981633185 ], [ 107.815123035999306, 21.016415277143437 ] ] ], [ [ [ 107.767585390653323, 21.032052366024061 ], [ 107.768534731192972, 21.032353078631786 ], [ 107.768492862355913, 21.031911129295281 ], [ 107.767585390653323, 21.032052366024061 ] ] ], [ [ [ 107.795718063837739, 21.033581779175904 ], [ 107.795038528005705, 21.035784781842267 ], [ 107.79631512194544, 21.03514929840145 ], [ 107.795718063837739, 21.033581779175904 ] ] ], [ [ [ 107.825025893730128, 21.036936632619472 ], [ 107.81971120620733, 21.032308860765397 ], [ 107.819010890640243, 21.037793544436568 ], [ 107.825025893730128, 21.036936632619472 ] ] ], [ [ [ 107.777233154786302, 21.05083250541594 ], [ 107.773957968685352, 21.033956210111057 ], [ 107.76194273926609, 21.032843779316977 ], [ 107.777233154786302, 21.05083250541594 ] ] ], [ [ [ 107.836980358656717, 21.046672164289021 ], [ 107.83686396030356, 21.045835728236341 ], [ 107.835978369106556, 21.04568282460275 ], [ 107.836980358656717, 21.046672164289021 ] ] ], [ [ [ 107.757180225587035, 21.047797700903345 ], [ 107.757861310950773, 21.047857584060296 ], [ 107.757194199252979, 21.047531838823431 ], [ 107.757180225587035, 21.047797700903345 ] ] ], [ [ [ 107.756148663629915, 21.049344986282279 ], [ 107.756899028267583, 21.049506101625411 ], [ 107.7562162395879, 21.04891082237674 ], [ 107.756148663629915, 21.049344986282279 ] ] ], [ [ [ 107.754463201015994, 21.049644471315332 ], [ 107.755681698751459, 21.053169658153251 ], [ 107.755568541555135, 21.048360549699737 ], [ 107.756938012978992, 21.04674992596847 ], [ 107.754463201015994, 21.049644471315332 ] ] ], [ [ [ 107.844755174012164, 21.050209411035553 ], [ 107.845044853737193, 21.05101910664655 ], [ 107.845309676200657, 21.05052160618726 ], [ 107.844755174012164, 21.050209411035553 ] ] ], [ [ [ 107.852035365839527, 21.05231627977264 ], [ 107.852587504609744, 21.050519786858729 ], [ 107.850214180240357, 21.050972109875147 ], [ 107.852035365839527, 21.05231627977264 ] ] ], [ [ [ 107.866361158640586, 21.054701104672347 ], [ 107.863485195085843, 21.060588336582498 ], [ 107.865694069425786, 21.061220461954804 ], [ 107.866361158640586, 21.054701104672347 ] ] ], [ [ [ 107.776246869197848, 21.073779729051353 ], [ 107.769281253926749, 21.069301232965699 ], [ 107.774438478253273, 21.0753025843469 ], [ 107.776246869197848, 21.073779729051353 ] ] ], [ [ [ 107.821081871931028, 21.072779547138566 ], [ 107.821371592125331, 21.074720555709177 ], [ 107.822203732116577, 21.073235451255186 ], [ 107.821081871931028, 21.072779547138566 ] ] ], [ [ [ 107.820838587331082, 21.074974377665512 ], [ 107.820330819312005, 21.075418307309121 ], [ 107.820821335636253, 21.075434337724687 ], [ 107.820838587331082, 21.074974377665512 ] ] ], [ [ [ 107.824909471994602, 21.102192182223575 ], [ 107.827430289676329, 21.103204499588117 ], [ 107.824784872723797, 21.101677816777851 ], [ 107.824909471994602, 21.102192182223575 ] ] ], [ [ [ 107.802995426397956, 21.102544201154046 ], [ 107.812113521322033, 21.113546829023107 ], [ 107.819518171226662, 21.11569435700909 ], [ 107.821060293597782, 21.109492226585132 ], [ 107.802995426397956, 21.102544201154046 ] ] ], [ [ [ 107.614796861286266, 21.113257545899046 ], [ 107.614233483688508, 21.111524897656068 ], [ 107.61312617543274, 21.112626813576696 ], [ 107.614796861286266, 21.113257545899046 ] ] ], [ [ [ 107.61817286228785, 21.11842752531021 ], [ 107.617526987180838, 21.119470071586704 ], [ 107.618016298413636, 21.11965992296723 ], [ 107.61817286228785, 21.11842752531021 ] ] ], [ [ [ 107.619278359308851, 21.120505974571074 ], [ 107.620056530084867, 21.123303133233094 ], [ 107.62041517522033, 21.123434245394265 ], [ 107.619278359308851, 21.120505974571074 ] ] ], [ [ [ 107.611208453007805, 21.127341168360374 ], [ 107.61272454720023, 21.126775180030563 ], [ 107.611646522668877, 21.125312063101262 ], [ 107.611208453007805, 21.127341168360374 ] ] ], [ [ [ 107.858844949634829, 21.12881601874443 ], [ 107.855477944551581, 21.134153408752979 ], [ 107.861406181949803, 21.128032121085653 ], [ 107.858844949634829, 21.12881601874443 ] ] ], [ [ [ 107.802874669030814, 21.131341628013843 ], [ 107.792359044734155, 21.129324263404101 ], [ 107.797492328208364, 21.134825159153877 ], [ 107.802874669030814, 21.131341628013843 ] ] ], [ [ [ 107.616163178787872, 21.13216481705274 ], [ 107.615615595983002, 21.133756472283494 ], [ 107.616151288851029, 21.134334567286487 ], [ 107.616163178787872, 21.13216481705274 ] ] ], [ [ [ 107.644551057985097, 21.138935874790889 ], [ 107.644687444669955, 21.132695320832511 ], [ 107.643166665908893, 21.132553620053557 ], [ 107.644551057985097, 21.138935874790889 ] ] ], [ [ [ 107.848795003286796, 21.133833185353353 ], [ 107.849246964775659, 21.141868728559075 ], [ 107.85483568921569, 21.134128323063692 ], [ 107.848795003286796, 21.133833185353353 ] ] ], [ [ [ 107.868856646017491, 21.138972622888275 ], [ 107.866784584640982, 21.148166777075232 ], [ 107.871480331751968, 21.141698145153384 ], [ 107.868856646017491, 21.138972622888275 ] ] ], [ [ [ 107.84628219496733, 21.1498447402426 ], [ 107.844781782253449, 21.145953589586668 ], [ 107.842237326791292, 21.146977065739009 ], [ 107.84628219496733, 21.1498447402426 ] ] ], [ [ [ 107.861136030103808, 21.154689976261579 ], [ 107.853563769052755, 21.157067772060202 ], [ 107.864264549369523, 21.159536567558575 ], [ 107.861136030103808, 21.154689976261579 ] ] ], [ [ [ 107.868262026871037, 21.166249288074368 ], [ 107.862804737448755, 21.163212292813228 ], [ 107.860403587155929, 21.16134923567887 ], [ 107.862100564689342, 21.164215284208069 ], [ 107.868262026871037, 21.166249288074368 ] ] ], [ [ [ 107.654839813906449, 21.143184654348431 ], [ 107.661692771104583, 21.190867006906842 ], [ 107.680395175796718, 21.215843911367472 ], [ 107.666393194690272, 21.1450111639341 ], [ 107.654839813906449, 21.143184654348431 ] ] ], [ [ [ 107.623683659573373, 21.17712256465461 ], [ 107.622680353415717, 21.180252324984792 ], [ 107.62472633355361, 21.180405055948711 ], [ 107.623683659573373, 21.17712256465461 ] ] ], [ [ [ 107.620381463234082, 21.18166943079973 ], [ 107.626784352915649, 21.192413644773865 ], [ 107.617435731174169, 21.172054773409116 ], [ 107.620381463234082, 21.18166943079973 ] ] ], [ [ [ 108.019354773004466, 21.188529920719361 ], [ 108.015641373350718, 21.196006349113759 ], [ 108.021406648198308, 21.191769043106888 ], [ 108.019354773004466, 21.188529920719361 ] ] ], [ [ [ 108.012288641407849, 21.200312982957826 ], [ 108.012736538860281, 21.201972419191918 ], [ 108.013382198129989, 21.201914056788326 ], [ 108.012288641407849, 21.200312982957826 ] ] ], [ [ [ 108.019930481206814, 21.201384419955048 ], [ 108.019611464697448, 21.200996125970562 ], [ 108.019482088227903, 21.201257077751961 ], [ 108.019930481206814, 21.201384419955048 ] ] ], [ [ [ 108.023750581824004, 21.203286929448325 ], [ 108.023860546427272, 21.202330638948013 ], [ 108.022898777256842, 21.20229561844809 ], [ 108.023750581824004, 21.203286929448325 ] ] ], [ [ [ 108.015676758075927, 21.204182129002106 ], [ 108.015371967942031, 21.204263380950351 ], [ 108.015635972022665, 21.204420829757623 ], [ 108.015676758075927, 21.204182129002106 ] ] ], [ [ [ 108.007830556335193, 21.204754965669224 ], [ 108.009193164133308, 21.204300844008799 ], [ 108.007887834156406, 21.204056631308617 ], [ 108.007830556335193, 21.204754965669224 ] ] ], [ [ [ 108.013153328763167, 21.202415835322597 ], [ 108.011590158659033, 21.206845820178501 ], [ 108.015600712303069, 21.206259446916022 ], [ 108.013153328763167, 21.202415835322597 ] ] ], [ [ [ 107.666568980674072, 21.21513455041935 ], [ 107.666181488884661, 21.216628848642642 ], [ 107.666802030089741, 21.217212163310876 ], [ 107.666568980674072, 21.21513455041935 ] ] ], [ [ [ 107.681608624738431, 21.221488071817248 ], [ 107.696953534677903, 21.233706050693854 ], [ 107.681877156905387, 21.219574927840824 ], [ 107.681608624738431, 21.221488071817248 ] ] ], [ [ [ 107.612698493840583, 21.228831099275851 ], [ 107.617598714409269, 21.228112055327188 ], [ 107.612920632681039, 21.226838097300458 ], [ 107.612698493840583, 21.228831099275851 ] ] ], [ [ [ 107.620166036033879, 21.233172481125223 ], [ 107.620219196758626, 21.232024828383146 ], [ 107.619727141694341, 21.231894906924481 ], [ 107.620166036033879, 21.233172481125223 ] ] ], [ [ [ 107.982030960160728, 21.23411759485117 ], [ 107.981780185107539, 21.233727299875113 ], [ 107.981788799713456, 21.2341554500141 ], [ 107.982030960160728, 21.23411759485117 ] ] ], [ [ [ 107.61825367266897, 21.23441780204007 ], [ 107.617331967396524, 21.234913770953824 ], [ 107.618456805237543, 21.234827523271576 ], [ 107.61825367266897, 21.23441780204007 ] ] ], [ [ [ 107.634845687778352, 21.233340891768876 ], [ 107.627840274808818, 21.237611187606376 ], [ 107.640533825975467, 21.243447132079666 ], [ 107.634845687778352, 21.233340891768876 ] ] ], [ [ [ 107.972227124082622, 21.249045738270183 ], [ 107.978021402965453, 21.229563399231608 ], [ 107.947396451185455, 21.235590396579596 ], [ 107.972227124082622, 21.249045738270183 ] ] ], [ [ [ 107.983514274963966, 21.240613451949287 ], [ 107.983713463106028, 21.242028305861709 ], [ 107.984707320986104, 21.242085881358435 ], [ 107.983514274963966, 21.240613451949287 ] ] ], [ [ [ 107.977646266062436, 21.243733955557673 ], [ 107.979030537629285, 21.244894319317439 ], [ 107.978667651291062, 21.243051606646418 ], [ 107.977646266062436, 21.243733955557673 ] ] ], [ [ [ 107.631440850914714, 21.251767370068194 ], [ 107.641140523016873, 21.25449964893977 ], [ 107.615284197607764, 21.233703936387599 ], [ 107.607350284987717, 21.240986033878471 ], [ 107.591589452991059, 21.237321325318931 ], [ 107.643129222635707, 21.260450917076184 ], [ 107.631440850914714, 21.251767370068194 ] ] ], [ [ [ 107.974160373302709, 21.249705069933043 ], [ 107.97345896865653, 21.249019761353054 ], [ 107.973322951592991, 21.249370961001091 ], [ 107.974160373302709, 21.249705069933043 ] ] ], [ [ [ 107.978179078401922, 21.250090264854009 ], [ 107.978596274798292, 21.249465611948608 ], [ 107.978055377553744, 21.249636261904129 ], [ 107.978179078401922, 21.250090264854009 ] ] ], [ [ [ 107.974231524965091, 21.250401411396126 ], [ 107.974976229269714, 21.250388352340622 ], [ 107.974335973126642, 21.249889769097649 ], [ 107.974231524965091, 21.250401411396126 ] ] ], [ [ [ 107.643731036358304, 21.256470559968477 ], [ 107.64454552085914, 21.255790451268467 ], [ 107.643032928626837, 21.255680687214067 ], [ 107.643731036358304, 21.256470559968477 ] ] ], [ [ [ 107.675454842766953, 21.256318307443905 ], [ 107.675626686122655, 21.260570472049778 ], [ 107.680146157119566, 21.260346072313439 ], [ 107.675454842766953, 21.256318307443905 ] ] ], [ [ [ 107.67377270404711, 21.260714907667023 ], [ 107.673854528863501, 21.259977877277208 ], [ 107.673272037974243, 21.260678264790215 ], [ 107.67377270404711, 21.260714907667023 ] ] ], [ [ [ 107.679938158319544, 21.263042631912015 ], [ 107.679203764742113, 21.263914336677431 ], [ 107.680399983572443, 21.264038729104129 ], [ 107.679938158319544, 21.263042631912015 ] ] ], [ [ [ 107.692389460904963, 21.265918893142441 ], [ 107.680913012625467, 21.264467793853726 ], [ 107.696289638056328, 21.27113678483488 ], [ 107.692389460904963, 21.265918893142441 ] ] ], [ [ [ 107.648912680875696, 21.267937641808828 ], [ 107.640479065356658, 21.26898339776568 ], [ 107.648051142046768, 21.274283399359547 ], [ 107.648912680875696, 21.267937641808828 ] ] ], [ [ [ 107.669352164770771, 21.278704383800459 ], [ 107.652762511280912, 21.277771124038168 ], [ 107.669964431313645, 21.280497312700902 ], [ 107.669352164770771, 21.278704383800459 ] ] ], [ [ [ 107.703013134248863, 21.279374601756615 ], [ 107.703348441977084, 21.275663281335483 ], [ 107.702221174167846, 21.276144599393774 ], [ 107.703013134248863, 21.279374601756615 ] ] ], [ [ [ 107.706310281794231, 21.279321708130453 ], [ 107.707536564960606, 21.279250446750893 ], [ 107.706335503281025, 21.278703556424091 ], [ 107.706310281794231, 21.279321708130453 ] ] ], [ [ [ 107.701956707835848, 21.295984425241215 ], [ 107.688727658954406, 21.289795326892943 ], [ 107.684654877620517, 21.284581846375204 ], [ 107.652417284929925, 21.265969602315465 ], [ 107.674367575003657, 21.280828257817916 ], [ 107.674133169410425, 21.290819714058614 ], [ 107.701956707835848, 21.295984425241215 ] ] ], [ [ [ 107.666198615573705, 21.285873861889343 ], [ 107.667205835581001, 21.285678278230023 ], [ 107.666157787252189, 21.285345387879374 ], [ 107.666198615573705, 21.285873861889343 ] ] ], [ [ [ 107.795258486889679, 21.296032026357011 ], [ 107.755364423329524, 21.283251975698192 ], [ 107.751775018602302, 21.28428171023279 ], [ 107.767472452891582, 21.29635559073796 ], [ 107.795258486889679, 21.296032026357011 ] ] ], [ [ [ 107.649710358846107, 21.302073359797816 ], [ 107.650333505387039, 21.300671134165668 ], [ 107.647998000207565, 21.3015529715924 ], [ 107.649710358846107, 21.302073359797816 ] ] ], [ [ [ 107.646729266342561, 21.302062445625495 ], [ 107.645951279028395, 21.302654725635193 ], [ 107.646933937651283, 21.302481028776526 ], [ 107.646729266342561, 21.302062445625495 ] ] ], [ [ [ 107.65993976041176, 21.307068786195657 ], [ 107.664341330288323, 21.304370999022467 ], [ 107.657994128426424, 21.305059877011786 ], [ 107.65993976041176, 21.307068786195657 ] ] ], [ [ [ 107.657534520901606, 21.310375885638678 ], [ 107.654730372708684, 21.306734463224927 ], [ 107.655753776016013, 21.31033993793784 ], [ 107.657534520901606, 21.310375885638678 ] ] ], [ [ [ 107.665836980192523, 21.315709575836422 ], [ 107.665208340592585, 21.314914309847552 ], [ 107.665005205326111, 21.315328317248202 ], [ 107.665836980192523, 21.315709575836422 ] ] ], [ [ [ 107.80658312780929, 21.316768692121627 ], [ 107.803791860605941, 21.316012915363785 ], [ 107.803202710236917, 21.316584401249258 ], [ 107.80658312780929, 21.316768692121627 ] ] ], [ [ [ 107.82346517427851, 21.353917315232081 ], [ 107.74672168216, 21.303196880131964 ], [ 107.704024152093041, 21.301040646708543 ], [ 107.795199616369302, 21.351057983739054 ], [ 107.82346517427851, 21.353917315232081 ] ] ], [ [ [ 107.686210795591876, 21.332394721139508 ], [ 107.689310960132786, 21.331036507428962 ], [ 107.688805070797571, 21.330351849957992 ], [ 107.686210795591876, 21.332394721139508 ] ] ], [ [ [ 107.67002401409701, 21.333323540948697 ], [ 107.671448647237355, 21.33473533806557 ], [ 107.670748339764145, 21.33285466680951 ], [ 107.67002401409701, 21.333323540948697 ] ] ], [ [ [ 107.672713555386395, 21.339181658206996 ], [ 107.67307022201328, 21.340288914301993 ], [ 107.673525886910227, 21.339441680988955 ], [ 107.672713555386395, 21.339181658206996 ] ] ], [ [ [ 107.686878571888712, 21.342423547808551 ], [ 107.689923391251568, 21.340503862163644 ], [ 107.686706797780573, 21.33953459174802 ], [ 107.686878571888712, 21.342423547808551 ] ] ], [ [ [ 107.670548090422074, 21.343489487250167 ], [ 107.669681726730346, 21.342726285689707 ], [ 107.6696909339895, 21.343230073309314 ], [ 107.670548090422074, 21.343489487250167 ] ] ], [ [ [ 107.689610484736136, 21.3432818805544 ], [ 107.689162982086089, 21.344650006592644 ], [ 107.690411154751075, 21.344323755037294 ], [ 107.689610484736136, 21.3432818805544 ] ] ], [ [ [ 107.672982995868608, 21.341665807830793 ], [ 107.675995176136666, 21.346930648630519 ], [ 107.678454553934614, 21.343993481713937 ], [ 107.672982995868608, 21.341665807830793 ] ] ], [ [ [ 107.723332737615863, 21.349923033921016 ], [ 107.728245019891915, 21.350426517569758 ], [ 107.724774842784825, 21.345645261119955 ], [ 107.723332737615863, 21.349923033921016 ] ] ], [ [ [ 107.690984724365592, 21.352882506722437 ], [ 107.691354788192996, 21.347436448033761 ], [ 107.687506721358261, 21.349634940600083 ], [ 107.690984724365592, 21.352882506722437 ] ] ], [ [ [ 107.689496722295985, 21.352472473426019 ], [ 107.688768124849219, 21.353374570779863 ], [ 107.68976918180249, 21.353506832274547 ], [ 107.689496722295985, 21.352472473426019 ] ] ], [ [ [ 107.727227659129198, 21.356361338005399 ], [ 107.725667633054798, 21.354276694214093 ], [ 107.725583692133739, 21.356662615387449 ], [ 107.727227659129198, 21.356361338005399 ] ] ], [ [ [ 107.708436377137218, 21.358097824554932 ], [ 107.707971324217283, 21.355668488609922 ], [ 107.707341831160704, 21.355722331020786 ], [ 107.708436377137218, 21.358097824554932 ] ] ], [ [ [ 107.689724501684566, 21.357404389700889 ], [ 107.687305946812103, 21.357494045813667 ], [ 107.689812904142343, 21.357784776846131 ], [ 107.689724501684566, 21.357404389700889 ] ] ], [ [ [ 107.693736016703895, 21.360540244736626 ], [ 107.694559180561896, 21.358999904821815 ], [ 107.69144569706134, 21.359448192580203 ], [ 107.693736016703895, 21.360540244736626 ] ] ], [ [ [ 107.697083430056296, 21.35995537693924 ], [ 107.698361257865884, 21.361284950839774 ], [ 107.69814087360254, 21.359584194355193 ], [ 107.697083430056296, 21.35995537693924 ] ] ], [ [ [ 107.71620476683654, 21.364848509950889 ], [ 107.715663127651339, 21.365324100227213 ], [ 107.716129416239653, 21.365429196800051 ], [ 107.71620476683654, 21.364848509950889 ] ] ], [ [ [ 107.756864143565508, 21.373325722803997 ], [ 107.749194188261185, 21.360979279370326 ], [ 107.74237755108328, 21.369098624102321 ], [ 107.756864143565508, 21.373325722803997 ] ] ], [ [ [ 108.003902986733522, 21.397466875596024 ], [ 107.944262355223657, 21.355707826754951 ], [ 107.883947778067636, 21.358040095274248 ], [ 107.845662250012936, 21.339099585177905 ], [ 107.875812616958797, 21.371662305271229 ], [ 107.827975932643369, 21.364504886191583 ], [ 108.003902986733522, 21.397466875596024 ] ] ], [ [ [ 107.844936298371579, 21.375775367239555 ], [ 107.850241091553187, 21.377712516819315 ], [ 107.850992254788821, 21.377023940102788 ], [ 107.844936298371579, 21.375775367239555 ] ] ], [ [ [ 107.766145110208697, 21.385905228243814 ], [ 107.760874817718843, 21.388372733215192 ], [ 107.768534294122503, 21.389802952943967 ], [ 107.766145110208697, 21.385905228243814 ] ] ], [ [ [ 108.00857449441753, 21.395828766784234 ], [ 108.007442882882913, 21.396810978443966 ], [ 108.008693699554669, 21.396209072990473 ], [ 108.00857449441753, 21.395828766784234 ] ] ], [ [ [ 107.881668648689299, 21.414644575986472 ], [ 107.902203397768744, 21.39539473687779 ], [ 107.885333019103655, 21.405745392236213 ], [ 107.862395015317873, 21.395466120565004 ], [ 107.881668648689299, 21.414644575986472 ] ] ], [ [ [ 107.835075079251567, 21.411614739328797 ], [ 107.832579986677217, 21.412097755307343 ], [ 107.835142130904671, 21.412518384415932 ], [ 107.835075079251567, 21.411614739328797 ] ] ], [ [ [ 107.901951753970309, 21.415820531292582 ], [ 107.898868929257844, 21.416633199162845 ], [ 107.900567171238094, 21.417938200887306 ], [ 107.901951753970309, 21.415820531292582 ] ] ], [ [ [ 107.905570372274894, 21.415987903219218 ], [ 107.908194201900983, 21.418081950321891 ], [ 107.909075113925553, 21.415374813796802 ], [ 107.905570372274894, 21.415987903219218 ] ] ], [ [ [ 107.956598627324922, 21.431715954028164 ], [ 107.959662183163289, 21.423417583055198 ], [ 107.959465877348464, 21.420800176387104 ], [ 107.956598627324922, 21.431715954028164 ] ] ], [ [ [ 107.957124487904878, 21.440640597585684 ], [ 107.958628307250763, 21.437651994843861 ], [ 107.957943022052916, 21.432816930157287 ], [ 107.957124487904878, 21.440640597585684 ] ] ], [ [ [ 107.967289544776861, 21.444314486424503 ], [ 107.965138512132796, 21.441097454084229 ], [ 107.966832688278089, 21.445856375871188 ], [ 107.967289544776861, 21.444314486424503 ] ] ] ] } },
{ "type": "Feature", "properties": { "stable_id": "VN.ADM1.00032" }, "geometry": { "type": "Polygon", "coordinates": [ [ [ 103.285577694255323, 21.093250471332226 ], [ 103.377886672132263, 21.064478227288362 ], [ 103.423826109787115, 21.067518247868918 ], [ 103.397606691196017, 21.152747997322308 ], [ 103.434127857314877, 21.16927259925103 ], [ 103.440273538193367, 21.279034463769676 ], [ 103.429678037911287, 21.312479463756404 ], [ 103.369566286654788, 21.331428880738429 ], [ 103.38777241486514, 21.366961502171705 ], [ 103.330333904686086, 21.41505796015673 ], [ 103.347159137384381, 21.429054396942831 ], [ 103.449400781021211, 21.43796577010437 ], [ 103.459769662040458, 21.516000203946362 ], [ 103.517654080371699, 21.533819560724226 ], [ 103.519618147559527, 21.563514745708972 ], [ 103.55952124391041, 21.626365102567433 ], [ 103.542144955225695, 21.646869375421488 ], [ 103.575279170197632, 21.682585245412781 ], [ 103.597547617928399, 21.681039497874622 ], [ 103.541393881922261, 21.776021683553893 ], [ 103.540324505271883, 21.826597757680474 ], [ 103.522344631199815, 21.861346656822946 ], [ 103.493035723919661, 21.876814162343805 ], [ 103.481728692625097, 21.916278171900217 ], [ 103.516181330803875, 22.011333360046649 ], [ 103.547211913698959, 22.028400049023219 ], [ 103.653348602955703, 21.987861876624379 ], [ 103.723842233132643, 21.877409589081424 ], [ 103.697908265654064, 21.824231528961889 ], [ 103.759976381404954, 21.80701376377425 ], [ 103.756494233422188, 21.777383121333969 ], [ 103.78047603264298, 21.776337556932731 ], [ 103.809269807355747, 21.736183361772873 ], [ 103.835374006605264, 21.733974110616828 ], [ 103.858807869587622, 21.690619469313162 ], [ 103.880661807196702, 21.68538894934062 ], [ 103.883466236877325, 21.708150046587434 ], [ 103.937798396079245, 21.690976843706494 ], [ 103.937481925550571, 21.669457015928629 ], [ 104.033521007089007, 21.669892032391488 ], [ 104.086335298635163, 21.644229792370993 ], [ 104.1931823353965, 21.647500293903533 ], [ 104.220111087956468, 21.672706279071633 ], [ 104.338960355336212, 21.653081010780056 ], [ 104.28972617132581, 21.597007420555997 ], [ 104.297460687161049, 21.572382079069882 ], [ 104.278817805897063, 21.553163065123385 ], [ 104.293770425264995, 21.50897865893802 ], [ 104.283024286741636, 21.470930578883213 ], [ 104.331254280560756, 21.40795032844494 ], [ 104.350489717926166, 21.417381249844823 ], [ 104.413527864019841, 21.385238588689901 ], [ 104.424343331279772, 21.357232192012077 ], [ 104.470866635786763, 21.351131276687113 ], [ 104.528878617554255, 21.413087151650871 ], [ 104.590355566656172, 21.422608852416658 ], [ 104.675419731135719, 21.375808909253863 ], [ 104.690241994672476, 21.400212034557853 ], [ 104.730061665413643, 21.403862052691636 ], [ 104.768828882946707, 21.330261872787389 ], [ 104.816361019945134, 21.33473291079531 ], [ 104.843727738744349, 21.308381094012361 ], [ 104.846370670869931, 21.225268965590431 ], [ 104.865023680298691, 21.206012442720066 ], [ 104.85366946337507, 21.150413851018527 ], [ 104.914413993810797, 21.111291102702353 ], [ 104.876810635702441, 21.098557859058133 ], [ 104.853482527596555, 21.069740740642715 ], [ 104.896315479375971, 20.986389869197183 ], [ 104.970606020251807, 20.910918122773182 ], [ 105.006157725298863, 20.845169158330179 ], [ 104.986143571268997, 20.814059481859715 ], [ 105.025307647030445, 20.802161953011705 ], [ 104.990623865998657, 20.75499136955608 ], [ 105.01329507061115, 20.733525950761987 ], [ 104.970246320211572, 20.728565507991846 ], [ 104.881921169926159, 20.767526697599067 ], [ 104.84101323677163, 20.751206803851005 ], [ 104.848194790057562, 20.650198580400229 ], [ 104.799402415089446, 20.618267731170988 ], [ 104.802418271785939, 20.583020094102153 ], [ 104.778804958082446, 20.575000826826852 ], [ 104.742337580415153, 20.573271649067465 ], [ 104.723657332320101, 20.602586927145069 ], [ 104.686618918428451, 20.598024753639606 ], [ 104.640224387845308, 20.65261838443098 ], [ 104.601999173722959, 20.606009424895149 ], [ 104.57392194014551, 20.606674927705853 ], [ 104.533327159021155, 20.69410169393808 ], [ 104.494599283230457, 20.71537370813013 ], [ 104.482025582914503, 20.763513016112881 ], [ 104.41089436578244, 20.776445965009373 ], [ 104.410563764206415, 20.804273807590221 ], [ 104.327611468694386, 20.862106746029667 ], [ 104.316220132253306, 20.900369952910978 ], [ 104.288764090990071, 20.9129296318971 ], [ 104.252545482887854, 20.90124621004469 ], [ 104.238525375945471, 20.914390058954041 ], [ 104.246703771961677, 20.93045476467563 ], [ 104.18419746424172, 20.957618721426968 ], [ 104.129285380815759, 20.949148239999431 ], [ 104.102413511274676, 20.978064709219041 ], [ 104.05100645368509, 20.949732410822264 ], [ 104.047793513260046, 20.914097974442086 ], [ 104.027639609980099, 20.895988669941346 ], [ 103.967589840898597, 20.878089763631863 ], [ 103.862339180808647, 20.806817664103903 ], [ 103.789409590280457, 20.77698283059317 ], [ 103.598798159407636, 20.808475155104361 ], [ 103.496519823431299, 20.77428687803706 ], [ 103.466334381126842, 20.818797614918026 ], [ 103.442799967644476, 20.822890556354139 ], [ 103.432055997386442, 20.851541144608177 ], [ 103.353778494781864, 20.835169379763215 ], [ 103.328797665679872, 20.814898128446032 ], [ 103.25759437508043, 20.823913790589074 ], [ 103.22836150368056, 20.842063522313708 ], [ 103.234872485576773, 20.873774617704555 ], [ 103.213797922935839, 20.892310098332416 ], [ 103.286069623414448, 20.904928087561359 ], [ 103.275155832375901, 20.938941085862609 ], [ 103.296991252944053, 20.953524943621346 ], [ 103.298111540215587, 20.97476164503405 ], [ 103.274909723005294, 21.05185086442583 ], [ 103.304745168055149, 21.0624421720687 ], [ 103.285577694255323, 21.093250471332226 ] ] ] } },
{ "type": "Feature", "properties": { "stable_id": "VN.ADM1.00033" }, "geometry": { "type": "Polygon", "coordinates": [ [ [ 106.761973054712826, 10.963715895771998 ], [ 106.816473949213503, 10.903397602617247 ], [ 106.840376334700238, 10.898641017269256 ], [ 106.787917063122165, 10.870056789989007 ], [ 106.767275181404614, 10.892472363208981 ], [ 106.751759059433198, 10.863807553975562 ], [ 106.71767326281099, 10.896417694421132 ], [ 106.721042123195616, 10.872022323071803 ], [ 106.699456056751785, 10.868955327326603 ], [ 106.684890423754098, 10.921243501086849 ], [ 106.650821966960279, 10.933121742174819 ], [ 106.648553706788277, 10.980037117818711 ], [ 106.626952689115399, 10.979680631955659 ], [ 106.619618937264249, 11.008916283159977 ], [ 106.597855196260355, 11.015984960737455 ], [ 106.600319201070363, 11.04446195375624 ], [ 106.585469491124229, 11.03668148526242 ], [ 106.573212933130435, 11.054384053381341 ], [ 106.551010142204461, 11.045882896078979 ], [ 106.532178772032808, 11.060175145067035 ], [ 106.533813156751933, 11.090546051858837 ], [ 106.516179936255185, 11.100171216028855 ], [ 106.526956194872525, 11.119602507749562 ], [ 106.507690655399472, 11.141826375187122 ], [ 106.471816996657253, 11.142546243814252 ], [ 106.455176250883369, 11.159381683817742 ], [ 106.443017736979073, 11.135246188660801 ], [ 106.432859639061178, 11.170212614020954 ], [ 106.387715495273937, 11.186952161113425 ], [ 106.380873484623805, 11.228936675387274 ], [ 106.351166627338046, 11.248600335737081 ], [ 106.356170785253653, 11.285005243797116 ], [ 106.339981473066644, 11.292106668388215 ], [ 106.344253404770825, 11.324491873101522 ], [ 106.328050666605122, 11.345855652316573 ], [ 106.364710591820426, 11.441627323142598 ], [ 106.411977902758053, 11.471965928085183 ], [ 106.433688159281303, 11.539853742056607 ], [ 106.467773127627879, 11.543577574745427 ], [ 106.491827404111461, 11.568625407836464 ], [ 106.414215990675586, 11.766892993916656 ], [ 106.445569092040159, 11.822424347805566 ], [ 106.437038767924776, 11.85252028778109 ], [ 106.467565556005638, 11.869098232097826 ], [ 106.413239872821975, 11.972595144949992 ], [ 106.455157285980079, 11.988579103243126 ], [ 106.49410866038653, 11.968519145841981 ], [ 106.515921429730383, 11.980399315076511 ], [ 106.531785092907739, 11.969006081965233 ], [ 106.622518693283212, 11.974279487008744 ], [ 106.631975984604082, 11.961192936604846 ], [ 106.640363276044525, 11.974900524639622 ], [ 106.659766711264808, 11.965198806579792 ], [ 106.655948615236525, 11.989359212957368 ], [ 106.685241543362679, 11.965887315846999 ], [ 106.711154517067428, 11.968891718777854 ], [ 106.744262859443552, 11.984051949338038 ], [ 106.746647363285263, 12.021754116858972 ], [ 106.790612835813818, 12.083518827432101 ], [ 106.914345287005574, 12.062278651039094 ], [ 107.001350692980168, 12.095477353696936 ], [ 107.003947782164573, 12.115496373958536 ], [ 107.079395467227073, 12.162986519812023 ], [ 107.074642064579791, 12.186503353347121 ], [ 107.092780047561291, 12.181249593094321 ], [ 107.112043836953546, 12.2202775285852 ], [ 107.140439161638199, 12.233036661013102 ], [ 107.152322668256602, 12.276067461843923 ], [ 107.206138262271111, 12.298596952187665 ], [ 107.224522117202071, 12.125534691173186 ], [ 107.240926399733723, 12.114335344700578 ], [ 107.231065677938886, 12.028499308296546 ], [ 107.242595947045515, 12.039089742697456 ], [ 107.259800326723735, 12.018531414293363 ], [ 107.324980043694097, 12.003634336155756 ], [ 107.353605696445754, 11.938832277787526 ], [ 107.4262348927262, 11.858657862170617 ], [ 107.392706551666095, 11.767541860168762 ], [ 107.286049649571851, 11.725689825025484 ], [ 107.26877059109006, 11.641835390790732 ], [ 107.30098918020667, 11.620908897927393 ], [ 107.310596445169949, 11.554798092158194 ], [ 107.335925707605384, 11.547850556857725 ], [ 107.14244632613719, 11.504356721185843 ], [ 107.097097751160391, 11.481315063339594 ], [ 107.068560541336012, 11.449886076281359 ], [ 107.076182869443926, 11.420077234077155 ], [ 107.059521595745082, 11.378516614350303 ], [ 106.979154363683108, 11.329083429256912 ], [ 106.98369957687396, 11.31375121324794 ], [ 106.938214503696543, 11.308173538777908 ], [ 106.93004243531027, 11.248006370397775 ], [ 106.904070854586394, 11.211660697083516 ], [ 106.966068313302173, 11.148004902004743 ], [ 106.947011071204031, 11.058492314768614 ], [ 106.931098653080426, 11.064334203760552 ], [ 106.908313267843141, 11.022684102389576 ], [ 106.873612609234556, 11.02008204355144 ], [ 106.827122537375374, 11.065118417081351 ], [ 106.802814202413515, 11.059902324033146 ], [ 106.812916090005558, 11.03175951009348 ], [ 106.774679023718079, 11.005999771872041 ], [ 106.796187262831893, 10.972256499138211 ], [ 106.761973054712826, 10.963715895771998 ] ] ] } },
{ "type": "Feature", "properties": { "stable_id": "VN.ADM1.00034" }, "geometry": { "type": "Polygon", "coordinates": [ [ [ 106.362615468229365, 11.238265683814404 ], [ 106.380873484623805, 11.228936675387274 ], [ 106.387715495273937, 11.186952161113425 ], [ 106.432859639061178, 11.170212614020954 ], [ 106.42952633607166, 11.148836022164801 ], [ 106.447361738553525, 11.134870760377282 ], [ 106.41390003186109, 11.008488285006422 ], [ 106.356771050343696, 10.991728899768987 ], [ 106.292323368029145, 11.026017048348251 ], [ 106.270021663369107, 11.01517467876846 ], [ 106.281882952236629, 10.98501369532579 ], [ 106.168133177204538, 10.96308658257982 ], [ 106.15951814864377, 10.984487471419754 ], [ 106.210899116900919, 10.976412042381924 ], [ 106.157757691564314, 11.103242156200679 ], [ 106.126396366798929, 11.090273825276938 ], [ 106.106562446799558, 11.059082020019275 ], [ 106.093170313958808, 11.101885991145593 ], [ 106.017309811298787, 11.157488772788724 ], [ 106.018920256964464, 11.187578692702687 ], [ 105.925005802176088, 11.218600976653761 ], [ 105.909568921268885, 11.284215666919636 ], [ 105.865622141149004, 11.282518880042403 ], [ 105.887510691864918, 11.365831113914965 ], [ 105.872409288657877, 11.372957618799148 ], [ 105.873139018351083, 11.404776992564337 ], [ 105.903363264603172, 11.447198883122041 ], [ 105.87443434337024, 11.461285540795245 ], [ 105.881990404034013, 11.541217878702241 ], [ 105.861643009817158, 11.566584658155534 ], [ 105.817360356295524, 11.570971701283099 ], [ 105.811270088044182, 11.620427579869101 ], [ 105.835949420329541, 11.622494738141711 ], [ 105.838088066611135, 11.648456476685226 ], [ 105.887440011447495, 11.676902389134057 ], [ 105.954956212958848, 11.639888431406121 ], [ 106.015966047894949, 11.725274896719156 ], [ 106.01478450330228, 11.767022818248563 ], [ 106.043535429816302, 11.779625964166883 ], [ 106.117058071073245, 11.742639403385851 ], [ 106.155943511683859, 11.735944840182356 ], [ 106.191089189914294, 11.7530426627888 ], [ 106.21755944201476, 11.727123536821864 ], [ 106.267908646866715, 11.719608730758409 ], [ 106.303846531592228, 11.67416530068823 ], [ 106.371875341274063, 11.697223579804529 ], [ 106.450197036564077, 11.670666908251349 ], [ 106.491827404111461, 11.568625407836464 ], [ 106.467773127627879, 11.543577574745427 ], [ 106.433688159281303, 11.539853742056607 ], [ 106.411977902758053, 11.471965928085183 ], [ 106.364710591820426, 11.441627323142598 ], [ 106.328050666605122, 11.345855652316573 ], [ 106.362615468229365, 11.238265683814404 ] ] ] } },
{ "type": "Feature", "properties": { "stable_id": "VN.ADM1.00035" }, "geometry": { "type": "Polygon", "coordinates": [ [ [ 106.628871365721068, 20.446263108855419 ], [ 106.602434562105486, 20.397013222682233 ], [ 106.623855659611081, 20.344141600254829 ], [ 106.591923468593279, 20.244051660156174 ], [ 106.52766003308426, 20.316239763254544 ], [ 106.451373455920361, 20.290438607655631 ], [ 106.339417526198076, 20.377545899623556 ], [ 106.262345771640071, 20.327777169380965 ], [ 106.254112758896895, 20.355741540739643 ], [ 106.285216581680061, 20.394236156673401 ], [ 106.216239740871345, 20.414686130260804 ], [ 106.224780569068059, 20.467764410599102 ], [ 106.182070313594238, 20.486453411795651 ], [ 106.171924311557802, 20.546486493956706 ], [ 106.132157089278394, 20.574752103127082 ], [ 106.128501542112645, 20.628441765974742 ], [ 106.110414651415113, 20.642732594034158 ], [ 106.142794783952127, 20.659688849860629 ], [ 106.224125096396165, 20.641560658697472 ], [ 106.221678917048564, 20.656762803061099 ], [ 106.269190125024409, 20.682754957575298 ], [ 106.248893358142084, 20.695286959025964 ], [ 106.260560507661296, 20.703395280767779 ], [ 106.286059241041187, 20.693337703672171 ], [ 106.287127941401366, 20.711367691565783 ], [ 106.30272107771566, 20.689589521839025 ], [ 106.407820410683541, 20.72842619581246 ], [ 106.417113315826896, 20.71681683942569 ], [ 106.400638151429746, 20.68839476710491 ], [ 106.45416245593259, 20.640320080807101 ], [ 106.471660565882587, 20.59820467380672 ], [ 106.493117350285502, 20.616639211830261 ], [ 106.5296163184384, 20.602982057775819 ], [ 106.546744217971423, 20.626982463969682 ], [ 106.568528423947726, 20.619691206883715 ], [ 106.601406035360299, 20.639773509739769 ], [ 106.656426536555557, 20.612678337635202 ], [ 106.593060476959522, 20.556551127132991 ], [ 106.604600863439202, 20.459588091117496 ], [ 106.628871365721068, 20.446263108855419 ] ] ] } },
{ "type": "Feature", "properties": { "stable_id": "VN.ADM1.00036" }, "geometry": { "type": "MultiPolygon", "coordinates": [ [ [ [ 105.899042812675759, 19.324804733951282 ], [ 105.898022798913075, 19.324284819688728 ], [ 105.898040309612782, 19.325252983038922 ], [ 105.899042812675759, 19.324804733951282 ] ] ], [ [ [ 105.891275393344927, 19.334673400357133 ], [ 105.889681154361767, 19.335125496744297 ], [ 105.891346777032311, 19.334994627400135 ], [ 105.891275393344927, 19.334673400357133 ] ] ], [ [ [ 105.891025549989308, 19.335815541154375 ], [ 105.891085035645915, 19.337076655963074 ], [ 105.891465750144391, 19.33567277377955 ], [ 105.891025549989308, 19.335815541154375 ] ] ], [ [ [ 105.878544086840236, 19.354021868114899 ], [ 105.878715407690038, 19.350043408576539 ], [ 105.87816337324108, 19.354136082014747 ], [ 105.878544086840236, 19.354021868114899 ] ] ], [ [ [ 105.876545339995573, 19.356648793207285 ], [ 105.877782659642151, 19.356115793808897 ], [ 105.876374019145828, 19.356610722207051 ], [ 105.876545339995573, 19.356648793207285 ] ] ], [ [ [ 105.873728058103552, 19.35811454065356 ], [ 105.874051664752585, 19.35613482885941 ], [ 105.871705525089965, 19.357080635063426 ], [ 105.873728058103552, 19.35811454065356 ] ] ], [ [ [ 105.811552379838588, 19.552809006930318 ], [ 105.814461551759337, 19.430049153645655 ], [ 105.784570763330237, 19.394948535046979 ], [ 105.800704698862887, 19.340191426393233 ], [ 105.826050993558681, 19.338544347743607 ], [ 105.828230303585713, 19.304766011342394 ], [ 105.814162930075156, 19.307583293234472 ], [ 105.805634942398797, 19.286986677992843 ], [ 105.80071072971657, 19.300941173996023 ], [ 105.767327480778761, 19.291205094639395 ], [ 105.738021373087918, 19.318390922902836 ], [ 105.691436831944429, 19.300323980067674 ], [ 105.665346521824574, 19.313355675424134 ], [ 105.665219940448083, 19.339810681317942 ], [ 105.628155562229608, 19.379613984397963 ], [ 105.589372863766755, 19.372156498423806 ], [ 105.525128822137503, 19.461092913407413 ], [ 105.445150740214615, 19.440085716282852 ], [ 105.418180090039186, 19.458657506139048 ], [ 105.391186090765643, 19.45389075305593 ], [ 105.353307337763511, 19.537382119289418 ], [ 105.294172738581153, 19.475627220320121 ], [ 105.27212837942119, 19.523921164929845 ], [ 105.282799876912918, 19.606222871988052 ], [ 105.249177475759893, 19.657278158860038 ], [ 105.235659275055639, 19.645430575660555 ], [ 105.168146195990232, 19.684126038985539 ], [ 105.163066478835049, 19.724905396966619 ], [ 105.136581466161772, 19.743679867032313 ], [ 105.133091659552576, 19.826965207578382 ], [ 105.152703947029636, 19.855634984666949 ], [ 105.189706218067613, 19.864839266119361 ], [ 105.168523796136412, 19.914973193957849 ], [ 105.098063309574115, 19.937642298653259 ], [ 105.048875847142824, 19.930726596655177 ], [ 104.957592982230437, 19.989758402428379 ], [ 104.923568880899211, 19.987567149404526 ], [ 104.901983784823926, 19.999960416939814 ], [ 104.93277938566024, 19.988584865399389 ], [ 104.978441143244311, 20.011267494099684 ], [ 104.956430012235444, 20.068496435262432 ], [ 104.994093502613111, 20.095888065282054 ], [ 104.932462335968125, 20.131595011300874 ], [ 104.929038382215595, 20.158986640421176 ], [ 104.879635621187106, 20.143823416917314 ], [ 104.785721462275831, 20.194204449675794 ], [ 104.66930703469194, 20.218661262707258 ], [ 104.676154943096208, 20.245074620097796 ], [ 104.781808371758927, 20.280781566116389 ], [ 104.75881896812092, 20.3893698126667 ], [ 104.625773909438522, 20.428500712438051 ], [ 104.464848083971958, 20.398174265430043 ], [ 104.440391271839871, 20.457848886816748 ], [ 104.502022439384234, 20.524860553371923 ], [ 104.595447462430513, 20.528284507124454 ], [ 104.57392194014551, 20.606674927705853 ], [ 104.601999173722959, 20.606009424895149 ], [ 104.637262392445564, 20.65249998058971 ], [ 104.686618918428451, 20.598024753639606 ], [ 104.723657332320101, 20.602586927145069 ], [ 104.742337580415153, 20.573271649067465 ], [ 104.778804958082446, 20.575000826826852 ], [ 104.802418271785939, 20.583020094102153 ], [ 104.811269900285765, 20.629495353228094 ], [ 104.896214885708503, 20.670354647449017 ], [ 104.94991292214371, 20.642923279086119 ], [ 104.985673435380875, 20.574397577786101 ], [ 105.046191753047026, 20.557959692985548 ], [ 105.078931964238791, 20.578664055102251 ], [ 105.105210351376741, 20.573056951217382 ], [ 105.172322014449435, 20.515508887425199 ], [ 105.203409510040899, 20.518100419698783 ], [ 105.240415040222047, 20.492642561405148 ], [ 105.267167170428763, 20.455195845412049 ], [ 105.258147253592938, 20.43408775784394 ], [ 105.346860017975587, 20.390592178386498 ], [ 105.403959077249795, 20.373606155000232 ], [ 105.434679028914218, 20.385200052040886 ], [ 105.505971971129554, 20.360159784046857 ], [ 105.540257839028129, 20.368406661638176 ], [ 105.567074681751251, 20.31623229978095 ], [ 105.599187527682318, 20.312171973158115 ], [ 105.74060030585963, 20.185539900845924 ], [ 105.894334375231381, 20.118369065080344 ], [ 105.964035967985637, 20.065926726837006 ], [ 106.071835608926335, 20.06679837044851 ], [ 106.059029080427877, 20.014539814960528 ], [ 106.025908349890472, 19.990620595064399 ], [ 106.026199133982914, 19.95559443043868 ], [ 105.953503613601072, 19.918584010643656 ], [ 105.949648887286401, 19.886723027945493 ], [ 105.966257524565208, 19.889840122223973 ], [ 105.932632171837383, 19.827851593776074 ], [ 105.941198231413352, 19.79792749176039 ], [ 105.89862784659789, 19.722491652567783 ], [ 105.876885307111365, 19.727707311243535 ], [ 105.855345451431504, 19.704264982043412 ], [ 105.811552379838588, 19.552809006930318 ] ] ], [ [ [ 105.909920970776284, 19.319243671758159 ], [ 105.908832694873126, 19.319153330362099 ], [ 105.908811353061594, 19.319850189834483 ], [ 105.909920970776284, 19.319243671758159 ] ] ], [ [ [ 105.910946081896157, 19.320654288964306 ], [ 105.910345175589441, 19.319479708721644 ], [ 105.90999631327935, 19.319937068840659 ], [ 105.910946081896157, 19.320654288964306 ] ] ], [ [ [ 105.908217385024329, 19.337905860567048 ], [ 105.908959397658066, 19.339092115808626 ], [ 105.909197100166239, 19.33776093931607 ], [ 105.908217385024329, 19.337905860567048 ] ] ], [ [ [ 105.900613476830586, 19.346553092051693 ], [ 105.904553177387299, 19.341025052064481 ], [ 105.898366869635367, 19.348870375167849 ], [ 105.900613476830586, 19.346553092051693 ] ] ], [ [ [ 105.92934425223558, 19.353037219292332 ], [ 105.936089147796054, 19.35409974670597 ], [ 105.934916741214806, 19.346008514781317 ], [ 105.92934425223558, 19.353037219292332 ] ] ], [ [ [ 105.907590908293969, 19.371400950093914 ], [ 105.909273163925434, 19.366846238263463 ], [ 105.906860192044292, 19.371275216777917 ], [ 105.907590908293969, 19.371400950093914 ] ] ], [ [ [ 105.914621533756929, 19.383180669552303 ], [ 105.937997700733433, 19.375855933404694 ], [ 105.929172068036564, 19.359215234395549 ], [ 105.913725007702965, 19.369128494584459 ], [ 105.914621533756929, 19.383180669552303 ] ] ] ] } },
{ "type": "Feature", "properties": { "stable_id": "VN.ADM1.00037" }, "geometry": { "type": "MultiPolygon", "coordinates": [ [ [ [ 108.951779297876328, 10.551590556858855 ], [ 108.968950282129981, 10.51030031560714 ], [ 108.950110898998958, 10.502745526584874 ], [ 108.922450458022354, 10.546108527087029 ], [ 108.951779297876328, 10.551590556858855 ] ] ], [ [ [ 108.952565606617441, 10.566195470444711 ], [ 108.950252270625924, 10.567991413872676 ], [ 108.952605880956696, 10.568329275675524 ], [ 108.952565606617441, 10.566195470444711 ] ] ], [ [ [ 107.801240013615882, 10.65175769925844 ], [ 107.802999808794254, 10.650889395729109 ], [ 107.801515984974912, 10.650073426447591 ], [ 107.801240013615882, 10.65175769925844 ] ] ], [ [ [ 108.300742711806834, 10.908607448974635 ], [ 108.30067798130392, 10.910679852992985 ], [ 108.301997768782144, 10.909448428402413 ], [ 108.300742711806834, 10.908607448974635 ] ] ], [ [ [ 107.875232832129598, 10.716526363101309 ], [ 107.822604739817052, 10.701931131616561 ], [ 107.755603109695812, 10.640984740253543 ], [ 107.687550524637118, 10.626803152843195 ], [ 107.571381054392305, 10.569099430794267 ], [ 107.545115772175222, 10.705728026127531 ], [ 107.504017163861135, 10.764016024220211 ], [ 107.573334579727202, 10.816117718158296 ], [ 107.559742023975332, 10.937584364326938 ], [ 107.506647108877019, 11.013326564769216 ], [ 107.473832926648299, 11.007303454291105 ], [ 107.394199330934441, 11.04955437113739 ], [ 107.416194463004103, 11.050407584942207 ], [ 107.443487360953043, 11.086750159192661 ], [ 107.45303263744637, 11.113827234239523 ], [ 107.434616126333253, 11.137422040794661 ], [ 107.457462589926763, 11.154371938414329 ], [ 107.501078411439607, 11.241313896319355 ], [ 107.523548231765631, 11.25203526931233 ], [ 107.517958350797358, 11.309976122799867 ], [ 107.544089597157381, 11.366173669279476 ], [ 107.576219483442401, 11.381350270198936 ], [ 107.609878167743261, 11.343856759781659 ], [ 107.680735202267897, 11.322795874030419 ], [ 107.712548475032293, 11.335369790183847 ], [ 107.72545143603503, 11.360270869205351 ], [ 107.769426711173878, 11.369739482990838 ], [ 107.960935994600561, 11.351159050649642 ], [ 108.024270781171765, 11.327308377979364 ], [ 108.048646174081739, 11.216618732368602 ], [ 108.05787486403392, 11.242832923200865 ], [ 108.106397828197373, 11.268579769640837 ], [ 108.116212035257206, 11.293395032654701 ], [ 108.123078725103085, 11.281362992208415 ], [ 108.185247123356078, 11.305998765830566 ], [ 108.306490314076825, 11.413057205325799 ], [ 108.258090173922483, 11.474332476962218 ], [ 108.280807921148778, 11.515573259998121 ], [ 108.32012012784179, 11.531139769185188 ], [ 108.344124428100031, 11.528403761724405 ], [ 108.35296607232641, 11.505113683249931 ], [ 108.416004089816965, 11.527144346634316 ], [ 108.43073949503173, 11.514448926676721 ], [ 108.494128627634097, 11.529964720395697 ], [ 108.531486683064031, 11.50673372917845 ], [ 108.555574407133292, 11.514230991267254 ], [ 108.582602640899211, 11.55778797193733 ], [ 108.554456826821252, 11.598250915147787 ], [ 108.555487633347582, 11.632820758371395 ], [ 108.669883209742466, 11.663567347954881 ], [ 108.697864426302431, 11.69868256974496 ], [ 108.690970394368321, 11.730973741345224 ], [ 108.667114803305594, 11.74908481661106 ], [ 108.673190930617125, 11.783999553436672 ], [ 108.619530250220919, 11.80784293440405 ], [ 108.653670893796914, 11.845792150187549 ], [ 108.661442224279369, 11.961472876672076 ], [ 108.711587510555205, 12.056765454362278 ], [ 108.702968865820594, 12.092760222106676 ], [ 108.675485340376156, 12.118121002182647 ], [ 108.731950229219876, 12.161677213032931 ], [ 108.793298637322437, 12.159076854813179 ], [ 108.786217144405725, 12.123722357600855 ], [ 108.806098946109557, 12.052166746798036 ], [ 108.856791306173818, 12.015616472322392 ], [ 108.855618008364502, 11.964182628425533 ], [ 108.917587732887625, 11.95148060204815 ], [ 108.975429714010261, 11.916811781238835 ], [ 109.005895123361427, 11.923304110296442 ], [ 109.037741042415234, 11.90868265727886 ], [ 109.076887620067794, 11.834949923600277 ], [ 109.108446983641443, 11.809091377765014 ], [ 109.135023413300019, 11.804579210162444 ], [ 109.177932436033188, 11.811306746109608 ], [ 109.189447896903062, 11.812173198834103 ], [ 109.195006317787488, 11.811868628134789 ], [ 109.18917078880088, 11.785974164276297 ], [ 109.227655317938741, 11.755894445372348 ], [ 109.233480239421681, 11.727502717076845 ], [ 109.221506790705973, 11.71468218073818 ], [ 109.19700786062441, 11.725932273255864 ], [ 109.203602313096326, 11.706833229769927 ], [ 109.130305397176471, 11.564693747218769 ], [ 109.090968841339077, 11.587550848892704 ], [ 109.038546935692693, 11.588516434785731 ], [ 109.0255788727668, 11.574049311726355 ], [ 109.034727900772054, 11.549850193131874 ], [ 109.01279355298027, 11.516214132176515 ], [ 109.005498125738029, 11.404798249839359 ], [ 109.014977899210749, 11.356271522912436 ], [ 108.932556739701965, 11.306938034862526 ], [ 108.880260945986038, 11.337618804864121 ], [ 108.786821891717011, 11.312712987314626 ], [ 108.776399852671148, 11.288099842433837 ], [ 108.755384452830356, 11.281304101902776 ], [ 108.730343005825148, 11.184850270123945 ], [ 108.708713705373327, 11.165519528903246 ], [ 108.695179331261215, 11.183551084315241 ], [ 108.651185476129001, 11.193551959155684 ], [ 108.525671288099545, 11.154383651184617 ], [ 108.475290960409609, 11.048493511966001 ], [ 108.435316015421961, 11.047798710142445 ], [ 108.414248266944128, 11.026611988552531 ], [ 108.373930680256763, 11.03270023602704 ], [ 108.352106263793019, 11.009628983291066 ], [ 108.338128120116721, 10.952871401993605 ], [ 108.309722114184353, 10.957330512293481 ], [ 108.295507214086854, 10.914666776050979 ], [ 108.281737274255988, 10.915842230434748 ], [ 108.278025314416709, 10.941326257201069 ], [ 108.227628330383311, 10.954912979050903 ], [ 108.085136686808767, 10.914211109355278 ], [ 108.040671700238875, 10.838687016992367 ], [ 107.993815353395973, 10.700073894894444 ], [ 107.875232832129598, 10.716526363101309 ] ] ], [ [ [ 108.832503926315269, 11.231101481148414 ], [ 108.828438221746524, 11.222497532235423 ], [ 108.820925075831724, 11.223975612984248 ], [ 108.832503926315269, 11.231101481148414 ] ] ], [ [ [ 108.968072845985091, 10.483131829870104 ], [ 108.968527530621145, 10.484675603396511 ], [ 108.969369859931135, 10.483169404444482 ], [ 108.968072845985091, 10.483131829870104 ] ] ], [ [ [ 108.969444813027849, 10.494313608986033 ], [ 108.960700293783646, 10.488738531757917 ], [ 108.964997600758807, 10.497254623202366 ], [ 108.969444813027849, 10.494313608986033 ] ] ], [ [ [ 108.961653038257168, 10.501148984438203 ], [ 108.96331390171531, 10.501482107713286 ], [ 108.963537571201982, 10.501015733689258 ], [ 108.961653038257168, 10.501148984438203 ] ] ], [ [ [ 108.959353342282895, 10.556297184867219 ], [ 108.962326793246916, 10.563433014821896 ], [ 108.959439318369959, 10.55504016377273 ], [ 108.959353342282895, 10.556297184867219 ] ] ], [ [ [ 108.958246168026278, 10.563749015904421 ], [ 108.956144390351369, 10.565657642586189 ], [ 108.957694358407991, 10.566481117609669 ], [ 108.958246168026278, 10.563749015904421 ] ] ], [ [ [ 109.142680009175194, 11.583072113587264 ], [ 109.145749514028864, 11.580452327313083 ], [ 109.147127221444237, 11.578110936970347 ], [ 109.142680009175194, 11.583072113587264 ] ] ], [ [ [ 109.17708364869145, 11.6480373620347 ], [ 109.176121402880597, 11.649848863734121 ], [ 109.178397925124216, 11.650677123150899 ], [ 109.17708364869145, 11.6480373620347 ] ] ] ] } },
{ "type": "Feature", "properties": { "stable_id": "VN.ADM1.00038" }, "geometry": { "type": "Polygon", "coordinates": [ [ [ 106.386807921048899, 10.338165969683871 ], [ 106.217678437610004, 10.316901283167681 ], [ 106.142870010442778, 10.283907354340954 ], [ 106.082344776090736, 10.277371921676945 ], [ 105.98665776114683, 10.330296994410901 ], [ 105.898234046963751, 10.27380378141936 ], [ 105.829446564707382, 10.30706468298888 ], [ 105.815731400783704, 10.370184848152292 ], [ 105.844260740640777, 10.365694711242043 ], [ 105.859470944728514, 10.407665370560494 ], [ 105.941813749904668, 10.494483072735761 ], [ 105.941976937285972, 10.536372764291798 ], [ 106.102567633989224, 10.522865811408167 ], [ 106.101385285402728, 10.575726202202645 ], [ 106.286366019576178, 10.587143620781603 ], [ 106.348158619025185, 10.544647817642783 ], [ 106.373488823950254, 10.486532725005361 ], [ 106.388886972855687, 10.476164059823645 ], [ 106.40846128106341, 10.491292029903263 ], [ 106.437006543417283, 10.468100815700211 ], [ 106.444500584134687, 10.447919215099773 ], [ 106.415393338132048, 10.42991044131395 ], [ 106.459327403636792, 10.396066803340432 ], [ 106.528174939022222, 10.43317893915679 ], [ 106.560995867065685, 10.413192367333977 ], [ 106.58729240342177, 10.417867505581 ], [ 106.586891706886775, 10.437586260197918 ], [ 106.629231524415388, 10.453541256723611 ], [ 106.645471542177972, 10.483653769405919 ], [ 106.66330956708299, 10.442062091592277 ], [ 106.682339235067843, 10.440114208603859 ], [ 106.735033359202362, 10.497306852229542 ], [ 106.816691944877334, 10.392579600268505 ], [ 106.783212233757638, 10.381922466748506 ], [ 106.781690371313573, 10.292520664297285 ], [ 106.752803713720539, 10.255784165407078 ], [ 106.800539005770531, 10.207693747268706 ], [ 106.788530024840838, 10.191702265247443 ], [ 106.746401360934101, 10.193515741858107 ], [ 106.386807921048899, 10.338165969683871 ] ] ] } },
{ "type": "Feature", "properties": { "stable_id": "VN.ADM1.00039" }, "geometry": { "type": "Polygon", "coordinates": [ [ [ 105.294162807367798, 21.053417844957664 ], [ 105.344775587323511, 20.940903119683355 ], [ 105.312656128677474, 20.924130287782702 ], [ 105.275382606822006, 20.924746710992054 ], [ 105.246454051613284, 20.945455415035553 ], [ 105.202996018851366, 20.917204540357375 ], [ 105.193833161970986, 20.929463518426644 ], [ 105.205745231957053, 20.950278972896456 ], [ 105.192107550922799, 20.958529964885997 ], [ 105.122035254923219, 20.941891302841384 ], [ 105.010986790607944, 21.036246849012912 ], [ 104.910824250039241, 21.067064808793987 ], [ 104.926204327967469, 21.084328216374274 ], [ 104.91273804602406, 21.116655196280362 ], [ 104.85366946337507, 21.150413851018527 ], [ 104.865023680298691, 21.206012442720066 ], [ 104.846370670869931, 21.225268965590431 ], [ 104.843727738744349, 21.308381094012361 ], [ 104.815400684294332, 21.330389563927326 ], [ 104.849533878785621, 21.338822450995451 ], [ 104.858725281946363, 21.364986802299143 ], [ 104.897379145331456, 21.344749750400695 ], [ 104.883011557437442, 21.389238303704929 ], [ 104.912423282408668, 21.436355590638186 ], [ 104.867887836654347, 21.54813668496007 ], [ 104.898706585140872, 21.564572476138949 ], [ 104.891870745638471, 21.608881775673524 ], [ 104.905168880439589, 21.609124660075167 ], [ 104.910238930782157, 21.63432732764403 ], [ 104.954976726694667, 21.66046420555881 ], [ 104.971803490039122, 21.646159313901308 ], [ 104.999562699059425, 21.687550274725425 ], [ 105.032030591039018, 21.701230712227698 ], [ 105.094951793790415, 21.679041371562221 ], [ 105.092193277198021, 21.719620303034674 ], [ 105.235459107551947, 21.658734590728784 ], [ 105.22621770478338, 21.629624240266537 ], [ 105.251184488273623, 21.611167593309858 ], [ 105.250443056601796, 21.584437999214401 ], [ 105.276624173966582, 21.558898113757039 ], [ 105.268443169916338, 21.546119955271763 ], [ 105.297300359424185, 21.534380617171905 ], [ 105.304373640631127, 21.507598694224498 ], [ 105.371308743403972, 21.524554739609641 ], [ 105.42345836311307, 21.497589177798432 ], [ 105.521404530794598, 21.535050804551133 ], [ 105.542516777727144, 21.5738421050292 ], [ 105.554791422885955, 21.57209219519865 ], [ 105.65193421898914, 21.45776178278021 ], [ 105.72455653905314, 21.433164223150357 ], [ 105.72915423488007, 21.409294618851732 ], [ 105.749789481399603, 21.415784451391403 ], [ 105.759725390114738, 21.378432977200305 ], [ 105.78469130036342, 21.35956219603861 ], [ 105.788779244266777, 21.344005129732977 ], [ 105.726998655263912, 21.271005910094857 ], [ 105.735001742836289, 21.232844020834989 ], [ 105.69528938100018, 21.215991588141378 ], [ 105.687081792091021, 21.23521114258034 ], [ 105.646884575163199, 21.23619901367357 ], [ 105.657981023005902, 21.220316062736174 ], [ 105.616848210776368, 21.208139120823944 ], [ 105.626650803092218, 21.175279875366016 ], [ 105.563544617889931, 21.154104299074277 ], [ 105.498491289841297, 21.158908113218956 ], [ 105.469875056588762, 21.176178209057184 ], [ 105.436571574818402, 21.286547079084585 ], [ 105.396609971273222, 21.303874941975096 ], [ 105.356306892449197, 21.291516713825274 ], [ 105.341786542115358, 21.209016351023877 ], [ 105.285000892976882, 21.166316342425432 ], [ 105.319880022944801, 21.113612948978471 ], [ 105.294162807367798, 21.053417844957664 ] ] ] } }
]
}
