{
"type": "FeatureCollection",
"name": "boundaries_bd",
"crs": { "type": "name", "properties": { "name": "urn:ogc:def:crs:OGC:1.3:CRS84" } },
"features": [
{ "type": "Feature", "properties": { "stable_id": "BD.ADM2.00001" }, "geometry": { "type": "MultiPolygon", "coordinates": [ [ [ [ 90.026043600000037, 21.88304450000004 ], [ 90.026488500000085, 21.881509300000062 ], [ 90.025492700000086, 21.883034700000053 ], [ 90.026043600000037, 21.88304450000004 ] ] ], [ [ [ 90.023361398000077, 21.888842296000064 ], [ 90.023912800000062, 21.886092900000051 ], [ 90.023944800000038, 21.88455010000007 ], [ 90.023361398000077, 21.888842296000064 ] ] ], [ [ [ 90.024016800000084, 21.901014400000065 ], [ 90.025293600000055, 21.899236900000062 ], [ 90.025177800000051, 21.89820590000005 ], [ 90.024016800000084, 21.901014400000065 ] ] ], [ [ [ 90.023714600000062, 21.902295300000048 ], [ 90.023500532000071, 21.901766438000038 ], [ 90.023266669000066, 21.902287118000061 ], [ 90.023714600000062, 21.902295300000048 ] ] ], [ [ [ 90.023290100000054, 21.902802 ], [ 90.022922787000084, 21.903309721000028 ], [ 90.023417600000073, 21.903318700000057 ], [ 90.023290100000054, 21.902802 ] ] ], [ [ [ 90.02312070000005, 21.904342400000075 ], [ 90.02289522600006, 21.903425515000038 ], [ 90.022678914000039, 21.904334303000041 ], [ 90.02312070000005, 21.904342400000075 ] ] ], [ [ [ 90.023083300000053, 21.906142400000078 ], [ 90.022696200000041, 21.904849100000035 ], [ 90.022354205000056, 21.905900788000054 ], [ 90.023083300000053, 21.906142400000078 ] ] ], [ [ [ 90.023061900000073, 21.90717090000004 ], [ 90.023078, 21.906399400000055 ], [ 90.02235431400004, 21.906609931000048 ], [ 90.023061900000073, 21.90717090000004 ] ] ], [ [ [ 89.984570334000068, 21.954495975000043 ], [ 89.981736383000055, 21.952760685000044 ], [ 89.982465700000034, 21.956974100000025 ], [ 89.984570334000068, 21.954495975000043 ] ] ], [ [ [ 89.87821370000006, 22.086264800000038 ], [ 89.884565100000032, 22.082606300000066 ], [ 89.879072, 22.080061100000023 ], [ 89.87821370000006, 22.086264800000038 ] ] ], [ [ [ 89.891782326000055, 22.147572205000074 ], [ 89.888538294000057, 22.161513580000076 ], [ 89.891726323000057, 22.158278563000067 ], [ 89.892551400000059, 22.152804400000036 ], [ 89.891782326000055, 22.147572205000074 ] ] ], [ [ [ 89.904984, 22.159786100000076 ], [ 89.858720176000077, 22.247926190000044 ], [ 89.862357939000049, 22.291127237000069 ], [ 89.901657100000079, 22.371111625000026 ], [ 89.870882781000034, 22.417255004000026 ], [ 89.94451758200006, 22.466957227000023 ], [ 89.894830489000071, 22.475730017000046 ], [ 89.882212330000073, 22.49759085200003 ], [ 89.969621258000075, 22.501441726000053 ], [ 89.923243355000068, 22.510627234000026 ], [ 89.961971794000078, 22.594276099000069 ], [ 89.920868423000059, 22.606064553000067 ], [ 89.926829012000042, 22.642085436000059 ], [ 89.890109559000052, 22.663996539000038 ], [ 89.89665324200007, 22.674962104000031 ], [ 89.914065761000074, 22.659747459000073 ], [ 89.937000407000085, 22.67994576600006 ], [ 89.861646457000063, 22.697031386000049 ], [ 89.902727355000081, 22.725064562000057 ], [ 89.932424726000079, 22.725562054000022 ], [ 89.931383338000046, 22.75238187900004 ], [ 89.913415931000031, 22.752356494000026 ], [ 89.904466106000086, 22.772563920000039 ], [ 89.938257797000063, 22.784943284000065 ], [ 89.914003523000076, 22.799757854000063 ], [ 89.944658204000064, 22.826052827000069 ], [ 89.938870876000067, 22.864965330000075 ], [ 89.962060162000057, 22.852928957000074 ], [ 90.016182695000055, 22.868707158000063 ], [ 90.034999820000053, 22.934088449000058 ], [ 90.057012627000063, 22.932200821000038 ], [ 90.058244831000081, 22.971284701000059 ], [ 90.083789597000077, 22.981069009000066 ], [ 90.094776709000087, 23.006841103000056 ], [ 90.126670420000039, 23.005699780000043 ], [ 90.13690366700007, 23.052925593000055 ], [ 90.164974333000032, 23.067623285000025 ], [ 90.20086311600005, 23.053792240000064 ], [ 90.220603488000052, 23.065180206000036 ], [ 90.238364897000054, 23.036716112000079 ], [ 90.230051532000061, 22.979068389000076 ], [ 90.256610110000054, 22.964319400000022 ], [ 90.319879959000048, 22.981461128000035 ], [ 90.323441052000078, 23.056134156000041 ], [ 90.383677917000057, 23.056189715000073 ], [ 90.422857263000083, 23.038700682000069 ], [ 90.407893791000049, 23.007083773000033 ], [ 90.466093481000087, 23.004501117000075 ], [ 90.507990987000085, 23.034530913000026 ], [ 90.482604583000068, 23.065629976000025 ], [ 90.542681052000034, 23.070634264000034 ], [ 90.634812318000058, 22.991137899000023 ], [ 90.695154788000082, 22.904386901000066 ], [ 90.650343986000053, 22.904634765000026 ], [ 90.665231966000079, 22.875747564000051 ], [ 90.646222996000063, 22.839056520000042 ], [ 90.568345176000037, 22.792015538000044 ], [ 90.559308066000085, 22.765996362000067 ], [ 90.572566651000045, 22.72172051900003 ], [ 90.553275388000031, 22.686538066000026 ], [ 90.525171792000037, 22.68392405000003 ], [ 90.526844436000033, 22.615049390000024 ], [ 90.554346038000062, 22.592639912000038 ], [ 90.535134973000083, 22.586510768000039 ], [ 90.542769673000066, 22.564891466000063 ], [ 90.516166505000058, 22.560015877000069 ], [ 90.528723292000052, 22.547250751000036 ], [ 90.514137938000033, 22.534909604000063 ], [ 90.501193776000036, 22.54685895700004 ], [ 90.456969123000079, 22.535530108000046 ], [ 90.427220164000062, 22.460445723000078 ], [ 90.362694290000036, 22.504273927000042 ], [ 90.336358743000062, 22.468615168000042 ], [ 90.313172454000039, 22.483487522000075 ], [ 90.221146098000077, 22.448483047000025 ], [ 90.18766520500003, 22.395128013000033 ], [ 90.17594142300004, 22.324300798000024 ], [ 90.138270508000062, 22.343101454000077 ], [ 90.15939239000005, 22.32159944600005 ], [ 90.14561326900008, 22.312310492000051 ], [ 90.147942522000051, 22.273014261000071 ], [ 90.179067114000077, 22.23558672300004 ], [ 90.224958441000069, 22.217121960000043 ], [ 90.245904596000059, 22.261717252000039 ], [ 90.290122380000071, 22.25769775200007 ], [ 90.286969222000039, 22.235040265000066 ], [ 90.334000453000044, 22.263478415000066 ], [ 90.328396751000071, 22.24538857400006 ], [ 90.359573414000067, 22.231713639000077 ], [ 90.347816945000034, 22.202291946000059 ], [ 90.37191497200007, 22.197740177000071 ], [ 90.336591361000046, 22.165355246000047 ], [ 90.346552393000081, 22.110334799000043 ], [ 90.328991459000065, 22.085214173000054 ], [ 90.314808748000075, 22.091972757000065 ], [ 90.279107748000058, 22.064411857000039 ], [ 90.289172634000067, 22.056661700000063 ], [ 90.276372989000038, 22.030885735000027 ], [ 90.248369413000034, 22.020195270000045 ], [ 90.221061416000055, 22.034606115000031 ], [ 90.239275625000062, 22.044512593000036 ], [ 90.226368085000047, 22.047931604000041 ], [ 90.233015035000051, 22.062144327000055 ], [ 90.206866607000052, 22.069211723000024 ], [ 90.199823803000072, 22.091942003000042 ], [ 90.186421292000034, 22.085111652000023 ], [ 90.187043706000054, 22.065467054000067 ], [ 90.21125661700006, 22.049718900000073 ], [ 90.20252124600006, 22.021971519000033 ], [ 90.178818422000063, 22.021828567000057 ], [ 90.191172402000063, 21.984693119000042 ], [ 90.153111683000077, 21.982174265000026 ], [ 90.134338943000046, 21.955143748000069 ], [ 90.142911113000082, 21.931566706000069 ], [ 90.111835229000064, 21.92374017800006 ], [ 90.110135976000038, 21.900019693000047 ], [ 90.088443500000039, 21.904740200000049 ], [ 90.096324400000071, 21.923916 ], [ 90.088173200000085, 21.904478200000028 ], [ 90.052339400000051, 21.89097780000003 ], [ 90.031376800000032, 21.898318 ], [ 90.031790500000056, 21.938197200000047 ], [ 90.024679, 21.928808 ], [ 90.032652700000085, 21.949788400000045 ], [ 90.067067, 21.965841300000022 ], [ 90.056679600000052, 21.978760400000056 ], [ 89.987546605000034, 21.980774255000028 ], [ 89.973559600000044, 21.94855160000003 ], [ 89.938542224000059, 21.958526563000078 ], [ 89.90228890000003, 22.075458400000059 ], [ 89.906582200000059, 22.156928 ], [ 89.919548700000064, 22.156309800000031 ], [ 89.929537200000084, 22.158574800000054 ], [ 89.936277300000086, 22.163983600000051 ], [ 89.939428900000053, 22.169457800000032 ], [ 89.940725200000031, 22.174152100000072 ], [ 89.950463600000035, 22.168872 ], [ 89.95597680000003, 22.168386500000054 ], [ 89.940913600000044, 22.174446600000067 ], [ 89.904984, 22.159786100000076 ] ] ], [ [ [ 90.06922650000007, 21.860410100000024 ], [ 90.064819, 21.860331600000052 ], [ 90.068940500000053, 21.860919600000045 ], [ 90.06922650000007, 21.860410100000024 ] ] ], [ [ [ 90.061767600000053, 21.861306300000024 ], [ 90.061778200000049, 21.860791800000072 ], [ 90.056231800000035, 21.86249360000005 ], [ 90.061767600000053, 21.861306300000024 ] ] ], [ [ [ 90.049853600000063, 21.864437300000077 ], [ 90.050960800000041, 21.864199900000074 ], [ 90.051246700000036, 21.863690500000075 ], [ 90.049853600000063, 21.864437300000077 ] ] ], [ [ [ 90.04585140000006, 21.871439300000077 ], [ 90.044089700000086, 21.876681500000075 ], [ 90.051443100000085, 21.867552800000055 ], [ 90.04585140000006, 21.871439300000077 ] ] ], [ [ [ 90.038680500000055, 21.871696800000052 ], [ 90.036174600000038, 21.872937900000068 ], [ 90.037546700000064, 21.87321970000005 ], [ 90.038680500000055, 21.871696800000052 ] ] ], [ [ [ 90.031427500000063, 21.875939200000062 ], [ 90.032534800000064, 21.875701900000024 ], [ 90.032826200000045, 21.874935500000049 ], [ 90.031427500000063, 21.875939200000062 ] ] ], [ [ [ 90.035750300000075, 21.880133 ], [ 90.037255300000083, 21.87398630000007 ], [ 90.035368500000061, 21.878582600000072 ], [ 90.035750300000075, 21.880133 ] ] ], [ [ [ 90.029159500000048, 21.878985200000045 ], [ 90.029739900000038, 21.877580300000034 ], [ 90.028052100000082, 21.87922240000006 ], [ 90.029159500000048, 21.878985200000045 ] ] ] ] } },
{ "type": "Feature", "properties": { "stable_id": "BD.ADM2.00002" }, "geometry": { "type": "Polygon", "coordinates": [ [ [ 89.327453553000055, 24.599476787000071 ], [ 89.259161142000039, 24.629532975000075 ], [ 89.224917233000042, 24.580034794000028 ], [ 89.21607188400003, 24.613060891000032 ], [ 89.195856655000057, 24.61396738600007 ], [ 89.210099910000054, 24.634637023000039 ], [ 89.188820421000059, 24.651583865000077 ], [ 89.173396312000079, 24.646360640000069 ], [ 89.17179389000006, 24.621696662000033 ], [ 89.149712923000038, 24.616681511000024 ], [ 89.13637183000003, 24.65563833300007 ], [ 89.165865461000067, 24.677373639000052 ], [ 89.141844486000082, 24.678756621000048 ], [ 89.131173619000037, 24.699329651000028 ], [ 89.150586482000051, 24.738700724000068 ], [ 89.126360266000063, 24.738565444000074 ], [ 89.130177300000071, 24.714060513000049 ], [ 89.083520537000084, 24.718637329000046 ], [ 89.09689809300005, 24.734187599000052 ], [ 89.084029945000054, 24.740672050000057 ], [ 89.096260867000069, 24.751295320000054 ], [ 89.081774133000067, 24.764686699000038 ], [ 89.086689828000033, 24.786289368000041 ], [ 89.025202485000079, 24.782077712000046 ], [ 88.989812907000044, 24.743481956000039 ], [ 88.963644474000034, 24.743352403000074 ], [ 88.982152084000063, 24.803113884000027 ], [ 88.969906375000051, 24.823322598000061 ], [ 88.987989257000038, 24.825436731000025 ], [ 88.974179757000059, 24.848679483000069 ], [ 89.007519202000083, 24.899209829000029 ], [ 89.000028920000034, 24.972832225000047 ], [ 89.016529017000039, 25.047290789000044 ], [ 88.953287240000066, 25.055190056000072 ], [ 88.953352982000069, 25.028871612000046 ], [ 88.940841191000061, 25.041481589000057 ], [ 88.940312686000084, 25.114161442000068 ], [ 88.919570741000086, 25.146295015000078 ], [ 88.928472, 25.176625 ], [ 88.948497017000079, 25.17844393300004 ], [ 88.936853, 25.210654 ], [ 88.959617, 25.211056 ], [ 88.954595, 25.252980001000026 ], [ 88.985489, 25.272835 ], [ 89.070601810000085, 25.269665768000038 ], [ 89.096765771000037, 25.240624742000023 ], [ 89.150814682000032, 25.256374035000078 ], [ 89.174713392000058, 25.234540039000024 ], [ 89.195612568000058, 25.239965680000068 ], [ 89.203851431000032, 25.224495088000026 ], [ 89.184079829000041, 25.18437218400004 ], [ 89.216727960000071, 25.164606647000028 ], [ 89.251628398000037, 25.097285252000063 ], [ 89.28009092800005, 25.087631309000074 ], [ 89.297358308000071, 25.116976054000077 ], [ 89.332687881000084, 25.122501218000025 ], [ 89.331282687000055, 25.099892340000054 ], [ 89.359741429000053, 25.089047322000056 ], [ 89.360112715000071, 25.06644675900003 ], [ 89.388730424000073, 25.04715909600003 ], [ 89.413199984000073, 25.083134229000052 ], [ 89.425802867000073, 25.065146798000058 ], [ 89.452502301000038, 25.07574822600003 ], [ 89.45259377800005, 25.055583310000031 ], [ 89.488098078000064, 25.061629089000064 ], [ 89.515136081000037, 25.040399586000035 ], [ 89.64783476100007, 25.046738883000046 ], [ 89.686059796000052, 24.902848407000079 ], [ 89.660792076000064, 24.888072259000069 ], [ 89.684946065000076, 24.828413413000078 ], [ 89.730316229000039, 24.798383788000024 ], [ 89.715335598000081, 24.777346303000058 ], [ 89.674469467000051, 24.780931456000076 ], [ 89.660759718000065, 24.728407382000057 ], [ 89.637268585000072, 24.716648859000031 ], [ 89.645648460000075, 24.701430086000073 ], [ 89.624032033000049, 24.685465845000067 ], [ 89.554647451000051, 24.704282570000032 ], [ 89.562028947000044, 24.689288533000024 ], [ 89.544741640000041, 24.653707114000042 ], [ 89.56198541100008, 24.652665557000034 ], [ 89.549409396000044, 24.617559369000048 ], [ 89.58153085400005, 24.620561399000053 ], [ 89.602681129000075, 24.604297709000036 ], [ 89.601784961000078, 24.562426888000061 ], [ 89.568759355000054, 24.546807414000057 ], [ 89.530545182000083, 24.563393652000059 ], [ 89.519963018000055, 24.536332991000052 ], [ 89.508483849000072, 24.556764205000036 ], [ 89.460012690000042, 24.542385121000052 ], [ 89.42493597400005, 24.560938029000056 ], [ 89.337559297000041, 24.559292346000063 ], [ 89.327453553000055, 24.599476787000071 ] ] ] } },
{ "type": "Feature", "properties": { "stable_id": "BD.ADM2.00003" }, "geometry": { "type": "MultiPolygon", "coordinates": [ [ [ [ 91.508531800000071, 22.388906800000029 ], [ 91.51131762600005, 22.387235753000027 ], [ 91.506974070000069, 22.388027687000033 ], [ 91.508531800000071, 22.388906800000029 ] ] ], [ [ [ 91.524426877000053, 22.389378108000074 ], [ 91.52679640000008, 22.389331700000071 ], [ 91.528853886000036, 22.389663400000074 ], [ 91.526203316000078, 22.388790055000072 ], [ 91.524426877000053, 22.389378108000074 ] ] ], [ [ [ 91.517986018000045, 22.389004001000046 ], [ 91.519034400000066, 22.390418600000032 ], [ 91.52014, 22.390557900000033 ], [ 91.517986018000045, 22.389004001000046 ] ] ], [ [ [ 91.524299900000074, 22.389823600000057 ], [ 91.524303781000071, 22.389460298000074 ], [ 91.521275999000068, 22.390323134000027 ], [ 91.524299900000074, 22.389823600000057 ] ] ], [ [ [ 91.527005200000076, 22.395768800000042 ], [ 91.529800200000068, 22.39322020000003 ], [ 91.527870900000039, 22.392430300000058 ], [ 91.527005200000076, 22.395768800000042 ] ] ], [ [ [ 91.539439400000049, 22.397941 ], [ 91.543697800000075, 22.397850249000044 ], [ 91.536693, 22.395856700000024 ], [ 91.539439400000049, 22.397941 ] ] ], [ [ [ 91.546625300000073, 22.399035300000037 ], [ 91.548017300000083, 22.398275500000068 ], [ 91.544391516000076, 22.39797821600007 ], [ 91.546625300000073, 22.399035300000037 ] ] ], [ [ [ 91.461645600000054, 22.599023600000066 ], [ 91.505644700000062, 22.554908100000034 ], [ 91.548617200000081, 22.473702800000069 ], [ 91.565052100000059, 22.410783500000036 ], [ 91.557507758000042, 22.400183116000051 ], [ 91.480427987000041, 22.399819190000073 ], [ 91.443030500000077, 22.454442200000074 ], [ 91.418332900000053, 22.519839 ], [ 91.425094200000046, 22.522221900000034 ], [ 91.431151800000066, 22.550080100000059 ], [ 91.416149, 22.577732 ], [ 91.433568600000058, 22.605959300000052 ], [ 91.461645600000054, 22.599023600000066 ] ] ], [ [ [ 91.425640400000077, 22.535097200000052 ], [ 91.42243140000005, 22.537124900000038 ], [ 91.422970900000053, 22.538417300000049 ], [ 91.425640400000077, 22.535097200000052 ] ] ], [ [ [ 91.35054260000004, 22.663812200000052 ], [ 91.369523800000081, 22.653453500000069 ], [ 91.360494900000049, 22.666488300000026 ], [ 91.378902200000084, 22.681346900000051 ], [ 91.394284900000059, 22.670434200000045 ], [ 91.404057300000034, 22.652771600000051 ], [ 91.391340900000046, 22.613649 ], [ 91.318075707000048, 22.649833221000051 ], [ 91.350499700000057, 22.71374510000004 ], [ 91.372341600000084, 22.684883800000023 ], [ 91.35054260000004, 22.663812200000052 ] ] ], [ [ [ 91.544101200000057, 22.692716 ], [ 91.543829300000084, 22.692198700000063 ], [ 91.542717, 22.692446100000041 ], [ 91.544101200000057, 22.692716 ] ] ], [ [ [ 91.541876700000046, 22.693210600000043 ], [ 91.543252800000062, 22.69425270000005 ], [ 91.542521400000055, 22.693642800000077 ], [ 91.541876700000046, 22.693210600000043 ] ] ], [ [ [ 91.492543400000045, 22.714375 ], [ 91.491164800000035, 22.713589900000045 ], [ 91.492257600000073, 22.715144600000031 ], [ 91.492543400000045, 22.714375 ] ] ], [ [ [ 91.487824400000079, 22.714587800000061 ], [ 91.486431700000082, 22.715089600000056 ], [ 91.487249800000086, 22.716384300000072 ], [ 91.487824400000079, 22.714587800000061 ] ] ], [ [ [ 91.486641300000031, 22.721269200000052 ], [ 91.485053100000073, 22.714304300000038 ], [ 91.484175400000083, 22.718414300000063 ], [ 91.486641300000031, 22.721269200000052 ] ] ], [ [ [ 91.501067800000044, 22.721405 ], [ 91.494468500000039, 22.71593770000004 ], [ 91.492535, 22.715147300000069 ], [ 91.493888300000037, 22.718248700000061 ], [ 91.501067800000044, 22.721405 ] ] ], [ [ [ 91.490838, 22.718090700000062 ], [ 91.490279, 22.718472100000042 ], [ 91.491663200000062, 22.718742600000041 ], [ 91.490838, 22.718090700000062 ] ] ], [ [ [ 91.48723, 22.718185800000072 ], [ 91.486672300000066, 22.718437900000026 ], [ 91.487501800000075, 22.718703300000072 ], [ 91.48723, 22.718185800000072 ] ] ], [ [ [ 91.48832, 22.719997900000067 ], [ 91.489152100000069, 22.720005900000046 ], [ 91.488605900000039, 22.719228500000042 ], [ 91.48832, 22.719997900000067 ] ] ], [ [ [ 91.489704200000062, 22.720268400000066 ], [ 91.491357600000072, 22.72131360000003 ], [ 91.490811200000053, 22.720536200000026 ], [ 91.489704200000062, 22.720268400000066 ] ] ], [ [ [ 91.487198800000044, 22.721017 ], [ 91.48719310000007, 22.721531700000071 ], [ 91.488303, 22.721542300000067 ], [ 91.487198800000044, 22.721017 ] ] ], [ [ [ 91.490225300000077, 22.723362100000031 ], [ 91.490230900000086, 22.722847500000057 ], [ 91.488840800000048, 22.723091700000055 ], [ 91.490225300000077, 22.723362100000031 ] ] ], [ [ [ 91.458073323000065, 22.751977755000041 ], [ 91.461635600000079, 22.761441700000034 ], [ 91.45697030000008, 22.769118500000047 ], [ 91.463989200000071, 22.761979 ], [ 91.458073323000065, 22.751977755000041 ] ] ], [ [ [ 91.457207400000073, 22.772724200000027 ], [ 91.456941400000062, 22.771692100000053 ], [ 91.456652400000053, 22.772718900000029 ], [ 91.457207400000073, 22.772724200000027 ] ] ], [ [ [ 91.45870767100007, 22.901966246000029 ], [ 91.477270379000061, 22.901920136000058 ], [ 91.462411596000038, 22.877524911000023 ], [ 91.45870767100007, 22.901966246000029 ] ] ], [ [ [ 91.848320166000065, 21.523864047000075 ], [ 91.846307750000051, 21.525552466000022 ], [ 91.851073424000049, 21.523475078000047 ], [ 91.848320166000065, 21.523864047000075 ] ] ], [ [ [ 91.841087790000074, 21.527528478000022 ], [ 91.840155332000052, 21.529038533000062 ], [ 91.840782100000069, 21.529435700000079 ], [ 91.841087790000074, 21.527528478000022 ] ] ], [ [ [ 91.852220183000043, 21.588484321000067 ], [ 91.852078566000046, 21.589284115000055 ], [ 91.85338390000004, 21.588996200000054 ], [ 91.852220183000043, 21.588484321000067 ] ] ], [ [ [ 91.853804800000034, 21.605476700000054 ], [ 91.848950900000034, 21.610077500000045 ], [ 91.85332303000007, 21.614263596000058 ], [ 91.851436800000045, 21.609064800000056 ], [ 91.853804800000034, 21.605476700000054 ] ] ], [ [ [ 91.852254600000037, 21.610100200000034 ], [ 91.851977100000056, 21.610355900000059 ], [ 91.852252500000077, 21.610357800000031 ], [ 91.852254600000037, 21.610100200000034 ] ] ], [ [ [ 91.853510845000073, 21.614485708000075 ], [ 91.85386857900005, 21.614908765000052 ], [ 91.853871900000058, 21.614488200000039 ], [ 91.853510845000073, 21.614485708000075 ] ] ], [ [ [ 91.85441430000003, 21.615521800000067 ], [ 91.854386798000064, 21.61552161000003 ], [ 91.854414051000049, 21.615553840000075 ], [ 91.85441430000003, 21.615521800000067 ] ] ], [ [ [ 91.751235700000052, 22.371628500000043 ], [ 91.75443290000004, 22.378899600000068 ], [ 91.757111400000042, 22.372988100000043 ], [ 91.751235700000052, 22.371628500000043 ] ] ], [ [ [ 91.743697100000077, 22.402746300000047 ], [ 91.74476750000008, 22.406873500000074 ], [ 91.746326500000066, 22.402766700000029 ], [ 91.743697100000077, 22.402746300000047 ] ] ], [ [ [ 91.718668843000046, 22.883131336000076 ], [ 91.754150853000056, 22.862945128000035 ], [ 91.793035592000081, 22.768631562000053 ], [ 91.811712957000054, 22.79327535300007 ], [ 91.856996731000038, 22.777535347000025 ], [ 91.856204173000037, 22.757096821000061 ], [ 91.889175250000051, 22.763290655000048 ], [ 91.876915164000081, 22.715956847000029 ], [ 91.883732292000047, 22.696639650000066 ], [ 91.923935248000078, 22.699234624000042 ], [ 91.943052418000036, 22.668688588000066 ], [ 91.932430994000072, 22.652400646000046 ], [ 91.941334360000042, 22.60695260500006 ], [ 91.969333772000084, 22.547835478000025 ], [ 91.970368393000058, 22.495314351000047 ], [ 91.989384532000031, 22.490200939000033 ], [ 91.980871152000077, 22.483238804000052 ], [ 92.021526948000087, 22.509151786000075 ], [ 92.028080981000073, 22.527747729000055 ], [ 92.005920176000075, 22.586554049000028 ], [ 92.038073515000065, 22.623198381000066 ], [ 92.045382307000068, 22.607071375000032 ], [ 92.080392058000086, 22.609595201000047 ], [ 92.075797818000069, 22.59354503000003 ], [ 92.101318327000058, 22.575913564000075 ], [ 92.133326778000082, 22.479149737000057 ], [ 92.142782398000065, 22.436776630000054 ], [ 92.099363146000087, 22.399713864000034 ], [ 92.120390496000084, 22.366677292000077 ], [ 92.139954978000048, 22.367524188000061 ], [ 92.132045852000033, 22.351040620000049 ], [ 92.154727316000049, 22.323243787000024 ], [ 92.137626561000047, 22.234465799000077 ], [ 92.164311305000069, 22.182149167000034 ], [ 92.160105940000051, 22.128271968000035 ], [ 92.173234818000083, 22.112877315000048 ], [ 92.141170129000045, 22.091673312000069 ], [ 92.176198193000062, 22.06416783800006 ], [ 92.16134554000007, 22.043055254000024 ], [ 92.177570814000035, 22.024267980000047 ], [ 92.216161313000043, 22.005438080000033 ], [ 92.201120173000049, 21.988731580000035 ], [ 92.214079678000076, 21.974773179000067 ], [ 92.180737954000051, 21.942961341000057 ], [ 92.159942737000051, 21.945471581000049 ], [ 92.174539100000061, 21.909844425000074 ], [ 92.129718786000069, 21.901574517000029 ], [ 92.111903985000083, 21.916734610000049 ], [ 92.118500967000045, 21.934582405000072 ], [ 92.075824925000063, 21.923579105000044 ], [ 92.059687981000081, 21.901991189000057 ], [ 92.083359567000059, 21.876749133000033 ], [ 92.080519185000071, 21.809926177000023 ], [ 92.102855710000085, 21.808275611000056 ], [ 92.108140305000063, 21.792487121000022 ], [ 92.130674641000041, 21.799939227000038 ], [ 92.148132958000076, 21.777266110000028 ], [ 92.179658095000036, 21.791388451000046 ], [ 92.189664114000038, 21.776232617000062 ], [ 92.167204345000073, 21.84033566200003 ], [ 92.180317713000079, 21.847766376000038 ], [ 92.212357191000081, 21.786539496000046 ], [ 92.188693858000079, 21.773853907000046 ], [ 92.176430899000081, 21.789174037000066 ], [ 92.158200277000049, 21.734588723000059 ], [ 92.115797764000035, 21.741114570000036 ], [ 92.114208147000056, 21.705700231000037 ], [ 92.09229933000006, 21.688654851000024 ], [ 92.114381351000077, 21.650771161000023 ], [ 92.098520668000049, 21.644220593000057 ], [ 92.140564434000055, 21.618326039000067 ], [ 92.146820580000053, 21.596242176000032 ], [ 92.173578692000035, 21.599985773000071 ], [ 92.184674923000046, 21.568387677000032 ], [ 92.159535294000079, 21.533179996000058 ], [ 92.174799860000064, 21.507480963000035 ], [ 92.20142725200003, 21.514070844000059 ], [ 92.238759906000041, 21.475324872000044 ], [ 92.242251267000086, 21.452132992000031 ], [ 92.229369008000049, 21.446342711000057 ], [ 92.247014417000059, 21.403379671000039 ], [ 92.201880806000077, 21.390525511000078 ], [ 92.187792676000072, 21.426484543000072 ], [ 92.163616912000066, 21.43177507300004 ], [ 92.143519677000086, 21.399976343000048 ], [ 92.126511991000086, 21.400908961000027 ], [ 92.15185509500003, 21.321760227000027 ], [ 92.192700364000075, 21.266630826000039 ], [ 92.166240986000048, 21.221006758000044 ], [ 92.174773188000074, 21.162386186000049 ], [ 92.199327921000076, 21.160075443000039 ], [ 92.19756317100007, 21.119829178000032 ], [ 92.250523010000052, 21.074050333000059 ], [ 92.26273345900006, 20.927259445000061 ], [ 92.31297302300004, 20.846946717000037 ], [ 92.334955414000035, 20.777640414000075 ], [ 92.326529400000084, 20.754266500000028 ], [ 92.33860539300008, 20.746493851000025 ], [ 92.330139100000054, 20.749229700000058 ], [ 92.305936, 20.775755500000059 ], [ 92.299685800000077, 20.791689900000051 ], [ 92.311421, 20.770106700000042 ], [ 92.310226500000056, 20.791990200000043 ], [ 92.221611040000084, 20.919808706000026 ], [ 92.186760600000071, 21.014959 ], [ 92.126016700000037, 21.085725700000069 ], [ 92.128487500000062, 21.085481 ], [ 92.12877160000005, 21.083808300000044 ], [ 92.130547404000083, 21.083824712000023 ], [ 92.141377500000033, 21.086319200000048 ], [ 92.122433700000045, 21.088539500000024 ], [ 92.055259500000034, 21.168127800000036 ], [ 92.043022073000031, 21.300130698000032 ], [ 92.053112400000032, 21.28951950000004 ], [ 92.061631200000079, 21.289180400000077 ], [ 92.079742900000042, 21.292499500000076 ], [ 92.053241, 21.290807500000028 ], [ 92.01879028500008, 21.366019637000022 ], [ 91.948997700000064, 21.458556264000038 ], [ 91.970359942000073, 21.476360758000055 ], [ 91.968026, 21.454575100000056 ], [ 91.972657300000037, 21.447914300000036 ], [ 91.97415662700007, 21.473921138000037 ], [ 92.003269900000078, 21.509501100000023 ], [ 92.009959200000083, 21.496796600000039 ], [ 92.027884700000072, 21.490335800000025 ], [ 92.031186, 21.490355100000045 ], [ 92.036107900000047, 21.494889700000044 ], [ 92.039613900000063, 21.484611 ], [ 92.041286300000081, 21.481273400000077 ], [ 92.043913400000065, 21.479228600000056 ], [ 92.049711, 21.476042800000073 ], [ 92.05301680000008, 21.475289100000055 ], [ 92.062076700000034, 21.478044200000056 ], [ 92.059081400000082, 21.473263600000053 ], [ 92.053852800000072, 21.473620600000061 ], [ 92.053862800000047, 21.47207590000005 ], [ 92.059633300000087, 21.473009200000035 ], [ 92.062633500000061, 21.477017300000057 ], [ 92.062350200000083, 21.478303100000062 ], [ 92.058223200000043, 21.478408200000047 ], [ 92.052738400000067, 21.475802400000077 ], [ 92.04141750000008, 21.482304 ], [ 92.036654700000042, 21.495407800000066 ], [ 92.010903448000079, 21.500813667000045 ], [ 92.017012500000078, 21.51164250000005 ], [ 92.029121900000064, 21.511198400000069 ], [ 92.034058, 21.513673500000039 ], [ 92.040396500000043, 21.512165100000061 ], [ 92.040654700000061, 21.514741300000026 ], [ 92.018658100000039, 21.512424600000031 ], [ 92.015912, 21.511636100000032 ], [ 92.010707800000034, 21.508129800000063 ], [ 91.994968300000039, 21.576265400000068 ], [ 92.006540600000051, 21.594872600000031 ], [ 92.015373500000067, 21.591448900000046 ], [ 92.028293900000051, 21.594228700000031 ], [ 92.02616560000007, 21.583145 ], [ 92.029962300000079, 21.580542800000046 ], [ 92.03324740000005, 21.594515 ], [ 92.012581400000045, 21.597225900000069 ], [ 92.021577800000045, 21.610409900000036 ], [ 92.032601, 21.608929700000033 ], [ 92.03231720000008, 21.61021530000005 ], [ 92.038200247000077, 21.612028442000053 ], [ 92.043419800000038, 21.617488700000024 ], [ 92.046213200000068, 21.632438100000059 ], [ 92.019472773000075, 21.608713129000023 ], [ 92.011253500000066, 21.630559800000071 ], [ 92.010615800000039, 21.602878500000031 ], [ 91.995475400000032, 21.642437900000061 ], [ 92.001440800000069, 21.65599050000003 ], [ 92.02015010000008, 21.658805700000073 ], [ 92.024921, 21.666042800000071 ], [ 92.019791, 21.691502100000037 ], [ 92.03172120000005, 21.699553700000024 ], [ 92.018589900000052, 21.726510400000052 ], [ 92.043623300000036, 21.732836 ], [ 92.046309200000053, 21.743407700000034 ], [ 92.054366600000037, 21.733412600000065 ], [ 92.056292200000087, 21.733938600000045 ], [ 92.056960500000059, 21.737032 ], [ 92.054554500000052, 21.746802 ], [ 92.04682820000005, 21.748302400000057 ], [ 92.058636300000046, 21.754806900000062 ], [ 92.046414300000038, 21.748300200000074 ], [ 92.054285800000059, 21.745770600000071 ], [ 92.055463800000041, 21.734191300000077 ], [ 92.051000700000031, 21.742404700000066 ], [ 92.046582300000068, 21.743795 ], [ 92.042727700000057, 21.743257800000038 ], [ 92.018448100000057, 21.727024400000062 ], [ 92.019863400000077, 21.660477200000059 ], [ 91.996109788000069, 21.659450726000046 ], [ 91.997881200000052, 21.672833400000059 ], [ 91.995247300000074, 21.675392300000055 ], [ 91.99331740000008, 21.675638 ], [ 91.995214200000078, 21.660201400000062 ], [ 91.979408300000046, 21.655856500000027 ], [ 91.961793700000044, 21.673384 ], [ 91.982810900000061, 21.681238300000075 ], [ 91.983548700000085, 21.693858500000033 ], [ 91.990172600000051, 21.692096700000036 ], [ 91.993199300000072, 21.69263 ], [ 91.993579900000043, 21.697266800000023 ], [ 91.972827300000063, 21.71001270000005 ], [ 91.983119500000043, 21.715740400000072 ], [ 91.989519200000075, 21.706768200000056 ], [ 91.994194700000037, 21.707954900000061 ], [ 91.996920300000056, 21.712219900000036 ], [ 92.000978300000043, 21.72305810000006 ], [ 92.003161400000067, 21.726160700000037 ], [ 92.00381770000007, 21.737147100000072 ], [ 92.007199100000037, 21.740088100000037 ], [ 92.003636200000074, 21.737234600000022 ], [ 91.993369200000075, 21.707821500000023 ], [ 91.976189600000055, 21.721619400000066 ], [ 91.982149200000038, 21.716506800000047 ], [ 91.972133500000041, 21.710780800000066 ], [ 91.978737300000034, 21.686471300000051 ], [ 91.961914300000046, 21.675830200000064 ], [ 91.945893827000077, 21.738412616000062 ], [ 91.938938100000087, 21.747646 ], [ 91.950971700000082, 21.760338300000058 ], [ 91.956693700000073, 21.788566100000025 ], [ 91.979575, 21.788451500000065 ], [ 91.986153700000045, 21.793770400000028 ], [ 91.988316400000031, 21.799833500000034 ], [ 91.996630700000082, 21.793576800000039 ], [ 92.002138800000068, 21.79438250000004 ], [ 92.006096400000047, 21.800070700000049 ], [ 92.007078615000069, 21.807928826000023 ], [ 92.01675380000006, 21.793826100000047 ], [ 92.035003, 21.785694800000044 ], [ 92.03637880000008, 21.786089600000025 ], [ 92.032043500000043, 21.79533280000004 ], [ 92.039573400000052, 21.803100700000073 ], [ 92.031895700000064, 21.796876800000064 ], [ 92.03123190000008, 21.793011 ], [ 92.035274400000048, 21.786340600000074 ], [ 92.008238070000061, 21.808655351000027 ], [ 92.006451900000059, 21.808569100000057 ], [ 92.004951964000043, 21.806102526000075 ], [ 92.003773200000069, 21.797224500000027 ], [ 91.999109100000055, 21.793977700000028 ], [ 91.988309300000083, 21.80086330000006 ], [ 91.956402300000036, 21.790753 ], [ 91.94013330000007, 21.753832800000055 ], [ 91.940529300000037, 21.756152400000076 ], [ 91.93940420000007, 21.759234800000058 ], [ 91.934834500000079, 21.762294900000029 ], [ 91.891763900000058, 21.77205280000004 ], [ 91.90055220000005, 21.776230800000064 ], [ 91.892649, 21.782357 ], [ 91.925428600000032, 21.859295700000075 ], [ 91.92609310000006, 21.866121 ], [ 91.923394200000075, 21.876659 ], [ 91.941505344000063, 21.879864680000026 ], [ 91.944728100000077, 21.882461100000057 ], [ 91.946337600000049, 21.888650300000052 ], [ 91.925578600000051, 21.879633500000068 ], [ 91.922749411000041, 21.875999506000028 ], [ 91.922470900000064, 21.870988800000077 ], [ 91.924486400000035, 21.859674 ], [ 91.917032400000039, 21.860655100000031 ], [ 91.905498500000078, 21.944508900000073 ], [ 91.889591100000075, 21.949551 ], [ 91.875827400000048, 21.994384400000058 ], [ 91.881847300000061, 22.036389900000074 ], [ 91.862849, 22.115809900000045 ], [ 91.844074900000066, 22.114133300000049 ], [ 91.831064300000037, 22.133863800000029 ], [ 91.817807370000082, 22.231112812000049 ], [ 91.79974930000003, 22.225927900000045 ], [ 91.765943900000082, 22.275441100000023 ], [ 91.758788200000083, 22.373169200000063 ], [ 91.727950800000031, 22.459771800000055 ], [ 91.623262200000056, 22.59946130000003 ], [ 91.608982500000081, 22.613495900000032 ], [ 91.597558400000082, 22.619059500000049 ], [ 91.59599970000005, 22.636034900000027 ], [ 91.563070800000048, 22.682591200000047 ], [ 91.476301300000046, 22.752959 ], [ 91.46534360000004, 22.740113400000041 ], [ 91.464590300000054, 22.757866500000034 ], [ 91.471782700000063, 22.75999470000005 ], [ 91.475144200000045, 22.757195400000057 ], [ 91.481367600000056, 22.759056500000042 ], [ 91.465113600000052, 22.760702900000069 ], [ 91.443014745000085, 22.801511977000075 ], [ 91.465787387000034, 22.845614093000052 ], [ 91.482497800000033, 22.845037500000046 ], [ 91.484674918000053, 22.902699859000052 ], [ 91.531398470000056, 22.913837004000072 ], [ 91.527484779000076, 22.94730988200007 ], [ 91.565926571000034, 22.947055323000029 ], [ 91.579672006000067, 22.975858408000079 ], [ 91.601668, 22.973610001000054 ], [ 91.61361, 22.943055 ], [ 91.647222, 22.986388 ], [ 91.713346904000048, 22.990117713000075 ], [ 91.730641035000076, 22.940223564000064 ], [ 91.718668843000046, 22.883131336000076 ] ] ], [ [ [ 91.632323600000063, 22.580232600000045 ], [ 91.630373100000043, 22.581245700000068 ], [ 91.632033700000079, 22.58151730000003 ], [ 91.632323600000063, 22.580232600000045 ] ] ], [ [ [ 91.62163490000006, 22.595843500000058 ], [ 91.621080600000084, 22.595838700000058 ], [ 91.621072800000036, 22.596611 ], [ 91.62163490000006, 22.595843500000058 ] ] ], [ [ [ 91.618560100000082, 22.598391200000037 ], [ 91.619663600000081, 22.598915500000032 ], [ 91.619396800000061, 22.597883500000023 ], [ 91.618560100000082, 22.598391200000037 ] ] ], [ [ [ 91.615510700000073, 22.598364900000036 ], [ 91.618816700000082, 22.600452800000028 ], [ 91.61716750000005, 22.599022300000058 ], [ 91.615510700000073, 22.598364900000036 ] ] ], [ [ [ 91.612982500000044, 22.601689400000055 ], [ 91.613552300000038, 22.60015 ], [ 91.611599, 22.601420100000041 ], [ 91.612982500000044, 22.601689400000055 ] ] ], [ [ [ 91.614637900000048, 22.602476 ], [ 91.614366, 22.601958900000056 ], [ 91.613806300000078, 22.602468900000076 ], [ 91.614637900000048, 22.602476 ] ] ], [ [ [ 91.614635300000032, 22.602733500000056 ], [ 91.61462750000004, 22.60350550000004 ], [ 91.616290900000081, 22.603519900000038 ], [ 91.614635300000032, 22.602733500000056 ] ] ], [ [ [ 91.608220600000038, 22.606539200000043 ], [ 91.610451400000045, 22.605271300000027 ], [ 91.609075700000062, 22.604229800000041 ], [ 91.608220600000038, 22.606539200000043 ] ] ], [ [ [ 91.609876300000053, 22.607325800000069 ], [ 91.609047100000055, 22.607061200000032 ], [ 91.609311300000059, 22.608350500000029 ], [ 91.609876300000053, 22.607325800000069 ] ] ], [ [ [ 91.609860800000035, 22.608870100000047 ], [ 91.609578200000044, 22.609382500000038 ], [ 91.610130100000049, 22.609644600000024 ], [ 91.609860800000035, 22.608870100000047 ] ] ], [ [ [ 91.591301700000031, 22.634449200000063 ], [ 91.59020170000008, 22.633538200000032 ], [ 91.588256900000033, 22.633907700000066 ], [ 91.591301700000031, 22.634449200000063 ] ] ], [ [ [ 91.588473700000065, 22.63983 ], [ 91.587647200000049, 22.639308 ], [ 91.588466, 22.640602100000024 ], [ 91.588473700000065, 22.63983 ] ] ], [ [ [ 91.584319900000082, 22.639278500000046 ], [ 91.583765200000073, 22.639273600000024 ], [ 91.584026700000038, 22.640820400000052 ], [ 91.584319900000082, 22.639278500000046 ] ] ], [ [ [ 91.578079100000082, 22.652865900000052 ], [ 91.577689200000066, 22.650288500000045 ], [ 91.577529900000059, 22.652346300000033 ], [ 91.578079100000082, 22.652865900000052 ] ] ], [ [ [ 91.569901200000061, 22.66592090000006 ], [ 91.569338400000049, 22.666688200000067 ], [ 91.57017060000004, 22.666695600000025 ], [ 91.569901200000061, 22.66592090000006 ] ] ], [ [ [ 91.916239167000072, 21.469664230000035 ], [ 91.91611946900008, 21.469641645000024 ], [ 91.916257981000058, 21.469675125000037 ], [ 91.916239167000072, 21.469664230000035 ] ] ], [ [ [ 91.913937067000063, 21.469538729000078 ], [ 91.913124920000087, 21.469651916000032 ], [ 91.911770779000051, 21.470220295000047 ], [ 91.913937067000063, 21.469538729000078 ] ] ], [ [ [ 91.911703343000056, 21.471432674000027 ], [ 91.911968813000044, 21.471612942000036 ], [ 91.91193190000007, 21.47147 ], [ 91.911703343000056, 21.471432674000027 ] ] ], [ [ [ 91.91858333600004, 21.473221717000058 ], [ 91.91680548800008, 21.469992185000024 ], [ 91.918336072000045, 21.47465730600004 ], [ 91.91858333600004, 21.473221717000058 ] ] ], [ [ [ 91.918090868000036, 21.475245438000059 ], [ 91.920669, 21.480280600000071 ], [ 91.921367194000084, 21.480503381000062 ], [ 91.920463120000079, 21.476354375000028 ], [ 91.918090868000036, 21.475245438000059 ] ] ], [ [ [ 91.90638290000004, 21.477870500000051 ], [ 91.912281, 21.479968800000051 ], [ 91.907218600000078, 21.476459400000067 ], [ 91.90638290000004, 21.477870500000051 ] ] ], [ [ [ 91.918443700000068, 21.483613200000036 ], [ 91.917903200000069, 21.482322400000044 ], [ 91.917893500000048, 21.483609600000023 ], [ 91.918443700000068, 21.483613200000036 ] ] ], [ [ [ 91.916529700000069, 21.482056100000023 ], [ 91.917614800000081, 21.484122800000023 ], [ 91.917353, 21.48231880000003 ], [ 91.916529700000069, 21.482056100000023 ] ] ], [ [ [ 91.918971, 21.486706200000071 ], [ 91.91939270000006, 21.485421600000052 ], [ 91.917889700000046, 21.484124700000052 ], [ 91.918971, 21.486706200000071 ] ] ], [ [ [ 91.860207238000044, 21.512993379000022 ], [ 91.897020200000043, 21.479224700000032 ], [ 91.905288400000074, 21.477090800000042 ], [ 91.906679, 21.475040400000069 ], [ 91.914773301000082, 21.47772169600006 ], [ 91.909913621000044, 21.473989897000024 ], [ 91.903444812000032, 21.475210691000029 ], [ 91.891922276000059, 21.480455362000043 ], [ 91.862628021000035, 21.505732204000026 ], [ 91.860207238000044, 21.512993379000022 ] ] ], [ [ [ 91.925732900000071, 21.502455400000031 ], [ 91.91994980000004, 21.503190400000051 ], [ 91.925983300000041, 21.505804100000034 ], [ 91.925732900000071, 21.502455400000031 ] ] ], [ [ [ 91.928723200000036, 21.507366600000069 ], [ 91.929829300000051, 21.506601100000069 ], [ 91.926516500000048, 21.508124600000031 ], [ 91.928723200000036, 21.507366600000069 ] ] ], [ [ [ 91.927885600000081, 21.509034100000065 ], [ 91.929810400000065, 21.509175700000071 ], [ 91.929816, 21.508403400000077 ], [ 91.926507, 21.509411900000032 ], [ 91.927885600000081, 21.509034100000065 ] ] ], [ [ [ 91.857413525000084, 21.513341635000074 ], [ 91.859062900000083, 21.514114100000029 ], [ 91.860091025000031, 21.513311818000034 ], [ 91.857413525000084, 21.513341635000074 ] ] ], [ [ [ 91.861139045000073, 21.54282052800005 ], [ 91.858354700000064, 21.534319500000038 ], [ 91.856148400000052, 21.534948500000041 ], [ 91.861139045000073, 21.54282052800005 ] ] ], [ [ [ 91.863929700000085, 21.560490500000071 ], [ 91.864354, 21.558948600000065 ], [ 91.862852549000081, 21.560859569000058 ], [ 91.863929700000085, 21.560490500000071 ] ] ], [ [ [ 91.860038056000064, 21.56400676800007 ], [ 91.859985098000038, 21.564082812000038 ], [ 91.860048600000084, 21.564068500000076 ], [ 91.860038056000064, 21.56400676800007 ] ] ], [ [ [ 91.888826100000074, 21.580096200000071 ], [ 91.887720100000081, 21.580733 ], [ 91.889367600000071, 21.581259 ], [ 91.888826100000074, 21.580096200000071 ] ] ], [ [ [ 91.859579800000063, 21.588781300000051 ], [ 91.858763200000055, 21.587616700000069 ], [ 91.858209600000066, 21.587999600000046 ], [ 91.859579800000063, 21.588781300000051 ] ] ], [ [ [ 91.856256500000086, 21.591333200000065 ], [ 91.854282900000044, 21.597241200000042 ], [ 91.855651300000034, 21.598280500000044 ], [ 91.856256500000086, 21.591333200000065 ] ] ], [ [ [ 91.880611800000054, 21.645951400000058 ], [ 91.879441700000086, 21.654826300000025 ], [ 91.886924700000066, 21.648697600000048 ], [ 91.880611800000054, 21.645951400000058 ] ] ], [ [ [ 91.887419500000078, 21.763527500000066 ], [ 91.916165100000057, 21.752647600000046 ], [ 91.905292100000054, 21.732751700000051 ], [ 91.909465600000033, 21.70909290000003 ], [ 91.878642200000058, 21.687003300000072 ], [ 91.872837030000085, 21.651106827000035 ], [ 91.855734924000046, 21.68620125700005 ], [ 91.887419500000078, 21.763527500000066 ] ] ], [ [ [ 91.908344500000055, 21.729939800000068 ], [ 91.917452600000047, 21.72794 ], [ 91.914185900000064, 21.722640200000058 ], [ 91.908344500000055, 21.729939800000068 ] ] ], [ [ [ 91.919210574000033, 21.735994898000058 ], [ 91.917955900000038, 21.752659300000062 ], [ 91.907257, 21.764432100000079 ], [ 91.939691100000061, 21.757691800000032 ], [ 91.919210574000033, 21.735994898000058 ] ] ], [ [ [ 91.895657017000076, 21.88440448800003 ], [ 91.850766, 21.74577 ], [ 91.837445100000082, 21.740270300000077 ], [ 91.846334374000037, 21.899350240000047 ], [ 91.872660726000049, 21.923472574000073 ], [ 91.895657017000076, 21.88440448800003 ] ] ], [ [ [ 92.324478150000061, 20.588199615000065 ], [ 92.321228027000075, 20.634553909000033 ], [ 92.328918457000043, 20.585992813000075 ], [ 92.324478150000061, 20.588199615000065 ] ] ], [ [ [ 92.359077454000044, 20.719886781000071 ], [ 92.344734192000033, 20.717298509000045 ], [ 92.343077921000031, 20.724212501000068 ], [ 92.359077454000044, 20.719886781000071 ] ] ], [ [ [ 92.333805400000074, 20.754229400000042 ], [ 92.334348400000067, 20.755261500000074 ], [ 92.33490050000006, 20.754233700000043 ], [ 92.333805400000074, 20.754229400000042 ] ] ], [ [ [ 92.306256400000052, 20.791974200000027 ], [ 92.306261100000086, 20.790944100000047 ], [ 92.305163400000083, 20.791454800000054 ], [ 92.306256400000052, 20.791974200000027 ] ] ], [ [ [ 92.040161401000034, 21.308647995000058 ], [ 92.040590223000038, 21.30892573400007 ], [ 92.040624600000058, 21.308759700000053 ], [ 92.040161401000034, 21.308647995000058 ] ] ], [ [ [ 92.039169434000087, 21.312278233000029 ], [ 92.035072351000053, 21.315863186000058 ], [ 92.035410201000047, 21.322962956000026 ], [ 92.039169434000087, 21.312278233000029 ] ] ], [ [ [ 91.933275300000048, 21.486798300000032 ], [ 91.934089100000051, 21.488348300000041 ], [ 91.933825500000069, 21.486801700000058 ], [ 91.933275300000048, 21.486798300000032 ] ] ], [ [ [ 91.976099900000065, 21.499682200000052 ], [ 91.975545900000043, 21.500193600000046 ], [ 91.976367700000083, 21.50071360000004 ], [ 91.976099900000065, 21.499682200000052 ] ] ], [ [ [ 91.928761800000075, 21.50208820000006 ], [ 91.931219, 21.504678600000034 ], [ 91.937553100000059, 21.503818300000034 ], [ 91.928761800000075, 21.50208820000006 ] ] ], [ [ [ 91.940853600000082, 21.503967600000067 ], [ 91.938489883000045, 21.503167759000064 ], [ 91.93810140000005, 21.504079300000058 ], [ 91.940853600000082, 21.503967600000067 ] ] ], [ [ [ 91.943883354000036, 21.503489051000031 ], [ 91.943055500000071, 21.503853200000037 ], [ 91.943880700000079, 21.503858500000035 ], [ 91.943883354000036, 21.503489051000031 ] ] ], [ [ [ 91.952973300000053, 21.501984200000038 ], [ 91.946345600000086, 21.505418900000052 ], [ 91.957089900000085, 21.503426500000046 ], [ 91.952973300000053, 21.501984200000038 ] ] ], [ [ [ 91.936158900000066, 21.506384100000048 ], [ 91.938906400000064, 21.506916600000068 ], [ 91.940573700000073, 21.50461 ], [ 91.936992500000031, 21.505230500000039 ], [ 91.936158900000066, 21.506384100000048 ] ] ], [ [ [ 91.940289300000074, 21.505895400000043 ], [ 91.944416100000069, 21.505921700000044 ], [ 91.944150400000069, 21.504632700000059 ], [ 91.940289300000074, 21.505895400000043 ] ] ], [ [ [ 91.928159600000072, 21.509165100000075 ], [ 91.927879, 21.509935800000051 ], [ 91.928979300000037, 21.509942800000033 ], [ 91.928159600000072, 21.509165100000075 ] ] ], [ [ [ 92.004081100000064, 21.511565800000028 ], [ 92.004917100000057, 21.510026 ], [ 92.002986800000031, 21.510658600000056 ], [ 92.004081100000064, 21.511565800000028 ] ] ], [ [ [ 91.997681800000066, 21.602028700000062 ], [ 91.993128, 21.603546 ], [ 91.996541500000035, 21.607686100000024 ], [ 91.997681800000066, 21.602028700000062 ] ] ], [ [ [ 91.990479200000038, 21.608421800000031 ], [ 91.991852300000062, 21.608945200000051 ], [ 91.989943, 21.606358900000032 ], [ 91.990479200000038, 21.608421800000031 ] ] ], [ [ [ 91.981269400000031, 21.645698500000037 ], [ 91.973846600000059, 21.50713490000004 ], [ 91.895327100000031, 21.521309500000029 ], [ 91.896030400000086, 21.573836700000072 ], [ 91.90315170000008, 21.578518300000042 ], [ 91.904784900000038, 21.580974300000037 ], [ 91.911416900000063, 21.577542600000072 ], [ 91.914721, 21.577434900000071 ], [ 91.91691430000003, 21.578608200000076 ], [ 91.882568100000071, 21.58842240000007 ], [ 91.88357620000005, 21.618552200000067 ], [ 91.899275700000032, 21.617884500000059 ], [ 91.885395938000045, 21.629977353000072 ], [ 91.904236800000035, 21.635424700000044 ], [ 91.889564300000075, 21.663647800000035 ], [ 91.897736600000087, 21.657388200000071 ], [ 91.90503, 21.658086500000024 ], [ 91.88140670000007, 21.685734800000034 ], [ 91.910480800000073, 21.702405700000043 ], [ 91.936349900000039, 21.743638300000043 ], [ 91.959887800000047, 21.670282500000042 ], [ 91.981269400000031, 21.645698500000037 ] ] ], [ [ [ 91.994364100000041, 21.64384670000004 ], [ 91.993670600000087, 21.64448660000005 ], [ 91.995155400000044, 21.648872600000061 ], [ 91.994364100000041, 21.64384670000004 ] ] ], [ [ [ 91.980246300000033, 21.654188600000055 ], [ 91.988380900000038, 21.652693600000077 ], [ 91.985803900000064, 21.647141700000077 ], [ 91.980246300000033, 21.654188600000055 ] ] ], [ [ [ 91.979953, 21.695896100000027 ], [ 91.979742800000054, 21.686626100000069 ], [ 91.97905540000005, 21.686364500000025 ], [ 91.979953, 21.695896100000027 ] ] ], [ [ [ 91.981247827000061, 21.697890475000065 ], [ 91.982153200000084, 21.696424600000057 ], [ 91.978267300000084, 21.70052 ], [ 91.981247827000061, 21.697890475000065 ] ] ] ] } },
{ "type": "Feature", "properties": { "stable_id": "BD.ADM2.00004" }, "geometry": { "type": "Polygon", "coordinates": [ [ [ 92.172184678000065, 23.737026895000042 ], [ 92.203056, 23.706665 ], [ 92.211668, 23.652221 ], [ 92.252221997000049, 23.722499005000032 ], [ 92.288889, 23.696111 ], [ 92.271532, 23.639992 ], [ 92.278335, 23.605 ], [ 92.299723, 23.572778001000074 ], [ 92.327223, 23.428889 ], [ 92.373612, 23.359166 ], [ 92.386944, 23.280001001000073 ], [ 92.348612, 23.22361 ], [ 92.36111, 23.104721 ], [ 92.383610001000079, 23.052777033000041 ], [ 92.374722001000066, 22.941943999000046 ], [ 92.443888, 22.889443 ], [ 92.470555, 22.75639 ], [ 92.51639, 22.715833 ], [ 92.533056, 22.596944 ], [ 92.525279, 22.547222 ], [ 92.541944, 22.520277 ], [ 92.589168, 22.197499 ], [ 92.606111, 22.162777 ], [ 92.598889997000072, 22.137222001000055 ], [ 92.562223001000064, 22.133332034000034 ], [ 92.63345170100007, 21.876589756000044 ], [ 92.617322070000057, 21.848218794000047 ], [ 92.586910510000052, 21.880526861000078 ], [ 92.523560044000078, 22.02598709800003 ], [ 92.485683939000069, 22.210139109000067 ], [ 92.463720959000057, 22.254163548000065 ], [ 92.360002331000032, 22.341343394000035 ], [ 92.281930426000031, 22.355682115000036 ], [ 92.208257532000061, 22.330458148000048 ], [ 92.186264084000072, 22.346873913000024 ], [ 92.133215926000048, 22.349389691000056 ], [ 92.139954978000048, 22.367524188000061 ], [ 92.120390496000084, 22.366677292000077 ], [ 92.099363146000087, 22.399713864000034 ], [ 92.142782398000065, 22.436776630000054 ], [ 92.140168262000032, 22.450103813000055 ], [ 92.080392058000086, 22.609595201000047 ], [ 92.045382307000068, 22.607071375000032 ], [ 92.038073515000065, 22.623198381000066 ], [ 92.01285788000007, 22.604944646000035 ], [ 92.006678884000053, 22.580822049000062 ], [ 92.028080981000073, 22.527747729000055 ], [ 92.016167030000076, 22.499226053000029 ], [ 91.980871152000077, 22.483238804000052 ], [ 91.989384532000031, 22.490200939000033 ], [ 91.970368393000058, 22.495314351000047 ], [ 91.969333772000084, 22.547835478000025 ], [ 91.941334360000042, 22.60695260500006 ], [ 91.932430994000072, 22.652400646000046 ], [ 91.943052418000036, 22.668688588000066 ], [ 91.923935248000078, 22.699234624000042 ], [ 91.883732292000047, 22.696639650000066 ], [ 91.876915164000081, 22.715956847000029 ], [ 91.889175250000051, 22.763290655000048 ], [ 91.856204173000037, 22.757096821000061 ], [ 91.856996731000038, 22.777535347000025 ], [ 91.811712957000054, 22.79327535300007 ], [ 91.793035592000081, 22.768631562000053 ], [ 91.754150853000056, 22.862945128000035 ], [ 91.716422672000078, 22.886940639000045 ], [ 91.730641035000076, 22.940223564000064 ], [ 91.713346904000048, 22.990117713000075 ], [ 91.778611, 23.036944 ], [ 91.779999993000047, 23.065279004000047 ], [ 91.806110994000051, 23.071111 ], [ 91.820555996000053, 23.097777997000037 ], [ 91.768056, 23.249999 ], [ 91.771668, 23.284166 ], [ 91.845, 23.410278 ], [ 91.933055, 23.444443 ], [ 91.966112, 23.501667 ], [ 91.936666, 23.673888 ], [ 91.947499, 23.727777001000049 ], [ 91.962778, 23.731666 ], [ 92.037222, 23.645278 ], [ 92.069722, 23.651666 ], [ 92.136666, 23.726944 ], [ 92.172184678000065, 23.737026895000042 ] ] ] } },
{ "type": "Feature", "properties": { "stable_id": "BD.ADM2.00005" }, "geometry": { "type": "Polygon", "coordinates": [ [ [ 90.682109232000073, 23.489505798000039 ], [ 90.711080233000075, 23.515040935000059 ], [ 90.687623811000037, 23.55664930100005 ], [ 90.647214209000083, 23.575709635000067 ], [ 90.666967153000087, 23.594034212000054 ], [ 90.653053675000081, 23.620404212000039 ], [ 90.629950244000042, 23.620819235000056 ], [ 90.63970671800007, 23.674161887000025 ], [ 90.733230467000055, 23.66794314200007 ], [ 90.740986478000082, 23.69779894100003 ], [ 90.721487319000062, 23.737625414000036 ], [ 90.76665659400004, 23.804642848000071 ], [ 90.767351945000087, 23.864549261000036 ], [ 90.914317169000071, 23.873821103000068 ], [ 90.971698832000072, 23.967659912000045 ], [ 90.97515955700004, 24.021224597000071 ], [ 91.053548566000075, 24.084482811000044 ], [ 91.044231185000058, 24.109925635000025 ], [ 90.985308762000045, 24.15217821400006 ], [ 90.991887920000067, 24.164695263000056 ], [ 91.042830615000071, 24.212994392000041 ], [ 91.08996626000004, 24.211326086000042 ], [ 91.085103322000066, 24.241120816000034 ], [ 91.133845357000041, 24.243097116000058 ], [ 91.173557894000055, 24.26519860600007 ], [ 91.194882368000037, 24.239842943000042 ], [ 91.285437774000059, 24.223308812000028 ], [ 91.293032028000084, 24.259563648000039 ], [ 91.320986498000082, 24.264404727000056 ], [ 91.324015308000071, 24.229542255000069 ], [ 91.277250822000042, 24.203230986000051 ], [ 91.312662292000084, 24.203490445000057 ], [ 91.312741478000078, 24.182736433000059 ], [ 91.277214839000067, 24.18151825800004 ], [ 91.261761400000069, 24.146454862000041 ], [ 91.292469591000042, 24.117143981000027 ], [ 91.270802356000047, 24.112510697000062 ], [ 91.267646385000035, 24.093692549000025 ], [ 91.293137057000081, 24.09353717700003 ], [ 91.284067356000037, 24.060791380000069 ], [ 91.311608792000072, 24.039836825000066 ], [ 91.294286474000046, 24.001299159000041 ], [ 91.299782982000067, 23.972307031000071 ], [ 91.284649, 23.982176001000028 ], [ 91.264312, 23.944872 ], [ 91.276159954000036, 23.922701023000059 ], [ 91.246312, 23.926855 ], [ 91.228877, 23.898871 ], [ 91.254144014000076, 23.837175004000073 ], [ 91.219400004000079, 23.756098013000042 ], [ 91.166646, 23.749798 ], [ 91.155894, 23.713593 ], [ 91.161102010000036, 23.696372998000072 ], [ 91.198612, 23.683889 ], [ 91.190082990000064, 23.656808007000052 ], [ 91.162223, 23.663056 ], [ 91.159444, 23.640555 ], [ 91.206111012000065, 23.552499965000038 ], [ 91.2075, 23.5125 ], [ 91.248888, 23.481389001000025 ], [ 91.282222, 23.373333001000049 ], [ 91.314722999000082, 23.364166987000033 ], [ 91.288611, 23.328333 ], [ 91.302778003000071, 23.313609996000025 ], [ 91.333889, 23.121389001000068 ], [ 91.370887911000068, 23.068748946000028 ], [ 91.302627911000059, 23.048044265000044 ], [ 91.235912522000035, 23.065976555000077 ], [ 91.185265971000035, 23.060251503000075 ], [ 91.159902287000079, 23.084072286000037 ], [ 91.079435631000081, 23.071601783000062 ], [ 91.042915897000057, 23.090539016000037 ], [ 91.035562274000085, 23.114657007000062 ], [ 90.984503825000047, 23.117816105000031 ], [ 90.955517087000032, 23.145932977000029 ], [ 90.912109934000057, 23.147814880000055 ], [ 90.891857080000079, 23.171788651000043 ], [ 90.868051387000037, 23.173530603000074 ], [ 90.796376904000056, 23.118578157000059 ], [ 90.791998565000085, 23.078154102000042 ], [ 90.752054931000032, 23.067553864000047 ], [ 90.730896524000059, 23.041903026000057 ], [ 90.697827433000043, 23.06199497700004 ], [ 90.667300609000051, 23.054922960000056 ], [ 90.65779847500005, 23.023387710000065 ], [ 90.669675234000067, 23.015453727000079 ], [ 90.644150102000083, 22.980817676000072 ], [ 90.610277357000086, 22.999138325000047 ], [ 90.542681052000034, 23.070634264000034 ], [ 90.562242688000083, 23.078026679000061 ], [ 90.554771717000051, 23.131898883000076 ], [ 90.60869604700008, 23.211882833000061 ], [ 90.551142395000056, 23.29637690800007 ], [ 90.591784055000062, 23.33403290800004 ], [ 90.54414014300005, 23.369967786000075 ], [ 90.539004721000083, 23.391194034000023 ], [ 90.577623515000084, 23.451490693000039 ], [ 90.576951301000065, 23.496028159000048 ], [ 90.641435303000037, 23.503695914000048 ], [ 90.682109232000073, 23.489505798000039 ] ] ] } },
{ "type": "Feature", "properties": { "stable_id": "BD.ADM2.00006" }, "geometry": { "type": "Polygon", "coordinates": [ [ [ 90.633298273000037, 23.619244321000053 ], [ 90.656564592000052, 23.61553843400003 ], [ 90.666553554000075, 23.588917427000069 ], [ 90.647277685000063, 23.589154183000062 ], [ 90.647214209000083, 23.575709635000067 ], [ 90.687623811000037, 23.55664930100005 ], [ 90.710640854000076, 23.507770683000047 ], [ 90.682109232000073, 23.489505798000039 ], [ 90.641435303000037, 23.503695914000048 ], [ 90.576951301000065, 23.496028159000048 ], [ 90.577623515000084, 23.451490693000039 ], [ 90.538688941000032, 23.37934916200004 ], [ 90.448720450000053, 23.415323156000056 ], [ 90.403585614000065, 23.400145666000071 ], [ 90.359940721000044, 23.43010042700007 ], [ 90.281384718000083, 23.446506358000079 ], [ 90.182003485000052, 23.498037250000039 ], [ 90.129894916000069, 23.565098238000076 ], [ 90.046488203000081, 23.573933963000059 ], [ 90.044760680000081, 23.629011571000035 ], [ 89.896871923000049, 23.674179739000067 ], [ 89.780432961000031, 23.798287583000047 ], [ 89.770940286000041, 23.833292340000071 ], [ 89.732741261000058, 23.835368158000051 ], [ 89.703831323000031, 23.877096608000045 ], [ 89.696958222000035, 23.866609003000065 ], [ 89.702310883000052, 23.89552487900005 ], [ 89.683929450000051, 23.939362369000037 ], [ 89.69323545900005, 23.986741066000036 ], [ 89.72157552200008, 24.01352505400007 ], [ 89.785204770000064, 24.035247347000052 ], [ 89.765165982000042, 23.977754986000036 ], [ 89.792955749000043, 23.986956053000029 ], [ 89.855386702000033, 23.963593686000024 ], [ 89.866349451000076, 23.991623734000029 ], [ 89.892425384000035, 23.969915169000046 ], [ 89.907046518000072, 23.99862790800006 ], [ 89.947228059000054, 24.004325531000063 ], [ 89.948442313000044, 24.028268421000064 ], [ 89.967197289000069, 24.014930567000079 ], [ 89.971573336000063, 24.03560701300006 ], [ 89.990205830000036, 23.999097225000071 ], [ 90.009027222000043, 24.003222237000045 ], [ 90.017296293000072, 24.04434969700003 ], [ 90.024702985000033, 24.02104077100006 ], [ 90.075080976000038, 24.04115458800004 ], [ 90.108175278000033, 24.017570036000052 ], [ 90.147552618000077, 24.03354300500007 ], [ 90.176998285000082, 24.074798878000024 ], [ 90.173358823000058, 24.108020187000022 ], [ 90.200925638000058, 24.093779900000072 ], [ 90.230168441000046, 24.105604721000077 ], [ 90.217283709000071, 24.129609664000043 ], [ 90.226155541000082, 24.162920307000036 ], [ 90.289766961000055, 24.225671337000051 ], [ 90.300764493000031, 24.269610382000053 ], [ 90.29049776800008, 24.277774912000041 ], [ 90.325357513000085, 24.299189554000066 ], [ 90.359284198000068, 24.30013709800005 ], [ 90.362498554000069, 24.281004983000059 ], [ 90.40242478600004, 24.282688321000023 ], [ 90.441039231000047, 24.34073195700006 ], [ 90.529217770000059, 24.303139964000025 ], [ 90.520933896000031, 24.287976608000065 ], [ 90.576424653000061, 24.245700203000069 ], [ 90.623754364000035, 24.268486248000045 ], [ 90.70793311500006, 24.236781370000074 ], [ 90.770207652000067, 24.250757832000033 ], [ 90.793489948000058, 24.218819626000027 ], [ 90.786149031000036, 24.193052864000038 ], [ 90.845035832000065, 24.142598209000028 ], [ 90.87099362500004, 24.139990092000062 ], [ 90.846033361000082, 24.111613333000037 ], [ 90.912612786000068, 24.074882405000039 ], [ 90.944366620000039, 24.084253965000073 ], [ 90.967293673000086, 24.06153495600006 ], [ 90.962245003000078, 24.033171907000053 ], [ 90.985991524000042, 24.030601024000077 ], [ 90.965876879000064, 24.005404919000057 ], [ 90.971698832000072, 23.967659912000045 ], [ 90.908767241000078, 23.867637869000077 ], [ 90.858437752000043, 23.879036414000041 ], [ 90.832515580000063, 23.863076117000048 ], [ 90.762200302000053, 23.860054340000033 ], [ 90.76665659400004, 23.804642848000071 ], [ 90.721487319000062, 23.737625414000036 ], [ 90.740986478000082, 23.69779894100003 ], [ 90.733230467000055, 23.66794314200007 ], [ 90.641122976000077, 23.675120801000048 ], [ 90.633298273000037, 23.619244321000053 ] ] ] } },
{ "type": "Feature", "properties": { "stable_id": "BD.ADM2.00007" }, "geometry": { "type": "Polygon", "coordinates": [ [ [ 88.736139576000085, 26.01289108800006 ], [ 88.744480764000059, 25.938161685000068 ], [ 88.801223015000062, 25.92244247800005 ], [ 88.827598433000048, 25.813170786000057 ], [ 88.844773256000053, 25.810069704000057 ], [ 88.856016104000048, 25.777108860000055 ], [ 88.889845329000082, 25.770795427000053 ], [ 88.897595935000084, 25.735296262000077 ], [ 88.915808088000063, 25.735452136000049 ], [ 88.90909074800004, 25.745735937000063 ], [ 88.946081574000061, 25.730175463000023 ], [ 88.930849800000033, 25.720920636000074 ], [ 88.939350054000045, 25.68508778100005 ], [ 88.997911622000061, 25.658147607000046 ], [ 88.991280292000056, 25.642180696000025 ], [ 89.016007009000077, 25.602508134000061 ], [ 89.10323369300005, 25.570233027000029 ], [ 89.093493283000043, 25.545154920000073 ], [ 89.114864099000044, 25.506163868000044 ], [ 89.10462063600005, 25.47430864100005 ], [ 89.148506158000032, 25.433946251000066 ], [ 89.15114395900008, 25.412911983000072 ], [ 89.137801271000058, 25.412021629000037 ], [ 89.188089895000076, 25.386462705000042 ], [ 89.202052534000075, 25.394102402000044 ], [ 89.22201829100004, 25.358614678000038 ], [ 89.235956349000048, 25.365073719000065 ], [ 89.246170642000038, 25.352427060000025 ], [ 89.221270292000042, 25.332348614000068 ], [ 89.245434038000042, 25.33414889200003 ], [ 89.237818931000049, 25.319137531000024 ], [ 89.263197500000047, 25.323186856000063 ], [ 89.256779361000042, 25.310788210000055 ], [ 89.28252180000004, 25.301850968000053 ], [ 89.255919406000032, 25.285159791000069 ], [ 89.287122327000077, 25.257251933000077 ], [ 89.298274906000074, 25.222289268000054 ], [ 89.174713392000058, 25.234540039000024 ], [ 89.150814682000032, 25.256374035000078 ], [ 89.096765771000037, 25.240624742000023 ], [ 89.070601810000085, 25.269665768000038 ], [ 89.007871396000041, 25.267661029000067 ], [ 89.008214001000056, 25.303075997000064 ], [ 88.929667, 25.304275 ], [ 88.905225963000078, 25.337876992000076 ], [ 88.884212, 25.325688 ], [ 88.840838, 25.363973 ], [ 88.841070014000081, 25.397605966000071 ], [ 88.813826007000046, 25.410584982000046 ], [ 88.830317002000072, 25.41770199900003 ], [ 88.825959, 25.444225 ], [ 88.839594995000084, 25.458331990000033 ], [ 88.828969, 25.490341 ], [ 88.812939, 25.490207 ], [ 88.810083, 25.523641001000044 ], [ 88.759512, 25.526151 ], [ 88.765507006000064, 25.496073005000028 ], [ 88.744081011000048, 25.488113025000075 ], [ 88.741424982000069, 25.505049004000057 ], [ 88.72254, 25.502046 ], [ 88.699411, 25.471314 ], [ 88.648482005000062, 25.478941997000049 ], [ 88.648609, 25.496797 ], [ 88.608897, 25.516504001000044 ], [ 88.575454, 25.508671 ], [ 88.553736, 25.521156 ], [ 88.539819, 25.508712 ], [ 88.532725, 25.54212700100004 ], [ 88.49378, 25.559313 ], [ 88.499533, 25.584053 ], [ 88.444531047000055, 25.597138 ], [ 88.454244, 25.664507 ], [ 88.403455, 25.672251 ], [ 88.403498, 25.68607200100007 ], [ 88.371171998000079, 25.696773996000047 ], [ 88.374232, 25.71705 ], [ 88.321087, 25.737531002000026 ], [ 88.270489, 25.780826001000037 ], [ 88.269228001000045, 25.808387002000075 ], [ 88.236625010000068, 25.810041 ], [ 88.210181953000074, 25.786347027000033 ], [ 88.183705003000057, 25.801501997000059 ], [ 88.151801, 25.775765 ], [ 88.144192013000065, 25.79377997000006 ], [ 88.114505, 25.798346 ], [ 88.119978, 25.812464 ], [ 88.101418997000053, 25.829464006000023 ], [ 88.110992002000046, 25.86727200100006 ], [ 88.093878008000047, 25.873629994000055 ], [ 88.102197, 25.889458 ], [ 88.085681, 25.916747 ], [ 88.121575011000061, 25.947475031000067 ], [ 88.115031, 25.962456 ], [ 88.139448, 26.013007 ], [ 88.182271, 26.025478001000067 ], [ 88.169532, 26.045970001000057 ], [ 88.182815002000041, 26.073065002000078 ], [ 88.15869, 26.080037 ], [ 88.177369995000049, 26.147894 ], [ 88.241912, 26.188809 ], [ 88.275198, 26.187911 ], [ 88.350723001000063, 26.220478996000054 ], [ 88.350840008000034, 26.282776994000074 ], [ 88.385129002000042, 26.313240006000058 ], [ 88.415167, 26.316351 ], [ 88.403346, 26.328951 ], [ 88.43430900900006, 26.334923994000064 ], [ 88.457623982000086, 26.376559963000034 ], [ 88.485337, 26.349343 ], [ 88.523871, 26.359758 ], [ 88.486223003000077, 26.460130004000064 ], [ 88.419506037000076, 26.465848994000055 ], [ 88.405143, 26.485261 ], [ 88.371996944000045, 26.488028999000051 ], [ 88.35237, 26.44776500100005 ], [ 88.331591994000064, 26.48195000100003 ], [ 88.376815, 26.593531 ], [ 88.399464, 26.60216100100007 ], [ 88.386926, 26.610797001000037 ], [ 88.410104, 26.634178001000066 ], [ 88.435867, 26.545162 ], [ 88.484571972000083, 26.54130301500004 ], [ 88.491853, 26.511456001000056 ], [ 88.521365, 26.510577001000058 ], [ 88.526315999000076, 26.480698012000062 ], [ 88.556789011000035, 26.485431972000072 ], [ 88.560329160000038, 26.457588301000044 ], [ 88.591906, 26.449533 ], [ 88.594341, 26.470862 ], [ 88.622889, 26.471019 ], [ 88.623765999000057, 26.435063 ], [ 88.667768996000063, 26.407237009000028 ], [ 88.685919, 26.413016 ], [ 88.672228, 26.395802 ], [ 88.701724, 26.388842 ], [ 88.680953, 26.379792 ], [ 88.704626, 26.332605001000047 ], [ 88.733198999000081, 26.353842973000042 ], [ 88.746047917000055, 26.347447055000032 ], [ 88.734627, 26.327974 ], [ 88.747533, 26.321464 ], [ 88.675147, 26.320169 ], [ 88.684777, 26.295997 ], [ 88.709785, 26.287371 ], [ 88.666224, 26.289242 ], [ 88.666487, 26.262995 ], [ 88.679494, 26.259154 ], [ 88.685076, 26.278064003000054 ], [ 88.745534, 26.289312001000042 ], [ 88.756919963000087, 26.309502002000045 ], [ 88.762919496000052, 26.236121057000048 ], [ 88.781802657000071, 26.236881079000057 ], [ 88.79747268300008, 26.214786213000025 ], [ 88.793714025000043, 26.189040576000025 ], [ 88.775782541000069, 26.180560390000039 ], [ 88.789586623000048, 26.124713439000061 ], [ 88.757664429000044, 26.084643096000036 ], [ 88.778859236000073, 26.062583845000063 ], [ 88.736139576000085, 26.01289108800006 ] ] ] } },
{ "type": "Feature", "properties": { "stable_id": "BD.ADM2.00008" }, "geometry": { "type": "Polygon", "coordinates": [ [ [ 90.164974333000032, 23.067623285000025 ], [ 90.126670420000039, 23.005699780000043 ], [ 90.094776709000087, 23.006841103000056 ], [ 90.083789597000077, 22.981069009000066 ], [ 90.058244831000081, 22.971284701000059 ], [ 90.057012627000063, 22.932200821000038 ], [ 90.034999820000053, 22.934088449000058 ], [ 90.012669139000081, 22.867371621000075 ], [ 89.955364427000063, 22.853481098000032 ], [ 89.921586474000037, 22.864648914000043 ], [ 89.919455339000081, 22.881058061000033 ], [ 89.851008849000038, 22.887940287000049 ], [ 89.865643457000033, 22.902147975000048 ], [ 89.80104671600003, 22.941259979000051 ], [ 89.797058942000035, 22.996026851000067 ], [ 89.761278129000061, 23.008681414000023 ], [ 89.746770377000075, 23.048638012000026 ], [ 89.72900846400006, 23.054526010000075 ], [ 89.736474401000066, 23.071917168000027 ], [ 89.672693718000062, 23.122703450000074 ], [ 89.687425844000074, 23.132320466000067 ], [ 89.704859674000033, 23.113499869000066 ], [ 89.739500482000039, 23.130552529000056 ], [ 89.73227879500007, 23.168203581000057 ], [ 89.764411619000043, 23.180680748000043 ], [ 89.733463908000033, 23.186453890000053 ], [ 89.691072893000069, 23.162620700000048 ], [ 89.679030909000062, 23.183265213000027 ], [ 89.687359190000052, 23.224114843000052 ], [ 89.664993044000084, 23.245934070000033 ], [ 89.633247897000047, 23.237132664000058 ], [ 89.636829505000037, 23.261615068000026 ], [ 89.669056375000082, 23.278343349000068 ], [ 89.622153989000083, 23.295848510000042 ], [ 89.621007367000061, 23.307718546000046 ], [ 89.633306623000067, 23.297735225000054 ], [ 89.645361532000038, 23.298547694000035 ], [ 89.603731463000031, 23.339360784000064 ], [ 89.599407386000053, 23.37915915800005 ], [ 89.617594960000076, 23.386824532000048 ], [ 89.604880294000054, 23.474545093000074 ], [ 89.526720305000083, 23.513010741000073 ], [ 89.494487452000044, 23.476158167000051 ], [ 89.500017015000083, 23.519335432000048 ], [ 89.537504091000073, 23.536061323000069 ], [ 89.47061362200003, 23.597130996000033 ], [ 89.480213273000061, 23.627453555000045 ], [ 89.439748889000043, 23.640336454000078 ], [ 89.439574789000062, 23.658625464000067 ], [ 89.411270387000059, 23.681866538000065 ], [ 89.375158225000064, 23.664713145000064 ], [ 89.349146618000077, 23.671099783000045 ], [ 89.298158410000042, 23.736022302000038 ], [ 89.323053939000033, 23.766414969000039 ], [ 89.311071537000032, 23.77616417400003 ], [ 89.330196368000031, 23.778542491000053 ], [ 89.364599269000053, 23.91070432500004 ], [ 89.522416573000044, 23.816817848000028 ], [ 89.665079463000041, 23.809191433000024 ], [ 89.732741261000058, 23.835368158000051 ], [ 89.770940286000041, 23.833292340000071 ], [ 89.780432961000031, 23.798287583000047 ], [ 89.896871923000049, 23.674179739000067 ], [ 90.044760680000081, 23.629011571000035 ], [ 90.046488203000081, 23.573933963000059 ], [ 90.129894916000069, 23.565098238000076 ], [ 90.182003485000052, 23.498037250000039 ], [ 90.281384718000083, 23.446506358000079 ], [ 90.359940721000044, 23.43010042700007 ], [ 90.403585614000065, 23.400145666000071 ], [ 90.432916784000042, 23.416320150000047 ], [ 90.499614557000086, 23.403927918000022 ], [ 90.58350024300006, 23.350299325000037 ], [ 90.591784055000062, 23.33403290800004 ], [ 90.551142395000056, 23.29637690800007 ], [ 90.60869604700008, 23.211882833000061 ], [ 90.554771717000051, 23.131898883000076 ], [ 90.562242688000083, 23.078026679000061 ], [ 90.482604583000068, 23.065629976000025 ], [ 90.507990987000085, 23.034530913000026 ], [ 90.488893598000061, 23.01377956400006 ], [ 90.407893791000049, 23.007083773000033 ], [ 90.419391792000056, 23.041107686000032 ], [ 90.330528100000038, 23.058105143000034 ], [ 90.31575086600003, 23.052879059000077 ], [ 90.329448033000062, 23.007351086000028 ], [ 90.319879959000048, 22.981461128000035 ], [ 90.237929522000059, 22.966190233000077 ], [ 90.238364897000054, 23.036716112000079 ], [ 90.220603488000052, 23.065180206000036 ], [ 90.20086311600005, 23.053792240000064 ], [ 90.164974333000032, 23.067623285000025 ] ] ] } },
{ "type": "Feature", "properties": { "stable_id": "BD.ADM2.00009" }, "geometry": { "type": "MultiPolygon", "coordinates": [ [ [ [ 89.260913668000057, 21.76091221400003 ], [ 89.21758953300008, 21.751490214000057 ], [ 89.193370400000049, 21.783859100000029 ], [ 89.189937200000031, 21.823544900000059 ], [ 89.249503700000048, 21.815576800000031 ], [ 89.266841500000055, 21.831672 ], [ 89.28744080000007, 21.755801400000053 ], [ 89.260913668000057, 21.76091221400003 ] ] ], [ [ [ 89.082896899000048, 21.798988672000064 ], [ 89.145246761000067, 21.755760588000044 ], [ 89.130590694000034, 21.720575729000075 ], [ 89.108495968000057, 21.721210877000033 ], [ 89.044981258000064, 21.786653914000055 ], [ 89.060839844000043, 21.857708577000039 ], [ 89.02388751400008, 21.90759143300005 ], [ 89.032723931000078, 21.923485931000073 ], [ 89.057775753000044, 21.925030152000033 ], [ 89.061505207000039, 21.883593302000065 ], [ 89.083563107000032, 21.854929366000079 ], [ 89.082896899000048, 21.798988672000064 ] ] ], [ [ [ 89.244353800000056, 21.916261700000064 ], [ 89.285552600000074, 21.905113400000062 ], [ 89.254481800000065, 21.885681400000067 ], [ 89.268558100000064, 21.881539800000041 ], [ 89.271648, 21.847128100000077 ], [ 89.250362, 21.81844540000003 ], [ 89.194400400000063, 21.829600400000061 ], [ 89.213454800000079, 21.912439600000027 ], [ 89.182040700000073, 21.935371100000054 ], [ 89.151656700000046, 21.926453700000025 ], [ 89.140670300000068, 21.946994700000062 ], [ 89.171397700000057, 21.996185500000024 ], [ 89.164359600000068, 22.018785300000047 ], [ 89.185130600000036, 22.021172400000069 ], [ 89.194572, 22.00191540000003 ], [ 89.241778900000043, 21.985521 ], [ 89.201953500000059, 21.950497600000062 ], [ 89.244353800000056, 21.916261700000064 ] ] ], [ [ [ 89.200923500000044, 21.909891400000049 ], [ 89.185130600000036, 21.837089800000058 ], [ 89.165217900000073, 21.856209800000045 ], [ 89.161269700000048, 21.850155400000062 ], [ 89.178607500000055, 21.837567800000045 ], [ 89.168136200000049, 21.80362370000006 ], [ 89.150798400000042, 21.793741700000055 ], [ 89.133632200000079, 21.800117300000068 ], [ 89.148051800000076, 21.806333100000074 ], [ 89.100329900000077, 21.813026900000068 ], [ 89.102733200000046, 21.821473300000036 ], [ 89.113204500000052, 21.815736100000038 ], [ 89.119212700000048, 21.81844540000003 ], [ 89.116981100000032, 21.841392 ], [ 89.130027300000052, 21.84696880000007 ], [ 89.131400600000063, 21.849996100000055 ], [ 89.127452400000038, 21.88791150000003 ], [ 89.129340700000057, 21.848721400000045 ], [ 89.114234500000066, 21.842029400000058 ], [ 89.114234500000066, 21.817329800000039 ], [ 89.080588900000066, 21.913235900000075 ], [ 89.091403500000069, 21.947472400000038 ], [ 89.099128300000075, 21.937759600000049 ], [ 89.116122800000085, 21.949383 ], [ 89.115779400000065, 21.956706900000029 ], [ 89.108741300000077, 21.96036870000006 ], [ 89.111316300000055, 21.967055200000061 ], [ 89.107883, 21.975492400000064 ], [ 89.12041430000005, 21.979312900000025 ], [ 89.130714, 21.996822200000054 ], [ 89.132945600000085, 22.006371800000068 ], [ 89.127280800000051, 22.015920700000038 ], [ 89.129169, 21.998095500000034 ], [ 89.105651400000056, 21.976288400000044 ], [ 89.106166400000063, 21.959095 ], [ 89.115779400000065, 21.953045 ], [ 89.097411700000066, 21.939988800000037 ], [ 89.093120100000078, 22.038994700000046 ], [ 89.09500840000004, 22.048382300000071 ], [ 89.104449800000054, 22.045518400000049 ], [ 89.121959300000071, 22.070496500000047 ], [ 89.172427700000071, 22.062860400000034 ], [ 89.14599190000007, 22.038994700000046 ], [ 89.161956400000065, 21.993798 ], [ 89.131057300000066, 21.957343700000024 ], [ 89.139468700000066, 21.923109600000032 ], [ 89.200923500000044, 21.909891400000049 ] ] ], [ [ [ 89.12367590000008, 22.073996300000033 ], [ 89.092433500000084, 22.048859700000037 ], [ 89.089858600000071, 22.018785300000047 ], [ 89.068229200000076, 22.055701100000078 ], [ 89.084708700000078, 22.054110100000059 ], [ 89.089858600000071, 22.058564800000056 ], [ 89.099128300000075, 22.095311200000026 ], [ 89.077155600000083, 22.101991300000066 ], [ 89.083163800000079, 22.112806100000057 ], [ 89.093806800000038, 22.109784400000024 ], [ 89.093291800000031, 22.115032600000063 ], [ 89.081275500000061, 22.113601300000028 ], [ 89.075954, 22.10262750000004 ], [ 89.079558900000052, 22.097856100000058 ], [ 89.095695100000057, 22.094356900000037 ], [ 89.089000300000066, 22.059996700000056 ], [ 89.05722854000004, 22.063277299000049 ], [ 89.05483, 22.11025 ], [ 89.10702, 22.14998 ], [ 89.080199822000054, 22.155271427000059 ], [ 89.080238141000052, 22.183351275000064 ], [ 89.139983700000073, 22.128072600000053 ], [ 89.121959300000071, 22.130457900000067 ], [ 89.114577800000063, 22.122347900000022 ], [ 89.147365100000059, 22.077655100000072 ], [ 89.13723710000005, 22.068428400000073 ], [ 89.12367590000008, 22.073996300000033 ] ] ], [ [ [ 89.210021500000039, 22.164006 ], [ 89.205901700000084, 22.146358400000054 ], [ 89.189937200000031, 22.152400200000045 ], [ 89.19165380000004, 22.133002100000056 ], [ 89.244525500000066, 22.059678500000075 ], [ 89.204013400000065, 22.002392900000075 ], [ 89.189250500000071, 22.023559400000067 ], [ 89.153545, 22.040904100000034 ], [ 89.177920900000061, 22.063178500000049 ], [ 89.150283400000035, 22.084972300000061 ], [ 89.177062600000056, 22.080518400000074 ], [ 89.194228700000053, 22.116304800000023 ], [ 89.191138800000033, 22.121870800000067 ], [ 89.169166100000041, 22.128390700000068 ], [ 89.168822800000044, 22.147630400000025 ], [ 89.142387, 22.15558 ], [ 89.171226100000069, 22.208989300000042 ], [ 89.169681100000048, 22.21455160000005 ], [ 89.157493200000033, 22.219160200000033 ], [ 89.158523100000082, 22.227423500000043 ], [ 89.191310500000043, 22.228218 ], [ 89.190280500000085, 22.218206700000053 ], [ 89.199035200000083, 22.215664 ], [ 89.194057, 22.188963200000046 ], [ 89.198005200000068, 22.172272600000042 ], [ 89.219291300000066, 22.170841800000062 ], [ 89.210021500000039, 22.164006 ] ] ], [ [ [ 89.174487600000077, 22.120598600000051 ], [ 89.192168800000047, 22.117577100000062 ], [ 89.173286, 22.081313700000067 ], [ 89.12899740000006, 22.103899900000044 ], [ 89.119212700000048, 22.12616440000005 ], [ 89.143760300000054, 22.12775460000006 ], [ 89.089171900000053, 22.178631100000075 ], [ 89.098956600000065, 22.199135500000068 ], [ 89.099128300000075, 22.205651800000055 ], [ 89.11217460000006, 22.211214200000029 ], [ 89.112517900000057, 22.201996300000076 ], [ 89.11509280000007, 22.195321 ], [ 89.120071, 22.190552600000046 ], [ 89.124019200000077, 22.183240900000044 ], [ 89.125564100000076, 22.182605100000046 ], [ 89.158351500000038, 22.205175 ], [ 89.14049870000008, 22.154467100000033 ], [ 89.168479500000046, 22.143019500000037 ], [ 89.16556120000007, 22.130457900000067 ], [ 89.174487600000077, 22.120598600000051 ] ] ], [ [ [ 89.196044700000073, 22.133016700000042 ], [ 89.191581500000041, 22.149235 ], [ 89.208061, 22.145896100000073 ], [ 89.221450600000082, 22.172605100000055 ], [ 89.197761400000047, 22.183096600000056 ], [ 89.199134600000036, 22.20662 ], [ 89.222823900000037, 22.210116400000061 ], [ 89.219562300000064, 22.202487800000029 ], [ 89.241535, 22.160841 ], [ 89.227458800000079, 22.158615300000065 ], [ 89.210807600000066, 22.147009100000048 ], [ 89.210636, 22.1389 ], [ 89.223853900000051, 22.133970800000043 ], [ 89.196044700000073, 22.133016700000042 ] ] ], [ [ [ 89.092660300000034, 22.191803600000071 ], [ 89.082035800000085, 22.183447 ], [ 89.080691100000081, 22.195302800000036 ], [ 89.084780500000079, 22.191518200000075 ], [ 89.092660300000034, 22.191803600000071 ] ] ], [ [ [ 89.223754500000041, 22.210737400000028 ], [ 89.201095200000054, 22.20819460000007 ], [ 89.200923500000044, 22.217253200000073 ], [ 89.191825400000084, 22.22011370000007 ], [ 89.192512100000044, 22.228376900000058 ], [ 89.185474, 22.229648100000077 ], [ 89.200923500000044, 22.235209600000076 ], [ 89.199721900000043, 22.268732700000044 ], [ 89.205215, 22.264602400000058 ], [ 89.214484700000071, 22.266032100000075 ], [ 89.218089600000042, 22.25983640000004 ], [ 89.20573, 22.254752500000052 ], [ 89.204871700000069, 22.248874 ], [ 89.239890600000081, 22.245537500000069 ], [ 89.241263900000035, 22.216140800000062 ], [ 89.222381200000086, 22.201519500000074 ], [ 89.223754500000041, 22.210737400000028 ] ] ], [ [ [ 89.251055867000048, 22.845913843000062 ], [ 89.247944737000068, 22.811588374000053 ], [ 89.298747049000042, 22.787903800000038 ], [ 89.331603180000059, 22.729366930000026 ], [ 89.329588441000055, 22.716095766000024 ], [ 89.305741951000073, 22.713817827000071 ], [ 89.300370764000036, 22.682964875000039 ], [ 89.259971393000058, 22.717609843000048 ], [ 89.262296164000077, 22.668849005000027 ], [ 89.301698692000059, 22.646953544000041 ], [ 89.276354615000059, 22.631392862000041 ], [ 89.290599605000068, 22.622904920000053 ], [ 89.263546616000042, 22.632130070000073 ], [ 89.259561905000055, 22.658243914000025 ], [ 89.243177869000078, 22.637768906000076 ], [ 89.260089332000064, 22.622352427000067 ], [ 89.243272765000086, 22.610152582000069 ], [ 89.264917875000037, 22.595093069000029 ], [ 89.234193067000035, 22.551767140000038 ], [ 89.254605276000063, 22.49786970100007 ], [ 89.285139779000076, 22.477128295000057 ], [ 89.243957802000068, 22.444702475000042 ], [ 89.254926646000058, 22.400385640000025 ], [ 89.23427120000008, 22.373659800000041 ], [ 89.262503400000071, 22.374296700000059 ], [ 89.27393440000003, 22.345572900000036 ], [ 89.247879200000057, 22.342334 ], [ 89.276095800000064, 22.291246 ], [ 89.224787900000081, 22.299163200000066 ], [ 89.206987900000058, 22.345469900000069 ], [ 89.224189900000056, 22.366078600000037 ], [ 89.215134198000044, 22.372955625000031 ], [ 89.195027400000072, 22.367763600000046 ], [ 89.191549835000046, 22.386128427000074 ], [ 89.213679800000079, 22.409969900000078 ], [ 89.160404700000072, 22.401169300000049 ], [ 89.159531100000038, 22.407357200000035 ], [ 89.158302500000048, 22.408403100000044 ], [ 89.15012310000003, 22.40748270000006 ], [ 89.148511100000064, 22.419599300000073 ], [ 89.149166900000068, 22.408267400000057 ], [ 89.150795600000038, 22.406187100000068 ], [ 89.158977700000037, 22.407364700000073 ], [ 89.159847300000081, 22.400919400000078 ], [ 89.186080700000048, 22.397221300000069 ], [ 89.194117, 22.362629200000072 ], [ 89.219357800000068, 22.366659600000048 ], [ 89.202819100000056, 22.344239900000048 ], [ 89.223604600000044, 22.29429 ], [ 89.260481700000071, 22.283229700000049 ], [ 89.244414100000085, 22.272644600000035 ], [ 89.240963500000078, 22.24695870000005 ], [ 89.205508800000075, 22.251303800000073 ], [ 89.218735, 22.2573 ], [ 89.219490400000041, 22.261407 ], [ 89.214472500000056, 22.267522500000041 ], [ 89.20353920000008, 22.266771 ], [ 89.201034600000071, 22.27452530000005 ], [ 89.191196400000081, 22.255357700000047 ], [ 89.19946740000006, 22.236202700000035 ], [ 89.156360900000038, 22.228158700000051 ], [ 89.154843400000061, 22.219300800000042 ], [ 89.169212100000038, 22.210102600000027 ], [ 89.143782700000031, 22.200788700000032 ], [ 89.126946600000053, 22.183896200000049 ], [ 89.111363400000073, 22.21356540000005 ], [ 89.099112800000057, 22.207547500000032 ], [ 89.09312280000006, 22.19501420000006 ], [ 89.084659, 22.192678300000068 ], [ 89.074382900000046, 22.207993700000031 ], [ 89.103750600000069, 22.222028500000079 ], [ 89.103294, 22.228468300000031 ], [ 89.063548400000059, 22.251367500000072 ], [ 89.102813800000035, 22.224099400000057 ], [ 89.082988, 22.219850500000064 ], [ 89.073999, 22.210057400000039 ], [ 89.072965055000054, 22.202769132000071 ], [ 89.00648, 22.28328 ], [ 89.03421, 22.29541 ], [ 88.985068955000031, 22.32530095900006 ], [ 88.992074047000074, 22.391153046000056 ], [ 88.972343047000038, 22.411279002000072 ], [ 89.000086979000059, 22.42958206000003 ], [ 88.996203979000086, 22.469406997000078 ], [ 88.961437018000083, 22.548988977000079 ], [ 88.940913928000043, 22.563355056000034 ], [ 88.938554925000062, 22.590113946000031 ], [ 88.960010082000053, 22.616647028000045 ], [ 88.934542005000083, 22.618997984000032 ], [ 88.926852950000068, 22.652064929000062 ], [ 88.962134057000071, 22.694160019000037 ], [ 88.927433983000071, 22.718551022000042 ], [ 88.911741049000057, 22.757699036000076 ], [ 88.959147082000072, 22.796833974000037 ], [ 88.968522073000031, 22.844969065000043 ], [ 88.945278049000081, 22.880811927000025 ], [ 88.910688952000044, 22.879845996000029 ], [ 88.895389968000075, 22.913090972000077 ], [ 88.908158959000048, 22.919674956000051 ], [ 88.88708702200006, 22.93361003800004 ], [ 88.893969067000057, 22.952409976000069 ], [ 88.858580001000064, 22.945341015000054 ], [ 88.871128046000081, 22.978859072000034 ], [ 88.865318046000084, 23.000904986000023 ], [ 88.84490308200003, 23.009240957000031 ], [ 88.879970954000044, 23.006929061000051 ], [ 88.884079930000041, 23.04034603100007 ], [ 88.860914026000046, 23.077447017000054 ], [ 88.86842303800006, 23.10110108300006 ], [ 88.917647944000066, 23.129271989000074 ], [ 88.93866405700004, 23.176878014000067 ], [ 88.96208292700004, 23.19314494200006 ], [ 88.979951971000048, 23.182566979000057 ], [ 88.979891957000063, 23.212366993000046 ], [ 88.995885969000085, 23.213017930000035 ], [ 88.975189039000043, 23.224254039000073 ], [ 88.942566001000046, 23.206286927000065 ], [ 88.91418403800003, 23.213935917000072 ], [ 88.906737053000086, 23.236017035000032 ], [ 88.824126021000041, 23.233879985000044 ], [ 88.811653078000063, 23.25661304700003 ], [ 88.811451074000047, 23.221573004000049 ], [ 88.779528932000062, 23.22113194800005 ], [ 88.769354977000035, 23.245223047000025 ], [ 88.718755943000076, 23.255149064000022 ], [ 88.724187080000036, 23.272061063000024 ], [ 88.696191080000062, 23.302178191000053 ], [ 88.710783076000041, 23.312909932000025 ], [ 88.725620051000078, 23.298702942000034 ], [ 88.724917982000079, 23.318022055000029 ], [ 88.730260943000076, 23.31979298300007 ], [ 88.745144018000076, 23.30728500500004 ], [ 88.73220202400006, 23.352551977000076 ], [ 88.777165106000041, 23.375235438000061 ], [ 88.772158945000058, 23.362751146000051 ], [ 88.784220213000083, 23.380646787000046 ], [ 88.797310392000043, 23.37082158000004 ], [ 88.81467918900006, 23.388881045000062 ], [ 88.827131954000038, 23.374624590000053 ], [ 88.834000757000069, 23.390662780000071 ], [ 88.855112301000077, 23.374589720000074 ], [ 88.877565766000032, 23.406716833000075 ], [ 88.934869114000037, 23.413046307000059 ], [ 88.945798760000059, 23.438059433000035 ], [ 88.918252629000051, 23.442001945000072 ], [ 88.945345541000052, 23.483295668000039 ], [ 88.93559209700004, 23.539198703000068 ], [ 88.946734132000074, 23.551746382000033 ], [ 88.977365095000039, 23.545454609000046 ], [ 89.010451327000055, 23.626973419000024 ], [ 89.010834195000086, 23.707043635000048 ], [ 89.037448410000081, 23.692182470000034 ], [ 89.051970912000058, 23.71454183700007 ], [ 89.037411890000044, 23.72298137100006 ], [ 89.075584879000075, 23.726690932000054 ], [ 89.051722132000066, 23.758622978000062 ], [ 89.063702849000038, 23.77143938100005 ], [ 89.09823338800004, 23.726202010000065 ], [ 89.116393122000034, 23.734148814000037 ], [ 89.118463238000061, 23.693828369000073 ], [ 89.127803694000079, 23.721562069000072 ], [ 89.158060290000037, 23.722315666000043 ], [ 89.180008673000032, 23.750115090000065 ], [ 89.251224283000056, 23.763646503000075 ], [ 89.266664581000043, 23.742723082000055 ], [ 89.310983799000041, 23.731068228000026 ], [ 89.349146618000077, 23.671099783000045 ], [ 89.375158225000064, 23.664713145000064 ], [ 89.411270387000059, 23.681866538000065 ], [ 89.439574789000062, 23.658625464000067 ], [ 89.439748889000043, 23.640336454000078 ], [ 89.480213273000061, 23.627453555000045 ], [ 89.47061362200003, 23.597130996000033 ], [ 89.537504091000073, 23.536061323000069 ], [ 89.500017015000083, 23.519335432000048 ], [ 89.494487452000044, 23.476158167000051 ], [ 89.526720305000083, 23.513010741000073 ], [ 89.607320679000054, 23.468460869000069 ], [ 89.617594960000076, 23.386824532000048 ], [ 89.599407386000053, 23.37915915800005 ], [ 89.603731463000031, 23.339360784000064 ], [ 89.645361532000038, 23.298547694000035 ], [ 89.621007367000061, 23.307718546000046 ], [ 89.622153989000083, 23.295848510000042 ], [ 89.669056375000082, 23.278343349000068 ], [ 89.636829505000037, 23.261615068000026 ], [ 89.633247897000047, 23.237132664000058 ], [ 89.664993044000084, 23.245934070000033 ], [ 89.687359190000052, 23.224114843000052 ], [ 89.679030909000062, 23.183265213000027 ], [ 89.691072893000069, 23.162620700000048 ], [ 89.733463908000033, 23.186453890000053 ], [ 89.764411619000043, 23.180680748000043 ], [ 89.73227879500007, 23.168203581000057 ], [ 89.739500482000039, 23.130552529000056 ], [ 89.704859674000033, 23.113499869000066 ], [ 89.687425844000074, 23.132320466000067 ], [ 89.672693718000062, 23.122703450000074 ], [ 89.736474401000066, 23.071917168000027 ], [ 89.72900846400006, 23.054526010000075 ], [ 89.746770377000075, 23.048638012000026 ], [ 89.761278129000061, 23.008681414000023 ], [ 89.797058942000035, 22.996026851000067 ], [ 89.80104671600003, 22.941259979000051 ], [ 89.783467739000059, 22.983070076000047 ], [ 89.744108466000057, 22.963786454000058 ], [ 89.676440289000084, 22.967490200000043 ], [ 89.651262130000077, 22.983358254000052 ], [ 89.649884408000048, 22.968527403000053 ], [ 89.623458523000068, 22.970382501000074 ], [ 89.611239941000065, 22.955532560000051 ], [ 89.566214854000066, 22.991398009000022 ], [ 89.556215158000043, 22.962694482000074 ], [ 89.512187139000048, 22.927859908000073 ], [ 89.451616089000083, 23.010161094000068 ], [ 89.395784984000045, 22.933635225000046 ], [ 89.341213479000032, 22.920575772000063 ], [ 89.352731056000039, 22.834620307000023 ], [ 89.322348095000052, 22.827790692000065 ], [ 89.32890750100006, 22.837912579000033 ], [ 89.296277957000086, 22.842795913000032 ], [ 89.309638629000062, 22.852413819000049 ], [ 89.288608432000046, 22.862213141000041 ], [ 89.266685900000084, 22.841263939000044 ], [ 89.251055867000048, 22.845913843000062 ] ] ], [ [ [ 89.26117677600007, 21.665167676000067 ], [ 89.262475039000037, 21.663157543000068 ], [ 89.261564900000053, 21.663538200000062 ], [ 89.26117677600007, 21.665167676000067 ] ] ], [ [ [ 89.26821110000003, 21.666021100000023 ], [ 89.269023447000052, 21.665780835000078 ], [ 89.268208969000057, 21.665885148000029 ], [ 89.26821110000003, 21.666021100000023 ] ] ], [ [ [ 89.273009104000039, 21.666256727000075 ], [ 89.270685231000073, 21.665790521000076 ], [ 89.270692200000042, 21.666244500000062 ], [ 89.273009104000039, 21.666256727000075 ] ] ], [ [ [ 89.260996360000036, 21.667680364000034 ], [ 89.26022880000005, 21.66613 ], [ 89.259714400000064, 21.668453200000044 ], [ 89.260996360000036, 21.667680364000034 ] ] ], [ [ [ 89.251391900000044, 21.662023400000066 ], [ 89.262796997000066, 21.66180158800006 ], [ 89.209400698000081, 21.654641385000048 ], [ 89.225665670000069, 21.698872024000025 ], [ 89.245898800000077, 21.688185300000043 ], [ 89.291732400000058, 21.688344800000039 ], [ 89.279609416000085, 21.669328226000061 ], [ 89.259631700000057, 21.66920250000004 ], [ 89.251391900000044, 21.662023400000066 ] ] ], [ [ [ 89.292154900000071, 21.682934100000068 ], [ 89.291722500000049, 21.690403100000026 ], [ 89.288451400000042, 21.692507 ], [ 89.293227800000068, 21.689867600000071 ], [ 89.293429900000035, 21.685232600000063 ], [ 89.292154900000071, 21.682934100000068 ] ] ], [ [ [ 89.25396690000008, 21.707803600000034 ], [ 89.257571700000085, 21.702540400000032 ], [ 89.264266500000076, 21.701105 ], [ 89.248130400000036, 21.691375500000049 ], [ 89.22714987300003, 21.704454400000031 ], [ 89.219924926000033, 21.739931108000064 ], [ 89.274737900000048, 21.755641900000057 ], [ 89.288470800000084, 21.730608500000073 ], [ 89.279544400000077, 21.704613800000061 ], [ 89.256198500000039, 21.706049300000075 ], [ 89.259975, 21.716415700000027 ], [ 89.257400100000041, 21.734914 ], [ 89.25396690000008, 21.707803600000034 ] ] ], [ [ [ 89.360153, 21.900668500000052 ], [ 89.31363280000005, 21.869447600000058 ], [ 89.297325, 21.818300700000066 ], [ 89.281703800000059, 21.83471430000003 ], [ 89.295093400000042, 21.840132 ], [ 89.308826300000078, 21.869766200000072 ], [ 89.291660100000058, 21.880120800000043 ], [ 89.320670900000039, 21.918665200000078 ], [ 89.289771900000062, 21.94414340000003 ], [ 89.319469300000037, 21.917391200000054 ], [ 89.290630200000066, 21.881395200000043 ], [ 89.29320510000008, 21.874545400000045 ], [ 89.306938, 21.869606900000065 ], [ 89.28445030000006, 21.84172540000003 ], [ 89.277927200000079, 21.873589500000037 ], [ 89.294578400000034, 21.911976400000071 ], [ 89.270030800000086, 21.936341200000072 ], [ 89.277240600000084, 21.919939200000044 ], [ 89.260761100000082, 21.915639400000032 ], [ 89.231407, 21.947964700000057 ], [ 89.244109900000069, 21.950989900000025 ], [ 89.252521300000069, 21.956403100000045 ], [ 89.230377, 21.949875300000031 ], [ 89.233123600000056, 21.941755 ], [ 89.210292600000059, 21.951945100000046 ], [ 89.251148, 21.979964300000063 ], [ 89.219047400000079, 22.007341300000064 ], [ 89.253208, 22.057465800000045 ], [ 89.225913800000058, 22.097552600000029 ], [ 89.260246100000074, 22.080851100000075 ], [ 89.29475, 22.085305100000028 ], [ 89.278442200000086, 22.049351600000023 ], [ 89.360153, 21.900668500000052 ] ] ], [ [ [ 89.260246100000074, 22.108844800000043 ], [ 89.218017400000065, 22.097870700000044 ], [ 89.208232700000053, 22.123634700000025 ], [ 89.227287100000069, 22.134129800000039 ], [ 89.212867600000038, 22.143670100000065 ], [ 89.246169900000041, 22.162907800000028 ], [ 89.227630400000066, 22.201693100000057 ], [ 89.245998200000031, 22.215519700000073 ], [ 89.303676400000086, 22.211864500000047 ], [ 89.310371200000077, 22.183573400000057 ], [ 89.26453760000004, 22.136991900000055 ], [ 89.263679300000035, 22.146214100000066 ], [ 89.261104400000079, 22.148599 ], [ 89.260246100000074, 22.108844800000043 ] ] ], [ [ [ 89.254907700000047, 22.271855300000027 ], [ 89.276211400000079, 22.289828500000056 ], [ 89.313523800000041, 22.280423400000075 ], [ 89.287464300000067, 22.259177200000067 ], [ 89.303266, 22.219582600000024 ], [ 89.251220300000057, 22.223133 ], [ 89.254907700000047, 22.271855300000027 ] ] ] ] } },
{ "type": "Feature", "properties": { "stable_id": "BD.ADM2.00010" }, "geometry": { "type": "MultiPolygon", "coordinates": [ [ [ [ 89.343430062000039, 21.697906099000022 ], [ 89.343895200000077, 21.698551400000042 ], [ 89.345304059000057, 21.698999545000049 ], [ 89.343430062000039, 21.697906099000022 ] ] ], [ [ [ 89.345845100000076, 21.69993960000005 ], [ 89.346613519000073, 21.700166858000046 ], [ 89.345973669000045, 21.699405622000029 ], [ 89.345845100000076, 21.69993960000005 ] ] ], [ [ [ 89.330527800000084, 21.701743 ], [ 89.334991, 21.715139900000054 ], [ 89.338424300000042, 21.718807800000036 ], [ 89.348901712000043, 21.704023170000028 ], [ 89.330527800000084, 21.701743 ] ] ], [ [ [ 89.371976737000068, 21.741190247000077 ], [ 89.373440600000038, 21.737117200000057 ], [ 89.372080700000083, 21.738166 ], [ 89.371976737000068, 21.741190247000077 ] ] ], [ [ [ 89.372148200000083, 21.742282400000022 ], [ 89.371864500000072, 21.741771700000072 ], [ 89.371872800000062, 21.742286400000069 ], [ 89.372148200000083, 21.742282400000022 ] ] ], [ [ [ 89.369373500000052, 21.741035400000044 ], [ 89.371343300000035, 21.743580500000064 ], [ 89.37047270000005, 21.740890600000057 ], [ 89.369373500000052, 21.741035400000044 ] ] ], [ [ [ 89.466650283000035, 21.814824866000038 ], [ 89.464590900000076, 21.816840100000036 ], [ 89.466786200000058, 21.816292700000076 ], [ 89.467350900000042, 21.80907940000003 ], [ 89.465258900000038, 21.807566800000075 ], [ 89.466650283000035, 21.814824866000038 ] ] ], [ [ [ 89.459181715000057, 21.815376967000077 ], [ 89.45714810000004, 21.816693800000053 ], [ 89.464150800000084, 21.81530280000004 ], [ 89.459181715000057, 21.815376967000077 ] ] ], [ [ [ 89.450679, 21.84438410000007 ], [ 89.463210300000071, 21.817931900000076 ], [ 89.45720220000004, 21.818569400000058 ], [ 89.438491100000078, 21.808210300000042 ], [ 89.432139600000085, 21.810601 ], [ 89.435229500000048, 21.807254100000023 ], [ 89.441581, 21.807891600000062 ], [ 89.45651550000008, 21.81713510000003 ], [ 89.464755300000036, 21.806935300000077 ], [ 89.47145, 21.810122800000045 ], [ 89.454112200000054, 21.764375200000075 ], [ 89.447110200000054, 21.774918 ], [ 89.427161400000045, 21.743648500000063 ], [ 89.407763700000032, 21.756403800000044 ], [ 89.426303100000041, 21.740459500000043 ], [ 89.414348877000066, 21.725789706000057 ], [ 89.375663, 21.73216780000007 ], [ 89.371543100000054, 21.74412680000006 ], [ 89.36038510000003, 21.751780100000076 ], [ 89.379096200000049, 21.760708400000055 ], [ 89.38596270000005, 21.775056300000074 ], [ 89.362445100000059, 21.753533900000036 ], [ 89.360213500000043, 21.802950800000076 ], [ 89.34854050000007, 21.806138400000066 ], [ 89.384074400000031, 21.877522100000078 ], [ 89.381156200000078, 21.925144500000044 ], [ 89.386306, 21.919889300000023 ], [ 89.408793600000081, 21.92896630000007 ], [ 89.402098900000055, 21.916385700000035 ], [ 89.403987100000052, 21.90985610000007 ], [ 89.427161400000045, 21.885327500000074 ], [ 89.450164, 21.872902400000044 ], [ 89.422526600000083, 21.864299700000061 ], [ 89.419093300000043, 21.85378460000004 ], [ 89.423899800000072, 21.846296100000075 ], [ 89.450679, 21.84438410000007 ] ] ], [ [ [ 89.364676700000075, 21.883416 ], [ 89.337539068000069, 21.788838317000057 ], [ 89.311461600000086, 21.851713400000051 ], [ 89.364676700000075, 21.883416 ] ] ], [ [ [ 89.452667500000075, 21.844808100000023 ], [ 89.456661317000055, 21.837112072000025 ], [ 89.452107500000068, 21.844302 ], [ 89.443613400000061, 21.847258500000066 ], [ 89.447757800000034, 21.847839900000054 ], [ 89.452667500000075, 21.844808100000023 ] ] ], [ [ [ 89.351802100000043, 21.879274400000043 ], [ 89.327597800000035, 21.863025200000038 ], [ 89.322276300000055, 21.863981100000046 ], [ 89.336180900000045, 21.87561050000005 ], [ 89.351802100000043, 21.879274400000043 ] ] ], [ [ [ 89.424414800000079, 21.849801400000047 ], [ 89.422183200000063, 21.861591300000043 ], [ 89.439177700000073, 21.864618300000075 ], [ 89.451365700000053, 21.873539600000072 ], [ 89.406390400000078, 21.910015300000055 ], [ 89.40295720000006, 21.91543020000006 ], [ 89.410166900000036, 21.927214700000036 ], [ 89.408278700000039, 21.930240200000071 ], [ 89.390597500000069, 21.929444 ], [ 89.399180600000079, 21.937405900000044 ], [ 89.398150600000065, 21.941705 ], [ 89.374118, 21.953487400000029 ], [ 89.400038900000084, 21.962243800000067 ], [ 89.41136860000006, 21.986759100000029 ], [ 89.424586500000032, 21.985008200000038 ], [ 89.418063400000051, 21.966542300000071 ], [ 89.427848100000062, 21.949666200000024 ], [ 89.456858800000077, 21.933265800000072 ], [ 89.444670900000062, 21.910333900000069 ], [ 89.471278400000074, 21.901574200000027 ], [ 89.45342560000006, 21.85251 ], [ 89.424414800000079, 21.849801400000047 ] ] ], [ [ [ 89.480891400000075, 21.956034800000054 ], [ 89.474711600000035, 21.935335800000075 ], [ 89.501319100000046, 21.927214700000036 ], [ 89.508872200000042, 21.928807100000029 ], [ 89.504752400000086, 21.912245 ], [ 89.451880700000061, 21.910174600000062 ], [ 89.461665400000072, 21.937087400000053 ], [ 89.422354900000073, 21.970203800000036 ], [ 89.438319400000069, 21.988191700000073 ], [ 89.429736300000059, 22.041823500000078 ], [ 89.440894300000082, 22.060756900000058 ], [ 89.454283900000064, 22.049142600000039 ], [ 89.47145, 22.043255500000043 ], [ 89.504409, 21.966223900000045 ], [ 89.464755300000036, 21.99630940000003 ], [ 89.509558900000059, 21.956512400000065 ], [ 89.501319100000046, 21.928647800000078 ], [ 89.477801500000055, 21.936609700000076 ], [ 89.485011300000053, 21.940749700000026 ], [ 89.484496300000046, 21.953009700000052 ], [ 89.480891400000075, 21.956034800000054 ] ] ], [ [ [ 89.44810410000008, 22.073802 ], [ 89.427333100000055, 22.052165600000023 ], [ 89.426646400000038, 22.028298100000029 ], [ 89.41119690000005, 22.044846700000051 ], [ 89.429908, 21.986759100000029 ], [ 89.412913500000059, 21.988191700000073 ], [ 89.416346700000076, 21.992966900000056 ], [ 89.410681900000043, 22.000288500000067 ], [ 89.420638300000064, 22.015248900000074 ], [ 89.409823600000038, 22.001880100000051 ], [ 89.41428680000007, 21.991534400000035 ], [ 89.399008900000069, 21.981506200000069 ], [ 89.39454580000006, 21.994717700000024 ], [ 89.386306, 21.997423600000047 ], [ 89.401927200000046, 21.968771100000026 ], [ 89.372058100000061, 21.95444260000005 ], [ 89.396434, 21.940272 ], [ 89.385447700000043, 21.922278 ], [ 89.362788400000056, 21.959218900000053 ], [ 89.354033700000059, 22.030685100000028 ], [ 89.390940900000032, 22.077619800000036 ], [ 89.384074400000031, 22.116905700000075 ], [ 89.408965300000034, 22.126129100000071 ], [ 89.408278700000039, 22.149026100000071 ], [ 89.435916100000043, 22.162698900000066 ], [ 89.461493700000062, 22.142348200000072 ], [ 89.458060500000045, 22.12088140000003 ], [ 89.484324700000059, 22.091140500000051 ], [ 89.450507400000049, 22.075233700000069 ], [ 89.436087800000053, 22.094162600000061 ], [ 89.417891700000041, 22.101797 ], [ 89.421324900000059, 22.115156400000046 ], [ 89.413256800000056, 22.112611800000025 ], [ 89.418406700000048, 22.099570400000061 ], [ 89.44810410000008, 22.073802 ] ] ], [ [ [ 89.347608300000047, 21.971055100000058 ], [ 89.289071800000045, 22.061289400000078 ], [ 89.304521300000033, 22.071311900000069 ], [ 89.324605700000063, 22.056993900000066 ], [ 89.338167, 22.053652800000066 ], [ 89.344346800000039, 22.057948500000066 ], [ 89.343145100000072, 22.065425800000071 ], [ 89.31670930000007, 22.108214 ], [ 89.277742200000034, 22.116165800000033 ], [ 89.322889100000054, 22.183578800000078 ], [ 89.336965300000031, 22.151466200000073 ], [ 89.325979, 22.139382400000045 ], [ 89.329068900000038, 22.124594200000047 ], [ 89.34881, 22.131113900000059 ], [ 89.346578400000055, 22.115211600000066 ], [ 89.36717770000007, 22.095967400000063 ], [ 89.38417220000008, 22.089127900000051 ], [ 89.341085200000066, 22.028989900000056 ], [ 89.347608300000047, 21.971055100000058 ] ] ], [ [ [ 89.317910900000072, 22.105192200000033 ], [ 89.340055200000052, 22.056039300000066 ], [ 89.308469500000058, 22.073857200000077 ], [ 89.300573100000065, 22.097717 ], [ 89.263665900000035, 22.090082300000063 ], [ 89.276712200000077, 22.113144200000022 ], [ 89.317910900000072, 22.105192200000033 ] ] ], [ [ [ 89.459531600000048, 22.12204980000007 ], [ 89.465196400000082, 22.131590900000049 ], [ 89.471204500000056, 22.109963400000026 ], [ 89.459531600000048, 22.12204980000007 ] ] ], [ [ [ 89.392240300000083, 22.221404900000039 ], [ 89.390695300000061, 22.197884 ], [ 89.428117500000042, 22.164979800000026 ], [ 89.407174800000064, 22.154805 ], [ 89.405286600000068, 22.133340100000055 ], [ 89.378164100000049, 22.137792300000058 ], [ 89.384515500000077, 22.157189800000026 ], [ 89.369066, 22.162754200000052 ], [ 89.383142200000066, 22.15623590000007 ], [ 89.37627580000003, 22.140495400000077 ], [ 89.377992400000039, 22.135725200000024 ], [ 89.405286600000068, 22.128728700000067 ], [ 89.383142200000066, 22.121254700000065 ], [ 89.369752700000049, 22.098830400000054 ], [ 89.349325, 22.136202300000036 ], [ 89.329583900000046, 22.134135100000037 ], [ 89.340055200000052, 22.155123 ], [ 89.323404100000062, 22.192797900000073 ], [ 89.333188800000073, 22.198042900000075 ], [ 89.357736400000078, 22.243492 ], [ 89.355333100000053, 22.249847300000056 ], [ 89.340741900000069, 22.25397810000004 ], [ 89.359968, 22.269070400000032 ], [ 89.378507400000046, 22.256837800000028 ], [ 89.385373800000082, 22.268276100000037 ], [ 89.398591800000077, 22.259379700000068 ], [ 89.410608100000047, 22.257791 ], [ 89.407346500000074, 22.241267500000049 ], [ 89.41833280000003, 22.22521880000005 ], [ 89.392240300000083, 22.221404900000039 ] ] ], [ [ [ 89.461591500000054, 22.146855400000049 ], [ 89.394643600000052, 22.200744800000052 ], [ 89.405629900000065, 22.207578900000044 ], [ 89.394986900000049, 22.220133600000054 ], [ 89.409063100000083, 22.217908800000032 ], [ 89.457128300000079, 22.246193 ], [ 89.470689500000049, 22.160687400000029 ], [ 89.458329900000081, 22.153692100000058 ], [ 89.45524, 22.161005400000079 ], [ 89.442193800000041, 22.16959010000005 ], [ 89.44373870000004, 22.174359100000061 ], [ 89.434812300000033, 22.181035500000064 ], [ 89.437387200000046, 22.184850400000073 ], [ 89.433439, 22.181035500000064 ], [ 89.441850400000078, 22.167841400000043 ], [ 89.456956600000069, 22.153056100000072 ], [ 89.462793100000056, 22.151307200000076 ], [ 89.461591500000054, 22.146855400000049 ] ] ], [ [ [ 89.476711100000045, 22.26874730000003 ], [ 89.415256300000067, 22.236813200000029 ], [ 89.433109100000081, 22.274466100000041 ], [ 89.41010650000004, 22.303850600000033 ], [ 89.425899300000083, 22.326083400000073 ], [ 89.421436100000051, 22.344661 ], [ 89.476711100000045, 22.26874730000003 ] ] ], [ [ [ 89.377477400000032, 22.30465010000006 ], [ 89.378850700000044, 22.316243300000053 ], [ 89.360482900000079, 22.324342 ], [ 89.382112300000074, 22.296232500000031 ], [ 89.42622920000008, 22.28304920000005 ], [ 89.425885900000083, 22.27606 ], [ 89.406488200000069, 22.277966200000037 ], [ 89.404943200000048, 22.272724100000062 ], [ 89.390008700000067, 22.289402700000039 ], [ 89.39258360000008, 22.275583400000073 ], [ 89.422281, 22.267958400000055 ], [ 89.407174800000064, 22.259220900000059 ], [ 89.38400050000007, 22.270976700000062 ], [ 89.379365700000051, 22.258585400000072 ], [ 89.37249920000005, 22.271612100000027 ], [ 89.371812600000055, 22.26875270000005 ], [ 89.360654600000032, 22.270023600000059 ], [ 89.349839900000063, 22.264145700000029 ], [ 89.328725600000041, 22.275742300000047 ], [ 89.334905400000082, 22.286543700000038 ], [ 89.312246100000038, 22.300044300000025 ], [ 89.327009, 22.299567800000034 ], [ 89.353616500000044, 22.313225900000077 ], [ 89.344003400000076, 22.330534900000032 ], [ 89.328725600000041, 22.337997700000074 ], [ 89.333360400000061, 22.346730300000047 ], [ 89.334390400000075, 22.369115100000045 ], [ 89.341771900000083, 22.371654900000067 ], [ 89.34881, 22.36927380000003 ], [ 89.352414900000042, 22.370861200000036 ], [ 89.355161400000043, 22.378004400000066 ], [ 89.35584810000006, 22.396098900000027 ], [ 89.363057900000058, 22.370861200000036 ], [ 89.381769, 22.371813700000075 ], [ 89.381597300000067, 22.349270600000068 ], [ 89.386232100000086, 22.346412800000053 ], [ 89.399793400000078, 22.346889100000055 ], [ 89.396016800000041, 22.333710600000074 ], [ 89.416787900000031, 22.320054500000026 ], [ 89.405801500000052, 22.304808900000069 ], [ 89.417131200000085, 22.290832300000034 ], [ 89.377477400000032, 22.30465010000006 ] ] ], [ [ [ 89.379035800000054, 22.402442 ], [ 89.407703200000071, 22.377840400000025 ], [ 89.407874900000081, 22.363553600000046 ], [ 89.422466100000065, 22.347995100000048 ], [ 89.419204500000035, 22.343232 ], [ 89.424011, 22.328147700000045 ], [ 89.420577800000046, 22.322907500000042 ], [ 89.39791850000006, 22.335451900000066 ], [ 89.400665100000083, 22.349106500000062 ], [ 89.383670600000073, 22.350852900000064 ], [ 89.382812300000069, 22.373713200000054 ], [ 89.365131200000064, 22.374030700000048 ], [ 89.368736100000035, 22.389427500000068 ], [ 89.363757900000053, 22.413868300000047 ], [ 89.358264700000063, 22.41624870000004 ], [ 89.366161200000079, 22.429578100000072 ], [ 89.370624400000054, 22.454329200000075 ], [ 89.373714300000074, 22.452266700000052 ], [ 89.378349100000037, 22.45306 ], [ 89.379894100000058, 22.450204300000053 ], [ 89.383155600000066, 22.446872600000063 ], [ 89.397746900000072, 22.442588800000067 ], [ 89.418174600000043, 22.454646500000024 ], [ 89.420577800000046, 22.400696200000027 ], [ 89.438087300000063, 22.384348300000056 ], [ 89.422294400000055, 22.354345700000067 ], [ 89.404613300000051, 22.395141300000034 ], [ 89.379035800000054, 22.402442 ] ] ], [ [ [ 89.582060500000068, 21.713666900000078 ], [ 89.584542600000077, 21.713885400000038 ], [ 89.58453650000007, 21.713544299000034 ], [ 89.582060500000068, 21.713666900000078 ] ] ], [ [ [ 89.587299900000062, 21.714099700000077 ], [ 89.587287854000067, 21.713422425000033 ], [ 89.585918900000081, 21.71386380000007 ], [ 89.587299900000062, 21.714099700000077 ] ] ], [ [ [ 89.589782100000036, 21.714318200000037 ], [ 89.589715435000073, 21.71357753500007 ], [ 89.588396500000044, 21.713825300000053 ], [ 89.589782100000036, 21.714318200000037 ] ] ], [ [ [ 89.59140271800004, 21.713964270000076 ], [ 89.590883200000064, 21.714301 ], [ 89.593094500000063, 21.714780800000028 ], [ 89.59140271800004, 21.713964270000076 ] ] ], [ [ [ 89.572989546000031, 21.714095680000071 ], [ 89.564631047000034, 21.717362914000034 ], [ 89.555544900000086, 21.724627700000042 ], [ 89.568883800000037, 21.715930100000037 ], [ 89.571664, 21.717430800000045 ], [ 89.572989546000031, 21.714095680000071 ] ] ], [ [ [ 89.555465900000058, 21.727973800000029 ], [ 89.555035200000077, 21.726951300000053 ], [ 89.554241, 21.728764800000079 ], [ 89.555465900000058, 21.727973800000029 ] ] ], [ [ [ 89.553185300000052, 21.731354100000033 ], [ 89.552923700000065, 21.732129900000075 ], [ 89.553882100000067, 21.731857900000023 ], [ 89.553185300000052, 21.731354100000033 ] ] ], [ [ [ 89.542796700000054, 21.751326600000027 ], [ 89.546231, 21.743039900000042 ], [ 89.551881300000048, 21.735491100000047 ], [ 89.545396, 21.742538300000035 ], [ 89.538641300000052, 21.757823300000041 ], [ 89.539543, 21.769902900000034 ], [ 89.542796700000054, 21.751326600000027 ] ] ], [ [ [ 89.61406930000004, 21.763080400000035 ], [ 89.614083300000061, 21.763852 ], [ 89.619023006000077, 21.762851571000056 ], [ 89.61406930000004, 21.763080400000035 ] ] ], [ [ [ 89.540121, 21.771437700000035 ], [ 89.541240600000037, 21.772449800000061 ], [ 89.540951700000051, 21.771682300000066 ], [ 89.540121, 21.771437700000035 ] ] ], [ [ [ 89.541634, 21.779133800000068 ], [ 89.54297020000007, 21.776797400000078 ], [ 89.540008700000044, 21.780702700000063 ], [ 89.541634, 21.779133800000068 ] ] ], [ [ [ 89.60630265900005, 21.719068011000047 ], [ 89.554705800000079, 21.73216780000007 ], [ 89.551272600000061, 21.739502800000025 ], [ 89.543891100000053, 21.751461200000051 ], [ 89.557109100000048, 21.800719500000071 ], [ 89.531188200000031, 21.822234700000024 ], [ 89.54131620000004, 21.851394700000071 ], [ 89.604316, 21.799444400000027 ], [ 89.587664800000084, 21.760389500000031 ], [ 89.60630265900005, 21.719068011000047 ] ] ], [ [ [ 89.541422100000034, 21.782739400000025 ], [ 89.540049600000032, 21.783017800000039 ], [ 89.542036500000052, 21.786332300000026 ], [ 89.541422100000034, 21.782739400000025 ] ] ], [ [ [ 89.459401, 21.771114700000055 ], [ 89.47386060000008, 21.811040400000024 ], [ 89.474226, 21.792250800000033 ], [ 89.471508300000039, 21.786373300000037 ], [ 89.459401, 21.771114700000055 ] ] ], [ [ [ 89.545983722000074, 21.880466969000054 ], [ 89.548182700000041, 21.919411500000024 ], [ 89.54474950000008, 21.96017420000004 ], [ 89.56998370000008, 21.934061900000074 ], [ 89.545983722000074, 21.880466969000054 ] ] ], [ [ [ 89.582686600000045, 21.953328100000078 ], [ 89.569468700000073, 21.941705 ], [ 89.548869300000035, 21.960970200000077 ], [ 89.568953700000066, 22.035777 ], [ 89.606890900000053, 22.017795200000023 ], [ 89.561915600000077, 21.974502 ], [ 89.582686600000045, 21.953328100000078 ] ] ], [ [ [ 89.635656100000062, 21.954975600000068 ], [ 89.586561, 21.950358300000062 ], [ 89.56373, 21.973920600000042 ], [ 89.607160300000032, 22.005277700000022 ], [ 89.608190300000047, 22.018805300000054 ], [ 89.599950600000057, 22.027876 ], [ 89.615571700000032, 22.024534200000062 ], [ 89.637201100000084, 22.029149100000041 ], [ 89.638746, 22.031854200000055 ], [ 89.567678200000046, 22.037264400000026 ], [ 89.596345700000086, 22.087060100000031 ], [ 89.598405600000035, 22.084833200000048 ], [ 89.628274700000077, 22.094854 ], [ 89.629991300000086, 22.09994370000004 ], [ 89.635312800000065, 22.096603600000037 ], [ 89.649045700000045, 22.09739890000003 ], [ 89.645612500000084, 22.071152900000072 ], [ 89.666211900000064, 22.055402900000047 ], [ 89.655740500000036, 22.049993400000062 ], [ 89.651964, 22.034718500000054 ], [ 89.655397200000039, 22.003845300000023 ], [ 89.639432700000043, 21.992385500000069 ], [ 89.626386400000058, 22.005118500000037 ], [ 89.621236600000032, 22.001457900000048 ], [ 89.625528100000054, 21.978537 ], [ 89.645097500000077, 21.983312500000068 ], [ 89.635656100000062, 21.954975600000068 ] ] ], [ [ [ 89.497199300000034, 22.030525900000043 ], [ 89.479174800000067, 22.050574600000061 ], [ 89.515567, 22.075551800000028 ], [ 89.518828600000063, 22.063461500000074 ], [ 89.497199300000034, 22.030525900000043 ] ] ], [ [ [ 89.487757900000076, 22.088913600000069 ], [ 89.511962100000062, 22.076347200000043 ], [ 89.472308400000031, 22.047869800000058 ], [ 89.451194, 22.053120200000023 ], [ 89.443297600000051, 22.06505240000007 ], [ 89.487757900000076, 22.088913600000069 ] ] ], [ [ [ 89.50897, 22.086423900000057 ], [ 89.486482400000057, 22.093104400000072 ], [ 89.471547900000076, 22.138905400000056 ], [ 89.495408800000064, 22.127933600000063 ], [ 89.50897, 22.086423900000057 ] ] ], [ [ [ 89.46897290000004, 22.147650400000032 ], [ 89.473264500000084, 22.157984700000043 ], [ 89.477041, 22.147491400000035 ], [ 89.46897290000004, 22.147650400000032 ] ] ], [ [ [ 89.574901400000044, 22.435924900000032 ], [ 89.582969500000047, 22.435766300000068 ], [ 89.615585100000033, 22.389586200000053 ], [ 89.62451150000004, 22.344184700000028 ], [ 89.583484500000054, 22.282567300000039 ], [ 89.584342800000059, 22.241421100000025 ], [ 89.577648, 22.239514400000076 ], [ 89.572669800000085, 22.253655 ], [ 89.556018600000073, 22.259533300000044 ], [ 89.553100400000062, 22.303374200000064 ], [ 89.528552800000057, 22.330688300000077 ], [ 89.512931600000059, 22.327195 ], [ 89.536277600000062, 22.340374100000076 ], [ 89.523231300000077, 22.357044600000052 ], [ 89.505378500000063, 22.368316 ], [ 89.510871700000052, 22.385300700000073 ], [ 89.50297530000006, 22.371808300000055 ], [ 89.507781800000032, 22.362283600000069 ], [ 89.534904300000051, 22.341485500000033 ], [ 89.51138670000006, 22.326877400000058 ], [ 89.527351200000055, 22.329100500000038 ], [ 89.552585400000055, 22.299721300000044 ], [ 89.554817, 22.257309100000043 ], [ 89.572669800000085, 22.247935400000074 ], [ 89.527866200000062, 22.196766100000048 ], [ 89.533531, 22.209003900000027 ], [ 89.526836200000048, 22.220605 ], [ 89.524433, 22.197083900000052 ], [ 89.528896100000054, 22.195812400000023 ], [ 89.540569100000084, 22.200421600000027 ], [ 89.583312800000044, 22.123793700000078 ], [ 89.53198610000004, 21.994449300000042 ], [ 89.51138670000006, 22.018322500000068 ], [ 89.534389300000043, 22.060965900000042 ], [ 89.527179500000045, 22.095007700000053 ], [ 89.543659, 22.093894300000045 ], [ 89.549152200000037, 22.110594200000037 ], [ 89.539539200000036, 22.136514900000066 ], [ 89.542800700000043, 22.097075400000051 ], [ 89.517223200000046, 22.102006 ], [ 89.476196100000038, 22.230139500000064 ], [ 89.492503900000031, 22.260804200000052 ], [ 89.496795500000076, 22.276531200000022 ], [ 89.496280500000069, 22.289238600000033 ], [ 89.486324100000047, 22.301627100000076 ], [ 89.491302300000086, 22.305121200000031 ], [ 89.496452100000056, 22.29702130000004 ], [ 89.503318600000057, 22.295115300000077 ], [ 89.510185100000058, 22.296544800000049 ], [ 89.515849900000035, 22.301309500000059 ], [ 89.505378500000063, 22.296068300000059 ], [ 89.490787300000079, 22.306232900000055 ], [ 89.484779200000048, 22.302421200000026 ], [ 89.495765500000061, 22.287332500000048 ], [ 89.492332300000044, 22.265570100000048 ], [ 89.481517600000075, 22.316714300000058 ], [ 89.457656700000086, 22.33688090000004 ], [ 89.485465800000043, 22.335769500000026 ], [ 89.495422200000064, 22.343073200000049 ], [ 89.48975740000003, 22.369427200000075 ], [ 89.487010800000064, 22.371173400000032 ], [ 89.471732900000063, 22.368951 ], [ 89.488384100000076, 22.368951 ], [ 89.484435900000051, 22.337516100000073 ], [ 89.455940100000078, 22.340691600000071 ], [ 89.458686600000078, 22.332117400000072 ], [ 89.480316, 22.315126300000031 ], [ 89.473277900000085, 22.306232900000055 ], [ 89.434482400000036, 22.356727100000057 ], [ 89.448215300000072, 22.410377100000062 ], [ 89.46074660000005, 22.401172300000042 ], [ 89.47739770000004, 22.40260070000005 ], [ 89.452678500000047, 22.424976400000048 ], [ 89.462806500000056, 22.425928500000055 ], [ 89.462463200000059, 22.452901300000065 ], [ 89.47774110000006, 22.453853200000026 ], [ 89.460918200000037, 22.469399800000076 ], [ 89.467956400000048, 22.47511030000004 ], [ 89.479286, 22.476855200000045 ], [ 89.485637500000053, 22.480503400000032 ], [ 89.482890900000086, 22.50159780000007 ], [ 89.490272300000072, 22.490178700000058 ], [ 89.492675600000041, 22.488116800000057 ], [ 89.499027100000035, 22.487006500000064 ], [ 89.503833600000064, 22.482724 ], [ 89.509155100000044, 22.469399800000076 ], [ 89.513618300000076, 22.469717 ], [ 89.513618300000076, 22.481931 ], [ 89.535076, 22.484944600000063 ], [ 89.534561, 22.478917200000069 ], [ 89.542285700000036, 22.470351600000072 ], [ 89.536620900000059, 22.466861700000038 ], [ 89.551383800000053, 22.439415600000075 ], [ 89.574901400000044, 22.435924900000032 ] ] ], [ [ [ 89.605908899000042, 22.957377467000072 ], [ 89.649884408000048, 22.968527403000053 ], [ 89.651262130000077, 22.983358254000052 ], [ 89.676440289000084, 22.967490200000043 ], [ 89.744108466000057, 22.963786454000058 ], [ 89.783467739000059, 22.983070076000047 ], [ 89.797076340000046, 22.943522373000064 ], [ 89.865643457000033, 22.902147975000048 ], [ 89.851008849000038, 22.887940287000049 ], [ 89.919455339000081, 22.881058061000033 ], [ 89.921586474000037, 22.864648914000043 ], [ 89.943780175000086, 22.856493550000039 ], [ 89.944658204000064, 22.826052827000069 ], [ 89.914003523000076, 22.799757854000063 ], [ 89.938257797000063, 22.784943284000065 ], [ 89.904466106000086, 22.772563920000039 ], [ 89.913415931000031, 22.752356494000026 ], [ 89.931383338000046, 22.75238187900004 ], [ 89.931146612000077, 22.723038811000038 ], [ 89.902727355000081, 22.725064562000057 ], [ 89.861646457000063, 22.697031386000049 ], [ 89.937000407000085, 22.67994576600006 ], [ 89.914065761000074, 22.659747459000073 ], [ 89.89665324200007, 22.674962104000031 ], [ 89.890109559000052, 22.663996539000038 ], [ 89.926829012000042, 22.642085436000059 ], [ 89.920868423000059, 22.606064553000067 ], [ 89.961971794000078, 22.594276099000069 ], [ 89.923243355000068, 22.510627234000026 ], [ 89.969621258000075, 22.501441726000053 ], [ 89.882212330000073, 22.49759085200003 ], [ 89.894830489000071, 22.475730017000046 ], [ 89.94451758200006, 22.466957227000023 ], [ 89.87150445900005, 22.420435243000043 ], [ 89.901657100000079, 22.371111625000026 ], [ 89.858771761000071, 22.276622674000066 ], [ 89.867446627000049, 22.221647579000035 ], [ 89.807427500000074, 22.211918700000069 ], [ 89.801735200000053, 22.279932400000064 ], [ 89.761255400000039, 22.315871300000026 ], [ 89.765986400000031, 22.338429400000052 ], [ 89.765217900000039, 22.341529800000046 ], [ 89.761712900000077, 22.346091100000024 ], [ 89.760453900000073, 22.313384700000029 ], [ 89.785688200000038, 22.285590700000057 ], [ 89.797189500000059, 22.276218800000038 ], [ 89.794957900000043, 22.264463500000033 ], [ 89.796502800000042, 22.258108800000059 ], [ 89.794614600000045, 22.251277200000061 ], [ 89.79512950000003, 22.244763 ], [ 89.79839110000006, 22.232846100000074 ], [ 89.801652700000034, 22.227125600000022 ], [ 89.801652700000034, 22.217114200000026 ], [ 89.831521800000075, 22.165615700000046 ], [ 89.813840600000049, 22.149081400000057 ], [ 89.811094100000048, 22.139223400000049 ], [ 89.836156600000038, 22.122685900000079 ], [ 89.800107700000069, 22.072266400000046 ], [ 89.756162400000051, 22.135089200000039 ], [ 89.743802800000083, 22.13826940000007 ], [ 89.746892700000046, 22.186598900000035 ], [ 89.730928200000051, 22.197407200000043 ], [ 89.736936300000082, 22.208691400000077 ], [ 89.747579300000041, 22.194864100000075 ], [ 89.751527600000031, 22.197566100000074 ], [ 89.762513900000044, 22.243333100000029 ], [ 89.748094300000048, 22.196771400000046 ], [ 89.733674800000074, 22.220769300000029 ], [ 89.719941900000038, 22.219656900000075 ], [ 89.702260700000068, 22.208214600000076 ], [ 89.697625900000048, 22.211075300000061 ], [ 89.738138, 22.272247500000049 ], [ 89.738138, 22.279078100000049 ], [ 89.730069900000046, 22.281937300000038 ], [ 89.702947400000085, 22.275424600000065 ], [ 89.709642200000076, 22.298297200000036 ], [ 89.705350600000031, 22.316719700000078 ], [ 89.714105400000051, 22.348000500000069 ], [ 89.711702100000082, 22.365463900000066 ], [ 89.694021, 22.36927380000003 ], [ 89.692647700000066, 22.365622600000052 ], [ 89.710672100000068, 22.365146400000071 ], [ 89.713075400000037, 22.348953100000074 ], [ 89.699514200000067, 22.31116140000006 ], [ 89.66501020000004, 22.367210100000023 ], [ 89.642641600000047, 22.367503900000031 ], [ 89.634139367000046, 22.352739736000046 ], [ 89.628021300000057, 22.413795100000073 ], [ 89.609775800000079, 22.429527800000074 ], [ 89.618895800000075, 22.428865400000063 ], [ 89.637315600000079, 22.43705570000003 ], [ 89.635466, 22.427052100000026 ], [ 89.637931200000082, 22.411060600000042 ], [ 89.636626100000058, 22.429863300000022 ], [ 89.674877800000047, 22.433092900000076 ], [ 89.676325200000065, 22.436413500000072 ], [ 89.638016600000071, 22.430226 ], [ 89.638298, 22.437811500000066 ], [ 89.624675800000034, 22.441892800000062 ], [ 89.608972200000039, 22.430955300000051 ], [ 89.599961053000072, 22.446959431000039 ], [ 89.58441810000005, 22.435081400000058 ], [ 89.583654100000047, 22.446157 ], [ 89.581906100000083, 22.44888590000005 ], [ 89.551582500000052, 22.440492500000062 ], [ 89.538082100000054, 22.466691600000047 ], [ 89.543396600000051, 22.469695400000035 ], [ 89.535584200000073, 22.48911540000006 ], [ 89.511379800000043, 22.482675700000073 ], [ 89.50949410000004, 22.470226700000069 ], [ 89.505292800000063, 22.48289950000003 ], [ 89.48187420000005, 22.504874900000061 ], [ 89.483495300000072, 22.479377500000055 ], [ 89.469767500000046, 22.478044700000055 ], [ 89.460108600000069, 22.472017300000061 ], [ 89.461836300000073, 22.428764200000046 ], [ 89.448884700000065, 22.424072500000023 ], [ 89.461691100000053, 22.404837400000076 ], [ 89.437432800000067, 22.418070400000033 ], [ 89.434460600000079, 22.461857200000054 ], [ 89.417569100000037, 22.461596800000052 ], [ 89.397187500000086, 22.443502800000033 ], [ 89.382865400000071, 22.447703700000034 ], [ 89.379787800000031, 22.453924700000073 ], [ 89.36588850000004, 22.458631700000069 ], [ 89.360908700000039, 22.458833800000036 ], [ 89.351398600000039, 22.453054500000064 ], [ 89.343850600000053, 22.465129200000035 ], [ 89.315594500000032, 22.464122600000053 ], [ 89.35247970000006, 22.451494900000057 ], [ 89.368458200000077, 22.455120700000066 ], [ 89.355896800000039, 22.416192700000067 ], [ 89.364796100000035, 22.394190700000024 ], [ 89.353497100000084, 22.396928900000034 ], [ 89.352380900000071, 22.371728 ], [ 89.346483700000078, 22.391240800000048 ], [ 89.331800300000054, 22.390166700000066 ], [ 89.319551200000035, 22.385711 ], [ 89.313105500000063, 22.380786 ], [ 89.346048800000062, 22.390089600000067 ], [ 89.331571400000087, 22.368169300000034 ], [ 89.327173200000061, 22.336582100000044 ], [ 89.350412100000085, 22.312058400000069 ], [ 89.309711500000049, 22.300806500000078 ], [ 89.332008900000062, 22.286334600000032 ], [ 89.326539500000081, 22.273289600000055 ], [ 89.347227600000053, 22.262184400000024 ], [ 89.335923300000047, 22.255656900000076 ], [ 89.336152800000036, 22.252823 ], [ 89.354017600000077, 22.246646700000042 ], [ 89.323074200000065, 22.198832300000049 ], [ 89.29491, 22.255719600000077 ], [ 89.324213500000042, 22.283101400000078 ], [ 89.284188900000061, 22.287272200000075 ], [ 89.252267, 22.339957100000049 ], [ 89.276121600000067, 22.343998100000078 ], [ 89.268304200000046, 22.373700800000051 ], [ 89.238111100000083, 22.371547900000053 ], [ 89.237262700000031, 22.379022500000076 ], [ 89.251470400000073, 22.385001100000068 ], [ 89.256256400000041, 22.390081100000032 ], [ 89.25792720000004, 22.399321600000064 ], [ 89.253990500000043, 22.404008500000032 ], [ 89.255193700000063, 22.401418400000068 ], [ 89.255651400000033, 22.395493400000078 ], [ 89.25490220000006, 22.391901300000029 ], [ 89.248359353000069, 22.386516653000058 ], [ 89.243957802000068, 22.444702475000042 ], [ 89.285139779000076, 22.477128295000057 ], [ 89.254605276000063, 22.49786970100007 ], [ 89.234193067000035, 22.551767140000038 ], [ 89.264917875000037, 22.595093069000029 ], [ 89.243272765000086, 22.610152582000069 ], [ 89.260089332000064, 22.622352427000067 ], [ 89.243177869000078, 22.637768906000076 ], [ 89.259561905000055, 22.658243914000025 ], [ 89.263546616000042, 22.632130070000073 ], [ 89.287630314000069, 22.620650620000049 ], [ 89.276354615000059, 22.631392862000041 ], [ 89.301698692000059, 22.646953544000041 ], [ 89.262296164000077, 22.668849005000027 ], [ 89.259971393000058, 22.717609843000048 ], [ 89.300370764000036, 22.682964875000039 ], [ 89.305741951000073, 22.713817827000071 ], [ 89.329588441000055, 22.716095766000024 ], [ 89.331603180000059, 22.729366930000026 ], [ 89.298747049000042, 22.787903800000038 ], [ 89.247944737000068, 22.811588374000053 ], [ 89.251055867000048, 22.845913843000062 ], [ 89.266685900000084, 22.841263939000044 ], [ 89.288608432000046, 22.862213141000041 ], [ 89.309638629000062, 22.852413819000049 ], [ 89.296277957000086, 22.842795913000032 ], [ 89.32890750100006, 22.837912579000033 ], [ 89.322348095000052, 22.827790692000065 ], [ 89.352731056000039, 22.834620307000023 ], [ 89.341213479000032, 22.920575772000063 ], [ 89.395784984000045, 22.933635225000046 ], [ 89.406326283000055, 22.956826641000077 ], [ 89.427080516000046, 22.962026506000029 ], [ 89.43833872600004, 23.007413059000044 ], [ 89.460871695000037, 23.006680078000045 ], [ 89.481977395000058, 22.953954349000071 ], [ 89.512187139000048, 22.927859908000073 ], [ 89.556215158000043, 22.962694482000074 ], [ 89.566214854000066, 22.991398009000022 ], [ 89.605908899000042, 22.957377467000072 ] ] ], [ [ [ 89.634048500000063, 21.756073600000036 ], [ 89.634345100000075, 21.75722630000007 ], [ 89.639090703000079, 21.758968454000069 ], [ 89.634048500000063, 21.756073600000036 ] ] ], [ [ [ 89.648451500000078, 21.760474800000054 ], [ 89.648679600000037, 21.757898200000056 ], [ 89.648001762000035, 21.75970441000004 ], [ 89.648451500000078, 21.760474800000054 ] ] ], [ [ [ 89.648218400000076, 21.76279420000003 ], [ 89.64930570000007, 21.762004900000022 ], [ 89.648457481000037, 21.761497671000029 ], [ 89.648218400000076, 21.76279420000003 ] ] ], [ [ [ 89.68208670000007, 21.762248200000045 ], [ 89.682823634000044, 21.763599787000032 ], [ 89.682745465000039, 21.762930083000072 ], [ 89.68208670000007, 21.762248200000045 ] ] ], [ [ [ 89.644118800000058, 21.764531700000077 ], [ 89.647401900000034, 21.763321900000051 ], [ 89.642577900000049, 21.763141800000028 ], [ 89.644118800000058, 21.764531700000077 ] ] ], [ [ [ 89.683452221000039, 21.767433065000034 ], [ 89.683610680000072, 21.767010117000041 ], [ 89.682457700000043, 21.767387900000074 ], [ 89.683452221000039, 21.767433065000034 ] ] ], [ [ [ 89.683848900000044, 21.768137200000069 ], [ 89.681380200000035, 21.768691800000056 ], [ 89.683326900000054, 21.769689300000039 ], [ 89.683848900000044, 21.768137200000069 ] ] ], [ [ [ 89.696302700000047, 21.793405600000028 ], [ 89.695952600000055, 21.796756 ], [ 89.697585089000086, 21.786959422000052 ], [ 89.696330100000068, 21.787487600000077 ], [ 89.696302700000047, 21.793405600000028 ] ] ], [ [ [ 89.777657200000078, 21.833605900000066 ], [ 89.778094557000031, 21.833392428000025 ], [ 89.777256785000077, 21.83349796400006 ], [ 89.777657200000078, 21.833605900000066 ] ] ], [ [ [ 89.774919900000043, 21.83455280000004 ], [ 89.772719817000052, 21.834778970000059 ], [ 89.772726100000057, 21.835104300000069 ], [ 89.774919900000043, 21.83455280000004 ] ] ], [ [ [ 89.782945700000084, 21.83634660000007 ], [ 89.784586292000085, 21.835686155000076 ], [ 89.778858854000077, 21.833424596000043 ], [ 89.782945700000084, 21.83634660000007 ] ] ], [ [ [ 89.786463443000059, 21.836876348000033 ], [ 89.785146800000064, 21.836181200000055 ], [ 89.785156900000061, 21.836695700000064 ], [ 89.786463443000059, 21.836876348000033 ] ] ], [ [ [ 89.649908587000084, 21.756165062000036 ], [ 89.661307500000078, 21.757519800000068 ], [ 89.650321200000064, 21.76581 ], [ 89.609980800000073, 21.765172300000074 ], [ 89.616160600000057, 21.799763200000029 ], [ 89.556765800000051, 21.851713400000051 ], [ 89.555392500000039, 21.857767700000068 ], [ 89.580111700000032, 21.861272700000029 ], [ 89.594531300000085, 21.870512800000029 ], [ 89.594874600000082, 21.874176800000043 ], [ 89.591441400000065, 21.88038940000007 ], [ 89.58097, 21.889150400000062 ], [ 89.592299700000069, 21.896795900000029 ], [ 89.579425100000037, 21.889628300000027 ], [ 89.589038100000039, 21.867008 ], [ 89.55831070000005, 21.859998200000064 ], [ 89.547667700000034, 21.876407 ], [ 89.586463200000082, 21.945208 ], [ 89.622340400000041, 21.945048800000052 ], [ 89.642939800000079, 21.915589400000044 ], [ 89.627833600000031, 21.886442600000066 ], [ 89.627661900000078, 21.862387900000044 ], [ 89.699390387000051, 21.782180455000059 ], [ 89.687729912000066, 21.763800132000028 ], [ 89.683451800000057, 21.769955 ], [ 89.681563600000061, 21.769795600000066 ], [ 89.669942571000036, 21.755111954000029 ], [ 89.649908587000084, 21.756165062000036 ] ] ], [ [ [ 89.634229469000047, 21.870376100000044 ], [ 89.632566200000042, 21.884905 ], [ 89.645440800000074, 21.897966200000042 ], [ 89.660718700000075, 21.864514300000053 ], [ 89.634229469000047, 21.870376100000044 ] ] ], [ [ [ 89.742285700000082, 21.838619589000075 ], [ 89.701819600000078, 21.837532500000066 ], [ 89.709716, 21.846296100000075 ], [ 89.689803300000051, 21.853466 ], [ 89.698386400000061, 21.856015100000036 ], [ 89.696326500000055, 21.864299700000061 ], [ 89.687915, 21.85251 ], [ 89.707827800000075, 21.845818100000031 ], [ 89.670748900000035, 21.838488600000062 ], [ 89.658732600000064, 21.885805400000038 ], [ 89.69169160000007, 21.937565100000029 ], [ 89.686370100000033, 21.992648600000052 ], [ 89.704737900000055, 22.006814 ], [ 89.704909500000042, 21.985804100000053 ], [ 89.71463454700006, 21.976714524000045 ], [ 89.722419, 21.97497960000004 ], [ 89.711776, 21.95364660000007 ], [ 89.727912100000083, 21.929125600000077 ], [ 89.711604300000033, 21.900777800000071 ], [ 89.741645100000085, 21.863184500000045 ], [ 89.742285700000082, 21.838619589000075 ] ] ], [ [ [ 89.808593, 21.916226400000028 ], [ 89.84550020000006, 21.891061900000068 ], [ 89.837603800000068, 21.879274400000043 ], [ 89.836058800000046, 21.864140400000053 ], [ 89.836917100000051, 21.853306600000053 ], [ 89.79108350000007, 21.843746800000076 ], [ 89.777865600000041, 21.834026900000026 ], [ 89.787135300000045, 21.874495400000058 ], [ 89.795546700000045, 21.871627900000078 ], [ 89.808078, 21.876407 ], [ 89.787135300000045, 21.876566300000036 ], [ 89.783873800000038, 21.868919700000049 ], [ 89.788337, 21.907944900000075 ], [ 89.78335880000003, 21.918615300000056 ], [ 89.778895600000055, 21.918933800000048 ], [ 89.772887400000059, 21.908900500000072 ], [ 89.770312500000045, 21.921641 ], [ 89.772200800000064, 21.907467100000076 ], [ 89.786277, 21.910015300000055 ], [ 89.77117080000005, 21.852828700000032 ], [ 89.74919820000008, 21.856015100000036 ], [ 89.71692580000007, 21.904600300000027 ], [ 89.734092, 21.925144500000044 ], [ 89.729800400000045, 21.94473030000006 ], [ 89.755034600000045, 21.947118700000033 ], [ 89.733577, 21.949029300000063 ], [ 89.723620600000061, 21.941545800000029 ], [ 89.716067500000065, 21.959218900000053 ], [ 89.749713100000065, 21.974502 ], [ 89.737696800000037, 21.990738500000077 ], [ 89.751944700000081, 21.99503610000005 ], [ 89.752631400000041, 22.004745 ], [ 89.768080900000086, 22.004745 ], [ 89.774775700000077, 22.008405500000038 ], [ 89.745249900000033, 22.015885500000024 ], [ 89.759841200000039, 22.023046700000066 ], [ 89.760746251000057, 22.030939855000042 ], [ 89.742331700000079, 22.051529200000061 ], [ 89.752288100000044, 22.054552100000024 ], [ 89.777522300000044, 22.088118300000076 ], [ 89.840865300000075, 22.019068300000072 ], [ 89.836745500000063, 22.001880100000051 ], [ 89.808421300000077, 21.994558600000062 ], [ 89.803443200000061, 21.988828400000045 ], [ 89.842581900000084, 21.955238700000052 ], [ 89.812541200000055, 21.938042800000062 ], [ 89.808078, 21.930399500000078 ], [ 89.808593, 21.916226400000028 ] ] ], [ [ [ 89.682691300000045, 22.038219100000049 ], [ 89.698655900000063, 22.031536 ], [ 89.676511500000061, 21.98952040000006 ], [ 89.685952900000075, 21.952587400000027 ], [ 89.657457100000045, 21.902903700000024 ], [ 89.628789700000084, 21.944626400000061 ], [ 89.646299100000078, 21.961343900000031 ], [ 89.647157400000083, 21.985063500000024 ], [ 89.62793140000008, 21.980288100000053 ], [ 89.623639800000035, 21.998911300000032 ], [ 89.639261, 21.990157100000033 ], [ 89.656255500000043, 22.003049500000031 ], [ 89.66844350000008, 22.054289200000028 ], [ 89.646985800000039, 22.071789200000069 ], [ 89.649560700000052, 22.099307500000066 ], [ 89.628446400000087, 22.101375100000041 ], [ 89.597375600000078, 22.087855400000024 ], [ 89.609906900000055, 22.131113900000059 ], [ 89.608190300000047, 22.14081340000007 ], [ 89.613168500000086, 22.146855400000049 ], [ 89.614713400000085, 22.165933700000039 ], [ 89.633939500000054, 22.164026 ], [ 89.65677050000005, 22.136361300000033 ], [ 89.679601400000081, 22.132386 ], [ 89.663808600000038, 22.100579900000071 ], [ 89.666383500000052, 22.095490300000051 ], [ 89.682348, 22.09517210000007 ], [ 89.666726800000049, 22.088173600000061 ], [ 89.682691300000045, 22.038219100000049 ] ] ], [ [ [ 89.737108, 21.995568900000023 ], [ 89.734533100000078, 21.987292 ], [ 89.746377700000039, 21.97630840000005 ], [ 89.714105400000051, 21.978855400000043 ], [ 89.707067300000062, 22.006710100000078 ], [ 89.698140900000055, 22.00909740000003 ], [ 89.705865600000038, 22.031376800000032 ], [ 89.679086500000039, 22.051902700000028 ], [ 89.71032880000007, 22.073061800000062 ], [ 89.713075400000037, 22.127297500000054 ], [ 89.754960800000049, 22.133181100000058 ], [ 89.774186900000075, 22.088173600000061 ], [ 89.739854600000058, 22.051107100000024 ], [ 89.758050700000069, 22.029944700000044 ], [ 89.742086200000074, 22.018009600000028 ], [ 89.74946760000006, 22.000184600000068 ], [ 89.737108, 21.995568900000023 ] ] ], [ [ [ 89.692304400000069, 22.196771400000046 ], [ 89.735906400000033, 22.215842900000041 ], [ 89.729039900000032, 22.196771400000046 ], [ 89.745004400000084, 22.184055600000022 ], [ 89.74105620000006, 22.134930200000042 ], [ 89.713075400000037, 22.129205700000057 ], [ 89.693506, 22.18230710000006 ], [ 89.71032880000007, 22.183896700000048 ], [ 89.713933700000041, 22.198996500000078 ], [ 89.706380600000045, 22.202334200000053 ], [ 89.692304400000069, 22.196771400000046 ] ] ], [ [ [ 89.707925600000067, 22.186598900000035 ], [ 89.697282600000051, 22.191844200000048 ], [ 89.71032880000007, 22.199155500000074 ], [ 89.707925600000067, 22.186598900000035 ] ] ], [ [ [ 89.687326200000086, 22.198678700000073 ], [ 89.689901100000043, 22.174200100000064 ], [ 89.709985500000073, 22.102965600000061 ], [ 89.704835700000046, 22.072266400000046 ], [ 89.684922900000061, 22.067016700000067 ], [ 89.669301800000085, 22.086423900000057 ], [ 89.68200470000005, 22.090400400000078 ], [ 89.684922900000061, 22.096921700000053 ], [ 89.66518190000005, 22.09898940000005 ], [ 89.679258100000084, 22.122526900000025 ], [ 89.681318100000055, 22.132386 ], [ 89.678399800000079, 22.139382400000045 ], [ 89.658487100000059, 22.137474300000065 ], [ 89.660203700000068, 22.148763400000064 ], [ 89.649560700000052, 22.147332400000039 ], [ 89.639261, 22.162436200000059 ], [ 89.606645400000048, 22.178492100000028 ], [ 89.616258400000049, 22.188665200000059 ], [ 89.61934830000007, 22.198837600000047 ], [ 89.603040500000077, 22.228396900000064 ], [ 89.618318300000055, 22.212664500000074 ], [ 89.621923200000083, 22.21536610000004 ], [ 89.614713400000085, 22.241426400000023 ], [ 89.605787, 22.246828500000049 ], [ 89.619863300000077, 22.255249100000071 ], [ 89.61917660000006, 22.259220900000059 ], [ 89.609906900000055, 22.270182400000067 ], [ 89.618833300000063, 22.256520100000046 ], [ 89.603555500000084, 22.247305200000028 ], [ 89.620206600000074, 22.215048300000035 ], [ 89.603727100000071, 22.230621500000041 ], [ 89.600465500000041, 22.228396900000064 ], [ 89.617631700000061, 22.197566100000074 ], [ 89.605100400000083, 22.178651100000025 ], [ 89.607503700000052, 22.128728700000067 ], [ 89.556691900000033, 22.192956800000047 ], [ 89.555661900000075, 22.209803900000054 ], [ 89.595144, 22.235229600000025 ], [ 89.593599100000063, 22.275424600000065 ], [ 89.623296500000038, 22.294008900000051 ], [ 89.61454180000004, 22.300203100000033 ], [ 89.642007600000056, 22.364193900000032 ], [ 89.662950300000034, 22.365940100000046 ], [ 89.689557800000046, 22.317037300000038 ], [ 89.705350600000031, 22.305603 ], [ 89.699170800000047, 22.274789200000043 ], [ 89.734361400000068, 22.278601600000059 ], [ 89.694364300000075, 22.213300200000049 ], [ 89.685437900000068, 22.217273200000022 ], [ 89.674279900000045, 22.206625300000042 ], [ 89.692991, 22.211234200000035 ], [ 89.687326200000086, 22.198678700000073 ] ] ], [ [ [ 89.795781900000065, 22.279391700000076 ], [ 89.799529700000051, 22.280227800000034 ], [ 89.797125300000062, 22.263547600000038 ], [ 89.798311800000079, 22.274589200000037 ], [ 89.795781900000065, 22.279391700000076 ] ] ], [ [ [ 89.844957800000032, 21.809176700000023 ], [ 89.844808886000067, 21.808009131000063 ], [ 89.84385012100006, 21.808306506000065 ], [ 89.844957800000032, 21.809176700000023 ] ] ], [ [ [ 89.85086350000006, 21.815249100000074 ], [ 89.847939715000052, 21.807483486000024 ], [ 89.846685982000054, 21.807625974000075 ], [ 89.85086350000006, 21.815249100000074 ] ] ], [ [ [ 89.862920059000032, 21.839480717000072 ], [ 89.862917796000033, 21.839472470000032 ], [ 89.862916900000073, 21.839479600000061 ], [ 89.862920059000032, 21.839480717000072 ] ] ], [ [ [ 89.860687900000073, 21.838232 ], [ 89.858896900000047, 21.838263200000029 ], [ 89.852582600000062, 21.846347500000036 ], [ 89.860687900000073, 21.838232 ] ] ], [ [ [ 89.863664591000031, 21.841346452000039 ], [ 89.863514, 21.841784500000074 ], [ 89.863764968000055, 21.841857805000075 ], [ 89.863664591000031, 21.841346452000039 ] ] ], [ [ [ 89.801506458000063, 21.844003046000068 ], [ 89.793623771000057, 21.842765 ], [ 89.791060708000032, 21.842642118000072 ], [ 89.801506458000063, 21.844003046000068 ] ] ], [ [ [ 89.86054560000008, 21.844923200000039 ], [ 89.856959300000085, 21.844728200000077 ], [ 89.858357100000035, 21.84573290000003 ], [ 89.86054560000008, 21.844923200000039 ] ] ], [ [ [ 89.864043517000084, 21.844322423000051 ], [ 89.863786922000031, 21.848588818000053 ], [ 89.864069947000075, 21.84569732600005 ], [ 89.864043517000084, 21.844322423000051 ] ] ], [ [ [ 89.863501204000045, 21.851625093000052 ], [ 89.863664645000085, 21.84988824800007 ], [ 89.863040711000053, 21.852878586000031 ], [ 89.863501204000045, 21.851625093000052 ] ] ], [ [ [ 89.832521400000076, 21.84913720000003 ], [ 89.839783, 21.854029 ], [ 89.832220500000062, 21.84785590000007 ], [ 89.811211955000033, 21.846518730000071 ], [ 89.832521400000076, 21.84913720000003 ] ] ], [ [ [ 89.85082790000007, 21.855124700000033 ], [ 89.850404, 21.854617400000052 ], [ 89.851705500000037, 21.857682 ], [ 89.85082790000007, 21.855124700000033 ] ] ], [ [ [ 89.860287440000036, 21.85597331200006 ], [ 89.860528999000053, 21.855635729000028 ], [ 89.860346900000081, 21.855731400000025 ], [ 89.860287440000036, 21.85597331200006 ] ] ], [ [ [ 89.860089149000032, 21.856250426000031 ], [ 89.85994450000004, 21.856253 ], [ 89.859948354000039, 21.85644719000004 ], [ 89.860089149000032, 21.856250426000031 ] ] ], [ [ [ 89.837640100000044, 21.857153200000027 ], [ 89.838348600000074, 21.85817 ], [ 89.838466600000061, 21.857138900000052 ], [ 89.837640100000044, 21.857153200000027 ] ] ], [ [ [ 89.837639300000035, 21.871045300000048 ], [ 89.837175500000058, 21.861534600000027 ], [ 89.836807500000077, 21.870802200000071 ], [ 89.837639300000035, 21.871045300000048 ] ] ], [ [ [ 89.842178200000035, 22.00383990000006 ], [ 89.844238100000041, 22.018322500000068 ], [ 89.828101900000036, 22.049828900000023 ], [ 89.856349028000068, 22.028084050000075 ], [ 89.876320686000042, 21.910156746000041 ], [ 89.850074600000085, 21.873748800000044 ], [ 89.84612640000006, 21.896527400000025 ], [ 89.809905800000081, 21.922328 ], [ 89.845783100000062, 21.955925500000035 ], [ 89.806300900000053, 21.989992600000051 ], [ 89.842178200000035, 22.00383990000006 ] ] ], [ [ [ 89.846113, 22.213618 ], [ 89.868429, 22.199155500000074 ], [ 89.877870300000041, 22.128569700000071 ], [ 89.879415300000062, 22.128251600000056 ], [ 89.880616900000064, 22.11855120000007 ], [ 89.882505200000082, 22.116483900000048 ], [ 89.850919500000032, 22.068925700000023 ], [ 89.818132200000036, 22.06622120000003 ], [ 89.807660800000065, 22.075448 ], [ 89.841993100000082, 22.115529700000025 ], [ 89.84079150000008, 22.125389300000052 ], [ 89.814355600000056, 22.143834500000025 ], [ 89.837186600000052, 22.162595200000055 ], [ 89.810750700000085, 22.208214600000076 ], [ 89.846113, 22.213618 ] ] ], [ [ [ 89.891782326000055, 22.147572205000074 ], [ 89.890339700000084, 22.145898200000033 ], [ 89.891478561000042, 22.148956026000064 ], [ 89.891782326000055, 22.147572205000074 ] ] ], [ [ [ 89.888501900000051, 22.150561200000027 ], [ 89.889289406000046, 22.158189925000045 ], [ 89.889585, 22.149513 ], [ 89.888501900000051, 22.150561200000027 ] ] ], [ [ [ 89.882597100000055, 22.118252600000062 ], [ 89.869847800000059, 22.197452400000032 ], [ 89.884633200000053, 22.143684 ], [ 89.882597100000055, 22.118252600000062 ] ] ], [ [ [ 89.833584900000062, 22.166188600000055 ], [ 89.832111600000076, 22.161583600000029 ], [ 89.832480400000065, 22.166207700000029 ], [ 89.830594200000064, 22.168555900000058 ], [ 89.833584900000062, 22.166188600000055 ] ] ], [ [ [ 89.830323100000044, 22.168817800000056 ], [ 89.830328400000042, 22.169075 ], [ 89.830604600000072, 22.169070100000056 ], [ 89.830323100000044, 22.168817800000056 ] ] ], [ [ [ 89.797442800000056, 22.237816400000042 ], [ 89.795836100000031, 22.254308600000059 ], [ 89.801407500000039, 22.228744200000051 ], [ 89.797442800000056, 22.237816400000042 ] ] ] ] } },
{ "type": "Feature", "properties": { "stable_id": "BD.ADM2.00011" }, "geometry": { "type": "Polygon", "coordinates": [ [ [ 89.012959764000072, 23.708737685000074 ], [ 89.003464660000077, 23.603240904000074 ], [ 88.977365095000039, 23.545454609000046 ], [ 88.946734132000074, 23.551746382000033 ], [ 88.933856798000079, 23.532230054000024 ], [ 88.945345541000052, 23.483295668000039 ], [ 88.918252629000051, 23.442001945000072 ], [ 88.944993939000085, 23.432626347000053 ], [ 88.934869114000037, 23.413046307000059 ], [ 88.910823987000072, 23.415540425000074 ], [ 88.916544908000049, 23.40594369400003 ], [ 88.877565766000032, 23.406716833000075 ], [ 88.855112301000077, 23.374589720000074 ], [ 88.81467918900006, 23.388881045000062 ], [ 88.772158945000058, 23.362751146000051 ], [ 88.777165106000041, 23.375235438000061 ], [ 88.766278572000033, 23.368439432000059 ], [ 88.749717044000079, 23.398639080000066 ], [ 88.764805951000085, 23.448303988000077 ], [ 88.795018018000064, 23.443302003000042 ], [ 88.800647975000061, 23.49803197600005 ], [ 88.772871018000046, 23.499142075000066 ], [ 88.774635074000059, 23.480207021000069 ], [ 88.76149292000008, 23.490750951000052 ], [ 88.752230917000077, 23.479900076000035 ], [ 88.65952203900008, 23.549238029000037 ], [ 88.638539956000045, 23.590696932000071 ], [ 88.644971055000042, 23.608177057000034 ], [ 88.580545065000081, 23.603001063000079 ], [ 88.592966039000032, 23.639243072000056 ], [ 88.562192049000032, 23.637106022000069 ], [ 88.558286921000047, 23.649537055000053 ], [ 88.574855932000048, 23.676982926000051 ], [ 88.565057990000071, 23.71367101900006 ], [ 88.579743922000034, 23.773563071000069 ], [ 88.556051970000055, 23.784627015000069 ], [ 88.577330940000081, 23.786360057000024 ], [ 88.594502945000045, 23.804978947000052 ], [ 88.585169025000084, 23.813814982000054 ], [ 88.60204297000007, 23.817748944000073 ], [ 88.578181033000078, 23.861580933000027 ], [ 88.617563069000084, 23.876879918000043 ], [ 88.627119948000086, 23.865148941000029 ], [ 88.667657011000074, 23.869711043000052 ], [ 88.664143988000035, 23.882658066000033 ], [ 88.704255921000083, 23.899493957000061 ], [ 88.706312001000072, 23.916138071000034 ], [ 88.733433996000031, 23.911036005000028 ], [ 88.736198012000045, 23.980744941000069 ], [ 88.769443993000039, 23.982068947000073 ], [ 88.753540003000069, 24.008920038000042 ], [ 88.72948394000008, 23.994070994000026 ], [ 88.741580033000048, 24.033344066000041 ], [ 88.72300305300007, 24.069103947000031 ], [ 88.728521027000056, 24.098964981000051 ], [ 88.70179700500006, 24.094528942000068 ], [ 88.693682988000035, 24.111298950000048 ], [ 88.746372972000074, 24.14711096700006 ], [ 88.733851419000075, 24.193832224000062 ], [ 88.787326748000055, 24.133011912000029 ], [ 88.843719909000072, 24.125879184000041 ], [ 88.862067197000044, 24.107058608000045 ], [ 88.881126680000079, 24.115227413000071 ], [ 88.874041515000044, 24.099114172000043 ], [ 88.938457356000072, 24.131741386000044 ], [ 89.006677746000037, 24.118116670000063 ], [ 89.062812192000081, 23.987370867000038 ], [ 89.098615042000063, 23.959863956000049 ], [ 89.170255138000073, 23.951068443000054 ], [ 89.17765569200003, 23.987392262000071 ], [ 89.21648444200008, 23.988270641000042 ], [ 89.216514070000073, 23.971539918000076 ], [ 89.237004084000034, 23.972887293000042 ], [ 89.264906329000041, 23.877987639000025 ], [ 89.279073532000041, 23.906051606000062 ], [ 89.312974890000078, 23.874301070000058 ], [ 89.360768019000034, 23.882775294000055 ], [ 89.330196368000031, 23.778542491000053 ], [ 89.311071537000032, 23.77616417400003 ], [ 89.323053939000033, 23.766414969000039 ], [ 89.298158410000042, 23.736022302000038 ], [ 89.266664581000043, 23.742723082000055 ], [ 89.251224283000056, 23.763646503000075 ], [ 89.215660777000039, 23.759655675000033 ], [ 89.197018835000051, 23.744033820000027 ], [ 89.180008673000032, 23.750115090000065 ], [ 89.158060290000037, 23.722315666000043 ], [ 89.127803694000079, 23.721562069000072 ], [ 89.118463238000061, 23.693828369000073 ], [ 89.116393122000034, 23.734148814000037 ], [ 89.09823338800004, 23.726202010000065 ], [ 89.063702849000038, 23.77143938100005 ], [ 89.051722132000066, 23.758622978000062 ], [ 89.075584879000075, 23.726690932000054 ], [ 89.037411890000044, 23.72298137100006 ], [ 89.051970912000058, 23.71454183700007 ], [ 89.037448410000081, 23.692182470000034 ], [ 89.012959764000072, 23.708737685000074 ] ] ] } },
{ "type": "Feature", "properties": { "stable_id": "BD.ADM2.00012" }, "geometry": { "type": "Polygon", "coordinates": [ [ [ 90.912612786000068, 24.074882405000039 ], [ 90.845777810000072, 24.116335435000053 ], [ 90.87099362500004, 24.139990092000062 ], [ 90.845035832000065, 24.142598209000028 ], [ 90.786149031000036, 24.193052864000038 ], [ 90.793489948000058, 24.218819626000027 ], [ 90.770207652000067, 24.250757832000033 ], [ 90.70793311500006, 24.236781370000074 ], [ 90.623754364000035, 24.268486248000045 ], [ 90.576424653000061, 24.245700203000069 ], [ 90.520933896000031, 24.287976608000065 ], [ 90.529217770000059, 24.303139964000025 ], [ 90.443409398000085, 24.341081804000055 ], [ 90.40242478600004, 24.282688321000023 ], [ 90.362498554000069, 24.281004983000059 ], [ 90.359284198000068, 24.30013709800005 ], [ 90.325357513000085, 24.299189554000066 ], [ 90.29049776800008, 24.277774912000041 ], [ 90.261197846000073, 24.291593916000068 ], [ 90.24789516800007, 24.333304228000031 ], [ 90.233450233000042, 24.335198435000052 ], [ 90.249011773000063, 24.415266544000076 ], [ 90.229251183000031, 24.419933338000078 ], [ 90.209612732000039, 24.458345833000067 ], [ 90.243543559000045, 24.481354732000057 ], [ 90.186679194000078, 24.522921272000076 ], [ 90.174385349000033, 24.517802580000023 ], [ 90.150809369000058, 24.574727074000066 ], [ 90.124550551000084, 24.596684436000032 ], [ 90.148019054000031, 24.633781415000044 ], [ 90.132738989000075, 24.734434590000035 ], [ 90.09037812300005, 24.737193049000041 ], [ 90.098031124000045, 24.75631179800007 ], [ 90.075779029000046, 24.787873767000065 ], [ 90.139252981000084, 24.779153511000061 ], [ 90.168769957000052, 24.826825194000037 ], [ 90.189435858000081, 24.828327866000052 ], [ 90.180235131000074, 24.839825407000035 ], [ 90.200164113000085, 24.859199868000076 ], [ 90.182267427000056, 24.864726226000073 ], [ 90.200766596000051, 24.874846335000029 ], [ 90.194925912000031, 24.885258668000063 ], [ 90.238625586000069, 24.891761488000043 ], [ 90.245579095000039, 24.925411263000058 ], [ 90.232095516000072, 24.944562629000075 ], [ 90.257802456000036, 24.946287093000024 ], [ 90.22641519900003, 24.971213319000071 ], [ 90.241088004000062, 25.008209995000072 ], [ 90.232243531000051, 25.041982833000077 ], [ 90.249701650000077, 25.062767694000058 ], [ 90.271421907000047, 25.053392062000057 ], [ 90.284300617000042, 25.07873608400007 ], [ 90.304843435000066, 25.079078001000028 ], [ 90.26243001000006, 25.098281057000065 ], [ 90.264044266000042, 25.195906999000044 ], [ 90.330804, 25.193455 ], [ 90.370539, 25.162761001000035 ], [ 90.44202, 25.144386 ], [ 90.509346286000039, 25.175191647000077 ], [ 90.641135084000041, 25.174898140000039 ], [ 90.663617816000055, 25.197478253000043 ], [ 90.665922825000052, 25.16601858100006 ], [ 90.68578949700003, 25.174939379000023 ], [ 90.697911905000069, 25.157056223000041 ], [ 90.710139192000042, 25.168889180000065 ], [ 90.73861135900006, 25.157603829000038 ], [ 90.780416346000038, 25.186217462000059 ], [ 90.849493112000062, 25.157904202000054 ], [ 90.964777359000038, 25.171752918000038 ], [ 90.947422637000045, 25.113832652000042 ], [ 90.974664406000045, 25.074280415000032 ], [ 90.927795477000075, 25.07822337500005 ], [ 90.932864271000085, 25.04486070300004 ], [ 90.965029147000052, 25.035700588000054 ], [ 90.934070834000067, 25.017738931000054 ], [ 90.947426547000077, 25.004754566000031 ], [ 90.943658210000081, 24.975924754000062 ], [ 90.973172495000085, 24.958423530000061 ], [ 90.949138736000066, 24.93967626500006 ], [ 90.953415600000085, 24.918929751000064 ], [ 90.992867534000084, 24.914100639000026 ], [ 90.998055303000058, 24.892135139000061 ], [ 91.015600410000047, 24.898552491000032 ], [ 91.029310474000056, 24.883021715000041 ], [ 91.045314535000045, 24.908108459000061 ], [ 91.098445765000065, 24.889586636000047 ], [ 91.113810365000063, 24.847542650000037 ], [ 91.130412082000078, 24.840565173000073 ], [ 91.112487048000048, 24.817060713000046 ], [ 91.130411310000056, 24.792843744000038 ], [ 91.152729932000057, 24.809241685000075 ], [ 91.152479887000084, 24.836882758000058 ], [ 91.17068783700006, 24.826961610000069 ], [ 91.160498955000037, 24.791931114000079 ], [ 91.171207566000078, 24.77993630900005 ], [ 91.135309562000032, 24.757411926000032 ], [ 91.159337041000072, 24.748106796000059 ], [ 91.141326906000074, 24.72420917900007 ], [ 91.206843869000068, 24.708984920000034 ], [ 91.229301172000078, 24.723741274000076 ], [ 91.21972071600004, 24.702387521000048 ], [ 91.241952825000055, 24.679958268000064 ], [ 91.223816971000076, 24.675215061000074 ], [ 91.229993942000078, 24.654714008000042 ], [ 91.177335648000053, 24.619635232000064 ], [ 91.200024920000033, 24.609411965000049 ], [ 91.206049838000069, 24.577036876000022 ], [ 91.233961192000038, 24.568962907000071 ], [ 91.212846325000044, 24.523017353000057 ], [ 91.150071982000043, 24.479093242000033 ], [ 91.191639188000067, 24.481745501000034 ], [ 91.184098988000073, 24.471182082000041 ], [ 91.196108458000083, 24.466074438000078 ], [ 91.21906775900004, 24.48514050600005 ], [ 91.23245892500006, 24.473054683000043 ], [ 91.242121982000072, 24.427251704000071 ], [ 91.217105446000062, 24.432475965000037 ], [ 91.213952247000066, 24.402394100000038 ], [ 91.237517856000068, 24.406785183000068 ], [ 91.255767156000047, 24.379466223000065 ], [ 91.212469318000046, 24.360657670000023 ], [ 91.23496387800003, 24.316036132000079 ], [ 91.176564105000068, 24.321032235000075 ], [ 91.158570791000045, 24.282674131000078 ], [ 91.195930651000083, 24.293197318000068 ], [ 91.184572144000072, 24.272424164000029 ], [ 91.133845357000041, 24.243097116000058 ], [ 91.085103322000066, 24.241120816000034 ], [ 91.08996626000004, 24.211326086000042 ], [ 91.042830615000071, 24.212994392000041 ], [ 90.991887920000067, 24.164695263000056 ], [ 90.985308762000045, 24.15217821400006 ], [ 91.044231185000058, 24.109925635000025 ], [ 91.053548566000075, 24.084482811000044 ], [ 90.985991524000042, 24.030601024000077 ], [ 90.962245003000078, 24.033171907000053 ], [ 90.967293673000086, 24.06153495600006 ], [ 90.944366620000039, 24.084253965000073 ], [ 90.912612786000068, 24.074882405000039 ] ] ] } },
{ "type": "Feature", "properties": { "stable_id": "BD.ADM2.00013" }, "geometry": { "type": "MultiPolygon", "coordinates": [ [ [ [ 91.007712800000036, 22.036067600000024 ], [ 90.975993905000053, 22.037441878000038 ], [ 90.973955100000069, 22.05135260000003 ], [ 91.007712800000036, 22.036067600000024 ] ] ], [ [ [ 91.05847840000007, 22.038221600000043 ], [ 91.058511500000066, 22.045943400000056 ], [ 91.060063500000069, 22.033350200000029 ], [ 91.05847840000007, 22.038221600000043 ] ] ], [ [ [ 91.074919941000076, 22.046765489000052 ], [ 91.071768300000031, 22.045585300000027 ], [ 91.075548328000082, 22.047566439000036 ], [ 91.074919941000076, 22.046765489000052 ] ] ], [ [ [ 91.013972692000038, 22.038511473000028 ], [ 91.019895600000041, 22.063239400000043 ], [ 91.034628700000042, 22.076028400000041 ], [ 91.036007100000063, 22.056227100000058 ], [ 91.013972692000038, 22.038511473000028 ] ] ], [ [ [ 91.022710300000085, 22.079230500000051 ], [ 91.023518900000056, 22.080655400000069 ], [ 91.028795200000047, 22.07853190000003 ], [ 91.022710300000085, 22.079230500000051 ] ] ], [ [ [ 91.094858800000054, 22.114833500000032 ], [ 91.096936500000083, 22.114342900000054 ], [ 91.095708, 22.113299100000063 ], [ 91.094858800000054, 22.114833500000032 ] ] ], [ [ [ 91.12916720000004, 22.131445300000053 ], [ 91.126687730000071, 22.130930027000034 ], [ 91.126674500000036, 22.131931400000042 ], [ 91.12916720000004, 22.131445300000053 ] ] ], [ [ [ 91.040605, 22.163092200000051 ], [ 91.040375, 22.159743500000047 ], [ 91.038193600000056, 22.157658300000037 ], [ 91.040605, 22.163092200000051 ] ] ], [ [ [ 91.181526760000054, 22.296271894000029 ], [ 91.184274200000061, 22.250208 ], [ 91.160767300000032, 22.176332100000025 ], [ 91.061401300000057, 22.097195500000055 ], [ 91.025217, 22.097534200000041 ], [ 91.068014400000038, 22.239859300000035 ], [ 91.077932900000064, 22.423997100000065 ], [ 91.129151200000081, 22.402979200000061 ], [ 91.181526760000054, 22.296271894000029 ] ] ], [ [ [ 91.048655300000064, 22.379636500000061 ], [ 91.046873, 22.368548300000043 ], [ 91.043186400000081, 22.374937800000055 ], [ 91.048655300000064, 22.379636500000061 ] ] ], [ [ [ 91.051035400000046, 22.377606300000025 ], [ 91.051943300000062, 22.381992400000058 ], [ 91.054799900000035, 22.375592700000027 ], [ 91.051035400000046, 22.377606300000025 ] ] ], [ [ [ 91.058012900000051, 22.38335230000007 ], [ 91.056277500000078, 22.388736100000074 ], [ 91.060878500000058, 22.386217700000032 ], [ 91.058012900000051, 22.38335230000007 ] ] ], [ [ [ 90.993033900000057, 22.418074600000068 ], [ 91.014107800000033, 22.405724400000054 ], [ 91.009142600000075, 22.375422800000024 ], [ 91.002780900000062, 22.375216 ], [ 90.993033900000057, 22.418074600000068 ] ] ], [ [ [ 90.984584143000063, 22.399961513000051 ], [ 90.976207800000054, 22.414004300000045 ], [ 90.97495648000006, 22.416378623000071 ], [ 90.983918100000039, 22.407151900000031 ], [ 90.984584143000063, 22.399961513000051 ] ] ], [ [ [ 90.960960557000078, 22.444565907000026 ], [ 90.970590200000061, 22.429117900000051 ], [ 90.968573443000082, 22.426669317000062 ], [ 90.960960557000078, 22.444565907000026 ] ] ], [ [ [ 91.029386800000054, 22.450820700000065 ], [ 91.014494700000057, 22.427218200000027 ], [ 90.992354500000033, 22.426816200000076 ], [ 90.989414800000077, 22.457920100000024 ], [ 91.017071, 22.460192100000029 ], [ 91.035726600000032, 22.452828700000055 ], [ 91.047635700000058, 22.442678600000022 ], [ 91.044822200000056, 22.416264400000045 ], [ 91.028025200000059, 22.419792400000063 ], [ 91.029386800000054, 22.450820700000065 ] ] ], [ [ [ 91.125741, 22.471400900000049 ], [ 91.125747800000056, 22.470886300000075 ], [ 91.125190700000076, 22.471137100000078 ], [ 91.125741, 22.471400900000049 ] ] ], [ [ [ 91.148890300000062, 22.511046500000077 ], [ 91.100772600000084, 22.474711800000023 ], [ 91.101023600000076, 22.51718070000004 ], [ 91.099186900000063, 22.509695400000055 ], [ 91.097812700000077, 22.508907100000044 ], [ 91.09830670000008, 22.513288100000068 ], [ 91.096078800000043, 22.514162 ], [ 91.092827600000078, 22.508848100000023 ], [ 91.094519, 22.486477100000059 ], [ 91.084763600000031, 22.490994 ], [ 91.089897900000039, 22.510357400000032 ], [ 91.101738600000033, 22.525682300000028 ], [ 91.130940100000032, 22.537863200000061 ], [ 91.131407600000045, 22.544302800000025 ], [ 91.143183936000071, 22.533891678000032 ], [ 91.150051, 22.53834130000007 ], [ 91.148890300000062, 22.511046500000077 ] ] ], [ [ [ 91.097206, 22.512760400000047 ], [ 91.09692890000008, 22.512757200000067 ], [ 91.096925500000054, 22.513014400000031 ], [ 91.097206, 22.512760400000047 ] ] ], [ [ [ 91.050737608000077, 23.083483127000022 ], [ 91.159902287000079, 23.084072286000037 ], [ 91.185265971000035, 23.060251503000075 ], [ 91.235912522000035, 23.065976555000077 ], [ 91.302627911000059, 23.048044265000044 ], [ 91.330766123000046, 23.066293442000074 ], [ 91.398056, 23.066111 ], [ 91.405833, 23.091388983000058 ], [ 91.377499999000065, 23.206944001000068 ], [ 91.392779, 23.263332 ], [ 91.416666, 23.26611100100007 ], [ 91.454167, 23.239443 ], [ 91.456111005000082, 23.221110997000039 ], [ 91.473056, 23.222499 ], [ 91.469722, 23.197778001000074 ], [ 91.493334, 23.186666001000049 ], [ 91.526389, 23.078612 ], [ 91.517499, 23.060278 ], [ 91.542501, 23.042499 ], [ 91.546667, 23.003055001000064 ], [ 91.579672006000067, 22.975858408000079 ], [ 91.577066141000046, 22.960744053000042 ], [ 91.565926571000034, 22.947055323000029 ], [ 91.527484779000076, 22.94730988200007 ], [ 91.53321899000008, 22.917559548000042 ], [ 91.506575204000058, 22.901178108000067 ], [ 91.505118736000043, 22.914094029000069 ], [ 91.478100890000064, 22.921697828000049 ], [ 91.472077700000057, 22.90761260000005 ], [ 91.464551800000038, 22.91087680000004 ], [ 91.470546400000046, 22.912732400000039 ], [ 91.470609300000035, 22.914677200000028 ], [ 91.47227920000006, 22.914435800000035 ], [ 91.463044337000042, 22.923354335000056 ], [ 91.464552300000037, 22.909728400000063 ], [ 91.477270379000061, 22.901920136000058 ], [ 91.45870767100007, 22.901966246000029 ], [ 91.46214880000008, 22.851792 ], [ 91.451049700000056, 22.850912 ], [ 91.449492200000066, 22.82901860000004 ], [ 91.435070300000064, 22.839688 ], [ 91.426192300000082, 22.838956600000074 ], [ 91.408486700000083, 22.809309900000073 ], [ 91.424044300000048, 22.796337700000038 ], [ 91.423549500000036, 22.754892600000062 ], [ 91.404404700000043, 22.778382300000033 ], [ 91.365005200000041, 22.777082200000052 ], [ 91.333546700000056, 22.79618970000007 ], [ 91.339034200000071, 22.835883900000056 ], [ 91.335794964000058, 22.842705538000075 ], [ 91.324227500000063, 22.843192900000076 ], [ 91.331374400000072, 22.84918760000005 ], [ 91.328487600000074, 22.858165600000063 ], [ 91.336101600000063, 22.860047100000031 ], [ 91.332095600000059, 22.881110400000068 ], [ 91.340390985000056, 22.882988025000031 ], [ 91.346333100000038, 22.886664200000041 ], [ 91.332087700000045, 22.881753400000036 ], [ 91.330523415000073, 22.88015559300004 ], [ 91.320889200000067, 22.843672400000059 ], [ 91.335257200000058, 22.838160900000048 ], [ 91.329767300000071, 22.787399100000073 ], [ 91.388654200000076, 22.760464400000046 ], [ 91.368946400000084, 22.749067300000036 ], [ 91.270642100000032, 22.754467600000055 ], [ 91.297992200000067, 22.742021500000078 ], [ 91.258611600000052, 22.69642680000004 ], [ 91.227383200000077, 22.730443800000046 ], [ 91.221793700000035, 22.712108100000023 ], [ 91.211406800000077, 22.721515 ], [ 91.208813700000064, 22.707588 ], [ 91.233826600000043, 22.704005500000051 ], [ 91.243390300000044, 22.682748500000059 ], [ 91.235784200000069, 22.681120500000077 ], [ 91.231792700000085, 22.689569900000038 ], [ 91.224271500000043, 22.692060300000037 ], [ 91.228828100000044, 22.682845300000054 ], [ 91.235552900000073, 22.677514700000074 ], [ 91.260543600000062, 22.675214400000073 ], [ 91.269756600000051, 22.648289300000044 ], [ 91.242717300000038, 22.615822700000024 ], [ 91.246223100000066, 22.601705100000061 ], [ 91.260320600000057, 22.582812100000069 ], [ 91.256225100000051, 22.577877500000056 ], [ 91.258764500000041, 22.574301600000069 ], [ 91.254082800000049, 22.571934400000032 ], [ 91.255829700000049, 22.565261400000054 ], [ 91.249795500000062, 22.560305600000049 ], [ 91.255904200000032, 22.559342500000071 ], [ 91.247397700000079, 22.552686300000062 ], [ 91.231990200000041, 22.565773200000024 ], [ 91.236310200000048, 22.552951600000029 ], [ 91.162474900000063, 22.520725 ], [ 91.156133400000044, 22.539311700000042 ], [ 91.140095400000064, 22.536939700000062 ], [ 91.133710400000041, 22.558485 ], [ 91.118365900000072, 22.566155300000048 ], [ 91.089236400000061, 22.568514400000026 ], [ 91.133724200000074, 22.557455700000048 ], [ 91.127463, 22.538852200000065 ], [ 91.09155190000007, 22.52105750000004 ], [ 91.074717700000065, 22.536427900000035 ], [ 91.042069600000048, 22.533331100000055 ], [ 90.942843113000038, 22.477983423000069 ], [ 90.896694911000054, 22.556572157000062 ], [ 90.779685475000065, 22.658571531000064 ], [ 90.761792724000031, 22.777236889000051 ], [ 90.71339996200004, 22.811596405000046 ], [ 90.711547458000041, 22.860103760000072 ], [ 90.666503170000055, 22.858310338000024 ], [ 90.643861351000055, 22.83671178000003 ], [ 90.665231966000079, 22.875747564000051 ], [ 90.650343986000053, 22.904634765000026 ], [ 90.695154788000082, 22.904386901000066 ], [ 90.644150102000083, 22.980817676000072 ], [ 90.669675234000067, 23.015453727000079 ], [ 90.65779847500005, 23.023387710000065 ], [ 90.667300609000051, 23.054922960000056 ], [ 90.697827433000043, 23.06199497700004 ], [ 90.730896524000059, 23.041903026000057 ], [ 90.752054931000032, 23.067553864000047 ], [ 90.791998565000085, 23.078154102000042 ], [ 90.796376904000056, 23.118578157000059 ], [ 90.868051387000037, 23.173530603000074 ], [ 90.891857080000079, 23.171788651000043 ], [ 90.912109934000057, 23.147814880000055 ], [ 90.955517087000032, 23.145932977000029 ], [ 90.984503825000047, 23.117816105000031 ], [ 91.035562274000085, 23.114657007000062 ], [ 91.050737608000077, 23.083483127000022 ] ] ], [ [ [ 91.146538400000054, 22.155065400000069 ], [ 91.14981320000004, 22.158191300000055 ], [ 91.150665600000082, 22.156399200000067 ], [ 91.146538400000054, 22.155065400000069 ] ] ], [ [ [ 91.151079500000037, 22.156403900000043 ], [ 91.152586, 22.157450600000061 ], [ 91.153787084000044, 22.15664289700004 ], [ 91.151079500000037, 22.156403900000043 ] ] ], [ [ [ 91.158277, 22.166008500000032 ], [ 91.159518315000071, 22.164197004000073 ], [ 91.156281239000066, 22.164050214000042 ], [ 91.158277, 22.166008500000032 ] ] ], [ [ [ 91.162971097000081, 22.16659566900006 ], [ 91.164574900000048, 22.170455100000027 ], [ 91.165983741000048, 22.170593182000061 ], [ 91.162971097000081, 22.16659566900006 ] ] ], [ [ [ 91.16767496500006, 22.182494334000069 ], [ 91.164434400000061, 22.181263800000067 ], [ 91.166891300000032, 22.183607800000061 ], [ 91.16767496500006, 22.182494334000069 ] ] ], [ [ [ 91.171344499000043, 22.190471228000035 ], [ 91.169541, 22.19238880000006 ], [ 91.171991600000069, 22.195247600000073 ], [ 91.171344499000043, 22.190471228000035 ] ] ], [ [ [ 91.188972252000042, 22.239704619000065 ], [ 91.190271628000062, 22.250017448000051 ], [ 91.191008836000037, 22.247189461000062 ], [ 91.188972252000042, 22.239704619000065 ] ] ], [ [ [ 91.249646, 22.429038100000071 ], [ 91.265405892000047, 22.419748793000053 ], [ 91.255113331000075, 22.40967788100005 ], [ 91.249646, 22.429038100000071 ] ] ], [ [ [ 91.141972700000053, 22.437872700000071 ], [ 91.133921, 22.439581500000031 ], [ 91.141931700000043, 22.440960800000028 ], [ 91.141972700000053, 22.437872700000071 ] ] ], [ [ [ 91.125156100000083, 22.473710500000038 ], [ 91.153031700000042, 22.501699500000029 ], [ 91.193421400000034, 22.505632600000069 ], [ 91.152357900000084, 22.469005200000026 ], [ 91.125156100000083, 22.473710500000038 ] ] ], [ [ [ 91.190162913000052, 22.520420470000033 ], [ 91.198418300000071, 22.504787400000055 ], [ 91.177796900000033, 22.514207400000032 ], [ 91.190162913000052, 22.520420470000033 ] ] ], [ [ [ 91.202782400000046, 22.531475200000045 ], [ 91.196072122000032, 22.523314948000063 ], [ 91.190945010000064, 22.524706128000048 ], [ 91.202782400000046, 22.531475200000045 ] ] ], [ [ [ 91.261361800000032, 22.566093500000022 ], [ 91.261780400000077, 22.576908100000026 ], [ 91.258416200000056, 22.579960300000039 ], [ 91.261188368000035, 22.579920495000067 ], [ 91.263823500000058, 22.568694 ], [ 91.261361800000032, 22.566093500000022 ] ] ], [ [ [ 91.266520300000082, 22.574643 ], [ 91.277387300000044, 22.59226190000004 ], [ 91.26711, 22.571818 ], [ 91.266520300000082, 22.574643 ] ] ], [ [ [ 91.273139100000037, 22.588355500000034 ], [ 91.265397500000063, 22.575788500000044 ], [ 91.272723900000074, 22.588351100000068 ], [ 91.272640300000035, 22.595042100000057 ], [ 91.273139100000037, 22.588355500000034 ] ] ], [ [ [ 91.255923900000084, 22.601810800000067 ], [ 91.262547200000085, 22.582064 ], [ 91.24745020000006, 22.603262700000073 ], [ 91.246781700000042, 22.612263800000051 ], [ 91.255686900000057, 22.620597 ], [ 91.255923900000084, 22.601810800000067 ] ] ], [ [ [ 91.267274600000064, 22.602963100000068 ], [ 91.262778500000081, 22.607804900000076 ], [ 91.258559300000059, 22.612649300000044 ], [ 91.259632400000044, 22.615492300000028 ], [ 91.267274600000064, 22.602963100000068 ] ] ], [ [ [ 91.262140100000067, 22.614489800000058 ], [ 91.264883, 22.616835900000069 ], [ 91.264905500000054, 22.615034500000036 ], [ 91.262140100000067, 22.614489800000058 ] ] ], [ [ [ 91.267342300000053, 22.619693700000028 ], [ 91.26629790000004, 22.614534800000058 ], [ 91.265972400000067, 22.618392100000051 ], [ 91.267342300000053, 22.619693700000028 ] ] ], [ [ [ 91.27063, 22.622817700000041 ], [ 91.271229500000061, 22.619220900000073 ], [ 91.269266500000072, 22.621001400000068 ], [ 91.27063, 22.622817700000041 ] ] ], [ [ [ 91.265389, 22.620702300000062 ], [ 91.264541100000031, 22.621979900000042 ], [ 91.267332700000054, 22.620465800000034 ], [ 91.265389, 22.620702300000062 ] ] ], [ [ [ 91.276924788000031, 22.441045121000059 ], [ 91.272636545000069, 22.44844811400003 ], [ 91.276896461000035, 22.44760182300007 ], [ 91.276924788000031, 22.441045121000059 ] ] ], [ [ [ 91.271324900000081, 22.52270290000007 ], [ 91.286765100000082, 22.551180700000032 ], [ 91.297385200000065, 22.543829100000039 ], [ 91.288675900000044, 22.553517500000055 ], [ 91.312114300000076, 22.563031200000069 ], [ 91.315229800000054, 22.546076200000073 ], [ 91.282365673000072, 22.501043197000058 ], [ 91.271324900000081, 22.52270290000007 ] ] ], [ [ [ 91.273462100000074, 22.595823 ], [ 91.273752200000047, 22.59479680000004 ], [ 91.272901500000046, 22.59633180000003 ], [ 91.273462100000074, 22.595823 ] ] ], [ [ [ 91.274097900000072, 22.611530300000027 ], [ 91.27485450000006, 22.606390800000042 ], [ 91.272154400000034, 22.611766700000032 ], [ 91.274097900000072, 22.611530300000027 ] ] ], [ [ [ 91.281801600000051, 22.616245800000058 ], [ 91.283482782000078, 22.615706849000048 ], [ 91.282392700000059, 22.613291900000036 ], [ 91.281801600000051, 22.616245800000058 ] ] ], [ [ [ 91.273956500000054, 22.622853600000042 ], [ 91.274504500000035, 22.623374300000023 ], [ 91.275355300000058, 22.621839100000045 ], [ 91.273956500000054, 22.622853600000042 ] ] ], [ [ [ 91.277792500000032, 22.626498300000037 ], [ 91.282545300000038, 22.623331400000041 ], [ 91.276986600000043, 22.624430500000074 ], [ 91.277792500000032, 22.626498300000037 ] ] ], [ [ [ 91.342287722000037, 22.718794998000078 ], [ 91.343175607000035, 22.685813080000059 ], [ 91.318075707000048, 22.649833221000051 ], [ 91.295071200000052, 22.709045600000024 ], [ 91.314841400000034, 22.72572770000005 ], [ 91.342287722000037, 22.718794998000078 ] ] ], [ [ [ 91.426613900000063, 22.802283100000068 ], [ 91.431206600000053, 22.837590900000066 ], [ 91.450211700000068, 22.826837400000045 ], [ 91.464552100000049, 22.847954200000061 ], [ 91.443014745000085, 22.801511977000075 ], [ 91.426613900000063, 22.802283100000068 ] ] ], [ [ [ 91.453653800000041, 22.841671200000064 ], [ 91.453383300000041, 22.841024700000048 ], [ 91.452546, 22.841403200000059 ], [ 91.453653800000041, 22.841671200000064 ] ] ], [ [ [ 91.457214200000067, 22.846081500000025 ], [ 91.456658900000036, 22.846076100000062 ], [ 91.456653, 22.846590900000024 ], [ 91.457214200000067, 22.846081500000025 ] ] ], [ [ [ 91.452183700000035, 22.848864 ], [ 91.452195500000073, 22.847834500000033 ], [ 91.451637100000085, 22.848086500000022 ], [ 91.452183700000035, 22.848864 ] ] ], [ [ [ 91.492285600000059, 22.914369700000066 ], [ 91.482845, 22.913765100000035 ], [ 91.483403700000054, 22.913513 ], [ 91.482610300000033, 22.909901900000023 ], [ 91.475462100000072, 22.915496100000041 ], [ 91.479717300000061, 22.920169900000076 ], [ 91.486680400000068, 22.918692100000044 ], [ 91.499548600000082, 22.910835 ], [ 91.484674918000053, 22.902699859000052 ], [ 91.492285600000059, 22.914369700000066 ] ] ] ] } },
{ "type": "Feature", "properties": { "stable_id": "BD.ADM2.00014" }, "geometry": { "type": "Polygon", "coordinates": [ [ [ 89.711288987000046, 24.007281093000074 ], [ 89.69323545900005, 23.986741066000036 ], [ 89.684498399000063, 23.925252751000073 ], [ 89.702310883000052, 23.89552487900005 ], [ 89.696958222000035, 23.866609003000065 ], [ 89.703831323000031, 23.877096608000045 ], [ 89.732741261000058, 23.835368158000051 ], [ 89.665079463000041, 23.809191433000024 ], [ 89.522416573000044, 23.816817848000028 ], [ 89.46257429700006, 23.842679092000026 ], [ 89.385223622000069, 23.90780982800004 ], [ 89.364599269000053, 23.91070432500004 ], [ 89.354338017000032, 23.88343771600006 ], [ 89.312974890000078, 23.874301070000058 ], [ 89.279073532000041, 23.906051606000062 ], [ 89.264906329000041, 23.877987639000025 ], [ 89.237004084000034, 23.972887293000042 ], [ 89.216514070000073, 23.971539918000076 ], [ 89.21648444200008, 23.988270641000042 ], [ 89.17765569200003, 23.987392262000071 ], [ 89.170255138000073, 23.951068443000054 ], [ 89.098615042000063, 23.959863956000049 ], [ 89.062812192000081, 23.987370867000038 ], [ 89.006677746000037, 24.118116670000063 ], [ 89.003027279000037, 24.142380289000073 ], [ 89.015451175000067, 24.144514985000058 ], [ 88.997073648000082, 24.144273979000047 ], [ 89.024999265000076, 24.16932881300005 ], [ 89.046242922000033, 24.139121215000046 ], [ 89.080433741000036, 24.166289167000059 ], [ 89.095154443000069, 24.15685131500004 ], [ 89.154705497000066, 24.170077995000042 ], [ 89.173812374000079, 24.199644625000076 ], [ 89.215265724000062, 24.211740235000036 ], [ 89.219245275000048, 24.234915854000064 ], [ 89.238116211000033, 24.243422106000025 ], [ 89.233308475000058, 24.266640013000028 ], [ 89.286631786000044, 24.304830922000065 ], [ 89.287270627000055, 24.330757206000044 ], [ 89.318368314000054, 24.344047722000028 ], [ 89.283362154000031, 24.379123219000064 ], [ 89.285133726000083, 24.420504527000048 ], [ 89.247186543000055, 24.427144847000022 ], [ 89.281159827000067, 24.456458783000073 ], [ 89.283233469000038, 24.484916770000041 ], [ 89.341469163000056, 24.563043358000073 ], [ 89.42493597400005, 24.560938029000056 ], [ 89.460012690000042, 24.542385121000052 ], [ 89.508483849000072, 24.556764205000036 ], [ 89.519963018000055, 24.536332991000052 ], [ 89.530545182000083, 24.563393652000059 ], [ 89.568759355000054, 24.546807414000057 ], [ 89.601784961000078, 24.562426888000061 ], [ 89.602681129000075, 24.604297709000036 ], [ 89.58153085400005, 24.620561399000053 ], [ 89.549409396000044, 24.617559369000048 ], [ 89.56198541100008, 24.652665557000034 ], [ 89.544741640000041, 24.653707114000042 ], [ 89.562028947000044, 24.689288533000024 ], [ 89.554647451000051, 24.704282570000032 ], [ 89.624032033000049, 24.685465845000067 ], [ 89.645648460000075, 24.701430086000073 ], [ 89.637268585000072, 24.716648859000031 ], [ 89.660759718000065, 24.728407382000057 ], [ 89.655896110000072, 24.747670950000042 ], [ 89.679525899000055, 24.783863437000036 ], [ 89.734884435000083, 24.761097480000046 ], [ 89.741361611000059, 24.774566131000029 ], [ 89.771664740000062, 24.772919192000074 ], [ 89.790470610000057, 24.738237238000067 ], [ 89.772408252000048, 24.723993720000067 ], [ 89.799163830000055, 24.679980282000031 ], [ 89.783275053000068, 24.669170613000063 ], [ 89.785026425000069, 24.625805888000059 ], [ 89.765028495000081, 24.613836238000033 ], [ 89.789068520000058, 24.572289169000044 ], [ 89.734170917000085, 24.518364648000045 ], [ 89.758156050000082, 24.499551874000076 ], [ 89.74257091000004, 24.471204876000058 ], [ 89.765992306000044, 24.375834874000077 ], [ 89.751356940000051, 24.352510466000069 ], [ 89.790073481000036, 24.276575304000062 ], [ 89.783042650000084, 24.236726907000048 ], [ 89.798535538000067, 24.175704884000027 ], [ 89.779979274000084, 24.166474386000061 ], [ 89.820899248000046, 24.139321383000038 ], [ 89.82498098800005, 24.084888473000035 ], [ 89.774620173000073, 24.027453653000066 ], [ 89.711288987000046, 24.007281093000074 ] ] ] } },
{ "type": "Feature", "properties": { "stable_id": "BD.ADM2.00015" }, "geometry": { "type": "MultiPolygon", "coordinates": [ [ [ [ 90.477343446000077, 21.769186106000063 ], [ 90.475760600000058, 21.773482300000069 ], [ 90.47723540000004, 21.775820700000054 ], [ 90.477343446000077, 21.769186106000063 ] ] ], [ [ [ 90.472205900000063, 21.779860700000029 ], [ 90.471953, 21.778570200000047 ], [ 90.469831663000036, 21.779065926000044 ], [ 90.472205900000063, 21.779860700000029 ] ] ], [ [ [ 90.460265200000038, 21.816472500000032 ], [ 90.461323100000072, 21.803366100000062 ], [ 90.468805800000041, 21.800907900000027 ], [ 90.460265200000038, 21.816472500000032 ] ] ], [ [ [ 90.485415300000057, 21.812226200000055 ], [ 90.484584200000086, 21.812470800000028 ], [ 90.486232700000073, 21.812753100000066 ], [ 90.485415300000057, 21.812226200000055 ] ] ], [ [ [ 90.515980500000069, 21.829414400000076 ], [ 90.506500300000084, 21.819879 ], [ 90.487881200000061, 21.813035700000057 ], [ 90.515980500000069, 21.829414400000076 ] ] ], [ [ [ 90.443966100000068, 21.849798500000077 ], [ 90.454099900000074, 21.837862 ], [ 90.430458200000032, 21.834536700000058 ], [ 90.443966100000068, 21.849798500000077 ] ] ], [ [ [ 90.37341310000005, 21.849590200000023 ], [ 90.367217500000038, 21.841772400000025 ], [ 90.376731600000085, 21.841409500000054 ], [ 90.37341310000005, 21.849590200000023 ] ] ], [ [ [ 90.346122100000059, 21.849924700000031 ], [ 90.347742, 21.851751800000045 ], [ 90.341191500000036, 21.84830160000007 ], [ 90.346122100000059, 21.849924700000031 ] ] ], [ [ [ 90.092727900000057, 21.849765 ], [ 90.095839, 21.852649500000041 ], [ 90.092632300000048, 21.84770530000003 ], [ 90.092727900000057, 21.849765 ] ] ], [ [ [ 90.35736170000007, 21.853192900000067 ], [ 90.349675500000046, 21.851525600000059 ], [ 90.362464500000044, 21.860478700000044 ], [ 90.35736170000007, 21.853192900000067 ] ] ], [ [ [ 90.096379400000046, 21.866807900000026 ], [ 90.096701600000074, 21.864498300000037 ], [ 90.09041760000008, 21.86181490000007 ], [ 90.096379400000046, 21.866807900000026 ] ] ], [ [ [ 90.525488400000086, 21.885394700000063 ], [ 90.530543800000032, 21.863984400000049 ], [ 90.505712200000062, 21.865283200000079 ], [ 90.514285800000039, 21.879565 ], [ 90.525488400000086, 21.885394700000063 ] ] ], [ [ [ 90.494360800000038, 21.883894600000076 ], [ 90.49408070000004, 21.884147700000028 ], [ 90.494356300000049, 21.884151900000063 ], [ 90.494360800000038, 21.883894600000076 ] ] ], [ [ [ 90.348612500000058, 21.899194600000044 ], [ 90.358993200000043, 21.88435110000006 ], [ 90.354265200000043, 21.871668 ], [ 90.348612500000058, 21.899194600000044 ] ] ], [ [ [ 90.421130100000084, 21.893570100000034 ], [ 90.431535500000052, 21.882154300000025 ], [ 90.42327430000006, 21.881638700000053 ], [ 90.421130100000084, 21.893570100000034 ] ] ], [ [ [ 90.362302800000066, 21.929172600000072 ], [ 90.353445500000078, 21.906219100000044 ], [ 90.346419600000047, 21.908333800000037 ], [ 90.345611800000086, 21.90729170000003 ], [ 90.350872200000083, 21.868783300000075 ], [ 90.339694600000087, 21.847248100000058 ], [ 90.321639400000038, 21.847470400000077 ], [ 90.31279550000005, 21.863535200000058 ], [ 90.314369100000079, 21.865165400000024 ], [ 90.321636800000078, 21.862392900000032 ], [ 90.326055, 21.86195 ], [ 90.328525200000058, 21.862504800000067 ], [ 90.312658100000078, 21.878198200000043 ], [ 90.320667800000081, 21.884760800000038 ], [ 90.321998700000051, 21.879894100000058 ], [ 90.324082600000054, 21.879026900000042 ], [ 90.32557630000008, 21.880209500000035 ], [ 90.321214, 21.885026900000071 ], [ 90.317655500000058, 21.883682600000043 ], [ 90.31467, 21.881189300000074 ], [ 90.314580800000044, 21.885947900000076 ], [ 90.33776110000008, 21.943956800000024 ], [ 90.358552200000076, 21.982885700000054 ], [ 90.372798100000068, 21.98826020000007 ], [ 90.398323900000037, 22.010537100000079 ], [ 90.385951, 21.962998500000026 ], [ 90.362842400000034, 21.929824100000076 ], [ 90.349013200000059, 21.932046200000059 ], [ 90.362302800000066, 21.929172600000072 ] ] ], [ [ [ 90.468944700000065, 21.933680300000049 ], [ 90.414163, 21.897705600000052 ], [ 90.383804500000053, 21.899413 ], [ 90.375076900000067, 21.916769900000077 ], [ 90.449880300000075, 21.982015500000045 ], [ 90.411376, 21.960314100000062 ], [ 90.421926600000063, 22.00988110000003 ], [ 90.421263200000055, 22.016045700000063 ], [ 90.415246, 22.028301 ], [ 90.451562200000069, 22.026811900000041 ], [ 90.43230340000008, 22.03886140000003 ], [ 90.449563300000079, 22.045949300000075 ], [ 90.472967200000085, 22.033576200000027 ], [ 90.485685400000079, 21.969703100000061 ], [ 90.478736400000059, 21.933573500000023 ], [ 90.458994800000085, 21.919375 ], [ 90.468944700000065, 21.933680300000049 ] ] ], [ [ [ 90.372646200000077, 21.93654250000003 ], [ 90.406622900000059, 21.994201800000042 ], [ 90.412950600000045, 22.025562800000046 ], [ 90.406300300000055, 21.95122850000007 ], [ 90.372646200000077, 21.93654250000003 ] ] ], [ [ [ 90.531092, 21.99200680000007 ], [ 90.502693800000031, 21.975108900000066 ], [ 90.506226800000036, 21.993946300000061 ], [ 90.520630500000038, 21.99069060000005 ], [ 90.531092, 21.99200680000007 ] ] ], [ [ [ 90.372241700000075, 21.988508600000046 ], [ 90.368646900000044, 21.988965600000029 ], [ 90.37432, 21.992846 ], [ 90.372241700000075, 21.988508600000046 ] ] ], [ [ [ 90.528872, 21.992745200000059 ], [ 90.528596100000073, 21.992741100000046 ], [ 90.528591800000072, 21.992998300000068 ], [ 90.528872, 21.992745200000059 ] ] ], [ [ [ 90.353662200000031, 22.008535400000028 ], [ 90.380985400000043, 22.053099200000077 ], [ 90.389968400000043, 22.044881200000077 ], [ 90.339379700000052, 21.990294300000073 ], [ 90.353662200000031, 22.008535400000028 ] ] ], [ [ [ 90.346867100000054, 22.003022500000043 ], [ 90.360793200000046, 22.055476600000077 ], [ 90.374431800000082, 22.056725300000039 ], [ 90.364161600000045, 22.052443500000038 ], [ 90.346867100000054, 22.003022500000043 ] ] ], [ [ [ 90.481465600000035, 22.036794900000075 ], [ 90.485423800000035, 22.031452400000035 ], [ 90.483478800000057, 22.032194400000037 ], [ 90.481465600000035, 22.036794900000075 ] ] ], [ [ [ 90.481461, 22.037052100000039 ], [ 90.480904600000031, 22.037300800000025 ], [ 90.481456500000036, 22.037309300000061 ], [ 90.481461, 22.037052100000039 ] ] ], [ [ [ 90.366511800000069, 22.044762700000035 ], [ 90.375773700000082, 22.051343700000075 ], [ 90.365760300000034, 22.040634 ], [ 90.366511800000069, 22.044762700000035 ] ] ], [ [ [ 90.478001800000072, 22.060928100000069 ], [ 90.478951100000074, 22.046276400000067 ], [ 90.481176, 22.03756240000007 ], [ 90.476141600000062, 22.049063400000023 ], [ 90.478001800000072, 22.060928100000069 ] ] ], [ [ [ 90.426220596000064, 22.074357187000032 ], [ 90.418534800000032, 22.06759 ], [ 90.393382900000063, 22.069378300000039 ], [ 90.398076700000047, 22.084376 ], [ 90.426220596000064, 22.074357187000032 ] ] ], [ [ [ 90.423514511000064, 22.08130281800004 ], [ 90.426444300000071, 22.080451200000027 ], [ 90.415796, 22.081569700000045 ], [ 90.423514511000064, 22.08130281800004 ] ] ], [ [ [ 90.520696300000054, 22.176597400000048 ], [ 90.499323400000037, 22.171004700000026 ], [ 90.524840300000051, 22.19235610000004 ], [ 90.520696300000054, 22.176597400000048 ] ] ], [ [ [ 90.596083320000048, 22.269245463000061 ], [ 90.55697390000006, 22.235425900000052 ], [ 90.538584600000036, 22.236628 ], [ 90.555621200000076, 22.233733400000062 ], [ 90.508108900000082, 22.185410900000022 ], [ 90.512093400000083, 22.194477600000027 ], [ 90.512813300000062, 22.200663900000052 ], [ 90.495570600000065, 22.167979200000048 ], [ 90.489307200000042, 22.13957970000007 ], [ 90.434085500000037, 22.077741200000048 ], [ 90.420324100000073, 22.090646500000048 ], [ 90.391229600000031, 22.088898 ], [ 90.398335800000041, 22.130435100000057 ], [ 90.385641, 22.137436200000025 ], [ 90.377810600000032, 22.083023 ], [ 90.331415100000072, 22.047281500000054 ], [ 90.268194600000072, 21.875408 ], [ 90.26897340000005, 21.892401100000029 ], [ 90.264256600000067, 21.893994600000042 ], [ 90.250159800000063, 21.895947 ], [ 90.245575400000064, 21.895524600000044 ], [ 90.244204600000046, 21.897390900000062 ], [ 90.256384700000069, 21.916375400000049 ], [ 90.243859500000042, 21.908190600000069 ], [ 90.242762300000038, 21.900711300000069 ], [ 90.244648200000086, 21.895854700000029 ], [ 90.245484700000077, 21.895354100000077 ], [ 90.24686760000003, 21.895120100000042 ], [ 90.26233250000007, 21.893705400000044 ], [ 90.268427200000076, 21.892134800000065 ], [ 90.244158900000059, 21.863944700000047 ], [ 90.265049800000043, 21.866865700000062 ], [ 90.230458600000077, 21.816891500000054 ], [ 90.205742024000074, 21.802753728000027 ], [ 90.180088, 21.800345100000072 ], [ 90.196816600000034, 21.804231700000059 ], [ 90.226636300000052, 21.824457 ], [ 90.210776, 21.823119800000029 ], [ 90.173210900000072, 21.79984120000006 ], [ 90.098460300000056, 21.825170100000037 ], [ 90.08661150000006, 21.83885250000003 ], [ 90.083622100000071, 21.850375900000074 ], [ 90.089320800000053, 21.861538200000041 ], [ 90.084893500000078, 21.848854800000026 ], [ 90.08953530000008, 21.837360800000056 ], [ 90.11154810000005, 21.879937200000029 ], [ 90.109439644000076, 21.920200180000052 ], [ 90.142911113000082, 21.931566706000069 ], [ 90.134338943000046, 21.955143748000069 ], [ 90.153111683000077, 21.982174265000026 ], [ 90.191172402000063, 21.984693119000042 ], [ 90.178818422000063, 22.021828567000057 ], [ 90.210155839000038, 22.030712455000071 ], [ 90.185500321000063, 22.084138383000038 ], [ 90.199823803000072, 22.091942003000042 ], [ 90.206866607000052, 22.069211723000024 ], [ 90.233015035000051, 22.062144327000055 ], [ 90.226368085000047, 22.047931604000041 ], [ 90.239275625000062, 22.044512593000036 ], [ 90.221061416000055, 22.034606115000031 ], [ 90.248369413000034, 22.020195270000045 ], [ 90.276372989000038, 22.030885735000027 ], [ 90.289172634000067, 22.056661700000063 ], [ 90.279107748000058, 22.064411857000039 ], [ 90.314808748000075, 22.091972757000065 ], [ 90.328991459000065, 22.085214173000054 ], [ 90.346552393000081, 22.110334799000043 ], [ 90.336591361000046, 22.165355246000047 ], [ 90.37191497200007, 22.197740177000071 ], [ 90.351009980000072, 22.196417315000076 ], [ 90.359573414000067, 22.231713639000077 ], [ 90.328396751000071, 22.24538857400006 ], [ 90.334000453000044, 22.263478415000066 ], [ 90.286969222000039, 22.235040265000066 ], [ 90.290122380000071, 22.25769775200007 ], [ 90.245904596000059, 22.261717252000039 ], [ 90.224958441000069, 22.217121960000043 ], [ 90.179067114000077, 22.23558672300004 ], [ 90.147942522000051, 22.273014261000071 ], [ 90.14561326900008, 22.312310492000051 ], [ 90.15939239000005, 22.32159944600005 ], [ 90.138270508000062, 22.343101454000077 ], [ 90.17594142300004, 22.324300798000024 ], [ 90.18766520500003, 22.395128013000033 ], [ 90.221146098000077, 22.448483047000025 ], [ 90.313172454000039, 22.483487522000075 ], [ 90.336358743000062, 22.468615168000042 ], [ 90.362694290000036, 22.504273927000042 ], [ 90.427220164000062, 22.460445723000078 ], [ 90.456969123000079, 22.535530108000046 ], [ 90.501193776000036, 22.54685895700004 ], [ 90.511177942000074, 22.533904707000033 ], [ 90.528723292000052, 22.547250751000036 ], [ 90.514101162000031, 22.557801882000035 ], [ 90.542769673000066, 22.564891466000063 ], [ 90.535134973000083, 22.586510768000039 ], [ 90.554346038000062, 22.592639912000038 ], [ 90.526844436000033, 22.615049390000024 ], [ 90.525171792000037, 22.68392405000003 ], [ 90.553275388000031, 22.686538066000026 ], [ 90.572566651000045, 22.72172051900003 ], [ 90.559308066000085, 22.765996362000067 ], [ 90.568345176000037, 22.792015538000044 ], [ 90.666503170000055, 22.858310338000024 ], [ 90.709279292000076, 22.860559899000066 ], [ 90.71339996200004, 22.811596405000046 ], [ 90.761792724000031, 22.777236889000051 ], [ 90.779685475000065, 22.658571531000064 ], [ 90.896694911000054, 22.556572157000062 ], [ 90.942843113000038, 22.477983423000069 ], [ 90.86668590000005, 22.435498700000039 ], [ 90.844742600000075, 22.377562600000033 ], [ 90.841662900000074, 22.263003300000037 ], [ 90.811220300000059, 22.122343500000056 ], [ 90.800305200000082, 22.122711400000071 ], [ 90.758439, 22.062953600000071 ], [ 90.744942900000069, 22.060966700000051 ], [ 90.724598400000048, 22.03842480000003 ], [ 90.723550200000034, 22.052178200000071 ], [ 90.716613300000063, 22.054397600000073 ], [ 90.722965200000033, 22.036987100000033 ], [ 90.66756840000005, 21.998250600000063 ], [ 90.665436600000078, 22.018670900000075 ], [ 90.649957, 21.995297700000037 ], [ 90.621117300000037, 22.00388810000004 ], [ 90.64053720000004, 22.030930800000078 ], [ 90.647192300000086, 22.062420300000042 ], [ 90.627179600000034, 22.020959300000072 ], [ 90.613983300000086, 22.017937 ], [ 90.598258100000066, 22.042152700000031 ], [ 90.621503800000085, 22.112741300000039 ], [ 90.631594500000062, 22.120350300000041 ], [ 90.646733600000061, 22.139996800000063 ], [ 90.664270900000076, 22.131757200000038 ], [ 90.682138, 22.128538500000047 ], [ 90.670879100000036, 22.082573700000069 ], [ 90.684939400000076, 22.100786700000072 ], [ 90.682690300000047, 22.128546300000039 ], [ 90.675567, 22.133462500000064 ], [ 90.645894400000032, 22.140628500000048 ], [ 90.619057200000043, 22.118623900000046 ], [ 90.626058900000032, 22.186916100000076 ], [ 90.66227850000007, 22.243794100000059 ], [ 90.596083320000048, 22.269245463000061 ] ] ], [ [ [ 90.646449025000038, 21.896470806000025 ], [ 90.64524010000008, 21.896415500000046 ], [ 90.645231800000033, 21.89693 ], [ 90.646449025000038, 21.896470806000025 ] ] ], [ [ [ 90.668512600000042, 21.923509600000045 ], [ 90.655036, 21.904403600000023 ], [ 90.649587700000041, 21.900337600000057 ], [ 90.668512600000042, 21.923509600000045 ] ] ], [ [ [ 90.671236500000077, 21.925606900000048 ], [ 90.674783500000046, 21.927973 ], [ 90.671794200000079, 21.925228400000037 ], [ 90.671236500000077, 21.925606900000048 ] ] ], [ [ [ 90.666829, 21.925287 ], [ 90.672280900000032, 21.929224400000066 ], [ 90.684572700000047, 21.936603300000058 ], [ 90.67285940000005, 21.927559300000041 ], [ 90.666829, 21.925287 ] ] ], [ [ [ 90.643701800000031, 21.956351200000029 ], [ 90.660451400000056, 21.944238900000073 ], [ 90.649989100000084, 21.909478200000024 ], [ 90.622703500000057, 21.917733 ], [ 90.623432100000059, 21.942277900000079 ], [ 90.638470900000073, 21.939035 ], [ 90.643701800000031, 21.956351200000029 ] ] ], [ [ [ 90.58845430000008, 21.920038600000055 ], [ 90.517399400000045, 21.890804700000047 ], [ 90.519315600000084, 21.939337400000056 ], [ 90.569622200000083, 21.965306800000064 ], [ 90.582305600000041, 21.981962600000031 ], [ 90.585860800000034, 21.98381610000007 ], [ 90.601127500000075, 21.961910400000022 ], [ 90.58845430000008, 21.920038600000055 ] ] ], [ [ [ 90.656876500000067, 21.960399800000062 ], [ 90.672203800000034, 21.959331200000065 ], [ 90.658641, 21.953734300000065 ], [ 90.656876500000067, 21.960399800000062 ] ] ], [ [ [ 90.671016700000052, 21.972952900000053 ], [ 90.681725800000038, 21.976063500000066 ], [ 90.701608800000031, 21.974928400000067 ], [ 90.684661, 21.94818470000007 ], [ 90.671016700000052, 21.972952900000053 ] ] ], [ [ [ 90.55312790000005, 21.978055600000062 ], [ 90.565526500000033, 21.979012100000034 ], [ 90.576237300000059, 21.981873 ], [ 90.558890500000075, 21.963731800000062 ], [ 90.55312790000005, 21.978055600000062 ] ] ], [ [ [ 90.567368700000031, 21.992291600000044 ], [ 90.578620400000034, 22.020248700000025 ], [ 90.577783200000056, 21.988328900000056 ], [ 90.567368700000031, 21.992291600000044 ] ] ], [ [ [ 90.584398400000055, 22.053785400000038 ], [ 90.584096100000068, 22.055324800000051 ], [ 90.585471700000085, 22.055602500000077 ], [ 90.584398400000055, 22.053785400000038 ] ] ], [ [ [ 90.585213100000033, 22.054569400000048 ], [ 90.586303900000075, 22.055357500000071 ], [ 90.586036800000045, 22.05483890000005 ], [ 90.585213100000033, 22.054569400000048 ] ] ], [ [ [ 90.586571100000072, 22.055875900000046 ], [ 90.585458600000038, 22.056374100000028 ], [ 90.586282100000062, 22.056643700000052 ], [ 90.586571100000072, 22.055875900000046 ] ] ], [ [ [ 90.583513700000083, 22.057117500000061 ], [ 90.584897900000044, 22.056880700000022 ], [ 90.584072100000071, 22.056739300000061 ], [ 90.583513700000083, 22.057117500000061 ] ] ], [ [ [ 90.588411400000041, 22.061306900000034 ], [ 90.589239200000065, 22.061319 ], [ 90.588972, 22.060800500000028 ], [ 90.588411400000041, 22.061306900000034 ] ] ], [ [ [ 90.592802200000051, 22.079126500000029 ], [ 90.579737600000044, 22.051915300000076 ], [ 90.579058700000076, 22.059367500000064 ], [ 90.592802200000051, 22.079126500000029 ] ] ], [ [ [ 90.569625500000086, 22.077746 ], [ 90.562219200000072, 22.027210300000036 ], [ 90.531616900000074, 21.993558500000063 ], [ 90.503737500000057, 21.994293900000059 ], [ 90.493077, 22.019990900000039 ], [ 90.509970200000055, 22.032342200000073 ], [ 90.524073900000076, 22.062404 ], [ 90.539546, 22.061608300000046 ], [ 90.559830200000079, 22.102053200000057 ], [ 90.555614700000035, 22.113710600000047 ], [ 90.54491, 22.118554800000027 ], [ 90.557794600000079, 22.104652600000065 ], [ 90.541811200000041, 22.066274 ], [ 90.524302800000044, 22.065108800000075 ], [ 90.497889100000066, 22.044508700000051 ], [ 90.518691200000035, 22.070298900000068 ], [ 90.522658100000058, 22.080265100000076 ], [ 90.496749, 22.046549700000071 ], [ 90.496794400000056, 22.043977300000051 ], [ 90.502889700000082, 22.042654800000037 ], [ 90.510541300000057, 22.04701730000005 ], [ 90.497059200000081, 22.028928500000063 ], [ 90.48263570000006, 22.048649 ], [ 90.492394700000034, 22.089967600000023 ], [ 90.534635843000046, 22.131928698000024 ], [ 90.557390300000066, 22.131478600000037 ], [ 90.602836800000034, 22.171394100000043 ], [ 90.594944900000087, 22.083017900000073 ], [ 90.575469200000043, 22.058662300000037 ], [ 90.569625500000086, 22.077746 ] ] ], [ [ [ 90.540204500000073, 22.13508 ], [ 90.582719900000086, 22.184605400000066 ], [ 90.606079700000066, 22.183793 ], [ 90.561467700000037, 22.135271100000068 ], [ 90.540204500000073, 22.13508 ] ] ], [ [ [ 90.622714500000086, 22.1722 ], [ 90.620788800000071, 22.179891500000053 ], [ 90.623365800000045, 22.182759600000054 ], [ 90.622714500000086, 22.1722 ] ] ], [ [ [ 90.586518292000051, 22.188679970000067 ], [ 90.587381700000037, 22.202815700000031 ], [ 90.606194600000038, 22.193315400000074 ], [ 90.586518292000051, 22.188679970000067 ] ] ], [ [ [ 90.606887800000038, 22.193196500000056 ], [ 90.60436210000006, 22.228026200000045 ], [ 90.588823800000057, 22.215445400000078 ], [ 90.593340500000068, 22.226062300000024 ], [ 90.60461870000006, 22.229187600000046 ], [ 90.611870500000066, 22.225306300000057 ], [ 90.608419500000082, 22.233232400000077 ], [ 90.592908100000045, 22.227085200000033 ], [ 90.598320300000069, 22.233855400000039 ], [ 90.598599300000046, 22.241836300000045 ], [ 90.632834900000034, 22.244139800000028 ], [ 90.634734700000081, 22.213289100000054 ], [ 90.624137300000086, 22.202584500000057 ], [ 90.615049100000078, 22.217118800000037 ], [ 90.606887800000038, 22.193196500000056 ] ] ], [ [ [ 90.577739500000064, 22.23329270000005 ], [ 90.582494200000042, 22.230018500000028 ], [ 90.579227100000082, 22.227139400000056 ], [ 90.577739500000064, 22.23329270000005 ] ] ], [ [ [ 90.597884300000032, 22.235135400000047 ], [ 90.591471700000056, 22.238385700000038 ], [ 90.596138500000052, 22.240256 ], [ 90.597884300000032, 22.235135400000047 ] ] ], [ [ [ 90.730140400000039, 21.858806658000049 ], [ 90.722639966000031, 21.858640980000075 ], [ 90.731781306000073, 21.859372729000029 ], [ 90.730140400000039, 21.858806658000049 ] ] ], [ [ [ 90.736731200000065, 21.865016900000057 ], [ 90.740610500000059, 21.863783500000068 ], [ 90.73366618600005, 21.860110774000077 ], [ 90.736731200000065, 21.865016900000057 ] ] ], [ [ [ 90.80550640000007, 21.865690200000074 ], [ 90.807582, 21.865203100000031 ], [ 90.810304577000068, 21.863255868000067 ], [ 90.80550640000007, 21.865690200000074 ] ] ], [ [ [ 90.714555100000041, 21.863938700000062 ], [ 90.720681200000058, 21.886154900000065 ], [ 90.717829900000083, 21.866042800000059 ], [ 90.722496158000069, 21.858666327000037 ], [ 90.714555100000041, 21.863938700000062 ] ] ], [ [ [ 90.783686200000034, 21.877236200000027 ], [ 90.790091800000084, 21.873075500000027 ], [ 90.788437800000054, 21.873053200000072 ], [ 90.783686200000034, 21.877236200000027 ] ] ], [ [ [ 90.743557700000054, 21.886727600000029 ], [ 90.740736100000049, 21.873306900000046 ], [ 90.738275500000043, 21.871986500000048 ], [ 90.743557700000054, 21.886727600000029 ] ] ], [ [ [ 90.778936100000067, 21.881289600000059 ], [ 90.780873900000074, 21.880801100000042 ], [ 90.779192, 21.88257980000003 ], [ 90.778936100000067, 21.881289600000059 ] ] ], [ [ [ 90.74764840000006, 21.889614300000062 ], [ 90.748203900000078, 21.889364500000056 ], [ 90.74765240000005, 21.889356900000053 ], [ 90.74764840000006, 21.889614300000062 ] ] ], [ [ [ 90.747918100000049, 21.890003500000034 ], [ 90.747320100000081, 21.89295530000004 ], [ 90.750069, 21.893507600000078 ], [ 90.747918100000049, 21.890003500000034 ] ] ], [ [ [ 90.729797200000064, 21.902493400000026 ], [ 90.731402600000081, 21.905603700000029 ], [ 90.731844100000046, 21.903808400000059 ], [ 90.729797200000064, 21.902493400000026 ] ] ], [ [ [ 90.734127, 21.907699900000068 ], [ 90.732468700000084, 21.907934500000067 ], [ 90.734662200000059, 21.908736800000042 ], [ 90.734127, 21.907699900000068 ] ] ], [ [ [ 90.73524610000004, 21.906686 ], [ 90.741558900000086, 21.926073600000052 ], [ 90.761861600000032, 21.915285500000039 ], [ 90.752501800000061, 21.896628900000053 ], [ 90.73524610000004, 21.906686 ] ] ], [ [ [ 90.831457300000068, 21.963571 ], [ 90.83987, 21.96368190000004 ], [ 90.846776300000045, 21.972265400000026 ], [ 90.849694800000066, 21.95248730000003 ], [ 90.842110300000058, 21.952387900000076 ], [ 90.833198100000061, 21.957932200000073 ], [ 90.831457300000068, 21.963571 ] ] ], [ [ [ 90.835272200000077, 21.966709500000036 ], [ 90.836395100000061, 21.96543760000003 ], [ 90.835019900000077, 21.965162200000066 ], [ 90.835272200000077, 21.966709500000036 ] ] ], [ [ [ 90.756539400000065, 22.060868800000037 ], [ 90.746378, 22.057511900000065 ], [ 90.756795100000033, 22.062158900000043 ], [ 90.756539400000065, 22.060868800000037 ] ] ], [ [ [ 90.805244900000048, 22.115829600000041 ], [ 90.806195700000046, 22.116871700000047 ], [ 90.80510042800006, 22.114540852000061 ], [ 90.805244900000048, 22.115829600000041 ] ] ], [ [ [ 90.965937, 22.225231300000075 ], [ 90.972594500000071, 22.165863500000057 ], [ 90.928559200000052, 22.116282200000057 ], [ 90.912565700000073, 22.15198040000007 ], [ 90.952503300000046, 22.217599300000074 ], [ 90.968888200000038, 22.346227400000032 ], [ 90.987100300000066, 22.349543 ], [ 90.999544400000048, 22.282010900000046 ], [ 90.981091, 22.190032100000053 ], [ 90.965937, 22.225231300000075 ] ] ], [ [ [ 90.961964400000056, 22.384743900000046 ], [ 90.961953300000062, 22.38551590000003 ], [ 90.962241100000085, 22.38474750000006 ], [ 90.961964400000056, 22.384743900000046 ] ] ], [ [ [ 90.963568500000065, 22.388624400000026 ], [ 90.965232200000059, 22.388388200000065 ], [ 90.963317800000084, 22.386819900000035 ], [ 90.963568500000065, 22.388624400000026 ] ] ], [ [ [ 90.962221123000063, 22.388804188000051 ], [ 90.960816400000056, 22.387560400000041 ], [ 90.962439200000063, 22.390154400000029 ], [ 90.962221123000063, 22.388804188000051 ] ] ], [ [ [ 90.962719700000036, 22.389900600000033 ], [ 90.964088, 22.390947200000028 ], [ 90.963546, 22.39016840000005 ], [ 90.962719700000036, 22.389900600000033 ] ] ], [ [ [ 90.964918100000034, 22.390957600000036 ], [ 90.96463760000006, 22.391211500000054 ], [ 90.964914300000032, 22.391215100000068 ], [ 90.964918100000034, 22.390957600000036 ] ] ], [ [ [ 90.964337700000044, 22.402274 ], [ 90.964805800000079, 22.398677 ], [ 90.963130500000034, 22.399685300000044 ], [ 90.964337700000044, 22.402274 ] ] ], [ [ [ 90.964469, 22.402790400000072 ], [ 90.964749500000039, 22.402536700000041 ], [ 90.964472800000067, 22.402533100000028 ], [ 90.964469, 22.402790400000072 ] ] ], [ [ [ 90.961432800000068, 22.402237500000069 ], [ 90.962896800000067, 22.403196900000069 ], [ 90.96308920000007, 22.402515700000038 ], [ 90.961432800000068, 22.402237500000069 ] ] ], [ [ [ 90.965557300000057, 22.404090900000028 ], [ 90.965553500000055, 22.404348300000038 ], [ 90.965834, 22.404094500000042 ], [ 90.965557300000057, 22.404090900000028 ] ] ], [ [ [ 90.967445600000076, 22.407460400000048 ], [ 90.970171700000037, 22.410325600000078 ], [ 90.971056300000043, 22.406604600000037 ], [ 90.966912800000046, 22.406037800000036 ], [ 90.964818900000068, 22.404250600000069 ], [ 90.965291800000045, 22.403315600000042 ], [ 90.962195400000041, 22.406879600000025 ], [ 90.967445600000076, 22.407460400000048 ] ] ], [ [ [ 90.966058200000077, 22.407700200000022 ], [ 90.965774100000033, 22.408211400000027 ], [ 90.966050800000062, 22.408214800000053 ], [ 90.966058200000077, 22.407700200000022 ] ] ], [ [ [ 90.965504800000076, 22.40769320000004 ], [ 90.965216700000042, 22.408461700000032 ], [ 90.965493600000059, 22.408465300000046 ], [ 90.965504800000076, 22.40769320000004 ] ] ], [ [ [ 90.956948700000055, 22.424956300000076 ], [ 90.960960557000078, 22.444565907000026 ], [ 90.968573443000082, 22.426669317000062 ], [ 90.956948700000055, 22.424956300000076 ] ] ], [ [ [ 90.974491700000044, 22.379625 ], [ 90.978318800000068, 22.382890400000065 ], [ 90.976710800000035, 22.379267200000072 ], [ 90.974491700000044, 22.379625 ] ] ], [ [ [ 90.978883300000064, 22.382125300000041 ], [ 90.978599100000054, 22.382636500000046 ], [ 90.978875800000083, 22.382639900000072 ], [ 90.978883300000064, 22.382125300000041 ] ] ], [ [ [ 90.974168500000076, 22.382838400000026 ], [ 90.973611400000038, 22.383088800000053 ], [ 90.974164700000074, 22.383095800000035 ], [ 90.974168500000076, 22.382838400000026 ] ] ], [ [ [ 90.973604, 22.383603500000049 ], [ 90.973884300000066, 22.383349600000031 ], [ 90.973607600000037, 22.383346 ], [ 90.973604, 22.383603500000049 ] ] ], [ [ [ 90.973039400000062, 22.384368300000062 ], [ 90.973316100000034, 22.384371900000076 ], [ 90.973319700000047, 22.384114500000067 ], [ 90.973039400000062, 22.384368300000062 ] ] ], [ [ [ 90.976224500000058, 22.384151 ], [ 90.978823800000043, 22.386242300000049 ], [ 90.977202700000078, 22.383519300000046 ], [ 90.976224500000058, 22.384151 ] ] ], [ [ [ 90.979111600000067, 22.385473800000057 ], [ 90.979100500000072, 22.386245900000063 ], [ 90.979388300000039, 22.38547740000007 ], [ 90.979111600000067, 22.385473800000057 ] ] ], [ [ [ 90.969969700000036, 22.386131300000045 ], [ 90.970526900000038, 22.385881100000063 ], [ 90.970530500000052, 22.385623700000053 ], [ 90.969969700000036, 22.386131300000045 ] ] ], [ [ [ 90.978528400000073, 22.387525400000072 ], [ 90.979642700000056, 22.387024500000052 ], [ 90.978539500000068, 22.386753500000054 ], [ 90.978528400000073, 22.387525400000072 ] ] ], [ [ [ 90.980450500000074, 22.388578900000027 ], [ 90.980727200000047, 22.388582300000053 ], [ 90.98073080000006, 22.388325100000031 ], [ 90.980450500000074, 22.388578900000027 ] ] ], [ [ [ 90.974311, 22.392105100000038 ], [ 90.974587700000086, 22.392108600000029 ], [ 90.974591300000043, 22.391851200000076 ], [ 90.974311, 22.392105100000038 ] ] ], [ [ [ 90.975421400000073, 22.391861600000027 ], [ 90.97514110000003, 22.392115400000023 ], [ 90.975417800000059, 22.392119 ], [ 90.975421400000073, 22.391861600000027 ] ] ], [ [ [ 90.981533100000036, 22.390264800000068 ], [ 90.980940600000054, 22.392960100000039 ], [ 90.982574900000031, 22.394782 ], [ 90.981533100000036, 22.390264800000068 ] ] ], [ [ [ 90.976505900000063, 22.393419400000028 ], [ 90.97679370000003, 22.392650900000035 ], [ 90.97513, 22.392887500000029 ], [ 90.976505900000063, 22.393419400000028 ] ] ], [ [ [ 90.972639500000071, 22.392856100000074 ], [ 90.974296100000061, 22.393134300000042 ], [ 90.974580200000048, 22.392623100000037 ], [ 90.972639500000071, 22.392856100000074 ] ] ], [ [ [ 90.973724, 22.394413900000075 ], [ 90.974008300000037, 22.393902800000035 ], [ 90.973731400000077, 22.393899400000066 ], [ 90.973724, 22.394413900000075 ] ] ], [ [ [ 90.973181800000077, 22.393635 ], [ 90.971506600000055, 22.394643500000029 ], [ 90.97176840000003, 22.395676200000025 ], [ 90.973181800000077, 22.393635 ] ] ], [ [ [ 90.975948900000049, 22.393669800000055 ], [ 90.972591100000045, 22.396201200000064 ], [ 90.974812300000053, 22.395714400000031 ], [ 90.975948900000049, 22.393669800000055 ] ] ], [ [ [ 90.970384900000056, 22.395658800000035 ], [ 90.970104500000048, 22.395912600000031 ], [ 90.970654100000047, 22.396176900000057 ], [ 90.970384900000056, 22.395658800000035 ] ] ], [ [ [ 90.981386200000031, 22.400429 ], [ 90.981947200000036, 22.399921300000074 ], [ 90.981393800000035, 22.399914300000034 ], [ 90.981386200000031, 22.400429 ] ] ], [ [ [ 90.981098400000064, 22.401197500000023 ], [ 90.981375100000037, 22.401201100000037 ], [ 90.981659300000047, 22.400689800000066 ], [ 90.981098400000064, 22.401197500000023 ] ] ], [ [ [ 90.970261500000049, 22.40415 ], [ 90.969981, 22.404403800000068 ], [ 90.970257700000047, 22.404407400000025 ], [ 90.970261500000049, 22.40415 ] ] ], [ [ [ 90.969420100000036, 22.404911500000026 ], [ 90.969416500000079, 22.405168900000035 ], [ 90.969977300000039, 22.404661300000043 ], [ 90.969420100000036, 22.404911500000026 ] ] ], [ [ [ 90.970803800000056, 22.404928900000073 ], [ 90.970246600000053, 22.405179300000043 ], [ 90.97079640000004, 22.405443500000047 ], [ 90.970803800000056, 22.404928900000073 ] ] ], [ [ [ 90.972688700000049, 22.408555600000057 ], [ 90.972969100000057, 22.408301800000061 ], [ 90.97269220000004, 22.408298400000035 ], [ 90.972688700000049, 22.408555600000057 ] ] ], [ [ [ 90.974023700000032, 22.411918100000037 ], [ 90.974300400000061, 22.411921500000062 ], [ 90.974304200000063, 22.411664100000053 ], [ 90.974023700000032, 22.411918100000037 ] ] ], [ [ [ 90.972625100000073, 22.412929800000029 ], [ 90.972067800000048, 22.413180300000079 ], [ 90.972621400000037, 22.413187200000039 ], [ 90.972625100000073, 22.412929800000029 ] ] ], [ [ [ 90.968735700000082, 22.413910500000043 ], [ 90.968724600000087, 22.414682400000061 ], [ 90.969278, 22.414689400000043 ], [ 90.968735700000082, 22.413910500000043 ] ] ], [ [ [ 90.972340900000063, 22.413441100000057 ], [ 90.968432800000073, 22.415708100000074 ], [ 90.97203410000003, 22.415496100000041 ], [ 90.972340900000063, 22.413441100000057 ] ] ], [ [ [ 90.967886700000065, 22.415186500000061 ], [ 90.968163600000082, 22.415190100000075 ], [ 90.968167200000039, 22.414932700000065 ], [ 90.967886700000065, 22.415186500000061 ] ] ], [ [ [ 90.970871200000033, 22.419341800000041 ], [ 90.972026800000037, 22.416010700000072 ], [ 90.967273400000067, 22.41929650000003 ], [ 90.970871200000033, 22.419341800000041 ] ] ] ] } },
{ "type": "Feature", "properties": { "stable_id": "BD.ADM2.00016" }, "geometry": { "type": "Polygon", "coordinates": [ [ [ 89.086452750000035, 24.16457437300005 ], [ 89.046242922000033, 24.139121215000046 ], [ 89.024999265000076, 24.16932881300005 ], [ 88.997498040000039, 24.155908465000039 ], [ 89.015657693000037, 24.143732852000028 ], [ 89.003027279000037, 24.142380289000073 ], [ 89.006677746000037, 24.118116670000063 ], [ 88.938457356000072, 24.131741386000044 ], [ 88.874041515000044, 24.099114172000043 ], [ 88.881126680000079, 24.115227413000071 ], [ 88.862067197000044, 24.107058608000045 ], [ 88.843719909000072, 24.125879184000041 ], [ 88.787326748000055, 24.133011912000029 ], [ 88.733851419000075, 24.193832224000062 ], [ 88.738763042000073, 24.26611203300007 ], [ 88.705265940000061, 24.313275995000026 ], [ 88.628286038000056, 24.305125935000035 ], [ 88.56769999900007, 24.327340995000043 ], [ 88.555075986000077, 24.293379026000025 ], [ 88.527146, 24.344636 ], [ 88.446222, 24.37799700100004 ], [ 88.337452, 24.379272 ], [ 88.273809, 24.439616 ], [ 88.203522, 24.459357 ], [ 88.148343, 24.503372001000059 ], [ 88.008589006000079, 24.667840010000077 ], [ 88.062428, 24.721637001000033 ], [ 88.068361018000076, 24.769142019000071 ], [ 88.106035, 24.779699 ], [ 88.123513, 24.823163001000069 ], [ 88.136715, 24.805425 ], [ 88.144105, 24.8494 ], [ 88.175084, 24.86013 ], [ 88.138114, 24.936348001000056 ], [ 88.224563, 24.961307 ], [ 88.262681, 24.920874 ], [ 88.259272, 24.878506001000062 ], [ 88.27607, 24.897958997000046 ], [ 88.301861, 24.871988 ], [ 88.32095199400004, 24.883579002000033 ], [ 88.330305, 24.870183001000044 ], [ 88.34714, 24.892457 ], [ 88.324227998000083, 24.916236 ], [ 88.340427004000048, 24.94040799000004 ], [ 88.365338, 24.953254 ], [ 88.381899, 24.93882 ], [ 88.398719, 24.945624 ], [ 88.395103, 24.969013001000064 ], [ 88.417194005000056, 24.974231 ], [ 88.413495, 24.996956 ], [ 88.452653, 25.037147 ], [ 88.435514002000048, 25.051132082000038 ], [ 88.453082, 25.078852 ], [ 88.441259, 25.125191 ], [ 88.462128, 25.14973800100006 ], [ 88.444498055000054, 25.177253073000031 ], [ 88.437366, 25.198155 ], [ 88.437488, 25.206334 ], [ 88.438686, 25.207806 ], [ 88.463156004000041, 25.195306008000045 ], [ 88.47453, 25.21219 ], [ 88.498763, 25.210849 ], [ 88.53786, 25.197793 ], [ 88.534033, 25.187753 ], [ 88.558161, 25.192839 ], [ 88.563763, 25.175266001000068 ], [ 88.612719, 25.204254 ], [ 88.711403003000044, 25.207271008000077 ], [ 88.749112, 25.176748001000078 ], [ 88.769187, 25.189943 ], [ 88.805819973000041, 25.170533001000024 ], [ 88.84355, 25.213537 ], [ 88.874897, 25.17914 ], [ 88.910736, 25.180011 ], [ 88.921089047000066, 25.131851932000075 ], [ 88.940312686000084, 25.114161442000068 ], [ 88.940841191000061, 25.041481589000057 ], [ 88.953352982000069, 25.028871612000046 ], [ 88.953287240000066, 25.055190056000072 ], [ 89.016529017000039, 25.047290789000044 ], [ 89.000028920000034, 24.972832225000047 ], [ 89.007519202000083, 24.899209829000029 ], [ 88.974179757000059, 24.848679483000069 ], [ 88.987989257000038, 24.825436731000025 ], [ 88.969906375000051, 24.823322598000061 ], [ 88.982152084000063, 24.803113884000027 ], [ 88.963644474000034, 24.743352403000074 ], [ 88.989812907000044, 24.743481956000039 ], [ 89.025202485000079, 24.782077712000046 ], [ 89.086689828000033, 24.786289368000041 ], [ 89.081774133000067, 24.764686699000038 ], [ 89.096260867000069, 24.751295320000054 ], [ 89.084029945000054, 24.740672050000057 ], [ 89.09689809300005, 24.734187599000052 ], [ 89.083520537000084, 24.718637329000046 ], [ 89.130177300000071, 24.714060513000049 ], [ 89.126360266000063, 24.738565444000074 ], [ 89.150586482000051, 24.738700724000068 ], [ 89.131173619000037, 24.699329651000028 ], [ 89.141844486000082, 24.678756621000048 ], [ 89.165865461000067, 24.677373639000052 ], [ 89.13637183000003, 24.65563833300007 ], [ 89.149712923000038, 24.616681511000024 ], [ 89.17179389000006, 24.621696662000033 ], [ 89.173396312000079, 24.646360640000069 ], [ 89.188820421000059, 24.651583865000077 ], [ 89.210099910000054, 24.634637023000039 ], [ 89.195856655000057, 24.61396738600007 ], [ 89.21607188400003, 24.613060891000032 ], [ 89.224917233000042, 24.580034794000028 ], [ 89.259161142000039, 24.629532975000075 ], [ 89.328674435000039, 24.599176303000036 ], [ 89.337746908000042, 24.544250398000031 ], [ 89.247186543000055, 24.427144847000022 ], [ 89.285133726000083, 24.420504527000048 ], [ 89.283362154000031, 24.379123219000064 ], [ 89.31701107400005, 24.340936464000038 ], [ 89.287270627000055, 24.330757206000044 ], [ 89.286631786000044, 24.304830922000065 ], [ 89.233308475000058, 24.266640013000028 ], [ 89.238116211000033, 24.243422106000025 ], [ 89.219245275000048, 24.234915854000064 ], [ 89.215265724000062, 24.211740235000036 ], [ 89.173812374000079, 24.199644625000076 ], [ 89.157052469000064, 24.170863178000047 ], [ 89.086452750000035, 24.16457437300005 ] ] ] } },
{ "type": "Feature", "properties": { "stable_id": "BD.ADM2.00017" }, "geometry": { "type": "MultiPolygon", "coordinates": [ [ [ [ 89.721890127000052, 25.356578497000044 ], [ 89.756333122000058, 25.280859340000063 ], [ 89.748885402000042, 25.236419301000069 ], [ 89.701214279000055, 25.23215271600003 ], [ 89.651763491000054, 25.143788991000065 ], [ 89.638562970000066, 25.090077102000066 ], [ 89.655914228000086, 25.049989221000033 ], [ 89.640964402000066, 25.038955779000048 ], [ 89.609886550000056, 25.050876784000025 ], [ 89.515136081000037, 25.040399586000035 ], [ 89.488098078000064, 25.061629089000064 ], [ 89.45259377800005, 25.055583310000031 ], [ 89.452502301000038, 25.07574822600003 ], [ 89.425802867000073, 25.065146798000058 ], [ 89.413199984000073, 25.083134229000052 ], [ 89.388730424000073, 25.04715909600003 ], [ 89.360112715000071, 25.06644675900003 ], [ 89.359741429000053, 25.089047322000056 ], [ 89.331282687000055, 25.099892340000054 ], [ 89.329324500000041, 25.123201151000046 ], [ 89.297358308000071, 25.116976054000077 ], [ 89.28009092800005, 25.087631309000074 ], [ 89.251628398000037, 25.097285252000063 ], [ 89.216727960000071, 25.164606647000028 ], [ 89.183797439000045, 25.187004667000053 ], [ 89.216550586000039, 25.23658290000003 ], [ 89.298274906000074, 25.222289268000054 ], [ 89.287122327000077, 25.257251933000077 ], [ 89.255919406000032, 25.285159791000069 ], [ 89.28252180000004, 25.301850968000053 ], [ 89.256779361000042, 25.310788210000055 ], [ 89.263197500000047, 25.323186856000063 ], [ 89.237818931000049, 25.319137531000024 ], [ 89.245434038000042, 25.33414889200003 ], [ 89.221270292000042, 25.332348614000068 ], [ 89.246170642000038, 25.352427060000025 ], [ 89.209697510000069, 25.364535498000066 ], [ 89.217092768000043, 25.376661339000066 ], [ 89.202052534000075, 25.394102402000044 ], [ 89.188089895000076, 25.386462705000042 ], [ 89.137801271000058, 25.412021629000037 ], [ 89.15114395900008, 25.412911983000072 ], [ 89.148506158000032, 25.433946251000066 ], [ 89.10462063600005, 25.47430864100005 ], [ 89.114864099000044, 25.506163868000044 ], [ 89.093493283000043, 25.545154920000073 ], [ 89.10323369300005, 25.570233027000029 ], [ 89.016007009000077, 25.602508134000061 ], [ 88.991280292000056, 25.642180696000025 ], [ 88.997911622000061, 25.658147607000046 ], [ 88.939350054000045, 25.68508778100005 ], [ 88.930849800000033, 25.720920636000074 ], [ 88.946081574000061, 25.730175463000023 ], [ 88.90909074800004, 25.745735937000063 ], [ 88.915808088000063, 25.735452136000049 ], [ 88.897595935000084, 25.735296262000077 ], [ 88.889845329000082, 25.770795427000053 ], [ 88.856016104000048, 25.777108860000055 ], [ 88.844773256000053, 25.810069704000057 ], [ 88.827598433000048, 25.813170786000057 ], [ 88.801223015000062, 25.92244247800005 ], [ 88.744480764000059, 25.938161685000068 ], [ 88.734954759000061, 26.014682483000058 ], [ 88.759000963000062, 26.024751842000057 ], [ 88.778859236000073, 26.062583845000063 ], [ 88.757664429000044, 26.084643096000036 ], [ 88.789586623000048, 26.124713439000061 ], [ 88.775782541000069, 26.180560390000039 ], [ 88.797672116000058, 26.206184900000039 ], [ 88.789919148000081, 26.230506202000072 ], [ 88.762919496000052, 26.236121057000048 ], [ 88.759679865000066, 26.305195484000023 ], [ 88.793449, 26.310059 ], [ 88.819122987000071, 26.294672009000067 ], [ 88.812955, 26.255929001000027 ], [ 88.841703, 26.230782 ], [ 88.877667, 26.233401001000061 ], [ 88.861742, 26.273475 ], [ 88.899674, 26.288517001000059 ], [ 88.926519, 26.282536 ], [ 88.958569, 26.240535 ], [ 89.04958699000008, 26.241882008000061 ], [ 89.062561, 26.253603 ], [ 89.060699, 26.291597001000071 ], [ 89.045718, 26.29559 ], [ 89.039803, 26.276625997000053 ], [ 89.020056, 26.289381 ], [ 89.021511990000079, 26.3093 ], [ 89.018335, 26.290272001000062 ], [ 89.0069, 26.304758 ], [ 88.996758, 26.291218 ], [ 88.98239, 26.308837001000029 ], [ 89.000878999000065, 26.329825988000039 ], [ 88.985393, 26.347967 ], [ 88.961109003000047, 26.35196000600007 ], [ 88.96288, 26.3357 ], [ 88.95436, 26.330589 ], [ 88.953326, 26.365113 ], [ 88.912042, 26.366112001000033 ], [ 88.918969, 26.394099 ], [ 88.904723, 26.40867 ], [ 88.929381, 26.407992 ], [ 88.926083995000056, 26.430684002000078 ], [ 88.945065994000061, 26.424925004000045 ], [ 88.946135, 26.447984 ], [ 88.964055, 26.457106001000056 ], [ 88.993849, 26.411423 ], [ 88.993153, 26.423935001000075 ], [ 89.033467, 26.395542001000024 ], [ 89.096084, 26.391199 ], [ 89.079479026000058, 26.362959981000074 ], [ 89.097956, 26.359258 ], [ 89.101057, 26.337177 ], [ 89.083586998000044, 26.323278002000052 ], [ 89.136206, 26.320196997000039 ], [ 89.123841, 26.287271 ], [ 89.103856, 26.313366 ], [ 89.101123, 26.281132 ], [ 89.140909, 26.235742001000062 ], [ 89.136494, 26.179928001000064 ], [ 89.157218, 26.163294001000054 ], [ 89.161975, 26.133052 ], [ 89.223485, 26.125727 ], [ 89.267, 26.091639 ], [ 89.254069034000054, 26.064090987000043 ], [ 89.281703126000082, 26.065117519000069 ], [ 89.275685, 26.049136 ], [ 89.323989, 26.038112001000059 ], [ 89.349116, 26.009702001000051 ], [ 89.392482, 26.00889 ], [ 89.391104, 26.02291 ], [ 89.424989, 26.045801 ], [ 89.427365, 26.013233 ], [ 89.461354, 25.998756 ], [ 89.543870997000056, 26.005655001000036 ], [ 89.538184, 25.973471 ], [ 89.554774003000034, 25.965411988000028 ], [ 89.565672, 25.98047 ], [ 89.569877, 25.967884 ], [ 89.585064, 25.975853 ], [ 89.578533007000033, 26.026216993000048 ], [ 89.612727, 26.05286 ], [ 89.605563, 26.064178 ], [ 89.620624, 26.053477 ], [ 89.650117994000084, 26.062830990000066 ], [ 89.629775002000031, 26.107281003000026 ], [ 89.596279, 26.098562 ], [ 89.599161035000066, 26.113199004000023 ], [ 89.630087, 26.118513 ], [ 89.625768, 26.128724 ], [ 89.603909, 26.117539 ], [ 89.590835, 26.157303 ], [ 89.609346, 26.153534 ], [ 89.614777030000084, 26.17860801300003 ], [ 89.647256, 26.164513 ], [ 89.658290004000037, 26.176306017000059 ], [ 89.627699, 26.184521 ], [ 89.630108001000053, 26.196071 ], [ 89.648609, 26.190625 ], [ 89.634238, 26.229604 ], [ 89.660019, 26.219256 ], [ 89.685624027000074, 26.231061935000071 ], [ 89.679339992000052, 26.215762998000059 ], [ 89.691394027000058, 26.211611087000051 ], [ 89.673555, 26.201801 ], [ 89.701237, 26.172525 ], [ 89.682138, 26.162955 ], [ 89.748247516000049, 26.15770137100003 ], [ 89.766031998000074, 26.129824008000071 ], [ 89.75627, 26.109161 ], [ 89.784693989000061, 26.104551008000044 ], [ 89.781225, 26.083555001000036 ], [ 89.794616, 26.087961001000053 ], [ 89.797904008000046, 26.061542006000025 ], [ 89.773917, 26.037485 ], [ 89.801583989000051, 26.04044000600004 ], [ 89.790947, 26.018012 ], [ 89.809467, 26.043602 ], [ 89.81947701200005, 25.988081001000069 ], [ 89.835919989000047, 25.982352002000027 ], [ 89.840663, 26.008663 ], [ 89.873416, 25.976257001000079 ], [ 89.841329, 25.970955 ], [ 89.847907, 25.949478001000045 ], [ 89.825168, 25.945553 ], [ 89.886890992000076, 25.945057015000032 ], [ 89.832186, 25.870425 ], [ 89.834705, 25.840913001000047 ], [ 89.816353, 25.814655 ], [ 89.841212, 25.760100001000069 ], [ 89.828461, 25.728962 ], [ 89.850299997000036, 25.713352 ], [ 89.881571, 25.627140998000073 ], [ 89.865931, 25.546451 ], [ 89.85121, 25.53872 ], [ 89.852175, 25.465999 ], [ 89.825735278000082, 25.415187746000072 ], [ 89.76676782800007, 25.432428525000034 ], [ 89.784232023000072, 25.412410083000054 ], [ 89.780271944000049, 25.387958860000026 ], [ 89.721890127000052, 25.356578497000044 ] ] ], [ [ [ 88.937068, 26.334618001000024 ], [ 88.936946, 26.312996 ], [ 88.951825, 26.316754001000049 ], [ 88.960329, 26.295272 ], [ 88.982358, 26.301372 ], [ 88.980934, 26.283648 ], [ 88.953552, 26.274837 ], [ 88.924393, 26.294831001000034 ], [ 88.921004, 26.335092 ], [ 88.937068, 26.334618001000024 ] ] ] ] } },
{ "type": "Feature", "properties": { "stable_id": "BD.ADM2.00018" }, "geometry": { "type": "Polygon", "coordinates": [ [ [ 92.235071059000063, 24.861441865000074 ], [ 92.272761993000074, 24.827300409000031 ], [ 92.292595366000057, 24.756655089000049 ], [ 92.282396670000082, 24.741788193000048 ], [ 92.296183910000082, 24.736643985000057 ], [ 92.248420114000055, 24.654598140000076 ], [ 92.230030868000085, 24.529854884000031 ], [ 92.212433214000043, 24.503680928000051 ], [ 92.169318787000066, 24.531897758000071 ], [ 92.155631440000036, 24.52009389400007 ], [ 92.169277462000082, 24.427903832000027 ], [ 92.137222227000052, 24.425106364000044 ], [ 92.121923048000042, 24.382376648000047 ], [ 92.046403, 24.374757 ], [ 91.992051, 24.392875 ], [ 91.985967002000052, 24.37732599800006 ], [ 91.967308, 24.38003 ], [ 91.99489, 24.321892001000037 ], [ 91.958113961000038, 24.355963005000035 ], [ 91.924248005000038, 24.336376999000038 ], [ 91.942736987000046, 24.261466949000067 ], [ 91.910359999000036, 24.143153002000076 ], [ 91.88496, 24.138469 ], [ 91.874024991000056, 24.173988003000034 ], [ 91.845221, 24.195955 ], [ 91.84463803400007, 24.226612978000048 ], [ 91.820121, 24.209318 ], [ 91.748255, 24.243889 ], [ 91.760205, 24.142633001000036 ], [ 91.728512, 24.1434 ], [ 91.684144, 24.166554 ], [ 91.665603, 24.233142001000033 ], [ 91.648035996000033, 24.219374999000024 ], [ 91.660407, 24.190572 ], [ 91.634134, 24.13832 ], [ 91.639494986000045, 24.108628990000057 ], [ 91.593683011000053, 24.096983001000069 ], [ 91.59101, 24.074568 ], [ 91.411179202000085, 24.115586975000042 ], [ 91.374497997000049, 24.107705969000051 ], [ 91.396507, 24.042775 ], [ 91.37332, 23.975578 ], [ 91.296517576000042, 23.998196851000046 ], [ 91.311608792000072, 24.039836825000066 ], [ 91.284067356000037, 24.060791380000069 ], [ 91.293137057000081, 24.09353717700003 ], [ 91.267646385000035, 24.093692549000025 ], [ 91.270802356000047, 24.112510697000062 ], [ 91.292469591000042, 24.117143981000027 ], [ 91.262017077000053, 24.142676211000037 ], [ 91.277214839000067, 24.18151825800004 ], [ 91.314767041000039, 24.192714102000025 ], [ 91.277250822000042, 24.203230986000051 ], [ 91.324015308000071, 24.229542255000069 ], [ 91.325163962000033, 24.260396678000063 ], [ 91.301729558000034, 24.266389881000066 ], [ 91.285437774000059, 24.223308812000028 ], [ 91.266818115000035, 24.223280312000043 ], [ 91.177445524000063, 24.256873780000035 ], [ 91.195930651000083, 24.293197318000068 ], [ 91.158570791000045, 24.282674131000078 ], [ 91.176564105000068, 24.321032235000075 ], [ 91.23496387800003, 24.316036132000079 ], [ 91.212469318000046, 24.360657670000023 ], [ 91.255767156000047, 24.379466223000065 ], [ 91.237517856000068, 24.406785183000068 ], [ 91.213952247000066, 24.402394100000038 ], [ 91.217105446000062, 24.432475965000037 ], [ 91.242121982000072, 24.427251704000071 ], [ 91.22604423100006, 24.482722018000061 ], [ 91.196108458000083, 24.466074438000078 ], [ 91.184098988000073, 24.471182082000041 ], [ 91.191639188000067, 24.481745501000034 ], [ 91.150071982000043, 24.479093242000033 ], [ 91.212846325000044, 24.523017353000057 ], [ 91.233961192000038, 24.568962907000071 ], [ 91.206049838000069, 24.577036876000022 ], [ 91.200024920000033, 24.609411965000049 ], [ 91.177335648000053, 24.619635232000064 ], [ 91.229993942000078, 24.654714008000042 ], [ 91.223816971000076, 24.675215061000074 ], [ 91.241952825000055, 24.679958268000064 ], [ 91.21972071600004, 24.702387521000048 ], [ 91.229301172000078, 24.723741274000076 ], [ 91.206843869000068, 24.708984920000034 ], [ 91.141326906000074, 24.72420917900007 ], [ 91.159337041000072, 24.748106796000059 ], [ 91.135309562000032, 24.757411926000032 ], [ 91.171207566000078, 24.77993630900005 ], [ 91.160498955000037, 24.791931114000079 ], [ 91.17068783700006, 24.826961610000069 ], [ 91.152479887000084, 24.836882758000058 ], [ 91.152729932000057, 24.809241685000075 ], [ 91.130411310000056, 24.792843744000038 ], [ 91.112487048000048, 24.817060713000046 ], [ 91.130412082000078, 24.840565173000073 ], [ 91.113810365000063, 24.847542650000037 ], [ 91.098445765000065, 24.889586636000047 ], [ 91.045314535000045, 24.908108459000061 ], [ 91.029310474000056, 24.883021715000041 ], [ 91.015600410000047, 24.898552491000032 ], [ 90.998055303000058, 24.892135139000061 ], [ 90.992867534000084, 24.914100639000026 ], [ 90.953415600000085, 24.918929751000064 ], [ 90.949138736000066, 24.93967626500006 ], [ 90.973172495000085, 24.958423530000061 ], [ 90.943658210000081, 24.975924754000062 ], [ 90.947426547000077, 25.004754566000031 ], [ 90.934070834000067, 25.017738931000054 ], [ 90.965029147000052, 25.035700588000054 ], [ 90.932864271000085, 25.04486070300004 ], [ 90.927795477000075, 25.07822337500005 ], [ 90.974664406000045, 25.074280415000032 ], [ 90.947422637000045, 25.113832652000042 ], [ 90.964777359000038, 25.171752918000038 ], [ 91.074762409000073, 25.197658836000073 ], [ 91.266794837000077, 25.206354925000028 ], [ 91.292418874000077, 25.183929914000032 ], [ 91.414522210000086, 25.171313502000032 ], [ 91.439481282000031, 25.15122361400006 ], [ 91.468674200000066, 25.151919295000027 ], [ 91.474567340000078, 25.133565580000038 ], [ 91.611182168000084, 25.176502799000048 ], [ 91.600624474000085, 25.14568070200005 ], [ 91.637764788000084, 25.122706104000031 ], [ 91.691812040000059, 25.137307510000028 ], [ 91.703087923000055, 25.15931392400006 ], [ 91.746863707000045, 25.140505895000047 ], [ 91.752143326000066, 25.176107049000052 ], [ 91.775779596000064, 25.163319053000066 ], [ 91.91927226200005, 25.182449693000024 ], [ 91.976167192000048, 25.168344468000043 ], [ 92.003706641000065, 25.186009994000074 ], [ 92.059681338000075, 25.186614014000043 ], [ 92.131029697000031, 25.160229642000047 ], [ 92.134312902000033, 25.143406654000046 ], [ 92.181935563000081, 25.119151441000042 ], [ 92.188466864000077, 25.135912110000049 ], [ 92.227335763000042, 25.117515018000063 ], [ 92.207238087000064, 25.112323850000053 ], [ 92.226266351000049, 25.095151360000045 ], [ 92.310809812000059, 25.06943794700004 ], [ 92.332584860000054, 25.079035677000036 ], [ 92.347459417000039, 25.073563997000065 ], [ 92.339611317000049, 25.050237467000045 ], [ 92.425444911000056, 25.030303134000064 ], [ 92.418973127000072, 24.966542472000071 ], [ 92.469144781000068, 24.96405005400004 ], [ 92.449406318000058, 24.939873471000055 ], [ 92.489030401000036, 24.948061427000027 ], [ 92.497799680000071, 24.876107581000042 ], [ 92.442559008000046, 24.870900235000079 ], [ 92.438647329000048, 24.856362956000055 ], [ 92.400998073000039, 24.848653133000028 ], [ 92.299439533000054, 24.915980076000039 ], [ 92.244110453000076, 24.908157152000058 ], [ 92.231794956000044, 24.900259618000064 ], [ 92.248185539000076, 24.885660598000072 ], [ 92.235071059000063, 24.861441865000074 ] ] ] } },
{ "type": "Feature", "properties": { "stable_id": "BD.ADM2.00019" }, "geometry": { "type": "Polygon", "coordinates": [ [ [ 89.798535538000067, 24.175704884000027 ], [ 89.786970720000056, 24.288572239000075 ], [ 89.751356940000051, 24.352510466000069 ], [ 89.765992306000044, 24.375834874000077 ], [ 89.74257091000004, 24.471204876000058 ], [ 89.758156050000082, 24.499551874000076 ], [ 89.734170917000085, 24.518364648000045 ], [ 89.769925138000076, 24.540015330000074 ], [ 89.773139867000054, 24.564547361000052 ], [ 89.811378835000085, 24.566602845000034 ], [ 89.827060307000067, 24.608595619000027 ], [ 89.853233241000055, 24.619808504000048 ], [ 89.843347072000086, 24.645290189000036 ], [ 89.868812722000087, 24.649007352000069 ], [ 89.878061522000053, 24.679043940000042 ], [ 89.899409538000043, 24.681494885000063 ], [ 89.879993429000081, 24.708265293000068 ], [ 89.880244379000032, 24.741439830000047 ], [ 89.907426315000066, 24.734482267000033 ], [ 89.935767315000078, 24.757187522000038 ], [ 89.981807378000042, 24.725041915000077 ], [ 90.024242091000076, 24.772306121000042 ], [ 90.075779029000046, 24.787873767000065 ], [ 90.098031124000045, 24.75631179800007 ], [ 90.09037812300005, 24.737193049000041 ], [ 90.132738989000075, 24.734434590000035 ], [ 90.148019054000031, 24.633781415000044 ], [ 90.124550551000084, 24.596684436000032 ], [ 90.150809369000058, 24.574727074000066 ], [ 90.174385349000033, 24.517802580000023 ], [ 90.186679194000078, 24.522921272000076 ], [ 90.243543559000045, 24.481354732000057 ], [ 90.209612732000039, 24.458345833000067 ], [ 90.229251183000031, 24.419933338000078 ], [ 90.249011773000063, 24.415266544000076 ], [ 90.228800744000068, 24.347810675000062 ], [ 90.261197846000073, 24.291593916000068 ], [ 90.300764493000031, 24.269610382000053 ], [ 90.289766961000055, 24.225671337000051 ], [ 90.226155541000082, 24.162920307000036 ], [ 90.217283709000071, 24.129609664000043 ], [ 90.230168441000046, 24.105604721000077 ], [ 90.200925638000058, 24.093779900000072 ], [ 90.173358823000058, 24.108020187000022 ], [ 90.176998285000082, 24.074798878000024 ], [ 90.147552618000077, 24.03354300500007 ], [ 90.108175278000033, 24.017570036000052 ], [ 90.075080976000038, 24.04115458800004 ], [ 90.024702985000033, 24.02104077100006 ], [ 90.017296293000072, 24.04434969700003 ], [ 90.009027222000043, 24.003222237000045 ], [ 89.990205830000036, 23.999097225000071 ], [ 89.980929959000036, 24.03169577400007 ], [ 89.971573336000063, 24.03560701300006 ], [ 89.967197289000069, 24.014930567000079 ], [ 89.948442313000044, 24.028268421000064 ], [ 89.947228059000054, 24.004325531000063 ], [ 89.907046518000072, 23.99862790800006 ], [ 89.892425384000035, 23.969915169000046 ], [ 89.866349451000076, 23.991623734000029 ], [ 89.855386702000033, 23.963593686000024 ], [ 89.826607163000062, 23.981302882000023 ], [ 89.764221878000058, 23.978996047000066 ], [ 89.785633202000042, 24.009848575000035 ], [ 89.784407571000031, 24.040951238000048 ], [ 89.82498098800005, 24.084888473000035 ], [ 89.820899248000046, 24.139321383000038 ], [ 89.779979274000084, 24.166474386000061 ], [ 89.798535538000067, 24.175704884000027 ] ] ] } },
{ "type": "Feature", "properties": { "stable_id": "BD.ADM2.00083" }, "geometry": { "type": "Polygon", "coordinates": [ [ [ 89.818222484000046, 25.414832790000048 ], [ 89.822492004000082, 25.350572014000079 ], [ 89.841298, 25.314922 ], [ 89.831155023000065, 25.296207022000033 ], [ 89.87627, 25.285514 ], [ 89.908533, 25.308107001000053 ], [ 89.948958003000087, 25.29303399500003 ], [ 89.966461003000063, 25.303711996000061 ], [ 89.980467, 25.280941001000031 ], [ 90.118368, 25.223219001000075 ], [ 90.264044266000042, 25.195906999000044 ], [ 90.26243001000006, 25.098281057000065 ], [ 90.304843435000066, 25.079078001000028 ], [ 90.233489868000049, 25.045448243000067 ], [ 90.241088004000062, 25.008209995000072 ], [ 90.22641519900003, 24.971213319000071 ], [ 90.257732639000039, 24.945461990000069 ], [ 90.232095516000072, 24.944562629000075 ], [ 90.245579095000039, 24.925411263000058 ], [ 90.238625586000069, 24.891761488000043 ], [ 90.194925912000031, 24.885258668000063 ], [ 90.200766596000051, 24.874846335000029 ], [ 90.182267427000056, 24.864726226000073 ], [ 90.200164113000085, 24.859199868000076 ], [ 90.180235131000074, 24.839825407000035 ], [ 90.189435858000081, 24.828327866000052 ], [ 90.161652995000054, 24.819094315000029 ], [ 90.158443313000078, 24.792702421000058 ], [ 90.139252981000084, 24.779153511000061 ], [ 90.089111037000066, 24.789962842000023 ], [ 90.032222574000059, 24.777034832000027 ], [ 89.981807378000042, 24.725041915000077 ], [ 89.935767315000078, 24.757187522000038 ], [ 89.907426315000066, 24.734482267000033 ], [ 89.880244379000032, 24.741439830000047 ], [ 89.879993429000081, 24.708265293000068 ], [ 89.899409538000043, 24.681494885000063 ], [ 89.878061522000053, 24.679043940000042 ], [ 89.868812722000087, 24.649007352000069 ], [ 89.843347072000086, 24.645290189000036 ], [ 89.853233241000055, 24.619808504000048 ], [ 89.827060307000067, 24.608595619000027 ], [ 89.811378835000085, 24.566602845000034 ], [ 89.790658554000061, 24.568572607000078 ], [ 89.765028495000081, 24.613836238000033 ], [ 89.785026425000069, 24.625805888000059 ], [ 89.783275053000068, 24.669170613000063 ], [ 89.799163830000055, 24.679980282000031 ], [ 89.773714501000086, 24.716408708000074 ], [ 89.790921357000059, 24.735173386000042 ], [ 89.777144537000083, 24.743082577000052 ], [ 89.780015194000043, 24.765232986000058 ], [ 89.742816405000042, 24.774832805000074 ], [ 89.734884435000083, 24.761097480000046 ], [ 89.715335598000081, 24.777346303000058 ], [ 89.730316229000039, 24.798383788000024 ], [ 89.684946065000076, 24.828413413000078 ], [ 89.660792076000064, 24.888072259000069 ], [ 89.686059796000052, 24.902848407000079 ], [ 89.649487383000064, 25.037638411000046 ], [ 89.653067192000037, 25.078011938000031 ], [ 89.638562970000066, 25.090077102000066 ], [ 89.701214279000055, 25.23215271600003 ], [ 89.748885402000042, 25.236419301000069 ], [ 89.756333122000058, 25.280859340000063 ], [ 89.721890127000052, 25.356578497000044 ], [ 89.780271944000049, 25.387958860000026 ], [ 89.784232023000072, 25.412410083000054 ], [ 89.76676782800007, 25.432428525000034 ], [ 89.818222484000046, 25.414832790000048 ] ] ] } },
{ "type": "Feature", "properties": { "stable_id": "BD.ADM2.00086" }, "geometry": { "type": "Polygon", "coordinates": [ [ [ 92.523560044000078, 22.02598709800003 ], [ 92.623645970000041, 21.825139931000024 ], [ 92.607908376000069, 21.804438942000047 ], [ 92.60100804700005, 21.702870935000078 ], [ 92.607787318000078, 21.590770845000065 ], [ 92.651126229000056, 21.360154570000077 ], [ 92.680664482000054, 21.285461530000077 ], [ 92.597446942000033, 21.241510147000042 ], [ 92.561097027000073, 21.380983191000041 ], [ 92.529225, 21.368471445000068 ], [ 92.509996421000039, 21.377032113000041 ], [ 92.503542994000043, 21.350164785000061 ], [ 92.44177447900006, 21.363993557000072 ], [ 92.421755685000051, 21.44038106000005 ], [ 92.367889325000078, 21.478969919000065 ], [ 92.344446264000055, 21.461321772000076 ], [ 92.332724733000077, 21.417991619000077 ], [ 92.272009838000031, 21.425762072000055 ], [ 92.261473631000058, 21.359779074000073 ], [ 92.201285547000055, 21.326326616000074 ], [ 92.221699448000038, 21.230447129000027 ], [ 92.173814876000051, 21.18537307400004 ], [ 92.166240986000048, 21.221006758000044 ], [ 92.192700364000075, 21.266630826000039 ], [ 92.15185509500003, 21.321760227000027 ], [ 92.126511991000086, 21.400908961000027 ], [ 92.178988179000044, 21.431788759000028 ], [ 92.201880806000077, 21.390525511000078 ], [ 92.244567452000069, 21.400688456000069 ], [ 92.229369008000049, 21.446342711000057 ], [ 92.239870364000069, 21.471999886000049 ], [ 92.20142725200003, 21.514070844000059 ], [ 92.185810789000072, 21.501010822000069 ], [ 92.168957344000034, 21.514263758000027 ], [ 92.159255549000079, 21.541509115000053 ], [ 92.184674923000046, 21.568387677000032 ], [ 92.173578692000035, 21.599985773000071 ], [ 92.146820580000053, 21.596242176000032 ], [ 92.140564434000055, 21.618326039000067 ], [ 92.098520668000049, 21.644220593000057 ], [ 92.114381351000077, 21.650771161000023 ], [ 92.09229933000006, 21.688654851000024 ], [ 92.114208147000056, 21.705700231000037 ], [ 92.115797764000035, 21.741114570000036 ], [ 92.158200277000049, 21.734588723000059 ], [ 92.176430899000081, 21.789174037000066 ], [ 92.180671003000043, 21.789158755000074 ], [ 92.180853325000044, 21.778603819000068 ], [ 92.188693858000079, 21.773853907000046 ], [ 92.212357191000081, 21.786539496000046 ], [ 92.180317713000079, 21.847766376000038 ], [ 92.167204345000073, 21.84033566200003 ], [ 92.189664114000038, 21.776232617000062 ], [ 92.179658095000036, 21.791388451000046 ], [ 92.148132958000076, 21.777266110000028 ], [ 92.130674641000041, 21.799939227000038 ], [ 92.108140305000063, 21.792487121000022 ], [ 92.102855710000085, 21.808275611000056 ], [ 92.080519185000071, 21.809926177000023 ], [ 92.083359567000059, 21.876749133000033 ], [ 92.059687981000081, 21.901991189000057 ], [ 92.075824925000063, 21.923579105000044 ], [ 92.118500967000045, 21.934582405000072 ], [ 92.111903985000083, 21.916734610000049 ], [ 92.129718786000069, 21.901574517000029 ], [ 92.174539100000061, 21.909844425000074 ], [ 92.159942737000051, 21.945471581000049 ], [ 92.180737954000051, 21.942961341000057 ], [ 92.214079678000076, 21.974773179000067 ], [ 92.201120173000049, 21.988731580000035 ], [ 92.216161313000043, 22.005438080000033 ], [ 92.177570814000035, 22.024267980000047 ], [ 92.16134554000007, 22.043055254000024 ], [ 92.176198193000062, 22.06416783800006 ], [ 92.141170129000045, 22.091673312000069 ], [ 92.173234818000083, 22.112877315000048 ], [ 92.160105940000051, 22.128271968000035 ], [ 92.164311305000069, 22.182149167000034 ], [ 92.137626561000047, 22.234465799000077 ], [ 92.154727316000049, 22.323243787000024 ], [ 92.145936798000037, 22.347740998000063 ], [ 92.208257532000061, 22.330458148000048 ], [ 92.281930426000031, 22.355682115000036 ], [ 92.360002331000032, 22.341343394000035 ], [ 92.463720959000057, 22.254163548000065 ], [ 92.485683939000069, 22.210139109000067 ], [ 92.523560044000078, 22.02598709800003 ] ] ] } }
]
}
