{
"type": "FeatureCollection",
"name": "boundaries_th",
"crs": { "type": "name", "properties": { "name": "urn:ogc:def:crs:OGC:1.3:CRS84" } },
"features": [
{ "type": "Feature", "properties": { "stable_id": "TH.ADM1.00001" }, "geometry": { "type": "Polygon", "coordinates": [ [ [ 100.499348720000057, 14.519936820000055 ], [ 100.496895535000078, 14.459504766000066 ], [ 100.459118096000054, 14.439480541000023 ], [ 100.420208401000082, 14.447148438000056 ], [ 100.426657937000073, 14.493116846000078 ], [ 100.405740398000034, 14.508193242000061 ], [ 100.235384473000067, 14.479421086000059 ], [ 100.195986819000041, 14.559964523000076 ], [ 100.218709439000065, 14.596805036000035 ], [ 100.191466368000079, 14.617094171000076 ], [ 100.243673349000062, 14.651292073000036 ], [ 100.224048762000052, 14.664910579000036 ], [ 100.204803300000037, 14.720361554000021 ], [ 100.218934373000081, 14.728459713000063 ], [ 100.205417759000056, 14.770696972000053 ], [ 100.226433168000085, 14.795045493000032 ], [ 100.295707481000079, 14.784228509000059 ], [ 100.328683868000041, 14.802413781000041 ], [ 100.381580014000065, 14.74300437900007 ], [ 100.404759001000059, 14.758163577000062 ], [ 100.417357171000049, 14.726273840000033 ], [ 100.463727166000069, 14.720659933000036 ], [ 100.496686216000057, 14.696871487000067 ], [ 100.503012019000039, 14.630029568000054 ], [ 100.480443109000078, 14.562882564000063 ], [ 100.499348720000057, 14.519936820000055 ] ] ] } },
{ "type": "Feature", "properties": { "stable_id": "TH.ADM1.00002" }, "geometry": { "type": "Polygon", "coordinates": [ [ [ 100.619827650000047, 14.128989793000073 ], [ 100.34602725600007, 14.113913468000021 ], [ 100.300023761000034, 14.140222343000062 ], [ 100.279483546000051, 14.125171556000055 ], [ 100.284138899000084, 14.169591193000031 ], [ 100.212900353000066, 14.179213636000043 ], [ 100.237358679000067, 14.198779953000042 ], [ 100.233651121000037, 14.241556800000069 ], [ 100.282493994000049, 14.329486849000034 ], [ 100.267010402000039, 14.370513454000047 ], [ 100.27901931100007, 14.39864519300005 ], [ 100.244559209000045, 14.457058227000061 ], [ 100.253145561000053, 14.482861261000039 ], [ 100.405740398000034, 14.508193242000061 ], [ 100.426657937000073, 14.493116846000078 ], [ 100.420208401000082, 14.447148438000056 ], [ 100.459118096000054, 14.439480541000023 ], [ 100.496895535000078, 14.459504766000066 ], [ 100.499429291000069, 14.519684380000058 ], [ 100.480443109000078, 14.562882564000063 ], [ 100.508339938000063, 14.673194754000065 ], [ 100.512702492000074, 14.656345971000064 ], [ 100.546526611000047, 14.670436346000031 ], [ 100.602407222000068, 14.655672216000028 ], [ 100.575195398000062, 14.598999649000064 ], [ 100.603585539000051, 14.577715911000041 ], [ 100.601844964000065, 14.554215713000076 ], [ 100.67261962300006, 14.557668093000075 ], [ 100.658891492000066, 14.603261109000073 ], [ 100.68512878000007, 14.582137816000056 ], [ 100.782704673000069, 14.567032528000027 ], [ 100.778652286000067, 14.530733977000068 ], [ 100.747464414000035, 14.512871199000074 ], [ 100.771698699000069, 14.493949405000023 ], [ 100.759462892000045, 14.411728021000044 ], [ 100.77764103800007, 14.413745591000065 ], [ 100.796343380000053, 14.389513787000055 ], [ 100.772199697000076, 14.325244041000076 ], [ 100.823179830000072, 14.329661398000042 ], [ 100.821498864000034, 14.242746399000055 ], [ 100.619673210000087, 14.143122747000064 ], [ 100.619827650000047, 14.128989793000073 ] ] ] } },
{ "type": "Feature", "properties": { "stable_id": "TH.ADM1.00003" }, "geometry": { "type": "Polygon", "coordinates": [ [ [ 100.52340115700008, 13.677882705000059 ], [ 100.521037943000067, 13.605141864000075 ], [ 100.492032032000054, 13.58671438600004 ], [ 100.453723363000051, 13.60501511700005 ], [ 100.453693435000048, 13.501979764000055 ], [ 100.408838252000066, 13.493389571000023 ], [ 100.406325868000067, 13.535797271000035 ], [ 100.419488587000046, 13.546844733000057 ], [ 100.395290527000043, 13.554324621000035 ], [ 100.376482084000088, 13.619703151000067 ], [ 100.339383547000068, 13.654990333000057 ], [ 100.32791246000005, 13.804125359000068 ], [ 100.466176870000083, 13.788917403000028 ], [ 100.50167988700008, 13.801067862000025 ], [ 100.543629472000077, 13.849628112000062 ], [ 100.573977532000072, 13.954635289000066 ], [ 100.68973081200005, 13.931053496000061 ], [ 100.686953376000076, 13.916254426000023 ], [ 100.913983118000033, 13.946490894000021 ], [ 100.905765439000049, 13.854555255000037 ], [ 100.938513220000061, 13.814252056000043 ], [ 100.906812191000085, 13.785309473000041 ], [ 100.859347365000076, 13.689560424000035 ], [ 100.787952316000087, 13.716605352000045 ], [ 100.709994351000034, 13.716782075000026 ], [ 100.698271323000085, 13.65632908300006 ], [ 100.655465, 13.672292068000047 ], [ 100.649709981000058, 13.652504770000064 ], [ 100.630577254000059, 13.649761298000044 ], [ 100.579458378000083, 13.669222685000022 ], [ 100.58391953000006, 13.69609611900006 ], [ 100.556706869000038, 13.706036881000045 ], [ 100.547356679000075, 13.672603031000051 ], [ 100.52340115700008, 13.677882705000059 ] ] ] } },
{ "type": "Feature", "properties": { "stable_id": "TH.ADM1.00004" }, "geometry": { "type": "Polygon", "coordinates": [ [ [ 102.815053404000082, 14.170192715000042 ], [ 102.697502002000078, 14.13004453800005 ], [ 102.669474195000078, 14.158150287000069 ], [ 102.652587748000087, 14.165245125000069 ], [ 102.633578230000069, 14.148898320000058 ], [ 102.608998579000058, 14.171443975000045 ], [ 102.550224452000066, 14.134842006000042 ], [ 102.472555813000042, 14.131327334000048 ], [ 102.432773190000034, 14.147573093000062 ], [ 102.45318001000004, 14.193729372000064 ], [ 102.498819198000035, 14.186075315000039 ], [ 102.538321110000084, 14.20216956400003 ], [ 102.686295433000055, 14.299173804000077 ], [ 102.642799106000041, 14.326604684000074 ], [ 102.60266133600004, 14.32251711300006 ], [ 102.562942698000086, 14.375135356000044 ], [ 102.569462649000059, 14.426716205000048 ], [ 102.59983731300008, 14.44903260600006 ], [ 102.610598488000051, 14.494087109000077 ], [ 102.481348030000049, 14.511968731000024 ], [ 102.495501681000064, 14.564802096000051 ], [ 102.46765042800007, 14.586960896000051 ], [ 102.474876357000085, 14.656304692000049 ], [ 102.460064617000057, 14.699059028000022 ], [ 102.476416585000038, 14.749240805000056 ], [ 102.440251457000045, 14.796196632000033 ], [ 102.457899286000043, 14.835097868000048 ], [ 102.500472046000084, 14.802491428000053 ], [ 102.534231601000045, 14.814596428000073 ], [ 102.552040892000036, 14.859822117000022 ], [ 102.541387222000083, 14.894055168000023 ], [ 102.567188183000042, 14.927053938000029 ], [ 102.545787626000049, 14.946877288000053 ], [ 102.556401486000084, 14.955433742000025 ], [ 102.600818699000058, 14.935371522000025 ], [ 102.696612539000057, 14.933720228000027 ], [ 102.714052836000064, 14.983562545000041 ], [ 102.781305616000054, 15.012337642000034 ], [ 102.804473056000063, 15.040788220000024 ], [ 102.762094940000054, 15.079145767000057 ], [ 102.822871641000063, 15.151747431000047 ], [ 102.974470432000032, 15.206800806000047 ], [ 102.959015835000059, 15.219466305000026 ], [ 102.955114164000065, 15.272345340000072 ], [ 102.967878502000076, 15.290939432000073 ], [ 102.952112037000063, 15.312999438000077 ], [ 102.984831986000074, 15.321608316000038 ], [ 102.986358065000047, 15.37394727800006 ], [ 102.957936585000084, 15.380410003000065 ], [ 102.951786113000082, 15.401187644000061 ], [ 102.970850342000062, 15.426881869000056 ], [ 102.996201905000078, 15.417499889000055 ], [ 103.010069289000057, 15.436508616000026 ], [ 102.97496755700007, 15.479302170000039 ], [ 102.936841214000083, 15.476408775000039 ], [ 102.943237915000054, 15.491422051000029 ], [ 102.928927172000044, 15.48965422200007 ], [ 102.925891063000051, 15.510595140000078 ], [ 102.882545196000081, 15.523100914000054 ], [ 102.86657791600004, 15.510384775000034 ], [ 102.815748029000076, 15.512541996000039 ], [ 102.781593358000066, 15.561557453000034 ], [ 102.769484250000062, 15.623910975000058 ], [ 102.851484892000087, 15.636537773000043 ], [ 102.882976113000041, 15.666777495000076 ], [ 102.868858513000077, 15.686683599000048 ], [ 102.877795227000036, 15.77057777300007 ], [ 102.930462696000063, 15.795826058000046 ], [ 102.941796555000053, 15.766492909000021 ], [ 103.005454584000063, 15.728330370000037 ], [ 103.005323755000063, 15.685567384000024 ], [ 102.975152588000071, 15.660112888000072 ], [ 103.026321243000041, 15.60219819100007 ], [ 103.052813223000044, 15.592746606000048 ], [ 103.047220476000064, 15.565744224000071 ], [ 103.090476255000056, 15.53343310200006 ], [ 103.07234972100008, 15.498743408000053 ], [ 103.114557026000057, 15.470196801000043 ], [ 103.08979078200008, 15.419716908000055 ], [ 103.133541075000039, 15.400316469000074 ], [ 103.138839696000048, 15.411869710000076 ], [ 103.156428782000035, 15.352586584000051 ], [ 103.194184731000064, 15.365853296000068 ], [ 103.195830035000085, 15.340007752000076 ], [ 103.212447271000087, 15.34244579500006 ], [ 103.219251917000065, 15.322879654000076 ], [ 103.251652995000086, 15.321849956000051 ], [ 103.24917967600004, 15.306622279000067 ], [ 103.282977944000038, 15.316652312000031 ], [ 103.287797504000082, 15.298413860000039 ], [ 103.348954025000069, 15.344398212000044 ], [ 103.402267923000068, 15.309416634000058 ], [ 103.430906048000054, 15.315128325000046 ], [ 103.447522495000044, 15.344926558000054 ], [ 103.499452315000042, 15.313219321000076 ], [ 103.505436288000055, 15.291748332000054 ], [ 103.462059917000033, 15.280560727000022 ], [ 103.458801957000048, 15.25657624400003 ], [ 103.44130494400008, 15.263214457000061 ], [ 103.436023373000069, 15.206568685000036 ], [ 103.419138169000064, 15.202120138000055 ], [ 103.427223809000054, 15.110881590000076 ], [ 103.441664466000077, 15.10634505400003 ], [ 103.42256576300008, 15.065353138000035 ], [ 103.448022349000041, 15.044944912000062 ], [ 103.414847458000054, 15.006469202000062 ], [ 103.424664753000059, 14.928015062000043 ], [ 103.346206754000036, 14.830950424000036 ], [ 103.289317125000082, 14.807187884000029 ], [ 103.290940402000047, 14.785463508000078 ], [ 103.266292606000036, 14.766658384000038 ], [ 103.258376831000078, 14.672161233000054 ], [ 103.230121582000038, 14.641270682000027 ], [ 103.238345561000074, 14.617463306000047 ], [ 103.210711780000054, 14.580573411000046 ], [ 103.216598694000083, 14.499983793000069 ], [ 103.246583244000078, 14.441205447000073 ], [ 103.220548822000069, 14.402899900000023 ], [ 103.234144080000078, 14.393414700000051 ], [ 103.224694255000088, 14.32641269800007 ], [ 103.18694, 14.329629999000076 ], [ 103.09269, 14.29263 ], [ 102.99857, 14.207929999000044 ], [ 102.903163739000036, 14.164567641000076 ], [ 102.878549881000083, 14.175695117000032 ], [ 102.872745362000046, 14.146984450000048 ], [ 102.815053404000082, 14.170192715000042 ] ] ] } },
{ "type": "Feature", "properties": { "stable_id": "TH.ADM1.00005" }, "geometry": { "type": "Polygon", "coordinates": [ [ [ 101.044376833000058, 13.559221507000075 ], [ 101.071833253000079, 13.509999422000021 ], [ 101.048752810000053, 13.508688751000022 ], [ 101.039263750000032, 13.480281733000027 ], [ 101.008504306000077, 13.460414069000024 ], [ 100.848377119000077, 13.478299381000056 ], [ 100.871561203000056, 13.49049952300004 ], [ 100.880223243000046, 13.548707947000025 ], [ 100.903873870000041, 13.554230348000033 ], [ 100.911016396000036, 13.592685514000038 ], [ 100.963883870000075, 13.644534625000063 ], [ 100.955820651000067, 13.66237977000003 ], [ 100.855068558000085, 13.699272504000021 ], [ 100.938513220000061, 13.814252056000043 ], [ 100.905765439000049, 13.854555255000037 ], [ 100.914218188000063, 13.961278383000035 ], [ 101.044594515000085, 13.976667497000051 ], [ 101.137800022000079, 13.969887645000028 ], [ 101.160576746000061, 13.931054750000044 ], [ 101.145650767000063, 13.893059047000065 ], [ 101.161606809000034, 13.889351624000028 ], [ 101.139237210000033, 13.883280493000029 ], [ 101.160886986000037, 13.863103641000066 ], [ 101.148667230000058, 13.852105039000037 ], [ 101.220822685000087, 13.886272505000022 ], [ 101.249693432000072, 13.866048281000076 ], [ 101.277857073000064, 13.878201022000042 ], [ 101.342506937000053, 13.859028844000022 ], [ 101.351819169000066, 13.869662855000058 ], [ 101.52368778500005, 13.787591108000072 ], [ 101.549404233000075, 13.792720983000038 ], [ 101.591324031000056, 13.736729442000069 ], [ 101.633792611000047, 13.74819375900006 ], [ 101.662693970000078, 13.73417941200006 ], [ 101.678849052000032, 13.754492778000042 ], [ 101.758532034000041, 13.772710758000073 ], [ 101.792171537000058, 13.733080395000059 ], [ 101.793440683000085, 13.705453169000066 ], [ 101.831995051000035, 13.701911559000052 ], [ 101.833938411000076, 13.636165978000065 ], [ 101.864804088000085, 13.631754883000042 ], [ 101.889569212000083, 13.583630823000021 ], [ 101.915071523000051, 13.585596376000069 ], [ 101.873395045000052, 13.524205092000045 ], [ 101.898088198000039, 13.511167597000053 ], [ 101.882672242000069, 13.485017093000067 ], [ 101.895066043000043, 13.471211655000047 ], [ 101.937172807000081, 13.47798655500003 ], [ 101.938515856000038, 13.443431395000061 ], [ 101.976890995000076, 13.407925540000065 ], [ 101.988903135000044, 13.333254906000036 ], [ 101.949318874000085, 13.295851437000067 ], [ 101.910549972000069, 13.288038388000075 ], [ 101.89375939200005, 13.229056466000031 ], [ 101.871642902000076, 13.226030109000021 ], [ 101.870628948000046, 13.251598657000045 ], [ 101.856793788000061, 13.25379679200006 ], [ 101.778228416000047, 13.189491476000057 ], [ 101.722450688000038, 13.180279652000024 ], [ 101.663525200000038, 13.274155775000054 ], [ 101.563914469000053, 13.333310106000056 ], [ 101.531058701000063, 13.426441478000072 ], [ 101.501907550000055, 13.410319475000051 ], [ 101.48993617900004, 13.444633272000033 ], [ 101.466669370000034, 13.426367503000051 ], [ 101.402318617000049, 13.450318323000033 ], [ 101.405449335000071, 13.471961925000073 ], [ 101.362232736000067, 13.463949057000036 ], [ 101.267558852000036, 13.567022097000063 ], [ 101.201484177000054, 13.584573529000068 ], [ 101.144449762000079, 13.588351623000051 ], [ 101.096065502000044, 13.555232647000025 ], [ 101.044376833000058, 13.559221507000075 ] ] ] } },
{ "type": "Feature", "properties": { "stable_id": "TH.ADM1.00006" }, "geometry": { "type": "Polygon", "coordinates": [ [ [ 100.260232324000071, 15.053329314000052 ], [ 100.218676172000073, 15.040610269000069 ], [ 100.286077571000078, 14.991011441000069 ], [ 100.288458369000068, 14.956346628000063 ], [ 100.259034848000056, 14.943857930000036 ], [ 100.18877460200008, 14.958147150000059 ], [ 100.142145286000073, 14.923953887000039 ], [ 100.126324725000075, 14.922981841000023 ], [ 100.132506908000039, 14.945943827000065 ], [ 100.040071387000069, 14.961136835000048 ], [ 100.039229914000032, 14.913632431000053 ], [ 99.927181911000048, 14.90880330400006 ], [ 99.723770138000077, 14.962032211000064 ], [ 99.720686713000077, 14.982446236000044 ], [ 99.767114896000066, 15.021849865000036 ], [ 99.792730652000046, 15.091903927000033 ], [ 99.732760653000071, 15.208062936000033 ], [ 99.732830833000037, 15.268551464000041 ], [ 99.788096467000059, 15.318896924000057 ], [ 99.87181485800005, 15.304944541000054 ], [ 99.885754691000045, 15.287357881000048 ], [ 100.006208185000048, 15.300761304000048 ], [ 100.037228999000035, 15.292283610000027 ], [ 100.058163979000085, 15.263665216000049 ], [ 100.101202583000088, 15.33848598000003 ], [ 100.073733369000081, 15.370445758000074 ], [ 100.106201590000069, 15.375805223000043 ], [ 100.087916310000082, 15.410175204000041 ], [ 100.118375688000071, 15.412581627000066 ], [ 100.161181522000049, 15.381967779000036 ], [ 100.25019612400007, 15.355089957000075 ], [ 100.274321, 15.224309495000057 ], [ 100.292249064000032, 15.21821957800006 ], [ 100.302452566000056, 15.173280431000023 ], [ 100.340535880000061, 15.148896287000071 ], [ 100.351524379000068, 15.118409770000028 ], [ 100.260232324000071, 15.053329314000052 ] ] ] } },
{ "type": "Feature", "properties": { "stable_id": "TH.ADM1.00007" }, "geometry": { "type": "Polygon", "coordinates": [ [ [ 101.802954470000032, 15.418591076000041 ], [ 101.778211216000045, 15.383923878000076 ], [ 101.65683619400005, 15.401675431000058 ], [ 101.619101642000032, 15.370439562000058 ], [ 101.566055217000041, 15.37196061800006 ], [ 101.543180086000064, 15.402361373000076 ], [ 101.523708968000051, 15.400933495000061 ], [ 101.495588247000057, 15.375162878000026 ], [ 101.500699854000061, 15.356443951000074 ], [ 101.382024491000038, 15.331402546000049 ], [ 101.385707099000058, 15.486544810000055 ], [ 101.370637606000059, 15.597456064000028 ], [ 101.404428954000082, 15.739287339000043 ], [ 101.336020376000079, 15.752899391000028 ], [ 101.317575327000043, 15.79178902700005 ], [ 101.332465068000033, 15.881669610000074 ], [ 101.374581128000045, 15.918389318000038 ], [ 101.36169299900007, 15.925866546000066 ], [ 101.377812428000084, 15.989398620000031 ], [ 101.365368712000077, 16.06925495400003 ], [ 101.346046374000082, 16.069245198000033 ], [ 101.333771299000034, 16.093200976000048 ], [ 101.344475936000038, 16.15710408800004 ], [ 101.379958702000067, 16.188204016000043 ], [ 101.354683107000085, 16.259919765000063 ], [ 101.370532161000085, 16.273808472000042 ], [ 101.381635499000083, 16.358289424000077 ], [ 101.409071887000039, 16.383079659000032 ], [ 101.401987340000062, 16.401943312000071 ], [ 101.473507017000088, 16.477199922000068 ], [ 101.471715574000086, 16.528069796000068 ], [ 101.518222301000037, 16.54770859000007 ], [ 101.497191402000055, 16.569601808000073 ], [ 101.500085453000054, 16.609535656000048 ], [ 101.526263460000052, 16.620795601000054 ], [ 101.512398050000058, 16.679238129000055 ], [ 101.567010848000052, 16.648067384000058 ], [ 101.57710678400008, 16.660966725000037 ], [ 101.55380337400004, 16.72815732600003 ], [ 101.587135752000052, 16.721267432000047 ], [ 101.620194325000057, 16.684866863000025 ], [ 101.692431506000048, 16.684121428000026 ], [ 101.725731644000064, 16.652147999000022 ], [ 101.750816568000062, 16.667821305000075 ], [ 101.751390208000032, 16.654430018000028 ], [ 101.778921224000044, 16.645631740000056 ], [ 101.775218369000072, 16.629944895000051 ], [ 101.825979145000076, 16.656723321000072 ], [ 101.905845495000051, 16.628974547000041 ], [ 101.947238710000079, 16.634303600000067 ], [ 101.976999465000063, 16.61007496700006 ], [ 101.989365827000086, 16.566448550000075 ], [ 102.018704654000032, 16.558161703000053 ], [ 102.037809379000066, 16.512739181000029 ], [ 102.067323439000063, 16.494557591000046 ], [ 102.205269845000032, 16.503294327000049 ], [ 102.255330553000078, 16.461070560000053 ], [ 102.296243893000053, 16.446271745000047 ], [ 102.362981037000054, 16.451735416000076 ], [ 102.372964921000062, 16.436119917000042 ], [ 102.399117727000032, 16.447302757000045 ], [ 102.400711581000053, 16.46645409000007 ], [ 102.415670270000078, 16.423948883000037 ], [ 102.458867689000044, 16.39468781100004 ], [ 102.410818336000034, 16.271246159000043 ], [ 102.41783427200005, 16.253120702000047 ], [ 102.280778714000064, 16.077771065000036 ], [ 102.299481424000078, 16.044026885000051 ], [ 102.343312648000051, 16.035069287000056 ], [ 102.385204132000069, 15.985892602000035 ], [ 102.366544991000069, 15.964961144000029 ], [ 102.353361613000061, 15.90084683200007 ], [ 102.321316913000032, 15.866429829000026 ], [ 102.327562413000066, 15.803414540000063 ], [ 102.256496643000048, 15.78157294500005 ], [ 102.232857644000035, 15.743707202000053 ], [ 102.204005557000073, 15.756244864000053 ], [ 102.200285675000032, 15.739977281000051 ], [ 102.156173890000048, 15.739596965000032 ], [ 102.121314541000061, 15.64615154300003 ], [ 102.07335415600005, 15.620297452000045 ], [ 102.039339568000059, 15.542565590000038 ], [ 102.034961992000035, 15.477973081000073 ], [ 102.009998977000066, 15.458219990000032 ], [ 101.937362600000085, 15.456432178000057 ], [ 101.87849963900004, 15.389251178000052 ], [ 101.802954470000032, 15.418591076000041 ] ] ] } },
{ "type": "Feature", "properties": { "stable_id": "TH.ADM1.00008" }, "geometry": { "type": "MultiPolygon", "coordinates": [ [ [ [ 102.24950459300004, 12.288138265000043 ], [ 102.253180379000071, 12.287842204000071 ], [ 102.251358581000034, 12.28584974100005 ], [ 102.24950459300004, 12.288138265000043 ] ] ], [ [ [ 102.235325555000088, 12.297055291000049 ], [ 102.242999846000032, 12.290437074000067 ], [ 102.238361126000086, 12.286220200000059 ], [ 102.235325555000088, 12.297055291000049 ] ] ], [ [ [ 102.13481844100005, 12.396772085000066 ], [ 102.131595039000047, 12.395115350000026 ], [ 102.134080256000061, 12.399089893000053 ], [ 102.13481844100005, 12.396772085000066 ] ] ], [ [ [ 102.110934911000072, 12.422599042000058 ], [ 102.108019652000053, 12.422105237000039 ], [ 102.111553400000048, 12.425444704000029 ], [ 102.110934911000072, 12.422599042000058 ] ] ], [ [ [ 102.02137407400005, 12.461840066000036 ], [ 102.024637849000044, 12.465849338000055 ], [ 102.025033830000041, 12.460030706000055 ], [ 102.02137407400005, 12.461840066000036 ] ] ], [ [ [ 102.06657322500007, 12.465029086000072 ], [ 102.065066583000032, 12.465253479000069 ], [ 102.066372146000049, 12.465606097000034 ], [ 102.06657322500007, 12.465029086000072 ] ] ], [ [ [ 101.947963595000033, 12.513889624000058 ], [ 101.950572813000065, 12.509919411000055 ], [ 101.949370722000083, 12.509148992000064 ], [ 101.947963595000033, 12.513889624000058 ] ] ], [ [ [ 102.257761758000072, 12.29291971300006 ], [ 102.159949828000038, 12.39820966700006 ], [ 102.11927582800007, 12.408066607000023 ], [ 102.124276154000086, 12.422896492000064 ], [ 102.085137906000057, 12.468340858000033 ], [ 102.061336664000066, 12.481663371000025 ], [ 102.059561785000085, 12.468795439000075 ], [ 102.042911429000071, 12.47283245400007 ], [ 102.046753713000044, 12.490141793000078 ], [ 102.035938397000052, 12.486536176000072 ], [ 102.041577611000037, 12.500256342000057 ], [ 102.016628651000076, 12.525025931000073 ], [ 101.963544181000032, 12.542951798000047 ], [ 101.947859568000069, 12.53801603200003 ], [ 101.948648325000079, 12.516489673000024 ], [ 101.889355983000087, 12.569879470000046 ], [ 101.885615547000043, 12.582074027000033 ], [ 101.909611593000079, 12.577082879000045 ], [ 101.905450709000036, 12.595472642000061 ], [ 101.883192077000047, 12.601896907000025 ], [ 101.883068104000074, 12.587888109000062 ], [ 101.863446087000057, 12.642284811000025 ], [ 101.784358385000075, 12.693191576000061 ], [ 101.799916368000083, 12.750454663000028 ], [ 101.818932372000063, 12.755297220000045 ], [ 101.829205423000076, 12.826363214000025 ], [ 101.81821860000008, 12.899663541000052 ], [ 101.808553209000081, 12.885306975000049 ], [ 101.779224261000081, 12.953180208000049 ], [ 101.756998842000087, 12.940167379000059 ], [ 101.738702272000069, 12.961625059000028 ], [ 101.759279853000066, 13.047591142000044 ], [ 101.717563648000066, 13.033941157000072 ], [ 101.685834275000047, 13.113922066000043 ], [ 101.717137777000062, 13.182213531000059 ], [ 101.778228416000047, 13.189491476000057 ], [ 101.856793788000061, 13.25379679200006 ], [ 101.870628948000046, 13.251598657000045 ], [ 101.871642902000076, 13.226030109000021 ], [ 101.89375939200005, 13.229056466000031 ], [ 101.910549972000069, 13.288038388000075 ], [ 101.949318874000085, 13.295851437000067 ], [ 101.988903135000044, 13.333254906000036 ], [ 102.01080247200008, 13.292920061000075 ], [ 102.035447197000053, 13.283187486000031 ], [ 102.028290494000032, 13.236708263000025 ], [ 102.108855477000077, 13.26488822400006 ], [ 102.130124092000074, 13.335984004000068 ], [ 102.168900925000059, 13.323321843000031 ], [ 102.192449493000083, 13.294313880000061 ], [ 102.213391694000052, 13.306047564000039 ], [ 102.246799828000064, 13.285214367000037 ], [ 102.287518965000061, 13.303928971000062 ], [ 102.309269750000055, 13.287440393000054 ], [ 102.337270403000048, 13.313302090000036 ], [ 102.438389999000037, 13.08523000100007 ], [ 102.46555, 13.07928 ], [ 102.49997, 13.01665 ], [ 102.532000001000085, 12.999520001000064 ], [ 102.48564, 12.97402 ], [ 102.50531, 12.96074 ], [ 102.48968, 12.94688 ], [ 102.51544, 12.883760002000031 ], [ 102.50377, 12.85038 ], [ 102.52104, 12.819579999000041 ], [ 102.54488, 12.811929999000029 ], [ 102.525919999000052, 12.74844 ], [ 102.49116729900004, 12.757238753000024 ], [ 102.475829042000044, 12.736457096000038 ], [ 102.44011411200006, 12.733080663000067 ], [ 102.386418544000037, 12.679458493000027 ], [ 102.401010211000084, 12.619522637000046 ], [ 102.388575471000081, 12.60605785000007 ], [ 102.422948026000086, 12.569489859000043 ], [ 102.399491903000069, 12.567771976000074 ], [ 102.376644739000085, 12.595623673000034 ], [ 102.357707804000086, 12.595952488000023 ], [ 102.336600263000037, 12.564230388000055 ], [ 102.305252228000086, 12.554136312000026 ], [ 102.31473443200008, 12.524520898000048 ], [ 102.337917847000085, 12.513517438000065 ], [ 102.325599208000085, 12.429746349000027 ], [ 102.371283860000062, 12.391040640000028 ], [ 102.344719181000073, 12.363260600000046 ], [ 102.345788651000078, 12.337529692000032 ], [ 102.309486159000073, 12.302985397000043 ], [ 102.257761758000072, 12.29291971300006 ] ] ] ] } },
{ "type": "Feature", "properties": { "stable_id": "TH.ADM1.00009" }, "geometry": { "type": "Polygon", "coordinates": [ [ [ 98.494531478000056, 17.815361685000028 ], [ 98.509782070000085, 17.788586677000069 ], [ 98.503475489000039, 17.76056443300007 ], [ 98.532855515000051, 17.619261022000046 ], [ 98.577606075000062, 17.573752300000024 ], [ 98.526635507000037, 17.533050671000069 ], [ 98.517979723000053, 17.48003312700007 ], [ 98.554502650000074, 17.427996004000022 ], [ 98.537370924000072, 17.362220376000039 ], [ 98.561944740000058, 17.351809253000056 ], [ 98.55682997200006, 17.294152793000023 ], [ 98.578854194000087, 17.294401776000029 ], [ 98.536836493000067, 17.276550713000063 ], [ 98.461576102000038, 17.275478391000036 ], [ 98.391789776000053, 17.242274746000078 ], [ 98.324054342000068, 17.30876184300007 ], [ 98.333234339000057, 17.34642100800005 ], [ 98.291702783000062, 17.407442988000071 ], [ 98.322650232000058, 17.418419722000067 ], [ 98.329065455000034, 17.473178165000036 ], [ 98.298120825000069, 17.575255626000057 ], [ 98.265426499000057, 17.578649413000051 ], [ 98.212241569000071, 17.541251470000077 ], [ 98.132049382000048, 17.546238881000022 ], [ 98.089214565000077, 17.637178311000071 ], [ 98.143191215000058, 17.680402245000039 ], [ 98.151358724000033, 17.732331647000024 ], [ 98.135311544000047, 17.759650800000031 ], [ 98.146640096000056, 17.776911878000078 ], [ 98.132464541000047, 17.796726604000071 ], [ 98.086157374000038, 17.811280182000075 ], [ 98.06991389600006, 17.851835962000052 ], [ 98.008680885000047, 17.904207566000025 ], [ 98.025182585000039, 17.937204102000067 ], [ 98.090441853000073, 17.96317014400006 ], [ 98.144879106000076, 17.936923121000063 ], [ 98.161865642000066, 17.969340725000052 ], [ 98.246195002000036, 17.98961981900004 ], [ 98.243065540000032, 18.019268777000036 ], [ 98.28936357300006, 18.074940863000052 ], [ 98.205559267000069, 18.088612863000037 ], [ 98.16615375300006, 18.118908857000065 ], [ 98.156002097000055, 18.163986943000054 ], [ 98.176058355000066, 18.192076603000032 ], [ 98.136028760000045, 18.269349386000044 ], [ 98.150128892000055, 18.285528660000068 ], [ 98.195801017000065, 18.286567396000066 ], [ 98.204838219000067, 18.31224955700003 ], [ 98.197747854000056, 18.332934836000049 ], [ 98.146192536000058, 18.363090500000055 ], [ 98.125780661000078, 18.406407166000065 ], [ 98.075434517000076, 18.427968762000035 ], [ 98.11917184400005, 18.495968057000027 ], [ 98.174884287000054, 18.545378421000066 ], [ 98.210282850000056, 18.538753879000069 ], [ 98.236950195000077, 18.568021416000022 ], [ 98.21065817200008, 18.607181292000064 ], [ 98.105434496000044, 18.648619265000036 ], [ 98.095903821000036, 18.738009715000032 ], [ 98.121837576000075, 18.775998577000053 ], [ 98.091939876000083, 18.778357741000036 ], [ 98.079763, 18.822324840000022 ], [ 98.102116573000046, 18.884360857000047 ], [ 98.15681274800005, 18.919535842000073 ], [ 98.171825483000077, 18.948186360000022 ], [ 98.17006322900005, 18.996730786000057 ], [ 98.25149207700008, 19.115643569000042 ], [ 98.243119159000059, 19.153501365000068 ], [ 98.340260298000032, 19.149281615000064 ], [ 98.356583353000076, 19.08941248800005 ], [ 98.42098377800005, 19.027148382000064 ], [ 98.43960867900006, 19.048563865000062 ], [ 98.541915505000077, 19.026204420000056 ], [ 98.649073017000035, 19.081626348000043 ], [ 98.637983065000071, 19.154705444000058 ], [ 98.569475741000076, 19.205718147000027 ], [ 98.599039362000042, 19.231707490000076 ], [ 98.588554108000039, 19.256647402000056 ], [ 98.604944882000041, 19.279770378000023 ], [ 98.589063533000058, 19.33238211400004 ], [ 98.596510888000068, 19.36252064100006 ], [ 98.573466316000065, 19.387807728000041 ], [ 98.596250120000036, 19.40729649900004 ], [ 98.584736633000034, 19.418226826000023 ], [ 98.595174488000055, 19.489727886000026 ], [ 98.568015421000041, 19.508142171000031 ], [ 98.561051279000083, 19.549637841000049 ], [ 98.542251522000072, 19.558540831000073 ], [ 98.53964221800004, 19.607445619000032 ], [ 98.471840289000056, 19.658557767000048 ], [ 98.466887005000046, 19.692741631000047 ], [ 98.518795772000033, 19.712756812000066 ], [ 98.565045181000073, 19.668861413000059 ], [ 98.589000714000065, 19.714695409000058 ], [ 98.620987581000065, 19.712756812000066 ], [ 98.626249490000077, 19.728127124000025 ], [ 98.710578503000079, 19.766622141000028 ], [ 98.744780910000031, 19.742943552000042 ], [ 98.749765877000073, 19.759698577000052 ], [ 98.785214526000061, 19.759560107000027 ], [ 98.814850667000087, 19.781365450000067 ], [ 98.833932225000069, 19.812476687000071 ], [ 98.922910361000049, 19.746935682000071 ], [ 99.003592167000079, 19.781987675000039 ], [ 99.033044137000047, 19.828861938000045 ], [ 99.025784849000047, 19.897721474000036 ], [ 99.04507381500008, 19.948536493000063 ], [ 99.028066339000077, 19.970106950000059 ], [ 99.054407186000049, 20.003292269000042 ], [ 99.04445159100004, 20.039796120000062 ], [ 99.077636909000034, 20.101396367000063 ], [ 99.13073341900008, 20.104922308000027 ], [ 99.126585254000076, 20.119026068000039 ], [ 99.157489082000041, 20.132092787000033 ], [ 99.212867083000049, 20.130433522000033 ], [ 99.336482395000075, 20.06592955800005 ], [ 99.377549227000031, 20.088744465000048 ], [ 99.44018651600004, 20.088744465000048 ], [ 99.488720045000036, 20.111974188000033 ], [ 99.513444642000081, 20.146588610000038 ], [ 99.560904614000037, 20.127271484000062 ], [ 99.572913400000061, 20.119225693000033 ], [ 99.559548746000075, 20.099197665000077 ], [ 99.491584940000052, 20.079219806000026 ], [ 99.505187987000056, 20.053703366000036 ], [ 99.469609546000072, 20.034597138000038 ], [ 99.477394544000049, 20.015386554000031 ], [ 99.418582712000045, 19.952976026000044 ], [ 99.420415247000051, 19.917617698000072 ], [ 99.382477067000082, 19.891829293000058 ], [ 99.419992988000047, 19.815814514000067 ], [ 99.379887974000042, 19.809716925000032 ], [ 99.37700927800006, 19.779163657000026 ], [ 99.361525245000053, 19.777326187000028 ], [ 99.359799603000056, 19.726301044000024 ], [ 99.315139363000071, 19.708137667000074 ], [ 99.258755620000045, 19.646945992000042 ], [ 99.267683767000051, 19.610445188000028 ], [ 99.325994030000061, 19.539399118000063 ], [ 99.294511562000082, 19.495185850000041 ], [ 99.316283341000087, 19.456964787000061 ], [ 99.341596573000061, 19.270342366000023 ], [ 99.305104008000058, 19.181080165000026 ], [ 99.321107181000059, 19.124025283000037 ], [ 99.383786074000056, 19.063104292000048 ], [ 99.401803435000033, 19.000148220000028 ], [ 99.377612681000073, 18.982691449000072 ], [ 99.387478288000068, 18.87367359600006 ], [ 99.350703835000047, 18.835596625000051 ], [ 99.371307462000061, 18.753925353000056 ], [ 99.329956548000041, 18.681210907000036 ], [ 99.348299592000046, 18.656521741000063 ], [ 99.332127685000046, 18.648951272000033 ], [ 99.326884018000044, 18.619522994000022 ], [ 99.358289119000062, 18.60767921300004 ], [ 99.353454396000075, 18.579382274000068 ], [ 99.332095569000046, 18.575972860000036 ], [ 99.317337416000044, 18.532171919000064 ], [ 99.294785624000042, 18.539338881000049 ], [ 99.217507456000078, 18.592009204000078 ], [ 99.233886267000059, 18.648732203000066 ], [ 99.188748543000088, 18.67891019700005 ], [ 99.189901560000067, 18.705136209000045 ], [ 99.149045381000064, 18.707183142000076 ], [ 99.111772224000049, 18.679717317000041 ], [ 99.076202858000045, 18.681804815000078 ], [ 99.06519419600005, 18.659682958000076 ], [ 99.009342661000062, 18.671635603000027 ], [ 99.004467713000054, 18.643088576000025 ], [ 98.968773862000035, 18.620057509000048 ], [ 98.934758977000058, 18.542837550000058 ], [ 98.867691964000073, 18.515329817000065 ], [ 98.76815636300006, 18.438024574000053 ], [ 98.703331760000083, 18.434407193000027 ], [ 98.693268943000078, 18.414980611000033 ], [ 98.709528608000085, 18.413830095000037 ], [ 98.681440471000087, 18.368077339000024 ], [ 98.703589369000042, 18.332240838000075 ], [ 98.675155681000035, 18.327282703000037 ], [ 98.675130508000052, 18.312593603000039 ], [ 98.775596935000067, 18.249007770000048 ], [ 98.782733385000085, 18.17929635400003 ], [ 98.806948914000031, 18.137182740000071 ], [ 98.799841494000077, 18.090308795000055 ], [ 98.813557723000088, 18.078688968000051 ], [ 98.776908654000067, 18.000566738000032 ], [ 98.807503002000033, 18.008561161000046 ], [ 98.829696972000079, 17.991365718000054 ], [ 98.870361596000066, 17.849162153000066 ], [ 98.853825434000044, 17.848061034000068 ], [ 98.854006687000037, 17.813365003000058 ], [ 98.820237664000047, 17.797627614000078 ], [ 98.797752033000052, 17.800037304000057 ], [ 98.784626347000085, 17.832560923000074 ], [ 98.762962678000065, 17.802386154000033 ], [ 98.685375183000076, 17.790962026000045 ], [ 98.669114042000047, 17.834541379000029 ], [ 98.640137123000045, 17.814668427000072 ], [ 98.623161925000034, 17.777736374000028 ], [ 98.596623948000058, 17.803578606000031 ], [ 98.571494531000042, 17.808880507000026 ], [ 98.560473241000068, 17.795417091000047 ], [ 98.522002196000074, 17.824414039000033 ], [ 98.494531478000056, 17.815361685000028 ] ] ] } },
{ "type": "Feature", "properties": { "stable_id": "TH.ADM1.00010" }, "geometry": { "type": "Polygon", "coordinates": [ [ [ 99.920000395000045, 19.40641256400005 ], [ 99.874968307000074, 19.455241641000043 ], [ 99.786855617000072, 19.451048931000059 ], [ 99.684526529000038, 19.421316130000037 ], [ 99.688570475000063, 19.381736016000048 ], [ 99.633479569000087, 19.386261317000049 ], [ 99.56466391500004, 19.41714376300007 ], [ 99.579381061000049, 19.31990754800006 ], [ 99.549458587000061, 19.252831224000033 ], [ 99.540264578000063, 19.166080972000032 ], [ 99.559977378000042, 19.132075087000032 ], [ 99.52975198300004, 19.077331829000059 ], [ 99.485447219000037, 19.072143306000044 ], [ 99.437139374000083, 19.010782225000071 ], [ 99.400474433000056, 19.001454975000058 ], [ 99.383786074000056, 19.063104292000048 ], [ 99.321107181000059, 19.124025283000037 ], [ 99.305104008000058, 19.181080165000026 ], [ 99.341596573000061, 19.270342366000023 ], [ 99.316283341000087, 19.456964787000061 ], [ 99.294511562000082, 19.495185850000041 ], [ 99.325994030000061, 19.539399118000063 ], [ 99.267683767000051, 19.610445188000028 ], [ 99.258755620000045, 19.646945992000042 ], [ 99.315139363000071, 19.708137667000074 ], [ 99.359799603000056, 19.726301044000024 ], [ 99.361525245000053, 19.777326187000028 ], [ 99.37700927800006, 19.779163657000026 ], [ 99.379887974000042, 19.809716925000032 ], [ 99.419992988000047, 19.815814514000067 ], [ 99.382477067000082, 19.891829293000058 ], [ 99.420415247000051, 19.917617698000072 ], [ 99.418582712000045, 19.952976026000044 ], [ 99.477394544000049, 20.015386554000031 ], [ 99.469609546000072, 20.034597138000038 ], [ 99.505187987000056, 20.053703366000036 ], [ 99.491584940000052, 20.079219806000026 ], [ 99.570824745000039, 20.107805150000047 ], [ 99.570020895000084, 20.122560949000047 ], [ 99.513444642000081, 20.146588610000038 ], [ 99.536631349000061, 20.147233589000052 ], [ 99.564009236000061, 20.207589387000041 ], [ 99.522527588000059, 20.232270969000069 ], [ 99.503446030000077, 20.332863965000058 ], [ 99.455119909000075, 20.362108529000068 ], [ 99.465905138000039, 20.394256805000055 ], [ 99.605681308000044, 20.333608974000072 ], [ 99.643490845000088, 20.34437325500005 ], [ 99.681569489000083, 20.31557880400004 ], [ 99.718706258000054, 20.327957727000069 ], [ 99.731219735000082, 20.349351735000027 ], [ 99.811279075000073, 20.338452901000039 ], [ 99.870191309000063, 20.446268347000057 ], [ 99.964413421000074, 20.463857521000023 ], [ 100.003718125000034, 20.413466179000068 ], [ 100.079042122000033, 20.380346757000041 ], [ 100.09330624200004, 20.265710495000064 ], [ 100.159246462000056, 20.244877208000048 ], [ 100.17606599700008, 20.253095844000029 ], [ 100.168038491000061, 20.299922958000025 ], [ 100.222701979000078, 20.318271541000058 ], [ 100.225951207000037, 20.354968707000069 ], [ 100.257487834000074, 20.392430397000055 ], [ 100.314444894000076, 20.402751476000049 ], [ 100.356338202000074, 20.378540290000046 ], [ 100.413918, 20.25433507300005 ], [ 100.452522312000042, 20.231917356000054 ], [ 100.455745307000086, 20.197825235000039 ], [ 100.509870422000063, 20.148991115000058 ], [ 100.528159415000061, 20.143788212000061 ], [ 100.551335984000048, 20.176266941000051 ], [ 100.577091256000074, 20.168647720000024 ], [ 100.56971549900004, 20.100793143000033 ], [ 100.515765748000035, 19.938038633000076 ], [ 100.520073447000073, 19.904360254000039 ], [ 100.49814334000007, 19.86715739300007 ], [ 100.441360026000041, 19.836611886000071 ], [ 100.438618762000033, 19.79157684300003 ], [ 100.413947391000079, 19.779828571000053 ], [ 100.408120016000055, 19.735721110000043 ], [ 100.385709253000073, 19.710750810000036 ], [ 100.337971863000064, 19.709479732000034 ], [ 100.318112703000054, 19.650650317000043 ], [ 100.261116809000043, 19.648816899000053 ], [ 100.228112927000041, 19.606492110000033 ], [ 100.174497766000059, 19.610778448000076 ], [ 100.158717194000076, 19.543764110000041 ], [ 100.072437773000047, 19.544583887000044 ], [ 100.068639027000074, 19.431483172000071 ], [ 100.040714404000084, 19.444692587000077 ], [ 99.944075415000043, 19.425422153000056 ], [ 99.920000395000045, 19.40641256400005 ] ] ] } },
{ "type": "Feature", "properties": { "stable_id": "TH.ADM1.00011" }, "geometry": { "type": "MultiPolygon", "coordinates": [ [ [ [ 100.764777570000035, 12.712435936000077 ], [ 100.803159583000081, 12.717798775000063 ], [ 100.805964095000036, 12.695744540000021 ], [ 100.778502466000077, 12.671508776000053 ], [ 100.764777570000035, 12.712435936000077 ] ] ], [ [ [ 100.79912237800005, 12.72530518700006 ], [ 100.797188795000068, 12.729216965000035 ], [ 100.797432971000035, 12.729862355000023 ], [ 100.79912237800005, 12.72530518700006 ] ] ], [ [ [ 100.702689614000064, 12.792555389000029 ], [ 100.701843180000083, 12.793225222000046 ], [ 100.702434233000076, 12.793624998000041 ], [ 100.702689614000064, 12.792555389000029 ] ] ], [ [ [ 100.69822610500006, 12.802465938000068 ], [ 100.702482137000061, 12.793692989000021 ], [ 100.698175851000087, 12.797793930000068 ], [ 100.69822610500006, 12.802465938000068 ] ] ], [ [ [ 100.675944422000043, 12.876278839000065 ], [ 100.671826511000063, 12.880105005000075 ], [ 100.673744362000036, 12.884069349000072 ], [ 100.675944422000043, 12.876278839000065 ] ] ], [ [ [ 100.679369291000057, 12.899815716000035 ], [ 100.678226039000037, 12.906278151000038 ], [ 100.680817584000067, 12.899792878000028 ], [ 100.679369291000057, 12.899815716000035 ] ] ], [ [ [ 100.67691741200008, 12.909927702000061 ], [ 100.678121150000038, 12.912128838000058 ], [ 100.677643699000043, 12.90944408200005 ], [ 100.67691741200008, 12.909927702000061 ] ] ], [ [ [ 100.789897059000054, 12.93813566700004 ], [ 100.781298745000072, 12.901542640000059 ], [ 100.773025333000078, 12.89714998900007 ], [ 100.768755181000074, 12.928195465000044 ], [ 100.789897059000054, 12.93813566700004 ] ] ], [ [ [ 100.805430465000086, 12.930653347000032 ], [ 100.806048786000076, 12.925038500000028 ], [ 100.80402833800008, 12.930693613000074 ], [ 100.805430465000086, 12.930653347000032 ] ] ], [ [ [ 100.678044672000055, 12.952410132000068 ], [ 100.685560374000033, 12.927700037000022 ], [ 100.675561425000069, 12.918732701000067 ], [ 100.662512263000053, 12.946129763000044 ], [ 100.678044672000055, 12.952410132000068 ] ] ], [ [ [ 100.794634658000064, 12.946067818000074 ], [ 100.790568422000035, 12.941873050000027 ], [ 100.789224784000055, 12.945628688000056 ], [ 100.794634658000064, 12.946067818000074 ] ] ], [ [ [ 100.657948987000054, 12.95645348000005 ], [ 100.655998628000077, 12.957663087000071 ], [ 100.657757428000082, 12.957499411000072 ], [ 100.657948987000054, 12.95645348000005 ] ] ], [ [ [ 100.653968173000067, 12.960248814000067 ], [ 100.647499477000054, 12.951305999000056 ], [ 100.649228381000057, 12.964129738000054 ], [ 100.653968173000067, 12.960248814000067 ] ] ], [ [ [ 100.798460676000047, 13.188695124000049 ], [ 100.798104574000035, 13.189153807000025 ], [ 100.797831485000074, 13.189637158000039 ], [ 100.798460676000047, 13.188695124000049 ] ] ], [ [ [ 100.876541333000034, 12.610286752000036 ], [ 100.875836883000034, 12.614955559000066 ], [ 100.877082064000035, 12.610312153000052 ], [ 100.876541333000034, 12.610286752000036 ] ] ], [ [ [ 100.878427357000078, 12.618031317000032 ], [ 100.879665548000048, 12.614264297000034 ], [ 100.878055823000068, 12.617459388000043 ], [ 100.878427357000078, 12.618031317000032 ] ] ], [ [ [ 100.864040281000086, 12.640809780000041 ], [ 100.868846924000081, 12.633107640000048 ], [ 100.86786096700007, 12.628562978000048 ], [ 100.864040281000086, 12.640809780000041 ] ] ], [ [ [ 100.891347175000078, 12.647769090000054 ], [ 100.890820631000054, 12.641740257000038 ], [ 100.877782803000059, 12.645251952000024 ], [ 100.891347175000078, 12.647769090000054 ] ] ], [ [ [ 100.896711251000056, 12.644746091000059 ], [ 100.897510947000058, 12.646850113000028 ], [ 100.898034135000046, 12.647219755000037 ], [ 100.898572390000083, 12.646090184000059 ], [ 100.896711251000056, 12.644746091000059 ] ] ], [ [ [ 100.825268076000043, 12.674455677000026 ], [ 100.82147672800005, 12.677383583000051 ], [ 100.822120961000053, 12.67973216200005 ], [ 100.825268076000043, 12.674455677000026 ] ] ], [ [ [ 100.843042012000069, 12.759306135000031 ], [ 100.846396828000081, 12.763617425000064 ], [ 100.849461341000051, 12.761189909000052 ], [ 100.843042012000069, 12.759306135000031 ] ] ], [ [ [ 100.805530094000062, 13.118177455000023 ], [ 100.810572308000076, 13.113956021000035 ], [ 100.802632182000082, 13.108732247000034 ], [ 100.805530094000062, 13.118177455000023 ] ] ], [ [ [ 100.80956744000008, 13.123394757000028 ], [ 100.808750805000045, 13.123621456000023 ], [ 100.809371099000032, 13.124279103000049 ], [ 100.80956744000008, 13.123394757000028 ] ] ], [ [ [ 100.833870729000068, 13.152642099000047 ], [ 100.83426723000008, 13.151375643000051 ], [ 100.833627558000046, 13.152487392000069 ], [ 100.833870729000068, 13.152642099000047 ] ] ], [ [ [ 100.807328279000046, 13.175623031000043 ], [ 100.822411302000035, 13.141244073000053 ], [ 100.809387651000065, 13.125110997000036 ], [ 100.798303857000064, 13.163340962000063 ], [ 100.807328279000046, 13.175623031000043 ] ] ], [ [ [ 100.832508160000032, 13.16543478400007 ], [ 100.833421050000084, 13.165777215000048 ], [ 100.833382075000031, 13.165160866000065 ], [ 100.832508160000032, 13.16543478400007 ] ] ], [ [ [ 100.827185811000049, 13.169026260000066 ], [ 100.821176004000051, 13.165473063000036 ], [ 100.821226034000063, 13.172240842000065 ], [ 100.827185811000049, 13.169026260000066 ] ] ], [ [ [ 100.830041231000052, 13.175179003000039 ], [ 100.828851777000068, 13.173799582000072 ], [ 100.828713312000048, 13.174398567000026 ], [ 100.830041231000052, 13.175179003000039 ] ] ], [ [ [ 100.973959558000047, 12.520728297000062 ], [ 100.967321834000074, 12.517916096000022 ], [ 100.967207187000042, 12.52290468800004 ], [ 100.973959558000047, 12.520728297000062 ] ] ], [ [ [ 100.956986306000033, 12.52944975500003 ], [ 100.956442505000041, 12.507969826000021 ], [ 100.95259965200006, 12.530159471000047 ], [ 100.956986306000033, 12.52944975500003 ] ] ], [ [ [ 100.959618379000062, 12.53153076500007 ], [ 100.959633437000036, 12.533523302000049 ], [ 100.960677192000048, 12.531641522000029 ], [ 100.959618379000062, 12.53153076500007 ] ] ], [ [ [ 100.958216284000059, 12.534718041000076 ], [ 100.959104006000075, 12.534418942000059 ], [ 100.958821312000055, 12.534050820000061 ], [ 100.958216284000059, 12.534718041000076 ] ] ], [ [ [ 100.97090016900006, 12.552238601000056 ], [ 100.97256836400004, 12.548063151000065 ], [ 100.971225236000066, 12.54731319800004 ], [ 100.97090016900006, 12.552238601000056 ] ] ], [ [ [ 100.954113564000068, 12.586638846000028 ], [ 100.963253742000063, 12.561447310000062 ], [ 100.952763523000044, 12.549525005000021 ], [ 100.942437129000041, 12.581002381000076 ], [ 100.954113564000068, 12.586638846000028 ] ] ], [ [ [ 100.935644394000064, 12.572528013000067 ], [ 100.930819611000061, 12.573032643000033 ], [ 100.934865678000051, 12.57663128300004 ], [ 100.935644394000064, 12.572528013000067 ] ] ], [ [ [ 100.962563826000064, 12.590796234000038 ], [ 100.966218169000058, 12.580943765000029 ], [ 100.959722033000048, 12.582564435000052 ], [ 100.962563826000064, 12.590796234000038 ] ] ], [ [ [ 100.916369002000067, 12.602626684000029 ], [ 100.917680263000079, 12.604219958000044 ], [ 100.917928102000076, 12.599898206000034 ], [ 100.916369002000067, 12.602626684000029 ] ] ], [ [ [ 100.918343310000068, 12.617561072000058 ], [ 100.918005065000045, 12.616032709000024 ], [ 100.917511967000053, 12.615837274000057 ], [ 100.918343310000068, 12.617561072000058 ] ] ], [ [ [ 100.903851533000079, 12.625085689000059 ], [ 100.899109216000056, 12.623436618000028 ], [ 100.900651922000065, 12.627419845000077 ], [ 100.903851533000079, 12.625085689000059 ] ] ], [ [ [ 100.99118579800006, 12.72670783500007 ], [ 100.992257850000044, 12.656245697000031 ], [ 100.968095843000071, 12.644305820000056 ], [ 100.963311794000049, 12.594927171000052 ], [ 100.92476363600008, 12.606619336000051 ], [ 100.913948094000034, 12.628221766000024 ], [ 100.930461903000037, 12.645848465000029 ], [ 100.917918322000048, 12.658433301000059 ], [ 100.849861975000067, 12.649836450000066 ], [ 100.861745864000056, 12.667343969000058 ], [ 100.840784711000083, 12.675700548000066 ], [ 100.857437236000067, 12.693713360000061 ], [ 100.83766838400004, 12.697454485000037 ], [ 100.839777106000042, 12.751609404000021 ], [ 100.893289851000077, 12.766037520000054 ], [ 100.913389929000061, 12.806876530000068 ], [ 100.898330762000057, 12.856103336000047 ], [ 100.855808158000059, 12.910101854000061 ], [ 100.883144956000081, 12.938011396000036 ], [ 100.883066474000032, 12.970771009000032 ], [ 100.908421908000037, 12.976084362000051 ], [ 100.928009836000058, 13.009579547000044 ], [ 100.914751329000069, 13.045064391000039 ], [ 100.892887930000086, 13.038916340000071 ], [ 100.906637533000037, 13.051811120000025 ], [ 100.884563404000062, 13.059981786000037 ], [ 100.896400691000053, 13.070923508000021 ], [ 100.882451449000087, 13.063550216000067 ], [ 100.884443977000046, 13.078833349000035 ], [ 100.87187016200005, 13.077083664000043 ], [ 100.936425291000035, 13.20284590600005 ], [ 100.927834752000081, 13.258026823000023 ], [ 100.89751534800007, 13.302439332000063 ], [ 100.926064440000061, 13.34130940600005 ], [ 100.969211312000084, 13.352080856000043 ], [ 100.982013219000066, 13.370988862000047 ], [ 100.96301593000004, 13.460827564000056 ], [ 100.974052036000046, 13.473375905000069 ], [ 101.008504306000077, 13.460414069000024 ], [ 101.039263750000032, 13.480281733000027 ], [ 101.048752810000053, 13.508688751000022 ], [ 101.071833253000079, 13.509999422000021 ], [ 101.044089573000065, 13.559017160000053 ], [ 101.096065502000044, 13.555232647000025 ], [ 101.144449762000079, 13.588351623000051 ], [ 101.266451473000075, 13.567603101000032 ], [ 101.360774665000065, 13.464700740000069 ], [ 101.405449335000071, 13.471961925000073 ], [ 101.402318617000049, 13.450318323000033 ], [ 101.466669370000034, 13.426367503000051 ], [ 101.48993617900004, 13.444633272000033 ], [ 101.501907550000055, 13.410319475000051 ], [ 101.531058701000063, 13.426441478000072 ], [ 101.563914469000053, 13.333310106000056 ], [ 101.663525200000038, 13.274155775000054 ], [ 101.711130951000086, 13.206454399000052 ], [ 101.715700969000068, 13.163917596000033 ], [ 101.693005295000034, 13.146403731000078 ], [ 101.636114339000073, 13.16006404500007 ], [ 101.582351001000063, 13.128889335000054 ], [ 101.559360174000062, 13.076944738000066 ], [ 101.468920014000048, 13.051813245000062 ], [ 101.470628472000044, 13.026255129000049 ], [ 101.436669364000068, 13.051333566000039 ], [ 101.394091599000035, 13.024810699000057 ], [ 101.326086032000035, 13.084121641000024 ], [ 101.290242572000068, 13.058530650000023 ], [ 101.179013840000039, 13.083806114000026 ], [ 101.172198859000048, 13.05838596500007 ], [ 101.194947352000042, 13.046235098000068 ], [ 101.179856961000041, 13.027384170000062 ], [ 101.135180284000057, 13.016526121000027 ], [ 101.118439076000072, 13.033102786000029 ], [ 101.092020570000045, 13.028046668000059 ], [ 101.082793738000078, 13.004156126000055 ], [ 101.103449277000038, 12.972567336000054 ], [ 101.063544942000078, 12.835059742000055 ], [ 101.017268963000049, 12.79736904300006 ], [ 101.014676018000046, 12.758383544000026 ], [ 100.99118579800006, 12.72670783500007 ] ] ], [ [ [ 100.919859292000069, 13.174625024000022 ], [ 100.919968047000054, 13.173108348000028 ], [ 100.919167818000062, 13.173826160000033 ], [ 100.919859292000069, 13.174625024000022 ] ] ] ] } },
{ "type": "Feature", "properties": { "stable_id": "TH.ADM1.00012" }, "geometry": { "type": "MultiPolygon", "coordinates": [ [ [ [ 99.191192996000041, 10.052489396000055 ], [ 99.183489922000035, 10.049743944000056 ], [ 99.188242853000077, 10.057983615000069 ], [ 99.191192996000041, 10.052489396000055 ] ] ], [ [ [ 99.184640427000033, 10.07225115500006 ], [ 99.185596964000069, 10.069695524000053 ], [ 99.183175334000055, 10.069707058000063 ], [ 99.184640427000033, 10.07225115500006 ] ] ], [ [ [ 99.215504868000039, 10.117794233000041 ], [ 99.215966901000058, 10.117738552000048 ], [ 99.215652275000082, 10.117280866000044 ], [ 99.215504868000039, 10.117794233000041 ] ] ], [ [ [ 99.165402657000072, 10.131109146000028 ], [ 99.165233089000083, 10.130070379000074 ], [ 99.164929341000061, 10.131220054000039 ], [ 99.165402657000072, 10.131109146000028 ] ] ], [ [ [ 99.163791533000051, 10.132037482000044 ], [ 99.162098535000041, 10.131945545000065 ], [ 99.162431057000049, 10.13339108100007 ], [ 99.163791533000051, 10.132037482000044 ] ] ], [ [ [ 99.177313693000087, 10.146408963000056 ], [ 99.179868261000081, 10.141598158000022 ], [ 99.176310423000075, 10.140524271000061 ], [ 99.177313693000087, 10.146408963000056 ] ] ], [ [ [ 99.203265311000052, 10.151172841000061 ], [ 99.203836382000077, 10.148853726000027 ], [ 99.202561746000072, 10.150617062000038 ], [ 99.203265311000052, 10.151172841000061 ] ] ], [ [ [ 99.21712645000008, 10.155497410000066 ], [ 99.218839732000049, 10.153278131000036 ], [ 99.217450364000058, 10.152703578000057 ], [ 99.21712645000008, 10.155497410000066 ] ] ], [ [ [ 99.176881539000078, 10.164289893000046 ], [ 99.176053172000081, 10.164449026000057 ], [ 99.176197261000084, 10.164839787000062 ], [ 99.176881539000078, 10.164289893000046 ] ] ], [ [ [ 99.221487265000064, 10.19662876600006 ], [ 99.22071939500006, 10.196893831000068 ], [ 99.221514489000072, 10.197168033000025 ], [ 99.221487265000064, 10.19662876600006 ] ] ], [ [ [ 99.233304864000047, 10.221284271000059 ], [ 99.233813683000051, 10.221017156000073 ], [ 99.23321327900004, 10.221061616000043 ], [ 99.233304864000047, 10.221284271000059 ] ] ], [ [ [ 99.225098855000056, 10.247003005000067 ], [ 99.224182174000077, 10.249264928000059 ], [ 99.22522685000007, 10.249305927000023 ], [ 99.225098855000056, 10.247003005000067 ] ] ], [ [ [ 99.227760950000061, 10.255932855000026 ], [ 99.226031023000075, 10.256074392000073 ], [ 99.227704685000049, 10.257195860000024 ], [ 99.227760950000061, 10.255932855000026 ] ] ], [ [ [ 99.233491271000048, 10.272840295000037 ], [ 99.23546843400004, 10.271077379000076 ], [ 99.232970809000051, 10.269453069000065 ], [ 99.233491271000048, 10.272840295000037 ] ] ], [ [ [ 99.139044065000064, 9.824363637000033 ], [ 99.156094745000075, 9.695788477000065 ], [ 99.088939630000084, 9.705967955000062 ], [ 99.039239156000065, 9.685422558000027 ], [ 99.01080128600006, 9.698831990000031 ], [ 98.982049224000036, 9.672374107000053 ], [ 98.940530495000075, 9.681909361000066 ], [ 98.910274572000048, 9.722987224000065 ], [ 98.872489692000045, 9.731182713000067 ], [ 98.843920196000056, 9.703289254000026 ], [ 98.770321292000062, 9.687353638000047 ], [ 98.767451926000035, 9.628662212000052 ], [ 98.739636077000057, 9.600876690000064 ], [ 98.718642012000032, 9.628909425000074 ], [ 98.650475785000083, 9.660481331000028 ], [ 98.659637343000043, 9.684021327000039 ], [ 98.639376568000046, 9.713562482000043 ], [ 98.633904643000051, 9.788290941000071 ], [ 98.718191286000035, 9.863751316000048 ], [ 98.720509170000071, 9.893608038000025 ], [ 98.761785069000041, 9.937469616000044 ], [ 98.780944848000047, 9.950373272000036 ], [ 98.815700283000069, 9.937416874000064 ], [ 98.832255595000049, 9.979844318000062 ], [ 98.906294242000058, 10.033091030000037 ], [ 98.891666966000059, 10.06424755300003 ], [ 98.835408934000043, 10.066109102000041 ], [ 98.865811182000073, 10.103822448000074 ], [ 98.869572739000034, 10.150246736000042 ], [ 98.889026581000053, 10.161392337000052 ], [ 98.871540755000069, 10.185473270000045 ], [ 98.909206009000059, 10.266931665000072 ], [ 98.903199931000074, 10.294649829000036 ], [ 98.943422942000041, 10.351878396000075 ], [ 98.937126889000069, 10.383918848000064 ], [ 98.894298028000037, 10.415824203000057 ], [ 98.88606475000006, 10.460164668000061 ], [ 98.962601089000032, 10.539589496000076 ], [ 98.942375094000056, 10.566506637000032 ], [ 98.964171974000067, 10.602565229000049 ], [ 98.94518223700004, 10.611822579000034 ], [ 98.950843137000049, 10.636965630000077 ], [ 98.92716194500008, 10.650999925000065 ], [ 98.924848099000087, 10.678139719000058 ], [ 98.907649996000032, 10.692493497000044 ], [ 98.893961195000031, 10.681806795000057 ], [ 98.914344649000043, 10.747740672000077 ], [ 98.894542563000073, 10.756902241000034 ], [ 98.885909291000075, 10.781821069000046 ], [ 98.926556258000062, 10.821987496000077 ], [ 98.961970447000056, 10.814619443000026 ], [ 99.011257592000049, 10.856651121000027 ], [ 98.998497976000067, 10.912568262000036 ], [ 99.020014192000076, 10.96685917800005 ], [ 99.06842567700005, 10.946593905000043 ], [ 99.104327734000037, 11.013894626000024 ], [ 99.129596778000064, 11.030657259000066 ], [ 99.153814251000085, 11.033784616000048 ], [ 99.150259360000064, 11.014182531000074 ], [ 99.278796162000049, 10.96055803400003 ], [ 99.346334433000038, 10.974676962000046 ], [ 99.406346191000068, 10.955107836000025 ], [ 99.469146427000055, 10.993357229000026 ], [ 99.502560462000076, 10.991796295000029 ], [ 99.489466947000039, 10.94864358500007 ], [ 99.519412271000078, 10.898690418000058 ], [ 99.509629014000041, 10.872701666000069 ], [ 99.505643633000034, 10.872193434000053 ], [ 99.504849652000075, 10.865730519000067 ], [ 99.497047168000051, 10.861315101000059 ], [ 99.484482434000086, 10.888748681000038 ], [ 99.441302055000051, 10.871703987000046 ], [ 99.413013822000039, 10.762509003000048 ], [ 99.359140182000033, 10.690896869000028 ], [ 99.36545364300008, 10.671063436000054 ], [ 99.347845383000049, 10.683358457000054 ], [ 99.320510904000059, 10.671072525000056 ], [ 99.28142375300007, 10.601905081000041 ], [ 99.273705316000076, 10.542606195000076 ], [ 99.238573187000043, 10.535121726000057 ], [ 99.243467402000078, 10.50797029000006 ], [ 99.267479562000062, 10.515267939000069 ], [ 99.232334279000042, 10.496132789000058 ], [ 99.228608263000069, 10.471463304000054 ], [ 99.283881092000058, 10.411609303000034 ], [ 99.284196056000042, 10.363679077000029 ], [ 99.27242786000005, 10.353095664000023 ], [ 99.252715967000086, 10.362397594000072 ], [ 99.238817754000081, 10.343874978000031 ], [ 99.195027846000073, 10.373932710000076 ], [ 99.163361382000062, 10.36490430200007 ], [ 99.146144566000032, 10.349021269000048 ], [ 99.164662460000045, 10.278832530000045 ], [ 99.206181384000047, 10.270866323000064 ], [ 99.221075774000042, 10.226703300000054 ], [ 99.247257578000074, 10.234607742000037 ], [ 99.241810610000073, 10.226003122000066 ], [ 99.229301411000051, 10.219659863000061 ], [ 99.226553224000043, 10.214253607000046 ], [ 99.192475074000072, 10.212834599000075 ], [ 99.148869956000055, 10.127135095000028 ], [ 99.152327229000036, 10.069424709000032 ], [ 99.182523039000046, 10.03678293400003 ], [ 99.176356782000084, 10.007671118000076 ], [ 99.161746233000088, 10.012079252000035 ], [ 99.151507086000038, 9.994251389000055 ], [ 99.165521616000035, 9.859923082000023 ], [ 99.139044065000064, 9.824363637000033 ] ] ], [ [ [ 99.164681258000087, 10.358617971000058 ], [ 99.163122854000051, 10.360989368000048 ], [ 99.164352100000087, 10.362235007000038 ], [ 99.164681258000087, 10.358617971000058 ] ] ], [ [ [ 99.24950091900007, 10.200975905000064 ], [ 99.248002972000052, 10.200965745000076 ], [ 99.249050444000034, 10.202145232000021 ], [ 99.24950091900007, 10.200975905000064 ] ] ], [ [ [ 99.248668471000087, 10.207129279000071 ], [ 99.250196661000075, 10.20815933800003 ], [ 99.249674847000051, 10.206481883000038 ], [ 99.248668471000087, 10.207129279000071 ] ] ], [ [ [ 99.249723986000049, 10.24776361000005 ], [ 99.248825809000039, 10.246076080000023 ], [ 99.248469857000032, 10.24747829000006 ], [ 99.249723986000049, 10.24776361000005 ] ] ], [ [ [ 99.256861422000043, 10.248594560000072 ], [ 99.254900507000059, 10.259236022000039 ], [ 99.260680975000071, 10.25908787700007 ], [ 99.256861422000043, 10.248594560000072 ] ] ], [ [ [ 99.241159830000072, 10.290878603000067 ], [ 99.242158654000036, 10.290522163000048 ], [ 99.242064912000046, 10.290311821000046 ], [ 99.241159830000072, 10.290878603000067 ] ] ], [ [ [ 99.248462355000072, 10.295959900000071 ], [ 99.244495727000071, 10.29632416000004 ], [ 99.244274674000053, 10.296866192000039 ], [ 99.248462355000072, 10.295959900000071 ] ] ], [ [ [ 99.299549674000048, 10.321050114000059 ], [ 99.301087940000059, 10.317607536000025 ], [ 99.299390943000049, 10.317075235000061 ], [ 99.299549674000048, 10.321050114000059 ] ] ], [ [ [ 99.279521561000081, 10.322565522000048 ], [ 99.283570491000035, 10.328695735000053 ], [ 99.280281113000058, 10.320445524000036 ], [ 99.279521561000081, 10.322565522000048 ] ] ], [ [ [ 99.293941096000083, 10.347973695000064 ], [ 99.295319927000037, 10.349740058000066 ], [ 99.294375335000041, 10.347534419000056 ], [ 99.293941096000083, 10.347973695000064 ] ] ], [ [ [ 99.309201860000087, 10.363994972000057 ], [ 99.310411633000058, 10.362579276000076 ], [ 99.307810099000051, 10.360980902000051 ], [ 99.309201860000087, 10.363994972000057 ] ] ], [ [ [ 99.319842711000035, 10.374713338000049 ], [ 99.323651760000075, 10.377029113000049 ], [ 99.321438650000061, 10.372999821000064 ], [ 99.319842711000035, 10.374713338000049 ] ] ], [ [ [ 99.327850217000048, 10.381344833000071 ], [ 99.327483591000032, 10.380104753000069 ], [ 99.327247331000081, 10.380105026000024 ], [ 99.327850217000048, 10.381344833000071 ] ] ], [ [ [ 99.293189860000041, 10.38819843400006 ], [ 99.293730137000068, 10.392869013000052 ], [ 99.293903819000036, 10.387563182000065 ], [ 99.293189860000041, 10.38819843400006 ] ] ], [ [ [ 99.312886712000079, 10.42391808900004 ], [ 99.317587349000064, 10.425800638000055 ], [ 99.312815562000083, 10.423637534000022 ], [ 99.312886712000079, 10.42391808900004 ] ] ], [ [ [ 99.298117312000045, 10.452718848000075 ], [ 99.297114112000031, 10.433675857000026 ], [ 99.287469070000043, 10.436416405000045 ], [ 99.298117312000045, 10.452718848000075 ] ] ], [ [ [ 99.253232132000051, 10.448998834000065 ], [ 99.254273874000035, 10.447423593000053 ], [ 99.252980321000052, 10.446823720000054 ], [ 99.253232132000051, 10.448998834000065 ] ] ], [ [ [ 99.339419699000075, 10.390579829000046 ], [ 99.351409224000065, 10.395625156000051 ], [ 99.341351266000061, 10.389837742000054 ], [ 99.339419699000075, 10.390579829000046 ] ] ], [ [ [ 99.358616883000082, 10.464637224000057 ], [ 99.359157789000051, 10.467692422000027 ], [ 99.359972937000066, 10.464867484000024 ], [ 99.358616883000082, 10.464637224000057 ] ] ], [ [ [ 99.369574602000057, 10.476681747000043 ], [ 99.369098353000084, 10.47769299600003 ], [ 99.369597141000042, 10.47788913200003 ], [ 99.369574602000057, 10.476681747000043 ] ] ], [ [ [ 99.417626068000061, 10.487439164000023 ], [ 99.418153353000037, 10.485821840000028 ], [ 99.417443017000039, 10.485519786000054 ], [ 99.417626068000061, 10.487439164000023 ] ] ], [ [ [ 99.422281489000056, 10.498014630000057 ], [ 99.419822756000087, 10.496421591000058 ], [ 99.421981329000062, 10.498646974000053 ], [ 99.422281489000056, 10.498014630000057 ] ] ], [ [ [ 99.424374642000032, 10.505022148000023 ], [ 99.424524863000045, 10.506701885000041 ], [ 99.425349126000071, 10.506346971000028 ], [ 99.424374642000032, 10.505022148000023 ] ] ], [ [ [ 99.378962146000049, 10.556739791000041 ], [ 99.379403858000046, 10.555923017000055 ], [ 99.375943589000087, 10.554908565000062 ], [ 99.378962146000049, 10.556739791000041 ] ] ], [ [ [ 99.410702221000065, 10.699422645000027 ], [ 99.408964887000081, 10.703496075000032 ], [ 99.411139221000042, 10.704077708000057 ], [ 99.410702221000065, 10.699422645000027 ] ] ], [ [ [ 99.530071659000043, 10.781050711000034 ], [ 99.529421207000041, 10.782116750000057 ], [ 99.530224635000081, 10.781590805000064 ], [ 99.530071659000043, 10.781050711000034 ] ] ], [ [ [ 99.537702717000059, 10.799241603000041 ], [ 99.538496601000077, 10.800095996000039 ], [ 99.538581906000047, 10.799521564000031 ], [ 99.537702717000059, 10.799241603000041 ] ] ], [ [ [ 99.492861626000035, 10.822078581000028 ], [ 99.490576653000062, 10.821936374000074 ], [ 99.49194314600004, 10.824379453000063 ], [ 99.492861626000035, 10.822078581000028 ] ] ], [ [ [ 99.496995882000078, 10.839300983000044 ], [ 99.49787058000004, 10.839042232000054 ], [ 99.49746480500005, 10.838166833000059 ], [ 99.496995882000078, 10.839300983000044 ] ] ], [ [ [ 99.486321384000064, 10.860354488000041 ], [ 99.477508321000073, 10.838980587000037 ], [ 99.470220366000035, 10.836353280000026 ], [ 99.486321384000064, 10.860354488000041 ] ] ], [ [ [ 99.486499142000071, 10.861104839000063 ], [ 99.486111338000057, 10.861267161000058 ], [ 99.486389986000063, 10.861830828000052 ], [ 99.486499142000071, 10.861104839000063 ] ] ], [ [ [ 99.489796926000054, 10.863899777000029 ], [ 99.489152145000048, 10.865498529000035 ], [ 99.489907284000083, 10.865218908000031 ], [ 99.489796926000054, 10.863899777000029 ] ] ] ] } },
{ "type": "Feature", "properties": { "stable_id": "TH.ADM1.00013" }, "geometry": { "type": "Polygon", "coordinates": [ [ [ 103.703645465000079, 16.370670958000062 ], [ 103.75607659800005, 16.300114285000063 ], [ 103.727089661000036, 16.222446784000056 ], [ 103.664856096000051, 16.221502273000056 ], [ 103.669811688000038, 16.197524246000057 ], [ 103.640002266000067, 16.188461448000055 ], [ 103.617362354000079, 16.217578847000027 ], [ 103.599949339000034, 16.213834510000027 ], [ 103.617976499000065, 16.201811607000025 ], [ 103.590724357000056, 16.194691571000021 ], [ 103.539900991000081, 16.222460839000064 ], [ 103.522056813000063, 16.197056699000029 ], [ 103.478344094000079, 16.206117558000074 ], [ 103.453308811000056, 16.181673239000077 ], [ 103.447041139000078, 16.227649022000037 ], [ 103.40677562500008, 16.253725441000029 ], [ 103.407776685000044, 16.294762899000034 ], [ 103.35343375900004, 16.308822425000074 ], [ 103.343406751000032, 16.360348466000062 ], [ 103.307145945000059, 16.365668922000054 ], [ 103.28380037800008, 16.39564921300007 ], [ 103.260019760000034, 16.376247005000039 ], [ 103.17542241700005, 16.363430399000038 ], [ 103.16376103500005, 16.389265958000067 ], [ 103.184597372000042, 16.448101847000032 ], [ 103.162996636000059, 16.494588761000045 ], [ 103.187060816000042, 16.551598700000056 ], [ 103.17007850300007, 16.606269013000031 ], [ 103.19607856500005, 16.630893884000045 ], [ 103.152398669000036, 16.643603950000056 ], [ 103.158771330000036, 16.676805203000072 ], [ 103.14510808600005, 16.701410376000069 ], [ 103.158785607000084, 16.732402782000065 ], [ 103.145875501000035, 16.753490681000073 ], [ 103.179510942000036, 16.786195870000029 ], [ 103.181828983000059, 16.82545093300007 ], [ 103.175072341000032, 16.863453023000034 ], [ 103.134588869000083, 16.872319293000032 ], [ 103.136179788000049, 16.829607607000071 ], [ 103.122294816000078, 16.818241300000068 ], [ 103.104625190000036, 16.828918180000073 ], [ 103.124177472000042, 16.892086848000076 ], [ 103.098049444000083, 16.927285626000071 ], [ 103.117391816000065, 16.962160188000041 ], [ 103.187106664000055, 16.948549662000062 ], [ 103.221338934000073, 16.966890204000038 ], [ 103.289255870000034, 16.924404804000062 ], [ 103.348509833000037, 16.921453252000049 ], [ 103.404443108000066, 16.882812681000075 ], [ 103.421625296000059, 16.803074037000044 ], [ 103.490727639000056, 16.908455417000027 ], [ 103.494693780000034, 16.969063700000049 ], [ 103.519245086000069, 17.000913182000033 ], [ 103.511260354000058, 17.043497282000033 ], [ 103.580073579000043, 17.101937532000022 ], [ 103.621041699000045, 17.090923530000055 ], [ 103.652617294000038, 17.046243300000071 ], [ 103.649632414000052, 17.021613324000043 ], [ 103.694684412000072, 17.033878120000054 ], [ 103.72897942600008, 17.006781685000021 ], [ 103.72089866400006, 16.98089765800006 ], [ 103.739872025000068, 16.986303946000078 ], [ 103.739999440000076, 16.971270779000065 ], [ 103.783392520000064, 16.958604726000033 ], [ 103.790886777000082, 16.891493509000043 ], [ 103.937632999000073, 16.772700167000039 ], [ 103.950298455000052, 16.776065194000068 ], [ 103.95618945800004, 16.819007477000071 ], [ 103.969492071000047, 16.811578595000071 ], [ 104.022814027000038, 16.855939136000075 ], [ 104.068931393000071, 16.837856223000074 ], [ 104.113949088000084, 16.766768719000027 ], [ 104.135530618000075, 16.771215383000026 ], [ 104.13110501500006, 16.738953991000074 ], [ 104.153962985000078, 16.698578761000022 ], [ 104.170312101000036, 16.697198440000022 ], [ 104.161964565000062, 16.679318372000068 ], [ 104.199090794000085, 16.660023318000071 ], [ 104.178285772000038, 16.637398758000074 ], [ 104.17708392600008, 16.597859693000032 ], [ 104.205134322000049, 16.584138512000038 ], [ 104.222534956000061, 16.528900371000077 ], [ 104.240415317000043, 16.518312522000031 ], [ 104.225006437000047, 16.469373879000045 ], [ 104.237857923000035, 16.428572174000067 ], [ 104.187658019000082, 16.430927379000025 ], [ 104.17055666400006, 16.44602403600004 ], [ 104.045471325000051, 16.390880409000033 ], [ 104.029146696000055, 16.443517154000062 ], [ 103.928757291000068, 16.434391072000039 ], [ 103.86753582700004, 16.470477525000035 ], [ 103.826462951000053, 16.47076706200005 ], [ 103.733440591000033, 16.408841689000042 ], [ 103.703645465000079, 16.370670958000062 ] ] ] } },
{ "type": "Feature", "properties": { "stable_id": "TH.ADM1.00014" }, "geometry": { "type": "Polygon", "coordinates": [ [ [ 100.047090313000069, 16.210263626000028 ], [ 99.934919882000088, 16.055968007000047 ], [ 99.844855004000067, 16.021946626000044 ], [ 99.84745410000005, 15.981828608000058 ], [ 99.807196274000034, 15.944103906000066 ], [ 99.80498229300008, 15.920601438000062 ], [ 99.768980219000071, 15.920887269000048 ], [ 99.743196796000063, 15.858173581000074 ], [ 99.697824123000032, 15.877363652000042 ], [ 99.662862946000075, 15.856933415000071 ], [ 99.656010648000063, 15.880261587000064 ], [ 99.629805001000079, 15.879349851000029 ], [ 99.537702916000057, 15.924929869000039 ], [ 99.483474450000074, 15.922291749000067 ], [ 99.467053647000057, 15.900966206000078 ], [ 99.358051554000042, 15.925979109000025 ], [ 99.335232289000032, 15.913150060000078 ], [ 99.321549362000042, 15.926505272000043 ], [ 99.28958411900004, 15.891602358000057 ], [ 99.210505908000073, 15.948069641000075 ], [ 99.086120969000035, 15.884496026000022 ], [ 99.096972375000064, 15.93042704100003 ], [ 99.074492666000083, 15.953725404000068 ], [ 99.084055635000084, 16.025694885000064 ], [ 99.116190480000057, 16.075461774000075 ], [ 99.106544020000058, 16.102199421000023 ], [ 99.050110349000079, 16.137902989000054 ], [ 99.081184, 16.208745941000075 ], [ 99.047818606000078, 16.263889057000029 ], [ 99.051359551000075, 16.332732778000036 ], [ 99.036746787000084, 16.383181308000076 ], [ 99.016365347000033, 16.386659396000027 ], [ 99.019851763000077, 16.416952819000073 ], [ 99.075466255000038, 16.467246208000063 ], [ 99.165568501000052, 16.502874096000028 ], [ 99.188938969000048, 16.53564829100003 ], [ 99.239914186000078, 16.536101772000052 ], [ 99.255960462000075, 16.567556324000066 ], [ 99.247106786000074, 16.660467471000061 ], [ 99.27195456700008, 16.668724720000057 ], [ 99.302053658000034, 16.742205591000072 ], [ 99.291843846000063, 16.785026470000048 ], [ 99.32791059200008, 16.812743205000061 ], [ 99.38493365800008, 16.80773797300003 ], [ 99.38456031700008, 16.867149737000034 ], [ 99.421096306000038, 16.881370434000075 ], [ 99.447317860000055, 16.869971387000078 ], [ 99.488834819000033, 16.910158795000029 ], [ 99.535144590000073, 16.827622168000062 ], [ 99.544834055000081, 16.862440768000056 ], [ 99.571085120000077, 16.858711750000055 ], [ 99.579646960000048, 16.807227308000051 ], [ 99.640888313000062, 16.745380384000043 ], [ 99.694086041000048, 16.73087023100004 ], [ 99.695986933000086, 16.716813686000023 ], [ 99.744947679000063, 16.744090219000043 ], [ 99.765445707000083, 16.683277464000071 ], [ 99.799289772000066, 16.690536368000039 ], [ 99.813598769000066, 16.719409604000077 ], [ 99.845382316000041, 16.715393912000025 ], [ 99.853410180000083, 16.735271930000067 ], [ 99.895553393000057, 16.705645565000054 ], [ 99.891228577000049, 16.667011400000035 ], [ 99.925239376000036, 16.578939697000067 ], [ 100.011170862000085, 16.581498228000044 ], [ 100.010622264000062, 16.521207314000037 ], [ 100.034662429000036, 16.502250434000075 ], [ 99.998915186000033, 16.454396488000043 ], [ 99.983691862000057, 16.379109003000053 ], [ 100.021285043000034, 16.312874919000024 ], [ 100.024408157000039, 16.245462755000062 ], [ 100.047090313000069, 16.210263626000028 ] ] ] } },
{ "type": "Feature", "properties": { "stable_id": "TH.ADM1.00015" }, "geometry": { "type": "Polygon", "coordinates": [ [ [ 99.470069679000062, 13.802009587000043 ], [ 99.45313953200008, 13.778867494000053 ], [ 99.379495665000036, 13.755892611000036 ], [ 99.309343897000076, 13.775019612000051 ], [ 99.265652645000046, 13.743406841000024 ], [ 99.143367974000057, 13.74277687600005 ], [ 99.098822992000066, 13.840813114000071 ], [ 99.105159935000074, 13.893745226000021 ], [ 99.076643692000061, 13.892813323000041 ], [ 99.059123908000061, 13.929530316000069 ], [ 99.019424823000065, 13.946118196000043 ], [ 98.997991045000049, 14.021975132000023 ], [ 98.969102040000053, 14.036885588000075 ], [ 98.958478342000035, 14.098950352000031 ], [ 98.895854434000057, 14.111251477000053 ], [ 98.866965429000061, 14.147595709000029 ], [ 98.734635147000063, 14.234449106000056 ], [ 98.716183460000082, 14.278807707000055 ], [ 98.684685125000044, 14.272284383000056 ], [ 98.59317221200007, 14.329503251000062 ], [ 98.595222400000068, 14.371811665000052 ], [ 98.56055559400005, 14.386162978000073 ], [ 98.551678071000083, 14.432905214000073 ], [ 98.524460220000037, 14.454225864000023 ], [ 98.491798798000048, 14.541020568000022 ], [ 98.460800690000042, 14.532704003000049 ], [ 98.458532535000074, 14.577613457000041 ], [ 98.436002203000044, 14.612694243000021 ], [ 98.378239874000087, 14.655789175000052 ], [ 98.362362794000035, 14.692079643000056 ], [ 98.317150918000038, 14.719146284000033 ], [ 98.278138664000039, 14.798985315000039 ], [ 98.253491388000043, 14.81319908200004 ], [ 98.245174822000081, 14.83134431700006 ], [ 98.259539799000038, 14.859015799000076 ], [ 98.232473158000062, 14.881999763000067 ], [ 98.250315972000067, 14.915870866000034 ], [ 98.228541691000032, 14.944903241000077 ], [ 98.232473158000062, 14.966677523000044 ], [ 98.207372251000038, 14.983461864000049 ], [ 98.212059769000064, 15.019752333000042 ], [ 98.235043733000055, 15.040770562000034 ], [ 98.18317860500008, 15.099137733000077 ], [ 98.189378227000077, 15.148583496000072 ], [ 98.212362190000078, 15.176254978000031 ], [ 98.197392372000081, 15.234017308000034 ], [ 98.21523518500004, 15.239460878000045 ], [ 98.227483219000078, 15.222071695000068 ], [ 98.236102205000066, 15.237797565000051 ], [ 98.261807953000073, 15.237495144000036 ], [ 98.281314080000072, 15.271215038000037 ], [ 98.304298044000063, 15.277717080000059 ], [ 98.298098422000066, 15.313251497000067 ], [ 98.373703565000085, 15.283614281000041 ], [ 98.40409683200005, 15.251708911000037 ], [ 98.417403338000042, 15.278473132000045 ], [ 98.394419374000051, 15.301759516000061 ], [ 98.414530342000035, 15.325045901000067 ], [ 98.405911356000047, 15.352263751000066 ], [ 98.488774592000084, 15.386286065000036 ], [ 98.539581248000047, 15.366779939000025 ], [ 98.562716422000051, 15.334269727000049 ], [ 98.582373759000063, 15.373584401000073 ], [ 98.589027012000088, 15.455389166000032 ], [ 98.552887754000039, 15.601458302000026 ], [ 98.559947779000083, 15.65289137700006 ], [ 98.583705320000035, 15.660356595000053 ], [ 98.62552891100006, 15.626549371000067 ], [ 98.647838431000082, 15.633407543000033 ], [ 98.722818741000083, 15.515984692000075 ], [ 98.702524835000077, 15.501657679000061 ], [ 98.757748900000081, 15.473277396000071 ], [ 98.755261042000086, 15.440315435000059 ], [ 98.830565233000073, 15.350188480000043 ], [ 98.871213743000055, 15.324271920000058 ], [ 98.886261264000041, 15.275066768000045 ], [ 98.923331664000045, 15.246671719000062 ], [ 98.955557653000085, 15.246997434000036 ], [ 98.965825504000065, 15.202764352000031 ], [ 99.004303232000041, 15.148779352000076 ], [ 98.997956574000057, 15.108017510000025 ], [ 99.011873824000077, 15.086810472000025 ], [ 98.999661252000067, 15.071000168000069 ], [ 99.07801575700006, 15.038561862000051 ], [ 99.142086948000042, 15.05172357400005 ], [ 99.135826330000043, 15.037009861000058 ], [ 99.162043138000058, 15.01528915800003 ], [ 99.193272402000048, 15.025713999000061 ], [ 99.25627443500008, 14.987564860000077 ], [ 99.282802075000063, 14.997616249000032 ], [ 99.32501374800006, 14.941626950000057 ], [ 99.324472774000071, 14.899437178000028 ], [ 99.287231308000059, 14.86466185200004 ], [ 99.292123770000046, 14.833342335000054 ], [ 99.345739709000043, 14.782454711000071 ], [ 99.380732849000083, 14.764811153000039 ], [ 99.433447490000049, 14.776140659000077 ], [ 99.442440891000047, 14.733966917000032 ], [ 99.49412248200008, 14.70495687500005 ], [ 99.566800108000052, 14.709441408000032 ], [ 99.57257609800007, 14.783197526000038 ], [ 99.632852307000064, 14.801245208000068 ], [ 99.658930851000036, 14.802522316000022 ], [ 99.721974582000087, 14.749358685000061 ], [ 99.789443004000077, 14.736016902000074 ], [ 99.794386136000071, 14.68112097900007 ], [ 99.821766854000032, 14.63907468900004 ], [ 99.800215665000053, 14.623378512000045 ], [ 99.793770563000066, 14.551216108000062 ], [ 99.808996665000052, 14.53780458500006 ], [ 99.833100552000076, 14.481644496000058 ], [ 99.822980832000042, 14.483747019000077 ], [ 99.814781521000043, 14.439902602000075 ], [ 99.82575263800004, 14.366420771000037 ], [ 99.806694766000078, 14.325989174000028 ], [ 99.793698164000034, 14.325868473000071 ], [ 99.833565541000041, 14.272161401000062 ], [ 99.796626427000035, 14.21881710200006 ], [ 99.802113759000065, 14.190564860000052 ], [ 99.769426073000034, 14.103511500000025 ], [ 99.848984514000051, 14.05140558100004 ], [ 99.83001949800007, 13.997893485000077 ], [ 99.875861053000051, 13.961235181000063 ], [ 99.875191839000081, 13.945733238000059 ], [ 99.820339220000051, 13.864614532000076 ], [ 99.804813436000074, 13.807725318000053 ], [ 99.666273568000065, 13.846297271000026 ], [ 99.631920015000048, 13.807133028000067 ], [ 99.547115311000084, 13.759332908000033 ], [ 99.503446956000062, 13.769372394000072 ], [ 99.470069679000062, 13.802009587000043 ] ] ] } },
{ "type": "Feature", "properties": { "stable_id": "TH.ADM1.00016" }, "geometry": { "type": "Polygon", "coordinates": [ [ [ 102.44912221900006, 15.715982284000063 ], [ 102.420694669000056, 15.695051545000069 ], [ 102.404813226000044, 15.700321398000028 ], [ 102.378548255000055, 15.731151531000023 ], [ 102.360676929000078, 15.730951860000062 ], [ 102.358436155000049, 15.768295973000022 ], [ 102.327444617000083, 15.798731482000051 ], [ 102.321316913000032, 15.866429829000026 ], [ 102.353361613000061, 15.90084683200007 ], [ 102.366544991000069, 15.964961144000029 ], [ 102.385204132000069, 15.985892602000035 ], [ 102.343312648000051, 16.035069287000056 ], [ 102.299481424000078, 16.044026885000051 ], [ 102.279912979000073, 16.072024037000062 ], [ 102.41783427200005, 16.253120702000047 ], [ 102.410818336000034, 16.271246159000043 ], [ 102.458867689000044, 16.39468781100004 ], [ 102.415670270000078, 16.423948883000037 ], [ 102.400711581000053, 16.46645409000007 ], [ 102.399117727000032, 16.447302757000045 ], [ 102.372964921000062, 16.436119917000042 ], [ 102.362981037000054, 16.451735416000076 ], [ 102.296243893000053, 16.446271745000047 ], [ 102.255330553000078, 16.461070560000053 ], [ 102.205269845000032, 16.503294327000049 ], [ 102.067323439000063, 16.494557591000046 ], [ 102.037809379000066, 16.512739181000029 ], [ 102.018704654000032, 16.558161703000053 ], [ 101.989365827000086, 16.566448550000075 ], [ 101.954910168000083, 16.630265958000052 ], [ 101.905845495000051, 16.628974547000041 ], [ 101.838031449000084, 16.656832732000055 ], [ 101.775218369000072, 16.629944895000051 ], [ 101.778921224000044, 16.645631740000056 ], [ 101.751390208000032, 16.654430018000028 ], [ 101.750816568000062, 16.667821305000075 ], [ 101.791200209000067, 16.728867254000022 ], [ 101.796813296000039, 16.768787630000077 ], [ 101.866556745000082, 16.792958017000046 ], [ 101.945669040000041, 16.839042543000062 ], [ 101.945446723000032, 16.851859576000038 ], [ 101.997392129000048, 16.843649073000051 ], [ 102.009271123000076, 16.869661235000024 ], [ 102.045004493000079, 16.861811913000054 ], [ 102.068518288000064, 16.889519123000071 ], [ 102.097918980000088, 16.885370745000046 ], [ 102.103281079000055, 16.897076002000063 ], [ 102.188731485000062, 16.85768408000007 ], [ 102.276570077000088, 16.89400759800003 ], [ 102.323376713000073, 16.86706091700006 ], [ 102.317412971000067, 16.854617739000048 ], [ 102.343229179000048, 16.818086587000039 ], [ 102.350080952000042, 16.830965061000029 ], [ 102.374911790000056, 16.811359823000032 ], [ 102.401428482000085, 16.817753089000064 ], [ 102.433578969000052, 16.783376568000051 ], [ 102.459365478000052, 16.808541688000048 ], [ 102.608953364000058, 16.772506025000041 ], [ 102.619237590000068, 16.82888553500004 ], [ 102.677205451000077, 16.955633889000069 ], [ 102.680482931000086, 17.051520131000075 ], [ 102.709704622000061, 17.087009188000025 ], [ 102.724172606000081, 17.049416136000048 ], [ 102.788183647000039, 17.014289532000078 ], [ 102.820748783000056, 16.973495987000035 ], [ 102.804428220000034, 16.954356649000033 ], [ 102.819393921000085, 16.93936369100004 ], [ 102.809241838000048, 16.908998926000038 ], [ 102.82397304400007, 16.86267859000003 ], [ 102.85992880200007, 16.883579395000027 ], [ 102.910966898000083, 16.841105747000029 ], [ 102.941206505000082, 16.836313923000034 ], [ 103.099128348000079, 16.912783082000033 ], [ 103.124177472000042, 16.892086848000076 ], [ 103.101815582000086, 16.839685759000076 ], [ 103.111613082000076, 16.821218497000075 ], [ 103.137519087000044, 16.831618949000074 ], [ 103.134051710000051, 16.872230933000026 ], [ 103.175072341000032, 16.863453023000034 ], [ 103.179510942000036, 16.786195870000029 ], [ 103.145875501000035, 16.753490681000073 ], [ 103.158785607000084, 16.732402782000065 ], [ 103.14510808600005, 16.701410376000069 ], [ 103.158771330000036, 16.676805203000072 ], [ 103.153878001000066, 16.615319428000078 ], [ 103.120407345000046, 16.592269675000068 ], [ 103.085239306000062, 16.515732631000049 ], [ 103.04104963900005, 16.490708993000055 ], [ 103.032410181000046, 16.501031253000065 ], [ 103.017586664000078, 16.47346015200003 ], [ 102.957298154000057, 16.449987738000061 ], [ 102.946162383000058, 16.403737447000026 ], [ 102.956108760000063, 16.398156391000043 ], [ 102.921374251000032, 16.37800827600006 ], [ 102.894644731000085, 16.316382508000061 ], [ 102.845397525000067, 16.270921890000068 ], [ 102.845088301000033, 16.175157831000035 ], [ 102.857197868000071, 16.15857089900004 ], [ 102.843187927000088, 16.14565570600007 ], [ 102.868486800000085, 16.119679234000046 ], [ 102.848259437000081, 16.072381629000063 ], [ 102.859041568000066, 16.038956825000071 ], [ 102.893865906000087, 16.025385404000076 ], [ 102.884402957000077, 16.014227457000061 ], [ 102.906868479000082, 15.986867580000023 ], [ 102.890598540000042, 15.933872296000061 ], [ 102.92435292600004, 15.879785880000043 ], [ 102.931535845000042, 15.80556292700004 ], [ 102.877795227000036, 15.77057777300007 ], [ 102.868858513000077, 15.686683599000048 ], [ 102.882976113000041, 15.666777495000076 ], [ 102.851484892000087, 15.636537773000043 ], [ 102.782200873000079, 15.632713393000074 ], [ 102.746917522000047, 15.668963574000031 ], [ 102.717390481000052, 15.665964978000034 ], [ 102.681487033000053, 15.727195822000056 ], [ 102.647469470000033, 15.714944694000053 ], [ 102.609854843000051, 15.727833729000054 ], [ 102.557996011000057, 15.704450583000039 ], [ 102.512548348000053, 15.728309014000047 ], [ 102.44912221900006, 15.715982284000063 ] ] ] } },
{ "type": "Feature", "properties": { "stable_id": "TH.ADM1.00017" }, "geometry": { "type": "MultiPolygon", "coordinates": [ [ [ [ 98.67568736700008, 8.049628347000066 ], [ 98.67671494800004, 8.04866696800002 ], [ 98.676399276000041, 8.048325581000029 ], [ 98.67568736700008, 8.049628347000066 ] ] ], [ [ [ 98.675208148000081, 8.082924643000069 ], [ 98.683198926000046, 8.079888244000074 ], [ 98.677473238000061, 8.073133830000074 ], [ 98.675208148000081, 8.082924643000069 ] ] ], [ [ [ 98.686074921000056, 8.088790226000071 ], [ 98.686700621000057, 8.090293646000021 ], [ 98.688197117000072, 8.088283938000075 ], [ 98.686074921000056, 8.088790226000071 ] ] ], [ [ [ 98.679931564000071, 8.098319924000066 ], [ 98.680615404000037, 8.097829571000034 ], [ 98.679797842000085, 8.097162211000068 ], [ 98.679931564000071, 8.098319924000066 ] ] ], [ [ [ 98.690211588000068, 8.103119015000061 ], [ 98.691670271000078, 8.098715058000039 ], [ 98.688619500000073, 8.098772563000068 ], [ 98.690211588000068, 8.103119015000061 ] ] ], [ [ [ 98.682745070000067, 8.105344779000063 ], [ 98.682298091000064, 8.101118169000074 ], [ 98.681834905000073, 8.101034519000052 ], [ 98.682745070000067, 8.105344779000063 ] ] ], [ [ [ 98.707793953000078, 8.108444277000046 ], [ 98.707730664000053, 8.104238621000036 ], [ 98.704409450000071, 8.107001409000077 ], [ 98.707793953000078, 8.108444277000046 ] ] ], [ [ [ 98.687577978000036, 8.108219567000049 ], [ 98.689086024000062, 8.104800934000025 ], [ 98.686857176000046, 8.105277643000022 ], [ 98.687577978000036, 8.108219567000049 ] ] ], [ [ [ 98.708841229000086, 8.111564044000033 ], [ 98.706529572000079, 8.113931459000071 ], [ 98.709693119000065, 8.113661973000035 ], [ 98.708841229000086, 8.111564044000033 ] ] ], [ [ [ 98.662256896000088, 8.116164377000075 ], [ 98.660517470000059, 8.115311126000051 ], [ 98.660658337000086, 8.11669215400002 ], [ 98.662256896000088, 8.116164377000075 ] ] ], [ [ [ 98.661506995000082, 8.118412894000073 ], [ 98.661526570000035, 8.119296787000053 ], [ 98.661970607000057, 8.118629188000057 ], [ 98.661506995000082, 8.118412894000073 ] ] ], [ [ [ 98.674213187000078, 8.118545815000061 ], [ 98.680411488000061, 8.119821836000028 ], [ 98.676372145000073, 8.116086267000071 ], [ 98.674213187000078, 8.118545815000061 ] ] ], [ [ [ 98.670743251000033, 8.125715359000026 ], [ 98.671713686000032, 8.122046465000039 ], [ 98.667993167000077, 8.122696525000038 ], [ 98.670743251000033, 8.125715359000026 ] ] ], [ [ [ 98.668623611000044, 8.126986688000045 ], [ 98.669768012000077, 8.127374556000063 ], [ 98.669355288000077, 8.126414418000024 ], [ 98.668623611000044, 8.126986688000045 ] ] ], [ [ [ 98.686834224000052, 8.128420639000069 ], [ 98.683810807000043, 8.129203858000039 ], [ 98.687048655000069, 8.130705310000053 ], [ 98.686834224000052, 8.128420639000069 ] ] ], [ [ [ 98.716789627000082, 8.146099535000076 ], [ 98.716716162000068, 8.142439442000068 ], [ 98.715934901000082, 8.142493176000073 ], [ 98.716789627000082, 8.146099535000076 ] ] ], [ [ [ 98.723519628000076, 8.181560062000074 ], [ 98.722489748000044, 8.183213533000071 ], [ 98.72384616100004, 8.182794988000069 ], [ 98.723519628000076, 8.181560062000074 ] ] ], [ [ [ 98.691004317000079, 8.20375770000004 ], [ 98.691672381000046, 8.205746494000039 ], [ 98.692261920000078, 8.205060634000063 ], [ 98.691004317000079, 8.20375770000004 ] ] ], [ [ [ 98.692627925000068, 8.207621884000048 ], [ 98.689943494000033, 8.208907091000071 ], [ 98.691431899000065, 8.21001573500007 ], [ 98.692627925000068, 8.207621884000048 ] ] ], [ [ [ 98.688971654000056, 8.212311936000049 ], [ 98.687116546000084, 8.210983662000046 ], [ 98.688274890000059, 8.213697621000051 ], [ 98.688971654000056, 8.212311936000049 ] ] ], [ [ [ 98.695398776000047, 8.215875995000033 ], [ 98.695039650000069, 8.215900141000077 ], [ 98.695328300000085, 8.216061724000042 ], [ 98.695398776000047, 8.215875995000033 ] ] ], [ [ [ 98.725556638000057, 8.219202822000057 ], [ 98.724658426000076, 8.214816921000022 ], [ 98.723563851000051, 8.218965828000023 ], [ 98.725556638000057, 8.219202822000057 ] ] ], [ [ [ 98.634659185000032, 8.23069012600007 ], [ 98.635254747000033, 8.231422688000066 ], [ 98.635587481000073, 8.230247555000062 ], [ 98.634659185000032, 8.23069012600007 ] ] ], [ [ [ 98.635694829000045, 8.23189532400005 ], [ 98.635283873000049, 8.231862338000042 ], [ 98.635509115000048, 8.232166907000021 ], [ 98.635694829000045, 8.23189532400005 ] ] ], [ [ [ 98.703947262000042, 8.233030230000054 ], [ 98.704170945000044, 8.232807732000026 ], [ 98.70388874300005, 8.232715015000053 ], [ 98.703947262000042, 8.233030230000054 ] ] ], [ [ [ 98.613220325000043, 8.234866938000039 ], [ 98.61247536500008, 8.234289981000074 ], [ 98.612712280000039, 8.235197250000056 ], [ 98.613220325000043, 8.234866938000039 ] ] ], [ [ [ 98.709360305000075, 8.236509086000069 ], [ 98.707899478000058, 8.238297158000023 ], [ 98.709968512000046, 8.238439438000057 ], [ 98.709360305000075, 8.236509086000069 ] ] ], [ [ [ 98.636020219000045, 8.246668607000061 ], [ 98.64386333200008, 8.243823127000041 ], [ 98.643672864000052, 8.23078083300004 ], [ 98.641880436000065, 8.231453265000027 ], [ 98.640658333000033, 8.238832418000072 ], [ 98.639019780000069, 8.242960009000058 ], [ 98.636020219000045, 8.246668607000061 ] ] ], [ [ [ 98.638807298000074, 8.242170335000026 ], [ 98.638704301000075, 8.242528916000026 ], [ 98.638898850000032, 8.242361069000026 ], [ 98.638807298000074, 8.242170335000026 ] ] ], [ [ [ 98.611597689000064, 8.244734378000032 ], [ 98.614112678000083, 8.243518107000057 ], [ 98.614124042000071, 8.241235725000024 ], [ 98.611597689000064, 8.244734378000032 ] ] ], [ [ [ 98.706782572000066, 8.242110861000072 ], [ 98.703421991000084, 8.246241134000059 ], [ 98.704281608000088, 8.247148781000021 ], [ 98.706782572000066, 8.242110861000072 ] ] ], [ [ [ 98.642116207000072, 8.245853949000036 ], [ 98.641782246000048, 8.246820907000028 ], [ 98.64263615200008, 8.246249139000042 ], [ 98.642116207000072, 8.245853949000036 ] ] ], [ [ [ 98.636955043000057, 8.247961081000028 ], [ 98.637338275000047, 8.248968005000052 ], [ 98.637711205000073, 8.248055220000026 ], [ 98.636955043000057, 8.247961081000028 ] ] ], [ [ [ 98.641005755000037, 8.250014833000023 ], [ 98.641500290000067, 8.249065370000039 ], [ 98.640682053000035, 8.249474148000047 ], [ 98.641005755000037, 8.250014833000023 ] ] ], [ [ [ 98.63807306800004, 8.25209004900006 ], [ 98.638688651000052, 8.252380509000034 ], [ 98.638189123000075, 8.251785663000021 ], [ 98.63807306800004, 8.25209004900006 ] ] ], [ [ [ 98.621616259000064, 8.288505025000063 ], [ 98.627902690000042, 8.266735600000061 ], [ 98.634549459000084, 8.269649036000033 ], [ 98.640731918000085, 8.250466631000052 ], [ 98.638029559000074, 8.256005661000074 ], [ 98.623657495000032, 8.261636943000042 ], [ 98.621616259000064, 8.288505025000063 ] ] ], [ [ [ 98.633339979000084, 8.274966364000022 ], [ 98.634421564000036, 8.274320059000047 ], [ 98.63358325300004, 8.274173130000065 ], [ 98.633339979000084, 8.274966364000022 ] ] ], [ [ [ 98.629895525000052, 8.278531628000053 ], [ 98.629124944000068, 8.278767321000032 ], [ 98.629753759000039, 8.278917326000055 ], [ 98.629895525000052, 8.278531628000053 ] ] ], [ [ [ 98.61717802000004, 8.291766020000068 ], [ 98.61786598100008, 8.293502657000033 ], [ 98.618916669000043, 8.291110763000063 ], [ 98.61717802000004, 8.291766020000068 ] ] ], [ [ [ 98.76649199700006, 7.655428371000028 ], [ 98.765437587000065, 7.653900380000039 ], [ 98.764777696000067, 7.655956859000071 ], [ 98.76649199700006, 7.655428371000028 ] ] ], [ [ [ 98.76747045500008, 7.657230250000055 ], [ 98.767160492000073, 7.65863790800006 ], [ 98.768132595000054, 7.658385507000048 ], [ 98.76747045500008, 7.657230250000055 ] ] ], [ [ [ 98.766746617000081, 7.673623488000032 ], [ 98.767097199000034, 7.672701319000055 ], [ 98.766181428000039, 7.673023202000024 ], [ 98.766746617000081, 7.673623488000032 ] ] ], [ [ [ 98.771453154000085, 7.682564239000044 ], [ 98.761439375000066, 7.676197162000051 ], [ 98.76496164100007, 7.700208721000024 ], [ 98.771453154000085, 7.682564239000044 ] ] ], [ [ [ 98.788592831000074, 7.724958699000069 ], [ 98.768387894000057, 7.737658828000065 ], [ 98.767447159000085, 7.717752145000077 ], [ 98.75639607100004, 7.731293262000065 ], [ 98.769120197000063, 7.747900419000075 ], [ 98.755484566000064, 7.788192717000072 ], [ 98.788592831000074, 7.724958699000069 ] ] ], [ [ [ 98.758136243000081, 7.762287813000057 ], [ 98.75878447000008, 7.762080888000071 ], [ 98.758653326000058, 7.761881707000043 ], [ 98.758136243000081, 7.762287813000057 ] ] ], [ [ [ 98.779269222000039, 7.789377518000038 ], [ 98.779033508000055, 7.788648088000059 ], [ 98.778938682000046, 7.78897990300004 ], [ 98.779269222000039, 7.789377518000038 ] ] ], [ [ [ 98.779859181000063, 7.790757860000042 ], [ 98.779685993000044, 7.791323692000049 ], [ 98.780251381000085, 7.790903340000057 ], [ 98.779859181000063, 7.790757860000042 ] ] ], [ [ [ 98.78152308600005, 7.791030640000031 ], [ 98.781563844000061, 7.791733402000034 ], [ 98.781960557000048, 7.791337872000042 ], [ 98.78152308600005, 7.791030640000031 ] ] ], [ [ [ 98.777852243000041, 7.791686238000068 ], [ 98.778788702000043, 7.791738747000068 ], [ 98.77881317300006, 7.791554434000034 ], [ 98.777852243000041, 7.791686238000068 ] ] ], [ [ [ 98.78121828500008, 7.792934573000025 ], [ 98.780736992000072, 7.792372966000073 ], [ 98.780775626000036, 7.793305814000064 ], [ 98.78121828500008, 7.792934573000025 ] ] ], [ [ [ 98.798788146000049, 7.811337687000048 ], [ 98.788837330000035, 7.820111676000067 ], [ 98.794527797000057, 7.821971038000072 ], [ 98.798788146000049, 7.811337687000048 ] ] ], [ [ [ 98.775570789000085, 7.820001 ], [ 98.76991692100006, 7.811900631000071 ], [ 98.774820593000072, 7.821488424000052 ], [ 98.775570789000085, 7.820001 ] ] ], [ [ [ 98.777619512000058, 7.946216100000072 ], [ 98.777374922000035, 7.947384579000072 ], [ 98.778457893000052, 7.947331769000073 ], [ 98.777619512000058, 7.946216100000072 ] ] ], [ [ [ 98.798500277000073, 7.948057522000056 ], [ 98.79667326200007, 7.948685866000062 ], [ 98.797728171000074, 7.949455447000048 ], [ 98.798500277000073, 7.948057522000056 ] ] ], [ [ [ 98.77832668700006, 7.947892277000051 ], [ 98.779953195000076, 7.949539280000067 ], [ 98.778558934000046, 7.947539444000029 ], [ 98.77832668700006, 7.947892277000051 ] ] ], [ [ [ 98.792479009000033, 7.951101462000054 ], [ 98.792564259000073, 7.949933163000026 ], [ 98.791984968000065, 7.949959530000058 ], [ 98.792479009000033, 7.951101462000054 ] ] ], [ [ [ 98.789545084000054, 7.955679320000058 ], [ 98.789973195000073, 7.954903262000073 ], [ 98.789415671000086, 7.954954395000073 ], [ 98.789545084000054, 7.955679320000058 ] ] ], [ [ [ 98.788609134000069, 7.955927320000058 ], [ 98.787617197000031, 7.95550399800004 ], [ 98.787659145000077, 7.956491945000039 ], [ 98.788609134000069, 7.955927320000058 ] ] ], [ [ [ 98.781778642000063, 8.033681485000045 ], [ 98.782462328000065, 8.031167182000047 ], [ 98.780693626000073, 8.031262937000065 ], [ 98.781778642000063, 8.033681485000045 ] ] ], [ [ [ 98.781962524000051, 8.037742449000064 ], [ 98.782934797000053, 8.037598795000065 ], [ 98.782666818000052, 8.036011169000062 ], [ 98.781962524000051, 8.037742449000064 ] ] ], [ [ [ 98.797710350000045, 8.040821485000038 ], [ 98.79812727400008, 8.039631037000049 ], [ 98.797469204000038, 8.039791259000026 ], [ 98.797710350000045, 8.040821485000038 ] ] ], [ [ [ 98.795709630000033, 8.04169054700003 ], [ 98.796019210000054, 8.040258707000021 ], [ 98.795643612000049, 8.039897247000056 ], [ 98.795709630000033, 8.04169054700003 ] ] ], [ [ [ 98.797333941000034, 8.04209275900007 ], [ 98.797064896000052, 8.042989241000043 ], [ 98.797507703000065, 8.043403858000033 ], [ 98.797333941000034, 8.04209275900007 ] ] ], [ [ [ 98.793413394000083, 8.043174555000064 ], [ 98.793856042000073, 8.043843570000035 ], [ 98.793842789000053, 8.043148209000037 ], [ 98.793413394000083, 8.043174555000064 ] ] ], [ [ [ 98.748068468000042, 8.054129400000022 ], [ 98.74781461200007, 8.052258510000058 ], [ 98.746800648000033, 8.05284187500007 ], [ 98.748068468000042, 8.054129400000022 ] ] ], [ [ [ 98.735393397000053, 8.174322602000075 ], [ 98.735452231000068, 8.177362581000068 ], [ 98.736555211000052, 8.177189464000037 ], [ 98.735393397000053, 8.174322602000075 ] ] ], [ [ [ 98.729498815000056, 8.179710403000058 ], [ 98.729103513000041, 8.17942157300007 ], [ 98.729019307000044, 8.179607690000068 ], [ 98.729498815000056, 8.179710403000058 ] ] ], [ [ [ 98.731623590000083, 8.182892338000045 ], [ 98.729916907000074, 8.184905923000031 ], [ 98.732126050000034, 8.183602212000039 ], [ 98.731623590000083, 8.182892338000045 ] ] ], [ [ [ 98.727547924000078, 8.189727301000062 ], [ 98.726341425000044, 8.191221803000076 ], [ 98.726941269000065, 8.191609785000026 ], [ 98.727547924000078, 8.189727301000062 ] ] ], [ [ [ 98.725486754000087, 8.195886638000047 ], [ 98.72608026000006, 8.19481713700003 ], [ 98.725908825000033, 8.194732328000043 ], [ 98.725486754000087, 8.195886638000047 ] ] ], [ [ [ 98.727712560000043, 8.196191782000028 ], [ 98.727277593000053, 8.196587864000037 ], [ 98.727427857000066, 8.196714642000074 ], [ 98.727712560000043, 8.196191782000028 ] ] ], [ [ [ 98.728850394000062, 8.212707458000068 ], [ 98.731056913000032, 8.210677310000051 ], [ 98.729820539000059, 8.208257240000023 ], [ 98.728850394000062, 8.212707458000068 ] ] ], [ [ [ 98.733470702000034, 8.218386471000031 ], [ 98.728228176000073, 8.216671476000045 ], [ 98.728955168000084, 8.221179888000052 ], [ 98.733470702000034, 8.218386471000031 ] ] ], [ [ [ 98.726720056000033, 8.218648896000047 ], [ 98.72719833900004, 8.218484697000065 ], [ 98.726751358000058, 8.21833437600003 ], [ 98.726720056000033, 8.218648896000047 ] ] ], [ [ [ 98.729923433000067, 8.225671414000033 ], [ 98.730031413000063, 8.22667950400006 ], [ 98.730224424000085, 8.225705001000051 ], [ 98.729923433000067, 8.225671414000033 ] ] ], [ [ [ 98.729411851000066, 8.227753784000072 ], [ 98.729779652000047, 8.228045726000062 ], [ 98.729813338000042, 8.227729160000024 ], [ 98.729411851000066, 8.227753784000072 ] ] ], [ [ [ 98.733003379000081, 8.229849060000049 ], [ 98.733403046000035, 8.230085029000065 ], [ 98.733366379000074, 8.229738481000027 ], [ 98.733003379000081, 8.229849060000049 ] ] ], [ [ [ 98.731032789000039, 8.230747760000042 ], [ 98.731084180000039, 8.231522281000025 ], [ 98.731558385000085, 8.230977043000053 ], [ 98.731032789000039, 8.230747760000042 ] ] ], [ [ [ 99.087093389000074, 7.545182598000054 ], [ 99.086754517000031, 7.54467160400003 ], [ 99.086588705000054, 7.54495746200007 ], [ 99.087093389000074, 7.545182598000054 ] ] ], [ [ [ 99.040160757000081, 7.684788939000043 ], [ 99.110275180000087, 7.685950502000026 ], [ 99.130466392000073, 7.649141151000038 ], [ 99.120319016000053, 7.587714277000032 ], [ 99.091188704000047, 7.603048313000045 ], [ 99.076226056000053, 7.58018945200007 ], [ 99.080447236000055, 7.549282161000065 ], [ 99.110361252000075, 7.49658223800003 ], [ 99.098220358000049, 7.467276578000053 ], [ 99.035153698000045, 7.564073239000038 ], [ 99.017901264000045, 7.650948712000059 ], [ 99.035984340000084, 7.651278601000058 ], [ 99.040160757000081, 7.684788939000043 ] ] ], [ [ [ 98.865751267000064, 7.61645698500007 ], [ 98.86360359300005, 7.612257004000071 ], [ 98.862668990000031, 7.616621018000046 ], [ 98.865751267000064, 7.61645698500007 ] ] ], [ [ [ 98.983002742000053, 7.777281489000075 ], [ 98.982303450000074, 7.775418967000064 ], [ 98.982369778000077, 7.778463828000042 ], [ 98.983002742000053, 7.777281489000075 ] ] ], [ [ [ 99.025960186000077, 7.794834814000069 ], [ 99.023927595000032, 7.792080454000029 ], [ 99.023963999000046, 7.795428043000072 ], [ 99.025960186000077, 7.794834814000069 ] ] ], [ [ [ 98.993211320000057, 7.801395374000037 ], [ 98.998529544000064, 7.796320827000045 ], [ 98.996975744000054, 7.791697902000067 ], [ 98.993211320000057, 7.801395374000037 ] ] ], [ [ [ 98.991897661000053, 7.80847531400002 ], [ 98.989095944000042, 7.805875142000048 ], [ 98.988090392000061, 7.80877885700005 ], [ 98.991897661000053, 7.80847531400002 ] ] ], [ [ [ 98.974775090000037, 7.850148070000046 ], [ 98.983600350000074, 7.803313904000049 ], [ 98.992650550000064, 7.795541825000043 ], [ 98.987318610000045, 7.782296442000074 ], [ 98.935266701000046, 7.837811252000051 ], [ 98.950410962000035, 7.857114458000069 ], [ 98.974775090000037, 7.850148070000046 ] ] ], [ [ [ 99.018359602000032, 7.829110464000053 ], [ 99.021499990000052, 7.825462572000049 ], [ 99.018592795000075, 7.825012696000044 ], [ 99.018359602000032, 7.829110464000053 ] ] ], [ [ [ 99.017138999000053, 7.827451633000067 ], [ 99.016353763000041, 7.828408950000039 ], [ 99.017430647000083, 7.828925630000072 ], [ 99.017138999000053, 7.827451633000067 ] ] ], [ [ [ 98.994037950000063, 7.818619449000039 ], [ 98.982151704000046, 7.831214177000049 ], [ 98.991527928000039, 7.843198253000025 ], [ 98.994037950000063, 7.818619449000039 ] ] ], [ [ [ 99.022515097000053, 7.831625450000047 ], [ 99.015721036000059, 7.834346897000046 ], [ 99.021220896000045, 7.835699529000067 ], [ 99.022515097000053, 7.831625450000047 ] ] ], [ [ [ 99.029783666000071, 7.835730615000045 ], [ 99.030226943000059, 7.83594208300002 ], [ 99.03031229700008, 7.835209861000067 ], [ 99.029783666000071, 7.835730615000045 ] ] ], [ [ [ 98.984122580000076, 7.848503913000059 ], [ 98.982663541000079, 7.843731030000072 ], [ 98.980351856000084, 7.846975626000074 ], [ 98.984122580000076, 7.848503913000059 ] ] ], [ [ [ 99.051535136000041, 7.853253152000036 ], [ 99.054228814000055, 7.857061872000031 ], [ 99.060172689000069, 7.853432561000034 ], [ 99.051535136000041, 7.853253152000036 ] ] ], [ [ [ 99.042384887000082, 7.857930445000022 ], [ 99.040914649000058, 7.858128505000025 ], [ 99.041937248000067, 7.859006405000059 ], [ 99.042384887000082, 7.857930445000022 ] ] ], [ [ [ 99.024019249000048, 7.878778576000059 ], [ 99.039748114000076, 7.85985289000007 ], [ 99.01547882300008, 7.836274656000057 ], [ 99.002675475000046, 7.87435286300007 ], [ 99.024019249000048, 7.878778576000059 ] ] ], [ [ [ 99.043966998000087, 7.86618330400006 ], [ 99.046777573000043, 7.870280724000054 ], [ 99.049377965000076, 7.868756189000067 ], [ 99.043966998000087, 7.86618330400006 ] ] ], [ [ [ 99.051041690000034, 7.875478422000072 ], [ 99.051330033000056, 7.87518698100007 ], [ 99.051126487000033, 7.875075521000042 ], [ 99.051041690000034, 7.875478422000072 ] ] ], [ [ [ 99.041549880000048, 7.876769191000051 ], [ 99.04695575900007, 7.879655442000058 ], [ 99.048231003000069, 7.876834614000074 ], [ 99.041549880000048, 7.876769191000051 ] ] ], [ [ [ 99.049524057000042, 7.881381182000041 ], [ 99.05058944700005, 7.88140751100002 ], [ 99.05141377700005, 7.880818541000053 ], [ 99.050327668000079, 7.880715549000058 ], [ 99.049524057000042, 7.881381182000041 ] ] ], [ [ [ 98.946337174000064, 7.882758378000062 ], [ 98.949292333000074, 7.882758746000036 ], [ 98.948152669000081, 7.88086979600007 ], [ 98.946337174000064, 7.882758378000062 ] ] ], [ [ [ 99.014717368000049, 7.886619549000045 ], [ 99.016845151000041, 7.885490342000026 ], [ 99.014211164000073, 7.885881099000073 ], [ 99.014717368000049, 7.886619549000045 ] ] ], [ [ [ 99.054645708000066, 7.883718162000037 ], [ 99.044250985000076, 7.882913834000021 ], [ 99.056938896000077, 7.894472070000063 ], [ 99.054645708000066, 7.883718162000037 ] ] ], [ [ [ 98.993049563000056, 7.920565660000022 ], [ 99.001133873000072, 7.897850446000064 ], [ 98.990499395000086, 7.849985809000032 ], [ 98.967380389000084, 7.923105975000055 ], [ 98.993049563000056, 7.920565660000022 ] ] ], [ [ [ 99.004366762000075, 7.904094778000058 ], [ 98.996309910000036, 7.924861354000029 ], [ 99.012131031000081, 7.902853096000058 ], [ 99.004366762000075, 7.904094778000058 ] ] ], [ [ [ 98.802915573000064, 7.925691605000054 ], [ 98.803544997000074, 7.926572798000052 ], [ 98.803815844000042, 7.926073073000055 ], [ 98.802915573000064, 7.925691605000054 ] ] ], [ [ [ 98.805601118000084, 7.930791858000021 ], [ 98.804487230000063, 7.928865433000055 ], [ 98.804735185000084, 7.931032181000035 ], [ 98.805601118000084, 7.930791858000021 ] ] ], [ [ [ 98.811180295000042, 7.948198287000025 ], [ 98.810444878000055, 7.949464801000033 ], [ 98.811492488000056, 7.949113149000027 ], [ 98.811180295000042, 7.948198287000025 ] ] ], [ [ [ 98.810707980000075, 7.956441392000045 ], [ 98.802947302000064, 7.953563591000034 ], [ 98.809581707000063, 7.95813509900006 ], [ 98.810707980000075, 7.956441392000045 ] ] ], [ [ [ 98.81075611600005, 7.959991149000075 ], [ 98.812533918000042, 7.961106112000039 ], [ 98.81046060400007, 7.95928811400006 ], [ 98.81075611600005, 7.959991149000075 ] ] ], [ [ [ 98.810515976000033, 7.961278553000056 ], [ 98.809588241000085, 7.960679130000074 ], [ 98.809158980000063, 7.961150456000041 ], [ 98.810515976000033, 7.961278553000056 ] ] ], [ [ [ 98.812328181000055, 7.970222259000025 ], [ 98.804663581000057, 7.971665467000037 ], [ 98.812536013000056, 7.974919664000026 ], [ 98.812328181000055, 7.970222259000025 ] ] ], [ [ [ 98.807893698000044, 7.978406076000056 ], [ 98.80961491000005, 7.976589929000056 ], [ 98.807614786000045, 7.97774922900004 ], [ 98.807893698000044, 7.978406076000056 ] ] ], [ [ [ 98.821895734000066, 7.992925787000047 ], [ 98.821930403000067, 7.99446249500005 ], [ 98.822623957000076, 7.994313085000044 ], [ 98.821895734000066, 7.992925787000047 ] ] ], [ [ [ 98.834251950000066, 8.004240690000074 ], [ 98.834921846000043, 8.003528176000032 ], [ 98.834341462000054, 8.003299603000073 ], [ 98.834251950000066, 8.004240690000074 ] ] ], [ [ [ 98.836599965000062, 8.00462820100006 ], [ 98.835472727000081, 8.004914677000045 ], [ 98.83637251600004, 8.005259339000077 ], [ 98.836599965000062, 8.00462820100006 ] ] ], [ [ [ 98.907566074000044, 8.029823614000065 ], [ 98.905536837000056, 8.030044228000065 ], [ 98.90717105300007, 8.031412762000059 ], [ 98.907566074000044, 8.029823614000065 ] ] ], [ [ [ 98.72362294800007, 8.24497681400004 ], [ 98.708423017000086, 8.222897596000053 ], [ 98.719808518000036, 8.258732649000024 ], [ 98.710454512000069, 8.316762511000036 ], [ 98.647887810000043, 8.272325930000022 ], [ 98.624197541000058, 8.295379155000035 ], [ 98.635431505000042, 8.375372567000056 ], [ 98.66240474600005, 8.384786450000036 ], [ 98.644126822000032, 8.410761247000039 ], [ 98.665984587000082, 8.433642046000045 ], [ 98.650430806000031, 8.479822377000062 ], [ 98.70770856200005, 8.597092094000061 ], [ 98.703438107000068, 8.631978692000075 ], [ 98.722759346000032, 8.630359793000025 ], [ 98.748285732000056, 8.675020683000071 ], [ 98.793301537000048, 8.651098372000035 ], [ 98.839128517000063, 8.677130457000032 ], [ 98.887976454000068, 8.681336976000068 ], [ 98.938901633000057, 8.57130991300005 ], [ 98.947979536000048, 8.422682130000055 ], [ 99.039672378000034, 8.362670084000058 ], [ 99.205026228000065, 8.36604924300002 ], [ 99.209647225000083, 8.33598537000006 ], [ 99.256847772000071, 8.302698514000042 ], [ 99.295811764000064, 8.314606257000037 ], [ 99.331003038000063, 8.29017271400005 ], [ 99.333496862000061, 8.25828360600002 ], [ 99.312741880000033, 8.233372489000033 ], [ 99.319978921000086, 8.20105211200007 ], [ 99.289419895000037, 8.150410345000068 ], [ 99.29643941900008, 8.132072021000056 ], [ 99.387801892000084, 8.140365288000055 ], [ 99.382833868000034, 8.072466899000062 ], [ 99.414993020000054, 7.999902142000053 ], [ 99.384895769000082, 7.941812846000062 ], [ 99.333774637000033, 7.928792100000067 ], [ 99.322458707000067, 7.87089961700002 ], [ 99.278739751000046, 7.848593252000057 ], [ 99.303309090000084, 7.807868631000076 ], [ 99.288015404000078, 7.773229187000027 ], [ 99.310348218000058, 7.737613089000035 ], [ 99.299461032000067, 7.691344024000045 ], [ 99.259475167000062, 7.657362437000074 ], [ 99.236065505000056, 7.677911427000026 ], [ 99.200010478000081, 7.669076766000046 ], [ 99.195973006000031, 7.674281840000049 ], [ 99.206223451000085, 7.687287443000059 ], [ 99.203191385000082, 7.696623530000068 ], [ 99.17859592700006, 7.703443466000067 ], [ 99.169493073000069, 7.728642655000044 ], [ 99.130212789000041, 7.760040223000033 ], [ 99.115786700000058, 7.760163652000074 ], [ 99.100104116000068, 7.694004304000032 ], [ 99.041416014000049, 7.702929350000034 ], [ 99.020080542000073, 7.763954773000023 ], [ 99.031452673000047, 7.79691678000006 ], [ 99.017239919000076, 7.823226822000038 ], [ 99.043541110000035, 7.834118391000061 ], [ 99.047854812000082, 7.852821951000067 ], [ 99.060186164000072, 7.851789836000023 ], [ 99.06540599300007, 7.855335521000029 ], [ 99.06377868800007, 7.905155767000053 ], [ 99.02672014500007, 7.889706951000051 ], [ 99.012542721000045, 7.928081612000028 ], [ 98.992181539000057, 7.941202841000063 ], [ 98.972504015000084, 7.932522626000036 ], [ 98.942125370000042, 7.987680246000025 ], [ 98.957813232000035, 7.999969264000072 ], [ 98.912805440000056, 8.04521618800004 ], [ 98.880064890000085, 8.019371467000042 ], [ 98.859196915000041, 8.027680325000063 ], [ 98.843441086000041, 8.001719429000048 ], [ 98.797215038000047, 8.048508789000039 ], [ 98.77211886300006, 8.040557813000021 ], [ 98.76491644400005, 8.022907888000077 ], [ 98.739570976000039, 8.076639224000076 ], [ 98.758038485000043, 8.130030954000063 ], [ 98.735275319000039, 8.136025157000063 ], [ 98.749102160000064, 8.201345251000021 ], [ 98.737757448000082, 8.237072739000041 ], [ 98.72362294800007, 8.24497681400004 ] ] ], [ [ [ 99.114071076000073, 7.489143609000052 ], [ 99.112315812000077, 7.488351099000056 ], [ 99.112455393000062, 7.489297882000074 ], [ 99.114071076000073, 7.489143609000052 ] ] ], [ [ [ 99.120616092000034, 7.498968926000032 ], [ 99.117100234000077, 7.493514034000043 ], [ 99.117951026000071, 7.49853124200007 ], [ 99.120616092000034, 7.498968926000032 ] ] ], [ [ [ 99.116953212000055, 7.543376896000041 ], [ 99.13715135700005, 7.533877572000051 ], [ 99.135048190000077, 7.524067353000021 ], [ 99.116953212000055, 7.543376896000041 ] ] ], [ [ [ 99.089055636000069, 7.545562012000062 ], [ 99.089161738000087, 7.545987894000064 ], [ 99.089361434000068, 7.545866670000066 ], [ 99.089055636000069, 7.545562012000062 ] ] ], [ [ [ 99.08879756500005, 7.551363052000056 ], [ 99.090213946000063, 7.551738125000043 ], [ 99.090264701000081, 7.550459212000021 ], [ 99.08879756500005, 7.551363052000056 ] ] ], [ [ [ 99.143549481000036, 7.563389137000058 ], [ 99.144417886000042, 7.558040462000065 ], [ 99.141745083000046, 7.56040721200003 ], [ 99.143549481000036, 7.563389137000058 ] ] ], [ [ [ 99.096177930000067, 7.564740547000042 ], [ 99.096018210000068, 7.563631322000049 ], [ 99.095005224000033, 7.564314885000044 ], [ 99.096177930000067, 7.564740547000042 ] ] ], [ [ [ 99.143172293000077, 7.57550231700003 ], [ 99.14093637700006, 7.573733595000022 ], [ 99.140613673000075, 7.57983955100002 ], [ 99.143172293000077, 7.57550231700003 ] ] ], [ [ [ 99.140677591000042, 7.592712727000048 ], [ 99.149231883000084, 7.587759772000027 ], [ 99.146799401000067, 7.581994113000064 ], [ 99.140677591000042, 7.592712727000048 ] ] ], [ [ [ 99.151956552000058, 7.614218179000034 ], [ 99.147139257000049, 7.610535692000042 ], [ 99.148863344000063, 7.618358337000075 ], [ 99.151956552000058, 7.614218179000034 ] ] ], [ [ [ 99.138525006000066, 7.64026416400003 ], [ 99.148681728000042, 7.618689471000039 ], [ 99.145276443000057, 7.615124408000042 ], [ 99.138525006000066, 7.64026416400003 ] ] ], [ [ [ 99.190669161000073, 7.650889935000066 ], [ 99.192458664000071, 7.648593683000058 ], [ 99.190578505000076, 7.648398031000056 ], [ 99.190669161000073, 7.650889935000066 ] ] ], [ [ [ 99.137113206000038, 7.662333612000054 ], [ 99.138293290000036, 7.663224650000075 ], [ 99.137560913000073, 7.662186898000073 ], [ 99.137113206000038, 7.662333612000054 ] ] ], [ [ [ 99.127055416000076, 7.672783449000065 ], [ 99.127912932000072, 7.673379558000022 ], [ 99.127901937000047, 7.672147347000021 ], [ 99.127055416000076, 7.672783449000065 ] ] ], [ [ [ 99.185536455000033, 7.675571284000057 ], [ 99.184049741000081, 7.674364923000041 ], [ 99.185761094000043, 7.676973941000028 ], [ 99.185536455000033, 7.675571284000057 ] ] ], [ [ [ 99.20007952900005, 7.686422429000061 ], [ 99.198994023000068, 7.688125867000053 ], [ 99.199853877000066, 7.688998380000044 ], [ 99.20007952900005, 7.686422429000061 ] ] ], [ [ [ 99.191990699000087, 7.689949806000072 ], [ 99.190204683000047, 7.685468447000062 ], [ 99.186946457000033, 7.688743610000074 ], [ 99.191990699000087, 7.689949806000072 ] ] ], [ [ [ 99.201240905000077, 7.68937431300003 ], [ 99.20344287100005, 7.688274709000041 ], [ 99.201525828000058, 7.686408051000058 ], [ 99.201240905000077, 7.68937431300003 ] ] ], [ [ [ 99.101530751000041, 7.689887660000068 ], [ 99.103087315000039, 7.689596926000036 ], [ 99.102134011000032, 7.689107175000061 ], [ 99.101530751000041, 7.689887660000068 ] ] ], [ [ [ 99.111773412000048, 7.688655453000024 ], [ 99.11312444400005, 7.692484621000062 ], [ 99.114078145000065, 7.687824296000031 ], [ 99.111773412000048, 7.688655453000024 ] ] ], [ [ [ 99.201785899000072, 7.691123129000061 ], [ 99.200780648000034, 7.691746762000037 ], [ 99.201228093000054, 7.692345211000031 ], [ 99.201785899000072, 7.691123129000061 ] ] ], [ [ [ 99.20369560000006, 7.691899037000042 ], [ 99.204253902000062, 7.692446682000025 ], [ 99.204469399000061, 7.691195367000034 ], [ 99.20369560000006, 7.691899037000042 ] ] ], [ [ [ 99.123088715000051, 7.693946336000067 ], [ 99.124224530000049, 7.694639786000039 ], [ 99.123633750000067, 7.693374055000049 ], [ 99.123088715000051, 7.693946336000067 ] ] ], [ [ [ 99.11720646200007, 7.697320498000067 ], [ 99.113638094000066, 7.715172665000068 ], [ 99.118916373000047, 7.696086600000058 ], [ 99.11720646200007, 7.697320498000067 ] ] ], [ [ [ 99.117690205000088, 7.721987929000022 ], [ 99.115659945000061, 7.720903071000066 ], [ 99.117211756000074, 7.722676099000068 ], [ 99.117690205000088, 7.721987929000022 ] ] ], [ [ [ 99.128302672000075, 7.732985058000054 ], [ 99.124165500000061, 7.742515801000025 ], [ 99.131074123000076, 7.733278893000033 ], [ 99.128302672000075, 7.732985058000054 ] ] ], [ [ [ 99.148069135000071, 7.737531328000046 ], [ 99.146672723000052, 7.738058188000025 ], [ 99.146480737000047, 7.738895644000024 ], [ 99.148069135000071, 7.737531328000046 ] ] ], [ [ [ 99.121708212000044, 7.740317026000071 ], [ 99.121800416000042, 7.737597840000035 ], [ 99.121463286000051, 7.737411150000071 ], [ 99.121708212000044, 7.740317026000071 ] ] ], [ [ [ 99.141123675000074, 7.73949041000003 ], [ 99.141457550000041, 7.740963109000063 ], [ 99.141562899000064, 7.739429204000032 ], [ 99.141123675000074, 7.73949041000003 ] ] ], [ [ [ 99.153227558000083, 7.740572274000044 ], [ 99.151802600000053, 7.741805320000026 ], [ 99.15243496800008, 7.742002428000035 ], [ 99.153227558000083, 7.740572274000044 ] ] ], [ [ [ 99.125765181000077, 7.74217780400005 ], [ 99.125535730000081, 7.741624041000023 ], [ 99.125097560000086, 7.742344897000066 ], [ 99.125765181000077, 7.74217780400005 ] ] ], [ [ [ 99.135344259000078, 7.742084783000053 ], [ 99.134835978000069, 7.743001699000047 ], [ 99.135485592000066, 7.743343749000076 ], [ 99.135344259000078, 7.742084783000053 ] ] ], [ [ [ 99.123084080000069, 7.744150126000022 ], [ 99.123078691000046, 7.741611201000069 ], [ 99.121774491000053, 7.741359067000076 ], [ 99.123084080000069, 7.744150126000022 ] ] ], [ [ [ 99.135170108000068, 7.743793731000039 ], [ 99.133317876000035, 7.744164296000065 ], [ 99.13471224400007, 7.74573799500007 ], [ 99.135170108000068, 7.743793731000039 ] ] ], [ [ [ 99.129546868000034, 7.741727127000047 ], [ 99.124881648000041, 7.746713761000024 ], [ 99.125775264000083, 7.74995718100007 ], [ 99.129546868000034, 7.741727127000047 ] ] ], [ [ [ 99.13801989600006, 7.747149544000024 ], [ 99.136574693000057, 7.743699030000073 ], [ 99.136462622000067, 7.75050360900002 ], [ 99.13801989600006, 7.747149544000024 ] ] ], [ [ [ 99.130281455000045, 7.754184114000054 ], [ 99.134750027000052, 7.750390929000048 ], [ 99.132088784000075, 7.744111446000034 ], [ 99.128697996000085, 7.750571659000059 ], [ 99.130281455000045, 7.754184114000054 ] ] ], [ [ [ 99.129952313000047, 7.754029598000045 ], [ 99.127619500000037, 7.753317906000063 ], [ 99.128940444000079, 7.756437629000061 ], [ 99.129952313000047, 7.754029598000045 ] ] ] ] } },
{ "type": "Feature", "properties": { "stable_id": "TH.ADM1.00018" }, "geometry": { "type": "Polygon", "coordinates": [ [ [ 98.904804360000071, 17.647721508000075 ], [ 99.049675380000053, 17.61252663700003 ], [ 99.085249507000071, 17.738102398000024 ], [ 99.125602021000077, 17.771128607000037 ], [ 99.103176529000052, 17.812607054000068 ], [ 99.174233451000077, 17.809937391000062 ], [ 99.159103874000039, 17.843230922000032 ], [ 99.184391599000037, 17.856721175000075 ], [ 99.142347786000073, 17.910491110000066 ], [ 99.109032651000064, 17.914221146000045 ], [ 99.11580377000007, 17.946183363000046 ], [ 99.094706940000037, 17.956230874000028 ], [ 99.100955296000052, 18.001126888000044 ], [ 99.07167363800005, 18.060682956000051 ], [ 99.056148380000081, 18.176371442000061 ], [ 99.019176009000034, 18.251681222000059 ], [ 99.084515991000046, 18.279650280000055 ], [ 99.113257953000073, 18.267400741000074 ], [ 99.122646950000046, 18.310869574000037 ], [ 99.151149097000086, 18.318192801000066 ], [ 99.169005666000032, 18.374702080000077 ], [ 99.236198907000073, 18.447609784000065 ], [ 99.256341399000064, 18.496030481000048 ], [ 99.320822070000077, 18.501127033000046 ], [ 99.328370974000052, 18.566670549000037 ], [ 99.353454396000075, 18.579382274000068 ], [ 99.359047660000044, 18.604677330000072 ], [ 99.32697816700005, 18.619342650000078 ], [ 99.326983428000062, 18.638494113000036 ], [ 99.348299592000046, 18.656521741000063 ], [ 99.334752173000084, 18.69725070800007 ], [ 99.371307462000061, 18.753925353000056 ], [ 99.350703835000047, 18.835596625000051 ], [ 99.387478288000068, 18.87367359600006 ], [ 99.379044291000071, 18.986574025000039 ], [ 99.437139374000083, 19.010782225000071 ], [ 99.485447219000037, 19.072143306000044 ], [ 99.52975198300004, 19.077331829000059 ], [ 99.55975144100006, 19.131522041000039 ], [ 99.540264578000063, 19.166080972000032 ], [ 99.549458587000061, 19.252831224000033 ], [ 99.579381061000049, 19.31990754800006 ], [ 99.56466391500004, 19.41714376300007 ], [ 99.633479569000087, 19.386261317000049 ], [ 99.681669372000044, 19.391487030000064 ], [ 99.707557254000051, 19.344332636000047 ], [ 99.704031987000064, 19.245833182000069 ], [ 99.757345969000085, 19.135018534000039 ], [ 99.773270429000036, 19.064211163000039 ], [ 99.814047623000079, 19.061064997000074 ], [ 99.837310838000064, 19.002734853000049 ], [ 99.923607390000086, 18.979486454000039 ], [ 99.968133949000048, 18.923641069000041 ], [ 100.016998368000031, 18.89571649800007 ], [ 100.033825326000056, 18.902322195000067 ], [ 100.070324420000077, 18.86527807300007 ], [ 100.066338343000041, 18.816719103000025 ], [ 100.089601247000076, 18.825795720000031 ], [ 100.121805331000076, 18.796798686000045 ], [ 100.099496890000069, 18.735718010000028 ], [ 100.111347915000067, 18.672063257000048 ], [ 100.10085246400007, 18.627116424000064 ], [ 100.120177390000038, 18.603045842000029 ], [ 100.109278661000076, 18.560182800000064 ], [ 100.089353559000074, 18.572807994000073 ], [ 100.055415986000071, 18.555096462000051 ], [ 100.04967828000008, 18.497657208000078 ], [ 100.010247952000043, 18.443148536000024 ], [ 100.001337595000052, 18.40367894700006 ], [ 99.959982284000034, 18.383241339000051 ], [ 99.904885745000058, 18.279824494000025 ], [ 99.862312364000047, 18.280968118000033 ], [ 99.806326957000067, 18.221431820000078 ], [ 99.720261334000043, 18.071464963000039 ], [ 99.668825699000081, 18.041677436000043 ], [ 99.635664431000066, 18.060705025000061 ], [ 99.585339103000081, 18.031898642000044 ], [ 99.591374840000071, 18.006708866000054 ], [ 99.483036662000075, 17.920189523000033 ], [ 99.368829424000069, 17.777442455000028 ], [ 99.387205945000062, 17.687556630000074 ], [ 99.450101044000064, 17.709922550000044 ], [ 99.464855354000065, 17.737308090000056 ], [ 99.479332192000072, 17.728991817000065 ], [ 99.47585054700005, 17.675842549000038 ], [ 99.448003519000054, 17.645354415000043 ], [ 99.454332144000034, 17.598105516000032 ], [ 99.425691098000073, 17.609063976000073 ], [ 99.413043001000062, 17.574196573000052 ], [ 99.434857018000059, 17.564212745000077 ], [ 99.439407918000086, 17.527987418000066 ], [ 99.421418655000082, 17.51763204100007 ], [ 99.406374443000061, 17.468918343000041 ], [ 99.441063662000033, 17.433100852000052 ], [ 99.430834220000065, 17.390628571000036 ], [ 99.471267959000045, 17.364089205000028 ], [ 99.477966250000065, 17.328603225000052 ], [ 99.455514167000047, 17.308351773000027 ], [ 99.455369910000059, 17.254541574000029 ], [ 99.440059199000075, 17.230670014000054 ], [ 99.383238159000086, 17.207059242000071 ], [ 99.358167939000055, 17.249293143000045 ], [ 99.303340526000056, 17.273441497000022 ], [ 99.263335522000034, 17.404654106000066 ], [ 99.225093852000043, 17.404656758000044 ], [ 99.161415797000075, 17.332502047000048 ], [ 99.140835855000034, 17.360981748000029 ], [ 99.046076047000042, 17.386568077000049 ], [ 98.979701387000034, 17.465953897000077 ], [ 98.93749123300006, 17.470505466000077 ], [ 98.906464816000039, 17.544969362000074 ], [ 98.911052589000064, 17.581782843000042 ], [ 98.880530589000045, 17.606350389000056 ], [ 98.904804360000071, 17.647721508000075 ] ] ] } },
{ "type": "Feature", "properties": { "stable_id": "TH.ADM1.00019" }, "geometry": { "type": "Polygon", "coordinates": [ [ [ 99.103176529000052, 17.812607054000068 ], [ 99.12544433000005, 17.77057609600007 ], [ 99.085249507000071, 17.738102398000024 ], [ 99.049675380000053, 17.61252663700003 ], [ 98.981748841000069, 17.640024981000067 ], [ 98.904804360000071, 17.647721508000075 ], [ 98.880530589000045, 17.606350389000056 ], [ 98.911052589000064, 17.581782843000042 ], [ 98.910150325000075, 17.536710051000057 ], [ 98.879658355000061, 17.49131141600003 ], [ 98.82884421600005, 17.514711722000072 ], [ 98.717008326000041, 17.46273431000003 ], [ 98.69063725500007, 17.428910874000053 ], [ 98.683171722000054, 17.461176603000069 ], [ 98.705234283000038, 17.485987287000057 ], [ 98.68526872800004, 17.660946569000032 ], [ 98.746266176000063, 17.692698541000027 ], [ 98.68534969600006, 17.790965348000043 ], [ 98.762962678000065, 17.802386154000033 ], [ 98.784626347000085, 17.832560923000074 ], [ 98.797752033000052, 17.800037304000057 ], [ 98.827471929000069, 17.799444134000055 ], [ 98.854006687000037, 17.813365003000058 ], [ 98.853825434000044, 17.848061034000068 ], [ 98.870688886000039, 17.854214669000044 ], [ 98.829696972000079, 17.991365718000054 ], [ 98.807503002000033, 18.008561161000046 ], [ 98.776908654000067, 18.000566738000032 ], [ 98.813557723000088, 18.078688968000051 ], [ 98.799841494000077, 18.090308795000055 ], [ 98.806948914000031, 18.137182740000071 ], [ 98.782733385000085, 18.17929635400003 ], [ 98.775596935000067, 18.249007770000048 ], [ 98.675130508000052, 18.312593603000039 ], [ 98.675155681000035, 18.327282703000037 ], [ 98.703845170000079, 18.333522390000041 ], [ 98.681440471000087, 18.368077339000024 ], [ 98.709528608000085, 18.413830095000037 ], [ 98.693453309000063, 18.417966895000063 ], [ 98.724488432000044, 18.445173500000067 ], [ 98.745050590000062, 18.431428723000067 ], [ 98.800056254000083, 18.454502457000046 ], [ 98.867691964000073, 18.515329817000065 ], [ 98.934758977000058, 18.542837550000058 ], [ 98.968773862000035, 18.620057509000048 ], [ 99.004467713000054, 18.643088576000025 ], [ 99.009342661000062, 18.671635603000027 ], [ 99.06519419600005, 18.659682958000076 ], [ 99.076348565000046, 18.681868545000043 ], [ 99.111772224000049, 18.679717317000041 ], [ 99.149045381000064, 18.707183142000076 ], [ 99.180046882000056, 18.708365699000069 ], [ 99.188748543000088, 18.67891019700005 ], [ 99.233886267000059, 18.648732203000066 ], [ 99.217507456000078, 18.592009204000078 ], [ 99.317337416000044, 18.532171919000064 ], [ 99.320822070000077, 18.501127033000046 ], [ 99.256341399000064, 18.496030481000048 ], [ 99.236198907000073, 18.447609784000065 ], [ 99.169005666000032, 18.374702080000077 ], [ 99.151149097000086, 18.318192801000066 ], [ 99.122646950000046, 18.310869574000037 ], [ 99.113257953000073, 18.267400741000074 ], [ 99.084515991000046, 18.279650280000055 ], [ 99.019176009000034, 18.251681222000059 ], [ 99.056148380000081, 18.176371442000061 ], [ 99.07167363800005, 18.060682956000051 ], [ 99.100955296000052, 18.001126888000044 ], [ 99.094706940000037, 17.956230874000028 ], [ 99.11580377000007, 17.946183363000046 ], [ 99.109032651000064, 17.914221146000045 ], [ 99.142347786000073, 17.910491110000066 ], [ 99.18424647900008, 17.857560115000069 ], [ 99.159103874000039, 17.843230922000032 ], [ 99.174233451000077, 17.809937391000062 ], [ 99.134088973000075, 17.820675841000025 ], [ 99.103176529000052, 17.812607054000068 ] ] ] } },
{ "type": "Feature", "properties": { "stable_id": "TH.ADM1.00020" }, "geometry": { "type": "Polygon", "coordinates": [ [ [ 101.688474040000074, 16.933920975000035 ], [ 101.649211123000043, 17.042018841000072 ], [ 101.629972783000085, 17.044242948000033 ], [ 101.612347648000082, 17.00368996900005 ], [ 101.575851769000053, 16.984096849000025 ], [ 101.536546600000065, 17.022248030000071 ], [ 101.504279305000068, 17.010135199000047 ], [ 101.452646726000069, 17.139282643000058 ], [ 101.395510368000032, 17.177981703000057 ], [ 101.351744974000042, 17.167821980000042 ], [ 101.277626308000038, 17.098117626000032 ], [ 101.243927496000083, 17.108794985000031 ], [ 101.222798362000049, 17.060687383000072 ], [ 101.188435191000053, 17.06596998200007 ], [ 101.168750640000042, 17.03824263100006 ], [ 101.115447758000073, 17.019719226000063 ], [ 101.101774918000046, 16.914138867000077 ], [ 101.067028273000062, 16.902846108000062 ], [ 101.069870346000073, 16.926209793000055 ], [ 101.02638242200004, 16.942970135000053 ], [ 101.051436602000081, 16.955971711000075 ], [ 101.051961009000081, 17.110087146000069 ], [ 101.071010207000086, 17.11556915400007 ], [ 101.075045382000042, 17.176557967000065 ], [ 101.109716490000039, 17.233554653000056 ], [ 101.083143096000072, 17.279817594000065 ], [ 101.04842803400004, 17.286235011000031 ], [ 100.995502765000083, 17.340115612000034 ], [ 100.915692452000087, 17.34185287400004 ], [ 100.916526516000033, 17.450141936000023 ], [ 100.895005045000062, 17.464412370000048 ], [ 100.854861257000039, 17.452204542000061 ], [ 100.833412864000081, 17.481914801000073 ], [ 100.871635726000079, 17.52840976300007 ], [ 100.860936595000055, 17.545811360000073 ], [ 100.87282248300005, 17.576429138000037 ], [ 100.904946696000081, 17.590177678000032 ], [ 100.928785093000045, 17.569734324000024 ], [ 100.977231413000084, 17.572233606000054 ], [ 101.045675483000082, 17.545027370000071 ], [ 101.061327775000052, 17.511973411000042 ], [ 101.102779541000075, 17.509147695000024 ], [ 101.095016558000054, 17.495685306000041 ], [ 101.11044425700004, 17.479864544000066 ], [ 101.160657980000053, 17.466942618000076 ], [ 101.164392073000045, 17.490968559000066 ], [ 101.183209936000083, 17.498092814000074 ], [ 101.17515215700007, 17.524133198000072 ], [ 101.229542167000034, 17.536072469000032 ], [ 101.264622987000052, 17.603433539000036 ], [ 101.31046389100004, 17.635124196000049 ], [ 101.306926329000078, 17.650994092000076 ], [ 101.345551009000076, 17.658847158000071 ], [ 101.380790248000039, 17.697037468000076 ], [ 101.408825406000062, 17.688531444000034 ], [ 101.431132018000085, 17.716740194000067 ], [ 101.400319383000067, 17.724291460000074 ], [ 101.403617637000082, 17.73548816400006 ], [ 101.446668530000068, 17.728718064000077 ], [ 101.482254954000041, 17.760485457000073 ], [ 101.490674181000088, 17.723944275000065 ], [ 101.497444281000071, 17.755190891000041 ], [ 101.521660409000049, 17.776369153000076 ], [ 101.574519268000074, 17.784701584000061 ], [ 101.551691879000032, 17.809698878000063 ], [ 101.57236780900007, 17.867474532000074 ], [ 101.594020175000082, 17.849850514000025 ], [ 101.618190257000037, 17.893910560000052 ], [ 101.720661336000035, 17.909268633000067 ], [ 101.776874880000037, 18.063611885000057 ], [ 101.828413467000075, 18.056895642000029 ], [ 101.876643954000087, 18.028355145000035 ], [ 101.908245442000066, 18.031342730000063 ], [ 101.944531934000054, 18.088366618000066 ], [ 102.03504078800006, 18.156237880000049 ], [ 102.043308171000035, 18.192996916000027 ], [ 102.097690793000083, 18.215052599000046 ], [ 102.102014625000038, 18.162931403000073 ], [ 102.068121561000055, 18.14100221700005 ], [ 102.053270780000048, 18.035355331000062 ], [ 102.017820476000054, 17.982621380000069 ], [ 102.051351599000043, 17.842636626000058 ], [ 102.018541887000083, 17.744482285000061 ], [ 102.036431600000071, 17.650291375000052 ], [ 102.061963146000039, 17.656449229000032 ], [ 102.079327841000065, 17.642016613000067 ], [ 102.139774392000049, 17.527531167000063 ], [ 102.128516510000054, 17.491982478000068 ], [ 102.104457158000059, 17.476102584000046 ], [ 102.122756010000046, 17.469724443000075 ], [ 102.12159381500004, 17.453759712000021 ], [ 102.105054631000087, 17.446807810000053 ], [ 102.087556505000066, 17.464888313000074 ], [ 102.052377490000083, 17.44908080700003 ], [ 101.987583734000054, 17.454338101000076 ], [ 101.981788533000042, 17.411471437000046 ], [ 102.018025371000078, 17.373913346000052 ], [ 102.02066598600004, 17.344962023000051 ], [ 101.983642061000069, 17.31627689000004 ], [ 102.052443776000075, 17.251375916000029 ], [ 102.077069193000057, 17.248203948000025 ], [ 102.096779921000063, 17.177071660000024 ], [ 102.083098627000084, 17.173082828000076 ], [ 102.035395945000062, 17.218933511000046 ], [ 102.023675260000061, 17.204087528000059 ], [ 102.044120748000068, 17.163562400000046 ], [ 102.034296663000077, 17.146956210000042 ], [ 102.09046610300004, 17.109614090000036 ], [ 102.102195278000067, 17.06685757200006 ], [ 102.155396746000065, 17.023910036000075 ], [ 102.075469541000075, 16.965360519000058 ], [ 102.02921120600007, 16.950674611000068 ], [ 102.068514868000079, 16.891788039000062 ], [ 102.045004493000079, 16.861811913000054 ], [ 102.009271123000076, 16.869661235000024 ], [ 101.986299564000035, 16.841610643000024 ], [ 101.945446723000032, 16.851859576000038 ], [ 101.945669040000041, 16.839042543000062 ], [ 101.866556745000082, 16.792958017000046 ], [ 101.76457173700004, 16.756825061000029 ], [ 101.725357856000073, 16.754505677000054 ], [ 101.686382468000033, 16.798480121000068 ], [ 101.720768284000087, 16.805417506000026 ], [ 101.678804846000048, 16.861220450000076 ], [ 101.688474040000074, 16.933920975000035 ] ] ] } },
{ "type": "Feature", "properties": { "stable_id": "TH.ADM1.00021" }, "geometry": { "type": "Polygon", "coordinates": [ [ [ 100.847556143000077, 14.800933946000043 ], [ 100.76662041700007, 14.796420466000029 ], [ 100.724532629000066, 14.760059856000055 ], [ 100.68903299200008, 14.758461364000027 ], [ 100.651430519000087, 14.710556686000075 ], [ 100.630532033000065, 14.649993705000043 ], [ 100.546526611000047, 14.670436346000031 ], [ 100.512702492000074, 14.656345971000064 ], [ 100.496686216000057, 14.696871487000067 ], [ 100.457940105000034, 14.721096421000027 ], [ 100.474655865000045, 14.722547658000053 ], [ 100.488093388000038, 14.748133983000059 ], [ 100.47032843900007, 14.794851256000072 ], [ 100.482625961000053, 14.81130984400005 ], [ 100.427367525000079, 14.887468237000064 ], [ 100.419968383000082, 14.927068397000028 ], [ 100.449020333000078, 14.942379943000049 ], [ 100.446885553000072, 15.003178427000023 ], [ 100.461164022000048, 15.002523544000042 ], [ 100.469508487000041, 15.027195631000041 ], [ 100.427487414000041, 15.061086905000025 ], [ 100.432159888000058, 15.071491958000024 ], [ 100.459125659000051, 15.116346156000077 ], [ 100.474967054000047, 15.10675714000007 ], [ 100.506210304000035, 15.130104 ], [ 100.532630385000061, 15.183792107000045 ], [ 100.590218478000054, 15.229645788000028 ], [ 100.586618987000065, 15.244704971000033 ], [ 100.620220610000047, 15.242709923000064 ], [ 100.590110218000063, 15.26885898300003 ], [ 100.633482171000082, 15.329583155000023 ], [ 100.645006618000082, 15.417894878000027 ], [ 100.678872126000044, 15.452555270000062 ], [ 100.705449344000044, 15.439837819000047 ], [ 100.771674633000032, 15.464811642000029 ], [ 100.768788924000035, 15.49639733600003 ], [ 100.745987847000038, 15.513287969000032 ], [ 100.830966170000067, 15.562634148000029 ], [ 100.859870481000087, 15.527372890000038 ], [ 100.88520778700007, 15.527736076000053 ], [ 100.903899341000056, 15.496652848000053 ], [ 100.928698973000053, 15.487688026000058 ], [ 100.930367392000051, 15.417129751000061 ], [ 100.976551524000058, 15.410726329000056 ], [ 100.977054171000077, 15.336465455000052 ], [ 100.995598670000049, 15.318543487000056 ], [ 101.02523820600004, 15.338018086000034 ], [ 101.056144973000073, 15.321947022000074 ], [ 101.081138718000034, 15.354489251000075 ], [ 101.11009647700007, 15.32525940000005 ], [ 101.137122693000038, 15.339296623000052 ], [ 101.203624864000062, 15.320447804000025 ], [ 101.278374148000069, 15.362928133000025 ], [ 101.303013664000048, 15.396366224000076 ], [ 101.302904108000064, 15.520652011000038 ], [ 101.288442330000066, 15.534613808000074 ], [ 101.30683193200008, 15.550263428000051 ], [ 101.357055726000056, 15.682354086000032 ], [ 101.336323343000061, 15.75302154600007 ], [ 101.399484030000053, 15.742507504000059 ], [ 101.369934575000059, 15.575067473000047 ], [ 101.385707099000058, 15.486544810000055 ], [ 101.375809047000075, 15.374615422000034 ], [ 101.400226337000049, 15.073792757000035 ], [ 101.363078938000058, 15.046971339000038 ], [ 101.329303854000045, 14.965825874000075 ], [ 101.257489329000066, 14.912537496000027 ], [ 101.193400348000068, 14.921065932000033 ], [ 101.145989842000063, 14.897137203000057 ], [ 101.093914554000037, 14.906690970000056 ], [ 101.081434374000082, 14.87994149900004 ], [ 101.093169507000084, 14.849549942000067 ], [ 101.065637037000045, 14.840462860000059 ], [ 101.089106027000071, 14.831526537000059 ], [ 101.062656480000044, 14.791658950000055 ], [ 101.069642069000054, 14.759936389000075 ], [ 101.02540311000007, 14.810226932000035 ], [ 100.992328531000055, 14.767446267000025 ], [ 100.991585272000066, 14.74350406700006 ], [ 100.943556648000083, 14.740741956000022 ], [ 100.901483087000088, 14.769978642000069 ], [ 100.873966485000039, 14.770791084000052 ], [ 100.847556143000077, 14.800933946000043 ] ] ] } },
{ "type": "Feature", "properties": { "stable_id": "TH.ADM1.00022" }, "geometry": { "type": "Polygon", "coordinates": [ [ [ 98.156002097000055, 18.163986943000054 ], [ 98.205559267000069, 18.088612863000037 ], [ 98.232302189000052, 18.091517539000051 ], [ 98.247592375000067, 18.075897389000033 ], [ 98.286787271000037, 18.084004649000065 ], [ 98.240368752000052, 18.013054337000028 ], [ 98.246195002000036, 17.98961981900004 ], [ 98.161865642000066, 17.969340725000052 ], [ 98.144879106000076, 17.936923121000063 ], [ 98.090441853000073, 17.96317014400006 ], [ 98.025182585000039, 17.937204102000067 ], [ 98.008680885000047, 17.904207566000025 ], [ 98.06991389600006, 17.851835962000052 ], [ 98.086157374000038, 17.811280182000075 ], [ 98.132464541000047, 17.796726604000071 ], [ 98.146640096000056, 17.776911878000078 ], [ 98.135320782000065, 17.759110169000053 ], [ 98.15037385800008, 17.703871336000077 ], [ 98.125551250000058, 17.659810970000024 ], [ 98.087770499000044, 17.637018316000024 ], [ 98.041579795000075, 17.674688871000058 ], [ 97.969428896000068, 17.867729481000026 ], [ 97.912560616000064, 17.854696213000068 ], [ 97.902453362000074, 17.80971521500004 ], [ 97.849144427000056, 17.779926888000034 ], [ 97.751333638000062, 17.779628102000061 ], [ 97.718385097000066, 17.819066508000049 ], [ 97.699253733000035, 17.819238089000066 ], [ 97.671886446000087, 17.880149605000042 ], [ 97.687500384000032, 17.925104020000049 ], [ 97.732712172000049, 17.954187124000043 ], [ 97.737344878000044, 17.977264867000031 ], [ 97.708433356000057, 18.056020884000077 ], [ 97.681580814000085, 18.064857343000028 ], [ 97.690588856000034, 18.089994067000077 ], [ 97.67600440800004, 18.161114698000063 ], [ 97.609602276000032, 18.237039614000025 ], [ 97.639200126000048, 18.288085181000042 ], [ 97.619811390000052, 18.318026193000037 ], [ 97.559586201000059, 18.338787583000055 ], [ 97.536765830000036, 18.286626736000073 ], [ 97.500905247000048, 18.268439072000035 ], [ 97.446857001000069, 18.331066405000058 ], [ 97.451918662000082, 18.389833150000072 ], [ 97.425752447000036, 18.40879293100005 ], [ 97.385516530000075, 18.507366638000065 ], [ 97.344336914000053, 18.555924269000059 ], [ 97.360551388000033, 18.600707103000047 ], [ 97.364500885000041, 18.557853639000029 ], [ 97.406435538000039, 18.562687605000065 ], [ 97.443898772000068, 18.495132933000036 ], [ 97.490667391000045, 18.509393132000071 ], [ 97.501060418000066, 18.493924442000036 ], [ 97.534414782000056, 18.494286989000045 ], [ 97.544928657000071, 18.527157957000043 ], [ 97.606320022000034, 18.536584190000042 ], [ 97.61199993200006, 18.560995717000026 ], [ 97.661668930000076, 18.577672899000049 ], [ 97.700703204000035, 18.569092611000031 ], [ 97.731640585000036, 18.585769792000065 ], [ 97.768982971000071, 18.578277146000062 ], [ 97.774542031000067, 18.689216659000067 ], [ 97.751701543000081, 18.73707292000006 ], [ 97.762819664000062, 18.757375576000072 ], [ 97.739374930000054, 18.829643365000038 ], [ 97.741550215000075, 18.879795760000036 ], [ 97.667953086000068, 18.940220332000024 ], [ 97.73550775800004, 18.976233377000028 ], [ 97.735650232000069, 19.041123642000059 ], [ 97.763539233000074, 19.039790304000064 ], [ 97.769650368000043, 19.067345971000066 ], [ 97.836095080000064, 19.093346075000056 ], [ 97.844317335000085, 19.218346578000023 ], [ 97.786317102000055, 19.268902336000053 ], [ 97.842317327000046, 19.297124672000052 ], [ 97.801650497000082, 19.350680443000044 ], [ 97.80353939400004, 19.384236135000037 ], [ 97.784872652000047, 19.395013955000024 ], [ 97.885984170000086, 19.495903250000026 ], [ 97.853095149000069, 19.527125598000055 ], [ 97.869206324000061, 19.575903572000072 ], [ 97.96065113700007, 19.591348078000067 ], [ 97.976762313000052, 19.634348251000063 ], [ 98.027206960000058, 19.637792710000042 ], [ 98.043207025000072, 19.652570547000039 ], [ 98.027540295000051, 19.712681900000064 ], [ 98.044762586000047, 19.757015411000054 ], [ 98.034429211000031, 19.810571183000036 ], [ 98.04831815600005, 19.816793430000075 ], [ 98.059984870000051, 19.803237820000049 ], [ 98.084540524000033, 19.809793402000025 ], [ 98.099540585000057, 19.772793253000032 ], [ 98.136429622000037, 19.786571086000038 ], [ 98.16898530800006, 19.770015465000029 ], [ 98.193207628000039, 19.737904223000044 ], [ 98.226985542000079, 19.727348625000047 ], [ 98.247392051000077, 19.677031219000071 ], [ 98.327013041000043, 19.698909682000078 ], [ 98.466887005000046, 19.692741631000047 ], [ 98.471840289000056, 19.658557767000048 ], [ 98.53964221800004, 19.607445619000032 ], [ 98.542251522000072, 19.558540831000073 ], [ 98.561051279000083, 19.549637841000049 ], [ 98.568015421000041, 19.508142171000031 ], [ 98.583403647000068, 19.506433813000058 ], [ 98.599827774000062, 19.469653787000027 ], [ 98.58476336700005, 19.443662134000078 ], [ 98.596177269000066, 19.40698197200004 ], [ 98.573466316000065, 19.387807728000041 ], [ 98.596510888000068, 19.36252064100006 ], [ 98.589063533000058, 19.33238211400004 ], [ 98.604944882000041, 19.279770378000023 ], [ 98.588554108000039, 19.256647402000056 ], [ 98.599039362000042, 19.231707490000076 ], [ 98.569475741000076, 19.205718147000027 ], [ 98.637983065000071, 19.154705444000058 ], [ 98.651568581000049, 19.092404414000043 ], [ 98.638824789000068, 19.06642223800003 ], [ 98.541915505000077, 19.026204420000056 ], [ 98.43960867900006, 19.048563865000062 ], [ 98.42098377800005, 19.027148382000064 ], [ 98.356583353000076, 19.08941248800005 ], [ 98.340260298000032, 19.149281615000064 ], [ 98.25019310600004, 19.157319505000032 ], [ 98.25149207700008, 19.115643569000042 ], [ 98.17006322900005, 18.996730786000057 ], [ 98.172618275000048, 18.951309909000031 ], [ 98.157278531000031, 18.920215713000061 ], [ 98.129793731000063, 18.911828023000055 ], [ 98.092176387000052, 18.86921144300004 ], [ 98.079763, 18.822324840000022 ], [ 98.090587675000052, 18.781603062000045 ], [ 98.121907733000057, 18.775521798000057 ], [ 98.095903821000036, 18.738009715000032 ], [ 98.105434496000044, 18.648619265000036 ], [ 98.180289534000053, 18.625538520000077 ], [ 98.237202486000058, 18.571549323000056 ], [ 98.210282850000056, 18.538753879000069 ], [ 98.174884287000054, 18.545378421000066 ], [ 98.075318697000057, 18.430857255000035 ], [ 98.125780661000078, 18.406407166000065 ], [ 98.146192536000058, 18.363090500000055 ], [ 98.197747854000056, 18.332934836000049 ], [ 98.204838219000067, 18.31224955700003 ], [ 98.193515310000066, 18.285247390000052 ], [ 98.138382806000038, 18.280406369000048 ], [ 98.140704946000085, 18.238780075000022 ], [ 98.16950111500006, 18.221995106000065 ], [ 98.176058355000066, 18.192076603000032 ], [ 98.156002097000055, 18.163986943000054 ] ] ] } },
{ "type": "Feature", "properties": { "stable_id": "TH.ADM1.00023" }, "geometry": { "type": "Polygon", "coordinates": [ [ [ 103.050896490000071, 15.592940490000046 ], [ 102.975152588000071, 15.660112888000072 ], [ 103.005323755000063, 15.685567384000024 ], [ 103.005454584000063, 15.728330370000037 ], [ 102.941796555000053, 15.766492909000021 ], [ 102.930462696000063, 15.795826058000046 ], [ 102.92435292600004, 15.879785880000043 ], [ 102.890598540000042, 15.933872296000061 ], [ 102.906868479000082, 15.986867580000023 ], [ 102.884402957000077, 16.014227457000061 ], [ 102.893865906000087, 16.025385404000076 ], [ 102.859041568000066, 16.038956825000071 ], [ 102.848259437000081, 16.072381629000063 ], [ 102.868486800000085, 16.119679234000046 ], [ 102.843187927000088, 16.14565570600007 ], [ 102.857197868000071, 16.15857089900004 ], [ 102.845088301000033, 16.175157831000035 ], [ 102.845397525000067, 16.270921890000068 ], [ 102.894644731000085, 16.316382508000061 ], [ 102.921374251000032, 16.37800827600006 ], [ 102.956108760000063, 16.398156391000043 ], [ 102.946162383000058, 16.403737447000026 ], [ 102.957298154000057, 16.449987738000061 ], [ 103.017586664000078, 16.47346015200003 ], [ 103.032410181000046, 16.501031253000065 ], [ 103.04104963900005, 16.490708993000055 ], [ 103.085239306000062, 16.515732631000049 ], [ 103.120407345000046, 16.592269675000068 ], [ 103.152425581000045, 16.610215383000025 ], [ 103.152398669000036, 16.643603950000056 ], [ 103.189477876000069, 16.64048183400007 ], [ 103.195717259000048, 16.627663402000053 ], [ 103.17007850300007, 16.606269013000031 ], [ 103.187060816000042, 16.551598700000056 ], [ 103.162996636000059, 16.494588761000045 ], [ 103.184597372000042, 16.448101847000032 ], [ 103.167581351000081, 16.378579948000038 ], [ 103.17542241700005, 16.363430399000038 ], [ 103.290814692000083, 16.394544099000029 ], [ 103.299740969000084, 16.370396056000061 ], [ 103.343406751000032, 16.360348466000062 ], [ 103.353832658000044, 16.308426995000048 ], [ 103.407776685000044, 16.294762899000034 ], [ 103.40677562500008, 16.253725441000029 ], [ 103.447041139000078, 16.227649022000037 ], [ 103.452023455000074, 16.182235210000044 ], [ 103.478344094000079, 16.206117558000074 ], [ 103.501540901000055, 16.203935690000037 ], [ 103.453419532000055, 16.085177292000026 ], [ 103.470464089000075, 16.045606014000043 ], [ 103.463752196000087, 15.970923117000041 ], [ 103.488187956000047, 15.931336466000062 ], [ 103.45722061400005, 15.907061044000045 ], [ 103.433618334000073, 15.789659791000076 ], [ 103.403735318000088, 15.761160020000034 ], [ 103.423759386000086, 15.733940526000026 ], [ 103.413102353000056, 15.712489812000058 ], [ 103.352073844000074, 15.725589256000035 ], [ 103.327302429000042, 15.698380493000059 ], [ 103.301030170000047, 15.706385198000078 ], [ 103.307775596000056, 15.693689646000053 ], [ 103.267117219000056, 15.649621683000078 ], [ 103.298962200000062, 15.648852806000036 ], [ 103.27373158000006, 15.601718121000033 ], [ 103.294693782000081, 15.592078142000048 ], [ 103.302878477000036, 15.562122353000063 ], [ 103.362823633000062, 15.526513897000029 ], [ 103.423280377000083, 15.533311175000051 ], [ 103.403267828000082, 15.436452529000064 ], [ 103.342525334000072, 15.408005940000066 ], [ 103.270299581000074, 15.423462897000036 ], [ 103.214727252000046, 15.461094538000054 ], [ 103.091016236000087, 15.488647291000063 ], [ 103.072204320000083, 15.503606825000077 ], [ 103.090613760000053, 15.533152248000022 ], [ 103.047220476000064, 15.565744224000071 ], [ 103.050896490000071, 15.592940490000046 ] ] ] } },
{ "type": "Feature", "properties": { "stable_id": "TH.ADM1.00024" }, "geometry": { "type": "Polygon", "coordinates": [ [ [ 101.195680530000061, 14.01924314200005 ], [ 101.138896664000072, 14.001284846000033 ], [ 101.137800022000079, 13.969887645000028 ], [ 101.044594515000085, 13.976667497000051 ], [ 100.914218188000063, 13.961278383000035 ], [ 100.913942483000085, 14.21989461000004 ], [ 100.946435768000072, 14.237134961000038 ], [ 100.951118146000056, 14.271684207000021 ], [ 101.015217433000032, 14.302152167000031 ], [ 101.048215188000086, 14.339875636000045 ], [ 101.063198113000055, 14.373863454000059 ], [ 101.055931243000032, 14.414012386000024 ], [ 101.085430010000039, 14.383601652000038 ], [ 101.145650022000041, 14.373677840000028 ], [ 101.165723853000031, 14.342375777000029 ], [ 101.210064189000036, 14.371997684000064 ], [ 101.20247293400007, 14.402987296000049 ], [ 101.213986516000034, 14.437140838000062 ], [ 101.229597304000038, 14.433685747000027 ], [ 101.225171260000081, 14.472314734000065 ], [ 101.242831722000062, 14.471104316000037 ], [ 101.277167940000083, 14.512473139000065 ], [ 101.283613225000067, 14.489524173000063 ], [ 101.306694125000035, 14.497403222000059 ], [ 101.312331597000082, 14.471356944000036 ], [ 101.362499159000038, 14.44952898400004 ], [ 101.422208880000085, 14.383705732000067 ], [ 101.477042954000069, 14.36333367900005 ], [ 101.496318298000062, 14.333771302000059 ], [ 101.501625380000064, 14.271907799000076 ], [ 101.413888652000082, 14.253717923000067 ], [ 101.383314890000065, 14.273767347000046 ], [ 101.382898333000071, 14.211073971000076 ], [ 101.289195325000037, 14.150416839000059 ], [ 101.320185629000036, 14.076713419000043 ], [ 101.278483214000062, 14.05484004300007 ], [ 101.213189888000045, 14.053674581000053 ], [ 101.195680530000061, 14.01924314200005 ] ] ] } },
{ "type": "Feature", "properties": { "stable_id": "TH.ADM1.00025" }, "geometry": { "type": "Polygon", "coordinates": [ [ [ 100.329259501000081, 13.801226540000073 ], [ 100.330332856000041, 13.719719976000022 ], [ 100.290368966000074, 13.717912516000069 ], [ 100.26773969900006, 13.683323999000038 ], [ 100.128909890000045, 13.68117531300004 ], [ 100.121766896000054, 13.653834692000032 ], [ 100.102054700000053, 13.650021466000055 ], [ 100.060268251000082, 13.660286144000054 ], [ 100.068246560000034, 13.692946465000034 ], [ 100.024373813000068, 13.703744587000074 ], [ 100.028818516000058, 13.75437398400004 ], [ 99.960175560000039, 13.72185182100003 ], [ 99.948764249000078, 13.734943333000047 ], [ 99.937924378000048, 13.769773061000024 ], [ 99.969892359000085, 13.799360252000042 ], [ 99.962689060000059, 13.830879409000033 ], [ 99.900889986000038, 13.841629012000055 ], [ 99.927035001000036, 13.934065867000072 ], [ 99.847402043000045, 13.974160405000077 ], [ 99.83001949800007, 13.997893485000077 ], [ 99.849016640000059, 14.051317397000048 ], [ 99.814625007000075, 14.066045926000072 ], [ 99.865240297000071, 14.074669350000022 ], [ 99.927130471000055, 14.127750606000063 ], [ 99.973666298000069, 14.142455753000036 ], [ 100.039290534000088, 14.153608997000049 ], [ 100.153436429000067, 14.145170424000071 ], [ 100.212900353000066, 14.179213636000043 ], [ 100.284138899000084, 14.169591193000031 ], [ 100.26351909300007, 13.999038251000059 ], [ 100.298139605000074, 13.963253059000067 ], [ 100.265448782000078, 13.920607142000051 ], [ 100.329259501000081, 13.801226540000073 ] ] ] } },
{ "type": "Feature", "properties": { "stable_id": "TH.ADM1.00026" }, "geometry": { "type": "Polygon", "coordinates": [ [ [ 104.837291973000049, 16.460843363000038 ], [ 104.888920251000059, 16.357389105000038 ], [ 104.97830491600007, 16.278881713000033 ], [ 104.890372565000064, 16.237469307000026 ], [ 104.878177751000067, 16.21044151500007 ], [ 104.825942328000053, 16.204901788000029 ], [ 104.812385619000054, 16.185223670000028 ], [ 104.701749160000077, 16.209004494000055 ], [ 104.663346312000044, 16.243951980000077 ], [ 104.643103623000059, 16.215568827000027 ], [ 104.616986881000059, 16.214893595000035 ], [ 104.557435965000082, 16.260898350000048 ], [ 104.550407011000061, 16.308493757000065 ], [ 104.510816357000067, 16.316975781000053 ], [ 104.49873143700006, 16.340158017000022 ], [ 104.388359818000083, 16.348808713000039 ], [ 104.348004614000047, 16.323211225000023 ], [ 104.333093956000084, 16.329834779000066 ], [ 104.311212887000067, 16.45239656900003 ], [ 104.293211660000054, 16.472416695000049 ], [ 104.28421342200005, 16.449883271000033 ], [ 104.237857923000035, 16.428572174000067 ], [ 104.225006437000047, 16.469373879000045 ], [ 104.240415317000043, 16.518312522000031 ], [ 104.222534956000061, 16.528900371000077 ], [ 104.205134322000049, 16.584138512000038 ], [ 104.17708392600008, 16.597859693000032 ], [ 104.178285772000038, 16.637398758000074 ], [ 104.199090794000085, 16.660023318000071 ], [ 104.161964565000062, 16.679318372000068 ], [ 104.170312101000036, 16.697198440000022 ], [ 104.153962985000078, 16.698578761000022 ], [ 104.13110501500006, 16.738953991000074 ], [ 104.135530618000075, 16.771215383000026 ], [ 104.113949088000084, 16.766768719000027 ], [ 104.070106850000059, 16.82129992800003 ], [ 104.104265216000044, 16.834966389000044 ], [ 104.124551643000075, 16.888505805000023 ], [ 104.208213787000034, 16.874599699000044 ], [ 104.266777345000037, 16.920423208000045 ], [ 104.30324612000004, 16.930056308000076 ], [ 104.318365442000072, 16.973158695000052 ], [ 104.396902200000056, 17.021633774000065 ], [ 104.351464789000033, 17.067944860000068 ], [ 104.366303358000039, 17.105849133000049 ], [ 104.408819356000038, 17.138654186000053 ], [ 104.388910336000038, 17.147778049000067 ], [ 104.391384771000048, 17.177855464000061 ], [ 104.433492576000049, 17.23841621400004 ], [ 104.403142390000085, 17.299059683000053 ], [ 104.422880559000077, 17.329241929000034 ], [ 104.407051576000072, 17.379290741000034 ], [ 104.413279226000043, 17.426079472000026 ], [ 104.386146866000047, 17.41249201200003 ], [ 104.317853966000087, 17.431940172000054 ], [ 104.234564594000062, 17.414643818000059 ], [ 104.173777815000051, 17.428654041000073 ], [ 104.144269706000046, 17.409352959000046 ], [ 104.153363019000039, 17.395412688000022 ], [ 104.140005270000074, 17.384304800000052 ], [ 104.095687554000051, 17.403507758000046 ], [ 104.096090682000067, 17.376097515000026 ], [ 104.076846378000084, 17.393117993000033 ], [ 104.073336060000088, 17.376425050000023 ], [ 104.016292503000045, 17.460345339000071 ], [ 104.009465430000034, 17.48595788800003 ], [ 104.040464945000053, 17.529863681000052 ], [ 104.035169693000057, 17.563518415000033 ], [ 104.053688931000067, 17.584957096000039 ], [ 104.03238454600006, 17.639706415000035 ], [ 104.067675818000055, 17.646770626000034 ], [ 104.08425548200006, 17.68351063700004 ], [ 104.070161944000063, 17.679425412000057 ], [ 104.066978432000042, 17.739370971000028 ], [ 104.049457171000086, 17.739721991000067 ], [ 104.057422398000085, 17.757430972000066 ], [ 104.037676426000075, 17.769407709000063 ], [ 104.023494051000057, 17.759115230000077 ], [ 104.01233747100008, 17.827022649000071 ], [ 103.98567397100004, 17.870578051000052 ], [ 104.03432895800006, 17.90933181500003 ], [ 104.062035974000082, 17.901393033000033 ], [ 104.069459120000033, 17.878159667000034 ], [ 104.123188587000072, 17.921197691000032 ], [ 104.13413812400006, 17.955929068000046 ], [ 104.117381766000051, 17.96792240700006 ], [ 104.11273557800007, 18.005724032000046 ], [ 104.169432953000069, 18.003993540000067 ], [ 104.188978907000035, 18.023218382000039 ], [ 104.227663343000074, 17.976761469000053 ], [ 104.276584159000038, 17.860731329000032 ], [ 104.355610092000063, 17.823727123000026 ], [ 104.477912132000085, 17.646232366000049 ], [ 104.69868299400008, 17.530202227000075 ], [ 104.797151816000053, 17.397237956000026 ], [ 104.803423716000054, 17.200927503000059 ], [ 104.729099657000063, 17.007567164000022 ], [ 104.734592693000081, 16.907673159000069 ], [ 104.762877730000071, 16.851103085000034 ], [ 104.738823151000076, 16.804543455000044 ], [ 104.759520419000069, 16.694785215000024 ], [ 104.733805631000052, 16.559312185000067 ], [ 104.753248520000056, 16.515408888000024 ], [ 104.837291973000049, 16.460843363000038 ] ] ] } },
{ "type": "Feature", "properties": { "stable_id": "TH.ADM1.00027" }, "geometry": { "type": "Polygon", "coordinates": [ [ [ 102.359696418000055, 14.159639374000051 ], [ 102.350234165000074, 14.126981300000068 ], [ 102.307250755000041, 14.12023793000003 ], [ 102.289030483000033, 14.135209475000067 ], [ 102.271912413000052, 14.128814562000059 ], [ 102.268604516000039, 14.14727995800007 ], [ 102.216623526000035, 14.144989387000066 ], [ 102.211464588000069, 14.174585950000051 ], [ 102.182960914000034, 14.196380343000044 ], [ 102.167879442000071, 14.144507247000035 ], [ 102.132250707000082, 14.13793920300003 ], [ 101.966554987000052, 14.227819210000064 ], [ 101.982129398000041, 14.23810095400006 ], [ 101.944436541000073, 14.247699191000038 ], [ 101.930357881000077, 14.32546682900005 ], [ 101.878966392000052, 14.322591948000024 ], [ 101.841309700000068, 14.364994239000055 ], [ 101.812836988000072, 14.347892362000039 ], [ 101.787332781000032, 14.358539780000058 ], [ 101.748571841000057, 14.348843730000056 ], [ 101.741546790000086, 14.308390174000067 ], [ 101.611733034000054, 14.437220628000034 ], [ 101.530502118000072, 14.426034733000051 ], [ 101.478754457000036, 14.461510103000023 ], [ 101.436338918000047, 14.444786356000066 ], [ 101.444338698000081, 14.418763255000044 ], [ 101.422208880000085, 14.383705732000067 ], [ 101.362499159000038, 14.44952898400004 ], [ 101.312331597000082, 14.471356944000036 ], [ 101.306694125000035, 14.497403222000059 ], [ 101.283613225000067, 14.489524173000063 ], [ 101.272992079000062, 14.512644644000034 ], [ 101.242831722000062, 14.471104316000037 ], [ 101.181036651000056, 14.544336553000051 ], [ 101.213585027000079, 14.586472379000043 ], [ 101.186346735000086, 14.721085363000043 ], [ 101.192745164000087, 14.75076417300005 ], [ 101.280626186000063, 14.726080671000034 ], [ 101.282447101000059, 14.743149241000026 ], [ 101.299419600000078, 14.737871952000035 ], [ 101.337605054000051, 14.78719207100005 ], [ 101.453478474000065, 14.864817436000067 ], [ 101.400369488000081, 15.070004709000045 ], [ 101.382024491000038, 15.331402546000049 ], [ 101.500699854000061, 15.356443951000074 ], [ 101.495588247000057, 15.375162878000026 ], [ 101.526961123000035, 15.401384832000076 ], [ 101.543180086000064, 15.402361373000076 ], [ 101.566055217000041, 15.37196061800006 ], [ 101.619101642000032, 15.370439562000058 ], [ 101.65683619400005, 15.401675431000058 ], [ 101.778211216000045, 15.383923878000076 ], [ 101.807945397000083, 15.420969390000039 ], [ 101.87849963900004, 15.389251178000052 ], [ 101.937362600000085, 15.456432178000057 ], [ 102.009998977000066, 15.458219990000032 ], [ 102.034961992000035, 15.477973081000073 ], [ 102.042913991000034, 15.555259545000069 ], [ 102.07335415600005, 15.620297452000045 ], [ 102.121314541000061, 15.64615154300003 ], [ 102.143507768000063, 15.68086450100003 ], [ 102.156173890000048, 15.739596965000032 ], [ 102.200285675000032, 15.739977281000051 ], [ 102.204005557000073, 15.756244864000053 ], [ 102.232857644000035, 15.743707202000053 ], [ 102.256312017000084, 15.78144022400005 ], [ 102.301939743000048, 15.789900038000042 ], [ 102.311573868000039, 15.805824358000052 ], [ 102.358436155000049, 15.768295973000022 ], [ 102.360676929000078, 15.730951860000062 ], [ 102.416497727000035, 15.695873820000031 ], [ 102.512548348000053, 15.728309014000047 ], [ 102.557996011000057, 15.704450583000039 ], [ 102.609854843000051, 15.727833729000054 ], [ 102.639148402000046, 15.715093194000076 ], [ 102.690324403000034, 15.72403212200004 ], [ 102.717390481000052, 15.665964978000034 ], [ 102.746917522000047, 15.668963574000031 ], [ 102.778961367000079, 15.64801923300007 ], [ 102.769484250000062, 15.623910975000058 ], [ 102.781593358000066, 15.561557453000034 ], [ 102.815748029000076, 15.512541996000039 ], [ 102.86657791600004, 15.510384775000034 ], [ 102.882545196000081, 15.523100914000054 ], [ 102.925891063000051, 15.510595140000078 ], [ 102.928927172000044, 15.48965422200007 ], [ 102.943237915000054, 15.491422051000029 ], [ 102.936841214000083, 15.476408775000039 ], [ 102.97496755700007, 15.479302170000039 ], [ 103.010069289000057, 15.436508616000026 ], [ 102.996201905000078, 15.417499889000055 ], [ 102.970850342000062, 15.426881869000056 ], [ 102.951786113000082, 15.401187644000061 ], [ 102.957936585000084, 15.380410003000065 ], [ 102.986358065000047, 15.37394727800006 ], [ 102.984831986000074, 15.321608316000038 ], [ 102.952112037000063, 15.312999438000077 ], [ 102.967726586000083, 15.292225434000045 ], [ 102.955013657000052, 15.271419163000076 ], [ 102.969057406000047, 15.198738147000029 ], [ 102.886201893000077, 15.183279048000031 ], [ 102.822871641000063, 15.151747431000047 ], [ 102.762094940000054, 15.079145767000057 ], [ 102.804473056000063, 15.040788220000024 ], [ 102.781305616000054, 15.012337642000034 ], [ 102.714052836000064, 14.983562545000041 ], [ 102.696612539000057, 14.933720228000027 ], [ 102.600818699000058, 14.935371522000025 ], [ 102.556401486000084, 14.955433742000025 ], [ 102.545787626000049, 14.946877288000053 ], [ 102.567188183000042, 14.927053938000029 ], [ 102.541387222000083, 14.894055168000023 ], [ 102.552040892000036, 14.859822117000022 ], [ 102.534231601000045, 14.814596428000073 ], [ 102.500472046000084, 14.802491428000053 ], [ 102.457899286000043, 14.835097868000048 ], [ 102.440251457000045, 14.796196632000033 ], [ 102.476416585000038, 14.749240805000056 ], [ 102.460064617000057, 14.699059028000022 ], [ 102.474876357000085, 14.656304692000049 ], [ 102.46765042800007, 14.586960896000051 ], [ 102.495501681000064, 14.564802096000051 ], [ 102.481348030000049, 14.511968731000024 ], [ 102.610598488000051, 14.494087109000077 ], [ 102.59983731300008, 14.44903260600006 ], [ 102.569462649000059, 14.426716205000048 ], [ 102.562942698000086, 14.375135356000044 ], [ 102.60266133600004, 14.32251711300006 ], [ 102.642799106000041, 14.326604684000074 ], [ 102.686295433000055, 14.299173804000077 ], [ 102.538321110000084, 14.20216956400003 ], [ 102.498819198000035, 14.186075315000039 ], [ 102.45318001000004, 14.193729372000064 ], [ 102.434529488000067, 14.154589859000055 ], [ 102.389501783000071, 14.144413169000075 ], [ 102.359696418000055, 14.159639374000051 ] ] ] } },
{ "type": "Feature", "properties": { "stable_id": "TH.ADM1.00028" }, "geometry": { "type": "Polygon", "coordinates": [ [ [ 100.026133748000063, 15.507296073000077 ], [ 100.000456687000053, 15.483726861000036 ], [ 99.946841793000033, 15.501306714000066 ], [ 99.928565423000066, 15.672724310000035 ], [ 99.863875040000039, 15.653988135000077 ], [ 99.857565211000065, 15.617437094000024 ], [ 99.736770242000034, 15.685421403000078 ], [ 99.703154941000037, 15.685079490000078 ], [ 99.660240436000038, 15.649326104000068 ], [ 99.599211430000082, 15.629107762000046 ], [ 99.548988344000065, 15.576598944000068 ], [ 99.470022086000085, 15.564444335000076 ], [ 99.423604162000061, 15.613421266000046 ], [ 99.378736600000082, 15.626001966000047 ], [ 99.353328972000043, 15.682212077000031 ], [ 99.24552753100005, 15.722317942000075 ], [ 99.213492161000033, 15.779769414000043 ], [ 99.171001637000074, 15.780524763000074 ], [ 99.103289546000042, 15.823104477000072 ], [ 99.086120969000035, 15.884496026000022 ], [ 99.210505908000073, 15.948069641000075 ], [ 99.28958411900004, 15.891602358000057 ], [ 99.321549362000042, 15.926505272000043 ], [ 99.335232289000032, 15.913150060000078 ], [ 99.358051554000042, 15.925979109000025 ], [ 99.467053647000057, 15.900966206000078 ], [ 99.483474450000074, 15.922291749000067 ], [ 99.537702916000057, 15.924929869000039 ], [ 99.629805001000079, 15.879349851000029 ], [ 99.656010648000063, 15.880261587000064 ], [ 99.662862946000075, 15.856933415000071 ], [ 99.697824123000032, 15.877363652000042 ], [ 99.743196796000063, 15.858173581000074 ], [ 99.768980219000071, 15.920887269000048 ], [ 99.80498229300008, 15.920601438000062 ], [ 99.807196274000034, 15.944103906000066 ], [ 99.84745410000005, 15.981828608000058 ], [ 99.844855004000067, 16.021946626000044 ], [ 99.934919882000088, 16.055968007000047 ], [ 100.016664209000055, 16.15224132700007 ], [ 100.024850743000059, 16.191184368000052 ], [ 100.085535119000042, 16.145305744000041 ], [ 100.077280084000051, 16.124314758000025 ], [ 100.113451034000036, 16.07955045500006 ], [ 100.180119346000083, 15.929307777000076 ], [ 100.232260547000067, 15.929398142000025 ], [ 100.254368397000064, 15.961255738000034 ], [ 100.268641803000037, 15.939644134000048 ], [ 100.309885360000067, 15.961135330000047 ], [ 100.322270698000068, 15.987854715000026 ], [ 100.346350691000055, 15.974012731000073 ], [ 100.338173847000064, 15.937802764000025 ], [ 100.519233352000072, 15.940200138000023 ], [ 100.524074957000039, 15.919238466000024 ], [ 100.582763927000087, 15.951434272000029 ], [ 100.654148082000063, 16.026881236000065 ], [ 100.690027919000045, 15.993438128000037 ], [ 100.742051128000071, 15.986006417000056 ], [ 100.769634330000088, 15.902430152000022 ], [ 100.809791119000067, 15.885361063000062 ], [ 100.798405424000066, 15.825943348000067 ], [ 100.829586082000048, 15.682280773000059 ], [ 100.825624868000034, 15.615055859000051 ], [ 100.807834989000071, 15.59280192500006 ], [ 100.830966170000067, 15.562634148000029 ], [ 100.745987847000038, 15.513287969000032 ], [ 100.768788924000035, 15.49639733600003 ], [ 100.771674633000032, 15.464811642000029 ], [ 100.705449344000044, 15.439837819000047 ], [ 100.678872126000044, 15.452555270000062 ], [ 100.645006618000082, 15.417894878000027 ], [ 100.633482171000082, 15.329583155000023 ], [ 100.590110218000063, 15.26885898300003 ], [ 100.620220610000047, 15.242709923000064 ], [ 100.586618987000065, 15.244704971000033 ], [ 100.590218478000054, 15.229645788000028 ], [ 100.532630385000061, 15.183792107000045 ], [ 100.506210304000035, 15.130104 ], [ 100.474967054000047, 15.10675714000007 ], [ 100.459125659000051, 15.116346156000077 ], [ 100.424430287000064, 15.051634568000054 ], [ 100.354643979000059, 15.096715006000068 ], [ 100.339829851000047, 15.150622756000075 ], [ 100.298227178000047, 15.180020478000074 ], [ 100.250914957000077, 15.302462883000032 ], [ 100.264982952000082, 15.318778403000067 ], [ 100.25019612400007, 15.355089957000075 ], [ 100.059719882000081, 15.425501809000025 ], [ 100.046915195000054, 15.456909655000061 ], [ 100.016429095000035, 15.472259038000061 ], [ 100.026133748000063, 15.507296073000077 ] ] ] } },
{ "type": "Feature", "properties": { "stable_id": "TH.ADM1.00029" }, "geometry": { "type": "MultiPolygon", "coordinates": [ [ [ [ 99.634059881000042, 8.010468974000048 ], [ 99.546780435000073, 7.916552872000068 ], [ 99.533376020000048, 7.878273396000054 ], [ 99.480026121000037, 7.881716272000062 ], [ 99.47157814600007, 7.904500524000071 ], [ 99.424992417000055, 7.876842048000071 ], [ 99.418989748000058, 7.924668423000071 ], [ 99.365224602000069, 7.944966600000043 ], [ 99.395459398000071, 7.952901012000041 ], [ 99.41498804400004, 7.999845807000042 ], [ 99.382833868000034, 8.072466899000062 ], [ 99.387801892000084, 8.140365288000055 ], [ 99.29643941900008, 8.132072021000056 ], [ 99.289546082000072, 8.163977775000035 ], [ 99.319978921000086, 8.20105211200007 ], [ 99.312741880000033, 8.233372489000033 ], [ 99.333496862000061, 8.25828360600002 ], [ 99.332129535000036, 8.286535370000024 ], [ 99.284916967000072, 8.316235572000039 ], [ 99.234819032000075, 8.398902738000061 ], [ 99.286379140000065, 8.469517475000032 ], [ 99.394819181000059, 8.513079459000039 ], [ 99.415943576000075, 8.56881480900006 ], [ 99.456081629000039, 8.603772792000029 ], [ 99.455101901000035, 8.642983872000059 ], [ 99.480946085000085, 8.648156445000041 ], [ 99.492030352000086, 8.696907734000035 ], [ 99.521880975000045, 8.719287520000023 ], [ 99.529324025000051, 8.746102043000064 ], [ 99.52126564200006, 8.844501445000049 ], [ 99.559367932000043, 8.850658580000072 ], [ 99.553320081000038, 8.875969731000055 ], [ 99.575814229000059, 8.910187177000068 ], [ 99.605051042000071, 8.928025825000077 ], [ 99.626051024000049, 8.911846013000059 ], [ 99.644387975000086, 8.928564312000049 ], [ 99.691225947000078, 8.93249454100004 ], [ 99.694187014000079, 8.974577887000066 ], [ 99.725068172000078, 8.981958920000068 ], [ 99.741589689000079, 9.058953443000064 ], [ 99.771765018000053, 9.096430174000034 ], [ 99.723990224000033, 9.114121344000068 ], [ 99.73362350900004, 9.12693988500007 ], [ 99.720330272000069, 9.154832363000025 ], [ 99.741760506000048, 9.180469434000031 ], [ 99.748111055000038, 9.263029127000038 ], [ 99.771594503000074, 9.260889774000077 ], [ 99.767375274000074, 9.320893892000072 ], [ 99.780380949000062, 9.308848176000026 ], [ 99.801174184000047, 9.31930720500003 ], [ 99.807291621000047, 9.300111891000029 ], [ 99.837206200000082, 9.303568050000024 ], [ 99.848392604000082, 9.253368322000028 ], [ 99.870700010000064, 9.237580149000053 ], [ 99.875726646000032, 9.140128670000024 ], [ 99.913142329000038, 9.084197011000072 ], [ 99.913791873000037, 9.022837738000021 ], [ 99.929342117000033, 9.005107185000043 ], [ 99.916110312000058, 8.99276782000004 ], [ 99.915985855000088, 8.90653831700007 ], [ 99.958145293000086, 8.615853243000061 ], [ 99.971265256000038, 8.589129358000037 ], [ 99.989453407000042, 8.594576643000039 ], [ 100.009116937000044, 8.578736845000037 ], [ 100.087213513000052, 8.414540639000052 ], [ 100.138055308000048, 8.388312989000042 ], [ 100.173304426000072, 8.388087235000057 ], [ 100.147271461000059, 8.443346101000031 ], [ 100.163424411000051, 8.500411467000049 ], [ 100.113122328000031, 8.518766631000062 ], [ 100.159824636000053, 8.509083451000038 ], [ 100.205643934000079, 8.459478842000067 ], [ 100.277585182000053, 8.250623627000039 ], [ 100.336573903000044, 7.931797047000032 ], [ 100.311826648000078, 7.93590195400003 ], [ 100.307924209000078, 7.915239244000077 ], [ 100.274108409000064, 7.913846731000035 ], [ 100.230587399000058, 7.882159651000052 ], [ 100.103906934000065, 7.877815691000023 ], [ 100.059485011000049, 7.840052194000066 ], [ 99.987272509000036, 7.860867863000067 ], [ 99.96088539200008, 7.905435477000026 ], [ 99.923150730000032, 7.864939475000028 ], [ 99.881468836000067, 7.893057357000032 ], [ 99.802095902000076, 7.88767972900007 ], [ 99.751294994000034, 7.856398804000037 ], [ 99.735037377000083, 7.867502318000049 ], [ 99.740446210000073, 7.926631396000062 ], [ 99.726489921000052, 7.94003943000007 ], [ 99.753732231000072, 7.97464459300005 ], [ 99.753082182000071, 8.007832903000065 ], [ 99.699504716000035, 7.991256131000057 ], [ 99.634059881000042, 8.010468974000048 ] ] ], [ [ [ 99.783795124000051, 9.322769805000064 ], [ 99.785023119000073, 9.323186660000033 ], [ 99.784217701000046, 9.322143031000053 ], [ 99.783795124000051, 9.322769805000064 ] ] ], [ [ [ 99.767781045000049, 9.324925013000041 ], [ 99.779638952000084, 9.325444671000071 ], [ 99.783099577000087, 9.322461335000071 ], [ 99.767781045000049, 9.324925013000041 ] ] ] ] } },
{ "type": "Feature", "properties": { "stable_id": "TH.ADM1.00030" }, "geometry": { "type": "Polygon", "coordinates": [ [ [ 100.884427279000079, 18.150871162000044 ], [ 100.849543290000042, 18.082013473000075 ], [ 100.81255834600006, 18.078777183000057 ], [ 100.76776228500006, 18.025585759000023 ], [ 100.694396642000072, 18.025455124000075 ], [ 100.615600779000033, 18.047648561000074 ], [ 100.562937169000065, 18.033978216000037 ], [ 100.481769894000081, 18.055570074000059 ], [ 100.426273295000044, 18.013180433000059 ], [ 100.414936234000038, 18.020187011000075 ], [ 100.397893940000074, 18.135218119000058 ], [ 100.446991171000036, 18.158546974000046 ], [ 100.454539123000075, 18.212110270000039 ], [ 100.493278746000044, 18.277702518000069 ], [ 100.482167928000081, 18.348870882000028 ], [ 100.517149099000051, 18.392196544000058 ], [ 100.536594532000038, 18.391698181000038 ], [ 100.549607845000082, 18.456839630000047 ], [ 100.537066309000068, 18.49129520200006 ], [ 100.494673067000065, 18.474120588000062 ], [ 100.435405131000039, 18.501331239000024 ], [ 100.399315418000072, 18.485750168000038 ], [ 100.386490174000073, 18.55854116200004 ], [ 100.370954393000034, 18.567002096000067 ], [ 100.392388813000082, 18.634628600000042 ], [ 100.362054999000065, 18.643435625000052 ], [ 100.353204992000087, 18.677551695000034 ], [ 100.391369199000053, 18.739382987000056 ], [ 100.35863573000006, 18.750402844000064 ], [ 100.36164046600004, 18.778965119000077 ], [ 100.337029516000086, 18.787028875000033 ], [ 100.337004837000052, 18.820168133000038 ], [ 100.405278247000069, 18.942213 ], [ 100.454156772000033, 18.934690156000045 ], [ 100.498463898000068, 18.978484907000052 ], [ 100.502724817000058, 18.996192270000051 ], [ 100.455574482000031, 19.006813077000061 ], [ 100.493693897000071, 19.052361318000067 ], [ 100.60205066900005, 19.021946412000034 ], [ 100.619289210000034, 19.033648077000066 ], [ 100.564007403000062, 19.076372168000034 ], [ 100.572793683000043, 19.104084097000054 ], [ 100.606181032000052, 19.102345800000023 ], [ 100.625547934000053, 19.123673198000063 ], [ 100.602744864000044, 19.247336919000077 ], [ 100.613964253000063, 19.326458944000024 ], [ 100.57129382100004, 19.305094027000052 ], [ 100.521477473000061, 19.380602457000066 ], [ 100.497486070000036, 19.371290268000052 ], [ 100.486042466000072, 19.38549490500003 ], [ 100.488094904000036, 19.399551421000069 ], [ 100.561734896000075, 19.433198318000052 ], [ 100.571905176000087, 19.464063554000063 ], [ 100.602515941000036, 19.479213751000032 ], [ 100.607958119000045, 19.552785866000022 ], [ 100.673480188000042, 19.550190931000031 ], [ 100.756783760000076, 19.512193354000033 ], [ 100.767644910000058, 19.485869310000055 ], [ 100.859792047000042, 19.574211708000064 ], [ 100.892919307000057, 19.634350426000026 ], [ 101.014216043000033, 19.620080221000023 ], [ 101.029505548000031, 19.629763574000037 ], [ 101.122516701000052, 19.572173108000072 ], [ 101.19794492300008, 19.577524434000054 ], [ 101.207118626000067, 19.605045543000074 ], [ 101.241520011000034, 19.60326176600006 ], [ 101.287597151000057, 19.570804873000043 ], [ 101.274137621000079, 19.551532276000046 ], [ 101.284330624000063, 19.53038179400005 ], [ 101.26428568700004, 19.462597194000068 ], [ 101.246320397000034, 19.459587440000064 ], [ 101.238124699000082, 19.475978837000071 ], [ 101.212487979000059, 19.467664361000061 ], [ 101.221120931000087, 19.418494074000023 ], [ 101.195609513000079, 19.401705321000065 ], [ 101.199538552000035, 19.367634731000066 ], [ 101.247770476000085, 19.326534376000041 ], [ 101.226000425000052, 19.307767091000073 ], [ 101.258529983000074, 19.230837818000055 ], [ 101.244271473000083, 19.17837253700003 ], [ 101.254003865000072, 19.133296195000071 ], [ 101.355132691000051, 19.050294661000066 ], [ 101.345621305000066, 19.00632304800007 ], [ 101.307788136000056, 19.001652789000048 ], [ 101.291908970000065, 18.975529 ], [ 101.293957895000062, 18.937623894000069 ], [ 101.245295935000058, 18.88998639700003 ], [ 101.250651408000067, 18.780170617000067 ], [ 101.222872429000063, 18.729355412000075 ], [ 101.234781876000056, 18.691658089000043 ], [ 101.257426769000062, 18.679217742000048 ], [ 101.253361553000047, 18.658891660000052 ], [ 101.212031852000052, 18.619594568000025 ], [ 101.179510120000032, 18.61281920700003 ], [ 101.181542729000057, 18.567424290000076 ], [ 101.101593472000047, 18.521351837000054 ], [ 101.089723561000085, 18.47964978400006 ], [ 101.052810874000045, 18.444790260000048 ], [ 101.088016914000036, 18.380450201000031 ], [ 101.072131197000033, 18.356951481000067 ], [ 100.979529996000053, 18.305742285000065 ], [ 100.923389746000055, 18.247314918000029 ], [ 100.913275020000071, 18.159504663000064 ], [ 100.884427279000079, 18.150871162000044 ] ] ] } },
{ "type": "Feature", "properties": { "stable_id": "TH.ADM1.00031" }, "geometry": { "type": "Polygon", "coordinates": [ [ [ 101.836198054000079, 5.789232829000071 ], [ 101.819567816000074, 5.730249349000076 ], [ 101.755688968000072, 5.795803113000034 ], [ 101.717056622000086, 5.779684982000049 ], [ 101.713986502000068, 5.756147394000038 ], [ 101.689425541000048, 5.756914924000057 ], [ 101.658724339000059, 5.814479678000055 ], [ 101.659491869000078, 5.872556118000034 ], [ 101.622138740000082, 5.874347022000052 ], [ 101.613951752000048, 5.90990924700003 ], [ 101.581715490000079, 5.932935149000059 ], [ 101.503448177000053, 5.888248797000074 ], [ 101.474376730000074, 5.989059300000065 ], [ 101.476048881000054, 6.062586700000054 ], [ 101.446280822000062, 6.08296596200006 ], [ 101.427784264000081, 6.137933274000034 ], [ 101.388916381000058, 6.165682133000075 ], [ 101.371246761000066, 6.208039123000049 ], [ 101.402675317000046, 6.237914831000069 ], [ 101.387799847000053, 6.335564738000073 ], [ 101.41705651500007, 6.373400597000057 ], [ 101.42366985700005, 6.42112071300005 ], [ 101.467000567000071, 6.42371668800007 ], [ 101.464674767000076, 6.463807222000071 ], [ 101.507616129000041, 6.451294603000065 ], [ 101.590762588000075, 6.512082323000072 ], [ 101.608870340000067, 6.54334809900007 ], [ 101.573870096000064, 6.599929495000026 ], [ 101.586281960000065, 6.626346954000041 ], [ 101.631401159000063, 6.635138712000071 ], [ 101.668928661000052, 6.573950068000045 ], [ 101.724841854000033, 6.576857325000049 ], [ 101.816291904000082, 6.452915207000046 ], [ 101.874468602000036, 6.424653878000072 ], [ 101.958178352000061, 6.333681238000054 ], [ 102.090831483000045, 6.244880632000047 ], [ 102.077486526000087, 6.190498689000037 ], [ 102.089235468000084, 6.138429515000041 ], [ 102.053786588000037, 6.079936368000062 ], [ 101.979130375000068, 6.030061653000075 ], [ 101.929690179000033, 5.949333857000056 ], [ 101.921930312000086, 5.910985775000029 ], [ 101.943842314000051, 5.871764140000039 ], [ 101.917585209000038, 5.843237353000063 ], [ 101.880137149000063, 5.832414423000046 ], [ 101.866766468000037, 5.791310294000027 ], [ 101.836198054000079, 5.789232829000071 ] ] ] } },
{ "type": "Feature", "properties": { "stable_id": "TH.ADM1.00032" }, "geometry": { "type": "Polygon", "coordinates": [ [ [ 102.783498208000083, 17.679859466000039 ], [ 102.760280318000071, 17.64197604800006 ], [ 102.767865893000078, 17.621659717000057 ], [ 102.742097712000032, 17.619991058000039 ], [ 102.731549503000053, 17.603536193000025 ], [ 102.694506768000053, 17.62102373700003 ], [ 102.650596380000081, 17.593798092000043 ], [ 102.646995021000066, 17.613928408000049 ], [ 102.59839973000004, 17.62314389900007 ], [ 102.607044777000056, 17.690763546000028 ], [ 102.527901803000077, 17.76220414200003 ], [ 102.466059215000087, 17.755144199000028 ], [ 102.439970705000064, 17.767818157000022 ], [ 102.430275250000079, 17.796444841000039 ], [ 102.441424419000043, 17.819934105000073 ], [ 102.409781996000049, 17.835354418000065 ], [ 102.388800589000084, 17.895492723000075 ], [ 102.309369530000083, 17.946919254000022 ], [ 102.293891749000068, 17.983175551000045 ], [ 102.206214003000071, 18.00783887700004 ], [ 102.204367150000053, 18.019497090000073 ], [ 102.149193672000081, 17.992204776000051 ], [ 102.144540147000043, 18.033435948000033 ], [ 102.106531831000041, 18.026200208000034 ], [ 102.100964666000039, 18.076476151000065 ], [ 102.055139894000035, 18.086168997000073 ], [ 102.068121561000055, 18.14100221700005 ], [ 102.102014625000038, 18.162931403000073 ], [ 102.104732638000087, 18.210991123000042 ], [ 102.164255220000086, 18.201864571000044 ], [ 102.188090061000082, 18.14678923300005 ], [ 102.294905953000068, 18.051877201000025 ], [ 102.346100702000058, 18.045093875000077 ], [ 102.468942903000084, 17.967811539000024 ], [ 102.60088309300005, 17.957106452000062 ], [ 102.612658688000067, 17.903848647000075 ], [ 102.583487036000065, 17.865137749000041 ], [ 102.592319024000062, 17.841223892000073 ], [ 102.677424461000044, 17.803756089000046 ], [ 102.69722887100005, 17.820081346000052 ], [ 102.67822734300006, 17.844970672000045 ], [ 102.688129548000063, 17.869057117000068 ], [ 102.757177355000067, 17.894214069000043 ], [ 102.784207698000046, 17.932217126000069 ], [ 102.853523133000067, 17.970220184000027 ], [ 102.952812810000069, 18.005011714000034 ], [ 103.018113837000044, 17.972361200000023 ], [ 103.040862145000062, 17.98065764200004 ], [ 103.079400457000077, 18.03980324500003 ], [ 103.082286632000034, 18.131122996000045 ], [ 103.147658142000068, 18.172881663000055 ], [ 103.14966034300005, 18.230545036000024 ], [ 103.166078386000038, 18.25577276100006 ], [ 103.294619655000076, 18.304626452000036 ], [ 103.290615254000045, 18.323847578000027 ], [ 103.24336332300004, 18.352278823000063 ], [ 103.271914527000035, 18.403482809000025 ], [ 103.305831977000082, 18.432767281000054 ], [ 103.403138919000071, 18.448384444000055 ], [ 103.610967325000047, 18.402734274000068 ], [ 103.703068545000065, 18.341867382000032 ], [ 103.817994851000037, 18.336661660000061 ], [ 103.856795663000071, 18.283406617000026 ], [ 103.924111474000085, 18.328652859000044 ], [ 103.968960764000087, 18.338263420000033 ], [ 104.060756101000038, 18.22116139700006 ], [ 104.110024186000032, 18.109100653000041 ], [ 104.188978907000035, 18.023218382000039 ], [ 104.169432953000069, 18.003993540000067 ], [ 104.112182941000071, 18.005256619000022 ], [ 104.13331775000006, 17.950596327000028 ], [ 104.123378306000063, 17.921412299000053 ], [ 104.072649330000047, 17.879745876000072 ], [ 104.062035974000082, 17.901393033000033 ], [ 104.03432895800006, 17.90933181500003 ], [ 103.996390753000071, 17.891801004000058 ], [ 103.983940314000051, 17.856791742000041 ], [ 104.012230717000079, 17.810801542000036 ], [ 103.979401580000058, 17.770859407000046 ], [ 103.97321114500005, 17.785030221000056 ], [ 103.943656186000055, 17.784354784000072 ], [ 103.91827528500005, 17.819075698000063 ], [ 103.92245082800008, 17.853855797000051 ], [ 103.903161401000034, 17.847145518000048 ], [ 103.905255691000036, 17.880481168000074 ], [ 103.870770233000087, 17.869298994000076 ], [ 103.855668900000069, 17.883021531000054 ], [ 103.836063705000072, 17.870212589000062 ], [ 103.795887993000065, 17.877229643000078 ], [ 103.810828580000077, 17.858443521000027 ], [ 103.794012471000087, 17.842288359000065 ], [ 103.764593277000074, 17.883306193000067 ], [ 103.786809048000066, 17.891621999000051 ], [ 103.774767085000065, 17.909071642000072 ], [ 103.78233416900008, 17.931611476000057 ], [ 103.756788407000045, 17.922251863000042 ], [ 103.76546589700007, 17.955657291000023 ], [ 103.746744312000033, 17.91147840800005 ], [ 103.715507100000082, 17.942913694000026 ], [ 103.661394982000047, 17.950179822000052 ], [ 103.662847996000039, 17.973318343000074 ], [ 103.641952679000042, 17.963004500000068 ], [ 103.624541660000034, 17.976325355000029 ], [ 103.621241993000069, 18.003597941000066 ], [ 103.63910024900008, 18.014110367000058 ], [ 103.611222117000068, 18.01307336800005 ], [ 103.595200979000083, 18.049673923000057 ], [ 103.58132161900005, 18.038030183000046 ], [ 103.542546754000057, 18.064633918000027 ], [ 103.539919662000045, 18.088909788000024 ], [ 103.534628869000073, 18.068056517000059 ], [ 103.514475380000079, 18.074132696000049 ], [ 103.494704765000051, 18.05851003500004 ], [ 103.498119870000039, 17.990268426000057 ], [ 103.47152254100007, 18.005215863000046 ], [ 103.439392552000072, 17.98526914200005 ], [ 103.44545548900004, 17.967116744000066 ], [ 103.407827900000086, 17.992361487000039 ], [ 103.392724242000043, 17.985700898000061 ], [ 103.388297643000044, 17.96632717600005 ], [ 103.412610747000087, 17.934473882000077 ], [ 103.39782053600004, 17.928903051000077 ], [ 103.397205321000058, 17.881926821000036 ], [ 103.343190011000047, 17.85069074300003 ], [ 103.329170644000044, 17.824172282000063 ], [ 103.292069486000059, 17.830706713000041 ], [ 103.240727732000039, 17.885114351000027 ], [ 103.189694788000054, 17.867026377000059 ], [ 103.152765946000045, 17.802811210000073 ], [ 103.114602901000069, 17.858848242000022 ], [ 103.077901761000078, 17.885749843000042 ], [ 103.043189199000039, 17.889693237000074 ], [ 102.96928710800006, 17.823692950000066 ], [ 102.927962892000039, 17.892380156000058 ], [ 102.875787861000049, 17.894345847000068 ], [ 102.873660197000049, 17.85835534000006 ], [ 102.826064634000033, 17.813621735000027 ], [ 102.853245879000042, 17.776980704000039 ], [ 102.847251459000063, 17.726510330000053 ], [ 102.830618104000052, 17.694015640000032 ], [ 102.783498208000083, 17.679859466000039 ] ] ] } },
{ "type": "Feature", "properties": { "stable_id": "TH.ADM1.00033" }, "geometry": { "type": "Polygon", "coordinates": [ [ [ 100.515249840000081, 13.813269791000039 ], [ 100.466176870000083, 13.788917403000028 ], [ 100.32791246000005, 13.804125359000068 ], [ 100.265448782000078, 13.920607142000051 ], [ 100.298139605000074, 13.963253059000067 ], [ 100.26351909300007, 13.999038251000059 ], [ 100.264258966000057, 14.060226841000031 ], [ 100.296062704000065, 14.139312669000049 ], [ 100.344040183000061, 14.115030502000025 ], [ 100.33163787400008, 14.05656659300007 ], [ 100.359107165000069, 13.996966955000062 ], [ 100.453476297000066, 13.967342546000054 ], [ 100.457927895000068, 13.977517345000024 ], [ 100.498969946000045, 13.937998488000062 ], [ 100.567548358000067, 13.951203277000047 ], [ 100.543629472000077, 13.849628112000062 ], [ 100.50993102800004, 13.825431188000039 ], [ 100.515249840000081, 13.813269791000039 ] ] ] } },
{ "type": "Feature", "properties": { "stable_id": "TH.ADM1.00034" }, "geometry": { "type": "Polygon", "coordinates": [ [ [ 101.423116791000041, 6.593782053000041 ], [ 101.348997517000043, 6.556494673000032 ], [ 101.300571066000032, 6.570183959000076 ], [ 101.290156893000074, 6.682998764000047 ], [ 101.274411654000062, 6.649087189000056 ], [ 101.248205322000047, 6.643440465000026 ], [ 101.213835058000086, 6.59584830700004 ], [ 101.133741766000071, 6.609010555000054 ], [ 101.067107821000036, 6.647515268000063 ], [ 101.050923807000061, 6.665818849000061 ], [ 101.057875458000069, 6.711226450000026 ], [ 101.017390528000078, 6.725795821000077 ], [ 101.031815322000057, 6.742757441000037 ], [ 101.02863443800004, 6.778556974000026 ], [ 101.054372593000039, 6.801492333000056 ], [ 101.04445854100004, 6.84602901300002 ], [ 101.192295085000069, 6.866020762000062 ], [ 101.252135754000051, 6.904551238000067 ], [ 101.286876181000082, 6.87860988400007 ], [ 101.309136080000087, 6.886434569000073 ], [ 101.33587041800007, 6.870518583000035 ], [ 101.343069017000062, 6.910380104000069 ], [ 101.324375709000037, 6.927937969000027 ], [ 101.301515408000057, 6.927447560000076 ], [ 101.283081889000073, 6.948761790000049 ], [ 101.236641648000045, 6.926617773000032 ], [ 101.278134958000066, 6.952055490000021 ], [ 101.309980577000033, 6.940190852000057 ], [ 101.36203168600008, 6.902055179000058 ], [ 101.52629532900005, 6.865017248000072 ], [ 101.55759332000008, 6.845412225000075 ], [ 101.724841854000033, 6.576857325000049 ], [ 101.668928661000052, 6.573950068000045 ], [ 101.631401159000063, 6.635138712000071 ], [ 101.576971928000034, 6.619399969000028 ], [ 101.574396809000064, 6.598342992000028 ], [ 101.596944362000045, 6.57901769700004 ], [ 101.567808319000051, 6.551428247000047 ], [ 101.535261891000061, 6.55654172900006 ], [ 101.503273507000074, 6.604210786000067 ], [ 101.458942058000048, 6.595534994000047 ], [ 101.452357738000046, 6.577030803000071 ], [ 101.423116791000041, 6.593782053000041 ] ] ] } },
{ "type": "Feature", "properties": { "stable_id": "TH.ADM1.00035" }, "geometry": { "type": "MultiPolygon", "coordinates": [ [ [ [ 97.642455841000071, 8.486349587000063 ], [ 97.654060869000034, 8.478040804000045 ], [ 97.638976762000084, 8.485295388000054 ], [ 97.642455841000071, 8.486349587000063 ] ] ], [ [ [ 97.644193037000036, 8.494906059000073 ], [ 97.635187903000087, 8.508166022000069 ], [ 97.64861781500008, 8.495610115000034 ], [ 97.644193037000036, 8.494906059000073 ] ] ], [ [ [ 97.655553593000036, 8.516693653000061 ], [ 97.654667127000039, 8.515631388000031 ], [ 97.653770532000067, 8.51746877000005 ], [ 97.655553593000036, 8.516693653000061 ] ] ], [ [ [ 97.631064, 8.576373205000039 ], [ 97.640699622000056, 8.568439095000031 ], [ 97.637255598000081, 8.559177470000066 ], [ 97.631064, 8.576373205000039 ] ] ], [ [ [ 97.647369887000082, 8.568732244000046 ], [ 97.64189121000004, 8.573342603000071 ], [ 97.644899179000049, 8.572129548000021 ], [ 97.647369887000082, 8.568732244000046 ] ] ], [ [ [ 97.64091985400006, 8.59143374100006 ], [ 97.635266314000035, 8.588404487000048 ], [ 97.636420399000087, 8.597211634000075 ], [ 97.64091985400006, 8.59143374100006 ] ] ], [ [ [ 97.650603171000057, 8.668373109000072 ], [ 97.653358503000049, 8.630323548000035 ], [ 97.648704850000058, 8.628850171000067 ], [ 97.637014019000048, 8.660798001000046 ], [ 97.650603171000057, 8.668373109000072 ] ] ], [ [ [ 97.649309019000043, 8.681543267000052 ], [ 97.65049326500008, 8.673258670000052 ], [ 97.640758500000061, 8.680621878000068 ], [ 97.649309019000043, 8.681543267000052 ] ] ], [ [ [ 97.799215318000051, 8.818380355000045 ], [ 97.80616950600006, 8.826547622000021 ], [ 97.807577132000063, 8.818040847000077 ], [ 97.799215318000051, 8.818380355000045 ] ] ], [ [ [ 98.272919784000067, 9.01444568900007 ], [ 98.323841917000038, 8.984122981000041 ], [ 98.286215872000071, 8.919490706000033 ], [ 98.266818973000056, 8.863375994000023 ], [ 98.248234271000058, 8.913954738000029 ], [ 98.262816885000063, 8.954368135000038 ], [ 98.24751242800005, 9.007142161000047 ], [ 98.272919784000067, 9.01444568900007 ] ] ], [ [ [ 98.29995591900007, 8.942665420000026 ], [ 98.300691899000071, 8.941689550000035 ], [ 98.299799270000051, 8.94145048300004 ], [ 98.29995591900007, 8.942665420000026 ] ] ], [ [ [ 98.324479452000048, 8.980161115000044 ], [ 98.327349499000036, 8.980804893000027 ], [ 98.324924635000059, 8.977711986000031 ], [ 98.324479452000048, 8.980161115000044 ] ] ], [ [ [ 98.33861416600007, 8.994909002000043 ], [ 98.34878941900007, 8.98576096000005 ], [ 98.343273558000078, 8.987839762000021 ], [ 98.33861416600007, 8.994909002000043 ] ] ], [ [ [ 97.806253434000041, 9.081228255000042 ], [ 97.818872450000072, 9.067907333000051 ], [ 97.813871386000073, 9.060247422000032 ], [ 97.80790901000006, 9.064317704000075 ], [ 97.806253434000041, 9.081228255000042 ] ] ], [ [ [ 98.287715070000047, 9.168044956000074 ], [ 98.334320449000074, 9.080073038000023 ], [ 98.287451455000053, 9.029015939000033 ], [ 98.247420909000084, 9.031291769000063 ], [ 98.261260605000075, 9.164997364000044 ], [ 98.287715070000047, 9.168044956000074 ] ] ], [ [ [ 98.346962212000051, 9.100601091000044 ], [ 98.35110807500007, 9.098818596000058 ], [ 98.350830064000036, 9.096167893000029 ], [ 98.346962212000051, 9.100601091000044 ] ] ], [ [ [ 98.34839979700007, 9.103317605000029 ], [ 98.344545273000051, 9.102487126000028 ], [ 98.346032416000071, 9.106924331000073 ], [ 98.34839979700007, 9.103317605000029 ] ] ], [ [ [ 98.305392383000083, 9.140328146000058 ], [ 98.306799150000074, 9.140988784000058 ], [ 98.306326437000052, 9.139514447000067 ], [ 98.305392383000083, 9.140328146000058 ] ] ], [ [ [ 98.338952259000052, 9.149118338000051 ], [ 98.337937650000072, 9.148053565000055 ], [ 98.337840931000073, 9.149697003000028 ], [ 98.338952259000052, 9.149118338000051 ] ] ], [ [ [ 98.336327874000062, 9.12852384100006 ], [ 98.31137841900005, 9.154242112000077 ], [ 98.312657943000033, 9.180309974000068 ], [ 98.324431814000036, 9.164194315000032 ], [ 98.338851110000064, 9.146959416000072 ], [ 98.336327874000062, 9.12852384100006 ] ] ], [ [ [ 98.292921409000087, 9.16692732000007 ], [ 98.291965318000052, 9.165699554000071 ], [ 98.29016796500008, 9.167997899000056 ], [ 98.292921409000087, 9.16692732000007 ] ] ], [ [ [ 98.317048075000059, 9.251750246000029 ], [ 98.295463150000046, 9.195741723000026 ], [ 98.260021216000041, 9.16788785600005 ], [ 98.263930410000057, 9.205965081000045 ], [ 98.306539270000087, 9.264474494000069 ], [ 98.317048075000059, 9.251750246000029 ] ] ], [ [ [ 98.34840620500006, 9.219889710000075 ], [ 98.34613214400008, 9.219744071000036 ], [ 98.345734534000087, 9.221741688000066 ], [ 98.34840620500006, 9.219889710000075 ] ] ], [ [ [ 98.323564581000085, 9.330822132000037 ], [ 98.32128960600005, 9.335868914000059 ], [ 98.32532404400007, 9.336952235000069 ], [ 98.323564581000085, 9.330822132000037 ] ] ], [ [ [ 97.865537644000085, 9.374746322000021 ], [ 97.866964342000074, 9.365236283000058 ], [ 97.863019941000061, 9.366380693000053 ], [ 97.865537644000085, 9.374746322000021 ] ] ], [ [ [ 97.897481919000086, 9.394895551000047 ], [ 97.891969681000035, 9.39697456600004 ], [ 97.891965866000078, 9.397893905000046 ], [ 97.897481919000086, 9.394895551000047 ] ] ], [ [ [ 97.867799758000046, 9.419523238000068 ], [ 97.883226395000065, 9.383737562000022 ], [ 97.875757217000057, 9.378755571000056 ], [ 97.840387342000042, 9.414045336000072 ], [ 97.867799758000046, 9.419523238000068 ] ] ], [ [ [ 97.831838606000076, 9.425653457000067 ], [ 97.833761216000084, 9.418935776000069 ], [ 97.828668595000067, 9.418588638000074 ], [ 97.831838606000076, 9.425653457000067 ] ] ], [ [ [ 97.893884933000038, 9.454011012000024 ], [ 97.901494982000031, 9.421293261000073 ], [ 97.878301622000038, 9.44267082500005 ], [ 97.880502701000069, 9.414075853000043 ], [ 97.847200395000073, 9.435842513000068 ], [ 97.861028672000032, 9.435476302000041 ], [ 97.855089186000043, 9.455816268000035 ], [ 97.893884933000038, 9.454011012000024 ] ] ], [ [ [ 97.906011583000065, 9.477956772000027 ], [ 97.904626844000063, 9.473192213000061 ], [ 97.902704238000069, 9.478742602000068 ], [ 97.906011583000065, 9.477956772000027 ] ] ], [ [ [ 98.453483662000053, 8.118635162000032 ], [ 98.452111116000083, 8.11579817300003 ], [ 98.451099998000075, 8.11732377900006 ], [ 98.453483662000053, 8.118635162000032 ] ] ], [ [ [ 98.448218135000047, 8.127465182000037 ], [ 98.441654372000073, 8.126563540000063 ], [ 98.442295986000033, 8.13158052700004 ], [ 98.448218135000047, 8.127465182000037 ] ] ], [ [ [ 98.428805443000044, 8.127906646000042 ], [ 98.42956130500005, 8.12948940900003 ], [ 98.428835273000061, 8.127753237000036 ], [ 98.428805443000044, 8.127906646000042 ] ] ], [ [ [ 98.41031372100008, 8.14377814900007 ], [ 98.409652007000034, 8.144956443000069 ], [ 98.410858140000073, 8.144980860000032 ], [ 98.41031372100008, 8.14377814900007 ] ] ], [ [ [ 98.412048171000038, 8.158630715000072 ], [ 98.410061024000072, 8.149656222000033 ], [ 98.40821247000008, 8.159138444000064 ], [ 98.412048171000038, 8.158630715000072 ] ] ], [ [ [ 98.411131424000075, 8.160278403000063 ], [ 98.407922567000071, 8.160329743000034 ], [ 98.409984342000087, 8.16239749600004 ], [ 98.411131424000075, 8.160278403000063 ] ] ], [ [ [ 98.478073374000076, 8.231422079000026 ], [ 98.476143748000084, 8.228149686000052 ], [ 98.476717809000036, 8.231713257000024 ], [ 98.478073374000076, 8.231422079000026 ] ] ], [ [ [ 98.477808060000086, 8.237618200000043 ], [ 98.477584684000078, 8.233612134000055 ], [ 98.476754824000068, 8.232732231000057 ], [ 98.476206421000086, 8.236175189000051 ], [ 98.477808060000086, 8.237618200000043 ] ] ], [ [ [ 98.478305856000077, 8.239278131000049 ], [ 98.47782492500005, 8.239210864000029 ], [ 98.477818756000033, 8.23949822700007 ], [ 98.478305856000077, 8.239278131000049 ] ] ], [ [ [ 98.463611677000074, 8.241093317000036 ], [ 98.464228449000075, 8.24165752600004 ], [ 98.464073307000035, 8.241016225000067 ], [ 98.463611677000074, 8.241093317000036 ] ] ], [ [ [ 98.477475002000062, 8.247834835000049 ], [ 98.479125176000082, 8.246059342000024 ], [ 98.478291952000063, 8.245481994000045 ], [ 98.477475002000062, 8.247834835000049 ] ] ], [ [ [ 98.472362731000032, 8.25383017200005 ], [ 98.467444581000052, 8.246393640000065 ], [ 98.464458643000057, 8.242567273000077 ], [ 98.472362731000032, 8.25383017200005 ] ] ], [ [ [ 98.472974410000063, 8.258034491000046 ], [ 98.472364532000086, 8.256410879000043 ], [ 98.472495765000076, 8.258400072000029 ], [ 98.472974410000063, 8.258034491000046 ] ] ], [ [ [ 98.459633561000032, 8.270890010000073 ], [ 98.456838944000083, 8.271283573000062 ], [ 98.457648195000047, 8.273487061000026 ], [ 98.459633561000032, 8.270890010000073 ] ] ], [ [ [ 98.484943986000076, 8.271913503000064 ], [ 98.479933692000031, 8.270550224000033 ], [ 98.481204249000086, 8.281006276000028 ], [ 98.484943986000076, 8.271913503000064 ] ] ], [ [ [ 98.473650871000075, 8.275123462000067 ], [ 98.474428655000054, 8.274633377000043 ], [ 98.47400305900004, 8.274199976000034 ], [ 98.473650871000075, 8.275123462000067 ] ] ], [ [ [ 98.456879528000059, 8.278067649000036 ], [ 98.457117449000066, 8.276160792000042 ], [ 98.45578211600008, 8.277710481000042 ], [ 98.456879528000059, 8.278067649000036 ] ] ], [ [ [ 98.478975181000067, 8.297161336000045 ], [ 98.480510601000049, 8.307253561000039 ], [ 98.480876081000076, 8.295417583000074 ], [ 98.478975181000067, 8.297161336000045 ] ] ], [ [ [ 98.469665275000068, 8.304163795000022 ], [ 98.471006164000073, 8.303549037000039 ], [ 98.470618408000064, 8.303101353000045 ], [ 98.469665275000068, 8.304163795000022 ] ] ], [ [ [ 98.494976182000073, 8.333742603000076 ], [ 98.497562051000045, 8.320233707000057 ], [ 98.473540401000037, 8.316669500000046 ], [ 98.453713303000086, 8.278264116000059 ], [ 98.469093868000073, 8.203175030000068 ], [ 98.444134169000051, 8.19151258200003 ], [ 98.440417567000054, 8.144235967000043 ], [ 98.427281449000077, 8.135231258000033 ], [ 98.420825043000036, 8.158231931000046 ], [ 98.412404009000056, 8.162524819000055 ], [ 98.406518209000069, 8.162490518000027 ], [ 98.404063690000044, 8.136682140000062 ], [ 98.386945328000081, 8.126617554000063 ], [ 98.360097113000052, 8.188223331000074 ], [ 98.335185520000039, 8.180169070000034 ], [ 98.31771599700005, 8.199690622000048 ], [ 98.282132509000064, 8.204936172000032 ], [ 98.205043223000075, 8.55336593100003 ], [ 98.21618604300005, 8.586857178000059 ], [ 98.233279935000041, 8.582311600000025 ], [ 98.241737282000088, 8.597273923000046 ], [ 98.229801916000042, 8.621005704000027 ], [ 98.246936627000082, 8.65376344200007 ], [ 98.220653256000048, 8.73875263900004 ], [ 98.238531669000054, 8.735736582000072 ], [ 98.26148833600007, 8.762429454000028 ], [ 98.26382602800004, 8.859287274000053 ], [ 98.279575331000046, 8.873164514000052 ], [ 98.322101058000044, 8.970836542000029 ], [ 98.358774926000081, 8.983415343000047 ], [ 98.39913275400005, 9.032955093000055 ], [ 98.387361762000069, 9.033434904000046 ], [ 98.347956196000041, 9.00244196400007 ], [ 98.319152877000079, 9.031029615000023 ], [ 98.345459037000069, 9.068062417000021 ], [ 98.386439267000071, 9.062528142000076 ], [ 98.364166383000054, 9.093427817000077 ], [ 98.373936180000044, 9.100091722000059 ], [ 98.351999749000072, 9.095008408000069 ], [ 98.340499888000068, 9.153154896000046 ], [ 98.316172874000074, 9.194340406000038 ], [ 98.328869114000042, 9.223017674000062 ], [ 98.36902080200008, 9.20709763900004 ], [ 98.366850715000055, 9.227519183000027 ], [ 98.34607347900004, 9.243064589000028 ], [ 98.403451499000084, 9.347895854000058 ], [ 98.526083183000082, 9.289822542000024 ], [ 98.529194086000075, 9.251584617000049 ], [ 98.500201166000068, 9.209893548000025 ], [ 98.499936016000049, 9.152998723000053 ], [ 98.484414763000075, 9.140721493000058 ], [ 98.493724498000063, 9.082543566000027 ], [ 98.473661856000035, 9.061135499000045 ], [ 98.510827457000062, 8.994796136000048 ], [ 98.454646708000041, 8.966819346000023 ], [ 98.443098889000055, 8.945222037000065 ], [ 98.457116689000031, 8.933579924000071 ], [ 98.445995979000031, 8.89525517800007 ], [ 98.507578095000042, 8.876917161000051 ], [ 98.53565139300008, 8.858371323000028 ], [ 98.554834706000065, 8.814054596000062 ], [ 98.598908087000041, 8.795285750000062 ], [ 98.594651966000072, 8.712181609000027 ], [ 98.536945754000044, 8.660817648000034 ], [ 98.604317861000084, 8.625686161000033 ], [ 98.674891062000086, 8.661650566000048 ], [ 98.703438107000068, 8.631978692000075 ], [ 98.707753782000054, 8.597982989000059 ], [ 98.650430806000031, 8.479822377000062 ], [ 98.667637721000062, 8.459594791000029 ], [ 98.664650619000042, 8.426874415000043 ], [ 98.644095613000047, 8.411296587000038 ], [ 98.660569380000084, 8.382215893000023 ], [ 98.609224019000067, 8.381996539000056 ], [ 98.60706777200005, 8.365412524000021 ], [ 98.575362650000045, 8.362611971000035 ], [ 98.517031141000075, 8.325732816000027 ], [ 98.507161753000048, 8.342904490000024 ], [ 98.494976182000073, 8.333742603000076 ] ] ], [ [ [ 98.376788687000044, 9.021709986000076 ], [ 98.37701473900006, 9.018638539000051 ], [ 98.375129718000039, 9.019273572000031 ], [ 98.376788687000044, 9.021709986000076 ] ] ], [ [ [ 98.390445867000039, 9.031644547000042 ], [ 98.393756082000039, 9.031435083000076 ], [ 98.389583683000069, 9.031442524000056 ], [ 98.390445867000039, 9.031644547000042 ] ] ], [ [ [ 98.361551588000054, 9.073689789000071 ], [ 98.359916139000063, 9.073392192000028 ], [ 98.361474249000082, 9.074782246000041 ], [ 98.361551588000054, 9.073689789000071 ] ] ], [ [ [ 98.367232462000061, 9.083033135000051 ], [ 98.364931268000078, 9.079540550000047 ], [ 98.366148716000055, 9.083240717000024 ], [ 98.367232462000061, 9.083033135000051 ] ] ], [ [ [ 98.361706825000056, 9.214799188000029 ], [ 98.364579702000071, 9.210096778000036 ], [ 98.364574807000054, 9.209037921000061 ], [ 98.361706825000056, 9.214799188000029 ] ] ], [ [ [ 98.366037623000068, 9.214590888000032 ], [ 98.36536026400006, 9.215212954000037 ], [ 98.365718644000083, 9.216069230000073 ], [ 98.366037623000068, 9.214590888000032 ] ] ], [ [ [ 98.365372003000061, 9.216380465000043 ], [ 98.364172947000043, 9.216731623000044 ], [ 98.365140850000046, 9.217494274000046 ], [ 98.365372003000061, 9.216380465000043 ] ] ], [ [ [ 98.359025185000064, 9.219919417000028 ], [ 98.352933326000084, 9.21966700300004 ], [ 98.352941416000078, 9.224976758000025 ], [ 98.359025185000064, 9.219919417000028 ] ] ], [ [ [ 98.363157801000057, 9.219672771000035 ], [ 98.365337929000077, 9.218036532000042 ], [ 98.363943703000075, 9.216809356000056 ], [ 98.363157801000057, 9.219672771000035 ] ] ], [ [ [ 98.36412540200007, 9.220696764000024 ], [ 98.363006950000056, 9.22187948100003 ], [ 98.363615526000046, 9.221922353000025 ], [ 98.36412540200007, 9.220696764000024 ] ] ], [ [ [ 98.529920578000088, 7.797197341000071 ], [ 98.531381606000082, 7.797361373000058 ], [ 98.530374528000038, 7.796438215000023 ], [ 98.529920578000088, 7.797197341000071 ] ] ], [ [ [ 98.515221135000047, 7.892887409000025 ], [ 98.514888245000066, 7.891000525000038 ], [ 98.512481724000054, 7.89290401300002 ], [ 98.515221135000047, 7.892887409000025 ] ] ], [ [ [ 98.511049273000083, 7.898054122000076 ], [ 98.511960985000087, 7.896211623000056 ], [ 98.510610579000058, 7.898118975000045 ], [ 98.511049273000083, 7.898054122000076 ] ] ], [ [ [ 98.513292314000068, 7.953866960000028 ], [ 98.517034531000036, 7.960020066000027 ], [ 98.514146804000063, 7.950498580000044 ], [ 98.513292314000068, 7.953866960000028 ] ] ], [ [ [ 98.539762347000078, 8.157996676000039 ], [ 98.541453760000081, 8.15906846200005 ], [ 98.541031882000084, 8.157391265000058 ], [ 98.539762347000078, 8.157996676000039 ] ] ], [ [ [ 98.542517814000064, 8.165430170000036 ], [ 98.542329942000038, 8.163396228000067 ], [ 98.541152819000047, 8.165099366000049 ], [ 98.542517814000064, 8.165430170000036 ] ] ], [ [ [ 98.54070673700005, 8.177588984000067 ], [ 98.534593742000084, 8.172418372000038 ], [ 98.537514686000065, 8.185686647000068 ], [ 98.54070673700005, 8.177588984000067 ] ] ], [ [ [ 98.495043046000035, 8.180848441000023 ], [ 98.495589477000067, 8.180542696000032 ], [ 98.49505515900006, 8.180420008000056 ], [ 98.495043046000035, 8.180848441000023 ] ] ], [ [ [ 98.492638940000063, 8.199603670000045 ], [ 98.495449588000042, 8.175242415000071 ], [ 98.491717375000064, 8.165500551000036 ], [ 98.48595720700007, 8.183493871000053 ], [ 98.492638940000063, 8.199603670000045 ] ] ], [ [ [ 98.509248547000084, 8.19678562200005 ], [ 98.508936991000041, 8.195166224000047 ], [ 98.508252951000031, 8.196737840000026 ], [ 98.509248547000084, 8.19678562200005 ] ] ], [ [ [ 98.508922190000078, 8.201801158000023 ], [ 98.511339973000076, 8.205309341000032 ], [ 98.50979693000005, 8.200750608000021 ], [ 98.508922190000078, 8.201801158000023 ] ] ], [ [ [ 98.507032079000055, 8.225935417000073 ], [ 98.510248612000055, 8.210747393000076 ], [ 98.508627857000079, 8.208047721000071 ], [ 98.504430962000072, 8.21505434200003 ], [ 98.507032079000055, 8.225935417000073 ] ] ], [ [ [ 98.500589364000064, 8.227956326000026 ], [ 98.50122194100004, 8.221094100000073 ], [ 98.49866750700005, 8.222147810000024 ], [ 98.500589364000064, 8.227956326000026 ] ] ], [ [ [ 98.500083763000077, 8.237073839000061 ], [ 98.507522463000043, 8.230980400000021 ], [ 98.50774395600007, 8.228149153000061 ], [ 98.500083763000077, 8.237073839000061 ] ] ], [ [ [ 98.504212486000085, 8.240669620000062 ], [ 98.504994060000058, 8.238216077000061 ], [ 98.504523710000058, 8.237445998000055 ], [ 98.504212486000085, 8.240669620000062 ] ] ], [ [ [ 98.493530194000073, 8.241546709000033 ], [ 98.491994692000048, 8.245931806000044 ], [ 98.494748539000057, 8.241972597000029 ], [ 98.493530194000073, 8.241546709000033 ] ] ], [ [ [ 98.494931459000043, 8.246722275000025 ], [ 98.49567649100004, 8.247511123000038 ], [ 98.495753580000041, 8.246579213000075 ], [ 98.494931459000043, 8.246722275000025 ] ] ], [ [ [ 98.494518797000069, 8.250378141000056 ], [ 98.492957842000067, 8.251190905000044 ], [ 98.49343798700005, 8.252417782000066 ], [ 98.494518797000069, 8.250378141000056 ] ] ], [ [ [ 98.512507416000062, 8.255889468000021 ], [ 98.51077699700005, 8.256837262000033 ], [ 98.512460556000065, 8.25650975700006 ], [ 98.512507416000062, 8.255889468000021 ] ] ], [ [ [ 98.50770510600006, 8.257740285000068 ], [ 98.508832206000079, 8.25710213900004 ], [ 98.508092035000061, 8.256310669000072 ], [ 98.50770510600006, 8.257740285000068 ] ] ], [ [ [ 98.504271634000077, 8.260757581000064 ], [ 98.505894475000048, 8.260384849000047 ], [ 98.504932343000064, 8.259267001000069 ], [ 98.504271634000077, 8.260757581000064 ] ] ], [ [ [ 98.493767778000063, 8.263508537000064 ], [ 98.493259367000064, 8.261813295000024 ], [ 98.492734562000066, 8.262690210000073 ], [ 98.493767778000063, 8.263508537000064 ] ] ], [ [ [ 98.490368945000057, 8.266186659000027 ], [ 98.488840966000055, 8.270369543000072 ], [ 98.492162882000059, 8.266337125000064 ], [ 98.490368945000057, 8.266186659000027 ] ] ], [ [ [ 98.502324467000051, 8.274948762000065 ], [ 98.499408579000033, 8.274006172000043 ], [ 98.501367283000036, 8.276153242000021 ], [ 98.502324467000051, 8.274948762000065 ] ] ], [ [ [ 98.48985828800005, 8.306301812000072 ], [ 98.501070594000055, 8.285441559000049 ], [ 98.496991796000032, 8.27671433200004 ], [ 98.485303409000039, 8.28661422700003 ], [ 98.48985828800005, 8.306301812000072 ] ] ], [ [ [ 98.500473484000054, 8.303019062000033 ], [ 98.495628907000082, 8.30535168800003 ], [ 98.499536011000032, 8.307114995000063 ], [ 98.500473484000054, 8.303019062000033 ] ] ], [ [ [ 98.516256333000058, 8.311285019000024 ], [ 98.516256333000058, 8.310754777000056 ], [ 98.516031266000084, 8.310678483000061 ], [ 98.516256333000058, 8.311285019000024 ] ] ], [ [ [ 98.491053947000069, 8.309551628000065 ], [ 98.493923430000052, 8.313152613000057 ], [ 98.494701592000069, 8.311887807000062 ], [ 98.491053947000069, 8.309551628000065 ] ] ], [ [ [ 98.517358779000062, 8.313093185000071 ], [ 98.516618729000072, 8.312128069000039 ], [ 98.516672134000032, 8.313062670000022 ], [ 98.517358779000062, 8.313093185000071 ] ] ], [ [ [ 98.501815823000072, 8.336702529000036 ], [ 98.50383417200004, 8.339214850000076 ], [ 98.503661755000053, 8.333202162000021 ], [ 98.501815823000072, 8.336702529000036 ] ] ], [ [ [ 98.612901688000079, 7.746576307000055 ], [ 98.615697861000058, 7.745183947000044 ], [ 98.615221023000061, 7.744329453000034 ], [ 98.612901688000079, 7.746576307000055 ] ] ], [ [ [ 98.583018994000042, 7.894382457000063 ], [ 98.582350789000031, 7.887862164000069 ], [ 98.579961600000047, 7.892890288000046 ], [ 98.583018994000042, 7.894382457000063 ] ] ], [ [ [ 98.549997796000071, 7.908528420000039 ], [ 98.548157097000058, 7.906833813000048 ], [ 98.547381170000051, 7.906832973000064 ], [ 98.549997796000071, 7.908528420000039 ] ] ], [ [ [ 98.567564382000057, 7.997597090000056 ], [ 98.565430805000062, 7.994230265000056 ], [ 98.56446214500005, 7.99598762100004 ], [ 98.567564382000057, 7.997597090000056 ] ] ], [ [ [ 98.527707912000039, 8.117087699000024 ], [ 98.575472251000065, 8.076373179000029 ], [ 98.599652709000054, 8.082859259000031 ], [ 98.592351085000075, 8.065616978000037 ], [ 98.610367890000077, 8.043959752000035 ], [ 98.600105451000047, 8.01836445400005 ], [ 98.614206610000053, 7.964430424000057 ], [ 98.596512304000044, 7.888056800000072 ], [ 98.589123534000066, 7.915419781000026 ], [ 98.57678740700004, 7.901439581000034 ], [ 98.564644624000039, 7.959446397000022 ], [ 98.565521927000077, 7.990214006000031 ], [ 98.584824338000033, 8.005748073000063 ], [ 98.564983264000034, 8.032552708000026 ], [ 98.554247706000069, 8.02693387000005 ], [ 98.530797175000032, 8.07099670100007 ], [ 98.527707912000039, 8.117087699000024 ] ] ], [ [ [ 98.622318301000064, 8.036852688000067 ], [ 98.623601617000077, 8.041351209000027 ], [ 98.624787745000049, 8.035650290000035 ], [ 98.622318301000064, 8.036852688000067 ] ] ], [ [ [ 98.622922088000053, 8.042749723000043 ], [ 98.622685255000079, 8.043569973000047 ], [ 98.622925724000083, 8.043727020000063 ], [ 98.622922088000053, 8.042749723000043 ] ] ], [ [ [ 98.627806095000039, 8.080763821000062 ], [ 98.627715068000043, 8.077645646000065 ], [ 98.626103214000068, 8.080943426000033 ], [ 98.627806095000039, 8.080763821000062 ] ] ], [ [ [ 98.560389159000067, 8.119611457000076 ], [ 98.561010693000071, 8.122815823000053 ], [ 98.561998188000075, 8.122107860000028 ], [ 98.560389159000067, 8.119611457000076 ] ] ], [ [ [ 98.563146194000069, 8.123927804000061 ], [ 98.561901860000035, 8.124337728000057 ], [ 98.562083796000081, 8.124938849000046 ], [ 98.563146194000069, 8.123927804000061 ] ] ], [ [ [ 98.626777205000053, 8.131368405000046 ], [ 98.626150081000048, 8.131739372000027 ], [ 98.626236892000065, 8.132174011000075 ], [ 98.626777205000053, 8.131368405000046 ] ] ], [ [ [ 98.635241517000054, 8.180833089000032 ], [ 98.634377872000073, 8.141420469000025 ], [ 98.622282784000049, 8.130024791000039 ], [ 98.611562742000046, 8.08065110900003 ], [ 98.604888540000047, 8.10002090100005 ], [ 98.586362214000076, 8.097274311000035 ], [ 98.56236227800008, 8.119515480000075 ], [ 98.58792459700004, 8.118999472000041 ], [ 98.621269452000035, 8.182381877000068 ], [ 98.635241517000054, 8.180833089000032 ] ] ], [ [ [ 98.544800087000056, 8.150238072000036 ], [ 98.557393059000049, 8.126031802000057 ], [ 98.534691599000041, 8.156132853000031 ], [ 98.544800087000056, 8.150238072000036 ] ] ], [ [ [ 98.577726895000069, 8.150373153000032 ], [ 98.576871984000036, 8.148159146000069 ], [ 98.57704773100005, 8.151037146000021 ], [ 98.577726895000069, 8.150373153000032 ] ] ], [ [ [ 98.663999605000072, 8.188104752000072 ], [ 98.664364440000043, 8.187492107000025 ], [ 98.66397654900004, 8.186742121000066 ], [ 98.663999605000072, 8.188104752000072 ] ] ], [ [ [ 98.663599102000035, 8.187612553000065 ], [ 98.663277277000077, 8.187531743000022 ], [ 98.66330570000008, 8.187654578000036 ], [ 98.663599102000035, 8.187612553000065 ] ] ], [ [ [ 98.661863718000063, 8.188014291000059 ], [ 98.662070122000046, 8.18736388800005 ], [ 98.661623088000056, 8.187091666000072 ], [ 98.661863718000063, 8.188014291000059 ] ] ], [ [ [ 98.614819415000056, 8.194797789000063 ], [ 98.609124202000032, 8.194211516000053 ], [ 98.610275511000054, 8.196206976000042 ], [ 98.614819415000056, 8.194797789000063 ] ] ], [ [ [ 98.634211320000077, 8.194440429000053 ], [ 98.640253227000073, 8.193624460000024 ], [ 98.638925516000086, 8.19016244900007 ], [ 98.634211320000077, 8.194440429000053 ] ] ], [ [ [ 98.632953310000062, 8.197750761000066 ], [ 98.631820275000052, 8.19541652700002 ], [ 98.631930881000073, 8.198248321000051 ], [ 98.632953310000062, 8.197750761000066 ] ] ], [ [ [ 98.592758740000079, 8.208077422000031 ], [ 98.590493102000039, 8.220357187000047 ], [ 98.591693619000068, 8.222351951000064 ], [ 98.592758740000079, 8.208077422000031 ] ] ], [ [ [ 98.587458082000069, 8.293152611000039 ], [ 98.599096968000083, 8.285703947000059 ], [ 98.574163388000045, 8.28060492700007 ], [ 98.587458082000069, 8.293152611000039 ] ] ], [ [ [ 98.61875744300005, 8.35033216100004 ], [ 98.616526574000034, 8.351481125000021 ], [ 98.616718664000075, 8.353024405000042 ], [ 98.61875744300005, 8.35033216100004 ] ] ], [ [ [ 98.613138975000084, 8.352373400000033 ], [ 98.611022759000036, 8.35395075200006 ], [ 98.613425505000066, 8.355061748000026 ], [ 98.613138975000084, 8.352373400000033 ] ] ], [ [ [ 98.578680277000046, 8.356844116000048 ], [ 98.576297525000086, 8.357795100000033 ], [ 98.576735012000086, 8.359243395000021 ], [ 98.578680277000046, 8.356844116000048 ] ] ], [ [ [ 98.60648507500008, 8.359636583000054 ], [ 98.608564017000049, 8.359758254000042 ], [ 98.607478666000077, 8.357587512000066 ], [ 98.60648507500008, 8.359636583000054 ] ] ], [ [ [ 98.605640545000085, 8.362449335000065 ], [ 98.605848564000041, 8.361541613000043 ], [ 98.605384687000083, 8.361519377000036 ], [ 98.605640545000085, 8.362449335000065 ] ] ] ] } },
{ "type": "Feature", "properties": { "stable_id": "TH.ADM1.00036" }, "geometry": { "type": "Polygon", "coordinates": [ [ [ 99.996196272000077, 7.116758840000045 ], [ 99.932137982000086, 7.244906828000069 ], [ 99.947053586000038, 7.267058078000048 ], [ 99.939473062000047, 7.316510024000024 ], [ 99.909876994000058, 7.325176440000064 ], [ 99.89383521700006, 7.397254100000055 ], [ 99.848721233000049, 7.465529697000022 ], [ 99.852352557000074, 7.484478893000073 ], [ 99.820635949000064, 7.513728687000025 ], [ 99.836974514000076, 7.54096992500007 ], [ 99.798724592000042, 7.585773861000064 ], [ 99.808575868000048, 7.621603656000048 ], [ 99.787708644000077, 7.644569083000022 ], [ 99.81408857200006, 7.649268051000035 ], [ 99.818348355000069, 7.679987102000041 ], [ 99.795177506000073, 7.69833671300006 ], [ 99.770667956000068, 7.789316684000028 ], [ 99.732890394000037, 7.853683206000028 ], [ 99.813550827000086, 7.889334508000047 ], [ 99.881468836000067, 7.893057357000032 ], [ 99.923150730000032, 7.864939475000028 ], [ 99.96088539200008, 7.905435477000026 ], [ 99.968344098000046, 7.87522791400005 ], [ 100.043637448000084, 7.841949323000051 ], [ 100.068175610000083, 7.842406338000046 ], [ 100.107284469000035, 7.878921410000032 ], [ 100.177495184000065, 7.876479127000039 ], [ 100.216816182000059, 7.728265876000023 ], [ 100.237176962000035, 7.538591283000073 ], [ 100.260637539000072, 7.496598071000051 ], [ 100.296013573000039, 7.495415506000029 ], [ 100.355681934000074, 7.527819914000077 ], [ 100.386468037000043, 7.511846887000047 ], [ 100.382583498000088, 7.424991975000069 ], [ 100.427789809000046, 7.283753955000066 ], [ 100.400569396000037, 7.262803061000056 ], [ 100.379760313000077, 7.307506315000069 ], [ 100.361100718000046, 7.302096901000027 ], [ 100.360844766000071, 7.281550633000052 ], [ 100.341387701000087, 7.274028022000039 ], [ 100.340644359000066, 7.248191215000077 ], [ 100.305686337000054, 7.209248768000066 ], [ 100.178709670000046, 7.175846738000075 ], [ 100.155550101000074, 7.148854271000062 ], [ 100.114264950000063, 7.166568454000071 ], [ 100.062793235000072, 7.13617352600005 ], [ 100.067568721000043, 7.111354059000064 ], [ 100.039769079000052, 7.108909964000077 ], [ 100.028228327000079, 7.090332414000045 ], [ 99.996196272000077, 7.116758840000045 ] ] ] } },
{ "type": "Feature", "properties": { "stable_id": "TH.ADM1.00037" }, "geometry": { "type": "Polygon", "coordinates": [ [ [ 100.456581219000043, 19.009490793000055 ], [ 100.502724817000058, 18.996192270000051 ], [ 100.498971626000071, 18.979238063000025 ], [ 100.454156772000033, 18.934690156000045 ], [ 100.405278247000069, 18.942213 ], [ 100.340383813000074, 18.80595545500006 ], [ 100.232592882000063, 18.823631577000072 ], [ 100.173649389000047, 18.813447817000053 ], [ 100.155932580000069, 18.835470908000048 ], [ 100.114024585000038, 18.808551408000028 ], [ 100.085252486000059, 18.827147381000032 ], [ 100.066923724000048, 18.816338550000069 ], [ 100.059088390000056, 18.881016286000033 ], [ 99.968133949000048, 18.923641069000041 ], [ 99.923607390000086, 18.979486454000039 ], [ 99.837310838000064, 19.002734853000049 ], [ 99.814047623000079, 19.061064997000074 ], [ 99.773270429000036, 19.064211163000039 ], [ 99.757345969000085, 19.135018534000039 ], [ 99.704031987000064, 19.245833182000069 ], [ 99.707557254000051, 19.344332636000047 ], [ 99.691422212000077, 19.359782467000059 ], [ 99.684526529000038, 19.421316130000037 ], [ 99.786855617000072, 19.451048931000059 ], [ 99.874575053000058, 19.455235515000027 ], [ 99.902236504000086, 19.427487595000059 ], [ 99.91444196100008, 19.432455222000044 ], [ 99.920000395000045, 19.40641256400005 ], [ 99.944075415000043, 19.425422153000056 ], [ 100.040714404000084, 19.444692587000077 ], [ 100.068639027000074, 19.431483172000071 ], [ 100.072437773000047, 19.544583887000044 ], [ 100.158717194000076, 19.543764110000041 ], [ 100.174497766000059, 19.610778448000076 ], [ 100.228112927000041, 19.606492110000033 ], [ 100.261116809000043, 19.648816899000053 ], [ 100.318112703000054, 19.650650317000043 ], [ 100.337971863000064, 19.709479732000034 ], [ 100.385709253000073, 19.710750810000036 ], [ 100.408120016000055, 19.735721110000043 ], [ 100.425304054000037, 19.72852778400005 ], [ 100.461332088000063, 19.670569643000022 ], [ 100.490537381000081, 19.652042068000071 ], [ 100.489239914000052, 19.570950399000026 ], [ 100.473021580000079, 19.558624465000037 ], [ 100.523622782000075, 19.519051730000058 ], [ 100.582008784000038, 19.499589729000036 ], [ 100.59859786700008, 19.510044324000035 ], [ 100.602515941000036, 19.479213751000032 ], [ 100.571905176000087, 19.464063554000063 ], [ 100.564324641000042, 19.435707164000064 ], [ 100.488094904000036, 19.399551421000069 ], [ 100.486042466000072, 19.38549490500003 ], [ 100.497486070000036, 19.371290268000052 ], [ 100.521477473000061, 19.380602457000066 ], [ 100.57129382100004, 19.305094027000052 ], [ 100.613964253000063, 19.326458944000024 ], [ 100.602744864000044, 19.247336919000077 ], [ 100.628979203000085, 19.15437862400006 ], [ 100.622228133000078, 19.110261251000054 ], [ 100.572793683000043, 19.104084097000054 ], [ 100.564007403000062, 19.076372168000034 ], [ 100.613968788000079, 19.042780100000073 ], [ 100.608170781000069, 19.023559800000044 ], [ 100.493883058000051, 19.052407002000052 ], [ 100.456581219000043, 19.009490793000055 ] ] ] } },
{ "type": "Feature", "properties": { "stable_id": "TH.ADM1.00038" }, "geometry": { "type": "Polygon", "coordinates": [ [ [ 101.357055726000056, 15.682354086000032 ], [ 101.287549756000033, 15.530135647000066 ], [ 101.302904108000064, 15.520652011000038 ], [ 101.303013664000048, 15.396366224000076 ], [ 101.278374148000069, 15.362928133000025 ], [ 101.203624864000062, 15.320447804000025 ], [ 101.137122693000038, 15.339296623000052 ], [ 101.11009647700007, 15.32525940000005 ], [ 101.081138718000034, 15.354489251000075 ], [ 101.056144973000073, 15.321947022000074 ], [ 101.02523820600004, 15.338018086000034 ], [ 101.001619013000038, 15.318537625000033 ], [ 100.986891400000047, 15.324124103000031 ], [ 100.976551524000058, 15.410726329000056 ], [ 100.930367392000051, 15.417129751000061 ], [ 100.928698973000053, 15.487688026000058 ], [ 100.903899341000056, 15.496652848000053 ], [ 100.88520778700007, 15.527736076000053 ], [ 100.859870481000087, 15.527372890000038 ], [ 100.807926962000067, 15.592473405000078 ], [ 100.825624868000034, 15.615055859000051 ], [ 100.829586082000048, 15.682280773000059 ], [ 100.798405424000066, 15.825943348000067 ], [ 100.809791119000067, 15.885361063000062 ], [ 100.763194309000085, 15.91715582300003 ], [ 100.766066687000034, 15.931128310000076 ], [ 100.799054647000048, 15.93628252600007 ], [ 100.77709223100004, 15.970183730000031 ], [ 100.784765539000034, 15.992215514000065 ], [ 100.728643905000069, 16.021641829000032 ], [ 100.666002988000059, 16.031591604000027 ], [ 100.655571993000081, 16.052661275000048 ], [ 100.633875007000086, 16.04392622000006 ], [ 100.655758696000078, 16.109362808000071 ], [ 100.645840173000067, 16.141363089000038 ], [ 100.719843878000063, 16.25082728600006 ], [ 100.708816926000054, 16.264749216000041 ], [ 100.667479455000034, 16.248568927000065 ], [ 100.678476730000057, 16.271036356000025 ], [ 100.652678408000043, 16.289690682000071 ], [ 100.652932049000071, 16.326405494000028 ], [ 100.706561480000062, 16.384677562000036 ], [ 100.708629515000041, 16.419024810000053 ], [ 100.771806382000079, 16.426263856000048 ], [ 100.783272526000076, 16.448140212000055 ], [ 100.805441487000053, 16.44842962000007 ], [ 100.794106164000084, 16.473080315000061 ], [ 100.858331157000066, 16.546695512000042 ], [ 100.847852386000056, 16.588063245000058 ], [ 100.864209624000068, 16.643028732000062 ], [ 100.886988751000047, 16.667150231000051 ], [ 100.919249469000079, 16.665214511000045 ], [ 100.936473549000084, 16.682181721000063 ], [ 100.914062478000062, 16.730515135000076 ], [ 100.918692885000041, 16.759438546000069 ], [ 100.895490571000039, 16.771050836000029 ], [ 100.903009568000073, 16.801773260000061 ], [ 100.949511120000068, 16.791733622000038 ], [ 100.954189902000053, 16.825486524000041 ], [ 100.977519382000082, 16.826390897000067 ], [ 100.983841853000058, 16.849616827000034 ], [ 101.022289454000088, 16.868321223000066 ], [ 101.043847307000078, 16.904296928000065 ], [ 101.079040470000052, 16.899557526000024 ], [ 101.101774918000046, 16.914138867000077 ], [ 101.116554573000087, 17.020574817000067 ], [ 101.168750640000042, 17.03824263100006 ], [ 101.188435191000053, 17.06596998200007 ], [ 101.222798362000049, 17.060687383000072 ], [ 101.243927496000083, 17.108794985000031 ], [ 101.277626308000038, 17.098117626000032 ], [ 101.351744974000042, 17.167821980000042 ], [ 101.398279911000031, 17.177988897000034 ], [ 101.452646726000069, 17.139282643000058 ], [ 101.504279305000068, 17.010135199000047 ], [ 101.536546600000065, 17.022248030000071 ], [ 101.575851769000053, 16.984096849000025 ], [ 101.612347648000082, 17.00368996900005 ], [ 101.629972783000085, 17.044242948000033 ], [ 101.649211123000043, 17.042018841000072 ], [ 101.688474040000074, 16.933920975000035 ], [ 101.678804846000048, 16.861220450000076 ], [ 101.720768284000087, 16.805417506000026 ], [ 101.686382468000033, 16.798480121000068 ], [ 101.726862864000054, 16.753931326000043 ], [ 101.797248128000035, 16.769011725000041 ], [ 101.771351047000053, 16.685739230000024 ], [ 101.731106975000046, 16.652780991000043 ], [ 101.692431506000048, 16.684121428000026 ], [ 101.620194325000057, 16.684866863000025 ], [ 101.587135752000052, 16.721267432000047 ], [ 101.553317657000036, 16.727705767000032 ], [ 101.57710678400008, 16.660966725000037 ], [ 101.567010848000052, 16.648067384000058 ], [ 101.513427216000082, 16.68113119700007 ], [ 101.526263460000052, 16.620795601000054 ], [ 101.500085453000054, 16.609535656000048 ], [ 101.497191402000055, 16.569601808000073 ], [ 101.518222301000037, 16.54770859000007 ], [ 101.471715574000086, 16.528069796000068 ], [ 101.473507017000088, 16.477199922000068 ], [ 101.401987340000062, 16.401943312000071 ], [ 101.409071887000039, 16.383079659000032 ], [ 101.381635499000083, 16.358289424000077 ], [ 101.370532161000085, 16.273808472000042 ], [ 101.354683107000085, 16.259919765000063 ], [ 101.379958702000067, 16.188204016000043 ], [ 101.344475936000038, 16.15710408800004 ], [ 101.333771299000034, 16.093200976000048 ], [ 101.346046374000082, 16.069245198000033 ], [ 101.365368712000077, 16.06925495400003 ], [ 101.377812428000084, 15.989398620000031 ], [ 101.36169299900007, 15.925866546000066 ], [ 101.374581128000045, 15.918389318000038 ], [ 101.332465068000033, 15.881669610000074 ], [ 101.317575327000043, 15.79178902700005 ], [ 101.337124586000073, 15.768477117000032 ], [ 101.335787892000042, 15.726514646000055 ], [ 101.357055726000056, 15.682354086000032 ] ] ] } },
{ "type": "Feature", "properties": { "stable_id": "TH.ADM1.00039" }, "geometry": { "type": "Polygon", "coordinates": [ [ [ 100.043572390000065, 12.972023798000066 ], [ 99.994078089000084, 12.823098130000062 ], [ 100.002526199000044, 12.814328179000029 ], [ 99.992054898000049, 12.81794736300003 ], [ 100.00206847700008, 12.812426691000042 ], [ 99.966821035000066, 12.740529122000055 ], [ 99.956112907000033, 12.632498751000071 ], [ 99.825822629000072, 12.632794813000032 ], [ 99.717254010000033, 12.60137148900003 ], [ 99.684525503000032, 12.634903475000044 ], [ 99.623613843000044, 12.643984399000033 ], [ 99.613762361000056, 12.615232328000047 ], [ 99.628300085000035, 12.59981878800005 ], [ 99.599222638000072, 12.573761638000065 ], [ 99.540033988000062, 12.579299745000071 ], [ 99.515586949000067, 12.563631699000041 ], [ 99.490716733000056, 12.589750903000038 ], [ 99.430596858000058, 12.581314272000043 ], [ 99.413806338000086, 12.613869109000063 ], [ 99.377834868000036, 12.615919296000072 ], [ 99.336085596000032, 12.664005511000028 ], [ 99.293404420000059, 12.678356823000058 ], [ 99.289490426000043, 12.71432829400004 ], [ 99.245690967000087, 12.719546953000076 ], [ 99.227239280000049, 12.743030919000034 ], [ 99.230221370000038, 12.803045497000028 ], [ 99.185303627000053, 12.850758951000046 ], [ 99.180271349000066, 12.912450955000054 ], [ 99.164988133000065, 12.924565699000027 ], [ 99.196486468000046, 12.957927842000061 ], [ 99.192945235000082, 12.991476363000061 ], [ 99.098822992000066, 13.073856622000051 ], [ 99.130507708000039, 13.096781446000023 ], [ 99.136285509000061, 13.150086320000071 ], [ 99.116901918000053, 13.175247711000054 ], [ 99.121747816000038, 13.194258541000067 ], [ 99.160514997000064, 13.208982615000025 ], [ 99.212328825000043, 13.195190444000048 ], [ 99.210044354000047, 13.207716335000043 ], [ 99.269936241000039, 13.149293705000048 ], [ 99.324166990000037, 13.177531556000076 ], [ 99.323219203000065, 13.221281202000057 ], [ 99.34881292700004, 13.242368783000074 ], [ 99.442482589000065, 13.183454955000059 ], [ 99.478656904000047, 13.200505411000051 ], [ 99.506662883000047, 13.180379064000022 ], [ 99.522537568000075, 13.210037913000065 ], [ 99.63077088600005, 13.20484222400006 ], [ 99.664407478000044, 13.221869341000058 ], [ 99.661802566000063, 13.278682011000058 ], [ 99.709051038000041, 13.321879839000076 ], [ 99.762151675000041, 13.341741710000065 ], [ 99.827562749000037, 13.339548668000077 ], [ 99.855951010000069, 13.329181510000069 ], [ 99.860308829000076, 13.244605060000026 ], [ 99.892323041000054, 13.242997161000062 ], [ 99.882517634000067, 13.25975515500005 ], [ 99.952504479000083, 13.296620133000033 ], [ 99.942403961000082, 13.264890944000058 ], [ 99.985414538000043, 13.235278080000057 ], [ 100.018898471000057, 13.18543747800004 ], [ 100.066240822000054, 13.157834395000066 ], [ 100.065230288000066, 13.084232047000057 ], [ 100.103192627000055, 13.057791895000037 ], [ 100.043572390000065, 12.972023798000066 ] ] ] } },
{ "type": "Feature", "properties": { "stable_id": "TH.ADM1.00040" }, "geometry": { "type": "Polygon", "coordinates": [ [ [ 100.322034712000061, 15.987856166000029 ], [ 100.268641803000037, 15.939644134000048 ], [ 100.254825144000051, 15.961295145000065 ], [ 100.232260547000067, 15.929398142000025 ], [ 100.175123495000037, 15.933324189000075 ], [ 100.113451034000036, 16.07955045500006 ], [ 100.077280084000051, 16.124314758000025 ], [ 100.085535119000042, 16.145305744000041 ], [ 100.024850743000059, 16.191184368000052 ], [ 100.047090313000069, 16.210263626000028 ], [ 100.024408157000039, 16.245462755000062 ], [ 100.021285043000034, 16.312874919000024 ], [ 99.983691862000057, 16.379109003000053 ], [ 99.998915186000033, 16.454396488000043 ], [ 100.034662429000036, 16.502250434000075 ], [ 100.010622264000062, 16.521207314000037 ], [ 100.012218831000041, 16.572683286000029 ], [ 100.031747018000033, 16.584348040000066 ], [ 100.046679838000045, 16.571231693000072 ], [ 100.074986134000085, 16.577199078000035 ], [ 100.116779312000062, 16.613327772000048 ], [ 100.185681206000083, 16.589219059000072 ], [ 100.178554428000041, 16.601505878000069 ], [ 100.202589575000047, 16.623246634000054 ], [ 100.193577169000037, 16.640559336000024 ], [ 100.216520937000041, 16.648433939000029 ], [ 100.23737701500005, 16.529029860000037 ], [ 100.264976281000088, 16.537598813000045 ], [ 100.320623580000074, 16.524617911000064 ], [ 100.384081666000043, 16.552806142000065 ], [ 100.425117276000037, 16.53607800900005 ], [ 100.429617819000043, 16.520449140000039 ], [ 100.469451671000058, 16.520464589000028 ], [ 100.495467796000071, 16.559934656000053 ], [ 100.579232614000034, 16.58167054200004 ], [ 100.584565714000064, 16.473354880000045 ], [ 100.56811760800008, 16.459781835000058 ], [ 100.593395009000062, 16.418931881000049 ], [ 100.633520944000054, 16.395084641000039 ], [ 100.62596781700006, 16.318967930000042 ], [ 100.649753536000048, 16.325170154000034 ], [ 100.652678408000043, 16.289690682000071 ], [ 100.678476730000057, 16.271036356000025 ], [ 100.667479455000034, 16.248568927000065 ], [ 100.708816926000054, 16.264749216000041 ], [ 100.719843878000063, 16.25082728600006 ], [ 100.645840173000067, 16.141363089000038 ], [ 100.655758696000078, 16.109362808000071 ], [ 100.633875007000086, 16.04392622000006 ], [ 100.655571993000081, 16.052661275000048 ], [ 100.666002988000059, 16.031591604000027 ], [ 100.759740880000038, 16.010271436000039 ], [ 100.784765539000034, 15.992215514000065 ], [ 100.77709223100004, 15.970183730000031 ], [ 100.799269096000046, 15.937730510000051 ], [ 100.766066687000034, 15.931128310000076 ], [ 100.742051128000071, 15.986006417000056 ], [ 100.690027919000045, 15.993438128000037 ], [ 100.654148082000063, 16.026881236000065 ], [ 100.582763927000087, 15.951434272000029 ], [ 100.524074957000039, 15.919238466000024 ], [ 100.519233352000072, 15.940200138000023 ], [ 100.347276779000083, 15.935267110000041 ], [ 100.331189300000062, 15.940653068000074 ], [ 100.346176143000037, 15.974355968000054 ], [ 100.322034712000061, 15.987856166000029 ] ] ] } },
{ "type": "Feature", "properties": { "stable_id": "TH.ADM1.00041" }, "geometry": { "type": "Polygon", "coordinates": [ [ [ 100.884747456000071, 16.65972434400004 ], [ 100.852660413000081, 16.606896400000039 ], [ 100.849198580000063, 16.52351481900007 ], [ 100.793640450000055, 16.472142610000049 ], [ 100.805441487000053, 16.44842962000007 ], [ 100.783272526000076, 16.448140212000055 ], [ 100.771806382000079, 16.426263856000048 ], [ 100.709028173000036, 16.419325088000051 ], [ 100.706561480000062, 16.384677562000036 ], [ 100.651451927000039, 16.320786549000047 ], [ 100.62596781700006, 16.318967930000042 ], [ 100.633520944000054, 16.395084641000039 ], [ 100.593395009000062, 16.418931881000049 ], [ 100.56811760800008, 16.459781835000058 ], [ 100.585751880000032, 16.491937990000054 ], [ 100.575083823000057, 16.585898138000061 ], [ 100.495467796000071, 16.559934656000053 ], [ 100.469451671000058, 16.520464589000028 ], [ 100.429617819000043, 16.520449140000039 ], [ 100.425117276000037, 16.53607800900005 ], [ 100.384081666000043, 16.552806142000065 ], [ 100.320623580000074, 16.524617911000064 ], [ 100.264976281000088, 16.537598813000045 ], [ 100.23737701500005, 16.529029860000037 ], [ 100.216520937000041, 16.648433939000029 ], [ 100.193577169000037, 16.640559336000024 ], [ 100.202589575000047, 16.623246634000054 ], [ 100.178554428000041, 16.601505878000069 ], [ 100.185177147000047, 16.589049197000065 ], [ 100.116779312000062, 16.613327772000048 ], [ 100.046679838000045, 16.571231693000072 ], [ 100.031903149000073, 16.584350338000036 ], [ 99.931938410000043, 16.576136920000067 ], [ 99.891228577000049, 16.667011400000035 ], [ 99.895553393000057, 16.705645565000054 ], [ 99.853410180000083, 16.735271930000067 ], [ 99.889532047000046, 16.797662067000033 ], [ 99.942560841000045, 16.826468352000063 ], [ 99.941488849000052, 16.863671950000025 ], [ 100.000737431000061, 16.862788841000054 ], [ 100.010623976000034, 16.888826378000033 ], [ 100.066814495000074, 16.884449569000026 ], [ 100.110794550000037, 16.914859313000022 ], [ 100.094371313000067, 16.989195409000047 ], [ 100.005398633000084, 17.043454116000078 ], [ 100.013578337000069, 17.073059310000076 ], [ 99.98511850400007, 17.078374715000052 ], [ 99.981778942000062, 17.101195476000044 ], [ 99.960991714000045, 17.112924702000043 ], [ 99.952548604000071, 17.169601367000041 ], [ 100.010794142000066, 17.139049619000048 ], [ 100.036131988000079, 17.180128130000071 ], [ 100.146201026000085, 17.184920857000066 ], [ 100.16002986400008, 17.165600065000035 ], [ 100.167579145000047, 17.201119232000053 ], [ 100.282460662000062, 17.220608859000038 ], [ 100.27230294800006, 17.278114901000038 ], [ 100.296612505000041, 17.348911886000053 ], [ 100.288911780000035, 17.376113505000035 ], [ 100.323047197000051, 17.368298751000054 ], [ 100.337574046000043, 17.389184678000049 ], [ 100.428477064000049, 17.420447629000023 ], [ 100.501326789000075, 17.428894850000063 ], [ 100.513696733000074, 17.403949528000055 ], [ 100.594776655000032, 17.422133325000061 ], [ 100.613353022000069, 17.465856440000039 ], [ 100.645031669000048, 17.474544389000073 ], [ 100.64252035700008, 17.493412118000037 ], [ 100.739929921000055, 17.542287463000036 ], [ 100.804531969000038, 17.638846171000068 ], [ 100.842721659000063, 17.653414931000043 ], [ 100.87636953100008, 17.711081258000036 ], [ 100.963999154000078, 17.701951641000051 ], [ 100.990297872000042, 17.74516152700005 ], [ 101.02893658000005, 17.667410451000023 ], [ 100.96928811500004, 17.593285452000032 ], [ 100.967349275000061, 17.571348961000069 ], [ 100.928785093000045, 17.569734324000024 ], [ 100.904946696000081, 17.590177678000032 ], [ 100.878673143000071, 17.583396303000029 ], [ 100.860936595000055, 17.545811360000073 ], [ 100.871635726000079, 17.52840976300007 ], [ 100.834783611000034, 17.46848562200006 ], [ 100.854861257000039, 17.452204542000061 ], [ 100.895005045000062, 17.464412370000048 ], [ 100.916526516000033, 17.450141936000023 ], [ 100.915692452000087, 17.34185287400004 ], [ 100.995502765000083, 17.340115612000034 ], [ 101.04842803400004, 17.286235011000031 ], [ 101.083143096000072, 17.279817594000065 ], [ 101.109985346000087, 17.23093755900004 ], [ 101.075045382000042, 17.176557967000065 ], [ 101.071010207000086, 17.11556915400007 ], [ 101.051961009000081, 17.110087146000069 ], [ 101.051436602000081, 16.955971711000075 ], [ 101.02638242200004, 16.942970135000053 ], [ 101.068944096000052, 16.92696731500007 ], [ 101.070975811000039, 16.910635538000065 ], [ 101.032262845000048, 16.894321158000025 ], [ 100.977519382000082, 16.826390897000067 ], [ 100.954189902000053, 16.825486524000041 ], [ 100.953464924000059, 16.794084360000056 ], [ 100.903009568000073, 16.801773260000061 ], [ 100.895490571000039, 16.771050836000029 ], [ 100.918692885000041, 16.759438546000069 ], [ 100.914062478000062, 16.730515135000076 ], [ 100.936473549000084, 16.682181721000063 ], [ 100.884747456000071, 16.65972434400004 ] ] ] } },
{ "type": "Feature", "properties": { "stable_id": "TH.ADM1.00042" }, "geometry": { "type": "Polygon", "coordinates": [ [ [ 100.413970242000062, 18.150259017000053 ], [ 100.393148101000065, 18.119783201000075 ], [ 100.417538828000033, 18.027543258000037 ], [ 100.350385774000074, 17.983140420000041 ], [ 100.359655592000081, 17.926236291000066 ], [ 100.335763392000047, 17.890719827000055 ], [ 100.27987100100006, 17.957413514000052 ], [ 100.245975029000078, 17.961423112000034 ], [ 100.13052983700004, 17.857014175000074 ], [ 99.988936458000069, 17.832966853000073 ], [ 99.990381381000077, 17.810369875000049 ], [ 99.959167873000069, 17.778165353000077 ], [ 99.894491267000035, 17.807192434000058 ], [ 99.806551339000066, 17.802121118000059 ], [ 99.776644519000058, 17.787170096000068 ], [ 99.726364020000062, 17.721516546000032 ], [ 99.670502368000086, 17.799212996000051 ], [ 99.599785582000038, 17.821429330000058 ], [ 99.547614973000066, 17.811933372000055 ], [ 99.488060306000079, 17.763922258000036 ], [ 99.453552698000067, 17.712478541000053 ], [ 99.387205945000062, 17.687556630000074 ], [ 99.367572826000071, 17.773487857000077 ], [ 99.392481445000044, 17.813140125000075 ], [ 99.474905284000045, 17.894279849000043 ], [ 99.483036662000075, 17.920189523000033 ], [ 99.591374840000071, 18.006708866000054 ], [ 99.585339103000081, 18.031898642000044 ], [ 99.635664431000066, 18.060705025000061 ], [ 99.668825699000081, 18.041677436000043 ], [ 99.720261334000043, 18.071464963000039 ], [ 99.806326957000067, 18.221431820000078 ], [ 99.862312364000047, 18.280968118000033 ], [ 99.904885745000058, 18.279824494000025 ], [ 99.959982284000034, 18.383241339000051 ], [ 100.001337595000052, 18.40367894700006 ], [ 100.010247952000043, 18.443148536000024 ], [ 100.04967828000008, 18.497657208000078 ], [ 100.055415986000071, 18.555096462000051 ], [ 100.089353559000074, 18.572807994000073 ], [ 100.109278661000076, 18.560182800000064 ], [ 100.120177390000038, 18.603045842000029 ], [ 100.10085246400007, 18.627116424000064 ], [ 100.111347915000067, 18.672063257000048 ], [ 100.099496890000069, 18.735718010000028 ], [ 100.125223546000086, 18.785675946000026 ], [ 100.116344720000086, 18.816827138000065 ], [ 100.155932580000069, 18.835470908000048 ], [ 100.173649389000047, 18.813447817000053 ], [ 100.232592882000063, 18.823631577000072 ], [ 100.339011224000046, 18.811979843000074 ], [ 100.337029516000086, 18.787028875000033 ], [ 100.36164046600004, 18.778965119000077 ], [ 100.35863573000006, 18.750402844000064 ], [ 100.391369199000053, 18.739382987000056 ], [ 100.353204992000087, 18.677551695000034 ], [ 100.362054999000065, 18.643435625000052 ], [ 100.392388813000082, 18.634628600000042 ], [ 100.370954393000034, 18.567002096000067 ], [ 100.386490174000073, 18.55854116200004 ], [ 100.399315418000072, 18.485750168000038 ], [ 100.435405131000039, 18.501331239000024 ], [ 100.494673067000065, 18.474120588000062 ], [ 100.54186485200006, 18.489225139000041 ], [ 100.547846142000083, 18.41037050500006 ], [ 100.482167928000081, 18.348870882000028 ], [ 100.493278746000044, 18.277702518000069 ], [ 100.454539123000075, 18.212110270000039 ], [ 100.446991171000036, 18.158546974000046 ], [ 100.413970242000062, 18.150259017000053 ] ] ] } },
{ "type": "Feature", "properties": { "stable_id": "TH.ADM1.00043" }, "geometry": { "type": "MultiPolygon", "coordinates": [ [ [ [ 98.314250829000059, 7.478502191000075 ], [ 98.319352061000075, 7.494204710000076 ], [ 98.32465090900007, 7.498022014000071 ], [ 98.314250829000059, 7.478502191000075 ] ] ], [ [ [ 98.333067034000067, 7.523792301000071 ], [ 98.32800558200006, 7.501999728000044 ], [ 98.324634797000044, 7.499492401000055 ], [ 98.333067034000067, 7.523792301000071 ] ] ], [ [ [ 98.375829287000045, 7.605880183000068 ], [ 98.363219035000043, 7.588641395000025 ], [ 98.355065824000064, 7.590330463000043 ], [ 98.362631286000067, 7.614909676000025 ], [ 98.375829287000045, 7.605880183000068 ] ] ], [ [ [ 98.29469040400005, 7.735909624000044 ], [ 98.298975207000069, 7.734740048000049 ], [ 98.29607614300005, 7.73298281600006 ], [ 98.29469040400005, 7.735909624000044 ] ] ], [ [ [ 98.367774776000033, 7.749168980000036 ], [ 98.380642943000055, 7.738667937000059 ], [ 98.35801598900008, 7.734103646000051 ], [ 98.367774776000033, 7.749168980000036 ] ] ], [ [ [ 98.299731559000065, 7.749328245000072 ], [ 98.30320203000008, 7.744277349000072 ], [ 98.300612314000034, 7.742393083000024 ], [ 98.299731559000065, 7.749328245000072 ] ] ], [ [ [ 98.327705651000088, 7.753761489000055 ], [ 98.335360163000075, 7.763279656000066 ], [ 98.328282823000052, 7.751859429000035 ], [ 98.327705651000088, 7.753761489000055 ] ] ], [ [ [ 98.389826086000085, 7.761696565000022 ], [ 98.401052053000058, 7.766709991000027 ], [ 98.390105272000085, 7.756169010000065 ], [ 98.389826086000085, 7.761696565000022 ] ] ], [ [ [ 98.30108344100006, 7.764120416000026 ], [ 98.298473478000062, 7.76664805200005 ], [ 98.303132596000069, 7.766261977000056 ], [ 98.30108344100006, 7.764120416000026 ] ] ], [ [ [ 98.364805781000086, 7.795065391000037 ], [ 98.389481459000081, 7.780019730000049 ], [ 98.355180800000085, 7.786684210000033 ], [ 98.364805781000086, 7.795065391000037 ] ] ], [ [ [ 98.287260959000037, 7.819008609000036 ], [ 98.28460182300006, 7.819841088000032 ], [ 98.287613089000047, 7.820777207000049 ], [ 98.287260959000037, 7.819008609000036 ] ] ], [ [ [ 98.399669986000049, 7.986054368000055 ], [ 98.422729265000044, 7.897255201000064 ], [ 98.441987062000067, 7.914573937000057 ], [ 98.445375821000084, 7.883285993000072 ], [ 98.43048267000006, 7.87808711100007 ], [ 98.437614155000063, 7.86512553600005 ], [ 98.397113408000052, 7.871483328000068 ], [ 98.412513062000073, 7.801050490000023 ], [ 98.388967580000042, 7.805450341000039 ], [ 98.366040849000058, 7.839025009000068 ], [ 98.345562514000051, 7.823254882000072 ], [ 98.337446413000066, 7.77753257300003 ], [ 98.302947698000082, 7.759435417000077 ], [ 98.305234201000076, 7.776424923000036 ], [ 98.284704647000069, 7.788042837000035 ], [ 98.298911328000031, 7.804569782000044 ], [ 98.290567503000034, 7.855329373000075 ], [ 98.260917661000065, 7.885718901000075 ], [ 98.289391457000079, 7.88637125200006 ], [ 98.296931538000081, 7.906898018000049 ], [ 98.257910626000069, 7.935227307000048 ], [ 98.281885570000043, 7.952536467000073 ], [ 98.270214079000084, 7.987915203000057 ], [ 98.285204085000032, 7.985153387000025 ], [ 98.292482307000057, 8.00227200300003 ], [ 98.288103996000075, 8.02946954600003 ], [ 98.271937541000057, 8.038419697000052 ], [ 98.270428494000043, 8.07128883200005 ], [ 98.301608815000066, 8.108518013000037 ], [ 98.28580031000007, 8.199855563000028 ], [ 98.337021159000074, 8.172892835000027 ], [ 98.350519322000082, 8.114487967000059 ], [ 98.37358471400006, 8.118552530000045 ], [ 98.386071594000043, 8.085145671000021 ], [ 98.440031039000075, 8.092875935000052 ], [ 98.432904966000081, 8.040451631000053 ], [ 98.420737898000084, 8.04608257600006 ], [ 98.410243767000054, 8.028733392000049 ], [ 98.426333052000075, 7.987554867000028 ], [ 98.399669986000049, 7.986054368000055 ] ] ], [ [ [ 98.280753656000059, 8.031910724000056 ], [ 98.28293698400006, 8.029320864000056 ], [ 98.27986889500005, 8.029741242000057 ], [ 98.280753656000059, 8.031910724000056 ] ] ], [ [ [ 98.356711478000079, 8.13174964600006 ], [ 98.355883141000049, 8.131184649000033 ], [ 98.35664752200006, 8.131905614000061 ], [ 98.356711478000079, 8.13174964600006 ] ] ], [ [ [ 98.358729839000034, 8.135699088000024 ], [ 98.359060556000031, 8.136360511000021 ], [ 98.358839691000071, 8.135518799000067 ], [ 98.358729839000034, 8.135699088000024 ] ] ], [ [ [ 98.480813030000036, 7.760562200000038 ], [ 98.475365103000058, 7.764210956000056 ], [ 98.482431379000047, 7.77074077900005 ], [ 98.480813030000036, 7.760562200000038 ] ] ], [ [ [ 98.415169320000075, 7.830976229000044 ], [ 98.416831840000043, 7.824960605000058 ], [ 98.409762469000043, 7.828809483000043 ], [ 98.415169320000075, 7.830976229000044 ] ] ], [ [ [ 98.424624827000059, 7.831290884000055 ], [ 98.422032813000044, 7.833705893000058 ], [ 98.424150354000062, 7.836940667000022 ], [ 98.424624827000059, 7.831290884000055 ] ] ], [ [ [ 98.455228803000068, 7.923048017000042 ], [ 98.456586839000067, 7.923841476000064 ], [ 98.455625532000056, 7.922780990000035 ], [ 98.455228803000068, 7.923048017000042 ] ] ], [ [ [ 98.43937545600005, 7.938663205000069 ], [ 98.43209842300007, 7.926370157000065 ], [ 98.414835736000043, 7.932770982000022 ], [ 98.417380707000063, 7.94343161200004 ], [ 98.43937545600005, 7.938663205000069 ] ] ], [ [ [ 98.442284166000036, 7.943368943000053 ], [ 98.443276608000076, 7.942261157000075 ], [ 98.442710791000081, 7.94194763400003 ], [ 98.442284166000036, 7.943368943000053 ] ] ], [ [ [ 98.449345100000073, 7.96146682400007 ], [ 98.450229208000053, 7.951204070000074 ], [ 98.445293112000058, 7.959210621000068 ], [ 98.449345100000073, 7.96146682400007 ] ] ], [ [ [ 98.452511776000051, 7.963877077000063 ], [ 98.452646157000061, 7.966470460000039 ], [ 98.453074539000056, 7.966469633000031 ], [ 98.452511776000051, 7.963877077000063 ] ] ], [ [ [ 98.45907715900006, 8.032754343000022 ], [ 98.461860453000043, 8.026974778000067 ], [ 98.460600575000058, 8.022104236000075 ], [ 98.45907715900006, 8.032754343000022 ] ] ], [ [ [ 98.456603279000035, 8.060986154000034 ], [ 98.471897809000041, 8.046583032000058 ], [ 98.468607502000054, 8.037940822000053 ], [ 98.456603279000035, 8.060986154000034 ] ] ], [ [ [ 98.450387854000041, 8.056339378000075 ], [ 98.442632503000084, 8.060173008000049 ], [ 98.449924415000055, 8.064392975000032 ], [ 98.450387854000041, 8.056339378000075 ] ] ], [ [ [ 98.45794912000008, 8.094872122000027 ], [ 98.457019570000057, 8.095669163000025 ], [ 98.457933953000065, 8.095698059000028 ], [ 98.45794912000008, 8.094872122000027 ] ] ], [ [ [ 98.415819552000073, 8.099267608000048 ], [ 98.415170106000062, 8.097628956000051 ], [ 98.415882541000087, 8.100292104000061 ], [ 98.415819552000073, 8.099267608000048 ] ] ], [ [ [ 98.404692573000034, 8.107805950000056 ], [ 98.399822941000082, 8.104205444000058 ], [ 98.399100034000071, 8.104237928000032 ], [ 98.404692573000034, 8.107805950000056 ] ] ], [ [ [ 98.422733405000088, 8.11525277100003 ], [ 98.424465472000065, 8.11736716200005 ], [ 98.423125590000041, 8.113889184000072 ], [ 98.422733405000088, 8.11525277100003 ] ] ] ] } },
{ "type": "Feature", "properties": { "stable_id": "TH.ADM1.00044" }, "geometry": { "type": "Polygon", "coordinates": [ [ [ 102.287518965000061, 13.303928971000062 ], [ 102.244804646000034, 13.285576967000054 ], [ 102.213391694000052, 13.306047564000039 ], [ 102.192449493000083, 13.294313880000061 ], [ 102.168900925000059, 13.323321843000031 ], [ 102.130124092000074, 13.335984004000068 ], [ 102.108855477000077, 13.26488822400006 ], [ 102.028290494000032, 13.236708263000025 ], [ 102.035447197000053, 13.283187486000031 ], [ 102.01080247200008, 13.292920061000075 ], [ 101.986049786000081, 13.335689946000059 ], [ 101.976890995000076, 13.407925540000065 ], [ 101.938515856000038, 13.443431395000061 ], [ 101.937172807000081, 13.47798655500003 ], [ 101.895066043000043, 13.471211655000047 ], [ 101.882672242000069, 13.485017093000067 ], [ 101.898088198000039, 13.511167597000053 ], [ 101.873395045000052, 13.524205092000045 ], [ 101.915071523000051, 13.585596376000069 ], [ 101.889569212000083, 13.583630823000021 ], [ 101.864804088000085, 13.631754883000042 ], [ 101.833938411000076, 13.636165978000065 ], [ 101.831995051000035, 13.701911559000052 ], [ 101.793440683000085, 13.705453169000066 ], [ 101.792171537000058, 13.733080395000059 ], [ 101.758492157000035, 13.772730806000027 ], [ 101.678849052000032, 13.754492778000042 ], [ 101.662693970000078, 13.73417941200006 ], [ 101.633792611000047, 13.74819375900006 ], [ 101.595189666000067, 13.736167832000035 ], [ 101.549404233000075, 13.792720983000038 ], [ 101.52368778500005, 13.787591108000072 ], [ 101.351819169000066, 13.869662855000058 ], [ 101.342506937000053, 13.859028844000022 ], [ 101.277857073000064, 13.878201022000042 ], [ 101.249693432000072, 13.866048281000076 ], [ 101.220822685000087, 13.886272505000022 ], [ 101.148014226000043, 13.852697696000064 ], [ 101.160886986000037, 13.863103641000066 ], [ 101.139237210000033, 13.883280493000029 ], [ 101.161606809000034, 13.889351624000028 ], [ 101.145650767000063, 13.893059047000065 ], [ 101.160576746000061, 13.931054750000044 ], [ 101.137415139000041, 13.967422923000072 ], [ 101.138896664000072, 14.001284846000033 ], [ 101.188384027000041, 14.013530413000069 ], [ 101.213189888000045, 14.053674581000053 ], [ 101.278483214000062, 14.05484004300007 ], [ 101.320185629000036, 14.076713419000043 ], [ 101.289195325000037, 14.150416839000059 ], [ 101.382898333000071, 14.211073971000076 ], [ 101.383314890000065, 14.273767347000046 ], [ 101.413888652000082, 14.253717923000067 ], [ 101.501625380000064, 14.271907799000076 ], [ 101.495906388000037, 14.334614376000047 ], [ 101.471782595000036, 14.368956462000028 ], [ 101.432304259000034, 14.389491131000057 ], [ 101.436338918000047, 14.444786356000066 ], [ 101.478754457000036, 14.461510103000023 ], [ 101.531610331000081, 14.425833874000034 ], [ 101.608191909000084, 14.43908271600003 ], [ 101.741546790000086, 14.308390174000067 ], [ 101.748571841000057, 14.348843730000056 ], [ 101.787332781000032, 14.358539780000058 ], [ 101.812836988000072, 14.347892362000039 ], [ 101.839912349000087, 14.365205679000042 ], [ 101.878966392000052, 14.322591948000024 ], [ 101.920939702000055, 14.330319742000029 ], [ 101.943378826000071, 14.302394396000068 ], [ 101.93165517500006, 14.280781052000066 ], [ 101.945188484000084, 14.246775007000053 ], [ 101.981795362000071, 14.238435238000022 ], [ 101.966554987000052, 14.227819210000064 ], [ 102.132630019000032, 14.137863179000021 ], [ 102.164267259000042, 14.14054301300007 ], [ 102.186314143000061, 14.196617317000062 ], [ 102.211926052000081, 14.173868707000054 ], [ 102.216186899000036, 14.145262025000022 ], [ 102.268604516000039, 14.14727995800007 ], [ 102.271912413000052, 14.128814562000059 ], [ 102.289030483000033, 14.135209475000067 ], [ 102.307766539000056, 14.120201190000046 ], [ 102.355838937000044, 14.131414091000067 ], [ 102.361944353000069, 14.166427498000076 ], [ 102.387742743000047, 14.144716134000078 ], [ 102.419653892000042, 14.157133074000058 ], [ 102.474396377000062, 14.131225026000038 ], [ 102.550224452000066, 14.134842006000042 ], [ 102.608998579000058, 14.171443975000045 ], [ 102.633578230000069, 14.148898320000058 ], [ 102.652587748000087, 14.165245125000069 ], [ 102.669474195000078, 14.158150287000069 ], [ 102.697502002000078, 14.13004453800005 ], [ 102.763100179000048, 14.138776118000067 ], [ 102.815053404000082, 14.170192715000042 ], [ 102.872027462000062, 14.146763738000061 ], [ 102.879111184000067, 14.176034461000029 ], [ 102.897783807000053, 14.16345857400006 ], [ 102.943390848000035, 14.179036970000027 ], [ 102.943570001000069, 14.143740001000026 ], [ 102.90816, 14.08722 ], [ 102.91373, 14.019690001000072 ], [ 102.866940001000046, 13.99783 ], [ 102.79501, 13.9323 ], [ 102.732810001000075, 13.76926 ], [ 102.56306, 13.669289999000057 ], [ 102.57303, 13.636989999000036 ], [ 102.62693, 13.60597 ], [ 102.53292, 13.56231 ], [ 102.44021, 13.55794 ], [ 102.3712, 13.57495 ], [ 102.34395, 13.55224 ], [ 102.36573, 13.501180001000023 ], [ 102.35838, 13.30531 ], [ 102.330705091000084, 13.313249756000062 ], [ 102.309269750000055, 13.287440393000054 ], [ 102.287518965000061, 13.303928971000062 ] ] ] } },
{ "type": "Feature", "properties": { "stable_id": "TH.ADM1.00045" }, "geometry": { "type": "MultiPolygon", "coordinates": [ [ [ [ 99.562502061000032, 11.085805333000053 ], [ 99.56099236700004, 11.070643681000035 ], [ 99.544499054000084, 11.06797434200007 ], [ 99.562502061000032, 11.085805333000053 ] ] ], [ [ [ 99.578528034000044, 11.218329416000074 ], [ 99.581302433000076, 11.216686582000023 ], [ 99.580490673000043, 11.215544429000033 ], [ 99.578528034000044, 11.218329416000074 ] ] ], [ [ [ 99.604915648000087, 11.401400102000025 ], [ 99.60631287800004, 11.404265279000072 ], [ 99.605122827000059, 11.401194802000077 ], [ 99.604915648000087, 11.401400102000025 ] ] ], [ [ [ 99.789563960000066, 11.709471703000077 ], [ 99.78782159800005, 11.708082465000075 ], [ 99.789089712000077, 11.711631581000063 ], [ 99.789563960000066, 11.709471703000077 ] ] ], [ [ [ 99.791380528000047, 11.72072888200006 ], [ 99.792866742000058, 11.720537221000029 ], [ 99.791893257000083, 11.720112826000047 ], [ 99.791380528000047, 11.72072888200006 ] ] ], [ [ [ 99.811058692000074, 11.766778392000049 ], [ 99.808535659000086, 11.765310658000033 ], [ 99.809911701000033, 11.768486321000069 ], [ 99.811058692000074, 11.766778392000049 ] ] ], [ [ [ 99.815864253000086, 11.793471321000027 ], [ 99.814090342000043, 11.793562306000069 ], [ 99.815177576000053, 11.795788445000028 ], [ 99.815864253000086, 11.793471321000027 ] ] ], [ [ [ 99.816217703000063, 11.797192195000036 ], [ 99.814337526000031, 11.798217134000026 ], [ 99.815675860000056, 11.798899423000023 ], [ 99.816217703000063, 11.797192195000036 ] ] ], [ [ [ 99.486287649000076, 11.125979293000057 ], [ 99.502736039000069, 10.992069388000061 ], [ 99.469146427000055, 10.993357229000026 ], [ 99.406346191000068, 10.955107836000025 ], [ 99.346334433000038, 10.974676962000046 ], [ 99.258492912000065, 10.965350851000039 ], [ 99.148878292000063, 11.017404393000049 ], [ 99.178008263000038, 11.05154800400004 ], [ 99.18063524300004, 11.083447044000025 ], [ 99.228421257000036, 11.111843444000044 ], [ 99.225919371000032, 11.142741731000058 ], [ 99.265324068000041, 11.178018317000067 ], [ 99.263697843000045, 11.214670940000076 ], [ 99.281836513000087, 11.242817152000043 ], [ 99.325744604000079, 11.281471284000077 ], [ 99.313610459000074, 11.316497681000044 ], [ 99.402177207000079, 11.388677079000047 ], [ 99.397048342000062, 11.462482702000045 ], [ 99.442207376000056, 11.480246090000037 ], [ 99.473981322000043, 11.533035874000063 ], [ 99.457468877000053, 11.579696039000055 ], [ 99.46810189100006, 11.615473003000034 ], [ 99.506005457000072, 11.636113559000023 ], [ 99.531572170000061, 11.619231309000043 ], [ 99.564799767000068, 11.626981676000071 ], [ 99.588317491000055, 11.68940372000003 ], [ 99.637854825000034, 11.730434643000024 ], [ 99.643734256000073, 11.786476879000077 ], [ 99.661622737000073, 11.803364606000059 ], [ 99.660747077000053, 11.827883084000064 ], [ 99.620842003000064, 11.830885347000049 ], [ 99.623594077000064, 11.854277977000038 ], [ 99.600451636000059, 11.87892154900004 ], [ 99.565925615000083, 11.864785897000047 ], [ 99.583188626000037, 11.885051169000064 ], [ 99.59407182800004, 11.990880927000035 ], [ 99.536028083000076, 12.015524500000026 ], [ 99.533276009000076, 12.054679008000051 ], [ 99.571429764000072, 12.143370850000053 ], [ 99.516888659000074, 12.147248773000058 ], [ 99.472855474000085, 12.130611234000071 ], [ 99.49975074300005, 12.192407807000052 ], [ 99.47035358800008, 12.235940615000061 ], [ 99.48461433600005, 12.273468898000033 ], [ 99.446710770000038, 12.315500575000044 ], [ 99.435077002000071, 12.364912815000025 ], [ 99.449462844000038, 12.408695812000076 ], [ 99.401676830000042, 12.45935899400007 ], [ 99.441390679000051, 12.560377854000023 ], [ 99.427412128000071, 12.578270399000075 ], [ 99.490716733000056, 12.589750903000038 ], [ 99.514724867000041, 12.563694338000062 ], [ 99.540033988000062, 12.579299745000071 ], [ 99.599222638000072, 12.573761638000065 ], [ 99.628300085000035, 12.59981878800005 ], [ 99.613762361000056, 12.615232328000047 ], [ 99.623613843000044, 12.643984399000033 ], [ 99.684525503000032, 12.634903475000044 ], [ 99.717254010000033, 12.60137148900003 ], [ 99.825822629000072, 12.632794813000032 ], [ 99.880120574000046, 12.623251301000039 ], [ 99.904444794000085, 12.635591568000052 ], [ 99.922554673000036, 12.623323432000063 ], [ 99.952987549000056, 12.634403841000051 ], [ 99.957187629000032, 12.578630669000063 ], [ 99.985176694000074, 12.514187201000027 ], [ 99.97971470400006, 12.431700100000057 ], [ 99.995166998000059, 12.414306992000036 ], [ 100.002771689000042, 12.336554424000042 ], [ 99.974112029000082, 12.26637998800004 ], [ 100.019894295000086, 12.189041092000025 ], [ 99.975072803000046, 12.14591703800005 ], [ 99.962912381000081, 12.087075450000043 ], [ 99.940940720000071, 12.079822283000055 ], [ 99.837079779000078, 11.951244792000068 ], [ 99.812016474000075, 11.879594277000024 ], [ 99.825602003000085, 11.865652633000025 ], [ 99.83319397300005, 11.830605865000052 ], [ 99.817174013000056, 11.838947988000029 ], [ 99.798454028000037, 11.817743607000068 ], [ 99.81836710400006, 11.784884942000076 ], [ 99.795708493000063, 11.769637196000076 ], [ 99.811174037000058, 11.737972257000024 ], [ 99.789304425000068, 11.744303249000041 ], [ 99.73468267700008, 11.69312810200006 ], [ 99.656372091000037, 11.55473623000006 ], [ 99.553011320000053, 11.311077428000033 ], [ 99.553163296000037, 11.255102280000074 ], [ 99.579363206000039, 11.195350183000073 ], [ 99.566662863000033, 11.183162425000035 ], [ 99.553671848000079, 11.206091670000035 ], [ 99.521856928000034, 11.196657369000036 ], [ 99.486287649000076, 11.125979293000057 ] ] ], [ [ [ 99.830612889000065, 11.76372443200006 ], [ 99.829827642000055, 11.758409271000062 ], [ 99.828932787000042, 11.763541691000057 ], [ 99.830612889000065, 11.76372443200006 ] ] ], [ [ [ 99.817323028000033, 11.791176324000048 ], [ 99.815521471000068, 11.791665014000046 ], [ 99.816062515000056, 11.792445556000075 ], [ 99.817323028000033, 11.791176324000048 ] ] ], [ [ [ 99.822540235000076, 11.796231358000057 ], [ 99.825255358000049, 11.793360353000025 ], [ 99.822058079000044, 11.793049308000036 ], [ 99.822540235000076, 11.796231358000057 ] ] ], [ [ [ 100.03211570700006, 12.213234801000056 ], [ 100.025489558000061, 12.19674789000004 ], [ 100.024334518000046, 12.196395336000023 ], [ 100.03211570700006, 12.213234801000056 ] ] ], [ [ [ 100.009482988000059, 12.224397401000033 ], [ 100.010016612000072, 12.225635754000052 ], [ 100.009761209000033, 12.224262488000022 ], [ 100.009482988000059, 12.224397401000033 ] ] ], [ [ [ 100.009792925000056, 12.22635467300006 ], [ 100.010268842000073, 12.226518717000033 ], [ 100.009988443000054, 12.226165156000036 ], [ 100.009792925000056, 12.22635467300006 ] ] ], [ [ [ 100.003861251000046, 12.231985297000051 ], [ 100.005190035000055, 12.229484131000049 ], [ 100.004645318000087, 12.229346340000063 ], [ 100.003861251000046, 12.231985297000051 ] ] ], [ [ [ 100.012950486000079, 12.245108051000045 ], [ 100.005526119000081, 12.236422287000039 ], [ 100.011726815000031, 12.249361449000048 ], [ 100.012950486000079, 12.245108051000045 ] ] ] ] } },
{ "type": "Feature", "properties": { "stable_id": "TH.ADM1.00046" }, "geometry": { "type": "Polygon", "coordinates": [ [ [ 100.913942483000085, 14.21989461000004 ], [ 100.913983118000033, 13.946490894000021 ], [ 100.749920660000043, 13.918230420000043 ], [ 100.686953376000076, 13.916254426000023 ], [ 100.68973081200005, 13.931053496000061 ], [ 100.640877524000075, 13.931411085000036 ], [ 100.606525949000059, 13.954378499000029 ], [ 100.498969946000045, 13.937998488000062 ], [ 100.457927895000068, 13.977517345000024 ], [ 100.453476297000066, 13.967342546000054 ], [ 100.359107165000069, 13.996966955000062 ], [ 100.33214083200005, 14.065586851000035 ], [ 100.344040183000061, 14.115030502000025 ], [ 100.477778516000058, 14.111271890000069 ], [ 100.517731308000066, 14.130116899000029 ], [ 100.54957872600005, 14.113893263000023 ], [ 100.619827650000047, 14.128989793000073 ], [ 100.619673210000087, 14.143122747000064 ], [ 100.890712187000076, 14.275606306000043 ], [ 100.891588421000051, 14.243650193000065 ], [ 100.951118146000056, 14.271684207000021 ], [ 100.946435768000072, 14.237134961000038 ], [ 100.913942483000085, 14.21989461000004 ] ] ] } },
{ "type": "Feature", "properties": { "stable_id": "TH.ADM1.00047" }, "geometry": { "type": "MultiPolygon", "coordinates": [ [ [ [ 98.349010091000082, 9.440415010000038 ], [ 98.350485356000036, 9.43394287700005 ], [ 98.34780608300008, 9.435270615000036 ], [ 98.349010091000082, 9.440415010000038 ] ] ], [ [ [ 98.326025006000066, 9.457368850000023 ], [ 98.32865333400008, 9.454683304000071 ], [ 98.326520920000064, 9.453332902000056 ], [ 98.326025006000066, 9.457368850000023 ] ] ], [ [ [ 98.385007916000063, 9.483118343000058 ], [ 98.371235938000041, 9.482088673000021 ], [ 98.36882415000008, 9.495489256000042 ], [ 98.385007916000063, 9.483118343000058 ] ] ], [ [ [ 98.33037554100008, 9.472633489000032 ], [ 98.336891778000052, 9.49084055000003 ], [ 98.354176098000039, 9.50822232400003 ], [ 98.342997191000052, 9.475035569000056 ], [ 98.33037554100008, 9.472633489000032 ] ] ], [ [ [ 98.36705207600005, 9.499082567000073 ], [ 98.368890761000046, 9.504037856000025 ], [ 98.369688034000035, 9.503873825000028 ], [ 98.36705207600005, 9.499082567000073 ] ] ], [ [ [ 98.353801354000041, 9.510467734000031 ], [ 98.358290971000088, 9.518148410000038 ], [ 98.360766105000039, 9.512821955000049 ], [ 98.353801354000041, 9.510467734000031 ] ] ], [ [ [ 98.380635710000035, 9.565738275000058 ], [ 98.386890078000079, 9.571804347000068 ], [ 98.382650542000079, 9.563876270000037 ], [ 98.380635710000035, 9.565738275000058 ] ] ], [ [ [ 98.47448696500004, 9.585188007000056 ], [ 98.460904929000037, 9.579323556000077 ], [ 98.467659151000078, 9.592614518000062 ], [ 98.47448696500004, 9.585188007000056 ] ] ], [ [ [ 98.46849338700008, 9.594037631000049 ], [ 98.470317563000037, 9.596217977000038 ], [ 98.46951523000007, 9.593274866000058 ], [ 98.46849338700008, 9.594037631000049 ] ] ], [ [ [ 98.421877752000057, 9.718433381000068 ], [ 98.423694039000054, 9.71296531400003 ], [ 98.419483433000039, 9.71778499100003 ], [ 98.421877752000057, 9.718433381000068 ] ] ], [ [ [ 98.415845890000071, 9.768868370000064 ], [ 98.427479365000067, 9.734154207000074 ], [ 98.389929708000068, 9.703878670000051 ], [ 98.396453948000044, 9.715484950000075 ], [ 98.379567234000035, 9.732007465000038 ], [ 98.415845890000071, 9.768868370000064 ] ] ], [ [ [ 98.465427222000073, 9.773439592000045 ], [ 98.462440033000064, 9.76498635400003 ], [ 98.460417479000057, 9.765782459000036 ], [ 98.465427222000073, 9.773439592000045 ] ] ], [ [ [ 98.444524219000073, 9.780765449000057 ], [ 98.449879790000068, 9.786768070000051 ], [ 98.446706620000043, 9.778134321000039 ], [ 98.444524219000073, 9.780765449000057 ] ] ], [ [ [ 98.469647690000045, 9.869049044000064 ], [ 98.46879582400004, 9.824103825000066 ], [ 98.452049053000053, 9.78947538500006 ], [ 98.43286801000005, 9.804631994000033 ], [ 98.436503427000048, 9.856939391000026 ], [ 98.450957318000064, 9.874556630000029 ], [ 98.469647690000045, 9.869049044000064 ] ] ], [ [ [ 98.515444161000062, 9.577498861000038 ], [ 98.516741617000037, 9.572033043000033 ], [ 98.511290942000073, 9.573820052000031 ], [ 98.515444161000062, 9.577498861000038 ] ] ], [ [ [ 98.474298232000081, 9.582717198000068 ], [ 98.482506711000042, 9.571030500000063 ], [ 98.471867982000049, 9.577241121000043 ], [ 98.474298232000081, 9.582717198000068 ] ] ], [ [ [ 98.521091221000063, 9.581528778000063 ], [ 98.512964630000056, 9.583168490000048 ], [ 98.511129759000085, 9.585068230000047 ], [ 98.521091221000063, 9.581528778000063 ] ] ], [ [ [ 98.497750169000085, 9.62384017200003 ], [ 98.499125479000043, 9.622179070000072 ], [ 98.497569800000065, 9.620942798000044 ], [ 98.497750169000085, 9.62384017200003 ] ] ], [ [ [ 98.497112214000083, 9.702648821000025 ], [ 98.514875003000043, 9.703318289000038 ], [ 98.508017669000083, 9.69361506100006 ], [ 98.497112214000083, 9.702648821000025 ] ] ], [ [ [ 98.503184054000087, 9.734165601000029 ], [ 98.498638999000036, 9.731101827000032 ], [ 98.503213889000051, 9.734496601000046 ], [ 98.503184054000087, 9.734165601000029 ] ] ], [ [ [ 98.507139365000057, 9.73310151000004 ], [ 98.505615707000061, 9.73437472300003 ], [ 98.507335445000081, 9.734864324000057 ], [ 98.507139365000057, 9.73310151000004 ] ] ], [ [ [ 98.484327029000042, 9.738850185000047 ], [ 98.486615690000065, 9.732111503000056 ], [ 98.48495928400007, 9.731775523000067 ], [ 98.484327029000042, 9.738850185000047 ] ] ], [ [ [ 98.514046470000039, 9.906260350000025 ], [ 98.51329759500004, 9.899815234000073 ], [ 98.507574358000056, 9.90049086700003 ], [ 98.514046470000039, 9.906260350000025 ] ] ], [ [ [ 98.491875281000034, 9.910632958000065 ], [ 98.485484012000086, 9.898366357000043 ], [ 98.467485165000085, 9.892047340000033 ], [ 98.475257720000059, 9.911517720000063 ], [ 98.491875281000034, 9.910632958000065 ] ] ], [ [ [ 98.520374410000045, 9.916676178000046 ], [ 98.507667725000033, 9.907258487000036 ], [ 98.52143533800006, 9.921925581000039 ], [ 98.520374410000045, 9.916676178000046 ] ] ], [ [ [ 98.53462612800007, 9.917563374000053 ], [ 98.537105615000087, 9.921491962000061 ], [ 98.536433375000058, 9.91757943500005 ], [ 98.53462612800007, 9.917563374000053 ] ] ], [ [ [ 98.489806738000084, 9.931674032000046 ], [ 98.479122501000063, 9.931553005000069 ], [ 98.485551343000054, 9.935342997000021 ], [ 98.489806738000084, 9.931674032000046 ] ] ], [ [ [ 98.455781226000056, 9.563342541000054 ], [ 98.468514417000051, 9.543313040000044 ], [ 98.533430296000063, 9.568632903000037 ], [ 98.508197702000075, 9.595500027000071 ], [ 98.467627620000087, 9.596967034000045 ], [ 98.462929754000072, 9.624998778000077 ], [ 98.478922070000067, 9.634743983000021 ], [ 98.497319455000081, 9.617954671000064 ], [ 98.503195307000055, 9.625118655000051 ], [ 98.499608112000033, 9.633518629000037 ], [ 98.510974879000059, 9.654044782000028 ], [ 98.498231150000038, 9.652277653000056 ], [ 98.484630843000048, 9.686169003000032 ], [ 98.525728627000035, 9.679556999000056 ], [ 98.557883463000053, 9.728962412000044 ], [ 98.551832791000038, 9.749688032000051 ], [ 98.500353528000062, 9.739211289000025 ], [ 98.512631492000082, 9.753720471000065 ], [ 98.506536084000061, 9.78270135300005 ], [ 98.53810033600007, 9.804081814000028 ], [ 98.51579492500008, 9.853278359000058 ], [ 98.578667661000054, 9.907926881000037 ], [ 98.558648701000038, 9.895806825000022 ], [ 98.561028070000077, 9.919943978000049 ], [ 98.58759946300006, 9.930861950000065 ], [ 98.56704079900004, 9.956372112000054 ], [ 98.576636831000087, 9.982217525000067 ], [ 98.619478529000048, 10.056161652000071 ], [ 98.653374234000069, 10.164922317000048 ], [ 98.716410334000045, 10.228322502000026 ], [ 98.753833440000051, 10.389990300000022 ], [ 98.808759819000045, 10.468783918000042 ], [ 98.799699435000036, 10.482920939000053 ], [ 98.822085988000083, 10.529492021000067 ], [ 98.798641802000077, 10.559564038000076 ], [ 98.811016102000053, 10.592632679000076 ], [ 98.802026226000066, 10.586568920000047 ], [ 98.800645771000063, 10.604562697000063 ], [ 98.781313607000072, 10.601654318000044 ], [ 98.771073182000066, 10.621059803000037 ], [ 98.77992051800004, 10.678714133000028 ], [ 98.879643917000067, 10.788778476000061 ], [ 98.914344649000043, 10.747740672000077 ], [ 98.893961195000031, 10.681806795000057 ], [ 98.907649996000032, 10.692493497000044 ], [ 98.924848099000087, 10.678139719000058 ], [ 98.92716194500008, 10.650999925000065 ], [ 98.950843137000049, 10.636965630000077 ], [ 98.94518223700004, 10.611822579000034 ], [ 98.964171974000067, 10.602565229000049 ], [ 98.942375094000056, 10.566506637000032 ], [ 98.962601089000032, 10.539589496000076 ], [ 98.88606475000006, 10.460164668000061 ], [ 98.894298028000037, 10.415824203000057 ], [ 98.937126889000069, 10.383918848000064 ], [ 98.943422942000041, 10.351878396000075 ], [ 98.903199931000074, 10.294649829000036 ], [ 98.909206009000059, 10.266931665000072 ], [ 98.871540755000069, 10.185473270000045 ], [ 98.889026581000053, 10.161392337000052 ], [ 98.869572739000034, 10.150246736000042 ], [ 98.865811182000073, 10.103822448000074 ], [ 98.835408934000043, 10.066109102000041 ], [ 98.891666966000059, 10.06424755300003 ], [ 98.906294242000058, 10.033091030000037 ], [ 98.832255595000049, 9.979844318000062 ], [ 98.815700283000069, 9.937416874000064 ], [ 98.780944848000047, 9.950373272000036 ], [ 98.761785069000041, 9.937469616000044 ], [ 98.720509170000071, 9.893608038000025 ], [ 98.718191286000035, 9.863751316000048 ], [ 98.630325844000083, 9.778433590000077 ], [ 98.639376568000046, 9.713562482000043 ], [ 98.659526241000037, 9.684715 ], [ 98.653341085000079, 9.655422804000068 ], [ 98.72440647600007, 9.623481965000053 ], [ 98.768205517000069, 9.545533851000073 ], [ 98.695556829000054, 9.471295802000043 ], [ 98.666962975000047, 9.465125434000072 ], [ 98.67886326200005, 9.43199581600004 ], [ 98.647411239000064, 9.424989100000062 ], [ 98.648421097000039, 9.387842441000032 ], [ 98.674591101000033, 9.387622774000022 ], [ 98.660512655000048, 9.348471994000022 ], [ 98.635790114000088, 9.356752339000025 ], [ 98.611027404000083, 9.342300757000032 ], [ 98.587602077000042, 9.367860818000054 ], [ 98.547725029000048, 9.36117002800006 ], [ 98.506060094000077, 9.308902024000076 ], [ 98.484548749000055, 9.306420944000024 ], [ 98.407712227000047, 9.347897040000021 ], [ 98.390467932000035, 9.332189766000056 ], [ 98.39654484600004, 9.400529990000052 ], [ 98.416864978000035, 9.407663881000076 ], [ 98.438766615000077, 9.51196998100005 ], [ 98.455781226000056, 9.563342541000054 ] ] ] ] } },
{ "type": "Feature", "properties": { "stable_id": "TH.ADM1.00048" }, "geometry": { "type": "Polygon", "coordinates": [ [ [ 99.925416320000068, 13.514120388000038 ], [ 99.889163845000041, 13.470097473000067 ], [ 99.890869631000044, 13.431614783000043 ], [ 99.856931794000047, 13.330046547000052 ], [ 99.762151675000041, 13.341741710000065 ], [ 99.709051038000041, 13.321879839000076 ], [ 99.661802566000063, 13.278682011000058 ], [ 99.658675814000048, 13.213347301000056 ], [ 99.590928636000058, 13.198954737000065 ], [ 99.522537568000075, 13.210037913000065 ], [ 99.506662883000047, 13.180379064000022 ], [ 99.478656904000047, 13.200505411000051 ], [ 99.442482589000065, 13.183454955000059 ], [ 99.34881292700004, 13.242368783000074 ], [ 99.323219203000065, 13.221281202000057 ], [ 99.324166990000037, 13.177531556000076 ], [ 99.269936241000039, 13.149293705000048 ], [ 99.204500837000069, 13.215319557000043 ], [ 99.19592732600006, 13.255577784000025 ], [ 99.210092257000042, 13.265455960000054 ], [ 99.185862769000039, 13.290990112000031 ], [ 99.207110166000064, 13.332925765000027 ], [ 99.20897397300007, 13.411019269000064 ], [ 99.190708667000081, 13.545026978000067 ], [ 99.162192423000079, 13.574847885000054 ], [ 99.177848400000073, 13.581743970000048 ], [ 99.167281173000049, 13.735909027000048 ], [ 99.265898514000071, 13.743454965000069 ], [ 99.309343897000076, 13.775019612000051 ], [ 99.379495665000036, 13.755892611000036 ], [ 99.45313953200008, 13.778867494000053 ], [ 99.47020767500004, 13.806619688000069 ], [ 99.503446956000062, 13.769372394000072 ], [ 99.547115311000084, 13.759332908000033 ], [ 99.631920015000048, 13.807133028000067 ], [ 99.666273568000065, 13.846297271000026 ], [ 99.803122429000041, 13.807153389000064 ], [ 99.875861053000051, 13.961235181000063 ], [ 99.927035001000036, 13.934065867000072 ], [ 99.900889986000038, 13.841629012000055 ], [ 99.958591437000052, 13.836248709000074 ], [ 99.970394250000084, 13.808681384000067 ], [ 99.937924378000048, 13.769773061000024 ], [ 99.948764249000078, 13.734943333000047 ], [ 99.960175560000039, 13.72185182100003 ], [ 100.028818516000058, 13.75437398400004 ], [ 100.026114680000035, 13.699772575000054 ], [ 100.068638259000068, 13.690865951000035 ], [ 100.053827157000057, 13.61990634600005 ], [ 100.031109542000081, 13.612613751000026 ], [ 100.044997782000053, 13.561656304000053 ], [ 100.029515768000067, 13.507781799000043 ], [ 100.008635756000047, 13.516261819000022 ], [ 99.99483117300008, 13.493891142000052 ], [ 99.96845667000008, 13.488045123000063 ], [ 99.925416320000068, 13.514120388000038 ] ] ] } },
{ "type": "Feature", "properties": { "stable_id": "TH.ADM1.00049" }, "geometry": { "type": "MultiPolygon", "coordinates": [ [ [ [ 101.443086434000065, 12.516041662000077 ], [ 101.442568963000042, 12.512761240000032 ], [ 101.442039359000034, 12.516188514000021 ], [ 101.443086434000065, 12.516041662000077 ] ] ], [ [ [ 101.454206615000032, 12.577524231000041 ], [ 101.470203609000066, 12.567516322000074 ], [ 101.450263526000072, 12.554111136000074 ], [ 101.443090105000067, 12.521677785000065 ], [ 101.454206615000032, 12.577524231000041 ] ] ], [ [ [ 101.510064698000065, 12.580050667000023 ], [ 101.510676505000049, 12.580208012000071 ], [ 101.510163408000039, 12.579546612000058 ], [ 101.510064698000065, 12.580050667000023 ] ] ], [ [ [ 101.508714683000051, 12.585888760000046 ], [ 101.511241013000074, 12.583770281000056 ], [ 101.51033005000005, 12.581603624000024 ], [ 101.508714683000051, 12.585888760000046 ] ] ], [ [ [ 101.510286108000059, 12.595012070000053 ], [ 101.511066544000073, 12.592430170000057 ], [ 101.508313023000085, 12.594603565000057 ], [ 101.510286108000059, 12.595012070000053 ] ] ], [ [ [ 101.171997850000082, 12.647233407000044 ], [ 101.169657862000065, 12.648455687000023 ], [ 101.172072737000065, 12.65111861500003 ], [ 101.171997850000082, 12.647233407000044 ] ] ], [ [ [ 101.556479939000042, 12.62732601600004 ], [ 101.436627024000074, 12.626724589000048 ], [ 101.418319723000081, 12.58307891000004 ], [ 101.365202410000052, 12.621404694000034 ], [ 101.235038580000037, 12.665327593000029 ], [ 101.161885087000087, 12.672043509000048 ], [ 101.166264671000079, 12.639948326000024 ], [ 101.151518855000063, 12.673528993000048 ], [ 101.135192038000071, 12.663553755000066 ], [ 101.141769813000053, 12.660249442000065 ], [ 101.14012325300007, 12.658405918000028 ], [ 101.146713666000039, 12.651526755000077 ], [ 101.147735354000076, 12.646909989000051 ], [ 101.121930215000077, 12.678001755000025 ], [ 100.992257850000044, 12.656245697000031 ], [ 100.984594804000039, 12.693848008000032 ], [ 101.017214779000085, 12.797264729000062 ], [ 101.063087901000074, 12.833930413000076 ], [ 101.088567093000051, 12.915277600000024 ], [ 101.103449277000038, 12.972567336000054 ], [ 101.082793738000078, 13.004156126000055 ], [ 101.092020570000045, 13.028046668000059 ], [ 101.118439076000072, 13.033102786000029 ], [ 101.135180284000057, 13.016526121000027 ], [ 101.179856961000041, 13.027384170000062 ], [ 101.194201800000087, 13.054619763000062 ], [ 101.172198859000048, 13.05838596500007 ], [ 101.173217411000053, 13.073564934000046 ], [ 101.195842923000043, 13.088180825000052 ], [ 101.290242572000068, 13.058530650000023 ], [ 101.326086032000035, 13.084121641000024 ], [ 101.394091599000035, 13.024810699000057 ], [ 101.436669364000068, 13.051333566000039 ], [ 101.470628472000044, 13.026255129000049 ], [ 101.468920014000048, 13.051813245000062 ], [ 101.559360174000062, 13.076944738000066 ], [ 101.582351001000063, 13.128889335000054 ], [ 101.636114339000073, 13.16006404500007 ], [ 101.695772088000069, 13.14659670900005 ], [ 101.685834275000047, 13.113922066000043 ], [ 101.716740394000055, 13.034931131000064 ], [ 101.759279853000066, 13.047591142000044 ], [ 101.738702272000069, 12.961625059000028 ], [ 101.756998842000087, 12.940167379000059 ], [ 101.779224261000081, 12.953180208000049 ], [ 101.808553209000081, 12.885306975000049 ], [ 101.81821860000008, 12.899663541000052 ], [ 101.829205423000076, 12.826363214000025 ], [ 101.818932372000063, 12.755297220000045 ], [ 101.799916368000083, 12.750454663000028 ], [ 101.784358385000075, 12.693191576000061 ], [ 101.723834056000044, 12.705427980000024 ], [ 101.671652118000054, 12.683859351000024 ], [ 101.645998008000049, 12.642382097000052 ], [ 101.593375457000036, 12.65353299700007 ], [ 101.566610786000069, 12.647945388000039 ], [ 101.556479939000042, 12.62732601600004 ] ] ], [ [ [ 101.57028775200007, 12.556529662000059 ], [ 101.566748275000066, 12.558339040000021 ], [ 101.568202058000054, 12.559286051000072 ], [ 101.57028775200007, 12.556529662000059 ] ] ], [ [ [ 101.702495400000032, 12.567418127000053 ], [ 101.698522615000059, 12.571175537000045 ], [ 101.701975049000055, 12.572533444000044 ], [ 101.702495400000032, 12.567418127000053 ] ] ], [ [ [ 101.693010457000071, 12.596426711000049 ], [ 101.692680832000065, 12.604138398000032 ], [ 101.693814314000065, 12.604006109000068 ], [ 101.693010457000071, 12.596426711000049 ] ] ], [ [ [ 101.512175027000069, 12.599575571000059 ], [ 101.512870042000031, 12.600097336000033 ], [ 101.512316413000065, 12.599320529000067 ], [ 101.512175027000069, 12.599575571000059 ] ] ], [ [ [ 101.513957773000072, 12.601679704000048 ], [ 101.515671482000073, 12.60432516000003 ], [ 101.51402058900004, 12.600993502000051 ], [ 101.513957773000072, 12.601679704000048 ] ] ], [ [ [ 101.69471615100008, 12.612298281000051 ], [ 101.68512979500008, 12.611616524000056 ], [ 101.689630752000085, 12.618969236000055 ], [ 101.69471615100008, 12.612298281000051 ] ] ] ] } },
{ "type": "Feature", "properties": { "stable_id": "TH.ADM1.00050" }, "geometry": { "type": "Polygon", "coordinates": [ [ [ 103.774135429000069, 15.436397896000074 ], [ 103.573946453000076, 15.462849172000062 ], [ 103.53184086400006, 15.426670738000041 ], [ 103.449350031000051, 15.454918725000027 ], [ 103.403267828000082, 15.436452529000064 ], [ 103.423280377000083, 15.533311175000051 ], [ 103.362823633000062, 15.526513897000029 ], [ 103.302878477000036, 15.562122353000063 ], [ 103.294693782000081, 15.592078142000048 ], [ 103.27373158000006, 15.601718121000033 ], [ 103.298962200000062, 15.648852806000036 ], [ 103.267117219000056, 15.649621683000078 ], [ 103.307775596000056, 15.693689646000053 ], [ 103.301030170000047, 15.706385198000078 ], [ 103.327302429000042, 15.698380493000059 ], [ 103.352073844000074, 15.725589256000035 ], [ 103.413102353000056, 15.712489812000058 ], [ 103.423353071000065, 15.72832478600003 ], [ 103.403735318000088, 15.761160020000034 ], [ 103.433618334000073, 15.789659791000076 ], [ 103.45722061400005, 15.907061044000045 ], [ 103.488187956000047, 15.931336466000062 ], [ 103.463752196000087, 15.970923117000041 ], [ 103.470464089000075, 16.045606014000043 ], [ 103.453419532000055, 16.085177292000026 ], [ 103.488053997000065, 16.183174386000076 ], [ 103.539900991000081, 16.222460839000064 ], [ 103.590724357000056, 16.194691571000021 ], [ 103.617976499000065, 16.201811607000025 ], [ 103.599949339000034, 16.213834510000027 ], [ 103.617362354000079, 16.217578847000027 ], [ 103.640002266000067, 16.188461448000055 ], [ 103.669811688000038, 16.197524246000057 ], [ 103.664856096000051, 16.221502273000056 ], [ 103.727089661000036, 16.222446784000056 ], [ 103.75607659800005, 16.300114285000063 ], [ 103.72293873600006, 16.330334080000057 ], [ 103.727781371000049, 16.345705203000023 ], [ 103.703035654000075, 16.379625563000047 ], [ 103.81654801600007, 16.468912186000068 ], [ 103.866045155000052, 16.470937202000073 ], [ 103.928757291000068, 16.434391072000039 ], [ 104.029146696000055, 16.443517154000062 ], [ 104.045471325000051, 16.390880409000033 ], [ 104.17055666400006, 16.44602403600004 ], [ 104.187658019000082, 16.430927379000025 ], [ 104.237857923000035, 16.428572174000067 ], [ 104.270367902000032, 16.439380928000048 ], [ 104.295405542000083, 16.471248940000066 ], [ 104.319495956000083, 16.422117441000069 ], [ 104.325558429000068, 16.337049437000076 ], [ 104.348004614000047, 16.323211225000023 ], [ 104.341032785000039, 16.289244173000043 ], [ 104.290112986000054, 16.235556152000072 ], [ 104.249951807000059, 16.218869925000035 ], [ 104.220768926000062, 16.160880171000031 ], [ 104.173251354000058, 16.147372379000046 ], [ 104.140355517000046, 16.111531382000067 ], [ 104.114817965000043, 16.11367004400006 ], [ 104.097028771000055, 16.07187407300006 ], [ 104.113889508000057, 16.036751904000027 ], [ 104.103408216000048, 15.985327826000059 ], [ 104.029957047000039, 15.982252710000068 ], [ 104.011232114000052, 15.958112908000032 ], [ 104.034694521000063, 15.941078966000077 ], [ 104.015248987000064, 15.891993733000049 ], [ 104.032852916000081, 15.869793863000041 ], [ 104.00050495000005, 15.795573821000062 ], [ 104.07542608600005, 15.817941395000048 ], [ 104.074339380000083, 15.839401470000041 ], [ 104.133470499000055, 15.800624216000074 ], [ 104.137724319000085, 15.747458263000055 ], [ 104.11810332500005, 15.702187221000031 ], [ 104.148299215000065, 15.712155727000038 ], [ 104.187531675000059, 15.66545357800004 ], [ 104.171932076000076, 15.660161509000034 ], [ 104.170052651000049, 15.632529559000034 ], [ 104.184301042000072, 15.63242746800006 ], [ 104.190518267000073, 15.610864550000031 ], [ 104.212781866000057, 15.613077797000074 ], [ 104.159128986000042, 15.601579280000067 ], [ 104.120103380000046, 15.561905761000048 ], [ 104.099200153000083, 15.566933840000047 ], [ 104.104895596000063, 15.546677498000065 ], [ 104.085529349000069, 15.550517764000062 ], [ 104.059976043000063, 15.502419313000075 ], [ 103.996681463000073, 15.449087337000037 ], [ 103.986583104000033, 15.405946995000022 ], [ 103.971199526000078, 15.407415637000042 ], [ 103.974376043000063, 15.426514260000033 ], [ 103.953429234000055, 15.413414030000069 ], [ 103.94231676000004, 15.438683866000076 ], [ 103.907673633000059, 15.436392784000077 ], [ 103.878036444000088, 15.468453046000036 ], [ 103.862189888000046, 15.449025852000034 ], [ 103.854925636000075, 15.465958166000064 ], [ 103.774135429000069, 15.436397896000074 ] ] ] } },
{ "type": "Feature", "properties": { "stable_id": "TH.ADM1.00051" }, "geometry": { "type": "Polygon", "coordinates": [ [ [ 103.640457354000034, 17.112081076000038 ], [ 103.600515322000035, 17.169650570000044 ], [ 103.566958057000079, 17.158519647000048 ], [ 103.470259725000062, 17.229916415000048 ], [ 103.417102299000078, 17.212494451000055 ], [ 103.348285633000046, 17.255436703000044 ], [ 103.281144555000083, 17.266858789000025 ], [ 103.252370302000088, 17.313760733000038 ], [ 103.299925467000037, 17.396232503000022 ], [ 103.274960173000068, 17.440118194000036 ], [ 103.288686532000042, 17.499379752000038 ], [ 103.33919985700004, 17.57827345100003 ], [ 103.409907424000039, 17.595819217000042 ], [ 103.397571357000061, 17.616782896000075 ], [ 103.408970422000039, 17.734866598000053 ], [ 103.367313646000071, 17.790716275000023 ], [ 103.390022487000067, 17.829210986000078 ], [ 103.380149971000037, 17.839945002000036 ], [ 103.420674369000039, 17.841214067000067 ], [ 103.393713170000069, 17.855689813000026 ], [ 103.417167482000082, 17.883411383000066 ], [ 103.396892533000084, 17.909316177000051 ], [ 103.410045617000037, 17.947319894000032 ], [ 103.387770106000062, 17.979033052000034 ], [ 103.407827900000086, 17.992361487000039 ], [ 103.44545548900004, 17.967116744000066 ], [ 103.439392552000072, 17.98526914200005 ], [ 103.472710112000073, 18.005649733000041 ], [ 103.498119870000039, 17.990268426000057 ], [ 103.494704765000051, 18.05851003500004 ], [ 103.514475380000079, 18.074132696000049 ], [ 103.534628869000073, 18.068056517000059 ], [ 103.540023294000036, 18.088927445000024 ], [ 103.542546754000057, 18.064633918000027 ], [ 103.58132161900005, 18.038030183000046 ], [ 103.595200979000083, 18.049673923000057 ], [ 103.611222117000068, 18.01307336800005 ], [ 103.63910024900008, 18.014110367000058 ], [ 103.621241993000069, 18.003597941000066 ], [ 103.624541660000034, 17.976325355000029 ], [ 103.641952679000042, 17.963004500000068 ], [ 103.662847996000039, 17.973318343000074 ], [ 103.661394982000047, 17.950179822000052 ], [ 103.715507100000082, 17.942913694000026 ], [ 103.746744312000033, 17.91147840800005 ], [ 103.76546589700007, 17.955657291000023 ], [ 103.756788407000045, 17.922251863000042 ], [ 103.78233416900008, 17.931611476000057 ], [ 103.774767085000065, 17.909071642000072 ], [ 103.786809048000066, 17.891621999000051 ], [ 103.764593277000074, 17.883306193000067 ], [ 103.794367411000053, 17.842045504000055 ], [ 103.810828580000077, 17.858443521000027 ], [ 103.795887993000065, 17.877229643000078 ], [ 103.836063705000072, 17.870212589000062 ], [ 103.855668900000069, 17.883021531000054 ], [ 103.870770233000087, 17.869298994000076 ], [ 103.904657754000084, 17.880678129000046 ], [ 103.903161401000034, 17.847145518000048 ], [ 103.92245082800008, 17.853855797000051 ], [ 103.917661889000044, 17.820219849000068 ], [ 103.943656186000055, 17.784354784000072 ], [ 103.97321114500005, 17.785030221000056 ], [ 103.979728856000065, 17.770900245000064 ], [ 104.016375, 17.810373667000022 ], [ 104.024219267000035, 17.757969439000078 ], [ 104.037676426000075, 17.769407709000063 ], [ 104.057422398000085, 17.757430972000066 ], [ 104.049457171000086, 17.739721991000067 ], [ 104.066978432000042, 17.739370971000028 ], [ 104.070121318000076, 17.679540495000026 ], [ 104.084058107000033, 17.680425204000073 ], [ 104.067675818000055, 17.646770626000034 ], [ 104.03238454600006, 17.639706415000035 ], [ 104.053688931000067, 17.584957096000039 ], [ 104.035169693000057, 17.563518415000033 ], [ 104.040464945000053, 17.529863681000052 ], [ 104.009465430000034, 17.48595788800003 ], [ 104.072962260000054, 17.37657839700006 ], [ 104.076846378000084, 17.393117993000033 ], [ 104.096090682000067, 17.376097515000026 ], [ 104.095687554000051, 17.403507758000046 ], [ 104.140005270000074, 17.384304800000052 ], [ 104.153363019000039, 17.395412688000022 ], [ 104.144269706000046, 17.409352959000046 ], [ 104.173777815000051, 17.428654041000073 ], [ 104.220881318000067, 17.414984356000048 ], [ 104.287959780000051, 17.432101006000039 ], [ 104.386146866000047, 17.41249201200003 ], [ 104.401159531000076, 17.429716874000064 ], [ 104.417005371000073, 17.420543503000033 ], [ 104.407051576000072, 17.379290741000034 ], [ 104.422880559000077, 17.329241929000034 ], [ 104.403142390000085, 17.299059683000053 ], [ 104.433492576000049, 17.23841621400004 ], [ 104.391384771000048, 17.177855464000061 ], [ 104.388910336000038, 17.147778049000067 ], [ 104.408819356000038, 17.138654186000053 ], [ 104.366303358000039, 17.105849133000049 ], [ 104.351335460000087, 17.066249113000026 ], [ 104.396902200000056, 17.021633774000065 ], [ 104.318365442000072, 16.973158695000052 ], [ 104.30324612000004, 16.930056308000076 ], [ 104.266777345000037, 16.920423208000045 ], [ 104.208213787000034, 16.874599699000044 ], [ 104.124551643000075, 16.888505805000023 ], [ 104.123809917000074, 16.861149499000078 ], [ 104.087604725000062, 16.826371043000051 ], [ 104.070106850000059, 16.82129992800003 ], [ 104.068712006000055, 16.838039980000076 ], [ 104.022814027000038, 16.855939136000075 ], [ 103.969492071000047, 16.811578595000071 ], [ 103.95618945800004, 16.819007477000071 ], [ 103.950298455000052, 16.776065194000068 ], [ 103.937186202000078, 16.77297592900004 ], [ 103.790886777000082, 16.891493509000043 ], [ 103.783392520000064, 16.958604726000033 ], [ 103.739999440000076, 16.971270779000065 ], [ 103.739872025000068, 16.986303946000078 ], [ 103.720325210000055, 16.981397073000039 ], [ 103.725943226000084, 17.010636398000031 ], [ 103.694275558000072, 17.03403387000003 ], [ 103.662120230000085, 17.019615229000067 ], [ 103.654040749000046, 17.072139869000068 ], [ 103.667457220000074, 17.106507541000042 ], [ 103.640457354000034, 17.112081076000038 ] ] ] } },
{ "type": "Feature", "properties": { "stable_id": "TH.ADM1.00052" }, "geometry": { "type": "Polygon", "coordinates": [ [ [ 100.584475539000039, 13.539268388000039 ], [ 100.572353071000066, 13.514914673000021 ], [ 100.453693435000048, 13.501979764000055 ], [ 100.453723363000051, 13.60501511700005 ], [ 100.490732303000073, 13.586706855000045 ], [ 100.521037943000067, 13.605141864000075 ], [ 100.517515207000088, 13.661599672000023 ], [ 100.52340115700008, 13.677882705000059 ], [ 100.548704066000084, 13.674039919000052 ], [ 100.556262544000049, 13.705933308000056 ], [ 100.58391953000006, 13.69609611900006 ], [ 100.579458378000083, 13.669222685000022 ], [ 100.630577254000059, 13.649761298000044 ], [ 100.649709981000058, 13.652504770000064 ], [ 100.655465, 13.672292068000047 ], [ 100.698271323000085, 13.65632908300006 ], [ 100.709994351000034, 13.716782075000026 ], [ 100.787952316000087, 13.716605352000045 ], [ 100.955820651000067, 13.66237977000003 ], [ 100.963883870000075, 13.644534625000063 ], [ 100.911016396000036, 13.592685514000038 ], [ 100.903873870000041, 13.554230348000033 ], [ 100.880223243000046, 13.548707947000025 ], [ 100.871561203000056, 13.49049952300004 ], [ 100.848391308000032, 13.478420328000027 ], [ 100.681195789000071, 13.506234047000078 ], [ 100.584475539000039, 13.539268388000039 ] ] ] } },
{ "type": "Feature", "properties": { "stable_id": "TH.ADM1.00053" }, "geometry": { "type": "Polygon", "coordinates": [ [ [ 100.37120832100004, 13.624587002000055 ], [ 100.395290527000043, 13.554324621000035 ], [ 100.420039885000051, 13.545417677000046 ], [ 100.406325868000067, 13.535797271000035 ], [ 100.408838252000066, 13.493389571000023 ], [ 100.330142794000039, 13.48648767800006 ], [ 100.281852696000044, 13.50664342500005 ], [ 100.245698060000052, 13.473283631000072 ], [ 100.079002419000062, 13.425208136000037 ], [ 100.073319066000067, 13.456349530000068 ], [ 100.029515768000067, 13.507781799000043 ], [ 100.044997782000053, 13.561656304000053 ], [ 100.031109542000081, 13.612613751000026 ], [ 100.053827157000057, 13.61990634600005 ], [ 100.060268251000082, 13.660286144000054 ], [ 100.121766896000054, 13.653834692000032 ], [ 100.120959232000075, 13.679138797000064 ], [ 100.147033798000052, 13.683643605000043 ], [ 100.246644082000046, 13.676168820000044 ], [ 100.28253961300004, 13.692851426000061 ], [ 100.290368966000074, 13.717912516000069 ], [ 100.333110726000086, 13.720837635000066 ], [ 100.339383547000068, 13.654990333000057 ], [ 100.37120832100004, 13.624587002000055 ] ] ] } },
{ "type": "Feature", "properties": { "stable_id": "TH.ADM1.00054" }, "geometry": { "type": "Polygon", "coordinates": [ [ [ 99.997802380000053, 13.331056003000072 ], [ 99.882517634000067, 13.25975515500005 ], [ 99.892323041000054, 13.242997161000062 ], [ 99.860308829000076, 13.244605060000026 ], [ 99.852905990000068, 13.309861216000058 ], [ 99.890869631000044, 13.431614783000043 ], [ 99.889163845000041, 13.470097473000067 ], [ 99.917996852000044, 13.512545600000067 ], [ 99.96845667000008, 13.488045123000063 ], [ 99.99483117300008, 13.493891142000052 ], [ 100.008665726000061, 13.516264701000068 ], [ 100.04873099200006, 13.492330198000047 ], [ 100.078782232000037, 13.425330343000041 ], [ 100.047645824000085, 13.408646374000057 ], [ 100.023184922000041, 13.36178019700003 ], [ 99.99911815300004, 13.368107291000058 ], [ 99.997802380000053, 13.331056003000072 ] ] ] } },
{ "type": "Feature", "properties": { "stable_id": "TH.ADM1.00055" }, "geometry": { "type": "Polygon", "coordinates": [ [ [ 100.890712187000076, 14.275606306000043 ], [ 100.821498864000034, 14.242746399000055 ], [ 100.823179830000072, 14.329661398000042 ], [ 100.772199697000076, 14.325244041000076 ], [ 100.796343380000053, 14.389513787000055 ], [ 100.77764103800007, 14.413745591000065 ], [ 100.759462892000045, 14.411728021000044 ], [ 100.771698699000069, 14.493949405000023 ], [ 100.747464414000035, 14.512871199000074 ], [ 100.778652286000067, 14.530733977000068 ], [ 100.782704673000069, 14.567032528000027 ], [ 100.68512878000007, 14.582137816000056 ], [ 100.658891492000066, 14.603261109000073 ], [ 100.67261962300006, 14.557668093000075 ], [ 100.601844964000065, 14.554215713000076 ], [ 100.603585539000051, 14.577715911000041 ], [ 100.575195398000062, 14.598999649000064 ], [ 100.592336514000067, 14.643973037000023 ], [ 100.630532033000065, 14.649993705000043 ], [ 100.651430519000087, 14.710556686000075 ], [ 100.68903299200008, 14.758461364000027 ], [ 100.724532629000066, 14.760059856000055 ], [ 100.76662041700007, 14.796420466000029 ], [ 100.841762593000055, 14.804188908000071 ], [ 100.873966485000039, 14.770791084000052 ], [ 100.901483087000088, 14.769978642000069 ], [ 100.943556648000083, 14.740741956000022 ], [ 100.966655591000062, 14.751354414000048 ], [ 100.989075435000075, 14.741710933000036 ], [ 101.02540311000007, 14.810226932000035 ], [ 101.069977173000041, 14.760106832000076 ], [ 101.062656480000044, 14.791658950000055 ], [ 101.089106027000071, 14.831526537000059 ], [ 101.065637037000045, 14.840462860000059 ], [ 101.093169507000084, 14.849549942000067 ], [ 101.081434374000082, 14.87994149900004 ], [ 101.093914554000037, 14.906690970000056 ], [ 101.145989842000063, 14.897137203000057 ], [ 101.193400348000068, 14.921065932000033 ], [ 101.257489329000066, 14.912537496000027 ], [ 101.329303854000045, 14.965825874000075 ], [ 101.363078938000058, 15.046971339000038 ], [ 101.400226337000049, 15.073792757000035 ], [ 101.453478474000065, 14.864817436000067 ], [ 101.337605054000051, 14.78719207100005 ], [ 101.299419600000078, 14.737871952000035 ], [ 101.282447101000059, 14.743149241000026 ], [ 101.280626186000063, 14.726080671000034 ], [ 101.209254914000041, 14.753324742000075 ], [ 101.189679990000059, 14.744673977000048 ], [ 101.213585027000079, 14.586472379000043 ], [ 101.181036651000056, 14.544336553000051 ], [ 101.242831722000062, 14.471104316000037 ], [ 101.225199308000072, 14.472369496000056 ], [ 101.229597304000038, 14.433685747000027 ], [ 101.209682344000043, 14.429104518000031 ], [ 101.210064189000036, 14.371997684000064 ], [ 101.165723853000031, 14.342375777000029 ], [ 101.145650022000041, 14.373677840000028 ], [ 101.085430010000039, 14.383601652000038 ], [ 101.05683657600008, 14.414349018000053 ], [ 101.062395045000073, 14.37095449800006 ], [ 101.015217433000032, 14.302152167000031 ], [ 100.891977890000078, 14.243651424000063 ], [ 100.890712187000076, 14.275606306000043 ] ] ] } },
{ "type": "Feature", "properties": { "stable_id": "TH.ADM1.00056" }, "geometry": { "type": "MultiPolygon", "coordinates": [ [ [ [ 99.365557898000077, 6.485111742000072 ], [ 99.366786656000045, 6.484935599000039 ], [ 99.366082615000039, 6.483743157000049 ], [ 99.365557898000077, 6.485111742000072 ] ] ], [ [ [ 99.333892096000056, 6.486872675000029 ], [ 99.335079251000082, 6.488737649000029 ], [ 99.335681023000063, 6.488357314000041 ], [ 99.333892096000056, 6.486872675000029 ] ] ], [ [ [ 99.305491776000054, 6.499331817000041 ], [ 99.301355432000037, 6.485668458000021 ], [ 99.283151044000078, 6.482504879000032 ], [ 99.305491776000054, 6.499331817000041 ] ] ], [ [ [ 99.178476408000051, 6.493833886000061 ], [ 99.177607601000034, 6.494021365000037 ], [ 99.179093716000068, 6.495736115000057 ], [ 99.178476408000051, 6.493833886000061 ] ] ], [ [ [ 99.179798456000071, 6.498554971000033 ], [ 99.179240577000087, 6.499654382000074 ], [ 99.180033986000069, 6.49931919900007 ], [ 99.179798456000071, 6.498554971000033 ] ] ], [ [ [ 99.317602995000072, 6.499607036000043 ], [ 99.319630273000087, 6.49898442600005 ], [ 99.317630597000061, 6.498552013000051 ], [ 99.317602995000072, 6.499607036000043 ] ] ], [ [ [ 99.180930233000083, 6.50158532100005 ], [ 99.180998411000076, 6.50087516800005 ], [ 99.180351524000059, 6.501140548000024 ], [ 99.180930233000083, 6.50158532100005 ] ] ], [ [ [ 99.181773786000065, 6.502723692000075 ], [ 99.181947307000087, 6.501876709000044 ], [ 99.181521921000069, 6.501927741000031 ], [ 99.181773786000065, 6.502723692000075 ] ] ], [ [ [ 99.176262066000049, 6.504248099000051 ], [ 99.179992130000073, 6.506930900000043 ], [ 99.176869737000061, 6.502838821000068 ], [ 99.176262066000049, 6.504248099000051 ] ] ], [ [ [ 99.174213417000033, 6.50747177900007 ], [ 99.17222264600008, 6.506355435000046 ], [ 99.173690280000073, 6.508157892000042 ], [ 99.174213417000033, 6.50747177900007 ] ] ], [ [ [ 99.174338172000034, 6.512785287000042 ], [ 99.172890015000064, 6.513192838000066 ], [ 99.174144803000047, 6.513514272000066 ], [ 99.174338172000034, 6.512785287000042 ] ] ], [ [ [ 99.270334967000053, 6.514374586000031 ], [ 99.270300648000045, 6.513593830000048 ], [ 99.269761899000059, 6.51357433000004 ], [ 99.270334967000053, 6.514374586000031 ] ] ], [ [ [ 99.262147180000056, 6.514294092000057 ], [ 99.260759182000072, 6.515041129000053 ], [ 99.262680832000058, 6.51540366100005 ], [ 99.262147180000056, 6.514294092000057 ] ] ], [ [ [ 99.175329859000044, 6.515125860000069 ], [ 99.174221204000048, 6.514041248000069 ], [ 99.174157197000056, 6.51525687700007 ], [ 99.175329859000044, 6.515125860000069 ] ] ], [ [ [ 99.18696311900004, 6.519304921000071 ], [ 99.186620829000049, 6.520442697000021 ], [ 99.187309101000039, 6.520536388000039 ], [ 99.18696311900004, 6.519304921000071 ] ] ], [ [ [ 99.269211159000065, 6.524981221000075 ], [ 99.269972095000071, 6.52396030400007 ], [ 99.268905339000071, 6.523955197000021 ], [ 99.269211159000065, 6.524981221000075 ] ] ], [ [ [ 99.165092295000079, 6.536740794000025 ], [ 99.177870166000048, 6.523861891000024 ], [ 99.184689893000041, 6.520839757000033 ], [ 99.158436841000082, 6.522189554000022 ], [ 99.165092295000079, 6.536740794000025 ] ] ], [ [ [ 99.164416661000075, 6.541730732000076 ], [ 99.16501938600004, 6.540349816000059 ], [ 99.163478244000032, 6.540960165000058 ], [ 99.164416661000075, 6.541730732000076 ] ] ], [ [ [ 99.315840734000062, 6.564469536000047 ], [ 99.319466723000062, 6.515793384000062 ], [ 99.284067551000078, 6.508376588000033 ], [ 99.275551971000084, 6.576336407000042 ], [ 99.315840734000062, 6.564469536000047 ] ] ], [ [ [ 99.262144032000037, 6.544672401000071 ], [ 99.255194436000068, 6.542430440000032 ], [ 99.254906084000083, 6.543260763000035 ], [ 99.262144032000037, 6.544672401000071 ] ] ], [ [ [ 99.351016575000074, 6.550908908000054 ], [ 99.350121141000045, 6.550986974000068 ], [ 99.350073142000042, 6.551869559000068 ], [ 99.351016575000074, 6.550908908000054 ] ] ], [ [ [ 99.345346448000043, 6.552984238000022 ], [ 99.345727921000048, 6.554368971000031 ], [ 99.345800397000062, 6.552850725000042 ], [ 99.345346448000043, 6.552984238000022 ] ] ], [ [ [ 99.256229555000061, 6.575488171000075 ], [ 99.257157545000041, 6.555786234000038 ], [ 99.218048725000074, 6.538030697000067 ], [ 99.16459203800008, 6.547607873000061 ], [ 99.182593371000053, 6.54756515400004 ], [ 99.193471921000082, 6.577287672000068 ], [ 99.256229555000061, 6.575488171000075 ] ] ], [ [ [ 99.346183111000073, 6.556814775000021 ], [ 99.342928573000052, 6.571906392000074 ], [ 99.349543433000065, 6.556749127000046 ], [ 99.346183111000073, 6.556814775000021 ] ] ], [ [ [ 99.45585232500008, 6.571952009000029 ], [ 99.442978487000062, 6.556329366000057 ], [ 99.455110851000086, 6.577237757000034 ], [ 99.45585232500008, 6.571952009000029 ] ] ], [ [ [ 99.290766192000035, 6.577964393000059 ], [ 99.291772699000035, 6.578129936000039 ], [ 99.291898513000035, 6.577481003000059 ], [ 99.290766192000035, 6.577964393000059 ] ] ], [ [ [ 99.694174689000079, 6.519066546000033 ], [ 99.689237981000076, 6.524270560000048 ], [ 99.692186508000077, 6.527604342000075 ], [ 99.694174689000079, 6.519066546000033 ] ] ], [ [ [ 99.469748431000085, 6.570586245000072 ], [ 99.467702608000081, 6.570149985000057 ], [ 99.46911549500004, 6.572052285000041 ], [ 99.469748431000085, 6.570586245000072 ] ] ], [ [ [ 99.450646089000031, 6.585845039000048 ], [ 99.457707713000048, 6.584226780000051 ], [ 99.457609198000057, 6.578522851000059 ], [ 99.450646089000031, 6.585845039000048 ] ] ], [ [ [ 99.68939269100008, 6.621438319000049 ], [ 99.68896669600008, 6.615965242000073 ], [ 99.688719782000078, 6.622200199000076 ], [ 99.68939269100008, 6.621438319000049 ] ] ], [ [ [ 99.641664684000034, 6.738763793000032 ], [ 99.684153554000034, 6.685013642000058 ], [ 99.677279802000044, 6.617223901000045 ], [ 99.692517041000087, 6.604834852000067 ], [ 99.698574853000082, 6.549305995000054 ], [ 99.693298034000065, 6.529381945000068 ], [ 99.666993173000037, 6.531432385000073 ], [ 99.673467891000087, 6.511919745000057 ], [ 99.654339236000055, 6.503497926000023 ], [ 99.639250442000048, 6.546847121000042 ], [ 99.595642629000054, 6.598117567000031 ], [ 99.612609217000056, 6.618310135000058 ], [ 99.614174774000048, 6.660721663000061 ], [ 99.639924788000087, 6.678253310000059 ], [ 99.641664684000034, 6.738763793000032 ] ] ], [ [ [ 99.692736296000078, 6.65174920100003 ], [ 99.690977717000067, 6.653275284000074 ], [ 99.691663790000064, 6.654648676000022 ], [ 99.692736296000078, 6.65174920100003 ] ] ], [ [ [ 99.690791417000071, 6.65670886700002 ], [ 99.691176607000045, 6.657636626000055 ], [ 99.691582015000051, 6.656429062000029 ], [ 99.690791417000071, 6.65670886700002 ] ] ], [ [ [ 99.688619820000042, 6.669018920000042 ], [ 99.691396830000087, 6.665098313000044 ], [ 99.691147169000033, 6.662045781000074 ], [ 99.688619820000042, 6.669018920000042 ] ] ], [ [ [ 99.671576495000068, 6.712193605000039 ], [ 99.670942737000075, 6.706501432000039 ], [ 99.669893580000064, 6.711331482000048 ], [ 99.671576495000068, 6.712193605000039 ] ] ], [ [ [ 99.660905724000088, 6.726855130000047 ], [ 99.660280749000037, 6.729730216000064 ], [ 99.662985187000061, 6.726911116000053 ], [ 99.660905724000088, 6.726855130000047 ] ] ], [ [ [ 99.527661539000064, 6.794122310000034 ], [ 99.52546753300004, 6.797227372000066 ], [ 99.529900969000039, 6.796410716000025 ], [ 99.527661539000064, 6.794122310000034 ] ] ], [ [ [ 99.50457233800006, 6.799840077000056 ], [ 99.506949684000062, 6.800454392000063 ], [ 99.505025727000032, 6.799074679000057 ], [ 99.50457233800006, 6.799840077000056 ] ] ], [ [ [ 99.673382108000055, 6.81270722000005 ], [ 99.672638648000031, 6.814146478000055 ], [ 99.673072826000066, 6.814412746000073 ], [ 99.673382108000055, 6.81270722000005 ] ] ], [ [ [ 99.666408607000051, 6.813418470000045 ], [ 99.666985495000063, 6.815034001000072 ], [ 99.66669586900008, 6.813382475000026 ], [ 99.666408607000051, 6.813418470000045 ] ] ], [ [ [ 99.683048970000073, 6.831222955000044 ], [ 99.678550338000036, 6.818243331000076 ], [ 99.680472236000071, 6.812985846000061 ], [ 99.678812808000032, 6.811279322000075 ], [ 99.677105063000056, 6.823067164000065 ], [ 99.683048970000073, 6.831222955000044 ] ] ], [ [ [ 99.540364967000073, 6.835152701000027 ], [ 99.531760301000077, 6.823320276000061 ], [ 99.524501132000069, 6.828673130000027 ], [ 99.540364967000073, 6.835152701000027 ] ] ], [ [ [ 99.586900538000066, 6.828247321000049 ], [ 99.590681955000036, 6.833457507000048 ], [ 99.591236820000063, 6.831133214000033 ], [ 99.586900538000066, 6.828247321000049 ] ] ], [ [ [ 99.697161767000068, 6.851258643000051 ], [ 99.697976392000044, 6.82824292600003 ], [ 99.691108644000053, 6.814231210000059 ], [ 99.683520413000053, 6.840622430000053 ], [ 99.697161767000068, 6.851258643000051 ] ] ], [ [ [ 99.540329692000057, 6.844044661000055 ], [ 99.539122981000048, 6.843898476000049 ], [ 99.538598149000052, 6.844973217000074 ], [ 99.540329692000057, 6.844044661000055 ] ] ], [ [ [ 99.594897854000067, 6.858307419000027 ], [ 99.593518008000046, 6.851290837000022 ], [ 99.589972358000068, 6.859501861000069 ], [ 99.594897854000067, 6.858307419000027 ] ] ], [ [ [ 99.570068897000056, 6.896213934000059 ], [ 99.56845523800007, 6.895079511000063 ], [ 99.568467878000035, 6.896662499000058 ], [ 99.570068897000056, 6.896213934000059 ] ] ], [ [ [ 99.680103927000062, 6.899227111000073 ], [ 99.680225963000055, 6.898999995000054 ], [ 99.680026157000043, 6.899157084000024 ], [ 99.680103927000062, 6.899227111000073 ] ] ], [ [ [ 99.547824514000069, 6.90765900100007 ], [ 99.547583238000072, 6.909378519000029 ], [ 99.54824902200005, 6.907845101000021 ], [ 99.547824514000069, 6.90765900100007 ] ] ], [ [ [ 99.546683337000047, 6.911518287000035 ], [ 99.547348707000083, 6.910099618000061 ], [ 99.54631947300004, 6.910930746000076 ], [ 99.546683337000047, 6.911518287000035 ] ] ], [ [ [ 99.54613538600006, 6.912708441000063 ], [ 99.544393207000041, 6.913477619000048 ], [ 99.545362648000037, 6.91474572900006 ], [ 99.54613538600006, 6.912708441000063 ] ] ], [ [ [ 99.581228258000067, 6.979124071000058 ], [ 99.577272416000085, 6.976755142000059 ], [ 99.575445174000038, 6.978025438000031 ], [ 99.581228258000067, 6.979124071000058 ] ] ], [ [ [ 99.70494732700007, 6.520116742000027 ], [ 99.697606648000033, 6.520870918000071 ], [ 99.704391828000041, 6.524675891000072 ], [ 99.70494732700007, 6.520116742000027 ] ] ], [ [ [ 99.706970536000085, 6.547605005000037 ], [ 99.704099864000057, 6.54793015100006 ], [ 99.706608623000079, 6.549105355000052 ], [ 99.706970536000085, 6.547605005000037 ] ] ], [ [ [ 99.718224909000071, 6.583031607000066 ], [ 99.718754724000064, 6.581513439000048 ], [ 99.717910861000064, 6.582424870000068 ], [ 99.718224909000071, 6.583031607000066 ] ] ], [ [ [ 99.70178861800008, 6.606567667000036 ], [ 99.698980895000034, 6.610912337000059 ], [ 99.699828043000082, 6.612273051000045 ], [ 99.70178861800008, 6.606567667000036 ] ] ], [ [ [ 99.694241882000085, 6.644003541000075 ], [ 99.692997643000069, 6.63810988900002 ], [ 99.691238596000062, 6.641289010000037 ], [ 99.694241882000085, 6.644003541000075 ] ] ], [ [ [ 99.833157324000069, 6.650189091000072 ], [ 99.831714675000057, 6.653783670000053 ], [ 99.834068379000087, 6.654297619000033 ], [ 99.833157324000069, 6.650189091000072 ] ] ], [ [ [ 99.863991446000057, 6.665883307000058 ], [ 99.85336146800006, 6.66192496900004 ], [ 99.84429485000004, 6.651404397000022 ], [ 99.848030652000034, 6.667280973000061 ], [ 99.863991446000057, 6.665883307000058 ] ] ], [ [ [ 99.850671920000082, 6.668027073000076 ], [ 99.849468757000068, 6.66797267100003 ], [ 99.849100306000082, 6.668302732000029 ], [ 99.850671920000082, 6.668027073000076 ] ] ], [ [ [ 99.844689475000052, 6.672196712000073 ], [ 99.842860389000066, 6.67185738400002 ], [ 99.84365775200007, 6.672835976000044 ], [ 99.844689475000052, 6.672196712000073 ] ] ], [ [ [ 99.832817827000042, 6.675955085000055 ], [ 99.833988145000035, 6.674731045000044 ], [ 99.832552500000077, 6.674051646000066 ], [ 99.832817827000042, 6.675955085000055 ] ] ], [ [ [ 99.856923211000037, 6.694989489000022 ], [ 99.861081346000049, 6.694215064000048 ], [ 99.859031439000034, 6.690981449000049 ], [ 99.856923211000037, 6.694989489000022 ] ] ], [ [ [ 99.842616698000086, 6.696829948000072 ], [ 99.838635259000057, 6.699785810000037 ], [ 99.845536782000067, 6.701145690000033 ], [ 99.842616698000086, 6.696829948000072 ] ] ], [ [ [ 99.798920761000034, 6.705412801000023 ], [ 99.799208337000039, 6.705979222000053 ], [ 99.799362750000057, 6.705638785000076 ], [ 99.798920761000034, 6.705412801000023 ] ] ], [ [ [ 99.794179607000046, 6.710479644000031 ], [ 99.795314814000051, 6.710310452000044 ], [ 99.794162173000075, 6.709828382000069 ], [ 99.794179607000046, 6.710479644000031 ] ] ], [ [ [ 99.81749183900007, 6.720449776000066 ], [ 99.809985568000059, 6.711805499000036 ], [ 99.805993426000043, 6.715643847000024 ], [ 99.81749183900007, 6.720449776000066 ] ] ], [ [ [ 99.848282952000034, 6.731833447000042 ], [ 99.864049719000036, 6.705044007000026 ], [ 99.842201378000084, 6.707543694000037 ], [ 99.848282952000034, 6.731833447000042 ] ] ], [ [ [ 99.704933643000061, 6.730766376000076 ], [ 99.70812165500007, 6.733697002000042 ], [ 99.705803604000039, 6.730529923000063 ], [ 99.704933643000061, 6.730766376000076 ] ] ], [ [ [ 99.763561927000069, 6.784440872000062 ], [ 99.761141346000045, 6.778997255000036 ], [ 99.759475442000053, 6.783476591000067 ], [ 99.763561927000069, 6.784440872000062 ] ] ], [ [ [ 99.777511387000061, 6.782258735000028 ], [ 99.767180378000035, 6.790838680000036 ], [ 99.770283670000083, 6.793342128000063 ], [ 99.777511387000061, 6.782258735000028 ] ] ], [ [ [ 99.760396594000042, 6.786943661000066 ], [ 99.760702582000079, 6.787684914000067 ], [ 99.76079311500007, 6.786993949000021 ], [ 99.760396594000042, 6.786943661000066 ] ] ], [ [ [ 99.698082062000083, 6.838150726000038 ], [ 99.698261996000042, 6.838478014000032 ], [ 99.698281213000087, 6.837874208000073 ], [ 99.698082062000083, 6.838150726000038 ] ] ], [ [ [ 99.698991070000034, 6.838819956000066 ], [ 99.70042992100008, 6.83905221200007 ], [ 99.699894296000082, 6.837593951000031 ], [ 99.698991070000034, 6.838819956000066 ] ] ], [ [ [ 99.701051431000053, 6.844452253000043 ], [ 99.69977644100004, 6.845642054000052 ], [ 99.700633537000044, 6.846674646000054 ], [ 99.701051431000053, 6.844452253000043 ] ] ], [ [ [ 99.701479266000035, 6.850941316000046 ], [ 99.701760383000078, 6.847424468000042 ], [ 99.700874026000065, 6.847214533000056 ], [ 99.701479266000035, 6.850941316000046 ] ] ], [ [ [ 99.705060539000044, 7.08022389100006 ], [ 99.705128093000042, 7.079545439000071 ], [ 99.704688138000051, 7.080022237000037 ], [ 99.705060539000044, 7.08022389100006 ] ] ], [ [ [ 99.69643276000005, 7.092712026000072 ], [ 99.700821347000044, 7.086042666000026 ], [ 99.696174962000043, 7.086959074000049 ], [ 99.69643276000005, 7.092712026000072 ] ] ], [ [ [ 100.088532421000082, 6.435101828000029 ], [ 100.091028923000067, 6.428912229000048 ], [ 100.089953704000038, 6.425543109000046 ], [ 100.088532421000082, 6.435101828000029 ] ] ], [ [ [ 100.065028683000037, 6.452987500000063 ], [ 100.062928440000064, 6.44774370600004 ], [ 100.061431172000084, 6.445184897000047 ], [ 100.059992602000079, 6.446928996000054 ], [ 100.065028683000037, 6.452987500000063 ] ] ], [ [ [ 100.100448357000062, 6.45360095500007 ], [ 100.103098344000045, 6.456195492000063 ], [ 100.102134464000073, 6.452625946000069 ], [ 100.100448357000062, 6.45360095500007 ] ] ], [ [ [ 100.070093130000032, 6.471386245000076 ], [ 100.069667164000066, 6.46206714300007 ], [ 100.064958842000067, 6.459318965000023 ], [ 100.070093130000032, 6.471386245000076 ] ] ], [ [ [ 99.991116737000084, 6.538139643000022 ], [ 99.991683269000077, 6.539295367000022 ], [ 99.991590013000064, 6.538104224000051 ], [ 99.991116737000084, 6.538139643000022 ] ] ], [ [ [ 99.955317609000076, 6.539271451000047 ], [ 99.954758362000064, 6.539452827000048 ], [ 99.955266981000079, 6.539685337000037 ], [ 99.955317609000076, 6.539271451000047 ] ] ], [ [ [ 99.95619767900007, 6.550243014000046 ], [ 99.95356535600007, 6.550010024000073 ], [ 99.954593375000059, 6.55110647500004 ], [ 99.95619767900007, 6.550243014000046 ] ] ], [ [ [ 99.958921136000072, 6.551139505000037 ], [ 99.957298245000061, 6.548756992000051 ], [ 99.958676714000035, 6.551625559000058 ], [ 99.958921136000072, 6.551139505000037 ] ] ], [ [ [ 99.980452563000085, 6.561213923000025 ], [ 99.982172125000034, 6.557680852000033 ], [ 99.980423331000054, 6.556688372000053 ], [ 99.980452563000085, 6.561213923000025 ] ] ], [ [ [ 99.972925991000068, 6.583616993000021 ], [ 99.974421126000038, 6.583567353000035 ], [ 99.97272928600006, 6.583082942000033 ], [ 99.972925991000068, 6.583616993000021 ] ] ], [ [ [ 99.975944655000035, 6.585896644000059 ], [ 99.974656086000039, 6.584988216000056 ], [ 99.975308527000038, 6.586278969000034 ], [ 99.975944655000035, 6.585896644000059 ] ] ], [ [ [ 99.987146630000041, 6.594525728000065 ], [ 99.987355420000085, 6.592345495000075 ], [ 99.986606112000061, 6.594495712000025 ], [ 99.987146630000041, 6.594525728000065 ] ] ], [ [ [ 99.95080050200005, 6.655428454000059 ], [ 99.951252855000064, 6.652469504000067 ], [ 99.948958061000042, 6.650244586000042 ], [ 99.95080050200005, 6.655428454000059 ] ] ], [ [ [ 99.87587671700004, 6.654578369000035 ], [ 99.876363031000039, 6.656222035000042 ], [ 99.87718680200004, 6.654625804000034 ], [ 99.87587671700004, 6.654578369000035 ] ] ], [ [ [ 99.95063947500006, 6.661731929000041 ], [ 99.949105073000055, 6.661505655000042 ], [ 99.950546299000052, 6.663292042000023 ], [ 99.95063947500006, 6.661731929000041 ] ] ], [ [ [ 99.864085067000076, 6.690998351000076 ], [ 99.866123553000079, 6.680587134000064 ], [ 99.862582258000032, 6.675798158000021 ], [ 99.864085067000076, 6.690998351000076 ] ] ], [ [ [ 99.908630609000056, 6.68687639500007 ], [ 99.904819359000044, 6.686445433000074 ], [ 99.90846563100007, 6.688072957000031 ], [ 99.908630609000056, 6.68687639500007 ] ] ], [ [ [ 99.911257702000057, 6.690631703000065 ], [ 99.904522040000074, 6.705778786000053 ], [ 99.912660413000083, 6.712569038000026 ], [ 99.906479133000062, 6.705707921000055 ], [ 99.911257702000057, 6.690631703000065 ] ] ], [ [ [ 99.871754570000064, 6.704379079000034 ], [ 99.870719254000051, 6.703475737000076 ], [ 99.871412145000079, 6.705251589000056 ], [ 99.871754570000064, 6.704379079000034 ] ] ], [ [ [ 99.88782903200007, 6.706967317000021 ], [ 99.874060153000073, 6.705127425000057 ], [ 99.887527275000082, 6.708912087000044 ], [ 99.88782903200007, 6.706967317000021 ] ] ], [ [ [ 99.877185827000062, 6.711069757000075 ], [ 99.872901497000043, 6.717532621000032 ], [ 99.88712177900004, 6.713045428000044 ], [ 99.877185827000062, 6.711069757000075 ] ] ], [ [ [ 99.887962794000032, 6.717372551000039 ], [ 99.887955679000072, 6.714593234000063 ], [ 99.882958887000086, 6.716373138000051 ], [ 99.887962794000032, 6.717372551000039 ] ] ], [ [ [ 99.836139565000053, 6.777228007000076 ], [ 99.806809860000044, 6.774054389000071 ], [ 99.773411976000034, 6.84247737000004 ], [ 99.754302177000056, 6.832636384000068 ], [ 99.721470092000061, 6.862468781000075 ], [ 99.696962190000079, 6.856042395000031 ], [ 99.696833710000078, 6.870092088000035 ], [ 99.684884262000082, 6.896230938000031 ], [ 99.680708543000037, 6.899289371000066 ], [ 99.678075087000082, 6.89945205500004 ], [ 99.681094889000065, 6.943964421000032 ], [ 99.707702096000048, 6.955016390000026 ], [ 99.701471630000071, 6.969554401000039 ], [ 99.683090696000079, 6.96022189100006 ], [ 99.670044831000041, 7.042327650000061 ], [ 99.696974399000055, 7.07678370900004 ], [ 99.70251866600006, 7.066331030000072 ], [ 99.739335617000052, 7.131864303000043 ], [ 99.80344352700007, 7.128833960000065 ], [ 99.858685350000087, 7.171242833000065 ], [ 99.94856212600007, 7.203698755000062 ], [ 99.997913854000046, 7.114608695000072 ], [ 100.028228327000079, 7.090332414000045 ], [ 100.039769079000052, 7.108909964000077 ], [ 100.057219771000064, 7.10757965800002 ], [ 100.079035369000053, 7.041999482000051 ], [ 100.063206494000042, 7.018407991000061 ], [ 100.082828432000042, 6.998621514000035 ], [ 100.081982468000035, 6.963368882000054 ], [ 100.095066313000075, 6.964546951000045 ], [ 100.121745510000039, 6.923864598000023 ], [ 100.197712967000086, 6.907746177000035 ], [ 100.220382204000032, 6.871075681000036 ], [ 100.190977926000073, 6.803021556000033 ], [ 100.215589231000081, 6.759490492000054 ], [ 100.214100961000042, 6.718236866000041 ], [ 100.19233489700008, 6.720389404000059 ], [ 100.172860013000047, 6.693293912000058 ], [ 100.168626342000039, 6.619839730000024 ], [ 100.184657356000059, 6.57210711700003 ], [ 100.162275837000038, 6.57580955800006 ], [ 100.154020179000042, 6.559298243000057 ], [ 100.16248752000007, 6.492829617000041 ], [ 100.127559739000048, 6.423185739000076 ], [ 100.101817030000063, 6.495312531000025 ], [ 100.084270396000079, 6.496371568000029 ], [ 100.09952631200008, 6.523962538000035 ], [ 100.088370847000078, 6.551247385000067 ], [ 100.077657922000071, 6.557124094000073 ], [ 100.060274571000036, 6.516555141000026 ], [ 100.007328089000055, 6.560982928000044 ], [ 99.992103654000061, 6.60892549700003 ], [ 99.951087295000036, 6.584061319000057 ], [ 99.950026206000075, 6.617677274000073 ], [ 99.973949933000085, 6.628031090000036 ], [ 99.956225483000082, 6.662464277000026 ], [ 99.947087159000034, 6.664465177000068 ], [ 99.934283482000069, 6.657787067000072 ], [ 99.907486177000067, 6.70475172700003 ], [ 99.917457524000042, 6.719750603000023 ], [ 99.915210690000038, 6.723744023000052 ], [ 99.876872133000063, 6.720900951000033 ], [ 99.836139565000053, 6.777228007000076 ] ] ] ] } },
{ "type": "Feature", "properties": { "stable_id": "TH.ADM1.00057" }, "geometry": { "type": "Polygon", "coordinates": [ [ [ 104.271336683000072, 14.394336851000048 ], [ 104.23801, 14.367890001000035 ], [ 104.20568, 14.40061 ], [ 104.17528, 14.37094 ], [ 104.17513, 14.351609999000061 ], [ 104.11234, 14.37017 ], [ 104.092909999000085, 14.347560001000033 ], [ 104.058860852000066, 14.339652192000074 ], [ 104.045854011000074, 14.367025972000022 ], [ 104.057895489000032, 14.468944016000023 ], [ 104.052587335000055, 14.494607854000037 ], [ 104.035099855000055, 14.498217821000026 ], [ 104.031985968000072, 14.544188725000026 ], [ 104.055578147000062, 14.582420681000031 ], [ 104.050699830000042, 14.669561088000023 ], [ 104.001272785000083, 14.725578365000047 ], [ 103.994441198000061, 14.800155061000055 ], [ 103.903168949000076, 14.848228095000024 ], [ 103.945828145000064, 14.943347408000022 ], [ 103.956009239000082, 14.937722488000077 ], [ 103.96697486000005, 14.973877875000028 ], [ 103.994281470000033, 14.986466343000075 ], [ 103.994816765000053, 15.016109026000038 ], [ 104.010485923000033, 15.020293638000055 ], [ 104.018838785000071, 15.049013160000072 ], [ 104.007886719000055, 15.057975259000045 ], [ 104.020511311000064, 15.078161692000037 ], [ 103.995718127000032, 15.089169569000035 ], [ 103.987613519000035, 15.13007641400003 ], [ 103.998416193000082, 15.145777489000068 ], [ 103.968002228000046, 15.166242256000032 ], [ 103.980894694000085, 15.20261643300006 ], [ 103.970410467000079, 15.220298050000054 ], [ 103.988194236000083, 15.225699406000047 ], [ 103.99683628300005, 15.251766557000053 ], [ 103.972713807000048, 15.280344381000077 ], [ 103.998194450000085, 15.272435160000043 ], [ 103.996524535000049, 15.295465912000054 ], [ 104.015243779000059, 15.289547106000043 ], [ 104.023151377000033, 15.330781215000059 ], [ 104.089508528000067, 15.351029062000066 ], [ 104.060193735000041, 15.403381004000039 ], [ 104.008990843000049, 15.407725782000057 ], [ 103.993483902000037, 15.393530041000076 ], [ 103.995713542000033, 15.447069486000032 ], [ 104.059976043000063, 15.502419313000075 ], [ 104.085529349000069, 15.550517764000062 ], [ 104.104895596000063, 15.546677498000065 ], [ 104.104917500000056, 15.568357946000049 ], [ 104.12865124800004, 15.560456750000071 ], [ 104.132829720000075, 15.512246981000033 ], [ 104.174221597000042, 15.461754689000031 ], [ 104.196499851000056, 15.455356245000075 ], [ 104.243548855000085, 15.378345575000026 ], [ 104.304703610000047, 15.342155091000052 ], [ 104.353220183000076, 15.344627272000025 ], [ 104.368108103000054, 15.324705871000049 ], [ 104.383985086000052, 15.329247180000038 ], [ 104.382222469000055, 15.29466039700003 ], [ 104.524924078000083, 15.252468904000068 ], [ 104.574142717000086, 15.252695918000029 ], [ 104.609109973000045, 15.282055916000047 ], [ 104.613847845000066, 15.270238036000023 ], [ 104.642497056000082, 15.272496242000045 ], [ 104.652267860000052, 15.23886099200007 ], [ 104.665478582000048, 15.232007655000075 ], [ 104.654606486000034, 15.249885482000025 ], [ 104.665183800000079, 15.25765507400007 ], [ 104.679279503000032, 15.22635118200003 ], [ 104.695412304000058, 15.225051644000075 ], [ 104.681107533000045, 15.202072287000021 ], [ 104.718454626000039, 15.18950071200004 ], [ 104.698217075000059, 15.158052461000068 ], [ 104.736594589000049, 15.163379684000063 ], [ 104.680844035000064, 15.123750822000034 ], [ 104.670202969000059, 15.098741552000035 ], [ 104.688725899000076, 15.100040321000051 ], [ 104.676251003000061, 15.085311814000022 ], [ 104.692762763000076, 15.08208077300003 ], [ 104.672496744000057, 15.03373724000005 ], [ 104.684291918000042, 14.952253835000022 ], [ 104.805107619000069, 14.893658341000048 ], [ 104.814479085000073, 14.834552081000027 ], [ 104.798017423000033, 14.804909961000021 ], [ 104.820333940000069, 14.752952315000073 ], [ 104.876495397000042, 14.700193656000067 ], [ 104.890612822000037, 14.653234298000029 ], [ 104.848708146000035, 14.657076071000063 ], [ 104.817638684000087, 14.549896287000024 ], [ 104.861744512000087, 14.498256737000077 ], [ 104.829471740000088, 14.44043761100005 ], [ 104.840955987000086, 14.425669446000029 ], [ 104.876711066000041, 14.436403527000039 ], [ 104.907162657000072, 14.398033227000042 ], [ 104.877059999000039, 14.41573 ], [ 104.84943, 14.40226 ], [ 104.80534, 14.43433 ], [ 104.7356, 14.39774 ], [ 104.71348000100005, 14.42688 ], [ 104.674120001000063, 14.393220001000032 ], [ 104.652929999000037, 14.42259 ], [ 104.57802999900008, 14.35439 ], [ 104.54864, 14.34868 ], [ 104.507529999000042, 14.36971 ], [ 104.47398, 14.343240001000026 ], [ 104.39903, 14.37157 ], [ 104.33619, 14.36489 ], [ 104.271336683000072, 14.394336851000048 ] ] ] } },
{ "type": "Feature", "properties": { "stable_id": "TH.ADM1.00058" }, "geometry": { "type": "Polygon", "coordinates": [ [ [ 100.404759001000059, 14.758163577000062 ], [ 100.381580014000065, 14.74300437900007 ], [ 100.328554251000071, 14.802458107000064 ], [ 100.29133515500007, 14.784305058000029 ], [ 100.208829154000057, 14.807462343000054 ], [ 100.224475405000078, 14.882566439000072 ], [ 100.206229653000037, 14.895112155000049 ], [ 100.224203463000038, 14.903491920000022 ], [ 100.186900155000046, 14.907694073000073 ], [ 100.181954431000065, 14.932229930000062 ], [ 100.202695123000069, 14.953456120000055 ], [ 100.259034848000056, 14.943857930000036 ], [ 100.288458369000068, 14.956346628000063 ], [ 100.286077571000078, 14.991011441000069 ], [ 100.218742945000088, 15.044283996000047 ], [ 100.247861611000076, 15.040164958000048 ], [ 100.354570156000079, 15.120523277000075 ], [ 100.354643979000059, 15.096715006000068 ], [ 100.424430287000064, 15.051634568000054 ], [ 100.446711524000079, 15.055237117000047 ], [ 100.469483250000053, 15.027453906000062 ], [ 100.461164022000048, 15.002523544000042 ], [ 100.446885553000072, 15.003178427000023 ], [ 100.449020333000078, 14.942379943000049 ], [ 100.419968383000082, 14.927068397000028 ], [ 100.427367525000079, 14.887468237000064 ], [ 100.482625961000053, 14.81130984400005 ], [ 100.47032843900007, 14.794851256000072 ], [ 100.488093388000038, 14.748133983000059 ], [ 100.474610894000079, 14.722510103000047 ], [ 100.455518862000076, 14.721307300000035 ], [ 100.417357171000049, 14.726273840000033 ], [ 100.404759001000059, 14.758163577000062 ] ] ] } },
{ "type": "Feature", "properties": { "stable_id": "TH.ADM1.00059" }, "geometry": { "type": "MultiPolygon", "coordinates": [ [ [ [ 100.648398949000068, 6.458181546000048 ], [ 100.56345895700008, 6.493999615000064 ], [ 100.527356029000032, 6.483446811000022 ], [ 100.489023320000058, 6.526029713000071 ], [ 100.455998385000044, 6.531909576000032 ], [ 100.423256801000036, 6.517537204000064 ], [ 100.36592969700007, 6.540161030000036 ], [ 100.353155723000043, 6.571775994000063 ], [ 100.30584516600004, 6.607334840000021 ], [ 100.325834604000079, 6.623140442000022 ], [ 100.324213731000043, 6.660059599000022 ], [ 100.294033041000034, 6.680513160000032 ], [ 100.293731304000062, 6.706629974000066 ], [ 100.255628270000045, 6.710228594000057 ], [ 100.230014564000044, 6.693717279000055 ], [ 100.204420806000087, 6.726748106000059 ], [ 100.215838283000039, 6.758320871000024 ], [ 100.19129287800007, 6.80707658700004 ], [ 100.216924128000073, 6.880585137000025 ], [ 100.197712967000086, 6.907746177000035 ], [ 100.121630868000068, 6.923947502000033 ], [ 100.095066313000075, 6.964546951000045 ], [ 100.081982468000035, 6.963368882000054 ], [ 100.082828432000042, 6.998621514000035 ], [ 100.063232048000032, 7.017922988000066 ], [ 100.079147628000044, 7.040885598000045 ], [ 100.05816761300008, 7.089984541000035 ], [ 100.062793235000072, 7.13617352600005 ], [ 100.114264950000063, 7.166568454000071 ], [ 100.155550101000074, 7.148854271000062 ], [ 100.178709670000046, 7.175846738000075 ], [ 100.304609171000038, 7.208608298000058 ], [ 100.362485954000078, 7.30265982700007 ], [ 100.379760313000077, 7.307506315000069 ], [ 100.400569396000037, 7.262803061000056 ], [ 100.427789809000046, 7.283753955000066 ], [ 100.382583498000088, 7.424991975000069 ], [ 100.386468037000043, 7.511846887000047 ], [ 100.355681934000074, 7.527819914000077 ], [ 100.296013573000039, 7.495415506000029 ], [ 100.260637539000072, 7.496598071000051 ], [ 100.237176962000035, 7.538591283000073 ], [ 100.216816182000059, 7.728265876000023 ], [ 100.177495184000065, 7.876479127000039 ], [ 100.235387115000037, 7.883613451000031 ], [ 100.274108409000064, 7.913846731000035 ], [ 100.307924209000078, 7.915239244000077 ], [ 100.326128766000068, 7.938788832000057 ], [ 100.451301907000072, 7.45789435100005 ], [ 100.534811078000075, 7.272591580000039 ], [ 100.575115469000082, 7.233452515000067 ], [ 100.565578469000059, 7.228477713000075 ], [ 100.596787663000043, 7.215399878000028 ], [ 100.776428937000048, 6.975821057000076 ], [ 100.812899664000042, 6.95379717000003 ], [ 100.849868618000073, 6.961436649000063 ], [ 100.988030529000071, 6.861907393000024 ], [ 101.066098153000041, 6.857092431000069 ], [ 101.042866507000042, 6.841890999000043 ], [ 101.054372593000039, 6.801492333000056 ], [ 101.02863443800004, 6.778556974000026 ], [ 101.031815322000057, 6.742757441000037 ], [ 101.017390528000078, 6.725795821000077 ], [ 101.057875458000069, 6.711226450000026 ], [ 101.050923807000061, 6.665818849000061 ], [ 101.105155055000068, 6.629540527000074 ], [ 101.081063347000054, 6.558550284000034 ], [ 101.043141883000033, 6.54163360900003 ], [ 101.04437107800004, 6.486856708000062 ], [ 100.97792043700008, 6.48630303300007 ], [ 100.922167959000035, 6.425167599000076 ], [ 100.927674098000068, 6.322213910000073 ], [ 100.912851477000061, 6.306291826000063 ], [ 100.845929713000032, 6.293586020000021 ], [ 100.849235979000071, 6.315420957000072 ], [ 100.821604897000043, 6.356867580000028 ], [ 100.815464657000064, 6.440528355000026 ], [ 100.776832311000078, 6.463298413000075 ], [ 100.754318096000077, 6.457925703000058 ], [ 100.738711652000063, 6.510373590000029 ], [ 100.711336413000083, 6.471485402000042 ], [ 100.653771660000075, 6.442063415000064 ], [ 100.648398949000068, 6.458181546000048 ] ] ], [ [ [ 100.59592615300005, 7.239353 ], [ 100.597699478000038, 7.235137742000063 ], [ 100.59815870400007, 7.233165514000063 ], [ 100.59592615300005, 7.239353 ] ] ], [ [ [ 100.590698890000056, 7.253835851000076 ], [ 100.590302977000078, 7.254745556000046 ], [ 100.590802861000043, 7.254558542000041 ], [ 100.590698890000056, 7.253835851000076 ] ] ], [ [ [ 100.590133506000086, 7.262601038000071 ], [ 100.587328090000085, 7.262525413000049 ], [ 100.590991613000085, 7.264371665000056 ], [ 100.590133506000086, 7.262601038000071 ] ] ] ] } },
{ "type": "Feature", "properties": { "stable_id": "TH.ADM1.00060" }, "geometry": { "type": "Polygon", "coordinates": [ [ [ 99.984749928000042, 17.078996391000032 ], [ 100.013578337000069, 17.073059310000076 ], [ 100.004880485000058, 17.044643300000075 ], [ 100.021035262000055, 17.028687417000071 ], [ 100.094371313000067, 16.989195409000047 ], [ 100.110794550000037, 16.914859313000022 ], [ 100.066814495000074, 16.884449569000026 ], [ 100.010623976000034, 16.888826378000033 ], [ 100.000737431000061, 16.862788841000054 ], [ 99.941488849000052, 16.863671950000025 ], [ 99.929903099000057, 16.811010442000054 ], [ 99.889532047000046, 16.797662067000033 ], [ 99.845533329000034, 16.715503339000065 ], [ 99.813598769000066, 16.719409604000077 ], [ 99.792096889000049, 16.686280883000052 ], [ 99.759603391000041, 16.684911223000029 ], [ 99.744947679000063, 16.744090219000043 ], [ 99.695986933000086, 16.716813686000023 ], [ 99.694086041000048, 16.73087023100004 ], [ 99.622038742000086, 16.758240534000038 ], [ 99.579646960000048, 16.807227308000051 ], [ 99.571085120000077, 16.858711750000055 ], [ 99.544834055000081, 16.862440768000056 ], [ 99.535144590000073, 16.827622168000062 ], [ 99.488834819000033, 16.910158795000029 ], [ 99.447317860000055, 16.869971387000078 ], [ 99.432620092000036, 16.875861476000068 ], [ 99.45659967000006, 16.91599313100005 ], [ 99.438143300000036, 16.954394655000044 ], [ 99.466843702000062, 16.982233416000042 ], [ 99.429510217000086, 16.982577396000067 ], [ 99.416297115000077, 17.018827865000048 ], [ 99.393730814000037, 17.026602057000048 ], [ 99.393276750000041, 17.082776958000068 ], [ 99.337630899000033, 17.095453846000055 ], [ 99.321981450000067, 17.114340268000035 ], [ 99.315228575000049, 17.269839529000024 ], [ 99.358167939000055, 17.249293143000045 ], [ 99.38971936300004, 17.205623965000029 ], [ 99.455369910000059, 17.254541574000029 ], [ 99.455514167000047, 17.308351773000027 ], [ 99.477966250000065, 17.328603225000052 ], [ 99.471267959000045, 17.364089205000028 ], [ 99.430834220000065, 17.390628571000036 ], [ 99.441063662000033, 17.433100852000052 ], [ 99.406374443000061, 17.468918343000041 ], [ 99.421418655000082, 17.51763204100007 ], [ 99.439407918000086, 17.527987418000066 ], [ 99.434857018000059, 17.564212745000077 ], [ 99.413043001000062, 17.574196573000052 ], [ 99.425691098000073, 17.609063976000073 ], [ 99.454332144000034, 17.598105516000032 ], [ 99.449677172000065, 17.651985363000051 ], [ 99.47585054700005, 17.675842549000038 ], [ 99.471050821000063, 17.737868061000029 ], [ 99.516393879000077, 17.793626004000032 ], [ 99.599785582000038, 17.821429330000058 ], [ 99.670502368000086, 17.799212996000051 ], [ 99.726292271000034, 17.721513458000061 ], [ 99.776644519000058, 17.787170096000068 ], [ 99.806551339000066, 17.802121118000059 ], [ 99.894491267000035, 17.807192434000058 ], [ 99.921992261000071, 17.786523627000065 ], [ 99.911870453000063, 17.763036140000054 ], [ 99.962657257000046, 17.711963407000042 ], [ 99.976882640000042, 17.655857613000023 ], [ 99.969294822000052, 17.615986523000061 ], [ 99.923918814000046, 17.586628504000032 ], [ 99.942180520000079, 17.544160945000044 ], [ 99.928350110000054, 17.521415250000075 ], [ 100.030646197000067, 17.444820680000078 ], [ 99.992166405000035, 17.408307003000061 ], [ 100.009628305000035, 17.380861005000042 ], [ 100.000926425000046, 17.35402543400005 ], [ 100.019328223000059, 17.333929160000025 ], [ 99.997674327000084, 17.327686883000069 ], [ 100.002740733000053, 17.296152031000076 ], [ 99.968840058000069, 17.281384350000053 ], [ 99.962073684000075, 17.257809850000058 ], [ 99.982843983000066, 17.18190118900003 ], [ 99.97287549400005, 17.165173147000075 ], [ 99.952548604000071, 17.169601367000041 ], [ 99.952755874000047, 17.154332681000028 ], [ 99.984749928000042, 17.078996391000032 ] ] ] } },
{ "type": "Feature", "properties": { "stable_id": "TH.ADM1.00061" }, "geometry": { "type": "Polygon", "coordinates": [ [ [ 100.246610528000076, 14.453098942000054 ], [ 100.27901931100007, 14.39864519300005 ], [ 100.267010402000039, 14.370513454000047 ], [ 100.282497460000059, 14.329521860000057 ], [ 100.233651121000037, 14.241556800000069 ], [ 100.237358679000067, 14.198779953000042 ], [ 100.156614415000035, 14.145772601000033 ], [ 100.039290534000088, 14.153608997000049 ], [ 99.944819357000085, 14.134923376000074 ], [ 99.865240297000071, 14.074669350000022 ], [ 99.811768360000087, 14.064789468000072 ], [ 99.786558220000074, 14.097438760000045 ], [ 99.772180389000084, 14.093933694000043 ], [ 99.768538314000068, 14.113599936000071 ], [ 99.802113759000065, 14.190564860000052 ], [ 99.796626427000035, 14.21881710200006 ], [ 99.833565541000041, 14.272161401000062 ], [ 99.793698164000034, 14.325868473000071 ], [ 99.806694766000078, 14.325989174000028 ], [ 99.82575263800004, 14.366420771000037 ], [ 99.814781521000043, 14.439902602000075 ], [ 99.822980832000042, 14.483747019000077 ], [ 99.833100552000076, 14.481644496000058 ], [ 99.793770563000066, 14.551216108000062 ], [ 99.800215665000053, 14.623378512000045 ], [ 99.821766854000032, 14.63907468900004 ], [ 99.794386136000071, 14.68112097900007 ], [ 99.789443004000077, 14.736016902000074 ], [ 99.721974582000087, 14.749358685000061 ], [ 99.658930851000036, 14.802522316000022 ], [ 99.632852307000064, 14.801245208000068 ], [ 99.57257609800007, 14.783197526000038 ], [ 99.566800108000052, 14.709441408000032 ], [ 99.49412248200008, 14.70495687500005 ], [ 99.442440891000047, 14.733966917000032 ], [ 99.433447490000049, 14.776140659000077 ], [ 99.380732849000083, 14.764811153000039 ], [ 99.345739709000043, 14.782454711000071 ], [ 99.292123770000046, 14.833342335000054 ], [ 99.287279725000076, 14.855765293000047 ], [ 99.324472774000071, 14.899437178000028 ], [ 99.32501374800006, 14.941626950000057 ], [ 99.275962379000077, 15.004476652000051 ], [ 99.303177693000066, 15.06226954400006 ], [ 99.339427731000058, 15.080489232000048 ], [ 99.370593635000034, 15.050943250000046 ], [ 99.415860870000074, 15.047345532000065 ], [ 99.444970843000078, 14.991201236000052 ], [ 99.523936551000077, 14.980315343000029 ], [ 99.618854135000049, 14.942397973000027 ], [ 99.631432092000068, 14.944632475000049 ], [ 99.628442852000035, 14.982165012000053 ], [ 99.640303875000086, 14.990435690000027 ], [ 99.955048665000049, 14.906657168000038 ], [ 100.04173022100008, 14.914929782000058 ], [ 100.040071387000069, 14.961136835000048 ], [ 100.132506908000039, 14.945943827000065 ], [ 100.126324725000075, 14.922981841000023 ], [ 100.201755934000062, 14.95911828900006 ], [ 100.182744103000061, 14.927229260000047 ], [ 100.186900155000046, 14.907694073000073 ], [ 100.224203463000038, 14.903491920000022 ], [ 100.206262290000041, 14.895300322000026 ], [ 100.224475405000078, 14.882566439000072 ], [ 100.206329918000051, 14.815648171000078 ], [ 100.228853446000073, 14.78850327400005 ], [ 100.205417759000056, 14.770696972000053 ], [ 100.218934373000081, 14.728459713000063 ], [ 100.204803300000037, 14.720361554000021 ], [ 100.224048762000052, 14.664910579000036 ], [ 100.243673349000062, 14.651292073000036 ], [ 100.191466368000079, 14.617094171000076 ], [ 100.218734388000087, 14.596684239000069 ], [ 100.195934562000048, 14.560358238000049 ], [ 100.235384473000067, 14.479421086000059 ], [ 100.253246023000088, 14.482722385000045 ], [ 100.246610528000076, 14.453098942000054 ] ] ] } },
{ "type": "Feature", "properties": { "stable_id": "TH.ADM1.00062" }, "geometry": { "type": "MultiPolygon", "coordinates": [ [ [ [ 99.205026228000065, 8.36604924300002 ], [ 99.039672378000034, 8.362670084000058 ], [ 98.947932133000052, 8.42273657800007 ], [ 98.938901633000057, 8.57130991300005 ], [ 98.887976454000068, 8.681336976000068 ], [ 98.839128517000063, 8.677130457000032 ], [ 98.793301537000048, 8.651098372000035 ], [ 98.748285732000056, 8.675020683000071 ], [ 98.722233776000053, 8.630169172000024 ], [ 98.699282908000043, 8.63269243600007 ], [ 98.674285410000039, 8.661739944000033 ], [ 98.604317861000084, 8.625686161000033 ], [ 98.57037259100008, 8.635517385000071 ], [ 98.537217306000059, 8.662498468000024 ], [ 98.594651966000072, 8.712181609000027 ], [ 98.597962320000079, 8.797405966000042 ], [ 98.554834706000065, 8.814054596000062 ], [ 98.53565139300008, 8.858371323000028 ], [ 98.507578095000042, 8.876917161000051 ], [ 98.445995979000031, 8.89525517800007 ], [ 98.454646708000041, 8.966819346000023 ], [ 98.510827457000062, 8.994796136000048 ], [ 98.473661856000035, 9.061135499000045 ], [ 98.493724498000063, 9.082543566000027 ], [ 98.481729623000035, 9.121839674000057 ], [ 98.499936016000049, 9.152998723000053 ], [ 98.500201166000068, 9.209893548000025 ], [ 98.529194086000075, 9.251584617000049 ], [ 98.50866527900007, 9.319314446000021 ], [ 98.547725029000048, 9.36117002800006 ], [ 98.587602077000042, 9.367860818000054 ], [ 98.611027404000083, 9.342300757000032 ], [ 98.635790114000088, 9.356752339000025 ], [ 98.660726631000045, 9.348669717000064 ], [ 98.674591101000033, 9.387622774000022 ], [ 98.648421097000039, 9.387842441000032 ], [ 98.647411239000064, 9.424989100000062 ], [ 98.67886326200005, 9.43199581600004 ], [ 98.666962975000047, 9.465125434000072 ], [ 98.695556829000054, 9.471295802000043 ], [ 98.768205517000069, 9.545533851000073 ], [ 98.737529107000057, 9.585821785000064 ], [ 98.767451926000035, 9.628662212000052 ], [ 98.770321292000062, 9.687353638000047 ], [ 98.843920196000056, 9.703289254000026 ], [ 98.872489692000045, 9.731182713000067 ], [ 98.910274572000048, 9.722987224000065 ], [ 98.940530495000075, 9.681909361000066 ], [ 98.982049224000036, 9.672374107000053 ], [ 99.01080128600006, 9.698831990000031 ], [ 99.039239156000065, 9.685422558000027 ], [ 99.088939630000084, 9.705967955000062 ], [ 99.15885336100007, 9.703742441000031 ], [ 99.169374634000064, 9.658984816000043 ], [ 99.209333309000044, 9.601603376000071 ], [ 99.244766008000056, 9.479325149000033 ], [ 99.313429458000087, 9.392229954000072 ], [ 99.293191210000032, 9.403691245000061 ], [ 99.216690423000045, 9.331343463000053 ], [ 99.223921912000037, 9.256200308000075 ], [ 99.262580889000049, 9.220217052000066 ], [ 99.319595487000072, 9.246127565000052 ], [ 99.314481896000075, 9.221326731000033 ], [ 99.362745215000075, 9.215990964000071 ], [ 99.370098390000067, 9.189633886000024 ], [ 99.414270951000049, 9.205714827000065 ], [ 99.466658733000031, 9.198719064000045 ], [ 99.499228433000042, 9.220885279000072 ], [ 99.530642495000052, 9.284748455000056 ], [ 99.609371846000045, 9.267717345000051 ], [ 99.643139559000076, 9.302039250000064 ], [ 99.681641468000066, 9.311827066000035 ], [ 99.681402034000087, 9.33772702400006 ], [ 99.725064326000052, 9.31189039000003 ], [ 99.744671726000036, 9.329286589000048 ], [ 99.755160918000058, 9.316128973000048 ], [ 99.769127578000052, 9.322795434000057 ], [ 99.771594503000074, 9.260889774000077 ], [ 99.748111055000038, 9.263029127000038 ], [ 99.741760506000048, 9.180469434000031 ], [ 99.720329206000088, 9.154302757000039 ], [ 99.73362350900004, 9.12693988500007 ], [ 99.723990224000033, 9.114121344000068 ], [ 99.771765018000053, 9.096430174000034 ], [ 99.741589689000079, 9.058953443000064 ], [ 99.725068172000078, 8.981958920000068 ], [ 99.693637652000064, 8.973631219000026 ], [ 99.696410319000051, 8.93580606200004 ], [ 99.626198586000044, 8.911858431000041 ], [ 99.605051042000071, 8.928025825000077 ], [ 99.575814229000059, 8.910187177000068 ], [ 99.553320081000038, 8.875969731000055 ], [ 99.559367932000043, 8.850658580000072 ], [ 99.518427152000072, 8.835066071000028 ], [ 99.521880975000045, 8.719287520000023 ], [ 99.492030352000086, 8.696907734000035 ], [ 99.480946085000085, 8.648156445000041 ], [ 99.455101901000035, 8.642983872000059 ], [ 99.456278209000061, 8.604127521000066 ], [ 99.415943576000075, 8.56881480900006 ], [ 99.394819181000059, 8.513079459000039 ], [ 99.261975298000038, 8.449159426000051 ], [ 99.23787180000005, 8.381482467000069 ], [ 99.276799094000069, 8.347429902000044 ], [ 99.290589196000042, 8.308680618000039 ], [ 99.261883130000058, 8.300898414000073 ], [ 99.228493149000087, 8.320208781000076 ], [ 99.205026228000065, 8.36604924300002 ] ] ], [ [ [ 99.662264588000085, 9.383684594000044 ], [ 99.672686653000085, 9.405162224000037 ], [ 99.666921579000075, 9.378481548000025 ], [ 99.662264588000085, 9.383684594000044 ] ] ], [ [ [ 99.671720401000073, 9.40769821300006 ], [ 99.670493395000051, 9.408138050000048 ], [ 99.671408396000061, 9.408539338000026 ], [ 99.671720401000073, 9.40769821300006 ] ] ], [ [ [ 99.673750031000054, 9.411952519000067 ], [ 99.672347951000063, 9.410470806000035 ], [ 99.673449575000063, 9.412885237000069 ], [ 99.673750031000054, 9.411952519000067 ] ] ], [ [ [ 99.667338827000037, 9.426625049000052 ], [ 99.672502674000043, 9.433945680000022 ], [ 99.675693202000048, 9.426752124000075 ], [ 99.667338827000037, 9.426625049000052 ] ] ], [ [ [ 99.653997482000079, 9.448186946000021 ], [ 99.649653729000079, 9.446423437000021 ], [ 99.650245971000061, 9.449253265000038 ], [ 99.653997482000079, 9.448186946000021 ] ] ], [ [ [ 99.673084154000037, 9.542614963000062 ], [ 99.674420645000055, 9.541283142000054 ], [ 99.673007207000069, 9.540992999000025 ], [ 99.673084154000037, 9.542614963000062 ] ] ], [ [ [ 99.665102415000035, 9.543467039000063 ], [ 99.66214936700004, 9.555220262000034 ], [ 99.666022505000058, 9.557978650000052 ], [ 99.665102415000035, 9.543467039000063 ] ] ], [ [ [ 99.668939408000085, 9.559358493000047 ], [ 99.668633005000061, 9.559927302000062 ], [ 99.669036972000072, 9.560066353000025 ], [ 99.668939408000085, 9.559358493000047 ] ] ], [ [ [ 99.661138251000068, 9.637685082000075 ], [ 99.684642580000059, 9.614309439000067 ], [ 99.674873469000033, 9.605981080000049 ], [ 99.661138251000068, 9.637685082000075 ] ] ], [ [ [ 99.675068318000058, 9.642425163000041 ], [ 99.67296933700004, 9.638949151000077 ], [ 99.672847426000033, 9.64257854400006 ], [ 99.675068318000058, 9.642425163000041 ] ] ], [ [ [ 99.673254058000055, 9.642894201000047 ], [ 99.672881173000064, 9.643116728000052 ], [ 99.673258406000059, 9.643257466000023 ], [ 99.673254058000055, 9.642894201000047 ] ] ], [ [ [ 99.659123804000046, 9.654728675000058 ], [ 99.675493656000071, 9.646332183000027 ], [ 99.664925369000059, 9.646598542000049 ], [ 99.659123804000046, 9.654728675000058 ] ] ], [ [ [ 99.658762661000083, 9.66246559800004 ], [ 99.658904995000057, 9.660785361000023 ], [ 99.657884736000085, 9.661093885000071 ], [ 99.658762661000083, 9.66246559800004 ] ] ], [ [ [ 99.667964630000085, 9.662856229000056 ], [ 99.667334, 9.663365380000073 ], [ 99.667752034000046, 9.663490978000027 ], [ 99.667964630000085, 9.662856229000056 ] ] ], [ [ [ 99.667339869000045, 9.66485093600005 ], [ 99.664702768000041, 9.67067989800006 ], [ 99.669445544000041, 9.666932147000068 ], [ 99.667339869000045, 9.66485093600005 ] ] ], [ [ [ 99.66953845200004, 9.672176152000077 ], [ 99.668022979000057, 9.675224946000071 ], [ 99.669302254000058, 9.675273225000069 ], [ 99.66953845200004, 9.672176152000077 ] ] ], [ [ [ 99.664063919000057, 9.678291106000074 ], [ 99.663704249000034, 9.675656089000029 ], [ 99.662953063000032, 9.675489784000035 ], [ 99.664063919000057, 9.678291106000074 ] ] ], [ [ [ 99.659334986000033, 9.677890510000054 ], [ 99.659204, 9.677103131000024 ], [ 99.658926782000037, 9.67772892000005 ], [ 99.659334986000033, 9.677890510000054 ] ] ], [ [ [ 99.665723583000045, 9.681362298000067 ], [ 99.667422612000053, 9.682445249000068 ], [ 99.667204123000033, 9.680159617000072 ], [ 99.665723583000045, 9.681362298000067 ] ] ], [ [ [ 99.661355012000058, 9.696395125000038 ], [ 99.662987340000086, 9.697234540000068 ], [ 99.663121786000033, 9.696691993000059 ], [ 99.661355012000058, 9.696395125000038 ] ] ], [ [ [ 99.663915569000039, 9.701544225000021 ], [ 99.663742564000074, 9.703706005000072 ], [ 99.665222140000083, 9.703005347000044 ], [ 99.663915569000039, 9.701544225000021 ] ] ], [ [ [ 99.675110769000071, 9.706998406000025 ], [ 99.674213103000056, 9.705362181000055 ], [ 99.674040339000044, 9.707739393000054 ], [ 99.675110769000071, 9.706998406000025 ] ] ], [ [ [ 99.674669104000031, 9.70852203100003 ], [ 99.674189478000073, 9.707831919000057 ], [ 99.674083524000082, 9.708344355000065 ], [ 99.674669104000031, 9.70852203100003 ] ] ], [ [ [ 99.668574282000066, 9.767012614000066 ], [ 99.667877998000051, 9.766759628000045 ], [ 99.667993453000065, 9.767782512000053 ], [ 99.668574282000066, 9.767012614000066 ] ] ], [ [ [ 99.66767036400006, 9.768654778000041 ], [ 99.667344368000045, 9.770919864000064 ], [ 99.66912005000006, 9.769782468000074 ], [ 99.66767036400006, 9.768654778000041 ] ] ], [ [ [ 99.671924881000052, 9.770371587000056 ], [ 99.670821549000038, 9.772314883000035 ], [ 99.672225354000034, 9.772729276000064 ], [ 99.671924881000052, 9.770371587000056 ] ] ], [ [ [ 99.673512132000042, 9.775306571000044 ], [ 99.670773137000083, 9.776315902000022 ], [ 99.673115728000084, 9.77767467700005 ], [ 99.673512132000042, 9.775306571000044 ] ] ], [ [ [ 99.674238166000066, 9.784656777000066 ], [ 99.67093531900008, 9.779031084000053 ], [ 99.671786529000087, 9.790024842000037 ], [ 99.674238166000066, 9.784656777000066 ] ] ], [ [ [ 99.703119002000051, 9.329554718000054 ], [ 99.70464387700008, 9.331986638000046 ], [ 99.704265039000063, 9.329555945000038 ], [ 99.703119002000051, 9.329554718000054 ] ] ], [ [ [ 99.68294132300008, 9.350147844000048 ], [ 99.682384599000045, 9.353882746000068 ], [ 99.684500189000062, 9.350960738000026 ], [ 99.68294132300008, 9.350147844000048 ] ] ], [ [ [ 99.677538560000073, 9.461662456000056 ], [ 99.67479277800004, 9.473611575000064 ], [ 99.682142356000043, 9.464673296000058 ], [ 99.677538560000073, 9.461662456000056 ] ] ], [ [ [ 99.677611300000081, 9.472864311000023 ], [ 99.677133076000075, 9.473588888000052 ], [ 99.677718646000073, 9.47365078100006 ], [ 99.677611300000081, 9.472864311000023 ] ] ], [ [ [ 99.697288625000056, 9.479735302000051 ], [ 99.696634569000082, 9.483436395000069 ], [ 99.700079416000051, 9.48040839500004 ], [ 99.697288625000056, 9.479735302000051 ] ] ], [ [ [ 99.70366320100004, 9.511334022000028 ], [ 99.706104719000052, 9.507827640000073 ], [ 99.701426795000032, 9.508458656000073 ], [ 99.70366320100004, 9.511334022000028 ] ] ], [ [ [ 99.711813753000058, 9.519758314000057 ], [ 99.711218831000053, 9.522826076000058 ], [ 99.713026970000044, 9.522389867000072 ], [ 99.711813753000058, 9.519758314000057 ] ] ], [ [ [ 99.667828046000068, 9.537928235000038 ], [ 99.708115693000082, 9.546502301000032 ], [ 99.699819078000075, 9.510030053000037 ], [ 99.661330848000034, 9.514090380000027 ], [ 99.667828046000068, 9.537928235000038 ] ] ], [ [ [ 99.694281198000056, 9.550479184000039 ], [ 99.695074833000035, 9.550498330000039 ], [ 99.694081141000083, 9.549660760000052 ], [ 99.694281198000056, 9.550479184000039 ] ] ], [ [ [ 99.690245662000052, 9.555632422000031 ], [ 99.690701784000055, 9.555471140000066 ], [ 99.690193599000054, 9.555418318000022 ], [ 99.690245662000052, 9.555632422000031 ] ] ], [ [ [ 99.685194376000084, 9.557193414000039 ], [ 99.683670444000086, 9.554910192000023 ], [ 99.682551627000066, 9.55719059200004 ], [ 99.685194376000084, 9.557193414000039 ] ] ], [ [ [ 99.715962374000071, 9.601499725000053 ], [ 99.716732524000065, 9.60429083300005 ], [ 99.71743818300007, 9.603944588000047 ], [ 99.715962374000071, 9.601499725000053 ] ] ], [ [ [ 99.710935191000033, 9.604885945000035 ], [ 99.711679928000081, 9.620390673000031 ], [ 99.713170682000055, 9.602690744000029 ], [ 99.710935191000033, 9.604885945000035 ] ] ], [ [ [ 99.720515897000041, 9.620468808000055 ], [ 99.720332151000036, 9.620248524000033 ], [ 99.720333212000071, 9.620489944000042 ], [ 99.720515897000041, 9.620468808000055 ] ] ], [ [ [ 99.681543386000044, 9.651345097000046 ], [ 99.679456146000064, 9.665239366000037 ], [ 99.688823873000047, 9.665477731000067 ], [ 99.681543386000044, 9.651345097000046 ] ] ], [ [ [ 99.677233657000045, 9.664747774000034 ], [ 99.674676008000063, 9.66240576000007 ], [ 99.676271931000088, 9.665347448000034 ], [ 99.677233657000045, 9.664747774000034 ] ] ], [ [ [ 99.67664411700008, 9.671602182000072 ], [ 99.678567261000069, 9.670606907000035 ], [ 99.677477322000072, 9.669226351000077 ], [ 99.67664411700008, 9.671602182000072 ] ] ], [ [ [ 99.680111473000068, 9.673863930000039 ], [ 99.681446210000047, 9.671519038000042 ], [ 99.679900256000053, 9.670383754000056 ], [ 99.680111473000068, 9.673863930000039 ] ] ], [ [ [ 99.678057263000085, 9.674506759000053 ], [ 99.678097432000072, 9.677159536000033 ], [ 99.679117102000077, 9.676663509000036 ], [ 99.678057263000085, 9.674506759000053 ] ] ], [ [ [ 99.682966372000067, 9.684180271000059 ], [ 99.682838387000061, 9.676249153000072 ], [ 99.679366918000085, 9.677632921000054 ], [ 99.682966372000067, 9.684180271000059 ] ] ], [ [ [ 99.676202296000042, 9.680266034000056 ], [ 99.677540914000076, 9.681721569000047 ], [ 99.677823960000069, 9.680970334000051 ], [ 99.676202296000042, 9.680266034000056 ] ] ], [ [ [ 99.677813854000078, 9.686175176000063 ], [ 99.677400167000087, 9.686699439000051 ], [ 99.677513647000069, 9.686761373000024 ], [ 99.677813854000078, 9.686175176000063 ] ] ], [ [ [ 99.674441281000043, 9.688684802000068 ], [ 99.674857055000075, 9.685865583000066 ], [ 99.673316162000049, 9.687995314000034 ], [ 99.674441281000043, 9.688684802000068 ] ] ], [ [ [ 99.673805802000061, 9.704979110000068 ], [ 99.679083051000077, 9.693709440000021 ], [ 99.673024360000056, 9.692506093000077 ], [ 99.673805802000061, 9.704979110000068 ] ] ], [ [ [ 99.679263467000055, 9.699266584000043 ], [ 99.680655724000076, 9.699474130000056 ], [ 99.67907841300007, 9.698185051000053 ], [ 99.679263467000055, 9.699266584000043 ] ] ], [ [ [ 99.675971136000044, 9.708020378000072 ], [ 99.676796979000073, 9.707360909000045 ], [ 99.675307642000064, 9.707211743000073 ], [ 99.675971136000044, 9.708020378000072 ] ] ], [ [ [ 99.676575874000036, 9.708849118000046 ], [ 99.675930028000039, 9.710672785000042 ], [ 99.676248302000033, 9.710837190000063 ], [ 99.676575874000036, 9.708849118000046 ] ] ], [ [ [ 99.714001083000085, 9.796218080000074 ], [ 99.713062533000084, 9.796094027000038 ], [ 99.713024348000033, 9.796520656000041 ], [ 99.714001083000085, 9.796218080000074 ] ] ], [ [ [ 99.713962027000036, 9.799675707000063 ], [ 99.712187333000031, 9.800131026000031 ], [ 99.712964569000064, 9.801642227000059 ], [ 99.713962027000036, 9.799675707000063 ] ] ], [ [ [ 99.963271956000085, 9.312443513000062 ], [ 99.952951511000037, 9.309031210000057 ], [ 99.950597090000088, 9.31207846500007 ], [ 99.963271956000085, 9.312443513000062 ] ] ], [ [ [ 99.909438630000068, 9.313454251000053 ], [ 99.915558234000059, 9.314317522000067 ], [ 99.915669555000079, 9.308543297000028 ], [ 99.909438630000068, 9.313454251000053 ] ] ], [ [ [ 99.89042220400006, 9.307567727000048 ], [ 99.892476106000061, 9.317521103000047 ], [ 99.891775237000047, 9.306608501000028 ], [ 99.89042220400006, 9.307567727000048 ] ] ], [ [ [ 99.919905167000081, 9.344446179000045 ], [ 99.921774170000049, 9.345767978000026 ], [ 99.922364119000065, 9.345478727000057 ], [ 99.919905167000081, 9.344446179000045 ] ] ], [ [ [ 99.721562515000073, 9.350461147000033 ], [ 99.720133698000041, 9.349212900000055 ], [ 99.71941761800008, 9.350279060000048 ], [ 99.721562515000073, 9.350461147000033 ] ] ], [ [ [ 99.982153062000066, 9.374934675000077 ], [ 99.971650208000085, 9.367008650000059 ], [ 99.981381831000078, 9.379600749000076 ], [ 99.982153062000066, 9.374934675000077 ] ] ], [ [ [ 99.953104022000048, 9.396128539000074 ], [ 99.958180886000036, 9.361220893000052 ], [ 99.927102065000042, 9.35637937100006 ], [ 99.953104022000048, 9.396128539000074 ] ] ], [ [ [ 99.89657055400005, 9.428630597000051 ], [ 99.897453054000039, 9.426256606000038 ], [ 99.89660839000004, 9.425747312000055 ], [ 99.89657055400005, 9.428630597000051 ] ] ], [ [ [ 99.89294308500007, 9.435917819000053 ], [ 99.893622331000074, 9.433814157000029 ], [ 99.892572703000042, 9.434042865000038 ], [ 99.89294308500007, 9.435917819000053 ] ] ], [ [ [ 99.892568857000072, 9.437685221000038 ], [ 99.893390163000049, 9.436857029000066 ], [ 99.892759742000067, 9.436700158000065 ], [ 99.892568857000072, 9.437685221000038 ] ] ], [ [ [ 99.900916029000086, 9.43938485700005 ], [ 99.899533654000038, 9.439436987000022 ], [ 99.899840276000077, 9.439952786000049 ], [ 99.900916029000086, 9.43938485700005 ] ] ], [ [ [ 99.90057919700007, 9.443189293000046 ], [ 99.900929178000069, 9.444301819000032 ], [ 99.901301101000058, 9.443585093000024 ], [ 99.90057919700007, 9.443189293000046 ] ] ], [ [ [ 100.052555841000071, 9.557248825000045 ], [ 100.080303770000057, 9.588276832000076 ], [ 100.080343906000053, 9.574505983000051 ], [ 100.090609817000086, 9.569817943000032 ], [ 100.056534358000079, 9.513468695000029 ], [ 100.073963161000052, 9.470744016000026 ], [ 100.049706996000054, 9.468326289000061 ], [ 100.00952651700004, 9.419701200000077 ], [ 99.929449585000043, 9.417130874000065 ], [ 99.934677327000031, 9.455726494000032 ], [ 99.918770850000044, 9.491486598000051 ], [ 99.934418289000064, 9.500065763000066 ], [ 99.934718546000056, 9.535035640000046 ], [ 99.912317336000058, 9.570539376000056 ], [ 99.982790674000057, 9.587365157000022 ], [ 100.052555841000071, 9.557248825000045 ] ] ], [ [ [ 100.08115495800007, 9.541890692000038 ], [ 100.087125356000058, 9.533700527000065 ], [ 100.081646294000052, 9.534853850000047 ], [ 100.08115495800007, 9.541890692000038 ] ] ], [ [ [ 100.089600138000037, 9.574213161000046 ], [ 100.087377323000055, 9.572581042000024 ], [ 100.086703496000041, 9.574983407000047 ], [ 100.089600138000037, 9.574213161000046 ] ] ], [ [ [ 100.051407153000071, 9.59188916100004 ], [ 100.052888414000051, 9.591312684000059 ], [ 100.051112319000083, 9.590967265000074 ], [ 100.051407153000071, 9.59188916100004 ] ] ], [ [ [ 99.723114205000059, 9.593555177000042 ], [ 99.719447019000086, 9.58965050300003 ], [ 99.721125434000044, 9.594702918000053 ], [ 99.723114205000059, 9.593555177000042 ] ] ], [ [ [ 100.056547748000071, 9.594313481000029 ], [ 100.060059461000037, 9.591181224000024 ], [ 100.054661518000046, 9.592687138000031 ], [ 100.056547748000071, 9.594313481000029 ] ] ], [ [ [ 99.720692310000061, 9.619626345000029 ], [ 99.720360774000085, 9.620129960000043 ], [ 99.72067263200006, 9.620092202000023 ], [ 99.720692310000061, 9.619626345000029 ] ] ], [ [ [ 99.950152565000053, 9.706786890000046 ], [ 99.945729680000056, 9.702138940000054 ], [ 99.943143303000056, 9.705391205000069 ], [ 99.950152565000053, 9.706786890000046 ] ] ], [ [ [ 99.975025732000063, 9.707119587000022 ], [ 99.971546948000082, 9.710027545000059 ], [ 99.975352469000086, 9.711108877000072 ], [ 99.975025732000063, 9.707119587000022 ] ] ], [ [ [ 100.031594993000056, 9.801416906000043 ], [ 100.072762537000074, 9.766327385000068 ], [ 100.075674758000048, 9.66577367900004 ], [ 99.98573454700005, 9.708563223000056 ], [ 99.960808314000076, 9.756974266000043 ], [ 99.982370449000086, 9.799311131000024 ], [ 100.004989008000052, 9.787011174000043 ], [ 100.031594993000056, 9.801416906000043 ] ] ], [ [ [ 100.075641977000032, 9.765012016000071 ], [ 100.074995131000037, 9.767086889000041 ], [ 100.075610347000065, 9.767179832000068 ], [ 100.075641977000032, 9.765012016000071 ] ] ], [ [ [ 99.980961647000072, 9.800030222000032 ], [ 99.97758570600007, 9.800537813000062 ], [ 99.979481114000066, 9.802844384000025 ], [ 99.980961647000072, 9.800030222000032 ] ] ], [ [ [ 99.843579799000054, 10.123648637000031 ], [ 99.856081466000035, 10.089659008000069 ], [ 99.827239160000033, 10.058915910000053 ], [ 99.815074561000074, 10.069139692000022 ], [ 99.820629290000056, 10.118913991000056 ], [ 99.843579799000054, 10.123648637000031 ] ] ], [ [ [ 99.814786911000056, 10.115983963000076 ], [ 99.813642501000061, 10.114294051000059 ], [ 99.813543320000065, 10.115919114000064 ], [ 99.814786911000056, 10.115983963000076 ] ] ], [ [ [ 99.816465378000032, 10.117288590000044 ], [ 99.814470291000077, 10.117628097000022 ], [ 99.81624793800006, 10.118543625000029 ], [ 99.816465378000032, 10.117288590000044 ] ] ], [ [ [ 99.813653946000045, 10.125082016000022 ], [ 99.81149864200006, 10.119199753000032 ], [ 99.812341690000039, 10.125562669000033 ], [ 99.813653946000045, 10.125082016000022 ] ] ] ] } },
{ "type": "Feature", "properties": { "stable_id": "TH.ADM1.00063" }, "geometry": { "type": "Polygon", "coordinates": [ [ [ 103.404607898000052, 14.357916388000035 ], [ 103.272210001000076, 14.34551 ], [ 103.222674339000037, 14.325504693000028 ], [ 103.234144080000078, 14.393414700000051 ], [ 103.220548822000069, 14.402899900000023 ], [ 103.246583244000078, 14.441205447000073 ], [ 103.216598694000083, 14.499983793000069 ], [ 103.210711780000054, 14.580573411000046 ], [ 103.238345561000074, 14.617463306000047 ], [ 103.230121582000038, 14.641270682000027 ], [ 103.258376831000078, 14.672161233000054 ], [ 103.266292606000036, 14.766658384000038 ], [ 103.290940402000047, 14.785463508000078 ], [ 103.289317125000082, 14.807187884000029 ], [ 103.346206754000036, 14.830950424000036 ], [ 103.424664753000059, 14.928015062000043 ], [ 103.414847458000054, 15.006469202000062 ], [ 103.448022349000041, 15.044944912000062 ], [ 103.42256576300008, 15.065353138000035 ], [ 103.441664466000077, 15.10634505400003 ], [ 103.427223809000054, 15.110881590000076 ], [ 103.419138169000064, 15.202120138000055 ], [ 103.436023373000069, 15.206568685000036 ], [ 103.44130494400008, 15.263214457000061 ], [ 103.458801957000048, 15.25657624400003 ], [ 103.462059917000033, 15.280560727000022 ], [ 103.505436288000055, 15.291748332000054 ], [ 103.499452315000042, 15.313219321000076 ], [ 103.446842599000036, 15.345018490000029 ], [ 103.425813638000079, 15.311656407000044 ], [ 103.402267923000068, 15.309416634000058 ], [ 103.360518116000037, 15.345669764000036 ], [ 103.289921202000073, 15.298723601000063 ], [ 103.275619104000043, 15.318256349000023 ], [ 103.248731423000038, 15.306673009000065 ], [ 103.251787480000075, 15.321773126000039 ], [ 103.195830035000085, 15.340007752000076 ], [ 103.194184731000064, 15.365853296000068 ], [ 103.156335051000042, 15.352672273000053 ], [ 103.138308831000074, 15.412280894000048 ], [ 103.133541075000039, 15.400316469000074 ], [ 103.090349245000084, 15.418887791000031 ], [ 103.111403793000079, 15.481283650000023 ], [ 103.214727252000046, 15.461094538000054 ], [ 103.270299581000074, 15.423462897000036 ], [ 103.342525334000072, 15.408005940000066 ], [ 103.433154355000056, 15.454018675000043 ], [ 103.483774656000037, 15.450715970000033 ], [ 103.53184086400006, 15.426670738000041 ], [ 103.592461556000046, 15.46742740600007 ], [ 103.774135429000069, 15.436397896000074 ], [ 103.854925636000075, 15.465958166000064 ], [ 103.862189888000046, 15.449025852000034 ], [ 103.878036444000088, 15.468453046000036 ], [ 103.908263003000059, 15.436090428000057 ], [ 103.94231676000004, 15.438683866000076 ], [ 103.94916098200008, 15.414510237000059 ], [ 103.974376043000063, 15.426514260000033 ], [ 103.971199526000078, 15.407415637000042 ], [ 103.99369112100004, 15.39331945400005 ], [ 104.008990843000049, 15.407725782000057 ], [ 104.060193735000041, 15.403381004000039 ], [ 104.08861840700007, 15.349435314000061 ], [ 104.023151377000033, 15.330781215000059 ], [ 104.015243779000059, 15.289547106000043 ], [ 103.996524535000049, 15.295465912000054 ], [ 103.998194450000085, 15.272435160000043 ], [ 103.972342160000039, 15.279155166000066 ], [ 103.99683628300005, 15.251766557000053 ], [ 103.988194236000083, 15.225699406000047 ], [ 103.970410467000079, 15.220298050000054 ], [ 103.980894694000085, 15.20261643300006 ], [ 103.968002228000046, 15.166242256000032 ], [ 103.998416193000082, 15.145777489000068 ], [ 103.987613519000035, 15.13007641400003 ], [ 103.995718127000032, 15.089169569000035 ], [ 104.020627310000066, 15.077917391000028 ], [ 104.012781373000053, 15.025879888000077 ], [ 103.994816765000053, 15.016109026000038 ], [ 103.994281470000033, 14.986466343000075 ], [ 103.966926715000056, 14.973800205000032 ], [ 103.967900925000038, 14.950903664000066 ], [ 103.945828145000064, 14.943347408000022 ], [ 103.903168949000076, 14.848228095000024 ], [ 103.994441198000061, 14.800155061000055 ], [ 104.001272785000083, 14.725578365000047 ], [ 104.050699830000042, 14.669561088000023 ], [ 104.055578147000062, 14.582420681000031 ], [ 104.031985968000072, 14.544188725000026 ], [ 104.035099855000055, 14.498217821000026 ], [ 104.052587335000055, 14.494607854000037 ], [ 104.057895489000032, 14.468944016000023 ], [ 104.045854011000074, 14.367025972000022 ], [ 104.058860852000066, 14.339652192000074 ], [ 103.943659999000033, 14.348359999000024 ], [ 103.92564, 14.32691 ], [ 103.84568, 14.36859000100003 ], [ 103.816039999000054, 14.35153 ], [ 103.71395, 14.37762 ], [ 103.706149999000047, 14.42946 ], [ 103.662570001000063, 14.439509999000052 ], [ 103.660470001000078, 14.41279 ], [ 103.628930001000072, 14.396830001000069 ], [ 103.559400001000085, 14.41952 ], [ 103.46900000100004, 14.36225 ], [ 103.44025, 14.38611 ], [ 103.404607898000052, 14.357916388000035 ] ] ] } },
{ "type": "Feature", "properties": { "stable_id": "TH.ADM1.00064" }, "geometry": { "type": "Polygon", "coordinates": [ [ [ 99.031605182000078, 16.384988899000064 ], [ 99.051359551000075, 16.332732778000036 ], [ 99.047818606000078, 16.263889057000029 ], [ 99.081184, 16.208745941000075 ], [ 99.050110349000079, 16.137902989000054 ], [ 99.106544020000058, 16.102199421000023 ], [ 99.116190480000057, 16.075461774000075 ], [ 99.086601647000066, 16.041389730000049 ], [ 99.074492666000083, 15.953725404000068 ], [ 99.096936743000072, 15.930683024000075 ], [ 99.085637754000061, 15.908155857000054 ], [ 99.097678065000082, 15.831000557000038 ], [ 99.135337708000066, 15.793902621000029 ], [ 99.135270884000079, 15.729466242000058 ], [ 99.114938549000044, 15.63104327700006 ], [ 99.089874857000041, 15.581828527000027 ], [ 99.048391567000067, 15.556073447000074 ], [ 99.078508210000052, 15.499413072000038 ], [ 99.060400036000033, 15.446155254000075 ], [ 99.069396031000053, 15.397751223000057 ], [ 99.04426503500008, 15.374916025000061 ], [ 99.031199753000067, 15.334587173000045 ], [ 99.038356131000057, 15.289725066000074 ], [ 99.007187230000056, 15.239334260000078 ], [ 99.002054437000083, 15.185985858000038 ], [ 98.984002974000077, 15.179953423000029 ], [ 98.955557653000085, 15.246997434000036 ], [ 98.923331664000045, 15.246671719000062 ], [ 98.886261264000041, 15.275066768000045 ], [ 98.871213743000055, 15.324271920000058 ], [ 98.830565233000073, 15.350188480000043 ], [ 98.755261042000086, 15.440315435000059 ], [ 98.757748900000081, 15.473277396000071 ], [ 98.702524835000077, 15.501657679000061 ], [ 98.722818741000083, 15.515984692000075 ], [ 98.647838431000082, 15.633407543000033 ], [ 98.62552891100006, 15.626549371000067 ], [ 98.583705320000035, 15.660356595000053 ], [ 98.559947779000083, 15.65289137700006 ], [ 98.549712338000063, 15.67978523000005 ], [ 98.611354214000073, 15.87681505300003 ], [ 98.595269610000059, 15.877118536000069 ], [ 98.584344218000069, 15.912626058000058 ], [ 98.608926349000058, 15.976054025000053 ], [ 98.597393991000047, 16.008526717000052 ], [ 98.560672537000073, 16.033108847000051 ], [ 98.56643871600005, 16.055566596000062 ], [ 98.575239725000074, 16.06497457200004 ], [ 98.632294547000072, 16.037054127000033 ], [ 98.628349267000033, 16.057690978000039 ], [ 98.671443866000061, 16.089860186000067 ], [ 98.66051847500006, 16.11929804600004 ], [ 98.671140383000079, 16.129009505000056 ], [ 98.710896669000078, 16.135686133000036 ], [ 98.731533519000038, 16.115352766000058 ], [ 98.778269916000056, 16.119601529000022 ], [ 98.807707776000086, 16.09805422900007 ], [ 98.856265071000053, 16.125367708000056 ], [ 98.856265071000053, 16.216109153000048 ], [ 98.913016410000068, 16.251009709000073 ], [ 98.921817419000035, 16.306243632000076 ], [ 98.90967809600005, 16.315955091000035 ], [ 98.928797531000043, 16.393343280000067 ], [ 98.839270018000036, 16.422174174000077 ], [ 98.821667998000066, 16.383631821000051 ], [ 98.784867056000053, 16.368128198000022 ], [ 98.777854121000075, 16.344274341000073 ], [ 98.745815941000046, 16.347771078000051 ], [ 98.729258098000059, 16.331721027000071 ], [ 98.703817174000051, 16.271183888000053 ], [ 98.673491133000084, 16.273386980000055 ], [ 98.667204029000061, 16.346559279000076 ], [ 98.652743952000037, 16.353581044000066 ], [ 98.664704756000049, 16.365482342000064 ], [ 98.637272265000036, 16.425048338000067 ], [ 98.658159043000069, 16.454980102000036 ], [ 98.65220839400007, 16.471998958000029 ], [ 98.576932685000031, 16.558164354000041 ], [ 98.586989282000047, 16.589107729000034 ], [ 98.571101049000049, 16.632368946000042 ], [ 98.512070612000059, 16.64474629700004 ], [ 98.516712118000044, 16.694315201000052 ], [ 98.49570632700005, 16.691042344000039 ], [ 98.50213302800006, 16.715201979000028 ], [ 98.47107064100004, 16.712643200000059 ], [ 98.463453810000033, 16.729602549000049 ], [ 98.485114172000067, 16.789228053000045 ], [ 98.519925468000054, 16.79006114200007 ], [ 98.515700508000066, 16.805354311000031 ], [ 98.54789351800008, 16.814339791000066 ], [ 98.492552483000054, 16.841593762000059 ], [ 98.500645366000072, 16.863968202000024 ], [ 98.516295572000047, 16.858136566000042 ], [ 98.508797755000046, 16.879856435000022 ], [ 98.540514714000039, 16.861468929000068 ], [ 98.526173650000032, 16.88491448700006 ], [ 98.536170740000045, 16.898541472000034 ], [ 98.512903703000063, 16.902706927000054 ], [ 98.522424741000066, 16.917047990000071 ], [ 98.507131573000038, 16.911037835000059 ], [ 98.506000950000043, 16.927937678000035 ], [ 98.491064821000066, 16.922582094000063 ], [ 98.482852926000078, 16.93692315800007 ], [ 98.508619235000083, 16.948467417000074 ], [ 98.468649911000057, 16.97149741800007 ], [ 98.480762010000035, 16.980697318000068 ], [ 98.473018209000031, 16.996052548000023 ], [ 98.447999776000074, 16.996912970000039 ], [ 98.455611204000036, 17.021732844000041 ], [ 98.430261839000082, 17.021997589000023 ], [ 98.437740895000047, 17.036360023000043 ], [ 98.411795853000058, 17.053833214000065 ], [ 98.345461744000033, 17.047858846000054 ], [ 98.318450193000047, 17.069013687000052 ], [ 98.300173218000054, 17.092339550000077 ], [ 98.323346037000078, 17.110801540000068 ], [ 98.30194380000006, 17.107291847000056 ], [ 98.298365291000039, 17.127799457000037 ], [ 98.280403929000045, 17.115412310000067 ], [ 98.29705775900004, 17.149683416000073 ], [ 98.272283466000033, 17.151197401000047 ], [ 98.280472746000044, 17.17287490700005 ], [ 98.249436062000086, 17.183059894000053 ], [ 98.247577990000082, 17.210105164000026 ], [ 98.227775806000068, 17.204777226000033 ], [ 98.243851610000036, 17.228013228000066 ], [ 98.213178238000069, 17.228567567000027 ], [ 98.205094141000075, 17.249909582000043 ], [ 98.135432325000068, 17.292316443000061 ], [ 98.10517470700006, 17.337494994000053 ], [ 98.119910860000061, 17.37209492900007 ], [ 98.110533308000072, 17.38553762600003 ], [ 98.080506663000051, 17.389833747000068 ], [ 98.046200786000043, 17.429482888000052 ], [ 98.05609271600008, 17.441866679000043 ], [ 97.992248237000069, 17.510657123000044 ], [ 97.971067425000058, 17.50812750800003 ], [ 97.96219489200007, 17.527684835000059 ], [ 97.923420037000085, 17.539389027000027 ], [ 97.906618858000058, 17.583525158000043 ], [ 97.794032082000058, 17.679272999000034 ], [ 97.762770563000061, 17.724994859000049 ], [ 97.774852309000039, 17.751574701000038 ], [ 97.742445558000043, 17.785748387000069 ], [ 97.849144427000056, 17.779926888000034 ], [ 97.902453362000074, 17.80971521500004 ], [ 97.912560616000064, 17.854696213000068 ], [ 97.972283108000056, 17.866025313000023 ], [ 97.976644067000052, 17.822345017000032 ], [ 98.041579795000075, 17.674688871000058 ], [ 98.092117685000062, 17.634384152000052 ], [ 98.135219926000048, 17.543076178000035 ], [ 98.212241569000071, 17.541251470000077 ], [ 98.265426499000057, 17.578649413000051 ], [ 98.298044165000078, 17.575375742000062 ], [ 98.329065455000034, 17.473178165000036 ], [ 98.322650232000058, 17.418419722000067 ], [ 98.291702783000062, 17.407442988000071 ], [ 98.333234339000057, 17.34642100800005 ], [ 98.324054342000068, 17.30876184300007 ], [ 98.391789776000053, 17.242274746000078 ], [ 98.461576102000038, 17.275478391000036 ], [ 98.536836493000067, 17.276550713000063 ], [ 98.578854194000087, 17.294401776000029 ], [ 98.55682997200006, 17.294152793000023 ], [ 98.561944740000058, 17.351809253000056 ], [ 98.537370924000072, 17.362220376000039 ], [ 98.554502650000074, 17.427996004000022 ], [ 98.517993433000072, 17.47975892200003 ], [ 98.526635507000037, 17.533050671000069 ], [ 98.577606075000062, 17.573752300000024 ], [ 98.530709578000085, 17.626161515000035 ], [ 98.509782070000085, 17.788586677000069 ], [ 98.492062864000047, 17.809520454000051 ], [ 98.51773766000008, 17.82485452700007 ], [ 98.560473241000068, 17.795417091000047 ], [ 98.571494531000042, 17.808880507000026 ], [ 98.596623948000058, 17.803578606000031 ], [ 98.623161925000034, 17.777736374000028 ], [ 98.640137123000045, 17.814668427000072 ], [ 98.670221992000052, 17.833969912000043 ], [ 98.703343004000033, 17.743769202000067 ], [ 98.744709373000035, 17.699703720000059 ], [ 98.737534546000063, 17.682580535000056 ], [ 98.68526872800004, 17.660946569000032 ], [ 98.705234283000038, 17.485987287000057 ], [ 98.683171722000054, 17.461176603000069 ], [ 98.69063725500007, 17.428910874000053 ], [ 98.717008326000041, 17.46273431000003 ], [ 98.82884421600005, 17.514711722000072 ], [ 98.879658355000061, 17.49131141600003 ], [ 98.910150325000075, 17.536710051000057 ], [ 98.93749123300006, 17.470505466000077 ], [ 98.979701387000034, 17.465953897000077 ], [ 99.046076047000042, 17.386568077000049 ], [ 99.140835855000034, 17.360981748000029 ], [ 99.161415797000075, 17.332502047000048 ], [ 99.225093852000043, 17.404656758000044 ], [ 99.270444959000088, 17.400008511000067 ], [ 99.271238697000058, 17.348654672000066 ], [ 99.318936878000045, 17.262499904000038 ], [ 99.32118891600004, 17.116175271000031 ], [ 99.337630899000033, 17.095453846000055 ], [ 99.393276750000041, 17.082776958000068 ], [ 99.393730814000037, 17.026602057000048 ], [ 99.416297115000077, 17.018827865000048 ], [ 99.429510217000086, 16.982577396000067 ], [ 99.466843702000062, 16.982233416000042 ], [ 99.438143300000036, 16.954394655000044 ], [ 99.45659967000006, 16.91599313100005 ], [ 99.432620092000036, 16.875861476000068 ], [ 99.379029566000042, 16.859576190000041 ], [ 99.38493365800008, 16.80773797300003 ], [ 99.32791059200008, 16.812743205000061 ], [ 99.291843846000063, 16.785026470000048 ], [ 99.302053658000034, 16.742205591000072 ], [ 99.27195456700008, 16.668724720000057 ], [ 99.247106786000074, 16.660467471000061 ], [ 99.255960462000075, 16.567556324000066 ], [ 99.239914186000078, 16.536101772000052 ], [ 99.188938969000048, 16.53564829100003 ], [ 99.123564459000079, 16.476014716000066 ], [ 99.075466255000038, 16.467246208000063 ], [ 99.019851763000077, 16.416952819000073 ], [ 99.016365347000033, 16.386659396000027 ], [ 99.031605182000078, 16.384988899000064 ] ] ] } },
{ "type": "Feature", "properties": { "stable_id": "TH.ADM1.00065" }, "geometry": { "type": "MultiPolygon", "coordinates": [ [ [ [ 99.397740780000049, 7.066426479000029 ], [ 99.398592688000065, 7.066649655000049 ], [ 99.398101809000082, 7.065738125000053 ], [ 99.397740780000049, 7.066426479000029 ] ] ], [ [ [ 99.394013025000049, 7.073857380000049 ], [ 99.393858239000053, 7.076857876000076 ], [ 99.395322225000086, 7.074738804000049 ], [ 99.394013025000049, 7.073857380000049 ] ] ], [ [ [ 99.066160099000058, 7.212028830000065 ], [ 99.052989819000061, 7.201368525000021 ], [ 99.058270448000087, 7.216721412000027 ], [ 99.066160099000058, 7.212028830000065 ] ] ], [ [ [ 99.065991548000056, 7.216283554000029 ], [ 99.071525582000049, 7.22834378400006 ], [ 99.083774834000053, 7.225463937000029 ], [ 99.081106573000056, 7.220010253000055 ], [ 99.065991548000056, 7.216283554000029 ] ] ], [ [ [ 99.35846788300006, 7.22253457100004 ], [ 99.359722365000039, 7.223743436000063 ], [ 99.359551300000078, 7.222409123000034 ], [ 99.35846788300006, 7.22253457100004 ] ] ], [ [ [ 99.398304984000049, 7.262831084000027 ], [ 99.45054629100008, 7.254749172000061 ], [ 99.374435666000068, 7.210510487000022 ], [ 99.368510807000064, 7.266934370000058 ], [ 99.384992784000076, 7.28143794600004 ], [ 99.398304984000049, 7.262831084000027 ] ] ], [ [ [ 99.394743542000072, 7.303614135000032 ], [ 99.395339938000063, 7.302004631000045 ], [ 99.393939265000085, 7.303264930000068 ], [ 99.394743542000072, 7.303614135000032 ] ] ], [ [ [ 99.247660089000078, 7.333472389000065 ], [ 99.259575166000047, 7.308603541000025 ], [ 99.254758559000038, 7.298107135000066 ], [ 99.247660089000078, 7.333472389000065 ] ] ], [ [ [ 99.280645056000083, 7.387425305000022 ], [ 99.314713790000042, 7.374340115000052 ], [ 99.301235023000061, 7.353030385000068 ], [ 99.280645056000083, 7.387425305000022 ] ] ], [ [ [ 99.245390628000052, 7.379966447000072 ], [ 99.249605005000035, 7.378504317000022 ], [ 99.248751259000073, 7.376989643000059 ], [ 99.245390628000052, 7.379966447000072 ] ] ], [ [ [ 99.233350616000052, 7.405218816000058 ], [ 99.233471216000055, 7.402816238000071 ], [ 99.232272782000052, 7.405551571000046 ], [ 99.233350616000052, 7.405218816000058 ] ] ], [ [ [ 99.231021609000038, 7.407142546000046 ], [ 99.230131315000051, 7.404873036000026 ], [ 99.229689220000068, 7.405670821000058 ], [ 99.231021609000038, 7.407142546000046 ] ] ], [ [ [ 99.217343639000035, 7.401568506000046 ], [ 99.196436863000088, 7.398401988000046 ], [ 99.199633913000071, 7.435116374000074 ], [ 99.217343639000035, 7.401568506000046 ] ] ], [ [ [ 99.22386031800005, 7.41586552900003 ], [ 99.223573361000035, 7.417810986000063 ], [ 99.22449054100008, 7.41604849600003 ], [ 99.22386031800005, 7.41586552900003 ] ] ], [ [ [ 99.304784079000058, 7.493102329000067 ], [ 99.297817527000063, 7.495368365000047 ], [ 99.304091947000074, 7.497865570000044 ], [ 99.304784079000058, 7.493102329000067 ] ] ], [ [ [ 99.278409447000058, 7.546673248000047 ], [ 99.281615613000042, 7.548413618000041 ], [ 99.281900442000051, 7.544779524000035 ], [ 99.278409447000058, 7.546673248000047 ] ] ], [ [ [ 99.28345372800004, 7.548561495000058 ], [ 99.28536213700005, 7.548421794000035 ], [ 99.283810990000063, 7.547307014000069 ], [ 99.28345372800004, 7.548561495000058 ] ] ], [ [ [ 99.289936099000045, 7.559626052000056 ], [ 99.286898712000038, 7.557747133000021 ], [ 99.28913631100005, 7.560340100000076 ], [ 99.289936099000045, 7.559626052000056 ] ] ], [ [ [ 99.474798200000066, 6.972974777000047 ], [ 99.476781846000051, 6.977952956000024 ], [ 99.477190017000055, 6.972837450000043 ], [ 99.474798200000066, 6.972974777000047 ] ] ], [ [ [ 99.445044671000062, 7.015859783000053 ], [ 99.445136723000076, 7.015089695000029 ], [ 99.444606159000045, 7.015284088000044 ], [ 99.445044671000062, 7.015859783000053 ] ] ], [ [ [ 99.448539184000083, 7.032098138000038 ], [ 99.448514508000073, 7.032929785000022 ], [ 99.448892184000044, 7.032576660000075 ], [ 99.448539184000083, 7.032098138000038 ] ] ], [ [ [ 99.472174383000038, 7.030779685000027 ], [ 99.470306505000053, 7.050541944000031 ], [ 99.475405164000051, 7.021445158000063 ], [ 99.472174383000038, 7.030779685000027 ] ] ], [ [ [ 99.451899547000039, 7.074835482000026 ], [ 99.451080022000042, 7.074226223000039 ], [ 99.451126454000075, 7.074835644000075 ], [ 99.451899547000039, 7.074835482000026 ] ] ], [ [ [ 99.560653728000034, 7.121883285000024 ], [ 99.59723260700008, 7.10359186200003 ], [ 99.61582319300004, 7.080972474000021 ], [ 99.565602215000069, 7.093317870000021 ], [ 99.560653728000034, 7.121883285000024 ] ] ], [ [ [ 99.427891535000072, 7.103469628000028 ], [ 99.427307036000059, 7.113290018000043 ], [ 99.429405409000083, 7.103408275000049 ], [ 99.427891535000072, 7.103469628000028 ] ] ], [ [ [ 99.580127885000081, 7.118959688000075 ], [ 99.579062272000044, 7.119580928000062 ], [ 99.579202887000065, 7.120171110000058 ], [ 99.580127885000081, 7.118959688000075 ] ] ], [ [ [ 99.42708229200008, 7.117980705000036 ], [ 99.422181358000046, 7.120947125000043 ], [ 99.422635200000059, 7.124835604000054 ], [ 99.42708229200008, 7.117980705000036 ] ] ], [ [ [ 99.700161857000069, 7.124095110000042 ], [ 99.697685370000045, 7.126446348000059 ], [ 99.702310710000063, 7.130640370000037 ], [ 99.700161857000069, 7.124095110000042 ] ] ], [ [ [ 99.584014662000072, 7.132547007000028 ], [ 99.579449656000065, 7.133242814000027 ], [ 99.584191937000071, 7.134331294000049 ], [ 99.584014662000072, 7.132547007000028 ] ] ], [ [ [ 99.63935590400007, 7.143362555000067 ], [ 99.638484834000053, 7.143353617000059 ], [ 99.639299597000047, 7.144131564000077 ], [ 99.63935590400007, 7.143362555000067 ] ] ], [ [ [ 99.631132720000039, 7.142987680000033 ], [ 99.631206439000039, 7.144315732000052 ], [ 99.63168644700005, 7.144949231000055 ], [ 99.631446068000059, 7.144345304000069 ], [ 99.631228711000063, 7.143083268000055 ], [ 99.631132720000039, 7.142987680000033 ] ] ], [ [ [ 99.649946024000087, 7.153686021000055 ], [ 99.652382584000065, 7.14926087300006 ], [ 99.650866285000063, 7.147679456000049 ], [ 99.649946024000087, 7.153686021000055 ] ] ], [ [ [ 99.474597833000075, 7.272057616000041 ], [ 99.475876441000082, 7.271203655000022 ], [ 99.474261848000083, 7.270755675000032 ], [ 99.474597833000075, 7.272057616000041 ] ] ], [ [ [ 99.406797689000086, 7.314369284000065 ], [ 99.40977575800008, 7.312055696000073 ], [ 99.406489775000068, 7.313155645000052 ], [ 99.406797689000086, 7.314369284000065 ] ] ], [ [ [ 99.348232850000045, 7.407430939000051 ], [ 99.33689456500008, 7.410852574000046 ], [ 99.346821820000059, 7.443085604000032 ], [ 99.326778445000059, 7.495144248000031 ], [ 99.308702471000061, 7.513162737000073 ], [ 99.296094313000083, 7.497217660000047 ], [ 99.284998319000067, 7.515647892000061 ], [ 99.313786917000073, 7.53733836300006 ], [ 99.279132770000047, 7.626217036000071 ], [ 99.261422506000088, 7.616594275000068 ], [ 99.232673052000052, 7.631744679000064 ], [ 99.253791869000054, 7.630364106000059 ], [ 99.268070158000057, 7.669620988000077 ], [ 99.309329758000047, 7.704288696000049 ], [ 99.306768058000046, 7.752825055000073 ], [ 99.288025424000068, 7.771560216000069 ], [ 99.303309090000084, 7.807868631000076 ], [ 99.279286794000086, 7.849707159000047 ], [ 99.322458707000067, 7.87089961700002 ], [ 99.333774637000033, 7.928792100000067 ], [ 99.365224602000069, 7.944966600000043 ], [ 99.418989748000058, 7.924668423000071 ], [ 99.424992417000055, 7.876842048000071 ], [ 99.47157814600007, 7.904500524000071 ], [ 99.479364062000059, 7.882076944000062 ], [ 99.524488029000054, 7.875377984000067 ], [ 99.630637083000067, 8.00869014400007 ], [ 99.699504716000035, 7.991256131000057 ], [ 99.753082182000071, 8.007832903000065 ], [ 99.753732231000072, 7.97464459300005 ], [ 99.72649864400006, 7.94053609100007 ], [ 99.740446210000073, 7.926631396000062 ], [ 99.732773089000034, 7.849018002000037 ], [ 99.770667956000068, 7.789316684000028 ], [ 99.795177506000073, 7.69833671300006 ], [ 99.818214553000075, 7.680415420000031 ], [ 99.81408857200006, 7.649268051000035 ], [ 99.787708644000077, 7.644569083000022 ], [ 99.808575868000048, 7.621603656000048 ], [ 99.796998392000035, 7.589778483000032 ], [ 99.83384667200005, 7.550380869000037 ], [ 99.820635949000064, 7.513728687000025 ], [ 99.852352557000074, 7.484478893000073 ], [ 99.848721233000049, 7.465529697000022 ], [ 99.89383521700006, 7.397254100000055 ], [ 99.909876994000058, 7.325176440000064 ], [ 99.939473062000047, 7.316510024000024 ], [ 99.947053586000038, 7.267058078000048 ], [ 99.932137982000086, 7.244906828000069 ], [ 99.94856212600007, 7.203698755000062 ], [ 99.858685350000087, 7.171242833000065 ], [ 99.803148581000073, 7.128733263000072 ], [ 99.734593708000034, 7.136095855000065 ], [ 99.698623067000085, 7.130889885000045 ], [ 99.667919203000054, 7.113839555000027 ], [ 99.659749908000038, 7.164544943000067 ], [ 99.637715526000079, 7.16474392300006 ], [ 99.606680622000056, 7.13654480200006 ], [ 99.599064373000033, 7.15641465300007 ], [ 99.585338923000052, 7.147132608000049 ], [ 99.577209356000083, 7.157708721000063 ], [ 99.522350447000065, 7.249726210000063 ], [ 99.536113058000069, 7.295718648000047 ], [ 99.486556435000068, 7.308381416000032 ], [ 99.469643046000044, 7.284112536000066 ], [ 99.41979264400004, 7.298240832000033 ], [ 99.411431897000057, 7.315613877000033 ], [ 99.403577569000049, 7.317237512000077 ], [ 99.397831004000068, 7.304796674000045 ], [ 99.338021960000049, 7.379297463000057 ], [ 99.348232850000045, 7.407430939000051 ] ] ] ] } },
{ "type": "Feature", "properties": { "stable_id": "TH.ADM1.00066" }, "geometry": { "type": "MultiPolygon", "coordinates": [ [ [ [ 102.38029343900007, 11.807453575000068 ], [ 102.39345873700006, 11.796633706000023 ], [ 102.386510909000037, 11.776216423000051 ], [ 102.38029343900007, 11.807453575000068 ] ] ], [ [ [ 102.377860319000035, 11.805633515000068 ], [ 102.376079508000032, 11.804575563000071 ], [ 102.375778085000036, 11.805719750000037 ], [ 102.377860319000035, 11.805633515000068 ] ] ], [ [ [ 102.37712719600006, 11.807663641000033 ], [ 102.378928940000037, 11.808220960000028 ], [ 102.378553744000044, 11.807066417000044 ], [ 102.37712719600006, 11.807663641000033 ] ] ], [ [ [ 102.375349631000063, 11.810188132000064 ], [ 102.377308451000033, 11.810124232000021 ], [ 102.377406930000063, 11.809193893000042 ], [ 102.375349631000063, 11.810188132000064 ] ] ], [ [ [ 102.385811735000061, 11.820716920000052 ], [ 102.385507772000039, 11.823997094000049 ], [ 102.386681605000035, 11.821009074000074 ], [ 102.385811735000061, 11.820716920000052 ] ] ], [ [ [ 102.34831399400008, 11.902240531000075 ], [ 102.346193576000076, 11.914226089000067 ], [ 102.365696011000068, 11.928652396000075 ], [ 102.362708471000076, 11.919301199000074 ], [ 102.34831399400008, 11.902240531000075 ] ] ], [ [ [ 102.383947725000041, 11.98461506700005 ], [ 102.389310866000073, 11.981432115000075 ], [ 102.388000764000083, 11.977543018000063 ], [ 102.383947725000041, 11.98461506700005 ] ] ], [ [ [ 102.268320564000078, 12.013803755000026 ], [ 102.269867611000052, 12.012578738000059 ], [ 102.268462979000049, 12.011950039000055 ], [ 102.268320564000078, 12.013803755000026 ] ] ], [ [ [ 102.285017499000048, 12.016144322000059 ], [ 102.282222526000055, 12.015345396000043 ], [ 102.281014065000079, 12.018060345000038 ], [ 102.285017499000048, 12.016144322000059 ] ] ], [ [ [ 102.26379978500006, 12.019965281000054 ], [ 102.26492836500006, 12.018577762000064 ], [ 102.264221786000064, 12.018362473000025 ], [ 102.26379978500006, 12.019965281000054 ] ] ], [ [ [ 102.261038546000066, 12.022732849000022 ], [ 102.263656593000064, 12.023591057000033 ], [ 102.263367095000035, 12.021936221000033 ], [ 102.261038546000066, 12.022732849000022 ] ] ], [ [ [ 102.281089121000036, 12.036483245000056 ], [ 102.281365551000079, 12.035821955000074 ], [ 102.280923276000067, 12.036173834000067 ], [ 102.281089121000036, 12.036483245000056 ] ] ], [ [ [ 102.278909497000086, 12.038474815000029 ], [ 102.280185243000062, 12.040408574000026 ], [ 102.279925675000072, 12.038621239000065 ], [ 102.278909497000086, 12.038474815000029 ] ] ], [ [ [ 102.257802536000042, 12.15456550600004 ], [ 102.353000128000076, 12.112862147000044 ], [ 102.39789264500007, 12.047944450000045 ], [ 102.391271834000065, 12.028660554000055 ], [ 102.406435979000037, 12.030613371000072 ], [ 102.44658215700008, 11.976653562000024 ], [ 102.43580563200004, 11.951940654000055 ], [ 102.382084482000039, 12.000556562000043 ], [ 102.369176366000033, 11.993438747000027 ], [ 102.377228001000049, 11.964178981000032 ], [ 102.31699468000005, 11.974472133000063 ], [ 102.31479407900008, 11.957388022000032 ], [ 102.291882920000035, 11.985307517000024 ], [ 102.294201681000061, 12.042878138000049 ], [ 102.249330161000046, 12.136867066000036 ], [ 102.270081436000055, 12.134113993000028 ], [ 102.257802536000042, 12.15456550600004 ] ] ], [ [ [ 102.248055626000053, 12.13870309400005 ], [ 102.246518975000072, 12.140869767000027 ], [ 102.248932171000035, 12.140219836000028 ], [ 102.248055626000053, 12.13870309400005 ] ] ], [ [ [ 102.248828508000088, 12.162240096000062 ], [ 102.244228387000078, 12.159379353000077 ], [ 102.244052149000083, 12.162468280000041 ], [ 102.248828508000088, 12.162240096000062 ] ] ], [ [ [ 102.340395412000078, 12.186751981000043 ], [ 102.337907682000036, 12.187401091000027 ], [ 102.338360768000086, 12.188975127000049 ], [ 102.340395412000078, 12.186751981000043 ] ] ], [ [ [ 102.277194734000034, 12.204425075000074 ], [ 102.276540871000066, 12.204341677000059 ], [ 102.276640408000048, 12.204905268000061 ], [ 102.277194734000034, 12.204425075000074 ] ] ], [ [ [ 102.276862570000048, 12.216900056000043 ], [ 102.27711423900007, 12.21629940400004 ], [ 102.276692220000086, 12.216726964000031 ], [ 102.276862570000048, 12.216900056000043 ] ] ], [ [ [ 102.395171507000043, 11.772043729000075 ], [ 102.38815535100008, 11.775315139000043 ], [ 102.394823617000043, 11.776958612000044 ], [ 102.395171507000043, 11.772043729000075 ] ] ], [ [ [ 102.393274413000086, 11.78512603300004 ], [ 102.394525581000039, 11.784340271000076 ], [ 102.393715572000076, 11.784138791000032 ], [ 102.393274413000086, 11.78512603300004 ] ] ], [ [ [ 102.395179779000046, 11.787959493000074 ], [ 102.396272703000079, 11.788414601000056 ], [ 102.395798014000036, 11.787318712000058 ], [ 102.395179779000046, 11.787959493000074 ] ] ], [ [ [ 102.394982661000085, 11.816697412000053 ], [ 102.396394063000059, 11.815799034000065 ], [ 102.396375969000076, 11.815262455000038 ], [ 102.394982661000085, 11.816697412000053 ] ] ], [ [ [ 102.397510331000035, 11.817179378000048 ], [ 102.396172393000086, 11.817536191000045 ], [ 102.397641649000036, 11.817757440000037 ], [ 102.397510331000035, 11.817179378000048 ] ] ], [ [ [ 102.401204681000081, 11.818425618000049 ], [ 102.402844301000073, 11.820267305000073 ], [ 102.402323042000035, 11.818206370000041 ], [ 102.401204681000081, 11.818425618000049 ] ] ], [ [ [ 102.447027636000087, 11.823754234000035 ], [ 102.446053898000059, 11.824111306000077 ], [ 102.446440717000087, 11.824318712000036 ], [ 102.447027636000087, 11.823754234000035 ] ] ], [ [ [ 102.453629024000065, 11.898947196000051 ], [ 102.446135798000057, 11.900176593000026 ], [ 102.447704046000069, 11.901925161000065 ], [ 102.453629024000065, 11.898947196000051 ] ] ], [ [ [ 102.400485701000036, 11.905921690000071 ], [ 102.412586414000032, 11.904610505000051 ], [ 102.417069421000065, 11.900770465000051 ], [ 102.407006878000061, 11.89362006500005 ], [ 102.400485701000036, 11.905921690000071 ] ] ], [ [ [ 102.411626440000077, 11.930457044000036 ], [ 102.408707262000064, 11.932457242000055 ], [ 102.409807786000044, 11.933288551000032 ], [ 102.411626440000077, 11.930457044000036 ] ] ], [ [ [ 102.408974263000061, 11.93686404500005 ], [ 102.406550598000081, 11.93774658500007 ], [ 102.408872378000069, 11.939755976000072 ], [ 102.408974263000061, 11.93686404500005 ] ] ], [ [ [ 102.409166259000074, 11.941431922000049 ], [ 102.402002974000084, 11.943975006000073 ], [ 102.402677950000054, 11.947010714000044 ], [ 102.409166259000074, 11.941431922000049 ] ] ], [ [ [ 102.446638735000079, 11.946576925000045 ], [ 102.447211566000078, 11.945996254000022 ], [ 102.446639473000062, 11.945799093000062 ], [ 102.446638735000079, 11.946576925000045 ] ] ], [ [ [ 102.441047964000063, 11.954321260000029 ], [ 102.439335898000081, 11.947854340000049 ], [ 102.443128056000035, 11.942769906000024 ], [ 102.436843728000042, 11.950302313000066 ], [ 102.441047964000063, 11.954321260000029 ] ] ], [ [ [ 102.446818797000049, 11.961051811000061 ], [ 102.448466082000039, 11.961995519000027 ], [ 102.448743421000074, 11.960959297000045 ], [ 102.446818797000049, 11.961051811000061 ] ] ], [ [ [ 102.393868271000088, 11.971779722000065 ], [ 102.389359642000045, 11.973729640000045 ], [ 102.392643871000075, 11.976040923000028 ], [ 102.393868271000088, 11.971779722000065 ] ] ], [ [ [ 102.38856985700005, 11.991618305000031 ], [ 102.387640580000038, 11.990592535000076 ], [ 102.387859504000062, 11.99167932000006 ], [ 102.38856985700005, 11.991618305000031 ] ] ], [ [ [ 102.424431626000057, 12.049379806000047 ], [ 102.426229684000077, 12.049521397000035 ], [ 102.426487609000048, 12.04730494100005 ], [ 102.424431626000057, 12.049379806000047 ] ] ], [ [ [ 102.423136410000041, 12.053319724000062 ], [ 102.422536298000068, 12.052809731000025 ], [ 102.422248080000088, 12.05359061200005 ], [ 102.423136410000041, 12.053319724000062 ] ] ], [ [ [ 102.548189424000043, 11.760394972000029 ], [ 102.570904581000036, 11.732049708000034 ], [ 102.563831328000049, 11.697943371000065 ], [ 102.579883778000067, 11.711950659000024 ], [ 102.608529650000037, 11.689322459000039 ], [ 102.608160876000056, 11.64508144000007 ], [ 102.587484148000044, 11.606419750000043 ], [ 102.601373045000059, 11.607215800000063 ], [ 102.592658245000052, 11.561730132000037 ], [ 102.566794987000037, 11.593851005000033 ], [ 102.526046928000085, 11.605592307000052 ], [ 102.545500080000068, 11.622861323000052 ], [ 102.524246434000077, 11.656627118000074 ], [ 102.527450209000051, 11.695974002000071 ], [ 102.540171823000037, 11.701549116000024 ], [ 102.548189424000043, 11.760394972000029 ] ] ], [ [ [ 102.523514144000046, 11.686462395000035 ], [ 102.523452477000035, 11.685550092000028 ], [ 102.521401924000088, 11.67961454400006 ], [ 102.522092691000068, 11.684788001000072 ], [ 102.523514144000046, 11.686462395000035 ] ] ], [ [ [ 102.512554095000041, 11.725686964000033 ], [ 102.525878264000085, 11.716140134000057 ], [ 102.521151301000032, 11.708201138000049 ], [ 102.512554095000041, 11.725686964000033 ] ] ], [ [ [ 102.450510370000075, 11.800986064000028 ], [ 102.451387579000084, 11.797724250000044 ], [ 102.449898279000081, 11.795365865000065 ], [ 102.450510370000075, 11.800986064000028 ] ] ], [ [ [ 102.456357639000032, 11.807376702000056 ], [ 102.452354218000039, 11.806381079000062 ], [ 102.456599619000087, 11.809975390000034 ], [ 102.456357639000032, 11.807376702000056 ] ] ], [ [ [ 102.470701149000035, 11.83369930300006 ], [ 102.511869869000066, 11.826283247000049 ], [ 102.487927936000062, 11.812907808000034 ], [ 102.487319761000037, 11.789934611000035 ], [ 102.468114335000053, 11.811960501000044 ], [ 102.444529001000035, 11.81013746800005 ], [ 102.470701149000035, 11.83369930300006 ] ] ], [ [ [ 102.460157686000059, 11.837577949000035 ], [ 102.460147622000079, 11.832139269000038 ], [ 102.459813103000045, 11.837847226000065 ], [ 102.460157686000059, 11.837577949000035 ] ] ], [ [ [ 102.532938300000069, 11.842506527000069 ], [ 102.519050095000068, 11.833810860000028 ], [ 102.525666195000042, 11.855300837000073 ], [ 102.532938300000069, 11.842506527000069 ] ] ], [ [ [ 102.525183245000051, 11.856596598000067 ], [ 102.524405558000069, 11.856627610000032 ], [ 102.524640607000038, 11.857091997000055 ], [ 102.525183245000051, 11.856596598000067 ] ] ], [ [ [ 102.523564573000044, 11.858409221000045 ], [ 102.522985654000081, 11.857920464000074 ], [ 102.523004343000082, 11.858712 ], [ 102.523564573000044, 11.858409221000045 ] ] ], [ [ [ 102.470567537000079, 11.918377229000043 ], [ 102.474500158000069, 11.916717602000062 ], [ 102.472163807000072, 11.91232812800007 ], [ 102.470567537000079, 11.918377229000043 ] ] ], [ [ [ 102.468429342000036, 11.930717210000068 ], [ 102.469439944000044, 11.953524109000057 ], [ 102.481121731000087, 11.959834541000077 ], [ 102.47987020000005, 11.937622519000058 ], [ 102.468429342000036, 11.930717210000068 ] ] ], [ [ [ 102.500148215000081, 11.957640501000071 ], [ 102.490341056000034, 11.954752860000042 ], [ 102.488737104000052, 11.949393064000049 ], [ 102.489351977000069, 11.955408497000064 ], [ 102.500148215000081, 11.957640501000071 ] ] ], [ [ [ 102.509165193000058, 11.960757310000076 ], [ 102.508408892000034, 11.960418041000025 ], [ 102.508558056000084, 11.960953565000068 ], [ 102.509165193000058, 11.960757310000076 ] ] ], [ [ [ 102.515083478000065, 11.960662349000074 ], [ 102.513021418000051, 11.961560570000074 ], [ 102.515182762000052, 11.960978561000047 ], [ 102.515083478000065, 11.960662349000074 ] ] ], [ [ [ 102.490893914000083, 11.967381241000055 ], [ 102.489429847000054, 11.965109385000062 ], [ 102.488745815000073, 11.965414643000031 ], [ 102.490893914000083, 11.967381241000055 ] ] ], [ [ [ 102.50300814600007, 11.970351239000024 ], [ 102.502115911000033, 11.970577940000055 ], [ 102.502943843000082, 11.971052856000028 ], [ 102.50300814600007, 11.970351239000024 ] ] ], [ [ [ 102.470549301000062, 12.164200334000043 ], [ 102.398096560000056, 12.168002570000056 ], [ 102.345565436000072, 12.199456164000026 ], [ 102.325660805000041, 12.180174273000034 ], [ 102.290852100000052, 12.189259529000026 ], [ 102.27704813400004, 12.205058397000073 ], [ 102.286631376000059, 12.239094639000029 ], [ 102.257761758000072, 12.29291971300006 ], [ 102.309486159000073, 12.302985397000043 ], [ 102.338384351000059, 12.326863334000052 ], [ 102.345545643000037, 12.364892500000053 ], [ 102.371283860000062, 12.391040640000028 ], [ 102.325599208000085, 12.429746349000027 ], [ 102.337917847000085, 12.513517438000065 ], [ 102.31473443200008, 12.524520898000048 ], [ 102.305252228000086, 12.554136312000026 ], [ 102.336600263000037, 12.564230388000055 ], [ 102.357707804000086, 12.595952488000023 ], [ 102.376644739000085, 12.595623673000034 ], [ 102.399491903000069, 12.567771976000074 ], [ 102.422979004000069, 12.569522629000062 ], [ 102.388575471000081, 12.60605785000007 ], [ 102.401010211000084, 12.619522637000046 ], [ 102.386418544000037, 12.679458493000027 ], [ 102.44011411200006, 12.733080663000067 ], [ 102.475829042000044, 12.736457096000038 ], [ 102.49116729900004, 12.757238753000024 ], [ 102.518623630000036, 12.741545721000023 ], [ 102.50632, 12.69265 ], [ 102.517290001000049, 12.66619 ], [ 102.64328, 12.60341 ], [ 102.67365, 12.55216 ], [ 102.726339999000061, 12.51704 ], [ 102.74107, 12.46978 ], [ 102.78774, 12.450410001000023 ], [ 102.78758, 12.39677 ], [ 102.74464000100005, 12.36886 ], [ 102.715610001000073, 12.172599999000056 ], [ 102.78137999900008, 12.04832 ], [ 102.78373, 11.980360001000065 ], [ 102.81665, 11.93294 ], [ 102.85305, 11.82882 ], [ 102.91238, 11.761049999000022 ], [ 102.914843554000072, 11.649026038000045 ], [ 102.889834948000043, 11.75894846500006 ], [ 102.774228773000061, 11.913041726000074 ], [ 102.784836494000047, 11.944132345000071 ], [ 102.766390604000037, 12.022134336000022 ], [ 102.625896848000082, 12.14848422700004 ], [ 102.648386836000043, 12.156832067000039 ], [ 102.644740393000063, 12.176721215000043 ], [ 102.591157292000048, 12.210403494000047 ], [ 102.560850396000035, 12.196568452000065 ], [ 102.573469555000088, 12.165110507000065 ], [ 102.554480716000057, 12.162191691000032 ], [ 102.558866913000088, 12.095451125000068 ], [ 102.583968150000032, 12.069284598000024 ], [ 102.58396115000005, 12.043199600000037 ], [ 102.547643784000059, 12.058718912000074 ], [ 102.538018827000087, 12.106324545000064 ], [ 102.475992418000033, 12.140454955000052 ], [ 102.470549301000062, 12.164200334000043 ] ] ] ] } },
{ "type": "Feature", "properties": { "stable_id": "TH.ADM1.00067" }, "geometry": { "type": "Polygon", "coordinates": [ [ [ 104.877880449000088, 14.435370431000024 ], [ 104.840955987000086, 14.425669446000029 ], [ 104.828538608000088, 14.442797698000049 ], [ 104.85661465700008, 14.469387773000051 ], [ 104.861744512000087, 14.498256737000077 ], [ 104.817638684000087, 14.549896287000024 ], [ 104.826006644000074, 14.602859593000062 ], [ 104.848708146000035, 14.657076071000063 ], [ 104.890777287000049, 14.651829709000026 ], [ 104.876495397000042, 14.700193656000067 ], [ 104.820333940000069, 14.752952315000073 ], [ 104.798017423000033, 14.804909961000021 ], [ 104.814479085000073, 14.834552081000027 ], [ 104.810678635000045, 14.881885348000026 ], [ 104.734572278000087, 14.937471242000072 ], [ 104.702263191000043, 14.935901070000057 ], [ 104.684291918000042, 14.952253835000022 ], [ 104.672496744000057, 15.03373724000005 ], [ 104.692762763000076, 15.08208077300003 ], [ 104.676251003000061, 15.085311814000022 ], [ 104.688725899000076, 15.100040321000051 ], [ 104.670202969000059, 15.098741552000035 ], [ 104.680844035000064, 15.123750822000034 ], [ 104.736465384000041, 15.16449175200006 ], [ 104.698217075000059, 15.158052461000068 ], [ 104.717813357000068, 15.191848485000037 ], [ 104.682056183000043, 15.200923070000044 ], [ 104.695858796000039, 15.224440036000033 ], [ 104.679279503000032, 15.22635118200003 ], [ 104.665183800000079, 15.25765507400007 ], [ 104.654606486000034, 15.249885482000025 ], [ 104.665478582000048, 15.232007655000075 ], [ 104.652267860000052, 15.23886099200007 ], [ 104.640875353000069, 15.273597080000059 ], [ 104.613847845000066, 15.270238036000023 ], [ 104.609109973000045, 15.282055916000047 ], [ 104.574142717000086, 15.252695918000029 ], [ 104.524924078000083, 15.252468904000068 ], [ 104.406728989000044, 15.289305787000046 ], [ 104.408892206000075, 15.324471051000046 ], [ 104.446856228000058, 15.344995309000069 ], [ 104.431880876000037, 15.37802812700005 ], [ 104.41982499900007, 15.36591519600006 ], [ 104.406986345000064, 15.388017468000044 ], [ 104.382963071000063, 15.393459884000038 ], [ 104.386228924000079, 15.440843807000022 ], [ 104.371584244000076, 15.458049118000076 ], [ 104.385916223000038, 15.53625071700003 ], [ 104.419415258000072, 15.535888469000042 ], [ 104.441078359000073, 15.553974668000023 ], [ 104.481184519000067, 15.537046862000068 ], [ 104.498788711000088, 15.568314968000038 ], [ 104.51201416400005, 15.563932335000061 ], [ 104.505813267000065, 15.584934229000055 ], [ 104.459319727000036, 15.595815608000066 ], [ 104.464450175000081, 15.628227408000043 ], [ 104.442498684000043, 15.619982705000041 ], [ 104.44110775300004, 15.699172241000042 ], [ 104.419538560000035, 15.698393748000058 ], [ 104.431150368000033, 15.737213934000067 ], [ 104.418905764000044, 15.745743803000039 ], [ 104.434319792000053, 15.752358265000055 ], [ 104.43202924700006, 15.789326928000037 ], [ 104.458074046000036, 15.841332545000057 ], [ 104.454821974000083, 15.90134398400005 ], [ 104.530616466000083, 15.999943027000029 ], [ 104.516442970000071, 16.027120153000055 ], [ 104.542608987000051, 16.071177749000071 ], [ 104.55965232300008, 16.094342706000077 ], [ 104.625178309000034, 16.123067352000078 ], [ 104.729106205000051, 16.10247780900005 ], [ 104.781626536000033, 16.113560689000053 ], [ 104.811171852000086, 16.095728949000033 ], [ 104.824931847000073, 16.155467572000077 ], [ 104.789273044000083, 16.157404695000025 ], [ 104.76607414700004, 16.196444264000036 ], [ 104.812385619000054, 16.185223670000028 ], [ 104.826163171000076, 16.205008965000047 ], [ 104.876641146000054, 16.209773702000064 ], [ 104.890372565000064, 16.237469307000026 ], [ 104.96222894400006, 16.281677908000063 ], [ 105.016176167000083, 16.240016898000022 ], [ 105.013078938000035, 16.187557582000068 ], [ 105.048391582000079, 16.102050069000029 ], [ 105.221256677000042, 16.047590709000076 ], [ 105.417102128000067, 16.013371223000036 ], [ 105.422448923000047, 15.989539795000042 ], [ 105.380936290000079, 15.989165654000033 ], [ 105.338886160000072, 15.91835104200004 ], [ 105.390673686000071, 15.803776870000036 ], [ 105.440322494000043, 15.750919986000042 ], [ 105.47286155900008, 15.746184253000024 ], [ 105.503109140000049, 15.767265902000076 ], [ 105.554591135000067, 15.748475737000035 ], [ 105.599351445000082, 15.722505591000072 ], [ 105.628224136000085, 15.675606563000031 ], [ 105.635862414000087, 15.631762847000061 ], [ 105.624710528000037, 15.570809387000054 ], [ 105.592476995000084, 15.510772521000035 ], [ 105.592629760000079, 15.428890179000064 ], [ 105.568187270000067, 15.403072799000029 ], [ 105.502039781000065, 15.392684741000039 ], [ 105.462626266000086, 15.346855073000029 ], [ 105.507536465000044, 15.318195869000022 ], [ 105.573476343000038, 15.327027302000033 ], [ 105.584375299000044, 15.316653 ], [ 105.592876991000082, 15.264806862000057 ], [ 105.534556551000037, 15.245329226000024 ], [ 105.47073963400004, 15.16461606200005 ], [ 105.492209091000063, 15.141715308000073 ], [ 105.478182488000073, 15.127284538000026 ], [ 105.486006804000056, 15.098776393000037 ], [ 105.52571041300007, 15.069502711000041 ], [ 105.551602605000085, 15.069502711000041 ], [ 105.544212888000061, 15.033890923000058 ], [ 105.564251048000074, 15.021963446000029 ], [ 105.571690648000072, 14.991835982000055 ], [ 105.604135801000041, 14.992926577000048 ], [ 105.627856208000082, 14.973841191000076 ], [ 105.591321329000039, 14.941941334000035 ], [ 105.555331747000082, 14.939487499000052 ], [ 105.584777768000038, 14.875960433000046 ], [ 105.545516406000047, 14.863691257000028 ], [ 105.573871834000045, 14.81297866400007 ], [ 105.520978054000068, 14.792530038000052 ], [ 105.520705406000047, 14.758994290000032 ], [ 105.549060834000045, 14.732274752000023 ], [ 105.527521615000069, 14.726821785000027 ], [ 105.522037341000043, 14.665104919000044 ], [ 105.545516406000047, 14.615035961000046 ], [ 105.539238322000074, 14.55442034400005 ], [ 105.432053419000056, 14.415309788000059 ], [ 105.355636544000049, 14.37381004100007 ], [ 105.319364909000058, 14.387645612000028 ], [ 105.309130286000084, 14.366653313000029 ], [ 105.237650142000064, 14.349216326000032 ], [ 105.229654413000048, 14.330875076000041 ], [ 105.200070316000051, 14.342708715000072 ], [ 105.17809, 14.33374 ], [ 105.15472, 14.24447 ], [ 105.08592, 14.20729 ], [ 105.03071, 14.23097000100006 ], [ 104.99788, 14.305759999000031 ], [ 104.99807, 14.37303 ], [ 104.907162657000072, 14.398033227000042 ], [ 104.877880449000088, 14.435370431000024 ] ] ] } },
{ "type": "Feature", "properties": { "stable_id": "TH.ADM1.00068" }, "geometry": { "type": "Polygon", "coordinates": [ [ [ 102.680482931000086, 17.051520131000075 ], [ 102.677205451000077, 16.955633889000069 ], [ 102.608019628000079, 16.772154134000061 ], [ 102.459365478000052, 16.808541688000048 ], [ 102.433578969000052, 16.783376568000051 ], [ 102.401428482000085, 16.817753089000064 ], [ 102.374911790000056, 16.811359823000032 ], [ 102.350080952000042, 16.830965061000029 ], [ 102.343229179000048, 16.818086587000039 ], [ 102.317412971000067, 16.854617739000048 ], [ 102.323376713000073, 16.86706091700006 ], [ 102.276570077000088, 16.89400759800003 ], [ 102.188731485000062, 16.85768408000007 ], [ 102.105217913000047, 16.897052243000076 ], [ 102.070728606000046, 16.885197199000061 ], [ 102.047347434000073, 16.907476142000064 ], [ 102.02921120600007, 16.950674611000068 ], [ 102.075469541000075, 16.965360519000058 ], [ 102.155442533000041, 17.024133127000027 ], [ 102.102195278000067, 17.06685757200006 ], [ 102.09046610300004, 17.109614090000036 ], [ 102.034296663000077, 17.146956210000042 ], [ 102.044120748000068, 17.163562400000046 ], [ 102.023675260000061, 17.204087528000059 ], [ 102.035395945000062, 17.218933511000046 ], [ 102.083098627000084, 17.173082828000076 ], [ 102.096779921000063, 17.177071660000024 ], [ 102.077069193000057, 17.248203948000025 ], [ 102.052443776000075, 17.251375916000029 ], [ 101.983642061000069, 17.31627689000004 ], [ 102.02066598600004, 17.344962023000051 ], [ 102.018025371000078, 17.373913346000052 ], [ 101.981788533000042, 17.411471437000046 ], [ 101.987583734000054, 17.454338101000076 ], [ 102.052377490000083, 17.44908080700003 ], [ 102.087556505000066, 17.464888313000074 ], [ 102.105054631000087, 17.446807810000053 ], [ 102.12159381500004, 17.453759712000021 ], [ 102.122756010000046, 17.469724443000075 ], [ 102.104457158000059, 17.476102584000046 ], [ 102.128516510000054, 17.491982478000068 ], [ 102.140076024000052, 17.530050835000054 ], [ 102.106420603000061, 17.60752950400007 ], [ 102.061963146000039, 17.656449229000032 ], [ 102.036431600000071, 17.650291375000052 ], [ 102.028771427000038, 17.673435787000074 ], [ 102.018541887000083, 17.744482285000061 ], [ 102.043918833000077, 17.793483421000076 ], [ 102.051164474000075, 17.873593072000062 ], [ 102.017820476000054, 17.982621380000069 ], [ 102.053270780000048, 18.035355331000062 ], [ 102.055139894000035, 18.086168997000073 ], [ 102.100964666000039, 18.076476151000065 ], [ 102.106531831000041, 18.026200208000034 ], [ 102.144540147000043, 18.033435948000033 ], [ 102.149193672000081, 17.992204776000051 ], [ 102.204367150000053, 18.019497090000073 ], [ 102.275928427000053, 17.980617410000036 ], [ 102.286566749000087, 17.989337243000023 ], [ 102.309369530000083, 17.946919254000022 ], [ 102.388800589000084, 17.895492723000075 ], [ 102.409781996000049, 17.835354418000065 ], [ 102.441424419000043, 17.819934105000073 ], [ 102.430275250000079, 17.796444841000039 ], [ 102.439970705000064, 17.767818157000022 ], [ 102.466059215000087, 17.755144199000028 ], [ 102.532593696000049, 17.759549417000073 ], [ 102.611873696000032, 17.683474919000048 ], [ 102.597235606000083, 17.671512285000063 ], [ 102.59839973000004, 17.62314389900007 ], [ 102.646995021000066, 17.613928408000049 ], [ 102.650596380000081, 17.593798092000043 ], [ 102.694506768000053, 17.62102373700003 ], [ 102.731549503000053, 17.603536193000025 ], [ 102.742097712000032, 17.619991058000039 ], [ 102.76639388500007, 17.619897134000041 ], [ 102.760280318000071, 17.64197604800006 ], [ 102.783498208000083, 17.679859466000039 ], [ 102.830618104000052, 17.694015640000032 ], [ 102.853245879000042, 17.776980704000039 ], [ 102.826064634000033, 17.813621735000027 ], [ 102.864814678000073, 17.84440771800007 ], [ 102.884359829000061, 17.898208878000048 ], [ 102.927962892000039, 17.892380156000058 ], [ 102.96928710800006, 17.823692950000066 ], [ 103.03777950500006, 17.889572529000077 ], [ 103.077901761000078, 17.885749843000042 ], [ 103.154533101000084, 17.802667622000058 ], [ 103.189694788000054, 17.867026377000059 ], [ 103.240727732000039, 17.885114351000027 ], [ 103.292069486000059, 17.830706713000041 ], [ 103.329170644000044, 17.824172282000063 ], [ 103.373585630000036, 17.874685691000025 ], [ 103.389733370000044, 17.87077584900004 ], [ 103.397982697000032, 17.904088934000072 ], [ 103.41312802300007, 17.900143448000051 ], [ 103.417167482000082, 17.883411383000066 ], [ 103.39369589000006, 17.855794818000049 ], [ 103.420674369000039, 17.841214067000067 ], [ 103.380149971000037, 17.839945002000036 ], [ 103.390022487000067, 17.829210986000078 ], [ 103.367313646000071, 17.790716275000023 ], [ 103.408970422000039, 17.734866598000053 ], [ 103.397571357000061, 17.616782896000075 ], [ 103.409907424000039, 17.595819217000042 ], [ 103.33919985700004, 17.57827345100003 ], [ 103.288686532000042, 17.499379752000038 ], [ 103.274960173000068, 17.440118194000036 ], [ 103.299925467000037, 17.396232503000022 ], [ 103.252370302000088, 17.313760733000038 ], [ 103.281144555000083, 17.266858789000025 ], [ 103.348285633000046, 17.255436703000044 ], [ 103.417102299000078, 17.212494451000055 ], [ 103.470259725000062, 17.229916415000048 ], [ 103.566958057000079, 17.158519647000048 ], [ 103.601065426000048, 17.169261359000075 ], [ 103.640457354000034, 17.112081076000038 ], [ 103.667457220000074, 17.106507541000042 ], [ 103.654040749000046, 17.072139869000068 ], [ 103.662120230000085, 17.019615229000067 ], [ 103.646917178000081, 17.024014279000028 ], [ 103.652617294000038, 17.046243300000071 ], [ 103.621041699000045, 17.090923530000055 ], [ 103.578892301000053, 17.101920994000068 ], [ 103.548594371000036, 17.085481038000069 ], [ 103.511260354000058, 17.043497282000033 ], [ 103.519245086000069, 17.000913182000033 ], [ 103.494693780000034, 16.969063700000049 ], [ 103.488136442000041, 16.902488595000023 ], [ 103.421625296000059, 16.803074037000044 ], [ 103.400761428000067, 16.854806452000048 ], [ 103.410692063000056, 16.871490913000059 ], [ 103.387016266000046, 16.900224857000069 ], [ 103.348509833000037, 16.921453252000049 ], [ 103.289255870000034, 16.924404804000062 ], [ 103.223140852000085, 16.966470221000066 ], [ 103.159795015000043, 16.947343444000069 ], [ 103.117391816000065, 16.962160188000041 ], [ 103.084404731000063, 16.901308484000026 ], [ 102.91953906100008, 16.836362841000039 ], [ 102.874132843000041, 16.879433426000048 ], [ 102.821263468000041, 16.865824993000047 ], [ 102.809241838000048, 16.908998926000038 ], [ 102.819393921000085, 16.93936369100004 ], [ 102.804428220000034, 16.954356649000033 ], [ 102.820748783000056, 16.973495987000035 ], [ 102.788183647000039, 17.014289532000078 ], [ 102.724172606000081, 17.049416136000048 ], [ 102.709704622000061, 17.087009188000025 ], [ 102.680482931000086, 17.051520131000075 ] ] ] } },
{ "type": "Feature", "properties": { "stable_id": "TH.ADM1.00069" }, "geometry": { "type": "Polygon", "coordinates": [ [ [ 100.034343144000047, 15.291992255000025 ], [ 99.954104982000047, 15.304270851000069 ], [ 99.885754691000045, 15.287357881000048 ], [ 99.87181485800005, 15.304944541000054 ], [ 99.766831947000071, 15.311660202000041 ], [ 99.732830833000037, 15.268551464000041 ], [ 99.730562506000069, 15.216568357000028 ], [ 99.792536452000036, 15.089894310000034 ], [ 99.767114896000066, 15.021849865000036 ], [ 99.723161341000036, 14.986748796000029 ], [ 99.719067086000052, 14.960263145000056 ], [ 99.638933121000036, 14.990336831000036 ], [ 99.621029895000049, 14.942158577000043 ], [ 99.523936551000077, 14.980315343000029 ], [ 99.450294544000087, 14.989136293000058 ], [ 99.415860870000074, 15.047345532000065 ], [ 99.370593635000034, 15.050943250000046 ], [ 99.339427731000058, 15.080489232000048 ], [ 99.303177693000066, 15.06226954400006 ], [ 99.27597380900005, 15.013382595000053 ], [ 99.282802075000063, 14.997616249000032 ], [ 99.256910107000067, 14.987484400000028 ], [ 99.193272402000048, 15.025713999000061 ], [ 99.158141114000045, 15.017442390000042 ], [ 99.135826330000043, 15.037009861000058 ], [ 99.142086948000042, 15.05172357400005 ], [ 99.07801575700006, 15.038561862000051 ], [ 98.999661252000067, 15.071000168000069 ], [ 99.011873824000077, 15.086810472000025 ], [ 98.997956574000057, 15.108017510000025 ], [ 99.004303232000041, 15.148779352000076 ], [ 98.984002974000077, 15.179953423000029 ], [ 99.002054437000083, 15.185985858000038 ], [ 99.007187230000056, 15.239334260000078 ], [ 99.038356131000057, 15.289725066000074 ], [ 99.031199753000067, 15.334587173000045 ], [ 99.04426503500008, 15.374916025000061 ], [ 99.069396031000053, 15.397751223000057 ], [ 99.060400036000033, 15.446155254000075 ], [ 99.078508210000052, 15.499413072000038 ], [ 99.048391567000067, 15.556073447000074 ], [ 99.089874857000041, 15.581828527000027 ], [ 99.114938549000044, 15.63104327700006 ], [ 99.133699053000043, 15.798261423000042 ], [ 99.213492161000033, 15.779769414000043 ], [ 99.245150369000044, 15.722601350000048 ], [ 99.353328972000043, 15.682212077000031 ], [ 99.378736600000082, 15.626001966000047 ], [ 99.423604162000061, 15.613421266000046 ], [ 99.471512003000043, 15.563947729000063 ], [ 99.548988344000065, 15.576598944000068 ], [ 99.599211430000082, 15.629107762000046 ], [ 99.660240436000038, 15.649326104000068 ], [ 99.703154941000037, 15.685079490000078 ], [ 99.736770242000034, 15.685421403000078 ], [ 99.857565211000065, 15.617437094000024 ], [ 99.863875040000039, 15.653988135000077 ], [ 99.932477057000085, 15.672321335000049 ], [ 99.946841793000033, 15.501306714000066 ], [ 100.000456687000053, 15.483726861000036 ], [ 100.034582556000032, 15.510398135000059 ], [ 100.016429095000035, 15.472259038000061 ], [ 100.046915195000054, 15.456909655000061 ], [ 100.059719882000081, 15.425501809000025 ], [ 100.077426321000075, 15.426935694000065 ], [ 100.101869870000087, 15.417357425000034 ], [ 100.087623295000071, 15.402536793000024 ], [ 100.105568954000034, 15.374593138000023 ], [ 100.073632843000041, 15.372228344000064 ], [ 100.098937301000035, 15.331852759000071 ], [ 100.078307559000052, 15.318162971000049 ], [ 100.058163979000085, 15.263665216000049 ], [ 100.034343144000047, 15.291992255000025 ] ] ] } },
{ "type": "Feature", "properties": { "stable_id": "TH.ADM1.00070" }, "geometry": { "type": "Polygon", "coordinates": [ [ [ 100.288911780000035, 17.376113505000035 ], [ 100.27230294800006, 17.278114901000038 ], [ 100.282460662000062, 17.220608859000038 ], [ 100.167579145000047, 17.201119232000053 ], [ 100.16002986400008, 17.165600065000035 ], [ 100.150544424000032, 17.183746335000023 ], [ 100.102401308000083, 17.18939492100003 ], [ 100.036131988000079, 17.180128130000071 ], [ 100.010794142000066, 17.139049619000048 ], [ 99.978059674000065, 17.158345319000034 ], [ 99.964677260000087, 17.272093968000036 ], [ 99.99726869300008, 17.289293547000057 ], [ 99.997674327000084, 17.327686883000069 ], [ 100.019328223000059, 17.333929160000025 ], [ 100.000926425000046, 17.35402543400005 ], [ 100.009628305000035, 17.380861005000042 ], [ 99.992166405000035, 17.408307003000061 ], [ 100.030646197000067, 17.444820680000078 ], [ 99.928350110000054, 17.521415250000075 ], [ 99.942180520000079, 17.544160945000044 ], [ 99.923918814000046, 17.586628504000032 ], [ 99.969294822000052, 17.615986523000061 ], [ 99.976882640000042, 17.655857613000023 ], [ 99.962657257000046, 17.711963407000042 ], [ 99.921055453000065, 17.747296938000034 ], [ 99.921992261000071, 17.786523627000065 ], [ 99.894491267000035, 17.807192434000058 ], [ 99.959475284000064, 17.778281425000046 ], [ 99.990381381000077, 17.810369875000049 ], [ 99.988936458000069, 17.832966853000073 ], [ 100.13052983700004, 17.857014175000074 ], [ 100.246332614000039, 17.961498769000059 ], [ 100.27987100100006, 17.957413514000052 ], [ 100.335763392000047, 17.890719827000055 ], [ 100.359655592000081, 17.926236291000066 ], [ 100.350617120000038, 17.98345418100007 ], [ 100.393351289000066, 18.020398603000046 ], [ 100.425966981000045, 18.013044788000059 ], [ 100.481240163000052, 18.055502748000038 ], [ 100.562937169000065, 18.033978216000037 ], [ 100.615600779000033, 18.047648561000074 ], [ 100.694396642000072, 18.025455124000075 ], [ 100.768994098000064, 18.025948373000062 ], [ 100.81255834600006, 18.078777183000057 ], [ 100.849543290000042, 18.082013473000075 ], [ 100.875303064000036, 18.141774862000034 ], [ 100.913275020000071, 18.159504663000064 ], [ 100.907391653000047, 18.191172069000061 ], [ 100.925442028000077, 18.211495752000076 ], [ 100.912278416000049, 18.227457107000077 ], [ 100.979529996000053, 18.305742285000065 ], [ 101.072131197000033, 18.356951481000067 ], [ 101.085682683000073, 18.380894955000031 ], [ 101.188660771000059, 18.326408693000076 ], [ 101.176014661000067, 18.287726476000046 ], [ 101.146310853000045, 18.263210593000053 ], [ 101.163926791000051, 18.21646060300003 ], [ 101.191982142000086, 18.196846538000045 ], [ 101.159243272000083, 18.130312705000051 ], [ 101.187405741000077, 18.067299180000077 ], [ 101.119111754000073, 17.996893008000029 ], [ 101.122632062000037, 17.899028429000055 ], [ 101.084612729000071, 17.840943335000077 ], [ 101.056098229000042, 17.847631922000062 ], [ 101.044987939000066, 17.827107389000048 ], [ 100.999773291000054, 17.818765391000056 ], [ 100.99202861200007, 17.804332127000066 ], [ 101.00540578500005, 17.784970428000065 ], [ 100.977595347000033, 17.761384360000022 ], [ 100.990297872000042, 17.74516152700005 ], [ 100.973287490000075, 17.710868941000058 ], [ 100.931405485000084, 17.697768622000069 ], [ 100.87636953100008, 17.711081258000036 ], [ 100.842721659000063, 17.653414931000043 ], [ 100.804531969000038, 17.638846171000068 ], [ 100.739929921000055, 17.542287463000036 ], [ 100.64252035700008, 17.493412118000037 ], [ 100.645031669000048, 17.474544389000073 ], [ 100.613353022000069, 17.465856440000039 ], [ 100.594286971000088, 17.421879524000076 ], [ 100.513696733000074, 17.403949528000055 ], [ 100.501326789000075, 17.428894850000063 ], [ 100.428477064000049, 17.420447629000023 ], [ 100.337574046000043, 17.389184678000049 ], [ 100.323047197000051, 17.368298751000054 ], [ 100.288911780000035, 17.376113505000035 ] ] ] } },
{ "type": "Feature", "properties": { "stable_id": "TH.ADM1.00071" }, "geometry": { "type": "Polygon", "coordinates": [ [ [ 101.470585980000067, 6.073894192000068 ], [ 101.474376730000074, 5.989059300000065 ], [ 101.503448177000053, 5.888248797000074 ], [ 101.490123571000083, 5.870253528000035 ], [ 101.39418231500008, 5.872556118000034 ], [ 101.37704081000004, 5.830086122000068 ], [ 101.34761882500004, 5.824457568000071 ], [ 101.348386355000059, 5.808595281000066 ], [ 101.268563230000041, 5.80245504100003 ], [ 101.251165882000066, 5.760496731000046 ], [ 101.262678833000052, 5.729539686000066 ], [ 101.253212629000075, 5.698582640000041 ], [ 101.148061012000085, 5.613130961000024 ], [ 101.08512354800007, 5.719817638000052 ], [ 101.060050899000032, 5.742587696000044 ], [ 101.035234095000078, 5.737982516000045 ], [ 100.991996568000047, 5.786336909000056 ], [ 101.028326324000034, 5.912979368000038 ], [ 101.088193668000088, 5.910420934000058 ], [ 101.124267580000037, 5.977196048000053 ], [ 101.106870233000052, 5.997407673000055 ], [ 101.114545533000069, 6.039365983000039 ], [ 101.100218305000055, 6.048576343000036 ], [ 101.130663664000053, 6.101280073000055 ], [ 101.062353490000078, 6.146564346000048 ], [ 101.085891078000031, 6.178544765000026 ], [ 101.122732520000056, 6.189546029000041 ], [ 101.111731256000041, 6.250692591000075 ], [ 101.083332644000052, 6.260414637000054 ], [ 101.015022470000076, 6.24736662600003 ], [ 100.977925184000071, 6.280882105000046 ], [ 100.946968139000035, 6.263740601000052 ], [ 100.944921392000083, 6.242761446000031 ], [ 100.917546154000036, 6.248134156000049 ], [ 100.900148806000061, 6.234062772000073 ], [ 100.874052784000071, 6.263996444000043 ], [ 100.868424230000073, 6.234318615000063 ], [ 100.853329473000088, 6.231760182000073 ], [ 100.834652908000066, 6.29546517600005 ], [ 100.881564250000054, 6.296019543000057 ], [ 100.927674098000068, 6.322213910000073 ], [ 100.922167959000035, 6.425167599000076 ], [ 100.97792043700008, 6.48630303300007 ], [ 101.04437107800004, 6.486856708000062 ], [ 101.043141883000033, 6.54163360900003 ], [ 101.081063347000054, 6.558550284000034 ], [ 101.10361983100006, 6.627967249000051 ], [ 101.215007226000068, 6.596194514000047 ], [ 101.248205322000047, 6.643440465000026 ], [ 101.274411654000062, 6.649087189000056 ], [ 101.289587450000056, 6.683138142000075 ], [ 101.306632599000068, 6.56469671900004 ], [ 101.326791158000049, 6.572076931000026 ], [ 101.358317502000034, 6.556393725000021 ], [ 101.422297236000077, 6.593598262000057 ], [ 101.452078960000051, 6.576992519000044 ], [ 101.458942058000048, 6.595534994000047 ], [ 101.503273507000074, 6.604210786000067 ], [ 101.535261891000061, 6.55654172900006 ], [ 101.567808319000051, 6.551428247000047 ], [ 101.592431531000045, 6.56560236200005 ], [ 101.60887493000007, 6.544232014000045 ], [ 101.590762588000075, 6.512082323000072 ], [ 101.507616129000041, 6.451294603000065 ], [ 101.464674767000076, 6.463807222000071 ], [ 101.469170084000041, 6.426180402000057 ], [ 101.424331692000067, 6.421959847000039 ], [ 101.41705651500007, 6.373400597000057 ], [ 101.387799847000053, 6.335564738000073 ], [ 101.402675317000046, 6.237914831000069 ], [ 101.371246761000066, 6.208039123000049 ], [ 101.388916381000058, 6.165682133000075 ], [ 101.427784264000081, 6.137933274000034 ], [ 101.446280822000062, 6.08296596200006 ], [ 101.470585980000067, 6.073894192000068 ] ] ] } },
{ "type": "Feature", "properties": { "stable_id": "TH.ADM1.00072" }, "geometry": { "type": "Polygon", "coordinates": [ [ [ 104.386228924000079, 15.440843807000022 ], [ 104.382755428000053, 15.393779076000044 ], [ 104.41982499900007, 15.36591519600006 ], [ 104.431880876000037, 15.37802812700005 ], [ 104.446921137000061, 15.344522532000042 ], [ 104.408892206000075, 15.324471051000046 ], [ 104.406728989000044, 15.289305787000046 ], [ 104.382222469000055, 15.29466039700003 ], [ 104.383985086000052, 15.329247180000038 ], [ 104.368108103000054, 15.324705871000049 ], [ 104.353220183000076, 15.344627272000025 ], [ 104.304703610000047, 15.342155091000052 ], [ 104.247127491000072, 15.375140179000027 ], [ 104.196499851000056, 15.455356245000075 ], [ 104.134877348000032, 15.509024124000064 ], [ 104.122028726000053, 15.577795887000036 ], [ 104.213493504000041, 15.61593089400003 ], [ 104.190518267000073, 15.610864550000031 ], [ 104.184301042000072, 15.63242746800006 ], [ 104.170052651000049, 15.632529559000034 ], [ 104.171932076000076, 15.660161509000034 ], [ 104.187531675000059, 15.66545357800004 ], [ 104.148299215000065, 15.712155727000038 ], [ 104.11810332500005, 15.702187221000031 ], [ 104.137724319000085, 15.747458263000055 ], [ 104.133470499000055, 15.800624216000074 ], [ 104.074339380000083, 15.839401470000041 ], [ 104.07542608600005, 15.817941395000048 ], [ 104.00050495000005, 15.795573821000062 ], [ 104.032852916000081, 15.869793863000041 ], [ 104.015248987000064, 15.891993733000049 ], [ 104.034694521000063, 15.941078966000077 ], [ 104.011232114000052, 15.958112908000032 ], [ 104.029957047000039, 15.982252710000068 ], [ 104.103408216000048, 15.985327826000059 ], [ 104.113889508000057, 16.036751904000027 ], [ 104.097028771000055, 16.07187407300006 ], [ 104.108646641000064, 16.105228884000041 ], [ 104.220768926000062, 16.160880171000031 ], [ 104.249951807000059, 16.218869925000035 ], [ 104.328034819000038, 16.270370743000058 ], [ 104.351691285000072, 16.329414221000036 ], [ 104.388359818000083, 16.348808713000039 ], [ 104.473803501000077, 16.345466187000056 ], [ 104.503188527000077, 16.33790784200005 ], [ 104.512538232000054, 16.316147836000027 ], [ 104.546163882000087, 16.312566292000042 ], [ 104.557435965000082, 16.260898350000048 ], [ 104.616986881000059, 16.214893595000035 ], [ 104.643103623000059, 16.215568827000027 ], [ 104.663346312000044, 16.243951980000077 ], [ 104.701749160000077, 16.209004494000055 ], [ 104.762478058000056, 16.199213506000035 ], [ 104.789273044000083, 16.157404695000025 ], [ 104.824996514000077, 16.154851980000046 ], [ 104.811171852000086, 16.095728949000033 ], [ 104.781626536000033, 16.113560689000053 ], [ 104.729106205000051, 16.10247780900005 ], [ 104.625178309000034, 16.123067352000078 ], [ 104.55965232300008, 16.094342706000077 ], [ 104.542608987000051, 16.071177749000071 ], [ 104.516442970000071, 16.027120153000055 ], [ 104.530616466000083, 15.999943027000029 ], [ 104.454821974000083, 15.90134398400005 ], [ 104.458074046000036, 15.841332545000057 ], [ 104.43202924700006, 15.789326928000037 ], [ 104.434319792000053, 15.752358265000055 ], [ 104.418905764000044, 15.745743803000039 ], [ 104.431150368000033, 15.737213934000067 ], [ 104.419538560000035, 15.698393748000058 ], [ 104.44110775300004, 15.699172241000042 ], [ 104.442498684000043, 15.619982705000041 ], [ 104.464450175000081, 15.628227408000043 ], [ 104.459319727000036, 15.595815608000066 ], [ 104.505813267000065, 15.584934229000055 ], [ 104.51201416400005, 15.563932335000061 ], [ 104.498788711000088, 15.568314968000038 ], [ 104.481184519000067, 15.537046862000068 ], [ 104.441078359000073, 15.553974668000023 ], [ 104.419415258000072, 15.535888469000042 ], [ 104.385916223000038, 15.53625071700003 ], [ 104.371584244000076, 15.458049118000076 ], [ 104.386228924000079, 15.440843807000022 ] ] ] } }
]
}
