stable_id,crop,season,year,yield_mt_ha,sif
VN.ADM1.00004,rice_paddy,Northern Autumn Rice,1995,3.0413385826771653,
VN.ADM1.00027,rice_paddy,Northern Autumn Rice,1995,3.099476439790576,
VN.ADM1.00028,rice_paddy,Northern Autumn Rice,1995,3.749579831932773,
VN.ADM1.00029,rice_paddy,Northern Autumn Rice,1995,4.681564245810056,
VN.ADM1.00037,rice_paddy,Northern Autumn Rice,1995,4.097122302158273,
VN.ADM1.00004,rice_paddy,Northern Autumn Rice,1996,3.2738970588235294,
VN.ADM1.00027,rice_paddy,Northern Autumn Rice,1996,2.821664464993395,
VN.ADM1.00028,rice_paddy,Northern Autumn Rice,1996,4.0112,
VN.ADM1.00029,rice_paddy,Northern Autumn Rice,1996,4.533665835411472,
VN.ADM1.00037,rice_paddy,Northern Autumn Rice,1996,3.769230769230769,
VN.ADM1.00004,rice_paddy,Northern Autumn Rice,1997,3.5722120658135283,
VN.ADM1.00027,rice_paddy,Northern Autumn Rice,1997,3.659367396593674,
VN.ADM1.00028,rice_paddy,Northern Autumn Rice,1997,3.914927768860353,
VN.ADM1.00029,rice_paddy,Northern Autumn Rice,1997,5.0638297872340425,
VN.ADM1.00037,rice_paddy,Northern Autumn Rice,1997,4.009036144578313,
VN.ADM1.00004,rice_paddy,Northern Autumn Rice,1998,2.721590909090909,
VN.ADM1.00027,rice_paddy,Northern Autumn Rice,1998,3.034525277435265,
VN.ADM1.00028,rice_paddy,Northern Autumn Rice,1998,3.7652027027027026,
VN.ADM1.00029,rice_paddy,Northern Autumn Rice,1998,5.019337016574585,
VN.ADM1.00037,rice_paddy,Northern Autumn Rice,1998,4.085106382978723,
VN.ADM1.00004,rice_paddy,Northern Autumn Rice,1999,4.1008547008547005,
VN.ADM1.00027,rice_paddy,Northern Autumn Rice,1999,4.026699029126213,
VN.ADM1.00028,rice_paddy,Northern Autumn Rice,1999,4.2410575427682735,
VN.ADM1.00029,rice_paddy,Northern Autumn Rice,1999,5.144670050761421,
VN.ADM1.00037,rice_paddy,Northern Autumn Rice,1999,3.526582278481013,
VN.ADM1.00004,rice_paddy,Northern Autumn Rice,2000,3.9478114478114477,
VN.ADM1.00027,rice_paddy,Northern Autumn Rice,2000,3.906285714285714,
VN.ADM1.00028,rice_paddy,Northern Autumn Rice,2000,4.230534351145038,
VN.ADM1.00029,rice_paddy,Northern Autumn Rice,2000,5.205882352941177,
VN.ADM1.00037,rice_paddy,Northern Autumn Rice,2000,4.1547911547911545,
VN.ADM1.00004,rice_paddy,Northern Autumn Rice,2001,4.075928917609047,0.17269711557142856
VN.ADM1.00027,rice_paddy,Northern Autumn Rice,2001,3.974945533769063,0.18186877485714284
VN.ADM1.00028,rice_paddy,Northern Autumn Rice,2001,4.290571870170015,0.2287939607142857
VN.ADM1.00029,rice_paddy,Northern Autumn Rice,2001,5.297820823244552,0.19780033
VN.ADM1.00037,rice_paddy,Northern Autumn Rice,2001,4.125641025641026,0.22675141000000001
VN.ADM1.00004,rice_paddy,Northern Autumn Rice,2002,3.8753993610223643,0.14896212185714286
VN.ADM1.00027,rice_paddy,Northern Autumn Rice,2002,4.32762312633833,0.17893572742857142
VN.ADM1.00028,rice_paddy,Northern Autumn Rice,2002,4.241435562805873,0.20828742714285714
VN.ADM1.00029,rice_paddy,Northern Autumn Rice,2002,4.466480446927374,0.19612263857142856
VN.ADM1.00037,rice_paddy,Northern Autumn Rice,2002,3.764705882352941,0.21994833857142854
VN.ADM1.00004,rice_paddy,Northern Autumn Rice,2003,4.120385232744783,0.15997286414285714
VN.ADM1.00027,rice_paddy,Northern Autumn Rice,2003,4.187954309449637,0.17959688314285716
VN.ADM1.00028,rice_paddy,Northern Autumn Rice,2003,4.745398773006135,0.21489807857142856
VN.ADM1.00029,rice_paddy,Northern Autumn Rice,2003,5.442028985507246,0.21895188285714284
VN.ADM1.00037,rice_paddy,Northern Autumn Rice,2003,4.348148148148148,0.2307825142857143
VN.ADM1.00004,rice_paddy,Northern Autumn Rice,2004,4.452229299363057,0.15587406714285715
VN.ADM1.00027,rice_paddy,Northern Autumn Rice,2004,4.632075471698113,0.17599520857142856
VN.ADM1.00028,rice_paddy,Northern Autumn Rice,2004,4.8320839580209896,0.20811435714285717
VN.ADM1.00029,rice_paddy,Northern Autumn Rice,2004,5.609638554216867,0.19513196285714285
VN.ADM1.00037,rice_paddy,Northern Autumn Rice,2004,4.70952380952381,0.21162638714285714
VN.ADM1.00004,rice_paddy,Northern Autumn Rice,2005,4.421824104234528,0.14410639799999997
VN.ADM1.00027,rice_paddy,Northern Autumn Rice,2005,4.1020856201975855,0.1597974882857143
VN.ADM1.00028,rice_paddy,Northern Autumn Rice,2005,4.967159277504105,0.19350587
VN.ADM1.00029,rice_paddy,Northern Autumn Rice,2005,5.389570552147239,0.15395456142857142
VN.ADM1.00037,rice_paddy,Northern Autumn Rice,2005,4.623955431754875,0.22079907142857144
VN.ADM1.00004,rice_paddy,Northern Autumn Rice,2006,4.43171114599686,0.15769423114285713
VN.ADM1.00027,rice_paddy,Northern Autumn Rice,2006,4.5420466058763935,0.17548187057142856
VN.ADM1.00028,rice_paddy,Northern Autumn Rice,2006,5.268041237113402,0.22476409857142857
VN.ADM1.00029,rice_paddy,Northern Autumn Rice,2006,5.550480769230769,0.21460070285714286
VN.ADM1.00037,rice_paddy,Northern Autumn Rice,2006,4.150900900900901,0.2285846742857143
VN.ADM1.00004,rice_paddy,Northern Autumn Rice,2007,4.320433436532507,0.15771836471428574
VN.ADM1.00027,rice_paddy,Northern Autumn Rice,2007,4.020304568527918,0.177351375
VN.ADM1.00028,rice_paddy,Northern Autumn Rice,2007,5.576802507836991,0.21359563142857146
VN.ADM1.00029,rice_paddy,Northern Autumn Rice,2007,5.574123989218329,0.20224610999999998
VN.ADM1.00037,rice_paddy,Northern Autumn Rice,2007,4.867237687366167,0.22617751571428574
VN.ADM1.00004,rice_paddy,Northern Autumn Rice,2008,4.871016691957512,0.15983307071428568
VN.ADM1.00027,rice_paddy,Northern Autumn Rice,2008,4.9107692307692306,0.17858876071428573
VN.ADM1.00028,rice_paddy,Northern Autumn Rice,2008,5.782729805013927,0.21731249
VN.ADM1.00029,rice_paddy,Northern Autumn Rice,2008,5.964114832535885,0.2041701485714286
VN.ADM1.00037,rice_paddy,Northern Autumn Rice,2008,4.844660194174757,0.2385132457142857
VN.ADM1.00004,rice_paddy,Northern Autumn Rice,2009,4.531609195402299,0.16602559071428571
VN.ADM1.00027,rice_paddy,Northern Autumn Rice,2009,4.417520969245107,0.18770576142857145
VN.ADM1.00028,rice_paddy,Northern Autumn Rice,2009,5.5006821282401095,0.21912423428571426
VN.ADM1.00029,rice_paddy,Northern Autumn Rice,2009,5.842723004694836,0.21516625
VN.ADM1.00037,rice_paddy,Northern Autumn Rice,2009,5.137404580152672,0.22823422
VN.ADM1.00004,rice_paddy,Northern Autumn Rice,2010,4.304285714285714,0.1638557137142857
VN.ADM1.00027,rice_paddy,Northern Autumn Rice,2010,3.4528112449799195,0.16728217428571432
VN.ADM1.00028,rice_paddy,Northern Autumn Rice,2010,5.612328767123287,0.20903655857142858
VN.ADM1.00029,rice_paddy,Northern Autumn Rice,2010,5.980582524271845,0.20487209571428572
VN.ADM1.00037,rice_paddy,Northern Autumn Rice,2010,4.98995983935743,0.24049729428571429
VN.ADM1.00004,rice_paddy,Northern Autumn Rice,2011,4.691654879773692,0.1460596982857143
VN.ADM1.00027,rice_paddy,Northern Autumn Rice,2011,4.505208333333333,0.16756344585714286
VN.ADM1.00028,rice_paddy,Northern Autumn Rice,2011,5.8573351278600265,0.20908216428571427
VN.ADM1.00029,rice_paddy,Northern Autumn Rice,2011,6.322505800464037,0.20503723714285718
VN.ADM1.00037,rice_paddy,Northern Autumn Rice,2011,5.677064220183486,0.22090285142857144
VN.ADM1.00004,rice_paddy,Northern Autumn Rice,2012,4.7734265734265735,0.17618957000000002
VN.ADM1.00027,rice_paddy,Northern Autumn Rice,2012,4.457058242843041,0.19359947214285717
VN.ADM1.00028,rice_paddy,Northern Autumn Rice,2012,5.847568988173456,0.2407828985714286
VN.ADM1.00029,rice_paddy,Northern Autumn Rice,2012,6.071100917431193,0.2136692271428571
VN.ADM1.00037,rice_paddy,Northern Autumn Rice,2012,5.624319419237749,0.22268348428571424
VN.ADM1.00004,rice_paddy,Northern Autumn Rice,2013,4.244072524407253,0.15262412842857143
VN.ADM1.00027,rice_paddy,Northern Autumn Rice,2013,4.375494071146245,0.17282664257142857
VN.ADM1.00028,rice_paddy,Northern Autumn Rice,2013,5.794729542302358,0.207839025
VN.ADM1.00029,rice_paddy,Northern Autumn Rice,2013,6.173913043478261,0.20919362857142856
VN.ADM1.00037,rice_paddy,Northern Autumn Rice,2013,5.563302752293578,0.22512970571428573
VN.ADM1.00004,rice_paddy,Northern Autumn Rice,2014,5.012534818941504,0.16235842614285717
VN.ADM1.00027,rice_paddy,Northern Autumn Rice,2014,4.616062683643487,0.19430708342857145
VN.ADM1.00028,rice_paddy,Northern Autumn Rice,2014,5.818061088977424,0.22055327085714288
VN.ADM1.00029,rice_paddy,Northern Autumn Rice,2014,6.173913043478261,0.16634467771428568
VN.ADM1.00037,rice_paddy,Northern Autumn Rice,2014,5.74,0.22576540571428572
VN.ADM1.00004,rice_paddy,Northern Autumn Rice,2015,4.953956834532374,0.18408206428571425
VN.ADM1.00027,rice_paddy,Northern Autumn Rice,2015,4.906762295081967,0.1887934004285714
VN.ADM1.00028,rice_paddy,Northern Autumn Rice,2015,5.897503285151117,0.23621739857142857
VN.ADM1.00029,rice_paddy,Northern Autumn Rice,2015,6.393393393393393,0.19374745000000002
VN.ADM1.00037,rice_paddy,Northern Autumn Rice,2015,5.712092130518234,0.23146459714285714
VN.ADM1.00004,rice_paddy,Northern Autumn Rice,2016,5.081379310344827,0.17401835342857144
VN.ADM1.00027,rice_paddy,Northern Autumn Rice,2016,4.767748478701826,0.1872191117142857
VN.ADM1.00028,rice_paddy,Northern Autumn Rice,2016,6.133511348464619,0.23530947142857142
VN.ADM1.00029,rice_paddy,Northern Autumn Rice,2016,6.625,0.20545961857142855
VN.ADM1.00037,rice_paddy,Northern Autumn Rice,2016,5.734579439252337,0.22903326999999998
VN.ADM1.00004,rice_paddy,Northern Autumn Rice,2017,4.7050754458161865,
VN.ADM1.00027,rice_paddy,Northern Autumn Rice,2017,4.707692307692308,
VN.ADM1.00028,rice_paddy,Northern Autumn Rice,2017,6.178433889602054,
VN.ADM1.00029,rice_paddy,Northern Autumn Rice,2017,6.391705069124424,
VN.ADM1.00037,rice_paddy,Northern Autumn Rice,2017,5.817447495961228,
VN.ADM1.00004,rice_paddy,Northern Autumn Rice,2018,5.222222222222222,
VN.ADM1.00027,rice_paddy,Northern Autumn Rice,2018,4.547502448579824,
VN.ADM1.00028,rice_paddy,Northern Autumn Rice,2018,6.181001283697047,
VN.ADM1.00029,rice_paddy,Northern Autumn Rice,2018,6.441860465116279,
VN.ADM1.00037,rice_paddy,Northern Autumn Rice,2018,5.409948542024014,
VN.ADM1.00004,rice_paddy,Northern Autumn Rice,2019,4.834992887624467,
VN.ADM1.00027,rice_paddy,Northern Autumn Rice,2019,4.011549566891242,
VN.ADM1.00028,rice_paddy,Northern Autumn Rice,2019,6.107611548556431,
VN.ADM1.00029,rice_paddy,Northern Autumn Rice,2019,6.116822429906542,
VN.ADM1.00037,rice_paddy,Northern Autumn Rice,2019,5.57962962962963,
VN.ADM1.00004,rice_paddy,Northern Autumn Rice,2020,5.067510548523207,
VN.ADM1.00027,rice_paddy,Northern Autumn Rice,2020,4.5790494665373425,
VN.ADM1.00028,rice_paddy,Northern Autumn Rice,2020,6.177233429394812,
VN.ADM1.00029,rice_paddy,Northern Autumn Rice,2020,6.957928802588997,
VN.ADM1.00037,rice_paddy,Northern Autumn Rice,2020,5.818681318681318,
VN.ADM1.00004,rice_paddy,Northern Autumn Rice,2021,5.195530726256983,
VN.ADM1.00027,rice_paddy,Northern Autumn Rice,2021,5.129213483146067,
VN.ADM1.00028,rice_paddy,Northern Autumn Rice,2021,6.144754316069057,
VN.ADM1.00029,rice_paddy,Northern Autumn Rice,2021,6.42018779342723,
VN.ADM1.00037,rice_paddy,Northern Autumn Rice,2021,5.878260869565217,
VN.ADM1.00004,rice_paddy,Northern Autumn Rice,2022,5.136363636363637,
VN.ADM1.00027,rice_paddy,Northern Autumn Rice,2022,5.100286532951289,
VN.ADM1.00028,rice_paddy,Northern Autumn Rice,2022,6.17586649550706,
VN.ADM1.00029,rice_paddy,Northern Autumn Rice,2022,6.52803738317757,
VN.ADM1.00037,rice_paddy,Northern Autumn Rice,2022,6.022140221402214,
VN.ADM1.00004,rice_paddy,Northern Autumn Rice,2023,5.285513361462729,
VN.ADM1.00027,rice_paddy,Northern Autumn Rice,2023,5.081773399014779,
VN.ADM1.00028,rice_paddy,Northern Autumn Rice,2023,6.407068062827225,
VN.ADM1.00029,rice_paddy,Northern Autumn Rice,2023,6.632558139534884,
VN.ADM1.00037,rice_paddy,Northern Autumn Rice,2023,5.858143607705779,
VN.ADM1.00002,rice_paddy,Northern Winter Rice,1980,2.0399159663865545,
VN.ADM1.00004,rice_paddy,Northern Winter Rice,1980,1.028169014084507,
VN.ADM1.00005,rice_paddy,Northern Winter Rice,1980,2.164285714285714,
VN.ADM1.00011,rice_paddy,Northern Winter Rice,1980,2.037908496732026,
VN.ADM1.00012,rice_paddy,Northern Winter Rice,1980,1.5783730158730158,
VN.ADM1.00013,rice_paddy,Northern Winter Rice,1980,1.8014950166112957,
VN.ADM1.00015,rice_paddy,Northern Winter Rice,1980,1.9545454545454546,
VN.ADM1.00016,rice_paddy,Northern Winter Rice,1980,2.23370110330993,
VN.ADM1.00020,rice_paddy,Northern Winter Rice,1980,1.3763440860215055,
VN.ADM1.00027,rice_paddy,Northern Winter Rice,1980,1.3565840938722296,
VN.ADM1.00028,rice_paddy,Northern Winter Rice,1980,1.0813953488372092,
VN.ADM1.00029,rice_paddy,Northern Winter Rice,1980,1.878787878787879,
VN.ADM1.00030,rice_paddy,Northern Winter Rice,1980,2.2965641952983726,
VN.ADM1.00036,rice_paddy,Northern Winter Rice,1980,0.9371980676328503,
VN.ADM1.00037,rice_paddy,Northern Winter Rice,1980,2.176039119804401,
VN.ADM1.00002,rice_paddy,Northern Winter Rice,1981,1.9672131147540983,
VN.ADM1.00004,rice_paddy,Northern Winter Rice,1981,0.9280575539568345,
VN.ADM1.00005,rice_paddy,Northern Winter Rice,1981,2.2655172413793103,
VN.ADM1.00011,rice_paddy,Northern Winter Rice,1981,2.2397119341563787,
VN.ADM1.00012,rice_paddy,Northern Winter Rice,1981,2.1815661815661818,
VN.ADM1.00013,rice_paddy,Northern Winter Rice,1981,2.025177533892834,
VN.ADM1.00015,rice_paddy,Northern Winter Rice,1981,1.8825910931174088,
VN.ADM1.00016,rice_paddy,Northern Winter Rice,1981,2.8302040816326532,
VN.ADM1.00020,rice_paddy,Northern Winter Rice,1981,1.8728813559322033,
VN.ADM1.00027,rice_paddy,Northern Winter Rice,1981,1.511875,
VN.ADM1.00028,rice_paddy,Northern Winter Rice,1981,1.4722689075630253,
VN.ADM1.00029,rice_paddy,Northern Winter Rice,1981,1.277456647398844,
VN.ADM1.00030,rice_paddy,Northern Winter Rice,1981,2.0961887477313974,
VN.ADM1.00036,rice_paddy,Northern Winter Rice,1981,2.0905874026893136,
VN.ADM1.00037,rice_paddy,Northern Winter Rice,1981,1.916289592760181,
VN.ADM1.00002,rice_paddy,Northern Winter Rice,1982,2.4597701149425286,
VN.ADM1.00004,rice_paddy,Northern Winter Rice,1982,1.1940298507462686,
VN.ADM1.00005,rice_paddy,Northern Winter Rice,1982,2.302721088435374,
VN.ADM1.00011,rice_paddy,Northern Winter Rice,1982,2.6502057613168724,
VN.ADM1.00012,rice_paddy,Northern Winter Rice,1982,2.740689655172414,
VN.ADM1.00013,rice_paddy,Northern Winter Rice,1982,2.579923273657289,
VN.ADM1.00015,rice_paddy,Northern Winter Rice,1982,2.267857142857143,
VN.ADM1.00016,rice_paddy,Northern Winter Rice,1982,3.1537190082644626,
VN.ADM1.00020,rice_paddy,Northern Winter Rice,1982,2.0534653465346535,
VN.ADM1.00027,rice_paddy,Northern Winter Rice,1982,1.5872504829362524,
VN.ADM1.00028,rice_paddy,Northern Winter Rice,1982,1.9486692015209126,
VN.ADM1.00029,rice_paddy,Northern Winter Rice,1982,1.7185929648241205,
VN.ADM1.00030,rice_paddy,Northern Winter Rice,1982,2.6580882352941178,
VN.ADM1.00036,rice_paddy,Northern Winter Rice,1982,2.2698744769874475,
VN.ADM1.00037,rice_paddy,Northern Winter Rice,1982,2.174193548387097,
VN.ADM1.00002,rice_paddy,Northern Winter Rice,1983,2.1259541984732824,
VN.ADM1.00004,rice_paddy,Northern Winter Rice,1983,0.44485294117647056,
VN.ADM1.00005,rice_paddy,Northern Winter Rice,1983,2.363013698630137,
VN.ADM1.00011,rice_paddy,Northern Winter Rice,1983,2.180467091295117,
VN.ADM1.00012,rice_paddy,Northern Winter Rice,1983,2.418702023726448,
VN.ADM1.00013,rice_paddy,Northern Winter Rice,1983,2.2143318269851515,
VN.ADM1.00015,rice_paddy,Northern Winter Rice,1983,2.2939958592132506,
VN.ADM1.00016,rice_paddy,Northern Winter Rice,1983,2.852431986809563,
VN.ADM1.00020,rice_paddy,Northern Winter Rice,1983,2.109533468559838,
VN.ADM1.00027,rice_paddy,Northern Winter Rice,1983,1.4535340314136125,
VN.ADM1.00028,rice_paddy,Northern Winter Rice,1983,1.9736842105263157,
VN.ADM1.00029,rice_paddy,Northern Winter Rice,1983,2.017094017094017,
VN.ADM1.00030,rice_paddy,Northern Winter Rice,1983,2.6785714285714284,
VN.ADM1.00036,rice_paddy,Northern Winter Rice,1983,2.106367041198502,
VN.ADM1.00037,rice_paddy,Northern Winter Rice,1983,2.6315789473684212,
VN.ADM1.00002,rice_paddy,Northern Winter Rice,1984,2.268876611418048,
VN.ADM1.00004,rice_paddy,Northern Winter Rice,1984,0.9065040650406504,
VN.ADM1.00005,rice_paddy,Northern Winter Rice,1984,2.3674698795180724,
VN.ADM1.00011,rice_paddy,Northern Winter Rice,1984,2.1009564293304996,
VN.ADM1.00012,rice_paddy,Northern Winter Rice,1984,2.3837612768910477,
VN.ADM1.00013,rice_paddy,Northern Winter Rice,1984,2.1966794380587484,
VN.ADM1.00015,rice_paddy,Northern Winter Rice,1984,2.3891129032258065,
VN.ADM1.00016,rice_paddy,Northern Winter Rice,1984,2.6105610561056105,
VN.ADM1.00020,rice_paddy,Northern Winter Rice,1984,2.207509881422925,
VN.ADM1.00027,rice_paddy,Northern Winter Rice,1984,1.50070323488045,
VN.ADM1.00028,rice_paddy,Northern Winter Rice,1984,1.7704347826086957,
VN.ADM1.00029,rice_paddy,Northern Winter Rice,1984,2.1077586206896552,
VN.ADM1.00030,rice_paddy,Northern Winter Rice,1984,2.7504488330341115,
VN.ADM1.00036,rice_paddy,Northern Winter Rice,1984,2.345505617977528,
VN.ADM1.00037,rice_paddy,Northern Winter Rice,1984,2.627853881278539,
VN.ADM1.00005,rice_paddy,Northern Winter Rice,1985,2.5194029850746267,
VN.ADM1.00013,rice_paddy,Northern Winter Rice,1985,1.5718654434250765,
VN.ADM1.00036,rice_paddy,Northern Winter Rice,1985,2.0205091937765207,
VN.ADM1.00005,rice_paddy,Northern Winter Rice,1986,2.636085626911315,
VN.ADM1.00013,rice_paddy,Northern Winter Rice,1986,2.2978056426332287,
VN.ADM1.00036,rice_paddy,Northern Winter Rice,1986,2.2624011502516175,
VN.ADM1.00005,rice_paddy,Northern Winter Rice,1987,2.478405315614618,
VN.ADM1.00013,rice_paddy,Northern Winter Rice,1987,2.723809523809524,
VN.ADM1.00036,rice_paddy,Northern Winter Rice,1987,2.6599063962558502,
VN.ADM1.00005,rice_paddy,Northern Winter Rice,1988,2.4922600619195046,
VN.ADM1.00013,rice_paddy,Northern Winter Rice,1988,2.0864197530864197,
VN.ADM1.00036,rice_paddy,Northern Winter Rice,1988,2.0322097378277153,
VN.ADM1.00004,rice_paddy,Northern Winter Rice,1989,0.5085714285714286,
VN.ADM1.00005,rice_paddy,Northern Winter Rice,1989,2.6137724550898205,
VN.ADM1.00013,rice_paddy,Northern Winter Rice,1989,2.712962962962963,
VN.ADM1.00028,rice_paddy,Northern Winter Rice,1989,2.616588419405321,
VN.ADM1.00029,rice_paddy,Northern Winter Rice,1989,2.188340807174888,
VN.ADM1.00036,rice_paddy,Northern Winter Rice,1989,2.136964980544747,
VN.ADM1.00004,rice_paddy,Northern Winter Rice,1990,0.5617283950617284,
VN.ADM1.00005,rice_paddy,Northern Winter Rice,1990,2.0236686390532546,
VN.ADM1.00013,rice_paddy,Northern Winter Rice,1990,2.5093167701863353,
VN.ADM1.00028,rice_paddy,Northern Winter Rice,1990,2.677037037037037,
VN.ADM1.00029,rice_paddy,Northern Winter Rice,1990,2.4391304347826086,
VN.ADM1.00036,rice_paddy,Northern Winter Rice,1990,2.49592290585619,
VN.ADM1.00004,rice_paddy,Northern Winter Rice,1991,0.7888198757763976,
VN.ADM1.00005,rice_paddy,Northern Winter Rice,1991,2.21021021021021,
VN.ADM1.00012,rice_paddy,Northern Winter Rice,1991,3.452777777777778,
VN.ADM1.00013,rice_paddy,Northern Winter Rice,1991,3.349862258953168,
VN.ADM1.00015,rice_paddy,Northern Winter Rice,1991,2.448940269749518,
VN.ADM1.00020,rice_paddy,Northern Winter Rice,1991,2.2868525896414345,
VN.ADM1.00027,rice_paddy,Northern Winter Rice,1991,1.6626106194690264,
VN.ADM1.00028,rice_paddy,Northern Winter Rice,1991,3.1092436974789917,
VN.ADM1.00029,rice_paddy,Northern Winter Rice,1991,2.4364406779661016,
VN.ADM1.00036,rice_paddy,Northern Winter Rice,1991,2.878448918717375,
VN.ADM1.00037,rice_paddy,Northern Winter Rice,1991,2.9959266802443993,
VN.ADM1.00004,rice_paddy,Northern Winter Rice,1992,0.6666666666666666,
VN.ADM1.00005,rice_paddy,Northern Winter Rice,1992,2.010989010989011,
VN.ADM1.00012,rice_paddy,Northern Winter Rice,1992,3.4056338028169013,
VN.ADM1.00013,rice_paddy,Northern Winter Rice,1992,3.316516931582585,
VN.ADM1.00015,rice_paddy,Northern Winter Rice,1992,2.469111969111969,
VN.ADM1.00020,rice_paddy,Northern Winter Rice,1992,2.259405940594059,
VN.ADM1.00027,rice_paddy,Northern Winter Rice,1992,1.4486772486772488,
VN.ADM1.00028,rice_paddy,Northern Winter Rice,1992,2.8412483039348713,
VN.ADM1.00029,rice_paddy,Northern Winter Rice,1992,2.0146520146520146,
VN.ADM1.00036,rice_paddy,Northern Winter Rice,1992,2.32967032967033,
VN.ADM1.00037,rice_paddy,Northern Winter Rice,1992,2.805500982318271,
VN.ADM1.00004,rice_paddy,Northern Winter Rice,1993,0.5208333333333334,
VN.ADM1.00005,rice_paddy,Northern Winter Rice,1993,2.801302931596091,
VN.ADM1.00012,rice_paddy,Northern Winter Rice,1993,3.876675603217158,
VN.ADM1.00013,rice_paddy,Northern Winter Rice,1993,3.831730769230769,
VN.ADM1.00015,rice_paddy,Northern Winter Rice,1993,2.7455621301775146,
VN.ADM1.00020,rice_paddy,Northern Winter Rice,1993,2.6264822134387353,
VN.ADM1.00027,rice_paddy,Northern Winter Rice,1993,1.5005649717514125,
VN.ADM1.00028,rice_paddy,Northern Winter Rice,1993,2.367123287671233,
VN.ADM1.00029,rice_paddy,Northern Winter Rice,1993,1.6626016260162602,
VN.ADM1.00036,rice_paddy,Northern Winter Rice,1993,3.417096536477524,
VN.ADM1.00037,rice_paddy,Northern Winter Rice,1993,2.838345864661654,
VN.ADM1.00004,rice_paddy,Northern Winter Rice,1994,1.5192307692307692,
VN.ADM1.00005,rice_paddy,Northern Winter Rice,1994,2.6996699669966997,
VN.ADM1.00012,rice_paddy,Northern Winter Rice,1994,2.3263157894736843,
VN.ADM1.00013,rice_paddy,Northern Winter Rice,1994,2.6529041287613717,
VN.ADM1.00015,rice_paddy,Northern Winter Rice,1994,2.8762278978388998,
VN.ADM1.00020,rice_paddy,Northern Winter Rice,1994,2.5306930693069307,
VN.ADM1.00027,rice_paddy,Northern Winter Rice,1994,1.9515938606847698,
VN.ADM1.00028,rice_paddy,Northern Winter Rice,1994,2.731707317073171,
VN.ADM1.00029,rice_paddy,Northern Winter Rice,1994,2.2549019607843137,
VN.ADM1.00036,rice_paddy,Northern Winter Rice,1994,2.3951434878587197,
VN.ADM1.00037,rice_paddy,Northern Winter Rice,1994,2.9718875502008033,
VN.ADM1.00004,rice_paddy,Northern Winter Rice,1995,0.8214285714285714,
VN.ADM1.00005,rice_paddy,Northern Winter Rice,1995,2.691029900332226,
VN.ADM1.00012,rice_paddy,Northern Winter Rice,1995,3.5228426395939088,
VN.ADM1.00013,rice_paddy,Northern Winter Rice,1995,3.506993006993007,
VN.ADM1.00015,rice_paddy,Northern Winter Rice,1995,3.124248496993988,
VN.ADM1.00020,rice_paddy,Northern Winter Rice,1995,2.467455621301775,
VN.ADM1.00027,rice_paddy,Northern Winter Rice,1995,1.9149940968122787,
VN.ADM1.00028,rice_paddy,Northern Winter Rice,1995,2.375,
VN.ADM1.00029,rice_paddy,Northern Winter Rice,1995,2.43801652892562,
VN.ADM1.00030,rice_paddy,Northern Winter Rice,1995,2.805168986083499,
VN.ADM1.00036,rice_paddy,Northern Winter Rice,1995,2.9985401459854013,
VN.ADM1.00037,rice_paddy,Northern Winter Rice,1995,2.9318181818181817,
VN.ADM1.00002,rice_paddy,Northern Winter Rice,1996,3.0513274336283187,
VN.ADM1.00004,rice_paddy,Northern Winter Rice,1996,0.9097744360902256,
VN.ADM1.00005,rice_paddy,Northern Winter Rice,1996,2.912350597609562,
VN.ADM1.00011,rice_paddy,Northern Winter Rice,1996,2.857142857142857,
VN.ADM1.00012,rice_paddy,Northern Winter Rice,1996,3.238919667590028,
VN.ADM1.00013,rice_paddy,Northern Winter Rice,1996,3.201729106628242,
VN.ADM1.00015,rice_paddy,Northern Winter Rice,1996,3.3293413173652695,
VN.ADM1.00016,rice_paddy,Northern Winter Rice,1996,4.067378800328677,
VN.ADM1.00020,rice_paddy,Northern Winter Rice,1996,2.6887550200803214,
VN.ADM1.00027,rice_paddy,Northern Winter Rice,1996,1.6913875598086126,
VN.ADM1.00028,rice_paddy,Northern Winter Rice,1996,2.750704225352113,
VN.ADM1.00029,rice_paddy,Northern Winter Rice,1996,2.1762114537444934,
VN.ADM1.00030,rice_paddy,Northern Winter Rice,1996,2.897029702970297,
VN.ADM1.00036,rice_paddy,Northern Winter Rice,1996,1.8248175182481752,
VN.ADM1.00037,rice_paddy,Northern Winter Rice,1996,3.0964749536178107,
VN.ADM1.00039,rice_paddy,Northern Winter Rice,1996,2.8018720748829953,
VN.ADM1.00002,rice_paddy,Northern Winter Rice,1997,3.275800711743772,
VN.ADM1.00004,rice_paddy,Northern Winter Rice,1997,0.9047619047619048,
VN.ADM1.00005,rice_paddy,Northern Winter Rice,1997,3.0852713178294575,
VN.ADM1.00011,rice_paddy,Northern Winter Rice,1997,3.2691933916423714,
VN.ADM1.00012,rice_paddy,Northern Winter Rice,1997,4.1665623043206015,
VN.ADM1.00013,rice_paddy,Northern Winter Rice,1997,3.1626248216833095,
VN.ADM1.00015,rice_paddy,Northern Winter Rice,1997,3.41260162601626,
VN.ADM1.00016,rice_paddy,Northern Winter Rice,1997,4.430348258706467,
VN.ADM1.00020,rice_paddy,Northern Winter Rice,1997,2.5481927710843375,
VN.ADM1.00027,rice_paddy,Northern Winter Rice,1997,2.0202788339670468,
VN.ADM1.00028,rice_paddy,Northern Winter Rice,1997,2.311688311688312,
VN.ADM1.00029,rice_paddy,Northern Winter Rice,1997,2.2783018867924527,
VN.ADM1.00030,rice_paddy,Northern Winter Rice,1997,2.7447216890595008,
VN.ADM1.00036,rice_paddy,Northern Winter Rice,1997,3.0587808417997095,
VN.ADM1.00037,rice_paddy,Northern Winter Rice,1997,3.19672131147541,
VN.ADM1.00039,rice_paddy,Northern Winter Rice,1997,2.9548192771084336,
VN.ADM1.00002,rice_paddy,Northern Winter Rice,1998,3.366726296958855,
VN.ADM1.00004,rice_paddy,Northern Winter Rice,1998,0.6146788990825688,
VN.ADM1.00005,rice_paddy,Northern Winter Rice,1998,3.09375,
VN.ADM1.00011,rice_paddy,Northern Winter Rice,1998,3.6444866920152093,
VN.ADM1.00012,rice_paddy,Northern Winter Rice,1998,4.7414543194530765,
VN.ADM1.00013,rice_paddy,Northern Winter Rice,1998,4.054034582132565,
VN.ADM1.00015,rice_paddy,Northern Winter Rice,1998,3.627254509018036,
VN.ADM1.00016,rice_paddy,Northern Winter Rice,1998,4.913405495420483,
VN.ADM1.00020,rice_paddy,Northern Winter Rice,1998,2.3943396226415095,
VN.ADM1.00027,rice_paddy,Northern Winter Rice,1998,1.7578796561604584,
VN.ADM1.00028,rice_paddy,Northern Winter Rice,1998,3.0393586005830904,
VN.ADM1.00029,rice_paddy,Northern Winter Rice,1998,2.3513513513513513,
VN.ADM1.00030,rice_paddy,Northern Winter Rice,1998,2.9577464788732395,
VN.ADM1.00036,rice_paddy,Northern Winter Rice,1998,3.2283406754772392,
VN.ADM1.00037,rice_paddy,Northern Winter Rice,1998,3.3315217391304346,
VN.ADM1.00039,rice_paddy,Northern Winter Rice,1998,3.4971751412429377,
VN.ADM1.00002,rice_paddy,Northern Winter Rice,1999,3.6590509666080844,
VN.ADM1.00004,rice_paddy,Northern Winter Rice,1999,0.6601941747572816,
VN.ADM1.00005,rice_paddy,Northern Winter Rice,1999,3.182509505703422,
VN.ADM1.00011,rice_paddy,Northern Winter Rice,1999,4.075984990619137,
VN.ADM1.00012,rice_paddy,Northern Winter Rice,1999,5.083384805435454,
VN.ADM1.00013,rice_paddy,Northern Winter Rice,1999,4.6942090395480225,
VN.ADM1.00015,rice_paddy,Northern Winter Rice,1999,3.8585858585858586,
VN.ADM1.00016,rice_paddy,Northern Winter Rice,1999,5.471619365609349,
VN.ADM1.00020,rice_paddy,Northern Winter Rice,1999,2.8384615384615386,
VN.ADM1.00027,rice_paddy,Northern Winter Rice,1999,1.7413554633471646,
VN.ADM1.00028,rice_paddy,Northern Winter Rice,1999,3.0848656294200847,
VN.ADM1.00029,rice_paddy,Northern Winter Rice,1999,1.9346938775510205,
VN.ADM1.00030,rice_paddy,Northern Winter Rice,1999,3.104125736738703,
VN.ADM1.00036,rice_paddy,Northern Winter Rice,1999,3.65,
VN.ADM1.00037,rice_paddy,Northern Winter Rice,1999,2.9605026929982046,
VN.ADM1.00039,rice_paddy,Northern Winter Rice,1999,3.858725761772853,
VN.ADM1.00002,rice_paddy,Northern Winter Rice,2000,3.583629893238434,
VN.ADM1.00004,rice_paddy,Northern Winter Rice,2000,1.15625,
VN.ADM1.00005,rice_paddy,Northern Winter Rice,2000,2.8300395256916997,
VN.ADM1.00011,rice_paddy,Northern Winter Rice,2000,4.349250936329588,
VN.ADM1.00012,rice_paddy,Northern Winter Rice,2000,4.790153846153846,
VN.ADM1.00013,rice_paddy,Northern Winter Rice,2000,4.684359518754423,
VN.ADM1.00015,rice_paddy,Northern Winter Rice,2000,3.7415506958250497,
VN.ADM1.00016,rice_paddy,Northern Winter Rice,2000,5.427736006683375,
VN.ADM1.00020,rice_paddy,Northern Winter Rice,2000,2.9466666666666668,
VN.ADM1.00027,rice_paddy,Northern Winter Rice,2000,2.145743145743146,
VN.ADM1.00028,rice_paddy,Northern Winter Rice,2000,3.005925925925926,
VN.ADM1.00029,rice_paddy,Northern Winter Rice,2000,2.1666666666666665,
VN.ADM1.00030,rice_paddy,Northern Winter Rice,2000,3.4810379241516967,
VN.ADM1.00036,rice_paddy,Northern Winter Rice,2000,3.3470418470418473,
VN.ADM1.00037,rice_paddy,Northern Winter Rice,2000,2.8776978417266186,
VN.ADM1.00039,rice_paddy,Northern Winter Rice,2000,3.8640776699029127,
VN.ADM1.00002,rice_paddy,Northern Winter Rice,2001,3.858156028368794,0.16481905
VN.ADM1.00004,rice_paddy,Northern Winter Rice,2001,1.3409090909090908,0.15444070885714287
VN.ADM1.00005,rice_paddy,Northern Winter Rice,2001,3.2635658914728682,0.1587056732857143
VN.ADM1.00011,rice_paddy,Northern Winter Rice,2001,4.415004748338082,0.10268232557142856
VN.ADM1.00012,rice_paddy,Northern Winter Rice,2001,4.944993819530285,0.09104498135714287
VN.ADM1.00013,rice_paddy,Northern Winter Rice,2001,4.502152080344333,0.12272526185714284
VN.ADM1.00015,rice_paddy,Northern Winter Rice,2001,4.46078431372549,0.16412047642857144
VN.ADM1.00016,rice_paddy,Northern Winter Rice,2001,5.2567796610169495,0.09644678814285715
VN.ADM1.00020,rice_paddy,Northern Winter Rice,2001,3.1028571428571428,0.15166480885714284
VN.ADM1.00027,rice_paddy,Northern Winter Rice,2001,2.2229007633587785,0.15410893185714286
VN.ADM1.00028,rice_paddy,Northern Winter Rice,2001,3.2915980230642505,0.2183065357142857
VN.ADM1.00029,rice_paddy,Northern Winter Rice,2001,1.8982300884955752,0.20576565285714285
VN.ADM1.00030,rice_paddy,Northern Winter Rice,2001,3.7142857142857144,0.21704221357142858
VN.ADM1.00036,rice_paddy,Northern Winter Rice,2001,3.8488372093023258,0.12261504642857143
VN.ADM1.00037,rice_paddy,Northern Winter Rice,2001,3.208487084870849,0.17274728714285717
VN.ADM1.00039,rice_paddy,Northern Winter Rice,2001,3.997037037037037,0.13457576200000002
VN.ADM1.00002,rice_paddy,Northern Winter Rice,2002,4.156028368794326,0.160252383
VN.ADM1.00004,rice_paddy,Northern Winter Rice,2002,1.4404761904761905,0.13613184066666664
VN.ADM1.00005,rice_paddy,Northern Winter Rice,2002,3.223938223938224,0.13863072822222222
VN.ADM1.00011,rice_paddy,Northern Winter Rice,2002,4.706214689265536,0.09943360000000001
VN.ADM1.00012,rice_paddy,Northern Winter Rice,2002,5.157960199004975,0.0886398232888889
VN.ADM1.00013,rice_paddy,Northern Winter Rice,2002,4.990035587188612,0.123143642
VN.ADM1.00015,rice_paddy,Northern Winter Rice,2002,4.4140625,0.1602761188888889
VN.ADM1.00016,rice_paddy,Northern Winter Rice,2002,5.643103448275862,0.09244195677777778
VN.ADM1.00020,rice_paddy,Northern Winter Rice,2002,3.2102161100196462,0.14988311733333334
VN.ADM1.00027,rice_paddy,Northern Winter Rice,2002,2.1272141706924317,0.14630330044444445
VN.ADM1.00028,rice_paddy,Northern Winter Rice,2002,3.1492805755395685,0.17785158722222225
VN.ADM1.00029,rice_paddy,Northern Winter Rice,2002,2.668103448275862,0.1743815488888889
VN.ADM1.00030,rice_paddy,Northern Winter Rice,2002,3.4686868686868686,0.16756894811111112
VN.ADM1.00036,rice_paddy,Northern Winter Rice,2002,4.18531976744186,0.11853645622222223
VN.ADM1.00037,rice_paddy,Northern Winter Rice,2002,3.7593984962406015,0.1469235011111111
VN.ADM1.00039,rice_paddy,Northern Winter Rice,2002,4.467040673211781,0.1261381958888889
VN.ADM1.00002,rice_paddy,Northern Winter Rice,2003,4.193140794223827,0.1687405827777778
VN.ADM1.00004,rice_paddy,Northern Winter Rice,2003,1.48,0.13553374166666665
VN.ADM1.00005,rice_paddy,Northern Winter Rice,2003,3.3793103448275863,0.1523920387777778
VN.ADM1.00011,rice_paddy,Northern Winter Rice,2003,4.586206896551724,0.11073872444444445
VN.ADM1.00012,rice_paddy,Northern Winter Rice,2003,4.651191969887076,0.09200193388888889
VN.ADM1.00013,rice_paddy,Northern Winter Rice,2003,4.79520697167756,0.13070999466666666
VN.ADM1.00015,rice_paddy,Northern Winter Rice,2003,4.626923076923077,0.17499328444444445
VN.ADM1.00016,rice_paddy,Northern Winter Rice,2003,5.58362676056338,0.10312473011111112
VN.ADM1.00020,rice_paddy,Northern Winter Rice,2003,3.4244186046511627,0.158244686
VN.ADM1.00027,rice_paddy,Northern Winter Rice,2003,2.4,0.14401182422222222
VN.ADM1.00028,rice_paddy,Northern Winter Rice,2003,3.338568935427574,0.19029886333333332
VN.ADM1.00029,rice_paddy,Northern Winter Rice,2003,2.695852534562212,0.19558835555555557
VN.ADM1.00030,rice_paddy,Northern Winter Rice,2003,4.133196721311475,0.18461804511111113
VN.ADM1.00036,rice_paddy,Northern Winter Rice,2003,4.296622613803231,0.11841167311111112
VN.ADM1.00037,rice_paddy,Northern Winter Rice,2003,3.356136820925553,0.15950769566666667
VN.ADM1.00039,rice_paddy,Northern Winter Rice,2003,4.512605042016807,0.14096507488888887
VN.ADM1.00002,rice_paddy,Northern Winter Rice,2004,4.111310592459605,0.14776014122222222
VN.ADM1.00004,rice_paddy,Northern Winter Rice,2004,1.6575342465753424,0.11849928255555556
VN.ADM1.00005,rice_paddy,Northern Winter Rice,2004,3.367816091954023,0.12809117222222222
VN.ADM1.00011,rice_paddy,Northern Winter Rice,2004,4.735124760076776,0.10113908255555554
VN.ADM1.00012,rice_paddy,Northern Winter Rice,2004,5.195679796696315,0.08586302703333333
VN.ADM1.00013,rice_paddy,Northern Winter Rice,2004,4.985261606484893,0.11392305322222221
VN.ADM1.00015,rice_paddy,Northern Winter Rice,2004,4.72848948374761,0.15182016255555555
VN.ADM1.00016,rice_paddy,Northern Winter Rice,2004,5.504528985507246,0.08422708688888889
VN.ADM1.00020,rice_paddy,Northern Winter Rice,2004,3.623873873873874,0.13600622566666665
VN.ADM1.00027,rice_paddy,Northern Winter Rice,2004,2.7539370078740157,0.12405807244444444
VN.ADM1.00028,rice_paddy,Northern Winter Rice,2004,3.8548707753479126,0.16666919222222223
VN.ADM1.00029,rice_paddy,Northern Winter Rice,2004,2.2403846153846154,0.16855647999999998
VN.ADM1.00030,rice_paddy,Northern Winter Rice,2004,4.4690082644628095,0.15650095611111114
VN.ADM1.00036,rice_paddy,Northern Winter Rice,2004,4.534558823529411,0.10846134177777778
VN.ADM1.00037,rice_paddy,Northern Winter Rice,2004,3.272373540856031,0.15547022888888887
VN.ADM1.00039,rice_paddy,Northern Winter Rice,2004,4.595238095238095,0.12207077699999999
VN.ADM1.00002,rice_paddy,Northern Winter Rice,2005,4.332136445242369,0.1581867611111111
VN.ADM1.00004,rice_paddy,Northern Winter Rice,2005,1.639344262295082,0.12188955188888888
VN.ADM1.00005,rice_paddy,Northern Winter Rice,2005,3.509433962264151,0.14265056888888888
VN.ADM1.00011,rice_paddy,Northern Winter Rice,2005,4.776470588235294,0.10473368966666667
VN.ADM1.00012,rice_paddy,Northern Winter Rice,2005,3.438064516129032,0.0888394454111111
VN.ADM1.00013,rice_paddy,Northern Winter Rice,2005,4.87218045112782,0.12466637377777778
VN.ADM1.00015,rice_paddy,Northern Winter Rice,2005,4.835907335907336,0.15987406
VN.ADM1.00016,rice_paddy,Northern Winter Rice,2005,5.4397031539888685,0.099958916
VN.ADM1.00020,rice_paddy,Northern Winter Rice,2005,3.6094808126410833,0.148235844
VN.ADM1.00027,rice_paddy,Northern Winter Rice,2005,2.6391129032258065,0.12870751866666666
VN.ADM1.00028,rice_paddy,Northern Winter Rice,2005,3.3701923076923075,0.17398129833333334
VN.ADM1.00029,rice_paddy,Northern Winter Rice,2005,2.227906976744186,0.15105425555555554
VN.ADM1.00030,rice_paddy,Northern Winter Rice,2005,4.310492505353319,0.15974165722222222
VN.ADM1.00036,rice_paddy,Northern Winter Rice,2005,3.9283047050037343,0.10916144277777777
VN.ADM1.00037,rice_paddy,Northern Winter Rice,2005,3.6181434599156117,0.13706998333333334
VN.ADM1.00039,rice_paddy,Northern Winter Rice,2005,4.61516452074392,0.1356670178888889
VN.ADM1.00002,rice_paddy,Northern Winter Rice,2006,4.528028933092224,0.15236158722222223
VN.ADM1.00004,rice_paddy,Northern Winter Rice,2006,1.728813559322034,0.12555525355555558
VN.ADM1.00005,rice_paddy,Northern Winter Rice,2006,3.7047970479704797,0.14471338477777776
VN.ADM1.00011,rice_paddy,Northern Winter Rice,2006,4.778656126482214,0.10512463066666666
VN.ADM1.00012,rice_paddy,Northern Winter Rice,2006,5.236057068741894,0.08869399800000001
VN.ADM1.00013,rice_paddy,Northern Winter Rice,2006,4.984615384615385,0.13451039
VN.ADM1.00015,rice_paddy,Northern Winter Rice,2006,4.969289827255278,0.15705022566666668
VN.ADM1.00016,rice_paddy,Northern Winter Rice,2006,5.520302171860245,0.0965337051111111
VN.ADM1.00020,rice_paddy,Northern Winter Rice,2006,3.8223234624145785,0.14968841777777778
VN.ADM1.00027,rice_paddy,Northern Winter Rice,2006,2.7974137931034484,0.14018094044444443
VN.ADM1.00028,rice_paddy,Northern Winter Rice,2006,3.8506787330316743,0.17670166222222222
VN.ADM1.00029,rice_paddy,Northern Winter Rice,2006,2.891089108910891,0.17971229777777775
VN.ADM1.00030,rice_paddy,Northern Winter Rice,2006,4.435622317596566,0.16065511133333335
VN.ADM1.00036,rice_paddy,Northern Winter Rice,2006,4.893569844789357,0.11882700611111112
VN.ADM1.00037,rice_paddy,Northern Winter Rice,2006,3.328922495274102,0.1619652977777778
VN.ADM1.00039,rice_paddy,Northern Winter Rice,2006,4.226190476190476,0.13399211155555557
VN.ADM1.00002,rice_paddy,Northern Winter Rice,2007,4.622540250447227,0.15698647666666665
VN.ADM1.00004,rice_paddy,Northern Winter Rice,2007,1.5737704918032787,0.13374170955555556
VN.ADM1.00005,rice_paddy,Northern Winter Rice,2007,3.79182156133829,0.15360566955555555
VN.ADM1.00011,rice_paddy,Northern Winter Rice,2007,5.125502008032129,0.1120141391111111
VN.ADM1.00012,rice_paddy,Northern Winter Rice,2007,5.3218015665796345,0.07744495255555556
VN.ADM1.00013,rice_paddy,Northern Winter Rice,2007,5.293469708890638,0.12969532777777776
VN.ADM1.00015,rice_paddy,Northern Winter Rice,2007,5.080459770114943,0.15578202944444444
VN.ADM1.00016,rice_paddy,Northern Winter Rice,2007,5.826794258373206,0.0937617331111111
VN.ADM1.00020,rice_paddy,Northern Winter Rice,2007,3.9749430523917995,0.15017871477777778
VN.ADM1.00027,rice_paddy,Northern Winter Rice,2007,2.528888888888889,0.14749981966666667
VN.ADM1.00028,rice_paddy,Northern Winter Rice,2007,3.878238341968912,0.19425142333333334
VN.ADM1.00029,rice_paddy,Northern Winter Rice,2007,2.8722222222222222,0.19378451222222223
VN.ADM1.00030,rice_paddy,Northern Winter Rice,2007,4.4926315789473685,0.17751858333333334
VN.ADM1.00036,rice_paddy,Northern Winter Rice,2007,5.033161385408991,0.1181649988888889
VN.ADM1.00037,rice_paddy,Northern Winter Rice,2007,4.1316793893129775,0.1697070688888889
VN.ADM1.00039,rice_paddy,Northern Winter Rice,2007,4.862573099415204,0.136565792
VN.ADM1.00002,rice_paddy,Northern Winter Rice,2008,4.613309352517986,0.15352415711111111
VN.ADM1.00004,rice_paddy,Northern Winter Rice,2008,1.7704918032786885,0.11726016533333333
VN.ADM1.00005,rice_paddy,Northern Winter Rice,2008,3.847272727272727,0.14785207122222221
VN.ADM1.00011,rice_paddy,Northern Winter Rice,2008,4.628571428571429,0.10459157266666666
VN.ADM1.00012,rice_paddy,Northern Winter Rice,2008,5.312903225806451,0.08285117475555555
VN.ADM1.00013,rice_paddy,Northern Winter Rice,2008,5.307868601986249,0.11549783544444442
VN.ADM1.00015,rice_paddy,Northern Winter Rice,2008,5.107954545454546,0.152943712
VN.ADM1.00016,rice_paddy,Northern Winter Rice,2008,5.674952198852773,0.09098241833333333
VN.ADM1.00020,rice_paddy,Northern Winter Rice,2008,3.7890995260663507,0.14687007255555554
VN.ADM1.00027,rice_paddy,Northern Winter Rice,2008,2.8737060041407867,0.12906602644444445
VN.ADM1.00028,rice_paddy,Northern Winter Rice,2008,4.053731343283582,0.17949836666666666
VN.ADM1.00029,rice_paddy,Northern Winter Rice,2008,2.352201257861635,0.18656444333333333
VN.ADM1.00030,rice_paddy,Northern Winter Rice,2008,4.685714285714286,0.1636936848888889
VN.ADM1.00036,rice_paddy,Northern Winter Rice,2008,5.075457875457875,0.11581771122222222
VN.ADM1.00037,rice_paddy,Northern Winter Rice,2008,4.238095238095238,0.16813850788888887
VN.ADM1.00039,rice_paddy,Northern Winter Rice,2008,4.725779967159277,0.13001863966666666
VN.ADM1.00002,rice_paddy,Northern Winter Rice,2009,4.612612612612613,0.17567990666666666
VN.ADM1.00004,rice_paddy,Northern Winter Rice,2009,1.0222222222222221,0.12940205755555556
VN.ADM1.00005,rice_paddy,Northern Winter Rice,2009,3.7481203007518795,0.16193368833333333
VN.ADM1.00011,rice_paddy,Northern Winter Rice,2009,5.135470527404343,0.11909042788888888
VN.ADM1.00012,rice_paddy,Northern Winter Rice,2009,5.047496790757381,0.07957910655555556
VN.ADM1.00013,rice_paddy,Northern Winter Rice,2009,5.141750580945004,0.11856267911111111
VN.ADM1.00015,rice_paddy,Northern Winter Rice,2009,5.3478260869565215,0.167736725
VN.ADM1.00016,rice_paddy,Northern Winter Rice,2009,5.8742802303262955,0.09329677055555556
VN.ADM1.00020,rice_paddy,Northern Winter Rice,2009,4.0204545454545455,0.15495572277777778
VN.ADM1.00027,rice_paddy,Northern Winter Rice,2009,2.1386666666666665,0.14089791777777777
VN.ADM1.00028,rice_paddy,Northern Winter Rice,2009,3.274914089347079,0.18685194777777778
VN.ADM1.00029,rice_paddy,Northern Winter Rice,2009,2.223684210526316,0.19442459
VN.ADM1.00030,rice_paddy,Northern Winter Rice,2009,4.0371134020618555,0.1734449762222222
VN.ADM1.00036,rice_paddy,Northern Winter Rice,2009,5.284356725146199,0.12421629500000002
VN.ADM1.00037,rice_paddy,Northern Winter Rice,2009,4.583804143126177,0.17985822488888886
VN.ADM1.00039,rice_paddy,Northern Winter Rice,2009,4.921259842519685,0.13948043633333332
VN.ADM1.00002,rice_paddy,Northern Winter Rice,2010,4.518783542039356,0.16589636166666666
VN.ADM1.00004,rice_paddy,Northern Winter Rice,2010,0.8372093023255814,0.13512973644444445
VN.ADM1.00005,rice_paddy,Northern Winter Rice,2010,4.0218181818181815,0.14112511166666664
VN.ADM1.00011,rice_paddy,Northern Winter Rice,2010,5.201036269430052,0.11200026811111112
VN.ADM1.00012,rice_paddy,Northern Winter Rice,2010,5.348941629249519,0.07517853411111111
VN.ADM1.00013,rice_paddy,Northern Winter Rice,2010,5.08503937007874,0.12108648555555557
VN.ADM1.00015,rice_paddy,Northern Winter Rice,2010,5.531190926275992,0.1696621971111111
VN.ADM1.00016,rice_paddy,Northern Winter Rice,2010,5.970391595033429,0.08776437322222222
VN.ADM1.00020,rice_paddy,Northern Winter Rice,2010,3.8981900452488687,0.15739674777777776
VN.ADM1.00027,rice_paddy,Northern Winter Rice,2010,2.1435406698564594,0.1340505511111111
VN.ADM1.00028,rice_paddy,Northern Winter Rice,2010,4.0462633451957295,0.19087957111111115
VN.ADM1.00029,rice_paddy,Northern Winter Rice,2010,3.0431654676258995,0.18602978888888888
VN.ADM1.00030,rice_paddy,Northern Winter Rice,2010,4.682505399568035,0.18137959888888888
VN.ADM1.00036,rice_paddy,Northern Winter Rice,2010,5.060468631897203,0.11265206899999998
VN.ADM1.00037,rice_paddy,Northern Winter Rice,2010,4.273946360153257,0.16508018177777775
VN.ADM1.00039,rice_paddy,Northern Winter Rice,2010,4.917341977309563,0.13869058333333334
VN.ADM1.00002,rice_paddy,Northern Winter Rice,2011,4.681494661921708,0.14963832200000002
VN.ADM1.00004,rice_paddy,Northern Winter Rice,2011,1.131578947368421,0.108553591
VN.ADM1.00005,rice_paddy,Northern Winter Rice,2011,3.7425373134328357,0.1496893018888889
VN.ADM1.00011,rice_paddy,Northern Winter Rice,2011,5.40894901144641,0.10274506411111112
VN.ADM1.00012,rice_paddy,Northern Winter Rice,2011,5.2009043927648575,0.08074981811111111
VN.ADM1.00013,rice_paddy,Northern Winter Rice,2011,5.485490196078431,0.11321322955555553
VN.ADM1.00015,rice_paddy,Northern Winter Rice,2011,5.5630885122410545,0.13727312611111112
VN.ADM1.00016,rice_paddy,Northern Winter Rice,2011,5.725790987535954,0.09214620733333334
VN.ADM1.00020,rice_paddy,Northern Winter Rice,2011,4.266968325791855,0.12299900088888889
VN.ADM1.00027,rice_paddy,Northern Winter Rice,2011,2.93576017130621,0.12011619422222222
VN.ADM1.00028,rice_paddy,Northern Winter Rice,2011,4.228682170542636,0.15919345555555553
VN.ADM1.00029,rice_paddy,Northern Winter Rice,2011,3.323529411764706,0.16252339177777778
VN.ADM1.00030,rice_paddy,Northern Winter Rice,2011,4.857740585774058,0.14791951477777776
VN.ADM1.00036,rice_paddy,Northern Winter Rice,2011,4.880740740740741,0.108666452
VN.ADM1.00037,rice_paddy,Northern Winter Rice,2011,4.684630738522954,0.17326911222222222
VN.ADM1.00039,rice_paddy,Northern Winter Rice,2011,5.142628205128205,0.11935812544444446
VN.ADM1.00002,rice_paddy,Northern Winter Rice,2012,4.7631578947368425,0.15436116400000002
VN.ADM1.00004,rice_paddy,Northern Winter Rice,2012,1.162162162162162,0.12806015033333332
VN.ADM1.00005,rice_paddy,Northern Winter Rice,2012,3.8836363636363638,0.1484718866666667
VN.ADM1.00011,rice_paddy,Northern Winter Rice,2012,5.425263157894737,0.11050362911111111
VN.ADM1.00012,rice_paddy,Northern Winter Rice,2012,5.303838646714379,0.08184260017777778
VN.ADM1.00013,rice_paddy,Northern Winter Rice,2012,5.442352941176471,0.11718356388888888
VN.ADM1.00015,rice_paddy,Northern Winter Rice,2012,5.597744360902255,0.15989198622222223
VN.ADM1.00016,rice_paddy,Northern Winter Rice,2012,5.923965351299326,0.09400370983333334
VN.ADM1.00020,rice_paddy,Northern Winter Rice,2012,4.390697674418605,0.14935314977777778
VN.ADM1.00027,rice_paddy,Northern Winter Rice,2012,3.1921182266009853,0.1351126941111111
VN.ADM1.00028,rice_paddy,Northern Winter Rice,2012,4.369098712446352,0.19239452111111113
VN.ADM1.00029,rice_paddy,Northern Winter Rice,2012,3.4652777777777777,0.19298557333333333
VN.ADM1.00030,rice_paddy,Northern Winter Rice,2012,4.710416666666666,0.16939083222222223
VN.ADM1.00036,rice_paddy,Northern Winter Rice,2012,5.175988068605518,0.12105694611111112
VN.ADM1.00037,rice_paddy,Northern Winter Rice,2012,5.043643263757116,0.18564887666666668
VN.ADM1.00039,rice_paddy,Northern Winter Rice,2012,4.600328947368421,0.1332381507777778
VN.ADM1.00002,rice_paddy,Northern Winter Rice,2013,4.648601398601398,0.13756410466666666
VN.ADM1.00004,rice_paddy,Northern Winter Rice,2013,1.0,0.15106891711111112
VN.ADM1.00005,rice_paddy,Northern Winter Rice,2013,3.9962962962962965,0.14450546644444445
VN.ADM1.00011,rice_paddy,Northern Winter Rice,2013,4.806349206349206,0.1063114798888889
VN.ADM1.00012,rice_paddy,Northern Winter Rice,2013,4.888378200919238,0.08068543933333333
VN.ADM1.00013,rice_paddy,Northern Winter Rice,2013,5.079841897233202,0.11474242944444445
VN.ADM1.00015,rice_paddy,Northern Winter Rice,2013,5.5966228893058165,0.143908048
VN.ADM1.00016,rice_paddy,Northern Winter Rice,2013,5.509727626459144,0.08619190433333333
VN.ADM1.00020,rice_paddy,Northern Winter Rice,2013,4.458823529411765,0.13709152066666666
VN.ADM1.00027,rice_paddy,Northern Winter Rice,2013,3.1702127659574466,0.15002226577777775
VN.ADM1.00028,rice_paddy,Northern Winter Rice,2013,4.398058252427185,0.20934449622222223
VN.ADM1.00029,rice_paddy,Northern Winter Rice,2013,3.5074626865671643,0.20626266777777777
VN.ADM1.00030,rice_paddy,Northern Winter Rice,2013,4.556025369978858,0.1944336272222222
VN.ADM1.00036,rice_paddy,Northern Winter Rice,2013,5.019431988041854,0.12087880077777778
VN.ADM1.00037,rice_paddy,Northern Winter Rice,2013,5.17921146953405,0.16821952
VN.ADM1.00039,rice_paddy,Northern Winter Rice,2013,4.722222222222222,0.12391750288888888
VN.ADM1.00002,rice_paddy,Northern Winter Rice,2014,4.7770034843205575,0.1487931511111111
VN.ADM1.00004,rice_paddy,Northern Winter Rice,2014,1.1470588235294117,0.12001350588888887
VN.ADM1.00005,rice_paddy,Northern Winter Rice,2014,4.062730627306273,0.16292445033333333
VN.ADM1.00011,rice_paddy,Northern Winter Rice,2014,5.50314465408805,0.11168777533333334
VN.ADM1.00012,rice_paddy,Northern Winter Rice,2014,5.298941798941799,0.08619205811111111
VN.ADM1.00013,rice_paddy,Northern Winter Rice,2014,5.40829346092504,0.12059869177777778
VN.ADM1.00015,rice_paddy,Northern Winter Rice,2014,5.632958801498128,0.15130201377777777
VN.ADM1.00016,rice_paddy,Northern Winter Rice,2014,5.609467455621302,0.09884557155555555
VN.ADM1.00020,rice_paddy,Northern Winter Rice,2014,4.55607476635514,0.13587195644444447
VN.ADM1.00027,rice_paddy,Northern Winter Rice,2014,3.478802992518703,0.13283246888888892
VN.ADM1.00028,rice_paddy,Northern Winter Rice,2014,4.396739130434782,0.18205564166666666
VN.ADM1.00029,rice_paddy,Northern Winter Rice,2014,3.6323529411764706,0.15008095555555553
VN.ADM1.00030,rice_paddy,Northern Winter Rice,2014,5.058315334773218,0.16433022344444445
VN.ADM1.00036,rice_paddy,Northern Winter Rice,2014,5.3224368499257055,0.11829216144444445
VN.ADM1.00037,rice_paddy,Northern Winter Rice,2014,5.278776978417266,0.1738402011111111
VN.ADM1.00039,rice_paddy,Northern Winter Rice,2014,5.1009933774834435,0.12865121000000002
VN.ADM1.00002,rice_paddy,Northern Winter Rice,2015,4.902439024390244,0.16572656666666666
VN.ADM1.00004,rice_paddy,Northern Winter Rice,2015,1.1935483870967742,0.13597520666666665
VN.ADM1.00005,rice_paddy,Northern Winter Rice,2015,4.136029411764706,0.17219837566666665
VN.ADM1.00011,rice_paddy,Northern Winter Rice,2015,5.428571428571429,0.11829145977777777
VN.ADM1.00012,rice_paddy,Northern Winter Rice,2015,5.309491978609626,0.0858575202222222
VN.ADM1.00013,rice_paddy,Northern Winter Rice,2015,5.375510204081633,0.12601788088888888
VN.ADM1.00015,rice_paddy,Northern Winter Rice,2015,5.6216730038022815,0.1658027516666667
VN.ADM1.00016,rice_paddy,Northern Winter Rice,2015,5.677031093279839,0.09922923777777777
VN.ADM1.00020,rice_paddy,Northern Winter Rice,2015,4.60093896713615,0.151286489
VN.ADM1.00027,rice_paddy,Northern Winter Rice,2015,3.3771289537712894,0.13461300377777777
VN.ADM1.00028,rice_paddy,Northern Winter Rice,2015,4.212290502793296,0.1916930328888889
VN.ADM1.00029,rice_paddy,Northern Winter Rice,2015,3.7410714285714284,0.16904357044444446
VN.ADM1.00030,rice_paddy,Northern Winter Rice,2015,4.9536842105263155,0.17876469666666667
VN.ADM1.00036,rice_paddy,Northern Winter Rice,2015,5.212990936555891,0.11844555488888887
VN.ADM1.00037,rice_paddy,Northern Winter Rice,2015,5.441509433962264,0.16444231666666667
VN.ADM1.00039,rice_paddy,Northern Winter Rice,2015,5.0200668896321075,0.13996703644444441
VN.ADM1.00002,rice_paddy,Northern Winter Rice,2016,5.024866785079929,0.15817764444444446
VN.ADM1.00004,rice_paddy,Northern Winter Rice,2016,1.1612903225806452,0.14306386944444444
VN.ADM1.00005,rice_paddy,Northern Winter Rice,2016,4.205533596837944,0.17462505155555552
VN.ADM1.00011,rice_paddy,Northern Winter Rice,2016,5.642622950819672,0.11037736611111111
VN.ADM1.00012,rice_paddy,Northern Winter Rice,2016,5.224932249322493,0.08397217588888889
VN.ADM1.00013,rice_paddy,Northern Winter Rice,2016,5.161849710982659,0.12080440633333334
VN.ADM1.00015,rice_paddy,Northern Winter Rice,2016,5.673545966228893,0.16692849944444443
VN.ADM1.00016,rice_paddy,Northern Winter Rice,2016,5.6645962732919255,0.09261156433333333
VN.ADM1.00020,rice_paddy,Northern Winter Rice,2016,4.642696629213483,0.15324014444444442
VN.ADM1.00027,rice_paddy,Northern Winter Rice,2016,3.3552311435523112,0.14583238944444446
VN.ADM1.00028,rice_paddy,Northern Winter Rice,2016,4.1835443037974684,0.19220219
VN.ADM1.00029,rice_paddy,Northern Winter Rice,2016,3.634920634920635,0.1811661066666667
VN.ADM1.00030,rice_paddy,Northern Winter Rice,2016,5.142857142857143,0.1752545911111111
VN.ADM1.00036,rice_paddy,Northern Winter Rice,2016,5.347126436781609,0.11933873922222221
VN.ADM1.00037,rice_paddy,Northern Winter Rice,2016,4.865313653136531,0.18197292333333331
VN.ADM1.00039,rice_paddy,Northern Winter Rice,2016,4.555363321799308,0.14082807166666667
VN.ADM1.00002,rice_paddy,Northern Winter Rice,2017,4.906810035842294,0.1550519
VN.ADM1.00004,rice_paddy,Northern Winter Rice,2017,1.0606060606060606,0.063238302
VN.ADM1.00005,rice_paddy,Northern Winter Rice,2017,4.272388059701493,0.135309435
VN.ADM1.00011,rice_paddy,Northern Winter Rice,2017,5.452914798206278,0.086798738
VN.ADM1.00012,rice_paddy,Northern Winter Rice,2017,4.410432395332876,0.0473764365
VN.ADM1.00013,rice_paddy,Northern Winter Rice,2017,4.6976744186046515,0.1020828925
VN.ADM1.00015,rice_paddy,Northern Winter Rice,2017,5.6585820895522385,0.15038679
VN.ADM1.00016,rice_paddy,Northern Winter Rice,2017,4.869936034115138,0.0575311415
VN.ADM1.00020,rice_paddy,Northern Winter Rice,2017,4.536585365853658,0.13414521000000001
VN.ADM1.00027,rice_paddy,Northern Winter Rice,2017,3.1750663129973473,0.090349578
VN.ADM1.00028,rice_paddy,Northern Winter Rice,2017,4.367469879518072,0.125550875
VN.ADM1.00029,rice_paddy,Northern Winter Rice,2017,3.3380281690140845,0.13910736499999998
VN.ADM1.00030,rice_paddy,Northern Winter Rice,2017,5.036559139784946,0.0884747525
VN.ADM1.00036,rice_paddy,Northern Winter Rice,2017,5.212003117692907,0.084878215
VN.ADM1.00037,rice_paddy,Northern Winter Rice,2017,5.261016949152542,0.195159145
VN.ADM1.00039,rice_paddy,Northern Winter Rice,2017,4.857142857142857,0.12782042
VN.ADM1.00002,rice_paddy,Northern Winter Rice,2018,5.076086956521739,
VN.ADM1.00004,rice_paddy,Northern Winter Rice,2018,1.21875,
VN.ADM1.00005,rice_paddy,Northern Winter Rice,2018,4.277153558052435,
VN.ADM1.00011,rice_paddy,Northern Winter Rice,2018,5.549883990719257,
VN.ADM1.00012,rice_paddy,Northern Winter Rice,2018,5.208304011259676,
VN.ADM1.00013,rice_paddy,Northern Winter Rice,2018,5.063302752293578,
VN.ADM1.00015,rice_paddy,Northern Winter Rice,2018,5.680373831775701,
VN.ADM1.00016,rice_paddy,Northern Winter Rice,2018,5.512651265126513,
VN.ADM1.00020,rice_paddy,Northern Winter Rice,2018,4.657952069716775,
VN.ADM1.00027,rice_paddy,Northern Winter Rice,2018,3.4788732394366195,
VN.ADM1.00028,rice_paddy,Northern Winter Rice,2018,4.374100719424461,
VN.ADM1.00029,rice_paddy,Northern Winter Rice,2018,3.522727272727273,
VN.ADM1.00030,rice_paddy,Northern Winter Rice,2018,4.991323210412148,
VN.ADM1.00036,rice_paddy,Northern Winter Rice,2018,4.934347477982386,
VN.ADM1.00037,rice_paddy,Northern Winter Rice,2018,5.141304347826087,
VN.ADM1.00039,rice_paddy,Northern Winter Rice,2018,5.139359698681733,
VN.ADM1.00002,rice_paddy,Northern Winter Rice,2019,5.213893967093236,
VN.ADM1.00004,rice_paddy,Northern Winter Rice,2019,1.1428571428571428,
VN.ADM1.00005,rice_paddy,Northern Winter Rice,2019,4.421052631578948,
VN.ADM1.00011,rice_paddy,Northern Winter Rice,2019,5.67096018735363,
VN.ADM1.00012,rice_paddy,Northern Winter Rice,2019,5.334545454545455,
VN.ADM1.00013,rice_paddy,Northern Winter Rice,2019,5.304725168756027,
VN.ADM1.00015,rice_paddy,Northern Winter Rice,2019,5.714821763602251,
VN.ADM1.00016,rice_paddy,Northern Winter Rice,2019,5.763904653802497,
VN.ADM1.00020,rice_paddy,Northern Winter Rice,2019,4.770877944325481,
VN.ADM1.00027,rice_paddy,Northern Winter Rice,2019,3.166101694915254,
VN.ADM1.00028,rice_paddy,Northern Winter Rice,2019,3.740740740740741,
VN.ADM1.00029,rice_paddy,Northern Winter Rice,2019,3.6782608695652175,
VN.ADM1.00030,rice_paddy,Northern Winter Rice,2019,4.929046563192904,
VN.ADM1.00036,rice_paddy,Northern Winter Rice,2019,5.239766081871345,
VN.ADM1.00037,rice_paddy,Northern Winter Rice,2019,5.42,
VN.ADM1.00039,rice_paddy,Northern Winter Rice,2019,5.177189409368635,
VN.ADM1.00002,rice_paddy,Northern Winter Rice,2020,5.314232902033272,
VN.ADM1.00004,rice_paddy,Northern Winter Rice,2020,0.896551724137931,
VN.ADM1.00005,rice_paddy,Northern Winter Rice,2020,4.433070866141732,
VN.ADM1.00011,rice_paddy,Northern Winter Rice,2020,5.835534213685474,
VN.ADM1.00012,rice_paddy,Northern Winter Rice,2020,5.385470719051149,
VN.ADM1.00013,rice_paddy,Northern Winter Rice,2020,5.681,
VN.ADM1.00015,rice_paddy,Northern Winter Rice,2020,5.755140186915888,
VN.ADM1.00016,rice_paddy,Northern Winter Rice,2020,5.8094117647058825,
VN.ADM1.00020,rice_paddy,Northern Winter Rice,2020,4.8747346072186835,
VN.ADM1.00027,rice_paddy,Northern Winter Rice,2020,3.306122448979592,
VN.ADM1.00028,rice_paddy,Northern Winter Rice,2020,3.877551020408163,
VN.ADM1.00029,rice_paddy,Northern Winter Rice,2020,3.6126126126126126,
VN.ADM1.00030,rice_paddy,Northern Winter Rice,2020,5.006849315068493,
VN.ADM1.00036,rice_paddy,Northern Winter Rice,2020,5.432173913043478,
VN.ADM1.00037,rice_paddy,Northern Winter Rice,2020,5.538317757009346,
VN.ADM1.00039,rice_paddy,Northern Winter Rice,2020,5.340816326530613,
VN.ADM1.00002,rice_paddy,Northern Winter Rice,2021,5.318435754189944,
VN.ADM1.00004,rice_paddy,Northern Winter Rice,2021,1.0833333333333333,
VN.ADM1.00005,rice_paddy,Northern Winter Rice,2021,4.48828125,
VN.ADM1.00011,rice_paddy,Northern Winter Rice,2021,5.9010989010989015,
VN.ADM1.00012,rice_paddy,Northern Winter Rice,2021,5.387982195845697,
VN.ADM1.00013,rice_paddy,Northern Winter Rice,2021,5.747983870967742,
VN.ADM1.00015,rice_paddy,Northern Winter Rice,2021,5.792523364485981,
VN.ADM1.00016,rice_paddy,Northern Winter Rice,2021,5.955528846153846,
VN.ADM1.00020,rice_paddy,Northern Winter Rice,2021,4.917021276595745,
VN.ADM1.00027,rice_paddy,Northern Winter Rice,2021,3.643939393939394,
VN.ADM1.00028,rice_paddy,Northern Winter Rice,2021,4.012345679012346,
VN.ADM1.00029,rice_paddy,Northern Winter Rice,2021,3.9026548672566372,
VN.ADM1.00030,rice_paddy,Northern Winter Rice,2021,5.085450346420323,
VN.ADM1.00036,rice_paddy,Northern Winter Rice,2021,5.5102915951972555,
VN.ADM1.00037,rice_paddy,Northern Winter Rice,2021,5.516873889875666,
VN.ADM1.00039,rice_paddy,Northern Winter Rice,2021,5.476091476091476,
VN.ADM1.00002,rice_paddy,Northern Winter Rice,2022,5.370998116760829,
VN.ADM1.00004,rice_paddy,Northern Winter Rice,2022,1.1818181818181819,
VN.ADM1.00005,rice_paddy,Northern Winter Rice,2022,4.635338345864661,
VN.ADM1.00011,rice_paddy,Northern Winter Rice,2022,5.90840652446675,
VN.ADM1.00012,rice_paddy,Northern Winter Rice,2022,5.449133383571967,
VN.ADM1.00013,rice_paddy,Northern Winter Rice,2022,5.7595459236326105,
VN.ADM1.00015,rice_paddy,Northern Winter Rice,2022,5.793233082706767,
VN.ADM1.00016,rice_paddy,Northern Winter Rice,2022,5.901477832512315,
VN.ADM1.00020,rice_paddy,Northern Winter Rice,2022,5.010729613733906,
VN.ADM1.00027,rice_paddy,Northern Winter Rice,2022,3.610091743119266,
VN.ADM1.00028,rice_paddy,Northern Winter Rice,2022,4.0,
VN.ADM1.00029,rice_paddy,Northern Winter Rice,2022,4.0,
VN.ADM1.00030,rice_paddy,Northern Winter Rice,2022,4.949886104783599,
VN.ADM1.00036,rice_paddy,Northern Winter Rice,2022,5.68,
VN.ADM1.00037,rice_paddy,Northern Winter Rice,2022,5.661764705882353,
VN.ADM1.00039,rice_paddy,Northern Winter Rice,2022,5.491525423728813,
VN.ADM1.00002,rice_paddy,Northern Winter Rice,2023,5.337786259541985,
VN.ADM1.00004,rice_paddy,Northern Winter Rice,2023,1.25,
VN.ADM1.00005,rice_paddy,Northern Winter Rice,2023,4.632183908045977,
VN.ADM1.00011,rice_paddy,Northern Winter Rice,2023,5.7987179487179485,
VN.ADM1.00012,rice_paddy,Northern Winter Rice,2023,5.429878048780488,
VN.ADM1.00013,rice_paddy,Northern Winter Rice,2023,5.75635593220339,
VN.ADM1.00015,rice_paddy,Northern Winter Rice,2023,5.8533333333333335,
VN.ADM1.00016,rice_paddy,Northern Winter Rice,2023,5.954430379746835,
VN.ADM1.00020,rice_paddy,Northern Winter Rice,2023,5.033898305084746,
VN.ADM1.00027,rice_paddy,Northern Winter Rice,2023,3.919431279620853,
VN.ADM1.00028,rice_paddy,Northern Winter Rice,2023,4.107142857142857,
VN.ADM1.00029,rice_paddy,Northern Winter Rice,2023,4.081081081081081,
VN.ADM1.00030,rice_paddy,Northern Winter Rice,2023,5.1995412844036695,
VN.ADM1.00036,rice_paddy,Northern Winter Rice,2023,5.582142857142857,
VN.ADM1.00037,rice_paddy,Northern Winter Rice,2023,5.780918727915195,
VN.ADM1.00039,rice_paddy,Northern Winter Rice,2023,5.6457883369330455,
VN.ADM1.00002,rice_paddy,Northern Spring Rice,1980,1.698019801980198,
VN.ADM1.00004,rice_paddy,Northern Spring Rice,1980,1.5640718562874252,
VN.ADM1.00005,rice_paddy,Northern Spring Rice,1980,2.3,
VN.ADM1.00011,rice_paddy,Northern Spring Rice,1980,1.914249684741488,
VN.ADM1.00012,rice_paddy,Northern Spring Rice,1980,2.213698630136986,
VN.ADM1.00013,rice_paddy,Northern Spring Rice,1980,2.3261410788381744,
VN.ADM1.00015,rice_paddy,Northern Spring Rice,1980,1.6774193548387097,
VN.ADM1.00016,rice_paddy,Northern Spring Rice,1980,3.1140350877192984,
VN.ADM1.00020,rice_paddy,Northern Spring Rice,1980,0.8258426966292135,
VN.ADM1.00027,rice_paddy,Northern Spring Rice,1980,1.6432606941081518,
VN.ADM1.00028,rice_paddy,Northern Spring Rice,1980,1.9222737819025522,
VN.ADM1.00029,rice_paddy,Northern Spring Rice,1980,2.8,
VN.ADM1.00030,rice_paddy,Northern Spring Rice,1980,2.45703125,
VN.ADM1.00036,rice_paddy,Northern Spring Rice,1980,1.7069943289224954,
VN.ADM1.00037,rice_paddy,Northern Spring Rice,1980,1.65,
VN.ADM1.00002,rice_paddy,Northern Spring Rice,1981,1.7466666666666666,
VN.ADM1.00004,rice_paddy,Northern Spring Rice,1981,1.6584766584766584,
VN.ADM1.00005,rice_paddy,Northern Spring Rice,1981,1.9545454545454546,
VN.ADM1.00011,rice_paddy,Northern Spring Rice,1981,2.196341463414634,
VN.ADM1.00012,rice_paddy,Northern Spring Rice,1981,2.516195727084769,
VN.ADM1.00013,rice_paddy,Northern Spring Rice,1981,2.4449838187702264,
VN.ADM1.00015,rice_paddy,Northern Spring Rice,1981,1.45,
VN.ADM1.00016,rice_paddy,Northern Spring Rice,1981,3.182136602451839,
VN.ADM1.00020,rice_paddy,Northern Spring Rice,1981,1.7165775401069518,
VN.ADM1.00027,rice_paddy,Northern Spring Rice,1981,1.8973180076628353,
VN.ADM1.00028,rice_paddy,Northern Spring Rice,1981,2.3031727379553466,
VN.ADM1.00029,rice_paddy,Northern Spring Rice,1981,2.92463768115942,
VN.ADM1.00030,rice_paddy,Northern Spring Rice,1981,3.01171875,
VN.ADM1.00036,rice_paddy,Northern Spring Rice,1981,2.2722170252572496,
VN.ADM1.00037,rice_paddy,Northern Spring Rice,1981,1.7291666666666667,
VN.ADM1.00002,rice_paddy,Northern Spring Rice,1982,1.658008658008658,
VN.ADM1.00004,rice_paddy,Northern Spring Rice,1982,2.053593179049939,
VN.ADM1.00005,rice_paddy,Northern Spring Rice,1982,2.3181818181818183,
VN.ADM1.00011,rice_paddy,Northern Spring Rice,1982,2.2262773722627736,
VN.ADM1.00012,rice_paddy,Northern Spring Rice,1982,3.0577319587628864,
VN.ADM1.00013,rice_paddy,Northern Spring Rice,1982,2.584070796460177,
VN.ADM1.00015,rice_paddy,Northern Spring Rice,1982,1.5987654320987654,
VN.ADM1.00016,rice_paddy,Northern Spring Rice,1982,3.469352014010508,
VN.ADM1.00020,rice_paddy,Northern Spring Rice,1982,1.9047619047619047,
VN.ADM1.00027,rice_paddy,Northern Spring Rice,1982,2.155984555984556,
VN.ADM1.00028,rice_paddy,Northern Spring Rice,1982,2.265717674970344,
VN.ADM1.00029,rice_paddy,Northern Spring Rice,1982,3.19533527696793,
VN.ADM1.00030,rice_paddy,Northern Spring Rice,1982,2.9155206286836934,
VN.ADM1.00036,rice_paddy,Northern Spring Rice,1982,2.423963133640553,
VN.ADM1.00037,rice_paddy,Northern Spring Rice,1982,1.953125,
VN.ADM1.00002,rice_paddy,Northern Spring Rice,1983,2.2948717948717947,
VN.ADM1.00004,rice_paddy,Northern Spring Rice,1983,2.161290322580645,
VN.ADM1.00005,rice_paddy,Northern Spring Rice,1983,2.3043478260869565,
VN.ADM1.00011,rice_paddy,Northern Spring Rice,1983,2.6316425120772946,
VN.ADM1.00012,rice_paddy,Northern Spring Rice,1983,3.431211498973306,
VN.ADM1.00013,rice_paddy,Northern Spring Rice,1983,3.034154090548054,
VN.ADM1.00015,rice_paddy,Northern Spring Rice,1983,2.1775147928994083,
VN.ADM1.00016,rice_paddy,Northern Spring Rice,1983,3.6498257839721253,
VN.ADM1.00020,rice_paddy,Northern Spring Rice,1983,2.43979057591623,
VN.ADM1.00027,rice_paddy,Northern Spring Rice,1983,2.4319938176197837,
VN.ADM1.00028,rice_paddy,Northern Spring Rice,1983,2.3345724907063197,
VN.ADM1.00029,rice_paddy,Northern Spring Rice,1983,3.205357142857143,
VN.ADM1.00030,rice_paddy,Northern Spring Rice,1983,2.9258517034068134,
VN.ADM1.00036,rice_paddy,Northern Spring Rice,1983,2.6906077348066297,
VN.ADM1.00037,rice_paddy,Northern Spring Rice,1983,1.962962962962963,
VN.ADM1.00002,rice_paddy,Northern Spring Rice,1984,2.1493212669683257,
VN.ADM1.00004,rice_paddy,Northern Spring Rice,1984,2.63860103626943,
VN.ADM1.00005,rice_paddy,Northern Spring Rice,1984,2.76,
VN.ADM1.00011,rice_paddy,Northern Spring Rice,1984,2.476372924648787,
VN.ADM1.00012,rice_paddy,Northern Spring Rice,1984,3.40125173852573,
VN.ADM1.00013,rice_paddy,Northern Spring Rice,1984,2.886271324126726,
VN.ADM1.00015,rice_paddy,Northern Spring Rice,1984,2.1588235294117646,
VN.ADM1.00016,rice_paddy,Northern Spring Rice,1984,3.351185250219491,
VN.ADM1.00020,rice_paddy,Northern Spring Rice,1984,2.4894736842105263,
VN.ADM1.00027,rice_paddy,Northern Spring Rice,1984,2.9015748031496065,
VN.ADM1.00028,rice_paddy,Northern Spring Rice,1984,2.728453364817001,
VN.ADM1.00029,rice_paddy,Northern Spring Rice,1984,4.148255813953488,
VN.ADM1.00030,rice_paddy,Northern Spring Rice,1984,3.211812627291242,
VN.ADM1.00036,rice_paddy,Northern Spring Rice,1984,3.051,
VN.ADM1.00037,rice_paddy,Northern Spring Rice,1984,2.981132075471698,
VN.ADM1.00005,rice_paddy,Northern Spring Rice,1985,2.689655172413793,
VN.ADM1.00013,rice_paddy,Northern Spring Rice,1985,3.3474903474903477,
VN.ADM1.00036,rice_paddy,Northern Spring Rice,1985,3.419561243144424,
VN.ADM1.00005,rice_paddy,Northern Spring Rice,1986,2.9615384615384617,
VN.ADM1.00013,rice_paddy,Northern Spring Rice,1986,2.806949806949807,
VN.ADM1.00036,rice_paddy,Northern Spring Rice,1986,3.5213754646840147,
VN.ADM1.00005,rice_paddy,Northern Spring Rice,1987,3.5185185185185186,
VN.ADM1.00013,rice_paddy,Northern Spring Rice,1987,1.933852140077821,
VN.ADM1.00036,rice_paddy,Northern Spring Rice,1987,2.5050878815911193,
VN.ADM1.00005,rice_paddy,Northern Spring Rice,1988,3.5,
VN.ADM1.00013,rice_paddy,Northern Spring Rice,1988,3.387596899224806,
VN.ADM1.00036,rice_paddy,Northern Spring Rice,1988,2.8956766917293235,
VN.ADM1.00004,rice_paddy,Northern Spring Rice,1989,2.64551724137931,
VN.ADM1.00005,rice_paddy,Northern Spring Rice,1989,3.625,
VN.ADM1.00013,rice_paddy,Northern Spring Rice,1989,3.1482889733840302,
VN.ADM1.00028,rice_paddy,Northern Spring Rice,1989,2.6711656441717793,
VN.ADM1.00029,rice_paddy,Northern Spring Rice,1989,4.793201133144476,
VN.ADM1.00036,rice_paddy,Northern Spring Rice,1989,3.396103896103896,
VN.ADM1.00004,rice_paddy,Northern Spring Rice,1990,2.5,
VN.ADM1.00005,rice_paddy,Northern Spring Rice,1990,3.2580645161290325,
VN.ADM1.00013,rice_paddy,Northern Spring Rice,1990,3.0943396226415096,
VN.ADM1.00028,rice_paddy,Northern Spring Rice,1990,3.0688360450563206,
VN.ADM1.00029,rice_paddy,Northern Spring Rice,1990,4.901408450704225,
VN.ADM1.00036,rice_paddy,Northern Spring Rice,1990,3.1928374655647382,
VN.ADM1.00004,rice_paddy,Northern Spring Rice,1991,2.7287899860917944,
VN.ADM1.00005,rice_paddy,Northern Spring Rice,1991,3.5483870967741935,
VN.ADM1.00012,rice_paddy,Northern Spring Rice,1991,1.7296587926509186,
VN.ADM1.00013,rice_paddy,Northern Spring Rice,1991,1.3567921440261865,
VN.ADM1.00015,rice_paddy,Northern Spring Rice,1991,1.2566844919786095,
VN.ADM1.00020,rice_paddy,Northern Spring Rice,1991,1.7738693467336684,
VN.ADM1.00027,rice_paddy,Northern Spring Rice,1991,2.3012772351615327,
VN.ADM1.00028,rice_paddy,Northern Spring Rice,1991,3.37468671679198,
VN.ADM1.00029,rice_paddy,Northern Spring Rice,1991,4.820224719101123,
VN.ADM1.00036,rice_paddy,Northern Spring Rice,1991,2.41,
VN.ADM1.00037,rice_paddy,Northern Spring Rice,1991,4.051724137931035,
VN.ADM1.00004,rice_paddy,Northern Spring Rice,1992,3.0527777777777776,
VN.ADM1.00005,rice_paddy,Northern Spring Rice,1992,3.3225806451612905,
VN.ADM1.00012,rice_paddy,Northern Spring Rice,1992,3.643410852713178,
VN.ADM1.00013,rice_paddy,Northern Spring Rice,1992,3.3532740501212612,
VN.ADM1.00015,rice_paddy,Northern Spring Rice,1992,2.267379679144385,
VN.ADM1.00020,rice_paddy,Northern Spring Rice,1992,3.01,
VN.ADM1.00027,rice_paddy,Northern Spring Rice,1992,2.84297520661157,
VN.ADM1.00028,rice_paddy,Northern Spring Rice,1992,1.9202988792029887,
VN.ADM1.00029,rice_paddy,Northern Spring Rice,1992,4.6256830601092895,
VN.ADM1.00036,rice_paddy,Northern Spring Rice,1992,3.1836363636363636,
VN.ADM1.00037,rice_paddy,Northern Spring Rice,1992,4.301587301587301,
VN.ADM1.00004,rice_paddy,Northern Spring Rice,1993,3.087257617728532,
VN.ADM1.00005,rice_paddy,Northern Spring Rice,1993,3.942857142857143,
VN.ADM1.00012,rice_paddy,Northern Spring Rice,1993,4.197969543147208,
VN.ADM1.00013,rice_paddy,Northern Spring Rice,1993,3.7941908713692944,
VN.ADM1.00015,rice_paddy,Northern Spring Rice,1993,2.8095238095238093,
VN.ADM1.00020,rice_paddy,Northern Spring Rice,1993,3.394088669950739,
VN.ADM1.00027,rice_paddy,Northern Spring Rice,1993,3.0578512396694215,
VN.ADM1.00028,rice_paddy,Northern Spring Rice,1993,1.3807740324594258,
VN.ADM1.00029,rice_paddy,Northern Spring Rice,1993,3.1266846361185983,
VN.ADM1.00036,rice_paddy,Northern Spring Rice,1993,3.3123287671232875,
VN.ADM1.00037,rice_paddy,Northern Spring Rice,1993,4.2105263157894735,
VN.ADM1.00004,rice_paddy,Northern Spring Rice,1994,1.758953168044077,
VN.ADM1.00005,rice_paddy,Northern Spring Rice,1994,3.757575757575758,
VN.ADM1.00012,rice_paddy,Northern Spring Rice,1994,4.4475,
VN.ADM1.00013,rice_paddy,Northern Spring Rice,1994,4.073743922204214,
VN.ADM1.00015,rice_paddy,Northern Spring Rice,1994,2.9895287958115184,
VN.ADM1.00020,rice_paddy,Northern Spring Rice,1994,3.534313725490196,
VN.ADM1.00027,rice_paddy,Northern Spring Rice,1994,3.2931424265259985,
VN.ADM1.00028,rice_paddy,Northern Spring Rice,1994,3.3320848938826466,
VN.ADM1.00029,rice_paddy,Northern Spring Rice,1994,4.823369565217392,
VN.ADM1.00036,rice_paddy,Northern Spring Rice,1994,3.9758713136729225,
VN.ADM1.00037,rice_paddy,Northern Spring Rice,1994,4.64,
VN.ADM1.00004,rice_paddy,Northern Spring Rice,1995,3.42877094972067,
VN.ADM1.00005,rice_paddy,Northern Spring Rice,1995,3.4545454545454546,
VN.ADM1.00012,rice_paddy,Northern Spring Rice,1995,4.352078239608802,
VN.ADM1.00013,rice_paddy,Northern Spring Rice,1995,3.6177884615384617,
VN.ADM1.00015,rice_paddy,Northern Spring Rice,1995,3.030456852791878,
VN.ADM1.00020,rice_paddy,Northern Spring Rice,1995,3.736842105263158,
VN.ADM1.00027,rice_paddy,Northern Spring Rice,1995,3.588235294117647,
VN.ADM1.00028,rice_paddy,Northern Spring Rice,1995,3.4237074401008827,
VN.ADM1.00029,rice_paddy,Northern Spring Rice,1995,4.661246612466124,
VN.ADM1.00030,rice_paddy,Northern Spring Rice,1995,2.817047817047817,
VN.ADM1.00036,rice_paddy,Northern Spring Rice,1995,3.8589065255731922,
VN.ADM1.00037,rice_paddy,Northern Spring Rice,1995,4.409395973154362,
VN.ADM1.00002,rice_paddy,Northern Spring Rice,1996,3.497991967871486,
VN.ADM1.00004,rice_paddy,Northern Spring Rice,1996,4.047156726768377,
VN.ADM1.00005,rice_paddy,Northern Spring Rice,1996,4.230769230769231,
VN.ADM1.00011,rice_paddy,Northern Spring Rice,1996,3.84180790960452,
VN.ADM1.00012,rice_paddy,Northern Spring Rice,1996,5.828715365239295,
VN.ADM1.00013,rice_paddy,Northern Spring Rice,1996,4.476072607260726,
VN.ADM1.00015,rice_paddy,Northern Spring Rice,1996,3.4901960784313726,
VN.ADM1.00016,rice_paddy,Northern Spring Rice,1996,5.652286453839517,
VN.ADM1.00020,rice_paddy,Northern Spring Rice,1996,3.897196261682243,
VN.ADM1.00027,rice_paddy,Northern Spring Rice,1996,3.6597014925373132,
VN.ADM1.00028,rice_paddy,Northern Spring Rice,1996,3.67875,
VN.ADM1.00029,rice_paddy,Northern Spring Rice,1996,5.3563829787234045,
VN.ADM1.00030,rice_paddy,Northern Spring Rice,1996,3.3430962343096233,
VN.ADM1.00036,rice_paddy,Northern Spring Rice,1996,4.01138353765324,
VN.ADM1.00037,rice_paddy,Northern Spring Rice,1996,4.481012658227848,
VN.ADM1.00039,rice_paddy,Northern Spring Rice,1996,3.216022889842632,
VN.ADM1.00002,rice_paddy,Northern Spring Rice,1997,3.5182481751824817,
VN.ADM1.00004,rice_paddy,Northern Spring Rice,1997,4.008241758241758,
VN.ADM1.00005,rice_paddy,Northern Spring Rice,1997,4.357142857142857,
VN.ADM1.00011,rice_paddy,Northern Spring Rice,1997,3.8530701754385963,
VN.ADM1.00012,rice_paddy,Northern Spring Rice,1997,5.985616010006254,
VN.ADM1.00013,rice_paddy,Northern Spring Rice,1997,4.561643835616438,
VN.ADM1.00015,rice_paddy,Northern Spring Rice,1997,3.7772727272727273,
VN.ADM1.00016,rice_paddy,Northern Spring Rice,1997,5.809036658141517,
VN.ADM1.00020,rice_paddy,Northern Spring Rice,1997,4.045871559633028,
VN.ADM1.00027,rice_paddy,Northern Spring Rice,1997,4.07861866274798,
VN.ADM1.00028,rice_paddy,Northern Spring Rice,1997,4.135572139303482,
VN.ADM1.00029,rice_paddy,Northern Spring Rice,1997,5.460759493670886,
VN.ADM1.00030,rice_paddy,Northern Spring Rice,1997,3.434322033898305,
VN.ADM1.00036,rice_paddy,Northern Spring Rice,1997,4.791274593669804,
VN.ADM1.00037,rice_paddy,Northern Spring Rice,1997,4.392670157068062,
VN.ADM1.00039,rice_paddy,Northern Spring Rice,1997,3.388663967611336,
VN.ADM1.00002,rice_paddy,Northern Spring Rice,1998,3.528776978417266,
VN.ADM1.00004,rice_paddy,Northern Spring Rice,1998,3.818306010928962,
VN.ADM1.00005,rice_paddy,Northern Spring Rice,1998,4.321428571428571,
VN.ADM1.00011,rice_paddy,Northern Spring Rice,1998,3.7620087336244543,
VN.ADM1.00012,rice_paddy,Northern Spring Rice,1998,5.940224159402241,
VN.ADM1.00013,rice_paddy,Northern Spring Rice,1998,4.491013071895424,
VN.ADM1.00015,rice_paddy,Northern Spring Rice,1998,3.8225108225108224,
VN.ADM1.00016,rice_paddy,Northern Spring Rice,1998,5.666381522668948,
VN.ADM1.00020,rice_paddy,Northern Spring Rice,1998,4.254464285714286,
VN.ADM1.00027,rice_paddy,Northern Spring Rice,1998,4.009565857247977,
VN.ADM1.00028,rice_paddy,Northern Spring Rice,1998,3.8976279650436956,
VN.ADM1.00029,rice_paddy,Northern Spring Rice,1998,4.891959798994975,
VN.ADM1.00030,rice_paddy,Northern Spring Rice,1998,3.4553191489361703,
VN.ADM1.00036,rice_paddy,Northern Spring Rice,1998,4.532312925170068,
VN.ADM1.00037,rice_paddy,Northern Spring Rice,1998,4.326732673267327,
VN.ADM1.00039,rice_paddy,Northern Spring Rice,1998,3.1327913279132793,
VN.ADM1.00002,rice_paddy,Northern Spring Rice,1999,3.866171003717472,
VN.ADM1.00004,rice_paddy,Northern Spring Rice,1999,4.261517615176151,
VN.ADM1.00005,rice_paddy,Northern Spring Rice,1999,4.59375,
VN.ADM1.00011,rice_paddy,Northern Spring Rice,1999,4.092920353982301,
VN.ADM1.00012,rice_paddy,Northern Spring Rice,1999,5.975791433891993,
VN.ADM1.00013,rice_paddy,Northern Spring Rice,1999,4.6927512355848435,
VN.ADM1.00015,rice_paddy,Northern Spring Rice,1999,4.115879828326181,
VN.ADM1.00016,rice_paddy,Northern Spring Rice,1999,5.693230505569837,
VN.ADM1.00020,rice_paddy,Northern Spring Rice,1999,4.3478260869565215,
VN.ADM1.00027,rice_paddy,Northern Spring Rice,1999,4.341425215348473,
VN.ADM1.00028,rice_paddy,Northern Spring Rice,1999,4.34371108343711,
VN.ADM1.00029,rice_paddy,Northern Spring Rice,1999,5.318518518518519,
VN.ADM1.00030,rice_paddy,Northern Spring Rice,1999,3.6353944562899785,
VN.ADM1.00036,rice_paddy,Northern Spring Rice,1999,4.852915578764143,
VN.ADM1.00037,rice_paddy,Northern Spring Rice,1999,4.845878136200717,
VN.ADM1.00039,rice_paddy,Northern Spring Rice,1999,3.5404191616766467,
VN.ADM1.00002,rice_paddy,Northern Spring Rice,2000,4.17948717948718,
VN.ADM1.00004,rice_paddy,Northern Spring Rice,2000,4.479838709677419,
VN.ADM1.00005,rice_paddy,Northern Spring Rice,2000,4.823529411764706,
VN.ADM1.00011,rice_paddy,Northern Spring Rice,2000,4.877440347071584,
VN.ADM1.00012,rice_paddy,Northern Spring Rice,2000,6.1653300431832205,
VN.ADM1.00013,rice_paddy,Northern Spring Rice,2000,5.179856115107913,
VN.ADM1.00015,rice_paddy,Northern Spring Rice,2000,4.633858267716535,
VN.ADM1.00016,rice_paddy,Northern Spring Rice,2000,5.989787234042553,
VN.ADM1.00020,rice_paddy,Northern Spring Rice,2000,4.552301255230126,
VN.ADM1.00027,rice_paddy,Northern Spring Rice,2000,4.798252002913329,
VN.ADM1.00028,rice_paddy,Northern Spring Rice,2000,4.411691542288557,
VN.ADM1.00029,rice_paddy,Northern Spring Rice,2000,5.014634146341463,
VN.ADM1.00030,rice_paddy,Northern Spring Rice,2000,3.7130620985010707,
VN.ADM1.00036,rice_paddy,Northern Spring Rice,2000,5.3145500420521445,
VN.ADM1.00037,rice_paddy,Northern Spring Rice,2000,4.483766233766234,
VN.ADM1.00039,rice_paddy,Northern Spring Rice,2000,4.450874831763122,
VN.ADM1.00002,rice_paddy,Northern Spring Rice,2001,4.422018348623853,0.16481905
VN.ADM1.00004,rice_paddy,Northern Spring Rice,2001,4.201324503311258,0.15444070885714287
VN.ADM1.00005,rice_paddy,Northern Spring Rice,2001,4.588235294117647,0.1587056732857143
VN.ADM1.00011,rice_paddy,Northern Spring Rice,2001,4.705005324813632,0.10268232557142856
VN.ADM1.00012,rice_paddy,Northern Spring Rice,2001,6.2045594577942085,0.09104498135714287
VN.ADM1.00013,rice_paddy,Northern Spring Rice,2001,5.24582338902148,0.12272526185714284
VN.ADM1.00015,rice_paddy,Northern Spring Rice,2001,4.907749077490775,0.16412047642857144
VN.ADM1.00016,rice_paddy,Northern Spring Rice,2001,5.8736027515047295,0.09644678814285715
VN.ADM1.00020,rice_paddy,Northern Spring Rice,2001,4.629032258064516,0.15166480885714284
VN.ADM1.00027,rice_paddy,Northern Spring Rice,2001,4.887223411848679,0.15410893185714286
VN.ADM1.00028,rice_paddy,Northern Spring Rice,2001,4.524154589371981,0.2183065357142857
VN.ADM1.00029,rice_paddy,Northern Spring Rice,2001,5.043062200956938,0.20576565285714285
VN.ADM1.00030,rice_paddy,Northern Spring Rice,2001,3.9368421052631577,0.21704221357142858
VN.ADM1.00036,rice_paddy,Northern Spring Rice,2001,5.506666666666667,0.12261504642857143
VN.ADM1.00037,rice_paddy,Northern Spring Rice,2001,4.523333333333333,0.17274728714285717
VN.ADM1.00039,rice_paddy,Northern Spring Rice,2001,4.543741588156124,0.13457576200000002
VN.ADM1.00002,rice_paddy,Northern Spring Rice,2002,4.521865889212828,0.160252383
VN.ADM1.00004,rice_paddy,Northern Spring Rice,2002,4.8311345646438,0.13613184066666664
VN.ADM1.00005,rice_paddy,Northern Spring Rice,2002,4.870967741935484,0.13863072822222222
VN.ADM1.00011,rice_paddy,Northern Spring Rice,2002,4.959660297239915,0.09943360000000001
VN.ADM1.00012,rice_paddy,Northern Spring Rice,2002,6.306401491609695,0.0886398232888889
VN.ADM1.00013,rice_paddy,Northern Spring Rice,2002,5.40687450039968,0.123143642
VN.ADM1.00015,rice_paddy,Northern Spring Rice,2002,4.7,0.1602761188888889
VN.ADM1.00016,rice_paddy,Northern Spring Rice,2002,6.091225021720243,0.09244195677777778
VN.ADM1.00020,rice_paddy,Northern Spring Rice,2002,4.724806201550388,0.14988311733333334
VN.ADM1.00027,rice_paddy,Northern Spring Rice,2002,5.29666430092264,0.14630330044444445
VN.ADM1.00028,rice_paddy,Northern Spring Rice,2002,4.969806763285024,0.17785158722222225
VN.ADM1.00029,rice_paddy,Northern Spring Rice,2002,5.859154929577465,0.1743815488888889
VN.ADM1.00030,rice_paddy,Northern Spring Rice,2002,4.554393305439331,0.16756894811111112
VN.ADM1.00036,rice_paddy,Northern Spring Rice,2002,5.657190635451505,0.11853645622222223
VN.ADM1.00037,rice_paddy,Northern Spring Rice,2002,4.733333333333333,0.1469235011111111
VN.ADM1.00039,rice_paddy,Northern Spring Rice,2002,4.921957671957672,0.1261381958888889
VN.ADM1.00002,rice_paddy,Northern Spring Rice,2003,4.653295128939828,0.1687405827777778
VN.ADM1.00004,rice_paddy,Northern Spring Rice,2003,4.948952879581152,0.13553374166666665
VN.ADM1.00005,rice_paddy,Northern Spring Rice,2003,4.823529411764706,0.1523920387777778
VN.ADM1.00011,rice_paddy,Northern Spring Rice,2003,5.208732694355698,0.11073872444444445
VN.ADM1.00012,rice_paddy,Northern Spring Rice,2003,6.371410736579276,0.09200193388888889
VN.ADM1.00013,rice_paddy,Northern Spring Rice,2003,5.540562248995984,0.13070999466666666
VN.ADM1.00015,rice_paddy,Northern Spring Rice,2003,5.109215017064846,0.17499328444444445
VN.ADM1.00016,rice_paddy,Northern Spring Rice,2003,6.284330985915493,0.10312473011111112
VN.ADM1.00020,rice_paddy,Northern Spring Rice,2003,4.8522727272727275,0.158244686
VN.ADM1.00027,rice_paddy,Northern Spring Rice,2003,5.458036984352773,0.14401182422222222
VN.ADM1.00028,rice_paddy,Northern Spring Rice,2003,5.055023923444976,0.19029886333333332
VN.ADM1.00029,rice_paddy,Northern Spring Rice,2003,5.678486997635934,0.19558835555555557
VN.ADM1.00030,rice_paddy,Northern Spring Rice,2003,4.779874213836478,0.18461804511111113
VN.ADM1.00036,rice_paddy,Northern Spring Rice,2003,5.717970049916805,0.11841167311111112
VN.ADM1.00037,rice_paddy,Northern Spring Rice,2003,4.740875912408759,0.15950769566666667
VN.ADM1.00039,rice_paddy,Northern Spring Rice,2003,5.052424639580603,0.14096507488888887
VN.ADM1.00002,rice_paddy,Northern Spring Rice,2004,4.827089337175792,0.14776014122222222
VN.ADM1.00004,rice_paddy,Northern Spring Rice,2004,5.1826544021024965,0.11849928255555556
VN.ADM1.00005,rice_paddy,Northern Spring Rice,2004,4.6,0.12809117222222222
VN.ADM1.00011,rice_paddy,Northern Spring Rice,2004,5.4638619201726,0.10113908255555554
VN.ADM1.00012,rice_paddy,Northern Spring Rice,2004,6.480478589420655,0.08586302703333333
VN.ADM1.00013,rice_paddy,Northern Spring Rice,2004,5.7525,0.11392305322222221
VN.ADM1.00015,rice_paddy,Northern Spring Rice,2004,5.154639175257732,0.15182016255555555
VN.ADM1.00016,rice_paddy,Northern Spring Rice,2004,6.395495495495496,0.08422708688888889
VN.ADM1.00020,rice_paddy,Northern Spring Rice,2004,4.919354838709677,0.13600622566666665
VN.ADM1.00027,rice_paddy,Northern Spring Rice,2004,5.6606498194945845,0.12405807244444444
VN.ADM1.00028,rice_paddy,Northern Spring Rice,2004,4.983253588516747,0.16666919222222223
VN.ADM1.00029,rice_paddy,Northern Spring Rice,2004,5.766355140186916,0.16855647999999998
VN.ADM1.00030,rice_paddy,Northern Spring Rice,2004,4.5918803418803416,0.15650095611111114
VN.ADM1.00036,rice_paddy,Northern Spring Rice,2004,5.979763912310287,0.10846134177777778
VN.ADM1.00037,rice_paddy,Northern Spring Rice,2004,4.822299651567945,0.15547022888888887
VN.ADM1.00039,rice_paddy,Northern Spring Rice,2004,5.208894878706199,0.12207077699999999
VN.ADM1.00002,rice_paddy,Northern Spring Rice,2005,4.7733711048158645,0.1581867611111111
VN.ADM1.00004,rice_paddy,Northern Spring Rice,2005,4.92772667542707,0.12188955188888888
VN.ADM1.00005,rice_paddy,Northern Spring Rice,2005,4.805555555555555,0.14265056888888888
VN.ADM1.00011,rice_paddy,Northern Spring Rice,2005,5.526143790849673,0.10473368966666667
VN.ADM1.00012,rice_paddy,Northern Spring Rice,2005,6.561335902376364,0.0888394454111111
VN.ADM1.00013,rice_paddy,Northern Spring Rice,2005,5.6527659574468085,0.12466637377777778
VN.ADM1.00015,rice_paddy,Northern Spring Rice,2005,5.2646048109965635,0.15987406
VN.ADM1.00016,rice_paddy,Northern Spring Rice,2005,6.424606845513414,0.099958916
VN.ADM1.00020,rice_paddy,Northern Spring Rice,2005,5.003937007874016,0.148235844
VN.ADM1.00027,rice_paddy,Northern Spring Rice,2005,5.5920289855072465,0.12870751866666666
VN.ADM1.00028,rice_paddy,Northern Spring Rice,2005,5.409580838323353,0.17398129833333334
VN.ADM1.00029,rice_paddy,Northern Spring Rice,2005,5.953846153846154,0.15105425555555554
VN.ADM1.00030,rice_paddy,Northern Spring Rice,2005,4.538293216630197,0.15974165722222222
VN.ADM1.00036,rice_paddy,Northern Spring Rice,2005,6.014370245139476,0.10916144277777777
VN.ADM1.00037,rice_paddy,Northern Spring Rice,2005,4.9868421052631575,0.13706998333333334
VN.ADM1.00039,rice_paddy,Northern Spring Rice,2005,5.270233196159122,0.1356670178888889
VN.ADM1.00002,rice_paddy,Northern Spring Rice,2006,4.612359550561798,0.15236158722222223
VN.ADM1.00004,rice_paddy,Northern Spring Rice,2006,5.355350066050198,0.12555525355555558
VN.ADM1.00005,rice_paddy,Northern Spring Rice,2006,4.828571428571428,0.14471338477777776
VN.ADM1.00011,rice_paddy,Northern Spring Rice,2006,5.37919826652221,0.10512463066666666
VN.ADM1.00012,rice_paddy,Northern Spring Rice,2006,6.657587548638133,0.08869399800000001
VN.ADM1.00013,rice_paddy,Northern Spring Rice,2006,5.755364806866953,0.13451039
VN.ADM1.00015,rice_paddy,Northern Spring Rice,2006,5.119047619047619,0.15705022566666668
VN.ADM1.00016,rice_paddy,Northern Spring Rice,2006,6.459154929577465,0.0965337051111111
VN.ADM1.00020,rice_paddy,Northern Spring Rice,2006,5.062992125984252,0.14968841777777778
VN.ADM1.00027,rice_paddy,Northern Spring Rice,2006,5.831533477321814,0.14018094044444443
VN.ADM1.00028,rice_paddy,Northern Spring Rice,2006,5.438095238095238,0.17670166222222222
VN.ADM1.00029,rice_paddy,Northern Spring Rice,2006,5.31322505800464,0.17971229777777775
VN.ADM1.00030,rice_paddy,Northern Spring Rice,2006,4.982261640798226,0.16065511133333335
VN.ADM1.00036,rice_paddy,Northern Spring Rice,2006,6.189075630252101,0.11882700611111112
VN.ADM1.00037,rice_paddy,Northern Spring Rice,2006,5.156156156156156,0.1619652977777778
VN.ADM1.00039,rice_paddy,Northern Spring Rice,2006,5.219310344827586,0.13399211155555557
VN.ADM1.00002,rice_paddy,Northern Spring Rice,2007,4.463483146067416,0.15698647666666665
VN.ADM1.00004,rice_paddy,Northern Spring Rice,2007,5.2727272727272725,0.13374170955555556
VN.ADM1.00005,rice_paddy,Northern Spring Rice,2007,4.8108108108108105,0.15360566955555555
VN.ADM1.00011,rice_paddy,Northern Spring Rice,2007,4.946094609460946,0.1120141391111111
VN.ADM1.00012,rice_paddy,Northern Spring Rice,2007,6.3363874345549736,0.07744495255555556
VN.ADM1.00013,rice_paddy,Northern Spring Rice,2007,5.123575810692375,0.12969532777777776
VN.ADM1.00015,rice_paddy,Northern Spring Rice,2007,5.0993150684931505,0.15578202944444444
VN.ADM1.00016,rice_paddy,Northern Spring Rice,2007,5.9722488038277515,0.0937617331111111
VN.ADM1.00020,rice_paddy,Northern Spring Rice,2007,4.949612403100775,0.15017871477777778
VN.ADM1.00027,rice_paddy,Northern Spring Rice,2007,5.055555555555555,0.14749981966666667
VN.ADM1.00028,rice_paddy,Northern Spring Rice,2007,5.4413875598086126,0.19425142333333334
VN.ADM1.00029,rice_paddy,Northern Spring Rice,2007,6.039906103286385,0.19378451222222223
VN.ADM1.00030,rice_paddy,Northern Spring Rice,2007,5.0874439461883405,0.17751858333333334
VN.ADM1.00036,rice_paddy,Northern Spring Rice,2007,5.535804549283909,0.1181649988888889
VN.ADM1.00037,rice_paddy,Northern Spring Rice,2007,5.358306188925082,0.1697070688888889
VN.ADM1.00039,rice_paddy,Northern Spring Rice,2007,4.251381215469613,0.136565792
VN.ADM1.00002,rice_paddy,Northern Spring Rice,2008,4.92463768115942,0.15352415711111111
VN.ADM1.00004,rice_paddy,Northern Spring Rice,2008,5.267716535433071,0.11726016533333333
VN.ADM1.00005,rice_paddy,Northern Spring Rice,2008,5.081081081081081,0.14785207122222221
VN.ADM1.00011,rice_paddy,Northern Spring Rice,2008,5.733257661748014,0.10459157266666666
VN.ADM1.00012,rice_paddy,Northern Spring Rice,2008,6.519762845849803,0.08285117475555555
VN.ADM1.00013,rice_paddy,Northern Spring Rice,2008,5.885665529010239,0.11549783544444442
VN.ADM1.00015,rice_paddy,Northern Spring Rice,2008,5.317241379310345,0.152943712
VN.ADM1.00016,rice_paddy,Northern Spring Rice,2008,6.525,0.09098241833333333
VN.ADM1.00020,rice_paddy,Northern Spring Rice,2008,5.007782101167315,0.14687007255555554
VN.ADM1.00027,rice_paddy,Northern Spring Rice,2008,5.683599419448476,0.12906602644444445
VN.ADM1.00028,rice_paddy,Northern Spring Rice,2008,5.052631578947368,0.17949836666666666
VN.ADM1.00029,rice_paddy,Northern Spring Rice,2008,4.991051454138702,0.18656444333333333
VN.ADM1.00030,rice_paddy,Northern Spring Rice,2008,4.311804008908686,0.1636936848888889
VN.ADM1.00036,rice_paddy,Northern Spring Rice,2008,6.034775233248515,0.11581771122222222
VN.ADM1.00037,rice_paddy,Northern Spring Rice,2008,5.524296675191816,0.16813850788888887
VN.ADM1.00039,rice_paddy,Northern Spring Rice,2008,5.323574730354391,0.13001863966666666
VN.ADM1.00002,rice_paddy,Northern Spring Rice,2009,4.958563535911602,0.17567990666666666
VN.ADM1.00004,rice_paddy,Northern Spring Rice,2009,5.378690629011554,0.12940205755555556
VN.ADM1.00005,rice_paddy,Northern Spring Rice,2009,5.052631578947368,0.16193368833333333
VN.ADM1.00011,rice_paddy,Northern Spring Rice,2009,5.808938547486034,0.11909042788888888
VN.ADM1.00012,rice_paddy,Northern Spring Rice,2009,6.5106796116504855,0.07957910655555556
VN.ADM1.00013,rice_paddy,Northern Spring Rice,2009,5.75752508361204,0.11856267911111111
VN.ADM1.00015,rice_paddy,Northern Spring Rice,2009,5.511784511784512,0.167736725
VN.ADM1.00016,rice_paddy,Northern Spring Rice,2009,6.446788111217641,0.09329677055555556
VN.ADM1.00020,rice_paddy,Northern Spring Rice,2009,5.231939163498099,0.15495572277777778
VN.ADM1.00027,rice_paddy,Northern Spring Rice,2009,5.7987152034261245,0.14089791777777777
VN.ADM1.00028,rice_paddy,Northern Spring Rice,2009,5.657550535077289,0.18685194777777778
VN.ADM1.00029,rice_paddy,Northern Spring Rice,2009,6.078125,0.19442459
VN.ADM1.00030,rice_paddy,Northern Spring Rice,2009,5.241830065359477,0.1734449762222222
VN.ADM1.00036,rice_paddy,Northern Spring Rice,2009,6.016488046166529,0.12421629500000002
VN.ADM1.00037,rice_paddy,Northern Spring Rice,2009,5.583783783783784,0.17985822488888886
VN.ADM1.00039,rice_paddy,Northern Spring Rice,2009,5.474377745241581,0.13948043633333332
VN.ADM1.00002,rice_paddy,Northern Spring Rice,2010,5.067226890756302,0.16589636166666666
VN.ADM1.00004,rice_paddy,Northern Spring Rice,2010,5.376884422110553,0.13512973644444445
VN.ADM1.00005,rice_paddy,Northern Spring Rice,2010,5.066666666666666,0.14112511166666664
VN.ADM1.00011,rice_paddy,Northern Spring Rice,2010,5.955555555555556,0.11200026811111112
VN.ADM1.00012,rice_paddy,Northern Spring Rice,2010,6.608414239482201,0.07517853411111111
VN.ADM1.00013,rice_paddy,Northern Spring Rice,2010,5.719148936170213,0.12108648555555557
VN.ADM1.00015,rice_paddy,Northern Spring Rice,2010,5.63448275862069,0.1696621971111111
VN.ADM1.00016,rice_paddy,Northern Spring Rice,2010,6.1833810888252145,0.08776437322222222
VN.ADM1.00020,rice_paddy,Northern Spring Rice,2010,5.290566037735849,0.15739674777777776
VN.ADM1.00027,rice_paddy,Northern Spring Rice,2010,5.73706591070163,0.1340505511111111
VN.ADM1.00028,rice_paddy,Northern Spring Rice,2010,5.914994096812278,0.19087957111111115
VN.ADM1.00029,rice_paddy,Northern Spring Rice,2010,6.339912280701754,0.18602978888888888
VN.ADM1.00030,rice_paddy,Northern Spring Rice,2010,5.118790496760259,0.18137959888888888
VN.ADM1.00036,rice_paddy,Northern Spring Rice,2010,5.994229183841715,0.11265206899999998
VN.ADM1.00037,rice_paddy,Northern Spring Rice,2010,5.858139534883721,0.16508018177777775
VN.ADM1.00039,rice_paddy,Northern Spring Rice,2010,5.469879518072289,0.13869058333333334
VN.ADM1.00002,rice_paddy,Northern Spring Rice,2011,5.459677419354839,0.14963832200000002
VN.ADM1.00004,rice_paddy,Northern Spring Rice,2011,5.579078455790785,0.108553591
VN.ADM1.00005,rice_paddy,Northern Spring Rice,2011,5.121212121212121,0.1496893018888889
VN.ADM1.00011,rice_paddy,Northern Spring Rice,2011,6.4,0.10274506411111112
VN.ADM1.00012,rice_paddy,Northern Spring Rice,2011,6.7380025940337225,0.08074981811111111
VN.ADM1.00013,rice_paddy,Northern Spring Rice,2011,6.194562446898895,0.11321322955555553
VN.ADM1.00015,rice_paddy,Northern Spring Rice,2011,5.801346801346801,0.13727312611111112
VN.ADM1.00016,rice_paddy,Northern Spring Rice,2011,6.835892514395393,0.09214620733333334
VN.ADM1.00020,rice_paddy,Northern Spring Rice,2011,5.397810218978102,0.12299900088888889
VN.ADM1.00027,rice_paddy,Northern Spring Rice,2011,6.047752808988764,0.12011619422222222
VN.ADM1.00028,rice_paddy,Northern Spring Rice,2011,5.724056603773585,0.15919345555555553
VN.ADM1.00029,rice_paddy,Northern Spring Rice,2011,5.832244008714597,0.16252339177777778
VN.ADM1.00030,rice_paddy,Northern Spring Rice,2011,4.743534482758621,0.14791951477777776
VN.ADM1.00036,rice_paddy,Northern Spring Rice,2011,6.294021294021294,0.108666452
VN.ADM1.00037,rice_paddy,Northern Spring Rice,2011,6.184615384615385,0.17326911222222222
VN.ADM1.00039,rice_paddy,Northern Spring Rice,2011,5.873873873873874,0.11935812544444446
VN.ADM1.00002,rice_paddy,Northern Spring Rice,2012,5.284960422163588,0.15436116400000002
VN.ADM1.00004,rice_paddy,Northern Spring Rice,2012,5.6345679012345675,0.12806015033333332
VN.ADM1.00005,rice_paddy,Northern Spring Rice,2012,5.09375,0.1484718866666667
VN.ADM1.00011,rice_paddy,Northern Spring Rice,2012,6.322185061315496,0.11050362911111111
VN.ADM1.00012,rice_paddy,Northern Spring Rice,2012,6.719765929778934,0.08184260017777778
VN.ADM1.00013,rice_paddy,Northern Spring Rice,2012,6.0864093959731544,0.11718356388888888
VN.ADM1.00015,rice_paddy,Northern Spring Rice,2012,5.726666666666667,0.15989198622222223
VN.ADM1.00016,rice_paddy,Northern Spring Rice,2012,6.6673058485139025,0.09400370983333334
VN.ADM1.00020,rice_paddy,Northern Spring Rice,2012,5.4714285714285715,0.14935314977777778
VN.ADM1.00027,rice_paddy,Northern Spring Rice,2012,6.069686411149826,0.1351126941111111
VN.ADM1.00028,rice_paddy,Northern Spring Rice,2012,6.0,0.19239452111111113
VN.ADM1.00029,rice_paddy,Northern Spring Rice,2012,6.015151515151516,0.19298557333333333
VN.ADM1.00030,rice_paddy,Northern Spring Rice,2012,5.516129032258065,0.16939083222222223
VN.ADM1.00036,rice_paddy,Northern Spring Rice,2012,6.430668841761827,0.12105694611111112
VN.ADM1.00037,rice_paddy,Northern Spring Rice,2012,5.995735607675906,0.18564887666666668
VN.ADM1.00039,rice_paddy,Northern Spring Rice,2012,5.834808259587021,0.1332381507777778
VN.ADM1.00002,rice_paddy,Northern Spring Rice,2013,5.378947368421053,0.13756410466666666
VN.ADM1.00004,rice_paddy,Northern Spring Rice,2013,5.524390243902439,0.15106891711111112
VN.ADM1.00005,rice_paddy,Northern Spring Rice,2013,5.205882352941177,0.14450546644444445
VN.ADM1.00011,rice_paddy,Northern Spring Rice,2013,6.234375,0.1063114798888889
VN.ADM1.00012,rice_paddy,Northern Spring Rice,2013,6.741787122207621,0.08068543933333333
VN.ADM1.00013,rice_paddy,Northern Spring Rice,2013,6.049621530698065,0.11474242944444445
VN.ADM1.00015,rice_paddy,Northern Spring Rice,2013,5.84,0.143908048
VN.ADM1.00016,rice_paddy,Northern Spring Rice,2013,6.507707129094412,0.08619190433333333
VN.ADM1.00020,rice_paddy,Northern Spring Rice,2013,5.470175438596491,0.13709152066666666
VN.ADM1.00027,rice_paddy,Northern Spring Rice,2013,5.8785565579458705,0.15002226577777775
VN.ADM1.00028,rice_paddy,Northern Spring Rice,2013,6.036643026004728,0.20934449622222223
VN.ADM1.00029,rice_paddy,Northern Spring Rice,2013,6.4482029598308666,0.20626266777777777
VN.ADM1.00030,rice_paddy,Northern Spring Rice,2013,5.567391304347826,0.1944336272222222
VN.ADM1.00036,rice_paddy,Northern Spring Rice,2013,6.203265306122449,0.12087880077777778
VN.ADM1.00037,rice_paddy,Northern Spring Rice,2013,6.039094650205762,0.16821952
VN.ADM1.00039,rice_paddy,Northern Spring Rice,2013,5.902366863905326,0.12391750288888888
VN.ADM1.00002,rice_paddy,Northern Spring Rice,2014,5.21227621483376,0.1487931511111111
VN.ADM1.00004,rice_paddy,Northern Spring Rice,2014,5.9034981905910735,0.12001350588888887
VN.ADM1.00005,rice_paddy,Northern Spring Rice,2014,5.090909090909091,0.16292445033333333
VN.ADM1.00011,rice_paddy,Northern Spring Rice,2014,6.004439511653718,0.11168777533333334
VN.ADM1.00012,rice_paddy,Northern Spring Rice,2014,6.748514851485148,0.08619205811111111
VN.ADM1.00013,rice_paddy,Northern Spring Rice,2014,6.046689303904923,0.12059869177777778
VN.ADM1.00015,rice_paddy,Northern Spring Rice,2014,5.827702702702703,0.15130201377777777
VN.ADM1.00016,rice_paddy,Northern Spring Rice,2014,6.47219512195122,0.09884557155555555
VN.ADM1.00020,rice_paddy,Northern Spring Rice,2014,5.391003460207613,0.13587195644444447
VN.ADM1.00027,rice_paddy,Northern Spring Rice,2014,6.220027247956403,0.13283246888888892
VN.ADM1.00028,rice_paddy,Northern Spring Rice,2014,6.402777777777778,0.18205564166666666
VN.ADM1.00029,rice_paddy,Northern Spring Rice,2014,6.75,0.15008095555555553
VN.ADM1.00030,rice_paddy,Northern Spring Rice,2014,5.721030042918455,0.16433022344444445
VN.ADM1.00036,rice_paddy,Northern Spring Rice,2014,6.452419354838709,0.11829216144444445
VN.ADM1.00037,rice_paddy,Northern Spring Rice,2014,6.394990366088632,0.1738402011111111
VN.ADM1.00039,rice_paddy,Northern Spring Rice,2014,5.886430678466077,0.12865121000000002
VN.ADM1.00002,rice_paddy,Northern Spring Rice,2015,5.48989898989899,0.16572656666666666
VN.ADM1.00004,rice_paddy,Northern Spring Rice,2015,5.814593301435407,0.13597520666666665
VN.ADM1.00005,rice_paddy,Northern Spring Rice,2015,5.151515151515151,0.17219837566666665
VN.ADM1.00011,rice_paddy,Northern Spring Rice,2015,6.190848214285714,0.11829145977777777
VN.ADM1.00012,rice_paddy,Northern Spring Rice,2015,6.772034459907223,0.0858575202222222
VN.ADM1.00013,rice_paddy,Northern Spring Rice,2015,6.0204429301533215,0.12601788088888888
VN.ADM1.00015,rice_paddy,Northern Spring Rice,2015,5.842281879194631,0.1658027516666667
VN.ADM1.00016,rice_paddy,Northern Spring Rice,2015,6.512437810945274,0.09922923777777777
VN.ADM1.00020,rice_paddy,Northern Spring Rice,2015,5.503401360544218,0.151286489
VN.ADM1.00027,rice_paddy,Northern Spring Rice,2015,5.899732620320855,0.13461300377777777
VN.ADM1.00028,rice_paddy,Northern Spring Rice,2015,6.419908466819222,0.1916930328888889
VN.ADM1.00029,rice_paddy,Northern Spring Rice,2015,6.889125799573561,0.16904357044444446
VN.ADM1.00030,rice_paddy,Northern Spring Rice,2015,5.549568965517241,0.17876469666666667
VN.ADM1.00036,rice_paddy,Northern Spring Rice,2015,6.300963081861958,0.11844555488888887
VN.ADM1.00037,rice_paddy,Northern Spring Rice,2015,6.427966101694915,0.16444231666666667
VN.ADM1.00039,rice_paddy,Northern Spring Rice,2015,5.83235294117647,0.13996703644444441
VN.ADM1.00002,rice_paddy,Northern Spring Rice,2016,5.4975,0.15817764444444446
VN.ADM1.00004,rice_paddy,Northern Spring Rice,2016,5.935483870967742,0.14306386944444444
VN.ADM1.00005,rice_paddy,Northern Spring Rice,2016,5.111111111111111,0.17462505155555552
VN.ADM1.00011,rice_paddy,Northern Spring Rice,2016,6.208333333333333,0.11037736611111111
VN.ADM1.00012,rice_paddy,Northern Spring Rice,2016,6.788911155644622,0.08397217588888889
VN.ADM1.00013,rice_paddy,Northern Spring Rice,2016,6.043140638481449,0.12080440633333334
VN.ADM1.00015,rice_paddy,Northern Spring Rice,2016,5.8839590443686,0.16692849944444443
VN.ADM1.00016,rice_paddy,Northern Spring Rice,2016,6.50920245398773,0.09261156433333333
VN.ADM1.00020,rice_paddy,Northern Spring Rice,2016,5.548494983277592,0.15324014444444442
VN.ADM1.00027,rice_paddy,Northern Spring Rice,2016,6.211088844355378,0.14583238944444446
VN.ADM1.00028,rice_paddy,Northern Spring Rice,2016,6.046803652968037,0.19220219
VN.ADM1.00029,rice_paddy,Northern Spring Rice,2016,6.532327586206897,0.1811661066666667
VN.ADM1.00030,rice_paddy,Northern Spring Rice,2016,5.148148148148148,0.1752545911111111
VN.ADM1.00036,rice_paddy,Northern Spring Rice,2016,6.444894651539708,0.11933873922222221
VN.ADM1.00037,rice_paddy,Northern Spring Rice,2016,6.440860215053763,0.18197292333333331
VN.ADM1.00039,rice_paddy,Northern Spring Rice,2016,5.9209370424597365,0.14082807166666667
VN.ADM1.00002,rice_paddy,Northern Spring Rice,2017,5.544529262086514,0.1550519
VN.ADM1.00004,rice_paddy,Northern Spring Rice,2017,6.030805687203792,0.063238302
VN.ADM1.00005,rice_paddy,Northern Spring Rice,2017,5.055555555555555,0.135309435
VN.ADM1.00011,rice_paddy,Northern Spring Rice,2017,6.201845444059977,0.086798738
VN.ADM1.00012,rice_paddy,Northern Spring Rice,2017,6.793360433604336,0.0473764365
VN.ADM1.00013,rice_paddy,Northern Spring Rice,2017,6.062720848056537,0.1020828925
VN.ADM1.00015,rice_paddy,Northern Spring Rice,2017,5.896551724137931,0.15038679
VN.ADM1.00016,rice_paddy,Northern Spring Rice,2017,6.536919831223629,0.0575311415
VN.ADM1.00020,rice_paddy,Northern Spring Rice,2017,5.579124579124579,0.13414521000000001
VN.ADM1.00027,rice_paddy,Northern Spring Rice,2017,5.619867549668874,0.090349578
VN.ADM1.00028,rice_paddy,Northern Spring Rice,2017,6.40418118466899,0.125550875
VN.ADM1.00029,rice_paddy,Northern Spring Rice,2017,6.502136752136752,0.13910736499999998
VN.ADM1.00030,rice_paddy,Northern Spring Rice,2017,5.676923076923077,0.0884747525
VN.ADM1.00036,rice_paddy,Northern Spring Rice,2017,6.502454991816694,0.084878215
VN.ADM1.00037,rice_paddy,Northern Spring Rice,2017,6.264990328820116,0.195159145
VN.ADM1.00039,rice_paddy,Northern Spring Rice,2017,6.043923865300147,0.12782042
VN.ADM1.00002,rice_paddy,Northern Spring Rice,2018,5.664102564102564,
VN.ADM1.00004,rice_paddy,Northern Spring Rice,2018,6.09112426035503,
VN.ADM1.00005,rice_paddy,Northern Spring Rice,2018,5.083333333333333,
VN.ADM1.00011,rice_paddy,Northern Spring Rice,2018,6.3123515439429925,
VN.ADM1.00012,rice_paddy,Northern Spring Rice,2018,6.821673525377229,
VN.ADM1.00013,rice_paddy,Northern Spring Rice,2018,6.220494053064959,
VN.ADM1.00015,rice_paddy,Northern Spring Rice,2018,5.947916666666667,
VN.ADM1.00016,rice_paddy,Northern Spring Rice,2018,6.712731229597389,
VN.ADM1.00020,rice_paddy,Northern Spring Rice,2018,5.674496644295302,
VN.ADM1.00027,rice_paddy,Northern Spring Rice,2018,6.310026385224274,
VN.ADM1.00028,rice_paddy,Northern Spring Rice,2018,6.518475750577367,
VN.ADM1.00029,rice_paddy,Northern Spring Rice,2018,7.014893617021277,
VN.ADM1.00030,rice_paddy,Northern Spring Rice,2018,5.838852097130243,
VN.ADM1.00036,rice_paddy,Northern Spring Rice,2018,6.6711297071129705,
VN.ADM1.00037,rice_paddy,Northern Spring Rice,2018,6.4743589743589745,
VN.ADM1.00039,rice_paddy,Northern Spring Rice,2018,6.247787610619469,
VN.ADM1.00002,rice_paddy,Northern Spring Rice,2019,5.594315245478036,
VN.ADM1.00004,rice_paddy,Northern Spring Rice,2019,6.1350710900473935,
VN.ADM1.00005,rice_paddy,Northern Spring Rice,2019,5.083333333333333,
VN.ADM1.00011,rice_paddy,Northern Spring Rice,2019,6.168674698795181,
VN.ADM1.00012,rice_paddy,Northern Spring Rice,2019,6.803719008264463,
VN.ADM1.00013,rice_paddy,Northern Spring Rice,2019,5.858614232209738,
VN.ADM1.00015,rice_paddy,Northern Spring Rice,2019,5.922807017543859,
VN.ADM1.00016,rice_paddy,Northern Spring Rice,2019,6.442093541202673,
VN.ADM1.00020,rice_paddy,Northern Spring Rice,2019,5.697986577181208,
VN.ADM1.00027,rice_paddy,Northern Spring Rice,2019,6.205398288347597,
VN.ADM1.00028,rice_paddy,Northern Spring Rice,2019,6.583333333333333,
VN.ADM1.00029,rice_paddy,Northern Spring Rice,2019,7.025695931477516,
VN.ADM1.00030,rice_paddy,Northern Spring Rice,2019,5.8084632516703785,
VN.ADM1.00036,rice_paddy,Northern Spring Rice,2019,6.531302876480542,
VN.ADM1.00037,rice_paddy,Northern Spring Rice,2019,6.523105360443623,
VN.ADM1.00039,rice_paddy,Northern Spring Rice,2019,6.059970014992504,
VN.ADM1.00002,rice_paddy,Northern Spring Rice,2020,5.544041450777202,
VN.ADM1.00004,rice_paddy,Northern Spring Rice,2020,6.022565320665083,
VN.ADM1.00005,rice_paddy,Northern Spring Rice,2020,5.194444444444445,
VN.ADM1.00011,rice_paddy,Northern Spring Rice,2020,6.1839506172839505,
VN.ADM1.00012,rice_paddy,Northern Spring Rice,2020,6.801259622113366,
VN.ADM1.00013,rice_paddy,Northern Spring Rice,2020,5.930232558139535,
VN.ADM1.00015,rice_paddy,Northern Spring Rice,2020,5.9298245614035086,
VN.ADM1.00016,rice_paddy,Northern Spring Rice,2020,6.461181923522596,
VN.ADM1.00020,rice_paddy,Northern Spring Rice,2020,5.677852348993288,
VN.ADM1.00027,rice_paddy,Northern Spring Rice,2020,6.194591029023747,
VN.ADM1.00028,rice_paddy,Northern Spring Rice,2020,6.6055684454756385,
VN.ADM1.00029,rice_paddy,Northern Spring Rice,2020,7.08008658008658,
VN.ADM1.00030,rice_paddy,Northern Spring Rice,2020,5.912359550561797,
VN.ADM1.00036,rice_paddy,Northern Spring Rice,2020,6.444922547332186,
VN.ADM1.00037,rice_paddy,Northern Spring Rice,2020,6.6725146198830405,
VN.ADM1.00039,rice_paddy,Northern Spring Rice,2020,6.027190332326284,
VN.ADM1.00002,rice_paddy,Northern Spring Rice,2021,5.697368421052632,
VN.ADM1.00004,rice_paddy,Northern Spring Rice,2021,6.437425506555424,
VN.ADM1.00005,rice_paddy,Northern Spring Rice,2021,5.222222222222222,
VN.ADM1.00011,rice_paddy,Northern Spring Rice,2021,6.263819095477387,
VN.ADM1.00012,rice_paddy,Northern Spring Rice,2021,6.821656050955414,
VN.ADM1.00013,rice_paddy,Northern Spring Rice,2021,6.197044334975369,
VN.ADM1.00015,rice_paddy,Northern Spring Rice,2021,5.978798586572438,
VN.ADM1.00016,rice_paddy,Northern Spring Rice,2021,6.631704410011919,
VN.ADM1.00020,rice_paddy,Northern Spring Rice,2021,5.763513513513513,
VN.ADM1.00027,rice_paddy,Northern Spring Rice,2021,6.479497354497354,
VN.ADM1.00028,rice_paddy,Northern Spring Rice,2021,6.812354312354312,
VN.ADM1.00029,rice_paddy,Northern Spring Rice,2021,7.423655913978495,
VN.ADM1.00030,rice_paddy,Northern Spring Rice,2021,6.2272727272727275,
VN.ADM1.00036,rice_paddy,Northern Spring Rice,2021,6.682567215958369,
VN.ADM1.00037,rice_paddy,Northern Spring Rice,2021,6.74582560296846,
VN.ADM1.00039,rice_paddy,Northern Spring Rice,2021,6.22644376899696,
VN.ADM1.00002,rice_paddy,Northern Spring Rice,2022,5.680738786279683,
VN.ADM1.00004,rice_paddy,Northern Spring Rice,2022,4.888755980861244,
VN.ADM1.00005,rice_paddy,Northern Spring Rice,2022,5.162162162162162,
VN.ADM1.00011,rice_paddy,Northern Spring Rice,2022,6.247119078104993,
VN.ADM1.00012,rice_paddy,Northern Spring Rice,2022,6.802142857142857,
VN.ADM1.00013,rice_paddy,Northern Spring Rice,2022,6.1017964071856285,
VN.ADM1.00015,rice_paddy,Northern Spring Rice,2022,5.957597173144876,
VN.ADM1.00016,rice_paddy,Northern Spring Rice,2022,6.724725943970768,
VN.ADM1.00020,rice_paddy,Northern Spring Rice,2022,5.775510204081633,
VN.ADM1.00027,rice_paddy,Northern Spring Rice,2022,6.220753469927296,
VN.ADM1.00028,rice_paddy,Northern Spring Rice,2022,6.565116279069767,
VN.ADM1.00029,rice_paddy,Northern Spring Rice,2022,6.483940042826553,
VN.ADM1.00030,rice_paddy,Northern Spring Rice,2022,5.6281179138322,
VN.ADM1.00036,rice_paddy,Northern Spring Rice,2022,6.451443569553806,
VN.ADM1.00037,rice_paddy,Northern Spring Rice,2022,6.655052264808362,
VN.ADM1.00039,rice_paddy,Northern Spring Rice,2022,5.658986175115207,
VN.ADM1.00002,rice_paddy,Northern Spring Rice,2023,5.592,
VN.ADM1.00004,rice_paddy,Northern Spring Rice,2023,6.330143540669856,
VN.ADM1.00005,rice_paddy,Northern Spring Rice,2023,4.805555555555555,
VN.ADM1.00011,rice_paddy,Northern Spring Rice,2023,6.233681462140992,
VN.ADM1.00012,rice_paddy,Northern Spring Rice,2023,6.825522710886806,
VN.ADM1.00013,rice_paddy,Northern Spring Rice,2023,6.215151515151515,
VN.ADM1.00015,rice_paddy,Northern Spring Rice,2023,5.960854092526691,
VN.ADM1.00016,rice_paddy,Northern Spring Rice,2023,6.613065326633166,
VN.ADM1.00020,rice_paddy,Northern Spring Rice,2023,5.755102040816326,
VN.ADM1.00027,rice_paddy,Northern Spring Rice,2023,6.518248175182482,
VN.ADM1.00028,rice_paddy,Northern Spring Rice,2023,6.709411764705882,
VN.ADM1.00029,rice_paddy,Northern Spring Rice,2023,6.974025974025974,
VN.ADM1.00030,rice_paddy,Northern Spring Rice,2023,6.1438356164383565,
VN.ADM1.00036,rice_paddy,Northern Spring Rice,2023,6.708003518029903,
VN.ADM1.00037,rice_paddy,Northern Spring Rice,2023,6.6855123674911665,
VN.ADM1.00039,rice_paddy,Northern Spring Rice,2023,6.13312693498452,
VN.ADM1.00001,rice_paddy,Southern Autumn Rice,1995,4.162162162162162,
VN.ADM1.00006,rice_paddy,Southern Autumn Rice,1995,3.8344827586206898,
VN.ADM1.00008,rice_paddy,Southern Autumn Rice,1995,3.283582089552239,
VN.ADM1.00009,rice_paddy,Southern Autumn Rice,1995,3.621081081081081,
VN.ADM1.00018,rice_paddy,Southern Autumn Rice,1995,3.870426829268293,
VN.ADM1.00019,rice_paddy,Southern Autumn Rice,1995,3.381294964028777,
VN.ADM1.00021,rice_paddy,Southern Autumn Rice,1995,3.7005882352941177,
VN.ADM1.00025,rice_paddy,Southern Autumn Rice,1995,2.9166666666666665,
VN.ADM1.00034,rice_paddy,Southern Autumn Rice,1995,2.6597938144329896,
VN.ADM1.00001,rice_paddy,Southern Autumn Rice,1996,3.849540396710208,
VN.ADM1.00006,rice_paddy,Southern Autumn Rice,1996,3.48582995951417,
VN.ADM1.00008,rice_paddy,Southern Autumn Rice,1996,3.3694029850746268,
VN.ADM1.00009,rice_paddy,Southern Autumn Rice,1996,3.653731343283582,
VN.ADM1.00018,rice_paddy,Southern Autumn Rice,1996,3.5473078933612125,
VN.ADM1.00019,rice_paddy,Southern Autumn Rice,1996,3.562913907284768,
VN.ADM1.00021,rice_paddy,Southern Autumn Rice,1996,2.9286726499763818,
VN.ADM1.00025,rice_paddy,Southern Autumn Rice,1996,2.4812286689419794,
VN.ADM1.00026,rice_paddy,Southern Autumn Rice,1996,3.161189358372457,
VN.ADM1.00033,rice_paddy,Southern Autumn Rice,1996,2.611111111111111,
VN.ADM1.00034,rice_paddy,Southern Autumn Rice,1996,2.8338192419825075,
VN.ADM1.00001,rice_paddy,Southern Autumn Rice,1997,3.42,
VN.ADM1.00006,rice_paddy,Southern Autumn Rice,1997,3.553590010405827,
VN.ADM1.00008,rice_paddy,Southern Autumn Rice,1997,2.8515625,
VN.ADM1.00009,rice_paddy,Southern Autumn Rice,1997,3.580148317170565,
VN.ADM1.00018,rice_paddy,Southern Autumn Rice,1997,3.550381033022862,
VN.ADM1.00019,rice_paddy,Southern Autumn Rice,1997,3.2,
VN.ADM1.00021,rice_paddy,Southern Autumn Rice,1997,3.2690677966101696,
VN.ADM1.00025,rice_paddy,Southern Autumn Rice,1997,2.330781010719755,
VN.ADM1.00026,rice_paddy,Southern Autumn Rice,1997,3.8373408769448374,
VN.ADM1.00033,rice_paddy,Southern Autumn Rice,1997,2.975,
VN.ADM1.00034,rice_paddy,Southern Autumn Rice,1997,2.8072289156626504,
VN.ADM1.00001,rice_paddy,Southern Autumn Rice,1998,3.5525,
VN.ADM1.00006,rice_paddy,Southern Autumn Rice,1998,3.3501303214596003,
VN.ADM1.00008,rice_paddy,Southern Autumn Rice,1998,2.797752808988764,
VN.ADM1.00009,rice_paddy,Southern Autumn Rice,1998,3.4679144385026737,
VN.ADM1.00018,rice_paddy,Southern Autumn Rice,1998,3.743690271992159,
VN.ADM1.00019,rice_paddy,Southern Autumn Rice,1998,3.3308823529411766,
VN.ADM1.00021,rice_paddy,Southern Autumn Rice,1998,3.2686746987951807,
VN.ADM1.00025,rice_paddy,Southern Autumn Rice,1998,2.4501672240802677,
VN.ADM1.00026,rice_paddy,Southern Autumn Rice,1998,3.888170055452865,
VN.ADM1.00033,rice_paddy,Southern Autumn Rice,1998,2.871794871794872,
VN.ADM1.00034,rice_paddy,Southern Autumn Rice,1998,2.839541547277937,
VN.ADM1.00001,rice_paddy,Southern Autumn Rice,1999,3.5183585313174945,
VN.ADM1.00006,rice_paddy,Southern Autumn Rice,1999,3.811713665943601,
VN.ADM1.00008,rice_paddy,Southern Autumn Rice,1999,2.819397993311037,
VN.ADM1.00009,rice_paddy,Southern Autumn Rice,1999,3.8958767180341525,
VN.ADM1.00018,rice_paddy,Southern Autumn Rice,1999,3.737654992386339,
VN.ADM1.00019,rice_paddy,Southern Autumn Rice,1999,3.3266666666666667,
VN.ADM1.00021,rice_paddy,Southern Autumn Rice,1999,3.5549472037544,
VN.ADM1.00025,rice_paddy,Southern Autumn Rice,1999,2.9638346727898965,
VN.ADM1.00026,rice_paddy,Southern Autumn Rice,1999,3.9531722054380665,
VN.ADM1.00033,rice_paddy,Southern Autumn Rice,1999,3.0,
VN.ADM1.00034,rice_paddy,Southern Autumn Rice,1999,3.1466083150984683,
VN.ADM1.00001,rice_paddy,Southern Autumn Rice,2000,3.466494845360825,
VN.ADM1.00006,rice_paddy,Southern Autumn Rice,2000,3.964318813716404,
VN.ADM1.00008,rice_paddy,Southern Autumn Rice,2000,3.31055900621118,
VN.ADM1.00009,rice_paddy,Southern Autumn Rice,2000,3.332681973619932,
VN.ADM1.00018,rice_paddy,Southern Autumn Rice,2000,3.9334817012858556,
VN.ADM1.00019,rice_paddy,Southern Autumn Rice,2000,3.503401360544218,
VN.ADM1.00021,rice_paddy,Southern Autumn Rice,2000,3.868490071187711,
VN.ADM1.00025,rice_paddy,Southern Autumn Rice,2000,2.5762514551804423,
VN.ADM1.00026,rice_paddy,Southern Autumn Rice,2000,4.241217798594848,
VN.ADM1.00033,rice_paddy,Southern Autumn Rice,2000,3.048780487804878,
VN.ADM1.00034,rice_paddy,Southern Autumn Rice,2000,3.1786407766990292,
VN.ADM1.00001,rice_paddy,Southern Autumn Rice,2001,3.7600708277999115,0.0689026399
VN.ADM1.00006,rice_paddy,Southern Autumn Rice,2001,3.6549889135254987,0.16664640428571428
VN.ADM1.00008,rice_paddy,Southern Autumn Rice,2001,3.130434782608696,0.2536345357142857
VN.ADM1.00009,rice_paddy,Southern Autumn Rice,2001,3.6000988630746416,0.11829471142857143
VN.ADM1.00018,rice_paddy,Southern Autumn Rice,2001,3.9183381088825215,0.16315333714285715
VN.ADM1.00019,rice_paddy,Southern Autumn Rice,2001,3.3629032258064515,0.16205178285714283
VN.ADM1.00021,rice_paddy,Southern Autumn Rice,2001,3.6448005963473724,0.1072382784285714
VN.ADM1.00025,rice_paddy,Southern Autumn Rice,2001,2.8023180940115906,0.086125487
VN.ADM1.00026,rice_paddy,Southern Autumn Rice,2001,4.044423440453686,0.09215181800000001
VN.ADM1.00033,rice_paddy,Southern Autumn Rice,2001,3.0476190476190474,0.2867217985714286
VN.ADM1.00034,rice_paddy,Southern Autumn Rice,2001,3.1019955654101996,0.20942599857142855
VN.ADM1.00001,rice_paddy,Southern Autumn Rice,2002,4.619626926196269,0.09122242005714286
VN.ADM1.00006,rice_paddy,Southern Autumn Rice,2002,3.9224414869206057,0.18396875142857144
VN.ADM1.00008,rice_paddy,Southern Autumn Rice,2002,3.128834355828221,0.2587975142857143
VN.ADM1.00009,rice_paddy,Southern Autumn Rice,2002,3.9657503379900856,0.14371017028571428
VN.ADM1.00018,rice_paddy,Southern Autumn Rice,2002,4.114356884057971,0.18658455142857142
VN.ADM1.00019,rice_paddy,Southern Autumn Rice,2002,3.2831858407079646,0.15810376285714287
VN.ADM1.00021,rice_paddy,Southern Autumn Rice,2002,3.957381520627344,0.10582861257142859
VN.ADM1.00025,rice_paddy,Southern Autumn Rice,2002,2.9855595667870034,0.09696199257142857
VN.ADM1.00026,rice_paddy,Southern Autumn Rice,2002,4.192727272727272,0.0887505877142857
VN.ADM1.00033,rice_paddy,Southern Autumn Rice,2002,3.128205128205128,0.28232224142857143
VN.ADM1.00034,rice_paddy,Southern Autumn Rice,2002,3.3858921161825726,0.22112592
VN.ADM1.00001,rice_paddy,Southern Autumn Rice,2003,4.544331395348837,0.11957315814285716
VN.ADM1.00006,rice_paddy,Southern Autumn Rice,2003,3.964759725400458,0.16781678857142857
VN.ADM1.00008,rice_paddy,Southern Autumn Rice,2003,3.4380664652567976,0.26848187142857144
VN.ADM1.00009,rice_paddy,Southern Autumn Rice,2003,3.9991427346763824,0.15550667871428572
VN.ADM1.00018,rice_paddy,Southern Autumn Rice,2003,4.062486002239642,0.1754610394285714
VN.ADM1.00019,rice_paddy,Southern Autumn Rice,2003,3.4174757281553396,0.15292890571428572
VN.ADM1.00021,rice_paddy,Southern Autumn Rice,2003,3.7192349332370984,0.11220229357142857
VN.ADM1.00025,rice_paddy,Southern Autumn Rice,2003,3.2313167259786475,0.12492528571428574
VN.ADM1.00026,rice_paddy,Southern Autumn Rice,2003,4.098484848484849,0.0789894697142857
VN.ADM1.00033,rice_paddy,Southern Autumn Rice,2003,3.263157894736842,0.27684675142857146
VN.ADM1.00034,rice_paddy,Southern Autumn Rice,2003,3.62992125984252,0.22317979999999998
VN.ADM1.00001,rice_paddy,Southern Autumn Rice,2004,5.261224489795918,0.11677504371428572
VN.ADM1.00006,rice_paddy,Southern Autumn Rice,2004,4.035665914221219,0.1599654014285714
VN.ADM1.00008,rice_paddy,Southern Autumn Rice,2004,3.7051671732522795,0.24486758
VN.ADM1.00009,rice_paddy,Southern Autumn Rice,2004,4.506187624750499,0.1552170242857143
VN.ADM1.00018,rice_paddy,Southern Autumn Rice,2004,4.227576665898086,0.18152442
VN.ADM1.00019,rice_paddy,Southern Autumn Rice,2004,3.5714285714285716,0.14331658
VN.ADM1.00021,rice_paddy,Southern Autumn Rice,2004,4.187849162011173,0.10522067628571428
VN.ADM1.00025,rice_paddy,Southern Autumn Rice,2004,3.746556473829201,0.12535350057142855
VN.ADM1.00026,rice_paddy,Southern Autumn Rice,2004,4.327922077922078,0.06907197142857144
VN.ADM1.00033,rice_paddy,Southern Autumn Rice,2004,3.3421052631578947,0.2569731514285714
VN.ADM1.00034,rice_paddy,Southern Autumn Rice,2004,4.039419087136929,0.2179411428571429
VN.ADM1.00001,rice_paddy,Southern Autumn Rice,2005,5.262328077826233,0.10014084371428571
VN.ADM1.00006,rice_paddy,Southern Autumn Rice,2005,4.0340856748042375,0.15887114428571428
VN.ADM1.00008,rice_paddy,Southern Autumn Rice,2005,3.926829268292683,0.2519119514285714
VN.ADM1.00009,rice_paddy,Southern Autumn Rice,2005,4.703857791225416,0.14361613971428572
VN.ADM1.00018,rice_paddy,Southern Autumn Rice,2005,4.379816513761468,0.16737442857142856
VN.ADM1.00019,rice_paddy,Southern Autumn Rice,2005,3.0136986301369864,0.13804176571428572
VN.ADM1.00021,rice_paddy,Southern Autumn Rice,2005,4.276184122748499,0.0998752462857143
VN.ADM1.00025,rice_paddy,Southern Autumn Rice,2005,3.561463693539165,0.10632017371428572
VN.ADM1.00026,rice_paddy,Southern Autumn Rice,2005,4.513713080168777,0.06706992728571429
VN.ADM1.00033,rice_paddy,Southern Autumn Rice,2005,3.212121212121212,0.2552980142857143
VN.ADM1.00034,rice_paddy,Southern Autumn Rice,2005,3.850117096018735,0.21425972999999998
VN.ADM1.00001,rice_paddy,Southern Autumn Rice,2006,5.005658242172765,0.0903433871
VN.ADM1.00006,rice_paddy,Southern Autumn Rice,2006,4.051526717557252,0.15817807428571426
VN.ADM1.00008,rice_paddy,Southern Autumn Rice,2006,3.694610778443114,0.24373963571428572
VN.ADM1.00009,rice_paddy,Southern Autumn Rice,2006,4.2713365539452495,0.13104415
VN.ADM1.00018,rice_paddy,Southern Autumn Rice,2006,4.217250922509225,0.1649268142857143
VN.ADM1.00019,rice_paddy,Southern Autumn Rice,2006,2.943661971830986,0.13723943999999996
VN.ADM1.00021,rice_paddy,Southern Autumn Rice,2006,3.6820966643975495,0.09867645971428571
VN.ADM1.00025,rice_paddy,Southern Autumn Rice,2006,2.912663755458515,0.11513782900000001
VN.ADM1.00026,rice_paddy,Southern Autumn Rice,2006,4.13463751438435,0.068748466
VN.ADM1.00033,rice_paddy,Southern Autumn Rice,2006,3.3448275862068964,0.25775681285714286
VN.ADM1.00034,rice_paddy,Southern Autumn Rice,2006,4.151658767772512,0.2128941614285714
VN.ADM1.00001,rice_paddy,Southern Autumn Rice,2007,5.261238938053097,0.11655467914285715
VN.ADM1.00006,rice_paddy,Southern Autumn Rice,2007,4.544177881802224,0.18167000428571428
VN.ADM1.00008,rice_paddy,Southern Autumn Rice,2007,4.022364217252396,0.24067162285714286
VN.ADM1.00009,rice_paddy,Southern Autumn Rice,2007,4.699622957687474,0.152893259
VN.ADM1.00018,rice_paddy,Southern Autumn Rice,2007,4.552467532467532,0.17467817714285713
VN.ADM1.00019,rice_paddy,Southern Autumn Rice,2007,3.5,0.14567624628571427
VN.ADM1.00021,rice_paddy,Southern Autumn Rice,2007,4.618993993993994,0.10394214742857144
VN.ADM1.00025,rice_paddy,Southern Autumn Rice,2007,3.934563758389262,0.13179120085714288
VN.ADM1.00026,rice_paddy,Southern Autumn Rice,2007,3.8868980963045914,0.06804000028571429
VN.ADM1.00033,rice_paddy,Southern Autumn Rice,2007,3.423076923076923,0.248184
VN.ADM1.00034,rice_paddy,Southern Autumn Rice,2007,4.2813852813852815,0.21635444714285715
VN.ADM1.00001,rice_paddy,Southern Autumn Rice,2008,5.506621496766246,0.10847464857142859
VN.ADM1.00006,rice_paddy,Southern Autumn Rice,2008,4.483081728266528,0.17066534285714288
VN.ADM1.00008,rice_paddy,Southern Autumn Rice,2008,4.068656716417911,0.25088768285714286
VN.ADM1.00009,rice_paddy,Southern Autumn Rice,2008,4.868512110726644,0.1446418907142857
VN.ADM1.00018,rice_paddy,Southern Autumn Rice,2008,4.67390243902439,0.17190600485714286
VN.ADM1.00019,rice_paddy,Southern Autumn Rice,2008,3.7866666666666666,0.14988756714285714
VN.ADM1.00021,rice_paddy,Southern Autumn Rice,2008,4.795698924731183,0.10218138214285714
VN.ADM1.00025,rice_paddy,Southern Autumn Rice,2008,4.137332672285573,0.11576515028571428
VN.ADM1.00026,rice_paddy,Southern Autumn Rice,2008,4.398126463700234,0.08312431
VN.ADM1.00033,rice_paddy,Southern Autumn Rice,2008,3.4347826086956523,0.26033887857142857
VN.ADM1.00034,rice_paddy,Southern Autumn Rice,2008,4.504892367906066,0.22042420857142858
VN.ADM1.00001,rice_paddy,Southern Autumn Rice,2009,5.436628643852979,0.13598573914285714
VN.ADM1.00006,rice_paddy,Southern Autumn Rice,2009,4.595822454308094,0.18656459428571429
VN.ADM1.00008,rice_paddy,Southern Autumn Rice,2009,4.141176470588236,0.24312015285714286
VN.ADM1.00009,rice_paddy,Southern Autumn Rice,2009,5.016420361247947,0.14931423800000002
VN.ADM1.00018,rice_paddy,Southern Autumn Rice,2009,4.685908747164103,0.18148517
VN.ADM1.00019,rice_paddy,Southern Autumn Rice,2009,3.7746478873239435,0.14857797642857143
VN.ADM1.00021,rice_paddy,Southern Autumn Rice,2009,4.608294930875576,0.10943858000000002
VN.ADM1.00025,rice_paddy,Southern Autumn Rice,2009,4.027322404371585,0.13216627842857143
VN.ADM1.00026,rice_paddy,Southern Autumn Rice,2009,4.3460282916213275,0.085349828
VN.ADM1.00033,rice_paddy,Southern Autumn Rice,2009,3.5,0.2601356614285714
VN.ADM1.00034,rice_paddy,Southern Autumn Rice,2009,4.590566037735849,0.21341754999999998
VN.ADM1.00001,rice_paddy,Southern Autumn Rice,2010,5.535734870317003,0.15199048771428572
VN.ADM1.00006,rice_paddy,Southern Autumn Rice,2010,4.6287262872628725,0.18565407285714283
VN.ADM1.00008,rice_paddy,Southern Autumn Rice,2010,4.0941558441558445,0.2542811971428572
VN.ADM1.00009,rice_paddy,Southern Autumn Rice,2010,5.183760683760684,0.16762386285714287
VN.ADM1.00018,rice_paddy,Southern Autumn Rice,2010,4.835099032703823,0.17888108285714285
VN.ADM1.00019,rice_paddy,Southern Autumn Rice,2010,3.8461538461538463,0.1493213934285714
VN.ADM1.00021,rice_paddy,Southern Autumn Rice,2010,4.611935266351989,0.1093918692857143
VN.ADM1.00025,rice_paddy,Southern Autumn Rice,2010,3.9903707270101108,0.13649371414285713
VN.ADM1.00026,rice_paddy,Southern Autumn Rice,2010,4.766486486486486,0.06940316828571429
VN.ADM1.00033,rice_paddy,Southern Autumn Rice,2010,3.761904761904762,0.2794029814285714
VN.ADM1.00034,rice_paddy,Southern Autumn Rice,2010,4.470134874759152,0.24676272714285713
VN.ADM1.00001,rice_paddy,Southern Autumn Rice,2011,5.63048813744205,0.13745579928571428
VN.ADM1.00006,rice_paddy,Southern Autumn Rice,2011,5.233350279613624,0.19138733000000002
VN.ADM1.00008,rice_paddy,Southern Autumn Rice,2011,4.571428571428571,0.24374352142857145
VN.ADM1.00009,rice_paddy,Southern Autumn Rice,2011,5.500339904826649,0.14970693942857144
VN.ADM1.00018,rice_paddy,Southern Autumn Rice,2011,5.145097173144876,0.17844611428571427
VN.ADM1.00019,rice_paddy,Southern Autumn Rice,2011,4.066666666666666,0.1521777857142857
VN.ADM1.00021,rice_paddy,Southern Autumn Rice,2011,4.991601505936867,0.11183078214285715
VN.ADM1.00025,rice_paddy,Southern Autumn Rice,2011,4.684377838328792,0.11667833814285714
VN.ADM1.00026,rice_paddy,Southern Autumn Rice,2011,5.058114035087719,0.08673488542857143
VN.ADM1.00033,rice_paddy,Southern Autumn Rice,2011,3.8421052631578947,0.2596831885714286
VN.ADM1.00034,rice_paddy,Southern Autumn Rice,2011,4.784499054820416,0.23884423714285716
VN.ADM1.00001,rice_paddy,Southern Autumn Rice,2012,5.650404382989826,0.18171415942857144
VN.ADM1.00006,rice_paddy,Southern Autumn Rice,2012,5.338111715274345,0.18764838142857143
VN.ADM1.00008,rice_paddy,Southern Autumn Rice,2012,4.677611940298507,0.24359757571428567
VN.ADM1.00009,rice_paddy,Southern Autumn Rice,2012,5.538847117794486,0.18232336857142853
VN.ADM1.00018,rice_paddy,Southern Autumn Rice,2012,5.282121148606162,0.18600396071428568
VN.ADM1.00019,rice_paddy,Southern Autumn Rice,2012,4.133333333333334,0.1564666385714286
VN.ADM1.00021,rice_paddy,Southern Autumn Rice,2012,5.293080054274085,0.12650323
VN.ADM1.00025,rice_paddy,Southern Autumn Rice,2012,4.532102022867194,0.16213002714285715
VN.ADM1.00026,rice_paddy,Southern Autumn Rice,2012,5.133187772925764,0.08108671857142857
VN.ADM1.00033,rice_paddy,Southern Autumn Rice,2012,3.736842105263158,0.27997686
VN.ADM1.00034,rice_paddy,Southern Autumn Rice,2012,4.859649122807017,0.23715944857142857
VN.ADM1.00001,rice_paddy,Southern Autumn Rice,2013,5.641115858255843,0.155159995
VN.ADM1.00006,rice_paddy,Southern Autumn Rice,2013,5.3229532898041185,0.18005706142857145
VN.ADM1.00008,rice_paddy,Southern Autumn Rice,2013,4.690625,0.24308943142857142
VN.ADM1.00009,rice_paddy,Southern Autumn Rice,2013,5.558153477218226,0.17591144214285714
VN.ADM1.00018,rice_paddy,Southern Autumn Rice,2013,5.161819692563357,0.17142962999999997
VN.ADM1.00019,rice_paddy,Southern Autumn Rice,2013,4.190476190476191,0.1578041171428571
VN.ADM1.00021,rice_paddy,Southern Autumn Rice,2013,5.230997771725675,0.116186119
VN.ADM1.00025,rice_paddy,Southern Autumn Rice,2013,4.568134171907757,0.14778309285714286
VN.ADM1.00026,rice_paddy,Southern Autumn Rice,2013,5.114254624591948,0.08690142714285713
VN.ADM1.00033,rice_paddy,Southern Autumn Rice,2013,3.7777777777777777,0.2683379042857143
VN.ADM1.00034,rice_paddy,Southern Autumn Rice,2013,4.895874263261296,0.2375724342857143
VN.ADM1.00001,rice_paddy,Southern Autumn Rice,2014,5.640396659707725,0.18185760714285712
VN.ADM1.00006,rice_paddy,Southern Autumn Rice,2014,5.320764203117144,0.18379165142857143
VN.ADM1.00008,rice_paddy,Southern Autumn Rice,2014,4.7725856697819315,0.2494087357142857
VN.ADM1.00009,rice_paddy,Southern Autumn Rice,2014,5.61332503113325,0.1821205014285714
VN.ADM1.00018,rice_paddy,Southern Autumn Rice,2014,5.374488256841198,0.1729608957142857
VN.ADM1.00019,rice_paddy,Southern Autumn Rice,2014,4.2,0.15240141999999998
VN.ADM1.00021,rice_paddy,Southern Autumn Rice,2014,5.305735790293278,0.12066535342857142
VN.ADM1.00025,rice_paddy,Southern Autumn Rice,2014,4.539468897781012,0.17387869857142854
VN.ADM1.00026,rice_paddy,Southern Autumn Rice,2014,5.055016181229774,0.07682750842857143
VN.ADM1.00033,rice_paddy,Southern Autumn Rice,2014,3.9411764705882355,0.2752839657142857
VN.ADM1.00034,rice_paddy,Southern Autumn Rice,2014,5.032520325203252,0.24201774571428572
VN.ADM1.00001,rice_paddy,Southern Autumn Rice,2015,5.621034224331751,0.2059933157142857
VN.ADM1.00006,rice_paddy,Southern Autumn Rice,2015,5.363865123301459,0.18351988285714288
VN.ADM1.00008,rice_paddy,Southern Autumn Rice,2015,4.893416927899686,0.25953784714285716
VN.ADM1.00009,rice_paddy,Southern Autumn Rice,2015,5.691292875989446,0.2088168685714286
VN.ADM1.00018,rice_paddy,Southern Autumn Rice,2015,5.552465233881163,0.20182057
VN.ADM1.00019,rice_paddy,Southern Autumn Rice,2015,4.375,0.15837428285714286
VN.ADM1.00021,rice_paddy,Southern Autumn Rice,2015,5.348697394789579,0.13165688271428572
VN.ADM1.00025,rice_paddy,Southern Autumn Rice,2015,4.688270517787953,0.20279095571428574
VN.ADM1.00026,rice_paddy,Southern Autumn Rice,2015,5.1574973031283715,0.08630891757142857
VN.ADM1.00033,rice_paddy,Southern Autumn Rice,2015,3.764705882352941,0.30377729285714283
VN.ADM1.00034,rice_paddy,Southern Autumn Rice,2015,5.095528455284553,0.2592575942857143
VN.ADM1.00001,rice_paddy,Southern Autumn Rice,2016,5.261596421003061,0.19578890714285715
VN.ADM1.00006,rice_paddy,Southern Autumn Rice,2016,4.774636827640361,0.18493593142857143
VN.ADM1.00008,rice_paddy,Southern Autumn Rice,2016,4.986798679867987,0.25871942
VN.ADM1.00009,rice_paddy,Southern Autumn Rice,2016,5.769118505545826,0.20473618785714284
VN.ADM1.00018,rice_paddy,Southern Autumn Rice,2016,5.406380996739637,0.18929166285714288
VN.ADM1.00019,rice_paddy,Southern Autumn Rice,2016,4.323076923076923,0.1456275507142857
VN.ADM1.00021,rice_paddy,Southern Autumn Rice,2016,5.443922924901186,0.129010678
VN.ADM1.00025,rice_paddy,Southern Autumn Rice,2016,4.751196172248804,0.1890617362857143
VN.ADM1.00026,rice_paddy,Southern Autumn Rice,2016,5.41067457375834,0.08516134914285714
VN.ADM1.00033,rice_paddy,Southern Autumn Rice,2016,3.8125,0.27895449285714286
VN.ADM1.00034,rice_paddy,Southern Autumn Rice,2016,5.141414141414141,0.2516726842857143
VN.ADM1.00001,rice_paddy,Southern Autumn Rice,2017,5.506376594148537,
VN.ADM1.00006,rice_paddy,Southern Autumn Rice,2017,5.075661572866195,
VN.ADM1.00008,rice_paddy,Southern Autumn Rice,2017,4.983660130718954,
VN.ADM1.00009,rice_paddy,Southern Autumn Rice,2017,5.927140255009108,
VN.ADM1.00018,rice_paddy,Southern Autumn Rice,2017,5.549402573529412,
VN.ADM1.00019,rice_paddy,Southern Autumn Rice,2017,4.508196721311475,
VN.ADM1.00021,rice_paddy,Southern Autumn Rice,2017,5.4554099203289645,
VN.ADM1.00025,rice_paddy,Southern Autumn Rice,2017,4.571133310368584,
VN.ADM1.00026,rice_paddy,Southern Autumn Rice,2017,5.289191123836793,
VN.ADM1.00033,rice_paddy,Southern Autumn Rice,2017,4.0,
VN.ADM1.00034,rice_paddy,Southern Autumn Rice,2017,5.255952380952381,
VN.ADM1.00001,rice_paddy,Southern Autumn Rice,2018,5.667783505154639,
VN.ADM1.00006,rice_paddy,Southern Autumn Rice,2018,5.416794478527607,
VN.ADM1.00008,rice_paddy,Southern Autumn Rice,2018,5.2272727272727275,
VN.ADM1.00009,rice_paddy,Southern Autumn Rice,2018,6.012074992055926,
VN.ADM1.00018,rice_paddy,Southern Autumn Rice,2018,5.582814743896601,
VN.ADM1.00019,rice_paddy,Southern Autumn Rice,2018,4.660714285714286,
VN.ADM1.00021,rice_paddy,Southern Autumn Rice,2018,5.134281200631912,
VN.ADM1.00025,rice_paddy,Southern Autumn Rice,2018,4.952102376599634,
VN.ADM1.00026,rice_paddy,Southern Autumn Rice,2018,5.360832137733142,
VN.ADM1.00033,rice_paddy,Southern Autumn Rice,2018,4.0,
VN.ADM1.00034,rice_paddy,Southern Autumn Rice,2018,5.315789473684211,
VN.ADM1.00001,rice_paddy,Southern Autumn Rice,2019,5.778751933986591,
VN.ADM1.00006,rice_paddy,Southern Autumn Rice,2019,5.34909377462569,
VN.ADM1.00008,rice_paddy,Southern Autumn Rice,2019,5.239864864864865,
VN.ADM1.00009,rice_paddy,Southern Autumn Rice,2019,6.0480708412397215,
VN.ADM1.00018,rice_paddy,Southern Autumn Rice,2019,5.652280529671407,
VN.ADM1.00019,rice_paddy,Southern Autumn Rice,2019,4.827586206896552,
VN.ADM1.00021,rice_paddy,Southern Autumn Rice,2019,5.375982651124966,
VN.ADM1.00025,rice_paddy,Southern Autumn Rice,2019,4.760837619397502,
VN.ADM1.00026,rice_paddy,Southern Autumn Rice,2019,5.564655172413793,
VN.ADM1.00033,rice_paddy,Southern Autumn Rice,2019,3.7857142857142856,
VN.ADM1.00034,rice_paddy,Southern Autumn Rice,2019,5.262845849802371,
VN.ADM1.00001,rice_paddy,Southern Autumn Rice,2020,5.827791563275435,
VN.ADM1.00006,rice_paddy,Southern Autumn Rice,2020,5.30746395250212,
VN.ADM1.00008,rice_paddy,Southern Autumn Rice,2020,5.426573426573427,
VN.ADM1.00009,rice_paddy,Southern Autumn Rice,2020,6.130420918367347,
VN.ADM1.00018,rice_paddy,Southern Autumn Rice,2020,5.560387615220988,
VN.ADM1.00019,rice_paddy,Southern Autumn Rice,2020,5.0508474576271185,
VN.ADM1.00021,rice_paddy,Southern Autumn Rice,2020,5.582217461167649,
VN.ADM1.00025,rice_paddy,Southern Autumn Rice,2020,4.932017543859649,
VN.ADM1.00026,rice_paddy,Southern Autumn Rice,2020,5.313279530447542,
VN.ADM1.00033,rice_paddy,Southern Autumn Rice,2020,3.8461538461538463,
VN.ADM1.00034,rice_paddy,Southern Autumn Rice,2020,5.2936507936507935,
VN.ADM1.00001,rice_paddy,Southern Autumn Rice,2021,6.027692307692308,
VN.ADM1.00006,rice_paddy,Southern Autumn Rice,2021,5.2886334610472545,
VN.ADM1.00008,rice_paddy,Southern Autumn Rice,2021,5.557142857142857,
VN.ADM1.00009,rice_paddy,Southern Autumn Rice,2021,6.178073305222187,
VN.ADM1.00018,rice_paddy,Southern Autumn Rice,2021,5.830788485607009,
VN.ADM1.00019,rice_paddy,Southern Autumn Rice,2021,5.016949152542373,
VN.ADM1.00021,rice_paddy,Southern Autumn Rice,2021,5.591311343523733,
VN.ADM1.00025,rice_paddy,Southern Autumn Rice,2021,4.995417694747974,
VN.ADM1.00026,rice_paddy,Southern Autumn Rice,2021,5.653874004344678,
VN.ADM1.00033,rice_paddy,Southern Autumn Rice,2021,4.083333333333333,
VN.ADM1.00034,rice_paddy,Southern Autumn Rice,2021,5.360236220472441,
VN.ADM1.00001,rice_paddy,Southern Autumn Rice,2022,6.0452830188679245,
VN.ADM1.00006,rice_paddy,Southern Autumn Rice,2022,4.96111665004985,
VN.ADM1.00008,rice_paddy,Southern Autumn Rice,2022,5.763636363636364,
VN.ADM1.00009,rice_paddy,Southern Autumn Rice,2022,6.316831683168317,
VN.ADM1.00018,rice_paddy,Southern Autumn Rice,2022,5.680357142857143,
VN.ADM1.00019,rice_paddy,Southern Autumn Rice,2022,5.203389830508475,
VN.ADM1.00021,rice_paddy,Southern Autumn Rice,2022,5.6055651176133106,
VN.ADM1.00025,rice_paddy,Southern Autumn Rice,2022,4.965896980461812,
VN.ADM1.00026,rice_paddy,Southern Autumn Rice,2022,5.538690476190476,
VN.ADM1.00033,rice_paddy,Southern Autumn Rice,2022,4.181818181818182,
VN.ADM1.00034,rice_paddy,Southern Autumn Rice,2022,5.324596774193548,
VN.ADM1.00001,rice_paddy,Southern Autumn Rice,2023,6.063896103896104,
VN.ADM1.00006,rice_paddy,Southern Autumn Rice,2023,5.297043641482872,
VN.ADM1.00008,rice_paddy,Southern Autumn Rice,2023,5.848148148148148,
VN.ADM1.00009,rice_paddy,Southern Autumn Rice,2023,6.277002919234512,
VN.ADM1.00018,rice_paddy,Southern Autumn Rice,2023,5.760360360360361,
VN.ADM1.00019,rice_paddy,Southern Autumn Rice,2023,5.456140350877193,
VN.ADM1.00021,rice_paddy,Southern Autumn Rice,2023,5.603633360858795,
VN.ADM1.00025,rice_paddy,Southern Autumn Rice,2023,5.345065562456867,
VN.ADM1.00026,rice_paddy,Southern Autumn Rice,2023,5.885401459854014,
VN.ADM1.00033,rice_paddy,Southern Autumn Rice,2023,4.0,
VN.ADM1.00034,rice_paddy,Southern Autumn Rice,2023,5.365269461077844,
VN.ADM1.00001,rice_paddy,Southern Winter Rice,1980,1.6991525423728813,
VN.ADM1.00006,rice_paddy,Southern Winter Rice,1980,2.4459302325581396,
VN.ADM1.00007,rice_paddy,Southern Winter Rice,1980,1.451685393258427,
VN.ADM1.00008,rice_paddy,Southern Winter Rice,1980,2.1474747474747473,
VN.ADM1.00010,rice_paddy,Southern Winter Rice,1980,1.565155807365439,
VN.ADM1.00018,rice_paddy,Southern Winter Rice,1980,2.261352810416005,
VN.ADM1.00019,rice_paddy,Southern Winter Rice,1980,2.604490500863558,
VN.ADM1.00021,rice_paddy,Southern Winter Rice,1980,2.2544103992571958,
VN.ADM1.00025,rice_paddy,Southern Winter Rice,1980,1.8866310160427808,
VN.ADM1.00034,rice_paddy,Southern Winter Rice,1980,1.732620320855615,
VN.ADM1.00001,rice_paddy,Southern Winter Rice,1981,1.0471428571428572,
VN.ADM1.00006,rice_paddy,Southern Winter Rice,1981,2.2299248989023686,
VN.ADM1.00007,rice_paddy,Southern Winter Rice,1981,1.2393509127789046,
VN.ADM1.00008,rice_paddy,Southern Winter Rice,1981,2.128691983122363,
VN.ADM1.00010,rice_paddy,Southern Winter Rice,1981,1.3205298013245033,
VN.ADM1.00018,rice_paddy,Southern Winter Rice,1981,2.2907673860911273,
VN.ADM1.00019,rice_paddy,Southern Winter Rice,1981,2.542024013722127,
VN.ADM1.00021,rice_paddy,Southern Winter Rice,1981,1.8195970695970696,
VN.ADM1.00025,rice_paddy,Southern Winter Rice,1981,1.844859813084112,
VN.ADM1.00034,rice_paddy,Southern Winter Rice,1981,1.6,
VN.ADM1.00001,rice_paddy,Southern Winter Rice,1982,1.4637801831806827,
VN.ADM1.00006,rice_paddy,Southern Winter Rice,1982,2.5051428571428573,
VN.ADM1.00007,rice_paddy,Southern Winter Rice,1982,1.5362637362637364,
VN.ADM1.00008,rice_paddy,Southern Winter Rice,1982,2.345991561181435,
VN.ADM1.00010,rice_paddy,Southern Winter Rice,1982,1.598179453836151,
VN.ADM1.00018,rice_paddy,Southern Winter Rice,1982,2.7109530583214796,
VN.ADM1.00019,rice_paddy,Southern Winter Rice,1982,2.801694915254237,
VN.ADM1.00021,rice_paddy,Southern Winter Rice,1982,2.2087617344658024,
VN.ADM1.00025,rice_paddy,Southern Winter Rice,1982,2.033333333333333,
VN.ADM1.00034,rice_paddy,Southern Winter Rice,1982,1.8333333333333333,
VN.ADM1.00001,rice_paddy,Southern Winter Rice,1983,1.3455882352941178,
VN.ADM1.00006,rice_paddy,Southern Winter Rice,1983,2.6454993834771887,
VN.ADM1.00007,rice_paddy,Southern Winter Rice,1983,1.8454935622317596,
VN.ADM1.00008,rice_paddy,Southern Winter Rice,1983,2.6088794926004226,
VN.ADM1.00010,rice_paddy,Southern Winter Rice,1983,1.6151866151866152,
VN.ADM1.00018,rice_paddy,Southern Winter Rice,1983,2.817958933496782,
VN.ADM1.00019,rice_paddy,Southern Winter Rice,1983,3.047457627118644,
VN.ADM1.00021,rice_paddy,Southern Winter Rice,1983,2.3394109396914446,
VN.ADM1.00025,rice_paddy,Southern Winter Rice,1983,2.1900910010111225,
VN.ADM1.00034,rice_paddy,Southern Winter Rice,1983,2.0845481049562684,
VN.ADM1.00001,rice_paddy,Southern Winter Rice,1984,0.4883011190233978,
VN.ADM1.00006,rice_paddy,Southern Winter Rice,1984,2.691776522284997,
VN.ADM1.00007,rice_paddy,Southern Winter Rice,1984,2.215025906735751,
VN.ADM1.00008,rice_paddy,Southern Winter Rice,1984,2.695020746887967,
VN.ADM1.00010,rice_paddy,Southern Winter Rice,1984,1.314321926489227,
VN.ADM1.00018,rice_paddy,Southern Winter Rice,1984,2.8418884664131814,
VN.ADM1.00019,rice_paddy,Southern Winter Rice,1984,3.0035149384885766,
VN.ADM1.00021,rice_paddy,Southern Winter Rice,1984,2.223650385604113,
VN.ADM1.00025,rice_paddy,Southern Winter Rice,1984,1.5021321961620469,
VN.ADM1.00034,rice_paddy,Southern Winter Rice,1984,1.7962328767123288,
VN.ADM1.00001,rice_paddy,Southern Winter Rice,1985,1.1785714285714286,
VN.ADM1.00007,rice_paddy,Southern Winter Rice,1985,2.3248081841432224,
VN.ADM1.00008,rice_paddy,Southern Winter Rice,1985,2.6813880126182967,
VN.ADM1.00019,rice_paddy,Southern Winter Rice,1985,3.080827067669173,
VN.ADM1.00021,rice_paddy,Southern Winter Rice,1985,2.36845348120764,
VN.ADM1.00025,rice_paddy,Southern Winter Rice,1985,1.994192799070848,
VN.ADM1.00034,rice_paddy,Southern Winter Rice,1985,1.9315068493150684,
VN.ADM1.00001,rice_paddy,Southern Winter Rice,1986,1.1415343915343916,
VN.ADM1.00007,rice_paddy,Southern Winter Rice,1986,2.178921568627451,
VN.ADM1.00008,rice_paddy,Southern Winter Rice,1986,2.738853503184713,
VN.ADM1.00019,rice_paddy,Southern Winter Rice,1986,3.0054644808743167,
VN.ADM1.00021,rice_paddy,Southern Winter Rice,1986,2.5636242504996667,
VN.ADM1.00025,rice_paddy,Southern Winter Rice,1986,2.114102564102564,
VN.ADM1.00034,rice_paddy,Southern Winter Rice,1986,2.0405405405405403,
VN.ADM1.00001,rice_paddy,Southern Winter Rice,1987,1.162130177514793,
VN.ADM1.00007,rice_paddy,Southern Winter Rice,1987,2.403361344537815,
VN.ADM1.00008,rice_paddy,Southern Winter Rice,1987,2.587859424920128,
VN.ADM1.00019,rice_paddy,Southern Winter Rice,1987,3.0409252669039146,
VN.ADM1.00021,rice_paddy,Southern Winter Rice,1987,2.4748711340206184,
VN.ADM1.00025,rice_paddy,Southern Winter Rice,1987,2.030955585464334,
VN.ADM1.00034,rice_paddy,Southern Winter Rice,1987,1.817543859649123,
VN.ADM1.00001,rice_paddy,Southern Winter Rice,1988,1.0133333333333334,
VN.ADM1.00007,rice_paddy,Southern Winter Rice,1988,2.299349240780911,
VN.ADM1.00008,rice_paddy,Southern Winter Rice,1988,2.8524590163934427,
VN.ADM1.00019,rice_paddy,Southern Winter Rice,1988,3.207766990291262,
VN.ADM1.00021,rice_paddy,Southern Winter Rice,1988,2.70875083500334,
VN.ADM1.00025,rice_paddy,Southern Winter Rice,1988,2.085714285714286,
VN.ADM1.00034,rice_paddy,Southern Winter Rice,1988,1.97,
VN.ADM1.00001,rice_paddy,Southern Winter Rice,1989,1.4615384615384615,
VN.ADM1.00007,rice_paddy,Southern Winter Rice,1989,2.4844074844074844,
VN.ADM1.00008,rice_paddy,Southern Winter Rice,1989,2.8289473684210527,
VN.ADM1.00019,rice_paddy,Southern Winter Rice,1989,3.1823104693140793,
VN.ADM1.00021,rice_paddy,Southern Winter Rice,1989,2.691607026675342,
VN.ADM1.00025,rice_paddy,Southern Winter Rice,1989,2.4700996677740865,
VN.ADM1.00034,rice_paddy,Southern Winter Rice,1989,2.0736301369863015,
VN.ADM1.00001,rice_paddy,Southern Winter Rice,1990,1.7486631016042782,
VN.ADM1.00007,rice_paddy,Southern Winter Rice,1990,2.408450704225352,
VN.ADM1.00008,rice_paddy,Southern Winter Rice,1990,2.8566666666666665,
VN.ADM1.00019,rice_paddy,Southern Winter Rice,1990,2.8534031413612566,
VN.ADM1.00021,rice_paddy,Southern Winter Rice,1990,2.707976268951879,
VN.ADM1.00025,rice_paddy,Southern Winter Rice,1990,1.9760479041916168,
VN.ADM1.00034,rice_paddy,Southern Winter Rice,1990,2.2462311557788945,
VN.ADM1.00001,rice_paddy,Southern Winter Rice,1991,1.7533512064343164,
VN.ADM1.00006,rice_paddy,Southern Winter Rice,1991,3.136411332633788,
VN.ADM1.00007,rice_paddy,Southern Winter Rice,1991,2.4622823984526114,
VN.ADM1.00008,rice_paddy,Southern Winter Rice,1991,2.7242990654205608,
VN.ADM1.00010,rice_paddy,Southern Winter Rice,1991,1.8850393700787402,
VN.ADM1.00018,rice_paddy,Southern Winter Rice,1991,2.8678804855275444,
VN.ADM1.00019,rice_paddy,Southern Winter Rice,1991,2.8583916083916083,
VN.ADM1.00021,rice_paddy,Southern Winter Rice,1991,2.706851119894598,
VN.ADM1.00025,rice_paddy,Southern Winter Rice,1991,1.9790104947526237,
VN.ADM1.00034,rice_paddy,Southern Winter Rice,1991,3.0293453724604964,
VN.ADM1.00001,rice_paddy,Southern Winter Rice,1992,1.1452145214521452,
VN.ADM1.00006,rice_paddy,Southern Winter Rice,1992,2.7010869565217392,
VN.ADM1.00007,rice_paddy,Southern Winter Rice,1992,2.453427065026362,
VN.ADM1.00008,rice_paddy,Southern Winter Rice,1992,2.19392523364486,
VN.ADM1.00010,rice_paddy,Southern Winter Rice,1992,1.7883435582822085,
VN.ADM1.00018,rice_paddy,Southern Winter Rice,1992,3.188253801782905,
VN.ADM1.00019,rice_paddy,Southern Winter Rice,1992,2.2137809187279154,
VN.ADM1.00021,rice_paddy,Southern Winter Rice,1992,2.3318385650224216,
VN.ADM1.00025,rice_paddy,Southern Winter Rice,1992,0.7512038523274478,
VN.ADM1.00034,rice_paddy,Southern Winter Rice,1992,1.4442724458204335,
VN.ADM1.00001,rice_paddy,Southern Winter Rice,1993,1.7720588235294117,
VN.ADM1.00006,rice_paddy,Southern Winter Rice,1993,2.077147016011645,
VN.ADM1.00007,rice_paddy,Southern Winter Rice,1993,2.262458471760797,
VN.ADM1.00008,rice_paddy,Southern Winter Rice,1993,2.8275862068965516,
VN.ADM1.00010,rice_paddy,Southern Winter Rice,1993,1.7548005908419497,
VN.ADM1.00018,rice_paddy,Southern Winter Rice,1993,2.380979178390546,
VN.ADM1.00019,rice_paddy,Southern Winter Rice,1993,2.8847517730496453,
VN.ADM1.00021,rice_paddy,Southern Winter Rice,1993,2.558119658119658,
VN.ADM1.00025,rice_paddy,Southern Winter Rice,1993,1.9133709981167608,
VN.ADM1.00034,rice_paddy,Southern Winter Rice,1993,2.1561514195583595,
VN.ADM1.00001,rice_paddy,Southern Winter Rice,1994,1.6216216216216217,
VN.ADM1.00006,rice_paddy,Southern Winter Rice,1994,3.5244444444444443,
VN.ADM1.00007,rice_paddy,Southern Winter Rice,1994,2.4208695652173913,
VN.ADM1.00008,rice_paddy,Southern Winter Rice,1994,2.8973799126637556,
VN.ADM1.00010,rice_paddy,Southern Winter Rice,1994,1.6531531531531531,
VN.ADM1.00018,rice_paddy,Southern Winter Rice,1994,3.50968992248062,
VN.ADM1.00019,rice_paddy,Southern Winter Rice,1994,2.9332129963898916,
VN.ADM1.00021,rice_paddy,Southern Winter Rice,1994,2.6087336244541484,
VN.ADM1.00025,rice_paddy,Southern Winter Rice,1994,2.374245472837022,
VN.ADM1.00034,rice_paddy,Southern Winter Rice,1994,2.323568575233023,
VN.ADM1.00001,rice_paddy,Southern Winter Rice,1995,1.1666666666666667,
VN.ADM1.00006,rice_paddy,Southern Winter Rice,1995,3.122863247863248,
VN.ADM1.00007,rice_paddy,Southern Winter Rice,1995,2.619485294117647,
VN.ADM1.00008,rice_paddy,Southern Winter Rice,1995,2.7978494623655914,
VN.ADM1.00010,rice_paddy,Southern Winter Rice,1995,1.7232704402515724,
VN.ADM1.00018,rice_paddy,Southern Winter Rice,1995,3.2255043227665707,
VN.ADM1.00019,rice_paddy,Southern Winter Rice,1995,2.8537477148080437,
VN.ADM1.00021,rice_paddy,Southern Winter Rice,1995,2.5624394966118103,
VN.ADM1.00025,rice_paddy,Southern Winter Rice,1995,1.5352112676056338,
VN.ADM1.00034,rice_paddy,Southern Winter Rice,1995,2.0297297297297296,
VN.ADM1.00001,rice_paddy,Southern Winter Rice,1996,1.9417040358744395,
VN.ADM1.00006,rice_paddy,Southern Winter Rice,1996,4.852991452991453,
VN.ADM1.00007,rice_paddy,Southern Winter Rice,1996,2.9747899159663866,
VN.ADM1.00008,rice_paddy,Southern Winter Rice,1996,2.7436440677966103,
VN.ADM1.00010,rice_paddy,Southern Winter Rice,1996,1.7954545454545454,
VN.ADM1.00018,rice_paddy,Southern Winter Rice,1996,3.4434121621621623,
VN.ADM1.00019,rice_paddy,Southern Winter Rice,1996,2.0557620817843865,
VN.ADM1.00021,rice_paddy,Southern Winter Rice,1996,3.1163287086446103,
VN.ADM1.00025,rice_paddy,Southern Winter Rice,1996,1.8981481481481481,
VN.ADM1.00026,rice_paddy,Southern Winter Rice,1996,3.4294010889292195,
VN.ADM1.00033,rice_paddy,Southern Winter Rice,1996,1.8455284552845528,
VN.ADM1.00034,rice_paddy,Southern Winter Rice,1996,1.9901356350184958,
VN.ADM1.00001,rice_paddy,Southern Winter Rice,1997,1.519736842105263,
VN.ADM1.00006,rice_paddy,Southern Winter Rice,1997,3.0790697674418603,
VN.ADM1.00007,rice_paddy,Southern Winter Rice,1997,3.062634989200864,
VN.ADM1.00008,rice_paddy,Southern Winter Rice,1997,2.9580838323353293,
VN.ADM1.00010,rice_paddy,Southern Winter Rice,1997,1.7429022082018928,
VN.ADM1.00018,rice_paddy,Southern Winter Rice,1997,3.0301624129930396,
VN.ADM1.00019,rice_paddy,Southern Winter Rice,1997,2.9205426356589146,
VN.ADM1.00021,rice_paddy,Southern Winter Rice,1997,2.438743455497382,
VN.ADM1.00025,rice_paddy,Southern Winter Rice,1997,1.8473684210526315,
VN.ADM1.00026,rice_paddy,Southern Winter Rice,1997,2.6305906452714236,
VN.ADM1.00033,rice_paddy,Southern Winter Rice,1997,1.9430051813471503,
VN.ADM1.00034,rice_paddy,Southern Winter Rice,1997,2.4713896457765667,
VN.ADM1.00001,rice_paddy,Southern Winter Rice,1998,1.5209580838323353,
VN.ADM1.00006,rice_paddy,Southern Winter Rice,1998,3.065554231227652,
VN.ADM1.00007,rice_paddy,Southern Winter Rice,1998,2.7848970251716247,
VN.ADM1.00008,rice_paddy,Southern Winter Rice,1998,3.1779497098646035,
VN.ADM1.00010,rice_paddy,Southern Winter Rice,1998,1.8408710217755444,
VN.ADM1.00018,rice_paddy,Southern Winter Rice,1998,2.8501827040194883,
VN.ADM1.00019,rice_paddy,Southern Winter Rice,1998,2.8783505154639175,
VN.ADM1.00021,rice_paddy,Southern Winter Rice,1998,2.3605371900826446,
VN.ADM1.00025,rice_paddy,Southern Winter Rice,1998,2.5077399380804954,
VN.ADM1.00026,rice_paddy,Southern Winter Rice,1998,3.4143874110153614,
VN.ADM1.00033,rice_paddy,Southern Winter Rice,1998,1.9851190476190477,
VN.ADM1.00034,rice_paddy,Southern Winter Rice,1998,2.5006802721088435,
VN.ADM1.00001,rice_paddy,Southern Winter Rice,1999,1.804054054054054,
VN.ADM1.00006,rice_paddy,Southern Winter Rice,1999,2.997936016511868,
VN.ADM1.00007,rice_paddy,Southern Winter Rice,1999,3.293144208037825,
VN.ADM1.00008,rice_paddy,Southern Winter Rice,1999,2.717391304347826,
VN.ADM1.00010,rice_paddy,Southern Winter Rice,1999,2.0427350427350426,
VN.ADM1.00018,rice_paddy,Southern Winter Rice,1999,3.6392156862745098,
VN.ADM1.00019,rice_paddy,Southern Winter Rice,1999,2.6427145708582835,
VN.ADM1.00021,rice_paddy,Southern Winter Rice,1999,2.8287092882991556,
VN.ADM1.00025,rice_paddy,Southern Winter Rice,1999,1.558641975308642,
VN.ADM1.00026,rice_paddy,Southern Winter Rice,1999,3.417697787776528,
VN.ADM1.00033,rice_paddy,Southern Winter Rice,1999,2.066465256797583,
VN.ADM1.00034,rice_paddy,Southern Winter Rice,1999,2.53125,
VN.ADM1.00001,rice_paddy,Southern Winter Rice,2000,2.3035714285714284,
VN.ADM1.00006,rice_paddy,Southern Winter Rice,2000,3.314484126984127,
VN.ADM1.00007,rice_paddy,Southern Winter Rice,2000,3.577433628318584,
VN.ADM1.00008,rice_paddy,Southern Winter Rice,2000,2.9148936170212765,
VN.ADM1.00010,rice_paddy,Southern Winter Rice,2000,2.2390953150242328,
VN.ADM1.00018,rice_paddy,Southern Winter Rice,2000,3.5827123695976155,
VN.ADM1.00019,rice_paddy,Southern Winter Rice,2000,2.846638655462185,
VN.ADM1.00021,rice_paddy,Southern Winter Rice,2000,2.3759036144578314,
VN.ADM1.00025,rice_paddy,Southern Winter Rice,2000,1.4346153846153846,
VN.ADM1.00026,rice_paddy,Southern Winter Rice,2000,3.342437831227069,
VN.ADM1.00033,rice_paddy,Southern Winter Rice,2000,2.0244755244755246,
VN.ADM1.00034,rice_paddy,Southern Winter Rice,2000,2.487146529562982,
VN.ADM1.00001,rice_paddy,Southern Winter Rice,2001,2.8,0.2339822032
VN.ADM1.00006,rice_paddy,Southern Winter Rice,2001,3.6584158415841586,0.13404437
VN.ADM1.00007,rice_paddy,Southern Winter Rice,2001,3.504524886877828,0.23744400400000001
VN.ADM1.00008,rice_paddy,Southern Winter Rice,2001,3.210431654676259,0.18821174
VN.ADM1.00010,rice_paddy,Southern Winter Rice,2001,2.5560897435897436,0.16058711800000003
VN.ADM1.00018,rice_paddy,Southern Winter Rice,2001,3.9926739926739927,0.211623588
VN.ADM1.00019,rice_paddy,Southern Winter Rice,2001,2.9121951219512194,0.1229914108
VN.ADM1.00021,rice_paddy,Southern Winter Rice,2001,2.665644171779141,0.1258496892
VN.ADM1.00025,rice_paddy,Southern Winter Rice,2001,2.177685950413223,0.188594156
VN.ADM1.00026,rice_paddy,Southern Winter Rice,2001,3.416617560400707,0.0357159888
VN.ADM1.00033,rice_paddy,Southern Winter Rice,2001,2.316205533596838,0.23134207199999998
VN.ADM1.00034,rice_paddy,Southern Winter Rice,2001,2.9175531914893615,0.20663337799999998
VN.ADM1.00001,rice_paddy,Southern Winter Rice,2002,2.0,0.17154343795714286
VN.ADM1.00006,rice_paddy,Southern Winter Rice,2002,3.935845213849287,0.1418017562857143
VN.ADM1.00007,rice_paddy,Southern Winter Rice,2002,3.061135371179039,0.21522034857142858
VN.ADM1.00008,rice_paddy,Southern Winter Rice,2002,3.317399617590822,0.1756113514285714
VN.ADM1.00010,rice_paddy,Southern Winter Rice,2002,2.5203252032520327,0.15678946857142856
VN.ADM1.00018,rice_paddy,Southern Winter Rice,2002,3.75,0.19301869285714288
VN.ADM1.00019,rice_paddy,Southern Winter Rice,2002,2.8454545454545452,0.11665607128571429
VN.ADM1.00021,rice_paddy,Southern Winter Rice,2002,2.480565371024735,0.10816782057142858
VN.ADM1.00025,rice_paddy,Southern Winter Rice,2002,2.2266666666666666,0.14224270657142854
VN.ADM1.00026,rice_paddy,Southern Winter Rice,2002,3.3585705632949727,0.049852383571428564
VN.ADM1.00033,rice_paddy,Southern Winter Rice,2002,2.3984674329501914,0.20330566571428568
VN.ADM1.00034,rice_paddy,Southern Winter Rice,2002,3.0774550484094054,0.16925242571428573
VN.ADM1.00001,rice_paddy,Southern Winter Rice,2003,2.6265060240963853,0.17971828392857142
VN.ADM1.00006,rice_paddy,Southern Winter Rice,2003,4.158536585365853,0.15266834657142855
VN.ADM1.00007,rice_paddy,Southern Winter Rice,2003,4.148073022312373,0.2169951814285714
VN.ADM1.00008,rice_paddy,Southern Winter Rice,2003,3.4692307692307693,0.19801076714285712
VN.ADM1.00010,rice_paddy,Southern Winter Rice,2003,2.821311475409836,0.15822433142857142
VN.ADM1.00018,rice_paddy,Southern Winter Rice,2003,3.6054590570719602,0.18943823714285712
VN.ADM1.00019,rice_paddy,Southern Winter Rice,2003,2.9819494584837547,0.12737037842857143
VN.ADM1.00021,rice_paddy,Southern Winter Rice,2003,2.9329896907216493,0.11078622057142858
VN.ADM1.00025,rice_paddy,Southern Winter Rice,2003,2.506787330316742,0.14515696857142854
VN.ADM1.00026,rice_paddy,Southern Winter Rice,2003,3.593512767425811,0.050137451428571435
VN.ADM1.00033,rice_paddy,Southern Winter Rice,2003,2.4923076923076923,0.24111027857142858
VN.ADM1.00034,rice_paddy,Southern Winter Rice,2003,3.463013698630137,0.1836337285714286
VN.ADM1.00001,rice_paddy,Southern Winter Rice,2004,2.7241379310344827,0.20424786114285715
VN.ADM1.00006,rice_paddy,Southern Winter Rice,2004,4.070247933884297,0.12283085514285712
VN.ADM1.00007,rice_paddy,Southern Winter Rice,2004,4.262425447316104,0.20509780000000002
VN.ADM1.00008,rice_paddy,Southern Winter Rice,2004,3.078125,0.18112650428571425
VN.ADM1.00010,rice_paddy,Southern Winter Rice,2004,2.7166392092257,0.15973898942857143
VN.ADM1.00018,rice_paddy,Southern Winter Rice,2004,3.6612244897959183,0.18530098
VN.ADM1.00019,rice_paddy,Southern Winter Rice,2004,3.079245283018868,0.10972891
VN.ADM1.00021,rice_paddy,Southern Winter Rice,2004,3.510574018126888,0.10568854657142858
VN.ADM1.00025,rice_paddy,Southern Winter Rice,2004,2.728110599078341,0.15877158800000002
VN.ADM1.00026,rice_paddy,Southern Winter Rice,2004,3.370212765957447,0.038120118571428566
VN.ADM1.00033,rice_paddy,Southern Winter Rice,2004,2.5254901960784313,0.19405734714285713
VN.ADM1.00034,rice_paddy,Southern Winter Rice,2004,3.585674157303371,0.17076125714285714
VN.ADM1.00001,rice_paddy,Southern Winter Rice,2005,3.0481927710843375,0.21062196000000002
VN.ADM1.00006,rice_paddy,Southern Winter Rice,2005,4.129925452609159,0.12732307642857144
VN.ADM1.00007,rice_paddy,Southern Winter Rice,2005,4.156435643564357,0.1817943442857143
VN.ADM1.00008,rice_paddy,Southern Winter Rice,2005,3.6833667334669338,0.1604269128571429
VN.ADM1.00010,rice_paddy,Southern Winter Rice,2005,2.9274193548387095,0.13115858
VN.ADM1.00018,rice_paddy,Southern Winter Rice,2005,3.769230769230769,0.2001760085714286
VN.ADM1.00019,rice_paddy,Southern Winter Rice,2005,3.1265822784810124,0.1014624442857143
VN.ADM1.00021,rice_paddy,Southern Winter Rice,2005,3.515486725663717,0.10812283357142857
VN.ADM1.00025,rice_paddy,Southern Winter Rice,2005,2.9576719576719577,0.16287632428571427
VN.ADM1.00026,rice_paddy,Southern Winter Rice,2005,3.8256746900072938,0.03859072357142857
VN.ADM1.00033,rice_paddy,Southern Winter Rice,2005,2.7981651376146788,0.17771539428571428
VN.ADM1.00034,rice_paddy,Southern Winter Rice,2005,3.65015479876161,0.15657492285714286
VN.ADM1.00001,rice_paddy,Southern Winter Rice,2006,3.219178082191781,0.19894872185714282
VN.ADM1.00006,rice_paddy,Southern Winter Rice,2006,4.29913606911447,0.138016608
VN.ADM1.00007,rice_paddy,Southern Winter Rice,2006,4.652908067542214,0.20997881642857144
VN.ADM1.00008,rice_paddy,Southern Winter Rice,2006,3.4553191489361703,0.19622013285714285
VN.ADM1.00010,rice_paddy,Southern Winter Rice,2006,3.2244582043343653,0.17341438571428572
VN.ADM1.00018,rice_paddy,Southern Winter Rice,2006,3.8949579831932772,0.19246322
VN.ADM1.00019,rice_paddy,Southern Winter Rice,2006,2.284263959390863,0.12286956357142854
VN.ADM1.00021,rice_paddy,Southern Winter Rice,2006,3.0112107623318387,0.11262069542857144
VN.ADM1.00025,rice_paddy,Southern Winter Rice,2006,2.509677419354839,0.16584371285714286
VN.ADM1.00026,rice_paddy,Southern Winter Rice,2006,3.9022191400832176,0.049605946571428576
VN.ADM1.00033,rice_paddy,Southern Winter Rice,2006,2.3201970443349755,0.22305182714285715
VN.ADM1.00034,rice_paddy,Southern Winter Rice,2006,4.0213523131672595,0.19316968285714284
VN.ADM1.00001,rice_paddy,Southern Winter Rice,2007,2.361111111111111,0.19765506657142856
VN.ADM1.00006,rice_paddy,Southern Winter Rice,2007,3.383047210300429,0.12875169
VN.ADM1.00007,rice_paddy,Southern Winter Rice,2007,3.9459962756052143,0.21454303285714285
VN.ADM1.00008,rice_paddy,Southern Winter Rice,2007,3.7804347826086957,0.18513422285714287
VN.ADM1.00010,rice_paddy,Southern Winter Rice,2007,3.2754777070063694,0.155379275
VN.ADM1.00018,rice_paddy,Southern Winter Rice,2007,3.8255813953488373,0.18760585428571427
VN.ADM1.00019,rice_paddy,Southern Winter Rice,2007,3.085714285714286,0.11536593142857143
VN.ADM1.00021,rice_paddy,Southern Winter Rice,2007,3.40234375,0.10745724071428571
VN.ADM1.00025,rice_paddy,Southern Winter Rice,2007,1.7337662337662338,0.17058455571428574
VN.ADM1.00026,rice_paddy,Southern Winter Rice,2007,3.9279038718291055,0.04879928928571429
VN.ADM1.00033,rice_paddy,Southern Winter Rice,2007,2.9456521739130435,0.2220971128571429
VN.ADM1.00034,rice_paddy,Southern Winter Rice,2007,4.3481349911190055,0.18736394428571426
VN.ADM1.00001,rice_paddy,Southern Winter Rice,2008,3.8271604938271606,0.1919419877142857
VN.ADM1.00006,rice_paddy,Southern Winter Rice,2008,4.383167220376523,0.13955928
VN.ADM1.00007,rice_paddy,Southern Winter Rice,2008,4.592592592592593,0.20153277571428574
VN.ADM1.00008,rice_paddy,Southern Winter Rice,2008,3.896860986547085,0.18057979285714285
VN.ADM1.00010,rice_paddy,Southern Winter Rice,2008,3.4322169059011163,0.16721309285714286
VN.ADM1.00018,rice_paddy,Southern Winter Rice,2008,4.273542600896861,0.18733971000000002
VN.ADM1.00019,rice_paddy,Southern Winter Rice,2008,3.2955974842767297,0.11456434628571428
VN.ADM1.00021,rice_paddy,Southern Winter Rice,2008,3.933333333333333,0.10917766028571428
VN.ADM1.00025,rice_paddy,Southern Winter Rice,2008,3.0588235294117645,0.16147551914285715
VN.ADM1.00026,rice_paddy,Southern Winter Rice,2008,3.9316923076923076,0.05021377942857143
VN.ADM1.00033,rice_paddy,Southern Winter Rice,2008,2.8876404494382024,0.20960238428571434
VN.ADM1.00034,rice_paddy,Southern Winter Rice,2008,4.363175675675675,0.1896613857142857
VN.ADM1.00001,rice_paddy,Southern Winter Rice,2009,3.75,0.19401915857142857
VN.ADM1.00006,rice_paddy,Southern Winter Rice,2009,4.101713062098501,0.14285851714285716
VN.ADM1.00007,rice_paddy,Southern Winter Rice,2009,4.946524064171123,0.20893270142857143
VN.ADM1.00008,rice_paddy,Southern Winter Rice,2009,4.22196261682243,0.19469337571428572
VN.ADM1.00010,rice_paddy,Southern Winter Rice,2009,3.238993710691824,0.17128944
VN.ADM1.00018,rice_paddy,Southern Winter Rice,2009,4.327137546468402,0.19562241428571428
VN.ADM1.00019,rice_paddy,Southern Winter Rice,2009,3.301470588235294,0.12567172485714284
VN.ADM1.00021,rice_paddy,Southern Winter Rice,2009,3.8167202572347265,0.1164258372857143
VN.ADM1.00025,rice_paddy,Southern Winter Rice,2009,1.887218045112782,0.17115536
VN.ADM1.00026,rice_paddy,Southern Winter Rice,2009,3.957409568261377,0.06419885485714286
VN.ADM1.00033,rice_paddy,Southern Winter Rice,2009,3.132947976878613,0.24333050571428574
VN.ADM1.00034,rice_paddy,Southern Winter Rice,2009,4.403114186851211,0.19701190142857145
VN.ADM1.00001,rice_paddy,Southern Winter Rice,2010,4.314814814814815,0.23423221714285716
VN.ADM1.00006,rice_paddy,Southern Winter Rice,2010,4.686274509803922,0.15651141857142856
VN.ADM1.00007,rice_paddy,Southern Winter Rice,2010,5.202443280977312,0.21065715999999998
VN.ADM1.00008,rice_paddy,Southern Winter Rice,2010,4.21356783919598,0.18380958857142857
VN.ADM1.00010,rice_paddy,Southern Winter Rice,2010,3.5714285714285716,0.1576296514285714
VN.ADM1.00018,rice_paddy,Southern Winter Rice,2010,4.545871559633028,0.22040956285714283
VN.ADM1.00019,rice_paddy,Southern Winter Rice,2010,3.336283185840708,0.11761439228571428
VN.ADM1.00021,rice_paddy,Southern Winter Rice,2010,3.811897106109325,0.12608143514285713
VN.ADM1.00025,rice_paddy,Southern Winter Rice,2010,3.203252032520325,0.18714050571428573
VN.ADM1.00026,rice_paddy,Southern Winter Rice,2010,4.194274028629857,0.06637178928571427
VN.ADM1.00033,rice_paddy,Southern Winter Rice,2010,3.2529411764705882,0.2243630985714286
VN.ADM1.00034,rice_paddy,Southern Winter Rice,2010,4.829787234042553,0.18419678142857143
VN.ADM1.00001,rice_paddy,Southern Winter Rice,2011,4.314814814814815,0.20675930785714283
VN.ADM1.00006,rice_paddy,Southern Winter Rice,2011,4.772277227722772,0.14571252142857144
VN.ADM1.00007,rice_paddy,Southern Winter Rice,2011,5.3486088379705405,0.18759847714285716
VN.ADM1.00008,rice_paddy,Southern Winter Rice,2011,4.3861892583120206,0.18542270857142856
VN.ADM1.00010,rice_paddy,Southern Winter Rice,2011,3.7085346215781,0.15222352
VN.ADM1.00018,rice_paddy,Southern Winter Rice,2011,4.3940677966101696,0.1870345614285714
VN.ADM1.00019,rice_paddy,Southern Winter Rice,2011,3.518867924528302,0.11721733371428573
VN.ADM1.00021,rice_paddy,Southern Winter Rice,2011,3.713235294117647,0.1185524
VN.ADM1.00025,rice_paddy,Southern Winter Rice,2011,3.32,0.18035883142857143
VN.ADM1.00026,rice_paddy,Southern Winter Rice,2011,4.334603174603175,0.06029599342857143
VN.ADM1.00033,rice_paddy,Southern Winter Rice,2011,3.269230769230769,0.22329753285714288
VN.ADM1.00034,rice_paddy,Southern Winter Rice,2011,4.660211267605634,0.20525912285714284
VN.ADM1.00001,rice_paddy,Southern Winter Rice,2012,5.033898305084746,0.21941962428571424
VN.ADM1.00006,rice_paddy,Southern Winter Rice,2012,5.175280898876404,0.15808145
VN.ADM1.00007,rice_paddy,Southern Winter Rice,2012,5.19935691318328,0.21611750428571427
VN.ADM1.00008,rice_paddy,Southern Winter Rice,2012,4.467866323907455,0.20416988714285716
VN.ADM1.00010,rice_paddy,Southern Winter Rice,2012,3.7080745341614905,0.17129677142857141
VN.ADM1.00018,rice_paddy,Southern Winter Rice,2012,4.7894736842105265,0.20734016142857145
VN.ADM1.00019,rice_paddy,Southern Winter Rice,2012,3.75,0.12951405642857144
VN.ADM1.00021,rice_paddy,Southern Winter Rice,2012,4.2686335403726705,0.12778182442857142
VN.ADM1.00025,rice_paddy,Southern Winter Rice,2012,3.603960396039604,0.1823489181428571
VN.ADM1.00026,rice_paddy,Southern Winter Rice,2012,4.492269635126778,0.06543676
VN.ADM1.00033,rice_paddy,Southern Winter Rice,2012,3.3164556962025316,0.26442224142857146
VN.ADM1.00034,rice_paddy,Southern Winter Rice,2012,4.838652482269503,0.21584387142857145
VN.ADM1.00001,rice_paddy,Southern Winter Rice,2013,5.074074074074074,0.234864616
VN.ADM1.00006,rice_paddy,Southern Winter Rice,2013,5.173672566371682,0.15733740485714284
VN.ADM1.00007,rice_paddy,Southern Winter Rice,2013,5.369300911854103,0.2235190057142857
VN.ADM1.00008,rice_paddy,Southern Winter Rice,2013,4.505291005291006,0.1824164442857143
VN.ADM1.00010,rice_paddy,Southern Winter Rice,2013,3.778637770897833,0.15760099485714288
VN.ADM1.00018,rice_paddy,Southern Winter Rice,2013,5.034920634920635,0.21234523285714285
VN.ADM1.00019,rice_paddy,Southern Winter Rice,2013,3.8666666666666667,0.12170649714285713
VN.ADM1.00021,rice_paddy,Southern Winter Rice,2013,4.2883156297420335,0.12648303228571428
VN.ADM1.00025,rice_paddy,Southern Winter Rice,2013,3.5,0.20308576428571432
VN.ADM1.00026,rice_paddy,Southern Winter Rice,2013,4.631455399061033,0.06997426928571429
VN.ADM1.00033,rice_paddy,Southern Winter Rice,2013,3.36,0.2549134014285714
VN.ADM1.00034,rice_paddy,Southern Winter Rice,2013,4.899606299212598,0.20570930714285715
VN.ADM1.00001,rice_paddy,Southern Winter Rice,2014,4.764705882352941,0.21358993785714286
VN.ADM1.00006,rice_paddy,Southern Winter Rice,2014,5.310538116591928,0.15187402214285714
VN.ADM1.00007,rice_paddy,Southern Winter Rice,2014,5.595419847328245,0.19908857714285716
VN.ADM1.00008,rice_paddy,Southern Winter Rice,2014,4.769021739130435,0.18210279999999998
VN.ADM1.00010,rice_paddy,Southern Winter Rice,2014,3.8361408882082695,0.1683670757142857
VN.ADM1.00018,rice_paddy,Southern Winter Rice,2014,5.006535947712418,0.20174108
VN.ADM1.00019,rice_paddy,Southern Winter Rice,2014,3.9545454545454546,0.11942875428571428
VN.ADM1.00021,rice_paddy,Southern Winter Rice,2014,4.49198717948718,0.1269969685714286
VN.ADM1.00025,rice_paddy,Southern Winter Rice,2014,3.659090909090909,0.19335960285714288
VN.ADM1.00026,rice_paddy,Southern Winter Rice,2014,4.657379964433907,0.06523646471428572
VN.ADM1.00033,rice_paddy,Southern Winter Rice,2014,3.394160583941606,0.23991146285714285
VN.ADM1.00034,rice_paddy,Southern Winter Rice,2014,5.005952380952381,0.21223715714285715
VN.ADM1.00001,rice_paddy,Southern Winter Rice,2015,3.6226415094339623,0.22672924285714285
VN.ADM1.00006,rice_paddy,Southern Winter Rice,2015,5.341928251121076,0.15732480057142856
VN.ADM1.00007,rice_paddy,Southern Winter Rice,2015,5.637195121951219,0.1996722857142857
VN.ADM1.00008,rice_paddy,Southern Winter Rice,2015,4.884831460674158,0.18428646
VN.ADM1.00010,rice_paddy,Southern Winter Rice,2015,3.888888888888889,0.16039557857142858
VN.ADM1.00018,rice_paddy,Southern Winter Rice,2015,5.0524475524475525,0.2091670385714286
VN.ADM1.00019,rice_paddy,Southern Winter Rice,2015,4.048780487804878,0.11867195371428571
VN.ADM1.00021,rice_paddy,Southern Winter Rice,2015,4.496825396825397,0.12526572142857142
VN.ADM1.00025,rice_paddy,Southern Winter Rice,2015,3.5294117647058822,0.20081322428571433
VN.ADM1.00026,rice_paddy,Southern Winter Rice,2015,4.209471766848816,0.06657824471428572
VN.ADM1.00033,rice_paddy,Southern Winter Rice,2015,3.427480916030534,0.25878271857142854
VN.ADM1.00034,rice_paddy,Southern Winter Rice,2015,5.009823182711198,0.20795875999999996
VN.ADM1.00001,rice_paddy,Southern Winter Rice,2016,4.02,0.2315905057142857
VN.ADM1.00006,rice_paddy,Southern Winter Rice,2016,4.458333333333333,0.15344672142857146
VN.ADM1.00007,rice_paddy,Southern Winter Rice,2016,5.719350073855244,0.20456250285714286
VN.ADM1.00008,rice_paddy,Southern Winter Rice,2016,4.943342776203966,0.19461686142857143
VN.ADM1.00010,rice_paddy,Southern Winter Rice,2016,3.989425981873112,0.14260629942857145
VN.ADM1.00018,rice_paddy,Southern Winter Rice,2016,4.879432624113475,0.21413095285714287
VN.ADM1.00019,rice_paddy,Southern Winter Rice,2016,4.051282051282051,0.11705321271428572
VN.ADM1.00021,rice_paddy,Southern Winter Rice,2016,1.7886855241264559,0.12527252771428574
VN.ADM1.00025,rice_paddy,Southern Winter Rice,2016,2.391304347826087,0.20594624571428571
VN.ADM1.00026,rice_paddy,Southern Winter Rice,2016,3.910576923076923,0.06817646557142856
VN.ADM1.00033,rice_paddy,Southern Winter Rice,2016,3.4761904761904763,0.25072899
VN.ADM1.00034,rice_paddy,Southern Winter Rice,2016,4.911368015414258,0.21129376
VN.ADM1.00001,rice_paddy,Southern Winter Rice,2017,3.44,0.135145195
VN.ADM1.00006,rice_paddy,Southern Winter Rice,2017,4.458333333333333,0.19815369500000002
VN.ADM1.00007,rice_paddy,Southern Winter Rice,2017,5.897142857142857,0.19104011999999998
VN.ADM1.00008,rice_paddy,Southern Winter Rice,2017,5.006024096385542,0.21250260999999998
VN.ADM1.00010,rice_paddy,Southern Winter Rice,2017,4.093233082706767,0.20481055
VN.ADM1.00018,rice_paddy,Southern Winter Rice,2017,5.12,0.1581094
VN.ADM1.00019,rice_paddy,Southern Winter Rice,2017,4.2631578947368425,0.128583935
VN.ADM1.00021,rice_paddy,Southern Winter Rice,2017,2.8776371308016877,0.114709638
VN.ADM1.00025,rice_paddy,Southern Winter Rice,2017,2.8181818181818183,0.15170528500000002
VN.ADM1.00026,rice_paddy,Southern Winter Rice,2017,4.086466165413534,0.080059668
VN.ADM1.00033,rice_paddy,Southern Winter Rice,2017,3.430894308943089,0.234025375
VN.ADM1.00034,rice_paddy,Southern Winter Rice,2017,5.026465028355387,0.159348655
VN.ADM1.00001,rice_paddy,Southern Winter Rice,2018,3.0,
VN.ADM1.00006,rice_paddy,Southern Winter Rice,2018,4.352941176470588,
VN.ADM1.00007,rice_paddy,Southern Winter Rice,2018,6.019230769230769,
VN.ADM1.00008,rice_paddy,Southern Winter Rice,2018,5.164516129032258,
VN.ADM1.00010,rice_paddy,Southern Winter Rice,2018,4.159090909090909,
VN.ADM1.00018,rice_paddy,Southern Winter Rice,2018,5.133333333333334,
VN.ADM1.00019,rice_paddy,Southern Winter Rice,2018,4.369230769230769,
VN.ADM1.00021,rice_paddy,Southern Winter Rice,2018,4.546075085324232,
VN.ADM1.00025,rice_paddy,Southern Winter Rice,2018,3.1818181818181817,
VN.ADM1.00026,rice_paddy,Southern Winter Rice,2018,4.730366492146596,
VN.ADM1.00033,rice_paddy,Southern Winter Rice,2018,3.53781512605042,
VN.ADM1.00034,rice_paddy,Southern Winter Rice,2018,5.136801541425819,
VN.ADM1.00001,rice_paddy,Southern Winter Rice,2019,3.9583333333333335,
VN.ADM1.00006,rice_paddy,Southern Winter Rice,2019,4.545454545454546,
VN.ADM1.00007,rice_paddy,Southern Winter Rice,2019,6.16016713091922,
VN.ADM1.00008,rice_paddy,Southern Winter Rice,2019,5.438943894389439,
VN.ADM1.00010,rice_paddy,Southern Winter Rice,2019,4.296923076923077,
VN.ADM1.00018,rice_paddy,Southern Winter Rice,2019,5.008695652173913,
VN.ADM1.00019,rice_paddy,Southern Winter Rice,2019,4.576271186440678,
VN.ADM1.00021,rice_paddy,Southern Winter Rice,2019,4.981279251170047,
VN.ADM1.00025,rice_paddy,Southern Winter Rice,2019,3.6666666666666665,
VN.ADM1.00026,rice_paddy,Southern Winter Rice,2019,4.283208020050125,
VN.ADM1.00033,rice_paddy,Southern Winter Rice,2019,3.456140350877193,
VN.ADM1.00034,rice_paddy,Southern Winter Rice,2019,5.175648702594811,
VN.ADM1.00001,rice_paddy,Southern Winter Rice,2020,4.229166666666667,
VN.ADM1.00006,rice_paddy,Southern Winter Rice,2020,3.782608695652174,
VN.ADM1.00007,rice_paddy,Southern Winter Rice,2020,6.1687242798353905,
VN.ADM1.00008,rice_paddy,Southern Winter Rice,2020,5.278169014084507,
VN.ADM1.00010,rice_paddy,Southern Winter Rice,2020,4.337878787878788,
VN.ADM1.00018,rice_paddy,Southern Winter Rice,2020,5.119658119658119,
VN.ADM1.00019,rice_paddy,Southern Winter Rice,2020,4.8474576271186445,
VN.ADM1.00021,rice_paddy,Southern Winter Rice,2020,5.140575079872204,
VN.ADM1.00025,rice_paddy,Southern Winter Rice,2020,3.7222222222222223,
VN.ADM1.00026,rice_paddy,Southern Winter Rice,2020,4.007490636704119,
VN.ADM1.00033,rice_paddy,Southern Winter Rice,2020,3.7837837837837838,
VN.ADM1.00034,rice_paddy,Southern Winter Rice,2020,5.205078125,
VN.ADM1.00001,rice_paddy,Southern Winter Rice,2021,4.555555555555555,
VN.ADM1.00006,rice_paddy,Southern Winter Rice,2021,5.0,
VN.ADM1.00007,rice_paddy,Southern Winter Rice,2021,6.3293333333333335,
VN.ADM1.00008,rice_paddy,Southern Winter Rice,2021,5.568840579710145,
VN.ADM1.00010,rice_paddy,Southern Winter Rice,2021,4.3950995405819295,
VN.ADM1.00018,rice_paddy,Southern Winter Rice,2021,5.053097345132743,
VN.ADM1.00019,rice_paddy,Southern Winter Rice,2021,4.866666666666666,
VN.ADM1.00021,rice_paddy,Southern Winter Rice,2021,4.546232876712328,
VN.ADM1.00025,rice_paddy,Southern Winter Rice,2021,3.4705882352941178,
VN.ADM1.00026,rice_paddy,Southern Winter Rice,2021,4.303649635036496,
VN.ADM1.00033,rice_paddy,Southern Winter Rice,2021,3.669811320754717,
VN.ADM1.00034,rice_paddy,Southern Winter Rice,2021,5.3096646942800785,
VN.ADM1.00001,rice_paddy,Southern Winter Rice,2022,4.222222222222222,
VN.ADM1.00006,rice_paddy,Southern Winter Rice,2022,4.7272727272727275,
VN.ADM1.00007,rice_paddy,Southern Winter Rice,2022,6.425,
VN.ADM1.00008,rice_paddy,Southern Winter Rice,2022,5.57976653696498,
VN.ADM1.00010,rice_paddy,Southern Winter Rice,2022,4.597222222222222,
VN.ADM1.00018,rice_paddy,Southern Winter Rice,2022,5.09433962264151,
VN.ADM1.00019,rice_paddy,Southern Winter Rice,2022,5.052631578947368,
VN.ADM1.00021,rice_paddy,Southern Winter Rice,2022,5.3759286775631505,
VN.ADM1.00025,rice_paddy,Southern Winter Rice,2022,4.125,
VN.ADM1.00026,rice_paddy,Southern Winter Rice,2022,5.097560975609756,
VN.ADM1.00033,rice_paddy,Southern Winter Rice,2022,3.8058252427184467,
VN.ADM1.00034,rice_paddy,Southern Winter Rice,2022,5.292490118577075,
VN.ADM1.00001,rice_paddy,Southern Winter Rice,2023,3.914285714285714,
VN.ADM1.00006,rice_paddy,Southern Winter Rice,2023,4.636363636363637,
VN.ADM1.00007,rice_paddy,Southern Winter Rice,2023,6.567917205692108,
VN.ADM1.00008,rice_paddy,Southern Winter Rice,2023,5.926070038910506,
VN.ADM1.00010,rice_paddy,Southern Winter Rice,2023,4.6620583717357915,
VN.ADM1.00018,rice_paddy,Southern Winter Rice,2023,5.1192660550458715,
VN.ADM1.00019,rice_paddy,Southern Winter Rice,2023,5.181818181818182,
VN.ADM1.00021,rice_paddy,Southern Winter Rice,2023,5.350364963503649,
VN.ADM1.00025,rice_paddy,Southern Winter Rice,2023,4.153846153846154,
VN.ADM1.00026,rice_paddy,Southern Winter Rice,2023,5.110983981693364,
VN.ADM1.00033,rice_paddy,Southern Winter Rice,2023,3.8932038834951457,
VN.ADM1.00034,rice_paddy,Southern Winter Rice,2023,5.31237721021611,
VN.ADM1.00001,rice_paddy,Southern Spring Rice,1980,3.997471554993679,
VN.ADM1.00006,rice_paddy,Southern Spring Rice,1980,1.8617021276595744,
VN.ADM1.00007,rice_paddy,Southern Spring Rice,1980,2.0945945945945947,
VN.ADM1.00008,rice_paddy,Southern Spring Rice,1980,1.7985611510791366,
VN.ADM1.00009,rice_paddy,Southern Spring Rice,1980,3.0875,
VN.ADM1.00010,rice_paddy,Southern Spring Rice,1980,2.169811320754717,
VN.ADM1.00018,rice_paddy,Southern Spring Rice,1980,2.9663461538461537,
VN.ADM1.00019,rice_paddy,Southern Spring Rice,1980,1.263157894736842,
VN.ADM1.00021,rice_paddy,Southern Spring Rice,1980,1.4588235294117646,
VN.ADM1.00025,rice_paddy,Southern Spring Rice,1980,2.0508166969147004,
VN.ADM1.00034,rice_paddy,Southern Spring Rice,1980,1.5681818181818181,
VN.ADM1.00001,rice_paddy,Southern Spring Rice,1981,4.5036144578313255,
VN.ADM1.00006,rice_paddy,Southern Spring Rice,1981,1.7235772357723578,
VN.ADM1.00007,rice_paddy,Southern Spring Rice,1981,2.4,
VN.ADM1.00008,rice_paddy,Southern Spring Rice,1981,2.378640776699029,
VN.ADM1.00009,rice_paddy,Southern Spring Rice,1981,3.8190789473684212,
VN.ADM1.00010,rice_paddy,Southern Spring Rice,1981,2.309090909090909,
VN.ADM1.00018,rice_paddy,Southern Spring Rice,1981,2.738255033557047,
VN.ADM1.00019,rice_paddy,Southern Spring Rice,1981,2.236111111111111,
VN.ADM1.00021,rice_paddy,Southern Spring Rice,1981,1.8,
VN.ADM1.00025,rice_paddy,Southern Spring Rice,1981,2.678048780487805,
VN.ADM1.00034,rice_paddy,Southern Spring Rice,1981,1.7766990291262137,
VN.ADM1.00001,rice_paddy,Southern Spring Rice,1982,4.627647714604237,
VN.ADM1.00006,rice_paddy,Southern Spring Rice,1982,2.2256410256410257,
VN.ADM1.00007,rice_paddy,Southern Spring Rice,1982,2.686046511627907,
VN.ADM1.00008,rice_paddy,Southern Spring Rice,1982,2.466666666666667,
VN.ADM1.00009,rice_paddy,Southern Spring Rice,1982,4.459098497495827,
VN.ADM1.00010,rice_paddy,Southern Spring Rice,1982,2.6530612244897958,
VN.ADM1.00018,rice_paddy,Southern Spring Rice,1982,2.949275362318841,
VN.ADM1.00019,rice_paddy,Southern Spring Rice,1982,2.382716049382716,
VN.ADM1.00021,rice_paddy,Southern Spring Rice,1982,2.72972972972973,
VN.ADM1.00025,rice_paddy,Southern Spring Rice,1982,2.4182389937106916,
VN.ADM1.00034,rice_paddy,Southern Spring Rice,1982,1.9478260869565218,
VN.ADM1.00001,rice_paddy,Southern Spring Rice,1983,4.484816753926702,
VN.ADM1.00006,rice_paddy,Southern Spring Rice,1983,3.1923076923076925,
VN.ADM1.00007,rice_paddy,Southern Spring Rice,1983,2.4623655913978495,
VN.ADM1.00008,rice_paddy,Southern Spring Rice,1983,3.0636363636363635,
VN.ADM1.00009,rice_paddy,Southern Spring Rice,1983,4.409385113268608,
VN.ADM1.00010,rice_paddy,Southern Spring Rice,1983,2.7083333333333335,
VN.ADM1.00018,rice_paddy,Southern Spring Rice,1983,4.180555555555555,
VN.ADM1.00019,rice_paddy,Southern Spring Rice,1983,2.6125,
VN.ADM1.00021,rice_paddy,Southern Spring Rice,1983,3.2528735632183907,
VN.ADM1.00025,rice_paddy,Southern Spring Rice,1983,3.0441860465116277,
VN.ADM1.00034,rice_paddy,Southern Spring Rice,1983,2.15929203539823,
VN.ADM1.00001,rice_paddy,Southern Spring Rice,1984,5.074361820199778,
VN.ADM1.00006,rice_paddy,Southern Spring Rice,1984,3.8274760383386583,
VN.ADM1.00007,rice_paddy,Southern Spring Rice,1984,4.009708737864078,
VN.ADM1.00008,rice_paddy,Southern Spring Rice,1984,3.4444444444444446,
VN.ADM1.00009,rice_paddy,Southern Spring Rice,1984,4.8440944881889765,
VN.ADM1.00010,rice_paddy,Southern Spring Rice,1984,3.2241379310344827,
VN.ADM1.00018,rice_paddy,Southern Spring Rice,1984,4.1515748031496065,
VN.ADM1.00019,rice_paddy,Southern Spring Rice,1984,2.891891891891892,
VN.ADM1.00021,rice_paddy,Southern Spring Rice,1984,3.761290322580645,
VN.ADM1.00025,rice_paddy,Southern Spring Rice,1984,3.5091743119266057,
VN.ADM1.00034,rice_paddy,Southern Spring Rice,1984,3.3873873873873874,
VN.ADM1.00001,rice_paddy,Southern Spring Rice,1985,4.950819672131147,
VN.ADM1.00007,rice_paddy,Southern Spring Rice,1985,4.137614678899083,
VN.ADM1.00008,rice_paddy,Southern Spring Rice,1985,3.601449275362319,
VN.ADM1.00009,rice_paddy,Southern Spring Rice,1985,4.719101123595506,
VN.ADM1.00019,rice_paddy,Southern Spring Rice,1985,3.1298701298701297,
VN.ADM1.00021,rice_paddy,Southern Spring Rice,1985,3.503086419753086,
VN.ADM1.00025,rice_paddy,Southern Spring Rice,1985,3.31239092495637,
VN.ADM1.00034,rice_paddy,Southern Spring Rice,1985,3.0258620689655173,
VN.ADM1.00001,rice_paddy,Southern Spring Rice,1986,4.939864209505335,
VN.ADM1.00007,rice_paddy,Southern Spring Rice,1986,3.919642857142857,
VN.ADM1.00008,rice_paddy,Southern Spring Rice,1986,3.732876712328767,
VN.ADM1.00009,rice_paddy,Southern Spring Rice,1986,4.907006369426751,
VN.ADM1.00019,rice_paddy,Southern Spring Rice,1986,3.1219512195121952,
VN.ADM1.00021,rice_paddy,Southern Spring Rice,1986,3.733167082294264,
VN.ADM1.00025,rice_paddy,Southern Spring Rice,1986,3.64321608040201,
VN.ADM1.00034,rice_paddy,Southern Spring Rice,1986,2.707482993197279,
VN.ADM1.00001,rice_paddy,Southern Spring Rice,1987,5.659465020576132,
VN.ADM1.00007,rice_paddy,Southern Spring Rice,1987,3.9304347826086956,
VN.ADM1.00008,rice_paddy,Southern Spring Rice,1987,3.5033557046979866,
VN.ADM1.00009,rice_paddy,Southern Spring Rice,1987,5.115196078431373,
VN.ADM1.00019,rice_paddy,Southern Spring Rice,1987,2.948051948051948,
VN.ADM1.00021,rice_paddy,Southern Spring Rice,1987,3.56019656019656,
VN.ADM1.00025,rice_paddy,Southern Spring Rice,1987,3.8381642512077296,
VN.ADM1.00034,rice_paddy,Southern Spring Rice,1987,2.793939393939394,
VN.ADM1.00001,rice_paddy,Southern Spring Rice,1988,5.348837209302325,
VN.ADM1.00007,rice_paddy,Southern Spring Rice,1988,4.0588235294117645,
VN.ADM1.00008,rice_paddy,Southern Spring Rice,1988,3.2828947368421053,
VN.ADM1.00009,rice_paddy,Southern Spring Rice,1988,4.99290060851927,
VN.ADM1.00019,rice_paddy,Southern Spring Rice,1988,3.0481927710843375,
VN.ADM1.00021,rice_paddy,Southern Spring Rice,1988,3.4506666666666668,
VN.ADM1.00025,rice_paddy,Southern Spring Rice,1988,3.704301075268817,
VN.ADM1.00034,rice_paddy,Southern Spring Rice,1988,2.587878787878788,
VN.ADM1.00001,rice_paddy,Southern Spring Rice,1989,5.7116953762466,
VN.ADM1.00007,rice_paddy,Southern Spring Rice,1989,4.153846153846154,
VN.ADM1.00008,rice_paddy,Southern Spring Rice,1989,3.4472049689440993,
VN.ADM1.00009,rice_paddy,Southern Spring Rice,1989,5.219512195121951,
VN.ADM1.00019,rice_paddy,Southern Spring Rice,1989,3.3563218390804597,
VN.ADM1.00021,rice_paddy,Southern Spring Rice,1989,3.724220623501199,
VN.ADM1.00025,rice_paddy,Southern Spring Rice,1989,3.9909828674481513,
VN.ADM1.00034,rice_paddy,Southern Spring Rice,1989,2.8315217391304346,
VN.ADM1.00001,rice_paddy,Southern Spring Rice,1990,5.55028328611898,
VN.ADM1.00007,rice_paddy,Southern Spring Rice,1990,3.9615384615384617,
VN.ADM1.00008,rice_paddy,Southern Spring Rice,1990,3.2941176470588234,
VN.ADM1.00009,rice_paddy,Southern Spring Rice,1990,5.446088794926005,
VN.ADM1.00019,rice_paddy,Southern Spring Rice,1990,5.532608695652174,
VN.ADM1.00021,rice_paddy,Southern Spring Rice,1990,3.9911699779249448,
VN.ADM1.00025,rice_paddy,Southern Spring Rice,1990,3.658889782783588,
VN.ADM1.00034,rice_paddy,Southern Spring Rice,1990,2.53757225433526,
VN.ADM1.00001,rice_paddy,Southern Spring Rice,1991,5.502649006622517,
VN.ADM1.00006,rice_paddy,Southern Spring Rice,1991,5.354838709677419,
VN.ADM1.00007,rice_paddy,Southern Spring Rice,1991,4.811594202898551,
VN.ADM1.00008,rice_paddy,Southern Spring Rice,1991,3.388157894736842,
VN.ADM1.00009,rice_paddy,Southern Spring Rice,1991,4.925474254742547,
VN.ADM1.00010,rice_paddy,Southern Spring Rice,1991,4.0476190476190474,
VN.ADM1.00018,rice_paddy,Southern Spring Rice,1991,4.792122538293216,
VN.ADM1.00019,rice_paddy,Southern Spring Rice,1991,3.2244897959183674,
VN.ADM1.00021,rice_paddy,Southern Spring Rice,1991,4.072144288577154,
VN.ADM1.00025,rice_paddy,Southern Spring Rice,1991,3.6401799100449774,
VN.ADM1.00034,rice_paddy,Southern Spring Rice,1991,2.6808510638297873,
VN.ADM1.00001,rice_paddy,Southern Spring Rice,1992,6.072215422276622,
VN.ADM1.00006,rice_paddy,Southern Spring Rice,1992,5.3528183716075155,
VN.ADM1.00007,rice_paddy,Southern Spring Rice,1992,4.043165467625899,
VN.ADM1.00008,rice_paddy,Southern Spring Rice,1992,3.3496932515337425,
VN.ADM1.00009,rice_paddy,Southern Spring Rice,1992,5.54,
VN.ADM1.00010,rice_paddy,Southern Spring Rice,1992,3.9166666666666665,
VN.ADM1.00018,rice_paddy,Southern Spring Rice,1992,4.985127900059489,
VN.ADM1.00019,rice_paddy,Southern Spring Rice,1992,3.317757009345794,
VN.ADM1.00021,rice_paddy,Southern Spring Rice,1992,4.535626535626536,
VN.ADM1.00025,rice_paddy,Southern Spring Rice,1992,3.360025624599616,
VN.ADM1.00034,rice_paddy,Southern Spring Rice,1992,3.0748663101604277,
VN.ADM1.00001,rice_paddy,Southern Spring Rice,1993,6.00352733686067,
VN.ADM1.00006,rice_paddy,Southern Spring Rice,1993,3.859732824427481,
VN.ADM1.00007,rice_paddy,Southern Spring Rice,1993,4.705479452054795,
VN.ADM1.00008,rice_paddy,Southern Spring Rice,1993,3.50625,
VN.ADM1.00009,rice_paddy,Southern Spring Rice,1993,4.76668671076368,
VN.ADM1.00010,rice_paddy,Southern Spring Rice,1993,4.087912087912088,
VN.ADM1.00018,rice_paddy,Southern Spring Rice,1993,3.0563230605738574,
VN.ADM1.00019,rice_paddy,Southern Spring Rice,1993,3.3211009174311927,
VN.ADM1.00021,rice_paddy,Southern Spring Rice,1993,3.55518018018018,
VN.ADM1.00025,rice_paddy,Southern Spring Rice,1993,3.4035326086956523,
VN.ADM1.00034,rice_paddy,Southern Spring Rice,1993,2.9554455445544554,
VN.ADM1.00001,rice_paddy,Southern Spring Rice,1994,6.14326160815402,
VN.ADM1.00006,rice_paddy,Southern Spring Rice,1994,5.392585551330798,
VN.ADM1.00007,rice_paddy,Southern Spring Rice,1994,5.098684210526316,
VN.ADM1.00008,rice_paddy,Southern Spring Rice,1994,3.670807453416149,
VN.ADM1.00009,rice_paddy,Southern Spring Rice,1994,5.753086419753086,
VN.ADM1.00010,rice_paddy,Southern Spring Rice,1994,4.164948453608248,
VN.ADM1.00018,rice_paddy,Southern Spring Rice,1994,4.980929095354523,
VN.ADM1.00019,rice_paddy,Southern Spring Rice,1994,3.2777777777777777,
VN.ADM1.00021,rice_paddy,Southern Spring Rice,1994,4.057956777996071,
VN.ADM1.00025,rice_paddy,Southern Spring Rice,1994,3.629384513567174,
VN.ADM1.00034,rice_paddy,Southern Spring Rice,1994,3.1982758620689653,
VN.ADM1.00001,rice_paddy,Southern Spring Rice,1995,6.117415730337079,
VN.ADM1.00006,rice_paddy,Southern Spring Rice,1995,5.102135561745589,
VN.ADM1.00007,rice_paddy,Southern Spring Rice,1995,3.3835616438356166,
VN.ADM1.00008,rice_paddy,Southern Spring Rice,1995,3.608433734939759,
VN.ADM1.00009,rice_paddy,Southern Spring Rice,1995,5.3914285714285715,
VN.ADM1.00010,rice_paddy,Southern Spring Rice,1995,4.495238095238095,
VN.ADM1.00018,rice_paddy,Southern Spring Rice,1995,5.135802469135802,
VN.ADM1.00019,rice_paddy,Southern Spring Rice,1995,3.128440366972477,
VN.ADM1.00021,rice_paddy,Southern Spring Rice,1995,5.314018691588785,
VN.ADM1.00025,rice_paddy,Southern Spring Rice,1995,3.7788461538461537,
VN.ADM1.00034,rice_paddy,Southern Spring Rice,1995,3.3181818181818183,
VN.ADM1.00001,rice_paddy,Southern Spring Rice,1996,6.017534537725823,
VN.ADM1.00006,rice_paddy,Southern Spring Rice,1996,5.236492471213463,
VN.ADM1.00007,rice_paddy,Southern Spring Rice,1996,4.0071942446043165,
VN.ADM1.00008,rice_paddy,Southern Spring Rice,1996,3.9244186046511627,
VN.ADM1.00009,rice_paddy,Southern Spring Rice,1996,5.19756999471738,
VN.ADM1.00010,rice_paddy,Southern Spring Rice,1996,4.456896551724138,
VN.ADM1.00018,rice_paddy,Southern Spring Rice,1996,5.282666666666667,
VN.ADM1.00019,rice_paddy,Southern Spring Rice,1996,3.566371681415929,
VN.ADM1.00021,rice_paddy,Southern Spring Rice,1996,5.447295423023578,
VN.ADM1.00025,rice_paddy,Southern Spring Rice,1996,4.051211453744493,
VN.ADM1.00026,rice_paddy,Southern Spring Rice,1996,3.066666666666667,
VN.ADM1.00033,rice_paddy,Southern Spring Rice,1996,3.1948051948051948,
VN.ADM1.00034,rice_paddy,Southern Spring Rice,1996,4.072992700729927,
VN.ADM1.00001,rice_paddy,Southern Spring Rice,1997,6.232602478551001,
VN.ADM1.00006,rice_paddy,Southern Spring Rice,1997,5.298013245033113,
VN.ADM1.00007,rice_paddy,Southern Spring Rice,1997,4.759740259740259,
VN.ADM1.00008,rice_paddy,Southern Spring Rice,1997,3.936046511627907,
VN.ADM1.00009,rice_paddy,Southern Spring Rice,1997,5.703458799593083,
VN.ADM1.00010,rice_paddy,Southern Spring Rice,1997,4.7819548872180455,
VN.ADM1.00018,rice_paddy,Southern Spring Rice,1997,5.26215644820296,
VN.ADM1.00019,rice_paddy,Southern Spring Rice,1997,3.5,
VN.ADM1.00021,rice_paddy,Southern Spring Rice,1997,5.418918918918919,
VN.ADM1.00025,rice_paddy,Southern Spring Rice,1997,4.205925206410879,
VN.ADM1.00026,rice_paddy,Southern Spring Rice,1997,2.6989247311827955,
VN.ADM1.00033,rice_paddy,Southern Spring Rice,1997,3.140845070422535,
VN.ADM1.00034,rice_paddy,Southern Spring Rice,1997,3.5779816513761467,
VN.ADM1.00001,rice_paddy,Southern Spring Rice,1998,6.1585882352941175,
VN.ADM1.00006,rice_paddy,Southern Spring Rice,1998,5.507234726688103,
VN.ADM1.00007,rice_paddy,Southern Spring Rice,1998,3.3421052631578947,
VN.ADM1.00008,rice_paddy,Southern Spring Rice,1998,3.7597765363128492,
VN.ADM1.00009,rice_paddy,Southern Spring Rice,1998,5.81130171543895,
VN.ADM1.00010,rice_paddy,Southern Spring Rice,1998,4.034013605442177,
VN.ADM1.00018,rice_paddy,Southern Spring Rice,1998,5.274817136886102,
VN.ADM1.00019,rice_paddy,Southern Spring Rice,1998,3.560344827586207,
VN.ADM1.00021,rice_paddy,Southern Spring Rice,1998,5.359150530918176,
VN.ADM1.00025,rice_paddy,Southern Spring Rice,1998,4.366468163078332,
VN.ADM1.00026,rice_paddy,Southern Spring Rice,1998,2.1317567567567566,
VN.ADM1.00033,rice_paddy,Southern Spring Rice,1998,2.75,
VN.ADM1.00034,rice_paddy,Southern Spring Rice,1998,3.378787878787879,
VN.ADM1.00001,rice_paddy,Southern Spring Rice,1999,5.811634349030471,
VN.ADM1.00006,rice_paddy,Southern Spring Rice,1999,4.915765069551777,
VN.ADM1.00007,rice_paddy,Southern Spring Rice,1999,4.8273809523809526,
VN.ADM1.00008,rice_paddy,Southern Spring Rice,1999,3.8097826086956523,
VN.ADM1.00009,rice_paddy,Southern Spring Rice,1999,5.630799605133268,
VN.ADM1.00010,rice_paddy,Southern Spring Rice,1999,4.445783132530121,
VN.ADM1.00018,rice_paddy,Southern Spring Rice,1999,5.068181818181818,
VN.ADM1.00019,rice_paddy,Southern Spring Rice,1999,3.409448818897638,
VN.ADM1.00021,rice_paddy,Southern Spring Rice,1999,4.831417624521073,
VN.ADM1.00025,rice_paddy,Southern Spring Rice,1999,4.075021312872975,
VN.ADM1.00026,rice_paddy,Southern Spring Rice,1999,4.221343873517786,
VN.ADM1.00033,rice_paddy,Southern Spring Rice,1999,3.1265822784810124,
VN.ADM1.00034,rice_paddy,Southern Spring Rice,1999,3.675799086757991,
VN.ADM1.00001,rice_paddy,Southern Spring Rice,2000,6.102087114337568,
VN.ADM1.00006,rice_paddy,Southern Spring Rice,2000,5.396124031007752,
VN.ADM1.00007,rice_paddy,Southern Spring Rice,2000,5.111702127659575,
VN.ADM1.00008,rice_paddy,Southern Spring Rice,2000,3.9402985074626864,
VN.ADM1.00009,rice_paddy,Southern Spring Rice,2000,5.8728522336769755,
VN.ADM1.00010,rice_paddy,Southern Spring Rice,2000,4.851648351648351,
VN.ADM1.00018,rice_paddy,Southern Spring Rice,2000,5.346461735510727,
VN.ADM1.00019,rice_paddy,Southern Spring Rice,2000,3.551470588235294,
VN.ADM1.00021,rice_paddy,Southern Spring Rice,2000,4.9578675838349096,
VN.ADM1.00025,rice_paddy,Southern Spring Rice,2000,4.282804543674109,
VN.ADM1.00026,rice_paddy,Southern Spring Rice,2000,4.0425101214574894,
VN.ADM1.00033,rice_paddy,Southern Spring Rice,2000,3.185185185185185,
VN.ADM1.00034,rice_paddy,Southern Spring Rice,2000,3.87248322147651,
VN.ADM1.00001,rice_paddy,Southern Spring Rice,2001,5.556156968876861,0.2339822032
VN.ADM1.00006,rice_paddy,Southern Spring Rice,2001,4.76036866359447,0.13404437
VN.ADM1.00007,rice_paddy,Southern Spring Rice,2001,5.458333333333333,0.23744400400000001
VN.ADM1.00008,rice_paddy,Southern Spring Rice,2001,4.009569377990431,0.18821174
VN.ADM1.00009,rice_paddy,Southern Spring Rice,2001,5.996601941747572,0.252902594
VN.ADM1.00010,rice_paddy,Southern Spring Rice,2001,4.840796019900497,0.16058711800000003
VN.ADM1.00018,rice_paddy,Southern Spring Rice,2001,5.121958925750395,0.211623588
VN.ADM1.00019,rice_paddy,Southern Spring Rice,2001,3.536764705882353,0.1229914108
VN.ADM1.00021,rice_paddy,Southern Spring Rice,2001,4.498197837404886,0.1258496892
VN.ADM1.00025,rice_paddy,Southern Spring Rice,2001,4.354628921193573,0.188594156
VN.ADM1.00026,rice_paddy,Southern Spring Rice,2001,4.038123167155425,0.0357159888
VN.ADM1.00033,rice_paddy,Southern Spring Rice,2001,3.1797752808988764,0.23134207199999998
VN.ADM1.00034,rice_paddy,Southern Spring Rice,2001,3.8063829787234043,0.20663337799999998
VN.ADM1.00001,rice_paddy,Southern Spring Rice,2002,6.539762340036563,0.17154343795714286
VN.ADM1.00006,rice_paddy,Southern Spring Rice,2002,5.621621621621622,0.1418017562857143
VN.ADM1.00007,rice_paddy,Southern Spring Rice,2002,4.588983050847458,0.21522034857142858
VN.ADM1.00008,rice_paddy,Southern Spring Rice,2002,3.8792270531400965,0.1756113514285714
VN.ADM1.00009,rice_paddy,Southern Spring Rice,2002,6.350611246943766,0.1947163457142857
VN.ADM1.00010,rice_paddy,Southern Spring Rice,2002,4.583710407239819,0.15678946857142856
VN.ADM1.00018,rice_paddy,Southern Spring Rice,2002,5.787247278382582,0.19301869285714288
VN.ADM1.00019,rice_paddy,Southern Spring Rice,2002,3.8487394957983194,0.11665607128571429
VN.ADM1.00021,rice_paddy,Southern Spring Rice,2002,5.298859614628392,0.10816782057142858
VN.ADM1.00025,rice_paddy,Southern Spring Rice,2002,4.87448896156991,0.14224270657142854
VN.ADM1.00026,rice_paddy,Southern Spring Rice,2002,3.9246031746031744,0.049852383571428564
VN.ADM1.00033,rice_paddy,Southern Spring Rice,2002,3.067415730337079,0.20330566571428568
VN.ADM1.00034,rice_paddy,Southern Spring Rice,2002,4.228381374722838,0.16925242571428573
VN.ADM1.00001,rice_paddy,Southern Spring Rice,2003,6.412244897959184,0.17971828392857142
VN.ADM1.00006,rice_paddy,Southern Spring Rice,2003,5.593824228028503,0.15266834657142855
VN.ADM1.00007,rice_paddy,Southern Spring Rice,2003,5.048192771084337,0.2169951814285714
VN.ADM1.00008,rice_paddy,Southern Spring Rice,2003,4.138461538461539,0.19801076714285712
VN.ADM1.00009,rice_paddy,Southern Spring Rice,2003,6.311669128508124,0.2009019334285714
VN.ADM1.00010,rice_paddy,Southern Spring Rice,2003,4.878661087866109,0.15822433142857142
VN.ADM1.00018,rice_paddy,Southern Spring Rice,2003,5.6717267552182165,0.18943823714285712
VN.ADM1.00019,rice_paddy,Southern Spring Rice,2003,3.9035087719298245,0.12737037842857143
VN.ADM1.00021,rice_paddy,Southern Spring Rice,2003,5.259189797449363,0.11078622057142858
VN.ADM1.00025,rice_paddy,Southern Spring Rice,2003,5.023993144815767,0.14515696857142854
VN.ADM1.00026,rice_paddy,Southern Spring Rice,2003,4.0497512437810945,0.050137451428571435
VN.ADM1.00033,rice_paddy,Southern Spring Rice,2003,3.1630434782608696,0.24111027857142858
VN.ADM1.00034,rice_paddy,Southern Spring Rice,2003,4.251685393258427,0.1836337285714286
VN.ADM1.00001,rice_paddy,Southern Spring Rice,2004,6.520199727644122,0.20424786114285715
VN.ADM1.00006,rice_paddy,Southern Spring Rice,2004,5.6586921850079746,0.12283085514285712
VN.ADM1.00007,rice_paddy,Southern Spring Rice,2004,5.305343511450381,0.20509780000000002
VN.ADM1.00008,rice_paddy,Southern Spring Rice,2004,4.30188679245283,0.18112650428571425
VN.ADM1.00009,rice_paddy,Southern Spring Rice,2004,6.380740740740741,0.20119238999999997
VN.ADM1.00010,rice_paddy,Southern Spring Rice,2004,4.9015748031496065,0.15973898942857143
VN.ADM1.00018,rice_paddy,Southern Spring Rice,2004,5.9444973041547735,0.18530098
VN.ADM1.00019,rice_paddy,Southern Spring Rice,2004,4.054054054054054,0.10972891
VN.ADM1.00021,rice_paddy,Southern Spring Rice,2004,5.678628389154705,0.10568854657142858
VN.ADM1.00025,rice_paddy,Southern Spring Rice,2004,5.054300608166812,0.15877158800000002
VN.ADM1.00026,rice_paddy,Southern Spring Rice,2004,5.35,0.038120118571428566
VN.ADM1.00033,rice_paddy,Southern Spring Rice,2004,3.2,0.19405734714285713
VN.ADM1.00034,rice_paddy,Southern Spring Rice,2004,4.423963133640553,0.17076125714285714
VN.ADM1.00001,rice_paddy,Southern Spring Rice,2005,6.930586654724586,0.21062196000000002
VN.ADM1.00006,rice_paddy,Southern Spring Rice,2005,5.929317269076305,0.12732307642857144
VN.ADM1.00007,rice_paddy,Southern Spring Rice,2005,3.871287128712871,0.1817943442857143
VN.ADM1.00008,rice_paddy,Southern Spring Rice,2005,4.585635359116022,0.1604269128571429
VN.ADM1.00009,rice_paddy,Southern Spring Rice,2005,6.703393999016233,0.2108315157142857
VN.ADM1.00010,rice_paddy,Southern Spring Rice,2005,4.591439688715953,0.13115858
VN.ADM1.00018,rice_paddy,Southern Spring Rice,2005,6.194091486658196,0.2001760085714286
VN.ADM1.00019,rice_paddy,Southern Spring Rice,2005,3.9893617021276597,0.1014624442857143
VN.ADM1.00021,rice_paddy,Southern Spring Rice,2005,5.994417862838915,0.10812283357142857
VN.ADM1.00025,rice_paddy,Southern Spring Rice,2005,5.3307855626326965,0.16287632428571427
VN.ADM1.00026,rice_paddy,Southern Spring Rice,2005,5.052631578947368,0.03859072357142857
VN.ADM1.00033,rice_paddy,Southern Spring Rice,2005,3.1625,0.17771539428571428
VN.ADM1.00034,rice_paddy,Southern Spring Rice,2005,4.967828418230563,0.15657492285714286
VN.ADM1.00001,rice_paddy,Southern Spring Rice,2006,6.805279099956729,0.19894872185714282
VN.ADM1.00006,rice_paddy,Southern Spring Rice,2006,5.671836734693877,0.138016608
VN.ADM1.00007,rice_paddy,Southern Spring Rice,2006,6.174825174825175,0.20997881642857144
VN.ADM1.00008,rice_paddy,Southern Spring Rice,2006,4.6048780487804875,0.19622013285714285
VN.ADM1.00009,rice_paddy,Southern Spring Rice,2006,6.53647859922179,0.20616043714285712
VN.ADM1.00010,rice_paddy,Southern Spring Rice,2006,5.267399267399267,0.17341438571428572
VN.ADM1.00018,rice_paddy,Southern Spring Rice,2006,5.985168822972547,0.19246322
VN.ADM1.00019,rice_paddy,Southern Spring Rice,2006,4.074468085106383,0.12286956357142854
VN.ADM1.00021,rice_paddy,Southern Spring Rice,2006,5.953252824308532,0.11262069542857144
VN.ADM1.00025,rice_paddy,Southern Spring Rice,2006,5.104051172707889,0.16584371285714286
VN.ADM1.00026,rice_paddy,Southern Spring Rice,2006,5.580985915492958,0.049605946571428576
VN.ADM1.00033,rice_paddy,Southern Spring Rice,2006,3.3661971830985915,0.22305182714285715
VN.ADM1.00034,rice_paddy,Southern Spring Rice,2006,4.891139240506329,0.19316968285714284
VN.ADM1.00001,rice_paddy,Southern Spring Rice,2007,7.110147441457069,0.19765506657142856
VN.ADM1.00006,rice_paddy,Southern Spring Rice,2007,5.488155668358714,0.12875169
VN.ADM1.00007,rice_paddy,Southern Spring Rice,2007,5.781362007168458,0.21454303285714285
VN.ADM1.00008,rice_paddy,Southern Spring Rice,2007,5.009756097560976,0.18513422285714287
VN.ADM1.00009,rice_paddy,Southern Spring Rice,2007,6.826295585412668,0.20385065714285713
VN.ADM1.00010,rice_paddy,Southern Spring Rice,2007,5.292857142857143,0.155379275
VN.ADM1.00018,rice_paddy,Southern Spring Rice,2007,5.605516356638871,0.18760585428571427
VN.ADM1.00019,rice_paddy,Southern Spring Rice,2007,4.194805194805195,0.11536593142857143
VN.ADM1.00021,rice_paddy,Southern Spring Rice,2007,5.927629099133057,0.10745724071428571
VN.ADM1.00025,rice_paddy,Southern Spring Rice,2007,5.210930828351836,0.17058455571428574
VN.ADM1.00026,rice_paddy,Southern Spring Rice,2007,5.218289085545723,0.04879928928571429
VN.ADM1.00033,rice_paddy,Southern Spring Rice,2007,3.4126984126984126,0.2220971128571429
VN.ADM1.00034,rice_paddy,Southern Spring Rice,2007,4.95,0.18736394428571426
VN.ADM1.00001,rice_paddy,Southern Spring Rice,2008,7.314630988347001,0.1919419877142857
VN.ADM1.00006,rice_paddy,Southern Spring Rice,2008,5.954060705496309,0.13955928
VN.ADM1.00007,rice_paddy,Southern Spring Rice,2008,5.261437908496732,0.20153277571428574
VN.ADM1.00008,rice_paddy,Southern Spring Rice,2008,5.166666666666667,0.18057979285714285
VN.ADM1.00009,rice_paddy,Southern Spring Rice,2008,6.9899038461538465,0.20298810614285714
VN.ADM1.00010,rice_paddy,Southern Spring Rice,2008,5.326460481099656,0.16721309285714286
VN.ADM1.00018,rice_paddy,Southern Spring Rice,2008,6.248796147672552,0.18733971000000002
VN.ADM1.00019,rice_paddy,Southern Spring Rice,2008,4.3,0.11456434628571428
VN.ADM1.00021,rice_paddy,Southern Spring Rice,2008,6.710584752035529,0.10917766028571428
VN.ADM1.00025,rice_paddy,Southern Spring Rice,2008,5.403333333333333,0.16147551914285715
VN.ADM1.00026,rice_paddy,Southern Spring Rice,2008,5.8175,0.05021377942857143
VN.ADM1.00033,rice_paddy,Southern Spring Rice,2008,3.7288135593220337,0.20960238428571434
VN.ADM1.00034,rice_paddy,Southern Spring Rice,2008,5.174224343675418,0.1896613857142857
VN.ADM1.00001,rice_paddy,Southern Spring Rice,2009,7.164459632635626,0.19401915857142857
VN.ADM1.00006,rice_paddy,Southern Spring Rice,2009,5.860953920776071,0.14285851714285716
VN.ADM1.00007,rice_paddy,Southern Spring Rice,2009,6.33641975308642,0.20893270142857143
VN.ADM1.00008,rice_paddy,Southern Spring Rice,2009,5.293838862559242,0.19469337571428572
VN.ADM1.00009,rice_paddy,Southern Spring Rice,2009,6.8938223938223935,0.20444230857142856
VN.ADM1.00010,rice_paddy,Southern Spring Rice,2009,5.3023255813953485,0.17128944
VN.ADM1.00018,rice_paddy,Southern Spring Rice,2009,6.228295819935691,0.19562241428571428
VN.ADM1.00019,rice_paddy,Southern Spring Rice,2009,4.3538461538461535,0.12567172485714284
VN.ADM1.00021,rice_paddy,Southern Spring Rice,2009,6.6965442764578835,0.1164258372857143
VN.ADM1.00025,rice_paddy,Southern Spring Rice,2009,5.312449799196787,0.17115536
VN.ADM1.00026,rice_paddy,Southern Spring Rice,2009,5.831753554502369,0.06419885485714286
VN.ADM1.00033,rice_paddy,Southern Spring Rice,2009,3.754385964912281,0.24333050571428574
VN.ADM1.00034,rice_paddy,Southern Spring Rice,2009,5.045871559633028,0.19701190142857145
VN.ADM1.00001,rice_paddy,Southern Spring Rice,2010,7.296754910333049,0.23423221714285716
VN.ADM1.00006,rice_paddy,Southern Spring Rice,2010,6.334651898734177,0.15651141857142856
VN.ADM1.00007,rice_paddy,Southern Spring Rice,2010,6.32448377581121,0.21065715999999998
VN.ADM1.00008,rice_paddy,Southern Spring Rice,2010,5.3584905660377355,0.18380958857142857
VN.ADM1.00009,rice_paddy,Southern Spring Rice,2010,7.090515166104959,0.22882892428571427
VN.ADM1.00010,rice_paddy,Southern Spring Rice,2010,5.419672131147541,0.1576296514285714
VN.ADM1.00018,rice_paddy,Southern Spring Rice,2010,6.550844756136436,0.22040956285714283
VN.ADM1.00019,rice_paddy,Southern Spring Rice,2010,4.393939393939394,0.11761439228571428
VN.ADM1.00021,rice_paddy,Southern Spring Rice,2010,6.664670658682635,0.12608143514285713
VN.ADM1.00025,rice_paddy,Southern Spring Rice,2010,5.721226602947033,0.18714050571428573
VN.ADM1.00026,rice_paddy,Southern Spring Rice,2010,5.641255605381166,0.06637178928571427
VN.ADM1.00033,rice_paddy,Southern Spring Rice,2010,3.857142857142857,0.2243630985714286
VN.ADM1.00034,rice_paddy,Southern Spring Rice,2010,5.106753812636166,0.18419678142857143
VN.ADM1.00001,rice_paddy,Southern Spring Rice,2011,7.510828025477707,0.20675930785714283
VN.ADM1.00006,rice_paddy,Southern Spring Rice,2011,5.70843183609141,0.14571252142857144
VN.ADM1.00007,rice_paddy,Southern Spring Rice,2011,5.949579831932773,0.18759847714285716
VN.ADM1.00008,rice_paddy,Southern Spring Rice,2011,5.377450980392157,0.18542270857142856
VN.ADM1.00009,rice_paddy,Southern Spring Rice,2011,7.162880618656356,0.21267937571428572
VN.ADM1.00010,rice_paddy,Southern Spring Rice,2011,4.516129032258065,0.15222352
VN.ADM1.00018,rice_paddy,Southern Spring Rice,2011,6.69483870967742,0.1870345614285714
VN.ADM1.00019,rice_paddy,Southern Spring Rice,2011,4.462962962962963,0.11721733371428573
VN.ADM1.00021,rice_paddy,Southern Spring Rice,2011,6.948119777158774,0.1185524
VN.ADM1.00025,rice_paddy,Southern Spring Rice,2011,5.850393700787402,0.18035883142857143
VN.ADM1.00026,rice_paddy,Southern Spring Rice,2011,6.665938864628821,0.06029599342857143
VN.ADM1.00033,rice_paddy,Southern Spring Rice,2011,4.052631578947368,0.22329753285714288
VN.ADM1.00034,rice_paddy,Southern Spring Rice,2011,5.3406113537117905,0.20525912285714284
VN.ADM1.00001,rice_paddy,Southern Spring Rice,2012,7.401865197117423,0.21941962428571424
VN.ADM1.00006,rice_paddy,Southern Spring Rice,2012,6.533606557377049,0.15808145
VN.ADM1.00007,rice_paddy,Southern Spring Rice,2012,6.288,0.21611750428571427
VN.ADM1.00008,rice_paddy,Southern Spring Rice,2012,5.567164179104478,0.20416988714285716
VN.ADM1.00009,rice_paddy,Southern Spring Rice,2012,7.224195871339414,0.22584213628571428
VN.ADM1.00010,rice_paddy,Southern Spring Rice,2012,5.498452012383901,0.17129677142857141
VN.ADM1.00018,rice_paddy,Southern Spring Rice,2012,6.909688013136289,0.20734016142857145
VN.ADM1.00019,rice_paddy,Southern Spring Rice,2012,4.796875,0.12951405642857144
VN.ADM1.00021,rice_paddy,Southern Spring Rice,2012,7.055783709787817,0.12778182442857142
VN.ADM1.00025,rice_paddy,Southern Spring Rice,2012,6.091186570011446,0.1823489181428571
VN.ADM1.00026,rice_paddy,Southern Spring Rice,2012,6.3388278388278385,0.06543676
VN.ADM1.00033,rice_paddy,Southern Spring Rice,2012,3.9384615384615387,0.26442224142857146
VN.ADM1.00034,rice_paddy,Southern Spring Rice,2012,5.376050420168068,0.21584387142857145
VN.ADM1.00001,rice_paddy,Southern Spring Rice,2013,7.347333053338933,0.234864616
VN.ADM1.00006,rice_paddy,Southern Spring Rice,2013,6.3359375,0.15733740485714284
VN.ADM1.00007,rice_paddy,Southern Spring Rice,2013,6.179347826086956,0.2235190057142857
VN.ADM1.00008,rice_paddy,Southern Spring Rice,2013,5.5879396984924625,0.1824164442857143
VN.ADM1.00009,rice_paddy,Southern Spring Rice,2013,7.073967339097022,0.22954268142857145
VN.ADM1.00010,rice_paddy,Southern Spring Rice,2013,5.185975609756097,0.15760099485714288
VN.ADM1.00018,rice_paddy,Southern Spring Rice,2013,6.914941785252264,0.21234523285714285
VN.ADM1.00019,rice_paddy,Southern Spring Rice,2013,4.770491803278689,0.12170649714285713
VN.ADM1.00021,rice_paddy,Southern Spring Rice,2013,6.907518296739854,0.12648303228571428
VN.ADM1.00025,rice_paddy,Southern Spring Rice,2013,6.351095831542759,0.20308576428571432
VN.ADM1.00026,rice_paddy,Southern Spring Rice,2013,6.596348884381339,0.06997426928571429
VN.ADM1.00033,rice_paddy,Southern Spring Rice,2013,4.049180327868853,0.2549134014285714
VN.ADM1.00034,rice_paddy,Southern Spring Rice,2013,5.475336322869955,0.20570930714285715
VN.ADM1.00001,rice_paddy,Southern Spring Rice,2014,7.735578947368421,0.21358993785714286
VN.ADM1.00006,rice_paddy,Southern Spring Rice,2014,6.8967943706020325,0.15187402214285714
VN.ADM1.00007,rice_paddy,Southern Spring Rice,2014,6.862650602409639,0.19908857714285716
VN.ADM1.00008,rice_paddy,Southern Spring Rice,2014,5.738693467336684,0.18210279999999998
VN.ADM1.00009,rice_paddy,Southern Spring Rice,2014,7.217936354869817,0.21942887000000003
VN.ADM1.00010,rice_paddy,Southern Spring Rice,2014,5.528358208955224,0.1683670757142857
VN.ADM1.00018,rice_paddy,Southern Spring Rice,2014,7.138526727509778,0.20174108
VN.ADM1.00019,rice_paddy,Southern Spring Rice,2014,4.732142857142857,0.11942875428571428
VN.ADM1.00021,rice_paddy,Southern Spring Rice,2014,7.216737495913697,0.1269969685714286
VN.ADM1.00025,rice_paddy,Southern Spring Rice,2014,6.711252653927813,0.19335960285714288
VN.ADM1.00026,rice_paddy,Southern Spring Rice,2014,7.244588744588745,0.06523646471428572
VN.ADM1.00033,rice_paddy,Southern Spring Rice,2014,3.983050847457627,0.23991146285714285
VN.ADM1.00034,rice_paddy,Southern Spring Rice,2014,5.657276995305164,0.21223715714285715
VN.ADM1.00001,rice_paddy,Southern Spring Rice,2015,7.5624476110645436,0.22672924285714285
VN.ADM1.00006,rice_paddy,Southern Spring Rice,2015,6.976905311778291,0.15732480057142856
VN.ADM1.00007,rice_paddy,Southern Spring Rice,2015,6.413366336633663,0.1996722857142857
VN.ADM1.00008,rice_paddy,Southern Spring Rice,2015,5.980582524271845,0.18428646
VN.ADM1.00009,rice_paddy,Southern Spring Rice,2015,7.043435822352367,0.2224129514285714
VN.ADM1.00010,rice_paddy,Southern Spring Rice,2015,4.991150442477876,0.16039557857142858
VN.ADM1.00018,rice_paddy,Southern Spring Rice,2015,7.176813471502591,0.2091670385714286
VN.ADM1.00019,rice_paddy,Southern Spring Rice,2015,4.816326530612245,0.11867195371428571
VN.ADM1.00021,rice_paddy,Southern Spring Rice,2015,7.238854539537911,0.12526572142857142
VN.ADM1.00025,rice_paddy,Southern Spring Rice,2015,6.710987601539119,0.20081322428571433
VN.ADM1.00026,rice_paddy,Southern Spring Rice,2015,7.278969957081545,0.06657824471428572
VN.ADM1.00033,rice_paddy,Southern Spring Rice,2015,4.017857142857143,0.25878271857142854
VN.ADM1.00034,rice_paddy,Southern Spring Rice,2015,5.745495495495495,0.20795875999999996
VN.ADM1.00001,rice_paddy,Southern Spring Rice,2016,7.187212703719181,0.2315905057142857
VN.ADM1.00006,rice_paddy,Southern Spring Rice,2016,5.14,0.15344672142857146
VN.ADM1.00007,rice_paddy,Southern Spring Rice,2016,6.098445595854923,0.20456250285714286
VN.ADM1.00008,rice_paddy,Southern Spring Rice,2016,5.971698113207547,0.19461686142857143
VN.ADM1.00009,rice_paddy,Southern Spring Rice,2016,6.8022030651340994,0.23176413428571427
VN.ADM1.00010,rice_paddy,Southern Spring Rice,2016,4.607142857142857,0.14260629942857145
VN.ADM1.00018,rice_paddy,Southern Spring Rice,2016,6.6226786719189645,0.21413095285714287
VN.ADM1.00019,rice_paddy,Southern Spring Rice,2016,4.903846153846154,0.11705321271428572
VN.ADM1.00021,rice_paddy,Southern Spring Rice,2016,6.147176079734219,0.12527252771428574
VN.ADM1.00025,rice_paddy,Southern Spring Rice,2016,6.049462365591398,0.20594624571428571
VN.ADM1.00026,rice_paddy,Southern Spring Rice,2016,6.765350877192983,0.06817646557142856
VN.ADM1.00033,rice_paddy,Southern Spring Rice,2016,3.792452830188679,0.25072899
VN.ADM1.00034,rice_paddy,Southern Spring Rice,2016,5.800925925925926,0.21129376
VN.ADM1.00001,rice_paddy,Southern Spring Rice,2017,7.029635901778154,0.135145195
VN.ADM1.00006,rice_paddy,Southern Spring Rice,2017,5.949537426408747,0.19815369500000002
VN.ADM1.00007,rice_paddy,Southern Spring Rice,2017,6.860674157303371,0.19104011999999998
VN.ADM1.00008,rice_paddy,Southern Spring Rice,2017,6.105990783410138,0.21250260999999998
VN.ADM1.00009,rice_paddy,Southern Spring Rice,2017,6.0047869794159885,0.19896384
VN.ADM1.00010,rice_paddy,Southern Spring Rice,2017,5.414330218068536,0.20481055
VN.ADM1.00018,rice_paddy,Southern Spring Rice,2017,6.550115207373272,0.1581094
VN.ADM1.00019,rice_paddy,Southern Spring Rice,2017,4.907407407407407,0.128583935
VN.ADM1.00021,rice_paddy,Southern Spring Rice,2017,6.0230923694779115,0.114709638
VN.ADM1.00025,rice_paddy,Southern Spring Rice,2017,5.593509820666097,0.15170528500000002
VN.ADM1.00026,rice_paddy,Southern Spring Rice,2017,7.084033613445378,0.080059668
VN.ADM1.00033,rice_paddy,Southern Spring Rice,2017,3.9285714285714284,0.234025375
VN.ADM1.00034,rice_paddy,Southern Spring Rice,2017,5.786995515695067,0.159348655
VN.ADM1.00001,rice_paddy,Southern Spring Rice,2018,7.35063829787234,
VN.ADM1.00006,rice_paddy,Southern Spring Rice,2018,6.668026101141925,
VN.ADM1.00007,rice_paddy,Southern Spring Rice,2018,7.3960612691466086,
VN.ADM1.00008,rice_paddy,Southern Spring Rice,2018,5.821739130434783,
VN.ADM1.00009,rice_paddy,Southern Spring Rice,2018,6.991735537190083,
VN.ADM1.00010,rice_paddy,Southern Spring Rice,2018,5.530864197530864,
VN.ADM1.00018,rice_paddy,Southern Spring Rice,2018,6.81294150890082,
VN.ADM1.00019,rice_paddy,Southern Spring Rice,2018,5.125,
VN.ADM1.00021,rice_paddy,Southern Spring Rice,2018,7.072413793103448,
VN.ADM1.00025,rice_paddy,Southern Spring Rice,2018,6.117572156196944,
VN.ADM1.00026,rice_paddy,Southern Spring Rice,2018,7.367768595041323,
VN.ADM1.00033,rice_paddy,Southern Spring Rice,2018,4.2105263157894735,
VN.ADM1.00034,rice_paddy,Southern Spring Rice,2018,5.909287257019439,
VN.ADM1.00001,rice_paddy,Southern Spring Rice,2019,7.100128369704749,
VN.ADM1.00006,rice_paddy,Southern Spring Rice,2019,6.458804523424879,
VN.ADM1.00007,rice_paddy,Southern Spring Rice,2019,7.358695652173913,
VN.ADM1.00008,rice_paddy,Southern Spring Rice,2019,6.273504273504273,
VN.ADM1.00009,rice_paddy,Southern Spring Rice,2019,6.998052580331061,
VN.ADM1.00010,rice_paddy,Southern Spring Rice,2019,5.72782874617737,
VN.ADM1.00018,rice_paddy,Southern Spring Rice,2019,6.796203238414294,
VN.ADM1.00019,rice_paddy,Southern Spring Rice,2019,5.137254901960785,
VN.ADM1.00021,rice_paddy,Southern Spring Rice,2019,6.879972327914216,
VN.ADM1.00025,rice_paddy,Southern Spring Rice,2019,6.341810344827586,
VN.ADM1.00026,rice_paddy,Southern Spring Rice,2019,6.564858490566038,
VN.ADM1.00033,rice_paddy,Southern Spring Rice,2019,4.407407407407407,
VN.ADM1.00034,rice_paddy,Southern Spring Rice,2019,5.8078512396694215,
VN.ADM1.00001,rice_paddy,Southern Spring Rice,2020,7.1717523975588495,
VN.ADM1.00006,rice_paddy,Southern Spring Rice,2020,5.089459698848539,
VN.ADM1.00007,rice_paddy,Southern Spring Rice,2020,7.261603375527426,
VN.ADM1.00008,rice_paddy,Southern Spring Rice,2020,6.311688311688312,
VN.ADM1.00009,rice_paddy,Southern Spring Rice,2020,7.2382851445663015,
VN.ADM1.00010,rice_paddy,Southern Spring Rice,2020,5.7272727272727275,
VN.ADM1.00018,rice_paddy,Southern Spring Rice,2020,6.923257865333725,
VN.ADM1.00019,rice_paddy,Southern Spring Rice,2020,5.142857142857143,
VN.ADM1.00021,rice_paddy,Southern Spring Rice,2020,7.3233264320220846,
VN.ADM1.00025,rice_paddy,Southern Spring Rice,2020,6.488116197183099,
VN.ADM1.00026,rice_paddy,Southern Spring Rice,2020,6.8528708133971294,
VN.ADM1.00033,rice_paddy,Southern Spring Rice,2020,4.235294117647059,
VN.ADM1.00034,rice_paddy,Southern Spring Rice,2020,5.759219088937093,
VN.ADM1.00001,rice_paddy,Southern Spring Rice,2021,7.690104166666667,
VN.ADM1.00006,rice_paddy,Southern Spring Rice,2021,6.696828358208955,
VN.ADM1.00007,rice_paddy,Southern Spring Rice,2021,7.30784708249497,
VN.ADM1.00008,rice_paddy,Southern Spring Rice,2021,6.493273542600897,
VN.ADM1.00009,rice_paddy,Southern Spring Rice,2021,7.31769505354411,
VN.ADM1.00010,rice_paddy,Southern Spring Rice,2021,5.876132930513595,
VN.ADM1.00018,rice_paddy,Southern Spring Rice,2021,7.186910197869102,
VN.ADM1.00019,rice_paddy,Southern Spring Rice,2021,5.276595744680851,
VN.ADM1.00021,rice_paddy,Southern Spring Rice,2021,7.616385372714487,
VN.ADM1.00025,rice_paddy,Southern Spring Rice,2021,6.651173085436033,
VN.ADM1.00026,rice_paddy,Southern Spring Rice,2021,7.216568047337278,
VN.ADM1.00033,rice_paddy,Southern Spring Rice,2021,4.3125,
VN.ADM1.00034,rice_paddy,Southern Spring Rice,2021,5.773706896551724,
VN.ADM1.00001,rice_paddy,Southern Spring Rice,2022,7.336379460400348,
VN.ADM1.00006,rice_paddy,Southern Spring Rice,2022,6.711941659070192,
VN.ADM1.00007,rice_paddy,Southern Spring Rice,2022,7.387795275590551,
VN.ADM1.00008,rice_paddy,Southern Spring Rice,2022,6.64,
VN.ADM1.00009,rice_paddy,Southern Spring Rice,2022,7.315372424722662,
VN.ADM1.00010,rice_paddy,Southern Spring Rice,2022,5.923529411764706,
VN.ADM1.00018,rice_paddy,Southern Spring Rice,2022,7.116188769414576,
VN.ADM1.00019,rice_paddy,Southern Spring Rice,2022,5.434782608695652,
VN.ADM1.00021,rice_paddy,Southern Spring Rice,2022,7.3599859105318775,
VN.ADM1.00025,rice_paddy,Southern Spring Rice,2022,6.447985834440018,
VN.ADM1.00026,rice_paddy,Southern Spring Rice,2022,6.938922155688623,
VN.ADM1.00033,rice_paddy,Southern Spring Rice,2022,4.446808510638298,
VN.ADM1.00034,rice_paddy,Southern Spring Rice,2022,5.831578947368421,
VN.ADM1.00001,rice_paddy,Southern Spring Rice,2023,7.551163812033377,
VN.ADM1.00006,rice_paddy,Southern Spring Rice,2023,6.405299313052012,
VN.ADM1.00007,rice_paddy,Southern Spring Rice,2023,7.36852207293666,
VN.ADM1.00008,rice_paddy,Southern Spring Rice,2023,6.7040358744394615,
VN.ADM1.00009,rice_paddy,Southern Spring Rice,2023,7.308622502628812,
VN.ADM1.00010,rice_paddy,Southern Spring Rice,2023,5.832844574780059,
VN.ADM1.00018,rice_paddy,Southern Spring Rice,2023,7.176615384615385,
VN.ADM1.00019,rice_paddy,Southern Spring Rice,2023,5.5625,
VN.ADM1.00021,rice_paddy,Southern Spring Rice,2023,7.685409252669039,
VN.ADM1.00025,rice_paddy,Southern Spring Rice,2023,6.778863232682061,
VN.ADM1.00026,rice_paddy,Southern Spring Rice,2023,7.062420382165605,
VN.ADM1.00033,rice_paddy,Southern Spring Rice,2023,4.543478260869565,
VN.ADM1.00034,rice_paddy,Southern Spring Rice,2023,5.9077568134171905,
